pos, 0.4065365432019581, down(s11062)
pos, 0.2266329363009711, down(s2901)
pos, 0.6344710071115935, down(s14441)
pos, 0.6344710071115935, down(s14455)
pos, 0.3959069432459089, down(s15247)
pos, 0.12779728962514944, down(s9464)
pos, 0.4065365432019581, down(s13413)
pos, 0.7307581957774671, down(s4465)
pos, 0.3829135140643965, down(s3835)
pos, 0.3369804827276785, down(s7654)
pos, 0.33722134390455527, down(s13691)
pos, 0.2905613558102825, down(s12487)
pos, 0.3971992533267116, down(s7647)
pos, 0.25992537363327534, down(s11052)
pos, 0.3293393694002875, down(s2277)
pos, 0.38608782803791836, down(s9475)
pos, 0.2886546389865107, down(s1636)
pos, 0.6384400657734588, down(s11483)
pos, 0.3959069432459089, down(s15255)
pos, 0.32698283554427826, down(s6951)
pos, 0.3499254302892637, down(s6394)
pos, 0.6680020374649714, down(s413)
pos, 0.2985128690710111, down(s3093)
pos, 0.33900103514278174, down(s2467)
pos, 0.27839938229515343, down(s3450)
pos, 0.32458853731249965, down(s2481)
pos, 0.2266329363009711, down(s11985)
pos, 0.5413363693363675, down(s15473)
pos, 0.5069046545687161, down(s12479)
pos, 0.4450211970759959, down(s13776)
pos, 0.5069046545687161, down(s13666)
pos, 0.5082544456482098, down(s9866)
pos, 0.27378709573435966, down(s12095)
pos, 0.36421147319372377, down(s296)
pos, 0.33722134390455527, down(s13685)
pos, 0.5069046545687161, down(s4852)
pos, 0.33900103514278174, down(s2464)
pos, 0.5195320030091407, down(s6007)
pos, 0.5069046545687161, down(s9887)
pos, 0.4754153850128092, down(s3302)
pos, 0.47312019372944325, down(s1693)
pos, 0.5807230780345249, down(s14113)
pos, 0.36405840457476957, down(s16532)
pos, 0.20727089156470807, down(s13352)
pos, 0.3971992533267116, down(s13400)
pos, 0.2548103536830109, down(s13876)
pos, 0.32458853731249965, down(s2476)
pos, 0.5343862789207646, down(s13363)
pos, 0.24353730429404075, down(s9928)
pos, 0.4065365432019581, down(s13412)
pos, 0.5082544456482098, down(s3227)
pos, 0.6389121001173089, down(s8979)
pos, 0.21893502613596189, down(s3836)
pos, 0.5082544456482098, down(s3228)
pos, 0.35922704434635694, down(s1768)
pos, 0.3293393694002875, down(s2274)
pos, 0.36421147319372377, down(s313)
pos, 0.2886546389865107, down(s1632)
pos, 0.5082544456482098, down(s15189)
pos, 0.6384400657734588, down(s11484)
pos, 0.44138955120613665, down(s4763)
pos, 0.5290338444033028, down(s11371)
pos, 0.4450211970759959, down(s13772)
pos, 0.63524566546579, down(s8148)
pos, 0.4399514904633988, down(s3772)
pos, 0.47312019372944325, down(s1705)
pos, 0.33233711229269847, down(s1812)
pos, 0.6389121001173089, down(s17019)
pos, 0.48827452088529033, down(s8486)
pos, 0.4754153850128092, down(s3304)
pos, 0.3499254302892637, down(s356)
pos, 0.6658998364670239, down(s16541)
pos, 0.4182985449689223, down(s10191)
pos, 0.22995072433437017, down(s2489)
pos, 0.26680698053004176, down(s13466)
pos, 0.4065365432019581, down(s11057)
pos, 0.4733525390005506, down(s8166)
pos, 0.5290338444033028, down(s3945)
pos, 0.6816571910555992, down(s15467)
pos, 0.39219932491539117, down(s5392)
pos, 0.5082544456482098, down(s3216)
pos, 0.5622884579975658, down(s14168)
pos, 0.36405840457476957, down(s2994)
pos, 0.32458853731249965, down(s2478)
pos, 0.11160096778285382, down(s12968)
pos, 0.39606506283897736, down(s11107)
pos, 0.5082544456482098, down(s3428)
pos, 0.63524566546579, down(s8140)
pos, 0.5082544456482098, down(s3282)
pos, 0.47312019372944325, down(s8454)
pos, 0.3499254302892637, down(s14227)
pos, 0.695674768349491, down(s1488)
pos, 0.37309882405276146, down(s15003)
pos, 0.6520548259398592, down(s12747)
pos, 0.6606673293598472, down(s5470)
pos, 0.695674768349491, down(s1492)
pos, 0.27378709573435966, down(s12068)
pos, 0.4724102889910966, down(s14493)
pos, 0.6291961883922963, down(s6105)
pos, 0.3499254302892637, down(s14230)
pos, 0.4480661080919648, down(s5229)
pos, 0.2266329363009711, down(s10811)
pos, 0.5052984666669026, down(s1397)
pos, 0.43283610472615897, down(s3543)
pos, 0.6384400657734588, down(s16599)
pos, 0.5244039662080018, down(s3786)
pos, 0.3971992533267116, down(s7646)
pos, 0.5244039662080018, down(s4746)
pos, 0.2886546389865107, down(s1635)
pos, 0.44996002123675255, down(s12616)
pos, 0.7067019721228845, down(s6849)
pos, 0.6658998364670239, down(s221)
pos, 0.6658998364670239, down(s8965)
pos, 0.47312019372944325, down(s1713)
pos, 0.3499254302892637, down(s343)
pos, 0.25030815673158463, down(s3815)
pos, 0.7707929166594918, down(s855)
pos, 0.3499254302892637, down(s6406)
pos, 0.2759697411759485, down(s1763)
pos, 0.37309882405276146, down(s15006)
pos, 0.6606673293598472, down(s5463)
pos, 0.5069046545687161, down(s9878)
pos, 0.63524566546579, down(s8144)
pos, 0.5336962986272147, down(s9974)
pos, 0.2362302761053246, down(s6236)
pos, 0.39606506283897736, down(s11104)
pos, 0.31971998245330263, down(s12119)
pos, 0.39606506283897736, down(s7851)
pos, 0.564593435746422, down(s11427)
pos, 0.5492374096771754, down(s11468)
pos, 0.43001918215650814, down(s13358)
pos, 0.36988521623188836, down(s16747)
pos, 0.6344710071115935, down(s6802)
pos, 0.5413363693363675, down(s411)
pos, 0.36421147319372377, down(s320)
pos, 0.4597561771161626, down(s6560)
pos, 0.5739563182271582, down(s1410)
pos, 0.3971992533267116, down(s7651)
pos, 0.3096844867958261, down(s6595)
pos, 0.5187067019906118, down(s11159)
pos, 0.4869252499373969, down(s4904)
pos, 0.43283610472615897, down(s3546)
pos, 0.4132441935006612, down(s8155)
pos, 0.3909127329735201, down(s13553)
pos, 0.4645524129694033, down(s14159)
pos, 0.2759697411759485, down(s2328)
pos, 0.6472072356498147, down(s16286)
pos, 0.6816571910555992, down(s15486)
pos, 0.33722134390455527, down(s13694)
pos, 0.16364796801439968, down(s1508)
pos, 0.5739563182271582, down(s1407)
pos, 0.3959069432459089, down(s9919)
pos, 0.2266329363009711, down(s13348)
pos, 0.3971992533267116, down(s7648)
pos, 0.41542148797649786, down(s2264)
pos, 0.4199480590873857, down(s6566)
pos, 0.2266329363009711, down(s2911)
pos, 0.2266329363009711, down(s10807)
pos, 0.7307581957774671, down(s4443)
pos, 0.39219932491539117, down(s5395)
pos, 0.36405840457476957, down(s3002)
pos, 0.33900103514278174, down(s2434)
pos, 0.7307581957774671, down(s4447)
pos, 0.37309882405276146, down(s15004)
pos, 0.6680020374649714, down(s425)
pos, 0.17855622699388635, down(s1835)
pos, 0.3909127329735201, down(s12397)
pos, 0.6106463086299708, down(s11511)
pos, 0.6606673293598472, down(s5466)
pos, 0.0987163258251038, down(s5599)
pos, 0.2926060473426232, down(s5329)
pos, 0.22213628131404192, down(s8527)
pos, 0.4480661080919648, down(s5225)
pos, 0.5492374096771754, down(s11465)
pos, 0.3911853462424373, down(s17010)
pos, 0.3909127329735201, down(s13547)
pos, 0.38608782803791836, down(s5998)
pos, 0.2013701485779345, down(s2279)
pos, 0.6658998364670239, down(s16540)
pos, 0.47312019372944325, down(s8464)
pos, 0.6854411322891758, down(s6116)
pos, 0.19214409415408382, down(s17063)
pos, 0.32698283554427826, down(s6954)
pos, 0.33785563877999397, down(s16240)
pos, 0.38608782803791836, down(s9468)
pos, 0.4065365432019581, down(s7659)
pos, 0.4485937614286711, down(s7901)
pos, 0.38608782803791836, down(s5997)
pos, 0.33785563877999397, down(s16241)
pos, 0.36405840457476957, down(s2339)
pos, 0.2506417155254992, down(s342)
pos, 0.32458853731249965, down(s2474)
pos, 0.41542148797649786, down(s2267)
pos, 0.6291961883922963, down(s6094)
pos, 0.19214409415408382, down(s17064)
pos, 0.4602299812091918, down(s8115)
pos, 0.35778936102359077, down(s8489)
pos, 0.5069046545687161, down(s9888)
pos, 0.6291961883922963, down(s6110)
pos, 0.356882393066908, down(s3573)
pos, 0.4485937614286711, down(s7899)
pos, 0.6816571910555992, down(s15480)
pos, 0.47312019372944325, down(s8451)
pos, 0.490932019444607, down(s8163)
pos, 0.47312019372944325, down(s1700)
pos, 0.6520548259398592, down(s12758)
pos, 0.2905613558102825, down(s12489)
pos, 0.39606506283897736, down(s7853)
pos, 0.2266329363009711, down(s10804)
pos, 0.6606673293598472, down(s5469)
pos, 0.3909127329735201, down(s13559)
pos, 0.25030815673158463, down(s3816)
pos, 0.6291961883922963, down(s6112)
pos, 0.37793860145377284, down(s8992)
pos, 0.6495412644920043, down(s5166)
pos, 0.4065365432019581, down(s11060)
pos, 0.3499254302892637, down(s14223)
pos, 0.3959069432459089, down(s3473)
pos, 0.14066516007060076, down(s856)
pos, 0.6495412644920043, down(s8119)
pos, 0.4405176197577891, down(s669)
pos, 0.4597561771161626, down(s6561)
pos, 0.35922704434635694, down(s8931)
pos, 0.5739563182271582, down(s10881)
pos, 0.39219932491539117, down(s5402)
pos, 0.2985128690710111, down(s3088)
pos, 0.36405840457476957, down(s16529)
pos, 0.6854411322891758, down(s6078)
pos, 0.489442631119158, down(s6307)
pos, 0.4405176197577891, down(s724)
pos, 0.5082544456482098, down(s3220)
pos, 0.5082544456482098, down(s3230)
pos, 0.4182985449689223, down(s10196)
pos, 0.5052328010223397, down(s13869)
pos, 0.63524566546579, down(s8143)
pos, 0.3357749626313947, down(s13653)
pos, 0.3369804827276785, down(s4833)
pos, 0.5264209903429636, down(s3918)
pos, 0.4532483953337454, down(s8424)
pos, 0.7307581957774671, down(s5000)
pos, 0.7067019721228845, down(s14496)
pos, 0.47312019372944325, down(s1718)
pos, 0.5244039662080018, down(s3771)
pos, 0.1205513824815779, down(s14949)
pos, 0.6106463086299708, down(s11487)
pos, 0.2641711495227646, down(s16545)
pos, 0.6472072356498147, down(s4480)
pos, 0.3249776452455623, down(s6702)
pos, 0.6816571910555992, down(s12570)
pos, 0.23433722009087368, down(s2989)
pos, 0.3959069432459089, down(s9914)
pos, 0.5244039662080018, down(s4745)
pos, 0.7067019721228845, down(s14494)
pos, 0.5082544456482098, down(s3223)
pos, 0.33722134390455527, down(s13693)
pos, 0.4485937614286711, down(s7896)
pos, 0.41542148797649786, down(s2254)
pos, 0.36405840457476957, down(s2996)
pos, 0.553579859955118, down(s16284)
pos, 0.4382278895093195, down(s6949)
pos, 0.14471721459518871, down(s2135)
pos, 0.2266329363009711, down(s2898)
pos, 0.6495412644920043, down(s13853)
pos, 0.38194184729617886, down(s6707)
pos, 0.2266329363009711, down(s16230)
pos, 0.5884339468327726, down(s1829)
pos, 0.37793860145377284, down(s6852)
pos, 0.49170841218035577, down(s9547)
pos, 0.39219932491539117, down(s5390)
pos, 0.6680020374649714, down(s414)
pos, 0.49575233018164017, down(s16592)
pos, 0.36421147319372377, down(s324)
pos, 0.5739563182271582, down(s1415)
pos, 0.49170841218035577, down(s9558)
pos, 0.6606673293598472, down(s5459)
pos, 0.5412227753569032, down(s639)
pos, 0.7067019721228845, down(s14495)
pos, 0.5082544456482098, down(s3284)
pos, 0.6389121001173089, down(s8978)
pos, 0.6606673293598472, down(s5456)
pos, 0.47312019372944325, down(s6343)
pos, 0.4405176197577891, down(s673)
pos, 0.35922704434635694, down(s1775)
pos, 0.5336962986272147, down(s10031)
pos, 0.7307581957774671, down(s4456)
pos, 0.3959069432459089, down(s3481)
pos, 0.2266329363009711, down(s7579)
pos, 0.2266329363009711, down(s10803)
pos, 0.5336962986272147, down(s10028)
pos, 0.7067019721228845, down(s6822)
pos, 0.581751828826923, down(s4478)
pos, 0.5413363693363675, down(s15472)
pos, 0.6658998364670239, down(s220)
pos, 0.5682290216784853, down(s4975)
pos, 0.47312019372944325, down(s1724)
pos, 0.6389121001173089, down(s17023)
pos, 0.14471721459518871, down(s2136)
pos, 0.2602094665092282, down(s11069)
pos, 0.7307581957774671, down(s4441)
pos, 0.12779728962514944, down(s9465)
pos, 0.6680020374649714, down(s420)
pos, 0.5511714214188083, down(s10036)
pos, 0.7307581957774671, down(s4432)
pos, 0.5082544456482098, down(s3224)
pos, 0.4450211970759959, down(s5158)
pos, 0.2263744068252735, down(s16281)
pos, 0.7307581957774671, down(s4430)
pos, 0.6389121001173089, down(s17025)
pos, 0.31971998245330263, down(s12122)
pos, 0.3959069432459089, down(s3480)
pos, 0.5336962986272147, down(s10026)
pos, 0.5431953066787033, down(s11502)
pos, 0.4399514904633988, down(s3778)
pos, 0.4597561771161626, down(s6551)
pos, 0.12779728962514944, down(s5992)
pos, 0.6389121001173089, down(s17016)
pos, 0.21715483796633447, down(s12623)
pos, 0.36405840457476957, down(s16531)
pos, 0.7067019721228845, down(s8984)
pos, 0.41286502075754355, down(s15261)
pos, 0.5336962986272147, down(s10018)
pos, 0.35922704434635694, down(s1772)
pos, 0.47312019372944325, down(s8462)
pos, 0.48827452088529033, down(s8482)
pos, 0.33900103514278174, down(s2435)
pos, 0.2266329363009711, down(s11982)
pos, 0.3499254302892637, down(s6397)
pos, 0.7067019721228845, down(s6831)
pos, 0.4576447725467574, down(s14260)
pos, 0.541171927727598, down(s1971)
pos, 0.36988521623188836, down(s16752)
pos, 0.4499299601538564, down(s3412)
pos, 0.3911853462424373, down(s17009)
pos, 0.4132441935006612, down(s8157)
pos, 0.33998074838464465, down(s13684)
pos, 0.2266329363009711, down(s1284)
pos, 0.2548103536830109, down(s13880)
pos, 0.3909127329735201, down(s8923)
pos, 0.1871764023944912, down(s13397)
pos, 0.2266329363009711, down(s136)
pos, 0.22213628131404192, down(s8525)
pos, 0.7307581957774671, down(s4462)
pos, 0.271103038069608, down(s9576)
pos, 0.43283610472615897, down(s3551)
pos, 0.2181958447900452, down(s203)
pos, 0.6106463086299708, down(s4499)
pos, 0.6520548259398592, down(s14422)
pos, 0.43283610472615897, down(s3555)
pos, 0.25030815673158463, down(s3817)
pos, 0.25000262275955154, down(s4427)
pos, 0.3909127329735201, down(s8925)
pos, 0.7067019721228845, down(s6826)
pos, 0.2266329363009711, down(s1282)
pos, 0.35922704434635694, down(s8928)
pos, 0.422970032808123, down(s10060)
pos, 0.553579859955118, down(s16282)
pos, 0.4597561771161626, down(s6562)
pos, 0.5739563182271582, down(s1413)
pos, 0.6658998364670239, down(s8968)
pos, 0.6291961883922963, down(s6086)
pos, 0.6291961883922963, down(s6084)
pos, 0.1214860241918095, down(s4502)
pos, 0.5082544456482098, down(s3297)
pos, 0.2266329363009711, down(s1275)
pos, 0.25298031325520665, down(s12474)
pos, 0.2266329363009711, down(s11989)
pos, 0.595967691673658, down(s16958)
pos, 0.4733525390005506, down(s8164)
pos, 0.14373486587357326, down(s11975)
pos, 0.33900103514278174, down(s2431)
pos, 0.5082544456482098, down(s3206)
pos, 0.7067019721228845, down(s6846)
pos, 0.5069046545687161, down(s9890)
pos, 0.6658998364670239, down(s1384)
pos, 0.7067019721228845, down(s6825)
pos, 0.5082544456482098, down(s3277)
pos, 0.3829135140643965, down(s3830)
pos, 0.5195320030091407, down(s6006)
pos, 0.695674768349491, down(s1498)
pos, 0.49170841218035577, down(s9548)
pos, 0.4717741921622759, down(s12486)
pos, 0.2266329363009711, down(s12003)
pos, 0.6680020374649714, down(s422)
pos, 0.422970032808123, down(s10063)
pos, 0.47312019372944325, down(s1706)
pos, 0.22903591665694611, down(s13697)
pos, 0.5069046545687161, down(s4858)
pos, 0.10970747425368524, down(s16651)
pos, 0.4553385346767015, down(s4733)
pos, 0.4480661080919648, down(s5200)
pos, 0.5352690691882928, down(s11368)
pos, 0.4645524129694033, down(s14162)
pos, 0.6291961883922963, down(s6082)
pos, 0.4065365432019581, down(s11064)
pos, 0.47312019372944325, down(s8455)
pos, 0.4566902175633034, down(s689)
pos, 0.49170841218035577, down(s9555)
pos, 0.4597561771161626, down(s6550)
pos, 0.4405176197577891, down(s683)
pos, 0.38608782803791836, down(s9476)
pos, 0.39219932491539117, down(s5398)
pos, 0.4065365432019581, down(s13414)
pos, 0.3499254302892637, down(s350)
pos, 0.7067019721228845, down(s14499)
pos, 0.6472072356498147, down(s16290)
pos, 0.3293393694002875, down(s2272)
pos, 0.4532483953337454, down(s6364)
pos, 0.2266329363009711, down(s1268)
pos, 0.44996002123675255, down(s12611)
pos, 0.7307581957774671, down(s4448)
pos, 0.37095158943675455, down(s7847)
pos, 0.6291961883922963, down(s6092)
pos, 0.3388584226591677, down(s3470)
pos, 0.6472072356498147, down(s4483)
pos, 0.5082544456482098, down(s3298)
pos, 0.5336962986272147, down(s10030)
pos, 0.2985128690710111, down(s3090)
pos, 0.3829135140643965, down(s3826)
pos, 0.7067019721228845, down(s6848)
pos, 0.7307581957774671, down(s4449)
pos, 0.7307581957774671, down(s4464)
pos, 0.4405176197577891, down(s717)
pos, 0.6106463086299708, down(s4497)
pos, 0.2266329363009711, down(s1267)
pos, 0.5739563182271582, down(s1414)
pos, 0.5069046545687161, down(s4849)
pos, 0.6495412644920043, down(s5161)
pos, 0.3971992533267116, down(s13402)
pos, 0.35922704434635694, down(s1778)
pos, 0.35922704434635694, down(s8927)
pos, 0.553579859955118, down(s16283)
pos, 0.6106463086299708, down(s11494)
pos, 0.38608782803791836, down(s6001)
pos, 0.3096844867958261, down(s6593)
pos, 0.2759697411759485, down(s2329)
pos, 0.4480661080919648, down(s5217)
pos, 0.5739563182271582, down(s1402)
pos, 0.38194184729617886, down(s6709)
pos, 0.3600474119675929, down(s12609)
pos, 0.6816571910555992, down(s3944)
pos, 0.3543886808198128, down(s6574)
pos, 0.5187067019906118, down(s11162)
pos, 0.36933801272342925, down(s13465)
pos, 0.4553385346767015, down(s4739)
pos, 0.422970032808123, down(s10061)
pos, 0.43001918215650814, down(s7580)
pos, 0.4553385346767015, down(s4734)
pos, 0.4480661080919648, down(s5207)
pos, 0.6106463086299708, down(s11492)
pos, 0.5069046545687161, down(s13672)
pos, 0.47312019372944325, down(s1709)
pos, 0.2506417155254992, down(s337)
pos, 0.5244039662080018, down(s3788)
pos, 0.3802630202133896, down(s11236)
pos, 0.39483214307453635, down(s10068)
pos, 0.2266329363009711, down(s132)
pos, 0.3829135140643965, down(s3832)
pos, 0.3909127329735201, down(s8909)
pos, 0.3077611025795369, down(s3566)
pos, 0.36254975055433414, down(s5154)
pos, 0.5187067019906118, down(s11161)
pos, 0.35090199089763074, down(s8785)
pos, 0.2498852673463556, down(s14998)
pos, 0.36933801272342925, down(s13875)
pos, 0.5682290216784853, down(s14486)
pos, 0.6658998364670239, down(s222)
pos, 0.5082544456482098, down(s3439)
pos, 0.3959069432459089, down(s15257)
pos, 0.6658998364670239, down(s8971)
pos, 0.6680020374649714, down(s424)
pos, 0.5682290216784853, down(s6811)
pos, 0.3499254302892637, down(s347)
pos, 0.12779728962514944, down(s9463)
pos, 0.38608782803791836, down(s9477)
pos, 0.2266329363009711, down(s2912)
pos, 0.5431953066787033, down(s11500)
pos, 0.3499254302892637, down(s352)
pos, 0.6658998364670239, down(s8951)
pos, 0.5082544456482098, down(s3225)
pos, 0.6239537986246659, down(s11481)
pos, 0.5953195603866805, down(s6883)
pos, 0.43001918215650814, down(s7587)
pos, 0.271103038069608, down(s9599)
pos, 0.5336962986272147, down(s9980)
pos, 0.39219932491539117, down(s5405)
pos, 0.6658998364670239, down(s8969)
pos, 0.47312019372944325, down(s1702)
pos, 0.4869252499373969, down(s7839)
pos, 0.6854411322891758, down(s6117)
pos, 0.6106463086299708, down(s11509)
pos, 0.4405176197577891, down(s713)
pos, 0.7067019721228845, down(s6847)
pos, 0.36933801272342925, down(s13463)
pos, 0.25000262275955154, down(s4423)
pos, 0.5069046545687161, down(s4864)
pos, 0.6658998364670239, down(s217)
pos, 0.7307581957774671, down(s4455)
pos, 0.3986560372561825, down(s14058)
pos, 0.10853463619486614, down(s14502)
pos, 0.5069046545687161, down(s9880)
pos, 0.7307581957774671, down(s4467)
pos, 0.6389121001173089, down(s12561)
pos, 0.2201848012778942, down(s13394)
pos, 0.36424425528736404, down(s4623)
pos, 0.7067019721228845, down(s6844)
pos, 0.7067019721228845, down(s6823)
pos, 0.6816571910555992, down(s12571)
pos, 0.23050035150500264, down(s4373)
pos, 0.4405176197577891, down(s708)
pos, 0.36421147319372377, down(s312)
pos, 0.6291961883922963, down(s6079)
pos, 0.1871764023944912, down(s13399)
pos, 0.3829135140643965, down(s3833)
pos, 0.16846606885194407, down(s14944)
pos, 0.6344710071115935, down(s14453)
pos, 0.6816571910555992, down(s15490)
pos, 0.47312019372944325, down(s1752)
pos, 0.4576447725467574, down(s14264)
neg, 0.3909127329735201, down(s12826)
neg, 0.06393743067323542, down(s4130)
neg, 0.1582985040109233, down(s13943)
neg, 0.2201848012778942, down(s13367)
neg, 0.4480661080919648, down(s5195)
neg, 0.41542148797649786, down(s4150)
neg, 0.07023472349997617, down(s9100)
neg, 0.36405840457476957, down(s16485)
neg, 0.29187744706273633, down(s5688)
neg, 0.2266329363009711, down(s16168)
neg, 0.13928663580086365, down(s1334)
neg, 0.38608782803791836, down(s9512)
neg, 0.23050035150500264, down(s4350)
neg, 0.16846606885194407, down(s1144)
neg, 0.2915874724179635, down(s3598)
neg, 0.13928663580086365, down(s1300)
neg, 0.10638616530867191, down(s9814)
neg, 0.3289288218199052, down(s10365)
neg, 0.3389554332121701, down(s377)
neg, 0.3602095351415598, down(s6918)
neg, 0.13733391530371192, down(s9305)
neg, 0.2201848012778942, down(s13379)
neg, 0.38443135276540036, down(s2045)
neg, 0.16781710470363087, down(s9934)
neg, 0.4532483953337454, down(s7922)
neg, 0.06393154642659542, down(s981)
neg, 0.2946444938180355, down(s12382)
neg, 0.4013280622180965, down(s5187)
neg, 0.08234716825929404, down(s11588)
neg, 0.25298031325520665, down(s12472)
neg, 0.3629945998315628, down(s3372)
neg, 0.5264209903429636, down(s16040)
neg, 0.2905613558102825, down(s7359)
neg, 0.14373486587357326, down(s11880)
neg, 0.3239190271385661, down(s600)
neg, 0.20565692012510292, down(s1525)
neg, 0.07163595742473707, down(s2633)
neg, 0.06189654754382306, down(s14615)
neg, 0.20433409020693183, down(s171)
neg, 0.06393154642659542, down(s15928)
neg, 0.36405840457476957, down(s255)
neg, 0.33233711229269847, down(s3108)
neg, 0.5264209903429636, down(s1118)
neg, 0.12779728962514944, down(s9406)
neg, 0.20845094523706012, down(s12206)
neg, 0.10437258554572004, down(s6173)
neg, 0.45734536476958654, down(s3913)
neg, 0.33722134390455527, down(s1929)
neg, 0.17534474510437756, down(s3972)
neg, 0.36405840457476957, down(s16524)
neg, 0.16408494913348773, down(s9771)
neg, 0.319748567328282, down(s15714)
neg, 0.09422465095921478, down(s5654)
neg, 0.4065365432019581, down(s7767)
neg, 0.2266329363009711, down(s16182)
neg, 0.23080024072130667, down(s11245)
neg, 0.44996002123675255, down(s8247)
neg, 0.18373808047724224, down(s4799)
neg, 0.12203124989020052, down(s10645)
neg, 0.06393154642659542, down(s1008)
neg, 0.14194024594994925, down(s7230)
neg, 0.2266329363009711, down(s150)
neg, 0.2266329363009711, down(s2887)
neg, 0.3565494312853294, down(s4909)
neg, 0.10794951478191267, down(s8592)
neg, 0.2985128690710111, down(s1588)
neg, 0.12779728962514944, down(s9436)
neg, 0.2088014000089385, down(s16910)
neg, 0.12196967092056007, down(s14281)
neg, 0.27378709573435966, down(s12062)
neg, 0.10822509198052901, down(s6871)
neg, 0.35491119668193866, down(s12372)
neg, 0.3683188617411942, down(s1546)
neg, 0.0621453521393781, down(s10529)
neg, 0.12463753930514658, down(s3627)
neg, 0.12571925588028798, down(s16100)
neg, 0.3104315541756389, down(s13487)
neg, 0.21617638550326332, down(s16673)
neg, 0.14359256009521018, down(s14504)
neg, 0.33233711229269847, down(s1803)
neg, 0.342577719302611, down(s16771)
neg, 0.2013701485779345, down(s371)
neg, 0.2266329363009711, down(s14924)
neg, 0.4532483953337454, down(s6375)
neg, 0.07175043481641964, down(s16372)
neg, 0.12779728962514944, down(s5985)
neg, 0.2266329363009711, down(s13284)
neg, 0.1979041742674775, down(s758)
neg, 0.2266329363009711, down(s13226)
neg, 0.15713391037695326, down(s6073)
neg, 0.45771178323065115, down(s1436)
neg, 0.35090199089763074, down(s8765)
neg, 0.4645524129694033, down(s16898)
neg, 0.23379587143568434, down(s1649)
neg, 0.24320960845954337, down(s6664)
neg, 0.13928663580086365, down(s1357)
neg, 0.13928663580086365, down(s10855)
neg, 0.3106495970565357, down(s10331)
neg, 0.1546918580922032, down(s5795)
neg, 0.5953195603866805, down(s4701)
neg, 0.24425668385509466, down(s7638)
neg, 0.2905613558102825, down(s7394)
neg, 0.20081376401918594, down(s906)
neg, 0.15866854697318522, down(s14748)
neg, 0.42821840325063304, down(s10147)
neg, 0.18630278694074942, down(s15382)
neg, 0.09684615329598359, down(s794)
neg, 0.07174388663905978, down(s17114)
neg, 0.2266329363009711, down(s2806)
neg, 0.2985128690710111, down(s1584)
neg, 0.0621453521393781, down(s10521)
neg, 0.4480661080919648, down(s2677)
neg, 0.12571925588028798, down(s15912)
neg, 0.1214860241918095, down(s4516)
neg, 0.1546918580922032, down(s5825)
neg, 0.3986560372561825, down(s14041)
neg, 0.0621453521393781, down(s10553)
neg, 0.36405840457476957, down(s16426)
neg, 0.3565494312853294, down(s4920)
neg, 0.05800092625854585, down(s5758)
neg, 0.2548103536830109, down(s8516)
neg, 0.2266329363009711, down(s89)
neg, 0.16313577357858794, down(s823)
neg, 0.058852161001250236, down(s13122)
neg, 0.3909127329735201, down(s12838)
neg, 0.36405840457476957, down(s16481)
neg, 0.1546918580922032, down(s5841)
neg, 0.10679321600247103, down(s3613)
neg, 0.10863492413531343, down(s9637)
neg, 0.23050035150500264, down(s4339)
neg, 0.47312019372944325, down(s1732)
neg, 0.12848883624894658, down(s2586)
neg, 0.1940777868659714, down(s15692)
neg, 0.13928663580086365, down(s10841)
neg, 0.28115365581357793, down(s6284)
neg, 0.09544804584507546, down(s15890)
neg, 0.32758103411767386, down(s16785)
neg, 0.27378709573435966, down(s12070)
neg, 0.33376545755550147, down(s14246)
neg, 0.13520636006537684, down(s11799)
neg, 0.38608782803791836, down(s9513)
neg, 0.3374825502722591, down(s14523)
neg, 0.10638616530867191, down(s14209)
neg, 0.2266329363009711, down(s1172)
neg, 0.20850151656866503, down(s10348)
neg, 0.22333368829399183, down(s10371)
neg, 0.4937431106726407, down(s1440)
neg, 0.3374825502722591, down(s14522)
neg, 0.36405840457476957, down(s16417)
neg, 0.4480661080919648, down(s2749)
neg, 0.21652935690933378, down(s5094)
neg, 0.3909127329735201, down(s14022)
neg, 0.07015776253239578, down(s14650)
neg, 0.22903591665694611, down(s3018)
neg, 0.09731920893688398, down(s15873)
neg, 0.3182854236900312, down(s3274)
neg, 0.08712767004641708, down(s10204)
neg, 0.05800092625854585, down(s5740)
neg, 0.13520636006537684, down(s11816)
neg, 0.2597435692043695, down(s8648)
neg, 0.5492374096771754, down(s11441)
neg, 0.14373486587357326, down(s11947)
neg, 0.14843395855164512, down(s2616)
neg, 0.05800092625854585, down(s5761)
neg, 0.2905613558102825, down(s5286)
neg, 0.2768883321708275, down(s3707)
neg, 0.13928663580086365, down(s1348)
neg, 0.32758103411767386, down(s4629)
neg, 0.23080024072130667, down(s11266)
neg, 0.11589300640634483, down(s12926)
neg, 0.07175043481641964, down(s16323)
neg, 0.08234716825929404, down(s11582)
neg, 0.4597561771161626, down(s6540)
neg, 0.1205513824815779, down(s14973)
neg, 0.1546918580922032, down(s5824)
neg, 0.06393743067323542, down(s11714)
neg, 0.3182854236900312, down(s3262)
neg, 0.07175043481641964, down(s16391)
neg, 0.2266329363009711, down(s4301)
neg, 0.695674768349491, down(s1483)
neg, 0.4787702463264807, down(s17049)
neg, 0.4869252499373969, down(s4883)
neg, 0.3369804827276785, down(s3397)
neg, 0.21807430217405202, down(s8545)
neg, 0.2585428604893805, down(s8715)
neg, 0.15457213493432928, down(s4564)
neg, 0.06393743067323542, down(s11723)
neg, 0.4645524129694033, down(s16888)
neg, 0.12867933626453287, down(s5630)
neg, 0.4450211970759959, down(s14363)
neg, 0.10970747425368524, down(s16654)
neg, 0.2266329363009711, down(s14926)
neg, 0.2768883321708275, down(s3698)
neg, 0.42211774362534954, down(s9872)
neg, 0.20271338283067786, down(s5248)
neg, 0.49692329161913584, down(s10141)
neg, 0.30076565629292484, down(s15851)
neg, 0.2850999479542913, down(s16800)
neg, 0.1125325659529518, down(s7434)
neg, 0.2266329363009711, down(s16157)
neg, 0.14373486587357326, down(s11962)
neg, 0.36421147319372377, down(s291)
neg, 0.2266329363009711, down(s14881)
neg, 0.41542148797649786, down(s4154)
neg, 0.1546918580922032, down(s5827)
neg, 0.1940777868659714, down(s15688)
neg, 0.33233711229269847, down(s3127)
neg, 0.07174388663905978, down(s17152)
neg, 0.32877169707467957, down(s10996)
neg, 0.14917705867839967, down(s7024)
neg, 0.2266329363009711, down(s100)
neg, 0.10638616530867191, down(s14211)
neg, 0.1880644973612541, down(s399)
neg, 0.6816571910555992, down(s15440)
neg, 0.3182854236900312, down(s3248)
neg, 0.4869252499373969, down(s5368)
neg, 0.2266329363009711, down(s2875)
neg, 0.13928663580086365, down(s10842)
neg, 0.08882732738259375, down(s11842)
neg, 0.06393154642659542, down(s982)
neg, 0.08712767004641708, down(s10284)
neg, 0.4532483953337454, down(s9745)
neg, 0.36405840457476957, down(s3007)
neg, 0.06393154642659542, down(s15932)
neg, 0.24021022865464914, down(s1921)
neg, 0.2905613558102825, down(s7420)
neg, 0.3371873206393223, down(s13190)
neg, 0.6494916586388547, down(s8226)
neg, 0.08632660785764155, down(s11551)
neg, 0.06218927276252337, down(s14642)
neg, 0.26680698053004176, down(s7706)
neg, 0.09684615329598359, down(s4536)
neg, 0.5069046545687161, down(s8845)
neg, 0.05778925764568756, down(s9209)
neg, 0.2768883321708275, down(s3696)
neg, 0.12203124989020052, down(s10592)
neg, 0.10794951478191267, down(s8564)
neg, 0.0987163258251038, down(s5605)
neg, 0.33233711229269847, down(s6222)
neg, 0.09873053788277822, down(s7192)
neg, 0.12203124989020052, down(s10579)
neg, 0.12779728962514944, down(s9441)
neg, 0.25000262275955154, down(s4393)
neg, 0.12203124989020052, down(s10629)
neg, 0.6164478300535303, down(s4689)
neg, 0.2548103536830109, down(s16715)
neg, 0.12463753930514658, down(s3622)
neg, 0.2779709101349947, down(s11089)
neg, 0.5682290216784853, down(s4981)
neg, 0.3371873206393223, down(s13156)
neg, 0.3063109205059142, down(s9688)
neg, 0.319748567328282, down(s15715)
neg, 0.3959069432459089, down(s8028)
neg, 0.15866854697318522, down(s14765)
neg, 0.35491119668193866, down(s7141)
neg, 0.06393154642659542, down(s1013)
neg, 0.22493959724861767, down(s11025)
neg, 0.3829135140643965, down(s6272)
neg, 0.12779728962514944, down(s9421)
neg, 0.3104315541756389, down(s13480)
neg, 0.36405840457476957, down(s17190)
neg, 0.2266329363009711, down(s48)
neg, 0.39606506283897736, down(s3722)
neg, 0.2885767848535846, down(s6328)
neg, 0.0733581803500498, down(s9159)
neg, 0.4553385346767015, down(s4716)
neg, 0.3182854236900312, down(s3180)
neg, 0.3371873206393223, down(s13147)
neg, 0.3565494312853294, down(s4911)
neg, 0.5187067019906118, down(s11146)
neg, 0.3959069432459089, down(s2412)
neg, 0.35491119668193866, down(s12316)
neg, 0.09684615329598359, down(s6146)
neg, 0.2266329363009711, down(s12029)
neg, 0.09873053788277822, down(s2514)
neg, 0.35922704434635694, down(s6386)
neg, 0.5187067019906118, down(s11141)
neg, 0.3629945998315628, down(s3370)
neg, 0.33233711229269847, down(s10263)
neg, 0.22995072433437017, down(s8012)
neg, 0.4532483953337454, down(s16400)
neg, 0.2905613558102825, down(s11300)
neg, 0.5069046545687161, down(s8860)
neg, 0.4480661080919648, down(s5192)
neg, 0.13520636006537684, down(s11791)
neg, 0.3602095351415598, down(s6907)
neg, 0.12571925588028798, down(s1136)
neg, 0.6472072356498147, down(s5504)
neg, 0.2266329363009711, down(s4271)
neg, 0.05800092625854585, down(s5708)
neg, 0.3389554332121701, down(s12544)
neg, 0.3683188617411942, down(s2309)
neg, 0.21652935690933378, down(s5096)
neg, 0.22903591665694611, down(s3056)
neg, 0.4532483953337454, down(s7923)
neg, 0.07962069702045152, down(s10446)
neg, 0.2735290884437746, down(s12258)
neg, 0.2614943838238879, down(s13618)
neg, 0.13520636006537684, down(s11749)
neg, 0.42211774362534954, down(s8842)
neg, 0.33644331934224564, down(s9964)
neg, 0.09873053788277822, down(s14198)
neg, 0.09873053788277822, down(s2516)
neg, 0.6389121001173089, down(s17042)
neg, 0.07700307351702079, down(s9055)
neg, 0.17534474510437756, down(s11375)
neg, 0.36111436900492117, down(s15106)
neg, 0.10437258554572004, down(s10241)
neg, 0.2013701485779345, down(s6437)
neg, 0.24248337314406063, down(s5086)
neg, 0.12203124989020052, down(s10636)
neg, 0.2266329363009711, down(s16210)
neg, 0.5187067019906118, down(s11148)
neg, 0.17979645957758594, down(s8627)
neg, 0.06393743067323542, down(s11696)
neg, 0.13948931606163528, down(s9028)
neg, 0.11589300640634483, down(s15808)
neg, 0.24425359210586775, down(s518)
neg, 0.14373486587357326, down(s11879)
neg, 0.2885767848535846, down(s1687)
neg, 0.36424425528736404, down(s3376)
neg, 0.18373808047724224, down(s4786)
neg, 0.22333368829399183, down(s7046)
neg, 0.1205513824815779, down(s14955)
neg, 0.058852161001250236, down(s13102)
neg, 0.39447848994368845, down(s15173)
neg, 0.35491119668193866, down(s16846)
neg, 0.5082544456482098, down(s14388)
neg, 0.06393743067323542, down(s11705)
neg, 0.36569911158784446, down(s2058)
neg, 0.20605155910542122, down(s9823)
neg, 0.09873053788277822, down(s7191)
neg, 0.058852161001250236, down(s13099)
neg, 0.2766179697470702, down(s6480)
neg, 0.14373486587357326, down(s14835)
neg, 0.3371873206393223, down(s13173)
neg, 0.32758103411767386, down(s7109)
neg, 0.07174388663905978, down(s17151)
neg, 0.31068848527678705, down(s11180)
neg, 0.14373486587357326, down(s14825)
neg, 0.36405840457476957, down(s2345)
neg, 0.36405840457476957, down(s16457)
neg, 0.4869252499373969, down(s5364)
neg, 0.41286502075754355, down(s14148)
neg, 0.2239994791999128, down(s3715)
neg, 0.0810841314071738, down(s10433)
neg, 0.35090199089763074, down(s8778)
neg, 0.2597435692043695, down(s8650)
neg, 0.3369804827276785, down(s4837)
neg, 0.2548103536830109, down(s13883)
neg, 0.08234716825929404, down(s14556)
neg, 0.13928663580086365, down(s1313)
neg, 0.44996002123675255, down(s8271)
neg, 0.20839041904512032, down(s12998)
neg, 0.12463753930514658, down(s3624)
neg, 0.2548103536830109, down(s4582)
neg, 0.13643215546070284, down(s15323)
neg, 0.12203124989020052, down(s10641)
neg, 0.3931892580171672, down(s6756)
neg, 0.519744668949508, down(s15547)
neg, 0.3683188617411942, down(s6462)
neg, 0.12779728962514944, down(s9458)
neg, 0.12571925588028798, down(s16092)
neg, 0.4480661080919648, down(s2757)
neg, 0.4645524129694033, down(s16872)
neg, 0.1896395106109139, down(s10176)
neg, 0.06393154642659542, down(s15960)
neg, 0.058852161001250236, down(s13089)
neg, 0.2547672687291304, down(s16818)
neg, 0.09397741696901547, down(s1859)
neg, 0.08883468450585433, down(s15343)
neg, 0.13520636006537684, down(s11798)
neg, 0.0803695941277005, down(s9090)
neg, 0.06393154642659542, down(s15910)
neg, 0.12779728962514944, down(s5931)
neg, 0.4480661080919648, down(s2729)
neg, 0.19079614502993372, down(s10970)
neg, 0.47116865116372414, down(s10369)
neg, 0.2266329363009711, down(s14897)
neg, 0.42045813127702103, down(s15620)
neg, 0.5682290216784853, down(s14432)
neg, 0.5264209903429636, down(s16058)
neg, 0.2886546389865107, down(s2173)
neg, 0.0621453521393781, down(s10524)
neg, 0.33900103514278174, down(s2450)
neg, 0.2915874724179635, down(s3596)
neg, 0.058852161001250236, down(s13107)
neg, 0.2266329363009711, down(s4295)
neg, 0.07175043481641964, down(s16365)
neg, 0.1854541498066363, down(s507)
neg, 0.3683188617411942, down(s1547)
neg, 0.14373486587357326, down(s14826)
neg, 0.36111436900492117, down(s11039)
neg, 0.7446296963326646, down(s15095)
neg, 0.4645524129694033, down(s16896)
neg, 0.1156517191737231, down(s6866)
neg, 0.09873053788277822, down(s14200)
neg, 0.3182854236900312, down(s3179)
neg, 0.4485937614286711, down(s7888)
neg, 0.3629945998315628, down(s13641)
neg, 0.5187067019906118, down(s11128)
neg, 0.2362302761053246, down(s6224)
neg, 0.2013701485779345, down(s576)
neg, 0.20433409020693183, down(s170)
neg, 0.13733391530371192, down(s9312)
neg, 0.10794951478191267, down(s8570)
neg, 0.12779728962514944, down(s5897)
neg, 0.183484476394179, down(s6673)
neg, 0.32458853731249965, down(s2188)
neg, 0.5264209903429636, down(s1091)
neg, 0.25000262275955154, down(s4396)
neg, 0.4065365432019581, down(s16310)
neg, 0.2576203096251588, down(s15639)
neg, 0.2266329363009711, down(s7470)
neg, 0.13928663580086365, down(s10869)
neg, 0.14373486587357326, down(s11927)
neg, 0.24648751603195332, down(s1568)
neg, 0.08632660785764155, down(s9127)
neg, 0.32877169707467957, down(s12735)
neg, 0.19946263691392205, down(s12495)
neg, 0.058852161001250236, down(s13071)
neg, 0.6472072356498147, down(s5507)
neg, 0.2266329363009711, down(s2850)
neg, 0.17273383202482467, down(s15081)
neg, 0.2768883321708275, down(s3703)
neg, 0.24648751603195332, down(s1563)
neg, 0.14359256009521018, down(s14505)
neg, 0.5069046545687161, down(s8850)
neg, 0.2072266617623893, down(s6684)
neg, 0.09873053788277822, down(s9807)
neg, 0.2266329363009711, down(s12021)
neg, 0.38608782803791836, down(s9531)
neg, 0.2266329363009711, down(s4266)
neg, 0.3549631507327912, down(s4573)
neg, 0.10679321600247103, down(s8596)
neg, 0.4869252499373969, down(s8404)
neg, 0.23080024072130667, down(s12423)
neg, 0.058852161001250236, down(s13064)
neg, 0.26680698053004176, down(s13428)
neg, 0.27839938229515343, down(s12280)
neg, 0.18630278694074942, down(s6639)
neg, 0.2547672687291304, down(s16827)
neg, 0.2266329363009711, down(s16132)
neg, 0.47312019372944325, down(s6336)
neg, 0.06931737150497673, down(s15329)
neg, 0.36933801272342925, down(s10978)
neg, 0.5082544456482098, down(s3198)
neg, 0.09873053788277822, down(s14191)
neg, 0.25298031325520665, down(s12460)
neg, 0.31712478597636995, down(s8796)
neg, 0.36933801272342925, down(s10976)
neg, 0.1546918580922032, down(s5840)
neg, 0.36569911158784446, down(s2056)
neg, 0.38608782803791836, down(s9503)
neg, 0.2986709292400484, down(s499)
neg, 0.48827452088529033, down(s15139)
neg, 0.22120453566080375, down(s12672)
neg, 0.26806451074677323, down(s3325)
neg, 0.6606673293598472, down(s5487)
neg, 0.36111436900492117, down(s15102)
neg, 0.13070979384691558, down(s14634)
neg, 0.13210434730259418, down(s11403)
neg, 0.47312019372944325, down(s8441)
neg, 0.4645524129694033, down(s14154)
neg, 0.0708281008074993, down(s14804)
neg, 0.2886546389865107, down(s551)
neg, 0.12190107701819616, down(s467)
neg, 0.18770383694911025, down(s5315)
neg, 0.3629945998315628, down(s13624)
neg, 0.0621453521393781, down(s10575)
neg, 0.47312019372944325, down(s6338)
neg, 0.5069046545687161, down(s6749)
neg, 0.13733391530371192, down(s9267)
neg, 0.15713391037695326, down(s6053)
neg, 0.2266329363009711, down(s28)
neg, 0.26680698053004176, down(s7726)
neg, 0.06529419996303223, down(s941)
neg, 0.2013701485779345, down(s1622)
neg, 0.2560565726057378, down(s11562)
neg, 0.10861998361410359, down(s14514)
neg, 0.36405840457476957, down(s16456)
neg, 0.12779728962514944, down(s5933)
neg, 0.3683188617411942, down(s2304)
neg, 0.21163165214081997, down(s6650)
neg, 0.45734536476958654, down(s3914)
neg, 0.07945296458108346, down(s7278)
neg, 0.3973575495522458, down(s11100)
neg, 0.1478535340671922, down(s12880)
neg, 0.3371873206393223, down(s13127)
neg, 0.3812788606867929, down(s3736)
neg, 0.3371873206393223, down(s13197)
neg, 0.36236658237314573, down(s6974)
neg, 0.2266329363009711, down(s13256)
neg, 0.18770383694911025, down(s5312)
neg, 0.3369804827276785, down(s15112)
neg, 0.13520636006537684, down(s11790)
neg, 0.3959069432459089, down(s3503)
neg, 0.21561461043085606, down(s15403)
neg, 0.33100219445474993, down(s13712)
neg, 0.3985379779324897, down(s13834)
neg, 0.2266329363009711, down(s2809)
neg, 0.21823236654987127, down(s10156)
neg, 0.36405840457476957, down(s17182)
neg, 0.3629945998315628, down(s13601)
neg, 0.12203124989020052, down(s10660)
neg, 0.06770140516251967, down(s9191)
neg, 0.40523427634807063, down(s6925)
neg, 0.12779728962514944, down(s9417)
neg, 0.4480661080919648, down(s2724)
neg, 0.06393154642659542, down(s986)
neg, 0.19290595399151747, down(s2155)
neg, 0.24353730429404075, down(s9939)
neg, 0.2266329363009711, down(s13264)
neg, 0.0621453521393781, down(s10545)
neg, 0.2548103536830109, down(s15044)
neg, 0.49170841218035577, down(s9559)
neg, 0.32877169707467957, down(s12742)
neg, 0.18770383694911025, down(s4005)
neg, 0.2266329363009711, down(s124)
neg, 0.06393154642659542, down(s1006)
neg, 0.23080024072130667, down(s11240)
neg, 0.2586545002242346, down(s15654)
neg, 0.0679467614969937, down(s5697)
neg, 0.38608782803791836, down(s9509)
neg, 0.36405840457476957, down(s3009)
neg, 0.36405840457476957, down(s278)
neg, 0.3602095351415598, down(s6921)
neg, 0.2266329363009711, down(s1224)
neg, 0.13733391530371192, down(s9299)
neg, 0.5069046545687161, down(s8858)
neg, 0.47312019372944325, down(s8444)
neg, 0.17738569745687677, down(s13759)
neg, 0.2266329363009711, down(s2777)
neg, 0.07175043481641964, down(s16324)
neg, 0.289196993880511, down(s12677)
neg, 0.4874860546214511, down(s1501)
neg, 0.5682290216784853, down(s4992)
neg, 0.10638616530867191, down(s12350)
neg, 0.2266329363009711, down(s13314)
neg, 0.5082544456482098, down(s4846)
neg, 0.12463753930514658, down(s3621)
neg, 0.33900103514278174, down(s2452)
neg, 0.36405840457476957, down(s17193)
neg, 0.07962069702045152, down(s10447)
neg, 0.2266329363009711, down(s20)
neg, 0.10437258554572004, down(s10238)
neg, 0.16472534224795887, down(s14321)
neg, 0.3182854236900312, down(s3249)
neg, 0.07163595742473707, down(s7305)
neg, 0.29509431909380973, down(s16932)
neg, 0.18373808047724224, down(s4779)
neg, 0.07174388663905978, down(s17143)
neg, 0.2266329363009711, down(s7499)
neg, 0.3104315541756389, down(s7785)
neg, 0.5264209903429636, down(s1122)
neg, 0.10638616530867191, down(s2562)
neg, 0.15645363452526148, down(s15667)
neg, 0.5264209903429636, down(s1117)
neg, 0.06393743067323542, down(s4094)
neg, 0.3369804827276785, down(s6782)
neg, 0.63524566546579, down(s8201)
neg, 0.2588878761319511, down(s7874)
neg, 0.12779728962514944, down(s10706)
neg, 0.27378709573435966, down(s12038)
neg, 0.12779728962514944, down(s9366)
neg, 0.4869252499373969, down(s5366)
neg, 0.06770140516251967, down(s10483)
neg, 0.10679321600247103, down(s15591)
neg, 0.4065365432019581, down(s7747)
neg, 0.36405840457476957, down(s16444)
neg, 0.36405840457476957, down(s2351)
neg, 0.2885767848535846, down(s1678)
neg, 0.4078013002851057, down(s12852)
neg, 0.5412227753569032, down(s643)
neg, 0.5352690691882928, down(s11353)
neg, 0.06393154642659542, down(s1011)
neg, 0.36808099938351013, down(s7073)
neg, 0.2266329363009711, down(s2790)
neg, 0.36937025308948107, down(s14133)
neg, 0.19445341278891626, down(s12796)
neg, 0.32458853731249965, down(s2240)
neg, 0.4532483953337454, down(s16401)
neg, 0.10437258554572004, down(s4559)
neg, 0.0621453521393781, down(s10570)
neg, 0.3829135140643965, down(s6259)
neg, 0.13928663580086365, down(s1312)
neg, 0.1925246422614943, down(s14296)
neg, 0.36988521623188836, down(s16757)
neg, 0.4480661080919648, down(s2754)
neg, 0.1125325659529518, down(s7290)
neg, 0.5187067019906118, down(s11145)
neg, 0.3909127329735201, down(s12831)
neg, 0.15306512068226968, down(s5581)
neg, 0.1205513824815779, down(s2950)
neg, 0.42211774362534954, down(s8892)
neg, 0.13733391530371192, down(s9259)
neg, 0.31960318977828045, down(s16866)
neg, 0.06393154642659542, down(s993)
neg, 0.2266329363009711, down(s13332)
neg, 0.29187744706273633, down(s5689)
neg, 0.07163595742473707, down(s2673)
neg, 0.2946444938180355, down(s12809)
neg, 0.1546918580922032, down(s5847)
neg, 0.36405840457476957, down(s16495)
neg, 0.2731105210721528, down(s2504)
neg, 0.15866854697318522, down(s14791)
neg, 0.05778925764568756, down(s9233)
neg, 0.07015776253239578, down(s14799)
neg, 0.09873053788277822, down(s7220)
neg, 0.09684615329598359, down(s795)
neg, 0.2266329363009711, down(s16146)
neg, 0.2711382731598268, down(s12273)
neg, 0.09873053788277822, down(s2520)
neg, 0.2181958447900452, down(s190)
neg, 0.08712767004641708, down(s1846)
neg, 0.41850304931018667, down(s5358)
neg, 0.15866854697318522, down(s14744)
neg, 0.3959069432459089, down(s11169)
neg, 0.06393743067323542, down(s11737)
neg, 0.37567905540539187, down(s8709)
neg, 0.12463753930514658, down(s3633)
neg, 0.33998074838464465, down(s9706)
neg, 0.35993633297364486, down(s8824)
neg, 0.11598765986821202, down(s2142)
neg, 0.0987163258251038, down(s11541)
neg, 0.3389554332121701, down(s393)
neg, 0.4869252499373969, down(s5369)
neg, 0.36933801272342925, down(s10977)
neg, 0.3909127329735201, down(s12843)
neg, 0.15866854697318522, down(s14759)
neg, 0.3543886808198128, down(s6576)
neg, 0.12779728962514944, down(s9378)
neg, 0.06608017877108156, down(s10454)
neg, 0.3104315541756389, down(s7773)
neg, 0.10863492413531343, down(s9638)
neg, 0.12779728962514944, down(s9431)
neg, 0.1546918580922032, down(s5807)
neg, 0.3959069432459089, down(s3496)
neg, 0.26680698053004176, down(s13449)
neg, 0.06931737150497673, down(s15340)
neg, 0.38608782803791836, down(s9521)
neg, 0.26806451074677323, down(s3327)
neg, 0.2985128690710111, down(s1586)
neg, 0.2548103536830109, down(s15039)
neg, 0.2850999479542913, down(s16811)
neg, 0.29047319807374583, down(s3587)
neg, 0.08712767004641708, down(s1838)
neg, 0.271103038069608, down(s9584)
neg, 0.35491119668193866, down(s12370)
neg, 0.06887624624219411, down(s14626)
neg, 0.3959069432459089, down(s8071)
neg, 0.33219914904173675, down(s6495)
neg, 0.09684615329598359, down(s6131)
neg, 0.3835321461859842, down(s8672)
neg, 0.2266329363009711, down(s7546)
neg, 0.2641711495227646, down(s16547)
neg, 0.2905613558102825, down(s7424)
neg, 0.3388584226591677, down(s3454)
neg, 0.13928663580086365, down(s1341)
neg, 0.12203124989020052, down(s10612)
neg, 0.33233711229269847, down(s3120)
neg, 0.2266329363009711, down(s7515)
neg, 0.10437258554572004, down(s5573)
neg, 0.2266329363009711, down(s7485)
neg, 0.15713391037695326, down(s6033)
neg, 0.2266329363009711, down(s16124)
neg, 0.23050035150500264, down(s4355)
neg, 0.29743797961870927, down(s8342)
neg, 0.40523427634807063, down(s8353)
neg, 0.06393743067323542, down(s11717)
neg, 0.2266329363009711, down(s14870)
neg, 0.26680698053004176, down(s7689)
neg, 0.3049368092234029, down(s12288)
neg, 0.18774892796436712, down(s10440)
neg, 0.3537276206319227, down(s16739)
neg, 0.17116295476584384, down(s11326)
neg, 0.23050035150500264, down(s4338)
neg, 0.36933801272342925, down(s13474)
neg, 0.15128043024586785, down(s9666)
neg, 0.3565494312853294, down(s4921)
neg, 0.14373486587357326, down(s14842)
neg, 0.3388584226591677, down(s11224)
neg, 0.15713391037695326, down(s6044)
neg, 0.07163595742473707, down(s7330)
neg, 0.3388584226591677, down(s15230)
neg, 0.5352690691882928, down(s11354)
neg, 0.2266329363009711, down(s151)
neg, 0.20845094523706012, down(s12199)
neg, 0.13640655822023495, down(s898)
neg, 0.16479922692253576, down(s5320)
neg, 0.2548103536830109, down(s16717)
neg, 0.06393743067323542, down(s4101)
neg, 0.565043757937236, down(s15734)
neg, 0.14373486587357326, down(s11951)
neg, 0.13473788450111557, down(s14987)
neg, 0.2013701485779345, down(s373)
neg, 0.3049368092234029, down(s12290)
neg, 0.0987163258251038, down(s5603)
neg, 0.36405840457476957, down(s7939)
neg, 0.33233711229269847, down(s1799)
neg, 0.4532483953337454, down(s6372)
neg, 0.36424425528736404, down(s5447)
neg, 0.33722134390455527, down(s3869)
neg, 0.06393743067323542, down(s11695)
neg, 0.08632660785764155, down(s11598)
neg, 0.0621453521393781, down(s10531)
neg, 0.15149239037940376, down(s3796)
neg, 0.2266329363009711, down(s15)
neg, 0.21652935690933378, down(s5101)
neg, 0.36405840457476957, down(s17198)
neg, 0.1925246422614943, down(s14299)
neg, 0.2886546389865107, down(s566)
neg, 0.10302649814749827, down(s14993)
neg, 0.13928663580086365, down(s1304)
neg, 0.2266329363009711, down(s14927)
neg, 0.2588736343264787, down(s6607)
neg, 0.36424425528736404, down(s12242)
neg, 0.2124618960083187, down(s16865)
neg, 0.2170397501753889, down(s12706)
neg, 0.06189654754382306, down(s14621)
neg, 0.36424425528736404, down(s5436)
neg, 0.6472072356498147, down(s5500)
neg, 0.09397741696901547, down(s1856)
neg, 0.3239190271385661, down(s602)
neg, 0.33233711229269847, down(s3098)
neg, 0.4480661080919648, down(s2718)
neg, 0.2266329363009711, down(s122)
neg, 0.18927566137516005, down(s2495)
neg, 0.2266329363009711, down(s1206)
neg, 0.2731105210721528, down(s2507)
neg, 0.32877169707467957, down(s12229)
neg, 0.36236658237314573, down(s6963)
neg, 0.3389554332121701, down(s380)
neg, 0.07174388663905978, down(s17153)
neg, 0.09873053788277822, down(s12777)
neg, 0.09684615329598359, down(s791)
neg, 0.44858093748714734, down(s13820)
neg, 0.2266329363009711, down(s13260)
neg, 0.2535812170810543, down(s10317)
neg, 0.2266329363009711, down(s80)
neg, 0.33233711229269847, down(s1798)
neg, 0.3293393694002875, down(s9682)
neg, 0.14186885355242074, down(s438)
neg, 0.058852161001250236, down(s13119)
neg, 0.0870565959746642, down(s9098)
neg, 0.23406043756089914, down(s1914)
neg, 0.31108916943778064, down(s8745)
neg, 0.4937431106726407, down(s1448)
neg, 0.14373486587357326, down(s11931)
neg, 0.07163595742473707, down(s2650)
neg, 0.04740319869781264, down(s10382)
neg, 0.11172931361973602, down(s15776)
neg, 0.10437258554572004, down(s4561)
neg, 0.07163595742473707, down(s2626)
neg, 0.47116865116372414, down(s10367)
neg, 0.2583530441207101, down(s8937)
neg, 0.1347190957927735, down(s2084)
neg, 0.0621453521393781, down(s10512)
neg, 0.41542148797649786, down(s4175)
neg, 0.07163595742473707, down(s10437)
neg, 0.3629945998315628, down(s15632)
neg, 0.2266329363009711, down(s102)
neg, 0.36405840457476957, down(s16434)
neg, 0.04740319869781264, down(s10388)
neg, 0.10794951478191267, down(s8585)
neg, 0.06393743067323542, down(s4099)
neg, 0.21823236654987127, down(s10173)
neg, 0.3537276206319227, down(s6898)
neg, 0.25000262275955154, down(s4415)
neg, 0.3909127329735201, down(s5377)
neg, 0.3182854236900312, down(s9847)
neg, 0.3293393694002875, down(s285)
neg, 0.3629945998315628, down(s13625)
neg, 0.1582985040109233, down(s10248)
neg, 0.08632660785764155, down(s11553)
neg, 0.3909127329735201, down(s15413)
neg, 0.40523427634807063, down(s6932)
neg, 0.2960044608403595, down(s5239)
neg, 0.36405840457476957, down(s2363)
neg, 0.2641711495227646, down(s16556)
neg, 0.3829135140643965, down(s3152)
neg, 0.5264209903429636, down(s16067)
neg, 0.6472072356498147, down(s16677)
neg, 0.06218927276252337, down(s14677)
neg, 0.12196967092056007, down(s14282)
neg, 0.3371873206393223, down(s13163)
neg, 0.1546918580922032, down(s5813)
neg, 0.2266329363009711, down(s16173)
neg, 0.2266329363009711, down(s13247)
neg, 0.27378709573435966, down(s12059)
neg, 0.08756094069377197, down(s15886)
neg, 0.06393154642659542, down(s15956)
neg, 0.26340793439915283, down(s486)
neg, 0.08712767004641708, down(s10288)
neg, 0.36937025308948107, down(s14131)
neg, 0.39447848994368845, down(s14397)
neg, 0.37878010303597454, down(s12865)
neg, 0.33233711229269847, down(s10259)
neg, 0.3909127329735201, down(s4933)
neg, 0.3602095351415598, down(s16742)
neg, 0.26680698053004176, down(s13418)
neg, 0.3909127329735201, down(s8905)
neg, 0.23050035150500264, down(s4354)
neg, 0.0621453521393781, down(s10526)
neg, 0.28115365581357793, down(s6277)
neg, 0.36424425528736404, down(s4615)
neg, 0.2266329363009711, down(s1208)
neg, 0.41542148797649786, down(s9757)
neg, 0.3293393694002875, down(s9679)
neg, 0.24425668385509466, down(s7639)
neg, 0.63524566546579, down(s8199)
neg, 0.07174388663905978, down(s17116)
neg, 0.36405840457476957, down(s7954)
neg, 0.36405840457476957, down(s2377)
neg, 0.36405840457476957, down(s2378)
neg, 0.33998074838464465, down(s9720)
neg, 0.14194024594994925, down(s11414)
neg, 0.20433409020693183, down(s175)
neg, 0.2862632241245628, down(s15298)
neg, 0.5264209903429636, down(s1105)
neg, 0.2266329363009711, down(s51)
neg, 0.2266329363009711, down(s2857)
neg, 0.2266329363009711, down(s32)
neg, 0.36405840457476957, down(s16498)
neg, 0.23080024072130667, down(s12428)
neg, 0.25000262275955154, down(s4394)
neg, 0.3986560372561825, down(s14053)
neg, 0.16313577357858794, down(s808)
neg, 0.36405840457476957, down(s2389)
neg, 0.06393154642659542, down(s963)
neg, 0.2588878761319511, down(s7868)
neg, 0.3959069432459089, down(s16983)
neg, 0.25298031325520665, down(s12462)
neg, 0.2537862715953748, down(s10251)
neg, 0.12203124989020052, down(s10646)
neg, 0.2266329363009711, down(s103)
neg, 0.16781710470363087, down(s11284)
neg, 0.2266329363009711, down(s7489)
neg, 0.26144438013386845, down(s9767)
neg, 0.08712767004641708, down(s10287)
neg, 0.05778925764568756, down(s9210)
neg, 0.2266329363009711, down(s4267)
neg, 0.2266329363009711, down(s7541)
neg, 0.2985128690710111, down(s3096)
neg, 0.12190107701819616, down(s462)
neg, 0.18630278694074942, down(s6638)
neg, 0.5264209903429636, down(s1087)
neg, 0.6606673293598472, down(s5488)
neg, 0.0766417233155694, down(s14561)
neg, 0.36405840457476957, down(s2346)
neg, 0.2885767848535846, down(s1686)
neg, 0.3104315541756389, down(s7781)
neg, 0.13928663580086365, down(s10860)
neg, 0.08327113263390623, down(s15061)
neg, 0.22251387853801016, down(s12216)
neg, 0.06189654754382306, down(s14620)
neg, 0.15866854697318522, down(s14767)
neg, 0.2266329363009711, down(s7461)
neg, 0.0987163258251038, down(s5661)
neg, 0.1478535340671922, down(s12878)
neg, 0.05800092625854585, down(s5741)
neg, 0.2588878761319511, down(s7873)
neg, 0.09684615329598359, down(s4540)
neg, 0.2266329363009711, down(s1171)
neg, 0.4717741921622759, down(s5342)
neg, 0.06189654754382306, down(s15862)
neg, 0.35986937333639696, down(s8375)
neg, 0.2548103536830109, down(s16726)
neg, 0.2201848012778942, down(s7614)
neg, 0.2266329363009711, down(s4270)
neg, 0.13520636006537684, down(s11795)
neg, 0.4166462430265295, down(s3163)
neg, 0.14880616341223846, down(s9112)
neg, 0.2585428604893805, down(s8726)
neg, 0.14373486587357326, down(s11876)
neg, 0.39847752511049445, down(s3138)
neg, 0.13928663580086365, down(s10847)
neg, 0.12571925588028798, down(s1139)
neg, 0.1589234657808854, down(s1863)
neg, 0.25992537363327534, down(s4663)
neg, 0.12779728962514944, down(s9388)
neg, 0.29743797961870927, down(s8337)
neg, 0.2266329363009711, down(s1192)
neg, 0.14373486587357326, down(s14813)
neg, 0.06393743067323542, down(s4124)
neg, 0.1940777868659714, down(s15690)
neg, 0.07163595742473707, down(s7303)
neg, 0.2266329363009711, down(s13341)
neg, 0.058852161001250236, down(s13073)
neg, 0.6816571910555992, down(s659)
neg, 0.08327113263390623, down(s15060)
neg, 0.09873053788277822, down(s7207)
neg, 0.14373486587357326, down(s14809)
neg, 0.15713391037695326, down(s6069)
neg, 0.2266329363009711, down(s2811)
neg, 0.10679321600247103, down(s3614)
neg, 0.48827452088529033, down(s15155)
neg, 0.2547672687291304, down(s13645)
neg, 0.3182854236900312, down(s9861)
neg, 0.2266329363009711, down(s9)
neg, 0.28620192447919396, down(s12743)
neg, 0.12463753930514658, down(s8599)
neg, 0.22903591665694611, down(s3070)
neg, 0.12190107701819616, down(s481)
neg, 0.2266329363009711, down(s13249)
neg, 0.25000262275955154, down(s4402)
neg, 0.20839041904512032, down(s12988)
neg, 0.6494916586388547, down(s8225)
neg, 0.33722134390455527, down(s1925)
neg, 0.39447848994368845, down(s15177)
neg, 0.20433409020693183, down(s183)
neg, 0.10794951478191267, down(s8580)
neg, 0.2266329363009711, down(s13329)
neg, 0.15713391037695326, down(s6037)
neg, 0.5082544456482098, down(s14389)
neg, 0.5082544456482098, down(s4843)
neg, 0.5088635263961304, down(s3753)
neg, 0.15442815166644067, down(s15752)
neg, 0.1205513824815779, down(s2957)
neg, 0.12779728962514944, down(s5881)
neg, 0.241492778103141, down(s15405)
neg, 0.2266329363009711, down(s2872)
neg, 0.06189654754382306, down(s2580)
neg, 0.17481674644644993, down(s831)
neg, 0.06393743067323542, down(s11680)
neg, 0.41052708807916277, down(s17084)
neg, 0.36421147319372377, down(s289)
neg, 0.1951322731022291, down(s3810)
neg, 0.2322294861082496, down(s12874)
neg, 0.32458853731249965, down(s2242)
neg, 0.1951322731022291, down(s2023)
neg, 0.07163595742473707, down(s7299)
neg, 0.10638616530867191, down(s12786)
neg, 0.2547672687291304, down(s16833)
neg, 0.3973575495522458, down(s11097)
neg, 0.19079614502993372, down(s10971)
neg, 0.3802630202133896, down(s11230)
neg, 0.23080024072130667, down(s9950)
neg, 0.2759697411759485, down(s2316)
neg, 0.2266329363009711, down(s7451)
neg, 0.25747805609253754, down(s5050)
neg, 0.3106495970565357, down(s10334)
neg, 0.3825536598807559, down(s13519)
neg, 0.35993633297364486, down(s8822)
neg, 0.12779728962514944, down(s10718)
neg, 0.15713391037695326, down(s6029)
neg, 0.1951322731022291, down(s2003)
neg, 0.5336962986272147, down(s10012)
neg, 0.14373486587357326, down(s14821)
neg, 0.12203124989020052, down(s10653)
neg, 0.12779728962514944, down(s9416)
neg, 0.15866854697318522, down(s14739)
neg, 0.5264209903429636, down(s1058)
neg, 0.3959069432459089, down(s11174)
neg, 0.06984263749734283, down(s15872)
neg, 0.06393154642659542, down(s15962)
neg, 0.36111436900492117, down(s15104)
neg, 0.5336962986272147, down(s9983)
neg, 0.10863492413531343, down(s9639)
neg, 0.07163595742473707, down(s2621)
neg, 0.2266329363009711, down(s10771)
neg, 0.058852161001250236, down(s13106)
neg, 0.5336962986272147, down(s9997)
neg, 0.15713391037695326, down(s6060)
neg, 0.07174388663905978, down(s17166)
neg, 0.14382750114531212, down(s3998)
neg, 0.1125325659529518, down(s7289)
neg, 0.12779728962514944, down(s9379)
neg, 0.25579395240837344, down(s6787)
neg, 0.4401364585106174, down(s16989)
neg, 0.23514543677754546, down(s13718)
neg, 0.2905613558102825, down(s7400)
neg, 0.36405840457476957, down(s7960)
neg, 0.25000262275955154, down(s4406)
neg, 0.2024484269887372, down(s16583)
neg, 0.1589234657808854, down(s6183)
neg, 0.42211774362534954, down(s8896)
neg, 0.11598765986821202, down(s11417)
neg, 0.17273383202482467, down(s7035)
neg, 0.10863492413531343, down(s9636)
neg, 0.41286502075754355, down(s14151)
neg, 0.2766179697470702, down(s6481)
neg, 0.07341888920480935, down(s9063)
neg, 0.4645524129694033, down(s14157)
neg, 0.3959069432459089, down(s11171)
neg, 0.07175043481641964, down(s16392)
neg, 0.3388584226591677, down(s15234)
neg, 0.1505295805197094, down(s2099)
neg, 0.28259079519856367, down(s6617)
neg, 0.15866854697318522, down(s14783)
neg, 0.20433409020693183, down(s179)
neg, 0.5682290216784853, down(s6797)
neg, 0.2266329363009711, down(s10777)
neg, 0.26340793439915283, down(s488)
neg, 0.35986937333639696, down(s8360)
neg, 0.41542148797649786, down(s4198)
neg, 0.07693964705420517, down(s9122)
neg, 0.2266329363009711, down(s64)
neg, 0.06393743067323542, down(s11720)
neg, 0.4532483953337454, down(s7917)
neg, 0.41411061971758206, down(s5354)
neg, 0.06189654754382306, down(s2592)
neg, 0.4480661080919648, down(s2697)
neg, 0.2266329363009711, down(s13312)
neg, 0.41542148797649786, down(s4163)
neg, 0.2547672687291304, down(s7135)
neg, 0.2947368993100665, down(s9129)
neg, 0.6389121001173089, down(s17033)
neg, 0.1589234657808854, down(s1864)
neg, 0.08234716825929404, down(s14560)
neg, 0.271103038069608, down(s12150)
neg, 0.17116295476584384, down(s11332)
neg, 0.40523427634807063, down(s6923)
neg, 0.058852161001250236, down(s13077)
neg, 0.06393154642659542, down(s15924)
neg, 0.09873053788277822, down(s7204)
neg, 0.1337352888662104, down(s5299)
neg, 0.09422465095921478, down(s11537)
neg, 0.24648751603195332, down(s3135)
neg, 0.35986937333639696, down(s8371)
neg, 0.36405840457476957, down(s16436)
neg, 0.3239190271385661, down(s597)
neg, 0.5069046545687161, down(s8877)
neg, 0.06218927276252337, down(s14659)
neg, 0.5336962986272147, down(s9992)
neg, 0.5682290216784853, down(s14431)
neg, 0.1156517191737231, down(s9004)
neg, 0.08632660785764155, down(s11604)
neg, 0.16479922692253576, down(s5319)
neg, 0.2266329363009711, down(s16203)
neg, 0.519744668949508, down(s15548)
neg, 0.41542148797649786, down(s4167)
neg, 0.4499299601538564, down(s15159)
neg, 0.22903591665694611, down(s3020)
neg, 0.13928663580086365, down(s10864)
neg, 0.32458853731249965, down(s2243)
neg, 0.09422465095921478, down(s5652)
neg, 0.33199856218187807, down(s12514)
neg, 0.12203124989020052, down(s10625)
neg, 0.32758103411767386, down(s7088)
neg, 0.11907659595865475, down(s10392)
neg, 0.4480661080919648, down(s2736)
neg, 0.14186885355242074, down(s435)
neg, 0.5264209903429636, down(s16086)
neg, 0.2266329363009711, down(s14913)
neg, 0.3371873206393223, down(s13165)
neg, 0.1205513824815779, down(s2966)
neg, 0.4645524129694033, down(s16870)
neg, 0.2201848012778942, down(s13374)
neg, 0.07163595742473707, down(s7295)
neg, 0.09873053788277822, down(s2552)
neg, 0.07163595742473707, down(s7292)
neg, 0.5272477817001971, down(s1463)
neg, 0.36405840457476957, down(s16450)
neg, 0.14373486587357326, down(s11895)
neg, 0.2266329363009711, down(s1163)
neg, 0.12203124989020052, down(s10580)
neg, 0.08632660785764155, down(s11555)
neg, 0.3629945998315628, down(s15633)
neg, 0.5957515578354995, down(s15550)
neg, 0.16313577357858794, down(s806)
neg, 0.271103038069608, down(s12148)
neg, 0.21256262334213347, down(s8655)
neg, 0.26680698053004176, down(s13422)
neg, 0.47214125322525047, down(s624)
neg, 0.3233205623798013, down(s14325)
neg, 0.06393154642659542, down(s15920)
neg, 0.3182854236900312, down(s3246)
neg, 0.07175043481641964, down(s16329)
neg, 0.41286502075754355, down(s3523)
neg, 0.23031935324989916, down(s10092)
neg, 0.40523427634807063, down(s6991)
neg, 0.2266329363009711, down(s7535)
neg, 0.06218927276252337, down(s14638)
neg, 0.33318830370603897, down(s11529)
neg, 0.18630278694074942, down(s6657)
neg, 0.2986709292400484, down(s504)
neg, 0.2266329363009711, down(s13336)
neg, 0.09397741696901547, down(s1855)
neg, 0.36424425528736404, down(s4616)
neg, 0.14373486587357326, down(s11900)
neg, 0.5272477817001971, down(s1475)
neg, 0.2657518784076373, down(s4644)
neg, 0.2905613558102825, down(s7389)
neg, 0.2266329363009711, down(s2879)
neg, 0.07163595742473707, down(s7327)
neg, 0.2024484269887372, down(s16586)
neg, 0.20839041904512032, down(s13000)
neg, 0.1589234657808854, down(s6186)
neg, 0.5106215655439585, down(s620)
neg, 0.33233711229269847, down(s3114)
neg, 0.6606673293598472, down(s5489)
neg, 0.23080024072130667, down(s11248)
neg, 0.38608782803791836, down(s9478)
neg, 0.36808099938351013, down(s7070)
neg, 0.3549631507327912, down(s4574)
neg, 0.05800092625854585, down(s5710)
neg, 0.11208127925417227, down(s11846)
neg, 0.12779728962514944, down(s10731)
neg, 0.10822509198052901, down(s6873)
neg, 0.2024484269887372, down(s16585)
neg, 0.12779728962514944, down(s9393)
neg, 0.2266329363009711, down(s13316)
neg, 0.32458853731249965, down(s2236)
neg, 0.2588736343264787, down(s6604)
neg, 0.09873053788277822, down(s12769)
neg, 0.33233711229269847, down(s1885)
neg, 0.25298031325520665, down(s12463)
neg, 0.06393743067323542, down(s11676)
neg, 0.5264209903429636, down(s1074)
neg, 0.22120453566080375, down(s12664)
neg, 0.2985128690710111, down(s7969)
neg, 0.2266329363009711, down(s16149)
neg, 0.22903591665694611, down(s3022)
neg, 0.224361572103317, down(s14632)
neg, 0.31068848527678705, down(s11187)
neg, 0.41542148797649786, down(s8430)
neg, 0.0967112518842771, down(s874)
neg, 0.5884339468327726, down(s1828)
neg, 0.2266329363009711, down(s16176)
neg, 0.3371873206393223, down(s13168)
neg, 0.12779728962514944, down(s9389)
neg, 0.30519677848918714, down(s3582)
neg, 0.35614858265593374, down(s15165)
neg, 0.3909127329735201, down(s5375)
neg, 0.2266329363009711, down(s10799)
neg, 0.14373486587357326, down(s11884)
neg, 0.33233711229269847, down(s1882)
neg, 0.10794951478191267, down(s8563)
neg, 0.20847884923676804, down(s2281)
neg, 0.5052637445732074, down(s4809)
neg, 0.4480661080919648, down(s2676)
neg, 0.2539225039043766, down(s10045)
neg, 0.06189654754382306, down(s15859)
neg, 0.1205513824815779, down(s2948)
neg, 0.36424425528736404, down(s4620)
neg, 0.32877169707467957, down(s11002)
neg, 0.26680698053004176, down(s7704)
neg, 0.41542148797649786, down(s8433)
neg, 0.21823236654987127, down(s10170)
neg, 0.2711382731598268, down(s13500)
neg, 0.23316717191382927, down(s6500)
neg, 0.0936455540692818, down(s9019)
neg, 0.21950799660539813, down(s5254)
neg, 0.22903591665694611, down(s13701)
neg, 0.1338812283838158, down(s3978)
neg, 0.15149239037940376, down(s16641)
neg, 0.2886546389865107, down(s2166)
neg, 0.3986560372561825, down(s14042)
neg, 0.38608782803791836, down(s9515)
neg, 0.11208127925417227, down(s11847)
neg, 0.2266329363009711, down(s16117)
neg, 0.25747805609253754, down(s5040)
neg, 0.3959069432459089, down(s8040)
neg, 0.5336962986272147, down(s10002)
neg, 0.262538626591263, down(s5432)
neg, 0.15866854697318522, down(s14771)
neg, 0.2547672687291304, down(s13643)
neg, 0.2266329363009711, down(s12019)
neg, 0.2588878761319511, down(s7883)
neg, 0.41542148797649786, down(s8434)
neg, 0.08550194309916773, down(s10670)
neg, 0.2266329363009711, down(s4)
neg, 0.2558715675812932, down(s10307)
neg, 0.09873053788277822, down(s7200)
neg, 0.4645524129694033, down(s8083)
neg, 0.16408494913348773, down(s9783)
neg, 0.23080024072130667, down(s11252)
neg, 0.36933801272342925, down(s7055)
neg, 0.12779728962514944, down(s10760)
neg, 0.19946263691392205, down(s12501)
neg, 0.3389554332121701, down(s12546)
neg, 0.18075337755956716, down(s8808)
neg, 0.42211774362534954, down(s8841)
neg, 0.06393743067323542, down(s4138)
neg, 0.06486979109423918, down(s13036)
neg, 0.0766417233155694, down(s14579)
neg, 0.13928663580086365, down(s10838)
neg, 0.14373486587357326, down(s11961)
neg, 0.47312019372944325, down(s1740)
neg, 0.23080024072130667, down(s12427)
neg, 0.25992537363327534, down(s4664)
neg, 0.06393743067323542, down(s11688)
neg, 0.21823236654987127, down(s10168)
neg, 0.36424425528736404, down(s5445)
neg, 0.3959069432459089, down(s3504)
neg, 0.10863492413531343, down(s9628)
neg, 0.2563606152433112, down(s9195)
neg, 0.23333558735511337, down(s4585)
neg, 0.06189654754382306, down(s15861)
neg, 0.09397741696901547, down(s1860)
neg, 0.3829135140643965, down(s6265)
neg, 0.3182854236900312, down(s3253)
neg, 0.16408494913348773, down(s7157)
neg, 0.2266329363009711, down(s2814)
neg, 0.36933801272342925, down(s7737)
neg, 0.07102786771643366, down(s5683)
neg, 0.12779728962514944, down(s10729)
neg, 0.32458853731249965, down(s2250)
neg, 0.2266329363009711, down(s2821)
neg, 0.4541914342280992, down(s8801)
neg, 0.3440095656574068, down(s13013)
neg, 0.36111436900492117, down(s11036)
neg, 0.2641711495227646, down(s16557)
neg, 0.5264209903429636, down(s1051)
neg, 0.14373486587357326, down(s11891)
neg, 0.32458853731249965, down(s2224)
neg, 0.2768883321708275, down(s3708)
neg, 0.32458853731249965, down(s2208)
neg, 0.12779728962514944, down(s10766)
neg, 0.2985128690710111, down(s13707)
neg, 0.32698283554427826, down(s6957)
neg, 0.3182854236900312, down(s9863)
neg, 0.09873053788277822, down(s2523)
neg, 0.47312019372944325, down(s8438)
neg, 0.35491119668193866, down(s14066)
neg, 0.0766417233155694, down(s14594)
neg, 0.19946263691392205, down(s5242)
neg, 0.08712767004641708, down(s10208)
neg, 0.09873053788277822, down(s2532)
neg, 0.35993633297364486, down(s8823)
neg, 0.26806451074677323, down(s3314)
neg, 0.24021022865464914, down(s3848)
neg, 0.3683188617411942, down(s2299)
neg, 0.26144438013386845, down(s9760)
neg, 0.06393154642659542, down(s15934)
neg, 0.4937431106726407, down(s1458)
neg, 0.27378709573435966, down(s12046)
neg, 0.13928663580086365, down(s1340)
neg, 0.23080024072130667, down(s12422)
neg, 0.05800092625854585, down(s5705)
neg, 0.5052637445732074, down(s4811)
neg, 0.33998074838464465, down(s9702)
neg, 0.2905613558102825, down(s7357)
neg, 0.4450211970759959, down(s14375)
neg, 0.3909127329735201, down(s2416)
neg, 0.14186885355242074, down(s453)
neg, 0.23080024072130667, down(s11261)
neg, 0.050947318667914764, down(s9148)
neg, 0.6472072356498147, down(s16680)
neg, 0.2266329363009711, down(s1196)
neg, 0.37878010303597454, down(s15740)
neg, 0.36405840457476957, down(s252)
neg, 0.08234716825929404, down(s14557)
neg, 0.33233711229269847, down(s1884)
neg, 0.3386574613211391, down(s742)
neg, 0.24673405483824698, down(s17074)
neg, 0.18770383694911025, down(s5313)
neg, 0.13928663580086365, down(s1323)
neg, 0.07015776253239578, down(s14801)
neg, 0.3296655349554983, down(s1616)
neg, 0.058852161001250236, down(s13084)
neg, 0.14373486587357326, down(s11898)
neg, 0.5264209903429636, down(s1092)
neg, 0.2266329363009711, down(s71)
neg, 0.19856407981902982, down(s12102)
neg, 0.2905613558102825, down(s7423)
neg, 0.2266329363009711, down(s1263)
neg, 0.47312019372944325, down(s1731)
neg, 0.36933801272342925, down(s7718)
neg, 0.271103038069608, down(s9586)
neg, 0.3104315541756389, down(s13475)
neg, 0.35367181318405194, down(s17004)
neg, 0.12779728962514944, down(s5929)
neg, 0.06770140516251967, down(s10480)
neg, 0.3388584226591677, down(s11222)
neg, 0.3959069432459089, down(s16981)
neg, 0.31068848527678705, down(s11189)
neg, 0.2266329363009711, down(s42)
neg, 0.35491119668193866, down(s7143)
neg, 0.3986884403703835, down(s13736)
neg, 0.3629945998315628, down(s13623)
neg, 0.3959069432459089, down(s11175)
neg, 0.1555606290435099, down(s14616)
neg, 0.09873053788277822, down(s9798)
neg, 0.42045813127702103, down(s15618)
neg, 0.3106495970565357, down(s10330)
neg, 0.06393154642659542, down(s15969)
neg, 0.17534474510437756, down(s3969)
neg, 0.08386062773480642, down(s866)
neg, 0.5232351545562791, down(s6734)
neg, 0.2124618960083187, down(s16864)
neg, 0.0621453521393781, down(s10517)
neg, 0.07163595742473707, down(s2636)
neg, 0.29624367637542637, down(s13010)
neg, 0.23237089935670893, down(s4636)
neg, 0.21950799660539813, down(s5251)
neg, 0.10863492413531343, down(s9626)
neg, 0.25579395240837344, down(s5422)
neg, 0.06189654754382306, down(s2578)
neg, 0.07945296458108346, down(s7283)
neg, 0.36405840457476957, down(s2393)
neg, 0.3959069432459089, down(s8045)
neg, 0.40523427634807063, down(s6983)
neg, 0.22903591665694611, down(s3067)
neg, 0.07174388663905978, down(s17119)
neg, 0.12463753930514658, down(s8605)
neg, 0.13456944492586487, down(s5602)
neg, 0.33199856218187807, down(s12515)
neg, 0.2711382731598268, down(s12275)
neg, 0.1040624719772451, down(s9114)
neg, 0.0987163258251038, down(s5662)
neg, 0.20433409020693183, down(s172)
neg, 0.26806451074677323, down(s3320)
neg, 0.32877169707467957, down(s15048)
neg, 0.612589243752879, down(s8231)
neg, 0.2862632241245628, down(s15296)
neg, 0.3711447722328927, down(s12277)
neg, 0.26680698053004176, down(s7670)
neg, 0.08550194309916773, down(s10674)
neg, 0.31068848527678705, down(s11190)
neg, 0.3289382661751192, down(s3643)
neg, 0.15866854697318522, down(s14777)
neg, 0.5187067019906118, down(s11130)
neg, 0.08712767004641708, down(s10213)
neg, 0.12203124989020052, down(s10647)
neg, 0.08882732738259375, down(s11833)
neg, 0.37095158943675455, down(s8401)
neg, 0.10794951478191267, down(s8589)
neg, 0.06393154642659542, down(s979)
neg, 0.20433409020693183, down(s186)
neg, 0.10772439287591679, down(s2104)
neg, 0.4480661080919648, down(s2690)
neg, 0.09684615329598359, down(s10221)
neg, 0.2660690897245161, down(s15746)
neg, 0.06393743067323542, down(s4135)
neg, 0.23080024072130667, down(s5261)
neg, 0.13928663580086365, down(s10822)
neg, 0.36405840457476957, down(s2376)
neg, 0.06393154642659542, down(s15938)
neg, 0.13520636006537684, down(s11823)
neg, 0.319748567328282, down(s15718)
neg, 0.47214125322525047, down(s626)
neg, 0.31068848527678705, down(s11181)
neg, 0.23080024072130667, down(s12417)
neg, 0.36424425528736404, down(s12701)
neg, 0.2266329363009711, down(s1199)
neg, 0.31949897030058133, down(s5060)
neg, 0.2886546389865107, down(s571)
neg, 0.23080024072130667, down(s5277)
neg, 0.5264209903429636, down(s16080)
neg, 0.15866854697318522, down(s14727)
neg, 0.23080024072130667, down(s9949)
neg, 0.42045813127702103, down(s15622)
neg, 0.2266329363009711, down(s2824)
neg, 0.2013701485779345, down(s6438)
neg, 0.31070948240555085, down(s9608)
neg, 0.2625112184290264, down(s302)
neg, 0.17534474510437756, down(s3954)
neg, 0.18373808047724224, down(s4797)
neg, 0.27805516786036294, down(s8739)
neg, 0.15866854697318522, down(s14728)
neg, 0.11160096778285382, down(s5024)
neg, 0.5082544456482098, down(s4845)
neg, 0.1589234657808854, down(s6187)
neg, 0.06189654754382306, down(s14624)
neg, 0.5232351545562791, down(s6741)
neg, 0.33219914904173675, down(s6494)
neg, 0.15713391037695326, down(s6047)
neg, 0.22251387853801016, down(s12212)
neg, 0.37083437733649055, down(s3341)
neg, 0.11598765986821202, down(s7232)
neg, 0.2806603199279093, down(s16579)
neg, 0.12779728962514944, down(s9361)
neg, 0.32877169707467957, down(s10998)
neg, 0.2266329363009711, down(s16141)
neg, 0.14850074621099896, down(s12647)
neg, 0.08681767787505641, down(s9009)
neg, 0.25747805609253754, down(s5042)
neg, 0.17873615037842155, down(s6630)
neg, 0.36933801272342925, down(s7720)
neg, 0.15645363452526148, down(s12716)
neg, 0.2768883321708275, down(s3716)
neg, 0.10794951478191267, down(s8581)
neg, 0.22884472714058424, down(s496)
neg, 0.5264209903429636, down(s16037)
neg, 0.27754047681260297, down(s12407)
neg, 0.14373486587357326, down(s11916)
neg, 0.2266329363009711, down(s114)
neg, 0.13995855370282545, down(s12226)
neg, 0.07102786771643366, down(s5681)
neg, 0.33998074838464465, down(s9701)
neg, 0.4645524129694033, down(s8087)
neg, 0.09873053788277822, down(s9796)
neg, 0.2266329363009711, down(s36)
neg, 0.49170841218035577, down(s9565)
neg, 0.3371873206393223, down(s13180)
neg, 0.6472072356498147, down(s4486)
neg, 0.2886546389865107, down(s2175)
neg, 0.3371873206393223, down(s13172)
neg, 0.1338812283838158, down(s3985)
neg, 0.22903591665694611, down(s3069)
neg, 0.4937431106726407, down(s1462)
neg, 0.12779728962514944, down(s10723)
neg, 0.2266329363009711, down(s14917)
neg, 0.3629945998315628, down(s13635)
neg, 0.10861998361410359, down(s14517)
neg, 0.2266329363009711, down(s14909)
neg, 0.2840844259467681, down(s12165)
neg, 0.06708610822646736, down(s947)
neg, 0.25000262275955154, down(s16260)
neg, 0.2266329363009711, down(s16)
neg, 0.2024484269887372, down(s16584)
neg, 0.08632660785764155, down(s11597)
neg, 0.3077611025795369, down(s3567)
neg, 0.2266329363009711, down(s13313)
neg, 0.12779728962514944, down(s9440)
neg, 0.14748548838866912, down(s14062)
neg, 0.13065034342244985, down(s10944)
neg, 0.3629945998315628, down(s13602)
neg, 0.19126229079262752, down(s12219)
neg, 0.16223418396854508, down(s12646)
neg, 0.09873053788277822, down(s14189)
neg, 0.2940459727703066, down(s9560)
neg, 0.3049368092234029, down(s15216)
neg, 0.3909127329735201, down(s12822)
neg, 0.15738399317683846, down(s14061)
neg, 0.2266329363009711, down(s2833)
neg, 0.20839041904512032, down(s12997)
neg, 0.2266329363009711, down(s4308)
neg, 0.29177917750415994, down(s13725)
neg, 0.5264209903429636, down(s16043)
neg, 0.27164113224192815, down(s15769)
neg, 0.058852161001250236, down(s13080)
neg, 0.3829135140643965, down(s1664)
neg, 0.2013701485779345, down(s6411)
neg, 0.6106463086299708, down(s4487)
neg, 0.2266329363009711, down(s7566)
neg, 0.2850999479542913, down(s16802)
neg, 0.36236658237314573, down(s6964)
neg, 0.5957515578354995, down(s4567)
neg, 0.26243857004696164, down(s13765)
neg, 0.23950941416703012, down(s10927)
neg, 0.09684615329598359, down(s6156)
neg, 0.4937431106726407, down(s1460)
neg, 0.09873053788277822, down(s14195)
neg, 0.23514543677754546, down(s13721)
neg, 0.2201848012778942, down(s7635)
neg, 0.3371873206393223, down(s13150)
neg, 0.3296655349554983, down(s15533)
neg, 0.10861998361410359, down(s14531)
neg, 0.08234716825929404, down(s14543)
neg, 0.262358722509376, down(s694)
neg, 0.2946444938180355, down(s12803)
neg, 0.06189654754382306, down(s2579)
neg, 0.12779728962514944, down(s9407)
neg, 0.20999612505933907, down(s14539)
neg, 0.33644331934224564, down(s9963)
neg, 0.2915874724179635, down(s3606)
neg, 0.07163595742473707, down(s2629)
neg, 0.22333368829399183, down(s15091)
neg, 0.06218927276252337, down(s14665)
neg, 0.35491119668193866, down(s12369)
neg, 0.27754047681260297, down(s12403)
neg, 0.23080024072130667, down(s9951)
neg, 0.16064312828359567, down(s6628)
neg, 0.07163595742473707, down(s2630)
neg, 0.1347190957927735, down(s2075)
neg, 0.1951322731022291, down(s1992)
neg, 0.07163595742473707, down(s2654)
neg, 0.4832192142011491, down(s14122)
neg, 0.058852161001250236, down(s13063)
neg, 0.36405840457476957, down(s16484)
neg, 0.2985128690710111, down(s13706)
neg, 0.29743797961870927, down(s8340)
neg, 0.2266329363009711, down(s84)
neg, 0.5264209903429636, down(s1109)
neg, 0.1205513824815779, down(s14952)
neg, 0.20847884923676804, down(s2286)
neg, 0.33233711229269847, down(s6214)
neg, 0.06887624624219411, down(s14631)
neg, 0.13473788450111557, down(s9657)
neg, 0.2013701485779345, down(s6419)
neg, 0.1338812283838158, down(s3990)
neg, 0.5264209903429636, down(s1083)
neg, 0.2547672687291304, down(s7131)
neg, 0.0621453521393781, down(s10576)
neg, 0.17900143968447044, down(s8637)
neg, 0.23080024072130667, down(s12505)
neg, 0.4802036644173052, down(s11440)
neg, 0.33376545755550147, down(s14245)
neg, 0.18075337755956716, down(s8813)
neg, 0.1205513824815779, down(s14964)
neg, 0.41542148797649786, down(s4221)
neg, 0.2886546389865107, down(s2174)
neg, 0.10437258554572004, down(s4563)
neg, 0.20433409020693183, down(s169)
neg, 0.10863492413531343, down(s9624)
neg, 0.20081376401918594, down(s920)
neg, 0.058852161001250236, down(s13117)
neg, 0.2886546389865107, down(s568)
neg, 0.22216088856360186, down(s10109)
neg, 0.2985128690710111, down(s1577)
neg, 0.2266329363009711, down(s14887)
neg, 0.5264209903429636, down(s16020)
neg, 0.36405840457476957, down(s7958)
neg, 0.06393154642659542, down(s974)
neg, 0.12779728962514944, down(s9364)
neg, 0.1205513824815779, down(s2968)
neg, 0.23316717191382927, down(s6498)
neg, 0.14373486587357326, down(s11953)
neg, 0.2597435692043695, down(s8651)
neg, 0.2985128690710111, down(s1578)
neg, 0.05778925764568756, down(s9205)
neg, 0.33199856218187807, down(s12518)
neg, 0.12779728962514944, down(s9363)
neg, 0.1347190957927735, down(s2093)
neg, 0.12463753930514658, down(s3640)
neg, 0.4869252499373969, down(s4884)
neg, 0.3829135140643965, down(s6262)
neg, 0.3909127329735201, down(s12845)
neg, 0.06931737150497673, down(s15334)
neg, 0.07175043481641964, down(s16388)
neg, 0.6494916586388547, down(s8227)
neg, 0.13733391530371192, down(s9241)
neg, 0.37083437733649055, down(s3337)
neg, 0.26680698053004176, down(s13467)
neg, 0.06393743067323542, down(s11692)
neg, 0.05800092625854585, down(s5747)
neg, 0.3959069432459089, down(s8026)
neg, 0.36405840457476957, down(s251)
neg, 0.271103038069608, down(s9595)
neg, 0.12779728962514944, down(s5987)
neg, 0.3959069432459089, down(s8046)
neg, 0.15866854697318522, down(s14743)
neg, 0.35778936102359077, down(s12296)
neg, 0.5313461732701792, down(s12728)
neg, 0.33722134390455527, down(s3870)
neg, 0.2266329363009711, down(s47)
neg, 0.2886546389865107, down(s544)
neg, 0.2266329363009711, down(s2784)
neg, 0.23050035150500264, down(s4361)
neg, 0.36405840457476957, down(s6530)
neg, 0.15442815166644067, down(s15750)
neg, 0.26680698053004176, down(s7687)
neg, 0.10437258554572004, down(s4557)
neg, 0.10638616530867191, down(s9815)
neg, 0.4499299601538564, down(s3404)
neg, 0.09873053788277822, down(s7183)
neg, 0.09873053788277822, down(s2529)
neg, 0.21561461043085606, down(s15401)
neg, 0.23050035150500264, down(s4341)
neg, 0.1338812283838158, down(s3988)
neg, 0.1205513824815779, down(s14986)
neg, 0.2886546389865107, down(s2162)
neg, 0.35614858265593374, down(s15166)
neg, 0.27788941818108115, down(s15366)
neg, 0.15713391037695326, down(s6074)
neg, 0.14186885355242074, down(s459)
neg, 0.17534474510437756, down(s3953)
neg, 0.6389121001173089, down(s12547)
neg, 0.3959069432459089, down(s3497)
neg, 0.0621453521393781, down(s10564)
neg, 0.06393154642659542, down(s15965)
neg, 0.5264209903429636, down(s1126)
neg, 0.13520636006537684, down(s11817)
neg, 0.3182854236900312, down(s9862)
neg, 0.2266329363009711, down(s1170)
neg, 0.27378709573435966, down(s12086)
neg, 0.2862632241245628, down(s15295)
neg, 0.37878010303597454, down(s15424)
neg, 0.2886546389865107, down(s2179)
neg, 0.48827452088529033, down(s15147)
neg, 0.4937431106726407, down(s1441)
neg, 0.07175043481641964, down(s16332)
neg, 0.3182854236900312, down(s9848)
neg, 0.2985128690710111, down(s1583)
neg, 0.2201848012778942, down(s7601)
neg, 0.2266329363009711, down(s2871)
neg, 0.4724102889910966, down(s15576)
neg, 0.3812788606867929, down(s3750)
neg, 0.28259079519856367, down(s6622)
neg, 0.23050035150500264, down(s4371)
neg, 0.13520636006537684, down(s11820)
neg, 0.36405840457476957, down(s279)
neg, 0.1546918580922032, down(s5770)
neg, 0.44858093748714734, down(s13817)
neg, 0.32458853731249965, down(s2193)
neg, 0.12779728962514944, down(s5988)
neg, 0.07175043481641964, down(s16355)
neg, 0.2266329363009711, down(s13290)
neg, 0.40030550217875166, down(s16764)
neg, 0.2772333366885189, down(s6587)
neg, 0.4480661080919648, down(s2679)
neg, 0.2915874724179635, down(s3594)
neg, 0.35090199089763074, down(s8772)
neg, 0.35090199089763074, down(s8776)
neg, 0.2588878761319511, down(s7881)
neg, 0.2546589831422181, down(s12141)
neg, 0.39847752511049445, down(s3141)
neg, 0.2711382731598268, down(s12266)
neg, 0.28115365581357793, down(s6276)
neg, 0.06393154642659542, down(s1018)
neg, 0.6816571910555992, down(s2038)
neg, 0.3100158895260991, down(s12509)
neg, 0.09092541604212813, down(s903)
neg, 0.2072266617623893, down(s6685)
neg, 0.3374825502722591, down(s14521)
neg, 0.13928663580086365, down(s10834)
neg, 0.06588573757813328, down(s951)
neg, 0.45775010885945017, down(s5170)
neg, 0.3369804827276785, down(s3398)
neg, 0.4065365432019581, down(s7759)
neg, 0.2266329363009711, down(s1260)
neg, 0.23406043756089914, down(s13700)
neg, 0.39276211685802725, down(s4971)
neg, 0.07163595742473707, down(s2648)
neg, 0.3985379779324897, down(s13835)
neg, 0.2266329363009711, down(s1168)
neg, 0.3959069432459089, down(s2398)
neg, 0.49692329161913584, down(s10142)
neg, 0.3234553792405976, down(s15535)
neg, 0.3931892580171672, down(s6758)
neg, 0.25992537363327534, down(s4662)
neg, 0.33722134390455527, down(s3885)
neg, 0.13643215546070284, down(s15326)
neg, 0.12779728962514944, down(s9420)
neg, 0.14186885355242074, down(s439)
neg, 0.12779728962514944, down(s10713)
neg, 0.3829135140643965, down(s3155)
neg, 0.14186885355242074, down(s457)
neg, 0.3959069432459089, down(s8039)
neg, 0.3683188617411942, down(s6461)
neg, 0.31068848527678705, down(s11225)
neg, 0.05778925764568756, down(s9228)
neg, 0.1205513824815779, down(s14971)
neg, 0.28422098808940854, down(s776)
neg, 0.25030815673158463, down(s9673)
neg, 0.12965357973321123, down(s12437)
neg, 0.33998074838464465, down(s9708)
neg, 0.2539225039043766, down(s10043)
neg, 0.35922704434635694, down(s6384)
neg, 0.2266329363009711, down(s14910)
neg, 0.06393743067323542, down(s11686)
neg, 0.3602095351415598, down(s6919)
neg, 0.25298031325520665, down(s12466)
neg, 0.10772439287591679, down(s2106)
neg, 0.26243857004696164, down(s13762)
neg, 0.09873053788277822, down(s7186)
neg, 0.17534474510437756, down(s3976)
neg, 0.5264209903429636, down(s16055)
neg, 0.2266329363009711, down(s2803)
neg, 0.09684615329598359, down(s6132)
neg, 0.09924669938477744, down(s9331)
neg, 0.23333558735511337, down(s11014)
neg, 0.22995072433437017, down(s7986)
neg, 0.262538626591263, down(s4597)
neg, 0.2625112184290264, down(s308)
neg, 0.09873053788277822, down(s12768)
neg, 0.5313461732701792, down(s12732)
neg, 0.23080024072130667, down(s11250)
neg, 0.2266329363009711, down(s14859)
neg, 0.21163165214081997, down(s6647)
neg, 0.10045200943104562, down(s6130)
neg, 0.12196967092056007, down(s14283)
neg, 0.2915874724179635, down(s3589)
neg, 0.06218927276252337, down(s14702)
neg, 0.25000262275955154, down(s4407)
neg, 0.2266329363009711, down(s7534)
neg, 0.23406043756089914, down(s15528)
neg, 0.102642626971748, down(s14286)
neg, 0.07174388663905978, down(s17128)
neg, 0.26680698053004176, down(s7731)
neg, 0.527715893598836, down(s13889)
neg, 0.08882732738259375, down(s11838)
neg, 0.27378709573435966, down(s12044)
neg, 0.39447848994368845, down(s15175)
neg, 0.3973575495522458, down(s11035)
neg, 0.4724102889910966, down(s15569)
neg, 0.36424425528736404, down(s5444)
neg, 0.0810841314071738, down(s10417)
neg, 0.3371873206393223, down(s13164)
neg, 0.3683188617411942, down(s6460)
neg, 0.2266329363009711, down(s120)
neg, 0.14373486587357326, down(s14844)
neg, 0.5264209903429636, down(s16070)
neg, 0.4645524129694033, down(s8078)
neg, 0.2548103536830109, down(s15040)
neg, 0.13456944492586487, down(s5606)
neg, 0.07015776253239578, down(s14798)
neg, 0.2266329363009711, down(s13343)
neg, 0.08712767004641708, down(s1839)
neg, 0.35491119668193866, down(s12319)
neg, 0.0987163258251038, down(s11542)
neg, 0.13473788450111557, down(s9658)
neg, 0.3100158895260991, down(s12508)
neg, 0.14373486587357326, down(s11875)
neg, 0.16408494913348773, down(s9789)
neg, 0.13473788450111557, down(s9663)
neg, 0.16479922692253576, down(s5318)
neg, 0.07163595742473707, down(s2660)
neg, 0.3389554332121701, down(s396)
neg, 0.4166462430265295, down(s4668)
neg, 0.1979041742674775, down(s754)
neg, 0.3959069432459089, down(s8056)
neg, 0.49575233018164017, down(s3895)
neg, 0.18927566137516005, down(s2493)
neg, 0.12779728962514944, down(s10738)
neg, 0.4065365432019581, down(s7749)
neg, 0.25298031325520665, down(s12452)
neg, 0.271103038069608, down(s12145)
neg, 0.15713391037695326, down(s6054)
neg, 0.3683188617411942, down(s1543)
neg, 0.36405840457476957, down(s16467)
neg, 0.27788941818108115, down(s15364)
neg, 0.10302649814749827, down(s10873)
neg, 0.3909127329735201, down(s12829)
neg, 0.2266329363009711, down(s16227)
neg, 0.3959069432459089, down(s8059)
neg, 0.3529379467316331, down(s6733)
neg, 0.12203124989020052, down(s10656)
neg, 0.06770140516251967, down(s10492)
neg, 0.41542148797649786, down(s4153)
neg, 0.3537276206319227, down(s7077)
neg, 0.47312019372944325, down(s1742)
neg, 0.2905613558102825, down(s7375)
neg, 0.2266329363009711, down(s12024)
neg, 0.12443826681244476, down(s1522)
neg, 0.2947368993100665, down(s9128)
neg, 0.14373486587357326, down(s11858)
neg, 0.06393743067323542, down(s4103)
neg, 0.07962069702045152, down(s10445)
neg, 0.32758103411767386, down(s10258)
neg, 0.20850151656866503, down(s10353)
neg, 0.24248337314406063, down(s5076)
neg, 0.2266329363009711, down(s34)
neg, 0.2905613558102825, down(s11307)
neg, 0.15099968066855599, down(s12440)
neg, 0.2266329363009711, down(s4293)
neg, 0.37221263169857677, down(s15124)
neg, 0.4869252499373969, down(s7825)
neg, 0.38608782803791836, down(s9519)
neg, 0.2905613558102825, down(s7385)
neg, 0.41542148797649786, down(s4199)
neg, 0.12779728962514944, down(s9352)
neg, 0.12642725321141166, down(s12654)
neg, 0.4480661080919648, down(s2727)
neg, 0.06393154642659542, down(s987)
neg, 0.2563684007021148, down(s12110)
neg, 0.36405840457476957, down(s17186)
neg, 0.23080024072130667, down(s5274)
neg, 0.2266329363009711, down(s16114)
neg, 0.3909127329735201, down(s12837)
neg, 0.10437258554572004, down(s5580)
neg, 0.13995855370282545, down(s10301)
neg, 0.21256262334213347, down(s8658)
neg, 0.2266329363009711, down(s112)
neg, 0.2905613558102825, down(s7417)
neg, 0.5884339468327726, down(s1816)
neg, 0.3296655349554983, down(s1902)
neg, 0.17273383202482467, down(s7036)
neg, 0.5264209903429636, down(s1059)
neg, 0.41542148797649786, down(s4156)
neg, 0.14917705867839967, down(s7018)
neg, 0.1649647515163304, down(s12795)
neg, 0.24692419504329394, down(s6725)
neg, 0.13065034342244985, down(s10953)
neg, 0.09289783117172533, down(s5864)
neg, 0.12867933626453287, down(s5622)
neg, 0.15489423401852287, down(s6877)
neg, 0.22903591665694611, down(s3072)
neg, 0.10302649814749827, down(s14990)
neg, 0.2547672687291304, down(s16817)
neg, 0.2547672687291304, down(s16828)
neg, 0.13686859372990146, down(s10410)
neg, 0.5492374096771754, down(s11451)
neg, 0.23080024072130667, down(s11251)
neg, 0.33722134390455527, down(s3882)
neg, 0.35986937333639696, down(s8364)
neg, 0.5264209903429636, down(s3915)
neg, 0.12779728962514944, down(s10688)
neg, 0.1156517191737231, down(s8997)
neg, 0.35986937333639696, down(s8359)
neg, 0.09422465095921478, down(s11539)
neg, 0.2266329363009711, down(s2804)
neg, 0.06393743067323542, down(s11687)
neg, 0.36405840457476957, down(s17199)
neg, 0.2266329363009711, down(s13225)
neg, 0.2885767848535846, down(s6325)
neg, 0.1546918580922032, down(s5830)
neg, 0.6472072356498147, down(s5509)
neg, 0.06516058637914396, down(s880)
neg, 0.35614858265593374, down(s6532)
neg, 0.09431905903863637, down(s6671)
neg, 0.4480661080919648, down(s2696)
neg, 0.2711382731598268, down(s13502)
neg, 0.4771156930928968, down(s6937)
neg, 0.07163595742473707, down(s2655)
neg, 0.14373486587357326, down(s14812)
neg, 0.3629945998315628, down(s3366)
neg, 0.33233711229269847, down(s3123)
neg, 0.36405840457476957, down(s16460)
neg, 0.6658998364670239, down(s646)
neg, 0.33233711229269847, down(s1612)
neg, 0.09684615329598359, down(s13927)
neg, 0.09684615329598359, down(s4547)
neg, 0.4771156930928968, down(s6939)
neg, 0.3106495970565357, down(s10339)
neg, 0.4480661080919648, down(s5196)
neg, 0.3182854236900312, down(s3261)
neg, 0.09924669938477744, down(s9334)
neg, 0.16313577357858794, down(s822)
neg, 0.07163595742473707, down(s2625)
neg, 0.5492374096771754, down(s11448)
neg, 0.15713391037695326, down(s6030)
neg, 0.13520636006537684, down(s11806)
neg, 0.26680698053004176, down(s7730)
neg, 0.36933801272342925, down(s13456)
neg, 0.47312019372944325, down(s1729)
neg, 0.2586545002242346, down(s15648)
neg, 0.3182854236900312, down(s3272)
neg, 0.41542148797649786, down(s4180)
neg, 0.31949897030058133, down(s5073)
neg, 0.35778936102359077, down(s12295)
neg, 0.48827452088529033, down(s15143)
neg, 0.14917705867839967, down(s7020)
neg, 0.4532483953337454, down(s16403)
neg, 0.4645524129694033, down(s16879)
neg, 0.12203124989020052, down(s10602)
neg, 0.05778925764568756, down(s9217)
neg, 0.12779728962514944, down(s9448)
neg, 0.41052708807916277, down(s17082)
neg, 0.2266329363009711, down(s7518)
neg, 0.36405840457476957, down(s16522)
neg, 0.19946263691392205, down(s12502)
neg, 0.2547672687291304, down(s16813)
neg, 0.3388584226591677, down(s11111)
neg, 0.07174388663905978, down(s17150)
neg, 0.1156517191737231, down(s6867)
neg, 0.2266329363009711, down(s16105)
neg, 0.3959069432459089, down(s2394)
neg, 0.09873053788277822, down(s2538)
neg, 0.27164113224192815, down(s15768)
neg, 0.1854541498066363, down(s510)
neg, 0.32877169707467957, down(s10991)
neg, 0.2266329363009711, down(s7493)
neg, 0.32877169707467957, down(s10981)
neg, 0.2266329363009711, down(s104)
neg, 0.2266329363009711, down(s1242)
neg, 0.5272477817001971, down(s1473)
neg, 0.15738399317683846, down(s12792)
neg, 0.41286502075754355, down(s15272)
neg, 0.44996002123675255, down(s8266)
neg, 0.43239621430469827, down(s14116)
neg, 0.3602095351415598, down(s6904)
neg, 0.2170397501753889, down(s12686)
neg, 0.09924669938477744, down(s9332)
neg, 0.35090199089763074, down(s8777)
neg, 0.612589243752879, down(s8232)
neg, 0.3683188617411942, down(s1550)
neg, 0.2266329363009711, down(s13246)
neg, 0.3388584226591677, down(s15232)
neg, 0.1156517191737231, down(s6859)
neg, 0.3049368092234029, down(s15224)
neg, 0.24021022865464914, down(s3862)
neg, 0.24648751603195332, down(s3133)
neg, 0.2506417155254992, down(s577)
neg, 0.3985379779324897, down(s13837)
neg, 0.4553385346767015, down(s4720)
neg, 0.12779728962514944, down(s9367)
neg, 0.3959069432459089, down(s3511)
neg, 0.25298031325520665, down(s12471)
neg, 0.2905613558102825, down(s7412)
neg, 0.16313577357858794, down(s800)
neg, 0.32877169707467957, down(s15045)
neg, 0.13065034342244985, down(s10946)
neg, 0.3959069432459089, down(s3498)
neg, 0.3683188617411942, down(s2303)
neg, 0.1951322731022291, down(s2014)
neg, 0.2905613558102825, down(s7407)
neg, 0.059041387773902866, down(s4029)
neg, 0.3104315541756389, down(s13478)
neg, 0.25222211348451223, down(s16928)
neg, 0.2548103536830109, down(s11084)
neg, 0.2611361608432636, down(s770)
neg, 0.6389121001173089, down(s17039)
neg, 0.3182854236900312, down(s3254)
neg, 0.5187067019906118, down(s11134)
neg, 0.2266329363009711, down(s4282)
neg, 0.09684615329598359, down(s4537)
neg, 0.22122906905064088, down(s10100)
neg, 0.4532483953337454, down(s9749)
neg, 0.2266329363009711, down(s7557)
neg, 0.10535306880274395, down(s14508)
neg, 0.09873053788277822, down(s12779)
neg, 0.13928663580086365, down(s10865)
neg, 0.2940459727703066, down(s5593)
neg, 0.09092541604212813, down(s909)
neg, 0.27378709573435966, down(s12040)
neg, 0.6606673293598472, down(s5475)
neg, 0.07175043481641964, down(s16373)
neg, 0.35209886852669736, down(s13826)
neg, 0.4532483953337454, down(s6370)
neg, 0.3812788606867929, down(s3737)
neg, 0.17979645957758594, down(s8628)
neg, 0.12779728962514944, down(s5871)
neg, 0.15713391037695326, down(s6017)
neg, 0.16313577357858794, down(s803)
neg, 0.10772439287591679, down(s2107)
neg, 0.22333368829399183, down(s15094)
neg, 0.2615432904782266, down(s6890)
neg, 0.2266329363009711, down(s1227)
neg, 0.08882732738259375, down(s11837)
neg, 0.3182854236900312, down(s7799)
neg, 0.18075337755956716, down(s8812)
neg, 0.4450211970759959, down(s14374)
neg, 0.10794951478191267, down(s16663)
neg, 0.06770140516251967, down(s10481)
neg, 0.3909127329735201, down(s12839)
neg, 0.19856407981902982, down(s12101)
neg, 0.2768883321708275, down(s3693)
neg, 0.24425359210586775, down(s563)
neg, 0.12968299284161144, down(s12710)
neg, 0.2547672687291304, down(s16806)
neg, 0.1205513824815779, down(s14961)
neg, 0.2266329363009711, down(s16216)
neg, 0.19946263691392205, down(s12496)
neg, 0.0810841314071738, down(s10419)
neg, 0.14373486587357326, down(s11930)
neg, 0.1546918580922032, down(s5790)
neg, 0.22333368829399183, down(s15093)
neg, 0.06770140516251967, down(s5685)
neg, 0.4717741921622759, down(s5343)
neg, 0.22216088856360186, down(s10112)
neg, 0.32758103411767386, down(s7092)
neg, 0.15866854697318522, down(s14711)
neg, 0.2266329363009711, down(s2873)
neg, 0.3909127329735201, down(s12400)
neg, 0.31712478597636995, down(s15849)
neg, 0.06393743067323542, down(s4114)
neg, 0.52458216887988, down(s14391)
neg, 0.21652935690933378, down(s5102)
neg, 0.33233711229269847, down(s6209)
neg, 0.14373486587357326, down(s14839)
neg, 0.2201848012778942, down(s7629)
neg, 0.25222211348451223, down(s16918)
neg, 0.3388584226591677, down(s15228)
neg, 0.07102786771643366, down(s5677)
neg, 0.21652935690933378, down(s5100)
neg, 0.12779728962514944, down(s9341)
neg, 0.10437258554572004, down(s13929)
neg, 0.07175043481641964, down(s16369)
neg, 0.32877169707467957, down(s10984)
neg, 0.15366296350896663, down(s5311)
neg, 0.2547672687291304, down(s8024)
neg, 0.5264209903429636, down(s16044)
neg, 0.10794951478191267, down(s16667)
neg, 0.0621453521393781, down(s10558)
neg, 0.37212812960313746, down(s8521)
neg, 0.2266329363009711, down(s14875)
neg, 0.11857734495453906, down(s12719)
neg, 0.17273383202482467, down(s15087)
neg, 0.6816571910555992, down(s656)
neg, 0.5232351545562791, down(s6745)
neg, 0.2266329363009711, down(s13326)
neg, 0.06393154642659542, down(s15936)
neg, 0.12779728962514944, down(s10756)
neg, 0.3233205623798013, down(s14328)
neg, 0.22205462650622448, down(s14314)
neg, 0.41286502075754355, down(s15281)
neg, 0.28115365581357793, down(s6278)
neg, 0.27378709573435966, down(s12076)
neg, 0.15099968066855599, down(s12444)
neg, 0.38608782803791836, down(s9480)
neg, 0.27164113224192815, down(s15773)
neg, 0.20433409020693183, down(s187)
neg, 0.3911853462424373, down(s17008)
neg, 0.14587773096094853, down(s14571)
neg, 0.22903591665694611, down(s3015)
neg, 0.4450211970759959, down(s14370)
neg, 0.3986560372561825, down(s14043)
neg, 0.21561461043085606, down(s6634)
neg, 0.1156517191737231, down(s6858)
neg, 0.14373486587357326, down(s11856)
neg, 0.49170841218035577, down(s5624)
neg, 0.4187477569756441, down(s8831)
neg, 0.12203124989020052, down(s10603)
neg, 0.40523427634807063, down(s8286)
neg, 0.1156517191737231, down(s6854)
neg, 0.2266329363009711, down(s12033)
neg, 0.11160096778285382, down(s15839)
neg, 0.36933801272342925, down(s7059)
neg, 0.3683188617411942, down(s6459)
neg, 0.2266329363009711, down(s4306)
neg, 0.06393154642659542, down(s1002)
neg, 0.38608782803791836, down(s9517)
neg, 0.22995072433437017, down(s6506)
neg, 0.595967691673658, down(s8088)
neg, 0.41542148797649786, down(s4152)
neg, 0.23433722009087368, down(s225)
neg, 0.3239190271385661, down(s592)
neg, 0.20845094523706012, down(s12189)
neg, 0.20839041904512032, down(s12996)
neg, 0.2266329363009711, down(s4276)
neg, 0.06218927276252337, down(s14653)
neg, 0.3629945998315628, down(s3371)
neg, 0.0716118861365405, down(s13038)
neg, 0.06393743067323542, down(s11713)
neg, 0.12571925588028798, down(s16089)
neg, 0.1546918580922032, down(s5792)
neg, 0.2731105210721528, down(s2501)
neg, 0.0810841314071738, down(s10429)
neg, 0.2905613558102825, down(s7431)
neg, 0.2985128690710111, down(s612)
neg, 0.2535812170810543, down(s10316)
neg, 0.11446498973481146, down(s12915)
neg, 0.25460475404814986, down(s3654)
neg, 0.22216088856360186, down(s10108)
neg, 0.3959069432459089, down(s8060)
neg, 0.3369804827276785, down(s15114)
neg, 0.36111436900492117, down(s15108)
neg, 0.09684615329598359, down(s780)
neg, 0.36405840457476957, down(s16523)
neg, 0.3371873206393223, down(s13162)
neg, 0.2266329363009711, down(s1238)
neg, 0.35491119668193866, down(s4939)
neg, 0.07175043481641964, down(s16328)
neg, 0.12190107701819616, down(s475)
neg, 0.23406043756089914, down(s1910)
neg, 0.38608782803791836, down(s9479)
neg, 0.06393154642659542, down(s1025)
neg, 0.33219914904173675, down(s6486)
neg, 0.2731105210721528, down(s2503)
neg, 0.2266329363009711, down(s7491)
neg, 0.12571925588028798, down(s954)
neg, 0.11160096778285382, down(s15847)
neg, 0.18373808047724224, down(s4787)
neg, 0.6246924202741998, down(s8236)
neg, 0.36808099938351013, down(s7063)
neg, 0.22995072433437017, down(s8014)
neg, 0.20860495445585903, down(s7643)
neg, 0.06218927276252337, down(s14690)
neg, 0.2266329363009711, down(s4260)
neg, 0.07175043481641964, down(s16325)
neg, 0.2641711495227646, down(s16572)
neg, 0.20850151656866503, down(s10350)
neg, 0.27805516786036294, down(s8730)
neg, 0.3683188617411942, down(s2291)
neg, 0.12779728962514944, down(s9374)
neg, 0.47312019372944325, down(s1734)
neg, 0.22333368829399183, down(s6881)
neg, 0.2013701485779345, down(s6435)
neg, 0.13928663580086365, down(s1324)
neg, 0.23050035150500264, down(s4343)
neg, 0.1925246422614943, down(s14301)
neg, 0.27805516786036294, down(s8787)
neg, 0.12779728962514944, down(s5914)
neg, 0.4937431106726407, down(s1445)
neg, 0.5264209903429636, down(s1060)
neg, 0.2266329363009711, down(s1182)
neg, 0.5264209903429636, down(s1099)
neg, 0.48827452088529033, down(s15149)
neg, 0.5884339468327726, down(s1820)
neg, 0.26806451074677323, down(s3313)
neg, 0.07163595742473707, down(s7297)
neg, 0.1125325659529518, down(s7441)
neg, 0.12779728962514944, down(s5979)
neg, 0.32458853731249965, down(s2230)
neg, 0.3959069432459089, down(s3500)
neg, 0.13520636006537684, down(s11748)
neg, 0.2266329363009711, down(s10784)
neg, 0.3106495970565357, down(s10338)
neg, 0.31070948240555085, down(s9612)
neg, 0.06393743067323542, down(s4144)
neg, 0.32458853731249965, down(s2221)
neg, 0.33233711229269847, down(s1608)
neg, 0.2266329363009711, down(s7551)
neg, 0.20181460983730118, down(s6677)
neg, 0.4499299601538564, down(s15163)
neg, 0.3829135140643965, down(s1669)
neg, 0.2266329363009711, down(s16214)
neg, 0.1337352888662104, down(s5300)
neg, 0.2266329363009711, down(s4283)
neg, 0.3825536598807559, down(s8500)
neg, 0.5088635263961304, down(s3754)
neg, 0.1951322731022291, down(s3802)
neg, 0.22333368829399183, down(s7045)
neg, 0.1649647515163304, down(s12325)
neg, 0.29743797961870927, down(s8341)
neg, 0.06393154642659542, down(s15995)
neg, 0.2266329363009711, down(s7480)
neg, 0.0987163258251038, down(s11533)
neg, 0.2711382731598268, down(s13495)
neg, 0.09873053788277822, down(s7168)
neg, 0.36405840457476957, down(s268)
neg, 0.44996002123675255, down(s8262)
neg, 0.25298031325520665, down(s12447)
neg, 0.19856407981902982, down(s12106)
neg, 0.2266329363009711, down(s2780)
neg, 0.31068848527678705, down(s11216)
neg, 0.47312019372944325, down(s6333)
neg, 0.2547672687291304, down(s16810)
neg, 0.12779728962514944, down(s9383)
neg, 0.2885767848535846, down(s6315)
neg, 0.15149239037940376, down(s16643)
neg, 0.4869252499373969, down(s5361)
neg, 0.22903591665694611, down(s13698)
neg, 0.32458853731249965, down(s2246)
neg, 0.0987163258251038, down(s11527)
neg, 0.06393743067323542, down(s11707)
neg, 0.3371873206393223, down(s13206)
neg, 0.5264209903429636, down(s1107)
neg, 0.08632660785764155, down(s5667)
neg, 0.10638616530867191, down(s12356)
neg, 0.4532483953337454, down(s7924)
neg, 0.3371873206393223, down(s13152)
neg, 0.5187067019906118, down(s11147)
neg, 0.12203124989020052, down(s10588)
neg, 0.3077611025795369, down(s3572)
neg, 0.3182854236900312, down(s3252)
neg, 0.15713391037695326, down(s6012)
neg, 0.13643215546070284, down(s15319)
neg, 0.2266329363009711, down(s111)
neg, 0.14843395855164512, down(s2619)
neg, 0.15645363452526148, down(s15668)
neg, 0.4480661080919648, down(s2700)
neg, 0.3959069432459089, down(s3512)
neg, 0.3629945998315628, down(s13629)
neg, 0.19079614502993372, down(s3356)
neg, 0.3602348083704786, down(s9931)
neg, 0.2946444938180355, down(s12376)
neg, 0.2560565726057378, down(s5674)
neg, 0.5264209903429636, down(s1048)
neg, 0.1347190957927735, down(s2085)
neg, 0.262538626591263, down(s4596)
neg, 0.6106463086299708, down(s4490)
neg, 0.2266329363009711, down(s96)
neg, 0.37221263169857677, down(s15120)
neg, 0.36808099938351013, down(s7069)
neg, 0.21026093304868965, down(s10490)
neg, 0.31949897030058133, down(s5059)
neg, 0.2266329363009711, down(s60)
neg, 0.2266329363009711, down(s16131)
neg, 0.4480661080919648, down(s2741)
neg, 0.3049368092234029, down(s15217)
neg, 0.5264209903429636, down(s16039)
neg, 0.09873053788277822, down(s7163)
neg, 0.183484476394179, down(s6674)
neg, 0.26680698053004176, down(s7703)
neg, 0.22884472714058424, down(s492)
neg, 0.3371873206393223, down(s13187)
neg, 0.14382750114531212, down(s3997)
neg, 0.5082544456482098, down(s3200)
neg, 0.23080024072130667, down(s11246)
neg, 0.4771156930928968, down(s6934)
neg, 0.1649647515163304, down(s12364)
neg, 0.5195320030091407, down(s6009)
neg, 0.06393743067323542, down(s4095)
neg, 0.48827452088529033, down(s15146)
neg, 0.42211774362534954, down(s9875)
neg, 0.09873053788277822, down(s2547)
neg, 0.3986884403703835, down(s13732)
neg, 0.4187477569756441, down(s8826)
neg, 0.3711447722328927, down(s13504)
neg, 0.25000262275955154, down(s16259)
neg, 0.3683188617411942, down(s6465)
neg, 0.35491119668193866, down(s7145)
neg, 0.3629945998315628, down(s8284)
neg, 0.06393154642659542, down(s15953)
neg, 0.3296655349554983, down(s1905)
neg, 0.0967112518842771, down(s875)
neg, 0.564593435746422, down(s2129)
neg, 0.2266329363009711, down(s4333)
neg, 0.6658998364670239, down(s648)
neg, 0.13928663580086365, down(s1369)
neg, 0.5652440148806482, down(s8090)
neg, 0.2947368993100665, down(s9130)
neg, 0.3182854236900312, down(s9858)
neg, 0.4869252499373969, down(s4899)
neg, 0.527715893598836, down(s13890)
neg, 0.2266329363009711, down(s7543)
neg, 0.2905613558102825, down(s7361)
neg, 0.38608782803791836, down(s9523)
neg, 0.2766179697470702, down(s6484)
neg, 0.41542148797649786, down(s4192)
neg, 0.06393743067323542, down(s11703)
neg, 0.29856772870189385, down(s13470)
neg, 0.2985128690710111, down(s13705)
neg, 0.2266329363009711, down(s16140)
neg, 0.2266329363009711, down(s13292)
neg, 0.5069046545687161, down(s8875)
neg, 0.2886546389865107, down(s2183)
neg, 0.3959069432459089, down(s8061)
neg, 0.2597435692043695, down(s8647)
neg, 0.29743797961870927, down(s8345)
neg, 0.2641711495227646, down(s16573)
neg, 0.3931892580171672, down(s6752)
neg, 0.12779728962514944, down(s5937)
neg, 0.63524566546579, down(s8182)
neg, 0.10794951478191267, down(s8573)
neg, 0.13210434730259418, down(s11405)
neg, 0.11589300640634483, down(s12932)
neg, 0.63524566546579, down(s8188)
neg, 0.2885767848535846, down(s6287)
neg, 0.3565494312853294, down(s4913)
neg, 0.6606673293598472, down(s5482)
neg, 0.2266329363009711, down(s2859)
neg, 0.6606673293598472, down(s5474)
neg, 0.07945296458108346, down(s4030)
neg, 0.12779728962514944, down(s9339)
neg, 0.08712767004641708, down(s1847)
neg, 0.2266329363009711, down(s2817)
neg, 0.3802630202133896, down(s11235)
neg, 0.3388584226591677, down(s11221)
neg, 0.14373486587357326, down(s11943)
neg, 0.5264209903429636, down(s16036)
neg, 0.15149239037940376, down(s16632)
neg, 0.09289783117172533, down(s5862)
neg, 0.2266329363009711, down(s1251)
neg, 0.3683188617411942, down(s1544)
neg, 0.2266329363009711, down(s16218)
neg, 0.26997068524440704, down(s6248)
neg, 0.11446498973481146, down(s12913)
neg, 0.41542148797649786, down(s4231)
neg, 0.2588878761319511, down(s7879)
neg, 0.15149239037940376, down(s16637)
neg, 0.1347190957927735, down(s2083)
neg, 0.15713391037695326, down(s6052)
neg, 0.27754047681260297, down(s12405)
neg, 0.12195363305932763, down(s15796)
neg, 0.45771178323065115, down(s1437)
neg, 0.2266329363009711, down(s4251)
neg, 0.41052708807916277, down(s17085)
neg, 0.41542148797649786, down(s4228)
neg, 0.2266329363009711, down(s1295)
neg, 0.09684615329598359, down(s6158)
neg, 0.14186885355242074, down(s452)
neg, 0.3499254302892637, down(s588)
neg, 0.1347190957927735, down(s2094)
neg, 0.2266329363009711, down(s10790)
neg, 0.20845094523706012, down(s12186)
neg, 0.33233711229269847, down(s1611)
neg, 0.12779728962514944, down(s5918)
neg, 0.3565494312853294, down(s4914)
neg, 0.2266329363009711, down(s13294)
neg, 0.07693964705420517, down(s9120)
neg, 0.41542148797649786, down(s4151)
neg, 0.5336962986272147, down(s9994)
neg, 0.4382278895093195, down(s6940)
neg, 0.3986560372561825, down(s14040)
neg, 0.09684615329598359, down(s6136)
neg, 0.2266329363009711, down(s2791)
neg, 0.17534474510437756, down(s11379)
neg, 0.3239190271385661, down(s607)
neg, 0.0766417233155694, down(s14577)
neg, 0.3104315541756389, down(s7777)
neg, 0.3537276206319227, down(s16738)
neg, 0.2885767848535846, down(s6291)
neg, 0.38608782803791836, down(s9516)
neg, 0.0810841314071738, down(s10431)
neg, 0.4821042512691278, down(s14141)
neg, 0.2905613558102825, down(s7427)
neg, 0.36405840457476957, down(s16470)
neg, 0.2885767848535846, down(s1690)
neg, 0.2266329363009711, down(s69)
neg, 0.2687484002858571, down(s6472)
neg, 0.41542148797649786, down(s4170)
neg, 0.06931737150497673, down(s15339)
neg, 0.1546918580922032, down(s5839)
neg, 0.07163595742473707, down(s2632)
neg, 0.09873053788277822, down(s7167)
neg, 0.30402210307880667, down(s8101)
neg, 0.13065034342244985, down(s10965)
neg, 0.23080024072130667, down(s5273)
neg, 0.36405840457476957, down(s249)
neg, 0.41542148797649786, down(s4148)
neg, 0.07175043481641964, down(s16393)
neg, 0.2266329363009711, down(s13342)
neg, 0.4787702463264807, down(s17058)
neg, 0.2768883321708275, down(s3699)
neg, 0.37221263169857677, down(s15127)
neg, 0.09684615329598359, down(s4544)
neg, 0.17534474510437756, down(s11388)
neg, 0.25298031325520665, down(s12470)
neg, 0.37173565523483615, down(s6591)
neg, 0.3104315541756389, down(s7772)
neg, 0.1029726449244645, down(s2600)
neg, 0.17273383202482467, down(s15075)
neg, 0.1925246422614943, down(s14293)
neg, 0.17738569745687677, down(s13757)
neg, 0.11238705787261262, down(s13019)
neg, 0.41286502075754355, down(s15266)
neg, 0.10638616530867191, down(s12782)
neg, 0.13473788450111557, down(s9655)
neg, 0.2266329363009711, down(s13274)
neg, 0.5957515578354995, down(s4569)
neg, 0.15738399317683846, down(s12358)
neg, 0.12779728962514944, down(s5892)
neg, 0.36405840457476957, down(s16406)
neg, 0.5187067019906118, down(s11129)
neg, 0.2779709101349947, down(s11022)
neg, 0.32458853731249965, down(s2190)
neg, 0.26680698053004176, down(s13419)
neg, 0.47200646859070755, down(s16988)
neg, 0.15713391037695326, down(s6059)
neg, 0.2266329363009711, down(s14899)
neg, 0.2547672687291304, down(s16832)
neg, 0.12443826681244476, down(s1519)
neg, 0.1951322731022291, down(s3808)
neg, 0.25000262275955154, down(s4398)
neg, 0.2013701485779345, down(s6429)
neg, 0.32758103411767386, down(s7090)
neg, 0.15257528876088874, down(s1503)
neg, 0.2266329363009711, down(s115)
neg, 0.48827452088529033, down(s15133)
neg, 0.36405840457476957, down(s16441)
neg, 0.36405840457476957, down(s234)
neg, 0.4541914342280992, down(s8800)
neg, 0.14917705867839967, down(s7007)
neg, 0.13520636006537684, down(s11770)
neg, 0.1205513824815779, down(s2943)
neg, 0.24021022865464914, down(s3863)
neg, 0.12571925588028798, down(s15914)
neg, 0.2013701485779345, down(s1620)
neg, 0.36111436900492117, down(s15100)
neg, 0.2266329363009711, down(s16209)
neg, 0.3959069432459089, down(s8068)
neg, 0.12203124989020052, down(s10628)
neg, 0.6164478300535303, down(s4690)
neg, 0.07163595742473707, down(s2664)
neg, 0.25298031325520665, down(s12465)
neg, 0.18373808047724224, down(s4783)
neg, 0.36405840457476957, down(s2344)
neg, 0.26680698053004176, down(s7688)
neg, 0.2266329363009711, down(s14862)
neg, 0.22903591665694611, down(s3075)
neg, 0.1546918580922032, down(s5781)
neg, 0.10794951478191267, down(s16665)
neg, 0.20845094523706012, down(s12196)
neg, 0.1546918580922032, down(s5789)
neg, 0.27378709573435966, down(s12051)
neg, 0.2905613558102825, down(s7355)
neg, 0.27378709573435966, down(s12052)
neg, 0.23080024072130667, down(s11260)
neg, 0.0987163258251038, down(s11543)
neg, 0.5069046545687161, down(s15739)
neg, 0.2091237650768918, down(s1593)
neg, 0.4308387892902788, down(s8688)
neg, 0.15717894329839388, down(s15352)
neg, 0.36405840457476957, down(s16518)
neg, 0.25992537363327534, down(s4665)
neg, 0.2266329363009711, down(s4264)
neg, 0.3106495970565357, down(s10335)
neg, 0.5069046545687161, down(s8862)
neg, 0.4724102889910966, down(s15578)
neg, 0.32458853731249965, down(s2209)
neg, 0.11446498973481146, down(s12918)
neg, 0.32458853731249965, down(s2212)
neg, 0.33722134390455527, down(s3877)
neg, 0.4937431106726407, down(s12554)
neg, 0.33644331934224564, down(s9960)
neg, 0.27164113224192815, down(s12890)
neg, 0.15713391037695326, down(s6024)
neg, 0.22903591665694611, down(s15530)
neg, 0.1156517191737231, down(s8998)
neg, 0.12779728962514944, down(s5924)
neg, 0.1854541498066363, down(s514)
neg, 0.36236658237314573, down(s6965)
neg, 0.3182854236900312, down(s3182)
neg, 0.14194024594994925, down(s7228)
neg, 0.06608017877108156, down(s10455)
neg, 0.23080024072130667, down(s5263)
neg, 0.3371873206393223, down(s13205)
neg, 0.32458853731249965, down(s2200)
neg, 0.2201848012778942, down(s13378)
neg, 0.2905613558102825, down(s7393)
neg, 0.2201848012778942, down(s7606)
neg, 0.13520636006537684, down(s11831)
neg, 0.10679321600247103, down(s15592)
neg, 0.09873053788277822, down(s2519)
neg, 0.2946444938180355, down(s12801)
neg, 0.12196967092056007, down(s14278)
neg, 0.47312019372944325, down(s8443)
neg, 0.2985128690710111, down(s13704)
neg, 0.15866854697318522, down(s14768)
neg, 0.07174388663905978, down(s17131)
neg, 0.15713391037695326, down(s6023)
neg, 0.15257528876088874, down(s1504)
neg, 0.2886546389865107, down(s530)
neg, 0.1156517191737231, down(s8996)
neg, 0.09873053788277822, down(s12342)
neg, 0.27378709573435966, down(s12060)
neg, 0.21950799660539813, down(s5250)
neg, 0.14373486587357326, down(s11933)
neg, 0.07163595742473707, down(s2662)
neg, 0.39447848994368845, down(s15174)
neg, 0.3909127329735201, down(s12823)
neg, 0.12779728962514944, down(s5908)
neg, 0.5884339468327726, down(s1818)
neg, 0.0803695941277005, down(s14573)
neg, 0.36988521623188836, down(s6909)
neg, 0.28115365581357793, down(s6274)
neg, 0.2772333366885189, down(s6584)
neg, 0.5264209903429636, down(s1125)
neg, 0.32159341446029993, down(s10201)
neg, 0.058852161001250236, down(s13087)
neg, 0.10638616530867191, down(s9816)
neg, 0.6389121001173089, down(s12549)
neg, 0.36405840457476957, down(s16487)
neg, 0.2266329363009711, down(s7531)
neg, 0.35491119668193866, down(s7151)
neg, 0.27164113224192815, down(s15770)
neg, 0.06931737150497673, down(s15336)
neg, 0.05800092625854585, down(s5721)
neg, 0.17534474510437756, down(s3952)
neg, 0.36405840457476957, down(s16504)
neg, 0.2266329363009711, down(s2894)
neg, 0.39276211685802725, down(s4966)
neg, 0.13473788450111557, down(s9659)
neg, 0.18373808047724224, down(s4771)
neg, 0.2266329363009711, down(s1151)
neg, 0.519744668949508, down(s15549)
neg, 0.08234716825929404, down(s14535)
neg, 0.07163595742473707, down(s2647)
neg, 0.07174388663905978, down(s17096)
neg, 0.2779709101349947, down(s11093)
neg, 0.3499254302892637, down(s587)
neg, 0.17931607697791493, down(s9083)
neg, 0.2586545002242346, down(s15644)
neg, 0.07015776253239578, down(s14802)
neg, 0.47312019372944325, down(s6339)
neg, 0.1205513824815779, down(s2963)
neg, 0.08234716825929404, down(s14546)
neg, 0.13520636006537684, down(s11822)
neg, 0.05778925764568756, down(s9211)
neg, 0.21807430217405202, down(s8548)
neg, 0.23080024072130667, down(s11241)
neg, 0.6816571910555992, down(s15438)
neg, 0.27378709573435966, down(s12082)
neg, 0.612589243752879, down(s8234)
neg, 0.24648751603195332, down(s6475)
neg, 0.21163165214081997, down(s12412)
neg, 0.10437258554572004, down(s5569)
neg, 0.14186885355242074, down(s448)
neg, 0.3629945998315628, down(s4942)
neg, 0.2266329363009711, down(s14900)
neg, 0.4869252499373969, down(s5360)
neg, 0.2985128690710111, down(s1591)
neg, 0.12571925588028798, down(s1130)
neg, 0.3371873206393223, down(s13142)
neg, 0.27378709573435966, down(s12039)
neg, 0.09092541604212813, down(s927)
neg, 0.32758103411767386, down(s7091)
neg, 0.05778925764568756, down(s9213)
neg, 0.3106495970565357, down(s10336)
neg, 0.2940459727703066, down(s9562)
neg, 0.12779728962514944, down(s10699)
neg, 0.20853473419520935, down(s4247)
neg, 0.26680698053004176, down(s7692)
neg, 0.06393154642659542, down(s15909)
neg, 0.17979645957758594, down(s8632)
neg, 0.36405840457476957, down(s16430)
neg, 0.06516058637914396, down(s883)
neg, 0.3959069432459089, down(s8027)
neg, 0.23080024072130667, down(s5270)
neg, 0.2266329363009711, down(s2826)
neg, 0.2266329363009711, down(s108)
neg, 0.06393743067323542, down(s11672)
neg, 0.3389554332121701, down(s387)
neg, 0.07174388663905978, down(s17136)
neg, 0.14186885355242074, down(s444)
neg, 0.06189654754382306, down(s2595)
neg, 0.09684615329598359, down(s788)
neg, 0.5082544456482098, down(s15179)
neg, 0.3959069432459089, down(s3493)
neg, 0.23749190463468692, down(s6889)
neg, 0.49692329161913584, down(s10139)

