pos, 0.279155637061725, right(srz24618672560)
pos, 0.20238779867379567, right(srz246186710200)
pos, 0.23411182129462718, right(srz24618673258)
pos, 0.22335882248171707, right(srz24618675324)
pos, 0.23411182129462718, right(srz24618677684)
pos, 0.270952319943303, right(srz24618674538)
pos, 0.20238779867379567, right(srz24618678551)
pos, 0.20238779867379567, right(srz24618674707)
pos, 0.23411182129462718, right(srz24618679725)
pos, 0.20238779867379567, right(srz24618678773)
pos, 0.23411182129462718, right(srz24618677705)
pos, 0.20238779867379567, right(srz246186714395)
pos, 0.22335882248171707, right(srz24618671862)
pos, 0.270952319943303, right(srz24618674560)
pos, 0.20238779867379567, right(srz24618675089)
pos, 0.20238779867379567, right(srz246186711136)
pos, 0.23411182129462718, right(srz24618678895)
pos, 0.270952319943303, right(srz24618672090)
pos, 0.270952319943303, right(srz24618672092)
pos, 0.20238779867379567, right(srz24618676761)
pos, 0.279155637061725, right(srz24618671848)
pos, 0.20238779867379567, right(srz246186716301)
pos, 0.20238779867379567, right(srz246186714049)
pos, 0.270952319943303, right(srz2461867821)
pos, 0.279155637061725, right(srz246186710300)
pos, 0.270952319943303, right(srz2461867797)
pos, 0.20238779867379567, right(srz24618675383)
pos, 0.270952319943303, right(srz2461867809)
pos, 0.279155637061725, right(srz246186710278)
pos, 0.270952319943303, right(srz246186711409)
pos, 0.2393699610524666, right(srz24618679111)
pos, 0.270952319943303, right(srz246186711377)
pos, 0.270952319943303, right(srz2461867799)
pos, 0.20238779867379567, right(srz246186711139)
pos, 0.23411182129462718, right(srz246186715385)
pos, 0.16534236174919958, right(srz24618676463)
pos, 0.23411182129462718, right(srz24618672282)
pos, 0.279155637061725, right(srz246186714275)
pos, 0.270952319943303, right(srz24618674521)
pos, 0.279155637061725, right(srz24618677209)
pos, 0.23411182129462718, right(srz246186711076)
pos, 0.16534236174919958, right(srz2461867596)
pos, 0.279155637061725, right(srz246186714212)
pos, 0.23411182129462718, right(srz24618673235)
pos, 0.20238779867379567, right(srz24618678774)
pos, 0.270952319943303, right(srz24618673999)
pos, 0.22335882248171707, right(srz24618679826)
pos, 0.20238779867379567, right(srz246186715132)
pos, 0.2516790776782916, right(srz2461867182)
pos, 0.270952319943303, right(srz24618672095)
pos, 0.1332081935458371, right(srz24618677096)
pos, 0.279155637061725, right(srz246186710291)
pos, 0.20238779867379567, right(srz246186710985)
pos, 0.20238779867379567, right(srz24618676643)
pos, 0.22335882248171707, right(srz24618671526)
pos, 0.270952319943303, right(srz246186711380)
pos, 0.12688632616944576, right(srz246186712388)
pos, 0.23411182129462718, right(srz246186715222)
pos, 0.20238779867379567, right(srz246186716300)
pos, 0.18333193000285317, right(srz24618679569)
pos, 0.20238779867379567, right(srz24618678403)
pos, 0.23411182129462718, right(srz24618679715)
pos, 0.20238779867379567, right(srz246186710083)
pos, 0.270952319943303, right(srz24618673965)
pos, 0.12688632616944576, right(srz24618671513)
pos, 0.23411182129462718, right(srz246186712666)
pos, 0.20238779867379567, right(srz24618676651)
pos, 0.22335882248171707, right(srz246186712877)
pos, 0.12688632616944576, right(srz24618671680)
pos, 0.13264769949256902, right(srz2461867145)
pos, 0.2516790776782916, right(srz246186712218)
pos, 0.23411182129462718, right(srz24618673851)
pos, 0.20238779867379567, right(srz246186710080)
pos, 0.270952319943303, right(srz24618673961)
pos, 0.20238779867379567, right(srz246186710983)
pos, 0.16534236174919958, right(srz24618677949)
pos, 0.279155637061725, right(srz246186712787)
pos, 0.23411182129462718, right(srz24618678736)
pos, 0.23411182129462718, right(srz24618676331)
pos, 0.23411182129462718, right(srz24618677679)
pos, 0.16534236174919958, right(srz246186715022)
pos, 0.20238779867379567, right(srz246186710202)
pos, 0.20238779867379567, right(srz24618677155)
pos, 0.270952319943303, right(srz246186710237)
pos, 0.20238779867379567, right(srz24618678904)
pos, 0.20238779867379567, right(srz246186714036)
pos, 0.20238779867379567, right(srz24618677087)
pos, 0.23411182129462718, right(srz24618677698)
pos, 0.279155637061725, right(srz24618679803)
pos, 0.22335882248171707, right(srz24618678557)
pos, 0.20238779867379567, right(srz246186715397)
pos, 0.16534236174919958, right(srz24618673028)
pos, 0.23411182129462718, right(srz246186716711)
pos, 0.20238779867379567, right(srz246186710988)
pos, 0.23411182129462718, right(srz24618678701)
pos, 0.20238779867379567, right(srz24618677081)
pos, 0.23411182129462718, right(srz24618678620)
pos, 0.23411182129462718, right(srz24618678723)
pos, 0.23411182129462718, right(srz24618677691)
pos, 0.270952319943303, right(srz2461867792)
pos, 0.20238779867379567, right(srz246186715735)
pos, 0.16534236174919958, right(srz24618677920)
pos, 0.20238779867379567, right(srz24618678901)
pos, 0.270952319943303, right(srz246186710044)
pos, 0.270952319943303, right(srz246186710225)
pos, 0.13264769949256902, right(srz2461867159)
pos, 0.16534236174919958, right(srz24618671556)
pos, 0.270952319943303, right(srz24618679786)
pos, 0.20238779867379567, right(srz246186711239)
pos, 0.20238779867379567, right(srz246186710095)
pos, 0.270952319943303, right(srz2461867815)
pos, 0.270952319943303, right(srz24618676171)
pos, 0.270952319943303, right(srz246186711402)
pos, 0.20238779867379567, right(srz246186710254)
pos, 0.270952319943303, right(srz24618671524)
pos, 0.22335882248171707, right(srz24618675323)
pos, 0.20238779867379567, right(srz24618678186)
pos, 0.270952319943303, right(srz24618672074)
pos, 0.20238779867379567, right(srz24618678196)
pos, 0.270952319943303, right(srz2461867817)
pos, 0.18333193000285317, right(srz246186712147)
pos, 0.270952319943303, right(srz24618675316)
pos, 0.20238779867379567, right(srz246186712310)
pos, 0.23411182129462718, right(srz24618678738)
pos, 0.16534236174919958, right(srz24618671552)
pos, 0.20238779867379567, right(srz24618678543)
pos, 0.2516790776782916, right(srz246186712194)
pos, 0.279155637061725, right(srz24618677175)
pos, 0.20238779867379567, right(srz246186712844)
pos, 0.279155637061725, right(srz246186714204)
pos, 0.16534236174919958, right(srz24618679746)
pos, 0.20238779867379567, right(srz24618675080)
pos, 0.270952319943303, right(srz24618676152)
pos, 0.270952319943303, right(srz24618672066)
pos, 0.279155637061725, right(srz24618677194)
pos, 0.16534236174919958, right(srz24618677925)
pos, 0.23411182129462718, right(srz24618678734)
pos, 0.270952319943303, right(srz24618674523)
pos, 0.23411182129462718, right(srz2461867403)
pos, 0.23411182129462718, right(srz24618678633)
pos, 0.23411182129462718, right(srz24618673864)
pos, 0.20238779867379567, right(srz24618675066)
pos, 0.16534236174919958, right(srz24618677943)
pos, 0.270952319943303, right(srz24618676874)
pos, 0.20238779867379567, right(srz24618676754)
pos, 0.279155637061725, right(srz24618672544)
pos, 0.18333193000285317, right(srz246186714540)
pos, 0.270952319943303, right(srz24618674552)
pos, 0.23411182129462718, right(srz246186712283)
pos, 0.270952319943303, right(srz2461867820)
pos, 0.270952319943303, right(srz24618677156)
pos, 0.20238779867379567, right(srz24618674492)
pos, 0.279155637061725, right(srz24618679801)
pos, 0.20238779867379567, right(srz246186714034)
pos, 0.270952319943303, right(srz24618672081)
pos, 0.23411182129462718, right(srz24618675093)
pos, 0.23411182129462718, right(srz24618677669)
pos, 0.23411182129462718, right(srz24618673312)
pos, 0.20238779867379567, right(srz246186711143)
pos, 0.279155637061725, right(srz24618672564)
pos, 0.20238779867379567, right(srz246186714025)
pos, 0.23411182129462718, right(srz24618678732)
pos, 0.270952319943303, right(srz246186711407)
pos, 0.270952319943303, right(srz24618674517)
pos, 0.270952319943303, right(srz24618674528)
pos, 0.20238779867379567, right(srz246186713518)
pos, 0.16534236174919958, right(srz24618671551)
pos, 0.16534236174919958, right(srz24618676300)
pos, 0.23411182129462718, right(srz246186715395)
pos, 0.270952319943303, right(srz246186713928)
pos, 0.20238779867379567, right(srz24618676941)
pos, 0.20238779867379567, right(srz24618678902)
pos, 0.20238779867379567, right(srz24618676644)
pos, 0.270952319943303, right(srz24618674556)
pos, 0.23411182129462718, right(srz24618679735)
pos, 0.20238779867379567, right(srz24618678203)
pos, 0.23411182129462718, right(srz24618671429)
pos, 0.270952319943303, right(srz24618674550)
pos, 0.23411182129462718, right(srz24618673328)
pos, 0.20238779867379567, right(srz246186716735)
pos, 0.279155637061725, right(srz246186716916)
pos, 0.20238779867379567, right(srz24618678763)
pos, 0.12688632616944576, right(srz246186710076)
pos, 0.270952319943303, right(srz24618679025)
pos, 0.23411182129462718, right(srz24618678716)
pos, 0.16534236174919958, right(srz24618671565)
pos, 0.279155637061725, right(srz246186714180)
pos, 0.23411182129462718, right(srz246186715384)
pos, 0.23411182129462718, right(srz24618677686)
pos, 0.16534236174919958, right(srz24618676385)
pos, 0.270952319943303, right(srz24618675550)
pos, 0.279155637061725, right(srz24618672512)
pos, 0.279155637061725, right(srz246186716569)
pos, 0.22335882248171707, right(srz24618678616)
pos, 0.23411182129462718, right(srz24618676727)
pos, 0.16534236174919958, right(srz2461867740)
pos, 0.23411182129462718, right(srz24618679724)
pos, 0.270952319943303, right(srz246186711404)
pos, 0.20238779867379567, right(srz246186714054)
pos, 0.20238779867379567, right(srz246186715741)
pos, 0.20238779867379567, right(srz246186711144)
pos, 0.18333193000285317, right(srz246186712143)
pos, 0.270952319943303, right(srz24618679015)
pos, 0.270952319943303, right(srz24618672077)
pos, 0.270952319943303, right(srz24618675572)
pos, 0.20238779867379567, right(srz24618678766)
pos, 0.23411182129462718, right(srz24618673264)
pos, 0.279155637061725, right(srz24618672561)
pos, 0.279155637061725, right(srz24618672563)
pos, 0.23411182129462718, right(srz24618673330)
pos, 0.270952319943303, right(srz24618674562)
pos, 0.279155637061725, right(srz246186710212)
pos, 0.23411182129462718, right(srz24618679716)
pos, 0.20238779867379567, right(srz246186711294)
pos, 0.23411182129462718, right(srz24618677729)
pos, 0.279155637061725, right(srz24618677223)
pos, 0.270952319943303, right(srz24618674554)
pos, 0.270952319943303, right(srz246186710963)
pos, 0.22335882248171707, right(srz246186712883)
pos, 0.20238779867379567, right(srz246186712404)
pos, 0.20238779867379567, right(srz246186711154)
pos, 0.270952319943303, right(srz246186715697)
pos, 0.270952319943303, right(srz2461867833)
pos, 0.16534236174919958, right(srz24618671739)
pos, 0.23411182129462718, right(srz24618677822)
pos, 0.279155637061725, right(srz24618677203)
pos, 0.20238779867379567, right(srz246186715762)
pos, 0.20238779867379567, right(srz24618678202)
pos, 0.23411182129462718, right(srz24618673045)
pos, 0.20238779867379567, right(srz24618677079)
pos, 0.270952319943303, right(srz246186710239)
pos, 0.12688632616944576, right(srz24618677153)
pos, 0.20238779867379567, right(srz24618678194)
pos, 0.279155637061725, right(srz246186710277)
pos, 0.270952319943303, right(srz24618679006)
pos, 0.270952319943303, right(srz24618675571)
pos, 0.20238779867379567, right(srz24618678183)
pos, 0.279155637061725, right(srz24618677205)
pos, 0.270952319943303, right(srz2461867836)
pos, 0.2516790776782916, right(srz246186712193)
pos, 0.23411182129462718, right(srz2461867693)
pos, 0.20238779867379567, right(srz246186715756)
pos, 0.16534236174919958, right(srz2461867599)
pos, 0.20238779867379567, right(srz246186714386)
pos, 0.270952319943303, right(srz24618674555)
pos, 0.270952319943303, right(srz2461867824)
pos, 0.23411182129462718, right(srz24618673263)
pos, 0.20238779867379567, right(srz24618674565)
pos, 0.23411182129462718, right(srz246186713806)
pos, 0.23411182129462718, right(srz24618679718)
pos, 0.20238779867379567, right(srz246186710973)
pos, 0.23411182129462718, right(srz24618679739)
pos, 0.16534236174919958, right(srz24618671537)
pos, 0.23411182129462718, right(srz24618673855)
pos, 0.270952319943303, right(srz246186710240)
pos, 0.23411182129462718, right(srz24618671682)
pos, 0.279155637061725, right(srz24618677196)
pos, 0.270952319943303, right(srz24618677158)
pos, 0.270952319943303, right(srz24618673996)
pos, 0.16534236174919958, right(srz24618677921)
pos, 0.23411182129462718, right(srz24618678713)
pos, 0.18333193000285317, right(srz246186714538)
pos, 0.23411182129462718, right(srz24618673191)
pos, 0.23411182129462718, right(srz24618671691)
pos, 0.16534236174919958, right(srz24618672126)
pos, 0.279155637061725, right(srz24618677224)
pos, 0.270952319943303, right(srz24618679023)
pos, 0.23411182129462718, right(srz24618673048)
pos, 0.279155637061725, right(srz246186714210)
pos, 0.20238779867379567, right(srz24618675362)
pos, 0.18333193000285317, right(srz246186711549)
pos, 0.16534236174919958, right(srz2461867601)
pos, 0.270952319943303, right(srz24618675563)
pos, 0.23411182129462718, right(srz246186715223)
pos, 0.23411182129462718, right(srz24618679742)
pos, 0.270952319943303, right(srz246186710236)
pos, 0.270952319943303, right(srz24618676160)
pos, 0.279155637061725, right(srz246186714194)
pos, 0.23411182129462718, right(srz24618673241)
pos, 0.23411182129462718, right(srz24618673037)
pos, 0.23411182129462718, right(srz24618679737)
pos, 0.20238779867379567, right(srz24618674700)
pos, 0.16534236174919958, right(srz24618677932)
pos, 0.13264769949256902, right(srz246186710463)
pos, 0.20238779867379567, right(srz24618674894)
pos, 0.20238779867379567, right(srz24618678741)
pos, 0.20238779867379567, right(srz246186712312)
pos, 0.23411182129462718, right(srz246186710376)
pos, 0.279155637061725, right(srz24618672549)
pos, 0.16534236174919958, right(srz24618676303)
pos, 0.279155637061725, right(srz246186716576)
pos, 0.23411182129462718, right(srz246186715387)
pos, 0.270952319943303, right(srz246186710226)
pos, 0.20238779867379567, right(srz246186715152)
pos, 0.20238779867379567, right(srz246186715154)
pos, 0.18333193000285317, right(srz246186714548)
pos, 0.20238779867379567, right(srz246186711127)
pos, 0.23411182129462718, right(srz24618678894)
pos, 0.270952319943303, right(srz24618676159)
pos, 0.2516790776782916, right(srz24618679039)
pos, 0.279155637061725, right(srz24618677202)
pos, 0.270952319943303, right(srz24618674512)
pos, 0.270952319943303, right(srz246186710242)
pos, 0.23411182129462718, right(srz24618674910)
pos, 0.2516790776782916, right(srz246186714562)
pos, 0.20238779867379567, right(srz246186716728)
pos, 0.18333193000285317, right(srz24618679567)
pos, 0.23411182129462718, right(srz24618679722)
pos, 0.20238779867379567, right(srz246186716296)
pos, 0.279155637061725, right(srz24618677211)
pos, 0.23411182129462718, right(srz24618676726)
pos, 0.270952319943303, right(srz24618671518)
pos, 0.270952319943303, right(srz24618671515)
pos, 0.16534236174919958, right(srz2461867293)
pos, 0.270952319943303, right(srz246186711376)
pos, 0.270952319943303, right(srz24618676172)
pos, 0.279155637061725, right(srz24618677221)
pos, 0.20238779867379567, right(srz24618678238)
pos, 0.279155637061725, right(srz246186712771)
pos, 0.1307626901162914, right(srz246186716931)
pos, 0.20238779867379567, right(srz24618678205)
pos, 0.20238779867379567, right(srz246186716298)
pos, 0.270952319943303, right(srz24618673980)
pos, 0.20238779867379567, right(srz246186710079)
pos, 0.270952319943303, right(srz2461867789)
pos, 0.279155637061725, right(srz246186710272)
pos, 0.279155637061725, right(srz24618671861)
pos, 0.270952319943303, right(srz246186711418)
pos, 0.23411182129462718, right(srz24618671426)
pos, 0.20238779867379567, right(srz246186714384)
pos, 0.20238779867379567, right(srz246186710256)
pos, 0.270952319943303, right(srz2461867804)
pos, 0.270952319943303, right(srz24618674546)
pos, 0.279155637061725, right(srz24618671857)
pos, 0.23411182129462718, right(srz24618673237)
pos, 0.23411182129462718, right(srz2461867692)
pos, 0.16534236174919958, right(srz246186712512)
pos, 0.23411182129462718, right(srz24618673185)
pos, 0.279155637061725, right(srz24618679806)
pos, 0.270952319943303, right(srz24618675551)
pos, 0.16534236174919958, right(srz24618679743)
pos, 0.20238779867379567, right(srz246186710094)
pos, 0.270952319943303, right(srz24618675562)
pos, 0.20238779867379567, right(srz24618678250)
pos, 0.23411182129462718, right(srz24618676320)
pos, 0.20238779867379567, right(srz24618675386)
pos, 0.16534236174919958, right(srz24618676467)
pos, 0.270952319943303, right(srz24618675564)
pos, 0.22335882248171707, right(srz24618671529)
pos, 0.16534236174919958, right(srz246186712517)
pos, 0.20238779867379567, right(srz246186710989)
pos, 0.270952319943303, right(srz24618674003)
pos, 0.20238779867379567, right(srz24618677083)
pos, 0.279155637061725, right(srz24618671844)
pos, 0.23411182129462718, right(srz24618678626)
pos, 0.23411182129462718, right(srz24618674908)
pos, 0.23411182129462718, right(srz24618673054)
pos, 0.279155637061725, right(srz24618671845)
pos, 0.20238779867379567, right(srz246186714044)
pos, 0.270952319943303, right(srz246186711398)
pos, 0.13264769949256902, right(srz246186710462)
pos, 0.270952319943303, right(srz24618676164)
pos, 0.20238779867379567, right(srz24618676750)
pos, 0.20238779867379567, right(srz24618675067)
pos, 0.23411182129462718, right(srz24618673184)
pos, 0.20238779867379567, right(srz246186710091)
pos, 0.20238779867379567, right(srz24618678899)
pos, 0.23411182129462718, right(srz246186715226)
pos, 0.279155637061725, right(srz246186712788)
pos, 0.23411182129462718, right(srz24618676629)
pos, 0.20238779867379567, right(srz246186714402)
pos, 0.20238779867379567, right(srz246186714387)
pos, 0.23411182129462718, right(srz24618678624)
pos, 0.2516790776782916, right(srz246186714564)
pos, 0.23411182129462718, right(srz24618673260)
pos, 0.20238779867379567, right(srz24618678184)
pos, 0.279155637061725, right(srz246186712783)
pos, 0.279155637061725, right(srz24618672539)
pos, 0.270952319943303, right(srz246186710220)
pos, 0.23411182129462718, right(srz24618673014)
pos, 0.23411182129462718, right(srz24618677668)
pos, 0.20238779867379567, right(srz24618676642)
pos, 0.279155637061725, right(srz246186712343)
pos, 0.20238779867379567, right(srz246186711131)
pos, 0.23411182129462718, right(srz24618678719)
pos, 0.270952319943303, right(srz24618679011)
pos, 0.279155637061725, right(srz246186716570)
pos, 0.270952319943303, right(srz2461867801)
pos, 0.20238779867379567, right(srz246186713543)
pos, 0.20238779867379567, right(srz24618675061)
pos, 0.23411182129462718, right(srz24618673055)
pos, 0.270952319943303, right(srz246186711423)
pos, 0.20238779867379567, right(srz24618675376)
pos, 0.16534236174919958, right(srz24618676380)
pos, 0.279155637061725, right(srz24618677193)
pos, 0.23411182129462718, right(srz24618673238)
pos, 0.23411182129462718, right(srz246186712663)
pos, 0.270952319943303, right(srz24618676142)
pos, 0.279155637061725, right(srz24618677187)
pos, 0.20238779867379567, right(srz24618674897)
pos, 0.279155637061725, right(srz246186712353)
pos, 0.270952319943303, right(srz24618679822)
pos, 0.20238779867379567, right(srz24618678181)
pos, 0.12688632616944576, right(srz246186712813)
pos, 0.12688632616944576, right(srz24618679853)
pos, 0.1307626901162914, right(srz246186710460)
pos, 0.1307626901162914, right(srz24618678833)
pos, 0.16534236174919958, right(srz246186715025)
pos, 0.16534236174919958, right(srz24618672128)
pos, 0.20238779867379567, right(srz246186711132)
pos, 0.16534236174919958, right(srz246186712516)
pos, 0.270952319943303, right(srz246186713919)
pos, 0.2516790776782916, right(srz246186712192)
pos, 0.20238779867379567, right(srz24618678554)
pos, 0.23411182129462718, right(srz24618679732)
pos, 0.20238779867379567, right(srz246186714385)
pos, 0.23411182129462718, right(srz24618673066)
pos, 0.270952319943303, right(srz24618674504)
pos, 0.23411182129462718, right(srz24618678629)
pos, 0.2393699610524666, right(srz24618679157)
pos, 0.23411182129462718, right(srz24618677682)
pos, 0.270952319943303, right(srz246186711421)
pos, 0.2516790776782916, right(srz24618679045)
pos, 0.23411182129462718, right(srz246186712497)
pos, 0.23411182129462718, right(srz246186714015)
pos, 0.23411182129462718, right(srz24618676327)
pos, 0.20238779867379567, right(srz24618677093)
pos, 0.20238779867379567, right(srz246186714023)
pos, 0.23411182129462718, right(srz24618677673)
pos, 0.23411182129462718, right(srz24618679738)
pos, 0.12688632616944576, right(srz24618676458)
pos, 0.270952319943303, right(srz24618674505)
pos, 0.20238779867379567, right(srz246186712873)
pos, 0.270952319943303, right(srz246186715712)
pos, 0.270952319943303, right(srz24618673979)
pos, 0.16534236174919958, right(srz24618671539)
pos, 0.270952319943303, right(srz24618676865)
pos, 0.23411182129462718, right(srz2461867755)
pos, 0.20238779867379567, right(srz246186710082)
pos, 0.20238779867379567, right(srz24618678187)
pos, 0.20238779867379567, right(srz246186715204)
pos, 0.23411182129462718, right(srz24618673181)
pos, 0.270952319943303, right(srz24618676878)
pos, 0.20238779867379567, right(srz24618675082)
pos, 0.23411182129462718, right(srz246186716713)
pos, 0.23411182129462718, right(srz246186713808)
pos, 0.23411182129462718, right(srz246186715028)
pos, 0.23411182129462718, right(srz24618673044)
pos, 0.279155637061725, right(srz246186712340)
pos, 0.20238779867379567, right(srz24618678618)
pos, 0.16534236174919958, right(srz24618677936)
pos, 0.2516790776782916, right(srz24618679052)
pos, 0.270952319943303, right(srz246186710235)
pos, 0.20238779867379567, right(srz246186712872)
pos, 0.20238779867379567, right(srz246186715736)
pos, 0.2516790776782916, right(srz24618679075)
pos, 0.279155637061725, right(srz24618672534)
pos, 0.16534236174919958, right(srz24618671533)
pos, 0.270952319943303, right(srz24618672105)
pos, 0.20238779867379567, right(srz24618677065)
pos, 0.23411182129462718, right(srz24618678396)
pos, 0.20238779867379567, right(srz246186713544)
pos, 0.23411182129462718, right(srz24618676723)
pos, 0.23411182129462718, right(srz24618678625)
pos, 0.270952319943303, right(srz24618676170)
pos, 0.23411182129462718, right(srz24618673854)
pos, 0.23411182129462718, right(srz246186715229)
pos, 0.18333193000285317, right(srz246186714559)
pos, 0.23411182129462718, right(srz24618675243)
pos, 0.20238779867379567, right(srz24618678742)
pos, 0.16534236174919958, right(srz24618677938)
pos, 0.16534236174919958, right(srz246186715015)
pos, 0.20238779867379567, right(srz24618678617)
pos, 0.279155637061725, right(srz246186715676)
pos, 0.270952319943303, right(srz24618674002)
pos, 0.279155637061725, right(srz246186714201)
pos, 0.20238779867379567, right(srz246186712410)
pos, 0.23411182129462718, right(srz24618678621)
pos, 0.16534236174919958, right(srz246186713799)
pos, 0.20238779867379567, right(srz24618677719)
pos, 0.16534236174919958, right(srz2461867703)
pos, 0.279155637061725, right(srz24618671852)
pos, 0.270952319943303, right(srz2461867802)
pos, 0.16534236174919958, right(srz24618672130)
pos, 0.23411182129462718, right(srz24618678623)
pos, 0.270952319943303, right(srz24618676147)
pos, 0.16534236174919958, right(srz246186713797)
pos, 0.279155637061725, right(srz246186716554)
pos, 0.20238779867379567, right(srz24618675378)
pos, 0.20238779867379567, right(srz246186711244)
pos, 0.20238779867379567, right(srz24618678179)
pos, 0.20238779867379567, right(srz246186713517)
pos, 0.279155637061725, right(srz246186710276)
pos, 0.2516790776782916, right(srz246186712210)
pos, 0.270952319943303, right(srz24618673970)
pos, 0.270952319943303, right(srz24618671505)
pos, 0.23411182129462718, right(srz246186716719)
pos, 0.279155637061725, right(srz24618671837)
pos, 0.270952319943303, right(srz24618674519)
pos, 0.279155637061725, right(srz246186716560)
pos, 0.18333193000285317, right(srz246186714558)
pos, 0.20238779867379567, right(srz246186713457)
pos, 0.23411182129462718, right(srz246186715214)
pos, 0.270952319943303, right(srz24618679820)
pos, 0.279155637061725, right(srz24618677190)
pos, 0.270952319943303, right(srz24618677160)
pos, 0.279155637061725, right(srz24618677197)
pos, 0.23411182129462718, right(srz246186715400)
pos, 0.2516790776782916, right(srz24618679088)
pos, 0.270952319943303, right(srz2461867807)
pos, 0.20238779867379567, right(srz246186715046)
pos, 0.22335882248171707, right(srz246186715748)
pos, 0.23411182129462718, right(srz24618678834)
pos, 0.20238779867379567, right(srz24618675384)
pos, 0.279155637061725, right(srz24618672558)
pos, 0.279155637061725, right(srz246186714208)
pos, 0.2516790776782916, right(srz246186712188)
pos, 0.23411182129462718, right(srz24618678533)
pos, 0.16534236174919958, right(srz24618677941)
pos, 0.270952319943303, right(srz24618676868)
pos, 0.270952319943303, right(srz24618672154)
pos, 0.270952319943303, right(srz24618673958)
pos, 0.20238779867379567, right(srz246186715047)
pos, 0.20238779867379567, right(srz246186716776)
pos, 0.23411182129462718, right(srz24618673326)
pos, 0.1307626901162914, right(srz246186712712)
pos, 0.12688632616944576, right(srz24618675357)
pos, 0.20238779867379567, right(srz24618674893)
pos, 0.18333193000285317, right(srz246186711535)
pos, 0.22335882248171707, right(srz246186710244)
pos, 0.22335882248171707, right(srz24618672157)
pos, 0.23411182129462718, right(srz246186712667)
pos, 0.279155637061725, right(srz246186710285)
pos, 0.270952319943303, right(srz24618679016)
pos, 0.20238779867379567, right(srz246186710093)
pos, 0.20238779867379567, right(srz24618677058)
pos, 0.16534236174919958, right(srz24618676191)
pos, 0.279155637061725, right(srz246186710205)
pos, 0.279155637061725, right(srz24618671842)
pos, 0.279155637061725, right(srz24618671853)
pos, 0.279155637061725, right(srz24618677161)
pos, 0.16534236174919958, right(srz2461867595)
pos, 0.2516790776782916, right(srz246186712205)
pos, 0.23411182129462718, right(srz246186713427)
pos, 0.20238779867379567, right(srz24618677696)
pos, 0.279155637061725, right(srz246186714276)
pos, 0.20238779867379567, right(srz24618677697)
pos, 0.279155637061725, right(srz246186712355)
pos, 0.20238779867379567, right(srz24618675068)
pos, 0.270952319943303, right(srz246186711422)
pos, 0.20238779867379567, right(srz246186716767)
pos, 0.20238779867379567, right(srz246186711138)
pos, 0.16534236174919958, right(srz24618673874)
pos, 0.23411182129462718, right(srz24618673017)
pos, 0.270952319943303, right(srz246186716580)
pos, 0.12688632616944576, right(srz24618678614)
pos, 0.270952319943303, right(srz2461867825)
pos, 0.20238779867379567, right(srz24618678743)
pos, 0.2516790776782916, right(srz246186712190)
pos, 0.270952319943303, right(srz24618679000)
pos, 0.20238779867379567, right(srz24618675072)
pos, 0.270952319943303, right(srz24618674514)
pos, 0.23411182129462718, right(srz246186716721)
pos, 0.279155637061725, right(srz24618677213)
pos, 0.2516790776782916, right(srz246186710457)
pos, 0.23411182129462718, right(srz24618678724)
pos, 0.23411182129462718, right(srz246186715389)
pos, 0.23411182129462718, right(srz24618675253)
pos, 0.279155637061725, right(srz24618676178)
pos, 0.270952319943303, right(srz24618672091)
pos, 0.23411182129462718, right(srz24618673043)
pos, 0.279155637061725, right(srz246186712345)
pos, 0.20238779867379567, right(srz246186711103)
pos, 0.279155637061725, right(srz246186710209)
pos, 0.20238779867379567, right(srz246186716768)
pos, 0.23411182129462718, right(srz24618677678)
pos, 0.2393699610524666, right(srz24618679158)
pos, 0.270952319943303, right(srz24618679781)
pos, 0.270952319943303, right(srz24618674543)
pos, 0.270952319943303, right(srz246186710052)
pos, 0.279155637061725, right(srz246186712338)
pos, 0.16534236174919958, right(srz24618671530)
pos, 0.20238779867379567, right(srz24618675367)
pos, 0.20238779867379567, right(srz246186712311)
pos, 0.20238779867379567, right(srz246186712389)
pos, 0.23411182129462718, right(srz246186715227)
pos, 0.20238779867379567, right(srz24618678195)
pos, 0.2393699610524666, right(srz24618679156)
pos, 0.279155637061725, right(srz246186712780)
pos, 0.20238779867379567, right(srz24618678407)
pos, 0.23411182129462718, right(srz246186710378)
pos, 0.23411182129462718, right(srz24618673315)
pos, 0.20238779867379567, right(srz246186714403)
pos, 0.23411182129462718, right(srz24618673064)
pos, 0.20238779867379567, right(srz24618678775)
pos, 0.270952319943303, right(srz24618671521)
pos, 0.2516790776782916, right(srz246186714569)
pos, 0.2516790776782916, right(srz246186712191)
pos, 0.23411182129462718, right(srz246186714013)
pos, 0.20238779867379567, right(srz24618674705)
pos, 0.22335882248171707, right(srz246186710245)
pos, 0.270952319943303, right(srz24618678999)
pos, 0.23411182129462718, right(srz24618678706)
pos, 0.279155637061725, right(srz24618672542)
pos, 0.279155637061725, right(srz24618676181)
pos, 0.20238779867379567, right(srz24618678542)
pos, 0.270952319943303, right(srz246186711408)
pos, 0.1307626901162914, right(srz246186715696)
pos, 0.23411182129462718, right(srz24618675090)
pos, 0.20238779867379567, right(srz246186714045)
pos, 0.279155637061725, right(srz246186716568)
pos, 0.20238779867379567, right(srz24618675081)
pos, 0.20238779867379567, right(srz246186714178)
pos, 0.270952319943303, right(srz2461867811)
pos, 0.279155637061725, right(srz246186715675)
pos, 0.279155637061725, right(srz24618677180)
pos, 0.23411182129462718, right(srz24618673259)
pos, 0.23411182129462718, right(srz24618673247)
pos, 0.22335882248171707, right(srz246186715745)
pos, 0.20238779867379567, right(srz246186712391)
pos, 0.20238779867379567, right(srz24618677695)
pos, 0.23411182129462718, right(srz246186714016)
pos, 0.23411182129462718, right(srz24618674882)
pos, 0.18333193000285317, right(srz24618679570)
pos, 0.270952319943303, right(srz246186711400)
pos, 0.279155637061725, right(srz246186712344)
pos, 0.16534236174919958, right(srz24618671570)
pos, 0.279155637061725, right(srz246186716548)
pos, 0.16534236174919958, right(srz24618671561)
pos, 0.279155637061725, right(srz24618672530)
pos, 0.20238779867379567, right(srz24618677832)
pos, 0.16534236174919958, right(srz24618679700)
pos, 0.20238779867379567, right(srz24618675065)
pos, 0.23411182129462718, right(srz24618675236)
pos, 0.16534236174919958, right(srz24618677934)
pos, 0.279155637061725, right(srz24618677166)
pos, 0.16534236174919958, right(srz24618671545)
pos, 0.279155637061725, right(srz24618677171)
pos, 0.20238779867379567, right(srz24618677057)
pos, 0.270952319943303, right(srz24618674526)
pos, 0.16534236174919958, right(srz24618671549)
pos, 0.20238779867379567, right(srz246186715398)
pos, 0.270952319943303, right(srz24618676163)
pos, 0.2516790776782916, right(srz246186714566)
pos, 0.20238779867379567, right(srz246186711095)
pos, 0.270952319943303, right(srz2461867813)
pos, 0.22335882248171707, right(srz24618672156)
pos, 0.2516790776782916, right(srz24618679044)
pos, 0.23411182129462718, right(srz24618678707)
pos, 0.23411182129462718, right(srz246186715231)
pos, 0.270952319943303, right(srz24618676144)
pos, 0.23411182129462718, right(srz24618674880)
pos, 0.22335882248171707, right(srz246186714287)
pos, 0.2516790776782916, right(srz2461867177)
pos, 0.270952319943303, right(srz24618673986)
pos, 0.16534236174919958, right(srz24618677912)
pos, 0.270952319943303, right(srz24618677227)
pos, 0.20238779867379567, right(srz246186716736)
pos, 0.279155637061725, right(srz246186712331)
pos, 0.23411182129462718, right(srz24618677815)
pos, 0.270952319943303, right(srz24618674524)
pos, 0.20238779867379567, right(srz24618677154)
pos, 0.270952319943303, right(srz24618674530)
pos, 0.270952319943303, right(srz24618679779)
pos, 0.23411182129462718, right(srz246186715130)
pos, 0.270952319943303, right(srz246186711397)
pos, 0.2516790776782916, right(srz24618679073)
pos, 0.20238779867379567, right(srz246186712842)
pos, 0.20238779867379567, right(srz24618677712)
pos, 0.270952319943303, right(srz24618679777)
pos, 0.2516790776782916, right(srz24618679042)
pos, 0.22335882248171707, right(srz24618676185)
pos, 0.16534236174919958, right(srz24618676479)
pos, 0.270952319943303, right(srz24618679003)
pos, 0.23411182129462718, right(srz246186715029)
pos, 0.16534236174919958, right(srz24618671564)
pos, 0.23411182129462718, right(srz24618673025)
pos, 0.23411182129462718, right(srz24618675091)
pos, 0.18333193000285317, right(srz246186714542)
pos, 0.270952319943303, right(srz246186713931)
pos, 0.20238779867379567, right(srz246186716766)
pos, 0.23411182129462718, right(srz246186713514)
pos, 0.20238779867379567, right(srz246186715758)
pos, 0.23411182129462718, right(srz24618673242)
pos, 0.20238779867379567, right(srz24618674702)
pos, 0.270952319943303, right(srz24618678815)
pos, 0.20238779867379567, right(srz24618674885)
pos, 0.20238779867379567, right(srz246186716734)
pos, 0.20238779867379567, right(srz24618674628)
pos, 0.23411182129462718, right(srz24618677690)
pos, 0.23411182129462718, right(srz246186714115)
pos, 0.16534236174919958, right(srz246186715026)
pos, 0.270952319943303, right(srz24618672068)
pos, 0.20238779867379567, right(srz24618676759)
pos, 0.16534236174919958, right(srz2461867598)
pos, 0.23411182129462718, right(srz24618671689)
pos, 0.23411182129462718, right(srz246186713513)
pos, 0.22335882248171707, right(srz246186715753)
pos, 0.23411182129462718, right(srz246186715043)
pos, 0.20238779867379567, right(srz246186711133)
pos, 0.20238779867379567, right(srz246186711149)
pos, 0.23411182129462718, right(srz24618676635)
pos, 0.18333193000285317, right(srz246186711546)
pos, 0.23411182129462718, right(srz24618673041)
pos, 0.20238779867379567, right(srz246186710979)
pos, 0.279155637061725, right(srz246186712781)
pos, 0.270952319943303, right(srz24618674558)
pos, 0.279155637061725, right(srz24618672545)
pos, 0.20238779867379567, right(srz246186710975)
pos, 0.20238779867379567, right(srz246186711152)
pos, 0.20238779867379567, right(srz24618678265)
pos, 0.279155637061725, right(srz246186716550)
pos, 0.2516790776782916, right(srz246186712198)
pos, 0.2516790776782916, right(srz2461867174)
pos, 0.20238779867379567, right(srz24618678550)
pos, 0.23411182129462718, right(srz24618678630)
pos, 0.20238779867379567, right(srz246186714393)
pos, 0.23411182129462718, right(srz246186711195)
pos, 0.16534236174919958, right(srz24618676383)
pos, 0.20238779867379567, right(srz24618675077)
pos, 0.16534236174919958, right(srz246186715027)
pos, 0.23411182129462718, right(srz246186715123)
pos, 0.279155637061725, right(srz24618677173)
pos, 0.16534236174919958, right(srz246186713796)
pos, 0.13264769949256902, right(srz246186710477)
pos, 0.23411182129462718, right(srz246186712819)
pos, 0.279155637061725, right(srz246186713934)
pos, 0.270952319943303, right(srz24618673963)
pos, 0.20238779867379567, right(srz24618675388)
pos, 0.18333193000285317, right(srz246186712152)
pos, 0.23411182129462718, right(srz24618676322)
pos, 0.13264769949256902, right(srz246186710472)
pos, 0.16534236174919958, right(srz24618676306)
pos, 0.279155637061725, right(srz24618672551)
pos, 0.270952319943303, right(srz24618679775)
pos, 0.23411182129462718, right(srz246186715218)
pos, 0.270952319943303, right(srz24618676870)
pos, 0.279155637061725, right(srz24618672546)
pos, 0.279155637061725, right(srz246186716553)
pos, 0.23411182129462718, right(srz24618675244)
pos, 0.20238779867379567, right(srz24618678780)
pos, 0.270952319943303, right(srz246186710046)
pos, 0.279155637061725, right(srz246186712349)
pos, 0.20238779867379567, right(srz246186713458)
pos, 0.20238779867379567, right(srz246186711135)
pos, 0.23411182129462718, right(srz246186716718)
pos, 0.23411182129462718, right(srz246186711078)
pos, 0.20238779867379567, right(srz24618677068)
pos, 0.270952319943303, right(srz24618676176)
pos, 0.23411182129462718, right(srz24618675255)
pos, 0.270952319943303, right(srz24618671517)
pos, 0.20238779867379567, right(srz246186716732)
pos, 0.270952319943303, right(srz24618676137)
pos, 0.270952319943303, right(srz246186715721)
pos, 0.270952319943303, right(srz24618672087)
pos, 0.270952319943303, right(srz2461867838)
pos, 0.2516790776782916, right(srz246186714568)
pos, 0.279155637061725, right(srz246186716914)
pos, 0.12688632616944576, right(srz24618672145)
pos, 0.22335882248171707, right(srz246186710969)
pos, 0.1332081935458371, right(srz24618677097)
pos, 0.270952319943303, right(srz24618676857)
pos, 0.22335882248171707, right(srz24618678555)
pos, 0.270952319943303, right(srz24618676145)
pos, 0.20238779867379567, right(srz24618675058)
pos, 0.279155637061725, right(srz246186712770)
pos, 0.20238779867379567, right(srz246186715142)
pos, 0.270952319943303, right(srz24618674007)
pos, 0.23411182129462718, right(srz246186715126)
pos, 0.279155637061725, right(srz24618679811)
pos, 0.270952319943303, right(srz24618676140)
pos, 0.270952319943303, right(srz24618674511)
pos, 0.2393699610524666, right(srz24618679108)
pos, 0.270952319943303, right(srz246186713936)
pos, 0.270952319943303, right(srz24618674539)
pos, 0.12688632616944576, right(srz2461867585)
pos, 0.23411182129462718, right(srz24618674881)
pos, 0.23411182129462718, right(srz24618673853)
pos, 0.279155637061725, right(srz246186714285)
pos, 0.270952319943303, right(srz24618673964)
pos, 0.16534236174919958, right(srz2461867739)
pos, 0.20238779867379567, right(srz24618674703)
pos, 0.23411182129462718, right(srz24618676326)
pos, 0.270952319943303, right(srz24618676153)
pos, 0.22335882248171707, right(srz24618674008)
pos, 0.2393699610524666, right(srz24618679110)
pos, 0.20238779867379567, right(srz24618678228)
pos, 0.279155637061725, right(srz246186716565)
pos, 0.270952319943303, right(srz246186715687)
pos, 0.16534236174919958, right(srz24618671560)
pos, 0.279155637061725, right(srz246186712354)
pos, 0.22335882248171707, right(srz246186710243)
pos, 0.270952319943303, right(srz246186710227)
pos, 0.23411182129462718, right(srz24618678771)
pos, 0.2516790776782916, right(srz2461867166)
pos, 0.270952319943303, right(srz24618679780)
pos, 0.23411182129462718, right(srz246186715122)
pos, 0.20238779867379567, right(srz246186716763)
pos, 0.270952319943303, right(srz2461867812)
pos, 0.20238779867379567, right(srz24618677828)
pos, 0.23411182129462718, right(srz2461867756)
pos, 0.23411182129462718, right(srz24618673847)
pos, 0.279155637061725, right(srz24618677206)
pos, 0.20238779867379567, right(srz24618678224)
pos, 0.2516790776782916, right(srz24618679072)
pos, 0.270952319943303, right(srz24618679014)
pos, 0.279155637061725, right(srz246186712789)
pos, 0.23411182129462718, right(srz24618676297)
pos, 0.279155637061725, right(srz24618679802)
pos, 0.2393699610524666, right(srz24618679109)
pos, 0.16534236174919958, right(srz24618671536)
pos, 0.23411182129462718, right(srz24618678720)
pos, 0.20238779867379567, right(srz24618678408)
pos, 0.20238779867379567, right(srz246186715138)
pos, 0.23411182129462718, right(srz24618679704)
pos, 0.23411182129462718, right(srz2461867578)
pos, 0.270952319943303, right(srz246186715693)
pos, 0.270952319943303, right(srz24618678105)
pos, 0.279155637061725, right(srz246186714280)
pos, 0.270952319943303, right(srz24618678816)
pos, 0.2516790776782916, right(srz2461867198)
pos, 0.20238779867379567, right(srz24618674888)
pos, 0.279155637061725, right(srz24618677212)
pos, 0.2516790776782916, right(srz24618679074)
pos, 0.23411182129462718, right(srz246186715121)
pos, 0.23411182129462718, right(srz24618678718)
pos, 0.270952319943303, right(srz2461867818)
pos, 0.270952319943303, right(srz24618676134)
pos, 0.23411182129462718, right(srz24618678619)
pos, 0.16534236174919958, right(srz24618676304)
pos, 0.23411182129462718, right(srz24618673038)
pos, 0.20238779867379567, right(srz24618678204)
pos, 0.20238779867379567, right(srz24618674886)
pos, 0.20238779867379567, right(srz24618676751)
pos, 0.23411182129462718, right(srz24618673256)
pos, 0.270952319943303, right(srz246186710968)
pos, 0.23411182129462718, right(srz24618673255)
pos, 0.279155637061725, right(srz24618679791)
pos, 0.279155637061725, right(srz246186716555)
pos, 0.2516790776782916, right(srz246186714574)
pos, 0.20238779867379567, right(srz24618676653)
pos, 0.20238779867379567, right(srz246186714390)
pos, 0.23411182129462718, right(srz24618678402)
pos, 0.270952319943303, right(srz24618675576)
pos, 0.270952319943303, right(srz246186713925)
pos, 0.2516790776782916, right(srz2461867178)
pos, 0.23411182129462718, right(srz246186710377)
pos, 0.23411182129462718, right(srz24618679731)
pos, 0.16534236174919958, right(srz24618677919)
pos, 0.2516790776782916, right(srz2461867181)
pos, 0.270952319943303, right(srz2461867796)
pos, 0.279155637061725, right(srz246186712351)
pos, 0.16534236174919958, right(srz24618676388)
pos, 0.20238779867379567, right(srz24618676646)
pos, 0.270952319943303, right(srz24618672148)
pos, 0.270952319943303, right(srz2461867814)
pos, 0.279155637061725, right(srz246186712784)
pos, 0.270952319943303, right(srz24618676157)
pos, 0.270952319943303, right(srz246186715717)
pos, 0.16534236174919958, right(srz24618671562)
pos, 0.20238779867379567, right(srz246186713459)
pos, 0.20238779867379567, right(srz246186716297)
pos, 0.279155637061725, right(srz246186716575)
pos, 0.270952319943303, right(srz2461867810)
pos, 0.270952319943303, right(srz2461867798)
pos, 0.23411182129462718, right(srz24618677812)
pos, 0.279155637061725, right(srz24618672526)
pos, 0.270952319943303, right(srz2461867832)
pos, 0.23411182129462718, right(srz246186715119)
pos, 0.270952319943303, right(srz24618679817)
pos, 0.270952319943303, right(srz24618676175)
pos, 0.16534236174919958, right(srz246186712507)
pos, 0.16534236174919958, right(srz246186715024)
pos, 0.16534236174919958, right(srz24618673027)
pos, 0.270952319943303, right(srz24618673974)
pos, 0.23411182129462718, right(srz24618677811)
pos, 0.270952319943303, right(srz24618679010)
pos, 0.23411182129462718, right(srz24618678737)
pos, 0.23411182129462718, right(srz24618678532)
pos, 0.23411182129462718, right(srz24618673039)
pos, 0.270952319943303, right(srz246186715713)
pos, 0.270952319943303, right(srz24618676155)
pos, 0.12688632616944576, right(srz24618679037)
pos, 0.16534236174919958, right(srz24618677911)
pos, 0.22335882248171707, right(srz24618679824)
pos, 0.279155637061725, right(srz246186714206)
pos, 0.18333193000285317, right(srz246186712151)
pos, 0.16534236174919958, right(srz2461867589)
pos, 0.23411182129462718, right(srz24618673245)
pos, 0.270952319943303, right(srz24618675574)
pos, 0.20238779867379567, right(srz24618678269)
pos, 0.23411182129462718, right(srz24618678711)
pos, 0.22335882248171707, right(srz246186715749)
pos, 0.279155637061725, right(srz246186712330)
pos, 0.16534236174919958, right(srz2461867704)
pos, 0.22335882248171707, right(srz246186715521)
pos, 0.23411182129462718, right(srz24618676721)
pos, 0.270952319943303, right(srz24618676863)
pos, 0.23411182129462718, right(srz24618673068)
pos, 0.23411182129462718, right(srz24618678893)
pos, 0.20238779867379567, right(srz246186715153)
pos, 0.279155637061725, right(srz24618677176)
pos, 0.20238779867379567, right(srz24618678818)
pos, 0.279155637061725, right(srz24618676182)
pos, 0.13264769949256902, right(srz2461867158)
pos, 0.13264769949256902, right(srz2461867152)
pos, 0.279155637061725, right(srz24618671854)
pos, 0.23411182129462718, right(srz24618673236)
pos, 0.23411182129462718, right(srz246186715213)
pos, 0.20238779867379567, right(srz24618675062)
pos, 0.20238779867379567, right(srz24618678268)
pos, 0.270952319943303, right(srz24618675307)
pos, 0.16534236174919958, right(srz24618671558)
pos, 0.12688632616944576, right(srz2461867288)
pos, 0.20238779867379567, right(srz24618679854)
pos, 0.16534236174919958, right(srz246186713795)
pos, 0.270952319943303, right(srz246186715719)
pos, 0.20238779867379567, right(srz246186711140)
pos, 0.16534236174919958, right(srz24618676188)
pos, 0.23411182129462718, right(srz24618679729)
pos, 0.2393699610524666, right(srz24618679154)
pos, 0.279155637061725, right(srz246186715679)
pos, 0.20238779867379567, right(srz246186716775)
pos, 0.279155637061725, right(srz246186710273)
pos, 0.279155637061725, right(srz24618679805)
pos, 0.20238779867379567, right(srz246186715140)
pos, 0.16534236174919958, right(srz24618672044)
pos, 0.279155637061725, right(srz24618679800)
pos, 0.270952319943303, right(srz246186713921)
pos, 0.23411182129462718, right(srz24618674877)
pos, 0.270952319943303, right(srz24618673982)
pos, 0.279155637061725, right(srz24618677198)
pos, 0.2516790776782916, right(srz24618679049)
pos, 0.279155637061725, right(srz246186710203)
pos, 0.23411182129462718, right(srz246186713542)
pos, 0.270952319943303, right(srz24618677159)
pos, 0.23411182129462718, right(srz24618673011)
pos, 0.16534236174919958, right(srz24618678414)
pos, 0.23411182129462718, right(srz24618678405)
pos, 0.279155637061725, right(srz246186716566)
pos, 0.23411182129462718, right(srz24618678400)
pos, 0.279155637061725, right(srz24618677218)
pos, 0.16534236174919958, right(srz246186715016)
pos, 0.270952319943303, right(srz246186710051)
pos, 0.22335882248171707, right(srz246186716295)
pos, 0.270952319943303, right(srz24618676133)
pos, 0.20238779867379567, right(srz24618675372)
pos, 0.279155637061725, right(srz24618677182)
pos, 0.270952319943303, right(srz246186716581)
pos, 0.23411182129462718, right(srz24618671430)
pos, 0.270952319943303, right(srz24618671502)
pos, 0.270952319943303, right(srz24618676860)
pos, 0.270952319943303, right(srz24618675553)
pos, 0.270952319943303, right(srz24618674006)
pos, 0.1307626901162914, right(srz246186714114)
pos, 0.20238779867379567, right(srz24618677080)
pos, 0.1307626901162914, right(srz246186715671)
pos, 0.16534236174919958, right(srz24618677937)
pos, 0.23411182129462718, right(srz246186715210)
pos, 0.279155637061725, right(srz24618679790)
pos, 0.23411182129462718, right(srz24618679733)
pos, 0.12688632616944576, right(srz246186712329)
pos, 0.20238779867379567, right(srz24618677084)
pos, 0.270952319943303, right(srz2461867790)
pos, 0.20238779867379567, right(srz24618673332)
pos, 0.270952319943303, right(srz2461867793)
pos, 0.270952319943303, right(srz24618679776)
pos, 0.2516790776782916, right(srz2461867180)
pos, 0.270952319943303, right(srz24618679787)
pos, 0.270952319943303, right(srz24618679784)
pos, 0.20238779867379567, right(srz246186714031)
pos, 0.20238779867379567, right(srz24618677715)
pos, 0.270952319943303, right(srz24618678100)
pos, 0.279155637061725, right(srz24618676180)
pos, 0.16534236174919958, right(srz24618671555)
pos, 0.20238779867379567, right(srz24618678239)
pos, 0.279155637061725, right(srz246186714284)
pos, 0.23411182129462718, right(srz24618676324)
pos, 0.279155637061725, right(srz246186710214)
pos, 0.279155637061725, right(srz246186715680)
pos, 0.270952319943303, right(srz24618679017)
pos, 0.270952319943303, right(srz24618672080)
pos, 0.279155637061725, right(srz246186712357)
pos, 0.279155637061725, right(srz246186712776)
pos, 0.20238779867379567, right(srz24618675079)
pos, 0.279155637061725, right(srz24618677222)
pos, 0.20238779867379567, right(srz24618675074)
pos, 0.279155637061725, right(srz246186715678)
pos, 0.270952319943303, right(srz246186710219)
pos, 0.20238779867379567, right(srz24618674493)
pos, 0.20238779867379567, right(srz246186715761)
pos, 0.23411182129462718, right(srz24618676323)
pos, 0.16534236174919958, right(srz24618677927)
pos, 0.270952319943303, right(srz24618674515)
pos, 0.23411182129462718, right(srz24618673234)
pos, 0.2516790776782916, right(srz24618679076)
pos, 0.270952319943303, right(srz24618674549)
pos, 0.16534236174919958, right(srz246186716933)
pos, 0.23411182129462718, right(srz24618673691)
pos, 0.270952319943303, right(srz24618676174)
pos, 0.22335882248171707, right(srz24618672567)
pos, 0.270952319943303, right(srz24618676162)
pos, 0.2516790776782916, right(srz246186712214)
pos, 0.18333193000285317, right(srz24618679566)
pos, 0.16534236174919958, right(srz24618671566)
pos, 0.2516790776782916, right(srz2461867173)
pos, 0.279155637061725, right(srz24618671841)
pos, 0.270952319943303, right(srz246186710234)
pos, 0.23411182129462718, right(srz24618673850)
pos, 0.23411182129462718, right(srz24618675240)
pos, 0.279155637061725, right(srz246186712341)
pos, 0.20238779867379567, right(srz246186711125)
pos, 0.279155637061725, right(srz246186712336)
pos, 0.270952319943303, right(srz24618674004)
pos, 0.20238779867379567, right(srz24618675056)
pos, 0.20238779867379567, right(srz24618678245)
pos, 0.22335882248171707, right(srz24618671528)
pos, 0.16534236174919958, right(srz24618676337)
pos, 0.23411182129462718, right(srz24618676641)
pos, 0.279155637061725, right(srz24618672511)
pos, 0.20238779867379567, right(srz24618674898)
pos, 0.270952319943303, right(srz24618679821)
pos, 0.20238779867379567, right(srz246186715738)
pos, 0.16534236174919958, right(srz24618671557)
pos, 0.270952319943303, right(srz24618673967)
pos, 0.20238779867379567, right(srz246186715396)
pos, 0.22335882248171707, right(srz24618679825)
pos, 0.13264769949256902, right(srz246186710469)
pos, 0.22335882248171707, right(srz246186713939)
pos, 0.270952319943303, right(srz24618674000)
pos, 0.279155637061725, right(srz24618672553)
pos, 0.270952319943303, right(srz2461867805)
pos, 0.23411182129462718, right(srz24618678714)
pos, 0.279155637061725, right(srz24618677217)
pos, 0.23411182129462718, right(srz246186716706)
pos, 0.279155637061725, right(srz246186714190)
pos, 0.270952319943303, right(srz24618672108)
pos, 0.20238779867379567, right(srz246186715141)
pos, 0.279155637061725, right(srz246186710290)
pos, 0.2516790776782916, right(srz246186712220)
pos, 0.22335882248171707, right(srz246186713938)
pos, 0.20238779867379567, right(srz24618674491)
pos, 0.270952319943303, right(srz246186713922)
pos, 0.16534236174919958, right(srz24618673873)
pos, 0.270952319943303, right(srz24618674548)
pos, 0.20238779867379567, right(srz24618674566)
pos, 0.279155637061725, right(srz246186714277)
pos, 0.270952319943303, right(srz24618674541)
pos, 0.279155637061725, right(srz24618677162)
pos, 0.270952319943303, right(srz24618674513)
pos, 0.270952319943303, right(srz24618675557)
pos, 0.20238779867379567, right(srz24618677829)
pos, 0.279155637061725, right(srz246186716578)
pos, 0.279155637061725, right(srz24618672536)
pos, 0.279155637061725, right(srz246186712333)
pos, 0.279155637061725, right(srz24618679799)
pos, 0.16534236174919958, right(srz2461867701)
pos, 0.20238779867379567, right(srz24618675075)
pos, 0.270952319943303, right(srz24618676875)
pos, 0.270952319943303, right(srz246186711419)
pos, 0.23411182129462718, right(srz24618675249)
pos, 0.20238779867379567, right(srz24618677713)
pos, 0.23411182129462718, right(srz24618675103)
pos, 0.279155637061725, right(srz24618672522)
pos, 0.279155637061725, right(srz246186710215)
pos, 0.23411182129462718, right(srz246186711077)
pos, 0.23411182129462718, right(srz24618673050)
pos, 0.2516790776782916, right(srz2461867196)
pos, 0.20238779867379567, right(srz24618678264)
pos, 0.270952319943303, right(srz24618676161)
pos, 0.13264769949256902, right(srz2461867144)
pos, 0.279155637061725, right(srz24618672535)
pos, 0.20238779867379567, right(srz246186712309)
pos, 0.16534236174919958, right(srz2461867292)
pos, 0.279155637061725, right(srz24618679809)
pos, 0.270952319943303, right(srz246186715691)
pos, 0.22335882248171707, right(srz246186715747)
pos, 0.16534236174919958, right(srz24618679698)
pos, 0.16534236174919958, right(srz2461867737)
pos, 0.20238779867379567, right(srz246186711153)
pos, 0.16534236174919958, right(srz24618672043)
pos, 0.20238779867379567, right(srz246186714398)
pos, 0.20238779867379567, right(srz24618677066)
pos, 0.12688632616944576, right(srz24618674626)
pos, 0.270952319943303, right(srz24618679005)
pos, 0.279155637061725, right(srz246186714181)
pos, 0.23411182129462718, right(srz24618673051)
pos, 0.23411182129462718, right(srz24618673062)
pos, 0.20238779867379567, right(srz246186713545)
pos, 0.23411182129462718, right(srz246186716716)
pos, 0.279155637061725, right(srz246186714196)
pos, 0.23411182129462718, right(srz24618675252)
pos, 0.279155637061725, right(srz24618672517)
pos, 0.279155637061725, right(srz24618677216)
pos, 0.16534236174919958, right(srz24618679747)
pos, 0.279155637061725, right(srz246186714279)
pos, 0.20238779867379567, right(srz246186711293)
pos, 0.270952319943303, right(srz24618674510)
pos, 0.23411182129462718, right(srz24618678708)
pos, 0.270952319943303, right(srz2461867782)
pos, 0.270952319943303, right(srz24618679770)
pos, 0.20238779867379567, right(srz24618678541)
pos, 0.23411182129462718, right(srz24618673053)
pos, 0.270952319943303, right(srz24618674525)
pos, 0.270952319943303, right(srz24618673951)
pos, 0.270952319943303, right(srz2461867816)
pos, 0.270952319943303, right(srz24618672096)
pos, 0.18333193000285317, right(srz246186712142)
pos, 0.279155637061725, right(srz246186715673)
pos, 0.20238779867379567, right(srz246186715730)
pos, 0.22335882248171707, right(srz246186715751)
pos, 0.270952319943303, right(srz24618679013)
pos, 0.270952319943303, right(srz24618673956)
pos, 0.23411182129462718, right(srz24618673023)
pos, 0.23411182129462718, right(srz246186715394)
pos, 0.2516790776782916, right(srz246186712197)
pos, 0.20238779867379567, right(srz246186711151)
pos, 0.20238779867379567, right(srz246186716769)
pos, 0.270952319943303, right(srz24618675554)
pos, 0.22335882248171707, right(srz246186715764)
pos, 0.20238779867379567, right(srz246186714018)
pos, 0.23411182129462718, right(srz246186713541)
pos, 0.20238779867379567, right(srz24618678237)
pos, 0.270952319943303, right(srz24618674518)
pos, 0.2516790776782916, right(srz246186712209)
pos, 0.279155637061725, right(srz24618672513)
pos, 0.23411182129462718, right(srz246186712814)
pos, 0.23411182129462718, right(srz24618678537)
pos, 0.270952319943303, right(srz246186710966)
pos, 0.20238779867379567, right(srz24618678180)
pos, 0.20238779867379567, right(srz24618677826)
pos, 0.279155637061725, right(srz246186710295)
pos, 0.16534236174919958, right(srz24618676381)
pos, 0.2516790776782916, right(srz2461867185)
pos, 0.279155637061725, right(srz246186712778)
pos, 0.270952319943303, right(srz24618672103)
pos, 0.22335882248171707, right(srz246186712879)
pos, 0.270952319943303, right(srz246186711385)
pos, 0.23411182129462718, right(srz246186715030)
pos, 0.23411182129462718, right(srz24618679740)
pos, 0.20238779867379567, right(srz246186714024)
pos, 0.23411182129462718, right(srz24618678890)
pos, 0.270952319943303, right(srz246186711384)
pos, 0.23411182129462718, right(srz246186715404)
pos, 0.23411182129462718, right(srz24618677823)
pos, 0.270952319943303, right(srz246186711406)
pos, 0.20238779867379567, right(srz246186711124)
pos, 0.279155637061725, right(srz246186710292)
pos, 0.270952319943303, right(srz24618676869)
pos, 0.270952319943303, right(srz24618672149)
pos, 0.20238779867379567, right(srz246186714394)
pos, 0.270952319943303, right(srz246186715716)
pos, 0.270952319943303, right(srz24618678106)
pos, 0.270952319943303, right(srz246186711378)
pos, 0.23411182129462718, right(srz246186715041)
pos, 0.16534236174919958, right(srz24618671538)
pos, 0.16534236174919958, right(srz246186712513)
pos, 0.16534236174919958, right(srz24618671738)
pos, 0.270952319943303, right(srz24618676165)
pos, 0.20238779867379567, right(srz246186715137)
pos, 0.270952319943303, right(srz246186710222)
pos, 0.2516790776782916, right(srz2461867188)
pos, 0.279155637061725, right(srz246186716563)
pos, 0.279155637061725, right(srz24618676177)
pos, 0.270952319943303, right(srz2461867835)
pos, 0.20238779867379567, right(srz24618677082)
pos, 0.23411182129462718, right(srz24618678534)
pos, 0.279155637061725, right(srz246186710283)
pos, 0.2516790776782916, right(srz2461867193)
pos, 0.20238779867379567, right(srz24618676755)
pos, 0.270952319943303, right(srz24618672082)
pos, 0.270952319943303, right(srz24618679026)
pos, 0.23411182129462718, right(srz246186712665)
pos, 0.20238779867379567, right(srz246186714039)
pos, 0.279155637061725, right(srz24618677188)
pos, 0.23411182129462718, right(srz24618676298)
pos, 0.279155637061725, right(srz24618672559)
pos, 0.12688632616944576, right(srz246186716710)
pos, 0.279155637061725, right(srz246186712772)
pos, 0.20238779867379567, right(srz24618675069)
pos, 0.23411182129462718, right(srz24618673866)
pos, 0.22335882248171707, right(srz24618675322)
pos, 0.16534236174919958, right(srz24618677933)
pos, 0.23411182129462718, right(srz246186711196)
pos, 0.20238779867379567, right(srz24618677094)
pos, 0.279155637061725, right(srz246186712335)
pos, 0.23411182129462718, right(srz24618677810)
pos, 0.16534236174919958, right(srz24618671541)
pos, 0.20238779867379567, right(srz246186714401)
pos, 0.18333193000285317, right(srz246186712146)
pos, 0.20238779867379567, right(srz24618674895)
pos, 0.16534236174919958, right(srz24618676474)
pos, 0.23411182129462718, right(srz24618671428)
pos, 0.16534236174919958, right(srz24618677929)
pos, 0.16534236174919958, right(srz24618676334)
pos, 0.23411182129462718, right(srz24618673865)
pos, 0.2516790776782916, right(srz2461867167)
pos, 0.23411182129462718, right(srz24618673061)
pos, 0.12688632616944576, right(srz246186715446)
pos, 0.279155637061725, right(srz24618672550)
pos, 0.2516790776782916, right(srz2461867162)
pos, 0.270952319943303, right(srz24618679008)
pos, 0.23411182129462718, right(srz2461867405)
pos, 0.23411182129462718, right(srz24618677667)
pos, 0.270952319943303, right(srz246186711386)
pos, 0.23411182129462718, right(srz24618675241)
pos, 0.270952319943303, right(srz24618673989)
pos, 0.270952319943303, right(srz246186710967)
pos, 0.279155637061725, right(srz246186716567)
pos, 0.270952319943303, right(srz24618677229)
pos, 0.20238779867379567, right(srz24618678764)
pos, 0.22335882248171707, right(srz246186712884)
pos, 0.2516790776782916, right(srz246186714575)
pos, 0.20238779867379567, right(srz246186710077)
pos, 0.20238779867379567, right(srz24618677086)
pos, 0.23411182129462718, right(srz2461867695)
pos, 0.18333193000285317, right(srz246186714537)
pos, 0.20238779867379567, right(srz246186711102)
pos, 0.20238779867379567, right(srz24618677072)
pos, 0.2516790776782916, right(srz2461867194)
pos, 0.270952319943303, right(srz24618675570)
pos, 0.20238779867379567, right(srz24618677717)
pos, 0.2516790776782916, right(srz246186712207)
pos, 0.2516790776782916, right(srz246186712204)
pos, 0.12688632616944576, right(srz24618676293)
pos, 0.20238779867379567, right(srz24618678779)
pos, 0.16534236174919958, right(srz24618676477)
pos, 0.18333193000285317, right(srz246186714536)
pos, 0.13264769949256902, right(srz2461867147)
pos, 0.270952319943303, right(srz24618679818)
pos, 0.16534236174919958, right(srz24618677928)
pos, 0.270952319943303, right(srz24618675306)
pos, 0.20238779867379567, right(srz24618674896)
pos, 0.20238779867379567, right(srz24618675085)
pos, 0.20238779867379567, right(srz246186714037)
pos, 0.23411182129462718, right(srz246186715209)
pos, 0.23411182129462718, right(srz24618673065)
pos, 0.270952319943303, right(srz24618676861)
pos, 0.20238779867379567, right(srz24618677053)
pos, 0.20238779867379567, right(srz246186715145)
pos, 0.270952319943303, right(srz24618673983)
pos, 0.2516790776782916, right(srz2461867197)
pos, 0.20238779867379567, right(srz24618678544)
pos, 0.23411182129462718, right(srz24618673318)
pos, 0.20238779867379567, right(srz246186710090)
pos, 0.270952319943303, right(srz24618675317)
pos, 0.270952319943303, right(srz24618676141)
pos, 0.270952319943303, right(srz24618678817)
pos, 0.23411182129462718, right(srz24618677672)
pos, 0.279155637061725, right(srz24618679813)
pos, 0.16534236174919958, right(srz2461867732)
pos, 0.270952319943303, right(srz24618672146)
pos, 0.23411182129462718, right(srz24618674879)
pos, 0.16534236174919958, right(srz24618671737)
pos, 0.23411182129462718, right(srz246186713421)
pos, 0.23411182129462718, right(srz24618671427)
pos, 0.279155637061725, right(srz246186712337)
pos, 0.279155637061725, right(srz24618672518)
pos, 0.270952319943303, right(srz24618676138)
pos, 0.23411182129462718, right(srz246186715211)
pos, 0.23411182129462718, right(srz24618673190)
pos, 0.270952319943303, right(srz24618675552)
pos, 0.16534236174919958, right(srz246186713800)
pos, 0.16534236174919958, right(srz24618677918)
pos, 0.20238779867379567, right(srz24618678185)
pos, 0.23411182129462718, right(srz24618674912)
pos, 0.270952319943303, right(srz24618676864)
pos, 0.23411182129462718, right(srz246186715212)
pos, 0.279155637061725, right(srz24618677177)
pos, 0.23411182129462718, right(srz246186712308)
pos, 0.20238779867379567, right(srz246186714400)
pos, 0.20238779867379567, right(srz24618677067)
pos, 0.16534236174919958, right(srz24618676301)
pos, 0.23411182129462718, right(srz246186715032)
pos, 0.20238779867379567, right(srz24618678762)
pos, 0.2516790776782916, right(srz246186712208)
pos, 0.279155637061725, right(srz24618677201)
pos, 0.12688632616944576, right(srz24618679769)
pos, 0.23411182129462718, right(srz246186715402)
pos, 0.23411182129462718, right(srz24618677817)
pos, 0.23411182129462718, right(srz24618673453)
pos, 0.270952319943303, right(srz24618671516)
pos, 0.23411182129462718, right(srz24618675099)
pos, 0.270952319943303, right(srz24618679002)
pos, 0.270952319943303, right(srz24618674527)
pos, 0.279155637061725, right(srz246186716561)
pos, 0.279155637061725, right(srz24618677195)
pos, 0.16534236174919958, right(srz24618671569)
pos, 0.23411182129462718, right(srz24618677683)
pos, 0.22335882248171707, right(srz246186715754)
pos, 0.16534236174919958, right(srz24618672041)
pos, 0.22335882248171707, right(srz246186714216)
pos, 0.20238779867379567, right(srz24618674627)
pos, 0.2516790776782916, right(srz2461867176)
pos, 0.20238779867379567, right(srz246186712390)
pos, 0.2516790776782916, right(srz2461867168)
pos, 0.279155637061725, right(srz246186714207)
pos, 0.20238779867379567, right(srz24618678267)
pos, 0.279155637061725, right(srz246186716562)
pos, 0.20238779867379567, right(srz24618678263)
pos, 0.20238779867379567, right(srz246186711242)
pos, 0.13264769949256902, right(srz2461867153)
pos, 0.23411182129462718, right(srz246186713429)
pos, 0.20238779867379567, right(srz246186715759)
pos, 0.20238779867379567, right(srz24618675078)
pos, 0.20238779867379567, right(srz24618678242)
pos, 0.23411182129462718, right(srz246186713426)
pos, 0.20238779867379567, right(srz24618676645)
pos, 0.23411182129462718, right(srz246186714014)
pos, 0.16534236174919958, right(srz24618676302)
pos, 0.279155637061725, right(srz246186714213)
pos, 0.2516790776782916, right(srz24618679051)
pos, 0.16534236174919958, right(srz2461867294)
pos, 0.23411182129462718, right(srz24618673319)
pos, 0.2516790776782916, right(srz246186712200)
pos, 0.270952319943303, right(srz24618671514)
pos, 0.20238779867379567, right(srz246186710253)
pos, 0.23411182129462718, right(srz24618675097)
pos, 0.20238779867379567, right(srz24618677054)
pos, 0.22335882248171707, right(srz246186715755)
pos, 0.18333193000285317, right(srz246186712154)
pos, 0.279155637061725, right(srz24618676179)
pos, 0.2516790776782916, right(srz246186710453)
pos, 0.23411182129462718, right(srz24618673243)
pos, 0.16534236174919958, right(srz2461867738)
pos, 0.270952319943303, right(srz24618675575)
pos, 0.23411182129462718, right(srz24618674878)
pos, 0.2516790776782916, right(srz246186712195)
pos, 0.20238779867379567, right(srz246186715409)
pos, 0.2516790776782916, right(srz246186714578)
pos, 0.279155637061725, right(srz24618672541)
pos, 0.270952319943303, right(srz24618673959)
pos, 0.270952319943303, right(srz24618674001)
pos, 0.18333193000285317, right(srz246186714550)
pos, 0.16534236174919958, right(srz246186712510)
pos, 0.18333193000285317, right(srz246186711536)
pos, 0.22335882248171707, right(srz246186710249)
pos, 0.23411182129462718, right(srz246186715386)
pos, 0.270952319943303, right(srz24618675577)
pos, 0.16534236174919958, right(srz24618676305)
pos, 0.23411182129462718, right(srz246186712500)
pos, 0.20238779867379567, right(srz24618678549)
pos, 0.20238779867379567, right(srz24618676652)
pos, 0.20238779867379567, right(srz246186716765)
pos, 0.279155637061725, right(srz24618679810)
pos, 0.20238779867379567, right(srz246186715757)
pos, 0.23411182129462718, right(srz246186713424)
pos, 0.279155637061725, right(srz24618677178)
pos, 0.270952319943303, right(srz246186711373)
pos, 0.23411182129462718, right(srz24618679703)
pos, 0.270952319943303, right(srz246186716582)
pos, 0.279155637061725, right(srz246186714202)
pos, 0.23411182129462718, right(srz24618675092)
pos, 0.20238779867379567, right(srz24618674922)
pos, 0.20238779867379567, right(srz246186715151)
pos, 0.270952319943303, right(srz24618674522)
pos, 0.2516790776782916, right(srz246186712211)
pos, 0.20238779867379567, right(srz246186710088)
pos, 0.23411182129462718, right(srz24618678710)
pos, 0.18333193000285317, right(srz246186711540)
pos, 0.22335882248171707, right(srz246186714288)
pos, 0.279155637061725, right(srz246186716915)
pos, 0.2516790776782916, right(srz246186712202)
pos, 0.16534236174919958, right(srz24618671554)
pos, 0.23411182129462718, right(srz24618679707)
pos, 0.270952319943303, right(srz24618674531)
pos, 0.12688632616944576, right(srz246186710271)
pos, 0.20238779867379567, right(srz246186716770)
pos, 0.270952319943303, right(srz24618673984)
pos, 0.20238779867379567, right(srz24618677076)
pos, 0.16534236174919958, right(srz24618677942)
pos, 0.18333193000285317, right(srz246186711545)
pos, 0.270952319943303, right(srz24618672088)
pos, 0.20238779867379567, right(srz24618675063)
pos, 0.16534236174919958, right(srz24618676487)
pos, 0.20238779867379567, right(srz246186715733)
pos, 0.12688632616944576, right(srz24618673452)
pos, 0.270952319943303, right(srz24618675560)
pos, 0.20238779867379567, right(srz246186714396)
pos, 0.2516790776782916, right(srz2461867161)
pos, 0.279155637061725, right(srz246186716922)
pos, 0.16534236174919958, right(srz24618676483)
pos, 0.279155637061725, right(srz246186713933)
pos, 0.20238779867379567, right(srz24618678246)
pos, 0.20238779867379567, right(srz24618678539)
pos, 0.23411182129462718, right(srz24618676321)
pos, 0.18333193000285317, right(srz246186711550)
pos, 0.2516790776782916, right(srz2461867189)
pos, 0.23411182129462718, right(srz24618679730)
pos, 0.23411182129462718, right(srz246186713515)
pos, 0.279155637061725, right(srz246186712332)
pos, 0.23411182129462718, right(srz24618673049)
pos, 0.16534236174919958, right(srz2461867741)
pos, 0.23411182129462718, right(srz246186716714)
pos, 0.20238779867379567, right(srz24618677095)
pos, 0.270952319943303, right(srz24618672152)
pos, 0.23411182129462718, right(srz24618676640)
pos, 0.23411182129462718, right(srz24618673178)
pos, 0.20238779867379567, right(srz24618678767)
pos, 0.279155637061725, right(srz24618672556)
pos, 0.12688632616944576, right(srz24618679070)
pos, 0.16534236174919958, right(srz24618677931)
pos, 0.18333193000285317, right(srz246186714547)
pos, 0.23411182129462718, right(srz24618673021)
pos, 0.22335882248171707, right(srz246186712885)
pos, 0.270952319943303, right(srz24618672086)
pos, 0.16534236174919958, right(srz2461867591)
pos, 0.20238779867379567, right(srz246186710974)
pos, 0.2516790776782916, right(srz24618674012)
pos, 0.23411182129462718, right(srz246186715031)
pos, 0.18333193000285317, right(srz24618679568)
pos, 0.23411182129462718, right(srz24618673042)
pos, 0.20238779867379567, right(srz246186716731)
pos, 0.16534236174919958, right(srz24618671735)
pos, 0.20238779867379567, right(srz246186710986)
pos, 0.23411182129462718, right(srz2461867404)
pos, 0.16534236174919958, right(srz24618671531)
pos, 0.270952319943303, right(srz246186714214)
pos, 0.270952319943303, right(srz24618676154)
pos, 0.22335882248171707, right(srz246186712359)
pos, 0.270952319943303, right(srz24618672072)
pos, 0.279155637061725, right(srz24618672524)
pos, 0.279155637061725, right(srz246186714192)
pos, 0.270952319943303, right(srz24618672076)
pos, 0.270952319943303, right(srz24618676879)
pos, 0.16534236174919958, right(srz246186715447)
pos, 0.270952319943303, right(srz246186713935)
pos, 0.16534236174919958, right(srz24618671743)
pos, 0.23411182129462718, right(srz24618677818)
pos, 0.16534236174919958, right(srz24618671567)
pos, 0.270952319943303, right(srz246186711424)
pos, 0.20238779867379567, right(srz246186715150)
pos, 0.23411182129462718, right(srz24618673861)
pos, 0.279155637061725, right(srz246186716908)
pos, 0.20238779867379567, right(srz246186715049)
pos, 0.279155637061725, right(srz24618677169)
pos, 0.16534236174919958, right(srz24618671736)
pos, 0.279155637061725, right(srz246186712352)
pos, 0.23411182129462718, right(srz24618678725)
pos, 0.279155637061725, right(srz246186710289)
pos, 0.270952319943303, right(srz246186711399)
pos, 0.23411182129462718, right(srz24618679736)
pos, 0.20238779867379567, right(srz24618677824)
pos, 0.20238779867379567, right(srz246186712841)
pos, 0.22335882248171707, right(srz24618674010)
pos, 0.2516790776782916, right(srz2461867184)
pos, 0.270952319943303, right(srz24618676135)
pos, 0.270952319943303, right(srz24618672110)
pos, 0.20238779867379567, right(srz246186714052)
pos, 0.20238779867379567, right(srz24618675371)
pos, 0.16534236174919958, right(srz24618671548)
pos, 0.20238779867379567, right(srz246186711126)
pos, 0.20238779867379567, right(srz24618674887)
pos, 0.20238779867379567, right(srz246186715408)
pos, 0.22335882248171707, right(srz24618672566)
pos, 0.2516790776782916, right(srz2461867195)
pos, 0.22335882248171707, right(srz24618676184)
pos, 0.270952319943303, right(srz2461867830)
pos, 0.2516790776782916, right(srz24618679040)
pos, 0.20238779867379567, right(srz24618677075)
pos, 0.16534236174919958, right(srz24618671540)
pos, 0.18333193000285317, right(srz246186712137)
pos, 0.270952319943303, right(srz2461867784)
pos, 0.23411182129462718, right(srz24618678891)
pos, 0.16534236174919958, right(srz2461867699)
pos, 0.20238779867379567, right(srz246186714020)
pos, 0.2516790776782916, right(srz246186714570)
pos, 0.20238779867379567, right(srz246186712871)
pos, 0.279155637061725, right(srz246186715677)
pos, 0.20238779867379567, right(srz246186716727)
pos, 0.279155637061725, right(srz246186713932)
pos, 0.23411182129462718, right(srz246186716720)
pos, 0.270952319943303, right(srz24618674551)
pos, 0.270952319943303, right(srz24618672109)
pos, 0.20238779867379567, right(srz24618677830)
pos, 0.20238779867379567, right(srz24618676882)
pos, 0.16534236174919958, right(srz24618676335)
pos, 0.279155637061725, right(srz246186710210)
pos, 0.270952319943303, right(srz24618675314)
pos, 0.270952319943303, right(srz24618676855)
pos, 0.20238779867379567, right(srz24618678249)
pos, 0.23411182129462718, right(srz24618676636)
pos, 0.23411182129462718, right(srz246186711080)
pos, 0.270952319943303, right(srz246186710228)
pos, 0.270952319943303, right(srz24618672100)
pos, 0.2516790776782916, right(srz246186710461)
pos, 0.13264769949256902, right(srz2461867157)
pos, 0.270952319943303, right(srz24618679001)
pos, 0.20238779867379567, right(srz246186714399)
pos, 0.279155637061725, right(srz24618677185)
pos, 0.16534236174919958, right(srz24618677944)
pos, 0.279155637061725, right(srz24618677219)
pos, 0.20238779867379567, right(srz24618677056)
pos, 0.20238779867379567, right(srz246186714047)
pos, 0.270952319943303, right(srz24618673981)
pos, 0.279155637061725, right(srz246186712334)
pos, 0.1307626901162914, right(srz246186712715)
pos, 0.270952319943303, right(srz24618675558)
pos, 0.23411182129462718, right(srz24618673024)
pos, 0.279155637061725, right(srz24618679804)
pos, 0.2393699610524666, right(srz24618679160)
pos, 0.279155637061725, right(srz24618677179)
pos, 0.279155637061725, right(srz246186716552)
pos, 0.23411182129462718, right(srz24618671681)
pos, 0.2516790776782916, right(srz246186710456)
pos, 0.20238779867379567, right(srz24618678540)
pos, 0.279155637061725, right(srz2461867840)
pos, 0.16534236174919958, right(srz246186716934)
pos, 0.16534236174919958, right(srz24618676466)
pos, 0.279155637061725, right(srz24618671843)
pos, 0.23411182129462718, right(srz24618677813)
pos, 0.16534236174919958, right(srz24618677945)
pos, 0.20238779867379567, right(srz24618678235)
pos, 0.20238779867379567, right(srz24618677061)
pos, 0.270952319943303, right(srz24618672078)
pos, 0.279155637061725, right(srz24618672533)
pos, 0.22335882248171707, right(srz246186714215)
pos, 0.279155637061725, right(srz246186710211)
pos, 0.20238779867379567, right(srz246186711123)
pos, 0.18333193000285317, right(srz24618679571)
pos, 0.16534236174919958, right(srz24618672125)
pos, 0.2516790776782916, right(srz2461867164)
pos, 0.16534236174919958, right(srz246186715023)
pos, 0.20238779867379567, right(srz246186710255)
pos, 0.270952319943303, right(srz24618671523)
pos, 0.23411182129462718, right(srz24618677680)
pos, 0.22335882248171707, right(srz246186715763)
pos, 0.23411182129462718, right(srz24618678717)
pos, 0.20238779867379567, right(srz24618678746)
pos, 0.16534236174919958, right(srz246186712506)
pos, 0.270952319943303, right(srz246186711387)
pos, 0.23411182129462718, right(srz246186712291)
pos, 0.279155637061725, right(srz24618677172)
pos, 0.1307626901162914, right(srz246186710041)
pos, 0.18333193000285317, right(srz246186711538)
pos, 0.16534236174919958, right(srz24618671542)
pos, 0.20238779867379567, right(srz24618677716)
pos, 0.279155637061725, right(srz24618677165)
pos, 0.270952319943303, right(srz246186711420)
pos, 0.279155637061725, right(srz246186716917)
pos, 0.279155637061725, right(srz246186710207)
pos, 0.23411182129462718, right(srz24618679709)
pos, 0.279155637061725, right(srz24618679795)
pos, 0.23411182129462718, right(srz24618673012)
pos, 0.12688632616944576, right(srz246186712140)
pos, 0.279155637061725, right(srz246186716909)
pos, 0.20238779867379567, right(srz246186716730)
pos, 0.2516790776782916, right(srz246186712203)
pos, 0.270952319943303, right(srz24618673962)
pos, 0.270952319943303, right(srz24618672069)
pos, 0.16534236174919958, right(srz2461867743)
pos, 0.20238779867379567, right(srz246186714038)
pos, 0.23411182129462718, right(srz24618678536)
pos, 0.23411182129462718, right(srz24618673839)
pos, 0.279155637061725, right(srz24618677214)
pos, 0.270952319943303, right(srz24618671520)
pos, 0.23411182129462718, right(srz24618676722)
pos, 0.20238779867379567, right(srz246186716733)
pos, 0.20238779867379567, right(srz24618678244)
pos, 0.23411182129462718, right(srz24618676637)
pos, 0.270952319943303, right(srz246186710038)
pos, 0.279155637061725, right(srz24618671840)
pos, 0.270952319943303, right(srz24618679778)
pos, 0.270952319943303, right(srz24618674545)
pos, 0.23411182129462718, right(srz24618675098)
pos, 0.20238779867379567, right(srz24618677834)
pos, 0.2516790776782916, right(srz246186712201)
pos, 0.20238779867379567, right(srz246186711249)
pos, 0.20238779867379567, right(srz246186713516)
pos, 0.270952319943303, right(srz24618675556)
pos, 0.16534236174919958, right(srz24618676478)
pos, 0.270952319943303, right(srz2461867839)
pos, 0.20238779867379567, right(srz246186711122)
pos, 0.23411182129462718, right(srz246186711094)
pos, 0.23411182129462718, right(srz246186713420)
pos, 0.279155637061725, right(srz24618672548)
pos, 0.23411182129462718, right(srz246186713512)
pos, 0.2516790776782916, right(srz246186712187)
pos, 0.270952319943303, right(srz24618676169)
pos, 0.20238779867379567, right(srz24618675071)
pos, 0.20238779867379567, right(srz246186711156)
pos, 0.13264769949256902, right(srz2461867148)
pos, 0.23411182129462718, right(srz24618679721)
pos, 0.270952319943303, right(srz24618675555)
pos, 0.23411182129462718, right(srz246186713807)
pos, 0.270952319943303, right(srz246186710229)
pos, 0.12688632616944576, right(srz24618679153)
pos, 0.16534236174919958, right(srz24618677935)
pos, 0.279155637061725, right(srz246186714199)
pos, 0.20238779867379567, right(srz246186716299)
pos, 0.23411182129462718, right(srz24618679741)
pos, 0.20238779867379567, right(srz246186714046)
pos, 0.23411182129462718, right(srz24618673849)
pos, 0.270952319943303, right(srz24618679012)
pos, 0.279155637061725, right(srz24618672527)
pos, 0.20238779867379567, right(srz24618675373)
pos, 0.270952319943303, right(srz24618679782)
pos, 0.2516790776782916, right(srz2461867165)
pos, 0.18333193000285317, right(srz246186711544)
pos, 0.22335882248171707, right(srz246186712790)
pos, 0.279155637061725, right(srz246186710280)
pos, 0.2516790776782916, right(srz24618679047)
pos, 0.23411182129462718, right(srz24618678631)
pos, 0.279155637061725, right(srz246186712346)
pos, 0.270952319943303, right(srz24618676880)
pos, 0.270952319943303, right(srz2461867826)
pos, 0.22335882248171707, right(srz246186710972)
pos, 0.20238779867379567, right(srz24618678897)
pos, 0.20238779867379567, right(srz24618675057)
pos, 0.23411182129462718, right(srz24618679710)
pos, 0.279155637061725, right(srz24618677174)
pos, 0.270952319943303, right(srz24618679774)
pos, 0.16534236174919958, right(srz2461867731)
pos, 0.279155637061725, right(srz246186712348)
pos, 0.16534236174919958, right(srz24618676471)
pos, 0.270952319943303, right(srz24618679018)
pos, 0.20238779867379567, right(srz24618678230)
pos, 0.16534236174919958, right(srz24618676464)
pos, 0.270952319943303, right(srz24618672102)
pos, 0.23411182129462718, right(srz24618676330)
pos, 0.16534236174919958, right(srz2461867594)
pos, 0.23411182129462718, right(srz24618679719)
pos, 0.16534236174919958, right(srz24618671534)
pos, 0.18333193000285317, right(srz24618679561)
pos, 0.23411182129462718, right(srz246186711079)
pos, 0.16534236174919958, right(srz24618676476)
pos, 0.20238779867379567, right(srz246186710987)
pos, 0.20238779867379567, right(srz24618674489)
pos, 0.13264769949256902, right(srz2461867149)
pos, 0.16534236174919958, right(srz2461867290)
pos, 0.23411182129462718, right(srz24618678406)
pos, 0.23411182129462718, right(srz24618673331)
pos, 0.270952319943303, right(srz246186711401)
pos, 0.2516790776782916, right(srz246186714563)
pos, 0.23411182129462718, right(srz24618673019)
pos, 0.2516790776782916, right(srz246186714567)
pos, 0.279155637061725, right(srz24618671851)
pos, 0.279155637061725, right(srz246186714183)
pos, 0.20238779867379567, right(srz246186715410)
pos, 0.23411182129462718, right(srz2461867757)
pos, 0.2516790776782916, right(srz246186712221)
pos, 0.279155637061725, right(srz24618672521)
pos, 0.22335882248171707, right(srz24618678615)
pos, 0.23411182129462718, right(srz24618673063)
pos, 0.23411182129462718, right(srz24618673465)
pos, 0.20238779867379567, right(srz24618677831)
pos, 0.23411182129462718, right(srz246186716725)
pos, 0.20238779867379567, right(srz246186711142)
pos, 0.270952319943303, right(srz246186713937)
pos, 0.23411182129462718, right(srz24618677681)
pos, 0.20238779867379567, right(srz246186715205)
pos, 0.270952319943303, right(srz24618676151)
pos, 0.23411182129462718, right(srz24618671920)
pos, 0.270952319943303, right(srz246186713918)
pos, 0.279155637061725, right(srz24618677210)
pos, 0.279155637061725, right(srz24618672531)
pos, 0.20238779867379567, right(srz246186715743)
pos, 0.20238779867379567, right(srz246186714019)
pos, 0.23411182129462718, right(srz246186715388)
pos, 0.23411182129462718, right(srz24618677710)
pos, 0.18333193000285317, right(srz246186712153)
pos, 0.23411182129462718, right(srz246186713423)
pos, 0.23411182129462718, right(srz246186715225)
pos, 0.23411182129462718, right(srz24618674919)
pos, 0.20238779867379567, right(srz246186710081)
pos, 0.16534236174919958, right(srz24618671532)
pos, 0.279155637061725, right(srz246186710296)
pos, 0.279155637061725, right(srz246186715672)
pos, 0.270952319943303, right(srz246186710224)
pos, 0.16534236174919958, right(srz24618676387)
pos, 0.279155637061725, right(srz246186716571)
pos, 0.279155637061725, right(srz246186716558)
pos, 0.270952319943303, right(srz246186715689)
pos, 0.23411182129462718, right(srz24618678712)
pos, 0.20238779867379567, right(srz246186714055)
pos, 0.20238779867379567, right(srz246186710982)
pos, 0.270952319943303, right(srz24618672111)
pos, 0.20238779867379567, right(srz24618677051)
pos, 0.279155637061725, right(srz246186710298)
pos, 0.20238779867379567, right(srz24618678241)
pos, 0.18333193000285317, right(srz246186712144)
pos, 0.12688632616944576, right(srz246186712494)
pos, 0.270952319943303, right(srz24618672079)
pos, 0.18333193000285317, right(srz246186714541)
pos, 0.279155637061725, right(srz24618671858)
pos, 0.20238779867379567, right(srz246186711137)
pos, 0.270952319943303, right(srz24618676856)
pos, 0.23411182129462718, right(srz24618673464)
pos, 0.23411182129462718, right(srz24618673329)
pos, 0.279155637061725, right(srz24618677199)
pos, 0.270952319943303, right(srz246186715720)
pos, 0.279155637061725, right(srz24618672537)
pos, 0.20238779867379567, right(srz24618677711)
pos, 0.270952319943303, right(srz24618673968)
pos, 0.23411182129462718, right(srz24618673183)
pos, 0.23411182129462718, right(srz246186714012)
pos, 0.20238779867379567, right(srz246186711295)
pos, 0.23411182129462718, right(srz24618676299)
pos, 0.23411182129462718, right(srz24618679717)
pos, 0.20238779867379567, right(srz246186716729)
pos, 0.13264769949256902, right(srz2461867160)
pos, 0.16534236174919958, right(srz246186713798)
pos, 0.279155637061725, right(srz246186710282)
pos, 0.16534236174919958, right(srz2461867700)
pos, 0.20238779867379567, right(srz24618675365)
pos, 0.279155637061725, right(srz24618672528)
pos, 0.20238779867379567, right(srz246186713520)
pos, 0.270952319943303, right(srz24618672067)
pos, 0.23411182129462718, right(srz24618679723)
pos, 0.16534236174919958, right(srz2461867586)
pos, 0.16534236174919958, right(srz24618679744)
pos, 0.270952319943303, right(srz24618672089)
pos, 0.20238779867379567, right(srz246186714050)
pos, 0.23411182129462718, right(srz246186712498)
pos, 0.270952319943303, right(srz2461867837)
pos, 0.23411182129462718, right(srz24618673852)
pos, 0.20238779867379567, right(srz246186716772)
pos, 0.18333193000285317, right(srz246186714549)
pos, 0.18333193000285317, right(srz246186711548)
pos, 0.20238779867379567, right(srz246186712408)
pos, 0.23411182129462718, right(srz24618679705)
pos, 0.20238779867379567, right(srz246186716774)
pos, 0.270952319943303, right(srz246186713926)
pos, 0.23411182129462718, right(srz24618678735)
pos, 0.23411182129462718, right(srz24618676329)
pos, 0.2516790776782916, right(srz246186714565)
pos, 0.16534236174919958, right(srz24618676470)
pos, 0.270952319943303, right(srz24618673987)
pos, 0.270952319943303, right(srz246186711381)
pos, 0.270952319943303, right(srz24618673975)
pos, 0.270952319943303, right(srz246186713924)
pos, 0.20238779867379567, right(srz246186714032)
pos, 0.279155637061725, right(srz24618677215)
pos, 0.23411182129462718, right(srz24618676332)
pos, 0.279155637061725, right(srz246186716549)
pos, 0.23411182129462718, right(srz24618673052)
pos, 0.23411182129462718, right(srz246186716707)
pos, 0.279155637061725, right(srz246186710286)
pos, 0.20238779867379567, right(srz24618675387)
pos, 0.20238779867379567, right(srz24618675374)
pos, 0.279155637061725, right(srz24618672525)
pos, 0.279155637061725, right(srz246186710297)
pos, 0.279155637061725, right(srz24618672554)
pos, 0.22335882248171707, right(srz24618671527)
pos, 0.20238779867379567, right(srz24618675083)
pos, 0.23411182129462718, right(srz246186715128)
pos, 0.18333193000285317, right(srz246186711547)
pos, 0.16534236174919958, right(srz24618673010)
pos, 0.16534236174919958, right(srz2461867590)
pos, 0.20238779867379567, right(srz24618675370)
pos, 0.2516790776782916, right(srz246186714572)
pos, 0.279155637061725, right(srz24618672555)
pos, 0.20238779867379567, right(srz24618678200)
pos, 0.20238779867379567, right(srz24618674488)
pos, 0.23411182129462718, right(srz24618673257)
pos, 0.23411182129462718, right(srz246186711197)
pos, 0.279155637061725, right(srz246186710293)
pos, 0.20238779867379567, right(srz246186714176)
pos, 0.23411182129462718, right(srz246186716712)
pos, 0.270952319943303, right(srz24618672073)
pos, 0.23411182129462718, right(srz24618675237)
pos, 0.20238779867379567, right(srz246186715760)
pos, 0.20238779867379567, right(srz246186712870)
pos, 0.270952319943303, right(srz246186710223)
pos, 0.23411182129462718, right(srz246186711074)
pos, 0.22335882248171707, right(srz246186712881)
pos, 0.270952319943303, right(srz2461867783)
pos, 0.279155637061725, right(srz24618677170)
pos, 0.20238779867379567, right(srz24618675381)
pos, 0.20238779867379567, right(srz246186715144)
pos, 0.270952319943303, right(srz246186710042)
pos, 0.20238779867379567, right(srz24618674900)
pos, 0.13264769949256902, right(srz2461867146)
pos, 0.20238779867379567, right(srz246186715744)
pos, 0.23411182129462718, right(srz246186715037)
pos, 0.16534236174919958, right(srz24618677913)
pos, 0.16534236174919958, right(srz24618673872)
pos, 0.20238779867379567, right(srz246186715406)
pos, 0.20238779867379567, right(srz246186710087)
pos, 0.20238779867379567, right(srz246186712409)
pos, 0.22335882248171707, right(srz24618678556)
pos, 0.20238779867379567, right(srz246186715732)
pos, 0.270952319943303, right(srz246186713920)
pos, 0.16534236174919958, right(srz24618671559)
pos, 0.20238779867379567, right(srz246186715731)
pos, 0.23411182129462718, right(srz24618679714)
pos, 0.20238779867379567, right(srz24618675382)
pos, 0.12688632616944576, right(srz24618679107)
pos, 0.23411182129462718, right(srz246186713430)
pos, 0.279155637061725, right(srz246186716923)
pos, 0.23411182129462718, right(srz24618671431)
pos, 0.23411182129462718, right(srz24618673239)
pos, 0.270952319943303, right(srz24618674553)
pos, 0.279155637061725, right(srz24618672515)
pos, 0.13264769949256902, right(srz2461867154)
pos, 0.270952319943303, right(srz24618676862)
pos, 0.23411182129462718, right(srz24618678722)
pos, 0.23411182129462718, right(srz246186712504)
pos, 0.20238779867379567, right(srz246186715737)
pos, 0.23411182129462718, right(srz246186715036)
pos, 0.23411182129462718, right(srz246186715383)
pos, 0.20238779867379567, right(srz24618675363)
pos, 0.23411182129462718, right(srz24618676654)
pos, 0.23411182129462718, right(srz24618673311)
pos, 0.22335882248171707, right(srz24618674011)
pos, 0.20238779867379567, right(srz24618673201)
pos, 0.12688632616944576, right(srz246186711194)
pos, 0.270952319943303, right(srz24618679772)
pos, 0.270952319943303, right(srz24618676876)
pos, 0.16534236174919958, right(srz24618671730)
pos, 0.23411182129462718, right(srz246186712289)
pos, 0.20238779867379567, right(srz24618678270)
pos, 0.20238779867379567, right(srz24618674704)
pos, 0.22335882248171707, right(srz246186716587)
pos, 0.20238779867379567, right(srz246186712401)
pos, 0.16534236174919958, right(srz24618677930)
pos, 0.20238779867379567, right(srz246186715156)
pos, 0.270952319943303, right(srz24618673971)
pos, 0.279155637061725, right(srz246186710294)
pos, 0.20238779867379567, right(srz24618675087)
pos, 0.279155637061725, right(srz246186712785)
pos, 0.20238779867379567, right(srz24618677062)
pos, 0.23411182129462718, right(srz246186715042)
pos, 0.279155637061725, right(srz246186714197)
pos, 0.23411182129462718, right(srz246186714383)
pos, 0.270952319943303, right(srz24618676143)
pos, 0.270952319943303, right(srz2461867827)
pos, 0.20238779867379567, right(srz24618678197)
pos, 0.20238779867379567, right(srz24618675064)
pos, 0.20238779867379567, right(srz246186715399)
pos, 0.270952319943303, right(srz24618675559)
pos, 0.279155637061725, right(srz246186714205)
pos, 0.20238779867379567, right(srz24618677078)
pos, 0.270952319943303, right(srz24618673977)
pos, 0.23411182129462718, right(srz24618679734)
pos, 0.22335882248171707, right(srz24618679027)
pos, 0.16534236174919958, right(srz24618671733)
pos, 0.270952319943303, right(srz24618679024)
pos, 0.279155637061725, right(srz24618677225)
pos, 0.16534236174919958, right(srz24618673868)
pos, 0.16534236174919958, right(srz246186712511)
pos, 0.279155637061725, right(srz246186716574)
pos, 0.20238779867379567, right(srz24618676753)
pos, 0.270952319943303, right(srz24618678814)
pos, 0.16534236174919958, right(srz24618676473)
pos, 0.20238779867379567, right(srz24618677714)
pos, 0.20238779867379567, right(srz24618674706)
pos, 0.279155637061725, right(srz24618672543)
pos, 0.20238779867379567, right(srz24618678903)
pos, 0.20238779867379567, right(srz24618676757)
pos, 0.23411182129462718, right(srz246186712503)
pos, 0.270952319943303, right(srz246186711383)
pos, 0.279155637061725, right(srz246186712774)
pos, 0.2516790776782916, right(srz246186712217)
pos, 0.279155637061725, right(srz24618679797)
pos, 0.16534236174919958, right(srz24618676482)
pos, 0.270952319943303, right(srz24618672112)
pos, 0.270952319943303, right(srz24618672150)
pos, 0.20238779867379567, right(srz246186710375)
pos, 0.23411182129462718, right(srz24618678835)
pos, 0.270952319943303, right(srz246186711396)
pos, 0.23411182129462718, right(srz24618678538)
pos, 0.279155637061725, right(srz24618677181)
pos, 0.23411182129462718, right(srz246186710252)
pos, 0.20238779867379567, right(srz246186716773)
pos, 0.1307626901162914, right(srz246186712662)
pos, 0.16534236174919958, right(srz24618672042)
pos, 0.18333193000285317, right(srz246186714544)
pos, 0.20238779867379567, right(srz246186714033)
pos, 0.2516790776782916, right(srz24618679038)
pos, 0.23411182129462718, right(srz24618673840)
pos, 0.270952319943303, right(srz24618672147)
pos, 0.23411182129462718, right(srz24618673026)
pos, 0.20238779867379567, right(srz246186711155)
pos, 0.279155637061725, right(srz246186710281)
pos, 0.23411182129462718, right(srz24618677816)
pos, 0.20238779867379567, right(srz246186712402)
pos, 0.270952319943303, right(srz24618679785)
pos, 0.279155637061725, right(srz246186710299)
pos, 0.2516790776782916, right(srz246186712215)
pos, 0.23411182129462718, right(srz24618677814)
pos, 0.279155637061725, right(srz24618671849)
pos, 0.279155637061725, right(srz246186712347)
pos, 0.279155637061725, right(srz246186716559)
pos, 0.20238779867379567, right(srz24618677707)
pos, 0.20238779867379567, right(srz24618678553)
pos, 0.23411182129462718, right(srz246186711081)
pos, 0.270952319943303, right(srz24618673973)
pos, 0.23411182129462718, right(srz24618678634)
pos, 0.16534236174919958, right(srz24618672127)
pos, 0.20238779867379567, right(srz24618677694)
pos, 0.23411182129462718, right(srz246186715131)
pos, 0.20238779867379567, right(srz246186715742)
pos, 0.12688632616944576, right(srz24618672280)
pos, 0.20238779867379567, right(srz246186712406)
pos, 0.270952319943303, right(srz24618678103)
pos, 0.20238779867379567, right(srz246186711243)
pos, 0.23411182129462718, right(srz246186715390)
pos, 0.22335882248171707, right(srz24618672565)
pos, 0.279155637061725, right(srz246186716564)
pos, 0.270952319943303, right(srz24618679007)
pos, 0.279155637061725, right(srz246186714203)
pos, 0.16534236174919958, right(srz2461867705)
pos, 0.2516790776782916, right(srz246186714576)
pos, 0.279155637061725, right(srz246186710279)
pos, 0.20238779867379567, right(srz24618676760)
pos, 0.20238779867379567, right(srz24618678240)
pos, 0.270952319943303, right(srz2461867819)
pos, 0.12688632616944576, right(srz24618672040)
pos, 0.20238779867379567, right(srz246186714048)
pos, 0.279155637061725, right(srz246186714179)
pos, 0.2516790776782916, right(srz246186712213)
pos, 0.270952319943303, right(srz24618673955)
pos, 0.23411182129462718, right(srz24618673040)
pos, 0.20238779867379567, right(srz24618677085)
pos, 0.23411182129462718, right(srz24618678740)
pos, 0.23411182129462718, right(srz24618673463)
pos, 0.18333193000285317, right(srz246186711552)
pos, 0.20238779867379567, right(srz24618677833)
pos, 0.2516790776782916, right(srz24618679071)
pos, 0.20238779867379567, right(srz24618677693)
pos, 0.20238779867379567, right(srz24618675070)
pos, 0.23411182129462718, right(srz24618675232)
pos, 0.20238779867379567, right(srz24618677827)
pos, 0.23411182129462718, right(srz24618673016)
pos, 0.270952319943303, right(srz246186711374)
pos, 0.16534236174919958, right(srz24618679699)
pos, 0.270952319943303, right(srz246186713923)
pos, 0.270952319943303, right(srz2461867829)
pos, 0.270952319943303, right(srz24618678102)
pos, 0.20238779867379567, right(srz24618675084)
pos, 0.279155637061725, right(srz246186714193)
pos, 0.23411182129462718, right(srz24618676724)
pos, 0.20238779867379567, right(srz24618675385)
pos, 0.16534236174919958, right(srz24618671553)
pos, 0.20238779867379567, right(srz246186711150)
pos, 0.270952319943303, right(srz24618672153)
pos, 0.16534236174919958, right(srz2461867410)
pos, 0.16534236174919958, right(srz24618671741)
pos, 0.16534236174919958, right(srz24618675359)
pos, 0.20238779867379567, right(srz24618678409)
pos, 0.20238779867379567, right(srz246186712846)
pos, 0.23411182129462718, right(srz246186715125)
pos, 0.20238779867379567, right(srz24618675379)
pos, 0.23411182129462718, right(srz24618678721)
pos, 0.23411182129462718, right(srz24618671688)
pos, 0.270952319943303, right(srz24618676872)
pos, 0.20238779867379567, right(srz24618678198)
pos, 0.20238779867379567, right(srz246186714177)
pos, 0.270952319943303, right(srz24618679788)
pos, 0.23411182129462718, right(srz246186713425)
pos, 0.270952319943303, right(srz24618673960)
pos, 0.23411182129462718, right(srz24618676319)
pos, 0.20238779867379567, right(srz246186714392)
pos, 0.20238779867379567, right(srz24618677074)
pos, 0.23411182129462718, right(srz24618673316)
pos, 0.279155637061725, right(srz246186710274)
pos, 0.270952319943303, right(srz24618679773)
pos, 0.270952319943303, right(srz24618675321)
pos, 0.1307626901162914, right(srz246186714175)
pos, 0.270952319943303, right(srz24618679819)
pos, 0.270952319943303, right(srz246186711382)
pos, 0.20238779867379567, right(srz24618677071)
pos, 0.270952319943303, right(srz24618678104)
pos, 0.20238779867379567, right(srz246186710078)
pos, 0.20238779867379567, right(srz24618678900)
pos, 0.270952319943303, right(srz24618675561)
pos, 0.2393699610524666, right(srz24618679155)
pos, 0.20238779867379567, right(srz246186716762)
pos, 0.279155637061725, right(srz246186715674)
pos, 0.20238779867379567, right(srz24618678248)
pos, 0.270952319943303, right(srz24618674542)
pos, 0.20238779867379567, right(srz24618673199)
pos, 0.270952319943303, right(srz2461867787)
pos, 0.23411182129462718, right(srz24618678535)
pos, 0.20238779867379567, right(srz246186710980)
pos, 0.279155637061725, right(srz246186712775)
pos, 0.279155637061725, right(srz246186716577)
pos, 0.270952319943303, right(srz246186713930)
pos, 0.20238779867379567, right(srz24618674892)
pos, 0.23411182129462718, right(srz24618678733)
pos, 0.20238779867379567, right(srz24618677060)
pos, 0.279155637061725, right(srz246186710275)
pos, 0.23411182129462718, right(srz24618673047)
pos, 0.23411182129462718, right(srz24618673060)
pos, 0.20238779867379567, right(srz246186711247)
pos, 0.270952319943303, right(srz246186715701)
pos, 0.23411182129462718, right(srz246186715215)
pos, 0.20238779867379567, right(srz246186714051)
pos, 0.23411182129462718, right(srz24618673867)
pos, 0.270952319943303, right(srz24618674529)
pos, 0.20238779867379567, right(srz246186715148)
pos, 0.16534236174919958, right(srz2461867593)
pos, 0.23411182129462718, right(srz24618678836)
pos, 0.23411182129462718, right(srz246186712499)
pos, 0.270952319943303, right(srz24618672071)
pos, 0.23411182129462718, right(srz24618673046)
pos, 0.20238779867379567, right(srz246186710089)
pos, 0.22335882248171707, right(srz24618675325)
pos, 0.12688632616944576, right(srz246186716760)
pos, 0.2516790776782916, right(srz24618679041)
pos, 0.16534236174919958, right(srz24618677926)
pos, 0.12688632616944576, right(srz246186710374)
pos, 0.279155637061725, right(srz24618677226)
pos, 0.20238779867379567, right(srz24618677050)
pos, 0.20238779867379567, right(srz246186715407)
pos, 0.279155637061725, right(srz246186712339)
pos, 0.279155637061725, right(srz24618672540)
pos, 0.2516790776782916, right(srz24618679046)
pos, 0.16534236174919958, right(srz24618673008)
pos, 0.20238779867379567, right(srz24618678233)
pos, 0.20238779867379567, right(srz24618678552)
pos, 0.22335882248171707, right(srz246186712886)
pos, 0.18333193000285317, right(srz246186712149)
pos, 0.13264769949256902, right(srz2461867155)
pos, 0.23411182129462718, right(srz24618673244)
pos, 0.2516790776782916, right(srz2461867192)
pos, 0.16534236174919958, right(srz2461867745)
pos, 0.20238779867379567, right(srz246186716761)
pos, 0.2516790776782916, right(srz246186712185)
pos, 0.20238779867379567, right(srz24618678229)
pos, 0.2516790776782916, right(srz24618679050)
pos, 0.279155637061725, right(srz246186712773)
pos, 0.279155637061725, right(srz246186716551)
pos, 0.23411182129462718, right(srz24618677709)
pos, 0.2393699610524666, right(srz24618679113)
pos, 0.270952319943303, right(srz24618675308)
pos, 0.16534236174919958, right(srz24618676382)
pos, 0.23411182129462718, right(srz24618673189)
pos, 0.20238779867379567, right(srz24618677052)
pos, 0.20238779867379567, right(srz24618675088)
pos, 0.23411182129462718, right(srz246186715129)
pos, 0.20238779867379567, right(srz246186713448)
pos, 0.270952319943303, right(srz24618674520)
pos, 0.270952319943303, right(srz24618675309)
pos, 0.279155637061725, right(srz24618672557)
pos, 0.270952319943303, right(srz24618672101)
pos, 0.279155637061725, right(srz24618679808)
pos, 0.279155637061725, right(srz24618671850)
pos, 0.16534236174919958, right(srz24618677946)
pos, 0.23411182129462718, right(srz24618673013)
pos, 0.12688632616944576, right(srz2461867698)
pos, 0.12688632616944576, right(srz246186711292)
pos, 0.270952319943303, right(srz24618672070)
pos, 0.20238779867379567, right(srz24618674699)
pos, 0.16534236174919958, right(srz24618673871)
pos, 0.16534236174919958, right(srz24618676485)
pos, 0.270952319943303, right(srz24618675310)
pos, 0.16534236174919958, right(srz2461867744)
pos, 0.20238779867379567, right(srz24618678546)
pos, 0.270952319943303, right(srz24618673957)
pos, 0.2516790776782916, right(srz24618679048)
pos, 0.270952319943303, right(srz24618672151)
pos, 0.16534236174919958, right(srz2461867702)
pos, 0.16534236174919958, right(srz24618676190)
pos, 0.270952319943303, right(srz246186710047)
pos, 0.23411182129462718, right(srz246186715233)
pos, 0.20238779867379567, right(srz246186712313)
pos, 0.20238779867379567, right(srz246186714035)
pos, 0.22335882248171707, right(srz24618674009)
pos, 0.23411182129462718, right(srz246186715038)
pos, 0.23411182129462718, right(srz246186711075)
pos, 0.20238779867379567, right(srz24618677708)
pos, 0.20238779867379567, right(srz24618676748)
pos, 0.20238779867379567, right(srz24618678898)
pos, 0.23411182129462718, right(srz24618678731)
pos, 0.23411182129462718, right(srz246186710250)
pos, 0.20238779867379567, right(srz246186713455)
pos, 0.16534236174919958, right(srz246186715014)
pos, 0.16534236174919958, right(srz246186713794)
pos, 0.279155637061725, right(srz24618679812)
pos, 0.20238779867379567, right(srz24618677089)
pos, 0.13264769949256902, right(srz246186710478)
pos, 0.23411182129462718, right(srz24618677671)
pos, 0.279155637061725, right(srz24618677208)
pos, 0.23411182129462718, right(srz24618678622)
pos, 0.2516790776782916, right(srz2461867163)
pos, 0.23411182129462718, right(srz24618677685)
pos, 0.270952319943303, right(srz246186710964)
pos, 0.2516790776782916, right(srz24618679043)
pos, 0.23411182129462718, right(srz24618673317)
pos, 0.20238779867379567, right(srz24618678547)
pos, 0.16534236174919958, right(srz24618671692)
pos, 0.20238779867379567, right(srz246186716737)
pos, 0.23411182129462718, right(srz246186714017)
pos, 0.270952319943303, right(srz2461867834)
pos, 0.16534236174919958, right(srz24618677947)
pos, 0.270952319943303, right(srz24618676139)
pos, 0.20238779867379567, right(srz24618678744)
pos, 0.23411182129462718, right(srz24618673240)
pos, 0.2516790776782916, right(srz2461867191)
pos, 0.23411182129462718, right(srz24618678889)
pos, 0.279155637061725, right(srz24618679794)
pos, 0.279155637061725, right(srz24618677164)
pos, 0.23411182129462718, right(srz24618675095)
pos, 0.279155637061725, right(srz24618677189)
pos, 0.270952319943303, right(srz2461867828)
pos, 0.22335882248171707, right(srz246186712882)
neg, 0.12688632616944576, right(srz24618676426)
neg, 0.18333193000285317, right(srz246186711586)
neg, 0.18333193000285317, right(srz24618679597)
neg, 0.12688632616944576, right(srz246186714948)
neg, 0.12688632616944576, right(srz246186715557)
neg, 0.12688632616944576, right(srz24618679510)
neg, 0.12688632616944576, right(srz246186710179)
neg, 0.16534236174919958, right(srz246186716980)
neg, 0.12688632616944576, right(srz2461867543)
neg, 0.16534236174919958, right(srz2461867747)
neg, 0.12688632616944576, right(srz246186712562)
neg, 0.12688632616944576, right(srz24618672823)
neg, 0.12688632616944576, right(srz24618674017)
neg, 0.12688632616944576, right(srz24618671364)
neg, 0.12688632616944576, right(srz24618678355)
neg, 0.12688632616944576, right(srz24618672184)
neg, 0.12688632616944576, right(srz24618679959)
neg, 0.13264769949256902, right(srz246186740)
neg, 0.12688632616944576, right(srz24618672025)
neg, 0.20238779867379567, right(srz246186714136)
neg, 0.1307626901162914, right(srz246186716873)
neg, 0.20238779867379567, right(srz24618673212)
neg, 0.12688632616944576, right(srz246186711938)
neg, 0.16534236174919958, right(srz24618675809)
neg, 0.12688632616944576, right(srz24618671390)
neg, 0.12688632616944576, right(srz246186716028)
neg, 0.1254446385283914, right(srz246186710532)
neg, 0.12688632616944576, right(srz246186712443)
neg, 0.23411182129462718, right(srz2461867363)
neg, 0.13264769949256902, right(srz24618679362)
neg, 0.12688632616944576, right(srz24618679607)
neg, 0.12688632616944576, right(srz246186713731)
neg, 0.12688632616944576, right(srz2461867505)
neg, 0.23411182129462718, right(srz246186711501)
neg, 0.12688632616944576, right(srz24618677396)
neg, 0.12688632616944576, right(srz246186712928)
neg, 0.12688632616944576, right(srz246186712126)
neg, 0.16534236174919958, right(srz24618679281)
neg, 0.23411182129462718, right(srz2461867338)
neg, 0.12688632616944576, right(srz246186715053)
neg, 0.12688632616944576, right(srz24618675505)
neg, 0.20238779867379567, right(srz24618678798)
neg, 0.12688632616944576, right(srz24618672951)
neg, 0.1307626901162914, right(srz246186714745)
neg, 0.13264769949256902, right(srz24618679343)
neg, 0.12688632616944576, right(srz24618673822)
neg, 0.12688632616944576, right(srz24618675462)
neg, 0.12688632616944576, right(srz24618671052)
neg, 0.12688632616944576, right(srz246186712269)
neg, 0.12688632616944576, right(srz246186715602)
neg, 0.12688632616944576, right(srz246186710143)
neg, 0.12688632616944576, right(srz24618676810)
neg, 0.13264769949256902, right(srz24618679394)
neg, 0.12688632616944576, right(srz246186715980)
neg, 0.12688632616944576, right(srz24618671288)
neg, 0.12688632616944576, right(srz24618672924)
neg, 0.20238779867379567, right(srz24618677857)
neg, 0.13264769949256902, right(srz246186737)
neg, 0.12688632616944576, right(srz246186716123)
neg, 0.16534236174919958, right(srz24618675285)
neg, 0.12688632616944576, right(srz246186711868)
neg, 0.1307626901162914, right(srz246186714722)
neg, 0.13264769949256902, right(srz24618675735)
neg, 0.1307626901162914, right(srz246186716904)
neg, 0.12688632616944576, right(srz246186710872)
neg, 0.1332081935458371, right(srz24618676499)
neg, 0.12688632616944576, right(srz24618676028)
neg, 0.12688632616944576, right(srz246186716075)
neg, 0.12688632616944576, right(srz24618671375)
neg, 0.23411182129462718, right(srz24618673269)
neg, 0.12688632616944576, right(srz24618676998)
neg, 0.20238779867379567, right(srz24618673209)
neg, 0.1254446385283914, right(srz24618672574)
neg, 0.12688632616944576, right(srz24618674436)
neg, 0.12688632616944576, right(srz246186716621)
neg, 0.12688632616944576, right(srz246186714471)
neg, 0.12688632616944576, right(srz24618676216)
neg, 0.12688632616944576, right(srz246186713485)
neg, 0.12688632616944576, right(srz246186711172)
neg, 0.12688632616944576, right(srz246186714852)
neg, 0.12688632616944576, right(srz24618677349)
neg, 0.12688632616944576, right(srz246186711767)
neg, 0.23411182129462718, right(srz246186713471)
neg, 0.12688632616944576, right(srz246186716032)
neg, 0.12688632616944576, right(srz24618672685)
neg, 0.13264769949256902, right(srz24618675731)
neg, 0.12688632616944576, right(srz246186717030)
neg, 0.16534236174919958, right(srz2461867213)
neg, 0.20238779867379567, right(srz246186715050)
neg, 0.12688632616944576, right(srz246186715911)
neg, 0.12688632616944576, right(srz2461867687)
neg, 0.16534236174919958, right(srz24618672368)
neg, 0.1307626901162914, right(srz246186714169)
neg, 0.12688632616944576, right(srz24618672810)
neg, 0.12688632616944576, right(srz24618671486)
neg, 0.12688632616944576, right(srz246186711746)
neg, 0.12688632616944576, right(srz24618676034)
neg, 0.12688632616944576, right(srz24618677313)
neg, 0.1332081935458371, right(srz24618671783)
neg, 0.12688632616944576, right(srz24618672490)
neg, 0.16534236174919958, right(srz246186717179)
neg, 0.23411182129462718, right(srz24618677733)
neg, 0.12688632616944576, right(srz24618678572)
neg, 0.1307626901162914, right(srz24618675160)
neg, 0.12688632616944576, right(srz24618673157)
neg, 0.12688632616944576, right(srz246186716335)
neg, 0.12688632616944576, right(srz246186712009)
neg, 0.12688632616944576, right(srz246186712983)
neg, 0.16534236174919958, right(srz246186711442)
neg, 0.12688632616944576, right(srz2461867515)
neg, 0.12688632616944576, right(srz24618677324)
neg, 0.12688632616944576, right(srz2461867977)
neg, 0.12688632616944576, right(srz24618678591)
neg, 0.12688632616944576, right(srz24618672808)
neg, 0.12688632616944576, right(srz24618676269)
neg, 0.12688632616944576, right(srz246186711662)
neg, 0.12688632616944576, right(srz246186717086)
neg, 0.12688632616944576, right(srz246186712125)
neg, 0.12688632616944576, right(srz24618674346)
neg, 0.12688632616944576, right(srz24618672835)
neg, 0.12688632616944576, right(srz24618671337)
neg, 0.23411182129462718, right(srz24618677845)
neg, 0.12688632616944576, right(srz24618672612)
neg, 0.12688632616944576, right(srz24618676447)
neg, 0.12688632616944576, right(srz246186717113)
neg, 0.12688632616944576, right(srz246186715429)
neg, 0.12688632616944576, right(srz24618674832)
neg, 0.16534236174919958, right(srz246186711452)
neg, 0.12688632616944576, right(srz246186710192)
neg, 0.12688632616944576, right(srz24618672469)
neg, 0.16534236174919958, right(srz24618675817)
neg, 0.20238779867379567, right(srz24618677112)
neg, 0.1332081935458371, right(srz2461867616)
neg, 0.12688632616944576, right(srz24618675211)
neg, 0.12688632616944576, right(srz24618673813)
neg, 0.16534236174919958, right(srz2461867774)
neg, 0.12688632616944576, right(srz246186716035)
neg, 0.12688632616944576, right(srz246186713726)
neg, 0.1254446385283914, right(srz246186713070)
neg, 0.12688632616944576, right(srz24618672004)
neg, 0.12688632616944576, right(srz246186714947)
neg, 0.18333193000285317, right(srz24618679126)
neg, 0.20238779867379567, right(srz24618679926)
neg, 0.12688632616944576, right(srz246186717149)
neg, 0.12688632616944576, right(srz24618674291)
neg, 0.12688632616944576, right(srz24618675152)
neg, 0.1307626901162914, right(srz246186710444)
neg, 0.23411182129462718, right(srz24618678421)
neg, 0.12688632616944576, right(srz24618677592)
neg, 0.18333193000285317, right(srz24618675673)
neg, 0.12688632616944576, right(srz246186711932)
neg, 0.12688632616944576, right(srz24618677994)
neg, 0.12688632616944576, right(srz24618674614)
neg, 0.12688632616944576, right(srz246186716120)
neg, 0.20238779867379567, right(srz24618678919)
neg, 0.2516790776782916, right(srz24618679081)
neg, 0.12688632616944576, right(srz24618671966)
neg, 0.12688632616944576, right(srz246186715375)
neg, 0.12688632616944576, right(srz246186716695)
neg, 0.12688632616944576, right(srz24618671362)
neg, 0.12688632616944576, right(srz24618679656)
neg, 0.12688632616944576, right(srz24618674954)
neg, 0.12688632616944576, right(srz246186711210)
neg, 0.20238779867379567, right(srz24618676666)
neg, 0.12688632616944576, right(srz246186716004)
neg, 0.16534236174919958, right(srz24618672426)
neg, 0.20238779867379567, right(srz24618673734)
neg, 0.12688632616944576, right(srz24618671638)
neg, 0.12688632616944576, right(srz24618679549)
neg, 0.12688632616944576, right(srz24618677536)
neg, 0.12688632616944576, right(srz24618677558)
neg, 0.12688632616944576, right(srz24618671459)
neg, 0.270952319943303, right(srz246186710932)
neg, 0.13264769949256902, right(srz24618671273)
neg, 0.12688632616944576, right(srz24618671673)
neg, 0.16534236174919958, right(srz246186710593)
neg, 0.12688632616944576, right(srz24618674026)
neg, 0.12688632616944576, right(srz24618672720)
neg, 0.12688632616944576, right(srz246186711360)
neg, 0.12688632616944576, right(srz24618672961)
neg, 0.18333193000285317, right(srz24618675595)
neg, 0.12688632616944576, right(srz24618675611)
neg, 0.12688632616944576, right(srz24618675140)
neg, 0.12688632616944576, right(srz246186716271)
neg, 0.20238779867379567, right(srz24618678803)
neg, 0.16534236174919958, right(srz24618672133)
neg, 0.12688632616944576, right(srz246186716346)
neg, 0.20238779867379567, right(srz24618674500)
neg, 0.12688632616944576, right(srz246186711971)
neg, 0.12688632616944576, right(srz24618673825)
neg, 0.12688632616944576, right(srz24618672211)
neg, 0.13264769949256902, right(srz24618675850)
neg, 0.12688632616944576, right(srz24618677280)
neg, 0.1307626901162914, right(srz246186714734)
neg, 0.1307626901162914, right(srz246186714716)
neg, 0.1254446385283914, right(srz246186713220)
neg, 0.1307626901162914, right(srz246186716892)
neg, 0.12688632616944576, right(srz246186711669)
neg, 0.12688632616944576, right(srz24618676515)
neg, 0.22335882248171707, right(srz24618679828)
neg, 0.13264769949256902, right(srz24618675939)
neg, 0.1307626901162914, right(srz246186710019)
neg, 0.12688632616944576, right(srz24618671825)
neg, 0.16534236174919958, right(srz24618675799)
neg, 0.12688632616944576, right(srz24618676997)
neg, 0.2516790776782916, right(srz24618675583)
neg, 0.12688632616944576, right(srz24618674676)
neg, 0.12688632616944576, right(srz2461867676)
neg, 0.1332081935458371, right(srz24618671782)
neg, 0.12688632616944576, right(srz246186716046)
neg, 0.1307626901162914, right(srz246186715322)
neg, 0.20238779867379567, right(srz24618678784)
neg, 0.12688632616944576, right(srz24618672581)
neg, 0.20238779867379567, right(srz246186714409)
neg, 0.16534236174919958, right(srz24618678422)
neg, 0.1307626901162914, right(srz246186714670)
neg, 0.13264769949256902, right(srz24618675981)
neg, 0.12688632616944576, right(srz24618673124)
neg, 0.1254446385283914, right(srz246186714647)
neg, 0.12688632616944576, right(srz246186711200)
neg, 0.12688632616944576, right(srz246186713744)
neg, 0.12688632616944576, right(srz24618677628)
neg, 0.12688632616944576, right(srz246186713590)
neg, 0.12688632616944576, right(srz24618673142)
neg, 0.12688632616944576, right(srz24618673451)
neg, 0.12688632616944576, right(srz24618674860)
neg, 0.13264769949256902, right(srz246186710716)
neg, 0.12688632616944576, right(srz24618678946)
neg, 0.12688632616944576, right(srz246186711327)
neg, 0.16534236174919958, right(srz24618672380)
neg, 0.16534236174919958, right(srz246186713196)
neg, 0.12688632616944576, right(srz24618671140)
neg, 0.20238779867379567, right(srz246186711011)
neg, 0.12688632616944576, right(srz246186710867)
neg, 0.12688632616944576, right(srz24618671489)
neg, 0.1332081935458371, right(srz246186713719)
neg, 0.16534236174919958, right(srz24618676192)
neg, 0.12688632616944576, right(srz246186711874)
neg, 0.12688632616944576, right(srz246186711323)
neg, 0.20238779867379567, right(srz24618676952)
neg, 0.16534236174919958, right(srz246186710600)
neg, 0.20238779867379567, right(srz24618672396)
neg, 0.13264769949256902, right(srz246186713261)
neg, 0.12688632616944576, right(srz246186712978)
neg, 0.12688632616944576, right(srz246186716268)
neg, 0.12688632616944576, right(srz24618671297)
neg, 0.12688632616944576, right(srz246186716280)
neg, 0.12688632616944576, right(srz246186711787)
neg, 0.20238779867379567, right(srz24618672400)
neg, 0.12688632616944576, right(srz24618679630)
neg, 0.12688632616944576, right(srz246186712108)
neg, 0.12688632616944576, right(srz24618673169)
neg, 0.13264769949256902, right(srz246186713305)
neg, 0.13264769949256902, right(srz24618679455)
neg, 0.12688632616944576, right(srz24618678956)
neg, 0.12688632616944576, right(srz24618674594)
neg, 0.12688632616944576, right(srz24618674202)
neg, 0.12688632616944576, right(srz246186715436)
neg, 0.12688632616944576, right(srz246186715944)
neg, 0.12688632616944576, right(srz24618678671)
neg, 0.16534236174919958, right(srz246186717181)
neg, 0.13264769949256902, right(srz246186793)
neg, 0.16534236174919958, right(srz246186713201)
neg, 0.12688632616944576, right(srz24618674287)
neg, 0.23411182129462718, right(srz24618673767)
neg, 0.12688632616944576, right(srz24618677514)
neg, 0.12688632616944576, right(srz24618674309)
neg, 0.12688632616944576, right(srz24618678366)
neg, 0.20238779867379567, right(srz246186715775)
neg, 0.12688632616944576, right(srz24618677350)
neg, 0.12688632616944576, right(srz24618677025)
neg, 0.13264769949256902, right(srz24618679186)
neg, 0.1254446385283914, right(srz246186710527)
neg, 0.12688632616944576, right(srz24618671169)
neg, 0.1307626901162914, right(srz246186710438)
neg, 0.12688632616944576, right(srz24618672974)
neg, 0.12688632616944576, right(srz2461867456)
neg, 0.12688632616944576, right(srz246186712111)
neg, 0.12688632616944576, right(srz246186713640)
neg, 0.12688632616944576, right(srz246186716379)
neg, 0.12688632616944576, right(srz246186712063)
neg, 0.12688632616944576, right(srz246186711657)
neg, 0.12688632616944576, right(srz246186715921)
neg, 0.12688632616944576, right(srz24618672893)
neg, 0.13264769949256902, right(srz24618679392)
neg, 0.12688632616944576, right(srz2461867436)
neg, 0.12688632616944576, right(srz24618678439)
neg, 0.12688632616944576, right(srz246186715195)
neg, 0.16534236174919958, right(srz24618671715)
neg, 0.12688632616944576, right(srz246186711782)
neg, 0.16534236174919958, right(srz24618677952)
neg, 0.12688632616944576, right(srz24618678576)
neg, 0.12688632616944576, right(srz24618678606)
neg, 0.12688632616944576, right(srz24618677410)
neg, 0.16534236174919958, right(srz24618679263)
neg, 0.12688632616944576, right(srz246186710364)
neg, 0.20238779867379567, right(srz24618673757)
neg, 0.12688632616944576, right(srz2461867454)
neg, 0.12688632616944576, right(srz24618671030)
neg, 0.12688632616944576, right(srz246186714487)
neg, 0.12688632616944576, right(srz246186710309)
neg, 0.23411182129462718, right(srz24618673076)
neg, 0.12688632616944576, right(srz246186710153)
neg, 0.1307626901162914, right(srz246186714672)
neg, 0.12688632616944576, right(srz24618674595)
neg, 0.12688632616944576, right(srz246186716018)
neg, 0.12688632616944576, right(srz24618677778)
neg, 0.12688632616944576, right(srz246186711844)
neg, 0.1307626901162914, right(srz246186714805)
neg, 0.1307626901162914, right(srz24618678825)
neg, 0.12688632616944576, right(srz24618671806)
neg, 0.12688632616944576, right(srz246186714438)
neg, 0.20238779867379567, right(srz24618676947)
neg, 0.12688632616944576, right(srz24618678565)
neg, 0.12688632616944576, right(srz2461867882)
neg, 0.12544463852839138, right(srz24618675125)
neg, 0.12688632616944576, right(srz246186710174)
neg, 0.12688632616944576, right(srz24618675486)
neg, 0.1307626901162914, right(srz246186713854)
neg, 0.20238779867379567, right(srz246186716797)
neg, 0.12688632616944576, right(srz246186715999)
neg, 0.23411182129462718, right(srz24618674714)
neg, 0.1332081935458371, right(srz246186714424)
neg, 0.12688632616944576, right(srz2461867437)
neg, 0.12688632616944576, right(srz24618671372)
neg, 0.20238779867379567, right(srz246186712228)
neg, 0.12688632616944576, right(srz24618677001)
neg, 0.16534236174919958, right(srz246186710651)
neg, 0.20238779867379567, right(srz246186714414)
neg, 0.12688632616944576, right(srz24618671176)
neg, 0.12688632616944576, right(srz246186716659)
neg, 0.13264769949256902, right(srz246186774)
neg, 0.20238779867379567, right(srz246186712637)
neg, 0.12688632616944576, right(srz24618676454)
neg, 0.1254446385283914, right(srz246186713074)
neg, 0.12688632616944576, right(srz24618677463)
neg, 0.13264769949256902, right(srz24618675719)
neg, 0.23411182129462718, right(srz2461867300)
neg, 0.12688632616944576, right(srz246186716180)
neg, 0.12688632616944576, right(srz24618675021)
neg, 0.23411182129462718, right(srz24618674741)
neg, 0.20238779867379567, right(srz24618677107)
neg, 0.12688632616944576, right(srz24618672244)
neg, 0.16534236174919958, right(srz246186711450)
neg, 0.23411182129462718, right(srz24618671923)
neg, 0.1307626901162914, right(srz246186715843)
neg, 0.13264769949256902, right(srz246186713360)
neg, 0.12688632616944576, right(srz24618671195)
neg, 0.16534236174919958, right(srz2461867327)
neg, 0.12688632616944576, right(srz246186716233)
neg, 0.12688632616944576, right(srz246186717011)
neg, 0.12688632616944576, right(srz246186715603)
neg, 0.20238779867379567, right(srz24618676893)
neg, 0.12688632616944576, right(srz24618671950)
neg, 0.12688632616944576, right(srz24618673431)
neg, 0.20238779867379567, right(srz246186711001)
neg, 0.12688632616944576, right(srz246186711718)
neg, 0.20238779867379567, right(srz24618673743)
neg, 0.12688632616944576, right(srz246186710126)
neg, 0.12688632616944576, right(srz246186712234)
neg, 0.12688632616944576, right(srz24618678682)
neg, 0.23411182129462718, right(srz246186711433)
neg, 0.12688632616944576, right(srz246186716261)
neg, 0.12688632616944576, right(srz246186712980)
neg, 0.12688632616944576, right(srz246186713597)
neg, 0.12688632616944576, right(srz246186711755)
neg, 0.1307626901162914, right(srz246186714769)
neg, 0.16534236174919958, right(srz24618679313)
neg, 0.13264769949256902, right(srz246186710493)
neg, 0.12688632616944576, right(srz24618671955)
neg, 0.13264769949256902, right(srz246186786)
neg, 0.12688632616944576, right(srz24618671306)
neg, 0.12688632616944576, right(srz24618674666)
neg, 0.12688632616944576, right(srz24618679653)
neg, 0.20238779867379567, right(srz24618678921)
neg, 0.12688632616944576, right(srz24618674126)
neg, 0.12688632616944576, right(srz24618676019)
neg, 0.12688632616944576, right(srz246186716377)
neg, 0.12688632616944576, right(srz24618674410)
neg, 0.12688632616944576, right(srz2461867628)
neg, 0.1307626901162914, right(srz24618675156)
neg, 0.12688632616944576, right(srz24618674988)
neg, 0.12688632616944576, right(srz24618673827)
neg, 0.18333193000285317, right(srz246186711530)
neg, 0.12688632616944576, right(srz246186715083)
neg, 0.12688632616944576, right(srz246186716658)
neg, 0.12688632616944576, right(srz246186716161)
neg, 0.12688632616944576, right(srz246186716193)
neg, 0.13264769949256902, right(srz246186762)
neg, 0.12688632616944576, right(srz246186712022)
neg, 0.12688632616944576, right(srz24618676809)
neg, 0.13264769949256902, right(srz24618675759)
neg, 0.12688632616944576, right(srz246186712049)
neg, 0.12688632616944576, right(srz246186717028)
neg, 0.1254446385283914, right(srz246186712173)
neg, 0.12688632616944576, right(srz24618676246)
neg, 0.12688632616944576, right(srz246186713396)
neg, 0.1307626901162914, right(srz246186714167)
neg, 0.1254446385283914, right(srz246186710498)
neg, 0.20238779867379567, right(srz24618675408)
neg, 0.20238779867379567, right(srz246186711473)
neg, 0.12688632616944576, right(srz246186717083)
neg, 0.1307626901162914, right(srz246186713778)
neg, 0.16534236174919958, right(srz246186710581)
neg, 0.12688632616944576, right(srz246186716236)
neg, 0.12688632616944576, right(srz24618674362)
neg, 0.12688632616944576, right(srz24618671039)
neg, 0.12688632616944576, right(srz2461867503)
neg, 0.12688632616944576, right(srz24618671613)
neg, 0.12688632616944576, right(srz24618672454)
neg, 0.13264769949256902, right(srz24618679359)
neg, 0.12688632616944576, right(srz246186714509)
neg, 0.12688632616944576, right(srz24618677308)
neg, 0.16534236174919958, right(srz24618671574)
neg, 0.12688632616944576, right(srz24618675457)
neg, 0.12688632616944576, right(srz24618673113)
neg, 0.12688632616944576, right(srz246186715630)
neg, 0.12688632616944576, right(srz246186716313)
neg, 0.1307626901162914, right(srz246186710021)
neg, 0.12688632616944576, right(srz246186711950)
neg, 0.18333193000285317, right(srz246186711584)
neg, 0.18333193000285317, right(srz24618679124)
neg, 0.12688632616944576, right(srz24618675421)
neg, 0.12688632616944576, right(srz24618678459)
neg, 0.13264769949256902, right(srz246186710752)
neg, 0.1307626901162914, right(srz246186714684)
neg, 0.12688632616944576, right(srz246186710340)
neg, 0.12688632616944576, right(srz2461867522)
neg, 0.12688632616944576, right(srz246186716291)
neg, 0.12688632616944576, right(srz246186714490)
neg, 0.13264769949256902, right(srz24618679385)
neg, 0.12688632616944576, right(srz24618674137)
neg, 0.13264769949256902, right(srz2461867128)
neg, 0.12688632616944576, right(srz246186712104)
neg, 0.12688632616944576, right(srz24618671351)
neg, 0.12688632616944576, right(srz24618676820)
neg, 0.20238779867379567, right(srz246186711299)
neg, 0.22335882248171707, right(srz246186712361)
neg, 0.12688632616944576, right(srz24618677801)
neg, 0.1307626901162914, right(srz24618675038)
neg, 0.12688632616944576, right(srz246186711186)
neg, 0.1332081935458371, right(srz24618674587)
neg, 0.12688632616944576, right(srz2461867280)
neg, 0.12688632616944576, right(srz24618678578)
neg, 0.12688632616944576, right(srz246186715001)
neg, 0.12688632616944576, right(srz246186715973)
neg, 0.12688632616944576, right(srz24618671359)
neg, 0.13264769949256902, right(srz24618679189)
neg, 0.12688632616944576, right(srz246186710004)
neg, 0.12688632616944576, right(srz24618673933)
neg, 0.16534236174919958, right(srz24618678926)
neg, 0.12688632616944576, right(srz24618672031)
neg, 0.16534236174919958, right(srz24618676354)
neg, 0.12688632616944576, right(srz246186714957)
neg, 0.12688632616944576, right(srz24618679557)
neg, 0.12688632616944576, right(srz24618676516)
neg, 0.1307626901162914, right(srz246186716874)
neg, 0.12688632616944576, right(srz246186714506)
neg, 0.12688632616944576, right(srz24618674481)
neg, 0.16534236174919958, right(srz246186716499)
neg, 0.18333193000285317, right(srz24618675651)
neg, 0.1307626901162914, right(srz24618678081)
neg, 0.16534236174919958, right(srz2461867771)
neg, 0.12688632616944576, right(srz246186711883)
neg, 0.20238779867379567, right(srz24618673205)
neg, 0.1307626901162914, right(srz246186714622)
neg, 0.12688632616944576, right(srz24618671203)
neg, 0.12688632616944576, right(srz246186716690)
neg, 0.12688632616944576, right(srz246186712699)
neg, 0.12688632616944576, right(srz24618673936)
neg, 0.13264769949256902, right(srz24618675739)
neg, 0.12688632616944576, right(srz24618672482)
neg, 0.1307626901162914, right(srz24618676546)
neg, 0.12688632616944576, right(srz246186711800)
neg, 0.12688632616944576, right(srz24618679651)
neg, 0.1254446385283914, right(srz246186713100)
neg, 0.12688632616944576, right(srz24618672635)
neg, 0.16534236174919958, right(srz24618676398)
neg, 0.1307626901162914, right(srz246186714704)
neg, 0.20238779867379567, right(srz24618678125)
neg, 0.13264769949256902, right(srz246186710681)
neg, 0.20238779867379567, right(srz246186714027)
neg, 0.12688632616944576, right(srz246186711963)
neg, 0.12688632616944576, right(srz246186716682)
neg, 0.12688632616944576, right(srz24618671998)
neg, 0.1307626901162914, right(srz246186710025)
neg, 0.12688632616944576, right(srz24618674125)
neg, 0.12688632616944576, right(srz24618674223)
neg, 0.20238779867379567, right(srz246186715292)
neg, 0.12688632616944576, right(srz24618671230)
neg, 0.16534236174919958, right(srz246186716538)
neg, 0.16534236174919958, right(srz246186716494)
neg, 0.12688632616944576, right(srz24618678942)
neg, 0.12688632616944576, right(srz24618676240)
neg, 0.12688632616944576, right(srz246186717014)
neg, 0.12688632616944576, right(srz24618673581)
neg, 0.12688632616944576, right(srz24618672634)
neg, 0.12688632616944576, right(srz246186712272)
neg, 0.12688632616944576, right(srz24618676514)
neg, 0.12688632616944576, right(srz246186715354)
neg, 0.12688632616944576, right(srz24618676253)
neg, 0.12688632616944576, right(srz246186716177)
neg, 0.20238779867379567, right(srz24618674727)
neg, 0.13264769949256902, right(srz24618675748)
neg, 0.12688632616944576, right(srz24618674841)
neg, 0.12688632616944576, right(srz24618678856)
neg, 0.12688632616944576, right(srz246186716115)
neg, 0.12688632616944576, right(srz24618677624)
neg, 0.12688632616944576, right(srz246186713588)
neg, 0.12688632616944576, right(srz246186717157)
neg, 0.12688632616944576, right(srz24618674390)
neg, 0.12688632616944576, right(srz24618678959)
neg, 0.13264769949256902, right(srz24618679200)
neg, 0.20238779867379567, right(srz24618678799)
neg, 0.12688632616944576, right(srz246186715607)
neg, 0.13264769949256902, right(srz246186710781)
neg, 0.12688632616944576, right(srz24618674675)
neg, 0.12688632616944576, right(srz246186713612)
neg, 0.12688632616944576, right(srz24618674115)
neg, 0.18333193000285317, right(srz24618679174)
neg, 0.18333193000285317, right(srz24618675664)
neg, 0.12688632616944576, right(srz246186710107)
neg, 0.16534236174919958, right(srz24618675290)
neg, 0.12688632616944576, right(srz24618676045)
neg, 0.23411182129462718, right(srz246186716596)
neg, 0.12688632616944576, right(srz246186711291)
neg, 0.20238779867379567, right(srz246186712854)
neg, 0.12688632616944576, right(srz24618671912)
neg, 0.12688632616944576, right(srz24618671807)
neg, 0.12688632616944576, right(srz246186710104)
neg, 0.12688632616944576, right(srz2461867524)
neg, 0.12688632616944576, right(srz246186714515)
neg, 0.12688632616944576, right(srz24618674995)
neg, 0.12688632616944576, right(srz246186715000)
neg, 0.12688632616944576, right(srz24618675347)
neg, 0.12688632616944576, right(srz24618674200)
neg, 0.1307626901162914, right(srz24618675045)
neg, 0.13264769949256902, right(srz246186710694)
neg, 0.12688632616944576, right(srz24618679850)
neg, 0.12688632616944576, right(srz24618672451)
neg, 0.12688632616944576, right(srz24618678449)
neg, 0.12688632616944576, right(srz24618673650)
neg, 0.1307626901162914, right(srz24618676555)
neg, 0.12688632616944576, right(srz24618671046)
neg, 0.12688632616944576, right(srz24618674683)
neg, 0.20238779867379567, right(srz24618677106)
neg, 0.20238779867379567, right(srz24618672414)
neg, 0.12688632616944576, right(srz24618672773)
neg, 0.12688632616944576, right(srz2461867466)
neg, 0.13264769949256902, right(srz24618679346)
neg, 0.16534236174919958, right(srz24618671721)
neg, 0.23411182129462718, right(srz24618675330)
neg, 0.1307626901162914, right(srz246186716901)
neg, 0.13264769949256902, right(srz246186713267)
neg, 0.12688632616944576, right(srz246186715992)
neg, 0.12688632616944576, right(srz246186714985)
neg, 0.12688632616944576, right(srz2461867498)
neg, 0.12688632616944576, right(srz246186712545)
neg, 0.12688632616944576, right(srz24618676062)
neg, 0.12688632616944576, right(srz246186713489)
neg, 0.16534236174919958, right(srz24618676395)
neg, 0.12688632616944576, right(srz24618672883)
neg, 0.12688632616944576, right(srz24618671175)
neg, 0.20238779867379567, right(srz24618678843)
neg, 0.12688632616944576, right(srz24618674996)
neg, 0.20238779867379567, right(srz24618675404)
neg, 0.13264769949256902, right(srz24618679192)
neg, 0.1254446385283914, right(srz246186712167)
neg, 0.16534236174919958, right(srz246186713696)
neg, 0.12688632616944576, right(srz24618671464)
neg, 0.12688632616944576, right(srz24618671996)
neg, 0.20238779867379567, right(srz246186714411)
neg, 0.12688632616944576, right(srz24618676415)
neg, 0.12688632616944576, right(srz24618674856)
neg, 0.12688632616944576, right(srz24618675434)
neg, 0.1254446385283914, right(srz246186712164)
neg, 0.12688632616944576, right(srz24618672012)
neg, 0.20238779867379567, right(srz246186716604)
neg, 0.12688632616944576, right(srz246186716399)
neg, 0.1307626901162914, right(srz24618675037)
neg, 0.12688632616944576, right(srz24618671204)
neg, 0.13264769949256902, right(srz24618675926)
neg, 0.12688632616944576, right(srz246186713747)
neg, 0.20238779867379567, right(srz246186713461)
neg, 0.16534236174919958, right(srz246186715536)
neg, 0.12688632616944576, right(srz24618676931)
neg, 0.16534236174919958, right(srz24618672348)
neg, 0.12688632616944576, right(srz246186710846)
neg, 0.13264769949256902, right(srz246186713309)
neg, 0.12688632616944576, right(srz246186711685)
neg, 0.12688632616944576, right(srz24618674400)
neg, 0.12688632616944576, right(srz24618678577)
neg, 0.12688632616944576, right(srz24618674227)
neg, 0.12688632616944576, right(srz246186712241)
neg, 0.20238779867379567, right(srz246186715240)
neg, 0.12688632616944576, right(srz24618675450)
neg, 0.16534236174919958, right(srz24618672336)
neg, 0.20238779867379567, right(srz24618677104)
neg, 0.12688632616944576, right(srz246186713404)
neg, 0.12688632616944576, right(srz24618672257)
neg, 0.1254446385283914, right(srz246186710535)
neg, 0.12688632616944576, right(srz24618672851)
neg, 0.13264769949256902, right(srz246186710487)
neg, 0.12688632616944576, right(srz24618676922)
neg, 0.12688632616944576, right(srz246186712278)
neg, 0.20238779867379567, right(srz246186712227)
neg, 0.12688632616944576, right(srz24618673173)
neg, 0.12688632616944576, right(srz24618674842)
neg, 0.12688632616944576, right(srz24618677244)
neg, 0.12688632616944576, right(srz246186714992)
neg, 0.13264769949256902, right(srz246186713330)
neg, 0.1307626901162914, right(srz24618678093)
neg, 0.13264769949256902, right(srz24618679391)
neg, 0.16534236174919958, right(srz246186710655)
neg, 0.12688632616944576, right(srz24618675632)
neg, 0.12688632616944576, right(srz24618673611)
neg, 0.1254446385283914, right(srz2461867899)
neg, 0.12688632616944576, right(srz24618677040)
neg, 0.13264769949256902, right(srz24618679222)
neg, 0.1254446385283914, right(srz246186710507)
neg, 0.20238779867379567, right(srz24618678914)
neg, 0.13264769949256902, right(srz24618679387)
neg, 0.12688632616944576, right(srz24618672624)
neg, 0.1307626901162914, right(srz246186716869)
neg, 0.1307626901162914, right(srz246186713774)
neg, 0.12688632616944576, right(srz24618679068)
neg, 0.13264769949256902, right(srz24618679474)
neg, 0.1307626901162914, right(srz246186714112)
neg, 0.16534236174919958, right(srz246186713161)
neg, 0.1307626901162914, right(srz246186710393)
neg, 0.12688632616944576, right(srz246186714458)
neg, 0.1254446385283914, right(srz246186710562)
neg, 0.270952319943303, right(srz246186710054)
neg, 0.12688632616944576, right(srz24618677353)
neg, 0.12688632616944576, right(srz246186712550)
neg, 0.12688632616944576, right(srz24618678005)
neg, 0.12688632616944576, right(srz24618678681)
neg, 0.20238779867379567, right(srz24618673782)
neg, 0.13264769949256902, right(srz24618679386)
neg, 0.1307626901162914, right(srz24618679987)
neg, 0.1254446385283914, right(srz246186713088)
neg, 0.12688632616944576, right(srz246186715926)
neg, 0.16534236174919958, right(srz246186711454)
neg, 0.16534236174919958, right(srz246186716486)
neg, 0.12688632616944576, right(srz246186712100)
neg, 0.12688632616944576, right(srz24618677241)
neg, 0.12688632616944576, right(srz24618672868)
neg, 0.13264769949256902, right(srz2461867135)
neg, 0.12688632616944576, right(srz24618678058)
neg, 0.22335882248171707, right(srz24618674758)
neg, 0.23411182129462718, right(srz24618678526)
neg, 0.12688632616944576, right(srz246186716148)
neg, 0.12688632616944576, right(srz24618673143)
neg, 0.18333193000285317, right(srz246186711603)
neg, 0.12688632616944576, right(srz24618674980)
neg, 0.12688632616944576, right(srz2461867860)
neg, 0.12688632616944576, right(srz24618679623)
neg, 0.1307626901162914, right(srz246186710401)
neg, 0.12688632616944576, right(srz2461867455)
neg, 0.16534236174919958, right(srz246186710584)
neg, 0.12688632616944576, right(srz246186716195)
neg, 0.13264769949256902, right(srz246186710685)
neg, 0.13264769949256902, right(srz24618679376)
neg, 0.13264769949256902, right(srz246186710761)
neg, 0.12688632616944576, right(srz246186712986)
neg, 0.1307626901162914, right(srz24618676535)
neg, 0.1307626901162914, right(srz246186715330)
neg, 0.12688632616944576, right(srz24618671342)
neg, 0.20238779867379567, right(srz246186716781)
neg, 0.12688632616944576, right(srz24618677360)
neg, 0.12688632616944576, right(srz246186715170)
neg, 0.12688632616944576, right(srz24618676111)
neg, 0.20238779867379567, right(srz24618676775)
neg, 0.12688632616944576, right(srz24618677663)
neg, 0.20238779867379567, right(srz24618678118)
neg, 0.16534236174919958, right(srz246186716530)
neg, 0.12688632616944576, right(srz24618673415)
neg, 0.12688632616944576, right(srz24618672488)
neg, 0.12688632616944576, right(srz246186715899)
neg, 0.2516790776782916, right(srz246186710379)
neg, 0.20238779867379567, right(srz24618673276)
neg, 0.23411182129462718, right(srz24618675178)
neg, 0.12688632616944576, right(srz24618676051)
neg, 0.1254446385283914, right(srz246186710563)
neg, 0.12688632616944576, right(srz24618679763)
neg, 0.23411182129462718, right(srz24618674735)
neg, 0.20238779867379567, right(srz246186710997)
neg, 0.12688632616944576, right(srz24618676048)
neg, 0.12688632616944576, right(srz24618674140)
neg, 0.20238779867379567, right(srz24618677849)
neg, 0.12688632616944576, right(srz24618675008)
neg, 0.12688632616944576, right(srz24618674193)
neg, 0.20238779867379567, right(srz246186713868)
neg, 0.12688632616944576, right(srz246186711813)
neg, 0.20238779867379567, right(srz24618675393)
neg, 0.12688632616944576, right(srz246186714967)
neg, 0.12688632616944576, right(srz24618674997)
neg, 0.12688632616944576, right(srz24618678380)
neg, 0.12688632616944576, right(srz24618677802)
neg, 0.12688632616944576, right(srz24618672986)
neg, 0.20238779867379567, right(srz246186710058)
neg, 0.13264769949256902, right(srz24618671)
neg, 0.1307626901162914, right(srz246186715650)
neg, 0.12688632616944576, right(srz246186716672)
neg, 0.20238779867379567, right(srz24618673299)
neg, 0.12688632616944576, right(srz24618672742)
neg, 0.12688632616944576, right(srz24618677447)
neg, 0.16534236174919958, right(srz246186710640)
neg, 0.12688632616944576, right(srz246186712380)
neg, 0.1254446385283914, right(srz246186713208)
neg, 0.12688632616944576, right(srz246186714069)
neg, 0.12688632616944576, right(srz246186716626)
neg, 0.12688632616944576, right(srz24618674476)
neg, 0.20238779867379567, right(srz246186716985)
neg, 0.16534236174919958, right(srz2461867325)
neg, 0.12688632616944576, right(srz24618672480)
neg, 0.12688632616944576, right(srz246186711922)
neg, 0.12688632616944576, right(srz246186710425)
neg, 0.12688632616944576, right(srz246186713391)
neg, 0.12688632616944576, right(srz24618672172)
neg, 0.12688632616944576, right(srz24618673615)
neg, 0.16534236174919958, right(srz246186716976)
neg, 0.20238779867379567, right(srz24618674568)
neg, 0.12688632616944576, right(srz246186715941)
neg, 0.12688632616944576, right(srz24618679067)
neg, 0.1307626901162914, right(srz246186714807)
neg, 0.12688632616944576, right(srz24618676571)
neg, 0.20238779867379567, right(srz24618674724)
neg, 0.12688632616944576, right(srz246186717122)
neg, 0.23411182129462718, right(srz246186711109)
neg, 0.20238779867379567, right(srz24618674926)
neg, 0.20238779867379567, right(srz24618674578)
neg, 0.12688632616944576, right(srz24618676436)
neg, 0.12688632616944576, right(srz24618679505)
neg, 0.12688632616944576, right(srz24618674606)
neg, 0.1307626901162914, right(srz246186714808)
neg, 0.16534236174919958, right(srz24618679290)
neg, 0.20238779867379567, right(srz246186711108)
neg, 0.16534236174919958, right(srz2461867219)
neg, 0.16534236174919958, right(srz24618675818)
neg, 0.12688632616944576, right(srz24618671984)
neg, 0.13264769949256902, right(srz24618675872)
neg, 0.12688632616944576, right(srz24618673795)
neg, 0.12688632616944576, right(srz24618677622)
neg, 0.12688632616944576, right(srz2461867945)
neg, 0.13264769949256902, right(srz24618679199)
neg, 0.13264769949256902, right(srz246186744)
neg, 0.13264769949256902, right(srz246186718)
neg, 0.23411182129462718, right(srz246186716589)
neg, 0.12688632616944576, right(srz246186710269)
neg, 0.12688632616944576, right(srz24618672017)
neg, 0.12688632616944576, right(srz24618671809)
neg, 0.12688632616944576, right(srz246186711232)
neg, 0.1307626901162914, right(srz246186714333)
neg, 0.1307626901162914, right(srz246186712696)
neg, 0.1307626901162914, right(srz246186716889)
neg, 0.12688632616944576, right(srz246186710868)
neg, 0.12688632616944576, right(srz24618674800)
neg, 0.18333193000285317, right(srz24618679600)
neg, 0.12688632616944576, right(srz24618674286)
neg, 0.23411182129462718, right(srz246186715529)
neg, 0.18333193000285317, right(srz24618679583)
neg, 0.12688632616944576, right(srz246186710005)
neg, 0.1254446385283914, right(srz246186710578)
neg, 0.12688632616944576, right(srz24618677306)
neg, 0.12688632616944576, right(srz24618678867)
neg, 0.20238779867379567, right(srz246186712298)
neg, 0.13264769949256902, right(srz24618679204)
neg, 0.12688632616944576, right(srz246186716056)
neg, 0.12688632616944576, right(srz24618677302)
neg, 0.12688632616944576, right(srz24618673604)
neg, 0.12688632616944576, right(srz2461867263)
neg, 0.12688632616944576, right(srz246186711681)
neg, 0.12688632616944576, right(srz2461867471)
neg, 0.12688632616944576, right(srz246186710347)
neg, 0.16534236174919958, right(srz246186713181)
neg, 0.12688632616944576, right(srz24618675230)
neg, 0.12688632616944576, right(srz2461867565)
neg, 0.13264769949256902, right(srz24618679338)
neg, 0.12688632616944576, right(srz24618678695)
neg, 0.12688632616944576, right(srz24618676261)
neg, 0.12688632616944576, right(srz246186714324)
neg, 0.12688632616944576, right(srz246186710845)
neg, 0.12688632616944576, right(srz246186716628)
neg, 0.1307626901162914, right(srz246186714640)
neg, 0.12688632616944576, right(srz246186712263)
neg, 0.1307626901162914, right(srz246186715864)
neg, 0.12688632616944576, right(srz2461867458)
neg, 0.12688632616944576, right(srz246186711708)
neg, 0.20238779867379567, right(srz24618678781)
neg, 0.12688632616944576, right(srz24618672498)
neg, 0.20238779867379567, right(srz246186712868)
neg, 0.1332081935458371, right(srz24618674638)
neg, 0.16534236174919958, right(srz246186717194)
neg, 0.16534236174919958, right(srz2461867611)
neg, 0.12688632616944576, right(srz246186716042)
neg, 0.12688632616944576, right(srz24618676712)
neg, 0.16534236174919958, right(srz2461867725)
neg, 0.12688632616944576, right(srz246186715168)
neg, 0.16534236174919958, right(srz24618675766)
neg, 0.2516790776782916, right(srz246186714584)
neg, 0.12688632616944576, right(srz24618674232)
neg, 0.12688632616944576, right(srz246186716211)
neg, 0.12688632616944576, right(srz24618671813)
neg, 0.20238779867379567, right(srz24618678792)
neg, 0.2516790776782916, right(srz2461867857)
neg, 0.16534236174919958, right(srz24618675289)
neg, 0.1307626901162914, right(srz24618679986)
neg, 0.12688632616944576, right(srz24618675480)
neg, 0.12688632616944576, right(srz246186712475)
neg, 0.12688632616944576, right(srz246186714322)
neg, 0.12688632616944576, right(srz246186714253)
neg, 0.12688632616944576, right(srz24618672739)
neg, 0.23411182129462718, right(srz246186712301)
neg, 0.16534236174919958, right(srz246186711456)
neg, 0.12688632616944576, right(srz24618677875)
neg, 0.12688632616944576, right(srz246186716049)
neg, 0.12688632616944576, right(srz246186712326)
neg, 0.12688632616944576, right(srz24618677296)
neg, 0.16534236174919958, right(srz24618671767)
neg, 0.12688632616944576, right(srz24618678008)
neg, 0.2516790776782916, right(srz246186712156)
neg, 0.12688632616944576, right(srz246186712800)
neg, 0.12688632616944576, right(srz2461867625)
neg, 0.16534236174919958, right(srz246186716422)
neg, 0.18333193000285317, right(srz246186711558)
neg, 0.12688632616944576, right(srz246186716053)
neg, 0.12688632616944576, right(srz24618671124)
neg, 0.13264769949256902, right(srz24618675679)
neg, 0.12688632616944576, right(srz24618672695)
neg, 0.16534236174919958, right(srz24618672383)
neg, 0.12688632616944576, right(srz24618679527)
neg, 0.20238779867379567, right(srz246186715264)
neg, 0.12688632616944576, right(srz24618674840)
neg, 0.12688632616944576, right(srz24618674327)
neg, 0.1307626901162914, right(srz24618676608)
neg, 0.12688632616944576, right(srz24618679481)
neg, 0.20238779867379567, right(srz24618674930)
neg, 0.12688632616944576, right(srz246186712919)
neg, 0.12688632616944576, right(srz246186713735)
neg, 0.12688632616944576, right(srz24618671041)
neg, 0.18333193000285317, right(srz246186711592)
neg, 0.12688632616944576, right(srz246186715998)
neg, 0.12688632616944576, right(srz24618674983)
neg, 0.12688632616944576, right(srz24618679958)
neg, 0.12688632616944576, right(srz2461867962)
neg, 0.13264769949256902, right(srz24618675715)
neg, 0.23411182129462718, right(srz24618679908)
neg, 0.16534236174919958, right(srz246186713131)
neg, 0.12688632616944576, right(srz24618672658)
neg, 0.16534236174919958, right(srz24618678423)
neg, 0.12688632616944576, right(srz246186711034)
neg, 0.12688632616944576, right(srz24618674149)
neg, 0.23411182129462718, right(srz246186715475)
neg, 0.1254446385283914, right(srz246186710542)
neg, 0.12688632616944576, right(srz246186716012)
neg, 0.12688632616944576, right(srz246186717148)
neg, 0.12688632616944576, right(srz24618671962)
neg, 0.16534236174919958, right(srz24618676366)
neg, 0.16534236174919958, right(srz24618671927)
neg, 0.20238779867379567, right(srz24618674754)
neg, 0.12688632616944576, right(srz246186712043)
neg, 0.12688632616944576, right(srz24618672627)
neg, 0.16534236174919958, right(srz24618671701)
neg, 0.12688632616944576, right(srz24618677450)
neg, 0.12688632616944576, right(srz24618673908)
neg, 0.13264769949256902, right(srz24618675975)
neg, 0.13264769949256902, right(srz246186710700)
neg, 0.12688632616944576, right(srz246186714861)
neg, 0.12688632616944576, right(srz246186717012)
neg, 0.12688632616944576, right(srz24618674872)
neg, 0.12688632616944576, right(srz24618671245)
neg, 0.16534236174919958, right(srz24618673890)
neg, 0.18333193000285317, right(srz24618675671)
neg, 0.1254446385283914, right(srz246186710677)
neg, 0.12688632616944576, right(srz246186715079)
neg, 0.12688632616944576, right(srz246186713637)
neg, 0.23411182129462718, right(srz24618672313)
neg, 0.12688632616944576, right(srz24618671293)
neg, 0.12688632616944576, right(srz24618676714)
neg, 0.12688632616944576, right(srz246186713369)
neg, 0.12688632616944576, right(srz24618672939)
neg, 0.12688632616944576, right(srz24618671154)
neg, 0.20238779867379567, right(srz246186715259)
neg, 0.23411182129462718, right(srz246186712674)
neg, 0.12688632616944576, right(srz246186711801)
neg, 0.12688632616944576, right(srz24618679494)
neg, 0.12688632616944576, right(srz24618677501)
neg, 0.12688632616944576, right(srz246186717108)
neg, 0.12688632616944576, right(srz24618671232)
neg, 0.16534236174919958, right(srz246186713144)
neg, 0.12688632616944576, right(srz24618674219)
neg, 0.12688632616944576, right(srz24618673588)
neg, 0.12688632616944576, right(srz246186711728)
neg, 0.1307626901162914, right(srz246186714715)
neg, 0.1307626901162914, right(srz24618678076)
neg, 0.1307626901162914, right(srz246186715866)
neg, 0.12688632616944576, right(srz24618672020)
neg, 0.12688632616944576, right(srz2461867658)
neg, 0.16534236174919958, right(srz246186716428)
neg, 0.12688632616944576, right(srz24618677597)
neg, 0.12688632616944576, right(srz246186717021)
neg, 0.12688632616944576, right(srz246186710383)
neg, 0.12688632616944576, right(srz246186713764)
neg, 0.12688632616944576, right(srz24618674241)
neg, 0.1332081935458371, right(srz24618671596)
neg, 0.1307626901162914, right(srz246186714604)
neg, 0.12688632616944576, right(srz24618676197)
neg, 0.1307626901162914, right(srz24618676545)
neg, 0.1254446385283914, right(srz246186710503)
neg, 0.12688632616944576, right(srz246186716090)
neg, 0.12688632616944576, right(srz246186712464)
neg, 0.16534236174919958, right(srz246186713128)
neg, 0.12688632616944576, right(srz246186714519)
neg, 0.12688632616944576, right(srz246186711908)
neg, 0.12688632616944576, right(srz24618675218)
neg, 0.12688632616944576, right(srz24618672725)
neg, 0.12688632616944576, right(srz24618677904)
neg, 0.12688632616944576, right(srz246186712132)
neg, 0.12688632616944576, right(srz246186714068)
neg, 0.1307626901162914, right(srz246186714673)
neg, 0.12688632616944576, right(srz246186712026)
neg, 0.1307626901162914, right(srz246186716894)
neg, 0.23411182129462718, right(srz24618676390)
neg, 0.12688632616944576, right(srz24618676827)
neg, 0.12688632616944576, right(srz246186711670)
neg, 0.12688632616944576, right(srz246186716071)
neg, 0.12688632616944576, right(srz246186711289)
neg, 0.13264769949256902, right(srz24618679452)
neg, 0.23411182129462718, right(srz246186711082)
neg, 0.1254446385283914, right(srz2461867919)
neg, 0.12688632616944576, right(srz24618676088)
neg, 0.12688632616944576, right(srz24618677242)
neg, 0.12688632616944576, right(srz24618677391)
neg, 0.12688632616944576, right(srz246186716266)
neg, 0.16534236174919958, right(srz24618672372)
neg, 0.12688632616944576, right(srz246186712383)
neg, 0.16534236174919958, right(srz24618673889)
neg, 0.13264769949256902, right(srz24618679181)
neg, 0.12688632616944576, right(srz246186710270)
neg, 0.12688632616944576, right(srz24618674590)
neg, 0.1307626901162914, right(srz24618678788)
neg, 0.20238779867379567, right(srz24618673756)
neg, 0.12688632616944576, right(srz2461867442)
neg, 0.12688632616944576, right(srz24618676445)
neg, 0.13264769949256902, right(srz24618679188)
neg, 0.1307626901162914, right(srz24618679995)
neg, 0.12688632616944576, right(srz246186713622)
neg, 0.12688632616944576, right(srz24618672249)
neg, 0.13264769949256902, right(srz246186710695)
neg, 0.12688632616944576, right(srz2461867270)
neg, 0.16534236174919958, right(srz246186713708)
neg, 0.20238779867379567, right(srz24618678916)
neg, 0.12688632616944576, right(srz24618679150)
neg, 0.12544463852839138, right(srz246186710821)
neg, 0.12688632616944576, right(srz24618673910)
neg, 0.12688632616944576, right(srz24618674968)
neg, 0.23411182129462718, right(srz24618676313)
neg, 0.16534236174919958, right(srz24618672301)
neg, 0.12688632616944576, right(srz24618674300)
neg, 0.12688632616944576, right(srz24618676440)
neg, 0.12688632616944576, right(srz24618671167)
neg, 0.12688632616944576, right(srz24618671786)
neg, 0.1307626901162914, right(srz246186714379)
neg, 0.12688632616944576, right(srz24618671600)
neg, 0.270952319943303, right(srz24618672118)
neg, 0.20238779867379567, right(srz24618675406)
neg, 0.12688632616944576, right(srz24618674245)
neg, 0.12688632616944576, right(srz24618674304)
neg, 0.12688632616944576, right(srz246186713390)
neg, 0.12688632616944576, right(srz246186716293)
neg, 0.12688632616944576, right(srz246186712265)
neg, 0.1254446385283914, right(srz246186710508)
neg, 0.12688632616944576, right(srz246186710386)
neg, 0.22335882248171707, right(srz24618673352)
neg, 0.12688632616944576, right(srz24618676691)
neg, 0.12688632616944576, right(srz24618676223)
neg, 0.12688632616944576, right(srz246186711955)
neg, 0.1307626901162914, right(srz246186714163)
neg, 0.12688632616944576, right(srz246186715913)
neg, 0.12688632616944576, right(srz24618673539)
neg, 0.22335882248171707, right(srz24618673358)
neg, 0.12688632616944576, right(srz24618673937)
neg, 0.12688632616944576, right(srz246186712025)
neg, 0.20238779867379567, right(srz246186712848)
neg, 0.12688632616944576, right(srz246186714939)
neg, 0.12688632616944576, right(srz246186716166)
neg, 0.1307626901162914, right(srz24618679978)
neg, 0.12688632616944576, right(srz246186715885)
neg, 0.20238779867379567, right(srz24618674927)
neg, 0.18333193000285317, right(srz24618675659)
neg, 0.1332081935458371, right(srz246186716824)
neg, 0.12688632616944576, right(srz246186714357)
neg, 0.12688632616944576, right(srz24618673521)
neg, 0.20238779867379567, right(srz246186711231)
neg, 0.16534236174919958, right(srz246186713140)
neg, 0.12688632616944576, right(srz24618672661)
neg, 0.12688632616944576, right(srz246186713496)
neg, 0.13264769949256902, right(srz24618675960)
neg, 0.12688632616944576, right(srz24618671033)
neg, 0.13264769949256902, right(srz246186713308)
neg, 0.20238779867379567, right(srz24618673741)
neg, 0.1307626901162914, right(srz246186712694)
neg, 0.12688632616944576, right(srz24618671833)
neg, 0.12688632616944576, right(srz246186714146)
neg, 0.20238779867379567, right(srz246186711472)
neg, 0.12688632616944576, right(srz24618677465)
neg, 0.12688632616944576, right(srz246186713730)
neg, 0.20238779867379567, right(srz246186715286)
neg, 0.12688632616944576, right(srz246186711827)
neg, 0.12688632616944576, right(srz24618672759)
neg, 0.12688632616944576, right(srz24618671231)
neg, 0.12688632616944576, right(srz24618677903)
neg, 0.12688632616944576, right(srz24618671114)
neg, 0.12688632616944576, right(srz24618674336)
neg, 0.12688632616944576, right(srz246186711843)
neg, 0.12688632616944576, right(srz24618678848)
neg, 0.1307626901162914, right(srz246186714142)
neg, 0.13264769949256902, right(srz24618679234)
neg, 0.12688632616944576, right(srz24618674307)
neg, 0.13264769949256902, right(srz246186797)
neg, 0.16534236174919958, right(srz246186715483)
neg, 0.12688632616944576, right(srz24618673414)
neg, 0.12688632616944576, right(srz24618672651)
neg, 0.12688632616944576, right(srz24618674383)
neg, 0.12688632616944576, right(srz24618672822)
neg, 0.12688632616944576, right(srz24618674220)
neg, 0.12688632616944576, right(srz24618677513)
neg, 0.20238779867379567, right(srz24618672401)
neg, 0.12688632616944576, right(srz246186711715)
neg, 0.16534236174919958, right(srz24618679293)
neg, 0.12688632616944576, right(srz24618675446)
neg, 0.12544463852839138, right(srz246186712434)
neg, 0.1307626901162914, right(srz246186714686)
neg, 0.16534236174919958, right(srz24618675788)
neg, 0.16534236174919958, right(srz24618671699)
neg, 0.12688632616944576, right(srz246186712543)
neg, 0.12688632616944576, right(srz246186715950)
neg, 0.12688632616944576, right(srz24618675002)
neg, 0.16534236174919958, right(srz24618679309)
neg, 0.12688632616944576, right(srz246186712093)
neg, 0.12688632616944576, right(srz246186716347)
neg, 0.12688632616944576, right(srz24618675223)
neg, 0.16534236174919958, right(srz246186716970)
neg, 0.12688632616944576, right(srz24618673115)
neg, 0.12688632616944576, right(srz246186713951)
neg, 0.12688632616944576, right(srz24618672733)
neg, 0.12688632616944576, right(srz246186711863)
neg, 0.13264769949256902, right(srz24618679212)
neg, 0.13264769949256902, right(srz246186713346)
neg, 0.12688632616944576, right(srz246186714831)
neg, 0.13264769949256902, right(srz246186710755)
neg, 0.16534236174919958, right(srz246186716959)
neg, 0.12688632616944576, right(srz24618674655)
neg, 0.1307626901162914, right(srz246186715325)
neg, 0.12688632616944576, right(srz24618672771)
neg, 0.13264769949256902, right(srz246186710759)
neg, 0.12688632616944576, right(srz246186716191)
neg, 0.13264769949256902, right(srz246186713357)
neg, 0.12688632616944576, right(srz24618671368)
neg, 0.12688632616944576, right(srz24618676620)
neg, 0.12688632616944576, right(srz24618678696)
neg, 0.12688632616944576, right(srz246186715365)
neg, 0.13264769949256902, right(srz24618679202)
neg, 0.12688632616944576, right(srz24618675339)
neg, 0.12688632616944576, right(srz246186713758)
neg, 0.12688632616944576, right(srz24618677652)
neg, 0.12688632616944576, right(srz2461867443)
neg, 0.12688632616944576, right(srz24618678361)
neg, 0.20238779867379567, right(srz246186715304)
neg, 0.16534236174919958, right(srz2461867766)
neg, 0.12688632616944576, right(srz246186716996)
neg, 0.16534236174919958, right(srz24618673891)
neg, 0.12688632616944576, right(srz24618672721)
neg, 0.1307626901162914, right(srz246186714110)
neg, 0.12688632616944576, right(srz246186712017)
neg, 0.12688632616944576, right(srz24618675511)
neg, 0.12688632616944576, right(srz24618673107)
neg, 0.12688632616944576, right(srz246186716845)
neg, 0.1307626901162914, right(srz246186716900)
neg, 0.12688632616944576, right(srz246186714815)
neg, 0.12688632616944576, right(srz246186716255)
neg, 0.12688632616944576, right(srz24618674782)
neg, 0.12688632616944576, right(srz246186711037)
neg, 0.12688632616944576, right(srz24618673102)
neg, 0.20238779867379567, right(srz246186713873)
neg, 0.12688632616944576, right(srz24618671623)
neg, 0.12688632616944576, right(srz24618678368)
neg, 0.12688632616944576, right(srz246186716022)
neg, 0.12688632616944576, right(srz24618671496)
neg, 0.12688632616944576, right(srz24618677031)
neg, 0.23411182129462718, right(srz24618675186)
neg, 0.12688632616944576, right(srz246186712446)
neg, 0.20238779867379567, right(srz246186712753)
neg, 0.12688632616944576, right(srz246186713650)
neg, 0.16534236174919958, right(srz24618671933)
neg, 0.13264769949256902, right(srz24618679232)
neg, 0.12688632616944576, right(srz24618677744)
neg, 0.12688632616944576, right(srz24618678575)
neg, 0.12688632616944576, right(srz246186711967)
neg, 0.12688632616944576, right(srz24618676020)
neg, 0.16534236174919958, right(srz24618671581)
neg, 0.16534236174919958, right(srz246186716462)
neg, 0.13264769949256902, right(srz246186713325)
neg, 0.12688632616944576, right(srz24618678690)
neg, 0.12688632616944576, right(srz246186710178)
neg, 0.12688632616944576, right(srz2461867500)
neg, 0.12688632616944576, right(srz24618679690)
neg, 0.13264769949256902, right(srz24618679365)
neg, 0.16534236174919958, right(srz246186715466)
neg, 0.1307626901162914, right(srz246186714637)
neg, 0.12688632616944576, right(srz246186714444)
neg, 0.16534236174919958, right(srz246186716458)
neg, 0.12688632616944576, right(srz2461867632)
neg, 0.13264769949256902, right(srz24618679214)
neg, 0.12688632616944576, right(srz246186710158)
neg, 0.12688632616944576, right(srz24618672039)
neg, 0.1254446385283914, right(srz246186713221)
neg, 0.1307626901162914, right(srz246186713838)
neg, 0.12688632616944576, right(srz246186717054)
neg, 0.12688632616944576, right(srz246186712552)
neg, 0.12688632616944576, right(srz246186712007)
neg, 0.12688632616944576, right(srz246186712079)
neg, 0.1307626901162914, right(srz246186714760)
neg, 0.12688632616944576, right(srz246186715161)
neg, 0.13264769949256902, right(srz246186713258)
neg, 0.12688632616944576, right(srz24618676108)
neg, 0.2516790776782916, right(srz246186714590)
neg, 0.16534236174919958, right(srz24618678418)
neg, 0.12688632616944576, right(srz24618676126)
neg, 0.12688632616944576, right(srz24618679613)
neg, 0.12688632616944576, right(srz246186710007)
neg, 0.20238779867379567, right(srz246186712314)
neg, 0.12688632616944576, right(srz24618673508)
neg, 0.12688632616944576, right(srz24618673947)
neg, 0.12688632616944576, right(srz24618673417)
neg, 0.16534236174919958, right(srz246186710626)
neg, 0.16534236174919958, right(srz24618673883)
neg, 0.16534236174919958, right(srz246186714292)
neg, 0.12688632616944576, right(srz24618672783)
neg, 0.12688632616944576, right(srz246186717087)
neg, 0.12688632616944576, right(srz24618679954)
neg, 0.12688632616944576, right(srz24618673652)
neg, 0.12688632616944576, right(srz24618674804)
neg, 0.12688632616944576, right(srz24618671874)
neg, 0.16534236174919958, right(srz246186713136)
neg, 0.12688632616944576, right(srz246186711709)
neg, 0.1254446385283914, right(srz2461867922)
neg, 0.16534236174919958, right(srz24618671589)
neg, 0.16534236174919958, right(srz24618679282)
neg, 0.12688632616944576, right(srz24618672641)
neg, 0.12688632616944576, right(srz24618677356)
neg, 0.16534236174919958, right(srz246186716493)
neg, 0.23411182129462718, right(srz24618677725)
neg, 0.12688632616944576, right(srz246186711049)
neg, 0.16534236174919958, right(srz246186713192)
neg, 0.12688632616944576, right(srz24618676903)
neg, 0.12688632616944576, right(srz2461867531)
neg, 0.12688632616944576, right(srz246186711719)
neg, 0.16534236174919958, right(srz246186716528)
neg, 0.12688632616944576, right(srz24618671129)
neg, 0.12688632616944576, right(srz24618679677)
neg, 0.12688632616944576, right(srz24618672828)
neg, 0.12544463852839138, right(srz24618679091)
neg, 0.12688632616944576, right(srz24618677506)
neg, 0.20238779867379567, right(srz246186711513)
neg, 0.16534236174919958, right(srz24618676389)
neg, 0.12688632616944576, right(srz246186713596)
neg, 0.12688632616944576, right(srz24618675435)
neg, 0.12688632616944576, right(srz246186714888)
neg, 0.12688632616944576, right(srz24618674471)
neg, 0.12688632616944576, right(srz24618671279)
neg, 0.12688632616944576, right(srz246186715981)
neg, 0.13264769949256902, right(srz246186752)
neg, 0.12688632616944576, right(srz24618672470)
neg, 0.12688632616944576, right(srz24618678574)
neg, 0.12688632616944576, right(srz246186713023)
neg, 0.12688632616944576, right(srz24618671198)
neg, 0.20238779867379567, right(srz24618673214)
neg, 0.12688632616944576, right(srz24618673549)
neg, 0.12688632616944576, right(srz246186716226)
neg, 0.12688632616944576, right(srz24618671272)
neg, 0.12688632616944576, right(srz246186717099)
neg, 0.12544463852839138, right(srz246186715777)
neg, 0.23411182129462718, right(srz24618674581)
neg, 0.1254446385283914, right(srz246186712168)
neg, 0.1254446385283914, right(srz2461867910)
neg, 0.12688632616944576, right(srz24618674340)
neg, 0.16534236174919958, right(srz24618671751)
neg, 0.12688632616944576, right(srz246186717106)
neg, 0.12688632616944576, right(srz246186716165)
neg, 0.12688632616944576, right(srz246186711312)
neg, 0.12688632616944576, right(srz24618672861)
neg, 0.270952319943303, right(srz24618672119)
neg, 0.16534236174919958, right(srz24618679294)
neg, 0.12688632616944576, right(srz24618671234)
neg, 0.13264769949256902, right(srz246186713345)
neg, 0.12688632616944576, right(srz246186713382)
neg, 0.12688632616944576, right(srz246186717132)
neg, 0.12688632616944576, right(srz24618677530)
neg, 0.12688632616944576, right(srz24618674322)
neg, 0.1307626901162914, right(srz246186715646)
neg, 0.12688632616944576, right(srz24618679944)
neg, 0.12688632616944576, right(srz24618672815)
neg, 0.1254446385283914, right(srz246186710568)
neg, 0.16534236174919958, right(srz24618675264)
neg, 0.12688632616944576, right(srz24618677235)
neg, 0.12688632616944576, right(srz246186717003)
neg, 0.12688632616944576, right(srz24618678357)
neg, 0.1307626901162914, right(srz24618675049)
neg, 0.12688632616944576, right(srz24618672880)
neg, 0.12688632616944576, right(srz246186712648)
neg, 0.12688632616944576, right(srz2461867990)
neg, 0.12688632616944576, right(srz24618679152)
neg, 0.1307626901162914, right(srz246186714611)
neg, 0.12688632616944576, right(srz246186711067)
neg, 0.12688632616944576, right(srz24618671435)
neg, 0.12688632616944576, right(srz24618677550)
neg, 0.12688632616944576, right(srz24618677756)
neg, 0.18333193000285317, right(srz24618675658)
neg, 0.16534236174919958, right(srz24618676402)
neg, 0.12688632616944576, right(srz24618672597)
neg, 0.1307626901162914, right(srz24618676538)
neg, 0.12688632616944576, right(srz24618672929)
neg, 0.13264769949256902, right(srz246186781)
neg, 0.12688632616944576, right(srz24618674691)
neg, 0.20238779867379567, right(srz246186715305)
neg, 0.12688632616944576, right(srz246186711815)
neg, 0.16534236174919958, right(srz246186716503)
neg, 0.12688632616944576, right(srz246186713669)
neg, 0.13264769949256902, right(srz246186713335)
neg, 0.16534236174919958, right(srz246186715542)
neg, 0.12688632616944576, right(srz24618671675)
neg, 0.12688632616944576, right(srz246186714872)
neg, 0.12688632616944576, right(srz2461867958)
neg, 0.12688632616944576, right(srz24618671609)
neg, 0.12688632616944576, right(srz24618672030)
neg, 0.22335882248171707, right(srz24618679029)
neg, 0.20238779867379567, right(srz24618674575)
neg, 0.12688632616944576, right(srz24618679539)
neg, 0.12688632616944576, right(srz24618671972)
neg, 0.18333193000285317, right(srz24618679596)
neg, 0.12688632616944576, right(srz24618678676)
neg, 0.1307626901162914, right(srz246186710434)
neg, 0.12688632616944576, right(srz24618677371)
neg, 0.12688632616944576, right(srz24618676232)
neg, 0.12688632616944576, right(srz24618676027)
neg, 0.12688632616944576, right(srz246186715990)
neg, 0.12688632616944576, right(srz246186715012)
neg, 0.12688632616944576, right(srz246186711786)
neg, 0.12688632616944576, right(srz246186716215)
neg, 0.12688632616944576, right(srz246186713398)
neg, 0.12688632616944576, right(srz24618672263)
neg, 0.16534236174919958, right(srz246186710597)
neg, 0.12688632616944576, right(srz246186717145)
neg, 0.12688632616944576, right(srz246186712091)
neg, 0.13264769949256902, right(srz24618675957)
neg, 0.13264769949256902, right(srz24618675917)
neg, 0.12688632616944576, right(srz246186712964)
neg, 0.12688632616944576, right(srz246186715099)
neg, 0.12688632616944576, right(srz24618679501)
neg, 0.12688632616944576, right(srz246186710355)
neg, 0.1307626901162914, right(srz246186714730)
neg, 0.12688632616944576, right(srz24618674829)
neg, 0.12688632616944576, right(srz24618673509)
neg, 0.23411182129462718, right(srz24618678519)
neg, 0.12688632616944576, right(srz24618671278)
neg, 0.13264769949256902, right(srz246186746)
neg, 0.13264769949256902, right(srz24618675718)
neg, 0.12688632616944576, right(srz24618671057)
neg, 0.12688632616944576, right(srz24618676213)
neg, 0.1307626901162914, right(srz24618675051)
neg, 0.1307626901162914, right(srz246186714678)
neg, 0.20238779867379567, right(srz246186712897)
neg, 0.12688632616944576, right(srz24618674364)
neg, 0.20238779867379567, right(srz24618674934)
neg, 0.1307626901162914, right(srz246186714741)
neg, 0.12688632616944576, right(srz246186714512)
neg, 0.20238779867379567, right(srz246186716986)
neg, 0.16534236174919958, right(srz246186713199)
neg, 0.1307626901162914, right(srz246186715328)
neg, 0.12688632616944576, right(srz24618677869)
neg, 0.2516790776782916, right(srz24618679089)
neg, 0.12688632616944576, right(srz24618676422)
neg, 0.12688632616944576, right(srz246186715593)
neg, 0.1254446385283914, right(srz246186710672)
neg, 0.23411182129462718, right(srz246186713887)
neg, 0.12688632616944576, right(srz246186716256)
neg, 0.12688632616944576, right(srz246186714254)
neg, 0.13264769949256902, right(srz24618679187)
neg, 0.12688632616944576, right(srz24618676816)
neg, 0.13264769949256902, right(srz246186738)
neg, 0.16534236174919958, right(srz2461867610)
neg, 0.12688632616944576, right(srz24618674440)
neg, 0.16534236174919958, right(srz2461867769)
neg, 0.16534236174919958, right(srz246186716512)
neg, 0.12688632616944576, right(srz24618678960)
neg, 0.16534236174919958, right(srz24618679307)
neg, 0.12688632616944576, right(srz24618672505)
neg, 0.12688632616944576, right(srz24618677863)
neg, 0.12688632616944576, right(srz24618674945)
neg, 0.13264769949256902, right(srz24618679470)
neg, 0.12688632616944576, right(srz2461867960)
neg, 0.20238779867379567, right(srz24618678145)
neg, 0.20238779867379567, right(srz24618672407)
neg, 0.12688632616944576, right(srz246186712927)
neg, 0.20238779867379567, right(srz24618674633)
neg, 0.20238779867379567, right(srz24618678795)
neg, 0.12688632616944576, right(srz246186711356)
neg, 0.12688632616944576, right(srz2461867243)
neg, 0.20238779867379567, right(srz24618678496)
neg, 0.16534236174919958, right(srz24618671704)
neg, 0.12688632616944576, right(srz246186710839)
neg, 0.12688632616944576, right(srz24618672035)
neg, 0.12688632616944576, right(srz24618671265)
neg, 0.13264769949256902, right(srz24618675925)
neg, 0.13264769949256902, right(srz246186713356)
neg, 0.16534236174919958, right(srz246186710624)
neg, 0.12688632616944576, right(srz24618672978)
neg, 0.13264769949256902, right(srz246186710730)
neg, 0.12688632616944576, right(srz24618676039)
neg, 0.16534236174919958, right(srz246186716468)
neg, 0.13264769949256902, right(srz24618675865)
neg, 0.12688632616944576, right(srz24618677542)
neg, 0.16534236174919958, right(srz246186716407)
neg, 0.12688632616944576, right(srz24618677636)
neg, 0.20238779867379567, right(srz246186716792)
neg, 0.13264769949256902, right(srz24618675886)
neg, 0.16534236174919958, right(srz246186716448)
neg, 0.12688632616944576, right(srz246186711905)
neg, 0.16534236174919958, right(srz24618679244)
neg, 0.20238779867379567, right(srz24618673745)
neg, 0.12688632616944576, right(srz246186715082)
neg, 0.12688632616944576, right(srz2461867985)
neg, 0.12688632616944576, right(srz246186713627)
neg, 0.12688632616944576, right(srz24618674139)
neg, 0.12688632616944576, right(srz246186716019)
neg, 0.12688632616944576, right(srz24618673402)
neg, 0.12688632616944576, right(srz246186714320)
neg, 0.20238779867379567, right(srz246186712639)
neg, 0.16534236174919958, right(srz246186713687)
neg, 0.12688632616944576, right(srz24618678000)
neg, 0.12688632616944576, right(srz246186713674)
neg, 0.13264769949256902, right(srz246186713271)
neg, 0.1254446385283914, right(srz246186713085)
neg, 0.23411182129462718, right(srz2461867304)
neg, 0.20238779867379567, right(srz24618676956)
neg, 0.12688632616944576, right(srz24618671904)
neg, 0.270952319943303, right(srz24618677231)
neg, 0.12688632616944576, right(srz24618677368)
neg, 0.12688632616944576, right(srz24618671371)
neg, 0.12688632616944576, right(srz24618678973)
neg, 0.12688632616944576, right(srz246186714529)
neg, 0.12688632616944576, right(srz24618674987)
neg, 0.12688632616944576, right(srz246186716630)
neg, 0.12688632616944576, right(srz2461867583)
neg, 0.12688632616944576, right(srz24618675455)
neg, 0.12688632616944576, right(srz24618673948)
neg, 0.12688632616944576, right(srz246186713753)
neg, 0.12688632616944576, right(srz24618674857)
neg, 0.12688632616944576, right(srz24618672843)
neg, 0.12688632616944576, right(srz24618672781)
neg, 0.12688632616944576, right(srz24618676523)
neg, 0.12688632616944576, right(srz24618673445)
neg, 0.12688632616944576, right(srz246186711750)
neg, 0.23411182129462718, right(srz24618673468)
neg, 0.12688632616944576, right(srz24618673828)
neg, 0.12688632616944576, right(srz24618679035)
neg, 0.12688632616944576, right(srz246186715896)
neg, 0.12688632616944576, right(srz24618677526)
neg, 0.13264769949256902, right(srz24618679231)
neg, 0.20238779867379567, right(srz24618677735)
neg, 0.20238779867379567, right(srz246186711262)
neg, 0.20238779867379567, right(srz24618678485)
neg, 0.12688632616944576, right(srz246186713754)
neg, 0.16534236174919958, right(srz246186717189)
neg, 0.12688632616944576, right(srz246186712538)
neg, 0.12688632616944576, right(srz24618679551)
neg, 0.12688632616944576, right(srz246186717140)
neg, 0.13264769949256902, right(srz24618679177)
neg, 0.20238779867379567, right(srz24618677739)
neg, 0.20238779867379567, right(srz24618678142)
neg, 0.12688632616944576, right(srz246186711030)
neg, 0.12688632616944576, right(srz246186710943)
neg, 0.16534236174919958, right(srz24618671720)
neg, 0.12688632616944576, right(srz246186712482)
neg, 0.18333193000285317, right(srz24618679171)
neg, 0.20238779867379567, right(srz24618678924)
neg, 0.20238779867379567, right(srz24618677111)
neg, 0.12688632616944576, right(srz24618672169)
neg, 0.12688632616944576, right(srz24618677612)
neg, 0.1307626901162914, right(srz246186714373)
neg, 0.13264769949256902, right(srz24618675941)
neg, 0.20238779867379567, right(srz24618673213)
neg, 0.12688632616944576, right(srz246186717115)
neg, 0.12688632616944576, right(srz246186714975)
neg, 0.12688632616944576, right(srz2461867247)
neg, 0.12688632616944576, right(srz246186711990)
neg, 0.13264769949256902, right(srz2461867107)
neg, 0.12688632616944576, right(srz246186716642)
neg, 0.1307626901162914, right(srz246186715852)
neg, 0.12688632616944576, right(srz246186715201)
neg, 0.16534236174919958, right(srz246186713125)
neg, 0.1307626901162914, right(srz24618675157)
neg, 0.12688632616944576, right(srz246186716014)
neg, 0.23411182129462718, right(srz24618676661)
neg, 0.12688632616944576, right(srz24618674412)
neg, 0.12688632616944576, right(srz24618674323)
neg, 0.1307626901162914, right(srz24618678832)
neg, 0.18333193000285317, right(srz24618679606)
neg, 0.16534236174919958, right(srz246186715534)
neg, 0.12688632616944576, right(srz24618677134)
neg, 0.12688632616944576, right(srz24618677503)
neg, 0.20238779867379567, right(srz246186712737)
neg, 0.13264769949256902, right(srz246186713259)
neg, 0.20238779867379567, right(srz246186710994)
neg, 0.13264769949256902, right(srz246186730)
neg, 0.12688632616944576, right(srz24618673001)
neg, 0.12688632616944576, right(srz24618677633)
neg, 0.12688632616944576, right(srz246186716144)
neg, 0.12688632616944576, right(srz24618673136)
neg, 0.12688632616944576, right(srz24618675222)
neg, 0.1307626901162914, right(srz246186715661)
neg, 0.12688632616944576, right(srz24618671332)
neg, 0.13264769949256902, right(srz246186710704)
neg, 0.12688632616944576, right(srz246186714860)
neg, 0.20238779867379567, right(srz24618674935)
neg, 0.13264769949256902, right(srz2461867109)
neg, 0.12688632616944576, right(srz24618677750)
neg, 0.12688632616944576, right(srz24618676070)
neg, 0.12688632616944576, right(srz24618678389)
neg, 0.1307626901162914, right(srz246186712687)
neg, 0.12688632616944576, right(srz246186711986)
neg, 0.12688632616944576, right(srz24618676703)
neg, 0.12688632616944576, right(srz24618679873)
neg, 0.12688632616944576, right(srz246186715346)
neg, 0.12688632616944576, right(srz246186711736)
neg, 0.12688632616944576, right(srz24618674853)
neg, 0.1332081935458371, right(srz246186711016)
neg, 0.16534236174919958, right(srz246186713153)
neg, 0.12688632616944576, right(srz246186711056)
neg, 0.12688632616944576, right(srz24618678065)
neg, 0.18333193000285317, right(srz24618675586)
neg, 0.13264769949256902, right(srz246186710817)
neg, 0.12688632616944576, right(srz24618671054)
neg, 0.2516790776782916, right(srz24618675584)
neg, 0.12688632616944576, right(srz24618674790)
neg, 0.18333193000285317, right(srz24618675604)
neg, 0.12688632616944576, right(srz24618674096)
neg, 0.1307626901162914, right(srz246186714773)
neg, 0.270952319943303, right(srz24618678111)
neg, 0.20238779867379567, right(srz24618673339)
neg, 0.12688632616944576, right(srz24618679545)
neg, 0.13264769949256902, right(srz246186711)
neg, 0.12688632616944576, right(srz24618672842)
neg, 0.13264769949256902, right(srz246186713321)
neg, 0.23411182129462718, right(srz246186716590)
neg, 0.12688632616944576, right(srz24618673563)
neg, 0.13264769949256902, right(srz246186713300)
neg, 0.12688632616944576, right(srz246186713503)
neg, 0.12688632616944576, right(srz24618679508)
neg, 0.12688632616944576, right(srz246186710825)
neg, 0.12688632616944576, right(srz24618671302)
neg, 0.13264769949256902, right(srz246186713278)
neg, 0.12688632616944576, right(srz246186715984)
neg, 0.12688632616944576, right(srz246186715917)
neg, 0.12688632616944576, right(srz246186714906)
neg, 0.12688632616944576, right(srz246186714443)
neg, 0.23411182129462718, right(srz2461867339)
neg, 0.12688632616944576, right(srz24618671434)
neg, 0.12688632616944576, right(srz24618674990)
neg, 0.12688632616944576, right(srz246186716017)
neg, 0.12688632616944576, right(srz2461867988)
neg, 0.12688632616944576, right(srz246186715360)
neg, 0.20238779867379567, right(srz24618673731)
neg, 0.12688632616944576, right(srz2461867527)
neg, 0.1254446385283914, right(srz246186710520)
neg, 0.16534236174919958, right(srz24618679283)
neg, 0.18333193000285317, right(srz246186711580)
neg, 0.13264769949256902, right(srz24618675921)
neg, 0.12688632616944576, right(srz246186714886)
neg, 0.12688632616944576, right(srz24618673818)
neg, 0.12688632616944576, right(srz246186715052)
neg, 0.12688632616944576, right(srz24618677605)
neg, 0.12688632616944576, right(srz24618674870)
neg, 0.12688632616944576, right(srz246186711698)
neg, 0.12688632616944576, right(srz24618671280)
neg, 0.12688632616944576, right(srz24618676835)
neg, 0.12688632616944576, right(srz24618676085)
neg, 0.12688632616944576, right(srz2461867260)
neg, 0.12688632616944576, right(srz246186714488)
neg, 0.16534236174919958, right(srz246186715487)
neg, 0.12688632616944576, right(srz24618676969)
neg, 0.12688632616944576, right(srz246186712563)
neg, 0.12688632616944576, right(srz24618679647)
neg, 0.20238779867379567, right(srz24618678138)
neg, 0.12688632616944576, right(srz24618675019)
neg, 0.20238779867379567, right(srz246186712398)
neg, 0.12688632616944576, right(srz24618676207)
neg, 0.12688632616944576, right(srz246186714982)
neg, 0.12688632616944576, right(srz24618671319)
neg, 0.12688632616944576, right(srz246186715930)
neg, 0.12688632616944576, right(srz24618672870)
neg, 0.12688632616944576, right(srz24618671197)
neg, 0.12688632616944576, right(srz246186712257)
neg, 0.12688632616944576, right(srz246186712074)
neg, 0.12688632616944576, right(srz2461867272)
neg, 0.12688632616944576, right(srz246186712105)
neg, 0.1307626901162914, right(srz24618678790)
neg, 0.20238779867379567, right(srz24618679891)
neg, 0.20238779867379567, right(srz24618673287)
neg, 0.13264769949256902, right(srz246186710772)
neg, 0.18333193000285317, right(srz24618679125)
neg, 0.12688632616944576, right(srz24618671469)
neg, 0.16534236174919958, right(srz24618675796)
neg, 0.12688632616944576, right(srz246186713025)
neg, 0.12688632616944576, right(srz24618676843)
neg, 0.16534236174919958, right(srz24618675334)
neg, 0.13264769949256902, right(srz246186710746)
neg, 0.13264769949256902, right(srz24618679447)
neg, 0.12688632616944576, right(srz24618677319)
neg, 0.12688632616944576, right(srz24618674237)
neg, 0.12688632616944576, right(srz2461867655)
neg, 0.12688632616944576, right(srz2461867688)
neg, 0.13264769949256902, right(srz24618675866)
neg, 0.12688632616944576, right(srz24618673821)
neg, 0.23411182129462718, right(srz246186714121)
neg, 0.23411182129462718, right(srz24618676408)
neg, 0.12688632616944576, right(srz24618677591)
neg, 0.1307626901162914, right(srz246186714107)
neg, 0.12688632616944576, right(srz24618672694)
neg, 0.12688632616944576, right(srz24618677865)
neg, 0.12688632616944576, right(srz246186715202)
neg, 0.16534236174919958, right(srz24618679278)
neg, 0.2516790776782916, right(srz246186712162)
neg, 0.1307626901162914, right(srz24618676613)
neg, 0.12688632616944576, right(srz24618679062)
neg, 0.12688632616944576, right(srz246186716356)
neg, 0.12688632616944576, right(srz24618678393)
neg, 0.12688632616944576, right(srz24618671606)
neg, 0.20238779867379567, right(srz24618676767)
neg, 0.12688632616944576, right(srz246186714873)
neg, 0.13264769949256902, right(srz24618675873)
neg, 0.12688632616944576, right(srz246186712322)
neg, 0.12688632616944576, right(srz246186715951)
neg, 0.1254446385283914, right(srz246186710675)
neg, 0.12688632616944576, right(srz246186716749)
neg, 0.13264769949256902, right(srz246186710727)
neg, 0.12688632616944576, right(srz246186716269)
neg, 0.12688632616944576, right(srz24618676815)
neg, 0.12688632616944576, right(srz24618674302)
neg, 0.12688632616944576, right(srz246186710828)
neg, 0.12688632616944576, right(srz246186716758)
neg, 0.12688632616944576, right(srz24618672906)
neg, 0.12688632616944576, right(srz24618677529)
neg, 0.23411182129462718, right(srz24618673717)
neg, 0.12688632616944576, right(srz246186715009)
neg, 0.12688632616944576, right(srz246186713403)
neg, 0.16534236174919958, right(srz24618675776)
neg, 0.12688632616944576, right(srz246186716684)
neg, 0.13264769949256902, right(srz24618679373)
neg, 0.12688632616944576, right(srz24618673410)
neg, 0.12688632616944576, right(srz24618671241)
neg, 0.12688632616944576, right(srz246186711063)
neg, 0.13264769949256902, right(srz246186733)
neg, 0.16534236174919958, right(srz246186713154)
neg, 0.22335882248171707, right(srz246186715525)
neg, 0.1307626901162914, right(srz246186715651)
neg, 0.1307626901162914, right(srz246186714721)
neg, 0.20238779867379567, right(srz24618679921)
neg, 0.16534236174919958, right(srz24618671717)
neg, 0.12688632616944576, right(srz24618671020)
neg, 0.12688632616944576, right(srz24618674475)
neg, 0.13264769949256902, right(srz24618675951)
neg, 0.12544463852839138, right(srz246186712431)
neg, 0.1307626901162914, right(srz246186710033)
neg, 0.16534236174919958, right(srz24618673091)
neg, 0.12688632616944576, right(srz246186711349)
neg, 0.16534236174919958, right(srz24618675269)
neg, 0.1307626901162914, right(srz246186710421)
neg, 0.12688632616944576, right(srz24618672846)
neg, 0.20238779867379567, right(srz246186716597)
neg, 0.23411182129462718, right(srz24618671946)
neg, 0.13264769949256902, right(srz246186713303)
neg, 0.12688632616944576, right(srz24618671417)
neg, 0.20238779867379567, right(srz246186713872)
neg, 0.12688632616944576, right(srz24618671038)
neg, 0.12688632616944576, right(srz24618672265)
neg, 0.16534236174919958, right(srz24618677959)
neg, 0.16534236174919958, right(srz24618675259)
neg, 0.16534236174919958, right(srz24618671773)
neg, 0.1254446385283914, right(srz246186710567)
neg, 0.13264769949256902, right(srz24618675709)
neg, 0.20238779867379567, right(srz246186715265)
neg, 0.12688632616944576, right(srz246186713671)
neg, 0.12688632616944576, right(srz246186715875)
neg, 0.12688632616944576, right(srz246186716084)
neg, 0.12688632616944576, right(srz24618678967)
neg, 0.12688632616944576, right(srz246186714984)
neg, 0.16534236174919958, right(srz24618672361)
neg, 0.12688632616944576, right(srz24618675197)
neg, 0.12688632616944576, right(srz24618678055)
neg, 0.12688632616944576, right(srz246186714918)
neg, 0.1307626901162914, right(srz246186714166)
neg, 0.13264769949256902, right(srz24618675861)
neg, 0.12688632616944576, right(srz24618671495)
neg, 0.13264769949256902, right(srz24618675953)
neg, 0.12688632616944576, right(srz24618672820)
neg, 0.16534236174919958, right(srz246186713703)
neg, 0.16534236174919958, right(srz24618675812)
neg, 0.18333193000285317, right(srz246186711594)
neg, 0.12688632616944576, right(srz24618673433)
neg, 0.1307626901162914, right(srz246186714657)
neg, 0.16534236174919958, right(srz24618673087)
neg, 0.12688632616944576, right(srz24618674368)
neg, 0.12688632616944576, right(srz246186710144)
neg, 0.12688632616944576, right(srz246186711984)
neg, 0.12688632616944576, right(srz246186714249)
neg, 0.13264769949256902, right(srz246186777)
neg, 0.12688632616944576, right(srz24618677988)
neg, 0.12688632616944576, right(srz246186716030)
neg, 0.12688632616944576, right(srz246186711810)
neg, 0.16534236174919958, right(srz24618672422)
neg, 0.12688632616944576, right(srz24618671894)
neg, 0.13264769949256902, right(srz24618675720)
neg, 0.20238779867379567, right(srz24618679897)
neg, 0.13264769949256902, right(srz246186794)
neg, 0.20238779867379567, right(srz246186711497)
neg, 0.12688632616944576, right(srz24618674459)
neg, 0.16534236174919958, right(srz246186716475)
neg, 0.23411182129462718, right(srz24618673467)
neg, 0.12688632616944576, right(srz24618671161)
neg, 0.12688632616944576, right(srz24618672508)
neg, 0.20238779867379567, right(srz246186711514)
neg, 0.12688632616944576, right(srz24618672019)
neg, 0.12688632616944576, right(srz246186714447)
neg, 0.12688632616944576, right(srz246186715571)
neg, 0.12688632616944576, right(srz24618674827)
neg, 0.12688632616944576, right(srz24618679059)
neg, 0.20238779867379567, right(srz246186711254)
neg, 0.16534236174919958, right(srz24618676371)
neg, 0.12688632616944576, right(srz24618672956)
neg, 0.12688632616944576, right(srz24618678429)
neg, 0.12688632616944576, right(srz24618678007)
neg, 0.12688632616944576, right(srz24618674482)
neg, 0.12688632616944576, right(srz24618673651)
neg, 0.12688632616944576, right(srz24618671320)
neg, 0.12688632616944576, right(srz24618674772)
neg, 0.18333193000285317, right(srz24618675669)
neg, 0.12688632616944576, right(srz24618677483)
neg, 0.12688632616944576, right(srz24618673367)
neg, 0.12688632616944576, right(srz24618672642)
neg, 0.20238779867379567, right(srz246186712613)
neg, 0.12688632616944576, right(srz24618677554)
neg, 0.12688632616944576, right(srz2461867480)
neg, 0.12688632616944576, right(srz246186716087)
neg, 0.12688632616944576, right(srz24618672487)
neg, 0.12688632616944576, right(srz246186711826)
neg, 0.16534236174919958, right(srz24618672347)
neg, 0.12688632616944576, right(srz24618675010)
neg, 0.12688632616944576, right(srz24618672024)
neg, 0.12688632616944576, right(srz24618671240)
neg, 0.20238779867379567, right(srz24618676746)
neg, 0.16534236174919958, right(srz246186713714)
neg, 0.12688632616944576, right(srz246186716051)
neg, 0.12688632616944576, right(srz246186712103)
neg, 0.12688632616944576, right(srz246186712239)
neg, 0.1307626901162914, right(srz246186712695)
neg, 0.13264769949256902, right(srz246186713344)
neg, 0.12688632616944576, right(srz246186712448)
neg, 0.12688632616944576, right(srz24618672681)
neg, 0.1254446385283914, right(srz246186710556)
neg, 0.12688632616944576, right(srz24618672640)
neg, 0.12688632616944576, right(srz246186717162)
neg, 0.1307626901162914, right(srz246186710430)
neg, 0.1307626901162914, right(srz24618676549)
neg, 0.16534236174919958, right(srz24618671719)
neg, 0.16534236174919958, right(srz246186711469)
neg, 0.16534236174919958, right(srz24618672353)
neg, 0.13264769949256902, right(srz24618679190)
neg, 0.22335882248171707, right(srz246186712621)
neg, 0.12688632616944576, right(srz246186711777)
neg, 0.13264769949256902, right(srz24618679194)
neg, 0.20238779867379567, right(srz246186711297)
neg, 0.16534236174919958, right(srz24618675800)
neg, 0.20238779867379567, right(srz246186716798)
neg, 0.20238779867379567, right(srz24618676955)
neg, 0.20238779867379567, right(srz24618674501)
neg, 0.12688632616944576, right(srz24618679652)
neg, 0.13264769949256902, right(srz24618679353)
neg, 0.12688632616944576, right(srz24618676032)
neg, 0.20238779867379567, right(srz24618674729)
neg, 0.20238779867379567, right(srz246186715158)
neg, 0.23411182129462718, right(srz24618678126)
neg, 0.12688632616944576, right(srz24618672952)
neg, 0.12688632616944576, right(srz24618672670)
neg, 0.12688632616944576, right(srz24618673424)
neg, 0.12688632616944576, right(srz24618678063)
neg, 0.12688632616944576, right(srz24618673570)
neg, 0.12688632616944576, right(srz246186717055)
neg, 0.12688632616944576, right(srz24618676618)
neg, 0.12688632616944576, right(srz24618673103)
neg, 0.12688632616944576, right(srz246186715994)
neg, 0.1254446385283914, right(srz2461867849)
neg, 0.12688632616944576, right(srz246186712253)
neg, 0.12688632616944576, right(srz246186712135)
neg, 0.13264769949256902, right(srz24618675851)
neg, 0.12688632616944576, right(srz24618678372)
neg, 0.12688632616944576, right(srz246186713768)
neg, 0.12688632616944576, right(srz24618676926)
neg, 0.23411182129462718, right(srz24618673706)
neg, 0.1307626901162914, right(srz246186714687)
neg, 0.12688632616944576, right(srz24618671899)
neg, 0.16534236174919958, right(srz246186716480)
neg, 0.16534236174919958, right(srz24618675764)
neg, 0.13264769949256902, right(srz24618679459)
neg, 0.23411182129462718, right(srz2461867369)
neg, 0.13264769949256902, right(srz24618675875)
neg, 0.13264769949256902, right(srz24618679419)
neg, 0.12688632616944576, right(srz24618673648)
neg, 0.13264769949256902, right(srz246186743)
neg, 0.12688632616944576, right(srz2461867862)
neg, 0.16534236174919958, right(srz24618673892)
neg, 0.13264769949256902, right(srz246186710741)
neg, 0.12688632616944576, right(srz24618671062)
neg, 0.12688632616944576, right(srz24618673805)
neg, 0.12688632616944576, right(srz24618676564)
neg, 0.12688632616944576, right(srz246186715376)
neg, 0.23411182129462718, right(srz24618678530)
neg, 0.12688632616944576, right(srz24618678463)
neg, 0.13264769949256902, right(srz246186713323)
neg, 0.12688632616944576, right(srz246186716139)
neg, 0.20238779867379567, right(srz246186712681)
neg, 0.12688632616944576, right(srz24618672953)
neg, 0.12688632616944576, right(srz2461867995)
neg, 0.1307626901162914, right(srz24618675169)
neg, 0.16534236174919958, right(srz24618671723)
neg, 0.12688632616944576, right(srz24618677752)
neg, 0.16534236174919958, right(srz24618672305)
neg, 0.12688632616944576, right(srz24618677996)
neg, 0.12688632616944576, right(srz24618671958)
neg, 0.16534236174919958, right(srz24618676489)
neg, 0.12688632616944576, right(srz24618676528)
neg, 0.1307626901162914, right(srz246186714155)
neg, 0.16534236174919958, right(srz24618675283)
neg, 0.16534236174919958, right(srz24618676350)
neg, 0.12688632616944576, right(srz246186712565)
neg, 0.16534236174919958, right(srz2461867843)
neg, 0.13264769949256902, right(srz246186710780)
neg, 0.12544463852839138, right(srz24618676005)
neg, 0.270952319943303, right(srz246186710937)
neg, 0.16534236174919958, right(srz246186714309)
neg, 0.12688632616944576, right(srz24618675417)
neg, 0.12688632616944576, right(srz24618672575)
neg, 0.12688632616944576, right(srz246186712586)
neg, 0.12688632616944576, right(srz24618674679)
neg, 0.12688632616944576, right(srz24618675198)
neg, 0.23411182129462718, right(srz24618672311)
neg, 0.13264769949256902, right(srz246186713333)
neg, 0.12688632616944576, right(srz24618673168)
neg, 0.13264769949256902, right(srz246186710736)
neg, 0.12688632616944576, right(srz24618677991)
neg, 0.12688632616944576, right(srz24618674328)
neg, 0.1307626901162914, right(srz24618676598)
neg, 0.1307626901162914, right(srz246186714751)
neg, 0.13264769949256902, right(srz246186713289)
neg, 0.12688632616944576, right(srz246186714989)
neg, 0.1307626901162914, right(srz246186715662)
neg, 0.16534236174919958, right(srz246186714232)
neg, 0.1307626901162914, right(srz246186714331)
neg, 0.12688632616944576, right(srz24618673909)
neg, 0.12688632616944576, right(srz24618673578)
neg, 0.13264769949256902, right(srz246186713263)
neg, 0.12688632616944576, right(srz246186716384)
neg, 0.12688632616944576, right(srz24618679843)
neg, 0.12688632616944576, right(srz246186710177)
neg, 0.12688632616944576, right(srz24618673004)
neg, 0.16534236174919958, right(srz24618672373)
neg, 0.12688632616944576, right(srz246186715067)
neg, 0.12688632616944576, right(srz246186712377)
neg, 0.12688632616944576, right(srz24618673418)
neg, 0.1254446385283914, right(srz246186710667)
neg, 0.1254446385283914, right(srz246186713066)
neg, 0.12688632616944576, right(srz24618676933)
neg, 0.22335882248171707, right(srz24618674823)
neg, 0.20238779867379567, right(srz246186714123)
neg, 0.12688632616944576, right(srz24618672262)
neg, 0.16534236174919958, right(srz24618675769)
neg, 0.12688632616944576, right(srz246186710823)
neg, 0.12688632616944576, right(srz24618674425)
neg, 0.23411182129462718, right(srz24618677844)
neg, 0.23411182129462718, right(srz24618673273)
neg, 0.16534236174919958, right(srz24618679301)
neg, 0.270952319943303, right(srz246186710962)
neg, 0.12688632616944576, right(srz24618675221)
neg, 0.12688632616944576, right(srz24618673585)
neg, 0.20238779867379567, right(srz246186711119)
neg, 0.12688632616944576, right(srz246186716078)
neg, 0.12688632616944576, right(srz2461867468)
neg, 0.12688632616944576, right(srz246186714489)
neg, 0.16534236174919958, right(srz246186713690)
neg, 0.16534236174919958, right(srz24618675260)
neg, 0.12688632616944576, right(srz246186715349)
neg, 0.12688632616944576, right(srz24618678466)
neg, 0.23411182129462718, right(srz246186711087)
neg, 0.12688632616944576, right(srz24618671311)
neg, 0.1307626901162914, right(srz246186710011)
neg, 0.12688632616944576, right(srz24618672787)
neg, 0.12688632616944576, right(srz24618673542)
neg, 0.20238779867379567, right(srz246186710066)
neg, 0.12688632616944576, right(srz246186714885)
neg, 0.16534236174919958, right(srz24618679288)
neg, 0.12688632616944576, right(srz24618672886)
neg, 0.12688632616944576, right(srz24618674599)
neg, 0.12688632616944576, right(srz24618677500)
neg, 0.20238779867379567, right(srz24618672411)
neg, 0.12688632616944576, right(srz24618672747)
neg, 0.12688632616944576, right(srz246186711899)
neg, 0.12688632616944576, right(srz246186711352)
neg, 0.12688632616944576, right(srz24618674092)
neg, 0.12688632616944576, right(srz2461867400)
neg, 0.12688632616944576, right(srz24618676563)
neg, 0.12688632616944576, right(srz24618678018)
neg, 0.12688632616944576, right(srz24618671450)
neg, 0.20238779867379567, right(srz24618673483)
neg, 0.12688632616944576, right(srz24618672191)
neg, 0.12688632616944576, right(srz2461867517)
neg, 0.12688632616944576, right(srz246186713481)
neg, 0.12688632616944576, right(srz24618678356)
neg, 0.1254446385283914, right(srz2461867844)
neg, 0.12688632616944576, right(srz24618679144)
neg, 0.1307626901162914, right(srz24618676611)
neg, 0.13264769949256902, right(srz246186713253)
neg, 0.12688632616944576, right(srz24618673533)
neg, 0.12688632616944576, right(srz24618677471)
neg, 0.16534236174919958, right(srz246186716501)
neg, 0.12688632616944576, right(srz246186710827)
neg, 0.13264769949256902, right(srz24618679435)
neg, 0.12688632616944576, right(srz246186717161)
neg, 0.16534236174919958, right(srz24618679295)
neg, 0.12688632616944576, right(srz24618677343)
neg, 0.13264769949256902, right(srz24618679221)
neg, 0.16534236174919958, right(srz24618679238)
neg, 0.16534236174919958, right(srz24618672050)
neg, 0.12688632616944576, right(srz24618679619)
neg, 0.12688632616944576, right(srz24618676066)
neg, 0.20238779867379567, right(srz246186710097)
neg, 0.12688632616944576, right(srz246186717076)
neg, 0.13264769949256902, right(srz24618679453)
neg, 0.12688632616944576, right(srz24618673811)
neg, 0.16534236174919958, right(srz24618672297)
neg, 0.13264769949256902, right(srz246186710697)
neg, 0.1332081935458371, right(srz24618677116)
neg, 0.12688632616944576, right(srz24618679643)
neg, 0.12688632616944576, right(srz246186716664)
neg, 0.16534236174919958, right(srz24618679314)
neg, 0.12688632616944576, right(srz246186716167)
neg, 0.12688632616944576, right(srz246186715955)
neg, 0.12688632616944576, right(srz24618675013)
neg, 0.20238779867379567, right(srz24618673783)
neg, 0.20238779867379567, right(srz24618676668)
neg, 0.20238779867379567, right(srz24618678211)
neg, 0.1307626901162914, right(srz246186714786)
neg, 0.12688632616944576, right(srz246186712327)
neg, 0.12688632616944576, right(srz246186715605)
neg, 0.12688632616944576, right(srz24618676011)
neg, 0.12688632616944576, right(srz246186717133)
neg, 0.20238779867379567, right(srz24618678154)
neg, 0.20238779867379567, right(srz246186715420)
neg, 0.23411182129462718, right(srz246186714120)
neg, 0.12688632616944576, right(srz24618671961)
neg, 0.16534236174919958, right(srz246186710658)
neg, 0.12688632616944576, right(srz246186711923)
neg, 0.12688632616944576, right(srz246186714428)
neg, 0.12688632616944576, right(srz24618678982)
neg, 0.12688632616944576, right(srz246186712929)
neg, 0.12688632616944576, right(srz246186715971)
neg, 0.16534236174919958, right(srz246186710607)
neg, 0.13264769949256902, right(srz246186724)
neg, 0.20238779867379567, right(srz24618678167)
neg, 0.16534236174919958, right(srz24618673887)
neg, 0.12688632616944576, right(srz246186710154)
neg, 0.12688632616944576, right(srz24618671396)
neg, 0.16534236174919958, right(srz246186716520)
neg, 0.13264769949256902, right(srz24618679462)
neg, 0.12688632616944576, right(srz24618673823)
neg, 0.1254446385283914, right(srz2461867850)
neg, 0.12688632616944576, right(srz246186717038)
neg, 0.23411182129462718, right(srz246186713468)
neg, 0.12688632616944576, right(srz24618677792)
neg, 0.12688632616944576, right(srz24618673583)
neg, 0.12688632616944576, right(srz24618672692)
neg, 0.12688632616944576, right(srz24618676840)
neg, 0.12688632616944576, right(srz24618675491)
neg, 0.12688632616944576, right(srz246186714466)
neg, 0.16534236174919958, right(srz246186716427)
neg, 0.12688632616944576, right(srz24618676055)
neg, 0.1307626901162914, right(srz246186714709)
neg, 0.12688632616944576, right(srz24618674134)
neg, 0.12688632616944576, right(srz24618671485)
neg, 0.1307626901162914, right(srz24618678092)
neg, 0.12688632616944576, right(srz24618676210)
neg, 0.12688632616944576, right(srz24618675637)
neg, 0.13264769949256902, right(srz24618675966)
neg, 0.12688632616944576, right(srz246186717117)
neg, 0.13264769949256902, right(srz24618675904)
neg, 0.13264769949256902, right(srz246186710770)
neg, 0.12688632616944576, right(srz24618677560)
neg, 0.18333193000285317, right(srz24618679170)
neg, 0.20238779867379567, right(srz246186711096)
neg, 0.20238779867379567, right(srz246186714129)
neg, 0.1307626901162914, right(srz246186710396)
neg, 0.1307626901162914, right(srz246186710442)
neg, 0.12688632616944576, right(srz24618677626)
neg, 0.12688632616944576, right(srz246186714472)
neg, 0.12688632616944576, right(srz24618673600)
neg, 0.1307626901162914, right(srz246186714689)
neg, 0.18333193000285317, right(srz246186711579)
neg, 0.12688632616944576, right(srz246186714942)
neg, 0.12688632616944576, right(srz246186715887)
neg, 0.16534236174919958, right(srz2461867768)
neg, 0.12688632616944576, right(srz24618674770)
neg, 0.12688632616944576, right(srz24618678874)
neg, 0.12688632616944576, right(srz246186711774)
neg, 0.12688632616944576, right(srz24618671947)
neg, 0.1307626901162914, right(srz246186715641)
neg, 0.12688632616944576, right(srz24618678442)
neg, 0.1254446385283914, right(srz246186710678)
neg, 0.12688632616944576, right(srz24618678855)
neg, 0.20238779867379567, right(srz246186713464)
neg, 0.12688632616944576, right(srz24618673559)
neg, 0.12688632616944576, right(srz24618677316)
neg, 0.20238779867379567, right(srz24618675410)
neg, 0.13264769949256902, right(srz24618675700)
neg, 0.12688632616944576, right(srz2461867256)
neg, 0.12688632616944576, right(srz24618672253)
neg, 0.12688632616944576, right(srz246186716006)
neg, 0.12688632616944576, right(srz24618674117)
neg, 0.12688632616944576, right(srz246186712233)
neg, 0.12688632616944576, right(srz24618674941)
neg, 0.12688632616944576, right(srz246186716239)
neg, 0.12688632616944576, right(srz24618677570)
neg, 0.22335882248171707, right(srz246186712888)
neg, 0.1307626901162914, right(srz246186713773)
neg, 0.13264769949256902, right(srz246186713245)
neg, 0.12688632616944576, right(srz246186713411)
neg, 0.12688632616944576, right(srz24618673154)
neg, 0.20238779867379567, right(srz246186711477)
neg, 0.12688632616944576, right(srz246186714359)
neg, 0.12688632616944576, right(srz246186716305)
neg, 0.13264769949256902, right(srz24618679428)
neg, 0.12688632616944576, right(srz24618677315)
neg, 0.12688632616944576, right(srz246186717101)
neg, 0.12688632616944576, right(srz246186713751)
neg, 0.16534236174919958, right(srz246186716527)
neg, 0.12688632616944576, right(srz246186714820)
neg, 0.1307626901162914, right(srz246186714757)
neg, 0.13264769949256902, right(srz246186757)
neg, 0.20238779867379567, right(srz24618673744)
neg, 0.20238779867379567, right(srz246186712612)
neg, 0.1307626901162914, right(srz246186714170)
neg, 0.20238779867379567, right(srz24618673218)
neg, 0.12544463852839138, right(srz24618679929)
neg, 0.12688632616944576, right(srz24618677524)
neg, 0.16534236174919958, right(srz246186716463)
neg, 0.16534236174919958, right(srz246186713688)
neg, 0.20238779867379567, right(srz24618676885)
neg, 0.12688632616944576, right(srz246186711192)
neg, 0.16534236174919958, right(srz246186711453)
neg, 0.13264769949256902, right(srz246186713324)
neg, 0.16534236174919958, right(srz24618675291)
neg, 0.13264769949256902, right(srz24618679349)
neg, 0.1307626901162914, right(srz246186714795)
neg, 0.12688632616944576, right(srz24618675005)
neg, 0.23411182129462718, right(srz24618679874)
neg, 0.12544463852839138, right(srz24618679097)
neg, 0.16534236174919958, right(srz24618672350)
neg, 0.13264769949256902, right(srz246186710725)
neg, 0.12688632616944576, right(srz246186711808)
neg, 0.12688632616944576, right(srz24618677287)
neg, 0.12688632616944576, right(srz24618679069)
neg, 0.22335882248171707, right(srz246186716609)
neg, 0.12688632616944576, right(srz24618673912)
neg, 0.12688632616944576, right(srz2461867552)
neg, 0.1307626901162914, right(srz24618675044)
neg, 0.12688632616944576, right(srz246186711772)
neg, 0.12688632616944576, right(srz24618677395)
neg, 0.13264769949256902, right(srz24618675910)
neg, 0.12688632616944576, right(srz2461867231)
neg, 0.20238779867379567, right(srz24618679831)
neg, 0.12688632616944576, right(srz24618677507)
neg, 0.13264769949256902, right(srz24618679325)
neg, 0.16534236174919958, right(srz246186714290)
neg, 0.12688632616944576, right(srz24618679145)
neg, 0.12688632616944576, right(srz246186716108)
neg, 0.12688632616944576, right(srz246186711699)
neg, 0.12688632616944576, right(srz24618671814)
neg, 0.12688632616944576, right(srz246186717109)
neg, 0.12688632616944576, right(srz246186716679)
neg, 0.12688632616944576, right(srz24618672011)
neg, 0.12688632616944576, right(srz2461867546)
neg, 0.1307626901162914, right(srz246186714708)
neg, 0.13264769949256902, right(srz246186710786)
neg, 0.12688632616944576, right(srz24618676814)
neg, 0.12688632616944576, right(srz246186711865)
neg, 0.12688632616944576, right(srz24618679629)
neg, 0.1307626901162914, right(srz24618678827)
neg, 0.12688632616944576, right(srz24618679497)
neg, 0.12688632616944576, right(srz24618673130)
neg, 0.12688632616944576, right(srz2461867511)
neg, 0.12688632616944576, right(srz24618672772)
neg, 0.12688632616944576, right(srz24618676455)
neg, 0.12688632616944576, right(srz246186715606)
neg, 0.12688632616944576, right(srz246186711369)
neg, 0.1307626901162914, right(srz246186712684)
neg, 0.13264769949256902, right(srz24618675919)
neg, 0.12688632616944576, right(srz246186713024)
neg, 0.16534236174919958, right(srz24618671703)
neg, 0.16534236174919958, right(srz246186713188)
neg, 0.12688632616944576, right(srz24618674348)
neg, 0.12688632616944576, right(srz246186711909)
neg, 0.12688632616944576, right(srz24618671439)
neg, 0.13264769949256902, right(srz24618679197)
neg, 0.12688632616944576, right(srz24618674224)
neg, 0.12688632616944576, right(srz246186712480)
neg, 0.16534236174919958, right(srz246186716452)
neg, 0.12688632616944576, right(srz246186710138)
neg, 0.12688632616944576, right(srz246186711866)
neg, 0.16534236174919958, right(srz246186716420)
neg, 0.12688632616944576, right(srz24618672959)
neg, 0.1307626901162914, right(srz246186716891)
neg, 0.16534236174919958, right(srz246186713194)
neg, 0.12688632616944576, right(srz24618674131)
neg, 0.13264769949256902, right(srz24618675701)
neg, 0.12688632616944576, right(srz24618679755)
neg, 0.12688632616944576, right(srz246186711779)
neg, 0.12688632616944576, right(srz24618671103)
neg, 0.12688632616944576, right(srz24618672000)
neg, 0.12688632616944576, right(srz246186717065)
neg, 0.16534236174919958, right(srz246186713151)
neg, 0.12688632616944576, right(srz24618672769)
neg, 0.12688632616944576, right(srz246186714243)
neg, 0.12688632616944576, right(srz24618679488)
neg, 0.12688632616944576, right(srz24618674189)
neg, 0.12688632616944576, right(srz24618674366)
neg, 0.12688632616944576, right(srz246186712004)
neg, 0.23411182129462718, right(srz246186712303)
neg, 0.270952319943303, right(srz24618671509)
neg, 0.12688632616944576, right(srz24618671188)
neg, 0.1254446385283914, right(srz246186712163)
neg, 0.12688632616944576, right(srz246186713767)
neg, 0.12688632616944576, right(srz246186711700)
neg, 0.12688632616944576, right(srz24618671660)
neg, 0.12688632616944576, right(srz24618677152)
neg, 0.16534236174919958, right(srz246186713823)
neg, 0.12688632616944576, right(srz24618677609)
neg, 0.1307626901162914, right(srz246186714697)
neg, 0.16534236174919958, right(srz24618673886)
neg, 0.13264769949256902, right(srz246186735)
neg, 0.20238779867379567, right(srz24618673732)
neg, 0.12688632616944576, right(srz246186716633)
neg, 0.20238779867379567, right(srz24618679884)
neg, 0.12688632616944576, right(srz24618676230)
neg, 0.12688632616944576, right(srz24618677621)
neg, 0.12688632616944576, right(srz24618672847)
neg, 0.13264769949256902, right(srz24618675976)
neg, 0.12688632616944576, right(srz24618676565)
neg, 0.1307626901162914, right(srz24618676610)
neg, 0.23411182129462718, right(srz246186713884)
neg, 0.12688632616944576, right(srz246186715876)
neg, 0.23411182129462718, right(srz2461867301)
neg, 0.12688632616944576, right(srz246186716624)
neg, 0.1254446385283914, right(srz246186713072)
neg, 0.23411182129462718, right(srz24618673084)
neg, 0.12688632616944576, right(srz24618677891)
neg, 0.12688632616944576, right(srz24618678004)
neg, 0.12688632616944576, right(srz246186715976)
neg, 0.20238779867379567, right(srz24618678498)
neg, 0.12688632616944576, right(srz24618671405)
neg, 0.12688632616944576, right(srz24618672927)
neg, 0.16534236174919958, right(srz246186716972)
neg, 0.12688632616944576, right(srz24618676999)
neg, 0.12688632616944576, right(srz24618677462)
neg, 0.12688632616944576, right(srz246186716145)
neg, 0.12688632616944576, right(srz24618675464)
neg, 0.12688632616944576, right(srz246186711773)
neg, 0.16534236174919958, right(srz24618672390)
neg, 0.12688632616944576, right(srz24618672836)
neg, 0.12688632616944576, right(srz24618674943)
neg, 0.20238779867379567, right(srz246186711000)
neg, 0.20238779867379567, right(srz246186711237)
neg, 0.12688632616944576, right(srz246186716678)
neg, 0.16534236174919958, right(srz246186716449)
neg, 0.12688632616944576, right(srz24618677630)
neg, 0.12688632616944576, right(srz2461867376)
neg, 0.20238779867379567, right(srz246186712614)
neg, 0.1307626901162914, right(srz246186714788)
neg, 0.12688632616944576, right(srz246186715107)
neg, 0.12544463852839138, right(srz24618675129)
neg, 0.1254446385283914, right(srz2461867907)
neg, 0.12688632616944576, right(srz2461867271)
neg, 0.22335882248171707, right(srz24618672159)
neg, 0.20238779867379567, right(srz24618676739)
neg, 0.12688632616944576, right(srz246186712982)
neg, 0.12688632616944576, right(srz246186715604)
neg, 0.16534236174919958, right(srz246186710606)
neg, 0.1307626901162914, right(srz246186714111)
neg, 0.12688632616944576, right(srz246186712323)
neg, 0.16534236174919958, right(srz246186713175)
neg, 0.16534236174919958, right(srz246186713179)
neg, 0.1254446385283914, right(srz2461867896)
neg, 0.1307626901162914, right(srz246186714335)
neg, 0.20238779867379567, right(srz24618674742)
neg, 0.12688632616944576, right(srz246186710157)
neg, 0.12688632616944576, right(srz246186715267)
neg, 0.13264769949256902, right(srz24618679340)
neg, 0.20238779867379567, right(srz24618673305)
neg, 0.13264769949256902, right(srz246186710815)
neg, 0.12688632616944576, right(srz24618672945)
neg, 0.12688632616944576, right(srz246186713628)
neg, 0.12688632616944576, right(srz246186712034)
neg, 0.20238779867379567, right(srz24618673300)
neg, 0.12688632616944576, right(srz2461867968)
neg, 0.20238779867379567, right(srz246186715421)
neg, 0.12688632616944576, right(srz246186716228)
neg, 0.12688632616944576, right(srz24618677137)
neg, 0.12688632616944576, right(srz24618673409)
neg, 0.1307626901162914, right(srz24618676552)
neg, 0.20238779867379567, right(srz24618678844)
neg, 0.12688632616944576, right(srz24618671212)
neg, 0.12688632616944576, right(srz246186710320)
neg, 0.13264769949256902, right(srz246186713328)
neg, 0.12688632616944576, right(srz246186711675)
neg, 0.270952319943303, right(srz246186710952)
neg, 0.20238779867379567, right(srz24618676900)
neg, 0.12688632616944576, right(srz24618671645)
neg, 0.12688632616944576, right(srz24618673558)
neg, 0.12688632616944576, right(srz24618679852)
neg, 0.20238779867379567, right(srz246186711005)
neg, 0.12688632616944576, right(srz24618672432)
neg, 0.12688632616944576, right(srz24618674217)
neg, 0.20238779867379567, right(srz246186712840)
neg, 0.13264769949256902, right(srz2461867133)
neg, 0.1254446385283914, right(srz246186710528)
neg, 0.1254446385283914, right(srz246186713213)
neg, 0.12688632616944576, right(srz2461867637)
neg, 0.1307626901162914, right(srz246186714729)
neg, 0.1254446385283914, right(srz2461867913)
neg, 0.16534236174919958, right(srz2461867419)
neg, 0.12688632616944576, right(srz246186715783)
neg, 0.12688632616944576, right(srz24618675610)
neg, 0.12688632616944576, right(srz24618674380)
neg, 0.12688632616944576, right(srz24618677790)
neg, 0.20238779867379567, right(srz246186711007)
neg, 0.12688632616944576, right(srz246186714880)
neg, 0.12688632616944576, right(srz246186714976)
neg, 0.12688632616944576, right(srz24618677780)
neg, 0.12688632616944576, right(srz24618672441)
neg, 0.12688632616944576, right(srz24618677140)
neg, 0.12688632616944576, right(srz24618673524)
neg, 0.12688632616944576, right(srz246186713972)
neg, 0.12688632616944576, right(srz246186711872)
neg, 0.1307626901162914, right(srz24618675165)
neg, 0.23411182129462718, right(srz24618678640)
neg, 0.16534236174919958, right(srz2461867427)
neg, 0.12688632616944576, right(srz24618676616)
neg, 0.20238779867379567, right(srz246186712399)
neg, 0.12688632616944576, right(srz246186712011)
neg, 0.12688632616944576, right(srz246186712937)
neg, 0.12688632616944576, right(srz24618675639)
neg, 0.20238779867379567, right(srz24618673735)
neg, 0.12688632616944576, right(srz24618674335)
neg, 0.20238779867379567, right(srz246186714407)
neg, 0.16534236174919958, right(srz246186710594)
neg, 0.12688632616944576, right(srz24618679650)
neg, 0.22335882248171707, right(srz246186714219)
neg, 0.12688632616944576, right(srz24618671676)
neg, 0.12688632616944576, right(srz246186716054)
neg, 0.12688632616944576, right(srz24618672598)
neg, 0.16534236174919958, right(srz246186710623)
neg, 0.13264769949256902, right(srz24618675911)
neg, 0.23411182129462718, right(srz24618677723)
neg, 0.12688632616944576, right(srz24618673916)
neg, 0.12688632616944576, right(srz246186712930)
neg, 0.20238779867379567, right(srz24618678649)
neg, 0.20238779867379567, right(srz246186712750)
neg, 0.12688632616944576, right(srz24618678685)
neg, 0.12688632616944576, right(srz246186712861)
neg, 0.12688632616944576, right(srz246186715904)
neg, 0.12688632616944576, right(srz246186714851)
neg, 0.12688632616944576, right(srz24618678864)
neg, 0.12688632616944576, right(srz2461867872)
neg, 0.12688632616944576, right(srz246186712394)
neg, 0.20238779867379567, right(srz24618677850)
neg, 0.12688632616944576, right(srz24618672845)
neg, 0.12688632616944576, right(srz246186717057)
neg, 0.16534236174919958, right(srz246186713170)
neg, 0.20238779867379567, right(srz24618673477)
neg, 0.12688632616944576, right(srz24618671817)
neg, 0.12688632616944576, right(srz246186713756)
neg, 0.12688632616944576, right(srz24618674093)
neg, 0.12688632616944576, right(srz24618678607)
neg, 0.16534236174919958, right(srz246186716505)
neg, 0.12688632616944576, right(srz246186714516)
neg, 0.23411182129462718, right(srz24618673697)
neg, 0.12688632616944576, right(srz246186716197)
neg, 0.1307626901162914, right(srz246186712708)
neg, 0.20238779867379567, right(srz246186711475)
neg, 0.12688632616944576, right(srz246186714452)
neg, 0.16534236174919958, right(srz246186716415)
neg, 0.16534236174919958, right(srz246186711443)
neg, 0.20238779867379567, right(srz246186711496)
neg, 0.12688632616944576, right(srz24618677494)
neg, 0.12688632616944576, right(srz246186711679)
neg, 0.16534236174919958, right(srz246186710590)
neg, 0.12688632616944576, right(srz246186716368)
neg, 0.13264769949256902, right(srz24618675906)
neg, 0.12688632616944576, right(srz24618673646)
neg, 0.12688632616944576, right(srz24618671671)
neg, 0.12688632616944576, right(srz2461867493)
neg, 0.12688632616944576, right(srz2461867226)
neg, 0.12688632616944576, right(srz246186711054)
neg, 0.12688632616944576, right(srz24618674446)
neg, 0.12688632616944576, right(srz2461867660)
neg, 0.12688632616944576, right(srz246186713989)
neg, 0.20238779867379567, right(srz246186715302)
neg, 0.20238779867379567, right(srz246186712859)
neg, 0.12688632616944576, right(srz246186713611)
neg, 0.23411182129462718, right(srz2461867361)
neg, 0.12688632616944576, right(srz24618677486)
neg, 0.12688632616944576, right(srz24618671085)
neg, 0.12688632616944576, right(srz24618674982)
neg, 0.12688632616944576, right(srz24618672444)
neg, 0.12688632616944576, right(srz2461867487)
neg, 0.12688632616944576, right(srz246186713642)
neg, 0.12688632616944576, right(srz246186716274)
neg, 0.12688632616944576, right(srz24618674839)
neg, 0.12688632616944576, right(srz24618672816)
neg, 0.20238779867379567, right(srz24618678915)
neg, 0.12688632616944576, right(srz24618679829)
neg, 0.2393699610524666, right(srz24618679166)
neg, 0.16534236174919958, right(srz24618676399)
neg, 0.23411182129462718, right(srz24618676780)
neg, 0.13264769949256902, right(srz24618675755)
neg, 0.20238779867379567, right(srz246186713871)
neg, 0.13264769949256902, right(srz24618675857)
neg, 0.20238779867379567, right(srz246186711476)
neg, 0.12688632616944576, right(srz24618671876)
neg, 0.1254446385283914, right(srz2461867912)
neg, 0.12688632616944576, right(srz246186715066)
neg, 0.1307626901162914, right(srz246186714601)
neg, 0.12688632616944576, right(srz246186716320)
neg, 0.16534236174919958, right(srz24618675844)
neg, 0.12688632616944576, right(srz24618673116)
neg, 0.23411182129462718, right(srz246186711206)
neg, 0.20238779867379567, right(srz246186716782)
neg, 0.12688632616944576, right(srz24618678391)
neg, 0.16534236174919958, right(srz246186711428)
neg, 0.16534236174919958, right(srz246186716979)
neg, 0.1307626901162914, right(srz246186710022)
neg, 0.18333193000285317, right(srz246186711563)
neg, 0.23411182129462718, right(srz24618673769)
neg, 0.12688632616944576, right(srz246186716243)
neg, 0.12688632616944576, right(srz246186710175)
neg, 0.12688632616944576, right(srz246186714945)
neg, 0.12688632616944576, right(srz246186714450)
neg, 0.12688632616944576, right(srz246186716125)
neg, 0.12688632616944576, right(srz246186713832)
neg, 0.270952319943303, right(srz24618675294)
neg, 0.12688632616944576, right(srz24618678881)
neg, 0.16534236174919958, right(srz24618675771)
neg, 0.18333193000285317, right(srz24618679172)
neg, 0.12688632616944576, right(srz24618676973)
neg, 0.12688632616944576, right(srz24618676688)
neg, 0.12688632616944576, right(srz246186711364)
neg, 0.12688632616944576, right(srz2461867388)
neg, 0.20238779867379567, right(srz246186714412)
neg, 0.12688632616944576, right(srz24618676972)
neg, 0.12688632616944576, right(srz246186717068)
neg, 0.12688632616944576, right(srz246186717069)
neg, 0.12688632616944576, right(srz246186716702)
neg, 0.13264769949256902, right(srz24618679320)
neg, 0.1307626901162914, right(srz24618676536)
neg, 0.12688632616944576, right(srz24618678980)
neg, 0.20238779867379567, right(srz24618679923)
neg, 0.13264769949256902, right(srz24618675972)
neg, 0.12688632616944576, right(srz24618671949)
neg, 0.16534236174919958, right(srz246186716500)
neg, 0.13264769949256902, right(srz24618679382)
neg, 0.20238779867379567, right(srz246186715243)
neg, 0.1254446385283914, right(srz246186710566)
neg, 0.12688632616944576, right(srz24618673522)
neg, 0.16534236174919958, right(srz24618672053)
neg, 0.12688632616944576, right(srz246186713386)
neg, 0.12688632616944576, right(srz24618671672)
neg, 0.12688632616944576, right(srz24618671956)
neg, 0.12688632616944576, right(srz2461867364)
neg, 0.12688632616944576, right(srz24618671329)
neg, 0.1307626901162914, right(srz246186715645)
neg, 0.270952319943303, right(srz24618678113)
neg, 0.20238779867379567, right(srz246186712748)
neg, 0.12688632616944576, right(srz246186715931)
neg, 0.12688632616944576, right(srz24618677013)
neg, 0.12688632616944576, right(srz246186711839)
neg, 0.12688632616944576, right(srz246186712811)
neg, 0.12688632616944576, right(srz246186713384)
neg, 0.16534236174919958, right(srz246186710630)
neg, 0.23411182129462718, right(srz246186714244)
neg, 0.20238779867379567, right(srz246186711233)
neg, 0.12688632616944576, right(srz246186717078)
neg, 0.20238779867379567, right(srz246186715256)
neg, 0.12688632616944576, right(srz24618679534)
neg, 0.12688632616944576, right(srz246186711956)
neg, 0.12688632616944576, right(srz246186714954)
neg, 0.12688632616944576, right(srz24618671309)
neg, 0.16534236174919958, right(srz24618672292)
neg, 0.12688632616944576, right(srz24618677448)
neg, 0.12688632616944576, right(srz24618677496)
neg, 0.12688632616944576, right(srz246186716376)
neg, 0.12688632616944576, right(srz2461867540)
neg, 0.12688632616944576, right(srz246186714430)
neg, 0.12688632616944576, right(srz24618674438)
neg, 0.13264769949256902, right(srz24618675893)
neg, 0.12688632616944576, right(srz24618671346)
neg, 0.16534236174919958, right(srz24618675287)
neg, 0.12688632616944576, right(srz24618672022)
neg, 0.16534236174919958, right(srz2461867767)
neg, 0.12688632616944576, right(srz246186710423)
neg, 0.16534236174919958, right(srz246186716977)
neg, 0.12688632616944576, right(srz246186714972)
neg, 0.12688632616944576, right(srz24618673628)
neg, 0.12688632616944576, right(srz24618673592)
neg, 0.12688632616944576, right(srz24618679946)
neg, 0.13264769949256902, right(srz246186713337)
neg, 0.12688632616944576, right(srz246186716082)
neg, 0.12688632616944576, right(srz246186714940)
neg, 0.12688632616944576, right(srz246186717158)
neg, 0.12688632616944576, right(srz24618675449)
neg, 0.12688632616944576, right(srz24618676211)
neg, 0.1307626901162914, right(srz246186710403)
neg, 0.12688632616944576, right(srz246186713831)
neg, 0.13264769949256902, right(srz2461867105)
neg, 0.12688632616944576, right(srz24618671913)
neg, 0.12688632616944576, right(srz246186711814)
neg, 0.270952319943303, right(srz246186710934)
neg, 0.12688632616944576, right(srz24618675431)
neg, 0.12688632616944576, right(srz24618677404)
neg, 0.1307626901162914, right(srz24618676539)
neg, 0.16534236174919958, right(srz24618671771)
neg, 0.16534236174919958, right(srz2461867215)
neg, 0.16534236174919958, right(srz24618679296)
neg, 0.12688632616944576, right(srz24618674944)
neg, 0.12688632616944576, right(srz246186716247)
neg, 0.16534236174919958, right(srz24618675838)
neg, 0.12688632616944576, right(srz24618676421)
neg, 0.12688632616944576, right(srz24618671449)
neg, 0.16534236174919958, right(srz2461867351)
neg, 0.12688632616944576, right(srz24618679935)
neg, 0.12688632616944576, right(srz24618673375)
neg, 0.23411182129462718, right(srz24618676392)
neg, 0.1254446385283914, right(srz2461867853)
neg, 0.12688632616944576, right(srz2461867237)
neg, 0.18333193000285317, right(srz24618679591)
neg, 0.2393699610524666, right(srz24618679167)
neg, 0.12688632616944576, right(srz24618671147)
neg, 0.16534236174919958, right(srz2461867212)
neg, 0.12544463852839138, right(srz246186712902)
neg, 0.12688632616944576, right(srz246186710106)
neg, 0.13264769949256902, right(srz246186710698)
neg, 0.12688632616944576, right(srz24618675033)
neg, 0.12688632616944576, right(srz246186713668)
neg, 0.12688632616944576, right(srz24618672588)
neg, 0.13264769949256902, right(srz246186710769)
neg, 0.1254446385283914, right(srz246186713083)
neg, 0.12688632616944576, right(srz2461867950)
neg, 0.12688632616944576, right(srz24618671350)
neg, 0.16534236174919958, right(srz24618671725)
neg, 0.12688632616944576, right(srz24618674850)
neg, 0.12688632616944576, right(srz246186711362)
neg, 0.12688632616944576, right(srz24618672589)
neg, 0.12688632616944576, right(srz24618678966)
neg, 0.16534236174919958, right(srz246186715463)
neg, 0.12688632616944576, right(srz246186713376)
neg, 0.12688632616944576, right(srz24618671307)
neg, 0.18333193000285317, right(srz246186711578)
neg, 0.12688632616944576, right(srz24618671881)
neg, 0.20238779867379567, right(srz24618679895)
neg, 0.20238779867379567, right(srz246186715274)
neg, 0.12688632616944576, right(srz24618676273)
neg, 0.12688632616944576, right(srz246186715074)
neg, 0.12544463852839138, right(srz24618675126)
neg, 0.12688632616944576, right(srz24618678469)
neg, 0.16534236174919958, right(srz24618671580)
neg, 0.12688632616944576, right(srz24618672716)
neg, 0.20238779867379567, right(srz24618675409)
neg, 0.12688632616944576, right(srz24618671392)
neg, 0.20238779867379567, right(srz24618679879)
neg, 0.20238779867379567, right(srz246186712895)
neg, 0.12688632616944576, right(srz24618676924)
neg, 0.16534236174919958, right(srz246186716961)
neg, 0.13264769949256902, right(srz246186713301)
neg, 0.16534236174919958, right(srz24618672326)
neg, 0.12688632616944576, right(srz2461867652)
neg, 0.12688632616944576, right(srz246186716662)
neg, 0.20238779867379567, right(srz246186712863)
neg, 0.12688632616944576, right(srz246186710836)
neg, 0.12688632616944576, right(srz24618679594)
neg, 0.12688632616944576, right(srz246186716331)
neg, 0.16534236174919958, right(srz24618672324)
neg, 0.12688632616944576, right(srz24618675345)
neg, 0.23411182129462718, right(srz246186711437)
neg, 0.12688632616944576, right(srz246186716825)
neg, 0.16534236174919958, right(srz246186716439)
neg, 0.20238779867379567, right(srz24618673286)
neg, 0.12688632616944576, right(srz246186715193)
neg, 0.16534236174919958, right(srz246186713189)
neg, 0.16534236174919958, right(srz246186710596)
neg, 0.12688632616944576, right(srz24618677047)
neg, 0.12688632616944576, right(srz246186710267)
neg, 0.22335882248171707, right(srz24618673353)
neg, 0.20238779867379567, right(srz24618678207)
neg, 0.12688632616944576, right(srz24618673584)
neg, 0.16534236174919958, right(srz24618679236)
neg, 0.16534236174919958, right(srz246186710633)
neg, 0.20238779867379567, right(srz24618678135)
neg, 0.12688632616944576, right(srz24618671400)
neg, 0.12688632616944576, right(srz24618677770)
neg, 0.2516790776782916, right(srz24618679077)
neg, 0.18333193000285317, right(srz246186711525)
neg, 0.12688632616944576, right(srz24618673117)
neg, 0.12688632616944576, right(srz246186714507)
neg, 0.12688632616944576, right(srz24618673632)
neg, 0.20238779867379567, right(srz246186712736)
neg, 0.20238779867379567, right(srz24618673292)
neg, 0.12688632616944576, right(srz246186712488)
neg, 0.13264769949256902, right(srz24618675711)
neg, 0.13264769949256902, right(srz246186713298)
neg, 0.22335882248171707, right(srz246186714057)
neg, 0.1307626901162914, right(srz24618679968)
neg, 0.12688632616944576, right(srz24618672433)
neg, 0.12688632616944576, right(srz246186717027)
neg, 0.12688632616944576, right(srz246186715369)
neg, 0.23411182129462718, right(srz246186711215)
neg, 0.1254446385283914, right(srz246186710547)
neg, 0.12688632616944576, right(srz246186711871)
neg, 0.12688632616944576, right(srz246186716262)
neg, 0.12688632616944576, right(srz246186711028)
neg, 0.20238779867379567, right(srz24618678657)
neg, 0.12688632616944576, right(srz24618678947)
neg, 0.16534236174919958, right(srz24618675275)
neg, 0.20238779867379567, right(srz246186715289)
neg, 0.12688632616944576, right(srz24618672269)
neg, 0.1307626901162914, right(srz24618678079)
neg, 0.12688632616944576, right(srz24618671643)
neg, 0.1307626901162914, right(srz246186713836)
neg, 0.12688632616944576, right(srz24618672797)
neg, 0.1307626901162914, right(srz246186714749)
neg, 0.1307626901162914, right(srz24618675159)
neg, 0.12688632616944576, right(srz246186711797)
neg, 0.1254446385283914, right(srz246186712174)
neg, 0.23411182129462718, right(srz24618675331)
neg, 0.12688632616944576, right(srz24618677002)
neg, 0.12688632616944576, right(srz24618676198)
neg, 0.12688632616944576, right(srz246186714908)
neg, 0.12688632616944576, right(srz2461867553)
neg, 0.20238779867379567, right(srz246186712864)
neg, 0.13264769949256902, right(srz246186710733)
neg, 0.16534236174919958, right(srz246186710598)
neg, 0.1307626901162914, right(srz24618679977)
neg, 0.12688632616944576, right(srz24618671177)
neg, 0.12688632616944576, right(srz24618677334)
neg, 0.12688632616944576, right(srz24618679635)
neg, 0.12688632616944576, right(srz24618675499)
neg, 0.12688632616944576, right(srz246186716088)
neg, 0.12688632616944576, right(srz24618674218)
neg, 0.12688632616944576, right(srz24618671194)
neg, 0.12688632616944576, right(srz24618675213)
neg, 0.23411182129462718, right(srz246186711227)
neg, 0.12688632616944576, right(srz24618671121)
neg, 0.1307626901162914, right(srz246186715324)
neg, 0.13264769949256902, right(srz246186721)
neg, 0.13264769949256902, right(srz24618679445)
neg, 0.12688632616944576, right(srz24618677383)
neg, 0.12688632616944576, right(srz24618671015)
neg, 0.12688632616944576, right(srz24618678689)
neg, 0.12688632616944576, right(srz246186714840)
neg, 0.12688632616944576, right(srz246186715568)
neg, 0.12688632616944576, right(srz246186716276)
neg, 0.12688632616944576, right(srz24618675025)
neg, 0.18333193000285317, right(srz246186711583)
neg, 0.12688632616944576, right(srz246186710424)
neg, 0.12688632616944576, right(srz246186715933)
neg, 0.12688632616944576, right(srz246186713969)
neg, 0.12688632616944576, right(srz24618671247)
neg, 0.12544463852839138, right(srz246186711271)
neg, 0.12688632616944576, right(srz246186716631)
neg, 0.12688632616944576, right(srz24618671629)
neg, 0.12688632616944576, right(srz246186717144)
neg, 0.16534236174919958, right(srz246186716514)
neg, 0.12688632616944576, right(srz24618673144)
neg, 0.12688632616944576, right(srz246186715916)
neg, 0.13264769949256902, right(srz246186759)
neg, 0.12688632616944576, right(srz24618679838)
neg, 0.12688632616944576, right(srz246186716360)
neg, 0.12688632616944576, right(srz24618675016)
neg, 0.12688632616944576, right(srz24618672457)
neg, 0.1307626901162914, right(srz246186714742)
neg, 0.16534236174919958, right(srz24618679260)
neg, 0.18333193000285317, right(srz246186711599)
neg, 0.1254446385283914, right(srz246186713067)
neg, 0.23411182129462718, right(srz24618671762)
neg, 0.12688632616944576, right(srz246186716992)
neg, 0.12688632616944576, right(srz24618676834)
neg, 0.12688632616944576, right(srz24618672921)
neg, 0.16534236174919958, right(srz246186713182)
neg, 0.12688632616944576, right(srz24618671019)
neg, 0.1307626901162914, right(srz24618675046)
neg, 0.1307626901162914, right(srz246186714736)
neg, 0.12688632616944576, right(srz246186717034)
neg, 0.16534236174919958, right(srz24618675262)
neg, 0.12688632616944576, right(srz24618678049)
neg, 0.12688632616944576, right(srz24618677284)
neg, 0.12688632616944576, right(srz24618671079)
neg, 0.12688632616944576, right(srz24618674320)
neg, 0.12688632616944576, right(srz24618677653)
neg, 0.13264769949256902, right(srz24618676002)
neg, 0.12688632616944576, right(srz246186716371)
neg, 0.12688632616944576, right(srz24618673121)
neg, 0.12688632616944576, right(srz246186712128)
neg, 0.23411182129462718, right(srz246186713702)
neg, 0.12688632616944576, right(srz24618673906)
neg, 0.12688632616944576, right(srz24618676715)
neg, 0.12688632616944576, right(srz246186716275)
neg, 0.12688632616944576, right(srz2461867994)
neg, 0.12688632616944576, right(srz246186715554)
neg, 0.12688632616944576, right(srz24618674940)
neg, 0.12688632616944576, right(srz246186714479)
neg, 0.23411182129462718, right(srz24618671939)
neg, 0.12688632616944576, right(srz24618674401)
neg, 0.16534236174919958, right(srz2461867354)
neg, 0.12688632616944576, right(srz24618672227)
neg, 0.12688632616944576, right(srz246186714867)
neg, 0.12688632616944576, right(srz24618676524)
neg, 0.12688632616944576, right(srz246186717050)
neg, 0.16534236174919958, right(srz24618675787)
neg, 0.13264769949256902, right(srz24618679224)
neg, 0.12688632616944576, right(srz24618679066)
neg, 0.12688632616944576, right(srz246186712244)
neg, 0.12688632616944576, right(srz246186717045)
neg, 0.12688632616944576, right(srz24618674229)
neg, 0.12688632616944576, right(srz24618671229)
neg, 0.22335882248171707, right(srz246186713941)
neg, 0.12688632616944576, right(srz24618672688)
neg, 0.1254446385283914, right(srz246186710518)
neg, 0.12688632616944576, right(srz24618672437)
neg, 0.23411182129462718, right(srz24618673071)
neg, 0.12688632616944576, right(srz24618671308)
neg, 0.12688632616944576, right(srz24618675448)
neg, 0.12688632616944576, right(srz246186716655)
neg, 0.1307626901162914, right(srz246186710441)
neg, 0.12688632616944576, right(srz24618677432)
neg, 0.12688632616944576, right(srz246186710955)
neg, 0.12688632616944576, right(srz24618675510)
neg, 0.20238779867379567, right(srz24618677108)
neg, 0.12688632616944576, right(srz24618671787)
neg, 0.12688632616944576, right(srz246186712965)
neg, 0.16534236174919958, right(srz246186710620)
neg, 0.12688632616944576, right(srz246186710131)
neg, 0.12688632616944576, right(srz24618678870)
neg, 0.16534236174919958, right(srz24618671930)
neg, 0.12688632616944576, right(srz24618672439)
neg, 0.12688632616944576, right(srz24618674208)
neg, 0.12688632616944576, right(srz246186711917)
neg, 0.12688632616944576, right(srz246186716154)
neg, 0.12688632616944576, right(srz24618672199)
neg, 0.13264769949256902, right(srz24618675754)
neg, 0.12688632616944576, right(srz24618671382)
neg, 0.12688632616944576, right(srz24618674404)
neg, 0.1254446385283914, right(srz246186710679)
neg, 0.12688632616944576, right(srz24618674817)
neg, 0.1307626901162914, right(srz246186715838)
neg, 0.12688632616944576, right(srz2461867472)
neg, 0.1254446385283914, right(srz2461867929)
neg, 0.12688632616944576, right(srz24618678661)
neg, 0.12688632616944576, right(srz24618674969)
neg, 0.13264769949256902, right(srz24618675969)
neg, 0.1254446385283914, right(srz2461867911)
neg, 0.12688632616944576, right(srz24618677397)
neg, 0.20238779867379567, right(srz24618677742)
neg, 0.12688632616944576, right(srz246186715982)
neg, 0.16534236174919958, right(srz246186716965)
neg, 0.12688632616944576, right(srz24618671075)
neg, 0.12688632616944576, right(srz24618678023)
neg, 0.12688632616944576, right(srz246186710132)
neg, 0.12688632616944576, right(srz24618671656)
neg, 0.270952319943303, right(srz24618672120)
neg, 0.16534236174919958, right(srz246186716465)
neg, 0.1254446385283914, right(srz246186710666)
neg, 0.16534236174919958, right(srz24618679287)
neg, 0.1307626901162914, right(srz246186710003)
neg, 0.12688632616944576, right(srz24618672691)
neg, 0.12688632616944576, right(srz24618676219)
neg, 0.12688632616944576, right(srz246186712971)
neg, 0.16534236174919958, right(srz24618675268)
neg, 0.12688632616944576, right(srz24618672622)
neg, 0.20238779867379567, right(srz24618672395)
neg, 0.20238779867379567, right(srz24618673289)
neg, 0.12688632616944576, right(srz246186711283)
neg, 0.16534236174919958, right(srz2461867426)
neg, 0.13264769949256902, right(srz246186710701)
neg, 0.16534236174919958, right(srz24618675843)
neg, 0.20238779867379567, right(srz24618678666)
neg, 0.12688632616944576, right(srz24618671106)
neg, 0.12688632616944576, right(srz24618673597)
neg, 0.13264769949256902, right(srz246186710710)
neg, 0.20238779867379567, right(srz246186712315)
neg, 0.20238779867379567, right(srz24618674730)
neg, 0.12688632616944576, right(srz24618676072)
neg, 0.20238779867379567, right(srz24618678134)
neg, 0.12688632616944576, right(srz246186710861)
neg, 0.12688632616944576, right(srz24618678955)
neg, 0.12688632616944576, right(srz2461867864)
neg, 0.12688632616944576, right(srz24618671652)
neg, 0.12688632616944576, right(srz24618671090)
neg, 0.12688632616944576, right(srz246186717160)
neg, 0.12688632616944576, right(srz24618679765)
neg, 0.12688632616944576, right(srz24618672934)
neg, 0.12688632616944576, right(srz246186713638)
neg, 0.13264769949256902, right(srz24618675736)
neg, 0.12688632616944576, right(srz2461867684)
neg, 0.23411182129462718, right(srz24618679907)
neg, 0.23411182129462718, right(srz24618673073)
neg, 0.18333193000285317, right(srz24618675596)
neg, 0.18333193000285317, right(srz24618679605)
neg, 0.16534236174919958, right(srz246186716472)
neg, 0.12688632616944576, right(srz2461867584)
neg, 0.20238779867379567, right(srz246186712683)
neg, 0.12688632616944576, right(srz24618676281)
neg, 0.12688632616944576, right(srz24618679147)
neg, 0.1307626901162914, right(srz24618679967)
neg, 0.16534236174919958, right(srz2461867214)
neg, 0.1307626901162914, right(srz246186714369)
neg, 0.12688632616944576, right(srz24618679611)
neg, 0.12688632616944576, right(srz24618671900)
neg, 0.12688632616944576, right(srz24618673911)
neg, 0.12688632616944576, right(srz24618678383)
neg, 0.12688632616944576, right(srz24618672693)
neg, 0.16534236174919958, right(srz24618673079)
neg, 0.12688632616944576, right(srz24618672611)
neg, 0.13264769949256902, right(srz24618675684)
neg, 0.20238779867379567, right(srz246186714130)
neg, 0.1307626901162914, right(srz246186710415)
neg, 0.12688632616944576, right(srz24618677561)
neg, 0.12688632616944576, right(srz24618671401)
neg, 0.1254446385283914, right(srz246186710497)
neg, 0.12688632616944576, right(srz246186712243)
neg, 0.12688632616944576, right(srz246186710009)
neg, 0.12688632616944576, right(srz24618674431)
neg, 0.13264769949256902, right(srz246186713)
neg, 0.12688632616944576, right(srz2461867881)
neg, 0.12688632616944576, right(srz24618672981)
neg, 0.1307626901162914, right(srz246186716876)
neg, 0.12688632616944576, right(srz2461867484)
neg, 0.12688632616944576, right(srz24618671132)
neg, 0.12688632616944576, right(srz246186716650)
neg, 0.16534236174919958, right(srz24618671769)
neg, 0.12688632616944576, right(srz24618673804)
neg, 0.12688632616944576, right(srz246186711435)
neg, 0.12688632616944576, right(srz246186714983)
neg, 0.13264769949256902, right(srz246186713295)
neg, 0.12688632616944576, right(srz246186714891)
neg, 0.16534236174919958, right(srz24618675780)
neg, 0.12688632616944576, right(srz24618673122)
neg, 0.12688632616944576, right(srz246186712485)
neg, 0.12688632616944576, right(srz24618671021)
neg, 0.12688632616944576, right(srz24618678972)
neg, 0.12688632616944576, right(srz246186713827)
neg, 0.12688632616944576, right(srz246186713035)
neg, 0.13264769949256902, right(srz246186710816)
neg, 0.12688632616944576, right(srz24618678962)
neg, 0.16534236174919958, right(srz246186715485)
neg, 0.16534236174919958, right(srz24618675191)
neg, 0.16534236174919958, right(srz24618679316)
neg, 0.18333193000285317, right(srz24618679593)
neg, 0.20238779867379567, right(srz24618677102)
neg, 0.12688632616944576, right(srz24618671490)
neg, 0.270952319943303, right(srz246186710930)
neg, 0.13264769949256902, right(srz246186731)
neg, 0.12688632616944576, right(srz24618677012)
neg, 0.12688632616944576, right(srz24618674123)
neg, 0.16534236174919958, right(srz2461867712)
neg, 0.12688632616944576, right(srz24618679502)
neg, 0.12688632616944576, right(srz246186717047)
neg, 0.12688632616944576, right(srz246186716382)
neg, 0.12688632616944576, right(srz24618676118)
neg, 0.16534236174919958, right(srz246186713143)
neg, 0.12688632616944576, right(srz246186713770)
neg, 0.1307626901162914, right(srz246186710035)
neg, 0.12688632616944576, right(srz24618671193)
neg, 0.12544463852839138, right(srz246186712912)
neg, 0.12688632616944576, right(srz246186715601)
neg, 0.12688632616944576, right(srz24618673519)
neg, 0.16534236174919958, right(srz246186713148)
neg, 0.12688632616944576, right(srz246186711890)
neg, 0.12688632616944576, right(srz24618673618)
neg, 0.1307626901162914, right(srz24618676537)
neg, 0.16534236174919958, right(srz246186711458)
neg, 0.12688632616944576, right(srz246186716750)
neg, 0.12688632616944576, right(srz24618672748)
neg, 0.12688632616944576, right(srz24618675350)
neg, 0.16534236174919958, right(srz246186711432)
neg, 0.12688632616944576, right(srz24618672881)
neg, 0.20238779867379567, right(srz24618678220)
neg, 0.20238779867379567, right(srz246186712635)
neg, 0.12688632616944576, right(srz24618671665)
neg, 0.12688632616944576, right(srz246186711055)
neg, 0.12688632616944576, right(srz24618679511)
neg, 0.16534236174919958, right(srz246186713169)
neg, 0.12688632616944576, right(srz24618675007)
neg, 0.20238779867379567, right(srz24618678219)
neg, 0.1307626901162914, right(srz246186714649)
neg, 0.16534236174919958, right(srz246186712607)
neg, 0.12688632616944576, right(srz24618675440)
neg, 0.13264769949256902, right(srz24618675915)
neg, 0.13264769949256902, right(srz246186710793)
neg, 0.270952319943303, right(srz246186710951)
neg, 0.20238779867379567, right(srz246186712855)
neg, 0.12688632616944576, right(srz246186711911)
neg, 0.2393699610524666, right(srz24618679117)
neg, 0.1307626901162914, right(srz24618675153)
neg, 0.12688632616944576, right(srz246186714905)
neg, 0.20238779867379567, right(srz246186715248)
neg, 0.12688632616944576, right(srz246186715929)
neg, 0.16534236174919958, right(srz24618672375)
neg, 0.12688632616944576, right(srz24618675517)
neg, 0.20238779867379567, right(srz246186712299)
neg, 0.12688632616944576, right(srz246186712365)
neg, 0.12688632616944576, right(srz246186713505)
neg, 0.12688632616944576, right(srz24618677430)
neg, 0.12688632616944576, right(srz24618672266)
neg, 0.1307626901162914, right(srz246186714660)
neg, 0.12688632616944576, right(srz246186714907)
neg, 0.16534236174919958, right(srz24618679286)
neg, 0.12688632616944576, right(srz246186715625)
neg, 0.20238779867379567, right(srz246186710067)
neg, 0.16534236174919958, right(srz24618677956)
neg, 0.12688632616944576, right(srz24618674979)
neg, 0.12688632616944576, right(srz246186715570)
neg, 0.20238779867379567, right(srz246186712680)
neg, 0.12688632616944576, right(srz24618678583)
neg, 0.18333193000285317, right(srz24618675665)
neg, 0.13264769949256902, right(srz246186729)
neg, 0.12688632616944576, right(srz246186716309)
neg, 0.12688632616944576, right(srz246186713644)
neg, 0.20238779867379567, right(srz246186711505)
neg, 0.12688632616944576, right(srz246186711286)
neg, 0.12688632616944576, right(srz2461867375)
neg, 0.12688632616944576, right(srz246186712467)
neg, 0.1254446385283914, right(srz246186713075)
neg, 0.16534236174919958, right(srz2461867349)
neg, 0.23411182129462718, right(srz24618676316)
neg, 0.16534236174919958, right(srz246186716418)
neg, 0.20238779867379567, right(srz246186712900)
neg, 0.12688632616944576, right(srz246186715337)
neg, 0.12688632616944576, right(srz24618671045)
neg, 0.12688632616944576, right(srz246186715596)
neg, 0.13264769949256902, right(srz2461867121)
neg, 0.12688632616944576, right(srz24618675518)
neg, 0.12688632616944576, right(srz24618676243)
neg, 0.16534236174919958, right(srz24618675279)
neg, 0.12688632616944576, right(srz24618673580)
neg, 0.12688632616944576, right(srz24618672737)
neg, 0.20238779867379567, right(srz246186712741)
neg, 0.1307626901162914, right(srz246186710432)
neg, 0.12688632616944576, right(srz24618673099)
neg, 0.20238779867379567, right(srz246186711302)
neg, 0.16534236174919958, right(srz24618672340)
neg, 0.12688632616944576, right(srz246186713491)
neg, 0.12688632616944576, right(srz24618675484)
neg, 0.16534236174919958, right(srz24618675797)
neg, 0.12688632616944576, right(srz24618671296)
neg, 0.12688632616944576, right(srz24618678876)
neg, 0.12688632616944576, right(srz246186712914)
neg, 0.20238779867379567, right(srz246186711163)
neg, 0.20238779867379567, right(srz24618678523)
neg, 0.12688632616944576, right(srz24618673407)
neg, 0.12688632616944576, right(srz246186713633)
neg, 0.12688632616944576, right(srz24618671646)
neg, 0.12688632616944576, right(srz246186716374)
neg, 0.12688632616944576, right(srz246186716693)
neg, 0.12688632616944576, right(srz24618677640)
neg, 0.20238779867379567, right(srz246186712738)
neg, 0.13264769949256902, right(srz246186710796)
neg, 0.12688632616944576, right(srz24618671026)
neg, 0.20238779867379567, right(srz246186716600)
neg, 0.1307626901162914, right(srz246186715321)
neg, 0.23411182129462718, right(srz246186713898)
neg, 0.12688632616944576, right(srz24618678872)
neg, 0.13264769949256902, right(srz24618679384)
neg, 0.12688632616944576, right(srz246186710195)
neg, 0.12688632616944576, right(srz246186716386)
neg, 0.12688632616944576, right(srz24618671790)
neg, 0.12688632616944576, right(srz24618671663)
neg, 0.1254446385283914, right(srz246186713108)
neg, 0.1254446385283914, right(srz246186710534)
neg, 0.20238779867379567, right(srz24618676962)
neg, 0.20238779867379567, right(srz24618678793)
neg, 0.20238779867379567, right(srz24618676774)
neg, 0.12688632616944576, right(srz24618671901)
neg, 0.16534236174919958, right(srz24618677962)
neg, 0.12688632616944576, right(srz246186715374)
neg, 0.12688632616944576, right(srz24618671180)
neg, 0.12688632616944576, right(srz24618677631)
neg, 0.12688632616944576, right(srz246186712020)
neg, 0.12688632616944576, right(srz246186716198)
neg, 0.12688632616944576, right(srz24618673586)
neg, 0.16534236174919958, right(srz2461867718)
neg, 0.12688632616944576, right(srz24618676938)
neg, 0.12688632616944576, right(srz24618672800)
neg, 0.12688632616944576, right(srz24618671482)
neg, 0.20238779867379567, right(srz24618677738)
neg, 0.12688632616944576, right(srz246186714850)
neg, 0.12688632616944576, right(srz24618671826)
neg, 0.12688632616944576, right(srz24618674184)
neg, 0.20238779867379567, right(srz246186716795)
neg, 0.12688632616944576, right(srz246186717094)
neg, 0.12688632616944576, right(srz24618673505)
neg, 0.2516790776782916, right(srz2461867858)
neg, 0.16534236174919958, right(srz24618679243)
neg, 0.12688632616944576, right(srz24618671896)
neg, 0.20238779867379567, right(srz24618674576)
neg, 0.12688632616944576, right(srz24618671886)
neg, 0.20238779867379567, right(srz246186711470)
neg, 0.1307626901162914, right(srz246186714658)
neg, 0.12688632616944576, right(srz24618677746)
neg, 0.20238779867379567, right(srz24618674710)
neg, 0.12688632616944576, right(srz246186715891)
neg, 0.20238779867379567, right(srz246186712869)
neg, 0.12688632616944576, right(srz24618676456)
neg, 0.16534236174919958, right(srz246186717195)
neg, 0.23411182129462718, right(srz24618675175)
neg, 0.12688632616944576, right(srz246186712037)
neg, 0.12688632616944576, right(srz246186716753)
neg, 0.12688632616944576, right(srz2461867560)
neg, 0.12688632616944576, right(srz2461867386)
neg, 0.12688632616944576, right(srz24618676837)
neg, 0.16534236174919958, right(srz246186716962)
neg, 0.20238779867379567, right(srz24618674753)
neg, 0.20238779867379567, right(srz24618674751)
neg, 0.13264769949256902, right(srz24618679322)
neg, 0.16534236174919958, right(srz24618672054)
neg, 0.23411182129462718, right(srz2461867748)
neg, 0.12688632616944576, right(srz24618676915)
neg, 0.12688632616944576, right(srz24618677301)
neg, 0.1254446385283914, right(srz246186710577)
neg, 0.18333193000285317, right(srz24618675657)
neg, 0.12688632616944576, right(srz246186715162)
neg, 0.12688632616944576, right(srz24618674948)
neg, 0.12688632616944576, right(srz246186713387)
neg, 0.12688632616944576, right(srz24618675452)
neg, 0.12688632616944576, right(srz24618671385)
neg, 0.20238779867379567, right(srz24618677743)
neg, 0.12688632616944576, right(srz24618671442)
neg, 0.12688632616944576, right(srz24618673140)
neg, 0.12688632616944576, right(srz24618678857)
neg, 0.20238779867379567, right(srz246186715419)
neg, 0.12688632616944576, right(srz24618671374)
neg, 0.12688632616944576, right(srz246186710261)
neg, 0.20238779867379567, right(srz246186712746)
neg, 0.12688632616944576, right(srz24618674855)
neg, 0.12688632616944576, right(srz24618679764)
neg, 0.12688632616944576, right(srz24618674143)
neg, 0.12688632616944576, right(srz24618672167)
neg, 0.12688632616944576, right(srz246186711285)
neg, 0.12688632616944576, right(srz246186710166)
neg, 0.16534236174919958, right(srz24618676353)
neg, 0.23411182129462718, right(srz246186716594)
neg, 0.12688632616944576, right(srz246186711850)
neg, 0.16534236174919958, right(srz24618672306)
neg, 0.12688632616944576, right(srz24618679485)
neg, 0.12688632616944576, right(srz24618672902)
neg, 0.12688632616944576, right(srz24618676125)
neg, 0.12688632616944576, right(srz24618672765)
neg, 0.12688632616944576, right(srz246186715070)
neg, 0.12688632616944576, right(srz246186710835)
neg, 0.20238779867379567, right(srz246186711268)
neg, 0.12688632616944576, right(srz24618678057)
neg, 0.12688632616944576, right(srz2461867873)
neg, 0.16534236174919958, right(srz246186711463)
neg, 0.16534236174919958, right(srz24618676367)
neg, 0.16534236174919958, right(srz24618679306)
neg, 0.16534236174919958, right(srz2461867321)
neg, 0.12688632616944576, right(srz24618672228)
neg, 0.12688632616944576, right(srz246186711769)
neg, 0.20238779867379567, right(srz246186712726)
neg, 0.12688632616944576, right(srz246186712374)
neg, 0.12688632616944576, right(srz2461867964)
neg, 0.12688632616944576, right(srz24618671909)
neg, 0.18333193000285317, right(srz24618679123)
neg, 0.12688632616944576, right(srz246186713393)
neg, 0.12688632616944576, right(srz24618672161)
neg, 0.12688632616944576, right(srz24618673801)
neg, 0.16534236174919958, right(srz2461867723)
neg, 0.12688632616944576, right(srz24618674347)
neg, 0.12688632616944576, right(srz246186712053)
neg, 0.12688632616944576, right(srz246186717005)
neg, 0.1254446385283914, right(srz246186710673)
neg, 0.13264769949256902, right(srz246186758)
neg, 0.12688632616944576, right(srz24618677884)
neg, 0.23411182129462718, right(srz246186715531)
neg, 0.1307626901162914, right(srz24618679996)
neg, 0.1254446385283914, right(srz24618672572)
neg, 0.12688632616944576, right(srz24618679486)
neg, 0.12688632616944576, right(srz24618674591)
neg, 0.20238779867379567, right(srz24618679916)
neg, 0.1307626901162914, right(srz246186710439)
neg, 0.12688632616944576, right(srz24618676453)
neg, 0.270952319943303, right(srz24618671506)
neg, 0.12688632616944576, right(srz2461867501)
neg, 0.12688632616944576, right(srz24618672919)
neg, 0.1307626901162914, right(srz246186714666)
neg, 0.20238779867379567, right(srz246186715280)
neg, 0.23411182129462718, right(srz24618679911)
neg, 0.1307626901162914, right(srz24618675162)
neg, 0.12688632616944576, right(srz246186712802)
neg, 0.16534236174919958, right(srz246186713715)
neg, 0.20238779867379567, right(srz24618676771)
neg, 0.12688632616944576, right(srz246186716312)
neg, 0.12688632616944576, right(srz24618674319)
neg, 0.12688632616944576, right(srz24618679947)
neg, 0.16534236174919958, right(srz246186716492)
neg, 0.1307626901162914, right(srz246186716893)
neg, 0.12688632616944576, right(srz246186716113)
neg, 0.13264769949256902, right(srz246186710754)
neg, 0.12688632616944576, right(srz246186711897)
neg, 0.13264769949256902, right(srz246186713319)
neg, 0.12688632616944576, right(srz24618671138)
neg, 0.12688632616944576, right(srz24618672445)
neg, 0.12688632616944576, right(srz246186712553)
neg, 0.23411182129462718, right(srz24618678515)
neg, 0.16534236174919958, right(srz24618672059)
neg, 0.12688632616944576, right(srz24618677147)
neg, 0.12688632616944576, right(srz24618675493)
neg, 0.12688632616944576, right(srz246186712705)
neg, 0.12688632616944576, right(srz246186715555)
neg, 0.12688632616944576, right(srz24618671160)
neg, 0.12688632616944576, right(srz24618671200)
neg, 0.12688632616944576, right(srz24618674388)
neg, 0.23411182129462718, right(srz24618673896)
neg, 0.12688632616944576, right(srz246186712976)
neg, 0.12688632616944576, right(srz2461867491)
neg, 0.23411182129462718, right(srz24618673271)
neg, 0.12688632616944576, right(srz24618674681)
neg, 0.20238779867379567, right(srz246186715288)
neg, 0.1307626901162914, right(srz24618676543)
neg, 0.12688632616944576, right(srz24618677379)
neg, 0.16534236174919958, right(srz24618672308)
neg, 0.16534236174919958, right(srz2461867328)
neg, 0.12688632616944576, right(srz246186711660)
neg, 0.16534236174919958, right(srz246186713689)
neg, 0.16534236174919958, right(srz24618672057)
neg, 0.12688632616944576, right(srz246186711735)
neg, 0.20238779867379567, right(srz246186715241)
neg, 0.13264769949256902, right(srz246186710812)
neg, 0.12688632616944576, right(srz246186713733)
neg, 0.16534236174919958, right(srz246186710619)
neg, 0.20238779867379567, right(srz246186715299)
neg, 0.12688632616944576, right(srz246186716265)
neg, 0.23411182129462718, right(srz24618672287)
neg, 0.1254446385283914, right(srz246186710516)
neg, 0.12688632616944576, right(srz24618677247)
neg, 0.12688632616944576, right(srz24618679750)
neg, 0.23411182129462718, right(srz246186712297)
neg, 0.12688632616944576, right(srz24618679942)
neg, 0.12688632616944576, right(srz246186714064)
neg, 0.12688632616944576, right(srz24618672687)
neg, 0.12688632616944576, right(srz24618671135)
neg, 0.20238779867379567, right(srz24618676894)
neg, 0.12688632616944576, right(srz24618671796)
neg, 0.18333193000285317, right(srz246186711577)
neg, 0.18333193000285317, right(srz24618675663)
neg, 0.16534236174919958, right(srz24618679247)
neg, 0.12688632616944576, right(srz2461867381)
neg, 0.12688632616944576, right(srz24618679756)
neg, 0.16534236174919958, right(srz246186716488)
neg, 0.12688632616944576, right(srz246186710105)
neg, 0.12688632616944576, right(srz246186716993)
neg, 0.12688632616944576, right(srz24618673430)
neg, 0.12688632616944576, right(srz24618679622)
neg, 0.12688632616944576, right(srz2461867536)
neg, 0.12688632616944576, right(srz246186711768)
neg, 0.12688632616944576, right(srz24618678053)
neg, 0.20238779867379567, right(srz246186715278)
neg, 0.12688632616944576, right(srz246186711694)
neg, 0.12688632616944576, right(srz246186710830)
neg, 0.12688632616944576, right(srz246186713594)
neg, 0.12688632616944576, right(srz2461867573)
neg, 0.20238779867379567, right(srz24618674722)
neg, 0.12688632616944576, right(srz246186712321)
neg, 0.16534236174919958, right(srz246186715541)
neg, 0.12688632616944576, right(srz24618679103)
neg, 0.12688632616944576, right(srz24618672735)
neg, 0.12688632616944576, right(srz24618676812)
neg, 0.12688632616944576, right(srz24618673132)
neg, 0.12688632616944576, right(srz246186716358)
neg, 0.13264769949256902, right(srz24618675863)
neg, 0.22335882248171707, right(srz24618674760)
neg, 0.12688632616944576, right(srz24618676579)
neg, 0.13264769949256902, right(srz2461867101)
neg, 0.1254446385283914, right(srz246186712172)
neg, 0.13264769949256902, right(srz246186710750)
neg, 0.20238779867379567, right(srz246186712849)
neg, 0.12544463852839138, right(srz24618676010)
neg, 0.12688632616944576, right(srz24618675341)
neg, 0.12688632616944576, right(srz24618675465)
neg, 0.1307626901162914, right(srz246186710402)
neg, 0.12688632616944576, right(srz2461867635)
neg, 0.1307626901162914, right(srz246186714654)
neg, 0.20238779867379567, right(srz246186715301)
neg, 0.12688632616944576, right(srz24618676927)
neg, 0.12688632616944576, right(srz246186710863)
neg, 0.16534236174919958, right(srz246186717192)
neg, 0.12688632616944576, right(srz24618672606)
neg, 0.18333193000285317, right(srz24618679602)
neg, 0.12688632616944576, right(srz24618671127)
neg, 0.1254446385283914, right(srz246186713120)
neg, 0.12688632616944576, right(srz24618671659)
neg, 0.12688632616944576, right(srz24618675640)
neg, 0.16534236174919958, right(srz24618671582)
neg, 0.12688632616944576, right(srz24618677376)
neg, 0.13264769949256902, right(srz246186713340)
neg, 0.12688632616944576, right(srz246186715892)
neg, 0.1307626901162914, right(srz24618679972)
neg, 0.12688632616944576, right(srz24618672270)
neg, 0.16534236174919958, right(srz24618676490)
neg, 0.16534236174919958, right(srz24618678929)
neg, 0.1307626901162914, right(srz246186714680)
neg, 0.12688632616944576, right(srz246186711881)
neg, 0.12688632616944576, right(srz2461867653)
neg, 0.20238779867379567, right(srz24618678499)
neg, 0.23411182129462718, right(srz246186711114)
neg, 0.12688632616944576, right(srz24618678586)
neg, 0.20238779867379567, right(srz246186716793)
neg, 0.20238779867379567, right(srz24618673728)
neg, 0.16534236174919958, right(srz24618671707)
neg, 0.18333193000285317, right(srz246186711571)
neg, 0.12688632616944576, right(srz246186714970)
neg, 0.16534236174919958, right(srz24618671722)
neg, 0.12688632616944576, right(srz24618671868)
neg, 0.1307626901162914, right(srz246186715640)
neg, 0.12688632616944576, right(srz24618672194)
neg, 0.12688632616944576, right(srz24618672238)
neg, 0.12688632616944576, right(srz246186710101)
neg, 0.12688632616944576, right(srz24618678985)
neg, 0.20238779867379567, right(srz24618676945)
neg, 0.12688632616944576, right(srz246186712107)
neg, 0.13264769949256902, right(srz246186710742)
neg, 0.20238779867379567, right(srz246186712722)
neg, 0.16534236174919958, right(srz24618675791)
neg, 0.20238779867379567, right(srz246186712628)
neg, 0.16534236174919958, right(srz2461867716)
neg, 0.12688632616944576, right(srz24618672738)
neg, 0.12688632616944576, right(srz24618674451)
neg, 0.12688632616944576, right(srz246186716354)
neg, 0.20238779867379567, right(srz24618676742)
neg, 0.13264769949256902, right(srz24618675737)
neg, 0.12688632616944576, right(srz246186716390)
neg, 0.16534236174919958, right(srz24618672370)
neg, 0.13264769949256902, right(srz246186713265)
neg, 0.12688632616944576, right(srz246186714848)
neg, 0.12688632616944576, right(srz24618674234)
neg, 0.22335882248171707, right(srz246186716610)
neg, 0.16534236174919958, right(srz24618672387)
neg, 0.20238779867379567, right(srz24618673288)
neg, 0.23411182129462718, right(srz2461867305)
neg, 0.12688632616944576, right(srz24618671211)
neg, 0.12688632616944576, right(srz24618679483)
neg, 0.12688632616944576, right(srz24618672618)
neg, 0.1307626901162914, right(srz246186714764)
neg, 0.12688632616944576, right(srz24618671409)
neg, 0.16534236174919958, right(srz24618671710)
neg, 0.12688632616944576, right(srz24618674684)
neg, 0.16534236174919958, right(srz246186713184)
neg, 0.1307626901162914, right(srz246186714796)
neg, 0.16534236174919958, right(srz246186710599)
neg, 0.12688632616944576, right(srz24618671381)
neg, 0.12688632616944576, right(srz24618675638)
neg, 0.12688632616944576, right(srz24618676808)
neg, 0.12688632616944576, right(srz246186716126)
neg, 0.12688632616944576, right(srz246186711972)
neg, 0.23411182129462718, right(srz24618678128)
neg, 0.12688632616944576, right(srz24618671607)
neg, 0.12688632616944576, right(srz24618671661)
neg, 0.12688632616944576, right(srz246186716096)
neg, 0.12688632616944576, right(srz24618676241)
neg, 0.23411182129462718, right(srz24618678641)
neg, 0.20238779867379567, right(srz246186715051)
neg, 0.23411182129462718, right(srz246186713891)
neg, 0.12688632616944576, right(srz24618678691)
neg, 0.12688632616944576, right(srz24618671963)
neg, 0.12688632616944576, right(srz24618676275)
neg, 0.1307626901162914, right(srz24618678084)
neg, 0.13264769949256902, right(srz24618679412)
neg, 0.13264769949256902, right(srz24618675983)
neg, 0.12688632616944576, right(srz24618671444)
neg, 0.12688632616944576, right(srz24618674608)
neg, 0.12688632616944576, right(srz246186710167)
neg, 0.22335882248171707, right(srz24618678559)
neg, 0.12688632616944576, right(srz24618675423)
neg, 0.16534236174919958, right(srz24618675292)
neg, 0.12688632616944576, right(srz24618677014)
neg, 0.12688632616944576, right(srz246186715367)
neg, 0.12688632616944576, right(srz24618673579)
neg, 0.12688632616944576, right(srz24618674484)
neg, 0.12688632616944576, right(srz24618677521)
neg, 0.12688632616944576, right(srz24618671322)
neg, 0.12688632616944576, right(srz24618679528)
neg, 0.16534236174919958, right(srz246186716535)
neg, 0.12688632616944576, right(srz246186711913)
neg, 0.20238779867379567, right(srz246186715287)
neg, 0.20238779867379567, right(srz24618672413)
neg, 0.12688632616944576, right(srz24618671108)
neg, 0.12688632616944576, right(srz246186714960)
neg, 0.20238779867379567, right(srz24618678116)
neg, 0.12688632616944576, right(srz24618677449)
neg, 0.16534236174919958, right(srz246186716404)
neg, 0.12688632616944576, right(srz24618677797)
neg, 0.23411182129462718, right(srz24618673729)
neg, 0.16534236174919958, right(srz2461867322)
neg, 0.12688632616944576, right(srz2461867672)
neg, 0.20238779867379567, right(srz24618676891)
neg, 0.12688632616944576, right(srz24618679687)
neg, 0.18333193000285317, right(srz246186711557)
neg, 0.13264769949256902, right(srz246186710743)
neg, 0.16534236174919958, right(srz246186714225)
neg, 0.12688632616944576, right(srz24618678281)
neg, 0.12688632616944576, right(srz24618679149)
neg, 0.20238779867379567, right(srz24618673202)
neg, 0.12688632616944576, right(srz246186711970)
neg, 0.12688632616944576, right(srz24618672779)
neg, 0.2516790776782916, right(srz246186714595)
neg, 0.12688632616944576, right(srz24618674337)
neg, 0.16534236174919958, right(srz246186716519)
neg, 0.1254446385283914, right(srz246186713078)
neg, 0.12688632616944576, right(srz24618675346)
neg, 0.12688632616944576, right(srz24618678608)
neg, 0.12688632616944576, right(srz246186712080)
neg, 0.12688632616944576, right(srz24618677498)
neg, 0.12688632616944576, right(srz24618678665)
neg, 0.12688632616944576, right(srz246186712700)
neg, 0.1254446385283914, right(srz246186713222)
neg, 0.12688632616944576, right(srz24618676794)
neg, 0.12688632616944576, right(srz24618671967)
neg, 0.1307626901162914, right(srz246186715655)
neg, 0.12688632616944576, right(srz24618671666)
neg, 0.12688632616944576, right(srz24618674119)
neg, 0.12688632616944576, right(srz246186714863)
neg, 0.16534236174919958, right(srz24618675266)
neg, 0.12688632616944576, right(srz246186717163)
neg, 0.12688632616944576, right(srz24618673619)
neg, 0.16534236174919958, right(srz24618675837)
neg, 0.12688632616944576, right(srz24618672436)
neg, 0.12688632616944576, right(srz246186716196)
neg, 0.20238779867379567, right(srz24618676899)
neg, 0.20238779867379567, right(srz24618674743)
neg, 0.12688632616944576, right(srz24618675348)
neg, 0.12688632616944576, right(srz24618677374)
neg, 0.12688632616944576, right(srz246186716083)
neg, 0.16534236174919958, right(srz24618675278)
neg, 0.1254446385283914, right(srz2461867917)
neg, 0.20238779867379567, right(srz24618678520)
neg, 0.12688632616944576, right(srz24618676204)
neg, 0.1254446385283914, right(srz2461867908)
neg, 0.12688632616944576, right(srz24618676113)
neg, 0.12688632616944576, right(srz24618679641)
neg, 0.12688632616944576, right(srz24618679620)
neg, 0.12688632616944576, right(srz246186717105)
neg, 0.12688632616944576, right(srz24618675149)
neg, 0.12688632616944576, right(srz24618676624)
neg, 0.270952319943303, right(srz24618671507)
neg, 0.12688632616944576, right(srz24618674297)
neg, 0.12688632616944576, right(srz2461867638)
neg, 0.12688632616944576, right(srz246186715069)
neg, 0.12688632616944576, right(srz24618672233)
neg, 0.270952319943303, right(srz246186710939)
neg, 0.12688632616944576, right(srz24618672477)
neg, 0.12688632616944576, right(srz246186710422)
neg, 0.12688632616944576, right(srz24618674847)
neg, 0.270952319943303, right(srz24618672134)
neg, 0.18333193000285317, right(srz24618679598)
neg, 0.12688632616944576, right(srz24618674999)
neg, 0.2516790776782916, right(srz2461867202)
neg, 0.12688632616944576, right(srz24618677477)
neg, 0.12688632616944576, right(srz2461867516)
neg, 0.12688632616944576, right(srz24618673568)
neg, 0.270952319943303, right(srz24618675293)
neg, 0.12688632616944576, right(srz24618676414)
neg, 0.270952319943303, right(srz246186710960)
neg, 0.13264769949256902, right(srz24618675984)
neg, 0.12688632616944576, right(srz24618673540)
neg, 0.12688632616944576, right(srz24618674986)
neg, 0.12688632616944576, right(srz24618676518)
neg, 0.16534236174919958, right(srz24618679308)
neg, 0.12688632616944576, right(srz24618674196)
neg, 0.16534236174919958, right(srz24618672364)
neg, 0.1307626901162914, right(srz246186714174)
neg, 0.12688632616944576, right(srz24618672992)
neg, 0.20238779867379567, right(srz246186711004)
neg, 0.12688632616944576, right(srz246186717080)
neg, 0.12688632616944576, right(srz246186711682)
neg, 0.12688632616944576, right(srz2461867557)
neg, 0.12688632616944576, right(srz246186711851)
neg, 0.1307626901162914, right(srz246186716895)
neg, 0.12688632616944576, right(srz24618671028)
neg, 0.1254446385283914, right(srz246186713079)
neg, 0.20238779867379567, right(srz24618679912)
neg, 0.12688632616944576, right(srz246186713401)
neg, 0.12688632616944576, right(srz24618671367)
neg, 0.12688632616944576, right(srz246186710384)
neg, 0.13264769949256902, right(srz2461867123)
neg, 0.12688632616944576, right(srz24618674871)
neg, 0.1307626901162914, right(srz24618676589)
neg, 0.12688632616944576, right(srz246186716686)
neg, 0.12688632616944576, right(srz246186715616)
neg, 0.12688632616944576, right(srz24618672468)
neg, 0.12688632616944576, right(srz246186712702)
neg, 0.16534236174919958, right(srz246186710585)
neg, 0.12688632616944576, right(srz24618676522)
neg, 0.18333193000285317, right(srz246186711606)
neg, 0.12688632616944576, right(srz24618671086)
neg, 0.12688632616944576, right(srz24618673807)
neg, 0.12688632616944576, right(srz24618679654)
neg, 0.12688632616944576, right(srz246186712661)
neg, 0.20238779867379567, right(srz246186715417)
neg, 0.20238779867379567, right(srz24618673294)
neg, 0.12688632616944576, right(srz24618673940)
neg, 0.20238779867379567, right(srz24618677852)
neg, 0.16534236174919958, right(srz24618672290)
neg, 0.12688632616944576, right(srz2461867532)
neg, 0.12688632616944576, right(srz246186715178)
neg, 0.23411182129462718, right(srz24618673471)
neg, 0.20238779867379567, right(srz24618676895)
neg, 0.12688632616944576, right(srz246186712267)
neg, 0.12688632616944576, right(srz2461867233)
neg, 0.12688632616944576, right(srz24618674453)
neg, 0.12688632616944576, right(srz246186715572)
neg, 0.12688632616944576, right(srz246186711852)
neg, 0.12688632616944576, right(srz246186710352)
neg, 0.1254446385283914, right(srz246186710554)
neg, 0.16534236174919958, right(srz24618675137)
neg, 0.12688632616944576, right(srz24618674801)
neg, 0.12688632616944576, right(srz246186710333)
neg, 0.20238779867379567, right(srz24618678502)
neg, 0.12688632616944576, right(srz24618672947)
neg, 0.12688632616944576, right(srz246186710110)
neg, 0.12688632616944576, right(srz24618673164)
neg, 0.12688632616944576, right(srz246186714091)
neg, 0.1307626901162914, right(srz24618678082)
neg, 0.12688632616944576, right(srz24618672915)
neg, 0.12688632616944576, right(srz24618673661)
neg, 0.12688632616944576, right(srz246186712967)
neg, 0.12688632616944576, right(srz24618679529)
neg, 0.12688632616944576, right(srz24618676526)
neg, 0.18333193000285317, right(srz246186711566)
neg, 0.13264769949256902, right(srz24618675877)
neg, 0.12688632616944576, right(srz246186710127)
neg, 0.12688632616944576, right(srz24618677547)
neg, 0.1307626901162914, right(srz246186714661)
neg, 0.12688632616944576, right(srz246186713029)
neg, 0.12688632616944576, right(srz24618679684)
neg, 0.13264769949256902, right(srz24618675970)
neg, 0.12688632616944576, right(srz24618676221)
neg, 0.1307626901162914, right(srz246186710032)
neg, 0.12688632616944576, right(srz246186715062)
neg, 0.12688632616944576, right(srz246186715186)
neg, 0.12688632616944576, right(srz246186715347)
neg, 0.12688632616944576, right(srz24618678369)
neg, 0.12688632616944576, right(srz24618675451)
neg, 0.12688632616944576, right(srz24618679832)
neg, 0.12688632616944576, right(srz24618671098)
neg, 0.12688632616944576, right(srz24618678941)
neg, 0.12688632616944576, right(srz246186711958)
neg, 0.12688632616944576, right(srz246186711867)
neg, 0.12688632616944576, right(srz2461867370)
neg, 0.12688632616944576, right(srz24618677504)
neg, 0.12688632616944576, right(srz246186715588)
neg, 0.12688632616944576, right(srz2461867227)
neg, 0.12688632616944576, right(srz246186716119)
neg, 0.12688632616944576, right(srz246186714903)
neg, 0.1307626901162914, right(srz246186712707)
neg, 0.12688632616944576, right(srz246186712386)
neg, 0.12688632616944576, right(srz24618672678)
neg, 0.20238779867379567, right(srz246186713555)
neg, 0.12688632616944576, right(srz246186710824)
neg, 0.12688632616944576, right(srz24618676205)
neg, 0.16534236174919958, right(srz24618672337)
neg, 0.12688632616944576, right(srz246186716815)
neg, 0.20238779867379567, right(srz246186710257)
neg, 0.12688632616944576, right(srz246186717170)
neg, 0.12688632616944576, right(srz24618674385)
neg, 0.12688632616944576, right(srz24618672904)
neg, 0.12688632616944576, right(srz246186717007)
neg, 0.12688632616944576, right(srz246186713667)
neg, 0.13264769949256902, right(srz24618675856)
neg, 0.12688632616944576, right(srz246186716700)
neg, 0.12688632616944576, right(srz246186712260)
neg, 0.23411182129462718, right(srz24618673898)
neg, 0.12688632616944576, right(srz246186710837)
neg, 0.16534236174919958, right(srz24618672570)
neg, 0.12688632616944576, right(srz24618677457)
neg, 0.12688632616944576, right(srz24618674186)
neg, 0.2516790776782916, right(srz246186713224)
neg, 0.12688632616944576, right(srz2461867884)
neg, 0.12688632616944576, right(srz24618672217)
neg, 0.1307626901162914, right(srz246186714651)
neg, 0.270952319943303, right(srz246186711416)
neg, 0.13264769949256902, right(srz246186782)
neg, 0.12688632616944576, right(srz24618676067)
neg, 0.12688632616944576, right(srz246186715991)
neg, 0.12688632616944576, right(srz24618672892)
neg, 0.1254446385283914, right(srz2461867901)
neg, 0.20238779867379567, right(srz24618675118)
neg, 0.12688632616944576, right(srz24618674275)
neg, 0.12688632616944576, right(srz246186712083)
neg, 0.12688632616944576, right(srz24618671487)
neg, 0.12688632616944576, right(srz246186711170)
neg, 0.12688632616944576, right(srz246186716045)
neg, 0.16534236174919958, right(srz246186716402)
neg, 0.12688632616944576, right(srz246186715308)
neg, 0.12688632616944576, right(srz246186715164)
neg, 0.12688632616944576, right(srz24618678001)
neg, 0.13264769949256902, right(srz246186749)
neg, 0.270952319943303, right(srz24618678114)
neg, 0.16534236174919958, right(srz246186710604)
neg, 0.12688632616944576, right(srz24618677310)
neg, 0.12688632616944576, right(srz246186712907)
neg, 0.12688632616944576, right(srz246186714922)
neg, 0.12688632616944576, right(srz24618677122)
neg, 0.12688632616944576, right(srz24618672884)
neg, 0.12688632616944576, right(srz24618671274)
neg, 0.12688632616944576, right(srz24618677887)
neg, 0.12688632616944576, right(srz24618675424)
neg, 0.13264769949256902, right(srz24618675855)
neg, 0.12688632616944576, right(srz24618674442)
neg, 0.12544463852839138, right(srz246186712442)
neg, 0.16534236174919958, right(srz24618676352)
neg, 0.18333193000285317, right(srz246186711607)
neg, 0.12688632616944576, right(srz24618672955)
neg, 0.12688632616944576, right(srz246186711185)
neg, 0.12688632616944576, right(srz24618677406)
neg, 0.13264769949256902, right(srz246186710813)
neg, 0.12688632616944576, right(srz24618672666)
neg, 0.12688632616944576, right(srz24618672774)
neg, 0.20238779867379567, right(srz24618679892)
neg, 0.1307626901162914, right(srz246186713777)
neg, 0.12688632616944576, right(srz24618674332)
neg, 0.12688632616944576, right(srz24618679953)
neg, 0.12688632616944576, right(srz24618675522)
neg, 0.1307626901162914, right(srz246186715865)
neg, 0.16534236174919958, right(srz24618672371)
neg, 0.13264769949256902, right(srz24618675882)
neg, 0.12688632616944576, right(srz24618674397)
neg, 0.13264769949256902, right(srz246186713355)
neg, 0.12688632616944576, right(srz246186715943)
neg, 0.16534236174919958, right(srz24618672325)
neg, 0.12688632616944576, right(srz24618673100)
neg, 0.1307626901162914, right(srz24618678830)
neg, 0.12688632616944576, right(srz246186717104)
neg, 0.12688632616944576, right(srz2461867549)
neg, 0.12688632616944576, right(srz246186715874)
neg, 0.1332081935458371, right(srz24618677984)
neg, 0.16534236174919958, right(srz24618676342)
neg, 0.12688632616944576, right(srz2461867675)
neg, 0.12688632616944576, right(srz246186714977)
neg, 0.12688632616944576, right(srz246186714868)
neg, 0.13264769949256902, right(srz24618675704)
neg, 0.12688632616944576, right(srz24618671228)
neg, 0.12688632616944576, right(srz246186712379)
neg, 0.12688632616944576, right(srz246186713021)
neg, 0.12688632616944576, right(srz24618671957)
neg, 0.270952319943303, right(srz246186710949)
neg, 0.12688632616944576, right(srz24618679961)
neg, 0.12688632616944576, right(srz24618674132)
neg, 0.12688632616944576, right(srz24618676976)
neg, 0.12688632616944576, right(srz246186712808)
neg, 0.12688632616944576, right(srz246186715587)
neg, 0.16534236174919958, right(srz24618673878)
neg, 0.12688632616944576, right(srz246186710843)
neg, 0.1254446385283914, right(srz2461867904)
neg, 0.12688632616944576, right(srz24618672663)
neg, 0.20238779867379567, right(srz246186712638)
neg, 0.12688632616944576, right(srz246186714965)
neg, 0.12688632616944576, right(srz246186714484)
neg, 0.1254446385283914, right(srz246186710549)
neg, 0.12688632616944576, right(srz24618676119)
neg, 0.12688632616944576, right(srz24618675501)
neg, 0.13264769949256902, right(srz246186766)
neg, 0.1254446385283914, right(srz246186710543)
neg, 0.16534236174919958, right(srz24618678425)
neg, 0.12688632616944576, right(srz246186715597)
neg, 0.12688632616944576, right(srz24618672178)
neg, 0.12688632616944576, right(srz24618672006)
neg, 0.12688632616944576, right(srz2461867374)
neg, 0.12544463852839138, right(srz24618676008)
neg, 0.12688632616944576, right(srz24618671883)
neg, 0.12688632616944576, right(srz246186716183)
neg, 0.1307626901162914, right(srz246186715868)
neg, 0.12688632616944576, right(srz24618675337)
neg, 0.12688632616944576, right(srz24618671249)
neg, 0.22335882248171707, right(srz24618679827)
neg, 0.12688632616944576, right(srz24618673724)
neg, 0.13264769949256902, right(srz24618679342)
neg, 0.12688632616944576, right(srz24618679065)
neg, 0.20238779867379567, right(srz24618675112)
neg, 0.12688632616944576, right(srz24618673411)
neg, 0.20238779867379567, right(srz246186712834)
neg, 0.12688632616944576, right(srz24618677768)
neg, 0.16534236174919958, right(srz2461867318)
neg, 0.12688632616944576, right(srz246186716184)
neg, 0.12688632616944576, right(srz24618679609)
neg, 0.12688632616944576, right(srz24618674859)
neg, 0.1307626901162914, right(srz246186715857)
neg, 0.12688632616944576, right(srz246186711193)
neg, 0.12688632616944576, right(srz246186711948)
neg, 0.12688632616944576, right(srz24618678031)
neg, 0.12688632616944576, right(srz24618672778)
neg, 0.20238779867379567, right(srz246186710096)
neg, 0.12688632616944576, right(srz24618672967)
neg, 0.23411182129462718, right(srz246186711498)
neg, 0.13264769949256902, right(srz24618675728)
neg, 0.23411182129462718, right(srz2461867340)
neg, 0.16534236174919958, right(srz24618675815)
neg, 0.12688632616944576, right(srz24618677544)
neg, 0.12688632616944576, right(srz24618673499)
neg, 0.12688632616944576, right(srz24618674357)
neg, 0.12688632616944576, right(srz246186714149)
neg, 0.12688632616944576, right(srz24618671379)
neg, 0.16534236174919958, right(srz246186716536)
neg, 0.20238779867379567, right(srz246186713870)
neg, 0.1307626901162914, right(srz246186710001)
neg, 0.12688632616944576, right(srz246186711781)
neg, 0.12688632616944576, right(srz246186714999)
neg, 0.12688632616944576, right(srz24618674016)
neg, 0.1332081935458371, right(srz24618674637)
neg, 0.12688632616944576, right(srz24618677458)
neg, 0.12688632616944576, right(srz246186716834)
neg, 0.12688632616944576, right(srz246186716850)
neg, 0.23411182129462718, right(srz24618673766)
neg, 0.12688632616944576, right(srz24618674946)
neg, 0.12688632616944576, right(srz24618671186)
neg, 0.12688632616944576, right(srz24618678884)
neg, 0.16534236174919958, right(srz246186716409)
neg, 0.12688632616944576, right(srz24618673545)
neg, 0.20238779867379567, right(srz24618674932)
neg, 0.12688632616944576, right(srz24618674607)
neg, 0.12688632616944576, right(srz24618673931)
neg, 0.23411182129462718, right(srz2461867760)
neg, 0.13264769949256902, right(srz2461867119)
neg, 0.12688632616944576, right(srz24618672176)
neg, 0.12688632616944576, right(srz24618675150)
neg, 0.1254446385283914, right(srz246186713093)
neg, 0.270952319943303, right(srz24618678112)
neg, 0.12688632616944576, right(srz24618677774)
neg, 0.12688632616944576, right(srz246186714874)
neg, 0.12688632616944576, right(srz246186712114)
neg, 0.12688632616944576, right(srz246186713649)
neg, 0.13264769949256902, right(srz24618675874)
neg, 0.13264769949256902, right(srz246186713262)
neg, 0.12688632616944576, right(srz24618677405)
neg, 0.13264769949256902, right(srz24618679381)
neg, 0.12688632616944576, right(srz246186710312)
neg, 0.12688632616944576, right(srz24618675634)
neg, 0.20238779867379567, right(srz24618678497)
neg, 0.22335882248171707, right(srz24618674762)
neg, 0.12688632616944576, right(srz24618676425)
neg, 0.12688632616944576, right(srz246186715078)
neg, 0.12688632616944576, right(srz246186712478)
neg, 0.12544463852839138, right(srz246186715809)
neg, 0.12688632616944576, right(srz24618676122)
neg, 0.12688632616944576, right(srz24618676517)
neg, 0.12688632616944576, right(srz24618671243)
neg, 0.13264769949256902, right(srz246186788)
neg, 0.23411182129462718, right(srz24618678644)
neg, 0.23411182129462718, right(srz24618673711)
neg, 0.12688632616944576, right(srz246186711177)
neg, 0.16534236174919958, right(srz2461867429)
neg, 0.12688632616944576, right(srz24618673649)
neg, 0.16534236174919958, right(srz246186714294)
neg, 0.18333193000285317, right(srz24618679032)
neg, 0.12688632616944576, right(srz246186711906)
neg, 0.12688632616944576, right(srz24618677146)
neg, 0.20238779867379567, right(srz24618672403)
neg, 0.12688632616944576, right(srz246186717139)
neg, 0.12688632616944576, right(srz24618677351)
neg, 0.20238779867379567, right(srz24618678487)
neg, 0.12688632616944576, right(srz24618671110)
neg, 0.12688632616944576, right(srz246186716670)
neg, 0.12688632616944576, right(srz24618674250)
neg, 0.12688632616944576, right(srz24618672613)
neg, 0.13264769949256902, right(srz246186713281)
neg, 0.13264769949256902, right(srz24618675945)
neg, 0.12688632616944576, right(srz24618671365)
neg, 0.16534236174919958, right(srz246186711461)
neg, 0.12688632616944576, right(srz24618677662)
neg, 0.12688632616944576, right(srz24618672196)
neg, 0.12688632616944576, right(srz246186710859)
neg, 0.12688632616944576, right(srz24618677454)
neg, 0.12688632616944576, right(srz24618676813)
neg, 0.16534236174919958, right(srz24618675801)
neg, 0.18333193000285317, right(srz24618675666)
neg, 0.13264769949256902, right(srz24618675928)
neg, 0.16534236174919958, right(srz246186710631)
neg, 0.1332081935458371, right(srz24618671597)
neg, 0.1307626901162914, right(srz246186714724)
neg, 0.12688632616944576, right(srz246186714467)
neg, 0.13264769949256902, right(srz24618679220)
neg, 0.1307626901162914, right(srz246186714746)
neg, 0.12688632616944576, right(srz24618676800)
neg, 0.16534236174919958, right(srz2461867719)
neg, 0.12688632616944576, right(srz24618677474)
neg, 0.1307626901162914, right(srz24618676554)
neg, 0.12688632616944576, right(srz24618678052)
neg, 0.12688632616944576, right(srz246186716199)
neg, 0.13264769949256902, right(srz24618675912)
neg, 0.12688632616944576, right(srz24618678468)
neg, 0.12688632616944576, right(srz24618679526)
neg, 0.1254446385283914, right(srz246186710496)
neg, 0.13264769949256902, right(srz24618675692)
neg, 0.13264769949256902, right(srz24618675860)
neg, 0.12688632616944576, right(srz24618671983)
neg, 0.12688632616944576, right(srz24618677320)
neg, 0.12688632616944576, right(srz24618671153)
neg, 0.16534236174919958, right(srz246186713149)
neg, 0.12688632616944576, right(srz24618677585)
neg, 0.12688632616944576, right(srz246186712922)
neg, 0.12688632616944576, right(srz24618672657)
neg, 0.12688632616944576, right(srz246186714266)
neg, 0.23411182129462718, right(srz24618673721)
neg, 0.12688632616944576, right(srz24618671184)
neg, 0.16534236174919958, right(srz246186713130)
neg, 0.12688632616944576, right(srz2461867446)
neg, 0.16534236174919958, right(srz246186710642)
neg, 0.12688632616944576, right(srz24618676521)
neg, 0.12688632616944576, right(srz24618679956)
neg, 0.12688632616944576, right(srz24618679520)
neg, 0.12688632616944576, right(srz24618673635)
neg, 0.12688632616944576, right(srz24618672465)
neg, 0.12688632616944576, right(srz246186715613)
neg, 0.12688632616944576, right(srz246186710313)
neg, 0.20238779867379567, right(srz246186716789)
neg, 0.16534236174919958, right(srz2461867211)
neg, 0.13264769949256902, right(srz24618679345)
neg, 0.12688632616944576, right(srz24618674128)
neg, 0.12688632616944576, right(srz246186712071)
neg, 0.13264769949256902, right(srz246186713277)
neg, 0.12688632616944576, right(srz246186716688)
neg, 0.12688632616944576, right(srz2461867561)
neg, 0.13264769949256902, right(srz24618675977)
neg, 0.270952319943303, right(srz2461867778)
neg, 0.12688632616944576, right(srz24618678333)
neg, 0.13264769949256902, right(srz246186710683)
neg, 0.12688632616944576, right(srz24618671994)
neg, 0.2516790776782916, right(srz246186714588)
neg, 0.16534236174919958, right(srz246186716443)
neg, 0.12688632616944576, right(srz24618672502)
neg, 0.20238779867379567, right(srz246186711160)
neg, 0.18333193000285317, right(srz246186711559)
neg, 0.12688632616944576, right(srz24618673806)
neg, 0.12688632616944576, right(srz24618677366)
neg, 0.20238779867379567, right(srz246186712727)
neg, 0.13264769949256902, right(srz24618679354)
neg, 0.13264769949256902, right(srz246186713304)
neg, 0.1254446385283914, right(srz246186710506)
neg, 0.12688632616944576, right(srz24618679753)
neg, 0.12688632616944576, right(srz246186712387)
neg, 0.13264769949256902, right(srz24618679219)
neg, 0.16534236174919958, right(srz24618675779)
neg, 0.12688632616944576, right(srz24618677556)
neg, 0.12688632616944576, right(srz246186712649)
neg, 0.16534236174919958, right(srz246186714302)
neg, 0.12688632616944576, right(srz2461867261)
neg, 0.20238779867379567, right(srz246186712860)
neg, 0.1307626901162914, right(srz246186714800)
neg, 0.20238779867379567, right(srz246186713550)
neg, 0.12688632616944576, right(srz24618677748)
neg, 0.1307626901162914, right(srz246186716890)
neg, 0.23411182129462718, right(srz2461867749)
neg, 0.20238779867379567, right(srz24618673476)
neg, 0.12688632616944576, right(srz2461867534)
neg, 0.13264769949256902, right(srz246186713322)
neg, 0.12688632616944576, right(srz24618676089)
neg, 0.12688632616944576, right(srz24618672751)
neg, 0.1254446385283914, right(srz2461867918)
neg, 0.20238779867379567, right(srz24618672410)
neg, 0.12688632616944576, right(srz24618676280)
neg, 0.12688632616944576, right(srz2461867392)
neg, 0.12688632616944576, right(srz246186715188)
neg, 0.13264769949256902, right(srz24618675965)
neg, 0.12688632616944576, right(srz246186711980)
neg, 0.13264769949256902, right(srz24618675950)
neg, 0.12688632616944576, right(srz24618674389)
neg, 0.12688632616944576, right(srz24618677006)
neg, 0.12688632616944576, right(srz246186717035)
neg, 0.12688632616944576, right(srz246186712090)
neg, 0.12688632616944576, right(srz24618671078)
neg, 0.12688632616944576, right(srz24618674836)
neg, 0.16534236174919958, right(srz24618679291)
neg, 0.12688632616944576, right(srz24618671261)
neg, 0.12688632616944576, right(srz246186716646)
neg, 0.12688632616944576, right(srz24618675419)
neg, 0.12688632616944576, right(srz24618679493)
neg, 0.12688632616944576, right(srz246186712385)
neg, 0.12688632616944576, right(srz24618679530)
neg, 0.12688632616944576, right(srz24618671497)
neg, 0.12688632616944576, right(srz246186714451)
neg, 0.16534236174919958, right(srz24618675820)
neg, 0.12688632616944576, right(srz24618676531)
neg, 0.12688632616944576, right(srz24618676798)
neg, 0.20238779867379567, right(srz246186713460)
neg, 0.16534236174919958, right(srz246186716515)
neg, 0.12688632616944576, right(srz24618677576)
neg, 0.12688632616944576, right(srz246186712961)
neg, 0.18333193000285317, right(srz246186711561)
neg, 0.12688632616944576, right(srz24618672726)
neg, 0.18333193000285317, right(srz24618675650)
neg, 0.20238779867379567, right(srz24618673784)
neg, 0.12688632616944576, right(srz24618671063)
neg, 0.12688632616944576, right(srz246186715306)
neg, 0.23411182129462718, right(srz24618676658)
neg, 0.12688632616944576, right(srz246186716231)
neg, 0.13264769949256902, right(srz246186792)
neg, 0.12688632616944576, right(srz24618672430)
neg, 0.12688632616944576, right(srz246186716059)
neg, 0.22335882248171707, right(srz24618679030)
neg, 0.13264769949256902, right(srz246186710684)
neg, 0.13264769949256902, right(srz246186710745)
neg, 0.12688632616944576, right(srz2461867265)
neg, 0.12688632616944576, right(srz246186716016)
neg, 0.12688632616944576, right(srz24618673636)
neg, 0.12688632616944576, right(srz246186711024)
neg, 0.12688632616944576, right(srz24618674468)
neg, 0.12688632616944576, right(srz246186715624)
neg, 0.12688632616944576, right(srz2461867473)
neg, 0.12688632616944576, right(srz24618677553)
neg, 0.13264769949256902, right(srz24618675752)
neg, 0.12688632616944576, right(srz24618676686)
neg, 0.12688632616944576, right(srz24618673929)
neg, 0.16534236174919958, right(srz24618672356)
neg, 0.1307626901162914, right(srz246186714695)
neg, 0.12688632616944576, right(srz24618673694)
neg, 0.23411182129462718, right(srz24618673078)
neg, 0.12688632616944576, right(srz24618672719)
neg, 0.1254446385283914, right(srz246186713209)
neg, 0.23411182129462718, right(srz24618678494)
neg, 0.13264769949256902, right(srz24618679348)
neg, 0.1254446385283914, right(srz246186711518)
neg, 0.12688632616944576, right(srz24618671253)
neg, 0.12688632616944576, right(srz24618674611)
neg, 0.16534236174919958, right(srz24618675793)
neg, 0.13264769949256902, right(srz246186785)
neg, 0.12688632616944576, right(srz24618673434)
neg, 0.12688632616944576, right(srz246186714483)
neg, 0.12688632616944576, right(srz2461867959)
neg, 0.12688632616944576, right(srz24618677548)
neg, 0.12688632616944576, right(srz246186713992)
neg, 0.12688632616944576, right(srz24618677333)
neg, 0.16534236174919958, right(srz246186716435)
neg, 0.23411182129462718, right(srz24618676314)
neg, 0.12688632616944576, right(srz24618677335)
neg, 0.16534236174919958, right(srz246186710589)
neg, 0.12688632616944576, right(srz2461867483)
neg, 0.12688632616944576, right(srz24618674830)
neg, 0.20238779867379567, right(srz24618674498)
neg, 0.12688632616944576, right(srz246186714833)
neg, 0.12688632616944576, right(srz24618674604)
neg, 0.20238779867379567, right(srz24618673278)
neg, 0.12688632616944576, right(srz246186715171)
neg, 0.12688632616944576, right(srz24618676527)
neg, 0.16534236174919958, right(srz2461867613)
neg, 0.13264769949256902, right(srz24618675883)
neg, 0.12688632616944576, right(srz24618677370)
neg, 0.1307626901162914, right(srz246186714701)
neg, 0.12688632616944576, right(srz24618678029)
neg, 0.1307626901162914, right(srz246186715842)
neg, 0.12544463852839138, right(srz246186713366)
neg, 0.20238779867379567, right(srz246186712425)
neg, 0.16534236174919958, right(srz24618676251)
neg, 0.1307626901162914, right(srz246186714752)
neg, 0.12688632616944576, right(srz24618672644)
neg, 0.12688632616944576, right(srz24618674624)
neg, 0.20238779867379567, right(srz24618677110)
neg, 0.12688632616944576, right(srz246186711026)
neg, 0.12688632616944576, right(srz2461867441)
neg, 0.16534236174919958, right(srz2461867428)
neg, 0.12688632616944576, right(srz24618674953)
neg, 0.12688632616944576, right(srz24618672239)
neg, 0.20238779867379567, right(srz24618673296)
neg, 0.12688632616944576, right(srz246186714925)
neg, 0.12688632616944576, right(srz246186712652)
neg, 0.12688632616944576, right(srz24618677898)
neg, 0.20238779867379567, right(srz246186711304)
neg, 0.12688632616944576, right(srz246186716205)
neg, 0.12688632616944576, right(srz24618674798)
neg, 0.23411182129462718, right(srz246186711229)
neg, 0.1307626901162914, right(srz246186714662)
neg, 0.12688632616944576, right(srz24618673616)
neg, 0.12688632616944576, right(srz246186713630)
neg, 0.12688632616944576, right(srz24618679940)
neg, 0.12688632616944576, right(srz24618674386)
neg, 0.12688632616944576, right(srz24618677657)
neg, 0.12688632616944576, right(srz24618671977)
neg, 0.13264769949256902, right(srz246186713349)
neg, 0.12688632616944576, right(srz24618671421)
neg, 0.12688632616944576, right(srz246186715884)
neg, 0.23411182129462718, right(srz24618679904)
neg, 0.20238779867379567, right(srz24618673303)
neg, 0.12688632616944576, right(srz246186714877)
neg, 0.1307626901162914, right(srz246186710400)
neg, 0.13264769949256902, right(srz246186710747)
neg, 0.12688632616944576, right(srz246186715558)
neg, 0.20238779867379567, right(srz24618675117)
neg, 0.16534236174919958, right(srz246186713138)
neg, 0.12688632616944576, right(srz24618677892)
neg, 0.12688632616944576, right(srz24618676244)
neg, 0.23411182129462718, right(srz24618678514)
neg, 0.12688632616944576, right(srz24618677644)
neg, 0.12688632616944576, right(srz24618673436)
neg, 0.16534236174919958, right(srz246186716477)
neg, 0.12688632616944576, right(srz24618677321)
neg, 0.12688632616944576, right(srz246186716138)
neg, 0.12688632616944576, right(srz24618674246)
neg, 0.12688632616944576, right(srz24618674474)
neg, 0.1307626901162914, right(srz24618679971)
neg, 0.12688632616944576, right(srz24618671157)
neg, 0.12544463852839138, right(srz246186711273)
neg, 0.12688632616944576, right(srz246186711725)
neg, 0.20238779867379567, right(srz24618673779)
neg, 0.12688632616944576, right(srz246186716011)
neg, 0.12688632616944576, right(srz246186715342)
neg, 0.23411182129462718, right(srz246186713888)
neg, 0.12688632616944576, right(srz24618672604)
neg, 0.12688632616944576, right(srz2461867250)
neg, 0.12688632616944576, right(srz24618674262)
neg, 0.1307626901162914, right(srz246186710024)
neg, 0.13264769949256902, right(srz24618674014)
neg, 0.12688632616944576, right(srz246186715979)
neg, 0.16534236174919958, right(srz24618672424)
neg, 0.20238779867379567, right(srz24618672408)
neg, 0.1254446385283914, right(srz2461867905)
neg, 0.13264769949256902, right(srz24618675703)
neg, 0.20238779867379567, right(srz24618676948)
neg, 0.12688632616944576, right(srz2461867460)
neg, 0.1307626901162914, right(srz246186710404)
neg, 0.12688632616944576, right(srz24618671258)
neg, 0.12688632616944576, right(srz246186717098)
neg, 0.12688632616944576, right(srz24618679532)
neg, 0.12688632616944576, right(srz24618675214)
neg, 0.16534236174919958, right(srz246186713176)
neg, 0.13264769949256902, right(srz24618675936)
neg, 0.12688632616944576, right(srz24618674204)
neg, 0.12688632616944576, right(srz246186711944)
neg, 0.16534236174919958, right(srz246186716482)
neg, 0.12688632616944576, right(srz2461867254)
neg, 0.12688632616944576, right(srz246186715972)
neg, 0.1332081935458371, right(srz246186716799)
neg, 0.12688632616944576, right(srz24618678944)
neg, 0.12688632616944576, right(srz246186713498)
neg, 0.20238779867379567, right(srz24618673739)
neg, 0.12688632616944576, right(srz24618672926)
neg, 0.12688632616944576, right(srz246186717048)
neg, 0.20238779867379567, right(srz246186710059)
neg, 0.12688632616944576, right(srz2461867461)
neg, 0.16534236174919958, right(srz24618679270)
neg, 0.12688632616944576, right(srz24618678377)
neg, 0.1307626901162914, right(srz246186715659)
neg, 0.12688632616944576, right(srz246186716652)
neg, 0.12688632616944576, right(srz246186716689)
neg, 0.13264769949256902, right(srz246186710776)
neg, 0.20238779867379567, right(srz246186714132)
neg, 0.22335882248171707, right(srz246186712622)
neg, 0.12688632616944576, right(srz24618674454)
neg, 0.12688632616944576, right(srz24618675328)
neg, 0.12688632616944576, right(srz24618671419)
neg, 0.20238779867379567, right(srz246186711099)
neg, 0.12688632616944576, right(srz24618674670)
neg, 0.12688632616944576, right(srz24618674127)
neg, 0.12688632616944576, right(srz24618674806)
neg, 0.12688632616944576, right(srz24618675485)
neg, 0.13264769949256902, right(srz24618679329)
neg, 0.12688632616944576, right(srz24618674437)
neg, 0.12688632616944576, right(srz246186712042)
neg, 0.20238779867379567, right(srz246186715249)
neg, 0.23411182129462718, right(srz24618679877)
neg, 0.12688632616944576, right(srz24618672764)
neg, 0.12688632616944576, right(srz246186712078)
neg, 0.12688632616944576, right(srz24618674768)
neg, 0.12688632616944576, right(srz24618674112)
neg, 0.12688632616944576, right(srz246186717052)
neg, 0.1254446385283914, right(srz24618672623)
neg, 0.12688632616944576, right(srz24618677625)
neg, 0.16534236174919958, right(srz246186715469)
neg, 0.12688632616944576, right(srz24618677318)
neg, 0.1332081935458371, right(srz24618676497)
neg, 0.12688632616944576, right(srz24618674100)
neg, 0.12688632616944576, right(srz246186712981)
neg, 0.12688632616944576, right(srz246186713728)
neg, 0.23411182129462718, right(srz24618673458)
neg, 0.12688632616944576, right(srz24618671310)
neg, 0.20238779867379567, right(srz24618678139)
neg, 0.12688632616944576, right(srz24618674021)
neg, 0.20238779867379567, right(srz24618674634)
neg, 0.12688632616944576, right(srz24618671291)
neg, 0.16534236174919958, right(srz24618679246)
neg, 0.20238779867379567, right(srz24618679913)
neg, 0.12688632616944576, right(srz24618672832)
neg, 0.12688632616944576, right(srz246186716640)
neg, 0.16534236174919958, right(srz24618679240)
neg, 0.12688632616944576, right(srz246186713954)
neg, 0.12688632616944576, right(srz24618677559)
neg, 0.12688632616944576, right(srz246186715954)
neg, 0.12688632616944576, right(srz2461867956)
neg, 0.16534236174919958, right(srz246186713819)
neg, 0.20238779867379567, right(srz246186716740)
neg, 0.23411182129462718, right(srz24618673712)
neg, 0.12688632616944576, right(srz246186711668)
neg, 0.12688632616944576, right(srz246186712087)
neg, 0.20238779867379567, right(srz24618673229)
neg, 0.12688632616944576, right(srz24618674360)
neg, 0.12688632616944576, right(srz24618672766)
neg, 0.12688632616944576, right(srz24618671871)
neg, 0.12688632616944576, right(srz24618677294)
neg, 0.12688632616944576, right(srz246186714819)
neg, 0.12688632616944576, right(srz246186716163)
neg, 0.16534236174919958, right(srz246186716469)
neg, 0.16534236174919958, right(srz24618676404)
neg, 0.12688632616944576, right(srz246186716244)
neg, 0.18333193000285317, right(srz24618675590)
neg, 0.12688632616944576, right(srz24618677787)
neg, 0.12688632616944576, right(srz24618677618)
neg, 0.12688632616944576, right(srz24618677277)
neg, 0.16534236174919958, right(srz24618675280)
neg, 0.20238779867379567, right(srz24618674631)
neg, 0.12688632616944576, right(srz24618678677)
neg, 0.12688632616944576, right(srz246186715185)
neg, 0.1307626901162914, right(srz246186714772)
neg, 0.12688632616944576, right(srz246186716027)
neg, 0.12688632616944576, right(srz24618672877)
neg, 0.13264769949256902, right(srz246186710482)
neg, 0.12688632616944576, right(srz24618672686)
neg, 0.12688632616944576, right(srz24618671610)
neg, 0.12688632616944576, right(srz24618674810)
neg, 0.16534236174919958, right(srz246186710616)
neg, 0.12688632616944576, right(srz24618679554)
neg, 0.2516790776782916, right(srz24618676004)
neg, 0.12688632616944576, right(srz24618677439)
neg, 0.12688632616944576, right(srz24618676693)
neg, 0.12688632616944576, right(srz24618671331)
neg, 0.12688632616944576, right(srz24618674181)
neg, 0.12688632616944576, right(srz24618679962)
neg, 0.1332081935458371, right(srz24618674584)
neg, 0.1307626901162914, right(srz246186714674)
neg, 0.12688632616944576, right(srz24618675626)
neg, 0.22335882248171707, right(srz246186712225)
neg, 0.13264769949256902, right(srz24618679377)
neg, 0.12688632616944576, right(srz24618672010)
neg, 0.20238779867379567, right(srz246186710069)
neg, 0.13264769949256902, right(srz24618675909)
neg, 0.12688632616944576, right(srz2461867258)
neg, 0.2393699610524666, right(srz24618679164)
neg, 0.1307626901162914, right(srz24618675047)
neg, 0.1307626901162914, right(srz246186710416)
neg, 0.16534236174919958, right(srz24618675803)
neg, 0.1307626901162914, right(srz246186714153)
neg, 0.12688632616944576, right(srz2461867690)
neg, 0.13264769949256902, right(srz24618675944)
neg, 0.1254446385283914, right(srz246186710557)
neg, 0.12688632616944576, right(srz24618676513)
neg, 0.13264769949256902, right(srz24618675935)
neg, 0.12688632616944576, right(srz24618673106)
neg, 0.20238779867379567, right(srz24618673733)
neg, 0.270952319943303, right(srz24618671510)
neg, 0.20238779867379567, right(srz24618673283)
neg, 0.12688632616944576, right(srz246186712799)
neg, 0.16534236174919958, right(srz2461867344)
neg, 0.12688632616944576, right(srz246186713018)
neg, 0.12688632616944576, right(srz2461867257)
neg, 0.16534236174919958, right(srz246186715489)
neg, 0.20238779867379567, right(srz24618676901)
neg, 0.13264769949256902, right(srz24618675971)
neg, 0.12688632616944576, right(srz24618679752)
neg, 0.12688632616944576, right(srz246186714830)
neg, 0.13264769949256902, right(srz24618675733)
neg, 0.1307626901162914, right(srz246186710407)
neg, 0.12688632616944576, right(srz24618676025)
neg, 0.23411182129462718, right(srz24618673267)
neg, 0.12688632616944576, right(srz24618672831)
neg, 0.12688632616944576, right(srz246186715065)
neg, 0.13264769949256902, right(srz246186710705)
neg, 0.12688632616944576, right(srz24618671216)
neg, 0.12688632616944576, right(srz24618673166)
neg, 0.12688632616944576, right(srz24618674102)
neg, 0.12688632616944576, right(srz246186711945)
neg, 0.1254446385283914, right(srz246186710668)
neg, 0.13264769949256902, right(srz246186713334)
neg, 0.12688632616944576, right(srz24618672858)
neg, 0.12688632616944576, right(srz246186715797)
neg, 0.12688632616944576, right(srz24618676026)
neg, 0.13264769949256902, right(srz24618679427)
neg, 0.12688632616944576, right(srz24618671452)
neg, 0.20238779867379567, right(srz24618678038)
neg, 0.12688632616944576, right(srz246186712113)
neg, 0.16534236174919958, right(srz24618676193)
neg, 0.12688632616944576, right(srz24618673829)
neg, 0.12688632616944576, right(srz24618677009)
neg, 0.12688632616944576, right(srz246186716118)
neg, 0.12688632616944576, right(srz24618679837)
neg, 0.13264769949256902, right(srz24618675753)
neg, 0.12688632616944576, right(srz24618678974)
neg, 0.1254446385283914, right(srz246186710505)
neg, 0.16534236174919958, right(srz246186717184)
neg, 0.16534236174919958, right(srz24618673094)
neg, 0.1307626901162914, right(srz24618676541)
neg, 0.23411182129462718, right(srz24618673710)
neg, 0.12688632616944576, right(srz24618671389)
neg, 0.12688632616944576, right(srz246186716315)
neg, 0.12688632616944576, right(srz24618675415)
neg, 0.12688632616944576, right(srz246186712012)
neg, 0.16534236174919958, right(srz246186715470)
neg, 0.13264769949256902, right(srz246186710728)
neg, 0.16534236174919958, right(srz24618676403)
neg, 0.2516790776782916, right(srz24618679054)
neg, 0.13264769949256902, right(srz246186710792)
neg, 0.12688632616944576, right(srz24618671023)
neg, 0.12688632616944576, right(srz24618673525)
neg, 0.12688632616944576, right(srz246186717022)
neg, 0.12688632616944576, right(srz24618673552)
neg, 0.12688632616944576, right(srz246186715350)
neg, 0.12688632616944576, right(srz246186712481)
neg, 0.12688632616944576, right(srz2461867463)
neg, 0.1307626901162914, right(srz246186710023)
neg, 0.12688632616944576, right(srz24618677886)
neg, 0.16534236174919958, right(srz2461867317)
neg, 0.12688632616944576, right(srz24618671667)
neg, 0.12688632616944576, right(srz24618674416)
neg, 0.12688632616944576, right(srz24618677528)
neg, 0.16534236174919958, right(srz24618672294)
neg, 0.20238779867379567, right(srz246186711008)
neg, 0.12688632616944576, right(srz246186715059)
neg, 0.18333193000285317, right(srz24618675598)
neg, 0.12688632616944576, right(srz24618679751)
neg, 0.12688632616944576, right(srz246186713990)
neg, 0.12688632616944576, right(srz2461867629)
neg, 0.12688632616944576, right(srz24618678347)
neg, 0.12688632616944576, right(srz246186712917)
neg, 0.12688632616944576, right(srz24618677634)
neg, 0.23411182129462718, right(srz24618675181)
neg, 0.16534236174919958, right(srz246186716521)
neg, 0.13264769949256902, right(srz24618675980)
neg, 0.12688632616944576, right(srz246186714319)
neg, 0.13264769949256902, right(srz24618675999)
neg, 0.12688632616944576, right(srz246186714268)
neg, 0.12688632616944576, right(srz24618672818)
neg, 0.13264769949256902, right(srz246186710802)
neg, 0.20238779867379567, right(srz24618675116)
neg, 0.12688632616944576, right(srz246186712805)
neg, 0.12688632616944576, right(srz246186715787)
neg, 0.12688632616944576, right(srz2461867235)
neg, 0.16534236174919958, right(srz246186711464)
neg, 0.16534236174919958, right(srz246186716525)
neg, 0.12688632616944576, right(srz246186713026)
neg, 0.12688632616944576, right(srz24618674315)
neg, 0.12688632616944576, right(srz24618676568)
neg, 0.1332081935458371, right(srz246186713717)
neg, 0.12688632616944576, right(srz24618676791)
neg, 0.12688632616944576, right(srz246186710349)
neg, 0.23411182129462718, right(srz24618679860)
neg, 0.13264769949256902, right(srz2461867110)
neg, 0.12688632616944576, right(srz24618679552)
neg, 0.12688632616944576, right(srz24618671408)
neg, 0.12688632616944576, right(srz24618677293)
neg, 0.16534236174919958, right(srz24618679261)
neg, 0.12688632616944576, right(srz246186716172)
neg, 0.16534236174919958, right(srz24618675778)
neg, 0.23411182129462718, right(srz246186711499)
neg, 0.12688632616944576, right(srz2461867861)
neg, 0.12688632616944576, right(srz24618672241)
neg, 0.20238779867379567, right(srz24618676946)
neg, 0.13264769949256902, right(srz246186770)
neg, 0.12688632616944576, right(srz24618676015)
neg, 0.13264769949256902, right(srz246186710810)
neg, 0.16534236174919958, right(srz24618679266)
neg, 0.18333193000285317, right(srz246186711569)
neg, 0.16534236174919958, right(srz24618676365)
neg, 0.12688632616944576, right(srz246186714966)
neg, 0.20238779867379567, right(srz246186712641)
neg, 0.12688632616944576, right(srz246186712454)
neg, 0.16534236174919958, right(srz24618675814)
neg, 0.12688632616944576, right(srz24618671795)
neg, 0.12688632616944576, right(srz246186712015)
neg, 0.12688632616944576, right(srz2461867397)
neg, 0.12688632616944576, right(srz246186717125)
neg, 0.20238779867379567, right(srz24618676682)
neg, 0.12688632616944576, right(srz24618672798)
neg, 0.12688632616944576, right(srz24618674652)
neg, 0.12688632616944576, right(srz246186710169)
neg, 0.16534236174919958, right(srz246186713145)
neg, 0.1307626901162914, right(srz24618675041)
neg, 0.1254446385283914, right(srz246186713056)
neg, 0.12688632616944576, right(srz24618677885)
neg, 0.23411182129462718, right(srz24618674715)
neg, 0.12688632616944576, right(srz246186710160)
neg, 0.12688632616944576, right(srz246186715617)
neg, 0.20238779867379567, right(srz24618673342)
neg, 0.12688632616944576, right(srz24618672923)
neg, 0.12688632616944576, right(srz2461867508)
neg, 0.12688632616944576, right(srz24618671416)
neg, 0.12688632616944576, right(srz24618672447)
neg, 0.12688632616944576, right(srz24618674179)
neg, 0.12688632616944576, right(srz246186710857)
neg, 0.12688632616944576, right(srz24618676577)
neg, 0.12688632616944576, right(srz24618676217)
neg, 0.12688632616944576, right(srz246186716217)
neg, 0.12688632616944576, right(srz24618672466)
neg, 0.12688632616944576, right(srz246186714468)
neg, 0.12688632616944576, right(srz2461867952)
neg, 0.12688632616944576, right(srz24618677419)
neg, 0.20238779867379567, right(srz24618679896)
neg, 0.16534236174919958, right(srz24618675768)
neg, 0.12688632616944576, right(srz246186714837)
neg, 0.16534236174919958, right(srz246186716969)
neg, 0.23411182129462718, right(srz24618675108)
neg, 0.12688632616944576, right(srz24618671647)
neg, 0.1307626901162914, right(srz246186714718)
neg, 0.12688632616944576, right(srz24618672878)
neg, 0.12688632616944576, right(srz246186712972)
neg, 0.12688632616944576, right(srz246186712459)
neg, 0.13264769949256902, right(srz24618675762)
neg, 0.12688632616944576, right(srz24618677598)
neg, 0.23411182129462718, right(srz246186711218)
neg, 0.12688632616944576, right(srz24618678601)
neg, 0.16534236174919958, right(srz24618673881)
neg, 0.13264769949256902, right(srz24618679434)
neg, 0.12688632616944576, right(srz246186714513)
neg, 0.12688632616944576, right(srz24618679498)
neg, 0.12688632616944576, right(srz246186716337)
neg, 0.16534236174919958, right(srz24618675845)
neg, 0.12688632616944576, right(srz246186713375)
neg, 0.12688632616944576, right(srz2461867677)
neg, 0.12688632616944576, right(srz246186711365)
neg, 0.12688632616944576, right(srz24618679633)
neg, 0.12688632616944576, right(srz24618673492)
neg, 0.20238779867379567, right(srz24618678162)
neg, 0.12688632616944576, right(srz24618674805)
neg, 0.13264769949256902, right(srz24618675849)
neg, 0.12688632616944576, right(srz24618677003)
neg, 0.12688632616944576, right(srz2461867944)
neg, 0.13264769949256902, right(srz246186710791)
neg, 0.16534236174919958, right(srz246186716454)
neg, 0.13264769949256902, right(srz246186710762)
neg, 0.20238779867379567, right(srz24618677740)
neg, 0.12688632616944576, right(srz246186717024)
neg, 0.12688632616944576, right(srz246186711706)
neg, 0.16534236174919958, right(srz246186710586)
neg, 0.12688632616944576, right(srz246186711367)
neg, 0.12688632616944576, right(srz24618671043)
neg, 0.12688632616944576, right(srz246186712317)
neg, 0.12688632616944576, right(srz246186715627)
neg, 0.16534236174919958, right(srz246186716466)
neg, 0.16534236174919958, right(srz246186716964)
neg, 0.12688632616944576, right(srz24618673608)
neg, 0.23411182129462718, right(srz24618672327)
neg, 0.12688632616944576, right(srz2461867383)
neg, 0.12688632616944576, right(srz246186712923)
neg, 0.12688632616944576, right(srz24618674169)
neg, 0.16534236174919958, right(srz24618675774)
neg, 0.12688632616944576, right(srz24618678670)
neg, 0.270952319943303, right(srz24618675295)
neg, 0.23411182129462718, right(srz2461867580)
neg, 0.12688632616944576, right(srz24618673160)
neg, 0.12688632616944576, right(srz2461867502)
neg, 0.16534236174919958, right(srz24618671750)
neg, 0.12688632616944576, right(srz246186713734)
neg, 0.12688632616944576, right(srz24618673637)
neg, 0.12688632616944576, right(srz246186716129)
neg, 0.12688632616944576, right(srz24618671257)
neg, 0.20238779867379567, right(srz246186711306)
neg, 0.13264769949256902, right(srz24618675920)
neg, 0.12688632616944576, right(srz24618677473)
neg, 0.12688632616944576, right(srz24618676824)
neg, 0.12688632616944576, right(srz246186711954)
neg, 0.1307626901162914, right(srz246186714762)
neg, 0.12688632616944576, right(srz246186710311)
neg, 0.12688632616944576, right(srz24618673663)
neg, 0.13264769949256902, right(srz24618679182)
neg, 0.13264769949256902, right(srz24618679413)
neg, 0.12688632616944576, right(srz24618677525)
neg, 0.12688632616944576, right(srz246186715007)
neg, 0.12688632616944576, right(srz24618671500)
neg, 0.13264769949256902, right(srz246186713310)
neg, 0.13264769949256902, right(srz246186710753)
neg, 0.12688632616944576, right(srz24618677467)
neg, 0.13264769949256902, right(srz24618679333)
neg, 0.12688632616944576, right(srz246186717142)
neg, 0.12688632616944576, right(srz24618672889)
neg, 0.12688632616944576, right(srz2461867878)
neg, 0.12688632616944576, right(srz24618677298)
neg, 0.12688632616944576, right(srz24618677563)
neg, 0.12688632616944576, right(srz246186712130)
neg, 0.20238779867379567, right(srz24618678209)
neg, 0.16534236174919958, right(srz24618672289)
neg, 0.12688632616944576, right(srz24618671916)
neg, 0.12688632616944576, right(srz246186712274)
neg, 0.20238779867379567, right(srz24618675119)
neg, 0.16534236174919958, right(srz24618675835)
neg, 0.12688632616944576, right(srz24618673406)
neg, 0.1307626901162914, right(srz24618676556)
neg, 0.12688632616944576, right(srz24618676013)
neg, 0.12688632616944576, right(srz246186710180)
neg, 0.22335882248171707, right(srz24618674764)
neg, 0.12688632616944576, right(srz246186715985)
neg, 0.20238779867379567, right(srz24618673340)
neg, 0.20238779867379567, right(srz246186710303)
neg, 0.12688632616944576, right(srz246186714822)
neg, 0.12688632616944576, right(srz246186717175)
neg, 0.13264769949256902, right(srz246186710783)
neg, 0.13264769949256902, right(srz24618675900)
neg, 0.12688632616944576, right(srz2461867241)
neg, 0.12688632616944576, right(srz24618671634)
neg, 0.12688632616944576, right(srz246186716237)
neg, 0.12688632616944576, right(srz246186715575)
neg, 0.20238779867379567, right(srz24618673742)
neg, 0.270952319943303, right(srz24618678807)
neg, 0.12688632616944576, right(srz24618671637)
neg, 0.1307626901162914, right(srz246186715858)
neg, 0.12688632616944576, right(srz24618674329)
neg, 0.12688632616944576, right(srz24618678390)
neg, 0.13264769949256902, right(srz24618675949)
neg, 0.13264769949256902, right(srz246186710789)
neg, 0.20238779867379567, right(srz246186712894)
neg, 0.1307626901162914, right(srz246186710390)
neg, 0.12688632616944576, right(srz24618671386)
neg, 0.12688632616944576, right(srz24618677540)
neg, 0.12688632616944576, right(srz24618677027)
neg, 0.2516790776782916, right(srz246186710380)
neg, 0.12688632616944576, right(srz246186716622)
neg, 0.16534236174919958, right(srz24618679245)
neg, 0.12688632616944576, right(srz24618677751)
neg, 0.13264769949256902, right(srz24618679201)
neg, 0.12688632616944576, right(srz246186712066)
neg, 0.12688632616944576, right(srz246186713626)
neg, 0.16534236174919958, right(srz24618671575)
neg, 0.12688632616944576, right(srz24618672991)
neg, 0.16534236174919958, right(srz24618671708)
neg, 0.20238779867379567, right(srz246186716794)
neg, 0.13264769949256902, right(srz24618675732)
neg, 0.12688632616944576, right(srz24618677607)
neg, 0.12688632616944576, right(srz24618672499)
neg, 0.12688632616944576, right(srz246186717062)
neg, 0.12688632616944576, right(srz24618674104)
neg, 0.12688632616944576, right(srz24618679507)
neg, 0.1307626901162914, right(srz246186712709)
neg, 0.20238779867379567, right(srz24618675401)
neg, 0.12688632616944576, right(srz24618671248)
neg, 0.16534236174919958, right(srz24618676356)
neg, 0.13264769949256902, right(srz246186710763)
neg, 0.16534236174919958, right(srz24618675284)
neg, 0.16534236174919958, right(srz2461867423)
neg, 0.1307626901162914, right(srz246186714602)
neg, 0.12688632616944576, right(srz24618672684)
neg, 0.12688632616944576, right(srz246186715090)
neg, 0.12688632616944576, right(srz24618674285)
neg, 0.12688632616944576, right(srz246186714267)
neg, 0.12688632616944576, right(srz246186710343)
neg, 0.12688632616944576, right(srz246186714869)
neg, 0.270952319943303, right(srz2461867779)
neg, 0.16534236174919958, right(srz2461867309)
neg, 0.12688632616944576, right(srz246186714435)
neg, 0.1254446385283914, right(srz246186710569)
neg, 0.20238779867379567, right(srz24618678215)
neg, 0.12688632616944576, right(srz24618674785)
neg, 0.12688632616944576, right(srz246186711674)
neg, 0.12688632616944576, right(srz24618674656)
neg, 0.20238779867379567, right(srz246186715425)
neg, 0.12688632616944576, right(srz24618677776)
neg, 0.12688632616944576, right(srz246186711741)
neg, 0.1307626901162914, right(srz246186716899)
neg, 0.12688632616944576, right(srz24618673427)
neg, 0.12688632616944576, right(srz246186711188)
neg, 0.20238779867379567, right(srz246186715416)
neg, 0.12688632616944576, right(srz246186712660)
neg, 0.12688632616944576, right(srz24618673495)
neg, 0.12544463852839138, right(srz24618675127)
neg, 0.12688632616944576, right(srz246186715615)
neg, 0.16534236174919958, right(srz246186716459)
neg, 0.23411182129462718, right(srz246186711209)
neg, 0.12688632616944576, right(srz246186716814)
neg, 0.12688632616944576, right(srz246186715889)
neg, 0.12688632616944576, right(srz24618678388)
neg, 0.12688632616944576, right(srz24618671237)
neg, 0.16534236174919958, right(srz246186716526)
neg, 0.12688632616944576, right(srz24618677788)
neg, 0.12688632616944576, right(srz24618671299)
neg, 0.1307626901162914, right(srz24618675039)
neg, 0.12688632616944576, right(srz24618677893)
neg, 0.12688632616944576, right(srz246186712118)
neg, 0.16534236174919958, right(srz246186716490)
neg, 0.12688632616944576, right(srz246186716668)
neg, 0.1307626901162914, right(srz24618676602)
neg, 0.12688632616944576, right(srz246186715893)
neg, 0.1307626901162914, right(srz246186716902)
neg, 0.20238779867379567, right(srz246186712853)
neg, 0.12688632616944576, right(srz24618676075)
neg, 0.16534236174919958, right(srz246186710615)
neg, 0.12688632616944576, right(srz24618678074)
neg, 0.12688632616944576, right(srz2461867678)
neg, 0.12688632616944576, right(srz246186715968)
neg, 0.12688632616944576, right(srz24618674214)
neg, 0.22335882248171707, right(srz24618674761)
neg, 0.1307626901162914, right(srz246186714663)
neg, 0.12688632616944576, right(srz246186716614)
neg, 0.13264769949256902, right(srz24618679390)
neg, 0.1254446385283914, right(srz2461867847)
neg, 0.12688632616944576, right(srz24618676851)
neg, 0.12688632616944576, right(srz246186711968)
neg, 0.20238779867379567, right(srz24618673489)
neg, 0.16534236174919958, right(srz246186710608)
neg, 0.1307626901162914, right(srz246186710020)
neg, 0.12688632616944576, right(srz246186715923)
neg, 0.12688632616944576, right(srz24618678593)
neg, 0.12688632616944576, right(srz24618674660)
neg, 0.16534236174919958, right(srz246186714226)
neg, 0.20238779867379567, right(srz24618675400)
neg, 0.13264769949256902, right(srz24618679372)
neg, 0.12688632616944576, right(srz24618676803)
neg, 0.12688632616944576, right(srz24618673119)
neg, 0.23411182129462718, right(srz24618675182)
neg, 0.12688632616944576, right(srz246186712558)
neg, 0.12688632616944576, right(srz24618671077)
neg, 0.12688632616944576, right(srz24618677983)
neg, 0.12688632616944576, right(srz246186714480)
neg, 0.12688632616944576, right(srz246186716625)
neg, 0.270952319943303, right(srz24618678110)
neg, 0.13264769949256902, right(srz246186713228)
neg, 0.12688632616944576, right(srz24618677004)
neg, 0.12688632616944576, right(srz246186715167)
neg, 0.2393699610524666, right(srz24618679118)
neg, 0.12688632616944576, right(srz246186716398)
neg, 0.18333193000285317, right(srz246186711595)
neg, 0.20238779867379567, right(srz24618678484)
neg, 0.12688632616944576, right(srz24618677029)
neg, 0.12688632616944576, right(srz24618679631)
neg, 0.12688632616944576, right(srz246186711113)
neg, 0.20238779867379567, right(srz24618673335)
neg, 0.12688632616944576, right(srz246186711775)
neg, 0.12688632616944576, right(srz24618671654)
neg, 0.1307626901162914, right(srz246186714623)
neg, 0.20238779867379567, right(srz24618679867)
neg, 0.270952319943303, right(srz246186710947)
neg, 0.12688632616944576, right(srz24618674242)
neg, 0.12688632616944576, right(srz2461867526)
neg, 0.23411182129462718, right(srz246186711430)
neg, 0.12688632616944576, right(srz24618672491)
neg, 0.12688632616944576, right(srz2461867991)
neg, 0.12688632616944576, right(srz246186715010)
neg, 0.13264769949256902, right(srz24618679370)
neg, 0.12688632616944576, right(srz246186711758)
neg, 0.20238779867379567, right(srz246186712835)
neg, 0.13264769949256902, right(srz24618679347)
neg, 0.12688632616944576, right(srz246186711812)
neg, 0.12688632616944576, right(srz246186711902)
neg, 0.12688632616944576, right(srz246186716353)
neg, 0.1307626901162914, right(srz246186710413)
neg, 0.12688632616944576, right(srz24618677784)
neg, 0.16534236174919958, right(srz246186715481)
neg, 0.12688632616944576, right(srz246186715055)
neg, 0.1254446385283914, right(srz246186710530)
neg, 0.12688632616944576, right(srz24618673097)
neg, 0.12688632616944576, right(srz24618674166)
neg, 0.1332081935458371, right(srz24618677976)
neg, 0.12688632616944576, right(srz246186715109)
neg, 0.1307626901162914, right(srz246186714671)
neg, 0.12688632616944576, right(srz2461867967)
neg, 0.12688632616944576, right(srz24618676123)
neg, 0.20238779867379567, right(srz24618673488)
neg, 0.12688632616944576, right(srz246186710877)
neg, 0.12688632616944576, right(srz24618672440)
neg, 0.20238779867379567, right(srz24618675399)
neg, 0.12688632616944576, right(srz24618677603)
neg, 0.16534236174919958, right(srz24618675272)
neg, 0.12688632616944576, right(srz246186714919)
neg, 0.12688632616944576, right(srz24618674994)
neg, 0.12688632616944576, right(srz24618678584)
neg, 0.23411182129462718, right(srz2461867360)
neg, 0.20238779867379567, right(srz24618679894)
neg, 0.12688632616944576, right(srz24618674603)
neg, 0.2516790776782916, right(srz246186712161)
neg, 0.20238779867379567, right(srz24618673475)
neg, 0.16534236174919958, right(srz24618672385)
neg, 0.12688632616944576, right(srz24618672276)
neg, 0.12688632616944576, right(srz24618677664)
neg, 0.12688632616944576, right(srz246186711727)
neg, 0.12688632616944576, right(srz246186710844)
neg, 0.1307626901162914, right(srz246186710015)
neg, 0.16534236174919958, right(srz246186710649)
neg, 0.23411182129462718, right(srz246186713897)
neg, 0.12688632616944576, right(srz24618675143)
neg, 0.12688632616944576, right(srz24618673939)
neg, 0.1307626901162914, right(srz24618676542)
neg, 0.12688632616944576, right(srz246186716003)
neg, 0.12688632616944576, right(srz24618676920)
neg, 0.18333193000285317, right(srz246186711585)
neg, 0.12688632616944576, right(srz24618674618)
neg, 0.20238779867379567, right(srz246186716606)
neg, 0.12688632616944576, right(srz246186710129)
neg, 0.12688632616944576, right(srz24618678285)
neg, 0.12688632616944576, right(srz246186713377)
neg, 0.12688632616944576, right(srz246186716029)
neg, 0.12688632616944576, right(srz24618673446)
neg, 0.12688632616944576, right(srz24618672825)
neg, 0.1307626901162914, right(srz246186714644)
neg, 0.20238779867379567, right(srz246186711269)
neg, 0.12688632616944576, right(srz24618671290)
neg, 0.16534236174919958, right(srz246186711460)
neg, 0.12688632616944576, right(srz2461867651)
neg, 0.12688632616944576, right(srz24618673396)
neg, 0.1307626901162914, right(srz246186714332)
neg, 0.12688632616944576, right(srz24618678448)
neg, 0.1254446385283914, right(srz246186710500)
neg, 0.12688632616944576, right(srz24618672925)
neg, 0.12688632616944576, right(srz246186713410)
neg, 0.12688632616944576, right(srz246186714261)
neg, 0.12688632616944576, right(srz24618671447)
neg, 0.12688632616944576, right(srz246186711771)
neg, 0.1307626901162914, right(srz24618678829)
neg, 0.1254446385283914, right(srz246186713082)
neg, 0.12688632616944576, right(srz246186715338)
neg, 0.16534236174919958, right(srz24618671697)
neg, 0.12688632616944576, right(srz246186716681)
neg, 0.12688632616944576, right(srz24618673425)
neg, 0.13264769949256902, right(srz24618675986)
neg, 0.23411182129462718, right(srz2461867581)
neg, 0.16534236174919958, right(srz24618677967)
neg, 0.1254446385283914, right(srz246186713115)
neg, 0.12688632616944576, right(srz246186715977)
neg, 0.13264769949256902, right(srz246186727)
neg, 0.12688632616944576, right(srz24618671150)
neg, 0.12688632616944576, right(srz24618674370)
neg, 0.12688632616944576, right(srz24618677403)
neg, 0.12688632616944576, right(srz24618677479)
neg, 0.12688632616944576, right(srz24618676046)
neg, 0.13264769949256902, right(srz246186710782)
neg, 0.12688632616944576, right(srz246186716318)
neg, 0.12688632616944576, right(srz2461867465)
neg, 0.13264769949256902, right(srz24618675916)
neg, 0.12688632616944576, right(srz24618671995)
neg, 0.12688632616944576, right(srz246186711792)
neg, 0.12688632616944576, right(srz246186714497)
neg, 0.12688632616944576, right(srz24618672903)
neg, 0.12688632616944576, right(srz246186714528)
neg, 0.13264769949256902, right(srz24618675973)
neg, 0.12688632616944576, right(srz24618677779)
neg, 0.12688632616944576, right(srz246186713032)
neg, 0.1307626901162914, right(srz246186715854)
neg, 0.12688632616944576, right(srz24618674463)
neg, 0.12688632616944576, right(srz246186715351)
neg, 0.12688632616944576, right(srz2461867567)
neg, 0.20238779867379567, right(srz246186712725)
neg, 0.1332081935458371, right(srz2461867619)
neg, 0.12688632616944576, right(srz246186711969)
neg, 0.12688632616944576, right(srz246186713005)
neg, 0.20238779867379567, right(srz246186712899)
neg, 0.12688632616944576, right(srz24618679634)
neg, 0.12688632616944576, right(srz24618677233)
neg, 0.13264769949256902, right(srz246186713279)
neg, 0.12688632616944576, right(srz246186716076)
neg, 0.16534236174919958, right(srz24618672051)
neg, 0.13264769949256902, right(srz24618679180)
neg, 0.12688632616944576, right(srz246186716357)
neg, 0.12688632616944576, right(srz24618679955)
neg, 0.12688632616944576, right(srz24618671218)
neg, 0.12688632616944576, right(srz246186712120)
neg, 0.12688632616944576, right(srz24618671404)
neg, 0.12688632616944576, right(srz246186717044)
neg, 0.13264769949256902, right(srz246186710721)
neg, 0.20238779867379567, right(srz24618678212)
neg, 0.12688632616944576, right(srz24618676819)
neg, 0.12688632616944576, right(srz246186713639)
neg, 0.12688632616944576, right(srz24618672796)
neg, 0.12688632616944576, right(srz24618677367)
neg, 0.16534236174919958, right(srz24618672335)
neg, 0.12688632616944576, right(srz24618674215)
neg, 0.13264769949256902, right(srz24618675716)
neg, 0.13264769949256902, right(srz24618679368)
neg, 0.23411182129462718, right(srz24618675188)
neg, 0.12688632616944576, right(srz2461867244)
neg, 0.23411182129462718, right(srz24618679909)
neg, 0.12688632616944576, right(srz24618679490)
neg, 0.12688632616944576, right(srz24618678595)
neg, 0.23411182129462718, right(srz24618679870)
neg, 0.12688632616944576, right(srz24618672001)
neg, 0.20238779867379567, right(srz24618679900)
neg, 0.12688632616944576, right(srz246186717067)
neg, 0.12688632616944576, right(srz24618672699)
neg, 0.12688632616944576, right(srz24618671945)
neg, 0.12688632616944576, right(srz24618672584)
neg, 0.13264769949256902, right(srz24618679335)
neg, 0.12688632616944576, right(srz24618677437)
neg, 0.16534236174919958, right(srz24618675832)
neg, 0.12688632616944576, right(srz246186711322)
neg, 0.23411182129462718, right(srz24618675109)
neg, 0.12688632616944576, right(srz24618678990)
neg, 0.23411182129462718, right(srz246186714117)
neg, 0.12688632616944576, right(srz24618672273)
neg, 0.12688632616944576, right(srz24618674226)
neg, 0.2516790776782916, right(srz24618675582)
neg, 0.12688632616944576, right(srz2461867529)
neg, 0.12688632616944576, right(srz246186716137)
neg, 0.12688632616944576, right(srz246186711277)
neg, 0.12688632616944576, right(srz24618674775)
neg, 0.20238779867379567, right(srz246186711486)
neg, 0.12688632616944576, right(srz2461867232)
neg, 0.12688632616944576, right(srz24618679851)
neg, 0.12688632616944576, right(srz246186711029)
neg, 0.12688632616944576, right(srz24618672938)
neg, 0.12688632616944576, right(srz246186714526)
neg, 0.23411182129462718, right(srz24618676728)
neg, 0.16534236174919958, right(srz24618676401)
neg, 0.20238779867379567, right(srz246186711515)
neg, 0.12688632616944576, right(srz24618676247)
neg, 0.12688632616944576, right(srz246186714491)
neg, 0.2516790776782916, right(srz246186714589)
neg, 0.12688632616944576, right(srz246186714258)
neg, 0.12688632616944576, right(srz24618671213)
neg, 0.20238779867379567, right(srz246186716779)
neg, 0.12688632616944576, right(srz24618671821)
neg, 0.12688632616944576, right(srz24618673438)
neg, 0.12688632616944576, right(srz246186714814)
neg, 0.12688632616944576, right(srz246186712036)
neg, 0.16534236174919958, right(srz246186716517)
neg, 0.12688632616944576, right(srz24618676994)
neg, 0.16534236174919958, right(srz24618677953)
neg, 0.16534236174919958, right(srz246186710635)
neg, 0.12688632616944576, right(srz24618672918)
neg, 0.12688632616944576, right(srz24618678940)
neg, 0.20238779867379567, right(srz246186712891)
neg, 0.12688632616944576, right(srz24618679105)
neg, 0.13264769949256902, right(srz246186710764)
neg, 0.1254446385283914, right(srz246186710573)
neg, 0.1254446385283914, right(srz246186713103)
neg, 0.20238779867379567, right(srz246186711508)
neg, 0.12688632616944576, right(srz246186713950)
neg, 0.12688632616944576, right(srz246186712232)
neg, 0.20238779867379567, right(srz246186711238)
neg, 0.1332081935458371, right(srz24618676788)
neg, 0.12688632616944576, right(srz246186713968)
neg, 0.1307626901162914, right(srz246186713840)
neg, 0.12688632616944576, right(srz24618672743)
neg, 0.12688632616944576, right(srz24618677569)
neg, 0.270952319943303, right(srz246186710935)
neg, 0.12688632616944576, right(srz246186715198)
neg, 0.12688632616944576, right(srz246186711701)
neg, 0.12688632616944576, right(srz246186716699)
neg, 0.12688632616944576, right(srz24618672839)
neg, 0.12688632616944576, right(srz24618675022)
neg, 0.12688632616944576, right(srz24618672215)
neg, 0.12688632616944576, right(srz24618675202)
neg, 0.12688632616944576, right(srz246186716181)
neg, 0.12688632616944576, right(srz246186714836)
neg, 0.20238779867379567, right(srz246186716607)
neg, 0.12688632616944576, right(srz246186715443)
neg, 0.23411182129462718, right(srz24618678132)
neg, 0.1332081935458371, right(srz24618674642)
neg, 0.16534236174919958, right(srz246186714297)
neg, 0.12688632616944576, right(srz24618671064)
neg, 0.16534236174919958, right(srz246186713178)
neg, 0.13264769949256902, right(srz246186713282)
neg, 0.12688632616944576, right(srz246186716213)
neg, 0.12688632616944576, right(srz24618674108)
neg, 0.12688632616944576, right(srz246186715898)
neg, 0.12688632616944576, right(srz24618677769)
neg, 0.12688632616944576, right(srz24618675215)
neg, 0.12688632616944576, right(srz24618673435)
neg, 0.1307626901162914, right(srz246186710014)
neg, 0.20238779867379567, right(srz24618675389)
neg, 0.12688632616944576, right(srz24618676690)
neg, 0.12688632616944576, right(srz24618673159)
neg, 0.12688632616944576, right(srz24618671481)
neg, 0.12688632616944576, right(srz246186710848)
neg, 0.1307626901162914, right(srz246186714790)
neg, 0.1307626901162914, right(srz246186710405)
neg, 0.12688632616944576, right(srz246186712270)
neg, 0.12688632616944576, right(srz246186715958)
neg, 0.12688632616944576, right(srz246186710161)
neg, 0.22335882248171707, right(srz24618676886)
neg, 0.16534236174919958, right(srz24618672418)
neg, 0.12688632616944576, right(srz246186712484)
neg, 0.12688632616944576, right(srz246186715345)
neg, 0.16534236174919958, right(srz24618672374)
neg, 0.12688632616944576, right(srz24618676267)
neg, 0.23411182129462718, right(srz24618676732)
neg, 0.12688632616944576, right(srz24618676065)
neg, 0.12688632616944576, right(srz24618673443)
neg, 0.20238779867379567, right(srz24618674756)
neg, 0.12688632616944576, right(srz2461867494)
neg, 0.12688632616944576, right(srz24618671870)
neg, 0.1307626901162914, right(srz246186713833)
neg, 0.12688632616944576, right(srz24618677148)
neg, 0.12688632616944576, right(srz24618674278)
neg, 0.12688632616944576, right(srz2461867398)
neg, 0.20238779867379567, right(srz246186711259)
neg, 0.12688632616944576, right(srz24618671422)
neg, 0.12688632616944576, right(srz246186716653)
neg, 0.12688632616944576, right(srz24618672913)
neg, 0.13264769949256902, right(srz246186710785)
neg, 0.22335882248171707, right(srz246186712619)
neg, 0.16534236174919958, right(srz246186715540)
neg, 0.270952319943303, right(srz246186710931)
neg, 0.12688632616944576, right(srz246186711038)
neg, 0.12688632616944576, right(srz24618672028)
neg, 0.12688632616944576, right(srz24618675219)
neg, 0.12688632616944576, right(srz246186710871)
neg, 0.20238779867379567, right(srz24618678797)
neg, 0.12688632616944576, right(srz24618676970)
neg, 0.12688632616944576, right(srz246186710306)
neg, 0.12688632616944576, right(srz246186711288)
neg, 0.12688632616944576, right(srz24618677872)
neg, 0.12688632616944576, right(srz246186711276)
neg, 0.12688632616944576, right(srz246186711665)
neg, 0.12688632616944576, right(srz246186712585)
neg, 0.12688632616944576, right(srz24618674444)
neg, 0.12688632616944576, right(srz24618677492)
neg, 0.12688632616944576, right(srz24618671113)
neg, 0.16534236174919958, right(srz24618672382)
neg, 0.1307626901162914, right(srz246186714700)
neg, 0.12688632616944576, right(srz246186715895)
neg, 0.12688632616944576, right(srz24618674240)
neg, 0.12688632616944576, right(srz246186713020)
neg, 0.12688632616944576, right(srz24618674831)
neg, 0.1307626901162914, right(srz246186714692)
neg, 0.13264769949256902, right(srz24618679405)
neg, 0.12688632616944576, right(srz246186716336)
neg, 0.12688632616944576, right(srz246186715073)
neg, 0.12688632616944576, right(srz24618676417)
neg, 0.12688632616944576, right(srz24618673131)
neg, 0.12688632616944576, right(srz24618676250)
neg, 0.12688632616944576, right(srz246186713634)
neg, 0.12688632616944576, right(srz24618671615)
neg, 0.12688632616944576, right(srz246186716285)
neg, 0.12688632616944576, right(srz246186716223)
neg, 0.12688632616944576, right(srz246186714448)
neg, 0.16534236174919958, right(srz24618672425)
neg, 0.12688632616944576, right(srz24618675012)
neg, 0.20238779867379567, right(srz24618674728)
neg, 0.1307626901162914, right(srz246186714617)
neg, 0.20238779867379567, right(srz246186714421)
neg, 0.12688632616944576, right(srz2461867972)
neg, 0.16534236174919958, right(srz24618671585)
neg, 0.12688632616944576, right(srz246186713631)
neg, 0.12688632616944576, right(srz246186710832)
neg, 0.12688632616944576, right(srz24618673153)
neg, 0.12688632616944576, right(srz246186715878)
neg, 0.12688632616944576, right(srz24618671214)
neg, 0.20238779867379567, right(srz24618678171)
neg, 0.12688632616944576, right(srz24618675138)
neg, 0.12688632616944576, right(srz24618672993)
neg, 0.12688632616944576, right(srz24618678594)
neg, 0.12688632616944576, right(srz2461867859)
neg, 0.12688632616944576, right(srz24618676981)
neg, 0.20238779867379567, right(srz24618672406)
neg, 0.12688632616944576, right(srz24618671259)
neg, 0.1254446385283914, right(srz2461867851)
neg, 0.16534236174919958, right(srz246186715465)
neg, 0.2516790776782916, right(srz2461867201)
neg, 0.18333193000285317, right(srz246186711534)
neg, 0.12688632616944576, right(srz24618678675)
neg, 0.23411182129462718, right(srz2461867582)
neg, 0.12688632616944576, right(srz24618673638)
neg, 0.12688632616944576, right(srz246186712985)
neg, 0.12688632616944576, right(srz24618678432)
neg, 0.12688632616944576, right(srz246186712449)
neg, 0.20238779867379567, right(srz246186714135)
neg, 0.20238779867379567, right(srz24618678524)
neg, 0.13264769949256902, right(srz246186767)
neg, 0.16534236174919958, right(srz24618675281)
neg, 0.13264769949256902, right(srz24618675859)
neg, 0.12688632616944576, right(srz246186713619)
neg, 0.18333193000285317, right(srz24618675672)
neg, 0.16534236174919958, right(srz246186711462)
neg, 0.12688632616944576, right(srz24618672767)
neg, 0.12688632616944576, right(srz246186711993)
neg, 0.12688632616944576, right(srz246186712124)
neg, 0.12688632616944576, right(srz2461867657)
neg, 0.12688632616944576, right(srz24618676971)
neg, 0.1254446385283914, right(srz2461867848)
neg, 0.12688632616944576, right(srz24618673631)
neg, 0.279155637061725, right(srz246186716544)
neg, 0.20238779867379567, right(srz24618676736)
neg, 0.12688632616944576, right(srz246186711910)
neg, 0.13264769949256902, right(srz24618679438)
neg, 0.12688632616944576, right(srz246186715002)
neg, 0.12688632616944576, right(srz246186711877)
neg, 0.12688632616944576, right(srz2461867548)
neg, 0.12688632616944576, right(srz2461867509)
neg, 0.12688632616944576, right(srz24618675009)
neg, 0.12688632616944576, right(srz246186714832)
neg, 0.12688632616944576, right(srz24618671116)
neg, 0.1254446385283914, right(srz246186710495)
neg, 0.12688632616944576, right(srz24618672793)
neg, 0.12688632616944576, right(srz24618671614)
neg, 0.12688632616944576, right(srz24618676936)
neg, 0.12688632616944576, right(srz246186712246)
neg, 0.12688632616944576, right(srz24618676442)
neg, 0.1307626901162914, right(srz246186713855)
neg, 0.1307626901162914, right(srz246186714774)
neg, 0.13264769949256902, right(srz24618679328)
neg, 0.12688632616944576, right(srz24618679649)
neg, 0.12688632616944576, right(srz24618678963)
neg, 0.12688632616944576, right(srz24618672005)
neg, 0.23411182129462718, right(srz246186713899)
neg, 0.12688632616944576, right(srz24618678067)
neg, 0.12688632616944576, right(srz246186711358)
neg, 0.23411182129462718, right(srz24618675179)
neg, 0.16534236174919958, right(srz246186710632)
neg, 0.20238779867379567, right(srz24618675394)
neg, 0.22335882248171707, right(srz2461867223)
neg, 0.12688632616944576, right(srz246186710133)
neg, 0.12688632616944576, right(srz24618672653)
neg, 0.23411182129462718, right(srz24618674737)
neg, 0.12688632616944576, right(srz246186712916)
neg, 0.12544463852839138, right(srz246186715798)
neg, 0.20238779867379567, right(srz246186714406)
neg, 0.12688632616944576, right(srz24618677285)
neg, 0.16534236174919958, right(srz246186710591)
neg, 0.270952319943303, right(srz246186710945)
neg, 0.1307626901162914, right(srz246186715663)
neg, 0.279155637061725, right(srz246186714029)
neg, 0.2393699610524666, right(srz24618679115)
neg, 0.12688632616944576, right(srz246186715877)
neg, 0.16534236174919958, right(srz24618673095)
neg, 0.12688632616944576, right(srz24618671792)
neg, 0.12688632616944576, right(srz24618676796)
neg, 0.12688632616944576, right(srz2461867980)
neg, 0.20238779867379567, right(srz246186715245)
neg, 0.12688632616944576, right(srz246186716394)
neg, 0.12688632616944576, right(srz24618672462)
neg, 0.23411182129462718, right(srz24618679906)
neg, 0.18333193000285317, right(srz24618679601)
neg, 0.12688632616944576, right(srz246186710135)
neg, 0.12688632616944576, right(srz246186714478)
neg, 0.1307626901162914, right(srz246186715856)
neg, 0.12688632616944576, right(srz24618677573)
neg, 0.20238779867379567, right(srz24618678121)
neg, 0.12688632616944576, right(srz24618672775)
neg, 0.12688632616944576, right(srz246186716333)
neg, 0.12688632616944576, right(srz246186712541)
neg, 0.16534236174919958, right(srz246186716978)
neg, 0.20238779867379567, right(srz246186711010)
neg, 0.1254446385283914, right(srz246186710522)
neg, 0.13264769949256902, right(srz24618675901)
neg, 0.16534236174919958, right(srz2461867722)
neg, 0.12688632616944576, right(srz246186716072)
neg, 0.12688632616944576, right(srz24618673444)
neg, 0.12688632616944576, right(srz246186712251)
neg, 0.20238779867379567, right(srz24618673219)
neg, 0.12688632616944576, right(srz24618675494)
neg, 0.12688632616944576, right(srz24618672016)
neg, 0.12688632616944576, right(srz24618679768)
neg, 0.12688632616944576, right(srz24618673595)
neg, 0.23411182129462718, right(srz24618673897)
neg, 0.12688632616944576, right(srz24618676695)
neg, 0.12688632616944576, right(srz24618674176)
neg, 0.12688632616944576, right(srz2461867521)
neg, 0.23411182129462718, right(srz24618676391)
neg, 0.12688632616944576, right(srz24618671266)
neg, 0.12688632616944576, right(srz24618671465)
neg, 0.18333193000285317, right(srz24618675653)
neg, 0.12688632616944576, right(srz2461867661)
neg, 0.16534236174919958, right(srz24618675333)
neg, 0.12688632616944576, right(srz246186712134)
neg, 0.12688632616944576, right(srz246186715595)
neg, 0.12688632616944576, right(srz24618674651)
neg, 0.23411182129462718, right(srz24618679871)
neg, 0.12688632616944576, right(srz24618673101)
neg, 0.12688632616944576, right(srz246186712056)
neg, 0.12688632616944576, right(srz24618677472)
neg, 0.12688632616944576, right(srz24618671456)
neg, 0.12688632616944576, right(srz24618672834)
neg, 0.12688632616944576, right(srz246186716307)
neg, 0.12688632616944576, right(srz24618676266)
neg, 0.12688632616944576, right(srz246186715553)
neg, 0.12688632616944576, right(srz24618676416)
neg, 0.12688632616944576, right(srz24618678062)
neg, 0.13264769949256902, right(srz24618675943)
neg, 0.12688632616944576, right(srz246186711693)
neg, 0.12688632616944576, right(srz24618673158)
neg, 0.18333193000285317, right(srz246186711532)
neg, 0.12688632616944576, right(srz246186714865)
neg, 0.12688632616944576, right(srz24618676701)
neg, 0.270952319943303, right(srz246186711415)
neg, 0.12688632616944576, right(srz24618678669)
neg, 0.12688632616944576, right(srz24618678600)
neg, 0.20238779867379567, right(srz246186711098)
neg, 0.23411182129462718, right(srz246186712669)
neg, 0.12688632616944576, right(srz246186716698)
neg, 0.12688632616944576, right(srz24618677482)
neg, 0.12688632616944576, right(srz24618676076)
neg, 0.13264769949256902, right(srz24618675913)
neg, 0.12688632616944576, right(srz246186711894)
neg, 0.12688632616944576, right(srz246186716847)
neg, 0.12688632616944576, right(srz24618671903)
neg, 0.16534236174919958, right(srz24618677965)
neg, 0.12688632616944576, right(srz2461867525)
neg, 0.13264769949256902, right(srz246186713272)
neg, 0.12688632616944576, right(srz24618672192)
neg, 0.12688632616944576, right(srz24618673111)
neg, 0.12688632616944576, right(srz24618679672)
neg, 0.12688632616944576, right(srz246186713476)
neg, 0.23411182129462718, right(srz246186711086)
neg, 0.23411182129462718, right(srz246186711202)
neg, 0.12688632616944576, right(srz24618672848)
neg, 0.20238779867379567, right(srz246186715246)
neg, 0.12688632616944576, right(srz24618679627)
neg, 0.12688632616944576, right(srz24618672185)
neg, 0.13264769949256902, right(srz24618675730)
neg, 0.12688632616944576, right(srz2461867876)
neg, 0.1307626901162914, right(srz24618678094)
neg, 0.12688632616944576, right(srz24618677034)
neg, 0.12688632616944576, right(srz246186715901)
neg, 0.12688632616944576, right(srz24618671164)
neg, 0.16534236174919958, right(srz24618672388)
neg, 0.16534236174919958, right(srz246186713204)
neg, 0.20238779867379567, right(srz246186712640)
neg, 0.12688632616944576, right(srz24618673556)
neg, 0.12688632616944576, right(srz24618674311)
neg, 0.12688632616944576, right(srz24618673156)
neg, 0.1307626901162914, right(srz246186712689)
neg, 0.12688632616944576, right(srz24618674369)
neg, 0.23411182129462718, right(srz246186713886)
neg, 0.16534236174919958, right(srz2461867314)
neg, 0.12688632616944576, right(srz246186716375)
neg, 0.13264769949256902, right(srz246186710714)
neg, 0.12688632616944576, right(srz24618671318)
neg, 0.12688632616944576, right(srz24618672479)
neg, 0.12688632616944576, right(srz246186714816)
neg, 0.18333193000285317, right(srz246186711564)
neg, 0.1307626901162914, right(srz246186714669)
neg, 0.12688632616944576, right(srz24618674824)
neg, 0.12688632616944576, right(srz246186717072)
neg, 0.12688632616944576, right(srz24618677239)
neg, 0.12688632616944576, right(srz246186717090)
neg, 0.12688632616944576, right(srz24618678467)
neg, 0.12688632616944576, right(srz246186714498)
neg, 0.12688632616944576, right(srz24618674351)
neg, 0.12688632616944576, right(srz24618673941)
neg, 0.12688632616944576, right(srz24618676104)
neg, 0.12688632616944576, right(srz246186714847)
neg, 0.1307626901162914, right(srz246186714770)
neg, 0.22335882248171707, right(srz24618674759)
neg, 0.12688632616944576, right(srz24618679644)
neg, 0.12688632616944576, right(srz24618677464)
neg, 0.1332081935458371, right(srz2461867622)
neg, 0.12688632616944576, right(srz24618672865)
neg, 0.12688632616944576, right(srz246186717121)
neg, 0.1307626901162914, right(srz246186714778)
neg, 0.23411182129462718, right(srz24618672331)
neg, 0.12688632616944576, right(srz246186716171)
neg, 0.13264769949256902, right(srz24618679207)
neg, 0.1254446385283914, right(srz246186710504)
neg, 0.12688632616944576, right(srz246186716204)
neg, 0.12688632616944576, right(srz246186710182)
neg, 0.23411182129462718, right(srz246186714312)
neg, 0.16534236174919958, right(srz24618676349)
neg, 0.12688632616944576, right(srz24618672971)
neg, 0.12688632616944576, right(srz24618678613)
neg, 0.12688632616944576, right(srz24618677358)
neg, 0.12544463852839138, right(srz246186710819)
neg, 0.12688632616944576, right(srz246186716147)
neg, 0.16534236174919958, right(srz24618676493)
neg, 0.12688632616944576, right(srz24618676704)
neg, 0.12688632616944576, right(srz24618676586)
neg, 0.16534236174919958, right(srz246186710614)
neg, 0.1307626901162914, right(srz246186710448)
neg, 0.16534236174919958, right(srz24618672343)
neg, 0.20238779867379567, right(srz246186712625)
neg, 0.12688632616944576, right(srz24618676842)
neg, 0.12688632616944576, right(srz246186712797)
neg, 0.12688632616944576, right(srz246186716249)
neg, 0.1307626901162914, right(srz246186710029)
neg, 0.12688632616944576, right(srz2461867449)
neg, 0.12688632616944576, right(srz24618672472)
neg, 0.1307626901162914, right(srz246186714681)
neg, 0.12688632616944576, right(srz24618674408)
neg, 0.12688632616944576, right(srz24618676270)
neg, 0.12688632616944576, right(srz246186715959)
neg, 0.18333193000285317, right(srz24618679572)
neg, 0.12688632616944576, right(srz246186715888)
neg, 0.12688632616944576, right(srz246186716130)
neg, 0.12688632616944576, right(srz2461867983)
neg, 0.13264769949256902, right(srz24618679450)
neg, 0.16534236174919958, right(srz246186710956)
neg, 0.1307626901162914, right(srz24618678828)
neg, 0.12688632616944576, right(srz24618678350)
neg, 0.12688632616944576, right(srz246186714329)
neg, 0.12688632616944576, right(srz24618672235)
neg, 0.12688632616944576, right(srz24618678976)
neg, 0.12688632616944576, right(srz246186712651)
neg, 0.12688632616944576, right(srz24618678981)
neg, 0.20238779867379567, right(srz246186711101)
neg, 0.12688632616944576, right(srz246186713663)
neg, 0.12688632616944576, right(srz24618678069)
neg, 0.12688632616944576, right(srz24618677331)
neg, 0.13264769949256902, right(srz24618675854)
neg, 0.12688632616944576, right(srz24618672841)
neg, 0.12688632616944576, right(srz246186712925)
neg, 0.22335882248171707, right(srz246186712791)
neg, 0.12688632616944576, right(srz246186711901)
neg, 0.12688632616944576, right(srz24618677133)
neg, 0.1254446385283914, right(srz246186713101)
neg, 0.23411182129462718, right(srz24618672314)
neg, 0.12688632616944576, right(srz246186712318)
neg, 0.20238779867379567, right(srz24618678278)
neg, 0.20238779867379567, right(srz246186715251)
neg, 0.12688632616944576, right(srz24618678873)
neg, 0.12688632616944576, right(srz24618674161)
neg, 0.13264769949256902, right(srz24618679184)
neg, 0.22335882248171707, right(srz246186714222)
neg, 0.20238779867379567, right(srz24618679881)
neg, 0.12688632616944576, right(srz2461867538)
neg, 0.13264769949256902, right(srz24618675922)
neg, 0.12688632616944576, right(srz24618676050)
neg, 0.23411182129462718, right(srz246186711115)
neg, 0.16534236174919958, right(srz246186713174)
neg, 0.12688632616944576, right(srz24618678680)
neg, 0.16534236174919958, right(srz246186715471)
neg, 0.12688632616944576, right(srz2461867679)
neg, 0.12688632616944576, right(srz24618671641)
neg, 0.12688632616944576, right(srz24618671298)
neg, 0.20238779867379567, right(srz246186712426)
neg, 0.12688632616944576, right(srz24618676845)
neg, 0.12688632616944576, right(srz24618676279)
neg, 0.12688632616944576, right(srz246186715077)
neg, 0.12688632616944576, right(srz24618671277)
neg, 0.12688632616944576, right(srz24618677128)
neg, 0.20238779867379567, right(srz246186713874)
neg, 0.12688632616944576, right(srz24618677520)
neg, 0.12688632616944576, right(srz2461867537)
neg, 0.20238779867379567, right(srz246186714408)
neg, 0.1307626901162914, right(srz246186710408)
neg, 0.13264769949256902, right(srz246186710788)
neg, 0.12688632616944576, right(srz24618671889)
neg, 0.12688632616944576, right(srz2461867277)
neg, 0.20238779867379567, right(srz24618677840)
neg, 0.12688632616944576, right(srz246186714995)
neg, 0.16534236174919958, right(srz24618675190)
neg, 0.12688632616944576, right(srz24618679617)
neg, 0.12688632616944576, right(srz24618673943)
neg, 0.20238779867379567, right(srz246186710999)
neg, 0.12688632616944576, right(srz24618679671)
neg, 0.12688632616944576, right(srz24618676263)
neg, 0.12688632616944576, right(srz246186716669)
neg, 0.12688632616944576, right(srz24618679686)
neg, 0.16534236174919958, right(srz24618672047)
neg, 0.12688632616944576, right(srz246186717159)
neg, 0.12688632616944576, right(srz2461867633)
neg, 0.12688632616944576, right(srz24618674344)
neg, 0.12688632616944576, right(srz24618676200)
neg, 0.16534236174919958, right(srz24618671765)
neg, 0.13264769949256902, right(srz24618679179)
neg, 0.12688632616944576, right(srz24618672027)
neg, 0.12688632616944576, right(srz246186712551)
neg, 0.12688632616944576, right(srz24618677300)
neg, 0.12688632616944576, right(srz24618674867)
neg, 0.12688632616944576, right(srz246186716849)
neg, 0.12688632616944576, right(srz2461867395)
neg, 0.12688632616944576, right(srz24618674409)
neg, 0.12688632616944576, right(srz246186717097)
neg, 0.16534236174919958, right(srz24618676379)
neg, 0.12688632616944576, right(srz24618671330)
neg, 0.12688632616944576, right(srz246186716026)
neg, 0.12688632616944576, right(srz24618671022)
neg, 0.12688632616944576, right(srz246186711689)
neg, 0.12688632616944576, right(srz24618673645)
neg, 0.12688632616944576, right(srz24618672852)
neg, 0.20238779867379567, right(srz246186716788)
neg, 0.20238779867379567, right(srz246186711009)
neg, 0.13264769949256902, right(srz24618675974)
neg, 0.12688632616944576, right(srz246186711042)
neg, 0.12688632616944576, right(srz24618677377)
neg, 0.12688632616944576, right(srz24618672997)
neg, 0.12688632616944576, right(srz24618674802)
neg, 0.20238779867379567, right(srz246186715262)
neg, 0.270952319943303, right(srz24618678108)
neg, 0.23411182129462718, right(srz2461867307)
neg, 0.12688632616944576, right(srz24618674272)
neg, 0.12688632616944576, right(srz246186712094)
neg, 0.22335882248171707, right(srz24618679031)
neg, 0.12688632616944576, right(srz24618672189)
neg, 0.16534236174919958, right(srz246186711429)
neg, 0.1332081935458371, right(srz24618671594)
neg, 0.12688632616944576, right(srz246186717077)
neg, 0.1307626901162914, right(srz24618679982)
neg, 0.13264769949256902, right(srz24618679466)
neg, 0.12688632616944576, right(srz24618677632)
neg, 0.12688632616944576, right(srz24618677979)
neg, 0.20238779867379567, right(srz246186712421)
neg, 0.12688632616944576, right(srz246186716685)
neg, 0.12688632616944576, right(srz2461867246)
neg, 0.1307626901162914, right(srz246186714625)
neg, 0.16534236174919958, right(srz24618671753)
neg, 0.20238779867379567, right(srz24618678279)
neg, 0.16534236174919958, right(srz246186710627)
neg, 0.12688632616944576, right(srz24618676258)
neg, 0.20238779867379567, right(srz246186713548)
neg, 0.18333193000285317, right(srz246186711567)
neg, 0.13264769949256902, right(srz24618675878)
neg, 0.12688632616944576, right(srz24618672231)
neg, 0.12688632616944576, right(srz24618678460)
neg, 0.12688632616944576, right(srz24618676689)
neg, 0.1307626901162914, right(srz246186714362)
neg, 0.12688632616944576, right(srz246186713371)
neg, 0.12688632616944576, right(srz24618674418)
neg, 0.12688632616944576, right(srz246186711724)
neg, 0.1332081935458371, right(srz246186716803)
neg, 0.12688632616944576, right(srz246186716169)
neg, 0.12688632616944576, right(srz24618677555)
neg, 0.12688632616944576, right(srz246186714883)
neg, 0.12688632616944576, right(srz246186710260)
neg, 0.20238779867379567, right(srz24618678782)
neg, 0.1307626901162914, right(srz24618679970)
neg, 0.12688632616944576, right(srz24618672975)
neg, 0.1307626901162914, right(srz24618675155)
neg, 0.12688632616944576, right(srz24618675520)
neg, 0.270952319943303, right(srz24618672137)
neg, 0.12688632616944576, right(srz24618674310)
neg, 0.20238779867379567, right(srz24618678802)
neg, 0.23411182129462718, right(srz2461867341)
neg, 0.12688632616944576, right(srz246186716174)
neg, 0.1307626901162914, right(srz246186712685)
neg, 0.20238779867379567, right(srz24618672399)
neg, 0.13264769949256902, right(srz24618675876)
neg, 0.20238779867379567, right(srz24618675115)
neg, 0.12688632616944576, right(srz246186710146)
neg, 0.23411182129462718, right(srz24618678419)
neg, 0.12688632616944576, right(srz24618671355)
neg, 0.12688632616944576, right(srz2461867943)
neg, 0.20238779867379567, right(srz24618672415)
neg, 0.20238779867379567, right(srz24618676738)
neg, 0.23411182129462718, right(srz24618677728)
neg, 0.20238779867379567, right(srz246186714423)
neg, 0.12688632616944576, right(srz2461867391)
neg, 0.12688632616944576, right(srz246186712099)
neg, 0.12688632616944576, right(srz24618678988)
neg, 0.12688632616944576, right(srz2461867644)
neg, 0.12688632616944576, right(srz24618675209)
neg, 0.1307626901162914, right(srz246186714381)
neg, 0.1307626901162914, right(srz246186710013)
neg, 0.1254446385283914, right(srz246186713212)
neg, 0.279155637061725, right(srz246186712720)
neg, 0.20238779867379567, right(srz24618678794)
neg, 0.12688632616944576, right(srz24618678003)
neg, 0.12688632616944576, right(srz24618674236)
neg, 0.12688632616944576, right(srz24618676245)
neg, 0.20238779867379567, right(srz246186712429)
neg, 0.13264769949256902, right(srz24618675699)
neg, 0.12688632616944576, right(srz246186716844)
neg, 0.12688632616944576, right(srz246186715088)
neg, 0.12688632616944576, right(srz246186712072)
neg, 0.16534236174919958, right(srz246186711467)
neg, 0.12688632616944576, right(srz24618672973)
neg, 0.12688632616944576, right(srz24618678047)
neg, 0.270952319943303, right(srz246186710948)
neg, 0.12688632616944576, right(srz24618676237)
neg, 0.12688632616944576, right(srz24618674952)
neg, 0.13264769949256902, right(srz24618675894)
neg, 0.12688632616944576, right(srz246186716134)
neg, 0.12688632616944576, right(srz24618674433)
neg, 0.12688632616944576, right(srz24618678861)
neg, 0.12688632616944576, right(srz24618672864)
neg, 0.12688632616944576, right(srz24618674429)
neg, 0.12688632616944576, right(srz2461867284)
neg, 0.1307626901162914, right(srz246186715869)
neg, 0.12688632616944576, right(srz24618679846)
neg, 0.16534236174919958, right(srz24618678417)
neg, 0.16534236174919958, right(srz24618675842)
neg, 0.20238779867379567, right(srz246186715293)
neg, 0.12688632616944576, right(srz246186716074)
neg, 0.12688632616944576, right(srz24618674622)
neg, 0.12688632616944576, right(srz24618675468)
neg, 0.1332081935458371, right(srz24618676502)
neg, 0.12688632616944576, right(srz24618674256)
neg, 0.12688632616944576, right(srz24618679841)
neg, 0.12688632616944576, right(srz246186710385)
neg, 0.20238779867379567, right(srz246186711489)
neg, 0.12688632616944576, right(srz246186714469)
neg, 0.12688632616944576, right(srz246186712085)
neg, 0.12688632616944576, right(srz24618676257)
neg, 0.12688632616944576, right(srz246186716666)
neg, 0.12688632616944576, right(srz24618679482)
neg, 0.1307626901162914, right(srz246186710436)
neg, 0.16534236174919958, right(srz246186710605)
neg, 0.12688632616944576, right(srz24618671356)
neg, 0.23411182129462718, right(srz24618679876)
neg, 0.12688632616944576, right(srz24618671474)
neg, 0.12688632616944576, right(srz246186716194)
neg, 0.1307626901162914, right(srz24618676559)
neg, 0.23411182129462718, right(srz2461867306)
neg, 0.12688632616944576, right(srz24618679761)
neg, 0.12688632616944576, right(srz246186715085)
neg, 0.16534236174919958, right(srz246186713123)
neg, 0.12688632616944576, right(srz24618672232)
neg, 0.12688632616944576, right(srz246186714262)
neg, 0.20238779867379567, right(srz246186713549)
neg, 0.16534236174919958, right(srz24618672391)
neg, 0.12688632616944576, right(srz24618672730)
neg, 0.16534236174919958, right(srz246186714224)
neg, 0.12688632616944576, right(srz24618677436)
neg, 0.12688632616944576, right(srz24618678465)
neg, 0.12688632616944576, right(srz246186712235)
neg, 0.20238779867379567, right(srz24618674496)
neg, 0.12688632616944576, right(srz24618677352)
neg, 0.12688632616944576, right(srz24618677660)
neg, 0.12688632616944576, right(srz24618677562)
neg, 0.13264769949256902, right(srz24618675947)
neg, 0.1254446385283914, right(srz246186713090)
neg, 0.23411182129462718, right(srz2461867336)
neg, 0.12688632616944576, right(srz24618677987)
neg, 0.12688632616944576, right(srz24618671461)
neg, 0.1307626901162914, right(srz246186716871)
neg, 0.12688632616944576, right(srz24618672849)
neg, 0.12688632616944576, right(srz246186711824)
neg, 0.23411182129462718, right(srz24618673730)
neg, 0.12688632616944576, right(srz24618679645)
neg, 0.13264769949256902, right(srz246186710767)
neg, 0.20238779867379567, right(srz246186712723)
neg, 0.12688632616944576, right(srz246186711921)
neg, 0.12688632616944576, right(srz246186714434)
neg, 0.12688632616944576, right(srz24618671007)
neg, 0.12688632616944576, right(srz2461867248)
neg, 0.12688632616944576, right(srz24618678436)
neg, 0.16534236174919958, right(srz24618679297)
neg, 0.12688632616944576, right(srz24618676705)
neg, 0.13264769949256902, right(srz24618679226)
neg, 0.12688632616944576, right(srz246186712366)
neg, 0.13264769949256902, right(srz2461867130)
neg, 0.12688632616944576, right(srz24618671246)
neg, 0.12688632616944576, right(srz246186716816)
neg, 0.20238779867379567, right(srz24618676669)
neg, 0.1254446385283914, right(srz246186710551)
neg, 0.13264769949256902, right(srz24618675956)
neg, 0.12688632616944576, right(srz24618671255)
neg, 0.12688632616944576, right(srz246186714914)
neg, 0.12688632616944576, right(srz246186710341)
neg, 0.12688632616944576, right(srz24618677595)
neg, 0.12688632616944576, right(srz246186712371)
neg, 0.12688632616944576, right(srz24618671993)
neg, 0.12688632616944576, right(srz24618677582)
neg, 0.1254446385283914, right(srz246186710665)
neg, 0.20238779867379567, right(srz246186711480)
neg, 0.12688632616944576, right(srz24618673405)
neg, 0.12688632616944576, right(srz24618671398)
neg, 0.12688632616944576, right(srz24618671115)
neg, 0.13264769949256902, right(srz24618679443)
neg, 0.20238779867379567, right(srz246186711265)
neg, 0.12688632616944576, right(srz24618677150)
neg, 0.12688632616944576, right(srz24618678958)
neg, 0.12688632616944576, right(srz24618671012)
neg, 0.12688632616944576, right(srz24618677132)
neg, 0.12688632616944576, right(srz246186710197)
neg, 0.20238779867379567, right(srz246186715291)
neg, 0.12688632616944576, right(srz246186716278)
neg, 0.13264769949256902, right(srz246186745)
neg, 0.12688632616944576, right(srz24618674391)
neg, 0.16534236174919958, right(srz24618677957)
neg, 0.12688632616944576, right(srz24618674822)
neg, 0.20238779867379567, right(srz24618673197)
neg, 0.12688632616944576, right(srz24618674421)
neg, 0.12688632616944576, right(srz246186715368)
neg, 0.12688632616944576, right(srz246186716288)
neg, 0.1307626901162914, right(srz246186714787)
neg, 0.12688632616944576, right(srz24618678445)
neg, 0.20238779867379567, right(srz24618673343)
neg, 0.13264769949256902, right(srz246186713229)
neg, 0.12688632616944576, right(srz24618676215)
neg, 0.12688632616944576, right(srz24618674434)
neg, 0.12688632616944576, right(srz24618677757)
neg, 0.12688632616944576, right(srz24618671494)
neg, 0.20238779867379567, right(srz24618673482)
neg, 0.16534236174919958, right(srz246186710617)
neg, 0.18333193000285317, right(srz246186711560)
neg, 0.12688632616944576, right(srz246186712441)
neg, 0.12688632616944576, right(srz24618671050)
neg, 0.12688632616944576, right(srz246186713830)
neg, 0.12688632616944576, right(srz24618677341)
neg, 0.12688632616944576, right(srz246186710305)
neg, 0.20238779867379567, right(srz246186714128)
neg, 0.1307626901162914, right(srz246186714641)
neg, 0.12544463852839138, right(srz24618676672)
neg, 0.12688632616944576, right(srz246186711965)
neg, 0.12688632616944576, right(srz24618675004)
neg, 0.12688632616944576, right(srz246186713660)
neg, 0.12688632616944576, right(srz24618671908)
neg, 0.12688632616944576, right(srz24618672213)
neg, 0.12688632616944576, right(srz24618677995)
neg, 0.1254446385283914, right(srz246186710533)
neg, 0.12688632616944576, right(srz24618672036)
neg, 0.23411182129462718, right(srz246186711438)
neg, 0.2393699610524666, right(srz24618679163)
neg, 0.12688632616944576, right(srz24618675508)
neg, 0.12688632616944576, right(srz24618677586)
neg, 0.20238779867379567, right(srz246186715252)
neg, 0.13264769949256902, right(srz246186776)
neg, 0.12688632616944576, right(srz24618679538)
neg, 0.12688632616944576, right(srz24618675132)
neg, 0.279155637061725, right(srz246186716543)
neg, 0.12688632616944576, right(srz246186710831)
neg, 0.1254446385283914, right(srz246186710511)
neg, 0.1307626901162914, right(srz246186714738)
neg, 0.12688632616944576, right(srz24618671655)
neg, 0.12688632616944576, right(srz24618676578)
neg, 0.12688632616944576, right(srz24618679540)
neg, 0.12688632616944576, right(srz246186710145)
neg, 0.12688632616944576, right(srz246186716755)
neg, 0.12688632616944576, right(srz246186710360)
neg, 0.12688632616944576, right(srz246186712658)
neg, 0.16534236174919958, right(srz24618676378)
neg, 0.12688632616944576, right(srz24618673161)
neg, 0.23411182129462718, right(srz246186711228)
neg, 0.20238779867379567, right(srz246186711263)
neg, 0.12688632616944576, right(srz24618678335)
neg, 0.16534236174919958, right(srz246186713713)
neg, 0.16534236174919958, right(srz24618671727)
neg, 0.16534236174919958, right(srz246186717187)
neg, 0.12688632616944576, right(srz24618678953)
neg, 0.12688632616944576, right(srz246186711904)
neg, 0.1307626901162914, right(srz246186714707)
neg, 0.12688632616944576, right(srz24618677583)
neg, 0.12688632616944576, right(srz246186713956)
neg, 0.12688632616944576, right(srz246186715619)
neg, 0.16534236174919958, right(srz24618671716)
neg, 0.22335882248171707, right(srz24618673354)
neg, 0.12688632616944576, right(srz24618672590)
neg, 0.12688632616944576, right(srz246186711855)
neg, 0.12688632616944576, right(srz24618672171)
neg, 0.20238779867379567, right(srz24618673203)
neg, 0.12688632616944576, right(srz246186716829)
neg, 0.12688632616944576, right(srz24618673541)
neg, 0.13264769949256902, right(srz2461867125)
neg, 0.12688632616944576, right(srz24618671191)
neg, 0.16534236174919958, right(srz24618671936)
neg, 0.1254446385283914, right(srz246186713211)
neg, 0.1307626901162914, right(srz246186715836)
neg, 0.20238779867379567, right(srz24618679925)
neg, 0.12688632616944576, right(srz24618672278)
neg, 0.12688632616944576, right(srz246186716187)
neg, 0.12688632616944576, right(srz246186711836)
neg, 0.1307626901162914, right(srz246186714330)
neg, 0.12688632616944576, right(srz246186710140)
neg, 0.20238779867379567, right(srz246186716605)
neg, 0.16534236174919958, right(srz24618672359)
neg, 0.12688632616944576, right(srz24618671303)
neg, 0.12688632616944576, right(srz246186710361)
neg, 0.12688632616944576, right(srz2461867871)
neg, 0.20238779867379567, right(srz246186712678)
neg, 0.12688632616944576, right(srz246186711788)
neg, 0.12688632616944576, right(srz24618675492)
neg, 0.12688632616944576, right(srz246186711804)
neg, 0.20238779867379567, right(srz246186715552)
neg, 0.12688632616944576, right(srz24618674414)
neg, 0.16534236174919958, right(srz246186713132)
neg, 0.12688632616944576, right(srz24618672866)
neg, 0.13264769949256902, right(srz246186710703)
neg, 0.12688632616944576, right(srz24618671880)
neg, 0.12688632616944576, right(srz246186712077)
neg, 0.12688632616944576, right(srz2461867642)
neg, 0.16534236174919958, right(srz246186710609)
neg, 0.12688632616944576, right(srz246186711673)
neg, 0.12688632616944576, right(srz24618673507)
neg, 0.12688632616944576, right(srz24618676423)
neg, 0.18333193000285317, right(srz24618679592)
neg, 0.12688632616944576, right(srz24618672207)
neg, 0.12688632616944576, right(srz24618673449)
neg, 0.12688632616944576, right(srz246186711860)
neg, 0.16534236174919958, right(srz246186714300)
neg, 0.20238779867379567, right(srz246186715250)
neg, 0.16534236174919958, right(srz24618671770)
neg, 0.2393699610524666, right(srz24618679132)
neg, 0.12688632616944576, right(srz24618672907)
neg, 0.1307626901162914, right(srz246186715841)
neg, 0.20238779867379567, right(srz24618674755)
neg, 0.12688632616944576, right(srz24618677516)
neg, 0.12688632616944576, right(srz2461867450)
neg, 0.13264769949256902, right(srz24618675964)
neg, 0.1307626901162914, right(srz24618679989)
neg, 0.12688632616944576, right(srz246186715098)
neg, 0.13264769949256902, right(srz24618675891)
neg, 0.12688632616944576, right(srz24618671082)
neg, 0.12688632616944576, right(srz24618674672)
neg, 0.12688632616944576, right(srz24618672593)
neg, 0.13264769949256902, right(srz246186713230)
neg, 0.12688632616944576, right(srz24618677527)
neg, 0.12688632616944576, right(srz24618674296)
neg, 0.12688632616944576, right(srz24618671042)
neg, 0.13264769949256902, right(srz246186710795)
neg, 0.12688632616944576, right(srz246186711789)
neg, 0.12688632616944576, right(srz246186717081)
neg, 0.13264769949256902, right(srz24618675961)
neg, 0.12688632616944576, right(srz24618672448)
neg, 0.12688632616944576, right(srz246186713002)
neg, 0.20238779867379567, right(srz24618675403)
neg, 0.12688632616944576, right(srz246186715176)
neg, 0.12688632616944576, right(srz2461867870)
neg, 0.12688632616944576, right(srz24618674359)
neg, 0.20238779867379567, right(srz24618677855)
neg, 0.12688632616944576, right(srz246186717137)
neg, 0.12688632616944576, right(srz246186716701)
neg, 0.12688632616944576, right(srz24618672576)
neg, 0.12688632616944576, right(srz24618671156)
neg, 0.12688632616944576, right(srz24618677322)
neg, 0.1307626901162914, right(srz246186714633)
neg, 0.16534236174919958, right(srz246186717191)
neg, 0.2393699610524666, right(srz24618679168)
neg, 0.20238779867379567, right(srz246186712617)
neg, 0.20238779867379567, right(srz246186714415)
neg, 0.12688632616944576, right(srz246186713948)
neg, 0.20238779867379567, right(srz246186713554)
neg, 0.12688632616944576, right(srz24618671084)
neg, 0.20238779867379567, right(srz24618678653)
neg, 0.22335882248171707, right(srz24618678558)
neg, 0.12688632616944576, right(srz246186715945)
neg, 0.12688632616944576, right(srz24618676016)
neg, 0.12688632616944576, right(srz24618677044)
neg, 0.12688632616944576, right(srz246186716862)
neg, 0.12688632616944576, right(srz246186715097)
neg, 0.12688632616944576, right(srz246186715988)
neg, 0.12688632616944576, right(srz24618671066)
neg, 0.12688632616944576, right(srz246186712129)
neg, 0.12688632616944576, right(srz24618676914)
neg, 0.12688632616944576, right(srz246186712966)
neg, 0.12688632616944576, right(srz24618678338)
neg, 0.12688632616944576, right(srz246186711783)
neg, 0.270952319943303, right(srz246186710954)
neg, 0.12688632616944576, right(srz246186716152)
neg, 0.12688632616944576, right(srz24618672639)
neg, 0.12688632616944576, right(srz2461867273)
neg, 0.13264769949256902, right(srz246186772)
neg, 0.1307626901162914, right(srz246186713850)
neg, 0.1254446385283914, right(srz246186713062)
neg, 0.12688632616944576, right(srz2461867623)
neg, 0.12688632616944576, right(srz246186711818)
neg, 0.16534236174919958, right(srz246186716473)
neg, 0.12688632616944576, right(srz246186712457)
neg, 0.16534236174919958, right(srz246186713160)
neg, 0.12688632616944576, right(srz24618674205)
neg, 0.12688632616944576, right(srz24618677649)
neg, 0.12688632616944576, right(srz24618672182)
neg, 0.1307626901162914, right(srz246186710010)
neg, 0.1307626901162914, right(srz246186714612)
neg, 0.12688632616944576, right(srz24618676106)
neg, 0.12688632616944576, right(srz246186713027)
neg, 0.20238779867379567, right(srz246186711301)
neg, 0.12688632616944576, right(srz24618672607)
neg, 0.12688632616944576, right(srz24618675205)
neg, 0.18333193000285317, right(srz24618679582)
neg, 0.12688632616944576, right(srz246186710840)
neg, 0.12688632616944576, right(srz2461867975)
neg, 0.23411182129462718, right(srz246186714118)
neg, 0.16534236174919958, right(srz24618671694)
neg, 0.12688632616944576, right(srz24618677487)
neg, 0.12688632616944576, right(srz24618671834)
neg, 0.12688632616944576, right(srz24618676839)
neg, 0.12688632616944576, right(srz24618674253)
neg, 0.12688632616944576, right(srz24618679943)
neg, 0.12688632616944576, right(srz246186713004)
neg, 0.12688632616944576, right(srz24618674413)
neg, 0.20238779867379567, right(srz246186711264)
neg, 0.12688632616944576, right(srz24618677871)
neg, 0.1307626901162914, right(srz246186714679)
neg, 0.12688632616944576, right(srz2461867969)
neg, 0.23411182129462718, right(srz246186715476)
neg, 0.12688632616944576, right(srz24618674458)
neg, 0.12688632616944576, right(srz246186713408)
neg, 0.270952319943303, right(srz246186710940)
neg, 0.1307626901162914, right(srz24618676606)
neg, 0.20238779867379567, right(srz246186712730)
neg, 0.1332081935458371, right(srz2461867618)
neg, 0.12688632616944576, right(srz24618674384)
neg, 0.12688632616944576, right(srz24618671347)
neg, 0.16534236174919958, right(srz2461867319)
neg, 0.12688632616944576, right(srz24618671831)
neg, 0.20238779867379567, right(srz24618676737)
neg, 0.12688632616944576, right(srz24618672206)
neg, 0.12688632616944576, right(srz246186711752)
neg, 0.12688632616944576, right(srz24618675226)
neg, 0.12688632616944576, right(srz24618674789)
neg, 0.12688632616944576, right(srz24618677446)
neg, 0.12688632616944576, right(srz24618674230)
neg, 0.12688632616944576, right(srz24618671089)
neg, 0.12688632616944576, right(srz246186714318)
neg, 0.12688632616944576, right(srz246186716156)
neg, 0.12688632616944576, right(srz24618679489)
neg, 0.270952319943303, right(srz246186711412)
neg, 0.12688632616944576, right(srz24618679849)
neg, 0.13264769949256902, right(srz246186791)
neg, 0.270952319943303, right(srz24618672140)
neg, 0.13264769949256902, right(srz246186713250)
neg, 0.20238779867379567, right(srz24618678146)
neg, 0.12688632616944576, right(srz246186713662)
neg, 0.12688632616944576, right(srz246186714501)
neg, 0.12688632616944576, right(srz246186715445)
neg, 0.12688632616944576, right(srz246186716342)
neg, 0.12688632616944576, right(srz246186714892)
neg, 0.1307626901162914, right(srz246186714782)
neg, 0.12688632616944576, right(srz24618673139)
neg, 0.20238779867379567, right(srz246186711234)
neg, 0.16534236174919958, right(srz24618679268)
neg, 0.1307626901162914, right(srz24618676588)
neg, 0.16534236174919958, right(srz246186714310)
neg, 0.12688632616944576, right(srz2461867663)
neg, 0.12688632616944576, right(srz246186711350)
neg, 0.12688632616944576, right(srz24618675340)
neg, 0.16534236174919958, right(srz246186716511)
neg, 0.13264769949256902, right(srz2461867129)
neg, 0.20238779867379567, right(srz246186713556)
neg, 0.12688632616944576, right(srz246186711753)
neg, 0.12688632616944576, right(srz24618674653)
neg, 0.16534236174919958, right(srz24618672571)
neg, 0.12688632616944576, right(srz246186715359)
neg, 0.12688632616944576, right(srz24618671271)
neg, 0.12688632616944576, right(srz246186711864)
neg, 0.12688632616944576, right(srz246186716691)
neg, 0.13264769949256902, right(srz24618675962)
neg, 0.1307626901162914, right(srz246186710411)
neg, 0.23411182129462718, right(srz24618674736)
neg, 0.16534236174919958, right(srz246186716431)
neg, 0.12688632616944576, right(srz24618671181)
neg, 0.12688632616944576, right(srz24618677453)
neg, 0.12688632616944576, right(srz24618671360)
neg, 0.12688632616944576, right(srz246186714902)
neg, 0.23411182129462718, right(srz24618679859)
neg, 0.12688632616944576, right(srz24618677600)
neg, 0.12688632616944576, right(srz24618677414)
neg, 0.12688632616944576, right(srz24618673657)
neg, 0.20238779867379567, right(srz24618678783)
neg, 0.12688632616944576, right(srz246186713385)
neg, 0.12688632616944576, right(srz24618677311)
neg, 0.20238779867379567, right(srz24618675111)
neg, 0.12688632616944576, right(srz24618677402)
neg, 0.12688632616944576, right(srz246186714901)
neg, 0.12688632616944576, right(srz24618675623)
neg, 0.12688632616944576, right(srz24618675476)
neg, 0.12688632616944576, right(srz24618679102)
neg, 0.12688632616944576, right(srz24618676572)
neg, 0.12688632616944576, right(srz246186716330)
neg, 0.12688632616944576, right(srz24618676975)
neg, 0.22335882248171707, right(srz246186714220)
neg, 0.12688632616944576, right(srz246186711966)
neg, 0.12688632616944576, right(srz24618671338)
neg, 0.12688632616944576, right(srz24618673462)
neg, 0.12688632616944576, right(srz24618673658)
neg, 0.12688632616944576, right(srz246186716644)
neg, 0.12688632616944576, right(srz246186716292)
neg, 0.16534236174919958, right(srz246186713124)
neg, 0.12688632616944576, right(srz246186715437)
neg, 0.12688632616944576, right(srz24618678365)
neg, 0.23411182129462718, right(srz24618678529)
neg, 0.12688632616944576, right(srz24618671134)
neg, 0.1307626901162914, right(srz246186710412)
neg, 0.18333193000285317, right(srz24618679574)
neg, 0.12688632616944576, right(srz24618675338)
neg, 0.12688632616944576, right(srz246186717018)
neg, 0.12688632616944576, right(srz24618672008)
neg, 0.13264769949256902, right(srz246186710489)
neg, 0.20238779867379567, right(srz24618678153)
neg, 0.12688632616944576, right(srz246186710184)
neg, 0.12688632616944576, right(srz24618674825)
neg, 0.16534236174919958, right(srz246186710663)
neg, 0.12688632616944576, right(srz24618676533)
neg, 0.12688632616944576, right(srz246186713828)
neg, 0.12688632616944576, right(srz246186713988)
neg, 0.16534236174919958, right(srz246186713183)
neg, 0.12688632616944576, right(srz24618675020)
neg, 0.12688632616944576, right(srz24618674376)
neg, 0.12688632616944576, right(srz246186716322)
neg, 0.20238779867379567, right(srz246186711506)
neg, 0.12688632616944576, right(srz246186713752)
neg, 0.12688632616944576, right(srz24618673395)
neg, 0.12688632616944576, right(srz24618673602)
neg, 0.12688632616944576, right(srz24618671805)
neg, 0.13264769949256902, right(srz246186710808)
neg, 0.13264769949256902, right(srz24618675687)
neg, 0.12688632616944576, right(srz24618673607)
neg, 0.12688632616944576, right(srz24618671604)
neg, 0.16534236174919958, right(srz24618671928)
neg, 0.12688632616944576, right(srz24618674321)
neg, 0.23411182129462718, right(srz246186711220)
neg, 0.12688632616944576, right(srz24618674238)
neg, 0.12688632616944576, right(srz246186716387)
neg, 0.1254446385283914, right(srz246186713116)
neg, 0.12688632616944576, right(srz246186711785)
neg, 0.12688632616944576, right(srz24618671832)
neg, 0.12688632616944576, right(srz24618672891)
neg, 0.12688632616944576, right(srz24618671981)
neg, 0.1307626901162914, right(srz24618675048)
neg, 0.12688632616944576, right(srz246186714449)
neg, 0.12688632616944576, right(srz24618677421)
neg, 0.23411182129462718, right(srz24618673773)
neg, 0.12688632616944576, right(srz246186712962)
neg, 0.13264769949256902, right(srz2461867143)
neg, 0.12688632616944576, right(srz24618671202)
neg, 0.12688632616944576, right(srz24618671872)
neg, 0.12688632616944576, right(srz2461867528)
neg, 0.12688632616944576, right(srz24618677552)
neg, 0.12688632616944576, right(srz2461867949)
neg, 0.12688632616944576, right(srz24618673656)
neg, 0.12688632616944576, right(srz24618678678)
neg, 0.16534236174919958, right(srz2461867777)
neg, 0.12688632616944576, right(srz2461867965)
neg, 0.16534236174919958, right(srz246186716507)
neg, 0.12688632616944576, right(srz246186712384)
neg, 0.12688632616944576, right(srz246186714255)
neg, 0.13264769949256902, right(srz24618679451)
neg, 0.13264769949256902, right(srz24618679175)
neg, 0.12688632616944576, right(srz246186714920)
neg, 0.1307626901162914, right(srz246186714712)
neg, 0.16534236174919958, right(srz2461867323)
neg, 0.12688632616944576, right(srz246186715344)
neg, 0.20238779867379567, right(srz246186712644)
neg, 0.12688632616944576, right(srz24618674678)
neg, 0.1307626901162914, right(srz24618676553)
neg, 0.12688632616944576, right(srz24618676095)
neg, 0.12688632616944576, right(srz24618673413)
neg, 0.12688632616944576, right(srz246186712542)
neg, 0.12688632616944576, right(srz24618674420)
neg, 0.12688632616944576, right(srz246186713380)
neg, 0.16534236174919958, right(srz2461867353)
neg, 0.2516790776782916, right(srz246186714585)
neg, 0.12688632616944576, right(srz246186711726)
neg, 0.20238779867379567, right(srz24618673217)
neg, 0.23411182129462718, right(srz24618675176)
neg, 0.12688632616944576, right(srz24618677329)
neg, 0.12688632616944576, right(srz246186714360)
neg, 0.12688632616944576, right(srz24618673932)
neg, 0.20238779867379567, right(srz24618673748)
neg, 0.16534236174919958, right(srz2461867316)
neg, 0.12688632616944576, right(srz246186717089)
neg, 0.20238779867379567, right(srz246186712836)
neg, 0.12688632616944576, right(srz2461867368)
neg, 0.12688632616944576, right(srz24618676626)
neg, 0.12688632616944576, right(srz246186715068)
neg, 0.12688632616944576, right(srz246186716362)
neg, 0.12688632616944576, right(srz24618675015)
neg, 0.16534236174919958, right(srz246186710634)
neg, 0.13264769949256902, right(srz24618679357)
neg, 0.12688632616944576, right(srz24618677661)
neg, 0.23411182129462718, right(srz246186713881)
neg, 0.12688632616944576, right(srz246186712084)
neg, 0.12688632616944576, right(srz246186711355)
neg, 0.16534236174919958, right(srz24618671779)
neg, 0.12688632616944576, right(srz24618678571)
neg, 0.12688632616944576, right(srz24618676234)
neg, 0.13264769949256902, right(srz246186753)
neg, 0.23411182129462718, right(srz246186711217)
neg, 0.12688632616944576, right(srz24618677017)
neg, 0.12688632616944576, right(srz246186711085)
neg, 0.12688632616944576, right(srz246186716160)
neg, 0.12688632616944576, right(srz24618671810)
neg, 0.12688632616944576, right(srz24618671677)
neg, 0.20238779867379567, right(srz24618674928)
neg, 0.12688632616944576, right(srz246186714454)
neg, 0.12688632616944576, right(srz24618672015)
neg, 0.13264769949256902, right(srz24618675713)
neg, 0.16534236174919958, right(srz246186711447)
neg, 0.12688632616944576, right(srz246186712010)
neg, 0.12688632616944576, right(srz246186711754)
neg, 0.12688632616944576, right(srz24618676218)
neg, 0.12688632616944576, right(srz24618678043)
neg, 0.12688632616944576, right(srz246186715967)
neg, 0.12688632616944576, right(srz246186713012)
neg, 0.12688632616944576, right(srz24618677386)
neg, 0.12688632616944576, right(srz24618671321)
neg, 0.12688632616944576, right(srz246186711830)
neg, 0.12688632616944576, right(srz24618674367)
neg, 0.12688632616944576, right(srz2461867474)
neg, 0.1254446385283914, right(srz2461867914)
neg, 0.16534236174919958, right(srz24618675846)
neg, 0.1254446385283914, right(srz246186713076)
neg, 0.12688632616944576, right(srz24618672617)
neg, 0.12688632616944576, right(srz24618673368)
neg, 0.12688632616944576, right(srz24618678692)
neg, 0.12688632616944576, right(srz24618675349)
neg, 0.12688632616944576, right(srz24618677798)
neg, 0.12688632616944576, right(srz24618676833)
neg, 0.13264769949256902, right(srz246186710702)
neg, 0.23411182129462718, right(srz24618672312)
neg, 0.12688632616944576, right(srz246186713632)
neg, 0.13264769949256902, right(srz24618675706)
neg, 0.12688632616944576, right(srz246186714511)
neg, 0.12688632616944576, right(srz246186716311)
neg, 0.16534236174919958, right(srz246186714298)
neg, 0.12688632616944576, right(srz24618679524)
neg, 0.12688632616944576, right(srz246186716041)
neg, 0.12688632616944576, right(srz24618675506)
neg, 0.12688632616944576, right(srz246186714930)
neg, 0.12688632616944576, right(srz246186710373)
neg, 0.12688632616944576, right(srz246186716351)
neg, 0.12688632616944576, right(srz246186711924)
neg, 0.12688632616944576, right(srz24618673421)
neg, 0.12688632616944576, right(srz246186714482)
neg, 0.12688632616944576, right(srz24618676114)
neg, 0.23411182129462718, right(srz24618673469)
neg, 0.12688632616944576, right(srz246186714251)
neg, 0.23411182129462718, right(srz24618678512)
neg, 0.20238779867379567, right(srz246186713462)
neg, 0.20238779867379567, right(srz24618673486)
neg, 0.12688632616944576, right(srz246186712804)
neg, 0.12688632616944576, right(srz24618671376)
neg, 0.12688632616944576, right(srz246186716378)
neg, 0.16534236174919958, right(srz246186716421)
neg, 0.12688632616944576, right(srz246186712584)
neg, 0.12688632616944576, right(srz24618672013)
neg, 0.1307626901162914, right(srz246186714613)
neg, 0.20238779867379567, right(srz246186711256)
neg, 0.12688632616944576, right(srz24618676109)
neg, 0.16534236174919958, right(srz24618672307)
neg, 0.12688632616944576, right(srz24618674598)
neg, 0.12688632616944576, right(srz24618671119)
neg, 0.1307626901162914, right(srz24618679966)
neg, 0.12688632616944576, right(srz246186716397)
neg, 0.12688632616944576, right(srz24618674601)
neg, 0.12688632616944576, right(srz2461867685)
neg, 0.13264769949256902, right(srz246186710486)
neg, 0.12688632616944576, right(srz24618677512)
neg, 0.12688632616944576, right(srz2461867940)
neg, 0.13264769949256902, right(srz24618679395)
neg, 0.12688632616944576, right(srz24618674835)
neg, 0.12688632616944576, right(srz246186715183)
neg, 0.23411182129462718, right(srz24618679910)
neg, 0.12688632616944576, right(srz246186716395)
neg, 0.12688632616944576, right(srz246186712539)
neg, 0.12688632616944576, right(srz24618672972)
neg, 0.12688632616944576, right(srz24618674612)
neg, 0.1307626901162914, right(srz246186714784)
neg, 0.12688632616944576, right(srz24618672812)
neg, 0.12688632616944576, right(srz24618672585)
neg, 0.12688632616944576, right(srz24618671179)
neg, 0.12688632616944576, right(srz24618676801)
neg, 0.12688632616944576, right(srz24618671648)
neg, 0.12688632616944576, right(srz24618675139)
neg, 0.20238779867379567, right(srz24618676764)
neg, 0.12688632616944576, right(srz24618677775)
neg, 0.12688632616944576, right(srz24618673420)
neg, 0.12688632616944576, right(srz24618674305)
neg, 0.12688632616944576, right(srz246186715925)
neg, 0.12688632616944576, right(srz24618674252)
neg, 0.12688632616944576, right(srz246186714953)
neg, 0.16534236174919958, right(srz246186716537)
neg, 0.12688632616944576, right(srz24618678386)
neg, 0.12688632616944576, right(srz24618677575)
neg, 0.12688632616944576, right(srz246186715064)
neg, 0.12688632616944576, right(srz2461867495)
neg, 0.12688632616944576, right(srz24618671344)
neg, 0.16534236174919958, right(srz24618672421)
neg, 0.12688632616944576, right(srz246186716647)
neg, 0.12688632616944576, right(srz24618676980)
neg, 0.12688632616944576, right(srz24618678336)
neg, 0.12688632616944576, right(srz246186712237)
neg, 0.12688632616944576, right(srz246186717169)
neg, 0.12688632616944576, right(srz24618671349)
neg, 0.16534236174919958, right(srz246186715464)
neg, 0.12688632616944576, right(srz24618678070)
neg, 0.12688632616944576, right(srz24618671056)
neg, 0.12688632616944576, right(srz246186712088)
neg, 0.12688632616944576, right(srz24618676569)
neg, 0.12688632616944576, right(srz246186710321)
neg, 0.12688632616944576, right(srz24618677381)
neg, 0.18333193000285317, right(srz24618675660)
neg, 0.1332081935458371, right(srz24618677978)
neg, 0.1307626901162914, right(srz246186714365)
neg, 0.12688632616944576, right(srz24618674334)
neg, 0.12688632616944576, right(srz24618676789)
neg, 0.1307626901162914, right(srz246186715647)
neg, 0.20238779867379567, right(srz246186712739)
neg, 0.12688632616944576, right(srz24618674325)
neg, 0.12688632616944576, right(srz24618672987)
neg, 0.12688632616944576, right(srz246186710324)
neg, 0.20238779867379567, right(srz246186715242)
neg, 0.12688632616944576, right(srz24618671991)
neg, 0.12688632616944576, right(srz246186714882)
neg, 0.20238779867379567, right(srz24618674571)
neg, 0.13264769949256902, right(srz24618675858)
neg, 0.13264769949256902, right(srz24618679375)
neg, 0.12688632616944576, right(srz24618673550)
neg, 0.20238779867379567, right(srz24618678210)
neg, 0.12688632616944576, right(srz24618672885)
neg, 0.12688632616944576, right(srz24618678343)
neg, 0.12688632616944576, right(srz24618675183)
neg, 0.20238779867379567, right(srz246186712618)
neg, 0.12688632616944576, right(srz24618671406)
neg, 0.12688632616944576, right(srz246186717015)
neg, 0.16534236174919958, right(srz24618675806)
neg, 0.13264769949256902, right(srz246186713339)
neg, 0.12688632616944576, right(srz246186711702)
neg, 0.12688632616944576, right(srz24618671220)
neg, 0.12688632616944576, right(srz246186716994)
neg, 0.1307626901162914, right(srz246186714645)
neg, 0.12688632616944576, right(srz24618672683)
neg, 0.12688632616944576, right(srz24618673118)
neg, 0.16534236174919958, right(srz2461867604)
neg, 0.20238779867379567, right(srz24618673746)
neg, 0.1254446385283914, right(srz246186710501)
neg, 0.12688632616944576, right(srz246186713477)
neg, 0.12688632616944576, right(srz24618677641)
neg, 0.12688632616944576, right(srz24618673516)
neg, 0.12688632616944576, right(srz246186717120)
neg, 0.1307626901162914, right(srz246186710420)
neg, 0.12688632616944576, right(srz24618678882)
neg, 0.12688632616944576, right(srz24618673907)
neg, 0.12688632616944576, right(srz246186711942)
neg, 0.12688632616944576, right(srz246186715373)
neg, 0.23411182129462718, right(srz24618673030)
neg, 0.12688632616944576, right(srz24618675627)
neg, 0.12688632616944576, right(srz24618673557)
neg, 0.20238779867379567, right(srz24618678918)
neg, 0.12688632616944576, right(srz246186713585)
neg, 0.12688632616944576, right(srz24618677642)
neg, 0.12688632616944576, right(srz24618676427)
neg, 0.12688632616944576, right(srz2461867686)
neg, 0.20238779867379567, right(srz24618676769)
neg, 0.16534236174919958, right(srz24618672420)
neg, 0.12688632616944576, right(srz24618676043)
neg, 0.12688632616944576, right(srz246186714979)
neg, 0.16534236174919958, right(srz246186713166)
neg, 0.16534236174919958, right(srz24618673884)
neg, 0.279155637061725, right(srz246186712718)
neg, 0.12688632616944576, right(srz24618675011)
neg, 0.12688632616944576, right(srz246186714932)
neg, 0.13264769949256902, right(srz246186768)
neg, 0.12688632616944576, right(srz246186716162)
neg, 0.12688632616944576, right(srz246186713415)
neg, 0.12688632616944576, right(srz24618678602)
neg, 0.12688632616944576, right(srz24618671345)
neg, 0.20238779867379567, right(srz246186713552)
neg, 0.12688632616944576, right(srz246186714843)
neg, 0.12688632616944576, right(srz24618671072)
neg, 0.13264769949256902, right(srz24618679408)
neg, 0.12688632616944576, right(srz24618671000)
neg, 0.1254446385283914, right(srz246186713216)
neg, 0.1307626901162914, right(srz246186714691)
neg, 0.12688632616944576, right(srz246186710332)
neg, 0.12688632616944576, right(srz24618675144)
neg, 0.16534236174919958, right(srz246186713818)
neg, 0.12688632616944576, right(srz246186712279)
neg, 0.12688632616944576, right(srz246186717168)
neg, 0.1307626901162914, right(srz246186713841)
neg, 0.12688632616944576, right(srz24618674993)
neg, 0.20238779867379567, right(srz246186712627)
neg, 0.12688632616944576, right(srz24618677422)
neg, 0.1254446385283914, right(srz246186710519)
neg, 0.20238779867379567, right(srz246186714416)
neg, 0.18333193000285317, right(srz24618679603)
neg, 0.12688632616944576, right(srz24618672932)
neg, 0.16534236174919958, right(srz24618676345)
neg, 0.12688632616944576, right(srz24618675609)
neg, 0.12688632616944576, right(srz246186711744)
neg, 0.1332081935458371, right(srz24618674640)
neg, 0.2393699610524666, right(srz24618679165)
neg, 0.12688632616944576, right(srz246186713598)
neg, 0.12688632616944576, right(srz24618672258)
neg, 0.12688632616944576, right(srz24618674206)
neg, 0.16534236174919958, right(srz246186713203)
neg, 0.12688632616944576, right(srz24618671964)
neg, 0.12688632616944576, right(srz246186713658)
neg, 0.12688632616944576, right(srz246186714256)
neg, 0.20238779867379567, right(srz246186714137)
neg, 0.23411182129462718, right(srz24618676393)
neg, 0.12688632616944576, right(srz24618679936)
neg, 0.1307626901162914, right(srz24618675036)
neg, 0.12688632616944576, right(srz24618671178)
neg, 0.20238779867379567, right(srz246186711270)
neg, 0.12688632616944576, right(srz24618677519)
neg, 0.12688632616944576, right(srz246186712127)
neg, 0.12688632616944576, right(srz246186710130)
neg, 0.16534236174919958, right(srz2461867206)
neg, 0.12688632616944576, right(srz24618677281)
neg, 0.12688632616944576, right(srz24618674392)
neg, 0.16534236174919958, right(srz246186716973)
neg, 0.12688632616944576, right(srz24618675521)
neg, 0.23411182129462718, right(srz24618678642)
neg, 0.12688632616944576, right(srz24618671317)
neg, 0.12688632616944576, right(srz246186710357)
neg, 0.20238779867379567, right(srz24618673285)
neg, 0.12688632616944576, right(srz24618673129)
neg, 0.12688632616944576, right(srz246186715638)
neg, 0.23411182129462718, right(srz24618674740)
neg, 0.12688632616944576, right(srz24618676850)
neg, 0.20238779867379567, right(srz24618676950)
neg, 0.12688632616944576, right(srz24618672922)
neg, 0.12688632616944576, right(srz24618674781)
neg, 0.12688632616944576, right(srz24618674838)
neg, 0.12688632616944576, right(srz24618678452)
neg, 0.12688632616944576, right(srz24618675471)
neg, 0.1254446385283914, right(srz2461867928)
neg, 0.12688632616944576, right(srz2461867390)
neg, 0.12688632616944576, right(srz24618677337)
neg, 0.12688632616944576, right(srz24618672756)
neg, 0.12688632616944576, right(srz24618674248)
neg, 0.12688632616944576, right(srz24618676107)
neg, 0.16534236174919958, right(srz246186711457)
neg, 0.12688632616944576, right(srz246186714071)
neg, 0.20238779867379567, right(srz246186711507)
neg, 0.12688632616944576, right(srz246186714896)
neg, 0.16534236174919958, right(srz246186716509)
neg, 0.23411182129462718, right(srz24618676660)
neg, 0.12688632616944576, right(srz2461867650)
neg, 0.12688632616944576, right(srz24618672770)
neg, 0.13264769949256902, right(srz246186754)
neg, 0.12688632616944576, right(srz246186712047)
neg, 0.12688632616944576, right(srz24618673639)
neg, 0.12688632616944576, right(srz246186712812)
neg, 0.12688632616944576, right(srz246186711191)
neg, 0.12688632616944576, right(srz246186715611)
neg, 0.12688632616944576, right(srz246186711317)
neg, 0.12688632616944576, right(srz246186715900)
neg, 0.12688632616944576, right(srz24618676580)
neg, 0.20238779867379567, right(srz246186711491)
neg, 0.12688632616944576, right(srz246186710171)
neg, 0.16534236174919958, right(srz24618671934)
neg, 0.12688632616944576, right(srz24618671071)
neg, 0.12688632616944576, right(srz246186711731)
neg, 0.20238779867379567, right(srz246186714419)
neg, 0.12688632616944576, right(srz24618679518)
neg, 0.12688632616944576, right(srz24618673162)
neg, 0.13264769949256902, right(srz246186710696)
neg, 0.12688632616944576, right(srz24618673448)
neg, 0.12688632616944576, right(srz24618672813)
neg, 0.13264769949256902, right(srz24618679327)
neg, 0.20238779867379567, right(srz24618678913)
neg, 0.12688632616944576, right(srz246186713595)
neg, 0.12688632616944576, right(srz24618674239)
neg, 0.16534236174919958, right(srz246186711426)
neg, 0.20238779867379567, right(srz24618673780)
neg, 0.12688632616944576, right(srz24618672026)
neg, 0.12688632616944576, right(srz246186716097)
neg, 0.13264769949256902, right(srz24618675902)
neg, 0.16534236174919958, right(srz24618675811)
neg, 0.1332081935458371, right(srz24618671605)
neg, 0.12688632616944576, right(srz246186711697)
neg, 0.16534236174919958, right(srz2461867710)
neg, 0.13264769949256902, right(srz246186710686)
neg, 0.12688632616944576, right(srz246186715997)
neg, 0.12688632616944576, right(srz2461867976)
neg, 0.12688632616944576, right(srz24618673605)
neg, 0.2516790776782916, right(srz24618679082)
neg, 0.12688632616944576, right(srz24618676993)
neg, 0.12688632616944576, right(srz24618673104)
neg, 0.23411182129462718, right(srz24618676731)
neg, 0.12688632616944576, right(srz246186712230)
neg, 0.12688632616944576, right(srz24618679504)
neg, 0.13264769949256902, right(srz24618673)
neg, 0.1307626901162914, right(srz246186714629)
neg, 0.12688632616944576, right(srz24618676818)
neg, 0.12688632616944576, right(srz2461867564)
neg, 0.12688632616944576, right(srz246186714810)
neg, 0.16534236174919958, right(srz24618679264)
neg, 0.12688632616944576, right(srz246186715961)
neg, 0.12688632616944576, right(srz24618677245)
neg, 0.20238779867379567, right(srz246186715300)
neg, 0.20238779867379567, right(srz24618673738)
neg, 0.12688632616944576, right(srz24618676713)
neg, 0.2516790776782916, right(srz246186714586)
neg, 0.12688632616944576, right(srz24618672760)
neg, 0.12688632616944576, right(srz24618672776)
neg, 0.12688632616944576, right(srz246186713945)
neg, 0.12688632616944576, right(srz24618679491)
neg, 0.12688632616944576, right(srz24618672802)
neg, 0.12688632616944576, right(srz246186711835)
neg, 0.12688632616944576, right(srz246186716319)
neg, 0.16534236174919958, right(srz246186710662)
neg, 0.12688632616944576, right(srz24618672259)
neg, 0.12688632616944576, right(srz246186716050)
neg, 0.12688632616944576, right(srz246186712045)
neg, 0.12688632616944576, right(srz246186715786)
neg, 0.12688632616944576, right(srz24618675625)
neg, 0.12688632616944576, right(srz246186712657)
neg, 0.13264769949256902, right(srz24618675696)
neg, 0.12688632616944576, right(srz24618674959)
neg, 0.12688632616944576, right(srz246186716352)
neg, 0.12688632616944576, right(srz24618674263)
neg, 0.12688632616944576, right(srz24618677574)
neg, 0.20238779867379567, right(srz246186716777)
neg, 0.23411182129462718, right(srz24618678127)
neg, 0.12688632616944576, right(srz24618674356)
neg, 0.20238779867379567, right(srz246186715271)
neg, 0.1254446385283914, right(srz246186710499)
neg, 0.12688632616944576, right(srz24618677615)
neg, 0.2516790776782916, right(srz246186712160)
neg, 0.1254446385283914, right(srz246186710572)
neg, 0.12688632616944576, right(srz24618674146)
neg, 0.1307626901162914, right(srz246186714793)
neg, 0.12688632616944576, right(srz24618671907)
neg, 0.1307626901162914, right(srz246186714614)
neg, 0.12688632616944576, right(srz24618674028)
neg, 0.12688632616944576, right(srz24618671895)
neg, 0.12688632616944576, right(srz246186710188)
neg, 0.12688632616944576, right(srz246186715556)
neg, 0.1307626901162914, right(srz246186714779)
neg, 0.16534236174919958, right(srz246186716455)
neg, 0.12688632616944576, right(srz24618676036)
neg, 0.18333193000285317, right(srz246186711602)
neg, 0.12688632616944576, right(srz24618672882)
neg, 0.20238779867379567, right(srz24618674903)
neg, 0.12688632616944576, right(srz24618675514)
neg, 0.12688632616944576, right(srz24618676212)
neg, 0.16534236174919958, right(srz246186717185)
neg, 0.12688632616944576, right(srz2461867242)
neg, 0.12688632616944576, right(srz246186716002)
neg, 0.12688632616944576, right(srz246186716057)
neg, 0.12688632616944576, right(srz246186715881)
neg, 0.12688632616944576, right(srz246186717059)
neg, 0.12688632616944576, right(srz246186710327)
neg, 0.12688632616944576, right(srz24618679766)
neg, 0.13264769949256902, right(srz24618675738)
neg, 0.12688632616944576, right(srz246186716258)
neg, 0.12688632616944576, right(srz246186711677)
neg, 0.12688632616944576, right(srz24618673920)
neg, 0.12688632616944576, right(srz246186717155)
neg, 0.12688632616944576, right(srz24618673659)
neg, 0.13264769949256902, right(srz24618679432)
neg, 0.1307626901162914, right(srz24618675043)
neg, 0.12688632616944576, right(srz246186715594)
neg, 0.12688632616944576, right(srz24618672460)
neg, 0.12688632616944576, right(srz24618678033)
neg, 0.23411182129462718, right(srz246186711226)
neg, 0.16534236174919958, right(srz246186716408)
neg, 0.12688632616944576, right(srz246186712131)
neg, 0.12688632616944576, right(srz246186716326)
neg, 0.12688632616944576, right(srz246186714247)
neg, 0.20238779867379567, right(srz246186710062)
neg, 0.1307626901162914, right(srz246186714364)
neg, 0.1307626901162914, right(srz246186715853)
neg, 0.1254446385283914, right(srz246186713094)
neg, 0.12688632616944576, right(srz2461867630)
neg, 0.1307626901162914, right(srz246186715657)
neg, 0.12688632616944576, right(srz246186711889)
neg, 0.16534236174919958, right(srz24618675808)
neg, 0.20238779867379567, right(srz246186715772)
neg, 0.16534236174919958, right(srz24618671756)
neg, 0.12688632616944576, right(srz24618677619)
neg, 0.12688632616944576, right(srz24618672895)
neg, 0.12688632616944576, right(srz24618671815)
neg, 0.12688632616944576, right(srz24618672970)
neg, 0.12688632616944576, right(srz24618677791)
neg, 0.13264769949256902, right(srz24618679218)
neg, 0.12688632616944576, right(srz24618676968)
neg, 0.13264769949256902, right(srz246186787)
neg, 0.12688632616944576, right(srz246186713971)
neg, 0.12688632616944576, right(srz246186715011)
neg, 0.12688632616944576, right(srz24618672789)
neg, 0.12688632616944576, right(srz24618671112)
neg, 0.13264769949256902, right(srz2461867137)
neg, 0.12688632616944576, right(srz24618677795)
neg, 0.20238779867379567, right(srz24618677856)
neg, 0.12688632616944576, right(srz24618671287)
neg, 0.12688632616944576, right(srz246186711044)
neg, 0.20238779867379567, right(srz24618679889)
neg, 0.1254446385283914, right(srz246186713059)
neg, 0.12688632616944576, right(srz24618674379)
neg, 0.18333193000285317, right(srz24618679581)
neg, 0.20238779867379567, right(srz246186715294)
neg, 0.12688632616944576, right(srz24618672500)
neg, 0.16534236174919958, right(srz24618672349)
neg, 0.13264769949256902, right(srz24618675698)
neg, 0.12688632616944576, right(srz2461867863)
neg, 0.12688632616944576, right(srz24618672863)
neg, 0.12688632616944576, right(srz2461867245)
neg, 0.12688632616944576, right(srz24618672223)
neg, 0.13264769949256902, right(srz246186711654)
neg, 0.12688632616944576, right(srz246186715008)
neg, 0.12688632616944576, right(srz2461867680)
neg, 0.12688632616944576, right(srz246186710304)
neg, 0.13264769949256902, right(srz24618675744)
neg, 0.16534236174919958, right(srz24618671746)
neg, 0.13264769949256902, right(srz24618679415)
neg, 0.12688632616944576, right(srz246186710190)
neg, 0.20238779867379567, right(srz24618678170)
neg, 0.12688632616944576, right(srz24618673577)
neg, 0.12688632616944576, right(srz24618679057)
neg, 0.12688632616944576, right(srz24618675591)
neg, 0.12688632616944576, right(srz246186712018)
neg, 0.13264769949256902, right(srz24618679430)
neg, 0.23411182129462718, right(srz24618677732)
neg, 0.12688632616944576, right(srz246186711819)
neg, 0.12688632616944576, right(srz24618678865)
neg, 0.13264769949256902, right(srz246186763)
neg, 0.12688632616944576, right(srz246186713392)
neg, 0.23411182129462718, right(srz246186713469)
neg, 0.12688632616944576, right(srz246186716052)
neg, 0.1307626901162914, right(srz246186713771)
neg, 0.12688632616944576, right(srz246186713665)
neg, 0.16534236174919958, right(srz2461867720)
neg, 0.12688632616944576, right(srz24618672195)
neg, 0.13264769949256902, right(srz24618675954)
neg, 0.12688632616944576, right(srz246186712548)
neg, 0.12688632616944576, right(srz24618674024)
neg, 0.1307626901162914, right(srz246186714160)
neg, 0.23411182129462718, right(srz246186713892)
neg, 0.12688632616944576, right(srz24618673553)
neg, 0.12688632616944576, right(srz24618672007)
neg, 0.23411182129462718, right(srz246186711205)
neg, 0.12688632616944576, right(srz24618673126)
neg, 0.12688632616944576, right(srz24618674479)
neg, 0.12688632616944576, right(srz246186714829)
neg, 0.2516790776782916, right(srz24618679078)
neg, 0.12688632616944576, right(srz246186715978)
neg, 0.12688632616944576, right(srz2461867520)
neg, 0.12688632616944576, right(srz2461867636)
neg, 0.16534236174919958, right(srz246186711446)
neg, 0.12688632616944576, right(srz24618671095)
neg, 0.12688632616944576, right(srz2461867948)
neg, 0.12688632616944576, right(srz24618678603)
neg, 0.13264769949256902, right(srz24618675930)
neg, 0.12688632616944576, right(srz246186713610)
neg, 0.12688632616944576, right(srz24618671451)
neg, 0.12688632616944576, right(srz246186711841)
neg, 0.12688632616944576, right(srz24618671628)
neg, 0.23411182129462718, right(srz246186714311)
neg, 0.12688632616944576, right(srz24618671653)
neg, 0.12688632616944576, right(srz246186716648)
neg, 0.12688632616944576, right(srz24618674353)
neg, 0.13264769949256902, right(srz24618675680)
neg, 0.13264769949256902, right(srz24618679344)
neg, 0.13264769949256902, right(srz24618675678)
neg, 0.12688632616944576, right(srz246186716034)
neg, 0.16534236174919958, right(srz24618676377)
neg, 0.13264769949256902, right(srz24618675760)
neg, 0.16534236174919958, right(srz24618675810)
neg, 0.12688632616944576, right(srz24618671219)
neg, 0.13264769949256902, right(srz24618679446)
neg, 0.12688632616944576, right(srz246186715372)
neg, 0.12688632616944576, right(srz24618674469)
neg, 0.12688632616944576, right(srz246186711893)
neg, 0.12688632616944576, right(srz24618672599)
neg, 0.12688632616944576, right(srz24618674605)
neg, 0.1254446385283914, right(srz2461867930)
neg, 0.2393699610524666, right(srz24618679162)
neg, 0.1307626901162914, right(srz246186713849)
neg, 0.20238779867379567, right(srz246186716601)
neg, 0.1307626901162914, right(srz246186714719)
neg, 0.2516790776782916, right(srz246186714591)
neg, 0.12688632616944576, right(srz24618671454)
neg, 0.20238779867379567, right(srz246186715157)
neg, 0.12688632616944576, right(srz24618671898)
neg, 0.12688632616944576, right(srz246186711739)
neg, 0.12688632616944576, right(srz24618672256)
neg, 0.23411182129462718, right(srz24618671940)
neg, 0.12688632616944576, right(srz2461867389)
neg, 0.13264769949256902, right(srz24618675932)
neg, 0.13264769949256902, right(srz24618679473)
neg, 0.12688632616944576, right(srz24618672248)
neg, 0.12688632616944576, right(srz24618678851)
neg, 0.16534236174919958, right(srz24618672055)
neg, 0.13264769949256902, right(srz246186783)
neg, 0.20238779867379567, right(srz24618678218)
neg, 0.12688632616944576, right(srz2461867879)
neg, 0.22335882248171707, right(srz246186714221)
neg, 0.18333193000285317, right(srz24618679588)
neg, 0.1332081935458371, right(srz24618674583)
neg, 0.12688632616944576, right(srz246186713483)
neg, 0.16534236174919958, right(srz24618671935)
neg, 0.12688632616944576, right(srz24618671358)
neg, 0.20238779867379567, right(srz24618679882)
neg, 0.20238779867379567, right(srz24618673226)
neg, 0.22335882248171707, right(srz246186712876)
neg, 0.16534236174919958, right(srz246186713135)
neg, 0.12688632616944576, right(srz24618672837)
neg, 0.13264769949256902, right(srz246186710491)
neg, 0.12688632616944576, right(srz246186711745)
neg, 0.12688632616944576, right(srz24618672471)
neg, 0.12688632616944576, right(srz24618674669)
neg, 0.12688632616944576, right(srz246186714358)
neg, 0.12688632616944576, right(srz24618674298)
neg, 0.16534236174919958, right(srz246186716960)
neg, 0.20238779867379567, right(srz246186714420)
neg, 0.16534236174919958, right(srz246186716464)
neg, 0.12688632616944576, right(srz24618673928)
neg, 0.16534236174919958, right(srz24618672357)
neg, 0.12688632616944576, right(srz24618672795)
neg, 0.12688632616944576, right(srz24618676905)
neg, 0.12688632616944576, right(srz24618671618)
neg, 0.12688632616944576, right(srz246186711896)
neg, 0.12688632616944576, right(srz246186712378)
neg, 0.12688632616944576, right(srz24618676444)
neg, 0.12688632616944576, right(srz24618679506)
neg, 0.12688632616944576, right(srz246186716066)
neg, 0.12688632616944576, right(srz24618678017)
neg, 0.20238779867379567, right(srz246186712756)
neg, 0.12688632616944576, right(srz24618672141)
neg, 0.13264769949256902, right(srz246186710751)
neg, 0.12688632616944576, right(srz2461867550)
neg, 0.12688632616944576, right(srz24618676902)
neg, 0.23411182129462718, right(srz246186712675)
neg, 0.1307626901162914, right(srz246186715643)
neg, 0.12688632616944576, right(srz246186713729)
neg, 0.12688632616944576, right(srz246186710826)
neg, 0.12688632616944576, right(srz24618674989)
neg, 0.12688632616944576, right(srz24618672958)
neg, 0.12688632616944576, right(srz24618677279)
neg, 0.12688632616944576, right(srz24618676619)
neg, 0.16534236174919958, right(srz246186715544)
neg, 0.12688632616944576, right(srz24618677345)
neg, 0.12688632616944576, right(srz24618675439)
neg, 0.23411182129462718, right(srz24618678639)
neg, 0.12688632616944576, right(srz246186715194)
neg, 0.12688632616944576, right(srz246186716645)
neg, 0.1332081935458371, right(srz24618677123)
neg, 0.1332081935458371, right(srz246186711015)
neg, 0.12688632616944576, right(srz24618672615)
neg, 0.12688632616944576, right(srz24618674212)
neg, 0.12688632616944576, right(srz24618678883)
neg, 0.12688632616944576, right(srz246186712032)
neg, 0.270952319943303, right(srz246186710936)
neg, 0.20238779867379567, right(srz24618677101)
neg, 0.20238779867379567, right(srz24618675397)
neg, 0.13264769949256902, right(srz246186719)
neg, 0.12688632616944576, right(srz24618673934)
neg, 0.12688632616944576, right(srz24618674403)
neg, 0.13264769949256902, right(srz246186750)
neg, 0.12688632616944576, right(srz246186717043)
neg, 0.12688632616944576, right(srz2461867966)
neg, 0.12688632616944576, right(srz24618677015)
neg, 0.1307626901162914, right(srz24618678095)
neg, 0.20238779867379567, right(srz24618676773)
neg, 0.12688632616944576, right(srz24618679836)
neg, 0.12688632616944576, right(srz24618673170)
neg, 0.13264769949256902, right(srz2461867140)
neg, 0.16534236174919958, right(srz246186711459)
neg, 0.20238779867379567, right(srz24618673484)
neg, 0.16534236174919958, right(srz24618675772)
neg, 0.13264769949256902, right(srz2461867113)
neg, 0.16534236174919958, right(srz24618679235)
neg, 0.12688632616944576, right(srz246186714894)
neg, 0.12688632616944576, right(srz24618675145)
neg, 0.23411182129462718, right(srz24618675258)
neg, 0.12688632616944576, right(srz246186715599)
neg, 0.12688632616944576, right(srz24618673576)
neg, 0.20238779867379567, right(srz24618674931)
neg, 0.12688632616944576, right(srz246186711974)
neg, 0.1307626901162914, right(srz246186714753)
neg, 0.20238779867379567, right(srz246186711003)
neg, 0.12688632616944576, right(srz2461867482)
neg, 0.23411182129462718, right(srz24618678129)
neg, 0.12688632616944576, right(srz24618674178)
neg, 0.20238779867379567, right(srz24618678120)
neg, 0.12688632616944576, right(srz24618675607)
neg, 0.12688632616944576, right(srz24618674109)
neg, 0.12688632616944576, right(srz24618672960)
neg, 0.1307626901162914, right(srz24618679990)
neg, 0.20238779867379567, right(srz246186712419)
neg, 0.12688632616944576, right(srz24618671989)
neg, 0.12688632616944576, right(srz24618671080)
neg, 0.16534236174919958, right(srz2461867415)
neg, 0.20238779867379567, right(srz24618672402)
neg, 0.20238779867379567, right(srz246186715767)
neg, 0.13264769949256902, right(srz24618679185)
neg, 0.12688632616944576, right(srz24618671073)
neg, 0.12688632616944576, right(srz24618677867)
neg, 0.12688632616944576, right(srz24618675628)
neg, 0.12688632616944576, right(srz24618674374)
neg, 0.20238779867379567, right(srz24618673204)
neg, 0.20238779867379567, right(srz246186712754)
neg, 0.12688632616944576, right(srz24618675344)
neg, 0.12688632616944576, right(srz24618671380)
neg, 0.12688632616944576, right(srz246186716151)
neg, 0.1332081935458371, right(srz24618674641)
neg, 0.12688632616944576, right(srz24618672728)
neg, 0.12688632616944576, right(srz246186716350)
neg, 0.12688632616944576, right(srz24618679674)
neg, 0.20238779867379567, right(srz24618676763)
neg, 0.12688632616944576, right(srz24618678612)
neg, 0.12688632616944576, right(srz24618671236)
neg, 0.12688632616944576, right(srz24618671670)
neg, 0.12688632616944576, right(srz24618673457)
neg, 0.270952319943303, right(srz246186710961)
neg, 0.16534236174919958, right(srz24618677955)
neg, 0.12688632616944576, right(srz24618674778)
neg, 0.16534236174919958, right(srz24618672392)
neg, 0.13264769949256902, right(srz246186713252)
neg, 0.12688632616944576, right(srz24618672037)
neg, 0.1254446385283914, right(srz246186710502)
neg, 0.20238779867379567, right(srz24618679883)
neg, 0.20238779867379567, right(srz24618673740)
neg, 0.12688632616944576, right(srz24618671640)
neg, 0.12688632616944576, right(srz24618672458)
neg, 0.13264769949256902, right(srz246186710739)
neg, 0.12688632616944576, right(srz24618671453)
neg, 0.12688632616944576, right(srz24618674862)
neg, 0.13264769949256902, right(srz24618675907)
neg, 0.20238779867379567, right(srz246186712633)
neg, 0.20238779867379567, right(srz246186712833)
neg, 0.16534236174919958, right(srz2461867721)
neg, 0.12688632616944576, right(srz246186713372)
neg, 0.12688632616944576, right(srz24618674110)
neg, 0.16534236174919958, right(srz24618671774)
neg, 0.12688632616944576, right(srz2461867539)
neg, 0.1307626901162914, right(srz246186710389)
neg, 0.16534236174919958, right(srz246186714313)
neg, 0.16534236174919958, right(srz24618672049)
neg, 0.23411182129462718, right(srz24618678130)
neg, 0.12688632616944576, right(srz246186716746)
neg, 0.12688632616944576, right(srz24618671189)
neg, 0.13264769949256902, right(srz246186713275)
neg, 0.13264769949256902, right(srz24618675958)
neg, 0.20238779867379567, right(srz246186712761)
neg, 0.12688632616944576, right(srz24618676443)
neg, 0.16534236174919958, right(srz24618676355)
neg, 0.12688632616944576, right(srz24618673919)
neg, 0.12688632616944576, right(srz24618674168)
neg, 0.1307626901162914, right(srz246186714368)
neg, 0.1307626901162914, right(srz246186714696)
neg, 0.12688632616944576, right(srz246186712587)
neg, 0.12688632616944576, right(srz246186711336)
neg, 0.18333193000285317, right(srz24618679573)
neg, 0.270952319943303, right(srz24618672144)
neg, 0.12688632616944576, right(srz246186715103)
neg, 0.12688632616944576, right(srz24618679614)
neg, 0.16534236174919958, right(srz24618675782)
neg, 0.12688632616944576, right(srz24618674258)
neg, 0.12688632616944576, right(srz246186714937)
neg, 0.12688632616944576, right(srz24618673797)
neg, 0.12688632616944576, right(srz24618675141)
neg, 0.16534236174919958, right(srz2461867208)
neg, 0.1254446385283914, right(srz246186710540)
neg, 0.12688632616944576, right(srz24618677481)
neg, 0.12688632616944576, right(srz24618672946)
neg, 0.12688632616944576, right(srz24618679610)
neg, 0.12688632616944576, right(srz24618671982)
neg, 0.12688632616944576, right(srz246186715621)
neg, 0.18333193000285317, right(srz246186711523)
neg, 0.12688632616944576, right(srz24618673535)
neg, 0.12688632616944576, right(srz24618673374)
neg, 0.18333193000285317, right(srz246186711522)
neg, 0.1332081935458371, right(srz24618676511)
neg, 0.12688632616944576, right(srz24618679689)
neg, 0.12688632616944576, right(srz24618674803)
neg, 0.12688632616944576, right(srz24618673441)
neg, 0.12688632616944576, right(srz24618677332)
neg, 0.20238779867379567, right(srz246186715771)
neg, 0.12688632616944576, right(srz246186714912)
neg, 0.1307626901162914, right(srz246186710034)
neg, 0.12688632616944576, right(srz24618674281)
neg, 0.12688632616944576, right(srz246186714946)
neg, 0.12688632616944576, right(srz24618675351)
neg, 0.12688632616944576, right(srz24618674767)
neg, 0.12688632616944576, right(srz246186716744)
neg, 0.12688632616944576, right(srz246186711991)
neg, 0.16534236174919958, right(srz246186716502)
neg, 0.12688632616944576, right(srz2461867283)
neg, 0.12688632616944576, right(srz24618677572)
neg, 0.12688632616944576, right(srz24618678370)
neg, 0.12688632616944576, right(srz24618673547)
neg, 0.12688632616944576, right(srz246186712064)
neg, 0.12688632616944576, right(srz246186716207)
neg, 0.13264769949256902, right(srz246186710800)
neg, 0.12688632616944576, right(srz246186711952)
neg, 0.12688632616944576, right(srz2461867275)
neg, 0.20238779867379567, right(srz24618675114)
neg, 0.12688632616944576, right(srz246186715056)
neg, 0.13264769949256902, right(srz246186710801)
neg, 0.12688632616944576, right(srz24618677497)
neg, 0.12688632616944576, right(srz24618674816)
neg, 0.23411182129462718, right(srz24618673466)
neg, 0.13264769949256902, right(srz24618679369)
neg, 0.13264769949256902, right(srz246186713359)
neg, 0.20238779867379567, right(srz24618678846)
neg, 0.22335882248171707, right(srz246186712360)
neg, 0.12688632616944576, right(srz246186716656)
neg, 0.12688632616944576, right(srz24618671217)
neg, 0.12688632616944576, right(srz24618676996)
neg, 0.20238779867379567, right(srz246186712824)
neg, 0.12688632616944576, right(srz246186717056)
neg, 0.12688632616944576, right(srz24618678378)
neg, 0.13264769949256902, right(srz246186713254)
neg, 0.20238779867379567, right(srz246186711495)
neg, 0.16534236174919958, right(srz246186710621)
neg, 0.12688632616944576, right(srz246186715199)
neg, 0.12688632616944576, right(srz246186715348)
neg, 0.12688632616944576, right(srz24618674233)
neg, 0.12688632616944576, right(srz246186712566)
neg, 0.13264769949256902, right(srz24618679449)
neg, 0.16534236174919958, right(srz24618672322)
neg, 0.12688632616944576, right(srz24618671190)
neg, 0.12688632616944576, right(srz246186712450)
neg, 0.13264769949256902, right(srz246186713266)
neg, 0.13264769949256902, right(srz24618679410)
neg, 0.12688632616944576, right(srz24618672962)
neg, 0.12688632616944576, right(srz24618674381)
neg, 0.12688632616944576, right(srz246186716743)
neg, 0.1307626901162914, right(srz246186716883)
neg, 0.270952319943303, right(srz24618678806)
neg, 0.12688632616944576, right(srz2461867664)
neg, 0.12688632616944576, right(srz24618672628)
neg, 0.12688632616944576, right(srz246186712057)
neg, 0.12688632616944576, right(srz24618674273)
neg, 0.12688632616944576, right(srz246186717138)
neg, 0.12688632616944576, right(srz24618674190)
neg, 0.16534236174919958, right(srz24618672338)
neg, 0.12688632616944576, right(srz24618677490)
neg, 0.1307626901162914, right(srz24618679999)
neg, 0.12688632616944576, right(srz24618673617)
neg, 0.12688632616944576, right(srz246186712247)
neg, 0.12688632616944576, right(srz246186710878)
neg, 0.12688632616944576, right(srz24618678387)
neg, 0.12688632616944576, right(srz24618672984)
neg, 0.12688632616944576, right(srz24618671281)
neg, 0.12688632616944576, right(srz24618671791)
neg, 0.12688632616944576, right(srz24618674399)
neg, 0.12688632616944576, right(srz24618678611)
neg, 0.12688632616944576, right(srz24618674977)
neg, 0.16534236174919958, right(srz24618676405)
neg, 0.16534236174919958, right(srz246186713195)
neg, 0.18333193000285317, right(srz24618675588)
neg, 0.16534236174919958, right(srz24618672379)
neg, 0.13264769949256902, right(srz24618679223)
neg, 0.12688632616944576, right(srz246186711809)
neg, 0.12688632616944576, right(srz24618673625)
neg, 0.12688632616944576, right(srz246186712540)
neg, 0.20238779867379567, right(srz246186716787)
neg, 0.1307626901162914, right(srz246186716884)
neg, 0.12688632616944576, right(srz24618676966)
neg, 0.12688632616944576, right(srz24618672645)
neg, 0.13264769949256902, right(srz24618679371)
neg, 0.12688632616944576, right(srz24618676694)
neg, 0.12688632616944576, right(srz24618674113)
neg, 0.16534236174919958, right(srz24618675802)
neg, 0.12688632616944576, right(srz24618678587)
neg, 0.12688632616944576, right(srz24618677800)
neg, 0.18333193000285317, right(srz246186711554)
neg, 0.20238779867379567, right(srz24618673755)
neg, 0.16534236174919958, right(srz24618679289)
neg, 0.12688632616944576, right(srz24618672583)
neg, 0.12688632616944576, right(srz24618673502)
neg, 0.16534236174919958, right(srz246186716975)
neg, 0.12688632616944576, right(srz24618676014)
neg, 0.12688632616944576, right(srz246186712567)
neg, 0.12688632616944576, right(srz24618677392)
neg, 0.12688632616944576, right(srz24618673109)
neg, 0.12688632616944576, right(srz246186715005)
neg, 0.1254446385283914, right(srz246186715919)
neg, 0.12688632616944576, right(srz24618674025)
neg, 0.20238779867379567, right(srz246186712430)
neg, 0.20238779867379567, right(srz246186714418)
neg, 0.13264769949256902, right(srz246186710690)
neg, 0.1307626901162914, right(srz246186714797)
neg, 0.12688632616944576, right(srz246186716649)
neg, 0.12688632616944576, right(srz24618679661)
neg, 0.12688632616944576, right(srz246186717060)
neg, 0.12688632616944576, right(srz24618676103)
neg, 0.12688632616944576, right(srz24618678015)
neg, 0.20238779867379567, right(srz24618678907)
neg, 0.12688632616944576, right(srz24618672940)
neg, 0.12688632616944576, right(srz246186717091)
neg, 0.16534236174919958, right(srz246186711425)
neg, 0.23411182129462718, right(srz246186711083)
neg, 0.12688632616944576, right(srz246186715357)
neg, 0.13264769949256902, right(srz246186711977)
neg, 0.12688632616944576, right(srz24618677243)
neg, 0.16534236174919958, right(srz24618678930)
neg, 0.12688632616944576, right(srz24618679948)
neg, 0.12688632616944576, right(srz2461867523)
neg, 0.12688632616944576, right(srz24618671201)
neg, 0.1307626901162914, right(srz246186715658)
neg, 0.12688632616944576, right(srz246186717001)
neg, 0.12688632616944576, right(srz246186715589)
neg, 0.1307626901162914, right(srz246186714792)
neg, 0.12688632616944576, right(srz24618677388)
neg, 0.12688632616944576, right(srz246186715628)
neg, 0.12688632616944576, right(srz246186713600)
neg, 0.13264769949256902, right(srz24618675888)
neg, 0.12688632616944576, right(srz246186715966)
neg, 0.12688632616944576, right(srz24618672980)
neg, 0.20238779867379567, right(srz246186712416)
neg, 0.12688632616944576, right(srz24618671811)
neg, 0.16534236174919958, right(srz24618676368)
neg, 0.12688632616944576, right(srz24618672461)
neg, 0.20238779867379567, right(srz24618678791)
neg, 0.18333193000285317, right(srz246186711587)
neg, 0.20238779867379567, right(srz246186711267)
neg, 0.12688632616944576, right(srz24618673612)
neg, 0.12688632616944576, right(srz24618675356)
neg, 0.13264769949256902, right(srz24618679454)
neg, 0.16534236174919958, right(srz246186712606)
neg, 0.12688632616944576, right(srz246186711066)
neg, 0.23411182129462718, right(srz246186711212)
neg, 0.12688632616944576, right(srz24618678598)
neg, 0.16534236174919958, right(srz2461867218)
neg, 0.12688632616944576, right(srz24618677508)
neg, 0.12688632616944576, right(srz24618673831)
neg, 0.20238779867379567, right(srz24618677838)
neg, 0.13264769949256902, right(srz24618675743)
neg, 0.12688632616944576, right(srz24618677398)
neg, 0.12688632616944576, right(srz24618674211)
neg, 0.12688632616944576, right(srz246186712806)
neg, 0.13264769949256902, right(srz246186726)
neg, 0.12688632616944576, right(srz246186712014)
neg, 0.20238779867379567, right(srz24618678654)
neg, 0.12688632616944576, right(srz246186714956)
neg, 0.12688632616944576, right(srz246186711023)
neg, 0.12688632616944576, right(srz246186715906)
neg, 0.1307626901162914, right(srz246186714806)
neg, 0.12688632616944576, right(srz24618677484)
neg, 0.12688632616944576, right(srz246186710362)
neg, 0.1307626901162914, right(srz246186714109)
neg, 0.1254446385283914, right(srz246186713086)
neg, 0.1307626901162914, right(srz246186714766)
neg, 0.12688632616944576, right(srz246186712987)
neg, 0.12688632616944576, right(srz24618671187)
neg, 0.12688632616944576, right(srz24618673574)
neg, 0.13264769949256902, right(srz24618675993)
neg, 0.12688632616944576, right(srz246186715636)
neg, 0.12688632616944576, right(srz246186715089)
neg, 0.12688632616944576, right(srz24618679492)
neg, 0.1307626901162914, right(srz24618679973)
neg, 0.12688632616944576, right(srz246186712252)
neg, 0.16534236174919958, right(srz246186717188)
neg, 0.16534236174919958, right(srz24618672369)
neg, 0.12688632616944576, right(srz24618678349)
neg, 0.12688632616944576, right(srz24618674164)
neg, 0.12688632616944576, right(srz24618671053)
neg, 0.12544463852839138, right(srz24618675124)
neg, 0.12688632616944576, right(srz24618677314)
neg, 0.16534236174919958, right(srz2461867775)
neg, 0.20238779867379567, right(srz24618676897)
neg, 0.12688632616944576, right(srz246186716263)
neg, 0.12688632616944576, right(srz24618673003)
neg, 0.12688632616944576, right(srz24618672761)
neg, 0.12688632616944576, right(srz24618674477)
neg, 0.20238779867379567, right(srz24618676944)
neg, 0.16534236174919958, right(srz24618679315)
neg, 0.12688632616944576, right(srz246186711183)
neg, 0.12688632616944576, right(srz24618672990)
neg, 0.16534236174919958, right(srz24618672384)
neg, 0.12688632616944576, right(srz24618676520)
neg, 0.12688632616944576, right(srz24618674316)
neg, 0.12688632616944576, right(srz246186714871)
neg, 0.1307626901162914, right(srz246186715656)
neg, 0.12688632616944576, right(srz24618673517)
neg, 0.12688632616944576, right(srz24618674688)
neg, 0.12688632616944576, right(srz24618674375)
neg, 0.12688632616944576, right(srz246186711869)
neg, 0.20238779867379567, right(srz246186712630)
neg, 0.12688632616944576, right(srz24618671491)
neg, 0.18333193000285317, right(srz24618675600)
neg, 0.12688632616944576, right(srz24618673548)
neg, 0.12688632616944576, right(srz246186714878)
neg, 0.12688632616944576, right(srz24618672856)
neg, 0.16534236174919958, right(srz24618672319)
neg, 0.12688632616944576, right(srz24618679692)
neg, 0.2393699610524666, right(srz24618679161)
neg, 0.16534236174919958, right(srz2461867715)
neg, 0.20238779867379567, right(srz246186712858)
neg, 0.23411182129462718, right(srz24618677843)
neg, 0.23411182129462718, right(srz246186712395)
neg, 0.12688632616944576, right(srz24618674290)
neg, 0.16534236174919958, right(srz24618671937)
neg, 0.12688632616944576, right(srz24618672255)
neg, 0.12688632616944576, right(srz246186715111)
neg, 0.12688632616944576, right(srz24618677509)
neg, 0.12688632616944576, right(srz24618671788)
neg, 0.12688632616944576, right(srz246186711683)
neg, 0.12688632616944576, right(srz24618674687)
neg, 0.20238779867379567, right(srz246186712752)
neg, 0.12688632616944576, right(srz246186712276)
neg, 0.12688632616944576, right(srz24618671650)
neg, 0.12688632616944576, right(srz24618679660)
neg, 0.16534236174919958, right(srz24618675828)
neg, 0.12688632616944576, right(srz246186716186)
neg, 0.12688632616944576, right(srz24618673510)
neg, 0.12688632616944576, right(srz246186714518)
neg, 0.1307626901162914, right(srz246186715840)
neg, 0.12688632616944576, right(srz24618678025)
neg, 0.12688632616944576, right(srz24618678385)
neg, 0.16534236174919958, right(srz246186716413)
neg, 0.12688632616944576, right(srz24618671867)
neg, 0.12688632616944576, right(srz24618674428)
neg, 0.13264769949256902, right(srz24618679457)
neg, 0.12688632616944576, right(srz24618671888)
neg, 0.16534236174919958, right(srz246186710601)
neg, 0.270952319943303, right(srz246186711413)
neg, 0.12688632616944576, right(srz24618672170)
neg, 0.22335882248171707, right(srz24618672158)
neg, 0.12688632616944576, right(srz24618674345)
neg, 0.12688632616944576, right(srz24618673532)
neg, 0.12688632616944576, right(srz24618674949)
neg, 0.12688632616944576, right(srz246186711658)
neg, 0.16534236174919958, right(srz24618672419)
neg, 0.12688632616944576, right(srz24618676238)
neg, 0.12688632616944576, right(srz246186716370)
neg, 0.13264769949256902, right(srz24618676003)
neg, 0.12688632616944576, right(srz24618679525)
neg, 0.12688632616944576, right(srz24618676832)
neg, 0.12688632616944576, right(srz24618678983)
neg, 0.12688632616944576, right(srz246186717070)
neg, 0.12688632616944576, right(srz24618671619)
neg, 0.12688632616944576, right(srz246186713966)
neg, 0.12688632616944576, right(srz24618671468)
neg, 0.16534236174919958, right(srz24618676348)
neg, 0.1307626901162914, right(srz246186710406)
neg, 0.12688632616944576, right(srz24618672782)
neg, 0.12688632616944576, right(srz24618676285)
neg, 0.1307626901162914, right(srz246186714785)
neg, 0.20238779867379567, right(srz246186714125)
neg, 0.1307626901162914, right(srz24618676544)
neg, 0.16534236174919958, right(srz24618677971)
neg, 0.12688632616944576, right(srz24618676534)
neg, 0.12688632616944576, right(srz246186711110)
neg, 0.12688632616944576, right(srz24618675473)
neg, 0.1307626901162914, right(srz24618676612)
neg, 0.12688632616944576, right(srz2461867555)
neg, 0.12688632616944576, right(srz24618679106)
neg, 0.12688632616944576, right(srz246186710308)
neg, 0.12688632616944576, right(srz2461867238)
neg, 0.12688632616944576, right(srz24618674243)
neg, 0.1332081935458371, right(srz24618677129)
neg, 0.12688632616944576, right(srz246186716208)
neg, 0.12688632616944576, right(srz246186716221)
neg, 0.12688632616944576, right(srz24618676830)
neg, 0.1307626901162914, right(srz246186715652)
neg, 0.16534236174919958, right(srz24618672386)
neg, 0.1254446385283914, right(srz246186710509)
neg, 0.12688632616944576, right(srz246186715927)
neg, 0.12688632616944576, right(srz246186710186)
neg, 0.12688632616944576, right(srz24618676235)
neg, 0.12688632616944576, right(srz246186715072)
neg, 0.12688632616944576, right(srz24618676424)
neg, 0.12688632616944576, right(srz24618672819)
neg, 0.270952319943303, right(srz24618675297)
neg, 0.12688632616944576, right(srz24618678852)
neg, 0.1307626901162914, right(srz246186710000)
neg, 0.12688632616944576, right(srz246186717073)
neg, 0.12688632616944576, right(srz246186710268)
neg, 0.12688632616944576, right(srz246186712568)
neg, 0.12688632616944576, right(srz24618672614)
neg, 0.12688632616944576, right(srz24618676790)
neg, 0.12688632616944576, right(srz246186710185)
neg, 0.20238779867379567, right(srz24618677113)
neg, 0.12688632616944576, right(srz246186711935)
neg, 0.16534236174919958, right(srz24618671931)
neg, 0.1307626901162914, right(srz246186713775)
neg, 0.12688632616944576, right(srz24618678016)
neg, 0.1254446385283914, right(srz246186710671)
neg, 0.13264769949256902, right(srz24618675727)
neg, 0.16534236174919958, right(srz246186713710)
neg, 0.23411182129462718, right(srz24618677848)
neg, 0.16534236174919958, right(srz246186713198)
neg, 0.20238779867379567, right(srz24618676776)
neg, 0.12688632616944576, right(srz246186715993)
neg, 0.20238779867379567, right(srz24618677736)
neg, 0.12688632616944576, right(srz24618676254)
neg, 0.1307626901162914, right(srz24618678085)
neg, 0.12688632616944576, right(srz24618671315)
neg, 0.1254446385283914, right(srz246186713065)
neg, 0.12688632616944576, right(srz24618677650)
neg, 0.13264769949256902, right(srz24618679336)
neg, 0.1254446385283914, right(srz246186713110)
neg, 0.12688632616944576, right(srz24618677354)
neg, 0.1307626901162914, right(srz24618679991)
neg, 0.12688632616944576, right(srz246186711061)
neg, 0.16534236174919958, right(srz24618671696)
neg, 0.12688632616944576, right(srz246186716339)
neg, 0.12688632616944576, right(srz246186716316)
neg, 0.12688632616944576, right(srz246186716106)
neg, 0.12688632616944576, right(srz24618677488)
neg, 0.1307626901162914, right(srz246186716868)
neg, 0.20238779867379567, right(srz246186712729)
neg, 0.12688632616944576, right(srz246186711981)
neg, 0.12688632616944576, right(srz246186713407)
neg, 0.12688632616944576, right(srz24618678447)
neg, 0.12688632616944576, right(srz246186715996)
neg, 0.12688632616944576, right(srz24618671658)
neg, 0.23411182129462718, right(srz24618673031)
neg, 0.12688632616944576, right(srz2461867464)
neg, 0.16534236174919958, right(srz24618671695)
neg, 0.12688632616944576, right(srz24618678352)
neg, 0.12688632616944576, right(srz24618672977)
neg, 0.20238779867379567, right(srz246186715415)
neg, 0.1307626901162914, right(srz246186710435)
neg, 0.16534236174919958, right(srz24618676369)
neg, 0.12688632616944576, right(srz24618674417)
neg, 0.270952319943303, right(srz24618675296)
neg, 0.12688632616944576, right(srz246186710356)
neg, 0.12688632616944576, right(srz24618671325)
neg, 0.12688632616944576, right(srz24618673172)
neg, 0.12688632616944576, right(srz246186711936)
neg, 0.1307626901162914, right(srz246186712691)
neg, 0.1254446385283914, right(srz246186713098)
neg, 0.12688632616944576, right(srz246186715903)
neg, 0.1332081935458371, right(srz24618671592)
neg, 0.12688632616944576, right(srz24618677234)
neg, 0.12688632616944576, right(srz24618678859)
neg, 0.12688632616944576, right(srz24618678961)
neg, 0.12688632616944576, right(srz246186712028)
neg, 0.1307626901162914, right(srz246186714720)
neg, 0.16534236174919958, right(srz24618675829)
neg, 0.12688632616944576, right(srz246186716200)
neg, 0.13264769949256902, right(srz24618675889)
neg, 0.16534236174919958, right(srz24618672288)
neg, 0.12688632616944576, right(srz24618672247)
neg, 0.12688632616944576, right(srz24618676057)
neg, 0.23411182129462718, right(srz246186712670)
neg, 0.12688632616944576, right(srz24618678986)
neg, 0.12688632616944576, right(srz24618674098)
neg, 0.23411182129462718, right(srz24618673758)
neg, 0.12688632616944576, right(srz246186712979)
neg, 0.12688632616944576, right(srz24618671471)
neg, 0.1254446385283914, right(srz246186713217)
neg, 0.12688632616944576, right(srz24618678382)
neg, 0.13264769949256902, right(srz24618675676)
neg, 0.12688632616944576, right(srz24618675483)
neg, 0.23411182129462718, right(srz24618673461)
neg, 0.1307626901162914, right(srz246186714643)
neg, 0.12688632616944576, right(srz24618679556)
neg, 0.12688632616944576, right(srz246186717046)
neg, 0.12688632616944576, right(srz246186713406)
neg, 0.20238779867379567, right(srz24618672397)
neg, 0.18333193000285317, right(srz24618679131)
neg, 0.20238779867379567, right(srz246186711258)
neg, 0.20238779867379567, right(srz24618674723)
neg, 0.22335882248171707, right(srz246186712536)
neg, 0.12688632616944576, right(srz246186712933)
neg, 0.12688632616944576, right(srz246186711045)
neg, 0.13264769949256902, right(srz246186725)
neg, 0.12688632616944576, right(srz24618673662)
neg, 0.12688632616944576, right(srz24618671173)
neg, 0.23411182129462718, right(srz24618679864)
neg, 0.1307626901162914, right(srz246186715834)
neg, 0.12688632616944576, right(srz246186711903)
neg, 0.23411182129462718, right(srz24618678528)
neg, 0.12688632616944576, right(srz24618678437)
neg, 0.12688632616944576, right(srz246186716085)
neg, 0.12688632616944576, right(srz24618674619)
neg, 0.13264769949256902, right(srz246186710717)
neg, 0.12688632616944576, right(srz24618671314)
neg, 0.12688632616944576, right(srz2461867281)
neg, 0.12688632616944576, right(srz246186716345)
neg, 0.12688632616944576, right(srz24618674019)
neg, 0.12688632616944576, right(srz24618674358)
neg, 0.12688632616944576, right(srz24618675353)
neg, 0.1307626901162914, right(srz24618676548)
neg, 0.12688632616944576, right(srz246186716661)
neg, 0.20238779867379567, right(srz24618674580)
neg, 0.12688632616944576, right(srz246186712807)
neg, 0.12688632616944576, right(srz24618671222)
neg, 0.12688632616944576, right(srz24618672964)
neg, 0.16534236174919958, right(srz24618679265)
neg, 0.12688632616944576, right(srz246186713967)
neg, 0.20238779867379567, right(srz246186713546)
neg, 0.20238779867379567, right(srz24618678656)
neg, 0.12688632616944576, right(srz246186710322)
neg, 0.12688632616944576, right(srz246186712560)
neg, 0.12688632616944576, right(srz24618672668)
neg, 0.12688632616944576, right(srz246186716639)
neg, 0.12688632616944576, right(srz24618674387)
neg, 0.13264769949256902, right(srz2461867116)
neg, 0.12688632616944576, right(srz24618671997)
neg, 0.1254446385283914, right(srz246186712171)
neg, 0.12688632616944576, right(srz24618673403)
neg, 0.20238779867379567, right(srz24618674747)
neg, 0.12688632616944576, right(srz246186715947)
neg, 0.1307626901162914, right(srz246186716882)
neg, 0.12688632616944576, right(srz246186715963)
neg, 0.16534236174919958, right(srz24618675267)
neg, 0.12688632616944576, right(srz24618674249)
neg, 0.12688632616944576, right(srz24618676807)
neg, 0.12688632616944576, right(srz24618673904)
neg, 0.12688632616944576, right(srz24618674274)
neg, 0.12688632616944576, right(srz24618677442)
neg, 0.12688632616944576, right(srz246186714845)
neg, 0.12688632616944576, right(srz246186714974)
neg, 0.20238779867379567, right(srz246186712898)
neg, 0.16534236174919958, right(srz246186714308)
neg, 0.23411182129462718, right(srz246186711088)
neg, 0.20238779867379567, right(srz24618678136)
neg, 0.12688632616944576, right(srz246186716245)
neg, 0.12688632616944576, right(srz24618678977)
neg, 0.12688632616944576, right(srz24618678021)
neg, 0.12688632616944576, right(srz24618677786)
neg, 0.12688632616944576, right(srz24618676570)
neg, 0.23411182129462718, right(srz246186712300)
neg, 0.12688632616944576, right(srz24618675336)
neg, 0.12688632616944576, right(srz246186711784)
neg, 0.12688632616944576, right(srz2461867961)
neg, 0.1307626901162914, right(srz246186713824)
neg, 0.12688632616944576, right(srz24618671294)
neg, 0.1307626901162914, right(srz246186714775)
neg, 0.12688632616944576, right(srz24618678684)
neg, 0.1254446385283914, right(srz246186713097)
neg, 0.12688632616944576, right(srz24618677336)
neg, 0.12688632616944576, right(srz246186711885)
neg, 0.12688632616944576, right(srz24618673501)
neg, 0.12688632616944576, right(srz24618671823)
neg, 0.12688632616944576, right(srz24618671225)
neg, 0.12688632616944576, right(srz24618673447)
neg, 0.20238779867379567, right(srz24618676953)
neg, 0.16534236174919958, right(srz246186716542)
neg, 0.12688632616944576, right(srz24618674177)
neg, 0.16534236174919958, right(srz246186711444)
neg, 0.1254446385283914, right(srz246186713095)
neg, 0.12688632616944576, right(srz24618672855)
neg, 0.1307626901162914, right(srz24618679988)
neg, 0.12688632616944576, right(srz24618671394)
neg, 0.12688632616944576, right(srz24618672762)
neg, 0.12688632616944576, right(srz246186710381)
neg, 0.16534236174919958, right(srz246186716461)
neg, 0.16534236174919958, right(srz246186710644)
neg, 0.16534236174919958, right(srz24618672310)
neg, 0.16534236174919958, right(srz246186713207)
neg, 0.12688632616944576, right(srz24618674284)
neg, 0.12688632616944576, right(srz246186716657)
neg, 0.12688632616944576, right(srz246186714067)
neg, 0.12688632616944576, right(srz246186711776)
neg, 0.1254446385283914, right(srz246186710539)
neg, 0.12688632616944576, right(srz24618675635)
neg, 0.12688632616944576, right(srz24618677426)
neg, 0.13264769949256902, right(srz246186710711)
neg, 0.16534236174919958, right(srz246186716440)
neg, 0.12688632616944576, right(srz246186716848)
neg, 0.12688632616944576, right(srz2461867378)
neg, 0.13264769949256902, right(srz2461867139)
neg, 0.18333193000285317, right(srz24618679604)
neg, 0.12688632616944576, right(srz246186711027)
neg, 0.20238779867379567, right(srz246186712744)
neg, 0.12688632616944576, right(srz24618675441)
neg, 0.1307626901162914, right(srz246186716875)
neg, 0.13264769949256902, right(srz246186710787)
neg, 0.12688632616944576, right(srz24618671027)
neg, 0.12688632616944576, right(srz24618675502)
neg, 0.12688632616944576, right(srz24618679670)
neg, 0.12688632616944576, right(srz24618673526)
neg, 0.13264769949256902, right(srz246186710709)
neg, 0.12688632616944576, right(srz24618674254)
neg, 0.12688632616944576, right(srz246186715905)
neg, 0.20238779867379567, right(srz246186715277)
neg, 0.12688632616944576, right(srz24618674621)
neg, 0.12688632616944576, right(srz246186710163)
neg, 0.12688632616944576, right(srz24618672591)
neg, 0.12688632616944576, right(srz246186712935)
neg, 0.1254446385283914, right(srz2461867846)
neg, 0.12688632616944576, right(srz24618677590)
neg, 0.12688632616944576, right(srz24618679099)
neg, 0.13264769949256902, right(srz24618679418)
neg, 0.12688632616944576, right(srz246186716306)
neg, 0.16534236174919958, right(srz24618676344)
neg, 0.16534236174919958, right(srz24618672334)
neg, 0.23411182129462718, right(srz24618672330)
neg, 0.12688632616944576, right(srz24618677428)
neg, 0.12688632616944576, right(srz24618674461)
neg, 0.12688632616944576, right(srz24618674844)
neg, 0.12688632616944576, right(srz2461867989)
neg, 0.12688632616944576, right(srz24618677022)
neg, 0.12688632616944576, right(srz24618672475)
neg, 0.12688632616944576, right(srz246186711366)
neg, 0.1254446385283914, right(srz246186710664)
neg, 0.12688632616944576, right(srz24618677390)
neg, 0.12688632616944576, right(srz24618674991)
neg, 0.12688632616944576, right(srz24618678590)
neg, 0.16534236174919958, right(srz246186710583)
neg, 0.12688632616944576, right(srz246186713017)
neg, 0.12688632616944576, right(srz246186716107)
neg, 0.12688632616944576, right(srz24618675210)
neg, 0.12688632616944576, right(srz24618676967)
neg, 0.12688632616944576, right(srz2461867470)
neg, 0.20238779867379567, right(srz24618673747)
neg, 0.13264769949256902, right(srz246186710809)
neg, 0.1307626901162914, right(srz246186714735)
neg, 0.12688632616944576, right(srz246186710874)
neg, 0.13264769949256902, right(srz246186713276)
neg, 0.12688632616944576, right(srz24618676433)
neg, 0.12688632616944576, right(srz24618671137)
neg, 0.12688632616944576, right(srz246186714962)
neg, 0.12688632616944576, right(srz24618674145)
neg, 0.12688632616944576, right(srz24618671010)
neg, 0.12688632616944576, right(srz24618677237)
neg, 0.20238779867379567, right(srz24618679899)
neg, 0.12688632616944576, right(srz24618671954)
neg, 0.1254446385283914, right(srz246186713104)
neg, 0.23411182129462718, right(srz246186713882)
neg, 0.12688632616944576, right(srz24618672164)
neg, 0.12688632616944576, right(srz2461867992)
neg, 0.12688632616944576, right(srz24618678604)
neg, 0.1307626901162914, right(srz246186714119)
neg, 0.12688632616944576, right(srz246186715371)
neg, 0.12688632616944576, right(srz24618672801)
neg, 0.12688632616944576, right(srz24618675515)
neg, 0.12688632616944576, right(srz246186711065)
neg, 0.12688632616944576, right(srz24618677363)
neg, 0.13264769949256902, right(srz24618677)
neg, 0.12688632616944576, right(srz24618678871)
neg, 0.12688632616944576, right(srz24618677382)
neg, 0.12688632616944576, right(srz24618673660)
neg, 0.20238779867379567, right(srz246186711478)
neg, 0.16534236174919958, right(srz246186713202)
neg, 0.12688632616944576, right(srz24618671226)
neg, 0.12688632616944576, right(srz246186714969)
neg, 0.12688632616944576, right(srz2461867379)
neg, 0.12688632616944576, right(srz24618672225)
neg, 0.12688632616944576, right(srz24618673419)
neg, 0.16534236174919958, right(srz24618675804)
neg, 0.12688632616944576, right(srz24618673538)
neg, 0.20238779867379567, right(srz24618672404)
neg, 0.1307626901162914, right(srz246186714756)
neg, 0.12688632616944576, right(srz24618673554)
neg, 0.18333193000285317, right(srz246186711556)
neg, 0.12688632616944576, right(srz24618674472)
neg, 0.12688632616944576, right(srz24618679680)
neg, 0.12688632616944576, right(srz24618672853)
neg, 0.12688632616944576, right(srz246186715793)
neg, 0.12688632616944576, right(srz24618671215)
neg, 0.12688632616944576, right(srz246186715880)
neg, 0.23411182129462718, right(srz24618671941)
neg, 0.16534236174919958, right(srz24618678426)
neg, 0.13264769949256902, right(srz246186713286)
neg, 0.12688632616944576, right(srz246186717053)
neg, 0.22335882248171707, right(srz246186713940)
neg, 0.12688632616944576, right(srz24618677902)
neg, 0.12688632616944576, right(srz24618674818)
neg, 0.1254446385283914, right(srz246186710555)
neg, 0.12688632616944576, right(srz24618675227)
neg, 0.16534236174919958, right(srz246186710643)
neg, 0.12688632616944576, right(srz24618676128)
neg, 0.12688632616944576, right(srz24618671990)
neg, 0.12688632616944576, right(srz24618672446)
neg, 0.12688632616944576, right(srz246186714929)
neg, 0.12688632616944576, right(srz24618674460)
neg, 0.12688632616944576, right(srz246186717088)
neg, 0.12688632616944576, right(srz246186716013)
neg, 0.23411182129462718, right(srz2461867412)
neg, 0.12688632616944576, right(srz246186712936)
neg, 0.12688632616944576, right(srz246186714485)
neg, 0.12688632616944576, right(srz246186716093)
neg, 0.12688632616944576, right(srz246186713008)
neg, 0.12688632616944576, right(srz246186717154)
neg, 0.12688632616944576, right(srz246186714866)
neg, 0.12688632616944576, right(srz24618671969)
neg, 0.12688632616944576, right(srz24618672675)
neg, 0.2516790776782916, right(srz2461867204)
neg, 0.12688632616944576, right(srz246186713661)
neg, 0.12688632616944576, right(srz24618674318)
neg, 0.13264769949256902, right(srz24618675693)
neg, 0.1307626901162914, right(srz24618676594)
neg, 0.12688632616944576, right(srz24618672899)
neg, 0.12688632616944576, right(srz24618678970)
neg, 0.16534236174919958, right(srz2461867348)
neg, 0.12688632616944576, right(srz24618674255)
neg, 0.12688632616944576, right(srz24618671016)
neg, 0.12688632616944576, right(srz246186712065)
neg, 0.12688632616944576, right(srz24618671893)
neg, 0.13264769949256902, right(srz246186713327)
neg, 0.12688632616944576, right(srz246186712324)
neg, 0.12544463852839138, right(srz246186715778)
neg, 0.12688632616944576, right(srz24618671070)
neg, 0.12688632616944576, right(srz24618676091)
neg, 0.16534236174919958, right(srz246186714306)
neg, 0.1307626901162914, right(srz246186714698)
neg, 0.1332081935458371, right(srz24618676501)
neg, 0.12688632616944576, right(srz246186714988)
neg, 0.12688632616944576, right(srz246186714936)
neg, 0.12688632616944576, right(srz24618677373)
neg, 0.20238779867379567, right(srz24618673291)
neg, 0.12688632616944576, right(srz246186714838)
neg, 0.13264769949256902, right(srz24618679469)
neg, 0.1307626901162914, right(srz24618675167)
neg, 0.12688632616944576, right(srz24618673620)
neg, 0.12688632616944576, right(srz24618677000)
neg, 0.23411182129462718, right(srz24618676778)
neg, 0.12688632616944576, right(srz24618673610)
neg, 0.16534236174919958, right(srz246186713177)
neg, 0.13264769949256902, right(srz246186713320)
neg, 0.12688632616944576, right(srz246186716175)
neg, 0.12688632616944576, right(srz246186712703)
neg, 0.16534236174919958, right(srz24618679300)
neg, 0.12688632616944576, right(srz246186715197)
neg, 0.12688632616944576, right(srz246186711756)
neg, 0.12688632616944576, right(srz24618671446)
neg, 0.12688632616944576, right(srz24618675633)
neg, 0.16534236174919958, right(srz246186713158)
neg, 0.12688632616944576, right(srz24618676525)
neg, 0.12688632616944576, right(srz246186716363)
neg, 0.16534236174919958, right(srz24618676346)
neg, 0.12688632616944576, right(srz24618673377)
neg, 0.12688632616944576, right(srz246186715191)
neg, 0.12688632616944576, right(srz246186711313)
neg, 0.1254446385283914, right(srz2461867926)
neg, 0.12688632616944576, right(srz246186714492)
neg, 0.12688632616944576, right(srz24618675498)
neg, 0.1307626901162914, right(srz246186714688)
neg, 0.23411182129462718, right(srz24618671922)
neg, 0.12688632616944576, right(srz246186715986)
neg, 0.12688632616944576, right(srz246186712035)
neg, 0.16534236174919958, right(srz246186714304)
neg, 0.16534236174919958, right(srz246186714295)
neg, 0.23411182129462718, right(srz246186713894)
neg, 0.16534236174919958, right(srz24618675265)
neg, 0.12688632616944576, right(srz24618675608)
neg, 0.12688632616944576, right(srz24618675208)
neg, 0.12688632616944576, right(srz24618671244)
neg, 0.16534236174919958, right(srz246186710618)
neg, 0.12688632616944576, right(srz24618671412)
neg, 0.12688632616944576, right(srz246186711678)
neg, 0.13264769949256902, right(srz246186713317)
neg, 0.12688632616944576, right(srz24618677599)
neg, 0.1332081935458371, right(srz24618676503)
neg, 0.12688632616944576, right(srz246186716995)
neg, 0.12688632616944576, right(srz24618676058)
neg, 0.13264769949256902, right(srz24618679437)
neg, 0.12688632616944576, right(srz24618672998)
neg, 0.12688632616944576, right(srz246186711722)
neg, 0.12688632616944576, right(srz24618678609)
neg, 0.12688632616944576, right(srz246186715358)
neg, 0.12688632616944576, right(srz24618678849)
neg, 0.20238779867379567, right(srz246186710071)
neg, 0.23411182129462718, right(srz246186713472)
neg, 0.12688632616944576, right(srz24618677517)
neg, 0.20238779867379567, right(srz246186711471)
neg, 0.12688632616944576, right(srz24618674183)
neg, 0.16534236174919958, right(srz24618672423)
neg, 0.12688632616944576, right(srz24618678384)
neg, 0.12688632616944576, right(srz24618674457)
neg, 0.1254446385283914, right(srz246186710515)
neg, 0.1307626901162914, right(srz246186712697)
neg, 0.12688632616944576, right(srz24618671270)
neg, 0.12688632616944576, right(srz24618672160)
neg, 0.20238779867379567, right(srz246186715275)
neg, 0.23411182129462718, right(srz24618679905)
neg, 0.12688632616944576, right(srz246186711992)
neg, 0.16534236174919958, right(srz24618671573)
neg, 0.12688632616944576, right(srz24618671973)
neg, 0.12688632616944576, right(srz24618674187)
neg, 0.20238779867379567, right(srz246186713558)
neg, 0.16534236174919958, right(srz2461867431)
neg, 0.16534236174919958, right(srz246186716412)
neg, 0.18333193000285317, right(srz246186711608)
neg, 0.23411182129462718, right(srz246186711431)
neg, 0.12688632616944576, right(srz246186715952)
neg, 0.12688632616944576, right(srz24618677380)
neg, 0.12688632616944576, right(srz246186711976)
neg, 0.16534236174919958, right(srz2461867359)
neg, 0.12688632616944576, right(srz24618678435)
neg, 0.12544463852839138, right(srz24618675122)
neg, 0.12688632616944576, right(srz246186710359)
neg, 0.1307626901162914, right(srz246186710443)
neg, 0.16534236174919958, right(srz24618673879)
neg, 0.20238779867379567, right(srz246186715254)
neg, 0.12688632616944576, right(srz246186713727)
neg, 0.12688632616944576, right(srz24618678011)
neg, 0.18333193000285317, right(srz246186711521)
neg, 0.13264769949256902, right(srz246186710707)
neg, 0.12688632616944576, right(srz24618671438)
neg, 0.16534236174919958, right(srz24618671587)
neg, 0.1307626901162914, right(srz246186714668)
neg, 0.16534236174919958, right(srz24618675798)
neg, 0.12688632616944576, right(srz246186711907)
neg, 0.12688632616944576, right(srz246186711179)
neg, 0.16534236174919958, right(srz246186716476)
neg, 0.13264769949256902, right(srz246186710488)
neg, 0.12688632616944576, right(srz24618672717)
neg, 0.1254446385283914, right(srz246186713057)
neg, 0.12688632616944576, right(srz24618676022)
neg, 0.20238779867379567, right(srz24618673485)
neg, 0.16534236174919958, right(srz24618676400)
neg, 0.13264769949256902, right(srz24618679351)
neg, 0.12688632616944576, right(srz246186713673)
neg, 0.13264769949256902, right(srz246186741)
neg, 0.12688632616944576, right(srz246186711861)
neg, 0.20238779867379567, right(srz246186714413)
neg, 0.16534236174919958, right(srz246186716491)
neg, 0.12688632616944576, right(srz246186715160)
neg, 0.12688632616944576, right(srz24618677620)
neg, 0.12688632616944576, right(srz246186711964)
neg, 0.12688632616944576, right(srz246186713011)
neg, 0.12688632616944576, right(srz246186712121)
neg, 0.12688632616944576, right(srz24618672920)
neg, 0.12688632616944576, right(srz246186715882)
neg, 0.1307626901162914, right(srz246186714737)
neg, 0.1254446385283914, right(srz246186710548)
neg, 0.12688632616944576, right(srz24618678010)
neg, 0.12688632616944576, right(srz246186713006)
neg, 0.12688632616944576, right(srz246186715935)
neg, 0.13264769949256902, right(srz246186713302)
neg, 0.1307626901162914, right(srz24618678089)
neg, 0.12688632616944576, right(srz246186711811)
neg, 0.13264769949256902, right(srz24618675714)
neg, 0.12688632616944576, right(srz246186711925)
neg, 0.20238779867379567, right(srz24618678922)
neg, 0.12688632616944576, right(srz24618676042)
neg, 0.12688632616944576, right(srz246186710866)
neg, 0.12688632616944576, right(srz246186716127)
neg, 0.23411182129462718, right(srz24618678820)
neg, 0.12688632616944576, right(srz246186716116)
neg, 0.20238779867379567, right(srz246186715426)
neg, 0.12688632616944576, right(srz246186715101)
neg, 0.16534236174919958, right(srz246186716497)
neg, 0.12688632616944576, right(srz2461867451)
neg, 0.12688632616944576, right(srz246186716007)
neg, 0.23411182129462718, right(srz246186711439)
neg, 0.12688632616944576, right(srz246186716366)
neg, 0.1307626901162914, right(srz246186714740)
neg, 0.12688632616944576, right(srz24618675148)
neg, 0.12688632616944576, right(srz24618672854)
neg, 0.13264769949256902, right(srz2461867142)
neg, 0.12688632616944576, right(srz24618672792)
neg, 0.12688632616944576, right(srz24618677502)
neg, 0.12688632616944576, right(srz24618671467)
neg, 0.12688632616944576, right(srz24618674120)
neg, 0.270952319943303, right(srz246186710928)
neg, 0.12688632616944576, right(srz246186717040)
neg, 0.12688632616944576, right(srz24618677130)
neg, 0.12688632616944576, right(srz246186716155)
neg, 0.12688632616944576, right(srz24618671223)
neg, 0.12688632616944576, right(srz246186711849)
neg, 0.12688632616944576, right(srz24618678283)
neg, 0.12688632616944576, right(srz24618671906)
neg, 0.12688632616944576, right(srz246186713657)
neg, 0.12688632616944576, right(srz24618675203)
neg, 0.12688632616944576, right(srz24618678560)
neg, 0.12688632616944576, right(srz2461867490)
neg, 0.16534236174919958, right(srz24618679262)
neg, 0.12688632616944576, right(srz24618671029)
neg, 0.13264769949256902, right(srz246186710744)
neg, 0.12688632616944576, right(srz24618677138)
neg, 0.23411182129462718, right(srz24618675184)
neg, 0.20238779867379567, right(srz24618676770)
neg, 0.12688632616944576, right(srz2461867469)
neg, 0.12688632616944576, right(srz24618677459)
neg, 0.12688632616944576, right(srz246186711829)
neg, 0.1307626901162914, right(srz24618679969)
neg, 0.12688632616944576, right(srz24618674279)
neg, 0.12688632616944576, right(srz246186716201)
neg, 0.20238779867379567, right(srz24618676884)
neg, 0.12688632616944576, right(srz246186715600)
neg, 0.20238779867379567, right(srz24618677105)
neg, 0.16534236174919958, right(srz246186714228)
neg, 0.12688632616944576, right(srz246186711887)
neg, 0.12688632616944576, right(srz246186713493)
neg, 0.12544463852839138, right(srz24618675123)
neg, 0.12688632616944576, right(srz24618671174)
neg, 0.23411182129462718, right(srz24618676779)
neg, 0.20238779867379567, right(srz246186712636)
neg, 0.1307626901162914, right(srz246186715837)
neg, 0.12688632616944576, right(srz246186710310)
neg, 0.16534236174919958, right(srz246186712605)
neg, 0.12688632616944576, right(srz24618671789)
neg, 0.12688632616944576, right(srz24618677564)
neg, 0.16534236174919958, right(srz246186716447)
neg, 0.12688632616944576, right(srz24618672496)
neg, 0.1307626901162914, right(srz246186714758)
neg, 0.16534236174919958, right(srz246186716429)
neg, 0.12688632616944576, right(srz246186716033)
neg, 0.12688632616944576, right(srz24618671830)
neg, 0.12688632616944576, right(srz246186711184)
neg, 0.12688632616944576, right(srz246186710363)
neg, 0.12688632616944576, right(srz24618679487)
neg, 0.16534236174919958, right(srz246186710648)
neg, 0.12688632616944576, right(srz24618674280)
neg, 0.12688632616944576, right(srz24618673647)
neg, 0.12688632616944576, right(srz246186716385)
neg, 0.12688632616944576, right(srz246186710368)
neg, 0.12688632616944576, right(srz246186711335)
neg, 0.1332081935458371, right(srz2461867621)
neg, 0.1254446385283914, right(srz246186710559)
neg, 0.20238779867379567, right(srz246186712413)
neg, 0.12688632616944576, right(srz246186716389)
neg, 0.23411182129462718, right(srz246186711434)
neg, 0.20238779867379567, right(srz24618673222)
neg, 0.12688632616944576, right(srz246186716031)
neg, 0.12688632616944576, right(srz246186713370)
neg, 0.16534236174919958, right(srz246186716483)
neg, 0.13264769949256902, right(srz246186710805)
neg, 0.12688632616944576, right(srz2461867269)
neg, 0.12688632616944576, right(srz246186714252)
neg, 0.12688632616944576, right(srz24618677589)
neg, 0.16534236174919958, right(srz246186716410)
neg, 0.1307626901162914, right(srz246186714646)
neg, 0.20238779867379567, right(srz246186711474)
neg, 0.12688632616944576, right(srz24618674313)
neg, 0.12688632616944576, right(srz246186711834)
neg, 0.12688632616944576, right(srz246186712005)
neg, 0.12688632616944576, right(srz24618677028)
neg, 0.12688632616944576, right(srz246186714898)
neg, 0.12688632616944576, right(srz246186716830)
neg, 0.12688632616944576, right(srz24618674157)
neg, 0.12688632616944576, right(srz24618679546)
neg, 0.12688632616944576, right(srz246186711068)
neg, 0.12688632616944576, right(srz24618671631)
neg, 0.12688632616944576, right(srz24618671004)
neg, 0.12688632616944576, right(srz246186716128)
neg, 0.20238779867379567, right(srz24618678216)
neg, 0.12688632616944576, right(srz24618674869)
neg, 0.16534236174919958, right(srz2461867709)
neg, 0.13264769949256902, right(srz24618675749)
neg, 0.16534236174919958, right(srz246186711445)
neg, 0.23411182129462718, right(srz246186715478)
neg, 0.13264769949256902, right(srz24618675895)
neg, 0.12688632616944576, right(srz24618678041)
neg, 0.12688632616944576, right(srz24618672786)
neg, 0.1307626901162914, right(srz24618676614)
neg, 0.12544463852839138, right(srz246186711272)
neg, 0.12688632616944576, right(srz24618677307)
neg, 0.12688632616944576, right(srz24618677985)
neg, 0.12688632616944576, right(srz24618672473)
neg, 0.12688632616944576, right(srz24618679941)
neg, 0.12688632616944576, right(srz24618674136)
neg, 0.16534236174919958, right(srz2461867728)
neg, 0.12688632616944576, right(srz2461867647)
neg, 0.12688632616944576, right(srz24618678022)
neg, 0.12544463852839138, right(srz246186713364)
neg, 0.20238779867379567, right(srz24618673487)
neg, 0.12688632616944576, right(srz246186711859)
neg, 0.1307626901162914, right(srz246186712673)
neg, 0.12688632616944576, right(srz24618677429)
neg, 0.12688632616944576, right(srz24618674602)
neg, 0.12688632616944576, right(srz24618672032)
neg, 0.12688632616944576, right(srz2461867287)
neg, 0.12688632616944576, right(srz2461867262)
neg, 0.20238779867379567, right(srz246186712620)
neg, 0.12688632616944576, right(srz246186716253)
neg, 0.16534236174919958, right(srz24618673888)
neg, 0.20238779867379567, right(srz246186716598)
neg, 0.13264769949256902, right(srz24618675870)
neg, 0.12688632616944576, right(srz24618672449)
neg, 0.12688632616944576, right(srz24618676799)
neg, 0.12688632616944576, right(srz24618679151)
neg, 0.12688632616944576, right(srz24618675212)
neg, 0.12688632616944576, right(srz24618675631)
neg, 0.12688632616944576, right(srz24618677511)
neg, 0.12688632616944576, right(srz246186716099)
neg, 0.12688632616944576, right(srz246186711802)
neg, 0.12688632616944576, right(srz24618676064)
neg, 0.12688632616944576, right(srz2461867506)
neg, 0.12688632616944576, right(srz24618672750)
neg, 0.13264769949256902, right(srz24618678)
neg, 0.12688632616944576, right(srz246186715850)
neg, 0.20238779867379567, right(srz246186715297)
neg, 0.12688632616944576, right(srz24618676206)
neg, 0.12688632616944576, right(srz24618672601)
neg, 0.12688632616944576, right(srz24618677545)
neg, 0.12544463852839138, right(srz246186711318)
neg, 0.12688632616944576, right(srz24618672438)
neg, 0.1307626901162914, right(srz246186710394)
neg, 0.23411182129462718, right(srz24618678131)
neg, 0.18333193000285317, right(srz246186711526)
neg, 0.12688632616944576, right(srz24618674422)
neg, 0.12688632616944576, right(srz24618676583)
neg, 0.12688632616944576, right(srz246186714477)
neg, 0.12688632616944576, right(srz246186716104)
neg, 0.12688632616944576, right(srz24618678051)
neg, 0.12688632616944576, right(srz24618674317)
neg, 0.12688632616944576, right(srz246186716238)
neg, 0.12688632616944576, right(srz24618677627)
neg, 0.20238779867379567, right(srz246186712751)
neg, 0.22335882248171707, right(srz24618671865)
neg, 0.12544463852839138, right(srz246186712433)
neg, 0.12688632616944576, right(srz24618677317)
neg, 0.1254446385283914, right(srz246186710494)
neg, 0.16534236174919958, right(srz246186710582)
neg, 0.12688632616944576, right(srz24618672494)
neg, 0.12688632616944576, right(srz246186711659)
neg, 0.13264769949256902, right(srz24618675694)
neg, 0.12688632616944576, right(srz246186712231)
neg, 0.23411182129462718, right(srz246186715526)
neg, 0.12688632616944576, right(srz246186711882)
neg, 0.12688632616944576, right(srz2461867645)
neg, 0.12688632616944576, right(srz24618675224)
neg, 0.12688632616944576, right(srz24618676061)
neg, 0.13264769949256902, right(srz24618679176)
neg, 0.16534236174919958, right(srz24618679257)
neg, 0.12688632616944576, right(srz24618679648)
neg, 0.20238779867379567, right(srz246186712867)
neg, 0.12688632616944576, right(srz24618674197)
neg, 0.12688632616944576, right(srz246186712934)
neg, 0.13264769949256902, right(srz246186798)
neg, 0.12688632616944576, right(srz24618673422)
neg, 0.12688632616944576, right(srz24618671639)
neg, 0.12688632616944576, right(srz24618674091)
neg, 0.20238779867379567, right(srz246186715244)
neg, 0.12688632616944576, right(srz24618671617)
neg, 0.12688632616944576, right(srz246186716135)
neg, 0.23411182129462718, right(srz24618675180)
neg, 0.12688632616944576, right(srz24618677365)
neg, 0.12688632616944576, right(srz24618672245)
neg, 0.12688632616944576, right(srz24618676916)
neg, 0.20238779867379567, right(srz24618678503)
neg, 0.16534236174919958, right(srz2461867606)
neg, 0.12688632616944576, right(srz246186716380)
neg, 0.12688632616944576, right(srz246186715631)
neg, 0.20238779867379567, right(srz24618673301)
neg, 0.12688632616944576, right(srz2461867631)
neg, 0.12688632616944576, right(srz24618677433)
neg, 0.12688632616944576, right(srz246186716257)
neg, 0.20238779867379567, right(srz24618678917)
neg, 0.12688632616944576, right(srz246186714456)
neg, 0.12688632616944576, right(srz246186716277)
neg, 0.12688632616944576, right(srz246186713946)
neg, 0.12688632616944576, right(srz24618676698)
neg, 0.12688632616944576, right(srz24618679676)
neg, 0.1332081935458371, right(srz246186714429)
neg, 0.18333193000285317, right(srz24618679173)
neg, 0.12688632616944576, right(srz24618671869)
neg, 0.12688632616944576, right(srz24618674116)
neg, 0.12688632616944576, right(srz246186713664)
neg, 0.20238779867379567, right(srz24618674749)
neg, 0.12688632616944576, right(srz24618676080)
neg, 0.12688632616944576, right(srz24618677039)
neg, 0.16534236174919958, right(srz246186716445)
neg, 0.12688632616944576, right(srz246186716314)
neg, 0.13264769949256902, right(srz246186713273)
neg, 0.1307626901162914, right(srz246186714803)
neg, 0.12688632616944576, right(srz24618676255)
neg, 0.12688632616944576, right(srz24618671256)
neg, 0.12688632616944576, right(srz24618678975)
neg, 0.16534236174919958, right(srz246186713695)
neg, 0.12688632616944576, right(srz246186710833)
neg, 0.20238779867379567, right(srz246186712851)
neg, 0.12688632616944576, right(srz246186716308)
neg, 0.12688632616944576, right(srz246186713761)
neg, 0.12688632616944576, right(srz246186715848)
neg, 0.12688632616944576, right(srz2461867953)
neg, 0.12688632616944576, right(srz24618672463)
neg, 0.12688632616944576, right(srz246186716065)
neg, 0.12688632616944576, right(srz24618672838)
neg, 0.12688632616944576, right(srz246186716008)
neg, 0.13264769949256902, right(srz24618675995)
neg, 0.12688632616944576, right(srz246186717103)
neg, 0.1332081935458371, right(srz2461867615)
neg, 0.16534236174919958, right(srz2461867207)
neg, 0.12688632616944576, right(srz24618678943)
neg, 0.12688632616944576, right(srz24618672168)
neg, 0.12688632616944576, right(srz246186713001)
neg, 0.12688632616944576, right(srz2461867984)
neg, 0.12688632616944576, right(srz2461867667)
neg, 0.16534236174919958, right(srz246186714307)
neg, 0.12688632616944576, right(srz24618675629)
neg, 0.20238779867379567, right(srz246186714139)
neg, 0.13264769949256902, right(srz246186710775)
neg, 0.16534236174919958, right(srz24618675282)
neg, 0.12688632616944576, right(srz24618674774)
neg, 0.1307626901162914, right(srz24618678522)
neg, 0.12688632616944576, right(srz246186713479)
neg, 0.23411182129462718, right(srz24618673713)
neg, 0.16534236174919958, right(srz246186716451)
neg, 0.1307626901162914, right(srz246186713839)
neg, 0.16534236174919958, right(srz246186714305)
neg, 0.12688632616944576, right(srz24618678428)
neg, 0.12688632616944576, right(srz24618673630)
neg, 0.16534236174919958, right(srz246186716411)
neg, 0.12688632616944576, right(srz246186712008)
neg, 0.12688632616944576, right(srz24618672251)
neg, 0.12688632616944576, right(srz246186714433)
neg, 0.2516790776782916, right(srz24618679053)
neg, 0.18333193000285317, right(srz24618675656)
neg, 0.23411182129462718, right(srz24618679869)
neg, 0.12688632616944576, right(srz24618672805)
neg, 0.12688632616944576, right(srz24618672034)
neg, 0.16534236174919958, right(srz24618679269)
neg, 0.12688632616944576, right(srz24618674372)
neg, 0.12688632616944576, right(srz24618672954)
neg, 0.12688632616944576, right(srz24618672252)
neg, 0.13264769949256902, right(srz24618679433)
neg, 0.12688632616944576, right(srz246186716289)
neg, 0.12688632616944576, right(srz24618676288)
neg, 0.12688632616944576, right(srz24618673819)
neg, 0.13264769949256902, right(srz24618679360)
neg, 0.23411182129462718, right(srz24618672332)
neg, 0.12688632616944576, right(srz246186715949)
neg, 0.12688632616944576, right(srz246186715879)
neg, 0.12688632616944576, right(srz24618672163)
neg, 0.12688632616944576, right(srz246186716812)
neg, 0.12688632616944576, right(srz24618671370)
neg, 0.1307626901162914, right(srz246186714664)
neg, 0.12688632616944576, right(srz246186711361)
neg, 0.16534236174919958, right(srz246186716513)
neg, 0.12688632616944576, right(srz24618671102)
neg, 0.13264769949256902, right(srz246186710734)
neg, 0.12688632616944576, right(srz246186712455)
neg, 0.12688632616944576, right(srz246186714824)
neg, 0.16534236174919958, right(srz24618671764)
neg, 0.16534236174919958, right(srz246186716534)
neg, 0.12688632616944576, right(srz24618671254)
neg, 0.16534236174919958, right(srz246186710611)
neg, 0.12688632616944576, right(srz24618677010)
neg, 0.12688632616944576, right(srz24618676121)
neg, 0.12688632616944576, right(srz246186714978)
neg, 0.18333193000285317, right(srz246186711601)
neg, 0.12688632616944576, right(srz2461867946)
neg, 0.23411182129462718, right(srz246186712671)
neg, 0.13264769949256902, right(srz24618675734)
neg, 0.12688632616944576, right(srz24618676081)
neg, 0.12688632616944576, right(srz2461867574)
neg, 0.1254446385283914, right(srz246186710537)
neg, 0.1332081935458371, right(srz24618677115)
neg, 0.12688632616944576, right(srz246186716112)
neg, 0.23411182129462718, right(srz24618673719)
neg, 0.12688632616944576, right(srz246186712659)
neg, 0.12688632616944576, right(srz246186713007)
neg, 0.12688632616944576, right(srz246186717102)
neg, 0.12688632616944576, right(srz246186712458)
neg, 0.12688632616944576, right(srz24618674411)
neg, 0.12688632616944576, right(srz246186716009)
neg, 0.12688632616944576, right(srz24618677443)
neg, 0.12688632616944576, right(srz24618677645)
neg, 0.12688632616944576, right(srz246186715430)
neg, 0.12688632616944576, right(srz246186713737)
neg, 0.12688632616944576, right(srz24618672758)
neg, 0.12688632616944576, right(srz246186712254)
neg, 0.20238779867379567, right(srz246186715290)
neg, 0.12688632616944576, right(srz246186713494)
neg, 0.13264769949256902, right(srz24618675675)
neg, 0.12688632616944576, right(srz24618671165)
neg, 0.1307626901162914, right(srz24618676596)
neg, 0.12688632616944576, right(srz246186711667)
neg, 0.12688632616944576, right(srz246186712058)
neg, 0.18333193000285317, right(srz24618675587)
neg, 0.12688632616944576, right(srz24618672177)
neg, 0.16534236174919958, right(srz246186717196)
neg, 0.12688632616944576, right(srz24618678957)
neg, 0.12688632616944576, right(srz246186714968)
neg, 0.20238779867379567, right(srz24618678208)
neg, 0.12688632616944576, right(srz2461867230)
neg, 0.12688632616944576, right(srz24618671094)
neg, 0.20238779867379567, right(srz246186714410)
neg, 0.13264769949256902, right(srz24618675898)
neg, 0.13264769949256902, right(srz246186710814)
neg, 0.16534236174919958, right(srz24618672341)
neg, 0.12688632616944576, right(srz24618671209)
neg, 0.12688632616944576, right(srz24618678287)
neg, 0.13264769949256902, right(srz24618675751)
neg, 0.12688632616944576, right(srz24618678950)
neg, 0.12688632616944576, right(srz24618671897)
neg, 0.12688632616944576, right(srz246186713499)
neg, 0.12688632616944576, right(srz24618672829)
neg, 0.12688632616944576, right(srz24618678597)
neg, 0.12688632616944576, right(srz24618671120)
neg, 0.12688632616944576, right(srz246186711848)
neg, 0.12688632616944576, right(srz246186714257)
neg, 0.12688632616944576, right(srz246186717111)
neg, 0.12688632616944576, right(srz24618679618)
neg, 0.12688632616944576, right(srz24618672844)
neg, 0.12688632616944576, right(srz246186711873)
neg, 0.20238779867379567, right(srz24618673211)
neg, 0.12688632616944576, right(srz24618672740)
neg, 0.16534236174919958, right(srz24618675773)
neg, 0.16534236174919958, right(srz24618672320)
neg, 0.20238779867379567, right(srz246186712847)
neg, 0.20238779867379567, right(srz246186710302)
neg, 0.12688632616944576, right(srz24618674419)
neg, 0.12688632616944576, right(srz246186714457)
neg, 0.12688632616944576, right(srz24618672698)
neg, 0.12688632616944576, right(srz246186713591)
neg, 0.12544463852839138, right(srz24618679096)
neg, 0.1307626901162914, right(srz246186714733)
neg, 0.12688632616944576, right(srz246186714827)
neg, 0.12688632616944576, right(srz246186717002)
neg, 0.12688632616944576, right(srz2461867479)
neg, 0.12688632616944576, right(srz246186716150)
neg, 0.13264769949256902, right(srz246186710692)
neg, 0.12688632616944576, right(srz24618674174)
neg, 0.12688632616944576, right(srz24618679667)
neg, 0.12688632616944576, right(srz24618677033)
neg, 0.12688632616944576, right(srz246186715341)
neg, 0.20238779867379567, right(srz24618678169)
neg, 0.13264769949256902, right(srz246186710712)
neg, 0.12688632616944576, right(srz24618677005)
neg, 0.12688632616944576, right(srz24618672637)
neg, 0.13264769949256902, right(srz246186723)
neg, 0.12688632616944576, right(srz24618672220)
neg, 0.16534236174919958, right(srz24618671766)
neg, 0.12688632616944576, right(srz24618679834)
neg, 0.12688632616944576, right(srz246186712381)
neg, 0.12688632616944576, right(srz24618671466)
neg, 0.12688632616944576, right(srz246186712075)
neg, 0.12688632616944576, right(srz24618674201)
neg, 0.12688632616944576, right(srz246186711919)
neg, 0.12688632616944576, right(srz24618674654)
neg, 0.270952319943303, right(srz246186710950)
neg, 0.18333193000285317, right(srz24618679587)
neg, 0.12688632616944576, right(srz24618677378)
neg, 0.23411182129462718, right(srz24618673905)
neg, 0.13264769949256902, right(srz246186710778)
neg, 0.12688632616944576, right(srz246186716321)
neg, 0.1307626901162914, right(srz246186714108)
neg, 0.20238779867379567, right(srz24618679924)
neg, 0.12688632616944576, right(srz2461867682)
neg, 0.12688632616944576, right(srz24618677149)
neg, 0.23411182129462718, right(srz24618678518)
neg, 0.12688632616944576, right(srz246186716660)
neg, 0.16534236174919958, right(srz246186713709)
neg, 0.12688632616944576, right(srz24618678020)
neg, 0.13264769949256902, right(srz246186713251)
neg, 0.12688632616944576, right(srz24618678697)
neg, 0.1307626901162914, right(srz246186712688)
neg, 0.12688632616944576, right(srz246186716219)
neg, 0.12688632616944576, right(srz24618675460)
neg, 0.2516790776782916, right(srz246186712157)
neg, 0.1307626901162914, right(srz246186714763)
neg, 0.13264769949256902, right(srz24618675989)
neg, 0.1307626901162914, right(srz246186714675)
neg, 0.12688632616944576, right(srz24618677866)
neg, 0.16534236174919958, right(srz24618672321)
neg, 0.16534236174919958, right(srz2461867726)
neg, 0.12688632616944576, right(srz246186713497)
neg, 0.12688632616944576, right(srz246186712984)
neg, 0.12688632616944576, right(srz24618672638)
neg, 0.12688632616944576, right(srz246186712483)
neg, 0.1332081935458371, right(srz24618677977)
neg, 0.12688632616944576, right(srz24618677021)
neg, 0.23411182129462718, right(srz24618676662)
neg, 0.12544463852839138, right(srz24618675128)
neg, 0.12688632616944576, right(srz246186711821)
neg, 0.12688632616944576, right(srz24618678561)
neg, 0.1307626901162914, right(srz246186714656)
neg, 0.12688632616944576, right(srz246186711912)
neg, 0.12688632616944576, right(srz2461867554)
neg, 0.12688632616944576, right(srz24618679842)
neg, 0.12688632616944576, right(srz246186715086)
neg, 0.1307626901162914, right(srz246186715332)
neg, 0.12688632616944576, right(srz24618674435)
neg, 0.16534236174919958, right(srz246186716446)
neg, 0.12688632616944576, right(srz246186714854)
neg, 0.12688632616944576, right(srz246186712027)
neg, 0.12688632616944576, right(srz246186714063)
neg, 0.12688632616944576, right(srz24618676271)
neg, 0.12688632616944576, right(srz24618676700)
neg, 0.1307626901162914, right(srz24618679981)
neg, 0.12688632616944576, right(srz24618674194)
neg, 0.16534236174919958, right(srz24618672358)
neg, 0.12688632616944576, right(srz24618679675)
neg, 0.12688632616944576, right(srz246186717020)
neg, 0.12688632616944576, right(srz24618674776)
neg, 0.12688632616944576, right(srz24618679683)
neg, 0.12688632616944576, right(srz246186711807)
neg, 0.12688632616944576, right(srz24618677803)
neg, 0.12688632616944576, right(srz24618671952)
neg, 0.12688632616944576, right(srz246186710345)
neg, 0.12688632616944576, right(srz246186716304)
neg, 0.12688632616944576, right(srz246186716627)
neg, 0.12688632616944576, right(srz24618679665)
neg, 0.12688632616944576, right(srz24618674288)
neg, 0.12688632616944576, right(srz24618671333)
neg, 0.20238779867379567, right(srz24618678483)
neg, 0.1254446385283914, right(srz246186713058)
neg, 0.12688632616944576, right(srz24618677309)
neg, 0.12688632616944576, right(srz246186715792)
neg, 0.12688632616944576, right(srz24618676087)
neg, 0.16534236174919958, right(srz246186713193)
neg, 0.18333193000285317, right(srz246186711572)
neg, 0.16534236174919958, right(srz246186717178)
neg, 0.12688632616944576, right(srz246186710134)
neg, 0.12688632616944576, right(srz246186712097)
neg, 0.13264769949256902, right(srz246186713347)
neg, 0.12688632616944576, right(srz246186716694)
neg, 0.12688632616944576, right(srz246186716809)
neg, 0.13264769949256902, right(srz24618675978)
neg, 0.12688632616944576, right(srz2461867385)
neg, 0.16534236174919958, right(srz246186714231)
neg, 0.12688632616944576, right(srz246186717173)
neg, 0.1332081935458371, right(srz24618671781)
neg, 0.12688632616944576, right(srz246186712794)
neg, 0.12688632616944576, right(srz246186715169)
neg, 0.23411182129462718, right(srz24618678645)
neg, 0.13264769949256902, right(srz246186713291)
neg, 0.20238779867379567, right(srz24618678819)
neg, 0.12688632616944576, right(srz24618673803)
neg, 0.2516790776782916, right(srz246186713361)
neg, 0.12688632616944576, right(srz24618673569)
neg, 0.1307626901162914, right(srz246186710414)
neg, 0.12688632616944576, right(srz246186713741)
neg, 0.12688632616944576, right(srz24618676979)
neg, 0.20238779867379567, right(srz246186715279)
neg, 0.12688632616944576, right(srz24618674378)
neg, 0.1307626901162914, right(srz246186714693)
neg, 0.13264769949256902, right(srz246186779)
neg, 0.20238779867379567, right(srz24618672409)
neg, 0.1307626901162914, right(srz246186714140)
neg, 0.12688632616944576, right(srz246186717123)
neg, 0.16534236174919958, right(srz246186716516)
neg, 0.16534236174919958, right(srz24618678416)
neg, 0.12688632616944576, right(srz246186710155)
neg, 0.12688632616944576, right(srz24618672443)
neg, 0.13264769949256902, right(srz24618679196)
neg, 0.12688632616944576, right(srz24618674349)
neg, 0.12688632616944576, right(srz246186714524)
neg, 0.12688632616944576, right(srz24618678032)
neg, 0.1254446385283914, right(srz246186710525)
neg, 0.13264769949256902, right(srz24618674013)
neg, 0.12688632616944576, right(srz246186714811)
neg, 0.12688632616944576, right(srz24618677026)
neg, 0.16534236174919958, right(srz2461867418)
neg, 0.20238779867379567, right(srz24618673478)
neg, 0.13264769949256902, right(srz246186717)
neg, 0.12688632616944576, right(srz24618674674)
neg, 0.12688632616944576, right(srz24618672867)
neg, 0.16534236174919958, right(srz246186716424)
neg, 0.12688632616944576, right(srz24618676906)
neg, 0.12688632616944576, right(srz246186710876)
neg, 0.12688632616944576, right(srz24618678348)
neg, 0.12688632616944576, right(srz24618675418)
neg, 0.12688632616944576, right(srz2461867627)
neg, 0.12688632616944576, right(srz246186716081)
neg, 0.20238779867379567, right(srz24618679868)
neg, 0.12688632616944576, right(srz24618676529)
neg, 0.1254446385283914, right(srz246186712170)
neg, 0.1307626901162914, right(srz24618676592)
neg, 0.20238779867379567, right(srz24618676766)
neg, 0.12688632616944576, right(srz246186712048)
neg, 0.12688632616944576, right(srz246186714849)
neg, 0.12688632616944576, right(srz24618675142)
neg, 0.20238779867379567, right(srz246186712745)
neg, 0.12688632616944576, right(srz246186716001)
neg, 0.12688632616944576, right(srz246186716267)
neg, 0.20238779867379567, right(srz246186716791)
neg, 0.12688632616944576, right(srz24618678334)
neg, 0.12688632616944576, right(srz246186717135)
neg, 0.1332081935458371, right(srz24618677118)
neg, 0.12688632616944576, right(srz24618676202)
neg, 0.20238779867379567, right(srz24618676735)
neg, 0.12688632616944576, right(srz24618677596)
neg, 0.23411182129462718, right(srz24618678786)
neg, 0.1332081935458371, right(srz24618675416)
neg, 0.12688632616944576, right(srz24618672459)
neg, 0.12688632616944576, right(srz24618677347)
neg, 0.12688632616944576, right(srz24618678945)
neg, 0.12688632616944576, right(srz24618675014)
neg, 0.12688632616944576, right(srz24618674162)
neg, 0.12688632616944576, right(srz246186712271)
neg, 0.20238779867379567, right(srz246186711255)
neg, 0.12688632616944576, right(srz24618671651)
neg, 0.20238779867379567, right(srz246186712731)
neg, 0.12688632616944576, right(srz246186711721)
neg, 0.12688632616944576, right(srz24618672198)
neg, 0.16534236174919958, right(srz24618676376)
neg, 0.20238779867379567, right(srz24618678911)
neg, 0.12688632616944576, right(srz24618673601)
neg, 0.12688632616944576, right(srz246186715637)
neg, 0.12688632616944576, right(srz246186713738)
neg, 0.12688632616944576, right(srz24618673591)
neg, 0.12688632616944576, right(srz246186710187)
neg, 0.12688632616944576, right(srz24618671493)
neg, 0.12688632616944576, right(srz24618671472)
neg, 0.12688632616944576, right(srz246186711730)
neg, 0.12688632616944576, right(srz24618677745)
neg, 0.16534236174919958, right(srz24618676347)
neg, 0.16534236174919958, right(srz24618671747)
neg, 0.12688632616944576, right(srz246186716819)
neg, 0.23411182129462718, right(srz24618677724)
neg, 0.12688632616944576, right(srz246186710262)
neg, 0.13264769949256902, right(srz246186713350)
neg, 0.12688632616944576, right(srz24618671264)
neg, 0.12688632616944576, right(srz24618676096)
neg, 0.12688632616944576, right(srz246186711712)
neg, 0.13264769949256902, right(srz24618675717)
neg, 0.16534236174919958, right(srz24618675819)
neg, 0.20238779867379567, right(srz246186711485)
neg, 0.12688632616944576, right(srz246186715184)
neg, 0.12688632616944576, right(srz24618677323)
neg, 0.1307626901162914, right(srz246186716877)
neg, 0.1254446385283914, right(srz24618677286)
neg, 0.20238779867379567, right(srz246186711488)
neg, 0.12688632616944576, right(srz24618678009)
neg, 0.12688632616944576, right(srz246186714464)
neg, 0.12688632616944576, right(srz24618677409)
neg, 0.1307626901162914, right(srz246186714723)
neg, 0.1307626901162914, right(srz246186714755)
neg, 0.12688632616944576, right(srz24618674854)
neg, 0.12688632616944576, right(srz24618672018)
neg, 0.12688632616944576, right(srz246186714841)
neg, 0.12688632616944576, right(srz24618672672)
neg, 0.20238779867379567, right(srz24618676663)
neg, 0.23411182129462718, right(srz24618673275)
neg, 0.12688632616944576, right(srz246186713389)
neg, 0.1254446385283914, right(srz2461867915)
neg, 0.20238779867379567, right(srz24618679865)
neg, 0.12688632616944576, right(srz246186713587)
neg, 0.12688632616944576, right(srz246186713490)
neg, 0.2516790776782916, right(srz246186714587)
neg, 0.23411182129462718, right(srz246186715477)
neg, 0.12688632616944576, right(srz246186716110)
neg, 0.12688632616944576, right(srz24618677989)
neg, 0.20238779867379567, right(srz24618673196)
neg, 0.12688632616944576, right(srz24618672722)
neg, 0.12688632616944576, right(srz24618671131)
neg, 0.12688632616944576, right(srz24618677882)
neg, 0.12688632616944576, right(srz24618672723)
neg, 0.20238779867379567, right(srz246186712642)
neg, 0.12688632616944576, right(srz24618679537)
neg, 0.12688632616944576, right(srz24618675503)
neg, 0.1254446385283914, right(srz246186710538)
neg, 0.1307626901162914, right(srz24618676609)
neg, 0.13264769949256902, right(srz24618679380)
neg, 0.20238779867379567, right(srz24618674748)
neg, 0.1307626901162914, right(srz246186714731)
neg, 0.12688632616944576, right(srz246186714828)
neg, 0.12688632616944576, right(srz24618676836)
neg, 0.12688632616944576, right(srz24618676615)
neg, 0.12688632616944576, right(srz24618678282)
neg, 0.20238779867379567, right(srz24618673210)
neg, 0.12688632616944576, right(srz246186715196)
neg, 0.12688632616944576, right(srz246186716060)
neg, 0.12688632616944576, right(srz24618677522)
neg, 0.12688632616944576, right(srz24618678878)
neg, 0.13264769949256902, right(srz24618679358)
neg, 0.12688632616944576, right(srz246186715054)
neg, 0.1307626901162914, right(srz246186713842)
neg, 0.12688632616944576, right(srz24618673423)
neg, 0.13264769949256902, right(srz24618679429)
neg, 0.12688632616944576, right(srz246186717093)
neg, 0.12688632616944576, right(srz246186715948)
neg, 0.12688632616944576, right(srz246186712970)
neg, 0.12688632616944576, right(srz24618671951)
neg, 0.12688632616944576, right(srz24618676208)
neg, 0.20238779867379567, right(srz24618679920)
neg, 0.12688632616944576, right(srz246186712363)
neg, 0.12688632616944576, right(srz246186715110)
neg, 0.12688632616944576, right(srz24618679543)
neg, 0.12688632616944576, right(srz24618676083)
neg, 0.12688632616944576, right(srz24618674967)
neg, 0.12688632616944576, right(srz246186711780)
neg, 0.20238779867379567, right(srz24618674929)
neg, 0.16534236174919958, right(srz246186716405)
neg, 0.12688632616944576, right(srz24618671804)
neg, 0.12688632616944576, right(srz246186717000)
neg, 0.23411182129462718, right(srz246186711214)
neg, 0.12688632616944576, right(srz246186715623)
neg, 0.12688632616944576, right(srz24618676683)
neg, 0.12688632616944576, right(srz24618672674)
neg, 0.12688632616944576, right(srz246186715897)
neg, 0.16534236174919958, right(srz2461867357)
neg, 0.12688632616944576, right(srz24618672582)
neg, 0.12688632616944576, right(srz246186714326)
neg, 0.20238779867379567, right(srz24618675120)
neg, 0.12688632616944576, right(srz24618674172)
neg, 0.12688632616944576, right(srz246186717124)
neg, 0.12688632616944576, right(srz24618672982)
neg, 0.1307626901162914, right(srz246186714780)
neg, 0.12688632616944576, right(srz246186716202)
neg, 0.12688632616944576, right(srz24618671093)
neg, 0.13264769949256902, right(srz24618675927)
neg, 0.12688632616944576, right(srz24618675481)
neg, 0.20238779867379567, right(srz246186711257)
neg, 0.16534236174919958, right(srz24618677970)
neg, 0.12688632616944576, right(srz24618677348)
neg, 0.23411182129462718, right(srz246186716591)
neg, 0.12688632616944576, right(srz24618679669)
neg, 0.23411182129462718, right(srz246186713885)
neg, 0.12688632616944576, right(srz246186714437)
neg, 0.20238779867379567, right(srz246186711006)
neg, 0.12688632616944576, right(srz24618677571)
neg, 0.12688632616944576, right(srz24618674976)
neg, 0.12688632616944576, right(srz2461867240)
neg, 0.16534236174919958, right(srz246186716496)
neg, 0.1254446385283914, right(srz246186712175)
neg, 0.1332081935458371, right(srz24618677972)
neg, 0.12688632616944576, right(srz246186714923)
neg, 0.16534236174919958, right(srz246186716442)
neg, 0.16534236174919958, right(srz246186716479)
neg, 0.12688632616944576, right(srz246186711684)
neg, 0.12688632616944576, right(srz2461867668)
neg, 0.12688632616944576, right(srz24618677617)
neg, 0.12688632616944576, right(srz24618672671)
neg, 0.12688632616944576, right(srz24618672860)
neg, 0.1307626901162914, right(srz246186714610)
neg, 0.1307626901162914, right(srz246186714694)
neg, 0.12688632616944576, right(srz246186714465)
neg, 0.12688632616944576, right(srz246186711928)
neg, 0.12688632616944576, right(srz246186713405)
neg, 0.1307626901162914, right(srz246186713779)
neg, 0.12688632616944576, right(srz24618674685)
neg, 0.20238779867379567, right(srz246186710958)
neg, 0.12688632616944576, right(srz246186712006)
neg, 0.12688632616944576, right(srz24618674324)
neg, 0.16534236174919958, right(srz246186710639)
neg, 0.23411182129462718, right(srz246186712294)
neg, 0.12688632616944576, right(srz246186714150)
neg, 0.16534236174919958, right(srz246186716416)
neg, 0.1307626901162914, right(srz246186716867)
neg, 0.20238779867379567, right(srz246186715414)
neg, 0.12688632616944576, right(srz24618678381)
neg, 0.16534236174919958, right(srz246186716474)
neg, 0.20238779867379567, right(srz246186712764)
neg, 0.12688632616944576, right(srz246186715907)
neg, 0.12688632616944576, right(srz246186711059)
neg, 0.12688632616944576, right(srz24618678351)
neg, 0.12688632616944576, right(srz246186712468)
neg, 0.20238779867379567, right(srz24618674744)
neg, 0.12688632616944576, right(srz24618672652)
neg, 0.1254446385283914, right(srz246186712177)
neg, 0.12688632616944576, right(srz246186717174)
neg, 0.12688632616944576, right(srz24618674159)
neg, 0.16534236174919958, right(srz24618671926)
neg, 0.20238779867379567, right(srz246186712749)
neg, 0.12688632616944576, right(srz246186715894)
neg, 0.16534236174919958, right(srz24618675834)
neg, 0.12688632616944576, right(srz246186714931)
neg, 0.12688632616944576, right(srz24618676124)
neg, 0.13264769949256902, right(srz246186773)
neg, 0.12688632616944576, right(srz24618678879)
neg, 0.13264769949256902, right(srz24618675742)
neg, 0.12688632616944576, right(srz24618677565)
neg, 0.16534236174919958, right(srz246186710595)
neg, 0.12688632616944576, right(srz24618671210)
neg, 0.12688632616944576, right(srz24618671328)
neg, 0.20238779867379567, right(srz246186714124)
neg, 0.12688632616944576, right(srz246186716270)
neg, 0.1254446385283914, right(srz246186713121)
neg, 0.12688632616944576, right(srz24618677401)
neg, 0.12688632616944576, right(srz246186713994)
neg, 0.12688632616944576, right(srz24618677581)
neg, 0.12688632616944576, right(srz246186711051)
neg, 0.12688632616944576, right(srz246186713829)
neg, 0.12688632616944576, right(srz246186713592)
neg, 0.12688632616944576, right(srz24618674863)
neg, 0.16534236174919958, right(srz24618671433)
neg, 0.16534236174919958, right(srz246186717180)
neg, 0.12688632616944576, right(srz246186714904)
neg, 0.16534236174919958, right(srz246186716471)
neg, 0.12688632616944576, right(srz24618679758)
neg, 0.12688632616944576, right(srz24618677452)
neg, 0.12688632616944576, right(srz24618671185)
neg, 0.12688632616944576, right(srz246186712262)
neg, 0.12688632616944576, right(srz246186710351)
neg, 0.1307626901162914, right(srz24618679979)
neg, 0.20238779867379567, right(srz246186711012)
neg, 0.20238779867379567, right(srz24618678214)
neg, 0.12688632616944576, right(srz24618671068)
neg, 0.12688632616944576, right(srz246186712073)
neg, 0.13264769949256902, right(srz246186713288)
neg, 0.1307626901162914, right(srz24618679993)
neg, 0.12688632616944576, right(srz2461867666)
neg, 0.12688632616944576, right(srz24618671336)
neg, 0.12688632616944576, right(srz2461867513)
neg, 0.12688632616944576, right(srz246186711058)
neg, 0.12688632616944576, right(srz246186710879)
neg, 0.20238779867379567, right(srz24618673279)
neg, 0.12688632616944576, right(srz24618675641)
neg, 0.12688632616944576, right(srz246186714981)
neg, 0.12688632616944576, right(srz24618673571)
neg, 0.1307626901162914, right(srz24618678086)
neg, 0.12688632616944576, right(srz24618674129)
neg, 0.12688632616944576, right(srz24618677475)
neg, 0.12688632616944576, right(srz24618677611)
neg, 0.12688632616944576, right(srz24618671403)
neg, 0.12688632616944576, right(srz24618673515)
neg, 0.12688632616944576, right(srz24618671155)
neg, 0.20238779867379567, right(srz24618675391)
neg, 0.12688632616944576, right(srz246186714530)
neg, 0.12688632616944576, right(srz246186712255)
neg, 0.12688632616944576, right(srz24618676441)
neg, 0.12688632616944576, right(srz246186712031)
neg, 0.20238779867379567, right(srz246186715774)
neg, 0.1307626901162914, right(srz24618675168)
neg, 0.22335882248171707, right(srz24618673355)
neg, 0.12688632616944576, right(srz246186716264)
neg, 0.12688632616944576, right(srz24618671387)
neg, 0.270952319943303, right(srz24618678156)
neg, 0.12688632616944576, right(srz24618677038)
neg, 0.12688632616944576, right(srz246186714481)
neg, 0.13264769949256902, right(srz24618675938)
neg, 0.12544463852839138, right(srz246186710818)
neg, 0.12688632616944576, right(srz246186711370)
neg, 0.270952319943303, right(srz246186710938)
neg, 0.13264769949256902, right(srz24618675848)
neg, 0.16534236174919958, right(srz24618679318)
neg, 0.13264769949256902, right(srz24618675686)
neg, 0.12688632616944576, right(srz24618679762)
neg, 0.13264769949256902, right(srz24618679178)
neg, 0.12688632616944576, right(srz246186716179)
neg, 0.12688632616944576, right(srz24618674097)
neg, 0.12688632616944576, right(srz24618677890)
neg, 0.20238779867379567, right(srz246186712892)
neg, 0.12688632616944576, right(srz24618671373)
neg, 0.12688632616944576, right(srz24618674978)
neg, 0.16534236174919958, right(srz246186713186)
neg, 0.16534236174919958, right(srz24618672296)
neg, 0.12688632616944576, right(srz24618677588)
neg, 0.12688632616944576, right(srz246186712261)
neg, 0.1307626901162914, right(srz246186716878)
neg, 0.12688632616944576, right(srz246186711167)
neg, 0.12688632616944576, right(srz246186717079)
neg, 0.1307626901162914, right(srz246186714636)
neg, 0.12688632616944576, right(srz246186711178)
neg, 0.1307626901162914, right(srz246186714725)
neg, 0.12688632616944576, right(srz24618679678)
neg, 0.12688632616944576, right(srz24618678006)
neg, 0.12688632616944576, right(srz24618671044)
neg, 0.20238779867379567, right(srz24618676740)
neg, 0.12688632616944576, right(srz24618675467)
neg, 0.13264769949256902, right(srz2461867141)
neg, 0.12688632616944576, right(srz246186713746)
neg, 0.16534236174919958, right(srz246186715545)
neg, 0.20238779867379567, right(srz246186710056)
neg, 0.12688632616944576, right(srz24618677753)
neg, 0.12688632616944576, right(srz24618677340)
neg, 0.13264769949256902, right(srz24618675890)
neg, 0.12544463852839138, right(srz246186712901)
neg, 0.12688632616944576, right(srz246186711363)
neg, 0.12688632616944576, right(srz24618674956)
neg, 0.1307626901162914, right(srz246186714361)
neg, 0.22335882248171707, right(srz2461867432)
neg, 0.16534236174919958, right(srz24618679302)
neg, 0.12688632616944576, right(srz246186710387)
neg, 0.1307626901162914, right(srz246186714380)
neg, 0.12688632616944576, right(srz246186712016)
neg, 0.2516790776782916, right(srz246186712158)
neg, 0.12688632616944576, right(srz246186711987)
neg, 0.12688632616944576, right(srz246186710323)
neg, 0.13264769949256902, right(srz24618679326)
neg, 0.12688632616944576, right(srz246186712476)
neg, 0.16534236174919958, right(srz246186713141)
neg, 0.20238779867379567, right(srz246186712724)
neg, 0.16534236174919958, right(srz246186713134)
neg, 0.13264769949256902, right(srz24618675899)
neg, 0.13264769949256902, right(srz246186712)
neg, 0.16534236174919958, right(srz24618675335)
neg, 0.12688632616944576, right(srz24618671262)
neg, 0.20238779867379567, right(srz246186711482)
neg, 0.12688632616944576, right(srz246186712109)
neg, 0.23411182129462718, right(srz24618673074)
neg, 0.12688632616944576, right(srz24618677240)
neg, 0.12688632616944576, right(srz246186713760)
neg, 0.12688632616944576, right(srz24618676977)
neg, 0.1307626901162914, right(srz246186710409)
neg, 0.12688632616944576, right(srz246186713740)
neg, 0.20238779867379567, right(srz24618673221)
neg, 0.12688632616944576, right(srz246186710344)
neg, 0.12688632616944576, right(srz246186712557)
neg, 0.16534236174919958, right(srz24618677966)
neg, 0.279155637061725, right(srz246186712717)
neg, 0.23411182129462718, right(srz24618677842)
neg, 0.1254446385283914, right(srz246186713105)
neg, 0.1307626901162914, right(srz246186714710)
neg, 0.13264769949256902, right(srz246186713353)
neg, 0.20238779867379567, right(srz246186716741)
neg, 0.16534236174919958, right(srz24618673089)
neg, 0.12688632616944576, right(srz246186713947)
neg, 0.12688632616944576, right(srz246186715084)
neg, 0.20238779867379567, right(srz246186714126)
neg, 0.20238779867379567, right(srz246186712857)
neg, 0.1307626901162914, right(srz24618678091)
neg, 0.12688632616944576, right(srz24618674173)
neg, 0.12688632616944576, right(srz24618672969)
neg, 0.20238779867379567, right(srz246186711105)
neg, 0.12688632616944576, right(srz2461867485)
neg, 0.12688632616944576, right(srz246186710189)
neg, 0.16534236174919958, right(srz24618679279)
neg, 0.12688632616944576, right(srz24618671457)
neg, 0.12688632616944576, right(srz24618674158)
neg, 0.16534236174919958, right(srz246186716971)
neg, 0.12688632616944576, right(srz24618671478)
neg, 0.12688632616944576, right(srz24618671081)
neg, 0.1307626901162914, right(srz24618678789)
neg, 0.12688632616944576, right(srz24618673927)
neg, 0.20238779867379567, right(srz24618674577)
neg, 0.20238779867379567, right(srz246186711118)
neg, 0.1332081935458371, right(srz24618671780)
neg, 0.23411182129462718, right(srz24618673459)
neg, 0.12688632616944576, right(srz246186714911)
neg, 0.13264769949256902, right(srz246186710757)
neg, 0.12688632616944576, right(srz246186716206)
neg, 0.12688632616944576, right(srz2461867519)
neg, 0.12688632616944576, right(srz24618673520)
neg, 0.12688632616944576, right(srz24618674277)
neg, 0.12688632616944576, right(srz246186712256)
neg, 0.12688632616944576, right(srz246186714857)
neg, 0.13264769949256902, right(srz24618675853)
neg, 0.12688632616944576, right(srz24618678885)
neg, 0.12688632616944576, right(srz246186712973)
neg, 0.13264769949256902, right(srz24618679206)
neg, 0.23411182129462718, right(srz2461867750)
neg, 0.13264769949256902, right(srz24618675746)
neg, 0.20238779867379567, right(srz246186715258)
neg, 0.12688632616944576, right(srz24618673590)
neg, 0.13264769949256902, right(srz24618679198)
neg, 0.12688632616944576, right(srz246186713484)
neg, 0.12688632616944576, right(srz246186712013)
neg, 0.13264769949256902, right(srz246186710735)
neg, 0.23411182129462718, right(srz246186715527)
neg, 0.12688632616944576, right(srz24618675495)
neg, 0.12688632616944576, right(srz24618674970)
neg, 0.12688632616944576, right(srz24618671067)
neg, 0.12688632616944576, right(srz246186716367)
neg, 0.12688632616944576, right(srz246186715957)
neg, 0.12688632616944576, right(srz246186715614)
neg, 0.12688632616944576, right(srz24618677011)
neg, 0.13264769949256902, right(srz246186713270)
neg, 0.12688632616944576, right(srz24618676828)
neg, 0.12688632616944576, right(srz246186712081)
neg, 0.13264769949256902, right(srz24618675885)
neg, 0.12688632616944576, right(srz246186713769)
neg, 0.12688632616944576, right(srz24618671283)
neg, 0.16534236174919958, right(srz246186714229)
neg, 0.12688632616944576, right(srz246186715918)
neg, 0.20238779867379567, right(srz24618678501)
neg, 0.12688632616944576, right(srz24618677616)
neg, 0.20238779867379567, right(srz246186711298)
neg, 0.1307626901162914, right(srz246186710397)
neg, 0.13264769949256902, right(srz24618679423)
neg, 0.13264769949256902, right(srz246186710774)
neg, 0.18333193000285317, right(srz246186711568)
neg, 0.12688632616944576, right(srz24618678030)
neg, 0.12688632616944576, right(srz24618675003)
neg, 0.12688632616944576, right(srz2461867970)
neg, 0.12544463852839138, right(srz246186712435)
neg, 0.12688632616944576, right(srz24618676446)
neg, 0.12688632616944576, right(srz24618677325)
neg, 0.12688632616944576, right(srz246186716745)
neg, 0.12688632616944576, right(srz24618678588)
neg, 0.12688632616944576, right(srz24618673544)
neg, 0.12688632616944576, right(srz24618677369)
neg, 0.12688632616944576, right(srz24618677438)
neg, 0.1307626901162914, right(srz246186715860)
neg, 0.16534236174919958, right(srz246186710613)
neg, 0.12688632616944576, right(srz246186713763)
neg, 0.12688632616944576, right(srz24618678440)
neg, 0.12688632616944576, right(srz246186714090)
neg, 0.12688632616944576, right(srz246186715915)
neg, 0.12688632616944576, right(srz246186714890)
neg, 0.12688632616944576, right(srz24618671326)
neg, 0.12688632616944576, right(srz24618672453)
neg, 0.12688632616944576, right(srz24618672937)
neg, 0.18333193000285317, right(srz24618679577)
neg, 0.16534236174919958, right(srz24618675131)
neg, 0.1307626901162914, right(srz246186710418)
neg, 0.12688632616944576, right(srz24618671316)
neg, 0.1307626901162914, right(srz246186710391)
neg, 0.12688632616944576, right(srz24618677804)
neg, 0.16534236174919958, right(srz24618675822)
neg, 0.1332081935458371, right(srz246186713716)
neg, 0.12688632616944576, right(srz24618674784)
neg, 0.12688632616944576, right(srz24618671141)
neg, 0.12688632616944576, right(srz24618677016)
neg, 0.12688632616944576, right(srz2461867286)
neg, 0.12688632616944576, right(srz246186710428)
neg, 0.13264769949256902, right(srz246186710724)
neg, 0.12688632616944576, right(srz24618671049)
neg, 0.12688632616944576, right(srz246186711978)
neg, 0.12688632616944576, right(srz24618674405)
neg, 0.12688632616944576, right(srz24618671361)
neg, 0.12688632616944576, right(srz2461867654)
neg, 0.1307626901162914, right(srz246186714628)
neg, 0.12688632616944576, right(srz24618671480)
neg, 0.16534236174919958, right(srz24618672365)
neg, 0.12688632616944576, right(srz246186711053)
neg, 0.12688632616944576, right(srz24618673942)
neg, 0.12688632616944576, right(srz246186711949)
neg, 0.12688632616944576, right(srz246186711803)
neg, 0.12688632616944576, right(srz246186717156)
neg, 0.12688632616944576, right(srz24618676783)
neg, 0.20238779867379567, right(srz24618673479)
neg, 0.13264769949256902, right(srz246186710715)
neg, 0.12688632616944576, right(srz24618676838)
neg, 0.23411182129462718, right(srz24618677864)
neg, 0.16534236174919958, right(srz2461867609)
neg, 0.12688632616944576, right(srz246186711957)
neg, 0.12688632616944576, right(srz24618677456)
neg, 0.16534236174919958, right(srz24618677964)
neg, 0.12688632616944576, right(srz246186715105)
neg, 0.12688632616944576, right(srz24618677030)
neg, 0.13264769949256902, right(srz246186710687)
neg, 0.20238779867379567, right(srz246186715418)
neg, 0.12688632616944576, right(srz246186712559)
neg, 0.1307626901162914, right(srz24618676605)
neg, 0.16534236174919958, right(srz24618676407)
neg, 0.18333193000285317, right(srz246186711528)
neg, 0.12688632616944576, right(srz246186712264)
neg, 0.12688632616944576, right(srz2461867274)
neg, 0.12688632616944576, right(srz2461867665)
neg, 0.12688632616944576, right(srz246186713656)
neg, 0.12688632616944576, right(srz24618673814)
neg, 0.12688632616944576, right(srz246186716079)
neg, 0.12688632616944576, right(srz24618677900)
neg, 0.279155637061725, right(srz246186714028)
neg, 0.12688632616944576, right(srz246186716704)
neg, 0.12688632616944576, right(srz24618676203)
neg, 0.18333193000285317, right(srz246186711581)
neg, 0.12688632616944576, right(srz24618674861)
neg, 0.12688632616944576, right(srz24618672268)
neg, 0.16534236174919958, right(srz24618679310)
neg, 0.18333193000285317, right(srz246186711575)
neg, 0.20238779867379567, right(srz246186713867)
neg, 0.12688632616944576, right(srz246186716341)
neg, 0.12688632616944576, right(srz24618673506)
neg, 0.12688632616944576, right(srz24618674261)
neg, 0.13264769949256902, right(srz24618679424)
neg, 0.1307626901162914, right(srz246186714754)
neg, 0.12688632616944576, right(srz24618672442)
neg, 0.12688632616944576, right(srz24618675151)
neg, 0.13264769949256902, right(srz246186714)
neg, 0.12688632616944576, right(srz246186717026)
neg, 0.12688632616944576, right(srz24618671625)
neg, 0.12688632616944576, right(srz24618675206)
neg, 0.20238779867379567, right(srz246186712755)
neg, 0.12688632616944576, right(srz246186713991)
neg, 0.12688632616944576, right(srz246186711934)
neg, 0.12688632616944576, right(srz2461867394)
neg, 0.1307626901162914, right(srz246186714652)
neg, 0.12688632616944576, right(srz24618677246)
neg, 0.12688632616944576, right(srz2461867558)
neg, 0.12688632616944576, right(srz246186710319)
neg, 0.20238779867379567, right(srz246186716780)
neg, 0.12688632616944576, right(srz246186711729)
neg, 0.16534236174919958, right(srz246186712610)
neg, 0.12688632616944576, right(srz24618678952)
neg, 0.12688632616944576, right(srz246186713409)
neg, 0.12688632616944576, right(srz2461867562)
neg, 0.12688632616944576, right(srz24618674160)
neg, 0.270952319943303, right(srz24618675301)
neg, 0.1254446385283914, right(srz246186710676)
neg, 0.1307626901162914, right(srz246186714371)
neg, 0.12688632616944576, right(srz24618671484)
neg, 0.12688632616944576, right(srz246186714500)
neg, 0.20238779867379567, right(srz246186712676)
neg, 0.12688632616944576, right(srz246186710858)
neg, 0.12688632616944576, right(srz246186711979)
neg, 0.20238779867379567, right(srz246186716982)
neg, 0.23411182129462718, right(srz246186713699)
neg, 0.2516790776782916, right(srz246186710680)
neg, 0.12688632616944576, right(srz24618677362)
neg, 0.16534236174919958, right(srz24618675271)
neg, 0.12688632616944576, right(srz24618671827)
neg, 0.12688632616944576, right(srz246186716756)
neg, 0.12688632616944576, right(srz24618671036)
neg, 0.12688632616944576, right(srz24618677476)
neg, 0.12688632616944576, right(srz24618673800)
neg, 0.13264769949256902, right(srz246186710797)
neg, 0.12688632616944576, right(srz246186716185)
neg, 0.12688632616944576, right(srz24618672226)
neg, 0.20238779867379567, right(srz246186711512)
neg, 0.20238779867379567, right(srz24618677837)
neg, 0.12688632616944576, right(srz2461867372)
neg, 0.12688632616944576, right(srz24618676817)
neg, 0.12688632616944576, right(srz24618676990)
neg, 0.1307626901162914, right(srz246186714171)
neg, 0.12688632616944576, right(srz246186710103)
neg, 0.23411182129462718, right(srz246186712668)
neg, 0.12688632616944576, right(srz246186717164)
neg, 0.12688632616944576, right(srz24618673134)
neg, 0.12688632616944576, right(srz24618679616)
neg, 0.12688632616944576, right(srz24618675201)
neg, 0.12688632616944576, right(srz24618677895)
neg, 0.18333193000285317, right(srz246186711524)
neg, 0.12688632616944576, right(srz24618674111)
neg, 0.18333193000285317, right(srz24618679033)
neg, 0.16534236174919958, right(srz2461867315)
neg, 0.12688632616944576, right(srz246186711929)
neg, 0.16534236174919958, right(srz246186713692)
neg, 0.12688632616944576, right(srz246186716109)
neg, 0.23411182129462718, right(srz24618673765)
neg, 0.12688632616944576, right(srz246186710098)
neg, 0.12688632616944576, right(srz24618674020)
neg, 0.1307626901162914, right(srz246186714639)
neg, 0.12688632616944576, right(srz24618671353)
neg, 0.12688632616944576, right(srz24618671662)
neg, 0.12688632616944576, right(srz246186716170)
neg, 0.12688632616944576, right(srz246186713381)
neg, 0.12688632616944576, right(srz246186711716)
neg, 0.12688632616944576, right(srz24618678034)
neg, 0.20238779867379567, right(srz24618674572)
neg, 0.20238779867379567, right(srz24618678908)
neg, 0.12688632616944576, right(srz24618675490)
neg, 0.20238779867379567, right(srz24618678168)
neg, 0.12688632616944576, right(srz2461867547)
neg, 0.12688632616944576, right(srz2461867973)
neg, 0.13264769949256902, right(srz246186722)
neg, 0.16534236174919958, right(srz246186713155)
neg, 0.12688632616944576, right(srz246186717112)
neg, 0.12688632616944576, right(srz2461867978)
neg, 0.16534236174919958, right(srz2461867210)
neg, 0.12688632616944576, right(srz2461867489)
neg, 0.18333193000285317, right(srz246186711589)
neg, 0.12688632616944576, right(srz24618672605)
neg, 0.12688632616944576, right(srz24618679550)
neg, 0.12688632616944576, right(srz246186714263)
neg, 0.1254446385283914, right(srz246186710510)
neg, 0.23411182129462718, right(srz24618673718)
neg, 0.23411182129462718, right(srz246186711201)
neg, 0.12688632616944576, right(srz24618674363)
neg, 0.12688632616944576, right(srz24618676031)
neg, 0.20238779867379567, right(srz246186710057)
neg, 0.12688632616944576, right(srz246186710856)
neg, 0.12688632616944576, right(srz246186711862)
neg, 0.12688632616944576, right(srz24618673429)
neg, 0.23411182129462718, right(srz24618677734)
neg, 0.12688632616944576, right(srz24618672210)
neg, 0.16534236174919958, right(srz24618672060)
neg, 0.12688632616944576, right(srz2461867670)
neg, 0.12688632616944576, right(srz24618676821)
neg, 0.12688632616944576, right(srz24618679621)
neg, 0.12688632616944576, right(srz246186716015)
neg, 0.22335882248171707, right(srz246186716638)
neg, 0.1307626901162914, right(srz246186715835)
neg, 0.13264769949256902, right(srz2461867106)
neg, 0.20238779867379567, right(srz24618673280)
neg, 0.16534236174919958, right(srz246186714303)
neg, 0.12688632616944576, right(srz246186711751)
neg, 0.12688632616944576, right(srz24618671824)
neg, 0.13264769949256902, right(srz246186790)
neg, 0.23411182129462718, right(srz24618677846)
neg, 0.12688632616944576, right(srz246186711832)
neg, 0.23411182129462718, right(srz24618673460)
neg, 0.12688632616944576, right(srz2461867996)
neg, 0.12688632616944576, right(srz24618678869)
neg, 0.12688632616944576, right(srz24618677533)
neg, 0.12688632616944576, right(srz24618677136)
neg, 0.13264769949256902, right(srz24618672)
neg, 0.12544463852839138, right(srz24618679092)
neg, 0.12688632616944576, right(srz246186714436)
neg, 0.20238779867379567, right(srz24618676777)
neg, 0.12688632616944576, right(srz246186710315)
neg, 0.12688632616944576, right(srz246186715922)
neg, 0.12688632616944576, right(srz24618672917)
neg, 0.20238779867379567, right(srz24618679918)
neg, 0.12688632616944576, right(srz246186716863)
neg, 0.12688632616944576, right(srz24618673401)
neg, 0.20238779867379567, right(srz246186712632)
neg, 0.12688632616944576, right(srz246186716317)
neg, 0.12688632616944576, right(srz246186712054)
neg, 0.12688632616944576, right(srz246186711050)
neg, 0.12688632616944576, right(srz24618674209)
neg, 0.16534236174919958, right(srz2461867216)
neg, 0.12688632616944576, right(srz24618672197)
neg, 0.20238779867379567, right(srz246186710070)
neg, 0.12688632616944576, right(srz24618676068)
neg, 0.20238779867379567, right(srz24618676896)
neg, 0.12688632616944576, right(srz246186711040)
neg, 0.13264769949256902, right(srz24618679461)
neg, 0.13264769949256902, right(srz246186713351)
neg, 0.12688632616944576, right(srz246186714951)
neg, 0.18333193000285317, right(srz24618679575)
neg, 0.12688632616944576, right(srz246186713755)
neg, 0.20238779867379567, right(srz24618674635)
neg, 0.12688632616944576, right(srz24618674235)
neg, 0.1332081935458371, right(srz2461867617)
neg, 0.12688632616944576, right(srz246186717066)
neg, 0.16534236174919958, right(srz246186717176)
neg, 0.13264769949256902, right(srz2461867117)
neg, 0.12688632616944576, right(srz24618677444)
neg, 0.16534236174919958, right(srz246186715546)
neg, 0.12688632616944576, right(srz246186717126)
neg, 0.12688632616944576, right(srz246186715370)
neg, 0.12688632616944576, right(srz24618679840)
neg, 0.12688632616944576, right(srz24618671879)
neg, 0.12688632616944576, right(srz24618672009)
neg, 0.1254446385283914, right(srz246186713111)
neg, 0.12688632616944576, right(srz246186711845)
neg, 0.12688632616944576, right(srz24618673514)
neg, 0.12688632616944576, right(srz2461867559)
neg, 0.12688632616944576, right(srz24618673167)
neg, 0.12688632616944576, right(srz24618675006)
neg, 0.16534236174919958, right(srz246186713821)
neg, 0.1307626901162914, right(srz246186710027)
neg, 0.12688632616944576, right(srz24618676795)
neg, 0.12688632616944576, right(srz24618671040)
neg, 0.20238779867379567, right(srz24618677103)
neg, 0.12688632616944576, right(srz24618674015)
neg, 0.12688632616944576, right(srz24618671133)
neg, 0.20238779867379567, right(srz24618679917)
neg, 0.12688632616944576, right(srz24618679839)
neg, 0.23411182129462718, right(srz24618673709)
neg, 0.12688632616944576, right(srz24618674122)
neg, 0.12688632616944576, right(srz246186715573)
neg, 0.12688632616944576, right(srz24618677372)
neg, 0.16534236174919958, right(srz24618675823)
neg, 0.16534236174919958, right(srz24618671714)
neg, 0.12688632616944576, right(srz246186716759)
neg, 0.12688632616944576, right(srz24618677435)
neg, 0.16534236174919958, right(srz246186717197)
neg, 0.20238779867379567, right(srz246186711308)
neg, 0.1254446385283914, right(srz2461867852)
neg, 0.12688632616944576, right(srz246186710159)
neg, 0.20238779867379567, right(srz24618673295)
neg, 0.16534236174919958, right(srz24618672132)
neg, 0.12688632616944576, right(srz246186712974)
neg, 0.12688632616944576, right(srz24618671014)
neg, 0.12688632616944576, right(srz24618678379)
neg, 0.12688632616944576, right(srz24618676290)
neg, 0.12688632616944576, right(srz24618671797)
neg, 0.23411182129462718, right(srz24618674650)
neg, 0.20238779867379567, right(srz24618674579)
neg, 0.12688632616944576, right(srz24618671069)
neg, 0.13264769949256902, right(srz246186713296)
neg, 0.1254446385283914, right(srz246186713223)
neg, 0.12688632616944576, right(srz24618673110)
neg, 0.12688632616944576, right(srz24618674225)
neg, 0.13264769949256902, right(srz246186713315)
neg, 0.20238779867379567, right(srz24618673344)
neg, 0.12688632616944576, right(srz24618673440)
neg, 0.12688632616944576, right(srz246186712920)
neg, 0.12688632616944576, right(srz24618671948)
neg, 0.12688632616944576, right(srz24618671183)
neg, 0.12688632616944576, right(srz246186711794)
neg, 0.12688632616944576, right(srz246186710266)
neg, 0.12688632616944576, right(srz24618673641)
neg, 0.13264769949256902, right(srz246186739)
neg, 0.12688632616944576, right(srz24618677338)
neg, 0.12688632616944576, right(srz246186716133)
neg, 0.12688632616944576, right(srz24618679835)
neg, 0.12688632616944576, right(srz24618673655)
neg, 0.12688632616944576, right(srz246186710870)
neg, 0.13264769949256902, right(srz246186713338)
neg, 0.12688632616944576, right(srz246186713395)
neg, 0.12688632616944576, right(srz246186712115)
neg, 0.1307626901162914, right(srz246186712693)
neg, 0.12688632616944576, right(srz246186713970)
neg, 0.12688632616944576, right(srz24618678847)
neg, 0.16534236174919958, right(srz24618679311)
neg, 0.12688632616944576, right(srz246186715942)
neg, 0.12688632616944576, right(srz246186712116)
neg, 0.12688632616944576, right(srz24618672603)
neg, 0.13264769949256902, right(srz24618675682)
neg, 0.13264769949256902, right(srz24618675994)
neg, 0.12688632616944576, right(srz246186710111)
neg, 0.12688632616944576, right(srz246186713621)
neg, 0.18333193000285317, right(srz24618679589)
neg, 0.16534236174919958, right(srz2461867727)
neg, 0.12688632616944576, right(srz24618678392)
neg, 0.20238779867379567, right(srz24618677114)
neg, 0.12688632616944576, right(srz246186715964)
neg, 0.20238779867379567, right(srz24618675113)
neg, 0.16534236174919958, right(srz24618679304)
neg, 0.12688632616944576, right(srz24618672949)
neg, 0.12688632616944576, right(srz246186710265)
neg, 0.12688632616944576, right(srz24618679146)
neg, 0.12688632616944576, right(srz24618671123)
neg, 0.12688632616944576, right(srz24618678458)
neg, 0.12688632616944576, right(srz24618671352)
neg, 0.1307626901162914, right(srz246186714713)
neg, 0.12688632616944576, right(srz246186716005)
neg, 0.12688632616944576, right(srz24618677897)
neg, 0.12688632616944576, right(srz2461867282)
neg, 0.13264769949256902, right(srz24618675723)
neg, 0.12688632616944576, right(srz246186711666)
neg, 0.16534236174919958, right(srz246186710652)
neg, 0.16534236174919958, right(srz2461867605)
neg, 0.12688632616944576, right(srz246186713825)
neg, 0.16534236174919958, right(srz246186710654)
neg, 0.13264769949256902, right(srz24618676000)
neg, 0.13264769949256902, right(srz246186713311)
neg, 0.12688632616944576, right(srz246186712123)
neg, 0.12688632616944576, right(srz24618676093)
neg, 0.12688632616944576, right(srz24618671088)
neg, 0.12688632616944576, right(srz246186716222)
neg, 0.12688632616944576, right(srz24618672218)
neg, 0.12688632616944576, right(srz24618671221)
neg, 0.12688632616944576, right(srz246186711176)
neg, 0.12688632616944576, right(srz246186715983)
neg, 0.13264769949256902, right(srz24618675991)
neg, 0.1254446385283914, right(srz246186711520)
neg, 0.23411182129462718, right(srz2461867303)
neg, 0.20238779867379567, right(srz246186711013)
neg, 0.20238779867379567, right(srz24618679915)
neg, 0.1254446385283914, right(srz246186713096)
neg, 0.12688632616944576, right(srz24618672577)
neg, 0.12688632616944576, right(srz246186711711)
neg, 0.12688632616944576, right(srz24618674450)
neg, 0.12688632616944576, right(srz246186716098)
neg, 0.12688632616944576, right(srz24618674188)
neg, 0.13264769949256902, right(srz246186713293)
neg, 0.12688632616944576, right(srz246186715937)
neg, 0.12688632616944576, right(srz24618672916)
neg, 0.12688632616944576, right(srz246186715908)
neg, 0.1307626901162914, right(srz246186714655)
neg, 0.16534236174919958, right(srz24618675794)
neg, 0.12688632616944576, right(srz246186710193)
neg, 0.1307626901162914, right(srz246186715320)
neg, 0.12688632616944576, right(srz24618672646)
neg, 0.12688632616944576, right(srz24618674185)
neg, 0.12688632616944576, right(srz24618674777)
neg, 0.23411182129462718, right(srz246186711204)
neg, 0.12688632616944576, right(srz24618672799)
neg, 0.12688632616944576, right(srz2461867382)
neg, 0.20238779867379567, right(srz24618677741)
neg, 0.12688632616944576, right(srz24618671819)
neg, 0.16534236174919958, right(srz24618672298)
neg, 0.12688632616944576, right(srz24618673534)
neg, 0.12688632616944576, right(srz24618674807)
neg, 0.13264769949256902, right(srz246186710693)
neg, 0.12688632616944576, right(srz24618671399)
neg, 0.12688632616944576, right(srz246186716252)
neg, 0.12688632616944576, right(srz24618674382)
neg, 0.12688632616944576, right(srz24618676928)
neg, 0.12688632616944576, right(srz246186714876)
neg, 0.16534236174919958, right(srz24618671698)
neg, 0.12688632616944576, right(srz246186716189)
neg, 0.16534236174919958, right(srz24618672323)
neg, 0.16534236174919958, right(srz24618672569)
neg, 0.16534236174919958, right(srz2461867326)
neg, 0.13264769949256902, right(srz246186710732)
neg, 0.20238779867379567, right(srz246186712821)
neg, 0.13264769949256902, right(srz24618675880)
neg, 0.20238779867379567, right(srz246186715273)
neg, 0.13264769949256902, right(srz24618675707)
neg, 0.12688632616944576, right(srz246186710162)
neg, 0.16534236174919958, right(srz246186713157)
neg, 0.16534236174919958, right(srz24618679319)
neg, 0.1307626901162914, right(srz246186714683)
neg, 0.13264769949256902, right(srz24618675942)
neg, 0.12688632616944576, right(srz24618674424)
neg, 0.12688632616944576, right(srz24618676018)
neg, 0.12688632616944576, right(srz24618674600)
neg, 0.12688632616944576, right(srz24618671055)
neg, 0.20238779867379567, right(srz24618678165)
neg, 0.12688632616944576, right(srz246186710366)
neg, 0.12688632616944576, right(srz24618671035)
neg, 0.12688632616944576, right(srz246186710829)
neg, 0.12688632616944576, right(srz246186711033)
neg, 0.20238779867379567, right(srz246186715260)
neg, 0.1307626901162914, right(srz246186714334)
neg, 0.13264769949256902, right(srz246186710765)
neg, 0.12688632616944576, right(srz246186716069)
neg, 0.18333193000285317, right(srz24618675655)
neg, 0.12688632616944576, right(srz246186710370)
neg, 0.12688632616944576, right(srz246186712320)
neg, 0.12688632616944576, right(srz24618678457)
neg, 0.16534236174919958, right(srz24618671749)
neg, 0.12688632616944576, right(srz24618671377)
neg, 0.12688632616944576, right(srz246186713492)
neg, 0.12688632616944576, right(srz24618671470)
neg, 0.18333193000285317, right(srz246186711565)
neg, 0.12688632616944576, right(srz2461867971)
neg, 0.270952319943303, right(srz24618678158)
neg, 0.12688632616944576, right(srz24618675461)
neg, 0.1307626901162914, right(srz246186714106)
neg, 0.12688632616944576, right(srz24618678954)
neg, 0.12688632616944576, right(srz246186714323)
neg, 0.16534236174919958, right(srz24618679284)
neg, 0.12688632616944576, right(srz246186716178)
neg, 0.12688632616944576, right(srz246186711691)
neg, 0.12688632616944576, right(srz246186712375)
neg, 0.12688632616944576, right(srz24618672643)
neg, 0.20238779867379567, right(srz24618678652)
neg, 0.16534236174919958, right(srz246186711449)
neg, 0.16534236174919958, right(srz24618672048)
neg, 0.12688632616944576, right(srz24618672933)
neg, 0.12688632616944576, right(srz24618678072)
neg, 0.13264769949256902, right(srz24618679337)
neg, 0.12688632616944576, right(srz24618671915)
neg, 0.12688632616944576, right(srz24618674294)
neg, 0.1254446385283914, right(srz246186712166)
neg, 0.12688632616944576, right(srz246186712445)
neg, 0.12688632616944576, right(srz24618671017)
neg, 0.12688632616944576, right(srz24618672427)
neg, 0.1254446385283914, right(srz2461867894)
neg, 0.20238779867379567, right(srz246186714417)
neg, 0.20238779867379567, right(srz24618678141)
neg, 0.16534236174919958, right(srz246186713171)
neg, 0.12688632616944576, right(srz24618671479)
neg, 0.12688632616944576, right(srz24618673938)
neg, 0.12688632616944576, right(srz246186710264)
neg, 0.12688632616944576, right(srz24618676077)
neg, 0.12688632616944576, right(srz24618678863)
neg, 0.16534236174919958, right(srz24618676373)
neg, 0.20238779867379567, right(srz24618678920)
neg, 0.12688632616944576, right(srz24618672002)
neg, 0.16534236174919958, right(srz24618679292)
neg, 0.16534236174919958, right(srz246186713185)
neg, 0.12688632616944576, right(srz24618678453)
neg, 0.12688632616944576, right(srz246186710880)
neg, 0.12688632616944576, right(srz2461867867)
neg, 0.12688632616944576, right(srz246186714093)
neg, 0.12688632616944576, right(srz246186711690)
neg, 0.12688632616944576, right(srz246186715788)
neg, 0.12688632616944576, right(srz246186717134)
neg, 0.12688632616944576, right(srz246186711825)
neg, 0.12688632616944576, right(srz246186710346)
neg, 0.23411182129462718, right(srz24618678490)
neg, 0.2393699610524666, right(srz24618679119)
neg, 0.12688632616944576, right(srz24618675029)
neg, 0.12688632616944576, right(srz24618672827)
neg, 0.20238779867379567, right(srz246186715268)
neg, 0.16534236174919958, right(srz24618679748)
neg, 0.12688632616944576, right(srz24618678868)
neg, 0.12688632616944576, right(srz24618677236)
neg, 0.12688632616944576, right(srz24618672187)
neg, 0.12688632616944576, right(srz24618671250)
neg, 0.13264769949256902, right(srz246186713285)
neg, 0.12688632616944576, right(srz24618672204)
neg, 0.12688632616944576, right(srz24618674207)
neg, 0.12688632616944576, right(srz246186712248)
neg, 0.1307626901162914, right(srz246186714618)
neg, 0.12688632616944576, right(srz24618674960)
neg, 0.23411182129462718, right(srz24618673768)
neg, 0.16534236174919958, right(srz24618679280)
neg, 0.12688632616944576, right(srz24618674866)
neg, 0.12688632616944576, right(srz246186712030)
neg, 0.1254446385283914, right(srz246186710669)
neg, 0.12688632616944576, right(srz24618671887)
neg, 0.12688632616944576, right(srz2461867276)
neg, 0.12688632616944576, right(srz246186714928)
neg, 0.12688632616944576, right(srz246186717167)
neg, 0.12688632616944576, right(srz24618679544)
neg, 0.12688632616944576, right(srz246186714525)
neg, 0.1307626901162914, right(srz246186714706)
neg, 0.12688632616944576, right(srz24618672186)
neg, 0.1307626901162914, right(srz246186714165)
neg, 0.12688632616944576, right(srz246186710181)
neg, 0.22335882248171707, right(srz246186716608)
neg, 0.12688632616944576, right(srz24618674257)
neg, 0.20238779867379567, right(srz246186711303)
neg, 0.1307626901162914, right(srz246186715867)
neg, 0.12688632616944576, right(srz24618674851)
neg, 0.12688632616944576, right(srz246186712067)
neg, 0.23411182129462718, right(srz2461867579)
neg, 0.12688632616944576, right(srz24618673536)
neg, 0.12688632616944576, right(srz24618679615)
neg, 0.13264769949256902, right(srz246186713306)
neg, 0.1254446385283914, right(srz246186710536)
neg, 0.12688632616944576, right(srz246186717075)
neg, 0.12688632616944576, right(srz246186714152)
neg, 0.12688632616944576, right(srz24618671001)
neg, 0.12688632616944576, right(srz246186713373)
neg, 0.12688632616944576, right(srz24618677440)
neg, 0.12688632616944576, right(srz24618678694)
neg, 0.13264769949256902, right(srz24618679321)
neg, 0.2516790776782916, right(srz246186714582)
neg, 0.1332081935458371, right(srz24618677975)
neg, 0.12688632616944576, right(srz24618674769)
neg, 0.20238779867379567, right(srz24618673215)
neg, 0.13264769949256902, right(srz2461867131)
neg, 0.18333193000285317, right(srz24618679034)
neg, 0.12688632616944576, right(srz24618672862)
neg, 0.12688632616944576, right(srz24618677990)
neg, 0.12688632616944576, right(srz24618673513)
neg, 0.16534236174919958, right(srz246186710587)
neg, 0.12688632616944576, right(srz24618678693)
neg, 0.12688632616944576, right(srz24618676040)
neg, 0.12688632616944576, right(srz2461867649)
neg, 0.12688632616944576, right(srz246186717051)
neg, 0.12688632616944576, right(srz24618675032)
neg, 0.20238779867379567, right(srz24618673281)
neg, 0.12688632616944576, right(srz246186710314)
neg, 0.12688632616944576, right(srz24618672594)
neg, 0.13264769949256902, right(srz24618675726)
neg, 0.12688632616944576, right(srz24618673593)
neg, 0.12688632616944576, right(srz24618677538)
neg, 0.1332081935458371, right(srz24618671595)
neg, 0.12688632616944576, right(srz246186714959)
neg, 0.12688632616944576, right(srz246186710194)
neg, 0.12688632616944576, right(srz24618671621)
neg, 0.20238779867379567, right(srz246186712626)
neg, 0.23411182129462718, right(srz24618674717)
neg, 0.12688632616944576, right(srz24618678686)
neg, 0.12688632616944576, right(srz24618679957)
neg, 0.12688632616944576, right(srz24618674955)
neg, 0.12688632616944576, right(srz246186713745)
neg, 0.16534236174919958, right(srz2461867416)
neg, 0.12688632616944576, right(srz246186714446)
neg, 0.20238779867379567, right(srz246186716984)
neg, 0.1332081935458371, right(srz24618677973)
neg, 0.12688632616944576, right(srz24618676621)
neg, 0.12688632616944576, right(srz246186713952)
neg, 0.12688632616944576, right(srz246186715362)
neg, 0.16534236174919958, right(srz246186713129)
neg, 0.13264769949256902, right(srz24618679330)
neg, 0.20238779867379567, right(srz246186716796)
neg, 0.12688632616944576, right(srz24618674445)
neg, 0.12688632616944576, right(srz246186713589)
neg, 0.16534236174919958, right(srz246186716432)
neg, 0.12688632616944576, right(srz24618677408)
neg, 0.13264769949256902, right(srz24618675967)
neg, 0.16534236174919958, right(srz24618677968)
neg, 0.12688632616944576, right(srz24618672596)
neg, 0.12688632616944576, right(srz24618676268)
neg, 0.12688632616944576, right(srz24618671866)
neg, 0.1307626901162914, right(srz246186716881)
neg, 0.12688632616944576, right(srz246186716232)
neg, 0.12688632616944576, right(srz246186714070)
neg, 0.12688632616944576, right(srz246186717141)
neg, 0.16534236174919958, right(srz2461867355)
neg, 0.12688632616944576, right(srz24618679514)
neg, 0.12688632616944576, right(srz246186713473)
neg, 0.16534236174919958, right(srz246186716423)
neg, 0.12688632616944576, right(srz24618679036)
neg, 0.23411182129462718, right(srz246186713812)
neg, 0.12688632616944576, right(srz24618674023)
neg, 0.16534236174919958, right(srz2461867345)
neg, 0.16534236174919958, right(srz246186716508)
neg, 0.12688632616944576, right(srz24618677782)
neg, 0.20238779867379567, right(srz246186712825)
neg, 0.20238779867379567, right(srz246186711117)
neg, 0.12688632616944576, right(srz24618672492)
neg, 0.12688632616944576, right(srz24618677468)
neg, 0.23411182129462718, right(srz24618677841)
neg, 0.12688632616944576, right(srz24618674671)
neg, 0.12688632616944576, right(srz24618673917)
neg, 0.12688632616944576, right(srz246186710875)
neg, 0.13264769949256902, right(srz24618679467)
neg, 0.12688632616944576, right(srz24618674677)
neg, 0.12688632616944576, right(srz246186716077)
neg, 0.13264769949256902, right(srz246186713354)
neg, 0.16534236174919958, right(srz246186714291)
neg, 0.12688632616944576, right(srz246186715335)
neg, 0.12688632616944576, right(srz246186715444)
neg, 0.12688632616944576, right(srz24618676930)
neg, 0.16534236174919958, right(srz24618671748)
neg, 0.12688632616944576, right(srz246186710318)
neg, 0.13264769949256902, right(srz246186761)
neg, 0.12688632616944576, right(srz24618671327)
neg, 0.12688632616944576, right(srz24618676451)
neg, 0.16534236174919958, right(srz24618675777)
neg, 0.12688632616944576, right(srz24618672275)
neg, 0.12688632616944576, right(srz24618671624)
neg, 0.12688632616944576, right(srz24618678610)
neg, 0.12688632616944576, right(srz2461867512)
neg, 0.2516790776782916, right(srz246186714583)
neg, 0.12688632616944576, right(srz24618678674)
neg, 0.16534236174919958, right(srz24618677950)
neg, 0.1307626901162914, right(srz246186713848)
neg, 0.12688632616944576, right(srz24618671878)
neg, 0.12688632616944576, right(srz246186710099)
neg, 0.12544463852839138, right(srz246186711282)
neg, 0.1307626901162914, right(srz246186715642)
neg, 0.12688632616944576, right(srz24618678446)
neg, 0.12688632616944576, right(srz24618676961)
neg, 0.1307626901162914, right(srz246186714635)
neg, 0.12688632616944576, right(srz24618675437)
neg, 0.12688632616944576, right(srz24618672908)
neg, 0.12688632616944576, right(srz24618677567)
neg, 0.12688632616944576, right(srz24618674617)
neg, 0.12688632616944576, right(srz246186714250)
neg, 0.12688632616944576, right(srz24618671420)
neg, 0.12688632616944576, right(srz246186716224)
neg, 0.12688632616944576, right(srz24618679484)
neg, 0.1254446385283914, right(srz246186710541)
neg, 0.12688632616944576, right(srz246186716192)
neg, 0.12688632616944576, right(srz246186716674)
neg, 0.18333193000285317, right(srz246186711593)
neg, 0.12688632616944576, right(srz24618674299)
neg, 0.13264769949256902, right(srz24618679444)
neg, 0.12688632616944576, right(srz24618674588)
neg, 0.16534236174919958, right(srz246186713133)
neg, 0.23411182129462718, right(srz24618673077)
neg, 0.12688632616944576, right(srz246186713654)
neg, 0.12688632616944576, right(srz24618671476)
neg, 0.12688632616944576, right(srz246186715608)
neg, 0.20238779867379567, right(srz246186716302)
neg, 0.12688632616944576, right(srz246186714933)
neg, 0.12688632616944576, right(srz246186715353)
neg, 0.23411182129462718, right(srz24618673266)
neg, 0.13264769949256902, right(srz246186713255)
neg, 0.12688632616944576, right(srz246186712650)
neg, 0.12688632616944576, right(srz24618679938)
neg, 0.20238779867379567, right(srz24618674752)
neg, 0.12688632616944576, right(srz246186714963)
neg, 0.12688632616944576, right(srz2461867681)
neg, 0.23411182129462718, right(srz246186716595)
neg, 0.12688632616944576, right(srz24618672229)
neg, 0.20238779867379567, right(srz246186714059)
neg, 0.16534236174919958, right(srz2461867358)
neg, 0.12688632616944576, right(srz24618679104)
neg, 0.12688632616944576, right(srz246186714818)
neg, 0.12688632616944576, right(srz24618677993)
neg, 0.16534236174919958, right(srz24618676491)
neg, 0.12688632616944576, right(srz24618678042)
neg, 0.12688632616944576, right(srz246186716101)
neg, 0.13264769949256902, right(srz24618679324)
neg, 0.12688632616944576, right(srz24618676127)
neg, 0.12688632616944576, right(srz246186711671)
neg, 0.1307626901162914, right(srz246186713852)
neg, 0.12688632616944576, right(srz246186711757)
neg, 0.12688632616944576, right(srz246186715987)
neg, 0.13264769949256902, right(srz246186775)
neg, 0.12688632616944576, right(srz246186717037)
neg, 0.12688632616944576, right(srz246186717092)
neg, 0.20238779867379567, right(srz246186712893)
neg, 0.12688632616944576, right(srz246186711656)
neg, 0.12688632616944576, right(srz24618679759)
neg, 0.12688632616944576, right(srz246186715946)
neg, 0.12688632616944576, right(srz24618672205)
neg, 0.12688632616944576, right(srz24618672734)
neg, 0.12688632616944576, right(srz24618671388)
neg, 0.12688632616944576, right(srz24618676581)
neg, 0.16534236174919958, right(srz246186713200)
neg, 0.12688632616944576, right(srz24618671391)
neg, 0.12688632616944576, right(srz24618679536)
neg, 0.1307626901162914, right(srz246186715660)
neg, 0.12688632616944576, right(srz24618672794)
neg, 0.1307626901162914, right(srz246186714750)
neg, 0.12688632616944576, right(srz24618672768)
neg, 0.12688632616944576, right(srz246186713030)
neg, 0.23411182129462718, right(srz24618673472)
neg, 0.23411182129462718, right(srz246186713896)
neg, 0.12688632616944576, right(srz24618672965)
neg, 0.20238779867379567, right(srz24618675407)
neg, 0.12688632616944576, right(srz24618672261)
neg, 0.12688632616944576, right(srz24618672874)
neg, 0.12688632616944576, right(srz246186714823)
neg, 0.12688632616944576, right(srz24618671477)
neg, 0.12688632616944576, right(srz246186716629)
neg, 0.12688632616944576, right(srz246186716349)
neg, 0.1307626901162914, right(srz246186715327)
neg, 0.20238779867379567, right(srz246186716603)
neg, 0.12688632616944576, right(srz24618671366)
neg, 0.12688632616944576, right(srz246186715187)
neg, 0.12688632616944576, right(srz2461867865)
neg, 0.12688632616944576, right(srz24618671657)
neg, 0.12688632616944576, right(srz246186716343)
neg, 0.12544463852839138, right(srz246186712903)
neg, 0.20238779867379567, right(srz24618675110)
neg, 0.12688632616944576, right(srz246186714938)
neg, 0.12688632616944576, right(srz246186716623)
neg, 0.12688632616944576, right(srz24618675420)
neg, 0.20238779867379567, right(srz24618676765)
neg, 0.12688632616944576, right(srz24618677658)
neg, 0.16534236174919958, right(srz246186711455)
neg, 0.12688632616944576, right(srz24618679833)
neg, 0.12688632616944576, right(srz24618674645)
neg, 0.12688632616944576, right(srz24618671395)
neg, 0.12688632616944576, right(srz24618673799)
neg, 0.12688632616944576, right(srz24618674141)
neg, 0.20238779867379567, right(srz24618674731)
neg, 0.20238779867379567, right(srz246186712866)
neg, 0.16534236174919958, right(srz24618672360)
neg, 0.12688632616944576, right(srz246186710136)
neg, 0.12688632616944576, right(srz24618674950)
neg, 0.20238779867379567, right(srz24618676892)
neg, 0.12688632616944576, right(srz24618671024)
neg, 0.12688632616944576, right(srz2461867885)
neg, 0.12688632616944576, right(srz24618675636)
neg, 0.12688632616944576, right(srz24618677411)
neg, 0.1307626901162914, right(srz246186714367)
neg, 0.13264769949256902, right(srz24618679460)
neg, 0.12688632616944576, right(srz24618676283)
neg, 0.12688632616944576, right(srz246186713944)
neg, 0.12688632616944576, right(srz24618672731)
neg, 0.12688632616944576, right(srz246186716754)
neg, 0.13264769949256902, right(srz246186710719)
neg, 0.13264769949256902, right(srz24618675852)
neg, 0.12688632616944576, right(srz246186716381)
neg, 0.23411182129462718, right(srz246186715479)
neg, 0.20238779867379567, right(srz24618673293)
neg, 0.12688632616944576, right(srz24618674121)
neg, 0.270952319943303, right(srz24618678804)
neg, 0.1307626901162914, right(srz24618678077)
neg, 0.12688632616944576, right(srz24618677523)
neg, 0.12688632616944576, right(srz24618673599)
neg, 0.12688632616944576, right(srz24618673609)
neg, 0.1307626901162914, right(srz24618678080)
neg, 0.12688632616944576, right(srz24618679632)
neg, 0.12688632616944576, right(srz246186712098)
neg, 0.20238779867379567, right(srz24618676670)
neg, 0.12688632616944576, right(srz246186712451)
neg, 0.12688632616944576, right(srz246186714520)
neg, 0.1254446385283914, right(srz2461867902)
neg, 0.12688632616944576, right(srz24618673809)
neg, 0.12688632616944576, right(srz246186716102)
neg, 0.23411182129462718, right(srz24618678638)
neg, 0.13264769949256902, right(srz246186755)
neg, 0.12688632616944576, right(srz246186714089)
neg, 0.12688632616944576, right(srz24618673798)
neg, 0.23411182129462718, right(srz246186711436)
neg, 0.16534236174919958, right(srz24618671576)
neg, 0.12688632616944576, right(srz24618675458)
neg, 0.12688632616944576, right(srz24618679101)
neg, 0.12688632616944576, right(srz24618673634)
neg, 0.20238779867379567, right(srz24618676744)
neg, 0.12688632616944576, right(srz24618675513)
neg, 0.12688632616944576, right(srz246186710328)
neg, 0.16534236174919958, right(srz24618676492)
neg, 0.1254446385283914, right(srz246186713060)
neg, 0.12688632616944576, right(srz246186711743)
neg, 0.1307626901162914, right(srz246186716897)
neg, 0.13264769949256902, right(srz24618675722)
neg, 0.12688632616944576, right(srz24618677445)
neg, 0.20238779867379567, right(srz246186712760)
neg, 0.12688632616944576, right(srz24618672219)
neg, 0.12688632616944576, right(srz246186716361)
neg, 0.13264769949256902, right(srz246186713280)
neg, 0.18333193000285317, right(srz24618679590)
neg, 0.12688632616944576, right(srz246186717107)
neg, 0.16534236174919958, right(srz246186713146)
neg, 0.12688632616944576, right(srz246186711926)
neg, 0.12688632616944576, right(srz24618672914)
neg, 0.12688632616944576, right(srz24618672234)
neg, 0.16534236174919958, right(srz246186713159)
neg, 0.20238779867379567, right(srz246186710064)
neg, 0.12688632616944576, right(srz24618671032)
neg, 0.2393699610524666, right(srz24618679121)
neg, 0.12688632616944576, right(srz24618672659)
neg, 0.12688632616944576, right(srz246186711854)
neg, 0.12688632616944576, right(srz246186710372)
neg, 0.12688632616944576, right(srz246186712931)
neg, 0.12688632616944576, right(srz24618671875)
neg, 0.12688632616944576, right(srz246186711290)
neg, 0.12688632616944576, right(srz24618674947)
neg, 0.12688632616944576, right(srz24618677505)
neg, 0.23411182129462718, right(srz246186711213)
neg, 0.16534236174919958, right(srz24618675826)
neg, 0.12688632616944576, right(srz24618679646)
neg, 0.12688632616944576, right(srz24618674147)
neg, 0.20238779867379567, right(srz24618674732)
neg, 0.16534236174919958, right(srz2461867729)
neg, 0.20238779867379567, right(srz24618673770)
neg, 0.12688632616944576, right(srz24618671047)
neg, 0.20238779867379567, right(srz246186716783)
neg, 0.12688632616944576, right(srz246186716340)
neg, 0.12688632616944576, right(srz246186711793)
neg, 0.12688632616944576, right(srz24618672910)
neg, 0.16534236174919958, right(srz24618675332)
neg, 0.20238779867379567, right(srz246186715269)
neg, 0.16534236174919958, right(srz246186716425)
neg, 0.12688632616944576, right(srz24618676696)
neg, 0.12688632616944576, right(srz24618673946)
neg, 0.12688632616944576, right(srz246186714941)
neg, 0.13264769949256902, right(srz24618675946)
neg, 0.270952319943303, right(srz24618672143)
neg, 0.1307626901162914, right(srz246186714161)
neg, 0.12688632616944576, right(srz246186714895)
neg, 0.12688632616944576, right(srz24618671292)
neg, 0.12688632616944576, right(srz246186714996)
neg, 0.18333193000285317, right(srz24618675592)
neg, 0.12688632616944576, right(srz246186716703)
neg, 0.12688632616944576, right(srz246186715192)
neg, 0.12688632616944576, right(srz24618677584)
neg, 0.12688632616944576, right(srz24618677288)
neg, 0.12688632616944576, right(srz246186717165)
neg, 0.16534236174919958, right(srz246186716506)
neg, 0.2393699610524666, right(srz24618679133)
neg, 0.12688632616944576, right(srz24618679691)
neg, 0.12688632616944576, right(srz246186716073)
neg, 0.12688632616944576, right(srz2461867569)
neg, 0.20238779867379567, right(srz24618679898)
neg, 0.12688632616944576, right(srz246186715190)
neg, 0.12688632616944576, right(srz24618674686)
neg, 0.12688632616944576, right(srz24618679500)
neg, 0.13264769949256902, right(srz246186710740)
neg, 0.16534236174919958, right(srz24618677961)
neg, 0.13264769949256902, right(srz246186713287)
neg, 0.13264769949256902, right(srz24618672905)
neg, 0.18333193000285317, right(srz24618675670)
neg, 0.12688632616944576, right(srz24618677312)
neg, 0.12688632616944576, right(srz24618675220)
neg, 0.12688632616944576, right(srz24618674473)
neg, 0.12688632616944576, right(srz24618671988)
neg, 0.12688632616944576, right(srz246186716254)
neg, 0.23411182129462718, right(srz24618673086)
neg, 0.23411182129462718, right(srz24618673268)
neg, 0.16534236174919958, right(srz246186710610)
neg, 0.16534236174919958, right(srz24618671754)
neg, 0.20238779867379567, right(srz24618673749)
neg, 0.12688632616944576, right(srz24618673824)
neg, 0.20238779867379567, right(srz246186716784)
neg, 0.12688632616944576, right(srz24618671911)
neg, 0.12688632616944576, right(srz24618674244)
neg, 0.23411182129462718, right(srz24618673695)
neg, 0.16534236174919958, right(srz246186713137)
neg, 0.13264769949256902, right(srz246186713318)
neg, 0.12688632616944576, right(srz24618678054)
neg, 0.13264769949256902, right(srz24618675750)
neg, 0.1254446385283914, right(srz246186713219)
neg, 0.12544463852839138, right(srz24618679930)
neg, 0.20238779867379567, right(srz246186712759)
neg, 0.12688632616944576, right(srz246186716048)
neg, 0.13264769949256902, right(srz2461867127)
neg, 0.12544463852839138, right(srz24618676676)
neg, 0.12688632616944576, right(srz24618674326)
neg, 0.20238779867379567, right(srz246186712631)
neg, 0.12688632616944576, right(srz24618674984)
neg, 0.12688632616944576, right(srz24618678002)
neg, 0.23411182129462718, right(srz24618673894)
neg, 0.12688632616944576, right(srz246186712368)
neg, 0.1254446385283914, right(srz2461867897)
neg, 0.20238779867379567, right(srz246186711120)
neg, 0.1307626901162914, right(srz24618678821)
neg, 0.12688632616944576, right(srz24618671065)
neg, 0.12688632616944576, right(srz246186713031)
neg, 0.12688632616944576, right(srz246186712704)
neg, 0.12688632616944576, right(srz246186711778)
neg, 0.16534236174919958, right(srz246186716478)
neg, 0.12688632616944576, right(srz24618672620)
neg, 0.12688632616944576, right(srz24618679668)
neg, 0.12688632616944576, right(srz246186711946)
neg, 0.23411182129462718, right(srz2461867362)
neg, 0.12688632616944576, right(srz2461867877)
neg, 0.12688632616944576, right(srz24618676908)
neg, 0.12688632616944576, right(srz246186714943)
neg, 0.12688632616944576, right(srz246186712924)
neg, 0.12688632616944576, right(srz246186715635)
neg, 0.20238779867379567, right(srz246186716790)
neg, 0.1254446385283914, right(srz246186713092)
neg, 0.12688632616944576, right(srz246186714147)
neg, 0.12688632616944576, right(srz24618672271)
neg, 0.12688632616944576, right(srz246186711359)
neg, 0.1254446385283914, right(srz2461867854)
neg, 0.12688632616944576, right(srz246186717118)
neg, 0.12688632616944576, right(srz24618672869)
neg, 0.13264769949256902, right(srz246186795)
neg, 0.12688632616944576, right(srz24618674203)
neg, 0.12688632616944576, right(srz24618673105)
neg, 0.12688632616944576, right(srz246186712969)
neg, 0.12688632616944576, right(srz246186716190)
neg, 0.12688632616944576, right(srz24618673518)
neg, 0.12688632616944576, right(srz24618677124)
neg, 0.12688632616944576, right(srz246186715902)
neg, 0.12688632616944576, right(srz246186715057)
neg, 0.20238779867379567, right(srz24618678213)
neg, 0.12688632616944576, right(srz246186715442)
neg, 0.16534236174919958, right(srz246186712608)
neg, 0.12688632616944576, right(srz24618671999)
neg, 0.1307626901162914, right(srz24618675164)
neg, 0.12688632616944576, right(srz24618672840)
neg, 0.20238779867379567, right(srz24618672405)
neg, 0.12688632616944576, right(srz24618676021)
neg, 0.12688632616944576, right(srz24618672506)
neg, 0.12688632616944576, right(srz24618671031)
neg, 0.12688632616944576, right(srz24618671205)
neg, 0.16534236174919958, right(srz24618672366)
neg, 0.12688632616944576, right(srz2461867447)
neg, 0.12688632616944576, right(srz24618671003)
neg, 0.16534236174919958, right(srz246186710661)
neg, 0.18333193000285317, right(srz246186711570)
neg, 0.12688632616944576, right(srz24618676056)
neg, 0.12688632616944576, right(srz24618676428)
neg, 0.12688632616944576, right(srz24618678667)
neg, 0.12688632616944576, right(srz24618676231)
neg, 0.13264769949256902, right(srz24618679208)
neg, 0.12688632616944576, right(srz24618671289)
neg, 0.12688632616944576, right(srz246186712250)
neg, 0.12688632616944576, right(srz24618676457)
neg, 0.12688632616944576, right(srz24618679496)
neg, 0.23411182129462718, right(srz246186712820)
neg, 0.12688632616944576, right(srz24618674470)
neg, 0.12688632616944576, right(srz246186711733)
neg, 0.12688632616944576, right(srz24618674133)
neg, 0.12688632616944576, right(srz246186715063)
neg, 0.12688632616944576, right(srz24618674485)
neg, 0.12688632616944576, right(srz246186717041)
neg, 0.20238779867379567, right(srz246186712757)
neg, 0.12688632616944576, right(srz24618671335)
neg, 0.16534236174919958, right(srz24618672354)
neg, 0.12688632616944576, right(srz24618672909)
neg, 0.16534236174919958, right(srz24618672352)
neg, 0.12688632616944576, right(srz24618675228)
neg, 0.16534236174919958, right(srz24618675783)
neg, 0.12688632616944576, right(srz24618676706)
neg, 0.12688632616944576, right(srz24618677364)
neg, 0.12688632616944576, right(srz246186713636)
neg, 0.12688632616944576, right(srz24618677760)
neg, 0.12688632616944576, right(srz246186713383)
neg, 0.12688632616944576, right(srz246186714846)
neg, 0.13264769949256902, right(srz246186710726)
neg, 0.12688632616944576, right(srz246186711937)
neg, 0.12688632616944576, right(srz246186712055)
neg, 0.16534236174919958, right(srz24618672295)
neg, 0.12688632616944576, right(srz24618671148)
neg, 0.12688632616944576, right(srz2461867634)
neg, 0.20238779867379567, right(srz24618674709)
neg, 0.12688632616944576, right(srz246186712245)
neg, 0.12688632616944576, right(srz24618678569)
neg, 0.13264769949256902, right(srz246186778)
neg, 0.12688632616944576, right(srz24618673112)
neg, 0.20238779867379567, right(srz24618675396)
neg, 0.13264769949256902, right(srz246186710722)
neg, 0.12688632616944576, right(srz246186716064)
neg, 0.16534236174919958, right(srz246186710659)
neg, 0.12688632616944576, right(srz246186713742)
neg, 0.12688632616944576, right(srz24618679061)
neg, 0.12688632616944576, right(srz24618676120)
neg, 0.20238779867379567, right(srz24618676667)
neg, 0.23411182129462718, right(srz24618673720)
neg, 0.12688632616944576, right(srz24618676063)
neg, 0.12688632616944576, right(srz24618672755)
neg, 0.12688632616944576, right(srz246186717029)
neg, 0.16534236174919958, right(srz24618679237)
neg, 0.12688632616944576, right(srz24618672830)
neg, 0.13264769949256902, right(srz24618675903)
neg, 0.23411182129462718, right(srz24618673893)
neg, 0.12688632616944576, right(srz24618679681)
neg, 0.12688632616944576, right(srz246186716000)
neg, 0.12688632616944576, right(srz2461867239)
neg, 0.16534236174919958, right(srz24618671711)
neg, 0.1254446385283914, right(srz246186710523)
neg, 0.12688632616944576, right(srz246186713488)
neg, 0.16534236174919958, right(srz246186716967)
neg, 0.12688632616944576, right(srz246186712655)
neg, 0.12688632616944576, right(srz246186716038)
neg, 0.12688632616944576, right(srz246186711973)
neg, 0.23411182129462718, right(srz24618671432)
neg, 0.12688632616944576, right(srz24618679625)
neg, 0.16534236174919958, right(srz24618671726)
neg, 0.20238779867379567, right(srz246186713551)
neg, 0.13264769949256902, right(srz24618675934)
neg, 0.12688632616944576, right(srz24618672214)
neg, 0.12688632616944576, right(srz246186717130)
neg, 0.16534236174919958, right(srz24618672381)
neg, 0.20238779867379567, right(srz24618676768)
neg, 0.12688632616944576, right(srz2461867264)
neg, 0.12688632616944576, right(srz246186716225)
neg, 0.18333193000285317, right(srz246186711574)
neg, 0.12688632616944576, right(srz246186714921)
neg, 0.12688632616944576, right(srz24618674191)
neg, 0.12688632616944576, right(srz24618672180)
neg, 0.23411182129462718, right(srz24618674721)
neg, 0.16534236174919958, right(srz24618672052)
neg, 0.12688632616944576, right(srz24618671953)
neg, 0.12688632616944576, right(srz246186711046)
neg, 0.12688632616944576, right(srz246186714527)
neg, 0.12688632616944576, right(srz246186714884)
neg, 0.12688632616944576, right(srz24618676982)
neg, 0.12688632616944576, right(srz246186716111)
neg, 0.1307626901162914, right(srz246186714789)
neg, 0.12688632616944576, right(srz24618677037)
neg, 0.12688632616944576, right(srz24618674682)
neg, 0.1307626901162914, right(srz246186714761)
neg, 0.12688632616944576, right(srz2461867228)
neg, 0.20238779867379567, right(srz246186710065)
neg, 0.20238779867379567, right(srz246186711309)
neg, 0.1254446385283914, right(srz246186710546)
neg, 0.12688632616944576, right(srz24618677238)
neg, 0.12688632616944576, right(srz246186716235)
neg, 0.1254446385283914, right(srz2461867916)
neg, 0.12688632616944576, right(srz24618674780)
neg, 0.12688632616944576, right(srz24618676220)
neg, 0.12688632616944576, right(srz246186715200)
neg, 0.12688632616944576, right(srz24618672746)
neg, 0.20238779867379567, right(srz246186712624)
neg, 0.13264769949256902, right(srz2461867118)
neg, 0.1307626901162914, right(srz24618679975)
neg, 0.12688632616944576, right(srz24618676687)
neg, 0.16534236174919958, right(srz24618679285)
neg, 0.22335882248171707, right(srz246186714218)
neg, 0.12688632616944576, right(srz24618678456)
neg, 0.13264769949256902, right(srz24618676)
neg, 0.13264769949256902, right(srz24618675990)
neg, 0.12688632616944576, right(srz24618674828)
neg, 0.12688632616944576, right(srz24618671146)
neg, 0.12688632616944576, right(srz24618672785)
neg, 0.12688632616944576, right(srz24618679542)
neg, 0.12688632616944576, right(srz246186714991)
neg, 0.1254446385283914, right(srz246186710565)
neg, 0.22335882248171707, right(srz246186712537)
neg, 0.12688632616944576, right(srz24618674182)
neg, 0.12688632616944576, right(srz246186712002)
neg, 0.16534236174919958, right(srz24618673880)
neg, 0.16534236174919958, right(srz246186713191)
neg, 0.1254446385283914, right(srz246186712176)
neg, 0.12688632616944576, right(srz24618677568)
neg, 0.12688632616944576, right(srz24618676286)
neg, 0.16534236174919958, right(srz24618671712)
neg, 0.12688632616944576, right(srz246186711918)
neg, 0.12688632616944576, right(srz246186716122)
neg, 0.13264769949256902, right(srz246186710720)
neg, 0.1254446385283914, right(srz246186713218)
neg, 0.12688632616944576, right(srz24618674259)
neg, 0.12688632616944576, right(srz246186716696)
neg, 0.12688632616944576, right(srz246186711959)
neg, 0.20238779867379567, right(srz246186711510)
neg, 0.13264769949256902, right(srz246186713299)
neg, 0.12688632616944576, right(srz24618671877)
neg, 0.12688632616944576, right(srz24618676049)
neg, 0.12688632616944576, right(srz24618672936)
neg, 0.12688632616944576, right(srz24618672649)
neg, 0.12688632616944576, right(srz24618677539)
neg, 0.12688632616944576, right(srz246186713993)
neg, 0.12688632616944576, right(srz24618678991)
neg, 0.12688632616944576, right(srz246186714853)
neg, 0.16534236174919958, right(srz246186710957)
neg, 0.12688632616944576, right(srz24618674680)
neg, 0.12688632616944576, right(srz24618677139)
neg, 0.12688632616944576, right(srz246186711740)
neg, 0.1254446385283914, right(srz246186710574)
neg, 0.12688632616944576, right(srz246186711738)
neg, 0.12688632616944576, right(srz2461867236)
neg, 0.13264769949256902, right(srz24618679350)
neg, 0.12688632616944576, right(srz24618676913)
neg, 0.12688632616944576, right(srz246186713033)
neg, 0.12688632616944576, right(srz24618677043)
neg, 0.16534236174919958, right(srz24618675189)
neg, 0.13264769949256902, right(srz2461867126)
neg, 0.12688632616944576, right(srz24618676978)
neg, 0.12688632616944576, right(srz246186715626)
neg, 0.12688632616944576, right(srz24618671383)
neg, 0.12688632616944576, right(srz246186716334)
neg, 0.12688632616944576, right(srz246186716272)
neg, 0.12688632616944576, right(srz246186711655)
neg, 0.1307626901162914, right(srz246186714714)
neg, 0.12688632616944576, right(srz24618676439)
neg, 0.13264769949256902, right(srz24618679227)
neg, 0.12688632616944576, right(srz246186716676)
neg, 0.20238779867379567, right(srz24618673336)
neg, 0.12688632616944576, right(srz246186716021)
neg, 0.12688632616944576, right(srz246186716068)
neg, 0.12688632616944576, right(srz24618678673)
neg, 0.12688632616944576, right(srz24618673644)
neg, 0.16534236174919958, right(srz24618679248)
neg, 0.12688632616944576, right(srz246186716246)
neg, 0.12688632616944576, right(srz24618676573)
neg, 0.12688632616944576, right(srz24618677304)
neg, 0.12688632616944576, right(srz24618672995)
neg, 0.12688632616944576, right(srz2461867997)
neg, 0.16534236174919958, right(srz24618671755)
neg, 0.16534236174919958, right(srz24618675763)
neg, 0.16534236174919958, right(srz24618675767)
neg, 0.23411182129462718, right(srz24618675177)
neg, 0.12688632616944576, right(srz24618677613)
neg, 0.12688632616944576, right(srz2461867384)
neg, 0.12688632616944576, right(srz246186713037)
neg, 0.13264769949256902, right(srz24618679225)
neg, 0.1307626901162914, right(srz246186714164)
neg, 0.1307626901162914, right(srz246186714703)
neg, 0.12688632616944576, right(srz24618679845)
neg, 0.12688632616944576, right(srz246186714958)
neg, 0.13264769949256902, right(srz246186756)
neg, 0.12688632616944576, right(srz2461867674)
neg, 0.16534236174919958, right(srz2461867311)
neg, 0.12688632616944576, right(srz24618676512)
neg, 0.12688632616944576, right(srz24618671363)
neg, 0.12688632616944576, right(srz246186714855)
neg, 0.18333193000285317, right(srz246186711590)
neg, 0.1307626901162914, right(srz246186715653)
neg, 0.1307626901162914, right(srz246186715331)
neg, 0.12688632616944576, right(srz24618674957)
neg, 0.12688632616944576, right(srz24618674027)
neg, 0.12688632616944576, right(srz24618674610)
neg, 0.16534236174919958, right(srz24618673092)
neg, 0.12688632616944576, right(srz246186714259)
neg, 0.12688632616944576, right(srz24618677291)
neg, 0.12688632616944576, right(srz246186715363)
neg, 0.12688632616944576, right(srz246186711878)
neg, 0.12688632616944576, right(srz246186711853)
neg, 0.13264769949256902, right(srz24618675887)
neg, 0.12688632616944576, right(srz246186716220)
neg, 0.12688632616944576, right(srz246186711888)
neg, 0.12688632616944576, right(srz24618677754)
neg, 0.23411182129462718, right(srz246186711503)
neg, 0.12688632616944576, right(srz24618672788)
neg, 0.20238779867379567, right(srz246186712827)
neg, 0.12688632616944576, right(srz2461867556)
neg, 0.12688632616944576, right(srz24618677144)
neg, 0.12688632616944576, right(srz24618677805)
neg, 0.12688632616944576, right(srz246186715883)
neg, 0.12688632616944576, right(srz24618677478)
neg, 0.12688632616944576, right(srz24618674352)
neg, 0.12688632616944576, right(srz246186714834)
neg, 0.12688632616944576, right(srz24618676249)
neg, 0.12688632616944576, right(srz246186716153)
neg, 0.12688632616944576, right(srz24618678562)
neg, 0.20238779867379567, right(srz246186712832)
neg, 0.13264769949256902, right(srz24618677578)
neg, 0.23411182129462718, right(srz246186711504)
neg, 0.16534236174919958, right(srz2461867711)
neg, 0.23411182129462718, right(srz24618674661)
neg, 0.12688632616944576, right(srz24618673564)
neg, 0.12688632616944576, right(srz24618672021)
neg, 0.12688632616944576, right(srz246186713016)
neg, 0.18333193000285317, right(srz24618679585)
neg, 0.23411182129462718, right(srz246186711207)
neg, 0.20238779867379567, right(srz246186712643)
neg, 0.12688632616944576, right(srz24618678687)
neg, 0.1307626901162914, right(srz246186716903)
neg, 0.12688632616944576, right(srz24618676829)
neg, 0.12688632616944576, right(srz24618676992)
neg, 0.12688632616944576, right(srz24618678866)
neg, 0.12688632616944576, right(srz24618677008)
neg, 0.16534236174919958, right(srz246186713711)
neg, 0.12688632616944576, right(srz24618674265)
neg, 0.12688632616944576, right(srz24618677023)
neg, 0.12688632616944576, right(srz24618674796)
neg, 0.12688632616944576, right(srz24618676233)
neg, 0.12688632616944576, right(srz24618678989)
neg, 0.20238779867379567, right(srz24618674632)
neg, 0.20238779867379567, right(srz246186712734)
neg, 0.12688632616944576, right(srz24618676692)
neg, 0.12688632616944576, right(srz24618676097)
neg, 0.12688632616944576, right(srz24618673820)
neg, 0.13264769949256902, right(srz2461867138)
neg, 0.23411182129462718, right(srz24618677880)
neg, 0.12688632616944576, right(srz24618675477)
neg, 0.16534236174919958, right(srz24618672342)
neg, 0.12688632616944576, right(srz246186711710)
neg, 0.12688632616944576, right(srz24618675438)
neg, 0.12688632616944576, right(srz24618675194)
neg, 0.13264769949256902, right(srz24618675756)
neg, 0.12688632616944576, right(srz246186716063)
neg, 0.23411182129462718, right(srz24618678643)
neg, 0.20238779867379567, right(srz24618674750)
neg, 0.12688632616944576, right(srz246186714445)
neg, 0.12688632616944576, right(srz24618671418)
neg, 0.1307626901162914, right(srz246186714676)
neg, 0.12688632616944576, right(srz246186712089)
neg, 0.13264769949256902, right(srz246186710768)
neg, 0.12688632616944576, right(srz24618677758)
neg, 0.12688632616944576, right(srz24618676995)
neg, 0.13264769949256902, right(srz246186710737)
neg, 0.16534236174919958, right(srz246186717177)
neg, 0.12688632616944576, right(srz246186714997)
neg, 0.12688632616944576, right(srz246186711732)
neg, 0.12688632616944576, right(srz246186711704)
neg, 0.12688632616944576, right(srz246186713942)
neg, 0.12688632616944576, right(srz24618671339)
neg, 0.12688632616944576, right(srz246186713028)
neg, 0.23411182129462718, right(srz24618673702)
neg, 0.16534236174919958, right(srz24618675288)
neg, 0.12688632616944576, right(srz24618677342)
neg, 0.12688632616944576, right(srz24618675442)
neg, 0.12688632616944576, right(srz24618678948)
neg, 0.20238779867379567, right(srz246186712740)
neg, 0.12688632616944576, right(srz24618679535)
neg, 0.12688632616944576, right(srz24618671162)
neg, 0.1254446385283914, right(srz246186711519)
neg, 0.12688632616944576, right(srz24618674868)
neg, 0.12688632616944576, right(srz246186711747)
neg, 0.1307626901162914, right(srz246186714667)
neg, 0.12688632616944576, right(srz246186710006)
neg, 0.12688632616944576, right(srz2461867253)
neg, 0.12688632616944576, right(srz246186711048)
neg, 0.20238779867379567, right(srz24618673751)
neg, 0.12688632616944576, right(srz246186711661)
neg, 0.12688632616944576, right(srz246186711341)
neg, 0.16534236174919958, right(srz246186716510)
neg, 0.18333193000285317, right(srz24618675597)
neg, 0.12688632616944576, right(srz24618676225)
neg, 0.12688632616944576, right(srz24618678987)
neg, 0.16534236174919958, right(srz2461867772)
neg, 0.23411182129462718, right(srz246186716593)
neg, 0.12688632616944576, right(srz24618672202)
neg, 0.12688632616944576, right(srz24618677399)
neg, 0.270952319943303, right(srz24618678109)
neg, 0.16534236174919958, right(srz246186715484)
neg, 0.12688632616944576, right(srz24618674649)
neg, 0.12688632616944576, right(srz246186712362)
neg, 0.12688632616944576, right(srz246186716338)
neg, 0.12688632616944576, right(srz24618677992)
neg, 0.12688632616944576, right(srz24618678048)
neg, 0.12688632616944576, right(srz24618676711)
neg, 0.23411182129462718, right(srz246186712396)
neg, 0.1307626901162914, right(srz246186714705)
neg, 0.1307626901162914, right(srz246186714747)
neg, 0.16534236174919958, right(srz24618679258)
neg, 0.16534236174919958, right(srz2461867430)
neg, 0.12688632616944576, right(srz246186716287)
neg, 0.12688632616944576, right(srz246186716344)
neg, 0.12688632616944576, right(srz246186711734)
neg, 0.16534236174919958, right(srz246186716437)
neg, 0.12688632616944576, right(srz246186715939)
neg, 0.20238779867379567, right(srz246186716303)
neg, 0.12688632616944576, right(srz24618677793)
neg, 0.12688632616944576, right(srz24618674377)
neg, 0.12688632616944576, right(srz246186715612)
neg, 0.12688632616944576, right(srz24618674625)
neg, 0.12688632616944576, right(srz246186715096)
neg, 0.12688632616944576, right(srz246186715634)
neg, 0.12688632616944576, right(srz24618679522)
neg, 0.16534236174919958, right(srz24618672355)
neg, 0.2516790776782916, right(srz246186714593)
neg, 0.12688632616944576, right(srz246186711348)
neg, 0.12688632616944576, right(srz24618671096)
neg, 0.16534236174919958, right(srz24618675765)
neg, 0.12688632616944576, right(srz24618678373)
neg, 0.12688632616944576, right(srz24618678363)
neg, 0.12688632616944576, right(srz246186710165)
neg, 0.23411182129462718, right(srz24618673085)
neg, 0.13264769949256902, right(srz246186710)
neg, 0.20238779867379567, right(srz246186711479)
neg, 0.12688632616944576, right(srz24618671965)
neg, 0.12688632616944576, right(srz2461867259)
neg, 0.20238779867379567, right(srz24618677858)
neg, 0.16534236174919958, right(srz24618676396)
neg, 0.1307626901162914, right(srz246186714619)
neg, 0.12688632616944576, right(srz24618673623)
neg, 0.12688632616944576, right(srz246186712653)
neg, 0.12688632616944576, right(srz24618671005)
neg, 0.12688632616944576, right(srz24618672976)
neg, 0.12688632616944576, right(srz246186712117)
neg, 0.12688632616944576, right(srz24618678938)
neg, 0.12688632616944576, right(srz246186715182)
neg, 0.13264769949256902, right(srz24618675968)
neg, 0.16534236174919958, right(srz24618677951)
neg, 0.20238779867379567, right(srz24618676772)
neg, 0.12688632616944576, right(srz24618674222)
neg, 0.20238779867379567, right(srz24618675411)
neg, 0.2516790776782916, right(srz24618675585)
neg, 0.20238779867379567, right(srz246186712420)
neg, 0.12688632616944576, right(srz2461867572)
neg, 0.12688632616944576, right(srz24618678450)
neg, 0.12688632616944576, right(srz24618672942)
neg, 0.12688632616944576, right(srz24618674165)
neg, 0.16534236174919958, right(srz246186716414)
neg, 0.12688632616944576, right(srz24618677623)
neg, 0.12688632616944576, right(srz246186715784)
neg, 0.1254446385283914, right(srz246186710550)
neg, 0.20238779867379567, right(srz246186715303)
neg, 0.12688632616944576, right(srz24618675001)
neg, 0.16534236174919958, right(srz2461867707)
neg, 0.12688632616944576, right(srz24618678567)
neg, 0.20238779867379567, right(srz246186712721)
neg, 0.12688632616944576, right(srz24618679662)
neg, 0.13264769949256902, right(srz24618675702)
neg, 0.12688632616944576, right(srz246186712477)
neg, 0.20238779867379567, right(srz246186712424)
neg, 0.12688632616944576, right(srz24618671443)
neg, 0.12688632616944576, right(srz246186715307)
neg, 0.16534236174919958, right(srz24618677963)
neg, 0.20238779867379567, right(srz246186716786)
neg, 0.12688632616944576, right(srz24618672900)
neg, 0.12688632616944576, right(srz24618673629)
neg, 0.2393699610524666, right(srz24618679116)
neg, 0.13264769949256902, right(srz246186710806)
neg, 0.12688632616944576, right(srz246186716279)
neg, 0.16534236174919958, right(srz246186715482)
neg, 0.23411182129462718, right(srz24618673704)
neg, 0.12688632616944576, right(srz24618671343)
neg, 0.12688632616944576, right(srz24618676935)
neg, 0.13264769949256902, right(srz246186713297)
neg, 0.12688632616944576, right(srz246186716010)
neg, 0.12688632616944576, right(srz246186716142)
neg, 0.16534236174919958, right(srz246186710657)
neg, 0.12688632616944576, right(srz246186716159)
neg, 0.13264769949256902, right(srz24618675996)
neg, 0.12688632616944576, right(srz246186712456)
neg, 0.12688632616944576, right(srz246186713034)
neg, 0.20238779867379567, right(srz246186712629)
neg, 0.1332081935458371, right(srz24618674643)
neg, 0.16534236174919958, right(srz246186715488)
neg, 0.12688632616944576, right(srz24618675496)
neg, 0.12688632616944576, right(srz24618671986)
neg, 0.12688632616944576, right(srz246186714916)
neg, 0.16534236174919958, right(srz246186716974)
neg, 0.12688632616944576, right(srz24618672260)
neg, 0.13264769949256902, right(srz2461867134)
neg, 0.12688632616944576, right(srz246186715441)
neg, 0.18333193000285317, right(srz24618675668)
neg, 0.12688632616944576, right(srz24618671009)
neg, 0.1254446385283914, right(srz2461867893)
neg, 0.12688632616944576, right(srz24618678568)
neg, 0.1254446385283914, right(srz246186713210)
neg, 0.12688632616944576, right(srz24618671633)
neg, 0.12688632616944576, right(srz24618671301)
neg, 0.12688632616944576, right(srz2461867535)
neg, 0.1307626901162914, right(srz246186714378)
neg, 0.18333193000285317, right(srz246186711531)
neg, 0.12688632616944576, right(srz24618677328)
neg, 0.20238779867379567, right(srz246186711493)
neg, 0.13264769949256902, right(srz246186710794)
neg, 0.12688632616944576, right(srz246186715071)
neg, 0.12688632616944576, right(srz24618677418)
neg, 0.12688632616944576, right(srz246186716143)
neg, 0.13264769949256902, right(srz246186710484)
neg, 0.12688632616944576, right(srz24618674155)
neg, 0.16534236174919958, right(srz246186716489)
neg, 0.12688632616944576, right(srz24618675433)
neg, 0.20238779867379567, right(srz24618674757)
neg, 0.13264769949256902, right(srz246186713307)
neg, 0.12688632616944576, right(srz246186713388)
neg, 0.12688632616944576, right(srz246186717013)
neg, 0.270952319943303, right(srz246186710055)
neg, 0.12688632616944576, right(srz24618674659)
neg, 0.12688632616944576, right(srz246186711805)
neg, 0.13264769949256902, right(srz24618675948)
neg, 0.12688632616944576, right(srz24618673137)
neg, 0.12688632616944576, right(srz24618677387)
neg, 0.16534236174919958, right(srz24618671932)
neg, 0.12688632616944576, right(srz24618673834)
neg, 0.12688632616944576, right(srz24618678374)
neg, 0.12688632616944576, right(srz24618673426)
neg, 0.16534236174919958, right(srz246186711351)
neg, 0.1254446385283914, right(srz246186710560)
neg, 0.12688632616944576, right(srz24618671411)
neg, 0.12688632616944576, right(srz24618674808)
neg, 0.12688632616944576, right(srz24618678461)
neg, 0.23411182129462718, right(srz24618679830)
neg, 0.12688632616944576, right(srz246186711166)
neg, 0.12688632616944576, right(srz246186716364)
neg, 0.13264769949256902, right(srz246186710798)
neg, 0.12688632616944576, right(srz246186715974)
neg, 0.20238779867379567, right(srz246186713557)
neg, 0.12688632616944576, right(srz246186711983)
neg, 0.12688632616944576, right(srz24618676201)
neg, 0.12688632616944576, right(srz246186712977)
neg, 0.12688632616944576, right(srz24618676917)
neg, 0.12688632616944576, right(srz24618671642)
neg, 0.16534236174919958, right(srz246186710622)
neg, 0.12688632616944576, right(srz24618672876)
neg, 0.12688632616944576, right(srz246186717017)
neg, 0.1307626901162914, right(srz246186712692)
neg, 0.1307626901162914, right(srz246186715871)
neg, 0.12688632616944576, right(srz24618671276)
neg, 0.12688632616944576, right(srz246186716136)
neg, 0.13264769949256902, right(srz24618675940)
neg, 0.12688632616944576, right(srz24618671644)
neg, 0.1254446385283914, right(srz246186713068)
neg, 0.1254446385283914, right(srz246186713091)
neg, 0.12688632616944576, right(srz24618677894)
neg, 0.12688632616944576, right(srz24618672732)
neg, 0.12688632616944576, right(srz24618671034)
neg, 0.12688632616944576, right(srz24618677532)
neg, 0.12688632616944576, right(srz24618675430)
neg, 0.12688632616944576, right(srz24618677604)
neg, 0.12688632616944576, right(srz24618679064)
neg, 0.12688632616944576, right(srz24618674834)
neg, 0.13264769949256902, right(srz24618675982)
neg, 0.20238779867379567, right(srz24618678217)
neg, 0.1254446385283914, right(srz246186710561)
neg, 0.270952319943303, right(srz24618675298)
neg, 0.1254446385283914, right(srz246186713061)
neg, 0.12688632616944576, right(srz24618677339)
neg, 0.20238779867379567, right(srz246186712679)
neg, 0.13264769949256902, right(srz24618675952)
neg, 0.16534236174919958, right(srz24618675805)
neg, 0.23411182129462718, right(srz24618672315)
neg, 0.12688632616944576, right(srz24618671145)
neg, 0.12688632616944576, right(srz246186712240)
neg, 0.12688632616944576, right(srz24618671252)
neg, 0.12688632616944576, right(srz246186712963)
neg, 0.12688632616944576, right(srz24618674018)
neg, 0.20238779867379567, right(srz24618678646)
neg, 0.16534236174919958, right(srz24618676252)
neg, 0.20238779867379567, right(srz246186712634)
neg, 0.12688632616944576, right(srz24618678050)
neg, 0.12688632616944576, right(srz24618675026)
neg, 0.23411182129462718, right(srz24618678133)
neg, 0.20238779867379567, right(srz246186712850)
neg, 0.18333193000285317, right(srz24618675601)
neg, 0.13264769949256902, right(srz24618679439)
neg, 0.12688632616944576, right(srz246186717127)
neg, 0.12544463852839138, right(srz246186713362)
neg, 0.12688632616944576, right(srz24618672979)
neg, 0.16534236174919958, right(srz2461867773)
neg, 0.12688632616944576, right(srz246186711331)
neg, 0.12688632616944576, right(srz24618672680)
neg, 0.12688632616944576, right(srz24618674865)
neg, 0.1332081935458371, right(srz24618674639)
neg, 0.16534236174919958, right(srz2461867421)
neg, 0.12688632616944576, right(srz246186716095)
neg, 0.12688632616944576, right(srz24618678044)
neg, 0.1307626901162914, right(srz246186716880)
neg, 0.12688632616944576, right(srz24618675027)
neg, 0.12688632616944576, right(srz24618671455)
neg, 0.12688632616944576, right(srz246186716396)
neg, 0.20238779867379567, right(srz24618679922)
neg, 0.23411182129462718, right(srz246186713895)
neg, 0.12688632616944576, right(srz24618676625)
neg, 0.18333193000285317, right(srz24618675589)
neg, 0.12688632616944576, right(srz24618673128)
neg, 0.12688632616944576, right(srz246186711920)
neg, 0.23411182129462718, right(srz24618676317)
neg, 0.12688632616944576, right(srz24618674213)
neg, 0.20238779867379567, right(srz24618673781)
neg, 0.12688632616944576, right(srz246186713743)
neg, 0.1307626901162914, right(srz246186714173)
neg, 0.12688632616944576, right(srz24618677610)
neg, 0.12688632616944576, right(srz246186711173)
neg, 0.16534236174919958, right(srz24618672302)
neg, 0.13264769949256902, right(srz24618675745)
neg, 0.13264769949256902, right(srz24618675712)
neg, 0.12688632616944576, right(srz24618671674)
neg, 0.12688632616944576, right(srz24618671207)
neg, 0.12688632616944576, right(srz24618672983)
neg, 0.12688632616944576, right(srz24618672682)
neg, 0.12688632616944576, right(srz24618676710)
neg, 0.13264769949256902, right(srz246186713248)
neg, 0.12688632616944576, right(srz246186710008)
neg, 0.12688632616944576, right(srz246186712453)
neg, 0.12688632616944576, right(srz24618678019)
neg, 0.1254446385283914, right(srz246186713118)
neg, 0.12688632616944576, right(srz24618678579)
neg, 0.12688632616944576, right(srz2461867440)
neg, 0.20238779867379567, right(srz246186712856)
neg, 0.23411182129462718, right(srz24618676434)
neg, 0.12688632616944576, right(srz24618678668)
neg, 0.1254446385283914, right(srz2461867895)
neg, 0.12688632616944576, right(srz24618673565)
neg, 0.12688632616944576, right(srz24618674426)
neg, 0.12688632616944576, right(srz24618679945)
neg, 0.13264769949256902, right(srz24618679409)
neg, 0.12688632616944576, right(srz2461867445)
neg, 0.20238779867379567, right(srz246186711106)
neg, 0.12688632616944576, right(srz24618677549)
neg, 0.12688632616944576, right(srz246186710137)
neg, 0.16534236174919958, right(srz246186714233)
neg, 0.12688632616944576, right(srz246186712564)
neg, 0.12688632616944576, right(srz24618672237)
neg, 0.12688632616944576, right(srz246186710102)
neg, 0.2516790776782916, right(srz246186712159)
neg, 0.23411182129462718, right(srz24618673700)
neg, 0.12688632616944576, right(srz24618676410)
neg, 0.20238779867379567, right(srz24618674570)
neg, 0.12688632616944576, right(srz246186712050)
neg, 0.12688632616944576, right(srz24618671149)
neg, 0.12688632616944576, right(srz24618674365)
neg, 0.16534236174919958, right(srz246186715543)
neg, 0.12688632616944576, right(srz24618676196)
neg, 0.12688632616944576, right(srz24618679056)
neg, 0.12688632616944576, right(srz24618676035)
neg, 0.12688632616944576, right(srz24618676418)
neg, 0.13264769949256902, right(srz246186713283)
neg, 0.12688632616944576, right(srz24618672935)
neg, 0.13264769949256902, right(srz24618675691)
neg, 0.12688632616944576, right(srz24618674452)
neg, 0.12688632616944576, right(srz246186711041)
neg, 0.12688632616944576, right(srz24618672602)
neg, 0.12688632616944576, right(srz246186713620)
neg, 0.12688632616944576, right(srz24618677637)
neg, 0.16534236174919958, right(srz246186711466)
neg, 0.12688632616944576, right(srz24618671802)
neg, 0.1254446385283914, right(srz2461867921)
neg, 0.13264769949256902, right(srz246186713331)
neg, 0.1307626901162914, right(srz246186714726)
neg, 0.12688632616944576, right(srz24618676582)
neg, 0.12688632616944576, right(srz24618679640)
neg, 0.12688632616944576, right(srz246186712793)
neg, 0.1307626901162914, right(srz24618675163)
neg, 0.13264769949256902, right(srz246186710758)
neg, 0.1307626901162914, right(srz246186710398)
neg, 0.12688632616944576, right(srz246186712461)
neg, 0.23411182129462718, right(srz246186711112)
neg, 0.12688632616944576, right(srz24618672667)
neg, 0.12688632616944576, right(srz246186713593)
neg, 0.23411182129462718, right(srz24618677722)
neg, 0.12688632616944576, right(srz24618678344)
neg, 0.12688632616944576, right(srz246186712999)
neg, 0.12688632616944576, right(srz246186716242)
neg, 0.12688632616944576, right(srz24618677466)
neg, 0.12688632616944576, right(srz24618676585)
neg, 0.18333193000285317, right(srz246186711605)
neg, 0.12688632616944576, right(srz24618674985)
neg, 0.12688632616944576, right(srz24618678376)
neg, 0.23411182129462718, right(srz246186711116)
neg, 0.1307626901162914, right(srz246186714781)
neg, 0.12688632616944576, right(srz24618677282)
neg, 0.12688632616944576, right(srz24618672656)
neg, 0.12688632616944576, right(srz24618677416)
neg, 0.12688632616944576, right(srz246186711857)
neg, 0.12688632616944576, right(srz246186712656)
neg, 0.12688632616944576, right(srz246186715598)
neg, 0.12688632616944576, right(srz246186716683)
neg, 0.20238779867379567, right(srz246186712762)
neg, 0.12688632616944576, right(srz246186716234)
neg, 0.16534236174919958, right(srz24618672300)
neg, 0.20238779867379567, right(srz246186715276)
neg, 0.20238779867379567, right(srz246186712828)
neg, 0.16534236174919958, right(srz24618675833)
neg, 0.12688632616944576, right(srz246186716671)
neg, 0.16534236174919958, right(srz246186713126)
neg, 0.12688632616944576, right(srz24618672941)
neg, 0.20238779867379567, right(srz24618678117)
neg, 0.20238779867379567, right(srz246186715263)
neg, 0.12688632616944576, right(srz24618671794)
neg, 0.23411182129462718, right(srz24618674738)
neg, 0.12688632616944576, right(srz24618673432)
neg, 0.13264769949256902, right(srz24618679203)
neg, 0.12688632616944576, right(srz246186711886)
neg, 0.20238779867379567, right(srz24618677836)
neg, 0.1332081935458371, right(srz2461867614)
neg, 0.270952319943303, right(srz246186710933)
neg, 0.12688632616944576, right(srz246186714935)
neg, 0.12688632616944576, right(srz246186715574)
neg, 0.12688632616944576, right(srz24618673642)
neg, 0.12688632616944576, right(srz24618678358)
neg, 0.1307626901162914, right(srz246186714717)
neg, 0.12688632616944576, right(srz24618674118)
neg, 0.13264769949256902, right(srz24618675884)
neg, 0.20238779867379567, right(srz246186715412)
neg, 0.12688632616944576, right(srz2461867545)
neg, 0.12688632616944576, right(srz246186714864)
neg, 0.12688632616944576, right(srz24618671166)
neg, 0.16534236174919958, right(srz24618671777)
neg, 0.1307626901162914, right(srz246186710395)
neg, 0.12688632616944576, right(srz246186716613)
neg, 0.12688632616944576, right(srz24618671235)
neg, 0.20238779867379567, right(srz24618676665)
neg, 0.13264769949256902, right(srz24618679411)
neg, 0.1332081935458371, right(srz246186716805)
neg, 0.16534236174919958, right(srz246186716438)
neg, 0.16534236174919958, right(srz24618675821)
neg, 0.12688632616944576, right(srz246186713486)
neg, 0.12688632616944576, right(srz246186716273)
neg, 0.1254446385283914, right(srz2461867900)
neg, 0.13264769949256902, right(srz24618679414)
neg, 0.12688632616944576, right(srz246186716697)
neg, 0.12688632616944576, right(srz246186717110)
neg, 0.12688632616944576, right(srz2461867671)
neg, 0.12688632616944576, right(srz24618674998)
neg, 0.12688632616944576, right(srz246186714470)
neg, 0.12688632616944576, right(srz24618677602)
neg, 0.12688632616944576, right(srz24618677789)
neg, 0.12688632616944576, right(srz24618674609)
neg, 0.20238779867379567, right(srz24618677859)
neg, 0.12688632616944576, right(srz2461867955)
neg, 0.12688632616944576, right(srz24618675454)
neg, 0.13264769949256902, right(srz24618675963)
neg, 0.13264769949256902, right(srz24618675869)
neg, 0.13264769949256902, right(srz24618675)
neg, 0.20238779867379567, right(srz24618673290)
neg, 0.16534236174919958, right(srz24618676374)
neg, 0.12688632616944576, right(srz24618673408)
neg, 0.23411182129462718, right(srz246186712293)
neg, 0.12688632616944576, right(srz24618672669)
neg, 0.12688632616944576, right(srz246186715361)
neg, 0.12688632616944576, right(srz24618674303)
neg, 0.12688632616944576, right(srz246186715080)
neg, 0.12688632616944576, right(srz24618675352)
neg, 0.23411182129462718, right(srz246186711203)
neg, 0.20238779867379567, right(srz24618678488)
neg, 0.12688632616944576, right(srz24618671233)
neg, 0.12688632616944576, right(srz246186713009)
neg, 0.16534236174919958, right(srz2461867608)
neg, 0.12688632616944576, right(srz24618674216)
neg, 0.12688632616944576, right(srz246186713599)
neg, 0.12688632616944576, right(srz24618674613)
neg, 0.1254446385283914, right(srz2461867923)
neg, 0.1254446385283914, right(srz246186711517)
neg, 0.20238779867379567, right(srz246186712415)
neg, 0.12688632616944576, right(srz24618676627)
neg, 0.12688632616944576, right(srz246186715076)
neg, 0.1254446385283914, right(srz246186710571)
neg, 0.12688632616944576, right(srz24618677413)
neg, 0.23411182129462718, right(srz24618676730)
neg, 0.12688632616944576, right(srz246186710354)
neg, 0.12688632616944576, right(srz24618675030)
neg, 0.16534236174919958, right(srz24618679256)
neg, 0.12688632616944576, right(srz24618677455)
neg, 0.12688632616944576, right(srz246186713739)
neg, 0.1307626901162914, right(srz246186714156)
neg, 0.12688632616944576, right(srz24618675355)
neg, 0.1307626901162914, right(srz246186714172)
neg, 0.12688632616944576, right(srz24618673171)
neg, 0.12688632616944576, right(srz24618676289)
neg, 0.12688632616944576, right(srz24618677794)
neg, 0.12688632616944576, right(srz24618679844)
neg, 0.12688632616944576, right(srz246186712061)
neg, 0.12688632616944576, right(srz246186715172)
neg, 0.12688632616944576, right(srz24618671968)
neg, 0.12688632616944576, right(srz24618676708)
neg, 0.12688632616944576, right(srz2461867570)
neg, 0.16534236174919958, right(srz24618676496)
neg, 0.12688632616944576, right(srz24618676260)
neg, 0.12688632616944576, right(srz24618678064)
neg, 0.12688632616944576, right(srz246186714442)
neg, 0.18333193000285317, right(srz24618679169)
neg, 0.1254446385283914, right(srz2461867845)
neg, 0.12688632616944576, right(srz246186714065)
neg, 0.12688632616944576, right(srz24618671499)
neg, 0.23411182129462718, right(srz24618678840)
neg, 0.12688632616944576, right(srz24618671801)
neg, 0.12688632616944576, right(srz246186712569)
neg, 0.12688632616944576, right(srz24618674466)
neg, 0.23411182129462718, right(srz24618678420)
neg, 0.12688632616944576, right(srz246186714856)
neg, 0.12688632616944576, right(srz24618674312)
neg, 0.12688632616944576, right(srz24618672930)
neg, 0.12688632616944576, right(srz24618672029)
neg, 0.12688632616944576, right(srz24618676090)
neg, 0.16534236174919958, right(srz2461867603)
neg, 0.12688632616944576, right(srz24618677510)
neg, 0.1307626901162914, right(srz24618676557)
neg, 0.23411182129462718, right(srz24618671938)
neg, 0.18333193000285317, right(srz246186711600)
neg, 0.13264769949256902, right(srz24618679422)
neg, 0.20238779867379567, right(srz24618673723)
neg, 0.12688632616944576, right(srz24618673626)
neg, 0.12688632616944576, right(srz246186717172)
neg, 0.12688632616944576, right(srz24618676841)
neg, 0.20238779867379567, right(srz24618673207)
neg, 0.12688632616944576, right(srz24618671061)
neg, 0.12688632616944576, right(srz246186711892)
neg, 0.1254446385283914, right(srz246186710544)
neg, 0.13264769949256902, right(srz24618675729)
neg, 0.12688632616944576, right(srz2461867641)
neg, 0.1307626901162914, right(srz246186714366)
neg, 0.16534236174919958, right(srz2461867310)
neg, 0.20238779867379567, right(srz24618673752)
neg, 0.12688632616944576, right(srz246186716831)
neg, 0.12688632616944576, right(srz24618671143)
neg, 0.12688632616944576, right(srz246186716229)
neg, 0.12688632616944576, right(srz246186717036)
neg, 0.20238779867379567, right(srz24618673785)
neg, 0.12688632616944576, right(srz24618671152)
neg, 0.12688632616944576, right(srz246186712133)
neg, 0.16534236174919958, right(srz24618672367)
neg, 0.16534236174919958, right(srz246186710650)
neg, 0.16534236174919958, right(srz24618679298)
neg, 0.12688632616944576, right(srz24618678679)
neg, 0.20238779867379567, right(srz246186712830)
neg, 0.12688632616944576, right(srz246186715577)
neg, 0.12688632616944576, right(srz24618675199)
neg, 0.12688632616944576, right(srz24618678683)
neg, 0.12688632616944576, right(srz246186714889)
neg, 0.12688632616944576, right(srz246186710183)
neg, 0.1307626901162914, right(srz246186714682)
neg, 0.12688632616944576, right(srz24618676264)
neg, 0.12688632616944576, right(srz246186710342)
neg, 0.20238779867379567, right(srz24618677854)
neg, 0.12688632616944576, right(srz24618675478)
neg, 0.12688632616944576, right(srz2461867229)
neg, 0.16534236174919958, right(srz246186716539)
neg, 0.12688632616944576, right(srz24618673653)
neg, 0.1307626901162914, right(srz24618676603)
neg, 0.12688632616944576, right(srz246186712092)
neg, 0.20238779867379567, right(srz24618679885)
neg, 0.23411182129462718, right(srz24618673777)
neg, 0.12688632616944576, right(srz24618671808)
neg, 0.12688632616944576, right(srz24618671128)
neg, 0.20238779867379567, right(srz24618673787)
neg, 0.1307626901162914, right(srz246186714699)
neg, 0.12688632616944576, right(srz246186710337)
neg, 0.12688632616944576, right(srz246186717171)
neg, 0.12688632616944576, right(srz246186712373)
neg, 0.12688632616944576, right(srz246186712810)
neg, 0.12688632616944576, right(srz24618675031)
neg, 0.12688632616944576, right(srz24618671305)
neg, 0.23411182129462718, right(srz246186715474)
neg, 0.1307626901162914, right(srz246186715870)
neg, 0.20238779867379567, right(srz24618676743)
neg, 0.20238779867379567, right(srz246186710993)
neg, 0.12688632616944576, right(srz24618674439)
neg, 0.12688632616944576, right(srz24618675497)
neg, 0.13264769949256902, right(srz246186710708)
neg, 0.12688632616944576, right(srz24618675028)
neg, 0.12688632616944576, right(srz24618677761)
neg, 0.13264769949256902, right(srz24618679456)
neg, 0.12688632616944576, right(srz246186714092)
neg, 0.12688632616944576, right(srz246186716164)
neg, 0.12688632616944576, right(srz24618671037)
neg, 0.12688632616944576, right(srz246186713670)
neg, 0.12688632616944576, right(srz246186712975)
neg, 0.12688632616944576, right(srz24618673080)
neg, 0.12688632616944576, right(srz246186713655)
neg, 0.12688632616944576, right(srz24618674958)
neg, 0.18333193000285317, right(srz24618675594)
neg, 0.12688632616944576, right(srz246186716383)
neg, 0.12688632616944576, right(srz246186716348)
neg, 0.16534236174919958, right(srz24618672362)
neg, 0.13264769949256902, right(srz246186799)
neg, 0.16534236174919958, right(srz246186716966)
neg, 0.12688632616944576, right(srz24618672752)
neg, 0.20238779867379567, right(srz246186712896)
neg, 0.12688632616944576, right(srz24618679553)
neg, 0.1307626901162914, right(srz246186713851)
neg, 0.12688632616944576, right(srz24618674673)
neg, 0.12688632616944576, right(srz246186710862)
neg, 0.12688632616944576, right(srz24618676199)
neg, 0.23411182129462718, right(srz24618671761)
neg, 0.12688632616944576, right(srz246186714817)
neg, 0.12688632616944576, right(srz246186714858)
neg, 0.12688632616944576, right(srz246186713953)
neg, 0.12688632616944576, right(srz246186711182)
neg, 0.12688632616944576, right(srz246186712906)
neg, 0.20238779867379567, right(srz24618676943)
neg, 0.12688632616944576, right(srz24618675034)
neg, 0.12688632616944576, right(srz24618671239)
neg, 0.16534236174919958, right(srz24618672417)
neg, 0.12688632616944576, right(srz246186711168)
neg, 0.23411182129462718, right(srz24618673456)
neg, 0.12688632616944576, right(srz24618678354)
neg, 0.18333193000285317, right(srz246186711591)
neg, 0.12688632616944576, right(srz24618678013)
neg, 0.20238779867379567, right(srz246186714127)
neg, 0.20238779867379567, right(srz246186716987)
neg, 0.12688632616944576, right(srz24618673373)
neg, 0.12688632616944576, right(srz246186713586)
neg, 0.12688632616944576, right(srz24618676071)
neg, 0.12688632616944576, right(srz24618672203)
neg, 0.1307626901162914, right(srz246186710399)
neg, 0.12688632616944576, right(srz24618679952)
neg, 0.12688632616944576, right(srz246186716823)
neg, 0.12688632616944576, right(srz246186716248)
neg, 0.12688632616944576, right(srz2461867267)
neg, 0.12688632616944576, right(srz246186716094)
neg, 0.16534236174919958, right(srz246186713139)
neg, 0.12688632616944576, right(srz24618676194)
neg, 0.12688632616944576, right(srz246186716675)
neg, 0.16534236174919958, right(srz246186716433)
neg, 0.12688632616944576, right(srz24618677415)
neg, 0.13264769949256902, right(srz24618679193)
neg, 0.13264769949256902, right(srz24618679230)
neg, 0.16534236174919958, right(srz24618671924)
neg, 0.16534236174919958, right(srz246186717183)
neg, 0.12688632616944576, right(srz24618677495)
neg, 0.12688632616944576, right(srz24618676448)
neg, 0.20238779867379567, right(srz24618673208)
neg, 0.12688632616944576, right(srz24618671970)
neg, 0.12688632616944576, right(srz24618673125)
neg, 0.12688632616944576, right(srz246186712938)
neg, 0.13264769949256902, right(srz24618679442)
neg, 0.12688632616944576, right(srz246186715989)
neg, 0.270952319943303, right(srz24618672138)
neg, 0.13264769949256902, right(srz246186710779)
neg, 0.12688632616944576, right(srz24618677344)
neg, 0.16534236174919958, right(srz246186716419)
neg, 0.12688632616944576, right(srz24618672689)
neg, 0.16534236174919958, right(srz246186713167)
neg, 0.12688632616944576, right(srz24618674773)
neg, 0.1254446385283914, right(srz246186710552)
neg, 0.12688632616944576, right(srz246186713022)
neg, 0.12688632616944576, right(srz24618679937)
neg, 0.12688632616944576, right(srz24618677041)
neg, 0.12688632616944576, right(srz246186713368)
neg, 0.1332081935458371, right(srz24618677974)
neg, 0.2516790776782916, right(srz2461867200)
neg, 0.270952319943303, right(srz24618678805)
neg, 0.12688632616944576, right(srz24618673151)
neg, 0.12688632616944576, right(srz24618679058)
neg, 0.12688632616944576, right(srz24618672497)
neg, 0.20238779867379567, right(srz24618674902)
neg, 0.12688632616944576, right(srz246186710128)
neg, 0.1307626901162914, right(srz246186714630)
neg, 0.12688632616944576, right(srz246186713003)
neg, 0.16534236174919958, right(srz2461867205)
neg, 0.12688632616944576, right(srz24618675519)
neg, 0.20238779867379567, right(srz246186716778)
neg, 0.12688632616944576, right(srz24618676195)
neg, 0.23411182129462718, right(srz246186711223)
neg, 0.20238779867379567, right(srz246186712418)
neg, 0.12688632616944576, right(srz24618671822)
neg, 0.16534236174919958, right(srz24618675816)
neg, 0.13264769949256902, right(srz24618675896)
neg, 0.12688632616944576, right(srz246186716121)
neg, 0.13264769949256902, right(srz246186713257)
neg, 0.12688632616944576, right(srz24618677326)
neg, 0.16534236174919958, right(srz246186716963)
neg, 0.1307626901162914, right(srz24618676558)
neg, 0.16534236174919958, right(srz24618679239)
neg, 0.1254446385283914, right(srz2461867924)
neg, 0.12688632616944576, right(srz246186716047)
neg, 0.12688632616944576, right(srz246186716751)
neg, 0.20238779867379567, right(srz246186714134)
neg, 0.12688632616944576, right(srz246186711742)
neg, 0.20238779867379567, right(srz246186712862)
neg, 0.12688632616944576, right(srz246186712698)
neg, 0.12688632616944576, right(srz24618674142)
neg, 0.16534236174919958, right(srz24618671745)
neg, 0.20238779867379567, right(srz24618678147)
neg, 0.13264769949256902, right(srz246186713227)
neg, 0.12688632616944576, right(srz24618671378)
neg, 0.1307626901162914, right(srz246186714794)
neg, 0.12688632616944576, right(srz24618677384)
neg, 0.12688632616944576, right(srz246186715975)
neg, 0.12688632616944576, right(srz24618671987)
neg, 0.13264769949256902, right(srz24618675879)
neg, 0.12688632616944576, right(srz24618674210)
neg, 0.12688632616944576, right(srz24618673603)
neg, 0.16534236174919958, right(srz24618671590)
neg, 0.12688632616944576, right(srz246186716091)
neg, 0.12688632616944576, right(srz246186713617)
neg, 0.1254446385283914, right(srz246186713215)
neg, 0.12688632616944576, right(srz246186714915)
neg, 0.12688632616944576, right(srz246186715629)
neg, 0.12688632616944576, right(srz24618674195)
neg, 0.20238779867379567, right(srz24618674936)
neg, 0.12688632616944576, right(srz246186714879)
neg, 0.12688632616944576, right(srz24618676239)
neg, 0.23411182129462718, right(srz24618678517)
neg, 0.13264769949256902, right(srz246186710689)
neg, 0.12688632616944576, right(srz24618676567)
neg, 0.12688632616944576, right(srz24618677577)
neg, 0.12688632616944576, right(srz24618671393)
neg, 0.1307626901162914, right(srz246186715855)
neg, 0.1307626901162914, right(srz246186715863)
neg, 0.12688632616944576, right(srz24618678346)
neg, 0.12688632616944576, right(srz246186711828)
neg, 0.1254446385283914, right(srz246186713069)
neg, 0.12688632616944576, right(srz24618676256)
neg, 0.18333193000285317, right(srz246186711573)
neg, 0.20238779867379567, right(srz246186710995)
neg, 0.16534236174919958, right(srz24618671776)
neg, 0.12688632616944576, right(srz24618676102)
neg, 0.12688632616944576, right(srz246186717100)
neg, 0.12688632616944576, right(srz246186717129)
neg, 0.12688632616944576, right(srz246186716103)
neg, 0.1307626901162914, right(srz246186715333)
neg, 0.12688632616944576, right(srz24618672888)
neg, 0.20238779867379567, right(srz246186712763)
neg, 0.12688632616944576, right(srz246186712367)
neg, 0.12688632616944576, right(srz246186712249)
neg, 0.12688632616944576, right(srz24618676623)
neg, 0.12688632616944576, right(srz24618673442)
neg, 0.1254446385283914, right(srz246186713081)
neg, 0.23411182129462718, right(srz246186711211)
neg, 0.23411182129462718, right(srz246186715532)
neg, 0.12688632616944576, right(srz24618677469)
neg, 0.12688632616944576, right(srz24618671142)
neg, 0.16534236174919958, right(srz24618675193)
neg, 0.12688632616944576, right(srz24618673537)
neg, 0.12688632616944576, right(srz24618671793)
neg, 0.12688632616944576, right(srz24618677142)
neg, 0.12688632616944576, right(srz24618678566)
neg, 0.12688632616944576, right(srz24618671873)
neg, 0.12688632616944576, right(srz246186714248)
neg, 0.13264769949256902, right(srz24618675757)
neg, 0.20238779867379567, right(srz24618679886)
neg, 0.12688632616944576, right(srz24618678362)
neg, 0.12688632616944576, right(srz24618672988)
neg, 0.12688632616944576, right(srz2461867942)
neg, 0.16534236174919958, right(srz24618671579)
neg, 0.12688632616944576, right(srz24618677870)
neg, 0.12688632616944576, right(srz24618676699)
neg, 0.16534236174919958, right(srz24618675775)
neg, 0.16534236174919958, right(srz2461867209)
neg, 0.12688632616944576, right(srz24618675023)
neg, 0.12688632616944576, right(srz24618677755)
neg, 0.1307626901162914, right(srz246186714627)
neg, 0.12688632616944576, right(srz24618677727)
neg, 0.12688632616944576, right(srz2461867533)
neg, 0.12688632616944576, right(srz24618678339)
neg, 0.12688632616944576, right(srz24618671111)
neg, 0.12688632616944576, right(srz24618674289)
neg, 0.12688632616944576, right(srz246186712328)
neg, 0.12688632616944576, right(srz246186715940)
neg, 0.13264769949256902, right(srz24618679183)
neg, 0.13264769949256902, right(srz24618675695)
neg, 0.12688632616944576, right(srz246186711043)
neg, 0.13264769949256902, right(srz24618679229)
neg, 0.20238779867379567, right(srz246186712414)
neg, 0.12688632616944576, right(srz246186716359)
neg, 0.12688632616944576, right(srz24618672928)
neg, 0.12688632616944576, right(srz246186716620)
neg, 0.12688632616944576, right(srz246186710172)
neg, 0.12688632616944576, right(srz246186716212)
neg, 0.12688632616944576, right(srz24618672631)
neg, 0.1307626901162914, right(srz246186714732)
neg, 0.12688632616944576, right(srz24618678073)
neg, 0.12688632616944576, right(srz24618673369)
neg, 0.12688632616944576, right(srz246186716327)
neg, 0.12688632616944576, right(srz24618679499)
neg, 0.12688632616944576, right(srz24618677032)
neg, 0.22335882248171707, right(srz24618673357)
neg, 0.12688632616944576, right(srz24618676929)
neg, 0.12688632616944576, right(srz246186711870)
neg, 0.12688632616944576, right(srz24618673935)
neg, 0.1307626901162914, right(srz24618676597)
neg, 0.1307626901162914, right(srz246186714603)
neg, 0.12688632616944576, right(srz246186716826)
neg, 0.1307626901162914, right(srz246186714648)
neg, 0.12688632616944576, right(srz246186716158)
neg, 0.16534236174919958, right(srz2461867417)
neg, 0.12688632616944576, right(srz24618677537)
neg, 0.12688632616944576, right(srz24618676282)
neg, 0.13264769949256902, right(srz24618675905)
neg, 0.20238779867379567, right(srz246186710959)
neg, 0.12688632616944576, right(srz24618672890)
neg, 0.12688632616944576, right(srz24618672181)
neg, 0.16534236174919958, right(srz246186715468)
neg, 0.12688632616944576, right(srz24618676115)
neg, 0.12688632616944576, right(srz24618672763)
neg, 0.12688632616944576, right(srz24618679060)
neg, 0.13264769949256902, right(srz246186765)
neg, 0.12688632616944576, right(srz24618672216)
neg, 0.13264769949256902, right(srz24618675923)
neg, 0.12688632616944576, right(srz24618678066)
neg, 0.12688632616944576, right(srz24618679685)
neg, 0.12688632616944576, right(srz24618675443)
neg, 0.12688632616944576, right(srz246186716748)
neg, 0.12688632616944576, right(srz246186713955)
neg, 0.12688632616944576, right(srz24618675472)
neg, 0.12688632616944576, right(srz2461867957)
neg, 0.12688632616944576, right(srz24618679642)
neg, 0.12688632616944576, right(srz24618678964)
neg, 0.12688632616944576, right(srz24618678939)
neg, 0.20238779867379567, right(srz24618678910)
neg, 0.12688632616944576, right(srz24618671097)
neg, 0.13264769949256902, right(srz246186710682)
neg, 0.16534236174919958, right(srz246186713686)
neg, 0.1307626901162914, right(srz246186714685)
neg, 0.1254446385283914, right(srz246186713109)
neg, 0.12688632616944576, right(srz246186715058)
neg, 0.1332081935458371, right(srz246186716801)
neg, 0.12688632616944576, right(srz24618671076)
neg, 0.1254446385283914, right(srz246186711516)
neg, 0.12688632616944576, right(srz24618674788)
neg, 0.16534236174919958, right(srz24618676351)
neg, 0.12688632616944576, right(srz246186717006)
neg, 0.12688632616944576, right(srz246186714934)
neg, 0.12688632616944576, right(srz24618674292)
neg, 0.20238779867379567, right(srz246186715422)
neg, 0.12688632616944576, right(srz246186712236)
neg, 0.13264769949256902, right(srz246186713244)
neg, 0.12688632616944576, right(srz24618671104)
neg, 0.12688632616944576, right(srz24618674395)
neg, 0.20238779867379567, right(srz246186711490)
neg, 0.12688632616944576, right(srz24618673437)
neg, 0.16534236174919958, right(srz24618679317)
neg, 0.1254446385283914, right(srz246186712169)
neg, 0.270952319943303, right(srz246186710942)
neg, 0.12688632616944576, right(srz24618676989)
neg, 0.13264769949256902, right(srz246186710773)
neg, 0.12688632616944576, right(srz24618677878)
neg, 0.12688632616944576, right(srz24618672807)
neg, 0.23411182129462718, right(srz24618678495)
neg, 0.12688632616944576, right(srz246186712469)
neg, 0.18333193000285317, right(srz246186711576)
neg, 0.12688632616944576, right(srz24618679541)
neg, 0.18333193000285317, right(srz246186711596)
neg, 0.12688632616944576, right(srz246186711960)
neg, 0.20238779867379567, right(srz24618679927)
neg, 0.12688632616944576, right(srz246186712041)
neg, 0.12688632616944576, right(srz24618676041)
neg, 0.12688632616944576, right(srz246186716692)
neg, 0.12688632616944576, right(srz246186712555)
neg, 0.16534236174919958, right(srz246186716533)
neg, 0.1307626901162914, right(srz24618679976)
neg, 0.12688632616944576, right(srz24618674342)
neg, 0.12688632616944576, right(srz24618673930)
neg, 0.12688632616944576, right(srz246186712921)
neg, 0.12688632616944576, right(srz24618671630)
neg, 0.12688632616944576, right(srz24618671354)
neg, 0.12688632616944576, right(srz24618672033)
neg, 0.12688632616944576, right(srz24618675216)
neg, 0.12688632616944576, right(srz24618672931)
neg, 0.20238779867379567, right(srz246186711305)
neg, 0.12688632616944576, right(srz246186710358)
neg, 0.12688632616944576, right(srz24618672944)
neg, 0.12688632616944576, right(srz24618672201)
neg, 0.12688632616944576, right(srz24618672753)
neg, 0.13264769949256902, right(srz246186710485)
neg, 0.12688632616944576, right(srz246186712583)
neg, 0.12688632616944576, right(srz246186714980)
neg, 0.1307626901162914, right(srz246186714158)
neg, 0.23411182129462718, right(srz24618673714)
neg, 0.12688632616944576, right(srz24618671269)
neg, 0.13264769949256902, right(srz24618675690)
neg, 0.13264769949256902, right(srz24618675959)
neg, 0.12688632616944576, right(srz24618672610)
neg, 0.12688632616944576, right(srz24618677771)
neg, 0.12688632616944576, right(srz246186715970)
neg, 0.12688632616944576, right(srz246186711988)
neg, 0.12688632616944576, right(srz24618671800)
neg, 0.13264769949256902, right(srz24618679425)
neg, 0.20238779867379567, right(srz246186712615)
neg, 0.1254446385283914, right(srz246186713214)
neg, 0.20238779867379567, right(srz246186716602)
neg, 0.12688632616944576, right(srz24618676242)
neg, 0.12688632616944576, right(srz24618674951)
neg, 0.12688632616944576, right(srz246186715610)
neg, 0.12688632616944576, right(srz2461867497)
neg, 0.12688632616944576, right(srz24618677019)
neg, 0.12688632616944576, right(srz24618676420)
neg, 0.12688632616944576, right(srz246186712798)
neg, 0.12688632616944576, right(srz246186713648)
neg, 0.16534236174919958, right(srz24618675836)
neg, 0.20238779867379567, right(srz246186715423)
neg, 0.12688632616944576, right(srz24618676038)
neg, 0.1254446385283914, right(srz2461867931)
neg, 0.20238779867379567, right(srz24618678137)

