==================================================
Training/Testing pipeline for 54_RZ_2461867
==================================================
Max tree depth: 1
Number of trees: 1
Debug mode: true
Test only: false
Grounding penalty: threshold=0.7, alpha=0.1, beta=0.5, strategy=min

Debug scoring enabled - verbose output will be generated
Updating background knowledge files with max_depth=1...
Updated max_depth in data/seaquest/all/noop/train/train_bk.txt to 1
Updated max_depth in data/seaquest/all/noop/test/test_bk.txt to 1
Updated max_depth in data/seaquest/all/down/train/train_bk.txt to 1
Updated max_depth in data/seaquest/all/down/test/test_bk.txt to 1
Updated max_depth in data/seaquest/all/fire/train/train_bk.txt to 1
Updated max_depth in data/seaquest/all/fire/test/test_bk.txt to 1
Updated max_depth in data/seaquest/all/right/train/train_bk.txt to 1
Updated max_depth in data/seaquest/all/right/test/test_bk.txt to 1
Updated max_depth in data/seaquest/all/left/train/train_bk.txt to 1
Updated max_depth in data/seaquest/all/left/test/test_bk.txt to 1
Updated max_depth in data/seaquest/all/up/train/train_bk.txt to 1
Updated max_depth in data/seaquest/all/up/test/test_bk.txt to 1
Testing model: rdn_models/seaquest/all/negpos_2_trees_1_depth_1_grounding_penalty_0.01_new
Testing configuration: negpos_2_trees_1_depth_1_grounding_penalty_0.01_new


######################################################################
PROCESSING SEED: 42
######################################################################

--- Step 1: Training ---
Training fire (Seed: 42)...
args[0] = -l
args[1] = -train
args[3] = -target
args[5] = -trees
args[7] = -aucJarPath
args[9] = -negPosRatio
args[11] = -model
args[13] = -use-distance-weights
args[14] = -seed
args[16] = -debugScoring

% ========================================
% DEBUG SCORING MODE ENABLED
% ========================================

train
java.io.FileNotFoundException: train\train_bk.txt (No such file or directory)
	at java.io.FileInputStream.open0(Native Method)
	at java.io.FileInputStream.open(FileInputStream.java:195)
	at java.io.FileInputStream.<init>(FileInputStream.java:138)
	at java.io.FileInputStream.<init>(FileInputStream.java:93)
	at edu.wisc.cs.will.Utils.check_disc.checkflagvalues(check_disc.java:23)
	at edu.wisc.cs.will.Boosting.RDN.RunBoostedRDN.main(RunBoostedRDN.java:504)

% Starting a LEARNING run of bRDN.

% Calling SETUP.
% Running on host: xps-np

% Switching to VarIndicator = uppercase.

% Unset'ing VarIndicator.

Resetting the LazyGroundNthArgumentClauseIndex.

% Calling ILPouterLoop from createRegressionOuterLooper.

% getInputArgWithDefaultValue: args=[data/seaquest/all/fire/train/train_pos.txt, data/seaquest/all/fire/train/train_neg.txt, data/seaquest/all/fire/train/train_bk.txt, data/seaquest/all/fire/train/train_facts.txt]
%  for N=0: args[N]=data/seaquest/all/fire/train/train_pos.txt

% getInputArgWithDefaultValue: args=[data/seaquest/all/fire/train/train_pos.txt, data/seaquest/all/fire/train/train_neg.txt, data/seaquest/all/fire/train/train_bk.txt, data/seaquest/all/fire/train/train_facts.txt]
%  for N=1: args[N]=data/seaquest/all/fire/train/train_neg.txt

% getInputArgWithDefaultValue: args=[data/seaquest/all/fire/train/train_pos.txt, data/seaquest/all/fire/train/train_neg.txt, data/seaquest/all/fire/train/train_bk.txt, data/seaquest/all/fire/train/train_facts.txt]
%  for N=2: args[N]=data/seaquest/all/fire/train/train_bk.txt

% getInputArgWithDefaultValue: args=[data/seaquest/all/fire/train/train_pos.txt, data/seaquest/all/fire/train/train_neg.txt, data/seaquest/all/fire/train/train_bk.txt, data/seaquest/all/fire/train/train_facts.txt]
%  for N=3: args[N]=data/seaquest/all/fire/train/train_facts.txt

% Welcome to the WILL ILP/SRL systems.


% Switching to VarIndicator = uppercase.

% Unset'ing VarIndicator.
% Reading background theory from dir: null

% Switching to VarIndicator = uppercase.

***** Warning: % Since this is the first setting of the notation for variables, will keep:
%   variableIndicator = uppercase *****

% [ LazyGroundClauseIndex ]  Building full index for mode/1 with 1 assertions.
% LoadAllModes() called.  Currently loaded modes: []
% [ LazyGroundClauseIndex ]  Building full index for sameAs/2 with 2 assertions.
% [ LazyGroundNthArgumentClauseIndex ]  Argument 1:  Building full index for exp/3.
% [ LazyGroundNthArgumentClauseIndex ]  Argument 0:  Building full index for log/3.
% LoadAllLibraries() called.  Currently loaded libraries: [listsInLogic, differentInLogic, modes_arithmeticInLogic, inlines_comparisonInLogic, modes_listsInLogic, inlines_differentInLogic, modes_differentInLogic, arithmeticInLogic, inlines_listsInLogic, modes_comparisonInLogic, comparisonInLogic, inlines_arithmeticInLogic]

%  Read the facts.
%  Have read 1,820,826 facts.
% Have read 5,370 examples from 'data/seaquest/all/fire/train' [data/seaquest/all/fire/train/train*].
% Have read 382,145 examples from 'data/seaquest/all/fire/train' [data/seaquest/all/fire/train/train*].

%  LearnOneClause initialized.

% The outer looper has been created.

% Initializing the ILP inner looper.

% NEW target:                 action(D, E)
%  targetPred:                action/2
%  targetArgTypes:            signature = [const, const], types = [+state, #name]
%  targets:                   [action(D, E)]
%  targetPredicates:          [action/2]
%  targetArgSpecs:            [[D[+state], E[#name]]]
%  variablesInTargets:        [[D, E]]

% Started collecting constants

% Collecting the types of constants.

% Looking at the training examples to see if any types of new constants can be inferred.
% Time to collect constants: 12 seconds
% Time to collect examples: 0 seconds

% Read 5,370 pos examples and 382,145 neg examples.
% Time to init learnOneClause: 13 seconds
% Old dirrdn_models/seaquest/all/negpos_2_trees_1_depth_1_grounding_penalty_0.01_new/fire/seed_42/

% Have 5,370 'raw' positive examples and kept 5,370.
% Have 382,145 'raw' negative examples and kept 382,145.

% processing backup's for action
%  POS EX = 5,370
%  NEG EX = 382,145

% Memory usage by WILLSetup (just counts # targets?):
%  |backupPosExamples| = 1
%  |backupNegExamples| = 1
%  |predicatesAsFacts| = 0
%  |addedToFactBase|   = 0
% Loaded 1820826 fact weights from: data/seaquest/all/fire/train/fact_weights.txt
% Distance weights enabled with 1820826 fact weights.
% Grounding penalty enabled: threshold=0.7 alpha=0.01 beta=0.0 strategy=min sampling=true size=10
% Grounding penalty configured: threshold=0.7 alpha=0.01 beta=0.0 strategy=min sampling=true size=10
rdn_models/seaquest/all/negpos_2_trees_1_depth_1_grounding_penalty_0.01_new/fire/seed_42/
Loading checkpoint model from rdn_models/seaquest/all/negpos_2_trees_1_depth_1_grounding_penalty_0.01_new/fire/seed_42/bRDNs/action.model.ckpt
%   loadModel (#0): rdn_models/seaquest/all/negpos_2_trees_1_depth_1_grounding_penalty_0.01_new/fire/seed_42/bRDNs/Trees/actionTree0.tree
%  Done loading 1 models.
Found 1 trees in checkpoint
File: data/seaquest/all/fire/train/advice.txt doesnt exist.Hence no advice loaded
% Saving model in: rdn_models/seaquest/all/negpos_2_trees_1_depth_1_grounding_penalty_0.01_new/fire/seed_42/bRDNs/action.model
cached groundings hit: 0
Misses: 0

% Total learning time (1 trees): 43.321 seconds.
✅ Completed training for fire (Seed: 42)
Training up (Seed: 42)...
args[0] = -l
args[1] = -train
args[3] = -target
args[5] = -trees
args[7] = -aucJarPath
args[9] = -negPosRatio
args[11] = -model
args[13] = -use-distance-weights
args[14] = -seed
args[16] = -debugScoring

% ========================================
% DEBUG SCORING MODE ENABLED
% ========================================

train
java.io.FileNotFoundException: train\train_bk.txt (No such file or directory)
	at java.io.FileInputStream.open0(Native Method)
	at java.io.FileInputStream.open(FileInputStream.java:195)
	at java.io.FileInputStream.<init>(FileInputStream.java:138)
	at java.io.FileInputStream.<init>(FileInputStream.java:93)
	at edu.wisc.cs.will.Utils.check_disc.checkflagvalues(check_disc.java:23)
	at edu.wisc.cs.will.Boosting.RDN.RunBoostedRDN.main(RunBoostedRDN.java:504)

% Starting a LEARNING run of bRDN.

% Calling SETUP.
% Running on host: xps-np

% Switching to VarIndicator = uppercase.

% Unset'ing VarIndicator.

Resetting the LazyGroundNthArgumentClauseIndex.

% Calling ILPouterLoop from createRegressionOuterLooper.

% getInputArgWithDefaultValue: args=[data/seaquest/all/up/train/train_pos.txt, data/seaquest/all/up/train/train_neg.txt, data/seaquest/all/up/train/train_bk.txt, data/seaquest/all/up/train/train_facts.txt]
%  for N=0: args[N]=data/seaquest/all/up/train/train_pos.txt

% getInputArgWithDefaultValue: args=[data/seaquest/all/up/train/train_pos.txt, data/seaquest/all/up/train/train_neg.txt, data/seaquest/all/up/train/train_bk.txt, data/seaquest/all/up/train/train_facts.txt]
%  for N=1: args[N]=data/seaquest/all/up/train/train_neg.txt

% getInputArgWithDefaultValue: args=[data/seaquest/all/up/train/train_pos.txt, data/seaquest/all/up/train/train_neg.txt, data/seaquest/all/up/train/train_bk.txt, data/seaquest/all/up/train/train_facts.txt]
%  for N=2: args[N]=data/seaquest/all/up/train/train_bk.txt

% getInputArgWithDefaultValue: args=[data/seaquest/all/up/train/train_pos.txt, data/seaquest/all/up/train/train_neg.txt, data/seaquest/all/up/train/train_bk.txt, data/seaquest/all/up/train/train_facts.txt]
%  for N=3: args[N]=data/seaquest/all/up/train/train_facts.txt

% Welcome to the WILL ILP/SRL systems.


% Switching to VarIndicator = uppercase.

% Unset'ing VarIndicator.
% Reading background theory from dir: null

% Switching to VarIndicator = uppercase.

***** Warning: % Since this is the first setting of the notation for variables, will keep:
%   variableIndicator = uppercase *****

% [ LazyGroundClauseIndex ]  Building full index for mode/1 with 1 assertions.
% LoadAllModes() called.  Currently loaded modes: []
% [ LazyGroundClauseIndex ]  Building full index for sameAs/2 with 2 assertions.
% [ LazyGroundNthArgumentClauseIndex ]  Argument 1:  Building full index for exp/3.
% [ LazyGroundNthArgumentClauseIndex ]  Argument 0:  Building full index for log/3.
% LoadAllLibraries() called.  Currently loaded libraries: [listsInLogic, differentInLogic, modes_arithmeticInLogic, inlines_comparisonInLogic, modes_listsInLogic, inlines_differentInLogic, modes_differentInLogic, arithmeticInLogic, inlines_listsInLogic, modes_comparisonInLogic, comparisonInLogic, inlines_arithmeticInLogic]

%  Read the facts.
%  Have read 1,820,826 facts.
% Have read 12,274 examples from 'data/seaquest/all/up/train' [data/seaquest/all/up/train/train*].
% Have read 347,625 examples from 'data/seaquest/all/up/train' [data/seaquest/all/up/train/train*].

%  LearnOneClause initialized.

% The outer looper has been created.

% Initializing the ILP inner looper.

% NEW target:                 action(D, E)
%  targetPred:                action/2
%  targetArgTypes:            signature = [const, const], types = [+state, #name]
%  targets:                   [action(D, E)]
%  targetPredicates:          [action/2]
%  targetArgSpecs:            [[D[+state], E[#name]]]
%  variablesInTargets:        [[D, E]]

% Started collecting constants

% Collecting the types of constants.

% Looking at the training examples to see if any types of new constants can be inferred.
% Time to collect constants: 12 seconds
% Time to collect examples: 0 seconds

% Read 12,274 pos examples and 347,625 neg examples.
% Time to init learnOneClause: 12 seconds
% Old dirrdn_models/seaquest/all/negpos_2_trees_1_depth_1_grounding_penalty_0.01_new/up/seed_42/

% Have 12,274 'raw' positive examples and kept 12,274.
% Have 347,625 'raw' negative examples and kept 347,625.

% processing backup's for action
%  POS EX = 12,274
%  NEG EX = 347,625

% Memory usage by WILLSetup (just counts # targets?):
%  |backupPosExamples| = 1
%  |backupNegExamples| = 1
%  |predicatesAsFacts| = 0
%  |addedToFactBase|   = 0
% Loaded 1820826 fact weights from: data/seaquest/all/up/train/fact_weights.txt
% Distance weights enabled with 1820826 fact weights.
% Grounding penalty enabled: threshold=0.7 alpha=0.01 beta=0.0 strategy=min sampling=true size=10
% Grounding penalty configured: threshold=0.7 alpha=0.01 beta=0.0 strategy=min sampling=true size=10
rdn_models/seaquest/all/negpos_2_trees_1_depth_1_grounding_penalty_0.01_new/up/seed_42/
File: data/seaquest/all/up/train/advice.txt doesnt exist.Hence no advice loaded
% Learning 1 trees in this iteration for action

% Learn model for: action
% Kept 12,274 of the 12,274 positive examples.
% Kept 24,550 of the 347,625 negative examples.
%      addToQueueOfTreeStructuredLearningTasks (level=0; score=1.797693135e+308)
%         ILP node to extend: null
%      Insert tree-structured search node (@ level = 0 and with score = 1.797693135e+308) into the LAST position (#1) in the search queue.
Variance:0.22221618718280103
Set score:0.0025
% Dataset size: 36,824
Computing probabilities
prob time:25 milliseconds
No hidden examples for : action
Time to build dataset: 78 milliseconds
%      addToQueueOfTreeStructuredLearningTasks (level=0; score=1.797693135e+308)
%         ILP node to extend: null
%      Insert tree-structured search node (@ level = 0 and with score = 1.797693135e+308) into the LAST position (#1) in the search queue.
Variance:0.22221618718299846
Set score:0.0025
% [AdviceProcessor]  Generated 0 clauses at relevance level STRONGLY_IRRELEVANT.

% Have these 10 positive seeds: 2941 5611 7183 13171 13198 14476 18388 21207 21662 25545
% [AdviceProcessor]  Generated 0 clauses at relevance level STRONGLY_IRRELEVANT.

% LearnOneClause Parameters:
%   Targets (1):
%    action(+state, #name)
%  Modes (74):
%    aboveofdiver(+state, +diver),
%    aboveofenemy(+state, +enemy),
%    aboveofmissile(+state, +missile),
%    aboveofsubmarine(+state, +submarine),
%    abovewater_surface(+state),
%    belowofdiver(+state, +diver),
%    belowofenemy(+state, +enemy),
%    belowofmissile(+state, +missile),
%    belowofsubmarine(+state, +submarine),
%    belowwater_surface(+state),
%    diversempty(+state),
%    diversnotfull(+state),
%    diversfull(+state),
%    enemyfacingleft(+state, +submarine),
%    enemyfacingright(+state, +submarine),
%    facingleft(+state),
%    facingright(+state),
%    leftofdiver(+state, +diver),
%    leftofenemy(+state, +enemy),
%    leftofmissile(+state, +missile),
%    leftofsubmarine(+state, +submarine),
%    nearbydiver(+state, +diver),
%    nearbyenemy(+state, +enemy),
%    nearbymissile(+state, +missile),
%    nearbysubmarine(+state, +submarine),
%    oxygenok(+state),
%    rightofdiver(+state, +diver),
%    rightofenemy(+state, +enemy),
%    rightofmissile(+state, +missile),
%    rightofsubmarine(+state, +submarine),
%    samelevelasdiver(+state, +diver),
%    samelevelasenemy(+state, +enemy),
%    samelevelasmissile(+state, +missile),
%    samelevelassubmarine(+state, +submarine),
%    visiblediver(+state, -diver),
%    visibleenemy(+state, -enemy),
%    visibleenemysubmarine(+state, -submarine),
%    visiblemissile(+state, -missile),
%    addList(+willList, #willNumber),
%    multiplyList(+willList, #willNumber),
%    abs(+willNumber, &willNumber),
%    minus(+willNumber, &willNumber),
%    minus(+willNumber, +willNumber, &willNumber),
%    plus(+willNumber, +willNumber, &willNumber),
%    mult(+willNumber, +willNumber, &willNumber),
%    div(+willNumber, +willNumber, &willNumber),
%    allNumbers(+willList),
%    positiveNumber(+willNumber),
%    negativeNumber(+willNumber),
%    in0toDot001(+willNumber),
%    in0toDot01(+willNumber),
%    in0toDot1(+willNumber),
%    in0to1(+willNumber),
%    in0to10(+willNumber),
%    in0to100(+willNumber),
%    in0to1000(+willNumber),
%    equalWithTolerance(+willNumber, +willNumber, &willNumber),
%    greaterOrEqualDifference(+willNumber, +willNumber, &willNumber),
%    smallerOrEqualDifference(+willNumber, +willNumber, &willNumber),
%    isaEqualTolerance(+willNumber),
%    lessThan(+willNumber, +willNumber),
%    greaterThan(+willNumber, +willNumber),
%    lessThanOrEqual(+willNumber, +willNumber),
%    greaterThanOrEqual(+willNumber, +willNumber),
%    inBetweenOO(+willNumber, +willNumber, +willNumber),
%    inBetweenCO(+willNumber, +willNumber, +willNumber),
%    inBetweenOC(+willNumber, +willNumber, +willNumber),
%    inBetweenCC(+willNumber, +willNumber, +willNumber),
%    memberOfList(+willAnything, +willList),
%    firstInList(+willList, &willAnything),
%    restOfList(+willList, &willList),
%    positionInList(+willAnything, +willList, &willNumber),
%    nthInList(+willNumber, +willList, &willAnything),
%    lengthOfList(+willList, &willNumber)

***** Warning: TODO: Should handle this case by altering the target in the 'must be constant' arguments.  Or maybe an '@' type was meant? *****


% target           = action(D, E)

==========================================================================================
CLAUSE EVALUATION
==========================================================================================

Clause: action(D, E)

Split: 36824 examples satisfy clause (TRUE), 0 do not (FALSE)

[TRUE BRANCH]
  Total examples: 36824 (12274 positive gradients, 24550 negative gradients)
  Showing first 10 example(s) with facts and gradient values:

    Example 1 [Gradient: 0.8581 (POS)]
      action(srz27409598635, up)

    Example 2 [Gradient: 0.8581 (POS)]
      action(srz24618679187, up)

    Example 3 [Gradient: 0.8581 (POS)]
      action(srz965949211741, up)

    Example 4 [Gradient: 0.8581 (POS)]
      action(srz96594922425, up)

    Example 5 [Gradient: 0.8581 (POS)]
      action(srz193068276, up)

    Example 6 [Gradient: 0.8581 (POS)]
      action(srz246186715298, up)

    Example 7 [Gradient: 0.8581 (POS)]
      action(srz99311012253, up)

    Example 8 [Gradient: 0.8581 (POS)]
      action(srz993110111732, up)

    Example 9 [Gradient: 0.8581 (POS)]
      action(srz193069751, up)

    Example 10 [Gradient: 0.8581 (POS)]
      action(srz4423044516, up)

    ... (36814 more examples not shown)

  Variance Calculation:
    Formula: sumOfOutputSquared - (sumOfOutputAndNumGrounding^2 / sumOfNumGroundingSquared)
           = 9532.802445999536 - (7050.476386118824^2 / 36824.0)
           = 9532.802445999536 - 1349.913569172799
    Weighted Variance = 8182.888876826737

[FALSE BRANCH]
  Total examples: 0 (0 positive gradients, 0 negative gradients)

  Weighted Variance = 0.0 (no examples)

==========================================================================================
SPLIT SCORE (Combined Variance)
==========================================================================================
  Formula: (trueVar + falseVar) / (trueWeight + falseWeight)
         = (8182.888876826737 + 0.0) / (36824.0 + 0.0)
         = 8182.888876826737 / 36824.0

  Combined Variance = 0.22221618718299851
  (Lower is better - algorithm seeks to MINIMIZE variance)
==========================================================================================

%     Score = -Infinity (regressionFit = Infinity, totalPenalty = 0.000002)
%       Penalty breakdown:
%         Length/Singleton = 0.000002
%         Grounding        = 0.000000
%       for clause: action(_, _).  [covers 36,824.0/36,824.0 pos, 0.0/0.0 neg]
% Most-general root: action(_, _).  [covers 36,824.0/36,824.0 pos, 0.0/0.0 neg]  score = -Infinity

% Consider expanding [#1 of outerLoop #1, bodyLen=0] 'action(_, _).  [covers 36,824.0/36,824.0 pos, 0.0/0.0 neg]' score=-Infinity
There is no fact nor clause nor built-in predicate matching: 'abovewater_surface/1'.
  Possibly a typo?  If not, add to the BK file:   okIfUnknown: abovewater_surface/1.

% Skipping over this 'waitHere': There is no fact nor clause nor built-in predicate matching: 'abovewater_surface/1'.
  Possibly a typo?  If not, add to the BK file:   okIfUnknown: abovewater_surface/1.
There is no fact nor clause nor built-in predicate matching: 'belowwater_surface/1'.
  Possibly a typo?  If not, add to the BK file:   okIfUnknown: belowwater_surface/1.

% Skipping over this 'waitHere': There is no fact nor clause nor built-in predicate matching: 'belowwater_surface/1'.
  Possibly a typo?  If not, add to the BK file:   okIfUnknown: belowwater_surface/1.
% [ LazyGroundClauseIndex ]  Building full index for diversempty/1 with 17,279 assertions.
% [ LazyGroundClauseIndex ]  Building full index for diversnotfull/1 with 55,369 assertions.
% [ LazyGroundClauseIndex ]  Building full index for diversfull/1 with 6,926 assertions.
% [ LazyGroundClauseIndex ]  Building full index for facingleft/1 with 38,753 assertions.
% [ LazyGroundClauseIndex ]  Building full index for facingright/1 with 40,821 assertions.
% [ LazyGroundClauseIndex ]  Building full index for oxygenok/1 with 79,574 assertions.
% [ LazyGroundNthArgumentClauseIndex ]  Argument 0:  Building full index for visiblediver/2.
% [ LazyGroundNthArgumentClauseIndex ]  Argument 0:  Building full index for visibleenemy/2.
% [ LazyGroundNthArgumentClauseIndex ]  Argument 0:  Building full index for visibleenemysubmarine/2.
% [ LazyGroundNthArgumentClauseIndex ]  Argument 0:  Building full index for visiblemissile/2.
%  At # nodes expanded = 1, |OPEN| = 0.  Pruned 0 variant children.  Sending 9 items to OPEN for evaluation and possible insertion.
% Have created 9 valid-on-seeds descendants and have picked up 3 bad extensions.

==========================================================================================
CLAUSE EVALUATION
==========================================================================================

Clause: (action(D, E) :- diversempty(D))

Split: 6749 examples satisfy clause (TRUE), 30075 do not (FALSE)

[TRUE BRANCH]
  Total examples: 6749 (1025 positive gradients, 5724 negative gradients)
  Showing first 10 example(s) with facts and gradient values:

    Example 1 [Gradient: 0.8581 (POS)]
      action(srz1930610207, up)

    Example 2 [Gradient: 0.8581 (POS)]
      action(srz99311017114, up)

    Example 3 [Gradient: 0.8581 (POS)]
      action(srz8029723597, up)

    Example 4 [Gradient: 0.8581 (POS)]
      action(srz44248273715, up)

    Example 5 [Gradient: 0.8581 (POS)]
      action(srz99311017494, up)

    Example 6 [Gradient: 0.8581 (POS)]
      action(srz44248273713, up)

    Example 7 [Gradient: 0.8581 (POS)]
      action(srz27409591579, up)

    Example 8 [Gradient: 0.8581 (POS)]
      action(srz193063440, up)

    Example 9 [Gradient: 0.8581 (POS)]
      action(srz99311017130, up)

    Example 10 [Gradient: 0.8581 (POS)]
      action(srz193065695, up)

    ... (6739 more examples not shown)

  Variance Calculation:
    Formula: sumOfOutputSquared - (sumOfOutputAndNumGrounding^2 / sumOfNumGroundingSquared)
           = 870.006836370034 - (67.64716298657368^2 / 6749.0)
           = 870.006836370034 - 0.678046919563204
    Weighted Variance = 869.3287894504707

[FALSE BRANCH]
  Total examples: 30075 (11249 positive gradients, 18826 negative gradients)
  Showing first 10 example(s) with facts and gradient values:

    Example 1 [Gradient: 0.8581 (POS)]
      action(srz27409598635, up)

    Example 2 [Gradient: 0.8581 (POS)]
      action(srz24618679187, up)

    Example 3 [Gradient: 0.8581 (POS)]
      action(srz965949211741, up)

    Example 4 [Gradient: 0.8581 (POS)]
      action(srz96594922425, up)

    Example 5 [Gradient: 0.8581 (POS)]
      action(srz193068276, up)

    Example 6 [Gradient: 0.8581 (POS)]
      action(srz246186715298, up)

    Example 7 [Gradient: 0.8581 (POS)]
      action(srz99311012253, up)

    Example 8 [Gradient: 0.8581 (POS)]
      action(srz993110111732, up)

    Example 9 [Gradient: 0.8581 (POS)]
      action(srz193069751, up)

    Example 10 [Gradient: 0.8581 (POS)]
      action(srz4423044516, up)

    ... (30065 more examples not shown)

  Variance Calculation:
    Formula: sumOfOutputSquared - (sumOfOutputAndNumGrounding^2 / sumOfNumGroundingSquared)
           = 8662.79560962659 - (6982.829223129182^2 / 30075.0)
           = 8662.79560962659 - 1621.2769396304868
    Weighted Variance = 7041.518669996103

==========================================================================================
SPLIT SCORE (Combined Variance)
==========================================================================================
  Formula: (trueVar + falseVar) / (trueWeight + falseWeight)
         = (869.3287894504707 + 7041.518669996103) / (6749.0 + 30075.0)
         = 7910.847459446574 / 36824.0

  Combined Variance = 0.21482857537058914
  (Lower is better - algorithm seeks to MINIMIZE variance)
==========================================================================================

%       === Grounding Penalty Calculation (Subsampled) ===
%         Pos Examples: valid=6749 checked=10 scale=674.90
%         Neg Examples: valid=0 checked=0 scale=0.00
%         High groundings: 6,749.0 (raw pos=10.0, raw neg=0.0)
%         Low groundings:  0.0 (raw pos=0.0, raw neg=0.0)
%         Scaled penalty = -67.490000
%     Score = -7,843.357471 (regressionFit = 7,910.847459, totalPenalty = -67.489989)
%       Penalty breakdown:
%         Length/Singleton = 0.000011
%         Grounding        = -67.490000
%       for clause: action(A, _) :- diversempty(A).  [covers 6,749.0/36,824.0 pos, 0.0/0.0 neg]
% Gleaner: New best node found (score = -7,843.357471): action(A, _) :- diversempty(A).  [covers 6,749.0/36,824.0 pos, 0.0/0.0 neg]

==========================================================================================
CLAUSE EVALUATION
==========================================================================================

Clause: (action(D, E) :- diversnotfull(D))

Split: 25816 examples satisfy clause (TRUE), 11008 do not (FALSE)

[TRUE BRANCH]
  Total examples: 25816 (9498 positive gradients, 16318 negative gradients)
  Showing first 10 example(s) with facts and gradient values:

    Example 1 [Gradient: 0.8581 (POS)]
      action(srz27409598635, up)

    Example 2 [Gradient: 0.8581 (POS)]
      action(srz965949211741, up)

    Example 3 [Gradient: 0.8581 (POS)]
      action(srz96594922425, up)

    Example 4 [Gradient: 0.8581 (POS)]
      action(srz193068276, up)

    Example 5 [Gradient: 0.8581 (POS)]
      action(srz246186715298, up)

    Example 6 [Gradient: 0.8581 (POS)]
      action(srz99311012253, up)

    Example 7 [Gradient: 0.8581 (POS)]
      action(srz993110111732, up)

    Example 8 [Gradient: 0.8581 (POS)]
      action(srz193069751, up)

    Example 9 [Gradient: 0.8581 (POS)]
      action(srz4423044516, up)

    Example 10 [Gradient: 0.8581 (POS)]
      action(srz965661714792, up)

    ... (25806 more examples not shown)

  Variance Calculation:
    Formula: sumOfOutputSquared - (sumOfOutputAndNumGrounding^2 / sumOfNumGroundingSquared)
           = 7322.859613763839 - (5835.972908538444^2 / 25816.0)
           = 7322.859613763839 - 1319.2818325532487
    Weighted Variance = 6003.57778121059

[FALSE BRANCH]
  Total examples: 11008 (2776 positive gradients, 8232 negative gradients)
  Showing first 10 example(s) with facts and gradient values:

    Example 1 [Gradient: 0.8581 (POS)]
      action(srz24618679187, up)

    Example 2 [Gradient: 0.8581 (POS)]
      action(srz4423044771, up)

    Example 3 [Gradient: 0.8581 (POS)]
      action(srz993110111115, up)

    Example 4 [Gradient: 0.8581 (POS)]
      action(srz24618679190, up)

    Example 5 [Gradient: 0.8581 (POS)]
      action(srz1930610207, up)

    Example 6 [Gradient: 0.8581 (POS)]
      action(srz193067556, up)

    Example 7 [Gradient: 0.8581 (POS)]
      action(srz44248276446, up)

    Example 8 [Gradient: 0.8581 (POS)]
      action(srz8029727331, up)

    Example 9 [Gradient: 0.8581 (POS)]
      action(srz193065703, up)

    Example 10 [Gradient: 0.8581 (POS)]
      action(srz99311017114, up)

    ... (10998 more examples not shown)

  Variance Calculation:
    Formula: sumOfOutputSquared - (sumOfOutputAndNumGrounding^2 / sumOfNumGroundingSquared)
           = 2209.942832217851 - (1214.5034775753743^2 / 11008.0)
           = 2209.942832217851 - 133.99515779820837
    Weighted Variance = 2075.9476744196427

==========================================================================================
SPLIT SCORE (Combined Variance)
==========================================================================================
  Formula: (trueVar + falseVar) / (trueWeight + falseWeight)
         = (6003.57778121059 + 2075.9476744196427) / (25816.0 + 11008.0)
         = 8079.5254556302325 / 36824.0

  Combined Variance = 0.2194092291883074
  (Lower is better - algorithm seeks to MINIMIZE variance)
==========================================================================================

%       === Grounding Penalty Calculation (Subsampled) ===
%         Pos Examples: valid=25816 checked=10 scale=2,581.60
%         Neg Examples: valid=0 checked=0 scale=0.00
%         High groundings: 25,816.0 (raw pos=10.0, raw neg=0.0)
%         Low groundings:  0.0 (raw pos=0.0, raw neg=0.0)
%         Scaled penalty = -258.160000
%     Score = -7,821.365467 (regressionFit = 8,079.525456, totalPenalty = -258.159989)
%       Penalty breakdown:
%         Length/Singleton = 0.000011
%         Grounding        = -258.160000
%       for clause: action(A, _) :- diversnotfull(A).  [covers 25,816.0/36,824.0 pos, 0.0/0.0 neg]
% Gleaner: New best node found (score = -7,821.365467): action(A, _) :- diversnotfull(A).  [covers 25,816.0/36,824.0 pos, 0.0/0.0 neg]

==========================================================================================
CLAUSE EVALUATION
==========================================================================================

Clause: (action(D, E) :- facingleft(D))

Split: 17368 examples satisfy clause (TRUE), 19456 do not (FALSE)

[TRUE BRANCH]
  Total examples: 17368 (5695 positive gradients, 11673 negative gradients)
  Showing first 10 example(s) with facts and gradient values:

    Example 1 [Gradient: 0.8581 (POS)]
      action(srz99311012253, up)

    Example 2 [Gradient: 0.8581 (POS)]
      action(srz993110111732, up)

    Example 3 [Gradient: 0.8581 (POS)]
      action(srz965949210266, up)

    Example 4 [Gradient: 0.8581 (POS)]
      action(srz4423044771, up)

    Example 5 [Gradient: 0.8581 (POS)]
      action(srz44248273820, up)

    Example 6 [Gradient: 0.8581 (POS)]
      action(srz965661711161, up)

    Example 7 [Gradient: 0.8581 (POS)]
      action(srz274095916391, up)

    Example 8 [Gradient: 0.8581 (POS)]
      action(srz193067042, up)

    Example 9 [Gradient: 0.8581 (POS)]
      action(srz246186712980, up)

    Example 10 [Gradient: 0.8581 (POS)]
      action(srz8029724781, up)

    ... (17358 more examples not shown)

  Variance Calculation:
    Formula: sumOfOutputSquared - (sumOfOutputAndNumGrounding^2 / sumOfNumGroundingSquared)
           = 4428.790483865596 - (3231.3307048111947^2 / 17368.0)
           = 4428.790483865596 - 601.1917390520274
    Weighted Variance = 3827.5987448135684

[FALSE BRANCH]
  Total examples: 19456 (6579 positive gradients, 12877 negative gradients)
  Showing first 10 example(s) with facts and gradient values:

    Example 1 [Gradient: 0.8581 (POS)]
      action(srz27409598635, up)

    Example 2 [Gradient: 0.8581 (POS)]
      action(srz24618679187, up)

    Example 3 [Gradient: 0.8581 (POS)]
      action(srz965949211741, up)

    Example 4 [Gradient: 0.8581 (POS)]
      action(srz96594922425, up)

    Example 5 [Gradient: 0.8581 (POS)]
      action(srz193068276, up)

    Example 6 [Gradient: 0.8581 (POS)]
      action(srz246186715298, up)

    Example 7 [Gradient: 0.8581 (POS)]
      action(srz193069751, up)

    Example 8 [Gradient: 0.8581 (POS)]
      action(srz4423044516, up)

    Example 9 [Gradient: 0.8581 (POS)]
      action(srz965661714792, up)

    Example 10 [Gradient: 0.8581 (POS)]
      action(srz965661714967, up)

    ... (19446 more examples not shown)

  Variance Calculation:
    Formula: sumOfOutputSquared - (sumOfOutputAndNumGrounding^2 / sumOfNumGroundingSquared)
           = 5104.011962113658 - (3819.1456813017994^2 / 19456.0)
           = 5104.011962113658 - 749.6851220706304
    Weighted Variance = 4354.326840043028

==========================================================================================
SPLIT SCORE (Combined Variance)
==========================================================================================
  Formula: (trueVar + falseVar) / (trueWeight + falseWeight)
         = (3827.5987448135684 + 4354.326840043028) / (17368.0 + 19456.0)
         = 8181.925584856596 / 36824.0

  Combined Variance = 0.22219002783121325
  (Lower is better - algorithm seeks to MINIMIZE variance)
==========================================================================================

%       === Grounding Penalty Calculation (Subsampled) ===
%         Pos Examples: valid=17368 checked=10 scale=1,736.80
%         Neg Examples: valid=0 checked=0 scale=0.00
%         High groundings: 17,368.0 (raw pos=10.0, raw neg=0.0)
%         Low groundings:  0.0 (raw pos=0.0, raw neg=0.0)
%         Scaled penalty = -173.680000
%     Score = -8,008.245596 (regressionFit = 8,181.925585, totalPenalty = -173.679989)
%       Penalty breakdown:
%         Length/Singleton = 0.000011
%         Grounding        = -173.680000
%       for clause: action(A, _) :- facingleft(A).  [covers 17,368.0/36,824.0 pos, 0.0/0.0 neg]

==========================================================================================
CLAUSE EVALUATION
==========================================================================================

Clause: (action(D, E) :- facingright(D))

Split: 18688 examples satisfy clause (TRUE), 18136 do not (FALSE)

[TRUE BRANCH]
  Total examples: 18688 (6555 positive gradients, 12133 negative gradients)
  Showing first 10 example(s) with facts and gradient values:

    Example 1 [Gradient: 0.8581 (POS)]
      action(srz27409598635, up)

    Example 2 [Gradient: 0.8581 (POS)]
      action(srz24618679187, up)

    Example 3 [Gradient: 0.8581 (POS)]
      action(srz965949211741, up)

    Example 4 [Gradient: 0.8581 (POS)]
      action(srz96594922425, up)

    Example 5 [Gradient: 0.8581 (POS)]
      action(srz193068276, up)

    Example 6 [Gradient: 0.8581 (POS)]
      action(srz246186715298, up)

    Example 7 [Gradient: 0.8581 (POS)]
      action(srz193069751, up)

    Example 8 [Gradient: 0.8581 (POS)]
      action(srz4423044516, up)

    Example 9 [Gradient: 0.8581 (POS)]
      action(srz965661714792, up)

    Example 10 [Gradient: 0.8581 (POS)]
      action(srz965661714967, up)

    ... (18678 more examples not shown)

  Variance Calculation:
    Formula: sumOfOutputSquared - (sumOfOutputAndNumGrounding^2 / sumOfNumGroundingSquared)
           = 5071.367328726028 - (3904.087299145301^2 / 18688.0)
           = 5071.367328726028 - 815.5981185438598
    Weighted Variance = 4255.7692101821685

[FALSE BRANCH]
  Total examples: 18136 (5719 positive gradients, 12417 negative gradients)
  Showing first 10 example(s) with facts and gradient values:

    Example 1 [Gradient: 0.8581 (POS)]
      action(srz99311012253, up)

    Example 2 [Gradient: 0.8581 (POS)]
      action(srz993110111732, up)

    Example 3 [Gradient: 0.8581 (POS)]
      action(srz965949210266, up)

    Example 4 [Gradient: 0.8581 (POS)]
      action(srz4423044771, up)

    Example 5 [Gradient: 0.8581 (POS)]
      action(srz44248273820, up)

    Example 6 [Gradient: 0.8581 (POS)]
      action(srz965661711161, up)

    Example 7 [Gradient: 0.8581 (POS)]
      action(srz274095916391, up)

    Example 8 [Gradient: 0.8581 (POS)]
      action(srz193067042, up)

    Example 9 [Gradient: 0.8581 (POS)]
      action(srz246186712980, up)

    Example 10 [Gradient: 0.8581 (POS)]
      action(srz8029724781, up)

    ... (18126 more examples not shown)

  Variance Calculation:
    Formula: sumOfOutputSquared - (sumOfOutputAndNumGrounding^2 / sumOfNumGroundingSquared)
           = 4461.435117253226 - (3146.389086967693^2 / 18136.0)
           = 4461.435117253226 - 545.8626095384534
    Weighted Variance = 3915.5725077147727

==========================================================================================
SPLIT SCORE (Combined Variance)
==========================================================================================
  Formula: (trueVar + falseVar) / (trueWeight + falseWeight)
         = (4255.7692101821685 + 3915.5725077147727) / (18688.0 + 18136.0)
         = 8171.341717896941 / 36824.0

  Combined Variance = 0.22190261019707097
  (Lower is better - algorithm seeks to MINIMIZE variance)
==========================================================================================

%       === Grounding Penalty Calculation (Subsampled) ===
%         Pos Examples: valid=18688 checked=10 scale=1,868.80
%         Neg Examples: valid=0 checked=0 scale=0.00
%         High groundings: 18,688.0 (raw pos=10.0, raw neg=0.0)
%         Low groundings:  0.0 (raw pos=0.0, raw neg=0.0)
%         Scaled penalty = -186.880000
%     Score = -7,984.461729 (regressionFit = 8,171.341718, totalPenalty = -186.879989)
%       Penalty breakdown:
%         Length/Singleton = 0.000011
%         Grounding        = -186.880000
%       for clause: action(A, _) :- facingright(A).  [covers 18,688.0/36,824.0 pos, 0.0/0.0 neg]

==========================================================================================
CLAUSE EVALUATION
==========================================================================================

Clause: (action(D, E) :- oxygenok(D))

Split: 36056 examples satisfy clause (TRUE), 768 do not (FALSE)

[TRUE BRANCH]
  Total examples: 36056 (12250 positive gradients, 23806 negative gradients)
  Showing first 10 example(s) with facts and gradient values:

    Example 1 [Gradient: 0.8581 (POS)]
      action(srz27409598635, up)

    Example 2 [Gradient: 0.8581 (POS)]
      action(srz24618679187, up)

    Example 3 [Gradient: 0.8581 (POS)]
      action(srz965949211741, up)

    Example 4 [Gradient: 0.8581 (POS)]
      action(srz96594922425, up)

    Example 5 [Gradient: 0.8581 (POS)]
      action(srz193068276, up)

    Example 6 [Gradient: 0.8581 (POS)]
      action(srz246186715298, up)

    Example 7 [Gradient: 0.8581 (POS)]
      action(srz99311012253, up)

    Example 8 [Gradient: 0.8581 (POS)]
      action(srz993110111732, up)

    Example 9 [Gradient: 0.8581 (POS)]
      action(srz193069751, up)

    Example 10 [Gradient: 0.8581 (POS)]
      action(srz4423044516, up)

    ... (36046 more examples not shown)

  Variance Calculation:
    Formula: sumOfOutputSquared - (sumOfOutputAndNumGrounding^2 / sumOfNumGroundingSquared)
           = 9500.157812611229 - (7135.418003962053^2 / 36056.0)
           = 9500.157812611229 - 1412.086479123192
    Weighted Variance = 8088.0713334880365

[FALSE BRANCH]
  Total examples: 768 (24 positive gradients, 744 negative gradients)
  Showing first 10 example(s) with facts and gradient values:

    Example 1 [Gradient: 0.8581 (POS)]
      action(srz246186717091, up)

    Example 2 [Gradient: 0.8581 (POS)]
      action(srz246186717093, up)

    Example 3 [Gradient: 0.8581 (POS)]
      action(srz246186717090, up)

    Example 4 [Gradient: 0.8581 (POS)]
      action(srz965949212682, up)

    Example 5 [Gradient: 0.8581 (POS)]
      action(srz99311015919, up)

    Example 6 [Gradient: 0.8581 (POS)]
      action(srz8029728768, up)

    Example 7 [Gradient: 0.8581 (POS)]
      action(srz99311015918, up)

    Example 8 [Gradient: 0.8581 (POS)]
      action(srz965949212684, up)

    Example 9 [Gradient: 0.8581 (POS)]
      action(srz96594926936, up)

    Example 10 [Gradient: 0.8581 (POS)]
      action(srz246186717096, up)

    ... (758 more examples not shown)

  Variance Calculation:
    Formula: sumOfOutputSquared - (sumOfOutputAndNumGrounding^2 / sumOfNumGroundingSquared)
           = 32.64463338787049 - (-84.94161784357513^2 / 768.0)
           = 32.64463338787049 - 9.39463338786974
    Weighted Variance = 23.250000000000753

==========================================================================================
SPLIT SCORE (Combined Variance)
==========================================================================================
  Formula: (trueVar + falseVar) / (trueWeight + falseWeight)
         = (8088.0713334880365 + 23.250000000000753) / (36056.0 + 768.0)
         = 8111.321333488037 / 36824.0

  Combined Variance = 0.22027268448533666
  (Lower is better - algorithm seeks to MINIMIZE variance)
==========================================================================================

%       === Grounding Penalty Calculation (Subsampled) ===
%         Pos Examples: valid=36056 checked=10 scale=3,605.60
%         Neg Examples: valid=0 checked=0 scale=0.00
%         High groundings: 36,056.0 (raw pos=10.0, raw neg=0.0)
%         Low groundings:  0.0 (raw pos=0.0, raw neg=0.0)
%         Scaled penalty = -360.560000
%     Score = -7,750.761345 (regressionFit = 8,111.321333, totalPenalty = -360.559989)
%       Penalty breakdown:
%         Length/Singleton = 0.000011
%         Grounding        = -360.560000
%       for clause: action(A, _) :- oxygenok(A).  [covers 36,056.0/36,824.0 pos, 0.0/0.0 neg]

==========================================================================================
CLAUSE EVALUATION
==========================================================================================

Clause: (action(D, E) :- visiblediver(D, Anon1097))

Split: 21513 examples satisfy clause (TRUE), 15311 do not (FALSE)

[TRUE BRANCH]
  Total examples: 21513 (7642 positive gradients, 13871 negative gradients)
  Showing first 10 example(s) with facts and gradient values:

    Example 1 [Gradient: 0.8581 (POS)]
      action(srz27409598635, up)

    Example 2 [Gradient: 0.8581 (POS)]
      action(srz965949211741, up)

    Example 3 [Gradient: 0.8581 (POS)]
      action(srz193068276, up)

    Example 4 [Gradient: 0.8581 (POS)]
      action(srz246186715298, up)

    Example 5 [Gradient: 0.8581 (POS)]
      action(srz99311012253, up)

    Example 6 [Gradient: 0.8581 (POS)]
      action(srz193069751, up)

    Example 7 [Gradient: 0.8581 (POS)]
      action(srz4423044516, up)

    Example 8 [Gradient: 0.8581 (POS)]
      action(srz965949210266, up)

    Example 9 [Gradient: 0.8581 (POS)]
      action(srz965661714967, up)

    Example 10 [Gradient: 0.8581 (POS)]
      action(srz4423044771, up)

    ... (21503 more examples not shown)

  Variance Calculation:
    Formula: sumOfOutputSquared - (sumOfOutputAndNumGrounding^2 / sumOfNumGroundingSquared)
           = 5906.826985664338 - (4590.3580408033085^2 / 21513.0)
           = 5906.826985664338 - 979.4722699190066
    Weighted Variance = 4927.354715745331

[FALSE BRANCH]
  Total examples: 15311 (4632 positive gradients, 10679 negative gradients)
  Showing first 10 example(s) with facts and gradient values:

    Example 1 [Gradient: 0.8581 (POS)]
      action(srz24618679187, up)

    Example 2 [Gradient: 0.8581 (POS)]
      action(srz96594922425, up)

    Example 3 [Gradient: 0.8581 (POS)]
      action(srz993110111732, up)

    Example 4 [Gradient: 0.8581 (POS)]
      action(srz965661714792, up)

    Example 5 [Gradient: 0.8581 (POS)]
      action(srz19306778, up)

    Example 6 [Gradient: 0.8581 (POS)]
      action(srz27409594624, up)

    Example 7 [Gradient: 0.8581 (POS)]
      action(srz274095916997, up)

    Example 8 [Gradient: 0.8581 (POS)]
      action(srz1930610987, up)

    Example 9 [Gradient: 0.8581 (POS)]
      action(srz8029729421, up)

    Example 10 [Gradient: 0.8581 (POS)]
      action(srz274095916391, up)

    ... (15301 more examples not shown)

  Variance Calculation:
    Formula: sumOfOutputSquared - (sumOfOutputAndNumGrounding^2 / sumOfNumGroundingSquared)
           = 3625.9754603193487 - (2460.118345308553^2 / 15311.0)
           = 3625.9754603193487 - 395.2832782263532
    Weighted Variance = 3230.6921820929956

==========================================================================================
SPLIT SCORE (Combined Variance)
==========================================================================================
  Formula: (trueVar + falseVar) / (trueWeight + falseWeight)
         = (4927.354715745331 + 3230.6921820929956) / (21513.0 + 15311.0)
         = 8158.046897838327 / 36824.0

  Combined Variance = 0.22154157337166866
  (Lower is better - algorithm seeks to MINIMIZE variance)
==========================================================================================

%       === Grounding Penalty Calculation (Subsampled) ===
%         Pos Examples: valid=21513 checked=10 scale=2,151.30
%         Neg Examples: valid=0 checked=0 scale=0.00
%         High groundings: 8,605.2 (raw pos=4.0, raw neg=0.0)
%         Low groundings:  8,605.2 (raw pos=4.0, raw neg=0.0)
%         Scaled penalty = -86.052000
%     Score = -8,071.994910 (regressionFit = 8,158.046898, totalPenalty = -86.051988)
%       Penalty breakdown:
%         Length/Singleton = 0.000012
%         Grounding        = -86.052000
%       for clause: action(A, _) :- visiblediver(A, _).  [covers 21,513.0/36,824.0 pos, 0.0/0.0 neg]

==========================================================================================
CLAUSE EVALUATION
==========================================================================================

Clause: (action(D, E) :- visibleenemy(D, Anon1099))

Split: 26681 examples satisfy clause (TRUE), 10143 do not (FALSE)

[TRUE BRANCH]
  Total examples: 26681 (10307 positive gradients, 16374 negative gradients)
  Showing first 10 example(s) with facts and gradient values:

    Example 1 [Gradient: 0.8581 (POS)]
      action(srz27409598635, up)

    Example 2 [Gradient: 0.8581 (POS)]
      action(srz24618679187, up)

    Example 3 [Gradient: 0.8581 (POS)]
      action(srz965949211741, up)

    Example 4 [Gradient: 0.8581 (POS)]
      action(srz96594922425, up)

    Example 5 [Gradient: 0.8581 (POS)]
      action(srz193068276, up)

    Example 6 [Gradient: 0.8581 (POS)]
      action(srz246186715298, up)

    Example 7 [Gradient: 0.8581 (POS)]
      action(srz99311012253, up)

    Example 8 [Gradient: 0.8581 (POS)]
      action(srz993110111732, up)

    Example 9 [Gradient: 0.8581 (POS)]
      action(srz193069751, up)

    Example 10 [Gradient: 0.8581 (POS)]
      action(srz965661714792, up)

    ... (26671 more examples not shown)

  Variance Calculation:
    Formula: sumOfOutputSquared - (sumOfOutputAndNumGrounding^2 / sumOfNumGroundingSquared)
           = 7919.749882545165 - (6522.271737399911^2 / 26681.0)
           = 7919.749882545165 - 1594.3940862968275
    Weighted Variance = 6325.355796248337

[FALSE BRANCH]
  Total examples: 10143 (1967 positive gradients, 8176 negative gradients)
  Showing first 10 example(s) with facts and gradient values:

    Example 1 [Gradient: 0.8581 (POS)]
      action(srz4423044516, up)

    Example 2 [Gradient: 0.8581 (POS)]
      action(srz965661714967, up)

    Example 3 [Gradient: 0.8581 (POS)]
      action(srz8029729421, up)

    Example 4 [Gradient: 0.8581 (POS)]
      action(srz24618678076, up)

    Example 5 [Gradient: 0.8581 (POS)]
      action(srz99311019868, up)

    Example 6 [Gradient: 0.8581 (POS)]
      action(srz1930610207, up)

    Example 7 [Gradient: 0.8581 (POS)]
      action(srz8029727331, up)

    Example 8 [Gradient: 0.8581 (POS)]
      action(srz96566174131, up)

    Example 9 [Gradient: 0.8581 (POS)]
      action(srz99311017114, up)

    Example 10 [Gradient: 0.8581 (POS)]
      action(srz96566174134, up)

    ... (10133 more examples not shown)

  Variance Calculation:
    Formula: sumOfOutputSquared - (sumOfOutputAndNumGrounding^2 / sumOfNumGroundingSquared)
           = 1613.0525634344983 - (528.2046487143007^2 / 10143.0)
           = 1613.0525634344983 - 27.506669715409426
    Weighted Variance = 1585.545893719089

==========================================================================================
SPLIT SCORE (Combined Variance)
==========================================================================================
  Formula: (trueVar + falseVar) / (trueWeight + falseWeight)
         = (6325.355796248337 + 1585.545893719089) / (26681.0 + 10143.0)
         = 7910.901689967426 / 36824.0

  Combined Variance = 0.2148300480655938
  (Lower is better - algorithm seeks to MINIMIZE variance)
==========================================================================================

%       === Grounding Penalty Calculation (Subsampled) ===
%         Pos Examples: valid=26681 checked=10 scale=2,668.10
%         Neg Examples: valid=0 checked=0 scale=0.00
%         High groundings: 2,668.1 (raw pos=1.0, raw neg=0.0)
%         Low groundings:  5,336.2 (raw pos=2.0, raw neg=0.0)
%         Scaled penalty = -26.681000
%     Score = -7,884.220702 (regressionFit = 7,910.901690, totalPenalty = -26.680988)
%       Penalty breakdown:
%         Length/Singleton = 0.000012
%         Grounding        = -26.681000
%       for clause: action(A, _) :- visibleenemy(A, _).  [covers 26,681.0/36,824.0 pos, 0.0/0.0 neg]

==========================================================================================
CLAUSE EVALUATION
==========================================================================================

Clause: (action(D, E) :- visibleenemysubmarine(D, Anon1101))

Split: 27320 examples satisfy clause (TRUE), 9504 do not (FALSE)

[TRUE BRANCH]
  Total examples: 27320 (9960 positive gradients, 17360 negative gradients)
  Showing first 10 example(s) with facts and gradient values:

    Example 1 [Gradient: 0.8581 (POS)]
      action(srz27409598635, up)

    Example 2 [Gradient: 0.8581 (POS)]
      action(srz24618679187, up)

    Example 3 [Gradient: 0.8581 (POS)]
      action(srz965949211741, up)

    Example 4 [Gradient: 0.8581 (POS)]
      action(srz96594922425, up)

    Example 5 [Gradient: 0.8581 (POS)]
      action(srz193068276, up)

    Example 6 [Gradient: 0.8581 (POS)]
      action(srz246186715298, up)

    Example 7 [Gradient: 0.8581 (POS)]
      action(srz99311012253, up)

    Example 8 [Gradient: 0.8581 (POS)]
      action(srz993110111732, up)

    Example 9 [Gradient: 0.8581 (POS)]
      action(srz193069751, up)

    Example 10 [Gradient: 0.8581 (POS)]
      action(srz4423044516, up)

    ... (27310 more examples not shown)

  Variance Calculation:
    Formula: sumOfOutputSquared - (sumOfOutputAndNumGrounding^2 / sumOfNumGroundingSquared)
           = 7684.052303613872 - (6084.628906928787^2 / 27320.0)
           = 7684.052303613872 - 1355.1504002574452
    Weighted Variance = 6328.901903356427

[FALSE BRANCH]
  Total examples: 9504 (2314 positive gradients, 7190 negative gradients)
  Showing first 10 example(s) with facts and gradient values:

    Example 1 [Gradient: 0.8581 (POS)]
      action(srz965661714792, up)

    Example 2 [Gradient: 0.8581 (POS)]
      action(srz8029728294, up)

    Example 3 [Gradient: 0.8581 (POS)]
      action(srz993110111115, up)

    Example 4 [Gradient: 0.8581 (POS)]
      action(srz44230446213, up)

    Example 5 [Gradient: 0.8581 (POS)]
      action(srz1930610784, up)

    Example 6 [Gradient: 0.8581 (POS)]
      action(srz274095910561, up)

    Example 7 [Gradient: 0.8581 (POS)]
      action(srz27409593250, up)

    Example 8 [Gradient: 0.8581 (POS)]
      action(srz246186715543, up)

    Example 9 [Gradient: 0.8581 (POS)]
      action(srz27409595121, up)

    Example 10 [Gradient: 0.8581 (POS)]
      action(srz19306978, up)

    ... (9494 more examples not shown)

  Variance Calculation:
    Formula: sumOfOutputSquared - (sumOfOutputAndNumGrounding^2 / sumOfNumGroundingSquared)
           = 1848.7501423656458 - (965.8474791857157^2 / 9504.0)
           = 1848.7501423656458 - 98.15460364577035
    Weighted Variance = 1750.5955387198755

==========================================================================================
SPLIT SCORE (Combined Variance)
==========================================================================================
  Formula: (trueVar + falseVar) / (trueWeight + falseWeight)
         = (6328.901903356427 + 1750.5955387198755) / (27320.0 + 9504.0)
         = 8079.497442076303 / 36824.0

  Combined Variance = 0.2194084684465648
  (Lower is better - algorithm seeks to MINIMIZE variance)
==========================================================================================

%       === Grounding Penalty Calculation (Subsampled) ===
%         Pos Examples: valid=27320 checked=10 scale=2,732.00
%         Neg Examples: valid=0 checked=0 scale=0.00
%         High groundings: 2,732.0 (raw pos=1.0, raw neg=0.0)
%         Low groundings:  16,392.0 (raw pos=6.0, raw neg=0.0)
%         Scaled penalty = -27.320000
%     Score = -8,052.177454 (regressionFit = 8,079.497442, totalPenalty = -27.319988)
%       Penalty breakdown:
%         Length/Singleton = 0.000012
%         Grounding        = -27.320000
%       for clause: action(A, _) :- visibleenemysubmarine(A, _).  [covers 27,320.0/36,824.0 pos, 0.0/0.0 neg]

==========================================================================================
CLAUSE EVALUATION
==========================================================================================

Clause: (action(D, E) :- visiblemissile(D, Anon1103))

Split: 11070 examples satisfy clause (TRUE), 25754 do not (FALSE)

[TRUE BRANCH]
  Total examples: 11070 (4306 positive gradients, 6764 negative gradients)
  Showing first 10 example(s) with facts and gradient values:

    Example 1 [Gradient: 0.8581 (POS)]
      action(srz27409598635, up)

    Example 2 [Gradient: 0.8581 (POS)]
      action(srz193068276, up)

    Example 3 [Gradient: 0.8581 (POS)]
      action(srz246186715298, up)

    Example 4 [Gradient: 0.8581 (POS)]
      action(srz99311012253, up)

    Example 5 [Gradient: 0.8581 (POS)]
      action(srz4423044516, up)

    Example 6 [Gradient: 0.8581 (POS)]
      action(srz965949210266, up)

    Example 7 [Gradient: 0.8581 (POS)]
      action(srz965661714967, up)

    Example 8 [Gradient: 0.8581 (POS)]
      action(srz965661711161, up)

    Example 9 [Gradient: 0.8581 (POS)]
      action(srz193067042, up)

    Example 10 [Gradient: 0.8581 (POS)]
      action(srz8029724781, up)

    ... (11060 more examples not shown)

  Variance Calculation:
    Formula: sumOfOutputSquared - (sumOfOutputAndNumGrounding^2 / sumOfNumGroundingSquared)
           = 3307.126120548423 - (2735.7087115515437^2 / 11070.0)
           = 3307.126120548423 - 676.0706553260169
    Weighted Variance = 2631.055465222406

[FALSE BRANCH]
  Total examples: 25754 (7968 positive gradients, 17786 negative gradients)
  Showing first 10 example(s) with facts and gradient values:

    Example 1 [Gradient: 0.8581 (POS)]
      action(srz24618679187, up)

    Example 2 [Gradient: 0.8581 (POS)]
      action(srz965949211741, up)

    Example 3 [Gradient: 0.8581 (POS)]
      action(srz96594922425, up)

    Example 4 [Gradient: 0.8581 (POS)]
      action(srz993110111732, up)

    Example 5 [Gradient: 0.8581 (POS)]
      action(srz193069751, up)

    Example 6 [Gradient: 0.8581 (POS)]
      action(srz965661714792, up)

    Example 7 [Gradient: 0.8581 (POS)]
      action(srz19306778, up)

    Example 8 [Gradient: 0.8581 (POS)]
      action(srz27409594624, up)

    Example 9 [Gradient: 0.8581 (POS)]
      action(srz4423044771, up)

    Example 10 [Gradient: 0.8581 (POS)]
      action(srz274095916997, up)

    ... (25744 more examples not shown)

  Variance Calculation:
    Formula: sumOfOutputSquared - (sumOfOutputAndNumGrounding^2 / sumOfNumGroundingSquared)
           = 6225.6763254333355 - (4314.767674562247^2 / 25754.0)
           = 6225.6763254333355 - 722.8865452142306
    Weighted Variance = 5502.789780219105

==========================================================================================
SPLIT SCORE (Combined Variance)
==========================================================================================
  Formula: (trueVar + falseVar) / (trueWeight + falseWeight)
         = (2631.055465222406 + 5502.789780219105) / (11070.0 + 25754.0)
         = 8133.845245441511 / 36824.0

  Combined Variance = 0.22088434839891133
  (Lower is better - algorithm seeks to MINIMIZE variance)
==========================================================================================

%       === Grounding Penalty Calculation (Subsampled) ===
%         Pos Examples: valid=11070 checked=10 scale=1,107.00
%         Neg Examples: valid=0 checked=0 scale=0.00
%         High groundings: 7,749.0 (raw pos=7.0, raw neg=0.0)
%         Low groundings:  0.0 (raw pos=0.0, raw neg=0.0)
%         Scaled penalty = -77.490000
%     Score = -8,056.355258 (regressionFit = 8,133.845245, totalPenalty = -77.489988)
%       Penalty breakdown:
%         Length/Singleton = 0.000012
%         Grounding        = -77.490000
%       for clause: action(A, _) :- visiblemissile(A, _).  [covers 11,070.0/36,824.0 pos, 0.0/0.0 neg]

% Consider expanding [#2 of outerLoop #1, bodyLen=1] 'action(A, _) :- oxygenok(A).  [covers 36,056.0/36,824.0 pos, 0.0/0.0 neg]' score=-7750.761344688038
%  At # nodes expanded = 2, |OPEN| = 8.  Pruned 0 variant children.  Sending 8 items to OPEN for evaluation and possible insertion.
% Have created 8 valid-on-seeds descendants and have picked up 3 bad extensions.

==========================================================================================
CLAUSE EVALUATION
==========================================================================================

Clause: (action(D, E) :- oxygenok(D), diversempty(D))

Split: 6749 examples satisfy clause (TRUE), 30075 do not (FALSE)

[TRUE BRANCH]
  Total examples: 6749 (1025 positive gradients, 5724 negative gradients)
  Showing first 10 example(s) with facts and gradient values:

    Example 1 [Gradient: 0.8581 (POS)]
      action(srz1930610207, up)

    Example 2 [Gradient: 0.8581 (POS)]
      action(srz99311017114, up)

    Example 3 [Gradient: 0.8581 (POS)]
      action(srz8029723597, up)

    Example 4 [Gradient: 0.8581 (POS)]
      action(srz44248273715, up)

    Example 5 [Gradient: 0.8581 (POS)]
      action(srz99311017494, up)

    Example 6 [Gradient: 0.8581 (POS)]
      action(srz44248273713, up)

    Example 7 [Gradient: 0.8581 (POS)]
      action(srz27409591579, up)

    Example 8 [Gradient: 0.8581 (POS)]
      action(srz193063440, up)

    Example 9 [Gradient: 0.8581 (POS)]
      action(srz99311017130, up)

    Example 10 [Gradient: 0.8581 (POS)]
      action(srz193065695, up)

    ... (6739 more examples not shown)

  Variance Calculation:
    Formula: sumOfOutputSquared - (sumOfOutputAndNumGrounding^2 / sumOfNumGroundingSquared)
           = 870.006836370034 - (67.64716298657368^2 / 6749.0)
           = 870.006836370034 - 0.678046919563204
    Weighted Variance = 869.3287894504707

[FALSE BRANCH]
  Total examples: 30075 (11249 positive gradients, 18826 negative gradients)
  Showing first 10 example(s) with facts and gradient values:

    Example 1 [Gradient: 0.8581 (POS)]
      action(srz27409598635, up)

    Example 2 [Gradient: 0.8581 (POS)]
      action(srz24618679187, up)

    Example 3 [Gradient: 0.8581 (POS)]
      action(srz965949211741, up)

    Example 4 [Gradient: 0.8581 (POS)]
      action(srz96594922425, up)

    Example 5 [Gradient: 0.8581 (POS)]
      action(srz193068276, up)

    Example 6 [Gradient: 0.8581 (POS)]
      action(srz246186715298, up)

    Example 7 [Gradient: 0.8581 (POS)]
      action(srz99311012253, up)

    Example 8 [Gradient: 0.8581 (POS)]
      action(srz993110111732, up)

    Example 9 [Gradient: 0.8581 (POS)]
      action(srz193069751, up)

    Example 10 [Gradient: 0.8581 (POS)]
      action(srz4423044516, up)

    ... (30065 more examples not shown)

  Variance Calculation:
    Formula: sumOfOutputSquared - (sumOfOutputAndNumGrounding^2 / sumOfNumGroundingSquared)
           = 8662.795609626153 - (6982.829223128836^2 / 30075.0)
           = 8662.795609626153 - 1621.2769396303263
    Weighted Variance = 7041.518669995827

==========================================================================================
SPLIT SCORE (Combined Variance)
==========================================================================================
  Formula: (trueVar + falseVar) / (trueWeight + falseWeight)
         = (869.3287894504707 + 7041.518669995827) / (6749.0 + 30075.0)
         = 7910.847459446298 / 36824.0

  Combined Variance = 0.21482857537058161
  (Lower is better - algorithm seeks to MINIMIZE variance)
==========================================================================================

%       === Grounding Penalty Calculation (Subsampled) ===
%         Pos Examples: valid=6749 checked=10 scale=674.90
%         Neg Examples: valid=0 checked=0 scale=0.00
%         High groundings: 6,749.0 (raw pos=10.0, raw neg=0.0)
%         Low groundings:  0.0 (raw pos=0.0, raw neg=0.0)
%         Scaled penalty = -67.490000
%     Score = -7,843.357481 (regressionFit = 7,910.847459, totalPenalty = -67.489979)
%       Penalty breakdown:
%         Length/Singleton = 0.000021
%         Grounding        = -67.490000
%       for clause: action(A, _) :- oxygenok(A), diversempty(A).  [covers 6,749.0/36,824.0 pos, 0.0/0.0 neg]

==========================================================================================
CLAUSE EVALUATION
==========================================================================================

Clause: (action(D, E) :- oxygenok(D), diversnotfull(D))

Split: 25816 examples satisfy clause (TRUE), 11008 do not (FALSE)

[TRUE BRANCH]
  Total examples: 25816 (9498 positive gradients, 16318 negative gradients)
  Showing first 10 example(s) with facts and gradient values:

    Example 1 [Gradient: 0.8581 (POS)]
      action(srz27409598635, up)

    Example 2 [Gradient: 0.8581 (POS)]
      action(srz965949211741, up)

    Example 3 [Gradient: 0.8581 (POS)]
      action(srz96594922425, up)

    Example 4 [Gradient: 0.8581 (POS)]
      action(srz193068276, up)

    Example 5 [Gradient: 0.8581 (POS)]
      action(srz246186715298, up)

    Example 6 [Gradient: 0.8581 (POS)]
      action(srz99311012253, up)

    Example 7 [Gradient: 0.8581 (POS)]
      action(srz993110111732, up)

    Example 8 [Gradient: 0.8581 (POS)]
      action(srz193069751, up)

    Example 9 [Gradient: 0.8581 (POS)]
      action(srz4423044516, up)

    Example 10 [Gradient: 0.8581 (POS)]
      action(srz965661714792, up)

    ... (25806 more examples not shown)

  Variance Calculation:
    Formula: sumOfOutputSquared - (sumOfOutputAndNumGrounding^2 / sumOfNumGroundingSquared)
           = 7322.859613763839 - (5835.972908538444^2 / 25816.0)
           = 7322.859613763839 - 1319.2818325532487
    Weighted Variance = 6003.57778121059

[FALSE BRANCH]
  Total examples: 11008 (2776 positive gradients, 8232 negative gradients)
  Showing first 10 example(s) with facts and gradient values:

    Example 1 [Gradient: 0.8581 (POS)]
      action(srz24618679187, up)

    Example 2 [Gradient: 0.8581 (POS)]
      action(srz4423044771, up)

    Example 3 [Gradient: 0.8581 (POS)]
      action(srz993110111115, up)

    Example 4 [Gradient: 0.8581 (POS)]
      action(srz24618679190, up)

    Example 5 [Gradient: 0.8581 (POS)]
      action(srz1930610207, up)

    Example 6 [Gradient: 0.8581 (POS)]
      action(srz193067556, up)

    Example 7 [Gradient: 0.8581 (POS)]
      action(srz44248276446, up)

    Example 8 [Gradient: 0.8581 (POS)]
      action(srz8029727331, up)

    Example 9 [Gradient: 0.8581 (POS)]
      action(srz193065703, up)

    Example 10 [Gradient: 0.8581 (POS)]
      action(srz99311017114, up)

    ... (10998 more examples not shown)

  Variance Calculation:
    Formula: sumOfOutputSquared - (sumOfOutputAndNumGrounding^2 / sumOfNumGroundingSquared)
           = 2209.9428322175477 - (1214.5034775753777^2 / 11008.0)
           = 2209.9428322175477 - 133.9951577982091
    Weighted Variance = 2075.9476744193385

==========================================================================================
SPLIT SCORE (Combined Variance)
==========================================================================================
  Formula: (trueVar + falseVar) / (trueWeight + falseWeight)
         = (6003.57778121059 + 2075.9476744193385) / (25816.0 + 11008.0)
         = 8079.525455629928 / 36824.0

  Combined Variance = 0.21940922918829914
  (Lower is better - algorithm seeks to MINIMIZE variance)
==========================================================================================

%       === Grounding Penalty Calculation (Subsampled) ===
%         Pos Examples: valid=25816 checked=10 scale=2,581.60
%         Neg Examples: valid=0 checked=0 scale=0.00
%         High groundings: 25,816.0 (raw pos=10.0, raw neg=0.0)
%         Low groundings:  0.0 (raw pos=0.0, raw neg=0.0)
%         Scaled penalty = -258.160000
%     Score = -7,821.365477 (regressionFit = 8,079.525456, totalPenalty = -258.159979)
%       Penalty breakdown:
%         Length/Singleton = 0.000021
%         Grounding        = -258.160000
%       for clause: action(A, _) :- oxygenok(A), diversnotfull(A).  [covers 25,816.0/36,824.0 pos, 0.0/0.0 neg]

==========================================================================================
CLAUSE EVALUATION
==========================================================================================

Clause: (action(D, E) :- oxygenok(D), facingleft(D))

Split: 17368 examples satisfy clause (TRUE), 19456 do not (FALSE)

[TRUE BRANCH]
  Total examples: 17368 (5695 positive gradients, 11673 negative gradients)
  Showing first 10 example(s) with facts and gradient values:

    Example 1 [Gradient: 0.8581 (POS)]
      action(srz99311012253, up)

    Example 2 [Gradient: 0.8581 (POS)]
      action(srz993110111732, up)

    Example 3 [Gradient: 0.8581 (POS)]
      action(srz965949210266, up)

    Example 4 [Gradient: 0.8581 (POS)]
      action(srz4423044771, up)

    Example 5 [Gradient: 0.8581 (POS)]
      action(srz44248273820, up)

    Example 6 [Gradient: 0.8581 (POS)]
      action(srz965661711161, up)

    Example 7 [Gradient: 0.8581 (POS)]
      action(srz274095916391, up)

    Example 8 [Gradient: 0.8581 (POS)]
      action(srz193067042, up)

    Example 9 [Gradient: 0.8581 (POS)]
      action(srz246186712980, up)

    Example 10 [Gradient: 0.8581 (POS)]
      action(srz8029724781, up)

    ... (17358 more examples not shown)

  Variance Calculation:
    Formula: sumOfOutputSquared - (sumOfOutputAndNumGrounding^2 / sumOfNumGroundingSquared)
           = 4428.790483865596 - (3231.3307048111947^2 / 17368.0)
           = 4428.790483865596 - 601.1917390520274
    Weighted Variance = 3827.5987448135684

[FALSE BRANCH]
  Total examples: 19456 (6579 positive gradients, 12877 negative gradients)
  Showing first 10 example(s) with facts and gradient values:

    Example 1 [Gradient: 0.8581 (POS)]
      action(srz27409598635, up)

    Example 2 [Gradient: 0.8581 (POS)]
      action(srz24618679187, up)

    Example 3 [Gradient: 0.8581 (POS)]
      action(srz965949211741, up)

    Example 4 [Gradient: 0.8581 (POS)]
      action(srz96594922425, up)

    Example 5 [Gradient: 0.8581 (POS)]
      action(srz193068276, up)

    Example 6 [Gradient: 0.8581 (POS)]
      action(srz246186715298, up)

    Example 7 [Gradient: 0.8581 (POS)]
      action(srz193069751, up)

    Example 8 [Gradient: 0.8581 (POS)]
      action(srz4423044516, up)

    Example 9 [Gradient: 0.8581 (POS)]
      action(srz965661714792, up)

    Example 10 [Gradient: 0.8581 (POS)]
      action(srz965661714967, up)

    ... (19446 more examples not shown)

  Variance Calculation:
    Formula: sumOfOutputSquared - (sumOfOutputAndNumGrounding^2 / sumOfNumGroundingSquared)
           = 5104.011962113898 - (3819.145681301726^2 / 19456.0)
           = 5104.011962113898 - 749.6851220706017
    Weighted Variance = 4354.326840043297

==========================================================================================
SPLIT SCORE (Combined Variance)
==========================================================================================
  Formula: (trueVar + falseVar) / (trueWeight + falseWeight)
         = (3827.5987448135684 + 4354.326840043297) / (17368.0 + 19456.0)
         = 8181.9255848568655 / 36824.0

  Combined Variance = 0.22219002783122055
  (Lower is better - algorithm seeks to MINIMIZE variance)
==========================================================================================

%       === Grounding Penalty Calculation (Subsampled) ===
%         Pos Examples: valid=17368 checked=10 scale=1,736.80
%         Neg Examples: valid=0 checked=0 scale=0.00
%         High groundings: 17,368.0 (raw pos=10.0, raw neg=0.0)
%         Low groundings:  0.0 (raw pos=0.0, raw neg=0.0)
%         Scaled penalty = -173.680000
%     Score = -8,008.245606 (regressionFit = 8,181.925585, totalPenalty = -173.679979)
%       Penalty breakdown:
%         Length/Singleton = 0.000021
%         Grounding        = -173.680000
%       for clause: action(A, _) :- oxygenok(A), facingleft(A).  [covers 17,368.0/36,824.0 pos, 0.0/0.0 neg]

==========================================================================================
CLAUSE EVALUATION
==========================================================================================

Clause: (action(D, E) :- oxygenok(D), facingright(D))

Split: 18688 examples satisfy clause (TRUE), 18136 do not (FALSE)

[TRUE BRANCH]
  Total examples: 18688 (6555 positive gradients, 12133 negative gradients)
  Showing first 10 example(s) with facts and gradient values:

    Example 1 [Gradient: 0.8581 (POS)]
      action(srz27409598635, up)

    Example 2 [Gradient: 0.8581 (POS)]
      action(srz24618679187, up)

    Example 3 [Gradient: 0.8581 (POS)]
      action(srz965949211741, up)

    Example 4 [Gradient: 0.8581 (POS)]
      action(srz96594922425, up)

    Example 5 [Gradient: 0.8581 (POS)]
      action(srz193068276, up)

    Example 6 [Gradient: 0.8581 (POS)]
      action(srz246186715298, up)

    Example 7 [Gradient: 0.8581 (POS)]
      action(srz193069751, up)

    Example 8 [Gradient: 0.8581 (POS)]
      action(srz4423044516, up)

    Example 9 [Gradient: 0.8581 (POS)]
      action(srz965661714792, up)

    Example 10 [Gradient: 0.8581 (POS)]
      action(srz965661714967, up)

    ... (18678 more examples not shown)

  Variance Calculation:
    Formula: sumOfOutputSquared - (sumOfOutputAndNumGrounding^2 / sumOfNumGroundingSquared)
           = 5071.367328726028 - (3904.087299145301^2 / 18688.0)
           = 5071.367328726028 - 815.5981185438598
    Weighted Variance = 4255.7692101821685

[FALSE BRANCH]
  Total examples: 18136 (5719 positive gradients, 12417 negative gradients)
  Showing first 10 example(s) with facts and gradient values:

    Example 1 [Gradient: 0.8581 (POS)]
      action(srz99311012253, up)

    Example 2 [Gradient: 0.8581 (POS)]
      action(srz993110111732, up)

    Example 3 [Gradient: 0.8581 (POS)]
      action(srz965949210266, up)

    Example 4 [Gradient: 0.8581 (POS)]
      action(srz4423044771, up)

    Example 5 [Gradient: 0.8581 (POS)]
      action(srz44248273820, up)

    Example 6 [Gradient: 0.8581 (POS)]
      action(srz965661711161, up)

    Example 7 [Gradient: 0.8581 (POS)]
      action(srz274095916391, up)

    Example 8 [Gradient: 0.8581 (POS)]
      action(srz193067042, up)

    Example 9 [Gradient: 0.8581 (POS)]
      action(srz246186712980, up)

    Example 10 [Gradient: 0.8581 (POS)]
      action(srz8029724781, up)

    ... (18126 more examples not shown)

  Variance Calculation:
    Formula: sumOfOutputSquared - (sumOfOutputAndNumGrounding^2 / sumOfNumGroundingSquared)
           = 4461.435117253466 - (3146.3890869676197^2 / 18136.0)
           = 4461.435117253466 - 545.862609538428
    Weighted Variance = 3915.5725077150382

==========================================================================================
SPLIT SCORE (Combined Variance)
==========================================================================================
  Formula: (trueVar + falseVar) / (trueWeight + falseWeight)
         = (4255.7692101821685 + 3915.5725077150382) / (18688.0 + 18136.0)
         = 8171.341717897207 / 36824.0

  Combined Variance = 0.2219026101970782
  (Lower is better - algorithm seeks to MINIMIZE variance)
==========================================================================================

%       === Grounding Penalty Calculation (Subsampled) ===
%         Pos Examples: valid=18688 checked=10 scale=1,868.80
%         Neg Examples: valid=0 checked=0 scale=0.00
%         High groundings: 18,688.0 (raw pos=10.0, raw neg=0.0)
%         Low groundings:  0.0 (raw pos=0.0, raw neg=0.0)
%         Scaled penalty = -186.880000
%     Score = -7,984.461739 (regressionFit = 8,171.341718, totalPenalty = -186.879979)
%       Penalty breakdown:
%         Length/Singleton = 0.000021
%         Grounding        = -186.880000
%       for clause: action(A, _) :- oxygenok(A), facingright(A).  [covers 18,688.0/36,824.0 pos, 0.0/0.0 neg]

==========================================================================================
CLAUSE EVALUATION
==========================================================================================

Clause: (action(D, E) :- oxygenok(D), visiblediver(D, Anon1205))

Split: 21040 examples satisfy clause (TRUE), 15784 do not (FALSE)

[TRUE BRANCH]
  Total examples: 21040 (7628 positive gradients, 13412 negative gradients)
  Showing first 10 example(s) with facts and gradient values:

    Example 1 [Gradient: 0.8581 (POS)]
      action(srz27409598635, up)

    Example 2 [Gradient: 0.8581 (POS)]
      action(srz965949211741, up)

    Example 3 [Gradient: 0.8581 (POS)]
      action(srz193068276, up)

    Example 4 [Gradient: 0.8581 (POS)]
      action(srz246186715298, up)

    Example 5 [Gradient: 0.8581 (POS)]
      action(srz99311012253, up)

    Example 6 [Gradient: 0.8581 (POS)]
      action(srz193069751, up)

    Example 7 [Gradient: 0.8581 (POS)]
      action(srz4423044516, up)

    Example 8 [Gradient: 0.8581 (POS)]
      action(srz965949210266, up)

    Example 9 [Gradient: 0.8581 (POS)]
      action(srz965661714967, up)

    Example 10 [Gradient: 0.8581 (POS)]
      action(srz4423044771, up)

    ... (21030 more examples not shown)

  Variance Calculation:
    Formula: sumOfOutputSquared - (sumOfOutputAndNumGrounding^2 / sumOfNumGroundingSquared)
           = 5887.28123973956 - (4643.453594501027^2 / 21040.0)
           = 5887.28123973956 - 1024.7937872758796
    Weighted Variance = 4862.487452463681

[FALSE BRANCH]
  Total examples: 15784 (4646 positive gradients, 11138 negative gradients)
  Showing first 10 example(s) with facts and gradient values:

    Example 1 [Gradient: 0.8581 (POS)]
      action(srz24618679187, up)

    Example 2 [Gradient: 0.8581 (POS)]
      action(srz96594922425, up)

    Example 3 [Gradient: 0.8581 (POS)]
      action(srz993110111732, up)

    Example 4 [Gradient: 0.8581 (POS)]
      action(srz965661714792, up)

    Example 5 [Gradient: 0.8581 (POS)]
      action(srz19306778, up)

    Example 6 [Gradient: 0.8581 (POS)]
      action(srz27409594624, up)

    Example 7 [Gradient: 0.8581 (POS)]
      action(srz274095916997, up)

    Example 8 [Gradient: 0.8581 (POS)]
      action(srz1930610987, up)

    Example 9 [Gradient: 0.8581 (POS)]
      action(srz8029729421, up)

    Example 10 [Gradient: 0.8581 (POS)]
      action(srz274095916391, up)

    ... (15774 more examples not shown)

  Variance Calculation:
    Formula: sumOfOutputSquared - (sumOfOutputAndNumGrounding^2 / sumOfNumGroundingSquared)
           = 3645.521206244233 - (2407.0227916106237^2 / 15784.0)
           = 3645.521206244233 - 367.06530152895334
    Weighted Variance = 3278.4559047152798

==========================================================================================
SPLIT SCORE (Combined Variance)
==========================================================================================
  Formula: (trueVar + falseVar) / (trueWeight + falseWeight)
         = (4862.487452463681 + 3278.4559047152798) / (21040.0 + 15784.0)
         = 8140.9433571789605 / 36824.0

  Combined Variance = 0.22107710615845536
  (Lower is better - algorithm seeks to MINIMIZE variance)
==========================================================================================

%       === Grounding Penalty Calculation (Subsampled) ===
%         Pos Examples: valid=21040 checked=10 scale=2,104.00
%         Neg Examples: valid=0 checked=0 scale=0.00
%         High groundings: 8,416.0 (raw pos=4.0, raw neg=0.0)
%         Low groundings:  4,208.0 (raw pos=2.0, raw neg=0.0)
%         Scaled penalty = -84.160000
%     Score = -8,056.783379 (regressionFit = 8,140.943357, totalPenalty = -84.159978)
%       Penalty breakdown:
%         Length/Singleton = 0.000022
%         Grounding        = -84.160000
%       for clause: action(A, _) :- oxygenok(A), visiblediver(A, _).  [covers 21,040.0/36,824.0 pos, 0.0/0.0 neg]

==========================================================================================
CLAUSE EVALUATION
==========================================================================================

Clause: (action(D, E) :- oxygenok(D), visibleenemy(D, Anon1207))

Split: 26031 examples satisfy clause (TRUE), 10793 do not (FALSE)

[TRUE BRANCH]
  Total examples: 26031 (10289 positive gradients, 15742 negative gradients)
  Showing first 10 example(s) with facts and gradient values:

    Example 1 [Gradient: 0.8581 (POS)]
      action(srz27409598635, up)

    Example 2 [Gradient: 0.8581 (POS)]
      action(srz24618679187, up)

    Example 3 [Gradient: 0.8581 (POS)]
      action(srz965949211741, up)

    Example 4 [Gradient: 0.8581 (POS)]
      action(srz96594922425, up)

    Example 5 [Gradient: 0.8581 (POS)]
      action(srz193068276, up)

    Example 6 [Gradient: 0.8581 (POS)]
      action(srz246186715298, up)

    Example 7 [Gradient: 0.8581 (POS)]
      action(srz99311012253, up)

    Example 8 [Gradient: 0.8581 (POS)]
      action(srz993110111732, up)

    Example 9 [Gradient: 0.8581 (POS)]
      action(srz193069751, up)

    Example 10 [Gradient: 0.8581 (POS)]
      action(srz965661714792, up)

    ... (26021 more examples not shown)

  Variance Calculation:
    Formula: sumOfOutputSquared - (sumOfOutputAndNumGrounding^2 / sumOfNumGroundingSquared)
           = 7893.7773998830735 - (6596.474929584936^2 / 26031.0)
           = 7893.7773998830735 - 1671.6023778050244
    Weighted Variance = 6222.175022078049

[FALSE BRANCH]
  Total examples: 10793 (1985 positive gradients, 8808 negative gradients)
  Showing first 10 example(s) with facts and gradient values:

    Example 1 [Gradient: 0.8581 (POS)]
      action(srz4423044516, up)

    Example 2 [Gradient: 0.8581 (POS)]
      action(srz965661714967, up)

    Example 3 [Gradient: 0.8581 (POS)]
      action(srz8029729421, up)

    Example 4 [Gradient: 0.8581 (POS)]
      action(srz24618678076, up)

    Example 5 [Gradient: 0.8581 (POS)]
      action(srz99311019868, up)

    Example 6 [Gradient: 0.8581 (POS)]
      action(srz1930610207, up)

    Example 7 [Gradient: 0.8581 (POS)]
      action(srz8029727331, up)

    Example 8 [Gradient: 0.8581 (POS)]
      action(srz96566174131, up)

    Example 9 [Gradient: 0.8581 (POS)]
      action(srz99311017114, up)

    Example 10 [Gradient: 0.8581 (POS)]
      action(srz96566174134, up)

    ... (10783 more examples not shown)

  Variance Calculation:
    Formula: sumOfOutputSquared - (sumOfOutputAndNumGrounding^2 / sumOfNumGroundingSquared)
           = 1639.0250460968032 - (454.0014565289837^2 / 10793.0)
           = 1639.0250460968032 - 19.09731516079298
    Weighted Variance = 1619.9277309360102

==========================================================================================
SPLIT SCORE (Combined Variance)
==========================================================================================
  Formula: (trueVar + falseVar) / (trueWeight + falseWeight)
         = (6222.175022078049 + 1619.9277309360102) / (26031.0 + 10793.0)
         = 7842.102753014059 / 36824.0

  Combined Variance = 0.2129617302035102
  (Lower is better - algorithm seeks to MINIMIZE variance)
==========================================================================================

%       === Grounding Penalty Calculation (Subsampled) ===
%         Pos Examples: valid=26031 checked=10 scale=2,603.10
%         Neg Examples: valid=0 checked=0 scale=0.00
%         High groundings: 0.0 (raw pos=0.0, raw neg=0.0)
%         Low groundings:  5,206.2 (raw pos=2.0, raw neg=0.0)
%         Scaled penalty = 0.000000
%     Score = -7,842.102775 (regressionFit = 7,842.102753, totalPenalty = 0.000022)
%       Penalty breakdown:
%         Length/Singleton = 0.000022
%         Grounding        = 0.000000
%       for clause: action(A, _) :- oxygenok(A), visibleenemy(A, _).  [covers 26,031.0/36,824.0 pos, 0.0/0.0 neg]

==========================================================================================
CLAUSE EVALUATION
==========================================================================================

Clause: (action(D, E) :- oxygenok(D), visibleenemysubmarine(D, Anon1209))

Split: 26918 examples satisfy clause (TRUE), 9906 do not (FALSE)

[TRUE BRANCH]
  Total examples: 26918 (9945 positive gradients, 16973 negative gradients)
  Showing first 10 example(s) with facts and gradient values:

    Example 1 [Gradient: 0.8581 (POS)]
      action(srz27409598635, up)

    Example 2 [Gradient: 0.8581 (POS)]
      action(srz24618679187, up)

    Example 3 [Gradient: 0.8581 (POS)]
      action(srz965949211741, up)

    Example 4 [Gradient: 0.8581 (POS)]
      action(srz96594922425, up)

    Example 5 [Gradient: 0.8581 (POS)]
      action(srz193068276, up)

    Example 6 [Gradient: 0.8581 (POS)]
      action(srz246186715298, up)

    Example 7 [Gradient: 0.8581 (POS)]
      action(srz99311012253, up)

    Example 8 [Gradient: 0.8581 (POS)]
      action(srz993110111732, up)

    Example 9 [Gradient: 0.8581 (POS)]
      action(srz193069751, up)

    Example 10 [Gradient: 0.8581 (POS)]
      action(srz4423044516, up)

    ... (26908 more examples not shown)

  Variance Calculation:
    Formula: sumOfOutputSquared - (sumOfOutputAndNumGrounding^2 / sumOfNumGroundingSquared)
           = 7665.218902266424 - (6126.653035018602^2 / 26918.0)
           = 7665.218902266424 - 1394.452686362384
    Weighted Variance = 6270.76621590404

[FALSE BRANCH]
  Total examples: 9906 (2329 positive gradients, 7577 negative gradients)
  Showing first 10 example(s) with facts and gradient values:

    Example 1 [Gradient: 0.8581 (POS)]
      action(srz965661714792, up)

    Example 2 [Gradient: 0.8581 (POS)]
      action(srz8029728294, up)

    Example 3 [Gradient: 0.8581 (POS)]
      action(srz993110111115, up)

    Example 4 [Gradient: 0.8581 (POS)]
      action(srz44230446213, up)

    Example 5 [Gradient: 0.8581 (POS)]
      action(srz1930610784, up)

    Example 6 [Gradient: 0.8581 (POS)]
      action(srz274095910561, up)

    Example 7 [Gradient: 0.8581 (POS)]
      action(srz27409593250, up)

    Example 8 [Gradient: 0.8581 (POS)]
      action(srz246186715543, up)

    Example 9 [Gradient: 0.8581 (POS)]
      action(srz27409595121, up)

    Example 10 [Gradient: 0.8581 (POS)]
      action(srz19306978, up)

    ... (9896 more examples not shown)

  Variance Calculation:
    Formula: sumOfOutputSquared - (sumOfOutputAndNumGrounding^2 / sumOfNumGroundingSquared)
           = 1867.5835437132507 - (923.8233510957209^2 / 9906.0)
           = 1867.5835437132507 - 86.15481365129493
    Weighted Variance = 1781.4287300619558

==========================================================================================
SPLIT SCORE (Combined Variance)
==========================================================================================
  Formula: (trueVar + falseVar) / (trueWeight + falseWeight)
         = (6270.76621590404 + 1781.4287300619558) / (26918.0 + 9906.0)
         = 8052.194945965995 / 36824.0

  Combined Variance = 0.21866703633407547
  (Lower is better - algorithm seeks to MINIMIZE variance)
==========================================================================================

%       === Grounding Penalty Calculation (Subsampled) ===
%         Pos Examples: valid=26918 checked=10 scale=2,691.80
%         Neg Examples: valid=0 checked=0 scale=0.00
%         High groundings: 5,383.6 (raw pos=2.0, raw neg=0.0)
%         Low groundings:  16,150.8 (raw pos=6.0, raw neg=0.0)
%         Scaled penalty = -53.836000
%     Score = -7,998.358968 (regressionFit = 8,052.194946, totalPenalty = -53.835978)
%       Penalty breakdown:
%         Length/Singleton = 0.000022
%         Grounding        = -53.836000
%       for clause: action(A, _) :- oxygenok(A), visibleenemysubmarine(A, _).  [covers 26,918.0/36,824.0 pos, 0.0/0.0 neg]

==========================================================================================
CLAUSE EVALUATION
==========================================================================================

Clause: (action(D, E) :- oxygenok(D), visiblemissile(D, Anon1211))

Split: 10835 examples satisfy clause (TRUE), 25989 do not (FALSE)

[TRUE BRANCH]
  Total examples: 10835 (4300 positive gradients, 6535 negative gradients)
  Showing first 10 example(s) with facts and gradient values:

    Example 1 [Gradient: 0.8581 (POS)]
      action(srz27409598635, up)

    Example 2 [Gradient: 0.8581 (POS)]
      action(srz193068276, up)

    Example 3 [Gradient: 0.8581 (POS)]
      action(srz246186715298, up)

    Example 4 [Gradient: 0.8581 (POS)]
      action(srz99311012253, up)

    Example 5 [Gradient: 0.8581 (POS)]
      action(srz4423044516, up)

    Example 6 [Gradient: 0.8581 (POS)]
      action(srz965949210266, up)

    Example 7 [Gradient: 0.8581 (POS)]
      action(srz965661714967, up)

    Example 8 [Gradient: 0.8581 (POS)]
      action(srz965661711161, up)

    Example 9 [Gradient: 0.8581 (POS)]
      action(srz193067042, up)

    Example 10 [Gradient: 0.8581 (POS)]
      action(srz8029724781, up)

    ... (10825 more examples not shown)

  Variance Calculation:
    Formula: sumOfOutputSquared - (sumOfOutputAndNumGrounding^2 / sumOfNumGroundingSquared)
           = 3298.0997280430456 - (2763.0437118031596^2 / 10835.0)
           = 3298.0997280430456 - 704.6064193202567
    Weighted Variance = 2593.493308722789

[FALSE BRANCH]
  Total examples: 25989 (7974 positive gradients, 18015 negative gradients)
  Showing first 10 example(s) with facts and gradient values:

    Example 1 [Gradient: 0.8581 (POS)]
      action(srz24618679187, up)

    Example 2 [Gradient: 0.8581 (POS)]
      action(srz965949211741, up)

    Example 3 [Gradient: 0.8581 (POS)]
      action(srz96594922425, up)

    Example 4 [Gradient: 0.8581 (POS)]
      action(srz993110111732, up)

    Example 5 [Gradient: 0.8581 (POS)]
      action(srz193069751, up)

    Example 6 [Gradient: 0.8581 (POS)]
      action(srz965661714792, up)

    Example 7 [Gradient: 0.8581 (POS)]
      action(srz19306778, up)

    Example 8 [Gradient: 0.8581 (POS)]
      action(srz27409594624, up)

    Example 9 [Gradient: 0.8581 (POS)]
      action(srz4423044771, up)

    Example 10 [Gradient: 0.8581 (POS)]
      action(srz274095916997, up)

    ... (25979 more examples not shown)

  Variance Calculation:
    Formula: sumOfOutputSquared - (sumOfOutputAndNumGrounding^2 / sumOfNumGroundingSquared)
           = 6234.702717938846 - (4287.432674310392^2 / 25989.0)
           = 6234.702717938846 - 707.302279300641
    Weighted Variance = 5527.400438638205

==========================================================================================
SPLIT SCORE (Combined Variance)
==========================================================================================
  Formula: (trueVar + falseVar) / (trueWeight + falseWeight)
         = (2593.493308722789 + 5527.400438638205) / (10835.0 + 25989.0)
         = 8120.893747360994 / 36824.0

  Combined Variance = 0.22053263489466093
  (Lower is better - algorithm seeks to MINIMIZE variance)
==========================================================================================

%       === Grounding Penalty Calculation (Subsampled) ===
%         Pos Examples: valid=10835 checked=10 scale=1,083.50
%         Neg Examples: valid=0 checked=0 scale=0.00
%         High groundings: 7,584.5 (raw pos=7.0, raw neg=0.0)
%         Low groundings:  0.0 (raw pos=0.0, raw neg=0.0)
%         Scaled penalty = -75.845000
%     Score = -8,045.048770 (regressionFit = 8,120.893747, totalPenalty = -75.844978)
%       Penalty breakdown:
%         Length/Singleton = 0.000022
%         Grounding        = -75.845000
%       for clause: action(A, _) :- oxygenok(A), visiblemissile(A, _).  [covers 10,835.0/36,824.0 pos, 0.0/0.0 neg]

% Consider expanding [#3 of outerLoop #1, bodyLen=1] 'action(A, _) :- diversnotfull(A).  [covers 25,816.0/36,824.0 pos, 0.0/0.0 neg]' score=-7821.365466830232
%  At # nodes expanded = 3, |OPEN| = 7.  Pruned 0 variant children.  Sending 7 items to OPEN for evaluation and possible insertion.
% Have created 7 valid-on-seeds descendants and have picked up 4 bad extensions.

==========================================================================================
CLAUSE EVALUATION
==========================================================================================

Clause: (action(D, E) :- diversnotfull(D), facingleft(D))

Split: 12447 examples satisfy clause (TRUE), 24377 do not (FALSE)

[TRUE BRANCH]
  Total examples: 12447 (4645 positive gradients, 7802 negative gradients)
  Showing first 10 example(s) with facts and gradient values:

    Example 1 [Gradient: 0.8581 (POS)]
      action(srz99311012253, up)

    Example 2 [Gradient: 0.8581 (POS)]
      action(srz993110111732, up)

    Example 3 [Gradient: 0.8581 (POS)]
      action(srz965949210266, up)

    Example 4 [Gradient: 0.8581 (POS)]
      action(srz44248273820, up)

    Example 5 [Gradient: 0.8581 (POS)]
      action(srz965661711161, up)

    Example 6 [Gradient: 0.8581 (POS)]
      action(srz274095916391, up)

    Example 7 [Gradient: 0.8581 (POS)]
      action(srz193067042, up)

    Example 8 [Gradient: 0.8581 (POS)]
      action(srz246186712980, up)

    Example 9 [Gradient: 0.8581 (POS)]
      action(srz8029724781, up)

    Example 10 [Gradient: 0.8581 (POS)]
      action(srz8029728294, up)

    ... (12437 more examples not shown)

  Variance Calculation:
    Formula: sumOfOutputSquared - (sumOfOutputAndNumGrounding^2 / sumOfNumGroundingSquared)
           = 3577.658713338741 - (2879.379795183565^2 / 12447.0)
           = 3577.658713338741 - 666.0904639600986
    Weighted Variance = 2911.5682493786426

[FALSE BRANCH]
  Total examples: 24377 (7629 positive gradients, 16748 negative gradients)
  Showing first 10 example(s) with facts and gradient values:

    Example 1 [Gradient: 0.8581 (POS)]
      action(srz27409598635, up)

    Example 2 [Gradient: 0.8581 (POS)]
      action(srz965949211741, up)

    Example 3 [Gradient: 0.8581 (POS)]
      action(srz96594922425, up)

    Example 4 [Gradient: 0.8581 (POS)]
      action(srz193068276, up)

    Example 5 [Gradient: 0.8581 (POS)]
      action(srz246186715298, up)

    Example 6 [Gradient: 0.8581 (POS)]
      action(srz193069751, up)

    Example 7 [Gradient: 0.8581 (POS)]
      action(srz4423044516, up)

    Example 8 [Gradient: 0.8581 (POS)]
      action(srz965661714792, up)

    Example 9 [Gradient: 0.8581 (POS)]
      action(srz965661714967, up)

    Example 10 [Gradient: 0.8581 (POS)]
      action(srz19306778, up)

    ... (24367 more examples not shown)

  Variance Calculation:
    Formula: sumOfOutputSquared - (sumOfOutputAndNumGrounding^2 / sumOfNumGroundingSquared)
           = 5955.143732651676 - (4171.096590920941^2 / 24377.0)
           = 5955.143732651676 - 713.7074607536733
    Weighted Variance = 5241.436271898003

==========================================================================================
SPLIT SCORE (Combined Variance)
==========================================================================================
  Formula: (trueVar + falseVar) / (trueWeight + falseWeight)
         = (2911.5682493786426 + 5241.436271898003) / (12447.0 + 24377.0)
         = 8153.004521276645 / 36824.0

  Combined Variance = 0.22140464157279616
  (Lower is better - algorithm seeks to MINIMIZE variance)
==========================================================================================

%       === Grounding Penalty Calculation (Subsampled) ===
%         Pos Examples: valid=12447 checked=10 scale=1,244.70
%         Neg Examples: valid=0 checked=0 scale=0.00
%         High groundings: 12,447.0 (raw pos=10.0, raw neg=0.0)
%         Low groundings:  0.0 (raw pos=0.0, raw neg=0.0)
%         Scaled penalty = -124.470000
%     Score = -8,028.534542 (regressionFit = 8,153.004521, totalPenalty = -124.469979)
%       Penalty breakdown:
%         Length/Singleton = 0.000021
%         Grounding        = -124.470000
%       for clause: action(A, _) :- diversnotfull(A), facingleft(A).  [covers 12,447.0/36,824.0 pos, 0.0/0.0 neg]

==========================================================================================
CLAUSE EVALUATION
==========================================================================================

Clause: (action(D, E) :- diversnotfull(D), facingright(D))

Split: 13369 examples satisfy clause (TRUE), 23455 do not (FALSE)

[TRUE BRANCH]
  Total examples: 13369 (4853 positive gradients, 8516 negative gradients)
  Showing first 10 example(s) with facts and gradient values:

    Example 1 [Gradient: 0.8581 (POS)]
      action(srz27409598635, up)

    Example 2 [Gradient: 0.8581 (POS)]
      action(srz965949211741, up)

    Example 3 [Gradient: 0.8581 (POS)]
      action(srz96594922425, up)

    Example 4 [Gradient: 0.8581 (POS)]
      action(srz193068276, up)

    Example 5 [Gradient: 0.8581 (POS)]
      action(srz246186715298, up)

    Example 6 [Gradient: 0.8581 (POS)]
      action(srz193069751, up)

    Example 7 [Gradient: 0.8581 (POS)]
      action(srz4423044516, up)

    Example 8 [Gradient: 0.8581 (POS)]
      action(srz965661714792, up)

    Example 9 [Gradient: 0.8581 (POS)]
      action(srz965661714967, up)

    Example 10 [Gradient: 0.8581 (POS)]
      action(srz19306778, up)

    ... (13359 more examples not shown)

  Variance Calculation:
    Formula: sumOfOutputSquared - (sumOfOutputAndNumGrounding^2 / sumOfNumGroundingSquared)
           = 3745.200900433825 - (2956.5931133455665^2 / 13369.0)
           = 3745.200900433825 - 653.8591396426382
    Weighted Variance = 3091.341760791187

[FALSE BRANCH]
  Total examples: 23455 (7421 positive gradients, 16034 negative gradients)
  Showing first 10 example(s) with facts and gradient values:

    Example 1 [Gradient: 0.8581 (POS)]
      action(srz99311012253, up)

    Example 2 [Gradient: 0.8581 (POS)]
      action(srz993110111732, up)

    Example 3 [Gradient: 0.8581 (POS)]
      action(srz965949210266, up)

    Example 4 [Gradient: 0.8581 (POS)]
      action(srz44248273820, up)

    Example 5 [Gradient: 0.8581 (POS)]
      action(srz965661711161, up)

    Example 6 [Gradient: 0.8581 (POS)]
      action(srz274095916391, up)

    Example 7 [Gradient: 0.8581 (POS)]
      action(srz193067042, up)

    Example 8 [Gradient: 0.8581 (POS)]
      action(srz246186712980, up)

    Example 9 [Gradient: 0.8581 (POS)]
      action(srz8029724781, up)

    Example 10 [Gradient: 0.8581 (POS)]
      action(srz8029728294, up)

    ... (23445 more examples not shown)

  Variance Calculation:
    Formula: sumOfOutputSquared - (sumOfOutputAndNumGrounding^2 / sumOfNumGroundingSquared)
           = 5787.601545556592 - (4093.8832727589393^2 / 23455.0)
           = 5787.601545556592 - 714.5546898731802
    Weighted Variance = 5073.046855683412

==========================================================================================
SPLIT SCORE (Combined Variance)
==========================================================================================
  Formula: (trueVar + falseVar) / (trueWeight + falseWeight)
         = (3091.341760791187 + 5073.046855683412) / (13369.0 + 23455.0)
         = 8164.388616474599 / 36824.0

  Combined Variance = 0.2217137903670052
  (Lower is better - algorithm seeks to MINIMIZE variance)
==========================================================================================

%       === Grounding Penalty Calculation (Subsampled) ===
%         Pos Examples: valid=13369 checked=10 scale=1,336.90
%         Neg Examples: valid=0 checked=0 scale=0.00
%         High groundings: 13,369.0 (raw pos=10.0, raw neg=0.0)
%         Low groundings:  0.0 (raw pos=0.0, raw neg=0.0)
%         Scaled penalty = -133.690000
%     Score = -8,030.698638 (regressionFit = 8,164.388616, totalPenalty = -133.689979)
%       Penalty breakdown:
%         Length/Singleton = 0.000021
%         Grounding        = -133.690000
%       for clause: action(A, _) :- diversnotfull(A), facingright(A).  [covers 13,369.0/36,824.0 pos, 0.0/0.0 neg]

==========================================================================================
CLAUSE EVALUATION
==========================================================================================

Clause: (action(D, E) :- diversnotfull(D), oxygenok(D))

Split: 25816 examples satisfy clause (TRUE), 11008 do not (FALSE)

[TRUE BRANCH]
  Total examples: 25816 (9498 positive gradients, 16318 negative gradients)
  Showing first 10 example(s) with facts and gradient values:

    Example 1 [Gradient: 0.8581 (POS)]
      action(srz27409598635, up)

    Example 2 [Gradient: 0.8581 (POS)]
      action(srz965949211741, up)

    Example 3 [Gradient: 0.8581 (POS)]
      action(srz96594922425, up)

    Example 4 [Gradient: 0.8581 (POS)]
      action(srz193068276, up)

    Example 5 [Gradient: 0.8581 (POS)]
      action(srz246186715298, up)

    Example 6 [Gradient: 0.8581 (POS)]
      action(srz99311012253, up)

    Example 7 [Gradient: 0.8581 (POS)]
      action(srz993110111732, up)

    Example 8 [Gradient: 0.8581 (POS)]
      action(srz193069751, up)

    Example 9 [Gradient: 0.8581 (POS)]
      action(srz4423044516, up)

    Example 10 [Gradient: 0.8581 (POS)]
      action(srz965661714792, up)

    ... (25806 more examples not shown)

  Variance Calculation:
    Formula: sumOfOutputSquared - (sumOfOutputAndNumGrounding^2 / sumOfNumGroundingSquared)
           = 7322.859613763839 - (5835.972908538444^2 / 25816.0)
           = 7322.859613763839 - 1319.2818325532487
    Weighted Variance = 6003.57778121059

[FALSE BRANCH]
  Total examples: 11008 (2776 positive gradients, 8232 negative gradients)
  Showing first 10 example(s) with facts and gradient values:

    Example 1 [Gradient: 0.8581 (POS)]
      action(srz24618679187, up)

    Example 2 [Gradient: 0.8581 (POS)]
      action(srz4423044771, up)

    Example 3 [Gradient: 0.8581 (POS)]
      action(srz993110111115, up)

    Example 4 [Gradient: 0.8581 (POS)]
      action(srz24618679190, up)

    Example 5 [Gradient: 0.8581 (POS)]
      action(srz1930610207, up)

    Example 6 [Gradient: 0.8581 (POS)]
      action(srz193067556, up)

    Example 7 [Gradient: 0.8581 (POS)]
      action(srz44248276446, up)

    Example 8 [Gradient: 0.8581 (POS)]
      action(srz8029727331, up)

    Example 9 [Gradient: 0.8581 (POS)]
      action(srz193065703, up)

    Example 10 [Gradient: 0.8581 (POS)]
      action(srz99311017114, up)

    ... (10998 more examples not shown)

  Variance Calculation:
    Formula: sumOfOutputSquared - (sumOfOutputAndNumGrounding^2 / sumOfNumGroundingSquared)
           = 2209.942832217851 - (1214.5034775753743^2 / 11008.0)
           = 2209.942832217851 - 133.99515779820837
    Weighted Variance = 2075.9476744196427

==========================================================================================
SPLIT SCORE (Combined Variance)
==========================================================================================
  Formula: (trueVar + falseVar) / (trueWeight + falseWeight)
         = (6003.57778121059 + 2075.9476744196427) / (25816.0 + 11008.0)
         = 8079.5254556302325 / 36824.0

  Combined Variance = 0.2194092291883074
  (Lower is better - algorithm seeks to MINIMIZE variance)
==========================================================================================

%       === Grounding Penalty Calculation (Subsampled) ===
%         Pos Examples: valid=25816 checked=10 scale=2,581.60
%         Neg Examples: valid=0 checked=0 scale=0.00
%         High groundings: 25,816.0 (raw pos=10.0, raw neg=0.0)
%         Low groundings:  0.0 (raw pos=0.0, raw neg=0.0)
%         Scaled penalty = -258.160000
%     Score = -7,821.365477 (regressionFit = 8,079.525456, totalPenalty = -258.159979)
%       Penalty breakdown:
%         Length/Singleton = 0.000021
%         Grounding        = -258.160000
%       for clause: action(A, _) :- diversnotfull(A), oxygenok(A).  [covers 25,816.0/36,824.0 pos, 0.0/0.0 neg]

==========================================================================================
CLAUSE EVALUATION
==========================================================================================

Clause: (action(D, E) :- diversnotfull(D), visiblediver(D, Anon1297))

Split: 16145 examples satisfy clause (TRUE), 20679 do not (FALSE)

[TRUE BRANCH]
  Total examples: 16145 (5784 positive gradients, 10361 negative gradients)
  Showing first 10 example(s) with facts and gradient values:

    Example 1 [Gradient: 0.8581 (POS)]
      action(srz27409598635, up)

    Example 2 [Gradient: 0.8581 (POS)]
      action(srz965949211741, up)

    Example 3 [Gradient: 0.8581 (POS)]
      action(srz193068276, up)

    Example 4 [Gradient: 0.8581 (POS)]
      action(srz246186715298, up)

    Example 5 [Gradient: 0.8581 (POS)]
      action(srz99311012253, up)

    Example 6 [Gradient: 0.8581 (POS)]
      action(srz193069751, up)

    Example 7 [Gradient: 0.8581 (POS)]
      action(srz4423044516, up)

    Example 8 [Gradient: 0.8581 (POS)]
      action(srz965949210266, up)

    Example 9 [Gradient: 0.8581 (POS)]
      action(srz965661714967, up)

    Example 10 [Gradient: 0.8581 (POS)]
      action(srz44248273820, up)

    ... (16135 more examples not shown)

  Variance Calculation:
    Formula: sumOfOutputSquared - (sumOfOutputAndNumGrounding^2 / sumOfNumGroundingSquared)
           = 4467.932125111498 - (3493.8145571847826^2 / 16145.0)
           = 4467.932125111498 - 756.0693812323506
    Weighted Variance = 3711.8627438791473

[FALSE BRANCH]
  Total examples: 20679 (6490 positive gradients, 14189 negative gradients)
  Showing first 10 example(s) with facts and gradient values:

    Example 1 [Gradient: 0.8581 (POS)]
      action(srz96594922425, up)

    Example 2 [Gradient: 0.8581 (POS)]
      action(srz993110111732, up)

    Example 3 [Gradient: 0.8581 (POS)]
      action(srz965661714792, up)

    Example 4 [Gradient: 0.8581 (POS)]
      action(srz19306778, up)

    Example 5 [Gradient: 0.8581 (POS)]
      action(srz27409594624, up)

    Example 6 [Gradient: 0.8581 (POS)]
      action(srz274095916997, up)

    Example 7 [Gradient: 0.8581 (POS)]
      action(srz1930610987, up)

    Example 8 [Gradient: 0.8581 (POS)]
      action(srz8029729421, up)

    Example 9 [Gradient: 0.8581 (POS)]
      action(srz274095916391, up)

    Example 10 [Gradient: 0.8581 (POS)]
      action(srz96594929912, up)

    ... (20669 more examples not shown)

  Variance Calculation:
    Formula: sumOfOutputSquared - (sumOfOutputAndNumGrounding^2 / sumOfNumGroundingSquared)
           = 5064.870320874107 - (3556.6618289227076^2 / 20679.0)
           = 5064.870320874107 - 611.724133919233
    Weighted Variance = 4453.146186954874

==========================================================================================
SPLIT SCORE (Combined Variance)
==========================================================================================
  Formula: (trueVar + falseVar) / (trueWeight + falseWeight)
         = (3711.8627438791473 + 4453.146186954874) / (16145.0 + 20679.0)
         = 8165.008930834021 / 36824.0

  Combined Variance = 0.22173063574934881
  (Lower is better - algorithm seeks to MINIMIZE variance)
==========================================================================================

%       === Grounding Penalty Calculation (Subsampled) ===
%         Pos Examples: valid=16145 checked=10 scale=1,614.50
%         Neg Examples: valid=0 checked=0 scale=0.00
%         High groundings: 1,614.5 (raw pos=1.0, raw neg=0.0)
%         Low groundings:  1,614.5 (raw pos=1.0, raw neg=0.0)
%         Scaled penalty = -16.145000
%     Score = -8,148.863953 (regressionFit = 8,165.008931, totalPenalty = -16.144978)
%       Penalty breakdown:
%         Length/Singleton = 0.000022
%         Grounding        = -16.145000
%       for clause: action(A, _) :- diversnotfull(A), visiblediver(A, _).  [covers 16,145.0/36,824.0 pos, 0.0/0.0 neg]

==========================================================================================
CLAUSE EVALUATION
==========================================================================================

Clause: (action(D, E) :- diversnotfull(D), visibleenemy(D, Anon1299))

Split: 20705 examples satisfy clause (TRUE), 16119 do not (FALSE)

[TRUE BRANCH]
  Total examples: 20705 (7962 positive gradients, 12743 negative gradients)
  Showing first 10 example(s) with facts and gradient values:

    Example 1 [Gradient: 0.8581 (POS)]
      action(srz27409598635, up)

    Example 2 [Gradient: 0.8581 (POS)]
      action(srz965949211741, up)

    Example 3 [Gradient: 0.8581 (POS)]
      action(srz96594922425, up)

    Example 4 [Gradient: 0.8581 (POS)]
      action(srz193068276, up)

    Example 5 [Gradient: 0.8581 (POS)]
      action(srz246186715298, up)

    Example 6 [Gradient: 0.8581 (POS)]
      action(srz99311012253, up)

    Example 7 [Gradient: 0.8581 (POS)]
      action(srz993110111732, up)

    Example 8 [Gradient: 0.8581 (POS)]
      action(srz193069751, up)

    Example 9 [Gradient: 0.8581 (POS)]
      action(srz965661714792, up)

    Example 10 [Gradient: 0.8581 (POS)]
      action(srz965949210266, up)

    ... (20695 more examples not shown)

  Variance Calculation:
    Formula: sumOfOutputSquared - (sumOfOutputAndNumGrounding^2 / sumOfNumGroundingSquared)
           = 6119.783950640645 - (5024.973701242539^2 / 20705.0)
           = 6119.783950640645 - 1219.5296159468314
    Weighted Variance = 4900.254334693814

[FALSE BRANCH]
  Total examples: 16119 (4312 positive gradients, 11807 negative gradients)
  Showing first 10 example(s) with facts and gradient values:

    Example 1 [Gradient: 0.8581 (POS)]
      action(srz4423044516, up)

    Example 2 [Gradient: 0.8581 (POS)]
      action(srz965661714967, up)

    Example 3 [Gradient: 0.8581 (POS)]
      action(srz8029729421, up)

    Example 4 [Gradient: 0.8581 (POS)]
      action(srz24618678076, up)

    Example 5 [Gradient: 0.8581 (POS)]
      action(srz99311019868, up)

    Example 6 [Gradient: 0.8581 (POS)]
      action(srz96566174131, up)

    Example 7 [Gradient: 0.8581 (POS)]
      action(srz96566174134, up)

    Example 8 [Gradient: 0.8581 (POS)]
      action(srz965661713664, up)

    Example 9 [Gradient: 0.8581 (POS)]
      action(srz1930610650, up)

    Example 10 [Gradient: 0.8581 (POS)]
      action(srz246186711267, up)

    ... (16109 more examples not shown)

  Variance Calculation:
    Formula: sumOfOutputSquared - (sumOfOutputAndNumGrounding^2 / sumOfNumGroundingSquared)
           = 3413.018495342357 - (2025.5026848689554^2 / 16119.0)
           = 3413.018495342357 - 254.5233033321761
    Weighted Variance = 3158.4951920101807

==========================================================================================
SPLIT SCORE (Combined Variance)
==========================================================================================
  Formula: (trueVar + falseVar) / (trueWeight + falseWeight)
         = (4900.254334693814 + 3158.4951920101807) / (20705.0 + 16119.0)
         = 8058.749526703994 / 36824.0

  Combined Variance = 0.21884503385574608
  (Lower is better - algorithm seeks to MINIMIZE variance)
==========================================================================================

%       === Grounding Penalty Calculation (Subsampled) ===
%         Pos Examples: valid=20705 checked=10 scale=2,070.50
%         Neg Examples: valid=0 checked=0 scale=0.00
%         High groundings: 4,141.0 (raw pos=2.0, raw neg=0.0)
%         Low groundings:  2,070.5 (raw pos=1.0, raw neg=0.0)
%         Scaled penalty = -41.410000
%     Score = -8,017.339549 (regressionFit = 8,058.749527, totalPenalty = -41.409978)
%       Penalty breakdown:
%         Length/Singleton = 0.000022
%         Grounding        = -41.410000
%       for clause: action(A, _) :- diversnotfull(A), visibleenemy(A, _).  [covers 20,705.0/36,824.0 pos, 0.0/0.0 neg]

==========================================================================================
CLAUSE EVALUATION
==========================================================================================

Clause: (action(D, E) :- diversnotfull(D), visibleenemysubmarine(D, Anon1301))

Split: 19748 examples satisfy clause (TRUE), 17076 do not (FALSE)

[TRUE BRANCH]
  Total examples: 19748 (7584 positive gradients, 12164 negative gradients)
  Showing first 10 example(s) with facts and gradient values:

    Example 1 [Gradient: 0.8581 (POS)]
      action(srz27409598635, up)

    Example 2 [Gradient: 0.8581 (POS)]
      action(srz965949211741, up)

    Example 3 [Gradient: 0.8581 (POS)]
      action(srz96594922425, up)

    Example 4 [Gradient: 0.8581 (POS)]
      action(srz193068276, up)

    Example 5 [Gradient: 0.8581 (POS)]
      action(srz246186715298, up)

    Example 6 [Gradient: 0.8581 (POS)]
      action(srz99311012253, up)

    Example 7 [Gradient: 0.8581 (POS)]
      action(srz993110111732, up)

    Example 8 [Gradient: 0.8581 (POS)]
      action(srz193069751, up)

    Example 9 [Gradient: 0.8581 (POS)]
      action(srz4423044516, up)

    Example 10 [Gradient: 0.8581 (POS)]
      action(srz965949210266, up)

    ... (19738 more examples not shown)

  Variance Calculation:
    Formula: sumOfOutputSquared - (sumOfOutputAndNumGrounding^2 / sumOfNumGroundingSquared)
           = 5829.76686525069 - (4782.725170351876^2 / 19748.0)
           = 5829.76686525069 - 1158.3178071256523
    Weighted Variance = 4671.4490581250375

[FALSE BRANCH]
  Total examples: 17076 (4690 positive gradients, 12386 negative gradients)
  Showing first 10 example(s) with facts and gradient values:

    Example 1 [Gradient: 0.8581 (POS)]
      action(srz965661714792, up)

    Example 2 [Gradient: 0.8581 (POS)]
      action(srz8029728294, up)

    Example 3 [Gradient: 0.8581 (POS)]
      action(srz44230446213, up)

    Example 4 [Gradient: 0.8581 (POS)]
      action(srz1930610784, up)

    Example 5 [Gradient: 0.8581 (POS)]
      action(srz274095910561, up)

    Example 6 [Gradient: 0.8581 (POS)]
      action(srz27409593250, up)

    Example 7 [Gradient: 0.8581 (POS)]
      action(srz246186715543, up)

    Example 8 [Gradient: 0.8581 (POS)]
      action(srz27409595121, up)

    Example 9 [Gradient: 0.8581 (POS)]
      action(srz19306978, up)

    Example 10 [Gradient: 0.8581 (POS)]
      action(srz2461867760, up)

    ... (17066 more examples not shown)

  Variance Calculation:
    Formula: sumOfOutputSquared - (sumOfOutputAndNumGrounding^2 / sumOfNumGroundingSquared)
           = 3703.0355807325295 - (2267.7512157591837^2 / 17076.0)
           = 3703.0355807325295 - 301.16511926547525
    Weighted Variance = 3401.870461467054

==========================================================================================
SPLIT SCORE (Combined Variance)
==========================================================================================
  Formula: (trueVar + falseVar) / (trueWeight + falseWeight)
         = (4671.4490581250375 + 3401.870461467054) / (19748.0 + 17076.0)
         = 8073.319519592092 / 36824.0

  Combined Variance = 0.21924069953269856
  (Lower is better - algorithm seeks to MINIMIZE variance)
==========================================================================================

%       === Grounding Penalty Calculation (Subsampled) ===
%         Pos Examples: valid=19748 checked=10 scale=1,974.80
%         Neg Examples: valid=0 checked=0 scale=0.00
%         High groundings: 1,974.8 (raw pos=1.0, raw neg=0.0)
%         Low groundings:  7,899.2 (raw pos=4.0, raw neg=0.0)
%         Scaled penalty = -19.748000
%     Score = -8,053.571542 (regressionFit = 8,073.319520, totalPenalty = -19.747978)
%       Penalty breakdown:
%         Length/Singleton = 0.000022
%         Grounding        = -19.748000
%       for clause: action(A, _) :- diversnotfull(A), visibleenemysubmarine(A, _).  [covers 19,748.0/36,824.0 pos, 0.0/0.0 neg]

==========================================================================================
CLAUSE EVALUATION
==========================================================================================

Clause: (action(D, E) :- diversnotfull(D), visiblemissile(D, Anon1303))

Split: 8717 examples satisfy clause (TRUE), 28107 do not (FALSE)

[TRUE BRANCH]
  Total examples: 8717 (3343 positive gradients, 5374 negative gradients)
  Showing first 10 example(s) with facts and gradient values:

    Example 1 [Gradient: 0.8581 (POS)]
      action(srz27409598635, up)

    Example 2 [Gradient: 0.8581 (POS)]
      action(srz193068276, up)

    Example 3 [Gradient: 0.8581 (POS)]
      action(srz246186715298, up)

    Example 4 [Gradient: 0.8581 (POS)]
      action(srz99311012253, up)

    Example 5 [Gradient: 0.8581 (POS)]
      action(srz4423044516, up)

    Example 6 [Gradient: 0.8581 (POS)]
      action(srz965949210266, up)

    Example 7 [Gradient: 0.8581 (POS)]
      action(srz965661714967, up)

    Example 8 [Gradient: 0.8581 (POS)]
      action(srz965661711161, up)

    Example 9 [Gradient: 0.8581 (POS)]
      action(srz193067042, up)

    Example 10 [Gradient: 0.8581 (POS)]
      action(srz8029724781, up)

    ... (8707 more examples not shown)

  Variance Calculation:
    Formula: sumOfOutputSquared - (sumOfOutputAndNumGrounding^2 / sumOfNumGroundingSquared)
           = 2569.9848535310994 - (2106.4842672624036^2 / 8717.0)
           = 2569.9848535310994 - 509.03705038706266
    Weighted Variance = 2060.9478031440367

[FALSE BRANCH]
  Total examples: 28107 (8931 positive gradients, 19176 negative gradients)
  Showing first 10 example(s) with facts and gradient values:

    Example 1 [Gradient: 0.8581 (POS)]
      action(srz965949211741, up)

    Example 2 [Gradient: 0.8581 (POS)]
      action(srz96594922425, up)

    Example 3 [Gradient: 0.8581 (POS)]
      action(srz993110111732, up)

    Example 4 [Gradient: 0.8581 (POS)]
      action(srz193069751, up)

    Example 5 [Gradient: 0.8581 (POS)]
      action(srz965661714792, up)

    Example 6 [Gradient: 0.8581 (POS)]
      action(srz19306778, up)

    Example 7 [Gradient: 0.8581 (POS)]
      action(srz27409594624, up)

    Example 8 [Gradient: 0.8581 (POS)]
      action(srz274095916997, up)

    Example 9 [Gradient: 0.8581 (POS)]
      action(srz1930610987, up)

    Example 10 [Gradient: 0.8581 (POS)]
      action(srz44248273820, up)

    ... (28097 more examples not shown)

  Variance Calculation:
    Formula: sumOfOutputSquared - (sumOfOutputAndNumGrounding^2 / sumOfNumGroundingSquared)
           = 6962.817592454072 - (4943.992118846276^2 / 28107.0)
           = 6962.817592454072 - 869.6430807704162
    Weighted Variance = 6093.1745116836555

==========================================================================================
SPLIT SCORE (Combined Variance)
==========================================================================================
  Formula: (trueVar + falseVar) / (trueWeight + falseWeight)
         = (2060.9478031440367 + 6093.1745116836555) / (8717.0 + 28107.0)
         = 8154.122314827692 / 36824.0

  Combined Variance = 0.22143499660079546
  (Lower is better - algorithm seeks to MINIMIZE variance)
==========================================================================================

%       === Grounding Penalty Calculation (Subsampled) ===
%         Pos Examples: valid=8717 checked=10 scale=871.70
%         Neg Examples: valid=0 checked=0 scale=0.00
%         High groundings: 3,486.8 (raw pos=4.0, raw neg=0.0)
%         Low groundings:  0.0 (raw pos=0.0, raw neg=0.0)
%         Scaled penalty = -34.868000
%     Score = -8,119.254337 (regressionFit = 8,154.122315, totalPenalty = -34.867978)
%       Penalty breakdown:
%         Length/Singleton = 0.000022
%         Grounding        = -34.868000
%       for clause: action(A, _) :- diversnotfull(A), visiblemissile(A, _).  [covers 8,717.0/36,824.0 pos, 0.0/0.0 neg]

% Consider expanding [#4 of outerLoop #1, bodyLen=1] 'action(A, _) :- diversempty(A).  [covers 6,749.0/36,824.0 pos, 0.0/0.0 neg]' score=-7843.357470646574
%  At # nodes expanded = 4, |OPEN| = 6.  Pruned 0 variant children.  Sending 7 items to OPEN for evaluation and possible insertion.
% Have created 7 valid-on-seeds descendants and have picked up 4 bad extensions.

==========================================================================================
CLAUSE EVALUATION
==========================================================================================

Clause: (action(D, E) :- diversempty(D), facingleft(D))

Split: 3297 examples satisfy clause (TRUE), 33527 do not (FALSE)

[TRUE BRANCH]
  Total examples: 3297 (382 positive gradients, 2915 negative gradients)
  Showing first 10 example(s) with facts and gradient values:

    Example 1 [Gradient: 0.8581 (POS)]
      action(srz246186714634, up)

    Example 2 [Gradient: 0.8581 (POS)]
      action(srz96594927514, up)

    Example 3 [Gradient: 0.8581 (POS)]
      action(srz965949213271, up)

    Example 4 [Gradient: 0.8581 (POS)]
      action(srz96566177597, up)

    Example 5 [Gradient: 0.8581 (POS)]
      action(srz8029727670, up)

    Example 6 [Gradient: 0.8581 (POS)]
      action(srz96594922656, up)

    Example 7 [Gradient: 0.8581 (POS)]
      action(srz965949213501, up)

    Example 8 [Gradient: 0.8581 (POS)]
      action(srz99311018962, up)

    Example 9 [Gradient: 0.8581 (POS)]
      action(srz965949213466, up)

    Example 10 [Gradient: 0.8581 (POS)]
      action(srz96594924388, up)

    ... (3287 more examples not shown)

  Variance Calculation:
    Formula: sumOfOutputSquared - (sumOfOutputAndNumGrounding^2 / sumOfNumGroundingSquared)
           = 339.96711246633504 - (-85.68296097691952^2 / 3297.0)
           = 339.96711246633504 - 2.2267424330519603
    Weighted Variance = 337.74037003328306

[FALSE BRANCH]
  Total examples: 33527 (11892 positive gradients, 21635 negative gradients)
  Showing first 10 example(s) with facts and gradient values:

    Example 1 [Gradient: 0.8581 (POS)]
      action(srz1930610207, up)

    Example 2 [Gradient: 0.8581 (POS)]
      action(srz99311017114, up)

    Example 3 [Gradient: 0.8581 (POS)]
      action(srz8029723597, up)

    Example 4 [Gradient: 0.8581 (POS)]
      action(srz44248273715, up)

    Example 5 [Gradient: 0.8581 (POS)]
      action(srz99311017494, up)

    Example 6 [Gradient: 0.8581 (POS)]
      action(srz44248273713, up)

    Example 7 [Gradient: 0.8581 (POS)]
      action(srz27409591579, up)

    Example 8 [Gradient: 0.8581 (POS)]
      action(srz193063440, up)

    Example 9 [Gradient: 0.8581 (POS)]
      action(srz99311017130, up)

    Example 10 [Gradient: 0.8581 (POS)]
      action(srz193065695, up)

    ... (33517 more examples not shown)

  Variance Calculation:
    Formula: sumOfOutputSquared - (sumOfOutputAndNumGrounding^2 / sumOfNumGroundingSquared)
           = 9192.835333530007 - (7136.15934709268^2 / 33527.0)
           = 9192.835333530007 - 1518.9181921167485
    Weighted Variance = 7673.917141413259

==========================================================================================
SPLIT SCORE (Combined Variance)
==========================================================================================
  Formula: (trueVar + falseVar) / (trueWeight + falseWeight)
         = (337.74037003328306 + 7673.917141413259) / (3297.0 + 33527.0)
         = 8011.657511446542 / 36824.0

  Combined Variance = 0.21756619355438145
  (Lower is better - algorithm seeks to MINIMIZE variance)
==========================================================================================

%       === Grounding Penalty Calculation (Subsampled) ===
%         Pos Examples: valid=3297 checked=10 scale=329.70
%         Neg Examples: valid=0 checked=0 scale=0.00
%         High groundings: 3,297.0 (raw pos=10.0, raw neg=0.0)
%         Low groundings:  0.0 (raw pos=0.0, raw neg=0.0)
%         Scaled penalty = -32.970000
%     Score = -7,978.687533 (regressionFit = 8,011.657511, totalPenalty = -32.969979)
%       Penalty breakdown:
%         Length/Singleton = 0.000021
%         Grounding        = -32.970000
%       for clause: action(A, _) :- diversempty(A), facingleft(A).  [covers 3,297.0/36,824.0 pos, 0.0/0.0 neg]

==========================================================================================
CLAUSE EVALUATION
==========================================================================================

Clause: (action(D, E) :- diversempty(D), facingright(D))

Split: 3452 examples satisfy clause (TRUE), 33372 do not (FALSE)

[TRUE BRANCH]
  Total examples: 3452 (643 positive gradients, 2809 negative gradients)
  Showing first 10 example(s) with facts and gradient values:

    Example 1 [Gradient: 0.8581 (POS)]
      action(srz1930610207, up)

    Example 2 [Gradient: 0.8581 (POS)]
      action(srz99311017114, up)

    Example 3 [Gradient: 0.8581 (POS)]
      action(srz8029723597, up)

    Example 4 [Gradient: 0.8581 (POS)]
      action(srz44248273715, up)

    Example 5 [Gradient: 0.8581 (POS)]
      action(srz99311017494, up)

    Example 6 [Gradient: 0.8581 (POS)]
      action(srz44248273713, up)

    Example 7 [Gradient: 0.8581 (POS)]
      action(srz27409591579, up)

    Example 8 [Gradient: 0.8581 (POS)]
      action(srz193063440, up)

    Example 9 [Gradient: 0.8581 (POS)]
      action(srz99311017130, up)

    Example 10 [Gradient: 0.8581 (POS)]
      action(srz193065695, up)

    ... (3442 more examples not shown)

  Variance Calculation:
    Formula: sumOfOutputSquared - (sumOfOutputAndNumGrounding^2 / sumOfNumGroundingSquared)
           = 530.0397239034166 - (153.33012396349886^2 / 3452.0)
           = 530.0397239034166 - 6.8105813773644055
    Weighted Variance = 523.2291425260522

[FALSE BRANCH]
  Total examples: 33372 (11631 positive gradients, 21741 negative gradients)
  Showing first 10 example(s) with facts and gradient values:

    Example 1 [Gradient: 0.8581 (POS)]
      action(srz246186714634, up)

    Example 2 [Gradient: 0.8581 (POS)]
      action(srz96594927514, up)

    Example 3 [Gradient: 0.8581 (POS)]
      action(srz965949213271, up)

    Example 4 [Gradient: 0.8581 (POS)]
      action(srz96566177597, up)

    Example 5 [Gradient: 0.8581 (POS)]
      action(srz8029727670, up)

    Example 6 [Gradient: 0.8581 (POS)]
      action(srz96594922656, up)

    Example 7 [Gradient: 0.8581 (POS)]
      action(srz965949213501, up)

    Example 8 [Gradient: 0.8581 (POS)]
      action(srz99311018962, up)

    Example 9 [Gradient: 0.8581 (POS)]
      action(srz965949213466, up)

    Example 10 [Gradient: 0.8581 (POS)]
      action(srz96594924388, up)

    ... (33362 more examples not shown)

  Variance Calculation:
    Formula: sumOfOutputSquared - (sumOfOutputAndNumGrounding^2 / sumOfNumGroundingSquared)
           = 9002.762722092924 - (6897.146262152262^2 / 33372.0)
           = 9002.762722092924 - 1425.4652571473368
    Weighted Variance = 7577.297464945587

==========================================================================================
SPLIT SCORE (Combined Variance)
==========================================================================================
  Formula: (trueVar + falseVar) / (trueWeight + falseWeight)
         = (523.2291425260522 + 7577.297464945587) / (3452.0 + 33372.0)
         = 8100.526607471639 / 36824.0

  Combined Variance = 0.21997954071995543
  (Lower is better - algorithm seeks to MINIMIZE variance)
==========================================================================================

%       === Grounding Penalty Calculation (Subsampled) ===
%         Pos Examples: valid=3452 checked=10 scale=345.20
%         Neg Examples: valid=0 checked=0 scale=0.00
%         High groundings: 3,452.0 (raw pos=10.0, raw neg=0.0)
%         Low groundings:  0.0 (raw pos=0.0, raw neg=0.0)
%         Scaled penalty = -34.520000
%     Score = -8,066.006629 (regressionFit = 8,100.526607, totalPenalty = -34.519979)
%       Penalty breakdown:
%         Length/Singleton = 0.000021
%         Grounding        = -34.520000
%       for clause: action(A, _) :- diversempty(A), facingright(A).  [covers 3,452.0/36,824.0 pos, 0.0/0.0 neg]

==========================================================================================
CLAUSE EVALUATION
==========================================================================================

Clause: (action(D, E) :- diversempty(D), oxygenok(D))

Split: 6749 examples satisfy clause (TRUE), 30075 do not (FALSE)

[TRUE BRANCH]
  Total examples: 6749 (1025 positive gradients, 5724 negative gradients)
  Showing first 10 example(s) with facts and gradient values:

    Example 1 [Gradient: 0.8581 (POS)]
      action(srz1930610207, up)

    Example 2 [Gradient: 0.8581 (POS)]
      action(srz99311017114, up)

    Example 3 [Gradient: 0.8581 (POS)]
      action(srz8029723597, up)

    Example 4 [Gradient: 0.8581 (POS)]
      action(srz44248273715, up)

    Example 5 [Gradient: 0.8581 (POS)]
      action(srz99311017494, up)

    Example 6 [Gradient: 0.8581 (POS)]
      action(srz44248273713, up)

    Example 7 [Gradient: 0.8581 (POS)]
      action(srz27409591579, up)

    Example 8 [Gradient: 0.8581 (POS)]
      action(srz193063440, up)

    Example 9 [Gradient: 0.8581 (POS)]
      action(srz99311017130, up)

    Example 10 [Gradient: 0.8581 (POS)]
      action(srz193065695, up)

    ... (6739 more examples not shown)

  Variance Calculation:
    Formula: sumOfOutputSquared - (sumOfOutputAndNumGrounding^2 / sumOfNumGroundingSquared)
           = 870.006836370034 - (67.64716298657368^2 / 6749.0)
           = 870.006836370034 - 0.678046919563204
    Weighted Variance = 869.3287894504707

[FALSE BRANCH]
  Total examples: 30075 (11249 positive gradients, 18826 negative gradients)
  Showing first 10 example(s) with facts and gradient values:

    Example 1 [Gradient: 0.8581 (POS)]
      action(srz27409598635, up)

    Example 2 [Gradient: 0.8581 (POS)]
      action(srz24618679187, up)

    Example 3 [Gradient: 0.8581 (POS)]
      action(srz965949211741, up)

    Example 4 [Gradient: 0.8581 (POS)]
      action(srz96594922425, up)

    Example 5 [Gradient: 0.8581 (POS)]
      action(srz193068276, up)

    Example 6 [Gradient: 0.8581 (POS)]
      action(srz246186715298, up)

    Example 7 [Gradient: 0.8581 (POS)]
      action(srz99311012253, up)

    Example 8 [Gradient: 0.8581 (POS)]
      action(srz993110111732, up)

    Example 9 [Gradient: 0.8581 (POS)]
      action(srz193069751, up)

    Example 10 [Gradient: 0.8581 (POS)]
      action(srz4423044516, up)

    ... (30065 more examples not shown)

  Variance Calculation:
    Formula: sumOfOutputSquared - (sumOfOutputAndNumGrounding^2 / sumOfNumGroundingSquared)
           = 8662.79560962659 - (6982.829223129182^2 / 30075.0)
           = 8662.79560962659 - 1621.2769396304868
    Weighted Variance = 7041.518669996103

==========================================================================================
SPLIT SCORE (Combined Variance)
==========================================================================================
  Formula: (trueVar + falseVar) / (trueWeight + falseWeight)
         = (869.3287894504707 + 7041.518669996103) / (6749.0 + 30075.0)
         = 7910.847459446574 / 36824.0

  Combined Variance = 0.21482857537058914
  (Lower is better - algorithm seeks to MINIMIZE variance)
==========================================================================================

%       === Grounding Penalty Calculation (Subsampled) ===
%         Pos Examples: valid=6749 checked=10 scale=674.90
%         Neg Examples: valid=0 checked=0 scale=0.00
%         High groundings: 6,749.0 (raw pos=10.0, raw neg=0.0)
%         Low groundings:  0.0 (raw pos=0.0, raw neg=0.0)
%         Scaled penalty = -67.490000
%     Score = -7,843.357481 (regressionFit = 7,910.847459, totalPenalty = -67.489979)
%       Penalty breakdown:
%         Length/Singleton = 0.000021
%         Grounding        = -67.490000
%       for clause: action(A, _) :- diversempty(A), oxygenok(A).  [covers 6,749.0/36,824.0 pos, 0.0/0.0 neg]

==========================================================================================
CLAUSE EVALUATION
==========================================================================================

Clause: (action(D, E) :- diversempty(D), visiblediver(D, Anon1381))

Split: 2375 examples satisfy clause (TRUE), 34449 do not (FALSE)

[TRUE BRANCH]
  Total examples: 2375 (590 positive gradients, 1785 negative gradients)
  Showing first 10 example(s) with facts and gradient values:

    Example 1 [Gradient: 0.8581 (POS)]
      action(srz1930610207, up)

    Example 2 [Gradient: 0.8581 (POS)]
      action(srz44248273713, up)

    Example 3 [Gradient: 0.8581 (POS)]
      action(srz193063440, up)

    Example 4 [Gradient: 0.8581 (POS)]
      action(srz193065695, up)

    Example 5 [Gradient: 0.8581 (POS)]
      action(srz193069583, up)

    Example 6 [Gradient: 0.8581 (POS)]
      action(srz246186714634, up)

    Example 7 [Gradient: 0.8581 (POS)]
      action(srz96594927514, up)

    Example 8 [Gradient: 0.8581 (POS)]
      action(srz965949213296, up)

    Example 9 [Gradient: 0.8581 (POS)]
      action(srz965949213271, up)

    Example 10 [Gradient: 0.8581 (POS)]
      action(srz8029727278, up)

    ... (2365 more examples not shown)

  Variance Calculation:
    Formula: sumOfOutputSquared - (sumOfOutputAndNumGrounding^2 / sumOfNumGroundingSquared)
           = 470.4048393742099 - (253.10372086132975^2 / 2375.0)
           = 470.4048393742099 - 26.97326042688418
    Weighted Variance = 443.43157894732576

[FALSE BRANCH]
  Total examples: 34449 (11684 positive gradients, 22765 negative gradients)
  Showing first 10 example(s) with facts and gradient values:

    Example 1 [Gradient: 0.8581 (POS)]
      action(srz99311017114, up)

    Example 2 [Gradient: 0.8581 (POS)]
      action(srz8029723597, up)

    Example 3 [Gradient: 0.8581 (POS)]
      action(srz44248273715, up)

    Example 4 [Gradient: 0.8581 (POS)]
      action(srz99311017494, up)

    Example 5 [Gradient: 0.8581 (POS)]
      action(srz27409591579, up)

    Example 6 [Gradient: 0.8581 (POS)]
      action(srz99311017130, up)

    Example 7 [Gradient: 0.8581 (POS)]
      action(srz99311017800, up)

    Example 8 [Gradient: 0.8581 (POS)]
      action(srz965949213466, up)

    Example 9 [Gradient: 0.8581 (POS)]
      action(srz965949213265, up)

    Example 10 [Gradient: 0.8581 (POS)]
      action(srz27409591051, up)

    ... (34439 more examples not shown)

  Variance Calculation:
    Formula: sumOfOutputSquared - (sumOfOutputAndNumGrounding^2 / sumOfNumGroundingSquared)
           = 9062.39760662208 - (6797.372665254431^2 / 34449.0)
           = 9062.39760662208 - 1341.237050432469
    Weighted Variance = 7721.160556189611

==========================================================================================
SPLIT SCORE (Combined Variance)
==========================================================================================
  Formula: (trueVar + falseVar) / (trueWeight + falseWeight)
         = (443.43157894732576 + 7721.160556189611) / (2375.0 + 34449.0)
         = 8164.592135136937 / 36824.0

  Combined Variance = 0.2217193171610074
  (Lower is better - algorithm seeks to MINIMIZE variance)
==========================================================================================

%       === Grounding Penalty Calculation (Subsampled) ===
%         Pos Examples: valid=2375 checked=10 scale=237.50
%         Neg Examples: valid=0 checked=0 scale=0.00
%         High groundings: 1,187.5 (raw pos=5.0, raw neg=0.0)
%         Low groundings:  0.0 (raw pos=0.0, raw neg=0.0)
%         Scaled penalty = -11.875000
%     Score = -8,152.717157 (regressionFit = 8,164.592135, totalPenalty = -11.874978)
%       Penalty breakdown:
%         Length/Singleton = 0.000022
%         Grounding        = -11.875000
%       for clause: action(A, _) :- diversempty(A), visiblediver(A, _).  [covers 2,375.0/36,824.0 pos, 0.0/0.0 neg]

==========================================================================================
CLAUSE EVALUATION
==========================================================================================

Clause: (action(D, E) :- diversempty(D), visibleenemy(D, Anon1383))

Split: 2232 examples satisfy clause (TRUE), 34592 do not (FALSE)

[TRUE BRANCH]
  Total examples: 2232 (768 positive gradients, 1464 negative gradients)
  Showing first 10 example(s) with facts and gradient values:

    Example 1 [Gradient: 0.8581 (POS)]
      action(srz44248273715, up)

    Example 2 [Gradient: 0.8581 (POS)]
      action(srz99311017494, up)

    Example 3 [Gradient: 0.8581 (POS)]
      action(srz44248273713, up)

    Example 4 [Gradient: 0.8581 (POS)]
      action(srz27409591579, up)

    Example 5 [Gradient: 0.8581 (POS)]
      action(srz193063440, up)

    Example 6 [Gradient: 0.8581 (POS)]
      action(srz193065695, up)

    Example 7 [Gradient: 0.8581 (POS)]
      action(srz193069583, up)

    Example 8 [Gradient: 0.8581 (POS)]
      action(srz246186714634, up)

    Example 9 [Gradient: 0.8581 (POS)]
      action(srz96594927514, up)

    Example 10 [Gradient: 0.8581 (POS)]
      action(srz965949213271, up)

    ... (2222 more examples not shown)

  Variance Calculation:
    Formula: sumOfOutputSquared - (sumOfOutputAndNumGrounding^2 / sumOfNumGroundingSquared)
           = 595.0284536500151 - (451.38842314210024^2 / 2232.0)
           = 595.0284536500151 - 91.28651816608948
    Weighted Variance = 503.7419354839256

[FALSE BRANCH]
  Total examples: 34592 (11506 positive gradients, 23086 negative gradients)
  Showing first 10 example(s) with facts and gradient values:

    Example 1 [Gradient: 0.8581 (POS)]
      action(srz1930610207, up)

    Example 2 [Gradient: 0.8581 (POS)]
      action(srz99311017114, up)

    Example 3 [Gradient: 0.8581 (POS)]
      action(srz8029723597, up)

    Example 4 [Gradient: 0.8581 (POS)]
      action(srz99311017130, up)

    Example 5 [Gradient: 0.8581 (POS)]
      action(srz99311017800, up)

    Example 6 [Gradient: 0.8581 (POS)]
      action(srz965949213296, up)

    Example 7 [Gradient: 0.8581 (POS)]
      action(srz99311018962, up)

    Example 8 [Gradient: 0.8581 (POS)]
      action(srz44230447312, up)

    Example 9 [Gradient: 0.8581 (POS)]
      action(srz8029727793, up)

    Example 10 [Gradient: 0.8581 (POS)]
      action(srz96594924388, up)

    ... (34582 more examples not shown)

  Variance Calculation:
    Formula: sumOfOutputSquared - (sumOfOutputAndNumGrounding^2 / sumOfNumGroundingSquared)
           = 8937.773992346456 - (6599.087962973661^2 / 34592.0)
           = 8937.773992346456 - 1258.9026926186361
    Weighted Variance = 7678.87129972782

==========================================================================================
SPLIT SCORE (Combined Variance)
==========================================================================================
  Formula: (trueVar + falseVar) / (trueWeight + falseWeight)
         = (503.7419354839256 + 7678.87129972782) / (2232.0 + 34592.0)
         = 8182.613235211746 / 36824.0

  Combined Variance = 0.2222087018034908
  (Lower is better - algorithm seeks to MINIMIZE variance)
==========================================================================================

%       === Grounding Penalty Calculation (Subsampled) ===
%         Pos Examples: valid=2232 checked=10 scale=223.20
%         Neg Examples: valid=0 checked=0 scale=0.00
%         High groundings: 0.0 (raw pos=0.0, raw neg=0.0)
%         Low groundings:  0.0 (raw pos=0.0, raw neg=0.0)
%         Scaled penalty = 0.000000
%     Score = -8,182.613258 (regressionFit = 8,182.613235, totalPenalty = 0.000022)
%       Penalty breakdown:
%         Length/Singleton = 0.000022
%         Grounding        = 0.000000
%       for clause: action(A, _) :- diversempty(A), visibleenemy(A, _).  [covers 2,232.0/36,824.0 pos, 0.0/0.0 neg]

==========================================================================================
CLAUSE EVALUATION
==========================================================================================

Clause: (action(D, E) :- diversempty(D), visibleenemysubmarine(D, Anon1385))

Split: 4237 examples satisfy clause (TRUE), 32587 do not (FALSE)

[TRUE BRANCH]
  Total examples: 4237 (848 positive gradients, 3389 negative gradients)
  Showing first 10 example(s) with facts and gradient values:

    Example 1 [Gradient: 0.8581 (POS)]
      action(srz1930610207, up)

    Example 2 [Gradient: 0.8581 (POS)]
      action(srz99311017114, up)

    Example 3 [Gradient: 0.8581 (POS)]
      action(srz8029723597, up)

    Example 4 [Gradient: 0.8581 (POS)]
      action(srz44248273715, up)

    Example 5 [Gradient: 0.8581 (POS)]
      action(srz99311017494, up)

    Example 6 [Gradient: 0.8581 (POS)]
      action(srz44248273713, up)

    Example 7 [Gradient: 0.8581 (POS)]
      action(srz193063440, up)

    Example 8 [Gradient: 0.8581 (POS)]
      action(srz99311017130, up)

    Example 9 [Gradient: 0.8581 (POS)]
      action(srz193065695, up)

    Example 10 [Gradient: 0.8581 (POS)]
      action(srz99311017800, up)

    ... (4227 more examples not shown)

  Variance Calculation:
    Formula: sumOfOutputSquared - (sumOfOutputAndNumGrounding^2 / sumOfNumGroundingSquared)
           = 692.6763411158673 - (246.9770380166119^2 / 4237.0)
           = 692.6763411158673 - 14.39642608153386
    Weighted Variance = 678.2799150343335

[FALSE BRANCH]
  Total examples: 32587 (11426 positive gradients, 21161 negative gradients)
  Showing first 10 example(s) with facts and gradient values:

    Example 1 [Gradient: 0.8581 (POS)]
      action(srz27409591579, up)

    Example 2 [Gradient: 0.8581 (POS)]
      action(srz193069583, up)

    Example 3 [Gradient: 0.8581 (POS)]
      action(srz2461867907, up)

    Example 4 [Gradient: 0.8581 (POS)]
      action(srz965949213466, up)

    Example 5 [Gradient: 0.8581 (POS)]
      action(srz27409591051, up)

    Example 6 [Gradient: 0.8581 (POS)]
      action(srz24618674024, up)

    Example 7 [Gradient: 0.8581 (POS)]
      action(srz27409591736, up)

    Example 8 [Gradient: 0.8581 (POS)]
      action(srz44248273596, up)

    Example 9 [Gradient: 0.8581 (POS)]
      action(srz27409591605, up)

    Example 10 [Gradient: 0.8581 (POS)]
      action(srz246186715896, up)

    ... (32577 more examples not shown)

  Variance Calculation:
    Formula: sumOfOutputSquared - (sumOfOutputAndNumGrounding^2 / sumOfNumGroundingSquared)
           = 8840.126104880686 - (6803.499348099149^2 / 32587.0)
           = 8840.126104880686 - 1420.4315641079431
    Weighted Variance = 7419.6945407727435

==========================================================================================
SPLIT SCORE (Combined Variance)
==========================================================================================
  Formula: (trueVar + falseVar) / (trueWeight + falseWeight)
         = (678.2799150343335 + 7419.6945407727435) / (4237.0 + 32587.0)
         = 8097.974455807077 / 36824.0

  Combined Variance = 0.21991023397260148
  (Lower is better - algorithm seeks to MINIMIZE variance)
==========================================================================================

%       === Grounding Penalty Calculation (Subsampled) ===
%         Pos Examples: valid=4237 checked=10 scale=423.70
%         Neg Examples: valid=0 checked=0 scale=0.00
%         High groundings: 423.7 (raw pos=1.0, raw neg=0.0)
%         Low groundings:  3,389.6 (raw pos=8.0, raw neg=0.0)
%         Scaled penalty = -4.237000
%     Score = -8,093.737478 (regressionFit = 8,097.974456, totalPenalty = -4.236978)
%       Penalty breakdown:
%         Length/Singleton = 0.000022
%         Grounding        = -4.237000
%       for clause: action(A, _) :- diversempty(A), visibleenemysubmarine(A, _).  [covers 4,237.0/36,824.0 pos, 0.0/0.0 neg]

==========================================================================================
CLAUSE EVALUATION
==========================================================================================

Clause: (action(D, E) :- diversempty(D), visiblemissile(D, Anon1387))

Split: 808 examples satisfy clause (TRUE), 36016 do not (FALSE)

[TRUE BRANCH]
  Total examples: 808 (338 positive gradients, 470 negative gradients)
  Showing first 10 example(s) with facts and gradient values:

    Example 1 [Gradient: 0.8581 (POS)]
      action(srz1930610207, up)

    Example 2 [Gradient: 0.8581 (POS)]
      action(srz44248273713, up)

    Example 3 [Gradient: 0.8581 (POS)]
      action(srz246186714634, up)

    Example 4 [Gradient: 0.8581 (POS)]
      action(srz96594927514, up)

    Example 5 [Gradient: 0.8581 (POS)]
      action(srz965949213296, up)

    Example 6 [Gradient: 0.8581 (POS)]
      action(srz965949213271, up)

    Example 7 [Gradient: 0.8581 (POS)]
      action(srz96566177597, up)

    Example 8 [Gradient: 0.8581 (POS)]
      action(srz96566171372, up)

    Example 9 [Gradient: 0.8581 (POS)]
      action(srz96594922656, up)

    Example 10 [Gradient: 0.8581 (POS)]
      action(srz965949213501, up)

    ... (798 more examples not shown)

  Variance Calculation:
    Formula: sumOfOutputSquared - (sumOfOutputAndNumGrounding^2 / sumOfNumGroundingSquared)
           = 258.3670336148955 - (223.38433956040217^2 / 808.0)
           = 258.3670336148955 - 61.75812272380824
    Weighted Variance = 196.60891089108725

[FALSE BRANCH]
  Total examples: 36016 (11936 positive gradients, 24080 negative gradients)
  Showing first 10 example(s) with facts and gradient values:

    Example 1 [Gradient: 0.8581 (POS)]
      action(srz99311017114, up)

    Example 2 [Gradient: 0.8581 (POS)]
      action(srz8029723597, up)

    Example 3 [Gradient: 0.8581 (POS)]
      action(srz44248273715, up)

    Example 4 [Gradient: 0.8581 (POS)]
      action(srz99311017494, up)

    Example 5 [Gradient: 0.8581 (POS)]
      action(srz27409591579, up)

    Example 6 [Gradient: 0.8581 (POS)]
      action(srz193063440, up)

    Example 7 [Gradient: 0.8581 (POS)]
      action(srz99311017130, up)

    Example 8 [Gradient: 0.8581 (POS)]
      action(srz193065695, up)

    Example 9 [Gradient: 0.8581 (POS)]
      action(srz193069583, up)

    Example 10 [Gradient: 0.8581 (POS)]
      action(srz99311017800, up)

    ... (36006 more examples not shown)

  Variance Calculation:
    Formula: sumOfOutputSquared - (sumOfOutputAndNumGrounding^2 / sumOfNumGroundingSquared)
           = 9274.435412381687 - (6827.092046555359^2 / 36016.0)
           = 9274.435412381687 - 1294.1244394752177
    Weighted Variance = 7980.310972906469

==========================================================================================
SPLIT SCORE (Combined Variance)
==========================================================================================
  Formula: (trueVar + falseVar) / (trueWeight + falseWeight)
         = (196.60891089108725 + 7980.310972906469) / (808.0 + 36016.0)
         = 8176.919883797556 / 36824.0

  Combined Variance = 0.2220540919997164
  (Lower is better - algorithm seeks to MINIMIZE variance)
==========================================================================================

%       === Grounding Penalty Calculation (Subsampled) ===
%         Pos Examples: valid=808 checked=10 scale=80.80
%         Neg Examples: valid=0 checked=0 scale=0.00
%         High groundings: 484.8 (raw pos=6.0, raw neg=0.0)
%         Low groundings:  0.0 (raw pos=0.0, raw neg=0.0)
%         Scaled penalty = -4.848000
%     Score = -8,172.071906 (regressionFit = 8,176.919884, totalPenalty = -4.847978)
%       Penalty breakdown:
%         Length/Singleton = 0.000022
%         Grounding        = -4.848000
%       for clause: action(A, _) :- diversempty(A), visiblemissile(A, _).  [covers 808.0/36,824.0 pos, 0.0/0.0 neg]

% Consider expanding [#5 of outerLoop #1, bodyLen=1] 'action(A, _) :- visibleenemy(A, _).  [covers 26,681.0/36,824.0 pos, 0.0/0.0 neg]' score=-7884.2207022674265
% [ LazyGroundClauseIndex ]  Building full index for aboveofenemy/2 with 110,095 assertions.
% [ LazyGroundClauseIndex ]  Building full index for belowofenemy/2 with 62,775 assertions.
% [ LazyGroundClauseIndex ]  Building full index for leftofenemy/2 with 85,341 assertions.
% [ LazyGroundClauseIndex ]  Building full index for nearbyenemy/2 with 14,075 assertions.
% [ LazyGroundClauseIndex ]  Building full index for rightofenemy/2 with 79,211 assertions.
% [ LazyGroundClauseIndex ]  Building full index for samelevelasenemy/2 with 18,267 assertions.
%  At # nodes expanded = 5, |OPEN| = 5.  Pruned 0 variant children.  Sending 14 items to OPEN for evaluation and possible insertion.
% Have created 14 valid-on-seeds descendants and have picked up 4 bad extensions.

==========================================================================================
CLAUSE EVALUATION
==========================================================================================

Clause: (action(D, E) :- visibleenemy(D, Anon1099), aboveofenemy(D, Anon1099))

Split: 18398 examples satisfy clause (TRUE), 18426 do not (FALSE)

[TRUE BRANCH]
  Total examples: 18398 (6835 positive gradients, 11563 negative gradients)
  Showing first 10 example(s) with facts and gradient values:

    Example 1 [Gradient: 0.8581 (POS)]
      action(srz27409598635, up)

    Example 2 [Gradient: 0.8581 (POS)]
      action(srz24618679187, up)

    Example 3 [Gradient: 0.8581 (POS)]
      action(srz965949211741, up)

    Example 4 [Gradient: 0.8581 (POS)]
      action(srz193068276, up)

    Example 5 [Gradient: 0.8581 (POS)]
      action(srz993110111732, up)

    Example 6 [Gradient: 0.8581 (POS)]
      action(srz19306778, up)

    Example 7 [Gradient: 0.8581 (POS)]
      action(srz274095916997, up)

    Example 8 [Gradient: 0.8581 (POS)]
      action(srz1930610987, up)

    Example 9 [Gradient: 0.8581 (POS)]
      action(srz274095916391, up)

    Example 10 [Gradient: 0.8581 (POS)]
      action(srz99311014210, up)

    ... (18388 more examples not shown)

  Variance Calculation:
    Formula: sumOfOutputSquared - (sumOfOutputAndNumGrounding^2 / sumOfNumGroundingSquared)
           = 5266.095432243956 - (4225.2241079669275^2 / 18398.0)
           = 5266.095432243956 - 970.3510578619914
    Weighted Variance = 4295.744374381964

[FALSE BRANCH]
  Total examples: 18426 (5439 positive gradients, 12987 negative gradients)
  Showing first 10 example(s) with facts and gradient values:

    Example 1 [Gradient: 0.8581 (POS)]
      action(srz96594922425, up)

    Example 2 [Gradient: 0.8581 (POS)]
      action(srz246186715298, up)

    Example 3 [Gradient: 0.8581 (POS)]
      action(srz99311012253, up)

    Example 4 [Gradient: 0.8581 (POS)]
      action(srz193069751, up)

    Example 5 [Gradient: 0.8581 (POS)]
      action(srz965661714792, up)

    Example 6 [Gradient: 0.8581 (POS)]
      action(srz965949210266, up)

    Example 7 [Gradient: 0.8581 (POS)]
      action(srz27409594624, up)

    Example 8 [Gradient: 0.8581 (POS)]
      action(srz4423044771, up)

    Example 9 [Gradient: 0.8581 (POS)]
      action(srz44248273820, up)

    Example 10 [Gradient: 0.8581 (POS)]
      action(srz965661711161, up)

    ... (18416 more examples not shown)

  Variance Calculation:
    Formula: sumOfOutputSquared - (sumOfOutputAndNumGrounding^2 / sumOfNumGroundingSquared)
           = 4266.707013738992 - (2825.252278143518^2 / 18426.0)
           = 4266.707013738992 - 433.1949655462466
    Weighted Variance = 3833.512048192745

==========================================================================================
SPLIT SCORE (Combined Variance)
==========================================================================================
  Formula: (trueVar + falseVar) / (trueWeight + falseWeight)
         = (4295.744374381964 + 3833.512048192745) / (18398.0 + 18426.0)
         = 8129.256422574709 / 36824.0

  Combined Variance = 0.22075973339601102
  (Lower is better - algorithm seeks to MINIMIZE variance)
==========================================================================================

% [ LazyGroundNthArgumentClauseIndex ]  Argument 0:  Building full index for aboveofenemy/2.
%       === Grounding Penalty Calculation (Subsampled) ===
%         Pos Examples: valid=18398 checked=10 scale=1,839.80
%         Neg Examples: valid=0 checked=0 scale=0.00
%         High groundings: 0.0 (raw pos=0.0, raw neg=0.0)
%         Low groundings:  3,679.6 (raw pos=2.0, raw neg=0.0)
%         Scaled penalty = 0.000000
%     Score = -8,129.256444 (regressionFit = 8,129.256423, totalPenalty = 0.000021)
%       Penalty breakdown:
%         Length/Singleton = 0.000021
%         Grounding        = 0.000000
%       for clause: action(A, _) :- visibleenemy(A, B), aboveofenemy(A, B).  [covers 18,398.0/36,824.0 pos, 0.0/0.0 neg]

==========================================================================================
CLAUSE EVALUATION
==========================================================================================

Clause: (action(D, E) :- visibleenemy(D, Anon1099), belowofenemy(D, Anon1099))

Split: 13939 examples satisfy clause (TRUE), 22885 do not (FALSE)

[TRUE BRANCH]
  Total examples: 13939 (6521 positive gradients, 7418 negative gradients)
  Showing first 10 example(s) with facts and gradient values:

    Example 1 [Gradient: 0.8581 (POS)]
      action(srz96594922425, up)

    Example 2 [Gradient: 0.8581 (POS)]
      action(srz246186715298, up)

    Example 3 [Gradient: 0.8581 (POS)]
      action(srz99311012253, up)

    Example 4 [Gradient: 0.8581 (POS)]
      action(srz193069751, up)

    Example 5 [Gradient: 0.8581 (POS)]
      action(srz965661714792, up)

    Example 6 [Gradient: 0.8581 (POS)]
      action(srz27409594624, up)

    Example 7 [Gradient: 0.8581 (POS)]
      action(srz4423044771, up)

    Example 8 [Gradient: 0.8581 (POS)]
      action(srz274095916997, up)

    Example 9 [Gradient: 0.8581 (POS)]
      action(srz965661711161, up)

    Example 10 [Gradient: 0.8581 (POS)]
      action(srz274095916391, up)

    ... (13929 more examples not shown)

  Variance Calculation:
    Formula: sumOfOutputSquared - (sumOfOutputAndNumGrounding^2 / sumOfNumGroundingSquared)
           = 4951.455130951693 - (4543.738006356198^2 / 13939.0)
           = 4951.455130951693 - 1481.1360262863761
    Weighted Variance = 3470.3191046653164

[FALSE BRANCH]
  Total examples: 22885 (5753 positive gradients, 17132 negative gradients)
  Showing first 10 example(s) with facts and gradient values:

    Example 1 [Gradient: 0.8581 (POS)]
      action(srz27409598635, up)

    Example 2 [Gradient: 0.8581 (POS)]
      action(srz24618679187, up)

    Example 3 [Gradient: 0.8581 (POS)]
      action(srz965949211741, up)

    Example 4 [Gradient: 0.8581 (POS)]
      action(srz193068276, up)

    Example 5 [Gradient: 0.8581 (POS)]
      action(srz993110111732, up)

    Example 6 [Gradient: 0.8581 (POS)]
      action(srz965949210266, up)

    Example 7 [Gradient: 0.8581 (POS)]
      action(srz19306778, up)

    Example 8 [Gradient: 0.8581 (POS)]
      action(srz1930610987, up)

    Example 9 [Gradient: 0.8581 (POS)]
      action(srz44248273820, up)

    Example 10 [Gradient: 0.8581 (POS)]
      action(srz99311014210, up)

    ... (22875 more examples not shown)

  Variance Calculation:
    Formula: sumOfOutputSquared - (sumOfOutputAndNumGrounding^2 / sumOfNumGroundingSquared)
           = 4581.347315033282 - (2506.73837975222^2 / 22885.0)
           = 4581.347315033282 - 274.57886408227165
    Weighted Variance = 4306.76845095101

==========================================================================================
SPLIT SCORE (Combined Variance)
==========================================================================================
  Formula: (trueVar + falseVar) / (trueWeight + falseWeight)
         = (3470.3191046653164 + 4306.76845095101) / (13939.0 + 22885.0)
         = 7777.087555616326 / 36824.0

  Combined Variance = 0.21119616433891827
  (Lower is better - algorithm seeks to MINIMIZE variance)
==========================================================================================

% [ LazyGroundNthArgumentClauseIndex ]  Argument 0:  Building full index for belowofenemy/2.
%       === Grounding Penalty Calculation (Subsampled) ===
%         Pos Examples: valid=13939 checked=10 scale=1,393.90
%         Neg Examples: valid=0 checked=0 scale=0.00
%         High groundings: 0.0 (raw pos=0.0, raw neg=0.0)
%         Low groundings:  2,787.8 (raw pos=2.0, raw neg=0.0)
%         Scaled penalty = 0.000000
%     Score = -7,777.087577 (regressionFit = 7,777.087556, totalPenalty = 0.000021)
%       Penalty breakdown:
%         Length/Singleton = 0.000021
%         Grounding        = 0.000000
%       for clause: action(A, _) :- visibleenemy(A, B), belowofenemy(A, B).  [covers 13,939.0/36,824.0 pos, 0.0/0.0 neg]
% Gleaner: New best node found (score = -7,777.087577): action(A, _) :- visibleenemy(A, B), belowofenemy(A, B).  [covers 13,939.0/36,824.0 pos, 0.0/0.0 neg]

==========================================================================================
CLAUSE EVALUATION
==========================================================================================

Clause: (action(D, E) :- visibleenemy(D, Anon1099), diversempty(D))

Split: 2232 examples satisfy clause (TRUE), 34592 do not (FALSE)

[TRUE BRANCH]
  Total examples: 2232 (768 positive gradients, 1464 negative gradients)
  Showing first 10 example(s) with facts and gradient values:

    Example 1 [Gradient: 0.8581 (POS)]
      action(srz44248273715, up)

    Example 2 [Gradient: 0.8581 (POS)]
      action(srz99311017494, up)

    Example 3 [Gradient: 0.8581 (POS)]
      action(srz44248273713, up)

    Example 4 [Gradient: 0.8581 (POS)]
      action(srz27409591579, up)

    Example 5 [Gradient: 0.8581 (POS)]
      action(srz193063440, up)

    Example 6 [Gradient: 0.8581 (POS)]
      action(srz193065695, up)

    Example 7 [Gradient: 0.8581 (POS)]
      action(srz193069583, up)

    Example 8 [Gradient: 0.8581 (POS)]
      action(srz246186714634, up)

    Example 9 [Gradient: 0.8581 (POS)]
      action(srz96594927514, up)

    Example 10 [Gradient: 0.8581 (POS)]
      action(srz965949213271, up)

    ... (2222 more examples not shown)

  Variance Calculation:
    Formula: sumOfOutputSquared - (sumOfOutputAndNumGrounding^2 / sumOfNumGroundingSquared)
           = 595.0284536500151 - (451.38842314210024^2 / 2232.0)
           = 595.0284536500151 - 91.28651816608948
    Weighted Variance = 503.7419354839256

[FALSE BRANCH]
  Total examples: 34592 (11506 positive gradients, 23086 negative gradients)
  Showing first 10 example(s) with facts and gradient values:

    Example 1 [Gradient: 0.8581 (POS)]
      action(srz27409598635, up)

    Example 2 [Gradient: 0.8581 (POS)]
      action(srz24618679187, up)

    Example 3 [Gradient: 0.8581 (POS)]
      action(srz965949211741, up)

    Example 4 [Gradient: 0.8581 (POS)]
      action(srz96594922425, up)

    Example 5 [Gradient: 0.8581 (POS)]
      action(srz193068276, up)

    Example 6 [Gradient: 0.8581 (POS)]
      action(srz246186715298, up)

    Example 7 [Gradient: 0.8581 (POS)]
      action(srz99311012253, up)

    Example 8 [Gradient: 0.8581 (POS)]
      action(srz993110111732, up)

    Example 9 [Gradient: 0.8581 (POS)]
      action(srz193069751, up)

    Example 10 [Gradient: 0.8581 (POS)]
      action(srz965661714792, up)

    ... (34582 more examples not shown)

  Variance Calculation:
    Formula: sumOfOutputSquared - (sumOfOutputAndNumGrounding^2 / sumOfNumGroundingSquared)
           = 8937.773992330402 - (6599.087962971097^2 / 34592.0)
           = 8937.773992330402 - 1258.902692617658
    Weighted Variance = 7678.871299712744

==========================================================================================
SPLIT SCORE (Combined Variance)
==========================================================================================
  Formula: (trueVar + falseVar) / (trueWeight + falseWeight)
         = (503.7419354839256 + 7678.871299712744) / (2232.0 + 34592.0)
         = 8182.61323519667 / 36824.0

  Combined Variance = 0.22220870180308142
  (Lower is better - algorithm seeks to MINIMIZE variance)
==========================================================================================

%       === Grounding Penalty Calculation (Subsampled) ===
%         Pos Examples: valid=2232 checked=10 scale=223.20
%         Neg Examples: valid=0 checked=0 scale=0.00
%         High groundings: 0.0 (raw pos=0.0, raw neg=0.0)
%         Low groundings:  223.2 (raw pos=1.0, raw neg=0.0)
%         Scaled penalty = 0.000000
%     Score = -8,182.613257 (regressionFit = 8,182.613235, totalPenalty = 0.000022)
%       Penalty breakdown:
%         Length/Singleton = 0.000022
%         Grounding        = 0.000000
%       for clause: action(A, _) :- visibleenemy(A, _), diversempty(A).  [covers 2,232.0/36,824.0 pos, 0.0/0.0 neg]

==========================================================================================
CLAUSE EVALUATION
==========================================================================================

Clause: (action(D, E) :- visibleenemy(D, Anon1099), diversnotfull(D))

Split: 20705 examples satisfy clause (TRUE), 16119 do not (FALSE)

[TRUE BRANCH]
  Total examples: 20705 (7962 positive gradients, 12743 negative gradients)
  Showing first 10 example(s) with facts and gradient values:

    Example 1 [Gradient: 0.8581 (POS)]
      action(srz27409598635, up)

    Example 2 [Gradient: 0.8581 (POS)]
      action(srz965949211741, up)

    Example 3 [Gradient: 0.8581 (POS)]
      action(srz96594922425, up)

    Example 4 [Gradient: 0.8581 (POS)]
      action(srz193068276, up)

    Example 5 [Gradient: 0.8581 (POS)]
      action(srz246186715298, up)

    Example 6 [Gradient: 0.8581 (POS)]
      action(srz99311012253, up)

    Example 7 [Gradient: 0.8581 (POS)]
      action(srz993110111732, up)

    Example 8 [Gradient: 0.8581 (POS)]
      action(srz193069751, up)

    Example 9 [Gradient: 0.8581 (POS)]
      action(srz965661714792, up)

    Example 10 [Gradient: 0.8581 (POS)]
      action(srz965949210266, up)

    ... (20695 more examples not shown)

  Variance Calculation:
    Formula: sumOfOutputSquared - (sumOfOutputAndNumGrounding^2 / sumOfNumGroundingSquared)
           = 6119.783950640645 - (5024.973701242539^2 / 20705.0)
           = 6119.783950640645 - 1219.5296159468314
    Weighted Variance = 4900.254334693814

[FALSE BRANCH]
  Total examples: 16119 (4312 positive gradients, 11807 negative gradients)
  Showing first 10 example(s) with facts and gradient values:

    Example 1 [Gradient: 0.8581 (POS)]
      action(srz24618679187, up)

    Example 2 [Gradient: 0.8581 (POS)]
      action(srz4423044771, up)

    Example 3 [Gradient: 0.8581 (POS)]
      action(srz993110111115, up)

    Example 4 [Gradient: 0.8581 (POS)]
      action(srz24618679190, up)

    Example 5 [Gradient: 0.8581 (POS)]
      action(srz193067556, up)

    Example 6 [Gradient: 0.8581 (POS)]
      action(srz44248276446, up)

    Example 7 [Gradient: 0.8581 (POS)]
      action(srz193065703, up)

    Example 8 [Gradient: 0.8581 (POS)]
      action(srz965661710344, up)

    Example 9 [Gradient: 0.8581 (POS)]
      action(srz44248273715, up)

    Example 10 [Gradient: 0.8581 (POS)]
      action(srz44248277531, up)

    ... (16109 more examples not shown)

  Variance Calculation:
    Formula: sumOfOutputSquared - (sumOfOutputAndNumGrounding^2 / sumOfNumGroundingSquared)
           = 3413.018495340527 - (2025.5026848689554^2 / 16119.0)
           = 3413.018495340527 - 254.5233033321761
    Weighted Variance = 3158.495192008351

==========================================================================================
SPLIT SCORE (Combined Variance)
==========================================================================================
  Formula: (trueVar + falseVar) / (trueWeight + falseWeight)
         = (4900.254334693814 + 3158.495192008351) / (20705.0 + 16119.0)
         = 8058.749526702164 / 36824.0

  Combined Variance = 0.2188450338556964
  (Lower is better - algorithm seeks to MINIMIZE variance)
==========================================================================================

%       === Grounding Penalty Calculation (Subsampled) ===
%         Pos Examples: valid=20705 checked=10 scale=2,070.50
%         Neg Examples: valid=0 checked=0 scale=0.00
%         High groundings: 0.0 (raw pos=0.0, raw neg=0.0)
%         Low groundings:  2,070.5 (raw pos=1.0, raw neg=0.0)
%         Scaled penalty = 0.000000
%     Score = -8,058.749549 (regressionFit = 8,058.749527, totalPenalty = 0.000022)
%       Penalty breakdown:
%         Length/Singleton = 0.000022
%         Grounding        = 0.000000
%       for clause: action(A, _) :- visibleenemy(A, _), diversnotfull(A).  [covers 20,705.0/36,824.0 pos, 0.0/0.0 neg]

==========================================================================================
CLAUSE EVALUATION
==========================================================================================

Clause: (action(D, E) :- visibleenemy(D, Anon1099), facingleft(D))

Split: 13146 examples satisfy clause (TRUE), 23678 do not (FALSE)

[TRUE BRANCH]
  Total examples: 13146 (4932 positive gradients, 8214 negative gradients)
  Showing first 10 example(s) with facts and gradient values:

    Example 1 [Gradient: 0.8581 (POS)]
      action(srz99311012253, up)

    Example 2 [Gradient: 0.8581 (POS)]
      action(srz993110111732, up)

    Example 3 [Gradient: 0.8581 (POS)]
      action(srz965949210266, up)

    Example 4 [Gradient: 0.8581 (POS)]
      action(srz4423044771, up)

    Example 5 [Gradient: 0.8581 (POS)]
      action(srz44248273820, up)

    Example 6 [Gradient: 0.8581 (POS)]
      action(srz965661711161, up)

    Example 7 [Gradient: 0.8581 (POS)]
      action(srz274095916391, up)

    Example 8 [Gradient: 0.8581 (POS)]
      action(srz193067042, up)

    Example 9 [Gradient: 0.8581 (POS)]
      action(srz246186712980, up)

    Example 10 [Gradient: 0.8581 (POS)]
      action(srz8029724781, up)

    ... (13136 more examples not shown)

  Variance Calculation:
    Formula: sumOfOutputSquared - (sumOfOutputAndNumGrounding^2 / sumOfNumGroundingSquared)
           = 3797.3012875907266 - (3067.2259008186297^2 / 13146.0)
           = 3797.3012875907266 - 715.6454226877114
    Weighted Variance = 3081.6558649030153

[FALSE BRANCH]
  Total examples: 23678 (7342 positive gradients, 16336 negative gradients)
  Showing first 10 example(s) with facts and gradient values:

    Example 1 [Gradient: 0.8581 (POS)]
      action(srz27409598635, up)

    Example 2 [Gradient: 0.8581 (POS)]
      action(srz24618679187, up)

    Example 3 [Gradient: 0.8581 (POS)]
      action(srz965949211741, up)

    Example 4 [Gradient: 0.8581 (POS)]
      action(srz96594922425, up)

    Example 5 [Gradient: 0.8581 (POS)]
      action(srz193068276, up)

    Example 6 [Gradient: 0.8581 (POS)]
      action(srz246186715298, up)

    Example 7 [Gradient: 0.8581 (POS)]
      action(srz193069751, up)

    Example 8 [Gradient: 0.8581 (POS)]
      action(srz965661714792, up)

    Example 9 [Gradient: 0.8581 (POS)]
      action(srz19306778, up)

    Example 10 [Gradient: 0.8581 (POS)]
      action(srz27409594624, up)

    ... (23668 more examples not shown)

  Variance Calculation:
    Formula: sumOfOutputSquared - (sumOfOutputAndNumGrounding^2 / sumOfNumGroundingSquared)
           = 5735.50115839746 - (3983.250485288059^2 / 23678.0)
           = 5735.50115839746 - 670.0854982915599
    Weighted Variance = 5065.4156601059

==========================================================================================
SPLIT SCORE (Combined Variance)
==========================================================================================
  Formula: (trueVar + falseVar) / (trueWeight + falseWeight)
         = (3081.6558649030153 + 5065.4156601059) / (13146.0 + 23678.0)
         = 8147.071525008916 / 36824.0

  Combined Variance = 0.22124352392485652
  (Lower is better - algorithm seeks to MINIMIZE variance)
==========================================================================================

%       === Grounding Penalty Calculation (Subsampled) ===
%         Pos Examples: valid=13146 checked=10 scale=1,314.60
%         Neg Examples: valid=0 checked=0 scale=0.00
%         High groundings: 0.0 (raw pos=0.0, raw neg=0.0)
%         Low groundings:  0.0 (raw pos=0.0, raw neg=0.0)
%         Scaled penalty = 0.000000
%     Score = -8,147.071547 (regressionFit = 8,147.071525, totalPenalty = 0.000022)
%       Penalty breakdown:
%         Length/Singleton = 0.000022
%         Grounding        = 0.000000
%       for clause: action(A, _) :- visibleenemy(A, _), facingleft(A).  [covers 13,146.0/36,824.0 pos, 0.0/0.0 neg]

==========================================================================================
CLAUSE EVALUATION
==========================================================================================

Clause: (action(D, E) :- visibleenemy(D, Anon1099), facingright(D))

Split: 12885 examples satisfy clause (TRUE), 23939 do not (FALSE)

[TRUE BRANCH]
  Total examples: 12885 (5357 positive gradients, 7528 negative gradients)
  Showing first 10 example(s) with facts and gradient values:

    Example 1 [Gradient: 0.8581 (POS)]
      action(srz27409598635, up)

    Example 2 [Gradient: 0.8581 (POS)]
      action(srz24618679187, up)

    Example 3 [Gradient: 0.8581 (POS)]
      action(srz965949211741, up)

    Example 4 [Gradient: 0.8581 (POS)]
      action(srz96594922425, up)

    Example 5 [Gradient: 0.8581 (POS)]
      action(srz193068276, up)

    Example 6 [Gradient: 0.8581 (POS)]
      action(srz246186715298, up)

    Example 7 [Gradient: 0.8581 (POS)]
      action(srz193069751, up)

    Example 8 [Gradient: 0.8581 (POS)]
      action(srz965661714792, up)

    Example 9 [Gradient: 0.8581 (POS)]
      action(srz19306778, up)

    Example 10 [Gradient: 0.8581 (POS)]
      action(srz27409594624, up)

    ... (12875 more examples not shown)

  Variance Calculation:
    Formula: sumOfOutputSquared - (sumOfOutputAndNumGrounding^2 / sumOfNumGroundingSquared)
           = 4096.476112301161 - (3529.249028759021^2 / 12885.0)
           = 4096.476112301161 - 966.6743272795104
    Weighted Variance = 3129.801785021651

[FALSE BRANCH]
  Total examples: 23939 (6917 positive gradients, 17022 negative gradients)
  Showing first 10 example(s) with facts and gradient values:

    Example 1 [Gradient: 0.8581 (POS)]
      action(srz99311012253, up)

    Example 2 [Gradient: 0.8581 (POS)]
      action(srz993110111732, up)

    Example 3 [Gradient: 0.8581 (POS)]
      action(srz965949210266, up)

    Example 4 [Gradient: 0.8581 (POS)]
      action(srz4423044771, up)

    Example 5 [Gradient: 0.8581 (POS)]
      action(srz44248273820, up)

    Example 6 [Gradient: 0.8581 (POS)]
      action(srz965661711161, up)

    Example 7 [Gradient: 0.8581 (POS)]
      action(srz274095916391, up)

    Example 8 [Gradient: 0.8581 (POS)]
      action(srz193067042, up)

    Example 9 [Gradient: 0.8581 (POS)]
      action(srz246186712980, up)

    Example 10 [Gradient: 0.8581 (POS)]
      action(srz8029724781, up)

    ... (23929 more examples not shown)

  Variance Calculation:
    Formula: sumOfOutputSquared - (sumOfOutputAndNumGrounding^2 / sumOfNumGroundingSquared)
           = 5436.326333687612 - (3521.2273573476677^2 / 23939.0)
           = 5436.326333687612 - 517.9431932049642
    Weighted Variance = 4918.383140482647

==========================================================================================
SPLIT SCORE (Combined Variance)
==========================================================================================
  Formula: (trueVar + falseVar) / (trueWeight + falseWeight)
         = (3129.801785021651 + 4918.383140482647) / (12885.0 + 23939.0)
         = 8048.184925504298 / 36824.0

  Combined Variance = 0.21855813940648214
  (Lower is better - algorithm seeks to MINIMIZE variance)
==========================================================================================

%       === Grounding Penalty Calculation (Subsampled) ===
%         Pos Examples: valid=12885 checked=10 scale=1,288.50
%         Neg Examples: valid=0 checked=0 scale=0.00
%         High groundings: 1,288.5 (raw pos=1.0, raw neg=0.0)
%         Low groundings:  0.0 (raw pos=0.0, raw neg=0.0)
%         Scaled penalty = -12.885000
%     Score = -8,035.299948 (regressionFit = 8,048.184926, totalPenalty = -12.884978)
%       Penalty breakdown:
%         Length/Singleton = 0.000022
%         Grounding        = -12.885000
%       for clause: action(A, _) :- visibleenemy(A, _), facingright(A).  [covers 12,885.0/36,824.0 pos, 0.0/0.0 neg]

==========================================================================================
CLAUSE EVALUATION
==========================================================================================

Clause: (action(D, E) :- visibleenemy(D, Anon1099), leftofenemy(D, Anon1099))

Split: 17350 examples satisfy clause (TRUE), 19474 do not (FALSE)

[TRUE BRANCH]
  Total examples: 17350 (6819 positive gradients, 10531 negative gradients)
  Showing first 10 example(s) with facts and gradient values:

    Example 1 [Gradient: 0.8581 (POS)]
      action(srz965949211741, up)

    Example 2 [Gradient: 0.8581 (POS)]
      action(srz993110111732, up)

    Example 3 [Gradient: 0.8581 (POS)]
      action(srz193069751, up)

    Example 4 [Gradient: 0.8581 (POS)]
      action(srz19306778, up)

    Example 5 [Gradient: 0.8581 (POS)]
      action(srz27409594624, up)

    Example 6 [Gradient: 0.8581 (POS)]
      action(srz4423044771, up)

    Example 7 [Gradient: 0.8581 (POS)]
      action(srz274095916997, up)

    Example 8 [Gradient: 0.8581 (POS)]
      action(srz1930610987, up)

    Example 9 [Gradient: 0.8581 (POS)]
      action(srz965661711161, up)

    Example 10 [Gradient: 0.8581 (POS)]
      action(srz274095916391, up)

    ... (17340 more examples not shown)

  Variance Calculation:
    Formula: sumOfOutputSquared - (sumOfOutputAndNumGrounding^2 / sumOfNumGroundingSquared)
           = 5233.547098926252 - (4357.8840239821675^2 / 17350.0)
           = 5233.547098926252 - 1094.5909606039775
    Weighted Variance = 4138.9561383222745

[FALSE BRANCH]
  Total examples: 19474 (5455 positive gradients, 14019 negative gradients)
  Showing first 10 example(s) with facts and gradient values:

    Example 1 [Gradient: 0.8581 (POS)]
      action(srz27409598635, up)

    Example 2 [Gradient: 0.8581 (POS)]
      action(srz24618679187, up)

    Example 3 [Gradient: 0.8581 (POS)]
      action(srz96594922425, up)

    Example 4 [Gradient: 0.8581 (POS)]
      action(srz193068276, up)

    Example 5 [Gradient: 0.8581 (POS)]
      action(srz246186715298, up)

    Example 6 [Gradient: 0.8581 (POS)]
      action(srz99311012253, up)

    Example 7 [Gradient: 0.8581 (POS)]
      action(srz965661714792, up)

    Example 8 [Gradient: 0.8581 (POS)]
      action(srz965949210266, up)

    Example 9 [Gradient: 0.8581 (POS)]
      action(srz44248273820, up)

    Example 10 [Gradient: 0.8581 (POS)]
      action(srz193067042, up)

    ... (19464 more examples not shown)

  Variance Calculation:
    Formula: sumOfOutputSquared - (sumOfOutputAndNumGrounding^2 / sumOfNumGroundingSquared)
           = 4299.255347057172 - (2692.5923621278016^2 / 19474.0)
           = 4299.255347057172 - 372.29401399758524
    Weighted Variance = 3926.9613330595867

==========================================================================================
SPLIT SCORE (Combined Variance)
==========================================================================================
  Formula: (trueVar + falseVar) / (trueWeight + falseWeight)
         = (4138.9561383222745 + 3926.9613330595867) / (17350.0 + 19474.0)
         = 8065.917471381861 / 36824.0

  Combined Variance = 0.21903968801275964
  (Lower is better - algorithm seeks to MINIMIZE variance)
==========================================================================================

% [ LazyGroundNthArgumentClauseIndex ]  Argument 0:  Building full index for leftofenemy/2.
%       === Grounding Penalty Calculation (Subsampled) ===
%         Pos Examples: valid=17350 checked=10 scale=1,735.00
%         Neg Examples: valid=0 checked=0 scale=0.00
%         High groundings: 3,470.0 (raw pos=2.0, raw neg=0.0)
%         Low groundings:  5,205.0 (raw pos=3.0, raw neg=0.0)
%         Scaled penalty = -34.700000
%     Score = -8,031.217493 (regressionFit = 8,065.917471, totalPenalty = -34.699979)
%       Penalty breakdown:
%         Length/Singleton = 0.000021
%         Grounding        = -34.700000
%       for clause: action(A, _) :- visibleenemy(A, B), leftofenemy(A, B).  [covers 17,350.0/36,824.0 pos, 0.0/0.0 neg]

==========================================================================================
CLAUSE EVALUATION
==========================================================================================

Clause: (action(D, E) :- visibleenemy(D, Anon1099), oxygenok(D))

Split: 26031 examples satisfy clause (TRUE), 10793 do not (FALSE)

[TRUE BRANCH]
  Total examples: 26031 (10289 positive gradients, 15742 negative gradients)
  Showing first 10 example(s) with facts and gradient values:

    Example 1 [Gradient: 0.8581 (POS)]
      action(srz27409598635, up)

    Example 2 [Gradient: 0.8581 (POS)]
      action(srz24618679187, up)

    Example 3 [Gradient: 0.8581 (POS)]
      action(srz965949211741, up)

    Example 4 [Gradient: 0.8581 (POS)]
      action(srz96594922425, up)

    Example 5 [Gradient: 0.8581 (POS)]
      action(srz193068276, up)

    Example 6 [Gradient: 0.8581 (POS)]
      action(srz246186715298, up)

    Example 7 [Gradient: 0.8581 (POS)]
      action(srz99311012253, up)

    Example 8 [Gradient: 0.8581 (POS)]
      action(srz993110111732, up)

    Example 9 [Gradient: 0.8581 (POS)]
      action(srz193069751, up)

    Example 10 [Gradient: 0.8581 (POS)]
      action(srz965661714792, up)

    ... (26021 more examples not shown)

  Variance Calculation:
    Formula: sumOfOutputSquared - (sumOfOutputAndNumGrounding^2 / sumOfNumGroundingSquared)
           = 7893.7773998830735 - (6596.474929584936^2 / 26031.0)
           = 7893.7773998830735 - 1671.6023778050244
    Weighted Variance = 6222.175022078049

[FALSE BRANCH]
  Total examples: 10793 (1985 positive gradients, 8808 negative gradients)
  Showing first 10 example(s) with facts and gradient values:

    Example 1 [Gradient: 0.8581 (POS)]
      action(srz246186717091, up)

    Example 2 [Gradient: 0.8581 (POS)]
      action(srz246186717093, up)

    Example 3 [Gradient: 0.8581 (POS)]
      action(srz246186717090, up)

    Example 4 [Gradient: 0.8581 (POS)]
      action(srz965949212682, up)

    Example 5 [Gradient: 0.8581 (POS)]
      action(srz99311015919, up)

    Example 6 [Gradient: 0.8581 (POS)]
      action(srz8029728768, up)

    Example 7 [Gradient: 0.8581 (POS)]
      action(srz99311015918, up)

    Example 8 [Gradient: 0.8581 (POS)]
      action(srz965949212684, up)

    Example 9 [Gradient: 0.8581 (POS)]
      action(srz246186717096, up)

    Example 10 [Gradient: 0.8581 (POS)]
      action(srz8029728769, up)

    ... (10783 more examples not shown)

  Variance Calculation:
    Formula: sumOfOutputSquared - (sumOfOutputAndNumGrounding^2 / sumOfNumGroundingSquared)
           = 1639.0250460967927 - (454.00145652898357^2 / 10793.0)
           = 1639.0250460967927 - 19.09731516079297
    Weighted Variance = 1619.9277309359998

==========================================================================================
SPLIT SCORE (Combined Variance)
==========================================================================================
  Formula: (trueVar + falseVar) / (trueWeight + falseWeight)
         = (6222.175022078049 + 1619.9277309359998) / (26031.0 + 10793.0)
         = 7842.102753014048 / 36824.0

  Combined Variance = 0.2129617302035099
  (Lower is better - algorithm seeks to MINIMIZE variance)
==========================================================================================

%       === Grounding Penalty Calculation (Subsampled) ===
%         Pos Examples: valid=26031 checked=10 scale=2,603.10
%         Neg Examples: valid=0 checked=0 scale=0.00
%         High groundings: 0.0 (raw pos=0.0, raw neg=0.0)
%         Low groundings:  2,603.1 (raw pos=1.0, raw neg=0.0)
%         Scaled penalty = 0.000000
%     Score = -7,842.102775 (regressionFit = 7,842.102753, totalPenalty = 0.000022)
%       Penalty breakdown:
%         Length/Singleton = 0.000022
%         Grounding        = 0.000000
%       for clause: action(A, _) :- visibleenemy(A, _), oxygenok(A).  [covers 26,031.0/36,824.0 pos, 0.0/0.0 neg]

==========================================================================================
CLAUSE EVALUATION
==========================================================================================

Clause: (action(D, E) :- visibleenemy(D, Anon1099), rightofenemy(D, Anon1099))

Split: 16831 examples satisfy clause (TRUE), 19993 do not (FALSE)

[TRUE BRANCH]
  Total examples: 16831 (6610 positive gradients, 10221 negative gradients)
  Showing first 10 example(s) with facts and gradient values:

    Example 1 [Gradient: 0.8581 (POS)]
      action(srz27409598635, up)

    Example 2 [Gradient: 0.8581 (POS)]
      action(srz24618679187, up)

    Example 3 [Gradient: 0.8581 (POS)]
      action(srz965949211741, up)

    Example 4 [Gradient: 0.8581 (POS)]
      action(srz96594922425, up)

    Example 5 [Gradient: 0.8581 (POS)]
      action(srz193068276, up)

    Example 6 [Gradient: 0.8581 (POS)]
      action(srz246186715298, up)

    Example 7 [Gradient: 0.8581 (POS)]
      action(srz99311012253, up)

    Example 8 [Gradient: 0.8581 (POS)]
      action(srz965661714792, up)

    Example 9 [Gradient: 0.8581 (POS)]
      action(srz965949210266, up)

    Example 10 [Gradient: 0.8581 (POS)]
      action(srz44248273820, up)

    ... (16821 more examples not shown)

  Variance Calculation:
    Formula: sumOfOutputSquared - (sumOfOutputAndNumGrounding^2 / sumOfNumGroundingSquared)
           = 5073.397668980464 - (4222.504726665287^2 / 16831.0)
           = 5073.397668980464 - 1059.3277979151978
    Weighted Variance = 4014.069871065266

[FALSE BRANCH]
  Total examples: 19993 (5664 positive gradients, 14329 negative gradients)
  Showing first 10 example(s) with facts and gradient values:

    Example 1 [Gradient: 0.8581 (POS)]
      action(srz993110111732, up)

    Example 2 [Gradient: 0.8581 (POS)]
      action(srz193069751, up)

    Example 3 [Gradient: 0.8581 (POS)]
      action(srz19306778, up)

    Example 4 [Gradient: 0.8581 (POS)]
      action(srz27409594624, up)

    Example 5 [Gradient: 0.8581 (POS)]
      action(srz4423044771, up)

    Example 6 [Gradient: 0.8581 (POS)]
      action(srz274095916997, up)

    Example 7 [Gradient: 0.8581 (POS)]
      action(srz1930610987, up)

    Example 8 [Gradient: 0.8581 (POS)]
      action(srz274095916391, up)

    Example 9 [Gradient: 0.8581 (POS)]
      action(srz99311014210, up)

    Example 10 [Gradient: 0.8581 (POS)]
      action(srz96594929912, up)

    ... (19983 more examples not shown)

  Variance Calculation:
    Formula: sumOfOutputSquared - (sumOfOutputAndNumGrounding^2 / sumOfNumGroundingSquared)
           = 4459.404777003196 - (2827.971659444446^2 / 19993.0)
           = 4459.404777003196 - 400.0111892472852
    Weighted Variance = 4059.3935877559106

==========================================================================================
SPLIT SCORE (Combined Variance)
==========================================================================================
  Formula: (trueVar + falseVar) / (trueWeight + falseWeight)
         = (4014.069871065266 + 4059.3935877559106) / (16831.0 + 19993.0)
         = 8073.463458821177 / 36824.0

  Combined Variance = 0.2192446083755479
  (Lower is better - algorithm seeks to MINIMIZE variance)
==========================================================================================

% [ LazyGroundNthArgumentClauseIndex ]  Argument 0:  Building full index for rightofenemy/2.
%       === Grounding Penalty Calculation (Subsampled) ===
%         Pos Examples: valid=16831 checked=10 scale=1,683.10
%         Neg Examples: valid=0 checked=0 scale=0.00
%         High groundings: 1,683.1 (raw pos=1.0, raw neg=0.0)
%         Low groundings:  6,732.4 (raw pos=4.0, raw neg=0.0)
%         Scaled penalty = -16.831000
%     Score = -8,056.632480 (regressionFit = 8,073.463459, totalPenalty = -16.830979)
%       Penalty breakdown:
%         Length/Singleton = 0.000021
%         Grounding        = -16.831000
%       for clause: action(A, _) :- visibleenemy(A, B), rightofenemy(A, B).  [covers 16,831.0/36,824.0 pos, 0.0/0.0 neg]

==========================================================================================
CLAUSE EVALUATION
==========================================================================================

Clause: (action(D, E) :- visibleenemy(D, Anon1099), samelevelasenemy(D, Anon1099))

Split: 6329 examples satisfy clause (TRUE), 30495 do not (FALSE)

[TRUE BRANCH]
  Total examples: 6329 (2238 positive gradients, 4091 negative gradients)
  Showing first 10 example(s) with facts and gradient values:

    Example 1 [Gradient: 0.8581 (POS)]
      action(srz965949211741, up)

    Example 2 [Gradient: 0.8581 (POS)]
      action(srz96594922425, up)

    Example 3 [Gradient: 0.8581 (POS)]
      action(srz193069751, up)

    Example 4 [Gradient: 0.8581 (POS)]
      action(srz965661714792, up)

    Example 5 [Gradient: 0.8581 (POS)]
      action(srz965949210266, up)

    Example 6 [Gradient: 0.8581 (POS)]
      action(srz44248273820, up)

    Example 7 [Gradient: 0.8581 (POS)]
      action(srz99311014210, up)

    Example 8 [Gradient: 0.8581 (POS)]
      action(srz246186712980, up)

    Example 9 [Gradient: 0.8581 (POS)]
      action(srz44230446213, up)

    Example 10 [Gradient: 0.8581 (POS)]
      action(srz193061153, up)

    ... (6319 more examples not shown)

  Variance Calculation:
    Formula: sumOfOutputSquared - (sumOfOutputAndNumGrounding^2 / sumOfNumGroundingSquared)
           = 1730.4250285832352 - (1340.2246102447807^2 / 6329.0)
           = 1730.4250285832352 - 283.80502542357
    Weighted Variance = 1446.6200031596652

[FALSE BRANCH]
  Total examples: 30495 (10036 positive gradients, 20459 negative gradients)
  Showing first 10 example(s) with facts and gradient values:

    Example 1 [Gradient: 0.8581 (POS)]
      action(srz27409598635, up)

    Example 2 [Gradient: 0.8581 (POS)]
      action(srz24618679187, up)

    Example 3 [Gradient: 0.8581 (POS)]
      action(srz193068276, up)

    Example 4 [Gradient: 0.8581 (POS)]
      action(srz246186715298, up)

    Example 5 [Gradient: 0.8581 (POS)]
      action(srz99311012253, up)

    Example 6 [Gradient: 0.8581 (POS)]
      action(srz993110111732, up)

    Example 7 [Gradient: 0.8581 (POS)]
      action(srz19306778, up)

    Example 8 [Gradient: 0.8581 (POS)]
      action(srz27409594624, up)

    Example 9 [Gradient: 0.8581 (POS)]
      action(srz4423044771, up)

    Example 10 [Gradient: 0.8581 (POS)]
      action(srz274095916997, up)

    ... (30485 more examples not shown)

  Variance Calculation:
    Formula: sumOfOutputSquared - (sumOfOutputAndNumGrounding^2 / sumOfNumGroundingSquared)
           = 7802.377417398017 - (5710.2517758665535^2 / 30495.0)
           = 7802.377417398017 - 1069.2564467547838
    Weighted Variance = 6733.120970643234

==========================================================================================
SPLIT SCORE (Combined Variance)
==========================================================================================
  Formula: (trueVar + falseVar) / (trueWeight + falseWeight)
         = (1446.6200031596652 + 6733.120970643234) / (6329.0 + 30495.0)
         = 8179.740973802899 / 36824.0

  Combined Variance = 0.22213070209110633
  (Lower is better - algorithm seeks to MINIMIZE variance)
==========================================================================================

% [ LazyGroundNthArgumentClauseIndex ]  Argument 0:  Building full index for samelevelasenemy/2.
%       === Grounding Penalty Calculation (Subsampled) ===
%         Pos Examples: valid=6329 checked=10 scale=632.90
%         Neg Examples: valid=0 checked=0 scale=0.00
%         High groundings: 1,265.8 (raw pos=2.0, raw neg=0.0)
%         Low groundings:  2,531.6 (raw pos=4.0, raw neg=0.0)
%         Scaled penalty = -12.658000
%     Score = -8,167.082995 (regressionFit = 8,179.740974, totalPenalty = -12.657979)
%       Penalty breakdown:
%         Length/Singleton = 0.000021
%         Grounding        = -12.658000
%       for clause: action(A, _) :- visibleenemy(A, B), samelevelasenemy(A, B).  [covers 6,329.0/36,824.0 pos, 0.0/0.0 neg]

==========================================================================================
CLAUSE EVALUATION
==========================================================================================

Clause: (action(D, E) :- visibleenemy(D, Anon1099), visiblediver(D, Anon1467))

Split: 16673 examples satisfy clause (TRUE), 20151 do not (FALSE)

[TRUE BRANCH]
  Total examples: 16673 (6148 positive gradients, 10525 negative gradients)
  Showing first 10 example(s) with facts and gradient values:

    Example 1 [Gradient: 0.8581 (POS)]
      action(srz27409598635, up)

    Example 2 [Gradient: 0.8581 (POS)]
      action(srz965949211741, up)

    Example 3 [Gradient: 0.8581 (POS)]
      action(srz193068276, up)

    Example 4 [Gradient: 0.8581 (POS)]
      action(srz246186715298, up)

    Example 5 [Gradient: 0.8581 (POS)]
      action(srz99311012253, up)

    Example 6 [Gradient: 0.8581 (POS)]
      action(srz193069751, up)

    Example 7 [Gradient: 0.8581 (POS)]
      action(srz965949210266, up)

    Example 8 [Gradient: 0.8581 (POS)]
      action(srz4423044771, up)

    Example 9 [Gradient: 0.8581 (POS)]
      action(srz44248273820, up)

    Example 10 [Gradient: 0.8581 (POS)]
      action(srz965661711161, up)

    ... (16663 more examples not shown)

  Variance Calculation:
    Formula: sumOfOutputSquared - (sumOfOutputAndNumGrounding^2 / sumOfNumGroundingSquared)
           = 4739.288820459651 - (3782.9171949184893^2 / 16673.0)
           = 4739.288820459651 - 858.3015956102664
    Weighted Variance = 3880.987224849385

[FALSE BRANCH]
  Total examples: 20151 (6126 positive gradients, 14025 negative gradients)
  Showing first 10 example(s) with facts and gradient values:

    Example 1 [Gradient: 0.8581 (POS)]
      action(srz24618679187, up)

    Example 2 [Gradient: 0.8581 (POS)]
      action(srz96594922425, up)

    Example 3 [Gradient: 0.8581 (POS)]
      action(srz993110111732, up)

    Example 4 [Gradient: 0.8581 (POS)]
      action(srz965661714792, up)

    Example 5 [Gradient: 0.8581 (POS)]
      action(srz19306778, up)

    Example 6 [Gradient: 0.8581 (POS)]
      action(srz27409594624, up)

    Example 7 [Gradient: 0.8581 (POS)]
      action(srz274095916997, up)

    Example 8 [Gradient: 0.8581 (POS)]
      action(srz1930610987, up)

    Example 9 [Gradient: 0.8581 (POS)]
      action(srz274095916391, up)

    Example 10 [Gradient: 0.8581 (POS)]
      action(srz96594929912, up)

    ... (20141 more examples not shown)

  Variance Calculation:
    Formula: sumOfOutputSquared - (sumOfOutputAndNumGrounding^2 / sumOfNumGroundingSquared)
           = 4793.51362552408 - (3267.559191190168^2 / 20151.0)
           = 4793.51362552408 - 529.8468099812092
    Weighted Variance = 4263.6668155428715

==========================================================================================
SPLIT SCORE (Combined Variance)
==========================================================================================
  Formula: (trueVar + falseVar) / (trueWeight + falseWeight)
         = (3880.987224849385 + 4263.6668155428715) / (16673.0 + 20151.0)
         = 8144.654040392256 / 36824.0

  Combined Variance = 0.22117787422312232
  (Lower is better - algorithm seeks to MINIMIZE variance)
==========================================================================================

%       === Grounding Penalty Calculation (Subsampled) ===
%         Pos Examples: valid=16673 checked=10 scale=1,667.30
%         Neg Examples: valid=0 checked=0 scale=0.00
%         High groundings: 0.0 (raw pos=0.0, raw neg=0.0)
%         Low groundings:  3,334.6 (raw pos=2.0, raw neg=0.0)
%         Scaled penalty = 0.000000
%     Score = -8,144.654064 (regressionFit = 8,144.654040, totalPenalty = 0.000023)
%       Penalty breakdown:
%         Length/Singleton = 0.000023
%         Grounding        = 0.000000
%       for clause: action(A, _) :- visibleenemy(A, _), visiblediver(A, _).  [covers 16,673.0/36,824.0 pos, 0.0/0.0 neg]

==========================================================================================
CLAUSE EVALUATION
==========================================================================================

Clause: (action(D, E) :- visibleenemy(D, Anon1099), visibleenemy(D, Anon1469))

Split: 26681 examples satisfy clause (TRUE), 10143 do not (FALSE)

[TRUE BRANCH]
  Total examples: 26681 (10307 positive gradients, 16374 negative gradients)
  Showing first 10 example(s) with facts and gradient values:

    Example 1 [Gradient: 0.8581 (POS)]
      action(srz27409598635, up)

    Example 2 [Gradient: 0.8581 (POS)]
      action(srz24618679187, up)

    Example 3 [Gradient: 0.8581 (POS)]
      action(srz965949211741, up)

    Example 4 [Gradient: 0.8581 (POS)]
      action(srz96594922425, up)

    Example 5 [Gradient: 0.8581 (POS)]
      action(srz193068276, up)

    Example 6 [Gradient: 0.8581 (POS)]
      action(srz246186715298, up)

    Example 7 [Gradient: 0.8581 (POS)]
      action(srz99311012253, up)

    Example 8 [Gradient: 0.8581 (POS)]
      action(srz993110111732, up)

    Example 9 [Gradient: 0.8581 (POS)]
      action(srz193069751, up)

    Example 10 [Gradient: 0.8581 (POS)]
      action(srz965661714792, up)

    ... (26671 more examples not shown)

  Variance Calculation:
    Formula: sumOfOutputSquared - (sumOfOutputAndNumGrounding^2 / sumOfNumGroundingSquared)
           = 7919.749882545165 - (6522.271737399911^2 / 26681.0)
           = 7919.749882545165 - 1594.3940862968275
    Weighted Variance = 6325.355796248337

[FALSE BRANCH]
  Total examples: 10143 (1967 positive gradients, 8176 negative gradients)
  Showing first 10 example(s) with facts and gradient values:

    Example 1 [Gradient: 0.8581 (POS)]
      action(srz4423044516, up)

    Example 2 [Gradient: 0.8581 (POS)]
      action(srz965661714967, up)

    Example 3 [Gradient: 0.8581 (POS)]
      action(srz8029729421, up)

    Example 4 [Gradient: 0.8581 (POS)]
      action(srz24618678076, up)

    Example 5 [Gradient: 0.8581 (POS)]
      action(srz99311019868, up)

    Example 6 [Gradient: 0.8581 (POS)]
      action(srz1930610207, up)

    Example 7 [Gradient: 0.8581 (POS)]
      action(srz8029727331, up)

    Example 8 [Gradient: 0.8581 (POS)]
      action(srz96566174131, up)

    Example 9 [Gradient: 0.8581 (POS)]
      action(srz99311017114, up)

    Example 10 [Gradient: 0.8581 (POS)]
      action(srz96566174134, up)

    ... (10133 more examples not shown)

  Variance Calculation:
    Formula: sumOfOutputSquared - (sumOfOutputAndNumGrounding^2 / sumOfNumGroundingSquared)
           = 1613.0525634344983 - (528.2046487143007^2 / 10143.0)
           = 1613.0525634344983 - 27.506669715409426
    Weighted Variance = 1585.545893719089

==========================================================================================
SPLIT SCORE (Combined Variance)
==========================================================================================
  Formula: (trueVar + falseVar) / (trueWeight + falseWeight)
         = (6325.355796248337 + 1585.545893719089) / (26681.0 + 10143.0)
         = 7910.901689967426 / 36824.0

  Combined Variance = 0.2148300480655938
  (Lower is better - algorithm seeks to MINIMIZE variance)
==========================================================================================

%       === Grounding Penalty Calculation (Subsampled) ===
%         Pos Examples: valid=26681 checked=10 scale=2,668.10
%         Neg Examples: valid=0 checked=0 scale=0.00
%         High groundings: 0.0 (raw pos=0.0, raw neg=0.0)
%         Low groundings:  5,336.2 (raw pos=2.0, raw neg=0.0)
%         Scaled penalty = 0.000000
%     Score = -7,910.901712 (regressionFit = 7,910.901690, totalPenalty = 0.000022)
%       Penalty breakdown:
%         Length/Singleton = 0.000022
%         Grounding        = 0.000000
%       for clause: action(A, _) :- visibleenemy(A, _), visibleenemy(A, _).  [covers 26,681.0/36,824.0 pos, 0.0/0.0 neg]

==========================================================================================
CLAUSE EVALUATION
==========================================================================================

Clause: (action(D, E) :- visibleenemy(D, Anon1099), visibleenemysubmarine(D, Anon1471))

Split: 20116 examples satisfy clause (TRUE), 16708 do not (FALSE)

[TRUE BRANCH]
  Total examples: 20116 (8048 positive gradients, 12068 negative gradients)
  Showing first 10 example(s) with facts and gradient values:

    Example 1 [Gradient: 0.8581 (POS)]
      action(srz27409598635, up)

    Example 2 [Gradient: 0.8581 (POS)]
      action(srz24618679187, up)

    Example 3 [Gradient: 0.8581 (POS)]
      action(srz965949211741, up)

    Example 4 [Gradient: 0.8581 (POS)]
      action(srz96594922425, up)

    Example 5 [Gradient: 0.8581 (POS)]
      action(srz193068276, up)

    Example 6 [Gradient: 0.8581 (POS)]
      action(srz246186715298, up)

    Example 7 [Gradient: 0.8581 (POS)]
      action(srz99311012253, up)

    Example 8 [Gradient: 0.8581 (POS)]
      action(srz993110111732, up)

    Example 9 [Gradient: 0.8581 (POS)]
      action(srz193069751, up)

    Example 10 [Gradient: 0.8581 (POS)]
      action(srz965949210266, up)

    ... (20106 more examples not shown)

  Variance Calculation:
    Formula: sumOfOutputSquared - (sumOfOutputAndNumGrounding^2 / sumOfNumGroundingSquared)
           = 6169.53387168065 - (5194.523978468662^2 / 20116.0)
           = 6169.53387168065 - 1341.3739989503827
    Weighted Variance = 4828.159872730267

[FALSE BRANCH]
  Total examples: 16708 (4226 positive gradients, 12482 negative gradients)
  Showing first 10 example(s) with facts and gradient values:

    Example 1 [Gradient: 0.8581 (POS)]
      action(srz965661714792, up)

    Example 2 [Gradient: 0.8581 (POS)]
      action(srz8029728294, up)

    Example 3 [Gradient: 0.8581 (POS)]
      action(srz993110111115, up)

    Example 4 [Gradient: 0.8581 (POS)]
      action(srz44230446213, up)

    Example 5 [Gradient: 0.8581 (POS)]
      action(srz1930610784, up)

    Example 6 [Gradient: 0.8581 (POS)]
      action(srz274095910561, up)

    Example 7 [Gradient: 0.8581 (POS)]
      action(srz27409593250, up)

    Example 8 [Gradient: 0.8581 (POS)]
      action(srz246186715543, up)

    Example 9 [Gradient: 0.8581 (POS)]
      action(srz27409595121, up)

    Example 10 [Gradient: 0.8581 (POS)]
      action(srz19306978, up)

    ... (16698 more examples not shown)

  Variance Calculation:
    Formula: sumOfOutputSquared - (sumOfOutputAndNumGrounding^2 / sumOfNumGroundingSquared)
           = 3363.268574300656 - (1855.952407642565^2 / 16708.0)
           = 3363.268574300656 - 206.16227791682033
    Weighted Variance = 3157.106296383836

==========================================================================================
SPLIT SCORE (Combined Variance)
==========================================================================================
  Formula: (trueVar + falseVar) / (trueWeight + falseWeight)
         = (4828.159872730267 + 3157.106296383836) / (20116.0 + 16708.0)
         = 7985.266169114103 / 36824.0

  Combined Variance = 0.21684950491837124
  (Lower is better - algorithm seeks to MINIMIZE variance)
==========================================================================================

%       === Grounding Penalty Calculation (Subsampled) ===
%         Pos Examples: valid=20116 checked=10 scale=2,011.60
%         Neg Examples: valid=0 checked=0 scale=0.00
%         High groundings: 0.0 (raw pos=0.0, raw neg=0.0)
%         Low groundings:  0.0 (raw pos=0.0, raw neg=0.0)
%         Scaled penalty = 0.000000
%     Score = -7,985.266193 (regressionFit = 7,985.266169, totalPenalty = 0.000023)
%       Penalty breakdown:
%         Length/Singleton = 0.000023
%         Grounding        = 0.000000
%       for clause: action(A, _) :- visibleenemy(A, _), visibleenemysubmarine(A, _).  [covers 20,116.0/36,824.0 pos, 0.0/0.0 neg]

==========================================================================================
CLAUSE EVALUATION
==========================================================================================

Clause: (action(D, E) :- visibleenemy(D, Anon1099), visiblemissile(D, Anon1473))

Split: 7140 examples satisfy clause (TRUE), 29684 do not (FALSE)

[TRUE BRANCH]
  Total examples: 7140 (2881 positive gradients, 4259 negative gradients)
  Showing first 10 example(s) with facts and gradient values:

    Example 1 [Gradient: 0.8581 (POS)]
      action(srz27409598635, up)

    Example 2 [Gradient: 0.8581 (POS)]
      action(srz193068276, up)

    Example 3 [Gradient: 0.8581 (POS)]
      action(srz246186715298, up)

    Example 4 [Gradient: 0.8581 (POS)]
      action(srz99311012253, up)

    Example 5 [Gradient: 0.8581 (POS)]
      action(srz965949210266, up)

    Example 6 [Gradient: 0.8581 (POS)]
      action(srz965661711161, up)

    Example 7 [Gradient: 0.8581 (POS)]
      action(srz193067042, up)

    Example 8 [Gradient: 0.8581 (POS)]
      action(srz8029724781, up)

    Example 9 [Gradient: 0.8581 (POS)]
      action(srz965661711168, up)

    Example 10 [Gradient: 0.8581 (POS)]
      action(srz27409593250, up)

    ... (7130 more examples not shown)

  Variance Calculation:
    Formula: sumOfOutputSquared - (sumOfOutputAndNumGrounding^2 / sumOfNumGroundingSquared)
           = 2207.3232777835933 - (1868.183396610481^2 / 7140.0)
           = 2207.3232777835933 - 488.8108127970691
    Weighted Variance = 1718.5124649865243

[FALSE BRANCH]
  Total examples: 29684 (9393 positive gradients, 20291 negative gradients)
  Showing first 10 example(s) with facts and gradient values:

    Example 1 [Gradient: 0.8581 (POS)]
      action(srz24618679187, up)

    Example 2 [Gradient: 0.8581 (POS)]
      action(srz965949211741, up)

    Example 3 [Gradient: 0.8581 (POS)]
      action(srz96594922425, up)

    Example 4 [Gradient: 0.8581 (POS)]
      action(srz993110111732, up)

    Example 5 [Gradient: 0.8581 (POS)]
      action(srz193069751, up)

    Example 6 [Gradient: 0.8581 (POS)]
      action(srz965661714792, up)

    Example 7 [Gradient: 0.8581 (POS)]
      action(srz19306778, up)

    Example 8 [Gradient: 0.8581 (POS)]
      action(srz27409594624, up)

    Example 9 [Gradient: 0.8581 (POS)]
      action(srz4423044771, up)

    Example 10 [Gradient: 0.8581 (POS)]
      action(srz274095916997, up)

    ... (29674 more examples not shown)

  Variance Calculation:
    Formula: sumOfOutputSquared - (sumOfOutputAndNumGrounding^2 / sumOfNumGroundingSquared)
           = 7325.4791681988345 - (5182.2929895004845^2 / 29684.0)
           = 7325.4791681988345 - 904.7352320787586
    Weighted Variance = 6420.743936120076

==========================================================================================
SPLIT SCORE (Combined Variance)
==========================================================================================
  Formula: (trueVar + falseVar) / (trueWeight + falseWeight)
         = (1718.5124649865243 + 6420.743936120076) / (7140.0 + 29684.0)
         = 8139.256401106601 / 36824.0

  Combined Variance = 0.22103129483778516
  (Lower is better - algorithm seeks to MINIMIZE variance)
==========================================================================================

%       === Grounding Penalty Calculation (Subsampled) ===
%         Pos Examples: valid=7140 checked=10 scale=714.00
%         Neg Examples: valid=0 checked=0 scale=0.00
%         High groundings: 1,428.0 (raw pos=2.0, raw neg=0.0)
%         Low groundings:  0.0 (raw pos=0.0, raw neg=0.0)
%         Scaled penalty = -14.280000
%     Score = -8,124.976425 (regressionFit = 8,139.256401, totalPenalty = -14.279977)
%       Penalty breakdown:
%         Length/Singleton = 0.000023
%         Grounding        = -14.280000
%       for clause: action(A, _) :- visibleenemy(A, _), visiblemissile(A, _).  [covers 7,140.0/36,824.0 pos, 0.0/0.0 neg]

% Consider expanding [#6 of outerLoop #1, bodyLen=1] 'action(A, _) :- facingright(A).  [covers 18,688.0/36,824.0 pos, 0.0/0.0 neg]' score=-7984.461729096941
%  At # nodes expanded = 6, |OPEN| = 4.  Pruned 0 variant children.  Sending 7 items to OPEN for evaluation and possible insertion.
% Have created 7 valid-on-seeds descendants and have picked up 4 bad extensions.

==========================================================================================
CLAUSE EVALUATION
==========================================================================================

Clause: (action(D, E) :- facingright(D), diversempty(D))

Split: 3452 examples satisfy clause (TRUE), 33372 do not (FALSE)

[TRUE BRANCH]
  Total examples: 3452 (643 positive gradients, 2809 negative gradients)
  Showing first 10 example(s) with facts and gradient values:

    Example 1 [Gradient: 0.8581 (POS)]
      action(srz1930610207, up)

    Example 2 [Gradient: 0.8581 (POS)]
      action(srz99311017114, up)

    Example 3 [Gradient: 0.8581 (POS)]
      action(srz8029723597, up)

    Example 4 [Gradient: 0.8581 (POS)]
      action(srz44248273715, up)

    Example 5 [Gradient: 0.8581 (POS)]
      action(srz99311017494, up)

    Example 6 [Gradient: 0.8581 (POS)]
      action(srz44248273713, up)

    Example 7 [Gradient: 0.8581 (POS)]
      action(srz27409591579, up)

    Example 8 [Gradient: 0.8581 (POS)]
      action(srz193063440, up)

    Example 9 [Gradient: 0.8581 (POS)]
      action(srz99311017130, up)

    Example 10 [Gradient: 0.8581 (POS)]
      action(srz193065695, up)

    ... (3442 more examples not shown)

  Variance Calculation:
    Formula: sumOfOutputSquared - (sumOfOutputAndNumGrounding^2 / sumOfNumGroundingSquared)
           = 530.0397239034166 - (153.33012396349886^2 / 3452.0)
           = 530.0397239034166 - 6.8105813773644055
    Weighted Variance = 523.2291425260522

[FALSE BRANCH]
  Total examples: 33372 (11631 positive gradients, 21741 negative gradients)
  Showing first 10 example(s) with facts and gradient values:

    Example 1 [Gradient: 0.8581 (POS)]
      action(srz27409598635, up)

    Example 2 [Gradient: 0.8581 (POS)]
      action(srz24618679187, up)

    Example 3 [Gradient: 0.8581 (POS)]
      action(srz965949211741, up)

    Example 4 [Gradient: 0.8581 (POS)]
      action(srz96594922425, up)

    Example 5 [Gradient: 0.8581 (POS)]
      action(srz193068276, up)

    Example 6 [Gradient: 0.8581 (POS)]
      action(srz246186715298, up)

    Example 7 [Gradient: 0.8581 (POS)]
      action(srz193069751, up)

    Example 8 [Gradient: 0.8581 (POS)]
      action(srz4423044516, up)

    Example 9 [Gradient: 0.8581 (POS)]
      action(srz965661714792, up)

    Example 10 [Gradient: 0.8581 (POS)]
      action(srz965661714967, up)

    ... (33362 more examples not shown)

  Variance Calculation:
    Formula: sumOfOutputSquared - (sumOfOutputAndNumGrounding^2 / sumOfNumGroundingSquared)
           = 9002.762722076899 - (6897.146262147435^2 / 33372.0)
           = 9002.762722076899 - 1425.4652571453414
    Weighted Variance = 7577.297464931557

==========================================================================================
SPLIT SCORE (Combined Variance)
==========================================================================================
  Formula: (trueVar + falseVar) / (trueWeight + falseWeight)
         = (523.2291425260522 + 7577.297464931557) / (3452.0 + 33372.0)
         = 8100.526607457609 / 36824.0

  Combined Variance = 0.21997954071957446
  (Lower is better - algorithm seeks to MINIMIZE variance)
==========================================================================================

%       === Grounding Penalty Calculation (Subsampled) ===
%         Pos Examples: valid=3452 checked=10 scale=345.20
%         Neg Examples: valid=0 checked=0 scale=0.00
%         High groundings: 3,452.0 (raw pos=10.0, raw neg=0.0)
%         Low groundings:  0.0 (raw pos=0.0, raw neg=0.0)
%         Scaled penalty = -34.520000
%     Score = -8,066.006629 (regressionFit = 8,100.526607, totalPenalty = -34.519979)
%       Penalty breakdown:
%         Length/Singleton = 0.000021
%         Grounding        = -34.520000
%       for clause: action(A, _) :- facingright(A), diversempty(A).  [covers 3,452.0/36,824.0 pos, 0.0/0.0 neg]

==========================================================================================
CLAUSE EVALUATION
==========================================================================================

Clause: (action(D, E) :- facingright(D), diversnotfull(D))

Split: 13369 examples satisfy clause (TRUE), 23455 do not (FALSE)

[TRUE BRANCH]
  Total examples: 13369 (4853 positive gradients, 8516 negative gradients)
  Showing first 10 example(s) with facts and gradient values:

    Example 1 [Gradient: 0.8581 (POS)]
      action(srz27409598635, up)

    Example 2 [Gradient: 0.8581 (POS)]
      action(srz965949211741, up)

    Example 3 [Gradient: 0.8581 (POS)]
      action(srz96594922425, up)

    Example 4 [Gradient: 0.8581 (POS)]
      action(srz193068276, up)

    Example 5 [Gradient: 0.8581 (POS)]
      action(srz246186715298, up)

    Example 6 [Gradient: 0.8581 (POS)]
      action(srz193069751, up)

    Example 7 [Gradient: 0.8581 (POS)]
      action(srz4423044516, up)

    Example 8 [Gradient: 0.8581 (POS)]
      action(srz965661714792, up)

    Example 9 [Gradient: 0.8581 (POS)]
      action(srz965661714967, up)

    Example 10 [Gradient: 0.8581 (POS)]
      action(srz19306778, up)

    ... (13359 more examples not shown)

  Variance Calculation:
    Formula: sumOfOutputSquared - (sumOfOutputAndNumGrounding^2 / sumOfNumGroundingSquared)
           = 3745.200900433825 - (2956.5931133455665^2 / 13369.0)
           = 3745.200900433825 - 653.8591396426382
    Weighted Variance = 3091.341760791187

[FALSE BRANCH]
  Total examples: 23455 (7421 positive gradients, 16034 negative gradients)
  Showing first 10 example(s) with facts and gradient values:

    Example 1 [Gradient: 0.8581 (POS)]
      action(srz24618679187, up)

    Example 2 [Gradient: 0.8581 (POS)]
      action(srz993110111115, up)

    Example 3 [Gradient: 0.8581 (POS)]
      action(srz24618679190, up)

    Example 4 [Gradient: 0.8581 (POS)]
      action(srz1930610207, up)

    Example 5 [Gradient: 0.8581 (POS)]
      action(srz193067556, up)

    Example 6 [Gradient: 0.8581 (POS)]
      action(srz44248276446, up)

    Example 7 [Gradient: 0.8581 (POS)]
      action(srz8029727331, up)

    Example 8 [Gradient: 0.8581 (POS)]
      action(srz193065703, up)

    Example 9 [Gradient: 0.8581 (POS)]
      action(srz99311017114, up)

    Example 10 [Gradient: 0.8581 (POS)]
      action(srz8029723597, up)

    ... (23445 more examples not shown)

  Variance Calculation:
    Formula: sumOfOutputSquared - (sumOfOutputAndNumGrounding^2 / sumOfNumGroundingSquared)
           = 5787.601545550338 - (4093.8832727619715^2 / 23455.0)
           = 5787.601545550338 - 714.5546898742388
    Weighted Variance = 5073.0468556761

==========================================================================================
SPLIT SCORE (Combined Variance)
==========================================================================================
  Formula: (trueVar + falseVar) / (trueWeight + falseWeight)
         = (3091.341760791187 + 5073.0468556761) / (13369.0 + 23455.0)
         = 8164.388616467287 / 36824.0

  Combined Variance = 0.2217137903668066
  (Lower is better - algorithm seeks to MINIMIZE variance)
==========================================================================================

%       === Grounding Penalty Calculation (Subsampled) ===
%         Pos Examples: valid=13369 checked=10 scale=1,336.90
%         Neg Examples: valid=0 checked=0 scale=0.00
%         High groundings: 13,369.0 (raw pos=10.0, raw neg=0.0)
%         Low groundings:  0.0 (raw pos=0.0, raw neg=0.0)
%         Scaled penalty = -133.690000
%     Score = -8,030.698638 (regressionFit = 8,164.388616, totalPenalty = -133.689979)
%       Penalty breakdown:
%         Length/Singleton = 0.000021
%         Grounding        = -133.690000
%       for clause: action(A, _) :- facingright(A), diversnotfull(A).  [covers 13,369.0/36,824.0 pos, 0.0/0.0 neg]

==========================================================================================
CLAUSE EVALUATION
==========================================================================================

Clause: (action(D, E) :- facingright(D), oxygenok(D))

Split: 18688 examples satisfy clause (TRUE), 18136 do not (FALSE)

[TRUE BRANCH]
  Total examples: 18688 (6555 positive gradients, 12133 negative gradients)
  Showing first 10 example(s) with facts and gradient values:

    Example 1 [Gradient: 0.8581 (POS)]
      action(srz27409598635, up)

    Example 2 [Gradient: 0.8581 (POS)]
      action(srz24618679187, up)

    Example 3 [Gradient: 0.8581 (POS)]
      action(srz965949211741, up)

    Example 4 [Gradient: 0.8581 (POS)]
      action(srz96594922425, up)

    Example 5 [Gradient: 0.8581 (POS)]
      action(srz193068276, up)

    Example 6 [Gradient: 0.8581 (POS)]
      action(srz246186715298, up)

    Example 7 [Gradient: 0.8581 (POS)]
      action(srz193069751, up)

    Example 8 [Gradient: 0.8581 (POS)]
      action(srz4423044516, up)

    Example 9 [Gradient: 0.8581 (POS)]
      action(srz965661714792, up)

    Example 10 [Gradient: 0.8581 (POS)]
      action(srz965661714967, up)

    ... (18678 more examples not shown)

  Variance Calculation:
    Formula: sumOfOutputSquared - (sumOfOutputAndNumGrounding^2 / sumOfNumGroundingSquared)
           = 5071.367328726028 - (3904.087299145301^2 / 18688.0)
           = 5071.367328726028 - 815.5981185438598
    Weighted Variance = 4255.7692101821685

[FALSE BRANCH]
  Total examples: 18136 (5719 positive gradients, 12417 negative gradients)
  Showing first 10 example(s) with facts and gradient values:

    Example 1 [Gradient: 0.8581 (POS)]
      action(srz99311012253, up)

    Example 2 [Gradient: 0.8581 (POS)]
      action(srz993110111732, up)

    Example 3 [Gradient: 0.8581 (POS)]
      action(srz965949210266, up)

    Example 4 [Gradient: 0.8581 (POS)]
      action(srz4423044771, up)

    Example 5 [Gradient: 0.8581 (POS)]
      action(srz44248273820, up)

    Example 6 [Gradient: 0.8581 (POS)]
      action(srz965661711161, up)

    Example 7 [Gradient: 0.8581 (POS)]
      action(srz274095916391, up)

    Example 8 [Gradient: 0.8581 (POS)]
      action(srz193067042, up)

    Example 9 [Gradient: 0.8581 (POS)]
      action(srz246186712980, up)

    Example 10 [Gradient: 0.8581 (POS)]
      action(srz8029724781, up)

    ... (18126 more examples not shown)

  Variance Calculation:
    Formula: sumOfOutputSquared - (sumOfOutputAndNumGrounding^2 / sumOfNumGroundingSquared)
           = 4461.435117253226 - (3146.389086967693^2 / 18136.0)
           = 4461.435117253226 - 545.8626095384534
    Weighted Variance = 3915.5725077147727

==========================================================================================
SPLIT SCORE (Combined Variance)
==========================================================================================
  Formula: (trueVar + falseVar) / (trueWeight + falseWeight)
         = (4255.7692101821685 + 3915.5725077147727) / (18688.0 + 18136.0)
         = 8171.341717896941 / 36824.0

  Combined Variance = 0.22190261019707097
  (Lower is better - algorithm seeks to MINIMIZE variance)
==========================================================================================

%       === Grounding Penalty Calculation (Subsampled) ===
%         Pos Examples: valid=18688 checked=10 scale=1,868.80
%         Neg Examples: valid=0 checked=0 scale=0.00
%         High groundings: 18,688.0 (raw pos=10.0, raw neg=0.0)
%         Low groundings:  0.0 (raw pos=0.0, raw neg=0.0)
%         Scaled penalty = -186.880000
%     Score = -7,984.461739 (regressionFit = 8,171.341718, totalPenalty = -186.879979)
%       Penalty breakdown:
%         Length/Singleton = 0.000021
%         Grounding        = -186.880000
%       for clause: action(A, _) :- facingright(A), oxygenok(A).  [covers 18,688.0/36,824.0 pos, 0.0/0.0 neg]

==========================================================================================
CLAUSE EVALUATION
==========================================================================================

Clause: (action(D, E) :- facingright(D), visiblediver(D, Anon1669))

Split: 10772 examples satisfy clause (TRUE), 26052 do not (FALSE)

[TRUE BRANCH]
  Total examples: 10772 (4138 positive gradients, 6634 negative gradients)
  Showing first 10 example(s) with facts and gradient values:

    Example 1 [Gradient: 0.8581 (POS)]
      action(srz27409598635, up)

    Example 2 [Gradient: 0.8581 (POS)]
      action(srz965949211741, up)

    Example 3 [Gradient: 0.8581 (POS)]
      action(srz193068276, up)

    Example 4 [Gradient: 0.8581 (POS)]
      action(srz246186715298, up)

    Example 5 [Gradient: 0.8581 (POS)]
      action(srz193069751, up)

    Example 6 [Gradient: 0.8581 (POS)]
      action(srz4423044516, up)

    Example 7 [Gradient: 0.8581 (POS)]
      action(srz965661714967, up)

    Example 8 [Gradient: 0.8581 (POS)]
      action(srz99311014210, up)

    Example 9 [Gradient: 0.8581 (POS)]
      action(srz44230446213, up)

    Example 10 [Gradient: 0.8581 (POS)]
      action(srz99311019868, up)

    ... (10762 more examples not shown)

  Variance Calculation:
    Formula: sumOfOutputSquared - (sumOfOutputAndNumGrounding^2 / sumOfNumGroundingSquared)
           = 3180.791804420152 - (2609.9803288918906^2 / 10772.0)
           = 3180.791804420152 - 632.3799960269793
    Weighted Variance = 2548.4118083931726

[FALSE BRANCH]
  Total examples: 26052 (8136 positive gradients, 17916 negative gradients)
  Showing first 10 example(s) with facts and gradient values:

    Example 1 [Gradient: 0.8581 (POS)]
      action(srz24618679187, up)

    Example 2 [Gradient: 0.8581 (POS)]
      action(srz96594922425, up)

    Example 3 [Gradient: 0.8581 (POS)]
      action(srz965661714792, up)

    Example 4 [Gradient: 0.8581 (POS)]
      action(srz19306778, up)

    Example 5 [Gradient: 0.8581 (POS)]
      action(srz27409594624, up)

    Example 6 [Gradient: 0.8581 (POS)]
      action(srz274095916997, up)

    Example 7 [Gradient: 0.8581 (POS)]
      action(srz1930610987, up)

    Example 8 [Gradient: 0.8581 (POS)]
      action(srz8029729421, up)

    Example 9 [Gradient: 0.8581 (POS)]
      action(srz96594929912, up)

    Example 10 [Gradient: 0.8581 (POS)]
      action(srz993110111115, up)

    ... (26042 more examples not shown)

  Variance Calculation:
    Formula: sumOfOutputSquared - (sumOfOutputAndNumGrounding^2 / sumOfNumGroundingSquared)
           = 6352.010641563421 - (4440.496057215391^2 / 26052.0)
           = 6352.010641563421 - 756.8710745488038
    Weighted Variance = 5595.139567014618

==========================================================================================
SPLIT SCORE (Combined Variance)
==========================================================================================
  Formula: (trueVar + falseVar) / (trueWeight + falseWeight)
         = (2548.4118083931726 + 5595.139567014618) / (10772.0 + 26052.0)
         = 8143.55137540779 / 36824.0

  Combined Variance = 0.22114793002954025
  (Lower is better - algorithm seeks to MINIMIZE variance)
==========================================================================================

%       === Grounding Penalty Calculation (Subsampled) ===
%         Pos Examples: valid=10772 checked=10 scale=1,077.20
%         Neg Examples: valid=0 checked=0 scale=0.00
%         High groundings: 4,308.8 (raw pos=4.0, raw neg=0.0)
%         Low groundings:  2,154.4 (raw pos=2.0, raw neg=0.0)
%         Scaled penalty = -43.088000
%     Score = -8,100.463398 (regressionFit = 8,143.551375, totalPenalty = -43.087978)
%       Penalty breakdown:
%         Length/Singleton = 0.000022
%         Grounding        = -43.088000
%       for clause: action(A, _) :- facingright(A), visiblediver(A, _).  [covers 10,772.0/36,824.0 pos, 0.0/0.0 neg]

==========================================================================================
CLAUSE EVALUATION
==========================================================================================

Clause: (action(D, E) :- facingright(D), visibleenemy(D, Anon1671))

Split: 12885 examples satisfy clause (TRUE), 23939 do not (FALSE)

[TRUE BRANCH]
  Total examples: 12885 (5357 positive gradients, 7528 negative gradients)
  Showing first 10 example(s) with facts and gradient values:

    Example 1 [Gradient: 0.8581 (POS)]
      action(srz27409598635, up)

    Example 2 [Gradient: 0.8581 (POS)]
      action(srz24618679187, up)

    Example 3 [Gradient: 0.8581 (POS)]
      action(srz965949211741, up)

    Example 4 [Gradient: 0.8581 (POS)]
      action(srz96594922425, up)

    Example 5 [Gradient: 0.8581 (POS)]
      action(srz193068276, up)

    Example 6 [Gradient: 0.8581 (POS)]
      action(srz246186715298, up)

    Example 7 [Gradient: 0.8581 (POS)]
      action(srz193069751, up)

    Example 8 [Gradient: 0.8581 (POS)]
      action(srz965661714792, up)

    Example 9 [Gradient: 0.8581 (POS)]
      action(srz19306778, up)

    Example 10 [Gradient: 0.8581 (POS)]
      action(srz27409594624, up)

    ... (12875 more examples not shown)

  Variance Calculation:
    Formula: sumOfOutputSquared - (sumOfOutputAndNumGrounding^2 / sumOfNumGroundingSquared)
           = 4096.476112301161 - (3529.249028759021^2 / 12885.0)
           = 4096.476112301161 - 966.6743272795104
    Weighted Variance = 3129.801785021651

[FALSE BRANCH]
  Total examples: 23939 (6917 positive gradients, 17022 negative gradients)
  Showing first 10 example(s) with facts and gradient values:

    Example 1 [Gradient: 0.8581 (POS)]
      action(srz4423044516, up)

    Example 2 [Gradient: 0.8581 (POS)]
      action(srz965661714967, up)

    Example 3 [Gradient: 0.8581 (POS)]
      action(srz8029729421, up)

    Example 4 [Gradient: 0.8581 (POS)]
      action(srz99311019868, up)

    Example 5 [Gradient: 0.8581 (POS)]
      action(srz1930610207, up)

    Example 6 [Gradient: 0.8581 (POS)]
      action(srz8029727331, up)

    Example 7 [Gradient: 0.8581 (POS)]
      action(srz96566174131, up)

    Example 8 [Gradient: 0.8581 (POS)]
      action(srz99311017114, up)

    Example 9 [Gradient: 0.8581 (POS)]
      action(srz96566174134, up)

    Example 10 [Gradient: 0.8581 (POS)]
      action(srz8029723597, up)

    ... (23929 more examples not shown)

  Variance Calculation:
    Formula: sumOfOutputSquared - (sumOfOutputAndNumGrounding^2 / sumOfNumGroundingSquared)
           = 5436.3263336833825 - (3521.227357350133^2 / 23939.0)
           = 5436.3263336833825 - 517.9431932056895
    Weighted Variance = 4918.383140477693

==========================================================================================
SPLIT SCORE (Combined Variance)
==========================================================================================
  Formula: (trueVar + falseVar) / (trueWeight + falseWeight)
         = (3129.801785021651 + 4918.383140477693) / (12885.0 + 23939.0)
         = 8048.184925499344 / 36824.0

  Combined Variance = 0.2185581394063476
  (Lower is better - algorithm seeks to MINIMIZE variance)
==========================================================================================

%       === Grounding Penalty Calculation (Subsampled) ===
%         Pos Examples: valid=12885 checked=10 scale=1,288.50
%         Neg Examples: valid=0 checked=0 scale=0.00
%         High groundings: 1,288.5 (raw pos=1.0, raw neg=0.0)
%         Low groundings:  1,288.5 (raw pos=1.0, raw neg=0.0)
%         Scaled penalty = -12.885000
%     Score = -8,035.299948 (regressionFit = 8,048.184925, totalPenalty = -12.884978)
%       Penalty breakdown:
%         Length/Singleton = 0.000022
%         Grounding        = -12.885000
%       for clause: action(A, _) :- facingright(A), visibleenemy(A, _).  [covers 12,885.0/36,824.0 pos, 0.0/0.0 neg]

==========================================================================================
CLAUSE EVALUATION
==========================================================================================

Clause: (action(D, E) :- facingright(D), visibleenemysubmarine(D, Anon1673))

Split: 14165 examples satisfy clause (TRUE), 22659 do not (FALSE)

[TRUE BRANCH]
  Total examples: 14165 (5452 positive gradients, 8713 negative gradients)
  Showing first 10 example(s) with facts and gradient values:

    Example 1 [Gradient: 0.8581 (POS)]
      action(srz27409598635, up)

    Example 2 [Gradient: 0.8581 (POS)]
      action(srz24618679187, up)

    Example 3 [Gradient: 0.8581 (POS)]
      action(srz965949211741, up)

    Example 4 [Gradient: 0.8581 (POS)]
      action(srz96594922425, up)

    Example 5 [Gradient: 0.8581 (POS)]
      action(srz193068276, up)

    Example 6 [Gradient: 0.8581 (POS)]
      action(srz246186715298, up)

    Example 7 [Gradient: 0.8581 (POS)]
      action(srz193069751, up)

    Example 8 [Gradient: 0.8581 (POS)]
      action(srz4423044516, up)

    Example 9 [Gradient: 0.8581 (POS)]
      action(srz965661714967, up)

    Example 10 [Gradient: 0.8581 (POS)]
      action(srz19306778, up)

    ... (14155 more examples not shown)

  Variance Calculation:
    Formula: sumOfOutputSquared - (sumOfOutputAndNumGrounding^2 / sumOfNumGroundingSquared)
           = 4190.280217473286 - (3442.6796656866945^2 / 14165.0)
           = 4190.280217473286 - 836.713256656029
    Weighted Variance = 3353.566960817257

[FALSE BRANCH]
  Total examples: 22659 (6822 positive gradients, 15837 negative gradients)
  Showing first 10 example(s) with facts and gradient values:

    Example 1 [Gradient: 0.8581 (POS)]
      action(srz965661714792, up)

    Example 2 [Gradient: 0.8581 (POS)]
      action(srz993110111115, up)

    Example 3 [Gradient: 0.8581 (POS)]
      action(srz44230446213, up)

    Example 4 [Gradient: 0.8581 (POS)]
      action(srz1930610784, up)

    Example 5 [Gradient: 0.8581 (POS)]
      action(srz27409593250, up)

    Example 6 [Gradient: 0.8581 (POS)]
      action(srz246186715543, up)

    Example 7 [Gradient: 0.8581 (POS)]
      action(srz2461867760, up)

    Example 8 [Gradient: 0.8581 (POS)]
      action(srz27409591579, up)

    Example 9 [Gradient: 0.8581 (POS)]
      action(srz27409593270, up)

    Example 10 [Gradient: 0.8581 (POS)]
      action(srz993110110710, up)

    ... (22649 more examples not shown)

  Variance Calculation:
    Formula: sumOfOutputSquared - (sumOfOutputAndNumGrounding^2 / sumOfNumGroundingSquared)
           = 5342.522228509283 - (3607.796720422764^2 / 22659.0)
           = 5342.522228509283 - 574.438288357529
    Weighted Variance = 4768.083940151754

==========================================================================================
SPLIT SCORE (Combined Variance)
==========================================================================================
  Formula: (trueVar + falseVar) / (trueWeight + falseWeight)
         = (3353.566960817257 + 4768.083940151754) / (14165.0 + 22659.0)
         = 8121.650900969011 / 36824.0

  Combined Variance = 0.22055319631134615
  (Lower is better - algorithm seeks to MINIMIZE variance)
==========================================================================================

%       === Grounding Penalty Calculation (Subsampled) ===
%         Pos Examples: valid=14165 checked=10 scale=1,416.50
%         Neg Examples: valid=0 checked=0 scale=0.00
%         High groundings: 1,416.5 (raw pos=1.0, raw neg=0.0)
%         Low groundings:  7,082.5 (raw pos=5.0, raw neg=0.0)
%         Scaled penalty = -14.165000
%     Score = -8,107.485923 (regressionFit = 8,121.650901, totalPenalty = -14.164978)
%       Penalty breakdown:
%         Length/Singleton = 0.000022
%         Grounding        = -14.165000
%       for clause: action(A, _) :- facingright(A), visibleenemysubmarine(A, _).  [covers 14,165.0/36,824.0 pos, 0.0/0.0 neg]

==========================================================================================
CLAUSE EVALUATION
==========================================================================================

Clause: (action(D, E) :- facingright(D), visiblemissile(D, Anon1675))

Split: 5892 examples satisfy clause (TRUE), 30932 do not (FALSE)

[TRUE BRANCH]
  Total examples: 5892 (2517 positive gradients, 3375 negative gradients)
  Showing first 10 example(s) with facts and gradient values:

    Example 1 [Gradient: 0.8581 (POS)]
      action(srz27409598635, up)

    Example 2 [Gradient: 0.8581 (POS)]
      action(srz193068276, up)

    Example 3 [Gradient: 0.8581 (POS)]
      action(srz246186715298, up)

    Example 4 [Gradient: 0.8581 (POS)]
      action(srz4423044516, up)

    Example 5 [Gradient: 0.8581 (POS)]
      action(srz965661714967, up)

    Example 6 [Gradient: 0.8581 (POS)]
      action(srz99311019868, up)

    Example 7 [Gradient: 0.8581 (POS)]
      action(srz1930610207, up)

    Example 8 [Gradient: 0.8581 (POS)]
      action(srz8029727331, up)

    Example 9 [Gradient: 0.8581 (POS)]
      action(srz96566174131, up)

    Example 10 [Gradient: 0.8581 (POS)]
      action(srz27409593250, up)

    ... (5882 more examples not shown)

  Variance Calculation:
    Formula: sumOfOutputSquared - (sumOfOutputAndNumGrounding^2 / sumOfNumGroundingSquared)
           = 1921.47894071274 - (1681.2135256062961^2 / 5892.0)
           = 1921.47894071274 - 479.7146840939498
    Weighted Variance = 1441.7642566187901

[FALSE BRANCH]
  Total examples: 30932 (9757 positive gradients, 21175 negative gradients)
  Showing first 10 example(s) with facts and gradient values:

    Example 1 [Gradient: 0.8581 (POS)]
      action(srz24618679187, up)

    Example 2 [Gradient: 0.8581 (POS)]
      action(srz965949211741, up)

    Example 3 [Gradient: 0.8581 (POS)]
      action(srz96594922425, up)

    Example 4 [Gradient: 0.8581 (POS)]
      action(srz193069751, up)

    Example 5 [Gradient: 0.8581 (POS)]
      action(srz965661714792, up)

    Example 6 [Gradient: 0.8581 (POS)]
      action(srz19306778, up)

    Example 7 [Gradient: 0.8581 (POS)]
      action(srz27409594624, up)

    Example 8 [Gradient: 0.8581 (POS)]
      action(srz274095916997, up)

    Example 9 [Gradient: 0.8581 (POS)]
      action(srz1930610987, up)

    Example 10 [Gradient: 0.8581 (POS)]
      action(srz8029729421, up)

    ... (30922 more examples not shown)

  Variance Calculation:
    Formula: sumOfOutputSquared - (sumOfOutputAndNumGrounding^2 / sumOfNumGroundingSquared)
           = 7611.3235052712935 - (5369.262860500986^2 / 30932.0)
           = 7611.3235052712935 - 932.0116276075013
    Weighted Variance = 6679.311877663792

==========================================================================================
SPLIT SCORE (Combined Variance)
==========================================================================================
  Formula: (trueVar + falseVar) / (trueWeight + falseWeight)
         = (1441.7642566187901 + 6679.311877663792) / (5892.0 + 30932.0)
         = 8121.076134282583 / 36824.0

  Combined Variance = 0.2205375878308327
  (Lower is better - algorithm seeks to MINIMIZE variance)
==========================================================================================

%       === Grounding Penalty Calculation (Subsampled) ===
%         Pos Examples: valid=5892 checked=10 scale=589.20
%         Neg Examples: valid=0 checked=0 scale=0.00
%         High groundings: 3,535.2 (raw pos=6.0, raw neg=0.0)
%         Low groundings:  0.0 (raw pos=0.0, raw neg=0.0)
%         Scaled penalty = -35.352000
%     Score = -8,085.724157 (regressionFit = 8,121.076134, totalPenalty = -35.351978)
%       Penalty breakdown:
%         Length/Singleton = 0.000022
%         Grounding        = -35.352000
%       for clause: action(A, _) :- facingright(A), visiblemissile(A, _).  [covers 5,892.0/36,824.0 pos, 0.0/0.0 neg]

% Consider expanding [#7 of outerLoop #1, bodyLen=1] 'action(A, _) :- facingleft(A).  [covers 17,368.0/36,824.0 pos, 0.0/0.0 neg]' score=-8008.245596056597
%  At # nodes expanded = 7, |OPEN| = 3.  Pruned 0 variant children.  Sending 7 items to OPEN for evaluation and possible insertion.
% Have created 7 valid-on-seeds descendants and have picked up 4 bad extensions.

==========================================================================================
CLAUSE EVALUATION
==========================================================================================

Clause: (action(D, E) :- facingleft(D), diversempty(D))

Split: 3297 examples satisfy clause (TRUE), 33527 do not (FALSE)

[TRUE BRANCH]
  Total examples: 3297 (382 positive gradients, 2915 negative gradients)
  Showing first 10 example(s) with facts and gradient values:

    Example 1 [Gradient: 0.8581 (POS)]
      action(srz246186714634, up)

    Example 2 [Gradient: 0.8581 (POS)]
      action(srz96594927514, up)

    Example 3 [Gradient: 0.8581 (POS)]
      action(srz965949213271, up)

    Example 4 [Gradient: 0.8581 (POS)]
      action(srz96566177597, up)

    Example 5 [Gradient: 0.8581 (POS)]
      action(srz8029727670, up)

    Example 6 [Gradient: 0.8581 (POS)]
      action(srz96594922656, up)

    Example 7 [Gradient: 0.8581 (POS)]
      action(srz965949213501, up)

    Example 8 [Gradient: 0.8581 (POS)]
      action(srz99311018962, up)

    Example 9 [Gradient: 0.8581 (POS)]
      action(srz965949213466, up)

    Example 10 [Gradient: 0.8581 (POS)]
      action(srz96594924388, up)

    ... (3287 more examples not shown)

  Variance Calculation:
    Formula: sumOfOutputSquared - (sumOfOutputAndNumGrounding^2 / sumOfNumGroundingSquared)
           = 339.96711246633504 - (-85.68296097691952^2 / 3297.0)
           = 339.96711246633504 - 2.2267424330519603
    Weighted Variance = 337.74037003328306

[FALSE BRANCH]
  Total examples: 33527 (11892 positive gradients, 21635 negative gradients)
  Showing first 10 example(s) with facts and gradient values:

    Example 1 [Gradient: 0.8581 (POS)]
      action(srz99311012253, up)

    Example 2 [Gradient: 0.8581 (POS)]
      action(srz993110111732, up)

    Example 3 [Gradient: 0.8581 (POS)]
      action(srz965949210266, up)

    Example 4 [Gradient: 0.8581 (POS)]
      action(srz4423044771, up)

    Example 5 [Gradient: 0.8581 (POS)]
      action(srz44248273820, up)

    Example 6 [Gradient: 0.8581 (POS)]
      action(srz965661711161, up)

    Example 7 [Gradient: 0.8581 (POS)]
      action(srz274095916391, up)

    Example 8 [Gradient: 0.8581 (POS)]
      action(srz193067042, up)

    Example 9 [Gradient: 0.8581 (POS)]
      action(srz246186712980, up)

    Example 10 [Gradient: 0.8581 (POS)]
      action(srz8029724781, up)

    ... (33517 more examples not shown)

  Variance Calculation:
    Formula: sumOfOutputSquared - (sumOfOutputAndNumGrounding^2 / sumOfNumGroundingSquared)
           = 9192.835333517738 - (7136.159347088695^2 / 33527.0)
           = 9192.835333517738 - 1518.9181921150519
    Weighted Variance = 7673.917141402686

==========================================================================================
SPLIT SCORE (Combined Variance)
==========================================================================================
  Formula: (trueVar + falseVar) / (trueWeight + falseWeight)
         = (337.74037003328306 + 7673.917141402686) / (3297.0 + 33527.0)
         = 8011.657511435969 / 36824.0

  Combined Variance = 0.21756619355409432
  (Lower is better - algorithm seeks to MINIMIZE variance)
==========================================================================================

%       === Grounding Penalty Calculation (Subsampled) ===
%         Pos Examples: valid=3297 checked=10 scale=329.70
%         Neg Examples: valid=0 checked=0 scale=0.00
%         High groundings: 3,297.0 (raw pos=10.0, raw neg=0.0)
%         Low groundings:  0.0 (raw pos=0.0, raw neg=0.0)
%         Scaled penalty = -32.970000
%     Score = -7,978.687533 (regressionFit = 8,011.657511, totalPenalty = -32.969979)
%       Penalty breakdown:
%         Length/Singleton = 0.000021
%         Grounding        = -32.970000
%       for clause: action(A, _) :- facingleft(A), diversempty(A).  [covers 3,297.0/36,824.0 pos, 0.0/0.0 neg]

==========================================================================================
CLAUSE EVALUATION
==========================================================================================

Clause: (action(D, E) :- facingleft(D), diversnotfull(D))

Split: 12447 examples satisfy clause (TRUE), 24377 do not (FALSE)

[TRUE BRANCH]
  Total examples: 12447 (4645 positive gradients, 7802 negative gradients)
  Showing first 10 example(s) with facts and gradient values:

    Example 1 [Gradient: 0.8581 (POS)]
      action(srz99311012253, up)

    Example 2 [Gradient: 0.8581 (POS)]
      action(srz993110111732, up)

    Example 3 [Gradient: 0.8581 (POS)]
      action(srz965949210266, up)

    Example 4 [Gradient: 0.8581 (POS)]
      action(srz44248273820, up)

    Example 5 [Gradient: 0.8581 (POS)]
      action(srz965661711161, up)

    Example 6 [Gradient: 0.8581 (POS)]
      action(srz274095916391, up)

    Example 7 [Gradient: 0.8581 (POS)]
      action(srz193067042, up)

    Example 8 [Gradient: 0.8581 (POS)]
      action(srz246186712980, up)

    Example 9 [Gradient: 0.8581 (POS)]
      action(srz8029724781, up)

    Example 10 [Gradient: 0.8581 (POS)]
      action(srz8029728294, up)

    ... (12437 more examples not shown)

  Variance Calculation:
    Formula: sumOfOutputSquared - (sumOfOutputAndNumGrounding^2 / sumOfNumGroundingSquared)
           = 3577.658713338741 - (2879.379795183565^2 / 12447.0)
           = 3577.658713338741 - 666.0904639600986
    Weighted Variance = 2911.5682493786426

[FALSE BRANCH]
  Total examples: 24377 (7629 positive gradients, 16748 negative gradients)
  Showing first 10 example(s) with facts and gradient values:

    Example 1 [Gradient: 0.8581 (POS)]
      action(srz4423044771, up)

    Example 2 [Gradient: 0.8581 (POS)]
      action(srz193068842, up)

    Example 3 [Gradient: 0.8581 (POS)]
      action(srz96566172811, up)

    Example 4 [Gradient: 0.8581 (POS)]
      action(srz44248272198, up)

    Example 5 [Gradient: 0.8581 (POS)]
      action(srz96594929143, up)

    Example 6 [Gradient: 0.8581 (POS)]
      action(srz274095913591, up)

    Example 7 [Gradient: 0.8581 (POS)]
      action(srz96566172812, up)

    Example 8 [Gradient: 0.8581 (POS)]
      action(srz4423044803, up)

    Example 9 [Gradient: 0.8581 (POS)]
      action(srz246186715872, up)

    Example 10 [Gradient: 0.8581 (POS)]
      action(srz24618677285, up)

    ... (24367 more examples not shown)

  Variance Calculation:
    Formula: sumOfOutputSquared - (sumOfOutputAndNumGrounding^2 / sumOfNumGroundingSquared)
           = 5955.143732645314 - (4171.096590926474^2 / 24377.0)
           = 5955.143732645314 - 713.7074607555669
    Weighted Variance = 5241.436271889747

==========================================================================================
SPLIT SCORE (Combined Variance)
==========================================================================================
  Formula: (trueVar + falseVar) / (trueWeight + falseWeight)
         = (2911.5682493786426 + 5241.436271889747) / (12447.0 + 24377.0)
         = 8153.00452126839 / 36824.0

  Combined Variance = 0.22140464157257198
  (Lower is better - algorithm seeks to MINIMIZE variance)
==========================================================================================

%       === Grounding Penalty Calculation (Subsampled) ===
%         Pos Examples: valid=12447 checked=10 scale=1,244.70
%         Neg Examples: valid=0 checked=0 scale=0.00
%         High groundings: 12,447.0 (raw pos=10.0, raw neg=0.0)
%         Low groundings:  0.0 (raw pos=0.0, raw neg=0.0)
%         Scaled penalty = -124.470000
%     Score = -8,028.534542 (regressionFit = 8,153.004521, totalPenalty = -124.469979)
%       Penalty breakdown:
%         Length/Singleton = 0.000021
%         Grounding        = -124.470000
%       for clause: action(A, _) :- facingleft(A), diversnotfull(A).  [covers 12,447.0/36,824.0 pos, 0.0/0.0 neg]

==========================================================================================
CLAUSE EVALUATION
==========================================================================================

Clause: (action(D, E) :- facingleft(D), oxygenok(D))

Split: 17368 examples satisfy clause (TRUE), 19456 do not (FALSE)

[TRUE BRANCH]
  Total examples: 17368 (5695 positive gradients, 11673 negative gradients)
  Showing first 10 example(s) with facts and gradient values:

    Example 1 [Gradient: 0.8581 (POS)]
      action(srz99311012253, up)

    Example 2 [Gradient: 0.8581 (POS)]
      action(srz993110111732, up)

    Example 3 [Gradient: 0.8581 (POS)]
      action(srz965949210266, up)

    Example 4 [Gradient: 0.8581 (POS)]
      action(srz4423044771, up)

    Example 5 [Gradient: 0.8581 (POS)]
      action(srz44248273820, up)

    Example 6 [Gradient: 0.8581 (POS)]
      action(srz965661711161, up)

    Example 7 [Gradient: 0.8581 (POS)]
      action(srz274095916391, up)

    Example 8 [Gradient: 0.8581 (POS)]
      action(srz193067042, up)

    Example 9 [Gradient: 0.8581 (POS)]
      action(srz246186712980, up)

    Example 10 [Gradient: 0.8581 (POS)]
      action(srz8029724781, up)

    ... (17358 more examples not shown)

  Variance Calculation:
    Formula: sumOfOutputSquared - (sumOfOutputAndNumGrounding^2 / sumOfNumGroundingSquared)
           = 4428.790483865596 - (3231.3307048111947^2 / 17368.0)
           = 4428.790483865596 - 601.1917390520274
    Weighted Variance = 3827.5987448135684

[FALSE BRANCH]
  Total examples: 19456 (6579 positive gradients, 12877 negative gradients)
  Showing first 10 example(s) with facts and gradient values:

    Example 1 [Gradient: 0.8581 (POS)]
      action(srz27409598635, up)

    Example 2 [Gradient: 0.8581 (POS)]
      action(srz24618679187, up)

    Example 3 [Gradient: 0.8581 (POS)]
      action(srz965949211741, up)

    Example 4 [Gradient: 0.8581 (POS)]
      action(srz96594922425, up)

    Example 5 [Gradient: 0.8581 (POS)]
      action(srz193068276, up)

    Example 6 [Gradient: 0.8581 (POS)]
      action(srz246186715298, up)

    Example 7 [Gradient: 0.8581 (POS)]
      action(srz193069751, up)

    Example 8 [Gradient: 0.8581 (POS)]
      action(srz4423044516, up)

    Example 9 [Gradient: 0.8581 (POS)]
      action(srz965661714792, up)

    Example 10 [Gradient: 0.8581 (POS)]
      action(srz965661714967, up)

    ... (19446 more examples not shown)

  Variance Calculation:
    Formula: sumOfOutputSquared - (sumOfOutputAndNumGrounding^2 / sumOfNumGroundingSquared)
           = 5104.011962113658 - (3819.1456813017994^2 / 19456.0)
           = 5104.011962113658 - 749.6851220706304
    Weighted Variance = 4354.326840043028

==========================================================================================
SPLIT SCORE (Combined Variance)
==========================================================================================
  Formula: (trueVar + falseVar) / (trueWeight + falseWeight)
         = (3827.5987448135684 + 4354.326840043028) / (17368.0 + 19456.0)
         = 8181.925584856596 / 36824.0

  Combined Variance = 0.22219002783121325
  (Lower is better - algorithm seeks to MINIMIZE variance)
==========================================================================================

%       === Grounding Penalty Calculation (Subsampled) ===
%         Pos Examples: valid=17368 checked=10 scale=1,736.80
%         Neg Examples: valid=0 checked=0 scale=0.00
%         High groundings: 17,368.0 (raw pos=10.0, raw neg=0.0)
%         Low groundings:  0.0 (raw pos=0.0, raw neg=0.0)
%         Scaled penalty = -173.680000
%     Score = -8,008.245606 (regressionFit = 8,181.925585, totalPenalty = -173.679979)
%       Penalty breakdown:
%         Length/Singleton = 0.000021
%         Grounding        = -173.680000
%       for clause: action(A, _) :- facingleft(A), oxygenok(A).  [covers 17,368.0/36,824.0 pos, 0.0/0.0 neg]

==========================================================================================
CLAUSE EVALUATION
==========================================================================================

Clause: (action(D, E) :- facingleft(D), visiblediver(D, Anon1753))

Split: 10268 examples satisfy clause (TRUE), 26556 do not (FALSE)

[TRUE BRANCH]
  Total examples: 10268 (3490 positive gradients, 6778 negative gradients)
  Showing first 10 example(s) with facts and gradient values:

    Example 1 [Gradient: 0.8581 (POS)]
      action(srz99311012253, up)

    Example 2 [Gradient: 0.8581 (POS)]
      action(srz965949210266, up)

    Example 3 [Gradient: 0.8581 (POS)]
      action(srz4423044771, up)

    Example 4 [Gradient: 0.8581 (POS)]
      action(srz44248273820, up)

    Example 5 [Gradient: 0.8581 (POS)]
      action(srz965661711161, up)

    Example 6 [Gradient: 0.8581 (POS)]
      action(srz193067042, up)

    Example 7 [Gradient: 0.8581 (POS)]
      action(srz246186712980, up)

    Example 8 [Gradient: 0.8581 (POS)]
      action(srz8029724781, up)

    Example 9 [Gradient: 0.8581 (POS)]
      action(srz8029728294, up)

    Example 10 [Gradient: 0.8581 (POS)]
      action(srz24618678076, up)

    ... (10258 more examples not shown)

  Variance Calculation:
    Formula: sumOfOutputSquared - (sumOfOutputAndNumGrounding^2 / sumOfNumGroundingSquared)
           = 2706.4894353259638 - (2033.473265601739^2 / 10268.0)
           = 2706.4894353259638 - 402.70875749094284
    Weighted Variance = 2303.780677835021

[FALSE BRANCH]
  Total examples: 26556 (8784 positive gradients, 17772 negative gradients)
  Showing first 10 example(s) with facts and gradient values:

    Example 1 [Gradient: 0.8581 (POS)]
      action(srz993110111732, up)

    Example 2 [Gradient: 0.8581 (POS)]
      action(srz274095916391, up)

    Example 3 [Gradient: 0.8581 (POS)]
      action(srz27409598391, up)

    Example 4 [Gradient: 0.8581 (POS)]
      action(srz274095910561, up)

    Example 5 [Gradient: 0.8581 (POS)]
      action(srz99311012073, up)

    Example 6 [Gradient: 0.8581 (POS)]
      action(srz27409595121, up)

    Example 7 [Gradient: 0.8581 (POS)]
      action(srz27409598193, up)

    Example 8 [Gradient: 0.8581 (POS)]
      action(srz19306978, up)

    Example 9 [Gradient: 0.8581 (POS)]
      action(srz274095915157, up)

    Example 10 [Gradient: 0.8581 (POS)]
      action(srz1930610650, up)

    ... (26546 more examples not shown)

  Variance Calculation:
    Formula: sumOfOutputSquared - (sumOfOutputAndNumGrounding^2 / sumOfNumGroundingSquared)
           = 6826.313010657194 - (5017.0031205083^2 / 26556.0)
           = 6826.313010657194 - 947.8204666060407
    Weighted Variance = 5878.492544051153

==========================================================================================
SPLIT SCORE (Combined Variance)
==========================================================================================
  Formula: (trueVar + falseVar) / (trueWeight + falseWeight)
         = (2303.780677835021 + 5878.492544051153) / (10268.0 + 26556.0)
         = 8182.273221886175 / 36824.0

  Combined Variance = 0.22219946833277684
  (Lower is better - algorithm seeks to MINIMIZE variance)
==========================================================================================

%       === Grounding Penalty Calculation (Subsampled) ===
%         Pos Examples: valid=10268 checked=10 scale=1,026.80
%         Neg Examples: valid=0 checked=0 scale=0.00
%         High groundings: 3,080.4 (raw pos=3.0, raw neg=0.0)
%         Low groundings:  1,026.8 (raw pos=1.0, raw neg=0.0)
%         Scaled penalty = -30.804000
%     Score = -8,151.469244 (regressionFit = 8,182.273222, totalPenalty = -30.803978)
%       Penalty breakdown:
%         Length/Singleton = 0.000022
%         Grounding        = -30.804000
%       for clause: action(A, _) :- facingleft(A), visiblediver(A, _).  [covers 10,268.0/36,824.0 pos, 0.0/0.0 neg]

==========================================================================================
CLAUSE EVALUATION
==========================================================================================

Clause: (action(D, E) :- facingleft(D), visibleenemy(D, Anon1755))

Split: 13146 examples satisfy clause (TRUE), 23678 do not (FALSE)

[TRUE BRANCH]
  Total examples: 13146 (4932 positive gradients, 8214 negative gradients)
  Showing first 10 example(s) with facts and gradient values:

    Example 1 [Gradient: 0.8581 (POS)]
      action(srz99311012253, up)

    Example 2 [Gradient: 0.8581 (POS)]
      action(srz993110111732, up)

    Example 3 [Gradient: 0.8581 (POS)]
      action(srz965949210266, up)

    Example 4 [Gradient: 0.8581 (POS)]
      action(srz4423044771, up)

    Example 5 [Gradient: 0.8581 (POS)]
      action(srz44248273820, up)

    Example 6 [Gradient: 0.8581 (POS)]
      action(srz965661711161, up)

    Example 7 [Gradient: 0.8581 (POS)]
      action(srz274095916391, up)

    Example 8 [Gradient: 0.8581 (POS)]
      action(srz193067042, up)

    Example 9 [Gradient: 0.8581 (POS)]
      action(srz246186712980, up)

    Example 10 [Gradient: 0.8581 (POS)]
      action(srz8029724781, up)

    ... (13136 more examples not shown)

  Variance Calculation:
    Formula: sumOfOutputSquared - (sumOfOutputAndNumGrounding^2 / sumOfNumGroundingSquared)
           = 3797.3012875907266 - (3067.2259008186297^2 / 13146.0)
           = 3797.3012875907266 - 715.6454226877114
    Weighted Variance = 3081.6558649030153

[FALSE BRANCH]
  Total examples: 23678 (7342 positive gradients, 16336 negative gradients)
  Showing first 10 example(s) with facts and gradient values:

    Example 1 [Gradient: 0.8581 (POS)]
      action(srz24618678076, up)

    Example 2 [Gradient: 0.8581 (POS)]
      action(srz965661713664, up)

    Example 3 [Gradient: 0.8581 (POS)]
      action(srz1930610650, up)

    Example 4 [Gradient: 0.8581 (POS)]
      action(srz44248272198, up)

    Example 5 [Gradient: 0.8581 (POS)]
      action(srz4423044803, up)

    Example 6 [Gradient: 0.8581 (POS)]
      action(srz802972997, up)

    Example 7 [Gradient: 0.8581 (POS)]
      action(srz8029729575, up)

    Example 8 [Gradient: 0.8581 (POS)]
      action(srz246186715872, up)

    Example 9 [Gradient: 0.8581 (POS)]
      action(srz965949212457, up)

    Example 10 [Gradient: 0.8581 (POS)]
      action(srz96566172021, up)

    ... (23668 more examples not shown)

  Variance Calculation:
    Formula: sumOfOutputSquared - (sumOfOutputAndNumGrounding^2 / sumOfNumGroundingSquared)
           = 5735.501158393408 - (3983.2504852919187^2 / 23678.0)
           = 5735.501158393408 - 670.0854982928586
    Weighted Variance = 5065.41566010055

==========================================================================================
SPLIT SCORE (Combined Variance)
==========================================================================================
  Formula: (trueVar + falseVar) / (trueWeight + falseWeight)
         = (3081.6558649030153 + 5065.41566010055) / (13146.0 + 23678.0)
         = 8147.071525003565 / 36824.0

  Combined Variance = 0.2212435239247112
  (Lower is better - algorithm seeks to MINIMIZE variance)
==========================================================================================

%       === Grounding Penalty Calculation (Subsampled) ===
%         Pos Examples: valid=13146 checked=10 scale=1,314.60
%         Neg Examples: valid=0 checked=0 scale=0.00
%         High groundings: 0.0 (raw pos=0.0, raw neg=0.0)
%         Low groundings:  0.0 (raw pos=0.0, raw neg=0.0)
%         Scaled penalty = 0.000000
%     Score = -8,147.071547 (regressionFit = 8,147.071525, totalPenalty = 0.000022)
%       Penalty breakdown:
%         Length/Singleton = 0.000022
%         Grounding        = 0.000000
%       for clause: action(A, _) :- facingleft(A), visibleenemy(A, _).  [covers 13,146.0/36,824.0 pos, 0.0/0.0 neg]

==========================================================================================
CLAUSE EVALUATION
==========================================================================================

Clause: (action(D, E) :- facingleft(D), visibleenemysubmarine(D, Anon1757))

Split: 12753 examples satisfy clause (TRUE), 24071 do not (FALSE)

[TRUE BRANCH]
  Total examples: 12753 (4493 positive gradients, 8260 negative gradients)
  Showing first 10 example(s) with facts and gradient values:

    Example 1 [Gradient: 0.8581 (POS)]
      action(srz99311012253, up)

    Example 2 [Gradient: 0.8581 (POS)]
      action(srz993110111732, up)

    Example 3 [Gradient: 0.8581 (POS)]
      action(srz965949210266, up)

    Example 4 [Gradient: 0.8581 (POS)]
      action(srz4423044771, up)

    Example 5 [Gradient: 0.8581 (POS)]
      action(srz44248273820, up)

    Example 6 [Gradient: 0.8581 (POS)]
      action(srz965661711161, up)

    Example 7 [Gradient: 0.8581 (POS)]
      action(srz274095916391, up)

    Example 8 [Gradient: 0.8581 (POS)]
      action(srz193067042, up)

    Example 9 [Gradient: 0.8581 (POS)]
      action(srz246186712980, up)

    Example 10 [Gradient: 0.8581 (POS)]
      action(srz8029724781, up)

    ... (12743 more examples not shown)

  Variance Calculation:
    Formula: sumOfOutputSquared - (sumOfOutputAndNumGrounding^2 / sumOfNumGroundingSquared)
           = 3474.938684800236 - (2683.973369324014^2 / 12753.0)
           = 3474.938684800236 - 564.8641925225829
    Weighted Variance = 2910.074492277653

[FALSE BRANCH]
  Total examples: 24071 (7781 positive gradients, 16290 negative gradients)
  Showing first 10 example(s) with facts and gradient values:

    Example 1 [Gradient: 0.8581 (POS)]
      action(srz8029728294, up)

    Example 2 [Gradient: 0.8581 (POS)]
      action(srz274095910561, up)

    Example 3 [Gradient: 0.8581 (POS)]
      action(srz27409595121, up)

    Example 4 [Gradient: 0.8581 (POS)]
      action(srz19306978, up)

    Example 5 [Gradient: 0.8581 (POS)]
      action(srz24618671629, up)

    Example 6 [Gradient: 0.8581 (POS)]
      action(srz27409595310, up)

    Example 7 [Gradient: 0.8581 (POS)]
      action(srz24618676272, up)

    Example 8 [Gradient: 0.8581 (POS)]
      action(srz24618676269, up)

    Example 9 [Gradient: 0.8581 (POS)]
      action(srz24618676219, up)

    Example 10 [Gradient: 0.8581 (POS)]
      action(srz24618671790, up)

    ... (24061 more examples not shown)

  Variance Calculation:
    Formula: sumOfOutputSquared - (sumOfOutputAndNumGrounding^2 / sumOfNumGroundingSquared)
           = 6057.863761183854 - (4366.503016786025^2 / 24071.0)
           = 6057.863761183854 - 792.087931353141
    Weighted Variance = 5265.775829830713

==========================================================================================
SPLIT SCORE (Combined Variance)
==========================================================================================
  Formula: (trueVar + falseVar) / (trueWeight + falseWeight)
         = (2910.074492277653 + 5265.775829830713) / (12753.0 + 24071.0)
         = 8175.850322108366 / 36824.0

  Combined Variance = 0.22202504676592347
  (Lower is better - algorithm seeks to MINIMIZE variance)
==========================================================================================

%       === Grounding Penalty Calculation (Subsampled) ===
%         Pos Examples: valid=12753 checked=10 scale=1,275.30
%         Neg Examples: valid=0 checked=0 scale=0.00
%         High groundings: 1,275.3 (raw pos=1.0, raw neg=0.0)
%         Low groundings:  6,376.5 (raw pos=5.0, raw neg=0.0)
%         Scaled penalty = -12.753000
%     Score = -8,163.097344 (regressionFit = 8,175.850322, totalPenalty = -12.752978)
%       Penalty breakdown:
%         Length/Singleton = 0.000022
%         Grounding        = -12.753000
%       for clause: action(A, _) :- facingleft(A), visibleenemysubmarine(A, _).  [covers 12,753.0/36,824.0 pos, 0.0/0.0 neg]

==========================================================================================
CLAUSE EVALUATION
==========================================================================================

Clause: (action(D, E) :- facingleft(D), visiblemissile(D, Anon1759))

Split: 4943 examples satisfy clause (TRUE), 31881 do not (FALSE)

[TRUE BRANCH]
  Total examples: 4943 (1783 positive gradients, 3160 negative gradients)
  Showing first 10 example(s) with facts and gradient values:

    Example 1 [Gradient: 0.8581 (POS)]
      action(srz99311012253, up)

    Example 2 [Gradient: 0.8581 (POS)]
      action(srz965949210266, up)

    Example 3 [Gradient: 0.8581 (POS)]
      action(srz965661711161, up)

    Example 4 [Gradient: 0.8581 (POS)]
      action(srz193067042, up)

    Example 5 [Gradient: 0.8581 (POS)]
      action(srz8029724781, up)

    Example 6 [Gradient: 0.8581 (POS)]
      action(srz24618678076, up)

    Example 7 [Gradient: 0.8581 (POS)]
      action(srz965661711168, up)

    Example 8 [Gradient: 0.8581 (POS)]
      action(srz965661713664, up)

    Example 9 [Gradient: 0.8581 (POS)]
      action(srz193064488, up)

    Example 10 [Gradient: 0.8581 (POS)]
      action(srz193062164, up)

    ... (4933 more examples not shown)

  Variance Calculation:
    Formula: sumOfOutputSquared - (sumOfOutputAndNumGrounding^2 / sumOfNumGroundingSquared)
           = 1376.6207873286246 - (1081.830186196864^2 / 4943.0)
           = 1376.6207873286246 - 236.7704939847747
    Weighted Variance = 1139.85029334385

[FALSE BRANCH]
  Total examples: 31881 (10491 positive gradients, 21390 negative gradients)
  Showing first 10 example(s) with facts and gradient values:

    Example 1 [Gradient: 0.8581 (POS)]
      action(srz993110111732, up)

    Example 2 [Gradient: 0.8581 (POS)]
      action(srz4423044771, up)

    Example 3 [Gradient: 0.8581 (POS)]
      action(srz44248273820, up)

    Example 4 [Gradient: 0.8581 (POS)]
      action(srz274095916391, up)

    Example 5 [Gradient: 0.8581 (POS)]
      action(srz246186712980, up)

    Example 6 [Gradient: 0.8581 (POS)]
      action(srz8029728294, up)

    Example 7 [Gradient: 0.8581 (POS)]
      action(srz193061153, up)

    Example 8 [Gradient: 0.8581 (POS)]
      action(srz27409598391, up)

    Example 9 [Gradient: 0.8581 (POS)]
      action(srz274095910561, up)

    Example 10 [Gradient: 0.8581 (POS)]
      action(srz99311012073, up)

    ... (31871 more examples not shown)

  Variance Calculation:
    Formula: sumOfOutputSquared - (sumOfOutputAndNumGrounding^2 / sumOfNumGroundingSquared)
           = 8156.181658655024 - (5968.646199913175^2 / 31881.0)
           = 8156.181658655024 - 1117.4284827871768
    Weighted Variance = 7038.753175867847

==========================================================================================
SPLIT SCORE (Combined Variance)
==========================================================================================
  Formula: (trueVar + falseVar) / (trueWeight + falseWeight)
         = (1139.85029334385 + 7038.753175867847) / (4943.0 + 31881.0)
         = 8178.603469211697 / 36824.0

  Combined Variance = 0.22209981178610952
  (Lower is better - algorithm seeks to MINIMIZE variance)
==========================================================================================

%       === Grounding Penalty Calculation (Subsampled) ===
%         Pos Examples: valid=4943 checked=10 scale=494.30
%         Neg Examples: valid=0 checked=0 scale=0.00
%         High groundings: 3,460.1 (raw pos=7.0, raw neg=0.0)
%         Low groundings:  0.0 (raw pos=0.0, raw neg=0.0)
%         Scaled penalty = -34.601000
%     Score = -8,144.002492 (regressionFit = 8,178.603469, totalPenalty = -34.600978)
%       Penalty breakdown:
%         Length/Singleton = 0.000022
%         Grounding        = -34.601000
%       for clause: action(A, _) :- facingleft(A), visiblemissile(A, _).  [covers 4,943.0/36,824.0 pos, 0.0/0.0 neg]

% Consider expanding [#8 of outerLoop #1, bodyLen=1] 'action(A, _) :- visibleenemysubmarine(A, _).  [covers 27,320.0/36,824.0 pos, 0.0/0.0 neg]' score=-8052.177454376303
% [ LazyGroundClauseIndex ]  Building full index for aboveofsubmarine/2 with 64,138 assertions.
% [ LazyGroundClauseIndex ]  Building full index for belowofsubmarine/2 with 71,823 assertions.
% [ LazyGroundClauseIndex ]  Building full index for enemyfacingleft/2 with 105,101 assertions.
% [ LazyGroundClauseIndex ]  Building full index for enemyfacingright/2 with 49,529 assertions.
% [ LazyGroundClauseIndex ]  Building full index for leftofsubmarine/2 with 61,464 assertions.
% [ LazyGroundClauseIndex ]  Building full index for nearbysubmarine/2 with 12,661 assertions.
% [ LazyGroundClauseIndex ]  Building full index for rightofsubmarine/2 with 68,023 assertions.
% [ LazyGroundClauseIndex ]  Building full index for samelevelassubmarine/2 with 15,101 assertions.
%  At # nodes expanded = 8, |OPEN| = 2.  Pruned 0 variant children.  Sending 16 items to OPEN for evaluation and possible insertion.
% Have created 16 valid-on-seeds descendants and have picked up 4 bad extensions.

==========================================================================================
CLAUSE EVALUATION
==========================================================================================

Clause: (action(D, E) :- visibleenemysubmarine(D, Anon1101), aboveofsubmarine(D, Anon1101))

Split: 12176 examples satisfy clause (TRUE), 24648 do not (FALSE)

[TRUE BRANCH]
  Total examples: 12176 (4786 positive gradients, 7390 negative gradients)
  Showing first 10 example(s) with facts and gradient values:

    Example 1 [Gradient: 0.8581 (POS)]
      action(srz24618679187, up)

    Example 2 [Gradient: 0.8581 (POS)]
      action(srz965949211741, up)

    Example 3 [Gradient: 0.8581 (POS)]
      action(srz246186715298, up)

    Example 4 [Gradient: 0.8581 (POS)]
      action(srz99311012253, up)

    Example 5 [Gradient: 0.8581 (POS)]
      action(srz4423044516, up)

    Example 6 [Gradient: 0.8581 (POS)]
      action(srz965949210266, up)

    Example 7 [Gradient: 0.8581 (POS)]
      action(srz965661714967, up)

    Example 8 [Gradient: 0.8581 (POS)]
      action(srz1930610987, up)

    Example 9 [Gradient: 0.8581 (POS)]
      action(srz8029729421, up)

    Example 10 [Gradient: 0.8581 (POS)]
      action(srz193067042, up)

    ... (12166 more examples not shown)

  Variance Calculation:
    Formula: sumOfOutputSquared - (sumOfOutputAndNumGrounding^2 / sumOfNumGroundingSquared)
           = 3673.203725666531 - (3058.82143377164^2 / 12176.0)
           = 3673.203725666531 - 768.4287585168192
    Weighted Variance = 2904.774967149712

[FALSE BRANCH]
  Total examples: 24648 (7488 positive gradients, 17160 negative gradients)
  Showing first 10 example(s) with facts and gradient values:

    Example 1 [Gradient: 0.8581 (POS)]
      action(srz27409598635, up)

    Example 2 [Gradient: 0.8581 (POS)]
      action(srz96594922425, up)

    Example 3 [Gradient: 0.8581 (POS)]
      action(srz193068276, up)

    Example 4 [Gradient: 0.8581 (POS)]
      action(srz993110111732, up)

    Example 5 [Gradient: 0.8581 (POS)]
      action(srz193069751, up)

    Example 6 [Gradient: 0.8581 (POS)]
      action(srz19306778, up)

    Example 7 [Gradient: 0.8581 (POS)]
      action(srz27409594624, up)

    Example 8 [Gradient: 0.8581 (POS)]
      action(srz4423044771, up)

    Example 9 [Gradient: 0.8581 (POS)]
      action(srz274095916997, up)

    Example 10 [Gradient: 0.8581 (POS)]
      action(srz44248273820, up)

    ... (24638 more examples not shown)

  Variance Calculation:
    Formula: sumOfOutputSquared - (sumOfOutputAndNumGrounding^2 / sumOfNumGroundingSquared)
           = 5859.598720322398 - (3991.6549523339363^2 / 24648.0)
           = 5859.598720322398 - 646.4341633597874
    Weighted Variance = 5213.164556962611

==========================================================================================
SPLIT SCORE (Combined Variance)
==========================================================================================
  Formula: (trueVar + falseVar) / (trueWeight + falseWeight)
         = (2904.774967149712 + 5213.164556962611) / (12176.0 + 24648.0)
         = 8117.939524112323 / 36824.0

  Combined Variance = 0.2204524094099588
  (Lower is better - algorithm seeks to MINIMIZE variance)
==========================================================================================

% [ LazyGroundNthArgumentClauseIndex ]  Argument 0:  Building full index for aboveofsubmarine/2.
%       === Grounding Penalty Calculation (Subsampled) ===
%         Pos Examples: valid=12176 checked=10 scale=1,217.60
%         Neg Examples: valid=0 checked=0 scale=0.00
%         High groundings: 1,217.6 (raw pos=1.0, raw neg=0.0)
%         Low groundings:  1,217.6 (raw pos=1.0, raw neg=0.0)
%         Scaled penalty = -12.176000
%     Score = -8,105.763545 (regressionFit = 8,117.939524, totalPenalty = -12.175979)
%       Penalty breakdown:
%         Length/Singleton = 0.000021
%         Grounding        = -12.176000
%       for clause: action(A, _) :- visibleenemysubmarine(A, B), aboveofsubmarine(A, B).  [covers 12,176.0/36,824.0 pos, 0.0/0.0 neg]

==========================================================================================
CLAUSE EVALUATION
==========================================================================================

Clause: (action(D, E) :- visibleenemysubmarine(D, Anon1101), belowofsubmarine(D, Anon1101))

Split: 20079 examples satisfy clause (TRUE), 16745 do not (FALSE)

[TRUE BRANCH]
  Total examples: 20079 (8640 positive gradients, 11439 negative gradients)
  Showing first 10 example(s) with facts and gradient values:

    Example 1 [Gradient: 0.8581 (POS)]
      action(srz27409598635, up)

    Example 2 [Gradient: 0.8581 (POS)]
      action(srz24618679187, up)

    Example 3 [Gradient: 0.8581 (POS)]
      action(srz96594922425, up)

    Example 4 [Gradient: 0.8581 (POS)]
      action(srz193068276, up)

    Example 5 [Gradient: 0.8581 (POS)]
      action(srz246186715298, up)

    Example 6 [Gradient: 0.8581 (POS)]
      action(srz993110111732, up)

    Example 7 [Gradient: 0.8581 (POS)]
      action(srz193069751, up)

    Example 8 [Gradient: 0.8581 (POS)]
      action(srz4423044516, up)

    Example 9 [Gradient: 0.8581 (POS)]
      action(srz965949210266, up)

    Example 10 [Gradient: 0.8581 (POS)]
      action(srz965661714967, up)

    ... (20069 more examples not shown)

  Variance Calculation:
    Formula: sumOfOutputSquared - (sumOfOutputAndNumGrounding^2 / sumOfNumGroundingSquared)
           = 6592.837707027782 - (5791.772467869963^2 / 20079.0)
           = 6592.837707027782 - 1670.6324179280105
    Weighted Variance = 4922.205289099771

[FALSE BRANCH]
  Total examples: 16745 (3634 positive gradients, 13111 negative gradients)
  Showing first 10 example(s) with facts and gradient values:

    Example 1 [Gradient: 0.8581 (POS)]
      action(srz965949211741, up)

    Example 2 [Gradient: 0.8581 (POS)]
      action(srz99311012253, up)

    Example 3 [Gradient: 0.8581 (POS)]
      action(srz193063844, up)

    Example 4 [Gradient: 0.8581 (POS)]
      action(srz8029723597, up)

    Example 5 [Gradient: 0.8581 (POS)]
      action(srz965661713664, up)

    Example 6 [Gradient: 0.8581 (POS)]
      action(srz193064488, up)

    Example 7 [Gradient: 0.8581 (POS)]
      action(srz96566171118, up)

    Example 8 [Gradient: 0.8581 (POS)]
      action(srz96594928124, up)

    Example 9 [Gradient: 0.8581 (POS)]
      action(srz96566172811, up)

    Example 10 [Gradient: 0.8581 (POS)]
      action(srz99311013387, up)

    ... (16735 more examples not shown)

  Variance Calculation:
    Formula: sumOfOutputSquared - (sumOfOutputAndNumGrounding^2 / sumOfNumGroundingSquared)
           = 2939.9647389538177 - (1258.7039182412468^2 / 16745.0)
           = 2939.9647389538177 - 94.61544065666571
    Weighted Variance = 2845.349298297152

==========================================================================================
SPLIT SCORE (Combined Variance)
==========================================================================================
  Formula: (trueVar + falseVar) / (trueWeight + falseWeight)
         = (4922.205289099771 + 2845.349298297152) / (20079.0 + 16745.0)
         = 7767.554587396923 / 36824.0

  Combined Variance = 0.21093728512374874
  (Lower is better - algorithm seeks to MINIMIZE variance)
==========================================================================================

% [ LazyGroundNthArgumentClauseIndex ]  Argument 0:  Building full index for belowofsubmarine/2.
%       === Grounding Penalty Calculation (Subsampled) ===
%         Pos Examples: valid=20079 checked=10 scale=2,007.90
%         Neg Examples: valid=0 checked=0 scale=0.00
%         High groundings: 0.0 (raw pos=0.0, raw neg=0.0)
%         Low groundings:  14,055.3 (raw pos=7.0, raw neg=0.0)
%         Scaled penalty = 0.000000
%     Score = -7,767.554609 (regressionFit = 7,767.554587, totalPenalty = 0.000021)
%       Penalty breakdown:
%         Length/Singleton = 0.000021
%         Grounding        = 0.000000
%       for clause: action(A, _) :- visibleenemysubmarine(A, B), belowofsubmarine(A, B).  [covers 20,079.0/36,824.0 pos, 0.0/0.0 neg]
% Gleaner: New best node found (score = -7,767.554609): action(A, _) :- visibleenemysubmarine(A, B), belowofsubmarine(A, B).  [covers 20,079.0/36,824.0 pos, 0.0/0.0 neg]

==========================================================================================
CLAUSE EVALUATION
==========================================================================================

Clause: (action(D, E) :- visibleenemysubmarine(D, Anon1101), diversempty(D))

Split: 4237 examples satisfy clause (TRUE), 32587 do not (FALSE)

[TRUE BRANCH]
  Total examples: 4237 (848 positive gradients, 3389 negative gradients)
  Showing first 10 example(s) with facts and gradient values:

    Example 1 [Gradient: 0.8581 (POS)]
      action(srz1930610207, up)

    Example 2 [Gradient: 0.8581 (POS)]
      action(srz99311017114, up)

    Example 3 [Gradient: 0.8581 (POS)]
      action(srz8029723597, up)

    Example 4 [Gradient: 0.8581 (POS)]
      action(srz44248273715, up)

    Example 5 [Gradient: 0.8581 (POS)]
      action(srz99311017494, up)

    Example 6 [Gradient: 0.8581 (POS)]
      action(srz44248273713, up)

    Example 7 [Gradient: 0.8581 (POS)]
      action(srz193063440, up)

    Example 8 [Gradient: 0.8581 (POS)]
      action(srz99311017130, up)

    Example 9 [Gradient: 0.8581 (POS)]
      action(srz193065695, up)

    Example 10 [Gradient: 0.8581 (POS)]
      action(srz99311017800, up)

    ... (4227 more examples not shown)

  Variance Calculation:
    Formula: sumOfOutputSquared - (sumOfOutputAndNumGrounding^2 / sumOfNumGroundingSquared)
           = 692.6763411158673 - (246.9770380166119^2 / 4237.0)
           = 692.6763411158673 - 14.39642608153386
    Weighted Variance = 678.2799150343335

[FALSE BRANCH]
  Total examples: 32587 (11426 positive gradients, 21161 negative gradients)
  Showing first 10 example(s) with facts and gradient values:

    Example 1 [Gradient: 0.8581 (POS)]
      action(srz27409598635, up)

    Example 2 [Gradient: 0.8581 (POS)]
      action(srz24618679187, up)

    Example 3 [Gradient: 0.8581 (POS)]
      action(srz965949211741, up)

    Example 4 [Gradient: 0.8581 (POS)]
      action(srz96594922425, up)

    Example 5 [Gradient: 0.8581 (POS)]
      action(srz193068276, up)

    Example 6 [Gradient: 0.8581 (POS)]
      action(srz246186715298, up)

    Example 7 [Gradient: 0.8581 (POS)]
      action(srz99311012253, up)

    Example 8 [Gradient: 0.8581 (POS)]
      action(srz993110111732, up)

    Example 9 [Gradient: 0.8581 (POS)]
      action(srz193069751, up)

    Example 10 [Gradient: 0.8581 (POS)]
      action(srz4423044516, up)

    ... (32577 more examples not shown)

  Variance Calculation:
    Formula: sumOfOutputSquared - (sumOfOutputAndNumGrounding^2 / sumOfNumGroundingSquared)
           = 8840.126104865089 - (6803.499348095964^2 / 32587.0)
           = 8840.126104865089 - 1420.4315641066132
    Weighted Variance = 7419.694540758475

==========================================================================================
SPLIT SCORE (Combined Variance)
==========================================================================================
  Formula: (trueVar + falseVar) / (trueWeight + falseWeight)
         = (678.2799150343335 + 7419.694540758475) / (4237.0 + 32587.0)
         = 8097.974455792809 / 36824.0

  Combined Variance = 0.21991023397221401
  (Lower is better - algorithm seeks to MINIMIZE variance)
==========================================================================================

%       === Grounding Penalty Calculation (Subsampled) ===
%         Pos Examples: valid=4237 checked=10 scale=423.70
%         Neg Examples: valid=0 checked=0 scale=0.00
%         High groundings: 423.7 (raw pos=1.0, raw neg=0.0)
%         Low groundings:  3,389.6 (raw pos=8.0, raw neg=0.0)
%         Scaled penalty = -4.237000
%     Score = -8,093.737478 (regressionFit = 8,097.974456, totalPenalty = -4.236978)
%       Penalty breakdown:
%         Length/Singleton = 0.000022
%         Grounding        = -4.237000
%       for clause: action(A, _) :- visibleenemysubmarine(A, _), diversempty(A).  [covers 4,237.0/36,824.0 pos, 0.0/0.0 neg]

==========================================================================================
CLAUSE EVALUATION
==========================================================================================

Clause: (action(D, E) :- visibleenemysubmarine(D, Anon1101), diversnotfull(D))

Split: 19748 examples satisfy clause (TRUE), 17076 do not (FALSE)

[TRUE BRANCH]
  Total examples: 19748 (7584 positive gradients, 12164 negative gradients)
  Showing first 10 example(s) with facts and gradient values:

    Example 1 [Gradient: 0.8581 (POS)]
      action(srz27409598635, up)

    Example 2 [Gradient: 0.8581 (POS)]
      action(srz965949211741, up)

    Example 3 [Gradient: 0.8581 (POS)]
      action(srz96594922425, up)

    Example 4 [Gradient: 0.8581 (POS)]
      action(srz193068276, up)

    Example 5 [Gradient: 0.8581 (POS)]
      action(srz246186715298, up)

    Example 6 [Gradient: 0.8581 (POS)]
      action(srz99311012253, up)

    Example 7 [Gradient: 0.8581 (POS)]
      action(srz993110111732, up)

    Example 8 [Gradient: 0.8581 (POS)]
      action(srz193069751, up)

    Example 9 [Gradient: 0.8581 (POS)]
      action(srz4423044516, up)

    Example 10 [Gradient: 0.8581 (POS)]
      action(srz965949210266, up)

    ... (19738 more examples not shown)

  Variance Calculation:
    Formula: sumOfOutputSquared - (sumOfOutputAndNumGrounding^2 / sumOfNumGroundingSquared)
           = 5829.76686525069 - (4782.725170351876^2 / 19748.0)
           = 5829.76686525069 - 1158.3178071256523
    Weighted Variance = 4671.4490581250375

[FALSE BRANCH]
  Total examples: 17076 (4690 positive gradients, 12386 negative gradients)
  Showing first 10 example(s) with facts and gradient values:

    Example 1 [Gradient: 0.8581 (POS)]
      action(srz24618679187, up)

    Example 2 [Gradient: 0.8581 (POS)]
      action(srz4423044771, up)

    Example 3 [Gradient: 0.8581 (POS)]
      action(srz24618679190, up)

    Example 4 [Gradient: 0.8581 (POS)]
      action(srz1930610207, up)

    Example 5 [Gradient: 0.8581 (POS)]
      action(srz193067556, up)

    Example 6 [Gradient: 0.8581 (POS)]
      action(srz44248276446, up)

    Example 7 [Gradient: 0.8581 (POS)]
      action(srz8029727331, up)

    Example 8 [Gradient: 0.8581 (POS)]
      action(srz193065703, up)

    Example 9 [Gradient: 0.8581 (POS)]
      action(srz99311017114, up)

    Example 10 [Gradient: 0.8581 (POS)]
      action(srz8029723597, up)

    ... (17066 more examples not shown)

  Variance Calculation:
    Formula: sumOfOutputSquared - (sumOfOutputAndNumGrounding^2 / sumOfNumGroundingSquared)
           = 3703.0355807306996 - (2267.7512157591837^2 / 17076.0)
           = 3703.0355807306996 - 301.16511926547525
    Weighted Variance = 3401.8704614652243

==========================================================================================
SPLIT SCORE (Combined Variance)
==========================================================================================
  Formula: (trueVar + falseVar) / (trueWeight + falseWeight)
         = (4671.4490581250375 + 3401.8704614652243) / (19748.0 + 17076.0)
         = 8073.319519590262 / 36824.0

  Combined Variance = 0.21924069953264885
  (Lower is better - algorithm seeks to MINIMIZE variance)
==========================================================================================

%       === Grounding Penalty Calculation (Subsampled) ===
%         Pos Examples: valid=19748 checked=10 scale=1,974.80
%         Neg Examples: valid=0 checked=0 scale=0.00
%         High groundings: 1,974.8 (raw pos=1.0, raw neg=0.0)
%         Low groundings:  5,924.4 (raw pos=3.0, raw neg=0.0)
%         Scaled penalty = -19.748000
%     Score = -8,053.571542 (regressionFit = 8,073.319520, totalPenalty = -19.747978)
%       Penalty breakdown:
%         Length/Singleton = 0.000022
%         Grounding        = -19.748000
%       for clause: action(A, _) :- visibleenemysubmarine(A, _), diversnotfull(A).  [covers 19,748.0/36,824.0 pos, 0.0/0.0 neg]

==========================================================================================
CLAUSE EVALUATION
==========================================================================================

Clause: (action(D, E) :- visibleenemysubmarine(D, Anon1101), enemyfacingleft(D, Anon1101))

Split: 24615 examples satisfy clause (TRUE), 12209 do not (FALSE)

[TRUE BRANCH]
  Total examples: 24615 (9032 positive gradients, 15583 negative gradients)
  Showing first 10 example(s) with facts and gradient values:

    Example 1 [Gradient: 0.8581 (POS)]
      action(srz27409598635, up)

    Example 2 [Gradient: 0.8581 (POS)]
      action(srz24618679187, up)

    Example 3 [Gradient: 0.8581 (POS)]
      action(srz965949211741, up)

    Example 4 [Gradient: 0.8581 (POS)]
      action(srz96594922425, up)

    Example 5 [Gradient: 0.8581 (POS)]
      action(srz193068276, up)

    Example 6 [Gradient: 0.8581 (POS)]
      action(srz246186715298, up)

    Example 7 [Gradient: 0.8581 (POS)]
      action(srz993110111732, up)

    Example 8 [Gradient: 0.8581 (POS)]
      action(srz193069751, up)

    Example 9 [Gradient: 0.8581 (POS)]
      action(srz4423044516, up)

    Example 10 [Gradient: 0.8581 (POS)]
      action(srz965949210266, up)

    ... (24605 more examples not shown)

  Variance Calculation:
    Formula: sumOfOutputSquared - (sumOfOutputAndNumGrounding^2 / sumOfNumGroundingSquared)
           = 6964.898614990776 - (5540.33603748339^2 / 24615.0)
           = 6964.898614990776 - 1247.0169981002296
    Weighted Variance = 5717.881616890547

[FALSE BRANCH]
  Total examples: 12209 (3242 positive gradients, 8967 negative gradients)
  Showing first 10 example(s) with facts and gradient values:

    Example 1 [Gradient: 0.8581 (POS)]
      action(srz99311012253, up)

    Example 2 [Gradient: 0.8581 (POS)]
      action(srz24618678076, up)

    Example 3 [Gradient: 0.8581 (POS)]
      action(srz193063844, up)

    Example 4 [Gradient: 0.8581 (POS)]
      action(srz965661713664, up)

    Example 5 [Gradient: 0.8581 (POS)]
      action(srz96566175547, up)

    Example 6 [Gradient: 0.8581 (POS)]
      action(srz193062164, up)

    Example 7 [Gradient: 0.8581 (POS)]
      action(srz96566171118, up)

    Example 8 [Gradient: 0.8581 (POS)]
      action(srz96594928124, up)

    Example 9 [Gradient: 0.8581 (POS)]
      action(srz96566172811, up)

    Example 10 [Gradient: 0.8581 (POS)]
      action(srz44248272198, up)

    ... (12199 more examples not shown)

  Variance Calculation:
    Formula: sumOfOutputSquared - (sumOfOutputAndNumGrounding^2 / sumOfNumGroundingSquared)
           = 2567.9038309896564 - (1510.1403486298827^2 / 12209.0)
           = 2567.9038309896564 - 186.7903900860008
    Weighted Variance = 2381.113440903656

==========================================================================================
SPLIT SCORE (Combined Variance)
==========================================================================================
  Formula: (trueVar + falseVar) / (trueWeight + falseWeight)
         = (5717.881616890547 + 2381.113440903656) / (24615.0 + 12209.0)
         = 8098.995057794203 / 36824.0

  Combined Variance = 0.21993794964681193
  (Lower is better - algorithm seeks to MINIMIZE variance)
==========================================================================================

% [ LazyGroundNthArgumentClauseIndex ]  Argument 0:  Building full index for enemyfacingleft/2.
%       === Grounding Penalty Calculation (Subsampled) ===
%         Pos Examples: valid=24615 checked=10 scale=2,461.50
%         Neg Examples: valid=0 checked=0 scale=0.00
%         High groundings: 4,923.0 (raw pos=2.0, raw neg=0.0)
%         Low groundings:  14,769.0 (raw pos=6.0, raw neg=0.0)
%         Scaled penalty = -49.230000
%     Score = -8,049.765079 (regressionFit = 8,098.995058, totalPenalty = -49.229979)
%       Penalty breakdown:
%         Length/Singleton = 0.000021
%         Grounding        = -49.230000
%       for clause: action(A, _) :- visibleenemysubmarine(A, B), enemyfacingleft(A, B).  [covers 24,615.0/36,824.0 pos, 0.0/0.0 neg]

==========================================================================================
CLAUSE EVALUATION
==========================================================================================

Clause: (action(D, E) :- visibleenemysubmarine(D, Anon1101), enemyfacingright(D, Anon1101))

Split: 9060 examples satisfy clause (TRUE), 27764 do not (FALSE)

[TRUE BRANCH]
  Total examples: 9060 (3418 positive gradients, 5642 negative gradients)
  Showing first 10 example(s) with facts and gradient values:

    Example 1 [Gradient: 0.8581 (POS)]
      action(srz193068276, up)

    Example 2 [Gradient: 0.8581 (POS)]
      action(srz99311012253, up)

    Example 3 [Gradient: 0.8581 (POS)]
      action(srz4423044516, up)

    Example 4 [Gradient: 0.8581 (POS)]
      action(srz965949210266, up)

    Example 5 [Gradient: 0.8581 (POS)]
      action(srz965661714967, up)

    Example 6 [Gradient: 0.8581 (POS)]
      action(srz8029729421, up)

    Example 7 [Gradient: 0.8581 (POS)]
      action(srz193067042, up)

    Example 8 [Gradient: 0.8581 (POS)]
      action(srz96594929912, up)

    Example 9 [Gradient: 0.8581 (POS)]
      action(srz24618678076, up)

    Example 10 [Gradient: 0.8581 (POS)]
      action(srz99311019868, up)

    ... (9050 more examples not shown)

  Variance Calculation:
    Formula: sumOfOutputSquared - (sumOfOutputAndNumGrounding^2 / sumOfNumGroundingSquared)
           = 2630.6089453384716 - (2132.8293520015345^2 / 9060.0)
           = 2630.6089453384716 - 502.0928305473825
    Weighted Variance = 2128.516114791089

[FALSE BRANCH]
  Total examples: 27764 (8856 positive gradients, 18908 negative gradients)
  Showing first 10 example(s) with facts and gradient values:

    Example 1 [Gradient: 0.8581 (POS)]
      action(srz27409598635, up)

    Example 2 [Gradient: 0.8581 (POS)]
      action(srz24618679187, up)

    Example 3 [Gradient: 0.8581 (POS)]
      action(srz965949211741, up)

    Example 4 [Gradient: 0.8581 (POS)]
      action(srz96594922425, up)

    Example 5 [Gradient: 0.8581 (POS)]
      action(srz246186715298, up)

    Example 6 [Gradient: 0.8581 (POS)]
      action(srz993110111732, up)

    Example 7 [Gradient: 0.8581 (POS)]
      action(srz193069751, up)

    Example 8 [Gradient: 0.8581 (POS)]
      action(srz19306778, up)

    Example 9 [Gradient: 0.8581 (POS)]
      action(srz27409594624, up)

    Example 10 [Gradient: 0.8581 (POS)]
      action(srz4423044771, up)

    ... (27754 more examples not shown)

  Variance Calculation:
    Formula: sumOfOutputSquared - (sumOfOutputAndNumGrounding^2 / sumOfNumGroundingSquared)
           = 6902.193500644684 - (4917.647034108386^2 / 27764.0)
           = 6902.193500644684 - 871.0291151157976
    Weighted Variance = 6031.164385528886

==========================================================================================
SPLIT SCORE (Combined Variance)
==========================================================================================
  Formula: (trueVar + falseVar) / (trueWeight + falseWeight)
         = (2128.516114791089 + 6031.164385528886) / (9060.0 + 27764.0)
         = 8159.680500319975 / 36824.0

  Combined Variance = 0.22158593581142666
  (Lower is better - algorithm seeks to MINIMIZE variance)
==========================================================================================

% [ LazyGroundNthArgumentClauseIndex ]  Argument 0:  Building full index for enemyfacingright/2.
%       === Grounding Penalty Calculation (Subsampled) ===
%         Pos Examples: valid=9060 checked=10 scale=906.00
%         Neg Examples: valid=0 checked=0 scale=0.00
%         High groundings: 0.0 (raw pos=0.0, raw neg=0.0)
%         Low groundings:  3,624.0 (raw pos=4.0, raw neg=0.0)
%         Scaled penalty = 0.000000
%     Score = -8,159.680522 (regressionFit = 8,159.680500, totalPenalty = 0.000021)
%       Penalty breakdown:
%         Length/Singleton = 0.000021
%         Grounding        = 0.000000
%       for clause: action(A, _) :- visibleenemysubmarine(A, B), enemyfacingright(A, B).  [covers 9,060.0/36,824.0 pos, 0.0/0.0 neg]

==========================================================================================
CLAUSE EVALUATION
==========================================================================================

Clause: (action(D, E) :- visibleenemysubmarine(D, Anon1101), facingleft(D))

Split: 12753 examples satisfy clause (TRUE), 24071 do not (FALSE)

[TRUE BRANCH]
  Total examples: 12753 (4493 positive gradients, 8260 negative gradients)
  Showing first 10 example(s) with facts and gradient values:

    Example 1 [Gradient: 0.8581 (POS)]
      action(srz99311012253, up)

    Example 2 [Gradient: 0.8581 (POS)]
      action(srz993110111732, up)

    Example 3 [Gradient: 0.8581 (POS)]
      action(srz965949210266, up)

    Example 4 [Gradient: 0.8581 (POS)]
      action(srz4423044771, up)

    Example 5 [Gradient: 0.8581 (POS)]
      action(srz44248273820, up)

    Example 6 [Gradient: 0.8581 (POS)]
      action(srz965661711161, up)

    Example 7 [Gradient: 0.8581 (POS)]
      action(srz274095916391, up)

    Example 8 [Gradient: 0.8581 (POS)]
      action(srz193067042, up)

    Example 9 [Gradient: 0.8581 (POS)]
      action(srz246186712980, up)

    Example 10 [Gradient: 0.8581 (POS)]
      action(srz8029724781, up)

    ... (12743 more examples not shown)

  Variance Calculation:
    Formula: sumOfOutputSquared - (sumOfOutputAndNumGrounding^2 / sumOfNumGroundingSquared)
           = 3474.938684800236 - (2683.973369324014^2 / 12753.0)
           = 3474.938684800236 - 564.8641925225829
    Weighted Variance = 2910.074492277653

[FALSE BRANCH]
  Total examples: 24071 (7781 positive gradients, 16290 negative gradients)
  Showing first 10 example(s) with facts and gradient values:

    Example 1 [Gradient: 0.8581 (POS)]
      action(srz27409598635, up)

    Example 2 [Gradient: 0.8581 (POS)]
      action(srz24618679187, up)

    Example 3 [Gradient: 0.8581 (POS)]
      action(srz965949211741, up)

    Example 4 [Gradient: 0.8581 (POS)]
      action(srz96594922425, up)

    Example 5 [Gradient: 0.8581 (POS)]
      action(srz193068276, up)

    Example 6 [Gradient: 0.8581 (POS)]
      action(srz246186715298, up)

    Example 7 [Gradient: 0.8581 (POS)]
      action(srz193069751, up)

    Example 8 [Gradient: 0.8581 (POS)]
      action(srz4423044516, up)

    Example 9 [Gradient: 0.8581 (POS)]
      action(srz965661714967, up)

    Example 10 [Gradient: 0.8581 (POS)]
      action(srz19306778, up)

    ... (24061 more examples not shown)

  Variance Calculation:
    Formula: sumOfOutputSquared - (sumOfOutputAndNumGrounding^2 / sumOfNumGroundingSquared)
           = 6057.863761186137 - (4366.503016782461^2 / 24071.0)
           = 6057.863761186137 - 792.0879313518478
    Weighted Variance = 5265.775829834289

==========================================================================================
SPLIT SCORE (Combined Variance)
==========================================================================================
  Formula: (trueVar + falseVar) / (trueWeight + falseWeight)
         = (2910.074492277653 + 5265.775829834289) / (12753.0 + 24071.0)
         = 8175.850322111942 / 36824.0

  Combined Variance = 0.22202504676602058
  (Lower is better - algorithm seeks to MINIMIZE variance)
==========================================================================================

%       === Grounding Penalty Calculation (Subsampled) ===
%         Pos Examples: valid=12753 checked=10 scale=1,275.30
%         Neg Examples: valid=0 checked=0 scale=0.00
%         High groundings: 1,275.3 (raw pos=1.0, raw neg=0.0)
%         Low groundings:  2,550.6 (raw pos=2.0, raw neg=0.0)
%         Scaled penalty = -12.753000
%     Score = -8,163.097344 (regressionFit = 8,175.850322, totalPenalty = -12.752978)
%       Penalty breakdown:
%         Length/Singleton = 0.000022
%         Grounding        = -12.753000
%       for clause: action(A, _) :- visibleenemysubmarine(A, _), facingleft(A).  [covers 12,753.0/36,824.0 pos, 0.0/0.0 neg]

==========================================================================================
CLAUSE EVALUATION
==========================================================================================

Clause: (action(D, E) :- visibleenemysubmarine(D, Anon1101), facingright(D))

Split: 14165 examples satisfy clause (TRUE), 22659 do not (FALSE)

[TRUE BRANCH]
  Total examples: 14165 (5452 positive gradients, 8713 negative gradients)
  Showing first 10 example(s) with facts and gradient values:

    Example 1 [Gradient: 0.8581 (POS)]
      action(srz27409598635, up)

    Example 2 [Gradient: 0.8581 (POS)]
      action(srz24618679187, up)

    Example 3 [Gradient: 0.8581 (POS)]
      action(srz965949211741, up)

    Example 4 [Gradient: 0.8581 (POS)]
      action(srz96594922425, up)

    Example 5 [Gradient: 0.8581 (POS)]
      action(srz193068276, up)

    Example 6 [Gradient: 0.8581 (POS)]
      action(srz246186715298, up)

    Example 7 [Gradient: 0.8581 (POS)]
      action(srz193069751, up)

    Example 8 [Gradient: 0.8581 (POS)]
      action(srz4423044516, up)

    Example 9 [Gradient: 0.8581 (POS)]
      action(srz965661714967, up)

    Example 10 [Gradient: 0.8581 (POS)]
      action(srz19306778, up)

    ... (14155 more examples not shown)

  Variance Calculation:
    Formula: sumOfOutputSquared - (sumOfOutputAndNumGrounding^2 / sumOfNumGroundingSquared)
           = 4190.280217473286 - (3442.6796656866945^2 / 14165.0)
           = 4190.280217473286 - 836.713256656029
    Weighted Variance = 3353.566960817257

[FALSE BRANCH]
  Total examples: 22659 (6822 positive gradients, 15837 negative gradients)
  Showing first 10 example(s) with facts and gradient values:

    Example 1 [Gradient: 0.8581 (POS)]
      action(srz99311012253, up)

    Example 2 [Gradient: 0.8581 (POS)]
      action(srz993110111732, up)

    Example 3 [Gradient: 0.8581 (POS)]
      action(srz965949210266, up)

    Example 4 [Gradient: 0.8581 (POS)]
      action(srz4423044771, up)

    Example 5 [Gradient: 0.8581 (POS)]
      action(srz44248273820, up)

    Example 6 [Gradient: 0.8581 (POS)]
      action(srz965661711161, up)

    Example 7 [Gradient: 0.8581 (POS)]
      action(srz274095916391, up)

    Example 8 [Gradient: 0.8581 (POS)]
      action(srz193067042, up)

    Example 9 [Gradient: 0.8581 (POS)]
      action(srz246186712980, up)

    Example 10 [Gradient: 0.8581 (POS)]
      action(srz8029724781, up)

    ... (22649 more examples not shown)

  Variance Calculation:
    Formula: sumOfOutputSquared - (sumOfOutputAndNumGrounding^2 / sumOfNumGroundingSquared)
           = 5342.522228513512 - (3607.7967204197316^2 / 22659.0)
           = 5342.522228513512 - 574.4382883565634
    Weighted Variance = 4768.083940156949

==========================================================================================
SPLIT SCORE (Combined Variance)
==========================================================================================
  Formula: (trueVar + falseVar) / (trueWeight + falseWeight)
         = (3353.566960817257 + 4768.083940156949) / (14165.0 + 22659.0)
         = 8121.650900974206 / 36824.0

  Combined Variance = 0.22055319631148723
  (Lower is better - algorithm seeks to MINIMIZE variance)
==========================================================================================

%       === Grounding Penalty Calculation (Subsampled) ===
%         Pos Examples: valid=14165 checked=10 scale=1,416.50
%         Neg Examples: valid=0 checked=0 scale=0.00
%         High groundings: 0.0 (raw pos=0.0, raw neg=0.0)
%         Low groundings:  4,249.5 (raw pos=3.0, raw neg=0.0)
%         Scaled penalty = 0.000000
%     Score = -8,121.650923 (regressionFit = 8,121.650901, totalPenalty = 0.000022)
%       Penalty breakdown:
%         Length/Singleton = 0.000022
%         Grounding        = 0.000000
%       for clause: action(A, _) :- visibleenemysubmarine(A, _), facingright(A).  [covers 14,165.0/36,824.0 pos, 0.0/0.0 neg]

==========================================================================================
CLAUSE EVALUATION
==========================================================================================

Clause: (action(D, E) :- visibleenemysubmarine(D, Anon1101), leftofsubmarine(D, Anon1101))

Split: 14919 examples satisfy clause (TRUE), 21905 do not (FALSE)

[TRUE BRANCH]
  Total examples: 14919 (5751 positive gradients, 9168 negative gradients)
  Showing first 10 example(s) with facts and gradient values:

    Example 1 [Gradient: 0.8581 (POS)]
      action(srz27409598635, up)

    Example 2 [Gradient: 0.8581 (POS)]
      action(srz193068276, up)

    Example 3 [Gradient: 0.8581 (POS)]
      action(srz246186715298, up)

    Example 4 [Gradient: 0.8581 (POS)]
      action(srz4423044516, up)

    Example 5 [Gradient: 0.8581 (POS)]
      action(srz965949210266, up)

    Example 6 [Gradient: 0.8581 (POS)]
      action(srz965661714967, up)

    Example 7 [Gradient: 0.8581 (POS)]
      action(srz274095916997, up)

    Example 8 [Gradient: 0.8581 (POS)]
      action(srz1930610987, up)

    Example 9 [Gradient: 0.8581 (POS)]
      action(srz44248273820, up)

    Example 10 [Gradient: 0.8581 (POS)]
      action(srz965661711161, up)

    ... (14909 more examples not shown)

  Variance Calculation:
    Formula: sumOfOutputSquared - (sumOfOutputAndNumGrounding^2 / sumOfNumGroundingSquared)
           = 4419.625061019281 - (3634.7239627526815^2 / 14919.0)
           = 4419.625061019281 - 885.5297463240537
    Weighted Variance = 3534.0953146952274

[FALSE BRANCH]
  Total examples: 21905 (6523 positive gradients, 15382 negative gradients)
  Showing first 10 example(s) with facts and gradient values:

    Example 1 [Gradient: 0.8581 (POS)]
      action(srz24618679187, up)

    Example 2 [Gradient: 0.8581 (POS)]
      action(srz965949211741, up)

    Example 3 [Gradient: 0.8581 (POS)]
      action(srz96594922425, up)

    Example 4 [Gradient: 0.8581 (POS)]
      action(srz99311012253, up)

    Example 5 [Gradient: 0.8581 (POS)]
      action(srz993110111732, up)

    Example 6 [Gradient: 0.8581 (POS)]
      action(srz193069751, up)

    Example 7 [Gradient: 0.8581 (POS)]
      action(srz19306778, up)

    Example 8 [Gradient: 0.8581 (POS)]
      action(srz27409594624, up)

    Example 9 [Gradient: 0.8581 (POS)]
      action(srz4423044771, up)

    Example 10 [Gradient: 0.8581 (POS)]
      action(srz99311014210, up)

    ... (21895 more examples not shown)

  Variance Calculation:
    Formula: sumOfOutputSquared - (sumOfOutputAndNumGrounding^2 / sumOfNumGroundingSquared)
           = 5113.177384965394 - (3415.7524233547033^2 / 21905.0)
           = 5113.177384965394 - 532.6347691236489
    Weighted Variance = 4580.542615841745

==========================================================================================
SPLIT SCORE (Combined Variance)
==========================================================================================
  Formula: (trueVar + falseVar) / (trueWeight + falseWeight)
         = (3534.0953146952274 + 4580.542615841745) / (14919.0 + 21905.0)
         = 8114.637930536972 / 36824.0

  Combined Variance = 0.220362750666331
  (Lower is better - algorithm seeks to MINIMIZE variance)
==========================================================================================

% [ LazyGroundNthArgumentClauseIndex ]  Argument 0:  Building full index for leftofsubmarine/2.
%       === Grounding Penalty Calculation (Subsampled) ===
%         Pos Examples: valid=14919 checked=10 scale=1,491.90
%         Neg Examples: valid=0 checked=0 scale=0.00
%         High groundings: 0.0 (raw pos=0.0, raw neg=0.0)
%         Low groundings:  8,951.4 (raw pos=6.0, raw neg=0.0)
%         Scaled penalty = 0.000000
%     Score = -8,114.637952 (regressionFit = 8,114.637931, totalPenalty = 0.000021)
%       Penalty breakdown:
%         Length/Singleton = 0.000021
%         Grounding        = 0.000000
%       for clause: action(A, _) :- visibleenemysubmarine(A, B), leftofsubmarine(A, B).  [covers 14,919.0/36,824.0 pos, 0.0/0.0 neg]

==========================================================================================
CLAUSE EVALUATION
==========================================================================================

Clause: (action(D, E) :- visibleenemysubmarine(D, Anon1101), oxygenok(D))

Split: 26918 examples satisfy clause (TRUE), 9906 do not (FALSE)

[TRUE BRANCH]
  Total examples: 26918 (9945 positive gradients, 16973 negative gradients)
  Showing first 10 example(s) with facts and gradient values:

    Example 1 [Gradient: 0.8581 (POS)]
      action(srz27409598635, up)

    Example 2 [Gradient: 0.8581 (POS)]
      action(srz24618679187, up)

    Example 3 [Gradient: 0.8581 (POS)]
      action(srz965949211741, up)

    Example 4 [Gradient: 0.8581 (POS)]
      action(srz96594922425, up)

    Example 5 [Gradient: 0.8581 (POS)]
      action(srz193068276, up)

    Example 6 [Gradient: 0.8581 (POS)]
      action(srz246186715298, up)

    Example 7 [Gradient: 0.8581 (POS)]
      action(srz99311012253, up)

    Example 8 [Gradient: 0.8581 (POS)]
      action(srz993110111732, up)

    Example 9 [Gradient: 0.8581 (POS)]
      action(srz193069751, up)

    Example 10 [Gradient: 0.8581 (POS)]
      action(srz4423044516, up)

    ... (26908 more examples not shown)

  Variance Calculation:
    Formula: sumOfOutputSquared - (sumOfOutputAndNumGrounding^2 / sumOfNumGroundingSquared)
           = 7665.218902266424 - (6126.653035018602^2 / 26918.0)
           = 7665.218902266424 - 1394.452686362384
    Weighted Variance = 6270.76621590404

[FALSE BRANCH]
  Total examples: 9906 (2329 positive gradients, 7577 negative gradients)
  Showing first 10 example(s) with facts and gradient values:

    Example 1 [Gradient: 0.8581 (POS)]
      action(srz965949212682, up)

    Example 2 [Gradient: 0.8581 (POS)]
      action(srz8029728768, up)

    Example 3 [Gradient: 0.8581 (POS)]
      action(srz965949212684, up)

    Example 4 [Gradient: 0.8581 (POS)]
      action(srz96594926936, up)

    Example 5 [Gradient: 0.8581 (POS)]
      action(srz193069336, up)

    Example 6 [Gradient: 0.8581 (POS)]
      action(srz8029728769, up)

    Example 7 [Gradient: 0.8581 (POS)]
      action(srz96594926934, up)

    Example 8 [Gradient: 0.8581 (POS)]
      action(srz193069334, up)

    Example 9 [Gradient: 0.8581 (POS)]
      action(srz8029728773, up)

    Example 10 [Gradient: 0.8581 (POS)]
      action(srz965949212683, up)

    ... (9896 more examples not shown)

  Variance Calculation:
    Formula: sumOfOutputSquared - (sumOfOutputAndNumGrounding^2 / sumOfNumGroundingSquared)
           = 1867.583543713219 - (923.8233510957195^2 / 9906.0)
           = 1867.583543713219 - 86.15481365129467
    Weighted Variance = 1781.4287300619242

==========================================================================================
SPLIT SCORE (Combined Variance)
==========================================================================================
  Formula: (trueVar + falseVar) / (trueWeight + falseWeight)
         = (6270.76621590404 + 1781.4287300619242) / (26918.0 + 9906.0)
         = 8052.1949459659645 / 36824.0

  Combined Variance = 0.21866703633407464
  (Lower is better - algorithm seeks to MINIMIZE variance)
==========================================================================================

%       === Grounding Penalty Calculation (Subsampled) ===
%         Pos Examples: valid=26918 checked=10 scale=2,691.80
%         Neg Examples: valid=0 checked=0 scale=0.00
%         High groundings: 2,691.8 (raw pos=1.0, raw neg=0.0)
%         Low groundings:  0.0 (raw pos=0.0, raw neg=0.0)
%         Scaled penalty = -26.918000
%     Score = -8,025.276968 (regressionFit = 8,052.194946, totalPenalty = -26.917978)
%       Penalty breakdown:
%         Length/Singleton = 0.000022
%         Grounding        = -26.918000
%       for clause: action(A, _) :- visibleenemysubmarine(A, _), oxygenok(A).  [covers 26,918.0/36,824.0 pos, 0.0/0.0 neg]

==========================================================================================
CLAUSE EVALUATION
==========================================================================================

Clause: (action(D, E) :- visibleenemysubmarine(D, Anon1101), rightofsubmarine(D, Anon1101))

Split: 16512 examples satisfy clause (TRUE), 20312 do not (FALSE)

[TRUE BRANCH]
  Total examples: 16512 (6022 positive gradients, 10490 negative gradients)
  Showing first 10 example(s) with facts and gradient values:

    Example 1 [Gradient: 0.8581 (POS)]
      action(srz27409598635, up)

    Example 2 [Gradient: 0.8581 (POS)]
      action(srz24618679187, up)

    Example 3 [Gradient: 0.8581 (POS)]
      action(srz965949211741, up)

    Example 4 [Gradient: 0.8581 (POS)]
      action(srz96594922425, up)

    Example 5 [Gradient: 0.8581 (POS)]
      action(srz246186715298, up)

    Example 6 [Gradient: 0.8581 (POS)]
      action(srz99311012253, up)

    Example 7 [Gradient: 0.8581 (POS)]
      action(srz993110111732, up)

    Example 8 [Gradient: 0.8581 (POS)]
      action(srz193069751, up)

    Example 9 [Gradient: 0.8581 (POS)]
      action(srz4423044516, up)

    Example 10 [Gradient: 0.8581 (POS)]
      action(srz965949210266, up)

    ... (16502 more examples not shown)

  Variance Calculation:
    Formula: sumOfOutputSquared - (sumOfOutputAndNumGrounding^2 / sumOfNumGroundingSquared)
           = 4645.795691151868 - (3679.755216367065^2 / 16512.0)
           = 4645.795691151868 - 820.0459334048343
    Weighted Variance = 3825.7497577470335

[FALSE BRANCH]
  Total examples: 20312 (6252 positive gradients, 14060 negative gradients)
  Showing first 10 example(s) with facts and gradient values:

    Example 1 [Gradient: 0.8581 (POS)]
      action(srz193068276, up)

    Example 2 [Gradient: 0.8581 (POS)]
      action(srz965661714967, up)

    Example 3 [Gradient: 0.8581 (POS)]
      action(srz27409594624, up)

    Example 4 [Gradient: 0.8581 (POS)]
      action(srz1930610987, up)

    Example 5 [Gradient: 0.8581 (POS)]
      action(srz44248273820, up)

    Example 6 [Gradient: 0.8581 (POS)]
      action(srz274095916391, up)

    Example 7 [Gradient: 0.8581 (POS)]
      action(srz8029724781, up)

    Example 8 [Gradient: 0.8581 (POS)]
      action(srz193061153, up)

    Example 9 [Gradient: 0.8581 (POS)]
      action(srz193067556, up)

    Example 10 [Gradient: 0.8581 (POS)]
      action(srz246186711004, up)

    ... (20302 more examples not shown)

  Variance Calculation:
    Formula: sumOfOutputSquared - (sumOfOutputAndNumGrounding^2 / sumOfNumGroundingSquared)
           = 4887.006754832082 - (3370.7211697411885^2 / 20312.0)
           = 4887.006754832082 - 559.3620128072768
    Weighted Variance = 4327.644742024805

==========================================================================================
SPLIT SCORE (Combined Variance)
==========================================================================================
  Formula: (trueVar + falseVar) / (trueWeight + falseWeight)
         = (3825.7497577470335 + 4327.644742024805) / (16512.0 + 20312.0)
         = 8153.394499771839 / 36824.0

  Combined Variance = 0.22141523190777315
  (Lower is better - algorithm seeks to MINIMIZE variance)
==========================================================================================

% [ LazyGroundNthArgumentClauseIndex ]  Argument 0:  Building full index for rightofsubmarine/2.
%       === Grounding Penalty Calculation (Subsampled) ===
%         Pos Examples: valid=16512 checked=10 scale=1,651.20
%         Neg Examples: valid=0 checked=0 scale=0.00
%         High groundings: 1,651.2 (raw pos=1.0, raw neg=0.0)
%         Low groundings:  9,907.2 (raw pos=6.0, raw neg=0.0)
%         Scaled penalty = -16.512000
%     Score = -8,136.882521 (regressionFit = 8,153.394500, totalPenalty = -16.511979)
%       Penalty breakdown:
%         Length/Singleton = 0.000021
%         Grounding        = -16.512000
%       for clause: action(A, _) :- visibleenemysubmarine(A, B), rightofsubmarine(A, B).  [covers 16,512.0/36,824.0 pos, 0.0/0.0 neg]

==========================================================================================
CLAUSE EVALUATION
==========================================================================================

Clause: (action(D, E) :- visibleenemysubmarine(D, Anon1101), samelevelassubmarine(D, Anon1101))

Split: 5612 examples satisfy clause (TRUE), 31212 do not (FALSE)

[TRUE BRANCH]
  Total examples: 5612 (985 positive gradients, 4627 negative gradients)
  Showing first 10 example(s) with facts and gradient values:

    Example 1 [Gradient: 0.8581 (POS)]
      action(srz4423044516, up)

    Example 2 [Gradient: 0.8581 (POS)]
      action(srz1930610987, up)

    Example 3 [Gradient: 0.8581 (POS)]
      action(srz8029723597, up)

    Example 4 [Gradient: 0.8581 (POS)]
      action(srz193064488, up)

    Example 5 [Gradient: 0.8581 (POS)]
      action(srz1930610650, up)

    Example 6 [Gradient: 0.8581 (POS)]
      action(srz193068842, up)

    Example 7 [Gradient: 0.8581 (POS)]
      action(srz96566171118, up)

    Example 8 [Gradient: 0.8581 (POS)]
      action(srz96594928124, up)

    Example 9 [Gradient: 0.8581 (POS)]
      action(srz9656617120, up)

    Example 10 [Gradient: 0.8581 (POS)]
      action(srz99311017130, up)

    ... (5602 more examples not shown)

  Variance Calculation:
    Formula: sumOfOutputSquared - (sumOfOutputAndNumGrounding^2 / sumOfNumGroundingSquared)
           = 818.4765206766012 - (188.93182377843414^2 / 5612.0)
           = 818.4765206766012 - 6.360519250934656
    Weighted Variance = 812.1160014256666

[FALSE BRANCH]
  Total examples: 31212 (11289 positive gradients, 19923 negative gradients)
  Showing first 10 example(s) with facts and gradient values:

    Example 1 [Gradient: 0.8581 (POS)]
      action(srz27409598635, up)

    Example 2 [Gradient: 0.8581 (POS)]
      action(srz24618679187, up)

    Example 3 [Gradient: 0.8581 (POS)]
      action(srz965949211741, up)

    Example 4 [Gradient: 0.8581 (POS)]
      action(srz96594922425, up)

    Example 5 [Gradient: 0.8581 (POS)]
      action(srz193068276, up)

    Example 6 [Gradient: 0.8581 (POS)]
      action(srz246186715298, up)

    Example 7 [Gradient: 0.8581 (POS)]
      action(srz99311012253, up)

    Example 8 [Gradient: 0.8581 (POS)]
      action(srz993110111732, up)

    Example 9 [Gradient: 0.8581 (POS)]
      action(srz193069751, up)

    Example 10 [Gradient: 0.8581 (POS)]
      action(srz965949210266, up)

    ... (31202 more examples not shown)

  Variance Calculation:
    Formula: sumOfOutputSquared - (sumOfOutputAndNumGrounding^2 / sumOfNumGroundingSquared)
           = 8714.325925304824 - (6861.544562333516^2 / 31212.0)
           = 8714.325925304824 - 1508.4196392697888
    Weighted Variance = 7205.906286035035

==========================================================================================
SPLIT SCORE (Combined Variance)
==========================================================================================
  Formula: (trueVar + falseVar) / (trueWeight + falseWeight)
         = (812.1160014256666 + 7205.906286035035) / (5612.0 + 31212.0)
         = 8018.022287460702 / 36824.0

  Combined Variance = 0.21773903670054046
  (Lower is better - algorithm seeks to MINIMIZE variance)
==========================================================================================

% [ LazyGroundNthArgumentClauseIndex ]  Argument 0:  Building full index for samelevelassubmarine/2.
%       === Grounding Penalty Calculation (Subsampled) ===
%         Pos Examples: valid=5612 checked=10 scale=561.20
%         Neg Examples: valid=0 checked=0 scale=0.00
%         High groundings: 561.2 (raw pos=1.0, raw neg=0.0)
%         Low groundings:  5,050.8 (raw pos=9.0, raw neg=0.0)
%         Scaled penalty = -5.612000
%     Score = -8,012.410309 (regressionFit = 8,018.022287, totalPenalty = -5.611979)
%       Penalty breakdown:
%         Length/Singleton = 0.000021
%         Grounding        = -5.612000
%       for clause: action(A, _) :- visibleenemysubmarine(A, B), samelevelassubmarine(A, B).  [covers 5,612.0/36,824.0 pos, 0.0/0.0 neg]

==========================================================================================
CLAUSE EVALUATION
==========================================================================================

Clause: (action(D, E) :- visibleenemysubmarine(D, Anon1101), visiblediver(D, Anon1839))

Split: 17631 examples satisfy clause (TRUE), 19193 do not (FALSE)

[TRUE BRANCH]
  Total examples: 17631 (6582 positive gradients, 11049 negative gradients)
  Showing first 10 example(s) with facts and gradient values:

    Example 1 [Gradient: 0.8581 (POS)]
      action(srz27409598635, up)

    Example 2 [Gradient: 0.8581 (POS)]
      action(srz965949211741, up)

    Example 3 [Gradient: 0.8581 (POS)]
      action(srz193068276, up)

    Example 4 [Gradient: 0.8581 (POS)]
      action(srz246186715298, up)

    Example 5 [Gradient: 0.8581 (POS)]
      action(srz99311012253, up)

    Example 6 [Gradient: 0.8581 (POS)]
      action(srz193069751, up)

    Example 7 [Gradient: 0.8581 (POS)]
      action(srz4423044516, up)

    Example 8 [Gradient: 0.8581 (POS)]
      action(srz965949210266, up)

    Example 9 [Gradient: 0.8581 (POS)]
      action(srz965661714967, up)

    Example 10 [Gradient: 0.8581 (POS)]
      action(srz4423044771, up)

    ... (17621 more examples not shown)

  Variance Calculation:
    Formula: sumOfOutputSquared - (sumOfOutputAndNumGrounding^2 / sumOfNumGroundingSquared)
           = 5069.438708305364 - (4081.0238747452086^2 / 17631.0)
           = 5069.438708305364 - 944.6291115784921
    Weighted Variance = 4124.809596726872

[FALSE BRANCH]
  Total examples: 19193 (5692 positive gradients, 13501 negative gradients)
  Showing first 10 example(s) with facts and gradient values:

    Example 1 [Gradient: 0.8581 (POS)]
      action(srz24618679187, up)

    Example 2 [Gradient: 0.8581 (POS)]
      action(srz96594922425, up)

    Example 3 [Gradient: 0.8581 (POS)]
      action(srz993110111732, up)

    Example 4 [Gradient: 0.8581 (POS)]
      action(srz19306778, up)

    Example 5 [Gradient: 0.8581 (POS)]
      action(srz27409594624, up)

    Example 6 [Gradient: 0.8581 (POS)]
      action(srz274095916997, up)

    Example 7 [Gradient: 0.8581 (POS)]
      action(srz1930610987, up)

    Example 8 [Gradient: 0.8581 (POS)]
      action(srz8029729421, up)

    Example 9 [Gradient: 0.8581 (POS)]
      action(srz274095916391, up)

    Example 10 [Gradient: 0.8581 (POS)]
      action(srz96594929912, up)

    ... (19183 more examples not shown)

  Variance Calculation:
    Formula: sumOfOutputSquared - (sumOfOutputAndNumGrounding^2 / sumOfNumGroundingSquared)
           = 4463.363737678077 - (2969.45251136484^2 / 19193.0)
           = 4463.363737678077 - 459.42000819314103
    Weighted Variance = 4003.943729484936

==========================================================================================
SPLIT SCORE (Combined Variance)
==========================================================================================
  Formula: (trueVar + falseVar) / (trueWeight + falseWeight)
         = (4124.809596726872 + 4003.943729484936) / (17631.0 + 19193.0)
         = 8128.753326211808 / 36824.0

  Combined Variance = 0.22074607120931478
  (Lower is better - algorithm seeks to MINIMIZE variance)
==========================================================================================

%       === Grounding Penalty Calculation (Subsampled) ===
%         Pos Examples: valid=17631 checked=10 scale=1,763.10
%         Neg Examples: valid=0 checked=0 scale=0.00
%         High groundings: 3,526.2 (raw pos=2.0, raw neg=0.0)
%         Low groundings:  1,763.1 (raw pos=1.0, raw neg=0.0)
%         Scaled penalty = -35.262000
%     Score = -8,093.491350 (regressionFit = 8,128.753326, totalPenalty = -35.261977)
%       Penalty breakdown:
%         Length/Singleton = 0.000023
%         Grounding        = -35.262000
%       for clause: action(A, _) :- visibleenemysubmarine(A, _), visiblediver(A, _).  [covers 17,631.0/36,824.0 pos, 0.0/0.0 neg]
