==================================================
Training/Testing pipeline for 54_RZ_2461867
==================================================
Max tree depth: 1
Number of trees: 1
Debug mode: false
Test only: false
Grounding penalty: threshold=0.7, alpha=0.1, beta=0.5, strategy=min

Updating background knowledge files with max_depth=1...
Updated max_depth in data/seaquest/all/noop/train/train_bk.txt to 1
Updated max_depth in data/seaquest/all/noop/test/test_bk.txt to 1
Updated max_depth in data/seaquest/all/down/train/train_bk.txt to 1
Updated max_depth in data/seaquest/all/down/test/test_bk.txt to 1
Updated max_depth in data/seaquest/all/fire/train/train_bk.txt to 1
Updated max_depth in data/seaquest/all/fire/test/test_bk.txt to 1
Updated max_depth in data/seaquest/all/right/train/train_bk.txt to 1
Updated max_depth in data/seaquest/all/right/test/test_bk.txt to 1
Updated max_depth in data/seaquest/all/left/train/train_bk.txt to 1
Updated max_depth in data/seaquest/all/left/test/test_bk.txt to 1
Updated max_depth in data/seaquest/all/up/train/train_bk.txt to 1
Updated max_depth in data/seaquest/all/up/test/test_bk.txt to 1
Testing model: rdn_models/seaquest/all/negpos_2_trees_1_depth_1_grounding_penalty_0.1
Testing configuration: negpos_2_trees_1_depth_1_grounding_penalty_0.1


######################################################################
PROCESSING SEED: 42
######################################################################

--- Step 1: Training ---
Training fire (Seed: 42)...
args[0] = -l
args[1] = -train
args[3] = -target
args[5] = -trees
args[7] = -aucJarPath
args[9] = -negPosRatio
args[11] = -model
args[13] = -use-distance-weights
args[14] = -seed
train
java.io.FileNotFoundException: train\train_bk.txt (No such file or directory)
	at java.io.FileInputStream.open0(Native Method)
	at java.io.FileInputStream.open(FileInputStream.java:195)
	at java.io.FileInputStream.<init>(FileInputStream.java:138)
	at java.io.FileInputStream.<init>(FileInputStream.java:93)
	at edu.wisc.cs.will.Utils.check_disc.checkflagvalues(check_disc.java:23)
	at edu.wisc.cs.will.Boosting.RDN.RunBoostedRDN.main(RunBoostedRDN.java:504)

% Starting a LEARNING run of bRDN.

% Calling SETUP.
% Running on host: xps-np

% Switching to VarIndicator = uppercase.

% Unset'ing VarIndicator.

Resetting the LazyGroundNthArgumentClauseIndex.

% Calling ILPouterLoop from createRegressionOuterLooper.

% getInputArgWithDefaultValue: args=[data/seaquest/all/fire/train/train_pos.txt, data/seaquest/all/fire/train/train_neg.txt, data/seaquest/all/fire/train/train_bk.txt, data/seaquest/all/fire/train/train_facts.txt]
%  for N=0: args[N]=data/seaquest/all/fire/train/train_pos.txt

% getInputArgWithDefaultValue: args=[data/seaquest/all/fire/train/train_pos.txt, data/seaquest/all/fire/train/train_neg.txt, data/seaquest/all/fire/train/train_bk.txt, data/seaquest/all/fire/train/train_facts.txt]
%  for N=1: args[N]=data/seaquest/all/fire/train/train_neg.txt

% getInputArgWithDefaultValue: args=[data/seaquest/all/fire/train/train_pos.txt, data/seaquest/all/fire/train/train_neg.txt, data/seaquest/all/fire/train/train_bk.txt, data/seaquest/all/fire/train/train_facts.txt]
%  for N=2: args[N]=data/seaquest/all/fire/train/train_bk.txt

% getInputArgWithDefaultValue: args=[data/seaquest/all/fire/train/train_pos.txt, data/seaquest/all/fire/train/train_neg.txt, data/seaquest/all/fire/train/train_bk.txt, data/seaquest/all/fire/train/train_facts.txt]
%  for N=3: args[N]=data/seaquest/all/fire/train/train_facts.txt

% Welcome to the WILL ILP/SRL systems.


% Switching to VarIndicator = uppercase.

% Unset'ing VarIndicator.
% Reading background theory from dir: null

% Switching to VarIndicator = uppercase.

***** Warning: % Since this is the first setting of the notation for variables, will keep:
%   variableIndicator = uppercase *****

% [ LazyGroundClauseIndex ]  Building full index for mode/1 with 1 assertions.
% LoadAllModes() called.  Currently loaded modes: []
% [ LazyGroundClauseIndex ]  Building full index for sameAs/2 with 2 assertions.
% [ LazyGroundNthArgumentClauseIndex ]  Argument 1:  Building full index for exp/3.
% [ LazyGroundNthArgumentClauseIndex ]  Argument 0:  Building full index for log/3.
% LoadAllLibraries() called.  Currently loaded libraries: [listsInLogic, differentInLogic, modes_arithmeticInLogic, inlines_comparisonInLogic, modes_listsInLogic, inlines_differentInLogic, modes_differentInLogic, arithmeticInLogic, inlines_listsInLogic, modes_comparisonInLogic, comparisonInLogic, inlines_arithmeticInLogic]

%  Read the facts.
%  Have read 1,820,826 facts.
% Have read 5,370 examples from 'data/seaquest/all/fire/train' [data/seaquest/all/fire/train/train*].
% Have read 382,145 examples from 'data/seaquest/all/fire/train' [data/seaquest/all/fire/train/train*].

%  LearnOneClause initialized.

% The outer looper has been created.

% Initializing the ILP inner looper.

% NEW target:                 action(D, E)
%  targetPred:                action/2
%  targetArgTypes:            signature = [const, const], types = [+state, #name]
%  targets:                   [action(D, E)]
%  targetPredicates:          [action/2]
%  targetArgSpecs:            [[D[+state], E[#name]]]
%  variablesInTargets:        [[D, E]]

% Started collecting constants

% Collecting the types of constants.

% Looking at the training examples to see if any types of new constants can be inferred.
% Time to collect constants: 3 seconds
% Time to collect examples: 0 seconds

% Read 5,370 pos examples and 382,145 neg examples.
% Time to init learnOneClause: 3 seconds
% Old dirrdn_models/seaquest/all/negpos_2_trees_1_depth_1_grounding_penalty_0.1/fire/seed_42/

% Have 5,370 'raw' positive examples and kept 5,370.
% Have 382,145 'raw' negative examples and kept 382,145.

% processing backup's for action
%  POS EX = 5,370
%  NEG EX = 382,145

% Memory usage by WILLSetup (just counts # targets?):
%  |backupPosExamples| = 1
%  |backupNegExamples| = 1
%  |predicatesAsFacts| = 0
%  |addedToFactBase|   = 0
% Loaded 1820826 fact weights from: data/seaquest/all/fire/train/fact_weights.txt
% Distance weights enabled with 1820826 fact weights.
% Grounding penalty configured: threshold=0.7 alpha=0.1 beta=0.0 strategy=min
rdn_models/seaquest/all/negpos_2_trees_1_depth_1_grounding_penalty_0.1/fire/seed_42/
File: data/seaquest/all/fire/train/advice.txt doesnt exist.Hence no advice loaded
% Learning 1 trees in this iteration for action

% Learn model for: action
% Kept 5,370 of the 5,370 positive examples.
% Kept 10,684 of the 382,145 negative examples.
%      addToQueueOfTreeStructuredLearningTasks (level=0; score=1.797693135e+308)
%         ILP node to extend: null
%      Insert tree-structured search node (@ level = 0 and with score = 1.797693135e+308) into the LAST position (#1) in the search queue.
Variance:0.2226084510559843
Set score:0.0025
% Dataset size: 16,054
Computing probabilities
prob time:8 milliseconds
No hidden examples for : action
Time to build dataset: 19 milliseconds
%      addToQueueOfTreeStructuredLearningTasks (level=0; score=1.797693135e+308)
%         ILP node to extend: null
%      Insert tree-structured search node (@ level = 0 and with score = 1.797693135e+308) into the LAST position (#1) in the search queue.
Variance:0.2226084510559466
Set score:0.0025
% [AdviceProcessor]  Generated 0 clauses at relevance level STRONGLY_IRRELEVANT.

% Have these 6 positive seeds: 455 9578 9961 12631 14203 14635
% [AdviceProcessor]  Generated 0 clauses at relevance level STRONGLY_IRRELEVANT.

% LearnOneClause Parameters:
%   Targets (1):
%    action(+state, #name)
%  Modes (74):
%    aboveofdiver(+state, +diver),
%    aboveofenemy(+state, +enemy),
%    aboveofmissile(+state, +missile),
%    aboveofsubmarine(+state, +submarine),
%    abovewater_surface(+state),
%    belowofdiver(+state, +diver),
%    belowofenemy(+state, +enemy),
%    belowofmissile(+state, +missile),
%    belowofsubmarine(+state, +submarine),
%    belowwater_surface(+state),
%    diversempty(+state),
%    diversnotfull(+state),
%    diversfull(+state),
%    enemyfacingleft(+state, +submarine),
%    enemyfacingright(+state, +submarine),
%    facingleft(+state),
%    facingright(+state),
%    leftofdiver(+state, +diver),
%    leftofenemy(+state, +enemy),
%    leftofmissile(+state, +missile),
%    leftofsubmarine(+state, +submarine),
%    nearbydiver(+state, +diver),
%    nearbyenemy(+state, +enemy),
%    nearbymissile(+state, +missile),
%    nearbysubmarine(+state, +submarine),
%    oxygenok(+state),
%    rightofdiver(+state, +diver),
%    rightofenemy(+state, +enemy),
%    rightofmissile(+state, +missile),
%    rightofsubmarine(+state, +submarine),
%    samelevelasdiver(+state, +diver),
%    samelevelasenemy(+state, +enemy),
%    samelevelasmissile(+state, +missile),
%    samelevelassubmarine(+state, +submarine),
%    visiblediver(+state, -diver),
%    visibleenemy(+state, -enemy),
%    visibleenemysubmarine(+state, -submarine),
%    visiblemissile(+state, -missile),
%    addList(+willList, #willNumber),
%    multiplyList(+willList, #willNumber),
%    abs(+willNumber, &willNumber),
%    minus(+willNumber, &willNumber),
%    minus(+willNumber, +willNumber, &willNumber),
%    plus(+willNumber, +willNumber, &willNumber),
%    mult(+willNumber, +willNumber, &willNumber),
%    div(+willNumber, +willNumber, &willNumber),
%    allNumbers(+willList),
%    positiveNumber(+willNumber),
%    negativeNumber(+willNumber),
%    in0toDot001(+willNumber),
%    in0toDot01(+willNumber),
%    in0toDot1(+willNumber),
%    in0to1(+willNumber),
%    in0to10(+willNumber),
%    in0to100(+willNumber),
%    in0to1000(+willNumber),
%    equalWithTolerance(+willNumber, +willNumber, &willNumber),
%    greaterOrEqualDifference(+willNumber, +willNumber, &willNumber),
%    smallerOrEqualDifference(+willNumber, +willNumber, &willNumber),
%    isaEqualTolerance(+willNumber),
%    lessThan(+willNumber, +willNumber),
%    greaterThan(+willNumber, +willNumber),
%    lessThanOrEqual(+willNumber, +willNumber),
%    greaterThanOrEqual(+willNumber, +willNumber),
%    inBetweenOO(+willNumber, +willNumber, +willNumber),
%    inBetweenCO(+willNumber, +willNumber, +willNumber),
%    inBetweenOC(+willNumber, +willNumber, +willNumber),
%    inBetweenCC(+willNumber, +willNumber, +willNumber),
%    memberOfList(+willAnything, +willList),
%    firstInList(+willList, &willAnything),
%    restOfList(+willList, &willList),
%    positionInList(+willAnything, +willList, &willNumber),
%    nthInList(+willNumber, +willList, &willAnything),
%    lengthOfList(+willList, &willNumber)

***** Warning: TODO: Should handle this case by altering the target in the 'must be constant' arguments.  Or maybe an '@' type was meant? *****


% target           = action(D, E)
%     Score = -Infinity (regressionFit = Infinity, totalPenalty = 0.000002)
%       for clause: action(_, _).  [covers 16,054.0/16,054.0 pos, 0.0/0.0 neg]
% Most-general root: action(_, _).  [covers 16,054.0/16,054.0 pos, 0.0/0.0 neg]  score = -Infinity

% Consider expanding [#1 of outerLoop #1, bodyLen=0] 'action(_, _).  [covers 16,054.0/16,054.0 pos, 0.0/0.0 neg]' score=-Infinity
There is no fact nor clause nor built-in predicate matching: 'abovewater_surface/1'.
  Possibly a typo?  If not, add to the BK file:   okIfUnknown: abovewater_surface/1.

% Skipping over this 'waitHere': There is no fact nor clause nor built-in predicate matching: 'abovewater_surface/1'.
  Possibly a typo?  If not, add to the BK file:   okIfUnknown: abovewater_surface/1.
There is no fact nor clause nor built-in predicate matching: 'belowwater_surface/1'.
  Possibly a typo?  If not, add to the BK file:   okIfUnknown: belowwater_surface/1.

% Skipping over this 'waitHere': There is no fact nor clause nor built-in predicate matching: 'belowwater_surface/1'.
  Possibly a typo?  If not, add to the BK file:   okIfUnknown: belowwater_surface/1.
% [ LazyGroundClauseIndex ]  Building full index for diversempty/1 with 17,279 assertions.
% [ LazyGroundClauseIndex ]  Building full index for diversnotfull/1 with 55,369 assertions.
% [ LazyGroundClauseIndex ]  Building full index for diversfull/1 with 6,926 assertions.
% [ LazyGroundClauseIndex ]  Building full index for facingleft/1 with 38,753 assertions.
% [ LazyGroundClauseIndex ]  Building full index for facingright/1 with 40,821 assertions.
% [ LazyGroundClauseIndex ]  Building full index for oxygenok/1 with 79,574 assertions.
% [ LazyGroundNthArgumentClauseIndex ]  Argument 0:  Building full index for visiblediver/2.
% [ LazyGroundNthArgumentClauseIndex ]  Argument 0:  Building full index for visibleenemy/2.
% [ LazyGroundNthArgumentClauseIndex ]  Argument 0:  Building full index for visibleenemysubmarine/2.
% [ LazyGroundNthArgumentClauseIndex ]  Argument 0:  Building full index for visiblemissile/2.
%  At # nodes expanded = 1, |OPEN| = 0.  Pruned 0 variant children.  Sending 9 items to OPEN for evaluation and possible insertion.
% Have created 9 valid-on-seeds descendants and have picked up 3 bad extensions.
%           Grounding 0: weight=1.0 threshold=0.7 -> HIGH
%           Grounding 0: weight=1.0 threshold=0.7 -> HIGH
%       === Grounding Penalty Calculation ===
%         Examples checked: 16054
%         Examples with cached bindings: 2872
%         Total groundings evaluated: 2872
%         High attention groundings (>= 0.7): 2872
%         Low attention groundings (< 0.7): 0
%       
%         Raw penalty = -alpha * k_high + beta * k_low
%                     = -0.1 * 2872 + 0.0 * 0
%                     = -287.2 + 0.0
%                     = -287.200000
%       
%         Scaled penalty = scalingPenalties * rawPenalty
%                        = 1.0 * -287.200000
%                        = -287.200000
%     Score = -3,221.503555 (regressionFit = 3,508.703544, totalPenalty = -287.199989)
%       for clause: action(A, _) :- diversempty(A).  [covers 2,872.0/16,054.0 pos, 0.0/0.0 neg]
% Gleaner: New best node found (score = -3,221.503555): action(A, _) :- diversempty(A).  [covers 2,872.0/16,054.0 pos, 0.0/0.0 neg]
%           Grounding 0: weight=1.0 threshold=0.7 -> HIGH
%           Grounding 0: weight=1.0 threshold=0.7 -> HIGH
%       === Grounding Penalty Calculation ===
%         Examples checked: 16054
%         Examples with cached bindings: 11756
%         Total groundings evaluated: 11756
%         High attention groundings (>= 0.7): 11756
%         Low attention groundings (< 0.7): 0
%       
%         Raw penalty = -alpha * k_high + beta * k_low
%                     = -0.1 * 11756 + 0.0 * 0
%                     = -1175.6000000000001 + 0.0
%                     = -1,175.600000
%       
%         Scaled penalty = scalingPenalties * rawPenalty
%                        = 1.0 * -1,175.600000
%                        = -1,175.600000
%     Score = -2,245.714775 (regressionFit = 3,421.314764, totalPenalty = -1,175.599989)
%       for clause: action(A, _) :- diversnotfull(A).  [covers 11,756.0/16,054.0 pos, 0.0/0.0 neg]
% Gleaner: New best node found (score = -2,245.714775): action(A, _) :- diversnotfull(A).  [covers 11,756.0/16,054.0 pos, 0.0/0.0 neg]
%           Grounding 0: weight=1.0 threshold=0.7 -> HIGH
%           Grounding 0: weight=1.0 threshold=0.7 -> HIGH
%       === Grounding Penalty Calculation ===
%         Examples checked: 16054
%         Examples with cached bindings: 8162
%         Total groundings evaluated: 8162
%         High attention groundings (>= 0.7): 8162
%         Low attention groundings (< 0.7): 0
%       
%         Raw penalty = -alpha * k_high + beta * k_low
%                     = -0.1 * 8162 + 0.0 * 0
%                     = -816.2 + 0.0
%                     = -816.200000
%       
%         Scaled penalty = scalingPenalties * rawPenalty
%                        = 1.0 * -816.200000
%                        = -816.200000
%     Score = -2,708.458695 (regressionFit = 3,524.658684, totalPenalty = -816.199989)
%       for clause: action(A, _) :- facingleft(A).  [covers 8,162.0/16,054.0 pos, 0.0/0.0 neg]
%           Grounding 0: weight=1.0 threshold=0.7 -> HIGH
%           Grounding 0: weight=1.0 threshold=0.7 -> HIGH
%       === Grounding Penalty Calculation ===
%         Examples checked: 16054
%         Examples with cached bindings: 7563
%         Total groundings evaluated: 7563
%         High attention groundings (>= 0.7): 7563
%         Low attention groundings (< 0.7): 0
%       
%         Raw penalty = -alpha * k_high + beta * k_low
%                     = -0.1 * 7563 + 0.0 * 0
%                     = -756.3000000000001 + 0.0
%                     = -756.300000
%       
%         Scaled penalty = scalingPenalties * rawPenalty
%                        = 1.0 * -756.300000
%                        = -756.300000
%     Score = -2,788.079839 (regressionFit = 3,544.379828, totalPenalty = -756.299989)
%       for clause: action(A, _) :- facingright(A).  [covers 7,563.0/16,054.0 pos, 0.0/0.0 neg]
%           Grounding 0: weight=1.0 threshold=0.7 -> HIGH
%           Grounding 0: weight=1.0 threshold=0.7 -> HIGH
%       === Grounding Penalty Calculation ===
%         Examples checked: 16054
%         Examples with cached bindings: 15725
%         Total groundings evaluated: 15725
%         High attention groundings (>= 0.7): 15725
%         Low attention groundings (< 0.7): 0
%       
%         Raw penalty = -alpha * k_high + beta * k_low
%                     = -0.1 * 15725 + 0.0 * 0
%                     = -1572.5 + 0.0
%                     = -1,572.500000
%       
%         Scaled penalty = scalingPenalties * rawPenalty
%                        = 1.0 * -1,572.500000
%                        = -1,572.500000
%     Score = -1,969.570440 (regressionFit = 3,542.070429, totalPenalty = -1,572.499989)
%       for clause: action(A, _) :- oxygenok(A).  [covers 15,725.0/16,054.0 pos, 0.0/0.0 neg]
%           Grounding 0: weight=0.788 threshold=0.7 -> HIGH
%           Grounding 0: weight=0.984 threshold=0.7 -> HIGH
%       === Grounding Penalty Calculation ===
%         Examples checked: 16054
%         Examples with cached bindings: 4994
%         Total groundings evaluated: 4994
%         High attention groundings (>= 0.7): 2960
%         Low attention groundings (< 0.7): 2034
%       
%         Raw penalty = -alpha * k_high + beta * k_low
%                     = -0.1 * 2960 + 0.0 * 2034
%                     = -296.0 + 0.0
%                     = -296.000000
%       
%         Scaled penalty = scalingPenalties * rawPenalty
%                        = 1.0 * -296.000000
%                        = -296.000000
%     Score = -3,277.390610 (regressionFit = 3,573.390597, totalPenalty = -295.999988)
%       for clause: action(A, _) :- visiblediver(A, _).  [covers 9,406.0/16,054.0 pos, 0.0/0.0 neg]
%           Grounding 0: weight=0.93 threshold=0.7 -> HIGH
%           Grounding 0: weight=0.902 threshold=0.7 -> HIGH
%       === Grounding Penalty Calculation ===
%         Examples checked: 16054
%         Examples with cached bindings: 2338
%         Total groundings evaluated: 2338
%         High attention groundings (>= 0.7): 1448
%         Low attention groundings (< 0.7): 890
%       
%         Raw penalty = -alpha * k_high + beta * k_low
%                     = -0.1 * 1448 + 0.0 * 890
%                     = -144.8 + 0.0
%                     = -144.800000
%       
%         Scaled penalty = scalingPenalties * rawPenalty
%                        = 1.0 * -144.800000
%                        = -144.800000
%     Score = -3,279.499881 (regressionFit = 3,424.299869, totalPenalty = -144.799988)
%       for clause: action(A, _) :- visibleenemy(A, _).  [covers 12,011.0/16,054.0 pos, 0.0/0.0 neg]
%           Grounding 0: weight=0.605 threshold=0.7 -> LOW
%           Grounding 0: weight=0.552 threshold=0.7 -> LOW
%       === Grounding Penalty Calculation ===
%         Examples checked: 16054
%         Examples with cached bindings: 4980
%         Total groundings evaluated: 4980
%         High attention groundings (>= 0.7): 1021
%         Low attention groundings (< 0.7): 3959
%       
%         Raw penalty = -alpha * k_high + beta * k_low
%                     = -0.1 * 1021 + 0.0 * 3959
%                     = -102.10000000000001 + 0.0
%                     = -102.100000
%       
%         Scaled penalty = scalingPenalties * rawPenalty
%                        = 1.0 * -102.100000
%                        = -102.100000
%     Score = -3,401.919379 (regressionFit = 3,504.019367, totalPenalty = -102.099988)
%       for clause: action(A, _) :- visibleenemysubmarine(A, _).  [covers 12,045.0/16,054.0 pos, 0.0/0.0 neg]
%           Grounding 0: weight=1.0 threshold=0.7 -> HIGH
%           Grounding 0: weight=1.0 threshold=0.7 -> HIGH
%       === Grounding Penalty Calculation ===
%         Examples checked: 16054
%         Examples with cached bindings: 2986
%         Total groundings evaluated: 2986
%         High attention groundings (>= 0.7): 2986
%         Low attention groundings (< 0.7): 0
%       
%         Raw penalty = -alpha * k_high + beta * k_low
%                     = -0.1 * 2986 + 0.0 * 0
%                     = -298.6 + 0.0
%                     = -298.600000
%       
%         Scaled penalty = scalingPenalties * rawPenalty
%                        = 1.0 * -298.600000
%                        = -298.600000
%     Score = -3,262.231383 (regressionFit = 3,560.831371, totalPenalty = -298.599988)
%       for clause: action(A, _) :- visiblemissile(A, _).  [covers 4,791.0/16,054.0 pos, 0.0/0.0 neg]

% Consider expanding [#2 of outerLoop #1, bodyLen=1] 'action(A, _) :- oxygenok(A).  [covers 15,725.0/16,054.0 pos, 0.0/0.0 neg]' score=-1969.5704401624746
%  At # nodes expanded = 2, |OPEN| = 8.  Pruned 0 variant children.  Sending 8 items to OPEN for evaluation and possible insertion.
% Have created 8 valid-on-seeds descendants and have picked up 3 bad extensions.
%           Grounding 0: weight=1.0 threshold=0.7 -> HIGH
%           Grounding 0: weight=1.0 threshold=0.7 -> HIGH
%       === Grounding Penalty Calculation ===
%         Examples checked: 16054
%         Examples with cached bindings: 2872
%         Total groundings evaluated: 2872
%         High attention groundings (>= 0.7): 2872
%         Low attention groundings (< 0.7): 0
%       
%         Raw penalty = -alpha * k_high + beta * k_low
%                     = -0.1 * 2872 + 0.0 * 0
%                     = -287.2 + 0.0
%                     = -287.200000
%       
%         Scaled penalty = scalingPenalties * rawPenalty
%                        = 1.0 * -287.200000
%                        = -287.200000
%     Score = -3,221.503565 (regressionFit = 3,508.703544, totalPenalty = -287.199979)
%       for clause: action(A, _) :- oxygenok(A), diversempty(A).  [covers 2,872.0/16,054.0 pos, 0.0/0.0 neg]
%           Grounding 0: weight=1.0 threshold=0.7 -> HIGH
%           Grounding 0: weight=1.0 threshold=0.7 -> HIGH
%       === Grounding Penalty Calculation ===
%         Examples checked: 16054
%         Examples with cached bindings: 11756
%         Total groundings evaluated: 11756
%         High attention groundings (>= 0.7): 11756
%         Low attention groundings (< 0.7): 0
%       
%         Raw penalty = -alpha * k_high + beta * k_low
%                     = -0.1 * 11756 + 0.0 * 0
%                     = -1175.6000000000001 + 0.0
%                     = -1,175.600000
%       
%         Scaled penalty = scalingPenalties * rawPenalty
%                        = 1.0 * -1,175.600000
%                        = -1,175.600000
%     Score = -2,245.714785 (regressionFit = 3,421.314764, totalPenalty = -1,175.599979)
%       for clause: action(A, _) :- oxygenok(A), diversnotfull(A).  [covers 11,756.0/16,054.0 pos, 0.0/0.0 neg]
%           Grounding 0: weight=1.0 threshold=0.7 -> HIGH
%           Grounding 0: weight=1.0 threshold=0.7 -> HIGH
%       === Grounding Penalty Calculation ===
%         Examples checked: 16054
%         Examples with cached bindings: 8162
%         Total groundings evaluated: 8162
%         High attention groundings (>= 0.7): 8162
%         Low attention groundings (< 0.7): 0
%       
%         Raw penalty = -alpha * k_high + beta * k_low
%                     = -0.1 * 8162 + 0.0 * 0
%                     = -816.2 + 0.0
%                     = -816.200000
%       
%         Scaled penalty = scalingPenalties * rawPenalty
%                        = 1.0 * -816.200000
%                        = -816.200000
%     Score = -2,708.458705 (regressionFit = 3,524.658684, totalPenalty = -816.199979)
%       for clause: action(A, _) :- oxygenok(A), facingleft(A).  [covers 8,162.0/16,054.0 pos, 0.0/0.0 neg]
%           Grounding 0: weight=1.0 threshold=0.7 -> HIGH
%           Grounding 0: weight=1.0 threshold=0.7 -> HIGH
%       === Grounding Penalty Calculation ===
%         Examples checked: 16054
%         Examples with cached bindings: 7563
%         Total groundings evaluated: 7563
%         High attention groundings (>= 0.7): 7563
%         Low attention groundings (< 0.7): 0
%       
%         Raw penalty = -alpha * k_high + beta * k_low
%                     = -0.1 * 7563 + 0.0 * 0
%                     = -756.3000000000001 + 0.0
%                     = -756.300000
%       
%         Scaled penalty = scalingPenalties * rawPenalty
%                        = 1.0 * -756.300000
%                        = -756.300000
%     Score = -2,788.079849 (regressionFit = 3,544.379828, totalPenalty = -756.299979)
%       for clause: action(A, _) :- oxygenok(A), facingright(A).  [covers 7,563.0/16,054.0 pos, 0.0/0.0 neg]
%           Grounding 0: weight=0.788 threshold=0.7 -> HIGH
%           Grounding 0: weight=0.984 threshold=0.7 -> HIGH
%       === Grounding Penalty Calculation ===
%         Examples checked: 16054
%         Examples with cached bindings: 4878
%         Total groundings evaluated: 4878
%         High attention groundings (>= 0.7): 2844
%         Low attention groundings (< 0.7): 2034
%       
%         Raw penalty = -alpha * k_high + beta * k_low
%                     = -0.1 * 2844 + 0.0 * 2034
%                     = -284.40000000000003 + 0.0
%                     = -284.400000
%       
%         Scaled penalty = scalingPenalties * rawPenalty
%                        = 1.0 * -284.400000
%                        = -284.400000
%     Score = -3,286.794981 (regressionFit = 3,571.194959, totalPenalty = -284.399978)
%       for clause: action(A, _) :- oxygenok(A), visiblediver(A, _).  [covers 9,192.0/16,054.0 pos, 0.0/0.0 neg]
%           Grounding 0: weight=0.93 threshold=0.7 -> HIGH
%           Grounding 0: weight=0.902 threshold=0.7 -> HIGH
%       === Grounding Penalty Calculation ===
%         Examples checked: 16054
%         Examples with cached bindings: 2303
%         Total groundings evaluated: 2303
%         High attention groundings (>= 0.7): 1413
%         Low attention groundings (< 0.7): 890
%       
%         Raw penalty = -alpha * k_high + beta * k_low
%                     = -0.1 * 1413 + 0.0 * 890
%                     = -141.3 + 0.0
%                     = -141.300000
%       
%         Scaled penalty = scalingPenalties * rawPenalty
%                        = 1.0 * -141.300000
%                        = -141.300000
%     Score = -3,249.830114 (regressionFit = 3,391.130091, totalPenalty = -141.299978)
%       for clause: action(A, _) :- oxygenok(A), visibleenemy(A, _).  [covers 11,722.0/16,054.0 pos, 0.0/0.0 neg]
%           Grounding 0: weight=0.605 threshold=0.7 -> LOW
%           Grounding 0: weight=0.552 threshold=0.7 -> LOW
%       === Grounding Penalty Calculation ===
%         Examples checked: 16054
%         Examples with cached bindings: 4955
%         Total groundings evaluated: 4955
%         High attention groundings (>= 0.7): 996
%         Low attention groundings (< 0.7): 3959
%       
%         Raw penalty = -alpha * k_high + beta * k_low
%                     = -0.1 * 996 + 0.0 * 3959
%                     = -99.60000000000001 + 0.0
%                     = -99.600000
%       
%         Scaled penalty = scalingPenalties * rawPenalty
%                        = 1.0 * -99.600000
%                        = -99.600000
%     Score = -3,390.059654 (regressionFit = 3,489.659632, totalPenalty = -99.599978)
%       for clause: action(A, _) :- oxygenok(A), visibleenemysubmarine(A, _).  [covers 11,875.0/16,054.0 pos, 0.0/0.0 neg]
%           Grounding 0: weight=1.0 threshold=0.7 -> HIGH
%           Grounding 0: weight=1.0 threshold=0.7 -> HIGH
%       === Grounding Penalty Calculation ===
%         Examples checked: 16054
%         Examples with cached bindings: 2940
%         Total groundings evaluated: 2940
%         High attention groundings (>= 0.7): 2940
%         Low attention groundings (< 0.7): 0
%       
%         Raw penalty = -alpha * k_high + beta * k_low
%                     = -0.1 * 2940 + 0.0 * 0
%                     = -294.0 + 0.0
%                     = -294.000000
%       
%         Scaled penalty = scalingPenalties * rawPenalty
%                        = 1.0 * -294.000000
%                        = -294.000000
%     Score = -3,262.727240 (regressionFit = 3,556.727217, totalPenalty = -293.999978)
%       for clause: action(A, _) :- oxygenok(A), visiblemissile(A, _).  [covers 4,697.0/16,054.0 pos, 0.0/0.0 neg]

% Consider expanding [#3 of outerLoop #1, bodyLen=1] 'action(A, _) :- diversnotfull(A).  [covers 11,756.0/16,054.0 pos, 0.0/0.0 neg]' score=-2245.714775017633
%  At # nodes expanded = 3, |OPEN| = 7.  Pruned 0 variant children.  Sending 7 items to OPEN for evaluation and possible insertion.
% Have created 7 valid-on-seeds descendants and have picked up 4 bad extensions.
%           Grounding 0: weight=1.0 threshold=0.7 -> HIGH
%           Grounding 0: weight=1.0 threshold=0.7 -> HIGH
%       === Grounding Penalty Calculation ===
%         Examples checked: 16054
%         Examples with cached bindings: 6090
%         Total groundings evaluated: 6090
%         High attention groundings (>= 0.7): 6090
%         Low attention groundings (< 0.7): 0
%       
%         Raw penalty = -alpha * k_high + beta * k_low
%                     = -0.1 * 6090 + 0.0 * 0
%                     = -609.0 + 0.0
%                     = -609.000000
%       
%         Scaled penalty = scalingPenalties * rawPenalty
%                        = 1.0 * -609.000000
%                        = -609.000000
%     Score = -2,838.095176 (regressionFit = 3,447.095155, totalPenalty = -608.999979)
%       for clause: action(A, _) :- diversnotfull(A), facingleft(A).  [covers 6,090.0/16,054.0 pos, 0.0/0.0 neg]
%           Grounding 0: weight=1.0 threshold=0.7 -> HIGH
%           Grounding 0: weight=1.0 threshold=0.7 -> HIGH
%       === Grounding Penalty Calculation ===
%         Examples checked: 16054
%         Examples with cached bindings: 5666
%         Total groundings evaluated: 5666
%         High attention groundings (>= 0.7): 5666
%         Low attention groundings (< 0.7): 0
%       
%         Raw penalty = -alpha * k_high + beta * k_low
%                     = -0.1 * 5666 + 0.0 * 0
%                     = -566.6 + 0.0
%                     = -566.600000
%       
%         Scaled penalty = scalingPenalties * rawPenalty
%                        = 1.0 * -566.600000
%                        = -566.600000
%     Score = -3,007.155943 (regressionFit = 3,573.755922, totalPenalty = -566.599979)
%       for clause: action(A, _) :- diversnotfull(A), facingright(A).  [covers 5,666.0/16,054.0 pos, 0.0/0.0 neg]
%           Grounding 0: weight=1.0 threshold=0.7 -> HIGH
%           Grounding 0: weight=1.0 threshold=0.7 -> HIGH
%       === Grounding Penalty Calculation ===
%         Examples checked: 16054
%         Examples with cached bindings: 11756
%         Total groundings evaluated: 11756
%         High attention groundings (>= 0.7): 11756
%         Low attention groundings (< 0.7): 0
%       
%         Raw penalty = -alpha * k_high + beta * k_low
%                     = -0.1 * 11756 + 0.0 * 0
%                     = -1175.6000000000001 + 0.0
%                     = -1,175.600000
%       
%         Scaled penalty = scalingPenalties * rawPenalty
%                        = 1.0 * -1,175.600000
%                        = -1,175.600000
%     Score = -2,245.714785 (regressionFit = 3,421.314764, totalPenalty = -1,175.599979)
%       for clause: action(A, _) :- diversnotfull(A), oxygenok(A).  [covers 11,756.0/16,054.0 pos, 0.0/0.0 neg]
%           Grounding 0: weight=0.788 threshold=0.7 -> HIGH
%           Grounding 0: weight=0.984 threshold=0.7 -> HIGH
%       === Grounding Penalty Calculation ===
%         Examples checked: 16054
%         Examples with cached bindings: 3925
%         Total groundings evaluated: 3925
%         High attention groundings (>= 0.7): 2367
%         Low attention groundings (< 0.7): 1558
%       
%         Raw penalty = -alpha * k_high + beta * k_low
%                     = -0.1 * 2367 + 0.0 * 1558
%                     = -236.70000000000002 + 0.0
%                     = -236.700000
%       
%         Scaled penalty = scalingPenalties * rawPenalty
%                        = 1.0 * -236.700000
%                        = -236.700000
%     Score = -3,320.820911 (regressionFit = 3,557.520888, totalPenalty = -236.699978)
%       for clause: action(A, _) :- diversnotfull(A), visiblediver(A, _).  [covers 7,291.0/16,054.0 pos, 0.0/0.0 neg]
%           Grounding 0: weight=0.93 threshold=0.7 -> HIGH
%           Grounding 0: weight=0.902 threshold=0.7 -> HIGH
%       === Grounding Penalty Calculation ===
%         Examples checked: 16054
%         Examples with cached bindings: 2027
%         Total groundings evaluated: 2027
%         High attention groundings (>= 0.7): 1299
%         Low attention groundings (< 0.7): 728
%       
%         Raw penalty = -alpha * k_high + beta * k_low
%                     = -0.1 * 1299 + 0.0 * 728
%                     = -129.9 + 0.0
%                     = -129.900000
%       
%         Scaled penalty = scalingPenalties * rawPenalty
%                        = 1.0 * -129.900000
%                        = -129.900000
%     Score = -3,256.005775 (regressionFit = 3,385.905753, totalPenalty = -129.899978)
%       for clause: action(A, _) :- diversnotfull(A), visibleenemy(A, _).  [covers 9,646.0/16,054.0 pos, 0.0/0.0 neg]
%           Grounding 0: weight=0.605 threshold=0.7 -> LOW
%           Grounding 0: weight=0.552 threshold=0.7 -> LOW
%       === Grounding Penalty Calculation ===
%         Examples checked: 16054
%         Examples with cached bindings: 3429
%         Total groundings evaluated: 3429
%         High attention groundings (>= 0.7): 635
%         Low attention groundings (< 0.7): 2794
%       
%         Raw penalty = -alpha * k_high + beta * k_low
%                     = -0.1 * 635 + 0.0 * 2794
%                     = -63.5 + 0.0
%                     = -63.500000
%       
%         Scaled penalty = scalingPenalties * rawPenalty
%                        = 1.0 * -63.500000
%                        = -63.500000
%     Score = -3,328.003610 (regressionFit = 3,391.503587, totalPenalty = -63.499978)
%       for clause: action(A, _) :- diversnotfull(A), visibleenemysubmarine(A, _).  [covers 9,252.0/16,054.0 pos, 0.0/0.0 neg]
%           Grounding 0: weight=1.0 threshold=0.7 -> HIGH
%           Grounding 0: weight=1.0 threshold=0.7 -> HIGH
%       === Grounding Penalty Calculation ===
%         Examples checked: 16054
%         Examples with cached bindings: 2471
%         Total groundings evaluated: 2471
%         High attention groundings (>= 0.7): 2471
%         Low attention groundings (< 0.7): 0
%       
%         Raw penalty = -alpha * k_high + beta * k_low
%                     = -0.1 * 2471 + 0.0 * 0
%                     = -247.10000000000002 + 0.0
%                     = -247.100000
%       
%         Scaled penalty = scalingPenalties * rawPenalty
%                        = 1.0 * -247.100000
%                        = -247.100000
%     Score = -3,293.695983 (regressionFit = 3,540.795961, totalPenalty = -247.099978)
%       for clause: action(A, _) :- diversnotfull(A), visiblemissile(A, _).  [covers 3,918.0/16,054.0 pos, 0.0/0.0 neg]

% Consider expanding [#4 of outerLoop #1, bodyLen=1] 'action(A, _) :- facingleft(A).  [covers 8,162.0/16,054.0 pos, 0.0/0.0 neg]' score=-2708.4586951512047
%  At # nodes expanded = 4, |OPEN| = 6.  Pruned 0 variant children.  Sending 7 items to OPEN for evaluation and possible insertion.
% Have created 7 valid-on-seeds descendants and have picked up 4 bad extensions.
%           Grounding 0: weight=1.0 threshold=0.7 -> HIGH
%           Grounding 0: weight=1.0 threshold=0.7 -> HIGH
%       === Grounding Penalty Calculation ===
%         Examples checked: 16054
%         Examples with cached bindings: 1514
%         Total groundings evaluated: 1514
%         High attention groundings (>= 0.7): 1514
%         Low attention groundings (< 0.7): 0
%       
%         Raw penalty = -alpha * k_high + beta * k_low
%                     = -0.1 * 1514 + 0.0 * 0
%                     = -151.4 + 0.0
%                     = -151.400000
%       
%         Scaled penalty = scalingPenalties * rawPenalty
%                        = 1.0 * -151.400000
%                        = -151.400000
%     Score = -3,406.289674 (regressionFit = 3,557.689652, totalPenalty = -151.399979)
%       for clause: action(A, _) :- facingleft(A), diversempty(A).  [covers 1,514.0/16,054.0 pos, 0.0/0.0 neg]
%           Grounding 0: weight=1.0 threshold=0.7 -> HIGH
%           Grounding 0: weight=1.0 threshold=0.7 -> HIGH
%       === Grounding Penalty Calculation ===
%         Examples checked: 16054
%         Examples with cached bindings: 6090
%         Total groundings evaluated: 6090
%         High attention groundings (>= 0.7): 6090
%         Low attention groundings (< 0.7): 0
%       
%         Raw penalty = -alpha * k_high + beta * k_low
%                     = -0.1 * 6090 + 0.0 * 0
%                     = -609.0 + 0.0
%                     = -609.000000
%       
%         Scaled penalty = scalingPenalties * rawPenalty
%                        = 1.0 * -609.000000
%                        = -609.000000
%     Score = -2,838.095176 (regressionFit = 3,447.095155, totalPenalty = -608.999979)
%       for clause: action(A, _) :- facingleft(A), diversnotfull(A).  [covers 6,090.0/16,054.0 pos, 0.0/0.0 neg]
%           Grounding 0: weight=1.0 threshold=0.7 -> HIGH
%           Grounding 0: weight=1.0 threshold=0.7 -> HIGH
%       === Grounding Penalty Calculation ===
%         Examples checked: 16054
%         Examples with cached bindings: 8162
%         Total groundings evaluated: 8162
%         High attention groundings (>= 0.7): 8162
%         Low attention groundings (< 0.7): 0
%       
%         Raw penalty = -alpha * k_high + beta * k_low
%                     = -0.1 * 8162 + 0.0 * 0
%                     = -816.2 + 0.0
%                     = -816.200000
%       
%         Scaled penalty = scalingPenalties * rawPenalty
%                        = 1.0 * -816.200000
%                        = -816.200000
%     Score = -2,708.458705 (regressionFit = 3,524.658684, totalPenalty = -816.199979)
%       for clause: action(A, _) :- facingleft(A), oxygenok(A).  [covers 8,162.0/16,054.0 pos, 0.0/0.0 neg]
%           Grounding 0: weight=0.788 threshold=0.7 -> HIGH
%           Grounding 0: weight=0.929 threshold=0.7 -> HIGH
%       === Grounding Penalty Calculation ===
%         Examples checked: 16054
%         Examples with cached bindings: 2524
%         Total groundings evaluated: 2524
%         High attention groundings (>= 0.7): 1528
%         Low attention groundings (< 0.7): 996
%       
%         Raw penalty = -alpha * k_high + beta * k_low
%                     = -0.1 * 1528 + 0.0 * 996
%                     = -152.8 + 0.0
%                     = -152.800000
%       
%         Scaled penalty = scalingPenalties * rawPenalty
%                        = 1.0 * -152.800000
%                        = -152.800000
%     Score = -3,392.430760 (regressionFit = 3,545.230738, totalPenalty = -152.799978)
%       for clause: action(A, _) :- facingleft(A), visiblediver(A, _).  [covers 4,918.0/16,054.0 pos, 0.0/0.0 neg]
%           Grounding 0: weight=0.93 threshold=0.7 -> HIGH
%           Grounding 0: weight=0.902 threshold=0.7 -> HIGH
%       === Grounding Penalty Calculation ===
%         Examples checked: 16054
%         Examples with cached bindings: 1210
%         Total groundings evaluated: 1210
%         High attention groundings (>= 0.7): 784
%         Low attention groundings (< 0.7): 426
%       
%         Raw penalty = -alpha * k_high + beta * k_low
%                     = -0.1 * 784 + 0.0 * 426
%                     = -78.4 + 0.0
%                     = -78.400000
%       
%         Scaled penalty = scalingPenalties * rawPenalty
%                        = 1.0 * -78.400000
%                        = -78.400000
%     Score = -3,381.432668 (regressionFit = 3,459.832646, totalPenalty = -78.399978)
%       for clause: action(A, _) :- facingleft(A), visibleenemy(A, _).  [covers 6,386.0/16,054.0 pos, 0.0/0.0 neg]
%           Grounding 0: weight=0.552 threshold=0.7 -> LOW
%           Grounding 0: weight=0.563 threshold=0.7 -> LOW
%       === Grounding Penalty Calculation ===
%         Examples checked: 16054
%         Examples with cached bindings: 2552
%         Total groundings evaluated: 2552
%         High attention groundings (>= 0.7): 508
%         Low attention groundings (< 0.7): 2044
%       
%         Raw penalty = -alpha * k_high + beta * k_low
%                     = -0.1 * 508 + 0.0 * 2044
%                     = -50.800000000000004 + 0.0
%                     = -50.800000
%       
%         Scaled penalty = scalingPenalties * rawPenalty
%                        = 1.0 * -50.800000
%                        = -50.800000
%     Score = -3,435.679448 (regressionFit = 3,486.479426, totalPenalty = -50.799978)
%       for clause: action(A, _) :- facingleft(A), visibleenemysubmarine(A, _).  [covers 6,154.0/16,054.0 pos, 0.0/0.0 neg]
%           Grounding 0: weight=1.0 threshold=0.7 -> HIGH
%           Grounding 0: weight=1.0 threshold=0.7 -> HIGH
%       === Grounding Penalty Calculation ===
%         Examples checked: 16054
%         Examples with cached bindings: 1500
%         Total groundings evaluated: 1500
%         High attention groundings (>= 0.7): 1500
%         Low attention groundings (< 0.7): 0
%       
%         Raw penalty = -alpha * k_high + beta * k_low
%                     = -0.1 * 1500 + 0.0 * 0
%                     = -150.0 + 0.0
%                     = -150.000000
%       
%         Scaled penalty = scalingPenalties * rawPenalty
%                        = 1.0 * -150.000000
%                        = -150.000000
%     Score = -3,395.750479 (regressionFit = 3,545.750457, totalPenalty = -149.999978)
%       for clause: action(A, _) :- facingleft(A), visiblemissile(A, _).  [covers 2,387.0/16,054.0 pos, 0.0/0.0 neg]

% Consider expanding [#5 of outerLoop #1, bodyLen=1] 'action(A, _) :- facingright(A).  [covers 7,563.0/16,054.0 pos, 0.0/0.0 neg]' score=-2788.0798390890154
%  At # nodes expanded = 5, |OPEN| = 5.  Pruned 0 variant children.  Sending 6 items to OPEN for evaluation and possible insertion.
% Have created 6 valid-on-seeds descendants and have picked up 5 bad extensions.
%           Grounding 0: weight=1.0 threshold=0.7 -> HIGH
%           Grounding 0: weight=1.0 threshold=0.7 -> HIGH
%       === Grounding Penalty Calculation ===
%         Examples checked: 16054
%         Examples with cached bindings: 5666
%         Total groundings evaluated: 5666
%         High attention groundings (>= 0.7): 5666
%         Low attention groundings (< 0.7): 0
%       
%         Raw penalty = -alpha * k_high + beta * k_low
%                     = -0.1 * 5666 + 0.0 * 0
%                     = -566.6 + 0.0
%                     = -566.600000
%       
%         Scaled penalty = scalingPenalties * rawPenalty
%                        = 1.0 * -566.600000
%                        = -566.600000
%     Score = -3,007.155943 (regressionFit = 3,573.755922, totalPenalty = -566.599979)
%       for clause: action(A, _) :- facingright(A), diversnotfull(A).  [covers 5,666.0/16,054.0 pos, 0.0/0.0 neg]
%           Grounding 0: weight=1.0 threshold=0.7 -> HIGH
%           Grounding 0: weight=1.0 threshold=0.7 -> HIGH
%       === Grounding Penalty Calculation ===
%         Examples checked: 16054
%         Examples with cached bindings: 7563
%         Total groundings evaluated: 7563
%         High attention groundings (>= 0.7): 7563
%         Low attention groundings (< 0.7): 0
%       
%         Raw penalty = -alpha * k_high + beta * k_low
%                     = -0.1 * 7563 + 0.0 * 0
%                     = -756.3000000000001 + 0.0
%                     = -756.300000
%       
%         Scaled penalty = scalingPenalties * rawPenalty
%                        = 1.0 * -756.300000
%                        = -756.300000
%     Score = -2,788.079849 (regressionFit = 3,544.379828, totalPenalty = -756.299979)
%       for clause: action(A, _) :- facingright(A), oxygenok(A).  [covers 7,563.0/16,054.0 pos, 0.0/0.0 neg]
%           Grounding 0: weight=0.984 threshold=0.7 -> HIGH
%           Grounding 0: weight=0.687 threshold=0.7 -> LOW
%       === Grounding Penalty Calculation ===
%         Examples checked: 16054
%         Examples with cached bindings: 2354
%         Total groundings evaluated: 2354
%         High attention groundings (>= 0.7): 1316
%         Low attention groundings (< 0.7): 1038
%       
%         Raw penalty = -alpha * k_high + beta * k_low
%                     = -0.1 * 1316 + 0.0 * 1038
%                     = -131.6 + 0.0
%                     = -131.600000
%       
%         Scaled penalty = scalingPenalties * rawPenalty
%                        = 1.0 * -131.600000
%                        = -131.600000
%     Score = -3,427.874278 (regressionFit = 3,559.474256, totalPenalty = -131.599978)
%       for clause: action(A, _) :- facingright(A), visiblediver(A, _).  [covers 4,274.0/16,054.0 pos, 0.0/0.0 neg]
%           Grounding 0: weight=0.876 threshold=0.7 -> HIGH
%           Grounding 0: weight=0.96 threshold=0.7 -> HIGH
%       === Grounding Penalty Calculation ===
%         Examples checked: 16054
%         Examples with cached bindings: 1093
%         Total groundings evaluated: 1093
%         High attention groundings (>= 0.7): 629
%         Low attention groundings (< 0.7): 464
%       
%         Raw penalty = -alpha * k_high + beta * k_low
%                     = -0.1 * 629 + 0.0 * 464
%                     = -62.900000000000006 + 0.0
%                     = -62.900000
%       
%         Scaled penalty = scalingPenalties * rawPenalty
%                        = 1.0 * -62.900000
%                        = -62.900000
%     Score = -3,508.153084 (regressionFit = 3,571.053062, totalPenalty = -62.899978)
%       for clause: action(A, _) :- facingright(A), visibleenemy(A, _).  [covers 5,336.0/16,054.0 pos, 0.0/0.0 neg]
%           Grounding 0: weight=0.605 threshold=0.7 -> LOW
%           Grounding 0: weight=0.793 threshold=0.7 -> HIGH
%       === Grounding Penalty Calculation ===
%         Examples checked: 16054
%         Examples with cached bindings: 2403
%         Total groundings evaluated: 2403
%         High attention groundings (>= 0.7): 488
%         Low attention groundings (< 0.7): 1915
%       
%         Raw penalty = -alpha * k_high + beta * k_low
%                     = -0.1 * 488 + 0.0 * 1915
%                     = -48.800000000000004 + 0.0
%                     = -48.800000
%       
%         Scaled penalty = scalingPenalties * rawPenalty
%                        = 1.0 * -48.800000
%                        = -48.800000
%     Score = -3,523.785568 (regressionFit = 3,572.585546, totalPenalty = -48.799978)
%       for clause: action(A, _) :- facingright(A), visibleenemysubmarine(A, _).  [covers 5,721.0/16,054.0 pos, 0.0/0.0 neg]
%           Grounding 0: weight=1.0 threshold=0.7 -> HIGH
%           Grounding 0: weight=1.0 threshold=0.7 -> HIGH
%       === Grounding Penalty Calculation ===
%         Examples checked: 16054
%         Examples with cached bindings: 1440
%         Total groundings evaluated: 1440
%         High attention groundings (>= 0.7): 1440
%         Low attention groundings (< 0.7): 0
%       
%         Raw penalty = -alpha * k_high + beta * k_low
%                     = -0.1 * 1440 + 0.0 * 0
%                     = -144.0 + 0.0
%                     = -144.000000
%       
%         Scaled penalty = scalingPenalties * rawPenalty
%                        = 1.0 * -144.000000
%                        = -144.000000
%     Score = -3,429.755858 (regressionFit = 3,573.755835, totalPenalty = -143.999978)
%       for clause: action(A, _) :- facingright(A), visiblemissile(A, _).  [covers 2,310.0/16,054.0 pos, 0.0/0.0 neg]

% Consider expanding [#6 of outerLoop #1, bodyLen=1] 'action(A, _) :- diversempty(A).  [covers 2,872.0/16,054.0 pos, 0.0/0.0 neg]' score=-3221.503555464188
%  At # nodes expanded = 6, |OPEN| = 4.  Pruned 0 variant children.  Sending 3 items to OPEN for evaluation and possible insertion.
% Have created 3 valid-on-seeds descendants and have picked up 8 bad extensions.
%           Grounding 0: weight=1.0 threshold=0.7 -> HIGH
%           Grounding 0: weight=1.0 threshold=0.7 -> HIGH
%       === Grounding Penalty Calculation ===
%         Examples checked: 16054
%         Examples with cached bindings: 1514
%         Total groundings evaluated: 1514
%         High attention groundings (>= 0.7): 1514
%         Low attention groundings (< 0.7): 0
%       
%         Raw penalty = -alpha * k_high + beta * k_low
%                     = -0.1 * 1514 + 0.0 * 0
%                     = -151.4 + 0.0
%                     = -151.400000
%       
%         Scaled penalty = scalingPenalties * rawPenalty
%                        = 1.0 * -151.400000
%                        = -151.400000
%     Score = -3,406.289674 (regressionFit = 3,557.689652, totalPenalty = -151.399979)
%       for clause: action(A, _) :- diversempty(A), facingleft(A).  [covers 1,514.0/16,054.0 pos, 0.0/0.0 neg]
%           Grounding 0: weight=1.0 threshold=0.7 -> HIGH
%           Grounding 0: weight=1.0 threshold=0.7 -> HIGH
%       === Grounding Penalty Calculation ===
%         Examples checked: 16054
%         Examples with cached bindings: 2872
%         Total groundings evaluated: 2872
%         High attention groundings (>= 0.7): 2872
%         Low attention groundings (< 0.7): 0
%       
%         Raw penalty = -alpha * k_high + beta * k_low
%                     = -0.1 * 2872 + 0.0 * 0
%                     = -287.2 + 0.0
%                     = -287.200000
%       
%         Scaled penalty = scalingPenalties * rawPenalty
%                        = 1.0 * -287.200000
%                        = -287.200000
%     Score = -3,221.503565 (regressionFit = 3,508.703544, totalPenalty = -287.199979)
%       for clause: action(A, _) :- diversempty(A), oxygenok(A).  [covers 2,872.0/16,054.0 pos, 0.0/0.0 neg]
%           Grounding 0: weight=0.609 threshold=0.7 -> LOW
%           Grounding 0: weight=0.974 threshold=0.7 -> HIGH
%       === Grounding Penalty Calculation ===
%         Examples checked: 16054
%         Examples with cached bindings: 538
%         Total groundings evaluated: 538
%         High attention groundings (>= 0.7): 349
%         Low attention groundings (< 0.7): 189
%       
%         Raw penalty = -alpha * k_high + beta * k_low
%                     = -0.1 * 349 + 0.0 * 189
%                     = -34.9 + 0.0
%                     = -34.900000
%       
%         Scaled penalty = scalingPenalties * rawPenalty
%                        = 1.0 * -34.900000
%                        = -34.900000
%     Score = -3,537.765947 (regressionFit = 3,572.665925, totalPenalty = -34.899978)
%       for clause: action(A, _) :- diversempty(A), visiblediver(A, _).  [covers 1,089.0/16,054.0 pos, 0.0/0.0 neg]

% Consider expanding [#7 of outerLoop #1, bodyLen=1] 'action(A, _) :- visiblemissile(A, _).  [covers 4,791.0/16,054.0 pos, 0.0/0.0 neg]' score=-3262.2313832644163
% [ LazyGroundClauseIndex ]  Building full index for aboveofmissile/2 with 21,903 assertions.
% [ LazyGroundClauseIndex ]  Building full index for belowofmissile/2 with 11,961 assertions.
% [ LazyGroundClauseIndex ]  Building full index for leftofmissile/2 with 12,421 assertions.
% [ LazyGroundClauseIndex ]  Building full index for nearbymissile/2 with 3,294 assertions.
% [ LazyGroundClauseIndex ]  Building full index for rightofmissile/2 with 15,443 assertions.
% [ LazyGroundClauseIndex ]  Building full index for samelevelasmissile/2 with 712 assertions.
%  At # nodes expanded = 7, |OPEN| = 3.  Pruned 0 variant children.  Sending 11 items to OPEN for evaluation and possible insertion.
% Have created 11 valid-on-seeds descendants and have picked up 7 bad extensions.
% [ LazyGroundNthArgumentClauseIndex ]  Argument 0:  Building full index for aboveofmissile/2.
%           Grounding 0: weight=1.0 threshold=0.7 -> HIGH
%           Grounding 0: weight=1.0 threshold=0.7 -> HIGH
%       === Grounding Penalty Calculation ===
%         Examples checked: 16054
%         Examples with cached bindings: 2170
%         Total groundings evaluated: 2170
%         High attention groundings (>= 0.7): 2170
%         Low attention groundings (< 0.7): 0
%       
%         Raw penalty = -alpha * k_high + beta * k_low
%                     = -0.1 * 2170 + 0.0 * 0
%                     = -217.0 + 0.0
%                     = -217.000000
%       
%         Scaled penalty = scalingPenalties * rawPenalty
%                        = 1.0 * -217.000000
%                        = -217.000000
%     Score = -3,356.716601 (regressionFit = 3,573.716579, totalPenalty = -216.999979)
%       for clause: action(A, _) :- visiblemissile(A, B), aboveofmissile(A, B).  [covers 3,076.0/16,054.0 pos, 0.0/0.0 neg]
% [ LazyGroundNthArgumentClauseIndex ]  Argument 0:  Building full index for belowofmissile/2.
%           Grounding 0: weight=1.0 threshold=0.7 -> HIGH
%           Grounding 0: weight=1.0 threshold=0.7 -> HIGH
%       === Grounding Penalty Calculation ===
%         Examples checked: 16054
%         Examples with cached bindings: 2093
%         Total groundings evaluated: 2093
%         High attention groundings (>= 0.7): 2093
%         Low attention groundings (< 0.7): 0
%       
%         Raw penalty = -alpha * k_high + beta * k_low
%                     = -0.1 * 2093 + 0.0 * 0
%                     = -209.3 + 0.0
%                     = -209.300000
%       
%         Scaled penalty = scalingPenalties * rawPenalty
%                        = 1.0 * -209.300000
%                        = -209.300000
%     Score = -3,324.409528 (regressionFit = 3,533.709506, totalPenalty = -209.299979)
%       for clause: action(A, _) :- visiblemissile(A, B), belowofmissile(A, B).  [covers 2,406.0/16,054.0 pos, 0.0/0.0 neg]
%           Grounding 0: weight=1.0 threshold=0.7 -> HIGH
%           Grounding 0: weight=1.0 threshold=0.7 -> HIGH
%       === Grounding Penalty Calculation ===
%         Examples checked: 16054
%         Examples with cached bindings: 2471
%         Total groundings evaluated: 2471
%         High attention groundings (>= 0.7): 2471
%         Low attention groundings (< 0.7): 0
%       
%         Raw penalty = -alpha * k_high + beta * k_low
%                     = -0.1 * 2471 + 0.0 * 0
%                     = -247.10000000000002 + 0.0
%                     = -247.100000
%       
%         Scaled penalty = scalingPenalties * rawPenalty
%                        = 1.0 * -247.100000
%                        = -247.100000
%     Score = -3,293.695983 (regressionFit = 3,540.795961, totalPenalty = -247.099978)
%       for clause: action(A, _) :- visiblemissile(A, _), diversnotfull(A).  [covers 3,918.0/16,054.0 pos, 0.0/0.0 neg]
%           Grounding 0: weight=1.0 threshold=0.7 -> HIGH
%           Grounding 0: weight=1.0 threshold=0.7 -> HIGH
%       === Grounding Penalty Calculation ===
%         Examples checked: 16054
%         Examples with cached bindings: 1500
%         Total groundings evaluated: 1500
%         High attention groundings (>= 0.7): 1500
%         Low attention groundings (< 0.7): 0
%       
%         Raw penalty = -alpha * k_high + beta * k_low
%                     = -0.1 * 1500 + 0.0 * 0
%                     = -150.0 + 0.0
%                     = -150.000000
%       
%         Scaled penalty = scalingPenalties * rawPenalty
%                        = 1.0 * -150.000000
%                        = -150.000000
%     Score = -3,395.750479 (regressionFit = 3,545.750457, totalPenalty = -149.999978)
%       for clause: action(A, _) :- visiblemissile(A, _), facingleft(A).  [covers 2,387.0/16,054.0 pos, 0.0/0.0 neg]
%           Grounding 0: weight=1.0 threshold=0.7 -> HIGH
%           Grounding 0: weight=1.0 threshold=0.7 -> HIGH
%       === Grounding Penalty Calculation ===
%         Examples checked: 16054
%         Examples with cached bindings: 1440
%         Total groundings evaluated: 1440
%         High attention groundings (>= 0.7): 1440
%         Low attention groundings (< 0.7): 0
%       
%         Raw penalty = -alpha * k_high + beta * k_low
%                     = -0.1 * 1440 + 0.0 * 0
%                     = -144.0 + 0.0
%                     = -144.000000
%       
%         Scaled penalty = scalingPenalties * rawPenalty
%                        = 1.0 * -144.000000
%                        = -144.000000
%     Score = -3,429.755858 (regressionFit = 3,573.755835, totalPenalty = -143.999978)
%       for clause: action(A, _) :- visiblemissile(A, _), facingright(A).  [covers 2,310.0/16,054.0 pos, 0.0/0.0 neg]
%           Grounding 0: weight=1.0 threshold=0.7 -> HIGH
%           Grounding 0: weight=1.0 threshold=0.7 -> HIGH
%       === Grounding Penalty Calculation ===
%         Examples checked: 16054
%         Examples with cached bindings: 2940
%         Total groundings evaluated: 2940
%         High attention groundings (>= 0.7): 2940
%         Low attention groundings (< 0.7): 0
%       
%         Raw penalty = -alpha * k_high + beta * k_low
%                     = -0.1 * 2940 + 0.0 * 0
%                     = -294.0 + 0.0
%                     = -294.000000
%       
%         Scaled penalty = scalingPenalties * rawPenalty
%                        = 1.0 * -294.000000
%                        = -294.000000
%     Score = -3,262.727240 (regressionFit = 3,556.727217, totalPenalty = -293.999978)
%       for clause: action(A, _) :- visiblemissile(A, _), oxygenok(A).  [covers 4,697.0/16,054.0 pos, 0.0/0.0 neg]
% [ LazyGroundNthArgumentClauseIndex ]  Argument 0:  Building full index for rightofmissile/2.
%           Grounding 0: weight=1.0 threshold=0.7 -> HIGH
%           Grounding 0: weight=1.0 threshold=0.7 -> HIGH
%       === Grounding Penalty Calculation ===
%         Examples checked: 16054
%         Examples with cached bindings: 1516
%         Total groundings evaluated: 1516
%         High attention groundings (>= 0.7): 1516
%         Low attention groundings (< 0.7): 0
%       
%         Raw penalty = -alpha * k_high + beta * k_low
%                     = -0.1 * 1516 + 0.0 * 0
%                     = -151.6 + 0.0
%                     = -151.600000
%       
%         Scaled penalty = scalingPenalties * rawPenalty
%                        = 1.0 * -151.600000
%                        = -151.600000
%     Score = -3,420.260493 (regressionFit = 3,571.860472, totalPenalty = -151.599979)
%       for clause: action(A, _) :- visiblemissile(A, B), rightofmissile(A, B).  [covers 2,131.0/16,054.0 pos, 0.0/0.0 neg]
%           Grounding 0: weight=0.788 threshold=0.7 -> HIGH
%           Grounding 0: weight=0.984 threshold=0.7 -> HIGH
%       === Grounding Penalty Calculation ===
%         Examples checked: 16054
%         Examples with cached bindings: 1932
%         Total groundings evaluated: 1932
%         High attention groundings (>= 0.7): 919
%         Low attention groundings (< 0.7): 1013
%       
%         Raw penalty = -alpha * k_high + beta * k_low
%                     = -0.1 * 919 + 0.0 * 1013
%                     = -91.9 + 0.0
%                     = -91.900000
%       
%         Scaled penalty = scalingPenalties * rawPenalty
%                        = 1.0 * -91.900000
%                        = -91.900000
%     Score = -3,468.931394 (regressionFit = 3,560.831371, totalPenalty = -91.899977)
%       for clause: action(A, _) :- visiblemissile(A, _), visiblediver(A, _).  [covers 4,791.0/16,054.0 pos, 0.0/0.0 neg]
%           Grounding 0: weight=0.902 threshold=0.7 -> HIGH
%           Grounding 0: weight=0.922 threshold=0.7 -> HIGH
%       === Grounding Penalty Calculation ===
%         Examples checked: 16054
%         Examples with cached bindings: 733
%         Total groundings evaluated: 733
%         High attention groundings (>= 0.7): 446
%         Low attention groundings (< 0.7): 287
%       
%         Raw penalty = -alpha * k_high + beta * k_low
%                     = -0.1 * 446 + 0.0 * 287
%                     = -44.6 + 0.0
%                     = -44.600000
%       
%         Scaled penalty = scalingPenalties * rawPenalty
%                        = 1.0 * -44.600000
%                        = -44.600000
%     Score = -3,491.824597 (regressionFit = 3,536.424574, totalPenalty = -44.599977)
%       for clause: action(A, _) :- visiblemissile(A, _), visibleenemy(A, _).  [covers 3,236.0/16,054.0 pos, 0.0/0.0 neg]
%           Grounding 0: weight=0.649 threshold=0.7 -> LOW
%           Grounding 0: weight=0.727 threshold=0.7 -> HIGH
%       === Grounding Penalty Calculation ===
%         Examples checked: 16054
%         Examples with cached bindings: 259
%         Total groundings evaluated: 259
%         High attention groundings (>= 0.7): 134
%         Low attention groundings (< 0.7): 125
%       
%         Raw penalty = -alpha * k_high + beta * k_low
%                     = -0.1 * 134 + 0.0 * 125
%                     = -13.4 + 0.0
%                     = -13.400000
%       
%         Scaled penalty = scalingPenalties * rawPenalty
%                        = 1.0 * -13.400000
%                        = -13.400000
%     Score = -3,546.777155 (regressionFit = 3,560.177132, totalPenalty = -13.399977)
%       for clause: action(A, _) :- visiblemissile(A, _), visibleenemysubmarine(A, _).  [covers 4,776.0/16,054.0 pos, 0.0/0.0 neg]
%           Grounding 0: weight=1.0 threshold=0.7 -> HIGH
%           Grounding 0: weight=1.0 threshold=0.7 -> HIGH
%       === Grounding Penalty Calculation ===
%         Examples checked: 16054
%         Examples with cached bindings: 2986
%         Total groundings evaluated: 2986
%         High attention groundings (>= 0.7): 2986
%         Low attention groundings (< 0.7): 0
%       
%         Raw penalty = -alpha * k_high + beta * k_low
%                     = -0.1 * 2986 + 0.0 * 0
%                     = -298.6 + 0.0
%                     = -298.600000
%       
%         Scaled penalty = scalingPenalties * rawPenalty
%                        = 1.0 * -298.600000
%                        = -298.600000
%     Score = -3,262.231393 (regressionFit = 3,560.831371, totalPenalty = -298.599978)
%       for clause: action(A, _) :- visiblemissile(A, _), visiblemissile(A, _).  [covers 4,791.0/16,054.0 pos, 0.0/0.0 neg]

% Consider expanding [#8 of outerLoop #1, bodyLen=1] 'action(A, _) :- visiblediver(A, _).  [covers 9,406.0/16,054.0 pos, 0.0/0.0 neg]' score=-3277.3906095662273
% [ LazyGroundClauseIndex ]  Building full index for aboveofdiver/2 with 47,497 assertions.
% [ LazyGroundClauseIndex ]  Building full index for belowofdiver/2 with 17,692 assertions.
% [ LazyGroundClauseIndex ]  Building full index for leftofdiver/2 with 32,351 assertions.
% [ LazyGroundClauseIndex ]  Building full index for nearbydiver/2 with 9,610 assertions.
% [ LazyGroundClauseIndex ]  Building full index for rightofdiver/2 with 32,449 assertions.
% [ LazyGroundClauseIndex ]  Building full index for samelevelasdiver/2 with 11,480 assertions.
%  At # nodes expanded = 8, |OPEN| = 2.  Pruned 0 variant children.  Sending 14 items to OPEN for evaluation and possible insertion.
% Have created 14 valid-on-seeds descendants and have picked up 4 bad extensions.
% [ LazyGroundNthArgumentClauseIndex ]  Argument 0:  Building full index for aboveofdiver/2.
%           Grounding 0: weight=0.528 threshold=0.7 -> LOW
%           Grounding 0: weight=0.641 threshold=0.7 -> LOW
%       === Grounding Penalty Calculation ===
%         Examples checked: 16054
%         Examples with cached bindings: 4242
%         Total groundings evaluated: 4242
%         High attention groundings (>= 0.7): 1755
%         Low attention groundings (< 0.7): 2487
%       
%         Raw penalty = -alpha * k_high + beta * k_low
%                     = -0.1 * 1755 + 0.0 * 2487
%                     = -175.5 + 0.0
%                     = -175.500000
%       
%         Scaled penalty = scalingPenalties * rawPenalty
%                        = 1.0 * -175.500000
%                        = -175.500000
%     Score = -3,382.257225 (regressionFit = 3,557.757204, totalPenalty = -175.499979)
%       for clause: action(A, _) :- visiblediver(A, B), aboveofdiver(A, B).  [covers 6,276.0/16,054.0 pos, 0.0/0.0 neg]
% [ LazyGroundNthArgumentClauseIndex ]  Argument 0:  Building full index for belowofdiver/2.
%           Grounding 0: weight=0.528 threshold=0.7 -> LOW
%           Grounding 0: weight=0.641 threshold=0.7 -> LOW
%       === Grounding Penalty Calculation ===
%         Examples checked: 16054
%         Examples with cached bindings: 2709
%         Total groundings evaluated: 2709
%         High attention groundings (>= 0.7): 958
%         Low attention groundings (< 0.7): 1751
%       
%         Raw penalty = -alpha * k_high + beta * k_low
%                     = -0.1 * 958 + 0.0 * 1751
%                     = -95.80000000000001 + 0.0
%                     = -95.800000
%       
%         Scaled penalty = scalingPenalties * rawPenalty
%                        = 1.0 * -95.800000
%                        = -95.800000
%     Score = -3,457.671510 (regressionFit = 3,553.471488, totalPenalty = -95.799979)
%       for clause: action(A, _) :- visiblediver(A, B), belowofdiver(A, B).  [covers 3,235.0/16,054.0 pos, 0.0/0.0 neg]
%           Grounding 0: weight=0.609 threshold=0.7 -> LOW
%           Grounding 0: weight=0.974 threshold=0.7 -> HIGH
%       === Grounding Penalty Calculation ===
%         Examples checked: 16054
%         Examples with cached bindings: 538
%         Total groundings evaluated: 538
%         High attention groundings (>= 0.7): 349
%         Low attention groundings (< 0.7): 189
%       
%         Raw penalty = -alpha * k_high + beta * k_low
%                     = -0.1 * 349 + 0.0 * 189
%                     = -34.9 + 0.0
%                     = -34.900000
%       
%         Scaled penalty = scalingPenalties * rawPenalty
%                        = 1.0 * -34.900000
%                        = -34.900000
%     Score = -3,537.765947 (regressionFit = 3,572.665925, totalPenalty = -34.899978)
%       for clause: action(A, _) :- visiblediver(A, _), diversempty(A).  [covers 1,089.0/16,054.0 pos, 0.0/0.0 neg]
%           Grounding 0: weight=0.788 threshold=0.7 -> HIGH
%           Grounding 0: weight=0.984 threshold=0.7 -> HIGH
%       === Grounding Penalty Calculation ===
%         Examples checked: 16054
%         Examples with cached bindings: 3925
%         Total groundings evaluated: 3925
%         High attention groundings (>= 0.7): 2367
%         Low attention groundings (< 0.7): 1558
%       
%         Raw penalty = -alpha * k_high + beta * k_low
%                     = -0.1 * 2367 + 0.0 * 1558
%                     = -236.70000000000002 + 0.0
%                     = -236.700000
%       
%         Scaled penalty = scalingPenalties * rawPenalty
%                        = 1.0 * -236.700000
%                        = -236.700000
%     Score = -3,320.820911 (regressionFit = 3,557.520888, totalPenalty = -236.699978)
%       for clause: action(A, _) :- visiblediver(A, _), diversnotfull(A).  [covers 7,291.0/16,054.0 pos, 0.0/0.0 neg]
%           Grounding 0: weight=0.788 threshold=0.7 -> HIGH
%           Grounding 0: weight=0.929 threshold=0.7 -> HIGH
%       === Grounding Penalty Calculation ===
%         Examples checked: 16054
%         Examples with cached bindings: 2524
%         Total groundings evaluated: 2524
%         High attention groundings (>= 0.7): 1528
%         Low attention groundings (< 0.7): 996
%       
%         Raw penalty = -alpha * k_high + beta * k_low
%                     = -0.1 * 1528 + 0.0 * 996
%                     = -152.8 + 0.0
%                     = -152.800000
%       
%         Scaled penalty = scalingPenalties * rawPenalty
%                        = 1.0 * -152.800000
%                        = -152.800000
%     Score = -3,392.430760 (regressionFit = 3,545.230738, totalPenalty = -152.799978)
%       for clause: action(A, _) :- visiblediver(A, _), facingleft(A).  [covers 4,918.0/16,054.0 pos, 0.0/0.0 neg]
%           Grounding 0: weight=0.984 threshold=0.7 -> HIGH
%           Grounding 0: weight=0.687 threshold=0.7 -> LOW
%       === Grounding Penalty Calculation ===
%         Examples checked: 16054
%         Examples with cached bindings: 2354
%         Total groundings evaluated: 2354
%         High attention groundings (>= 0.7): 1316
%         Low attention groundings (< 0.7): 1038
%       
%         Raw penalty = -alpha * k_high + beta * k_low
%                     = -0.1 * 1316 + 0.0 * 1038
%                     = -131.6 + 0.0
%                     = -131.600000
%       
%         Scaled penalty = scalingPenalties * rawPenalty
%                        = 1.0 * -131.600000
%                        = -131.600000
%     Score = -3,427.874278 (regressionFit = 3,559.474256, totalPenalty = -131.599978)
%       for clause: action(A, _) :- visiblediver(A, _), facingright(A).  [covers 4,274.0/16,054.0 pos, 0.0/0.0 neg]
% [ LazyGroundNthArgumentClauseIndex ]  Argument 0:  Building full index for leftofdiver/2.
%           Grounding 0: weight=0.641 threshold=0.7 -> LOW
%           Grounding 0: weight=0.618 threshold=0.7 -> LOW
%       === Grounding Penalty Calculation ===
%         Examples checked: 16054
%         Examples with cached bindings: 3168
%         Total groundings evaluated: 3168
%         High attention groundings (>= 0.7): 1318
%         Low attention groundings (< 0.7): 1850
%       
%         Raw penalty = -alpha * k_high + beta * k_low
%                     = -0.1 * 1318 + 0.0 * 1850
%                     = -131.8 + 0.0
%                     = -131.800000
%       
%         Scaled penalty = scalingPenalties * rawPenalty
%                        = 1.0 * -131.800000
%                        = -131.800000
%     Score = -3,433.634144 (regressionFit = 3,565.434123, totalPenalty = -131.799979)
%       for clause: action(A, _) :- visiblediver(A, B), leftofdiver(A, B).  [covers 4,540.0/16,054.0 pos, 0.0/0.0 neg]
%           Grounding 0: weight=0.788 threshold=0.7 -> HIGH
%           Grounding 0: weight=0.984 threshold=0.7 -> HIGH
%       === Grounding Penalty Calculation ===
%         Examples checked: 16054
%         Examples with cached bindings: 4878
%         Total groundings evaluated: 4878
%         High attention groundings (>= 0.7): 2844
%         Low attention groundings (< 0.7): 2034
%       
%         Raw penalty = -alpha * k_high + beta * k_low
%                     = -0.1 * 2844 + 0.0 * 2034
%                     = -284.40000000000003 + 0.0
%                     = -284.400000
%       
%         Scaled penalty = scalingPenalties * rawPenalty
%                        = 1.0 * -284.400000
%                        = -284.400000
%     Score = -3,286.794981 (regressionFit = 3,571.194959, totalPenalty = -284.399978)
%       for clause: action(A, _) :- visiblediver(A, _), oxygenok(A).  [covers 9,192.0/16,054.0 pos, 0.0/0.0 neg]
% [ LazyGroundNthArgumentClauseIndex ]  Argument 0:  Building full index for rightofdiver/2.
%           Grounding 0: weight=0.528 threshold=0.7 -> LOW
%           Grounding 0: weight=0.618 threshold=0.7 -> LOW
%       === Grounding Penalty Calculation ===
%         Examples checked: 16054
%         Examples with cached bindings: 2929
%         Total groundings evaluated: 2929
%         High attention groundings (>= 0.7): 1137
%         Low attention groundings (< 0.7): 1792
%       
%         Raw penalty = -alpha * k_high + beta * k_low
%                     = -0.1 * 1137 + 0.0 * 1792
%                     = -113.7 + 0.0
%                     = -113.700000
%       
%         Scaled penalty = scalingPenalties * rawPenalty
%                        = 1.0 * -113.700000
%                        = -113.700000
%     Score = -3,459.179198 (regressionFit = 3,572.879177, totalPenalty = -113.699979)
%       for clause: action(A, _) :- visiblediver(A, B), rightofdiver(A, B).  [covers 4,392.0/16,054.0 pos, 0.0/0.0 neg]
% [ LazyGroundNthArgumentClauseIndex ]  Argument 0:  Building full index for samelevelasdiver/2.
%           Grounding 0: weight=0.528 threshold=0.7 -> LOW
%           Grounding 0: weight=0.641 threshold=0.7 -> LOW
%       === Grounding Penalty Calculation ===
%         Examples checked: 16054
%         Examples with cached bindings: 2791
%         Total groundings evaluated: 2791
%         High attention groundings (>= 0.7): 1723
%         Low attention groundings (< 0.7): 1068
%       
%         Raw penalty = -alpha * k_high + beta * k_low
%                     = -0.1 * 1723 + 0.0 * 1068
%                     = -172.3 + 0.0
%                     = -172.300000
%       
%         Scaled penalty = scalingPenalties * rawPenalty
%                        = 1.0 * -172.300000
%                        = -172.300000
%     Score = -3,326.611663 (regressionFit = 3,498.911642, totalPenalty = -172.299979)
%       for clause: action(A, _) :- visiblediver(A, B), samelevelasdiver(A, B).  [covers 2,791.0/16,054.0 pos, 0.0/0.0 neg]
%           Grounding 0: weight=0.788 threshold=0.7 -> HIGH
%           Grounding 0: weight=0.984 threshold=0.7 -> HIGH
%       === Grounding Penalty Calculation ===
%         Examples checked: 16054
%         Examples with cached bindings: 4994
%         Total groundings evaluated: 4994
%         High attention groundings (>= 0.7): 2960
%         Low attention groundings (< 0.7): 2034
%       
%         Raw penalty = -alpha * k_high + beta * k_low
%                     = -0.1 * 2960 + 0.0 * 2034
%                     = -296.0 + 0.0
%                     = -296.000000
%       
%         Scaled penalty = scalingPenalties * rawPenalty
%                        = 1.0 * -296.000000
%                        = -296.000000
%     Score = -3,277.390620 (regressionFit = 3,573.390597, totalPenalty = -295.999978)
%       for clause: action(A, _) :- visiblediver(A, _), visiblediver(A, _).  [covers 9,406.0/16,054.0 pos, 0.0/0.0 neg]
%           Grounding 0: weight=0.565 threshold=0.7 -> LOW
%           Grounding 0: weight=0.719 threshold=0.7 -> HIGH
%       === Grounding Penalty Calculation ===
%         Examples checked: 16054
%         Examples with cached bindings: 815
%         Total groundings evaluated: 815
%         High attention groundings (>= 0.7): 283
%         Low attention groundings (< 0.7): 532
%       
%         Raw penalty = -alpha * k_high + beta * k_low
%                     = -0.1 * 283 + 0.0 * 532
%                     = -28.3 + 0.0
%                     = -28.300000
%       
%         Scaled penalty = scalingPenalties * rawPenalty
%                        = 1.0 * -28.300000
%                        = -28.300000
%     Score = -3,531.074671 (regressionFit = 3,559.374648, totalPenalty = -28.299977)
%       for clause: action(A, _) :- visiblediver(A, _), visibleenemy(A, _).  [covers 7,463.0/16,054.0 pos, 0.0/0.0 neg]
%           Grounding 0: weight=0.74 threshold=0.7 -> HIGH
%           Grounding 0: weight=0.592 threshold=0.7 -> LOW
%       === Grounding Penalty Calculation ===
%         Examples checked: 16054
%         Examples with cached bindings: 1491
%         Total groundings evaluated: 1491
%         High attention groundings (>= 0.7): 213
%         Low attention groundings (< 0.7): 1278
%       
%         Raw penalty = -alpha * k_high + beta * k_low
%                     = -0.1 * 213 + 0.0 * 1278
%                     = -21.3 + 0.0
%                     = -21.300000
%       
%         Scaled penalty = scalingPenalties * rawPenalty
%                        = 1.0 * -21.300000
%                        = -21.300000
%     Score = -3,544.113392 (regressionFit = 3,565.413368, totalPenalty = -21.299977)
%       for clause: action(A, _) :- visiblediver(A, _), visibleenemysubmarine(A, _).  [covers 7,645.0/16,054.0 pos, 0.0/0.0 neg]
%           Grounding 0: weight=0.788 threshold=0.7 -> HIGH
%           Grounding 0: weight=0.984 threshold=0.7 -> HIGH
%       === Grounding Penalty Calculation ===
%         Examples checked: 16054
%         Examples with cached bindings: 1932
%         Total groundings evaluated: 1932
%         High attention groundings (>= 0.7): 919
%         Low attention groundings (< 0.7): 1013
%       
%         Raw penalty = -alpha * k_high + beta * k_low
%                     = -0.1 * 919 + 0.0 * 1013
%                     = -91.9 + 0.0
%                     = -91.900000
%       
%         Scaled penalty = scalingPenalties * rawPenalty
%                        = 1.0 * -91.900000
%                        = -91.900000
%     Score = -3,468.931394 (regressionFit = 3,560.831371, totalPenalty = -91.899977)
%       for clause: action(A, _) :- visiblediver(A, _), visiblemissile(A, _).  [covers 4,791.0/16,054.0 pos, 0.0/0.0 neg]

% Consider expanding [#9 of outerLoop #1, bodyLen=1] 'action(A, _) :- visibleenemy(A, _).  [covers 12,011.0/16,054.0 pos, 0.0/0.0 neg]' score=-3279.4998808384066
% [ LazyGroundClauseIndex ]  Building full index for aboveofenemy/2 with 110,095 assertions.
% [ LazyGroundClauseIndex ]  Building full index for belowofenemy/2 with 62,775 assertions.
% [ LazyGroundClauseIndex ]  Building full index for leftofenemy/2 with 85,341 assertions.
% [ LazyGroundClauseIndex ]  Building full index for nearbyenemy/2 with 14,075 assertions.
% [ LazyGroundClauseIndex ]  Building full index for rightofenemy/2 with 79,211 assertions.
% [ LazyGroundClauseIndex ]  Building full index for samelevelasenemy/2 with 18,267 assertions.
%  At # nodes expanded = 9, |OPEN| = 1.  Pruned 0 variant children.  Sending 14 items to OPEN for evaluation and possible insertion.
% Have created 14 valid-on-seeds descendants and have picked up 4 bad extensions.
% [ LazyGroundNthArgumentClauseIndex ]  Argument 0:  Building full index for aboveofenemy/2.
%           Grounding 0: weight=0.719 threshold=0.7 -> HIGH
%           Grounding 0: weight=0.54 threshold=0.7 -> LOW
%       === Grounding Penalty Calculation ===
%         Examples checked: 16054
%         Examples with cached bindings: 1920
%         Total groundings evaluated: 1920
%         High attention groundings (>= 0.7): 662
%         Low attention groundings (< 0.7): 1258
%       
%         Raw penalty = -alpha * k_high + beta * k_low
%                     = -0.1 * 662 + 0.0 * 1258
%                     = -66.2 + 0.0
%                     = -66.200000
%       
%         Scaled penalty = scalingPenalties * rawPenalty
%                        = 1.0 * -66.200000
%                        = -66.200000
%     Score = -3,507.384072 (regressionFit = 3,573.584051, totalPenalty = -66.199979)
%       for clause: action(A, _) :- visibleenemy(A, B), aboveofenemy(A, B).  [covers 7,799.0/16,054.0 pos, 0.0/0.0 neg]
% [ LazyGroundNthArgumentClauseIndex ]  Argument 0:  Building full index for belowofenemy/2.
%           Grounding 0: weight=0.719 threshold=0.7 -> HIGH
%           Grounding 0: weight=0.509 threshold=0.7 -> LOW
%       === Grounding Penalty Calculation ===
%         Examples checked: 16054
%         Examples with cached bindings: 1795
%         Total groundings evaluated: 1795
%         High attention groundings (>= 0.7): 493
%         Low attention groundings (< 0.7): 1302
%       
%         Raw penalty = -alpha * k_high + beta * k_low
%                     = -0.1 * 493 + 0.0 * 1302
%                     = -49.300000000000004 + 0.0
%                     = -49.300000
%       
%         Scaled penalty = scalingPenalties * rawPenalty
%                        = 1.0 * -49.300000
%                        = -49.300000
%     Score = -3,482.650421 (regressionFit = 3,531.950400, totalPenalty = -49.299979)
%       for clause: action(A, _) :- visibleenemy(A, B), belowofenemy(A, B).  [covers 5,933.0/16,054.0 pos, 0.0/0.0 neg]
%           Grounding 0: weight=0.93 threshold=0.7 -> HIGH
%           Grounding 0: weight=0.902 threshold=0.7 -> HIGH
%       === Grounding Penalty Calculation ===
%         Examples checked: 16054
%         Examples with cached bindings: 2027
%         Total groundings evaluated: 2027
%         High attention groundings (>= 0.7): 1299
%         Low attention groundings (< 0.7): 728
%       
%         Raw penalty = -alpha * k_high + beta * k_low
%                     = -0.1 * 1299 + 0.0 * 728
%                     = -129.9 + 0.0
%                     = -129.900000
%       
%         Scaled penalty = scalingPenalties * rawPenalty
%                        = 1.0 * -129.900000
%                        = -129.900000
%     Score = -3,256.005775 (regressionFit = 3,385.905753, totalPenalty = -129.899978)
%       for clause: action(A, _) :- visibleenemy(A, _), diversnotfull(A).  [covers 9,646.0/16,054.0 pos, 0.0/0.0 neg]
%           Grounding 0: weight=0.93 threshold=0.7 -> HIGH
%           Grounding 0: weight=0.902 threshold=0.7 -> HIGH
%       === Grounding Penalty Calculation ===
%         Examples checked: 16054
%         Examples with cached bindings: 1210
%         Total groundings evaluated: 1210
%         High attention groundings (>= 0.7): 784
%         Low attention groundings (< 0.7): 426
%       
%         Raw penalty = -alpha * k_high + beta * k_low
%                     = -0.1 * 784 + 0.0 * 426
%                     = -78.4 + 0.0
%                     = -78.400000
%       
%         Scaled penalty = scalingPenalties * rawPenalty
%                        = 1.0 * -78.400000
%                        = -78.400000
%     Score = -3,381.432668 (regressionFit = 3,459.832646, totalPenalty = -78.399978)
%       for clause: action(A, _) :- visibleenemy(A, _), facingleft(A).  [covers 6,386.0/16,054.0 pos, 0.0/0.0 neg]
%           Grounding 0: weight=0.876 threshold=0.7 -> HIGH
%           Grounding 0: weight=0.96 threshold=0.7 -> HIGH
%       === Grounding Penalty Calculation ===
%         Examples checked: 16054
%         Examples with cached bindings: 1093
%         Total groundings evaluated: 1093
%         High attention groundings (>= 0.7): 629
%         Low attention groundings (< 0.7): 464
%       
%         Raw penalty = -alpha * k_high + beta * k_low
%                     = -0.1 * 629 + 0.0 * 464
%                     = -62.900000000000006 + 0.0
%                     = -62.900000
%       
%         Scaled penalty = scalingPenalties * rawPenalty
%                        = 1.0 * -62.900000
%                        = -62.900000
%     Score = -3,508.153084 (regressionFit = 3,571.053062, totalPenalty = -62.899978)
%       for clause: action(A, _) :- visibleenemy(A, _), facingright(A).  [covers 5,336.0/16,054.0 pos, 0.0/0.0 neg]
% [ LazyGroundNthArgumentClauseIndex ]  Argument 0:  Building full index for leftofenemy/2.
%           Grounding 0: weight=0.902 threshold=0.7 -> HIGH
%           Grounding 0: weight=0.522 threshold=0.7 -> LOW
%       === Grounding Penalty Calculation ===
%         Examples checked: 16054
%         Examples with cached bindings: 2951
%         Total groundings evaluated: 2951
%         High attention groundings (>= 0.7): 924
%         Low attention groundings (< 0.7): 2027
%       
%         Raw penalty = -alpha * k_high + beta * k_low
%                     = -0.1 * 924 + 0.0 * 2027
%                     = -92.4 + 0.0
%                     = -92.400000
%       
%         Scaled penalty = scalingPenalties * rawPenalty
%                        = 1.0 * -92.400000
%                        = -92.400000
%     Score = -3,399.773361 (regressionFit = 3,492.173339, totalPenalty = -92.399979)
%       for clause: action(A, _) :- visibleenemy(A, B), leftofenemy(A, B).  [covers 7,901.0/16,054.0 pos, 0.0/0.0 neg]
% [ LazyGroundNthArgumentClauseIndex ]  Argument 0:  Building full index for nearbyenemy/2.
%           Grounding 0: weight=0.574 threshold=0.7 -> LOW
%           Grounding 0: weight=0.922 threshold=0.7 -> HIGH
%       === Grounding Penalty Calculation ===
%         Examples checked: 16054
%         Examples with cached bindings: 1799
%         Total groundings evaluated: 1799
%         High attention groundings (>= 0.7): 616
%         Low attention groundings (< 0.7): 1183
%       
%         Raw penalty = -alpha * k_high + beta * k_low
%                     = -0.1 * 616 + 0.0 * 1183
%                     = -61.6 + 0.0
%                     = -61.600000
%       
%         Scaled penalty = scalingPenalties * rawPenalty
%                        = 1.0 * -61.600000
%                        = -61.600000
%     Score = -3,505.282639 (regressionFit = 3,566.882617, totalPenalty = -61.599979)
%       for clause: action(A, _) :- visibleenemy(A, B), nearbyenemy(A, B).  [covers 2,253.0/16,054.0 pos, 0.0/0.0 neg]
%           Grounding 0: weight=0.93 threshold=0.7 -> HIGH
%           Grounding 0: weight=0.902 threshold=0.7 -> HIGH
%       === Grounding Penalty Calculation ===
%         Examples checked: 16054
%         Examples with cached bindings: 2303
%         Total groundings evaluated: 2303
%         High attention groundings (>= 0.7): 1413
%         Low attention groundings (< 0.7): 890
%       
%         Raw penalty = -alpha * k_high + beta * k_low
%                     = -0.1 * 1413 + 0.0 * 890
%                     = -141.3 + 0.0
%                     = -141.300000
%       
%         Scaled penalty = scalingPenalties * rawPenalty
%                        = 1.0 * -141.300000
%                        = -141.300000
%     Score = -3,249.830114 (regressionFit = 3,391.130091, totalPenalty = -141.299978)
%       for clause: action(A, _) :- visibleenemy(A, _), oxygenok(A).  [covers 11,722.0/16,054.0 pos, 0.0/0.0 neg]
% [ LazyGroundNthArgumentClauseIndex ]  Argument 0:  Building full index for rightofenemy/2.
%           Grounding 0: weight=0.93 threshold=0.7 -> HIGH
%           Grounding 0: weight=0.54 threshold=0.7 -> LOW
%       === Grounding Penalty Calculation ===
%         Examples checked: 16054
%         Examples with cached bindings: 2861
%         Total groundings evaluated: 2861
%         High attention groundings (>= 0.7): 829
%         Low attention groundings (< 0.7): 2032
%       
%         Raw penalty = -alpha * k_high + beta * k_low
%                     = -0.1 * 829 + 0.0 * 2032
%                     = -82.9 + 0.0
%                     = -82.900000
%       
%         Scaled penalty = scalingPenalties * rawPenalty
%                        = 1.0 * -82.900000
%                        = -82.900000
%     Score = -3,429.910177 (regressionFit = 3,512.810155, totalPenalty = -82.899979)
%       for clause: action(A, _) :- visibleenemy(A, B), rightofenemy(A, B).  [covers 7,520.0/16,054.0 pos, 0.0/0.0 neg]
% [ LazyGroundNthArgumentClauseIndex ]  Argument 0:  Building full index for samelevelasenemy/2.
%           Grounding 0: weight=0.93 threshold=0.7 -> HIGH
%           Grounding 0: weight=0.902 threshold=0.7 -> HIGH
%       === Grounding Penalty Calculation ===
%         Examples checked: 16054
%         Examples with cached bindings: 3126
%         Total groundings evaluated: 3126
%         High attention groundings (>= 0.7): 1257
%         Low attention groundings (< 0.7): 1869
%       
%         Raw penalty = -alpha * k_high + beta * k_low
%                     = -0.1 * 1257 + 0.0 * 1869
%                     = -125.7 + 0.0
%                     = -125.700000
%       
%         Scaled penalty = scalingPenalties * rawPenalty
%                        = 1.0 * -125.700000
%                        = -125.700000
%     Score = -2,570.719583 (regressionFit = 2,696.419562, totalPenalty = -125.699979)
%       for clause: action(A, _) :- visibleenemy(A, B), samelevelasenemy(A, B).  [covers 4,796.0/16,054.0 pos, 0.0/0.0 neg]
%           Grounding 0: weight=0.565 threshold=0.7 -> LOW
%           Grounding 0: weight=0.719 threshold=0.7 -> HIGH
%       === Grounding Penalty Calculation ===
%         Examples checked: 16054
%         Examples with cached bindings: 815
%         Total groundings evaluated: 815
%         High attention groundings (>= 0.7): 283
%         Low attention groundings (< 0.7): 532
%       
%         Raw penalty = -alpha * k_high + beta * k_low
%                     = -0.1 * 283 + 0.0 * 532
%                     = -28.3 + 0.0
%                     = -28.300000
%       
%         Scaled penalty = scalingPenalties * rawPenalty
%                        = 1.0 * -28.300000
%                        = -28.300000
%     Score = -3,531.074671 (regressionFit = 3,559.374648, totalPenalty = -28.299977)
%       for clause: action(A, _) :- visibleenemy(A, _), visiblediver(A, _).  [covers 7,463.0/16,054.0 pos, 0.0/0.0 neg]
%           Grounding 0: weight=0.93 threshold=0.7 -> HIGH
%           Grounding 0: weight=0.902 threshold=0.7 -> HIGH
%       === Grounding Penalty Calculation ===
%         Examples checked: 16054
%         Examples with cached bindings: 2338
%         Total groundings evaluated: 2338
%         High attention groundings (>= 0.7): 1448
%         Low attention groundings (< 0.7): 890
%       
%         Raw penalty = -alpha * k_high + beta * k_low
%                     = -0.1 * 1448 + 0.0 * 890
%                     = -144.8 + 0.0
%                     = -144.800000
%       
%         Scaled penalty = scalingPenalties * rawPenalty
%                        = 1.0 * -144.800000
%                        = -144.800000
%     Score = -3,279.499891 (regressionFit = 3,424.299869, totalPenalty = -144.799978)
%       for clause: action(A, _) :- visibleenemy(A, _), visibleenemy(A, _).  [covers 12,011.0/16,054.0 pos, 0.0/0.0 neg]
%           Grounding 0: weight=0.661 threshold=0.7 -> LOW
%           Grounding 0: weight=0.719 threshold=0.7 -> HIGH
%       === Grounding Penalty Calculation ===
%         Examples checked: 16054
%         Examples with cached bindings: 481
%         Total groundings evaluated: 481
%         High attention groundings (>= 0.7): 88
%         Low attention groundings (< 0.7): 393
%       
%         Raw penalty = -alpha * k_high + beta * k_low
%                     = -0.1 * 88 + 0.0 * 393
%                     = -8.8 + 0.0
%                     = -8.800000
%       
%         Scaled penalty = scalingPenalties * rawPenalty
%                        = 1.0 * -8.800000
%                        = -8.800000
%     Score = -3,424.578313 (regressionFit = 3,433.378290, totalPenalty = -8.799977)
%       for clause: action(A, _) :- visibleenemy(A, _), visibleenemysubmarine(A, _).  [covers 9,166.0/16,054.0 pos, 0.0/0.0 neg]
%           Grounding 0: weight=0.902 threshold=0.7 -> HIGH
%           Grounding 0: weight=0.922 threshold=0.7 -> HIGH
%       === Grounding Penalty Calculation ===
%         Examples checked: 16054
%         Examples with cached bindings: 733
%         Total groundings evaluated: 733
%         High attention groundings (>= 0.7): 446
%         Low attention groundings (< 0.7): 287
%       
%         Raw penalty = -alpha * k_high + beta * k_low
%                     = -0.1 * 446 + 0.0 * 287
%                     = -44.6 + 0.0
%                     = -44.600000
%       
%         Scaled penalty = scalingPenalties * rawPenalty
%                        = 1.0 * -44.600000
%                        = -44.600000
%     Score = -3,491.824597 (regressionFit = 3,536.424574, totalPenalty = -44.599977)
%       for clause: action(A, _) :- visibleenemy(A, _), visiblemissile(A, _).  [covers 3,236.0/16,054.0 pos, 0.0/0.0 neg]

***** Warning: #1 TOO MANY NODES CONSIDERED (i.e., 'expanded') for 'LearnOneClause': nodesConsidered = 10 and maxNodesToConsider = 10. *****


% The best node found: action(A, _) :- diversnotfull(A).  [covers 11,756.0/16,054.0 pos, 0.0/0.0 neg]

% The best node found: action(A, _) :- diversnotfull(A).  [covers 11,756.0/16,054.0 pos, 0.0/0.0 neg]

% Expanding node at Level 0 with score = 1.797693e+308.
% Will extend: action(A, _) :- diversnotfull(A).  [covers 11,756.0/16,054.0 pos, 0.0/0.0 neg]
Comparing variance: 0.23863987821566246 to score=0.0025 #egs=11756.0
Comparing variance: 0.1432909156617742 to score=0.0025 #egs=4298.0
%   Creating a TRUE-branch interior node with wgtedCountTrueBranchPos = 11,756.0
%      addToQueueOfTreeStructuredLearningTasks (level=1; score=-0.238640)
%         ILP node to extend: action(A, _) :- diversnotfull(A).  [covers 11,756.0/16,054.0 pos, 0.0/0.0 neg]
%      Insert tree-structured search node (@ level = 1 and with score = -0.238640) into the LAST position (#1) in the search queue.
%   Creating a FALSE-branch interior node with wgtedCountFalseBranchPos = 4,298.0
%      addToQueueOfTreeStructuredLearningTasks (level=1; score=-0.143291)
%         ILP node to extend: null
%      Insert tree-structured search node (@ level = 1 and with score = -0.143291) into the LAST position (#2) in the search queue.

% Time for loop #1: 11.008 seconds.
% Internal node max length = 2
% Max tree depth in lits   = 12
% Max tree depth in nodes  = 1
% Max number of clauses    = 20

% On cycle #1, the best clause found is:
%      action(A, _) :- diversnotfull(A).  [covers 11,756.0/16,054.0 pos, 0.0/0.0 neg]
% This clause covers 11756 positive examples, of which 11756 are newly covered.
% It also covers 0 negative examples, of which 0 are newly covered.

% Working on expanding this node: 'action(A, _) :- diversnotfull(A).  [covers 11,756.0/11,756.0 pos, 0.0/0.0 neg]'
%       === Grounding Penalty Calculation ===
%         Examples checked: 11756
%         Examples with cached bindings: 0
%         Total groundings evaluated: 0
%         High attention groundings (>= 0.7): 0
%         Low attention groundings (< 0.7): 0
%       
%         Raw penalty = -alpha * k_high + beta * k_low
%                     = -0.1 * 0 + 0.0 * 0
%                     = -0.0 + 0.0
%                     = 0.000000
%       
%         Scaled penalty = scalingPenalties * rawPenalty
%                        = 1.0 * 0.000000
%                        = 0.000000
%     Score = -3,421.314775 (regressionFit = 3,421.314764, totalPenalty = 0.000011)
%       for clause: action(A, _) :- diversnotfull(A).  [covers 11,756.0/11,756.0 pos, 0.0/0.0 neg]

% Have these 10 positive seeds: 1484 1587 1687 2060 3981 4079 4137 4164 5021 5035
% [AdviceProcessor]  Generated 0 clauses at relevance level STRONGLY_IRRELEVANT.

% Consider expanding [#1 of outerLoop #2, bodyLen=1] 'action(A, _) :- diversnotfull(A).  [covers 11,756.0/11,756.0 pos, 0.0/0.0 neg]' score=-3421.314775017633
%  At # nodes expanded = 1, |OPEN| = 0.  Pruned 0 variant children.  Sending 7 items to OPEN for evaluation and possible insertion.
% Have created 7 valid-on-seeds descendants and have picked up 8 bad extensions.
%           Grounding 0: weight=1.0 threshold=0.7 -> HIGH
%           Grounding 0: weight=1.0 threshold=0.7 -> HIGH
%       === Grounding Penalty Calculation ===
%         Examples checked: 11756
%         Examples with cached bindings: 6090
%         Total groundings evaluated: 6090
%         High attention groundings (>= 0.7): 6090
%         Low attention groundings (< 0.7): 0
%       
%         Raw penalty = -alpha * k_high + beta * k_low
%                     = -0.1 * 6090 + 0.0 * 0
%                     = -609.0 + 0.0
%                     = -609.000000
%       
%         Scaled penalty = scalingPenalties * rawPenalty
%                        = 1.0 * -609.000000
%                        = -609.000000
%     Score = -2,158.649370 (regressionFit = 2,767.649348, totalPenalty = -608.999979)
%       for clause: action(A, _) :- diversnotfull(A), facingleft(A).  [covers 6,090.0/11,756.0 pos, 0.0/0.0 neg]
% Gleaner: New best node found (score = -2,158.649370): action(A, _) :- diversnotfull(A), facingleft(A).  [covers 6,090.0/11,756.0 pos, 0.0/0.0 neg]
%           Grounding 0: weight=1.0 threshold=0.7 -> HIGH
%           Grounding 0: weight=1.0 threshold=0.7 -> HIGH
%       === Grounding Penalty Calculation ===
%         Examples checked: 11756
%         Examples with cached bindings: 5666
%         Total groundings evaluated: 5666
%         High attention groundings (>= 0.7): 5666
%         Low attention groundings (< 0.7): 0
%       
%         Raw penalty = -alpha * k_high + beta * k_low
%                     = -0.1 * 5666 + 0.0 * 0
%                     = -566.6 + 0.0
%                     = -566.600000
%       
%         Scaled penalty = scalingPenalties * rawPenalty
%                        = 1.0 * -566.600000
%                        = -566.600000
%     Score = -2,201.049370 (regressionFit = 2,767.649348, totalPenalty = -566.599979)
%       for clause: action(A, _) :- diversnotfull(A), facingright(A).  [covers 5,666.0/11,756.0 pos, 0.0/0.0 neg]
%           Grounding 0: weight=1.0 threshold=0.7 -> HIGH
%           Grounding 0: weight=1.0 threshold=0.7 -> HIGH
%       === Grounding Penalty Calculation ===
%         Examples checked: 11756
%         Examples with cached bindings: 11756
%         Total groundings evaluated: 11756
%         High attention groundings (>= 0.7): 11756
%         Low attention groundings (< 0.7): 0
%       
%         Raw penalty = -alpha * k_high + beta * k_low
%                     = -0.1 * 11756 + 0.0 * 0
%                     = -1175.6000000000001 + 0.0
%                     = -1,175.600000
%       
%         Scaled penalty = scalingPenalties * rawPenalty
%                        = 1.0 * -1,175.600000
%                        = -1,175.600000
%     Score = -Infinity (regressionFit = Infinity, totalPenalty = -1,175.599979)
%       for clause: action(A, _) :- diversnotfull(A), oxygenok(A).  [covers 11,756.0/11,756.0 pos, 0.0/0.0 neg]
%           Grounding 0: weight=0.788 threshold=0.7 -> HIGH
%           Grounding 0: weight=0.984 threshold=0.7 -> HIGH
%       === Grounding Penalty Calculation ===
%         Examples checked: 11756
%         Examples with cached bindings: 3925
%         Total groundings evaluated: 3925
%         High attention groundings (>= 0.7): 2367
%         Low attention groundings (< 0.7): 1558
%       
%         Raw penalty = -alpha * k_high + beta * k_low
%                     = -0.1 * 2367 + 0.0 * 1558
%                     = -236.70000000000002 + 0.0
%                     = -236.700000
%       
%         Scaled penalty = scalingPenalties * rawPenalty
%                        = 1.0 * -236.700000
%                        = -236.700000
%     Score = -2,557.640911 (regressionFit = 2,794.340889, totalPenalty = -236.699978)
%       for clause: action(A, _) :- diversnotfull(A), visiblediver(A, _).  [covers 7,291.0/11,756.0 pos, 0.0/0.0 neg]
%           Grounding 0: weight=0.93 threshold=0.7 -> HIGH
%           Grounding 0: weight=0.902 threshold=0.7 -> HIGH
%       === Grounding Penalty Calculation ===
%         Examples checked: 11756
%         Examples with cached bindings: 2027
%         Total groundings evaluated: 2027
%         High attention groundings (>= 0.7): 1299
%         Low attention groundings (< 0.7): 728
%       
%         Raw penalty = -alpha * k_high + beta * k_low
%                     = -0.1 * 1299 + 0.0 * 728
%                     = -129.9 + 0.0
%                     = -129.900000
%       
%         Scaled penalty = scalingPenalties * rawPenalty
%                        = 1.0 * -129.900000
%                        = -129.900000
%     Score = -2,629.581885 (regressionFit = 2,759.481863, totalPenalty = -129.899978)
%       for clause: action(A, _) :- diversnotfull(A), visibleenemy(A, _).  [covers 9,646.0/11,756.0 pos, 0.0/0.0 neg]
%           Grounding 0: weight=0.605 threshold=0.7 -> LOW
%           Grounding 0: weight=0.552 threshold=0.7 -> LOW
%       === Grounding Penalty Calculation ===
%         Examples checked: 11756
%         Examples with cached bindings: 3429
%         Total groundings evaluated: 3429
%         High attention groundings (>= 0.7): 635
%         Low attention groundings (< 0.7): 2794
%       
%         Raw penalty = -alpha * k_high + beta * k_low
%                     = -0.1 * 635 + 0.0 * 2794
%                     = -63.5 + 0.0
%                     = -63.500000
%       
%         Scaled penalty = scalingPenalties * rawPenalty
%                        = 1.0 * -63.500000
%                        = -63.500000
%     Score = -2,696.245601 (regressionFit = 2,759.745579, totalPenalty = -63.499978)
%       for clause: action(A, _) :- diversnotfull(A), visibleenemysubmarine(A, _).  [covers 9,252.0/11,756.0 pos, 0.0/0.0 neg]
%           Grounding 0: weight=1.0 threshold=0.7 -> HIGH
%           Grounding 0: weight=1.0 threshold=0.7 -> HIGH
%       === Grounding Penalty Calculation ===
%         Examples checked: 11756
%         Examples with cached bindings: 2471
%         Total groundings evaluated: 2471
%         High attention groundings (>= 0.7): 2471
%         Low attention groundings (< 0.7): 0
%       
%         Raw penalty = -alpha * k_high + beta * k_low
%                     = -0.1 * 2471 + 0.0 * 0
%                     = -247.10000000000002 + 0.0
%                     = -247.100000
%       
%         Scaled penalty = scalingPenalties * rawPenalty
%                        = 1.0 * -247.100000
%                        = -247.100000
%     Score = -2,555.801703 (regressionFit = 2,802.901680, totalPenalty = -247.099978)
%       for clause: action(A, _) :- diversnotfull(A), visiblemissile(A, _).  [covers 3,918.0/11,756.0 pos, 0.0/0.0 neg]

% Consider expanding [#2 of outerLoop #2, bodyLen=2] 'action(A, _) :- diversnotfull(A), facingleft(A).  [covers 6,090.0/11,756.0 pos, 0.0/0.0 neg]' score=-2158.649369514727
%  At # nodes expanded = 2, |OPEN| = 6.  Pruned 0 variant children.  Sending 5 items to OPEN for evaluation and possible insertion.
% Have created 5 valid-on-seeds descendants and have picked up 5 bad extensions.
%           Grounding 0: weight=1.0 threshold=0.7 -> HIGH
%           Grounding 0: weight=1.0 threshold=0.7 -> HIGH
%       === Grounding Penalty Calculation ===
%         Examples checked: 11756
%         Examples with cached bindings: 6090
%         Total groundings evaluated: 6090
%         High attention groundings (>= 0.7): 6090
%         Low attention groundings (< 0.7): 0
%       
%         Raw penalty = -alpha * k_high + beta * k_low
%                     = -0.1 * 6090 + 0.0 * 0
%                     = -609.0 + 0.0
%                     = -609.000000
%       
%         Scaled penalty = scalingPenalties * rawPenalty
%                        = 1.0 * -609.000000
%                        = -609.000000
%     Score = -2,158.649380 (regressionFit = 2,767.649348, totalPenalty = -608.999969)
%       for clause: action(A, _) :- diversnotfull(A), facingleft(A), oxygenok(A).  [covers 6,090.0/11,756.0 pos, 0.0/0.0 neg]
%           Grounding 0: weight=0.788 threshold=0.7 -> HIGH
%           Grounding 0: weight=0.929 threshold=0.7 -> HIGH
%       === Grounding Penalty Calculation ===
%         Examples checked: 11756
%         Examples with cached bindings: 1991
%         Total groundings evaluated: 1991
%         High attention groundings (>= 0.7): 1227
%         Low attention groundings (< 0.7): 764
%       
%         Raw penalty = -alpha * k_high + beta * k_low
%                     = -0.1 * 1227 + 0.0 * 764
%                     = -122.7 + 0.0
%                     = -122.700000
%       
%         Scaled penalty = scalingPenalties * rawPenalty
%                        = 1.0 * -122.700000
%                        = -122.700000
%     Score = -2,675.714613 (regressionFit = 2,798.414581, totalPenalty = -122.699968)
%       for clause: action(A, _) :- diversnotfull(A), facingleft(A), visiblediver(A, _).  [covers 3,841.0/11,756.0 pos, 0.0/0.0 neg]
%           Grounding 0: weight=0.93 threshold=0.7 -> HIGH
%           Grounding 0: weight=0.902 threshold=0.7 -> HIGH
%       === Grounding Penalty Calculation ===
%         Examples checked: 11756
%         Examples with cached bindings: 1065
%         Total groundings evaluated: 1065
%         High attention groundings (>= 0.7): 721
%         Low attention groundings (< 0.7): 344
%       
%         Raw penalty = -alpha * k_high + beta * k_low
%                     = -0.1 * 721 + 0.0 * 344
%                     = -72.10000000000001 + 0.0
%                     = -72.100000
%       
%         Scaled penalty = scalingPenalties * rawPenalty
%                        = 1.0 * -72.100000
%                        = -72.100000
%     Score = -2,683.699727 (regressionFit = 2,755.799695, totalPenalty = -72.099968)
%       for clause: action(A, _) :- diversnotfull(A), facingleft(A), visibleenemy(A, _).  [covers 5,187.0/11,756.0 pos, 0.0/0.0 neg]
%           Grounding 0: weight=0.552 threshold=0.7 -> LOW
%           Grounding 0: weight=0.661 threshold=0.7 -> LOW
%       === Grounding Penalty Calculation ===
%         Examples checked: 11756
%         Examples with cached bindings: 1814
%         Total groundings evaluated: 1814
%         High attention groundings (>= 0.7): 320
%         Low attention groundings (< 0.7): 1494
%       
%         Raw penalty = -alpha * k_high + beta * k_low
%                     = -0.1 * 320 + 0.0 * 1494
%                     = -32.0 + 0.0
%                     = -32.000000
%       
%         Scaled penalty = scalingPenalties * rawPenalty
%                        = 1.0 * -32.000000
%                        = -32.000000
%     Score = -2,714.665344 (regressionFit = 2,746.665311, totalPenalty = -31.999968)
%       for clause: action(A, _) :- diversnotfull(A), facingleft(A), visibleenemysubmarine(A, _).  [covers 4,864.0/11,756.0 pos, 0.0/0.0 neg]
%           Grounding 0: weight=1.0 threshold=0.7 -> HIGH
%           Grounding 0: weight=1.0 threshold=0.7 -> HIGH
%       === Grounding Penalty Calculation ===
%         Examples checked: 11756
%         Examples with cached bindings: 1266
%         Total groundings evaluated: 1266
%         High attention groundings (>= 0.7): 1266
%         Low attention groundings (< 0.7): 0
%       
%         Raw penalty = -alpha * k_high + beta * k_low
%                     = -0.1 * 1266 + 0.0 * 0
%                     = -126.60000000000001 + 0.0
%                     = -126.600000
%       
%         Scaled penalty = scalingPenalties * rawPenalty
%                        = 1.0 * -126.600000
%                        = -126.600000
%     Score = -2,667.418451 (regressionFit = 2,794.018419, totalPenalty = -126.599968)
%       for clause: action(A, _) :- diversnotfull(A), facingleft(A), visiblemissile(A, _).  [covers 2,001.0/11,756.0 pos, 0.0/0.0 neg]

% Consider expanding [#3 of outerLoop #2, bodyLen=2] 'action(A, _) :- diversnotfull(A), facingright(A).  [covers 5,666.0/11,756.0 pos, 0.0/0.0 neg]' score=-2201.049369514727
%  At # nodes expanded = 3, |OPEN| = 5.  Pruned 0 variant children.  Sending 5 items to OPEN for evaluation and possible insertion.
% Have created 5 valid-on-seeds descendants and have picked up 5 bad extensions.
%           Grounding 0: weight=1.0 threshold=0.7 -> HIGH
%           Grounding 0: weight=1.0 threshold=0.7 -> HIGH
%       === Grounding Penalty Calculation ===
%         Examples checked: 11756
%         Examples with cached bindings: 5666
%         Total groundings evaluated: 5666
%         High attention groundings (>= 0.7): 5666
%         Low attention groundings (< 0.7): 0
%       
%         Raw penalty = -alpha * k_high + beta * k_low
%                     = -0.1 * 5666 + 0.0 * 0
%                     = -566.6 + 0.0
%                     = -566.600000
%       
%         Scaled penalty = scalingPenalties * rawPenalty
%                        = 1.0 * -566.600000
%                        = -566.600000
%     Score = -2,201.049380 (regressionFit = 2,767.649348, totalPenalty = -566.599969)
%       for clause: action(A, _) :- diversnotfull(A), facingright(A), oxygenok(A).  [covers 5,666.0/11,756.0 pos, 0.0/0.0 neg]
%           Grounding 0: weight=0.984 threshold=0.7 -> HIGH
%           Grounding 0: weight=0.687 threshold=0.7 -> LOW
%       === Grounding Penalty Calculation ===
%         Examples checked: 11756
%         Examples with cached bindings: 1934
%         Total groundings evaluated: 1934
%         High attention groundings (>= 0.7): 1140
%         Low attention groundings (< 0.7): 794
%       
%         Raw penalty = -alpha * k_high + beta * k_low
%                     = -0.1 * 1140 + 0.0 * 794
%                     = -114.0 + 0.0
%                     = -114.000000
%       
%         Scaled penalty = scalingPenalties * rawPenalty
%                        = 1.0 * -114.000000
%                        = -114.000000
%     Score = -2,651.952731 (regressionFit = 2,765.952699, totalPenalty = -113.999968)
%       for clause: action(A, _) :- diversnotfull(A), facingright(A), visiblediver(A, _).  [covers 3,450.0/11,756.0 pos, 0.0/0.0 neg]
%           Grounding 0: weight=0.876 threshold=0.7 -> HIGH
%           Grounding 0: weight=0.96 threshold=0.7 -> HIGH
%       === Grounding Penalty Calculation ===
%         Examples checked: 11756
%         Examples with cached bindings: 962
%         Total groundings evaluated: 962
%         High attention groundings (>= 0.7): 578
%         Low attention groundings (< 0.7): 384
%       
%         Raw penalty = -alpha * k_high + beta * k_low
%                     = -0.1 * 578 + 0.0 * 384
%                     = -57.800000000000004 + 0.0
%                     = -57.800000
%       
%         Scaled penalty = scalingPenalties * rawPenalty
%                        = 1.0 * -57.800000
%                        = -57.800000
%     Score = -2,744.233872 (regressionFit = 2,802.033840, totalPenalty = -57.799968)
%       for clause: action(A, _) :- diversnotfull(A), facingright(A), visibleenemy(A, _).  [covers 4,459.0/11,756.0 pos, 0.0/0.0 neg]
%           Grounding 0: weight=0.605 threshold=0.7 -> LOW
%           Grounding 0: weight=0.793 threshold=0.7 -> HIGH
%       === Grounding Penalty Calculation ===
%         Examples checked: 11756
%         Examples with cached bindings: 1615
%         Total groundings evaluated: 1615
%         High attention groundings (>= 0.7): 315
%         Low attention groundings (< 0.7): 1300
%       
%         Raw penalty = -alpha * k_high + beta * k_low
%                     = -0.1 * 315 + 0.0 * 1300
%                     = -31.5 + 0.0
%                     = -31.500000
%       
%         Scaled penalty = scalingPenalties * rawPenalty
%                        = 1.0 * -31.500000
%                        = -31.500000
%     Score = -2,769.605710 (regressionFit = 2,801.105677, totalPenalty = -31.499968)
%       for clause: action(A, _) :- diversnotfull(A), facingright(A), visibleenemysubmarine(A, _).  [covers 4,388.0/11,756.0 pos, 0.0/0.0 neg]
%           Grounding 0: weight=1.0 threshold=0.7 -> HIGH
%           Grounding 0: weight=1.0 threshold=0.7 -> HIGH
%       === Grounding Penalty Calculation ===
%         Examples checked: 11756
%         Examples with cached bindings: 1205
%         Total groundings evaluated: 1205
%         High attention groundings (>= 0.7): 1205
%         Low attention groundings (< 0.7): 0
%       
%         Raw penalty = -alpha * k_high + beta * k_low
%                     = -0.1 * 1205 + 0.0 * 0
%                     = -120.5 + 0.0
%                     = -120.500000
%       
%         Scaled penalty = scalingPenalties * rawPenalty
%                        = 1.0 * -120.500000
%                        = -120.500000
%     Score = -2,682.983324 (regressionFit = 2,803.483292, totalPenalty = -120.499968)
%       for clause: action(A, _) :- diversnotfull(A), facingright(A), visiblemissile(A, _).  [covers 1,917.0/11,756.0 pos, 0.0/0.0 neg]

% Consider expanding [#4 of outerLoop #2, bodyLen=2] 'action(A, _) :- diversnotfull(A), visiblemissile(A, _).  [covers 3,918.0/11,756.0 pos, 0.0/0.0 neg]' score=-2555.801702652222
%  At # nodes expanded = 4, |OPEN| = 4.  Pruned 0 variant children.  Sending 10 items to OPEN for evaluation and possible insertion.
% Have created 10 valid-on-seeds descendants and have picked up 7 bad extensions.
%           Grounding 0: weight=1.0 threshold=0.7 -> HIGH
%           Grounding 0: weight=1.0 threshold=0.7 -> HIGH
%       === Grounding Penalty Calculation ===
%         Examples checked: 11756
%         Examples with cached bindings: 1846
%         Total groundings evaluated: 1846
%         High attention groundings (>= 0.7): 1846
%         Low attention groundings (< 0.7): 0
%       
%         Raw penalty = -alpha * k_high + beta * k_low
%                     = -0.1 * 1846 + 0.0 * 0
%                     = -184.60000000000002 + 0.0
%                     = -184.600000
%       
%         Scaled penalty = scalingPenalties * rawPenalty
%                        = 1.0 * -184.600000
%                        = -184.600000
%     Score = -2,618.554470 (regressionFit = 2,803.154439, totalPenalty = -184.599969)
%       for clause: action(A, _) :- diversnotfull(A), visiblemissile(A, B), aboveofmissile(A, B).  [covers 2,507.0/11,756.0 pos, 0.0/0.0 neg]
%           Grounding 0: weight=1.0 threshold=0.7 -> HIGH
%           Grounding 0: weight=1.0 threshold=0.7 -> HIGH
%       === Grounding Penalty Calculation ===
%         Examples checked: 11756
%         Examples with cached bindings: 1838
%         Total groundings evaluated: 1838
%         High attention groundings (>= 0.7): 1838
%         Low attention groundings (< 0.7): 0
%       
%         Raw penalty = -alpha * k_high + beta * k_low
%                     = -0.1 * 1838 + 0.0 * 0
%                     = -183.8 + 0.0
%                     = -183.800000
%       
%         Scaled penalty = scalingPenalties * rawPenalty
%                        = 1.0 * -183.800000
%                        = -183.800000
%     Score = -2,608.600028 (regressionFit = 2,792.399996, totalPenalty = -183.799969)
%       for clause: action(A, _) :- diversnotfull(A), visiblemissile(A, B), belowofmissile(A, B).  [covers 2,109.0/11,756.0 pos, 0.0/0.0 neg]
%           Grounding 0: weight=1.0 threshold=0.7 -> HIGH
%           Grounding 0: weight=1.0 threshold=0.7 -> HIGH
%       === Grounding Penalty Calculation ===
%         Examples checked: 11756
%         Examples with cached bindings: 1266
%         Total groundings evaluated: 1266
%         High attention groundings (>= 0.7): 1266
%         Low attention groundings (< 0.7): 0
%       
%         Raw penalty = -alpha * k_high + beta * k_low
%                     = -0.1 * 1266 + 0.0 * 0
%                     = -126.60000000000001 + 0.0
%                     = -126.600000
%       
%         Scaled penalty = scalingPenalties * rawPenalty
%                        = 1.0 * -126.600000
%                        = -126.600000
%     Score = -2,667.418451 (regressionFit = 2,794.018419, totalPenalty = -126.599968)
%       for clause: action(A, _) :- diversnotfull(A), visiblemissile(A, _), facingleft(A).  [covers 2,001.0/11,756.0 pos, 0.0/0.0 neg]
%           Grounding 0: weight=1.0 threshold=0.7 -> HIGH
%           Grounding 0: weight=1.0 threshold=0.7 -> HIGH
%       === Grounding Penalty Calculation ===
%         Examples checked: 11756
%         Examples with cached bindings: 1205
%         Total groundings evaluated: 1205
%         High attention groundings (>= 0.7): 1205
%         Low attention groundings (< 0.7): 0
%       
%         Raw penalty = -alpha * k_high + beta * k_low
%                     = -0.1 * 1205 + 0.0 * 0
%                     = -120.5 + 0.0
%                     = -120.500000
%       
%         Scaled penalty = scalingPenalties * rawPenalty
%                        = 1.0 * -120.500000
%                        = -120.500000
%     Score = -2,682.983324 (regressionFit = 2,803.483292, totalPenalty = -120.499968)
%       for clause: action(A, _) :- diversnotfull(A), visiblemissile(A, _), facingright(A).  [covers 1,917.0/11,756.0 pos, 0.0/0.0 neg]
%           Grounding 0: weight=1.0 threshold=0.7 -> HIGH
%           Grounding 0: weight=1.0 threshold=0.7 -> HIGH
%       === Grounding Penalty Calculation ===
%         Examples checked: 11756
%         Examples with cached bindings: 2471
%         Total groundings evaluated: 2471
%         High attention groundings (>= 0.7): 2471
%         Low attention groundings (< 0.7): 0
%       
%         Raw penalty = -alpha * k_high + beta * k_low
%                     = -0.1 * 2471 + 0.0 * 0
%                     = -247.10000000000002 + 0.0
%                     = -247.100000
%       
%         Scaled penalty = scalingPenalties * rawPenalty
%                        = 1.0 * -247.100000
%                        = -247.100000
%     Score = -2,555.801713 (regressionFit = 2,802.901680, totalPenalty = -247.099968)
%       for clause: action(A, _) :- diversnotfull(A), visiblemissile(A, _), oxygenok(A).  [covers 3,918.0/11,756.0 pos, 0.0/0.0 neg]
%           Grounding 0: weight=1.0 threshold=0.7 -> HIGH
%           Grounding 0: weight=1.0 threshold=0.7 -> HIGH
%       === Grounding Penalty Calculation ===
%         Examples checked: 11756
%         Examples with cached bindings: 1265
%         Total groundings evaluated: 1265
%         High attention groundings (>= 0.7): 1265
%         Low attention groundings (< 0.7): 0
%       
%         Raw penalty = -alpha * k_high + beta * k_low
%                     = -0.1 * 1265 + 0.0 * 0
%                     = -126.5 + 0.0
%                     = -126.500000
%       
%         Scaled penalty = scalingPenalties * rawPenalty
%                        = 1.0 * -126.500000
%                        = -126.500000
%     Score = -2,678.870457 (regressionFit = 2,805.370425, totalPenalty = -126.499969)
%       for clause: action(A, _) :- diversnotfull(A), visiblemissile(A, B), rightofmissile(A, B).  [covers 1,746.0/11,756.0 pos, 0.0/0.0 neg]
%           Grounding 0: weight=0.788 threshold=0.7 -> HIGH
%           Grounding 0: weight=0.984 threshold=0.7 -> HIGH
%       === Grounding Penalty Calculation ===
%         Examples checked: 11756
%         Examples with cached bindings: 1578
%         Total groundings evaluated: 1578
%         High attention groundings (>= 0.7): 760
%         Low attention groundings (< 0.7): 818
%       
%         Raw penalty = -alpha * k_high + beta * k_low
%                     = -0.1 * 760 + 0.0 * 818
%                     = -76.0 + 0.0
%                     = -76.000000
%       
%         Scaled penalty = scalingPenalties * rawPenalty
%                        = 1.0 * -76.000000
%                        = -76.000000
%     Score = -2,726.901714 (regressionFit = 2,802.901680, totalPenalty = -75.999967)
%       for clause: action(A, _) :- diversnotfull(A), visiblemissile(A, _), visiblediver(A, _).  [covers 3,918.0/11,756.0 pos, 0.0/0.0 neg]
%           Grounding 0: weight=0.902 threshold=0.7 -> HIGH
%           Grounding 0: weight=0.922 threshold=0.7 -> HIGH
%       === Grounding Penalty Calculation ===
%         Examples checked: 11756
%         Examples with cached bindings: 654
%         Total groundings evaluated: 654
%         High attention groundings (>= 0.7): 422
%         Low attention groundings (< 0.7): 232
%       
%         Raw penalty = -alpha * k_high + beta * k_low
%                     = -0.1 * 422 + 0.0 * 232
%                     = -42.2 + 0.0
%                     = -42.200000
%       
%         Scaled penalty = scalingPenalties * rawPenalty
%                        = 1.0 * -42.200000
%                        = -42.200000
%     Score = -2,743.660949 (regressionFit = 2,785.860916, totalPenalty = -42.199967)
%       for clause: action(A, _) :- diversnotfull(A), visiblemissile(A, _), visibleenemy(A, _).  [covers 2,676.0/11,756.0 pos, 0.0/0.0 neg]
%           Grounding 0: weight=0.649 threshold=0.7 -> LOW
%           Grounding 0: weight=0.727 threshold=0.7 -> HIGH
%       === Grounding Penalty Calculation ===
%         Examples checked: 11756
%         Examples with cached bindings: 208
%         Total groundings evaluated: 208
%         High attention groundings (>= 0.7): 113
%         Low attention groundings (< 0.7): 95
%       
%         Raw penalty = -alpha * k_high + beta * k_low
%                     = -0.1 * 113 + 0.0 * 95
%                     = -11.3 + 0.0
%                     = -11.300000
%       
%         Scaled penalty = scalingPenalties * rawPenalty
%                        = 1.0 * -11.300000
%                        = -11.300000
%     Score = -2,791.214075 (regressionFit = 2,802.514042, totalPenalty = -11.299967)
%       for clause: action(A, _) :- diversnotfull(A), visiblemissile(A, _), visibleenemysubmarine(A, _).  [covers 3,903.0/11,756.0 pos, 0.0/0.0 neg]
%           Grounding 0: weight=1.0 threshold=0.7 -> HIGH
%           Grounding 0: weight=1.0 threshold=0.7 -> HIGH
%       === Grounding Penalty Calculation ===
%         Examples checked: 11756
%         Examples with cached bindings: 2471
%         Total groundings evaluated: 2471
%         High attention groundings (>= 0.7): 2471
%         Low attention groundings (< 0.7): 0
%       
%         Raw penalty = -alpha * k_high + beta * k_low
%                     = -0.1 * 2471 + 0.0 * 0
%                     = -247.10000000000002 + 0.0
%                     = -247.100000
%       
%         Scaled penalty = scalingPenalties * rawPenalty
%                        = 1.0 * -247.100000
%                        = -247.100000
%     Score = -2,555.801713 (regressionFit = 2,802.901680, totalPenalty = -247.099968)
%       for clause: action(A, _) :- diversnotfull(A), visiblemissile(A, _), visiblemissile(A, _).  [covers 3,918.0/11,756.0 pos, 0.0/0.0 neg]

% Consider expanding [#5 of outerLoop #2, bodyLen=2] 'action(A, _) :- diversnotfull(A), visiblediver(A, _).  [covers 7,291.0/11,756.0 pos, 0.0/0.0 neg]' score=-2557.640910934493
%  At # nodes expanded = 5, |OPEN| = 3.  Pruned 0 variant children.  Sending 13 items to OPEN for evaluation and possible insertion.
% Have created 13 valid-on-seeds descendants and have picked up 4 bad extensions.
%           Grounding 0: weight=0.528 threshold=0.7 -> LOW
%           Grounding 0: weight=0.641 threshold=0.7 -> LOW
%       === Grounding Penalty Calculation ===
%         Examples checked: 11756
%         Examples with cached bindings: 3409
%         Total groundings evaluated: 3409
%         High attention groundings (>= 0.7): 1411
%         Low attention groundings (< 0.7): 1998
%       
%         Raw penalty = -alpha * k_high + beta * k_low
%                     = -0.1 * 1411 + 0.0 * 1998
%                     = -141.1 + 0.0
%                     = -141.100000
%       
%         Scaled penalty = scalingPenalties * rawPenalty
%                        = 1.0 * -141.100000
%                        = -141.100000
%     Score = -2,626.275781 (regressionFit = 2,767.375750, totalPenalty = -141.099969)
%       for clause: action(A, _) :- diversnotfull(A), visiblediver(A, B), aboveofdiver(A, B).  [covers 4,809.0/11,756.0 pos, 0.0/0.0 neg]
%           Grounding 0: weight=0.528 threshold=0.7 -> LOW
%           Grounding 0: weight=0.641 threshold=0.7 -> LOW
%       === Grounding Penalty Calculation ===
%         Examples checked: 11756
%         Examples with cached bindings: 2396
%         Total groundings evaluated: 2396
%         High attention groundings (>= 0.7): 850
%         Low attention groundings (< 0.7): 1546
%       
%         Raw penalty = -alpha * k_high + beta * k_low
%                     = -0.1 * 850 + 0.0 * 1546
%                     = -85.0 + 0.0
%                     = -85.000000
%       
%         Scaled penalty = scalingPenalties * rawPenalty
%                        = 1.0 * -85.000000
%                        = -85.000000
%     Score = -2,718.143384 (regressionFit = 2,803.143352, totalPenalty = -84.999969)
%       for clause: action(A, _) :- diversnotfull(A), visiblediver(A, B), belowofdiver(A, B).  [covers 2,843.0/11,756.0 pos, 0.0/0.0 neg]
%           Grounding 0: weight=0.788 threshold=0.7 -> HIGH
%           Grounding 0: weight=0.929 threshold=0.7 -> HIGH
%       === Grounding Penalty Calculation ===
%         Examples checked: 11756
%         Examples with cached bindings: 1991
%         Total groundings evaluated: 1991
%         High attention groundings (>= 0.7): 1227
%         Low attention groundings (< 0.7): 764
%       
%         Raw penalty = -alpha * k_high + beta * k_low
%                     = -0.1 * 1227 + 0.0 * 764
%                     = -122.7 + 0.0
%                     = -122.700000
%       
%         Scaled penalty = scalingPenalties * rawPenalty
%                        = 1.0 * -122.700000
%                        = -122.700000
%     Score = -2,675.714613 (regressionFit = 2,798.414581, totalPenalty = -122.699968)
%       for clause: action(A, _) :- diversnotfull(A), visiblediver(A, _), facingleft(A).  [covers 3,841.0/11,756.0 pos, 0.0/0.0 neg]
%           Grounding 0: weight=0.984 threshold=0.7 -> HIGH
%           Grounding 0: weight=0.687 threshold=0.7 -> LOW
%       === Grounding Penalty Calculation ===
%         Examples checked: 11756
%         Examples with cached bindings: 1934
%         Total groundings evaluated: 1934
%         High attention groundings (>= 0.7): 1140
%         Low attention groundings (< 0.7): 794
%       
%         Raw penalty = -alpha * k_high + beta * k_low
%                     = -0.1 * 1140 + 0.0 * 794
%                     = -114.0 + 0.0
%                     = -114.000000
%       
%         Scaled penalty = scalingPenalties * rawPenalty
%                        = 1.0 * -114.000000
%                        = -114.000000
%     Score = -2,651.952731 (regressionFit = 2,765.952699, totalPenalty = -113.999968)
%       for clause: action(A, _) :- diversnotfull(A), visiblediver(A, _), facingright(A).  [covers 3,450.0/11,756.0 pos, 0.0/0.0 neg]
%           Grounding 0: weight=0.641 threshold=0.7 -> LOW
%           Grounding 0: weight=0.618 threshold=0.7 -> LOW
%       === Grounding Penalty Calculation ===
%         Examples checked: 11756
%         Examples with cached bindings: 2616
%         Total groundings evaluated: 2616
%         High attention groundings (>= 0.7): 1151
%         Low attention groundings (< 0.7): 1465
%       
%         Raw penalty = -alpha * k_high + beta * k_low
%                     = -0.1 * 1151 + 0.0 * 1465
%                     = -115.10000000000001 + 0.0
%                     = -115.100000
%       
%         Scaled penalty = scalingPenalties * rawPenalty
%                        = 1.0 * -115.100000
%                        = -115.100000
%     Score = -2,668.860034 (regressionFit = 2,783.960003, totalPenalty = -115.099969)
%       for clause: action(A, _) :- diversnotfull(A), visiblediver(A, B), leftofdiver(A, B).  [covers 3,726.0/11,756.0 pos, 0.0/0.0 neg]
% [ LazyGroundNthArgumentClauseIndex ]  Argument 0:  Building full index for nearbydiver/2.
%           Grounding 0: weight=0.641 threshold=0.7 -> LOW
%           Grounding 0: weight=0.788 threshold=0.7 -> HIGH
%       === Grounding Penalty Calculation ===
%         Examples checked: 11756
%         Examples with cached bindings: 1800
%         Total groundings evaluated: 1800
%         High attention groundings (>= 0.7): 1176
%         Low attention groundings (< 0.7): 624
%       
%         Raw penalty = -alpha * k_high + beta * k_low
%                     = -0.1 * 1176 + 0.0 * 624
%                     = -117.60000000000001 + 0.0
%                     = -117.600000
%       
%         Scaled penalty = scalingPenalties * rawPenalty
%                        = 1.0 * -117.600000
%                        = -117.600000
%     Score = -2,656.472852 (regressionFit = 2,774.072820, totalPenalty = -117.599969)
%       for clause: action(A, _) :- diversnotfull(A), visiblediver(A, B), nearbydiver(A, B).  [covers 1,884.0/11,756.0 pos, 0.0/0.0 neg]
%           Grounding 0: weight=0.788 threshold=0.7 -> HIGH
%           Grounding 0: weight=0.984 threshold=0.7 -> HIGH
%       === Grounding Penalty Calculation ===
%         Examples checked: 11756
%         Examples with cached bindings: 3925
%         Total groundings evaluated: 3925
%         High attention groundings (>= 0.7): 2367
%         Low attention groundings (< 0.7): 1558
%       
%         Raw penalty = -alpha * k_high + beta * k_low
%                     = -0.1 * 2367 + 0.0 * 1558
%                     = -236.70000000000002 + 0.0
%                     = -236.700000
%       
%         Scaled penalty = scalingPenalties * rawPenalty
%                        = 1.0 * -236.700000
%                        = -236.700000
%     Score = -2,557.640921 (regressionFit = 2,794.340889, totalPenalty = -236.699968)
%       for clause: action(A, _) :- diversnotfull(A), visiblediver(A, _), oxygenok(A).  [covers 7,291.0/11,756.0 pos, 0.0/0.0 neg]
%           Grounding 0: weight=0.528 threshold=0.7 -> LOW
%           Grounding 0: weight=0.618 threshold=0.7 -> LOW
%       === Grounding Penalty Calculation ===
%         Examples checked: 11756
%         Examples with cached bindings: 2248
%         Total groundings evaluated: 2248
%         High attention groundings (>= 0.7): 869
%         Low attention groundings (< 0.7): 1379
%       
%         Raw penalty = -alpha * k_high + beta * k_low
%                     = -0.1 * 869 + 0.0 * 1379
%                     = -86.9 + 0.0
%                     = -86.900000
%       
%         Scaled penalty = scalingPenalties * rawPenalty
%                        = 1.0 * -86.900000
%                        = -86.900000
%     Score = -2,714.951097 (regressionFit = 2,801.851065, totalPenalty = -86.899969)
%       for clause: action(A, _) :- diversnotfull(A), visiblediver(A, B), rightofdiver(A, B).  [covers 3,316.0/11,756.0 pos, 0.0/0.0 neg]
%           Grounding 0: weight=0.528 threshold=0.7 -> LOW
%           Grounding 0: weight=0.641 threshold=0.7 -> LOW
%       === Grounding Penalty Calculation ===
%         Examples checked: 11756
%         Examples with cached bindings: 2275
%         Total groundings evaluated: 2275
%         High attention groundings (>= 0.7): 1424
%         Low attention groundings (< 0.7): 851
%       
%         Raw penalty = -alpha * k_high + beta * k_low
%                     = -0.1 * 1424 + 0.0 * 851
%                     = -142.4 + 0.0
%                     = -142.400000
%       
%         Scaled penalty = scalingPenalties * rawPenalty
%                        = 1.0 * -142.400000
%                        = -142.400000
%     Score = -2,635.463386 (regressionFit = 2,777.863354, totalPenalty = -142.399969)
%       for clause: action(A, _) :- diversnotfull(A), visiblediver(A, B), samelevelasdiver(A, B).  [covers 2,275.0/11,756.0 pos, 0.0/0.0 neg]
%           Grounding 0: weight=0.788 threshold=0.7 -> HIGH
%           Grounding 0: weight=0.984 threshold=0.7 -> HIGH
%       === Grounding Penalty Calculation ===
%         Examples checked: 11756
%         Examples with cached bindings: 3925
%         Total groundings evaluated: 3925
%         High attention groundings (>= 0.7): 2367
%         Low attention groundings (< 0.7): 1558
%       
%         Raw penalty = -alpha * k_high + beta * k_low
%                     = -0.1 * 2367 + 0.0 * 1558
%                     = -236.70000000000002 + 0.0
%                     = -236.700000
%       
%         Scaled penalty = scalingPenalties * rawPenalty
%                        = 1.0 * -236.700000
%                        = -236.700000
%     Score = -2,557.640921 (regressionFit = 2,794.340889, totalPenalty = -236.699968)
%       for clause: action(A, _) :- diversnotfull(A), visiblediver(A, _), visiblediver(A, _).  [covers 7,291.0/11,756.0 pos, 0.0/0.0 neg]
%           Grounding 0: weight=0.565 threshold=0.7 -> LOW
%           Grounding 0: weight=0.719 threshold=0.7 -> HIGH
%       === Grounding Penalty Calculation ===
%         Examples checked: 11756
%         Examples with cached bindings: 707
%         Total groundings evaluated: 707
%         High attention groundings (>= 0.7): 252
%         Low attention groundings (< 0.7): 455
%       
%         Raw penalty = -alpha * k_high + beta * k_low
%                     = -0.1 * 252 + 0.0 * 455
%                     = -25.200000000000003 + 0.0
%                     = -25.200000
%       
%         Scaled penalty = scalingPenalties * rawPenalty
%                        = 1.0 * -25.200000
%                        = -25.200000
%     Score = -2,780.249878 (regressionFit = 2,805.449845, totalPenalty = -25.199967)
%       for clause: action(A, _) :- diversnotfull(A), visiblediver(A, _), visibleenemy(A, _).  [covers 5,876.0/11,756.0 pos, 0.0/0.0 neg]
%           Grounding 0: weight=0.74 threshold=0.7 -> HIGH
%           Grounding 0: weight=0.592 threshold=0.7 -> LOW
%       === Grounding Penalty Calculation ===
%         Examples checked: 11756
%         Examples with cached bindings: 1145
%         Total groundings evaluated: 1145
%         High attention groundings (>= 0.7): 151
%         Low attention groundings (< 0.7): 994
%       
%         Raw penalty = -alpha * k_high + beta * k_low
%                     = -0.1 * 151 + 0.0 * 994
%                     = -15.100000000000001 + 0.0
%                     = -15.100000
%       
%         Scaled penalty = scalingPenalties * rawPenalty
%                        = 1.0 * -15.100000
%                        = -15.100000
%     Score = -2,790.155029 (regressionFit = 2,805.254996, totalPenalty = -15.099967)
%       for clause: action(A, _) :- diversnotfull(A), visiblediver(A, _), visibleenemysubmarine(A, _).  [covers 6,052.0/11,756.0 pos, 0.0/0.0 neg]
%           Grounding 0: weight=0.788 threshold=0.7 -> HIGH
%           Grounding 0: weight=0.984 threshold=0.7 -> HIGH
%       === Grounding Penalty Calculation ===
%         Examples checked: 11756
%         Examples with cached bindings: 1578
%         Total groundings evaluated: 1578
%         High attention groundings (>= 0.7): 760
%         Low attention groundings (< 0.7): 818
%       
%         Raw penalty = -alpha * k_high + beta * k_low
%                     = -0.1 * 760 + 0.0 * 818
%                     = -76.0 + 0.0
%                     = -76.000000
%       
%         Scaled penalty = scalingPenalties * rawPenalty
%                        = 1.0 * -76.000000
%                        = -76.000000
%     Score = -2,726.901714 (regressionFit = 2,802.901680, totalPenalty = -75.999967)
%       for clause: action(A, _) :- diversnotfull(A), visiblediver(A, _), visiblemissile(A, _).  [covers 3,918.0/11,756.0 pos, 0.0/0.0 neg]

% Consider expanding [#6 of outerLoop #2, bodyLen=2] 'action(A, _) :- diversnotfull(A), visibleenemy(A, _).  [covers 9,646.0/11,756.0 pos, 0.0/0.0 neg]' score=-2629.5818852737866
%  At # nodes expanded = 6, |OPEN| = 2.  Pruned 0 variant children.  Sending 13 items to OPEN for evaluation and possible insertion.
% Have created 13 valid-on-seeds descendants and have picked up 4 bad extensions.
%           Grounding 0: weight=0.54 threshold=0.7 -> LOW
%           Grounding 0: weight=0.844 threshold=0.7 -> HIGH
%       === Grounding Penalty Calculation ===
%         Examples checked: 11756
%         Examples with cached bindings: 1605
%         Total groundings evaluated: 1605
%         High attention groundings (>= 0.7): 578
%         Low attention groundings (< 0.7): 1027
%       
%         Raw penalty = -alpha * k_high + beta * k_low
%                     = -0.1 * 578 + 0.0 * 1027
%                     = -57.800000000000004 + 0.0
%                     = -57.800000
%       
%         Scaled penalty = scalingPenalties * rawPenalty
%                        = 1.0 * -57.800000
%                        = -57.800000
%     Score = -2,734.379638 (regressionFit = 2,792.179606, totalPenalty = -57.799969)
%       for clause: action(A, _) :- diversnotfull(A), visibleenemy(A, B), aboveofenemy(A, B).  [covers 6,043.0/11,756.0 pos, 0.0/0.0 neg]
%           Grounding 0: weight=0.509 threshold=0.7 -> LOW
%           Grounding 0: weight=0.719 threshold=0.7 -> HIGH
%       === Grounding Penalty Calculation ===
%         Examples checked: 11756
%         Examples with cached bindings: 1566
%         Total groundings evaluated: 1566
%         High attention groundings (>= 0.7): 428
%         Low attention groundings (< 0.7): 1138
%       
%         Raw penalty = -alpha * k_high + beta * k_low
%                     = -0.1 * 428 + 0.0 * 1138
%                     = -42.800000000000004 + 0.0
%                     = -42.800000
%       
%         Scaled penalty = scalingPenalties * rawPenalty
%                        = 1.0 * -42.800000
%                        = -42.800000
%     Score = -2,760.826770 (regressionFit = 2,803.626739, totalPenalty = -42.799969)
%       for clause: action(A, _) :- diversnotfull(A), visibleenemy(A, B), belowofenemy(A, B).  [covers 5,138.0/11,756.0 pos, 0.0/0.0 neg]
%           Grounding 0: weight=0.93 threshold=0.7 -> HIGH
%           Grounding 0: weight=0.902 threshold=0.7 -> HIGH
%       === Grounding Penalty Calculation ===
%         Examples checked: 11756
%         Examples with cached bindings: 1065
%         Total groundings evaluated: 1065
%         High attention groundings (>= 0.7): 721
%         Low attention groundings (< 0.7): 344
%       
%         Raw penalty = -alpha * k_high + beta * k_low
%                     = -0.1 * 721 + 0.0 * 344
%                     = -72.10000000000001 + 0.0
%                     = -72.100000
%       
%         Scaled penalty = scalingPenalties * rawPenalty
%                        = 1.0 * -72.100000
%                        = -72.100000
%     Score = -2,683.699727 (regressionFit = 2,755.799695, totalPenalty = -72.099968)
%       for clause: action(A, _) :- diversnotfull(A), visibleenemy(A, _), facingleft(A).  [covers 5,187.0/11,756.0 pos, 0.0/0.0 neg]
%           Grounding 0: weight=0.876 threshold=0.7 -> HIGH
%           Grounding 0: weight=0.96 threshold=0.7 -> HIGH
%       === Grounding Penalty Calculation ===
%         Examples checked: 11756
%         Examples with cached bindings: 962
%         Total groundings evaluated: 962
%         High attention groundings (>= 0.7): 578
%         Low attention groundings (< 0.7): 384
%       
%         Raw penalty = -alpha * k_high + beta * k_low
%                     = -0.1 * 578 + 0.0 * 384
%                     = -57.800000000000004 + 0.0
%                     = -57.800000
%       
%         Scaled penalty = scalingPenalties * rawPenalty
%                        = 1.0 * -57.800000
%                        = -57.800000
%     Score = -2,744.233872 (regressionFit = 2,802.033840, totalPenalty = -57.799968)
%       for clause: action(A, _) :- diversnotfull(A), visibleenemy(A, _), facingright(A).  [covers 4,459.0/11,756.0 pos, 0.0/0.0 neg]
%           Grounding 0: weight=0.902 threshold=0.7 -> HIGH
%           Grounding 0: weight=0.522 threshold=0.7 -> LOW
%       === Grounding Penalty Calculation ===
%         Examples checked: 11756
%         Examples with cached bindings: 2479
%         Total groundings evaluated: 2479
%         High attention groundings (>= 0.7): 839
%         Low attention groundings (< 0.7): 1640
%       
%         Raw penalty = -alpha * k_high + beta * k_low
%                     = -0.1 * 839 + 0.0 * 1640
%                     = -83.9 + 0.0
%                     = -83.900000
%       
%         Scaled penalty = scalingPenalties * rawPenalty
%                        = 1.0 * -83.900000
%                        = -83.900000
%     Score = -2,699.944933 (regressionFit = 2,783.844902, totalPenalty = -83.899969)
%       for clause: action(A, _) :- diversnotfull(A), visibleenemy(A, B), leftofenemy(A, B).  [covers 6,516.0/11,756.0 pos, 0.0/0.0 neg]
%           Grounding 0: weight=0.574 threshold=0.7 -> LOW
%           Grounding 0: weight=0.922 threshold=0.7 -> HIGH
%       === Grounding Penalty Calculation ===
%         Examples checked: 11756
%         Examples with cached bindings: 1527
%         Total groundings evaluated: 1527
%         High attention groundings (>= 0.7): 540
%         Low attention groundings (< 0.7): 987
%       
%         Raw penalty = -alpha * k_high + beta * k_low
%                     = -0.1 * 540 + 0.0 * 987
%                     = -54.0 + 0.0
%                     = -54.000000
%       
%         Scaled penalty = scalingPenalties * rawPenalty
%                        = 1.0 * -54.000000
%                        = -54.000000
%     Score = -2,750.850670 (regressionFit = 2,804.850638, totalPenalty = -53.999969)
%       for clause: action(A, _) :- diversnotfull(A), visibleenemy(A, B), nearbyenemy(A, B).  [covers 1,899.0/11,756.0 pos, 0.0/0.0 neg]
%           Grounding 0: weight=0.93 threshold=0.7 -> HIGH
%           Grounding 0: weight=0.902 threshold=0.7 -> HIGH
%       === Grounding Penalty Calculation ===
%         Examples checked: 11756
%         Examples with cached bindings: 2027
%         Total groundings evaluated: 2027
%         High attention groundings (>= 0.7): 1299
%         Low attention groundings (< 0.7): 728
%       
%         Raw penalty = -alpha * k_high + beta * k_low
%                     = -0.1 * 1299 + 0.0 * 728
%                     = -129.9 + 0.0
%                     = -129.900000
%       
%         Scaled penalty = scalingPenalties * rawPenalty
%                        = 1.0 * -129.900000
%                        = -129.900000
%     Score = -2,629.581895 (regressionFit = 2,759.481863, totalPenalty = -129.899968)
%       for clause: action(A, _) :- diversnotfull(A), visibleenemy(A, _), oxygenok(A).  [covers 9,646.0/11,756.0 pos, 0.0/0.0 neg]
%           Grounding 0: weight=0.93 threshold=0.7 -> HIGH
%           Grounding 0: weight=0.54 threshold=0.7 -> LOW
%       === Grounding Penalty Calculation ===
%         Examples checked: 11756
%         Examples with cached bindings: 2380
%         Total groundings evaluated: 2380
%         High attention groundings (>= 0.7): 762
%         Low attention groundings (< 0.7): 1618
%       
%         Raw penalty = -alpha * k_high + beta * k_low
%                     = -0.1 * 762 + 0.0 * 1618
%                     = -76.2 + 0.0
%                     = -76.200000
%       
%         Scaled penalty = scalingPenalties * rawPenalty
%                        = 1.0 * -76.200000
%                        = -76.200000
%     Score = -2,716.815976 (regressionFit = 2,793.015945, totalPenalty = -76.199969)
%       for clause: action(A, _) :- diversnotfull(A), visibleenemy(A, B), rightofenemy(A, B).  [covers 6,057.0/11,756.0 pos, 0.0/0.0 neg]
%           Grounding 0: weight=0.93 threshold=0.7 -> HIGH
%           Grounding 0: weight=0.902 threshold=0.7 -> HIGH
%       === Grounding Penalty Calculation ===
%         Examples checked: 11756
%         Examples with cached bindings: 2698
%         Total groundings evaluated: 2698
%         High attention groundings (>= 0.7): 1127
%         Low attention groundings (< 0.7): 1571
%       
%         Raw penalty = -alpha * k_high + beta * k_low
%                     = -0.1 * 1127 + 0.0 * 1571
%                     = -112.7 + 0.0
%                     = -112.700000
%       
%         Scaled penalty = scalingPenalties * rawPenalty
%                        = 1.0 * -112.700000
%                        = -112.700000
%     Score = -2,085.749280 (regressionFit = 2,198.449249, totalPenalty = -112.699969)
%       for clause: action(A, _) :- diversnotfull(A), visibleenemy(A, B), samelevelasenemy(A, B).  [covers 4,117.0/11,756.0 pos, 0.0/0.0 neg]
% Gleaner: New best node found (score = -2,085.749280): action(A, _) :- diversnotfull(A), visibleenemy(A, B), samelevelasenemy(A, B).  [covers 4,117.0/11,756.0 pos, 0.0/0.0 neg]
%           Grounding 0: weight=0.565 threshold=0.7 -> LOW
%           Grounding 0: weight=0.719 threshold=0.7 -> HIGH
%       === Grounding Penalty Calculation ===
%         Examples checked: 11756
%         Examples with cached bindings: 707
%         Total groundings evaluated: 707
%         High attention groundings (>= 0.7): 252
%         Low attention groundings (< 0.7): 455
%       
%         Raw penalty = -alpha * k_high + beta * k_low
%                     = -0.1 * 252 + 0.0 * 455
%                     = -25.200000000000003 + 0.0
%                     = -25.200000
%       
%         Scaled penalty = scalingPenalties * rawPenalty
%                        = 1.0 * -25.200000
%                        = -25.200000
%     Score = -2,780.249878 (regressionFit = 2,805.449845, totalPenalty = -25.199967)
%       for clause: action(A, _) :- diversnotfull(A), visibleenemy(A, _), visiblediver(A, _).  [covers 5,876.0/11,756.0 pos, 0.0/0.0 neg]
%           Grounding 0: weight=0.93 threshold=0.7 -> HIGH
%           Grounding 0: weight=0.902 threshold=0.7 -> HIGH
%       === Grounding Penalty Calculation ===
%         Examples checked: 11756
%         Examples with cached bindings: 2027
%         Total groundings evaluated: 2027
%         High attention groundings (>= 0.7): 1299
%         Low attention groundings (< 0.7): 728
%       
%         Raw penalty = -alpha * k_high + beta * k_low
%                     = -0.1 * 1299 + 0.0 * 728
%                     = -129.9 + 0.0
%                     = -129.900000
%       
%         Scaled penalty = scalingPenalties * rawPenalty
%                        = 1.0 * -129.900000
%                        = -129.900000
%     Score = -2,629.581895 (regressionFit = 2,759.481863, totalPenalty = -129.899968)
%       for clause: action(A, _) :- diversnotfull(A), visibleenemy(A, _), visibleenemy(A, _).  [covers 9,646.0/11,756.0 pos, 0.0/0.0 neg]
%           Grounding 0: weight=0.661 threshold=0.7 -> LOW
%           Grounding 0: weight=0.719 threshold=0.7 -> HIGH
%       === Grounding Penalty Calculation ===
%         Examples checked: 11756
%         Examples with cached bindings: 415
%         Total groundings evaluated: 415
%         High attention groundings (>= 0.7): 63
%         Low attention groundings (< 0.7): 352
%       
%         Raw penalty = -alpha * k_high + beta * k_low
%                     = -0.1 * 63 + 0.0 * 352
%                     = -6.300000000000001 + 0.0
%                     = -6.300000
%       
%         Scaled penalty = scalingPenalties * rawPenalty
%                        = 1.0 * -6.300000
%                        = -6.300000
%     Score = -2,733.500518 (regressionFit = 2,739.800485, totalPenalty = -6.299967)
%       for clause: action(A, _) :- diversnotfull(A), visibleenemy(A, _), visibleenemysubmarine(A, _).  [covers 7,557.0/11,756.0 pos, 0.0/0.0 neg]
%           Grounding 0: weight=0.902 threshold=0.7 -> HIGH
%           Grounding 0: weight=0.922 threshold=0.7 -> HIGH
%       === Grounding Penalty Calculation ===
%         Examples checked: 11756
%         Examples with cached bindings: 654
%         Total groundings evaluated: 654
%         High attention groundings (>= 0.7): 422
%         Low attention groundings (< 0.7): 232
%       
%         Raw penalty = -alpha * k_high + beta * k_low
%                     = -0.1 * 422 + 0.0 * 232
%                     = -42.2 + 0.0
%                     = -42.200000
%       
%         Scaled penalty = scalingPenalties * rawPenalty
%                        = 1.0 * -42.200000
%                        = -42.200000
%     Score = -2,743.660949 (regressionFit = 2,785.860916, totalPenalty = -42.199967)
%       for clause: action(A, _) :- diversnotfull(A), visibleenemy(A, _), visiblemissile(A, _).  [covers 2,676.0/11,756.0 pos, 0.0/0.0 neg]

% Consider expanding [#7 of outerLoop #2, bodyLen=2] 'action(A, _) :- diversnotfull(A), visibleenemysubmarine(A, _).  [covers 9,252.0/11,756.0 pos, 0.0/0.0 neg]' score=-2696.245601013495
% [ LazyGroundClauseIndex ]  Building full index for aboveofsubmarine/2 with 64,138 assertions.
% [ LazyGroundClauseIndex ]  Building full index for belowofsubmarine/2 with 71,823 assertions.
% [ LazyGroundClauseIndex ]  Building full index for enemyfacingleft/2 with 105,101 assertions.
% [ LazyGroundClauseIndex ]  Building full index for enemyfacingright/2 with 49,529 assertions.
% [ LazyGroundClauseIndex ]  Building full index for leftofsubmarine/2 with 61,464 assertions.
% [ LazyGroundClauseIndex ]  Building full index for nearbysubmarine/2 with 12,661 assertions.
% [ LazyGroundClauseIndex ]  Building full index for rightofsubmarine/2 with 68,023 assertions.
% [ LazyGroundClauseIndex ]  Building full index for samelevelassubmarine/2 with 15,101 assertions.
%  At # nodes expanded = 7, |OPEN| = 1.  Pruned 0 variant children.  Sending 14 items to OPEN for evaluation and possible insertion.
% Have created 14 valid-on-seeds descendants and have picked up 5 bad extensions.
% [ LazyGroundNthArgumentClauseIndex ]  Argument 0:  Building full index for aboveofsubmarine/2.
%           Grounding 0: weight=0.519 threshold=0.7 -> LOW
%           Grounding 0: weight=0.615 threshold=0.7 -> LOW
%       === Grounding Penalty Calculation ===
%         Examples checked: 11756
%         Examples with cached bindings: 1363
%         Total groundings evaluated: 1363
%         High attention groundings (>= 0.7): 167
%         Low attention groundings (< 0.7): 1196
%       
%         Raw penalty = -alpha * k_high + beta * k_low
%                     = -0.1 * 167 + 0.0 * 1196
%                     = -16.7 + 0.0
%                     = -16.700000
%       
%         Scaled penalty = scalingPenalties * rawPenalty
%                        = 1.0 * -16.700000
%                        = -16.700000
%     Score = -2,785.185238 (regressionFit = 2,801.885207, totalPenalty = -16.699969)
%       for clause: action(A, _) :- diversnotfull(A), visibleenemysubmarine(A, B), aboveofsubmarine(A, B).  [covers 4,352.0/11,756.0 pos, 0.0/0.0 neg]
% [ LazyGroundNthArgumentClauseIndex ]  Argument 0:  Building full index for belowofsubmarine/2.
%           Grounding 0: weight=0.519 threshold=0.7 -> LOW
%           Grounding 0: weight=0.605 threshold=0.7 -> LOW
%       === Grounding Penalty Calculation ===
%         Examples checked: 11756
%         Examples with cached bindings: 4377
%         Total groundings evaluated: 4377
%         High attention groundings (>= 0.7): 605
%         Low attention groundings (< 0.7): 3772
%       
%         Raw penalty = -alpha * k_high + beta * k_low
%                     = -0.1 * 605 + 0.0 * 3772
%                     = -60.5 + 0.0
%                     = -60.500000
%       
%         Scaled penalty = scalingPenalties * rawPenalty
%                        = 1.0 * -60.500000
%                        = -60.500000
%     Score = -2,651.875563 (regressionFit = 2,712.375532, totalPenalty = -60.499969)
%       for clause: action(A, _) :- diversnotfull(A), visibleenemysubmarine(A, B), belowofsubmarine(A, B).  [covers 7,861.0/11,756.0 pos, 0.0/0.0 neg]
% [ LazyGroundNthArgumentClauseIndex ]  Argument 0:  Building full index for enemyfacingleft/2.
%           Grounding 0: weight=0.519 threshold=0.7 -> LOW
%           Grounding 0: weight=0.574 threshold=0.7 -> LOW
%       === Grounding Penalty Calculation ===
%         Examples checked: 11756
%         Examples with cached bindings: 4673
%         Total groundings evaluated: 4673
%         High attention groundings (>= 0.7): 157
%         Low attention groundings (< 0.7): 4516
%       
%         Raw penalty = -alpha * k_high + beta * k_low
%                     = -0.1 * 157 + 0.0 * 4516
%                     = -15.700000000000001 + 0.0
%                     = -15.700000
%       
%         Scaled penalty = scalingPenalties * rawPenalty
%                        = 1.0 * -15.700000
%                        = -15.700000
%     Score = -2,774.274658 (regressionFit = 2,789.974626, totalPenalty = -15.699969)
%       for clause: action(A, _) :- diversnotfull(A), visibleenemysubmarine(A, B), enemyfacingleft(A, B).  [covers 8,224.0/11,756.0 pos, 0.0/0.0 neg]
% [ LazyGroundNthArgumentClauseIndex ]  Argument 0:  Building full index for enemyfacingright/2.
%           Grounding 0: weight=0.519 threshold=0.7 -> LOW
%           Grounding 0: weight=0.632 threshold=0.7 -> LOW
%       === Grounding Penalty Calculation ===
%         Examples checked: 11756
%         Examples with cached bindings: 1239
%         Total groundings evaluated: 1239
%         High attention groundings (>= 0.7): 78
%         Low attention groundings (< 0.7): 1161
%       
%         Raw penalty = -alpha * k_high + beta * k_low
%                     = -0.1 * 78 + 0.0 * 1161
%                     = -7.800000000000001 + 0.0
%                     = -7.800000
%       
%         Scaled penalty = scalingPenalties * rawPenalty
%                        = 1.0 * -7.800000
%                        = -7.800000
%     Score = -2,769.314418 (regressionFit = 2,777.114386, totalPenalty = -7.799969)
%       for clause: action(A, _) :- diversnotfull(A), visibleenemysubmarine(A, B), enemyfacingright(A, B).  [covers 3,563.0/11,756.0 pos, 0.0/0.0 neg]
%           Grounding 0: weight=0.552 threshold=0.7 -> LOW
%           Grounding 0: weight=0.661 threshold=0.7 -> LOW
%       === Grounding Penalty Calculation ===
%         Examples checked: 11756
%         Examples with cached bindings: 1814
%         Total groundings evaluated: 1814
%         High attention groundings (>= 0.7): 320
%         Low attention groundings (< 0.7): 1494
%       
%         Raw penalty = -alpha * k_high + beta * k_low
%                     = -0.1 * 320 + 0.0 * 1494
%                     = -32.0 + 0.0
%                     = -32.000000
%       
%         Scaled penalty = scalingPenalties * rawPenalty
%                        = 1.0 * -32.000000
%                        = -32.000000
%     Score = -2,714.665344 (regressionFit = 2,746.665311, totalPenalty = -31.999968)
%       for clause: action(A, _) :- diversnotfull(A), visibleenemysubmarine(A, _), facingleft(A).  [covers 4,864.0/11,756.0 pos, 0.0/0.0 neg]
%           Grounding 0: weight=0.605 threshold=0.7 -> LOW
%           Grounding 0: weight=0.793 threshold=0.7 -> HIGH
%       === Grounding Penalty Calculation ===
%         Examples checked: 11756
%         Examples with cached bindings: 1615
%         Total groundings evaluated: 1615
%         High attention groundings (>= 0.7): 315
%         Low attention groundings (< 0.7): 1300
%       
%         Raw penalty = -alpha * k_high + beta * k_low
%                     = -0.1 * 315 + 0.0 * 1300
%                     = -31.5 + 0.0
%                     = -31.500000
%       
%         Scaled penalty = scalingPenalties * rawPenalty
%                        = 1.0 * -31.500000
%                        = -31.500000
%     Score = -2,769.605710 (regressionFit = 2,801.105677, totalPenalty = -31.499968)
%       for clause: action(A, _) :- diversnotfull(A), visibleenemysubmarine(A, _), facingright(A).  [covers 4,388.0/11,756.0 pos, 0.0/0.0 neg]
% [ LazyGroundNthArgumentClauseIndex ]  Argument 0:  Building full index for leftofsubmarine/2.
%           Grounding 0: weight=0.53 threshold=0.7 -> LOW
%           Grounding 0: weight=0.638 threshold=0.7 -> LOW
%       === Grounding Penalty Calculation ===
%         Examples checked: 11756
%         Examples with cached bindings: 2838
%         Total groundings evaluated: 2838
%         High attention groundings (>= 0.7): 346
%         Low attention groundings (< 0.7): 2492
%       
%         Raw penalty = -alpha * k_high + beta * k_low
%                     = -0.1 * 346 + 0.0 * 2492
%                     = -34.6 + 0.0
%                     = -34.600000
%       
%         Scaled penalty = scalingPenalties * rawPenalty
%                        = 1.0 * -34.600000
%                        = -34.600000
%     Score = -2,756.424653 (regressionFit = 2,791.024622, totalPenalty = -34.599969)
%       for clause: action(A, _) :- diversnotfull(A), visibleenemysubmarine(A, B), leftofsubmarine(A, B).  [covers 5,469.0/11,756.0 pos, 0.0/0.0 neg]
%           Grounding 0: weight=0.605 threshold=0.7 -> LOW
%           Grounding 0: weight=0.552 threshold=0.7 -> LOW
%       === Grounding Penalty Calculation ===
%         Examples checked: 11756
%         Examples with cached bindings: 3429
%         Total groundings evaluated: 3429
%         High attention groundings (>= 0.7): 635
%         Low attention groundings (< 0.7): 2794
%       
%         Raw penalty = -alpha * k_high + beta * k_low
%                     = -0.1 * 635 + 0.0 * 2794
%                     = -63.5 + 0.0
%                     = -63.500000
%       
%         Scaled penalty = scalingPenalties * rawPenalty
%                        = 1.0 * -63.500000
%                        = -63.500000
%     Score = -2,696.245611 (regressionFit = 2,759.745579, totalPenalty = -63.499968)
%       for clause: action(A, _) :- diversnotfull(A), visibleenemysubmarine(A, _), oxygenok(A).  [covers 9,252.0/11,756.0 pos, 0.0/0.0 neg]
% [ LazyGroundNthArgumentClauseIndex ]  Argument 0:  Building full index for rightofsubmarine/2.
%           Grounding 0: weight=0.605 threshold=0.7 -> LOW
%           Grounding 0: weight=0.497 threshold=0.7 -> LOW
%       === Grounding Penalty Calculation ===
%         Examples checked: 11756
%         Examples with cached bindings: 2837
%         Total groundings evaluated: 2837
%         High attention groundings (>= 0.7): 324
%         Low attention groundings (< 0.7): 2513
%       
%         Raw penalty = -alpha * k_high + beta * k_low
%                     = -0.1 * 324 + 0.0 * 2513
%                     = -32.4 + 0.0
%                     = -32.400000
%       
%         Scaled penalty = scalingPenalties * rawPenalty
%                        = 1.0 * -32.400000
%                        = -32.400000
%     Score = -2,758.839866 (regressionFit = 2,791.239835, totalPenalty = -32.399969)
%       for clause: action(A, _) :- diversnotfull(A), visibleenemysubmarine(A, B), rightofsubmarine(A, B).  [covers 5,435.0/11,756.0 pos, 0.0/0.0 neg]
% [ LazyGroundNthArgumentClauseIndex ]  Argument 0:  Building full index for samelevelassubmarine/2.
%           Grounding 0: weight=0.53 threshold=0.7 -> LOW
%           Grounding 0: weight=0.584 threshold=0.7 -> LOW
%       === Grounding Penalty Calculation ===
%         Examples checked: 11756
%         Examples with cached bindings: 1026
%         Total groundings evaluated: 1026
%         High attention groundings (>= 0.7): 135
%         Low attention groundings (< 0.7): 891
%       
%         Raw penalty = -alpha * k_high + beta * k_low
%                     = -0.1 * 135 + 0.0 * 891
%                     = -13.5 + 0.0
%                     = -13.500000
%       
%         Scaled penalty = scalingPenalties * rawPenalty
%                        = 1.0 * -13.500000
%                        = -13.500000
%     Score = -2,786.092741 (regressionFit = 2,799.592710, totalPenalty = -13.499969)
%       for clause: action(A, _) :- diversnotfull(A), visibleenemysubmarine(A, B), samelevelassubmarine(A, B).  [covers 1,322.0/11,756.0 pos, 0.0/0.0 neg]
%           Grounding 0: weight=0.74 threshold=0.7 -> HIGH
%           Grounding 0: weight=0.592 threshold=0.7 -> LOW
%       === Grounding Penalty Calculation ===
%         Examples checked: 11756
%         Examples with cached bindings: 1145
%         Total groundings evaluated: 1145
%         High attention groundings (>= 0.7): 151
%         Low attention groundings (< 0.7): 994
%       
%         Raw penalty = -alpha * k_high + beta * k_low
%                     = -0.1 * 151 + 0.0 * 994
%                     = -15.100000000000001 + 0.0
%                     = -15.100000
%       
%         Scaled penalty = scalingPenalties * rawPenalty
%                        = 1.0 * -15.100000
%                        = -15.100000
%     Score = -2,790.155029 (regressionFit = 2,805.254996, totalPenalty = -15.099967)
%       for clause: action(A, _) :- diversnotfull(A), visibleenemysubmarine(A, _), visiblediver(A, _).  [covers 6,052.0/11,756.0 pos, 0.0/0.0 neg]
%           Grounding 0: weight=0.661 threshold=0.7 -> LOW
%           Grounding 0: weight=0.719 threshold=0.7 -> HIGH
%       === Grounding Penalty Calculation ===
%         Examples checked: 11756
%         Examples with cached bindings: 415
%         Total groundings evaluated: 415
%         High attention groundings (>= 0.7): 63
%         Low attention groundings (< 0.7): 352
%       
%         Raw penalty = -alpha * k_high + beta * k_low
%                     = -0.1 * 63 + 0.0 * 352
%                     = -6.300000000000001 + 0.0
%                     = -6.300000
%       
%         Scaled penalty = scalingPenalties * rawPenalty
%                        = 1.0 * -6.300000
%                        = -6.300000
%     Score = -2,733.500518 (regressionFit = 2,739.800485, totalPenalty = -6.299967)
%       for clause: action(A, _) :- diversnotfull(A), visibleenemysubmarine(A, _), visibleenemy(A, _).  [covers 7,557.0/11,756.0 pos, 0.0/0.0 neg]
%           Grounding 0: weight=0.605 threshold=0.7 -> LOW
%           Grounding 0: weight=0.552 threshold=0.7 -> LOW
%       === Grounding Penalty Calculation ===
%         Examples checked: 11756
%         Examples with cached bindings: 3429
%         Total groundings evaluated: 3429
%         High attention groundings (>= 0.7): 635
%         Low attention groundings (< 0.7): 2794
%       
%         Raw penalty = -alpha * k_high + beta * k_low
%                     = -0.1 * 635 + 0.0 * 2794
%                     = -63.5 + 0.0
%                     = -63.500000
%       
%         Scaled penalty = scalingPenalties * rawPenalty
%                        = 1.0 * -63.500000
%                        = -63.500000
%     Score = -2,696.245611 (regressionFit = 2,759.745579, totalPenalty = -63.499968)
%       for clause: action(A, _) :- diversnotfull(A), visibleenemysubmarine(A, _), visibleenemysubmarine(A, _).  [covers 9,252.0/11,756.0 pos, 0.0/0.0 neg]
%           Grounding 0: weight=0.649 threshold=0.7 -> LOW
%           Grounding 0: weight=0.727 threshold=0.7 -> HIGH
%       === Grounding Penalty Calculation ===
%         Examples checked: 11756
%         Examples with cached bindings: 208
%         Total groundings evaluated: 208
%         High attention groundings (>= 0.7): 113
%         Low attention groundings (< 0.7): 95
%       
%         Raw penalty = -alpha * k_high + beta * k_low
%                     = -0.1 * 113 + 0.0 * 95
%                     = -11.3 + 0.0
%                     = -11.300000
%       
%         Scaled penalty = scalingPenalties * rawPenalty
%                        = 1.0 * -11.300000
%                        = -11.300000
%     Score = -2,791.214075 (regressionFit = 2,802.514042, totalPenalty = -11.299967)
%       for clause: action(A, _) :- diversnotfull(A), visibleenemysubmarine(A, _), visiblemissile(A, _).  [covers 3,903.0/11,756.0 pos, 0.0/0.0 neg]

% Consider expanding [#8 of outerLoop #2, bodyLen=2] 'action(A, _) :- diversnotfull(A), oxygenok(A).  [covers 11,756.0/11,756.0 pos, 0.0/0.0 neg]' score=-Infinity
%  At # nodes expanded = 8, |OPEN| = 0.  Pruned 0 variant children.  Sending 6 items to OPEN for evaluation and possible insertion.
% Have created 6 valid-on-seeds descendants and have picked up 4 bad extensions.
%           Grounding 0: weight=1.0 threshold=0.7 -> HIGH
%           Grounding 0: weight=1.0 threshold=0.7 -> HIGH
%       === Grounding Penalty Calculation ===
%         Examples checked: 11756
%         Examples with cached bindings: 6090
%         Total groundings evaluated: 6090
%         High attention groundings (>= 0.7): 6090
%         Low attention groundings (< 0.7): 0
%       
%         Raw penalty = -alpha * k_high + beta * k_low
%                     = -0.1 * 6090 + 0.0 * 0
%                     = -609.0 + 0.0
%                     = -609.000000
%       
%         Scaled penalty = scalingPenalties * rawPenalty
%                        = 1.0 * -609.000000
%                        = -609.000000
%     Score = -2,158.649380 (regressionFit = 2,767.649348, totalPenalty = -608.999969)
%       for clause: action(A, _) :- diversnotfull(A), oxygenok(A), facingleft(A).  [covers 6,090.0/11,756.0 pos, 0.0/0.0 neg]
%           Grounding 0: weight=1.0 threshold=0.7 -> HIGH
%           Grounding 0: weight=1.0 threshold=0.7 -> HIGH
%       === Grounding Penalty Calculation ===
%         Examples checked: 11756
%         Examples with cached bindings: 5666
%         Total groundings evaluated: 5666
%         High attention groundings (>= 0.7): 5666
%         Low attention groundings (< 0.7): 0
%       
%         Raw penalty = -alpha * k_high + beta * k_low
%                     = -0.1 * 5666 + 0.0 * 0
%                     = -566.6 + 0.0
%                     = -566.600000
%       
%         Scaled penalty = scalingPenalties * rawPenalty
%                        = 1.0 * -566.600000
%                        = -566.600000
%     Score = -2,201.049380 (regressionFit = 2,767.649348, totalPenalty = -566.599969)
%       for clause: action(A, _) :- diversnotfull(A), oxygenok(A), facingright(A).  [covers 5,666.0/11,756.0 pos, 0.0/0.0 neg]
%           Grounding 0: weight=0.788 threshold=0.7 -> HIGH
%           Grounding 0: weight=0.984 threshold=0.7 -> HIGH
%       === Grounding Penalty Calculation ===
%         Examples checked: 11756
%         Examples with cached bindings: 3925
%         Total groundings evaluated: 3925
%         High attention groundings (>= 0.7): 2367
%         Low attention groundings (< 0.7): 1558
%       
%         Raw penalty = -alpha * k_high + beta * k_low
%                     = -0.1 * 2367 + 0.0 * 1558
%                     = -236.70000000000002 + 0.0
%                     = -236.700000
%       
%         Scaled penalty = scalingPenalties * rawPenalty
%                        = 1.0 * -236.700000
%                        = -236.700000
%     Score = -2,557.640921 (regressionFit = 2,794.340889, totalPenalty = -236.699968)
%       for clause: action(A, _) :- diversnotfull(A), oxygenok(A), visiblediver(A, _).  [covers 7,291.0/11,756.0 pos, 0.0/0.0 neg]
%           Grounding 0: weight=0.93 threshold=0.7 -> HIGH
%           Grounding 0: weight=0.902 threshold=0.7 -> HIGH
%       === Grounding Penalty Calculation ===
%         Examples checked: 11756
%         Examples with cached bindings: 2027
%         Total groundings evaluated: 2027
%         High attention groundings (>= 0.7): 1299
%         Low attention groundings (< 0.7): 728
%       
%         Raw penalty = -alpha * k_high + beta * k_low
%                     = -0.1 * 1299 + 0.0 * 728
%                     = -129.9 + 0.0
%                     = -129.900000
%       
%         Scaled penalty = scalingPenalties * rawPenalty
%                        = 1.0 * -129.900000
%                        = -129.900000
%     Score = -2,629.581895 (regressionFit = 2,759.481863, totalPenalty = -129.899968)
%       for clause: action(A, _) :- diversnotfull(A), oxygenok(A), visibleenemy(A, _).  [covers 9,646.0/11,756.0 pos, 0.0/0.0 neg]
%           Grounding 0: weight=0.605 threshold=0.7 -> LOW
%           Grounding 0: weight=0.552 threshold=0.7 -> LOW
%       === Grounding Penalty Calculation ===
%         Examples checked: 11756
%         Examples with cached bindings: 3429
%         Total groundings evaluated: 3429
%         High attention groundings (>= 0.7): 635
%         Low attention groundings (< 0.7): 2794
%       
%         Raw penalty = -alpha * k_high + beta * k_low
%                     = -0.1 * 635 + 0.0 * 2794
%                     = -63.5 + 0.0
%                     = -63.500000
%       
%         Scaled penalty = scalingPenalties * rawPenalty
%                        = 1.0 * -63.500000
%                        = -63.500000
%     Score = -2,696.245611 (regressionFit = 2,759.745579, totalPenalty = -63.499968)
%       for clause: action(A, _) :- diversnotfull(A), oxygenok(A), visibleenemysubmarine(A, _).  [covers 9,252.0/11,756.0 pos, 0.0/0.0 neg]
%           Grounding 0: weight=1.0 threshold=0.7 -> HIGH
%           Grounding 0: weight=1.0 threshold=0.7 -> HIGH
%       === Grounding Penalty Calculation ===
%         Examples checked: 11756
%         Examples with cached bindings: 2471
%         Total groundings evaluated: 2471
%         High attention groundings (>= 0.7): 2471
%         Low attention groundings (< 0.7): 0
%       
%         Raw penalty = -alpha * k_high + beta * k_low
%                     = -0.1 * 2471 + 0.0 * 0
%                     = -247.10000000000002 + 0.0
%                     = -247.100000
%       
%         Scaled penalty = scalingPenalties * rawPenalty
%                        = 1.0 * -247.100000
%                        = -247.100000
%     Score = -2,555.801713 (regressionFit = 2,802.901680, totalPenalty = -247.099968)
%       for clause: action(A, _) :- diversnotfull(A), oxygenok(A), visiblemissile(A, _).  [covers 3,918.0/11,756.0 pos, 0.0/0.0 neg]

% The best node found: action(A, _) :- diversnotfull(A), visibleenemy(A, B), samelevelasenemy(A, B).  [covers 4,117.0/11,756.0 pos, 0.0/0.0 neg]

% The best node found: action(A, _) :- diversnotfull(A), visibleenemy(A, B), samelevelasenemy(A, B).  [covers 4,117.0/11,756.0 pos, 0.0/0.0 neg]

% Expanding node at Level 1 with score = -0.239.
% Will extend: action(A, _) :- diversnotfull(A), visibleenemy(A, B), samelevelasenemy(A, B).  [covers 4,117.0/11,756.0 pos, 0.0/0.0 neg]
%   Creating a TRUE-branch and FALSE-branch leaves because level = 1 >= 1

% Time for loop #2: 7.996 seconds.
% Internal node max length = 2
% Max tree depth in lits   = 12
% Max tree depth in nodes  = 1
% Max number of clauses    = 20

% On cycle #2, the best clause found is:
%      action(A, _) :- diversnotfull(A), visibleenemy(A, B), samelevelasenemy(A, B).  [covers 4,117.0/11,756.0 pos, 0.0/0.0 neg]
% This clause covers 4117 positive examples, of which 4117 are newly covered.
% It also covers 0 negative examples, of which 0 are newly covered.

% Have these 10 positive seeds: 33 181 226 406 539 608 832 833 861 1072
% [AdviceProcessor]  Generated 0 clauses at relevance level STRONGLY_IRRELEVANT.

***** Warning: TODO: Should handle this case by altering the target in the 'must be constant' arguments.  Or maybe an '@' type was meant? *****


% target           = action(D, E)
%     Score = -Infinity (regressionFit = Infinity, totalPenalty = 0.000002)
%       for clause: action(_, _).  [covers 4,298.0/4,298.0 pos, 0.0/0.0 neg]
% Most-general root: action(_, _).  [covers 4,298.0/4,298.0 pos, 0.0/0.0 neg]  score = -Infinity

% Consider expanding [#1 of outerLoop #3, bodyLen=0] 'action(_, _).  [covers 4,298.0/4,298.0 pos, 0.0/0.0 neg]' score=-Infinity
%  At # nodes expanded = 1, |OPEN| = 0.  Pruned 0 variant children.  Sending 9 items to OPEN for evaluation and possible insertion.
% Have created 9 valid-on-seeds descendants and have picked up 3 bad extensions.
%           Grounding 0: weight=1.0 threshold=0.7 -> HIGH
%           Grounding 0: weight=1.0 threshold=0.7 -> HIGH
%       === Grounding Penalty Calculation ===
%         Examples checked: 4298
%         Examples with cached bindings: 2872
%         Total groundings evaluated: 2872
%         High attention groundings (>= 0.7): 2872
%         Low attention groundings (< 0.7): 0
%       
%         Raw penalty = -alpha * k_high + beta * k_low
%                     = -0.1 * 2872 + 0.0 * 0
%                     = -287.2 + 0.0
%                     = -287.200000
%       
%         Scaled penalty = scalingPenalties * rawPenalty
%                        = 1.0 * -287.200000
%                        = -287.200000
%     Score = -323.347558 (regressionFit = 610.547547, totalPenalty = -287.199989)
%       for clause: action(A, _) :- diversempty(A).  [covers 2,872.0/4,298.0 pos, 0.0/0.0 neg]
% Gleaner: New best node found (score = -323.347558): action(A, _) :- diversempty(A).  [covers 2,872.0/4,298.0 pos, 0.0/0.0 neg]
%           Grounding 0: weight=1.0 threshold=0.7 -> HIGH
%           Grounding 0: weight=1.0 threshold=0.7 -> HIGH
%       === Grounding Penalty Calculation ===
%         Examples checked: 4298
%         Examples with cached bindings: 1097
%         Total groundings evaluated: 1097
%         High attention groundings (>= 0.7): 1097
%         Low attention groundings (< 0.7): 0
%       
%         Raw penalty = -alpha * k_high + beta * k_low
%                     = -0.1 * 1097 + 0.0 * 0
%                     = -109.7 + 0.0
%                     = -109.700000
%       
%         Scaled penalty = scalingPenalties * rawPenalty
%                        = 1.0 * -109.700000
%                        = -109.700000
%     Score = -505.508405 (regressionFit = 615.208393, totalPenalty = -109.699989)
%       for clause: action(A, _) :- diversfull(A).  [covers 1,097.0/4,298.0 pos, 0.0/0.0 neg]
%           Grounding 0: weight=1.0 threshold=0.7 -> HIGH
%           Grounding 0: weight=1.0 threshold=0.7 -> HIGH
%       === Grounding Penalty Calculation ===
%         Examples checked: 4298
%         Examples with cached bindings: 2072
%         Total groundings evaluated: 2072
%         High attention groundings (>= 0.7): 2072
%         Low attention groundings (< 0.7): 0
%       
%         Raw penalty = -alpha * k_high + beta * k_low
%                     = -0.1 * 2072 + 0.0 * 0
%                     = -207.20000000000002 + 0.0
%                     = -207.200000
%       
%         Scaled penalty = scalingPenalties * rawPenalty
%                        = 1.0 * -207.200000
%                        = -207.200000
%     Score = -401.796833 (regressionFit = 608.996822, totalPenalty = -207.199989)
%       for clause: action(A, _) :- facingleft(A).  [covers 2,072.0/4,298.0 pos, 0.0/0.0 neg]
%           Grounding 0: weight=1.0 threshold=0.7 -> HIGH
%           Grounding 0: weight=1.0 threshold=0.7 -> HIGH
%       === Grounding Penalty Calculation ===
%         Examples checked: 4298
%         Examples with cached bindings: 1897
%         Total groundings evaluated: 1897
%         High attention groundings (>= 0.7): 1897
%         Low attention groundings (< 0.7): 0
%       
%         Raw penalty = -alpha * k_high + beta * k_low
%                     = -0.1 * 1897 + 0.0 * 0
%                     = -189.70000000000002 + 0.0
%                     = -189.700000
%       
%         Scaled penalty = scalingPenalties * rawPenalty
%                        = 1.0 * -189.700000
%                        = -189.700000
%     Score = -424.814683 (regressionFit = 614.514672, totalPenalty = -189.699989)
%       for clause: action(A, _) :- facingright(A).  [covers 1,897.0/4,298.0 pos, 0.0/0.0 neg]
%           Grounding 0: weight=1.0 threshold=0.7 -> HIGH
%           Grounding 0: weight=1.0 threshold=0.7 -> HIGH
%       === Grounding Penalty Calculation ===
%         Examples checked: 4298
%         Examples with cached bindings: 3969
%         Total groundings evaluated: 3969
%         High attention groundings (>= 0.7): 3969
%         Low attention groundings (< 0.7): 0
%       
%         Raw penalty = -alpha * k_high + beta * k_low
%                     = -0.1 * 3969 + 0.0 * 0
%                     = -396.90000000000003 + 0.0
%                     = -396.900000
%       
%         Scaled penalty = scalingPenalties * rawPenalty
%                        = 1.0 * -396.900000
%                        = -396.900000
%     Score = -211.372077 (regressionFit = 608.272066, totalPenalty = -396.899989)
%       for clause: action(A, _) :- oxygenok(A).  [covers 3,969.0/4,298.0 pos, 0.0/0.0 neg]
% Gleaner: New best node found (score = -211.372077): action(A, _) :- oxygenok(A).  [covers 3,969.0/4,298.0 pos, 0.0/0.0 neg]
%           Grounding 0: weight=0.609 threshold=0.7 -> LOW
%           Grounding 0: weight=1.0 threshold=0.7 -> HIGH
%       === Grounding Penalty Calculation ===
%         Examples checked: 4298
%         Examples with cached bindings: 1069
%         Total groundings evaluated: 1069
%         High attention groundings (>= 0.7): 593
%         Low attention groundings (< 0.7): 476
%       
%         Raw penalty = -alpha * k_high + beta * k_low
%                     = -0.1 * 593 + 0.0 * 476
%                     = -59.300000000000004 + 0.0
%                     = -59.300000
%       
%         Scaled penalty = scalingPenalties * rawPenalty
%                        = 1.0 * -59.300000
%                        = -59.300000
%     Score = -542.159899 (regressionFit = 601.459887, totalPenalty = -59.299988)
%       for clause: action(A, _) :- visiblediver(A, _).  [covers 2,115.0/4,298.0 pos, 0.0/0.0 neg]
%           Grounding 0: weight=0.591 threshold=0.7 -> LOW
%           Grounding 0: weight=0.536 threshold=0.7 -> LOW
%       === Grounding Penalty Calculation ===
%         Examples checked: 4298
%         Examples with cached bindings: 311
%         Total groundings evaluated: 311
%         High attention groundings (>= 0.7): 149
%         Low attention groundings (< 0.7): 162
%       
%         Raw penalty = -alpha * k_high + beta * k_low
%                     = -0.1 * 149 + 0.0 * 162
%                     = -14.9 + 0.0
%                     = -14.900000
%       
%         Scaled penalty = scalingPenalties * rawPenalty
%                        = 1.0 * -14.900000
%                        = -14.900000
%     Score = -562.198518 (regressionFit = 577.098506, totalPenalty = -14.899988)
%       for clause: action(A, _) :- visibleenemy(A, _).  [covers 2,365.0/4,298.0 pos, 0.0/0.0 neg]
%           Grounding 0: weight=0.563 threshold=0.7 -> LOW
%           Grounding 0: weight=0.68 threshold=0.7 -> LOW
%       === Grounding Penalty Calculation ===
%         Examples checked: 4298
%         Examples with cached bindings: 1551
%         Total groundings evaluated: 1551
%         High attention groundings (>= 0.7): 386
%         Low attention groundings (< 0.7): 1165
%       
%         Raw penalty = -alpha * k_high + beta * k_low
%                     = -0.1 * 386 + 0.0 * 1165
%                     = -38.6 + 0.0
%                     = -38.600000
%       
%         Scaled penalty = scalingPenalties * rawPenalty
%                        = 1.0 * -38.600000
%                        = -38.600000
%     Score = -573.222665 (regressionFit = 611.822653, totalPenalty = -38.599988)
%       for clause: action(A, _) :- visibleenemysubmarine(A, _).  [covers 2,793.0/4,298.0 pos, 0.0/0.0 neg]
%           Grounding 0: weight=1.0 threshold=0.7 -> HIGH
%           Grounding 0: weight=1.0 threshold=0.7 -> HIGH
%       === Grounding Penalty Calculation ===
%         Examples checked: 4298
%         Examples with cached bindings: 515
%         Total groundings evaluated: 515
%         High attention groundings (>= 0.7): 515
%         Low attention groundings (< 0.7): 0
%       
%         Raw penalty = -alpha * k_high + beta * k_low
%                     = -0.1 * 515 + 0.0 * 0
%                     = -51.5 + 0.0
%                     = -51.500000
%       
%         Scaled penalty = scalingPenalties * rawPenalty
%                        = 1.0 * -51.500000
%                        = -51.500000
%     Score = -562.430681 (regressionFit = 613.930669, totalPenalty = -51.499988)
%       for clause: action(A, _) :- visiblemissile(A, _).  [covers 873.0/4,298.0 pos, 0.0/0.0 neg]

% Consider expanding [#2 of outerLoop #3, bodyLen=1] 'action(A, _) :- oxygenok(A).  [covers 3,969.0/4,298.0 pos, 0.0/0.0 neg]' score=-211.37207715808637
%  At # nodes expanded = 2, |OPEN| = 8.  Pruned 0 variant children.  Sending 8 items to OPEN for evaluation and possible insertion.
% Have created 8 valid-on-seeds descendants and have picked up 3 bad extensions.
%           Grounding 0: weight=1.0 threshold=0.7 -> HIGH
%           Grounding 0: weight=1.0 threshold=0.7 -> HIGH
%       === Grounding Penalty Calculation ===
%         Examples checked: 4298
%         Examples with cached bindings: 2872
%         Total groundings evaluated: 2872
%         High attention groundings (>= 0.7): 2872
%         Low attention groundings (< 0.7): 0
%       
%         Raw penalty = -alpha * k_high + beta * k_low
%                     = -0.1 * 2872 + 0.0 * 0
%                     = -287.2 + 0.0
%                     = -287.200000
%       
%         Scaled penalty = scalingPenalties * rawPenalty
%                        = 1.0 * -287.200000
%                        = -287.200000
%     Score = -323.347568 (regressionFit = 610.547547, totalPenalty = -287.199979)
%       for clause: action(A, _) :- oxygenok(A), diversempty(A).  [covers 2,872.0/4,298.0 pos, 0.0/0.0 neg]
%           Grounding 0: weight=1.0 threshold=0.7 -> HIGH
%           Grounding 0: weight=1.0 threshold=0.7 -> HIGH
%       === Grounding Penalty Calculation ===
%         Examples checked: 4298
%         Examples with cached bindings: 1097
%         Total groundings evaluated: 1097
%         High attention groundings (>= 0.7): 1097
%         Low attention groundings (< 0.7): 0
%       
%         Raw penalty = -alpha * k_high + beta * k_low
%                     = -0.1 * 1097 + 0.0 * 0
%                     = -109.7 + 0.0
%                     = -109.700000
%       
%         Scaled penalty = scalingPenalties * rawPenalty
%                        = 1.0 * -109.700000
%                        = -109.700000
%     Score = -505.508415 (regressionFit = 615.208393, totalPenalty = -109.699979)
%       for clause: action(A, _) :- oxygenok(A), diversfull(A).  [covers 1,097.0/4,298.0 pos, 0.0/0.0 neg]
%           Grounding 0: weight=1.0 threshold=0.7 -> HIGH
%           Grounding 0: weight=1.0 threshold=0.7 -> HIGH
%       === Grounding Penalty Calculation ===
%         Examples checked: 4298
%         Examples with cached bindings: 2072
%         Total groundings evaluated: 2072
%         High attention groundings (>= 0.7): 2072
%         Low attention groundings (< 0.7): 0
%       
%         Raw penalty = -alpha * k_high + beta * k_low
%                     = -0.1 * 2072 + 0.0 * 0
%                     = -207.20000000000002 + 0.0
%                     = -207.200000
%       
%         Scaled penalty = scalingPenalties * rawPenalty
%                        = 1.0 * -207.200000
%                        = -207.200000
%     Score = -401.796843 (regressionFit = 608.996822, totalPenalty = -207.199979)
%       for clause: action(A, _) :- oxygenok(A), facingleft(A).  [covers 2,072.0/4,298.0 pos, 0.0/0.0 neg]
%           Grounding 0: weight=1.0 threshold=0.7 -> HIGH
%           Grounding 0: weight=1.0 threshold=0.7 -> HIGH
%       === Grounding Penalty Calculation ===
%         Examples checked: 4298
%         Examples with cached bindings: 1897
%         Total groundings evaluated: 1897
%         High attention groundings (>= 0.7): 1897
%         Low attention groundings (< 0.7): 0
%       
%         Raw penalty = -alpha * k_high + beta * k_low
%                     = -0.1 * 1897 + 0.0 * 0
%                     = -189.70000000000002 + 0.0
%                     = -189.700000
%       
%         Scaled penalty = scalingPenalties * rawPenalty
%                        = 1.0 * -189.700000
%                        = -189.700000
%     Score = -424.814693 (regressionFit = 614.514672, totalPenalty = -189.699979)
%       for clause: action(A, _) :- oxygenok(A), facingright(A).  [covers 1,897.0/4,298.0 pos, 0.0/0.0 neg]
%           Grounding 0: weight=0.609 threshold=0.7 -> LOW
%           Grounding 0: weight=0.974 threshold=0.7 -> HIGH
%       === Grounding Penalty Calculation ===
%         Examples checked: 4298
%         Examples with cached bindings: 953
%         Total groundings evaluated: 953
%         High attention groundings (>= 0.7): 477
%         Low attention groundings (< 0.7): 476
%       
%         Raw penalty = -alpha * k_high + beta * k_low
%                     = -0.1 * 477 + 0.0 * 476
%                     = -47.7 + 0.0
%                     = -47.700000
%       
%         Scaled penalty = scalingPenalties * rawPenalty
%                        = 1.0 * -47.700000
%                        = -47.700000
%     Score = -546.232067 (regressionFit = 593.932045, totalPenalty = -47.699978)
%       for clause: action(A, _) :- oxygenok(A), visiblediver(A, _).  [covers 1,901.0/4,298.0 pos, 0.0/0.0 neg]
%           Grounding 0: weight=0.591 threshold=0.7 -> LOW
%           Grounding 0: weight=0.536 threshold=0.7 -> LOW
%       === Grounding Penalty Calculation ===
%         Examples checked: 4298
%         Examples with cached bindings: 276
%         Total groundings evaluated: 276
%         High attention groundings (>= 0.7): 114
%         Low attention groundings (< 0.7): 162
%       
%         Raw penalty = -alpha * k_high + beta * k_low
%                     = -0.1 * 114 + 0.0 * 162
%                     = -11.4 + 0.0
%                     = -11.400000
%       
%         Scaled penalty = scalingPenalties * rawPenalty
%                        = 1.0 * -11.400000
%                        = -11.400000
%     Score = -548.922427 (regressionFit = 560.322405, totalPenalty = -11.399978)
%       for clause: action(A, _) :- oxygenok(A), visibleenemy(A, _).  [covers 2,076.0/4,298.0 pos, 0.0/0.0 neg]
%           Grounding 0: weight=0.563 threshold=0.7 -> LOW
%           Grounding 0: weight=0.68 threshold=0.7 -> LOW
%       === Grounding Penalty Calculation ===
%         Examples checked: 4298
%         Examples with cached bindings: 1526
%         Total groundings evaluated: 1526
%         High attention groundings (>= 0.7): 361
%         Low attention groundings (< 0.7): 1165
%       
%         Raw penalty = -alpha * k_high + beta * k_low
%                     = -0.1 * 361 + 0.0 * 1165
%                     = -36.1 + 0.0
%                     = -36.100000
%       
%         Scaled penalty = scalingPenalties * rawPenalty
%                        = 1.0 * -36.100000
%                        = -36.100000
%     Score = -572.302209 (regressionFit = 608.402187, totalPenalty = -36.099978)
%       for clause: action(A, _) :- oxygenok(A), visibleenemysubmarine(A, _).  [covers 2,623.0/4,298.0 pos, 0.0/0.0 neg]
%           Grounding 0: weight=1.0 threshold=0.7 -> HIGH
%           Grounding 0: weight=1.0 threshold=0.7 -> HIGH
%       === Grounding Penalty Calculation ===
%         Examples checked: 4298
%         Examples with cached bindings: 469
%         Total groundings evaluated: 469
%         High attention groundings (>= 0.7): 469
%         Low attention groundings (< 0.7): 0
%       
%         Raw penalty = -alpha * k_high + beta * k_low
%                     = -0.1 * 469 + 0.0 * 0
%                     = -46.900000000000006 + 0.0
%                     = -46.900000
%       
%         Scaled penalty = scalingPenalties * rawPenalty
%                        = 1.0 * -46.900000
%                        = -46.900000
%     Score = -564.891001 (regressionFit = 611.790979, totalPenalty = -46.899978)
%       for clause: action(A, _) :- oxygenok(A), visiblemissile(A, _).  [covers 779.0/4,298.0 pos, 0.0/0.0 neg]

% Consider expanding [#3 of outerLoop #3, bodyLen=1] 'action(A, _) :- diversempty(A).  [covers 2,872.0/4,298.0 pos, 0.0/0.0 neg]' score=-323.3475578563485
%  At # nodes expanded = 3, |OPEN| = 7.  Pruned 0 variant children.  Sending 7 items to OPEN for evaluation and possible insertion.
% Have created 7 valid-on-seeds descendants and have picked up 4 bad extensions.
%           Grounding 0: weight=1.0 threshold=0.7 -> HIGH
%           Grounding 0: weight=1.0 threshold=0.7 -> HIGH
%       === Grounding Penalty Calculation ===
%         Examples checked: 4298
%         Examples with cached bindings: 1514
%         Total groundings evaluated: 1514
%         High attention groundings (>= 0.7): 1514
%         Low attention groundings (< 0.7): 0
%       
%         Raw penalty = -alpha * k_high + beta * k_low
%                     = -0.1 * 1514 + 0.0 * 0
%                     = -151.4 + 0.0
%                     = -151.400000
%       
%         Scaled penalty = scalingPenalties * rawPenalty
%                        = 1.0 * -151.400000
%                        = -151.400000
%     Score = -455.151109 (regressionFit = 606.551088, totalPenalty = -151.399979)
%       for clause: action(A, _) :- diversempty(A), facingleft(A).  [covers 1,514.0/4,298.0 pos, 0.0/0.0 neg]
%           Grounding 0: weight=1.0 threshold=0.7 -> HIGH
%           Grounding 0: weight=1.0 threshold=0.7 -> HIGH
%       === Grounding Penalty Calculation ===
%         Examples checked: 4298
%         Examples with cached bindings: 1358
%         Total groundings evaluated: 1358
%         High attention groundings (>= 0.7): 1358
%         Low attention groundings (< 0.7): 0
%       
%         Raw penalty = -alpha * k_high + beta * k_low
%                     = -0.1 * 1358 + 0.0 * 0
%                     = -135.8 + 0.0
%                     = -135.800000
%       
%         Scaled penalty = scalingPenalties * rawPenalty
%                        = 1.0 * -135.800000
%                        = -135.800000
%     Score = -479.423943 (regressionFit = 615.223922, totalPenalty = -135.799979)
%       for clause: action(A, _) :- diversempty(A), facingright(A).  [covers 1,358.0/4,298.0 pos, 0.0/0.0 neg]
%           Grounding 0: weight=1.0 threshold=0.7 -> HIGH
%           Grounding 0: weight=1.0 threshold=0.7 -> HIGH
%       === Grounding Penalty Calculation ===
%         Examples checked: 4298
%         Examples with cached bindings: 2872
%         Total groundings evaluated: 2872
%         High attention groundings (>= 0.7): 2872
%         Low attention groundings (< 0.7): 0
%       
%         Raw penalty = -alpha * k_high + beta * k_low
%                     = -0.1 * 2872 + 0.0 * 0
%                     = -287.2 + 0.0
%                     = -287.200000
%       
%         Scaled penalty = scalingPenalties * rawPenalty
%                        = 1.0 * -287.200000
%                        = -287.200000
%     Score = -323.347568 (regressionFit = 610.547547, totalPenalty = -287.199979)
%       for clause: action(A, _) :- diversempty(A), oxygenok(A).  [covers 2,872.0/4,298.0 pos, 0.0/0.0 neg]
%           Grounding 0: weight=0.609 threshold=0.7 -> LOW
%           Grounding 0: weight=0.974 threshold=0.7 -> HIGH
%       === Grounding Penalty Calculation ===
%         Examples checked: 4298
%         Examples with cached bindings: 538
%         Total groundings evaluated: 538
%         High attention groundings (>= 0.7): 349
%         Low attention groundings (< 0.7): 189
%       
%         Raw penalty = -alpha * k_high + beta * k_low
%                     = -0.1 * 349 + 0.0 * 189
%                     = -34.9 + 0.0
%                     = -34.900000
%       
%         Scaled penalty = scalingPenalties * rawPenalty
%                        = 1.0 * -34.900000
%                        = -34.900000
%     Score = -556.082012 (regressionFit = 590.981990, totalPenalty = -34.899978)
%       for clause: action(A, _) :- diversempty(A), visiblediver(A, _).  [covers 1,089.0/4,298.0 pos, 0.0/0.0 neg]
%           Grounding 0: weight=0.536 threshold=0.7 -> LOW
%           Grounding 0: weight=0.889 threshold=0.7 -> HIGH
%       === Grounding Penalty Calculation ===
%         Examples checked: 4298
%         Examples with cached bindings: 120
%         Total groundings evaluated: 120
%         High attention groundings (>= 0.7): 65
%         Low attention groundings (< 0.7): 55
%       
%         Raw penalty = -alpha * k_high + beta * k_low
%                     = -0.1 * 65 + 0.0 * 55
%                     = -6.5 + 0.0
%                     = -6.500000
%       
%         Scaled penalty = scalingPenalties * rawPenalty
%                        = 1.0 * -6.500000
%                        = -6.500000
%     Score = -529.385974 (regressionFit = 535.885952, totalPenalty = -6.499978)
%       for clause: action(A, _) :- diversempty(A), visibleenemy(A, _).  [covers 1,118.0/4,298.0 pos, 0.0/0.0 neg]
%           Grounding 0: weight=0.68 threshold=0.7 -> LOW
%           Grounding 0: weight=0.673 threshold=0.7 -> LOW
%       === Grounding Penalty Calculation ===
%         Examples checked: 4298
%         Examples with cached bindings: 1217
%         Total groundings evaluated: 1217
%         High attention groundings (>= 0.7): 216
%         Low attention groundings (< 0.7): 1001
%       
%         Raw penalty = -alpha * k_high + beta * k_low
%                     = -0.1 * 216 + 0.0 * 1001
%                     = -21.6 + 0.0
%                     = -21.600000
%       
%         Scaled penalty = scalingPenalties * rawPenalty
%                        = 1.0 * -21.600000
%                        = -21.600000
%     Score = -587.254390 (regressionFit = 608.854367, totalPenalty = -21.599978)
%       for clause: action(A, _) :- diversempty(A), visibleenemysubmarine(A, _).  [covers 1,708.0/4,298.0 pos, 0.0/0.0 neg]
%           Grounding 0: weight=1.0 threshold=0.7 -> HIGH
%           Grounding 0: weight=1.0 threshold=0.7 -> HIGH
%       === Grounding Penalty Calculation ===
%         Examples checked: 4298
%         Examples with cached bindings: 190
%         Total groundings evaluated: 190
%         High attention groundings (>= 0.7): 190
%         Low attention groundings (< 0.7): 0
%       
%         Raw penalty = -alpha * k_high + beta * k_low
%                     = -0.1 * 190 + 0.0 * 0
%                     = -19.0 + 0.0
%                     = -19.000000
%       
%         Scaled penalty = scalingPenalties * rawPenalty
%                        = 1.0 * -19.000000
%                        = -19.000000
%     Score = -588.922752 (regressionFit = 607.922730, totalPenalty = -18.999978)
%       for clause: action(A, _) :- diversempty(A), visiblemissile(A, _).  [covers 345.0/4,298.0 pos, 0.0/0.0 neg]

% Consider expanding [#4 of outerLoop #3, bodyLen=1] 'action(A, _) :- facingleft(A).  [covers 2,072.0/4,298.0 pos, 0.0/0.0 neg]' score=-401.7968331566816
%  At # nodes expanded = 4, |OPEN| = 6.  Pruned 0 variant children.  Sending 7 items to OPEN for evaluation and possible insertion.
% Have created 7 valid-on-seeds descendants and have picked up 4 bad extensions.
%           Grounding 0: weight=1.0 threshold=0.7 -> HIGH
%           Grounding 0: weight=1.0 threshold=0.7 -> HIGH
%       === Grounding Penalty Calculation ===
%         Examples checked: 4298
%         Examples with cached bindings: 1514
%         Total groundings evaluated: 1514
%         High attention groundings (>= 0.7): 1514
%         Low attention groundings (< 0.7): 0
%       
%         Raw penalty = -alpha * k_high + beta * k_low
%                     = -0.1 * 1514 + 0.0 * 0
%                     = -151.4 + 0.0
%                     = -151.400000
%       
%         Scaled penalty = scalingPenalties * rawPenalty
%                        = 1.0 * -151.400000
%                        = -151.400000
%     Score = -455.151109 (regressionFit = 606.551088, totalPenalty = -151.399979)
%       for clause: action(A, _) :- facingleft(A), diversempty(A).  [covers 1,514.0/4,298.0 pos, 0.0/0.0 neg]
%           Grounding 0: weight=1.0 threshold=0.7 -> HIGH
%           Grounding 0: weight=1.0 threshold=0.7 -> HIGH
%       === Grounding Penalty Calculation ===
%         Examples checked: 4298
%         Examples with cached bindings: 558
%         Total groundings evaluated: 558
%         High attention groundings (>= 0.7): 558
%         Low attention groundings (< 0.7): 0
%       
%         Raw penalty = -alpha * k_high + beta * k_low
%                     = -0.1 * 558 + 0.0 * 0
%                     = -55.800000000000004 + 0.0
%                     = -55.800000
%       
%         Scaled penalty = scalingPenalties * rawPenalty
%                        = 1.0 * -55.800000
%                        = -55.800000
%     Score = -559.869730 (regressionFit = 615.669708, totalPenalty = -55.799979)
%       for clause: action(A, _) :- facingleft(A), diversfull(A).  [covers 558.0/4,298.0 pos, 0.0/0.0 neg]
%           Grounding 0: weight=1.0 threshold=0.7 -> HIGH
%           Grounding 0: weight=1.0 threshold=0.7 -> HIGH
%       === Grounding Penalty Calculation ===
%         Examples checked: 4298
%         Examples with cached bindings: 2072
%         Total groundings evaluated: 2072
%         High attention groundings (>= 0.7): 2072
%         Low attention groundings (< 0.7): 0
%       
%         Raw penalty = -alpha * k_high + beta * k_low
%                     = -0.1 * 2072 + 0.0 * 0
%                     = -207.20000000000002 + 0.0
%                     = -207.200000
%       
%         Scaled penalty = scalingPenalties * rawPenalty
%                        = 1.0 * -207.200000
%                        = -207.200000
%     Score = -401.796843 (regressionFit = 608.996822, totalPenalty = -207.199979)
%       for clause: action(A, _) :- facingleft(A), oxygenok(A).  [covers 2,072.0/4,298.0 pos, 0.0/0.0 neg]
%           Grounding 0: weight=0.777 threshold=0.7 -> HIGH
%           Grounding 0: weight=0.949 threshold=0.7 -> HIGH
%       === Grounding Penalty Calculation ===
%         Examples checked: 4298
%         Examples with cached bindings: 533
%         Total groundings evaluated: 533
%         High attention groundings (>= 0.7): 301
%         Low attention groundings (< 0.7): 232
%       
%         Raw penalty = -alpha * k_high + beta * k_low
%                     = -0.1 * 301 + 0.0 * 232
%                     = -30.1 + 0.0
%                     = -30.100000
%       
%         Scaled penalty = scalingPenalties * rawPenalty
%                        = 1.0 * -30.100000
%                        = -30.100000
%     Score = -566.616588 (regressionFit = 596.716566, totalPenalty = -30.099978)
%       for clause: action(A, _) :- facingleft(A), visiblediver(A, _).  [covers 1,077.0/4,298.0 pos, 0.0/0.0 neg]
%           Grounding 0: weight=0.591 threshold=0.7 -> LOW
%           Grounding 0: weight=0.546 threshold=0.7 -> LOW
%       === Grounding Penalty Calculation ===
%         Examples checked: 4298
%         Examples with cached bindings: 145
%         Total groundings evaluated: 145
%         High attention groundings (>= 0.7): 63
%         Low attention groundings (< 0.7): 82
%       
%         Raw penalty = -alpha * k_high + beta * k_low
%                     = -0.1 * 63 + 0.0 * 82
%                     = -6.300000000000001 + 0.0
%                     = -6.300000
%       
%         Scaled penalty = scalingPenalties * rawPenalty
%                        = 1.0 * -6.300000
%                        = -6.300000
%     Score = -576.068630 (regressionFit = 582.368608, totalPenalty = -6.299978)
%       for clause: action(A, _) :- facingleft(A), visibleenemy(A, _).  [covers 1,199.0/4,298.0 pos, 0.0/0.0 neg]
%           Grounding 0: weight=0.563 threshold=0.7 -> LOW
%           Grounding 0: weight=0.673 threshold=0.7 -> LOW
%       === Grounding Penalty Calculation ===
%         Examples checked: 4298
%         Examples with cached bindings: 738
%         Total groundings evaluated: 738
%         High attention groundings (>= 0.7): 188
%         Low attention groundings (< 0.7): 550
%       
%         Raw penalty = -alpha * k_high + beta * k_low
%                     = -0.1 * 188 + 0.0 * 550
%                     = -18.8 + 0.0
%                     = -18.800000
%       
%         Scaled penalty = scalingPenalties * rawPenalty
%                        = 1.0 * -18.800000
%                        = -18.800000
%     Score = -588.604152 (regressionFit = 607.404130, totalPenalty = -18.799978)
%       for clause: action(A, _) :- facingleft(A), visibleenemysubmarine(A, _).  [covers 1,290.0/4,298.0 pos, 0.0/0.0 neg]
%           Grounding 0: weight=1.0 threshold=0.7 -> HIGH
%           Grounding 0: weight=1.0 threshold=0.7 -> HIGH
%       === Grounding Penalty Calculation ===
%         Examples checked: 4298
%         Examples with cached bindings: 234
%         Total groundings evaluated: 234
%         High attention groundings (>= 0.7): 234
%         Low attention groundings (< 0.7): 0
%       
%         Raw penalty = -alpha * k_high + beta * k_low
%                     = -0.1 * 234 + 0.0 * 0
%                     = -23.400000000000002 + 0.0
%                     = -23.400000
%       
%         Scaled penalty = scalingPenalties * rawPenalty
%                        = 1.0 * -23.400000
%                        = -23.400000
%     Score = -586.676999 (regressionFit = 610.076977, totalPenalty = -23.399978)
%       for clause: action(A, _) :- facingleft(A), visiblemissile(A, _).  [covers 386.0/4,298.0 pos, 0.0/0.0 neg]

% Consider expanding [#5 of outerLoop #3, bodyLen=1] 'action(A, _) :- facingright(A).  [covers 1,897.0/4,298.0 pos, 0.0/0.0 neg]' score=-424.8146829772386
%  At # nodes expanded = 5, |OPEN| = 5.  Pruned 0 variant children.  Sending 7 items to OPEN for evaluation and possible insertion.
% Have created 7 valid-on-seeds descendants and have picked up 4 bad extensions.
%           Grounding 0: weight=1.0 threshold=0.7 -> HIGH
%           Grounding 0: weight=1.0 threshold=0.7 -> HIGH
%       === Grounding Penalty Calculation ===
%         Examples checked: 4298
%         Examples with cached bindings: 1358
%         Total groundings evaluated: 1358
%         High attention groundings (>= 0.7): 1358
%         Low attention groundings (< 0.7): 0
%       
%         Raw penalty = -alpha * k_high + beta * k_low
%                     = -0.1 * 1358 + 0.0 * 0
%                     = -135.8 + 0.0
%                     = -135.800000
%       
%         Scaled penalty = scalingPenalties * rawPenalty
%                        = 1.0 * -135.800000
%                        = -135.800000
%     Score = -479.423943 (regressionFit = 615.223922, totalPenalty = -135.799979)
%       for clause: action(A, _) :- facingright(A), diversempty(A).  [covers 1,358.0/4,298.0 pos, 0.0/0.0 neg]
%           Grounding 0: weight=1.0 threshold=0.7 -> HIGH
%           Grounding 0: weight=1.0 threshold=0.7 -> HIGH
%       === Grounding Penalty Calculation ===
%         Examples checked: 4298
%         Examples with cached bindings: 539
%         Total groundings evaluated: 539
%         High attention groundings (>= 0.7): 539
%         Low attention groundings (< 0.7): 0
%       
%         Raw penalty = -alpha * k_high + beta * k_low
%                     = -0.1 * 539 + 0.0 * 0
%                     = -53.900000000000006 + 0.0
%                     = -53.900000
%       
%         Scaled penalty = scalingPenalties * rawPenalty
%                        = 1.0 * -53.900000
%                        = -53.900000
%     Score = -561.581860 (regressionFit = 615.481839, totalPenalty = -53.899979)
%       for clause: action(A, _) :- facingright(A), diversfull(A).  [covers 539.0/4,298.0 pos, 0.0/0.0 neg]
%           Grounding 0: weight=1.0 threshold=0.7 -> HIGH
%           Grounding 0: weight=1.0 threshold=0.7 -> HIGH
%       === Grounding Penalty Calculation ===
%         Examples checked: 4298
%         Examples with cached bindings: 1897
%         Total groundings evaluated: 1897
%         High attention groundings (>= 0.7): 1897
%         Low attention groundings (< 0.7): 0
%       
%         Raw penalty = -alpha * k_high + beta * k_low
%                     = -0.1 * 1897 + 0.0 * 0
%                     = -189.70000000000002 + 0.0
%                     = -189.700000
%       
%         Scaled penalty = scalingPenalties * rawPenalty
%                        = 1.0 * -189.700000
%                        = -189.700000
%     Score = -424.814693 (regressionFit = 614.514672, totalPenalty = -189.699979)
%       for clause: action(A, _) :- facingright(A), oxygenok(A).  [covers 1,897.0/4,298.0 pos, 0.0/0.0 neg]
%           Grounding 0: weight=0.609 threshold=0.7 -> LOW
%           Grounding 0: weight=0.974 threshold=0.7 -> HIGH
%       === Grounding Penalty Calculation ===
%         Examples checked: 4298
%         Examples with cached bindings: 420
%         Total groundings evaluated: 420
%         High attention groundings (>= 0.7): 176
%         Low attention groundings (< 0.7): 244
%       
%         Raw penalty = -alpha * k_high + beta * k_low
%                     = -0.1 * 176 + 0.0 * 244
%                     = -17.6 + 0.0
%                     = -17.600000
%       
%         Scaled penalty = scalingPenalties * rawPenalty
%                        = 1.0 * -17.600000
%                        = -17.600000
%     Score = -597.072842 (regressionFit = 614.672820, totalPenalty = -17.599978)
%       for clause: action(A, _) :- facingright(A), visiblediver(A, _).  [covers 824.0/4,298.0 pos, 0.0/0.0 neg]
%           Grounding 0: weight=0.536 threshold=0.7 -> LOW
%           Grounding 0: weight=0.889 threshold=0.7 -> HIGH
%       === Grounding Penalty Calculation ===
%         Examples checked: 4298
%         Examples with cached bindings: 131
%         Total groundings evaluated: 131
%         High attention groundings (>= 0.7): 51
%         Low attention groundings (< 0.7): 80
%       
%         Raw penalty = -alpha * k_high + beta * k_low
%                     = -0.1 * 51 + 0.0 * 80
%                     = -5.1000000000000005 + 0.0
%                     = -5.100000
%       
%         Scaled penalty = scalingPenalties * rawPenalty
%                        = 1.0 * -5.100000
%                        = -5.100000
%     Score = -602.923066 (regressionFit = 608.023044, totalPenalty = -5.099978)
%       for clause: action(A, _) :- facingright(A), visibleenemy(A, _).  [covers 877.0/4,298.0 pos, 0.0/0.0 neg]
%           Grounding 0: weight=0.68 threshold=0.7 -> LOW
%           Grounding 0: weight=0.572 threshold=0.7 -> LOW
%       === Grounding Penalty Calculation ===
%         Examples checked: 4298
%         Examples with cached bindings: 788
%         Total groundings evaluated: 788
%         High attention groundings (>= 0.7): 173
%         Low attention groundings (< 0.7): 615
%       
%         Raw penalty = -alpha * k_high + beta * k_low
%                     = -0.1 * 173 + 0.0 * 615
%                     = -17.3 + 0.0
%                     = -17.300000
%       
%         Scaled penalty = scalingPenalties * rawPenalty
%                        = 1.0 * -17.300000
%                        = -17.300000
%     Score = -598.564374 (regressionFit = 615.864352, totalPenalty = -17.299978)
%       for clause: action(A, _) :- facingright(A), visibleenemysubmarine(A, _).  [covers 1,333.0/4,298.0 pos, 0.0/0.0 neg]
%           Grounding 0: weight=1.0 threshold=0.7 -> HIGH
%           Grounding 0: weight=1.0 threshold=0.7 -> HIGH
%       === Grounding Penalty Calculation ===
%         Examples checked: 4298
%         Examples with cached bindings: 235
%         Total groundings evaluated: 235
%         High attention groundings (>= 0.7): 235
%         Low attention groundings (< 0.7): 0
%       
%         Raw penalty = -alpha * k_high + beta * k_low
%                     = -0.1 * 235 + 0.0 * 0
%                     = -23.5 + 0.0
%                     = -23.500000
%       
%         Scaled penalty = scalingPenalties * rawPenalty
%                        = 1.0 * -23.500000
%                        = -23.500000
%     Score = -592.267589 (regressionFit = 615.767566, totalPenalty = -23.499978)
%       for clause: action(A, _) :- facingright(A), visiblemissile(A, _).  [covers 393.0/4,298.0 pos, 0.0/0.0 neg]

% Consider expanding [#6 of outerLoop #3, bodyLen=1] 'action(A, _) :- diversfull(A).  [covers 1,097.0/4,298.0 pos, 0.0/0.0 neg]' score=-505.50840465719784
%  At # nodes expanded = 6, |OPEN| = 4.  Pruned 0 variant children.  Sending 7 items to OPEN for evaluation and possible insertion.
% Have created 7 valid-on-seeds descendants and have picked up 4 bad extensions.
%           Grounding 0: weight=1.0 threshold=0.7 -> HIGH
%           Grounding 0: weight=1.0 threshold=0.7 -> HIGH
%       === Grounding Penalty Calculation ===
%         Examples checked: 4298
%         Examples with cached bindings: 558
%         Total groundings evaluated: 558
%         High attention groundings (>= 0.7): 558
%         Low attention groundings (< 0.7): 0
%       
%         Raw penalty = -alpha * k_high + beta * k_low
%                     = -0.1 * 558 + 0.0 * 0
%                     = -55.800000000000004 + 0.0
%                     = -55.800000
%       
%         Scaled penalty = scalingPenalties * rawPenalty
%                        = 1.0 * -55.800000
%                        = -55.800000
%     Score = -559.869730 (regressionFit = 615.669708, totalPenalty = -55.799979)
%       for clause: action(A, _) :- diversfull(A), facingleft(A).  [covers 558.0/4,298.0 pos, 0.0/0.0 neg]
%           Grounding 0: weight=1.0 threshold=0.7 -> HIGH
%           Grounding 0: weight=1.0 threshold=0.7 -> HIGH
%       === Grounding Penalty Calculation ===
%         Examples checked: 4298
%         Examples with cached bindings: 539
%         Total groundings evaluated: 539
%         High attention groundings (>= 0.7): 539
%         Low attention groundings (< 0.7): 0
%       
%         Raw penalty = -alpha * k_high + beta * k_low
%                     = -0.1 * 539 + 0.0 * 0
%                     = -53.900000000000006 + 0.0
%                     = -53.900000
%       
%         Scaled penalty = scalingPenalties * rawPenalty
%                        = 1.0 * -53.900000
%                        = -53.900000
%     Score = -561.581860 (regressionFit = 615.481839, totalPenalty = -53.899979)
%       for clause: action(A, _) :- diversfull(A), facingright(A).  [covers 539.0/4,298.0 pos, 0.0/0.0 neg]
%           Grounding 0: weight=1.0 threshold=0.7 -> HIGH
%           Grounding 0: weight=1.0 threshold=0.7 -> HIGH
%       === Grounding Penalty Calculation ===
%         Examples checked: 4298
%         Examples with cached bindings: 1097
%         Total groundings evaluated: 1097
%         High attention groundings (>= 0.7): 1097
%         Low attention groundings (< 0.7): 0
%       
%         Raw penalty = -alpha * k_high + beta * k_low
%                     = -0.1 * 1097 + 0.0 * 0
%                     = -109.7 + 0.0
%                     = -109.700000
%       
%         Scaled penalty = scalingPenalties * rawPenalty
%                        = 1.0 * -109.700000
%                        = -109.700000
%     Score = -505.508415 (regressionFit = 615.208393, totalPenalty = -109.699979)
%       for clause: action(A, _) :- diversfull(A), oxygenok(A).  [covers 1,097.0/4,298.0 pos, 0.0/0.0 neg]
%           Grounding 0: weight=0.706 threshold=0.7 -> HIGH
%           Grounding 0: weight=0.828 threshold=0.7 -> HIGH
%       === Grounding Penalty Calculation ===
%         Examples checked: 4298
%         Examples with cached bindings: 415
%         Total groundings evaluated: 415
%         High attention groundings (>= 0.7): 128
%         Low attention groundings (< 0.7): 287
%       
%         Raw penalty = -alpha * k_high + beta * k_low
%                     = -0.1 * 128 + 0.0 * 287
%                     = -12.8 + 0.0
%                     = -12.800000
%       
%         Scaled penalty = scalingPenalties * rawPenalty
%                        = 1.0 * -12.800000
%                        = -12.800000
%     Score = -602.904827 (regressionFit = 615.704804, totalPenalty = -12.799978)
%       for clause: action(A, _) :- diversfull(A), visiblediver(A, _).  [covers 812.0/4,298.0 pos, 0.0/0.0 neg]
%           Grounding 0: weight=0.591 threshold=0.7 -> LOW
%           Grounding 0: weight=0.546 threshold=0.7 -> LOW
%       === Grounding Penalty Calculation ===
%         Examples checked: 4298
%         Examples with cached bindings: 156
%         Total groundings evaluated: 156
%         High attention groundings (>= 0.7): 49
%         Low attention groundings (< 0.7): 107
%       
%         Raw penalty = -alpha * k_high + beta * k_low
%                     = -0.1 * 49 + 0.0 * 107
%                     = -4.9 + 0.0
%                     = -4.900000
%       
%         Scaled penalty = scalingPenalties * rawPenalty
%                        = 1.0 * -4.900000
%                        = -4.900000
%     Score = -610.735399 (regressionFit = 615.635377, totalPenalty = -4.899978)
%       for clause: action(A, _) :- diversfull(A), visibleenemy(A, _).  [covers 958.0/4,298.0 pos, 0.0/0.0 neg]
%           Grounding 0: weight=0.563 threshold=0.7 -> LOW
%           Grounding 0: weight=0.803 threshold=0.7 -> HIGH
%       === Grounding Penalty Calculation ===
%         Examples checked: 4298
%         Examples with cached bindings: 309
%         Total groundings evaluated: 309
%         High attention groundings (>= 0.7): 145
%         Low attention groundings (< 0.7): 164
%       
%         Raw penalty = -alpha * k_high + beta * k_low
%                     = -0.1 * 145 + 0.0 * 164
%                     = -14.5 + 0.0
%                     = -14.500000
%       
%         Scaled penalty = scalingPenalties * rawPenalty
%                        = 1.0 * -14.500000
%                        = -14.500000
%     Score = -601.356399 (regressionFit = 615.856377, totalPenalty = -14.499978)
%       for clause: action(A, _) :- diversfull(A), visibleenemysubmarine(A, _).  [covers 915.0/4,298.0 pos, 0.0/0.0 neg]
%           Grounding 0: weight=1.0 threshold=0.7 -> HIGH
%           Grounding 0: weight=1.0 threshold=0.7 -> HIGH
%       === Grounding Penalty Calculation ===
%         Examples checked: 4298
%         Examples with cached bindings: 279
%         Total groundings evaluated: 279
%         High attention groundings (>= 0.7): 279
%         Low attention groundings (< 0.7): 0
%       
%         Raw penalty = -alpha * k_high + beta * k_low
%                     = -0.1 * 279 + 0.0 * 0
%                     = -27.900000000000002 + 0.0
%                     = -27.900000
%       
%         Scaled penalty = scalingPenalties * rawPenalty
%                        = 1.0 * -27.900000
%                        = -27.900000
%     Score = -587.962850 (regressionFit = 615.862828, totalPenalty = -27.899978)
%       for clause: action(A, _) :- diversfull(A), visiblemissile(A, _).  [covers 434.0/4,298.0 pos, 0.0/0.0 neg]

% Consider expanding [#7 of outerLoop #3, bodyLen=1] 'action(A, _) :- visiblediver(A, _).  [covers 2,115.0/4,298.0 pos, 0.0/0.0 neg]' score=-542.159898872433
%  At # nodes expanded = 7, |OPEN| = 3.  Pruned 0 variant children.  Sending 15 items to OPEN for evaluation and possible insertion.
% Have created 15 valid-on-seeds descendants and have picked up 3 bad extensions.
%           Grounding 0: weight=0.609 threshold=0.7 -> LOW
%           Grounding 0: weight=0.788 threshold=0.7 -> HIGH
%       === Grounding Penalty Calculation ===
%         Examples checked: 4298
%         Examples with cached bindings: 833
%         Total groundings evaluated: 833
%         High attention groundings (>= 0.7): 344
%         Low attention groundings (< 0.7): 489
%       
%         Raw penalty = -alpha * k_high + beta * k_low
%                     = -0.1 * 344 + 0.0 * 489
%                     = -34.4 + 0.0
%                     = -34.400000
%       
%         Scaled penalty = scalingPenalties * rawPenalty
%                        = 1.0 * -34.400000
%                        = -34.400000
%     Score = -580.217160 (regressionFit = 614.617139, totalPenalty = -34.399979)
%       for clause: action(A, _) :- visiblediver(A, B), aboveofdiver(A, B).  [covers 1,467.0/4,298.0 pos, 0.0/0.0 neg]
%           Grounding 0: weight=0.671 threshold=0.7 -> LOW
%           Grounding 0: weight=0.609 threshold=0.7 -> LOW
%       === Grounding Penalty Calculation ===
%         Examples checked: 4298
%         Examples with cached bindings: 313
%         Total groundings evaluated: 313
%         High attention groundings (>= 0.7): 108
%         Low attention groundings (< 0.7): 205
%       
%         Raw penalty = -alpha * k_high + beta * k_low
%                     = -0.1 * 108 + 0.0 * 205
%                     = -10.8 + 0.0
%                     = -10.800000
%       
%         Scaled penalty = scalingPenalties * rawPenalty
%                        = 1.0 * -10.800000
%                        = -10.800000
%     Score = -596.863250 (regressionFit = 607.663229, totalPenalty = -10.799979)
%       for clause: action(A, _) :- visiblediver(A, B), belowofdiver(A, B).  [covers 392.0/4,298.0 pos, 0.0/0.0 neg]
%           Grounding 0: weight=0.609 threshold=0.7 -> LOW
%           Grounding 0: weight=0.974 threshold=0.7 -> HIGH
%       === Grounding Penalty Calculation ===
%         Examples checked: 4298
%         Examples with cached bindings: 538
%         Total groundings evaluated: 538
%         High attention groundings (>= 0.7): 349
%         Low attention groundings (< 0.7): 189
%       
%         Raw penalty = -alpha * k_high + beta * k_low
%                     = -0.1 * 349 + 0.0 * 189
%                     = -34.9 + 0.0
%                     = -34.900000
%       
%         Scaled penalty = scalingPenalties * rawPenalty
%                        = 1.0 * -34.900000
%                        = -34.900000
%     Score = -556.082012 (regressionFit = 590.981990, totalPenalty = -34.899978)
%       for clause: action(A, _) :- visiblediver(A, _), diversempty(A).  [covers 1,089.0/4,298.0 pos, 0.0/0.0 neg]
%           Grounding 0: weight=0.706 threshold=0.7 -> HIGH
%           Grounding 0: weight=0.828 threshold=0.7 -> HIGH
%       === Grounding Penalty Calculation ===
%         Examples checked: 4298
%         Examples with cached bindings: 415
%         Total groundings evaluated: 415
%         High attention groundings (>= 0.7): 128
%         Low attention groundings (< 0.7): 287
%       
%         Raw penalty = -alpha * k_high + beta * k_low
%                     = -0.1 * 128 + 0.0 * 287
%                     = -12.8 + 0.0
%                     = -12.800000
%       
%         Scaled penalty = scalingPenalties * rawPenalty
%                        = 1.0 * -12.800000
%                        = -12.800000
%     Score = -602.904827 (regressionFit = 615.704804, totalPenalty = -12.799978)
%       for clause: action(A, _) :- visiblediver(A, _), diversfull(A).  [covers 812.0/4,298.0 pos, 0.0/0.0 neg]
%           Grounding 0: weight=0.777 threshold=0.7 -> HIGH
%           Grounding 0: weight=0.949 threshold=0.7 -> HIGH
%       === Grounding Penalty Calculation ===
%         Examples checked: 4298
%         Examples with cached bindings: 533
%         Total groundings evaluated: 533
%         High attention groundings (>= 0.7): 301
%         Low attention groundings (< 0.7): 232
%       
%         Raw penalty = -alpha * k_high + beta * k_low
%                     = -0.1 * 301 + 0.0 * 232
%                     = -30.1 + 0.0
%                     = -30.100000
%       
%         Scaled penalty = scalingPenalties * rawPenalty
%                        = 1.0 * -30.100000
%                        = -30.100000
%     Score = -566.616588 (regressionFit = 596.716566, totalPenalty = -30.099978)
%       for clause: action(A, _) :- visiblediver(A, _), facingleft(A).  [covers 1,077.0/4,298.0 pos, 0.0/0.0 neg]
%           Grounding 0: weight=0.609 threshold=0.7 -> LOW
%           Grounding 0: weight=0.974 threshold=0.7 -> HIGH
%       === Grounding Penalty Calculation ===
%         Examples checked: 4298
%         Examples with cached bindings: 420
%         Total groundings evaluated: 420
%         High attention groundings (>= 0.7): 176
%         Low attention groundings (< 0.7): 244
%       
%         Raw penalty = -alpha * k_high + beta * k_low
%                     = -0.1 * 176 + 0.0 * 244
%                     = -17.6 + 0.0
%                     = -17.600000
%       
%         Scaled penalty = scalingPenalties * rawPenalty
%                        = 1.0 * -17.600000
%                        = -17.600000
%     Score = -597.072842 (regressionFit = 614.672820, totalPenalty = -17.599978)
%       for clause: action(A, _) :- visiblediver(A, _), facingright(A).  [covers 824.0/4,298.0 pos, 0.0/0.0 neg]
%           Grounding 0: weight=0.974 threshold=0.7 -> HIGH
%           Grounding 0: weight=0.706 threshold=0.7 -> HIGH
%       === Grounding Penalty Calculation ===
%         Examples checked: 4298
%         Examples with cached bindings: 552
%         Total groundings evaluated: 552
%         High attention groundings (>= 0.7): 167
%         Low attention groundings (< 0.7): 385
%       
%         Raw penalty = -alpha * k_high + beta * k_low
%                     = -0.1 * 167 + 0.0 * 385
%                     = -16.7 + 0.0
%                     = -16.700000
%       
%         Scaled penalty = scalingPenalties * rawPenalty
%                        = 1.0 * -16.700000
%                        = -16.700000
%     Score = -598.611737 (regressionFit = 615.311716, totalPenalty = -16.699979)
%       for clause: action(A, _) :- visiblediver(A, B), leftofdiver(A, B).  [covers 814.0/4,298.0 pos, 0.0/0.0 neg]
%           Grounding 0: weight=0.643 threshold=0.7 -> LOW
%           Grounding 0: weight=0.788 threshold=0.7 -> HIGH
%       === Grounding Penalty Calculation ===
%         Examples checked: 4298
%         Examples with cached bindings: 339
%         Total groundings evaluated: 339
%         High attention groundings (>= 0.7): 216
%         Low attention groundings (< 0.7): 123
%       
%         Raw penalty = -alpha * k_high + beta * k_low
%                     = -0.1 * 216 + 0.0 * 123
%                     = -21.6 + 0.0
%                     = -21.600000
%       
%         Scaled penalty = scalingPenalties * rawPenalty
%                        = 1.0 * -21.600000
%                        = -21.600000
%     Score = -551.642704 (regressionFit = 573.242683, totalPenalty = -21.599979)
%       for clause: action(A, _) :- visiblediver(A, B), nearbydiver(A, B).  [covers 357.0/4,298.0 pos, 0.0/0.0 neg]
%           Grounding 0: weight=0.609 threshold=0.7 -> LOW
%           Grounding 0: weight=0.974 threshold=0.7 -> HIGH
%       === Grounding Penalty Calculation ===
%         Examples checked: 4298
%         Examples with cached bindings: 953
%         Total groundings evaluated: 953
%         High attention groundings (>= 0.7): 477
%         Low attention groundings (< 0.7): 476
%       
%         Raw penalty = -alpha * k_high + beta * k_low
%                     = -0.1 * 477 + 0.0 * 476
%                     = -47.7 + 0.0
%                     = -47.700000
%       
%         Scaled penalty = scalingPenalties * rawPenalty
%                        = 1.0 * -47.700000
%                        = -47.700000
%     Score = -546.232067 (regressionFit = 593.932045, totalPenalty = -47.699978)
%       for clause: action(A, _) :- visiblediver(A, _), oxygenok(A).  [covers 1,901.0/4,298.0 pos, 0.0/0.0 neg]
%           Grounding 0: weight=0.609 threshold=0.7 -> LOW
%           Grounding 0: weight=0.777 threshold=0.7 -> HIGH
%       === Grounding Penalty Calculation ===
%         Examples checked: 4298
%         Examples with cached bindings: 681
%         Total groundings evaluated: 681
%         High attention groundings (>= 0.7): 268
%         Low attention groundings (< 0.7): 413
%       
%         Raw penalty = -alpha * k_high + beta * k_low
%                     = -0.1 * 268 + 0.0 * 413
%                     = -26.8 + 0.0
%                     = -26.800000
%       
%         Scaled penalty = scalingPenalties * rawPenalty
%                        = 1.0 * -26.800000
%                        = -26.800000
%     Score = -570.158703 (regressionFit = 596.958682, totalPenalty = -26.799979)
%       for clause: action(A, _) :- visiblediver(A, B), rightofdiver(A, B).  [covers 1,076.0/4,298.0 pos, 0.0/0.0 neg]
%           Grounding 0: weight=0.643 threshold=0.7 -> LOW
%           Grounding 0: weight=0.788 threshold=0.7 -> HIGH
%       === Grounding Penalty Calculation ===
%         Examples checked: 4298
%         Examples with cached bindings: 516
%         Total groundings evaluated: 516
%         High attention groundings (>= 0.7): 299
%         Low attention groundings (< 0.7): 217
%       
%         Raw penalty = -alpha * k_high + beta * k_low
%                     = -0.1 * 299 + 0.0 * 217
%                     = -29.900000000000002 + 0.0
%                     = -29.900000
%       
%         Scaled penalty = scalingPenalties * rawPenalty
%                        = 1.0 * -29.900000
%                        = -29.900000
%     Score = -543.069330 (regressionFit = 572.969309, totalPenalty = -29.899979)
%       for clause: action(A, _) :- visiblediver(A, B), samelevelasdiver(A, B).  [covers 516.0/4,298.0 pos, 0.0/0.0 neg]
%           Grounding 0: weight=0.609 threshold=0.7 -> LOW
%           Grounding 0: weight=1.0 threshold=0.7 -> HIGH
%       === Grounding Penalty Calculation ===
%         Examples checked: 4298
%         Examples with cached bindings: 1069
%         Total groundings evaluated: 1069
%         High attention groundings (>= 0.7): 593
%         Low attention groundings (< 0.7): 476
%       
%         Raw penalty = -alpha * k_high + beta * k_low
%                     = -0.1 * 593 + 0.0 * 476
%                     = -59.300000000000004 + 0.0
%                     = -59.300000
%       
%         Scaled penalty = scalingPenalties * rawPenalty
%                        = 1.0 * -59.300000
%                        = -59.300000
%     Score = -542.159909 (regressionFit = 601.459887, totalPenalty = -59.299978)
%       for clause: action(A, _) :- visiblediver(A, _), visiblediver(A, _).  [covers 2,115.0/4,298.0 pos, 0.0/0.0 neg]
%           Grounding 0: weight=0.591 threshold=0.7 -> LOW
%           Grounding 0: weight=0.52 threshold=0.7 -> LOW
%       === Grounding Penalty Calculation ===
%         Examples checked: 4298
%         Examples with cached bindings: 108
%         Total groundings evaluated: 108
%         High attention groundings (>= 0.7): 31
%         Low attention groundings (< 0.7): 77
%       
%         Raw penalty = -alpha * k_high + beta * k_low
%                     = -0.1 * 31 + 0.0 * 77
%                     = -3.1 + 0.0
%                     = -3.100000
%       
%         Scaled penalty = scalingPenalties * rawPenalty
%                        = 1.0 * -3.100000
%                        = -3.100000
%     Score = -590.907666 (regressionFit = 594.007642, totalPenalty = -3.099977)
%       for clause: action(A, _) :- visiblediver(A, _), visibleenemy(A, _).  [covers 1,587.0/4,298.0 pos, 0.0/0.0 neg]
%           Grounding 0: weight=0.68 threshold=0.7 -> LOW
%           Grounding 0: weight=0.573 threshold=0.7 -> LOW
%       === Grounding Penalty Calculation ===
%         Examples checked: 4298
%         Examples with cached bindings: 346
%         Total groundings evaluated: 346
%         High attention groundings (>= 0.7): 62
%         Low attention groundings (< 0.7): 284
%       
%         Raw penalty = -alpha * k_high + beta * k_low
%                     = -0.1 * 62 + 0.0 * 284
%                     = -6.2 + 0.0
%                     = -6.200000
%       
%         Scaled penalty = scalingPenalties * rawPenalty
%                        = 1.0 * -6.200000
%                        = -6.200000
%     Score = -598.271431 (regressionFit = 604.471408, totalPenalty = -6.199977)
%       for clause: action(A, _) :- visiblediver(A, _), visibleenemysubmarine(A, _).  [covers 1,593.0/4,298.0 pos, 0.0/0.0 neg]
%           Grounding 0: weight=0.609 threshold=0.7 -> LOW
%           Grounding 0: weight=0.777 threshold=0.7 -> HIGH
%       === Grounding Penalty Calculation ===
%         Examples checked: 4298
%         Examples with cached bindings: 354
%         Total groundings evaluated: 354
%         High attention groundings (>= 0.7): 159
%         Low attention groundings (< 0.7): 195
%       
%         Raw penalty = -alpha * k_high + beta * k_low
%                     = -0.1 * 159 + 0.0 * 195
%                     = -15.9 + 0.0
%                     = -15.900000
%       
%         Scaled penalty = scalingPenalties * rawPenalty
%                        = 1.0 * -15.900000
%                        = -15.900000
%     Score = -598.030692 (regressionFit = 613.930669, totalPenalty = -15.899977)
%       for clause: action(A, _) :- visiblediver(A, _), visiblemissile(A, _).  [covers 873.0/4,298.0 pos, 0.0/0.0 neg]

% Consider expanding [#8 of outerLoop #3, bodyLen=1] 'action(A, _) :- visibleenemy(A, _).  [covers 2,365.0/4,298.0 pos, 0.0/0.0 neg]' score=-562.1985179473949
%  At # nodes expanded = 8, |OPEN| = 2.  Pruned 0 variant children.  Sending 14 items to OPEN for evaluation and possible insertion.
% Have created 14 valid-on-seeds descendants and have picked up 4 bad extensions.
%           Grounding 0: weight=0.719 threshold=0.7 -> HIGH
%           Grounding 0: weight=0.519 threshold=0.7 -> LOW
%       === Grounding Penalty Calculation ===
%         Examples checked: 4298
%         Examples with cached bindings: 315
%         Total groundings evaluated: 315
%         High attention groundings (>= 0.7): 84
%         Low attention groundings (< 0.7): 231
%       
%         Raw penalty = -alpha * k_high + beta * k_low
%                     = -0.1 * 84 + 0.0 * 231
%                     = -8.4 + 0.0
%                     = -8.400000
%       
%         Scaled penalty = scalingPenalties * rawPenalty
%                        = 1.0 * -8.400000
%                        = -8.400000
%     Score = -585.620050 (regressionFit = 594.020028, totalPenalty = -8.399979)
%       for clause: action(A, _) :- visibleenemy(A, B), aboveofenemy(A, B).  [covers 1,756.0/4,298.0 pos, 0.0/0.0 neg]
%           Grounding 0: weight=0.719 threshold=0.7 -> HIGH
%           Grounding 0: weight=0.685 threshold=0.7 -> LOW
%       === Grounding Penalty Calculation ===
%         Examples checked: 4298
%         Examples with cached bindings: 229
%         Total groundings evaluated: 229
%         High attention groundings (>= 0.7): 65
%         Low attention groundings (< 0.7): 164
%       
%         Raw penalty = -alpha * k_high + beta * k_low
%                     = -0.1 * 65 + 0.0 * 164
%                     = -6.5 + 0.0
%                     = -6.500000
%       
%         Scaled penalty = scalingPenalties * rawPenalty
%                        = 1.0 * -6.500000
%                        = -6.500000
%     Score = -575.468951 (regressionFit = 581.968929, totalPenalty = -6.499979)
%       for clause: action(A, _) :- visibleenemy(A, B), belowofenemy(A, B).  [covers 795.0/4,298.0 pos, 0.0/0.0 neg]
%           Grounding 0: weight=0.536 threshold=0.7 -> LOW
%           Grounding 0: weight=0.889 threshold=0.7 -> HIGH
%       === Grounding Penalty Calculation ===
%         Examples checked: 4298
%         Examples with cached bindings: 120
%         Total groundings evaluated: 120
%         High attention groundings (>= 0.7): 65
%         Low attention groundings (< 0.7): 55
%       
%         Raw penalty = -alpha * k_high + beta * k_low
%                     = -0.1 * 65 + 0.0 * 55
%                     = -6.5 + 0.0
%                     = -6.500000
%       
%         Scaled penalty = scalingPenalties * rawPenalty
%                        = 1.0 * -6.500000
%                        = -6.500000
%     Score = -529.385974 (regressionFit = 535.885952, totalPenalty = -6.499978)
%       for clause: action(A, _) :- visibleenemy(A, _), diversempty(A).  [covers 1,118.0/4,298.0 pos, 0.0/0.0 neg]
%           Grounding 0: weight=0.591 threshold=0.7 -> LOW
%           Grounding 0: weight=0.546 threshold=0.7 -> LOW
%       === Grounding Penalty Calculation ===
%         Examples checked: 4298
%         Examples with cached bindings: 156
%         Total groundings evaluated: 156
%         High attention groundings (>= 0.7): 49
%         Low attention groundings (< 0.7): 107
%       
%         Raw penalty = -alpha * k_high + beta * k_low
%                     = -0.1 * 49 + 0.0 * 107
%                     = -4.9 + 0.0
%                     = -4.900000
%       
%         Scaled penalty = scalingPenalties * rawPenalty
%                        = 1.0 * -4.900000
%                        = -4.900000
%     Score = -610.735399 (regressionFit = 615.635377, totalPenalty = -4.899978)
%       for clause: action(A, _) :- visibleenemy(A, _), diversfull(A).  [covers 958.0/4,298.0 pos, 0.0/0.0 neg]
%           Grounding 0: weight=0.591 threshold=0.7 -> LOW
%           Grounding 0: weight=0.546 threshold=0.7 -> LOW
%       === Grounding Penalty Calculation ===
%         Examples checked: 4298
%         Examples with cached bindings: 145
%         Total groundings evaluated: 145
%         High attention groundings (>= 0.7): 63
%         Low attention groundings (< 0.7): 82
%       
%         Raw penalty = -alpha * k_high + beta * k_low
%                     = -0.1 * 63 + 0.0 * 82
%                     = -6.300000000000001 + 0.0
%                     = -6.300000
%       
%         Scaled penalty = scalingPenalties * rawPenalty
%                        = 1.0 * -6.300000
%                        = -6.300000
%     Score = -576.068630 (regressionFit = 582.368608, totalPenalty = -6.299978)
%       for clause: action(A, _) :- visibleenemy(A, _), facingleft(A).  [covers 1,199.0/4,298.0 pos, 0.0/0.0 neg]
%           Grounding 0: weight=0.536 threshold=0.7 -> LOW
%           Grounding 0: weight=0.889 threshold=0.7 -> HIGH
%       === Grounding Penalty Calculation ===
%         Examples checked: 4298
%         Examples with cached bindings: 131
%         Total groundings evaluated: 131
%         High attention groundings (>= 0.7): 51
%         Low attention groundings (< 0.7): 80
%       
%         Raw penalty = -alpha * k_high + beta * k_low
%                     = -0.1 * 51 + 0.0 * 80
%                     = -5.1000000000000005 + 0.0
%                     = -5.100000
%       
%         Scaled penalty = scalingPenalties * rawPenalty
%                        = 1.0 * -5.100000
%                        = -5.100000
%     Score = -602.923066 (regressionFit = 608.023044, totalPenalty = -5.099978)
%       for clause: action(A, _) :- visibleenemy(A, _), facingright(A).  [covers 877.0/4,298.0 pos, 0.0/0.0 neg]
%           Grounding 0: weight=0.542 threshold=0.7 -> LOW
%           Grounding 0: weight=0.719 threshold=0.7 -> HIGH
%       === Grounding Penalty Calculation ===
%         Examples checked: 4298
%         Examples with cached bindings: 472
%         Total groundings evaluated: 472
%         High attention groundings (>= 0.7): 85
%         Low attention groundings (< 0.7): 387
%       
%         Raw penalty = -alpha * k_high + beta * k_low
%                     = -0.1 * 85 + 0.0 * 387
%                     = -8.5 + 0.0
%                     = -8.500000
%       
%         Scaled penalty = scalingPenalties * rawPenalty
%                        = 1.0 * -8.500000
%                        = -8.500000
%     Score = -579.774804 (regressionFit = 588.274783, totalPenalty = -8.499979)
%       for clause: action(A, _) :- visibleenemy(A, B), leftofenemy(A, B).  [covers 1,385.0/4,298.0 pos, 0.0/0.0 neg]
%           Grounding 0: weight=0.591 threshold=0.7 -> LOW
%           Grounding 0: weight=0.536 threshold=0.7 -> LOW
%       === Grounding Penalty Calculation ===
%         Examples checked: 4298
%         Examples with cached bindings: 276
%         Total groundings evaluated: 276
%         High attention groundings (>= 0.7): 114
%         Low attention groundings (< 0.7): 162
%       
%         Raw penalty = -alpha * k_high + beta * k_low
%                     = -0.1 * 114 + 0.0 * 162
%                     = -11.4 + 0.0
%                     = -11.400000
%       
%         Scaled penalty = scalingPenalties * rawPenalty
%                        = 1.0 * -11.400000
%                        = -11.400000
%     Score = -548.922427 (regressionFit = 560.322405, totalPenalty = -11.399978)
%       for clause: action(A, _) :- visibleenemy(A, _), oxygenok(A).  [covers 2,076.0/4,298.0 pos, 0.0/0.0 neg]
%           Grounding 0: weight=0.537 threshold=0.7 -> LOW
%           Grounding 0: weight=0.719 threshold=0.7 -> HIGH
%       === Grounding Penalty Calculation ===
%         Examples checked: 4298
%         Examples with cached bindings: 481
%         Total groundings evaluated: 481
%         High attention groundings (>= 0.7): 67
%         Low attention groundings (< 0.7): 414
%       
%         Raw penalty = -alpha * k_high + beta * k_low
%                     = -0.1 * 67 + 0.0 * 414
%                     = -6.7 + 0.0
%                     = -6.700000
%       
%         Scaled penalty = scalingPenalties * rawPenalty
%                        = 1.0 * -6.700000
%                        = -6.700000
%     Score = -575.061918 (regressionFit = 581.761896, totalPenalty = -6.699979)
%       for clause: action(A, _) :- visibleenemy(A, B), rightofenemy(A, B).  [covers 1,463.0/4,298.0 pos, 0.0/0.0 neg]
%           Grounding 0: weight=0.519 threshold=0.7 -> LOW
%           Grounding 0: weight=0.719 threshold=0.7 -> HIGH
%       === Grounding Penalty Calculation ===
%         Examples checked: 4298
%         Examples with cached bindings: 428
%         Total groundings evaluated: 428
%         High attention groundings (>= 0.7): 130
%         Low attention groundings (< 0.7): 298
%       
%         Raw penalty = -alpha * k_high + beta * k_low
%                     = -0.1 * 130 + 0.0 * 298
%                     = -13.0 + 0.0
%                     = -13.000000
%       
%         Scaled penalty = scalingPenalties * rawPenalty
%                        = 1.0 * -13.000000
%                        = -13.000000
%     Score = -434.447981 (regressionFit = 447.447959, totalPenalty = -12.999979)
%       for clause: action(A, _) :- visibleenemy(A, B), samelevelasenemy(A, B).  [covers 679.0/4,298.0 pos, 0.0/0.0 neg]
%           Grounding 0: weight=0.591 threshold=0.7 -> LOW
%           Grounding 0: weight=0.52 threshold=0.7 -> LOW
%       === Grounding Penalty Calculation ===
%         Examples checked: 4298
%         Examples with cached bindings: 108
%         Total groundings evaluated: 108
%         High attention groundings (>= 0.7): 31
%         Low attention groundings (< 0.7): 77
%       
%         Raw penalty = -alpha * k_high + beta * k_low
%                     = -0.1 * 31 + 0.0 * 77
%                     = -3.1 + 0.0
%                     = -3.100000
%       
%         Scaled penalty = scalingPenalties * rawPenalty
%                        = 1.0 * -3.100000
%                        = -3.100000
%     Score = -590.907666 (regressionFit = 594.007642, totalPenalty = -3.099977)
%       for clause: action(A, _) :- visibleenemy(A, _), visiblediver(A, _).  [covers 1,587.0/4,298.0 pos, 0.0/0.0 neg]
%           Grounding 0: weight=0.591 threshold=0.7 -> LOW
%           Grounding 0: weight=0.536 threshold=0.7 -> LOW
%       === Grounding Penalty Calculation ===
%         Examples checked: 4298
%         Examples with cached bindings: 311
%         Total groundings evaluated: 311
%         High attention groundings (>= 0.7): 149
%         Low attention groundings (< 0.7): 162
%       
%         Raw penalty = -alpha * k_high + beta * k_low
%                     = -0.1 * 149 + 0.0 * 162
%                     = -14.9 + 0.0
%                     = -14.900000
%       
%         Scaled penalty = scalingPenalties * rawPenalty
%                        = 1.0 * -14.900000
%                        = -14.900000
%     Score = -562.198528 (regressionFit = 577.098506, totalPenalty = -14.899978)
%       for clause: action(A, _) :- visibleenemy(A, _), visibleenemy(A, _).  [covers 2,365.0/4,298.0 pos, 0.0/0.0 neg]
%           Grounding 0: weight=0.648 threshold=0.7 -> LOW
%           Grounding 0: weight=0.609 threshold=0.7 -> LOW
%       === Grounding Penalty Calculation ===
%         Examples checked: 4298
%         Examples with cached bindings: 66
%         Total groundings evaluated: 66
%         High attention groundings (>= 0.7): 25
%         Low attention groundings (< 0.7): 41
%       
%         Raw penalty = -alpha * k_high + beta * k_low
%                     = -0.1 * 25 + 0.0 * 41
%                     = -2.5 + 0.0
%                     = -2.500000
%       
%         Scaled penalty = scalingPenalties * rawPenalty
%                        = 1.0 * -2.500000
%                        = -2.500000
%     Score = -594.963164 (regressionFit = 597.463140, totalPenalty = -2.499977)
%       for clause: action(A, _) :- visibleenemy(A, _), visibleenemysubmarine(A, _).  [covers 1,609.0/4,298.0 pos, 0.0/0.0 neg]
%           Grounding 0: weight=0.591 threshold=0.7 -> LOW
%           Grounding 0: weight=0.636 threshold=0.7 -> LOW
%       === Grounding Penalty Calculation ===
%         Examples checked: 4298
%         Examples with cached bindings: 79
%         Total groundings evaluated: 79
%         High attention groundings (>= 0.7): 24
%         Low attention groundings (< 0.7): 55
%       
%         Raw penalty = -alpha * k_high + beta * k_low
%                     = -0.1 * 24 + 0.0 * 55
%                     = -2.4000000000000004 + 0.0
%                     = -2.400000
%       
%         Scaled penalty = scalingPenalties * rawPenalty
%                        = 1.0 * -2.400000
%                        = -2.400000
%     Score = -609.854257 (regressionFit = 612.254234, totalPenalty = -2.399977)
%       for clause: action(A, _) :- visibleenemy(A, _), visiblemissile(A, _).  [covers 560.0/4,298.0 pos, 0.0/0.0 neg]

% Consider expanding [#9 of outerLoop #3, bodyLen=1] 'action(A, _) :- visiblemissile(A, _).  [covers 873.0/4,298.0 pos, 0.0/0.0 neg]' score=-562.430681107044
%  At # nodes expanded = 9, |OPEN| = 1.  Pruned 0 variant children.  Sending 11 items to OPEN for evaluation and possible insertion.
% Have created 11 valid-on-seeds descendants and have picked up 6 bad extensions.
%           Grounding 0: weight=1.0 threshold=0.7 -> HIGH
%           Grounding 0: weight=1.0 threshold=0.7 -> HIGH
%       === Grounding Penalty Calculation ===
%         Examples checked: 4298
%         Examples with cached bindings: 324
%         Total groundings evaluated: 324
%         High attention groundings (>= 0.7): 324
%         Low attention groundings (< 0.7): 0
%       
%         Raw penalty = -alpha * k_high + beta * k_low
%                     = -0.1 * 324 + 0.0 * 0
%                     = -32.4 + 0.0
%                     = -32.400000
%       
%         Scaled penalty = scalingPenalties * rawPenalty
%                        = 1.0 * -32.400000
%                        = -32.400000
%     Score = -583.460566 (regressionFit = 615.860545, totalPenalty = -32.399979)
%       for clause: action(A, _) :- visiblemissile(A, B), aboveofmissile(A, B).  [covers 569.0/4,298.0 pos, 0.0/0.0 neg]
%           Grounding 0: weight=1.0 threshold=0.7 -> HIGH
%           Grounding 0: weight=1.0 threshold=0.7 -> HIGH
%       === Grounding Penalty Calculation ===
%         Examples checked: 4298
%         Examples with cached bindings: 255
%         Total groundings evaluated: 255
%         High attention groundings (>= 0.7): 255
%         Low attention groundings (< 0.7): 0
%       
%         Raw penalty = -alpha * k_high + beta * k_low
%                     = -0.1 * 255 + 0.0 * 0
%                     = -25.5 + 0.0
%                     = -25.500000
%       
%         Scaled penalty = scalingPenalties * rawPenalty
%                        = 1.0 * -25.500000
%                        = -25.500000
%     Score = -577.551289 (regressionFit = 603.051267, totalPenalty = -25.499979)
%       for clause: action(A, _) :- visiblemissile(A, B), belowofmissile(A, B).  [covers 297.0/4,298.0 pos, 0.0/0.0 neg]
%           Grounding 0: weight=1.0 threshold=0.7 -> HIGH
%           Grounding 0: weight=1.0 threshold=0.7 -> HIGH
%       === Grounding Penalty Calculation ===
%         Examples checked: 4298
%         Examples with cached bindings: 190
%         Total groundings evaluated: 190
%         High attention groundings (>= 0.7): 190
%         Low attention groundings (< 0.7): 0
%       
%         Raw penalty = -alpha * k_high + beta * k_low
%                     = -0.1 * 190 + 0.0 * 0
%                     = -19.0 + 0.0
%                     = -19.000000
%       
%         Scaled penalty = scalingPenalties * rawPenalty
%                        = 1.0 * -19.000000
%                        = -19.000000
%     Score = -588.922752 (regressionFit = 607.922730, totalPenalty = -18.999978)
%       for clause: action(A, _) :- visiblemissile(A, _), diversempty(A).  [covers 345.0/4,298.0 pos, 0.0/0.0 neg]
%           Grounding 0: weight=1.0 threshold=0.7 -> HIGH
%           Grounding 0: weight=1.0 threshold=0.7 -> HIGH
%       === Grounding Penalty Calculation ===
%         Examples checked: 4298
%         Examples with cached bindings: 279
%         Total groundings evaluated: 279
%         High attention groundings (>= 0.7): 279
%         Low attention groundings (< 0.7): 0
%       
%         Raw penalty = -alpha * k_high + beta * k_low
%                     = -0.1 * 279 + 0.0 * 0
%                     = -27.900000000000002 + 0.0
%                     = -27.900000
%       
%         Scaled penalty = scalingPenalties * rawPenalty
%                        = 1.0 * -27.900000
%                        = -27.900000
%     Score = -587.962850 (regressionFit = 615.862828, totalPenalty = -27.899978)
%       for clause: action(A, _) :- visiblemissile(A, _), diversfull(A).  [covers 434.0/4,298.0 pos, 0.0/0.0 neg]
%           Grounding 0: weight=1.0 threshold=0.7 -> HIGH
%           Grounding 0: weight=1.0 threshold=0.7 -> HIGH
%       === Grounding Penalty Calculation ===
%         Examples checked: 4298
%         Examples with cached bindings: 234
%         Total groundings evaluated: 234
%         High attention groundings (>= 0.7): 234
%         Low attention groundings (< 0.7): 0
%       
%         Raw penalty = -alpha * k_high + beta * k_low
%                     = -0.1 * 234 + 0.0 * 0
%                     = -23.400000000000002 + 0.0
%                     = -23.400000
%       
%         Scaled penalty = scalingPenalties * rawPenalty
%                        = 1.0 * -23.400000
%                        = -23.400000
%     Score = -586.676999 (regressionFit = 610.076977, totalPenalty = -23.399978)
%       for clause: action(A, _) :- visiblemissile(A, _), facingleft(A).  [covers 386.0/4,298.0 pos, 0.0/0.0 neg]
%           Grounding 0: weight=1.0 threshold=0.7 -> HIGH
%           Grounding 0: weight=1.0 threshold=0.7 -> HIGH
%       === Grounding Penalty Calculation ===
%         Examples checked: 4298
%         Examples with cached bindings: 235
%         Total groundings evaluated: 235
%         High attention groundings (>= 0.7): 235
%         Low attention groundings (< 0.7): 0
%       
%         Raw penalty = -alpha * k_high + beta * k_low
%                     = -0.1 * 235 + 0.0 * 0
%                     = -23.5 + 0.0
%                     = -23.500000
%       
%         Scaled penalty = scalingPenalties * rawPenalty
%                        = 1.0 * -23.500000
%                        = -23.500000
%     Score = -592.267589 (regressionFit = 615.767566, totalPenalty = -23.499978)
%       for clause: action(A, _) :- visiblemissile(A, _), facingright(A).  [covers 393.0/4,298.0 pos, 0.0/0.0 neg]
%           Grounding 0: weight=1.0 threshold=0.7 -> HIGH
%           Grounding 0: weight=1.0 threshold=0.7 -> HIGH
%       === Grounding Penalty Calculation ===
%         Examples checked: 4298
%         Examples with cached bindings: 469
%         Total groundings evaluated: 469
%         High attention groundings (>= 0.7): 469
%         Low attention groundings (< 0.7): 0
%       
%         Raw penalty = -alpha * k_high + beta * k_low
%                     = -0.1 * 469 + 0.0 * 0
%                     = -46.900000000000006 + 0.0
%                     = -46.900000
%       
%         Scaled penalty = scalingPenalties * rawPenalty
%                        = 1.0 * -46.900000
%                        = -46.900000
%     Score = -564.891001 (regressionFit = 611.790979, totalPenalty = -46.899978)
%       for clause: action(A, _) :- visiblemissile(A, _), oxygenok(A).  [covers 779.0/4,298.0 pos, 0.0/0.0 neg]
%           Grounding 0: weight=1.0 threshold=0.7 -> HIGH
%           Grounding 0: weight=1.0 threshold=0.7 -> HIGH
%       === Grounding Penalty Calculation ===
%         Examples checked: 4298
%         Examples with cached bindings: 251
%         Total groundings evaluated: 251
%         High attention groundings (>= 0.7): 251
%         Low attention groundings (< 0.7): 0
%       
%         Raw penalty = -alpha * k_high + beta * k_low
%                     = -0.1 * 251 + 0.0 * 0
%                     = -25.1 + 0.0
%                     = -25.100000
%       
%         Scaled penalty = scalingPenalties * rawPenalty
%                        = 1.0 * -25.100000
%                        = -25.100000
%     Score = -588.320907 (regressionFit = 613.420886, totalPenalty = -25.099979)
%       for clause: action(A, _) :- visiblemissile(A, B), rightofmissile(A, B).  [covers 385.0/4,298.0 pos, 0.0/0.0 neg]
%           Grounding 0: weight=0.609 threshold=0.7 -> LOW
%           Grounding 0: weight=0.777 threshold=0.7 -> HIGH
%       === Grounding Penalty Calculation ===
%         Examples checked: 4298
%         Examples with cached bindings: 354
%         Total groundings evaluated: 354
%         High attention groundings (>= 0.7): 159
%         Low attention groundings (< 0.7): 195
%       
%         Raw penalty = -alpha * k_high + beta * k_low
%                     = -0.1 * 159 + 0.0 * 195
%                     = -15.9 + 0.0
%                     = -15.900000
%       
%         Scaled penalty = scalingPenalties * rawPenalty
%                        = 1.0 * -15.900000
%                        = -15.900000
%     Score = -598.030692 (regressionFit = 613.930669, totalPenalty = -15.899977)
%       for clause: action(A, _) :- visiblemissile(A, _), visiblediver(A, _).  [covers 873.0/4,298.0 pos, 0.0/0.0 neg]
%           Grounding 0: weight=0.591 threshold=0.7 -> LOW
%           Grounding 0: weight=0.636 threshold=0.7 -> LOW
%       === Grounding Penalty Calculation ===
%         Examples checked: 4298
%         Examples with cached bindings: 79
%         Total groundings evaluated: 79
%         High attention groundings (>= 0.7): 24
%         Low attention groundings (< 0.7): 55
%       
%         Raw penalty = -alpha * k_high + beta * k_low
%                     = -0.1 * 24 + 0.0 * 55
%                     = -2.4000000000000004 + 0.0
%                     = -2.400000
%       
%         Scaled penalty = scalingPenalties * rawPenalty
%                        = 1.0 * -2.400000
%                        = -2.400000
%     Score = -609.854257 (regressionFit = 612.254234, totalPenalty = -2.399977)
%       for clause: action(A, _) :- visiblemissile(A, _), visibleenemy(A, _).  [covers 560.0/4,298.0 pos, 0.0/0.0 neg]
%           Grounding 0: weight=1.0 threshold=0.7 -> HIGH
%           Grounding 0: weight=0.604 threshold=0.7 -> LOW
%       === Grounding Penalty Calculation ===
%         Examples checked: 4298
%         Examples with cached bindings: 51
%         Total groundings evaluated: 51
%         High attention groundings (>= 0.7): 21
%         Low attention groundings (< 0.7): 30
%       
%         Raw penalty = -alpha * k_high + beta * k_low
%                     = -0.1 * 21 + 0.0 * 30
%                     = -2.1 + 0.0
%                     = -2.100000
%       
%         Scaled penalty = scalingPenalties * rawPenalty
%                        = 1.0 * -2.100000
%                        = -2.100000
%     Score = -611.830692 (regressionFit = 613.930669, totalPenalty = -2.099977)
%       for clause: action(A, _) :- visiblemissile(A, _), visibleenemysubmarine(A, _).  [covers 873.0/4,298.0 pos, 0.0/0.0 neg]

***** Warning: #2 TOO MANY NODES CONSIDERED (i.e., 'expanded') for 'LearnOneClause': nodesConsidered = 10 and maxNodesToConsider = 10. *****


% The best node found: action(A, _) :- oxygenok(A).  [covers 3,969.0/4,298.0 pos, 0.0/0.0 neg]

% The best node found: action(A, _) :- oxygenok(A).  [covers 3,969.0/4,298.0 pos, 0.0/0.0 neg]

% Expanding node at Level 1 with score = -0.143.
% Will extend: action(A, _) :- oxygenok(A).  [covers 3,969.0/4,298.0 pos, 0.0/0.0 neg]
%   Creating a TRUE-branch and FALSE-branch leaves because level = 1 >= 1

% Time for loop #3: 1.538 seconds.
% Internal node max length = 2
% Max tree depth in lits   = 12
% Max tree depth in nodes  = 1
% Max number of clauses    = 20

% On cycle #3, the best clause found is:
%      action(A, _) :- oxygenok(A).  [covers 3,969.0/4,298.0 pos, 0.0/0.0 neg]
% This clause covers 3969 positive examples, of which 3969 are newly covered.
% It also covers 0 negative examples, of which 0 are newly covered.

% ******************************************

%  Have stopped ILP's outer loop because the tree-structured queue is empty.

% ******************************************

%%%%%  WILL-Produced Tree #1 @ 20:49:40 11/28/25.  [Using 1,192,662,968 memory cells.]  %%%%%


% FOR action(A, B):
%   if ( diversnotfull(A) )
%   then if ( visibleenemy(A, C), samelevelasenemy(A, C) )
%   | then return 0.5610879683761649;  // std dev = 29.321, 4,117.000 (wgt'ed) examples reached here.  /* #neg=1,223 #pos=2,894 */
%   | else return 0.08474927545819289;  // std dev = 36.589, 7,639.000 (wgt'ed) examples reached here.  /* #neg=5,908 #pos=1,731 */
%   else if ( oxygenok(A) )
%   | then return 0.043586072917597384;  // std dev = 24.485, 3,969.000 (wgt'ed) examples reached here.  /* #neg=3,233 #pos=736 */
%   | else return -0.11449544180018408;  // std dev = 2.959, 329.000 (wgt'ed) examples reached here.  /* #neg=320 #pos=9 */


% Clauses:

action(A, B, 0.5610879683761649) :- 
     diversnotfull(A), 
     visibleenemy(A, C), 
     samelevelasenemy(A, C), 
     !. // Clause #1.

action(A, B, 0.08474927545819289) :- 
     diversnotfull(A), 
     !. // Clause #2.

action(A, B, 0.043586072917597384) :- 
     oxygenok(A), 
     !. // Clause #3.

action(A, B, -0.11449544180018408) :- !. // Clause #4.


% The flattened versions of these clauses:

flattened_action(a, underscore, 0.5610879683761649) :-  /* #neg=1,223 #pos=2,894 */ 
   diversnotfull(a),
   visibleenemy(a, uniqueVar1),
   samelevelasenemy(a, uniqueVar1),
   !. // Flattened version of clause #1.

flattened_action(a, underscore, 0.08474927545819289) :-  /* #neg=5,908 #pos=1,731 */ 
   diversnotfull(a),
   !. // Flattened version of clause #2.

flattened_action(a, underscore, 0.043586072917597384) :-  /* #neg=3,233 #pos=736 */ 
   oxygenok(a),
   !. // Flattened version of clause #3.

flattened_action(underscore, underscore, -0.11449544180018408) :-  /* #neg=320 #pos=9 */ 
   !. // Flattened version of clause #4.


% The unique flattened literals:
%   samelevelasenemy(a, uniqueVar1)
%   oxygenok(a)
%   visibleenemy(a, uniqueVar1)
%   diversnotfull(a)

% Saving model in: rdn_models/seaquest/all/negpos_2_trees_1_depth_1_grounding_penalty_0.1/fire/seed_42/bRDNs/action.model.ckpt


%%%%%%%%%%%%%%%%%%%%%%%%%%%%%%%%%%%%%%%%%%%%%%%%%%%%%%%%%%%
%%%%%  Final call for computing score for action.  %%%%%
%%%%%%%%%%%%%%%%%%%%%%%%%%%%%%%%%%%%%%%%%%%%%%%%%%%%%%%%%%%

stepLength_tree1(1.0).

logPrior(-1.8).
action(D, E, Total) :- // A general accessor. 
   action(D, E, 1000000, Total), !.
action(D, E, Total) :- waitHere("This should not fail", action(D, E, Total)).

action(D, E, TreesToUse, Total) :- // A tree-limited accessor (e.g., for tuning the number of trees to use).
   logPrior(LogPrior),
   getScore_action_tree1(D, E, TreesToUse, Total1),
   Total is LogPrior + Total1,
   !.
action(D, E, TreesToUse, Total) :- waitHere("This should not fail", action(D, E, TreesToUse, Total)).

getScore_action_tree1(D, E, TreesToUse, 0.0) :- 1 > TreesToUse, !.
getScore_action_tree1(D, E, TreesToUse, Total1) :- action_tree1(D, E, Total), stepLength_tree1(StepLen), Total1 is Total * StepLen.

flattenedLiteralsInThisSetOfTrees(action, 4, [
   samelevelasenemy(a, uniqueVar1),
   oxygenok(a),
   visibleenemy(a, uniqueVar1),
   diversnotfull(a)]).
%      addToQueueOfTreeStructuredLearningTasks (level=0; score=1.797693135e+308)
%         ILP node to extend: null
%      Insert tree-structured search node (@ level = 0 and with score = 1.797693135e+308) into the LAST position (#1) in the search queue.
Variance:0.2226084510559466
Set score:0.0025
% [AdviceProcessor]  Generated 0 clauses at relevance level STRONGLY_IRRELEVANT.

% Have these 10 positive seeds: 344 1286 1884 3245 4881 6064 6519 8636 10402 11391
% [AdviceProcessor]  Generated 0 clauses at relevance level STRONGLY_IRRELEVANT.

***** Warning: TODO: Should handle this case by altering the target in the 'must be constant' arguments.  Or maybe an '@' type was meant? *****


% target           = action(D, E)
%     Score = -Infinity (regressionFit = Infinity, totalPenalty = 0.000002)
%       for clause: action(_, _).  [covers 16,054.0/16,054.0 pos, 0.0/0.0 neg]
% Most-general root: action(_, _).  [covers 16,054.0/16,054.0 pos, 0.0/0.0 neg]  score = -Infinity

% Consider expanding [#1 of outerLoop #1, bodyLen=0] 'action(_, _).  [covers 16,054.0/16,054.0 pos, 0.0/0.0 neg]' score=-Infinity
%  At # nodes expanded = 1, |OPEN| = 0.  Pruned 0 variant children.  Sending 9 items to OPEN for evaluation and possible insertion.
% Have created 9 valid-on-seeds descendants and have picked up 3 bad extensions.
%           Grounding 0: weight=1.0 threshold=0.7 -> HIGH
%           Grounding 0: weight=1.0 threshold=0.7 -> HIGH
%       === Grounding Penalty Calculation ===
%         Examples checked: 16054
%         Examples with cached bindings: 2872
%         Total groundings evaluated: 2872
%         High attention groundings (>= 0.7): 2872
%         Low attention groundings (< 0.7): 0
%       
%         Raw penalty = -alpha * k_high + beta * k_low
%                     = -0.1 * 2872 + 0.0 * 0
%                     = -287.2 + 0.0
%                     = -287.200000
%       
%         Scaled penalty = scalingPenalties * rawPenalty
%                        = 1.0 * -287.200000
%                        = -287.200000
%     Score = -3,221.503555 (regressionFit = 3,508.703544, totalPenalty = -287.199989)
%       for clause: action(A, _) :- diversempty(A).  [covers 2,872.0/16,054.0 pos, 0.0/0.0 neg]
% Gleaner: New best node found (score = -3,221.503555): action(A, _) :- diversempty(A).  [covers 2,872.0/16,054.0 pos, 0.0/0.0 neg]
%           Grounding 0: weight=1.0 threshold=0.7 -> HIGH
%           Grounding 0: weight=1.0 threshold=0.7 -> HIGH
%       === Grounding Penalty Calculation ===
%         Examples checked: 16054
%         Examples with cached bindings: 11756
%         Total groundings evaluated: 11756
%         High attention groundings (>= 0.7): 11756
%         Low attention groundings (< 0.7): 0
%       
%         Raw penalty = -alpha * k_high + beta * k_low
%                     = -0.1 * 11756 + 0.0 * 0
%                     = -1175.6000000000001 + 0.0
%                     = -1,175.600000
%       
%         Scaled penalty = scalingPenalties * rawPenalty
%                        = 1.0 * -1,175.600000
%                        = -1,175.600000
%     Score = -2,245.714775 (regressionFit = 3,421.314764, totalPenalty = -1,175.599989)
%       for clause: action(A, _) :- diversnotfull(A).  [covers 11,756.0/16,054.0 pos, 0.0/0.0 neg]
% Gleaner: New best node found (score = -2,245.714775): action(A, _) :- diversnotfull(A).  [covers 11,756.0/16,054.0 pos, 0.0/0.0 neg]
%           Grounding 0: weight=1.0 threshold=0.7 -> HIGH
%           Grounding 0: weight=1.0 threshold=0.7 -> HIGH
%       === Grounding Penalty Calculation ===
%         Examples checked: 16054
%         Examples with cached bindings: 8162
%         Total groundings evaluated: 8162
%         High attention groundings (>= 0.7): 8162
%         Low attention groundings (< 0.7): 0
%       
%         Raw penalty = -alpha * k_high + beta * k_low
%                     = -0.1 * 8162 + 0.0 * 0
%                     = -816.2 + 0.0
%                     = -816.200000
%       
%         Scaled penalty = scalingPenalties * rawPenalty
%                        = 1.0 * -816.200000
%                        = -816.200000
%     Score = -2,708.458695 (regressionFit = 3,524.658684, totalPenalty = -816.199989)
%       for clause: action(A, _) :- facingleft(A).  [covers 8,162.0/16,054.0 pos, 0.0/0.0 neg]
%           Grounding 0: weight=1.0 threshold=0.7 -> HIGH
%           Grounding 0: weight=1.0 threshold=0.7 -> HIGH
%       === Grounding Penalty Calculation ===
%         Examples checked: 16054
%         Examples with cached bindings: 7563
%         Total groundings evaluated: 7563
%         High attention groundings (>= 0.7): 7563
%         Low attention groundings (< 0.7): 0
%       
%         Raw penalty = -alpha * k_high + beta * k_low
%                     = -0.1 * 7563 + 0.0 * 0
%                     = -756.3000000000001 + 0.0
%                     = -756.300000
%       
%         Scaled penalty = scalingPenalties * rawPenalty
%                        = 1.0 * -756.300000
%                        = -756.300000
%     Score = -2,788.079839 (regressionFit = 3,544.379828, totalPenalty = -756.299989)
%       for clause: action(A, _) :- facingright(A).  [covers 7,563.0/16,054.0 pos, 0.0/0.0 neg]
%           Grounding 0: weight=1.0 threshold=0.7 -> HIGH
%           Grounding 0: weight=1.0 threshold=0.7 -> HIGH
%       === Grounding Penalty Calculation ===
%         Examples checked: 16054
%         Examples with cached bindings: 15725
%         Total groundings evaluated: 15725
%         High attention groundings (>= 0.7): 15725
%         Low attention groundings (< 0.7): 0
%       
%         Raw penalty = -alpha * k_high + beta * k_low
%                     = -0.1 * 15725 + 0.0 * 0
%                     = -1572.5 + 0.0
%                     = -1,572.500000
%       
%         Scaled penalty = scalingPenalties * rawPenalty
%                        = 1.0 * -1,572.500000
%                        = -1,572.500000
%     Score = -1,969.570440 (regressionFit = 3,542.070429, totalPenalty = -1,572.499989)
%       for clause: action(A, _) :- oxygenok(A).  [covers 15,725.0/16,054.0 pos, 0.0/0.0 neg]
%           Grounding 0: weight=0.788 threshold=0.7 -> HIGH
%           Grounding 0: weight=0.984 threshold=0.7 -> HIGH
%       === Grounding Penalty Calculation ===
%         Examples checked: 16054
%         Examples with cached bindings: 4994
%         Total groundings evaluated: 4994
%         High attention groundings (>= 0.7): 2960
%         Low attention groundings (< 0.7): 2034
%       
%         Raw penalty = -alpha * k_high + beta * k_low
%                     = -0.1 * 2960 + 0.0 * 2034
%                     = -296.0 + 0.0
%                     = -296.000000
%       
%         Scaled penalty = scalingPenalties * rawPenalty
%                        = 1.0 * -296.000000
%                        = -296.000000
%     Score = -3,277.390610 (regressionFit = 3,573.390597, totalPenalty = -295.999988)
%       for clause: action(A, _) :- visiblediver(A, _).  [covers 9,406.0/16,054.0 pos, 0.0/0.0 neg]
%           Grounding 0: weight=0.93 threshold=0.7 -> HIGH
%           Grounding 0: weight=0.902 threshold=0.7 -> HIGH
%       === Grounding Penalty Calculation ===
%         Examples checked: 16054
%         Examples with cached bindings: 2338
%         Total groundings evaluated: 2338
%         High attention groundings (>= 0.7): 1448
%         Low attention groundings (< 0.7): 890
%       
%         Raw penalty = -alpha * k_high + beta * k_low
%                     = -0.1 * 1448 + 0.0 * 890
%                     = -144.8 + 0.0
%                     = -144.800000
%       
%         Scaled penalty = scalingPenalties * rawPenalty
%                        = 1.0 * -144.800000
%                        = -144.800000
%     Score = -3,279.499881 (regressionFit = 3,424.299869, totalPenalty = -144.799988)
%       for clause: action(A, _) :- visibleenemy(A, _).  [covers 12,011.0/16,054.0 pos, 0.0/0.0 neg]
%           Grounding 0: weight=0.605 threshold=0.7 -> LOW
%           Grounding 0: weight=0.552 threshold=0.7 -> LOW
%       === Grounding Penalty Calculation ===
%         Examples checked: 16054
%         Examples with cached bindings: 4980
%         Total groundings evaluated: 4980
%         High attention groundings (>= 0.7): 1021
%         Low attention groundings (< 0.7): 3959
%       
%         Raw penalty = -alpha * k_high + beta * k_low
%                     = -0.1 * 1021 + 0.0 * 3959
%                     = -102.10000000000001 + 0.0
%                     = -102.100000
%       
%         Scaled penalty = scalingPenalties * rawPenalty
%                        = 1.0 * -102.100000
%                        = -102.100000
%     Score = -3,401.919379 (regressionFit = 3,504.019367, totalPenalty = -102.099988)
%       for clause: action(A, _) :- visibleenemysubmarine(A, _).  [covers 12,045.0/16,054.0 pos, 0.0/0.0 neg]
%           Grounding 0: weight=1.0 threshold=0.7 -> HIGH
%           Grounding 0: weight=1.0 threshold=0.7 -> HIGH
%       === Grounding Penalty Calculation ===
%         Examples checked: 16054
%         Examples with cached bindings: 2986
%         Total groundings evaluated: 2986
%         High attention groundings (>= 0.7): 2986
%         Low attention groundings (< 0.7): 0
%       
%         Raw penalty = -alpha * k_high + beta * k_low
%                     = -0.1 * 2986 + 0.0 * 0
%                     = -298.6 + 0.0
%                     = -298.600000
%       
%         Scaled penalty = scalingPenalties * rawPenalty
%                        = 1.0 * -298.600000
%                        = -298.600000
%     Score = -3,262.231383 (regressionFit = 3,560.831371, totalPenalty = -298.599988)
%       for clause: action(A, _) :- visiblemissile(A, _).  [covers 4,791.0/16,054.0 pos, 0.0/0.0 neg]

% Consider expanding [#2 of outerLoop #1, bodyLen=1] 'action(A, _) :- oxygenok(A).  [covers 15,725.0/16,054.0 pos, 0.0/0.0 neg]' score=-1969.5704401624746
%  At # nodes expanded = 2, |OPEN| = 8.  Pruned 0 variant children.  Sending 8 items to OPEN for evaluation and possible insertion.
% Have created 8 valid-on-seeds descendants and have picked up 3 bad extensions.
%           Grounding 0: weight=1.0 threshold=0.7 -> HIGH
%           Grounding 0: weight=1.0 threshold=0.7 -> HIGH
%       === Grounding Penalty Calculation ===
%         Examples checked: 16054
%         Examples with cached bindings: 2872
%         Total groundings evaluated: 2872
%         High attention groundings (>= 0.7): 2872
%         Low attention groundings (< 0.7): 0
%       
%         Raw penalty = -alpha * k_high + beta * k_low
%                     = -0.1 * 2872 + 0.0 * 0
%                     = -287.2 + 0.0
%                     = -287.200000
%       
%         Scaled penalty = scalingPenalties * rawPenalty
%                        = 1.0 * -287.200000
%                        = -287.200000
%     Score = -3,221.503565 (regressionFit = 3,508.703544, totalPenalty = -287.199979)
%       for clause: action(A, _) :- oxygenok(A), diversempty(A).  [covers 2,872.0/16,054.0 pos, 0.0/0.0 neg]
%           Grounding 0: weight=1.0 threshold=0.7 -> HIGH
%           Grounding 0: weight=1.0 threshold=0.7 -> HIGH
%       === Grounding Penalty Calculation ===
%         Examples checked: 16054
%         Examples with cached bindings: 11756
%         Total groundings evaluated: 11756
%         High attention groundings (>= 0.7): 11756
%         Low attention groundings (< 0.7): 0
%       
%         Raw penalty = -alpha * k_high + beta * k_low
%                     = -0.1 * 11756 + 0.0 * 0
%                     = -1175.6000000000001 + 0.0
%                     = -1,175.600000
%       
%         Scaled penalty = scalingPenalties * rawPenalty
%                        = 1.0 * -1,175.600000
%                        = -1,175.600000
%     Score = -2,245.714785 (regressionFit = 3,421.314764, totalPenalty = -1,175.599979)
%       for clause: action(A, _) :- oxygenok(A), diversnotfull(A).  [covers 11,756.0/16,054.0 pos, 0.0/0.0 neg]
%           Grounding 0: weight=1.0 threshold=0.7 -> HIGH
%           Grounding 0: weight=1.0 threshold=0.7 -> HIGH
%       === Grounding Penalty Calculation ===
%         Examples checked: 16054
%         Examples with cached bindings: 8162
%         Total groundings evaluated: 8162
%         High attention groundings (>= 0.7): 8162
%         Low attention groundings (< 0.7): 0
%       
%         Raw penalty = -alpha * k_high + beta * k_low
%                     = -0.1 * 8162 + 0.0 * 0
%                     = -816.2 + 0.0
%                     = -816.200000
%       
%         Scaled penalty = scalingPenalties * rawPenalty
%                        = 1.0 * -816.200000
%                        = -816.200000
%     Score = -2,708.458705 (regressionFit = 3,524.658684, totalPenalty = -816.199979)
%       for clause: action(A, _) :- oxygenok(A), facingleft(A).  [covers 8,162.0/16,054.0 pos, 0.0/0.0 neg]
%           Grounding 0: weight=1.0 threshold=0.7 -> HIGH
%           Grounding 0: weight=1.0 threshold=0.7 -> HIGH
%       === Grounding Penalty Calculation ===
%         Examples checked: 16054
%         Examples with cached bindings: 7563
%         Total groundings evaluated: 7563
%         High attention groundings (>= 0.7): 7563
%         Low attention groundings (< 0.7): 0
%       
%         Raw penalty = -alpha * k_high + beta * k_low
%                     = -0.1 * 7563 + 0.0 * 0
%                     = -756.3000000000001 + 0.0
%                     = -756.300000
%       
%         Scaled penalty = scalingPenalties * rawPenalty
%                        = 1.0 * -756.300000
%                        = -756.300000
%     Score = -2,788.079849 (regressionFit = 3,544.379828, totalPenalty = -756.299979)
%       for clause: action(A, _) :- oxygenok(A), facingright(A).  [covers 7,563.0/16,054.0 pos, 0.0/0.0 neg]
%           Grounding 0: weight=0.788 threshold=0.7 -> HIGH
%           Grounding 0: weight=0.984 threshold=0.7 -> HIGH
%       === Grounding Penalty Calculation ===
%         Examples checked: 16054
%         Examples with cached bindings: 4878
%         Total groundings evaluated: 4878
%         High attention groundings (>= 0.7): 2844
%         Low attention groundings (< 0.7): 2034
%       
%         Raw penalty = -alpha * k_high + beta * k_low
%                     = -0.1 * 2844 + 0.0 * 2034
%                     = -284.40000000000003 + 0.0
%                     = -284.400000
%       
%         Scaled penalty = scalingPenalties * rawPenalty
%                        = 1.0 * -284.400000
%                        = -284.400000
%     Score = -3,286.794981 (regressionFit = 3,571.194959, totalPenalty = -284.399978)
%       for clause: action(A, _) :- oxygenok(A), visiblediver(A, _).  [covers 9,192.0/16,054.0 pos, 0.0/0.0 neg]
%           Grounding 0: weight=0.93 threshold=0.7 -> HIGH
%           Grounding 0: weight=0.902 threshold=0.7 -> HIGH
%       === Grounding Penalty Calculation ===
%         Examples checked: 16054
%         Examples with cached bindings: 2303
%         Total groundings evaluated: 2303
%         High attention groundings (>= 0.7): 1413
%         Low attention groundings (< 0.7): 890
%       
%         Raw penalty = -alpha * k_high + beta * k_low
%                     = -0.1 * 1413 + 0.0 * 890
%                     = -141.3 + 0.0
%                     = -141.300000
%       
%         Scaled penalty = scalingPenalties * rawPenalty
%                        = 1.0 * -141.300000
%                        = -141.300000
%     Score = -3,249.830114 (regressionFit = 3,391.130091, totalPenalty = -141.299978)
%       for clause: action(A, _) :- oxygenok(A), visibleenemy(A, _).  [covers 11,722.0/16,054.0 pos, 0.0/0.0 neg]
%           Grounding 0: weight=0.605 threshold=0.7 -> LOW
%           Grounding 0: weight=0.552 threshold=0.7 -> LOW
%       === Grounding Penalty Calculation ===
%         Examples checked: 16054
%         Examples with cached bindings: 4955
%         Total groundings evaluated: 4955
%         High attention groundings (>= 0.7): 996
%         Low attention groundings (< 0.7): 3959
%       
%         Raw penalty = -alpha * k_high + beta * k_low
%                     = -0.1 * 996 + 0.0 * 3959
%                     = -99.60000000000001 + 0.0
%                     = -99.600000
%       
%         Scaled penalty = scalingPenalties * rawPenalty
%                        = 1.0 * -99.600000
%                        = -99.600000
%     Score = -3,390.059654 (regressionFit = 3,489.659632, totalPenalty = -99.599978)
%       for clause: action(A, _) :- oxygenok(A), visibleenemysubmarine(A, _).  [covers 11,875.0/16,054.0 pos, 0.0/0.0 neg]
%           Grounding 0: weight=1.0 threshold=0.7 -> HIGH
%           Grounding 0: weight=1.0 threshold=0.7 -> HIGH
%       === Grounding Penalty Calculation ===
%         Examples checked: 16054
%         Examples with cached bindings: 2940
%         Total groundings evaluated: 2940
%         High attention groundings (>= 0.7): 2940
%         Low attention groundings (< 0.7): 0
%       
%         Raw penalty = -alpha * k_high + beta * k_low
%                     = -0.1 * 2940 + 0.0 * 0
%                     = -294.0 + 0.0
%                     = -294.000000
%       
%         Scaled penalty = scalingPenalties * rawPenalty
%                        = 1.0 * -294.000000
%                        = -294.000000
%     Score = -3,262.727240 (regressionFit = 3,556.727217, totalPenalty = -293.999978)
%       for clause: action(A, _) :- oxygenok(A), visiblemissile(A, _).  [covers 4,697.0/16,054.0 pos, 0.0/0.0 neg]

% Consider expanding [#3 of outerLoop #1, bodyLen=1] 'action(A, _) :- diversnotfull(A).  [covers 11,756.0/16,054.0 pos, 0.0/0.0 neg]' score=-2245.714775017633
%  At # nodes expanded = 3, |OPEN| = 7.  Pruned 0 variant children.  Sending 7 items to OPEN for evaluation and possible insertion.
% Have created 7 valid-on-seeds descendants and have picked up 4 bad extensions.
%           Grounding 0: weight=1.0 threshold=0.7 -> HIGH
%           Grounding 0: weight=1.0 threshold=0.7 -> HIGH
%       === Grounding Penalty Calculation ===
%         Examples checked: 16054
%         Examples with cached bindings: 6090
%         Total groundings evaluated: 6090
%         High attention groundings (>= 0.7): 6090
%         Low attention groundings (< 0.7): 0
%       
%         Raw penalty = -alpha * k_high + beta * k_low
%                     = -0.1 * 6090 + 0.0 * 0
%                     = -609.0 + 0.0
%                     = -609.000000
%       
%         Scaled penalty = scalingPenalties * rawPenalty
%                        = 1.0 * -609.000000
%                        = -609.000000
%     Score = -2,838.095176 (regressionFit = 3,447.095155, totalPenalty = -608.999979)
%       for clause: action(A, _) :- diversnotfull(A), facingleft(A).  [covers 6,090.0/16,054.0 pos, 0.0/0.0 neg]
%           Grounding 0: weight=1.0 threshold=0.7 -> HIGH
%           Grounding 0: weight=1.0 threshold=0.7 -> HIGH
%       === Grounding Penalty Calculation ===
%         Examples checked: 16054
%         Examples with cached bindings: 5666
%         Total groundings evaluated: 5666
%         High attention groundings (>= 0.7): 5666
%         Low attention groundings (< 0.7): 0
%       
%         Raw penalty = -alpha * k_high + beta * k_low
%                     = -0.1 * 5666 + 0.0 * 0
%                     = -566.6 + 0.0
%                     = -566.600000
%       
%         Scaled penalty = scalingPenalties * rawPenalty
%                        = 1.0 * -566.600000
%                        = -566.600000
%     Score = -3,007.155943 (regressionFit = 3,573.755922, totalPenalty = -566.599979)
%       for clause: action(A, _) :- diversnotfull(A), facingright(A).  [covers 5,666.0/16,054.0 pos, 0.0/0.0 neg]
%           Grounding 0: weight=1.0 threshold=0.7 -> HIGH
%           Grounding 0: weight=1.0 threshold=0.7 -> HIGH
%       === Grounding Penalty Calculation ===
%         Examples checked: 16054
%         Examples with cached bindings: 11756
%         Total groundings evaluated: 11756
%         High attention groundings (>= 0.7): 11756
%         Low attention groundings (< 0.7): 0
%       
%         Raw penalty = -alpha * k_high + beta * k_low
%                     = -0.1 * 11756 + 0.0 * 0
%                     = -1175.6000000000001 + 0.0
%                     = -1,175.600000
%       
%         Scaled penalty = scalingPenalties * rawPenalty
%                        = 1.0 * -1,175.600000
%                        = -1,175.600000
%     Score = -2,245.714785 (regressionFit = 3,421.314764, totalPenalty = -1,175.599979)
%       for clause: action(A, _) :- diversnotfull(A), oxygenok(A).  [covers 11,756.0/16,054.0 pos, 0.0/0.0 neg]
%           Grounding 0: weight=0.788 threshold=0.7 -> HIGH
%           Grounding 0: weight=0.984 threshold=0.7 -> HIGH
%       === Grounding Penalty Calculation ===
%         Examples checked: 16054
%         Examples with cached bindings: 3925
%         Total groundings evaluated: 3925
%         High attention groundings (>= 0.7): 2367
%         Low attention groundings (< 0.7): 1558
%       
%         Raw penalty = -alpha * k_high + beta * k_low
%                     = -0.1 * 2367 + 0.0 * 1558
%                     = -236.70000000000002 + 0.0
%                     = -236.700000
%       
%         Scaled penalty = scalingPenalties * rawPenalty
%                        = 1.0 * -236.700000
%                        = -236.700000
%     Score = -3,320.820911 (regressionFit = 3,557.520888, totalPenalty = -236.699978)
%       for clause: action(A, _) :- diversnotfull(A), visiblediver(A, _).  [covers 7,291.0/16,054.0 pos, 0.0/0.0 neg]
%           Grounding 0: weight=0.93 threshold=0.7 -> HIGH
%           Grounding 0: weight=0.902 threshold=0.7 -> HIGH
%       === Grounding Penalty Calculation ===
%         Examples checked: 16054
%         Examples with cached bindings: 2027
%         Total groundings evaluated: 2027
%         High attention groundings (>= 0.7): 1299
%         Low attention groundings (< 0.7): 728
%       
%         Raw penalty = -alpha * k_high + beta * k_low
%                     = -0.1 * 1299 + 0.0 * 728
%                     = -129.9 + 0.0
%                     = -129.900000
%       
%         Scaled penalty = scalingPenalties * rawPenalty
%                        = 1.0 * -129.900000
%                        = -129.900000
%     Score = -3,256.005775 (regressionFit = 3,385.905753, totalPenalty = -129.899978)
%       for clause: action(A, _) :- diversnotfull(A), visibleenemy(A, _).  [covers 9,646.0/16,054.0 pos, 0.0/0.0 neg]
%           Grounding 0: weight=0.605 threshold=0.7 -> LOW
%           Grounding 0: weight=0.552 threshold=0.7 -> LOW
%       === Grounding Penalty Calculation ===
%         Examples checked: 16054
%         Examples with cached bindings: 3429
%         Total groundings evaluated: 3429
%         High attention groundings (>= 0.7): 635
%         Low attention groundings (< 0.7): 2794
%       
%         Raw penalty = -alpha * k_high + beta * k_low
%                     = -0.1 * 635 + 0.0 * 2794
%                     = -63.5 + 0.0
%                     = -63.500000
%       
%         Scaled penalty = scalingPenalties * rawPenalty
%                        = 1.0 * -63.500000
%                        = -63.500000
%     Score = -3,328.003610 (regressionFit = 3,391.503587, totalPenalty = -63.499978)
%       for clause: action(A, _) :- diversnotfull(A), visibleenemysubmarine(A, _).  [covers 9,252.0/16,054.0 pos, 0.0/0.0 neg]
%           Grounding 0: weight=1.0 threshold=0.7 -> HIGH
%           Grounding 0: weight=1.0 threshold=0.7 -> HIGH
%       === Grounding Penalty Calculation ===
%         Examples checked: 16054
%         Examples with cached bindings: 2471
%         Total groundings evaluated: 2471
%         High attention groundings (>= 0.7): 2471
%         Low attention groundings (< 0.7): 0
%       
%         Raw penalty = -alpha * k_high + beta * k_low
%                     = -0.1 * 2471 + 0.0 * 0
%                     = -247.10000000000002 + 0.0
%                     = -247.100000
%       
%         Scaled penalty = scalingPenalties * rawPenalty
%                        = 1.0 * -247.100000
%                        = -247.100000
%     Score = -3,293.695983 (regressionFit = 3,540.795961, totalPenalty = -247.099978)
%       for clause: action(A, _) :- diversnotfull(A), visiblemissile(A, _).  [covers 3,918.0/16,054.0 pos, 0.0/0.0 neg]

% Consider expanding [#4 of outerLoop #1, bodyLen=1] 'action(A, _) :- facingleft(A).  [covers 8,162.0/16,054.0 pos, 0.0/0.0 neg]' score=-2708.4586951512047
%  At # nodes expanded = 4, |OPEN| = 6.  Pruned 0 variant children.  Sending 5 items to OPEN for evaluation and possible insertion.
% Have created 5 valid-on-seeds descendants and have picked up 6 bad extensions.
%           Grounding 0: weight=1.0 threshold=0.7 -> HIGH
%           Grounding 0: weight=1.0 threshold=0.7 -> HIGH
%       === Grounding Penalty Calculation ===
%         Examples checked: 16054
%         Examples with cached bindings: 6090
%         Total groundings evaluated: 6090
%         High attention groundings (>= 0.7): 6090
%         Low attention groundings (< 0.7): 0
%       
%         Raw penalty = -alpha * k_high + beta * k_low
%                     = -0.1 * 6090 + 0.0 * 0
%                     = -609.0 + 0.0
%                     = -609.000000
%       
%         Scaled penalty = scalingPenalties * rawPenalty
%                        = 1.0 * -609.000000
%                        = -609.000000
%     Score = -2,838.095176 (regressionFit = 3,447.095155, totalPenalty = -608.999979)
%       for clause: action(A, _) :- facingleft(A), diversnotfull(A).  [covers 6,090.0/16,054.0 pos, 0.0/0.0 neg]
%           Grounding 0: weight=1.0 threshold=0.7 -> HIGH
%           Grounding 0: weight=1.0 threshold=0.7 -> HIGH
%       === Grounding Penalty Calculation ===
%         Examples checked: 16054
%         Examples with cached bindings: 8162
%         Total groundings evaluated: 8162
%         High attention groundings (>= 0.7): 8162
%         Low attention groundings (< 0.7): 0
%       
%         Raw penalty = -alpha * k_high + beta * k_low
%                     = -0.1 * 8162 + 0.0 * 0
%                     = -816.2 + 0.0
%                     = -816.200000
%       
%         Scaled penalty = scalingPenalties * rawPenalty
%                        = 1.0 * -816.200000
%                        = -816.200000
%     Score = -2,708.458705 (regressionFit = 3,524.658684, totalPenalty = -816.199979)
%       for clause: action(A, _) :- facingleft(A), oxygenok(A).  [covers 8,162.0/16,054.0 pos, 0.0/0.0 neg]
%           Grounding 0: weight=0.788 threshold=0.7 -> HIGH
%           Grounding 0: weight=0.929 threshold=0.7 -> HIGH
%       === Grounding Penalty Calculation ===
%         Examples checked: 16054
%         Examples with cached bindings: 2524
%         Total groundings evaluated: 2524
%         High attention groundings (>= 0.7): 1528
%         Low attention groundings (< 0.7): 996
%       
%         Raw penalty = -alpha * k_high + beta * k_low
%                     = -0.1 * 1528 + 0.0 * 996
%                     = -152.8 + 0.0
%                     = -152.800000
%       
%         Scaled penalty = scalingPenalties * rawPenalty
%                        = 1.0 * -152.800000
%                        = -152.800000
%     Score = -3,392.430760 (regressionFit = 3,545.230738, totalPenalty = -152.799978)
%       for clause: action(A, _) :- facingleft(A), visiblediver(A, _).  [covers 4,918.0/16,054.0 pos, 0.0/0.0 neg]
%           Grounding 0: weight=0.93 threshold=0.7 -> HIGH
%           Grounding 0: weight=0.902 threshold=0.7 -> HIGH
%       === Grounding Penalty Calculation ===
%         Examples checked: 16054
%         Examples with cached bindings: 1210
%         Total groundings evaluated: 1210
%         High attention groundings (>= 0.7): 784
%         Low attention groundings (< 0.7): 426
%       
%         Raw penalty = -alpha * k_high + beta * k_low
%                     = -0.1 * 784 + 0.0 * 426
%                     = -78.4 + 0.0
%                     = -78.400000
%       
%         Scaled penalty = scalingPenalties * rawPenalty
%                        = 1.0 * -78.400000
%                        = -78.400000
%     Score = -3,381.432668 (regressionFit = 3,459.832646, totalPenalty = -78.399978)
%       for clause: action(A, _) :- facingleft(A), visibleenemy(A, _).  [covers 6,386.0/16,054.0 pos, 0.0/0.0 neg]
%           Grounding 0: weight=0.552 threshold=0.7 -> LOW
%           Grounding 0: weight=0.563 threshold=0.7 -> LOW
%       === Grounding Penalty Calculation ===
%         Examples checked: 16054
%         Examples with cached bindings: 2552
%         Total groundings evaluated: 2552
%         High attention groundings (>= 0.7): 508
%         Low attention groundings (< 0.7): 2044
%       
%         Raw penalty = -alpha * k_high + beta * k_low
%                     = -0.1 * 508 + 0.0 * 2044
%                     = -50.800000000000004 + 0.0
%                     = -50.800000
%       
%         Scaled penalty = scalingPenalties * rawPenalty
%                        = 1.0 * -50.800000
%                        = -50.800000
%     Score = -3,435.679448 (regressionFit = 3,486.479426, totalPenalty = -50.799978)
%       for clause: action(A, _) :- facingleft(A), visibleenemysubmarine(A, _).  [covers 6,154.0/16,054.0 pos, 0.0/0.0 neg]

% Consider expanding [#5 of outerLoop #1, bodyLen=1] 'action(A, _) :- facingright(A).  [covers 7,563.0/16,054.0 pos, 0.0/0.0 neg]' score=-2788.0798390890154
%  At # nodes expanded = 5, |OPEN| = 5.  Pruned 0 variant children.  Sending 7 items to OPEN for evaluation and possible insertion.
% Have created 7 valid-on-seeds descendants and have picked up 4 bad extensions.
%           Grounding 0: weight=1.0 threshold=0.7 -> HIGH
%           Grounding 0: weight=1.0 threshold=0.7 -> HIGH
%       === Grounding Penalty Calculation ===
%         Examples checked: 16054
%         Examples with cached bindings: 1358
%         Total groundings evaluated: 1358
%         High attention groundings (>= 0.7): 1358
%         Low attention groundings (< 0.7): 0
%       
%         Raw penalty = -alpha * k_high + beta * k_low
%                     = -0.1 * 1358 + 0.0 * 0
%                     = -135.8 + 0.0
%                     = -135.800000
%       
%         Scaled penalty = scalingPenalties * rawPenalty
%                        = 1.0 * -135.800000
%                        = -135.800000
%     Score = -3,390.359642 (regressionFit = 3,526.159621, totalPenalty = -135.799979)
%       for clause: action(A, _) :- facingright(A), diversempty(A).  [covers 1,358.0/16,054.0 pos, 0.0/0.0 neg]
%           Grounding 0: weight=1.0 threshold=0.7 -> HIGH
%           Grounding 0: weight=1.0 threshold=0.7 -> HIGH
%       === Grounding Penalty Calculation ===
%         Examples checked: 16054
%         Examples with cached bindings: 5666
%         Total groundings evaluated: 5666
%         High attention groundings (>= 0.7): 5666
%         Low attention groundings (< 0.7): 0
%       
%         Raw penalty = -alpha * k_high + beta * k_low
%                     = -0.1 * 5666 + 0.0 * 0
%                     = -566.6 + 0.0
%                     = -566.600000
%       
%         Scaled penalty = scalingPenalties * rawPenalty
%                        = 1.0 * -566.600000
%                        = -566.600000
%     Score = -3,007.155943 (regressionFit = 3,573.755922, totalPenalty = -566.599979)
%       for clause: action(A, _) :- facingright(A), diversnotfull(A).  [covers 5,666.0/16,054.0 pos, 0.0/0.0 neg]
%           Grounding 0: weight=1.0 threshold=0.7 -> HIGH
%           Grounding 0: weight=1.0 threshold=0.7 -> HIGH
%       === Grounding Penalty Calculation ===
%         Examples checked: 16054
%         Examples with cached bindings: 7563
%         Total groundings evaluated: 7563
%         High attention groundings (>= 0.7): 7563
%         Low attention groundings (< 0.7): 0
%       
%         Raw penalty = -alpha * k_high + beta * k_low
%                     = -0.1 * 7563 + 0.0 * 0
%                     = -756.3000000000001 + 0.0
%                     = -756.300000
%       
%         Scaled penalty = scalingPenalties * rawPenalty
%                        = 1.0 * -756.300000
%                        = -756.300000
%     Score = -2,788.079849 (regressionFit = 3,544.379828, totalPenalty = -756.299979)
%       for clause: action(A, _) :- facingright(A), oxygenok(A).  [covers 7,563.0/16,054.0 pos, 0.0/0.0 neg]
%           Grounding 0: weight=0.984 threshold=0.7 -> HIGH
%           Grounding 0: weight=0.687 threshold=0.7 -> LOW
%       === Grounding Penalty Calculation ===
%         Examples checked: 16054
%         Examples with cached bindings: 2354
%         Total groundings evaluated: 2354
%         High attention groundings (>= 0.7): 1316
%         Low attention groundings (< 0.7): 1038
%       
%         Raw penalty = -alpha * k_high + beta * k_low
%                     = -0.1 * 1316 + 0.0 * 1038
%                     = -131.6 + 0.0
%                     = -131.600000
%       
%         Scaled penalty = scalingPenalties * rawPenalty
%                        = 1.0 * -131.600000
%                        = -131.600000
%     Score = -3,427.874278 (regressionFit = 3,559.474256, totalPenalty = -131.599978)
%       for clause: action(A, _) :- facingright(A), visiblediver(A, _).  [covers 4,274.0/16,054.0 pos, 0.0/0.0 neg]
%           Grounding 0: weight=0.876 threshold=0.7 -> HIGH
%           Grounding 0: weight=0.96 threshold=0.7 -> HIGH
%       === Grounding Penalty Calculation ===
%         Examples checked: 16054
%         Examples with cached bindings: 1093
%         Total groundings evaluated: 1093
%         High attention groundings (>= 0.7): 629
%         Low attention groundings (< 0.7): 464
%       
%         Raw penalty = -alpha * k_high + beta * k_low
%                     = -0.1 * 629 + 0.0 * 464
%                     = -62.900000000000006 + 0.0
%                     = -62.900000
%       
%         Scaled penalty = scalingPenalties * rawPenalty
%                        = 1.0 * -62.900000
%                        = -62.900000
%     Score = -3,508.153084 (regressionFit = 3,571.053062, totalPenalty = -62.899978)
%       for clause: action(A, _) :- facingright(A), visibleenemy(A, _).  [covers 5,336.0/16,054.0 pos, 0.0/0.0 neg]
%           Grounding 0: weight=0.605 threshold=0.7 -> LOW
%           Grounding 0: weight=0.793 threshold=0.7 -> HIGH
%       === Grounding Penalty Calculation ===
%         Examples checked: 16054
%         Examples with cached bindings: 2403
%         Total groundings evaluated: 2403
%         High attention groundings (>= 0.7): 488
%         Low attention groundings (< 0.7): 1915
%       
%         Raw penalty = -alpha * k_high + beta * k_low
%                     = -0.1 * 488 + 0.0 * 1915
%                     = -48.800000000000004 + 0.0
%                     = -48.800000
%       
%         Scaled penalty = scalingPenalties * rawPenalty
%                        = 1.0 * -48.800000
%                        = -48.800000
%     Score = -3,523.785568 (regressionFit = 3,572.585546, totalPenalty = -48.799978)
%       for clause: action(A, _) :- facingright(A), visibleenemysubmarine(A, _).  [covers 5,721.0/16,054.0 pos, 0.0/0.0 neg]
%           Grounding 0: weight=1.0 threshold=0.7 -> HIGH
%           Grounding 0: weight=1.0 threshold=0.7 -> HIGH
%       === Grounding Penalty Calculation ===
%         Examples checked: 16054
%         Examples with cached bindings: 1440
%         Total groundings evaluated: 1440
%         High attention groundings (>= 0.7): 1440
%         Low attention groundings (< 0.7): 0
%       
%         Raw penalty = -alpha * k_high + beta * k_low
%                     = -0.1 * 1440 + 0.0 * 0
%                     = -144.0 + 0.0
%                     = -144.000000
%       
%         Scaled penalty = scalingPenalties * rawPenalty
%                        = 1.0 * -144.000000
%                        = -144.000000
%     Score = -3,429.755858 (regressionFit = 3,573.755835, totalPenalty = -143.999978)
%       for clause: action(A, _) :- facingright(A), visiblemissile(A, _).  [covers 2,310.0/16,054.0 pos, 0.0/0.0 neg]

% Consider expanding [#6 of outerLoop #1, bodyLen=1] 'action(A, _) :- diversempty(A).  [covers 2,872.0/16,054.0 pos, 0.0/0.0 neg]' score=-3221.503555464188
%  At # nodes expanded = 6, |OPEN| = 4.  Pruned 0 variant children.  Sending 3 items to OPEN for evaluation and possible insertion.
% Have created 3 valid-on-seeds descendants and have picked up 8 bad extensions.
%           Grounding 0: weight=1.0 threshold=0.7 -> HIGH
%           Grounding 0: weight=1.0 threshold=0.7 -> HIGH
%       === Grounding Penalty Calculation ===
%         Examples checked: 16054
%         Examples with cached bindings: 1358
%         Total groundings evaluated: 1358
%         High attention groundings (>= 0.7): 1358
%         Low attention groundings (< 0.7): 0
%       
%         Raw penalty = -alpha * k_high + beta * k_low
%                     = -0.1 * 1358 + 0.0 * 0
%                     = -135.8 + 0.0
%                     = -135.800000
%       
%         Scaled penalty = scalingPenalties * rawPenalty
%                        = 1.0 * -135.800000
%                        = -135.800000
%     Score = -3,390.359642 (regressionFit = 3,526.159621, totalPenalty = -135.799979)
%       for clause: action(A, _) :- diversempty(A), facingright(A).  [covers 1,358.0/16,054.0 pos, 0.0/0.0 neg]
%           Grounding 0: weight=1.0 threshold=0.7 -> HIGH
%           Grounding 0: weight=1.0 threshold=0.7 -> HIGH
%       === Grounding Penalty Calculation ===
%         Examples checked: 16054
%         Examples with cached bindings: 2872
%         Total groundings evaluated: 2872
%         High attention groundings (>= 0.7): 2872
%         Low attention groundings (< 0.7): 0
%       
%         Raw penalty = -alpha * k_high + beta * k_low
%                     = -0.1 * 2872 + 0.0 * 0
%                     = -287.2 + 0.0
%                     = -287.200000
%       
%         Scaled penalty = scalingPenalties * rawPenalty
%                        = 1.0 * -287.200000
%                        = -287.200000
%     Score = -3,221.503565 (regressionFit = 3,508.703544, totalPenalty = -287.199979)
%       for clause: action(A, _) :- diversempty(A), oxygenok(A).  [covers 2,872.0/16,054.0 pos, 0.0/0.0 neg]
%           Grounding 0: weight=0.68 threshold=0.7 -> LOW
%           Grounding 0: weight=0.673 threshold=0.7 -> LOW
%       === Grounding Penalty Calculation ===
%         Examples checked: 16054
%         Examples with cached bindings: 1217
%         Total groundings evaluated: 1217
%         High attention groundings (>= 0.7): 216
%         Low attention groundings (< 0.7): 1001
%       
%         Raw penalty = -alpha * k_high + beta * k_low
%                     = -0.1 * 216 + 0.0 * 1001
%                     = -21.6 + 0.0
%                     = -21.600000
%       
%         Scaled penalty = scalingPenalties * rawPenalty
%                        = 1.0 * -21.600000
%                        = -21.600000
%     Score = -3,528.424321 (regressionFit = 3,550.024299, totalPenalty = -21.599978)
%       for clause: action(A, _) :- diversempty(A), visibleenemysubmarine(A, _).  [covers 1,708.0/16,054.0 pos, 0.0/0.0 neg]

% Consider expanding [#7 of outerLoop #1, bodyLen=1] 'action(A, _) :- visiblemissile(A, _).  [covers 4,791.0/16,054.0 pos, 0.0/0.0 neg]' score=-3262.2313832644163
%  At # nodes expanded = 7, |OPEN| = 3.  Pruned 0 variant children.  Sending 11 items to OPEN for evaluation and possible insertion.
% Have created 11 valid-on-seeds descendants and have picked up 7 bad extensions.
%           Grounding 0: weight=1.0 threshold=0.7 -> HIGH
%           Grounding 0: weight=1.0 threshold=0.7 -> HIGH
%       === Grounding Penalty Calculation ===
%         Examples checked: 16054
%         Examples with cached bindings: 2170
%         Total groundings evaluated: 2170
%         High attention groundings (>= 0.7): 2170
%         Low attention groundings (< 0.7): 0
%       
%         Raw penalty = -alpha * k_high + beta * k_low
%                     = -0.1 * 2170 + 0.0 * 0
%                     = -217.0 + 0.0
%                     = -217.000000
%       
%         Scaled penalty = scalingPenalties * rawPenalty
%                        = 1.0 * -217.000000
%                        = -217.000000
%     Score = -3,356.716601 (regressionFit = 3,573.716579, totalPenalty = -216.999979)
%       for clause: action(A, _) :- visiblemissile(A, B), aboveofmissile(A, B).  [covers 3,076.0/16,054.0 pos, 0.0/0.0 neg]
%           Grounding 0: weight=1.0 threshold=0.7 -> HIGH
%           Grounding 0: weight=1.0 threshold=0.7 -> HIGH
%       === Grounding Penalty Calculation ===
%         Examples checked: 16054
%         Examples with cached bindings: 2093
%         Total groundings evaluated: 2093
%         High attention groundings (>= 0.7): 2093
%         Low attention groundings (< 0.7): 0
%       
%         Raw penalty = -alpha * k_high + beta * k_low
%                     = -0.1 * 2093 + 0.0 * 0
%                     = -209.3 + 0.0
%                     = -209.300000
%       
%         Scaled penalty = scalingPenalties * rawPenalty
%                        = 1.0 * -209.300000
%                        = -209.300000
%     Score = -3,324.409528 (regressionFit = 3,533.709506, totalPenalty = -209.299979)
%       for clause: action(A, _) :- visiblemissile(A, B), belowofmissile(A, B).  [covers 2,406.0/16,054.0 pos, 0.0/0.0 neg]
%           Grounding 0: weight=1.0 threshold=0.7 -> HIGH
%           Grounding 0: weight=1.0 threshold=0.7 -> HIGH
%       === Grounding Penalty Calculation ===
%         Examples checked: 16054
%         Examples with cached bindings: 2471
%         Total groundings evaluated: 2471
%         High attention groundings (>= 0.7): 2471
%         Low attention groundings (< 0.7): 0
%       
%         Raw penalty = -alpha * k_high + beta * k_low
%                     = -0.1 * 2471 + 0.0 * 0
%                     = -247.10000000000002 + 0.0
%                     = -247.100000
%       
%         Scaled penalty = scalingPenalties * rawPenalty
%                        = 1.0 * -247.100000
%                        = -247.100000
%     Score = -3,293.695983 (regressionFit = 3,540.795961, totalPenalty = -247.099978)
%       for clause: action(A, _) :- visiblemissile(A, _), diversnotfull(A).  [covers 3,918.0/16,054.0 pos, 0.0/0.0 neg]
%           Grounding 0: weight=1.0 threshold=0.7 -> HIGH
%           Grounding 0: weight=1.0 threshold=0.7 -> HIGH
%       === Grounding Penalty Calculation ===
%         Examples checked: 16054
%         Examples with cached bindings: 1440
%         Total groundings evaluated: 1440
%         High attention groundings (>= 0.7): 1440
%         Low attention groundings (< 0.7): 0
%       
%         Raw penalty = -alpha * k_high + beta * k_low
%                     = -0.1 * 1440 + 0.0 * 0
%                     = -144.0 + 0.0
%                     = -144.000000
%       
%         Scaled penalty = scalingPenalties * rawPenalty
%                        = 1.0 * -144.000000
%                        = -144.000000
%     Score = -3,429.755858 (regressionFit = 3,573.755835, totalPenalty = -143.999978)
%       for clause: action(A, _) :- visiblemissile(A, _), facingright(A).  [covers 2,310.0/16,054.0 pos, 0.0/0.0 neg]
% [ LazyGroundNthArgumentClauseIndex ]  Argument 0:  Building full index for leftofmissile/2.
%           Grounding 0: weight=1.0 threshold=0.7 -> HIGH
%           Grounding 0: weight=1.0 threshold=0.7 -> HIGH
%       === Grounding Penalty Calculation ===
%         Examples checked: 16054
%         Examples with cached bindings: 1375
%         Total groundings evaluated: 1375
%         High attention groundings (>= 0.7): 1375
%         Low attention groundings (< 0.7): 0
%       
%         Raw penalty = -alpha * k_high + beta * k_low
%                     = -0.1 * 1375 + 0.0 * 0
%                     = -137.5 + 0.0
%                     = -137.500000
%       
%         Scaled penalty = scalingPenalties * rawPenalty
%                        = 1.0 * -137.500000
%                        = -137.500000
%     Score = -3,433.135660 (regressionFit = 3,570.635639, totalPenalty = -137.499979)
%       for clause: action(A, _) :- visiblemissile(A, B), leftofmissile(A, B).  [covers 1,909.0/16,054.0 pos, 0.0/0.0 neg]
%           Grounding 0: weight=1.0 threshold=0.7 -> HIGH
%           Grounding 0: weight=1.0 threshold=0.7 -> HIGH
%       === Grounding Penalty Calculation ===
%         Examples checked: 16054
%         Examples with cached bindings: 2940
%         Total groundings evaluated: 2940
%         High attention groundings (>= 0.7): 2940
%         Low attention groundings (< 0.7): 0
%       
%         Raw penalty = -alpha * k_high + beta * k_low
%                     = -0.1 * 2940 + 0.0 * 0
%                     = -294.0 + 0.0
%                     = -294.000000
%       
%         Scaled penalty = scalingPenalties * rawPenalty
%                        = 1.0 * -294.000000
%                        = -294.000000
%     Score = -3,262.727240 (regressionFit = 3,556.727217, totalPenalty = -293.999978)
%       for clause: action(A, _) :- visiblemissile(A, _), oxygenok(A).  [covers 4,697.0/16,054.0 pos, 0.0/0.0 neg]
% [ LazyGroundNthArgumentClauseIndex ]  Argument 0:  Building full index for samelevelasmissile/2.
%           Grounding 0: weight=1.0 threshold=0.7 -> HIGH
%           Grounding 0: weight=1.0 threshold=0.7 -> HIGH
%       === Grounding Penalty Calculation ===
%         Examples checked: 16054
%         Examples with cached bindings: 178
%         Total groundings evaluated: 178
%         High attention groundings (>= 0.7): 178
%         Low attention groundings (< 0.7): 0
%       
%         Raw penalty = -alpha * k_high + beta * k_low
%                     = -0.1 * 178 + 0.0 * 0
%                     = -17.8 + 0.0
%                     = -17.800000
%       
%         Scaled penalty = scalingPenalties * rawPenalty
%                        = 1.0 * -17.800000
%                        = -17.800000
%     Score = -3,551.025733 (regressionFit = 3,568.825712, totalPenalty = -17.799979)
%       for clause: action(A, _) :- visiblemissile(A, B), samelevelasmissile(A, B).  [covers 178.0/16,054.0 pos, 0.0/0.0 neg]
%           Grounding 0: weight=0.788 threshold=0.7 -> HIGH
%           Grounding 0: weight=0.984 threshold=0.7 -> HIGH
%       === Grounding Penalty Calculation ===
%         Examples checked: 16054
%         Examples with cached bindings: 1932
%         Total groundings evaluated: 1932
%         High attention groundings (>= 0.7): 919
%         Low attention groundings (< 0.7): 1013
%       
%         Raw penalty = -alpha * k_high + beta * k_low
%                     = -0.1 * 919 + 0.0 * 1013
%                     = -91.9 + 0.0
%                     = -91.900000
%       
%         Scaled penalty = scalingPenalties * rawPenalty
%                        = 1.0 * -91.900000
%                        = -91.900000
%     Score = -3,468.931394 (regressionFit = 3,560.831371, totalPenalty = -91.899977)
%       for clause: action(A, _) :- visiblemissile(A, _), visiblediver(A, _).  [covers 4,791.0/16,054.0 pos, 0.0/0.0 neg]
%           Grounding 0: weight=0.902 threshold=0.7 -> HIGH
%           Grounding 0: weight=0.922 threshold=0.7 -> HIGH
%       === Grounding Penalty Calculation ===
%         Examples checked: 16054
%         Examples with cached bindings: 733
%         Total groundings evaluated: 733
%         High attention groundings (>= 0.7): 446
%         Low attention groundings (< 0.7): 287
%       
%         Raw penalty = -alpha * k_high + beta * k_low
%                     = -0.1 * 446 + 0.0 * 287
%                     = -44.6 + 0.0
%                     = -44.600000
%       
%         Scaled penalty = scalingPenalties * rawPenalty
%                        = 1.0 * -44.600000
%                        = -44.600000
%     Score = -3,491.824597 (regressionFit = 3,536.424574, totalPenalty = -44.599977)
%       for clause: action(A, _) :- visiblemissile(A, _), visibleenemy(A, _).  [covers 3,236.0/16,054.0 pos, 0.0/0.0 neg]
%           Grounding 0: weight=0.649 threshold=0.7 -> LOW
%           Grounding 0: weight=0.727 threshold=0.7 -> HIGH
%       === Grounding Penalty Calculation ===
%         Examples checked: 16054
%         Examples with cached bindings: 259
%         Total groundings evaluated: 259
%         High attention groundings (>= 0.7): 134
%         Low attention groundings (< 0.7): 125
%       
%         Raw penalty = -alpha * k_high + beta * k_low
%                     = -0.1 * 134 + 0.0 * 125
%                     = -13.4 + 0.0
%                     = -13.400000
%       
%         Scaled penalty = scalingPenalties * rawPenalty
%                        = 1.0 * -13.400000
%                        = -13.400000
%     Score = -3,546.777155 (regressionFit = 3,560.177132, totalPenalty = -13.399977)
%       for clause: action(A, _) :- visiblemissile(A, _), visibleenemysubmarine(A, _).  [covers 4,776.0/16,054.0 pos, 0.0/0.0 neg]
%           Grounding 0: weight=1.0 threshold=0.7 -> HIGH
%           Grounding 0: weight=1.0 threshold=0.7 -> HIGH
%       === Grounding Penalty Calculation ===
%         Examples checked: 16054
%         Examples with cached bindings: 2986
%         Total groundings evaluated: 2986
%         High attention groundings (>= 0.7): 2986
%         Low attention groundings (< 0.7): 0
%       
%         Raw penalty = -alpha * k_high + beta * k_low
%                     = -0.1 * 2986 + 0.0 * 0
%                     = -298.6 + 0.0
%                     = -298.600000
%       
%         Scaled penalty = scalingPenalties * rawPenalty
%                        = 1.0 * -298.600000
%                        = -298.600000
%     Score = -3,262.231393 (regressionFit = 3,560.831371, totalPenalty = -298.599978)
%       for clause: action(A, _) :- visiblemissile(A, _), visiblemissile(A, _).  [covers 4,791.0/16,054.0 pos, 0.0/0.0 neg]

% Consider expanding [#8 of outerLoop #1, bodyLen=1] 'action(A, _) :- visiblediver(A, _).  [covers 9,406.0/16,054.0 pos, 0.0/0.0 neg]' score=-3277.3906095662273
%  At # nodes expanded = 8, |OPEN| = 2.  Pruned 0 variant children.  Sending 14 items to OPEN for evaluation and possible insertion.
% Have created 14 valid-on-seeds descendants and have picked up 4 bad extensions.
%           Grounding 0: weight=0.528 threshold=0.7 -> LOW
%           Grounding 0: weight=0.641 threshold=0.7 -> LOW
%       === Grounding Penalty Calculation ===
%         Examples checked: 16054
%         Examples with cached bindings: 4242
%         Total groundings evaluated: 4242
%         High attention groundings (>= 0.7): 1755
%         Low attention groundings (< 0.7): 2487
%       
%         Raw penalty = -alpha * k_high + beta * k_low
%                     = -0.1 * 1755 + 0.0 * 2487
%                     = -175.5 + 0.0
%                     = -175.500000
%       
%         Scaled penalty = scalingPenalties * rawPenalty
%                        = 1.0 * -175.500000
%                        = -175.500000
%     Score = -3,382.257225 (regressionFit = 3,557.757204, totalPenalty = -175.499979)
%       for clause: action(A, _) :- visiblediver(A, B), aboveofdiver(A, B).  [covers 6,276.0/16,054.0 pos, 0.0/0.0 neg]
%           Grounding 0: weight=0.528 threshold=0.7 -> LOW
%           Grounding 0: weight=0.641 threshold=0.7 -> LOW
%       === Grounding Penalty Calculation ===
%         Examples checked: 16054
%         Examples with cached bindings: 2709
%         Total groundings evaluated: 2709
%         High attention groundings (>= 0.7): 958
%         Low attention groundings (< 0.7): 1751
%       
%         Raw penalty = -alpha * k_high + beta * k_low
%                     = -0.1 * 958 + 0.0 * 1751
%                     = -95.80000000000001 + 0.0
%                     = -95.800000
%       
%         Scaled penalty = scalingPenalties * rawPenalty
%                        = 1.0 * -95.800000
%                        = -95.800000
%     Score = -3,457.671510 (regressionFit = 3,553.471488, totalPenalty = -95.799979)
%       for clause: action(A, _) :- visiblediver(A, B), belowofdiver(A, B).  [covers 3,235.0/16,054.0 pos, 0.0/0.0 neg]
%           Grounding 0: weight=0.788 threshold=0.7 -> HIGH
%           Grounding 0: weight=0.984 threshold=0.7 -> HIGH
%       === Grounding Penalty Calculation ===
%         Examples checked: 16054
%         Examples with cached bindings: 3925
%         Total groundings evaluated: 3925
%         High attention groundings (>= 0.7): 2367
%         Low attention groundings (< 0.7): 1558
%       
%         Raw penalty = -alpha * k_high + beta * k_low
%                     = -0.1 * 2367 + 0.0 * 1558
%                     = -236.70000000000002 + 0.0
%                     = -236.700000
%       
%         Scaled penalty = scalingPenalties * rawPenalty
%                        = 1.0 * -236.700000
%                        = -236.700000
%     Score = -3,320.820911 (regressionFit = 3,557.520888, totalPenalty = -236.699978)
%       for clause: action(A, _) :- visiblediver(A, _), diversnotfull(A).  [covers 7,291.0/16,054.0 pos, 0.0/0.0 neg]
%           Grounding 0: weight=0.788 threshold=0.7 -> HIGH
%           Grounding 0: weight=0.929 threshold=0.7 -> HIGH
%       === Grounding Penalty Calculation ===
%         Examples checked: 16054
%         Examples with cached bindings: 2524
%         Total groundings evaluated: 2524
%         High attention groundings (>= 0.7): 1528
%         Low attention groundings (< 0.7): 996
%       
%         Raw penalty = -alpha * k_high + beta * k_low
%                     = -0.1 * 1528 + 0.0 * 996
%                     = -152.8 + 0.0
%                     = -152.800000
%       
%         Scaled penalty = scalingPenalties * rawPenalty
%                        = 1.0 * -152.800000
%                        = -152.800000
%     Score = -3,392.430760 (regressionFit = 3,545.230738, totalPenalty = -152.799978)
%       for clause: action(A, _) :- visiblediver(A, _), facingleft(A).  [covers 4,918.0/16,054.0 pos, 0.0/0.0 neg]
%           Grounding 0: weight=0.984 threshold=0.7 -> HIGH
%           Grounding 0: weight=0.687 threshold=0.7 -> LOW
%       === Grounding Penalty Calculation ===
%         Examples checked: 16054
%         Examples with cached bindings: 2354
%         Total groundings evaluated: 2354
%         High attention groundings (>= 0.7): 1316
%         Low attention groundings (< 0.7): 1038
%       
%         Raw penalty = -alpha * k_high + beta * k_low
%                     = -0.1 * 1316 + 0.0 * 1038
%                     = -131.6 + 0.0
%                     = -131.600000
%       
%         Scaled penalty = scalingPenalties * rawPenalty
%                        = 1.0 * -131.600000
%                        = -131.600000
%     Score = -3,427.874278 (regressionFit = 3,559.474256, totalPenalty = -131.599978)
%       for clause: action(A, _) :- visiblediver(A, _), facingright(A).  [covers 4,274.0/16,054.0 pos, 0.0/0.0 neg]
%           Grounding 0: weight=0.641 threshold=0.7 -> LOW
%           Grounding 0: weight=0.618 threshold=0.7 -> LOW
%       === Grounding Penalty Calculation ===
%         Examples checked: 16054
%         Examples with cached bindings: 3168
%         Total groundings evaluated: 3168
%         High attention groundings (>= 0.7): 1318
%         Low attention groundings (< 0.7): 1850
%       
%         Raw penalty = -alpha * k_high + beta * k_low
%                     = -0.1 * 1318 + 0.0 * 1850
%                     = -131.8 + 0.0
%                     = -131.800000
%       
%         Scaled penalty = scalingPenalties * rawPenalty
%                        = 1.0 * -131.800000
%                        = -131.800000
%     Score = -3,433.634144 (regressionFit = 3,565.434123, totalPenalty = -131.799979)
%       for clause: action(A, _) :- visiblediver(A, B), leftofdiver(A, B).  [covers 4,540.0/16,054.0 pos, 0.0/0.0 neg]
%           Grounding 0: weight=0.641 threshold=0.7 -> LOW
%           Grounding 0: weight=0.788 threshold=0.7 -> HIGH
%       === Grounding Penalty Calculation ===
%         Examples checked: 16054
%         Examples with cached bindings: 2139
%         Total groundings evaluated: 2139
%         High attention groundings (>= 0.7): 1392
%         Low attention groundings (< 0.7): 747
%       
%         Raw penalty = -alpha * k_high + beta * k_low
%                     = -0.1 * 1392 + 0.0 * 747
%                     = -139.20000000000002 + 0.0
%                     = -139.200000
%       
%         Scaled penalty = scalingPenalties * rawPenalty
%                        = 1.0 * -139.200000
%                        = -139.200000
%     Score = -3,353.885615 (regressionFit = 3,493.085594, totalPenalty = -139.199979)
%       for clause: action(A, _) :- visiblediver(A, B), nearbydiver(A, B).  [covers 2,241.0/16,054.0 pos, 0.0/0.0 neg]
%           Grounding 0: weight=0.788 threshold=0.7 -> HIGH
%           Grounding 0: weight=0.984 threshold=0.7 -> HIGH
%       === Grounding Penalty Calculation ===
%         Examples checked: 16054
%         Examples with cached bindings: 4878
%         Total groundings evaluated: 4878
%         High attention groundings (>= 0.7): 2844
%         Low attention groundings (< 0.7): 2034
%       
%         Raw penalty = -alpha * k_high + beta * k_low
%                     = -0.1 * 2844 + 0.0 * 2034
%                     = -284.40000000000003 + 0.0
%                     = -284.400000
%       
%         Scaled penalty = scalingPenalties * rawPenalty
%                        = 1.0 * -284.400000
%                        = -284.400000
%     Score = -3,286.794981 (regressionFit = 3,571.194959, totalPenalty = -284.399978)
%       for clause: action(A, _) :- visiblediver(A, _), oxygenok(A).  [covers 9,192.0/16,054.0 pos, 0.0/0.0 neg]
%           Grounding 0: weight=0.528 threshold=0.7 -> LOW
%           Grounding 0: weight=0.618 threshold=0.7 -> LOW
%       === Grounding Penalty Calculation ===
%         Examples checked: 16054
%         Examples with cached bindings: 2929
%         Total groundings evaluated: 2929
%         High attention groundings (>= 0.7): 1137
%         Low attention groundings (< 0.7): 1792
%       
%         Raw penalty = -alpha * k_high + beta * k_low
%                     = -0.1 * 1137 + 0.0 * 1792
%                     = -113.7 + 0.0
%                     = -113.700000
%       
%         Scaled penalty = scalingPenalties * rawPenalty
%                        = 1.0 * -113.700000
%                        = -113.700000
%     Score = -3,459.179198 (regressionFit = 3,572.879177, totalPenalty = -113.699979)
%       for clause: action(A, _) :- visiblediver(A, B), rightofdiver(A, B).  [covers 4,392.0/16,054.0 pos, 0.0/0.0 neg]
%           Grounding 0: weight=0.528 threshold=0.7 -> LOW
%           Grounding 0: weight=0.641 threshold=0.7 -> LOW
%       === Grounding Penalty Calculation ===
%         Examples checked: 16054
%         Examples with cached bindings: 2791
%         Total groundings evaluated: 2791
%         High attention groundings (>= 0.7): 1723
%         Low attention groundings (< 0.7): 1068
%       
%         Raw penalty = -alpha * k_high + beta * k_low
%                     = -0.1 * 1723 + 0.0 * 1068
%                     = -172.3 + 0.0
%                     = -172.300000
%       
%         Scaled penalty = scalingPenalties * rawPenalty
%                        = 1.0 * -172.300000
%                        = -172.300000
%     Score = -3,326.611663 (regressionFit = 3,498.911642, totalPenalty = -172.299979)
%       for clause: action(A, _) :- visiblediver(A, B), samelevelasdiver(A, B).  [covers 2,791.0/16,054.0 pos, 0.0/0.0 neg]
%           Grounding 0: weight=0.788 threshold=0.7 -> HIGH
%           Grounding 0: weight=0.984 threshold=0.7 -> HIGH
%       === Grounding Penalty Calculation ===
%         Examples checked: 16054
%         Examples with cached bindings: 4994
%         Total groundings evaluated: 4994
%         High attention groundings (>= 0.7): 2960
%         Low attention groundings (< 0.7): 2034
%       
%         Raw penalty = -alpha * k_high + beta * k_low
%                     = -0.1 * 2960 + 0.0 * 2034
%                     = -296.0 + 0.0
%                     = -296.000000
%       
%         Scaled penalty = scalingPenalties * rawPenalty
%                        = 1.0 * -296.000000
%                        = -296.000000
%     Score = -3,277.390620 (regressionFit = 3,573.390597, totalPenalty = -295.999978)
%       for clause: action(A, _) :- visiblediver(A, _), visiblediver(A, _).  [covers 9,406.0/16,054.0 pos, 0.0/0.0 neg]
%           Grounding 0: weight=0.565 threshold=0.7 -> LOW
%           Grounding 0: weight=0.719 threshold=0.7 -> HIGH
%       === Grounding Penalty Calculation ===
%         Examples checked: 16054
%         Examples with cached bindings: 815
%         Total groundings evaluated: 815
%         High attention groundings (>= 0.7): 283
%         Low attention groundings (< 0.7): 532
%       
%         Raw penalty = -alpha * k_high + beta * k_low
%                     = -0.1 * 283 + 0.0 * 532
%                     = -28.3 + 0.0
%                     = -28.300000
%       
%         Scaled penalty = scalingPenalties * rawPenalty
%                        = 1.0 * -28.300000
%                        = -28.300000
%     Score = -3,531.074671 (regressionFit = 3,559.374648, totalPenalty = -28.299977)
%       for clause: action(A, _) :- visiblediver(A, _), visibleenemy(A, _).  [covers 7,463.0/16,054.0 pos, 0.0/0.0 neg]
%           Grounding 0: weight=0.74 threshold=0.7 -> HIGH
%           Grounding 0: weight=0.592 threshold=0.7 -> LOW
%       === Grounding Penalty Calculation ===
%         Examples checked: 16054
%         Examples with cached bindings: 1491
%         Total groundings evaluated: 1491
%         High attention groundings (>= 0.7): 213
%         Low attention groundings (< 0.7): 1278
%       
%         Raw penalty = -alpha * k_high + beta * k_low
%                     = -0.1 * 213 + 0.0 * 1278
%                     = -21.3 + 0.0
%                     = -21.300000
%       
%         Scaled penalty = scalingPenalties * rawPenalty
%                        = 1.0 * -21.300000
%                        = -21.300000
%     Score = -3,544.113392 (regressionFit = 3,565.413368, totalPenalty = -21.299977)
%       for clause: action(A, _) :- visiblediver(A, _), visibleenemysubmarine(A, _).  [covers 7,645.0/16,054.0 pos, 0.0/0.0 neg]
%           Grounding 0: weight=0.788 threshold=0.7 -> HIGH
%           Grounding 0: weight=0.984 threshold=0.7 -> HIGH
%       === Grounding Penalty Calculation ===
%         Examples checked: 16054
%         Examples with cached bindings: 1932
%         Total groundings evaluated: 1932
%         High attention groundings (>= 0.7): 919
%         Low attention groundings (< 0.7): 1013
%       
%         Raw penalty = -alpha * k_high + beta * k_low
%                     = -0.1 * 919 + 0.0 * 1013
%                     = -91.9 + 0.0
%                     = -91.900000
%       
%         Scaled penalty = scalingPenalties * rawPenalty
%                        = 1.0 * -91.900000
%                        = -91.900000
%     Score = -3,468.931394 (regressionFit = 3,560.831371, totalPenalty = -91.899977)
%       for clause: action(A, _) :- visiblediver(A, _), visiblemissile(A, _).  [covers 4,791.0/16,054.0 pos, 0.0/0.0 neg]

% Consider expanding [#9 of outerLoop #1, bodyLen=1] 'action(A, _) :- visibleenemy(A, _).  [covers 12,011.0/16,054.0 pos, 0.0/0.0 neg]' score=-3279.4998808384066
%  At # nodes expanded = 9, |OPEN| = 1.  Pruned 0 variant children.  Sending 13 items to OPEN for evaluation and possible insertion.
% Have created 13 valid-on-seeds descendants and have picked up 5 bad extensions.
%           Grounding 0: weight=0.719 threshold=0.7 -> HIGH
%           Grounding 0: weight=0.54 threshold=0.7 -> LOW
%       === Grounding Penalty Calculation ===
%         Examples checked: 16054
%         Examples with cached bindings: 1920
%         Total groundings evaluated: 1920
%         High attention groundings (>= 0.7): 662
%         Low attention groundings (< 0.7): 1258
%       
%         Raw penalty = -alpha * k_high + beta * k_low
%                     = -0.1 * 662 + 0.0 * 1258
%                     = -66.2 + 0.0
%                     = -66.200000
%       
%         Scaled penalty = scalingPenalties * rawPenalty
%                        = 1.0 * -66.200000
%                        = -66.200000
%     Score = -3,507.384072 (regressionFit = 3,573.584051, totalPenalty = -66.199979)
%       for clause: action(A, _) :- visibleenemy(A, B), aboveofenemy(A, B).  [covers 7,799.0/16,054.0 pos, 0.0/0.0 neg]
%           Grounding 0: weight=0.719 threshold=0.7 -> HIGH
%           Grounding 0: weight=0.509 threshold=0.7 -> LOW
%       === Grounding Penalty Calculation ===
%         Examples checked: 16054
%         Examples with cached bindings: 1795
%         Total groundings evaluated: 1795
%         High attention groundings (>= 0.7): 493
%         Low attention groundings (< 0.7): 1302
%       
%         Raw penalty = -alpha * k_high + beta * k_low
%                     = -0.1 * 493 + 0.0 * 1302
%                     = -49.300000000000004 + 0.0
%                     = -49.300000
%       
%         Scaled penalty = scalingPenalties * rawPenalty
%                        = 1.0 * -49.300000
%                        = -49.300000
%     Score = -3,482.650421 (regressionFit = 3,531.950400, totalPenalty = -49.299979)
%       for clause: action(A, _) :- visibleenemy(A, B), belowofenemy(A, B).  [covers 5,933.0/16,054.0 pos, 0.0/0.0 neg]
%           Grounding 0: weight=0.93 threshold=0.7 -> HIGH
%           Grounding 0: weight=0.902 threshold=0.7 -> HIGH
%       === Grounding Penalty Calculation ===
%         Examples checked: 16054
%         Examples with cached bindings: 2027
%         Total groundings evaluated: 2027
%         High attention groundings (>= 0.7): 1299
%         Low attention groundings (< 0.7): 728
%       
%         Raw penalty = -alpha * k_high + beta * k_low
%                     = -0.1 * 1299 + 0.0 * 728
%                     = -129.9 + 0.0
%                     = -129.900000
%       
%         Scaled penalty = scalingPenalties * rawPenalty
%                        = 1.0 * -129.900000
%                        = -129.900000
%     Score = -3,256.005775 (regressionFit = 3,385.905753, totalPenalty = -129.899978)
%       for clause: action(A, _) :- visibleenemy(A, _), diversnotfull(A).  [covers 9,646.0/16,054.0 pos, 0.0/0.0 neg]
%           Grounding 0: weight=0.93 threshold=0.7 -> HIGH
%           Grounding 0: weight=0.902 threshold=0.7 -> HIGH
%       === Grounding Penalty Calculation ===
%         Examples checked: 16054
%         Examples with cached bindings: 1210
%         Total groundings evaluated: 1210
%         High attention groundings (>= 0.7): 784
%         Low attention groundings (< 0.7): 426
%       
%         Raw penalty = -alpha * k_high + beta * k_low
%                     = -0.1 * 784 + 0.0 * 426
%                     = -78.4 + 0.0
%                     = -78.400000
%       
%         Scaled penalty = scalingPenalties * rawPenalty
%                        = 1.0 * -78.400000
%                        = -78.400000
%     Score = -3,381.432668 (regressionFit = 3,459.832646, totalPenalty = -78.399978)
%       for clause: action(A, _) :- visibleenemy(A, _), facingleft(A).  [covers 6,386.0/16,054.0 pos, 0.0/0.0 neg]
%           Grounding 0: weight=0.876 threshold=0.7 -> HIGH
%           Grounding 0: weight=0.96 threshold=0.7 -> HIGH
%       === Grounding Penalty Calculation ===
%         Examples checked: 16054
%         Examples with cached bindings: 1093
%         Total groundings evaluated: 1093
%         High attention groundings (>= 0.7): 629
%         Low attention groundings (< 0.7): 464
%       
%         Raw penalty = -alpha * k_high + beta * k_low
%                     = -0.1 * 629 + 0.0 * 464
%                     = -62.900000000000006 + 0.0
%                     = -62.900000
%       
%         Scaled penalty = scalingPenalties * rawPenalty
%                        = 1.0 * -62.900000
%                        = -62.900000
%     Score = -3,508.153084 (regressionFit = 3,571.053062, totalPenalty = -62.899978)
%       for clause: action(A, _) :- visibleenemy(A, _), facingright(A).  [covers 5,336.0/16,054.0 pos, 0.0/0.0 neg]
%           Grounding 0: weight=0.902 threshold=0.7 -> HIGH
%           Grounding 0: weight=0.522 threshold=0.7 -> LOW
%       === Grounding Penalty Calculation ===
%         Examples checked: 16054
%         Examples with cached bindings: 2951
%         Total groundings evaluated: 2951
%         High attention groundings (>= 0.7): 924
%         Low attention groundings (< 0.7): 2027
%       
%         Raw penalty = -alpha * k_high + beta * k_low
%                     = -0.1 * 924 + 0.0 * 2027
%                     = -92.4 + 0.0
%                     = -92.400000
%       
%         Scaled penalty = scalingPenalties * rawPenalty
%                        = 1.0 * -92.400000
%                        = -92.400000
%     Score = -3,399.773361 (regressionFit = 3,492.173339, totalPenalty = -92.399979)
%       for clause: action(A, _) :- visibleenemy(A, B), leftofenemy(A, B).  [covers 7,901.0/16,054.0 pos, 0.0/0.0 neg]
%           Grounding 0: weight=0.93 threshold=0.7 -> HIGH
%           Grounding 0: weight=0.902 threshold=0.7 -> HIGH
%       === Grounding Penalty Calculation ===
%         Examples checked: 16054
%         Examples with cached bindings: 2303
%         Total groundings evaluated: 2303
%         High attention groundings (>= 0.7): 1413
%         Low attention groundings (< 0.7): 890
%       
%         Raw penalty = -alpha * k_high + beta * k_low
%                     = -0.1 * 1413 + 0.0 * 890
%                     = -141.3 + 0.0
%                     = -141.300000
%       
%         Scaled penalty = scalingPenalties * rawPenalty
%                        = 1.0 * -141.300000
%                        = -141.300000
%     Score = -3,249.830114 (regressionFit = 3,391.130091, totalPenalty = -141.299978)
%       for clause: action(A, _) :- visibleenemy(A, _), oxygenok(A).  [covers 11,722.0/16,054.0 pos, 0.0/0.0 neg]
%           Grounding 0: weight=0.93 threshold=0.7 -> HIGH
%           Grounding 0: weight=0.54 threshold=0.7 -> LOW
%       === Grounding Penalty Calculation ===
%         Examples checked: 16054
%         Examples with cached bindings: 2861
%         Total groundings evaluated: 2861
%         High attention groundings (>= 0.7): 829
%         Low attention groundings (< 0.7): 2032
%       
%         Raw penalty = -alpha * k_high + beta * k_low
%                     = -0.1 * 829 + 0.0 * 2032
%                     = -82.9 + 0.0
%                     = -82.900000
%       
%         Scaled penalty = scalingPenalties * rawPenalty
%                        = 1.0 * -82.900000
%                        = -82.900000
%     Score = -3,429.910177 (regressionFit = 3,512.810155, totalPenalty = -82.899979)
%       for clause: action(A, _) :- visibleenemy(A, B), rightofenemy(A, B).  [covers 7,520.0/16,054.0 pos, 0.0/0.0 neg]
%           Grounding 0: weight=0.93 threshold=0.7 -> HIGH
%           Grounding 0: weight=0.902 threshold=0.7 -> HIGH
%       === Grounding Penalty Calculation ===
%         Examples checked: 16054
%         Examples with cached bindings: 3126
%         Total groundings evaluated: 3126
%         High attention groundings (>= 0.7): 1257
%         Low attention groundings (< 0.7): 1869
%       
%         Raw penalty = -alpha * k_high + beta * k_low
%                     = -0.1 * 1257 + 0.0 * 1869
%                     = -125.7 + 0.0
%                     = -125.700000
%       
%         Scaled penalty = scalingPenalties * rawPenalty
%                        = 1.0 * -125.700000
%                        = -125.700000
%     Score = -2,570.719583 (regressionFit = 2,696.419562, totalPenalty = -125.699979)
%       for clause: action(A, _) :- visibleenemy(A, B), samelevelasenemy(A, B).  [covers 4,796.0/16,054.0 pos, 0.0/0.0 neg]
%           Grounding 0: weight=0.565 threshold=0.7 -> LOW
%           Grounding 0: weight=0.719 threshold=0.7 -> HIGH
%       === Grounding Penalty Calculation ===
%         Examples checked: 16054
%         Examples with cached bindings: 815
%         Total groundings evaluated: 815
%         High attention groundings (>= 0.7): 283
%         Low attention groundings (< 0.7): 532
%       
%         Raw penalty = -alpha * k_high + beta * k_low
%                     = -0.1 * 283 + 0.0 * 532
%                     = -28.3 + 0.0
%                     = -28.300000
%       
%         Scaled penalty = scalingPenalties * rawPenalty
%                        = 1.0 * -28.300000
%                        = -28.300000
%     Score = -3,531.074671 (regressionFit = 3,559.374648, totalPenalty = -28.299977)
%       for clause: action(A, _) :- visibleenemy(A, _), visiblediver(A, _).  [covers 7,463.0/16,054.0 pos, 0.0/0.0 neg]
%           Grounding 0: weight=0.93 threshold=0.7 -> HIGH
%           Grounding 0: weight=0.902 threshold=0.7 -> HIGH
%       === Grounding Penalty Calculation ===
%         Examples checked: 16054
%         Examples with cached bindings: 2338
%         Total groundings evaluated: 2338
%         High attention groundings (>= 0.7): 1448
%         Low attention groundings (< 0.7): 890
%       
%         Raw penalty = -alpha * k_high + beta * k_low
%                     = -0.1 * 1448 + 0.0 * 890
%                     = -144.8 + 0.0
%                     = -144.800000
%       
%         Scaled penalty = scalingPenalties * rawPenalty
%                        = 1.0 * -144.800000
%                        = -144.800000
%     Score = -3,279.499891 (regressionFit = 3,424.299869, totalPenalty = -144.799978)
%       for clause: action(A, _) :- visibleenemy(A, _), visibleenemy(A, _).  [covers 12,011.0/16,054.0 pos, 0.0/0.0 neg]
%           Grounding 0: weight=0.661 threshold=0.7 -> LOW
%           Grounding 0: weight=0.719 threshold=0.7 -> HIGH
%       === Grounding Penalty Calculation ===
%         Examples checked: 16054
%         Examples with cached bindings: 481
%         Total groundings evaluated: 481
%         High attention groundings (>= 0.7): 88
%         Low attention groundings (< 0.7): 393
%       
%         Raw penalty = -alpha * k_high + beta * k_low
%                     = -0.1 * 88 + 0.0 * 393
%                     = -8.8 + 0.0
%                     = -8.800000
%       
%         Scaled penalty = scalingPenalties * rawPenalty
%                        = 1.0 * -8.800000
%                        = -8.800000
%     Score = -3,424.578313 (regressionFit = 3,433.378290, totalPenalty = -8.799977)
%       for clause: action(A, _) :- visibleenemy(A, _), visibleenemysubmarine(A, _).  [covers 9,166.0/16,054.0 pos, 0.0/0.0 neg]
%           Grounding 0: weight=0.902 threshold=0.7 -> HIGH
%           Grounding 0: weight=0.922 threshold=0.7 -> HIGH
%       === Grounding Penalty Calculation ===
%         Examples checked: 16054
%         Examples with cached bindings: 733
%         Total groundings evaluated: 733
%         High attention groundings (>= 0.7): 446
%         Low attention groundings (< 0.7): 287
%       
%         Raw penalty = -alpha * k_high + beta * k_low
%                     = -0.1 * 446 + 0.0 * 287
%                     = -44.6 + 0.0
%                     = -44.600000
%       
%         Scaled penalty = scalingPenalties * rawPenalty
%                        = 1.0 * -44.600000
%                        = -44.600000
%     Score = -3,491.824597 (regressionFit = 3,536.424574, totalPenalty = -44.599977)
%       for clause: action(A, _) :- visibleenemy(A, _), visiblemissile(A, _).  [covers 3,236.0/16,054.0 pos, 0.0/0.0 neg]

***** Warning: #3 TOO MANY NODES CONSIDERED (i.e., 'expanded') for 'LearnOneClause': nodesConsidered = 10 and maxNodesToConsider = 10. *****


% The best node found: action(A, _) :- diversnotfull(A).  [covers 11,756.0/16,054.0 pos, 0.0/0.0 neg]

% The best node found: action(A, _) :- diversnotfull(A).  [covers 11,756.0/16,054.0 pos, 0.0/0.0 neg]

% Expanding node at Level 0 with score = 1.797693e+308.
% Will extend: action(A, _) :- diversnotfull(A).  [covers 11,756.0/16,054.0 pos, 0.0/0.0 neg]
Comparing variance: 0.23863987821566246 to score=0.0025 #egs=11756.0
Comparing variance: 0.1432909156617742 to score=0.0025 #egs=4298.0
%   Creating a TRUE-branch interior node with wgtedCountTrueBranchPos = 11,756.0
%      addToQueueOfTreeStructuredLearningTasks (level=1; score=-0.238640)
%         ILP node to extend: action(A, _) :- diversnotfull(A).  [covers 11,756.0/16,054.0 pos, 0.0/0.0 neg]
%      Insert tree-structured search node (@ level = 1 and with score = -0.238640) into the LAST position (#1) in the search queue.
%   Creating a FALSE-branch interior node with wgtedCountFalseBranchPos = 4,298.0
%      addToQueueOfTreeStructuredLearningTasks (level=1; score=-0.143291)
%         ILP node to extend: null
%      Insert tree-structured search node (@ level = 1 and with score = -0.143291) into the LAST position (#2) in the search queue.

% Time for loop #1: 8.756 seconds.
% Internal node max length = 2
% Max tree depth in lits   = 12
% Max tree depth in nodes  = 1
% Max number of clauses    = 20

% On cycle #1, the best clause found is:
%      action(A, _) :- diversnotfull(A).  [covers 11,756.0/16,054.0 pos, 0.0/0.0 neg]
% This clause covers 11756 positive examples, of which 11756 are newly covered.
% It also covers 0 negative examples, of which 0 are newly covered.

% Working on expanding this node: 'action(A, _) :- diversnotfull(A).  [covers 11,756.0/11,756.0 pos, 0.0/0.0 neg]'
%       === Grounding Penalty Calculation ===
%         Examples checked: 11756
%         Examples with cached bindings: 0
%         Total groundings evaluated: 0
%         High attention groundings (>= 0.7): 0
%         Low attention groundings (< 0.7): 0
%       
%         Raw penalty = -alpha * k_high + beta * k_low
%                     = -0.1 * 0 + 0.0 * 0
%                     = -0.0 + 0.0
%                     = 0.000000
%       
%         Scaled penalty = scalingPenalties * rawPenalty
%                        = 1.0 * 0.000000
%                        = 0.000000
%     Score = -3,421.314775 (regressionFit = 3,421.314764, totalPenalty = 0.000011)
%       for clause: action(A, _) :- diversnotfull(A).  [covers 11,756.0/11,756.0 pos, 0.0/0.0 neg]

% Have these 6 positive seeds: 4948 5026 7016 9622 11369 11540
% [AdviceProcessor]  Generated 0 clauses at relevance level STRONGLY_IRRELEVANT.

% Consider expanding [#1 of outerLoop #2, bodyLen=1] 'action(A, _) :- diversnotfull(A).  [covers 11,756.0/11,756.0 pos, 0.0/0.0 neg]' score=-3421.314775017633
%  At # nodes expanded = 1, |OPEN| = 0.  Pruned 0 variant children.  Sending 7 items to OPEN for evaluation and possible insertion.
% Have created 7 valid-on-seeds descendants and have picked up 8 bad extensions.
%           Grounding 0: weight=1.0 threshold=0.7 -> HIGH
%           Grounding 0: weight=1.0 threshold=0.7 -> HIGH
%       === Grounding Penalty Calculation ===
%         Examples checked: 11756
%         Examples with cached bindings: 6090
%         Total groundings evaluated: 6090
%         High attention groundings (>= 0.7): 6090
%         Low attention groundings (< 0.7): 0
%       
%         Raw penalty = -alpha * k_high + beta * k_low
%                     = -0.1 * 6090 + 0.0 * 0
%                     = -609.0 + 0.0
%                     = -609.000000
%       
%         Scaled penalty = scalingPenalties * rawPenalty
%                        = 1.0 * -609.000000
%                        = -609.000000
%     Score = -2,158.649370 (regressionFit = 2,767.649348, totalPenalty = -608.999979)
%       for clause: action(A, _) :- diversnotfull(A), facingleft(A).  [covers 6,090.0/11,756.0 pos, 0.0/0.0 neg]
% Gleaner: New best node found (score = -2,158.649370): action(A, _) :- diversnotfull(A), facingleft(A).  [covers 6,090.0/11,756.0 pos, 0.0/0.0 neg]
%           Grounding 0: weight=1.0 threshold=0.7 -> HIGH
%           Grounding 0: weight=1.0 threshold=0.7 -> HIGH
%       === Grounding Penalty Calculation ===
%         Examples checked: 11756
%         Examples with cached bindings: 5666
%         Total groundings evaluated: 5666
%         High attention groundings (>= 0.7): 5666
%         Low attention groundings (< 0.7): 0
%       
%         Raw penalty = -alpha * k_high + beta * k_low
%                     = -0.1 * 5666 + 0.0 * 0
%                     = -566.6 + 0.0
%                     = -566.600000
%       
%         Scaled penalty = scalingPenalties * rawPenalty
%                        = 1.0 * -566.600000
%                        = -566.600000
%     Score = -2,201.049370 (regressionFit = 2,767.649348, totalPenalty = -566.599979)
%       for clause: action(A, _) :- diversnotfull(A), facingright(A).  [covers 5,666.0/11,756.0 pos, 0.0/0.0 neg]
%           Grounding 0: weight=1.0 threshold=0.7 -> HIGH
%           Grounding 0: weight=1.0 threshold=0.7 -> HIGH
%       === Grounding Penalty Calculation ===
%         Examples checked: 11756
%         Examples with cached bindings: 11756
%         Total groundings evaluated: 11756
%         High attention groundings (>= 0.7): 11756
%         Low attention groundings (< 0.7): 0
%       
%         Raw penalty = -alpha * k_high + beta * k_low
%                     = -0.1 * 11756 + 0.0 * 0
%                     = -1175.6000000000001 + 0.0
%                     = -1,175.600000
%       
%         Scaled penalty = scalingPenalties * rawPenalty
%                        = 1.0 * -1,175.600000
%                        = -1,175.600000
%     Score = -Infinity (regressionFit = Infinity, totalPenalty = -1,175.599979)
%       for clause: action(A, _) :- diversnotfull(A), oxygenok(A).  [covers 11,756.0/11,756.0 pos, 0.0/0.0 neg]
%           Grounding 0: weight=0.788 threshold=0.7 -> HIGH
%           Grounding 0: weight=0.984 threshold=0.7 -> HIGH
%       === Grounding Penalty Calculation ===
%         Examples checked: 11756
%         Examples with cached bindings: 3925
%         Total groundings evaluated: 3925
%         High attention groundings (>= 0.7): 2367
%         Low attention groundings (< 0.7): 1558
%       
%         Raw penalty = -alpha * k_high + beta * k_low
%                     = -0.1 * 2367 + 0.0 * 1558
%                     = -236.70000000000002 + 0.0
%                     = -236.700000
%       
%         Scaled penalty = scalingPenalties * rawPenalty
%                        = 1.0 * -236.700000
%                        = -236.700000
%     Score = -2,557.640911 (regressionFit = 2,794.340889, totalPenalty = -236.699978)
%       for clause: action(A, _) :- diversnotfull(A), visiblediver(A, _).  [covers 7,291.0/11,756.0 pos, 0.0/0.0 neg]
%           Grounding 0: weight=0.93 threshold=0.7 -> HIGH
%           Grounding 0: weight=0.902 threshold=0.7 -> HIGH
%       === Grounding Penalty Calculation ===
%         Examples checked: 11756
%         Examples with cached bindings: 2027
%         Total groundings evaluated: 2027
%         High attention groundings (>= 0.7): 1299
%         Low attention groundings (< 0.7): 728
%       
%         Raw penalty = -alpha * k_high + beta * k_low
%                     = -0.1 * 1299 + 0.0 * 728
%                     = -129.9 + 0.0
%                     = -129.900000
%       
%         Scaled penalty = scalingPenalties * rawPenalty
%                        = 1.0 * -129.900000
%                        = -129.900000
%     Score = -2,629.581885 (regressionFit = 2,759.481863, totalPenalty = -129.899978)
%       for clause: action(A, _) :- diversnotfull(A), visibleenemy(A, _).  [covers 9,646.0/11,756.0 pos, 0.0/0.0 neg]
%           Grounding 0: weight=0.605 threshold=0.7 -> LOW
%           Grounding 0: weight=0.552 threshold=0.7 -> LOW
%       === Grounding Penalty Calculation ===
%         Examples checked: 11756
%         Examples with cached bindings: 3429
%         Total groundings evaluated: 3429
%         High attention groundings (>= 0.7): 635
%         Low attention groundings (< 0.7): 2794
%       
%         Raw penalty = -alpha * k_high + beta * k_low
%                     = -0.1 * 635 + 0.0 * 2794
%                     = -63.5 + 0.0
%                     = -63.500000
%       
%         Scaled penalty = scalingPenalties * rawPenalty
%                        = 1.0 * -63.500000
%                        = -63.500000
%     Score = -2,696.245601 (regressionFit = 2,759.745579, totalPenalty = -63.499978)
%       for clause: action(A, _) :- diversnotfull(A), visibleenemysubmarine(A, _).  [covers 9,252.0/11,756.0 pos, 0.0/0.0 neg]
%           Grounding 0: weight=1.0 threshold=0.7 -> HIGH
%           Grounding 0: weight=1.0 threshold=0.7 -> HIGH
%       === Grounding Penalty Calculation ===
%         Examples checked: 11756
%         Examples with cached bindings: 2471
%         Total groundings evaluated: 2471
%         High attention groundings (>= 0.7): 2471
%         Low attention groundings (< 0.7): 0
%       
%         Raw penalty = -alpha * k_high + beta * k_low
%                     = -0.1 * 2471 + 0.0 * 0
%                     = -247.10000000000002 + 0.0
%                     = -247.100000
%       
%         Scaled penalty = scalingPenalties * rawPenalty
%                        = 1.0 * -247.100000
%                        = -247.100000
%     Score = -2,555.801703 (regressionFit = 2,802.901680, totalPenalty = -247.099978)
%       for clause: action(A, _) :- diversnotfull(A), visiblemissile(A, _).  [covers 3,918.0/11,756.0 pos, 0.0/0.0 neg]

% Consider expanding [#2 of outerLoop #2, bodyLen=2] 'action(A, _) :- diversnotfull(A), facingleft(A).  [covers 6,090.0/11,756.0 pos, 0.0/0.0 neg]' score=-2158.649369514727
%  At # nodes expanded = 2, |OPEN| = 6.  Pruned 0 variant children.  Sending 3 items to OPEN for evaluation and possible insertion.
% Have created 3 valid-on-seeds descendants and have picked up 7 bad extensions.
%           Grounding 0: weight=1.0 threshold=0.7 -> HIGH
%           Grounding 0: weight=1.0 threshold=0.7 -> HIGH
%       === Grounding Penalty Calculation ===
%         Examples checked: 11756
%         Examples with cached bindings: 6090
%         Total groundings evaluated: 6090
%         High attention groundings (>= 0.7): 6090
%         Low attention groundings (< 0.7): 0
%       
%         Raw penalty = -alpha * k_high + beta * k_low
%                     = -0.1 * 6090 + 0.0 * 0
%                     = -609.0 + 0.0
%                     = -609.000000
%       
%         Scaled penalty = scalingPenalties * rawPenalty
%                        = 1.0 * -609.000000
%                        = -609.000000
%     Score = -2,158.649380 (regressionFit = 2,767.649348, totalPenalty = -608.999969)
%       for clause: action(A, _) :- diversnotfull(A), facingleft(A), oxygenok(A).  [covers 6,090.0/11,756.0 pos, 0.0/0.0 neg]
%           Grounding 0: weight=0.788 threshold=0.7 -> HIGH
%           Grounding 0: weight=0.929 threshold=0.7 -> HIGH
%       === Grounding Penalty Calculation ===
%         Examples checked: 11756
%         Examples with cached bindings: 1991
%         Total groundings evaluated: 1991
%         High attention groundings (>= 0.7): 1227
%         Low attention groundings (< 0.7): 764
%       
%         Raw penalty = -alpha * k_high + beta * k_low
%                     = -0.1 * 1227 + 0.0 * 764
%                     = -122.7 + 0.0
%                     = -122.700000
%       
%         Scaled penalty = scalingPenalties * rawPenalty
%                        = 1.0 * -122.700000
%                        = -122.700000
%     Score = -2,675.714613 (regressionFit = 2,798.414581, totalPenalty = -122.699968)
%       for clause: action(A, _) :- diversnotfull(A), facingleft(A), visiblediver(A, _).  [covers 3,841.0/11,756.0 pos, 0.0/0.0 neg]
%           Grounding 0: weight=0.93 threshold=0.7 -> HIGH
%           Grounding 0: weight=0.902 threshold=0.7 -> HIGH
%       === Grounding Penalty Calculation ===
%         Examples checked: 11756
%         Examples with cached bindings: 1065
%         Total groundings evaluated: 1065
%         High attention groundings (>= 0.7): 721
%         Low attention groundings (< 0.7): 344
%       
%         Raw penalty = -alpha * k_high + beta * k_low
%                     = -0.1 * 721 + 0.0 * 344
%                     = -72.10000000000001 + 0.0
%                     = -72.100000
%       
%         Scaled penalty = scalingPenalties * rawPenalty
%                        = 1.0 * -72.100000
%                        = -72.100000
%     Score = -2,683.699727 (regressionFit = 2,755.799695, totalPenalty = -72.099968)
%       for clause: action(A, _) :- diversnotfull(A), facingleft(A), visibleenemy(A, _).  [covers 5,187.0/11,756.0 pos, 0.0/0.0 neg]

% Consider expanding [#3 of outerLoop #2, bodyLen=2] 'action(A, _) :- diversnotfull(A), facingright(A).  [covers 5,666.0/11,756.0 pos, 0.0/0.0 neg]' score=-2201.049369514727
%  At # nodes expanded = 3, |OPEN| = 5.  Pruned 0 variant children.  Sending 5 items to OPEN for evaluation and possible insertion.
% Have created 5 valid-on-seeds descendants and have picked up 5 bad extensions.
%           Grounding 0: weight=1.0 threshold=0.7 -> HIGH
%           Grounding 0: weight=1.0 threshold=0.7 -> HIGH
%       === Grounding Penalty Calculation ===
%         Examples checked: 11756
%         Examples with cached bindings: 5666
%         Total groundings evaluated: 5666
%         High attention groundings (>= 0.7): 5666
%         Low attention groundings (< 0.7): 0
%       
%         Raw penalty = -alpha * k_high + beta * k_low
%                     = -0.1 * 5666 + 0.0 * 0
%                     = -566.6 + 0.0
%                     = -566.600000
%       
%         Scaled penalty = scalingPenalties * rawPenalty
%                        = 1.0 * -566.600000
%                        = -566.600000
%     Score = -2,201.049380 (regressionFit = 2,767.649348, totalPenalty = -566.599969)
%       for clause: action(A, _) :- diversnotfull(A), facingright(A), oxygenok(A).  [covers 5,666.0/11,756.0 pos, 0.0/0.0 neg]
%           Grounding 0: weight=0.984 threshold=0.7 -> HIGH
%           Grounding 0: weight=0.687 threshold=0.7 -> LOW
%       === Grounding Penalty Calculation ===
%         Examples checked: 11756
%         Examples with cached bindings: 1934
%         Total groundings evaluated: 1934
%         High attention groundings (>= 0.7): 1140
%         Low attention groundings (< 0.7): 794
%       
%         Raw penalty = -alpha * k_high + beta * k_low
%                     = -0.1 * 1140 + 0.0 * 794
%                     = -114.0 + 0.0
%                     = -114.000000
%       
%         Scaled penalty = scalingPenalties * rawPenalty
%                        = 1.0 * -114.000000
%                        = -114.000000
%     Score = -2,651.952731 (regressionFit = 2,765.952699, totalPenalty = -113.999968)
%       for clause: action(A, _) :- diversnotfull(A), facingright(A), visiblediver(A, _).  [covers 3,450.0/11,756.0 pos, 0.0/0.0 neg]
%           Grounding 0: weight=0.876 threshold=0.7 -> HIGH
%           Grounding 0: weight=0.96 threshold=0.7 -> HIGH
%       === Grounding Penalty Calculation ===
%         Examples checked: 11756
%         Examples with cached bindings: 962
%         Total groundings evaluated: 962
%         High attention groundings (>= 0.7): 578
%         Low attention groundings (< 0.7): 384
%       
%         Raw penalty = -alpha * k_high + beta * k_low
%                     = -0.1 * 578 + 0.0 * 384
%                     = -57.800000000000004 + 0.0
%                     = -57.800000
%       
%         Scaled penalty = scalingPenalties * rawPenalty
%                        = 1.0 * -57.800000
%                        = -57.800000
%     Score = -2,744.233872 (regressionFit = 2,802.033840, totalPenalty = -57.799968)
%       for clause: action(A, _) :- diversnotfull(A), facingright(A), visibleenemy(A, _).  [covers 4,459.0/11,756.0 pos, 0.0/0.0 neg]
%           Grounding 0: weight=0.605 threshold=0.7 -> LOW
%           Grounding 0: weight=0.793 threshold=0.7 -> HIGH
%       === Grounding Penalty Calculation ===
%         Examples checked: 11756
%         Examples with cached bindings: 1615
%         Total groundings evaluated: 1615
%         High attention groundings (>= 0.7): 315
%         Low attention groundings (< 0.7): 1300
%       
%         Raw penalty = -alpha * k_high + beta * k_low
%                     = -0.1 * 315 + 0.0 * 1300
%                     = -31.5 + 0.0
%                     = -31.500000
%       
%         Scaled penalty = scalingPenalties * rawPenalty
%                        = 1.0 * -31.500000
%                        = -31.500000
%     Score = -2,769.605710 (regressionFit = 2,801.105677, totalPenalty = -31.499968)
%       for clause: action(A, _) :- diversnotfull(A), facingright(A), visibleenemysubmarine(A, _).  [covers 4,388.0/11,756.0 pos, 0.0/0.0 neg]
%           Grounding 0: weight=1.0 threshold=0.7 -> HIGH
%           Grounding 0: weight=1.0 threshold=0.7 -> HIGH
%       === Grounding Penalty Calculation ===
%         Examples checked: 11756
%         Examples with cached bindings: 1205
%         Total groundings evaluated: 1205
%         High attention groundings (>= 0.7): 1205
%         Low attention groundings (< 0.7): 0
%       
%         Raw penalty = -alpha * k_high + beta * k_low
%                     = -0.1 * 1205 + 0.0 * 0
%                     = -120.5 + 0.0
%                     = -120.500000
%       
%         Scaled penalty = scalingPenalties * rawPenalty
%                        = 1.0 * -120.500000
%                        = -120.500000
%     Score = -2,682.983324 (regressionFit = 2,803.483292, totalPenalty = -120.499968)
%       for clause: action(A, _) :- diversnotfull(A), facingright(A), visiblemissile(A, _).  [covers 1,917.0/11,756.0 pos, 0.0/0.0 neg]

% Consider expanding [#4 of outerLoop #2, bodyLen=2] 'action(A, _) :- diversnotfull(A), visiblemissile(A, _).  [covers 3,918.0/11,756.0 pos, 0.0/0.0 neg]' score=-2555.801702652222
%  At # nodes expanded = 4, |OPEN| = 4.  Pruned 0 variant children.  Sending 7 items to OPEN for evaluation and possible insertion.
% Have created 7 valid-on-seeds descendants and have picked up 10 bad extensions.
%           Grounding 0: weight=1.0 threshold=0.7 -> HIGH
%           Grounding 0: weight=1.0 threshold=0.7 -> HIGH
%       === Grounding Penalty Calculation ===
%         Examples checked: 11756
%         Examples with cached bindings: 1846
%         Total groundings evaluated: 1846
%         High attention groundings (>= 0.7): 1846
%         Low attention groundings (< 0.7): 0
%       
%         Raw penalty = -alpha * k_high + beta * k_low
%                     = -0.1 * 1846 + 0.0 * 0
%                     = -184.60000000000002 + 0.0
%                     = -184.600000
%       
%         Scaled penalty = scalingPenalties * rawPenalty
%                        = 1.0 * -184.600000
%                        = -184.600000
%     Score = -2,618.554470 (regressionFit = 2,803.154439, totalPenalty = -184.599969)
%       for clause: action(A, _) :- diversnotfull(A), visiblemissile(A, B), aboveofmissile(A, B).  [covers 2,507.0/11,756.0 pos, 0.0/0.0 neg]
%           Grounding 0: weight=1.0 threshold=0.7 -> HIGH
%           Grounding 0: weight=1.0 threshold=0.7 -> HIGH
%       === Grounding Penalty Calculation ===
%         Examples checked: 11756
%         Examples with cached bindings: 1205
%         Total groundings evaluated: 1205
%         High attention groundings (>= 0.7): 1205
%         Low attention groundings (< 0.7): 0
%       
%         Raw penalty = -alpha * k_high + beta * k_low
%                     = -0.1 * 1205 + 0.0 * 0
%                     = -120.5 + 0.0
%                     = -120.500000
%       
%         Scaled penalty = scalingPenalties * rawPenalty
%                        = 1.0 * -120.500000
%                        = -120.500000
%     Score = -2,682.983324 (regressionFit = 2,803.483292, totalPenalty = -120.499968)
%       for clause: action(A, _) :- diversnotfull(A), visiblemissile(A, _), facingright(A).  [covers 1,917.0/11,756.0 pos, 0.0/0.0 neg]
%           Grounding 0: weight=1.0 threshold=0.7 -> HIGH
%           Grounding 0: weight=1.0 threshold=0.7 -> HIGH
%       === Grounding Penalty Calculation ===
%         Examples checked: 11756
%         Examples with cached bindings: 1197
%         Total groundings evaluated: 1197
%         High attention groundings (>= 0.7): 1197
%         Low attention groundings (< 0.7): 0
%       
%         Raw penalty = -alpha * k_high + beta * k_low
%                     = -0.1 * 1197 + 0.0 * 0
%                     = -119.7 + 0.0
%                     = -119.700000
%       
%         Scaled penalty = scalingPenalties * rawPenalty
%                        = 1.0 * -119.700000
%                        = -119.700000
%     Score = -2,685.443370 (regressionFit = 2,805.143339, totalPenalty = -119.699969)
%       for clause: action(A, _) :- diversnotfull(A), visiblemissile(A, B), leftofmissile(A, B).  [covers 1,655.0/11,756.0 pos, 0.0/0.0 neg]
%           Grounding 0: weight=1.0 threshold=0.7 -> HIGH
%           Grounding 0: weight=1.0 threshold=0.7 -> HIGH
%       === Grounding Penalty Calculation ===
%         Examples checked: 11756
%         Examples with cached bindings: 2471
%         Total groundings evaluated: 2471
%         High attention groundings (>= 0.7): 2471
%         Low attention groundings (< 0.7): 0
%       
%         Raw penalty = -alpha * k_high + beta * k_low
%                     = -0.1 * 2471 + 0.0 * 0
%                     = -247.10000000000002 + 0.0
%                     = -247.100000
%       
%         Scaled penalty = scalingPenalties * rawPenalty
%                        = 1.0 * -247.100000
%                        = -247.100000
%     Score = -2,555.801713 (regressionFit = 2,802.901680, totalPenalty = -247.099968)
%       for clause: action(A, _) :- diversnotfull(A), visiblemissile(A, _), oxygenok(A).  [covers 3,918.0/11,756.0 pos, 0.0/0.0 neg]
%           Grounding 0: weight=0.788 threshold=0.7 -> HIGH
%           Grounding 0: weight=0.984 threshold=0.7 -> HIGH
%       === Grounding Penalty Calculation ===
%         Examples checked: 11756
%         Examples with cached bindings: 1578
%         Total groundings evaluated: 1578
%         High attention groundings (>= 0.7): 760
%         Low attention groundings (< 0.7): 818
%       
%         Raw penalty = -alpha * k_high + beta * k_low
%                     = -0.1 * 760 + 0.0 * 818
%                     = -76.0 + 0.0
%                     = -76.000000
%       
%         Scaled penalty = scalingPenalties * rawPenalty
%                        = 1.0 * -76.000000
%                        = -76.000000
%     Score = -2,726.901714 (regressionFit = 2,802.901680, totalPenalty = -75.999967)
%       for clause: action(A, _) :- diversnotfull(A), visiblemissile(A, _), visiblediver(A, _).  [covers 3,918.0/11,756.0 pos, 0.0/0.0 neg]
%           Grounding 0: weight=0.649 threshold=0.7 -> LOW
%           Grounding 0: weight=0.727 threshold=0.7 -> HIGH
%       === Grounding Penalty Calculation ===
%         Examples checked: 11756
%         Examples with cached bindings: 208
%         Total groundings evaluated: 208
%         High attention groundings (>= 0.7): 113
%         Low attention groundings (< 0.7): 95
%       
%         Raw penalty = -alpha * k_high + beta * k_low
%                     = -0.1 * 113 + 0.0 * 95
%                     = -11.3 + 0.0
%                     = -11.300000
%       
%         Scaled penalty = scalingPenalties * rawPenalty
%                        = 1.0 * -11.300000
%                        = -11.300000
%     Score = -2,791.214075 (regressionFit = 2,802.514042, totalPenalty = -11.299967)
%       for clause: action(A, _) :- diversnotfull(A), visiblemissile(A, _), visibleenemysubmarine(A, _).  [covers 3,903.0/11,756.0 pos, 0.0/0.0 neg]
%           Grounding 0: weight=1.0 threshold=0.7 -> HIGH
%           Grounding 0: weight=1.0 threshold=0.7 -> HIGH
%       === Grounding Penalty Calculation ===
%         Examples checked: 11756
%         Examples with cached bindings: 2471
%         Total groundings evaluated: 2471
%         High attention groundings (>= 0.7): 2471
%         Low attention groundings (< 0.7): 0
%       
%         Raw penalty = -alpha * k_high + beta * k_low
%                     = -0.1 * 2471 + 0.0 * 0
%                     = -247.10000000000002 + 0.0
%                     = -247.100000
%       
%         Scaled penalty = scalingPenalties * rawPenalty
%                        = 1.0 * -247.100000
%                        = -247.100000
%     Score = -2,555.801713 (regressionFit = 2,802.901680, totalPenalty = -247.099968)
%       for clause: action(A, _) :- diversnotfull(A), visiblemissile(A, _), visiblemissile(A, _).  [covers 3,918.0/11,756.0 pos, 0.0/0.0 neg]

% Consider expanding [#5 of outerLoop #2, bodyLen=2] 'action(A, _) :- diversnotfull(A), visiblediver(A, _).  [covers 7,291.0/11,756.0 pos, 0.0/0.0 neg]' score=-2557.640910934493
%  At # nodes expanded = 5, |OPEN| = 3.  Pruned 0 variant children.  Sending 12 items to OPEN for evaluation and possible insertion.
% Have created 12 valid-on-seeds descendants and have picked up 5 bad extensions.
%           Grounding 0: weight=0.528 threshold=0.7 -> LOW
%           Grounding 0: weight=0.641 threshold=0.7 -> LOW
%       === Grounding Penalty Calculation ===
%         Examples checked: 11756
%         Examples with cached bindings: 3409
%         Total groundings evaluated: 3409
%         High attention groundings (>= 0.7): 1411
%         Low attention groundings (< 0.7): 1998
%       
%         Raw penalty = -alpha * k_high + beta * k_low
%                     = -0.1 * 1411 + 0.0 * 1998
%                     = -141.1 + 0.0
%                     = -141.100000
%       
%         Scaled penalty = scalingPenalties * rawPenalty
%                        = 1.0 * -141.100000
%                        = -141.100000
%     Score = -2,626.275781 (regressionFit = 2,767.375750, totalPenalty = -141.099969)
%       for clause: action(A, _) :- diversnotfull(A), visiblediver(A, B), aboveofdiver(A, B).  [covers 4,809.0/11,756.0 pos, 0.0/0.0 neg]
%           Grounding 0: weight=0.788 threshold=0.7 -> HIGH
%           Grounding 0: weight=0.929 threshold=0.7 -> HIGH
%       === Grounding Penalty Calculation ===
%         Examples checked: 11756
%         Examples with cached bindings: 1991
%         Total groundings evaluated: 1991
%         High attention groundings (>= 0.7): 1227
%         Low attention groundings (< 0.7): 764
%       
%         Raw penalty = -alpha * k_high + beta * k_low
%                     = -0.1 * 1227 + 0.0 * 764
%                     = -122.7 + 0.0
%                     = -122.700000
%       
%         Scaled penalty = scalingPenalties * rawPenalty
%                        = 1.0 * -122.700000
%                        = -122.700000
%     Score = -2,675.714613 (regressionFit = 2,798.414581, totalPenalty = -122.699968)
%       for clause: action(A, _) :- diversnotfull(A), visiblediver(A, _), facingleft(A).  [covers 3,841.0/11,756.0 pos, 0.0/0.0 neg]
%           Grounding 0: weight=0.984 threshold=0.7 -> HIGH
%           Grounding 0: weight=0.687 threshold=0.7 -> LOW
%       === Grounding Penalty Calculation ===
%         Examples checked: 11756
%         Examples with cached bindings: 1934
%         Total groundings evaluated: 1934
%         High attention groundings (>= 0.7): 1140
%         Low attention groundings (< 0.7): 794
%       
%         Raw penalty = -alpha * k_high + beta * k_low
%                     = -0.1 * 1140 + 0.0 * 794
%                     = -114.0 + 0.0
%                     = -114.000000
%       
%         Scaled penalty = scalingPenalties * rawPenalty
%                        = 1.0 * -114.000000
%                        = -114.000000
%     Score = -2,651.952731 (regressionFit = 2,765.952699, totalPenalty = -113.999968)
%       for clause: action(A, _) :- diversnotfull(A), visiblediver(A, _), facingright(A).  [covers 3,450.0/11,756.0 pos, 0.0/0.0 neg]
%           Grounding 0: weight=0.641 threshold=0.7 -> LOW
%           Grounding 0: weight=0.618 threshold=0.7 -> LOW
%       === Grounding Penalty Calculation ===
%         Examples checked: 11756
%         Examples with cached bindings: 2616
%         Total groundings evaluated: 2616
%         High attention groundings (>= 0.7): 1151
%         Low attention groundings (< 0.7): 1465
%       
%         Raw penalty = -alpha * k_high + beta * k_low
%                     = -0.1 * 1151 + 0.0 * 1465
%                     = -115.10000000000001 + 0.0
%                     = -115.100000
%       
%         Scaled penalty = scalingPenalties * rawPenalty
%                        = 1.0 * -115.100000
%                        = -115.100000
%     Score = -2,668.860034 (regressionFit = 2,783.960003, totalPenalty = -115.099969)
%       for clause: action(A, _) :- diversnotfull(A), visiblediver(A, B), leftofdiver(A, B).  [covers 3,726.0/11,756.0 pos, 0.0/0.0 neg]
%           Grounding 0: weight=0.641 threshold=0.7 -> LOW
%           Grounding 0: weight=0.788 threshold=0.7 -> HIGH
%       === Grounding Penalty Calculation ===
%         Examples checked: 11756
%         Examples with cached bindings: 1800
%         Total groundings evaluated: 1800
%         High attention groundings (>= 0.7): 1176
%         Low attention groundings (< 0.7): 624
%       
%         Raw penalty = -alpha * k_high + beta * k_low
%                     = -0.1 * 1176 + 0.0 * 624
%                     = -117.60000000000001 + 0.0
%                     = -117.600000
%       
%         Scaled penalty = scalingPenalties * rawPenalty
%                        = 1.0 * -117.600000
%                        = -117.600000
%     Score = -2,656.472852 (regressionFit = 2,774.072820, totalPenalty = -117.599969)
%       for clause: action(A, _) :- diversnotfull(A), visiblediver(A, B), nearbydiver(A, B).  [covers 1,884.0/11,756.0 pos, 0.0/0.0 neg]
%           Grounding 0: weight=0.788 threshold=0.7 -> HIGH
%           Grounding 0: weight=0.984 threshold=0.7 -> HIGH
%       === Grounding Penalty Calculation ===
%         Examples checked: 11756
%         Examples with cached bindings: 3925
%         Total groundings evaluated: 3925
%         High attention groundings (>= 0.7): 2367
%         Low attention groundings (< 0.7): 1558
%       
%         Raw penalty = -alpha * k_high + beta * k_low
%                     = -0.1 * 2367 + 0.0 * 1558
%                     = -236.70000000000002 + 0.0
%                     = -236.700000
%       
%         Scaled penalty = scalingPenalties * rawPenalty
%                        = 1.0 * -236.700000
%                        = -236.700000
%     Score = -2,557.640921 (regressionFit = 2,794.340889, totalPenalty = -236.699968)
%       for clause: action(A, _) :- diversnotfull(A), visiblediver(A, _), oxygenok(A).  [covers 7,291.0/11,756.0 pos, 0.0/0.0 neg]
%           Grounding 0: weight=0.528 threshold=0.7 -> LOW
%           Grounding 0: weight=0.618 threshold=0.7 -> LOW
%       === Grounding Penalty Calculation ===
%         Examples checked: 11756
%         Examples with cached bindings: 2248
%         Total groundings evaluated: 2248
%         High attention groundings (>= 0.7): 869
%         Low attention groundings (< 0.7): 1379
%       
%         Raw penalty = -alpha * k_high + beta * k_low
%                     = -0.1 * 869 + 0.0 * 1379
%                     = -86.9 + 0.0
%                     = -86.900000
%       
%         Scaled penalty = scalingPenalties * rawPenalty
%                        = 1.0 * -86.900000
%                        = -86.900000
%     Score = -2,714.951097 (regressionFit = 2,801.851065, totalPenalty = -86.899969)
%       for clause: action(A, _) :- diversnotfull(A), visiblediver(A, B), rightofdiver(A, B).  [covers 3,316.0/11,756.0 pos, 0.0/0.0 neg]
%           Grounding 0: weight=0.528 threshold=0.7 -> LOW
%           Grounding 0: weight=0.641 threshold=0.7 -> LOW
%       === Grounding Penalty Calculation ===
%         Examples checked: 11756
%         Examples with cached bindings: 2275
%         Total groundings evaluated: 2275
%         High attention groundings (>= 0.7): 1424
%         Low attention groundings (< 0.7): 851
%       
%         Raw penalty = -alpha * k_high + beta * k_low
%                     = -0.1 * 1424 + 0.0 * 851
%                     = -142.4 + 0.0
%                     = -142.400000
%       
%         Scaled penalty = scalingPenalties * rawPenalty
%                        = 1.0 * -142.400000
%                        = -142.400000
%     Score = -2,635.463386 (regressionFit = 2,777.863354, totalPenalty = -142.399969)
%       for clause: action(A, _) :- diversnotfull(A), visiblediver(A, B), samelevelasdiver(A, B).  [covers 2,275.0/11,756.0 pos, 0.0/0.0 neg]
%           Grounding 0: weight=0.788 threshold=0.7 -> HIGH
%           Grounding 0: weight=0.984 threshold=0.7 -> HIGH
%       === Grounding Penalty Calculation ===
%         Examples checked: 11756
%         Examples with cached bindings: 3925
%         Total groundings evaluated: 3925
%         High attention groundings (>= 0.7): 2367
%         Low attention groundings (< 0.7): 1558
%       
%         Raw penalty = -alpha * k_high + beta * k_low
%                     = -0.1 * 2367 + 0.0 * 1558
%                     = -236.70000000000002 + 0.0
%                     = -236.700000
%       
%         Scaled penalty = scalingPenalties * rawPenalty
%                        = 1.0 * -236.700000
%                        = -236.700000
%     Score = -2,557.640921 (regressionFit = 2,794.340889, totalPenalty = -236.699968)
%       for clause: action(A, _) :- diversnotfull(A), visiblediver(A, _), visiblediver(A, _).  [covers 7,291.0/11,756.0 pos, 0.0/0.0 neg]
%           Grounding 0: weight=0.565 threshold=0.7 -> LOW
%           Grounding 0: weight=0.719 threshold=0.7 -> HIGH
%       === Grounding Penalty Calculation ===
%         Examples checked: 11756
%         Examples with cached bindings: 707
%         Total groundings evaluated: 707
%         High attention groundings (>= 0.7): 252
%         Low attention groundings (< 0.7): 455
%       
%         Raw penalty = -alpha * k_high + beta * k_low
%                     = -0.1 * 252 + 0.0 * 455
%                     = -25.200000000000003 + 0.0
%                     = -25.200000
%       
%         Scaled penalty = scalingPenalties * rawPenalty
%                        = 1.0 * -25.200000
%                        = -25.200000
%     Score = -2,780.249878 (regressionFit = 2,805.449845, totalPenalty = -25.199967)
%       for clause: action(A, _) :- diversnotfull(A), visiblediver(A, _), visibleenemy(A, _).  [covers 5,876.0/11,756.0 pos, 0.0/0.0 neg]
%           Grounding 0: weight=0.74 threshold=0.7 -> HIGH
%           Grounding 0: weight=0.592 threshold=0.7 -> LOW
%       === Grounding Penalty Calculation ===
%         Examples checked: 11756
%         Examples with cached bindings: 1145
%         Total groundings evaluated: 1145
%         High attention groundings (>= 0.7): 151
%         Low attention groundings (< 0.7): 994
%       
%         Raw penalty = -alpha * k_high + beta * k_low
%                     = -0.1 * 151 + 0.0 * 994
%                     = -15.100000000000001 + 0.0
%                     = -15.100000
%       
%         Scaled penalty = scalingPenalties * rawPenalty
%                        = 1.0 * -15.100000
%                        = -15.100000
%     Score = -2,790.155029 (regressionFit = 2,805.254996, totalPenalty = -15.099967)
%       for clause: action(A, _) :- diversnotfull(A), visiblediver(A, _), visibleenemysubmarine(A, _).  [covers 6,052.0/11,756.0 pos, 0.0/0.0 neg]
%           Grounding 0: weight=0.788 threshold=0.7 -> HIGH
%           Grounding 0: weight=0.984 threshold=0.7 -> HIGH
%       === Grounding Penalty Calculation ===
%         Examples checked: 11756
%         Examples with cached bindings: 1578
%         Total groundings evaluated: 1578
%         High attention groundings (>= 0.7): 760
%         Low attention groundings (< 0.7): 818
%       
%         Raw penalty = -alpha * k_high + beta * k_low
%                     = -0.1 * 760 + 0.0 * 818
%                     = -76.0 + 0.0
%                     = -76.000000
%       
%         Scaled penalty = scalingPenalties * rawPenalty
%                        = 1.0 * -76.000000
%                        = -76.000000
%     Score = -2,726.901714 (regressionFit = 2,802.901680, totalPenalty = -75.999967)
%       for clause: action(A, _) :- diversnotfull(A), visiblediver(A, _), visiblemissile(A, _).  [covers 3,918.0/11,756.0 pos, 0.0/0.0 neg]

% Consider expanding [#6 of outerLoop #2, bodyLen=2] 'action(A, _) :- diversnotfull(A), visibleenemy(A, _).  [covers 9,646.0/11,756.0 pos, 0.0/0.0 neg]' score=-2629.5818852737866
%  At # nodes expanded = 6, |OPEN| = 2.  Pruned 0 variant children.  Sending 12 items to OPEN for evaluation and possible insertion.
% Have created 12 valid-on-seeds descendants and have picked up 5 bad extensions.
%           Grounding 0: weight=0.54 threshold=0.7 -> LOW
%           Grounding 0: weight=0.844 threshold=0.7 -> HIGH
%       === Grounding Penalty Calculation ===
%         Examples checked: 11756
%         Examples with cached bindings: 1605
%         Total groundings evaluated: 1605
%         High attention groundings (>= 0.7): 578
%         Low attention groundings (< 0.7): 1027
%       
%         Raw penalty = -alpha * k_high + beta * k_low
%                     = -0.1 * 578 + 0.0 * 1027
%                     = -57.800000000000004 + 0.0
%                     = -57.800000
%       
%         Scaled penalty = scalingPenalties * rawPenalty
%                        = 1.0 * -57.800000
%                        = -57.800000
%     Score = -2,734.379638 (regressionFit = 2,792.179606, totalPenalty = -57.799969)
%       for clause: action(A, _) :- diversnotfull(A), visibleenemy(A, B), aboveofenemy(A, B).  [covers 6,043.0/11,756.0 pos, 0.0/0.0 neg]
%           Grounding 0: weight=0.509 threshold=0.7 -> LOW
%           Grounding 0: weight=0.719 threshold=0.7 -> HIGH
%       === Grounding Penalty Calculation ===
%         Examples checked: 11756
%         Examples with cached bindings: 1566
%         Total groundings evaluated: 1566
%         High attention groundings (>= 0.7): 428
%         Low attention groundings (< 0.7): 1138
%       
%         Raw penalty = -alpha * k_high + beta * k_low
%                     = -0.1 * 428 + 0.0 * 1138
%                     = -42.800000000000004 + 0.0
%                     = -42.800000
%       
%         Scaled penalty = scalingPenalties * rawPenalty
%                        = 1.0 * -42.800000
%                        = -42.800000
%     Score = -2,760.826770 (regressionFit = 2,803.626739, totalPenalty = -42.799969)
%       for clause: action(A, _) :- diversnotfull(A), visibleenemy(A, B), belowofenemy(A, B).  [covers 5,138.0/11,756.0 pos, 0.0/0.0 neg]
%           Grounding 0: weight=0.93 threshold=0.7 -> HIGH
%           Grounding 0: weight=0.902 threshold=0.7 -> HIGH
%       === Grounding Penalty Calculation ===
%         Examples checked: 11756
%         Examples with cached bindings: 1065
%         Total groundings evaluated: 1065
%         High attention groundings (>= 0.7): 721
%         Low attention groundings (< 0.7): 344
%       
%         Raw penalty = -alpha * k_high + beta * k_low
%                     = -0.1 * 721 + 0.0 * 344
%                     = -72.10000000000001 + 0.0
%                     = -72.100000
%       
%         Scaled penalty = scalingPenalties * rawPenalty
%                        = 1.0 * -72.100000
%                        = -72.100000
%     Score = -2,683.699727 (regressionFit = 2,755.799695, totalPenalty = -72.099968)
%       for clause: action(A, _) :- diversnotfull(A), visibleenemy(A, _), facingleft(A).  [covers 5,187.0/11,756.0 pos, 0.0/0.0 neg]
%           Grounding 0: weight=0.876 threshold=0.7 -> HIGH
%           Grounding 0: weight=0.96 threshold=0.7 -> HIGH
%       === Grounding Penalty Calculation ===
%         Examples checked: 11756
%         Examples with cached bindings: 962
%         Total groundings evaluated: 962
%         High attention groundings (>= 0.7): 578
%         Low attention groundings (< 0.7): 384
%       
%         Raw penalty = -alpha * k_high + beta * k_low
%                     = -0.1 * 578 + 0.0 * 384
%                     = -57.800000000000004 + 0.0
%                     = -57.800000
%       
%         Scaled penalty = scalingPenalties * rawPenalty
%                        = 1.0 * -57.800000
%                        = -57.800000
%     Score = -2,744.233872 (regressionFit = 2,802.033840, totalPenalty = -57.799968)
%       for clause: action(A, _) :- diversnotfull(A), visibleenemy(A, _), facingright(A).  [covers 4,459.0/11,756.0 pos, 0.0/0.0 neg]
%           Grounding 0: weight=0.902 threshold=0.7 -> HIGH
%           Grounding 0: weight=0.522 threshold=0.7 -> LOW
%       === Grounding Penalty Calculation ===
%         Examples checked: 11756
%         Examples with cached bindings: 2479
%         Total groundings evaluated: 2479
%         High attention groundings (>= 0.7): 839
%         Low attention groundings (< 0.7): 1640
%       
%         Raw penalty = -alpha * k_high + beta * k_low
%                     = -0.1 * 839 + 0.0 * 1640
%                     = -83.9 + 0.0
%                     = -83.900000
%       
%         Scaled penalty = scalingPenalties * rawPenalty
%                        = 1.0 * -83.900000
%                        = -83.900000
%     Score = -2,699.944933 (regressionFit = 2,783.844902, totalPenalty = -83.899969)
%       for clause: action(A, _) :- diversnotfull(A), visibleenemy(A, B), leftofenemy(A, B).  [covers 6,516.0/11,756.0 pos, 0.0/0.0 neg]
%           Grounding 0: weight=0.574 threshold=0.7 -> LOW
%           Grounding 0: weight=0.922 threshold=0.7 -> HIGH
%       === Grounding Penalty Calculation ===
%         Examples checked: 11756
%         Examples with cached bindings: 1527
%         Total groundings evaluated: 1527
%         High attention groundings (>= 0.7): 540
%         Low attention groundings (< 0.7): 987
%       
%         Raw penalty = -alpha * k_high + beta * k_low
%                     = -0.1 * 540 + 0.0 * 987
%                     = -54.0 + 0.0
%                     = -54.000000
%       
%         Scaled penalty = scalingPenalties * rawPenalty
%                        = 1.0 * -54.000000
%                        = -54.000000
%     Score = -2,750.850670 (regressionFit = 2,804.850638, totalPenalty = -53.999969)
%       for clause: action(A, _) :- diversnotfull(A), visibleenemy(A, B), nearbyenemy(A, B).  [covers 1,899.0/11,756.0 pos, 0.0/0.0 neg]
%           Grounding 0: weight=0.93 threshold=0.7 -> HIGH
%           Grounding 0: weight=0.902 threshold=0.7 -> HIGH
%       === Grounding Penalty Calculation ===
%         Examples checked: 11756
%         Examples with cached bindings: 2027
%         Total groundings evaluated: 2027
%         High attention groundings (>= 0.7): 1299
%         Low attention groundings (< 0.7): 728
%       
%         Raw penalty = -alpha * k_high + beta * k_low
%                     = -0.1 * 1299 + 0.0 * 728
%                     = -129.9 + 0.0
%                     = -129.900000
%       
%         Scaled penalty = scalingPenalties * rawPenalty
%                        = 1.0 * -129.900000
%                        = -129.900000
%     Score = -2,629.581895 (regressionFit = 2,759.481863, totalPenalty = -129.899968)
%       for clause: action(A, _) :- diversnotfull(A), visibleenemy(A, _), oxygenok(A).  [covers 9,646.0/11,756.0 pos, 0.0/0.0 neg]
%           Grounding 0: weight=0.93 threshold=0.7 -> HIGH
%           Grounding 0: weight=0.54 threshold=0.7 -> LOW
%       === Grounding Penalty Calculation ===
%         Examples checked: 11756
%         Examples with cached bindings: 2380
%         Total groundings evaluated: 2380
%         High attention groundings (>= 0.7): 762
%         Low attention groundings (< 0.7): 1618
%       
%         Raw penalty = -alpha * k_high + beta * k_low
%                     = -0.1 * 762 + 0.0 * 1618
%                     = -76.2 + 0.0
%                     = -76.200000
%       
%         Scaled penalty = scalingPenalties * rawPenalty
%                        = 1.0 * -76.200000
%                        = -76.200000
%     Score = -2,716.815976 (regressionFit = 2,793.015945, totalPenalty = -76.199969)
%       for clause: action(A, _) :- diversnotfull(A), visibleenemy(A, B), rightofenemy(A, B).  [covers 6,057.0/11,756.0 pos, 0.0/0.0 neg]
%           Grounding 0: weight=0.93 threshold=0.7 -> HIGH
%           Grounding 0: weight=0.902 threshold=0.7 -> HIGH
%       === Grounding Penalty Calculation ===
%         Examples checked: 11756
%         Examples with cached bindings: 2698
%         Total groundings evaluated: 2698
%         High attention groundings (>= 0.7): 1127
%         Low attention groundings (< 0.7): 1571
%       
%         Raw penalty = -alpha * k_high + beta * k_low
%                     = -0.1 * 1127 + 0.0 * 1571
%                     = -112.7 + 0.0
%                     = -112.700000
%       
%         Scaled penalty = scalingPenalties * rawPenalty
%                        = 1.0 * -112.700000
%                        = -112.700000
%     Score = -2,085.749280 (regressionFit = 2,198.449249, totalPenalty = -112.699969)
%       for clause: action(A, _) :- diversnotfull(A), visibleenemy(A, B), samelevelasenemy(A, B).  [covers 4,117.0/11,756.0 pos, 0.0/0.0 neg]
% Gleaner: New best node found (score = -2,085.749280): action(A, _) :- diversnotfull(A), visibleenemy(A, B), samelevelasenemy(A, B).  [covers 4,117.0/11,756.0 pos, 0.0/0.0 neg]
%           Grounding 0: weight=0.565 threshold=0.7 -> LOW
%           Grounding 0: weight=0.719 threshold=0.7 -> HIGH
%       === Grounding Penalty Calculation ===
%         Examples checked: 11756
%         Examples with cached bindings: 707
%         Total groundings evaluated: 707
%         High attention groundings (>= 0.7): 252
%         Low attention groundings (< 0.7): 455
%       
%         Raw penalty = -alpha * k_high + beta * k_low
%                     = -0.1 * 252 + 0.0 * 455
%                     = -25.200000000000003 + 0.0
%                     = -25.200000
%       
%         Scaled penalty = scalingPenalties * rawPenalty
%                        = 1.0 * -25.200000
%                        = -25.200000
%     Score = -2,780.249878 (regressionFit = 2,805.449845, totalPenalty = -25.199967)
%       for clause: action(A, _) :- diversnotfull(A), visibleenemy(A, _), visiblediver(A, _).  [covers 5,876.0/11,756.0 pos, 0.0/0.0 neg]
%           Grounding 0: weight=0.93 threshold=0.7 -> HIGH
%           Grounding 0: weight=0.902 threshold=0.7 -> HIGH
%       === Grounding Penalty Calculation ===
%         Examples checked: 11756
%         Examples with cached bindings: 2027
%         Total groundings evaluated: 2027
%         High attention groundings (>= 0.7): 1299
%         Low attention groundings (< 0.7): 728
%       
%         Raw penalty = -alpha * k_high + beta * k_low
%                     = -0.1 * 1299 + 0.0 * 728
%                     = -129.9 + 0.0
%                     = -129.900000
%       
%         Scaled penalty = scalingPenalties * rawPenalty
%                        = 1.0 * -129.900000
%                        = -129.900000
%     Score = -2,629.581895 (regressionFit = 2,759.481863, totalPenalty = -129.899968)
%       for clause: action(A, _) :- diversnotfull(A), visibleenemy(A, _), visibleenemy(A, _).  [covers 9,646.0/11,756.0 pos, 0.0/0.0 neg]
%           Grounding 0: weight=0.661 threshold=0.7 -> LOW
%           Grounding 0: weight=0.719 threshold=0.7 -> HIGH
%       === Grounding Penalty Calculation ===
%         Examples checked: 11756
%         Examples with cached bindings: 415
%         Total groundings evaluated: 415
%         High attention groundings (>= 0.7): 63
%         Low attention groundings (< 0.7): 352
%       
%         Raw penalty = -alpha * k_high + beta * k_low
%                     = -0.1 * 63 + 0.0 * 352
%                     = -6.300000000000001 + 0.0
%                     = -6.300000
%       
%         Scaled penalty = scalingPenalties * rawPenalty
%                        = 1.0 * -6.300000
%                        = -6.300000
%     Score = -2,733.500518 (regressionFit = 2,739.800485, totalPenalty = -6.299967)
%       for clause: action(A, _) :- diversnotfull(A), visibleenemy(A, _), visibleenemysubmarine(A, _).  [covers 7,557.0/11,756.0 pos, 0.0/0.0 neg]

% Consider expanding [#7 of outerLoop #2, bodyLen=2] 'action(A, _) :- diversnotfull(A), visibleenemysubmarine(A, _).  [covers 9,252.0/11,756.0 pos, 0.0/0.0 neg]' score=-2696.245601013495
%  At # nodes expanded = 7, |OPEN| = 1.  Pruned 0 variant children.  Sending 13 items to OPEN for evaluation and possible insertion.
% Have created 13 valid-on-seeds descendants and have picked up 6 bad extensions.
%           Grounding 0: weight=0.519 threshold=0.7 -> LOW
%           Grounding 0: weight=0.615 threshold=0.7 -> LOW
%       === Grounding Penalty Calculation ===
%         Examples checked: 11756
%         Examples with cached bindings: 1363
%         Total groundings evaluated: 1363
%         High attention groundings (>= 0.7): 167
%         Low attention groundings (< 0.7): 1196
%       
%         Raw penalty = -alpha * k_high + beta * k_low
%                     = -0.1 * 167 + 0.0 * 1196
%                     = -16.7 + 0.0
%                     = -16.700000
%       
%         Scaled penalty = scalingPenalties * rawPenalty
%                        = 1.0 * -16.700000
%                        = -16.700000
%     Score = -2,785.185238 (regressionFit = 2,801.885207, totalPenalty = -16.699969)
%       for clause: action(A, _) :- diversnotfull(A), visibleenemysubmarine(A, B), aboveofsubmarine(A, B).  [covers 4,352.0/11,756.0 pos, 0.0/0.0 neg]
%           Grounding 0: weight=0.519 threshold=0.7 -> LOW
%           Grounding 0: weight=0.605 threshold=0.7 -> LOW
%       === Grounding Penalty Calculation ===
%         Examples checked: 11756
%         Examples with cached bindings: 4377
%         Total groundings evaluated: 4377
%         High attention groundings (>= 0.7): 605
%         Low attention groundings (< 0.7): 3772
%       
%         Raw penalty = -alpha * k_high + beta * k_low
%                     = -0.1 * 605 + 0.0 * 3772
%                     = -60.5 + 0.0
%                     = -60.500000
%       
%         Scaled penalty = scalingPenalties * rawPenalty
%                        = 1.0 * -60.500000
%                        = -60.500000
%     Score = -2,651.875563 (regressionFit = 2,712.375532, totalPenalty = -60.499969)
%       for clause: action(A, _) :- diversnotfull(A), visibleenemysubmarine(A, B), belowofsubmarine(A, B).  [covers 7,861.0/11,756.0 pos, 0.0/0.0 neg]
%           Grounding 0: weight=0.519 threshold=0.7 -> LOW
%           Grounding 0: weight=0.574 threshold=0.7 -> LOW
%       === Grounding Penalty Calculation ===
%         Examples checked: 11756
%         Examples with cached bindings: 4673
%         Total groundings evaluated: 4673
%         High attention groundings (>= 0.7): 157
%         Low attention groundings (< 0.7): 4516
%       
%         Raw penalty = -alpha * k_high + beta * k_low
%                     = -0.1 * 157 + 0.0 * 4516
%                     = -15.700000000000001 + 0.0
%                     = -15.700000
%       
%         Scaled penalty = scalingPenalties * rawPenalty
%                        = 1.0 * -15.700000
%                        = -15.700000
%     Score = -2,774.274658 (regressionFit = 2,789.974626, totalPenalty = -15.699969)
%       for clause: action(A, _) :- diversnotfull(A), visibleenemysubmarine(A, B), enemyfacingleft(A, B).  [covers 8,224.0/11,756.0 pos, 0.0/0.0 neg]
%           Grounding 0: weight=0.519 threshold=0.7 -> LOW
%           Grounding 0: weight=0.632 threshold=0.7 -> LOW
%       === Grounding Penalty Calculation ===
%         Examples checked: 11756
%         Examples with cached bindings: 1239
%         Total groundings evaluated: 1239
%         High attention groundings (>= 0.7): 78
%         Low attention groundings (< 0.7): 1161
%       
%         Raw penalty = -alpha * k_high + beta * k_low
%                     = -0.1 * 78 + 0.0 * 1161
%                     = -7.800000000000001 + 0.0
%                     = -7.800000
%       
%         Scaled penalty = scalingPenalties * rawPenalty
%                        = 1.0 * -7.800000
%                        = -7.800000
%     Score = -2,769.314418 (regressionFit = 2,777.114386, totalPenalty = -7.799969)
%       for clause: action(A, _) :- diversnotfull(A), visibleenemysubmarine(A, B), enemyfacingright(A, B).  [covers 3,563.0/11,756.0 pos, 0.0/0.0 neg]
%           Grounding 0: weight=0.605 threshold=0.7 -> LOW
%           Grounding 0: weight=0.793 threshold=0.7 -> HIGH
%       === Grounding Penalty Calculation ===
%         Examples checked: 11756
%         Examples with cached bindings: 1615
%         Total groundings evaluated: 1615
%         High attention groundings (>= 0.7): 315
%         Low attention groundings (< 0.7): 1300
%       
%         Raw penalty = -alpha * k_high + beta * k_low
%                     = -0.1 * 315 + 0.0 * 1300
%                     = -31.5 + 0.0
%                     = -31.500000
%       
%         Scaled penalty = scalingPenalties * rawPenalty
%                        = 1.0 * -31.500000
%                        = -31.500000
%     Score = -2,769.605710 (regressionFit = 2,801.105677, totalPenalty = -31.499968)
%       for clause: action(A, _) :- diversnotfull(A), visibleenemysubmarine(A, _), facingright(A).  [covers 4,388.0/11,756.0 pos, 0.0/0.0 neg]
%           Grounding 0: weight=0.53 threshold=0.7 -> LOW
%           Grounding 0: weight=0.638 threshold=0.7 -> LOW
%       === Grounding Penalty Calculation ===
%         Examples checked: 11756
%         Examples with cached bindings: 2838
%         Total groundings evaluated: 2838
%         High attention groundings (>= 0.7): 346
%         Low attention groundings (< 0.7): 2492
%       
%         Raw penalty = -alpha * k_high + beta * k_low
%                     = -0.1 * 346 + 0.0 * 2492
%                     = -34.6 + 0.0
%                     = -34.600000
%       
%         Scaled penalty = scalingPenalties * rawPenalty
%                        = 1.0 * -34.600000
%                        = -34.600000
%     Score = -2,756.424653 (regressionFit = 2,791.024622, totalPenalty = -34.599969)
%       for clause: action(A, _) :- diversnotfull(A), visibleenemysubmarine(A, B), leftofsubmarine(A, B).  [covers 5,469.0/11,756.0 pos, 0.0/0.0 neg]
%           Grounding 0: weight=0.605 threshold=0.7 -> LOW
%           Grounding 0: weight=0.552 threshold=0.7 -> LOW
%       === Grounding Penalty Calculation ===
%         Examples checked: 11756
%         Examples with cached bindings: 3429
%         Total groundings evaluated: 3429
%         High attention groundings (>= 0.7): 635
%         Low attention groundings (< 0.7): 2794
%       
%         Raw penalty = -alpha * k_high + beta * k_low
%                     = -0.1 * 635 + 0.0 * 2794
%                     = -63.5 + 0.0
%                     = -63.500000
%       
%         Scaled penalty = scalingPenalties * rawPenalty
%                        = 1.0 * -63.500000
%                        = -63.500000
%     Score = -2,696.245611 (regressionFit = 2,759.745579, totalPenalty = -63.499968)
%       for clause: action(A, _) :- diversnotfull(A), visibleenemysubmarine(A, _), oxygenok(A).  [covers 9,252.0/11,756.0 pos, 0.0/0.0 neg]
%           Grounding 0: weight=0.605 threshold=0.7 -> LOW
%           Grounding 0: weight=0.497 threshold=0.7 -> LOW
%       === Grounding Penalty Calculation ===
%         Examples checked: 11756
%         Examples with cached bindings: 2837
%         Total groundings evaluated: 2837
%         High attention groundings (>= 0.7): 324
%         Low attention groundings (< 0.7): 2513
%       
%         Raw penalty = -alpha * k_high + beta * k_low
%                     = -0.1 * 324 + 0.0 * 2513
%                     = -32.4 + 0.0
%                     = -32.400000
%       
%         Scaled penalty = scalingPenalties * rawPenalty
%                        = 1.0 * -32.400000
%                        = -32.400000
%     Score = -2,758.839866 (regressionFit = 2,791.239835, totalPenalty = -32.399969)
%       for clause: action(A, _) :- diversnotfull(A), visibleenemysubmarine(A, B), rightofsubmarine(A, B).  [covers 5,435.0/11,756.0 pos, 0.0/0.0 neg]
%           Grounding 0: weight=0.53 threshold=0.7 -> LOW
%           Grounding 0: weight=0.584 threshold=0.7 -> LOW
%       === Grounding Penalty Calculation ===
%         Examples checked: 11756
%         Examples with cached bindings: 1026
%         Total groundings evaluated: 1026
%         High attention groundings (>= 0.7): 135
%         Low attention groundings (< 0.7): 891
%       
%         Raw penalty = -alpha * k_high + beta * k_low
%                     = -0.1 * 135 + 0.0 * 891
%                     = -13.5 + 0.0
%                     = -13.500000
%       
%         Scaled penalty = scalingPenalties * rawPenalty
%                        = 1.0 * -13.500000
%                        = -13.500000
%     Score = -2,786.092741 (regressionFit = 2,799.592710, totalPenalty = -13.499969)
%       for clause: action(A, _) :- diversnotfull(A), visibleenemysubmarine(A, B), samelevelassubmarine(A, B).  [covers 1,322.0/11,756.0 pos, 0.0/0.0 neg]
%           Grounding 0: weight=0.74 threshold=0.7 -> HIGH
%           Grounding 0: weight=0.592 threshold=0.7 -> LOW
%       === Grounding Penalty Calculation ===
%         Examples checked: 11756
%         Examples with cached bindings: 1145
%         Total groundings evaluated: 1145
%         High attention groundings (>= 0.7): 151
%         Low attention groundings (< 0.7): 994
%       
%         Raw penalty = -alpha * k_high + beta * k_low
%                     = -0.1 * 151 + 0.0 * 994
%                     = -15.100000000000001 + 0.0
%                     = -15.100000
%       
%         Scaled penalty = scalingPenalties * rawPenalty
%                        = 1.0 * -15.100000
%                        = -15.100000
%     Score = -2,790.155029 (regressionFit = 2,805.254996, totalPenalty = -15.099967)
%       for clause: action(A, _) :- diversnotfull(A), visibleenemysubmarine(A, _), visiblediver(A, _).  [covers 6,052.0/11,756.0 pos, 0.0/0.0 neg]
%           Grounding 0: weight=0.661 threshold=0.7 -> LOW
%           Grounding 0: weight=0.719 threshold=0.7 -> HIGH
%       === Grounding Penalty Calculation ===
%         Examples checked: 11756
%         Examples with cached bindings: 415
%         Total groundings evaluated: 415
%         High attention groundings (>= 0.7): 63
%         Low attention groundings (< 0.7): 352
%       
%         Raw penalty = -alpha * k_high + beta * k_low
%                     = -0.1 * 63 + 0.0 * 352
%                     = -6.300000000000001 + 0.0
%                     = -6.300000
%       
%         Scaled penalty = scalingPenalties * rawPenalty
%                        = 1.0 * -6.300000
%                        = -6.300000
%     Score = -2,733.500518 (regressionFit = 2,739.800485, totalPenalty = -6.299967)
%       for clause: action(A, _) :- diversnotfull(A), visibleenemysubmarine(A, _), visibleenemy(A, _).  [covers 7,557.0/11,756.0 pos, 0.0/0.0 neg]
%           Grounding 0: weight=0.605 threshold=0.7 -> LOW
%           Grounding 0: weight=0.552 threshold=0.7 -> LOW
%       === Grounding Penalty Calculation ===
%         Examples checked: 11756
%         Examples with cached bindings: 3429
%         Total groundings evaluated: 3429
%         High attention groundings (>= 0.7): 635
%         Low attention groundings (< 0.7): 2794
%       
%         Raw penalty = -alpha * k_high + beta * k_low
%                     = -0.1 * 635 + 0.0 * 2794
%                     = -63.5 + 0.0
%                     = -63.500000
%       
%         Scaled penalty = scalingPenalties * rawPenalty
%                        = 1.0 * -63.500000
%                        = -63.500000
%     Score = -2,696.245611 (regressionFit = 2,759.745579, totalPenalty = -63.499968)
%       for clause: action(A, _) :- diversnotfull(A), visibleenemysubmarine(A, _), visibleenemysubmarine(A, _).  [covers 9,252.0/11,756.0 pos, 0.0/0.0 neg]
%           Grounding 0: weight=0.649 threshold=0.7 -> LOW
%           Grounding 0: weight=0.727 threshold=0.7 -> HIGH
%       === Grounding Penalty Calculation ===
%         Examples checked: 11756
%         Examples with cached bindings: 208
%         Total groundings evaluated: 208
%         High attention groundings (>= 0.7): 113
%         Low attention groundings (< 0.7): 95
%       
%         Raw penalty = -alpha * k_high + beta * k_low
%                     = -0.1 * 113 + 0.0 * 95
%                     = -11.3 + 0.0
%                     = -11.300000
%       
%         Scaled penalty = scalingPenalties * rawPenalty
%                        = 1.0 * -11.300000
%                        = -11.300000
%     Score = -2,791.214075 (regressionFit = 2,802.514042, totalPenalty = -11.299967)
%       for clause: action(A, _) :- diversnotfull(A), visibleenemysubmarine(A, _), visiblemissile(A, _).  [covers 3,903.0/11,756.0 pos, 0.0/0.0 neg]

% Consider expanding [#8 of outerLoop #2, bodyLen=2] 'action(A, _) :- diversnotfull(A), oxygenok(A).  [covers 11,756.0/11,756.0 pos, 0.0/0.0 neg]' score=-Infinity
%  At # nodes expanded = 8, |OPEN| = 0.  Pruned 0 variant children.  Sending 6 items to OPEN for evaluation and possible insertion.
% Have created 6 valid-on-seeds descendants and have picked up 4 bad extensions.
%           Grounding 0: weight=1.0 threshold=0.7 -> HIGH
%           Grounding 0: weight=1.0 threshold=0.7 -> HIGH
%       === Grounding Penalty Calculation ===
%         Examples checked: 11756
%         Examples with cached bindings: 6090
%         Total groundings evaluated: 6090
%         High attention groundings (>= 0.7): 6090
%         Low attention groundings (< 0.7): 0
%       
%         Raw penalty = -alpha * k_high + beta * k_low
%                     = -0.1 * 6090 + 0.0 * 0
%                     = -609.0 + 0.0
%                     = -609.000000
%       
%         Scaled penalty = scalingPenalties * rawPenalty
%                        = 1.0 * -609.000000
%                        = -609.000000
%     Score = -2,158.649380 (regressionFit = 2,767.649348, totalPenalty = -608.999969)
%       for clause: action(A, _) :- diversnotfull(A), oxygenok(A), facingleft(A).  [covers 6,090.0/11,756.0 pos, 0.0/0.0 neg]
%           Grounding 0: weight=1.0 threshold=0.7 -> HIGH
%           Grounding 0: weight=1.0 threshold=0.7 -> HIGH
%       === Grounding Penalty Calculation ===
%         Examples checked: 11756
%         Examples with cached bindings: 5666
%         Total groundings evaluated: 5666
%         High attention groundings (>= 0.7): 5666
%         Low attention groundings (< 0.7): 0
%       
%         Raw penalty = -alpha * k_high + beta * k_low
%                     = -0.1 * 5666 + 0.0 * 0
%                     = -566.6 + 0.0
%                     = -566.600000
%       
%         Scaled penalty = scalingPenalties * rawPenalty
%                        = 1.0 * -566.600000
%                        = -566.600000
%     Score = -2,201.049380 (regressionFit = 2,767.649348, totalPenalty = -566.599969)
%       for clause: action(A, _) :- diversnotfull(A), oxygenok(A), facingright(A).  [covers 5,666.0/11,756.0 pos, 0.0/0.0 neg]
%           Grounding 0: weight=0.788 threshold=0.7 -> HIGH
%           Grounding 0: weight=0.984 threshold=0.7 -> HIGH
%       === Grounding Penalty Calculation ===
%         Examples checked: 11756
%         Examples with cached bindings: 3925
%         Total groundings evaluated: 3925
%         High attention groundings (>= 0.7): 2367
%         Low attention groundings (< 0.7): 1558
%       
%         Raw penalty = -alpha * k_high + beta * k_low
%                     = -0.1 * 2367 + 0.0 * 1558
%                     = -236.70000000000002 + 0.0
%                     = -236.700000
%       
%         Scaled penalty = scalingPenalties * rawPenalty
%                        = 1.0 * -236.700000
%                        = -236.700000
%     Score = -2,557.640921 (regressionFit = 2,794.340889, totalPenalty = -236.699968)
%       for clause: action(A, _) :- diversnotfull(A), oxygenok(A), visiblediver(A, _).  [covers 7,291.0/11,756.0 pos, 0.0/0.0 neg]
%           Grounding 0: weight=0.93 threshold=0.7 -> HIGH
%           Grounding 0: weight=0.902 threshold=0.7 -> HIGH
%       === Grounding Penalty Calculation ===
%         Examples checked: 11756
%         Examples with cached bindings: 2027
%         Total groundings evaluated: 2027
%         High attention groundings (>= 0.7): 1299
%         Low attention groundings (< 0.7): 728
%       
%         Raw penalty = -alpha * k_high + beta * k_low
%                     = -0.1 * 1299 + 0.0 * 728
%                     = -129.9 + 0.0
%                     = -129.900000
%       
%         Scaled penalty = scalingPenalties * rawPenalty
%                        = 1.0 * -129.900000
%                        = -129.900000
%     Score = -2,629.581895 (regressionFit = 2,759.481863, totalPenalty = -129.899968)
%       for clause: action(A, _) :- diversnotfull(A), oxygenok(A), visibleenemy(A, _).  [covers 9,646.0/11,756.0 pos, 0.0/0.0 neg]
%           Grounding 0: weight=0.605 threshold=0.7 -> LOW
%           Grounding 0: weight=0.552 threshold=0.7 -> LOW
%       === Grounding Penalty Calculation ===
%         Examples checked: 11756
%         Examples with cached bindings: 3429
%         Total groundings evaluated: 3429
%         High attention groundings (>= 0.7): 635
%         Low attention groundings (< 0.7): 2794
%       
%         Raw penalty = -alpha * k_high + beta * k_low
%                     = -0.1 * 635 + 0.0 * 2794
%                     = -63.5 + 0.0
%                     = -63.500000
%       
%         Scaled penalty = scalingPenalties * rawPenalty
%                        = 1.0 * -63.500000
%                        = -63.500000
%     Score = -2,696.245611 (regressionFit = 2,759.745579, totalPenalty = -63.499968)
%       for clause: action(A, _) :- diversnotfull(A), oxygenok(A), visibleenemysubmarine(A, _).  [covers 9,252.0/11,756.0 pos, 0.0/0.0 neg]
%           Grounding 0: weight=1.0 threshold=0.7 -> HIGH
%           Grounding 0: weight=1.0 threshold=0.7 -> HIGH
%       === Grounding Penalty Calculation ===
%         Examples checked: 11756
%         Examples with cached bindings: 2471
%         Total groundings evaluated: 2471
%         High attention groundings (>= 0.7): 2471
%         Low attention groundings (< 0.7): 0
%       
%         Raw penalty = -alpha * k_high + beta * k_low
%                     = -0.1 * 2471 + 0.0 * 0
%                     = -247.10000000000002 + 0.0
%                     = -247.100000
%       
%         Scaled penalty = scalingPenalties * rawPenalty
%                        = 1.0 * -247.100000
%                        = -247.100000
%     Score = -2,555.801713 (regressionFit = 2,802.901680, totalPenalty = -247.099968)
%       for clause: action(A, _) :- diversnotfull(A), oxygenok(A), visiblemissile(A, _).  [covers 3,918.0/11,756.0 pos, 0.0/0.0 neg]

% The best node found: action(A, _) :- diversnotfull(A), visibleenemy(A, B), samelevelasenemy(A, B).  [covers 4,117.0/11,756.0 pos, 0.0/0.0 neg]

% The best node found: action(A, _) :- diversnotfull(A), visibleenemy(A, B), samelevelasenemy(A, B).  [covers 4,117.0/11,756.0 pos, 0.0/0.0 neg]

% Expanding node at Level 1 with score = -0.239.
% Will extend: action(A, _) :- diversnotfull(A), visibleenemy(A, B), samelevelasenemy(A, B).  [covers 4,117.0/11,756.0 pos, 0.0/0.0 neg]
%   Creating a TRUE-branch and FALSE-branch leaves because level = 1 >= 1

% Time for loop #2: 6.270 seconds.
% Internal node max length = 2
% Max tree depth in lits   = 12
% Max tree depth in nodes  = 1
% Max number of clauses    = 20

% On cycle #2, the best clause found is:
%      action(A, _) :- diversnotfull(A), visibleenemy(A, B), samelevelasenemy(A, B).  [covers 4,117.0/11,756.0 pos, 0.0/0.0 neg]
% This clause covers 4117 positive examples, of which 4117 are newly covered.
% It also covers 0 negative examples, of which 0 are newly covered.

% Have these 6 positive seeds: 38 372 494 1898 3702 4098
% [AdviceProcessor]  Generated 0 clauses at relevance level STRONGLY_IRRELEVANT.

***** Warning: TODO: Should handle this case by altering the target in the 'must be constant' arguments.  Or maybe an '@' type was meant? *****


% target           = action(D, E)
%     Score = -Infinity (regressionFit = Infinity, totalPenalty = 0.000002)
%       for clause: action(_, _).  [covers 4,298.0/4,298.0 pos, 0.0/0.0 neg]
% Most-general root: action(_, _).  [covers 4,298.0/4,298.0 pos, 0.0/0.0 neg]  score = -Infinity

% Consider expanding [#1 of outerLoop #3, bodyLen=0] 'action(_, _).  [covers 4,298.0/4,298.0 pos, 0.0/0.0 neg]' score=-Infinity
%  At # nodes expanded = 1, |OPEN| = 0.  Pruned 0 variant children.  Sending 9 items to OPEN for evaluation and possible insertion.
% Have created 9 valid-on-seeds descendants and have picked up 3 bad extensions.
%           Grounding 0: weight=1.0 threshold=0.7 -> HIGH
%           Grounding 0: weight=1.0 threshold=0.7 -> HIGH
%       === Grounding Penalty Calculation ===
%         Examples checked: 4298
%         Examples with cached bindings: 2872
%         Total groundings evaluated: 2872
%         High attention groundings (>= 0.7): 2872
%         Low attention groundings (< 0.7): 0
%       
%         Raw penalty = -alpha * k_high + beta * k_low
%                     = -0.1 * 2872 + 0.0 * 0
%                     = -287.2 + 0.0
%                     = -287.200000
%       
%         Scaled penalty = scalingPenalties * rawPenalty
%                        = 1.0 * -287.200000
%                        = -287.200000
%     Score = -323.347558 (regressionFit = 610.547547, totalPenalty = -287.199989)
%       for clause: action(A, _) :- diversempty(A).  [covers 2,872.0/4,298.0 pos, 0.0/0.0 neg]
% Gleaner: New best node found (score = -323.347558): action(A, _) :- diversempty(A).  [covers 2,872.0/4,298.0 pos, 0.0/0.0 neg]
%           Grounding 0: weight=1.0 threshold=0.7 -> HIGH
%           Grounding 0: weight=1.0 threshold=0.7 -> HIGH
%       === Grounding Penalty Calculation ===
%         Examples checked: 4298
%         Examples with cached bindings: 1097
%         Total groundings evaluated: 1097
%         High attention groundings (>= 0.7): 1097
%         Low attention groundings (< 0.7): 0
%       
%         Raw penalty = -alpha * k_high + beta * k_low
%                     = -0.1 * 1097 + 0.0 * 0
%                     = -109.7 + 0.0
%                     = -109.700000
%       
%         Scaled penalty = scalingPenalties * rawPenalty
%                        = 1.0 * -109.700000
%                        = -109.700000
%     Score = -505.508405 (regressionFit = 615.208393, totalPenalty = -109.699989)
%       for clause: action(A, _) :- diversfull(A).  [covers 1,097.0/4,298.0 pos, 0.0/0.0 neg]
%           Grounding 0: weight=1.0 threshold=0.7 -> HIGH
%           Grounding 0: weight=1.0 threshold=0.7 -> HIGH
%       === Grounding Penalty Calculation ===
%         Examples checked: 4298
%         Examples with cached bindings: 2072
%         Total groundings evaluated: 2072
%         High attention groundings (>= 0.7): 2072
%         Low attention groundings (< 0.7): 0
%       
%         Raw penalty = -alpha * k_high + beta * k_low
%                     = -0.1 * 2072 + 0.0 * 0
%                     = -207.20000000000002 + 0.0
%                     = -207.200000
%       
%         Scaled penalty = scalingPenalties * rawPenalty
%                        = 1.0 * -207.200000
%                        = -207.200000
%     Score = -401.796833 (regressionFit = 608.996822, totalPenalty = -207.199989)
%       for clause: action(A, _) :- facingleft(A).  [covers 2,072.0/4,298.0 pos, 0.0/0.0 neg]
%           Grounding 0: weight=1.0 threshold=0.7 -> HIGH
%           Grounding 0: weight=1.0 threshold=0.7 -> HIGH
%       === Grounding Penalty Calculation ===
%         Examples checked: 4298
%         Examples with cached bindings: 1897
%         Total groundings evaluated: 1897
%         High attention groundings (>= 0.7): 1897
%         Low attention groundings (< 0.7): 0
%       
%         Raw penalty = -alpha * k_high + beta * k_low
%                     = -0.1 * 1897 + 0.0 * 0
%                     = -189.70000000000002 + 0.0
%                     = -189.700000
%       
%         Scaled penalty = scalingPenalties * rawPenalty
%                        = 1.0 * -189.700000
%                        = -189.700000
%     Score = -424.814683 (regressionFit = 614.514672, totalPenalty = -189.699989)
%       for clause: action(A, _) :- facingright(A).  [covers 1,897.0/4,298.0 pos, 0.0/0.0 neg]
%           Grounding 0: weight=1.0 threshold=0.7 -> HIGH
%           Grounding 0: weight=1.0 threshold=0.7 -> HIGH
%       === Grounding Penalty Calculation ===
%         Examples checked: 4298
%         Examples with cached bindings: 3969
%         Total groundings evaluated: 3969
%         High attention groundings (>= 0.7): 3969
%         Low attention groundings (< 0.7): 0
%       
%         Raw penalty = -alpha * k_high + beta * k_low
%                     = -0.1 * 3969 + 0.0 * 0
%                     = -396.90000000000003 + 0.0
%                     = -396.900000
%       
%         Scaled penalty = scalingPenalties * rawPenalty
%                        = 1.0 * -396.900000
%                        = -396.900000
%     Score = -211.372077 (regressionFit = 608.272066, totalPenalty = -396.899989)
%       for clause: action(A, _) :- oxygenok(A).  [covers 3,969.0/4,298.0 pos, 0.0/0.0 neg]
% Gleaner: New best node found (score = -211.372077): action(A, _) :- oxygenok(A).  [covers 3,969.0/4,298.0 pos, 0.0/0.0 neg]
%           Grounding 0: weight=0.609 threshold=0.7 -> LOW
%           Grounding 0: weight=1.0 threshold=0.7 -> HIGH
%       === Grounding Penalty Calculation ===
%         Examples checked: 4298
%         Examples with cached bindings: 1069
%         Total groundings evaluated: 1069
%         High attention groundings (>= 0.7): 593
%         Low attention groundings (< 0.7): 476
%       
%         Raw penalty = -alpha * k_high + beta * k_low
%                     = -0.1 * 593 + 0.0 * 476
%                     = -59.300000000000004 + 0.0
%                     = -59.300000
%       
%         Scaled penalty = scalingPenalties * rawPenalty
%                        = 1.0 * -59.300000
%                        = -59.300000
%     Score = -542.159899 (regressionFit = 601.459887, totalPenalty = -59.299988)
%       for clause: action(A, _) :- visiblediver(A, _).  [covers 2,115.0/4,298.0 pos, 0.0/0.0 neg]
%           Grounding 0: weight=0.591 threshold=0.7 -> LOW
%           Grounding 0: weight=0.536 threshold=0.7 -> LOW
%       === Grounding Penalty Calculation ===
%         Examples checked: 4298
%         Examples with cached bindings: 311
%         Total groundings evaluated: 311
%         High attention groundings (>= 0.7): 149
%         Low attention groundings (< 0.7): 162
%       
%         Raw penalty = -alpha * k_high + beta * k_low
%                     = -0.1 * 149 + 0.0 * 162
%                     = -14.9 + 0.0
%                     = -14.900000
%       
%         Scaled penalty = scalingPenalties * rawPenalty
%                        = 1.0 * -14.900000
%                        = -14.900000
%     Score = -562.198518 (regressionFit = 577.098506, totalPenalty = -14.899988)
%       for clause: action(A, _) :- visibleenemy(A, _).  [covers 2,365.0/4,298.0 pos, 0.0/0.0 neg]
%           Grounding 0: weight=0.563 threshold=0.7 -> LOW
%           Grounding 0: weight=0.68 threshold=0.7 -> LOW
%       === Grounding Penalty Calculation ===
%         Examples checked: 4298
%         Examples with cached bindings: 1551
%         Total groundings evaluated: 1551
%         High attention groundings (>= 0.7): 386
%         Low attention groundings (< 0.7): 1165
%       
%         Raw penalty = -alpha * k_high + beta * k_low
%                     = -0.1 * 386 + 0.0 * 1165
%                     = -38.6 + 0.0
%                     = -38.600000
%       
%         Scaled penalty = scalingPenalties * rawPenalty
%                        = 1.0 * -38.600000
%                        = -38.600000
%     Score = -573.222665 (regressionFit = 611.822653, totalPenalty = -38.599988)
%       for clause: action(A, _) :- visibleenemysubmarine(A, _).  [covers 2,793.0/4,298.0 pos, 0.0/0.0 neg]
%           Grounding 0: weight=1.0 threshold=0.7 -> HIGH
%           Grounding 0: weight=1.0 threshold=0.7 -> HIGH
%       === Grounding Penalty Calculation ===
%         Examples checked: 4298
%         Examples with cached bindings: 515
%         Total groundings evaluated: 515
%         High attention groundings (>= 0.7): 515
%         Low attention groundings (< 0.7): 0
%       
%         Raw penalty = -alpha * k_high + beta * k_low
%                     = -0.1 * 515 + 0.0 * 0
%                     = -51.5 + 0.0
%                     = -51.500000
%       
%         Scaled penalty = scalingPenalties * rawPenalty
%                        = 1.0 * -51.500000
%                        = -51.500000
%     Score = -562.430681 (regressionFit = 613.930669, totalPenalty = -51.499988)
%       for clause: action(A, _) :- visiblemissile(A, _).  [covers 873.0/4,298.0 pos, 0.0/0.0 neg]

% Consider expanding [#2 of outerLoop #3, bodyLen=1] 'action(A, _) :- oxygenok(A).  [covers 3,969.0/4,298.0 pos, 0.0/0.0 neg]' score=-211.37207715808637
%  At # nodes expanded = 2, |OPEN| = 8.  Pruned 0 variant children.  Sending 8 items to OPEN for evaluation and possible insertion.
% Have created 8 valid-on-seeds descendants and have picked up 3 bad extensions.
%           Grounding 0: weight=1.0 threshold=0.7 -> HIGH
%           Grounding 0: weight=1.0 threshold=0.7 -> HIGH
%       === Grounding Penalty Calculation ===
%         Examples checked: 4298
%         Examples with cached bindings: 2872
%         Total groundings evaluated: 2872
%         High attention groundings (>= 0.7): 2872
%         Low attention groundings (< 0.7): 0
%       
%         Raw penalty = -alpha * k_high + beta * k_low
%                     = -0.1 * 2872 + 0.0 * 0
%                     = -287.2 + 0.0
%                     = -287.200000
%       
%         Scaled penalty = scalingPenalties * rawPenalty
%                        = 1.0 * -287.200000
%                        = -287.200000
%     Score = -323.347568 (regressionFit = 610.547547, totalPenalty = -287.199979)
%       for clause: action(A, _) :- oxygenok(A), diversempty(A).  [covers 2,872.0/4,298.0 pos, 0.0/0.0 neg]
%           Grounding 0: weight=1.0 threshold=0.7 -> HIGH
%           Grounding 0: weight=1.0 threshold=0.7 -> HIGH
%       === Grounding Penalty Calculation ===
%         Examples checked: 4298
%         Examples with cached bindings: 1097
%         Total groundings evaluated: 1097
%         High attention groundings (>= 0.7): 1097
%         Low attention groundings (< 0.7): 0
%       
%         Raw penalty = -alpha * k_high + beta * k_low
%                     = -0.1 * 1097 + 0.0 * 0
%                     = -109.7 + 0.0
%                     = -109.700000
%       
%         Scaled penalty = scalingPenalties * rawPenalty
%                        = 1.0 * -109.700000
%                        = -109.700000
%     Score = -505.508415 (regressionFit = 615.208393, totalPenalty = -109.699979)
%       for clause: action(A, _) :- oxygenok(A), diversfull(A).  [covers 1,097.0/4,298.0 pos, 0.0/0.0 neg]
%           Grounding 0: weight=1.0 threshold=0.7 -> HIGH
%           Grounding 0: weight=1.0 threshold=0.7 -> HIGH
%       === Grounding Penalty Calculation ===
%         Examples checked: 4298
%         Examples with cached bindings: 2072
%         Total groundings evaluated: 2072
%         High attention groundings (>= 0.7): 2072
%         Low attention groundings (< 0.7): 0
%       
%         Raw penalty = -alpha * k_high + beta * k_low
%                     = -0.1 * 2072 + 0.0 * 0
%                     = -207.20000000000002 + 0.0
%                     = -207.200000
%       
%         Scaled penalty = scalingPenalties * rawPenalty
%                        = 1.0 * -207.200000
%                        = -207.200000
%     Score = -401.796843 (regressionFit = 608.996822, totalPenalty = -207.199979)
%       for clause: action(A, _) :- oxygenok(A), facingleft(A).  [covers 2,072.0/4,298.0 pos, 0.0/0.0 neg]
%           Grounding 0: weight=1.0 threshold=0.7 -> HIGH
%           Grounding 0: weight=1.0 threshold=0.7 -> HIGH
%       === Grounding Penalty Calculation ===
%         Examples checked: 4298
%         Examples with cached bindings: 1897
%         Total groundings evaluated: 1897
%         High attention groundings (>= 0.7): 1897
%         Low attention groundings (< 0.7): 0
%       
%         Raw penalty = -alpha * k_high + beta * k_low
%                     = -0.1 * 1897 + 0.0 * 0
%                     = -189.70000000000002 + 0.0
%                     = -189.700000
%       
%         Scaled penalty = scalingPenalties * rawPenalty
%                        = 1.0 * -189.700000
%                        = -189.700000
%     Score = -424.814693 (regressionFit = 614.514672, totalPenalty = -189.699979)
%       for clause: action(A, _) :- oxygenok(A), facingright(A).  [covers 1,897.0/4,298.0 pos, 0.0/0.0 neg]
%           Grounding 0: weight=0.609 threshold=0.7 -> LOW
%           Grounding 0: weight=0.974 threshold=0.7 -> HIGH
%       === Grounding Penalty Calculation ===
%         Examples checked: 4298
%         Examples with cached bindings: 953
%         Total groundings evaluated: 953
%         High attention groundings (>= 0.7): 477
%         Low attention groundings (< 0.7): 476
%       
%         Raw penalty = -alpha * k_high + beta * k_low
%                     = -0.1 * 477 + 0.0 * 476
%                     = -47.7 + 0.0
%                     = -47.700000
%       
%         Scaled penalty = scalingPenalties * rawPenalty
%                        = 1.0 * -47.700000
%                        = -47.700000
%     Score = -546.232067 (regressionFit = 593.932045, totalPenalty = -47.699978)
%       for clause: action(A, _) :- oxygenok(A), visiblediver(A, _).  [covers 1,901.0/4,298.0 pos, 0.0/0.0 neg]
%           Grounding 0: weight=0.591 threshold=0.7 -> LOW
%           Grounding 0: weight=0.536 threshold=0.7 -> LOW
%       === Grounding Penalty Calculation ===
%         Examples checked: 4298
%         Examples with cached bindings: 276
%         Total groundings evaluated: 276
%         High attention groundings (>= 0.7): 114
%         Low attention groundings (< 0.7): 162
%       
%         Raw penalty = -alpha * k_high + beta * k_low
%                     = -0.1 * 114 + 0.0 * 162
%                     = -11.4 + 0.0
%                     = -11.400000
%       
%         Scaled penalty = scalingPenalties * rawPenalty
%                        = 1.0 * -11.400000
%                        = -11.400000
%     Score = -548.922427 (regressionFit = 560.322405, totalPenalty = -11.399978)
%       for clause: action(A, _) :- oxygenok(A), visibleenemy(A, _).  [covers 2,076.0/4,298.0 pos, 0.0/0.0 neg]
%           Grounding 0: weight=0.563 threshold=0.7 -> LOW
%           Grounding 0: weight=0.68 threshold=0.7 -> LOW
%       === Grounding Penalty Calculation ===
%         Examples checked: 4298
%         Examples with cached bindings: 1526
%         Total groundings evaluated: 1526
%         High attention groundings (>= 0.7): 361
%         Low attention groundings (< 0.7): 1165
%       
%         Raw penalty = -alpha * k_high + beta * k_low
%                     = -0.1 * 361 + 0.0 * 1165
%                     = -36.1 + 0.0
%                     = -36.100000
%       
%         Scaled penalty = scalingPenalties * rawPenalty
%                        = 1.0 * -36.100000
%                        = -36.100000
%     Score = -572.302209 (regressionFit = 608.402187, totalPenalty = -36.099978)
%       for clause: action(A, _) :- oxygenok(A), visibleenemysubmarine(A, _).  [covers 2,623.0/4,298.0 pos, 0.0/0.0 neg]
%           Grounding 0: weight=1.0 threshold=0.7 -> HIGH
%           Grounding 0: weight=1.0 threshold=0.7 -> HIGH
%       === Grounding Penalty Calculation ===
%         Examples checked: 4298
%         Examples with cached bindings: 469
%         Total groundings evaluated: 469
%         High attention groundings (>= 0.7): 469
%         Low attention groundings (< 0.7): 0
%       
%         Raw penalty = -alpha * k_high + beta * k_low
%                     = -0.1 * 469 + 0.0 * 0
%                     = -46.900000000000006 + 0.0
%                     = -46.900000
%       
%         Scaled penalty = scalingPenalties * rawPenalty
%                        = 1.0 * -46.900000
%                        = -46.900000
%     Score = -564.891001 (regressionFit = 611.790979, totalPenalty = -46.899978)
%       for clause: action(A, _) :- oxygenok(A), visiblemissile(A, _).  [covers 779.0/4,298.0 pos, 0.0/0.0 neg]

% Consider expanding [#3 of outerLoop #3, bodyLen=1] 'action(A, _) :- diversempty(A).  [covers 2,872.0/4,298.0 pos, 0.0/0.0 neg]' score=-323.3475578563485
%  At # nodes expanded = 3, |OPEN| = 7.  Pruned 0 variant children.  Sending 5 items to OPEN for evaluation and possible insertion.
% Have created 5 valid-on-seeds descendants and have picked up 6 bad extensions.
%           Grounding 0: weight=1.0 threshold=0.7 -> HIGH
%           Grounding 0: weight=1.0 threshold=0.7 -> HIGH
%       === Grounding Penalty Calculation ===
%         Examples checked: 4298
%         Examples with cached bindings: 1514
%         Total groundings evaluated: 1514
%         High attention groundings (>= 0.7): 1514
%         Low attention groundings (< 0.7): 0
%       
%         Raw penalty = -alpha * k_high + beta * k_low
%                     = -0.1 * 1514 + 0.0 * 0
%                     = -151.4 + 0.0
%                     = -151.400000
%       
%         Scaled penalty = scalingPenalties * rawPenalty
%                        = 1.0 * -151.400000
%                        = -151.400000
%     Score = -455.151109 (regressionFit = 606.551088, totalPenalty = -151.399979)
%       for clause: action(A, _) :- diversempty(A), facingleft(A).  [covers 1,514.0/4,298.0 pos, 0.0/0.0 neg]
%           Grounding 0: weight=1.0 threshold=0.7 -> HIGH
%           Grounding 0: weight=1.0 threshold=0.7 -> HIGH
%       === Grounding Penalty Calculation ===
%         Examples checked: 4298
%         Examples with cached bindings: 2872
%         Total groundings evaluated: 2872
%         High attention groundings (>= 0.7): 2872
%         Low attention groundings (< 0.7): 0
%       
%         Raw penalty = -alpha * k_high + beta * k_low
%                     = -0.1 * 2872 + 0.0 * 0
%                     = -287.2 + 0.0
%                     = -287.200000
%       
%         Scaled penalty = scalingPenalties * rawPenalty
%                        = 1.0 * -287.200000
%                        = -287.200000
%     Score = -323.347568 (regressionFit = 610.547547, totalPenalty = -287.199979)
%       for clause: action(A, _) :- diversempty(A), oxygenok(A).  [covers 2,872.0/4,298.0 pos, 0.0/0.0 neg]
%           Grounding 0: weight=0.609 threshold=0.7 -> LOW
%           Grounding 0: weight=0.974 threshold=0.7 -> HIGH
%       === Grounding Penalty Calculation ===
%         Examples checked: 4298
%         Examples with cached bindings: 538
%         Total groundings evaluated: 538
%         High attention groundings (>= 0.7): 349
%         Low attention groundings (< 0.7): 189
%       
%         Raw penalty = -alpha * k_high + beta * k_low
%                     = -0.1 * 349 + 0.0 * 189
%                     = -34.9 + 0.0
%                     = -34.900000
%       
%         Scaled penalty = scalingPenalties * rawPenalty
%                        = 1.0 * -34.900000
%                        = -34.900000
%     Score = -556.082012 (regressionFit = 590.981990, totalPenalty = -34.899978)
%       for clause: action(A, _) :- diversempty(A), visiblediver(A, _).  [covers 1,089.0/4,298.0 pos, 0.0/0.0 neg]
%           Grounding 0: weight=0.536 threshold=0.7 -> LOW
%           Grounding 0: weight=0.889 threshold=0.7 -> HIGH
%       === Grounding Penalty Calculation ===
%         Examples checked: 4298
%         Examples with cached bindings: 120
%         Total groundings evaluated: 120
%         High attention groundings (>= 0.7): 65
%         Low attention groundings (< 0.7): 55
%       
%         Raw penalty = -alpha * k_high + beta * k_low
%                     = -0.1 * 65 + 0.0 * 55
%                     = -6.5 + 0.0
%                     = -6.500000
%       
%         Scaled penalty = scalingPenalties * rawPenalty
%                        = 1.0 * -6.500000
%                        = -6.500000
%     Score = -529.385974 (regressionFit = 535.885952, totalPenalty = -6.499978)
%       for clause: action(A, _) :- diversempty(A), visibleenemy(A, _).  [covers 1,118.0/4,298.0 pos, 0.0/0.0 neg]
%           Grounding 0: weight=0.68 threshold=0.7 -> LOW
%           Grounding 0: weight=0.673 threshold=0.7 -> LOW
%       === Grounding Penalty Calculation ===
%         Examples checked: 4298
%         Examples with cached bindings: 1217
%         Total groundings evaluated: 1217
%         High attention groundings (>= 0.7): 216
%         Low attention groundings (< 0.7): 1001
%       
%         Raw penalty = -alpha * k_high + beta * k_low
%                     = -0.1 * 216 + 0.0 * 1001
%                     = -21.6 + 0.0
%                     = -21.600000
%       
%         Scaled penalty = scalingPenalties * rawPenalty
%                        = 1.0 * -21.600000
%                        = -21.600000
%     Score = -587.254390 (regressionFit = 608.854367, totalPenalty = -21.599978)
%       for clause: action(A, _) :- diversempty(A), visibleenemysubmarine(A, _).  [covers 1,708.0/4,298.0 pos, 0.0/0.0 neg]

% Consider expanding [#4 of outerLoop #3, bodyLen=1] 'action(A, _) :- facingleft(A).  [covers 2,072.0/4,298.0 pos, 0.0/0.0 neg]' score=-401.7968331566816
%  At # nodes expanded = 4, |OPEN| = 6.  Pruned 0 variant children.  Sending 6 items to OPEN for evaluation and possible insertion.
% Have created 6 valid-on-seeds descendants and have picked up 5 bad extensions.
%           Grounding 0: weight=1.0 threshold=0.7 -> HIGH
%           Grounding 0: weight=1.0 threshold=0.7 -> HIGH
%       === Grounding Penalty Calculation ===
%         Examples checked: 4298
%         Examples with cached bindings: 1514
%         Total groundings evaluated: 1514
%         High attention groundings (>= 0.7): 1514
%         Low attention groundings (< 0.7): 0
%       
%         Raw penalty = -alpha * k_high + beta * k_low
%                     = -0.1 * 1514 + 0.0 * 0
%                     = -151.4 + 0.0
%                     = -151.400000
%       
%         Scaled penalty = scalingPenalties * rawPenalty
%                        = 1.0 * -151.400000
%                        = -151.400000
%     Score = -455.151109 (regressionFit = 606.551088, totalPenalty = -151.399979)
%       for clause: action(A, _) :- facingleft(A), diversempty(A).  [covers 1,514.0/4,298.0 pos, 0.0/0.0 neg]
%           Grounding 0: weight=1.0 threshold=0.7 -> HIGH
%           Grounding 0: weight=1.0 threshold=0.7 -> HIGH
%       === Grounding Penalty Calculation ===
%         Examples checked: 4298
%         Examples with cached bindings: 558
%         Total groundings evaluated: 558
%         High attention groundings (>= 0.7): 558
%         Low attention groundings (< 0.7): 0
%       
%         Raw penalty = -alpha * k_high + beta * k_low
%                     = -0.1 * 558 + 0.0 * 0
%                     = -55.800000000000004 + 0.0
%                     = -55.800000
%       
%         Scaled penalty = scalingPenalties * rawPenalty
%                        = 1.0 * -55.800000
%                        = -55.800000
%     Score = -559.869730 (regressionFit = 615.669708, totalPenalty = -55.799979)
%       for clause: action(A, _) :- facingleft(A), diversfull(A).  [covers 558.0/4,298.0 pos, 0.0/0.0 neg]
%           Grounding 0: weight=1.0 threshold=0.7 -> HIGH
%           Grounding 0: weight=1.0 threshold=0.7 -> HIGH
%       === Grounding Penalty Calculation ===
%         Examples checked: 4298
%         Examples with cached bindings: 2072
%         Total groundings evaluated: 2072
%         High attention groundings (>= 0.7): 2072
%         Low attention groundings (< 0.7): 0
%       
%         Raw penalty = -alpha * k_high + beta * k_low
%                     = -0.1 * 2072 + 0.0 * 0
%                     = -207.20000000000002 + 0.0
%                     = -207.200000
%       
%         Scaled penalty = scalingPenalties * rawPenalty
%                        = 1.0 * -207.200000
%                        = -207.200000
%     Score = -401.796843 (regressionFit = 608.996822, totalPenalty = -207.199979)
%       for clause: action(A, _) :- facingleft(A), oxygenok(A).  [covers 2,072.0/4,298.0 pos, 0.0/0.0 neg]
%           Grounding 0: weight=0.777 threshold=0.7 -> HIGH
%           Grounding 0: weight=0.949 threshold=0.7 -> HIGH
%       === Grounding Penalty Calculation ===
%         Examples checked: 4298
%         Examples with cached bindings: 533
%         Total groundings evaluated: 533
%         High attention groundings (>= 0.7): 301
%         Low attention groundings (< 0.7): 232
%       
%         Raw penalty = -alpha * k_high + beta * k_low
%                     = -0.1 * 301 + 0.0 * 232
%                     = -30.1 + 0.0
%                     = -30.100000
%       
%         Scaled penalty = scalingPenalties * rawPenalty
%                        = 1.0 * -30.100000
%                        = -30.100000
%     Score = -566.616588 (regressionFit = 596.716566, totalPenalty = -30.099978)
%       for clause: action(A, _) :- facingleft(A), visiblediver(A, _).  [covers 1,077.0/4,298.0 pos, 0.0/0.0 neg]
%           Grounding 0: weight=0.591 threshold=0.7 -> LOW
%           Grounding 0: weight=0.546 threshold=0.7 -> LOW
%       === Grounding Penalty Calculation ===
%         Examples checked: 4298
%         Examples with cached bindings: 145
%         Total groundings evaluated: 145
%         High attention groundings (>= 0.7): 63
%         Low attention groundings (< 0.7): 82
%       
%         Raw penalty = -alpha * k_high + beta * k_low
%                     = -0.1 * 63 + 0.0 * 82
%                     = -6.300000000000001 + 0.0
%                     = -6.300000
%       
%         Scaled penalty = scalingPenalties * rawPenalty
%                        = 1.0 * -6.300000
%                        = -6.300000
%     Score = -576.068630 (regressionFit = 582.368608, totalPenalty = -6.299978)
%       for clause: action(A, _) :- facingleft(A), visibleenemy(A, _).  [covers 1,199.0/4,298.0 pos, 0.0/0.0 neg]
%           Grounding 0: weight=0.563 threshold=0.7 -> LOW
%           Grounding 0: weight=0.673 threshold=0.7 -> LOW
%       === Grounding Penalty Calculation ===
%         Examples checked: 4298
%         Examples with cached bindings: 738
%         Total groundings evaluated: 738
%         High attention groundings (>= 0.7): 188
%         Low attention groundings (< 0.7): 550
%       
%         Raw penalty = -alpha * k_high + beta * k_low
%                     = -0.1 * 188 + 0.0 * 550
%                     = -18.8 + 0.0
%                     = -18.800000
%       
%         Scaled penalty = scalingPenalties * rawPenalty
%                        = 1.0 * -18.800000
%                        = -18.800000
%     Score = -588.604152 (regressionFit = 607.404130, totalPenalty = -18.799978)
%       for clause: action(A, _) :- facingleft(A), visibleenemysubmarine(A, _).  [covers 1,290.0/4,298.0 pos, 0.0/0.0 neg]

% Consider expanding [#5 of outerLoop #3, bodyLen=1] 'action(A, _) :- facingright(A).  [covers 1,897.0/4,298.0 pos, 0.0/0.0 neg]' score=-424.8146829772386
%  At # nodes expanded = 5, |OPEN| = 5.  Pruned 0 variant children.  Sending 5 items to OPEN for evaluation and possible insertion.
% Have created 5 valid-on-seeds descendants and have picked up 6 bad extensions.
%           Grounding 0: weight=1.0 threshold=0.7 -> HIGH
%           Grounding 0: weight=1.0 threshold=0.7 -> HIGH
%       === Grounding Penalty Calculation ===
%         Examples checked: 4298
%         Examples with cached bindings: 539
%         Total groundings evaluated: 539
%         High attention groundings (>= 0.7): 539
%         Low attention groundings (< 0.7): 0
%       
%         Raw penalty = -alpha * k_high + beta * k_low
%                     = -0.1 * 539 + 0.0 * 0
%                     = -53.900000000000006 + 0.0
%                     = -53.900000
%       
%         Scaled penalty = scalingPenalties * rawPenalty
%                        = 1.0 * -53.900000
%                        = -53.900000
%     Score = -561.581860 (regressionFit = 615.481839, totalPenalty = -53.899979)
%       for clause: action(A, _) :- facingright(A), diversfull(A).  [covers 539.0/4,298.0 pos, 0.0/0.0 neg]
%           Grounding 0: weight=1.0 threshold=0.7 -> HIGH
%           Grounding 0: weight=1.0 threshold=0.7 -> HIGH
%       === Grounding Penalty Calculation ===
%         Examples checked: 4298
%         Examples with cached bindings: 1897
%         Total groundings evaluated: 1897
%         High attention groundings (>= 0.7): 1897
%         Low attention groundings (< 0.7): 0
%       
%         Raw penalty = -alpha * k_high + beta * k_low
%                     = -0.1 * 1897 + 0.0 * 0
%                     = -189.70000000000002 + 0.0
%                     = -189.700000
%       
%         Scaled penalty = scalingPenalties * rawPenalty
%                        = 1.0 * -189.700000
%                        = -189.700000
%     Score = -424.814693 (regressionFit = 614.514672, totalPenalty = -189.699979)
%       for clause: action(A, _) :- facingright(A), oxygenok(A).  [covers 1,897.0/4,298.0 pos, 0.0/0.0 neg]
%           Grounding 0: weight=0.609 threshold=0.7 -> LOW
%           Grounding 0: weight=0.974 threshold=0.7 -> HIGH
%       === Grounding Penalty Calculation ===
%         Examples checked: 4298
%         Examples with cached bindings: 420
%         Total groundings evaluated: 420
%         High attention groundings (>= 0.7): 176
%         Low attention groundings (< 0.7): 244
%       
%         Raw penalty = -alpha * k_high + beta * k_low
%                     = -0.1 * 176 + 0.0 * 244
%                     = -17.6 + 0.0
%                     = -17.600000
%       
%         Scaled penalty = scalingPenalties * rawPenalty
%                        = 1.0 * -17.600000
%                        = -17.600000
%     Score = -597.072842 (regressionFit = 614.672820, totalPenalty = -17.599978)
%       for clause: action(A, _) :- facingright(A), visiblediver(A, _).  [covers 824.0/4,298.0 pos, 0.0/0.0 neg]
%           Grounding 0: weight=0.68 threshold=0.7 -> LOW
%           Grounding 0: weight=0.572 threshold=0.7 -> LOW
%       === Grounding Penalty Calculation ===
%         Examples checked: 4298
%         Examples with cached bindings: 788
%         Total groundings evaluated: 788
%         High attention groundings (>= 0.7): 173
%         Low attention groundings (< 0.7): 615
%       
%         Raw penalty = -alpha * k_high + beta * k_low
%                     = -0.1 * 173 + 0.0 * 615
%                     = -17.3 + 0.0
%                     = -17.300000
%       
%         Scaled penalty = scalingPenalties * rawPenalty
%                        = 1.0 * -17.300000
%                        = -17.300000
%     Score = -598.564374 (regressionFit = 615.864352, totalPenalty = -17.299978)
%       for clause: action(A, _) :- facingright(A), visibleenemysubmarine(A, _).  [covers 1,333.0/4,298.0 pos, 0.0/0.0 neg]
%           Grounding 0: weight=1.0 threshold=0.7 -> HIGH
%           Grounding 0: weight=1.0 threshold=0.7 -> HIGH
%       === Grounding Penalty Calculation ===
%         Examples checked: 4298
%         Examples with cached bindings: 235
%         Total groundings evaluated: 235
%         High attention groundings (>= 0.7): 235
%         Low attention groundings (< 0.7): 0
%       
%         Raw penalty = -alpha * k_high + beta * k_low
%                     = -0.1 * 235 + 0.0 * 0
%                     = -23.5 + 0.0
%                     = -23.500000
%       
%         Scaled penalty = scalingPenalties * rawPenalty
%                        = 1.0 * -23.500000
%                        = -23.500000
%     Score = -592.267589 (regressionFit = 615.767566, totalPenalty = -23.499978)
%       for clause: action(A, _) :- facingright(A), visiblemissile(A, _).  [covers 393.0/4,298.0 pos, 0.0/0.0 neg]

% Consider expanding [#6 of outerLoop #3, bodyLen=1] 'action(A, _) :- diversfull(A).  [covers 1,097.0/4,298.0 pos, 0.0/0.0 neg]' score=-505.50840465719784
%  At # nodes expanded = 6, |OPEN| = 4.  Pruned 0 variant children.  Sending 7 items to OPEN for evaluation and possible insertion.
% Have created 7 valid-on-seeds descendants and have picked up 4 bad extensions.
%           Grounding 0: weight=1.0 threshold=0.7 -> HIGH
%           Grounding 0: weight=1.0 threshold=0.7 -> HIGH
%       === Grounding Penalty Calculation ===
%         Examples checked: 4298
%         Examples with cached bindings: 558
%         Total groundings evaluated: 558
%         High attention groundings (>= 0.7): 558
%         Low attention groundings (< 0.7): 0
%       
%         Raw penalty = -alpha * k_high + beta * k_low
%                     = -0.1 * 558 + 0.0 * 0
%                     = -55.800000000000004 + 0.0
%                     = -55.800000
%       
%         Scaled penalty = scalingPenalties * rawPenalty
%                        = 1.0 * -55.800000
%                        = -55.800000
%     Score = -559.869730 (regressionFit = 615.669708, totalPenalty = -55.799979)
%       for clause: action(A, _) :- diversfull(A), facingleft(A).  [covers 558.0/4,298.0 pos, 0.0/0.0 neg]
%           Grounding 0: weight=1.0 threshold=0.7 -> HIGH
%           Grounding 0: weight=1.0 threshold=0.7 -> HIGH
%       === Grounding Penalty Calculation ===
%         Examples checked: 4298
%         Examples with cached bindings: 539
%         Total groundings evaluated: 539
%         High attention groundings (>= 0.7): 539
%         Low attention groundings (< 0.7): 0
%       
%         Raw penalty = -alpha * k_high + beta * k_low
%                     = -0.1 * 539 + 0.0 * 0
%                     = -53.900000000000006 + 0.0
%                     = -53.900000
%       
%         Scaled penalty = scalingPenalties * rawPenalty
%                        = 1.0 * -53.900000
%                        = -53.900000
%     Score = -561.581860 (regressionFit = 615.481839, totalPenalty = -53.899979)
%       for clause: action(A, _) :- diversfull(A), facingright(A).  [covers 539.0/4,298.0 pos, 0.0/0.0 neg]
%           Grounding 0: weight=1.0 threshold=0.7 -> HIGH
%           Grounding 0: weight=1.0 threshold=0.7 -> HIGH
%       === Grounding Penalty Calculation ===
%         Examples checked: 4298
%         Examples with cached bindings: 1097
%         Total groundings evaluated: 1097
%         High attention groundings (>= 0.7): 1097
%         Low attention groundings (< 0.7): 0
%       
%         Raw penalty = -alpha * k_high + beta * k_low
%                     = -0.1 * 1097 + 0.0 * 0
%                     = -109.7 + 0.0
%                     = -109.700000
%       
%         Scaled penalty = scalingPenalties * rawPenalty
%                        = 1.0 * -109.700000
%                        = -109.700000
%     Score = -505.508415 (regressionFit = 615.208393, totalPenalty = -109.699979)
%       for clause: action(A, _) :- diversfull(A), oxygenok(A).  [covers 1,097.0/4,298.0 pos, 0.0/0.0 neg]
%           Grounding 0: weight=0.706 threshold=0.7 -> HIGH
%           Grounding 0: weight=0.828 threshold=0.7 -> HIGH
%       === Grounding Penalty Calculation ===
%         Examples checked: 4298
%         Examples with cached bindings: 415
%         Total groundings evaluated: 415
%         High attention groundings (>= 0.7): 128
%         Low attention groundings (< 0.7): 287
%       
%         Raw penalty = -alpha * k_high + beta * k_low
%                     = -0.1 * 128 + 0.0 * 287
%                     = -12.8 + 0.0
%                     = -12.800000
%       
%         Scaled penalty = scalingPenalties * rawPenalty
%                        = 1.0 * -12.800000
%                        = -12.800000
%     Score = -602.904827 (regressionFit = 615.704804, totalPenalty = -12.799978)
%       for clause: action(A, _) :- diversfull(A), visiblediver(A, _).  [covers 812.0/4,298.0 pos, 0.0/0.0 neg]
%           Grounding 0: weight=0.591 threshold=0.7 -> LOW
%           Grounding 0: weight=0.546 threshold=0.7 -> LOW
%       === Grounding Penalty Calculation ===
%         Examples checked: 4298
%         Examples with cached bindings: 156
%         Total groundings evaluated: 156
%         High attention groundings (>= 0.7): 49
%         Low attention groundings (< 0.7): 107
%       
%         Raw penalty = -alpha * k_high + beta * k_low
%                     = -0.1 * 49 + 0.0 * 107
%                     = -4.9 + 0.0
%                     = -4.900000
%       
%         Scaled penalty = scalingPenalties * rawPenalty
%                        = 1.0 * -4.900000
%                        = -4.900000
%     Score = -610.735399 (regressionFit = 615.635377, totalPenalty = -4.899978)
%       for clause: action(A, _) :- diversfull(A), visibleenemy(A, _).  [covers 958.0/4,298.0 pos, 0.0/0.0 neg]
%           Grounding 0: weight=0.563 threshold=0.7 -> LOW
%           Grounding 0: weight=0.803 threshold=0.7 -> HIGH
%       === Grounding Penalty Calculation ===
%         Examples checked: 4298
%         Examples with cached bindings: 309
%         Total groundings evaluated: 309
%         High attention groundings (>= 0.7): 145
%         Low attention groundings (< 0.7): 164
%       
%         Raw penalty = -alpha * k_high + beta * k_low
%                     = -0.1 * 145 + 0.0 * 164
%                     = -14.5 + 0.0
%                     = -14.500000
%       
%         Scaled penalty = scalingPenalties * rawPenalty
%                        = 1.0 * -14.500000
%                        = -14.500000
%     Score = -601.356399 (regressionFit = 615.856377, totalPenalty = -14.499978)
%       for clause: action(A, _) :- diversfull(A), visibleenemysubmarine(A, _).  [covers 915.0/4,298.0 pos, 0.0/0.0 neg]
%           Grounding 0: weight=1.0 threshold=0.7 -> HIGH
%           Grounding 0: weight=1.0 threshold=0.7 -> HIGH
%       === Grounding Penalty Calculation ===
%         Examples checked: 4298
%         Examples with cached bindings: 279
%         Total groundings evaluated: 279
%         High attention groundings (>= 0.7): 279
%         Low attention groundings (< 0.7): 0
%       
%         Raw penalty = -alpha * k_high + beta * k_low
%                     = -0.1 * 279 + 0.0 * 0
%                     = -27.900000000000002 + 0.0
%                     = -27.900000
%       
%         Scaled penalty = scalingPenalties * rawPenalty
%                        = 1.0 * -27.900000
%                        = -27.900000
%     Score = -587.962850 (regressionFit = 615.862828, totalPenalty = -27.899978)
%       for clause: action(A, _) :- diversfull(A), visiblemissile(A, _).  [covers 434.0/4,298.0 pos, 0.0/0.0 neg]

% Consider expanding [#7 of outerLoop #3, bodyLen=1] 'action(A, _) :- visiblediver(A, _).  [covers 2,115.0/4,298.0 pos, 0.0/0.0 neg]' score=-542.159898872433
%  At # nodes expanded = 7, |OPEN| = 3.  Pruned 0 variant children.  Sending 13 items to OPEN for evaluation and possible insertion.
% Have created 13 valid-on-seeds descendants and have picked up 5 bad extensions.
%           Grounding 0: weight=0.609 threshold=0.7 -> LOW
%           Grounding 0: weight=0.788 threshold=0.7 -> HIGH
%       === Grounding Penalty Calculation ===
%         Examples checked: 4298
%         Examples with cached bindings: 833
%         Total groundings evaluated: 833
%         High attention groundings (>= 0.7): 344
%         Low attention groundings (< 0.7): 489
%       
%         Raw penalty = -alpha * k_high + beta * k_low
%                     = -0.1 * 344 + 0.0 * 489
%                     = -34.4 + 0.0
%                     = -34.400000
%       
%         Scaled penalty = scalingPenalties * rawPenalty
%                        = 1.0 * -34.400000
%                        = -34.400000
%     Score = -580.217160 (regressionFit = 614.617139, totalPenalty = -34.399979)
%       for clause: action(A, _) :- visiblediver(A, B), aboveofdiver(A, B).  [covers 1,467.0/4,298.0 pos, 0.0/0.0 neg]
%           Grounding 0: weight=0.609 threshold=0.7 -> LOW
%           Grounding 0: weight=0.974 threshold=0.7 -> HIGH
%       === Grounding Penalty Calculation ===
%         Examples checked: 4298
%         Examples with cached bindings: 538
%         Total groundings evaluated: 538
%         High attention groundings (>= 0.7): 349
%         Low attention groundings (< 0.7): 189
%       
%         Raw penalty = -alpha * k_high + beta * k_low
%                     = -0.1 * 349 + 0.0 * 189
%                     = -34.9 + 0.0
%                     = -34.900000
%       
%         Scaled penalty = scalingPenalties * rawPenalty
%                        = 1.0 * -34.900000
%                        = -34.900000
%     Score = -556.082012 (regressionFit = 590.981990, totalPenalty = -34.899978)
%       for clause: action(A, _) :- visiblediver(A, _), diversempty(A).  [covers 1,089.0/4,298.0 pos, 0.0/0.0 neg]
%           Grounding 0: weight=0.706 threshold=0.7 -> HIGH
%           Grounding 0: weight=0.828 threshold=0.7 -> HIGH
%       === Grounding Penalty Calculation ===
%         Examples checked: 4298
%         Examples with cached bindings: 415
%         Total groundings evaluated: 415
%         High attention groundings (>= 0.7): 128
%         Low attention groundings (< 0.7): 287
%       
%         Raw penalty = -alpha * k_high + beta * k_low
%                     = -0.1 * 128 + 0.0 * 287
%                     = -12.8 + 0.0
%                     = -12.800000
%       
%         Scaled penalty = scalingPenalties * rawPenalty
%                        = 1.0 * -12.800000
%                        = -12.800000
%     Score = -602.904827 (regressionFit = 615.704804, totalPenalty = -12.799978)
%       for clause: action(A, _) :- visiblediver(A, _), diversfull(A).  [covers 812.0/4,298.0 pos, 0.0/0.0 neg]
%           Grounding 0: weight=0.777 threshold=0.7 -> HIGH
%           Grounding 0: weight=0.949 threshold=0.7 -> HIGH
%       === Grounding Penalty Calculation ===
%         Examples checked: 4298
%         Examples with cached bindings: 533
%         Total groundings evaluated: 533
%         High attention groundings (>= 0.7): 301
%         Low attention groundings (< 0.7): 232
%       
%         Raw penalty = -alpha * k_high + beta * k_low
%                     = -0.1 * 301 + 0.0 * 232
%                     = -30.1 + 0.0
%                     = -30.100000
%       
%         Scaled penalty = scalingPenalties * rawPenalty
%                        = 1.0 * -30.100000
%                        = -30.100000
%     Score = -566.616588 (regressionFit = 596.716566, totalPenalty = -30.099978)
%       for clause: action(A, _) :- visiblediver(A, _), facingleft(A).  [covers 1,077.0/4,298.0 pos, 0.0/0.0 neg]
%           Grounding 0: weight=0.609 threshold=0.7 -> LOW
%           Grounding 0: weight=0.974 threshold=0.7 -> HIGH
%       === Grounding Penalty Calculation ===
%         Examples checked: 4298
%         Examples with cached bindings: 420
%         Total groundings evaluated: 420
%         High attention groundings (>= 0.7): 176
%         Low attention groundings (< 0.7): 244
%       
%         Raw penalty = -alpha * k_high + beta * k_low
%                     = -0.1 * 176 + 0.0 * 244
%                     = -17.6 + 0.0
%                     = -17.600000
%       
%         Scaled penalty = scalingPenalties * rawPenalty
%                        = 1.0 * -17.600000
%                        = -17.600000
%     Score = -597.072842 (regressionFit = 614.672820, totalPenalty = -17.599978)
%       for clause: action(A, _) :- visiblediver(A, _), facingright(A).  [covers 824.0/4,298.0 pos, 0.0/0.0 neg]
%           Grounding 0: weight=0.643 threshold=0.7 -> LOW
%           Grounding 0: weight=0.788 threshold=0.7 -> HIGH
%       === Grounding Penalty Calculation ===
%         Examples checked: 4298
%         Examples with cached bindings: 339
%         Total groundings evaluated: 339
%         High attention groundings (>= 0.7): 216
%         Low attention groundings (< 0.7): 123
%       
%         Raw penalty = -alpha * k_high + beta * k_low
%                     = -0.1 * 216 + 0.0 * 123
%                     = -21.6 + 0.0
%                     = -21.600000
%       
%         Scaled penalty = scalingPenalties * rawPenalty
%                        = 1.0 * -21.600000
%                        = -21.600000
%     Score = -551.642704 (regressionFit = 573.242683, totalPenalty = -21.599979)
%       for clause: action(A, _) :- visiblediver(A, B), nearbydiver(A, B).  [covers 357.0/4,298.0 pos, 0.0/0.0 neg]
%           Grounding 0: weight=0.609 threshold=0.7 -> LOW
%           Grounding 0: weight=0.974 threshold=0.7 -> HIGH
%       === Grounding Penalty Calculation ===
%         Examples checked: 4298
%         Examples with cached bindings: 953
%         Total groundings evaluated: 953
%         High attention groundings (>= 0.7): 477
%         Low attention groundings (< 0.7): 476
%       
%         Raw penalty = -alpha * k_high + beta * k_low
%                     = -0.1 * 477 + 0.0 * 476
%                     = -47.7 + 0.0
%                     = -47.700000
%       
%         Scaled penalty = scalingPenalties * rawPenalty
%                        = 1.0 * -47.700000
%                        = -47.700000
%     Score = -546.232067 (regressionFit = 593.932045, totalPenalty = -47.699978)
%       for clause: action(A, _) :- visiblediver(A, _), oxygenok(A).  [covers 1,901.0/4,298.0 pos, 0.0/0.0 neg]
%           Grounding 0: weight=0.609 threshold=0.7 -> LOW
%           Grounding 0: weight=0.777 threshold=0.7 -> HIGH
%       === Grounding Penalty Calculation ===
%         Examples checked: 4298
%         Examples with cached bindings: 681
%         Total groundings evaluated: 681
%         High attention groundings (>= 0.7): 268
%         Low attention groundings (< 0.7): 413
%       
%         Raw penalty = -alpha * k_high + beta * k_low
%                     = -0.1 * 268 + 0.0 * 413
%                     = -26.8 + 0.0
%                     = -26.800000
%       
%         Scaled penalty = scalingPenalties * rawPenalty
%                        = 1.0 * -26.800000
%                        = -26.800000
%     Score = -570.158703 (regressionFit = 596.958682, totalPenalty = -26.799979)
%       for clause: action(A, _) :- visiblediver(A, B), rightofdiver(A, B).  [covers 1,076.0/4,298.0 pos, 0.0/0.0 neg]
%           Grounding 0: weight=0.643 threshold=0.7 -> LOW
%           Grounding 0: weight=0.788 threshold=0.7 -> HIGH
%       === Grounding Penalty Calculation ===
%         Examples checked: 4298
%         Examples with cached bindings: 516
%         Total groundings evaluated: 516
%         High attention groundings (>= 0.7): 299
%         Low attention groundings (< 0.7): 217
%       
%         Raw penalty = -alpha * k_high + beta * k_low
%                     = -0.1 * 299 + 0.0 * 217
%                     = -29.900000000000002 + 0.0
%                     = -29.900000
%       
%         Scaled penalty = scalingPenalties * rawPenalty
%                        = 1.0 * -29.900000
%                        = -29.900000
%     Score = -543.069330 (regressionFit = 572.969309, totalPenalty = -29.899979)
%       for clause: action(A, _) :- visiblediver(A, B), samelevelasdiver(A, B).  [covers 516.0/4,298.0 pos, 0.0/0.0 neg]
%           Grounding 0: weight=0.609 threshold=0.7 -> LOW
%           Grounding 0: weight=1.0 threshold=0.7 -> HIGH
%       === Grounding Penalty Calculation ===
%         Examples checked: 4298
%         Examples with cached bindings: 1069
%         Total groundings evaluated: 1069
%         High attention groundings (>= 0.7): 593
%         Low attention groundings (< 0.7): 476
%       
%         Raw penalty = -alpha * k_high + beta * k_low
%                     = -0.1 * 593 + 0.0 * 476
%                     = -59.300000000000004 + 0.0
%                     = -59.300000
%       
%         Scaled penalty = scalingPenalties * rawPenalty
%                        = 1.0 * -59.300000
%                        = -59.300000
%     Score = -542.159909 (regressionFit = 601.459887, totalPenalty = -59.299978)
%       for clause: action(A, _) :- visiblediver(A, _), visiblediver(A, _).  [covers 2,115.0/4,298.0 pos, 0.0/0.0 neg]
%           Grounding 0: weight=0.591 threshold=0.7 -> LOW
%           Grounding 0: weight=0.52 threshold=0.7 -> LOW
%       === Grounding Penalty Calculation ===
%         Examples checked: 4298
%         Examples with cached bindings: 108
%         Total groundings evaluated: 108
%         High attention groundings (>= 0.7): 31
%         Low attention groundings (< 0.7): 77
%       
%         Raw penalty = -alpha * k_high + beta * k_low
%                     = -0.1 * 31 + 0.0 * 77
%                     = -3.1 + 0.0
%                     = -3.100000
%       
%         Scaled penalty = scalingPenalties * rawPenalty
%                        = 1.0 * -3.100000
%                        = -3.100000
%     Score = -590.907666 (regressionFit = 594.007642, totalPenalty = -3.099977)
%       for clause: action(A, _) :- visiblediver(A, _), visibleenemy(A, _).  [covers 1,587.0/4,298.0 pos, 0.0/0.0 neg]
%           Grounding 0: weight=0.68 threshold=0.7 -> LOW
%           Grounding 0: weight=0.573 threshold=0.7 -> LOW
%       === Grounding Penalty Calculation ===
%         Examples checked: 4298
%         Examples with cached bindings: 346
%         Total groundings evaluated: 346
%         High attention groundings (>= 0.7): 62
%         Low attention groundings (< 0.7): 284
%       
%         Raw penalty = -alpha * k_high + beta * k_low
%                     = -0.1 * 62 + 0.0 * 284
%                     = -6.2 + 0.0
%                     = -6.200000
%       
%         Scaled penalty = scalingPenalties * rawPenalty
%                        = 1.0 * -6.200000
%                        = -6.200000
%     Score = -598.271431 (regressionFit = 604.471408, totalPenalty = -6.199977)
%       for clause: action(A, _) :- visiblediver(A, _), visibleenemysubmarine(A, _).  [covers 1,593.0/4,298.0 pos, 0.0/0.0 neg]
%           Grounding 0: weight=0.609 threshold=0.7 -> LOW
%           Grounding 0: weight=0.777 threshold=0.7 -> HIGH
%       === Grounding Penalty Calculation ===
%         Examples checked: 4298
%         Examples with cached bindings: 354
%         Total groundings evaluated: 354
%         High attention groundings (>= 0.7): 159
%         Low attention groundings (< 0.7): 195
%       
%         Raw penalty = -alpha * k_high + beta * k_low
%                     = -0.1 * 159 + 0.0 * 195
%                     = -15.9 + 0.0
%                     = -15.900000
%       
%         Scaled penalty = scalingPenalties * rawPenalty
%                        = 1.0 * -15.900000
%                        = -15.900000
%     Score = -598.030692 (regressionFit = 613.930669, totalPenalty = -15.899977)
%       for clause: action(A, _) :- visiblediver(A, _), visiblemissile(A, _).  [covers 873.0/4,298.0 pos, 0.0/0.0 neg]

% Consider expanding [#8 of outerLoop #3, bodyLen=1] 'action(A, _) :- visibleenemy(A, _).  [covers 2,365.0/4,298.0 pos, 0.0/0.0 neg]' score=-562.1985179473949
%  At # nodes expanded = 8, |OPEN| = 2.  Pruned 0 variant children.  Sending 13 items to OPEN for evaluation and possible insertion.
% Have created 13 valid-on-seeds descendants and have picked up 5 bad extensions.
%           Grounding 0: weight=0.719 threshold=0.7 -> HIGH
%           Grounding 0: weight=0.519 threshold=0.7 -> LOW
%       === Grounding Penalty Calculation ===
%         Examples checked: 4298
%         Examples with cached bindings: 315
%         Total groundings evaluated: 315
%         High attention groundings (>= 0.7): 84
%         Low attention groundings (< 0.7): 231
%       
%         Raw penalty = -alpha * k_high + beta * k_low
%                     = -0.1 * 84 + 0.0 * 231
%                     = -8.4 + 0.0
%                     = -8.400000
%       
%         Scaled penalty = scalingPenalties * rawPenalty
%                        = 1.0 * -8.400000
%                        = -8.400000
%     Score = -585.620050 (regressionFit = 594.020028, totalPenalty = -8.399979)
%       for clause: action(A, _) :- visibleenemy(A, B), aboveofenemy(A, B).  [covers 1,756.0/4,298.0 pos, 0.0/0.0 neg]
%           Grounding 0: weight=0.719 threshold=0.7 -> HIGH
%           Grounding 0: weight=0.685 threshold=0.7 -> LOW
%       === Grounding Penalty Calculation ===
%         Examples checked: 4298
%         Examples with cached bindings: 229
%         Total groundings evaluated: 229
%         High attention groundings (>= 0.7): 65
%         Low attention groundings (< 0.7): 164
%       
%         Raw penalty = -alpha * k_high + beta * k_low
%                     = -0.1 * 65 + 0.0 * 164
%                     = -6.5 + 0.0
%                     = -6.500000
%       
%         Scaled penalty = scalingPenalties * rawPenalty
%                        = 1.0 * -6.500000
%                        = -6.500000
%     Score = -575.468951 (regressionFit = 581.968929, totalPenalty = -6.499979)
%       for clause: action(A, _) :- visibleenemy(A, B), belowofenemy(A, B).  [covers 795.0/4,298.0 pos, 0.0/0.0 neg]
%           Grounding 0: weight=0.536 threshold=0.7 -> LOW
%           Grounding 0: weight=0.889 threshold=0.7 -> HIGH
%       === Grounding Penalty Calculation ===
%         Examples checked: 4298
%         Examples with cached bindings: 120
%         Total groundings evaluated: 120
%         High attention groundings (>= 0.7): 65
%         Low attention groundings (< 0.7): 55
%       
%         Raw penalty = -alpha * k_high + beta * k_low
%                     = -0.1 * 65 + 0.0 * 55
%                     = -6.5 + 0.0
%                     = -6.500000
%       
%         Scaled penalty = scalingPenalties * rawPenalty
%                        = 1.0 * -6.500000
%                        = -6.500000
%     Score = -529.385974 (regressionFit = 535.885952, totalPenalty = -6.499978)
%       for clause: action(A, _) :- visibleenemy(A, _), diversempty(A).  [covers 1,118.0/4,298.0 pos, 0.0/0.0 neg]
%           Grounding 0: weight=0.591 threshold=0.7 -> LOW
%           Grounding 0: weight=0.546 threshold=0.7 -> LOW
%       === Grounding Penalty Calculation ===
%         Examples checked: 4298
%         Examples with cached bindings: 156
%         Total groundings evaluated: 156
%         High attention groundings (>= 0.7): 49
%         Low attention groundings (< 0.7): 107
%       
%         Raw penalty = -alpha * k_high + beta * k_low
%                     = -0.1 * 49 + 0.0 * 107
%                     = -4.9 + 0.0
%                     = -4.900000
%       
%         Scaled penalty = scalingPenalties * rawPenalty
%                        = 1.0 * -4.900000
%                        = -4.900000
%     Score = -610.735399 (regressionFit = 615.635377, totalPenalty = -4.899978)
%       for clause: action(A, _) :- visibleenemy(A, _), diversfull(A).  [covers 958.0/4,298.0 pos, 0.0/0.0 neg]
%           Grounding 0: weight=0.591 threshold=0.7 -> LOW
%           Grounding 0: weight=0.546 threshold=0.7 -> LOW
%       === Grounding Penalty Calculation ===
%         Examples checked: 4298
%         Examples with cached bindings: 145
%         Total groundings evaluated: 145
%         High attention groundings (>= 0.7): 63
%         Low attention groundings (< 0.7): 82
%       
%         Raw penalty = -alpha * k_high + beta * k_low
%                     = -0.1 * 63 + 0.0 * 82
%                     = -6.300000000000001 + 0.0
%                     = -6.300000
%       
%         Scaled penalty = scalingPenalties * rawPenalty
%                        = 1.0 * -6.300000
%                        = -6.300000
%     Score = -576.068630 (regressionFit = 582.368608, totalPenalty = -6.299978)
%       for clause: action(A, _) :- visibleenemy(A, _), facingleft(A).  [covers 1,199.0/4,298.0 pos, 0.0/0.0 neg]
%           Grounding 0: weight=0.542 threshold=0.7 -> LOW
%           Grounding 0: weight=0.719 threshold=0.7 -> HIGH
%       === Grounding Penalty Calculation ===
%         Examples checked: 4298
%         Examples with cached bindings: 472
%         Total groundings evaluated: 472
%         High attention groundings (>= 0.7): 85
%         Low attention groundings (< 0.7): 387
%       
%         Raw penalty = -alpha * k_high + beta * k_low
%                     = -0.1 * 85 + 0.0 * 387
%                     = -8.5 + 0.0
%                     = -8.500000
%       
%         Scaled penalty = scalingPenalties * rawPenalty
%                        = 1.0 * -8.500000
%                        = -8.500000
%     Score = -579.774804 (regressionFit = 588.274783, totalPenalty = -8.499979)
%       for clause: action(A, _) :- visibleenemy(A, B), leftofenemy(A, B).  [covers 1,385.0/4,298.0 pos, 0.0/0.0 neg]
%           Grounding 0: weight=0.523 threshold=0.7 -> LOW
%           Grounding 0: weight=0.624 threshold=0.7 -> LOW
%       === Grounding Penalty Calculation ===
%         Examples checked: 4298
%         Examples with cached bindings: 272
%         Total groundings evaluated: 272
%         High attention groundings (>= 0.7): 76
%         Low attention groundings (< 0.7): 196
%       
%         Raw penalty = -alpha * k_high + beta * k_low
%                     = -0.1 * 76 + 0.0 * 196
%                     = -7.6000000000000005 + 0.0
%                     = -7.600000
%       
%         Scaled penalty = scalingPenalties * rawPenalty
%                        = 1.0 * -7.600000
%                        = -7.600000
%     Score = -605.560104 (regressionFit = 613.160083, totalPenalty = -7.599979)
%       for clause: action(A, _) :- visibleenemy(A, B), nearbyenemy(A, B).  [covers 354.0/4,298.0 pos, 0.0/0.0 neg]
%           Grounding 0: weight=0.591 threshold=0.7 -> LOW
%           Grounding 0: weight=0.536 threshold=0.7 -> LOW
%       === Grounding Penalty Calculation ===
%         Examples checked: 4298
%         Examples with cached bindings: 276
%         Total groundings evaluated: 276
%         High attention groundings (>= 0.7): 114
%         Low attention groundings (< 0.7): 162
%       
%         Raw penalty = -alpha * k_high + beta * k_low
%                     = -0.1 * 114 + 0.0 * 162
%                     = -11.4 + 0.0
%                     = -11.400000
%       
%         Scaled penalty = scalingPenalties * rawPenalty
%                        = 1.0 * -11.400000
%                        = -11.400000
%     Score = -548.922427 (regressionFit = 560.322405, totalPenalty = -11.399978)
%       for clause: action(A, _) :- visibleenemy(A, _), oxygenok(A).  [covers 2,076.0/4,298.0 pos, 0.0/0.0 neg]
%           Grounding 0: weight=0.537 threshold=0.7 -> LOW
%           Grounding 0: weight=0.719 threshold=0.7 -> HIGH
%       === Grounding Penalty Calculation ===
%         Examples checked: 4298
%         Examples with cached bindings: 481
%         Total groundings evaluated: 481
%         High attention groundings (>= 0.7): 67
%         Low attention groundings (< 0.7): 414
%       
%         Raw penalty = -alpha * k_high + beta * k_low
%                     = -0.1 * 67 + 0.0 * 414
%                     = -6.7 + 0.0
%                     = -6.700000
%       
%         Scaled penalty = scalingPenalties * rawPenalty
%                        = 1.0 * -6.700000
%                        = -6.700000
%     Score = -575.061918 (regressionFit = 581.761896, totalPenalty = -6.699979)
%       for clause: action(A, _) :- visibleenemy(A, B), rightofenemy(A, B).  [covers 1,463.0/4,298.0 pos, 0.0/0.0 neg]
%           Grounding 0: weight=0.519 threshold=0.7 -> LOW
%           Grounding 0: weight=0.719 threshold=0.7 -> HIGH
%       === Grounding Penalty Calculation ===
%         Examples checked: 4298
%         Examples with cached bindings: 428
%         Total groundings evaluated: 428
%         High attention groundings (>= 0.7): 130
%         Low attention groundings (< 0.7): 298
%       
%         Raw penalty = -alpha * k_high + beta * k_low
%                     = -0.1 * 130 + 0.0 * 298
%                     = -13.0 + 0.0
%                     = -13.000000
%       
%         Scaled penalty = scalingPenalties * rawPenalty
%                        = 1.0 * -13.000000
%                        = -13.000000
%     Score = -434.447981 (regressionFit = 447.447959, totalPenalty = -12.999979)
%       for clause: action(A, _) :- visibleenemy(A, B), samelevelasenemy(A, B).  [covers 679.0/4,298.0 pos, 0.0/0.0 neg]
%           Grounding 0: weight=0.591 threshold=0.7 -> LOW
%           Grounding 0: weight=0.52 threshold=0.7 -> LOW
%       === Grounding Penalty Calculation ===
%         Examples checked: 4298
%         Examples with cached bindings: 108
%         Total groundings evaluated: 108
%         High attention groundings (>= 0.7): 31
%         Low attention groundings (< 0.7): 77
%       
%         Raw penalty = -alpha * k_high + beta * k_low
%                     = -0.1 * 31 + 0.0 * 77
%                     = -3.1 + 0.0
%                     = -3.100000
%       
%         Scaled penalty = scalingPenalties * rawPenalty
%                        = 1.0 * -3.100000
%                        = -3.100000
%     Score = -590.907666 (regressionFit = 594.007642, totalPenalty = -3.099977)
%       for clause: action(A, _) :- visibleenemy(A, _), visiblediver(A, _).  [covers 1,587.0/4,298.0 pos, 0.0/0.0 neg]
%           Grounding 0: weight=0.591 threshold=0.7 -> LOW
%           Grounding 0: weight=0.536 threshold=0.7 -> LOW
%       === Grounding Penalty Calculation ===
%         Examples checked: 4298
%         Examples with cached bindings: 311
%         Total groundings evaluated: 311
%         High attention groundings (>= 0.7): 149
%         Low attention groundings (< 0.7): 162
%       
%         Raw penalty = -alpha * k_high + beta * k_low
%                     = -0.1 * 149 + 0.0 * 162
%                     = -14.9 + 0.0
%                     = -14.900000
%       
%         Scaled penalty = scalingPenalties * rawPenalty
%                        = 1.0 * -14.900000
%                        = -14.900000
%     Score = -562.198528 (regressionFit = 577.098506, totalPenalty = -14.899978)
%       for clause: action(A, _) :- visibleenemy(A, _), visibleenemy(A, _).  [covers 2,365.0/4,298.0 pos, 0.0/0.0 neg]
%           Grounding 0: weight=0.648 threshold=0.7 -> LOW
%           Grounding 0: weight=0.609 threshold=0.7 -> LOW
%       === Grounding Penalty Calculation ===
%         Examples checked: 4298
%         Examples with cached bindings: 66
%         Total groundings evaluated: 66
%         High attention groundings (>= 0.7): 25
%         Low attention groundings (< 0.7): 41
%       
%         Raw penalty = -alpha * k_high + beta * k_low
%                     = -0.1 * 25 + 0.0 * 41
%                     = -2.5 + 0.0
%                     = -2.500000
%       
%         Scaled penalty = scalingPenalties * rawPenalty
%                        = 1.0 * -2.500000
%                        = -2.500000
%     Score = -594.963164 (regressionFit = 597.463140, totalPenalty = -2.499977)
%       for clause: action(A, _) :- visibleenemy(A, _), visibleenemysubmarine(A, _).  [covers 1,609.0/4,298.0 pos, 0.0/0.0 neg]

% Consider expanding [#9 of outerLoop #3, bodyLen=1] 'action(A, _) :- visiblemissile(A, _).  [covers 873.0/4,298.0 pos, 0.0/0.0 neg]' score=-562.430681107044
%  At # nodes expanded = 9, |OPEN| = 1.  Pruned 0 variant children.  Sending 7 items to OPEN for evaluation and possible insertion.
% Have created 7 valid-on-seeds descendants and have picked up 11 bad extensions.
%           Grounding 0: weight=1.0 threshold=0.7 -> HIGH
%           Grounding 0: weight=1.0 threshold=0.7 -> HIGH
%       === Grounding Penalty Calculation ===
%         Examples checked: 4298
%         Examples with cached bindings: 324
%         Total groundings evaluated: 324
%         High attention groundings (>= 0.7): 324
%         Low attention groundings (< 0.7): 0
%       
%         Raw penalty = -alpha * k_high + beta * k_low
%                     = -0.1 * 324 + 0.0 * 0
%                     = -32.4 + 0.0
%                     = -32.400000
%       
%         Scaled penalty = scalingPenalties * rawPenalty
%                        = 1.0 * -32.400000
%                        = -32.400000
%     Score = -583.460566 (regressionFit = 615.860545, totalPenalty = -32.399979)
%       for clause: action(A, _) :- visiblemissile(A, B), aboveofmissile(A, B).  [covers 569.0/4,298.0 pos, 0.0/0.0 neg]
%           Grounding 0: weight=1.0 threshold=0.7 -> HIGH
%           Grounding 0: weight=1.0 threshold=0.7 -> HIGH
%       === Grounding Penalty Calculation ===
%         Examples checked: 4298
%         Examples with cached bindings: 279
%         Total groundings evaluated: 279
%         High attention groundings (>= 0.7): 279
%         Low attention groundings (< 0.7): 0
%       
%         Raw penalty = -alpha * k_high + beta * k_low
%                     = -0.1 * 279 + 0.0 * 0
%                     = -27.900000000000002 + 0.0
%                     = -27.900000
%       
%         Scaled penalty = scalingPenalties * rawPenalty
%                        = 1.0 * -27.900000
%                        = -27.900000
%     Score = -587.962850 (regressionFit = 615.862828, totalPenalty = -27.899978)
%       for clause: action(A, _) :- visiblemissile(A, _), diversfull(A).  [covers 434.0/4,298.0 pos, 0.0/0.0 neg]
%           Grounding 0: weight=1.0 threshold=0.7 -> HIGH
%           Grounding 0: weight=1.0 threshold=0.7 -> HIGH
%       === Grounding Penalty Calculation ===
%         Examples checked: 4298
%         Examples with cached bindings: 235
%         Total groundings evaluated: 235
%         High attention groundings (>= 0.7): 235
%         Low attention groundings (< 0.7): 0
%       
%         Raw penalty = -alpha * k_high + beta * k_low
%                     = -0.1 * 235 + 0.0 * 0
%                     = -23.5 + 0.0
%                     = -23.500000
%       
%         Scaled penalty = scalingPenalties * rawPenalty
%                        = 1.0 * -23.500000
%                        = -23.500000
%     Score = -592.267589 (regressionFit = 615.767566, totalPenalty = -23.499978)
%       for clause: action(A, _) :- visiblemissile(A, _), facingright(A).  [covers 393.0/4,298.0 pos, 0.0/0.0 neg]
%           Grounding 0: weight=1.0 threshold=0.7 -> HIGH
%           Grounding 0: weight=1.0 threshold=0.7 -> HIGH
%       === Grounding Penalty Calculation ===
%         Examples checked: 4298
%         Examples with cached bindings: 469
%         Total groundings evaluated: 469
%         High attention groundings (>= 0.7): 469
%         Low attention groundings (< 0.7): 0
%       
%         Raw penalty = -alpha * k_high + beta * k_low
%                     = -0.1 * 469 + 0.0 * 0
%                     = -46.900000000000006 + 0.0
%                     = -46.900000
%       
%         Scaled penalty = scalingPenalties * rawPenalty
%                        = 1.0 * -46.900000
%                        = -46.900000
%     Score = -564.891001 (regressionFit = 611.790979, totalPenalty = -46.899978)
%       for clause: action(A, _) :- visiblemissile(A, _), oxygenok(A).  [covers 779.0/4,298.0 pos, 0.0/0.0 neg]
%           Grounding 0: weight=0.609 threshold=0.7 -> LOW
%           Grounding 0: weight=0.777 threshold=0.7 -> HIGH
%       === Grounding Penalty Calculation ===
%         Examples checked: 4298
%         Examples with cached bindings: 354
%         Total groundings evaluated: 354
%         High attention groundings (>= 0.7): 159
%         Low attention groundings (< 0.7): 195
%       
%         Raw penalty = -alpha * k_high + beta * k_low
%                     = -0.1 * 159 + 0.0 * 195
%                     = -15.9 + 0.0
%                     = -15.900000
%       
%         Scaled penalty = scalingPenalties * rawPenalty
%                        = 1.0 * -15.900000
%                        = -15.900000
%     Score = -598.030692 (regressionFit = 613.930669, totalPenalty = -15.899977)
%       for clause: action(A, _) :- visiblemissile(A, _), visiblediver(A, _).  [covers 873.0/4,298.0 pos, 0.0/0.0 neg]
%           Grounding 0: weight=1.0 threshold=0.7 -> HIGH
%           Grounding 0: weight=0.604 threshold=0.7 -> LOW
%       === Grounding Penalty Calculation ===
%         Examples checked: 4298
%         Examples with cached bindings: 51
%         Total groundings evaluated: 51
%         High attention groundings (>= 0.7): 21
%         Low attention groundings (< 0.7): 30
%       
%         Raw penalty = -alpha * k_high + beta * k_low
%                     = -0.1 * 21 + 0.0 * 30
%                     = -2.1 + 0.0
%                     = -2.100000
%       
%         Scaled penalty = scalingPenalties * rawPenalty
%                        = 1.0 * -2.100000
%                        = -2.100000
%     Score = -611.830692 (regressionFit = 613.930669, totalPenalty = -2.099977)
%       for clause: action(A, _) :- visiblemissile(A, _), visibleenemysubmarine(A, _).  [covers 873.0/4,298.0 pos, 0.0/0.0 neg]
%           Grounding 0: weight=1.0 threshold=0.7 -> HIGH
%           Grounding 0: weight=1.0 threshold=0.7 -> HIGH
%       === Grounding Penalty Calculation ===
%         Examples checked: 4298
%         Examples with cached bindings: 515
%         Total groundings evaluated: 515
%         High attention groundings (>= 0.7): 515
%         Low attention groundings (< 0.7): 0
%       
%         Raw penalty = -alpha * k_high + beta * k_low
%                     = -0.1 * 515 + 0.0 * 0
%                     = -51.5 + 0.0
%                     = -51.500000
%       
%         Scaled penalty = scalingPenalties * rawPenalty
%                        = 1.0 * -51.500000
%                        = -51.500000
%     Score = -562.430691 (regressionFit = 613.930669, totalPenalty = -51.499978)
%       for clause: action(A, _) :- visiblemissile(A, _), visiblemissile(A, _).  [covers 873.0/4,298.0 pos, 0.0/0.0 neg]

***** Warning: #4 TOO MANY NODES CONSIDERED (i.e., 'expanded') for 'LearnOneClause': nodesConsidered = 10 and maxNodesToConsider = 10. *****


% The best node found: action(A, _) :- oxygenok(A).  [covers 3,969.0/4,298.0 pos, 0.0/0.0 neg]

% The best node found: action(A, _) :- oxygenok(A).  [covers 3,969.0/4,298.0 pos, 0.0/0.0 neg]

% Expanding node at Level 1 with score = -0.143.
% Will extend: action(A, _) :- oxygenok(A).  [covers 3,969.0/4,298.0 pos, 0.0/0.0 neg]
%   Creating a TRUE-branch and FALSE-branch leaves because level = 1 >= 1

% Time for loop #3: 1.448 seconds.
% Internal node max length = 2
% Max tree depth in lits   = 12
% Max tree depth in nodes  = 1
% Max number of clauses    = 20

% On cycle #3, the best clause found is:
%      action(A, _) :- oxygenok(A).  [covers 3,969.0/4,298.0 pos, 0.0/0.0 neg]
% This clause covers 3969 positive examples, of which 3969 are newly covered.
% It also covers 0 negative examples, of which 0 are newly covered.

% ******************************************

%  Have stopped ILP's outer loop because the tree-structured queue is empty.

% ******************************************

%%%%%  WILL-Produced Tree Combined @ 20:49:59 11/28/25.  [Using 1,476,732,304 memory cells.]  %%%%%


% FOR action(A, B):
%   if ( diversnotfull(A) )
%   then if ( visibleenemy(A, C), samelevelasenemy(A, C) )
%   | then return 0.5610879683761649;  // std dev = 29.321, 4,117.000 (wgt'ed) examples reached here.  /* #neg=1,223 #pos=2,894 */
%   | else return 0.08474927545819289;  // std dev = 36.589, 7,639.000 (wgt'ed) examples reached here.  /* #neg=5,908 #pos=1,731 */
%   else if ( oxygenok(A) )
%   | then return 0.043586072917597384;  // std dev = 24.485, 3,969.000 (wgt'ed) examples reached here.  /* #neg=3,233 #pos=736 */
%   | else return -0.11449544180018408;  // std dev = 2.959, 329.000 (wgt'ed) examples reached here.  /* #neg=320 #pos=9 */


% Clauses:

action(A, B, 0.5610879683761649) :- 
     diversnotfull(A), 
     visibleenemy(A, C), 
     samelevelasenemy(A, C), 
     !. // Clause #1.

action(A, B, 0.08474927545819289) :- 
     diversnotfull(A), 
     !. // Clause #2.

action(A, B, 0.043586072917597384) :- 
     oxygenok(A), 
     !. // Clause #3.

action(A, B, -0.11449544180018408) :- !. // Clause #4.


% The flattened versions of these clauses:

flattened_action(a, underscore, 0.5610879683761649) :-  /* #neg=1,223 #pos=2,894 */ 
   diversnotfull(a),
   visibleenemy(a, uniqueVar2),
   samelevelasenemy(a, uniqueVar2),
   !. // Flattened version of clause #1.

flattened_action(a, underscore, 0.08474927545819289) :-  /* #neg=5,908 #pos=1,731 */ 
   diversnotfull(a),
   !. // Flattened version of clause #2.

flattened_action(a, underscore, 0.043586072917597384) :-  /* #neg=3,233 #pos=736 */ 
   oxygenok(a),
   !. // Flattened version of clause #3.

flattened_action(underscore, underscore, -0.11449544180018408) :-  /* #neg=320 #pos=9 */ 
   !. // Flattened version of clause #4.


% The unique flattened literals:
%   visibleenemy(a, uniqueVar2)
%   samelevelasenemy(a, uniqueVar2)
%   oxygenok(a)
%   diversnotfull(a)

% Time taken to learn model for 'action': 41.397 seconds.
% Saving model in: rdn_models/seaquest/all/negpos_2_trees_1_depth_1_grounding_penalty_0.1/fire/seed_42/bRDNs/action.model
cached groundings hit: 0
Misses: 0

% Total learning time (1 trees): 54.367 seconds.
✅ Completed training for fire (Seed: 42)
Training up (Seed: 42)...
args[0] = -l
args[1] = -train
args[3] = -target
args[5] = -trees
args[7] = -aucJarPath
args[9] = -negPosRatio
args[11] = -model
args[13] = -use-distance-weights
args[14] = -seed
train
java.io.FileNotFoundException: train\train_bk.txt (No such file or directory)
	at java.io.FileInputStream.open0(Native Method)
	at java.io.FileInputStream.open(FileInputStream.java:195)
	at java.io.FileInputStream.<init>(FileInputStream.java:138)
	at java.io.FileInputStream.<init>(FileInputStream.java:93)
	at edu.wisc.cs.will.Utils.check_disc.checkflagvalues(check_disc.java:23)
	at edu.wisc.cs.will.Boosting.RDN.RunBoostedRDN.main(RunBoostedRDN.java:504)

% Starting a LEARNING run of bRDN.

% Calling SETUP.
% Running on host: xps-np

% Switching to VarIndicator = uppercase.

% Unset'ing VarIndicator.

Resetting the LazyGroundNthArgumentClauseIndex.

% Calling ILPouterLoop from createRegressionOuterLooper.

% getInputArgWithDefaultValue: args=[data/seaquest/all/up/train/train_pos.txt, data/seaquest/all/up/train/train_neg.txt, data/seaquest/all/up/train/train_bk.txt, data/seaquest/all/up/train/train_facts.txt]
%  for N=0: args[N]=data/seaquest/all/up/train/train_pos.txt

% getInputArgWithDefaultValue: args=[data/seaquest/all/up/train/train_pos.txt, data/seaquest/all/up/train/train_neg.txt, data/seaquest/all/up/train/train_bk.txt, data/seaquest/all/up/train/train_facts.txt]
%  for N=1: args[N]=data/seaquest/all/up/train/train_neg.txt

% getInputArgWithDefaultValue: args=[data/seaquest/all/up/train/train_pos.txt, data/seaquest/all/up/train/train_neg.txt, data/seaquest/all/up/train/train_bk.txt, data/seaquest/all/up/train/train_facts.txt]
%  for N=2: args[N]=data/seaquest/all/up/train/train_bk.txt

% getInputArgWithDefaultValue: args=[data/seaquest/all/up/train/train_pos.txt, data/seaquest/all/up/train/train_neg.txt, data/seaquest/all/up/train/train_bk.txt, data/seaquest/all/up/train/train_facts.txt]
%  for N=3: args[N]=data/seaquest/all/up/train/train_facts.txt

% Welcome to the WILL ILP/SRL systems.


% Switching to VarIndicator = uppercase.

% Unset'ing VarIndicator.
% Reading background theory from dir: null

% Switching to VarIndicator = uppercase.

***** Warning: % Since this is the first setting of the notation for variables, will keep:
%   variableIndicator = uppercase *****

% [ LazyGroundClauseIndex ]  Building full index for mode/1 with 1 assertions.
% LoadAllModes() called.  Currently loaded modes: []
% [ LazyGroundClauseIndex ]  Building full index for sameAs/2 with 2 assertions.
% [ LazyGroundNthArgumentClauseIndex ]  Argument 1:  Building full index for exp/3.
% [ LazyGroundNthArgumentClauseIndex ]  Argument 0:  Building full index for log/3.
% LoadAllLibraries() called.  Currently loaded libraries: [listsInLogic, differentInLogic, modes_arithmeticInLogic, inlines_comparisonInLogic, modes_listsInLogic, inlines_differentInLogic, modes_differentInLogic, arithmeticInLogic, inlines_listsInLogic, modes_comparisonInLogic, comparisonInLogic, inlines_arithmeticInLogic]

%  Read the facts.
