0.9211971566192667 1
0.9030500728466425 1
0.380917606367642 1
0.795771290409786 1
0.21367330870396378 1
0.690906639604871 1
0.6095724365131535 1
0.9325392338049115 1
0.514035965436363 1
0.9393173518228435 1
0.9325392338049115 1
0.8831740132611381 1
0.9142906246854261 1
0.1470271352497837 1
0.840559925374817 1
0.44005381867267496 1
0.9162205805263327 1
0.5562925580485956 1
0.21367330870396378 1
0.8766663492544859 1
0.2158225982262892 1
0.9320542920572591 1
0.9312421740486303 1
0.8348104946484711 1
0.8959695524800131 1
0.7325434829680356 1
0.7103461458372242 1
0.7347223021604491 1
0.5596824839725537 1
0.7426423318173055 1
0.6398809244851088 1
0.9187484326673829 1
0.582846751658085 1
0.8954392894141882 1
0.8954392894141882 1
0.8223069094876153 1
0.7506053508563706 1
0.7741540834802675 1
0.8113325977270901 1
0.7144483078892422 1
0.9039914087276518 1
0.9126166544239692 1
0.7982649518184419 1
0.9302260348210128 1
0.6683997568347043 1
0.6425632174404623 1
0.9011281659952904 1
0.8919485624065719 1
0.795771290409786 1
0.8735151871178429 1
0.7347223021604491 1
0.9312421740486303 1
0.5774601189732467 1
0.7849007245821733 1
0.9381419694600479 1
0.9211971566192667 1
0.9205421199897049 1
0.7763051758303898 1
0.8076821330955465 1
0.5468424848360002 1
0.795771290409786 1
0.4217994077458947 1
0.7638318044696576 1
0.6792294726986268 1
0.6172784432304501 1
0.5980858719006202 1
0.7830079694652734 1
0.9302385981881653 1
0.7489743768589131 1
0.9211870333414159 1
0.06264812975035258 1
0.7711066329003147 1
0.9161029616522448 1
0.44066207226915166 1
0.5121782849539733 1
0.7584290199178093 1
0.6373163419571141 1
0.8861940316039465 1
0.4066689054724699 1
0.5948076635354032 1
0.7506053508563706 1
0.7910738601333543 1
0.514035965436363 1
0.9312421740486303 1
0.7701927830827711 1
0.795771290409786 1
0.7378276964204771 1
0.7500031122111377 1
0.8776931810313038 1
0.7901798710034679 1
0.8649054071128099 1
0.7697674108392024 1
0.912297844129652 1
0.7103461458372242 1
0.7091169645745129 1
0.6398809244851088 1
0.888602008625048 1
0.7400255996399917 1
0.9328001241471452 1
0.9079415087848729 1
0.5596824839725537 1
0.840559925374817 1
0.7763051758303898 1
0.1470271352497837 1
0.7126520195196054 1
0.6109915043322606 1
0.6821981805232684 1
0.07915232719923208 1
0.19931561874216677 1
0.9146156259752312 1
0.5468424848360002 1
0.9156903470900941 1
0.9055514333477865 1
0.931507712078635 1
0.6565560166444464 1
0.7103461458372242 1
0.6895430199822935 1
0.6293480087803469 1
0.9055514333477865 1
0.8680121170428128 1
0.8744962110231927 1
0.6861685100881894 1
0.6522944989135943 1
0.7506053508563706 1
0.9155496589366405 1
0.7714458770429635 1
0.5340439374462282 1
0.3709561120997954 1
0.8348104946484711 1
0.6321352984590524 1
0.08481593531993264 1
0.7683317628479234 1
0.6429117989241191 1
0.6560982928771951 1
0.7584290199178093 1
0.7763051758303898 1
0.9302872066606487 1
0.9393173518228435 1
0.7609714124227334 1
0.8299977081127141 1
0.6094530501598288 1
0.9200442090874351 1
0.9245000645646109 1
0.7103461458372242 1
0.7697000416866911 1
0.9302385981881653 1
0.9297383643755748 1
0.09284139833974943 1
0.48250778308440423 1
0.6344083158955597 1
0.6861685100881894 1
0.8861940316039465 1
0.9126166544239692 1
0.5206695552081384 1
0.8190133018754245 1
0.795771290409786 1
0.5283833605359954 1
0.9361580694950652 1
0.795771290409786 1
0.9245556709096776 1
0.7697000416866911 1
0.9205421199897049 1
0.5558708535172113 1
0.9129473988711216 1
0.8535109988539464 1
0.9312421740486303 1
0.6895430199822935 1
0.542215328635895 1
0.6478728239993122 1
0.9325392338049115 1
0.7378276964204771 1
0.9126166544239692 1
0.7103461458372242 1
0.7103461458372242 1
0.749144995275704 1
0.7350223850684255 1
0.5133452331233834 1
0.9157831003697746 1
0.3650271531561649 1
0.7608652856744863 1
0.7701927830827711 1
0.6398809244851088 1
0.9096422234231976 1
0.7478282287051965 1
0.9066862802082878 1
0.6320295966140475 1
0.9146156259752312 1
0.9187484326673829 1
0.7192243265501589 1
0.8895958480863306 1
0.9325392338049115 1
0.6720939003456988 1
0.9079415087848729 1
0.9361580694950652 1
0.9126166544239692 1
0.737919491917187 1
0.21367330870396378 1
0.7669889138889197 1
0.9325392338049115 1
0.7091169645745129 1
0.19975828544549343 1
0.9300314132268461 1
0.1578984780304044 1
0.9044635421354381 1
0.7091169645745129 1
0.795771290409786 1
0.7103461458372242 1
0.6488870451443487 1
0.8076821330955465 1
0.8868062198616053 1
0.9222948050312183 1
0.6703451471634341 1
0.7125896108634797 1
0.9188842640267755 1
0.8076821330955465 1
0.7132267463959133 1
0.5685918426990572 1
0.9171546598056639 1
0.6264800821062003 1
0.6720939003456988 1
0.9095846949785172 1
0.7763051758303898 1
0.7701927830827711 1
0.7103461458372242 1
0.8367880882847676 1
0.7763051758303898 1
0.8196553230246881 1
0.9205421199897049 1
0.9325392338049115 1
0.8895231694626955 1
0.765648893266857 1
0.9361580694950652 1
0.7309032990570793 1
0.7517305822715507 1
0.912297844129652 1
0.4301956105295209 1
0.7530849047988126 1
0.08228651384981894 1
0.62937985734601 1
0.911269862200644 1
0.8299977081127141 1
0.7103461458372242 1
0.5930800909459215 1
0.9195392378705797 1
0.9095427311899499 1
0.7954140747219447 1
0.9236777311639202 1
0.2275191765164465 1
0.9312421740486303 1
0.795771290409786 1
0.5775551787681722 1
0.745216742621596 1
0.9076604163232742 1
0.6667613255225848 1
0.6863722168081284 1
0.5773751273430623 1
0.9361580694950652 1
0.6709069401801818 1
0.6478728239993122 1
0.7103461458372242 1
0.44005381867267496 1
0.931507712078635 1
0.6364194796147858 1
0.7299091309461131 1
0.7567593110401779 1
0.9110908018968867 1
0.9245300879811615 1
0.840559925374817 1
0.6720939003456988 1
0.9200442090874351 1
0.5596824839725537 1
0.7122981408294445 1
0.34881452352188497 1
0.9294199045800264 1
0.6161460247110584 1
0.906960617039165 1
0.6422556463779799 1
0.6347582004768284 1
0.25194734628182797 1
0.7584290199178093 1
0.9182321183519295 1
0.7091169645745129 1
0.7444041309718209 1
0.21367330870396378 1
0.9325392338049115 1
0.7568306265827304 1
0.9126166544239692 1
0.07509642411355844 1
0.7982649518184419 1
0.787471739021737 1
0.6398809244851088 1
0.9325392338049115 1
0.7103461458372242 1
0.3603035889666444 1
0.9078561709487093 1
0.6881691611051715 1
0.8299977081127141 1
0.9312421740486303 1
0.6479726143408606 1
0.8804300991710889 1
0.9029118184381314 1
0.8348104946484711 1
0.4892859259839645 1
0.7339907741116147 1
0.9162177548511578 1
0.9157831003697746 1
0.8649054071128099 1
0.9095427311899499 1
0.6895430199822935 1
0.6974346504405393 1
0.5685918426990572 1
0.4756079876419822 1
0.7259322687445642 1
0.7202260145199292 1
0.9312421740486303 1
0.6266817975030693 1
0.6895430199822935 1
0.7513612556266995 1
0.9284969834567668 1
0.8348104946484711 1
0.4099358031096164 1
0.7451967491723249 1
0.9393173518228435 1
0.7337497726226416 1
0.840559925374817 1
0.7032199365096773 1
0.896884827781721 1
0.8113325977270901 1
0.7166716073503957 1
0.7552528430706543 1
0.6940796264663724 1
0.5340439374462282 1
0.6604815913248412 1
0.840559925374817 1
0.912297844129652 1
0.9114267611500598 1
0.7826329357441072 1
0.8056941848042939 1
0.7701927830827711 1
0.7125896108634797 1
0.6343097858796456 1
0.7645203035336333 1
0.7309032990570793 1
0.9205421199897049 1
0.7494867636623826 1
0.6961741128403982 1
0.6274698067808467 1
0.7292079374060756 1
0.9325392338049115 1
0.9312421740486303 1
0.8919485624065719 1
0.8987823741394642 1
0.9110226585504514 1
0.5865935682415162 1
0.7103461458372242 1
0.9252583614967834 1
0.7763051758303898 1
0.7445213527759528 1
0.795771290409786 1
0.6184786835041242 1
0.9325392338049115 1
0.8196553230246881 1
0.9166845539206077 1
0.7386753931509638 1
0.5287290018975692 1
0.7901798710034679 1
0.7733053092311614 1
0.7506053508563706 1
0.6444843413923915 1
0.7532032891745494 1
0.6949139425044194 1
0.8033257041282461 1
0.9325392338049115 1
0.7645203035336333 1
0.9011281659952904 1
0.7829889320119224 1
0.7741540834802675 1
0.906960617039165 1
0.8439706486429903 1
0.9312421740486303 1
0.8997215471076822 1
0.6239886747022609 1
0.6036275124006163 1
0.795771290409786 1
0.9312421740486303 1
0.9294452984833022 1
0.916902795745121 1
0.9320542920572591 1
0.4638514705500392 1
0.8980854251368342 1
0.6601948812243462 1
0.7103461458372242 1
0.8854230735755054 1
0.795771290409786 1
0.9328001241471452 1
0.7701927830827711 1
0.9091664746457904 1
0.9245556709096776 1
0.9187484326673829 1
0.7166716073503957 1
0.7170740735428437 1
0.9275220126986119 1
0.6398809244851088 1
0.7481544825802058 1
0.910939308557552 1
0.6946326053746449 1
0.5803292784269631 1
0.9325392338049115 1
0.9055514333477865 1
0.514035965436363 1
0.5924319364940318 1
0.627955128808134 1
0.7506053508563706 1
0.5424700433109695 1
0.26435701024062086 1
0.651013491390701 1
0.9187484326673829 1
0.6241978254999052 1
0.9242804459265193 1
0.807205071318551 1
0.9274156723461658 1
0.888602008625048 1
0.6895430199822935 1
0.9153799273446618 1
0.807205071318551 1
0.9153799273446618 1
0.660586061027644 1
0.9092003377159189 1
0.9127446450965209 1
0.8946260206092688 1
0.7568306265827304 1
0.6167474221890171 1
0.9275220126986119 1
0.6398809244851088 1
0.7610487035447517 1
0.6398809244851088 1
0.9126166544239692 1
0.6015085608498612 1
0.758504968471992 1
0.9002579772643963 1
0.7325434829680356 1
0.6544931222155084 1
0.9110908018968867 1
0.5771885484919179 1
0.7337108451847355 1
0.6974346504405393 1
0.542439325405417 1
0.6511621329217113 1
0.5804677023127895 1
0.9356532217444664 1
0.8076821330955465 1
0.7451967491723249 1
0.9290537198654666 1
0.9155496589366405 1
0.795771290409786 1
0.9142906246854261 1
0.9325392338049115 1
0.7763051758303898 1
0.9325392338049115 1
0.8817139926572571 1
0.9381419694600479 1
0.9126166544239692 1
0.9292238633710919 1
0.7299091309461131 1
0.6554390033293382 1
0.9157831003697746 1
0.5462564323819786 1
0.6511621329217113 1
0.07482084902576655 1
0.7372572461638953 1
0.9139571146056267 1
0.9386299881818435 1
0.7314345415006411 1
0.8974920382730966 1
0.9205421199897049 1
0.9161496566538153 1
0.3993854005745251 1
0.7645203035336333 1
0.1470271352497837 1
0.5930800909459215 1
0.7653626665850809 1
0.5424700433109695 1
0.7506053508563706 1
0.740379969538705 1
0.7999893602606662 1
0.9114558572663648 1
0.6398809244851088 1
0.6399486872441609 1
0.8196553230246881 1
0.719181112854888 1
0.9261207053826945 1
0.7103461458372242 1
0.8078664769832109 1
0.4976783804192133 1
0.7032199365096773 1
0.6895430199822935 1
0.3993854005745251 1
0.5803292784269631 1
0.9180615548358718 1
0.7339907741116147 1
0.4286557633964698 1
0.6370916567572831 1
0.8409746880686572 1
0.7494867636623826 1
0.08934432880508564 1
0.8680121170428128 1
0.542439325405417 1
0.9122772821286449 1
0.8439706486429903 1
0.9055514333477865 1
0.906960617039165 1
0.9055514333477865 1
0.9054683250171103 1
0.9325392338049115 1
0.9155496589366405 1
0.6895430199822935 1
0.7912456463646698 1
0.715438174464711 1
0.799491821440919 1
0.6961741128403982 1
0.9126166544239692 1
0.8666969583656577 1
0.5740154066299324 1
0.7132267463959133 1
0.6570570381366996 1
0.7594534705153254 1
0.8703554251504176 1
0.5695767373637572 1
0.7763051758303898 1
0.8320600034245466 1
0.9325392338049115 1
0.8183193449998726 1
0.7773456463837796 1
0.7006105374027987 1
0.9039914087276518 1
0.9325392338049115 1
0.6861685100881894 1
0.6234682909202809 1
0.7070257697178547 1
0.7302350962837694 1
0.8916191093935255 1
0.7166716073503957 1
0.32631947691120206 1
0.8120419288747527 1
0.6942929723351556 1
0.8762180725189154 1
0.9110226585504514 1
0.7299091309461131 1
0.9134565780017541 1
0.7091169645745129 1
0.7091169645745129 1
0.9114267611500598 1
0.4180948180547724 1
0.6234682909202809 1
0.9287723123328961 1
0.6293480087803469 1
0.9312421740486303 1
0.9033465924709853 1
0.42724594217647105 1
0.6961741128403982 1
0.7446998878482654 1
0.716254301498885 1
0.6370916567572831 1
0.07915232719923208 1
0.9214126498105917 1
0.8919636469314501 1
0.9325392338049115 1
0.5930800909459215 1
0.3402357221594997 1
0.5771885484919179 1
0.7166716073503957 1
0.7103461458372242 1
0.6241705365328976 1
0.748621938177026 1
0.9361580694950652 1
0.911269862200644 1
0.7343783485657057 1
0.8609835648296247 1
0.6863698285178542 1
0.9381419694600479 1
0.47266526446320417 1
0.7091169645745129 1
0.7315188271743501 1
0.9386299881818435 1
0.6895430199822935 1
0.69501369478894 1
0.6398809244851088 1
0.9290537198654666 1
0.9162205805263327 1
0.802815620268568 1
0.07915232719923208 1
0.7166716073503957 1
0.634026673987489 1
0.9161029616522448 1
0.7194912045732417 1
0.8816282954972406 1
0.7494867636623826 1
0.755147025285141 1
0.9313312886535039 1
0.6933829015037097 1
0.7103461458372242 1
0.7091169645745129 1
0.8447084026551795 1
0.6293480087803469 1
0.6241705365328976 1
0.6266817975030693 1
0.7500484899194878 1
0.7763051758303898 1
0.9125834128728525 1
0.9047065694467613 1
0.7506053508563706 1
0.6795088174600462 1
0.8197043735897425 1
0.9325392338049115 1
0.7701927830827711 1
0.6895430199822935 1
0.9082069627568018 1
0.6398809244851088 1
0.7190266724361349 1
0.9302260348210128 1
0.7826329357441072 1
0.9200442090874351 1
0.7223351518336546 1
0.685297073186804 1
0.7103461458372242 1
0.7513612556266995 1
0.7645203035336333 1
0.9066862802082878 1
0.8998994084808598 1
0.6344083158955597 1
0.3729271419895588 1
0.9293097487925007 1
0.6968246985694132 1
0.9065580448823369 1
0.840559925374817 1
0.5775551787681722 1
0.9361580694950652 1
0.9095427311899499 1
0.5930800909459215 1
0.8299977081127141 1
0.9245556709096776 1
0.9325392338049115 1
0.07314103412613526 1
0.37110424615965737 1
0.7103461458372242 1
0.7550105927667061 1
0.9393173518228435 1
0.6293480087803469 1
0.5342709462188536 1
0.8076821330955465 1
0.725012915735161 1
0.9312421740486303 1
0.5930800909459215 1
0.7506053508563706 1
0.940168750265753 1
0.7763051758303898 1
0.33175570506608887 1
0.7607254138023883 1
0.9126166544239692 1
0.7091169645745129 1
0.4351549428847589 1
0.7506053508563706 1
0.7610487035447517 1
0.6601948812243462 1
0.7190266724361349 1
0.9222948050312183 1
0.050647284951341756 1
0.7500031122111377 1
0.6083187319753252 1
0.9055514333477865 1
0.795771290409786 1
0.8447084026551795 1
0.9133420226150366 1
0.9393173518228435 1
0.7190978346203523 1
0.6274698067808467 1
0.25119862485005157 1
0.9039914087276518 1
0.5775551787681722 1
0.9393173518228435 1
0.5771885484919179 1
0.5596824839725537 1
0.7290581237030413 1
0.802815620268568 1
0.9312421740486303 1
0.7091169645745129 1
0.807205071318551 1
0.9359093200030989 1
0.6252863853541922 1
0.8642958921967518 1
0.380917606367642 1
0.8856575125561291 1
0.9325392338049115 1
0.6251070855872213 1
0.563534244192495 1
0.7166716073503957 1
0.9129473988711216 1
0.2661249674519456 1
0.4286557633964698 1
0.620215451737653 1
0.7763051758303898 1
0.9129473988711216 1
0.9066862802082878 1
0.6749255451607221 1
0.9171546598056639 1
0.7653626665850809 1
0.6570570381366996 1
0.795771290409786 1
0.9346725172829317 1
0.7091776926223843 1
0.7091169645745129 1
0.542215328635895 1
0.6606952116563207 1
0.9245556709096776 1
0.7113266394256533 1
0.4950734973873203 1
0.9157831003697746 1
0.7294721316158344 1
0.7532032891745494 1
0.7638318044696576 1
0.06551635432836327 1
0.9110908018968867 1
0.9393173518228435 1
0.9328001241471452 1
0.6606952116563207 1
0.7634326559580664 1
0.3020964870466509 1
0.909352815241992 1
0.930024995361678 1
0.7967982623608418 1
0.9129473988711216 1
0.9312421740486303 1
0.2755300393503447 1
0.5775551787681722 1
0.6488870451443487 1
0.9386299881818435 1
0.3659882002581865 1
0.6882643001042454 1
0.940168750265753 1
0.6048197036659129 1
0.7297430532125477 1
0.9050660893060873 1
0.6172515279779186 1
0.7386753931509638 1
0.9042544933300654 1
0.6241705365328976 1
0.9156996901351446 1
0.7763051758303898 1
0.9325392338049115 1
0.8196553230246881 1
0.6511621329217113 1
0.6882643001042454 1
0.634026673987489 1
0.9039914087276518 1
0.9046322856582388 1
0.7179132613049302 1
0.7763051758303898 1
0.9312421740486303 1
0.795771290409786 1
0.5914718785168953 1
0.748621938177026 1
0.4447123634057922 1
0.6163268398234569 1
0.6877526681584551 1
0.9186030984116467 1
0.6588244055018683 1
0.9200442090874351 1
0.6895430199822935 1
0.5948076635354032 1
0.9276948406689923 1
0.9014977008021847 1
0.8002160321672883 1
0.9093261750095857 1
0.2320661874788417 1
0.9325392338049115 1
0.7506053508563706 1
0.9047065694467613 1
0.5558708535172113 1
0.7115160588865845 1
0.5865719437062467 1
0.4638514705500392 1
0.807205071318551 1
0.22050102483430536 1
0.9325392338049115 1
0.7826329357441072 1
0.7103461458372242 1
0.9161408780458505 1
0.6839589474559712 1
0.7103461458372242 1
0.6089420291330986 1
0.7763051758303898 1
0.5562925580485956 1
0.9055834486425881 1
0.6398809244851088 1
0.7444041309718209 1
0.7171853746454361 1
0.7125896108634797 1
0.7550105927667061 1
0.9245556709096776 1
0.6968246985694132 1
0.6515917531260864 1
0.6498854839371258 1
0.9356532217444664 1
0.5192352789414929 1
0.9157831003697746 1
0.863342801001131 1
0.09164152168504167 1
0.1944382090937854 1
0.6895430199822935 1
0.7211196564168567 1
0.5610868237509757 1
0.9325392338049115 1
0.7763051758303898 1
0.795771290409786 1
0.7201275675538017 1
0.9222948050312183 1
0.9169647999434691 1
0.9128099228282117 1
0.5679744331192462 1
0.3141593841228515 1
0.9312421740486303 1
0.7103461458372242 1
0.930024995361678 1
0.9292238633710919 1
0.799491821440919 1
0.6274698067808467 1
0.8447084026551795 1
0.6398809244851088 1
0.7372572461638953 1
0.6895430199822935 1
0.394903922795203 1
0.840559925374817 1
0.7506053508563706 1
0.7364720373980049 1
0.6172784432304501 1
0.7337108451847355 1
0.6175863050740028 1
0.7580787567493185 1
0.9000360435880344 1
0.9171546598056639 1
0.9171546598056639 1
0.7259322687445642 1
0.7103461458372242 1
0.9055514333477865 1
0.6398809244851088 1
0.6444362529265014 1
0.7643786311770233 1
0.919223372490086 1
0.9325392338049115 1
0.795771290409786 1
0.7596446068414804 1
0.6551240218783864 1
0.9096348835459314 1
0.7645203035336333 1
0.7763051758303898 1
0.04331733036814439 1
0.795771290409786 1
0.8183193449998726 1
0.6410326012203515 1
0.9312421740486303 1
0.834564210472918 1
0.7089657748513867 1
0.795771290409786 1
0.940168750265753 1
0.9161496566538153 1
0.7506053508563706 1
0.7826329357441072 1
0.9245556709096776 1
0.8194804399215817 1
0.7194330961327903 1
0.9313312886535039 1
0.6593431616872407 1
0.9211971566192667 1
0.7103461458372242 1
0.7125896108634797 1
0.7494867636623826 1
0.9228797795211716 1
0.627955128808134 1
0.7339907741116147 1
0.9142906246854261 1
0.7451967491723249 1
0.795771290409786 1
0.8409746880686572 1
0.1470271352497837 1
0.846140104847331 1
0.9312421740486303 1
0.5721729730299189 1
0.9200442090874351 1
0.08036066917979474 1
0.9114558572663648 1
0.8603898255741108 1
0.6083187319753252 1
0.7591644867784467 1
0.916891833926487 1
0.6479726143408606 1
0.6036275124006163 1
0.48199899352061726 1
0.6855992919616313 1
0.19931561874216677 1
0.6172784432304501 1
0.9312421740486303 1
0.7091169645745129 1
0.7325434829680356 1
0.894591279006618 1
0.6895430199822935 1
0.7891365226535629 1
0.795771290409786 1
0.6358368119596469 1
0.8199610709371479 1
0.6398809244851088 1
0.8076821330955465 1
0.8158798642023154 1
0.7103461458372242 1
0.6163268398234569 1
0.8952316174465046 1
0.8895614137091946 1
0.6398809244851088 1
0.6855992919616313 1
0.43895047888547584 1
0.20353376208357812 1
0.9171546598056639 1
0.7337108451847355 1
0.8196553230246881 1
0.7292079374060756 1
0.9262534691878701 1
0.6066718146166449 1
0.9122772821286449 1
0.3219019586820859 1
0.7489743768589131 1
0.9361580694950652 1
0.9325392338049115 1
0.62937985734601 1
0.5948076635354032 1
0.8785824417074011 1
0.8642958921967518 1
0.9139571146056267 1
0.7671388968999313 1
0.9276948406689923 1
0.9289501464290643 1
0.9274156723461658 1
0.6985875727009438 1
0.6522944989135943 1
0.7426423318173055 1
0.6882643001042454 1
0.9139571146056267 1
0.5679744331192462 1
0.8061866134164504 1
0.7630275451578044 1
0.6814273350939087 1
0.6880911906830465 1
0.7506053508563706 1
0.9325392338049115 1
0.690906639604871 1
0.9393173518228435 1
0.795771290409786 1
0.6769391381605058 1
0.9313312886535039 1
0.9066862802082878 1
0.940168750265753 1
0.9325392338049115 1
0.6167474221890171 1
0.7103461458372242 1
0.8123438623754738 1
0.7259322687445642 1
0.4735788313969277 1
0.9381419694600479 1
0.940168750265753 1
0.9092003377159189 1
0.9393173518228435 1
0.7608652856744863 1
0.887639625770353 1
0.7506053508563706 1
0.5133452331233834 1
0.9205421199897049 1
0.758459280136844 1
0.6522773428057972 1
0.627955128808134 1
0.4096803195206063 1
0.6172784432304501 1
0.8214295927748742 1
0.8078664769832109 1
0.514035965436363 1
0.9289501464290643 1
0.6628326967616412 1
0.9082031213414564 1
0.6398809244851088 1
0.5596824839725537 1
0.9275220126986119 1
0.8312172253284966 1
0.7262162887448627 1
0.911269862200644 1
0.06264812975035258 1
0.9205421199897049 1
0.9302260348210128 1
0.6895430199822935 1
0.8076821330955465 1
0.6554390033293382 1
0.1761150179242748 1
0.9205421199897049 1
0.9359093200030989 1
0.5596824839725537 1
0.9290537198654666 1
0.8196553230246881 1
0.7737708014016751 1
0.6683997568347043 1
0.916902795745121 1
0.9276948406689923 1
0.9222948050312183 1
0.9172187887674672 1
0.54331171376611 1
0.9126166544239692 1
0.48197991710217175 1
0.6877526681584551 1
0.7489743768589131 1
0.9325392338049115 1
0.7645203035336333 1
0.8838183068316675 1
0.931507712078635 1
0.8966364230291737 1
0.9139571146056267 1
0.7701927830827711 1
0.7190266724361349 1
0.5439505366359682 1
0.9205421199897049 1
0.7202260145199292 1
0.9245556709096776 1
0.9325392338049115 1
0.9002579772643963 1
0.8196553230246881 1
0.719181112854888 1
0.8348104946484711 1
0.8949631111888967 1
0.905641253936507 1
0.5776687011226008 1
0.9126166544239692 1
0.8993010124416498 1
0.795771290409786 1
0.9127238485307242 1
0.22095489734777635 1
0.5505703240493793 1
0.176247533542095 1
0.7982649518184419 1
0.7972550078175734 1
0.6251966144860959 1
0.9312421740486303 1
0.582846751658085 1
0.8642958921967518 1
0.8539170616776508 1
0.8308889417637219 1
0.7763051758303898 1
0.7591644867784467 1
0.9346725172829317 1
0.9255286588312974 1
0.6560982928771951 1
0.7645203035336333 1
0.5133452331233834 1
0.905641253936507 1
0.6163268398234569 1
0.9325392338049115 1
0.9325392338049115 1
0.9180615548358718 1
0.8196553230246881 1
0.8919485624065719 1
0.9313312886535039 1
0.9325392338049115 1
0.8802604532145482 1
0.7343783485657057 1
0.670501234488417 1
0.5227973401430929 1
0.7741540834802675 1
0.7248398032024771 1
0.795771290409786 1
0.6398809244851088 1
0.9126166544239692 1
0.8040189825276522 1
0.7367378397169074 1
0.6855992919616313 1
0.1578984780304044 1
0.8381068549611108 1
0.7348432993158515 1
0.9146156259752312 1
0.7190978346203523 1
0.877886093649003 1
0.9200442090874351 1
0.7532032891745494 1
0.6570570381366996 1
0.21367330870396378 1
0.6877526681584551 1
0.9312421740486303 1
0.9171546598056639 1
0.7250746867599303 1
0.8194804399215817 1
0.9205421199897049 1
0.7481544825802058 1
0.8447084026551795 1
0.7591644867784467 1
0.9312421740486303 1
0.9361580694950652 1
0.9245556709096776 1
0.795771290409786 1
0.634026673987489 1
0.5573433681609744 1
0.899384890119482 1
0.4032731166124949 1
0.9055514333477865 1
0.9126166544239692 1
0.7403039493729024 1
0.7103461458372242 1
0.7435940945106034 1
0.809411423359599 1
0.6545607191645775 1
0.7901798710034679 1
0.9214126498105917 1
0.7002180409611171 1
0.9312421740486303 1
0.9171546598056639 1
0.8321968340241969 1
0.9190580268684891 1
0.5596824839725537 1
0.7763051758303898 1
0.795771290409786 1
0.9303587439121032 1
0.9312421740486303 1
0.5211361589405019 1
0.7645203035336333 1
0.786279110624788 1
0.9126166544239692 1
0.7561268491390414 1
0.8197043735897425 1
0.5126749597572458 1
0.9214126498105917 1
0.6398809244851088 1
0.44005381867267496 1
0.9302260348210128 1
0.7972550078175734 1
0.7657488635218334 1
0.795771290409786 1
0.9092003377159189 1
0.6241705365328976 1
0.7162914745751847 1
0.9325392338049115 1
0.7296298278401737 1
0.742516236252574 1
0.919223372490086 1
0.9328001241471452 1
0.9325392338049115 1
0.7249100384910427 1
0.6946326053746449 1
0.9337154462288128 1
0.8076821330955465 1
0.5930800909459215 1
0.8196553230246881 1
0.8838183068316675 1
0.9325392338049115 1
0.9222948050312183 1
0.9325392338049115 1
0.9325392338049115 1
0.685297073186804 1
0.8642958921967518 1
0.7032199365096773 1
0.719181112854888 1
0.6839281232625289 1
0.9186030984116467 1
0.4217994077458947 1
0.795771290409786 1
0.8963682754497064 1
0.9393173518228435 1
0.9290537198654666 1
0.5061496695079722 1
0.9290537198654666 1
0.6727534878660169 1
0.7325434829680356 1
0.8065878230526379 1
0.6874052512338048 1
0.9095427311899499 1
0.9312421740486303 1
0.9312421740486303 1
0.7103461458372242 1
0.6175863050740028 1
0.5439505366359682 1
0.807205071318551 1
0.07955422933650282 1
0.7167855146950317 1
0.7091169645745129 1
0.658001747477001 1
0.5630946797171053 1
0.9222948050312183 1
0.6241978254999052 1
0.8919485624065719 1
0.9011281659952904 1
0.9359093200030989 1
0.1470271352497837 1
0.863342801001131 1
0.8797329188156255 1
0.7218350026141294 1
0.8056941848042939 1
0.5211361589405019 1
0.542215328635895 1
0.896755965980241 1
0.7501014276311831 1
0.795771290409786 1
0.7194330961327903 1
0.7445213527759528 1
0.1470271352497837 1
0.9222948050312183 1
0.5775551787681722 1
0.5874555143937902 1
0.751563150881385 1
0.8722794319720277 1
0.7339907741116147 1
0.7496308214055246 1
0.6560982928771951 1
0.7500031122111377 1
0.9126166544239692 1
0.9139571146056267 1
0.9187484326673829 1
0.9221501616924231 1
0.8409746880686572 1
0.8620491494013944 1
0.9312421740486303 1
0.9205421199897049 1
0.7659149142179192 1
0.9361580694950652 1
0.5438478177920193 1
0.9079890217726434 1
0.7820070758495012 1
0.7103461458372242 1
0.7701927830827711 1
0.8020208810138901 1
0.9161496566538153 1
0.5340439374462282 1
0.9361580694950652 1
0.909352815241992 1
0.9245556709096776 1
0.9066862802082878 1
0.6370916567572831 1
0.807205071318551 1
0.7506053508563706 1
0.9205421199897049 1
0.9074640640409506 1
0.5211361589405019 1
0.7506053508563706 1
0.9359093200030989 1
0.7809606674260857 1
0.7103461458372242 1
0.7999893602606662 1
0.5348652838741031 1
0.5011848859816428 1
0.6511621329217113 1
0.8954392894141882 1
0.8997215471076822 1
0.9126166544239692 1
0.8097568856996723 1
0.9284969834567668 1
0.6882643001042454 1
0.8194804399215817 1
0.9325392338049115 1
0.6241705365328976 1
0.6549341844590381 1
0.7759870300690367 1
0.5948690369363283 1
0.9039914087276518 1
0.9205421199897049 1
0.9126166544239692 1
0.6293480087803469 1
0.7339907741116147 1
0.6172784432304501 1
0.9200442090874351 1
0.634026673987489 1
0.7482805996652128 1
0.7376756770536287 1
0.4640323257268241 1
0.7166716073503957 1
0.7378156766665873 1
0.6895430199822935 1
0.6720939003456988 1
0.5505703240493793 1
0.9042732616569485 1
0.6861685100881894 1
0.7339907741116147 1
0.6172784432304501 1
0.7824114687874923 1
0.9205421199897049 1
0.44005381867267496 1
0.8959695524800131 1
0.44005381867267496 1
0.7826329357441072 1
0.9161496566538153 1
0.9186030984116467 1
0.8212907002893124 1
0.9126166544239692 1
0.6049065475203367 1
0.6095724365131535 1
0.9171546598056639 1
0.7091169645745129 1
0.23409049546950117 1
0.7446998878482654 1
0.5630946797171053 1
0.9312421740486303 1
0.6167474221890171 1
0.9245556709096776 1
0.807205071318551 1
0.3219019586820859 1
0.909352815241992 1
0.9187484326673829 1
0.8076821330955465 1
0.9166845539206077 1
0.9386299881818435 1
0.8804300991710889 1
0.7517305822715507 1
0.9079415087848729 1
0.7028592839837509 1
0.6239886747022609 1
0.5123110037651122 1
0.7911307029582023 1
0.9126166544239692 1
0.6398809244851088 1
0.7168297600219946 1
0.8439706486429903 1
0.7638318044696576 1
0.9200442090874351 1
0.7481544825802058 1
0.6241705365328976 1
0.9126166544239692 1
0.9048946891970604 1
0.928998670828021 1
0.9126166544239692 1
0.7697000416866911 1
0.5634471061073891 1
0.9205421199897049 1
0.8123438623754738 1
0.7168297600219946 1
0.6398809244851088 1
0.842458237712031 1
0.23731584735193786 1
0.6946326053746449 1
0.5283833605359954 1
0.7763051758303898 1
0.9055514333477865 1
0.7582915829038083 1
0.5948690369363283 1
0.7091169645745129 1
0.8642958921967518 1
0.7386753931509638 1
0.9312421740486303 1
0.7343783485657057 1
0.9055514333477865 1
0.550552547771869 1
0.7500031122111377 1
0.9248194549391382 1
0.7091169645745129 1
0.6855992919616313 1
0.8919636469314501 1
0.4640323257268241 1
0.43410918914918906 1
0.9171546598056639 1
0.7886555928454237 1
0.5270337747929862 1
0.9126166544239692 1
0.9214126498105917 1
0.4756079876419822 1
0.6167474221890171 1
0.5378693259632296 1
0.9276948406689923 1
0.9126166544239692 1
0.8649054071128099 1
0.5141211474660974 1
0.7451967491723249 1
0.9294199045800264 1
0.8158798642023154 1
0.7901798710034679 1
0.909352815241992 1
0.9187484326673829 1
0.6398809244851088 1
0.08472815115759537 1
0.7103461458372242 1
0.7552528430706543 1
0.795771290409786 1
0.6398809244851088 1
0.7596446068414804 1
0.9290537198654666 1
0.9361580694950652 1
0.9055514333477865 1
0.7608652856744863 1
0.8196553230246881 1
0.9222948050312183 1
0.9110908018968867 1
0.7489743768589131 1
0.9224145909235186 1
0.795771290409786 1
0.8656383014165677 1
0.9146156259752312 1
0.1470271352497837 1
0.7607254138023883 1
0.7773456463837796 1
0.9276948406689923 1
0.9126166544239692 1
0.904404046321269 1
0.4353046063897773 1
0.9092003377159189 1
0.7630975982357197 1
0.8754813509029372 1
0.9325392338049115 1
0.9245556709096776 1
0.9325392338049115 1
0.7343783485657057 1
0.9039914087276518 1
0.7911056853980348 1
0.7378156766665873 1
0.7343783485657057 1
0.9126166544239692 1
0.9325392338049115 1
0.6805217295344991 1
0.9072959710545152 1
0.7506053508563706 1
0.9126166544239692 1
0.9325392338049115 1
0.6398809244851088 1
0.6284402337893433 1
0.7826329357441072 1
0.8592055976375369 1
0.5930800909459215 1
0.912297844129652 1
0.9125834128728525 1
0.24406963651024496 1
0.7168297600219946 1
0.9247969842769423 1
0.3088027168628327 1
0.7091169645745129 1
0.6511621329217113 1
0.5492906301097711 1
0.7591644867784467 1
0.9126166544239692 1
0.08818525455362837 1
0.7826329357441072 1
0.662238568485093 1
0.795771290409786 1
0.8065878230526379 1
0.7467470411524433 1
0.7445213527759528 1
0.6109915043322606 1
0.6733306166315962 1
0.7091169645745129 1
0.9187484326673829 1
0.8899689007554069 1
0.0848142719604158 1
0.7516278741874611 1
0.5775551787681722 1
0.7830079694652734 1
0.7126520195196054 1
0.9076474279239327 1
0.651013491390701 1
0.8381068549611108 1
0.8185272968413194 1
0.7166716073503957 1
0.7197288768941554 1
0.7103461458372242 1
0.6398809244851088 1
0.6241705365328976 1
0.5914718785168953 1
0.877886093649003 1
0.6373163419571141 1
0.7683317628479234 1
0.877886093649003 1
0.7481544825802058 1
0.6425632174404623 1
0.9187484326673829 1
0.9292238633710919 1
0.627955128808134 1
0.6895430199822935 1
0.7513612556266995 1
0.9325392338049115 1
0.9066862802082878 1
0.6895430199822935 1
0.7055139631288598 1
0.5439505366359682 1
0.7103461458372242 1
0.9180615548358718 1
0.6974346504405393 1
0.9205421199897049 1
0.8510007426875117 1
0.7500484899194878 1
0.7386753931509638 1
0.9325392338049115 1
0.7999893602606662 1
0.582846751658085 1
0.5061496695079722 1
0.7179132613049302 1
0.732492065343177 1
0.9312421740486303 1
0.6089420291330986 1
0.8895614137091946 1
0.9356532217444664 1
0.7212162956095004 1
0.2661249674519456 1
0.9039914087276518 1
0.7091169645745129 1
0.4735788313969277 1
0.9328001241471452 1
0.7711066329003147 1
0.8307357711095771 1
0.9092179548942428 1
0.6347582004768284 1
0.840559925374817 1
0.9107538836341482 1
0.9302385981881653 1
0.7327337621745177 1
0.9302260348210128 1
0.9183173931887828 1
0.5775551787681722 1
0.940168750265753 1
0.919862410238893 1
0.6969254466958987 1
0.877886093649003 1
0.6398809244851088 1
0.6560982928771951 1
0.795771290409786 1
0.7217798862829662 1
0.9325392338049115 1
0.7506053508563706 1
0.6398809244851088 1
0.9129473988711216 1
0.9162205805263327 1
0.8123438623754738 1
0.9211971566192667 1
0.9110908018968867 1
0.4756079876419822 1
0.7343783485657057 1
0.7327337621745177 1
0.9126166544239692 1
0.9114558572663648 1
0.9205421199897049 1
0.9126296797443577 1
0.7376756770536287 1
0.7494867636623826 1
0.5252144416300267 1
0.7103461458372242 1
0.4286557633964698 1
0.4286557633964698 1
0.8299977081127141 1
0.6398809244851088 1
0.6593431616872407 1
0.7120788611525442 1
0.1470271352497837 1
0.615076897078087 1
0.9284969834567668 1
0.911243632397259 1
0.49844138269551275 1
0.6855992919616313 1
0.8209439687487403 1
0.7809606674260857 1
0.9325392338049115 1
0.7103461458372242 1
0.7086192646949028 1
0.9242804459265193 1
0.840559925374817 1
0.5123110037651122 1
0.9328001241471452 1
0.6549480679518812 1
0.7118816134801609 1
0.9294199045800264 1
0.6398809244851088 1
0.9142906246854261 1
0.6855992919616313 1
0.690906639604871 1
0.8649054071128099 1
0.6893793197350585 1
0.7532032891745494 1
0.21989194820310348 1
0.6722530507922511 1
0.6530723580465191 1
0.8642958921967518 1
0.7190978346203523 1
0.9082069627568018 1
0.9129643586306232 1
0.6241705365328976 1
0.724523714607274 1
0.660586061027644 1
0.6593431616872407 1
0.9312421740486303 1
0.7763051758303898 1
0.9337154462288128 1
0.4756079876419822 1
0.30634479930529573 1
0.9312421740486303 1
0.6593431616872407 1
0.8919485624065719 1
0.869293179746921 1
0.9125834128728525 1
0.8460736435767886 1
0.9172187887674672 1
0.9325392338049115 1
0.8510007426875117 1
0.9361580694950652 1
0.5439505366359682 1
0.9169647999434691 1
0.7266760655803491 1
0.6877526681584551 1
0.7091169645745129 1
0.888602008625048 1
0.807205071318551 1
0.9325392338049115 1
0.5630946797171053 1
0.9180615548358718 1
0.9029118184381314 1
0.44066207226915166 1
0.9126166544239692 1
0.7506053508563706 1
0.7153597980607783 1
0.9076474279239327 1
0.7534246334674148 1
0.0819375594663011 1
0.8966364230291737 1
0.7166716073503957 1
0.8097568856996723 1
0.9125834128728525 1
0.9248194549391382 1
0.7494867636623826 1
0.7091169645745129 1
0.9060071080629399 1
0.9205421199897049 1
0.7806300406007831 1
0.8378707436711994 1
0.5596824839725537 1
0.9186030984116467 1
0.7911307029582023 1
0.6974346504405393 1
0.06405927327954068 1
0.7999893602606662 1
0.8978590196593804 1
0.5562925580485956 1
0.43410918914918906 1
0.8651442787779308 1
0.7500647946532696 1
0.5980858719006202 1
0.08661395369119769 1
0.9126166544239692 1
0.7406956827552431 1
0.8212907002893124 1
0.6769391381605058 1
0.6895430199822935 1
0.7763051758303898 1
0.6522944989135943 1
0.26849113352812776 1
0.2057381633191012 1
0.9157831003697746 1
0.6288634298511878 1
0.9246654776702034 1
0.740379969538705 1
0.6266817975030693 1
0.21367330870396378 1
0.8248701179240172 1
0.7911056853980348 1
0.5533772514189241 1
0.6511621329217113 1
0.7445213527759528 1
0.7501014276311831 1
0.8196956503363937 1
0.06611586063515512 1
0.9146156259752312 1
0.5980858719006202 1
0.9361580694950652 1
0.7212162956095004 1
0.8919485624065719 1
0.591265181581015 1
0.048503189784860415 1
0.491985338002425 1
0.5385045341410719 1
0.7091169645745129 1
0.7103461458372242 1
0.7630275451578044 1
0.6832235320401919 1
0.7289837351297218 1
0.7103461458372242 1
0.8911725587781917 1
0.5773751273430623 1
0.6596650048264903 1
0.795771290409786 1
0.9205421199897049 1
0.8214295927748742 1
0.8196553230246881 1
0.33813623899493234 1
0.8158798642023154 1
0.7982649518184419 1
0.380917606367642 1
0.928998670828021 1
0.8800635072527017 1
0.7701927830827711 1
0.4286557633964698 1
0.7517305822715507 1
0.9107119731838931 1
0.9055834486425881 1
0.6895430199822935 1
0.9129473988711216 1
0.6253860076749347 1
0.8856575125561291 1
0.9109333659844403 1
0.7806300406007831 1
0.8076821330955465 1
0.6855992919616313 1
0.795771290409786 1
0.9097023815513752 1
0.9126166544239692 1
0.7038633139210837 1
0.5647645509778216 1
0.7999893602606662 1
0.6877526681584551 1
0.5596824839725537 1
0.9126166544239692 1
0.6709069401801818 1
0.6560982928771951 1
0.9166845539206077 1
0.9312421740486303 1
0.9328001241471452 1
0.9155496589366405 1
0.7763051758303898 1
0.5562925580485956 1
0.8454643223725578 1
0.9014977008021847 1
0.9161029616522448 1
0.748621938177026 1
0.9328001241471452 1
0.7506053508563706 1
0.627955128808134 1
0.7070209095913428 1
0.7166716073503957 1
0.5562925580485956 1
0.4447123634057922 1
0.7494867636623826 1
0.582846751658085 1
0.5764766164002906 1
0.9312421740486303 1
0.904404046321269 1
0.8835273512993017 1
0.8952316174465046 1
0.9142906246854261 1
0.08831834314272186 1
0.9146156259752312 1
0.795771290409786 1
0.22050102483430536 1
0.8977860530428361 1
0.6167474221890171 1
0.7763051758303898 1
0.918559248174595 1
0.6398809244851088 1
0.916902795745121 1
0.23731584735193786 1
0.9275220126986119 1
0.9328001241471452 1
0.8895614137091946 1
0.875926503379097 1
0.9005036377325785 1
0.5492906301097711 1
0.802815620268568 1
0.05558943715415298 1
0.7091169645745129 1
0.7568306265827304 1
0.9356532217444664 1
0.9356532217444664 1
0.9115629932007905 1
0.7327337621745177 1
0.5884999452451166 1
0.6522944989135943 1
0.5596824839725537 1
0.6593431616872407 1
0.7103461458372242 1
0.6398809244851088 1
0.7824114687874923 1
0.08228651384981894 1
0.9180293565516146 1
0.6880292953863885 1
0.6274698067808467 1
0.8919636469314501 1
0.627955128808134 1
0.4351549428847589 1
0.7217798862829662 1
0.9349257333010873 1
0.8203679875633336 1
0.06264812975035258 1
0.7506053508563706 1
0.5596824839725537 1
0.5630946797171053 1
0.9312421740486303 1
0.6066718146166449 1
0.21367330870396378 1
0.6347582004768284 1
0.9325392338049115 1
0.658001747477001 1
0.9359093200030989 1
0.9082031213414564 1
0.9337154462288128 1
0.08372447817480873 1
0.9093716923342902 1
0.5771885484919179 1
0.9126166544239692 1
0.6994397571441904 1
0.7091169645745129 1
0.9222948050312183 1
0.7113266394256533 1
0.840559925374817 1
0.9393173518228435 1
0.9261207053826945 1
0.7378276964204771 1
0.8911725587781917 1
0.7032199365096773 1
0.9261207053826945 1
0.7325434829680356 1
0.7513612556266995 1
0.6293480087803469 1
0.7711066329003147 1
0.9393173518228435 1
0.9205421199897049 1
0.6398809244851088 1
0.6241705365328976 1
0.9325392338049115 1
0.06095580941413098 1
0.9237468288847163 1
0.9222948050312183 1
0.6066718146166449 1
0.7763051758303898 1
0.7830079694652734 1
0.6593431616872407 1
0.719181112854888 1
0.7506053508563706 1
0.642279222730127 1
0.795771290409786 1
0.9118973407331497 1
0.922783404299054 1
0.7290581237030413 1
0.8185272968413194 1
0.9312421740486303 1
0.7763051758303898 1
0.9386299881818435 1
0.17099806290755645 1
0.9095427311899499 1
0.9171546598056639 1
0.060432788330804246 1
0.7386753931509638 1
0.9312421740486303 1
0.7299091309461131 1
0.6398809244851088 1
0.3219019586820859 1
0.7763051758303898 1
0.9110908018968867 1
0.7622034832773006 1
0.591265181581015 1
0.5914718785168953 1
0.9325392338049115 1
0.7217798862829662 1
0.7162914745751847 1
0.6398809244851088 1
0.8442156361918055 1
0.6974346504405393 1
0.9139571146056267 1
0.6241978254999052 1
0.9187484326673829 1
0.8895614137091946 1
0.5828679328027935 1
0.7166716073503957 1
0.8895614137091946 1
0.795771290409786 1
0.7292079374060756 1
0.6429117989241191 1
0.7645203035336333 1
0.9093261750095857 1
0.9302385981881653 1
0.7658859843510268 1
0.3146722136210842 1
0.9205421199897049 1
0.5946233773172487 1
0.9393173518228435 1
0.3993854005745251 1
0.8364049281647077 1
0.9325392338049115 1
0.09565464047195618 1
0.9312421740486303 1
0.8605590850315595 1
0.9356532217444664 1
0.885034871004716 1
0.802815620268568 1
0.7580787567493185 1
0.6511621329217113 1
0.7091169645745129 1
0.6274698067808467 1
0.5771885484919179 1
0.7327337621745177 1
0.6584002341076277 1
0.7218350026141294 1
0.5340439374462282 1
0.9060510171199532 1
0.6511621329217113 1
0.9180615548358718 1
0.7653626665850809 1
0.9162205805263327 1
0.802815620268568 1
0.748621938177026 1
0.840559925374817 1
0.9161029616522448 1
0.6545607191645775 1
0.9325392338049115 1
0.6089420291330986 1
0.6274698067808467 1
0.7826329357441072 1
0.840559925374817 1
0.9157831003697746 1
0.6895430199822935 1
0.7741540834802675 1
0.6895430199822935 1
0.7166716073503957 1
0.9002579772643963 1
0.7763051758303898 1
0.9359093200030989 1
0.7170740735428437 1
0.6274698067808467 1
0.795771290409786 1
0.9076474279239327 1
0.7610487035447517 1
0.7561268491390414 1
0.7517305822715507 1
0.9211971566192667 1
0.5930800909459215 1
0.7645203035336333 1
0.9155496589366405 1
0.6698524187589917 1
0.9325392338049115 1
0.7506053508563706 1
0.906960617039165 1
0.8196553230246881 1
0.9196346799146343 1
0.8822258694413725 1
0.5211361589405019 1
0.719181112854888 1
0.910939308557552 1
0.9245556709096776 1
0.8919485624065719 1
0.9284969834567668 1
0.9126166544239692 1
0.9055834486425881 1
0.6293480087803469 1
0.9186030984116467 1
0.7645203035336333 1
0.8856575125561291 1
0.7218350026141294 1
0.9211112887264548 1
0.6946326053746449 1
0.9092179548942428 1
0.9055514333477865 1
0.9092003377159189 1
0.906960617039165 1
0.6398809244851088 1
0.9393173518228435 1
0.9325392338049115 1
0.8983381350194365 1
0.9208456409119423 1
0.9114267611500598 1
0.9055514333477865 1
0.9200442090874351 1
0.5948690369363283 1
0.8804300991710889 1
0.922783404299054 1
0.9200442090874351 1
0.1470271352497837 1
0.9245556709096776 1
0.795771290409786 1
0.7901798710034679 1
0.751563150881385 1
0.6241705365328976 1
0.877886093649003 1
0.840559925374817 1
0.7763051758303898 1
0.7103461458372242 1
0.634026673987489 1
0.5562925580485956 1
0.634026673987489 1
0.7091169645745129 1
0.7763051758303898 1
0.795771290409786 1
0.5061496695079722 1
0.9289501464290643 1
0.928998670828021 1
0.6373163419571141 1
0.755147025285141 1
0.8856575125561291 1
0.9312421740486303 1
0.54331171376611 1
0.6855992919616313 1
0.7033550569080234 1
0.8868062198616053 1
0.8299977081127141 1
0.8263030058546726 1
0.6425632174404623 1
0.9386299881818435 1
0.6895430199822935 1
0.7166716073503957 1
0.9228873279753789 1
0.5775551787681722 1
0.9292238633710919 1
0.7653626665850809 1
0.9110908018968867 1
0.5321135907435292 1
0.5630946797171053 1
0.929968509832363 1
0.7103461458372242 1
0.9142906246854261 1
0.911269862200644 1
0.7506053508563706 1
0.8248701179240172 1
0.6839589474559712 1
0.9011281659952904 1
0.6795088174600462 1
0.7763051758303898 1
0.7506053508563706 1
0.38905812080426333 1
0.6974346504405393 1
0.7091169645745129 1
0.8997215471076822 1
0.7167855146950317 1
0.9171546598056639 1
0.9356532217444664 1
0.9114267611500598 1
0.6202074950072456 1
0.7212162956095004 1
0.5630946797171053 1
0.5573433681609744 1
0.9245556709096776 1
0.08728322038159043 1
0.5630946797171053 1
0.6855992919616313 1
0.6095724365131535 1
0.380427672981576 1
0.7166716073503957 1
0.906960617039165 1
0.29914378159851435 1
0.8196553230246881 1
0.7103461458372242 1
0.840559925374817 1
0.46897509263426923 1
0.61270594277458 1
0.6971175351281347 1
0.7584290199178093 1
0.658001747477001 1
0.7168297600219946 1
0.9136127324988098 1
0.6549341844590381 1
0.9393173518228435 1
0.6398809244851088 1
0.9205421199897049 1
0.740379969538705 1
0.9205421199897049 1
0.7166716073503957 1
0.9325392338049115 1
0.9313312886535039 1
0.18118228072688397 1
0.9290537198654666 1
0.840559925374817 1
0.6974346504405393 1
0.6625000287480375 1
0.77262883649776 1
0.7190978346203523 1
0.9325392338049115 1
0.7911056853980348 1
0.9290537198654666 1
0.7028592839837509 1
0.7911056853980348 1
0.8580800889836224 1
0.7715041642297552 1
0.8127706335824907 1
0.9328001241471452 1
0.5230715022231363 1
0.8106223462452785 1
0.6593431616872407 1
0.5874555143937902 1
0.7190266724361349 1
0.885034871004716 1
0.6398809244851088 1
0.7893938468889019 1
0.911269862200644 1
0.589746051645994 1
0.21367330870396378 1
0.6968366616869126 1
0.9055514333477865 1
0.7506053508563706 1
0.6525232642429061 1
0.7634326559580664 1
0.9245556709096776 1
0.6749255451607221 1
0.7347223021604491 1
0.5558708535172113 1
0.5485728183686287 1
0.940168750265753 1
0.9014977008021847 1
0.8020208810138901 1
0.9083313365456174 1
0.9205421199897049 1
0.9255286588312974 1
0.542439325405417 1
0.8855539297894351 1
0.7103461458372242 1
0.10445380916550155 1
0.5803292784269631 1
0.08117697034866185 1
0.9287723123328961 1
0.8895231694626955 1
0.6241705365328976 1
0.928998670828021 1
0.6895430199822935 1
0.8339874463034602 1
0.7683317628479234 1
0.9076474279239327 1
0.8827028096038112 1
0.9055514333477865 1
0.1470271352497837 1
0.8367880882847676 1
0.7451967491723249 1
0.7608652856744863 1
0.6410952125943192 1
0.07668068234152682 1
0.9092003377159189 1
0.9092003377159189 1
0.7132267463959133 1
0.9126166544239692 1
0.9208456409119423 1
0.5485728183686287 1
0.8644241738936054 1
0.6274698067808467 1
0.6895430199822935 1
0.3691623636820942 1
0.9312421740486303 1
0.7211196564168567 1
0.8076821330955465 1
0.7337108451847355 1
0.7166716073503957 1
0.8895614137091946 1
0.9325392338049115 1
0.1576612862038832 1
0.7249667841807876 1
0.9361580694950652 1
0.7299091309461131 1
0.5828679328027935 1
0.9129473988711216 1
0.5914718785168953 1
0.536341312970668 1
0.736139365997138 1
0.9228797795211716 1
0.7192243265501589 1
0.9011281659952904 1
0.7701927830827711 1
0.9312421740486303 1
0.08193917145955894 1
0.05533869195157325 1
0.8321968340241969 1
0.4950734973873203 1
0.8978590196593804 1
0.9386299881818435 1
0.9205421199897049 1
0.9205421199897049 1
0.7683317628479234 1
0.7167855146950317 1
0.9386299881818435 1
0.9125834128728525 1
0.8792594770280643 1
0.6903594487316598 1
0.7578700641697088 1
0.9361580694950652 1
0.8838528347439117 1
0.7166716073503957 1
0.795771290409786 1
0.9017506103553616 1
0.7519368382474964 1
0.8539170616776508 1
0.7901798710034679 1
0.8891037801752029 1
0.748621938177026 1
0.9214126498105917 1
0.8223069094876153 1
0.4640323257268241 1
0.9180615548358718 1
0.7732683032285709 1
0.5505703240493793 1
0.840559925374817 1
0.6814273350939087 1
0.6266817975030693 1
0.6946326053746449 1
0.7103461458372242 1
0.9214126498105917 1
0.19506182183234844 1
0.685297073186804 1
0.930024995361678 1
0.9182321183519295 1
0.9110908018968867 1
0.6584002341076277 1
0.9132859354829369 1
0.9290537198654666 1
0.6863722168081284 1
0.6398809244851088 1
0.8885834319238196 1
0.05909088354574806 1
0.840559925374817 1
0.7584290199178093 1
0.9205421199897049 1
0.7091169645745129 1
0.8120419288747527 1
0.852428548617902 1
0.9222948050312183 1
0.6974346504405393 1
0.9211971566192667 1
0.7166716073503957 1
0.6172784432304501 1
0.9276948406689923 1
0.9312421740486303 1
0.5533772514189241 1
0.6877526681584551 1
0.7337108451847355 1
0.8861940316039465 1
0.7190266724361349 1
0.658001747477001 1
0.6895430199822935 1
0.7701927830827711 1
0.9126166544239692 1
0.6895430199822935 1
0.9126166544239692 1
0.7623353774998782 1
0.5270337747929862 1
0.7347223021604491 1
0.6347582004768284 1
0.6213211038844562 1
0.8949445881230719 1
0.7587863122131757 1
0.795771290409786 1
0.9359093200030989 1
0.4145012599752289 1
0.9186030984116467 1
0.34881452352188497 1
0.7506053508563706 1
0.7250746867599303 1
0.9276948406689923 1
0.9312421740486303 1
0.6511621329217113 1
0.7327337621745177 1
0.5562925580485956 1
0.6082404298050087 1
0.9290537198654666 1
0.7500031122111377 1
0.8155763112368764 1
0.7819056020802956 1
0.6241705365328976 1
0.7506053508563706 1
0.9220097413253323 1
0.9187484326673829 1
0.7125792409141074 1
0.9133420226150366 1
0.5562925580485956 1
0.9146156259752312 1
0.6554390033293382 1
0.5914718785168953 1
0.6477120846668573 1
0.7972550078175734 1
0.6855992919616313 1
0.5865719437062467 1
0.9275220126986119 1
0.7153597980607783 1
0.9173458993136924 1
0.5775551787681722 1
0.9180615548358718 1
0.9274156723461658 1
0.7596446068414804 1
0.7445213527759528 1
0.9129473988711216 1
0.5469231335307341 1
0.08370856454490866 1
0.8442156361918055 1
0.7262314245418905 1
0.7826329357441072 1
0.7763051758303898 1
0.9325392338049115 1
0.9236777311639202 1
0.9325392338049115 1
0.6398809244851088 1
0.7701927830827711 1
0.9200442090874351 1
0.7962743260772595 1
0.7090364950700252 1
0.5438478177920193 1
0.9325392338049115 1
0.7638318044696576 1
0.7891365226535629 1
0.8966445751767249 1
0.8124954322431555 1
0.6030640791872829 1
0.9284969834567668 1
0.6653691182782902 1
0.3966744120190983 1
0.7714458770429635 1
0.7400255996399917 1
0.6242898456549004 1
0.887639625770353 1
0.9105880697736753 1
0.7494867636623826 1
0.9187484326673829 1
0.6266817975030693 1
0.840559925374817 1
0.7657488635218334 1
0.05533869195157325 1
0.7091169645745129 1
0.9337154462288128 1
0.6709069401801818 1
0.9325392338049115 1
0.9183173931887828 1
0.7901798710034679 1
0.7737708014016751 1
0.9142906246854261 1
0.8762180725189154 1
0.9200442090874351 1
0.9312421740486303 1
0.9248194549391382 1
0.9205421199897049 1
0.7669889138889197 1
0.7386753931509638 1
0.5930800909459215 1
0.8986608749964893 1
0.5020973720483973 1
0.7697000416866911 1
0.748621938177026 1
0.9275220126986119 1
0.9274156723461658 1
0.6172784432304501 1
0.2457517397125282 1
0.6839281232625289 1
0.7419928294192578 1
0.9361580694950652 1
0.8299977081127141 1
0.7103461458372242 1
0.5930800909459215 1
0.7982649518184419 1
0.9356532217444664 1
0.7550105927667061 1
0.8076821330955465 1
0.8120419288747527 1
0.906960617039165 1
0.715510404661794 1
0.9356532217444664 1
0.7749490874283227 1
0.7701927830827711 1
0.9289501464290643 1
0.465753047081577 1
0.6095724365131535 1
0.6398809244851088 1
0.6370916567572831 1
0.9060071080629399 1
0.6895430199822935 1
0.37367908144637835 1
0.6986704361063197 1
0.9236777311639202 1
0.5920556783106572 1
0.6877526681584551 1
0.9077514133886037 1
0.9361580694950652 1
0.9171546598056639 1
0.9080616642385176 1
0.9337154462288128 1
0.840559925374817 1
0.43672226146776433 1
0.62937985734601 1
0.9325392338049115 1
0.6593431616872407 1
0.9205421199897049 1
0.9393173518228435 1
0.9092003377159189 1
0.4179012018733235 1
0.7506053508563706 1
0.9205421199897049 1
0.18118228072688397 1
0.7826329357441072 1
0.7315188271743501 1
0.5596824839725537 1
0.6398809244851088 1
0.737919491917187 1
0.9195392378705797 1
0.9095740414449571 1
0.9125834128728525 1
0.3993854005745251 1
0.9361580694950652 1
0.9386299881818435 1
0.5596824839725537 1
0.5922641137198235 1
0.7901798710034679 1
0.5753418002737924 1
0.8196553230246881 1
0.7082110679611279 1
0.7292079374060756 1
0.9393173518228435 1
0.9157831003697746 1
0.9361580694950652 1
0.8192531947059202 1
0.9208456409119423 1
0.9248194549391382 1
0.6347582004768284 1
0.9196346799146343 1
0.916902795745121 1
0.8235762490653367 1
0.6732471707096119 1
0.7091169645745129 1
0.840559925374817 1
0.9076474279239327 1
0.0734083992530508 1
0.9325392338049115 1
0.5533772514189241 1
0.719181112854888 1
0.7234102655730729 1
0.795771290409786 1
0.5610868237509757 1
0.8076821330955465 1
0.6511621329217113 1
0.6252863853541922 1
0.7292079374060756 1
0.8895614137091946 1
0.9092003377159189 1
0.6895430199822935 1
0.7711066329003147 1
0.6320295966140475 1
0.6398809244851088 1
0.8649054071128099 1
0.2755300393503447 1
0.865908475378732 1
0.9146156259752312 1
0.9359093200030989 1
0.6522773428057972 1
0.07869458087480911 1
0.6895430199822935 1
0.501962989372817 1
0.6481218150787672 1
0.8423582596620799 1
0.7506053508563706 1
0.9187484326673829 1
0.9393173518228435 1
0.9245556709096776 1
0.716254301498885 1
0.8076821330955465 1
0.7501014276311831 1
0.6165666819747002 1
0.395316177786386 1
0.807205071318551 1
0.5055706693669108 1
0.491985338002425 1
0.912297844129652 1
0.9070429956744644 1
0.3603035889666444 1
0.6554390033293382 1
0.9155496589366405 1
0.6354218220415957 1
0.8197043735897425 1
0.7494867636623826 1
0.6732471707096119 1
0.2757392481389227 1
0.7773456463837796 1
0.9092003377159189 1
0.940168750265753 1
0.8307357711095771 1
0.7763051758303898 1
0.9003165581404758 1
0.6241705365328976 1
0.627955128808134 1
0.7711557331434938 1
0.4763773744444917 1
0.9110226585504514 1
0.9302260348210128 1
0.9033465924709853 1
0.9047065694467613 1
0.7506053508563706 1
0.6949139425044194 1
0.7519368382474964 1
0.7893938468889019 1
0.7122981408294445 1
0.7132267463959133 1
0.7103461458372242 1
0.6868975140925734 1
0.658001747477001 1
0.795771290409786 1
0.4434450252587837 1
0.8065878230526379 1
0.722202147355214 1
0.7372550235462425 1
0.6560982928771951 1
0.6673352409855002 1
0.9188842640267755 1
0.9126166544239692 1
0.9325392338049115 1
0.7091169645745129 1
0.8642958921967518 1
0.30252938803205875 1
0.9325392338049115 1
0.4353046063897773 1
0.7086192646949028 1
0.9312813134713467 1
0.7826329357441072 1
0.9302260348210128 1
0.9139571146056267 1
0.9155496589366405 1
0.9284969834567668 1
0.9245556709096776 1
0.9254131090680217 1
0.795771290409786 1
0.8076821330955465 1
0.1470271352497837 1
0.7999893602606662 1
0.6855992919616313 1
0.6814273350939087 1
0.900197285518963 1
0.9147192349536653 1
0.7506053508563706 1
0.8642958921967518 1
0.8779233048495646 1
0.899384890119482 1
0.9300314132268461 1
0.9171546598056639 1
0.5773751273430623 1
0.6605654573923405 1
0.6832235320401919 1
0.5616823761563244 1
0.7091169645745129 1
0.8155561359153282 1
0.7451967491723249 1
0.9312421740486303 1
0.8185272968413194 1
0.591265181581015 1
0.9079890217726434 1
0.8838183068316675 1
0.0848142719604158 1
0.8963682754497064 1
0.550552547771869 1
0.9302260348210128 1
0.7223351518336546 1
0.9300314132268461 1
0.9294199045800264 1
0.795771290409786 1
0.9328001241471452 1
0.7711066329003147 1
0.7737708014016751 1
0.4301956105295209 1
0.7701927830827711 1
0.6895430199822935 1
0.9346725172829317 1
0.8707137049144071 1
0.7763051758303898 1
0.8861940316039465 1
0.7103461458372242 1
0.7343783485657057 1
0.8423582596620799 1
0.7901798710034679 1
0.7608652856744863 1
0.7763051758303898 1
0.8460736435767886 1
0.9248194549391382 1
0.7999893602606662 1
0.9245556709096776 1
0.6961741128403982 1
0.715438174464711 1
0.8838183068316675 1
0.6805217295344991 1
0.6253860076749347 1
0.9325392338049115 1
0.7608652856744863 1
0.634026673987489 1
0.9093716923342902 1
0.7208968382907404 1
0.9294199045800264 1
0.7292079374060756 1
0.7808751714937273 1
0.795771290409786 1
0.7550105927667061 1
0.9095846949785172 1
0.7506053508563706 1
0.7516278741874611 1
0.651013491390701 1
0.7125896108634797 1
0.9133420226150366 1
0.7838703616261097 1
0.8528206556027718 1
0.6163268398234569 1
0.9014977008021847 1
0.8196553230246881 1
0.9328001241471452 1
0.6320295966140475 1
0.8982975363014567 1
0.6398809244851088 1
0.6241705365328976 1
0.6509400230167687 1
0.9186030984116467 1
0.7309032990570793 1
0.9245556709096776 1
0.7202260145199292 1
0.4957848854630078 1
0.2727402378714232 1
0.8963682754497064 1
0.8212907002893124 1
0.7500031122111377 1
0.5492906301097711 1
0.04502253300691284 1
0.6924350329037874 1
0.6961741128403982 1
0.9126166544239692 1
0.9162205805263327 1
0.9055514333477865 1
0.4301956105295209 1
0.7103461458372242 1
0.802815620268568 1
0.6895430199822935 1
0.8078664769832109 1
0.4351549428847589 1
0.7327337621745177 1
0.9122772821286449 1
0.1981433179696529 1
0.5462564323819786 1
0.9129473988711216 1
0.9076474279239327 1
0.4861121865992166 1
0.9386299881818435 1
0.5775551787681722 1
0.8460736435767886 1
0.840559925374817 1
0.7701927830827711 1
0.9284969834567668 1
0.6398809244851088 1
0.9133420226150366 1
0.8966364230291737 1
0.7299091309461131 1
0.9076474279239327 1
0.9312421740486303 1
0.9180293565516146 1
0.7103461458372242 1
0.7086192646949028 1
0.6571086304623465 1
0.08191047152114067 1
0.9082031213414564 1
0.6570570381366996 1
0.9290537198654666 1
0.7645203035336333 1
0.4301956105295209 1
0.6974346504405393 1
0.6241705365328976 1
0.9029118184381314 1
0.5948690369363283 1
0.6511621329217113 1
0.615076897078087 1
0.9312421740486303 1
0.9302872066606487 1
0.9166845539206077 1
0.6253860076749347 1
0.9157831003697746 1
0.795771290409786 1
0.853799048835469 1
0.9157831003697746 1
0.7248398032024771 1
0.8911926899799826 1
0.9054683250171103 1
0.6895430199822935 1
0.7494867636623826 1
0.9171546598056639 1
0.22392997923158164 1
0.9126166544239692 1
0.5630946797171053 1
0.6266817975030693 1
0.9186030984116467 1
0.8648428809996317 1
0.911269862200644 1
0.8214295927748742 1
0.591265181581015 1
0.6814273350939087 1
0.9312421740486303 1
0.9180293565516146 1
0.9220097413253323 1
0.9274156723461658 1
0.940168750265753 1
0.6370916567572831 1
0.9109333659844403 1
0.9166845539206077 1
0.9110226585504514 1
0.9325392338049115 1
0.9325392338049115 1
0.7103461458372242 1
0.6293480087803469 1
0.9328001241471452 1
0.795771290409786 1
0.9134565780017541 1
0.7737708014016751 1
0.7763051758303898 1
0.790682541278488 1
0.7506053508563706 1
0.7960179423316674 1
0.9092003377159189 1
0.6832235320401919 1
0.6398809244851088 1
0.9200442090874351 1
0.7103461458372242 1
0.8196553230246881 1
0.7506053508563706 1
0.8460736435767886 1
0.9361580694950652 1
0.4353046063897773 1
0.748621938177026 1
0.7290581237030413 1
0.9065580448823369 1
0.7386753931509638 1
0.7482805996652128 1
0.6109915043322606 1
0.615076897078087 1
0.795771290409786 1
0.6127394813518262 1
0.7506053508563706 1
0.6293480087803469 1
0.9381419694600479 1
0.7763051758303898 1
0.8076821330955465 1
0.7645203035336333 1
0.5948690369363283 1
0.7376756770536287 1
0.8911725587781917 1
0.3691623636820942 1
0.5914718785168953 1
0.6398809244851088 1
0.8318846332399366 1
0.7091169645745129 1
0.4638514705500392 1
0.9125834128728525 1
0.8158798642023154 1
0.8762180725189154 1
0.8703554251504176 1
0.9211870333414159 1
0.7249100384910427 1
0.9222948050312183 1
0.736139365997138 1
0.8532023236148174 1
0.9005036377325785 1
0.9359093200030989 1
0.7132267463959133 1
0.5486454988957538 1
0.4735788313969277 1
0.7314345415006411 1
0.5492906301097711 1
0.690906639604871 1
0.795771290409786 1
0.6554390033293382 1
0.7426423318173055 1
0.6398809244851088 1
0.9276948406689923 1
0.7809606674260857 1
0.7506053508563706 1
0.749144995275704 1
0.9126166544239692 1
0.7826329357441072 1
0.9150585454262417 1
0.940168750265753 1
0.9284969834567668 1
0.634026673987489 1
0.06165373861692444 1
0.9320542920572591 1
0.8978590196593804 1
0.7891365226535629 1
0.795771290409786 1
0.7406956827552431 1
0.44005381867267496 1
0.7103461458372242 1
0.47266526446320417 1
0.716254301498885 1
0.9044635421354381 1
0.795771290409786 1
0.9245556709096776 1
0.7376756770536287 1
0.8895231694626955 1
0.8238169573510812 1
0.7824114687874923 1
0.9356532217444664 1
0.6344083158955597 1
0.840559925374817 1
0.8911583807159206 1
0.7701927830827711 1
0.6442687763824719 1
0.6241705365328976 1
0.9161496566538153 1
0.9290537198654666 1
0.840559925374817 1
0.9214126498105917 1
0.9126166544239692 1
0.840559925374817 1
0.7608652856744863 1
0.8196553230246881 1
0.9303587439121032 1
0.795771290409786 1
0.6606952116563207 1
0.4353046063897773 1
0.9325392338049115 1
0.885034871004716 1
0.9312421740486303 1
0.6241705365328976 1
0.7339907741116147 1
0.7451357302518018 1
0.620215451737653 1
0.795771290409786 1
0.38865631590649846 1
0.7763051758303898 1
0.7163190096423201 1
0.9126296797443577 1
0.6560982928771951 1
0.9393173518228435 1
0.30252938803205875 1
0.380917606367642 1
0.6593431616872407 1
0.6668834022304232 1
0.6299309570087882 1
0.7091169645745129 1
0.7126520195196054 1
0.9393173518228435 1
0.8460736435767886 1
0.7900343520745507 1
0.7826329357441072 1
0.906960617039165 1
0.08934432880508564 1
0.6479726143408606 1
0.8987823741394642 1
0.8212907002893124 1
0.7376756770536287 1
0.749144995275704 1
0.90599568063223 1
0.6370916567572831 1
0.6082404298050087 1
0.8196553230246881 1
0.901252171644456 1
0.9200442090874351 1
0.8317900790746446 1
0.7506053508563706 1
0.6769391381605058 1
0.8919636469314501 1
0.9047065694467613 1
0.18727891705403518 1
0.6836932475263003 1
0.9245556709096776 1
0.6880292953863885 1
0.7386753931509638 1
0.9381419694600479 1
0.5596824839725537 1
0.658001747477001 1
0.9078561709487093 1
0.7763051758303898 1
0.7701927830827711 1
0.627955128808134 1
0.9205421199897049 1
0.9011281659952904 1
0.6877526681584551 1
0.7506053508563706 1
0.7513612556266995 1
0.885392540871168 1
0.7500031122111377 1
0.5283833605359954 1
0.9312421740486303 1
0.21367330870396378 1
0.25831418050844296 1
0.9325392338049115 1
0.0907583226021897 1
0.8196553230246881 1
0.1470271352497837 1
0.6780322262287733 1
0.7763051758303898 1
0.8196553230246881 1
0.7091169645745129 1
0.6971175351281347 1
0.6549341844590381 1
0.9187484326673829 1
0.9224145909235186 1
0.9055514333477865 1
0.6814273350939087 1
0.894591279006618 1
0.9302260348210128 1
0.380917606367642 1
0.7451967491723249 1
0.8056941848042939 1
0.9284969834567668 1
0.7645203035336333 1
0.9066862802082878 1
0.896755965980241 1
0.9161408780458505 1
0.8753795939962737 1
0.6593431616872407 1
0.7289785424457303 1
0.795771290409786 1
0.4353046063897773 1
0.9292238633710919 1
0.4640323257268241 1
0.719181112854888 1
0.7292079374060756 1
0.9092003377159189 1
0.5630946797171053 1
0.7299091309461131 1
0.742516236252574 1
0.9096348835459314 1
0.6049065475203367 1
0.795771290409786 1
0.48197991710217175 1
0.6398809244851088 1
0.9325392338049115 1
0.5287290018975692 1
0.7550105927667061 1
0.9171546598056639 1
0.0766620807319015 1
0.6286187483365717 1
0.9128099228282117 1
0.45018056036123655 1
0.8891037801752029 1
0.6347582004768284 1
0.7513612556266995 1
0.9161496566538153 1
0.9126166544239692 1
0.7506053508563706 1
0.9078561709487093 1
0.6895430199822935 1
0.6172515279779186 1
0.9142906246854261 1
0.9055514333477865 1
0.7343783485657057 1
0.8911583807159206 1
0.7901798710034679 1
0.7343783485657057 1
0.9142906246854261 1
0.9284969834567668 1
0.834564210472918 1
0.7506053508563706 1
0.7167855146950317 1
0.807205071318551 1
0.9276948406689923 1
0.9200442090874351 1
0.8159273655210031 1
0.7763051758303898 1
0.6165666819747002 1
0.5886113486951695 1
0.9173458993136924 1
0.6895430199822935 1
0.7901798710034679 1
0.395316177786386 1
0.7376756770536287 1
0.6241705365328976 1
0.8762180725189154 1
0.9082031213414564 1
0.7645203035336333 1
0.9211971566192667 1
0.8307357711095771 1
0.5865719437062467 1
0.9220097413253323 1
0.8076821330955465 1
0.6606952116563207 1
0.6398809244851088 1
0.9312421740486303 1
0.08728322038159043 1
0.715510404661794 1
0.6398809244851088 1
0.7166716073503957 1
0.8097568856996723 1
0.7091169645745129 1
0.6511621329217113 1
0.5141211474660974 1
0.5773751273430623 1
0.8899689007554069 1
0.9142906246854261 1
0.9161496566538153 1
0.8986608749964893 1
0.7517305822715507 1
0.9171546598056639 1
0.719181112854888 1
0.6974346504405393 1
0.7348432993158515 1
0.9114558572663648 1
0.46354816693249634 1
0.9114558572663648 1
0.9195392378705797 1
0.7892600356432923 1
0.6372305262448719 1
0.5562925580485956 1
0.9205421199897049 1
0.748621938177026 1
0.9179972349866817 1
0.39987813752560275 1
0.6267243063903368 1
0.8076821330955465 1
0.6036275124006163 1
0.9126166544239692 1
0.8212907002893124 1
0.8381068549611108 1
0.7630975982357197 1
0.7351541032182705 1
0.8196553230246881 1
0.9142906246854261 1
0.7091169645745129 1
0.7103461458372242 1
0.7672734552526882 1
0.9161029616522448 1
0.8381068549611108 1
0.8959695524800131 1
0.9346725172829317 1
0.9325392338049115 1
0.1911906355611168 1
0.9320542920572591 1
0.6347582004768284 1
0.6605654573923405 1
0.8196553230246881 1
0.1470271352497837 1
0.9325392338049115 1
0.5596824839725537 1
0.7763051758303898 1
0.9155885776867103 1
0.05553419438666733 1
0.6398809244851088 1
0.7103461458372242 1
0.6163268398234569 1
0.930024995361678 1
0.7645203035336333 1
0.864500309761069 1
0.4286557633964698 1
0.8978590196593804 1
0.896884827781721 1
0.928998670828021 1
0.9114267611500598 1
0.7378276964204771 1
0.7190266724361349 1
0.940168750265753 1
0.6949139425044194 1
0.6855992919616313 1
0.7434873873406773 1
0.905641253936507 1
0.6521523327797664 1
0.7826329357441072 1
0.5492906301097711 1
0.7763051758303898 1
0.795771290409786 1
0.5599959190059204 1
0.7445027410255484 1
0.9126166544239692 1
0.9200442090874351 1
0.9325392338049115 1
0.6511621329217113 1
0.5438478177920193 1
0.4756079876419822 1
0.39639577489806405 1
0.6165666819747002 1
0.7103461458372242 1
0.7826329357441072 1
0.5775551787681722 1
0.7826329357441072 1
0.6241705365328976 1
0.7596446068414804 1
0.9187484326673829 1
0.634026673987489 1
0.4314936969039393 1
0.7623353774998782 1
0.9312421740486303 1
0.7103461458372242 1
0.9161029616522448 1
0.8235762490653367 1
0.6653691182782902 1
0.6488870451443487 1
0.7091169645745129 1
0.719181112854888 1
0.9303587439121032 1
0.7879666866047924 1
0.7091169645745129 1
0.9041648607110505 1
0.5211361589405019 1
0.7645203035336333 1
0.7763051758303898 1
0.5492906301097711 1
0.931507712078635 1
0.9011281659952904 1
0.7451967491723249 1
0.7763051758303898 1
0.9312421740486303 1
0.7489743768589131 1
0.19186707453403992 1
0.9078561709487093 1
0.7033550569080234 1
0.8895614137091946 1
0.9186284843233379 1
0.9125834128728525 1
0.7170740735428437 1
0.7701927830827711 1
0.840559925374817 1
0.7596446068414804 1
0.8847812013107083 1
0.6509400230167687 1
0.9003165581404758 1
0.7343783485657057 1
0.8439706486429903 1
0.909352815241992 1
0.367994656044988 1
0.9325392338049115 1
0.6165666819747002 1
0.8592055976375369 1
0.5679744331192462 1
0.7274669764169405 1
0.9082031213414564 1
0.9227197764843317 1
0.7325434829680356 1
0.9356532217444664 1
0.4626688181069537 1
0.08410641490771541 1
0.795771290409786 1
0.9205421199897049 1
0.9325392338049115 1
0.6880292953863885 1
0.331650384908125 1
0.7103461458372242 1
0.6606952116563207 1
0.9030500728466425 1
0.795771290409786 1
0.6293480087803469 1
0.7517305822715507 1
0.9302260348210128 1
0.7826329357441072 1
0.7568306265827304 1
0.7826329357441072 1
0.9312421740486303 1
0.802815620268568 1
0.8911725587781917 1
0.7192243265501589 1
0.9082031213414564 1
0.9152539689431766 1
0.22939827044213074 1
0.9105880697736753 1
0.6683997568347043 1
0.5865719437062467 1
0.6976064297094382 1
0.795771290409786 1
0.8987823741394642 1
0.7339907741116147 1
0.940168750265753 1
0.8979075405094885 1
0.9115629932007905 1
0.9147192349536653 1
0.7733053092311614 1
0.7122981408294445 1
0.595849748875922 1
0.9325392338049115 1
0.919223372490086 1
0.6260131465789422 1
0.8196553230246881 1
0.9030500728466425 1
0.8865567496965922 1
0.7386753931509638 1
0.834564210472918 1
0.9126166544239692 1
0.9346725172829317 1
0.9290537198654666 1
0.058083977666823855 1
0.7091169645745129 1
0.6525232642429061 1
0.6974346504405393 1
0.6048197036659129 1
0.9325392338049115 1
0.9161029616522448 1
0.9328001241471452 1
0.1470271352497837 1
0.394903922795203 1
0.807205071318551 1
0.7530849047988126 1
0.7033550569080234 1
0.930024995361678 1
0.7112022439052001 1
0.9312421740486303 1
0.9126166544239692 1
0.8120419288747527 1
0.9142906246854261 1
0.9125834128728525 1
0.6855992919616313 1
0.9245000645646109 1
0.7999893602606662 1
0.6727534878660169 1
0.6581808274514097 1
0.6593431616872407 1
0.7901798710034679 1
0.5424700433109695 1
0.9070429956744644 1
0.916891833926487 1
0.7763051758303898 1
0.6855992919616313 1
0.6974346504405393 1
0.9274156723461658 1
0.9325392338049115 1
0.9003165581404758 1
0.8196553230246881 1
0.9265367534084376 1
0.6230604786685146 1
0.6046157967256814 1
0.9187484326673829 1
0.6895430199822935 1
0.7763051758303898 1
0.7406956827552431 1
0.9126166544239692 1
0.6593431616872407 1
0.9312421740486303 1
0.9325392338049115 1
0.6895430199822935 1
0.7917595529988768 1
0.9356532217444664 1
0.9115629932007905 1
0.6230604786685146 1
0.9254131090680217 1
0.4756079876419822 1
0.8817139926572571 1
0.9361580694950652 1
0.6895430199822935 1
0.906960617039165 1
0.7511738070703305 1
0.795771290409786 1
0.5055706693669108 1
0.5492906301097711 1
0.8982975363014567 1
0.911269862200644 1
0.9037087218678556 1
0.9092003377159189 1
0.9303587439121032 1
0.9011281659952904 1
0.8299977081127141 1
0.9228797795211716 1
0.9337154462288128 1
0.9195392378705797 1
0.737919491917187 1
0.6593431616872407 1
0.7501014276311831 1
0.7587863122131757 1
0.9200442090874351 1
0.844129287237207 1
0.8680121170428128 1
0.9237468288847163 1
0.8065878230526379 1
0.7982649518184419 1
0.7091169645745129 1
0.6895430199822935 1
0.5558708535172113 1
0.7999893602606662 1
0.7506053508563706 1
0.9066862802082878 1
0.795771290409786 1
0.8963682754497064 1
0.32184292080816795 1
0.6974346504405393 1
0.9245556709096776 1
0.7337108451847355 1
0.7146282705010086 1
0.731022816725051 1
0.9122772821286449 1
0.9205421199897049 1
0.5596824839725537 1
0.9114267611500598 1
0.6398809244851088 1
0.7166716073503957 1
0.9109333659844403 1
0.8158798642023154 1
0.9222948050312183 1
0.7190978346203523 1
0.9328001241471452 1
0.35603261144351717 1
0.719181112854888 1
0.8792594770280643 1
0.37367908144637835 1
0.465753047081577 1
0.5630946797171053 1
0.738921746406487 1
0.7249667841807876 1
0.8539170616776508 1
0.7911056853980348 1
0.8916892264347623 1
0.4286557633964698 1
0.7103461458372242 1
0.9356532217444664 1
0.6881691611051715 1
0.9328001241471452 1
0.8977860530428361 1
0.7122981408294445 1
0.6272695374721006 1
0.929968509832363 1
0.6895430199822935 1
0.6036275124006163 1
0.9214126498105917 1
0.7506053508563706 1
0.9302260348210128 1
0.7314345415006411 1
0.7901798710034679 1
0.9162205805263327 1
0.8982975363014567 1
0.9096348835459314 1
0.48250778308440423 1
0.9171546598056639 1
0.5573433681609744 1
0.9030500728466425 1
0.9325392338049115 1
0.7513612556266995 1
0.9313312886535039 1
0.8049819603907332 1
0.6398809244851088 1
0.7763051758303898 1
0.9325392338049115 1
0.6398809244851088 1
0.9290537198654666 1
0.9205421199897049 1
0.6994397571441904 1
0.722202147355214 1
0.9171546598056639 1
0.9214126498105917 1
0.6786842072942947 1
0.5679744331192462 1
0.919223372490086 1
0.9162205805263327 1
0.7190266724361349 1
0.7091169645745129 1
0.9152972959880633 1
0.6861685100881894 1
0.9393173518228435 1
0.9328001241471452 1
0.8196956503363937 1
0.8196553230246881 1
0.9186030984116467 1
0.6089420291330986 1
0.7091169645745129 1
0.07845077667139451 1
0.491985338002425 1
0.9171546598056639 1
0.8798149280951987 1
0.591265181581015 1
0.9078380334977763 1
0.6398809244851088 1
0.787471739021737 1
0.8895958480863306 1
0.906960617039165 1
0.8196553230246881 1
0.42724594217647105 1
0.6167474221890171 1
0.9133420226150366 1
0.6522944989135943 1
0.9152539689431766 1
0.8080346793783899 1
0.6895430199822935 1
0.7506053508563706 1
0.5933688493523614 1
0.9284969834567668 1
0.5984455195461298 1
0.840559925374817 1
0.8196553230246881 1
0.715510404661794 1
0.7082110679611279 1
0.3155891464901374 1
0.9187484326673829 1
0.6855992919616313 1
0.6895430199822935 1
0.6727534878660169 1
0.840559925374817 1
0.5011848859816428 1
0.9248365875513327 1
0.7296298278401737 1
0.2601298392357995 1
0.7901798710034679 1
0.8263030058546726 1
0.9245556709096776 1
0.8390510947899309 1
0.6036275124006163 1
0.899384890119482 1
0.4286557633964698 1
0.8532023236148174 1
0.719181112854888 1
0.8791243972511721 1
0.927386706711621 1
0.7132267463959133 1
0.795771290409786 1
0.9019217142028975 1
0.8079947750136086 1
0.7166716073503957 1
0.9188842640267755 1
0.38636672191761023 1
0.9205421199897049 1
0.9393173518228435 1
0.9161029616522448 1
0.9274156723461658 1
0.9325392338049115 1
0.5596824839725537 1
0.9312421740486303 1
0.9180615548358718 1
0.765648893266857 1
0.7173945492070721 1
0.7517305822715507 1
0.9386299881818435 1
0.7386753931509638 1
0.7645203035336333 1
0.742516236252574 1
0.7763051758303898 1
0.9328001241471452 1
0.8911725587781917 1
0.7361705534659557 1
0.9126166544239692 1
0.9200442090874351 1
0.6855992919616313 1
0.08934432880508564 1
0.7343783485657057 1
0.6855992919616313 1
0.9110226585504514 1
0.8891037801752029 1
0.9095427311899499 1
0.7386753931509638 1
0.7451967491723249 1
0.6202074950072456 1
0.21367330870396378 1
0.7609714124227334 1
0.7763051758303898 1
0.5948076635354032 1
0.6511621329217113 1
0.9126166544239692 1
0.7506053508563706 1
0.9284969834567668 1
0.8158798642023154 1
0.9312421740486303 1
0.5340439374462282 1
0.4229862647792251 1
0.06768393363148367 1
0.9097023815513752 1
0.8863160254839599 1
0.9118920343387386 1
0.9133420226150366 1
0.45684345150978967 1
0.9005036377325785 1
0.9302385981881653 1
0.9188842640267755 1
0.7830079694652734 1
0.888602008625048 1
0.6167474221890171 1
0.6398809244851088 1
0.8911583807159206 1
0.8196553230246881 1
0.9188842640267755 1
0.6241705365328976 1
0.9126166544239692 1
0.9180615548358718 1
0.6832235320401919 1
0.5301731671832881 1
0.9302260348210128 1
0.7494867636623826 1
0.8817139926572571 1
0.6326233471128163 1
0.7103461458372242 1
0.8983381350194365 1
0.6864006766306653 1
0.840559925374817 1
0.9312421740486303 1
0.8838183068316675 1
0.7386753931509638 1
0.7103461458372242 1
0.8196553230246881 1
0.9082031213414564 1
0.8744962110231927 1
0.3691623636820942 1
0.8919485624065719 1
0.6347582004768284 1
0.9014977008021847 1
0.909352815241992 1
0.9312421740486303 1
0.6880292953863885 1
0.9274156723461658 1
0.7763051758303898 1
0.6288634298511878 1
0.7506053508563706 1
0.6863533619244465 1
0.6253860076749347 1
0.35310322260969645 1
0.9114267611500598 1
0.7190978346203523 1
0.722202147355214 1
0.7168297600219946 1
0.6398809244851088 1
0.7701927830827711 1
0.715438174464711 1
0.7737708014016751 1
0.9312421740486303 1
0.7561268491390414 1
0.660586061027644 1
0.896755965980241 1
0.8374734927949381 1
0.7645203035336333 1
0.7248398032024771 1
0.7506053508563706 1
0.9161029616522448 1
0.7166716073503957 1
0.7478282287051965 1
0.9004092091026811 1
0.9126166544239692 1
0.9361580694950652 1
0.9155496589366405 1
0.840559925374817 1
0.5948690369363283 1
0.9055514333477865 1
0.9312421740486303 1
0.9320542920572591 1
0.7912456463646698 1
0.5596824839725537 1
0.9290537198654666 1
0.6167474221890171 1
0.7467470411524433 1
0.3650271531561649 1
0.9276948406689923 1
0.8899689007554069 1
0.9090787983054189 1
0.9312421740486303 1
0.5533772514189241 1
0.9222948050312183 1
0.9361580694950652 1
0.9393173518228435 1
0.563534244192495 1
0.8367880882847676 1
0.7069806172157663 1
0.7711066329003147 1
0.9187484326673829 1
0.9214126498105917 1
0.7451967491723249 1
0.6596650048264903 1
0.6083187319753252 1
0.9161029616522448 1
0.5832040748994122 1
0.6509884382270867 1
0.7653626665850809 1
0.5975849434321527 1
0.8447084026551795 1
0.9325392338049115 1
0.7519368382474964 1
0.7826329357441072 1
0.863342801001131 1
0.9155496589366405 1
0.6373163419571141 1
0.7550105927667061 1
0.9276948406689923 1
0.9078983214897156 1
0.8642958921967518 1
0.9017506103553616 1
0.9190580268684891 1
0.6425632174404623 1
0.795771290409786 1
0.6895430199822935 1
0.6593431616872407 1
0.840559925374817 1
0.9126166544239692 1
0.6895430199822935 1
0.8899689007554069 1
0.7103461458372242 1
0.8919636469314501 1
0.9349257333010873 1
0.9287723123328961 1
0.9349257333010873 1
0.8802604532145482 1
0.5562925580485956 1
0.928998670828021 1
0.9284969834567668 1
0.912297844129652 1
0.7763051758303898 1
0.9092003377159189 1
0.7901798710034679 1
0.905641253936507 1
0.9142906246854261 1
0.7166716073503957 1
0.9055851283634189 1
0.24957821942710887 1
0.9128099228282117 1
0.21367330870396378 1
0.660586061027644 1
0.7506053508563706 1
0.7090364950700252 1
0.7638318044696576 1
0.615076897078087 1
0.6882643001042454 1
0.9312421740486303 1
0.7231316558623553 1
0.7763051758303898 1
0.795771290409786 1
0.7519368382474964 1
0.7501014276311831 1
0.9185661306677285 1
0.6974346504405393 1
0.6703451471634341 1
0.807205071318551 1
0.4286557633964698 1
0.8649054071128099 1
0.1470271352497837 1
0.8893810656698553 1
0.9312421740486303 1
0.8907088435993858 1
0.8423582596620799 1
0.5865935682415162 1
0.9127238485307242 1
0.6544931222155084 1
0.9039914087276518 1
0.8894345675056404 1
0.9082031213414564 1
0.9275220126986119 1
0.9312421740486303 1
0.6511621329217113 1
0.8963682754497064 1
0.9289006769200933 1
0.899384890119482 1
0.6604815913248412 1
0.34881452352188497 1
0.8078664769832109 1
0.7501014276311831 1
0.9126166544239692 1
0.08481593531993264 1
0.7091169645745129 1
0.8076821330955465 1
0.9325392338049115 1
0.5340439374462282 1
0.5634471061073891 1
0.8390510947899309 1
0.9003165581404758 1
0.7982649518184419 1
0.6066718146166449 1
0.6373163419571141 1
0.3048806213481786 1
0.6895430199822935 1
0.7711066329003147 1
0.7122981408294445 1
0.7506053508563706 1
0.795771290409786 1
0.9180615548358718 1
0.7055139631288598 1
0.6605654573923405 1
0.9312421740486303 1
0.7197288768941554 1
0.8891037801752029 1
0.9361580694950652 1
0.5775551787681722 1
0.9289501464290643 1
0.795771290409786 1
0.9083313365456174 1
0.9092003377159189 1
0.514035965436363 1
0.9171546598056639 1
0.835971577156933 1
0.9055514333477865 1
0.7091169645745129 1
0.7962743260772595 1
0.9095427311899499 1
0.582846751658085 1
0.7729436929274518 1
0.795771290409786 1
0.7962743260772595 1
0.9393173518228435 1
0.719181112854888 1
0.5948076635354032 1
0.7506053508563706 1
0.542439325405417 1
0.7379824347319177 1
0.7194330961327903 1
0.9242804459265193 1
0.7827921707503553 1
0.08300749100654546 1
0.749144995275704 1
0.9205421199897049 1
0.8735151871178429 1
0.6479726143408606 1
0.5010600831428013 1
0.7103461458372242 1
0.9182321183519295 1
0.514035965436363 1
0.6429117989241191 1
0.8381068549611108 1
0.722202147355214 1
0.48199899352061726 1
0.7506053508563706 1
0.9356532217444664 1
0.39738867078707224 1
0.5948690369363283 1
0.4640323257268241 1
0.6882643001042454 1
0.9125834128728525 1
0.41435341625170835 1
0.807205071318551 1
0.5736664016105961 1
0.8367880882847676 1
0.7086192646949028 1
0.7893938468889019 1
0.6049065475203367 1
0.922783404299054 1
0.5562925580485956 1
0.25279655966053505 1
0.6895430199822935 1
0.8895614137091946 1
0.0848142719604158 1
0.514035965436363 1
0.7103461458372242 1
0.6720939003456988 1
0.7630975982357197 1
0.802815620268568 1
0.9361580694950652 1
0.8124954322431555 1
0.9245556709096776 1
0.8468948921451839 1
0.7506053508563706 1
0.7166716073503957 1
0.6988553941246471 1
0.7506053508563706 1
0.7732683032285709 1
0.058083977666823855 1
0.9039914087276518 1
0.620215451737653 1
0.6066718146166449 1
0.8447084026551795 1
0.9393173518228435 1
0.8978590196593804 1
0.7561268491390414 1
0.9055514333477865 1
0.9092003377159189 1
0.9157831003697746 1
0.9247969842769423 1
0.7320752018216368 1
0.7246021346672727 1
0.5930800909459215 1
0.906960617039165 1
0.795771290409786 1
0.5948690369363283 1
0.5610868237509757 1
0.8827028096038112 1
0.7146282705010086 1
0.719181112854888 1
0.7506053508563706 1
0.5492906301097711 1
0.07988588380051793 1
0.840559925374817 1
0.7506053508563706 1
0.9337154462288128 1
0.6511621329217113 1
0.9205421199897049 1
0.9162205805263327 1
0.6293480087803469 1
0.8792594770280643 1
0.6066718146166449 1
0.7314345415006411 1
0.7763051758303898 1
0.931507712078635 1
0.5492906301097711 1
0.6895430199822935 1
0.7701927830827711 1
0.7763051758303898 1
0.9393173518228435 1
0.7168297600219946 1
0.7004754265118291 1
0.9205421199897049 1
0.9312421740486303 1
0.7091169645745129 1
0.8140798704742032 1
0.7763051758303898 1
0.5573433681609744 1
0.8196553230246881 1
0.7800674645528953 1
0.909352815241992 1
0.7314345415006411 1
0.5562925580485956 1
0.9187484326673829 1
0.6106250976696064 1
0.8899689007554069 1
0.7451967491723249 1
0.7550105927667061 1
0.5924319364940318 1
0.18011702972514557 1
0.8120419288747527 1
0.9211112887264548 1
0.8823641550368014 1
0.795771290409786 1
0.6821981805232684 1
0.514035965436363 1
0.670501234488417 1
0.928998670828021 1
0.9290537198654666 1
0.8894345675056404 1
0.514035965436363 1
0.9312421740486303 1
0.6653691182782902 1
0.542215328635895 1
0.8979075405094885 1
0.9302385981881653 1
0.5630946797171053 1
0.7494867636623826 1
0.7091169645745129 1
0.7103461458372242 1
0.6509400230167687 1
0.5270337747929862 1
0.9126166544239692 1
0.8076821330955465 1
0.9325392338049115 1
0.9222948050312183 1
0.7446998878482654 1
0.6606952116563207 1
0.6274698067808467 1
0.787471739021737 1
0.9171546598056639 1
0.7481544825802058 1
0.6383843724952749 1
0.9205421199897049 1
0.8861940316039465 1
0.7972550078175734 1
0.6241705365328976 1
0.6167474221890171 1
0.922783404299054 1
0.9312421740486303 1
0.9325392338049115 1
0.77262883649776 1
0.9126166544239692 1
0.8986608749964893 1
0.08815119221010904 1
0.9245556709096776 1
0.4976783804192133 1
0.7350223850684255 1
0.6241705365328976 1
0.9076474279239327 1
0.6974346504405393 1
0.795771290409786 1
0.7343783485657057 1
0.7506053508563706 1
0.7217798862829662 1
0.7506053508563706 1
0.6388361298722087 1
0.748621938177026 1
0.9337154462288128 1
0.6271840967783832 1
0.931507712078635 1
0.8899689007554069 1
0.5424700433109695 1
0.4434450252587837 1
0.9126166544239692 1
0.6720939003456988 1
0.7901798710034679 1
0.7494867636623826 1
0.6895430199822935 1
0.6754932346152343 1
0.9205421199897049 1
0.9325392338049115 1
0.6683997568347043 1
0.9328001241471452 1
0.3048806213481786 1
0.795771290409786 1
0.8196553230246881 1
0.9359093200030989 1
0.719181112854888 1
0.719181112854888 1
0.9092003377159189 1
0.918559248174595 1
0.9284969834567668 1
0.7820688141549414 1
0.9245556709096776 1
0.6297820207348848 1
0.9276948406689923 1
0.9386299881818435 1
0.906960617039165 1
0.7103461458372242 1
0.6786842072942947 1
0.7163190096423201 1
0.7369831030893013 1
0.6293480087803469 1
0.8651442787779308 1
0.38865631590649846 1
0.8919485624065719 1
0.5034545792334594 1
0.7701927830827711 1
0.6425632174404623 1
0.8150011144909436 1
0.21367330870396378 1
0.722202147355214 1
0.6877526681584551 1
0.9325392338049115 1
0.6488870451443487 1
0.9126166544239692 1
0.6271965465330389 1
0.9126166544239692 1
0.615076897078087 1
0.6241705365328976 1
0.5610868237509757 1
0.7202260145199292 1
0.7511738070703305 1
0.9284969834567668 1
0.715438174464711 1
0.940168750265753 1
0.9222948050312183 1
0.7163190096423201 1
0.7982649518184419 1
0.9393173518228435 1
0.5375541377032864 1
0.6522773428057972 1
0.8192531947059202 1
0.7445213527759528 1
0.7103461458372242 1
0.7561980188191698 1
0.9211971566192667 1
0.9172187887674672 1
0.8998994084808598 1
0.6172784432304501 1
0.7386753931509638 1
0.9312421740486303 1
0.6644374715059636 1
0.9290537198654666 1
0.795771290409786 1
0.9325392338049115 1
0.8185272968413194 1
0.9328001241471452 1
0.7685584786090337 1
0.9312421740486303 1
0.6106250976696064 1
0.840559925374817 1
0.9325392338049115 1
0.1139163859716806 1
0.6422556463779799 1
0.8080346793783899 1
0.840559925374817 1
0.9205421199897049 1
0.6427437454717665 1
0.8963561501277248 1
0.8127706335824907 1
0.7645203035336333 1
0.7513612556266995 1
0.722202147355214 1
0.9126166544239692 1
0.7506053508563706 1
0.8895614137091946 1
0.809411423359599 1
0.7763051758303898 1
0.9312421740486303 1
0.9325392338049115 1
0.9328001241471452 1
0.8762180725189154 1
0.6895430199822935 1
0.9171546598056639 1
0.940168750265753 1
0.795771290409786 1
0.5562925580485956 1
0.6877526681584551 1
0.9284969834567668 1
0.9325392338049115 1
0.7125792409141074 1
0.7103461458372242 1
0.6230604786685146 1
0.716254301498885 1
0.795771290409786 1
0.6942929723351556 1
0.9126166544239692 1
0.786279110624788 1
0.7506053508563706 1
0.7506053508563706 1
0.5561553340759663 1
0.9328001241471452 1
0.910939308557552 1
0.7103396608773604 1
0.9187484326673829 1
0.7763051758303898 1
0.8977713575615457 1
0.6895430199822935 1
0.28742477317292264 1
0.722202147355214 1
0.8804300991710889 1
0.6511621329217113 1
0.7166716073503957 1
0.7033550569080234 1
0.910939308557552 1
0.795771290409786 1
0.8642369935429292 1
0.6596650048264903 1
0.6241705365328976 1
0.8447084026551795 1
0.8846402499683966 1
0.9276948406689923 1
0.6297820207348848 1
0.930024995361678 1
0.7494867636623826 1
0.9139571146056267 1
0.6895430199822935 1
0.9082031213414564 1
0.9126166544239692 1
0.6370916567572831 1
0.906960617039165 1
0.8185272968413194 1
0.7634326559580664 1
0.9205421199897049 1
0.6253860076749347 1
0.8785824417074011 1
0.916891833926487 1
0.615076897078087 1
0.9171546598056639 1
0.9147192349536653 1
0.5860681495807036 1
0.9155496589366405 1
0.9162205805263327 1
0.058427046418889864 1
0.930024995361678 1
0.9292238633710919 1
0.5775551787681722 1
0.9294199045800264 1
0.7506053508563706 1
0.7653626665850809 1
0.9356532217444664 1
0.7506053508563706 1
0.6729795234537083 1
0.9017506103553616 1
0.9129473988711216 1
0.6163268398234569 1
0.7645203035336333 1
0.7701927830827711 1
0.658001747477001 1
0.7814729469271297 1
0.6644374715059636 1
0.6882643001042454 1
0.9002579772643963 1
0.6588244055018683 1
0.8214295927748742 1
0.4957848854630078 1
0.9328001241471452 1
0.7506053508563706 1
0.6593431616872407 1
0.6961741128403982 1
0.6343097858796456 1
0.9325392338049115 1
0.7103461458372242 1
0.9245556709096776 1
0.6326233471128163 1
0.8196553230246881 1
0.9245556709096776 1
0.7091169645745129 1
0.9312421740486303 1
0.9133420226150366 1
0.5192352789414929 1
0.6488870451443487 1
0.8076821330955465 1
0.6272695374721006 1
0.8895614137091946 1
0.6974346504405393 1
0.6347582004768284 1
0.5599965621996654 1
0.802815620268568 1
0.7591663130088118 1
0.7591663130088118 1
0.7697674108392024 1
0.5114673682333074 1
0.6874052512338048 1
0.8196553230246881 1
0.6398809244851088 1
0.9142906246854261 1
0.742516236252574 1
0.8263030058546726 1
0.5948076635354032 1
0.8076821330955465 1
0.8203679875633336 1
0.7659149142179192 1
0.9325392338049115 1
0.9222948050312183 1
0.9302260348210128 1
0.6895430199822935 1
0.6266817975030693 1
0.6593431616872407 1
0.5439505366359682 1
0.7103461458372242 1
0.9284969834567668 1
0.6560982928771951 1
0.6596650048264903 1
0.658001747477001 1
0.7659149142179192 1
0.4286557633964698 1
0.931507712078635 1
0.5439505366359682 1
0.7701927830827711 1
0.7826329357441072 1
0.8978590196593804 1
0.7474847371004774 1
0.9076474279239327 1
0.7426423318173055 1
0.5930800909459215 1
0.7901798710034679 1
0.844129287237207 1
0.8423582596620799 1
0.6961741128403982 1
0.2172460127212639 1
0.6066718146166449 1
0.08108745345238878 1
0.9180615548358718 1
0.9095427311899499 1
0.7506053508563706 1
0.20911355449526384 1
0.7763051758303898 1
0.7830079694652734 1
0.6832235320401919 1
0.719181112854888 1
0.6895430199822935 1
0.7400255996399917 1
0.9122772821286449 1
0.6605654573923405 1
0.6274698067808467 1
0.9312421740486303 1
0.7826329357441072 1
0.9214126498105917 1
0.7763051758303898 1
0.9224145909235186 1
0.7337108451847355 1
0.940168750265753 1
0.4950734973873203 1
0.7830079694652734 1
0.869293179746921 1
0.899384890119482 1
0.7451967491723249 1
0.864500309761069 1
0.7190266724361349 1
0.58260030249048 1
0.7830079694652734 1
0.2509659296845502 1
0.7511738070703305 1
0.9312421740486303 1
0.795771290409786 1
0.8460736435767886 1
0.6241705365328976 1
0.9205421199897049 1
0.23409049546950117 1
0.9312421740486303 1
0.2457517397125282 1
0.9171546598056639 1
0.9386299881818435 1
0.9180615548358718 1
0.6274698067808467 1
0.8919485624065719 1
0.9185661306677285 1
0.9328001241471452 1
0.5492906301097711 1
0.5721729730299189 1
0.6895430199822935 1
0.7376756770536287 1
0.7763051758303898 1
0.8680121170428128 1
0.9129473988711216 1
0.5211361589405019 1
0.8916191093935255 1
0.06428383428696322 1
0.6184786835041242 1
0.9187484326673829 1
0.7166716073503957 1
0.9247969842769423 1
0.6253860076749347 1
0.8155763112368764 1
0.6241705365328976 1
0.9187484326673829 1
0.5424700433109695 1
0.9393173518228435 1
0.7701927830827711 1
0.7826329357441072 1
0.6398809244851088 1
0.9302260348210128 1
0.787471739021737 1
0.7132267463959133 1
0.9337154462288128 1
0.6880292953863885 1
0.5865935682415162 1
0.5562925580485956 1
0.9276948406689923 1
0.9082069627568018 1
0.795771290409786 1
0.6855992919616313 1
0.7550105927667061 1
0.9359093200030989 1
0.9312421740486303 1
0.8993339588345589 1
0.7091169645745129 1
0.7343783485657057 1
0.7711557331434938 1
0.931507712078635 1
0.47947901530795617 1
0.7982649518184419 1
0.9312421740486303 1
0.7974643591573577 1
0.9011281659952904 1
0.9312421740486303 1
0.7144745337349137 1
0.6855992919616313 1
0.7091169645745129 1
0.9146156259752312 1
0.9126166544239692 1
0.6588244055018683 1
0.09284139833974943 1
0.6593431616872407 1
0.634026673987489 1
0.7376756770536287 1
0.7594534705153254 1
0.8762180725189154 1
0.9325392338049115 1
0.7550105927667061 1
0.7386753931509638 1
0.802815620268568 1
0.7194912045732417 1
0.9325392338049115 1
0.7343783485657057 1
0.9325392338049115 1
0.9205421199897049 1
0.896755965980241 1
0.7698202733241831 1
0.9126166544239692 1
0.7103461458372242 1
0.6895430199822935 1
0.6895430199822935 1
0.7166716073503957 1
0.33813623899493234 1
0.7489282405284494 1
0.7386753931509638 1
0.7587863122131757 1
0.7591644867784467 1
0.6347582004768284 1
0.7826329357441072 1
0.7530849047988126 1
0.6560982928771951 1
0.8127706335824907 1
0.7091169645745129 1
0.7091169645745129 1
0.7125896108634797 1
0.7517305822715507 1
0.795771290409786 1
0.3729271419895588 1
0.6439064757234951 1
0.931507712078635 1
0.23969032677482777 1
0.6172784432304501 1
0.9349257333010873 1
0.6083187319753252 1
0.5340439374462282 1
0.7763051758303898 1
0.8891037801752029 1
0.7242990232349205 1
0.9359093200030989 1
0.742516236252574 1
0.77497382361098 1
0.582846751658085 1
0.9325392338049115 1
0.795771290409786 1
0.7809606674260857 1
0.6167474221890171 1
0.9171546598056639 1
0.840559925374817 1
0.8737249322395729 1
0.6266817975030693 1
0.8065878230526379 1
0.7701927830827711 1
0.9092003377159189 1
0.6398809244851088 1
0.7506053508563706 1
0.6895430199822935 1
0.795771290409786 1
0.9312421740486303 1
0.9361580694950652 1
0.7972550078175734 1
0.7763051758303898 1
0.9187484326673829 1
0.6398809244851088 1
0.21367330870396378 1
0.9110908018968867 1
0.08096648592449238 1
0.7192243265501589 1
0.9312421740486303 1
0.9356532217444664 1
0.47947901530795617 1
0.9047065694467613 1
0.1470271352497837 1
0.9356532217444664 1
0.9142906246854261 1
0.267178324480908 1
0.8080346793783899 1
0.7506053508563706 1
0.7823965193629719 1
0.5439505366359682 1
0.8797329188156255 1
0.44701105508639666 1
0.9172187887674672 1
0.9222948050312183 1
0.7786024829882869 1
0.7194912045732417 1
0.8977860530428361 1
0.4638514705500392 1
0.6172784432304501 1
0.6593431616872407 1
0.658001747477001 1
0.7028592839837509 1
0.7339907741116147 1
0.6266817975030693 1
0.7763051758303898 1
0.9187484326673829 1
0.719181112854888 1
0.620215451737653 1
0.7091169645745129 1
0.6320295966140475 1
0.8649054071128099 1
0.9147892050158574 1
0.8076821330955465 1
0.6882643001042454 1
0.6786842072942947 1
0.9312421740486303 1
0.940168750265753 1
0.4314936969039393 1
0.9180293565516146 1
0.6398809244851088 1
0.839810207355035 1
0.940168750265753 1
0.7113266394256533 1
0.8680121170428128 1
0.7826329357441072 1
0.9211870333414159 1
0.6606952116563207 1
0.9155885776867103 1
0.9214126498105917 1
0.9325392338049115 1
0.25356806834613643 1
0.8998994084808598 1
0.911269862200644 1
0.7911307029582023 1
0.7217798862829662 1
0.9092003377159189 1
0.5492906301097711 1
0.3048806213481786 1
0.8838183068316675 1
0.7962743260772595 1
0.7763051758303898 1
0.6398809244851088 1
0.4314936969039393 1
0.9312421740486303 1
0.7500031122111377 1
0.8307357711095771 1
0.9082069627568018 1
0.9139571146056267 1
0.6511621329217113 1
0.7217798862829662 1
0.7451967491723249 1
0.9261207053826945 1
0.7584290199178093 1
0.7103461458372242 1
0.9029611348511395 1
0.6068543861587871 1
0.7516278741874611 1
0.5438478177920193 1
0.9325392338049115 1
0.7653626665850809 1
0.6260131465789422 1
0.9328001241471452 1
0.9133420226150366 1
0.6167474221890171 1
0.6347582004768284 1
0.795771290409786 1
0.9095846949785172 1
0.6933829015037097 1
0.8592055976375369 1
0.9126336724533972 1
0.21367330870396378 1
0.6241705365328976 1
0.9156996901351446 1
0.4950734973873203 1
0.7167855146950317 1
0.6842773233597568 1
0.6584002341076277 1
0.5492906301097711 1
0.9356532217444664 1
0.911269862200644 1
0.6511621329217113 1
0.807205071318551 1
0.9095427311899499 1
0.7091169645745129 1
0.9126166544239692 1
0.8642958921967518 1
0.7494867636623826 1
0.19931561874216677 1
0.4217994077458947 1
0.6895430199822935 1
0.24333671028499962 1
0.7763051758303898 1
0.9114267611500598 1
0.912297844129652 1
0.7763051758303898 1
0.9187484326673829 1
0.9146156259752312 1
0.7343783485657057 1
0.9312421740486303 1
0.8190133018754245 1
0.21367330870396378 1
0.7901798710034679 1
0.651013491390701 1
0.589746051645994 1
0.6293480087803469 1
0.7103461458372242 1
0.7826329357441072 1
0.8642958921967518 1
0.8899689007554069 1
0.5630946797171053 1
0.5930800909459215 1
0.9325392338049115 1
0.8899689007554069 1
0.840559925374817 1
0.9183094369871889 1
0.6593431616872407 1
0.8919485624065719 1
0.6347582004768284 1
0.21332312241686552 1
0.715438174464711 1
0.8299977081127141 1
0.7103461458372242 1
0.7494867636623826 1
0.9092003377159189 1
0.615076897078087 1
0.9076474279239327 1
0.8915830175976689 1
0.9361580694950652 1
0.7513612556266995 1
0.8196553230246881 1
0.42724594217647105 1
0.9196346799146343 1
0.8712205408383233 1
0.07509642411355844 1
0.9211971566192667 1
0.7608652856744863 1
0.795771290409786 1
0.9381419694600479 1
0.5948076635354032 1
0.9182321183519295 1
0.6544931222155084 1
0.8190133018754245 1
0.289582720046447 1
0.8583639864020159 1
0.6593431616872407 1
0.7711557331434938 1
0.9125834128728525 1
0.888602008625048 1
0.07915232719923208 1
0.9284969834567668 1
0.7701927830827711 1
0.8651442787779308 1
0.8196553230246881 1
0.912297844129652 1
0.9292238633710919 1
0.9039914087276518 1
0.3691623636820942 1
0.6525232642429061 1
0.8847812013107083 1
0.6842773233597568 1
0.7190978346203523 1
0.9077790607297956 1
0.9157831003697746 1
0.6241705365328976 1
0.7211196564168567 1
0.9092003377159189 1
0.7170740735428437 1
0.7249100384910427 1
0.7826329357441072 1
0.6836932475263003 1
0.9186284843233379 1
0.9245556709096776 1
0.840559925374817 1
0.5340439374462282 1
0.7596446068414804 1
0.491985338002425 1
0.06611586063515512 1
0.6855992919616313 1
0.47251411814505 1
0.563534244192495 1
0.7467470411524433 1
0.9328001241471452 1
0.7645203035336333 1
0.9359093200030989 1
0.7190266724361349 1
0.8766870137831965 1
0.6792294726986268 1
0.7506053508563706 1
0.9205421199897049 1
0.6971175351281347 1
0.7506053508563706 1
0.8573145562741112 1
0.8124954322431555 1
0.9155496589366405 1
0.9205421199897049 1
0.7500484899194878 1
0.7732683032285709 1
0.7506053508563706 1
0.6842773233597568 1
0.896755965980241 1
0.1342738602913701 1
0.6398809244851088 1
0.931507712078635 1
0.7276328702430753 1
0.9142906246854261 1
0.8076821330955465 1
0.9132859354829369 1
0.92142032963897 1
0.6477506215500223 1
0.8642958921967518 1
0.9019900411840017 1
0.9091664746457904 1
0.9091664746457904 1
0.9349257333010873 1
0.8539170616776508 1
0.840559925374817 1
0.6530723580465191 1
0.7400255996399917 1
0.807205071318551 1
0.9290537198654666 1
0.49844138269551275 1
0.9002579772643963 1
0.6749255451607221 1
0.7103461458372242 1
0.9222948050312183 1
0.9126166544239692 1
0.9359093200030989 1
0.7314345415006411 1
0.8439706486429903 1
0.8826149230468737 1
0.7125792409141074 1
0.888602008625048 1
0.7596446068414804 1
0.6147339035768747 1
0.795771290409786 1
0.5930800909459215 1
0.595849748875922 1
0.8968565208844566 1
0.9125834128728525 1
0.5775551787681722 1
0.9322965278933412 1
0.5980858719006202 1
0.7339907741116147 1
0.9325392338049115 1
0.7494867636623826 1
0.9393173518228435 1
0.642279222730127 1
0.6511621329217113 1
0.6673352409855002 1
0.7091169645745129 1
0.9320542920572591 1
0.9011281659952904 1
0.716254301498885 1
0.7266760655803491 1
0.9356532217444664 1
0.8861940316039465 1
0.6274698067808467 1
0.7103461458372242 1
0.7517305822715507 1
0.9312421740486303 1
0.7091169645745129 1
0.6274698067808467 1
0.9205421199897049 1
0.9126166544239692 1
0.840559925374817 1
0.9126166544239692 1
0.9126166544239692 1
0.5730972327694305 1
0.6373896653667309 1
0.9205421199897049 1
0.6398809244851088 1
0.5438478177920193 1
0.057804976414472534 1
0.6560982928771951 1
0.6398809244851088 1
0.6855992919616313 1
0.795771290409786 1
0.7567593110401779 1
0.7737708014016751 1
0.9313312886535039 1
0.6398809244851088 1
0.7376756770536287 1
0.7166716073503957 1
0.9079686158935962 1
0.6593431616872407 1
0.9064743901469409 1
0.719181112854888 1
0.6479726143408606 1
0.9110908018968867 1
0.9245556709096776 1
0.9205421199897049 1
0.7506053508563706 1
0.380917606367642 1
0.7103461458372242 1
0.7596446068414804 1
0.8033257041282461 1
0.9356532217444664 1
0.11490294492535824 1
0.7693176418109559 1
0.7500031122111377 1
0.736139365997138 1
0.8158798642023154 1
0.7506053508563706 1
0.9161408780458505 1
0.9393173518228435 1
0.922783404299054 1
0.940168750265753 1
0.6172784432304501 1
0.9187484326673829 1
0.8983381350194365 1
0.7668030691879688 1
0.7132267463959133 1
0.7103461458372242 1
0.8899689007554069 1
0.7470286075092077 1
0.844129287237207 1
0.9126166544239692 1
0.6893969808566031 1
0.8196553230246881 1
0.9013819205549277 1
0.9325392338049115 1
0.49422526430458036 1
0.840559925374817 1
0.8979075405094885 1
0.722202147355214 1
0.912297844129652 1
0.8056941848042939 1
0.7339907741116147 1
0.894591279006618 1
0.7763051758303898 1
0.6560982928771951 1
0.795771290409786 1
0.6895430199822935 1
0.5832040748994122 1
0.21367330870396378 1
0.7091169645745129 1
0.9126166544239692 1
0.6540444523039004 1
0.8949445881230719 1
0.5865935682415162 1
0.6398809244851088 1
0.9115629932007905 1
0.6931174733558906 1
0.9386299881818435 1
0.905641253936507 1
0.8197043735897425 1
0.26252837828852144 1
0.9186030984116467 1
0.7763051758303898 1
0.6522773428057972 1
0.9256562892439514 1
0.712200721962525 1
0.7166716073503957 1
0.9033465924709853 1
0.8076821330955465 1
0.5930800909459215 1
0.7451357302518018 1
0.9325392338049115 1
0.9132859354829369 1
0.6286187483365717 1
0.6895430199822935 1
0.8895231694626955 1
0.5736664016105961 1
0.896755965980241 1
0.9361580694950652 1
0.6946326053746449 1
0.7591663130088118 1
0.8919485624065719 1
0.7506053508563706 1
0.5011848859816428 1
0.931507712078635 1
0.6241705365328976 1
0.7701927830827711 1
0.6398809244851088 1
0.7446998878482654 1
0.7703471954793247 1
0.6855992919616313 1
0.6522944989135943 1
0.870670808197 1
0.912297844129652 1
0.8360768350530835 1
0.9072031378766185 1
0.660586061027644 1
0.795771290409786 1
0.7763051758303898 1
0.5340439374462282 1
0.9328001241471452 1
0.7910738601333543 1
0.7659149142179192 1
0.6398809244851088 1
0.8517105187934102 1
0.6895430199822935 1
0.6274698067808467 1
0.8636281825631189 1
0.9082031213414564 1
0.5340439374462282 1
0.7645203035336333 1
0.9393173518228435 1
0.7506053508563706 1
0.6114598112280112 1
0.9393173518228435 1
0.6637039800707344 1
0.9325392338049115 1
0.8113325977270901 1
0.9105880697736753 1
0.6895430199822935 1
0.6877526681584551 1
0.7643786311770233 1
0.8916191093935255 1
0.7653626665850809 1
0.5596824839725537 1
0.6570570381366996 1
0.6855992919616313 1
0.7103461458372242 1
0.7711066329003147 1
0.6267243063903368 1
0.7763051758303898 1
0.9076474279239327 1
0.61270594277458 1
0.8076821330955465 1
0.7292079374060756 1
0.9066862802082878 1
0.7327337621745177 1
0.8642958921967518 1
0.9186284843233379 1
0.8894375734477219 1
0.9155496589366405 1
0.06264812975035258 1
0.9152972959880633 1
0.9200442090874351 1
0.9055514333477865 1
0.9205421199897049 1
0.5828679328027935 1
0.6398809244851088 1
0.7829889320119224 1
0.8561921990068546 1
0.6015085608498612 1
0.1470271352497837 1
0.7112022439052001 1
0.09284139833974943 1
0.8196553230246881 1
0.7901798710034679 1
0.9325392338049115 1
0.9092179548942428 1
0.719181112854888 1
0.73965101408435 1
0.888602008625048 1
0.8845642284827462 1
0.6895430199822935 1
0.7364479466762669 1
0.7763051758303898 1
0.5775551787681722 1
0.7763051758303898 1
0.6242898456549004 1
0.9222948050312183 1
0.380917606367642 1
0.3219019586820859 1
0.7901798710034679 1
0.8822258694413725 1
0.7125896108634797 1
0.6640631145002871 1
0.9205421199897049 1
0.6266817975030693 1
0.7911056853980348 1
0.7868186105980244 1
0.9110908018968867 1
0.48250778308440423 1
0.8196553230246881 1
0.9095427311899499 1
0.5114673682333074 1
0.7437438763351539 1
0.8817139926572571 1
0.9214126498105917 1
0.6398809244851088 1
0.7838703616261097 1
0.7217798862829662 1
0.47187847204221856 1
0.9171546598056639 1
0.8978590196593804 1
0.7901798710034679 1
0.08109848316988362 1
0.7386753931509638 1
0.8586021033559945 1
0.7750665880907968 1
0.6241705365328976 1
0.9129473988711216 1
0.7451967491723249 1
0.7999893602606662 1
0.5596824839725537 1
0.9222948050312183 1
0.9055834486425881 1
0.6522773428057972 1
0.9180293565516146 1
0.6864006766306653 1
0.7513612556266995 1
0.7339907741116147 1
0.8076821330955465 1
0.9142906246854261 1
0.7911056853980348 1
0.9002579772643963 1
0.6698524187589917 1
0.5340439374462282 1
0.719181112854888 1
0.7808751714937273 1
0.8919794396274111 1
0.840559925374817 1
0.5562925580485956 1
0.9054683250171103 1
0.38865631590649846 1
0.6877526681584551 1
0.6429117989241191 1
0.6593431616872407 1
0.916891833926487 1
0.6372305262448719 1
0.6175863050740028 1
0.9171546598056639 1
0.8263030058546726 1
0.7532032891745494 1
0.9054683250171103 1
0.9245556709096776 1
0.7711557331434938 1
0.6299309570087882 1
0.283593992597058 1
0.7506053508563706 1
0.9346725172829317 1
0.6589235247977717 1
0.7073857739340259 1
0.9386299881818435 1
0.5034545792334594 1
0.8076821330955465 1
0.7763051758303898 1
0.1981433179696529 1
0.7838703616261097 1
0.5562925580485956 1
0.9361580694950652 1
0.795771290409786 1
0.7506053508563706 1
0.7506053508563706 1
0.9320542920572591 1
0.7103461458372242 1
0.1470271352497837 1
0.9142906246854261 1
0.7578700641697088 1
0.787471739021737 1
0.7314345415006411 1
0.22166637135397987 1
0.8861940316039465 1
0.21367330870396378 1
0.896755965980241 1
0.748621938177026 1
0.9126166544239692 1
0.9245556709096776 1
0.9381419694600479 1
0.8703554251504176 1
0.755147025285141 1
0.9325392338049115 1
0.9255286588312974 1
0.795771290409786 1
0.8669351200039175 1
0.8798149280951987 1
0.41695033810907606 1
0.9162205805263327 1
0.7763051758303898 1
0.5505703240493793 1
0.719181112854888 1
0.620215451737653 1
0.9289501464290643 1
0.9325392338049115 1
0.634026673987489 1
0.9054683250171103 1
0.9205421199897049 1
0.6780322262287733 1
0.9325392338049115 1
0.8861940316039465 1
0.6895430199822935 1
0.5914718785168953 1
0.7339907741116147 1
0.6172784432304501 1
0.6570570381366996 1
0.8648428809996317 1
0.9328001241471452 1
0.9325392338049115 1
0.7314345415006411 1
0.7090364950700252 1
0.5771885484919179 1
0.8374734927949381 1
0.9126166544239692 1
0.9065580448823369 1
0.7103461458372242 1
0.6161460247110584 1
0.6373896653667309 1
0.9320542920572591 1
0.7506053508563706 1
0.9325392338049115 1
0.7701927830827711 1
0.06611586063515512 1
0.6895430199822935 1
0.7701927830827711 1
0.9361580694950652 1
0.7103461458372242 1
0.7478282287051965 1
0.6241705365328976 1
0.8649054071128099 1
0.9185661306677285 1
0.5424700433109695 1
0.4132932263229643 1
0.6398809244851088 1
0.9165361157445874 1
0.563534244192495 1
0.7372550235462425 1
0.911269862200644 1
0.8855539297894351 1
0.8785563018594617 1
0.6727534878660169 1
0.6422556463779799 1
0.6274698067808467 1
0.9386299881818435 1
0.7451967491723249 1
0.6855992919616313 1
0.08818525455362837 1
0.6241705365328976 1
0.6429117989241191 1
0.8163021426946326 1
0.7103461458372242 1
0.6127394813518262 1
0.7809606674260857 1
0.9126166544239692 1
0.6398809244851088 1
0.865908475378732 1
0.9188842640267755 1
0.6882643001042454 1
0.7911056853980348 1
0.9082031213414564 1
0.9126166544239692 1
0.8124954322431555 1
0.6398809244851088 1
0.8822258694413725 1
0.19180631253315927 1
0.9312421740486303 1
0.7223351518336546 1
0.2275191765164465 1
0.5114673682333074 1
0.9381419694600479 1
0.6398809244851088 1
0.7091169645745129 1
0.8603898255741108 1
0.9205421199897049 1
0.719181112854888 1
0.896884827781721 1
0.3194049983631216 1
0.9320542920572591 1
0.22392997923158164 1
0.9393173518228435 1
0.7103461458372242 1
0.9325392338049115 1
0.05409875327878946 1
0.9356532217444664 1
0.896755965980241 1
0.9205421199897049 1
0.9157831003697746 1
0.7999893602606662 1
0.6163268398234569 1
0.9313312886535039 1
0.9290537198654666 1
0.6895430199822935 1
0.802815620268568 1
0.7622034832773006 1
0.7500031122111377 1
0.8409626488920589 1
0.9126166544239692 1
0.9155496589366405 1
0.7494867636623826 1
0.9179972349866817 1
0.5736664016105961 1
0.9313312886535039 1
0.6855992919616313 1
0.9312421740486303 1
0.9114267611500598 1
0.6673352409855002 1
0.9115629932007905 1
0.719181112854888 1
0.7827394456110615 1
0.6895430199822935 1
0.9129473988711216 1
0.7763051758303898 1
0.7103461458372242 1
0.6832235320401919 1
0.9289501464290643 1
0.9090787983054189 1
0.7296298278401737 1
0.21367330870396378 1
0.7091169645745129 1
0.9359093200030989 1
0.7091169645745129 1
0.9205421199897049 1
0.9276948406689923 1
0.9312421740486303 1
0.6509400230167687 1
0.7900343520745507 1
0.9248194549391382 1
0.6266817975030693 1
0.795771290409786 1
0.05553419438666733 1
0.9038775806564889 1
0.929968509832363 1
0.8854230735755054 1
0.9356532217444664 1
0.6241705365328976 1
0.39738867078707224 1
0.8076821330955465 1
0.7608652856744863 1
0.9017506103553616 1
0.6780322262287733 1
0.7103461458372242 1
0.6974346504405393 1
0.931507712078635 1
0.9205421199897049 1
0.698799391513298 1
0.6968246985694132 1
0.9248365875513327 1
0.7103461458372242 1
0.7506053508563706 1
0.8919794396274111 1
0.9325392338049115 1
0.9127446450965209 1
0.9248194549391382 1
0.6398809244851088 1
0.7982649518184419 1
0.9328001241471452 1
0.6924746593513238 1
0.7591644867784467 1
0.48250778308440423 1
0.2897081786113213 1
0.7506053508563706 1
0.9292238633710919 1
0.922783404299054 1
0.7153597980607783 1
0.6515917531260864 1
0.9171546598056639 1
0.9337154462288128 1
0.840559925374817 1
0.6974346504405393 1
0.7378156766665873 1
0.919223372490086 1
0.9004092091026811 1
0.7506053508563706 1
0.9386299881818435 1
0.8123438623754738 1
0.5975849434321527 1
0.1470271352497837 1
0.6109915043322606 1
0.7339907741116147 1
0.7489743768589131 1
0.7343783485657057 1
0.0897645898134902 1
0.9393173518228435 1
0.8196553230246881 1
0.9126166544239692 1
0.840559925374817 1
0.9313312886535039 1
0.9325392338049115 1
0.7170740735428437 1
0.795771290409786 1
0.7166716073503957 1
0.7826329357441072 1
0.9325392338049115 1
0.6272695374721006 1
0.8206196512286037 1
0.6398809244851088 1
0.9155496589366405 1
0.8078664769832109 1
0.380917606367642 1
0.9070429956744644 1
0.7506053508563706 1
0.9346725172829317 1
0.7190978346203523 1
0.6554390033293382 1
0.3175343357450007 1
0.9205421199897049 1
0.9186030984116467 1
0.9312421740486303 1
0.795771290409786 1
0.6985875727009438 1
0.7091169645745129 1
0.9183094369871889 1
0.7086192646949028 1
0.8952316174465046 1
0.8372824995667121 1
0.9302385981881653 1
0.9126166544239692 1
0.9055851283634189 1
0.6398809244851088 1
0.07523866791852053 1
0.8651442787779308 1
0.8948587508353616 1
0.9312421740486303 1
0.5948690369363283 1
0.35267036735161755 1
0.795771290409786 1
0.9245556709096776 1
0.7506053508563706 1
0.7364720373980049 1
0.09631527858515189 1
0.9312421740486303 1
0.5865719437062467 1
0.7103461458372242 1
0.9361580694950652 1
0.6172784432304501 1
0.9082031213414564 1
0.6398809244851088 1
0.9325392338049115 1
0.9002579772643963 1
0.7223351518336546 1
0.501962989372817 1
0.3966744120190983 1
0.6769391381605058 1
0.5492906301097711 1
0.1470271352497837 1
0.591265181581015 1
0.9047065694467613 1
0.380917606367642 1
0.9325392338049115 1
0.1470271352497837 1
0.9346725172829317 1
0.9302260348210128 1
0.8642958921967518 1
0.5562925580485956 1
0.1108087308808845 1
0.7153597980607783 1
0.9290537198654666 1
0.6515977615856103 1
0.9325392338049115 1
0.8123438623754738 1
0.6855992919616313 1
0.7634326559580664 1
0.6895430199822935 1
0.7451357302518018 1
0.214849214549514 1
0.6172515279779186 1
0.9325392338049115 1
0.6286187483365717 1
0.6241705365328976 1
0.8440401224190015 1
0.8609835648296247 1
0.7591644867784467 1
0.7698202733241831 1
0.7004754265118291 1
0.3966744120190983 1
0.6398809244851088 1
0.7808751714937273 1
0.9328001241471452 1
0.6488870451443487 1
0.5596824839725537 1
0.7849007245821733 1
0.6895430199822935 1
0.7763051758303898 1
0.7132267463959133 1
0.5596824839725537 1
0.9312421740486303 1
0.7513612556266995 1
0.8861940316039465 1
0.6241705365328976 1
0.9290537198654666 1
0.7343783485657057 1
0.8238169573510812 1
0.722202147355214 1
0.5462564323819786 1
0.7701927830827711 1
0.9050660893060873 1
0.719181112854888 1
0.42724594217647105 1
0.4756079876419822 1
0.40540964941197755 1
0.36358225861743915 1
0.43398584224552655 1
0.9325392338049115 1
0.7103461458372242 1
0.9171546598056639 1
0.6425632174404623 1
0.8072392828772632 1
0.7276328702430753 1
0.7162914745751847 1
0.7763051758303898 1
0.9325392338049115 1
0.7763051758303898 1
0.9242804459265193 1
0.6509884382270867 1
0.6606952116563207 1
0.7091169645745129 1
0.6895430199822935 1
0.6358368119596469 1
0.052426716597536636 1
0.9245556709096776 1
0.8919485624065719 1
0.7217798862829662 1
0.7506053508563706 1
0.9325392338049115 1
0.9054683250171103 1
0.6855992919616313 1
0.9162205805263327 1
0.9325392338049115 1
0.9292238633710919 1
0.6477120846668573 1
0.7376756770536287 1
0.9082069627568018 1
0.8744961843483631 1
0.7166716073503957 1
0.6167474221890171 1
0.8076821330955465 1
0.05859710743409317 1
0.47251411814505 1
0.7630975982357197 1
0.7582915829038083 1
0.7763051758303898 1
0.7299091309461131 1
0.9126166544239692 1
0.7532032891745494 1
0.9128099228282117 1
0.9129473988711216 1
0.8861940316039465 1
0.6398809244851088 1
0.9245556709096776 1
0.9302260348210128 1
0.9302260348210128 1
0.9180293565516146 1
0.7506053508563706 1
0.9127446450965209 1
0.894591279006618 1
0.6974346504405393 1
0.9205421199897049 1
0.7630975982357197 1
0.888602008625048 1
0.9066862802082878 1
0.8965935196561049 1
0.6593431616872407 1
0.9186284843233379 1
0.7312387021950227 1
0.5340439374462282 1
0.9323169216937964 1
0.8049819603907332 1
0.9214126498105917 1
0.8196553230246881 1
0.21367330870396378 1
0.905641253936507 1
0.7091169645745129 1
0.7596446068414804 1
0.9155496589366405 1
0.6774287412394763 1
0.7826329357441072 1
0.740379969538705 1
0.9361580694950652 1
0.9157831003697746 1
0.9328001241471452 1
0.928998670828021 1
0.9393173518228435 1
0.6373896653667309 1
0.5630946797171053 1
0.7386753931509638 1
0.8998994084808598 1
0.8854230735755054 1
0.7513612556266995 1
0.6347582004768284 1
0.7816306721375007 1
0.9205421199897049 1
0.1470271352497837 1
0.7668030691879688 1
0.11666426433910168 1
0.9328001241471452 1
0.9381419694600479 1
0.9320542920572591 1
0.07509642411355844 1
0.7645203035336333 1
0.9303587439121032 1
0.9325392338049115 1
0.39639577489806405 1
0.7659149142179192 1
0.9302260348210128 1
0.8439706486429903 1
0.9136127324988098 1
0.9312421740486303 1
0.6968246985694132 1
0.6167474221890171 1
0.5562925580485956 1
0.9325392338049115 1
0.9011281659952904 1
0.7724028152972249 1
0.8847812013107083 1
0.7103461458372242 1
0.9152539689431766 1
0.8861940316039465 1
0.8762180725189154 1
0.7960429015820707 1
0.7091169645745129 1
0.5123110037651122 1
0.9325392338049115 1
0.7091169645745129 1
0.1470271352497837 1
0.8194804399215817 1
0.8196553230246881 1
0.6895430199822935 1
0.8838183068316675 1
0.09284139833974943 1
0.1470271352497837 1
0.6606952116563207 1
0.9126166544239692 1
0.8241033286079219 1
0.9361580694950652 1
0.9290537198654666 1
0.9290537198654666 1
0.4640323257268241 1
0.9060071080629399 1
0.9011281659952904 1
0.9346725172829317 1
0.8791644480890254 1
0.5133452331233834 1
0.912297844129652 1
0.7103461458372242 1
0.4756079876419822 1
0.7103461458372242 1
0.9110226585504514 1
0.9126166544239692 1
0.42830711379000785 1
0.9325392338049115 1
0.7960429015820707 1
0.5736664016105961 1
0.7763051758303898 1
0.9325392338049115 1
0.5922641137198235 1
0.719181112854888 1
0.6153654561137915 1
0.3779062878038107 1
0.870136138569344 1
0.6398809244851088 1
0.7830079694652734 1
0.7166716073503957 1
0.7901798710034679 1
0.6202074950072456 1
0.9337154462288128 1
0.9029611348511395 1
0.5930800909459215 1
0.6231831429784884 1
0.8959695524800131 1
0.5492906301097711 1
0.7103461458372242 1
0.5948690369363283 1
0.06264812975035258 1
0.5553898215804702 1
0.8959695524800131 1
0.9097023815513752 1
0.651013491390701 1
0.9359093200030989 1
0.6880292953863885 1
0.9205421199897049 1
0.6855992919616313 1
0.9205421199897049 1
0.6593431616872407 1
0.807205071318551 1
0.49844138269551275 1
0.9302260348210128 1
0.09584896681841881 1
0.6974346504405393 1
0.8974920382730966 1
0.9312421740486303 1
0.6239886747022609 1
0.8196553230246881 1
0.6589235247977717 1
0.9171546598056639 1
0.9222948050312183 1
0.9180293565516146 1
0.916902795745121 1
0.6172784432304501 1
0.9187484326673829 1
0.9055514333477865 1
0.9325392338049115 1
0.7347223021604491 1
0.7513612556266995 1
0.716254301498885 1
0.7715041642297552 1
0.8076821330955465 1
0.9205421199897049 1
0.9079890217726434 1
0.7309032990570793 1
0.6376306495700296 1
0.6297820207348848 1
0.6106250976696064 1
0.9066862802082878 1
0.795771290409786 1
0.7103461458372242 1
0.7732683032285709 1
0.47251411814505 1
0.9245556709096776 1
0.5630946797171053 1
0.6554390033293382 1
0.9125834128728525 1
0.5562925580485956 1
0.6167474221890171 1
0.9325392338049115 1
0.7506053508563706 1
0.909352815241992 1
0.5695767373637572 1
0.748621938177026 1
0.9361580694950652 1
0.4179012018733235 1
0.9129473988711216 1
0.6167474221890171 1
0.7763051758303898 1
0.9072031378766185 1
0.6021910358879856 1
0.8894345675056404 1
0.9325392338049115 1
0.9279157061387633 1
0.5865719437062467 1
0.751563150881385 1
0.9076604163232742 1
0.9157831003697746 1
0.7506053508563706 1
0.5634437595231733 1
0.9328001241471452 1
0.5011848859816428 1
0.7070209095913428 1
0.08815119221010904 1
0.9214126498105917 1
0.9172187887674672 1
0.6398809244851088 1
0.7350223850684255 1
0.7623353774998782 1
0.7166716073503957 1
0.722202147355214 1
0.9328001241471452 1
0.7494867636623826 1
0.21367330870396378 1
0.9171546598056639 1
0.7506053508563706 1
0.7500484899194878 1
0.9126166544239692 1
0.6668834022304232 1
0.6974346504405393 1
0.9274156723461658 1
0.9139571146056267 1
0.931507712078635 1
0.6593431616872407 1
0.9325392338049115 1
0.7506053508563706 1
0.6821981805232684 1
0.5774601189732467 1
0.9328001241471452 1
0.4180948180547724 1
0.6231831429784884 1
0.7763051758303898 1
0.7697000416866911 1
0.9312421740486303 1
0.840559925374817 1
0.9014977008021847 1
0.6175863050740028 1
0.9361580694950652 1
0.9095427311899499 1
0.7697000416866911 1
0.6066718146166449 1
0.809411423359599 1
0.9214126498105917 1
0.9312421740486303 1
0.48442104914353584 1
0.6988553941246471 1
0.9129473988711216 1
0.7697000416866911 1
0.8155561359153282 1
0.9222948050312183 1
0.6593431616872407 1
0.9180615548358718 1
0.9248194549391382 1
0.6994397571441904 1
0.9393173518228435 1
0.7194912045732417 1
0.6488870451443487 1
0.9214126498105917 1
0.6213211038844562 1
0.9265367534084376 1
0.9126166544239692 1
0.6398809244851088 1
0.9247969842769423 1
0.514035965436363 1
0.7006105374027987 1
0.8158798642023154 1
0.6249736115538592 1
0.9300314132268461 1
0.6749255451607221 1
0.11342188953873812 1
0.9055514333477865 1
0.885392540871168 1
0.6511621329217113 1
0.7372550235462425 1
0.8076821330955465 1
0.7596446068414804 1
0.8642958921967518 1
0.662238568485093 1
0.6274698067808467 1
0.6732471707096119 1
0.7763051758303898 1
0.7773456463837796 1
0.5348652838741031 1
0.9325392338049115 1
0.9205421199897049 1
0.840559925374817 1
0.9169647999434691 1
0.7506053508563706 1
0.9082069627568018 1
0.6109915043322606 1
0.7701927830827711 1
0.8861940316039465 1
0.9126166544239692 1
0.6555217907557309 1
0.7701927830827711 1
0.9095427311899499 1
0.7506053508563706 1
0.722202147355214 1
0.8954392894141882 1
0.5809758286071323 1
0.9325392338049115 1
0.9205421199897049 1
0.6272695374721006 1
0.6882643001042454 1
0.7262162887448627 1
0.6511621329217113 1
0.7715041642297552 1
0.8076821330955465 1
0.7406956827552431 1
0.7113266394256533 1
0.9228797795211716 1
0.8299977081127141 1
0.807205071318551 1
0.919223372490086 1
0.4351549428847589 1
0.9205421199897049 1
0.7763051758303898 1
0.9236777311639202 1
0.9320542920572591 1
0.9211971566192667 1
0.7900343520745507 1
0.9393173518228435 1
0.9381419694600479 1
0.6267243063903368 1
0.9312421740486303 1
0.840559925374817 1
0.9155885776867103 1
0.8753795939962737 1
0.9252583614967834 1
0.9245556709096776 1
0.9015711344225127 1
0.9248194549391382 1
0.9312421740486303 1
0.41435341625170835 1
0.5948690369363283 1
0.7733104784268493 1
0.8120419288747527 1
0.8919485624065719 1
0.795771290409786 1
0.8737970395587614 1
0.9196346799146343 1
0.9276948406689923 1
0.5922641137198235 1
0.3900451675814218 1
0.7166716073503957 1
0.8586021033559945 1
0.6398809244851088 1
0.9183094369871889 1
0.7506053508563706 1
0.7763051758303898 1
0.9115629932007905 1
0.9011281659952904 1
0.9126166544239692 1
0.8899689007554069 1
0.8861940316039465 1
0.9325392338049115 1
0.9171546598056639 1
0.719181112854888 1
0.865908475378732 1
0.8076821330955465 1
0.930024995361678 1
0.9302260348210128 1
0.5492906301097711 1
0.719181112854888 1
0.8447084026551795 1
0.7170740735428437 1
0.6861685100881894 1
0.380427672981576 1
0.8703554251504176 1
0.7600956951370208 1
0.9325392338049115 1
0.9142906246854261 1
0.9325392338049115 1
0.931507712078635 1
0.8124954322431555 1
0.7763051758303898 1
0.6410326012203515 1
0.8802604532145482 1
0.9139571146056267 1
0.6560982928771951 1
0.9242804459265193 1
0.6398809244851088 1
0.9393173518228435 1
0.6398809244851088 1
0.4286557633964698 1
0.8078664769832109 1
0.6343097858796456 1
0.9312421740486303 1
0.887639625770353 1
0.7506053508563706 1
0.9205421199897049 1
0.3219019586820859 1
0.7091169645745129 1
0.6266817975030693 1
0.8785824417074011 1
0.8753795939962737 1
0.5828679328027935 1
0.930024995361678 1
0.9325392338049115 1
0.9325392338049115 1
0.9356532217444664 1
0.9275220126986119 1
0.6593431616872407 1
0.9289501464290643 1
0.7004919136225766 1
0.6343097858796456 1
0.9312421740486303 1
0.8804300991710889 1
0.9044635421354381 1
0.9082031213414564 1
0.5775551787681722 1
0.3427116847430192 1
0.7103461458372242 1
0.9109333659844403 1
0.9050660893060873 1
0.9095427311899499 1
0.18011702972514557 1
0.7103461458372242 1
0.7737045981487123 1
0.7103461458372242 1
0.6974346504405393 1
0.7343783485657057 1
0.8148739460752961 1
0.5876047730935827 1
0.9187484326673829 1
0.7467470411524433 1
0.9328001241471452 1
0.7827921707503553 1
0.1470271352497837 1
0.9393173518228435 1
0.911269862200644 1
0.9325392338049115 1
0.9386299881818435 1
0.7982649518184419 1
0.5630946797171053 1
0.6398809244851088 1
0.7259322687445642 1
0.9187484326673829 1
0.58260030249048 1
0.7343783485657057 1
0.7494867636623826 1
0.7506053508563706 1
0.8447084026551795 1
0.9393173518228435 1
0.5876047730935827 1
0.07252319999367521 1
0.563534244192495 1
0.9110908018968867 1
0.6895430199822935 1
0.9125834128728525 1
0.7763051758303898 1
0.9325392338049115 1
0.7445213527759528 1
0.9325392338049115 1
0.5723211068915083 1
0.6565560166444464 1
0.7633146882969571 1
0.7451967491723249 1
0.7217798862829662 1
0.7103461458372242 1
0.7350223850684255 1
0.6373163419571141 1
0.61270594277458 1
0.6895430199822935 1
0.9101145832162867 1
0.894591279006618 1
0.6293480087803469 1
0.9190580268684891 1
0.6832235320401919 1
0.7091169645745129 1
0.5342709462188536 1
0.9361580694950652 1
0.9312421740486303 1
0.8440401224190015 1
0.8791243972511721 1
0.6260131465789422 1
0.8949445881230719 1
0.8915495431474842 1
0.7217798862829662 1
0.8987823741394642 1
0.9055514333477865 1
0.6264800821062003 1
0.5439505366359682 1
0.6895430199822935 1
0.7290581237030413 1
0.7763051758303898 1
0.840559925374817 1
0.7091169645745129 1
0.9161496566538153 1
0.7506053508563706 1
0.4958884288287084 1
0.6241705365328976 1
0.7467470411524433 1
0.7386753931509638 1
0.7763051758303898 1
0.7826329357441072 1
0.9222948050312183 1
0.931507712078635 1
0.6080702364066711 1
0.5593857167652254 1
0.906960617039165 1
0.5114673682333074 1
0.7901798710034679 1
0.7091169645745129 1
0.06969418536652564 1
0.7669889138889197 1
0.7506053508563706 1
0.6328398241190655 1
0.2057381633191012 1
0.10039536779760555 1
0.8993010124416498 1
0.8987823741394642 1
0.6950905639669449 1
0.7506053508563706 1
0.9126166544239692 1
0.9245556709096776 1
0.9180615548358718 1
0.9180615548358718 1
0.0703177286499786 1
0.08934432880508564 1
0.7113266394256533 1
0.7737708014016751 1
0.9095427311899499 1
0.9126166544239692 1
0.7530849047988126 1
0.9290537198654666 1
0.9095740414449571 1
0.9109333659844403 1
0.740379969538705 1
0.9325392338049115 1
0.8196553230246881 1
0.6139522626045091 1
0.9261207053826945 1
0.5573433681609744 1
0.6565560166444464 1
0.6895430199822935 1
0.795771290409786 1
0.5630946797171053 1
0.6398809244851088 1
0.5914718785168953 1
0.8415720809768424 1
0.9147192349536653 1
0.719181112854888 1
0.9171546598056639 1
0.9002579772643963 1
0.7500031122111377 1
0.34423198235438707 1
0.5775551787681722 1
0.3110675599398088 1
0.7091169645745129 1
0.8762180725189154 1
0.8735535384001828 1
0.6555217907557309 1
0.9325392338049115 1
0.07787041910420973 1
0.6266817975030693 1
0.8076821330955465 1
0.9033465924709853 1
0.8680121170428128 1
0.8649054071128099 1
0.9245556709096776 1
0.695182369218894 1
0.6167474221890171 1
0.8097568856996723 1
0.9139571146056267 1
0.7506053508563706 1
0.9044635421354381 1
0.9214126498105917 1
0.8423582596620799 1
0.7578700641697088 1
0.9060071080629399 1
0.8076821330955465 1
0.7327337621745177 1
0.10858130713119103 1
0.9042732616569485 1
0.5948690369363283 1
0.7506053508563706 1
0.7763051758303898 1
0.06069976373558505 1
0.906960617039165 1
0.9105880697736753 1
0.9325392338049115 1
0.9161029616522448 1
0.8822258694413725 1
0.6373163419571141 1
0.7320752018216368 1
0.7091169645745129 1
0.7339907741116147 1
0.6398809244851088 1
0.807205071318551 1
0.7901798710034679 1
0.9079890217726434 1
0.6729795234537083 1
0.6882643001042454 1
0.7494867636623826 1
0.9245556709096776 1
0.6895430199822935 1
0.905641253936507 1
0.9294199045800264 1
0.6605654573923405 1
0.7103396608773604 1
0.8381068549611108 1
0.7242990232349205 1
0.9245556709096776 1
0.8433699357632529 1
0.5930800909459215 1
0.6266817975030693 1
0.6167474221890171 1
0.4965397654661061 1
0.702602170460761 1
0.6347582004768284 1
0.787471739021737 1
0.6554390033293382 1
0.3603035889666444 1
0.8895231694626955 1
0.9055834486425881 1
0.8804300991710889 1
0.9066862802082878 1
0.840559925374817 1
0.8854230735755054 1
0.6874052512338048 1
0.9205421199897049 1
0.634026673987489 1
0.634026673987489 1
0.9092003377159189 1
0.5114673682333074 1
0.9274156723461658 1
0.6895430199822935 1
0.615076897078087 1
0.7103461458372242 1
0.795771290409786 1
0.6293480087803469 1
0.9095427311899499 1
0.9312421740486303 1
0.9011281659952904 1
0.9289006769200933 1
0.7091776926223843 1
0.8293340168763316 1
0.9337154462288128 1
0.7886555928454237 1
0.5930800909459215 1
0.6560982928771951 1
0.9337154462288128 1
0.8893810656698553 1
0.05997005203225818 1
0.7819056020802956 1
0.9092003377159189 1
0.9325392338049115 1
0.4640323257268241 1
0.9200442090874351 1
0.6976064297094382 1
0.7826329357441072 1
0.5642460718485586 1
0.9038775806564889 1
0.9393173518228435 1
0.9245556709096776 1
0.795771290409786 1
0.8196553230246881 1
0.4066689054724699 1
0.6241705365328976 1
0.8076821330955465 1
0.4145012599752289 1
0.6241705365328976 1
0.6175863050740028 1
0.7292079374060756 1
0.9114267611500598 1
0.9325392338049115 1
0.795771290409786 1
0.8223069094876153 1
0.7081458508566505 1
0.8651442787779308 1
0.9205421199897049 1
0.7166716073503957 1
0.9055514333477865 1
0.715438174464711 1
0.9114267611500598 1
0.9325392338049115 1
0.716254301498885 1
0.795771290409786 1
0.719181112854888 1
0.9361580694950652 1
0.9346725172829317 1
0.9325392338049115 1
0.9361580694950652 1
0.6554390033293382 1
0.3498713374947614 1
0.7596446068414804 1
0.9325392338049115 1
0.6895430199822935 1
0.9256562892439514 1
0.9186030984116467 1
0.7091169645745129 1
0.940168750265753 1
0.7901798710034679 1
0.5438478177920193 1
0.7259322687445642 1
0.9312421740486303 1
0.7513612556266995 1
0.7999893602606662 1
0.4217994077458947 1
0.887639625770353 1
0.6774287412394763 1
0.9312421740486303 1
0.840559925374817 1
0.6398809244851088 1
0.9055514333477865 1
0.5321135907435292 1
0.7513612556266995 1
0.8076821330955465 1
0.48197991710217175 1
0.9205421199897049 1
0.6239886747022609 1
0.6241705365328976 1
0.6398809244851088 1
0.8076821330955465 1
0.7494867636623826 1
0.8214295927748742 1
0.8194804399215817 1
0.6087488545732636 1
0.8998994084808598 1
0.7912456463646698 1
0.9325392338049115 1
0.9127238485307242 1
0.5596824839725537 1
0.6976064297094382 1
0.9205421199897049 1
0.907497522782786 1
0.843654136361775 1
0.7167855146950317 1
0.5505703240493793 1
0.6855992919616313 1
0.7701927830827711 1
0.563534244192495 1
0.651013491390701 1
0.9205421199897049 1
0.795771290409786 1
0.6398809244851088 1
0.912297844129652 1
0.9042544933300654 1
0.9328001241471452 1
0.7282073910569752 1
0.740379969538705 1
0.8076821330955465 1
0.840559925374817 1
0.8113325977270901 1
0.6429117989241191 1
0.9381419694600479 1
0.9115629932007905 1
0.7292079374060756 1
0.7506053508563706 1
0.9359093200030989 1
0.9361580694950652 1
0.7638318044696576 1
0.9274156723461658 1
0.8656383014165677 1
0.5775551787681722 1
0.8710133310116244 1
0.9096422234231976 1
0.9312421740486303 1
0.2557174802242544 1
0.9276948406689923 1
0.6895430199822935 1
0.0787709409892723 1
0.9359093200030989 1
0.9153799273446618 1
0.7901798710034679 1
0.7891365226535629 1
0.5438478177920193 1
0.7506053508563706 1
0.9004092091026811 1
0.795771290409786 1
0.795771290409786 1
0.9082069627568018 1
0.9312421740486303 1
0.8586021033559945 1
0.9325392338049115 1
0.31646632447369405 1
0.9302260348210128 1
0.889273614355584 1
0.6625000287480375 1
0.912297844129652 1
0.8307357711095771 1
0.8381068549611108 1
0.6398809244851088 1
0.7506053508563706 1
0.7506053508563706 1
0.7630975982357197 1
0.8916892264347623 1
0.5930800909459215 1
0.3900451675814218 1
0.7550105927667061 1
0.9325392338049115 1
0.7091169645745129 1
0.5775551787681722 1
0.7386753931509638 1
0.795771290409786 1
0.7826329357441072 1
0.9312421740486303 1
0.877886093649003 1
0.9245556709096776 1
0.6114598112280112 1
0.9325392338049115 1
0.08236272439223187 1
0.802815620268568 1
0.21367330870396378 1
0.3650271531561649 1
0.7596446068414804 1
0.6683997568347043 1
0.6065856381181854 1
0.9187484326673829 1
0.5060101926249697 1
0.7163190096423201 1
0.5424700433109695 1
0.9095427311899499 1
0.9134565780017541 1
0.9042732616569485 1
0.380427672981576 1
0.9292238633710919 1
0.36582543677334933 1
0.9011281659952904 1
0.7500647946532696 1
0.7032199365096773 1
0.715438174464711 1
0.9162205805263327 1
0.295866840270845 1
0.7403039493729024 1
0.06097374803299639 1
0.9128099228282117 1
0.6267243063903368 1
0.7103461458372242 1
0.7470286075092077 1
0.7763051758303898 1
0.5685918426990572 1
0.9162205805263327 1
0.9042732616569485 1
0.8919485624065719 1
0.3172073268790293 1
0.8735151871178429 1
0.5424700433109695 1
0.8998994084808598 1
0.6511621329217113 1
0.6260131465789422 1
0.7763051758303898 1
0.9312421740486303 1
0.8919485624065719 1
0.9126166544239692 1
0.9325392338049115 1
0.9126166544239692 1
0.7982649518184419 1
0.7701927830827711 1
0.9205421199897049 1
0.9302260348210128 1
0.7645203035336333 1
0.6895430199822935 1
0.6895430199822935 1
0.7506053508563706 1
0.9171546598056639 1
0.9030500728466425 1
0.899384890119482 1
0.9346725172829317 1
0.5562925580485956 1
0.23969032677482777 1
0.7091169645745129 1
0.9346725172829317 1
0.8190133018754245 1
0.40540964941197755 1
0.6429117989241191 1
0.9169647999434691 1
0.6167474221890171 1
0.9356532217444664 1
0.6241705365328976 1
0.8811765380997912 1
0.6478728239993122 1
0.6581808274514097 1
0.7400255996399917 1
0.6605654573923405 1
0.7103461458372242 1
0.21314650695538087 1
0.5505703240493793 1
0.6288634298511878 1
0.6560982928771951 1
0.5141211474660974 1
0.9312421740486303 1
0.9205421199897049 1
0.9320542920572591 1
0.7163190096423201 1
0.9325392338049115 1
0.9055514333477865 1
0.33960206974442614 1
0.6830375604846789 1
0.514035965436363 1
0.563534244192495 1
0.9325392338049115 1
0.795771290409786 1
0.9171546598056639 1
0.9092003377159189 1
0.7702109217807088 1
0.5630946797171053 1
0.9328001241471452 1
0.8196553230246881 1
0.7132267463959133 1
0.6089420291330986 1
0.840559925374817 1
0.09197289075620592 1
0.6163268398234569 1
0.9300314132268461 1
0.9041648607110505 1
0.9393173518228435 1
0.7506053508563706 1
0.10039536779760555 1
0.7166716073503957 1
0.7190978346203523 1
0.7451967491723249 1
0.7517305822715507 1
0.7103461458372242 1
0.6605654573923405 1
0.9162205805263327 1
0.2703345396252602 1
0.5770294255521887 1
0.9325392338049115 1
0.7091169645745129 1
0.9152972959880633 1
0.8025809528632574 1
0.8532023236148174 1
0.928998670828021 1
0.9186030984116467 1
0.26991309343758857 1
0.7506053508563706 1
0.7170740735428437 1
0.4286557633964698 1
0.896755965980241 1
0.9312421740486303 1
0.9325392338049115 1
0.5773751273430623 1
0.5596824839725537 1
0.940168750265753 1
0.8703554251504176 1
0.7292079374060756 1
0.9214126498105917 1
0.9187484326673829 1
0.7339907741116147 1
0.9325392338049115 1
0.6880292953863885 1
0.6241705365328976 1
0.9386299881818435 1
0.5730972327694305 1
0.906960617039165 1
0.09284139833974943 1
0.784668251595628 1
0.9312421740486303 1
0.840559925374817 1
0.7506053508563706 1
0.9276948406689923 1
0.9171546598056639 1
0.6893793197350585 1
0.9325392338049115 1
0.7737708014016751 1
0.9011281659952904 1
0.9302260348210128 1
0.6372305262448719 1
0.7567593110401779 1
0.7166716073503957 1
0.591265181581015 1
0.840559925374817 1
0.6398809244851088 1
0.6895430199822935 1
0.9248194549391382 1
0.9082031213414564 1
0.9183173931887828 1
0.7506053508563706 1
0.9393173518228435 1
0.7125792409141074 1
0.809411423359599 1
0.6320295966140475 1
0.919862410238893 1
0.9248194549391382 1
0.8649054071128099 1
0.9328001241471452 1
0.8854230735755054 1
0.7517305822715507 1
0.9287723123328961 1
0.6293480087803469 1
0.6738999921378769 1
0.911269862200644 1
0.5930800909459215 1
0.39738867078707224 1
0.7343783485657057 1
0.940168750265753 1
0.6429117989241191 1
0.8642958921967518 1
0.9033465924709853 1
0.9328001241471452 1
0.4586810325747563 1
0.5245597517324193 1
0.740379969538705 1
0.6172515279779186 1
0.7494867636623826 1
0.9325392338049115 1
0.7103461458372242 1
0.7262162887448627 1
0.7763051758303898 1
0.719181112854888 1
0.7530849047988126 1
0.9011281659952904 1
0.8076821330955465 1
0.912297844129652 1
0.7733053092311614 1
0.7162914745751847 1
0.906960617039165 1
0.7501014276311831 1
0.9115629932007905 1
0.9011281659952904 1
0.9133420226150366 1
0.6321352984590524 1
0.6592031020781174 1
0.5227973401430929 1
0.6253860076749347 1
0.6895430199822935 1
0.6601948812243462 1
0.8838183068316675 1
0.9361580694950652 1
0.7763051758303898 1
0.6066718146166449 1
0.7550105927667061 1
0.9312421740486303 1
0.907497522782786 1
0.8076821330955465 1
0.7126520195196054 1
0.9300314132268461 1
0.9162205805263327 1
0.7103461458372242 1
0.9294199045800264 1
0.931507712078635 1
0.8056941848042939 1
0.724523714607274 1
0.9328001241471452 1
0.7501014276311831 1
0.9312421740486303 1
0.8056941848042939 1
0.927386706711621 1
0.7591644867784467 1
0.8948587508353616 1
0.929968509832363 1
0.940168750265753 1
0.7763051758303898 1
0.6780322262287733 1
0.7879666866047924 1
0.8299977081127141 1
0.7103461458372242 1
0.5492906301097711 1
0.9014977008021847 1
0.658001747477001 1
0.6372305262448719 1
0.6241705365328976 1
0.9092003377159189 1
0.7091169645745129 1
0.719181112854888 1
0.19968964783107054 1
0.9047065694467613 1
0.9325392338049115 1
0.9276948406689923 1
0.840559925374817 1
0.6974346504405393 1
0.6749255451607221 1
0.9205421199897049 1
0.7827921707503553 1
0.23515656053226158 1
0.7314345415006411 1
0.5775551787681722 1
0.634026673987489 1
0.751563150881385 1
0.7103461458372242 1
0.7091169645745129 1
0.5505703240493793 1
0.7091169645745129 1
0.658001747477001 1
0.719181112854888 1
0.9126166544239692 1
0.6511621329217113 1
0.5930800909459215 1
0.896755965980241 1
0.6842773233597568 1
0.8076821330955465 1
0.1470271352497837 1
0.9337154462288128 1
0.6880292953863885 1
0.7506053508563706 1
0.9325392338049115 1
0.7091169645745129 1
0.5424700433109695 1
0.9055514333477865 1
0.6855992919616313 1
0.7343783485657057 1
0.9214126498105917 1
0.9095427311899499 1
0.5418636274587209 1
0.9275220126986119 1
0.9312421740486303 1
0.9381419694600479 1
0.8954392894141882 1
0.9133420226150366 1
0.8911926899799826 1
0.9222948050312183 1
0.8911725587781917 1
0.5573433681609744 1
0.731022816725051 1
0.8899689007554069 1
0.595849748875922 1
0.7506053508563706 1
0.8642958921967518 1
0.9146156259752312 1
0.6286187483365717 1
0.9294199045800264 1
0.7091169645745129 1
0.9002579772643963 1
0.2153038418904763 1
0.7194912045732417 1
0.21367330870396378 1
0.634026673987489 1
0.9128099228282117 1
0.8076821330955465 1
0.6795088174600462 1
0.9066862802082878 1
0.9105880697736753 1
0.7596446068414804 1
0.9030500728466425 1
0.7519368382474964 1
0.8826149230468737 1
0.7561268491390414 1
0.9212364468155677 1
0.6241705365328976 1
0.8817139926572571 1
0.4965397654661061 1
0.6172784432304501 1
0.8319584169589151 1
0.7218350026141294 1
0.6509400230167687 1
0.7386753931509638 1
0.6175863050740028 1
0.912297844129652 1
0.9300314132268461 1
0.8155763112368764 1
0.6241978254999052 1
0.9349257333010873 1
0.7494867636623826 1
0.7763051758303898 1
0.802815620268568 1
0.6593431616872407 1
0.9211971566192667 1
0.8861940316039465 1
0.8983381350194365 1
0.5157486668100318 1
0.6814273350939087 1
0.9289501464290643 1
0.7506053508563706 1
0.840559925374817 1
0.8078664769832109 1
0.6974346504405393 1
0.7584290199178093 1
0.9126166544239692 1
0.7763051758303898 1
0.7982649518184419 1
0.795771290409786 1
0.9183094369871889 1
0.9126166544239692 1
0.840559925374817 1
0.8299977081127141 1
0.919862410238893 1
0.6895430199822935 1
0.8818451845874411 1
0.9092003377159189 1
0.9200442090874351 1
0.4861121865992166 1
0.9188842640267755 1
0.9110226585504514 1
0.7506053508563706 1
0.7089985711827158 1
0.7103461458372242 1
0.9092179548942428 1
0.7294721316158344 1
0.9245556709096776 1
0.7982649518184419 1
0.9325392338049115 1
0.6172784432304501 1
0.7091169645745129 1
0.7091169645745129 1
0.9126166544239692 1
0.13559208368092626 1
0.45018056036123655 1
0.08934432880508564 1
0.11342188953873812 1
0.6593431616872407 1
0.5775551787681722 1
0.589746051645994 1
0.7900343520745507 1
0.9083313365456174 1
0.7337108451847355 1
0.7299091309461131 1
0.5775551787681722 1
0.9393173518228435 1
0.8076821330955465 1
0.7467470411524433 1
0.9328001241471452 1
0.9284969834567668 1
0.755705080395269 1
0.9126166544239692 1
0.8124954322431555 1
0.7886555928454237 1
0.8712396885856353 1
0.8592055976375369 1
0.6687813464912019 1
0.9125834128728525 1
0.8977860530428361 1
0.9096422234231976 1
0.9132859354829369 1
0.5378693259632296 1
0.9129473988711216 1
0.8364049281647077 1
0.9082031213414564 1
0.9039914087276518 1
0.615076897078087 1
0.7701927830827711 1
0.6515977615856103 1
0.9328001241471452 1
0.6974346504405393 1
0.9142906246854261 1
0.9186030984116467 1
0.9381419694600479 1
0.491985338002425 1
0.9302872066606487 1
0.716254301498885 1
0.9155496589366405 1
0.8899689007554069 1
0.9208456409119423 1
0.7091169645745129 1
0.8987823741394642 1
0.7506053508563706 1
0.9076474279239327 1
0.9126166544239692 1
0.47947901530795617 1
0.9076270105037281 1
0.5562925580485956 1
0.6544931222155084 1
0.9180293565516146 1
0.9328001241471452 1
0.07508210922479523 1
0.9157831003697746 1
0.9312421740486303 1
0.9126166544239692 1
0.7217798862829662 1
0.6560982928771951 1
0.8374734927949381 1
0.9274156723461658 1
0.9292238633710919 1
0.9171546598056639 1
0.5424700433109695 1
0.7249222743968129 1
0.8293340168763316 1
0.634026673987489 1
0.7170740735428437 1
0.795771290409786 1
0.918559248174595 1
0.9274156723461658 1
0.6640631145002871 1
0.6241705365328976 1
0.8919485624065719 1
0.7103461458372242 1
0.7396466335850407 1
0.7097797065635921 1
0.6606952116563207 1
0.719181112854888 1
0.740379969538705 1
0.9079716170011916 1
0.9325392338049115 1
0.9275220126986119 1
0.9029118184381314 1
0.4447123634057922 1
0.8894345675056404 1
0.9393173518228435 1
0.9312421740486303 1
0.1470271352497837 1
0.9011281659952904 1
0.9017506103553616 1
0.9325392338049115 1
0.7337108451847355 1
0.8076821330955465 1
0.8661252220836637 1
0.6961741128403982 1
0.912297844129652 1
0.6066718146166449 1
0.8895231694626955 1
0.9005036377325785 1
0.5492906301097711 1
0.6370916567572831 1
0.9048124375488665 1
0.7170740735428437 1
0.6491883183213752 1
0.6997927745214525 1
0.5492906301097711 1
0.9279157061387633 1
0.5596824839725537 1
0.8899689007554069 1
0.7103461458372242 1
0.8113325977270901 1
0.43410918914918906 1
0.6354218220415957 1
0.9126296797443577 1
0.5438478177920193 1
0.7900343520745507 1
0.9337154462288128 1
0.6370916567572831 1
0.795771290409786 1
0.7103461458372242 1
0.9044635421354381 1
0.8056941848042939 1
0.7170740735428437 1
0.795771290409786 1
0.6842773233597568 1
0.3892978269294641 1
0.7763051758303898 1
0.7435940945106034 1
0.3691623636820942 1
0.8620491494013944 1
0.7103461458372242 1
0.740379969538705 1
0.7259322687445642 1
0.7481544825802058 1
0.8974920382730966 1
0.4447123634057922 1
0.9126166544239692 1
0.9110226585504514 1
0.9129473988711216 1
0.6522944989135943 1
0.44492119216296144 1
0.21410640019697108 1
0.8390510947899309 1
0.7097797065635921 1
0.4244508761864553 1
0.5342709462188536 1
0.5886113486951695 1
0.7122981408294445 1
0.7343783485657057 1
0.7901798710034679 1
0.7004919136225766 1
0.919862410238893 1
0.58260030249048 1
0.5599965621996654 1
0.9171546598056639 1
0.6855992919616313 1
0.4096486458248998 1
0.9180615548358718 1
0.9126166544239692 1
0.7879666866047924 1
0.751563150881385 1
0.7103461458372242 1
0.7103461458372242 1
0.9325392338049115 1
0.7103461458372242 1
0.9066862802082878 1
0.9312421740486303 1
0.9290537198654666 1
0.5020973720483973 1
0.07915232719923208 1
0.6554390033293382 1
0.06744473878207949 1
0.877886093649003 1
0.7711066329003147 1
0.7580787567493185 1
0.9092003377159189 1
0.77497382361098 1
0.9139571146056267 1
0.9002579772643963 1
0.9245556709096776 1
0.7607254138023883 1
0.7826329357441072 1
0.07878937815152136 1
0.840559925374817 1
0.6511621329217113 1
0.6832235320401919 1
0.8263030058546726 1
0.7086192646949028 1
0.9195392378705797 1
0.4735788313969277 1
0.719181112854888 1
0.3458119099269736 1
0.514035965436363 1
0.6109915043322606 1
0.9077790607297956 1
0.9115629932007905 1
0.5723211068915083 1
0.7683317628479234 1
0.9325392338049115 1
0.749144995275704 1
0.9290537198654666 1
0.9381419694600479 1
0.6048197036659129 1
0.9290537198654666 1
0.7809606674260857 1
0.9029611348511395 1
0.9346725172829317 1
0.7982649518184419 1
0.9127238485307242 1
0.5980858719006202 1
0.6709069401801818 1
0.6398809244851088 1
0.6049065475203367 1
0.9284969834567668 1
0.8827028096038112 1
0.9076604163232742 1
0.9275220126986119 1
0.6560982928771951 1
0.6780322262287733 1
0.7120788611525442 1
0.9312421740486303 1
0.6895430199822935 1
0.9302872066606487 1
0.6398809244851088 1
0.7698202733241831 1
0.7190266724361349 1
0.9107119731838931 1
0.7103461458372242 1
0.9274156723461658 1
0.6971175351281347 1
0.6588244055018683 1
0.6774922273233354 1
0.852428548617902 1
0.4180948180547724 1
0.7125792409141074 1
0.7763051758303898 1
0.7819056020802956 1
0.7704899895696172 1
0.6127394813518262 1
0.9186030984116467 1
0.92013393716841 1
0.9356532217444664 1
0.6380175004676192 1
0.7091169645745129 1
0.795771290409786 1
0.7103461458372242 1
0.6644374715059636 1
0.9356532217444664 1
0.6167474221890171 1
0.719181112854888 1
0.8868062198616053 1
0.8666472911250533 1
0.7091169645745129 1
0.9284969834567668 1
0.7714458770429635 1
0.7249100384910427 1
0.751563150881385 1
0.9161029616522448 1
0.634026673987489 1
0.7506053508563706 1
0.7162914745751847 1
0.9172187887674672 1
0.7337108451847355 1
0.6398809244851088 1
0.9082031213414564 1
0.9205421199897049 1
0.918559248174595 1
0.9076474279239327 1
0.9302260348210128 1
0.9126166544239692 1
0.9115629932007905 1
0.9205421199897049 1
0.7120788611525442 1
0.8974920382730966 1
0.5439505366359682 1
0.7826329357441072 1
0.6241705365328976 1
0.9096422234231976 1
0.9276948406689923 1
0.7451967491723249 1
0.6709069401801818 1
0.7587863122131757 1
0.3603035889666444 1
0.716254301498885 1
0.7091169645745129 1
0.7212162956095004 1
0.885392540871168 1
0.6727534878660169 1
0.5573433681609744 1
0.6266817975030693 1
0.7166716073503957 1
0.6293480087803469 1
0.5340439374462282 1
0.33357784478254054 1
0.9325392338049115 1
0.9129473988711216 1
0.9074640640409506 1
0.940168750265753 1
0.7259322687445642 1
0.9312421740486303 1
0.5424700433109695 1
0.9055514333477865 1
0.9146156259752312 1
0.8913999343185577 1
0.9325392338049115 1
0.9126166544239692 1
0.8076821330955465 1
0.9361580694950652 1
0.9139571146056267 1
0.7506053508563706 1
0.7451967491723249 1
0.7426423318173055 1
0.7800674645528953 1
0.7513612556266995 1
0.4735788313969277 1
0.5616823761563244 1
0.8263030058546726 1
0.6509400230167687 1
0.9082069627568018 1
0.6895430199822935 1
0.8192531947059202 1
0.722202147355214 1
0.9196346799146343 1
0.40540964941197755 1
0.795771290409786 1
0.9386299881818435 1
0.7697000416866911 1
0.9361580694950652 1
0.8987823741394642 1
0.7500031122111377 1
0.7437438763351539 1
0.542439325405417 1
0.5439505366359682 1
0.09110834116622454 1
0.6488870451443487 1
0.9245556709096776 1
0.6267243063903368 1
0.7343783485657057 1
0.7091169645745129 1
0.6605654573923405 1
0.9312421740486303 1
0.6882643001042454 1
0.7091169645745129 1
0.9092003377159189 1
0.5378693259632296 1
0.6167474221890171 1
0.8735535384001828 1
0.6299309570087882 1
0.9381419694600479 1
0.685297073186804 1
0.9302872066606487 1
0.9325392338049115 1
0.9186030984116467 1
0.9325392338049115 1
0.9393173518228435 1
0.7242990232349205 1
0.5878909454162536 1
0.7294721316158344 1
0.906960617039165 1
0.4293272908446958 1
0.7343783485657057 1
0.9227197764843317 1
0.7550105927667061 1
0.8818451845874411 1
0.7122981408294445 1
0.9290537198654666 1
0.9214126498105917 1
0.7901798710034679 1
0.795771290409786 1
0.6167474221890171 1
0.7999893602606662 1
0.36119601557678244 1
0.9044635421354381 1
0.9361580694950652 1
0.7343783485657057 1
0.725012915735161 1
0.627955128808134 1
0.06813341687153254 1
0.9055514333477865 1
0.8856139509824706 1
0.6267243063903368 1
0.7339907741116147 1
0.7608652856744863 1
0.795771290409786 1
0.283593992597058 1
0.6172784432304501 1
0.7004754265118291 1
0.9393173518228435 1
0.5340439374462282 1
0.8196553230246881 1
0.6545607191645775 1
0.7557691152044057 1
0.9125834128728525 1
0.9110226585504514 1
0.928998670828021 1
0.7376756770536287 1
0.846140104847331 1
0.8107313741755283 1
0.7737708014016751 1
0.6373896653667309 1
0.9245556709096776 1
0.6172784432304501 1
0.9142906246854261 1
0.7396466335850407 1
0.7763051758303898 1
0.7610487035447517 1
0.7091169645745129 1
0.9359093200030989 1
0.840559925374817 1
0.6167474221890171 1
0.7643786311770233 1
0.9147892050158574 1
0.9133420226150366 1
0.749144995275704 1
0.6545607191645775 1
0.8140798704742032 1
0.7250746867599303 1
0.8894345675056404 1
0.6049065475203367 1
0.6264800821062003 1
0.37367908144637835 1
0.6842773233597568 1
0.9161408780458505 1
0.9300314132268461 1
0.843654136361775 1
0.5775551787681722 1
0.9205421199897049 1
0.7506053508563706 1
0.6570570381366996 1
0.7282073910569752 1
0.5679744331192462 1
0.877886093649003 1
0.8982975363014567 1
0.7622034832773006 1
0.7763051758303898 1
0.795771290409786 1
0.6398809244851088 1
0.7982649518184419 1
0.9361580694950652 1
0.9276948406689923 1
0.911243632397259 1
0.8097568856996723 1
0.8108330961075275 1
0.840559925374817 1
0.9294199045800264 1
0.9361580694950652 1
0.795771290409786 1
0.9078561709487093 1
0.658001747477001 1
0.9126166544239692 1
0.9183173931887828 1
0.9090787983054189 1
0.7701927830827711 1
0.9393173518228435 1
0.8124954322431555 1
0.8785824417074011 1
0.9096348835459314 1
0.9245300879811615 1
0.9211971566192667 1
0.9325392338049115 1
0.8196553230246881 1
0.17444367815141076 1
0.6293480087803469 1
0.795771290409786 1
0.7343783485657057 1
0.5418636274587209 1
0.7763051758303898 1
0.6588244055018683 1
0.9115629932007905 1
0.09284139833974943 1
0.8096817259822793 1
0.6398809244851088 1
0.9312421740486303 1
0.6398809244851088 1
0.6398809244851088 1
0.8355151998733277 1
0.3480190646613489 1
0.9325392338049115 1
0.8076821330955465 1
0.9289501464290643 1
0.737919491917187 1
0.7103461458372242 1
0.928998670828021 1
0.7400255996399917 1
0.5439505366359682 1
0.6565560166444464 1
0.6398809244851088 1
0.6274698067808467 1
0.4286557633964698 1
0.9047065694467613 1
0.7103461458372242 1
0.8397211148950514 1
0.4351549428847589 1
0.5505703240493793 1
0.6968246985694132 1
0.7838703616261097 1
0.7763051758303898 1
0.9361580694950652 1
0.9030500728466425 1
0.813024795279256 1
0.9284969834567668 1
0.7982649518184419 1
0.7217798862829662 1
0.6974346504405393 1
0.7714458770429635 1
0.7482805996652128 1
0.08258713141640311 1
0.9055834486425881 1
0.6842773233597568 1
0.7170740735428437 1
0.8703554251504176 1
0.7103461458372242 1
0.8158798642023154 1
0.8078664769832109 1
0.9114267611500598 1
0.9082031213414564 1
0.05889883462293796 1
0.9325392338049115 1
0.700001683245408 1
0.9169647999434691 1
0.9245556709096776 1
0.8196553230246881 1
0.7091169645745129 1
0.8113325977270901 1
0.9110226585504514 1
0.9313312886535039 1
0.7500484899194878 1
0.7894144547999503 1
0.5834422425098337 1
0.7343783485657057 1
0.9284969834567668 1
0.9200442090874351 1
0.8919485624065719 1
0.865530323091111 1
0.8998994084808598 1
0.9095427311899499 1
0.7658859843510268 1
0.9312421740486303 1
0.8642958921967518 1
0.7982649518184419 1
0.9245300879811615 1
0.8817139926572571 1
0.2275191765164465 1
0.6974346504405393 1
0.719181112854888 1
0.9252583614967834 1
0.9236777311639202 1
0.8076821330955465 1
0.7621049802070454 1
0.7506053508563706 1
0.9361580694950652 1
0.6593431616872407 1
0.8899689007554069 1
0.906960617039165 1
0.09284139833974943 1
0.9211971566192667 1
0.906960617039165 1
0.7513612556266995 1
0.8196553230246881 1
0.7478282287051965 1
0.5679744331192462 1
0.8963682754497064 1
0.8971399766685265 1
0.6971175351281347 1
0.8954392894141882 1
0.7426423318173055 1
0.7657014750178881 1
0.719181112854888 1
0.9134565780017541 1
0.9274156723461658 1
0.7972550078175734 1
0.23915075706866093 1
0.9133420226150366 1
0.843654136361775 1
0.8080346793783899 1
0.6824480472644984 1
0.8919485624065719 1
0.7327337621745177 1
0.7678822878021316 1
0.795771290409786 1
0.840559925374817 1
0.751563150881385 1
0.6274698067808467 1
0.7607254138023883 1
0.7912456463646698 1
0.6241705365328976 1
0.919223372490086 1
0.4976783804192133 1
0.6968246985694132 1
0.7337108451847355 1
0.8076821330955465 1
0.7759870300690367 1
0.6274698067808467 1
0.6398809244851088 1
0.748621938177026 1
0.6063970559025093 1
0.9325392338049115 1
0.36986064871954183 1
0.9055514333477865 1
0.9214126498105917 1
0.6172784432304501 1
0.43410918914918906 1
0.5948076635354032 1
0.8744961843483631 1
0.9237468288847163 1
0.21367330870396378 1
0.8966364230291737 1
0.9126166544239692 1
0.840559925374817 1
0.47266526446320417 1
0.9325392338049115 1
0.5424700433109695 1
0.380427672981576 1
0.909352815241992 1
0.7596446068414804 1
0.716254301498885 1
0.9325392338049115 1
0.9276948406689923 1
0.7645203035336333 1
0.6625000287480375 1
0.7292079374060756 1
0.8194804399215817 1
0.6429117989241191 1
0.8481007686140816 1
0.5948690369363283 1
0.7103396608773604 1
0.7500647946532696 1
0.7426423318173055 1
0.9064743901469409 1
0.4286557633964698 1
0.9322965278933412 1
0.9356532217444664 1
0.9152972959880633 1
0.9393173518228435 1
0.6274698067808467 1
0.6749255451607221 1
0.9037087218678556 1
0.06125503309292927 1
0.5129581119568701 1
0.9312421740486303 1
0.8954392894141882 1
0.9162177548511578 1
0.6997927745214525 1
0.9211971566192667 1
0.582846751658085 1
0.9126166544239692 1
0.9179972349866817 1
0.7166716073503957 1
0.9033465924709853 1
0.7299091309461131 1
0.7733053092311614 1
0.9386299881818435 1
0.7223351518336546 1
0.9245556709096776 1
0.5874555143937902 1
0.3659245868929964 1
0.9284969834567668 1
0.7148788216042475 1
0.8075806090291843 1
0.7506053508563706 1
0.6855992919616313 1
0.9171546598056639 1
0.9157831003697746 1
0.8605590850315595 1
0.556862659671434 1
0.9312421740486303 1
0.8076821330955465 1
0.9302260348210128 1
0.21367330870396378 1
0.9211971566192667 1
0.6593431616872407 1
0.19931561874216677 1
0.8209439687487403 1
0.6398809244851088 1
0.7103461458372242 1
0.9325392338049115 1
0.5492906301097711 1
0.887639625770353 1
0.9261207053826945 1
0.380917606367642 1
0.8223069094876153 1
0.501962989372817 1
0.715438174464711 1
0.9381419694600479 1
0.795771290409786 1
0.7506053508563706 1
0.807205071318551 1
0.9222948050312183 1
0.6592031020781174 1
0.6498854839371258 1
0.7901798710034679 1
0.7190266724361349 1
0.7364720373980049 1
0.5948690369363283 1
0.8113325977270901 1
0.8199610709371479 1
0.6511621329217113 1
0.928998670828021 1
0.5550227150529011 1
0.4066689054724699 1
0.7763051758303898 1
0.8214295927748742 1
0.6167474221890171 1
0.9312421740486303 1
0.7506053508563706 1
0.6364194796147858 1
0.9245556709096776 1
0.918559248174595 1
0.9218449566716228 1
0.7506053508563706 1
0.9055514333477865 1
0.537033675139268 1
0.7325434829680356 1
0.6640631145002871 1
0.7561268491390414 1
0.9039914087276518 1
0.5616823761563244 1
0.9325392338049115 1
0.9082031213414564 1
0.7584290199178093 1
0.5114673682333074 1
0.9302260348210128 1
0.9312421740486303 1
0.906183841665544 1
0.802815620268568 1
0.22166637135397987 1
0.7118816134801609 1
0.9180615548358718 1
0.6175863050740028 1
0.716254301498885 1
0.5948076635354032 1
0.9042544933300654 1
0.8096817259822793 1
0.940168750265753 1
0.9337154462288128 1
0.7763051758303898 1
0.5596824839725537 1
0.906960617039165 1
0.6729795234537083 1
0.4244508761864553 1
0.5948690369363283 1
0.7659149142179192 1
0.6588244055018683 1
0.7517305822715507 1
0.6425632174404623 1
0.7103461458372242 1
0.9328001241471452 1
0.7972550078175734 1
0.7506053508563706 1
0.8642958921967518 1
0.8123438623754738 1
0.7737708014016751 1
0.7711066329003147 1
0.6251070855872213 1
0.6511621329217113 1
0.9162205805263327 1
0.6398809244851088 1
0.6974346504405393 1
0.25194734628182797 1
0.5533772514189241 1
0.8440401224190015 1
0.6540444523039004 1
0.9359093200030989 1
0.6347582004768284 1
0.7378156766665873 1
0.8669351200039175 1
0.5634471061073891 1
0.23390179840884653 1
0.6588244055018683 1
0.8592055976375369 1
0.7091169645745129 1
0.6398809244851088 1
0.9222948050312183 1
0.6903594487316598 1
0.7405556796730624 1
0.9129473988711216 1
0.807205071318551 1
0.6880292953863885 1
0.5287290018975692 1
0.7091169645745129 1
0.5114673682333074 1
0.7103461458372242 1
0.54331171376611 1
0.4204408429579806 1
0.5573433681609744 1
0.7103461458372242 1
0.7211196564168567 1
0.7343783485657057 1
0.7386753931509638 1
0.9325392338049115 1
0.840559925374817 1
0.912297844129652 1
0.9171546598056639 1
0.6606952116563207 1
0.33095724802988746 1
0.8183193449998726 1
0.5439505366359682 1
0.9393173518228435 1
0.627955128808134 1
0.6709069401801818 1
0.7162914745751847 1
0.5878909454162536 1
0.41318564687288795 1
0.840559925374817 1
0.9126166544239692 1
0.7561268491390414 1
0.795771290409786 1
0.9393173518228435 1
0.795771290409786 1
0.9195392378705797 1
0.7112022439052001 1
0.7901798710034679 1
0.7506053508563706 1
0.6398809244851088 1
0.05626087266762326 1
0.9055514333477865 1
0.7248398032024771 1
0.9093716923342902 1
0.5596824839725537 1
0.5723211068915083 1
0.7901798710034679 1
0.9359093200030989 1
0.9125834128728525 1
0.39639577489806405 1
0.6560982928771951 1
0.9155496589366405 1
0.719181112854888 1
0.4351549428847589 1
0.7091169645745129 1
0.9196346799146343 1
0.9261207053826945 1
0.7501014276311831 1
0.9393173518228435 1
0.7103461458372242 1
0.9284969834567668 1
0.7302350962837694 1
0.9042544933300654 1
0.8535109988539464 1
0.6293480087803469 1
0.6903594487316598 1
0.9393173518228435 1
0.7591644867784467 1
0.7270518890148783 1
0.9245556709096776 1
0.21367330870396378 1
0.6696459055115935 1
0.8856575125561291 1
0.9050660893060873 1
0.9292238633710919 1
0.3779062878038107 1
0.9325392338049115 1
0.19831063481547695 1
0.6855992919616313 1
0.7901798710034679 1
0.9356532217444664 1
0.7513612556266995 1
0.7891365226535629 1
0.9186284843233379 1
0.7506053508563706 1
0.9078561709487093 1
0.5865719437062467 1
0.8439706486429903 1
0.9205421199897049 1
0.7657014750178881 1
0.9245556709096776 1
0.7517305822715507 1
0.685297073186804 1
0.7737708014016751 1
0.9237468288847163 1
0.6398809244851088 1
0.9312421740486303 1
0.7830079694652734 1
0.7827921707503553 1
0.9245556709096776 1
0.8317900790746446 1
0.9245556709096776 1
0.7103461458372242 1
0.9393173518228435 1
0.47266526446320417 1
0.9302385981881653 1
0.9114267611500598 1
0.889698150720265 1
0.7506053508563706 1
0.7347223021604491 1
0.5630946797171053 1
0.8108330961075275 1
0.7519368382474964 1
0.8196956503363937 1
0.7364479466762669 1
0.9361580694950652 1
0.41720341898358926 1
0.7103461458372242 1
0.722202147355214 1
0.7827921707503553 1
0.9337154462288128 1
0.44005381867267496 1
0.9393173518228435 1
0.7763051758303898 1
0.7451357302518018 1
0.6373896653667309 1
0.7638318044696576 1
0.9162205805263327 1
0.6068543861587871 1
0.5599965621996654 1
0.9205421199897049 1
0.6398809244851088 1
0.931507712078635 1
0.1470271352497837 1
0.9274156723461658 1
0.6895430199822935 1
0.9044635421354381 1
0.8899689007554069 1
0.9284969834567668 1
0.840559925374817 1
0.795771290409786 1
0.9214126498105917 1
0.929968509832363 1
0.8661252220836637 1
0.563534244192495 1
0.36359518805297725 1
0.7826329357441072 1
0.8113325977270901 1
0.5505703240493793 1
0.5630946797171053 1
0.9055514333477865 1
0.931507712078635 1
0.5371062463941667 1
0.9126166544239692 1
0.7763051758303898 1
0.896755965980241 1
0.6398809244851088 1
0.6398809244851088 1
0.9092003377159189 1
0.7506053508563706 1
0.9393173518228435 1
0.7489743768589131 1
0.4756079876419822 1
0.7217798862829662 1
0.9011281659952904 1
0.906960617039165 1
0.6814273350939087 1
0.9092003377159189 1
0.9139571146056267 1
0.685297073186804 1
0.6560982928771951 1
0.6398809244851088 1
0.46006797888564016 1
0.749144995275704 1
0.7103461458372242 1
0.0888784165543354 1
0.8753795939962737 1
0.9186030984116467 1
0.6974346504405393 1
0.666902057255617 1
0.9393173518228435 1
0.927386706711621 1
0.1448899155550616 1
0.7911307029582023 1
0.7289837351297218 1
0.9126166544239692 1
0.9076474279239327 1
0.6754932346152343 1
0.6895430199822935 1
0.7166716073503957 1
0.7982649518184419 1
0.6882643001042454 1
0.899384890119482 1
0.9292238633710919 1
0.795771290409786 1
0.8894375734477219 1
0.6855992919616313 1
0.5803292784269631 1
0.7170740735428437 1
0.7218350026141294 1
0.9047065694467613 1
0.6515917531260864 1
0.8838183068316675 1
0.7608652856744863 1
0.7089657748513867 1
0.8381068549611108 1
0.9105880697736753 1
0.9126166544239692 1
0.8056941848042939 1
0.7091169645745129 1
0.9118920343387386 1
0.8076821330955465 1
0.9302260348210128 1
0.8148739460752961 1
0.9146156259752312 1
0.9245556709096776 1
0.9205421199897049 1
0.9325392338049115 1
0.7378276964204771 1
0.9313312886535039 1
0.6398809244851088 1
0.6398809244851088 1
0.5340439374462282 1
0.6398809244851088 1
0.5679744331192462 1
0.8993010124416498 1
0.7272097991403114 1
0.7070257697178547 1
0.9162177548511578 1
0.4756079876419822 1
0.9110908018968867 1
0.6570570381366996 1
0.8196553230246881 1
0.4293272908446958 1
0.6924746593513238 1
0.7623353774998782 1
0.7953186287515289 1
0.9393173518228435 1
0.9171546598056639 1
0.9328001241471452 1
0.6439064757234951 1
0.6565560166444464 1
0.9065580448823369 1
0.9292238633710919 1
0.906960617039165 1
0.8762180725189154 1
0.6976064297094382 1
0.6729795234537083 1
0.807205071318551 1
0.9361580694950652 1
0.8076821330955465 1
0.7194330961327903 1
0.7091169645745129 1
0.9187484326673829 1
0.7838703616261097 1
0.9196346799146343 1
0.7290581237030413 1
0.7564624498276246 1
0.7091776926223843 1
0.7830079694652734 1
0.7901798710034679 1
0.6555217907557309 1
0.9312421740486303 1
0.8296844598610282 1
0.21187126973801734 1
0.4735788313969277 1
0.9381419694600479 1
0.8919485624065719 1
0.20168012094786433 1
0.47266526446320417 1
0.7103461458372242 1
0.6479726143408606 1
0.6425632174404623 1
0.7621049802070454 1
0.08191047152114067 1
0.4301956105295209 1
0.7103461458372242 1
0.5948076635354032 1
0.5920556783106572 1
0.8966364230291737 1
0.7550105927667061 1
0.6821074417109196 1
0.9325392338049115 1
0.911269862200644 1
0.9066862802082878 1
0.6063970559025093 1
0.5599959190059204 1
0.7327119915408401 1
0.6769391381605058 1
0.6444843413923915 1
0.7132267463959133 1
0.7550105927667061 1
0.9041648607110505 1
0.7343783485657057 1
0.9325392338049115 1
0.7506053508563706 1
0.877886093649003 1
0.9092003377159189 1
0.8076821330955465 1
0.7506053508563706 1
0.1470271352497837 1
0.8123438623754738 1
0.722202147355214 1
0.6673352409855002 1
0.9129473988711216 1
0.5930800909459215 1
0.2057381633191012 1
0.7561268491390414 1
0.9274156723461658 1
0.6895430199822935 1
0.885034871004716 1
0.5438478177920193 1
0.9359093200030989 1
0.6940796264663724 1
0.658001747477001 1
0.9127446450965209 1
0.9109333659844403 1
0.840559925374817 1
0.5114673682333074 1
0.9205421199897049 1
0.7732683032285709 1
0.5319903477425266 1
0.9300314132268461 1
0.8861940316039465 1
0.9029118184381314 1
0.6946326053746449 1
0.9139571146056267 1
0.9090787983054189 1
0.7103461458372242 1
0.6861685100881894 1
0.5791780797685566 1
0.7103396608773604 1
0.7467470411524433 1
0.5385045341410719 1
0.9211971566192667 1
0.7103461458372242 1
0.7103461458372242 1
0.9055834486425881 1
0.9214126498105917 1
0.8642958921967518 1
0.7494867636623826 1
0.7506053508563706 1
0.9252583614967834 1
0.9393173518228435 1
0.7550105927667061 1
0.8409746880686572 1
0.9325392338049115 1
0.7091169645745129 1
0.6855992919616313 1
0.9129473988711216 1
0.6083187319753252 1
0.9055514333477865 1
0.740379969538705 1
0.9200442090874351 1
0.9245556709096776 1
0.9211112887264548 1
0.45018056036123655 1
0.9092003377159189 1
0.7827394456110615 1
0.9325392338049115 1
0.23781570729944745 1
0.1470271352497837 1
0.7364720373980049 1
0.8899689007554069 1
0.7166716073503957 1
0.35267036735161755 1
0.7513612556266995 1
0.5914718785168953 1
0.9078561709487093 1
0.9393173518228435 1
0.8056941848042939 1
0.795771290409786 1
0.5948690369363283 1
0.6425632174404623 1
0.9126166544239692 1
0.6491796789143536 1
0.7901798710034679 1
0.8263030058546726 1
0.807205071318551 1
0.8079947750136086 1
0.7494867636623826 1
0.3876268548092488 1
0.69501369478894 1
0.7262162887448627 1
0.7494867636623826 1
0.734359818236091 1
0.7103461458372242 1
0.9325392338049115 1
0.07915232719923208 1
0.4066689054724699 1
0.9328001241471452 1
0.7830079694652734 1
0.840559925374817 1
0.06097374803299639 1
0.840559925374817 1
0.7623353774998782 1
0.9011281659952904 1
0.9337154462288128 1
0.795771290409786 1
0.7634326559580664 1
0.9211112887264548 1
0.6036275124006163 1
0.9325392338049115 1
0.7826329357441072 1
0.911269862200644 1
0.9133420226150366 1
0.7376756770536287 1
0.9029118184381314 1
0.5283833605359954 1
0.4958884288287084 1
0.807205071318551 1
0.7474847371004774 1
0.807205071318551 1
0.9312421740486303 1
0.9110908018968867 1
0.9361580694950652 1
0.8762180725189154 1
0.7091169645745129 1
0.6855992919616313 1
0.909352815241992 1
0.9078380334977763 1
0.9386299881818435 1
0.7103461458372242 1
0.9292238633710919 1
0.9211971566192667 1
0.9126166544239692 1
0.6593431616872407 1
0.6895430199822935 1
0.9114558572663648 1
0.41318564687288795 1
0.5884999452451166 1
0.9011281659952904 1
0.7434873873406773 1
0.7513612556266995 1
0.7194912045732417 1
0.6293480087803469 1
0.9110908018968867 1
0.7292079374060756 1
0.514035965436363 1
0.795771290409786 1
0.9109333659844403 1
0.7591644867784467 1
0.624889110708327 1
0.8065878230526379 1
0.9037087218678556 1
0.6272695374721006 1
0.7972550078175734 1
0.8190133018754245 1
0.7763051758303898 1
0.9160198391638128 1
0.6895430199822935 1
0.9359093200030989 1
0.6398809244851088 1
0.740379969538705 1
0.8381068549611108 1
0.5930800909459215 1
0.9155496589366405 1
0.9236777311639202 1
0.7091169645745129 1
0.9290537198654666 1
0.6855992919616313 1
0.745216742621596 1
0.4351549428847589 1
0.7763051758303898 1
0.9055834486425881 1
0.795771290409786 1
0.916891833926487 1
0.6933829015037097 1
0.5630946797171053 1
0.9393173518228435 1
0.7623353774998782 1
0.9183094369871889 1
0.9110908018968867 1
0.21367330870396378 1
0.840559925374817 1
0.9237468288847163 1
0.9393173518228435 1
0.6540444523039004 1
0.7506053508563706 1
0.6172784432304501 1
0.7550105927667061 1
0.5642460718485586 1
0.615076897078087 1
0.5773751273430623 1
0.6974346504405393 1
0.795771290409786 1
0.6267243063903368 1
0.9155496589366405 1
0.9361580694950652 1
0.9361580694950652 1
0.6895430199822935 1
0.17099806290755645 1
0.6863722168081284 1
0.6544931222155084 1
0.8108330961075275 1
0.7166716073503957 1
0.4950734973873203 1
0.7166716073503957 1
0.7701927830827711 1
0.6839589474559712 1
0.8966495692407903 1
0.8460736435767886 1
0.9325392338049115 1
0.8986608749964893 1
0.7506053508563706 1
0.8798149280951987 1
0.9160198391638128 1
0.906960617039165 1
0.6167474221890171 1
0.7494867636623826 1
0.6986704361063197 1
0.6593431616872407 1
0.7103461458372242 1
0.09756977639056741 1
0.7999893602606662 1
0.6297820207348848 1
0.6727534878660169 1
0.7826329357441072 1
0.6398809244851088 1
0.8409626488920589 1
0.08815119221010904 1
0.9129473988711216 1
0.9312421740486303 1
0.8861940316039465 1
0.591265181581015 1
0.3580232163567436 1
0.6855992919616313 1
0.9381419694600479 1
0.686931269030865 1
0.6509884382270867 1
0.9095427311899499 1
0.9055514333477865 1
0.9080616642385176 1
0.9082069627568018 1
0.8785563018594617 1
0.889273614355584 1
0.6855992919616313 1
0.8196553230246881 1
0.6667613255225848 1
0.840559925374817 1
0.9072031378766185 1
0.7299091309461131 1
0.7697000416866911 1
0.21426813701792688 1
0.6347582004768284 1
0.940168750265753 1
0.9325392338049115 1
0.9325392338049115 1
0.840559925374817 1
0.21367330870396378 1
0.7112022439052001 1
0.7591663130088118 1
0.734359818236091 1
0.8381068549611108 1
0.9228873279753789 1
0.9139571146056267 1
0.7091169645745129 1
0.6743669335353157 1
0.907497522782786 1
0.2557174802242544 1
0.6771223672603208 1
0.6343097858796456 1
0.9346725172829317 1
0.5252144416300267 1
0.7217798862829662 1
0.38470450570973314 1
0.6895430199822935 1
0.9359093200030989 1
0.686931269030865 1
0.7302350962837694 1
0.7262314245418905 1
0.5865935682415162 1
0.9359093200030989 1
0.8798149280951987 1
0.9126166544239692 1
0.9386299881818435 1
0.5385045341410719 1
0.877886093649003 1
0.9122772821286449 1
0.9014977008021847 1
0.8946260206092688 1
0.6985875727009438 1
0.7584290199178093 1
0.9312421740486303 1
0.43410918914918906 1
0.7517305822715507 1
0.6522944989135943 1
0.9325392338049115 1
0.9003165581404758 1
0.8974920382730966 1
0.6814273350939087 1
0.9325392338049115 1
0.9142906246854261 1
0.7626308628085273 1
0.9066862802082878 1
0.6821981805232684 1
0.6836932475263003 1
0.9361580694950652 1
0.7166716073503957 1
0.7103461458372242 1
0.651013491390701 1
0.4351549428847589 1
0.719181112854888 1
0.21367330870396378 1
0.6495563790296532 1
0.9287793953499905 1
0.7737708014016751 1
0.6286187483365717 1
0.8891037801752029 1
0.6163268398234569 1
0.6877526681584551 1
0.9157831003697746 1
0.9337154462288128 1
0.9186030984116467 1
0.6114598112280112 1
0.660586061027644 1
0.8966364230291737 1
0.9284969834567668 1
0.6895430199822935 1
0.6895430199822935 1
0.8895231694626955 1
0.7506053508563706 1
0.8963561501277248 1
0.21367330870396378 1
0.802815620268568 1
0.795771290409786 1
0.9312421740486303 1
0.899384890119482 1
0.8998994084808598 1
0.6895430199822935 1
0.9122772821286449 1
0.06264812975035258 1
0.719181112854888 1
0.658001747477001 1
0.7638318044696576 1
0.9300314132268461 1
0.8977860530428361 1
0.9126336724533972 1
0.807205071318551 1
0.8974920382730966 1
0.896755965980241 1
0.8982975363014567 1
0.9115629932007905 1
0.9312421740486303 1
0.9325392338049115 1
0.9122772821286449 1
0.9161496566538153 1
0.7378156766665873 1
0.8919485624065719 1
0.845354601565388 1
0.9195392378705797 1
0.7103461458372242 1
0.07869458087480911 1
0.6974346504405393 1
0.6855992919616313 1
0.7348432993158515 1
0.9072031378766185 1
0.929968509832363 1
0.9290537198654666 1
0.9126166544239692 1
0.9312421740486303 1
0.888602008625048 1
0.719181112854888 1
0.795771290409786 1
0.9328001241471452 1
0.6036275124006163 1
0.9325392338049115 1
0.5424700433109695 1
0.61270594277458 1
0.6477120846668573 1
0.8113325977270901 1
0.7144745337349137 1
0.7638318044696576 1
0.8123438623754738 1
0.6974346504405393 1
0.9076270105037281 1
0.840559925374817 1
0.491985338002425 1
0.6479726143408606 1
0.582846751658085 1
0.8241123579759106 1
0.6588244055018683 1
0.7171853746454361 1
0.9055514333477865 1
0.7369831030893013 1
0.14828752642583712 1
0.9205421199897049 1
0.9092003377159189 1
0.9187484326673829 1
0.9325392338049115 1
0.5378693259632296 1
0.5424700433109695 1
0.6882643001042454 1
0.6522944989135943 1
0.5630946797171053 1
0.7347223021604491 1
0.2757392481389227 1
0.9381419694600479 1
0.6855992919616313 1
0.6272695374721006 1
0.9171546598056639 1
0.23409049546950117 1
0.6376306495700296 1
0.6855992919616313 1
0.7339907741116147 1
0.49214409929502706 1
0.9033465924709853 1
0.6511621329217113 1
0.7125896108634797 1
0.5865719437062467 1
0.6109915043322606 1
0.9127446450965209 1
0.8096817259822793 1
0.9165361157445874 1
0.7166716073503957 1
0.9205421199897049 1
0.8320600034245466 1
0.5424700433109695 1
0.2560709404064061 1
0.9325392338049115 1
0.9082069627568018 1
0.745216742621596 1
0.9254131090680217 1
0.5439505366359682 1
0.6946326053746449 1
0.8348104946484711 1
0.8439706486429903 1
0.9393173518228435 1
0.9328001241471452 1
0.9312421740486303 1
0.795771290409786 1
0.46982177522629653 1
0.9312421740486303 1
0.9211971566192667 1
0.6895430199822935 1
0.719181112854888 1
0.6398809244851088 1
0.6912199547165372 1
0.6241705365328976 1
0.7806300406007831 1
0.6749255451607221 1
0.6277755087623705 1
0.909352815241992 1
0.07915232719923208 1
0.9302260348210128 1
0.7103461458372242 1
0.6554390033293382 1
0.5930800909459215 1
0.9356532217444664 1
0.8078664769832109 1
0.9245556709096776 1
0.9328001241471452 1
0.6274698067808467 1
0.6969254466958987 1
0.6274698067808467 1
0.7912456463646698 1
0.7069806172157663 1
0.7901798710034679 1
0.846140104847331 1
0.8409746880686572 1
0.5438478177920193 1
0.719181112854888 1
0.5348652838741031 1
0.7517305822715507 1
0.864500309761069 1
0.9157831003697746 1
0.6570570381366996 1
0.9205421199897049 1
0.6933829015037097 1
0.7645203035336333 1
0.8196553230246881 1
0.6398809244851088 1
0.8776264721922721 1
0.7609714124227334 1
0.7103461458372242 1
0.9328001241471452 1
0.6266817975030693 1
0.5596824839725537 1
0.715438174464711 1
0.48250778308440423 1
0.9122772821286449 1
0.931507712078635 1
0.840559925374817 1
0.9155496589366405 1
0.911243632397259 1
0.9255286588312974 1
0.582846751658085 1
0.7091169645745129 1
0.716254301498885 1
0.9205421199897049 1
0.9165361157445874 1
0.7763051758303898 1
0.7506053508563706 1
0.9276948406689923 1
0.7657488635218334 1
0.8214295927748742 1
0.9129473988711216 1
0.8390510947899309 1
0.9245556709096776 1
0.9142906246854261 1
0.7494867636623826 1
0.7763051758303898 1
0.9171546598056639 1
0.909352815241992 1
0.9095846949785172 1
0.336565808704284 1
0.877886093649003 1
0.8891037801752029 1
0.8642958921967518 1
0.2775210373268052 1
0.6924350329037874 1
0.6874052512338048 1
0.7113266394256533 1
0.795771290409786 1
0.9292238633710919 1
0.9312421740486303 1
0.7489743768589131 1
0.9211870333414159 1
0.7701927830827711 1
0.840559925374817 1
0.6241705365328976 1
0.6855992919616313 1
0.9078561709487093 1
0.660586061027644 1
0.7343783485657057 1
0.6971175351281347 1
0.840559925374817 1
0.9302385981881653 1
0.9312421740486303 1
0.7901798710034679 1
0.7506053508563706 1
0.795771290409786 1
0.9386299881818435 1
0.30859878818601055 1
0.9162205805263327 1
0.9092003377159189 1
0.8076821330955465 1
0.8124954322431555 1
0.9205421199897049 1
0.8056941848042939 1
0.6398809244851088 1
0.7494867636623826 1
0.7729436929274518 1
0.9312421740486303 1
0.9359093200030989 1
0.7763051758303898 1
0.9186030984116467 1
0.795771290409786 1
0.7192243265501589 1
0.9205421199897049 1
0.7376756770536287 1
0.7166716073503957 1
0.5034545792334594 1
0.8642958921967518 1
0.9110226585504514 1
0.563534244192495 1
0.5630946797171053 1
0.6611251309114058 1
0.6398809244851088 1
0.9312421740486303 1
0.5550227150529011 1
0.5980858719006202 1
0.8078664769832109 1
0.6373896653667309 1
0.807205071318551 1
0.795771290409786 1
0.1470271352497837 1
0.6267243063903368 1
0.8076821330955465 1
0.6511621329217113 1
0.9162205805263327 1
0.8164186364332888 1
0.9245556709096776 1
0.491985338002425 1
0.7701927830827711 1
0.5492906301097711 1
0.9325392338049115 1
0.6560982928771951 1
0.9214126498105917 1
0.9361580694950652 1
0.9019900411840017 1
0.5301731671832881 1
0.5695767373637572 1
0.8196553230246881 1
0.4836283035910945 1
0.9002579772643963 1
0.9200442090874351 1
0.4638514705500392 1
0.9078380334977763 1
0.380917606367642 1
0.6114598112280112 1
0.6688218431490374 1
0.5775551787681722 1
0.7638318044696576 1
0.9054683250171103 1
0.9325392338049115 1
0.9186030984116467 1
0.6165666819747002 1
0.9042544933300654 1
0.906960617039165 1
0.7103461458372242 1
0.7763051758303898 1
0.9126166544239692 1
0.4976783804192133 1
0.9284969834567668 1
0.758504968471992 1
0.7584290199178093 1
0.8076821330955465 1
0.7892600356432923 1
0.7506053508563706 1
0.8468948921451839 1
0.8223069094876153 1
0.8587341492677502 1
0.4180948180547724 1
0.8911583807159206 1
0.6855992919616313 1
0.7763051758303898 1
0.9161029616522448 1
0.686931269030865 1
0.9302260348210128 1
0.9274156723461658 1
0.6511621329217113 1
0.7103461458372242 1
0.840559925374817 1
0.6511621329217113 1
0.834564210472918 1
0.9359093200030989 1
0.5878909454162536 1
0.9325392338049115 1
0.899384890119482 1
0.807205071318551 1
0.670501234488417 1
0.7451357302518018 1
0.634026673987489 1
0.9169647999434691 1
0.9190580268684891 1
0.8080346793783899 1
0.5471516161446754 1
0.7494867636623826 1
0.9011281659952904 1
0.8963682754497064 1
0.7568239355355807 1
0.5874555143937902 1
0.928998670828021 1
0.9161496566538153 1
0.7296298278401737 1
0.9393173518228435 1
0.9136127324988098 1
0.6511621329217113 1
0.9312421740486303 1
0.7561268491390414 1
0.6398809244851088 1
0.8263030058546726 1
0.7103461458372242 1
0.7506053508563706 1
0.5775551787681722 1
0.834564210472918 1
0.9169647999434691 1
0.6049161296680489 1
0.8196553230246881 1
0.6736440115862519 1
0.9245556709096776 1
0.0813804632739999 1
0.9011281659952904 1
0.9126166544239692 1
0.5630946797171053 1
0.7445027410255484 1
0.6703451471634341 1
0.7091169645745129 1
0.748621938177026 1
0.6974346504405393 1
0.7132267463959133 1
0.7763051758303898 1
0.6974346504405393 1
0.9325392338049115 1
0.7886555928454237 1
0.918559248174595 1
0.9312421740486303 1
0.5340439374462282 1
0.9180293565516146 1
0.7343783485657057 1
0.9302260348210128 1
0.9265367534084376 1
0.8963682754497064 1
0.7763051758303898 1
0.9171546598056639 1
0.6167474221890171 1
0.9312421740486303 1
0.6202074950072456 1
0.9114267611500598 1
0.5809758286071323 1
0.8460736435767886 1
0.7763051758303898 1
0.77497382361098 1
0.9312421740486303 1
0.7313436708100531 1
0.9211971566192667 1
0.7506053508563706 1
0.7763051758303898 1
0.6286187483365717 1
0.8076821330955465 1
0.9066862802082878 1
0.7763051758303898 1
0.7339907741116147 1
0.8908001835187712 1
0.9356532217444664 1
0.6373896653667309 1
0.7519368382474964 1
0.7217798862829662 1
0.7826329357441072 1
0.9337154462288128 1
0.8963682754497064 1
0.9393173518228435 1
0.9110908018968867 1
0.22392997923158164 1
0.927386706711621 1
0.7292079374060756 1
0.9139571146056267 1
0.8804300991710889 1
0.738921746406487 1
0.7091169645745129 1
0.9205421199897049 1
0.8642958921967518 1
0.9161029616522448 1
0.7561268491390414 1
0.08934432880508564 1
0.9037087218678556 1
0.6709069401801818 1
0.9186030984116467 1
0.8965935196561049 1
0.9171546598056639 1
0.49422526430458036 1
0.8164186364332888 1
0.9171546598056639 1
0.6398809244851088 1
0.9092003377159189 1
0.7091169645745129 1
0.5948690369363283 1
0.9386299881818435 1
0.9328001241471452 1
0.5321135907435292 1
0.19968964783107054 1
0.9055514333477865 1
0.47266526446320417 1
0.9312421740486303 1
0.8972265817216855 1
0.5492906301097711 1
0.9082031213414564 1
0.9133420226150366 1
0.9312813134713467 1
0.3900451675814218 1
0.5211361589405019 1
0.9228797795211716 1
0.6588244055018683 1
0.7329855581729501 1
0.9107538836341482 1
0.8196553230246881 1
0.9248365875513327 1
0.9328001241471452 1
0.9126336724533972 1
0.5834422425098337 1
0.6297820207348848 1
0.6861685100881894 1
0.795771290409786 1
0.7506053508563706 1
0.5948690369363283 1
0.7608652856744863 1
0.8510007426875117 1
0.4756079876419822 1
0.8185272968413194 1
0.7103461458372242 1
0.5834422425098337 1
0.5775551787681722 1
0.1618865593064285 1
0.8993010124416498 1
0.9325392338049115 1
0.9091664746457904 1
0.9171546598056639 1
0.9050660893060873 1
0.9361580694950652 1
0.9011281659952904 1
0.9236777311639202 1
0.07610002441617011 1
0.6511621329217113 1
0.9155496589366405 1
0.9005036377325785 1
0.47266526446320417 1
0.7763051758303898 1
0.9290537198654666 1
0.9245556709096776 1
0.6488870451443487 1
0.8355151998733277 1
0.870670808197 1
0.7763051758303898 1
0.7103461458372242 1
0.8911926899799826 1
0.514035965436363 1
0.7901798710034679 1
0.748621938177026 1
0.8381068549611108 1
0.7091169645745129 1
0.6398809244851088 1
0.6175863050740028 1
0.6855992919616313 1
0.6855992919616313 1
0.7032199365096773 1
0.6729795234537083 1
0.380917606367642 1
0.795771290409786 1
0.21367330870396378 1
0.7838703616261097 1
0.9312421740486303 1
0.5920556783106572 1
0.9214126498105917 1
0.7234102655730729 1
0.43410918914918906 1
0.7506053508563706 1
0.795771290409786 1
0.7999893602606662 1
0.21060094647342925 1
0.37463612831776705 1
0.7339907741116147 1
0.7826329357441072 1
0.9284969834567668 1
0.9312421740486303 1
0.7750665880907968 1
0.6601948812243462 1
0.6048197036659129 1
0.8785824417074011 1
0.9122772821286449 1
0.380917606367642 1
0.9126166544239692 1
0.9393173518228435 1
0.6881691611051715 1
0.9180615548358718 1
0.6644374715059636 1
0.4096486458248998 1
0.6968246985694132 1
0.7697000416866911 1
0.4351549428847589 1
0.7826329357441072 1
0.9356532217444664 1
0.7513612556266995 1
0.8854230735755054 1
0.8916191093935255 1
0.6370916567572831 1
0.6398809244851088 1
0.8539170616776508 1
0.4950734973873203 1
0.8307357711095771 1
0.7517305822715507 1
0.21367330870396378 1
0.6749255451607221 1
0.080146593693351 1
0.690906639604871 1
0.931507712078635 1
0.9386299881818435 1
0.9147192349536653 1
0.7711557331434938 1
0.7568306265827304 1
0.6922690218461106 1
0.9312421740486303 1
0.9222948050312183 1
0.9312421740486303 1
0.905641253936507 1
0.634026673987489 1
0.3754621466096781 1
0.7091169645745129 1
0.7091169645745129 1
0.8076821330955465 1
0.7701927830827711 1
0.9356532217444664 1
0.7327337621745177 1
0.7513612556266995 1
0.8656383014165677 1
0.7550105927667061 1
0.6429117989241191 1
0.840559925374817 1
0.7596446068414804 1
0.6511621329217113 1
0.725012915735161 1
0.7893938468889019 1
0.10720204787423457 1
0.6722530507922511 1
0.6855992919616313 1
0.9211971566192667 1
0.6422556463779799 1
0.21367330870396378 1
0.7826329357441072 1
0.7091169645745129 1
0.7912456463646698 1
0.6985875727009438 1
0.901252171644456 1
0.9222948050312183 1
0.6855992919616313 1
0.9205421199897049 1
0.514035965436363 1
0.7276328702430753 1
0.715438174464711 1
0.8592055976375369 1
0.8056941848042939 1
0.795771290409786 1
0.44005381867267496 1
0.8968565208844566 1
0.9180615548358718 1
0.7103461458372242 1
0.8649054071128099 1
0.07790288583524481 1
0.696798256218868 1
0.5424700433109695 1
0.7972550078175734 1
0.6398809244851088 1
0.7610487035447517 1
0.9312421740486303 1
0.2057381633191012 1
0.9126166544239692 1
0.9200442090874351 1
0.9361580694950652 1
0.795771290409786 1
0.26252837828852144 1
0.7294721316158344 1
0.45018056036123655 1
0.7814729469271297 1
0.7122981408294445 1
0.931507712078635 1
0.9142906246854261 1
0.9039914087276518 1
0.6683997568347043 1
0.9303587439121032 1
0.21367330870396378 1
0.9312421740486303 1
0.6343097858796456 1
0.9328001241471452 1
0.7645203035336333 1
0.9276948406689923 1
0.795771290409786 1
0.7645203035336333 1
0.5010600831428013 1
0.9187484326673829 1
0.7594534705153254 1
0.6398809244851088 1
0.9162205805263327 1
0.9325392338049115 1
0.795771290409786 1
0.7103461458372242 1
0.702602170460761 1
0.7197288768941554 1
0.6560982928771951 1
0.582846751658085 1
0.9312421740486303 1
0.9126166544239692 1
0.7091169645745129 1
0.658001747477001 1
0.8317900790746446 1
0.6343097858796456 1
0.6683997568347043 1
0.4965397654661061 1
0.9146156259752312 1
0.7146282705010086 1
0.9346725172829317 1
0.8321968340241969 1
0.7532032891745494 1
0.9328001241471452 1
0.5340439374462282 1
0.9275220126986119 1
0.514035965436363 1
0.6592031020781174 1
0.7472674153357612 1
0.8155763112368764 1
0.7763051758303898 1
0.4861121865992166 1
0.7659149142179192 1
0.9076474279239327 1
0.7901798710034679 1
0.7032199365096773 1
0.6293480087803469 1
0.9187484326673829 1
0.8113325977270901 1
0.7309032990570793 1
0.732492065343177 1
0.9126166544239692 1
0.9222948050312183 1
0.7494867636623826 1
0.9359093200030989 1
0.7103461458372242 1
0.5340439374462282 1
0.7506053508563706 1
0.7763051758303898 1
0.3309938220890269 1
0.7669889138889197 1
0.7532032891745494 1
0.7113266394256533 1
0.899384890119482 1
0.7582915829038083 1
0.7091169645745129 1
0.7103461458372242 1
0.054152650009633825 1
0.9287723123328961 1
0.6895430199822935 1
0.7824114687874923 1
0.9078561709487093 1
0.3248699165039519 1
0.7105939222513837 1
0.5723211068915083 1
0.7445213527759528 1
0.9214126498105917 1
0.3146722136210842 1
0.9076474279239327 1
0.514035965436363 1
0.742516236252574 1
0.9180615548358718 1
0.9294199045800264 1
0.9361580694950652 1
0.9312421740486303 1
0.6720939003456988 1
0.7894144547999503 1
0.9142906246854261 1
0.8766449294407775 1
0.7166716073503957 1
0.7561268491390414 1
0.9205421199897049 1
0.8959695524800131 1
0.9312421740486303 1
0.8899689007554069 1
0.7506053508563706 1
0.6530723580465191 1
0.9275220126986119 1
0.5562925580485956 1
0.9312421740486303 1
0.4286557633964698 1
0.8768681543171308 1
0.9361580694950652 1
0.6511621329217113 1
0.7517305822715507 1
0.6855992919616313 1
0.7166716073503957 1
0.9011281659952904 1
0.5849578643336704 1
0.9142906246854261 1
0.7125792409141074 1
0.840559925374817 1
0.7550105927667061 1
0.7596446068414804 1
0.7327119915408401 1
0.7166716073503957 1
0.8158798642023154 1
0.7125792409141074 1
0.9393173518228435 1
0.9222948050312183 1
0.7194330961327903 1
0.7153597980607783 1
0.7435940945106034 1
0.9161496566538153 1
0.5245597517324193 1
0.7763051758303898 1
0.7091169645745129 1
0.9171546598056639 1
0.9328001241471452 1
0.6895430199822935 1
0.7343783485657057 1
0.8592055976375369 1
0.9211971566192667 1
0.9222948050312183 1
0.9142906246854261 1
0.5634471061073891 1
0.8642369935429292 1
0.760331841002216 1
0.6284402337893433 1
0.9155496589366405 1
0.9172187887674672 1
0.8151620869970996 1
0.6895430199822935 1
0.9076474279239327 1
0.5930800909459215 1
0.9211971566192667 1
0.7489743768589131 1
0.7217798862829662 1
0.7506053508563706 1
0.7013546431462264 1
0.9284969834567668 1
0.7091169645745129 1
0.9248365875513327 1
0.8196553230246881 1
0.9312421740486303 1
0.9312421740486303 1
0.7530849047988126 1
0.3691623636820942 1
0.9381419694600479 1
0.9312421740486303 1
0.8196553230246881 1
0.8223069094876153 1
0.8804300991710889 1
0.6495563790296532 1
0.8196553230246881 1
0.9039914087276518 1
0.9356532217444664 1
0.5596824839725537 1
0.795771290409786 1
0.7173945492070721 1
0.8120419288747527 1
0.919223372490086 1
0.8372824995667121 1
0.8791243972511721 1
0.7091169645745129 1
0.08934432880508564 1
0.9393173518228435 1
0.8798149280951987 1
0.9312421740486303 1
0.9139571146056267 1
0.8196553230246881 1
0.931507712078635 1
0.9245000645646109 1
0.7376756770536287 1
0.6398809244851088 1
0.9046322856582388 1
0.6961741128403982 1
0.9205421199897049 1
0.9312421740486303 1
0.7103461458372242 1
0.5562925580485956 1
0.9312421740486303 1
0.7653626665850809 1
0.670501234488417 1
0.8959695524800131 1
0.7103461458372242 1
0.7596446068414804 1
0.7482805996652128 1
0.7582915829038083 1
0.802815620268568 1
0.6861685100881894 1
0.795771290409786 1
0.06131559722471073 1
0.9245556709096776 1
0.9092003377159189 1
0.9325392338049115 1
0.7763051758303898 1
0.6266817975030693 1
0.840559925374817 1
0.5860681495807036 1
0.9186030984116467 1
0.634026673987489 1
0.9325392338049115 1
0.6895430199822935 1
0.7153597980607783 1
0.7701927830827711 1
0.8209439687487403 1
0.9092003377159189 1
0.18727891705403518 1
0.9066862802082878 1
0.7313231463106494 1
0.9346725172829317 1
0.6570570381366996 1
0.9200442090874351 1
0.795771290409786 1
0.9172187887674672 1
0.8853961492434581 1
0.7091169645745129 1
0.491985338002425 1
0.7091169645745129 1
0.6398809244851088 1
0.380917606367642 1
0.9361580694950652 1
0.6358368119596469 1
0.795771290409786 1
0.9187484326673829 1
0.5157486668100318 1
0.9129120102419725 1
0.9157831003697746 1
0.9356532217444664 1
0.912297844129652 1
0.6565560166444464 1
0.690906639604871 1
0.7561268491390414 1
0.6511621329217113 1
0.6974346504405393 1
0.8762180725189154 1
0.740379969538705 1
0.9205421199897049 1
0.7830079694652734 1
0.7626308628085273 1
0.6347582004768284 1
0.8232174607791575 1
0.8656383014165677 1
0.46982177522629653 1
0.7002180409611171 1
0.840559925374817 1
0.916891833926487 1
0.906960617039165 1
0.9092003377159189 1
0.9325392338049115 1
0.9276948406689923 1
0.795771290409786 1
0.919223372490086 1
0.6946326053746449 1
0.840559925374817 1
0.5980858719006202 1
0.6560982928771951 1
0.6241705365328976 1
0.7506053508563706 1
0.9208456409119423 1
0.7550105927667061 1
0.6855992919616313 1
0.8123438623754738 1
0.8573145562741112 1
0.9165361157445874 1
0.9361580694950652 1
0.8649054071128099 1
0.8113325977270901 1
0.6172784432304501 1
0.7641826912453222 1
0.9290537198654666 1
0.715438174464711 1
0.9302260348210128 1
0.7343783485657057 1
0.6241705365328976 1
0.9127238485307242 1
0.9180615548358718 1
0.7506053508563706 1
0.7103461458372242 1
0.5562925580485956 1
0.9328001241471452 1
0.7350223850684255 1
0.7103461458372242 1
0.6175863050740028 1
0.922783404299054 1
0.9014977008021847 1
0.6241705365328976 1
0.7506053508563706 1
0.6011425344985605 1
0.795771290409786 1
0.6974346504405393 1
0.9101145832162867 1
0.21367330870396378 1
0.9393173518228435 1
0.9172187887674672 1
0.7166716073503957 1
0.8978590196593804 1
0.8978590196593804 1
0.9092003377159189 1
0.9312421740486303 1
0.749144995275704 1
0.9065580448823369 1
0.9325392338049115 1
0.9361580694950652 1
0.9050660893060873 1
0.8609835648296247 1
0.7506053508563706 1
0.6855992919616313 1
0.6274698067808467 1
0.9205421199897049 1
0.8916892264347623 1
0.840559925374817 1
0.9325392338049115 1
0.5439505366359682 1
0.7552528430706543 1
0.6560982928771951 1
0.8891037801752029 1
0.7809606674260857 1
0.9325392338049115 1
0.8439706486429903 1
0.6398809244851088 1
0.899384890119482 1
0.6696459055115935 1
0.740379969538705 1
0.9055514333477865 1
0.9356532217444664 1
0.9193192312494609 1
0.9162205805263327 1
0.9139571146056267 1
0.9030500728466425 1
0.6364194796147858 1
0.7190266724361349 1
0.9126166544239692 1
0.208815198476796 1
0.919862410238893 1
0.802815620268568 1
0.8785824417074011 1
0.380917606367642 1
0.9222948050312183 1
0.9214126498105917 1
0.9356532217444664 1
0.7190978346203523 1
0.7506053508563706 1
0.9325392338049115 1
0.9076474279239327 1
0.5630946797171053 1
0.9155496589366405 1
0.8183193449998726 1
0.6895430199822935 1
0.7103461458372242 1
0.840559925374817 1
0.9082031213414564 1
0.5245597517324193 1
0.7103461458372242 1
0.11820495831339951 1
0.21367330870396378 1
0.6398809244851088 1
0.7378156766665873 1
0.9186030984116467 1
0.7194330961327903 1
0.54331171376611 1
0.9187484326673829 1
0.7830079694652734 1
0.7513612556266995 1
0.8532023236148174 1
0.6855992919616313 1
0.9325392338049115 1
0.4567224718992884 1
0.7314345415006411 1
0.491985338002425 1
0.7153597980607783 1
0.9386299881818435 1
0.6358368119596469 1
0.9133420226150366 1
0.9346725172829317 1
0.9126166544239692 1
0.8535109988539464 1
0.08661395369119769 1
0.8367880882847676 1
0.929968509832363 1
0.8804300991710889 1
0.8176559026692042 1
0.2233844175534884 1
0.6272695374721006 1
0.9386299881818435 1
0.8235762490653367 1
0.7004754265118291 1
0.7091169645745129 1
0.7506053508563706 1
0.9302872066606487 1
0.7513612556266995 1
0.9205421199897049 1
0.7506053508563706 1
0.9320542920572591 1
0.6358368119596469 1
0.9325392338049115 1
0.8979075405094885 1
0.6241705365328976 1
0.9242804459265193 1
0.6109915043322606 0
0.6094530501598288 0
0.7517305822715507 0
0.8185668800869881 0
0.07878522168710908 0
0.0709058181659289 0
0.6593431616872407 0
0.055372347075076066 0
0.04768543236849124 0
0.06936756961212089 0
0.056656750832986186 0
0.7144745337349137 0
0.042473313132241564 0
0.05530266701852994 0
0.21367330870396378 0
0.6398809244851088 0
0.06600578096191265 0
0.04857805575544903 0
0.21367330870396378 0
0.08332990699277416 0
0.35267036735161755 0
0.7576680875912035 0
0.048272914475573594 0
0.21367330870396378 0
0.6241705365328976 0
0.697921356956138 0
0.5211361589405019 0
0.08934432880508564 0
0.1470271352497837 0
0.048272914475573594 0
0.0698654799842796 0
0.0698654799842796 0
0.05783350222753531 0
0.04756070132062772 0
0.23773787787487022 0
0.4286557633964698 0
0.05537419293309634 0
0.46946030781331166 0
0.042473313132241564 0
0.05532601769339104 0
0.15999743443938677 0
0.05105324361283416 0
0.9126166544239692 0
0.09110834116622454 0
0.045504474118617945 0
0.6089420291330986 0
0.33512924799973576 0
0.4245728645354468 0
0.03931732099668501 0
0.057625759907906665 0
0.048272914475573594 0
0.7091169645745129 0
0.21367330870396378 0
0.04537774293266971 0
0.056545228991405114 0
0.4623636455888544 0
0.0571264515787414 0
0.059433153810330035 0
0.06118843055197145 0
0.04617551619643583 0
0.07877249602964388 0
0.05624019664483189 0
0.7550105927667061 0
0.840559925374817 0
0.9135202205579048 0
0.9135202205579048 0
0.6078547433729993 0
0.05965685967064638 0
0.030847551680854783 0
0.042473313132241564 0
0.40479746852101867 0
0.05533869195157325 0
0.7299091309461131 0
0.04466116274612347 0
0.08123343759908858 0
0.06073176432227406 0
0.05105324361283416 0
0.04242943565335595 0
0.03931732099668501 0
0.6015085608498612 0
0.04329770462631381 0
0.041471772306701876 0
0.6432981526156237 0
0.6432981526156237 0
0.057951494828975894 0
0.056593130448215345 0
0.04568466983886392 0
0.04568466983886392 0
0.054246254573324756 0
0.1470271352497837 0
0.03931732099668501 0
0.05413814157851718 0
0.07245829052653444 0
0.06073176432227406 0
0.0848142719604158 0
0.7737708014016751 0
0.05824218461916361 0
0.07915232719923208 0
0.06482727305206773 0
0.03931732099668501 0
0.04537774293266971 0
0.03931732099668501 0
0.5794883158824188 0
0.046737253142988065 0
0.21989194820310348 0
0.052136703828377394 0
0.6605654573923405 0
0.07099292642237902 0
0.6481245751873377 0
0.7080506201075936 0
0.07840692126256509 0
0.06282627858067144 0
0.07329083461451293 0
0.05782519946479799 0
0.7609714124227334 0
0.21367330870396378 0
0.15905533403226324 0
0.05476680721790697 0
0.1470271352497837 0
0.04537774293266971 0
0.07915232719923208 0
0.06820028772352286 0
0.07868117124012274 0
0.08934432880508564 0
0.07509642411355844 0
0.04537774293266971 0
0.041471772306701876 0
0.7125896108634797 0
0.053623487638265355 0
0.046560506496998735 0
0.7091169645745129 0
0.06611586063515512 0
0.07285054826107094 0
0.21367330870396378 0
0.046560506496998735 0
0.07915232719923208 0
0.7350465749085098 0
0.7591644867784467 0
0.7894144547999503 0
0.048272914475573594 0
0.4050623841080353 0
0.07702525576188816 0
0.08661395369119769 0
0.04537774293266971 0
0.04537774293266971 0
0.19931561874216677 0
0.07482084902576655 0
0.03931732099668501 0
0.046560506496998735 0
0.1470271352497837 0
0.05238418347157325 0
0.05238418347157325 0
0.08010489697996806 0
0.1470271352497837 0
0.07869458087480911 0
0.07509642411355844 0
0.06820028772352286 0
0.04537774293266971 0
0.07869458087480911 0
0.05965685967064638 0
0.5230715022231363 0
0.05854246974625135 0
0.655326148394378 0
0.1470271352497837 0
0.07647008915728445 0
0.5878909454162536 0
0.043929592959739604 0
0.7849007245821733 0
0.09110834116622454 0
0.0865351207425096 0
0.04215951229839074 0
0.4756079876419822 0
0.053668489781098505 0
0.04329770462631381 0
0.046560506496998735 0
0.042473313132241564 0
0.08661395369119769 0
0.840559925374817 0
0.05081086528581126 0
0.6109915043322606 0
0.08367136102911538 0
0.692039285868771 0
0.9047065694467613 0
0.053623487638265355 0
0.615076897078087 0
0.04537774293266971 0
0.4756079876419822 0
0.1470271352497837 0
0.2457517397125282 0
0.06734245487534257 0
0.04537774293266971 0
0.17485656657992762 0
0.491985338002425 0
0.06820028772352286 0
0.06820028772352286 0
0.34990781640519 0
0.07962115814532314 0
0.048272914475573594 0
0.04537774293266971 0
0.048272914475573594 0
0.08455324831458567 0
0.21451098752575193 0
0.7079455915321028 0
0.16334113403356124 0
0.048272914475573594 0
0.10680830202245493 0
0.5211361589405019 0
0.37463612831776705 0
0.048272914475573594 0
0.04466116274612347 0
0.8196553230246881 0
0.045380819351791314 0
0.3844587253937961 0
0.047637648109554884 0
0.5221355801639527 0
0.07868117124012274 0
0.07868117124012274 0
0.057625759907906665 0
0.05624019664483189 0
0.7682709693616685 0
0.7682709693616685 0
0.44005381867267496 0
0.04982554939617551 0
0.18591133638421178 0
0.7091169645745129 0
0.21367330870396378 0
0.21187126973801734 0
0.05458572734578915 0
0.06227914348386525 0
0.491985338002425 0
0.050441112251653326 0
0.0848142719604158 0
0.7388286252214025 0
0.07639577451028814 0
0.8196553230246881 0
0.17325252599432522 0
0.09718158899201478 0
0.6782226134161181 0
0.06593721316821587 0
0.044944891460538657 0
0.2557174802242544 0
0.04537774293266971 0
0.5880351079783328 0
0.06264812975035258 0
0.07314103412613526 0
0.0503430046236689 0
0.536341312970668 0
0.33657808193013816 0
0.6921801147989757 0
0.7817518587725261 0
0.4450150518867131 0
0.06264812975035258 0
0.4788909325141645 0
0.04982554939617551 0
0.7673369171266989 0
0.7673369171266989 0
0.057088452758906914 0
0.058427046418889864 0
0.6855992919616313 0
0.0907583226021897 0
0.8915830175976689 0
0.08934432880508564 0
0.0623406529324435 0
0.06611586063515512 0
0.8737249322395729 0
0.5557722190583466 0
0.1358254861861988 0
0.08818525455362837 0
0.21367330870396378 0
0.1470271352497837 0
0.060723072292546386 0
0.7763051758303898 0
0.8120419288747527 0
0.04494364336706265 0
0.058427046418889864 0
0.048272914475573594 0
0.8735535384001828 0
0.062172797900083364 0
0.042473313132241564 0
0.9011281659952904 0
0.6895430199822935 0
0.5946233773172487 0
0.05537419293309634 0
0.050441112251653326 0
0.5951576929215272 0
0.24846276874205744 0
0.048272914475573594 0
0.08124206237135399 0
0.04537774293266971 0
0.05537419293309634 0
0.8656505309520046 0
0.05238418347157325 0
0.1470271352497837 0
0.1470271352497837 0
0.615076897078087 0
0.06466937166148212 0
0.06466937166148212 0
0.046560506496998735 0
0.046560506496998735 0
0.1470271352497837 0
0.21367330870396378 0
0.1470271352497837 0
0.7763051758303898 0
0.04568466983886392 0
0.658001747477001 0
0.21367330870396378 0
0.10364014788512835 0
0.6895430199822935 0
0.04537774293266971 0
0.07480658241849687 0
0.375723552387133 0
0.6895430199822935 0
0.8124954322431555 0
0.6398809244851088 0
0.0757255777344378 0
0.04537774293266971 0
0.07815627731999322 0
0.07815627731999322 0
0.37444186919526384 0
0.5552312761153597 0
0.08730346111627792 0
0.06521050626412392 0
0.18727891705403518 0
0.05413814157851718 0
0.04568466983886392 0
0.042473313132241564 0
0.058007698497228165 0
0.21502685533489438 0
0.05454333137400653 0
0.19379169527638637 0
0.04849952070610713 0
0.9325392338049115 0
0.0607821087097574 0
0.5770294255521887 0
0.5770294255521887 0
0.6313091555947765 0
0.04466116274612347 0
0.08367136102911538 0
0.7788731945938907 0
0.42105537262210596 0
0.1470271352497837 0
0.08236272439223187 0
0.07509642411355844 0
0.20934271431679888 0
0.0939130405541912 0
0.058427046418889864 0
0.05121125617106282 0
0.5119564630744139 0
0.0696927959823028 0
0.0696927959823028 0
0.053623487638265355 0
0.09317666103026898 0
0.08815119221010904 0
0.7166716073503957 0
0.296976914905226 0
0.7763051758303898 0
0.6829218459357759 0
0.07904264916720644 0
0.0900898451467446 0
0.08818525455362837 0
0.1470271352497837 0
0.21367330870396378 0
0.05533869195157325 0
0.7820688141549414 0
0.08893451847280753 0
0.21367330870396378 0
0.5573433681609744 0
0.050040350634034905 0
0.046560506496998735 0
0.07868117124012274 0
0.04466116274612347 0
0.04466116274612347 0
0.04713002315261987 0
0.048272914475573594 0
0.6216312126380845 0
0.08475005787123212 0
0.5423672715511895 0
0.1470271352497837 0
0.06264812975035258 0
0.21367330870396378 0
0.048272914475573594 0
0.046560506496998735 0
0.046560506496998735 0
0.04956198713526718 0
0.048272914475573594 0
0.46006797888564016 0
0.07652192914045713 0
0.7995901983468442 0
0.8449323440717094 0
0.08934432880508564 0
0.0503430046236689 0
0.051226737810905074 0
0.07092211376257414 0
0.048272914475573594 0
0.9200225678045656 0
0.6855992919616313 0
0.052812190493799635 0
0.07884892527744694 0
0.5492906301097711 0
0.060723072292546386 0
0.6895430199822935 0
0.6895430199822935 0
0.0757255777344378 0
0.21367330870396378 0
0.06283455406922787 0
0.1999113863872339 0
0.19831063481547695 0
0.05997005203225818 0
0.1358254861861988 0
0.7337108451847355 0
0.5230715022231363 0
0.5230715022231363 0
0.048272914475573594 0
0.043929592959739604 0
0.8420610619630868 0
0.6887292606470928 0
0.04555429360535083 0
0.050441112251653326 0
0.6596650048264903 0
0.7091169645745129 0
0.046560506496998735 0
0.046560506496998735 0
0.046560506496998735 0
0.07730638108873748 0
0.06611586063515512 0
0.048272914475573594 0
0.048272914475573594 0
0.1470271352497837 0
0.049068710454773026 0
0.049068710454773026 0
0.21989194820310348 0
0.04537774293266971 0
0.04466116274612347 0
0.21367330870396378 0
0.046560506496998735 0
0.6895430199822935 0
0.04762839998840326 0
0.10858130713119103 0
0.568843404297216 0
0.6584002341076277 0
0.042117020516244025 0
0.658001747477001 0
0.07016413844819773 0
0.048272914475573594 0
0.04537774293266971 0
0.0900898451467446 0
0.5204255686041757 0
0.15221205485435765 0
0.15221205485435765 0
0.24664748185202057 0
0.08661395369119769 0
0.042117020516244025 0
0.06079035570750394 0
0.07647008915728445 0
0.21367330870396378 0
0.07441913195311556 0
0.06635107047141527 0
0.08934432880508564 0
0.042473313132241564 0
0.0848142719604158 0
0.04786791113851401 0
0.7103461458372242 0
0.046618097104306526 0
0.2537650834146882 0
0.07915232719923208 0
0.6855992919616313 0
0.05859710743409317 0
0.05859710743409317 0
0.09400266096679046 0
0.10066211505676921 0
0.07869458087480911 0
0.051227056034584696 0
0.049638808628137916 0
0.7494867636623826 0
0.5802712438226016 0
0.4742215839692064 0
0.21367330870396378 0
0.15905533403226324 0
0.07099292642237902 0
0.09575777221649459 0
0.0848142719604158 0
0.4179012018733235 0
0.06749783010072546 0
0.041471772306701876 0
0.08700782004559972 0
0.04537774293266971 0
0.03931732099668501 0
0.14828752642583712 0
0.0502431432575502 0
0.05121125617106282 0
0.33905519425607417 0
0.05238418347157325 0
0.0636722339994463 0
0.048197357344893846 0
0.19490061370354683 0
0.19490061370354683 0
0.04849952070610713 0
0.044706101512343936 0
0.04537774293266971 0
0.05121125617106282 0
0.05824218461916361 0
0.6241705365328976 0
0.046618097104306526 0
0.046618097104306526 0
0.0636722339994463 0
0.0636722339994463 0
0.31497894788644 0
0.09092265955012566 0
0.042473313132241564 0
0.7103461458372242 0
0.05859710743409317 0
0.09164152168504167 0
0.21367330870396378 0
0.048272914475573594 0
0.048272914475573594 0
0.8863816677663664 0
0.5230715022231363 0
0.04786791113851401 0
0.048272914475573594 0
0.048272914475573594 0
0.5129581119568701 0
0.42724594217647105 0
0.04494364336706265 0
0.6677816888338743 0
0.06611586063515512 0
0.2389380004445932 0
0.07480658241849687 0
0.07480658241849687 0
0.9287723123328961 0
0.9287723123328961 0
0.21367330870396378 0
0.054353996593830584 0
0.05466871029698324 0
0.6426368351958366 0
0.06069976373558505 0
0.050040350634034905 0
0.4638514705500392 0
0.046560506496998735 0
0.7024504518599466 0
0.6511621329217113 0
0.9135202205579048 0
0.04242943565335595 0
0.05624019664483189 0
0.07245829052653444 0
0.06936756961212089 0
0.07482084902576655 0
0.07023565561084526 0
0.05537419293309634 0
0.05476680721790697 0
0.5518047390323706 0
0.09247066256258547 0
0.06112798384862875 0
0.046560506496998735 0
0.4640323257268241 0
0.21367330870396378 0
0.5948690369363283 0
0.06587423140856324 0
0.05854246974625135 0
0.07608830698793714 0
0.06763764244649287 0
0.06763764244649287 0
0.06264812975035258 0
0.0503430046236689 0
0.5573433681609744 0
0.03931732099668501 0
0.21367330870396378 0
0.06264812975035258 0
0.09197300254174412 0
0.0809455580269431 0
0.0809455580269431 0
0.08370856454490866 0
0.08450629433882949 0
0.04537774293266971 0
0.06073176432227406 0
0.060690261782800306 0
0.0787349688751576 0
0.048272914475573594 0
0.0496237817887087 0
0.048272914475573594 0
0.1654237296875444 0
0.03931732099668501 0
0.9325392338049115 0
0.09959753068730426 0
0.04537774293266971 0
0.4319501824473481 0
0.05533869195157325 0
0.05533869195157325 0
0.40479746852101867 0
0.06820028772352286 0
0.177336491228737 0
0.177336491228737 0
0.05802640822896432 0
0.17444367815141076 0
0.5221355801639527 0
0.1470271352497837 0
0.09387580257802755 0
0.041471772306701876 0
0.6782226134161181 0
0.1747611667694548 0
0.07618453708998121 0
0.04537774293266971 0
0.0664163166832684 0
0.05817819117174122 0
0.05100783797402092 0
0.048272914475573594 0
0.09249410572712578 0
0.21367330870396378 0
0.3440443642509236 0
0.08934432880508564 0
0.3541892652796036 0
0.21367330870396378 0
0.04537774293266971 0
0.04537774293266971 0
0.06128812533636462 0
0.1470271352497837 0
0.05783350222753531 0
0.04555429360535083 0
0.9173672506549048 0
0.6774922273233354 0
0.046560506496998735 0
0.21367330870396378 0
0.8736020532597405 0
0.050441112251653326 0
0.045209583697085866 0
0.058427046418889864 0
0.34881452352188497 0
0.048272914475573594 0
0.05216530580430724 0
0.055822541968379866 0
0.055822541968379866 0
0.055822541968379866 0
0.042473313132241564 0
0.7826329357441072 0
0.745216742621596 0
0.842458237712031 0
0.06069976373558505 0
0.07509642411355844 0
0.0626192746056957 0
0.1470271352497837 0
0.04858399203582631 0
0.046737253142988065 0
0.04537774293266971 0
0.1470271352497837 0
0.6961741128403982 0
0.048272914475573594 0
0.8263030058546726 0
0.615076897078087 0
0.45036984515579653 0
0.05648414011957395 0
0.5886113486951695 0
0.7091169645745129 0
0.7091169645745129 0
0.7091169645745129 0
0.07509642411355844 0
0.7506053508563706 0
0.1544448669776615 0
0.658001747477001 0
0.5230715022231363 0
0.6100344061601966 0
0.9092003377159189 0
0.33357784478254054 0
0.7894144547999503 0
0.8802604532145482 0
0.14634299010896723 0
0.05303283339969212 0
0.06763764244649287 0
0.16334113403356124 0
0.6241705365328976 0
0.04822457132834729 0
0.21367330870396378 0
0.04555429360535083 0
0.04555429360535083 0
0.21367330870396378 0
0.21367330870396378 0
0.6331843797668754 0
0.23390179840884653 0
0.048272914475573594 0
0.07438734831644142 0
0.04537774293266971 0
0.05934509349958629 0
0.048272914475573594 0
0.048272914475573594 0
0.47001222858950165 0
0.7506053508563706 0
0.07536966067087636 0
0.7550105927667061 0
0.046560506496998735 0
0.5260924659215916 0
0.07868690479820115 0
0.05596796297846047 0
0.05121125617106282 0
0.5245597517324193 0
0.9287723123328961 0
0.048272914475573594 0
0.6241978254999052 0
0.05153046204897562 0
0.04537774293266971 0
0.08450629433882949 0
0.1470271352497837 0
0.04537774293266971 0
0.05533869195157325 0
0.048272914475573594 0
0.5573433681609744 0
0.15905533403226324 0
0.5319903477425266 0
0.048272914475573594 0
0.21367330870396378 0
0.10358053000926282 0
0.06587785579874052 0
0.41319776571145234 0
0.046560506496998735 0
0.7253571635358358 0
0.06611586063515512 0
0.042473313132241564 0
0.5582772233122563 0
0.4447123634057922 0
0.06607071166183379 0
0.04756070132062772 0
0.0848142719604158 0
0.31646632447369405 0
0.058427046418889864 0
0.7701927830827711 0
0.6320381417474189 0
0.1470271352497837 0
0.07245829052653444 0
0.7849007245821733 0
0.8603898255741108 0
0.05624019664483189 0
0.04537774293266971 0
0.5327860199280321 0
0.41319776571145234 0
0.16334113403356124 0
0.06079035570750394 0
0.09110834116622454 0
0.0636722339994463 0
0.1470271352497837 0
0.4217994077458947 0
0.4217994077458947 0
0.3159829927116993 0
0.04591324918278913 0
0.042117020516244025 0
0.08480982691928518 0
0.08480982691928518 0
0.24957821942710887 0
0.05965685967064638 0
0.042473313132241564 0
0.05553943888212453 0
0.04215951229839074 0
0.05287094649840049 0
0.06635107047141527 0
0.7166716073503957 0
0.6464600666736439 0
0.051227056034584696 0
0.04568466983886392 0
0.05533146398086022 0
0.5138926117693494 0
0.563534244192495 0
0.05294156202176678 0
0.7506053508563706 0
0.7506053508563706 0
0.0698654799842796 0
0.08332990699277416 0
0.19573538343830452 0
0.053590910606106844 0
0.048272914475573594 0
0.442798064645568 0
0.080146593693351 0
0.05859710743409317 0
0.048272914475573594 0
0.0607821087097574 0
0.07041672083333449 0
0.6771223672603208 0
0.057804976414472534 0
0.283593992597058 0
0.7337108451847355 0
0.21367330870396378 0
0.05409875327878946 0
0.6924350329037874 0
0.3650271531561649 0
0.058007698497228165 0
0.0897645898134902 0
0.08193917145955894 0
0.8441825263715749 0
0.08375211129028147 0
0.21367330870396378 0
0.7105939222513837 0
0.5703254164234905 0
0.5703254164234905 0
0.04537774293266971 0
0.06264001037597784 0
0.6565560166444464 0
0.042473313132241564 0
0.6511621329217113 0
0.0939130405541912 0
0.08934432880508564 0
0.04537774293266971 0
0.4447123634057922 0
0.053623487638265355 0
0.6313091555947765 0
0.05533869195157325 0
0.4217994077458947 0
0.5719717501543307 0
0.04537774293266971 0
0.5034545792334594 0
0.20911355449526384 0
0.06072203744062334 0
0.5025140697121097 0
0.06264812975035258 0
0.06607071166183379 0
0.0900898451467446 0
0.06372200459130631 0
0.042473313132241564 0
0.0734083992530508 0
0.658001747477001 0
0.06184480510859732 0
0.18626590997708403 0
0.46384217478236434 0
0.07775196637535349 0
0.6043539531235302 0
0.048272914475573594 0
0.07366561117789251 0
0.07509642411355844 0
0.723869583712086 0
0.723869583712086 0
0.05153046204897562 0
0.05413814157851718 0
0.7337108451847355 0
0.4447123634057922 0
0.042473313132241564 0
0.06125503309292927 0
0.048272914475573594 0
0.06820028772352286 0
0.16334113403356124 0
0.048272914475573594 0
0.056573029320386374 0
0.04756070132062772 0
0.3772395224790589 0
0.05533869195157325 0
0.7166716073503957 0
0.04466116274612347 0
0.03931732099668501 0
0.5424700433109695 0
0.5719717501543307 0
0.8717786104524626 0
0.057674517560870484 0
0.058427046418889864 0
0.04537774293266971 0
0.16334113403356124 0
0.5230715022231363 0
0.17301287109285565 0
0.04331733036814439 0
0.08450629433882949 0
0.04466116274612347 0
0.06587785579874052 0
0.19968964783107054 0
0.04331733036814439 0
0.0829273936986632 0
0.04537774293266971 0
0.04644768313259126 0
0.6011425344985605 0
0.08934432880508564 0
0.053590910606106844 0
0.07868117124012274 0
0.21367330870396378 0
0.03931732099668501 0
0.048272914475573594 0
0.07482084902576655 0
0.7511463241628717 0
0.056593130448215345 0
0.04391307073987299 0
0.04824567459409603 0
0.6777813005583588 0
0.03931732099668501 0
0.4447123634057922 0
0.7091169645745129 0
0.6237002680293144 0
0.634026673987489 0
0.04537774293266971 0
0.049638808628137916 0
0.05937570022436485 0
0.0787709409892723 0
0.05553419438666733 0
0.3892978269294641 0
0.6167950449440501 0
0.07868117124012274 0
0.06264812975035258 0
0.06611586063515512 0
0.06264812975035258 0
0.05817819117174122 0
0.21367330870396378 0
0.0636722339994463 0
0.046618097104306526 0
0.7322060303250916 0
0.04537774293266971 0
0.5511220191495981 0
0.09975064425183408 0
0.6593431616872407 0
0.08296636591605304 0
0.1470271352497837 0
0.08117697034866185 0
0.08934432880508564 0
0.05100783797402092 0
0.2703345396252602 0
0.795771290409786 0
0.7826329357441072 0
0.08818525455362837 0
0.683889062068929 0
0.8872566074284496 0
0.048272914475573594 0
0.07868690479820115 0
0.5207245307561656 0
0.2389380004445932 0
0.2389380004445932 0
0.05889883462293796 0
0.05889883462293796 0
0.06611586063515512 0
0.05783350222753531 0
0.5596824839725537 0
0.08086727490050295 0
0.05454333137400653 0
0.7217798862829662 0
0.055372347075076066 0
0.07962115814532314 0
0.051226737810905074 0
0.046560506496998735 0
0.06421716074189153 0
0.21367330870396378 0
0.058007698497228165 0
0.048272914475573594 0
0.04568466983886392 0
0.04568466983886392 0
0.048272914475573594 0
0.049638808628137916 0
0.7550105927667061 0
0.5693097687901556 0
0.0623406529324435 0
0.06161036377652652 0
0.050378060410205705 0
0.7091169645745129 0
0.05533869195157325 0
0.049638808628137916 0
0.051226737810905074 0
0.1470271352497837 0
0.16334113403356124 0
0.17485656657992762 0
0.1470271352497837 0
0.0764051545816279 0
0.07088484631385712 0
0.3300880080139855 0
0.049638808628137916 0
0.21367330870396378 0
0.4798118905098588 0
0.26923415852936267 0
0.07915232719923208 0
0.5001061922539474 0
0.046560506496998735 0
0.0834182326593193 0
0.04537774293266971 0
0.27071347968071263 0
0.6109915043322606 0
0.6109915043322606 0
0.0829273936986632 0
0.07482084902576655 0
0.07482084902576655 0
0.6605654573923405 0
0.7103461458372242 0
0.7091169645745129 0
0.05409875327878946 0
0.7166716073503957 0
0.08450629433882949 0
0.052392457521046536 0
0.07482084902576655 0
0.06587785579874052 0
0.5675896390931118 0
0.06466937166148212 0
0.1470271352497837 0
0.08934432880508564 0
0.046560506496998735 0
0.03931732099668501 0
0.8354499112254893 0
0.057625759907906665 0
0.9092003377159189 0
0.06607071166183379 0
0.1470271352497837 0
0.21367330870396378 0
0.4514038822739118 0
0.478822796160481 0
0.07482084902576655 0
0.050647284951341756 0
0.03931732099668501 0
0.04466116274612347 0
0.719181112854888 0
0.6593431616872407 0
0.6593431616872407 0
0.07666604636443844 0
0.6511621329217113 0
0.042473313132241564 0
0.8196553230246881 0
0.5245597517324193 0
0.04215951229839074 0
0.08022582129294926 0
0.06406701890709769 0
0.05729278123143554 0
0.08934432880508564 0
0.07321936465605534 0
0.07409300630152708 0
0.08818525455362837 0
0.06551048812355442 0
0.05553419438666733 0
0.056573029320386374 0
0.03931732099668501 0
0.03931732099668501 0
0.3175343357450007 0
0.9065580448823369 0
0.06600578096191265 0
0.06600578096191265 0
0.6412157185013246 0
0.05270254501194804 0
0.04537774293266971 0
0.9158703253938135 0
0.06635107047141527 0
0.6855992919616313 0
0.7103461458372242 0
0.062172797900083364 0
0.047535627047056384 0
0.13571999110670194 0
0.1470271352497837 0
0.048272914475573594 0
0.048272914475573594 0
0.491985338002425 0
0.0713724251106211 0
0.16334113403356124 0
0.07944248582088431 0
0.06466617604680519 0
0.05940179420894868 0
0.08815119221010904 0
0.058007698497228165 0
0.6924746593513238 0
0.658001747477001 0
0.07868690479820115 0
0.7396476376423713 0
0.634026673987489 0
0.4756079876419822 0
0.04930161560545149 0
0.14828752642583712 0
0.21367330870396378 0
0.21367330870396378 0
0.07254974535763148 0
0.04466116274612347 0
0.1470271352497837 0
0.6863722168081284 0
0.3427116847430192 0
0.7451967491723249 0
0.8594523575034957 0
0.06069239880622289 0
0.06069239880622289 0
0.21367330870396378 0
0.3248699165039519 0
0.05533869195157325 0
0.1470271352497837 0
0.3995094316708989 0
0.052655652083462054 0
0.7103461458372242 0
0.05466871029698324 0
0.5034545792334594 0
0.21367330870396378 0
0.1470271352497837 0
0.07877249602964388 0
0.634026673987489 0
0.048272914475573594 0
0.5599959190059204 0
0.046560506496998735 0
0.6398809244851088 0
0.7584290199178093 0
0.9112720674899192 0
0.049775732676696965 0
0.07329083461451293 0
0.6238642496089891 0
0.08893451847280753 0
0.8155561359153282 0
0.6637039800707344 0
0.04242943565335595 0
0.6985128502852606 0
0.6353262553441543 0
0.048272914475573594 0
0.39987813752560275 0
0.05401780616671333 0
0.08661395369119769 0
0.5518723639425199 0
0.6398809244851088 0
0.331650384908125 0
0.04537774293266971 0
0.21367330870396378 0
0.05448906820840763 0
0.7317207293630583 0
0.04537774293266971 0
0.07962115814532314 0
0.06264812975035258 0
0.6241978254999052 0
0.042473313132241564 0
0.04329770462631381 0
0.6286187483365717 0
0.04982554939617551 0
0.0696927959823028 0
0.03931732099668501 0
0.05937570022436485 0
0.5886113486951695 0
0.11739493390699152 0
0.21338890097824142 0
0.3480190646613489 0
0.18591133638421178 0
0.052392457521046536 0
0.5719034871389145 0
0.6584002341076277 0
0.45235198392261006 0
0.19203036078236846 0
0.05294156202176678 0
0.045504474118617945 0
0.07508210922479523 0
0.04537774293266971 0
0.07973664526548041 0
0.046560506496998735 0
0.1470271352497837 0
0.1470271352497837 0
0.19831063481547695 0
0.5230715022231363 0
0.5230715022231363 0
0.046560506496998735 0
0.0433605512168154 0
0.059433153810330035 0
0.048272914475573594 0
0.6048197036659129 0
0.07915232719923208 0
0.04537774293266971 0
0.6253860076749347 0
0.7513612556266995 0
0.1470271352497837 0
0.050940937084476605 0
0.21367330870396378 0
0.048272914475573594 0
0.05956603628736514 0
0.058388359436628845 0
0.21367330870396378 0
0.09084523433233918 0
0.048272914475573594 0
0.05624019664483189 0
0.09718158899201478 0
0.03931732099668501 0
0.06097374803299639 0
0.0636722339994463 0
0.07868690479820115 0
0.7445213527759528 0
0.046560506496998735 0
0.585879381204891 0
0.044647571966405536 0
0.07329083461451293 0
0.05859710743409317 0
0.07870884891180169 0
0.05533146398086022 0
0.048272914475573594 0
0.7166716073503957 0
0.07503896427860356 0
0.07503896427860356 0
0.7091169645745129 0
0.04466116274612347 0
0.058007698497228165 0
0.09575777221649459 0
0.046727343152982624 0
0.7506053508563706 0
0.06763764244649287 0
0.719181112854888 0
0.05409875327878946 0
0.05409875327878946 0
0.3774539663265192 0
0.08934432880508564 0
0.7084259622537518 0
0.058007698497228165 0
0.21367330870396378 0
0.6946326053746449 0
0.6831187410149765 0
0.4713432189840514 0
0.04537774293266971 0
0.4317593702134232 0
0.08934432880508564 0
0.04768543236849124 0
0.1470271352497837 0
0.2275191765164465 0
0.05030573670110267 0
0.05802640822896432 0
0.052392457521046536 0
0.047105692869277495 0
0.5780402920969478 0
0.051226737810905074 0
0.42724594217647105 0
0.06125503309292927 0
0.051226737810905074 0
0.1778257757389407 0
0.08102839179404346 0
0.7091169645745129 0
0.04537774293266971 0
0.770823131560575 0
0.08191047152114067 0
0.05409875327878946 0
0.06820891521218841 0
0.7842544996269126 0
0.08455324831458567 0
0.0819375594663011 0
0.6398809244851088 0
0.04242943565335595 0
0.04242943565335595 0
0.7434921071183176 0
0.06429670506513341 0
0.44005381867267496 0
0.11151099750162387 0
0.04215951229839074 0
0.8196553230246881 0
0.05836915802251054 0
0.0636722339994463 0
0.6895430199822935 0
0.03931732099668501 0
0.04215951229839074 0
0.08228651384981894 0
0.7830079694652734 0
0.04537774293266971 0
0.05216530580430724 0
0.08700611778680005 0
0.050378060410205705 0
0.06466579957459741 0
0.07252319999367521 0
0.04537774293266971 0
0.05533869195157325 0
0.03931732099668501 0
0.08334099231504156 0
0.045255613674764106 0
0.0829273936986632 0
0.07877249602964388 0
0.05997005203225818 0
0.19490061370354683 0
0.19490061370354683 0
0.09052954500457397 0
0.05121125617106282 0
0.05121125617106282 0
0.07915232719923208 0
0.058829246051778875 0
0.5230715022231363 0
0.050441112251653326 0
0.05238418347157325 0
0.046560506496998735 0
0.046560506496998735 0
0.6895430199822935 0
0.615076897078087 0
0.6605654573923405 0
0.5165596246182553 0
0.0734083992530508 0
0.44430890409275847 0
0.054011910645259495 0
0.04537774293266971 0
0.08450629433882949 0
0.05476680721790697 0
0.878469364500946 0
0.4840074824685502 0
0.05836350570775874 0
0.06262905843674094 0
0.40479746852101867 0
0.04682501078460407 0
0.06611586063515512 0
0.046560506496998735 0
0.7506053508563706 0
0.0636722339994463 0
0.44005381867267496 0
0.0724789415550374 0
0.08300749100654546 0
0.7574734666853488 0
0.06873223532217133 0
0.08450629433882949 0
0.7763051758303898 0
0.056593130448215345 0
0.03931732099668501 0
0.04397382949205146 0
0.048272914475573594 0
0.41159989042767714 0
0.5378693259632296 0
0.10555322307733367 0
0.07915232719923208 0
0.6855992919616313 0
0.6606952116563207 0
0.1470271352497837 0
0.06611586063515512 0
0.0777388634928917 0
0.06969418536652564 0
0.21367330870396378 0
0.21367330870396378 0
0.05270254501194804 0
0.05270254501194804 0
0.0512166690423827 0
0.058427046418889864 0
0.6092055481426121 0
0.7091169645745129 0
0.08022424006105963 0
0.17444367815141076 0
0.03931732099668501 0
0.07130868546998985 0
0.0703177286499786 0
0.042473313132241564 0
0.1470271352497837 0
0.048272914475573594 0
0.47001222858950165 0
0.051226737810905074 0
0.07482084902576655 0
0.07482084902576655 0
0.09708926262961179 0
0.04537774293266971 0
0.6855992919616313 0
0.0604259968296475 0
0.6946326053746449 0
0.048272914475573594 0
0.07868117124012274 0
0.6985128502852606 0
0.08934432880508564 0
0.048272914475573594 0
0.046560506496998735 0
0.046560506496998735 0
0.042473313132241564 0
0.6167474221890171 0
0.04568466983886392 0
0.04898998017444364 0
0.06755974138158984 0
0.7337108451847355 0
0.051227056034584696 0
0.045209583697085866 0
0.06813341687153254 0
0.0636722339994463 0
0.04469249769712265 0
0.07096776412880858 0
0.04537774293266971 0
0.10539772926939624 0
0.05532601769339104 0
0.5970510743260501 0
0.19362727025553483 0
0.053590910606106844 0
0.27138079200773335 0
0.7276328702430753 0
0.7276328702430753 0
0.5975849434321527 0
0.05553419438666733 0
0.1470271352497837 0
0.6167474221890171 0
0.7645203035336333 0
0.0636722339994463 0
0.5114673682333074 0
0.6167474221890171 0
0.048272914475573594 0
0.7103461458372242 0
0.06951261167258255 0
0.03931732099668501 0
0.37000879824369975 0
0.050378060410205705 0
0.046560506496998735 0
0.6026564392323706 0
0.048272914475573594 0
0.03931732099668501 0
0.716254301498885 0
0.07878522168710908 0
0.7168297600219946 0
0.08022582129294926 0
0.08193917145955894 0
0.0625800706305064 0
0.24061927387327484 0
0.05624019664483189 0
0.05624019664483189 0
0.21367330870396378 0
0.042473313132241564 0
0.04537774293266971 0
0.5553898215804702 0
0.07772076062374965 0
0.05854246974625135 0
0.07915232719923208 0
0.09272107647306861 0
0.058007698497228165 0
0.8354499112254893 0
0.4286557633964698 0
0.556862659671434 0
0.04466116274612347 0
0.05624019664483189 0
0.07869458087480911 0
0.07868690479820115 0
0.2057381633191012 0
0.2057381633191012 0
0.05533146398086022 0
0.16334113403356124 0
0.08475814077814028 0
0.06664534018382115 0
0.05558943715415298 0
0.060785240487961426 0
0.7530849047988126 0
0.1470271352497837 0
0.7320752018216368 0
0.042473313132241564 0
0.5123110037651122 0
0.08450629433882949 0
0.06264812975035258 0
0.7103461458372242 0
0.04494364336706265 0
0.06072093425890633 0
0.5129581119568701 0
0.041471772306701876 0
0.07509642411355844 0
0.076152148088 0
0.6544931222155084 0
0.04494364336706265 0
0.5242341507754876 0
0.046737253142988065 0
0.1470271352497837 0
0.08450629433882949 0
0.7235431277461957 0
0.042473313132241564 0
0.042473313132241564 0
0.048272914475573594 0
0.7091169645745129 0
0.042473313132241564 0
0.08200423862906193 0
0.05409875327878946 0
0.06611586063515512 0
0.08934432880508564 0
0.055489153129909506 0
0.4640876010895793 0
0.05357008774042531 0
0.0512166690423827 0
0.052392457521046536 0
0.04682501078460407 0
0.06282627858067144 0
0.5223791270332961 0
0.05624019664483189 0
0.05281244594418275 0
0.5703254164234905 0
0.5596824839725537 0
0.08934432880508564 0
0.09959753068730426 0
0.06611586063515512 0
0.6961741128403982 0
0.6398809244851088 0
0.06897315022195878 0
0.053668489781098505 0
0.053668489781098505 0
0.06072203744062334 0
0.051226737810905074 0
0.048272914475573594 0
0.06697288752770524 0
0.1470271352497837 0
0.27431216737437825 0
0.0773390067451136 0
0.47187847204221856 0
0.4623636455888544 0
0.042473313132241564 0
0.06611586063515512 0
0.7356380956506811 0
0.7513612556266995 0
0.5042707369887228 0
0.5701470689317962 0
0.5570573138275521 0
0.5864558554173194 0
0.21367330870396378 0
0.08197713060862442 0
0.7489282405284494 0
0.04537774293266971 0
0.07509642411355844 0
0.09756977639056741 0
0.9078561709487093 0
0.05270254501194804 0
0.05140322460079465 0
0.2605172542166913 0
0.04537774293266971 0
0.6241705365328976 0
0.06820028772352286 0
0.06820028772352286 0
0.21467949993920007 0
0.058007698497228165 0
0.1470271352497837 0
0.4447123634057922 0
0.5955393368383254 0
0.042473313132241564 0
0.04871198442694613 0
0.7506053508563706 0
0.04537774293266971 0
0.6144401696721276 0
0.042473313132241564 0
0.3772395224790589 0
0.045255613674764106 0
0.6254844433711014 0
0.06264812975035258 0
0.048272914475573594 0
0.048272914475573594 0
0.046560506496998735 0
0.0636722339994463 0
0.7356380956506811 0
0.08700782004559972 0
0.04466116274612347 0
0.07367918639606919 0
0.060432788330804246 0
0.6398809244851088 0
0.06466937166148212 0
0.7103461458372242 0
0.058007698497228165 0
0.09247066256258547 0
0.07216818765468158 0
0.07216818765468158 0
0.22592873398365826 0
0.09000358455490995 0
0.09000358455490995 0
0.6167474221890171 0
0.0699339232252772 0
0.06264812975035258 0
0.06697288752770524 0
0.04568466983886392 0
0.8843168501360117 0
0.21367330870396378 0
0.7381042290944396 0
0.6167474221890171 0
0.08367136102911538 0
0.04537774293266971 0
0.06593721316821587 0
0.06073176432227406 0
0.07035576629963007 0
0.470341972511863 0
0.08012662667841437 0
0.4747356690010971 0
0.04537774293266971 0
0.0496237817887087 0
0.1470271352497837 0
0.7317207293630583 0
0.9257844806554447 0
0.05596796297846047 0
0.19416123313350908 0
0.19416123313350908 0
0.05618434564934097 0
0.05101651207733802 0
0.4626688181069537 0
0.7039245505029839 0
0.7039245505029839 0
0.7039245505029839 0
0.5230715022231363 0
0.06794611497756667 0
0.05533869195157325 0
0.43193494286265005 0
0.08300749100654546 0
0.413308732400349 0
0.03931732099668501 0
0.08934432880508564 0
0.050562281813432294 0
0.0829273936986632 0
0.6895430199822935 0
0.048272914475573594 0
0.4351549428847589 0
0.7103461458372242 0
0.48309691541692495 0
0.7187046555991448 0
0.7657488635218334 0
0.048272914475573594 0
0.3497267992800392 0
0.3497267992800392 0
0.5114673682333074 0
0.044706101512343936 0
0.08481188398847689 0
0.04568466983886392 0
0.05401780616671333 0
0.08450629433882949 0
0.04568466983886392 0
0.21367330870396378 0
0.05965685967064638 0
0.18118493569596045 0
0.06283455406922787 0
0.06607071166183379 0
0.060802780805385606 0
0.05409875327878946 0
0.16334113403356124 0
0.04537774293266971 0
0.04050318842446102 0
0.878015869108047 0
0.059433153810330035 0
0.055668775642713796 0
0.6286087013108627 0
0.8862941476279634 0
0.0698654799842796 0
0.1470271352497837 0
0.4864635117819301 0
0.04537774293266971 0
0.06264812975035258 0
0.7763051758303898 0
0.046560506496998735 0
0.049638808628137916 0
0.5360239273894016 0
0.49347665637983407 0
0.04537774293266971 0
0.07503896427860356 0
0.0607821087097574 0
0.0607821087097574 0
0.046560506496998735 0
0.08475814077814028 0
0.7506053508563706 0
0.03931732099668501 0
0.05216530580430724 0
0.05553943888212453 0
0.8766870137831965 0
0.0696245710628029 0
0.7494867636623826 0
0.046560506496998735 0
0.046560506496998735 0
0.587460922354534 0
0.06664534018382115 0
0.06126446887015835 0
0.6382196451458116 0
0.047105692869277495 0
0.7103461458372242 0
0.1470271352497837 0
0.5650747098551671 0
0.04568466983886392 0
0.33657808193013816 0
0.6167474221890171 0
0.7091169645745129 0
0.08324952681703311 0
0.05533146398086022 0
0.042473313132241564 0
0.058007698497228165 0
0.058007698497228165 0
0.055372347075076066 0
0.8091511254736805 0
0.056593130448215345 0
0.07482084902576655 0
0.13731579512875228 0
0.08193917145955894 0
0.07673269615558798 0
0.6509400230167687 0
0.05624019664483189 0
0.08700782004559972 0
0.08700782004559972 0
0.058083977666823855 0
0.06264812975035258 0
0.6398809244851088 0
0.08184408530278858 0
0.05532601769339104 0
0.048272914475573594 0
0.4958884288287084 0
0.58260030249048 0
0.045504474118617945 0
0.8865567496965922 0
0.1358254861861988 0
0.06489112498482139 0
0.04716907876339214 0
0.1470271352497837 0
0.7901798710034679 0
0.07840692126256509 0
0.19196955935443671 0
0.21367330870396378 0
0.08300749100654546 0
0.21367330870396378 0
0.050378060410205705 0
0.7010462858455145 0
0.04568466983886392 0
0.08632185180381276 0
0.050378060410205705 0
0.21367330870396378 0
0.03931732099668501 0
0.15905533403226324 0
0.5596824839725537 0
0.07618453708998121 0
0.06264812975035258 0
0.048272914475573594 0
0.7081458508566505 0
0.08024470946145765 0
0.04466116274612347 0
0.1470271352497837 0
0.048272914475573594 0
0.048272914475573594 0
0.07869458087480911 0
0.1470271352497837 0
0.057674517560870484 0
0.7489282405284494 0
0.07509642411355844 0
0.05783350222753531 0
0.048272914475573594 0
0.6488870451443487 0
0.05889883462293796 0
0.06118843055197145 0
0.6172784432304501 0
0.046737253142988065 0
0.21367330870396378 0
0.06264812975035258 0
0.5873376471849672 0
0.046560506496998735 0
0.05295327530332283 0
0.05295327530332283 0
0.6066718146166449 0
0.03931732099668501 0
0.6066718146166449 0
0.5230715022231363 0
0.04555429360535083 0
0.056509025300175174 0
0.07216818765468158 0
0.6398809244851088 0
0.08193917145955894 0
0.04855231921432354 0
0.04466116274612347 0
0.06466937166148212 0
0.394903922795203 0
0.048272914475573594 0
0.05458572734578915 0
0.05458572734578915 0
0.06264812975035258 0
0.03931732099668501 0
0.07348003910000281 0
0.7103461458372242 0
0.4756079876419822 0
0.050040350634034905 0
0.07869458087480911 0
0.0696245710628029 0
0.05817819117174122 0
0.04494364336706265 0
0.5115055178281278 0
0.08480982691928518 0
0.7091169645745129 0
0.7217798862829662 0
0.07509642411355844 0
0.1571814663654694 0
0.5230715022231363 0
0.3458119099269736 0
0.04537774293266971 0
0.04568466983886392 0
0.04568466983886392 0
0.046727343152982624 0
0.07509642411355844 0
0.0607821087097574 0
0.08728322038159043 0
0.07314103412613526 0
0.1472528581102204 0
0.07482084902576655 0
0.6241705365328976 0
0.21367330870396378 0
0.5311797477208076 0
0.39545967472591703 0
0.39545967472591703 0
0.07815627731999322 0
0.04537774293266971 0
0.07738339945115161 0
0.2755300393503447 0
0.4426094293600485 0
0.06743551107192423 0
0.06264812975035258 0
0.58260030249048 0
0.04537774293266971 0
0.5223791270332961 0
0.05624019664483189 0
0.05100783797402092 0
0.055434983962273005 0
0.21367330870396378 0
0.6584002341076277 0
0.04466116274612347 0
0.06611586063515512 0
0.5161090877972014 0
0.05537419293309634 0
0.07509642411355844 0
0.1981433179696529 0
0.07702525576188816 0
0.4638514705500392 0
0.07119200330309033 0
0.1618865593064285 0
0.06125503309292927 0
0.05532601769339104 0
0.21642353027172234 0
0.4815523873209564 0
0.04537774293266971 0
0.41159989042767714 0
0.21367330870396378 0
0.05533869195157325 0
0.062005665486553625 0
0.7103461458372242 0
0.21367330870396378 0
0.04537774293266971 0
0.046560506496998735 0
0.048272914475573594 0
0.046560506496998735 0
0.5886113486951695 0
0.03931732099668501 0
0.07366561117789251 0
0.05533869195157325 0
0.1470271352497837 0
0.5567552206701459 0
0.05501385792265193 0
0.07231575130612519 0
0.21989194820310348 0
0.04568466983886392 0
0.04978080896137784 0
0.37444186919526384 0
0.051227056034584696 0
0.061201696172520914 0
0.07647300011936249 0
0.07348003910000281 0
0.4217994077458947 0
0.342028682352071 0
0.0801200461568094 0
0.6511621329217113 0
0.0449772911381987 0
0.04537774293266971 0
0.1470271352497837 0
0.048272914475573594 0
0.5596824839725537 0
0.5596824839725537 0
0.04537774293266971 0
0.6241705365328976 0
0.20187367305045786 0
0.04466116274612347 0
0.04537774293266971 0
0.08655917655784177 0
0.23543399156019568 0
0.7103461458372242 0
0.491985338002425 0
0.049775732676696965 0
0.049775732676696965 0
0.04466116274612347 0
0.04591324918278913 0
0.04537774293266971 0
0.07873689127486468 0
0.6433033522288022 0
0.0764051545816279 0
0.04537774293266971 0
0.05030573670110267 0
0.1250899748211511 0
0.16506725050791618 0
0.16506725050791618 0
0.1470271352497837 0
0.8954321188398604 0
0.1470271352497837 0
0.09959753068730426 0
0.04568466983886392 0
0.05287094649840049 0
0.06611586063515512 0
0.0865351207425096 0
0.7467470411524433 0
0.047535627047056384 0
0.1470271352497837 0
0.7901798710034679 0
0.0734083992530508 0
0.21367330870396378 0
0.21367330870396378 0
0.6398809244851088 0
0.07482084902576655 0
0.042473313132241564 0
0.10555322307733367 0
0.05624019664483189 0
0.04466116274612347 0
0.04537774293266971 0
0.048272914475573594 0
0.03931732099668501 0
0.03931732099668501 0
0.8680121170428128 0
0.47996527544516526 0
0.07509642411355844 0
0.6593431616872407 0
0.05454333137400653 0
0.044706101512343936 0
0.673778938330612 0
0.048272914475573594 0
0.49663381584035104 0
0.05532601769339104 0
0.07314103412613526 0
0.062172797900083364 0
0.05537419293309634 0
0.07313923750528803 0
0.18708530291091793 0
0.6271965465330389 0
0.04537774293266971 0
0.058427046418889864 0
0.05402436944338931 0
0.1470271352497837 0
0.7028592839837509 0
0.21367330870396378 0
0.04537774293266971 0
0.08934432880508564 0
0.4447123634057922 0
0.0848142719604158 0
0.4623636455888544 0
0.08483984276935401 0
0.08483984276935401 0
0.07223871152881367 0
0.05171343056141253 0
0.6241705365328976 0
0.047449037302493134 0
0.8150011144909436 0
0.050940937084476605 0
0.07338673244158904 0
0.21367330870396378 0
0.058007698497228165 0
0.5365460244038259 0
0.07252319999367521 0
0.6895430199822935 0
0.07815627731999322 0
0.24333671028499962 0
0.046560506496998735 0
0.08934432880508564 0
0.07915232719923208 0
0.7550105927667061 0
0.5887228477848963 0
0.07869458087480911 0
0.0787909335247365 0
0.8155561359153282 0
0.06466617604680519 0
0.04537774293266971 0
0.7069806172157663 0
0.6046157967256814 0
0.10808182141687775 0
0.04537774293266971 0
0.6372305262448719 0
0.6048197036659129 0
0.6241705365328976 0
0.07741416202373685 0
0.0848142719604158 0
0.6296251003715096 0
0.7091169645745129 0
0.05287094649840049 0
0.05140322460079465 0
0.21367330870396378 0
0.08193917145955894 0
0.05624019664483189 0
0.04537774293266971 0
0.06165373861692444 0
0.6016929067736078 0
0.6572242623455834 0
0.26923415852936267 0
0.06656724655227526 0
0.04537774293266971 0
0.8680812945603079 0
0.08481188398847689 0
0.06729674359672486 0
0.061227586569836026 0
0.061227586569836026 0
0.049775732676696965 0
0.1653327476839343 0
0.11794486644350953 0
0.7103461458372242 0
0.09959753068730426 0
0.04537774293266971 0
0.21367330870396378 0
0.21367330870396378 0
0.553929449097163 0
0.046618097104306526 0
0.04555429360535083 0
0.058427046418889864 0
0.042473313132241564 0
0.049460807796360105 0
0.5119564630744139 0
0.5119564630744139 0
0.6167950449440501 0
0.08730346111627792 0
0.06607071166183379 0
0.5750192172996761 0
0.08934432880508564 0
0.08370856454490866 0
0.05965685967064638 0
0.08934432880508564 0
0.042473313132241564 0
0.042473313132241564 0
0.06969418536652564 0
0.6889515462330258 0
0.07618453708998121 0
0.042473313132241564 0
0.046560506496998735 0
0.05140322460079465 0
0.048272914475573594 0
0.41448221508930244 0
0.06073176432227406 0
0.7733104784268493 0
0.0623406529324435 0
0.05596796297846047 0
0.07509642411355844 0
0.7451967491723249 0
0.08018365193429206 0
0.7982649518184419 0
0.834564210472918 0
0.1778257757389407 0
0.7086192646949028 0
0.1576612862038832 0
0.4160816557001061 0
0.05854246974625135 0
0.048272914475573594 0
0.267178324480908 0
0.21367330870396378 0
0.09084523433233918 0
0.07252642411050662 0
0.08481593531993264 0
0.08364375212413384 0
0.1729173159873473 0
0.6895430199822935 0
0.048272914475573594 0
0.048272914475573594 0
0.17325252599432522 0
0.06714262032753986 0
0.050378060410205705 0
0.050378060410205705 0
0.7763051758303898 0
0.07915232719923208 0
0.06264812975035258 0
0.06264812975035258 0
0.2389380004445932 0
0.1752107079779765 0
0.050940937084476605 0
0.05128249850798526 0
0.7506053508563706 0
0.05121125617106282 0
0.06128224933326118 0
0.4245728645354468 0
0.11666426433910168 0
0.07221222169823518 0
0.07944248582088431 0
0.5596824839725537 0
0.06743357635096384 0
0.9190580268684891 0
0.6807978433917974 0
0.9092003377159189 0
0.646912583521963 0
0.0829273936986632 0
0.723291187475607 0
0.7037483271889422 0
0.4229862647792251 0
0.06161036377652652 0
0.05802640822896432 0
0.41337104202761943 0
0.05100783797402092 0
0.04568466983886392 0
0.04568466983886392 0
0.692039285868771 0
0.061201696172520914 0
0.04537774293266971 0
0.056545228991405114 0
0.442806078042542 0
0.6398809244851088 0
0.04537774293266971 0
0.05121125617106282 0
0.37709399313649516 0
0.06611586063515512 0
0.5340439374462282 0
0.8423582596620799 0
0.5245597517324193 0
0.048272914475573594 0
0.7122981408294445 0
0.048272914475573594 0
0.059689940235215434 0
0.07509642411355844 0
0.07915232719923208 0
0.06180589335501354 0
0.05791306986942781 0
0.05791306986942781 0
0.6628326967616412 0
0.046560506496998735 0
0.046560506496998735 0
0.07840692126256509 0
0.6172784432304501 0
0.7253031097195226 0
0.04537774293266971 0
0.03931732099668501 0
0.9011281659952904 0
0.5459578942468488 0
0.18563674588804113 0
0.6797001350784602 0
0.5114673682333074 0
0.23165527752797108 0
0.6172784432304501 0
0.5629065691010361 0
0.1470271352497837 0
0.07509642411355844 0
0.0623406529324435 0
0.3800991489761719 0
0.546106190359056 0
0.048272914475573594 0
0.7322060303250916 0
0.6596650048264903 0
0.6895430199822935 0
0.07096776412880858 0
0.9276866752664124 0
0.048272914475573594 0
0.050441112251653326 0
0.06763764244649287 0
0.044944891460538657 0
0.044944891460538657 0
0.05824218461916361 0
0.04537774293266971 0
0.09759891458886807 0
0.0696927959823028 0
0.05533869195157325 0
0.042473313132241564 0
0.042473313132241564 0
0.056593130448215345 0
0.056593130448215345 0
0.4586810325747563 0
0.6167474221890171 0
0.6855992919616313 0
0.44005381867267496 0
0.8196553230246881 0
0.0829273936986632 0
0.840559925374817 0
0.4981673653797063 0
0.08818525455362837 0
0.6593431616872407 0
0.06466617604680519 0
0.05287094649840049 0
0.06611586063515512 0
0.057674517560870484 0
0.380917606367642 0
0.05532601769339104 0
0.9143269238733241 0
0.1470271352497837 0
0.07184316143448273 0
0.04331733036814439 0
0.5505703240493793 0
0.5505703240493793 0
0.38730523904143965 0
0.052392457521046536 0
0.7445213527759528 0
0.5775551787681722 0
0.6610354383675138 0
0.47330091213795306 0
0.6355576399490348 0
0.04466116274612347 0
0.05401780616671333 0
0.21367330870396378 0
0.046560506496998735 0
0.08450629433882949 0
0.04998774114589196 0
0.046560506496998735 0
0.049638808628137916 0
0.06264812975035258 0
0.06264812975035258 0
0.10071386590201266 0
0.05956603628736514 0
0.06069239880622289 0
0.06069239880622289 0
0.0692559927283182 0
0.0918850092294668 0
0.07509642411355844 0
0.06466937166148212 0
0.8214295927748742 0
0.10680830202245493 0
0.21367330870396378 0
0.25273231563615406 0
0.06079035570750394 0
0.046560506496998735 0
0.046560506496998735 0
0.07915232719923208 0
0.04537774293266971 0
0.049638808628137916 0
0.06264812975035258 0
0.6286187483365717 0
0.06621757595546755 0
0.03931732099668501 0
0.0713724251106211 0
0.4756079876419822 0
0.042473313132241564 0
0.04215951229839074 0
0.049460807796360105 0
0.5599959190059204 0
0.04537774293266971 0
0.3674267189495057 0
0.059433153810330035 0
0.06142505792983055 0
0.03931732099668501 0
0.08367136102911538 0
0.07509642411355844 0
0.09387580257802755 0
0.04537774293266971 0
0.2755300393503447 0
0.4351549428847589 0
0.21367330870396378 0
0.07915232719923208 0
0.05294156202176678 0
0.04617551619643583 0
0.1470271352497837 0
0.47001222858950165 0
0.05705579099664121 0
0.048272914475573594 0
0.5630946797171053 0
0.056593130448215345 0
0.17444367815141076 0
0.07252319999367521 0
0.491985338002425 0
0.8155561359153282 0
0.0503430046236689 0
0.0503430046236689 0
0.048272914475573594 0
0.9064229587191592 0
0.04537774293266971 0
0.7166716073503957 0
0.6398809244851088 0
0.8141585834005026 0
0.051226737810905074 0
0.29266643066445486 0
0.21289269661518923 0
0.047449037302493134 0
0.052136703828377394 0
0.04537774293266971 0
0.10680830202245493 0
0.10680830202245493 0
0.7103461458372242 0
0.07509642411355844 0
0.6066718146166449 0
0.17310178598399897 0
0.7103461458372242 0
0.16334113403356124 0
0.07868117124012274 0
0.0907583226021897 0
0.04568466983886392 0
0.04568466983886392 0
0.05476680721790697 0
0.062038309066315404 0
0.08447179684290307 0
0.07666604636443844 0
0.07915232719923208 0
0.5736664016105961 0
0.7763051758303898 0
0.07878522168710908 0
0.6241978254999052 0
0.6166252262302486 0
0.04466116274612347 0
0.07482084902576655 0
0.06372046780195172 0
0.05244200194282554 0
0.5478338613639893 0
0.2074012765226861 0
0.21367330870396378 0
0.04466116274612347 0
0.06466617604680519 0
0.05533869195157325 0
0.7103461458372242 0
0.7103461458372242 0
0.4286557633964698 0
0.0614452347117387 0
0.04537774293266971 0
0.048272914475573594 0
0.35863758283524483 0
0.21367330870396378 0
0.04537774293266971 0
0.1470271352497837 0
0.21367330870396378 0
0.08013891205667605 0
0.08013891205667605 0
0.07509428730001314 0
0.03931732099668501 0
0.046560506496998735 0
0.5647764529245463 0
0.11151099750162387 0
0.5459578942468488 0
0.03931732099668501 0
0.05596796297846047 0
0.5752947961326563 0
0.042473313132241564 0
0.7912456463646698 0
0.795771290409786 0
0.06264812975035258 0
0.07868690479820115 0
0.10555322307733367 0
0.582846751658085 0
0.044647571966405536 0
0.07509642411355844 0
0.3041452949590493 0
0.5968580855311121 0
0.06611586063515512 0
0.046727343152982624 0
0.29461406512393035 0
0.1470271352497837 0
0.04537774293266971 0
0.5505703240493793 0
0.04537774293266971 0
0.5776687011226008 0
0.051227056034584696 0
0.21367330870396378 0
0.05802640822896432 0
0.24884128848870724 0
0.25199854242509806 0
0.7451967491723249 0
0.04397382949205146 0
0.5828679328027935 0
0.08334099231504156 0
0.07915232719923208 0
0.04215951229839074 0
0.08236272439223187 0
0.06820028772352286 0
0.557991247213775 0
0.5809758286071323 0
0.08450629433882949 0
0.16334113403356124 0
0.15905533403226324 0
0.7091169645745129 0
0.04608241390936352 0
0.08447179684290307 0
0.21367330870396378 0
0.08042122329585098 0
0.09197300254174412 0
0.07480658241849687 0
0.08934432880508564 0
0.11739493390699152 0
0.030847551680854783 0
0.07184316143448273 0
0.04537774293266971 0
0.7074825603020236 0
0.04568466983886392 0
0.6752769499190563 0
0.8997500763437805 0
0.9325392338049115 0
0.5630946797171053 0
0.5230715022231363 0
0.21367330870396378 0
0.5511220191495981 0
0.05854246974625135 0
0.6132916098996154 0
0.6895430199822935 0
0.057674517560870484 0
0.045638794405564204 0
0.04756070132062772 0
0.08925871201771876 0
0.0734083992530508 0
0.6488870451443487 0
0.05533869195157325 0
0.05553419438666733 0
0.06755974138158984 0
0.1470271352497837 0
0.04537774293266971 0
0.06600578096191265 0
0.3842989987988446 0
0.08191047152114067 0
0.7489282405284494 0
0.7921346120869447 0
0.22050102483430536 0
0.03931732099668501 0
0.05596796297846047 0
0.07674393070920776 0
0.17099806290755645 0
0.491985338002425 0
0.7711066329003147 0
0.07915232719923208 0
0.6426368351958366 0
0.1470271352497837 0
0.048503189784860415 0
0.47187847204221856 0
0.4447123634057922 0
0.4447123634057922 0
0.06466937166148212 0
0.615076897078087 0
0.6147339035768747 0
0.21367330870396378 0
0.5630946797171053 0
0.1470271352497837 0
0.6545607191645775 0
0.07666604636443844 0
0.5283833605359954 0
0.61270594277458 0
0.058329854014756585 0
0.058329854014756585 0
0.33196916634842544 0
0.046560506496998735 0
0.05836350570775874 0
0.739718424645922 0
0.7751471230587434 0
0.7751471230587434 0
0.7751471230587434 0
0.04215951229839074 0
0.19203036078236846 0
0.046560506496998735 0
0.6895430199822935 0
0.05802640822896432 0
0.06696065576025755 0
0.06969418536652564 0
0.07213042735865628 0
0.04568466983886392 0
0.22416572582454153 0
0.8238169573510812 0
0.06466937166148212 0
0.04537774293266971 0
0.07915232719923208 0
0.24061927387327484 0
0.060785240487961426 0
0.736139365997138 0
0.21367330870396378 0
0.5359410560565303 0
0.9187484326673829 0
0.1470271352497837 0
0.6440059099049459 0
0.04537774293266971 0
0.055668775642713796 0
0.048272914475573594 0
0.21367330870396378 0
0.7506053508563706 0
0.7506053508563706 0
0.04568466983886392 0
0.05596796297846047 0
0.5382004428924155 0
0.07818885312891667 0
0.4756079876419822 0
0.05624019664483189 0
0.47947901530795617 0
0.05533869195157325 0
0.6985128502852606 0
0.3048806213481786 0
0.3353066054761771 0
0.3353066054761771 0
0.148905331671675 0
0.6078111184577173 0
0.050378060410205705 0
0.058427046418889864 0
0.6167474221890171 0
0.34420026747625976 0
0.19180631253315927 0
0.05121125617106282 0
0.6895430199822935 0
0.0496237817887087 0
0.042473313132241564 0
0.07610153108492788 0
0.6307705396536808 0
0.042473313132241564 0
0.1108087308808845 0
0.21367330870396378 0
0.04568466983886392 0
0.1470271352497837 0
0.41159989042767714 0
0.07130868546998985 0
0.046560506496998735 0
0.07509642411355844 0
0.042473313132241564 0
0.08934432880508564 0
0.04537774293266971 0
0.9070531967290132 0
0.05171343056141253 0
0.05171343056141253 0
0.05533869195157325 0
0.3952473611045602 0
0.3952473611045602 0
0.05940388873215451 0
0.22813915798075926 0
0.046560506496998735 0
0.055822541968379866 0
0.6596650048264903 0
0.05295327530332283 0
0.6426368351958366 0
0.05997005203225818 0
0.05244200194282554 0
0.5133452331233834 0
0.0503430046236689 0
0.7715041642297552 0
0.04537774293266971 0
0.048272914475573594 0
0.7517305822715507 0
0.10720204787423457 0
0.8980854251368342 0
0.0636722339994463 0
0.5025140697121097 0
0.2429372715398158 0
0.04537774293266971 0
0.5967486419757894 0
0.046560506496998735 0
0.048272914475573594 0
0.048272914475573594 0
0.7103461458372242 0
0.4775437637726461 0
0.9325392338049115 0
0.1470271352497837 0
0.04469249769712265 0
0.048272914475573594 0
0.4447123634057922 0
0.03931732099668501 0
0.046129171692508124 0
0.046129171692508124 0
0.09000358455490995 0
0.09081549287950827 0
0.6754932346152343 0
0.6754932346152343 0
0.076152148088 0
0.6605654573923405 0
0.33813623899493234 0
0.1470271352497837 0
0.07509428730001314 0
0.044647571966405536 0
0.05802640822896432 0
0.048272914475573594 0
0.34881452352188497 0
0.7733104784268493 0
0.060785240487961426 0
0.044944891460538657 0
0.07158545117104978 0
0.04537774293266971 0
0.5975664841025752 0
0.05472241675874737 0
0.6855992919616313 0
0.05081086528581126 0
0.05817819117174122 0
0.07737768278642776 0
0.06165373861692444 0
0.6172784432304501 0
0.09081549287950827 0
0.042473313132241564 0
0.07915232719923208 0
0.07915232719923208 0
0.06466617604680519 0
0.04537774293266971 0
0.07509642411355844 0
0.06128812533636462 0
0.17035346600203938 0
0.8837354132882916 0
0.08450629433882949 0
0.21367330870396378 0
0.21367330870396378 0
0.04537774293266971 0
0.046560506496998735 0
0.17301287109285565 0
0.050441112251653326 0
0.06607071166183379 0
0.046560506496998735 0
0.046560506496998735 0
0.03931732099668501 0
0.08934432880508564 0
0.478029863697343 0
0.05472241675874737 0
0.1470271352497837 0
0.04537774293266971 0
0.10024501045503754 0
0.08024470946145765 0
0.07915232719923208 0
0.3487027021400681 0
0.048272914475573594 0
0.6637039800707344 0
0.06466617604680519 0
0.7004919136225766 0
0.6109915043322606 0
0.048272914475573594 0
0.05660202958907201 0
0.5245597517324193 0
0.058007698497228165 0
0.04466116274612347 0
0.07886737913007238 0
0.05997837798047197 0
0.21367330870396378 0
0.08073294874742402 0
0.04537774293266971 0
0.043929592959739604 0
0.17301287109285565 0
0.21367330870396378 0
0.05624019664483189 0
0.05533869195157325 0
0.05533869195157325 0
0.7763051758303898 0
0.5549603367356465 0
0.048272914475573594 0
0.04935098246154434 0
0.21367330870396378 0
0.29379942359250844 0
0.5136480419062242 0
0.05533869195157325 0
0.046560506496998735 0
0.49385752924589466 0
0.7506053508563706 0
0.22749752947301935 0
0.050441112251653326 0
0.03931732099668501 0
0.49347665637983407 0
0.048272914475573594 0
0.046560506496998735 0
0.6916234104271366 0
0.21367330870396378 0
0.06536604594829434 0
0.6398809244851088 0
0.3172073268790293 0
0.4840074824685502 0
0.04537774293266971 0
0.05252076062618224 0
0.06264812975035258 0
0.0848142719604158 0
0.5983691911927005 0
0.048454627768200816 0
0.21367330870396378 0
0.05802640822896432 0
0.6861685100881894 0
0.07738150732189629 0
0.06521050626412392 0
0.4032731166124949 0
0.6189347966310712 0
0.2605172542166913 0
0.1470271352497837 0
0.4439838959556926 0
0.7982649518184419 0
0.7467470411524433 0
0.04466116274612347 0
0.3754621466096781 0
0.7763051758303898 0
0.05618434564934097 0
0.048272914475573594 0
0.9289501464290643 0
0.08903111809678313 0
0.26252837828852144 0
0.43193494286265005 0
0.1649609788637782 0
0.04930161560545149 0
0.9381419694600479 0
0.08125450366637264 0
0.05286513279268963 0
0.05965685967064638 0
0.05298138544292687 0
0.05298138544292687 0
0.491985338002425 0
0.042473313132241564 0
0.6749255451607221 0
0.6749255451607221 0
0.919862410238893 0
0.07502903029360249 0
0.15905533403226324 0
0.053006094783983104 0
0.058007698497228165 0
0.5230715022231363 0
0.058427046418889864 0
0.058427046418889864 0
0.04941363689554621 0
0.051226737810905074 0
0.05533869195157325 0
0.06264812975035258 0
0.06264812975035258 0
0.7337108451847355 0
0.04982554939617551 0
0.051227056034584696 0
0.09110834116622454 0
0.042473313132241564 0
0.04537774293266971 0
0.058427046418889864 0
0.1358254861861988 0
0.061201696172520914 0
0.061201696172520914 0
0.18937230304109978 0
0.18937230304109978 0
0.08044280753036281 0
0.06621757595546755 0
0.5321135907435292 0
0.046727343152982624 0
0.19203036078236846 0
0.1586010607311 0
0.3704701200740593 0
0.47748451514889334 0
0.21367330870396378 0
0.7166716073503957 0
0.07982025269864915 0
0.03931732099668501 0
0.04898998017444364 0
0.04898998017444364 0
0.04537774293266971 0
0.21367330870396378 0
0.9127446450965209 0
0.046560506496998735 0
0.1470271352497837 0
0.1470271352497837 0
0.8899689007554069 0
0.04537774293266971 0
0.048272914475573594 0
0.09081549287950827 0
0.07868690479820115 0
0.05796278750416694 0
0.0623406529324435 0
0.046737253142988065 0
0.05029340301304407 0
0.04537774293266971 0
0.049068710454773026 0
0.07915232719923208 0
0.23500989261573071 0
0.7187287138674101 0
0.1470271352497837 0
0.04466116274612347 0
0.21367330870396378 0
0.21410640019697108 0
0.7350223850684255 0
0.08934432880508564 0
0.080499112442001 0
0.05413814157851718 0
0.048272914475573594 0
0.47187847204221856 0
0.658001747477001 0
0.041471772306701876 0
0.08193917145955894 0
0.7959702101618708 0
0.07348003910000281 0
0.5914718785168953 0
0.06466617604680519 0
0.47996527544516526 0
0.04469249769712265 0
0.1470271352497837 0
0.6398809244851088 0
0.060785240487961426 0
0.06489112498482139 0
0.6727534878660169 0
0.048272914475573594 0
0.05533869195157325 0
0.05533869195157325 0
0.06264812975035258 0
0.05409875327878946 0
0.03931732099668501 0
0.07509642411355844 0
0.0496237817887087 0
0.719181112854888 0
0.08934432880508564 0
0.1470271352497837 0
0.06951261167258255 0
0.0636722339994463 0
0.658001747477001 0
0.07868117124012274 0
0.6895430199822935 0
0.048272914475573594 0
0.380917606367642 0
0.9261361282227223 0
0.6801306944581296 0
0.6246891584766794 0
0.07869458087480911 0
0.6286187483365717 0
0.40747328085619855 0
0.06097374803299639 0
0.06097374803299639 0
0.07348003910000281 0
0.7224563380601668 0
0.2661249674519456 0
0.8225279572892256 0
0.044944891460538657 0
0.6644081348357148 0
0.04537774293266971 0
0.05409875327878946 0
0.04868689672481302 0
0.4447123634057922 0
0.23409049546950117 0
0.0848142719604158 0
0.048272914475573594 0
0.054011910645259495 0
0.6974346504405393 0
0.5273174115015543 0
0.1470271352497837 0
0.046622797439658754 0
0.17444367815141076 0
0.6011425344985605 0
0.07509642411355844 0
0.6855992919616313 0
0.1470271352497837 0
0.04982554939617551 0
0.6924746593513238 0
0.6924746593513238 0
0.07877249602964388 0
0.07877249602964388 0
0.06472105484380403 0
0.0696927959823028 0
0.07868690479820115 0
0.07619278966424266 0
0.49347665637983407 0
0.06079035570750394 0
0.21367330870396378 0
0.05171343056141253 0
0.6398809244851088 0
0.5679744331192462 0
0.04591324918278913 0
0.03931732099668501 0
0.06466617604680519 0
0.059433153810330035 0
0.5794883158824188 0
0.042473313132241564 0
0.07884892527744694 0
0.09084523433233918 0
0.6893793197350585 0
0.06429670506513341 0
0.5469231335307341 0
0.08367136102911538 0
0.03931732099668501 0
0.04537774293266971 0
0.1342738602913701 0
0.6509400230167687 0
0.06845328259091274 0
0.19379169527638637 0
0.04568466983886392 0
0.07451377268676622 0
0.07451377268676622 0
0.07868690479820115 0
0.23500989261573071 0
0.06611586063515512 0
0.04537774293266971 0
0.05533869195157325 0
0.05533869195157325 0
0.392828177376551 0
0.6833702694343045 0
0.04641652508459435 0
0.044944891460538657 0
0.04568466983886392 0
0.05699862549029805 0
0.0713724251106211 0
0.04568466983886392 0
0.06264812975035258 0
0.10555322307733367 0
0.0757255777344378 0
0.048272914475573594 0
0.0625800706305064 0
0.08934432880508564 0
0.41720341898358926 0
0.41720341898358926 0
0.042473313132241564 0
0.05624019664483189 0
0.5454749048197499 0
0.06820028772352286 0
0.04568466983886392 0
0.06429670506513341 0
0.058007698497228165 0
0.051227056034584696 0
0.07482084902576655 0
0.06282627858067144 0
0.4747356690010971 0
0.6549341844590381 0
0.04930161560545149 0
0.08388325029864986 0
0.042473313132241564 0
0.04537774293266971 0
0.06466937166148212 0
0.042473313132241564 0
0.05558943715415298 0
0.08481188398847689 0
0.1470271352497837 0
0.07216818765468158 0
0.07216818765468158 0
0.06142505792983055 0
0.08228651384981894 0
0.048272914475573594 0
0.1358254861861988 0
0.06125503309292927 0
0.8965697228372079 0
0.5340439374462282 0
0.06973063285493121 0
0.09284139833974943 0
0.1470271352497837 0
0.07666604636443844 0
0.05836350570775874 0
0.04537774293266971 0
0.05997005203225818 0
0.5650747098551671 0
0.582846751658085 0
0.442806078042542 0
0.04537774293266971 0
0.6316198359533625 0
0.0848142719604158 0
0.07509642411355844 0
0.04756153502641426 0
0.06069239880622289 0
0.0449772911381987 0
0.05270254501194804 0
0.09116442879851656 0
0.0512166690423827 0
0.21367330870396378 0
0.04956198713526718 0
0.49347665637983407 0
0.08367136102911538 0
0.6491816457590096 0
0.053623487638265355 0
0.6046157967256814 0
0.9126166544239692 0
0.04568466983886392 0
0.6092055481426121 0
0.07869458087480911 0
0.04856121237658104 0
0.18829222204673185 0
0.7711066329003147 0
0.5245597517324193 0
0.18404246060250495 0
0.07477079127366336 0
0.21187126973801734 0
0.6241978254999052 0
0.6584002341076277 0
0.05533869195157325 0
0.6986704361063197 0
0.8927392125097955 0
0.8642958921967518 0
0.7591644867784467 0
0.06131559722471073 0
0.5138319261720303 0
0.0900898451467446 0
0.6273232976969003 0
0.042473313132241564 0
0.08450629433882949 0
0.7103461458372242 0
0.21367330870396378 0
0.0696245710628029 0
0.8076821330955465 0
0.048272914475573594 0
0.21367330870396378 0
0.04466116274612347 0
0.05476680721790697 0
0.6011425344985605 0
0.1470271352497837 0
0.07002118056429384 0
0.04591324918278913 0
0.05476680721790697 0
0.05476680721790697 0
0.34386477598195575 0
0.04537774293266971 0
0.36119601557678244 0
0.058007698497228165 0
0.058830433069313785 0
0.0698654799842796 0
0.1470271352497837 0
0.048272914475573594 0
0.08925871201771876 0
0.1470271352497837 0
0.0829273936986632 0
0.05524524829854326 0
0.6066718146166449 0
0.08661395369119769 0
0.9127446450965209 0
0.20764397870587373 0
0.20764397870587373 0
0.21367330870396378 0
0.04568466983886392 0
0.5693097687901556 0
0.40549357523531604 0
0.07647947759760708 0
0.04331733036814439 0
0.06482727305206773 0
0.05409875327878946 0
0.21367330870396378 0
0.06820028772352286 0
0.05802640822896432 0
0.06079035570750394 0
0.06079035570750394 0
0.06079035570750394 0
0.06264812975035258 0
0.06264812975035258 0
0.09631527858515189 0
0.6172784432304501 0
0.6172784432304501 0
0.7103461458372242 0
0.05533869195157325 0
0.04537774293266971 0
0.05453795325957769 0
0.05997005203225818 0
0.04466116274612347 0
0.04466116274612347 0
0.41248261352297805 0
0.24333671028499962 0
0.05553419438666733 0
0.1470271352497837 0
0.04466116274612347 0
0.04617551619643583 0
0.16334113403356124 0
0.6398809244851088 0
0.1470271352497837 0
0.07702525576188816 0
0.0636722339994463 0
0.07962115814532314 0
0.04537774293266971 0
0.22619475489238153 0
0.7868186105980244 0
0.07509642411355844 0
0.6106250976696064 0
0.380917606367642 0
0.057625759907906665 0
0.07254974535763148 0
0.048272914475573594 0
0.4623636455888544 0
0.5603045825418463 0
0.08313266393556487 0
0.058427046418889864 0
0.055372347075076066 0
0.05270254501194804 0
0.6390981946577612 0
0.07482084902576655 0
0.05553419438666733 0
0.09197289075620592 0
0.7103461458372242 0
0.6167474221890171 0
0.07252319999367521 0
0.7253571635358358 0
0.06402563888835791 0
0.06402563888835791 0
0.1358254861861988 0
0.06845328259091274 0
0.6745787412409874 0
0.07868690479820115 0
0.04824567459409603 0
0.042117020516244025 0
0.05558943715415298 0
0.048272914475573594 0
0.0888784165543354 0
0.045504474118617945 0
0.7506053508563706 0
0.04713002315261987 0
0.7550105927667061 0
0.06125503309292927 0
0.05270254501194804 0
0.07314103412613526 0
0.051226737810905074 0
0.04537774293266971 0
0.7091169645745129 0
0.06184480510859732 0
0.045504474118617945 0
0.6985128502852606 0
0.046737253142988065 0
0.048272914475573594 0
0.5764766164002906 0
0.6829218459357759 0
0.1470271352497837 0
0.6398809244851088 0
0.05598894216304482 0
0.10555322307733367 0
0.6819897116633842 0
0.06489112498482139 0
0.049638808628137916 0
0.04756070132062772 0
0.07915232719923208 0
0.0482247212213477 0
0.8299977081127141 0
0.04494364336706265 0
0.05783350222753531 0
0.0614452347117387 0
0.0614452347117387 0
0.6555217907557309 0
0.07509642411355844 0
0.21367330870396378 0
0.0696245710628029 0
0.09000358455490995 0
0.08375211129028147 0
0.046560506496998735 0
0.04469249769712265 0
0.4925828901994349 0
0.1470271352497837 0
0.05077534886804411 0
0.6066718146166449 0
0.05596796297846047 0
0.048272914475573594 0
0.06611586063515512 0
0.06611586063515512 0
0.046560506496998735 0
0.6859282932094806 0
0.6859282932094806 0
0.1587023736736146 0
0.057088452758906914 0
0.7528359862969497 0
0.37444186919526384 0
0.052392457521046536 0
0.052392457521046536 0
0.07647008915728445 0
0.048272914475573594 0
0.0848142719604158 0
0.04568466983886392 0
0.6488870451443487 0
0.05110724596797023 0
0.5630946797171053 0
0.046560506496998735 0
0.1576612862038832 0
0.046560506496998735 0
0.04768543236849124 0
0.05409875327878946 0
0.6175863050740028 0
0.0699339232252772 0
0.0699339232252772 0
0.21989194820310348 0
0.05624019664483189 0
0.0809455580269431 0
0.04537774293266971 0
0.5196454351807303 0
0.048272914475573594 0
0.046560506496998735 0
0.6593431616872407 0
0.07647008915728445 0
0.07536966067087636 0
0.08898618775332215 0
0.08898618775332215 0
0.042473313132241564 0
0.056593130448215345 0
0.05501385792265193 0
0.15905533403226324 0
0.042473313132241564 0
0.7166716073503957 0
0.07509642411355844 0
0.21367330870396378 0
0.07915232719923208 0
0.04466116274612347 0
0.0900898451467446 0
0.7281971173180268 0
0.044647571966405536 0
0.04466116274612347 0
0.050378060410205705 0
0.042473313132241564 0
0.2389380004445932 0
0.2389380004445932 0
0.6814273350939087 0
0.046560506496998735 0
0.048272914475573594 0
0.07509642411355844 0
0.05238971347210555 0
0.08018365193429206 0
0.03931732099668501 0
0.03931732099668501 0
0.0636722339994463 0
0.6725485865331838 0
0.16772257308538496 0
0.658001747477001 0
0.046560506496998735 0
0.048272914475573594 0
0.06264812975035258 0
0.03931732099668501 0
0.07868690479820115 0
0.33196916634842544 0
0.04215951229839074 0
0.0571264515787414 0
0.22050102483430536 0
0.16334113403356124 0
0.1470271352497837 0
0.0787349688751576 0
0.7103461458372242 0
0.048272914475573594 0
0.048272914475573594 0
0.6167474221890171 0
0.7506053508563706 0
0.051226737810905074 0
0.550552547771869 0
0.5419276960303336 0
0.6537677196772155 0
0.055822541968379866 0
0.05533869195157325 0
0.7763051758303898 0
0.6172317375834078 0
0.04768543236849124 0
0.295866840270845 0
0.07511977199678012 0
0.5107371898380009 0
0.09197300254174412 0
0.04537774293266971 0
0.502034968421018 0
0.47001222858950165 0
0.07915232719923208 0
0.044706101512343936 0
0.1470271352497837 0
0.8299977081127141 0
0.048272914475573594 0
0.049638808628137916 0
0.06002499612561313 0
0.042473313132241564 0
0.05558943715415298 0
0.055822541968379866 0
0.7763051758303898 0
0.05877679333915141 0
0.5245597517324193 0
0.14342448000149985 0
0.2128353452190324 0
0.2128353452190324 0
0.06607071166183379 0
0.05533869195157325 0
0.6167474221890171 0
0.04537774293266971 0
0.5884999452451166 0
0.6412157185013246 0
0.6172784432304501 0
0.06969418536652564 0
0.046727343152982624 0
0.7091169645745129 0
0.08632185180381276 0
0.04568466983886392 0
0.08370856454490866 0
0.05100783797402092 0
0.719181112854888 0
0.05360465043728717 0
0.238938761449621 0
0.16334113403356124 0
0.1778257757389407 0
0.03931732099668501 0
0.0636722339994463 0
0.09631527858515189 0
0.046618097104306526 0
0.152919716835311 0
0.04716907876339214 0
0.04930161560545149 0
0.08228651384981894 0
0.04537774293266971 0
0.04537774293266971 0
0.7489282405284494 0
0.21367330870396378 0
0.06763764244649287 0
0.050647284951341756 0
0.4066689054724699 0
0.07944248582088431 0
0.06262905843674094 0
0.21367330870396378 0
0.046560506496998735 0
0.3497267992800392 0
0.042473313132241564 0
0.1470271352497837 0
0.04502253300691284 0
0.04568466983886392 0
0.04568466983886392 0
0.7251841820994721 0
0.0512166690423827 0
0.048272914475573594 0
0.1470271352497837 0
0.0848142719604158 0
0.04469249769712265 0
0.04824567459409603 0
0.380917606367642 0
0.7806300406007831 0
0.7532032891745494 0
0.0607821087097574 0
0.6316198359533625 0
0.08934432880508564 0
0.048272914475573594 0
0.048272914475573594 0
0.056593130448215345 0
0.046727343152982624 0
0.05624019664483189 0
0.0496237817887087 0
0.23543399156019568 0
0.05244200194282554 0
0.04568466983886392 0
0.21367330870396378 0
0.04855231921432354 0
0.06611586063515512 0
0.051226737810905074 0
0.6254844433711014 0
0.6318716310512937 0
0.048272914475573594 0
0.046560506496998735 0
0.5408142714000801 0
0.1470271352497837 0
0.058083977666823855 0
0.048272914475573594 0
0.18402943345406458 0
0.7103461458372242 0
0.06264812975035258 0
0.7386753931509638 0
0.8594523575034957 0
0.08655917655784177 0
0.5772343162607085 0
0.4638514705500392 0
0.07878522168710908 0
0.04537774293266971 0
0.048272914475573594 0
0.148905331671675 0
0.34881452352188497 0
0.053006094783983104 0
0.053006094783983104 0
0.8150011144909436 0
0.050647284951341756 0
0.04537774293266971 0
0.32978457375712206 0
0.05357059481259233 0
0.08480982691928518 0
0.048272914475573594 0
0.9039914087276518 0
0.07915232719923208 0
0.21367330870396378 0
0.04537774293266971 0
0.0696245710628029 0
0.749144995275704 0
0.7103461458372242 0
0.048272914475573594 0
0.04537774293266971 0
0.07647300011936249 0
0.8823641550368014 0
0.04537774293266971 0
0.04982554939617551 0
0.49347665637983407 0
0.07868117124012274 0
0.06466937166148212 0
0.07915232719923208 0
0.048272914475573594 0
0.07915232719923208 0
0.21367330870396378 0
0.058427046418889864 0
0.5211361589405019 0
0.058007698497228165 0
0.05909228510403244 0
0.6655981930749229 0
0.6655981930749229 0
0.07869458087480911 0
0.07869458087480911 0
0.07868117124012274 0
0.2897117738106977 0
0.719181112854888 0
0.051226737810905074 0
0.9165361157445874 0
0.0647311776178092 0
0.4626688181069537 0
0.050441112251653326 0
0.658001747477001 0
0.050378060410205705 0
0.04568466983886392 0
0.19831063481547695 0
0.05140322460079465 0
0.046560506496998735 0
0.2560709404064061 0
0.08193917145955894 0
0.17444367815141076 0
0.04537774293266971 0
0.6398809244851088 0
0.6398809244851088 0
0.048272914475573594 0
0.08934432880508564 0
0.05854246974625135 0
0.04537774293266971 0
0.21367330870396378 0
0.058427046418889864 0
0.08934432880508564 0
0.24333671028499962 0
0.21367330870396378 0
0.05956603628736514 0
0.1470271352497837 0
0.7091169645745129 0
0.051226737810905074 0
0.6855992919616313 0
0.07915232719923208 0
0.05244193585663929 0
0.29459652639073386 0
0.06466617604680519 0
0.09766251026957716 0
0.04537774293266971 0
0.04215951229839074 0
0.046560506496998735 0
0.04537774293266971 0
0.7314733519939475 0
0.04537774293266971 0
0.7786024829882869 0
0.7203014754208031 0
0.35603261144351717 0
0.05533869195157325 0
0.058329854014756585 0
0.5249611408412049 0
0.04469249769712265 0
0.5034866969432916 0
0.3953910668082177 0
0.3659245868929964 0
0.05537419293309634 0
0.044706101512343936 0
0.04537774293266971 0
0.21989194820310348 0
0.06828309909788173 0
0.1470271352497837 0
0.6426368351958366 0
0.08086727490050295 0
0.5930800909459215 0
0.17444367815141076 0
0.03931732099668501 0
0.7506053508563706 0
0.6195656210850756 0
0.6522773428057972 0
0.6522773428057972 0
0.04037980948664612 0
0.044647571966405536 0
0.05238418347157325 0
0.04768543236849124 0
0.060785240487961426 0
0.7632104049847583 0
0.052449926982301984 0
0.059887192012350744 0
0.05281244594418275 0
0.06282627858067144 0
0.9284969834567668 0
0.550045879831503 0
0.0819250229111011 0
0.06607071166183379 0
0.7506053508563706 0
0.048272914475573594 0
0.4640323257268241 0
0.6063970559025093 0
0.046560506496998735 0
0.16334113403356124 0
0.08450629433882949 0
0.07601315332628363 0
0.556862659671434 0
0.05303423139252307 0
0.06697288752770524 0
0.08818525455362837 0
0.06264812975035258 0
0.06264812975035258 0
0.044944891460538657 0
0.0900898451467446 0
0.3441850740316052 0
0.0607821087097574 0
0.05824218461916361 0
0.9303587439121032 0
0.06763764244649287 0
0.05533869195157325 0
0.06991050140540482 0
0.1470271352497837 0
0.10555322307733367 0
0.22059733598493567 0
0.04466116274612347 0
0.058427046418889864 0
0.1358254861861988 0
0.5554200810843101 0
0.07868690479820115 0
0.04537774293266971 0
0.048272914475573594 0
0.046618097104306526 0
0.6163268398234569 0
0.7091169645745129 0
0.06072093425890633 0
0.3995094316708989 0
0.08030945939902899 0
0.08030945939902899 0
0.3830024893092494 0
0.048272914475573594 0
0.05244200194282554 0
0.06069976373558505 0
0.6444250788232351 0
0.1470271352497837 0
0.1470271352497837 0
0.4066689054724699 0
0.07096776412880858 0
0.08809686048375782 0
0.0623406529324435 0
0.1470271352497837 0
0.7276328702430753 0
0.07602603979752982 0
0.07602603979752982 0
0.5863865164480444 0
0.37638820608072787 0
0.5424700433109695 0
0.07329083461451293 0
0.5287290018975692 0
0.06337829189658176 0
0.11109203109920175 0
0.07509642411355844 0
0.06282627858067144 0
0.059433153810330035 0
0.04568466983886392 0
0.7388286252214025 0
0.6416456336361339 0
0.6536980202693466 0
0.04822457132834729 0
0.10324282752041213 0
0.1470271352497837 0
0.7513612556266995 0
0.20130276202288114 0
0.051226737810905074 0
0.4864635117819301 0
0.34881452352188497 0
0.1470271352497837 0
0.6771223672603208 0
0.049068710454773026 0
0.049068710454773026 0
0.0781130094412953 0
0.587460922354534 0
0.04537774293266971 0
0.6488870451443487 0
0.5222163544203955 0
0.03931732099668501 0
0.04716907876339214 0
0.8075806090291843 0
0.07509642411355844 0
0.053143450144319315 0
0.051227056034584696 0
0.07647300011936249 0
0.44005381867267496 0
0.21408247230242347 0
0.6924746593513238 0
0.06381916581199146 0
0.6895430199822935 0
0.051227056034584696 0
0.736139365997138 0
0.04956198713526718 0
0.8949631111888967 0
0.06466937166148212 0
0.7100506261093023 0
0.04644768313259126 0
0.5438478177920193 0
0.046560506496998735 0
0.04568466983886392 0
0.0698654799842796 0
0.5775551787681722 0
0.46384217478236434 0
0.502034968421018 0
0.05940179420894868 0
0.23969032677482777 0
0.1470271352497837 0
0.7276328702430753 0
0.05889883462293796 0
0.3440443642509236 0
0.867707617995639 0
0.7826329357441072 0
0.048272914475573594 0
0.0698654799842796 0
0.057674517560870484 0
0.7132267463959133 0
0.7132267463959133 0
0.03931732099668501 0
0.0848142719604158 0
0.0823428726995122 0
0.0823428726995122 0
0.05210573773774469 0
0.8929781419148081 0
0.048272914475573594 0
0.1470271352497837 0
0.7166716073503957 0
0.08228651384981894 0
0.08258713141640311 0
0.04537774293266971 0
0.0502431432575502 0
0.0502431432575502 0
0.07790288583524481 0
0.07096776412880858 0
0.07869458087480911 0
0.07869458087480911 0
0.046560506496998735 0
0.6491816457590096 0
0.03931732099668501 0
0.22392997923158164 0
0.06415392648284109 0
0.08934432880508564 0
0.0781130094412953 0
0.08236272439223187 0
0.04537774293266971 0
0.04713002315261987 0
0.045116778077704485 0
0.7500031122111377 0
0.9169647999434691 0
0.05537419293309634 0
0.06150597457850638 0
0.6241705365328976 0
0.051226737810905074 0
0.40479746852101867 0
0.08294671612648943 0
0.07868117124012274 0
0.09110834116622454 0
0.03931732099668501 0
0.0829273936986632 0
0.04215951229839074 0
0.058007698497228165 0
0.0734083992530508 0
0.06545193024035983 0
0.05472241675874737 0
0.044647571966405536 0
0.09959753068730426 0
0.046727343152982624 0
0.08934432880508564 0
0.7506053508563706 0
0.6071298571909745 0
0.0647311776178092 0
0.09400266096679046 0
0.03931732099668501 0
0.048272914475573594 0
0.050441112251653326 0
0.05454333137400653 0
0.6070983078761623 0
0.8080346793783899 0
0.21367330870396378 0
0.044706101512343936 0
0.07877249602964388 0
0.4447123634057922 0
0.03047433828005985 0
0.07571391323642108 0
0.06611586063515512 0
0.21367330870396378 0
0.21367330870396378 0
0.05662953304834348 0
0.6855992919616313 0
0.7091169645745129 0
0.05127792836376112 0
0.04537774293266971 0
0.7193634365916611 0
0.046618097104306526 0
0.1470271352497837 0
0.080146593693351 0
0.0636722339994463 0
0.048272914475573594 0
0.6861685100881894 0
0.1470271352497837 0
0.0785269203781351 0
0.1470271352497837 0
0.550552547771869 0
0.5042707369887228 0
0.05501385792265193 0
0.046560506496998735 0
0.05533869195157325 0
0.5825690064979215 0
0.8762180725189154 0
0.1778257757389407 0
0.1778257757389407 0
0.046560506496998735 0
0.7337108451847355 0
0.05596796297846047 0
0.4317593702134232 0
0.043929592959739604 0
0.05624019664483189 0
0.1470271352497837 0
0.04537774293266971 0
0.06611586063515512 0
0.04537774293266971 0
0.07868690479820115 0
0.046560506496998735 0
0.062386397501976346 0
0.5211361589405019 0
0.06936756961212089 0
0.44005381867267496 0
0.07869458087480911 0
0.7337108451847355 0
0.5075015539411056 0
0.06097374803299639 0
0.07915232719923208 0
0.04466116274612347 0
0.07647947759760708 0
0.05854246974625135 0
0.38388225214482513 0
0.7763051758303898 0
0.06611586063515512 0
0.06611586063515512 0
0.042473313132241564 0
0.7103461458372242 0
0.07509642411355844 0
0.07618453708998121 0
0.07618453708998121 0
0.7171319506872611 0
0.06466937166148212 0
0.0829273936986632 0
0.048272914475573594 0
0.7506053508563706 0
0.048272914475573594 0
0.18727891705403518 0
0.7506053508563706 0
0.802815620268568 0
0.047637648109554884 0
0.7059185762155615 0
0.6175863050740028 0
0.06264812975035258 0
0.04537774293266971 0
0.0848142719604158 0
0.1470271352497837 0
0.0563813162303115 0
0.046618097104306526 0
0.05624019664483189 0
0.04537774293266971 0
0.05121125617106282 0
0.21367330870396378 0
0.5161090877972014 0
0.5161090877972014 0
0.05965685967064638 0
0.6167474221890171 0
0.046618097104306526 0
0.1470271352497837 0
0.048272914475573594 0
0.0698654799842796 0
0.7103461458372242 0
0.9127446450965209 0
0.062200046594782066 0
0.09317666103026898 0
0.20762431712913368 0
0.052392457521046536 0
0.08447179684290307 0
0.048272914475573594 0
0.04537774293266971 0
0.04410411225502622 0
0.5422512225294157 0
0.7322840452285996 0
0.7977215261269746 0
0.43193494286265005 0
0.795771290409786 0
0.20353376208357812 0
0.21367330870396378 0
0.042117020516244025 0
0.2275191765164465 0
0.046560506496998735 0
0.046560506496998735 0
0.0771001316261615 0
0.6382478424696322 0
0.08228651384981894 0
0.21367330870396378 0
0.3427116847430192 0
0.046560506496998735 0
0.09284139833974943 0
0.09284139833974943 0
0.04568466983886392 0
0.05524524829854326 0
0.042473313132241564 0
0.05537419293309634 0
0.051227056034584696 0
0.06611586063515512 0
0.21367330870396378 0
0.06611586063515512 0
0.04537774293266971 0
0.31831808291766384 0
0.31831808291766384 0
0.048272914475573594 0
0.19573538343830452 0
0.041471772306701876 0
0.06466617604680519 0
0.8487014672951424 0
0.21367330870396378 0
0.058427046418889864 0
0.7608652856744863 0
0.21367330870396378 0
0.04537774293266971 0
0.04822457132834729 0
0.6633121386425939 0
0.042473313132241564 0
0.7835551069311995 0
0.0449772911381987 0
0.6774708490893878 0
0.2557174802242544 0
0.563534244192495 0
0.06142505792983055 0
0.7866683440757399 0
0.06264812975035258 0
0.6511621329217113 0
0.04466116274612347 0
0.34881452352188497 0
0.042473313132241564 0
0.7010462858455145 0
0.5318871961151272 0
0.9047065694467613 0
0.1470271352497837 0
0.6757655426748905 0
0.21668270113608518 0
0.05533869195157325 0
0.05937570022436485 0
0.04568466983886392 0
0.8735535384001828 0
0.7132267463959133 0
0.06521050626412392 0
0.03931732099668501 0
0.7711066329003147 0
0.21367330870396378 0
0.046560506496998735 0
0.06820028772352286 0
0.6398809244851088 0
0.06264812975035258 0
0.080499112442001 0
0.04537774293266971 0
0.05244200194282554 0
0.09645283317072953 0
0.05889883462293796 0
0.8737249322395729 0
0.048272914475573594 0
0.048272914475573594 0
0.050441112251653326 0
0.07449886305077967 0
0.051227056034584696 0
0.05705579099664121 0
0.050040350634034905 0
0.17402211380605184 0
0.07868117124012274 0
0.04537774293266971 0
0.05940179420894868 0
0.06184480510859732 0
0.05295327530332283 0
0.048272914475573594 0
0.048272914475573594 0
0.5552312761153597 0
0.6855992919616313 0
0.0731424868491286 0
0.048272914475573594 0
0.0607821087097574 0
0.08475814077814028 0
0.0449772911381987 0
0.07995187525031111 0
0.1470271352497837 0
0.6372999736564546 0
0.25374993448000516 0
0.0699339232252772 0
0.0604259968296475 0
0.05401780616671333 0
0.919862410238893 0
0.03931732099668501 0
0.070232852175808 0
0.1470271352497837 0
0.15121790235325908 0
0.046560506496998735 0
0.9283701021862246 0
0.4972489783172377 0
0.7763051758303898 0
0.7132267463959133 0
0.042473313132241564 0
0.042473313132241564 0
0.4538180638452676 0
0.04716907876339214 0
0.06437920489431327 0
0.046560506496998735 0
0.042473313132241564 0
0.7091169645745129 0
0.05533146398086022 0
0.6241705365328976 0
0.1470271352497837 0
0.05476680721790697 0
0.046560506496998735 0
0.06611586063515512 0
0.0623406529324435 0
0.7763051758303898 0
0.049638808628137916 0
0.049638808628137916 0
0.5832040748994122 0
0.06264812975035258 0
0.08934432880508564 0
0.06264812975035258 0
0.046618097104306526 0
0.05119311587686595 0
0.07915232719923208 0
0.07915232719923208 0
0.6725485865331838 0
0.09284139833974943 0
0.046560506496998735 0
0.042473313132241564 0
0.21367330870396378 0
0.04537774293266971 0
0.04537774293266971 0
0.1470271352497837 0
0.09125169039342866 0
0.8196553230246881 0
0.5630946797171053 0
0.07915232719923208 0
0.06264812975035258 0
0.05154586755014375 0
0.4713432189840514 0
0.05409875327878946 0
0.6251829845482647 0
0.6271965465330389 0
0.19989631845885228 0
0.25279655966053505 0
0.042473313132241564 0
0.0433605512168154 0
0.07096776412880858 0
0.5230715022231363 0
0.07002118056429384 0
0.04537774293266971 0
0.07601315332628363 0
0.048272914475573594 0
0.053006094783983104 0
0.795771290409786 0
0.21367330870396378 0
0.9129473988711216 0
0.7591644867784467 0
0.1470271352497837 0
0.5616823761563244 0
0.1470271352497837 0
0.6821981805232684 0
0.060485794090424295 0
0.048272914475573594 0
0.8927392125097955 0
0.1981433179696529 0
0.048272914475573594 0
0.03931732099668501 0
0.06264812975035258 0
0.08300749100654546 0
0.06697288752770524 0
0.21367330870396378 0
0.048272914475573594 0
0.03931732099668501 0
0.3876268548092488 0
0.3876268548092488 0
0.07608830698793714 0
0.06118843055197145 0
0.07314103412613526 0
0.04537774293266971 0
0.05817819117174122 0
0.05533146398086022 0
0.07838390391963208 0
0.06098174941800267 0
0.0848142719604158 0
0.21367330870396378 0
0.04753408884927192 0
0.7091169645745129 0
0.7506053508563706 0
0.6544931222155084 0
0.2275191765164465 0
0.06951261167258255 0
0.07409300630152708 0
0.7494867636623826 0
0.07482084902576655 0
0.04537774293266971 0
0.1470271352497837 0
0.47187847204221856 0
0.6895430199822935 0
0.6895430199822935 0
0.04537774293266971 0
0.1470271352497837 0
0.048454627768200816 0
0.03931732099668501 0
0.05877679333915141 0
0.05413814157851718 0
0.04329770462631381 0
0.04329770462631381 0
0.05553419438666733 0
0.06098174941800267 0
0.0585058478699019 0
0.5245597517324193 0
0.6882643001042454 0
0.4933705474573822 0
0.08450629433882949 0
0.0866424502948417 0
0.7132267463959133 0
0.7132267463959133 0
0.046560506496998735 0
0.5087358281169808 0
0.07509642411355844 0
0.21367330870396378 0
0.0734083992530508 0
0.04591324918278913 0
0.5650747098551671 0
0.0644262098400738 0
0.05877679333915141 0
0.1470271352497837 0
0.0604259968296475 0
0.7385277760081677 0
0.21367330870396378 0
0.07616234720698437 0
0.6045059381854393 0
0.056573029320386374 0
0.7786024829882869 0
0.7786024829882869 0
0.04591324918278913 0
0.0503430046236689 0
0.05940179420894868 0
0.05997005203225818 0
0.08184408530278858 0
0.04537774293266971 0
0.046560506496998735 0
0.05287094649840049 0
0.7981361518946083 0
0.049775732676696965 0
0.058007698497228165 0
0.048272914475573594 0
0.6172784432304501 0
0.6075614591265627 0
0.05533869195157325 0
0.0734083992530508 0
0.0787293331867189 0
0.17402211380605184 0
0.07601315332628363 0
0.056089426367308126 0
0.080499112442001 0
0.06073176432227406 0
0.08475005787123212 0
0.08934432880508564 0
0.07840692126256509 0
0.07840692126256509 0
0.1470271352497837 0
0.08321496337671548 0
0.04568466983886392 0
0.15905533403226324 0
0.04537774293266971 0
0.7325434829680356 0
0.04537774293266971 0
0.7069806172157663 0
0.09284139833974943 0
0.048272914475573594 0
0.046560506496998735 0
0.5736664016105961 0
0.06072203744062334 0
0.09565464047195618 0
0.8859743079549359 0
0.5930800909459215 0
0.0734083992530508 0
0.06820028772352286 0
0.5764766164002906 0
0.4217994077458947 0
0.07877249602964388 0
0.09052954500457397 0
0.3204037883379486 0
0.3204037883379486 0
0.044339455455092845 0
0.7086192646949028 0
0.09387580257802755 0
0.6895430199822935 0
0.5217814317162977 0
0.046560506496998735 0
0.840559925374817 0
0.04537774293266971 0
0.05558943715415298 0
0.10555322307733367 0
0.09110834116622454 0
0.1470271352497837 0
0.0724789415550374 0
0.0724789415550374 0
0.06263389240358481 0
0.06283455406922787 0
0.21367330870396378 0
0.03931732099668501 0
0.0848142719604158 0
0.0764051545816279 0
0.05238418347157325 0
0.048503189784860415 0
0.1470271352497837 0
0.21367330870396378 0
0.0848142719604158 0
0.1470271352497837 0
0.6814273350939087 0
0.057088452758906914 0
0.04568466983886392 0
0.05711245584677502 0
0.056593130448215345 0
0.04466116274612347 0
0.04537774293266971 0
0.07772076062374965 0
0.06264812975035258 0
0.046560506496998735 0
0.06734245487534257 0
0.07280097554086626 0
0.07091524808429812 0
0.07382081948237258 0
0.048272914475573594 0
0.1358254861861988 0
0.04466116274612347 0
0.06460253016871759 0
0.47187847204221856 0
0.05532601769339104 0
0.6982320860670923 0
0.5340439374462282 0
0.0496237817887087 0
0.1930214559077924 0
0.05409875327878946 0
0.05409875327878946 0
0.04568466983886392 0
0.046560506496998735 0
0.1470271352497837 0
0.21367330870396378 0
0.7301487619360507 0
0.0703177286499786 0
0.0456774040505596 0
0.7397536188470676 0
0.09317666103026898 0
0.503973731073384 0
0.615076897078087 0
0.047121786325375906 0
0.5094558205397005 0
0.22050102483430536 0
0.6398809244851088 0
0.5378693259632296 0
0.658001747477001 0
0.1470271352497837 0
0.21367330870396378 0
0.06282627858067144 0
0.795771290409786 0
0.046560506496998735 0
0.09959753068730426 0
0.049638808628137916 0
0.049638808628137916 0
0.4439091168320255 0
0.7253571635358358 0
0.0907583226021897 0
0.0907583226021897 0
0.060723072292546386 0
0.060723072292546386 0
0.5903444464819113 0
0.6887292606470928 0
0.7059185762155615 0
0.04568466983886392 0
0.07673269615558798 0
0.05533869195157325 0
0.0907583226021897 0
0.05409875327878946 0
0.6509400230167687 0
0.5114673682333074 0
0.07647008915728445 0
0.0696245710628029 0
0.060485794090424295 0
0.060485794090424295 0
0.048272914475573594 0
0.042473313132241564 0
0.05533869195157325 0
0.21367330870396378 0
0.07944248582088431 0
0.6895430199822935 0
0.08934432880508564 0
0.0829273936986632 0
0.07808362782030034 0
0.05533869195157325 0
0.05533869195157325 0
0.21367330870396378 0
0.052812190493799635 0
0.06607071166183379 0
0.0696245710628029 0
0.2469565270753285 0
0.25199854242509806 0
0.07602603979752982 0
0.07602603979752982 0
0.048272914475573594 0
0.051226737810905074 0
0.05854246974625135 0
0.043929592959739604 0
0.058083977666823855 0
0.21367330870396378 0
0.03931732099668501 0
0.05409875327878946 0
0.0788132889325119 0
0.048272914475573594 0
0.07815627731999322 0
0.04585146966590786 0
0.6398809244851088 0
0.03931732099668501 0
0.09197300254174412 0
0.048272914475573594 0
0.05140322460079465 0
0.04466116274612347 0
0.1470271352497837 0
0.050378060410205705 0
0.044706101512343936 0
0.054011910645259495 0
0.06611586063515512 0
0.06714262032753986 0
0.06934337509127006 0
0.06934337509127006 0
0.6175863050740028 0
0.19831063481547695 0
0.43903108384029554 0
0.1470271352497837 0
0.1470271352497837 0
0.6172784432304501 0
0.07645161290196215 0
0.046838090737026654 0
0.07915232719923208 0
0.06984207936563736 0
0.4447123634057922 0
0.06887507653063721 0
0.048272914475573594 0
0.21367330870396378 0
0.6821981805232684 0
0.21367330870396378 0
0.04537774293266971 0
0.042473313132241564 0
0.7103461458372242 0
0.21367330870396378 0
0.4756079876419822 0
0.04568466983886392 0
0.04568466983886392 0
0.24081168670947306 0
0.5374167455334479 0
0.5374167455334479 0
0.05533869195157325 0
0.7141223333675792 0
0.7763051758303898 0
0.7763051758303898 0
0.07869458087480911 0
0.04466116274612347 0
0.0636722339994463 0
0.04716907876339214 0
0.08236272439223187 0
0.21367330870396378 0
0.07451377268676622 0
0.5794883158824188 0
0.06381916581199146 0
0.24406963651024496 0
0.8772488172041298 0
0.05040628905677583 0
0.06154234266513586 0
0.06154234266513586 0
0.06264812975035258 0
0.06969418536652564 0
0.04537774293266971 0
0.5596824839725537 0
0.6284086066673984 0
0.04466116274612347 0
0.557991247213775 0
0.06820028772352286 0
0.5148356821592932 0
0.21367330870396378 0
0.21367330870396378 0
0.6729795234537083 0
0.1273430882905217 0
0.7513612556266995 0
0.04242943565335595 0
0.07509642411355844 0
0.5270337747929862 0
0.9303587439121032 0
0.09317666103026898 0
0.5230715022231363 0
0.7584290199178093 0
0.09317666103026898 0
0.3537553520491185 0
0.05287094649840049 0
0.6844005347920836 0
0.08475814077814028 0
0.375470794726322 0
0.09197300254174412 0
0.041471772306701876 0
0.3088027168628327 0
0.6266074762068228 0
0.048272914475573594 0
0.04946311008518942 0
0.41319776571145234 0
0.7103461458372242 0
0.0698654799842796 0
0.1673001293503231 0
0.21367330870396378 0
0.05756861687110893 0
0.05756861687110893 0
0.05937570022436485 0
0.0851983200313563 0
0.5230715022231363 0
0.5141211474660974 0
0.08073294874742402 0
0.6163268398234569 0
0.7763051758303898 0
0.04537774293266971 0
0.07608644391395357 0
0.04537774293266971 0
0.0829273936986632 0
0.08934432880508564 0
0.47996527544516526 0
0.21367330870396378 0
0.07673269615558798 0
0.07673269615558798 0
0.8033257041282461 0
0.03931732099668501 0
0.07065532377723013 0
0.04568466983886392 0
0.1470271352497837 0
0.6109915043322606 0
0.19285752807433443 0
0.06787393129530592 0
0.0819250229111011 0
0.47187847204221856 0
0.0713724251106211 0
0.0713724251106211 0
0.06611586063515512 0
0.22983579980766172 0
0.7378101412639022 0
0.046560506496998735 0
0.046560506496998735 0
0.1470271352497837 0
0.1470271352497837 0
0.1470271352497837 0
0.08455324831458567 0
0.03931732099668501 0
0.08998473793143862 0
0.06887507653063721 0
0.1470271352497837 0
0.04537774293266971 0
0.07348003910000281 0
0.04537774293266971 0
0.04537774293266971 0
0.03931732099668501 0
0.1470271352497837 0
0.048272914475573594 0
0.061201696172520914 0
0.0848142719604158 0
0.046560506496998735 0
0.05409875327878946 0
0.06951261167258255 0
0.09116442879851656 0
0.09116442879851656 0
0.06227914348386525 0
0.6109915043322606 0
0.06073176432227406 0
0.03931732099668501 0
0.9302260348210128 0
0.1470271352497837 0
0.05408544697393071 0
0.04756070132062772 0
0.09631527858515189 0
0.050441112251653326 0
0.06264812975035258 0
0.048272914475573594 0
0.19203036078236846 0
0.7578700641697088 0
0.07382081948237258 0
0.046838090737026654 0
0.1470271352497837 0
0.05662953304834348 0
0.044706101512343936 0
0.04824567459409603 0
0.6855992919616313 0
0.07868690479820115 0
0.1470271352497837 0
0.07119200330309033 0
0.07091215103869457 0
0.6271840967783832 0
0.05537419293309634 0
0.07868690479820115 0
0.10444835866496101 0
0.21367330870396378 0
0.04568466983886392 0
0.05537419293309634 0
0.08450629433882949 0
0.20911355449526384 0
0.048272914475573594 0
0.6066718146166449 0
0.07868690479820115 0
0.08192322974330674 0
0.06002499612561313 0
0.7103461458372242 0
0.6078111184577173 0
0.048272914475573594 0
0.07868117124012274 0
0.1470271352497837 0
0.06611586063515512 0
0.06611586063515512 0
0.06611586063515512 0
0.5141100914710893 0
0.36359518805297725 0
0.21367330870396378 0
0.21367330870396378 0
0.058427046418889864 0
0.050378060410205705 0
0.49691603180503124 0
0.5161090877972014 0
0.05533869195157325 0
0.06069239880622289 0
0.8535109988539464 0
0.0709058181659289 0
0.2119039395691852 0
0.052136703828377394 0
0.08700611778680005 0
0.07673269615558798 0
0.049638808628137916 0
0.07869458087480911 0
0.07944248582088431 0
0.6989681126195062 0
0.058830433069313785 0
0.5245597517324193 0
0.7763051758303898 0
0.6163268398234569 0
0.04537774293266971 0
0.4638514705500392 0
0.5965414732694327 0
0.38905812080426333 0
0.07480658241849687 0
0.9381419694600479 0
0.6759870456459397 0
0.6893238177047658 0
0.06607071166183379 0
0.04502253300691284 0
0.0659390418375647 0
0.048272914475573594 0
0.3772395224790589 0
0.049775732676696965 0
0.046560506496998735 0
0.09081549287950827 0
0.09081549287950827 0
0.7427940664633199 0
0.09081549287950827 0
0.048272914475573594 0
0.9076474279239327 0
0.36986064871954183 0
0.09317666103026898 0
0.08472815115759537 0
0.21367330870396378 0
0.7091169645745129 0
0.0829273936986632 0
0.21367330870396378 0
0.8526726733597083 0
0.053384492545782036 0
0.21367330870396378 0
0.1470271352497837 0
0.42337174002279643 0
0.42337174002279643 0
0.38636672191761023 0
0.06611586063515512 0
0.07501503042853104 0
0.7059185762155615 0
0.08191047152114067 0
0.08191047152114067 0
0.5055706693669108 0
0.21367330870396378 0
0.06466937166148212 0
0.042473313132241564 0
0.0866424502948417 0
0.07065532377723013 0
0.5087358281169808 0
0.6167474221890171 0
0.048272914475573594 0
0.058427046418889864 0
0.048272914475573594 0
0.042473313132241564 0
0.07245829052653444 0
0.044944891460538657 0
0.042473313132241564 0
0.058188237183732575 0
0.04469249769712265 0
0.698648363516327 0
0.06611586063515512 0
0.04568466983886392 0
0.6137683098036536 0
0.0502431432575502 0
0.24406963651024496 0
0.6855992919616313 0
0.08604814979013556 0
0.08604814979013556 0
0.04930161560545149 0
0.1470271352497837 0
0.049775732676696965 0
0.03931732099668501 0
0.06264812975035258 0
0.795771290409786 0
0.05854246974625135 0
0.7068910695900973 0
0.7068910695900973 0
0.6540444523039004 0
0.4626688181069537 0
0.1470271352497837 0
0.04762839998840326 0
0.07509642411355844 0
0.04537774293266971 0
0.6241705365328976 0
0.6509884382270867 0
0.5620032268824328 0
0.267178324480908 0
0.05532601769339104 0
0.35863758283524483 0
0.055286896131167156 0
0.050938709938045806 0
0.06264812975035258 0
0.5562925580485956 0
0.06264812975035258 0
0.04466116274612347 0
0.06763764244649287 0
0.06621757595546755 0
0.06621757595546755 0
0.06501881764921046 0
0.06125503309292927 0
0.06125503309292927 0
0.04537774293266971 0
0.046737253142988065 0
0.0623406529324435 0
0.6839589474559712 0
0.06073176432227406 0
0.6328807519333951 0
0.058083977666823855 0
0.044944891460538657 0
0.4567224718992884 0
0.5840209066917073 0
0.03931732099668501 0
0.19187151185777473 0
0.08661395369119769 0
0.7711066329003147 0
0.8624882511425196 0
0.06097374803299639 0
0.05466871029698324 0
0.06184480510859732 0
0.055372347075076066 0
0.2074012765226861 0
0.1470271352497837 0
0.08604814979013556 0
0.06763764244649287 0
0.06763764244649287 0
0.4217994077458947 0
0.045380819351791314 0
0.9212364468155677 0
0.7103461458372242 0
0.0449772911381987 0
0.07254974535763148 0
0.046560506496998735 0
0.06611586063515512 0
0.06611586063515512 0
0.15905533403226324 0
0.7166716073503957 0
0.41448221508930244 0
0.3603035889666444 0
0.08661395369119769 0
0.08661395369119769 0
0.046560506496998735 0
0.07666604636443844 0
0.06112798384862875 0
0.4981673653797063 0
0.052392457521046536 0
0.05532601769339104 0
0.21367330870396378 0
0.06264812975035258 0
0.042473313132241564 0
0.03931732099668501 0
0.7103461458372242 0
0.048272914475573594 0
0.148905331671675 0
0.6046157967256814 0
0.6046157967256814 0
0.05624019664483189 0
0.06097374803299639 0
0.05238418347157325 0
0.07868690479820115 0
0.04568466983886392 0
0.1470271352497837 0
0.046560506496998735 0
0.051227056034584696 0
0.3774539663265192 0
0.21367330870396378 0
0.08450629433882949 0
0.5914718785168953 0
0.048272914475573594 0
0.21367330870396378 0
0.21367330870396378 0
0.0829273936986632 0
0.048272914475573594 0
0.07915232719923208 0
0.8737249322395729 0
0.5492906301097711 0
0.08934432880508564 0
0.08022424006105963 0
0.2602778918044576 0
0.2602778918044576 0
0.8203679875633336 0
0.4217994077458947 0
0.05238418347157325 0
0.7763051758303898 0
0.06264812975035258 0
0.04537774293266971 0
0.050378060410205705 0
0.04568466983886392 0
0.07509642411355844 0
0.6569658678213707 0
0.04673028244957582 0
0.04673028244957582 0
0.04617551619643583 0
0.048272914475573594 0
0.048272914475573594 0
0.05140322460079465 0
0.046618097104306526 0
0.042473313132241564 0
0.04469249769712265 0
0.61270594277458 0
0.4638514705500392 0
0.05244193585663929 0
0.06026838175490324 0
0.21367330870396378 0
0.21367330870396378 0
0.21367330870396378 0
0.3497267992800392 0
0.18618315799046398 0
0.05402436944338931 0
0.07245829052653444 0
0.21367330870396378 0
0.04466116274612347 0
0.04537774293266971 0
0.8312172253284966 0
0.17275776101665255 0
0.1532061031062644 0
0.6861096796057433 0
0.31646632447369405 0
0.07868117124012274 0
0.7607254138023883 0
0.5941594178005336 0
0.0734083992530508 0
0.6720939003456988 0
0.6720939003456988 0
0.26252837828852144 0
0.6241705365328976 0
0.076152148088 0
0.07105033260008922 0
0.0696927959823028 0
0.048503189784860415 0
0.07881136482708842 0
0.048272914475573594 0
0.12398780999634966 0
0.051226737810905074 0
0.05281244594418275 0
0.1470271352497837 0
0.05121125617106282 0
0.042473313132241564 0
0.0696245710628029 0
0.042473313132241564 0
0.04946311008518942 0
0.05154521985841243 0
0.05154521985841243 0
0.04537774293266971 0
0.04537774293266971 0
0.05656001710086773 0
0.7506053508563706 0
0.08321496337671548 0
0.1470271352497837 0
0.048272914475573594 0
0.06611586063515512 0
0.6318716310512937 0
0.08632185180381276 0
0.048272914475573594 0
0.42724594217647105 0
0.06876172255480396 0
0.07944248582088431 0
0.05100783797402092 0
0.051019966630741855 0
0.0829273936986632 0
0.03931732099668501 0
0.05409875327878946 0
0.07096776412880858 0
0.5948076635354032 0
0.1252416557113568 0
0.35267036735161755 0
0.5948076635354032 0
0.7180680737571592 0
0.21367330870396378 0
0.06607071166183379 0
0.06112798384862875 0
0.08604814979013556 0
0.04537774293266971 0
0.076152148088 0
0.1470271352497837 0
0.055286896131167156 0
0.08480982691928518 0
0.050378060410205705 0
0.21367330870396378 0
0.046560506496998735 0
0.07482084902576655 0
0.0848142719604158 0
0.048272914475573594 0
0.06494848465997521 0
0.37444186919526384 0
0.042473313132241564 0
0.04982554939617551 0
0.06412242063476137 0
0.9302260348210128 0
0.7091169645745129 0
0.05414714072964166 0
0.6511621329217113 0
0.05413814157851718 0
0.6596650048264903 0
0.8561921990068546 0
0.8561921990068546 0
0.06635107047141527 0
0.09959753068730426 0
0.04756070132062772 0
0.06073176432227406 0
0.0771001316261615 0
0.046560506496998735 0
0.046560506496998735 0
0.046560506496998735 0
0.0734083992530508 0
0.33503809700234966 0
0.03931732099668501 0
0.770823131560575 0
0.07092255614020788 0
0.24406963651024496 0
0.4439838959556926 0
0.44005381867267496 0
0.3194355414258803 0
0.6268844000331013 0
0.4950734973873203 0
0.11316591720874787 0
0.05824218461916361 0
0.056656750832986186 0
0.06073176432227406 0
0.10444835866496101 0
0.049068710454773026 0
0.41448221508930244 0
0.07647008915728445 0
0.5501041594567002 0
0.5439505366359682 0
0.08450629433882949 0
0.7091169645745129 0
0.4363134169740655 0
0.04756070132062772 0
0.06264812975035258 0
0.05409875327878946 0
0.06264812975035258 0
0.8919485624065719 0
0.7091169645745129 0
0.5012516807906225 0
0.5012516807906225 0
0.051227056034584696 0
0.046560506496998735 0
0.6491816457590096 0
0.050617720559214416 0
0.0696245710628029 0
0.20764397870587373 0
0.09317666103026898 0
0.7091169645745129 0
0.05553419438666733 0
0.0734083992530508 0
0.05854246974625135 0
0.08073294874742402 0
0.43677332498885396 0
0.051227056034584696 0
0.7086192646949028 0
0.6607460450596299 0
0.04568466983886392 0
0.6167474221890171 0
0.06611586063515512 0
0.08934432880508564 0
0.5561553340759663 0
0.05624019664483189 0
0.6865450409162706 0
0.6865450409162706 0
0.04868689672481302 0
0.07314103412613526 0
0.21408247230242347 0
0.04537774293266971 0
0.04537774293266971 0
0.5573433681609744 0
0.840559925374817 0
0.1470271352497837 0
0.1472528581102204 0
0.3952473611045602 0
0.04768543236849124 0
0.6855992919616313 0
0.0696245710628029 0
0.050647284951341756 0
0.7059185762155615 0
0.046560506496998735 0
0.6895430199822935 0
0.058427046418889864 0
0.04982554939617551 0
0.0696927959823028 0
0.04494364336706265 0
0.05409875327878946 0
0.21367330870396378 0
0.5989238059557996 0
0.04756070132062772 0
0.06876172255480396 0
0.61270594277458 0
0.0781130094412953 0
0.06150597457850638 0
0.06264812975035258 0
0.0829273936986632 0
0.840559925374817 0
0.8433699357632529 0
0.0696245710628029 0
0.0696245710628029 0
0.042473313132241564 0
0.05662953304834348 0
0.09975064425183408 0
0.09975064425183408 0
0.6109915043322606 0
0.048272914475573594 0
0.10680830202245493 0
0.16334113403356124 0
0.16334113403356124 0
0.5492903636746341 0
0.03931732099668501 0
0.05660202958907201 0
0.07868117124012274 0
0.07868117124012274 0
0.6895430199822935 0
0.6488870451443487 0
0.0788132889325119 0
0.04397382949205146 0
0.05533869195157325 0
0.06287413666402349 0
0.06287413666402349 0
0.046560506496998735 0
0.07511930555587043 0
0.04568466983886392 0
0.04537774293266971 0
0.04612871370897962 0
0.049068710454773026 0
0.0567130432128234 0
0.5596824839725537 0
0.03931732099668501 0
0.04242943565335595 0
0.7115160588865845 0
0.10717544754647328 0
0.048272914475573594 0
0.7086192646949028 0
0.21367330870396378 0
0.1577069543718011 0
0.4353046063897773 0
0.05171343056141253 0
0.04537774293266971 0
0.06820028772352286 0
0.045504474118617945 0
0.0698654799842796 0
0.0698654799842796 0
0.6855992919616313 0
0.05931693113204168 0
0.7166716073503957 0
0.04537774293266971 0
0.09313516363522296 0
0.04537774293266971 0
0.6398809244851088 0
0.8076821330955465 0
0.8076821330955465 0
0.04537774293266971 0
0.620165774402992 0
0.10808182141687775 0
0.08481188398847689 0
0.4713432189840514 0
0.4713432189840514 0
0.062172797900083364 0
0.5319903477425266 0
0.5075391368379959 0
0.865530323091111 0
0.06521050626412392 0
0.048272914475573594 0
0.048272914475573594 0
0.05533869195157325 0
0.06635107047141527 0
0.046560506496998735 0
0.5265836420708992 0
0.7500647946532696 0
0.046560506496998735 0
0.6231831429784884 0
0.05859639556544821 0
0.39349712907579 0
0.04756070132062772 0
0.16334113403356124 0
0.06098174941800267 0
0.03931732099668501 0
0.6534782025049577 0
0.05991318116108414 0
0.058427046418889864 0
0.7506053508563706 0
0.06283455406922787 0
0.05624019664483189 0
0.505032563323425 0
0.7166716073503957 0
0.9161496566538153 0
0.046560506496998735 0
0.07840692126256509 0
0.04682501078460407 0
0.08183804687858101 0
0.05530266701852994 0
0.05665647790019726 0
0.08332990699277416 0
0.0571264515787414 0
0.33905519425607417 0
0.07868690479820115 0
0.054011910645259495 0
0.7132267463959133 0
0.051156802045993405 0
0.7472769570792673 0
0.05409875327878946 0
0.7103461458372242 0
0.9302260348210128 0
0.09387580257802755 0
0.4447123634057922 0
0.380917606367642 0
0.04568466983886392 0
0.615076897078087 0
0.3772395224790589 0
0.06406701890709769 0
0.8140798704742032 0
0.04537774293266971 0
0.055286896131167156 0
0.04629576436996484 0
0.0623406529324435 0
0.1470271352497837 0
0.06264812975035258 0
0.4496219767451767 0
0.37444186919526384 0
0.7170740735428437 0
0.04568466983886392 0
0.07915232719923208 0
0.07868117124012274 0
0.04537774293266971 0
0.6288634298511878 0
0.046560506496998735 0
0.046560506496998735 0
0.07509642411355844 0
0.059433153810330035 0
0.04537774293266971 0
0.04537774293266971 0
0.0781130094412953 0
0.048272914475573594 0
0.1470271352497837 0
0.042473313132241564 0
0.05931693113204168 0
0.10680830202245493 0
0.048272914475573594 0
0.2814472938570702 0
0.06593721316821587 0
0.7578700641697088 0
0.09959753068730426 0
0.09959753068730426 0
0.06406701890709769 0
0.5157486668100318 0
0.06118843055197145 0
0.04537774293266971 0
0.048272914475573594 0
0.051847545320322784 0
0.051847545320322784 0
0.07830927722793948 0
0.06267244202970325 0
0.6637039800707344 0
0.0709058181659289 0
0.042473313132241564 0
0.055372347075076066 0
0.7091169645745129 0
0.07348003910000281 0
0.6855992919616313 0
0.06008442193472548 0
0.06466617604680519 0
0.17444367815141076 0
0.05537419293309634 0
0.6569658678213707 0
0.4351549428847589 0
0.07509642411355844 0
0.22392997923158164 0
0.6241705365328976 0
0.08819997627839064 0
0.049638808628137916 0
0.10539772926939624 0
0.07869458087480911 0
0.5207071186059926 0
0.042473313132241564 0
0.6732499757763969 0
0.1470271352497837 0
0.04756070132062772 0
0.9095740414449571 0
0.04129432551544679 0
0.49347665637983407 0
0.7039245505029839 0
0.651013491390701 0
0.19968964783107054 0
0.6754932346152343 0
0.06969418536652564 0
0.17099806290755645 0
0.0808886964721239 0
0.18156006795489824 0
0.07868117124012274 0
0.7091169645745129 0
0.49347665637983407 0
0.05533869195157325 0
0.05533869195157325 0
0.28742477317292264 0
0.7506053508563706 0
0.7506053508563706 0
0.5505703240493793 0
0.0888784165543354 0
0.04466116274612347 0
0.051227056034584696 0
0.04537774293266971 0
0.04537774293266971 0
0.04568466983886392 0
0.062172797900083364 0
0.06126446887015835 0
0.048272914475573594 0
0.03931732099668501 0
0.7289837351297218 0
0.3036301070940899 0
0.04537774293266971 0
0.2662221147387574 0
0.07896872539054045 0
0.5144915760372525 0
0.0625800706305064 0
0.4437951578527947 0
0.5221355801639527 0
0.05349767164599358 0
0.6092055481426121 0
0.31608544840207325 0
0.04921540156302069 0
0.05965685967064638 0
0.05409875327878946 0
0.08375211129028147 0
0.5775551787681722 0
0.07845077667139451 0
0.05506861326409678 0
0.17444367815141076 0
0.06264812975035258 0
0.06264812975035258 0
0.1470271352497837 0
0.5223791270332961 0
0.6882643001042454 0
0.1470271352497837 0
0.04537774293266971 0
0.054011910645259495 0
0.078483026028667 0
0.07730638108873748 0
0.7482805996652128 0
0.0512166690423827 0
0.055094173514845135 0
0.07868690479820115 0
0.09959753068730426 0
0.7073857739340259 0
0.05413814157851718 0
0.07766188453124807 0
0.048272914475573594 0
0.06951261167258255 0
0.058007698497228165 0
0.5207071186059926 0
0.048272914475573594 0
0.07601315332628363 0
0.07869458087480911 0
0.07915232719923208 0
0.048272914475573594 0
0.5865719437062467 0
0.042473313132241564 0
0.9039914087276518 0
0.10365154412101214 0
0.09387580257802755 0
0.06264812975035258 0
0.049068710454773026 0
0.1470271352497837 0
0.15905533403226324 0
0.05466871029698324 0
0.05466871029698324 0
0.09014432344973533 0
0.3650271531561649 0
0.6807420596543282 0
0.048272914475573594 0
0.4179012018733235 0
0.07482084902576655 0
0.7763051758303898 0
0.4262070962962597 0
0.07610002441617011 0
0.04629576436996484 0
0.5773751273430623 0
0.0829273936986632 0
0.0829273936986632 0
0.0734083992530508 0
0.7091169645745129 0
0.618603207594272 0
0.07482084902576655 0
0.07915232719923208 0
0.45346897352892507 0
0.7059185762155615 0
0.03931732099668501 0
0.03931732099668501 0
0.7982649518184419 0
0.5326654140977468 0
0.048272914475573594 0
0.08934432880508564 0
0.05553943888212453 0
0.21367330870396378 0
0.048272914475573594 0
0.1470271352497837 0
0.08191047152114067 0
0.38388225214482513 0
0.058007698497228165 0
0.058007698497228165 0
0.04591324918278913 0
0.7103461458372242 0
0.0848142719604158 0
0.6540444523039004 0
0.21367330870396378 0
0.6271840967783832 0
0.048272914475573594 0
0.048272914475573594 0
0.06264812975035258 0
0.5930800909459215 0
0.05660202958907201 0
0.21367330870396378 0
0.37679230523520085 0
0.07314103412613526 0
0.059265175244950875 0
0.08251329160850265 0
0.11151099750162387 0
0.5459578942468488 0
0.08125450366637264 0
0.04466116274612347 0
0.0848142719604158 0
0.07868117124012274 0
0.12680635484744435 0
0.08193917145955894 0
0.08193917145955894 0
0.9092003377159189 0
0.051227056034584696 0
0.060785240487961426 0
0.05553943888212453 0
0.08934432880508564 0
0.04494364336706265 0
0.058427046418889864 0
0.1470271352497837 0
0.04537774293266971 0
0.04537774293266971 0
0.5492906301097711 0
0.05859710743409317 0
0.4447123634057922 0
0.4447123634057922 0
0.07868117124012274 0
0.13571999110670194 0
0.06118843055197145 0
0.05171343056141253 0
0.044647571966405536 0
0.0503430046236689 0
0.0512166690423827 0
0.04537774293266971 0
0.0788132889325119 0
0.06466747218693655 0
0.5129581119568701 0
0.05537419293309634 0
0.16365592725485067 0
0.5262283817494933 0
0.07840692126256509 0
0.07840692126256509 0
0.052392457521046536 0
0.582846751658085 0
0.047637648109554884 0
0.6277421184677889 0
0.6711977340819165 0
0.08661395369119769 0
0.07647008915728445 0
0.048197357344893846 0
0.04537774293266971 0
0.048272914475573594 0
0.9171546598056639 0
0.06098174941800267 0
0.04568466983886392 0
0.07503896427860356 0
0.3892978269294641 0
0.03931732099668501 0
0.148905331671675 0
0.4958884288287084 0
0.09336986800359434 0
0.06763764244649287 0
0.21367330870396378 0
0.5878909454162536 0
0.07223871152881367 0
0.057088452758906914 0
0.06072203744062334 0
0.1470271352497837 0
0.053623487638265355 0
0.04756070132062772 0
0.054353996593830584 0
0.048272914475573594 0
0.04537774293266971 0
0.5561553340759663 0
0.06073176432227406 0
0.7763051758303898 0
0.07844395077475505 0
0.7763051758303898 0
0.047401478137588826 0
0.6241705365328976 0
0.6241705365328976 0
0.148905331671675 0
0.05817819117174122 0
0.5035997266740982 0
0.04537774293266971 0
0.0694355614915192 0
0.17065368533574643 0
0.5736664016105961 0
0.049068710454773026 0
0.04466116274612347 0
0.04466116274612347 0
0.04568466983886392 0
0.04469249769712265 0
0.0848142719604158 0
0.21367330870396378 0
0.5719034871389145 0
0.058083977666823855 0
0.0694355614915192 0
0.04617551619643583 0
0.0639750912987428 0
0.04537774293266971 0
0.05238418347157325 0
0.057674517560870484 0
0.5723547315603761 0
0.08375211129028147 0
0.08375211129028147 0
0.05537419293309634 0
0.048272914475573594 0
0.08455324831458567 0
0.08042122329585098 0
0.08042122329585098 0
0.6988901367991204 0
0.5771885484919179 0
0.5439505366359682 0
0.0593430009186518 0
0.04466116274612347 0
0.04537774293266971 0
0.6511621329217113 0
0.15905533403226324 0
0.055822541968379866 0
0.5630946797171053 0
0.058007698497228165 0
0.057674517560870484 0
0.7115160588865845 0
0.07509642411355844 0
0.07509642411355844 0
0.04946311008518942 0
0.6172784432304501 0
0.05536710266319141 0
0.0787349688751576 0
0.0787349688751576 0
0.046560506496998735 0
0.7901798710034679 0
0.0607821087097574 0
0.046560506496998735 0
0.08480982691928518 0
0.06472105484380403 0
0.0698654799842796 0
0.7091169645745129 0
0.6882643001042454 0
0.5211361589405019 0
0.05294156202176678 0
0.042473313132241564 0
0.21367330870396378 0
0.21367330870396378 0
0.14185655052257112 0
0.6711977340819165 0
0.46590212297810835 0
0.07482084902576655 0
0.05997005203225818 0
0.0848142719604158 0
0.148905331671675 0
0.05409875327878946 0
0.08818525455362837 0
0.0502431432575502 0
0.06611586063515512 0
0.04657602593861916 0
0.380917606367642 0
0.7103461458372242 0
0.1470271352497837 0
0.08334099231504156 0
0.046560506496998735 0
0.6725485865331838 0
0.046560506496998735 0
0.048272914475573594 0
0.7399131400548333 0
0.044647571966405536 0
0.044647571966405536 0
0.08481188398847689 0
0.11490294492535824 0
0.6270142886842739 0
0.0496237817887087 0
0.041471772306701876 0
0.08081046350170472 0
0.08700782004559972 0
0.08700782004559972 0
0.21367330870396378 0
0.7103461458372242 0
0.25119862485005157 0
0.06069239880622289 0
0.46982177522629653 0
0.46982177522629653 0
0.7276328702430753 0
0.7276328702430753 0
0.34449700986808507 0
0.07601315332628363 0
0.07509642411355844 0
0.4840074824685502 0
0.21367330870396378 0
0.21367330870396378 0
0.046727343152982624 0
0.08367136102911538 0
0.07915232719923208 0
0.729295871546971 0
0.047150959941460076 0
0.051226737810905074 0
0.6570570381366996 0
0.07213042735865628 0
0.058007698497228165 0
0.5157486668100318 0
0.1470271352497837 0
0.04568466983886392 0
0.04466116274612347 0
0.1358254861861988 0
0.6551143337461229 0
0.04537774293266971 0
0.0848142719604158 0
0.05190971366071339 0
0.1470271352497837 0
0.1470271352497837 0
0.9078561709487093 0
0.7115160588865845 0
0.491985338002425 0
0.07130868546998985 0
0.07130868546998985 0
0.07868690479820115 0
0.6398809244851088 0
0.06264812975035258 0
0.04537774293266971 0
0.6370916567572831 0
0.32631947691120206 0
0.16334113403356124 0
0.9381419694600479 0
0.5855747295652987 0
0.07877249602964388 0
0.04822457132834729 0
0.04568466983886392 0
0.7763051758303898 0
0.6241978254999052 0
0.051226737810905074 0
0.03931732099668501 0
0.6372999736564546 0
0.04502253300691284 0
0.07868117124012274 0
0.6373896653667309 0
0.04930161560545149 0
0.06820028772352286 0
0.0734083992530508 0
0.0734083992530508 0
0.726943162978532 0
0.046560506496998735 0
0.058427046418889864 0
0.7091169645745129 0
0.21367330870396378 0
0.049775732676696965 0
0.6433589450285669 0
0.7125896108634797 0
0.615076897078087 0
0.06072203744062334 0
0.048272914475573594 0
0.048272914475573594 0
0.7584290199178093 0
0.6498854839371258 0
0.058829246051778875 0
0.07251199007904846 0
0.1470271352497837 0
0.08193917145955894 0
0.5505703240493793 0
0.06743551107192423 0
0.658001747477001 0
0.055372347075076066 0
0.5596824839725537 0
0.0694355614915192 0
0.21367330870396378 0
0.07422338242842613 0
0.07422338242842613 0
0.04537774293266971 0
0.9276736880543834 0
0.1470271352497837 0
0.060485794090424295 0
0.062005665486553625 0
0.06415026167008199 0
0.6313091555947765 0
0.6313091555947765 0
0.7559337538170496 0
0.7559337538170496 0
0.7559337538170496 0
0.17444367815141076 0
0.06611586063515512 0
0.05533869195157325 0
0.7149134742200398 0
0.38636672191761023 0
0.06264812975035258 0
0.6895430199822935 0
0.050378060410205705 0
0.050378060410205705 0
0.7103461458372242 0
0.7451967491723249 0
0.08236272439223187 0
0.07915232719923208 0
0.7190266724361349 0
0.07482084902576655 0
0.07254974535763148 0
0.043273724363521296 0
0.03931732099668501 0
0.05877679333915141 0
0.046560506496998735 0
0.05558943715415298 0
0.6895430199822935 0
0.6814273350939087 0
0.06913038887355444 0
0.06913038887355444 0
0.1470271352497837 0
0.06073176432227406 0
0.08435010230479568 0
0.07096776412880858 0
0.6308891754716408 0
0.08362785243753776 0
0.6271965465330389 0
0.2344234776128698 0
0.0734083992530508 0
0.0433605512168154 0
0.04037980948664612 0
0.04037980948664612 0
0.08191047152114067 0
0.042473313132241564 0
0.09110834116622454 0
0.7217798862829662 0
0.08818525455362837 0
0.048272914475573594 0
0.08934432880508564 0
0.7489282405284494 0
0.7489282405284494 0
0.08364375212413384 0
0.04537774293266971 0
0.0781130094412953 0
0.06611586063515512 0
0.04537774293266971 0
0.6043915466902612 0
0.04329770462631381 0
0.048272914475573594 0
0.058007698497228165 0
0.6895430199822935 0
0.6895430199822935 0
0.04568466983886392 0
0.04537774293266971 0
0.5975849434321527 0
0.056294797809852984 0
0.15905533403226324 0
0.07868690479820115 0
0.04568466983886392 0
0.12680635484744435 0
0.07602603979752982 0
0.39156953817909396 0
0.0848142719604158 0
0.8154581064925911 0
0.06611586063515512 0
0.1470271352497837 0
0.6254844433711014 0
0.06125503309292927 0
0.1470271352497837 0
0.0907583226021897 0
0.0433605512168154 0
0.7132267463959133 0
0.05997005203225818 0
0.03931732099668501 0
0.0888784165543354 0
0.615076897078087 0
0.05688091948129119 0
0.05409875327878946 0
0.04982554939617551 0
0.06635107047141527 0
0.058083977666823855 0
0.050441112251653326 0
0.7711066329003147 0
0.5062972899204753 0
0.21367330870396378 0
0.04537774293266971 0
0.07944248582088431 0
0.06466937166148212 0
0.6597094819530849 0
0.6462073097750449 0
0.0696927959823028 0
0.048272914475573594 0
0.06969418536652564 0
0.05401780616671333 0
0.05401780616671333 0
0.07915232719923208 0
0.046494332037168976 0
0.04568466983886392 0
0.1470271352497837 0
0.08191047152114067 0
0.08300749100654546 0
0.058007698497228165 0
0.6172784432304501 0
0.1470271352497837 0
0.08370856454490866 0
0.5712438114788778 0
0.07915232719923208 0
0.058007698497228165 0
0.04537774293266971 0
0.6370916567572831 0
0.6167474221890171 0
0.4447123634057922 0
0.7506053508563706 0
0.04469249769712265 0
0.05877679333915141 0
0.0502431432575502 0
0.046560506496998735 0
0.08258713141640311 0
0.05859710743409317 0
0.05859710743409317 0
0.148905331671675 0
0.148905331671675 0
0.04568466983886392 0
0.07973664526548041 0
0.03931732099668501 0
0.0781130094412953 0
0.32631947691120206 0
0.046560506496998735 0
0.21367330870396378 0
0.09645283317072953 0
0.05859710743409317 0
0.05859710743409317 0
0.048272914475573594 0
0.21367330870396378 0
0.6328807519333951 0
0.051226737810905074 0
0.06466937166148212 0
0.9187484326673829 0
0.05286513279268963 0
0.056545840794016124 0
0.658001747477001 0
0.7091169645745129 0
0.7091169645745129 0
0.05558943715415298 0
0.6584002341076277 0
0.04466116274612347 0
0.795771290409786 0
0.05466871029698324 0
0.07602603979752982 0
0.055286896131167156 0
0.046560506496998735 0
0.05937570022436485 0
0.04982554939617551 0
0.048272914475573594 0
0.6387332537596501 0
0.062172797900083364 0
0.062172797900083364 0
0.21367330870396378 0
0.04466116274612347 0
0.06551635432836327 0
0.08480982691928518 0
0.04591324918278913 0
0.09588079855260927 0
0.046560506496998735 0
0.05533869195157325 0
0.1470271352497837 0
0.06820891521218841 0
0.8141585834005026 0
0.048272914475573594 0
0.06264812975035258 0
0.5114673682333074 0
0.044944891460538657 0
0.058083977666823855 0
0.6046157967256814 0
0.044647571966405536 0
0.20764397870587373 0
0.04537774293266971 0
0.1470271352497837 0
0.05783350222753531 0
0.21367330870396378 0
0.06079035570750394 0
0.6511621329217113 0
0.06128812533636462 0
0.7550105927667061 0
0.07919212716085297 0
0.6749543803010282 0
0.6610692115254686 0
0.5236719609649055 0
0.0571264515787414 0
0.7500031122111377 0
0.9092003377159189 0
0.08184408530278858 0
0.03931732099668501 0
0.0834918048912169 0
0.05230676412862685 0
0.049068710454773026 0
0.05940179420894868 0
0.04716907876339214 0
0.06381916581199146 0
0.04871198442694613 0
0.042473313132241564 0
0.585879381204891 0
0.4217994077458947 0
0.046618097104306526 0
0.08455324831458567 0
0.08450629433882949 0
0.07915232719923208 0
0.5719034871389145 0
0.048491607087652246 0
0.7982649518184419 0
0.6814273350939087 0
0.1470271352497837 0
0.05537419293309634 0
0.051227056034584696 0
0.6895430199822935 0
0.7582915829038083 0
0.9011281659952904 0
0.058427046418889864 0
0.8703554251504176 0
0.0866424502948417 0
0.05854246974625135 0
0.4751656697786969 0
0.5245597517324193 0
0.5245597517324193 0
0.05238971347210555 0
0.06264812975035258 0
0.4447123634057922 0
0.743370766512781 0
0.41159989042767714 0
0.08934432880508564 0
0.042473313132241564 0
0.08450629433882949 0
0.6493990950641939 0
0.0829273936986632 0
0.04591324918278913 0
0.04331733036814439 0
0.6749255451607221 0
0.06026838175490324 0
0.07868117124012274 0
0.7763051758303898 0
0.09052954500457397 0
0.045504474118617945 0
0.8049819603907332 0
0.08364375212413384 0
0.1470271352497837 0
0.1470271352497837 0
0.7451967491723249 0
0.4032731166124949 0
0.1472528581102204 0
0.21367330870396378 0
0.05624019664483189 0
0.31646632447369405 0
0.5948076635354032 0
0.5948076635354032 0
0.06611586063515512 0
0.8209439687487403 0
0.04537774293266971 0
0.05624019664483189 0
0.0699339232252772 0
0.7125896108634797 0
0.6511621329217113 0
0.5719034871389145 0
0.08450629433882949 0
0.046727343152982624 0
0.0699339232252772 0
0.0699339232252772 0
0.03931732099668501 0
0.1752107079779765 0
0.7103461458372242 0
0.05409875327878946 0
0.09284139833974943 0
0.6075614591265627 0
0.6075614591265627 0
0.04537774293266971 0
0.05533869195157325 0
0.41846812236927927 0
0.06459585763531948 0
0.053590910606106844 0
0.05409875327878946 0
0.08447179684290307 0
0.07348003910000281 0
0.07616234720698437 0
0.08236272439223187 0
0.38759568666947675 0
0.7788899667067142 0
0.06466937166148212 0
0.32631947691120206 0
0.25199854242509806 0
0.6895430199822935 0
0.05030573670110267 0
0.05030573670110267 0
0.06079035570750394 0
0.4713432189840514 0
0.6241705365328976 0
0.05270254501194804 0
0.07105033260008922 0
0.04144902205983765 0
0.5360239273894016 0
0.07868690479820115 0
0.04537774293266971 0
0.05711245584677502 0
0.06264812975035258 0
0.042473313132241564 0
0.19260328137554408 0
0.04215951229839074 0
0.06406701890709769 0
0.1470271352497837 0
0.07915232719923208 0
0.19490061370354683 0
0.061292525985319216 0
0.044944891460538657 0
0.5630946797171053 0
0.05997005203225818 0
0.7086192646949028 0
0.5845963327384311 0
0.04568466983886392 0
0.7103461458372242 0
0.7103461458372242 0
0.05533869195157325 0
0.046560506496998735 0
0.046560506496998735 0
0.66949996126006 0
0.336565808704284 0
0.4515923232468736 0
0.048272914475573594 0
0.048272914475573594 0
0.06853055288135575 0
0.5630946797171053 0
0.7166716073503957 0
0.634026673987489 0
0.042473313132241564 0
0.6855992919616313 0
0.046560506496998735 0
0.7283879385563287 0
0.490638384104859 0
0.0900898451467446 0
0.05121125617106282 0
0.07915232719923208 0
0.7506053508563706 0
0.055286896131167156 0
0.6288634298511878 0
0.04537774293266971 0
0.04537774293266971 0
0.055372347075076066 0
0.08193917145955894 0
0.0801976690474996 0
0.07511930555587043 0
0.5207071186059926 0
0.5129581119568701 0
0.08024470946145765 0
0.05238971347210555 0
0.09110834116622454 0
0.06984207936563736 0
0.6068543861587871 0
0.0848142719604158 0
0.08076771568809854 0
0.05409875327878946 0
0.04909175356153319 0
0.04391307073987299 0
0.6821981805232684 0
0.4351549428847589 0
0.04768543236849124 0
0.05877679333915141 0
0.6855992919616313 0
0.1470271352497837 0
0.6816284461877912 0
0.05409875327878946 0
0.07254974535763148 0
0.8141585834005026 0
0.80406921932351 0
0.80406921932351 0
0.06466937166148212 0
0.1930214559077924 0
0.07840692126256509 0
0.5533772514189241 0
0.09387580257802755 0
0.125983635332604 0
0.04466116274612347 0
0.5650747098551671 0
0.05533146398086022 0
0.9157831003697746 0
0.06264812975035258 0
0.07952883350861406 0
0.06697288752770524 0
0.21408247230242347 0
0.4626688181069537 0
0.21367330870396378 0
0.06611586063515512 0
0.6398809244851088 0
0.1470271352497837 0
0.0734083992530508 0
0.049638808628137916 0
0.07216818765468158 0
0.03047433828005985 0
0.0848142719604158 0
0.06282627858067144 0
0.06611586063515512 0
0.09052954500457397 0
0.21046739086448235 0
0.5895815751709438 0
0.04537774293266971 0
0.07915232719923208 0
0.5562925580485956 0
0.047997511114975785 0
0.058427046418889864 0
0.5114673682333074 0
0.5114673682333074 0
0.39019514957643214 0
0.03931732099668501 0
0.04537774293266971 0
0.7091169645745129 0
0.21367330870396378 0
0.46590212297810835 0
0.8737249322395729 0
0.5719717501543307 0
0.39505714227908545 0
0.05533869195157325 0
0.0711743852446405 0
0.4688490469345864 0
0.7763051758303898 0
0.04537774293266971 0
0.7786024829882869 0
0.07375106947261166 0
0.06097374803299639 0
0.7763051758303898 0
0.1470271352497837 0
0.04537774293266971 0
0.04537774293266971 0
0.07915232719923208 0
0.05501385792265193 0
0.08065486939669074 0
0.4351549428847589 0
0.5518047390323706 0
0.05140322460079465 0
0.04568466983886392 0
0.0734083992530508 0
0.21367330870396378 0
0.6272695374721006 0
0.7240820596221171 0
0.6855992919616313 0
0.25199854242509806 0
0.08371020820300049 0
0.08371020820300049 0
0.1470271352497837 0
0.06607071166183379 0
0.04716907876339214 0
0.07119200330309033 0
0.0567130432128234 0
0.05100783797402092 0
0.07509642411355844 0
0.10860625192112867 0
0.6167474221890171 0
0.046560506496998735 0
0.08815119221010904 0
0.044339455455092845 0
0.04537774293266971 0
0.07869458087480911 0
0.048272914475573594 0
0.5736664016105961 0
0.7166716073503957 0
0.8420610619630868 0
0.05618434564934097 0
0.04242943565335595 0
0.5647645509778216 0
0.05295327530332283 0
0.723291187475607 0
0.47971744342378 0
0.6523041676026387 0
0.05409875327878946 0
0.6172784432304501 0
0.5670912632061137 0
0.3098146059887879 0
0.6241978254999052 0
0.6293480087803469 0
0.06600578096191265 0
0.05160024854930875 0
0.06125503309292927 0
0.0503430046236689 0
0.7091169645745129 0
0.06264812975035258 0
0.9215921876740738 0
0.5285057251223564 0
0.6507553995151201 0
0.04215951229839074 0
0.0696245710628029 0
0.05877679333915141 0
0.050647284951341756 0
0.6855992919616313 0
0.051226737810905074 0
0.8667558451899542 0
0.21367330870396378 0
0.05287094649840049 0
0.06264812975035258 0
0.06466617604680519 0
0.04537774293266971 0
0.06118843055197145 0
0.05783350222753531 0
0.04537774293266971 0
0.0696927959823028 0
0.07390586786567227 0
0.07314103412613526 0
0.05043312996626676 0
0.8997850586739237 0
0.048272914475573594 0
0.7550105927667061 0
0.6831187410149765 0
0.1470271352497837 0
0.7467470411524433 0
0.7467470411524433 0
0.0724789415550374 0
0.658001747477001 0
0.058083977666823855 0
0.08450629433882949 0
0.07509642411355844 0
0.44005381867267496 0
0.6592031020781174 0
0.7498597270240815 0
0.048272914475573594 0
0.06813341687153254 0
0.4937670179441251 0
0.0512166690423827 0
0.057625759907906665 0
0.4066689054724699 0
0.03931732099668501 0
0.4958884288287084 0
0.05532601769339104 0
0.058007698497228165 0
0.1470271352497837 0
0.07509642411355844 0
0.0696927959823028 0
0.048272914475573594 0
0.7763051758303898 0
0.05877098403672573 0
0.07641166509994145 0
0.050378060410205705 0
0.4756079876419822 0
0.6090497692667004 0
0.05216530580430724 0
0.05043312996626676 0
0.6754932346152343 0
0.046560506496998735 0
0.2755300393503447 0
0.04466116274612347 0
0.07275340166672409 0
0.21367330870396378 0
0.04568466983886392 0
0.048272914475573594 0
0.048272914475573594 0
0.08934432880508564 0
0.9091664746457904 0
0.06264812975035258 0
0.046560506496998735 0
0.04242943565335595 0
0.06611586063515512 0
0.0788132889325119 0
0.07099195590035541 0
0.0696245710628029 0
0.04537774293266971 0
0.5340439374462282 0
0.07509428730001314 0
0.0781130094412953 0
0.056593130448215345 0
0.4262070962962597 0
0.046560506496998735 0
0.0585058478699019 0
0.7451967491723249 0
0.05413814157851718 0
0.3844587253937961 0
0.08561221416403814 0
0.04537774293266971 0
0.06466617604680519 0
0.23409049546950117 0
0.7506053508563706 0
0.25199854242509806 0
0.041471772306701876 0
0.06118843055197145 0
0.09640694751966368 0
0.22394146700953585 0
0.22394146700953585 0
0.2863113461692685 0
0.2863113461692685 0
0.2863113461692685 0
0.042473313132241564 0
0.5230715022231363 0
0.04537623826852845 0
0.7091169645745129 0
0.048272914475573594 0
0.04568466983886392 0
0.08934432880508564 0
0.07962115814532314 0
0.042473313132241564 0
0.6127394813518262 0
0.21367330870396378 0
0.0907583226021897 0
0.05466871029698324 0
0.07868117124012274 0
0.1470271352497837 0
0.051847545320322784 0
0.1470271352497837 0
0.9171546598056639 0
0.49347665637983407 0
0.5129581119568701 0
0.060785240487961426 0
0.04568466983886392 0
0.4217994077458947 0
0.1470271352497837 0
0.8385640023478531 0
0.0696927959823028 0
0.0734083992530508 0
0.046560506496998735 0
0.05466871029698324 0
0.04537774293266971 0
0.7032199365096773 0
0.048272914475573594 0
0.07815627731999322 0
0.6398809244851088 0
0.04537774293266971 0
0.04537774293266971 0
0.7091169645745129 0
0.050938709938045806 0
0.04537774293266971 0
0.1470271352497837 0
0.04215951229839074 0
0.6464600666736439 0
0.04568466983886392 0
0.05244200194282554 0
0.048272914475573594 0
0.5114673682333074 0
0.056593130448215345 0
0.1470271352497837 0
0.211051539486604 0
0.04568466983886392 0
0.04568466983886392 0
0.5439505366359682 0
0.5439505366359682 0
0.6398809244851088 0
0.04537774293266971 0
0.051226737810905074 0
0.058007698497228165 0
0.046560506496998735 0
0.06079035570750394 0
0.048454627768200816 0
0.15491207997586443 0
0.05244193585663929 0
0.6052806707802406 0
0.4096486458248998 0
0.40871246757554464 0
0.09020061373590767 0
0.046560506496998735 0
0.08193917145955894 0
0.9011281659952904 0
0.04591324918278913 0
0.7337108451847355 0
0.07868690479820115 0
0.04537774293266971 0
0.07884892527744694 0
0.07915232719923208 0
0.38636672191761023 0
0.6286187483365717 0
0.05244200194282554 0
0.05121125617106282 0
0.05121125617106282 0
0.06991050140540482 0
0.21367330870396378 0
0.6593431616872407 0
0.06611586063515512 0
0.06908165034995456 0
0.048272914475573594 0
0.24516929696583803 0
0.21367330870396378 0
0.1470271352497837 0
0.046560506496998735 0
0.5558708535172113 0
0.6233723709367662 0
0.053384492545782036 0
0.4351549428847589 0
0.04537774293266971 0
0.048272914475573594 0
0.03931732099668501 0
0.1470271352497837 0
0.1470271352497837 0
0.44005381867267496 0
0.048272914475573594 0
0.04856121237658104 0
0.6754932346152343 0
0.05216530580430724 0
0.06097374803299639 0
0.7506053508563706 0
0.26252837828852144 0
0.5596824839725537 0
0.08447179684290307 0
0.055489153129909506 0
0.042473313132241564 0
0.5230715022231363 0
0.04494364336706265 0
0.045255613674764106 0
0.06154469536314641 0
0.07435073564562725 0
0.0512166690423827 0
0.05802640822896432 0
0.06264812975035258 0
0.06264812975035258 0
0.055822541968379866 0
0.7506053508563706 0
0.07915232719923208 0
0.3485884476757181 0
0.11151099750162387 0
0.625502914654465 0
0.048272914475573594 0
0.05401780616671333 0
0.0742269078162219 0
0.042473313132241564 0
0.04756070132062772 0
0.6109915043322606 0
0.07509642411355844 0
0.07618453708998121 0
0.046560506496998735 0
0.03931732099668501 0
0.37110424615965737 0
0.1470271352497837 0
0.06154234266513586 0
0.4638514705500392 0
0.6398809244851088 0
0.05524524829854326 0
0.0851983200313563 0
0.09975064425183408 0
0.21367330870396378 0
0.04930161560545149 0
0.0900898451467446 0
0.0900898451467446 0
0.10680830202245493 0
0.5310578918665052 0
0.6266074762068228 0
0.058007698497228165 0
0.04537774293266971 0
0.07381833366250515 0
0.07381833366250515 0
0.048272914475573594 0
0.05817819117174122 0
0.4447123634057922 0
0.0907583226021897 0
0.04568466983886392 0
0.7578491162581203 0
0.048272914475573594 0
0.05244193585663929 0
0.09959753068730426 0
0.09164152168504167 0
0.07962115814532314 0
0.6195656210850756 0
0.07772076062374965 0
0.6075614591265627 0
0.0636722339994463 0
0.04537774293266971 0
0.5948076635354032 0
0.7322060303250916 0
0.7641826912453222 0
0.23515656053226158 0
0.1470271352497837 0
0.1470271352497837 0
0.048272914475573594 0
0.03931732099668501 0
0.21367330870396378 0
0.1470271352497837 0
0.04713002315261987 0
0.07254974535763148 0
0.5558708535172113 0
0.058427046418889864 0
0.09317666103026898 0
0.17444367815141076 0
0.6895430199822935 0
0.05339496350623153 0
0.05817819117174122 0
0.6782226134161181 0
0.44005381867267496 0
0.049638808628137916 0
0.19196955935443671 0
0.043929592959739604 0
0.7732683032285709 0
0.06372046780195172 0
0.5533772514189241 0
0.6855992919616313 0
0.6092710492964399 0
0.07245829052653444 0
0.054353996593830584 0
0.04537774293266971 0
0.4160816557001061 0
0.4160816557001061 0
0.07482084902576655 0
0.05711245584677502 0
0.20911355449526384 0
0.7073857739340259 0
0.04568466983886392 0
0.048272914475573594 0
0.1358254861861988 0
0.6752769499190563 0
0.04466116274612347 0
0.04756070132062772 0
0.07815627731999322 0
0.04856121237658104 0
0.07915232719923208 0
0.07915232719923208 0
0.058329854014756585 0
0.06611586063515512 0
0.09284139833974943 0
0.1470271352497837 0
0.042473313132241564 0
0.24333671028499962 0
0.1470271352497837 0
0.08604814979013556 0
0.08604814979013556 0
0.06293619431227788 0
0.21410640019697108 0
0.21410640019697108 0
0.0670754335697145 0
0.06281362224845603 0
0.050441112251653326 0
0.09756977639056741 0
0.6307705396536808 0
0.048272914475573594 0
0.9014977008021847 0
0.6729795234537083 0
0.6606952116563207 0
0.4623636455888544 0
0.2275191765164465 0
0.1470271352497837 0
0.051227056034584696 0
0.051227056034584696 0
0.4437951578527947 0
0.052392457521046536 0
0.3578893546883003 0
0.7059185762155615 0
0.03931732099668501 0
0.7732683032285709 0
0.04537774293266971 0
0.06264812975035258 0
0.267178324480908 0
0.05409875327878946 0
0.5719034871389145 0
0.7591644867784467 0
0.042473313132241564 0
0.042473313132241564 0
0.1470271352497837 0
0.08700782004559972 0
0.5719717501543307 0
0.05182541982892714 0
0.05187925487041597 0
0.07119200330309033 0
0.05603371620899981 0
0.6606952116563207 0
0.04568466983886392 0
0.7253571635358358 0
0.342028682352071 0
0.046560506496998735 0
0.182823172555342 0
0.1470271352497837 0
0.5771996345862611 0
0.03931732099668501 0
0.7025028732785179 0
0.21367330870396378 0
0.7506053508563706 0
0.08728322038159043 0
0.7103461458372242 0
0.04537774293266971 0
0.044706101512343936 0
0.04537774293266971 0
0.048272914475573594 0
0.0834182326593193 0
0.04768543236849124 0
0.04215951229839074 0
0.0502431432575502 0
0.0502431432575502 0
0.6354697804590486 0
0.8104690536942148 0
0.8647452712488085 0
0.07840692126256509 0
0.07959424572146699 0
0.7091169645745129 0
0.06820028772352286 0
0.7619663331074563 0
0.38779247795008254 0
0.3173062419153181 0
0.1252416557113568 0
0.05453795325957769 0
0.09143797636762639 0
0.07390586786567227 0
0.05711245584677502 0
0.057354278033718495 0
0.03931732099668501 0
0.06264812975035258 0
0.0515038366833882 0
0.07509642411355844 0
0.07868117124012274 0
0.05783350222753531 0
0.08481188398847689 0
0.46358745479780267 0
0.046560506496998735 0
0.25199854242509806 0
0.041471772306701876 0
0.05532601769339104 0
0.04537774293266971 0
0.05476680721790697 0
0.04537774293266971 0
0.1470271352497837 0
0.6398809244851088 0
0.04537774293266971 0
0.1470271352497837 0
0.0449772911381987 0
0.5752947961326563 0
0.6104695228394907 0
0.6167474221890171 0
0.5630946797171053 0
0.04568466983886392 0
0.046560506496998735 0
0.08662161829232673 0
0.08818525455362837 0
0.7467470411524433 0
0.7125792409141074 0
0.0636722339994463 0
0.04466116274612347 0
0.050441112251653326 0
0.1470271352497837 0
0.057088452758906914 0
0.5375541377032864 0
0.5375541377032864 0
0.4265032130186034 0
0.07245829052653444 0
0.7788731945938907 0
0.9029611348511395 0
0.058007698497228165 0
0.0571264515787414 0
0.6398809244851088 0
0.0697432085388774 0
0.15905533403226324 0
0.21367330870396378 0
0.042473313132241564 0
0.6273232976969003 0
0.6273232976969003 0
0.0734083992530508 0
0.48978832399141475 0
0.08450629433882949 0
0.5845963327384311 0
0.07639577451028814 0
0.06264812975035258 0
0.179452814818615 0
0.06845328259091274 0
0.09308774719895643 0
0.3995094316708989 0
0.11151099750162387 0
0.478163142382888 0
0.6895430199822935 0
0.08700611778680005 0
0.0567130432128234 0
0.0433605512168154 0
0.06360559080421917 0
0.07509642411355844 0
0.07321388769468933 0
0.03931732099668501 0
0.04568466983886392 0
0.4066689054724699 0
0.06069976373558505 0
0.046560506496998735 0
0.5930800909459215 0
0.04215951229839074 0
0.08073294874742402 0
0.06097374803299639 0
0.14967936895082007 0
0.46946030781331166 0
0.05624019664483189 0
0.6426368351958366 0
0.0848142719604158 0
0.0711743852446405 0
0.1470271352497837 0
0.1470271352497837 0
0.0757255777344378 0
0.03931732099668501 0
0.08934432880508564 0
0.08455324831458567 0
0.44005381867267496 0
0.5333101195685782 0
0.04537774293266971 0
0.4066689054724699 0
0.044944891460538657 0
0.048272914475573594 0
0.0696245710628029 0
0.4663485253371515 0
0.4663485253371515 0
0.04716907876339214 0
0.04756070132062772 0
0.7251841820994721 0
0.7251841820994721 0
0.47971744342378 0
0.04756070132062772 0
0.0623406529324435 0
0.049460807796360105 0
0.05159686127799481 0
0.046560506496998735 0
0.0699339232252772 0
0.4514045404349783 0
0.05909088354574806 0
0.06264812975035258 0
0.0491602012422993 0
0.08300749100654546 0
0.11759726973307208 0
0.21367330870396378 0
0.09284139833974943 0
0.050378060410205705 0
0.6498328234942721 0
0.04537774293266971 0
0.04568466983886392 0
0.06813341687153254 0
0.7337108451847355 0
0.7609082446522312 0
0.0787293331867189 0
0.07840692126256509 0
0.380917606367642 0
0.7166716073503957 0
0.048272914475573594 0
0.0636722339994463 0
0.502034968421018 0
0.09024860151303855 0
0.6075614591265627 0
0.0787349688751576 0
0.0787349688751576 0
0.055372347075076066 0
0.055372347075076066 0
0.09959753068730426 0
0.05239763104669637 0
0.06002499612561313 0
0.06002499612561313 0
0.15905533403226324 0
0.08450629433882949 0
0.04537774293266971 0
0.06264812975035258 0
0.6522944989135943 0
0.40479746852101867 0
0.1470271352497837 0
0.7299091309461131 0
0.05409875327878946 0
0.5558708535172113 0
0.059642531287596785 0
0.4447123634057922 0
0.048272914475573594 0
0.6429117989241191 0
0.7136179262771689 0
0.6127394813518262 0
0.550552547771869 0
0.052392457521046536 0
0.5552312761153597 0
0.045209583697085866 0
0.03931732099668501 0
0.08370856454490866 0
0.0829273936986632 0
0.5573433681609744 0
0.08065039049981663 0
0.08065039049981663 0
0.046494332037168976 0
0.745216742621596 0
0.04537774293266971 0
0.058427046418889864 0
0.07509642411355844 0
0.8629587382323505 0
0.6257879201951126 0
0.6398809244851088 0
0.6558788591617624 0
0.08934432880508564 0
0.04537774293266971 0
0.36029821296082726 0
0.048272914475573594 0
0.08236272439223187 0
0.06264812975035258 0
0.06405702579066652 0
0.052655652083462054 0
0.048272914475573594 0
0.21367330870396378 0
0.05596796297846047 0
0.8717786104524626 0
0.05660202958907201 0
0.048272914475573594 0
0.6946326053746449 0
0.08073294874742402 0
0.08455324831458567 0
0.06466937166148212 0
0.04537774293266971 0
0.042473313132241564 0
0.627955128808134 0
0.049638808628137916 0
0.048272914475573594 0
0.048272914475573594 0
0.05409875327878946 0
0.042473313132241564 0
0.7494867636623826 0
0.053384492545782036 0
0.21367330870396378 0
0.07877249602964388 0
0.048272914475573594 0
0.05533869195157325 0
0.046560506496998735 0
0.05409875327878946 0
0.048272914475573594 0
0.042117020516244025 0
0.057674517560870484 0
0.0644262098400738 0
0.8076821330955465 0
0.04466116274612347 0
0.30483059410178737 0
0.03931732099668501 0
0.04129432551544679 0
0.7901798710034679 0
0.04568466983886392 0
0.148905331671675 0
0.0698654799842796 0
0.05402436944338931 0
0.042117020516244025 0
0.08372447817480873 0
0.7091169645745129 0
0.05596796297846047 0
0.06264812975035258 0
0.06002499612561313 0
0.7506053508563706 0
0.5596824839725537 0
0.7451967491723249 0
0.046727343152982624 0
0.05997005203225818 0
0.19196955935443671 0
0.08236272439223187 0
0.58260030249048 0
0.0496237817887087 0
0.05454333137400653 0
0.8911926899799826 0
0.21642353027172234 0
0.7826329357441072 0
0.03931732099668501 0
0.05096556847591178 0
0.04466116274612347 0
0.23969032677482777 0
0.08925871201771876 0
0.21367330870396378 0
0.4447123634057922 0
0.21367330870396378 0
0.05624019664483189 0
0.19573538343830452 0
0.7253031097195226 0
0.7190266724361349 0
0.07480658241849687 0
0.058427046418889864 0
0.9337154462288128 0
0.7506053508563706 0
0.7982649518184419 0
0.0713724251106211 0
0.04466116274612347 0
0.4351549428847589 0
0.7506053508563706 0
0.19931561874216677 0
0.19931561874216677 0
0.05243646672839327 0
0.08024470946145765 0
0.04568466983886392 0
0.042473313132241564 0
0.08604814979013556 0
0.6373896653667309 0
0.08086727490050295 0
0.06125503309292927 0
0.05705579099664121 0
0.07509642411355844 0
0.07509642411355844 0
0.18618315799046398 0
0.05756861687110893 0
0.46006797888564016 0
0.05965856918499526 0
0.05409875327878946 0
0.08193917145955894 0
0.03931732099668501 0
0.7090364950700252 0
0.07509642411355844 0
0.6570570381366996 0
0.07868690479820115 0
0.0693750294162473 0
0.051227056034584696 0
0.5596824839725537 0
0.5596824839725537 0
0.04537774293266971 0
0.7347915499670775 0
0.08228651384981894 0
0.07091524808429812 0
0.06845328259091274 0
0.15905533403226324 0
0.21367330870396378 0
0.7506053508563706 0
0.05817819117174122 0
0.5740154066299324 0
0.5740154066299324 0
0.053668489781098505 0
0.05409875327878946 0
0.06150597457850638 0
0.07119200330309033 0
0.1470271352497837 0
0.2275191765164465 0
0.1470271352497837 0
0.04537774293266971 0
0.7388286252214025 0
0.1470271352497837 0
0.1618865593064285 0
0.1618865593064285 0
0.5625494744146985 0
0.32184292080816795 0
0.0636722339994463 0
0.057354278033718495 0
0.6272695374721006 0
0.6488870451443487 0
0.04466116274612347 0
0.05501385792265193 0
0.048272914475573594 0
0.08370856454490866 0
0.07119200330309033 0
0.04537774293266971 0
0.08370856454490866 0
0.05409875327878946 0
0.18618315799046398 0
0.7249144587000561 0
0.7177644323305625 0
0.7982649518184419 0
0.1470271352497837 0
0.04857805575544903 0
0.05287094649840049 0
0.4981673653797063 0
0.7506053508563706 0
0.07666604636443844 0
0.05409875327878946 0
0.10662712850295167 0
0.21367330870396378 0
0.04537774293266971 0
0.052392457521046536 0
0.18937230304109978 0
0.062172797900083364 0
0.23773787787487022 0
0.9276866752664124 0
0.07509642411355844 0
0.07618453708998121 0
0.06264812975035258 0
0.06069239880622289 0
0.4504874966106116 0
0.04537774293266971 0
0.08117697034866185 0
0.07775196637535349 0
0.07775196637535349 0
0.046560506496998735 0
0.048272914475573594 0
0.6398809244851088 0
0.05558943715415298 0
0.05533869195157325 0
0.15905533403226324 0
0.16334113403356124 0
0.16334113403356124 0
0.5230715022231363 0
0.048272914475573594 0
0.057674517560870484 0
0.29053840627979577 0
0.49827222701354945 0
0.06079035570750394 0
0.09247066256258547 0
0.051226737810905074 0
0.06079035570750394 0
0.06079035570750394 0
0.07414610381242026 0
0.6605654573923405 0
0.6605654573923405 0
0.2661249674519456 0
0.1470271352497837 0
0.048272914475573594 0
0.21367330870396378 0
0.4882640769812958 0
0.4882640769812958 0
0.08414426270908681 0
0.058184468062095145 0
0.058184468062095145 0
0.058184468062095145 0
0.6488870451443487 0
0.06150597457850638 0
0.6286187483365717 0
0.06264812975035258 0
0.05802640822896432 0
0.07223871152881367 0
0.6638912299740186 0
0.1470271352497837 0
0.06611586063515512 0
0.22983579980766172 0
0.7176737145965082 0
0.21367330870396378 0
0.6488870451443487 0
0.6488870451443487 0
0.05238418347157325 0
0.048272914475573594 0
0.05533869195157325 0
0.055822541968379866 0
0.07213042735865628 0
0.0829273936986632 0
0.080499112442001 0
0.6293480087803469 0
0.7763051758303898 0
0.06611586063515512 0
0.057088452758906914 0
0.0734083992530508 0
0.6167474221890171 0
0.03931732099668501 0
0.05476680721790697 0
0.09164152168504167 0
0.0781130094412953 0
0.046560506496998735 0
0.20764397870587373 0
0.21367330870396378 0
0.17758662112099857 0
0.7103461458372242 0
0.6881691611051715 0
0.06611586063515512 0
0.048272914475573594 0
0.04537774293266971 0
0.07868117124012274 0
0.07868117124012274 0
0.07666604636443844 0
0.8919075453273281 0
0.1470271352497837 0
0.6347582004768284 0
0.6895430199822935 0
0.2275191765164465 0
0.41717785540909685 0
0.0734083992530508 0
0.04568466983886392 0
0.044647571966405536 0
0.044706101512343936 0
0.03931732099668501 0
0.045504474118617945 0
0.05537419293309634 0
0.06466617604680519 0
0.05776787078242278 0
0.0851983200313563 0
0.05624019664483189 0
0.43193494286265005 0
0.36655667498518796 0
0.1470271352497837 0
0.04568466983886392 0
0.045380819351791314 0
0.048272914475573594 0
0.04568466983886392 0
0.593243302874189 0
0.046560506496998735 0
0.0696245710628029 0
0.058388359436628845 0
0.07509642411355844 0
0.07321936465605534 0
0.1470271352497837 0
0.04537774293266971 0
0.05081086528581126 0
0.046560506496998735 0
0.1578984780304044 0
0.06611586063515512 0
0.6949639420865712 0
0.07840692126256509 0
0.07772076062374965 0
0.5751337144969194 0
0.7786024829882869 0
0.07216931285217745 0
0.08592384395868978 0
0.05909088354574806 0
0.05537419293309634 0
0.07915232719923208 0
0.07807163077760514 0
0.046560506496998735 0
0.04568466983886392 0
0.7763051758303898 0
0.15182258190593925 0
0.6842773233597568 0
0.6172784432304501 0
0.21367330870396378 0
0.21367330870396378 0
0.048272914475573594 0
0.07944248582088431 0
0.04494364336706265 0
0.4437951578527947 0
0.3146722136210842 0
0.046129171692508124 0
0.046129171692508124 0
0.3603035889666444 0
0.051226737810905074 0
0.06264812975035258 0
0.21367330870396378 0
0.07509642411355844 0
0.03047433828005985 0
0.6165666819747002 0
0.5719717501543307 0
0.06098174941800267 0
0.06069976373558505 0
0.05836350570775874 0
0.08604814979013556 0
0.07766188453124807 0
0.04149086909154027 0
0.5647764529245463 0
0.7578700641697088 0
0.0734083992530508 0
0.08193917145955894 0
0.7132267463959133 0
0.051226737810905074 0
0.6855992919616313 0
0.06264812975035258 0
0.09387580257802755 0
0.07449886305077967 0
0.051847545320322784 0
0.7091169645745129 0
0.06664534018382115 0
0.06264812975035258 0
0.048272914475573594 0
0.7376756770536287 0
0.042473313132241564 0
0.0787709409892723 0
0.6109915043322606 0
0.47996527544516526 0
0.47996527544516526 0
0.1470271352497837 0
0.049638808628137916 0
0.21367330870396378 0
0.6537602457566616 0
0.050378060410205705 0
0.048272914475573594 0
0.07815627731999322 0
0.0585058478699019 0
0.1470271352497837 0
0.0699339232252772 0
0.06611586063515512 0
0.21367330870396378 0
0.21367330870396378 0
0.07509642411355844 0
0.6720939003456988 0
0.05409875327878946 0
0.05246839797563209 0
0.06227914348386525 0
0.05533869195157325 0
0.04537774293266971 0
0.04555429360535083 0
0.09387580257802755 0
0.5824267496858321 0
0.34990781640519 0
0.05295327530332283 0
0.11316591720874787 0
0.03931732099668501 0
0.08934432880508564 0
0.283593992597058 0
0.0829273936986632 0
0.046560506496998735 0
0.7103461458372242 0
0.06466937166148212 0
0.21367330870396378 0
0.04982554939617551 0
0.5340439374462282 0
0.03931732099668501 0
0.05295327530332283 0
0.058427046418889864 0
0.6977111946443953 0
0.05533869195157325 0
0.21367330870396378 0
0.58260030249048 0
0.0623406529324435 0
0.05409875327878946 0
0.2342345942272682 0
0.08472815115759537 0
0.6855992919616313 0
0.0787293331867189 0
0.6388361298722087 0
0.491985338002425 0
0.07868117124012274 0
0.05802640822896432 0
0.21367330870396378 0
0.1470271352497837 0
0.6167474221890171 0
0.048272914475573594 0
0.0623406529324435 0
0.048272914475573594 0
0.07158545117104978 0
0.05937570022436485 0
0.05624019664483189 0
0.6855992919616313 0
0.7337108451847355 0
0.051847545320322784 0
0.04871198442694613 0
0.07482084902576655 0
0.5129581119568701 0
0.049460807796360105 0
0.07509642411355844 0
0.05270254501194804 0
0.6241705365328976 0
0.1470271352497837 0
0.2775210373268052 0
0.08774387095948419 0
0.05533869195157325 0
0.04756070132062772 0
0.04756070132062772 0
0.09247066256258547 0
0.08334099231504156 0
0.07245829052653444 0
0.07245829052653444 0
0.2796621300156727 0
0.6855992919616313 0
0.6537677196772155 0
0.6537677196772155 0
0.46946030781331166 0
0.21367330870396378 0
0.724523714607274 0
0.615076897078087 0
0.42190941033869916 0
0.07868117124012274 0
0.0502431432575502 0
0.34420026747625976 0
0.08934432880508564 0
0.5129581119568701 0
0.1470271352497837 0
0.0734083992530508 0
0.5775551787681722 0
0.04537774293266971 0
0.04537774293266971 0
0.8196553230246881 0
0.0900898451467446 0
0.09313516363522296 0
0.04537774293266971 0
0.7059185762155615 0
0.31646632447369405 0
0.6621718267405718 0
0.04537774293266971 0
0.04466116274612347 0
0.05270254501194804 0
0.0696927959823028 0
0.057674517560870484 0
0.08893451847280753 0
0.03931732099668501 0
0.7982649518184419 0
0.4626688181069537 0
0.03931732099668501 0
0.7091169645745129 0
0.05533869195157325 0
0.06118843055197145 0
0.5630946797171053 0
0.043929592959739604 0
0.4638514705500392 0
0.7091169645745129 0
0.062200046594782066 0
0.06830219474663364 0
0.9039827826545686 0
0.04537774293266971 0
0.21187126973801734 0
0.21187126973801734 0
0.21187126973801734 0
0.05596796297846047 0
0.5723547315603761 0
0.048272914475573594 0
0.048272914475573594 0
0.05100226530364964 0
0.0829273936986632 0
0.1470271352497837 0
0.06073176432227406 0
0.050378060410205705 0
0.05099185738800836 0
0.05533869195157325 0
0.7032199365096773 0
0.07096776412880858 0
0.41717785540909685 0
0.21367330870396378 0
0.051227056034584696 0
0.7091169645745129 0
0.04331733036814439 0
0.611496595218945 0
0.41159989042767714 0
0.041471772306701876 0
0.0781130094412953 0
0.05287094649840049 0
0.04537774293266971 0
0.7557687971946845 0
0.4229862647792251 0
0.3407989515022134 0
0.058329854014756585 0
0.09188339410805832 0
0.1470271352497837 0
0.07106413929089983 0
0.06405702579066652 0
0.6167950449440501 0
0.08372447817480873 0
0.08480982691928518 0
0.0848142719604158 0
0.7376756770536287 0
0.0848142719604158 0
0.04568466983886392 0
0.6880292953863885 0
0.24957821942710887 0
0.24957821942710887 0
0.6109915043322606 0
0.04494364336706265 0
0.04469249769712265 0
0.044647571966405536 0
0.042473313132241564 0
0.17444367815141076 0
0.08370856454490866 0
0.9155496589366405 0
0.07251199007904846 0
0.07251199007904846 0
0.042473313132241564 0
0.09052954500457397 0
0.09052954500457397 0
0.09052954500457397 0
0.19196955935443671 0
0.19196955935443671 0
0.09317666103026898 0
0.04494364336706265 0
0.06611586063515512 0
0.21367330870396378 0
0.08236272439223187 0
0.07119200330309033 0
0.07915232719923208 0
0.41248261352297805 0
0.03931732099668501 0
0.734359818236091 0
0.38779247795008254 0
0.21367330870396378 0
0.042473313132241564 0
0.5705847048113113 0
0.09084523433233918 0
0.07877249602964388 0
0.7550105927667061 0
0.1470271352497837 0
0.7506053508563706 0
0.06072093425890633 0
0.21367330870396378 0
0.6398809244851088 0
0.21367330870396378 0
0.057674517560870484 0
0.25199854242509806 0
0.7091169645745129 0
0.33247647599678304 0
0.058427046418889864 0
0.08815119221010904 0
0.057617329130956234 0
0.21367330870396378 0
0.07509642411355844 0
0.05286513279268963 0
0.0734083992530508 0
0.045504474118617945 0
0.0848142719604158 0
0.05153046204897562 0
0.11151099750162387 0
0.05537419293309634 0
0.1472528581102204 0
0.042473313132241564 0
0.6082404298050087 0
0.05100226530364964 0
0.9155885776867103 0
0.07647300011936249 0
0.04537774293266971 0
0.057804976414472534 0
0.08370856454490866 0
0.09556361121819715 0
0.21367330870396378 0
0.4132932263229643 0
0.05533146398086022 0
0.0636722339994463 0
0.058427046418889864 0
0.7763051758303898 0
0.04568466983886392 0
0.7103461458372242 0
0.21367330870396378 0
0.627955128808134 0
0.6979021520383429 0
0.04568466983886392 0
0.0502431432575502 0
0.2313683543181722 0
0.44005381867267496 0
0.046560506496998735 0
0.051226737810905074 0
0.04537774293266971 0
0.049068710454773026 0
0.052683093066362416 0
0.05244200194282554 0
0.0734083992530508 0
0.04494364336706265 0
0.04591324918278913 0
0.5914718785168953 0
0.05705579099664121 0
0.723291187475607 0
0.723291187475607 0
0.21367330870396378 0
0.04331733036814439 0
0.20353376208357812 0
0.23781570729944745 0
0.04537774293266971 0
0.04537774293266971 0
0.7506053508563706 0
0.5406243938256191 0
0.055482422337669784 0
0.04568466983886392 0
0.1214081685328499 0
0.5596824839725537 0
0.7506053508563706 0
0.046560506496998735 0
0.5599959190059204 0
0.5533772514189241 0
0.04537774293266971 0
0.04537774293266971 0
0.06282627858067144 0
0.0696245710628029 0
0.06283455406922787 0
0.5573433681609744 0
0.5573433681609744 0
0.6267827721024859 0
0.5596824839725537 0
0.07869458087480911 0
0.24957821942710887 0
0.1470271352497837 0
0.6052806707802406 0
0.054152650009633825 0
0.11666426433910168 0
0.6855992919616313 0
0.05230676412862685 0
0.06264812975035258 0
0.6488371707962871 0
0.5719034871389145 0
0.5719034871389145 0
0.0734083992530508 0
0.0636722339994463 0
0.042473313132241564 0
0.04568466983886392 0
0.04568466983886392 0
0.046560506496998735 0
0.07962115814532314 0
0.048272914475573594 0
0.148905331671675 0
0.6544931222155084 0
0.6544931222155084 0
0.046560506496998735 0
0.6398809244851088 0
0.048272914475573594 0
0.11151099750162387 0
0.21367330870396378 0
0.04537774293266971 0
0.7103461458372242 0
0.07868117124012274 0
0.051226737810905074 0
0.08264570026101543 0
0.05533869195157325 0
0.21367330870396378 0
0.1447630644399098 0
0.060785240487961426 0
0.07504666297109462 0
0.07618453708998121 0
0.6593431616872407 0
0.6895430199822935 0
0.6988455521889506 0
0.07509642411355844 0
0.49663381584035104 0
0.07737768278642776 0
0.7901798710034679 0
0.058427046418889864 0
0.6398809244851088 0
0.15905533403226324 0
0.05190971366071339 0
0.1470271352497837 0
0.048272914475573594 0
0.05238418347157325 0
0.08475814077814028 0
0.5775551787681722 0
0.07915232719923208 0
0.055372347075076066 0
0.2233844175534884 0
0.07503896427860356 0
0.04537774293266971 0
0.057804976414472534 0
0.048272914475573594 0
0.050378060410205705 0
0.051226737810905074 0
0.05965685967064638 0
0.1470271352497837 0
0.057804976414472534 0
0.04537774293266971 0
0.08367136102911538 0
0.051226737810905074 0
0.050378060410205705 0
0.6293480087803469 0
0.7901798710034679 0
0.05533869195157325 0
0.05937570022436485 0
0.26141932021040903 0
0.26141932021040903 0
0.057518735747984724 0
0.840559925374817 0
0.05140322460079465 0
0.6547189894623924 0
0.21367330870396378 0
0.05931693113204168 0
0.04568466983886392 0
0.04537774293266971 0
0.0694355614915192 0
0.0636722339994463 0
0.1470271352497837 0
0.5230715022231363 0
0.05081086528581126 0
0.03931732099668501 0
0.7091169645745129 0
0.06264812975035258 0
0.0503430046236689 0
0.4753563471405536 0
0.17387084502744857 0
0.04537774293266971 0
0.051226737810905074 0
0.05121125617106282 0
0.05533869195157325 0
0.669930906547758 0
0.048272914475573594 0
0.05413814157851718 0
0.07502903029360249 0
0.1470271352497837 0
0.04537774293266971 0
0.08623716847090224 0
0.04502253300691284 0
0.08466843434471223 0
0.08700611778680005 0
0.06264812975035258 0
0.582846751658085 0
0.380917606367642 0
0.06749345309715093 0
0.04215951229839074 0
0.04537774293266971 0
0.0658626370462734 0
0.41159989042767714 0
0.046560506496998735 0
0.09387580257802755 0
0.1470271352497837 0
0.08481593531993264 0
0.08481593531993264 0
0.052374442525017426 0
0.380917606367642 0
0.148905331671675 0
0.6328807519333951 0
0.06969418536652564 0
0.08372447817480873 0
0.6895430199822935 0
0.7327119915408401 0
0.6011425344985605 0
0.35863758283524483 0
0.7711066329003147 0
0.7506053508563706 0
0.048272914475573594 0
0.6511621329217113 0
0.058427046418889864 0
0.048272914475573594 0
0.6086943706541009 0
0.5884999452451166 0
0.08481593531993264 0
0.2863113461692685 0
0.842458237712031 0
0.06264812975035258 0
0.04215951229839074 0
0.07065532377723013 0
0.060723072292546386 0
0.06112798384862875 0
0.07982025269864915 0
0.046560506496998735 0
0.6398809244851088 0
0.1771829594433926 0
0.1771829594433926 0
0.06587785579874052 0
0.06125503309292927 0
0.06125503309292927 0
0.21367330870396378 0
0.06264812975035258 0
0.6537677196772155 0
0.4623636455888544 0
0.08957544776304459 0
0.042473313132241564 0
0.048272914475573594 0
0.21367330870396378 0
0.7506053508563706 0
0.36119601557678244 0
0.7091169645745129 0
0.08184408530278858 0
0.7132267463959133 0
0.03931732099668501 0
0.061996127616577065 0
0.062200046594782066 0
0.0496237817887087 0
0.7032199365096773 0
0.7467470411524433 0
0.05298138544292687 0
0.8091511254736805 0
0.05077534886804411 0
0.148905331671675 0
0.04537774293266971 0
0.04331733036814439 0
0.21301177264714707 0
0.04568466983886392 0
0.04537774293266971 0
0.9092003377159189 0
0.9092003377159189 0
0.5603045825418463 0
0.04537774293266971 0
0.07502903029360249 0
0.06611586063515512 0
0.4747356690010971 0
0.05553419438666733 0
0.06073176432227406 0
0.07962115814532314 0
0.046560506496998735 0
0.07779625559754995 0
0.07873689127486468 0
0.6308891754716408 0
0.7091169645745129 0
0.04768543236849124 0
0.916902795745121 0
0.04537774293266971 0
0.8385640023478531 0
0.840559925374817 0
0.06264812975035258 0
0.0888784165543354 0
0.049775732676696965 0
0.5773751273430623 0
0.051226737810905074 0
0.35603261144351717 0
0.048272914475573594 0
0.04568466983886392 0
0.04694115146698952 0
0.21367330870396378 0
0.0787909335247365 0
0.048272914475573594 0
0.05937570022436485 0
0.7550105927667061 0
0.7396268915233611 0
0.21367330870396378 0
0.46482005561326656 0
0.46482005561326656 0
0.7500031122111377 0
0.21367330870396378 0
0.06236374811741191 0
0.06236374811741191 0
0.048272914475573594 0
0.046560506496998735 0
0.7115160588865845 0
0.03931732099668501 0
0.795771290409786 0
0.4638216626314817 0
0.5060101926249697 0
0.7103461458372242 0
0.27138079200773335 0
0.058007698497228165 0
0.44005381867267496 0
0.21367330870396378 0
0.25279655966053505 0
0.21367330870396378 0
0.05171343056141253 0
0.04466116274612347 0
0.053511460230802096 0
0.6854702613941069 0
0.7386753931509638 0
0.07915232719923208 0
0.21367330870396378 0
0.05665647790019726 0
0.0433605512168154 0
0.06282627858067144 0
0.1470271352497837 0
0.5533772514189241 0
0.0848142719604158 0
0.048272914475573594 0
0.05533869195157325 0
0.05328679105290744 0
0.33512924799973576 0
0.09052954500457397 0
0.6241705365328976 0
0.3588206671419622 0
0.1470271352497837 0
0.04946311008518942 0
0.059457157912699704 0
0.048272914475573594 0
0.8894345675056404 0
0.6858561041223051 0
0.0625800706305064 0
0.6511621329217113 0
0.08655917655784177 0
0.5558708535172113 0
0.048272914475573594 0
0.7763051758303898 0
0.05533869195157325 0
0.21367330870396378 0
0.6398809244851088 0
0.0829273936986632 0
0.04537774293266971 0
0.048272914475573594 0
0.8155561359153282 0
0.05413814157851718 0
0.0834182326593193 0
0.7506053508563706 0
0.5930800909459215 0
0.0764051545816279 0
0.0703177286499786 0
0.048272914475573594 0
0.6893969808566031 0
0.5394973606880152 0
0.05624019664483189 0
0.07868690479820115 0
0.6960190797059747 0
0.046560506496998735 0
0.04537774293266971 0
0.1470271352497837 0
0.050378060410205705 0
0.6109915043322606 0
0.21367330870396378 0
0.6786842072942947 0
0.6313091555947765 0
0.049638808628137916 0
0.1470271352497837 0
0.5955393368383254 0
0.5114673682333074 0
0.0696927959823028 0
0.11794486644350953 0
0.058329854014756585 0
0.048272914475573594 0
0.048272914475573594 0
0.048272914475573594 0
0.044706101512343936 0
0.05836915802251054 0
0.7381042290944396 0
0.06128812533636462 0
0.06128812533636462 0
0.7451967491723249 0
0.5719034871389145 0
0.1470271352497837 0
0.050940937084476605 0
0.06820028772352286 0
0.05537419293309634 0
0.07944248582088431 0
0.0433605512168154 0
0.7587863122131757 0
0.06724491283830517 0
0.06126446887015835 0
0.1470271352497837 0
0.04537774293266971 0
0.7707485849548589 0
0.0754836920305096 0
0.5650747098551671 0
0.6779550893761266 0
0.840559925374817 0
0.8742862417480531 0
0.08480982691928518 0
0.04537774293266971 0
0.5593857167652254 0
0.07091215103869457 0
0.6354697804590486 0
0.07065532377723013 0
0.07065532377723013 0
0.6165666819747002 0
0.6165666819747002 0
0.35267036735161755 0
0.0912109640774588 0
0.5634224941867301 0
0.5634224941867301 0
0.04537774293266971 0
0.046737253142988065 0
0.7763051758303898 0
0.04537774293266971 0
0.1470271352497837 0
0.042473313132241564 0
0.06097374803299639 0
0.6886694763654195 0
0.046560506496998735 0
0.6539782129009633 0
0.05077534886804411 0
0.04591324918278913 0
0.04591324918278913 0
0.048272914475573594 0
0.21367330870396378 0
0.21367330870396378 0
0.06264812975035258 0
0.1470271352497837 0
0.17065368533574643 0
0.04756070132062772 0
0.05537419293309634 0
0.05537419293309634 0
0.04568466983886392 0
0.048272914475573594 0
0.05533869195157325 0
0.1470271352497837 0
0.06521050626412392 0
0.5161090877972014 0
0.7584290199178093 0
0.10808182141687775 0
0.19931561874216677 0
0.9066862802082878 0
0.048272914475573594 0
0.048272914475573594 0
0.04568466983886392 0
0.042473313132241564 0
0.0659390418375647 0
0.1470271352497837 0
0.1470271352497837 0
0.05270254501194804 0
0.5360239273894016 0
0.20054818288209314 0
0.6961741128403982 0
0.04537774293266971 0
0.7132267463959133 0
0.491985338002425 0
0.491985338002425 0
0.21367330870396378 0
0.1752107079779765 0
0.1752107079779765 0
0.1470271352497837 0
0.048272914475573594 0
0.04469249769712265 0
0.9092003377159189 0
0.03931732099668501 0
0.06069239880622289 0
0.09218378922972151 0
0.7763051758303898 0
0.0607821087097574 0
0.0607821087097574 0
0.6142676446853599 0
0.054201082904947226 0
0.046494332037168976 0
0.3995094316708989 0
0.05476680721790697 0
0.049638808628137916 0
0.6509400230167687 0
0.06079035570750394 0
0.0866424502948417 0
0.058007698497228165 0
0.6895430199822935 0
0.07511930555587043 0
0.08236272439223187 0
0.33196916634842544 0
0.0585058478699019 0
0.04537774293266971 0
0.04329770462631381 0
0.09640694751966368 0
0.05270254501194804 0
0.03931732099668501 0
0.8049819603907332 0
0.04568466983886392 0
0.0829273936986632 0
0.04872348071225523 0
0.5230715022231363 0
0.048272914475573594 0
0.07482084902576655 0
0.07482084902576655 0
0.06763764244649287 0
0.49727411800025906 0
0.0496237817887087 0
0.047997511114975785 0
0.07184316143448273 0
0.0694355614915192 0
0.042473313132241564 0
0.5593857167652254 0
0.563534244192495 0
0.07601315332628363 0
0.5693097687901556 0
0.0456774040505596 0
0.046560506496998735 0
0.1754587214961955 0
0.1754587214961955 0
0.0696927959823028 0
0.04982554939617551 0
0.09197300254174412 0
0.21367330870396378 0
0.1470271352497837 0
0.795771290409786 0
0.21367330870396378 0
0.05099185738800836 0
0.1470271352497837 0
0.08818525455362837 0
0.8923407438918232 0
0.044647571966405536 0
0.06611586063515512 0
0.042473313132241564 0
0.3485884476757181 0
0.3485884476757181 0
0.08024470946145765 0
0.47958332785171875 0
0.042473313132241564 0
0.042473313132241564 0
0.04537774293266971 0
0.21367330870396378 0
0.21367330870396378 0
0.07511977199678012 0
0.07915232719923208 0
0.23773787787487022 0
0.6855992919616313 0
0.7103461458372242 0
0.052392457521046536 0
0.046560506496998735 0
0.043929592959739604 0
0.05596796297846047 0
0.05596796297846047 0
0.05596796297846047 0
0.38463524564472645 0
0.048272914475573594 0
0.21367330870396378 0
0.1470271352497837 0
0.05140322460079465 0
0.08934432880508564 0
0.048272914475573594 0
0.08632016169672574 0
0.0848142719604158 0
0.31502191257869544 0
0.04591324918278913 0
0.048272914475573594 0
0.048272914475573594 0
0.6592559972304773 0
0.05836915802251054 0
0.07868690479820115 0
0.7827921707503553 0
0.6701840595824378 0
0.21367330870396378 0
0.04822457132834729 0
0.6271965465330389 0
0.06002499612561313 0
0.06002499612561313 0
0.04583813097248983 0
0.7103461458372242 0
0.0593430009186518 0
0.07868690479820115 0
0.0636722339994463 0
0.0636722339994463 0
0.7299091309461131 0
0.7400255996399917 0
0.41727727425581757 0
0.06611586063515512 0
0.10400599053463984 0
0.05889883462293796 0
0.1470271352497837 0
0.5735854076374668 0
0.08934432880508564 0
0.6398809244851088 0
0.7506053508563706 0
0.05171343056141253 0
0.0623406529324435 0
0.5596824839725537 0
0.21367330870396378 0
0.21367330870396378 0
0.04469249769712265 0
0.09756977639056741 0
0.07509642411355844 0
0.08125450366637264 0
0.2661249674519456 0
0.21367330870396378 0
0.0829273936986632 0
0.6172784432304501 0
0.692039285868771 0
0.07869458087480911 0
0.21367330870396378 0
0.04466116274612347 0
0.03931732099668501 0
0.05119311587686595 0
0.6271965465330389 0
0.7091169645745129 0
0.052392457521046536 0
0.21367330870396378 0
0.0819250229111011 0
0.05596796297846047 0
0.0502431432575502 0
0.08934432880508564 0
0.05409875327878946 0
0.07794722615146005 0
0.49347665637983407 0
0.49906700436018575 0
0.08661395369119769 0
0.03931732099668501 0
0.5230715022231363 0
0.7559337538170496 0
0.21367330870396378 0
0.6511621329217113 0
0.058427046418889864 0
0.06097374803299639 0
0.6801306944581296 0
0.6801306944581296 0
0.7103461458372242 0
0.06406701890709769 0
0.04568466983886392 0
0.07119200330309033 0
0.057625759907906665 0
0.1470271352497837 0
0.34418703561014946 0
0.5284414471196505 0
0.33387009163610243 0
0.8076821330955465 0
0.7826329357441072 0
0.7103461458372242 0
0.06456797674695582 0
0.051227056034584696 0
0.07509642411355844 0
0.6747328473249201 0
0.0848142719604158 0
0.563534244192495 0
0.5488984702273012 0
0.6167474221890171 0
0.380917606367642 0
0.05624019664483189 0
0.04494364336706265 0
0.6812210714944142 0
0.04537774293266971 0
0.31502191257869544 0
0.06264812975035258 0
0.4756079876419822 0
0.04585146966590786 0
0.6441448380992675 0
0.07944248582088431 0
0.7197288768941554 0
0.6172784432304501 0
0.08236272439223187 0
0.1470271352497837 0
0.051226737810905074 0
0.4066689054724699 0
0.6066718146166449 0
0.7091169645745129 0
0.06264812975035258 0
0.06264001037597784 0
0.4538180638452676 0
0.060207566952019946 0
0.21367330870396378 0
0.7215840235584131 0
0.7103461458372242 0
0.05533869195157325 0
0.38759568666947675 0
0.1470271352497837 0
0.0696245710628029 0
0.041471772306701876 0
0.041471772306701876 0
0.7091169645745129 0
0.04856121237658104 0
0.04856121237658104 0
0.04537774293266971 0
0.08925871201771876 0
0.049638808628137916 0
0.07869458087480911 0
0.060723072292546386 0
0.7180680737571592 0
0.7180680737571592 0
0.21367330870396378 0
0.05210573773774469 0
0.044647571966405536 0
0.10680830202245493 0
0.053006094783983104 0
0.07091215103869457 0
0.10800887396150918 0
0.7506053508563706 0
0.7557687971946845 0
0.04682501078460407 0
0.05824218461916361 0
0.05824218461916361 0
0.7276328702430753 0
0.07509642411355844 0
0.07252319999367521 0
0.08925871201771876 0
0.08925871201771876 0
0.7253571635358358 0
0.042473313132241564 0
0.6467183798822799 0
0.2275191765164465 0
0.03931732099668501 0
0.05909088354574806 0
0.618603207594272 0
0.06611586063515512 0
0.6387332537596501 0
0.5884999452451166 0
0.07509642411355844 0
0.05817819117174122 0
0.07962115814532314 0
0.06118843055197145 0
0.03931732099668501 0
0.06118843055197145 0
0.04537774293266971 0
0.1778257757389407 0
0.08370856454490866 0
0.0571264515787414 0
0.08313266393556487 0
0.06161036377652652 0
0.36119601557678244 0
0.04537774293266971 0
0.05533869195157325 0
0.06763764244649287 0
0.7649502423062924 0
0.05286513279268963 0
0.48250778308440423 0
0.5161090877972014 0
0.8003928839105536 0
0.03931732099668501 0
0.21367330870396378 0
0.08367136102911538 0
0.6592031020781174 0
0.23773787787487022 0
0.07252319999367521 0
0.08073294874742402 0
0.4351549428847589 0
0.05824218461916361 0
0.6855992919616313 0
0.048272914475573594 0
0.05081086528581126 0
0.7103461458372242 0
0.08661395369119769 0
0.10555322307733367 0
0.06282627858067144 0
0.04591324918278913 0
0.6078111184577173 0
0.058427046418889864 0
0.044706101512343936 0
0.6026564392323706 0
0.8076821330955465 0
0.048272914475573594 0
0.6861685100881894 0
0.048272914475573594 0
0.06264812975035258 0
0.658001747477001 0
0.051226737810905074 0
0.6221117300868461 0
0.03931732099668501 0
0.0449772911381987 0
0.21367330870396378 0
0.07647008915728445 0
0.07647008915728445 0
0.07647008915728445 0
0.07177299384674772 0
0.6895430199822935 0
0.07096776412880858 0
0.07511930555587043 0
0.5975849434321527 0
0.5975849434321527 0
0.07255858387807293 0
0.04568466983886392 0
0.04537774293266971 0
0.6895430199822935 0
0.07314103412613526 0
0.0726984724090249 0
0.058130570787345626 0
0.07509642411355844 0
0.07840692126256509 0
0.03931732099668501 0
0.048272914475573594 0
0.0644262098400738 0
0.05244200194282554 0
0.10680830202245493 0
0.5983691911927005 0
0.8781312837684946 0
0.6313091555947765 0
0.6241705365328976 0
0.7166716073503957 0
0.17444367815141076 0
0.1470271352497837 0
0.04824567459409603 0
0.21367330870396378 0
0.053006094783983104 0
0.04537774293266971 0
0.0607821087097574 0
0.048272914475573594 0
0.0734083992530508 0
0.07944248582088431 0
0.04466116274612347 0
0.04982554939617551 0
0.19203036078236846 0
0.21367330870396378 0
0.08934432880508564 0
0.05216530580430724 0
0.7894144547999503 0
0.050378060410205705 0
0.0754836920305096 0
0.048272914475573594 0
0.048272914475573594 0
0.5020973720483973 0
0.6621718267405718 0
0.802815620268568 0
0.658001747477001 0
0.267178324480908 0
0.1470271352497837 0
0.08728322038159043 0
0.0636722339994463 0
0.08024470946145765 0
0.0757255777344378 0
0.03931732099668501 0
0.056573029320386374 0
0.06466937166148212 0
0.050378060410205705 0
0.05527102138230255 0
0.21367330870396378 0
0.08375211129028147 0
0.060485794090424295 0
0.05854246974625135 0
0.05854246974625135 0
0.6398809244851088 0
0.051227056034584696 0
0.8899689007554069 0
0.6570570381366996 0
0.1738791432715298 0
0.0848142719604158 0
0.0757255777344378 0
0.0900898451467446 0
0.702602170460761 0
0.042473313132241564 0
0.9169647999434691 0
0.5761560570010238 0
0.048454627768200816 0
0.7166716073503957 0
0.1470271352497837 0
0.048272914475573594 0
0.07840692126256509 0
0.08472815115759537 0
0.03931732099668501 0
0.062172797900083364 0
0.8076821330955465 0
0.04466116274612347 0
0.04215951229839074 0
0.6426368351958366 0
0.6426368351958366 0
0.0502431432575502 0
0.0502431432575502 0
0.05553943888212453 0
0.07390586786567227 0
0.07338673244158904 0
0.6895430199822935 0
0.08700782004559972 0
0.07868117124012274 0
0.07868117124012274 0
0.9187484326673829 0
0.9187484326673829 0
0.04537774293266971 0
0.06607071166183379 0
0.4456691292868892 0
0.041471772306701876 0
0.041471772306701876 0
0.08455324831458567 0
0.6570570381366996 0
0.042473313132241564 0
0.1470271352497837 0
0.05121125617106282 0
0.16334113403356124 0
0.1470271352497837 0
0.05409875327878946 0
0.35299887843555977 0
0.04756070132062772 0
0.045380819351791314 0
0.07099195590035541 0
0.058427046418889864 0
0.08324952681703311 0
0.7506053508563706 0
0.04215951229839074 0
0.1470271352497837 0
0.0848142719604158 0
0.05802640822896432 0
0.06749345309715093 0
0.35267036735161755 0
0.7103461458372242 0
0.7103461458372242 0
0.6398809244851088 0
0.057088452758906914 0
0.07919212716085297 0
0.5553898215804702 0
0.5422512225294157 0
0.05997005203225818 0
0.7982649518184419 0
0.08124206237135399 0
0.04716907876339214 0
0.048272914475573594 0
0.05171743921696999 0
0.05171743921696999 0
0.4747356690010971 0
0.05553419438666733 0
0.05140322460079465 0
0.5270337747929862 0
0.06466937166148212 0
0.048503189784860415 0
0.048272914475573594 0
0.2559022188336471 0
0.6606952116563207 0
0.058007698497228165 0
0.41159989042767714 0
0.06466617604680519 0
0.08934432880508564 0
0.19069885485641166 0
0.043929592959739604 0
0.21367330870396378 0
0.07618453708998121 0
0.042473313132241564 0
0.6528072091836841 0
0.0734083992530508 0
0.07868117124012274 0
0.05210573773774469 0
0.03931732099668501 0
0.1470271352497837 0
0.06097374803299639 0
0.21187126973801734 0
0.041471772306701876 0
0.05596796297846047 0
0.07383384593839296 0
0.6037564300656552 0
0.08375211129028147 0
0.0808886964721239 0
0.6398809244851088 0
0.048272914475573594 0
0.4050623841080353 0
0.06227914348386525 0
0.04716907876339214 0
0.06283455406922787 0
0.048272914475573594 0
0.048272914475573594 0
0.08934432880508564 0
0.49663381584035104 0
0.6426368351958366 0
0.7070209095913428 0
0.07509642411355844 0
0.0636722339994463 0
0.05533869195157325 0
0.05662953304834348 0
0.049638808628137916 0
0.1470271352497837 0
0.1470271352497837 0
0.0496237817887087 0
0.4096486458248998 0
0.5763145470415569 0
0.7125792409141074 0
0.3772395224790589 0
0.6175863050740028 0
0.0866424502948417 0
0.08450629433882949 0
0.39495712217062656 0
0.04568466983886392 0
0.44232286940640375 0
0.08193917145955894 0
0.042473313132241564 0
0.36590921676663246 0
0.6090497692667004 0
0.04537774293266971 0
0.06587423140856324 0
0.05294156202176678 0
0.2683451415652035 0
0.2683451415652035 0
0.31646632447369405 0
0.9284969834567668 0
0.05409875327878946 0
0.06184480510859732 0
0.421263995328814 0
0.5860174035809764 0
0.06743551107192423 0
0.06743551107192423 0
0.6362265908939816 0
0.061201696172520914 0
0.042473313132241564 0
0.07339486997370508 0
0.5552312761153597 0
0.08934432880508564 0
0.050378060410205705 0
0.528438879851065 0
0.6249736115538592 0
0.6308891754716408 0
0.7826329357441072 0
0.08450629433882949 0
0.6130769169476484 0
0.40479746852101867 0
0.734359818236091 0
0.07509642411355844 0
0.053590910606106844 0
0.05836350570775874 0
0.08818525455362837 0
0.39349712907579 0
0.03931732099668501 0
0.048272914475573594 0
0.05466871029698324 0
0.07504666297109462 0
0.05238418347157325 0
0.21367330870396378 0
0.0711743852446405 0
0.5340439374462282 0
0.6511621329217113 0
0.05596796297846047 0
0.042473313132241564 0
0.563534244192495 0
0.058354346752885804 0
0.0503430046236689 0
0.0829273936986632 0
0.04037980948664612 0
0.04868689672481302 0
0.7506053508563706 0
0.046560506496998735 0
0.046560506496998735 0
0.04568466983886392 0
0.09387580257802755 0
0.051226737810905074 0
0.0699339232252772 0
0.19522717011821308 0
0.554564922403187 0
0.08604814979013556 0
0.6545607191645775 0
0.042473313132241564 0
0.5230715022231363 0
0.04466116274612347 0
0.08375211129028147 0
0.12682677725561964 0
0.07119200330309033 0
0.05501385792265193 0
0.05501385792265193 0
0.10555322307733367 0
0.058427046418889864 0
0.9092003377159189 0
0.05624019664483189 0
0.048272914475573594 0
0.04568466983886392 0
0.07818885312891667 0
0.21367330870396378 0
0.48199899352061726 0
0.21367330870396378 0
0.07099292642237902 0
0.07099292642237902 0
0.048272914475573594 0
0.05532601769339104 0
0.6054299726077493 0
0.04466116274612347 0
0.4428361550892322 0
0.042473313132241564 0
0.634026673987489 0
0.043273724363521296 0
0.7091169645745129 0
0.08367136102911538 0
0.06635107047141527 0
0.6405076737767802 0
0.07624372096963533 0
0.5211361589405019 0
0.2596701712023869 0
0.08016704500886902 0
0.5630946797171053 0
0.04537774293266971 0
0.045504474118617945 0
0.6633121386425939 0
0.6633121386425939 0
0.06711775897678676 0
0.19746012160036278 0
0.6511621329217113 0
0.7059185762155615 0
0.734359818236091 0
0.05453795325957769 0
0.06264812975035258 0
0.04946311008518942 0
0.4351549428847589 0
0.05413814157851718 0
0.046560506496998735 0
0.07618453708998121 0
0.05824218461916361 0
0.046622797439658754 0
0.06098174941800267 0
0.048272914475573594 0
0.044339455455092845 0
0.1470271352497837 0
0.058007698497228165 0
0.07119200330309033 0
0.05243646672839327 0
0.1470271352497837 0
0.768539900080134 0
0.07213042735865628 0
0.5573962841079884 0
0.04466116274612347 0
0.22394146700953585 0
0.22394146700953585 0
0.7506053508563706 0
0.051227056034584696 0
0.05238418347157325 0
0.0781130094412953 0
0.0636722339994463 0
0.08818525455362837 0
0.08818525455362837 0
0.057674517560870484 0
0.5554200810843101 0
0.7325434829680356 0
0.04786791113851401 0
0.04537774293266971 0
0.09565464047195618 0
0.5518723639425199 0
0.7144745337349137 0
0.7144745337349137 0
0.06541761574149974 0
0.6895430199822935 0
0.08934432880508564 0
0.05030573670110267 0
0.6547189894623924 0
0.03931732099668501 0
0.04756070132062772 0
0.04537774293266971 0
0.07982025269864915 0
0.04537774293266971 0
0.09640694751966368 0
0.09640694751966368 0
0.08450629433882949 0
0.042473313132241564 0
0.21367330870396378 0
0.05836350570775874 0
0.19968964783107054 0
0.19674652759183692 0
0.5394973606880152 0
0.21367330870396378 0
0.1470271352497837 0
0.05121125617106282 0
0.0702967197615993 0
0.06227914348386525 0
0.1358254861861988 0
0.582846751658085 0
0.5914718785168953 0
0.08362785243753776 0
0.6821981805232684 0
0.05757985859577137 0
0.7496308214055246 0
0.7496308214055246 0
0.1470271352497837 0
0.21367330870396378 0
0.07610002441617011 0
0.5803292784269631 0
0.04537774293266971 0
0.25199854242509806 0
0.380917606367642 0
0.05476680721790697 0
0.05171343056141253 0
0.07213042735865628 0
0.746777694760784 0
0.1470271352497837 0
0.19596793326880277 0
0.8140798704742032 0
0.04537774293266971 0
0.1470271352497837 0
0.042473313132241564 0
0.06429670506513341 0
0.047535627047056384 0
0.6134843965164215 0
0.060207566952019946 0
0.05877679333915141 0
0.057625759907906665 0
0.6782415220064916 0
0.6241978254999052 0
0.07647947759760708 0
0.7596446068414804 0
0.05128249850798526 0
0.06593721316821587 0
0.06613789439031627 0
0.06466617604680519 0
0.09703411738024012 0
0.6988455521889506 0
0.8815335923979796 0
0.050441112251653326 0
0.5511220191495981 0
0.5230715022231363 0
0.03931732099668501 0
0.08934432880508564 0
0.08934432880508564 0
0.03931732099668501 0
0.5230715022231363 0
0.7506053508563706 0
0.9092003377159189 0
0.048272914475573594 0
0.048272914475573594 0
0.046560506496998735 0
0.056573029320386374 0
0.042473313132241564 0
0.04537774293266971 0
0.06126446887015835 0
0.04935098246154434 0
0.06991050140540482 0
0.380917606367642 0
0.04537774293266971 0
0.05997005203225818 0
0.03931732099668501 0
0.04568466983886392 0
0.27431216737437825 0
0.06923545994026344 0
0.09188339410805832 0
0.21367330870396378 0
0.6821981805232684 0
0.056545840794016124 0
0.048272914475573594 0
0.21367330870396378 0
0.042473313132241564 0
0.3193411763809887 0
0.052392457521046536 0
0.07608644391395357 0
0.43193494286265005 0
0.08934432880508564 0
0.042473313132241564 0
0.042473313132241564 0
0.06073176432227406 0
0.06466937166148212 0
0.6895430199822935 0
0.5404630166832208 0
0.21367330870396378 0
0.4066689054724699 0
0.7591644867784467 0
0.050940937084476605 0
0.04756070132062772 0
0.04756070132062772 0
0.04756070132062772 0
0.04537774293266971 0
0.048272914475573594 0
0.04756070132062772 0
0.07647300011936249 0
0.22983579980766172 0
0.5439505366359682 0
0.6488870451443487 0
0.07868690479820115 0
0.8331348374519612 0
0.07252319999367521 0
0.15905533403226324 0
0.050441112251653326 0
0.05238418347157325 0
0.5596824839725537 0
0.24516929696583803 0
0.03931732099668501 0
0.9011281659952904 0
0.048272914475573594 0
0.2232003696908961 0
0.048272914475573594 0
0.048272914475573594 0
0.17402211380605184 0
0.22166637135397987 0
0.22166637135397987 0
0.045504474118617945 0
0.08934432880508564 0
0.06293619431227788 0
0.1470271352497837 0
0.07702525576188816 0
0.05166182892291822 0
0.7500647946532696 0
0.049638808628137916 0
0.058427046418889864 0
0.08117697034866185 0
0.05802640822896432 0
0.04215951229839074 0
0.08372447817480873 0
0.21367330870396378 0
0.6855992919616313 0
0.08450629433882949 0
0.5775551787681722 0
0.04537774293266971 0
0.491985338002425 0
0.1470271352497837 0
0.05859710743409317 0
0.05287094649840049 0
0.05287094649840049 0
0.046727343152982624 0
0.04537774293266971 0
0.06402563888835791 0
0.08814305494215523 0
0.0696927959823028 0
0.051226737810905074 0
0.7494867636623826 0
0.07306969872834092 0
0.840559925374817 0
0.25831418050844296 0
0.4447123634057922 0
0.07438734831644142 0
0.04921540156302069 0
0.24406963651024496 0
0.05558943715415298 0
0.04466116274612347 0
0.05624019664483189 0
0.052721909011698445 0
0.07787041910420973 0
0.05533869195157325 0
0.04537774293266971 0
0.08972878514615319 0
0.380917606367642 0
0.380917606367642 0
0.7763051758303898 0
0.21367330870396378 0
0.0888784165543354 0
0.0766620807319015 0
0.15905533403226324 0
0.06227914348386525 0
0.5340439374462282 0
0.5340439374462282 0
0.048272914475573594 0
0.16847413780823414 0
0.0829273936986632 0
0.5557722190583466 0
0.04537774293266971 0
0.2153038418904763 0
0.05532601769339104 0
0.0449772911381987 0
0.047150959941460076 0
0.7506053508563706 0
0.06125503309292927 0
0.04537774293266971 0
0.33196916634842544 0
0.06541761574149974 0
0.6801306944581296 0
0.048272914475573594 0
0.05624019664483189 0
0.04591324918278913 0
0.04568466983886392 0
0.048749217660257554 0
0.16334113403356124 0
0.21367330870396378 0
0.9031007136341128 0
0.0607821087097574 0
0.7039245505029839 0
0.04537774293266971 0
0.0757255777344378 0
0.5095293903446337 0
0.5095293903446337 0
0.6807565027468562 0
0.04568466983886392 0
0.04568466983886392 0
0.21367330870396378 0
0.042473313132241564 0
0.07383384593839296 0
0.07915232719923208 0
0.07915232719923208 0
0.3485884476757181 0
0.1470271352497837 0
0.21367330870396378 0
0.08362785243753776 0
0.08362785243753776 0
0.04537774293266971 0
0.7091169645745129 0
0.03931732099668501 0
0.17444367815141076 0
0.21367330870396378 0
0.04537774293266971 0
0.0907583226021897 0
0.6855992919616313 0
0.048272914475573594 0
0.046560506496998735 0
0.1470271352497837 0
0.04466116274612347 0
0.060690261782800306 0
0.06262905843674094 0
0.5230715022231363 0
0.46590212297810835 0
0.08814305494215523 0
0.048272914475573594 0
0.13708389444665617 0
0.5223791270332961 0
0.5223791270332961 0
0.05533869195157325 0
0.0788132889325119 0
0.08370856454490866 0
0.550552547771869 0
0.6234682909202809 0
0.04469249769712265 0
0.16334113403356124 0
0.058083977666823855 0
0.1999113863872339 0
0.042473313132241564 0
0.043929592959739604 0
0.7293234304896851 0
0.05409875327878946 0
0.18563674588804113 0
0.050378060410205705 0
0.05210573773774469 0
0.04568466983886392 0
0.04466116274612347 0
0.6398809244851088 0
0.1470271352497837 0
0.07251199007904846 0
0.43903108384029554 0
0.6215640186950808 0
0.6814273350939087 0
0.08447179684290307 0
0.9011281659952904 0
0.0696245710628029 0
0.06264812975035258 0
0.044647571966405536 0
0.11151099750162387 0
0.546106190359056 0
0.546106190359056 0
0.07944248582088431 0
0.0623406529324435 0
0.04568466983886392 0
0.06466617604680519 0
0.052392457521046536 0
0.6075654557814746 0
0.07523866791852053 0
0.05553419438666733 0
0.09207775498895887 0
0.06951261167258255 0
0.1470271352497837 0
0.052683093066362416 0
0.6782226134161181 0
0.06587785579874052 0
0.048272914475573594 0
0.07915232719923208 0
0.49347665637983407 0
0.06264812975035258 0
0.7763051758303898 0
0.048272914475573594 0
0.048272914475573594 0
0.04756070132062772 0
0.054011910645259495 0
0.7115160588865845 0
0.055372347075076066 0
0.04537774293266971 0
0.11759726973307208 0
0.11759726973307208 0
0.04215951229839074 0
0.6167474221890171 0
0.9325392338049115 0
0.0781130094412953 0
0.055822541968379866 0
0.05270254501194804 0
0.07915232719923208 0
0.07915232719923208 0
0.7494867636623826 0
0.05624019664483189 0
0.05624019664483189 0
0.08966821136479847 0
0.16334113403356124 0
0.6066718146166449 0
0.7144745337349137 0
0.03931732099668501 0
0.04568466983886392 0
0.33813623899493234 0
0.33813623899493234 0
0.06079035570750394 0
0.21367330870396378 0
0.046618097104306526 0
0.04930161560545149 0
0.04930161560545149 0
0.04537774293266971 0
0.6974346504405393 0
0.5558708535172113 0
0.0734083992530508 0
0.04537774293266971 0
0.06607071166183379 0
0.11109203109920175 0
0.06184480510859732 0
0.08334099231504156 0
0.045380819351791314 0
0.23969032677482777 0
0.09959753068730426 0
0.8299977081127141 0
0.4428361550892322 0
0.08022582129294926 0
0.1470271352497837 0
0.05624019664483189 0
0.046560506496998735 0
0.06724491283830517 0
0.046560506496998735 0
0.08934432880508564 0
0.07790288583524481 0
0.6266817975030693 0
0.042473313132241564 0
0.04537774293266971 0
0.24516929696583803 0
0.058007698497228165 0
0.058007698497228165 0
0.0829273936986632 0
0.6782226134161181 0
0.24406963651024496 0
0.048272914475573594 0
0.048272914475573594 0
0.22166637135397987 0
0.05154586755014375 0
0.04466116274612347 0
0.1470271352497837 0
0.09164152168504167 0
0.11739493390699152 0
0.5562925580485956 0
0.4751656697786969 0
0.1470271352497837 0
0.0567130432128234 0
0.07096776412880858 0
0.07618453708998121 0
0.06611586063515512 0
0.2275191765164465 0
0.4756079876419822 0
0.07730638108873748 0
0.06072203744062334 0
0.05121125617106282 0
0.0696245710628029 0
0.058427046418889864 0
0.21367330870396378 0
0.5340439374462282 0
0.1470271352497837 0
0.058007698497228165 0
0.7506053508563706 0
0.7103461458372242 0
0.20764397870587373 0
0.20764397870587373 0
0.058427046418889864 0
0.6545607191645775 0
0.0636722339994463 0
0.03931732099668501 0
0.04537774293266971 0
0.6815772403463631 0
0.050378060410205705 0
0.08588345398730958 0
0.7103461458372242 0
0.6924746593513238 0
0.08364375212413384 0
0.07877249602964388 0
0.16334113403356124 0
0.44005381867267496 0
0.44005381867267496 0
0.8500682799405315 0
0.046560506496998735 0
0.06820891521218841 0
0.051703983365996964 0
0.05532601769339104 0
0.5596824839725537 0
0.17325252599432522 0
0.048272914475573594 0
0.06125503309292927 0
0.6464600666736439 0
0.0787909335247365 0
0.055822541968379866 0
0.048272914475573594 0
0.4885351848750182 0
0.07877249602964388 0
0.0808886964721239 0
0.0808886964721239 0
0.1470271352497837 0
0.1470271352497837 0
0.21367330870396378 0
0.06267244202970325 0
0.7826329357441072 0
0.267178324480908 0
0.6491816457590096 0
0.0713724251106211 0
0.7722317832673833 0
0.267178324480908 0
0.7103461458372242 0
0.1470271352497837 0
0.051227056034584696 0
0.07840692126256509 0
0.888602008625048 0
0.0888784165543354 0
0.0888784165543354 0
0.7103461458372242 0
0.05817819117174122 0
0.8580800889836224 0
0.20353376208357812 0
0.1470271352497837 0
0.09052954500457397 0
0.6889922526618522 0
0.4067196806870222 0
0.04502253300691284 0
0.46590212297810835 0
0.0644262098400738 0
0.048272914475573594 0
0.04469249769712265 0
0.2457517397125282 0
0.09284139833974943 0
0.04494364336706265 0
0.04568466983886392 0
0.8569032102514353 0
0.6241705365328976 0
0.08590530923373818 0
0.08590530923373818 0
0.05533869195157325 0
0.08655917655784177 0
0.058329854014756585 0
0.08024470946145765 0
0.7275412971226366 0
0.5914718785168953 0
0.057674517560870484 0
0.08370856454490866 0
0.04941363689554621 0
0.050562281813432294 0
0.0696927959823028 0
0.17444367815141076 0
0.05553419438666733 0
0.07647008915728445 0
0.07647008915728445 0
0.08042122329585098 0
0.6821981805232684 0
0.05965685967064638 0
0.046737253142988065 0
0.048272914475573594 0
0.7498597270240815 0
0.07877249602964388 0
0.058007698497228165 0
0.19573538343830452 0
0.05040628905677583 0
0.1470271352497837 0
0.0848142719604158 0
0.05409875327878946 0
0.5596824839725537 0
0.7506053508563706 0
0.21367330870396378 0
0.048272914475573594 0
0.6398809244851088 0
0.21367330870396378 0
0.053623487638265355 0
0.8212907002893124 0
0.3831050492992087 0
0.03931732099668501 0
0.660586061027644 0
0.6372305262448719 0
0.6855992919616313 0
0.048272914475573594 0
0.09317666103026898 0
0.06264812975035258 0
0.048272914475573594 0
0.7103461458372242 0
0.502967538082672 0
0.044944891460538657 0
0.03931732099668501 0
0.0801976690474996 0
0.7835551069311995 0
0.048272914475573594 0
0.048272914475573594 0
0.057518735747984724 0
0.0781130094412953 0
0.5123734573422327 0
0.42341011285785907 0
0.09284139833974943 0
0.5508070819077869 0
0.06073176432227406 0
0.06002499612561313 0
0.7582915829038083 0
0.840559925374817 0
0.04215951229839074 0
0.07915232719923208 0
0.058007698497228165 0
0.5240400906083419 0
0.09959753068730426 0
0.04568466983886392 0
0.07213042735865628 0
0.07390586786567227 0
0.07869458087480911 0
0.0907583226021897 0
0.07509642411355844 0
0.04537774293266971 0
0.05860751428178593 0
0.052392457521046536 0
0.06697288752770524 0
0.6398809244851088 0
0.06918296568181925 0
0.08934432880508564 0
0.23409049546950117 0
0.21367330870396378 0
0.05417816249477108 0
0.4286557633964698 0
0.06664534018382115 0
0.06736285264038425 0
0.06736285264038425 0
0.21367330870396378 0
0.05190971366071339 0
0.042473313132241564 0
0.048272914475573594 0
0.04537774293266971 0
0.04537774293266971 0
0.06227914348386525 0
0.21367330870396378 0
0.046560506496998735 0
0.795771290409786 0
0.32631947691120206 0
0.21367330870396378 0
0.08934432880508564 0
0.08934432880508564 0
0.0449772911381987 0
0.5034866969432916 0
0.16334113403356124 0
0.4713432189840514 0
0.06437920489431327 0
0.7631071048829944 0
0.053590910606106844 0
0.053590910606106844 0
0.550552547771869 0
0.10680830202245493 0
0.042473313132241564 0
0.042473313132241564 0
0.058427046418889864 0
0.0866424502948417 0
0.20653158966352414 0
0.0781130094412953 0
0.06131559722471073 0
0.055372347075076066 0
0.0808886964721239 0
0.634026673987489 0
0.07868690479820115 0
0.05409875327878946 0
0.632057119147914 0
0.21367330870396378 0
0.0644262098400738 0
0.6584002341076277 0
0.7301487619360507 0
0.048272914475573594 0
0.05817819117174122 0
0.08298324471661614 0
0.6272695374721006 0
0.051226737810905074 0
0.2755300393503447 0
0.046560506496998735 0
0.08934432880508564 0
0.9227197764843317 0
0.06734245487534257 0
0.05409875327878946 0
0.3146722136210842 0
0.046560506496998735 0
0.6545607191645775 0
0.4244508761864553 0
0.0734083992530508 0
0.07329083461451293 0
0.6861685100881894 0
0.0781130094412953 0
0.719181112854888 0
0.08296636591605304 0
0.0819250229111011 0
0.3995094316708989 0
0.05409875327878946 0
0.06126446887015835 0
0.060207566952019946 0
0.052505408059450885 0
0.0660604280706201 0
0.06002499612561313 0
0.04466116274612347 0
0.33960206974442614 0
0.048272914475573594 0
0.6985128502852606 0
0.04537774293266971 0
0.06273431392931395 0
0.0636722339994463 0
0.05409875327878946 0
0.6109915043322606 0
0.10539772926939624 0
0.8899689007554069 0
0.06845328259091274 0
0.09052954500457397 0
0.04568466983886392 0
0.18426076699238467 0
0.0515038366833882 0
0.07647008915728445 0
0.0607821087097574 0
0.06587917451466009 0
0.5552312761153597 0
0.6109915043322606 0
0.055372347075076066 0
0.06936756961212089 0
0.7808751714937273 0
0.6946326053746449 0
0.04242943565335595 0
0.03931732099668501 0
0.041471772306701876 0
0.03931732099668501 0
0.6637039800707344 0
0.042473313132241564 0
0.042473313132241564 0
0.07119200330309033 0
0.740379969538705 0
0.9076474279239327 0
0.05244200194282554 0
0.06131559722471073 0
0.42105537262210596 0
0.04537774293266971 0
0.04537774293266971 0
0.058427046418889864 0
0.058427046418889864 0
0.07509642411355844 0
0.07982025269864915 0
0.052426716597536636 0
0.0734083992530508 0
0.6720939003456988 0
0.1470271352497837 0
0.08022582129294926 0
0.062172797900083364 0
0.050378060410205705 0
0.5688851557686246 0
0.19424191450781986 0
0.06122199829350624 0
0.03931732099668501 0
0.08435010230479568 0
0.046737253142988065 0
0.046737253142988065 0
0.7079488829196614 0
0.7079488829196614 0
0.7079488829196614 0
0.03931732099668501 0
0.05533869195157325 0
0.09284139833974943 0
0.04568466983886392 0
0.04713002315261987 0
0.05472241675874737 0
0.6398809244851088 0
0.07655211282320651 0
0.1470271352497837 0
0.7073857739340259 0
0.6241978254999052 0
0.048503189784860415 0
0.04537774293266971 0
0.4229862647792251 0
0.04149086909154027 0
0.043929592959739604 0
0.4515923232468736 0
0.41846812236927927 0
0.09645283317072953 0
0.7376756770536287 0
0.046560506496998735 0
0.04466116274612347 0
0.06360559080421917 0
