pos, 0.20741489118092746, right(srz274095917323)
pos, 0.1872108373518019, right(srz27409594936)
pos, 0.1872108373518019, right(srz96594925144)
pos, 0.1872108373518019, right(srz96594929000)
pos, 0.1872108373518019, right(srz965661715167)
pos, 0.26569465657955116, right(srz96594923122)
pos, 0.18485684970456687, right(srz99311013926)
pos, 0.24364176356732303, right(srz96566171173)
pos, 0.12788281295511936, right(srz96594922564)
pos, 0.26569465657955116, right(srz965661710810)
pos, 0.18511330982967572, right(srz193065597)
pos, 0.24364176356732303, right(srz1930611352)
pos, 0.24364176356732303, right(srz193064576)
pos, 0.1872108373518019, right(srz193066581)
pos, 0.2252026121146009, right(srz27409592837)
pos, 0.1872108373518019, right(srz96566177179)
pos, 0.20741489118092746, right(srz965949213629)
pos, 0.26569465657955116, right(srz96566176807)
pos, 0.26569465657955116, right(srz27409598470)
pos, 0.20741489118092746, right(srz9656617707)
pos, 0.20741489118092746, right(srz274095911470)
pos, 0.14158514118650908, right(srz44248277072)
pos, 0.18485684970456687, right(srz96566178544)
pos, 0.24364176356732303, right(srz274095913430)
pos, 0.26569465657955116, right(srz24618673988)
pos, 0.26569465657955116, right(srz96594923099)
pos, 0.24364176356732303, right(srz274095913445)
pos, 0.1872108373518019, right(srz24618678901)
pos, 0.26569465657955116, right(srz9659492637)
pos, 0.20741489118092746, right(srz2461867731)
pos, 0.18485684970456687, right(srz193065764)
pos, 0.20741489118092746, right(srz44230441980)
pos, 0.18485684970456687, right(srz27409596559)
pos, 0.20741489118092746, right(srz96594925056)
pos, 0.26569465657955116, right(srz27409595353)
pos, 0.18485684970456687, right(srz965949211475)
pos, 0.20741489118092746, right(srz96594927256)
pos, 0.20741489118092746, right(srz193062251)
pos, 0.26978824010658575, right(srz246186716576)
pos, 0.26569465657955116, right(srz24618677205)
pos, 0.1312754970724383, right(srz274095914309)
pos, 0.2252026121146009, right(srz246186715752)
pos, 0.26569465657955116, right(srz96566176305)
pos, 0.20741489118092746, right(srz96594922102)
pos, 0.12788281295511936, right(srz27409592890)
pos, 0.1872108373518019, right(srz965949210302)
pos, 0.20741489118092746, right(srz2461867754)
pos, 0.26569465657955116, right(srz246186710220)
pos, 0.2252026121146009, right(srz96594925187)
pos, 0.26569465657955116, right(srz24618679009)
pos, 0.20741489118092746, right(srz24618673872)
pos, 0.1872108373518019, right(srz24618675376)
pos, 0.20741489118092746, right(srz27409592929)
pos, 0.20741489118092746, right(srz27409594425)
pos, 0.26569465657955116, right(srz965949214107)
pos, 0.26569465657955116, right(srz27409597608)
pos, 0.20741489118092746, right(srz27409591889)
pos, 0.24364176356732303, right(srz993110110084)
pos, 0.26569465657955116, right(srz965949210055)
pos, 0.26569465657955116, right(srz24618671845)
pos, 0.20741489118092746, right(srz24618676630)
pos, 0.1312754970724383, right(srz246186716760)
pos, 0.1312754970724383, right(srz44248272791)
pos, 0.24364176356732303, right(srz246186715720)
pos, 0.20741489118092746, right(srz27409594521)
pos, 0.24364176356732303, right(srz96566177159)
pos, 0.26569465657955116, right(srz246186710280)
pos, 0.20741489118092746, right(srz99311018055)
pos, 0.20741489118092746, right(srz27409598609)
pos, 0.1872108373518019, right(srz96566174648)
pos, 0.20741489118092746, right(srz24618671546)
pos, 0.26569465657955116, right(srz24618672524)
pos, 0.1872108373518019, right(srz274095913459)
pos, 0.26569465657955116, right(srz9659492642)
pos, 0.18511330982967572, right(srz1930610886)
pos, 0.26978824010658575, right(srz2461867166)
pos, 0.1872108373518019, right(srz246186712872)
pos, 0.26569465657955116, right(srz96594923098)
pos, 0.1872108373518019, right(srz24618677154)
pos, 0.12788281295511936, right(srz99311017798)
pos, 0.17487980387577814, right(srz96594923340)
pos, 0.1872108373518019, right(srz24618679155)
pos, 0.26978824010658575, right(srz246186716559)
pos, 0.18485684970456687, right(srz993110110808)
pos, 0.1872108373518019, right(srz246186715408)
pos, 0.13284978350377796, right(srz24618677942)
pos, 0.26569465657955116, right(srz965949211060)
pos, 0.26569465657955116, right(srz8029728325)
pos, 0.1872108373518019, right(srz24618678896)
pos, 0.26569465657955116, right(srz246186711422)
pos, 0.20741489118092746, right(srz27409597691)
pos, 0.1872108373518019, right(srz9659492818)
pos, 0.14158514118650908, right(srz193069881)
pos, 0.26569465657955116, right(srz27409598320)
pos, 0.2252026121146009, right(srz96566171828)
pos, 0.20741489118092746, right(srz193063237)
pos, 0.18511330982967572, right(srz96594928452)
pos, 0.26569465657955116, right(srz24618679781)
pos, 0.1872108373518019, right(srz27409596113)
pos, 0.20741489118092746, right(srz27409597771)
pos, 0.26569465657955116, right(srz96566176336)
pos, 0.20741489118092746, right(srz96594926866)
pos, 0.26569465657955116, right(srz99311013559)
pos, 0.26569465657955116, right(srz24618677156)
pos, 0.26978824010658575, right(srz2461867186)
pos, 0.20741489118092746, right(srz24618677678)
pos, 0.26569465657955116, right(srz193064567)
pos, 0.26569465657955116, right(srz274095914020)
pos, 0.1872108373518019, right(srz246186712311)
pos, 0.1312754970724383, right(srz193065278)
pos, 0.20741489118092746, right(srz965661710897)
pos, 0.20741489118092746, right(srz274095915118)
pos, 0.1312754970724383, right(srz9659492790)
pos, 0.20741489118092746, right(srz24618675061)
pos, 0.26569465657955116, right(srz27409598493)
pos, 0.1872108373518019, right(srz246186714536)
pos, 0.26569465657955116, right(srz27409597615)
pos, 0.20741489118092746, right(srz27409597534)
pos, 0.20741489118092746, right(srz99311017832)
pos, 0.20741489118092746, right(srz27409591719)
pos, 0.20741489118092746, right(srz274095910839)
pos, 0.1872108373518019, right(srz96566173271)
pos, 0.1872108373518019, right(srz802972331)
pos, 0.20741489118092746, right(srz246186715028)
pos, 0.26569465657955116, right(srz96594924746)
pos, 0.17487980387577814, right(srz274095915600)
pos, 0.26978824010658575, right(srz44230447449)
pos, 0.26569465657955116, right(srz993110110863)
pos, 0.17487980387577814, right(srz99311013936)
pos, 0.18485684970456687, right(srz96594923541)
pos, 0.20741489118092746, right(srz24618673848)
pos, 0.20741489118092746, right(srz24618679721)
pos, 0.1872108373518019, right(srz246186712407)
pos, 0.26569465657955116, right(srz9659492610)
pos, 0.1872108373518019, right(srz96566171309)
pos, 0.24939322129195243, right(srz193061832)
pos, 0.20741489118092746, right(srz993110111745)
pos, 0.20741489118092746, right(srz965661715129)
pos, 0.20741489118092746, right(srz8029727127)
pos, 0.1872108373518019, right(srz965661710967)
pos, 0.18485684970456687, right(srz44248275033)
pos, 0.26569465657955116, right(srz27409592784)
pos, 0.1872108373518019, right(srz24618676654)
pos, 0.26569465657955116, right(srz96566175380)
pos, 0.1872108373518019, right(srz965661710976)
pos, 0.12788281295511936, right(srz8029722256)
pos, 0.26569465657955116, right(srz27409595332)
pos, 0.26978824010658575, right(srz274095910265)
pos, 0.20741489118092746, right(srz9656617716)
pos, 0.24364176356732303, right(srz96566174216)
pos, 0.26569465657955116, right(srz27409595031)
pos, 0.18485684970456687, right(srz96594926388)
pos, 0.26569465657955116, right(srz27409597626)
pos, 0.26569465657955116, right(srz246186714200)
pos, 0.2252026121146009, right(srz246186710970)
pos, 0.26569465657955116, right(srz9659492566)
pos, 0.26569465657955116, right(srz274095915353)
pos, 0.20741489118092746, right(srz193068624)
pos, 0.20741489118092746, right(srz24618677681)
pos, 0.1872108373518019, right(srz99311018547)
pos, 0.1312754970724383, right(srz9659492737)
pos, 0.26569465657955116, right(srz24618676159)
pos, 0.26569465657955116, right(srz274095914196)
pos, 0.14158514118650908, right(srz44248273659)
pos, 0.20741489118092746, right(srz246186715124)
pos, 0.26569465657955116, right(srz802972239)
pos, 0.26569465657955116, right(srz96594923805)
pos, 0.20741489118092746, right(srz246186710978)
pos, 0.1872108373518019, right(srz965949213176)
pos, 0.26569465657955116, right(srz1930610094)
pos, 0.26569465657955116, right(srz27409594257)
pos, 0.17487980387577814, right(srz965949210621)
pos, 0.1872108373518019, right(srz24618674920)
pos, 0.20741489118092746, right(srz274095914498)
pos, 0.26569465657955116, right(srz193064564)
pos, 0.1872108373518019, right(srz24618678780)
pos, 0.26569465657955116, right(srz1930610095)
pos, 0.20741489118092746, right(srz2461867758)
pos, 0.18485684970456687, right(srz96594921956)
pos, 0.1872108373518019, right(srz24618674895)
pos, 0.20741489118092746, right(srz27409592440)
pos, 0.20741489118092746, right(srz99311016892)
pos, 0.1872108373518019, right(srz246186712496)
pos, 0.1872108373518019, right(srz274095912821)
pos, 0.1872108373518019, right(srz965661713556)
pos, 0.26569465657955116, right(srz96594923116)
pos, 0.20741489118092746, right(srz44248277412)
pos, 0.1872108373518019, right(srz27409594933)
pos, 0.26569465657955116, right(srz27409592769)
pos, 0.20741489118092746, right(srz96594922363)
pos, 0.26569465657955116, right(srz96566176337)
pos, 0.26569465657955116, right(srz24618677177)
pos, 0.20741489118092746, right(srz27409591947)
pos, 0.24364176356732303, right(srz246186715697)
pos, 0.20741489118092746, right(srz24618678552)
pos, 0.1872108373518019, right(srz96594922264)
pos, 0.20741489118092746, right(srz44230441853)
pos, 0.1312754970724383, right(srz96594926302)
pos, 0.20741489118092746, right(srz27409594527)
pos, 0.2252026121146009, right(srz27409595038)
pos, 0.20741489118092746, right(srz44230447236)
pos, 0.24364176356732303, right(srz96594929778)
pos, 0.1872108373518019, right(srz27409598352)
pos, 0.26569465657955116, right(srz24618673970)
pos, 0.12788281295511936, right(srz2461867153)
pos, 0.20741489118092746, right(srz965661714870)
pos, 0.20741489118092746, right(srz246186716299)
pos, 0.20741489118092746, right(srz274095916665)
pos, 0.17487980387577814, right(srz274095915592)
pos, 0.1872108373518019, right(srz274095914531)
pos, 0.26569465657955116, right(srz24618674544)
pos, 0.1872108373518019, right(srz193067481)
pos, 0.26569465657955116, right(srz96594923820)
pos, 0.1872108373518019, right(srz27409598252)
pos, 0.17487980387577814, right(srz993110111512)
pos, 0.26569465657955116, right(srz246186714206)
pos, 0.1872108373518019, right(srz24618678834)
pos, 0.26978824010658575, right(srz274095910271)
pos, 0.17487980387577814, right(srz993110110665)
pos, 0.24364176356732303, right(srz96566171185)
pos, 0.18485684970456687, right(srz246186712512)
pos, 0.1872108373518019, right(srz274095913331)
pos, 0.26569465657955116, right(srz96566176769)
pos, 0.26978824010658575, right(srz96594924606)
pos, 0.26569465657955116, right(srz8029728327)
pos, 0.20741489118092746, right(srz274095910832)
pos, 0.26569465657955116, right(srz8029729811)
pos, 0.1872108373518019, right(srz246186714054)
pos, 0.26569465657955116, right(srz27409595375)
pos, 0.20741489118092746, right(srz193066353)
pos, 0.20741489118092746, right(srz96566179123)
pos, 0.20741489118092746, right(srz96566172337)
pos, 0.14158514118650908, right(srz44230443548)
pos, 0.20741489118092746, right(srz27409592492)
pos, 0.26569465657955116, right(srz96566176705)
pos, 0.26569465657955116, right(srz96594923676)
pos, 0.18485684970456687, right(srz965661711545)
pos, 0.26569465657955116, right(srz246186712789)
pos, 0.20741489118092746, right(srz24618676300)
pos, 0.1872108373518019, right(srz965661715192)
pos, 0.20741489118092746, right(srz96594925053)
pos, 0.26569465657955116, right(srz24618674520)
pos, 0.18511330982967572, right(srz193067077)
pos, 0.26978824010658575, right(srz193061264)
pos, 0.24364176356732303, right(srz246186710455)
pos, 0.18485684970456687, right(srz96566176512)
pos, 0.2252026121146009, right(srz4423044708)
pos, 0.26569465657955116, right(srz24618676173)
pos, 0.1872108373518019, right(srz965949210305)
pos, 0.1872108373518019, right(srz1930610177)
pos, 0.18485684970456687, right(srz96566178538)
pos, 0.26569465657955116, right(srz24618672514)
pos, 0.1872108373518019, right(srz24618675369)
pos, 0.26569465657955116, right(srz274095914178)
pos, 0.20741489118092746, right(srz99311014480)
pos, 0.1872108373518019, right(srz246186715761)
pos, 0.26569465657955116, right(srz2461867806)
pos, 0.26978824010658575, right(srz99311019023)
pos, 0.20741489118092746, right(srz246186713429)
pos, 0.18485684970456687, right(srz96566179255)
pos, 0.24364176356732303, right(srz4423044667)
pos, 0.26569465657955116, right(srz2740959946)
pos, 0.1872108373518019, right(srz96594922244)
pos, 0.1872108373518019, right(srz24618679158)
pos, 0.1872108373518019, right(srz246186714558)
pos, 0.20741489118092746, right(srz246186713420)
pos, 0.20741489118092746, right(srz99311014010)
pos, 0.20741489118092746, right(srz27409595179)
pos, 0.1872108373518019, right(srz965949210297)
pos, 0.20741489118092746, right(srz27409596287)
pos, 0.26569465657955116, right(srz27409592836)
pos, 0.20741489118092746, right(srz193065746)
pos, 0.26569465657955116, right(srz96594926364)
pos, 0.20741489118092746, right(srz24618673326)
pos, 0.26569465657955116, right(srz96594924587)
pos, 0.20741489118092746, right(srz27409591712)
pos, 0.20741489118092746, right(srz246186712145)
pos, 0.26569465657955116, right(srz27409595621)
pos, 0.20741489118092746, right(srz44230447196)
pos, 0.26569465657955116, right(srz99311015685)
pos, 0.12788281295511936, right(srz2740959150)
pos, 0.12788281295511936, right(srz193069292)
pos, 0.20741489118092746, right(srz27409591948)
pos, 0.24939322129195243, right(srz44230443120)
pos, 0.1872108373518019, right(srz8029726874)
pos, 0.20741489118092746, right(srz193069241)
pos, 0.1872108373518019, right(srz24618679074)
pos, 0.20741489118092746, right(srz193065737)
pos, 0.20741489118092746, right(srz27409591963)
pos, 0.26569465657955116, right(srz96594923124)
pos, 0.26569465657955116, right(srz1930610106)
pos, 0.20741489118092746, right(srz99311019054)
pos, 0.26569465657955116, right(srz27409598471)
pos, 0.26569465657955116, right(srz2740959984)
pos, 0.20741489118092746, right(srz96566173911)
pos, 0.20741489118092746, right(srz274095914089)
pos, 0.26569465657955116, right(srz27409597621)
pos, 0.1872108373518019, right(srz96594928070)
pos, 0.24939322129195243, right(srz965661714664)
pos, 0.1872108373518019, right(srz8029723564)
pos, 0.1872108373518019, right(srz96566179396)
pos, 0.18485684970456687, right(srz193061021)
pos, 0.26569465657955116, right(srz27409598475)
pos, 0.26569465657955116, right(srz96594929789)
pos, 0.18485684970456687, right(srz96566173503)
pos, 0.26569465657955116, right(srz274095914168)
pos, 0.26569465657955116, right(srz246186710236)
pos, 0.1312754970724383, right(srz96566179578)
pos, 0.18485684970456687, right(srz1930611051)
pos, 0.18485684970456687, right(srz99311015831)
pos, 0.18485684970456687, right(srz27409596622)
pos, 0.20741489118092746, right(srz24618679734)
pos, 0.2252026121146009, right(srz965949210651)
pos, 0.20741489118092746, right(srz99311014479)
pos, 0.20741489118092746, right(srz274095912542)
pos, 0.1872108373518019, right(srz246186710251)
pos, 0.1872108373518019, right(srz24618678707)
pos, 0.26978824010658575, right(srz99311019026)
pos, 0.24364176356732303, right(srz193068120)
pos, 0.26569465657955116, right(srz965661710832)
pos, 0.26569465657955116, right(srz8029726438)
pos, 0.26569465657955116, right(srz96566172683)
pos, 0.26569465657955116, right(srz965661715581)
pos, 0.20741489118092746, right(srz27409593626)
pos, 0.20741489118092746, right(srz274095912707)
pos, 0.26569465657955116, right(srz96594923112)
pos, 0.1872108373518019, right(srz246186714559)
pos, 0.15013817616499373, right(srz9656617872)
pos, 0.20741489118092746, right(srz99311018299)
pos, 0.26569465657955116, right(srz274095913230)
pos, 0.26569465657955116, right(srz965949214119)
pos, 0.20741489118092746, right(srz1930610930)
pos, 0.20741489118092746, right(srz27409598889)
pos, 0.12788281295511936, right(srz193064477)
pos, 0.18511330982967572, right(srz193064362)
pos, 0.20741489118092746, right(srz2740959303)
pos, 0.26978824010658575, right(srz96594924605)
pos, 0.18485684970456687, right(srz99311015157)
pos, 0.20741489118092746, right(srz27409592098)
pos, 0.20741489118092746, right(srz27409593238)
pos, 0.26569465657955116, right(srz8029723443)
pos, 0.26978824010658575, right(srz44248275910)
pos, 0.26569465657955116, right(srz24618672084)
pos, 0.18485684970456687, right(srz965661711251)
pos, 0.1872108373518019, right(srz193064446)
pos, 0.26569465657955116, right(srz27409592783)
pos, 0.1872108373518019, right(srz44248273861)
pos, 0.20741489118092746, right(srz246186713423)
pos, 0.20741489118092746, right(srz24618673056)
pos, 0.26569465657955116, right(srz246186714281)
pos, 0.24364176356732303, right(srz96566171171)
pos, 0.20741489118092746, right(srz99311017378)
pos, 0.26569465657955116, right(srz246186715667)
pos, 0.1872108373518019, right(srz193067213)
pos, 0.20741489118092746, right(srz24618673037)
pos, 0.26978824010658575, right(srz27409594192)
pos, 0.1872108373518019, right(srz274095915557)
pos, 0.20741489118092746, right(srz2461867699)
pos, 0.20741489118092746, right(srz246186716715)
pos, 0.1872108373518019, right(srz27409598337)
pos, 0.1872108373518019, right(srz24618675243)
pos, 0.20741489118092746, right(srz24618679568)
pos, 0.26569465657955116, right(srz96594923681)
pos, 0.17487980387577814, right(srz1930610175)
pos, 0.1872108373518019, right(srz965661713048)
pos, 0.26569465657955116, right(srz24618676878)
pos, 0.13284978350377796, right(srz24618677943)
pos, 0.20741489118092746, right(srz44230447370)
pos, 0.1284615400382881, right(srz24618679113)
pos, 0.26569465657955116, right(srz2461867830)
pos, 0.26569465657955116, right(srz802972231)
pos, 0.26569465657955116, right(srz96594923810)
pos, 0.26569465657955116, right(srz2461867783)
pos, 0.20741489118092746, right(srz99311014484)
pos, 0.18511330982967572, right(srz193064452)
pos, 0.20741489118092746, right(srz274095915180)
pos, 0.1312754970724383, right(srz99311014548)
pos, 0.26569465657955116, right(srz99311015884)
pos, 0.18485684970456687, right(srz96566179261)
pos, 0.26978824010658575, right(srz2740959189)
pos, 0.17487980387577814, right(srz965949210624)
pos, 0.26569465657955116, right(srz96566172181)
pos, 0.1872108373518019, right(srz96594929796)
pos, 0.20741489118092746, right(srz246186715223)
pos, 0.18485684970456687, right(srz96566176601)
pos, 0.1872108373518019, right(srz274095912841)
pos, 0.17487980387577814, right(srz99311012476)
pos, 0.1872108373518019, right(srz96594925588)
pos, 0.26978824010658575, right(srz96594925772)
pos, 0.1872108373518019, right(srz9659492306)
pos, 0.26569465657955116, right(srz24618675560)
pos, 0.18485684970456687, right(srz27409596550)
pos, 0.26569465657955116, right(srz96594928864)
pos, 0.18511330982967572, right(srz274095912868)
pos, 0.20741489118092746, right(srz27409596241)
pos, 0.20741489118092746, right(srz96566177616)
pos, 0.1872108373518019, right(srz96566171316)
pos, 0.1312754970724383, right(srz802972349)
pos, 0.18485684970456687, right(srz99311015)
pos, 0.26569465657955116, right(srz246186712350)
pos, 0.20741489118092746, right(srz99311011365)
pos, 0.1872108373518019, right(srz965949210466)
pos, 0.24364176356732303, right(srz96566171182)
pos, 0.26569465657955116, right(srz9659492607)
pos, 0.20741489118092746, right(srz274095915116)
pos, 0.26569465657955116, right(srz44248272703)
pos, 0.20741489118092746, right(srz193065308)
pos, 0.20741489118092746, right(srz274095912097)
pos, 0.26569465657955116, right(srz965949210072)
pos, 0.26569465657955116, right(srz274095913138)
pos, 0.26569465657955116, right(srz96566176297)
pos, 0.1872108373518019, right(srz99311014251)
pos, 0.1872108373518019, right(srz193064789)
pos, 0.1872108373518019, right(srz27409596107)
pos, 0.26569465657955116, right(srz24618677222)
pos, 0.26569465657955116, right(srz1930611353)
pos, 0.26978824010658575, right(srz99311019021)
pos, 0.17487980387577814, right(srz96594924991)
pos, 0.26569465657955116, right(srz24618676162)
pos, 0.1312754970724383, right(srz99311019911)
pos, 0.24364176356732303, right(srz96566177152)
pos, 0.26569465657955116, right(srz2461867800)
pos, 0.26978824010658575, right(srz246186714179)
pos, 0.26569465657955116, right(srz27409597624)
pos, 0.26569465657955116, right(srz8029721773)
pos, 0.1872108373518019, right(srz965661713049)
pos, 0.26569465657955116, right(srz993110181)
pos, 0.26569465657955116, right(srz2461867810)
pos, 0.12788281295511936, right(srz96594929537)
pos, 0.17487980387577814, right(srz193064772)
pos, 0.17487980387577814, right(srz96594924987)
pos, 0.1312754970724383, right(srz44248275902)
pos, 0.24364176356732303, right(srz96594928184)
pos, 0.18485684970456687, right(srz965949211484)
pos, 0.20741489118092746, right(srz44248272549)
pos, 0.26569465657955116, right(srz8029721199)
pos, 0.2252026121146009, right(srz96594926382)
pos, 0.20741489118092746, right(srz27409596286)
pos, 0.1872108373518019, right(srz246186715384)
pos, 0.1872108373518019, right(srz246186716738)
pos, 0.26569465657955116, right(srz27409594266)
pos, 0.26569465657955116, right(srz965661715567)
pos, 0.17487980387577814, right(srz27409592291)
pos, 0.20741489118092746, right(srz246186710973)
pos, 0.26569465657955116, right(srz24618679814)
pos, 0.14158514118650908, right(srz99311014102)
pos, 0.1872108373518019, right(srz27409598244)
pos, 0.18485684970456687, right(srz274095912876)
pos, 0.1872108373518019, right(srz24618674886)
pos, 0.20741489118092746, right(srz274095914150)
pos, 0.20741489118092746, right(srz24618671567)
pos, 0.1872108373518019, right(srz993110110952)
pos, 0.24364176356732303, right(srz96594925776)
pos, 0.26978824010658575, right(srz2461867198)
pos, 0.17487980387577814, right(srz96594921050)
pos, 0.26569465657955116, right(srz246186710286)
pos, 0.20741489118092746, right(srz24618673042)
pos, 0.18485684970456687, right(srz96566177523)
pos, 0.26569465657955116, right(srz27409594252)
pos, 0.20741489118092746, right(srz24618676381)
pos, 0.20741489118092746, right(srz27409591962)
pos, 0.13284978350377796, right(srz27409593221)
pos, 0.26569465657955116, right(srz24618672533)
pos, 0.26569465657955116, right(srz965661710824)
pos, 0.26569465657955116, right(srz246186712198)
pos, 0.20741489118092746, right(srz246186715130)
pos, 0.13284978350377796, right(srz24618673008)
pos, 0.20741489118092746, right(srz44230447227)
pos, 0.26978824010658575, right(srz44230444582)
pos, 0.20741489118092746, right(srz802972453)
pos, 0.1872108373518019, right(srz193062975)
pos, 0.26978824010658575, right(srz96566174214)
pos, 0.26569465657955116, right(srz24618676164)
pos, 0.24364176356732303, right(srz96566171188)
pos, 0.26569465657955116, right(srz27409593574)
pos, 0.20741489118092746, right(srz27409597041)
pos, 0.26569465657955116, right(srz965661714745)
pos, 0.1872108373518019, right(srz24618677096)
pos, 0.26569465657955116, right(srz96566176958)
pos, 0.2252026121146009, right(srz24618676187)
pos, 0.1872108373518019, right(srz965661713046)
pos, 0.20741489118092746, right(srz4424827143)
pos, 0.26569465657955116, right(srz99311013587)
pos, 0.26569465657955116, right(srz193064643)
pos, 0.20741489118092746, right(srz246186715016)
pos, 0.1312754970724383, right(srz99311017127)
pos, 0.2252026121146009, right(srz246186710245)
pos, 0.17487980387577814, right(srz96594927242)
pos, 0.20741489118092746, right(srz27409592643)
pos, 0.14158514118650908, right(srz193067594)
pos, 0.1872108373518019, right(srz274095914313)
pos, 0.1872108373518019, right(srz246186714557)
pos, 0.1872108373518019, right(srz99311015343)
pos, 0.26978824010658575, right(srz96566176792)
pos, 0.26569465657955116, right(srz80297210787)
pos, 0.20741489118092746, right(srz24618673855)
pos, 0.26569465657955116, right(srz24618679018)
pos, 0.20741489118092746, right(srz96594922356)
pos, 0.26569465657955116, right(srz2740959779)
pos, 0.20741489118092746, right(srz274095916674)
pos, 0.20741489118092746, right(srz24618675083)
pos, 0.1312754970724383, right(srz99311017121)
pos, 0.1872108373518019, right(srz24618674897)
pos, 0.18485684970456687, right(srz99311015396)
pos, 0.18485684970456687, right(srz96566179251)
pos, 0.20741489118092746, right(srz193063791)
pos, 0.26569465657955116, right(srz246186712768)
pos, 0.2252026121146009, right(srz24618674009)
pos, 0.26569465657955116, right(srz965661715555)
pos, 0.18485684970456687, right(srz96594928992)
pos, 0.18485684970456687, right(srz27409596547)
pos, 0.26569465657955116, right(srz96566176338)
pos, 0.24364176356732303, right(srz246186710454)
pos, 0.26569465657955116, right(srz27409592758)
pos, 0.1872108373518019, right(srz96594924761)
pos, 0.26569465657955116, right(srz27409593582)
pos, 0.1872108373518019, right(srz24618678402)
pos, 0.20741489118092746, right(srz27409598618)
pos, 0.20741489118092746, right(srz44230447198)
pos, 0.1872108373518019, right(srz44230445301)
pos, 0.20741489118092746, right(srz246186713449)
pos, 0.1872108373518019, right(srz8029727316)
pos, 0.18485684970456687, right(srz193065762)
pos, 0.1872108373518019, right(srz24618677825)
pos, 0.26569465657955116, right(srz246186712331)
pos, 0.26569465657955116, right(srz274095914173)
pos, 0.1872108373518019, right(srz96566179397)
pos, 0.24364176356732303, right(srz96566171187)
pos, 0.26569465657955116, right(srz24618672074)
pos, 0.18485684970456687, right(srz965661713682)
pos, 0.26569465657955116, right(srz99311012928)
pos, 0.17487980387577814, right(srz193068638)
pos, 0.1872108373518019, right(srz274095911618)
pos, 0.20741489118092746, right(srz274095916402)
pos, 0.26569465657955116, right(srz24618675557)
pos, 0.2252026121146009, right(srz96594925168)
pos, 0.20741489118092746, right(srz27409595527)
pos, 0.26978824010658575, right(srz44230442979)
pos, 0.20741489118092746, right(srz2740959590)
pos, 0.2252026121146009, right(srz24618676184)
pos, 0.26569465657955116, right(srz24618672154)
pos, 0.26569465657955116, right(srz27409594227)
pos, 0.20741489118092746, right(srz274095916860)
pos, 0.1872108373518019, right(srz27409594942)
pos, 0.26569465657955116, right(srz27409594231)
pos, 0.26569465657955116, right(srz96566176723)
pos, 0.20741489118092746, right(srz99311014487)
pos, 0.26569465657955116, right(srz274095915795)
pos, 0.26569465657955116, right(srz246186712215)
pos, 0.20741489118092746, right(srz24618673179)
pos, 0.20741489118092746, right(srz99311014007)
pos, 0.20741489118092746, right(srz96566178035)
pos, 0.20741489118092746, right(srz99311017251)
pos, 0.20741489118092746, right(srz99311015337)
pos, 0.13284978350377796, right(srz27409597484)
pos, 0.26569465657955116, right(srz96566172679)
pos, 0.2252026121146009, right(srz246186710300)
pos, 0.26569465657955116, right(srz274095911934)
pos, 0.26569465657955116, right(srz96594923107)
pos, 0.26569465657955116, right(srz96566175378)
pos, 0.26569465657955116, right(srz8029721767)
pos, 0.26569465657955116, right(srz246186712355)
pos, 0.1872108373518019, right(srz802972817)
pos, 0.26569465657955116, right(srz965661714731)
pos, 0.26569465657955116, right(srz965661710803)
pos, 0.26569465657955116, right(srz274095915798)
pos, 0.1872108373518019, right(srz965949210298)
pos, 0.1872108373518019, right(srz8029727315)
pos, 0.24364176356732303, right(srz193068869)
pos, 0.20741489118092746, right(srz24618673236)
pos, 0.24364176356732303, right(srz965661713381)
pos, 0.20741489118092746, right(srz27409592530)
pos, 0.26569465657955116, right(srz193068128)
pos, 0.20741489118092746, right(srz274095914505)
pos, 0.26569465657955116, right(srz27409598451)
pos, 0.24364176356732303, right(srz274095911916)
pos, 0.20741489118092746, right(srz24618676465)
pos, 0.1872108373518019, right(srz24618677155)
pos, 0.1872108373518019, right(srz99311018377)
pos, 0.1872108373518019, right(srz246186715740)
pos, 0.26569465657955116, right(srz274095915379)
pos, 0.1312754970724383, right(srz193068782)
pos, 0.26569465657955116, right(srz4423044152)
pos, 0.20741489118092746, right(srz99311019051)
pos, 0.17487980387577814, right(srz96594926306)
pos, 0.20741489118092746, right(srz24618675078)
pos, 0.1872108373518019, right(srz96566179977)
pos, 0.26569465657955116, right(srz9659492941)
pos, 0.20741489118092746, right(srz993110110730)
pos, 0.20741489118092746, right(srz2461867742)
pos, 0.1872108373518019, right(srz27409598257)
pos, 0.20741489118092746, right(srz99311019053)
pos, 0.1872108373518019, right(srz96594925120)
pos, 0.20741489118092746, right(srz27409597497)
pos, 0.1872108373518019, right(srz27409598309)
pos, 0.20741489118092746, right(srz24618673869)
pos, 0.26569465657955116, right(srz96594923131)
pos, 0.20741489118092746, right(srz24618677687)
pos, 0.20741489118092746, right(srz99311012467)
pos, 0.2252026121146009, right(srz965949210652)
pos, 0.1872108373518019, right(srz24618675367)
pos, 0.18485684970456687, right(srz246186711155)
pos, 0.24364176356732303, right(srz193061274)
pos, 0.1872108373518019, right(srz993110110960)
pos, 0.13284978350377796, right(srz96594923280)
pos, 0.26569465657955116, right(srz193063374)
pos, 0.20741489118092746, right(srz24618673238)
pos, 0.1872108373518019, right(srz965661713047)
pos, 0.20741489118092746, right(srz24618677060)
pos, 0.18485684970456687, right(srz246186712509)
pos, 0.18485684970456687, right(srz99311017009)
pos, 0.1312754970724383, right(srz99311017126)
pos, 0.26569465657955116, right(srz2740959791)
pos, 0.26978824010658575, right(srz96566176799)
pos, 0.1872108373518019, right(srz1930611297)
pos, 0.20741489118092746, right(srz993110112063)
pos, 0.18485684970456687, right(srz1930611058)
pos, 0.1872108373518019, right(srz246186710378)
pos, 0.20741489118092746, right(srz27409597779)
pos, 0.26569465657955116, right(srz24618673999)
pos, 0.20741489118092746, right(srz27409597538)
pos, 0.20741489118092746, right(srz96566177163)
pos, 0.18485684970456687, right(srz96566176524)
pos, 0.20741489118092746, right(srz24618678180)
pos, 0.26569465657955116, right(srz274095915793)
pos, 0.20741489118092746, right(srz96594926857)
pos, 0.20741489118092746, right(srz246186711537)
pos, 0.26569465657955116, right(srz96566179422)
pos, 0.26569465657955116, right(srz96566176732)
pos, 0.26569465657955116, right(srz96566176706)
pos, 0.20741489118092746, right(srz27409599373)
pos, 0.1872108373518019, right(srz965661715191)
pos, 0.26569465657955116, right(srz8029729857)
pos, 0.26569465657955116, right(srz96594924747)
pos, 0.20741489118092746, right(srz1930611492)
pos, 0.20741489118092746, right(srz24618677708)
pos, 0.24364176356732303, right(srz193068118)
pos, 0.14158514118650908, right(srz96594923251)
pos, 0.20741489118092746, right(srz4423044632)
pos, 0.20741489118092746, right(srz27409597702)
pos, 0.1872108373518019, right(srz24618678723)
pos, 0.17487980387577814, right(srz96594924988)
pos, 0.20741489118092746, right(srz24618671920)
pos, 0.24939322129195243, right(srz96594921766)
pos, 0.1872108373518019, right(srz274095915556)
pos, 0.17487980387577814, right(srz99311012475)
pos, 0.1312754970724383, right(srz1930610212)
pos, 0.2252026121146009, right(srz24618672156)
pos, 0.26569465657955116, right(srz246186715672)
pos, 0.20741489118092746, right(srz193062262)
pos, 0.18485684970456687, right(srz96566173393)
pos, 0.1872108373518019, right(srz96566171333)
pos, 0.1872108373518019, right(srz193062078)
pos, 0.13284978350377796, right(srz24618677937)
pos, 0.26569465657955116, right(srz246186712190)
pos, 0.26978824010658575, right(srz27409594219)
pos, 0.24364176356732303, right(srz274095911905)
pos, 0.20741489118092746, right(srz193065732)
pos, 0.24364176356732303, right(srz99311013601)
pos, 0.18485684970456687, right(srz44248272990)
pos, 0.13284978350377796, right(srz27409592935)
pos, 0.2252026121146009, right(srz274095912095)
pos, 0.26569465657955116, right(srz24618672151)
pos, 0.24364176356732303, right(srz99311015423)
pos, 0.20741489118092746, right(srz8029726771)
pos, 0.20741489118092746, right(srz27409591921)
pos, 0.20741489118092746, right(srz246186711076)
pos, 0.1872108373518019, right(srz24618678249)
pos, 0.20741489118092746, right(srz99311019052)
pos, 0.26569465657955116, right(srz24618677217)
pos, 0.24364176356732303, right(srz44248276417)
pos, 0.18485684970456687, right(srz96594923532)
pos, 0.20741489118092746, right(srz1930610174)
pos, 0.26569465657955116, right(srz274095915893)
pos, 0.26569465657955116, right(srz193068129)
pos, 0.1872108373518019, right(srz9656617129)
pos, 0.18511330982967572, right(srz965949211229)
pos, 0.20741489118092746, right(srz2461867741)
pos, 0.14158514118650908, right(srz99311014094)
pos, 0.26569465657955116, right(srz2461867827)
pos, 0.1312754970724383, right(srz9659492175)
pos, 0.26978824010658575, right(srz8029721752)
pos, 0.20741489118092746, right(srz24618673068)
pos, 0.24939322129195243, right(srz965661711525)
pos, 0.26569465657955116, right(srz274095915364)
pos, 0.26569465657955116, right(srz99311015421)
pos, 0.1872108373518019, right(srz993110110950)
pos, 0.20741489118092746, right(srz1930610168)
pos, 0.26569465657955116, right(srz96594922160)
pos, 0.26569465657955116, right(srz27409592785)
pos, 0.26569465657955116, right(srz965949214127)
pos, 0.26569465657955116, right(srz246186712213)
pos, 0.20741489118092746, right(srz99311017521)
pos, 0.1872108373518019, right(srz274095916440)
pos, 0.1312754970724383, right(srz1930612130)
pos, 0.26569465657955116, right(srz24618674514)
pos, 0.20741489118092746, right(srz24618671539)
pos, 0.26569465657955116, right(srz27409595345)
pos, 0.24939322129195243, right(srz96594921758)
pos, 0.26569465657955116, right(srz24618677206)
pos, 0.20741489118092746, right(srz27409592217)
pos, 0.1312754970724383, right(srz1930612129)
pos, 0.1872108373518019, right(srz99311014249)
pos, 0.1872108373518019, right(srz965661713555)
pos, 0.1872108373518019, right(srz193066580)
pos, 0.26569465657955116, right(srz8029721771)
pos, 0.26569465657955116, right(srz27409595324)
pos, 0.26978824010658575, right(srz246186716577)
pos, 0.20741489118092746, right(srz246186716729)
pos, 0.15013817616499373, right(srz4423044612)
pos, 0.24939322129195243, right(srz44248271338)
pos, 0.20741489118092746, right(srz96594925886)
pos, 0.20741489118092746, right(srz274095910830)
pos, 0.1872108373518019, right(srz246186714044)
pos, 0.26569465657955116, right(srz99311013563)
pos, 0.1872108373518019, right(srz965661714980)
pos, 0.1872108373518019, right(srz246186712503)
pos, 0.1312754970724383, right(srz8029724095)
pos, 0.20741489118092746, right(srz24618678538)
pos, 0.24364176356732303, right(srz274095911911)
pos, 0.26569465657955116, right(srz44248273184)
pos, 0.26569465657955116, right(srz965949214115)
pos, 0.20741489118092746, right(srz24618675063)
pos, 0.26569465657955116, right(srz24618674523)
pos, 0.20741489118092746, right(srz246186713797)
pos, 0.18485684970456687, right(srz96594923538)
pos, 0.20741489118092746, right(srz24618676297)
pos, 0.18485684970456687, right(srz99311013927)
pos, 0.26569465657955116, right(srz27409592765)
pos, 0.18485684970456687, right(srz99311015828)
pos, 0.1872108373518019, right(srz27409598350)
pos, 0.20741489118092746, right(srz274095916852)
pos, 0.13284978350377796, right(srz27409597482)
pos, 0.24364176356732303, right(srz96566171181)
pos, 0.1872108373518019, right(srz27409596127)
pos, 0.1872108373518019, right(srz965661710975)
pos, 0.18485684970456687, right(srz96566173410)
pos, 0.26569465657955116, right(srz24618675317)
pos, 0.1872108373518019, right(srz993110110953)
pos, 0.1872108373518019, right(srz24618678241)
pos, 0.20741489118092746, right(srz246186715214)
pos, 0.26569465657955116, right(srz96594924570)
pos, 0.26978824010658575, right(srz2461867178)
pos, 0.26569465657955116, right(srz1930611354)
pos, 0.1872108373518019, right(srz965949210085)
pos, 0.1872108373518019, right(srz246186715233)
pos, 0.24939322129195243, right(srz9931101495)
pos, 0.26569465657955116, right(srz2740959939)
pos, 0.18485684970456687, right(srz193065759)
pos, 0.20741489118092746, right(srz24618679719)
pos, 0.20741489118092746, right(srz965661714862)
pos, 0.1872108373518019, right(srz24618674628)
pos, 0.2252026121146009, right(srz24618679027)
pos, 0.26569465657955116, right(srz246186712770)
pos, 0.12788281295511936, right(srz993110111738)
pos, 0.1312754970724383, right(srz246186712813)
pos, 0.20741489118092746, right(srz274095917320)
pos, 0.20741489118092746, right(srz24618671729)
pos, 0.18485684970456687, right(srz96566178283)
pos, 0.20741489118092746, right(srz802972458)
pos, 0.26569465657955116, right(srz193064641)
pos, 0.26569465657955116, right(srz24618679806)
pos, 0.20741489118092746, right(srz96594925665)
pos, 0.24364176356732303, right(srz246186715716)
pos, 0.2252026121146009, right(srz965949210657)
pos, 0.24939322129195243, right(srz965661714955)
pos, 0.26569465657955116, right(srz27409594243)
pos, 0.26978824010658575, right(srz2461867173)
pos, 0.26569465657955116, right(srz2740959969)
pos, 0.20741489118092746, right(srz274095912724)
pos, 0.20741489118092746, right(srz193062255)
pos, 0.26978824010658575, right(srz96594923728)
pos, 0.26569465657955116, right(srz24618676871)
pos, 0.20741489118092746, right(srz965661715158)
pos, 0.20741489118092746, right(srz246186711095)
pos, 0.26569465657955116, right(srz96594926362)
pos, 0.20741489118092746, right(srz965661710303)
pos, 0.26569465657955116, right(srz274095915237)
pos, 0.26569465657955116, right(srz99311017852)
pos, 0.26569465657955116, right(srz2740959938)
pos, 0.26569465657955116, right(srz9659492605)
pos, 0.26569465657955116, right(srz27409595620)
pos, 0.26569465657955116, right(srz246186710965)
pos, 0.1872108373518019, right(srz96566171348)
pos, 0.26569465657955116, right(srz9659492639)
pos, 0.26569465657955116, right(srz24618674556)
pos, 0.26569465657955116, right(srz274095911951)
pos, 0.26569465657955116, right(srz1930610096)
pos, 0.18511330982967572, right(srz193064453)
pos, 0.1872108373518019, right(srz246186716765)
pos, 0.1312754970724383, right(srz246186710271)
pos, 0.1872108373518019, right(srz1930611442)
pos, 0.18485684970456687, right(srz965949211474)
pos, 0.1872108373518019, right(srz27409594913)
pos, 0.26569465657955116, right(srz44248273178)
pos, 0.18485684970456687, right(srz965949212275)
pos, 0.20741489118092746, right(srz274095910052)
pos, 0.20741489118092746, right(srz9656617868)
pos, 0.1872108373518019, right(srz96594925123)
pos, 0.18485684970456687, right(srz44248272989)
pos, 0.18485684970456687, right(srz274095910280)
pos, 0.20741489118092746, right(srz993110111921)
pos, 0.26569465657955116, right(srz96594924751)
pos, 0.26569465657955116, right(srz9659492571)
pos, 0.18485684970456687, right(srz965661756)
pos, 0.18485684970456687, right(srz96594927331)
pos, 0.18485684970456687, right(srz246186712513)
pos, 0.26569465657955116, right(srz44248273756)
pos, 0.26569465657955116, right(srz9659492535)
pos, 0.26569465657955116, right(srz802972233)
pos, 0.20741489118092746, right(srz80297210521)
pos, 0.1312754970724383, right(srz193067479)
pos, 0.20741489118092746, right(srz24618675057)
pos, 0.20741489118092746, right(srz24618677811)
pos, 0.20741489118092746, right(srz246186713514)
pos, 0.26569465657955116, right(srz96594923808)
pos, 0.26569465657955116, right(srz24618676857)
pos, 0.20741489118092746, right(srz96594922367)
pos, 0.1872108373518019, right(srz965661715181)
pos, 0.26569465657955116, right(srz27409594233)
pos, 0.1872108373518019, right(srz24618676635)
pos, 0.24364176356732303, right(srz96566177150)
pos, 0.24364176356732303, right(srz193061272)
pos, 0.26569465657955116, right(srz27409598472)
pos, 0.24364176356732303, right(srz274095911906)
pos, 0.13284978350377796, right(srz96566176596)
pos, 0.26569465657955116, right(srz246186710204)
pos, 0.26569465657955116, right(srz965661715300)
pos, 0.20741489118092746, right(srz193065740)
pos, 0.20741489118092746, right(srz274095910734)
pos, 0.26569465657955116, right(srz27409595023)
pos, 0.1872108373518019, right(srz27409594947)
pos, 0.18485684970456687, right(srz96594928988)
pos, 0.20741489118092746, right(srz993110110288)
pos, 0.20741489118092746, right(srz246186715032)
pos, 0.26569465657955116, right(srz2461867817)
pos, 0.18511330982967572, right(srz44230441244)
pos, 0.1872108373518019, right(srz24618677083)
pos, 0.26569465657955116, right(srz24618679819)
pos, 0.26569465657955116, right(srz96594926353)
pos, 0.1872108373518019, right(srz96566174647)
pos, 0.26978824010658575, right(srz2461867177)
pos, 0.26978824010658575, right(srz2740959170)
pos, 0.26569465657955116, right(srz24618672108)
pos, 0.20741489118092746, right(srz24618671734)
pos, 0.1872108373518019, right(srz96566179972)
pos, 0.26569465657955116, right(srz96566176747)
pos, 0.1872108373518019, right(srz274095917055)
pos, 0.26569465657955116, right(srz44230448413)
pos, 0.18485684970456687, right(srz8029723578)
pos, 0.12788281295511936, right(srz27409597687)
pos, 0.1872108373518019, right(srz24618678722)
pos, 0.1872108373518019, right(srz246186714045)
pos, 0.26569465657955116, right(srz96566172576)
pos, 0.26569465657955116, right(srz9659492619)
pos, 0.26978824010658575, right(srz96594928934)
pos, 0.17487980387577814, right(srz8029727259)
pos, 0.26978824010658575, right(srz246186716573)
pos, 0.20741489118092746, right(srz99311018302)
pos, 0.20741489118092746, right(srz24618675062)
pos, 0.18485684970456687, right(srz99311013935)
pos, 0.1872108373518019, right(srz8029722439)
pos, 0.24939322129195243, right(srz44230443113)
pos, 0.18485684970456687, right(srz96594921954)
pos, 0.1312754970724383, right(srz246186710374)
pos, 0.18485684970456687, right(srz8029723571)
pos, 0.24364176356732303, right(srz274095913455)
pos, 0.26978824010658575, right(srz246186716568)
pos, 0.26569465657955116, right(srz27409597634)
pos, 0.26569465657955116, right(srz274095915820)
pos, 0.1872108373518019, right(srz96566171332)
pos, 0.1284615400382881, right(srz24618679110)
pos, 0.26569465657955116, right(srz274095915825)
pos, 0.20741489118092746, right(srz4423044655)
pos, 0.1872108373518019, right(srz965949211698)
pos, 0.12788281295511936, right(srz1930610089)
pos, 0.18485684970456687, right(srz44230445276)
pos, 0.20741489118092746, right(srz27409592653)
pos, 0.1872108373518019, right(srz246186714569)
pos, 0.26569465657955116, right(srz27409593584)
pos, 0.1872108373518019, right(srz44230445299)
pos, 0.2252026121146009, right(srz246186716295)
pos, 0.20741489118092746, right(srz24618677056)
pos, 0.26569465657955116, right(srz246186711402)
pos, 0.18485684970456687, right(srz96566178541)
pos, 0.17487980387577814, right(srz24618675097)
pos, 0.26569465657955116, right(srz246186713933)
pos, 0.26569465657955116, right(srz193069763)
pos, 0.20741489118092746, right(srz193068353)
pos, 0.26569465657955116, right(srz802972236)
pos, 0.20741489118092746, right(srz274095910739)
pos, 0.1872108373518019, right(srz8029729632)
pos, 0.26569465657955116, right(srz965661710809)
pos, 0.18485684970456687, right(srz193064816)
pos, 0.1872108373518019, right(srz246186714573)
pos, 0.20741489118092746, right(srz99311017249)
pos, 0.26569465657955116, right(srz24618677229)
pos, 0.20741489118092746, right(srz96594925055)
pos, 0.20741489118092746, right(srz27409597531)
pos, 0.26569465657955116, right(srz96594924585)
pos, 0.18485684970456687, right(srz99311015620)
pos, 0.26569465657955116, right(srz99311013557)
pos, 0.26569465657955116, right(srz96594923117)
pos, 0.20741489118092746, right(srz96594925661)
pos, 0.20741489118092746, right(srz965661715530)
pos, 0.1872108373518019, right(srz8029727312)
pos, 0.20741489118092746, right(srz1930610925)
pos, 0.1872108373518019, right(srz24618676645)
pos, 0.26569465657955116, right(srz99311013318)
pos, 0.20741489118092746, right(srz2740959379)
pos, 0.20741489118092746, right(srz44230441856)
pos, 0.20741489118092746, right(srz274095910856)
pos, 0.20741489118092746, right(srz965949240)
pos, 0.26569465657955116, right(srz4424827251)
pos, 0.26569465657955116, right(srz246186712769)
pos, 0.26978824010658575, right(srz2740959164)
pos, 0.1312754970724383, right(srz99311012381)
pos, 0.20741489118092746, right(srz27409598601)
pos, 0.26569465657955116, right(srz96566176326)
pos, 0.20741489118092746, right(srz96566175605)
pos, 0.20741489118092746, right(srz24618678187)
pos, 0.1872108373518019, right(srz96566171326)
pos, 0.26569465657955116, right(srz44248274826)
pos, 0.24364176356732303, right(srz193061837)
pos, 0.26569465657955116, right(srz96566179706)
pos, 0.26569465657955116, right(srz96594923144)
pos, 0.20741489118092746, right(srz193062963)
pos, 0.26569465657955116, right(srz24618672560)
pos, 0.24364176356732303, right(srz96566178638)
pos, 0.26569465657955116, right(srz4423044161)
pos, 0.20741489118092746, right(srz99311014379)
pos, 0.17487980387577814, right(srz9931101121)
pos, 0.1872108373518019, right(srz44248273863)
pos, 0.1872108373518019, right(srz99311012930)
pos, 0.26569465657955116, right(srz193069762)
pos, 0.26569465657955116, right(srz246186712337)
pos, 0.20741489118092746, right(srz24618676299)
pos, 0.24364176356732303, right(srz274095911919)
pos, 0.26569465657955116, right(srz246186712353)
pos, 0.20741489118092746, right(srz274095910844)
pos, 0.26569465657955116, right(srz96566175381)
pos, 0.20741489118092746, right(srz27409599383)
pos, 0.26569465657955116, right(srz246186712771)
pos, 0.20741489118092746, right(srz965949235)
pos, 0.26569465657955116, right(srz27409598914)
pos, 0.20741489118092746, right(srz965949211347)
pos, 0.1872108373518019, right(srz24618676652)
pos, 0.20741489118092746, right(srz27409592532)
pos, 0.1872108373518019, right(srz96566178113)
pos, 0.14158514118650908, right(srz44248273662)
pos, 0.26569465657955116, right(srz24618676178)
pos, 0.26569465657955116, right(srz27409594226)
pos, 0.26569465657955116, right(srz993110183)
pos, 0.20741489118092746, right(srz2740959308)
pos, 0.26569465657955116, right(srz24618675313)
pos, 0.26569465657955116, right(srz96566179415)
pos, 0.20741489118092746, right(srz274095911441)
pos, 0.18485684970456687, right(srz4423044656)
pos, 0.1872108373518019, right(srz246186714563)
pos, 0.26978824010658575, right(srz27409594200)
pos, 0.18485684970456687, right(srz193067589)
pos, 0.18511330982967572, right(srz965949211246)
pos, 0.1872108373518019, right(srz24618674908)
pos, 0.20741489118092746, right(srz246186713424)
pos, 0.20741489118092746, right(srz24618671732)
pos, 0.17487980387577814, right(srz27409593332)
pos, 0.1284615400382881, right(srz8029724923)
pos, 0.20741489118092746, right(srz274095910151)
pos, 0.26569465657955116, right(srz274095915365)
pos, 0.26569465657955116, right(srz965661710829)
pos, 0.1872108373518019, right(srz96566172206)
pos, 0.2252026121146009, right(srz24618675325)
pos, 0.20741489118092746, right(srz96566178112)
pos, 0.24939322129195243, right(srz965661711526)
pos, 0.20741489118092746, right(srz80297210516)
pos, 0.24364176356732303, right(srz274095913432)
pos, 0.17487980387577814, right(srz8029723535)
pos, 0.1872108373518019, right(srz274095914310)
pos, 0.1872108373518019, right(srz246186713545)
pos, 0.13284978350377796, right(srz96566176595)
pos, 0.26569465657955116, right(srz96566171149)
pos, 0.1872108373518019, right(srz274095915776)
pos, 0.20741489118092746, right(srz274095910842)
pos, 0.24364176356732303, right(srz246186710461)
pos, 0.20741489118092746, right(srz27409596239)
pos, 0.1872108373518019, right(srz24618677079)
pos, 0.1872108373518019, right(srz96566179608)
pos, 0.18485684970456687, right(srz27409596558)
pos, 0.26978824010658575, right(srz2740959192)
pos, 0.20741489118092746, right(srz2740959608)
pos, 0.20741489118092746, right(srz44230447194)
pos, 0.26569465657955116, right(srz27409597611)
pos, 0.1872108373518019, right(srz274095913461)
pos, 0.26569465657955116, right(srz2740959794)
pos, 0.20741489118092746, right(srz965661714527)
pos, 0.26569465657955116, right(srz9659492916)
pos, 0.26569465657955116, right(srz96566175372)
pos, 0.20741489118092746, right(srz8029726770)
pos, 0.26569465657955116, right(srz27409592786)
pos, 0.26978824010658575, right(srz9931101509)
pos, 0.26569465657955116, right(srz24618672549)
pos, 0.20741489118092746, right(srz24618677917)
pos, 0.1872108373518019, right(srz24618674914)
pos, 0.18485684970456687, right(srz246186711142)
pos, 0.1872108373518019, right(srz193062139)
pos, 0.26569465657955116, right(srz193068131)
pos, 0.1872108373518019, right(srz274095917054)
pos, 0.20741489118092746, right(srz27409598860)
pos, 0.26569465657955116, right(srz274095914191)
pos, 0.17487980387577814, right(srz965661712991)
pos, 0.26569465657955116, right(srz965949210068)
pos, 0.26569465657955116, right(srz246186714211)
pos, 0.17487980387577814, right(srz274095917045)
pos, 0.20741489118092746, right(srz246186715022)
pos, 0.26569465657955116, right(srz274095915368)
pos, 0.26569465657955116, right(srz96594927465)
pos, 0.20741489118092746, right(srz24618678197)
pos, 0.26569465657955116, right(srz274095915258)
pos, 0.26569465657955116, right(srz96566176800)
pos, 0.1284615400382881, right(srz24618679114)
pos, 0.1872108373518019, right(srz246186715742)
pos, 0.1872108373518019, right(srz246186714020)
pos, 0.26569465657955116, right(srz8029721194)
pos, 0.20741489118092746, right(srz24618676479)
pos, 0.26569465657955116, right(srz274095915813)
pos, 0.18485684970456687, right(srz96566177542)
pos, 0.1872108373518019, right(srz9659492794)
pos, 0.20741489118092746, right(srz965661714525)
pos, 0.1872108373518019, right(srz274095912831)
pos, 0.1872108373518019, right(srz96594924773)
pos, 0.1872108373518019, right(srz24618677086)
pos, 0.20741489118092746, right(srz27409591961)
pos, 0.26569465657955116, right(srz27409597612)
pos, 0.26569465657955116, right(srz24618671516)
pos, 0.26569465657955116, right(srz24618672090)
pos, 0.26569465657955116, right(srz193063355)
pos, 0.24364176356732303, right(srz96566171200)
pos, 0.26569465657955116, right(srz8029721756)
pos, 0.26569465657955116, right(srz2740959786)
pos, 0.18485684970456687, right(srz96566177533)
pos, 0.26569465657955116, right(srz27409598925)
pos, 0.26569465657955116, right(srz193068863)
pos, 0.26569465657955116, right(srz24618675574)
pos, 0.26569465657955116, right(srz2740959782)
pos, 0.1872108373518019, right(srz965661713044)
pos, 0.26569465657955116, right(srz965949214123)
pos, 0.1872108373518019, right(srz246186714019)
pos, 0.20741489118092746, right(srz27409597558)
pos, 0.1872108373518019, right(srz246186714053)
pos, 0.26569465657955116, right(srz24618672553)
pos, 0.26569465657955116, right(srz965661711571)
pos, 0.20741489118092746, right(srz965661715600)
pos, 0.1872108373518019, right(srz246186712846)
pos, 0.26569465657955116, right(srz246186711406)
pos, 0.26978824010658575, right(srz96566173839)
pos, 0.24939322129195243, right(srz193068109)
pos, 0.20741489118092746, right(srz24618673018)
pos, 0.18485684970456687, right(srz965949212321)
pos, 0.1312754970724383, right(srz96594923711)
pos, 0.20741489118092746, right(srz965949214014)
pos, 0.1872108373518019, right(srz27409597991)
pos, 0.26569465657955116, right(srz9659492589)
pos, 0.1872108373518019, right(srz44230443650)
pos, 0.18511330982967572, right(srz274095912874)
pos, 0.26569465657955116, right(srz24618679019)
pos, 0.2252026121146009, right(srz246186712358)
pos, 0.26569465657955116, right(srz96566175362)
pos, 0.2252026121146009, right(srz2461867840)
pos, 0.1872108373518019, right(srz193062076)
pos, 0.24364176356732303, right(srz193068115)
pos, 0.26569465657955116, right(srz24618677214)
pos, 0.20741489118092746, right(srz274095910858)
pos, 0.20741489118092746, right(srz96594926853)
pos, 0.20741489118092746, right(srz27409595496)
pos, 0.18485684970456687, right(srz965949212486)
pos, 0.2252026121146009, right(srz246186710249)
pos, 0.24939322129195243, right(srz8029723449)
pos, 0.1872108373518019, right(srz993110110494)
pos, 0.1872108373518019, right(srz24618678766)
pos, 0.24364176356732303, right(srz274095913434)
pos, 0.26569465657955116, right(srz24618676153)
pos, 0.26569465657955116, right(srz27409592749)
pos, 0.1872108373518019, right(srz246186712663)
pos, 0.26569465657955116, right(srz96566179705)
pos, 0.20741489118092746, right(srz965949211349)
pos, 0.26978824010658575, right(srz96594924600)
pos, 0.20741489118092746, right(srz246186710974)
pos, 0.26569465657955116, right(srz96566179710)
pos, 0.26569465657955116, right(srz274095914045)
pos, 0.15013817616499373, right(srz4423044615)
pos, 0.17487980387577814, right(srz965661710145)
pos, 0.18485684970456687, right(srz193062140)
pos, 0.26569465657955116, right(srz246186714195)
pos, 0.20741489118092746, right(srz96566171941)
pos, 0.26569465657955116, right(srz246186710291)
pos, 0.24364176356732303, right(srz193061840)
pos, 0.26978824010658575, right(srz274095910272)
pos, 0.26569465657955116, right(srz24618679817)
pos, 0.1872108373518019, right(srz24618675255)
pos, 0.2252026121146009, right(srz24618676881)
pos, 0.1872108373518019, right(srz27409598354)
pos, 0.17487980387577814, right(srz8029724919)
pos, 0.20741489118092746, right(srz993110112114)
pos, 0.26569465657955116, right(srz993110110090)
pos, 0.20741489118092746, right(srz27409592444)
pos, 0.26569465657955116, right(srz99311015891)
pos, 0.26569465657955116, right(srz274095915354)
pos, 0.18485684970456687, right(srz96566177531)
pos, 0.20741489118092746, right(srz44248277180)
pos, 0.1872108373518019, right(srz99311017590)
pos, 0.24939322129195243, right(srz193061826)
pos, 0.26569465657955116, right(srz1930610103)
pos, 0.26569465657955116, right(srz965661715307)
pos, 0.24364176356732303, right(srz274095911908)
pos, 0.20741489118092746, right(srz1930611358)
pos, 0.20741489118092746, right(srz2740959307)
pos, 0.26569465657955116, right(srz2740959765)
pos, 0.20741489118092746, right(srz96594925660)
pos, 0.1872108373518019, right(srz965949211373)
pos, 0.26569465657955116, right(srz24618671838)
pos, 0.1872108373518019, right(srz96594922186)
pos, 0.26569465657955116, right(srz965661710805)
pos, 0.26978824010658575, right(srz96566173853)
pos, 0.1872108373518019, right(srz96566177181)
pos, 0.24364176356732303, right(srz27409596592)
pos, 0.26978824010658575, right(srz246186716564)
pos, 0.26569465657955116, right(srz246186710238)
pos, 0.20741489118092746, right(srz993110112123)
pos, 0.26569465657955116, right(srz27409598466)
pos, 0.20741489118092746, right(srz246186712283)
pos, 0.1872108373518019, right(srz246186715407)
pos, 0.18511330982967572, right(srz274095912875)
pos, 0.26569465657955116, right(srz27409595026)
pos, 0.26978824010658575, right(srz27409594202)
pos, 0.26978824010658575, right(srz96594923720)
pos, 0.26569465657955116, right(srz2461867837)
pos, 0.17487980387577814, right(srz246186710093)
pos, 0.26978824010658575, right(srz2740959203)
pos, 0.20741489118092746, right(srz24618673065)
pos, 0.20741489118092746, right(srz274095912698)
pos, 0.26569465657955116, right(srz27409597638)
pos, 0.20741489118092746, right(srz27409591915)
pos, 0.18485684970456687, right(srz96594921948)
pos, 0.1872108373518019, right(srz96566177361)
pos, 0.26569465657955116, right(srz24618671503)
pos, 0.26569465657955116, right(srz9659492616)
pos, 0.24364176356732303, right(srz96566174222)
pos, 0.20741489118092746, right(srz193063792)
pos, 0.1872108373518019, right(srz965949213178)
pos, 0.2252026121146009, right(srz9659492626)
pos, 0.20741489118092746, right(srz2461867590)
pos, 0.24939322129195243, right(srz96594925743)
pos, 0.26569465657955116, right(srz96594923666)
pos, 0.20741489118092746, right(srz246186715211)
pos, 0.18485684970456687, right(srz27409593660)
pos, 0.1312754970724383, right(srz44230447254)
pos, 0.24364176356732303, right(srz9931101517)
pos, 0.20741489118092746, right(srz274095916729)
pos, 0.26569465657955116, right(srz96566176322)
pos, 0.1872108373518019, right(srz246186710254)
pos, 0.20741489118092746, right(srz993110111746)
pos, 0.26569465657955116, right(srz193068787)
pos, 0.18485684970456687, right(srz96566173407)
pos, 0.20741489118092746, right(srz24618679854)
pos, 0.20741489118092746, right(srz274095914147)
pos, 0.26569465657955116, right(srz99311018433)
pos, 0.20741489118092746, right(srz99311016842)
pos, 0.1872108373518019, right(srz24618674629)
pos, 0.26569465657955116, right(srz246186712782)
pos, 0.26569465657955116, right(srz99311015886)
pos, 0.26569465657955116, right(srz246186714193)
pos, 0.1872108373518019, right(srz246186712501)
pos, 0.26569465657955116, right(srz274095915787)
pos, 0.20741489118092746, right(srz193065303)
pos, 0.24939322129195243, right(srz965661711527)
pos, 0.26569465657955116, right(srz8029721192)
pos, 0.24364176356732303, right(srz4423044669)
pos, 0.26569465657955116, right(srz274095915369)
pos, 0.24364176356732303, right(srz24618678106)
pos, 0.20741489118092746, right(srz24618671430)
pos, 0.1872108373518019, right(srz96566179607)
pos, 0.1872108373518019, right(srz274095910370)
pos, 0.20741489118092746, right(srz24618671921)
pos, 0.26569465657955116, right(srz24618679771)
pos, 0.26569465657955116, right(srz8029724572)
pos, 0.20741489118092746, right(srz274095912700)
pos, 0.24364176356732303, right(srz4423044654)
pos, 0.18485684970456687, right(srz965949211669)
pos, 0.1872108373518019, right(srz1930611295)
pos, 0.18485684970456687, right(srz442304468)
pos, 0.26569465657955116, right(srz27409598935)
pos, 0.26569465657955116, right(srz27409594258)
pos, 0.26569465657955116, right(srz8029729859)
pos, 0.20741489118092746, right(srz96594922252)
pos, 0.26569465657955116, right(srz96566176961)
pos, 0.20741489118092746, right(srz27409598849)
pos, 0.20741489118092746, right(srz96566173917)
pos, 0.26978824010658575, right(srz193061271)
pos, 0.1872108373518019, right(srz27409594698)
pos, 0.26569465657955116, right(srz246186710294)
pos, 0.20741489118092746, right(srz24618677668)
pos, 0.1872108373518019, right(srz965661715177)
pos, 0.26569465657955116, right(srz24618672564)
pos, 0.26569465657955116, right(srz96594922159)
pos, 0.20741489118092746, right(srz965661715128)
pos, 0.26569465657955116, right(srz246186712784)
pos, 0.24364176356732303, right(srz274095913433)
pos, 0.20741489118092746, right(srz24618675079)
pos, 0.18485684970456687, right(srz1930610200)
pos, 0.24939322129195243, right(srz44248271342)
pos, 0.17487980387577814, right(srz27409595524)
pos, 0.26978824010658575, right(srz96566173847)
pos, 0.1872108373518019, right(srz27409598351)
pos, 0.26569465657955116, right(srz44230443920)
pos, 0.26569465657955116, right(srz965949214106)
pos, 0.20741489118092746, right(srz24618677669)
pos, 0.1312754970724383, right(srz274095911762)
pos, 0.26569465657955116, right(srz96566176739)
pos, 0.20741489118092746, right(srz99311017384)
pos, 0.26569465657955116, right(srz24618673960)
pos, 0.15013817616499373, right(srz965661716081)
pos, 0.24364176356732303, right(srz246186715717)
pos, 0.20741489118092746, right(srz27409592432)
pos, 0.20741489118092746, right(srz24618671735)
pos, 0.26978824010658575, right(srz27409593680)
pos, 0.20741489118092746, right(srz993110112118)
pos, 0.26978824010658575, right(srz44230447455)
pos, 0.20741489118092746, right(srz246186713425)
pos, 0.20741489118092746, right(srz2461867694)
pos, 0.24364176356732303, right(srz96566175841)
pos, 0.17487980387577814, right(srz24618678633)
pos, 0.20741489118092746, right(srz1930610000)
pos, 0.26569465657955116, right(srz2740959982)
pos, 0.26978824010658575, right(srz44248275905)
pos, 0.24364176356732303, right(srz99311013468)
pos, 0.1872108373518019, right(srz96566171306)
pos, 0.26569465657955116, right(srz44230442387)
pos, 0.1872108373518019, right(srz9656617133)
pos, 0.20741489118092746, right(srz193069242)
pos, 0.1872108373518019, right(srz965949210716)
pos, 0.20741489118092746, right(srz27409591717)
pos, 0.1872108373518019, right(srz96566177184)
pos, 0.1872108373518019, right(srz24618676725)
pos, 0.1872108373518019, right(srz24618678772)
pos, 0.20741489118092746, right(srz24618677913)
pos, 0.20741489118092746, right(srz246186715143)
pos, 0.18485684970456687, right(srz96566176520)
pos, 0.1872108373518019, right(srz274095913334)
pos, 0.26569465657955116, right(srz99311018431)
pos, 0.26569465657955116, right(srz193068347)
pos, 0.26569465657955116, right(srz274095915889)
pos, 0.1872108373518019, right(srz993110110959)
pos, 0.2252026121146009, right(srz965661712901)
pos, 0.20741489118092746, right(srz99311014306)
pos, 0.1872108373518019, right(srz246186711551)
pos, 0.20741489118092746, right(srz993110112274)
pos, 0.18511330982967572, right(srz44230441243)
pos, 0.1312754970724383, right(srz1930612131)
pos, 0.26569465657955116, right(srz24618672531)
pos, 0.26978824010658575, right(srz99311011667)
pos, 0.17487980387577814, right(srz274095915590)
pos, 0.1872108373518019, right(srz96566172461)
pos, 0.20741489118092746, right(srz96566175220)
pos, 0.20741489118092746, right(srz96594922250)
pos, 0.18485684970456687, right(srz96566179259)
pos, 0.1872108373518019, right(srz274095917056)
pos, 0.1872108373518019, right(srz96594922185)
pos, 0.26978824010658575, right(srz96594923722)
pos, 0.26569465657955116, right(srz274095914192)
pos, 0.20741489118092746, right(srz193062254)
pos, 0.26569465657955116, right(srz274095914190)
pos, 0.20741489118092746, right(srz274095910837)
pos, 0.20741489118092746, right(srz24618673061)
pos, 0.1872108373518019, right(srz96566172450)
pos, 0.24364176356732303, right(srz27409596584)
pos, 0.26569465657955116, right(srz2740959771)
pos, 0.26569465657955116, right(srz96566176296)
pos, 0.20741489118092746, right(srz96594921815)
pos, 0.24364176356732303, right(srz44230447458)
pos, 0.1872108373518019, right(srz246186714050)
pos, 0.26569465657955116, right(srz274095914048)
pos, 0.20741489118092746, right(srz27409597777)
pos, 0.1872108373518019, right(srz993110110488)
pos, 0.12788281295511936, right(srz96566171827)
pos, 0.26569465657955116, right(srz44230443910)
pos, 0.24364176356732303, right(srz96594928173)
pos, 0.20741489118092746, right(srz24618673011)
pos, 0.20741489118092746, right(srz24618676191)
pos, 0.12788281295511936, right(srz2461867146)
pos, 0.20741489118092746, right(srz44230443648)
pos, 0.26569465657955116, right(srz965949210058)
pos, 0.26978824010658575, right(srz96594928942)
pos, 0.20741489118092746, right(srz24618671563)
pos, 0.1872108373518019, right(srz99311015344)
pos, 0.1872108373518019, right(srz27409596129)
pos, 0.1872108373518019, right(srz993110110955)
pos, 0.18511330982967572, right(srz965949212468)
pos, 0.26569465657955116, right(srz9656617629)
pos, 0.26978824010658575, right(srz96594923724)
pos, 0.1872108373518019, right(srz24618678250)
pos, 0.26569465657955116, right(srz24618673989)
pos, 0.20741489118092746, right(srz24618677929)
pos, 0.26569465657955116, right(srz8029721193)
pos, 0.1872108373518019, right(srz993110110949)
pos, 0.20741489118092746, right(srz24618678548)
pos, 0.1872108373518019, right(srz9656617130)
pos, 0.26569465657955116, right(srz44248272696)
pos, 0.20741489118092746, right(srz99311017375)
pos, 0.20741489118092746, right(srz96594922251)
pos, 0.20741489118092746, right(srz99311016890)
pos, 0.20741489118092746, right(srz993110110731)
pos, 0.20741489118092746, right(srz2740959304)
pos, 0.26569465657955116, right(srz2461867790)
pos, 0.1872108373518019, right(srz96566179395)
pos, 0.1872108373518019, right(srz246186715406)
pos, 0.26569465657955116, right(srz96566172195)
pos, 0.26569465657955116, right(srz274095915821)
pos, 0.26978824010658575, right(srz44230442976)
pos, 0.20741489118092746, right(srz193063238)
pos, 0.1312754970724383, right(srz27409597033)
pos, 0.26569465657955116, right(srz24618677230)
pos, 0.26569465657955116, right(srz99311015883)
pos, 0.18485684970456687, right(srz965661711257)
pos, 0.17487980387577814, right(srz27409593333)
pos, 0.1312754970724383, right(srz99311013995)
pos, 0.20741489118092746, right(srz2461867743)
pos, 0.26569465657955116, right(srz246186716581)
pos, 0.1872108373518019, right(srz274095915281)
pos, 0.20741489118092746, right(srz96566171831)
pos, 0.17487980387577814, right(srz24618678628)
pos, 0.20741489118092746, right(srz246186713419)
pos, 0.20741489118092746, right(srz274095913411)
pos, 0.18485684970456687, right(srz99311016956)
pos, 0.20741489118092746, right(srz24618673178)
pos, 0.26569465657955116, right(srz274095915390)
pos, 0.20741489118092746, right(srz802972697)
pos, 0.20741489118092746, right(srz965661712902)
pos, 0.26978824010658575, right(srz27409599685)
pos, 0.26569465657955116, right(srz2461867833)
pos, 0.20741489118092746, right(srz193068376)
pos, 0.26569465657955116, right(srz193061904)
pos, 0.26569465657955116, right(srz246186710211)
pos, 0.26978824010658575, right(srz44230447448)
pos, 0.24364176356732303, right(srz193068117)
pos, 0.1872108373518019, right(srz96566171330)
pos, 0.20741489118092746, right(srz27409597488)
pos, 0.20741489118092746, right(srz993110112113)
pos, 0.20741489118092746, right(srz274095910864)
pos, 0.24364176356732303, right(srz274095913435)
pos, 0.20741489118092746, right(srz44230447219)
pos, 0.26569465657955116, right(srz44248273189)
pos, 0.18485684970456687, right(srz99311015827)
pos, 0.26569465657955116, right(srz2740959768)
pos, 0.20741489118092746, right(srz24618676304)
pos, 0.20741489118092746, right(srz246186712146)
pos, 0.17487980387577814, right(srz193064775)
pos, 0.2252026121146009, right(srz193061908)
pos, 0.1872108373518019, right(srz27409594916)
pos, 0.18485684970456687, right(srz965661712799)
pos, 0.26569465657955116, right(srz246186712775)
pos, 0.26569465657955116, right(srz96566176735)
pos, 0.20741489118092746, right(srz99311011342)
pos, 0.26978824010658575, right(srz9931101496)
pos, 0.15013817616499373, right(srz9656617874)
pos, 0.2252026121146009, right(srz1930611615)
pos, 0.24364176356732303, right(srz274095916646)
pos, 0.20741489118092746, right(srz9656617866)
pos, 0.26569465657955116, right(srz24618676179)
pos, 0.26978824010658575, right(srz2740959197)
pos, 0.20741489118092746, right(srz99311011366)
pos, 0.20741489118092746, right(srz274095912103)
pos, 0.26569465657955116, right(srz24618676170)
pos, 0.20741489118092746, right(srz246186715156)
pos, 0.26569465657955116, right(srz9659492613)
pos, 0.2252026121146009, right(srz27409597034)
pos, 0.1872108373518019, right(srz246186715403)
pos, 0.20741489118092746, right(srz274095910740)
pos, 0.26569465657955116, right(srz96594923828)
pos, 0.20741489118092746, right(srz2461867757)
pos, 0.17487980387577814, right(srz9931101112)
pos, 0.1872108373518019, right(srz44230443651)
pos, 0.20741489118092746, right(srz274095910646)
pos, 0.18485684970456687, right(srz965661713410)
pos, 0.12788281295511936, right(srz4423044141)
pos, 0.26978824010658575, right(srz96566173840)
pos, 0.26569465657955116, right(srz274095914008)
pos, 0.20741489118092746, right(srz965949211287)
pos, 0.1312754970724383, right(srz246186711194)
pos, 0.26569465657955116, right(srz24618677225)
pos, 0.26569465657955116, right(srz246186712189)
pos, 0.26569465657955116, right(srz24618673975)
pos, 0.24364176356732303, right(srz96566171207)
pos, 0.1872108373518019, right(srz274095915546)
pos, 0.26978824010658575, right(srz96566176785)
pos, 0.20741489118092746, right(srz193062268)
pos, 0.20741489118092746, right(srz246186714393)
pos, 0.1872108373518019, right(srz246186710256)
pos, 0.26978824010658575, right(srz2461867167)
pos, 0.18485684970456687, right(srz993110110073)
pos, 0.26569465657955116, right(srz8029721755)
pos, 0.18485684970456687, right(srz993110110070)
pos, 0.20741489118092746, right(srz24618678229)
pos, 0.1872108373518019, right(srz27409598007)
pos, 0.1872108373518019, right(srz96594923489)
pos, 0.26569465657955116, right(srz9659492573)
pos, 0.26569465657955116, right(srz193061112)
pos, 0.17487980387577814, right(srz27409595539)
pos, 0.20741489118092746, right(srz274095910144)
pos, 0.26569465657955116, right(srz1930610104)
pos, 0.18485684970456687, right(srz965661711245)
pos, 0.20741489118092746, right(srz24618673312)
pos, 0.26569465657955116, right(srz44230441314)
pos, 0.20741489118092746, right(srz44248272550)
pos, 0.26569465657955116, right(srz274095915808)
pos, 0.1872108373518019, right(srz8029723568)
pos, 0.20741489118092746, right(srz274095914500)
pos, 0.17487980387577814, right(srz993110111515)
pos, 0.1872108373518019, right(srz246186714570)
pos, 0.20741489118092746, right(srz96566179124)
pos, 0.26978824010658575, right(srz274095910263)
pos, 0.20741489118092746, right(srz96566175598)
pos, 0.17487980387577814, right(srz24618678631)
pos, 0.20741489118092746, right(srz24618673190)
pos, 0.26569465657955116, right(srz274095914184)
pos, 0.2252026121146009, right(srz96594926417)
pos, 0.26978824010658575, right(srz27409594218)
pos, 0.26569465657955116, right(srz2740959941)
pos, 0.20741489118092746, right(srz96594929541)
pos, 0.26569465657955116, right(srz24618673986)
pos, 0.26569465657955116, right(srz965661710807)
pos, 0.20741489118092746, right(srz27409594528)
pos, 0.1872108373518019, right(srz993110110490)
pos, 0.20741489118092746, right(srz246186711538)
pos, 0.26569465657955116, right(srz246186712330)
pos, 0.26569465657955116, right(srz2461867831)
pos, 0.12788281295511936, right(srz2461867145)
pos, 0.20741489118092746, right(srz8029722433)
pos, 0.26569465657955116, right(srz96566171168)
pos, 0.17487980387577814, right(srz965661713006)
pos, 0.26569465657955116, right(srz274095915244)
pos, 0.17487980387577814, right(srz27409595538)
pos, 0.1872108373518019, right(srz246186715232)
pos, 0.20741489118092746, right(srz27409594504)
pos, 0.26978824010658575, right(srz246186716548)
pos, 0.26569465657955116, right(srz96594923150)
pos, 0.20741489118092746, right(srz8029723110)
pos, 0.1312754970724383, right(srz44230442385)
pos, 0.20741489118092746, right(srz24618677930)
pos, 0.20741489118092746, right(srz274095912108)
pos, 0.18485684970456687, right(srz99311015616)
pos, 0.20741489118092746, right(srz24618678623)
pos, 0.26569465657955116, right(srz24618672071)
pos, 0.20741489118092746, right(srz2461867740)
pos, 0.18485684970456687, right(srz96594927969)
pos, 0.20741489118092746, right(srz96594922361)
pos, 0.24364176356732303, right(srz96594925787)
pos, 0.20741489118092746, right(srz96566174738)
pos, 0.14158514118650908, right(srz193069877)
pos, 0.20741489118092746, right(srz96594926865)
pos, 0.1872108373518019, right(srz274095910340)
pos, 0.20741489118092746, right(srz246186716730)
pos, 0.26569465657955116, right(srz96566176810)
pos, 0.1872108373518019, right(srz24618677085)
pos, 0.20741489118092746, right(srz274095912716)
pos, 0.2252026121146009, right(srz274095914607)
pos, 0.1312754970724383, right(srz1930612132)
pos, 0.1872108373518019, right(srz965949210312)
pos, 0.26569465657955116, right(srz8029724291)
pos, 0.1312754970724383, right(srz274095913410)
pos, 0.26569465657955116, right(srz246186716586)
pos, 0.26569465657955116, right(srz8029724569)
pos, 0.20741489118092746, right(srz27409598617)
pos, 0.1872108373518019, right(srz4423044684)
pos, 0.1872108373518019, right(srz27409598001)
pos, 0.1872108373518019, right(srz246186714538)
pos, 0.20741489118092746, right(srz193069235)
pos, 0.24364176356732303, right(srz96594926283)
pos, 0.20741489118092746, right(srz965949211702)
pos, 0.20741489118092746, right(srz246186716731)
pos, 0.20741489118092746, right(srz246186716717)
pos, 0.20741489118092746, right(srz24618673054)
pos, 0.20741489118092746, right(srz27409592212)
pos, 0.20741489118092746, right(srz24618675077)
pos, 0.1872108373518019, right(srz27409596118)
pos, 0.26978824010658575, right(srz246186716547)
pos, 0.20741489118092746, right(srz24618673865)
pos, 0.20741489118092746, right(srz24618678196)
pos, 0.20741489118092746, right(srz274095910049)
pos, 0.20741489118092746, right(srz27409597768)
pos, 0.26569465657955116, right(srz24618672070)
pos, 0.20741489118092746, right(srz27409592028)
pos, 0.2252026121146009, right(srz246186715750)
pos, 0.26569465657955116, right(srz27409592760)
pos, 0.26569465657955116, right(srz27409597628)
pos, 0.2252026121146009, right(srz96594923702)
pos, 0.20741489118092746, right(srz96594922248)
pos, 0.18485684970456687, right(srz99311015622)
pos, 0.26569465657955116, right(srz96594924577)
pos, 0.12788281295511936, right(srz2740959159)
pos, 0.26569465657955116, right(srz96594923683)
pos, 0.24364176356732303, right(srz965661713721)
pos, 0.20741489118092746, right(srz246186715119)
pos, 0.17487980387577814, right(srz24618678632)
pos, 0.26569465657955116, right(srz96566175360)
pos, 0.26569465657955116, right(srz96594928952)
pos, 0.1872108373518019, right(srz8029726412)
pos, 0.26569465657955116, right(srz274095911939)
pos, 0.20741489118092746, right(srz99311016881)
pos, 0.1872108373518019, right(srz44230443653)
pos, 0.20741489118092746, right(srz99311015754)
pos, 0.26569465657955116, right(srz24618675314)
pos, 0.26569465657955116, right(srz274095915352)
pos, 0.20741489118092746, right(srz27409597035)
pos, 0.17487980387577814, right(srz24618679039)
pos, 0.24939322129195243, right(srz193069708)
pos, 0.26569465657955116, right(srz9659492554)
pos, 0.18511330982967572, right(srz8029722311)
pos, 0.20741489118092746, right(srz2461867578)
pos, 0.18485684970456687, right(srz965949211250)
pos, 0.26569465657955116, right(srz246186710296)
pos, 0.1312754970724383, right(srz99311017120)
pos, 0.26569465657955116, right(srz2740959788)
pos, 0.20741489118092746, right(srz96566172460)
pos, 0.1872108373518019, right(srz965661711125)
pos, 0.20741489118092746, right(srz193062260)
pos, 0.26569465657955116, right(srz246186715674)
pos, 0.20741489118092746, right(srz27409596942)
pos, 0.26569465657955116, right(srz246186712347)
pos, 0.12788281295511936, right(srz27409591711)
pos, 0.18485684970456687, right(srz993110110617)
pos, 0.26569465657955116, right(srz965949214113)
pos, 0.20741489118092746, right(srz27409596288)
pos, 0.20741489118092746, right(srz99311017381)
pos, 0.20741489118092746, right(srz2461867755)
pos, 0.1872108373518019, right(srz193064445)
pos, 0.1872108373518019, right(srz8029725356)
pos, 0.26569465657955116, right(srz96566177000)
pos, 0.1872108373518019, right(srz8029729633)
pos, 0.1872108373518019, right(srz24618679112)
pos, 0.26569465657955116, right(srz99311013591)
pos, 0.26569465657955116, right(srz27409592757)
pos, 0.26569465657955116, right(srz96566176804)
pos, 0.20741489118092746, right(srz246186712149)
pos, 0.26978824010658575, right(srz246186716555)
pos, 0.26569465657955116, right(srz44248274835)
pos, 0.20741489118092746, right(srz99311018050)
pos, 0.1312754970724383, right(srz274095914085)
pos, 0.20741489118092746, right(srz27409597055)
pos, 0.20741489118092746, right(srz965661715601)
pos, 0.2252026121146009, right(srz965949210666)
pos, 0.26569465657955116, right(srz193064655)
pos, 0.18485684970456687, right(srz96566173389)
pos, 0.26569465657955116, right(srz44248273759)
pos, 0.24364176356732303, right(srz99311013599)
pos, 0.18485684970456687, right(srz44248275029)
pos, 0.26569465657955116, right(srz24618677196)
pos, 0.1312754970724383, right(srz96594924903)
pos, 0.18485684970456687, right(srz96566173401)
pos, 0.1872108373518019, right(srz24618678774)
pos, 0.26978824010658575, right(srz99311019031)
pos, 0.24364176356732303, right(srz246186710046)
pos, 0.18485684970456687, right(srz9656617805)
pos, 0.24364176356732303, right(srz9931101519)
pos, 0.2252026121146009, right(srz965661715471)
pos, 0.1872108373518019, right(srz965661711123)
pos, 0.1872108373518019, right(srz246186716739)
pos, 0.26978824010658575, right(srz27409594215)
pos, 0.18485684970456687, right(srz193062370)
pos, 0.1872108373518019, right(srz99311012484)
pos, 0.2252026121146009, right(srz96594925189)
pos, 0.26569465657955116, right(srz27409597620)
pos, 0.26569465657955116, right(srz44248273758)
pos, 0.26569465657955116, right(srz24618674537)
pos, 0.18485684970456687, right(srz9931101227)
pos, 0.1872108373518019, right(srz24618678900)
pos, 0.1312754970724383, right(srz99311014377)
pos, 0.26569465657955116, right(srz24618676144)
pos, 0.17487980387577814, right(srz274095917048)
pos, 0.18485684970456687, right(srz965661740)
pos, 0.18485684970456687, right(srz193065763)
pos, 0.18485684970456687, right(srz1930610201)
pos, 0.1312754970724383, right(srz44230443157)
pos, 0.26569465657955116, right(srz193068786)
pos, 0.18485684970456687, right(srz246186712515)
pos, 0.20741489118092746, right(srz24618677730)
pos, 0.1872108373518019, right(srz1930610178)
pos, 0.20741489118092746, right(srz8029726776)
pos, 0.18485684970456687, right(srz246186711151)
pos, 0.1312754970724383, right(srz44230445119)
pos, 0.1312754970724383, right(srz96566171046)
pos, 0.18511330982967572, right(srz44248272583)
pos, 0.1872108373518019, right(srz193064785)
pos, 0.18485684970456687, right(srz27409596545)
pos, 0.20741489118092746, right(srz193068544)
pos, 0.26569465657955116, right(srz193062129)
pos, 0.20741489118092746, right(srz99311011341)
pos, 0.20741489118092746, right(srz96594921827)
pos, 0.26569465657955116, right(srz274095914017)
pos, 0.26569465657955116, right(srz274095914022)
pos, 0.1872108373518019, right(srz24618679048)
pos, 0.2252026121146009, right(srz246186712220)
pos, 0.26569465657955116, right(srz96594923807)
pos, 0.1312754970724383, right(srz99311013555)
pos, 0.26569465657955116, right(srz9659492914)
pos, 0.1312754970724383, right(srz99311018513)
pos, 0.20741489118092746, right(srz24618676333)
pos, 0.26569465657955116, right(srz802972235)
pos, 0.26569465657955116, right(srz246186710272)
pos, 0.1872108373518019, right(srz27409598333)
pos, 0.1312754970724383, right(srz99311018525)
pos, 0.20741489118092746, right(srz274095916846)
pos, 0.1872108373518019, right(srz27409596102)
pos, 0.26569465657955116, right(srz24618675558)
pos, 0.1872108373518019, right(srz246186715397)
pos, 0.24364176356732303, right(srz193064577)
pos, 0.26978824010658575, right(srz965661711565)
pos, 0.20741489118092746, right(srz27409595170)
pos, 0.20741489118092746, right(srz274095916324)
pos, 0.20741489118092746, right(srz27409599368)
pos, 0.26569465657955116, right(srz27409598477)
pos, 0.20741489118092746, right(srz99311015749)
pos, 0.1312754970724383, right(srz965949213628)
pos, 0.20741489118092746, right(srz44230447368)
pos, 0.26978824010658575, right(srz8029723456)
pos, 0.24364176356732303, right(srz1930611610)
pos, 0.26569465657955116, right(srz4423044686)
pos, 0.20741489118092746, right(srz274095910051)
pos, 0.20741489118092746, right(srz965661712990)
pos, 0.18485684970456687, right(srz193067590)
pos, 0.2252026121146009, right(srz24618671527)
pos, 0.20741489118092746, right(srz96566177175)
pos, 0.26569465657955116, right(srz24618675554)
pos, 0.26569465657955116, right(srz965661715313)
pos, 0.20741489118092746, right(srz274095911764)
pos, 0.1872108373518019, right(srz965949210469)
pos, 0.20741489118092746, right(srz4424827979)
pos, 0.12788281295511936, right(srz96594929534)
pos, 0.20741489118092746, right(srz246186714392)
pos, 0.26569465657955116, right(srz27409597616)
pos, 0.26569465657955116, right(srz24618674511)
pos, 0.26569465657955116, right(srz274095915797)
pos, 0.1872108373518019, right(srz965661715532)
pos, 0.26569465657955116, right(srz96566176321)
pos, 0.1872108373518019, right(srz965949210464)
pos, 0.2252026121146009, right(srz96566178028)
pos, 0.26569465657955116, right(srz96594923137)
pos, 0.26569465657955116, right(srz274095915378)
pos, 0.1312754970724383, right(srz80297210798)
pos, 0.26978824010658575, right(srz2461867168)
pos, 0.18485684970456687, right(srz99311019357)
pos, 0.20741489118092746, right(srz96594923303)
pos, 0.1872108373518019, right(srz99311012942)
pos, 0.1872108373518019, right(srz44230446161)
pos, 0.1872108373518019, right(srz993110110491)
pos, 0.20741489118092746, right(srz24618673023)
pos, 0.24364176356732303, right(srz274095913456)
pos, 0.1872108373518019, right(srz965661715170)
pos, 0.1312754970724383, right(srz99311015213)
pos, 0.26569465657955116, right(srz24618671849)
pos, 0.26569465657955116, right(srz24618679778)
pos, 0.26569465657955116, right(srz27409592756)
pos, 0.20741489118092746, right(srz24618679744)
pos, 0.26978824010658575, right(srz2461867192)
pos, 0.26569465657955116, right(srz27409592782)
pos, 0.26569465657955116, right(srz8029724280)
pos, 0.26569465657955116, right(srz24618673974)
pos, 0.20741489118092746, right(srz246186715149)
pos, 0.20741489118092746, right(srz24618678194)
pos, 0.20741489118092746, right(srz24618674493)
pos, 0.26569465657955116, right(srz246186712216)
pos, 0.18485684970456687, right(srz99311015216)
pos, 0.26569465657955116, right(srz993110110085)
pos, 0.1872108373518019, right(srz246186715756)
pos, 0.1872108373518019, right(srz24618678733)
pos, 0.24364176356732303, right(srz80297210911)
pos, 0.26569465657955116, right(srz965949214110)
pos, 0.26569465657955116, right(srz993110110865)
pos, 0.17487980387577814, right(srz27409597980)
pos, 0.20741489118092746, right(srz27409592097)
pos, 0.1872108373518019, right(srz965661715184)
pos, 0.26569465657955116, right(srz8029721195)
pos, 0.1312754970724383, right(srz274095914497)
pos, 0.26569465657955116, right(srz96566175379)
pos, 0.26569465657955116, right(srz96566179712)
pos, 0.26569465657955116, right(srz24618674546)
pos, 0.26569465657955116, right(srz24618671847)
pos, 0.26978824010658575, right(srz96566173836)
pos, 0.20741489118092746, right(srz274095910860)
pos, 0.14158514118650908, right(srz8029724807)
pos, 0.18485684970456687, right(srz96566177540)
pos, 0.2252026121146009, right(srz274095914606)
pos, 0.1872108373518019, right(srz24618675387)
pos, 0.18485684970456687, right(srz965949213288)
pos, 0.12788281295511936, right(srz274095910645)
pos, 0.26569465657955116, right(srz8029728439)
pos, 0.20741489118092746, right(srz274095910846)
pos, 0.1872108373518019, right(srz96594925150)
pos, 0.20741489118092746, right(srz965949212415)
pos, 0.26569465657955116, right(srz27409598916)
pos, 0.26569465657955116, right(srz24618677175)
pos, 0.20741489118092746, right(srz246186714391)
pos, 0.20741489118092746, right(srz27409591916)
pos, 0.26569465657955116, right(srz24618677227)
pos, 0.1872108373518019, right(srz246186715743)
pos, 0.20741489118092746, right(srz2461867745)
pos, 0.1872108373518019, right(srz96594929809)
pos, 0.20741489118092746, right(srz27409596289)
pos, 0.26569465657955116, right(srz274095915890)
pos, 0.2252026121146009, right(srz274095914608)
pos, 0.18511330982967572, right(srz44248272643)
pos, 0.26569465657955116, right(srz99311015889)
pos, 0.26978824010658575, right(srz99311011665)
pos, 0.18485684970456687, right(srz193067083)
pos, 0.26569465657955116, right(srz99311015693)
pos, 0.26569465657955116, right(srz193064647)
pos, 0.1872108373518019, right(srz8029722443)
pos, 0.17487980387577814, right(srz96594925164)
pos, 0.26569465657955116, right(srz2461867819)
pos, 0.14158514118650908, right(srz8029729447)
pos, 0.1872108373518019, right(srz96594924772)
pos, 0.20741489118092746, right(srz96594929614)
pos, 0.24364176356732303, right(srz1930611351)
pos, 0.26569465657955116, right(srz99311012931)
pos, 0.18511330982967572, right(srz44248272640)
pos, 0.20741489118092746, right(srz24618672042)
pos, 0.26569465657955116, right(srz96566172687)
pos, 0.20741489118092746, right(srz99311014011)
pos, 0.1872108373518019, right(srz44230445251)
pos, 0.26569465657955116, right(srz96594927468)
pos, 0.26569465657955116, right(srz96594927456)
pos, 0.1872108373518019, right(srz246186710472)
pos, 0.24364176356732303, right(srz965661714994)
pos, 0.20741489118092746, right(srz99311016884)
pos, 0.20741489118092746, right(srz96594926855)
pos, 0.20741489118092746, right(srz965661712654)
pos, 0.26569465657955116, right(srz96594923084)
pos, 0.20741489118092746, right(srz96566173914)
pos, 0.20741489118092746, right(srz993110112267)
pos, 0.18511330982967572, right(srz44248272587)
pos, 0.12788281295511936, right(srz193069234)
pos, 0.1872108373518019, right(srz96566172211)
pos, 0.20741489118092746, right(srz2740959380)
pos, 0.20741489118092746, right(srz96566173906)
pos, 0.26569465657955116, right(srz96594927471)
pos, 0.1872108373518019, right(srz8029722441)
pos, 0.1872108373518019, right(srz44230442483)
pos, 0.1872108373518019, right(srz99311012946)
pos, 0.26569465657955116, right(srz8029729822)
pos, 0.26569465657955116, right(srz8029721201)
pos, 0.26569465657955116, right(srz96566176725)
pos, 0.1872108373518019, right(srz99311012943)
pos, 0.17487980387577814, right(srz965661714871)
pos, 0.1872108373518019, right(srz99311014244)
pos, 0.24364176356732303, right(srz99311018184)
pos, 0.26978824010658575, right(srz96594928948)
pos, 0.1872108373518019, right(srz965661715178)
pos, 0.12788281295511936, right(srz993110110135)
pos, 0.2252026121146009, right(srz44248273587)
pos, 0.1872108373518019, right(srz24618678892)
pos, 0.20741489118092746, right(srz99311015759)
pos, 0.26569465657955116, right(srz24618677212)
pos, 0.1312754970724383, right(srz44248273859)
pos, 0.20741489118092746, right(srz24618678204)
pos, 0.1872108373518019, right(srz246186710201)
pos, 0.1872108373518019, right(srz96566171328)
pos, 0.26569465657955116, right(srz8029721230)
pos, 0.20741489118092746, right(srz96566179821)
pos, 0.14158514118650908, right(srz193067080)
pos, 0.18485684970456687, right(srz1930611057)
pos, 0.1872108373518019, right(srz274095910368)
pos, 0.1872108373518019, right(srz96566172207)
pos, 0.1872108373518019, right(srz96594929793)
pos, 0.26569465657955116, right(srz9659492583)
pos, 0.20741489118092746, right(srz965661714526)
pos, 0.18511330982967572, right(srz965949211161)
pos, 0.24939322129195243, right(srz193068111)
pos, 0.17487980387577814, right(srz993110111521)
pos, 0.1872108373518019, right(srz8029729854)
pos, 0.24364176356732303, right(srz27409596587)
pos, 0.12788281295511936, right(srz27409599381)
pos, 0.1872108373518019, right(srz24618675371)
pos, 0.18485684970456687, right(srz4423044658)
pos, 0.26569465657955116, right(srz44248274840)
pos, 0.20741489118092746, right(srz2461867294)
pos, 0.18485684970456687, right(srz96566174162)
pos, 0.1312754970724383, right(srz44230441979)
pos, 0.20741489118092746, right(srz24618671545)
pos, 0.18485684970456687, right(srz96566173497)
pos, 0.20741489118092746, right(srz24618676477)
pos, 0.1872108373518019, right(srz993110110951)
pos, 0.26569465657955116, right(srz27409598923)
pos, 0.1872108373518019, right(srz96566174642)
pos, 0.20741489118092746, right(srz24618673039)
pos, 0.26569465657955116, right(srz2740959972)
pos, 0.26569465657955116, right(srz96566176280)
pos, 0.1312754970724383, right(srz193066328)
pos, 0.26978824010658575, right(srz2740959168)
pos, 0.26569465657955116, right(srz24618674001)
pos, 0.26569465657955116, right(srz24618677208)
pos, 0.20741489118092746, right(srz24618673041)
pos, 0.1872108373518019, right(srz27409598246)
pos, 0.20741489118092746, right(srz274095911436)
pos, 0.20741489118092746, right(srz965949211295)
pos, 0.1312754970724383, right(srz8029721191)
pos, 0.20741489118092746, right(srz24618677712)
pos, 0.2252026121146009, right(srz246186712880)
pos, 0.20741489118092746, right(srz27409591716)
pos, 0.20741489118092746, right(srz2461867701)
pos, 0.20741489118092746, right(srz96594929620)
pos, 0.26569465657955116, right(srz96594923827)
pos, 0.20741489118092746, right(srz24618679707)
pos, 0.20741489118092746, right(srz246186713520)
pos, 0.1872108373518019, right(srz24618678264)
pos, 0.26569465657955116, right(srz2461867788)
pos, 0.24364176356732303, right(srz193068871)
pos, 0.20741489118092746, right(srz274095910148)
pos, 0.20741489118092746, right(srz27409598602)
pos, 0.24364176356732303, right(srz96594923579)
pos, 0.20741489118092746, right(srz27409595611)
pos, 0.20741489118092746, right(srz27409598603)
pos, 0.20741489118092746, right(srz993110112064)
pos, 0.26569465657955116, right(srz965661713554)
pos, 0.26569465657955116, right(srz24618679813)
pos, 0.20741489118092746, right(srz44230441271)
pos, 0.20741489118092746, right(srz8029726778)
pos, 0.20741489118092746, right(srz99311017377)
pos, 0.26569465657955116, right(srz44248274463)
pos, 0.20741489118092746, right(srz99311012465)
pos, 0.20741489118092746, right(srz99311014615)
pos, 0.1872108373518019, right(srz193066331)
pos, 0.26569465657955116, right(srz24618674527)
pos, 0.18485684970456687, right(srz96566179588)
pos, 0.1872108373518019, right(srz993110112242)
pos, 0.1872108373518019, right(srz96566177362)
pos, 0.26569465657955116, right(srz44248276420)
pos, 0.26569465657955116, right(srz274095915367)
pos, 0.24364176356732303, right(srz96566171208)
pos, 0.26569465657955116, right(srz2740959975)
pos, 0.26569465657955116, right(srz193061126)
pos, 0.1872108373518019, right(srz246186714578)
pos, 0.1872108373518019, right(srz96566172587)
pos, 0.1872108373518019, right(srz965949211530)
pos, 0.18511330982967572, right(srz99311015215)
pos, 0.24364176356732303, right(srz274095913450)
pos, 0.26569465657955116, right(srz965661715583)
pos, 0.26569465657955116, right(srz27409592759)
pos, 0.1872108373518019, right(srz246186712389)
pos, 0.1872108373518019, right(srz24618678404)
pos, 0.1312754970724383, right(srz99311014185)
pos, 0.20741489118092746, right(srz274095910727)
pos, 0.18485684970456687, right(srz193069886)
pos, 0.20741489118092746, right(srz27409599367)
pos, 0.26569465657955116, right(srz96566176997)
pos, 0.1872108373518019, right(srz1930611617)
pos, 0.20741489118092746, right(srz24618673021)
pos, 0.18485684970456687, right(srz96566179584)
pos, 0.26569465657955116, right(srz27409592799)
pos, 0.20741489118092746, right(srz24618678179)
pos, 0.26569465657955116, right(srz965661715580)
pos, 0.26569465657955116, right(srz27409597613)
pos, 0.18485684970456687, right(srz99311017006)
pos, 0.26569465657955116, right(srz8029726429)
pos, 0.1872108373518019, right(srz965661710973)
pos, 0.17487980387577814, right(srz96594925166)
pos, 0.1872108373518019, right(srz96566171308)
pos, 0.18485684970456687, right(srz96594923705)
pos, 0.1872108373518019, right(srz1930611443)
pos, 0.26569465657955116, right(srz96594923685)
pos, 0.26569465657955116, right(srz96594929792)
pos, 0.20741489118092746, right(srz80297210513)
pos, 0.26978824010658575, right(srz2740959172)
pos, 0.26978824010658575, right(srz96566176862)
pos, 0.20741489118092746, right(srz80297210515)
pos, 0.20741489118092746, right(srz99311014490)
pos, 0.26569465657955116, right(srz9659492922)
pos, 0.2252026121146009, right(srz2740959798)
pos, 0.26569465657955116, right(srz965661715306)
pos, 0.20741489118092746, right(srz24618677810)
pos, 0.20741489118092746, right(srz193069294)
pos, 0.20741489118092746, right(srz193064254)
pos, 0.17487980387577814, right(srz965949213282)
pos, 0.1312754970724383, right(srz44230447190)
pos, 0.26569465657955116, right(srz44230443913)
pos, 0.17487980387577814, right(srz24618675085)
pos, 0.1872108373518019, right(srz246186711552)
pos, 0.20741489118092746, right(srz27409593192)
pos, 0.14158514118650908, right(srz193065610)
pos, 0.20741489118092746, right(srz24618671692)
pos, 0.26569465657955116, right(srz24618679000)
pos, 0.20741489118092746, right(srz246186715209)
pos, 0.20741489118092746, right(srz274095914499)
pos, 0.1872108373518019, right(srz246186714051)
pos, 0.26569465657955116, right(srz96566176813)
pos, 0.26569465657955116, right(srz24618675550)
pos, 0.26569465657955116, right(srz274095915370)
pos, 0.1872108373518019, right(srz24618675254)
pos, 0.24364176356732303, right(srz1930611608)
pos, 0.20741489118092746, right(srz246186711079)
pos, 0.18511330982967572, right(srz965949211165)
pos, 0.26569465657955116, right(srz27409598911)
pos, 0.26569465657955116, right(srz96594924742)
pos, 0.1872108373518019, right(srz8029726871)
pos, 0.26569465657955116, right(srz96594923834)
pos, 0.17487980387577814, right(srz27409592286)
pos, 0.20741489118092746, right(srz24618675074)
pos, 0.24364176356732303, right(srz96594928185)
pos, 0.20741489118092746, right(srz2740959595)
pos, 0.26569465657955116, right(srz96566176716)
pos, 0.20741489118092746, right(srz1930610771)
pos, 0.20741489118092746, right(srz8029721892)
pos, 0.26978824010658575, right(srz96566173832)
pos, 0.26569465657955116, right(srz96594927458)
pos, 0.18485684970456687, right(srz993110110806)
pos, 0.26569465657955116, right(srz9656617637)
pos, 0.18485684970456687, right(srz27409593664)
pos, 0.26569465657955116, right(srz24618672511)
pos, 0.18485684970456687, right(srz193064815)
pos, 0.26569465657955116, right(srz24618676876)
pos, 0.20741489118092746, right(srz24618675075)
pos, 0.18485684970456687, right(srz96566177527)
pos, 0.18485684970456687, right(srz99311017404)
pos, 0.12788281295511936, right(srz193063236)
pos, 0.20741489118092746, right(srz96566178105)
pos, 0.20741489118092746, right(srz99311016211)
pos, 0.26569465657955116, right(srz965661715585)
pos, 0.18511330982967572, right(srz8029722211)
pos, 0.26978824010658575, right(srz27409594205)
pos, 0.2252026121146009, right(srz96594926374)
pos, 0.20741489118092746, right(srz24618677713)
pos, 0.26978824010658575, right(srz96594928945)
pos, 0.26569465657955116, right(srz27409595349)
pos, 0.26569465657955116, right(srz27409598491)
pos, 0.24939322129195243, right(srz246186716932)
pos, 0.20741489118092746, right(srz24618673864)
pos, 0.12788281295511936, right(srz2461867157)
pos, 0.1872108373518019, right(srz246186712497)
pos, 0.17487980387577814, right(srz193068636)
pos, 0.1872108373518019, right(srz96566176340)
pos, 0.24364176356732303, right(srz99311011685)
pos, 0.1872108373518019, right(srz96566176539)
pos, 0.20741489118092746, right(srz24618678540)
pos, 0.26569465657955116, right(srz96566176707)
pos, 0.1872108373518019, right(srz274095913057)
pos, 0.20741489118092746, right(srz27409592930)
pos, 0.1872108373518019, right(srz96594922240)
pos, 0.20741489118092746, right(srz27409593151)
pos, 0.1872108373518019, right(srz96594929807)
pos, 0.24364176356732303, right(srz27409596580)
pos, 0.1872108373518019, right(srz96566177004)
pos, 0.20741489118092746, right(srz246186713430)
pos, 0.24364176356732303, right(srz246186710453)
pos, 0.18485684970456687, right(srz246186711129)
pos, 0.26569465657955116, right(srz96566176711)
pos, 0.1312754970724383, right(srz993110111632)
pos, 0.26569465657955116, right(srz246186714214)
pos, 0.17487980387577814, right(srz965949211662)
pos, 0.26569465657955116, right(srz24618677164)
pos, 0.26569465657955116, right(srz24618675571)
pos, 0.20741489118092746, right(srz24618672045)
pos, 0.20741489118092746, right(srz8029726768)
pos, 0.12788281295511936, right(srz193062248)
pos, 0.20741489118092746, right(srz96594924986)
pos, 0.1872108373518019, right(srz27409596518)
pos, 0.1872108373518019, right(srz246186710255)
pos, 0.1872108373518019, right(srz24618679160)
pos, 0.26569465657955116, right(srz96594926365)
pos, 0.20741489118092746, right(srz27409597744)
pos, 0.20741489118092746, right(srz274095917326)
pos, 0.24364176356732303, right(srz96566177170)
pos, 0.26978824010658575, right(srz44230447451)
pos, 0.26978824010658575, right(srz27409594208)
pos, 0.20741489118092746, right(srz96566171946)
pos, 0.26978824010658575, right(srz2461867196)
pos, 0.17487980387577814, right(srz27409595498)
pos, 0.1872108373518019, right(srz44230445255)
pos, 0.26569465657955116, right(srz246186710289)
pos, 0.20741489118092746, right(srz24618678185)
pos, 0.26569465657955116, right(srz24618672540)
pos, 0.26569465657955116, right(srz24618676163)
pos, 0.17487980387577814, right(srz246186710078)
pos, 0.26569465657955116, right(srz96594922082)
pos, 0.1872108373518019, right(srz96594929803)
pos, 0.26569465657955116, right(srz24618676181)
pos, 0.1872108373518019, right(srz274095915719)
pos, 0.1872108373518019, right(srz24618674877)
pos, 0.1872108373518019, right(srz44230445250)
pos, 0.1872108373518019, right(srz44230445290)
pos, 0.1872108373518019, right(srz27409599914)
pos, 0.18485684970456687, right(srz965949211670)
pos, 0.26569465657955116, right(srz2740959986)
pos, 0.26569465657955116, right(srz27409595613)
pos, 0.26569465657955116, right(srz96594922157)
pos, 0.18511330982967572, right(srz965949211231)
pos, 0.1312754970724383, right(srz246186710041)
pos, 0.26569465657955116, right(srz193063376)
pos, 0.26569465657955116, right(srz24618672107)
pos, 0.1872108373518019, right(srz96566171338)
pos, 0.20741489118092746, right(srz274095913414)
pos, 0.20741489118092746, right(srz27409592639)
pos, 0.26978824010658575, right(srz2740959167)
pos, 0.20741489118092746, right(srz99311018103)
pos, 0.1872108373518019, right(srz274095915777)
pos, 0.26569465657955116, right(srz96566172697)
pos, 0.26569465657955116, right(srz24618675564)
pos, 0.1872108373518019, right(srz246186715230)
pos, 0.18485684970456687, right(srz96566177538)
pos, 0.1872108373518019, right(srz193064791)
pos, 0.1872108373518019, right(srz24618676647)
pos, 0.20741489118092746, right(srz44230447234)
pos, 0.26569465657955116, right(srz96566173249)
pos, 0.20741489118092746, right(srz80297210514)
pos, 0.20741489118092746, right(srz27409592431)
pos, 0.18485684970456687, right(srz965661713414)
pos, 0.20741489118092746, right(srz96566173912)
pos, 0.26569465657955116, right(srz27409594246)
pos, 0.18485684970456687, right(srz99311011660)
pos, 0.1872108373518019, right(srz27409596569)
pos, 0.1872108373518019, right(srz24618678719)
pos, 0.1872108373518019, right(srz965949210304)
pos, 0.18485684970456687, right(srz96566174165)
pos, 0.26569465657955116, right(srz274095911938)
pos, 0.17487980387577814, right(srz99311012477)
pos, 0.18485684970456687, right(srz96594923543)
pos, 0.1872108373518019, right(srz96594922190)
pos, 0.26569465657955116, right(srz24618672552)
pos, 0.13284978350377796, right(srz24618677947)
pos, 0.26569465657955116, right(srz965661710830)
pos, 0.2252026121146009, right(srz44248273760)
pos, 0.26569465657955116, right(srz246186711380)
pos, 0.18485684970456687, right(srz193065766)
pos, 0.20741489118092746, right(srz96566171832)
pos, 0.26569465657955116, right(srz24618671850)
pos, 0.26569465657955116, right(srz24618674525)
pos, 0.1872108373518019, right(srz274095910366)
pos, 0.20741489118092746, right(srz24618671562)
pos, 0.26569465657955116, right(srz8029729821)
pos, 0.1872108373518019, right(srz246186714049)
pos, 0.26569465657955116, right(srz24618679011)
pos, 0.20741489118092746, right(srz24618678205)
pos, 0.26569465657955116, right(srz246186711373)
pos, 0.1312754970724383, right(srz44230447255)
pos, 0.1872108373518019, right(srz44230445243)
pos, 0.26569465657955116, right(srz193062132)
pos, 0.1872108373518019, right(srz24618677070)
pos, 0.18485684970456687, right(srz965661711529)
pos, 0.18485684970456687, right(srz96566178553)
pos, 0.18485684970456687, right(srz96594925746)
pos, 0.26569465657955116, right(srz96566176771)
pos, 0.1872108373518019, right(srz99311014284)
pos, 0.1312754970724383, right(srz965661710263)
pos, 0.26569465657955116, right(srz99311013942)
pos, 0.20741489118092746, right(srz24618678535)
pos, 0.26569465657955116, right(srz27409597646)
pos, 0.20741489118092746, right(srz96566177161)
pos, 0.20741489118092746, right(srz99311017953)
pos, 0.20741489118092746, right(srz246186715131)
pos, 0.26569465657955116, right(srz274095914167)
pos, 0.20741489118092746, right(srz993110111920)
pos, 0.20741489118092746, right(srz246186716301)
pos, 0.18485684970456687, right(srz246186711246)
pos, 0.24364176356732303, right(srz965661713723)
pos, 0.17487980387577814, right(srz27409599774)
pos, 0.20741489118092746, right(srz2461867592)
pos, 0.1872108373518019, right(srz965949211693)
pos, 0.20741489118092746, right(srz99311014482)
pos, 0.20741489118092746, right(srz274095913063)
pos, 0.20741489118092746, right(srz24618677683)
pos, 0.1872108373518019, right(srz24618678771)
pos, 0.1872108373518019, right(srz24618678713)
pos, 0.20741489118092746, right(srz965949211700)
pos, 0.26569465657955116, right(srz24618676157)
pos, 0.20741489118092746, right(srz99311017258)
pos, 0.26569465657955116, right(srz24618673973)
pos, 0.1872108373518019, right(srz27409594944)
pos, 0.2252026121146009, right(srz27409598936)
pos, 0.20741489118092746, right(srz44230447230)
pos, 0.2252026121146009, right(srz9659492625)
pos, 0.20741489118092746, right(srz193062256)
pos, 0.26569465657955116, right(srz27409597637)
pos, 0.20741489118092746, right(srz193065301)
pos, 0.20741489118092746, right(srz246186714403)
pos, 0.26569465657955116, right(srz96566176998)
pos, 0.1312754970724383, right(srz193064441)
pos, 0.20741489118092746, right(srz246186712142)
pos, 0.1872108373518019, right(srz44230445310)
pos, 0.1872108373518019, right(srz274095911619)
pos, 0.1872108373518019, right(srz27409598256)
pos, 0.20741489118092746, right(srz24618679739)
pos, 0.20741489118092746, right(srz274095910730)
pos, 0.20741489118092746, right(srz1930612150)
pos, 0.1312754970724383, right(srz96594928907)
pos, 0.14158514118650908, right(srz9659492739)
pos, 0.1872108373518019, right(srz24618678268)
pos, 0.20741489118092746, right(srz99311018107)
pos, 0.20741489118092746, right(srz965949211291)
pos, 0.18485684970456687, right(srz246186711293)
pos, 0.26569465657955116, right(srz96566179412)
pos, 0.26569465657955116, right(srz96566176303)
pos, 0.20741489118092746, right(srz96566177171)
pos, 0.26569465657955116, right(srz965949213945)
pos, 0.14158514118650908, right(srz193065609)
pos, 0.26569465657955116, right(srz27409592770)
pos, 0.1872108373518019, right(srz24618677066)
pos, 0.20741489118092746, right(srz99311017257)
pos, 0.26569465657955116, right(srz274095915387)
pos, 0.20741489118092746, right(srz27409597051)
pos, 0.1872108373518019, right(srz274095915280)
pos, 0.18485684970456687, right(srz96594928457)
pos, 0.26569465657955116, right(srz246186712344)
pos, 0.1312754970724383, right(srz44230443112)
pos, 0.18485684970456687, right(srz27409596551)
pos, 0.17487980387577814, right(srz24618675240)
pos, 0.26569465657955116, right(srz9659492598)
pos, 0.20741489118092746, right(srz99311013324)
pos, 0.15013817616499373, right(srz24618678557)
pos, 0.18485684970456687, right(srz96594923544)
pos, 0.26569465657955116, right(srz24618679809)
pos, 0.20741489118092746, right(srz965661710304)
pos, 0.26569465657955116, right(srz27409597629)
pos, 0.2252026121146009, right(srz246186712877)
pos, 0.20741489118092746, right(srz99311015750)
pos, 0.1872108373518019, right(srz44230445297)
pos, 0.1872108373518019, right(srz24618673465)
pos, 0.1872108373518019, right(srz27409595544)
pos, 0.20741489118092746, right(srz24618671429)
pos, 0.1872108373518019, right(srz993110110958)
pos, 0.1872108373518019, right(srz27409598010)
pos, 0.1872108373518019, right(srz246186710477)
pos, 0.20741489118092746, right(srz99311014005)
pos, 0.1312754970724383, right(srz96566174159)
pos, 0.20741489118092746, right(srz44230447239)
pos, 0.18485684970456687, right(srz96566174160)
pos, 0.2252026121146009, right(srz96566178027)
pos, 0.26569465657955116, right(srz27409598457)
pos, 0.26569465657955116, right(srz96566175654)
pos, 0.20741489118092746, right(srz24618677928)
pos, 0.26569465657955116, right(srz274095914038)
pos, 0.26569465657955116, right(srz2740959955)
pos, 0.26978824010658575, right(srz8029723452)
pos, 0.20741489118092746, right(srz965661715529)
pos, 0.1872108373518019, right(srz24618678763)
pos, 0.26569465657955116, right(srz246186711382)
pos, 0.20741489118092746, right(srz44230447899)
pos, 0.20741489118092746, right(srz24618679709)
pos, 0.1872108373518019, right(srz8029726549)
pos, 0.20741489118092746, right(srz99311016215)
pos, 0.20741489118092746, right(srz44230442263)
pos, 0.17487980387577814, right(srz9931101110)
pos, 0.1872108373518019, right(srz274095913337)
pos, 0.18511330982967572, right(srz44248272584)
pos, 0.20741489118092746, right(srz96566177177)
pos, 0.20741489118092746, right(srz9656617714)
pos, 0.26569465657955116, right(srz9659492586)
pos, 0.1872108373518019, right(srz965949210314)
pos, 0.26569465657955116, right(srz8029724290)
pos, 0.26569465657955116, right(srz96566172201)
pos, 0.26569465657955116, right(srz24618676866)
pos, 0.26569465657955116, right(srz965661715547)
pos, 0.20741489118092746, right(srz96566178108)
pos, 0.26569465657955116, right(srz24618677166)
pos, 0.26569465657955116, right(srz80297210790)
pos, 0.26569465657955116, right(srz8029726430)
pos, 0.18511330982967572, right(srz1930610656)
pos, 0.26569465657955116, right(srz965949213955)
pos, 0.26978824010658575, right(srz96594928944)
pos, 0.20741489118092746, right(srz96566174743)
pos, 0.20741489118092746, right(srz2740959733)
pos, 0.26569465657955116, right(srz96594928961)
pos, 0.26569465657955116, right(srz96594923824)
pos, 0.26569465657955116, right(srz27409598453)
pos, 0.18511330982967572, right(srz965949212467)
pos, 0.20741489118092746, right(srz965949236)
pos, 0.1872108373518019, right(srz246186715730)
pos, 0.20741489118092746, right(srz993110112066)
pos, 0.18485684970456687, right(srz99311015619)
pos, 0.26569465657955116, right(srz246186716580)
pos, 0.20741489118092746, right(srz274095916856)
pos, 0.20741489118092746, right(srz99311019055)
pos, 0.26569465657955116, right(srz96566171169)
pos, 0.26569465657955116, right(srz274095915380)
pos, 0.20741489118092746, right(srz27409593239)
pos, 0.17487980387577814, right(srz27409597986)
pos, 0.18485684970456687, right(srz274095910278)
pos, 0.26569465657955116, right(srz2740959950)
pos, 0.1872108373518019, right(srz193067483)
pos, 0.20741489118092746, right(srz99311011000)
pos, 0.2252026121146009, right(srz1930610126)
pos, 0.26978824010658575, right(srz96594925770)
pos, 0.1312754970724383, right(srz44230447247)
neg, 0.1872108373518019, right(srz246186713223)
neg, 0.20741489118092746, right(srz8029726172)
neg, 0.12788281295511936, right(srz8029729116)
neg, 0.12788281295511936, right(srz8029723992)
neg, 0.12788281295511936, right(srz24618675348)
neg, 0.1312754970724383, right(srz24618676807)
neg, 0.12788281295511936, right(srz44230444259)
neg, 0.1872108373518019, right(srz19306774)
neg, 0.1872108373518019, right(srz246186714583)
neg, 0.1872108373518019, right(srz9931101438)
neg, 0.12788281295511936, right(srz27409591239)
neg, 0.12788281295511936, right(srz96566173033)
neg, 0.1312754970724383, right(srz44248271865)
neg, 0.1312754970724383, right(srz274095915076)
neg, 0.20741489118092746, right(srz44230448194)
neg, 0.1312754970724383, right(srz99311019150)
neg, 0.12788281295511936, right(srz246186711938)
neg, 0.1312754970724383, right(srz965661712472)
neg, 0.12788281295511936, right(srz27409593897)
neg, 0.1312754970724383, right(srz246186716756)
neg, 0.1312754970724383, right(srz27409596890)
neg, 0.12788281295511936, right(srz44230444181)
neg, 0.12788281295511936, right(srz246186711974)
neg, 0.12788281295511936, right(srz1930611720)
neg, 0.12788281295511936, right(srz2461867480)
neg, 0.1312754970724383, right(srz27409596705)
neg, 0.20741489118092746, right(srz27409597920)
neg, 0.12788281295511936, right(srz27409599058)
neg, 0.26569465657955116, right(srz993110199)
neg, 0.12788281295511936, right(srz274095910618)
neg, 0.1312754970724383, right(srz44230445085)
neg, 0.12788281295511936, right(srz193064623)
neg, 0.1284615400382881, right(srz965661710390)
neg, 0.1312754970724383, right(srz44230442131)
neg, 0.20741489118092746, right(srz8029723516)
neg, 0.1872108373518019, right(srz96594925684)
neg, 0.20741489118092746, right(srz44248272936)
neg, 0.12788281295511936, right(srz965949213391)
neg, 0.18511330982967572, right(srz193065166)
neg, 0.12788281295511936, right(srz27409591471)
neg, 0.1312754970724383, right(srz8029729941)
neg, 0.1872108373518019, right(srz96566172590)
neg, 0.17487980387577814, right(srz27409593478)
neg, 0.14158514118650908, right(srz965949210843)
neg, 0.1872108373518019, right(srz993110111844)
neg, 0.12788281295511936, right(srz274095910619)
neg, 0.13284978350377796, right(srz99311013039)
neg, 0.12788281295511936, right(srz193069401)
neg, 0.13284978350377796, right(srz8029729219)
neg, 0.20741489118092746, right(srz9931101338)
neg, 0.12788281295511936, right(srz44248273350)
neg, 0.1312754970724383, right(srz24618679068)
neg, 0.1872108373518019, right(srz193068705)
neg, 0.12788281295511936, right(srz27409591263)
neg, 0.1312754970724383, right(srz193061754)
neg, 0.12788281295511936, right(srz44248273522)
neg, 0.1872108373518019, right(srz993110111068)
neg, 0.12788281295511936, right(srz24618671010)
neg, 0.12788281295511936, right(srz274095911080)
neg, 0.1312754970724383, right(srz274095912092)
neg, 0.12788281295511936, right(srz274095912466)
neg, 0.1312754970724383, right(srz96594922481)
neg, 0.1284615400382881, right(srz44230442648)
neg, 0.1312754970724383, right(srz27409596766)
neg, 0.1312754970724383, right(srz96594929112)
neg, 0.1872108373518019, right(srz274095911115)
neg, 0.18511330982967572, right(srz19306609)
neg, 0.1312754970724383, right(srz8029729524)
neg, 0.1872108373518019, right(srz193062454)
neg, 0.18485684970456687, right(srz9931101442)
neg, 0.12788281295511936, right(srz274095913942)
neg, 0.1312754970724383, right(srz274095915516)
neg, 0.12788281295511936, right(srz96566174977)
neg, 0.12788281295511936, right(srz965949210041)
neg, 0.1312754970724383, right(srz193067278)
neg, 0.1312754970724383, right(srz96566179221)
neg, 0.1312754970724383, right(srz246186711167)
neg, 0.1312754970724383, right(srz965661711038)
neg, 0.12788281295511936, right(srz27409592390)
neg, 0.1312754970724383, right(srz8029723947)
neg, 0.12788281295511936, right(srz44248277641)
neg, 0.1872108373518019, right(srz24618677838)
neg, 0.14158514118650908, right(srz193065959)
neg, 0.20741489118092746, right(srz99311019909)
neg, 0.12788281295511936, right(srz44248273452)
neg, 0.12788281295511936, right(srz44248278106)
neg, 0.1872108373518019, right(srz1930611445)
neg, 0.1312754970724383, right(srz965949213058)
neg, 0.1872108373518019, right(srz44248272743)
neg, 0.2252026121146009, right(srz44248275801)
neg, 0.12788281295511936, right(srz965949211872)
neg, 0.1872108373518019, right(srz965949211534)
neg, 0.12788281295511936, right(srz246186713244)
neg, 0.20741489118092746, right(srz96566174843)
neg, 0.1312754970724383, right(srz246186716699)
neg, 0.12788281295511936, right(srz27409591205)
neg, 0.12788281295511936, right(srz246186711712)
neg, 0.12788281295511936, right(srz99311011183)
neg, 0.17487980387577814, right(srz96594923417)
neg, 0.1312754970724383, right(srz8029721264)
neg, 0.12788281295511936, right(srz24618671442)
neg, 0.12788281295511936, right(srz96594929263)
neg, 0.18485684970456687, right(srz8029724226)
neg, 0.20741489118092746, right(srz965949211361)
neg, 0.1312754970724383, right(srz8029725873)
neg, 0.12788281295511936, right(srz44230445620)
neg, 0.12788281295511936, right(srz274095917171)
neg, 0.20741489118092746, right(srz96566174777)
neg, 0.12788281295511936, right(srz96594926951)
neg, 0.1312754970724383, right(srz99311011333)
neg, 0.26978824010658575, right(srz80297210900)
neg, 0.1872108373518019, right(srz44248274171)
neg, 0.12788281295511936, right(srz4423044282)
neg, 0.1312754970724383, right(srz8029725174)
neg, 0.20741489118092746, right(srz24618676788)
neg, 0.1872108373518019, right(srz44248271945)
neg, 0.1312754970724383, right(srz193062172)
neg, 0.20741489118092746, right(srz44230446231)
neg, 0.12788281295511936, right(srz24618675994)
neg, 0.12788281295511936, right(srz24618671224)
neg, 0.1312754970724383, right(srz27409598117)
neg, 0.1312754970724383, right(srz44248274514)
neg, 0.1312754970724383, right(srz246186710021)
neg, 0.1312754970724383, right(srz965661712965)
neg, 0.20741489118092746, right(srz99311017096)
neg, 0.1312754970724383, right(srz99311017359)
neg, 0.20741489118092746, right(srz2740959873)
neg, 0.1312754970724383, right(srz96594922548)
neg, 0.1872108373518019, right(srz8029729682)
neg, 0.12788281295511936, right(srz44230443731)
neg, 0.1872108373518019, right(srz993110111850)
neg, 0.20741489118092746, right(srz8029725535)
neg, 0.1284615400382881, right(srz96594925350)
neg, 0.20741489118092746, right(srz1930610973)
neg, 0.20741489118092746, right(srz96594922351)
neg, 0.12788281295511936, right(srz27409594023)
neg, 0.1872108373518019, right(srz274095911104)
neg, 0.12788281295511936, right(srz44230447067)
neg, 0.12788281295511936, right(srz193064917)
neg, 0.1312754970724383, right(srz193067973)
neg, 0.12788281295511936, right(srz8029726052)
neg, 0.1312754970724383, right(srz96594924673)
neg, 0.12788281295511936, right(srz24618675200)
neg, 0.24364176356732303, right(srz8029724246)
neg, 0.1312754970724383, right(srz99311017610)
neg, 0.1312754970724383, right(srz24618678031)
neg, 0.15013817616499373, right(srz44230442371)
neg, 0.12788281295511936, right(srz99311014853)
neg, 0.20741489118092746, right(srz44248276939)
neg, 0.12788281295511936, right(srz27409591177)
neg, 0.12788281295511936, right(srz44230445657)
neg, 0.12788281295511936, right(srz965661715824)
neg, 0.2252026121146009, right(srz96566173882)
neg, 0.1312754970724383, right(srz99311012189)
neg, 0.2252026121146009, right(srz193064400)
neg, 0.1312754970724383, right(srz96566177985)
neg, 0.17487980387577814, right(srz99311015238)
neg, 0.1312754970724383, right(srz246186713385)
neg, 0.12788281295511936, right(srz193069491)
neg, 0.1872108373518019, right(srz193069924)
neg, 0.12788281295511936, right(srz8029724383)
neg, 0.12788281295511936, right(srz9931101804)
neg, 0.12788281295511936, right(srz9931101162)
neg, 0.20741489118092746, right(srz8029729403)
neg, 0.18485684970456687, right(srz8029729332)
neg, 0.20741489118092746, right(srz44248271418)
neg, 0.1872108373518019, right(srz44248273958)
neg, 0.1312754970724383, right(srz44230444858)
neg, 0.1872108373518019, right(srz4423044575)
neg, 0.17487980387577814, right(srz44230443468)
neg, 0.20741489118092746, right(srz27409592919)
neg, 0.18485684970456687, right(srz8029729319)
neg, 0.12788281295511936, right(srz99311014895)
neg, 0.20741489118092746, right(srz193068270)
neg, 0.12788281295511936, right(srz44230441623)
neg, 0.20741489118092746, right(srz96566175637)
neg, 0.1312754970724383, right(srz96594921894)
neg, 0.1312754970724383, right(srz44230446142)
neg, 0.12788281295511936, right(srz193066058)
neg, 0.1312754970724383, right(srz96566171080)
neg, 0.1872108373518019, right(srz99311014558)
neg, 0.20741489118092746, right(srz44248272673)
neg, 0.12788281295511936, right(srz274095958)
neg, 0.1312754970724383, right(srz24618673799)
neg, 0.1284615400382881, right(srz27409597108)
neg, 0.1312754970724383, right(srz96594924202)
neg, 0.1284615400382881, right(srz246186710679)
neg, 0.1312754970724383, right(srz96594928517)
neg, 0.1312754970724383, right(srz965661712466)
neg, 0.12788281295511936, right(srz96566172920)
neg, 0.12788281295511936, right(srz99311011160)
neg, 0.12788281295511936, right(srz274095914916)
neg, 0.1872108373518019, right(srz274095914592)
neg, 0.1312754970724383, right(srz965661713462)
neg, 0.1312754970724383, right(srz44248271646)
neg, 0.17487980387577814, right(srz193065104)
neg, 0.12788281295511936, right(srz246186714760)
neg, 0.1312754970724383, right(srz96566175456)
neg, 0.1312754970724383, right(srz193067313)
neg, 0.1312754970724383, right(srz193067300)
neg, 0.14158514118650908, right(srz44248276568)
neg, 0.12788281295511936, right(srz193065454)
neg, 0.12788281295511936, right(srz965661713886)
neg, 0.1312754970724383, right(srz96594929745)
neg, 0.1872108373518019, right(srz274095911184)
neg, 0.17487980387577814, right(srz8029729343)
neg, 0.13284978350377796, right(srz8029724412)
neg, 0.17487980387577814, right(srz27409593401)
neg, 0.1312754970724383, right(srz965661714624)
neg, 0.20741489118092746, right(srz193068229)
neg, 0.12788281295511936, right(srz99311016717)
neg, 0.1872108373518019, right(srz99311011830)
neg, 0.12788281295511936, right(srz965661715994)
neg, 0.1872108373518019, right(srz993110110434)
neg, 0.1312754970724383, right(srz96594928129)
neg, 0.1284615400382881, right(srz44230442633)
neg, 0.12788281295511936, right(srz965949212056)
neg, 0.17487980387577814, right(srz27409593415)
neg, 0.18485684970456687, right(srz193067090)
neg, 0.20741489118092746, right(srz993110111081)
neg, 0.12788281295511936, right(srz24618673117)
neg, 0.18485684970456687, right(srz96566173424)
neg, 0.1312754970724383, right(srz24618673655)
neg, 0.17487980387577814, right(srz99311011396)
neg, 0.12788281295511936, right(srz24618672263)
neg, 0.12788281295511936, right(srz8029727019)
neg, 0.17487980387577814, right(srz99311015242)
neg, 0.18485684970456687, right(srz965661712238)
neg, 0.12788281295511936, right(srz965661711228)
neg, 0.12788281295511936, right(srz96566171799)
neg, 0.12788281295511936, right(srz8029725413)
neg, 0.1284615400382881, right(srz44230442577)
neg, 0.12788281295511936, right(srz8029726085)
neg, 0.12788281295511936, right(srz193063188)
neg, 0.1312754970724383, right(srz4423044175)
neg, 0.12788281295511936, right(srz44230446865)
neg, 0.1872108373518019, right(srz965661710352)
neg, 0.18511330982967572, right(srz19306667)
neg, 0.1312754970724383, right(srz965661710942)
neg, 0.1312754970724383, right(srz9656617969)
neg, 0.1284615400382881, right(srz96594921286)
neg, 0.12788281295511936, right(srz965949212680)
neg, 0.14158514118650908, right(srz8029723730)
neg, 0.1312754970724383, right(srz274095910720)
neg, 0.1312754970724383, right(srz965661712313)
neg, 0.12788281295511936, right(srz99311016806)
neg, 0.1312754970724383, right(srz27409596141)
neg, 0.1312754970724383, right(srz44230444397)
neg, 0.12788281295511936, right(srz44248271784)
neg, 0.12788281295511936, right(srz27409599535)
neg, 0.18485684970456687, right(srz44248271440)
neg, 0.1312754970724383, right(srz9656617972)
neg, 0.20741489118092746, right(srz8029727831)
neg, 0.1872108373518019, right(srz193062459)
neg, 0.12788281295511936, right(srz27409591315)
neg, 0.12788281295511936, right(srz9931101769)
neg, 0.18511330982967572, right(srz246186715241)
neg, 0.12788281295511936, right(srz246186714828)
neg, 0.12788281295511936, right(srz99311016769)
neg, 0.12788281295511936, right(srz4424827690)
neg, 0.1312754970724383, right(srz246186716237)
neg, 0.20741489118092746, right(srz193068205)
neg, 0.20741489118092746, right(srz993110110707)
neg, 0.12788281295511936, right(srz24618675167)
neg, 0.12788281295511936, right(srz8029721330)
neg, 0.12788281295511936, right(srz8029725843)
neg, 0.12788281295511936, right(srz2740959122)
neg, 0.12788281295511936, right(srz442304419)
neg, 0.1872108373518019, right(srz96594924909)
neg, 0.12788281295511936, right(srz274095915396)
neg, 0.1312754970724383, right(srz274095910416)
neg, 0.1312754970724383, right(srz9656617942)
neg, 0.13284978350377796, right(srz246186716459)
neg, 0.12788281295511936, right(srz27409591449)
neg, 0.12788281295511936, right(srz965661711965)
neg, 0.1872108373518019, right(srz193068886)
neg, 0.1312754970724383, right(srz8029729906)
neg, 0.1312754970724383, right(srz99311011420)
neg, 0.12788281295511936, right(srz965661711947)
neg, 0.1312754970724383, right(srz8029729939)
neg, 0.12788281295511936, right(srz8029722905)
neg, 0.1312754970724383, right(srz96594924719)
neg, 0.13284978350377796, right(srz27409593635)
neg, 0.12788281295511936, right(srz246186711709)
neg, 0.1312754970724383, right(srz8029729523)
neg, 0.18485684970456687, right(srz965661712218)
neg, 0.1312754970724383, right(srz24618676533)
neg, 0.13284978350377796, right(srz96594928700)
neg, 0.13284978350377796, right(srz99311019667)
neg, 0.12788281295511936, right(srz96566173490)
neg, 0.14158514118650908, right(srz8029723703)
neg, 0.1872108373518019, right(srz44230441551)
neg, 0.20741489118092746, right(srz193067546)
neg, 0.1284615400382881, right(srz24618675821)
neg, 0.12788281295511936, right(srz8029725949)
neg, 0.17487980387577814, right(srz44248274206)
neg, 0.12788281295511936, right(srz44248277771)
neg, 0.1312754970724383, right(srz802972948)
neg, 0.12788281295511936, right(srz274095920)
neg, 0.1312754970724383, right(srz27409595971)
neg, 0.1312754970724383, right(srz44230443080)
neg, 0.20741489118092746, right(srz99311017489)
neg, 0.20741489118092746, right(srz993110110197)
neg, 0.13284978350377796, right(srz4424827425)
neg, 0.12788281295511936, right(srz193063156)
neg, 0.1872108373518019, right(srz19306209)
neg, 0.1312754970724383, right(srz27409596666)
neg, 0.12788281295511936, right(srz99311016536)
neg, 0.12788281295511936, right(srz99311016808)
neg, 0.1312754970724383, right(srz965661712533)
neg, 0.1312754970724383, right(srz96594927390)
neg, 0.1312754970724383, right(srz8029726727)
neg, 0.1872108373518019, right(srz193069901)
neg, 0.18485684970456687, right(srz8029724951)
neg, 0.1872108373518019, right(srz274095914610)
neg, 0.1312754970724383, right(srz44248277057)
neg, 0.1312754970724383, right(srz193067203)
neg, 0.18485684970456687, right(srz19306650)
neg, 0.1312754970724383, right(srz8029724641)
neg, 0.12788281295511936, right(srz965949210935)
neg, 0.1312754970724383, right(srz27409594394)
neg, 0.1872108373518019, right(srz44230447548)
neg, 0.1312754970724383, right(srz8029729529)
neg, 0.12788281295511936, right(srz27409599460)
neg, 0.12788281295511936, right(srz8029728845)
neg, 0.1312754970724383, right(srz193062574)
neg, 0.12788281295511936, right(srz4424827843)
neg, 0.1312754970724383, right(srz44248277247)
neg, 0.12788281295511936, right(srz99311014886)
neg, 0.12788281295511936, right(srz96566176639)
neg, 0.12788281295511936, right(srz274095914765)
neg, 0.1312754970724383, right(srz27409596019)
neg, 0.12788281295511936, right(srz246186716207)
neg, 0.12788281295511936, right(srz44230444002)
neg, 0.1312754970724383, right(srz99311011969)
neg, 0.1312754970724383, right(srz44230443427)
neg, 0.12788281295511936, right(srz8029725994)
neg, 0.1312754970724383, right(srz44248275962)
neg, 0.18485684970456687, right(srz19306846)
neg, 0.1312754970724383, right(srz27409595974)
neg, 0.1872108373518019, right(srz24618673767)
neg, 0.14158514118650908, right(srz44248276648)
neg, 0.1872108373518019, right(srz1930611061)
neg, 0.1312754970724383, right(srz44230445109)
neg, 0.12788281295511936, right(srz274095913883)
neg, 0.1872108373518019, right(srz274095911602)
neg, 0.12788281295511936, right(srz246186768)
neg, 0.1312754970724383, right(srz274095913238)
neg, 0.1312754970724383, right(srz24618674834)
neg, 0.1872108373518019, right(srz99311011561)
neg, 0.1312754970724383, right(srz44248277029)
neg, 0.1284615400382881, right(srz96566171414)
neg, 0.12788281295511936, right(srz274095914823)
neg, 0.12788281295511936, right(srz96594929374)
neg, 0.12788281295511936, right(srz44230441016)
neg, 0.12788281295511936, right(srz8029726102)
neg, 0.1312754970724383, right(srz99311012560)
neg, 0.12788281295511936, right(srz44248275837)
neg, 0.12788281295511936, right(srz193069535)
neg, 0.1872108373518019, right(srz8029721952)
neg, 0.1284615400382881, right(srz96594925258)
neg, 0.1312754970724383, right(srz44248273103)
neg, 0.12788281295511936, right(srz44248275589)
neg, 0.20741489118092746, right(srz24618679870)
neg, 0.12788281295511936, right(srz27409594316)
neg, 0.20741489118092746, right(srz24618677738)
neg, 0.1872108373518019, right(srz4423044714)
neg, 0.20741489118092746, right(srz965949212624)
neg, 0.1284615400382881, right(srz274095912286)
neg, 0.12788281295511936, right(srz44230441042)
neg, 0.20741489118092746, right(srz27409596961)
neg, 0.1312754970724383, right(srz965949213114)
neg, 0.1312754970724383, right(srz44230444885)
neg, 0.18485684970456687, right(srz96594921945)
neg, 0.18485684970456687, right(srz4424827159)
neg, 0.12788281295511936, right(srz96594922764)
neg, 0.1872108373518019, right(srz246186711217)
neg, 0.18485684970456687, right(srz80297210444)
neg, 0.20741489118092746, right(srz8029726188)
neg, 0.13284978350377796, right(srz44230441723)
neg, 0.20741489118092746, right(srz27409594559)
neg, 0.1312754970724383, right(srz96566177045)
neg, 0.12788281295511936, right(srz44248277879)
neg, 0.1872108373518019, right(srz8029726472)
neg, 0.1312754970724383, right(srz4424827130)
neg, 0.1872108373518019, right(srz246186716741)
neg, 0.12788281295511936, right(srz246186710811)
neg, 0.12788281295511936, right(srz193061689)
neg, 0.12788281295511936, right(srz965949212034)
neg, 0.17487980387577814, right(srz193069569)
neg, 0.20741489118092746, right(srz993110110873)
neg, 0.12788281295511936, right(srz27409592404)
neg, 0.20741489118092746, right(srz274095911550)
neg, 0.1312754970724383, right(srz965949210152)
neg, 0.20741489118092746, right(srz27409594438)
neg, 0.1872108373518019, right(srz96566178255)
neg, 0.20741489118092746, right(srz19306587)
neg, 0.1872108373518019, right(srz8029724864)
neg, 0.12788281295511936, right(srz99311015095)
neg, 0.20741489118092746, right(srz27409592063)
neg, 0.20741489118092746, right(srz8029728466)
neg, 0.13284978350377796, right(srz99311013890)
neg, 0.12788281295511936, right(srz96566176130)
neg, 0.12788281295511936, right(srz96594929411)
neg, 0.12788281295511936, right(srz44230446359)
neg, 0.12788281295511936, right(srz965949212784)
neg, 0.12788281295511936, right(srz965661711706)
neg, 0.12788281295511936, right(srz8029725972)
neg, 0.20741489118092746, right(srz99311014435)
neg, 0.12788281295511936, right(srz44230441631)
neg, 0.12788281295511936, right(srz24618676414)
neg, 0.20741489118092746, right(srz8029726834)
neg, 0.1872108373518019, right(srz802972876)
neg, 0.13284978350377796, right(srz44230446701)
neg, 0.14158514118650908, right(srz965949210748)
neg, 0.12788281295511936, right(srz8029723842)
neg, 0.1312754970724383, right(srz8029726952)
neg, 0.12788281295511936, right(srz44248278115)
neg, 0.1312754970724383, right(srz24618673572)
neg, 0.12788281295511936, right(srz1930612299)
neg, 0.1312754970724383, right(srz96566171035)
neg, 0.12788281295511936, right(srz96566173676)
neg, 0.13284978350377796, right(srz4424827498)
neg, 0.1284615400382881, right(srz9656617255)
neg, 0.12788281295511936, right(srz4423044235)
neg, 0.1312754970724383, right(srz8029724728)
neg, 0.20741489118092746, right(srz96566178489)
neg, 0.12788281295511936, right(srz27409599112)
neg, 0.1312754970724383, right(srz24618675042)
neg, 0.20741489118092746, right(srz246186713895)
neg, 0.20741489118092746, right(srz1930610965)
neg, 0.20741489118092746, right(srz96594929940)
neg, 0.17487980387577814, right(srz27409593429)
neg, 0.14158514118650908, right(srz274095913354)
neg, 0.1312754970724383, right(srz8029723015)
neg, 0.12788281295511936, right(srz27409593028)
neg, 0.12788281295511936, right(srz246186712564)
neg, 0.1312754970724383, right(srz44230444743)
neg, 0.1312754970724383, right(srz274095912660)
neg, 0.12788281295511936, right(srz96594929228)
neg, 0.1284615400382881, right(srz96594925216)
neg, 0.18485684970456687, right(srz193065391)
neg, 0.1312754970724383, right(srz246186715099)
neg, 0.12788281295511936, right(srz965949210949)
neg, 0.24939322129195243, right(srz44248276040)
neg, 0.1312754970724383, right(srz274095914356)
neg, 0.12788281295511936, right(srz27409591086)
neg, 0.1872108373518019, right(srz96566172420)
neg, 0.1872108373518019, right(srz99311014427)
neg, 0.12788281295511936, right(srz99311013281)
neg, 0.18485684970456687, right(srz8029724992)
neg, 0.1312754970724383, right(srz44248272078)
neg, 0.12788281295511936, right(srz274095914266)
neg, 0.12788281295511936, right(srz99311014862)
neg, 0.1312754970724383, right(srz9656617888)
neg, 0.20741489118092746, right(srz965661710141)
neg, 0.14158514118650908, right(srz44248275168)
neg, 0.12788281295511936, right(srz274095914821)
neg, 0.12788281295511936, right(srz44230448041)
neg, 0.1312754970724383, right(srz965661712848)
neg, 0.1312754970724383, right(srz965661713312)
neg, 0.12788281295511936, right(srz96566177830)
neg, 0.1312754970724383, right(srz802972312)
neg, 0.1312754970724383, right(srz246186712929)
neg, 0.12788281295511936, right(srz27409595255)
neg, 0.1872108373518019, right(srz8029726810)
neg, 0.1284615400382881, right(srz9656617162)
neg, 0.12788281295511936, right(srz193064904)
neg, 0.1312754970724383, right(srz96566179209)
neg, 0.20741489118092746, right(srz24618675)
neg, 0.1312754970724383, right(srz96594929838)
neg, 0.20741489118092746, right(srz193064257)
neg, 0.12788281295511936, right(srz246186713830)
neg, 0.1312754970724383, right(srz96566179951)
neg, 0.12788281295511936, right(srz27409591113)
neg, 0.1284615400382881, right(srz44248277111)
neg, 0.26569465657955116, right(srz8029727823)
neg, 0.20741489118092746, right(srz99311014613)
neg, 0.1312754970724383, right(srz274095917294)
neg, 0.12788281295511936, right(srz274095914998)
neg, 0.1312754970724383, right(srz193069649)
neg, 0.12788281295511936, right(srz96594926959)
neg, 0.12788281295511936, right(srz193066222)
neg, 0.12788281295511936, right(srz274095913900)
neg, 0.1312754970724383, right(srz24618674860)
neg, 0.13284978350377796, right(srz44248274408)
neg, 0.1312754970724383, right(srz96566176372)
neg, 0.12788281295511936, right(srz193069459)
neg, 0.1312754970724383, right(srz44230447549)
neg, 0.1872108373518019, right(srz193062995)
neg, 0.1312754970724383, right(srz27409596156)
neg, 0.1312754970724383, right(srz246186710429)
neg, 0.12788281295511936, right(srz1930611932)
neg, 0.12788281295511936, right(srz27409593834)
neg, 0.1312754970724383, right(srz1930611385)
neg, 0.13284978350377796, right(srz8029728978)
neg, 0.1312754970724383, right(srz1930620)
neg, 0.1312754970724383, right(srz44230443341)
neg, 0.13284978350377796, right(srz4424827479)
neg, 0.20741489118092746, right(srz96566178100)
neg, 0.1872108373518019, right(srz44230447975)
neg, 0.12788281295511936, right(srz965661710018)
neg, 0.1312754970724383, right(srz44230447575)
neg, 0.1284615400382881, right(srz96594925284)
neg, 0.18485684970456687, right(srz19306874)
neg, 0.12788281295511936, right(srz96566173677)
neg, 0.1312754970724383, right(srz27409596729)
neg, 0.26569465657955116, right(srz193068334)
neg, 0.12788281295511936, right(srz193067879)
neg, 0.17487980387577814, right(srz96594927765)
neg, 0.1312754970724383, right(srz99311014119)
neg, 0.1312754970724383, right(srz9659492240)
neg, 0.1872108373518019, right(srz44248271981)
neg, 0.1872108373518019, right(srz8029724902)
neg, 0.20741489118092746, right(srz24618673888)
neg, 0.12788281295511936, right(srz193066010)
neg, 0.12788281295511936, right(srz44248272382)
neg, 0.12788281295511936, right(srz193069178)
neg, 0.12788281295511936, right(srz965949212436)
neg, 0.1312754970724383, right(srz44248278211)
neg, 0.20741489118092746, right(srz965949213896)
neg, 0.1312754970724383, right(srz96594929842)
neg, 0.1312754970724383, right(srz8029725323)
neg, 0.1312754970724383, right(srz8029728181)
neg, 0.1312754970724383, right(srz44230444362)
neg, 0.20741489118092746, right(srz2740959359)
neg, 0.12788281295511936, right(srz965661715726)
neg, 0.1312754970724383, right(srz8029726655)
neg, 0.12788281295511936, right(srz99311016606)
neg, 0.15013817616499373, right(srz96566177092)
neg, 0.1312754970724383, right(srz965661715289)
neg, 0.12788281295511936, right(srz99311016483)
neg, 0.12788281295511936, right(srz2461867984)
neg, 0.1312754970724383, right(srz193063419)
neg, 0.20741489118092746, right(srz27409598563)
neg, 0.12788281295511936, right(srz27409591981)
neg, 0.1312754970724383, right(srz96566172723)
neg, 0.1312754970724383, right(srz24618678042)
neg, 0.12788281295511936, right(srz2461867492)
neg, 0.12788281295511936, right(srz99311012679)
neg, 0.17487980387577814, right(srz193069584)
neg, 0.12788281295511936, right(srz442304454)
neg, 0.12788281295511936, right(srz96566178879)
neg, 0.12788281295511936, right(srz44248278055)
neg, 0.1872108373518019, right(srz193066332)
neg, 0.1872108373518019, right(srz8029728410)
neg, 0.1872108373518019, right(srz96594922600)
neg, 0.1312754970724383, right(srz993110111509)
neg, 0.12788281295511936, right(srz246186747)
neg, 0.20741489118092746, right(srz8029729796)
neg, 0.12788281295511936, right(srz246186714913)
neg, 0.12788281295511936, right(srz96566176046)
neg, 0.1312754970724383, right(srz96594921879)
neg, 0.13284978350377796, right(srz193068667)
neg, 0.20741489118092746, right(srz1930610788)
neg, 0.18485684970456687, right(srz8029727929)
neg, 0.12788281295511936, right(srz44248275581)
neg, 0.12788281295511936, right(srz246186715969)
neg, 0.1872108373518019, right(srz965661714160)
neg, 0.1284615400382881, right(srz9656617215)
neg, 0.12788281295511936, right(srz99311014777)
neg, 0.12788281295511936, right(srz1930611903)
neg, 0.12788281295511936, right(srz8029727725)
neg, 0.1312754970724383, right(srz965661715380)
neg, 0.14158514118650908, right(srz44248275213)
neg, 0.1312754970724383, right(srz193062749)
neg, 0.12788281295511936, right(srz8029723327)
neg, 0.1312754970724383, right(srz24618674847)
neg, 0.12788281295511936, right(srz44248276880)
neg, 0.1872108373518019, right(srz193064735)
neg, 0.1312754970724383, right(srz24618677588)
neg, 0.18485684970456687, right(srz44230446749)
neg, 0.1312754970724383, right(srz96566175481)
neg, 0.12788281295511936, right(srz8029723812)
neg, 0.1872108373518019, right(srz965949210725)
neg, 0.12788281295511936, right(srz193066194)
neg, 0.1312754970724383, right(srz96594924294)
neg, 0.12788281295511936, right(srz1930611746)
neg, 0.12788281295511936, right(srz965949211895)
neg, 0.13284978350377796, right(srz193065070)
neg, 0.13284978350377796, right(srz8029728907)
neg, 0.17487980387577814, right(srz44248278175)
neg, 0.12788281295511936, right(srz96594921396)
neg, 0.1872108373518019, right(srz27409598274)
neg, 0.12788281295511936, right(srz44248275455)
neg, 0.12788281295511936, right(srz99311019723)
neg, 0.18485684970456687, right(srz96594927745)
neg, 0.1312754970724383, right(srz965949212626)
neg, 0.17487980387577814, right(srz44248273886)
neg, 0.12788281295511936, right(srz96566171572)
neg, 0.26569465657955116, right(srz8029728330)
neg, 0.12788281295511936, right(srz99311016810)
neg, 0.1872108373518019, right(srz44248276085)
neg, 0.1312754970724383, right(srz96594928979)
neg, 0.12788281295511936, right(srz2740959688)
neg, 0.12788281295511936, right(srz44230442725)
neg, 0.18485684970456687, right(srz9931101280)
neg, 0.12788281295511936, right(srz8029725484)
neg, 0.12788281295511936, right(srz44248271236)
neg, 0.1872108373518019, right(srz246186715424)
neg, 0.1312754970724383, right(srz965661714081)
neg, 0.12788281295511936, right(srz24618679105)
neg, 0.1312754970724383, right(srz193061781)
neg, 0.18485684970456687, right(srz965949211195)
neg, 0.17487980387577814, right(srz193065095)
neg, 0.12788281295511936, right(srz965661711948)
neg, 0.1312754970724383, right(srz965949212301)
neg, 0.18485684970456687, right(srz193069205)
neg, 0.13284978350377796, right(srz965661714330)
neg, 0.15013817616499373, right(srz44248271222)
neg, 0.1312754970724383, right(srz99311016269)
neg, 0.20741489118092746, right(srz96566175206)
neg, 0.1312754970724383, right(srz965661715343)
neg, 0.12788281295511936, right(srz99311017903)
neg, 0.12788281295511936, right(srz9656617693)
neg, 0.1284615400382881, right(srz96594926572)
neg, 0.1312754970724383, right(srz8029726757)
neg, 0.12788281295511936, right(srz246186717157)
neg, 0.12788281295511936, right(srz193062682)
neg, 0.1312754970724383, right(srz24618674681)
neg, 0.12788281295511936, right(srz24618677345)
neg, 0.13284978350377796, right(srz4423044289)
neg, 0.12788281295511936, right(srz24618672254)
neg, 0.12788281295511936, right(srz99311016605)
neg, 0.12788281295511936, right(srz274095910604)
neg, 0.12788281295511936, right(srz193063742)
neg, 0.12788281295511936, right(srz44248273425)
neg, 0.12788281295511936, right(srz44248275657)
neg, 0.1872108373518019, right(srz96594924912)
neg, 0.12788281295511936, right(srz96566174969)
neg, 0.12788281295511936, right(srz193063172)
neg, 0.18485684970456687, right(srz96566174137)
neg, 0.12788281295511936, right(srz27409593183)
neg, 0.1312754970724383, right(srz99311011931)
neg, 0.12788281295511936, right(srz193061690)
neg, 0.12788281295511936, right(srz27409594105)
neg, 0.1312754970724383, right(srz193061944)
neg, 0.12788281295511936, right(srz24618671340)
neg, 0.1312754970724383, right(srz99311016919)
neg, 0.1312754970724383, right(srz24618673515)
neg, 0.14158514118650908, right(srz8029727511)
neg, 0.12788281295511936, right(srz96566171779)
neg, 0.12788281295511936, right(srz80297210384)
neg, 0.1312754970724383, right(srz44230444915)
neg, 0.2252026121146009, right(srz96594928972)
neg, 0.13284978350377796, right(srz99311013877)
neg, 0.12788281295511936, right(srz246186710755)
neg, 0.1312754970724383, right(srz99311011652)
neg, 0.12788281295511936, right(srz274095911335)
neg, 0.12788281295511936, right(srz965661712204)
neg, 0.1872108373518019, right(srz965949211550)
neg, 0.1312754970724383, right(srz8029723260)
neg, 0.12788281295511936, right(srz193065470)
neg, 0.12788281295511936, right(srz96594925422)
neg, 0.1284615400382881, right(srz965661710392)
neg, 0.1872108373518019, right(srz44230447395)
neg, 0.1312754970724383, right(srz965949213061)
neg, 0.12788281295511936, right(srz99311017909)
neg, 0.1312754970724383, right(srz965661713470)
neg, 0.12788281295511936, right(srz246186717129)
neg, 0.12788281295511936, right(srz24618676448)
neg, 0.1312754970724383, right(srz96566174057)
neg, 0.1284615400382881, right(srz24618675730)
neg, 0.1284615400382881, right(srz96594926489)
neg, 0.1312754970724383, right(srz96566171108)
neg, 0.1312754970724383, right(srz246186710197)
neg, 0.1312754970724383, right(srz96566171291)
neg, 0.12788281295511936, right(srz4424827875)
neg, 0.12788281295511936, right(srz802972411)
neg, 0.12788281295511936, right(srz24618679418)
neg, 0.1312754970724383, right(srz193065553)
neg, 0.26569465657955116, right(srz99311013579)
neg, 0.12788281295511936, right(srz9656617617)
neg, 0.1312754970724383, right(srz99311011989)
neg, 0.1312754970724383, right(srz99311017110)
neg, 0.1312754970724383, right(srz193062756)
neg, 0.1284615400382881, right(srz96594928480)
neg, 0.18485684970456687, right(srz965949214044)
neg, 0.1872108373518019, right(srz193068656)
neg, 0.1872108373518019, right(srz99311014421)
neg, 0.1312754970724383, right(srz27409599946)
neg, 0.12788281295511936, right(srz8029722650)
neg, 0.1312754970724383, right(srz99311017734)
neg, 0.1312754970724383, right(srz965661714464)
neg, 0.1312754970724383, right(srz193061183)
neg, 0.1284615400382881, right(srz1930610338)
neg, 0.12788281295511936, right(srz965949212863)
neg, 0.18485684970456687, right(srz99311015162)
neg, 0.1284615400382881, right(srz24618678655)
neg, 0.12788281295511936, right(srz96594929182)
neg, 0.20741489118092746, right(srz274095917024)
neg, 0.12788281295511936, right(srz246186710825)
neg, 0.12788281295511936, right(srz99311019495)
neg, 0.12788281295511936, right(srz27409599244)
neg, 0.12788281295511936, right(srz4423044869)
neg, 0.18485684970456687, right(srz99311016306)
neg, 0.12788281295511936, right(srz99311016607)
neg, 0.1312754970724383, right(srz274095915622)
neg, 0.12788281295511936, right(srz27409596373)
neg, 0.12788281295511936, right(srz965661710776)
neg, 0.12788281295511936, right(srz193063684)
neg, 0.12788281295511936, right(srz96594923375)
neg, 0.12788281295511936, right(srz8029728266)
neg, 0.1284615400382881, right(srz965661710457)
neg, 0.1312754970724383, right(srz8029726671)
neg, 0.1312754970724383, right(srz8029727000)
neg, 0.1312754970724383, right(srz1930610163)
neg, 0.1312754970724383, right(srz193061232)
neg, 0.1872108373518019, right(srz99311019339)
neg, 0.1284615400382881, right(srz44230445385)
neg, 0.12788281295511936, right(srz193069988)
neg, 0.14158514118650908, right(srz8029723675)
neg, 0.1312754970724383, right(srz274095916790)
neg, 0.12788281295511936, right(srz965661712608)
neg, 0.12788281295511936, right(srz44230447156)
neg, 0.12788281295511936, right(srz193064051)
neg, 0.1284615400382881, right(srz246186710515)
neg, 0.1872108373518019, right(srz24618673699)
neg, 0.18511330982967572, right(srz24618672398)
neg, 0.12788281295511936, right(srz27409598500)
neg, 0.14158514118650908, right(srz44248275115)
neg, 0.12788281295511936, right(srz993110111285)
neg, 0.12788281295511936, right(srz193063192)
neg, 0.1312754970724383, right(srz8029725869)
neg, 0.1312754970724383, right(srz99311011854)
neg, 0.1312754970724383, right(srz27409598045)
neg, 0.20741489118092746, right(srz193069622)
neg, 0.12788281295511936, right(srz96566171637)
neg, 0.20741489118092746, right(srz24618676368)
neg, 0.1312754970724383, right(srz965661714588)
neg, 0.12788281295511936, right(srz27409592556)
neg, 0.12788281295511936, right(srz27409599166)
neg, 0.1312754970724383, right(srz8029723018)
neg, 0.20741489118092746, right(srz965661712662)
neg, 0.18485684970456687, right(srz193068066)
neg, 0.20741489118092746, right(srz2740959401)
neg, 0.1312754970724383, right(srz8029724746)
neg, 0.12788281295511936, right(srz965949210454)
neg, 0.1312754970724383, right(srz965661712296)
neg, 0.12788281295511936, right(srz44248275306)
neg, 0.1872108373518019, right(srz27409597072)
neg, 0.12788281295511936, right(srz802972999)
neg, 0.1872108373518019, right(srz8029724869)
neg, 0.17487980387577814, right(srz96566177768)
neg, 0.1312754970724383, right(srz96566176428)
neg, 0.1312754970724383, right(srz96566176381)
neg, 0.1312754970724383, right(srz993110111464)
neg, 0.12788281295511936, right(srz96566177951)
neg, 0.12788281295511936, right(srz24618678963)
neg, 0.12788281295511936, right(srz8029721302)
neg, 0.1312754970724383, right(srz1930610613)
neg, 0.13284978350377796, right(srz99311019569)
neg, 0.18485684970456687, right(srz99311019867)
neg, 0.1312754970724383, right(srz274095915137)
neg, 0.1312754970724383, right(srz802972642)
neg, 0.1872108373518019, right(srz99311011834)
neg, 0.12788281295511936, right(srz27409595808)
neg, 0.1872108373518019, right(srz8029728163)
neg, 0.1872108373518019, right(srz44230441934)
neg, 0.1312754970724383, right(srz44230444472)
neg, 0.1284615400382881, right(srz96594925308)
neg, 0.1872108373518019, right(srz44248271012)
neg, 0.1312754970724383, right(srz96566174592)
neg, 0.20741489118092746, right(srz8029729064)
neg, 0.12788281295511936, right(srz2461867272)
neg, 0.12788281295511936, right(srz2740959436)
neg, 0.12788281295511936, right(srz27409593915)
neg, 0.12788281295511936, right(srz27409597392)
neg, 0.12788281295511936, right(srz193063940)
neg, 0.12788281295511936, right(srz96594925481)
neg, 0.1312754970724383, right(srz96594924238)
neg, 0.20741489118092746, right(srz96594923286)
neg, 0.1284615400382881, right(srz246186710545)
neg, 0.1872108373518019, right(srz965949211092)
neg, 0.20741489118092746, right(srz80297295)
neg, 0.1312754970724383, right(srz96594926786)
neg, 0.1312754970724383, right(srz193064763)
neg, 0.20741489118092746, right(srz274095912615)
neg, 0.12788281295511936, right(srz274095914797)
neg, 0.1312754970724383, right(srz99311012825)
neg, 0.1872108373518019, right(srz193061919)
neg, 0.20741489118092746, right(srz1930610151)
neg, 0.12788281295511936, right(srz24618673157)
neg, 0.18511330982967572, right(srz24618672397)
neg, 0.1312754970724383, right(srz99311017757)
neg, 0.20741489118092746, right(srz8029721084)
neg, 0.1312754970724383, right(srz99311018976)
neg, 0.1312754970724383, right(srz96566172228)
neg, 0.1872108373518019, right(srz246186716805)
neg, 0.20741489118092746, right(srz27409592909)
neg, 0.1312754970724383, right(srz193067020)
neg, 0.1312754970724383, right(srz193064324)
neg, 0.14158514118650908, right(srz965949210854)
neg, 0.1312754970724383, right(srz802972574)
neg, 0.12788281295511936, right(srz96594921373)
neg, 0.18485684970456687, right(srz44248273995)
neg, 0.12788281295511936, right(srz99311012716)
neg, 0.18485684970456687, right(srz993110111788)
neg, 0.18485684970456687, right(srz193065617)
neg, 0.1312754970724383, right(srz24618675608)
neg, 0.1312754970724383, right(srz96566177499)
neg, 0.12788281295511936, right(srz246186710262)
neg, 0.2252026121146009, right(srz24618676676)
neg, 0.20741489118092746, right(srz2740959865)
neg, 0.12788281295511936, right(srz44248275316)
neg, 0.13284978350377796, right(srz99311013828)
neg, 0.1312754970724383, right(srz24618677590)
neg, 0.12788281295511936, right(srz27409594116)
neg, 0.12788281295511936, right(srz80297210333)
neg, 0.1312754970724383, right(srz8029728486)
neg, 0.12788281295511936, right(srz27409592619)
neg, 0.1312754970724383, right(srz44248271484)
neg, 0.1284615400382881, right(srz96594921261)
neg, 0.1312754970724383, right(srz44248274914)
neg, 0.12788281295511936, right(srz993110111253)
neg, 0.12788281295511936, right(srz99311014878)
neg, 0.1872108373518019, right(srz96594922231)
neg, 0.1872108373518019, right(srz246186713165)
neg, 0.1312754970724383, right(srz965949210545)
neg, 0.12788281295511936, right(srz27409595301)
neg, 0.1872108373518019, right(srz96566177372)
neg, 0.1312754970724383, right(srz44248275559)
neg, 0.13284978350377796, right(srz99311013841)
neg, 0.20741489118092746, right(srz246186715469)
neg, 0.1312754970724383, right(srz44230441441)
neg, 0.13284978350377796, right(srz99311013847)
neg, 0.12788281295511936, right(srz965949210994)
neg, 0.12788281295511936, right(srz802972921)
neg, 0.1284615400382881, right(srz96594925229)
neg, 0.1312754970724383, right(srz193064331)
neg, 0.15013817616499373, right(srz246186716609)
neg, 0.12788281295511936, right(srz246186714808)
neg, 0.1872108373518019, right(srz274095913315)
neg, 0.12788281295511936, right(srz2740959258)
neg, 0.12788281295511936, right(srz8029722613)
neg, 0.12788281295511936, right(srz96594925510)
neg, 0.12788281295511936, right(srz27409591780)
neg, 0.1872108373518019, right(srz193063274)
neg, 0.1312754970724383, right(srz246186710103)
neg, 0.1872108373518019, right(srz96594929922)
neg, 0.17487980387577814, right(srz1930648)
neg, 0.12788281295511936, right(srz27409592558)
neg, 0.12788281295511936, right(srz2461867127)
neg, 0.12788281295511936, right(srz44230445170)
neg, 0.20741489118092746, right(srz965661716053)
neg, 0.12788281295511936, right(srz246186710785)
neg, 0.1872108373518019, right(srz96566174234)
neg, 0.12788281295511936, right(srz24618678004)
neg, 0.12788281295511936, right(srz274095917178)
neg, 0.13284978350377796, right(srz44230441666)
neg, 0.12788281295511936, right(srz44248277735)
neg, 0.1312754970724383, right(srz96566177970)
neg, 0.1872108373518019, right(srz965661715205)
neg, 0.13284978350377796, right(srz965661714353)
neg, 0.12788281295511936, right(srz99311018749)
neg, 0.1312754970724383, right(srz993110110466)
neg, 0.1284615400382881, right(srz1930610410)
neg, 0.1872108373518019, right(srz274095911576)
neg, 0.12788281295511936, right(srz27409599206)
neg, 0.12788281295511936, right(srz99311016747)
neg, 0.12788281295511936, right(srz44248277943)
neg, 0.14158514118650908, right(srz99311019366)
neg, 0.12788281295511936, right(srz274095915922)
neg, 0.1312754970724383, right(srz8029722416)
neg, 0.12788281295511936, right(srz27409599485)
neg, 0.12788281295511936, right(srz24618676528)
neg, 0.1284615400382881, right(srz1930610328)
neg, 0.24939322129195243, right(srz965949211180)
neg, 0.12788281295511936, right(srz993110111418)
neg, 0.1312754970724383, right(srz96594925729)
neg, 0.1284615400382881, right(srz44230445492)
neg, 0.12788281295511936, right(srz44248274638)
neg, 0.20741489118092746, right(srz24618676503)
neg, 0.12788281295511936, right(srz27409593550)
neg, 0.1872108373518019, right(srz99311011518)
neg, 0.12788281295511936, right(srz27409597395)
neg, 0.1284615400382881, right(srz99311018687)
neg, 0.18485684970456687, right(srz96566178560)
neg, 0.1312754970724383, right(srz1930612076)
neg, 0.1872108373518019, right(srz44230442481)
neg, 0.12788281295511936, right(srz8029724371)
neg, 0.12788281295511936, right(srz99311013203)
neg, 0.14158514118650908, right(srz96566174529)
neg, 0.20741489118092746, right(srz96566175129)
neg, 0.1312754970724383, right(srz24618679833)
neg, 0.1312754970724383, right(srz99311011973)
neg, 0.12788281295511936, right(srz274095914793)
neg, 0.12788281295511936, right(srz44230446597)
neg, 0.12788281295511936, right(srz274095916250)
neg, 0.1312754970724383, right(srz99311018204)
neg, 0.12788281295511936, right(srz44248277716)
neg, 0.1872108373518019, right(srz274095911160)
neg, 0.20741489118092746, right(srz193062286)
neg, 0.12788281295511936, right(srz1930611225)
neg, 0.17487980387577814, right(srz96566177727)
neg, 0.12788281295511936, right(srz8029724)
neg, 0.12788281295511936, right(srz27409593307)
neg, 0.12788281295511936, right(srz27409594160)
neg, 0.1312754970724383, right(srz24618674466)
neg, 0.18485684970456687, right(srz44230441905)
neg, 0.12788281295511936, right(srz44248275762)
neg, 0.1872108373518019, right(srz8029724857)
neg, 0.1312754970724383, right(srz8029725408)
neg, 0.12788281295511936, right(srz193061402)
neg, 0.12788281295511936, right(srz193064911)
neg, 0.12788281295511936, right(srz965949210907)
neg, 0.12788281295511936, right(srz44248278046)
neg, 0.20741489118092746, right(srz8029723339)
neg, 0.20741489118092746, right(srz8029726849)
neg, 0.12788281295511936, right(srz27409597717)
neg, 0.14158514118650908, right(srz193065825)
neg, 0.20741489118092746, right(srz27409592845)
neg, 0.12788281295511936, right(srz274095916191)
neg, 0.1312754970724383, right(srz44248276373)
neg, 0.12788281295511936, right(srz9931101782)
neg, 0.12788281295511936, right(srz8029721426)
neg, 0.12788281295511936, right(srz965661716108)
neg, 0.12788281295511936, right(srz965661711945)
neg, 0.1312754970724383, right(srz193061751)
neg, 0.1312754970724383, right(srz44230443218)
neg, 0.1872108373518019, right(srz44230441355)
neg, 0.14158514118650908, right(srz8029725130)
neg, 0.1312754970724383, right(srz8029723131)
neg, 0.1312754970724383, right(srz965949211594)
neg, 0.1312754970724383, right(srz44248276101)
neg, 0.20741489118092746, right(srz1930610921)
neg, 0.12788281295511936, right(srz44230446944)
neg, 0.12788281295511936, right(srz44248273424)
neg, 0.20741489118092746, right(srz2461867350)
neg, 0.1872108373518019, right(srz80297210831)
neg, 0.12788281295511936, right(srz193069509)
neg, 0.1312754970724383, right(srz24618676810)
neg, 0.12788281295511936, right(srz99311019018)
neg, 0.1312754970724383, right(srz965949214186)
neg, 0.1312754970724383, right(srz965661713449)
neg, 0.1312754970724383, right(srz24618677240)
neg, 0.12788281295511936, right(srz1930612350)
neg, 0.1312754970724383, right(srz24618672447)
neg, 0.18485684970456687, right(srz99311014334)
neg, 0.2252026121146009, right(srz4424827543)
neg, 0.12788281295511936, right(srz96594926723)
neg, 0.12788281295511936, right(srz193061670)
neg, 0.20741489118092746, right(srz27409596415)
neg, 0.1312754970724383, right(srz24618678058)
neg, 0.1312754970724383, right(srz96566177317)
neg, 0.1284615400382881, right(srz27409595783)
neg, 0.1312754970724383, right(srz965949213563)
neg, 0.18485684970456687, right(srz8029724990)
neg, 0.1872108373518019, right(srz80297210820)
neg, 0.12788281295511936, right(srz193068602)
neg, 0.1284615400382881, right(srz96566171519)
neg, 0.1284615400382881, right(srz44248273918)
neg, 0.20741489118092746, right(srz19306573)
neg, 0.12788281295511936, right(srz27409592351)
neg, 0.1312754970724383, right(srz96566176913)
neg, 0.1872108373518019, right(srz96594925125)
neg, 0.12788281295511936, right(srz44248272437)
neg, 0.20741489118092746, right(srz246186716404)
neg, 0.1312754970724383, right(srz246186710143)
neg, 0.1872108373518019, right(srz8029722483)
neg, 0.12788281295511936, right(srz44248274659)
neg, 0.20741489118092746, right(srz24618673198)
neg, 0.12788281295511936, right(srz44248275569)
neg, 0.13284978350377796, right(srz44230441673)
neg, 0.12788281295511936, right(srz96566179011)
neg, 0.20741489118092746, right(srz1930610145)
neg, 0.1284615400382881, right(srz80297210140)
neg, 0.1312754970724383, right(srz96594922375)
neg, 0.20741489118092746, right(srz8029728027)
neg, 0.12788281295511936, right(srz993110111332)
neg, 0.12788281295511936, right(srz1930610530)
neg, 0.1312754970724383, right(srz8029725242)
neg, 0.1312754970724383, right(srz4424827946)
neg, 0.12788281295511936, right(srz4424827367)
neg, 0.1312754970724383, right(srz193067138)
neg, 0.12788281295511936, right(srz24618672021)
neg, 0.12788281295511936, right(srz27409594336)
neg, 0.12788281295511936, right(srz19306305)
neg, 0.12788281295511936, right(srz27409595309)
neg, 0.1312754970724383, right(srz44230444456)
neg, 0.20741489118092746, right(srz19306104)
neg, 0.1872108373518019, right(srz274095911159)
neg, 0.1312754970724383, right(srz44230443291)
neg, 0.12788281295511936, right(srz96566171620)
neg, 0.1312754970724383, right(srz96594925710)
neg, 0.1872108373518019, right(srz99311017985)
neg, 0.18485684970456687, right(srz44248275044)
neg, 0.12788281295511936, right(srz8029728775)
neg, 0.12788281295511936, right(srz2461867993)
neg, 0.12788281295511936, right(srz274095914976)
neg, 0.12788281295511936, right(srz24618672760)
neg, 0.20741489118092746, right(srz1930610779)
neg, 0.12788281295511936, right(srz44248273256)
neg, 0.26569465657955116, right(srz8029723323)
neg, 0.1872108373518019, right(srz993110110234)
neg, 0.1872108373518019, right(srz274095911154)
neg, 0.1284615400382881, right(srz246186710497)
neg, 0.12788281295511936, right(srz9931101819)
neg, 0.12788281295511936, right(srz27409591972)
neg, 0.1872108373518019, right(srz19306763)
neg, 0.1312754970724383, right(srz96566172106)
neg, 0.20741489118092746, right(srz9656617742)
neg, 0.1312754970724383, right(srz96566174412)
neg, 0.1312754970724383, right(srz274095915145)
neg, 0.12788281295511936, right(srz965949210969)
neg, 0.12788281295511936, right(srz27409591353)
neg, 0.1312754970724383, right(srz193068800)
neg, 0.17487980387577814, right(srz44230444679)
neg, 0.20741489118092746, right(srz274095911772)
neg, 0.1284615400382881, right(srz24618679231)
neg, 0.18485684970456687, right(srz8029726244)
neg, 0.18485684970456687, right(srz8029727208)
neg, 0.12788281295511936, right(srz96594926662)
neg, 0.12788281295511936, right(srz2461867649)
neg, 0.1312754970724383, right(srz24618675446)
neg, 0.1872108373518019, right(srz24618674721)
neg, 0.1872108373518019, right(srz99311015457)
neg, 0.1312754970724383, right(srz193068200)
neg, 0.1312754970724383, right(srz965661712513)
neg, 0.12788281295511936, right(srz96594921395)
neg, 0.20741489118092746, right(srz24618674650)
neg, 0.14158514118650908, right(srz193065998)
neg, 0.13284978350377796, right(srz99311019547)
neg, 0.18485684970456687, right(srz965661713741)
neg, 0.12788281295511936, right(srz44248272391)
neg, 0.1312754970724383, right(srz96594924203)
neg, 0.1312754970724383, right(srz193063123)
neg, 0.12788281295511936, right(srz965661713857)
neg, 0.18485684970456687, right(srz96594929769)
neg, 0.12788281295511936, right(srz27409599542)
neg, 0.1312754970724383, right(srz24618675471)
neg, 0.12788281295511936, right(srz99311016530)
neg, 0.12788281295511936, right(srz193069135)
neg, 0.12788281295511936, right(srz27409594161)
neg, 0.12788281295511936, right(srz44230442727)
neg, 0.18485684970456687, right(srz193062337)
neg, 0.1312754970724383, right(srz44230441845)
neg, 0.1312754970724383, right(srz44230445218)
neg, 0.1312754970724383, right(srz44230445986)
neg, 0.17487980387577814, right(srz44248274479)
neg, 0.20741489118092746, right(srz99311011809)
neg, 0.18485684970456687, right(srz8029723589)
neg, 0.12788281295511936, right(srz99311016785)
neg, 0.1872108373518019, right(srz96594929911)
neg, 0.12788281295511936, right(srz8029725629)
neg, 0.1312754970724383, right(srz193063203)
neg, 0.12788281295511936, right(srz27409594186)
neg, 0.18485684970456687, right(srz993110111796)
neg, 0.20741489118092746, right(srz274095912581)
neg, 0.12788281295511936, right(srz4423044207)
neg, 0.12788281295511936, right(srz24618676422)
neg, 0.12788281295511936, right(srz193064081)
neg, 0.1284615400382881, right(srz96594925281)
neg, 0.12788281295511936, right(srz24618674298)
neg, 0.18485684970456687, right(srz24618675269)
neg, 0.12788281295511936, right(srz99311012992)
neg, 0.18485684970456687, right(srz4423044544)
neg, 0.18485684970456687, right(srz27409599701)
neg, 0.18511330982967572, right(srz193068682)
neg, 0.12788281295511936, right(srz44230445546)
neg, 0.12788281295511936, right(srz965661713835)
neg, 0.14158514118650908, right(srz274095911825)
neg, 0.13284978350377796, right(srz99311016011)
neg, 0.1312754970724383, right(srz99311012081)
neg, 0.18485684970456687, right(srz27409597413)
neg, 0.1284615400382881, right(srz96594921231)
neg, 0.1312754970724383, right(srz8029723970)
neg, 0.1312754970724383, right(srz193064294)
neg, 0.13284978350377796, right(srz8029724472)
neg, 0.17487980387577814, right(srz96566172394)
neg, 0.12788281295511936, right(srz246186713036)
neg, 0.1284615400382881, right(srz9656617304)
neg, 0.1312754970724383, right(srz193062800)
neg, 0.12788281295511936, right(srz96566173019)
neg, 0.1872108373518019, right(srz193062401)
neg, 0.20741489118092746, right(srz993110110295)
neg, 0.20741489118092746, right(srz27409596970)
neg, 0.12788281295511936, right(srz24618675936)
neg, 0.1312754970724383, right(srz96566171994)
neg, 0.1872108373518019, right(srz99311011702)
neg, 0.20741489118092746, right(srz96566174810)
neg, 0.17487980387577814, right(srz44230443015)
neg, 0.1312754970724383, right(srz193067185)
neg, 0.12788281295511936, right(srz8029725965)
neg, 0.1312754970724383, right(srz274095916812)
neg, 0.1312754970724383, right(srz246186710010)
neg, 0.12788281295511936, right(srz8029725641)
neg, 0.1872108373518019, right(srz193062094)
neg, 0.12788281295511936, right(srz27409599150)
neg, 0.12788281295511936, right(srz96594922927)
neg, 0.1872108373518019, right(srz44248273924)
neg, 0.1312754970724383, right(srz80297210670)
neg, 0.26569465657955116, right(srz96594922087)
neg, 0.13284978350377796, right(srz99311016116)
neg, 0.1312754970724383, right(srz96594927994)
neg, 0.1312754970724383, right(srz96566174064)
neg, 0.12788281295511936, right(srz965949211761)
neg, 0.12788281295511936, right(srz96566174364)
neg, 0.1312754970724383, right(srz8029723016)
neg, 0.20741489118092746, right(srz44230441212)
neg, 0.18485684970456687, right(srz9656617468)
neg, 0.12788281295511936, right(srz965949212743)
neg, 0.12788281295511936, right(srz19306935)
neg, 0.26569465657955116, right(srz1930611259)
neg, 0.17487980387577814, right(srz44248278308)
neg, 0.1312754970724383, right(srz1930612058)
neg, 0.1312754970724383, right(srz44248272825)
neg, 0.1284615400382881, right(srz99311018624)
neg, 0.24364176356732303, right(srz8029721017)
neg, 0.1284615400382881, right(srz80297210253)
neg, 0.1312754970724383, right(srz96566172226)
neg, 0.20741489118092746, right(srz24618672313)
neg, 0.1312754970724383, right(srz99311017603)
neg, 0.12788281295511936, right(srz442304429)
neg, 0.18485684970456687, right(srz27409593215)
neg, 0.12788281295511936, right(srz193061613)
neg, 0.20741489118092746, right(srz44230446413)
neg, 0.18485684970456687, right(srz9656617502)
neg, 0.1312754970724383, right(srz44248275895)
neg, 0.17487980387577814, right(srz193064583)
neg, 0.1312754970724383, right(srz24618673500)
neg, 0.1312754970724383, right(srz27409596706)
neg, 0.1872108373518019, right(srz99311011583)
neg, 0.20741489118092746, right(srz27409596430)
neg, 0.17487980387577814, right(srz965661712256)
neg, 0.18485684970456687, right(srz8029721986)
neg, 0.1312754970724383, right(srz8029727250)
neg, 0.1312754970724383, right(srz965661710208)
neg, 0.1312754970724383, right(srz44248277262)
neg, 0.18485684970456687, right(srz99311017019)
neg, 0.1312754970724383, right(srz44230447311)
neg, 0.1872108373518019, right(srz965661710341)
neg, 0.26569465657955116, right(srz44230446753)
neg, 0.14158514118650908, right(srz44230444972)
neg, 0.1312754970724383, right(srz44230443254)
neg, 0.1284615400382881, right(srz9656617308)
neg, 0.12788281295511936, right(srz8029725996)
neg, 0.18511330982967572, right(srz965949211169)
neg, 0.12788281295511936, right(srz99311011141)
neg, 0.12788281295511936, right(srz96594927689)
neg, 0.20741489118092746, right(srz96566174873)
neg, 0.12788281295511936, right(srz274095913795)
neg, 0.1312754970724383, right(srz9659492208)
neg, 0.1872108373518019, right(srz193064673)
neg, 0.1312754970724383, right(srz802972542)
neg, 0.20741489118092746, right(srz246186716403)
neg, 0.12788281295511936, right(srz96594929225)
neg, 0.12788281295511936, right(srz965661711730)
neg, 0.1312754970724383, right(srz44230447809)
neg, 0.12788281295511936, right(srz96566171778)
neg, 0.12788281295511936, right(srz96566172938)
neg, 0.18511330982967572, right(srz274095911782)
neg, 0.20741489118092746, right(srz24618678927)
neg, 0.12788281295511936, right(srz8029724005)
neg, 0.1312754970724383, right(srz96594924806)
neg, 0.18485684970456687, right(srz1930610020)
neg, 0.12788281295511936, right(srz96594927118)
neg, 0.14158514118650908, right(srz99311015179)
neg, 0.12788281295511936, right(srz27409592184)
neg, 0.1312754970724383, right(srz44248274895)
neg, 0.1312754970724383, right(srz44248275891)
neg, 0.1312754970724383, right(srz44230447593)
neg, 0.1312754970724383, right(srz965661712453)
neg, 0.12788281295511936, right(srz8029722249)
neg, 0.12788281295511936, right(srz8029725674)
neg, 0.1312754970724383, right(srz44248272727)
neg, 0.1872108373518019, right(srz8029728678)
neg, 0.12788281295511936, right(srz24618674305)
neg, 0.20741489118092746, right(srz246186711486)
neg, 0.1312754970724383, right(srz96566172735)
neg, 0.1312754970724383, right(srz99311014269)
neg, 0.12788281295511936, right(srz4423044848)
neg, 0.12788281295511936, right(srz24618674220)
neg, 0.1312754970724383, right(srz44248273076)
neg, 0.20741489118092746, right(srz44248272944)
neg, 0.12788281295511936, right(srz27409592545)
neg, 0.12788281295511936, right(srz193065474)
neg, 0.12788281295511936, right(srz99311017295)
neg, 0.12788281295511936, right(srz193063992)
neg, 0.12788281295511936, right(srz44248278032)
neg, 0.12788281295511936, right(srz99311015136)
neg, 0.1872108373518019, right(srz19306179)
neg, 0.1284615400382881, right(srz8029723189)
neg, 0.1872108373518019, right(srz44230446501)
neg, 0.12788281295511936, right(srz96566171803)
neg, 0.1312754970724383, right(srz24618677610)
neg, 0.12788281295511936, right(srz1930612242)
neg, 0.20741489118092746, right(srz193066356)
neg, 0.20741489118092746, right(srz44230447504)
neg, 0.12788281295511936, right(srz44248277839)
neg, 0.12788281295511936, right(srz96566179137)
neg, 0.12788281295511936, right(srz99311012693)
neg, 0.20741489118092746, right(srz993110110250)
neg, 0.12788281295511936, right(srz99311012235)
neg, 0.18511330982967572, right(srz993110110820)
neg, 0.1312754970724383, right(srz802972200)
neg, 0.12788281295511936, right(srz27409592561)
neg, 0.1872108373518019, right(srz965949214154)
neg, 0.1872108373518019, right(srz44248276484)
neg, 0.1312754970724383, right(srz9931101205)
neg, 0.26569465657955116, right(srz44248274846)
neg, 0.1312754970724383, right(srz99311013548)
neg, 0.1312754970724383, right(srz99311011325)
neg, 0.12788281295511936, right(srz193063673)
neg, 0.14158514118650908, right(srz44248275222)
neg, 0.12788281295511936, right(srz965661712054)
neg, 0.12788281295511936, right(srz44230444297)
neg, 0.12788281295511936, right(srz193069187)
neg, 0.12788281295511936, right(srz193063200)
neg, 0.1284615400382881, right(srz27409595781)
neg, 0.12788281295511936, right(srz9931101781)
neg, 0.1312754970724383, right(srz96566172024)
neg, 0.12788281295511936, right(srz965661713987)
neg, 0.17487980387577814, right(srz193064117)
neg, 0.12788281295511936, right(srz44230444256)
neg, 0.20741489118092746, right(srz27409591564)
neg, 0.1284615400382881, right(srz9656617300)
neg, 0.1312754970724383, right(srz96594924655)
neg, 0.18485684970456687, right(srz193061068)
neg, 0.1872108373518019, right(srz44248271080)
neg, 0.12788281295511936, right(srz27409592352)
neg, 0.12788281295511936, right(srz99311014909)
neg, 0.12788281295511936, right(srz24618671439)
neg, 0.12788281295511936, right(srz27409593913)
neg, 0.20741489118092746, right(srz44248272008)
neg, 0.1312754970724383, right(srz965949212240)
neg, 0.13284978350377796, right(srz96566173693)
neg, 0.12788281295511936, right(srz193063659)
neg, 0.1284615400382881, right(srz965949213037)
neg, 0.12788281295511936, right(srz24618676222)
neg, 0.12788281295511936, right(srz24618679621)
neg, 0.12788281295511936, right(srz44230445517)
neg, 0.20741489118092746, right(srz24618671761)
neg, 0.1312754970724383, right(srz246186710362)
neg, 0.1284615400382881, right(srz274095912172)
neg, 0.14158514118650908, right(srz193067690)
neg, 0.14158514118650908, right(srz193065819)
neg, 0.12788281295511936, right(srz246186711889)
neg, 0.12788281295511936, right(srz246186716098)
neg, 0.20741489118092746, right(srz19306705)
neg, 0.17487980387577814, right(srz96566177769)
neg, 0.12788281295511936, right(srz193066218)
neg, 0.1312754970724383, right(srz44248275504)
neg, 0.1312754970724383, right(srz965949210206)
neg, 0.14158514118650908, right(srz274095912888)
neg, 0.1312754970724383, right(srz274095911381)
neg, 0.1312754970724383, right(srz44248277316)
neg, 0.12788281295511936, right(srz99311011144)
neg, 0.12788281295511936, right(srz99311016708)
neg, 0.1312754970724383, right(srz44248271283)
neg, 0.12788281295511936, right(srz965661713252)
neg, 0.12788281295511936, right(srz24618677505)
neg, 0.1312754970724383, right(srz993110111510)
neg, 0.15013817616499373, right(srz1930611365)
neg, 0.12788281295511936, right(srz4424827794)
neg, 0.12788281295511936, right(srz9656617624)
neg, 0.12788281295511936, right(srz27409591438)
neg, 0.12788281295511936, right(srz96594921447)
neg, 0.20741489118092746, right(srz96566174799)
neg, 0.12788281295511936, right(srz96594921465)
neg, 0.1312754970724383, right(srz8029721813)
neg, 0.12788281295511936, right(srz274095916262)
neg, 0.1284615400382881, right(srz99311018670)
neg, 0.14158514118650908, right(srz99311019369)
neg, 0.1312754970724383, right(srz24618678044)
neg, 0.1312754970724383, right(srz246186714433)
neg, 0.18511330982967572, right(srz99311019346)
neg, 0.1312754970724383, right(srz24618673272)
neg, 0.1312754970724383, right(srz99311012867)
neg, 0.12788281295511936, right(srz27409594176)
neg, 0.1312754970724383, right(srz24618674433)
neg, 0.1312754970724383, right(srz99311012819)
neg, 0.1284615400382881, right(srz96594925340)
neg, 0.1312754970724383, right(srz96594921862)
neg, 0.18511330982967572, right(srz965949212242)
neg, 0.12788281295511936, right(srz96566172860)
neg, 0.20741489118092746, right(srz193067552)
neg, 0.12788281295511936, right(srz9656617697)
neg, 0.1312754970724383, right(srz965661713535)
neg, 0.18485684970456687, right(srz965661714965)
neg, 0.1312754970724383, right(srz24618677778)
neg, 0.1312754970724383, right(srz24618677133)
neg, 0.12788281295511936, right(srz193063197)
neg, 0.17487980387577814, right(srz27409593457)
neg, 0.1312754970724383, right(srz965661713497)
neg, 0.12788281295511936, right(srz96594925442)
neg, 0.1312754970724383, right(srz99311019736)
neg, 0.1312754970724383, right(srz44230448063)
neg, 0.12788281295511936, right(srz193067817)
neg, 0.1312754970724383, right(srz965949213234)
neg, 0.1312754970724383, right(srz274095915159)
neg, 0.12788281295511936, right(srz99311016901)
neg, 0.12788281295511936, right(srz193069481)
neg, 0.18485684970456687, right(srz19306694)
neg, 0.12788281295511936, right(srz246186714797)
neg, 0.1312754970724383, right(srz8029726559)
neg, 0.12788281295511936, right(srz27409595251)
neg, 0.1312754970724383, right(srz44248272151)
neg, 0.12788281295511936, right(srz27409595853)
neg, 0.12788281295511936, right(srz96566176245)
neg, 0.18485684970456687, right(srz99311011459)
neg, 0.1284615400382881, right(srz24618679222)
neg, 0.12788281295511936, right(srz27409591675)
neg, 0.12788281295511936, right(srz99311016524)
neg, 0.12788281295511936, right(srz274095914990)
neg, 0.12788281295511936, right(srz27409591825)
neg, 0.1872108373518019, right(srz8029728738)
neg, 0.1284615400382881, right(srz80297210139)
neg, 0.20741489118092746, right(srz99311013342)
neg, 0.13284978350377796, right(srz8029728873)
neg, 0.13284978350377796, right(srz8029729282)
neg, 0.1312754970724383, right(srz27409599279)
neg, 0.1312754970724383, right(srz96566171014)
neg, 0.24364176356732303, right(srz99311018462)
neg, 0.1312754970724383, right(srz99311016265)
neg, 0.12788281295511936, right(srz80297210398)
neg, 0.1312754970724383, right(srz8029726946)
neg, 0.13284978350377796, right(srz1930610793)
neg, 0.1312754970724383, right(srz246186710381)
neg, 0.12788281295511936, right(srz96566178928)
neg, 0.12788281295511936, right(srz44230444097)
neg, 0.20741489118092746, right(srz44230445069)
neg, 0.12788281295511936, right(srz96566177884)
neg, 0.1312754970724383, right(srz44248276863)
neg, 0.20741489118092746, right(srz24618678419)
neg, 0.1312754970724383, right(srz965949212544)
neg, 0.12788281295511936, right(srz193061444)
neg, 0.18485684970456687, right(srz4424827180)
neg, 0.12788281295511936, right(srz96594923022)
neg, 0.12788281295511936, right(srz1930610446)
neg, 0.12788281295511936, right(srz193067372)
neg, 0.1312754970724383, right(srz27409596158)
neg, 0.20741489118092746, right(srz27409597926)
neg, 0.12788281295511936, right(srz193064905)
neg, 0.12788281295511936, right(srz246186712571)
neg, 0.1872108373518019, right(srz96566172504)
neg, 0.1872108373518019, right(srz9931101417)
neg, 0.1312754970724383, right(srz44248272856)
neg, 0.12788281295511936, right(srz965949210987)
neg, 0.12788281295511936, right(srz9931101600)
neg, 0.12788281295511936, right(srz27409592714)
neg, 0.12788281295511936, right(srz27409598573)
neg, 0.12788281295511936, right(srz44230443684)
neg, 0.13284978350377796, right(srz44230441732)
neg, 0.12788281295511936, right(srz44248273482)
neg, 0.1312754970724383, right(srz99311012296)
neg, 0.12788281295511936, right(srz965661711863)
neg, 0.18485684970456687, right(srz99311019674)
neg, 0.12788281295511936, right(srz80297216)
neg, 0.26569465657955116, right(srz27409592832)
neg, 0.1312754970724383, right(srz96566175777)
neg, 0.12788281295511936, right(srz193069485)
neg, 0.1312754970724383, right(srz965949211571)
neg, 0.1872108373518019, right(srz193064730)
neg, 0.1284615400382881, right(srz24618675859)
neg, 0.13284978350377796, right(srz4424827473)
neg, 0.12788281295511936, right(srz99311016535)
neg, 0.1284615400382881, right(srz80297210292)
neg, 0.12788281295511936, right(srz4424827789)
neg, 0.12788281295511936, right(srz193068012)
neg, 0.18511330982967572, right(srz96566176584)
neg, 0.20741489118092746, right(srz965661715611)
neg, 0.12788281295511936, right(srz96566177792)
neg, 0.1284615400382881, right(srz965661710470)
neg, 0.18485684970456687, right(srz44248271213)
neg, 0.1312754970724383, right(srz44248271302)
neg, 0.12788281295511936, right(srz24618675917)
neg, 0.1872108373518019, right(srz24618679131)
neg, 0.1312754970724383, right(srz99311017728)
neg, 0.12788281295511936, right(srz96594921376)
neg, 0.12788281295511936, right(srz246186716129)
neg, 0.12788281295511936, right(srz274095913745)
neg, 0.12788281295511936, right(srz96566173068)
neg, 0.18485684970456687, right(srz193061034)
neg, 0.12788281295511936, right(srz24618674149)
neg, 0.1312754970724383, right(srz8029723949)
neg, 0.17487980387577814, right(srz44230447498)
neg, 0.12788281295511936, right(srz99311015683)
neg, 0.12788281295511936, right(srz274095914873)
neg, 0.12788281295511936, right(srz965661712149)
neg, 0.1312754970724383, right(srz44230441476)
neg, 0.12788281295511936, right(srz8029722846)
neg, 0.12788281295511936, right(srz44248272887)
neg, 0.12788281295511936, right(srz193069379)
neg, 0.12788281295511936, right(srz96594928637)
neg, 0.20741489118092746, right(srz96566174921)
neg, 0.20741489118092746, right(srz27409592239)
neg, 0.1312754970724383, right(srz44248276301)
neg, 0.20741489118092746, right(srz193064143)
neg, 0.18485684970456687, right(srz193061033)
neg, 0.12788281295511936, right(srz99311016564)
neg, 0.12788281295511936, right(srz8029729185)
neg, 0.12788281295511936, right(srz99311015004)
neg, 0.17487980387577814, right(srz993110110352)
neg, 0.12788281295511936, right(srz44248276310)
neg, 0.1312754970724383, right(srz802972445)
neg, 0.17487980387577814, right(srz27409593361)
neg, 0.12788281295511936, right(srz993110110144)
neg, 0.1312754970724383, right(srz27409599846)
neg, 0.12788281295511936, right(srz44248276778)
neg, 0.12788281295511936, right(srz27409598405)
neg, 0.12788281295511936, right(srz27409592575)
neg, 0.1312754970724383, right(srz965949210510)
neg, 0.1312754970724383, right(srz965661715346)
neg, 0.12788281295511936, right(srz27409591459)
neg, 0.12788281295511936, right(srz193064082)
neg, 0.13284978350377796, right(srz96566173737)
neg, 0.1872108373518019, right(srz8029722479)
neg, 0.1312754970724383, right(srz24618677871)
neg, 0.13284978350377796, right(srz96566173740)
neg, 0.12788281295511936, right(srz193065493)
neg, 0.1312754970724383, right(srz44230444320)
neg, 0.13284978350377796, right(srz193066805)
neg, 0.1312754970724383, right(srz965661715378)
neg, 0.1872108373518019, right(srz96594925676)
neg, 0.13284978350377796, right(srz96566173738)
neg, 0.20741489118092746, right(srz27409591561)
neg, 0.20741489118092746, right(srz44230442396)
neg, 0.20741489118092746, right(srz27409598213)
neg, 0.1312754970724383, right(srz9659492218)
neg, 0.12788281295511936, right(srz4424827838)
neg, 0.18485684970456687, right(srz9931101462)
neg, 0.1312754970724383, right(srz193067058)
neg, 0.20741489118092746, right(srz24618671720)
neg, 0.12788281295511936, right(srz8029725730)
neg, 0.12788281295511936, right(srz274095913735)
neg, 0.12788281295511936, right(srz993110111287)
neg, 0.1312754970724383, right(srz96566179237)
neg, 0.24364176356732303, right(srz965661713711)
neg, 0.12788281295511936, right(srz24618677376)
neg, 0.12788281295511936, right(srz193063755)
neg, 0.17487980387577814, right(srz8029724916)
neg, 0.18485684970456687, right(srz99311016974)
neg, 0.1312754970724383, right(srz193063383)
neg, 0.24364176356732303, right(srz44230442080)
neg, 0.17487980387577814, right(srz96566173152)
neg, 0.12788281295511936, right(srz96594929314)
neg, 0.1312754970724383, right(srz9659492680)
neg, 0.1312754970724383, right(srz8029728004)
neg, 0.1312754970724383, right(srz965661711360)
neg, 0.1872108373518019, right(srz193068413)
neg, 0.20741489118092746, right(srz2740959851)
neg, 0.1872108373518019, right(srz802972376)
neg, 0.26569465657955116, right(srz246186711416)
neg, 0.12788281295511936, right(srz99311014792)
neg, 0.1872108373518019, right(srz993110111067)
neg, 0.1312754970724383, right(srz802972194)
neg, 0.12788281295511936, right(srz24618679388)
neg, 0.12788281295511936, right(srz9931101624)
neg, 0.20741489118092746, right(srz44230446418)
neg, 0.1312754970724383, right(srz44248276077)
neg, 0.12788281295511936, right(srz193062641)
neg, 0.1312754970724383, right(srz24618673370)
neg, 0.12788281295511936, right(srz193064920)
neg, 0.1872108373518019, right(srz44230448215)
neg, 0.1312754970724383, right(srz44248272)
neg, 0.1872108373518019, right(srz24618679124)
neg, 0.18485684970456687, right(srz99311019826)
neg, 0.12788281295511936, right(srz99311016523)
neg, 0.20741489118092746, right(srz193065119)
neg, 0.12788281295511936, right(srz96594922944)
neg, 0.1312754970724383, right(srz274095911885)
neg, 0.12788281295511936, right(srz274095913051)
neg, 0.1872108373518019, right(srz274095910282)
neg, 0.1312754970724383, right(srz246186715808)
neg, 0.1872108373518019, right(srz1930611508)
neg, 0.12788281295511936, right(srz44248274489)
neg, 0.20741489118092746, right(srz193065118)
neg, 0.1872108373518019, right(srz965661713227)
neg, 0.12788281295511936, right(srz44248277838)
neg, 0.12788281295511936, right(srz1930611809)
neg, 0.20741489118092746, right(srz4423044497)
neg, 0.1312754970724383, right(srz246186714465)
neg, 0.12788281295511936, right(srz8029723990)
neg, 0.20741489118092746, right(srz274095917020)
neg, 0.1312754970724383, right(srz99311013610)
neg, 0.12788281295511936, right(srz193069971)
neg, 0.1872108373518019, right(srz993110111685)
neg, 0.12788281295511936, right(srz24618671468)
neg, 0.1312754970724383, right(srz246186715854)
neg, 0.13284978350377796, right(srz44248274770)
neg, 0.12788281295511936, right(srz2461867287)
neg, 0.20741489118092746, right(srz965949212193)
neg, 0.1312754970724383, right(srz193064237)
neg, 0.1312754970724383, right(srz274095915667)
neg, 0.18485684970456687, right(srz1930611011)
neg, 0.12788281295511936, right(srz274095913725)
neg, 0.12788281295511936, right(srz193067904)
neg, 0.12788281295511936, right(srz193068162)
neg, 0.20741489118092746, right(srz1930610897)
neg, 0.17487980387577814, right(srz99311016150)
neg, 0.1312754970724383, right(srz96566171066)
neg, 0.1312754970724383, right(srz99311015271)
neg, 0.12788281295511936, right(srz27409592381)
neg, 0.18485684970456687, right(srz8029725103)
neg, 0.1312754970724383, right(srz96594927992)
neg, 0.12788281295511936, right(srz27409597434)
neg, 0.12788281295511936, right(srz9656617614)
neg, 0.12788281295511936, right(srz96594929233)
neg, 0.12788281295511936, right(srz2740959921)
neg, 0.12788281295511936, right(srz96594927612)
neg, 0.1312754970724383, right(srz1930610161)
neg, 0.20741489118092746, right(srz27409594541)
neg, 0.12788281295511936, right(srz193067828)
neg, 0.1312754970724383, right(srz193065673)
neg, 0.1872108373518019, right(srz802972821)
neg, 0.18485684970456687, right(srz9931101489)
neg, 0.13284978350377796, right(srz19306488)
neg, 0.12788281295511936, right(srz80297230)
neg, 0.1872108373518019, right(srz44230441519)
neg, 0.1872108373518019, right(srz96594929890)
neg, 0.12788281295511936, right(srz193069985)
neg, 0.12788281295511936, right(srz27409593029)
neg, 0.18485684970456687, right(srz96566174181)
neg, 0.1312754970724383, right(srz99311017658)
neg, 0.1872108373518019, right(srz8029729695)
neg, 0.12788281295511936, right(srz8029725718)
neg, 0.18485684970456687, right(srz193062928)
neg, 0.1872108373518019, right(srz274095911153)
neg, 0.1312754970724383, right(srz274095912775)
neg, 0.12788281295511936, right(srz442482792)
neg, 0.1312754970724383, right(srz27409596877)
neg, 0.12788281295511936, right(srz246186715974)
neg, 0.12788281295511936, right(srz965661714038)
neg, 0.1312754970724383, right(srz99311016236)
neg, 0.1312754970724383, right(srz193067472)
neg, 0.1312754970724383, right(srz993110110932)
neg, 0.1312754970724383, right(srz44248275002)
neg, 0.1872108373518019, right(srz27409598645)
neg, 0.1312754970724383, right(srz96594929722)
neg, 0.12788281295511936, right(srz4424827728)
neg, 0.12788281295511936, right(srz96594921534)
neg, 0.17487980387577814, right(srz44230445942)
neg, 0.12788281295511936, right(srz44230446849)
neg, 0.1872108373518019, right(srz96566175696)
neg, 0.20741489118092746, right(srz965661710856)
neg, 0.20741489118092746, right(srz44230442292)
neg, 0.1312754970724383, right(srz965661710247)
neg, 0.1312754970724383, right(srz27409599286)
neg, 0.1312754970724383, right(srz96566173316)
neg, 0.1312754970724383, right(srz99311012313)
neg, 0.12788281295511936, right(srz2461867472)
neg, 0.12788281295511936, right(srz8029727104)
neg, 0.12788281295511936, right(srz246186716364)
neg, 0.12788281295511936, right(srz44248272292)
neg, 0.1312754970724383, right(srz274095912647)
neg, 0.13284978350377796, right(srz246186716976)
neg, 0.20741489118092746, right(srz193067549)
neg, 0.12788281295511936, right(srz246186714750)
neg, 0.12788281295511936, right(srz965661714231)
neg, 0.12788281295511936, right(srz246186714939)
neg, 0.1312754970724383, right(srz274095917196)
neg, 0.20741489118092746, right(srz27409596974)
neg, 0.1872108373518019, right(srz4423044126)
neg, 0.1312754970724383, right(srz8029722565)
neg, 0.12788281295511936, right(srz96566175059)
neg, 0.17487980387577814, right(srz27409593402)
neg, 0.1284615400382881, right(srz44230442556)
neg, 0.1312754970724383, right(srz274095914624)
neg, 0.1312754970724383, right(srz802972935)
neg, 0.12788281295511936, right(srz27409591018)
neg, 0.12788281295511936, right(srz8029727552)
neg, 0.1872108373518019, right(srz19306767)
neg, 0.1312754970724383, right(srz99311013986)
neg, 0.1872108373518019, right(srz44230446177)
neg, 0.13284978350377796, right(srz44230441746)
neg, 0.18485684970456687, right(srz44248274565)
neg, 0.1312754970724383, right(srz96594929144)
neg, 0.12788281295511936, right(srz27409592424)
neg, 0.18485684970456687, right(srz193061036)
neg, 0.12788281295511936, right(srz246186714910)
neg, 0.1312754970724383, right(srz27409597021)
neg, 0.20741489118092746, right(srz8029725539)
neg, 0.1312754970724383, right(srz193061811)
neg, 0.12788281295511936, right(srz99311014718)
neg, 0.1312754970724383, right(srz965661712598)
neg, 0.1312754970724383, right(srz27409596893)
neg, 0.12788281295511936, right(srz96594922912)
neg, 0.12788281295511936, right(srz274095914231)
neg, 0.1284615400382881, right(srz1930610392)
neg, 0.1312754970724383, right(srz274095910310)
neg, 0.12788281295511936, right(srz193067318)
neg, 0.1312754970724383, right(srz27409599301)
neg, 0.1312754970724383, right(srz96566172729)
neg, 0.12788281295511936, right(srz44230442956)
neg, 0.12788281295511936, right(srz246186713739)
neg, 0.12788281295511936, right(srz44248273279)
neg, 0.12788281295511936, right(srz99311016655)
neg, 0.13284978350377796, right(srz99311013853)
neg, 0.12788281295511936, right(srz44248277990)
neg, 0.1312754970724383, right(srz193067968)
neg, 0.1312754970724383, right(srz44230444899)
neg, 0.12788281295511936, right(srz24618672189)
neg, 0.12788281295511936, right(srz96594921464)
neg, 0.1312754970724383, right(srz44248271697)
neg, 0.20741489118092746, right(srz96566174302)
neg, 0.12788281295511936, right(srz965949213832)
neg, 0.1312754970724383, right(srz9656617919)
neg, 0.20741489118092746, right(srz44248277454)
neg, 0.13284978350377796, right(srz44248274360)
neg, 0.18485684970456687, right(srz44230444446)
neg, 0.1872108373518019, right(srz96594926183)
neg, 0.26569465657955116, right(srz99311017867)
neg, 0.1312754970724383, right(srz44230444808)
neg, 0.1312754970724383, right(srz8029729549)
neg, 0.12788281295511936, right(srz27409592155)
neg, 0.1312754970724383, right(srz44230446011)
neg, 0.12788281295511936, right(srz965949211899)
neg, 0.1872108373518019, right(srz96594926050)
neg, 0.18485684970456687, right(srz965949214048)
neg, 0.26569465657955116, right(srz8029721775)
neg, 0.1872108373518019, right(srz44230447391)
neg, 0.12788281295511936, right(srz96566171801)
neg, 0.20741489118092746, right(srz193069737)
neg, 0.1312754970724383, right(srz44248277233)
neg, 0.1312754970724383, right(srz96566175324)
neg, 0.12788281295511936, right(srz4424827394)
neg, 0.12788281295511936, right(srz44248271280)
neg, 0.12788281295511936, right(srz246186715922)
neg, 0.12788281295511936, right(srz246186713278)
neg, 0.1872108373518019, right(srz27409598656)
neg, 0.12788281295511936, right(srz246186714243)
neg, 0.12788281295511936, right(srz274095913784)
neg, 0.12788281295511936, right(srz44230444294)
neg, 0.12788281295511936, right(srz96566174976)
neg, 0.12788281295511936, right(srz24618675339)
neg, 0.1312754970724383, right(srz8029726686)
neg, 0.1872108373518019, right(srz4423044116)
neg, 0.17487980387577814, right(srz9931101554)
neg, 0.12788281295511936, right(srz274095915021)
neg, 0.1312754970724383, right(srz193061881)
neg, 0.12788281295511936, right(srz193061588)
neg, 0.12788281295511936, right(srz27409591436)
neg, 0.12788281295511936, right(srz96594927103)
neg, 0.20741489118092746, right(srz44230445829)
neg, 0.1312754970724383, right(srz44248272195)
neg, 0.1312754970724383, right(srz44230443131)
neg, 0.1872108373518019, right(srz96566175294)
neg, 0.1312754970724383, right(srz44230441481)
neg, 0.12788281295511936, right(srz96594923899)
neg, 0.20741489118092746, right(srz8029728037)
neg, 0.1312754970724383, right(srz44230447818)
neg, 0.12788281295511936, right(srz99311013006)
neg, 0.17487980387577814, right(srz96594927786)
neg, 0.12788281295511936, right(srz193063607)
neg, 0.12788281295511936, right(srz8029723598)
neg, 0.1872108373518019, right(srz8029725074)
neg, 0.12788281295511936, right(srz27409591190)
neg, 0.20741489118092746, right(srz246186712298)
neg, 0.1312754970724383, right(srz1930612066)
neg, 0.12788281295511936, right(srz274095911736)
neg, 0.12788281295511936, right(srz8029725956)
neg, 0.12788281295511936, right(srz193065529)
neg, 0.12788281295511936, right(srz99311011135)
neg, 0.1284615400382881, right(srz965661710472)
neg, 0.1312754970724383, right(srz193067427)
neg, 0.1284615400382881, right(srz274095912275)
neg, 0.1312754970724383, right(srz96594924660)
neg, 0.24364176356732303, right(srz24618675297)
neg, 0.12788281295511936, right(srz4424827888)
neg, 0.1312754970724383, right(srz965661715362)
neg, 0.1312754970724383, right(srz246186712262)
neg, 0.1312754970724383, right(srz8029728117)
neg, 0.1312754970724383, right(srz802972112)
neg, 0.12788281295511936, right(srz2461867975)
neg, 0.1312754970724383, right(srz193067464)
neg, 0.12788281295511936, right(srz96566178780)
neg, 0.1312754970724383, right(srz246186716834)
neg, 0.12788281295511936, right(srz99311013734)
neg, 0.20741489118092746, right(srz965661710134)
neg, 0.12788281295511936, right(srz24618671639)
neg, 0.12788281295511936, right(srz193063995)
neg, 0.14158514118650908, right(srz44248275157)
neg, 0.12788281295511936, right(srz274095916177)
neg, 0.20741489118092746, right(srz44248272659)
neg, 0.18485684970456687, right(srz193065797)
neg, 0.17487980387577814, right(srz96594927787)
neg, 0.1312754970724383, right(srz24618674455)
neg, 0.12788281295511936, right(srz27409591165)
neg, 0.12788281295511936, right(srz8029725818)
neg, 0.1872108373518019, right(srz965949211542)
neg, 0.14158514118650908, right(srz193065859)
neg, 0.12788281295511936, right(srz193064062)
neg, 0.12788281295511936, right(srz96566174947)
neg, 0.1312754970724383, right(srz246186715364)
neg, 0.20741489118092746, right(srz96566179142)
neg, 0.1872108373518019, right(srz99311011478)
neg, 0.1872108373518019, right(srz8029729715)
neg, 0.18485684970456687, right(srz8029722352)
neg, 0.18485684970456687, right(srz96594927753)
neg, 0.13284978350377796, right(srz99311016107)
neg, 0.1872108373518019, right(srz44230443192)
neg, 0.12788281295511936, right(srz8029724310)
neg, 0.1312754970724383, right(srz24618673419)
neg, 0.12788281295511936, right(srz44248277706)
neg, 0.12788281295511936, right(srz24618675158)
neg, 0.1312754970724383, right(srz96594928343)
neg, 0.12788281295511936, right(srz8029721533)
neg, 0.1312754970724383, right(srz24618674829)
neg, 0.12788281295511936, right(srz96566178379)
neg, 0.1312754970724383, right(srz44248272068)
neg, 0.1312754970724383, right(srz193062589)
neg, 0.18485684970456687, right(srz44230443567)
neg, 0.1312754970724383, right(srz44230447662)
neg, 0.12788281295511936, right(srz1930612320)
neg, 0.1312754970724383, right(srz96594921016)
neg, 0.12788281295511936, right(srz96566174385)
neg, 0.14158514118650908, right(srz8029723663)
neg, 0.1312754970724383, right(srz246186713653)
neg, 0.12788281295511936, right(srz96566173025)
neg, 0.12788281295511936, right(srz44248276992)
neg, 0.12788281295511936, right(srz99311014730)
neg, 0.13284978350377796, right(srz44248274717)
neg, 0.12788281295511936, right(srz8029725715)
neg, 0.1872108373518019, right(srz24618679883)
neg, 0.26569465657955116, right(srz246186712717)
neg, 0.1872108373518019, right(srz80297210812)
neg, 0.1312754970724383, right(srz8029723026)
neg, 0.17487980387577814, right(srz2461867920)
neg, 0.12788281295511936, right(srz965661713929)
neg, 0.1312754970724383, right(srz99311012624)
neg, 0.1312754970724383, right(srz8029723066)
neg, 0.1312754970724383, right(srz9659492252)
neg, 0.20741489118092746, right(srz965661715488)
neg, 0.1872108373518019, right(srz24618678640)
neg, 0.12788281295511936, right(srz44248276805)
neg, 0.1872108373518019, right(srz274095910361)
neg, 0.1312754970724383, right(srz96594927906)
neg, 0.1312754970724383, right(srz99311013664)
neg, 0.18485684970456687, right(srz1930610826)
neg, 0.1872108373518019, right(srz246186710064)
neg, 0.12788281295511936, right(srz24618676208)
neg, 0.12788281295511936, right(srz27409592459)
neg, 0.12788281295511936, right(srz993110111251)
neg, 0.20741489118092746, right(srz27409595193)
neg, 0.12788281295511936, right(srz993110111255)
neg, 0.1312754970724383, right(srz246186712367)
neg, 0.12788281295511936, right(srz193064554)
neg, 0.1312754970724383, right(srz8029721687)
neg, 0.1284615400382881, right(srz8029728691)
neg, 0.1872108373518019, right(srz99311011526)
neg, 0.1284615400382881, right(srz193063522)
neg, 0.12788281295511936, right(srz193069497)
neg, 0.13284978350377796, right(srz99311013015)
neg, 0.17487980387577814, right(srz27409593410)
neg, 0.1312754970724383, right(srz965661714084)
neg, 0.15013817616499373, right(srz4423044616)
neg, 0.20741489118092746, right(srz96566178082)
neg, 0.12788281295511936, right(srz27409592520)
neg, 0.1312754970724383, right(srz246186716680)
neg, 0.12788281295511936, right(srz96594924145)
neg, 0.12788281295511936, right(srz99311012979)
neg, 0.1872108373518019, right(srz24618675330)
neg, 0.1872108373518019, right(srz96594924780)
neg, 0.12788281295511936, right(srz96594924491)
neg, 0.26569465657955116, right(srz965661715631)
neg, 0.1284615400382881, right(srz24618675778)
neg, 0.1312754970724383, right(srz246186710130)
neg, 0.1312754970724383, right(srz44230446139)
neg, 0.1312754970724383, right(srz193068856)
neg, 0.1872108373518019, right(srz8029725018)
neg, 0.1312754970724383, right(srz246186715793)
neg, 0.13284978350377796, right(srz96566173773)
neg, 0.20741489118092746, right(srz27409593264)
neg, 0.1312754970724383, right(srz44230444797)
neg, 0.18485684970456687, right(srz19306637)
neg, 0.12788281295511936, right(srz27409591854)
neg, 0.20741489118092746, right(srz27409591003)
neg, 0.12788281295511936, right(srz193061411)
neg, 0.1312754970724383, right(srz193068858)
neg, 0.1312754970724383, right(srz96566173969)
neg, 0.1312754970724383, right(srz99311018245)
neg, 0.1312754970724383, right(srz44248271905)
neg, 0.20741489118092746, right(srz965661713343)
neg, 0.20741489118092746, right(srz44248275936)
neg, 0.20741489118092746, right(srz27409598220)
neg, 0.12788281295511936, right(srz246186710772)
neg, 0.1312754970724383, right(srz246186710111)
neg, 0.12788281295511936, right(srz44230442941)
neg, 0.1312754970724383, right(srz44230447783)
neg, 0.1312754970724383, right(srz9656617907)
neg, 0.12788281295511936, right(srz193065498)
neg, 0.1312754970724383, right(srz274095912044)
neg, 0.20741489118092746, right(srz96594929586)
neg, 0.12788281295511936, right(srz27409592882)
neg, 0.1872108373518019, right(srz24618673698)
neg, 0.1312754970724383, right(srz24618679066)
neg, 0.1284615400382881, right(srz96566171509)
neg, 0.1312754970724383, right(srz8029727236)
neg, 0.1312754970724383, right(srz193064242)
neg, 0.13284978350377796, right(srz8029728942)
neg, 0.18485684970456687, right(srz1930610056)
neg, 0.1312754970724383, right(srz802972679)
neg, 0.1312754970724383, right(srz1930611031)
neg, 0.1312754970724383, right(srz193065566)
neg, 0.13284978350377796, right(srz99311013011)
neg, 0.1872108373518019, right(srz96594921650)
neg, 0.1284615400382881, right(srz96566171504)
neg, 0.12788281295511936, right(srz24618674205)
neg, 0.18485684970456687, right(srz193069728)
neg, 0.12788281295511936, right(srz96594926994)
neg, 0.13284978350377796, right(srz99311016115)
neg, 0.1312754970724383, right(srz193068819)
neg, 0.1312754970724383, right(srz274095917239)
neg, 0.12788281295511936, right(srz44230441606)
neg, 0.1312754970724383, right(srz99311017653)
neg, 0.1312754970724383, right(srz44230445973)
neg, 0.20741489118092746, right(srz8029725527)
neg, 0.13284978350377796, right(srz193066791)
neg, 0.18511330982967572, right(srz4424827169)
neg, 0.1312754970724383, right(srz193062057)
neg, 0.12788281295511936, right(srz96566177804)
neg, 0.12788281295511936, right(srz8029726079)
neg, 0.12788281295511936, right(srz193065509)
neg, 0.1872108373518019, right(srz96594925687)
neg, 0.1312754970724383, right(srz24618674968)
neg, 0.12788281295511936, right(srz24618671368)
neg, 0.1284615400382881, right(srz27409595714)
neg, 0.1284615400382881, right(srz9656617177)
neg, 0.1312754970724383, right(srz96594929864)
neg, 0.12788281295511936, right(srz24618672844)
neg, 0.13284978350377796, right(srz44248274314)
neg, 0.1872108373518019, right(srz24618673693)
neg, 0.1312754970724383, right(srz27409596742)
neg, 0.13284978350377796, right(srz4424827464)
neg, 0.14158514118650908, right(srz8029723729)
neg, 0.1312754970724383, right(srz965661715071)
neg, 0.1312754970724383, right(srz1930612028)
neg, 0.12788281295511936, right(srz274095914253)
neg, 0.14158514118650908, right(srz965949210754)
neg, 0.1312754970724383, right(srz9656617517)
neg, 0.18485684970456687, right(srz8029727794)
neg, 0.1312754970724383, right(srz27409598180)
neg, 0.1312754970724383, right(srz96594928118)
neg, 0.1872108373518019, right(srz993110123)
neg, 0.1312754970724383, right(srz44248273684)
neg, 0.1312754970724383, right(srz24618677028)
neg, 0.12788281295511936, right(srz246186715961)
neg, 0.2252026121146009, right(srz965949214065)
neg, 0.1312754970724383, right(srz44248272790)
neg, 0.1312754970724383, right(srz96594921100)
neg, 0.12788281295511936, right(srz1930611825)
neg, 0.1312754970724383, right(srz99311012360)
neg, 0.12788281295511936, right(srz965661712179)
neg, 0.12788281295511936, right(srz44248276345)
neg, 0.18485684970456687, right(srz193065803)
neg, 0.1312754970724383, right(srz965661713529)
neg, 0.1312754970724383, right(srz246186715340)
neg, 0.12788281295511936, right(srz274095915013)
neg, 0.20741489118092746, right(srz9931101360)
neg, 0.1312754970724383, right(srz8029726282)
neg, 0.12788281295511936, right(srz9659492870)
neg, 0.18485684970456687, right(srz44230441914)
neg, 0.1872108373518019, right(srz4423044717)
neg, 0.12788281295511936, right(srz4423044203)
neg, 0.18485684970456687, right(srz8029729736)
neg, 0.14158514118650908, right(srz8029723653)
neg, 0.1312754970724383, right(srz274095913955)
neg, 0.1312754970724383, right(srz8029726986)
neg, 0.12788281295511936, right(srz99311011196)
neg, 0.12788281295511936, right(srz24618679378)
neg, 0.1872108373518019, right(srz965661714881)
neg, 0.1872108373518019, right(srz96594929976)
neg, 0.12788281295511936, right(srz965949211885)
neg, 0.26569465657955116, right(srz44248272930)
neg, 0.1872108373518019, right(srz27409599921)
neg, 0.12788281295511936, right(srz27409591434)
neg, 0.12788281295511936, right(srz2740959246)
neg, 0.12788281295511936, right(srz96594929318)
neg, 0.1872108373518019, right(srz8029722515)
neg, 0.14158514118650908, right(srz193067643)
neg, 0.12788281295511936, right(srz99311019729)
neg, 0.12788281295511936, right(srz274095913887)
neg, 0.20741489118092746, right(srz96566175181)
neg, 0.18485684970456687, right(srz44230445000)
neg, 0.12788281295511936, right(srz8029721419)
neg, 0.12788281295511936, right(srz99311018402)
neg, 0.1872108373518019, right(srz193068476)
neg, 0.18485684970456687, right(srz8029724957)
neg, 0.1284615400382881, right(srz96594926481)
neg, 0.1312754970724383, right(srz99311019233)
neg, 0.20741489118092746, right(srz4423044472)
neg, 0.12788281295511936, right(srz1930612197)
neg, 0.1284615400382881, right(srz246186710631)
neg, 0.12788281295511936, right(srz246186711707)
neg, 0.12788281295511936, right(srz96594927009)
neg, 0.1872108373518019, right(srz246186712832)
neg, 0.12788281295511936, right(srz27409595318)
neg, 0.17487980387577814, right(srz8029727852)
neg, 0.12788281295511936, right(srz2740959475)
neg, 0.12788281295511936, right(srz965949212376)
neg, 0.1872108373518019, right(srz274095911643)
neg, 0.1312754970724383, right(srz193062880)
neg, 0.1872108373518019, right(srz8029722448)
neg, 0.12788281295511936, right(srz274095913734)
neg, 0.12788281295511936, right(srz44230442885)
neg, 0.13284978350377796, right(srz99311016126)
neg, 0.20741489118092746, right(srz96566175581)
neg, 0.13284978350377796, right(srz246186716528)
neg, 0.1284615400382881, right(srz246186710667)
neg, 0.1872108373518019, right(srz965949214156)
neg, 0.1312754970724383, right(srz1930611394)
neg, 0.12788281295511936, right(srz99311013721)
neg, 0.12788281295511936, right(srz246186749)
neg, 0.1312754970724383, right(srz965661710266)
neg, 0.14158514118650908, right(srz193067772)
neg, 0.26569465657955116, right(srz8029723328)
neg, 0.12788281295511936, right(srz8029725821)
neg, 0.12788281295511936, right(srz9656617392)
neg, 0.1312754970724383, right(srz96594922323)
neg, 0.1872108373518019, right(srz9659492323)
neg, 0.18485684970456687, right(srz80297210576)
neg, 0.1312754970724383, right(srz27409598176)
neg, 0.12788281295511936, right(srz8029721653)
neg, 0.1872108373518019, right(srz44230442347)
neg, 0.17487980387577814, right(srz96566173150)
neg, 0.1312754970724383, right(srz965661712535)
neg, 0.20741489118092746, right(srz274095912614)
neg, 0.1312754970724383, right(srz96594922377)
neg, 0.1872108373518019, right(srz246186711302)
neg, 0.12788281295511936, right(srz99311016547)
neg, 0.1312754970724383, right(srz965949213512)
neg, 0.13284978350377796, right(srz8029729205)
neg, 0.12788281295511936, right(srz2461867877)
neg, 0.1312754970724383, right(srz80297210750)
neg, 0.12788281295511936, right(srz274095911748)
neg, 0.1312754970724383, right(srz8029729890)
neg, 0.1312754970724383, right(srz8029726385)
neg, 0.12788281295511936, right(srz44230446778)
neg, 0.24364176356732303, right(srz8029724245)
neg, 0.12788281295511936, right(srz2461867388)
neg, 0.12788281295511936, right(srz2740959497)
neg, 0.14158514118650908, right(srz193065986)
neg, 0.1872108373518019, right(srz8029728409)
neg, 0.12788281295511936, right(srz44230441129)
neg, 0.12788281295511936, right(srz8029726020)
neg, 0.12788281295511936, right(srz99311014991)
neg, 0.12788281295511936, right(srz44248273471)
neg, 0.18485684970456687, right(srz99311015639)
neg, 0.1312754970724383, right(srz44230444836)
neg, 0.1312754970724383, right(srz8029726742)
neg, 0.14158514118650908, right(srz8029727460)
neg, 0.1312754970724383, right(srz99311017613)
neg, 0.12788281295511936, right(srz96566173080)
neg, 0.1312754970724383, right(srz8029728448)
neg, 0.1312754970724383, right(srz96566173992)
neg, 0.12788281295511936, right(srz965949213658)
neg, 0.12788281295511936, right(srz96566178910)
neg, 0.12788281295511936, right(srz96566174978)
neg, 0.1284615400382881, right(srz8029726514)
neg, 0.1312754970724383, right(srz965661796)
neg, 0.1872108373518019, right(srz24618678279)
neg, 0.1312754970724383, right(srz274095916282)
neg, 0.1284615400382881, right(srz27409597220)
neg, 0.1312754970724383, right(srz24618673368)
neg, 0.20741489118092746, right(srz27409596434)
neg, 0.1872108373518019, right(srz246186713718)
neg, 0.1872108373518019, right(srz44230441536)
neg, 0.1312754970724383, right(srz80297210065)
neg, 0.1312754970724383, right(srz193068189)
neg, 0.12788281295511936, right(srz44248272379)
neg, 0.15013817616499373, right(srz96566178331)
neg, 0.12788281295511936, right(srz96566177916)
neg, 0.1312754970724383, right(srz193068526)
neg, 0.12788281295511936, right(srz27409599023)
neg, 0.1872108373518019, right(srz96594924784)
neg, 0.12788281295511936, right(srz24618674364)
neg, 0.20741489118092746, right(srz44248272000)
neg, 0.12788281295511936, right(srz246186712587)
neg, 0.1312754970724383, right(srz965661712521)
neg, 0.1312754970724383, right(srz96566176504)
neg, 0.18485684970456687, right(srz8029727335)
neg, 0.1312754970724383, right(srz1930611195)
neg, 0.1312754970724383, right(srz993110110607)
neg, 0.18485684970456687, right(srz44230446289)
neg, 0.12788281295511936, right(srz9931101765)
neg, 0.12788281295511936, right(srz8029728781)
neg, 0.1312754970724383, right(srz246186712250)
neg, 0.18485684970456687, right(srz19306504)
neg, 0.12788281295511936, right(srz8029721449)
neg, 0.1312754970724383, right(srz44248273134)
neg, 0.1284615400382881, right(srz965661714883)
neg, 0.12788281295511936, right(srz44248276928)
neg, 0.18485684970456687, right(srz193062909)
neg, 0.1872108373518019, right(srz44248274013)
neg, 0.1312754970724383, right(srz246186715350)
neg, 0.12788281295511936, right(srz27409597585)
neg, 0.20741489118092746, right(srz99311012415)
neg, 0.20741489118092746, right(srz24618675190)
neg, 0.1872108373518019, right(srz193064856)
neg, 0.24364176356732303, right(srz96566174092)
neg, 0.12788281295511936, right(srz44248276898)
neg, 0.12788281295511936, right(srz9656617612)
neg, 0.18511330982967572, right(srz8029722006)
neg, 0.12788281295511936, right(srz99311016512)
neg, 0.1312754970724383, right(srz99311012150)
neg, 0.20741489118092746, right(srz27409598205)
neg, 0.1312754970724383, right(srz24618677027)
neg, 0.12788281295511936, right(srz274095914890)
neg, 0.1312754970724383, right(srz27409596864)
neg, 0.1312754970724383, right(srz27409596022)
neg, 0.12788281295511936, right(srz27409599421)
neg, 0.14158514118650908, right(srz193067663)
neg, 0.1312754970724383, right(srz246186714637)
neg, 0.12788281295511936, right(srz274095914240)
neg, 0.13284978350377796, right(srz44230446633)
neg, 0.1872108373518019, right(srz4424827403)
neg, 0.1872108373518019, right(srz193067399)
neg, 0.12788281295511936, right(srz193069376)
neg, 0.1872108373518019, right(srz8029729683)
neg, 0.1872108373518019, right(srz96566172496)
neg, 0.12788281295511936, right(srz246186713747)
neg, 0.20741489118092746, right(srz27409595186)
neg, 0.1872108373518019, right(srz274095913300)
neg, 0.12788281295511936, right(srz274095916155)
neg, 0.12788281295511936, right(srz27409592020)
neg, 0.1312754970724383, right(srz274095911390)
neg, 0.18485684970456687, right(srz193062919)
neg, 0.12788281295511936, right(srz193063777)
neg, 0.20741489118092746, right(srz80297210523)
neg, 0.18485684970456687, right(srz44248271204)
neg, 0.12788281295511936, right(srz8029725740)
neg, 0.12788281295511936, right(srz193062156)
neg, 0.12788281295511936, right(srz246186717121)
neg, 0.20741489118092746, right(srz27409592912)
neg, 0.1312754970724383, right(srz802972169)
neg, 0.1312754970724383, right(srz8029722334)
neg, 0.18485684970456687, right(srz193064095)
neg, 0.1284615400382881, right(srz965661714886)
neg, 0.13284978350377796, right(srz246186716424)
neg, 0.12788281295511936, right(srz965661713274)
neg, 0.12788281295511936, right(srz44230445582)
neg, 0.12788281295511936, right(srz965661714199)
neg, 0.1312754970724383, right(srz24618679992)
neg, 0.1312754970724383, right(srz44248273788)
neg, 0.14158514118650908, right(srz44248271450)
neg, 0.1312754970724383, right(srz96594928020)
neg, 0.12788281295511936, right(srz2461867516)
neg, 0.12788281295511936, right(srz8029728207)
neg, 0.12788281295511936, right(srz246186714779)
neg, 0.1312754970724383, right(srz99311012798)
neg, 0.20741489118092746, right(srz96566175140)
neg, 0.1312754970724383, right(srz96566175734)
neg, 0.1312754970724383, right(srz274095911374)
neg, 0.17487980387577814, right(srz193063260)
neg, 0.12788281295511936, right(srz99311018906)
neg, 0.18485684970456687, right(srz193066916)
neg, 0.12788281295511936, right(srz965661715908)
neg, 0.18485684970456687, right(srz193065775)
neg, 0.12788281295511936, right(srz274095915009)
neg, 0.1872108373518019, right(srz274095913494)
neg, 0.18485684970456687, right(srz96566178557)
neg, 0.13284978350377796, right(srz193068666)
neg, 0.18485684970456687, right(srz193068069)
neg, 0.12788281295511936, right(srz1930611731)
neg, 0.1312754970724383, right(srz44230441436)
neg, 0.12788281295511936, right(srz965661715789)
neg, 0.20741489118092746, right(srz965949212920)
neg, 0.12788281295511936, right(srz965661711843)
neg, 0.14158514118650908, right(srz193067662)
neg, 0.12788281295511936, right(srz246186717042)
neg, 0.14158514118650908, right(srz193065814)
neg, 0.12788281295511936, right(srz24618675939)
neg, 0.20741489118092746, right(srz993110110335)
neg, 0.15013817616499373, right(srz80297210606)
neg, 0.20741489118092746, right(srz24618673302)
neg, 0.1312754970724383, right(srz44230447186)
neg, 0.1312754970724383, right(srz965661713168)
neg, 0.1284615400382881, right(srz27409595658)
neg, 0.12788281295511936, right(srz246186711944)
neg, 0.26569465657955116, right(srz965661712921)
neg, 0.12788281295511936, right(srz274095916013)
neg, 0.1312754970724383, right(srz8029726275)
neg, 0.12788281295511936, right(srz193066049)
neg, 0.12788281295511936, right(srz193067921)
neg, 0.12788281295511936, right(srz246186716002)
neg, 0.1284615400382881, right(srz27409595716)
neg, 0.1312754970724383, right(srz99311017712)
neg, 0.12788281295511936, right(srz274095913714)
neg, 0.12788281295511936, right(srz24618674338)
neg, 0.20741489118092746, right(srz193069590)
neg, 0.1312754970724383, right(srz193061794)
neg, 0.24364176356732303, right(srz8029729869)
neg, 0.12788281295511936, right(srz193069340)
neg, 0.1312754970724383, right(srz96566173486)
neg, 0.17487980387577814, right(srz99311015240)
neg, 0.20741489118092746, right(srz80297280)
neg, 0.13284978350377796, right(srz44230446677)
neg, 0.18485684970456687, right(srz8029727943)
neg, 0.12788281295511936, right(srz4424827879)
neg, 0.12788281295511936, right(srz24618673809)
neg, 0.1312754970724383, right(srz4424827110)
neg, 0.12788281295511936, right(srz965661712144)
neg, 0.20741489118092746, right(srz44230446054)
neg, 0.12788281295511936, right(srz246186713283)
neg, 0.1284615400382881, right(srz96566171505)
neg, 0.20741489118092746, right(srz44230446234)
neg, 0.1312754970724383, right(srz96566175728)
neg, 0.12788281295511936, right(srz965661713839)
neg, 0.18485684970456687, right(srz44248274932)
neg, 0.20741489118092746, right(srz965661736)
neg, 0.12788281295511936, right(srz44248275638)
neg, 0.20741489118092746, right(srz193064263)
neg, 0.1312754970724383, right(srz99311017212)
neg, 0.17487980387577814, right(srz44230443017)
neg, 0.1872108373518019, right(srz27409594909)
neg, 0.13284978350377796, right(srz44230441760)
neg, 0.14158514118650908, right(srz193067805)
neg, 0.12788281295511936, right(srz8029725496)
neg, 0.1312754970724383, right(srz24618679524)
neg, 0.12788281295511936, right(srz44230446995)
neg, 0.1312754970724383, right(srz193067988)
neg, 0.1312754970724383, right(srz993110111600)
neg, 0.12788281295511936, right(srz44248276335)
neg, 0.1312754970724383, right(srz274095916348)
neg, 0.12788281295511936, right(srz99311014957)
neg, 0.1312754970724383, right(srz99311012101)
neg, 0.12788281295511936, right(srz274095911713)
neg, 0.12788281295511936, right(srz24618676206)
neg, 0.12788281295511936, right(srz8029721297)
neg, 0.1872108373518019, right(srz993110111768)
neg, 0.1872108373518019, right(srz96566172430)
neg, 0.1312754970724383, right(srz9656617952)
neg, 0.12788281295511936, right(srz44248273375)
neg, 0.12788281295511936, right(srz24618673120)
neg, 0.17487980387577814, right(srz99311018515)
neg, 0.1312754970724383, right(srz1930610628)
neg, 0.12788281295511936, right(srz8029727149)
neg, 0.12788281295511936, right(srz246186712552)
neg, 0.12788281295511936, right(srz24618677444)
neg, 0.1312754970724383, right(srz24618677142)
neg, 0.1312754970724383, right(srz99311018957)
neg, 0.12788281295511936, right(srz44248277896)
neg, 0.12788281295511936, right(srz27409596200)
neg, 0.1312754970724383, right(srz193066648)
neg, 0.12788281295511936, right(srz44248276724)
neg, 0.12788281295511936, right(srz44248271250)
neg, 0.12788281295511936, right(srz8029723872)
neg, 0.18485684970456687, right(srz193062552)
neg, 0.12788281295511936, right(srz965661713980)
neg, 0.12788281295511936, right(srz99311018817)
neg, 0.1312754970724383, right(srz193066504)
neg, 0.17487980387577814, right(srz44248278314)
neg, 0.1312754970724383, right(srz27409599284)
neg, 0.12788281295511936, right(srz246186784)
neg, 0.20741489118092746, right(srz80297236)
neg, 0.20741489118092746, right(srz96594928852)
neg, 0.24364176356732303, right(srz8029724099)
neg, 0.1284615400382881, right(srz96594925292)
neg, 0.1872108373518019, right(srz44230447988)
neg, 0.1312754970724383, right(srz96594924956)
neg, 0.12788281295511936, right(srz9931101845)
neg, 0.1284615400382881, right(srz965661710425)
neg, 0.12788281295511936, right(srz44230444261)
neg, 0.20741489118092746, right(srz965949210444)
neg, 0.1312754970724383, right(srz27409594675)
neg, 0.13284978350377796, right(srz99311013045)
neg, 0.1312754970724383, right(srz965661710246)
neg, 0.12788281295511936, right(srz96566178946)
neg, 0.12788281295511936, right(srz44230444050)
neg, 0.1284615400382881, right(srz9656617228)
neg, 0.18485684970456687, right(srz44248271173)
neg, 0.12788281295511936, right(srz2740959257)
neg, 0.12788281295511936, right(srz4424827638)
neg, 0.12788281295511936, right(srz44248272377)
neg, 0.1284615400382881, right(srz24618676953)
neg, 0.1312754970724383, right(srz802972565)
neg, 0.1312754970724383, right(srz246186715588)
neg, 0.20741489118092746, right(srz2740959879)
neg, 0.1284615400382881, right(srz96566171408)
neg, 0.12788281295511936, right(srz1930611697)
neg, 0.1312754970724383, right(srz993110170)
neg, 0.12788281295511936, right(srz965661710732)
neg, 0.18485684970456687, right(srz193065217)
neg, 0.1312754970724383, right(srz965949211305)
neg, 0.20741489118092746, right(srz44230441231)
neg, 0.12788281295511936, right(srz99311016823)
neg, 0.20741489118092746, right(srz246186713686)
neg, 0.1284615400382881, right(srz9656617192)
neg, 0.12788281295511936, right(srz246186714694)
neg, 0.12788281295511936, right(srz24618673158)
neg, 0.1312754970724383, right(srz24618678029)
neg, 0.1284615400382881, right(srz44230445488)
neg, 0.1872108373518019, right(srz44248273961)
neg, 0.12788281295511936, right(srz24618679346)
neg, 0.12788281295511936, right(srz96594921370)
neg, 0.1312754970724383, right(srz8029722072)
neg, 0.12788281295511936, right(srz246186710783)
neg, 0.1872108373518019, right(srz24618675655)
neg, 0.12788281295511936, right(srz24618672169)
neg, 0.17487980387577814, right(srz1930611264)
neg, 0.20741489118092746, right(srz99311015064)
neg, 0.12788281295511936, right(srz965949211946)
neg, 0.12788281295511936, right(srz993110111436)
neg, 0.26978824010658575, right(srz96594926269)
neg, 0.12788281295511936, right(srz96566178730)
neg, 0.1284615400382881, right(srz193063539)
neg, 0.1312754970724383, right(srz965949210410)
neg, 0.1872108373518019, right(srz965661715654)
neg, 0.1284615400382881, right(srz44230442567)
neg, 0.1872108373518019, right(srz99311017972)
neg, 0.1872108373518019, right(srz44230447973)
neg, 0.13284978350377796, right(srz44230446723)
neg, 0.12788281295511936, right(srz246186713833)
neg, 0.12788281295511936, right(srz96594929477)
neg, 0.14158514118650908, right(srz9931101261)
neg, 0.12788281295511936, right(srz246186716234)
neg, 0.12788281295511936, right(srz8029724346)
neg, 0.1284615400382881, right(srz274095912233)
neg, 0.12788281295511936, right(srz193069385)
neg, 0.12788281295511936, right(srz8029728313)
neg, 0.1312754970724383, right(srz8029728379)
neg, 0.1312754970724383, right(srz802972118)
neg, 0.12788281295511936, right(srz965949211147)
neg, 0.12788281295511936, right(srz965949212072)
neg, 0.15013817616499373, right(srz4423044625)
neg, 0.1872108373518019, right(srz1930611632)
neg, 0.18485684970456687, right(srz965661714415)
neg, 0.1312754970724383, right(srz965949213966)
neg, 0.1312754970724383, right(srz27409598586)
neg, 0.20741489118092746, right(srz965661714808)
neg, 0.1312754970724383, right(srz44230443250)
neg, 0.12788281295511936, right(srz24618677323)
neg, 0.1872108373518019, right(srz965661714779)
neg, 0.12788281295511936, right(srz1930611228)
neg, 0.1312754970724383, right(srz965661714101)
neg, 0.12788281295511936, right(srz99311018803)
neg, 0.20741489118092746, right(srz44230446285)
neg, 0.12788281295511936, right(srz96566178907)
neg, 0.1872108373518019, right(srz993110111686)
neg, 0.1312754970724383, right(srz193068509)
neg, 0.1312754970724383, right(srz993110111474)
neg, 0.1872108373518019, right(srz44230442329)
neg, 0.20741489118092746, right(srz27409599379)
neg, 0.12788281295511936, right(srz8029725422)
neg, 0.12788281295511936, right(srz44230442772)
neg, 0.17487980387577814, right(srz9931101125)
neg, 0.1312754970724383, right(srz44230444408)
neg, 0.1312754970724383, right(srz44248272161)
neg, 0.12788281295511936, right(srz27409597385)
neg, 0.1284615400382881, right(srz96566171442)
neg, 0.1312754970724383, right(srz24618674664)
neg, 0.1312754970724383, right(srz8029721819)
neg, 0.2252026121146009, right(srz96594924462)
neg, 0.18485684970456687, right(srz4423044550)
neg, 0.12788281295511936, right(srz193067837)
neg, 0.20741489118092746, right(srz965661710127)
neg, 0.12788281295511936, right(srz246186714919)
neg, 0.12788281295511936, right(srz193069289)
neg, 0.12788281295511936, right(srz8029725495)
neg, 0.1872108373518019, right(srz96594928249)
neg, 0.1872108373518019, right(srz99311014229)
neg, 0.1312754970724383, right(srz8029726278)
neg, 0.1872108373518019, right(srz8029724845)
neg, 0.12788281295511936, right(srz99311018744)
neg, 0.12788281295511936, right(srz4424827791)
neg, 0.1872108373518019, right(srz246186713090)
neg, 0.12788281295511936, right(srz965949213760)
neg, 0.1284615400382881, right(srz274095912173)
neg, 0.1312754970724383, right(srz246186712464)
neg, 0.1872108373518019, right(srz27409594886)
neg, 0.17487980387577814, right(srz44248271389)
neg, 0.12788281295511936, right(srz193061641)
neg, 0.1312754970724383, right(srz96594923743)
neg, 0.1312754970724383, right(srz193062732)
neg, 0.18485684970456687, right(srz193065215)
neg, 0.18485684970456687, right(srz27409593206)
neg, 0.26569465657955116, right(srz44230444602)
neg, 0.1312754970724383, right(srz99311012316)
neg, 0.1312754970724383, right(srz8029726319)
neg, 0.12788281295511936, right(srz27409597674)
neg, 0.1312754970724383, right(srz96566178167)
neg, 0.20741489118092746, right(srz27409597752)
neg, 0.12788281295511936, right(srz27409591373)
neg, 0.1312754970724383, right(srz80297210765)
neg, 0.12788281295511936, right(srz44248277903)
neg, 0.1312754970724383, right(srz44230447817)
neg, 0.1312754970724383, right(srz965949212456)
neg, 0.12788281295511936, right(srz27409593799)
neg, 0.13284978350377796, right(srz24618672360)
neg, 0.17487980387577814, right(srz44230445941)
neg, 0.1312754970724383, right(srz8029725386)
neg, 0.12788281295511936, right(srz193063675)
neg, 0.12788281295511936, right(srz965949212378)
neg, 0.12788281295511936, right(srz193066952)
neg, 0.1872108373518019, right(srz99311019924)
neg, 0.20741489118092746, right(srz44248277521)
neg, 0.1872108373518019, right(srz24618673472)
neg, 0.14158514118650908, right(srz193065975)
neg, 0.1872108373518019, right(srz44248273964)
neg, 0.1312754970724383, right(srz246186710140)
neg, 0.12788281295511936, right(srz27409595916)
neg, 0.12788281295511936, right(srz96566175943)
neg, 0.18511330982967572, right(srz19306666)
neg, 0.1872108373518019, right(srz802972822)
neg, 0.1312754970724383, right(srz44248271863)
neg, 0.1284615400382881, right(srz96594926583)
neg, 0.20741489118092746, right(srz96594927855)
neg, 0.12788281295511936, right(srz193067366)
neg, 0.1872108373518019, right(srz274095911192)
neg, 0.1872108373518019, right(srz274095915608)
neg, 0.1312754970724383, right(srz246186716870)
neg, 0.12788281295511936, right(srz193067367)
neg, 0.12788281295511936, right(srz193069455)
neg, 0.1312754970724383, right(srz96594922654)
neg, 0.12788281295511936, right(srz80297210346)
neg, 0.1284615400382881, right(srz274095912164)
neg, 0.12788281295511936, right(srz802972998)
neg, 0.1312754970724383, right(srz44248271759)
neg, 0.1312754970724383, right(srz99311017612)
neg, 0.1284615400382881, right(srz965661710450)
neg, 0.12788281295511936, right(srz965949211973)
neg, 0.12788281295511936, right(srz24618677361)
neg, 0.1312754970724383, right(srz27409596631)
neg, 0.12788281295511936, right(srz965949210939)
neg, 0.12788281295511936, right(srz96566176061)
neg, 0.1872108373518019, right(srz24618679906)
neg, 0.1284615400382881, right(srz1930610303)
neg, 0.12788281295511936, right(srz24618672767)
neg, 0.18485684970456687, right(srz8029727783)
neg, 0.12788281295511936, right(srz4423044969)
neg, 0.1312754970724383, right(srz44230444932)
neg, 0.1312754970724383, right(srz802972114)
neg, 0.20741489118092746, right(srz274095911541)
neg, 0.1312754970724383, right(srz8029728609)
neg, 0.1312754970724383, right(srz274095915161)
neg, 0.1312754970724383, right(srz802972124)
neg, 0.12788281295511936, right(srz27409592278)
neg, 0.12788281295511936, right(srz2461867487)
neg, 0.12788281295511936, right(srz96594924100)
neg, 0.12788281295511936, right(srz24618677348)
neg, 0.12788281295511936, right(srz8029721475)
neg, 0.12788281295511936, right(srz96566178930)
neg, 0.1312754970724383, right(srz24618676054)
neg, 0.20741489118092746, right(srz2461867581)
neg, 0.18485684970456687, right(srz4423044424)
neg, 0.18485684970456687, right(srz8029726233)
neg, 0.26569465657955116, right(srz8029726598)
neg, 0.12788281295511936, right(srz96566178833)
neg, 0.20741489118092746, right(srz96566178492)
neg, 0.1872108373518019, right(srz99311018116)
neg, 0.20741489118092746, right(srz99311011390)
neg, 0.1312754970724383, right(srz27409594802)
neg, 0.1284615400382881, right(srz96566171536)
neg, 0.12788281295511936, right(srz96566173022)
neg, 0.1312754970724383, right(srz99311011936)
neg, 0.12788281295511936, right(srz2461867113)
neg, 0.12788281295511936, right(srz24618676526)
neg, 0.1312754970724383, right(srz99311014145)
neg, 0.1284615400382881, right(srz8029728762)
neg, 0.12788281295511936, right(srz993110111385)
neg, 0.12788281295511936, right(srz246186778)
neg, 0.12788281295511936, right(srz274095913019)
neg, 0.13284978350377796, right(srz44230443784)
neg, 0.12788281295511936, right(srz274095913726)
neg, 0.1312754970724383, right(srz193063414)
neg, 0.20741489118092746, right(srz4423044500)
neg, 0.18485684970456687, right(srz8029724525)
neg, 0.12788281295511936, right(srz27409597407)
neg, 0.20741489118092746, right(srz44230443171)
neg, 0.12788281295511936, right(srz99311015989)
neg, 0.12788281295511936, right(srz274095916144)
neg, 0.1872108373518019, right(srz8029726918)
neg, 0.1312754970724383, right(srz24618679849)
neg, 0.1312754970724383, right(srz24618675015)
neg, 0.20741489118092746, right(srz44230447380)
neg, 0.1872108373518019, right(srz99311014230)
neg, 0.1872108373518019, right(srz8029726508)
neg, 0.1284615400382881, right(srz96594921234)
neg, 0.13284978350377796, right(srz246186716411)
neg, 0.18485684970456687, right(srz99311019859)
neg, 0.18511330982967572, right(srz9931101470)
neg, 0.14158514118650908, right(srz44248275089)
neg, 0.1312754970724383, right(srz96566171019)
neg, 0.1872108373518019, right(srz802972828)
neg, 0.12788281295511936, right(srz2461867987)
neg, 0.1872108373518019, right(srz965661714698)
neg, 0.12788281295511936, right(srz44248273421)
neg, 0.12788281295511936, right(srz193065531)
neg, 0.20741489118092746, right(srz1930610132)
neg, 0.1872108373518019, right(srz96594929894)
neg, 0.1872108373518019, right(srz193062482)
neg, 0.1872108373518019, right(srz99311016396)
neg, 0.12788281295511936, right(srz44248277894)
neg, 0.12788281295511936, right(srz96594921466)
neg, 0.20741489118092746, right(srz44230446251)
neg, 0.1312754970724383, right(srz44230443407)
neg, 0.20741489118092746, right(srz965949211365)
neg, 0.12788281295511936, right(srz44248273569)
neg, 0.1312754970724383, right(srz8029728471)
neg, 0.1312754970724383, right(srz44248271488)
neg, 0.1312754970724383, right(srz44248275010)
neg, 0.1312754970724383, right(srz44248276146)
neg, 0.12788281295511936, right(srz274095979)
neg, 0.12788281295511936, right(srz1930610634)
neg, 0.1312754970724383, right(srz96566179770)
neg, 0.12788281295511936, right(srz99311011636)
neg, 0.13284978350377796, right(srz44248274735)
neg, 0.1872108373518019, right(srz8029726908)
neg, 0.12788281295511936, right(srz27409598413)
neg, 0.20741489118092746, right(srz965949213637)
neg, 0.18485684970456687, right(srz99311011450)
neg, 0.1312754970724383, right(srz8029723041)
neg, 0.12788281295511936, right(srz193069448)
neg, 0.1312754970724383, right(srz96566172004)
neg, 0.12788281295511936, right(srz965661711234)
neg, 0.12788281295511936, right(srz442304457)
neg, 0.1312754970724383, right(srz99311012108)
neg, 0.20741489118092746, right(srz96566179153)
neg, 0.1872108373518019, right(srz8029725020)
neg, 0.14158514118650908, right(srz44248276672)
neg, 0.12788281295511936, right(srz8029722845)
neg, 0.1872108373518019, right(srz8029721948)
neg, 0.12788281295511936, right(srz8029725589)
neg, 0.20741489118092746, right(srz965949212191)
neg, 0.1312754970724383, right(srz44230443145)
neg, 0.18485684970456687, right(srz24618675266)
neg, 0.18485684970456687, right(srz19306878)
neg, 0.1284615400382881, right(srz96566171535)
neg, 0.1312754970724383, right(srz96566177117)
neg, 0.1312754970724383, right(srz965661713467)
neg, 0.1284615400382881, right(srz274095912291)
neg, 0.13284978350377796, right(srz965661714340)
neg, 0.13284978350377796, right(srz99311016058)
neg, 0.12788281295511936, right(srz965661711641)
neg, 0.12788281295511936, right(srz44248273271)
neg, 0.12788281295511936, right(srz24618672691)
neg, 0.1872108373518019, right(srz99311015775)
neg, 0.20741489118092746, right(srz99311016860)
neg, 0.1312754970724383, right(srz80297210037)
neg, 0.12788281295511936, right(srz96566175048)
neg, 0.20741489118092746, right(srz24618678148)
neg, 0.12788281295511936, right(srz24618673910)
neg, 0.1312754970724383, right(srz193064161)
neg, 0.12788281295511936, right(srz96594922982)
neg, 0.1312754970724383, right(srz193063396)
neg, 0.1312754970724383, right(srz44230441944)
neg, 0.12788281295511936, right(srz99311016799)
neg, 0.1872108373518019, right(srz193064421)
neg, 0.12788281295511936, right(srz246186715967)
neg, 0.14158514118650908, right(srz8029727901)
neg, 0.18485684970456687, right(srz44230446427)
neg, 0.12788281295511936, right(srz99311015028)
neg, 0.20741489118092746, right(srz99311013514)
neg, 0.12788281295511936, right(srz2740959432)
neg, 0.1872108373518019, right(srz44230444607)
neg, 0.1312754970724383, right(srz193062724)
neg, 0.1312754970724383, right(srz44230444819)
neg, 0.1872108373518019, right(srz44230448268)
neg, 0.1872108373518019, right(srz8029728659)
neg, 0.1312754970724383, right(srz99311014261)
neg, 0.1872108373518019, right(srz274095912942)
neg, 0.1284615400382881, right(srz274095912218)
neg, 0.1312754970724383, right(srz96594928428)
neg, 0.1312754970724383, right(srz965661715437)
neg, 0.12788281295511936, right(srz44248271827)
neg, 0.18485684970456687, right(srz8029728985)
neg, 0.12788281295511936, right(srz27409595083)
neg, 0.12788281295511936, right(srz2461867457)
neg, 0.1312754970724383, right(srz27409596054)
neg, 0.14158514118650908, right(srz44248276527)
neg, 0.1312754970724383, right(srz274095913135)
neg, 0.1872108373518019, right(srz96594928474)
neg, 0.2252026121146009, right(srz965661710839)
neg, 0.18485684970456687, right(srz99311015169)
neg, 0.13284978350377796, right(srz246186716434)
neg, 0.1312754970724383, right(srz44230444960)
neg, 0.12788281295511936, right(srz24618671898)
neg, 0.13284978350377796, right(srz96594928713)
neg, 0.12788281295511936, right(srz193061543)
neg, 0.12788281295511936, right(srz96566171590)
neg, 0.12788281295511936, right(srz44230441150)
neg, 0.1284615400382881, right(srz27409597228)
neg, 0.12788281295511936, right(srz193062711)
neg, 0.12788281295511936, right(srz442304447)
neg, 0.20741489118092746, right(srz80297267)
neg, 0.12788281295511936, right(srz965661711853)
neg, 0.1312754970724383, right(srz24618678048)
neg, 0.14158514118650908, right(srz96566174099)
neg, 0.1312754970724383, right(srz965661714632)
neg, 0.1872108373518019, right(srz1930662)
neg, 0.20741489118092746, right(srz965949213633)
neg, 0.12788281295511936, right(srz965949212876)
neg, 0.1872108373518019, right(srz99311014221)
neg, 0.20741489118092746, right(srz1930687)
neg, 0.12788281295511936, right(srz44230446523)
neg, 0.1312754970724383, right(srz44248271575)
neg, 0.12788281295511936, right(srz24618677544)
neg, 0.12788281295511936, right(srz274095912333)
neg, 0.20741489118092746, right(srz8029728462)
neg, 0.20741489118092746, right(srz8029725542)
neg, 0.1284615400382881, right(srz27409595755)
neg, 0.18485684970456687, right(srz993110110827)
neg, 0.1872108373518019, right(srz1930611504)
neg, 0.18485684970456687, right(srz8029727923)
neg, 0.12788281295511936, right(srz99311014699)
neg, 0.20741489118092746, right(srz44230442291)
neg, 0.12788281295511936, right(srz44248275312)
neg, 0.1312754970724383, right(srz80297210025)
neg, 0.12788281295511936, right(srz27409591428)
neg, 0.14158514118650908, right(srz193067775)
neg, 0.1872108373518019, right(srz965949211544)
neg, 0.1312754970724383, right(srz8029728245)
neg, 0.12788281295511936, right(srz44230446894)
neg, 0.1312754970724383, right(srz96566177591)
neg, 0.20741489118092746, right(srz44230448026)
neg, 0.1312754970724383, right(srz27409596637)
neg, 0.1312754970724383, right(srz274095914615)
neg, 0.12788281295511936, right(srz24618671048)
neg, 0.12788281295511936, right(srz24618671280)
neg, 0.18485684970456687, right(srz1930610009)
neg, 0.1284615400382881, right(srz24618675754)
neg, 0.12788281295511936, right(srz2740959421)
neg, 0.1872108373518019, right(srz274095914562)
neg, 0.12788281295511936, right(srz27409598501)
neg, 0.12788281295511936, right(srz193064547)
neg, 0.1312754970724383, right(srz193068503)
neg, 0.12788281295511936, right(srz274095916225)
neg, 0.1312754970724383, right(srz246186716309)
neg, 0.12788281295511936, right(srz44248277979)
neg, 0.12788281295511936, right(srz246186713333)
neg, 0.1872108373518019, right(srz9656617142)
neg, 0.20741489118092746, right(srz4423044471)
neg, 0.20741489118092746, right(srz99311016872)
neg, 0.18485684970456687, right(srz8029724969)
neg, 0.1312754970724383, right(srz193061209)
neg, 0.12788281295511936, right(srz274095942)
neg, 0.12788281295511936, right(srz246186717117)
neg, 0.1312754970724383, right(srz96566175428)
neg, 0.12788281295511936, right(srz4423044206)
neg, 0.1312754970724383, right(srz8029729528)
neg, 0.14158514118650908, right(srz8029727349)
neg, 0.12788281295511936, right(srz27409592994)
neg, 0.13284978350377796, right(srz19306428)
neg, 0.1312754970724383, right(srz1930611407)
neg, 0.12788281295511936, right(srz44230442221)
neg, 0.17487980387577814, right(srz99311019072)
neg, 0.1312754970724383, right(srz80297210764)
neg, 0.12788281295511936, right(srz4424827370)
neg, 0.1312754970724383, right(srz246186712921)
neg, 0.12788281295511936, right(srz99311019713)
neg, 0.20741489118092746, right(srz44230443478)
neg, 0.12788281295511936, right(srz96594921696)
neg, 0.1284615400382881, right(srz24618679247)
neg, 0.1872108373518019, right(srz965949214166)
neg, 0.12788281295511936, right(srz24618677396)
neg, 0.17487980387577814, right(srz96566177734)
neg, 0.1312754970724383, right(srz965661712766)
neg, 0.12788281295511936, right(srz27409592280)
neg, 0.1312754970724383, right(srz193066669)
neg, 0.12788281295511936, right(srz8029725779)
neg, 0.12788281295511936, right(srz8029726071)
neg, 0.12788281295511936, right(srz96566171795)
neg, 0.1312754970724383, right(srz8029724614)
neg, 0.20741489118092746, right(srz44230448144)
neg, 0.1312754970724383, right(srz193062569)
neg, 0.12788281295511936, right(srz965661714845)
neg, 0.12788281295511936, right(srz24618673106)
neg, 0.17487980387577814, right(srz19306560)
neg, 0.20741489118092746, right(srz9931101340)
neg, 0.12788281295511936, right(srz2461867983)
neg, 0.12788281295511936, right(srz246186715924)
neg, 0.14158514118650908, right(srz193067783)
neg, 0.1312754970724383, right(srz24618674996)
neg, 0.12788281295511936, right(srz96566176201)
neg, 0.12788281295511936, right(srz44248272322)
neg, 0.1284615400382881, right(srz44230445459)
neg, 0.18485684970456687, right(srz193062386)
neg, 0.12788281295511936, right(srz246186710741)
neg, 0.12788281295511936, right(srz96566176681)
neg, 0.1312754970724383, right(srz96566171009)
neg, 0.12788281295511936, right(srz246186713348)
neg, 0.1872108373518019, right(srz8029727159)
neg, 0.20741489118092746, right(srz96594929934)
neg, 0.12788281295511936, right(srz274095916062)
neg, 0.12788281295511936, right(srz2461867469)
neg, 0.20741489118092746, right(srz8029726174)
neg, 0.1872108373518019, right(srz44230441293)
neg, 0.1312754970724383, right(srz4423044772)
neg, 0.12788281295511936, right(srz24618672968)
neg, 0.18485684970456687, right(srz1930610042)
neg, 0.12788281295511936, right(srz274095911310)
neg, 0.12788281295511936, right(srz27409592607)
neg, 0.1312754970724383, right(srz965661714583)
neg, 0.14158514118650908, right(srz8029723694)
neg, 0.1312754970724383, right(srz96566172152)
neg, 0.1312754970724383, right(srz44248272522)
neg, 0.20741489118092746, right(srz44248277455)
neg, 0.12788281295511936, right(srz274095916533)
neg, 0.1312754970724383, right(srz274095917309)
neg, 0.1312754970724383, right(srz44248277158)
neg, 0.20741489118092746, right(srz24618674585)
neg, 0.12788281295511936, right(srz965661710602)
neg, 0.26569465657955116, right(srz44248274831)
neg, 0.1312754970724383, right(srz24618674444)
neg, 0.20741489118092746, right(srz4423044468)
neg, 0.1312754970724383, right(srz24618673374)
neg, 0.20741489118092746, right(srz24618673219)
neg, 0.1872108373518019, right(srz27409595012)
neg, 0.1312754970724383, right(srz24618678386)
neg, 0.12788281295511936, right(srz1930610478)
neg, 0.12788281295511936, right(srz99311017905)
neg, 0.20741489118092746, right(srz8029726185)
neg, 0.12788281295511936, right(srz24618677994)
neg, 0.1312754970724383, right(srz44230444460)
neg, 0.1312754970724383, right(srz274095914067)
neg, 0.12788281295511936, right(srz44230442910)
neg, 0.12788281295511936, right(srz246186716145)
neg, 0.18485684970456687, right(srz99311011620)
neg, 0.1872108373518019, right(srz44248273635)
neg, 0.12788281295511936, right(srz96566172301)
neg, 0.12788281295511936, right(srz246186713250)
neg, 0.1312754970724383, right(srz96594927439)
neg, 0.12788281295511936, right(srz246186717173)
neg, 0.1312754970724383, right(srz44248277324)
neg, 0.1312754970724383, right(srz99311012503)
neg, 0.1312754970724383, right(srz246186712978)
neg, 0.20741489118092746, right(srz99311014628)
neg, 0.12788281295511936, right(srz96594927672)
neg, 0.1312754970724383, right(srz274095913479)
neg, 0.13284978350377796, right(srz193065029)
neg, 0.14158514118650908, right(srz44248276667)
neg, 0.12788281295511936, right(srz193063946)
neg, 0.12788281295511936, right(srz193061574)
neg, 0.1284615400382881, right(srz44230442620)
neg, 0.12788281295511936, right(srz96566178344)
neg, 0.12788281295511936, right(srz4424827568)
neg, 0.1872108373518019, right(srz44230442331)
neg, 0.12788281295511936, right(srz2461867540)
neg, 0.1312754970724383, right(srz24618676693)
neg, 0.12788281295511936, right(srz27409592562)
neg, 0.12788281295511936, right(srz99311015146)
neg, 0.20741489118092746, right(srz2740959366)
neg, 0.13284978350377796, right(srz96594928718)
neg, 0.20741489118092746, right(srz99311013493)
neg, 0.12788281295511936, right(srz965949213382)
neg, 0.1284615400382881, right(srz44230442560)
neg, 0.12788281295511936, right(srz96566171603)
neg, 0.1284615400382881, right(srz96566171405)
neg, 0.1312754970724383, right(srz193062807)
neg, 0.12788281295511936, right(srz965661715850)
neg, 0.12788281295511936, right(srz96566177849)
neg, 0.12788281295511936, right(srz44248272911)
neg, 0.12788281295511936, right(srz44248272466)
neg, 0.1312754970724383, right(srz27409596061)
neg, 0.20741489118092746, right(srz9931101105)
neg, 0.12788281295511936, right(srz246186713745)
neg, 0.1312754970724383, right(srz246186715091)
neg, 0.1872108373518019, right(srz96594928241)
neg, 0.1312754970724383, right(srz8029724715)
neg, 0.1284615400382881, right(srz274095912182)
neg, 0.14158514118650908, right(srz99311014105)
neg, 0.12788281295511936, right(srz193065512)
neg, 0.12788281295511936, right(srz274095914242)
neg, 0.1312754970724383, right(srz965661712290)
neg, 0.1312754970724383, right(srz8029723591)
neg, 0.18485684970456687, right(srz193065622)
neg, 0.1312754970724383, right(srz274095915273)
neg, 0.12788281295511936, right(srz96594922966)
neg, 0.18485684970456687, right(srz80297210580)
neg, 0.1312754970724383, right(srz99311012548)
neg, 0.20741489118092746, right(srz24618676400)
neg, 0.12788281295511936, right(srz44248272343)
neg, 0.1312754970724383, right(srz24618676607)
neg, 0.20741489118092746, right(srz96594928850)
neg, 0.1312754970724383, right(srz8029725311)
neg, 0.12788281295511936, right(srz993110110134)
neg, 0.12788281295511936, right(srz24618676214)
neg, 0.12788281295511936, right(srz96594923017)
neg, 0.20741489118092746, right(srz99311011392)
neg, 0.12788281295511936, right(srz246186716020)
neg, 0.12788281295511936, right(srz24618674129)
neg, 0.13284978350377796, right(srz44230446683)
neg, 0.12788281295511936, right(srz193061488)
neg, 0.1312754970724383, right(srz96594924975)
neg, 0.1312754970724383, right(srz44248274574)
neg, 0.17487980387577814, right(srz993110110363)
neg, 0.12788281295511936, right(srz24618675214)
neg, 0.12788281295511936, right(srz965949211984)
neg, 0.1312754970724383, right(srz96594927864)
neg, 0.14158514118650908, right(srz193067685)
neg, 0.1284615400382881, right(srz99311018123)
neg, 0.18485684970456687, right(srz965949211492)
neg, 0.12788281295511936, right(srz24618672693)
neg, 0.12788281295511936, right(srz96566176213)
neg, 0.12788281295511936, right(srz8029724305)
neg, 0.12788281295511936, right(srz96594926654)
neg, 0.20741489118092746, right(srz96594928468)
neg, 0.12788281295511936, right(srz8029727063)
neg, 0.1312754970724383, right(srz24618673646)
neg, 0.1872108373518019, right(srz246186712676)
neg, 0.1312754970724383, right(srz44248276068)
neg, 0.12788281295511936, right(srz274095916001)
neg, 0.12788281295511936, right(srz193068018)
neg, 0.12788281295511936, right(srz96566172907)
neg, 0.12788281295511936, right(srz96566176635)
neg, 0.1312754970724383, right(srz27409598064)
neg, 0.12788281295511936, right(srz193063867)
neg, 0.1312754970724383, right(srz44248272080)
neg, 0.12788281295511936, right(srz24618671044)
neg, 0.20741489118092746, right(srz27409597914)
neg, 0.12788281295511936, right(srz8029723828)
neg, 0.12788281295511936, right(srz246186712024)
neg, 0.1872108373518019, right(srz246186714126)
neg, 0.20741489118092746, right(srz96566176437)
neg, 0.12788281295511936, right(srz99311011642)
neg, 0.14158514118650908, right(srz193065945)
neg, 0.1312754970724383, right(srz96594922549)
neg, 0.1312754970724383, right(srz8029725377)
neg, 0.12788281295511936, right(srz27409593981)
neg, 0.1872108373518019, right(srz96566179900)
neg, 0.1872108373518019, right(srz19306791)
neg, 0.1312754970724383, right(srz44248275887)
neg, 0.12788281295511936, right(srz44248277726)
neg, 0.12788281295511936, right(srz274095913724)
neg, 0.17487980387577814, right(srz246186715548)
neg, 0.17487980387577814, right(srz99311018490)
neg, 0.20741489118092746, right(srz27409591595)
neg, 0.20741489118092746, right(srz965661713209)
neg, 0.1312754970724383, right(srz24618677634)
neg, 0.1312754970724383, right(srz96566173216)
neg, 0.12788281295511936, right(srz2740959719)
neg, 0.12788281295511936, right(srz9656617453)
neg, 0.20741489118092746, right(srz2461867359)
neg, 0.12788281295511936, right(srz246186717078)
neg, 0.12788281295511936, right(srz44248272974)
neg, 0.1312754970724383, right(srz99311019255)
neg, 0.12788281295511936, right(srz99311012272)
neg, 0.12788281295511936, right(srz99311019517)
neg, 0.13284978350377796, right(srz44230443888)
neg, 0.12788281295511936, right(srz8029726009)
neg, 0.12788281295511936, right(srz193063920)
neg, 0.20741489118092746, right(srz193068272)
neg, 0.18485684970456687, right(srz4424827182)
neg, 0.1312754970724383, right(srz193064708)
neg, 0.12788281295511936, right(srz24618671098)
neg, 0.12788281295511936, right(srz4423044962)
neg, 0.18485684970456687, right(srz96594927020)
neg, 0.12788281295511936, right(srz993110111314)
neg, 0.12788281295511936, right(srz96566176654)
neg, 0.1312754970724383, right(srz965949211409)
neg, 0.1312754970724383, right(srz24618676783)
neg, 0.1312754970724383, right(srz8029724596)
neg, 0.12788281295511936, right(srz193066951)
neg, 0.12788281295511936, right(srz965661711915)
neg, 0.12788281295511936, right(srz99311017813)
neg, 0.1312754970724383, right(srz96566179366)
neg, 0.12788281295511936, right(srz8029727606)
neg, 0.12788281295511936, right(srz965949212840)
neg, 0.12788281295511936, right(srz96594924493)
neg, 0.1312754970724383, right(srz44230443194)
neg, 0.1872108373518019, right(srz193062306)
neg, 0.1312754970724383, right(srz96566177414)
neg, 0.1312754970724383, right(srz44248272186)
neg, 0.18485684970456687, right(srz993110111835)
neg, 0.18511330982967572, right(srz993110110384)
neg, 0.12788281295511936, right(srz193069447)
neg, 0.12788281295511936, right(srz27409592463)
neg, 0.1284615400382881, right(srz193068976)
neg, 0.12788281295511936, right(srz246186715921)
neg, 0.12788281295511936, right(srz99311013003)
neg, 0.17487980387577814, right(srz8029724127)
neg, 0.1872108373518019, right(srz965949213187)
neg, 0.1312754970724383, right(srz193069646)
neg, 0.12788281295511936, right(srz44248275584)
neg, 0.1312754970724383, right(srz99311016951)
neg, 0.20741489118092746, right(srz44230448204)
neg, 0.20741489118092746, right(srz274095911489)
neg, 0.12788281295511936, right(srz44248275367)
neg, 0.12788281295511936, right(srz96594929261)
neg, 0.12788281295511936, right(srz8029726033)
neg, 0.12788281295511936, right(srz1930612284)
neg, 0.20741489118092746, right(srz246186711083)
neg, 0.12788281295511936, right(srz193068001)
neg, 0.1312754970724383, right(srz246186712252)
neg, 0.13284978350377796, right(srz99311013910)
neg, 0.1312754970724383, right(srz193061766)
neg, 0.1312754970724383, right(srz274095915144)
neg, 0.18485684970456687, right(srz8029722462)
neg, 0.1312754970724383, right(srz96594924195)
neg, 0.12788281295511936, right(srz96566178918)
neg, 0.17487980387577814, right(srz96594922107)
neg, 0.1312754970724383, right(srz44230444807)
neg, 0.12788281295511936, right(srz44248272327)
neg, 0.20741489118092746, right(srz993110111932)
neg, 0.1312754970724383, right(srz99311017228)
neg, 0.12788281295511936, right(srz80297210471)
neg, 0.1312754970724383, right(srz993110110918)
neg, 0.20741489118092746, right(srz246186713707)
neg, 0.1872108373518019, right(srz9656617122)
neg, 0.18485684970456687, right(srz274095915101)
neg, 0.1312754970724383, right(srz96566175745)
neg, 0.12788281295511936, right(srz44230447049)
neg, 0.12788281295511936, right(srz246186711984)
neg, 0.1312754970724383, right(srz965661712493)
neg, 0.1312754970724383, right(srz99311015289)
neg, 0.12788281295511936, right(srz27409592357)
neg, 0.18511330982967572, right(srz44230443554)
neg, 0.12788281295511936, right(srz44230447038)
neg, 0.12788281295511936, right(srz44248275812)
neg, 0.15013817616499373, right(srz44230442372)
neg, 0.18485684970456687, right(srz8029727799)
neg, 0.12788281295511936, right(srz44248276339)
neg, 0.1312754970724383, right(srz8029721190)
neg, 0.1312754970724383, right(srz965661714636)
neg, 0.1312754970724383, right(srz44248271571)
neg, 0.12788281295511936, right(srz193063709)
neg, 0.1312754970724383, right(srz9656617962)
neg, 0.12788281295511936, right(srz8029725664)
neg, 0.12788281295511936, right(srz274095912399)
neg, 0.12788281295511936, right(srz965949212881)
neg, 0.12788281295511936, right(srz965661710567)
neg, 0.26569465657955116, right(srz965661713361)
neg, 0.12788281295511936, right(srz96566171604)
neg, 0.14158514118650908, right(srz193067759)
neg, 0.17487980387577814, right(srz8029724299)
neg, 0.12788281295511936, right(srz44248275631)
neg, 0.14158514118650908, right(srz44248276552)
neg, 0.20741489118092746, right(srz24618671923)
neg, 0.1312754970724383, right(srz274095912081)
neg, 0.12788281295511936, right(srz44248271242)
neg, 0.17487980387577814, right(srz27409595508)
neg, 0.12788281295511936, right(srz193066961)
neg, 0.20741489118092746, right(srz99311013502)
neg, 0.12788281295511936, right(srz96566172930)
neg, 0.18485684970456687, right(srz965661712244)
neg, 0.12788281295511936, right(srz9656617538)
neg, 0.1872108373518019, right(srz193063269)
neg, 0.1872108373518019, right(srz193064801)
neg, 0.1872108373518019, right(srz274095914560)
neg, 0.12788281295511936, right(srz274095914869)
neg, 0.1312754970724383, right(srz44230443615)
neg, 0.1312754970724383, right(srz80297210758)
neg, 0.1312754970724383, right(srz802972139)
neg, 0.12788281295511936, right(srz246186714962)
neg, 0.12788281295511936, right(srz99311014750)
neg, 0.1312754970724383, right(srz44248275991)
neg, 0.20741489118092746, right(srz44248277114)
neg, 0.20741489118092746, right(srz96594929574)
neg, 0.12788281295511936, right(srz96594923967)
neg, 0.1872108373518019, right(srz965949210691)
neg, 0.1312754970724383, right(srz44248276138)
neg, 0.20741489118092746, right(srz246186710994)
neg, 0.1312754970724383, right(srz44230443212)
neg, 0.12788281295511936, right(srz965661711983)
neg, 0.12788281295511936, right(srz965661711884)
neg, 0.1872108373518019, right(srz44230441285)
neg, 0.26569465657955116, right(srz965661715296)
neg, 0.1872108373518019, right(srz96566171960)
neg, 0.12788281295511936, right(srz4424827880)
neg, 0.18485684970456687, right(srz193068251)
neg, 0.1312754970724383, right(srz27409594386)
neg, 0.1312754970724383, right(srz44248276413)
neg, 0.12788281295511936, right(srz99311015140)
neg, 0.13284978350377796, right(srz193066891)
neg, 0.12788281295511936, right(srz99311011239)
neg, 0.20741489118092746, right(srz27409592111)
neg, 0.12788281295511936, right(srz27409599145)
neg, 0.1872108373518019, right(srz44248273690)
neg, 0.1312754970724383, right(srz274095916814)
neg, 0.12788281295511936, right(srz24618677526)
neg, 0.12788281295511936, right(srz246186741)
neg, 0.12788281295511936, right(srz44248271773)
neg, 0.12788281295511936, right(srz99311014737)
neg, 0.1284615400382881, right(srz96594927356)
neg, 0.1312754970724383, right(srz96566172608)
neg, 0.1312754970724383, right(srz44248271691)
neg, 0.1872108373518019, right(srz193063464)
neg, 0.12788281295511936, right(srz24618674195)
neg, 0.12788281295511936, right(srz274095916546)
neg, 0.1312754970724383, right(srz9656617527)
neg, 0.12788281295511936, right(srz965949210020)
neg, 0.1312754970724383, right(srz246186714091)
neg, 0.12788281295511936, right(srz96566173610)
neg, 0.1312754970724383, right(srz193061817)
neg, 0.1312754970724383, right(srz99311015766)
neg, 0.1312754970724383, right(srz193069806)
neg, 0.12788281295511936, right(srz96566171653)
neg, 0.12788281295511936, right(srz9931101178)
neg, 0.1312754970724383, right(srz96594925900)
neg, 0.1312754970724383, right(srz99311018241)
neg, 0.20741489118092746, right(srz27409592240)
neg, 0.1312754970724383, right(srz8029723938)
neg, 0.12788281295511936, right(srz44248275673)
neg, 0.12788281295511936, right(srz246186710836)
neg, 0.12788281295511936, right(srz965661712114)
neg, 0.1872108373518019, right(srz44248273000)
neg, 0.26569465657955116, right(srz8029729802)
neg, 0.1312754970724383, right(srz44248275507)
neg, 0.1312754970724383, right(srz96566179807)
neg, 0.20741489118092746, right(srz27409596959)
neg, 0.12788281295511936, right(srz2461867994)
neg, 0.12788281295511936, right(srz27409595838)
neg, 0.26569465657955116, right(srz8029724106)
neg, 0.20741489118092746, right(srz193063803)
neg, 0.13284978350377796, right(srz44230443890)
neg, 0.12788281295511936, right(srz27409594165)
neg, 0.20741489118092746, right(srz246186711491)
neg, 0.1312754970724383, right(srz193068730)
neg, 0.1312754970724383, right(srz96594928895)
neg, 0.12788281295511936, right(srz44230442923)
neg, 0.1312754970724383, right(srz193068507)
neg, 0.1872108373518019, right(srz8029728660)
neg, 0.12788281295511936, right(srz9656617611)
neg, 0.1872108373518019, right(srz965661711320)
neg, 0.1872108373518019, right(srz246186713219)
neg, 0.12788281295511936, right(srz24618679421)
neg, 0.12788281295511936, right(srz274095916537)
neg, 0.12788281295511936, right(srz44248275627)
neg, 0.13284978350377796, right(srz193066862)
neg, 0.1312754970724383, right(srz80297210858)
neg, 0.1284615400382881, right(srz96594926530)
neg, 0.12788281295511936, right(srz96566178346)
neg, 0.12788281295511936, right(srz9931101815)
neg, 0.14158514118650908, right(srz193065878)
neg, 0.1312754970724383, right(srz44230447774)
neg, 0.20741489118092746, right(srz8029722251)
neg, 0.1312754970724383, right(srz274095916904)
neg, 0.1872108373518019, right(srz8029728121)
neg, 0.18485684970456687, right(srz44230446310)
neg, 0.1312754970724383, right(srz99311015334)
neg, 0.14158514118650908, right(srz44248273892)
neg, 0.12788281295511936, right(srz96566173099)
neg, 0.12788281295511936, right(srz44248276798)
neg, 0.1872108373518019, right(srz19306825)
neg, 0.18485684970456687, right(srz274095912471)
neg, 0.1312754970724383, right(srz246186715061)
neg, 0.12788281295511936, right(srz24618673931)
neg, 0.1312754970724383, right(srz99311017336)
neg, 0.1312754970724383, right(srz27409598384)
neg, 0.12788281295511936, right(srz193068597)
neg, 0.20741489118092746, right(srz246186711500)
neg, 0.12788281295511936, right(srz2461867562)
neg, 0.12788281295511936, right(srz80297210406)
neg, 0.1312754970724383, right(srz246186716817)
neg, 0.1312754970724383, right(srz8029725239)
neg, 0.1312754970724383, right(srz802972609)
neg, 0.1312754970724383, right(srz965661715634)
neg, 0.1312754970724383, right(srz802972686)
neg, 0.1312754970724383, right(srz96566178586)
neg, 0.20741489118092746, right(srz27409591608)
neg, 0.12788281295511936, right(srz193065496)
neg, 0.1872108373518019, right(srz24618678913)
neg, 0.1312754970724383, right(srz24618676025)
neg, 0.1312754970724383, right(srz193066134)
neg, 0.12788281295511936, right(srz193069193)
neg, 0.14158514118650908, right(srz44248275239)
neg, 0.26569465657955116, right(srz965661710774)
neg, 0.20741489118092746, right(srz96566178088)
neg, 0.20741489118092746, right(srz96594922611)
neg, 0.12788281295511936, right(srz246186712032)
neg, 0.12788281295511936, right(srz96594927052)
neg, 0.12788281295511936, right(srz96566178363)
neg, 0.12788281295511936, right(srz193062696)
neg, 0.20741489118092746, right(srz965661711439)
neg, 0.1312754970724383, right(srz193061782)
neg, 0.18485684970456687, right(srz44248274817)
neg, 0.1312754970724383, right(srz8029725334)
neg, 0.1312754970724383, right(srz193069858)
neg, 0.24939322129195243, right(srz44230443123)
neg, 0.1312754970724383, right(srz993110111484)
neg, 0.1312754970724383, right(srz27409598195)
neg, 0.12788281295511936, right(srz96566178917)
neg, 0.12788281295511936, right(srz96594923927)
neg, 0.12788281295511936, right(srz24618672171)
neg, 0.1872108373518019, right(srz246186715293)
neg, 0.1312754970724383, right(srz99311017640)
neg, 0.1312754970724383, right(srz99311019144)
neg, 0.14158514118650908, right(srz8029727381)
neg, 0.1284615400382881, right(srz44230445496)
neg, 0.12788281295511936, right(srz24618672274)
neg, 0.12788281295511936, right(srz19306347)
neg, 0.12788281295511936, right(srz274095913776)
neg, 0.12788281295511936, right(srz246186711833)
neg, 0.20741489118092746, right(srz193062415)
neg, 0.14158514118650908, right(srz8029723670)
neg, 0.1312754970724383, right(srz965661713521)
neg, 0.1312754970724383, right(srz27409596632)
neg, 0.1872108373518019, right(srz96594929691)
neg, 0.1872108373518019, right(srz8029728646)
neg, 0.1312754970724383, right(srz99311018231)
neg, 0.12788281295511936, right(srz44230441002)
neg, 0.1312754970724383, right(srz27409599352)
neg, 0.14158514118650908, right(srz44248276546)
neg, 0.18485684970456687, right(srz1930611017)
neg, 0.12788281295511936, right(srz193069078)
neg, 0.1284615400382881, right(srz246186710602)
neg, 0.1312754970724383, right(srz8029723039)
neg, 0.2252026121146009, right(srz8029727043)
neg, 0.12788281295511936, right(srz193063233)
neg, 0.1872108373518019, right(srz19306181)
neg, 0.12788281295511936, right(srz24618671189)
neg, 0.1872108373518019, right(srz274095913186)
neg, 0.2252026121146009, right(srz44230442378)
neg, 0.12788281295511936, right(srz24618671029)
neg, 0.1312754970724383, right(srz99311012105)
neg, 0.1312754970724383, right(srz99311012078)
neg, 0.12788281295511936, right(srz246186710835)
neg, 0.18485684970456687, right(srz193064097)
neg, 0.18485684970456687, right(srz19306691)
neg, 0.1872108373518019, right(srz965661713038)
neg, 0.1312754970724383, right(srz44248277314)
neg, 0.13284978350377796, right(srz44230441660)
neg, 0.20741489118092746, right(srz27409594300)
neg, 0.2252026121146009, right(srz27409598029)
neg, 0.12788281295511936, right(srz27409596190)
neg, 0.18485684970456687, right(srz1930611015)
neg, 0.12788281295511936, right(srz96566171575)
neg, 0.18485684970456687, right(srz96566178568)
neg, 0.1872108373518019, right(srz80297210819)
neg, 0.18485684970456687, right(srz44248271171)
neg, 0.12788281295511936, right(srz193066734)
neg, 0.1312754970724383, right(srz99311016260)
neg, 0.12788281295511936, right(srz27409597590)
neg, 0.12788281295511936, right(srz44248274498)
neg, 0.1312754970724383, right(srz27409594799)
neg, 0.12788281295511936, right(srz24618671833)
neg, 0.18485684970456687, right(srz27409593201)
neg, 0.1312754970724383, right(srz24618673585)
neg, 0.12788281295511936, right(srz44230442769)
neg, 0.12788281295511936, right(srz193063882)
neg, 0.1312754970724383, right(srz274095913972)
neg, 0.1312754970724383, right(srz44230444891)
neg, 0.12788281295511936, right(srz8029727599)
neg, 0.20741489118092746, right(srz96566174322)
neg, 0.1284615400382881, right(srz99311018688)
neg, 0.12788281295511936, right(srz193067915)
neg, 0.12788281295511936, right(srz99311016722)
neg, 0.12788281295511936, right(srz99311017282)
neg, 0.12788281295511936, right(srz24618674272)
neg, 0.12788281295511936, right(srz44248276211)
neg, 0.18485684970456687, right(srz96566177550)
neg, 0.12788281295511936, right(srz193065533)
neg, 0.12788281295511936, right(srz27409594124)
neg, 0.1872108373518019, right(srz193062115)
neg, 0.12788281295511936, right(srz96594924081)
neg, 0.12788281295511936, right(srz24618671669)
neg, 0.12788281295511936, right(srz8029725700)
neg, 0.1312754970724383, right(srz193068849)
neg, 0.12788281295511936, right(srz965661711988)
neg, 0.1872108373518019, right(srz8029724853)
neg, 0.18485684970456687, right(srz993110111828)
neg, 0.12788281295511936, right(srz8029721567)
neg, 0.12788281295511936, right(srz274095915914)
neg, 0.1312754970724383, right(srz99311014669)
neg, 0.1312754970724383, right(srz96594926037)
neg, 0.18485684970456687, right(srz44248273996)
neg, 0.1872108373518019, right(srz44230446319)
neg, 0.1872108373518019, right(srz274095915290)
neg, 0.18485684970456687, right(srz99311016812)
neg, 0.12788281295511936, right(srz24618671649)
neg, 0.12788281295511936, right(srz24618671378)
neg, 0.12788281295511936, right(srz44230443977)
neg, 0.12788281295511936, right(srz274095914230)
neg, 0.1872108373518019, right(srz96566171320)
neg, 0.1312754970724383, right(srz965661713097)
neg, 0.12788281295511936, right(srz96594927654)
neg, 0.12788281295511936, right(srz44230444118)
neg, 0.12788281295511936, right(srz1930611898)
neg, 0.12788281295511936, right(srz24618674148)
neg, 0.1312754970724383, right(srz44248275526)
neg, 0.14158514118650908, right(srz193065806)
neg, 0.1312754970724383, right(srz96566175106)
neg, 0.12788281295511936, right(srz44248275677)
neg, 0.1312754970724383, right(srz965661712423)
neg, 0.20741489118092746, right(srz99311011350)
neg, 0.12788281295511936, right(srz24618679391)
neg, 0.1284615400382881, right(srz9656617219)
neg, 0.12788281295511936, right(srz8029722702)
neg, 0.13284978350377796, right(srz4423044332)
neg, 0.1312754970724383, right(srz80297210753)
neg, 0.12788281295511936, right(srz19306329)
neg, 0.12788281295511936, right(srz274095916091)
neg, 0.1312754970724383, right(srz965661712495)
neg, 0.1312754970724383, right(srz99311017327)
neg, 0.1312754970724383, right(srz44248276381)
neg, 0.18485684970456687, right(srz44248278247)
neg, 0.12788281295511936, right(srz27409597581)
neg, 0.12788281295511936, right(srz96594929399)
neg, 0.12788281295511936, right(srz193064476)
neg, 0.12788281295511936, right(srz8029728830)
neg, 0.1872108373518019, right(srz8029729642)
neg, 0.12788281295511936, right(srz99311018743)
neg, 0.12788281295511936, right(srz96566178936)
neg, 0.18485684970456687, right(srz44248272748)
neg, 0.1312754970724383, right(srz96566173112)
neg, 0.12788281295511936, right(srz96594928282)
neg, 0.18511330982967572, right(srz96566176587)
neg, 0.1872108373518019, right(srz193069918)
neg, 0.1312754970724383, right(srz99311012564)
neg, 0.12788281295511936, right(srz246186716057)
neg, 0.12788281295511936, right(srz246186710752)
neg, 0.1312754970724383, right(srz274095914306)
neg, 0.20741489118092746, right(srz193068323)
neg, 0.12788281295511936, right(srz2461867633)
neg, 0.12788281295511936, right(srz965661713921)
neg, 0.20741489118092746, right(srz993110110830)
neg, 0.1312754970724383, right(srz965949210378)
neg, 0.1312754970724383, right(srz993110110596)
neg, 0.12788281295511936, right(srz96594922999)
neg, 0.18485684970456687, right(srz993110111781)
neg, 0.18485684970456687, right(srz99311019811)
neg, 0.12788281295511936, right(srz27409599260)
neg, 0.12788281295511936, right(srz99311014873)
neg, 0.1312754970724383, right(srz4424827994)
neg, 0.12788281295511936, right(srz193069276)
neg, 0.18511330982967572, right(srz193061049)
neg, 0.20741489118092746, right(srz24618676389)
neg, 0.12788281295511936, right(srz96566172839)
neg, 0.18511330982967572, right(srz19306681)
neg, 0.12788281295511936, right(srz44248274280)
neg, 0.24364176356732303, right(srz965661713130)
neg, 0.12788281295511936, right(srz44248276332)
neg, 0.12788281295511936, right(srz44230445575)
neg, 0.1872108373518019, right(srz246186713148)
neg, 0.1872108373518019, right(srz246186714304)
neg, 0.1312754970724383, right(srz44248276149)
neg, 0.12788281295511936, right(srz9659492883)
neg, 0.12788281295511936, right(srz193064048)
neg, 0.13284978350377796, right(srz99311013046)
neg, 0.13284978350377796, right(srz193064956)
neg, 0.12788281295511936, right(srz8029726644)
neg, 0.12788281295511936, right(srz44230443999)
neg, 0.1872108373518019, right(srz27409598268)
neg, 0.1312754970724383, right(srz8029722283)
neg, 0.12788281295511936, right(srz9931101146)
neg, 0.12788281295511936, right(srz8029725780)
neg, 0.12788281295511936, right(srz44230443716)
neg, 0.12788281295511936, right(srz993110111202)
neg, 0.1312754970724383, right(srz27409599889)
neg, 0.1312754970724383, right(srz246186714442)
neg, 0.12788281295511936, right(srz965949212702)
neg, 0.12788281295511936, right(srz44248274227)
neg, 0.1312754970724383, right(srz44248277300)
neg, 0.18485684970456687, right(srz193061066)
neg, 0.12788281295511936, right(srz44248273574)
neg, 0.1312754970724383, right(srz993110111710)
neg, 0.12788281295511936, right(srz9656617541)
neg, 0.1872108373518019, right(srz993110110428)
neg, 0.1312754970724383, right(srz27409596755)
neg, 0.1312754970724383, right(srz8029726730)
neg, 0.1312754970724383, right(srz965661715633)
neg, 0.1312754970724383, right(srz4424827957)
neg, 0.1312754970724383, right(srz965949210187)
neg, 0.12788281295511936, right(srz8029722757)
neg, 0.1312754970724383, right(srz80297210628)
neg, 0.1312754970724383, right(srz44248275500)
neg, 0.1284615400382881, right(srz9656617155)
neg, 0.12788281295511936, right(srz9656617546)
neg, 0.1872108373518019, right(srz44230442339)
neg, 0.18485684970456687, right(srz99311015784)
neg, 0.12788281295511936, right(srz44230442900)
neg, 0.12788281295511936, right(srz8029728279)
neg, 0.1312754970724383, right(srz96594928426)
neg, 0.1312754970724383, right(srz96594922630)
neg, 0.1872108373518019, right(srz44248277096)
neg, 0.15013817616499373, right(srz96594921075)
neg, 0.17487980387577814, right(srz44248278312)
neg, 0.1872108373518019, right(srz246186712633)
neg, 0.13284978350377796, right(srz4424827460)
neg, 0.12788281295511936, right(srz193063166)
neg, 0.12788281295511936, right(srz44248277764)
neg, 0.1872108373518019, right(srz193068307)
neg, 0.12788281295511936, right(srz993110111335)
neg, 0.1312754970724383, right(srz4423044185)
neg, 0.18485684970456687, right(srz9931101486)
neg, 0.12788281295511936, right(srz27409592385)
neg, 0.1312754970724383, right(srz44230443345)
neg, 0.1312754970724383, right(srz246186714151)
neg, 0.1312754970724383, right(srz965661713482)
neg, 0.1312754970724383, right(srz99311019315)
neg, 0.1872108373518019, right(srz8029721140)
neg, 0.12788281295511936, right(srz274095913654)
neg, 0.18485684970456687, right(srz193065204)
neg, 0.1312754970724383, right(srz99311015202)
neg, 0.12788281295511936, right(srz27409595822)
neg, 0.20741489118092746, right(srz44230441266)
neg, 0.1312754970724383, right(srz99311011331)
neg, 0.1312754970724383, right(srz193062863)
neg, 0.1312754970724383, right(srz96594928044)
neg, 0.20741489118092746, right(srz274095913083)
neg, 0.13284978350377796, right(srz246186716430)
neg, 0.20741489118092746, right(srz193068278)
neg, 0.12788281295511936, right(srz274095910703)
neg, 0.18485684970456687, right(srz44230447430)
neg, 0.1312754970724383, right(srz965949210188)
neg, 0.12788281295511936, right(srz44230441599)
neg, 0.12788281295511936, right(srz80297210320)
neg, 0.17487980387577814, right(srz8029728721)
neg, 0.1872108373518019, right(srz965661713561)
neg, 0.12788281295511936, right(srz8029723806)
neg, 0.12788281295511936, right(srz44248272483)
neg, 0.1872108373518019, right(srz965661713731)
neg, 0.1284615400382881, right(srz96594925252)
neg, 0.17487980387577814, right(srz8029724131)
neg, 0.1312754970724383, right(srz96566171276)
neg, 0.1312754970724383, right(srz99311016235)
neg, 0.12788281295511936, right(srz965949213705)
neg, 0.1312754970724383, right(srz27409595448)
neg, 0.12788281295511936, right(srz24618676224)
neg, 0.1312754970724383, right(srz24618673433)
neg, 0.1312754970724383, right(srz99311012089)
neg, 0.12788281295511936, right(srz44230447137)
neg, 0.18485684970456687, right(srz96594926397)
neg, 0.1872108373518019, right(srz24618673779)
neg, 0.1872108373518019, right(srz96594929699)
neg, 0.12788281295511936, right(srz24618677475)
neg, 0.1872108373518019, right(srz274095911215)
neg, 0.20741489118092746, right(srz24618679583)
neg, 0.12788281295511936, right(srz96566172792)
neg, 0.1312754970724383, right(srz965661714617)
neg, 0.1284615400382881, right(srz44230445469)
neg, 0.18485684970456687, right(srz44248278236)
neg, 0.12788281295511936, right(srz44230445621)
neg, 0.12788281295511936, right(srz246186714761)
neg, 0.12788281295511936, right(srz19306339)
neg, 0.12788281295511936, right(srz96594929319)
neg, 0.1872108373518019, right(srz44230446126)
neg, 0.18485684970456687, right(srz96594926933)
neg, 0.12788281295511936, right(srz993110111336)
neg, 0.18485684970456687, right(srz96566178215)
neg, 0.12788281295511936, right(srz1930610517)
neg, 0.1312754970724383, right(srz99311013438)
neg, 0.18511330982967572, right(srz8029722217)
neg, 0.20741489118092746, right(srz274095911526)
neg, 0.1312754970724383, right(srz96566177090)
neg, 0.1312754970724383, right(srz246186712482)
neg, 0.1872108373518019, right(srz27409598679)
neg, 0.12788281295511936, right(srz274095916152)
neg, 0.14158514118650908, right(srz96566174588)
neg, 0.13284978350377796, right(srz99311019643)
neg, 0.18485684970456687, right(srz193065619)
neg, 0.12788281295511936, right(srz96594926727)
neg, 0.1312754970724383, right(srz8029724632)
neg, 0.12788281295511936, right(srz965661715801)
neg, 0.12788281295511936, right(srz246186712540)
neg, 0.1872108373518019, right(srz193068428)
neg, 0.1312754970724383, right(srz44248271065)
neg, 0.17487980387577814, right(srz99311011613)
neg, 0.13284978350377796, right(srz44248274359)
neg, 0.1284615400382881, right(srz99311018600)
neg, 0.1312754970724383, right(srz8029723944)
neg, 0.18511330982967572, right(srz965661714550)
neg, 0.13284978350377796, right(srz99311013026)
neg, 0.12788281295511936, right(srz27409594037)
neg, 0.1872108373518019, right(srz1930611135)
neg, 0.12788281295511936, right(srz965949213808)
neg, 0.12788281295511936, right(srz274095911752)
neg, 0.14158514118650908, right(srz44248275101)
neg, 0.1312754970724383, right(srz4424827291)
neg, 0.1312754970724383, right(srz8029725393)
neg, 0.14158514118650908, right(srz1930610013)
neg, 0.1312754970724383, right(srz99311013613)
neg, 0.1312754970724383, right(srz96566178583)
neg, 0.13284978350377796, right(srz99311016009)
neg, 0.12788281295511936, right(srz193064056)
neg, 0.12788281295511936, right(srz965661710740)
neg, 0.13284978350377796, right(srz193063827)
neg, 0.12788281295511936, right(srz246186715443)
neg, 0.12788281295511936, right(srz24618673800)
neg, 0.20741489118092746, right(srz8029728999)
neg, 0.12788281295511936, right(srz8029725976)
neg, 0.20741489118092746, right(srz24618678490)
neg, 0.18485684970456687, right(srz993110110984)
neg, 0.12788281295511936, right(srz246186714721)
neg, 0.12788281295511936, right(srz96594922786)
neg, 0.13284978350377796, right(srz99311013821)
neg, 0.12788281295511936, right(srz965661713279)
neg, 0.1312754970724383, right(srz96594921743)
neg, 0.1312754970724383, right(srz96594927310)
neg, 0.12788281295511936, right(srz96566175000)
neg, 0.12788281295511936, right(srz965661711713)
neg, 0.1872108373518019, right(srz44230448134)
neg, 0.17487980387577814, right(srz44230445815)
neg, 0.1312754970724383, right(srz24618678682)
neg, 0.12788281295511936, right(srz1930610505)
neg, 0.12788281295511936, right(srz44248272318)
neg, 0.12788281295511936, right(srz44230445598)
neg, 0.12788281295511936, right(srz44248276784)
neg, 0.20741489118092746, right(srz99311013336)
neg, 0.13284978350377796, right(srz96594928796)
neg, 0.1872108373518019, right(srz24618678649)
neg, 0.1312754970724383, right(srz965949210200)
neg, 0.12788281295511936, right(srz99311011173)
neg, 0.13284978350377796, right(srz44230446688)
neg, 0.26569465657955116, right(srz8029721217)
neg, 0.1312754970724383, right(srz193061256)
neg, 0.1312754970724383, right(srz96566175493)
neg, 0.1312754970724383, right(srz96566171085)
neg, 0.1312754970724383, right(srz246186713610)
neg, 0.1312754970724383, right(srz44248272725)
neg, 0.12788281295511936, right(srz965661716039)
neg, 0.1284615400382881, right(srz80297210229)
neg, 0.12788281295511936, right(srz193066191)
neg, 0.1312754970724383, right(srz96594925621)
neg, 0.1312754970724383, right(srz24618673415)
neg, 0.1284615400382881, right(srz44230448274)
neg, 0.1312754970724383, right(srz965949212678)
neg, 0.1312754970724383, right(srz96594924979)
neg, 0.12788281295511936, right(srz193069505)
neg, 0.1312754970724383, right(srz8029723079)
neg, 0.24939322129195243, right(srz8029728089)
neg, 0.1312754970724383, right(srz27409596687)
neg, 0.1312754970724383, right(srz8029725307)
neg, 0.1312754970724383, right(srz193069682)
neg, 0.12788281295511936, right(srz44248275757)
neg, 0.12788281295511936, right(srz965949211892)
neg, 0.18485684970456687, right(srz44230442070)
neg, 0.1312754970724383, right(srz96566172737)
neg, 0.1312754970724383, right(srz96566173115)
neg, 0.12788281295511936, right(srz44230448031)
neg, 0.12788281295511936, right(srz44248275666)
neg, 0.13284978350377796, right(srz246186717191)
neg, 0.1312754970724383, right(srz44230446337)
neg, 0.20741489118092746, right(srz44248272010)
neg, 0.12788281295511936, right(srz965949210956)
neg, 0.1872108373518019, right(srz96594923623)
neg, 0.18485684970456687, right(srz993110110392)
neg, 0.1312754970724383, right(srz246186715103)
neg, 0.1312754970724383, right(srz44248273778)
neg, 0.12788281295511936, right(srz8029723889)
neg, 0.12788281295511936, right(srz802972417)
neg, 0.12788281295511936, right(srz99311015026)
neg, 0.12788281295511936, right(srz246186714757)
neg, 0.12788281295511936, right(srz24618674325)
neg, 0.12788281295511936, right(srz44248275839)
neg, 0.1872108373518019, right(srz8029729703)
neg, 0.1312754970724383, right(srz993110155)
neg, 0.13284978350377796, right(srz44230443782)
neg, 0.1312754970724383, right(srz44248277253)
neg, 0.1312754970724383, right(srz44230442150)
neg, 0.20741489118092746, right(srz99311011286)
neg, 0.12788281295511936, right(srz9656617372)
neg, 0.20741489118092746, right(srz2740959881)
neg, 0.20741489118092746, right(srz96566173930)
neg, 0.12788281295511936, right(srz27409594370)
neg, 0.12788281295511936, right(srz193069288)
neg, 0.1284615400382881, right(srz96594926512)
neg, 0.12788281295511936, right(srz965661711906)
neg, 0.20741489118092746, right(srz99311017503)
neg, 0.1312754970724383, right(srz96566179764)
neg, 0.12788281295511936, right(srz24618672658)
neg, 0.12788281295511936, right(srz274095910)
neg, 0.1312754970724383, right(srz993110111470)
neg, 0.1312754970724383, right(srz44230444908)
neg, 0.12788281295511936, right(srz193066923)
neg, 0.12788281295511936, right(srz44248271677)
neg, 0.18485684970456687, right(srz44248278238)
neg, 0.12788281295511936, right(srz96594922552)
neg, 0.1872108373518019, right(srz99311018845)
neg, 0.1312754970724383, right(srz8029725160)
neg, 0.1312754970724383, right(srz44248272113)
neg, 0.12788281295511936, right(srz8029721596)
neg, 0.1312754970724383, right(srz965661714476)
neg, 0.1312754970724383, right(srz44230442974)
neg, 0.20741489118092746, right(srz9656617725)
neg, 0.12788281295511936, right(srz193068002)
neg, 0.1312754970724383, right(srz193067136)
neg, 0.1312754970724383, right(srz44248274953)
neg, 0.1872108373518019, right(srz96594929677)
neg, 0.1312754970724383, right(srz193061161)
neg, 0.12788281295511936, right(srz2461867949)
neg, 0.1872108373518019, right(srz246186713552)
neg, 0.1312754970724383, right(srz44230444477)
neg, 0.18485684970456687, right(srz8029726877)
neg, 0.1312754970724383, right(srz246186710153)
neg, 0.17487980387577814, right(srz8029724300)
neg, 0.1312754970724383, right(srz44248271737)
neg, 0.1872108373518019, right(srz80297210834)
neg, 0.1312754970724383, right(srz1930611375)
neg, 0.1284615400382881, right(srz44230445461)
neg, 0.1312754970724383, right(srz44248275534)
neg, 0.12788281295511936, right(srz193063703)
neg, 0.1312754970724383, right(srz965661710209)
neg, 0.1312754970724383, right(srz193067207)
neg, 0.12788281295511936, right(srz965661715894)
neg, 0.14158514118650908, right(srz9931101485)
neg, 0.18511330982967572, right(srz193067245)
neg, 0.12788281295511936, right(srz96566176193)
neg, 0.1284615400382881, right(srz193063534)
neg, 0.1312754970724383, right(srz802972639)
neg, 0.1872108373518019, right(srz44230447928)
neg, 0.13284978350377796, right(srz27409591)
neg, 0.20741489118092746, right(srz965949213015)
neg, 0.20741489118092746, right(srz24618671764)
neg, 0.1312754970724383, right(srz965661714482)
neg, 0.1312754970724383, right(srz27409594478)
neg, 0.26569465657955116, right(srz27409595631)
neg, 0.1312754970724383, right(srz274095913196)
neg, 0.20741489118092746, right(srz44248277535)
neg, 0.1312754970724383, right(srz24618676076)
neg, 0.1312754970724383, right(srz965949213516)
neg, 0.1284615400382881, right(srz274095912283)
neg, 0.2252026121146009, right(srz96594928870)
neg, 0.12788281295511936, right(srz44248272370)
neg, 0.12788281295511936, right(srz274095914973)
neg, 0.17487980387577814, right(srz99311012894)
neg, 0.13284978350377796, right(srz19306372)
neg, 0.18485684970456687, right(srz1930611009)
neg, 0.1872108373518019, right(srz96566171379)
neg, 0.13284978350377796, right(srz44230443821)
neg, 0.1872108373518019, right(srz96566175680)
neg, 0.12788281295511936, right(srz96566171609)
neg, 0.12788281295511936, right(srz24618671389)
neg, 0.1312754970724383, right(srz96594927301)
neg, 0.12788281295511936, right(srz44248276791)
neg, 0.1312754970724383, right(srz99311012722)
neg, 0.12788281295511936, right(srz19306302)
neg, 0.1312754970724383, right(srz44248277321)
neg, 0.1312754970724383, right(srz44248272780)
neg, 0.12788281295511936, right(srz9656617585)
neg, 0.17487980387577814, right(srz44248271404)
neg, 0.12788281295511936, right(srz965949213799)
neg, 0.13284978350377796, right(srz44248274702)
neg, 0.1872108373518019, right(srz274095911655)
neg, 0.20741489118092746, right(srz274095913076)
neg, 0.1312754970724383, right(srz44248274521)
neg, 0.1284615400382881, right(srz44230445357)
neg, 0.12788281295511936, right(srz2461867991)
neg, 0.1312754970724383, right(srz44230447343)
neg, 0.1872108373518019, right(srz44248271134)
neg, 0.12788281295511936, right(srz96566177828)
neg, 0.12788281295511936, right(srz9931101951)
neg, 0.1312754970724383, right(srz274095910790)
neg, 0.12788281295511936, right(srz246186714864)
neg, 0.12788281295511936, right(srz274095912390)
neg, 0.12788281295511936, right(srz96566179003)
neg, 0.12788281295511936, right(srz9931101149)
neg, 0.1872108373518019, right(srz965949210106)
neg, 0.1312754970724383, right(srz802972390)
neg, 0.12788281295511936, right(srz96566176055)
neg, 0.12788281295511936, right(srz8029725741)
neg, 0.12788281295511936, right(srz96566171805)
neg, 0.1872108373518019, right(srz965949211561)
neg, 0.1312754970724383, right(srz9656617982)
neg, 0.18485684970456687, right(srz8029729325)
neg, 0.1284615400382881, right(srz44230442576)
neg, 0.1284615400382881, right(srz80297210127)
neg, 0.1312754970724383, right(srz24618673497)
neg, 0.18485684970456687, right(srz27409599704)
neg, 0.20741489118092746, right(srz27409594327)
neg, 0.2252026121146009, right(srz274095914204)
neg, 0.13284978350377796, right(srz246186716466)
neg, 0.20741489118092746, right(srz99311011771)
neg, 0.12788281295511936, right(srz1930610460)
neg, 0.18485684970456687, right(srz965949211205)
neg, 0.17487980387577814, right(srz19306220)
neg, 0.1872108373518019, right(srz8029726818)
neg, 0.18485684970456687, right(srz44248274017)
neg, 0.1312754970724383, right(srz993110111463)
neg, 0.1312754970724383, right(srz80297210667)
neg, 0.12788281295511936, right(srz193066225)
neg, 0.1312754970724383, right(srz99311012024)
neg, 0.12788281295511936, right(srz246186711868)
neg, 0.1872108373518019, right(srz44230446320)
neg, 0.18511330982967572, right(srz1930610813)
neg, 0.12788281295511936, right(srz96566171221)
neg, 0.1312754970724383, right(srz8029725374)
neg, 0.1872108373518019, right(srz8029721126)
neg, 0.18485684970456687, right(srz99311019809)
neg, 0.12788281295511936, right(srz44248272441)
neg, 0.1312754970724383, right(srz193061929)
neg, 0.12788281295511936, right(srz9931101584)
neg, 0.12788281295511936, right(srz274095941)
neg, 0.1872108373518019, right(srz27409599822)
neg, 0.1312754970724383, right(srz44230445211)
neg, 0.1872108373518019, right(srz993110111678)
neg, 0.12788281295511936, right(srz193067876)
neg, 0.20741489118092746, right(srz993110110846)
neg, 0.20741489118092746, right(srz24618671935)
neg, 0.1312754970724383, right(srz24618678052)
neg, 0.18511330982967572, right(srz27409594715)
neg, 0.1312754970724383, right(srz99311011949)
neg, 0.12788281295511936, right(srz96594927721)
neg, 0.1312754970724383, right(srz96594925023)
neg, 0.12788281295511936, right(srz193061729)
neg, 0.1312754970724383, right(srz99311014050)
neg, 0.12788281295511936, right(srz8029725683)
neg, 0.1312754970724383, right(srz80297210033)
neg, 0.1312754970724383, right(srz1930612122)
neg, 0.13284978350377796, right(srz193066836)
neg, 0.12788281295511936, right(srz44248277388)
neg, 0.1312754970724383, right(srz24618678283)
neg, 0.18485684970456687, right(srz44248271465)
neg, 0.12788281295511936, right(srz27409592266)
neg, 0.12788281295511936, right(srz99311016612)
neg, 0.1312754970724383, right(srz99311012065)
neg, 0.1872108373518019, right(srz993110111751)
neg, 0.12788281295511936, right(srz99311011220)
neg, 0.18485684970456687, right(srz44248271165)
neg, 0.1312754970724383, right(srz4424827123)
neg, 0.1872108373518019, right(srz193062507)
neg, 0.20741489118092746, right(srz274095912571)
neg, 0.1312754970724383, right(srz965949212246)
neg, 0.1312754970724383, right(srz8029728537)
neg, 0.12788281295511936, right(srz4423044246)
neg, 0.20741489118092746, right(srz2740959360)
neg, 0.12788281295511936, right(srz1930628)
neg, 0.12788281295511936, right(srz96566172941)
neg, 0.1312754970724383, right(srz274095912038)
neg, 0.1312754970724383, right(srz246186710178)
neg, 0.1312754970724383, right(srz193061288)
neg, 0.1312754970724383, right(srz246186710349)
neg, 0.1312754970724383, right(srz44230447660)
neg, 0.12788281295511936, right(srz96594927673)
neg, 0.18485684970456687, right(srz8029728050)
neg, 0.12788281295511936, right(srz44248278076)
neg, 0.20741489118092746, right(srz1930611341)
neg, 0.12788281295511936, right(srz80297210356)
neg, 0.1872108373518019, right(srz96566179985)
neg, 0.12788281295511936, right(srz27409594003)
neg, 0.12788281295511936, right(srz44230443024)
neg, 0.12788281295511936, right(srz193066224)
neg, 0.12788281295511936, right(srz96594924180)
neg, 0.13284978350377796, right(srz19306368)
neg, 0.12788281295511936, right(srz965949211813)
neg, 0.12788281295511936, right(srz4424827917)
neg, 0.1872108373518019, right(srz193068889)
neg, 0.1312754970724383, right(srz96594924642)
neg, 0.12788281295511936, right(srz44248277893)
neg, 0.1312754970724383, right(srz24618677657)
neg, 0.12788281295511936, right(srz965661710695)
neg, 0.1284615400382881, right(srz246186710645)
neg, 0.1312754970724383, right(srz44248273818)
neg, 0.12788281295511936, right(srz193064635)
neg, 0.1312754970724383, right(srz274095913195)
neg, 0.1872108373518019, right(srz24618676728)
neg, 0.1312754970724383, right(srz96594925707)
neg, 0.1312754970724383, right(srz802972647)
neg, 0.24939322129195243, right(srz4423044693)
neg, 0.20741489118092746, right(srz274095915412)
neg, 0.1312754970724383, right(srz99311016251)
neg, 0.1872108373518019, right(srz193068301)
neg, 0.18485684970456687, right(srz1930610055)
neg, 0.12788281295511936, right(srz9659492475)
neg, 0.12788281295511936, right(srz2461867435)
neg, 0.12788281295511936, right(srz44248278069)
neg, 0.1872108373518019, right(srz274095911113)
neg, 0.12788281295511936, right(srz965661713243)
neg, 0.12788281295511936, right(srz99311011631)
neg, 0.1312754970724383, right(srz246186714070)
neg, 0.1284615400382881, right(srz27409595762)
neg, 0.18511330982967572, right(srz993110110383)
neg, 0.1284615400382881, right(srz193062090)
neg, 0.1872108373518019, right(srz44248274009)
neg, 0.12788281295511936, right(srz274095915334)
neg, 0.17487980387577814, right(srz27409593405)
neg, 0.12788281295511936, right(srz965661712112)
neg, 0.12788281295511936, right(srz1930611939)
neg, 0.1284615400382881, right(srz99311018571)
neg, 0.1312754970724383, right(srz99311014505)
neg, 0.1872108373518019, right(srz193067178)
neg, 0.13284978350377796, right(srz44230443864)
neg, 0.1312754970724383, right(srz965949214002)
neg, 0.20741489118092746, right(srz24618672306)
neg, 0.18485684970456687, right(srz44230441916)
neg, 0.1312754970724383, right(srz99311017651)
neg, 0.1312754970724383, right(srz8029724017)
neg, 0.12788281295511936, right(srz44230444013)
neg, 0.12788281295511936, right(srz24618674303)
neg, 0.1312754970724383, right(srz965661711069)
neg, 0.20741489118092746, right(srz8029727288)
neg, 0.13284978350377796, right(srz8029724463)
neg, 0.1312754970724383, right(srz99311013269)
neg, 0.12788281295511936, right(srz44248273376)
neg, 0.1284615400382881, right(srz24618675852)
neg, 0.1312754970724383, right(srz44248274885)
neg, 0.18485684970456687, right(srz19306699)
neg, 0.1312754970724383, right(srz274095916376)
neg, 0.12788281295511936, right(srz27409591789)
neg, 0.20741489118092746, right(srz2740959615)
neg, 0.1312754970724383, right(srz274095910789)
neg, 0.12788281295511936, right(srz193061500)
neg, 0.12788281295511936, right(srz193069469)
neg, 0.1312754970724383, right(srz193063026)
neg, 0.12788281295511936, right(srz274095914902)
neg, 0.13284978350377796, right(srz8029729231)
neg, 0.12788281295511936, right(srz96566178958)
neg, 0.20741489118092746, right(srz965661713338)
neg, 0.13284978350377796, right(srz8029724475)
neg, 0.12788281295511936, right(srz8029727635)
neg, 0.1312754970724383, right(srz193065277)
neg, 0.1312754970724383, right(srz96566173993)
neg, 0.13284978350377796, right(srz99311016110)
neg, 0.12788281295511936, right(srz44248277657)
neg, 0.1312754970724383, right(srz44248271310)
neg, 0.1312754970724383, right(srz24618675607)
neg, 0.12788281295511936, right(srz99311019693)
neg, 0.1312754970724383, right(srz965661711421)
neg, 0.12788281295511936, right(srz965949213359)
neg, 0.20741489118092746, right(srz193069743)
neg, 0.1312754970724383, right(srz44230447268)
neg, 0.1284615400382881, right(srz274095912160)
neg, 0.1312754970724383, right(srz44248273084)
neg, 0.1312754970724383, right(srz442482714)
neg, 0.12788281295511936, right(srz24618674301)
neg, 0.12788281295511936, right(srz9656617353)
neg, 0.12788281295511936, right(srz96594921368)
neg, 0.1312754970724383, right(srz193064606)
neg, 0.1872108373518019, right(srz96594929924)
neg, 0.1872108373518019, right(srz99311014651)
neg, 0.1872108373518019, right(srz27409598014)
neg, 0.1872108373518019, right(srz24618676734)
neg, 0.12788281295511936, right(srz44248274624)
neg, 0.20741489118092746, right(srz193065712)
neg, 0.26569465657955116, right(srz44248271377)
neg, 0.1312754970724383, right(srz193067990)
neg, 0.12788281295511936, right(srz27409593704)
neg, 0.18485684970456687, right(srz96594929747)
neg, 0.12788281295511936, right(srz19306936)
neg, 0.17487980387577814, right(srz96566173155)
neg, 0.1284615400382881, right(srz96594926457)
neg, 0.12788281295511936, right(srz8029728848)
neg, 0.12788281295511936, right(srz96594927575)
neg, 0.12788281295511936, right(srz2740959696)
neg, 0.1312754970724383, right(srz274095912731)
neg, 0.18485684970456687, right(srz19306687)
neg, 0.12788281295511936, right(srz2461867500)
neg, 0.1872108373518019, right(srz965949211102)
neg, 0.20741489118092746, right(srz99311018480)
neg, 0.12788281295511936, right(srz44248276730)
neg, 0.12788281295511936, right(srz2740959693)
neg, 0.1312754970724383, right(srz44230445721)
neg, 0.20741489118092746, right(srz99311017276)
neg, 0.12788281295511936, right(srz8029725847)
neg, 0.12788281295511936, right(srz27409596460)
neg, 0.1312754970724383, right(srz8029725275)
neg, 0.1312754970724383, right(srz44230443526)
neg, 0.1872108373518019, right(srz802972872)
neg, 0.12788281295511936, right(srz1930610531)
neg, 0.12788281295511936, right(srz2461867238)
neg, 0.12788281295511936, right(srz193066104)
neg, 0.1872108373518019, right(srz27409594893)
neg, 0.20741489118092746, right(srz27409591558)
neg, 0.12788281295511936, right(srz274095916063)
neg, 0.1284615400382881, right(srz1930610257)
neg, 0.20741489118092746, right(srz965949252)
neg, 0.1872108373518019, right(srz8029726460)
neg, 0.12788281295511936, right(srz965661713981)
neg, 0.12788281295511936, right(srz99311018707)
neg, 0.1284615400382881, right(srz965661710430)
neg, 0.12788281295511936, right(srz96594927730)
neg, 0.12788281295511936, right(srz193067926)
neg, 0.12788281295511936, right(srz274095932)
neg, 0.20741489118092746, right(srz44230445037)
neg, 0.1312754970724383, right(srz193069805)
neg, 0.1312754970724383, right(srz24618674380)
neg, 0.1284615400382881, right(srz965661710447)
neg, 0.26569465657955116, right(srz44248272925)
neg, 0.12788281295511936, right(srz9659492902)
neg, 0.18485684970456687, right(srz9931101269)
neg, 0.1872108373518019, right(srz44230442168)
neg, 0.12788281295511936, right(srz99311014996)
neg, 0.20741489118092746, right(srz965949212565)
neg, 0.12788281295511936, right(srz193061549)
neg, 0.12788281295511936, right(srz44230448449)
neg, 0.20741489118092746, right(srz2740959373)
neg, 0.12788281295511936, right(srz193064888)
neg, 0.20741489118092746, right(srz9656617655)
neg, 0.1872108373518019, right(srz802972864)
neg, 0.20741489118092746, right(srz44248276910)
neg, 0.12788281295511936, right(srz44230446558)
neg, 0.12788281295511936, right(srz99311013309)
neg, 0.14158514118650908, right(srz8029727410)
neg, 0.1312754970724383, right(srz8029728576)
neg, 0.1312754970724383, right(srz99311012135)
neg, 0.1872108373518019, right(srz9931101306)
neg, 0.12788281295511936, right(srz965661713969)
neg, 0.20741489118092746, right(srz27409591581)
neg, 0.26569465657955116, right(srz44248273179)
neg, 0.20741489118092746, right(srz27409592664)
neg, 0.12788281295511936, right(srz99311018748)
neg, 0.17487980387577814, right(srz965949210009)
neg, 0.1312754970724383, right(srz274095916941)
neg, 0.18485684970456687, right(srz9931101458)
neg, 0.18485684970456687, right(srz44230441926)
neg, 0.12788281295511936, right(srz99311011215)
neg, 0.12788281295511936, right(srz8029727548)
neg, 0.12788281295511936, right(srz246186716110)
neg, 0.18485684970456687, right(srz44230441524)
neg, 0.12788281295511936, right(srz96594927126)
neg, 0.26569465657955116, right(srz965661712892)
neg, 0.12788281295511936, right(srz193064921)
neg, 0.1312754970724383, right(srz44230443329)
neg, 0.20741489118092746, right(srz96566178463)
neg, 0.12788281295511936, right(srz1930611897)
neg, 0.1872108373518019, right(srz246186713091)
neg, 0.20741489118092746, right(srz99311011780)
neg, 0.1312754970724383, right(srz44248277351)
neg, 0.1312754970724383, right(srz44230441459)
neg, 0.1872108373518019, right(srz274095912859)
neg, 0.20741489118092746, right(srz44230448149)
neg, 0.1312754970724383, right(srz193069661)
neg, 0.1312754970724383, right(srz44248271890)
neg, 0.12788281295511936, right(srz44248274273)
neg, 0.12788281295511936, right(srz274095914803)
neg, 0.12788281295511936, right(srz44248273473)
neg, 0.1312754970724383, right(srz44230442379)
neg, 0.1312754970724383, right(srz8029725885)
neg, 0.12788281295511936, right(srz965661715991)
neg, 0.1312754970724383, right(srz44248277049)
neg, 0.12788281295511936, right(srz4424827672)
neg, 0.12788281295511936, right(srz274095910567)
neg, 0.1312754970724383, right(srz24618674390)
neg, 0.17487980387577814, right(srz27409591750)
neg, 0.12788281295511936, right(srz19306316)
neg, 0.1284615400382881, right(srz80297210164)
neg, 0.20741489118092746, right(srz96566175431)
neg, 0.1312754970724383, right(srz965661715432)
neg, 0.1312754970724383, right(srz274095912606)
neg, 0.12788281295511936, right(srz24618672235)
neg, 0.12788281295511936, right(srz193064061)
neg, 0.12788281295511936, right(srz99311011073)
neg, 0.12788281295511936, right(srz965949211934)
neg, 0.12788281295511936, right(srz8029722726)
neg, 0.12788281295511936, right(srz44230447002)
neg, 0.1312754970724383, right(srz44230441975)
neg, 0.1312754970724383, right(srz99311019103)
neg, 0.12788281295511936, right(srz274095915341)
neg, 0.12788281295511936, right(srz9931101749)
neg, 0.12788281295511936, right(srz8029729842)
neg, 0.12788281295511936, right(srz27409599582)
neg, 0.1312754970724383, right(srz44248271690)
neg, 0.12788281295511936, right(srz2461867867)
neg, 0.14158514118650908, right(srz8029723783)
neg, 0.17487980387577814, right(srz44248274853)
neg, 0.20741489118092746, right(srz8029721090)
neg, 0.13284978350377796, right(srz44230441745)
neg, 0.12788281295511936, right(srz9659492882)
neg, 0.1312754970724383, right(srz193064301)
neg, 0.12788281295511936, right(srz965661713660)
neg, 0.1312754970724383, right(srz274095910312)
neg, 0.20741489118092746, right(srz274095910093)
neg, 0.1872108373518019, right(srz27409599824)
neg, 0.1312754970724383, right(srz27409595945)
neg, 0.12788281295511936, right(srz24618671993)
neg, 0.1312754970724383, right(srz4423044784)
neg, 0.12788281295511936, right(srz193069230)
neg, 0.12788281295511936, right(srz44230447106)
neg, 0.2252026121146009, right(srz965949211709)
neg, 0.1312754970724383, right(srz965949212314)
neg, 0.1312754970724383, right(srz1930612105)
neg, 0.12788281295511936, right(srz965949212718)
neg, 0.12788281295511936, right(srz2461867520)
neg, 0.20741489118092746, right(srz993110111091)
neg, 0.1312754970724383, right(srz8029728489)
neg, 0.12788281295511936, right(srz2740959456)
neg, 0.12788281295511936, right(srz96566172943)
neg, 0.1312754970724383, right(srz99311014366)
neg, 0.13284978350377796, right(srz4424827488)
neg, 0.12788281295511936, right(srz2461867628)
neg, 0.12788281295511936, right(srz8029723893)
neg, 0.1312754970724383, right(srz246186715882)
neg, 0.1284615400382881, right(srz193069055)
neg, 0.12788281295511936, right(srz274095910555)
neg, 0.12788281295511936, right(srz8029721464)
neg, 0.1872108373518019, right(srz9659492659)
neg, 0.12788281295511936, right(srz27409596361)
neg, 0.12788281295511936, right(srz24618674281)
neg, 0.14158514118650908, right(srz99311019374)
neg, 0.12788281295511936, right(srz99311011277)
neg, 0.20741489118092746, right(srz96566178074)
neg, 0.12788281295511936, right(srz24618677335)
neg, 0.1312754970724383, right(srz8029724788)
neg, 0.14158514118650908, right(srz44248275274)
neg, 0.1312754970724383, right(srz99311016935)
neg, 0.1312754970724383, right(srz965949210710)
neg, 0.1872108373518019, right(srz193064376)
neg, 0.1312754970724383, right(srz246186710270)
neg, 0.1312754970724383, right(srz193068771)
neg, 0.1872108373518019, right(srz27409597092)
neg, 0.12788281295511936, right(srz9931101882)
neg, 0.1872108373518019, right(srz44230444704)
neg, 0.20741489118092746, right(srz99311011272)
neg, 0.1312754970724383, right(srz4424827199)
neg, 0.18511330982967572, right(srz8029722056)
neg, 0.12788281295511936, right(srz1930610436)
neg, 0.12788281295511936, right(srz44230442207)
neg, 0.12788281295511936, right(srz27409599265)
neg, 0.12788281295511936, right(srz965661711927)
neg, 0.1284615400382881, right(srz193068948)
neg, 0.12788281295511936, right(srz1930611870)
neg, 0.1312754970724383, right(srz96594929027)
neg, 0.20741489118092746, right(srz96594923447)
neg, 0.1312754970724383, right(srz44230446391)
neg, 0.1312754970724383, right(srz274095916635)
neg, 0.12788281295511936, right(srz274095913672)
neg, 0.12788281295511936, right(srz193066042)
neg, 0.12788281295511936, right(srz965949210945)
neg, 0.12788281295511936, right(srz965949212066)
neg, 0.12788281295511936, right(srz99311011049)
neg, 0.1872108373518019, right(srz44248273644)
neg, 0.1312754970724383, right(srz96566176346)
neg, 0.1872108373518019, right(srz965661713580)
neg, 0.12788281295511936, right(srz44248272285)
neg, 0.12788281295511936, right(srz193061577)
neg, 0.1872108373518019, right(srz19306211)
neg, 0.1312754970724383, right(srz8029727745)
neg, 0.12788281295511936, right(srz80297210323)
neg, 0.1312754970724383, right(srz965949210511)
neg, 0.17487980387577814, right(srz96566177761)
neg, 0.12788281295511936, right(srz24618677300)
neg, 0.1872108373518019, right(srz274095911214)
neg, 0.12788281295511936, right(srz44230442245)
neg, 0.12788281295511936, right(srz24618671184)
neg, 0.20741489118092746, right(srz965949214254)
neg, 0.20741489118092746, right(srz24618672294)
neg, 0.12788281295511936, right(srz24618672716)
neg, 0.13284978350377796, right(srz44230441667)
neg, 0.13284978350377796, right(srz44230446657)
neg, 0.1284615400382881, right(srz44230442693)
neg, 0.1312754970724383, right(srz80297210056)
neg, 0.18485684970456687, right(srz8029728995)
neg, 0.1312754970724383, right(srz193065675)
neg, 0.12788281295511936, right(srz193063212)
neg, 0.20741489118092746, right(srz274095910077)
neg, 0.12788281295511936, right(srz99311019498)
neg, 0.12788281295511936, right(srz4424827699)
neg, 0.12788281295511936, right(srz193064927)
neg, 0.1284615400382881, right(srz246186710590)
neg, 0.14158514118650908, right(srz44248275247)
neg, 0.2252026121146009, right(srz965949210016)
neg, 0.12788281295511936, right(srz27409599443)
neg, 0.12788281295511936, right(srz2740959491)
neg, 0.1312754970724383, right(srz96594924333)
neg, 0.12788281295511936, right(srz965661715329)
neg, 0.20741489118092746, right(srz802972698)
neg, 0.1312754970724383, right(srz24618673414)
neg, 0.12788281295511936, right(srz9656617660)
neg, 0.1312754970724383, right(srz9659492220)
neg, 0.13284978350377796, right(srz44248274346)
neg, 0.12788281295511936, right(srz96594929430)
neg, 0.1312754970724383, right(srz8029726763)
neg, 0.1312754970724383, right(srz24618673621)
neg, 0.1312754970724383, right(srz96594929030)
neg, 0.1312754970724383, right(srz965949213625)
neg, 0.12788281295511936, right(srz27409591997)
neg, 0.1312754970724383, right(srz193066470)
neg, 0.12788281295511936, right(srz44248275419)
neg, 0.1312754970724383, right(srz96594928104)
neg, 0.1312754970724383, right(srz99311012818)
neg, 0.1284615400382881, right(srz96594926533)
neg, 0.12788281295511936, right(srz8029727541)
neg, 0.12788281295511936, right(srz96594923002)
neg, 0.12788281295511936, right(srz99311013156)
neg, 0.12788281295511936, right(srz1930610482)
neg, 0.1312754970724383, right(srz24618675513)
neg, 0.20741489118092746, right(srz27409592058)
neg, 0.12788281295511936, right(srz96566175945)
neg, 0.12788281295511936, right(srz44230441086)
neg, 0.13284978350377796, right(srz8029728983)
neg, 0.18485684970456687, right(srz80297210571)
neg, 0.18485684970456687, right(srz8029723584)
neg, 0.1312754970724383, right(srz9659492194)
neg, 0.1284615400382881, right(srz965949213035)
neg, 0.1312754970724383, right(srz965949212629)
neg, 0.1312754970724383, right(srz96594927276)
neg, 0.1312754970724383, right(srz8029727746)
neg, 0.14158514118650908, right(srz96566174542)
neg, 0.12788281295511936, right(srz24618672671)
neg, 0.20741489118092746, right(srz1930611335)
neg, 0.20741489118092746, right(srz96566178079)
neg, 0.18485684970456687, right(srz993110111836)
neg, 0.20741489118092746, right(srz993110110140)
neg, 0.12788281295511936, right(srz80297210495)
neg, 0.1312754970724383, right(srz99311019232)
neg, 0.18485684970456687, right(srz1930610044)
neg, 0.1312754970724383, right(srz193069860)
neg, 0.12788281295511936, right(srz965661715746)
neg, 0.12788281295511936, right(srz965661715798)
neg, 0.1312754970724383, right(srz193068617)
neg, 0.13284978350377796, right(srz99311019613)
neg, 0.12788281295511936, right(srz193069372)
neg, 0.12788281295511936, right(srz27409591017)
neg, 0.12788281295511936, right(srz44248275610)
neg, 0.1312754970724383, right(srz246186716994)
neg, 0.20741489118092746, right(srz99311013349)
neg, 0.17487980387577814, right(srz193069945)
neg, 0.1312754970724383, right(srz44248272094)
neg, 0.17487980387577814, right(srz96594925792)
neg, 0.20741489118092746, right(srz2740959824)
neg, 0.1284615400382881, right(srz9656617295)
neg, 0.14158514118650908, right(srz8029723600)
neg, 0.20741489118092746, right(srz96566174791)
neg, 0.1312754970724383, right(srz8029724592)
neg, 0.1872108373518019, right(srz99311014573)
neg, 0.13284978350377796, right(srz193065040)
neg, 0.1284615400382881, right(srz246186710621)
neg, 0.20741489118092746, right(srz965661715612)
neg, 0.1312754970724383, right(srz8029721163)
neg, 0.1872108373518019, right(srz44248274114)
neg, 0.20741489118092746, right(srz274095914421)
neg, 0.12788281295511936, right(srz8029728801)
neg, 0.12788281295511936, right(srz965661711773)
neg, 0.1312754970724383, right(srz246186713654)
neg, 0.12788281295511936, right(srz27409591209)
neg, 0.18485684970456687, right(srz8029721994)
neg, 0.1312754970724383, right(srz9656617510)
neg, 0.20741489118092746, right(srz99311013369)
neg, 0.20741489118092746, right(srz8029726841)
neg, 0.1872108373518019, right(srz965949214151)
neg, 0.1312754970724383, right(srz274095910985)
neg, 0.18485684970456687, right(srz4423044285)
neg, 0.20741489118092746, right(srz99311011388)
neg, 0.1312754970724383, right(srz965661715510)
neg, 0.12788281295511936, right(srz246186712565)
neg, 0.1872108373518019, right(srz965661710374)
neg, 0.12788281295511936, right(srz2740959928)
neg, 0.12788281295511936, right(srz96594927538)
neg, 0.1284615400382881, right(srz965661710446)
neg, 0.1312754970724383, right(srz8029727747)
neg, 0.26569465657955116, right(srz8029722252)
neg, 0.1312754970724383, right(srz96594924296)
neg, 0.20741489118092746, right(srz4423044457)
neg, 0.18485684970456687, right(srz193065771)
neg, 0.12788281295511936, right(srz27409597597)
neg, 0.12788281295511936, right(srz27409591499)
neg, 0.1872108373518019, right(srz96566173359)
neg, 0.1312754970724383, right(srz8029726575)
neg, 0.13284978350377796, right(srz8029729309)
neg, 0.12788281295511936, right(srz96566176036)
neg, 0.1872108373518019, right(srz246186710485)
neg, 0.1312754970724383, right(srz8029729545)
neg, 0.1872108373518019, right(srz193062301)
neg, 0.18511330982967572, right(srz193068681)
neg, 0.12788281295511936, right(srz99311014754)
neg, 0.1312754970724383, right(srz8029728250)
neg, 0.1312754970724383, right(srz44248277053)
neg, 0.1312754970724383, right(srz27409594680)
neg, 0.18511330982967572, right(srz993110111573)
neg, 0.12788281295511936, right(srz96594923384)
neg, 0.12788281295511936, right(srz96594926197)
neg, 0.12788281295511936, right(srz44248272258)
neg, 0.1284615400382881, right(srz27409597120)
neg, 0.1312754970724383, right(srz96594924815)
neg, 0.12788281295511936, right(srz1930611692)
neg, 0.13284978350377796, right(srz99311016039)
neg, 0.12788281295511936, right(srz24618671604)
neg, 0.1312754970724383, right(srz96566179215)
neg, 0.12788281295511936, right(srz44248278085)
neg, 0.12788281295511936, right(srz99311015127)
neg, 0.1284615400382881, right(srz44230442531)
neg, 0.12788281295511936, right(srz44230446586)
neg, 0.12788281295511936, right(srz24618674247)
neg, 0.20741489118092746, right(srz44248271999)
neg, 0.1872108373518019, right(srz44230448294)
neg, 0.12788281295511936, right(srz8029725601)
neg, 0.12788281295511936, right(srz193061434)
neg, 0.12788281295511936, right(srz9931101720)
neg, 0.12788281295511936, right(srz19306982)
neg, 0.1872108373518019, right(srz274095914590)
neg, 0.1312754970724383, right(srz1930610610)
neg, 0.1312754970724383, right(srz96566171275)
neg, 0.1312754970724383, right(srz24618676904)
neg, 0.1312754970724383, right(srz193064278)
neg, 0.12788281295511936, right(srz44248276926)
neg, 0.12788281295511936, right(srz27409596376)
neg, 0.20741489118092746, right(srz99311011269)
neg, 0.12788281295511936, right(srz44248272952)
neg, 0.1312754970724383, right(srz8029729889)
neg, 0.17487980387577814, right(srz8029729339)
neg, 0.12788281295511936, right(srz8029723832)
neg, 0.1312754970724383, right(srz44230441499)
neg, 0.12788281295511936, right(srz274095912342)
neg, 0.12788281295511936, right(srz8029721670)
neg, 0.13284978350377796, right(srz19306466)
neg, 0.12788281295511936, right(srz96594924057)
neg, 0.1312754970724383, right(srz193068380)
neg, 0.12788281295511936, right(srz193069229)
neg, 0.1312754970724383, right(srz274095910414)
neg, 0.12788281295511936, right(srz44230441821)
neg, 0.13284978350377796, right(srz44230441668)
neg, 0.12788281295511936, right(srz24618679357)
neg, 0.1872108373518019, right(srz8029722036)
neg, 0.12788281295511936, right(srz24618676217)
neg, 0.12788281295511936, right(srz24618672948)
neg, 0.20741489118092746, right(srz993110110835)
neg, 0.1312754970724383, right(srz8029723963)
neg, 0.15013817616499373, right(srz965661716084)
neg, 0.1312754970724383, right(srz193065419)
neg, 0.20741489118092746, right(srz99311018042)
neg, 0.12788281295511936, right(srz4424827808)
neg, 0.12788281295511936, right(srz44248273442)
neg, 0.12788281295511936, right(srz19306976)
neg, 0.1284615400382881, right(srz80297210258)
neg, 0.18485684970456687, right(srz1930611016)
neg, 0.12788281295511936, right(srz44230443751)
neg, 0.1872108373518019, right(srz965661711317)
neg, 0.1284615400382881, right(srz96594921195)
neg, 0.1312754970724383, right(srz96566174489)
neg, 0.24364176356732303, right(srz44230442990)
neg, 0.1312754970724383, right(srz8029728252)
neg, 0.12788281295511936, right(srz965949211824)
neg, 0.12788281295511936, right(srz1930610426)
neg, 0.1312754970724383, right(srz24618678039)
neg, 0.12788281295511936, right(srz193066728)
neg, 0.12788281295511936, right(srz99311014994)
neg, 0.1312754970724383, right(srz193068622)
neg, 0.12788281295511936, right(srz96594928265)
neg, 0.13284978350377796, right(srz19306410)
neg, 0.1872108373518019, right(srz274095913519)
neg, 0.12788281295511936, right(srz965949211863)
neg, 0.20741489118092746, right(srz8029728457)
neg, 0.12788281295511936, right(srz44248273502)
neg, 0.1312754970724383, right(srz9931101185)
neg, 0.1872108373518019, right(srz8029724172)
neg, 0.20741489118092746, right(srz965661714543)
neg, 0.1872108373518019, right(srz965661714780)
neg, 0.12788281295511936, right(srz24618673824)
neg, 0.1872108373518019, right(srz19306227)
neg, 0.12788281295511936, right(srz8029725815)
neg, 0.1312754970724383, right(srz193068355)
neg, 0.1312754970724383, right(srz99311015253)
neg, 0.12788281295511936, right(srz44230443041)
neg, 0.12788281295511936, right(srz8029727520)
neg, 0.1312754970724383, right(srz246186711066)
neg, 0.12788281295511936, right(srz274095915932)
neg, 0.1284615400382881, right(srz193063555)
neg, 0.20741489118092746, right(srz274095910073)
neg, 0.12788281295511936, right(srz44248276209)
neg, 0.1312754970724383, right(srz8029726985)
neg, 0.12788281295511936, right(srz9931101702)
neg, 0.1284615400382881, right(srz24618679329)
neg, 0.12788281295511936, right(srz44248275611)
neg, 0.12788281295511936, right(srz44230446838)
neg, 0.20741489118092746, right(srz8029721113)
neg, 0.12788281295511936, right(srz99311014982)
neg, 0.12788281295511936, right(srz44230447164)
neg, 0.12788281295511936, right(srz44230441124)
neg, 0.1872108373518019, right(srz193064729)
neg, 0.1312754970724383, right(srz965661715042)
neg, 0.13284978350377796, right(srz8029728894)
neg, 0.1872108373518019, right(srz24618673729)
neg, 0.12788281295511936, right(srz44248275829)
neg, 0.1284615400382881, right(srz1930610296)
neg, 0.1872108373518019, right(srz44230446196)
neg, 0.20741489118092746, right(srz4423044637)
neg, 0.12788281295511936, right(srz96594927075)
neg, 0.1312754970724383, right(srz246186710180)
neg, 0.1312754970724383, right(srz4424827947)
neg, 0.1312754970724383, right(srz96566175089)
neg, 0.1312754970724383, right(srz44248272099)
neg, 0.1312754970724383, right(srz99311012158)
neg, 0.18485684970456687, right(srz99311015232)
neg, 0.1312754970724383, right(srz193063077)
neg, 0.1312754970724383, right(srz1930612124)
neg, 0.12788281295511936, right(srz8029722777)
neg, 0.1312754970724383, right(srz44230443107)
neg, 0.12788281295511936, right(srz274095914871)
neg, 0.1312754970724383, right(srz44248277322)
neg, 0.1312754970724383, right(srz44248274991)
neg, 0.1872108373518019, right(srz99311012918)
neg, 0.12788281295511936, right(srz96566172903)
neg, 0.1312754970724383, right(srz96594928906)
neg, 0.18485684970456687, right(srz96566171698)
neg, 0.20741489118092746, right(srz99311011298)
neg, 0.20741489118092746, right(srz8029724136)
neg, 0.12788281295511936, right(srz246186713032)
neg, 0.1312754970724383, right(srz99311019971)
neg, 0.14158514118650908, right(srz8029723788)
neg, 0.20741489118092746, right(srz99311013338)
neg, 0.13284978350377796, right(srz99311016125)
neg, 0.12788281295511936, right(srz96594922916)
neg, 0.1312754970724383, right(srz24618679506)
neg, 0.18485684970456687, right(srz9659492103)
neg, 0.13284978350377796, right(srz193065002)
neg, 0.18511330982967572, right(srz193065170)
neg, 0.12788281295511936, right(srz44248275287)
neg, 0.1312754970724383, right(srz193066548)
neg, 0.1872108373518019, right(srz1930611530)
neg, 0.12788281295511936, right(srz24618671967)
neg, 0.1312754970724383, right(srz274095911375)
neg, 0.20741489118092746, right(srz8029722242)
neg, 0.1284615400382881, right(srz96594925368)
neg, 0.12788281295511936, right(srz24618671055)
neg, 0.12788281295511936, right(srz96566172791)
neg, 0.12788281295511936, right(srz96594927029)
neg, 0.18485684970456687, right(srz24618675267)
neg, 0.18485684970456687, right(srz99311016135)
neg, 0.12788281295511936, right(srz99311014838)
neg, 0.12788281295511936, right(srz44248275723)
neg, 0.12788281295511936, right(srz193069494)
neg, 0.20741489118092746, right(srz965661711477)
neg, 0.1872108373518019, right(srz27409598676)
neg, 0.1312754970724383, right(srz193069637)
neg, 0.12788281295511936, right(srz99311016780)
neg, 0.17487980387577814, right(srz27409593491)
neg, 0.1312754970724383, right(srz193065191)
neg, 0.1312754970724383, right(srz274095916592)
neg, 0.1284615400382881, right(srz246186710594)
neg, 0.12788281295511936, right(srz96594929382)
neg, 0.20741489118092746, right(srz44230446212)
neg, 0.12788281295511936, right(srz44248271667)
neg, 0.17487980387577814, right(srz274095915585)
neg, 0.12788281295511936, right(srz193061621)
neg, 0.18485684970456687, right(srz965661714425)
neg, 0.12788281295511936, right(srz96594924506)
neg, 0.12788281295511936, right(srz27409595081)
neg, 0.12788281295511936, right(srz8029725498)
neg, 0.1312754970724383, right(srz193069835)
neg, 0.12788281295511936, right(srz96566172879)
neg, 0.1312754970724383, right(srz246186712244)
neg, 0.12788281295511936, right(srz2461867684)
neg, 0.12788281295511936, right(srz24618679630)
neg, 0.1872108373518019, right(srz193062985)
neg, 0.1312754970724383, right(srz96594922485)
neg, 0.20741489118092746, right(srz96566179163)
neg, 0.13284978350377796, right(srz96594928811)
neg, 0.12788281295511936, right(srz2740959702)
neg, 0.13284978350377796, right(srz193063832)
neg, 0.12788281295511936, right(srz965661714836)
neg, 0.12788281295511936, right(srz99311019465)
neg, 0.12788281295511936, right(srz1930611745)
neg, 0.12788281295511936, right(srz24618671225)
neg, 0.12788281295511936, right(srz965949211960)
neg, 0.14158514118650908, right(srz193069323)
neg, 0.1312754970724383, right(srz8029725270)
neg, 0.1872108373518019, right(srz24618679896)
neg, 0.12788281295511936, right(srz99311015544)
neg, 0.1312754970724383, right(srz193061238)
neg, 0.1872108373518019, right(srz96566174651)
neg, 0.20741489118092746, right(srz8029729785)
neg, 0.1312754970724383, right(srz193069812)
neg, 0.1312754970724383, right(srz246186715327)
neg, 0.1312754970724383, right(srz246186715619)
neg, 0.1872108373518019, right(srz27409594714)
neg, 0.13284978350377796, right(srz8029729198)
neg, 0.12788281295511936, right(srz246186714843)
neg, 0.20741489118092746, right(srz27409592080)
neg, 0.18485684970456687, right(srz193062914)
neg, 0.1312754970724383, right(srz274095913272)
neg, 0.12788281295511936, right(srz193069539)
neg, 0.20741489118092746, right(srz274095910075)
neg, 0.12788281295511936, right(srz44248275331)
neg, 0.12788281295511936, right(srz193061560)
neg, 0.12788281295511936, right(srz193061656)
neg, 0.1312754970724383, right(srz96566175084)
neg, 0.12788281295511936, right(srz193069458)
neg, 0.1284615400382881, right(srz193068960)
neg, 0.12788281295511936, right(srz96594922862)
neg, 0.12788281295511936, right(srz8029725952)
neg, 0.1312754970724383, right(srz44248272847)
neg, 0.12788281295511936, right(srz246186710770)
neg, 0.12788281295511936, right(srz965661715858)
neg, 0.1872108373518019, right(srz246186713199)
neg, 0.1872108373518019, right(srz99311016397)
neg, 0.1312754970724383, right(srz27409599276)
neg, 0.12788281295511936, right(srz1930611827)
neg, 0.2252026121146009, right(srz44230445144)
neg, 0.1284615400382881, right(srz246186710582)
neg, 0.1872108373518019, right(srz193062450)
neg, 0.12788281295511936, right(srz246186710814)
neg, 0.1312754970724383, right(srz965661712881)
neg, 0.12788281295511936, right(srz96594924173)
neg, 0.12788281295511936, right(srz27409591408)
neg, 0.20741489118092746, right(srz193064716)
neg, 0.20741489118092746, right(srz274095915427)
neg, 0.26978824010658575, right(srz44248275912)
neg, 0.12788281295511936, right(srz193066724)
neg, 0.12788281295511936, right(srz96566178869)
neg, 0.1872108373518019, right(srz19306771)
neg, 0.12788281295511936, right(srz27409595096)
neg, 0.1312754970724383, right(srz274095911034)
neg, 0.1312754970724383, right(srz246186710311)
neg, 0.12788281295511936, right(srz8029728226)
neg, 0.12788281295511936, right(srz274095911697)
neg, 0.26569465657955116, right(srz96566178023)
neg, 0.17487980387577814, right(srz1930611266)
neg, 0.1312754970724383, right(srz99311017760)
neg, 0.12788281295511936, right(srz44248272314)
neg, 0.1312754970724383, right(srz802972705)
neg, 0.13284978350377796, right(srz44230441713)
neg, 0.1312754970724383, right(srz24618673533)
neg, 0.13284978350377796, right(srz4423044392)
neg, 0.1312754970724383, right(srz96566174027)
neg, 0.12788281295511936, right(srz27409591269)
neg, 0.12788281295511936, right(srz99311014738)
neg, 0.12788281295511936, right(srz274095913871)
neg, 0.12788281295511936, right(srz965949213680)
neg, 0.1312754970724383, right(srz1930610695)
neg, 0.12788281295511936, right(srz96566171577)
neg, 0.26569465657955116, right(srz246186712718)
neg, 0.12788281295511936, right(srz193061703)
neg, 0.12788281295511936, right(srz9931101156)
neg, 0.1872108373518019, right(srz193064427)
neg, 0.1312754970724383, right(srz99311018044)
neg, 0.1312754970724383, right(srz193065261)
neg, 0.26569465657955116, right(srz44230442494)
neg, 0.12788281295511936, right(srz96566176066)
neg, 0.1312754970724383, right(srz1930610877)
neg, 0.12788281295511936, right(srz44230447056)
neg, 0.1872108373518019, right(srz99311011521)
neg, 0.1872108373518019, right(srz44230442094)
neg, 0.1312754970724383, right(srz246186714148)
neg, 0.1284615400382881, right(srz99311018595)
neg, 0.12788281295511936, right(srz2740959562)
neg, 0.1312754970724383, right(srz8029724064)
neg, 0.12788281295511936, right(srz27409592473)
neg, 0.1312754970724383, right(srz802972268)
neg, 0.12788281295511936, right(srz965661711747)
neg, 0.12788281295511936, right(srz44230445605)
neg, 0.1312754970724383, right(srz8029726963)
neg, 0.20741489118092746, right(srz80297281)
neg, 0.12788281295511936, right(srz246186714780)
neg, 0.12788281295511936, right(srz24618674347)
neg, 0.12788281295511936, right(srz2461867453)
neg, 0.12788281295511936, right(srz9931101719)
neg, 0.12788281295511936, right(srz27409599139)
neg, 0.12788281295511936, right(srz965661713914)
neg, 0.12788281295511936, right(srz44230443440)
neg, 0.17487980387577814, right(srz99311019063)
neg, 0.12788281295511936, right(srz96594926935)
neg, 0.12788281295511936, right(srz4423044997)
neg, 0.1312754970724383, right(srz965949211311)
neg, 0.2252026121146009, right(srz274095917074)
neg, 0.12788281295511936, right(srz1930610445)
neg, 0.17487980387577814, right(srz193069939)
neg, 0.12788281295511936, right(srz44230445552)
neg, 0.1312754970724383, right(srz965949211412)
neg, 0.1872108373518019, right(srz24618678845)
neg, 0.1872108373518019, right(srz24618679194)
neg, 0.1312754970724383, right(srz965661715089)
neg, 0.20741489118092746, right(srz193062109)
neg, 0.12788281295511936, right(srz27409591805)
neg, 0.12788281295511936, right(srz246186715007)
neg, 0.1312754970724383, right(srz24618679470)
neg, 0.1284615400382881, right(srz193068917)
neg, 0.12788281295511936, right(srz965661713906)
neg, 0.12788281295511936, right(srz965661716088)
neg, 0.1312754970724383, right(srz8029727757)
neg, 0.1872108373518019, right(srz96566179993)
neg, 0.12788281295511936, right(srz96594929205)
neg, 0.1312754970724383, right(srz96594928105)
neg, 0.1872108373518019, right(srz19306256)
neg, 0.1312754970724383, right(srz193068824)
neg, 0.12788281295511936, right(srz96566173032)
neg, 0.1312754970724383, right(srz193069863)
neg, 0.20741489118092746, right(srz96594927837)
neg, 0.12788281295511936, right(srz24618678453)
neg, 0.12788281295511936, right(srz24618675980)
neg, 0.17487980387577814, right(srz27409593502)
neg, 0.1872108373518019, right(srz99311014577)
neg, 0.1312754970724383, right(srz96566175093)
neg, 0.20741489118092746, right(srz96566179138)
neg, 0.20741489118092746, right(srz2740959335)
neg, 0.1312754970724383, right(srz193067023)
neg, 0.17487980387577814, right(srz27409595379)
neg, 0.12788281295511936, right(srz19306311)
neg, 0.12788281295511936, right(srz96566179113)
neg, 0.20741489118092746, right(srz44230444669)
neg, 0.1312754970724383, right(srz246186711285)
neg, 0.12788281295511936, right(srz96594921427)
neg, 0.18485684970456687, right(srz9931101984)
neg, 0.12788281295511936, right(srz246186711872)
neg, 0.12788281295511936, right(srz99311014706)
neg, 0.1312754970724383, right(srz8029726315)
neg, 0.12788281295511936, right(srz99311015534)
neg, 0.13284978350377796, right(srz44230441750)
neg, 0.17487980387577814, right(srz965661712937)
neg, 0.12788281295511936, right(srz24618677579)
neg, 0.12788281295511936, right(srz965661713273)
neg, 0.1872108373518019, right(srz193068422)
neg, 0.1312754970724383, right(srz246186715857)
neg, 0.12788281295511936, right(srz9931101762)
neg, 0.12788281295511936, right(srz96566179671)
neg, 0.1312754970724383, right(srz193062757)
neg, 0.14158514118650908, right(srz8029727357)
neg, 0.1312754970724383, right(srz99311019101)
neg, 0.12788281295511936, right(srz80297210343)
neg, 0.1312754970724383, right(srz99311015364)
neg, 0.1872108373518019, right(srz96594925198)
neg, 0.1872108373518019, right(srz44248271962)
neg, 0.1312754970724383, right(srz274095915649)
neg, 0.20741489118092746, right(srz44230446279)
neg, 0.1312754970724383, right(srz99311017214)
neg, 0.1872108373518019, right(srz802972892)
neg, 0.12788281295511936, right(srz965949211955)
neg, 0.1872108373518019, right(srz27409598302)
neg, 0.18485684970456687, right(srz193062515)
neg, 0.1312754970724383, right(srz274095915679)
neg, 0.12788281295511936, right(srz24618679674)
neg, 0.12788281295511936, right(srz1930610489)
neg, 0.12788281295511936, right(srz965661711841)
neg, 0.1312754970724383, right(srz44248277236)
neg, 0.1872108373518019, right(srz193069900)
neg, 0.17487980387577814, right(srz44248276434)
neg, 0.1312754970724383, right(srz193064197)
neg, 0.1312754970724383, right(srz44248275920)
neg, 0.1312754970724383, right(srz965661712579)
neg, 0.1312754970724383, right(srz965661711050)
neg, 0.12788281295511936, right(srz8029728208)
neg, 0.20741489118092746, right(srz44230441982)
neg, 0.12788281295511936, right(srz2461867379)
neg, 0.1872108373518019, right(srz274095911577)
neg, 0.1872108373518019, right(srz965661711457)
neg, 0.1312754970724383, right(srz99311017560)
neg, 0.20741489118092746, right(srz8029723522)
neg, 0.1312754970724383, right(srz193065658)
neg, 0.12788281295511936, right(srz965661711887)
neg, 0.14158514118650908, right(srz44230447435)
neg, 0.13284978350377796, right(srz4424827517)
neg, 0.12788281295511936, right(srz99311015954)
neg, 0.12788281295511936, right(srz96566173087)
neg, 0.12788281295511936, right(srz2461867624)
neg, 0.12788281295511936, right(srz8029728803)
neg, 0.12788281295511936, right(srz8029726064)
neg, 0.1312754970724383, right(srz96594922020)
neg, 0.1312754970724383, right(srz44248272057)
neg, 0.12788281295511936, right(srz24618677528)
neg, 0.1312754970724383, right(srz44248273780)
neg, 0.18485684970456687, right(srz44230441896)
neg, 0.12788281295511936, right(srz8029725960)
neg, 0.24364176356732303, right(srz96566178665)
neg, 0.12788281295511936, right(srz193068026)
neg, 0.20741489118092746, right(srz8029722337)
neg, 0.18511330982967572, right(srz9931101244)
neg, 0.12788281295511936, right(srz193063806)
neg, 0.12788281295511936, right(srz246186713255)
neg, 0.14158514118650908, right(srz274095911801)
neg, 0.12788281295511936, right(srz99311017241)
neg, 0.1312754970724383, right(srz965661712504)
neg, 0.12788281295511936, right(srz8029726614)
neg, 0.1312754970724383, right(srz4424827288)
neg, 0.1312754970724383, right(srz96566177054)
neg, 0.12788281295511936, right(srz4423044252)
neg, 0.2252026121146009, right(srz965661713081)
neg, 0.12788281295511936, right(srz993110112297)
neg, 0.12788281295511936, right(srz8029726616)
neg, 0.1312754970724383, right(srz96566175656)
neg, 0.13284978350377796, right(srz246186716462)
neg, 0.12788281295511936, right(srz27409595918)
neg, 0.1312754970724383, right(srz8029722537)
neg, 0.20741489118092746, right(srz24618673215)
neg, 0.26569465657955116, right(srz44248278288)
neg, 0.1312754970724383, right(srz4423044189)
neg, 0.18485684970456687, right(srz8029729742)
neg, 0.13284978350377796, right(srz96566173689)
neg, 0.24939322129195243, right(srz96594926921)
neg, 0.24364176356732303, right(srz44230448387)
neg, 0.13284978350377796, right(srz965661714287)
neg, 0.1312754970724383, right(srz96566173107)
neg, 0.1312754970724383, right(srz274095916384)
neg, 0.1872108373518019, right(srz44230447974)
neg, 0.12788281295511936, right(srz274095913733)
neg, 0.1312754970724383, right(srz44248271889)
neg, 0.1284615400382881, right(srz24618678656)
neg, 0.1312754970724383, right(srz44230443593)
neg, 0.12788281295511936, right(srz24618672854)
neg, 0.18511330982967572, right(srz96566178236)
neg, 0.13284978350377796, right(srz44248274400)
neg, 0.1312754970724383, right(srz24618677786)
neg, 0.20741489118092746, right(srz8029725027)
neg, 0.13284978350377796, right(srz193065063)
neg, 0.13284978350377796, right(srz24618672353)
neg, 0.20741489118092746, right(srz993110110163)
neg, 0.12788281295511936, right(srz96594922924)
neg, 0.12788281295511936, right(srz1930612181)
neg, 0.12788281295511936, right(srz274095911330)
neg, 0.1312754970724383, right(srz193069808)
neg, 0.12788281295511936, right(srz8029723861)
neg, 0.12788281295511936, right(srz27409597386)
neg, 0.12788281295511936, right(srz99311016174)
neg, 0.1284615400382881, right(srz44230442561)
neg, 0.20741489118092746, right(srz993110110139)
neg, 0.1312754970724383, right(srz193062726)
neg, 0.2252026121146009, right(srz8029725521)
neg, 0.18485684970456687, right(srz8029724837)
neg, 0.1312754970724383, right(srz193066261)
neg, 0.12788281295511936, right(srz99311014911)
neg, 0.2252026121146009, right(srz802972219)
neg, 0.1284615400382881, right(srz246186710500)
neg, 0.13284978350377796, right(srz44248274358)
neg, 0.1312754970724383, right(srz96594928203)
neg, 0.12788281295511936, right(srz27409599247)
neg, 0.18485684970456687, right(srz193062932)
neg, 0.12788281295511936, right(srz27409592251)
neg, 0.1312754970724383, right(srz44230443350)
neg, 0.12788281295511936, right(srz44230445608)
neg, 0.1312754970724383, right(srz193064696)
neg, 0.1312754970724383, right(srz24618674402)
neg, 0.1312754970724383, right(srz44248271619)
neg, 0.12788281295511936, right(srz96566176033)
neg, 0.1312754970724383, right(srz44230447790)
neg, 0.1312754970724383, right(srz99311014174)
neg, 0.20741489118092746, right(srz8029728716)
neg, 0.1312754970724383, right(srz8029726739)
neg, 0.12788281295511936, right(srz193061492)
neg, 0.2252026121146009, right(srz44230446508)
neg, 0.1312754970724383, right(srz246186714618)
neg, 0.1872108373518019, right(srz27409593077)
neg, 0.1312754970724383, right(srz246186713599)
neg, 0.17487980387577814, right(srz193068330)
neg, 0.12788281295511936, right(srz99311015144)
neg, 0.12788281295511936, right(srz8029724384)
neg, 0.1312754970724383, right(srz27409599283)
neg, 0.12788281295511936, right(srz44230447948)
neg, 0.12788281295511936, right(srz27409599441)
neg, 0.1312754970724383, right(srz246186715629)
neg, 0.12788281295511936, right(srz193064002)
neg, 0.14158514118650908, right(srz44248276705)
neg, 0.1312754970724383, right(srz44230446065)
neg, 0.1312754970724383, right(srz44248271501)
neg, 0.1872108373518019, right(srz44248277442)
neg, 0.1284615400382881, right(srz24618675717)
neg, 0.18485684970456687, right(srz96594923260)
neg, 0.12788281295511936, right(srz8029725434)
neg, 0.12788281295511936, right(srz96566177858)
neg, 0.1284615400382881, right(srz27409597190)
neg, 0.12788281295511936, right(srz44230444047)
neg, 0.12788281295511936, right(srz1930611956)
neg, 0.12788281295511936, right(srz44248273496)
neg, 0.1312754970724383, right(srz993110111495)
neg, 0.12788281295511936, right(srz965949211945)
neg, 0.20741489118092746, right(srz274095915310)
neg, 0.20741489118092746, right(srz44230445958)
neg, 0.1312754970724383, right(srz193065663)
neg, 0.12788281295511936, right(srz24618674196)
neg, 0.1872108373518019, right(srz96594929987)
neg, 0.12788281295511936, right(srz24618675341)
neg, 0.1312754970724383, right(srz246186713633)
neg, 0.20741489118092746, right(srz96594929650)
neg, 0.12788281295511936, right(srz44248276318)
neg, 0.12788281295511936, right(srz96594927620)
neg, 0.20741489118092746, right(srz27409594575)
neg, 0.1312754970724383, right(srz44230444895)
neg, 0.12788281295511936, right(srz1930612277)
neg, 0.20741489118092746, right(srz24618673883)
neg, 0.1312754970724383, right(srz993110111629)
neg, 0.20741489118092746, right(srz44230446421)
neg, 0.1312754970724383, right(srz96594929839)
neg, 0.1312754970724383, right(srz193062857)
neg, 0.1312754970724383, right(srz9656617880)
neg, 0.1872108373518019, right(srz965661711191)
neg, 0.12788281295511936, right(srz8029721545)
neg, 0.18511330982967572, right(srz193068688)
neg, 0.12788281295511936, right(srz27409597311)
neg, 0.13284978350377796, right(srz44230442290)
neg, 0.1872108373518019, right(srz44230446266)
neg, 0.12788281295511936, right(srz193061384)
neg, 0.1312754970724383, right(srz99311016346)
neg, 0.18485684970456687, right(srz9931101453)
neg, 0.12788281295511936, right(srz274095916136)
neg, 0.1312754970724383, right(srz27409596026)
neg, 0.1872108373518019, right(srz44248271991)
neg, 0.1312754970724383, right(srz96566174002)
neg, 0.1312754970724383, right(srz99311013683)
neg, 0.12788281295511936, right(srz24618673129)
neg, 0.12788281295511936, right(srz96594929406)
neg, 0.1284615400382881, right(srz96594921290)
neg, 0.20741489118092746, right(srz27409592250)
neg, 0.20741489118092746, right(srz8029729361)
neg, 0.26569465657955116, right(srz27409592831)
neg, 0.1312754970724383, right(srz44230443536)
neg, 0.1872108373518019, right(srz27409595011)
neg, 0.18485684970456687, right(srz96594928822)
neg, 0.1312754970724383, right(srz96566179564)
neg, 0.12788281295511936, right(srz193062149)
neg, 0.12788281295511936, right(srz27409591862)
neg, 0.12788281295511936, right(srz965661715912)
neg, 0.20741489118092746, right(srz99311014433)
neg, 0.1312754970724383, right(srz193061242)
neg, 0.1284615400382881, right(srz44230442582)
neg, 0.20741489118092746, right(srz274095915424)
neg, 0.20741489118092746, right(srz96594922353)
neg, 0.1312754970724383, right(srz96566175499)
neg, 0.1312754970724383, right(srz44248272162)
neg, 0.20741489118092746, right(srz965661714147)
neg, 0.20741489118092746, right(srz44248277517)
neg, 0.1312754970724383, right(srz274095917249)
neg, 0.1312754970724383, right(srz44230444414)
neg, 0.20741489118092746, right(srz2461867322)
neg, 0.12788281295511936, right(srz96566172992)
neg, 0.1312754970724383, right(srz8029729910)
neg, 0.1312754970724383, right(srz193068832)
neg, 0.1312754970724383, right(srz27409598058)
neg, 0.1312754970724383, right(srz99311012164)
neg, 0.12788281295511936, right(srz27409595913)
neg, 0.18485684970456687, right(srz99311012972)
neg, 0.1872108373518019, right(srz993110112154)
neg, 0.18485684970456687, right(srz99311011406)
neg, 0.1312754970724383, right(srz96566172146)
neg, 0.12788281295511936, right(srz96594929474)
neg, 0.12788281295511936, right(srz44248272339)
neg, 0.18485684970456687, right(srz8029728071)
neg, 0.12788281295511936, right(srz24618678972)
neg, 0.1312754970724383, right(srz24618674789)
neg, 0.12788281295511936, right(srz96566176659)
neg, 0.12788281295511936, right(srz965949212752)
neg, 0.20741489118092746, right(srz19306170)
neg, 0.1872108373518019, right(srz44230447761)
neg, 0.1312754970724383, right(srz96566171039)
neg, 0.1872108373518019, right(srz44230447743)
neg, 0.20741489118092746, right(srz99311014555)
neg, 0.1312754970724383, right(srz193068527)
neg, 0.1284615400382881, right(srz96594926576)
neg, 0.20741489118092746, right(srz27409591604)
neg, 0.1284615400382881, right(srz44230445350)
neg, 0.1312754970724383, right(srz44248273848)
neg, 0.1312754970724383, right(srz24618675447)
neg, 0.24364176356732303, right(srz24618678112)
neg, 0.12788281295511936, right(srz24618672453)
neg, 0.12788281295511936, right(srz4424827378)
neg, 0.12788281295511936, right(srz8029721370)
neg, 0.1312754970724383, right(srz44248273023)
neg, 0.12788281295511936, right(srz965949213823)
neg, 0.1284615400382881, right(srz274095912263)
neg, 0.1312754970724383, right(srz274095911888)
neg, 0.12788281295511936, right(srz24618671284)
neg, 0.12788281295511936, right(srz1930610637)
neg, 0.12788281295511936, right(srz8029722890)
neg, 0.26569465657955116, right(srz96566176289)
neg, 0.12788281295511936, right(srz246186713775)
neg, 0.20741489118092746, right(srz99311012430)
neg, 0.12788281295511936, right(srz27409599092)
neg, 0.1312754970724383, right(srz8029723261)
neg, 0.1872108373518019, right(srz8029722328)
neg, 0.20741489118092746, right(srz27409594556)
neg, 0.1312754970724383, right(srz96566171103)
neg, 0.1872108373518019, right(srz965949211089)
neg, 0.20741489118092746, right(srz193065130)
neg, 0.12788281295511936, right(srz274095911701)
neg, 0.20741489118092746, right(srz8029729371)
neg, 0.12788281295511936, right(srz27409591818)
neg, 0.1312754970724383, right(srz96594929799)
neg, 0.12788281295511936, right(srz96566178732)
neg, 0.1312754970724383, right(srz24618678694)
neg, 0.1312754970724383, right(srz96594929862)
neg, 0.14158514118650908, right(srz44248276683)
neg, 0.12788281295511936, right(srz965949212782)
neg, 0.20741489118092746, right(srz993110110709)
neg, 0.12788281295511936, right(srz2740959922)
neg, 0.20741489118092746, right(srz993110110701)
neg, 0.1312754970724383, right(srz4424827120)
neg, 0.12788281295511936, right(srz96566171821)
neg, 0.12788281295511936, right(srz27409599168)
neg, 0.20741489118092746, right(srz27409591935)
neg, 0.26569465657955116, right(srz96566178020)
neg, 0.1872108373518019, right(srz96594929818)
neg, 0.1312754970724383, right(srz96566176832)
neg, 0.1312754970724383, right(srz96566177047)
neg, 0.1312754970724383, right(srz96594927510)
neg, 0.13284978350377796, right(srz8029728972)
neg, 0.1872108373518019, right(srz80297210824)
neg, 0.12788281295511936, right(srz4424827754)
neg, 0.12788281295511936, right(srz965661712015)
neg, 0.18485684970456687, right(srz965661711262)
neg, 0.12788281295511936, right(srz44248273437)
neg, 0.1312754970724383, right(srz44248274891)
neg, 0.1872108373518019, right(srz274095911093)
neg, 0.18485684970456687, right(srz44248278227)
neg, 0.1312754970724383, right(srz965661715408)
neg, 0.1312754970724383, right(srz99311016266)
neg, 0.12788281295511936, right(srz96566173491)
neg, 0.12788281295511936, right(srz8029729125)
neg, 0.12788281295511936, right(srz99311012702)
neg, 0.1312754970724383, right(srz8029728485)
neg, 0.12788281295511936, right(srz4424827682)
neg, 0.17487980387577814, right(srz44230447480)
neg, 0.12788281295511936, right(srz24618679634)
neg, 0.12788281295511936, right(srz4424827349)
neg, 0.1312754970724383, right(srz27409598982)
neg, 0.1284615400382881, right(srz80297210217)
neg, 0.1872108373518019, right(srz44248277421)
neg, 0.12788281295511936, right(srz27409599476)
neg, 0.1312754970724383, right(srz246186714638)
neg, 0.20741489118092746, right(srz96566174792)
neg, 0.18485684970456687, right(srz44230441781)
neg, 0.18485684970456687, right(srz44230444684)
neg, 0.12788281295511936, right(srz1930612229)
neg, 0.1312754970724383, right(srz44230447651)
neg, 0.12788281295511936, right(srz96594922849)
neg, 0.12788281295511936, right(srz246186711880)
neg, 0.12788281295511936, right(srz96594921350)
neg, 0.20741489118092746, right(srz27409591593)
neg, 0.14158514118650908, right(srz193065913)
neg, 0.1312754970724383, right(srz27409596629)
neg, 0.1312754970724383, right(srz8029723061)
neg, 0.1312754970724383, right(srz44248271692)
neg, 0.1312754970724383, right(srz44248273787)
neg, 0.14158514118650908, right(srz193065605)
neg, 0.12788281295511936, right(srz96566171122)
neg, 0.14158514118650908, right(srz8029723668)
neg, 0.12788281295511936, right(srz993110111296)
neg, 0.1312754970724383, right(srz965661712568)
neg, 0.12788281295511936, right(srz96566178807)
neg, 0.1872108373518019, right(srz8029726816)
neg, 0.1284615400382881, right(srz9656617280)
neg, 0.1284615400382881, right(srz274095912308)
neg, 0.12788281295511936, right(srz965949211907)
neg, 0.1312754970724383, right(srz965949213498)
neg, 0.26569465657955116, right(srz8029728114)
neg, 0.18485684970456687, right(srz993110111975)
neg, 0.12788281295511936, right(srz96566176228)
neg, 0.12788281295511936, right(srz96566176174)
neg, 0.1312754970724383, right(srz802972558)
neg, 0.1312754970724383, right(srz8029722585)
neg, 0.1312754970724383, right(srz193068365)
neg, 0.1312754970724383, right(srz8029724761)
neg, 0.1312754970724383, right(srz274095912796)
neg, 0.20741489118092746, right(srz965949212367)
neg, 0.1312754970724383, right(srz802972862)
neg, 0.12788281295511936, right(srz993110111400)
neg, 0.20741489118092746, right(srz27409594635)
neg, 0.17487980387577814, right(srz96594926314)
neg, 0.18485684970456687, right(srz965661712245)
neg, 0.12788281295511936, right(srz4424827608)
neg, 0.12788281295511936, right(srz24618674274)
neg, 0.12788281295511936, right(srz44248272246)
neg, 0.20741489118092746, right(srz44230446331)
neg, 0.1312754970724383, right(srz80297210720)
neg, 0.14158514118650908, right(srz193065976)
neg, 0.12788281295511936, right(srz27409599440)
neg, 0.12788281295511936, right(srz96566175934)
neg, 0.1312754970724383, right(srz24618674468)
neg, 0.12788281295511936, right(srz2461867275)
neg, 0.1312754970724383, right(srz965949213510)
neg, 0.12788281295511936, right(srz965661711725)
neg, 0.1312754970724383, right(srz4424827222)
neg, 0.1312754970724383, right(srz99311012173)
neg, 0.20741489118092746, right(srz24618671583)
neg, 0.1312754970724383, right(srz274095911377)
neg, 0.12788281295511936, right(srz8029721586)
neg, 0.20741489118092746, right(srz24618674568)
neg, 0.1312754970724383, right(srz24618675629)
neg, 0.1312754970724383, right(srz96566174390)
neg, 0.1284615400382881, right(srz27409597233)
neg, 0.1872108373518019, right(srz44230446321)
neg, 0.1312754970724383, right(srz802972663)
neg, 0.1312754970724383, right(srz99311012781)
neg, 0.1312754970724383, right(srz193067302)
neg, 0.12788281295511936, right(srz27409591634)
neg, 0.1312754970724383, right(srz8029729508)
neg, 0.1872108373518019, right(srz193065338)
neg, 0.12788281295511936, right(srz27409591812)
neg, 0.1312754970724383, right(srz99311019229)
neg, 0.20741489118092746, right(srz274095914115)
neg, 0.1312754970724383, right(srz274095916591)
neg, 0.1312754970724383, right(srz8029729610)
neg, 0.1312754970724383, right(srz24618673554)
neg, 0.20741489118092746, right(srz96566176694)
neg, 0.1312754970724383, right(srz8029726703)
neg, 0.1312754970724383, right(srz44230444380)
neg, 0.12788281295511936, right(srz96594922864)
neg, 0.1312754970724383, right(srz27409595948)
neg, 0.1312754970724383, right(srz99311019003)
neg, 0.20741489118092746, right(srz99311011264)
neg, 0.12788281295511936, right(srz246186716039)
neg, 0.12788281295511936, right(srz2740959537)
neg, 0.1312754970724383, right(srz8029728608)
neg, 0.1312754970724383, right(srz965949212313)
neg, 0.1312754970724383, right(srz965661714496)
neg, 0.12788281295511936, right(srz965661713884)
neg, 0.12788281295511936, right(srz193061501)
neg, 0.13284978350377796, right(srz99311013813)
neg, 0.1312754970724383, right(srz965661714655)
neg, 0.14158514118650908, right(srz44248275242)
neg, 0.12788281295511936, right(srz965949213710)
neg, 0.1312754970724383, right(srz193066438)
neg, 0.12788281295511936, right(srz96594928648)
neg, 0.1312754970724383, right(srz99311017777)
neg, 0.12788281295511936, right(srz44230442214)
neg, 0.12788281295511936, right(srz96566178914)
neg, 0.14158514118650908, right(srz99311011433)
neg, 0.12788281295511936, right(srz965661710571)
neg, 0.1312754970724383, right(srz193065574)
neg, 0.26569465657955116, right(srz44248278289)
neg, 0.12788281295511936, right(srz24618671193)
neg, 0.12788281295511936, right(srz96566178964)
neg, 0.15013817616499373, right(srz44248276968)
neg, 0.1872108373518019, right(srz193069306)
neg, 0.12788281295511936, right(srz8029728293)
neg, 0.1872108373518019, right(srz96594922419)
neg, 0.12788281295511936, right(srz965949212686)
neg, 0.1312754970724383, right(srz9656617861)
neg, 0.1312754970724383, right(srz99311017652)
neg, 0.1312754970724383, right(srz274095914331)
neg, 0.1312754970724383, right(srz8029726279)
neg, 0.12788281295511936, right(srz9931101904)
neg, 0.12788281295511936, right(srz246186714822)
neg, 0.1312754970724383, right(srz96594926100)
neg, 0.13284978350377796, right(srz96566173790)
neg, 0.1312754970724383, right(srz24618676589)
neg, 0.18485684970456687, right(srz8029727916)
neg, 0.12788281295511936, right(srz96594923)
neg, 0.12788281295511936, right(srz99311019516)
neg, 0.26569465657955116, right(srz44230446766)
neg, 0.18485684970456687, right(srz8029729462)
neg, 0.1312754970724383, right(srz96594929844)
neg, 0.12788281295511936, right(srz44248278070)
neg, 0.12788281295511936, right(srz44230441815)
neg, 0.1312754970724383, right(srz44230447573)
neg, 0.13284978350377796, right(srz99311019556)
neg, 0.1312754970724383, right(srz8029724721)
neg, 0.12788281295511936, right(srz27409599086)
neg, 0.12788281295511936, right(srz80297210354)
neg, 0.12788281295511936, right(srz96566176094)
neg, 0.12788281295511936, right(srz274095916167)
neg, 0.1312754970724383, right(srz965949211566)
neg, 0.12788281295511936, right(srz965949212357)
neg, 0.12788281295511936, right(srz44230443989)
neg, 0.12788281295511936, right(srz274095917114)
neg, 0.1872108373518019, right(srz8029723359)
neg, 0.1872108373518019, right(srz193064840)
neg, 0.12788281295511936, right(srz965661714044)
neg, 0.1872108373518019, right(srz96566179945)
neg, 0.12788281295511936, right(srz96594922960)
neg, 0.18485684970456687, right(srz993110110203)
neg, 0.1872108373518019, right(srz193068446)
neg, 0.20741489118092746, right(srz99311012425)
neg, 0.18485684970456687, right(srz1930610718)
neg, 0.1312754970724383, right(srz96594921924)
neg, 0.1312754970724383, right(srz193061755)
neg, 0.1312754970724383, right(srz193062862)
neg, 0.1312754970724383, right(srz965661712587)
neg, 0.12788281295511936, right(srz27409599366)
neg, 0.13284978350377796, right(srz8029729297)
neg, 0.20741489118092746, right(srz44230447389)
neg, 0.17487980387577814, right(srz27409593357)
neg, 0.1284615400382881, right(srz24618675714)
neg, 0.18511330982967572, right(srz193065184)
neg, 0.1284615400382881, right(srz193068974)
neg, 0.1872108373518019, right(srz965949213052)
neg, 0.12788281295511936, right(srz96594924189)
neg, 0.1312754970724383, right(srz965661712986)
neg, 0.12788281295511936, right(srz96594926678)
neg, 0.20741489118092746, right(srz44248275650)
neg, 0.12788281295511936, right(srz24618674263)
neg, 0.18485684970456687, right(srz8029724989)
neg, 0.1312754970724383, right(srz274095917265)
neg, 0.1872108373518019, right(srz44248271018)
neg, 0.12788281295511936, right(srz44230446876)
neg, 0.12788281295511936, right(srz99311013288)
neg, 0.1872108373518019, right(srz27409599798)
neg, 0.12788281295511936, right(srz193069191)
neg, 0.20741489118092746, right(srz27409592896)
neg, 0.20741489118092746, right(srz8029728461)
neg, 0.20741489118092746, right(srz27409591726)
neg, 0.17487980387577814, right(srz99311015999)
neg, 0.12788281295511936, right(srz24618671174)
neg, 0.1312754970724383, right(srz965661713447)
neg, 0.1312754970724383, right(srz96594921516)
neg, 0.12788281295511936, right(srz96594922800)
neg, 0.18485684970456687, right(srz8029725110)
neg, 0.12788281295511936, right(srz96566177794)
neg, 0.20741489118092746, right(srz99311018322)
neg, 0.1312754970724383, right(srz8029726307)
neg, 0.1312754970724383, right(srz99311019944)
neg, 0.12788281295511936, right(srz96594923849)
neg, 0.17487980387577814, right(srz965661712253)
neg, 0.13284978350377796, right(srz44248274799)
neg, 0.1312754970724383, right(srz44230444394)
neg, 0.12788281295511936, right(srz96594929212)
neg, 0.2252026121146009, right(srz96594925789)
neg, 0.1312754970724383, right(srz246186716894)
neg, 0.1312754970724383, right(srz193065448)
neg, 0.1284615400382881, right(srz965661710427)
neg, 0.1284615400382881, right(srz24618675790)
neg, 0.1312754970724383, right(srz96594924666)
neg, 0.12788281295511936, right(srz274095911740)
neg, 0.1312754970724383, right(srz99311014070)
neg, 0.12788281295511936, right(srz246186713339)
neg, 0.1284615400382881, right(srz246186710578)
neg, 0.1312754970724383, right(srz965949213123)
neg, 0.24939322129195243, right(srz9931101492)
neg, 0.20741489118092746, right(srz274095917009)
neg, 0.12788281295511936, right(srz193069478)
neg, 0.17487980387577814, right(srz193069574)
neg, 0.1284615400382881, right(srz44230442441)
neg, 0.20741489118092746, right(srz1930610789)
neg, 0.1872108373518019, right(srz274095911608)
neg, 0.1872108373518019, right(srz8029724884)
neg, 0.12788281295511936, right(srz96594929273)
neg, 0.12788281295511936, right(srz96566175045)
neg, 0.1312754970724383, right(srz96594928210)
neg, 0.12788281295511936, right(srz24618672258)
neg, 0.13284978350377796, right(srz4424827437)
neg, 0.1312754970724383, right(srz44248277146)
neg, 0.12788281295511936, right(srz44248271662)
neg, 0.1312754970724383, right(srz193068196)
neg, 0.1312754970724383, right(srz246186711288)
neg, 0.20741489118092746, right(srz24618673884)
neg, 0.12788281295511936, right(srz96594923922)
neg, 0.1312754970724383, right(srz44248271688)
neg, 0.1872108373518019, right(srz274095911095)
neg, 0.12788281295511936, right(srz96594924051)
neg, 0.1312754970724383, right(srz44248276516)
neg, 0.1284615400382881, right(srz96594925249)
neg, 0.26569465657955116, right(srz44248276422)
neg, 0.20741489118092746, right(srz965949214021)
neg, 0.1312754970724383, right(srz99311014054)
neg, 0.1312754970724383, right(srz246186713391)
neg, 0.1312754970724383, right(srz24618676705)
neg, 0.1312754970724383, right(srz965661712851)
neg, 0.12788281295511936, right(srz8029722772)
neg, 0.1312754970724383, right(srz27409596642)
neg, 0.12788281295511936, right(srz4423044851)
neg, 0.1312754970724383, right(srz44248272122)
neg, 0.13284978350377796, right(srz8029724457)
neg, 0.12788281295511936, right(srz193063748)
neg, 0.1284615400382881, right(srz193063515)
neg, 0.1312754970724383, right(srz274095910466)
neg, 0.12788281295511936, right(srz2461867234)
neg, 0.1312754970724383, right(srz965661712474)
neg, 0.12788281295511936, right(srz96566172900)
neg, 0.12788281295511936, right(srz965949210039)
neg, 0.1312754970724383, right(srz274095913280)
neg, 0.1872108373518019, right(srz44230446172)
neg, 0.12788281295511936, right(srz96594926738)
neg, 0.1312754970724383, right(srz246186715159)
neg, 0.12788281295511936, right(srz19306353)
neg, 0.1312754970724383, right(srz24618678056)
neg, 0.1312754970724383, right(srz44230443622)
neg, 0.1284615400382881, right(srz274095912146)
neg, 0.12788281295511936, right(srz99311014835)
neg, 0.1312754970724383, right(srz193062860)
neg, 0.12788281295511936, right(srz96594928649)
neg, 0.12788281295511936, right(srz8029721412)
neg, 0.18511330982967572, right(srz8029722009)
neg, 0.20741489118092746, right(srz965949212163)
neg, 0.20741489118092746, right(srz27409597913)
neg, 0.1312754970724383, right(srz246186712685)
neg, 0.1872108373518019, right(srz193063465)
neg, 0.12788281295511936, right(srz965661714212)
neg, 0.1312754970724383, right(srz4424827271)
neg, 0.12788281295511936, right(srz24618671033)
neg, 0.26569465657955116, right(srz44248274845)
neg, 0.1312754970724383, right(srz44248274977)
neg, 0.20741489118092746, right(srz96566174852)
neg, 0.12788281295511936, right(srz965661711752)
neg, 0.1312754970724383, right(srz99311018961)
neg, 0.18485684970456687, right(srz993110111787)
neg, 0.1284615400382881, right(srz80297210134)
neg, 0.13284978350377796, right(srz193064980)
neg, 0.1312754970724383, right(srz1930612056)
neg, 0.1312754970724383, right(srz27409595588)
neg, 0.1872108373518019, right(srz8029726557)
neg, 0.1312754970724383, right(srz96594925045)
neg, 0.18485684970456687, right(srz44230447287)
neg, 0.1312754970724383, right(srz246186713955)
neg, 0.12788281295511936, right(srz96566172250)
neg, 0.12788281295511936, right(srz9656617676)
neg, 0.13284978350377796, right(srz193065004)
neg, 0.20741489118092746, right(srz44230441300)
neg, 0.1312754970724383, right(srz8029724631)
neg, 0.1312754970724383, right(srz193064172)
neg, 0.1872108373518019, right(srz96594929915)
neg, 0.1284615400382881, right(srz96594926525)
neg, 0.20741489118092746, right(srz8029726787)
neg, 0.18485684970456687, right(srz44230441929)
neg, 0.1312754970724383, right(srz44230444770)
neg, 0.1312754970724383, right(srz24618678871)
neg, 0.14158514118650908, right(srz44248275074)
neg, 0.1872108373518019, right(srz27409598658)
neg, 0.12788281295511936, right(srz1930612290)
neg, 0.12788281295511936, right(srz96594927092)
neg, 0.1312754970724383, right(srz96594927275)
neg, 0.12788281295511936, right(srz44248277674)
neg, 0.1312754970724383, right(srz99311011891)
neg, 0.1312754970724383, right(srz193067608)
neg, 0.17487980387577814, right(srz44248276471)
neg, 0.1312754970724383, right(srz24618674977)
neg, 0.12788281295511936, right(srz96594921460)
neg, 0.12788281295511936, right(srz246186716319)
neg, 0.1312754970724383, right(srz193062591)
neg, 0.1872108373518019, right(srz246186713217)
neg, 0.20741489118092746, right(srz246186711484)
neg, 0.1312754970724383, right(srz965949213558)
neg, 0.1872108373518019, right(srz96566176547)
neg, 0.12788281295511936, right(srz99311015137)
neg, 0.1312754970724383, right(srz96566174400)
neg, 0.18511330982967572, right(srz19306854)
neg, 0.12788281295511936, right(srz96594929453)
neg, 0.18485684970456687, right(srz44248278250)
neg, 0.1872108373518019, right(srz44230441541)
neg, 0.20741489118092746, right(srz965661712680)
neg, 0.1312754970724383, right(srz24618678610)
neg, 0.12788281295511936, right(srz96566172972)
neg, 0.18485684970456687, right(srz99311016137)
neg, 0.1312754970724383, right(srz27409599963)
neg, 0.18485684970456687, right(srz8029728049)
neg, 0.1872108373518019, right(srz99311014216)
neg, 0.17487980387577814, right(srz96566177755)
neg, 0.12788281295511936, right(srz19306955)
neg, 0.1312754970724383, right(srz96566171990)
neg, 0.17487980387577814, right(srz9931101555)
neg, 0.12788281295511936, right(srz27409597410)
neg, 0.14158514118650908, right(srz193065951)
neg, 0.12788281295511936, right(srz96566177887)
neg, 0.12788281295511936, right(srz96594921423)
neg, 0.12788281295511936, right(srz96594921557)
neg, 0.12788281295511936, right(srz99311013291)
neg, 0.12788281295511936, right(srz44230441154)
neg, 0.1284615400382881, right(srz44230442583)
neg, 0.1312754970724383, right(srz99311017355)
neg, 0.13284978350377796, right(srz8029728915)
neg, 0.1872108373518019, right(srz8029728154)
neg, 0.12788281295511936, right(srz27409599060)
neg, 0.12788281295511936, right(srz246186714979)
neg, 0.14158514118650908, right(srz9931101484)
neg, 0.1284615400382881, right(srz44230445323)
neg, 0.1872108373518019, right(srz44248273874)
neg, 0.12788281295511936, right(srz8029727535)
neg, 0.1312754970724383, right(srz96566177994)
neg, 0.1872108373518019, right(srz44230445891)
neg, 0.1872108373518019, right(srz99311019340)
neg, 0.20741489118092746, right(srz274095912591)
neg, 0.1312754970724383, right(srz96594925895)
neg, 0.12788281295511936, right(srz8029721627)
neg, 0.12788281295511936, right(srz965661716014)
neg, 0.1872108373518019, right(srz27409593086)
neg, 0.1284615400382881, right(srz80297210181)
neg, 0.12788281295511936, right(srz8029727619)
neg, 0.18485684970456687, right(srz993110111822)
neg, 0.12788281295511936, right(srz193069281)
neg, 0.20741489118092746, right(srz24618679601)
neg, 0.1312754970724383, right(srz96594928016)
neg, 0.18485684970456687, right(srz993110110213)
neg, 0.12788281295511936, right(srz44230446549)
neg, 0.20741489118092746, right(srz96594927795)
neg, 0.1312754970724383, right(srz44230444435)
neg, 0.18485684970456687, right(srz193065404)
neg, 0.1872108373518019, right(srz24618679877)
neg, 0.12788281295511936, right(srz9931101821)
neg, 0.1312754970724383, right(srz965661712373)
neg, 0.12788281295511936, right(srz19306892)
neg, 0.1312754970724383, right(srz8029729543)
neg, 0.12788281295511936, right(srz8029725823)
neg, 0.12788281295511936, right(srz246186713295)
neg, 0.26569465657955116, right(srz44248278281)
neg, 0.12788281295511936, right(srz274095915344)
neg, 0.2252026121146009, right(srz24618675583)
neg, 0.1312754970724383, right(srz9659492168)
neg, 0.1872108373518019, right(srz8029723361)
neg, 0.1312754970724383, right(srz274095913275)
neg, 0.12788281295511936, right(srz24618679348)
neg, 0.1312754970724383, right(srz274095916474)
neg, 0.12788281295511936, right(srz44248275758)
neg, 0.2252026121146009, right(srz44230446509)
neg, 0.1312754970724383, right(srz993110110413)
neg, 0.12788281295511936, right(srz24618671076)
neg, 0.1312754970724383, right(srz99311014541)
neg, 0.20741489118092746, right(srz965949212555)
neg, 0.18511330982967572, right(srz96566175434)
neg, 0.12788281295511936, right(srz24618671093)
neg, 0.1312754970724383, right(srz96594922503)
neg, 0.1312754970724383, right(srz965661713605)
neg, 0.1312754970724383, right(srz96594925764)
neg, 0.17487980387577814, right(srz44248271396)
neg, 0.1872108373518019, right(srz19306741)
neg, 0.12788281295511936, right(srz96566179017)
neg, 0.1312754970724383, right(srz96594924667)
neg, 0.1312754970724383, right(srz96566179739)
neg, 0.1872108373518019, right(srz8029722464)
neg, 0.1312754970724383, right(srz8029721720)
neg, 0.1312754970724383, right(srz965949214195)
neg, 0.12788281295511936, right(srz27409596479)
neg, 0.12788281295511936, right(srz993110111867)
neg, 0.12788281295511936, right(srz246186714259)
neg, 0.1312754970724383, right(srz965949211220)
neg, 0.12788281295511936, right(srz44230444215)
neg, 0.2252026121146009, right(srz4423044167)
neg, 0.17487980387577814, right(srz8029729034)
neg, 0.20741489118092746, right(srz80297258)
neg, 0.1284615400382881, right(srz96594921246)
neg, 0.1312754970724383, right(srz274095915684)
neg, 0.12788281295511936, right(srz24618671178)
neg, 0.13284978350377796, right(srz44248274407)
neg, 0.2252026121146009, right(srz24618671865)
neg, 0.18485684970456687, right(srz9656617817)
neg, 0.12788281295511936, right(srz1930612265)
neg, 0.20741489118092746, right(srz193065705)
neg, 0.1312754970724383, right(srz193069627)
neg, 0.12788281295511936, right(srz24618674191)
neg, 0.1312754970724383, right(srz96566174438)
neg, 0.13284978350377796, right(srz8029728937)
neg, 0.1312754970724383, right(srz44230443153)
neg, 0.12788281295511936, right(srz44230445607)
neg, 0.1312754970724383, right(srz99311014274)
neg, 0.12788281295511936, right(srz96594923775)
neg, 0.1312754970724383, right(srz965661714479)
neg, 0.1284615400382881, right(srz965661710379)
neg, 0.12788281295511936, right(srz965661713848)
neg, 0.20741489118092746, right(srz27409594626)
neg, 0.1312754970724383, right(srz8029722967)
neg, 0.18485684970456687, right(srz965661776)
neg, 0.12788281295511936, right(srz2740959687)
neg, 0.12788281295511936, right(srz246186711332)
neg, 0.12788281295511936, right(srz965949211923)
neg, 0.1312754970724383, right(srz274095914346)
neg, 0.12788281295511936, right(srz274095912997)
neg, 0.1312754970724383, right(srz246186714172)
neg, 0.1312754970724383, right(srz274095916277)
neg, 0.1312754970724383, right(srz246186713990)
neg, 0.12788281295511936, right(srz9931101870)
neg, 0.1312754970724383, right(srz246186713470)
neg, 0.20741489118092746, right(srz24618676307)
neg, 0.12788281295511936, right(srz24618671640)
neg, 0.20741489118092746, right(srz99311011368)
neg, 0.12788281295511936, right(srz99311016782)
neg, 0.14158514118650908, right(srz8029727499)
neg, 0.20741489118092746, right(srz274095910123)
neg, 0.12788281295511936, right(srz96594924185)
neg, 0.13284978350377796, right(srz99311013050)
neg, 0.1312754970724383, right(srz96566176896)
neg, 0.1312754970724383, right(srz8029728473)
neg, 0.1312754970724383, right(srz44248272064)
neg, 0.18485684970456687, right(srz96566174563)
neg, 0.20741489118092746, right(srz24618673075)
neg, 0.1872108373518019, right(srz24618677847)
neg, 0.12788281295511936, right(srz27409597302)
neg, 0.1312754970724383, right(srz96566178532)
neg, 0.1872108373518019, right(srz24618678799)
neg, 0.1312754970724383, right(srz274095916347)
neg, 0.1872108373518019, right(srz96594926193)
neg, 0.12788281295511936, right(srz2461867501)
neg, 0.1312754970724383, right(srz8029725276)
neg, 0.12788281295511936, right(srz44248273283)
neg, 0.24364176356732303, right(srz965661715287)
neg, 0.12788281295511936, right(srz193069404)
neg, 0.1872108373518019, right(srz24618675693)
neg, 0.12788281295511936, right(srz274095915926)
neg, 0.1312754970724383, right(srz44248277395)
neg, 0.12788281295511936, right(srz27409591407)
neg, 0.1312754970724383, right(srz44230444544)
neg, 0.1312754970724383, right(srz27409595988)
neg, 0.12788281295511936, right(srz2461867663)
neg, 0.1284615400382881, right(srz96594926542)
neg, 0.18485684970456687, right(srz965949213332)
neg, 0.1312754970724383, right(srz802972933)
neg, 0.1312754970724383, right(srz965949212575)
neg, 0.13284978350377796, right(srz4424827474)
neg, 0.17487980387577814, right(srz246186716601)
neg, 0.14158514118650908, right(srz193065897)
neg, 0.1872108373518019, right(srz193064846)
neg, 0.12788281295511936, right(srz99311016482)
neg, 0.13284978350377796, right(srz193066897)
neg, 0.1312754970724383, right(srz965949213554)
neg, 0.12788281295511936, right(srz27409599639)
neg, 0.12788281295511936, right(srz19306930)
neg, 0.1312754970724383, right(srz27409597869)
neg, 0.12788281295511936, right(srz8029721354)
neg, 0.18485684970456687, right(srz96566173515)
neg, 0.1872108373518019, right(srz193069757)
neg, 0.13284978350377796, right(srz44230443768)
neg, 0.1312754970724383, right(srz96566177589)
neg, 0.12788281295511936, right(srz1930611846)
neg, 0.12788281295511936, right(srz193069545)
neg, 0.18485684970456687, right(srz802972182)
neg, 0.12788281295511936, right(srz96566175986)
neg, 0.13284978350377796, right(srz8029729291)
neg, 0.14158514118650908, right(srz44248276666)
neg, 0.20741489118092746, right(srz24618678215)
neg, 0.20741489118092746, right(srz44230447208)
neg, 0.12788281295511936, right(srz965661711800)
neg, 0.1872108373518019, right(srz8029728124)
neg, 0.18511330982967572, right(srz193069311)
neg, 0.1872108373518019, right(srz96594921656)
neg, 0.20741489118092746, right(srz19306707)
neg, 0.1312754970724383, right(srz44230444876)
neg, 0.12788281295511936, right(srz96594923374)
neg, 0.12788281295511936, right(srz4423044834)
neg, 0.18485684970456687, right(srz193068082)
neg, 0.12788281295511936, right(srz274095912337)
neg, 0.1312754970724383, right(srz8029724704)
neg, 0.13284978350377796, right(srz193065009)
neg, 0.18485684970456687, right(srz9659492462)
neg, 0.1872108373518019, right(srz965661713594)
neg, 0.17487980387577814, right(srz44248271939)
neg, 0.12788281295511936, right(srz80297210347)
neg, 0.1312754970724383, right(srz965949210569)
neg, 0.20741489118092746, right(srz24618674501)
neg, 0.1312754970724383, right(srz24618679942)
neg, 0.12788281295511936, right(srz44230442781)
neg, 0.20741489118092746, right(srz965661710048)
neg, 0.18485684970456687, right(srz44230441786)
neg, 0.12788281295511936, right(srz44230446576)
neg, 0.1312754970724383, right(srz96594925991)
neg, 0.12788281295511936, right(srz24618678005)
neg, 0.1872108373518019, right(srz965661711324)
neg, 0.1312754970724383, right(srz8029728475)
neg, 0.13284978350377796, right(srz96594928760)
neg, 0.1312754970724383, right(srz8029722062)
neg, 0.1284615400382881, right(srz99311018580)
neg, 0.12788281295511936, right(srz27409593102)
neg, 0.1312754970724383, right(srz27409595390)
neg, 0.1312754970724383, right(srz24618676618)
neg, 0.1312754970724383, right(srz9659492166)
neg, 0.12788281295511936, right(srz44248276308)
neg, 0.1872108373518019, right(srz19306261)
neg, 0.1312754970724383, right(srz9659492848)
neg, 0.12788281295511936, right(srz274095914832)
neg, 0.1312754970724383, right(srz9656617966)
neg, 0.12788281295511936, right(srz19306964)
neg, 0.1312754970724383, right(srz27409597877)
neg, 0.1312754970724383, right(srz96594922628)
neg, 0.17487980387577814, right(srz193064721)
neg, 0.13284978350377796, right(srz8029729206)
neg, 0.12788281295511936, right(srz99311015023)
neg, 0.12788281295511936, right(srz27409593994)
neg, 0.12788281295511936, right(srz99311014731)
neg, 0.12788281295511936, right(srz246186717094)
neg, 0.1312754970724383, right(srz274095913966)
neg, 0.12788281295511936, right(srz8029726641)
neg, 0.1312754970724383, right(srz99311013607)
neg, 0.1312754970724383, right(srz4424827111)
neg, 0.20741489118092746, right(srz96594929564)
neg, 0.1312754970724383, right(srz44248276173)
neg, 0.14158514118650908, right(srz274095911796)
neg, 0.17487980387577814, right(srz965949210005)
neg, 0.12788281295511936, right(srz1930612190)
neg, 0.1312754970724383, right(srz965661714631)
neg, 0.14158514118650908, right(srz965949210762)
neg, 0.1312754970724383, right(srz44248278212)
neg, 0.1312754970724383, right(srz44230441216)
neg, 0.26978824010658575, right(srz96566173828)
neg, 0.1312754970724383, right(srz193067447)
neg, 0.12788281295511936, right(srz44248275802)
neg, 0.1312754970724383, right(srz24618673170)
neg, 0.1312754970724383, right(srz96566178148)
neg, 0.1312754970724383, right(srz246186715095)
neg, 0.12788281295511936, right(srz24618673920)
neg, 0.1312754970724383, right(srz193067199)
neg, 0.17487980387577814, right(srz99311019066)
neg, 0.1284615400382881, right(srz193063503)
neg, 0.12788281295511936, right(srz1930611824)
neg, 0.12788281295511936, right(srz274095914815)
neg, 0.17487980387577814, right(srz274095915587)
neg, 0.13284978350377796, right(srz965661714363)
neg, 0.12788281295511936, right(srz96566172246)
neg, 0.12788281295511936, right(srz24618673820)
neg, 0.1312754970724383, right(srz24618677244)
neg, 0.1312754970724383, right(srz8029725856)
neg, 0.1284615400382881, right(srz96566171432)
neg, 0.12788281295511936, right(srz27409591111)
neg, 0.20741489118092746, right(srz193065)
neg, 0.12788281295511936, right(srz96566179659)
neg, 0.12788281295511936, right(srz965661711634)
neg, 0.1872108373518019, right(srz193069302)
neg, 0.12788281295511936, right(srz24618672494)
neg, 0.1312754970724383, right(srz274095916586)
neg, 0.12788281295511936, right(srz44230445512)
neg, 0.1872108373518019, right(srz44230441292)
neg, 0.12788281295511936, right(srz96594926709)
neg, 0.12788281295511936, right(srz24618671612)
neg, 0.12788281295511936, right(srz27409591055)
neg, 0.1312754970724383, right(srz8029729986)
neg, 0.12788281295511936, right(srz24618671362)
neg, 0.1312754970724383, right(srz8029729502)
neg, 0.20741489118092746, right(srz9931101352)
neg, 0.12788281295511936, right(srz274095916220)
neg, 0.12788281295511936, right(srz27409599012)
neg, 0.12788281295511936, right(srz193066737)
neg, 0.20741489118092746, right(srz27409593527)
neg, 0.20741489118092746, right(srz44248272011)
neg, 0.1312754970724383, right(srz274095913964)
neg, 0.1312754970724383, right(srz193061240)
neg, 0.12788281295511936, right(srz24618672804)
neg, 0.1312754970724383, right(srz44248272146)
neg, 0.12788281295511936, right(srz96566171671)
neg, 0.20741489118092746, right(srz96566178470)
neg, 0.18485684970456687, right(srz99311012758)
neg, 0.20741489118092746, right(srz24618678494)
neg, 0.12788281295511936, right(srz96566177918)
neg, 0.12788281295511936, right(srz27409592563)
neg, 0.12788281295511936, right(srz24618673100)
neg, 0.20741489118092746, right(srz8029723510)
neg, 0.12788281295511936, right(srz99311017307)
neg, 0.12788281295511936, right(srz96594924516)
neg, 0.20741489118092746, right(srz27409591004)
neg, 0.26569465657955116, right(srz44230446448)
neg, 0.1872108373518019, right(srz274095916459)
neg, 0.20741489118092746, right(srz274095916757)
neg, 0.12788281295511936, right(srz1930611804)
neg, 0.20741489118092746, right(srz8029723333)
neg, 0.12788281295511936, right(srz96594923915)
neg, 0.1872108373518019, right(srz193066616)
neg, 0.12788281295511936, right(srz965949211003)
neg, 0.14158514118650908, right(srz8029723609)
neg, 0.18485684970456687, right(srz96566174554)
neg, 0.2252026121146009, right(srz246186715809)
neg, 0.12788281295511936, right(srz965949211840)
neg, 0.1872108373518019, right(srz9659492959)
neg, 0.20741489118092746, right(srz24618676391)
neg, 0.12788281295511936, right(srz96566172979)
neg, 0.1312754970724383, right(srz246186714434)
neg, 0.12788281295511936, right(srz44230443368)
neg, 0.14158514118650908, right(srz965949210742)
neg, 0.12788281295511936, right(srz96594924504)
neg, 0.1872108373518019, right(srz274095913522)
neg, 0.12788281295511936, right(srz965949211832)
neg, 0.1872108373518019, right(srz8029725364)
neg, 0.12788281295511936, right(srz8029725417)
neg, 0.12788281295511936, right(srz24618671385)
neg, 0.12788281295511936, right(srz1930611919)
neg, 0.20741489118092746, right(srz96594927821)
neg, 0.20741489118092746, right(srz27409591597)
neg, 0.1872108373518019, right(srz193068427)
neg, 0.12788281295511936, right(srz965949211833)
neg, 0.1312754970724383, right(srz99311017718)
neg, 0.18485684970456687, right(srz96594927748)
neg, 0.1312754970724383, right(srz96566177415)
neg, 0.12788281295511936, right(srz965661713261)
neg, 0.2252026121146009, right(srz96594928261)
neg, 0.1312754970724383, right(srz44230446060)
neg, 0.1872108373518019, right(srz8029724865)
neg, 0.12788281295511936, right(srz193061631)
neg, 0.1872108373518019, right(srz44230442075)
neg, 0.1312754970724383, right(srz193062887)
neg, 0.1312754970724383, right(srz96566175095)
neg, 0.1312754970724383, right(srz993110111017)
neg, 0.1312754970724383, right(srz99311012333)
neg, 0.15013817616499373, right(srz44248278193)
neg, 0.1312754970724383, right(srz274095914080)
neg, 0.1312754970724383, right(srz802972661)
neg, 0.20741489118092746, right(srz8029728419)
neg, 0.12788281295511936, right(srz44248276999)
neg, 0.12788281295511936, right(srz193063710)
neg, 0.12788281295511936, right(srz44248276840)
neg, 0.1312754970724383, right(srz965949210149)
neg, 0.1872108373518019, right(srz96566176555)
neg, 0.18485684970456687, right(srz27409593671)
neg, 0.18511330982967572, right(srz96566173466)
neg, 0.1312754970724383, right(srz193062200)
neg, 0.1872108373518019, right(srz9931101301)
neg, 0.12788281295511936, right(srz27409596362)
neg, 0.12788281295511936, right(srz193061657)
neg, 0.12788281295511936, right(srz2461867625)
neg, 0.20741489118092746, right(srz965661715614)
neg, 0.1312754970724383, right(srz8029725209)
neg, 0.14158514118650908, right(srz8029727423)
neg, 0.1284615400382881, right(srz27409595796)
neg, 0.1312754970724383, right(srz802972527)
neg, 0.17487980387577814, right(srz96566177688)
neg, 0.20741489118092746, right(srz27409594568)
neg, 0.1284615400382881, right(srz96594926562)
neg, 0.18485684970456687, right(srz1930610037)
neg, 0.12788281295511936, right(srz80297210351)
neg, 0.1872108373518019, right(srz44230447824)
neg, 0.12788281295511936, right(srz9931101166)
neg, 0.1312754970724383, right(srz4424827231)
neg, 0.1312754970724383, right(srz8029726927)
neg, 0.20741489118092746, right(srz44248278174)
neg, 0.12788281295511936, right(srz274095911270)
neg, 0.20741489118092746, right(srz965949212996)
neg, 0.12788281295511936, right(srz27409598438)
neg, 0.26569465657955116, right(srz99311013947)
neg, 0.1872108373518019, right(srz193062994)
neg, 0.1872108373518019, right(srz99311015447)
neg, 0.12788281295511936, right(srz1930610508)
neg, 0.1312754970724383, right(srz274095910961)
neg, 0.1284615400382881, right(srz44230445475)
neg, 0.1312754970724383, right(srz96594922070)
neg, 0.1284615400382881, right(srz96594925238)
neg, 0.20741489118092746, right(srz4424827999)
neg, 0.20741489118092746, right(srz27409593256)
neg, 0.20741489118092746, right(srz96566178451)
neg, 0.12788281295511936, right(srz27409599005)
neg, 0.1312754970724383, right(srz8029729509)
neg, 0.17487980387577814, right(srz193064118)
neg, 0.13284978350377796, right(srz96566173770)
neg, 0.1312754970724383, right(srz44248273032)
neg, 0.20741489118092746, right(srz96594925102)
neg, 0.12788281295511936, right(srz246186712050)
neg, 0.12788281295511936, right(srz44230445592)
neg, 0.12788281295511936, right(srz274095914726)
neg, 0.20741489118092746, right(srz8029722243)
neg, 0.12788281295511936, right(srz44230441132)
neg, 0.1284615400382881, right(srz96566171439)
neg, 0.20741489118092746, right(srz274095913158)
neg, 0.12788281295511936, right(srz27409597324)
neg, 0.12788281295511936, right(srz99311016570)
neg, 0.12788281295511936, right(srz993110111438)
neg, 0.12788281295511936, right(srz193069120)
neg, 0.2252026121146009, right(srz193066158)
neg, 0.1284615400382881, right(srz1930610358)
neg, 0.12788281295511936, right(srz965949211980)
neg, 0.14158514118650908, right(srz96566179297)
neg, 0.1284615400382881, right(srz44230442536)
neg, 0.20741489118092746, right(srz274095915447)
neg, 0.20741489118092746, right(srz8029723374)
neg, 0.14158514118650908, right(srz44248275136)
neg, 0.1284615400382881, right(srz27409597135)
neg, 0.1872108373518019, right(srz96566179936)
neg, 0.1312754970724383, right(srz246186712466)
neg, 0.1312754970724383, right(srz965661710907)
neg, 0.12788281295511936, right(srz96594922749)
neg, 0.1312754970724383, right(srz24618679487)
neg, 0.12788281295511936, right(srz24618674177)
neg, 0.26569465657955116, right(srz8029724254)
neg, 0.1312754970724383, right(srz246186710132)
neg, 0.12788281295511936, right(srz8029725907)
neg, 0.1872108373518019, right(srz8029725087)
neg, 0.1312754970724383, right(srz8029726334)
neg, 0.12788281295511936, right(srz44230444012)
neg, 0.1312754970724383, right(srz802972120)
neg, 0.1312754970724383, right(srz8029728593)
neg, 0.1312754970724383, right(srz44248277052)
neg, 0.1284615400382881, right(srz44230442596)
neg, 0.13284978350377796, right(srz24618672338)
neg, 0.1872108373518019, right(srz44230441371)
neg, 0.1312754970724383, right(srz193061961)
neg, 0.1284615400382881, right(srz80297210236)
neg, 0.17487980387577814, right(srz993110110106)
neg, 0.12788281295511936, right(srz24618671299)
neg, 0.1312754970724383, right(srz99311019140)
neg, 0.13284978350377796, right(srz99311013795)
neg, 0.13284978350377796, right(srz19306426)
neg, 0.1284615400382881, right(srz96594921274)
neg, 0.1312754970724383, right(srz193061745)
neg, 0.12788281295511936, right(srz274095910031)
neg, 0.1312754970724383, right(srz193066428)
neg, 0.20741489118092746, right(srz2740959870)
neg, 0.12788281295511936, right(srz193069498)
neg, 0.12788281295511936, right(srz44248277754)
neg, 0.1312754970724383, right(srz96566172513)
neg, 0.18511330982967572, right(srz44248272572)
neg, 0.18511330982967572, right(srz99311016319)
neg, 0.1312754970724383, right(srz96566174088)
neg, 0.20741489118092746, right(srz965661711435)
neg, 0.14158514118650908, right(srz193067742)
neg, 0.1284615400382881, right(srz27409595743)
neg, 0.1284615400382881, right(srz24618679210)
neg, 0.12788281295511936, right(srz96566177848)
neg, 0.12788281295511936, right(srz44248273340)
neg, 0.1312754970724383, right(srz965661713613)
neg, 0.12788281295511936, right(srz44248274605)
neg, 0.12788281295511936, right(srz24618676223)
neg, 0.26569465657955116, right(srz44248278287)
neg, 0.20741489118092746, right(srz274095915438)
neg, 0.1312754970724383, right(srz44248271744)
neg, 0.20741489118092746, right(srz8029725068)
neg, 0.2252026121146009, right(srz965661715036)
neg, 0.12788281295511936, right(srz27409599572)
neg, 0.12788281295511936, right(srz965661713300)
neg, 0.17487980387577814, right(srz27409593403)
neg, 0.1872108373518019, right(srz24618675654)
neg, 0.1312754970724383, right(srz965661715460)
neg, 0.12788281295511936, right(srz96594925397)
neg, 0.1312754970724383, right(srz8029728009)
neg, 0.1312754970724383, right(srz24618674612)
neg, 0.1872108373518019, right(srz965661711291)
neg, 0.1312754970724383, right(srz96566177124)
neg, 0.1312754970724383, right(srz99311012071)
neg, 0.20741489118092746, right(srz96566178527)
neg, 0.1312754970724383, right(srz246186716806)
neg, 0.12788281295511936, right(srz27409596466)
neg, 0.12788281295511936, right(srz96566178919)
neg, 0.20741489118092746, right(srz1930610959)
neg, 0.12788281295511936, right(srz8029725762)
neg, 0.1312754970724383, right(srz99311012717)
neg, 0.12788281295511936, right(srz96566173030)
neg, 0.12788281295511936, right(srz2740959238)
neg, 0.1312754970724383, right(srz8029723263)
neg, 0.12788281295511936, right(srz193062623)
neg, 0.1312754970724383, right(srz27409599309)
neg, 0.1312754970724383, right(srz8029726745)
neg, 0.12788281295511936, right(srz27409597683)
neg, 0.12788281295511936, right(srz193061398)
neg, 0.12788281295511936, right(srz80297210336)
neg, 0.12788281295511936, right(srz80297210369)
neg, 0.1872108373518019, right(srz802972886)
neg, 0.12788281295511936, right(srz1930611945)
neg, 0.1284615400382881, right(srz24618679324)
neg, 0.1312754970724383, right(srz1930612104)
neg, 0.1312754970724383, right(srz96594925903)
neg, 0.1872108373518019, right(srz993110111653)
neg, 0.12788281295511936, right(srz27409592620)
neg, 0.12788281295511936, right(srz27409592689)
neg, 0.1872108373518019, right(srz8029729700)
neg, 0.1312754970724383, right(srz8029727255)
neg, 0.1284615400382881, right(srz965661710502)
neg, 0.12788281295511936, right(srz8029722638)
neg, 0.1312754970724383, right(srz965661711033)
neg, 0.12788281295511936, right(srz96594927598)
neg, 0.1312754970724383, right(srz8029725402)
neg, 0.26569465657955116, right(srz44248274849)
neg, 0.18485684970456687, right(srz193065399)
neg, 0.1872108373518019, right(srz96566174279)
neg, 0.1312754970724383, right(srz96566172544)
neg, 0.18485684970456687, right(srz993110110823)
neg, 0.1312754970724383, right(srz44248271585)
neg, 0.1312754970724383, right(srz24618673511)
neg, 0.12788281295511936, right(srz44230444035)
neg, 0.12788281295511936, right(srz193064020)
neg, 0.20741489118092746, right(srz274095910078)
neg, 0.20741489118092746, right(srz993110110697)
neg, 0.1312754970724383, right(srz8029726367)
neg, 0.1312754970724383, right(srz96594926114)
neg, 0.20741489118092746, right(srz993110110252)
neg, 0.12788281295511936, right(srz24618673904)
neg, 0.1312754970724383, right(srz24618678046)
neg, 0.1872108373518019, right(srz24618677842)
neg, 0.1312754970724383, right(srz4423044586)
neg, 0.12788281295511936, right(srz965661710088)
neg, 0.1312754970724383, right(srz44248271564)
neg, 0.24939322129195243, right(srz193061078)
neg, 0.1312754970724383, right(srz965661712379)
neg, 0.12788281295511936, right(srz965949211119)
neg, 0.1312754970724383, right(srz993110112328)
neg, 0.1872108373518019, right(srz193064681)
neg, 0.12788281295511936, right(srz1930611887)
neg, 0.1312754970724383, right(srz24618674941)
neg, 0.17487980387577814, right(srz96566173148)
neg, 0.1284615400382881, right(srz193062685)
neg, 0.12788281295511936, right(srz193063600)
neg, 0.12788281295511936, right(srz24618671607)
neg, 0.1312754970724383, right(srz44248274889)
neg, 0.12788281295511936, right(srz274095913053)
neg, 0.12788281295511936, right(srz44230447040)
neg, 0.12788281295511936, right(srz193065489)
neg, 0.1312754970724383, right(srz99311015330)
neg, 0.12788281295511936, right(srz44248276783)
neg, 0.20741489118092746, right(srz96566175152)
neg, 0.1312754970724383, right(srz44230444351)
neg, 0.12788281295511936, right(srz4424827900)
neg, 0.12788281295511936, right(srz44230447352)
neg, 0.1284615400382881, right(srz1930610353)
neg, 0.20741489118092746, right(srz96566174786)
neg, 0.20741489118092746, right(srz274095917021)
neg, 0.12788281295511936, right(srz96594929184)
neg, 0.12788281295511936, right(srz24618673142)
neg, 0.12788281295511936, right(srz993110111413)
neg, 0.1872108373518019, right(srz24618674739)
neg, 0.14158514118650908, right(srz44248275096)
neg, 0.12788281295511936, right(srz246186717122)
neg, 0.12788281295511936, right(srz193069082)
neg, 0.1312754970724383, right(srz96594922376)
neg, 0.12788281295511936, right(srz96566172878)
neg, 0.12788281295511936, right(srz246186712583)
neg, 0.1872108373518019, right(srz96594929009)
neg, 0.1312754970724383, right(srz246186713635)
neg, 0.12788281295511936, right(srz44248275831)
neg, 0.17487980387577814, right(srz9931101122)
neg, 0.1872108373518019, right(srz96566175860)
neg, 0.1312754970724383, right(srz193066132)
neg, 0.1312754970724383, right(srz24618674967)
neg, 0.12788281295511936, right(srz44248274270)
neg, 0.1284615400382881, right(srz27409595728)
neg, 0.12788281295511936, right(srz274095915017)
neg, 0.20741489118092746, right(srz965949212990)
neg, 0.12788281295511936, right(srz274095913912)
neg, 0.1312754970724383, right(srz96566172744)
neg, 0.20741489118092746, right(srz8029723520)
neg, 0.1312754970724383, right(srz246186711225)
neg, 0.12788281295511936, right(srz965661711746)
neg, 0.1312754970724383, right(srz44230448072)
neg, 0.1312754970724383, right(srz4424827112)
neg, 0.1312754970724383, right(srz96594928331)
neg, 0.1312754970724383, right(srz8029729578)
neg, 0.12788281295511936, right(srz27409595831)
neg, 0.12788281295511936, right(srz8029725701)
neg, 0.12788281295511936, right(srz965661714188)
neg, 0.20741489118092746, right(srz24618679587)
neg, 0.18485684970456687, right(srz96594929772)
neg, 0.12788281295511936, right(srz193062644)
neg, 0.1284615400382881, right(srz965949213028)
neg, 0.12788281295511936, right(srz193066772)
neg, 0.1312754970724383, right(srz96594923049)
neg, 0.1872108373518019, right(srz44230441504)
neg, 0.24364176356732303, right(srz44230448403)
neg, 0.1284615400382881, right(srz24618679283)
neg, 0.1312754970724383, right(srz99311016343)
neg, 0.1312754970724383, right(srz99311013639)
neg, 0.1312754970724383, right(srz442482763)
neg, 0.1312754970724383, right(srz965949210556)
neg, 0.1312754970724383, right(srz8029728192)
neg, 0.18485684970456687, right(srz99311015223)
neg, 0.1312754970724383, right(srz96566177329)
neg, 0.1284615400382881, right(srz193063487)
neg, 0.1312754970724383, right(srz44248277336)
neg, 0.14158514118650908, right(srz193063317)
neg, 0.1284615400382881, right(srz1930610279)
neg, 0.12788281295511936, right(srz27409599506)
neg, 0.1284615400382881, right(srz8029724165)
neg, 0.12788281295511936, right(srz193064028)
neg, 0.20741489118092746, right(srz99311013491)
neg, 0.14158514118650908, right(srz44248276635)
neg, 0.26569465657955116, right(srz96566175408)
neg, 0.1312754970724383, right(srz802972806)
neg, 0.12788281295511936, right(srz27409599532)
neg, 0.12788281295511936, right(srz96566177851)
neg, 0.20741489118092746, right(srz27409592114)
neg, 0.1312754970724383, right(srz8029724288)
neg, 0.1872108373518019, right(srz965661714781)
neg, 0.1312754970724383, right(srz965949210236)
neg, 0.12788281295511936, right(srz24618673143)
neg, 0.1312754970724383, right(srz96594925132)
neg, 0.1312754970724383, right(srz8029724085)
neg, 0.12788281295511936, right(srz27409591310)
neg, 0.1312754970724383, right(srz965661715638)
neg, 0.1312754970724383, right(srz44248273092)
neg, 0.20741489118092746, right(srz44230443132)
neg, 0.1872108373518019, right(srz96566177204)
neg, 0.1312754970724383, right(srz193063010)
neg, 0.12788281295511936, right(srz8029721352)
neg, 0.12788281295511936, right(srz8029724007)
neg, 0.12788281295511936, right(srz96594927142)
neg, 0.1312754970724383, right(srz99311014148)
neg, 0.1312754970724383, right(srz8029721188)
neg, 0.17487980387577814, right(srz44248274481)
neg, 0.14158514118650908, right(srz44248275085)
neg, 0.12788281295511936, right(srz99311014965)
neg, 0.12788281295511936, right(srz8029723290)
neg, 0.13284978350377796, right(srz44230443873)
neg, 0.18485684970456687, right(srz8029728072)
neg, 0.12788281295511936, right(srz44248273563)
neg, 0.1312754970724383, right(srz96594924361)
neg, 0.18485684970456687, right(srz99311019354)
neg, 0.1284615400382881, right(srz24618679300)
neg, 0.1312754970724383, right(srz24618673369)
neg, 0.1312754970724383, right(srz96566174014)
neg, 0.12788281295511936, right(srz193063665)
neg, 0.20741489118092746, right(srz2740959736)
neg, 0.1312754970724383, right(srz193068733)
neg, 0.18511330982967572, right(srz193069315)
neg, 0.20741489118092746, right(srz8029721099)
neg, 0.1312754970724383, right(srz9656617928)
neg, 0.1312754970724383, right(srz44248276360)
neg, 0.1284615400382881, right(srz193068988)
neg, 0.12788281295511936, right(srz2740959669)
neg, 0.1312754970724383, right(srz193065429)
neg, 0.12788281295511936, right(srz965661711867)
neg, 0.1312754970724383, right(srz44230444453)
neg, 0.1872108373518019, right(srz24618676769)
neg, 0.1312754970724383, right(srz246186712988)
neg, 0.12788281295511936, right(srz96594928296)
neg, 0.14158514118650908, right(srz8029723649)
neg, 0.1312754970724383, right(srz965661715066)
neg, 0.12788281295511936, right(srz246186710694)
neg, 0.2252026121146009, right(srz8029727050)
neg, 0.13284978350377796, right(srz99311019585)
neg, 0.12788281295511936, right(srz44230446528)
neg, 0.12788281295511936, right(srz44248271253)
neg, 0.12788281295511936, right(srz965949213324)
neg, 0.18485684970456687, right(srz965949211487)
neg, 0.1872108373518019, right(srz44230444696)
neg, 0.12788281295511936, right(srz24618672772)
neg, 0.12788281295511936, right(srz246186710795)
neg, 0.1312754970724383, right(srz965661712450)
neg, 0.20741489118092746, right(srz1930610997)
neg, 0.12788281295511936, right(srz193062702)
neg, 0.1312754970724383, right(srz246186710195)
neg, 0.1312754970724383, right(srz8029726213)
neg, 0.1312754970724383, right(srz99311019251)
neg, 0.13284978350377796, right(srz96566173759)
neg, 0.26569465657955116, right(srz4423044156)
neg, 0.1312754970724383, right(srz8029724613)
neg, 0.1312754970724383, right(srz993110111499)
neg, 0.1312754970724383, right(srz993110128)
neg, 0.1872108373518019, right(srz193062000)
neg, 0.20741489118092746, right(srz96566179157)
neg, 0.12788281295511936, right(srz96594924138)
neg, 0.18485684970456687, right(srz965949213110)
neg, 0.12788281295511936, right(srz246186710796)
neg, 0.12788281295511936, right(srz24618672506)
neg, 0.14158514118650908, right(srz44248273889)
neg, 0.12788281295511936, right(srz8029724381)
neg, 0.1312754970724383, right(srz8029723420)
neg, 0.1312754970724383, right(srz965661713420)
neg, 0.1872108373518019, right(srz24618675599)
neg, 0.13284978350377796, right(srz99311016118)
neg, 0.24939322129195243, right(srz8029721024)
neg, 0.1312754970724383, right(srz965949210570)
neg, 0.12788281295511936, right(srz99311011283)
neg, 0.20741489118092746, right(srz96566179525)
neg, 0.1312754970724383, right(srz80297210756)
neg, 0.1312754970724383, right(srz24618678822)
neg, 0.1312754970724383, right(srz44248276391)
neg, 0.12788281295511936, right(srz274095954)
neg, 0.20741489118092746, right(srz993110112259)
neg, 0.1312754970724383, right(srz96566175774)
neg, 0.12788281295511936, right(srz965661711889)
neg, 0.12788281295511936, right(srz24618679757)
neg, 0.1312754970724383, right(srz193066232)
neg, 0.1312754970724383, right(srz8029726672)
neg, 0.12788281295511936, right(srz8029728783)
neg, 0.20741489118092746, right(srz44230442394)
neg, 0.1312754970724383, right(srz8029724754)
neg, 0.17487980387577814, right(srz96594929991)
neg, 0.17487980387577814, right(srz274095915586)
neg, 0.12788281295511936, right(srz80297210372)
neg, 0.12788281295511936, right(srz965661711242)
neg, 0.2252026121146009, right(srz193067962)
neg, 0.18485684970456687, right(srz80297210563)
neg, 0.13284978350377796, right(srz193065061)
neg, 0.1312754970724383, right(srz24618673594)
neg, 0.1312754970724383, right(srz965661715074)
neg, 0.1312754970724383, right(srz44248274523)
neg, 0.1284615400382881, right(srz44230445409)
neg, 0.1872108373518019, right(srz27409599932)
neg, 0.14158514118650908, right(srz193067800)
neg, 0.12788281295511936, right(srz965949212811)
neg, 0.12788281295511936, right(srz99311013000)
neg, 0.12788281295511936, right(srz193069519)
neg, 0.12788281295511936, right(srz993110111416)
neg, 0.1284615400382881, right(srz193063535)
neg, 0.1872108373518019, right(srz8029724999)
neg, 0.1312754970724383, right(srz24618677789)
neg, 0.12788281295511936, right(srz8029723998)
neg, 0.1312754970724383, right(srz24618676571)
neg, 0.12788281295511936, right(srz44248273450)
neg, 0.13284978350377796, right(srz8029728877)
neg, 0.17487980387577814, right(srz274095915602)
neg, 0.1312754970724383, right(srz96566172015)
neg, 0.1312754970724383, right(srz44230444551)
neg, 0.12788281295511936, right(srz965949213831)
neg, 0.12788281295511936, right(srz8029728215)
neg, 0.17487980387577814, right(srz96594921109)
neg, 0.1312754970724383, right(srz96566175531)
neg, 0.1872108373518019, right(srz4423044723)
neg, 0.12788281295511936, right(srz96594925429)
neg, 0.14158514118650908, right(srz8029723677)
neg, 0.12788281295511936, right(srz965661712186)
neg, 0.1872108373518019, right(srz1930611082)
neg, 0.12788281295511936, right(srz8029723799)
neg, 0.20741489118092746, right(srz27409598216)
neg, 0.1312754970724383, right(srz24618677614)
neg, 0.12788281295511936, right(srz193067842)
neg, 0.17487980387577814, right(srz193069565)
neg, 0.17487980387577814, right(srz80297210599)
neg, 0.12788281295511936, right(srz8029721617)
neg, 0.17487980387577814, right(srz27409596996)
neg, 0.1312754970724383, right(srz993110112192)
neg, 0.18485684970456687, right(srz193068259)
neg, 0.26978824010658575, right(srz44230442456)
neg, 0.1312754970724383, right(srz99311014504)
neg, 0.12788281295511936, right(srz27409591262)
neg, 0.1312754970724383, right(srz44248276114)
neg, 0.13284978350377796, right(srz44230441671)
neg, 0.18485684970456687, right(srz8029727925)
neg, 0.14158514118650908, right(srz965949213538)
neg, 0.1312754970724383, right(srz96566174709)
neg, 0.12788281295511936, right(srz246186717165)
neg, 0.1872108373518019, right(srz802972885)
neg, 0.1872108373518019, right(srz965661714758)
neg, 0.1872108373518019, right(srz44248271948)
neg, 0.1284615400382881, right(srz27409597173)
neg, 0.1312754970724383, right(srz44230443614)
neg, 0.12788281295511936, right(srz8029727093)
neg, 0.12788281295511936, right(srz24618673807)
neg, 0.17487980387577814, right(srz8029727269)
neg, 0.13284978350377796, right(srz8029728963)
neg, 0.1312754970724383, right(srz27409595431)
neg, 0.1284615400382881, right(srz965661710486)
neg, 0.1312754970724383, right(srz965949211320)
neg, 0.13284978350377796, right(srz96594928767)
neg, 0.1312754970724383, right(srz24618674983)
neg, 0.1312754970724383, right(srz99311017203)
neg, 0.12788281295511936, right(srz44248274649)
neg, 0.12788281295511936, right(srz24618674295)
neg, 0.12788281295511936, right(srz193063760)
neg, 0.1312754970724383, right(srz44230443263)
neg, 0.12788281295511936, right(srz19306321)
neg, 0.1312754970724383, right(srz274095914621)
neg, 0.1312754970724383, right(srz96566179790)
neg, 0.12788281295511936, right(srz44248273385)
neg, 0.18485684970456687, right(srz2461867202)
neg, 0.12788281295511936, right(srz44248277386)
neg, 0.1312754970724383, right(srz96594928205)
neg, 0.12788281295511936, right(srz96594929427)
neg, 0.17487980387577814, right(srz96594923432)
neg, 0.1312754970724383, right(srz96594923045)
neg, 0.20741489118092746, right(srz44230445074)
neg, 0.1872108373518019, right(srz965661714771)
neg, 0.20741489118092746, right(srz96566178485)
neg, 0.1284615400382881, right(srz1930610265)
neg, 0.1312754970724383, right(srz99311012107)
neg, 0.12788281295511936, right(srz24618671895)
neg, 0.12788281295511936, right(srz99311011200)
neg, 0.1312754970724383, right(srz4424827219)
neg, 0.1284615400382881, right(srz96594921306)
neg, 0.14158514118650908, right(srz193065826)
neg, 0.1872108373518019, right(srz274095912940)
neg, 0.1312754970724383, right(srz965949212961)
neg, 0.14158514118650908, right(srz44248276697)
neg, 0.12788281295511936, right(srz24618677541)
neg, 0.1284615400382881, right(srz44230445444)
neg, 0.1312754970724383, right(srz44248271532)
neg, 0.1312754970724383, right(srz80297210782)
neg, 0.12788281295511936, right(srz24618672437)
neg, 0.12788281295511936, right(srz965661715835)
neg, 0.18485684970456687, right(srz96566174117)
neg, 0.12788281295511936, right(srz96566173098)
neg, 0.12788281295511936, right(srz24618673928)
neg, 0.12788281295511936, right(srz4424827617)
neg, 0.12788281295511936, right(srz27409597378)
neg, 0.1312754970724383, right(srz44230446043)
neg, 0.12788281295511936, right(srz4424827785)
neg, 0.1872108373518019, right(srz993110110227)
neg, 0.1284615400382881, right(srz96594925379)
neg, 0.1872108373518019, right(srz96594929815)
neg, 0.12788281295511936, right(srz274095913746)
neg, 0.1284615400382881, right(srz24618678654)
neg, 0.20741489118092746, right(srz8029723505)
neg, 0.12788281295511936, right(srz99311018693)
neg, 0.14158514118650908, right(srz8029727390)
neg, 0.1312754970724383, right(srz44248273826)
neg, 0.20741489118092746, right(srz965949211359)
neg, 0.1312754970724383, right(srz965661711041)
neg, 0.12788281295511936, right(srz1930611203)
neg, 0.12788281295511936, right(srz4423044280)
neg, 0.1312754970724383, right(srz44230445709)
neg, 0.1872108373518019, right(srz965661713229)
neg, 0.18511330982967572, right(srz44230447433)
neg, 0.12788281295511936, right(srz274095914738)
neg, 0.12788281295511936, right(srz96594929422)
neg, 0.12788281295511936, right(srz27409591622)
neg, 0.12788281295511936, right(srz274095914263)
neg, 0.12788281295511936, right(srz27409598499)
neg, 0.20741489118092746, right(srz8029721909)
neg, 0.12788281295511936, right(srz96594929279)
neg, 0.1312754970724383, right(srz99311019895)
neg, 0.12788281295511936, right(srz44230444080)
neg, 0.12788281295511936, right(srz246186712078)
neg, 0.12788281295511936, right(srz965661710687)
neg, 0.1312754970724383, right(srz24618673519)
neg, 0.1312754970724383, right(srz27409594687)
neg, 0.18485684970456687, right(srz27409593210)
neg, 0.17487980387577814, right(srz193063265)
neg, 0.20741489118092746, right(srz9656617750)
neg, 0.12788281295511936, right(srz2740959583)
neg, 0.1312754970724383, right(srz99311014027)
neg, 0.13284978350377796, right(srz246186716532)
neg, 0.12788281295511936, right(srz193069287)
neg, 0.20741489118092746, right(srz274095915416)
neg, 0.20741489118092746, right(srz19306135)
neg, 0.26569465657955116, right(srz965661710789)
neg, 0.12788281295511936, right(srz96594924448)
neg, 0.24364176356732303, right(srz96566175405)
neg, 0.12788281295511936, right(srz9931101761)
neg, 0.12788281295511936, right(srz96594925437)
neg, 0.20741489118092746, right(srz96566173685)
neg, 0.1312754970724383, right(srz96566176432)
neg, 0.17487980387577814, right(srz99311018491)
neg, 0.12788281295511936, right(srz44248275683)
neg, 0.12788281295511936, right(srz44230441569)
neg, 0.12788281295511936, right(srz96594926751)
neg, 0.13284978350377796, right(srz19306381)
neg, 0.12788281295511936, right(srz96566176202)
neg, 0.12788281295511936, right(srz96566179508)
neg, 0.13284978350377796, right(srz4423044340)
neg, 0.12788281295511936, right(srz24618673139)
neg, 0.12788281295511936, right(srz44248277884)
neg, 0.1312754970724383, right(srz24618678599)
neg, 0.1872108373518019, right(srz274095910200)
neg, 0.1284615400382881, right(srz80297210266)
neg, 0.1284615400382881, right(srz96594925371)
neg, 0.1312754970724383, right(srz96566175318)
neg, 0.12788281295511936, right(srz2740959512)
neg, 0.1312754970724383, right(srz246186712918)
neg, 0.14158514118650908, right(srz96594924423)
neg, 0.1312754970724383, right(srz99311012322)
neg, 0.1312754970724383, right(srz96566173459)
neg, 0.20741489118092746, right(srz96594923290)
neg, 0.12788281295511936, right(srz274095913674)
neg, 0.12788281295511936, right(srz27409591411)
neg, 0.1312754970724383, right(srz96566175682)
neg, 0.12788281295511936, right(srz96566178735)
neg, 0.12788281295511936, right(srz965949213913)
neg, 0.14158514118650908, right(srz965949210784)
neg, 0.1312754970724383, right(srz24618676814)
neg, 0.1312754970724383, right(srz96566175735)
neg, 0.1312754970724383, right(srz27409595963)
neg, 0.1312754970724383, right(srz96594928444)
neg, 0.18485684970456687, right(srz1930611008)
neg, 0.1312754970724383, right(srz246186713355)
neg, 0.1872108373518019, right(srz965949214145)
neg, 0.1312754970724383, right(srz9656617512)
neg, 0.1872108373518019, right(srz8029723194)
neg, 0.20741489118092746, right(srz96566175161)
neg, 0.1312754970724383, right(srz274095916959)
neg, 0.1872108373518019, right(srz802972852)
neg, 0.15013817616499373, right(srz96594926092)
neg, 0.1312754970724383, right(srz99311018350)
neg, 0.12788281295511936, right(srz246186715950)
neg, 0.12788281295511936, right(srz8029724318)
neg, 0.1872108373518019, right(srz44248271085)
neg, 0.12788281295511936, right(srz99311016699)
neg, 0.13284978350377796, right(srz99311019648)
neg, 0.12788281295511936, right(srz2461867532)
neg, 0.1312754970724383, right(srz9931101186)
neg, 0.12788281295511936, right(srz96594922842)
neg, 0.13284978350377796, right(srz246186717190)
neg, 0.1872108373518019, right(srz246186713163)
neg, 0.20741489118092746, right(srz193065136)
neg, 0.1284615400382881, right(srz246186710586)
neg, 0.12788281295511936, right(srz99311019695)
neg, 0.12788281295511936, right(srz965949210954)
neg, 0.1312754970724383, right(srz44230446052)
neg, 0.12788281295511936, right(srz27409592422)
neg, 0.12788281295511936, right(srz8029725587)
neg, 0.17487980387577814, right(srz27409593365)
neg, 0.12788281295511936, right(srz96594929432)
neg, 0.1312754970724383, right(srz9659492715)
neg, 0.1312754970724383, right(srz44248271901)
neg, 0.26569465657955116, right(srz9931101100)
neg, 0.12788281295511936, right(srz96566177805)
neg, 0.1312754970724383, right(srz96566171079)
neg, 0.1312754970724383, right(srz96566175503)
neg, 0.1872108373518019, right(srz44248274025)
neg, 0.12788281295511936, right(srz993110112306)
neg, 0.1312754970724383, right(srz8029725190)
neg, 0.13284978350377796, right(srz246186716534)
neg, 0.12788281295511936, right(srz27409593017)
neg, 0.20741489118092746, right(srz965661712912)
neg, 0.1312754970724383, right(srz99311014512)
neg, 0.12788281295511936, right(srz99311019710)
neg, 0.12788281295511936, right(srz27409595232)
neg, 0.1872108373518019, right(srz274095913537)
neg, 0.18485684970456687, right(srz44230445872)
neg, 0.1872108373518019, right(srz8029724846)
neg, 0.1872108373518019, right(srz44248277418)
neg, 0.12788281295511936, right(srz1930612292)
neg, 0.1312754970724383, right(srz44230444350)
neg, 0.20741489118092746, right(srz8029721920)
neg, 0.12788281295511936, right(srz99311016575)
neg, 0.12788281295511936, right(srz44248271249)
neg, 0.1312754970724383, right(srz274095912657)
neg, 0.1284615400382881, right(srz27409597271)
neg, 0.1312754970724383, right(srz99311018217)
neg, 0.1312754970724383, right(srz96594926105)
neg, 0.1312754970724383, right(srz193067417)
neg, 0.1872108373518019, right(srz99311011554)
neg, 0.12788281295511936, right(srz96594924091)
neg, 0.12788281295511936, right(srz965949212826)
neg, 0.20741489118092746, right(srz193068328)
neg, 0.17487980387577814, right(srz965949213379)
neg, 0.1312754970724383, right(srz246186710157)
neg, 0.18511330982967572, right(srz8029724968)
neg, 0.12788281295511936, right(srz8029724332)
neg, 0.12788281295511936, right(srz24618671465)
neg, 0.12788281295511936, right(srz8029729135)
neg, 0.14158514118650908, right(srz8029723763)
neg, 0.12788281295511936, right(srz193063989)
neg, 0.20741489118092746, right(srz96594923459)
neg, 0.12788281295511936, right(srz965661712113)
neg, 0.1312754970724383, right(srz965661714654)
neg, 0.1872108373518019, right(srz8029724859)
neg, 0.12788281295511936, right(srz193062658)
neg, 0.1872108373518019, right(srz965949211074)
neg, 0.1312754970724383, right(srz27409597851)
neg, 0.18485684970456687, right(srz99311019874)
neg, 0.12788281295511936, right(srz274095915471)
neg, 0.1312754970724383, right(srz965949212100)
neg, 0.12788281295511936, right(srz44248274650)
neg, 0.12788281295511936, right(srz8029725750)
neg, 0.1872108373518019, right(srz965661711468)
neg, 0.12788281295511936, right(srz1930611781)
neg, 0.12788281295511936, right(srz965949212814)
neg, 0.26569465657955116, right(srz965661715297)
neg, 0.17487980387577814, right(srz96566177679)
neg, 0.1312754970724383, right(srz965661710198)
neg, 0.12788281295511936, right(srz2740959501)
neg, 0.12788281295511936, right(srz274095916237)
neg, 0.17487980387577814, right(srz96566177783)
neg, 0.12788281295511936, right(srz44230446596)
neg, 0.1312754970724383, right(srz993110111452)
neg, 0.12788281295511936, right(srz96594922856)
neg, 0.13284978350377796, right(srz44248274325)
neg, 0.1312754970724383, right(srz99311016914)
neg, 0.12788281295511936, right(srz96594927583)
neg, 0.1312754970724383, right(srz44248276153)
neg, 0.12788281295511936, right(srz24618675164)
neg, 0.12788281295511936, right(srz44248273436)
neg, 0.1284615400382881, right(srz96594926547)
neg, 0.12788281295511936, right(srz246186713319)
neg, 0.13284978350377796, right(srz99311016108)
neg, 0.1872108373518019, right(srz96566179916)
neg, 0.1284615400382881, right(srz1930610402)
neg, 0.20741489118092746, right(srz2740959410)
neg, 0.1312754970724383, right(srz96594922011)
neg, 0.1872108373518019, right(srz96566173370)
neg, 0.17487980387577814, right(srz96566177708)
neg, 0.12788281295511936, right(srz193061692)
neg, 0.18485684970456687, right(srz96566173426)
neg, 0.12788281295511936, right(srz274095917189)
neg, 0.1872108373518019, right(srz44230447531)
neg, 0.18485684970456687, right(srz8029722220)
neg, 0.1872108373518019, right(srz24618679128)
neg, 0.13284978350377796, right(srz965661714382)
neg, 0.20741489118092746, right(srz8029725066)
neg, 0.1312754970724383, right(srz8029721794)
neg, 0.12788281295511936, right(srz24618678012)
neg, 0.12788281295511936, right(srz965949213712)
neg, 0.1284615400382881, right(srz96594921189)
neg, 0.17487980387577814, right(srz44230442362)
neg, 0.1312754970724383, right(srz8029726796)
neg, 0.12788281295511936, right(srz4424827660)
neg, 0.12788281295511936, right(srz1930611950)
neg, 0.20741489118092746, right(srz193062108)
neg, 0.12788281295511936, right(srz96594922707)
neg, 0.17487980387577814, right(srz193064124)
neg, 0.1312754970724383, right(srz27409599727)
neg, 0.12788281295511936, right(srz2740959526)
neg, 0.12788281295511936, right(srz27409591320)
neg, 0.12788281295511936, right(srz44248276231)
neg, 0.1312754970724383, right(srz44230446087)
neg, 0.12788281295511936, right(srz96594929177)
neg, 0.12788281295511936, right(srz27409591828)
neg, 0.12788281295511936, right(srz2740959469)
neg, 0.1312754970724383, right(srz24618676703)
neg, 0.17487980387577814, right(srz8029723143)
neg, 0.1312754970724383, right(srz44248273079)
neg, 0.12788281295511936, right(srz80297210410)
neg, 0.12788281295511936, right(srz442304436)
neg, 0.1312754970724383, right(srz44230447722)
neg, 0.18485684970456687, right(srz99311016314)
neg, 0.12788281295511936, right(srz44230442751)
neg, 0.12788281295511936, right(srz274095915037)
neg, 0.13284978350377796, right(srz99311013035)
neg, 0.12788281295511936, right(srz24618676415)
neg, 0.12788281295511936, right(srz4424827389)
neg, 0.1312754970724383, right(srz80297210711)
neg, 0.13284978350377796, right(srz96594928735)
neg, 0.12788281295511936, right(srz27409599561)
neg, 0.1872108373518019, right(srz193066599)
neg, 0.1284615400382881, right(srz27409597219)
neg, 0.12788281295511936, right(srz193066172)
neg, 0.12788281295511936, right(srz96566173630)
neg, 0.18485684970456687, right(srz44230447963)
neg, 0.1872108373518019, right(srz246186714301)
neg, 0.12788281295511936, right(srz44248277713)
neg, 0.1312754970724383, right(srz96594927870)
neg, 0.12788281295511936, right(srz96566173020)
neg, 0.12788281295511936, right(srz96566178349)
neg, 0.1312754970724383, right(srz1930613)
neg, 0.13284978350377796, right(srz99311013033)
neg, 0.20741489118092746, right(srz19306734)
neg, 0.1872108373518019, right(srz9931101546)
neg, 0.1312754970724383, right(srz8029723965)
neg, 0.12788281295511936, right(srz246186712067)
neg, 0.1872108373518019, right(srz246186711229)
neg, 0.12788281295511936, right(srz274095916115)
neg, 0.1312754970724383, right(srz8029722563)
neg, 0.18485684970456687, right(srz193069552)
neg, 0.1312754970724383, right(srz44230444478)
neg, 0.20741489118092746, right(srz965661714812)
neg, 0.12788281295511936, right(srz96566176195)
neg, 0.1872108373518019, right(srz274095911636)
neg, 0.1872108373518019, right(srz8029721945)
neg, 0.20741489118092746, right(srz24618678424)
neg, 0.20741489118092746, right(srz2461867608)
neg, 0.1312754970724383, right(srz965661712490)
neg, 0.12788281295511936, right(srz96594924176)
neg, 0.20741489118092746, right(srz24618671753)
neg, 0.20741489118092746, right(srz96566175200)
neg, 0.18485684970456687, right(srz99311019409)
neg, 0.1284615400382881, right(srz24618675802)
neg, 0.1872108373518019, right(srz44248273201)
neg, 0.12788281295511936, right(srz8029729160)
neg, 0.18511330982967572, right(srz193061047)
neg, 0.20741489118092746, right(srz44248277509)
neg, 0.1284615400382881, right(srz193063529)
neg, 0.24364176356732303, right(srz99311018455)
neg, 0.1312754970724383, right(srz246186712807)
neg, 0.12788281295511936, right(srz2461867283)
neg, 0.1312754970724383, right(srz24618679061)
neg, 0.20741489118092746, right(srz24618679600)
neg, 0.20741489118092746, right(srz24618671937)
neg, 0.12788281295511936, right(srz246186711683)
neg, 0.12788281295511936, right(srz44248272310)
neg, 0.12788281295511936, right(srz965661711922)
neg, 0.12788281295511936, right(srz24618679689)
neg, 0.1312754970724383, right(srz99311015595)
neg, 0.1312754970724383, right(srz193061092)
neg, 0.12788281295511936, right(srz24618672890)
neg, 0.1312754970724383, right(srz8029726290)
neg, 0.12788281295511936, right(srz9659492444)
neg, 0.1312754970724383, right(srz44248272805)
neg, 0.1312754970724383, right(srz99311019958)
neg, 0.12788281295511936, right(srz965949213306)
neg, 0.12788281295511936, right(srz27409593947)
neg, 0.20741489118092746, right(srz24618679572)
neg, 0.12788281295511936, right(srz96566176253)
neg, 0.12788281295511936, right(srz99311013305)
neg, 0.12788281295511936, right(srz8029721554)
neg, 0.12788281295511936, right(srz274095976)
neg, 0.1312754970724383, right(srz9659492735)
neg, 0.13284978350377796, right(srz4424827428)
neg, 0.1312754970724383, right(srz1930610003)
neg, 0.12788281295511936, right(srz8029725690)
neg, 0.12788281295511936, right(srz965661715997)
neg, 0.1312754970724383, right(srz44248274534)
neg, 0.1312754970724383, right(srz246186716815)
neg, 0.12788281295511936, right(srz8029725617)
neg, 0.12788281295511936, right(srz274095914980)
neg, 0.20741489118092746, right(srz27409592897)
neg, 0.20741489118092746, right(srz2740959627)
neg, 0.12788281295511936, right(srz96566176096)
neg, 0.1312754970724383, right(srz44248276048)
neg, 0.12788281295511936, right(srz274095913865)
neg, 0.12788281295511936, right(srz193063997)
neg, 0.1872108373518019, right(srz193063000)
neg, 0.12788281295511936, right(srz274095916117)
neg, 0.13284978350377796, right(srz44248274716)
neg, 0.12788281295511936, right(srz44230447154)
neg, 0.1872108373518019, right(srz993110110526)
neg, 0.12788281295511936, right(srz44230444014)
neg, 0.1312754970724383, right(srz96566173301)
neg, 0.1312754970724383, right(srz8029727687)
neg, 0.18485684970456687, right(srz193065200)
neg, 0.12788281295511936, right(srz4424827615)
neg, 0.12788281295511936, right(srz8029725611)
neg, 0.12788281295511936, right(srz80297210414)
neg, 0.1872108373518019, right(srz99311017443)
neg, 0.12788281295511936, right(srz27409591866)
neg, 0.20741489118092746, right(srz965949212608)
neg, 0.13284978350377796, right(srz96594928806)
neg, 0.1312754970724383, right(srz274095910966)
neg, 0.12788281295511936, right(srz96566173554)
neg, 0.12788281295511936, right(srz802972409)
neg, 0.1312754970724383, right(srz27409595447)
neg, 0.1312754970724383, right(srz27409597862)
neg, 0.20741489118092746, right(srz24618675188)
neg, 0.1312754970724383, right(srz44230443140)
neg, 0.1872108373518019, right(srz8029728408)
neg, 0.26569465657955116, right(srz96566174231)
neg, 0.20741489118092746, right(srz24618679586)
neg, 0.12788281295511936, right(srz96594929341)
neg, 0.12788281295511936, right(srz96594924067)
neg, 0.1872108373518019, right(srz193062432)
neg, 0.12788281295511936, right(srz193068164)
neg, 0.1312754970724383, right(srz8029722065)
neg, 0.12788281295511936, right(srz4424827739)
neg, 0.1312754970724383, right(srz246186711171)
neg, 0.13284978350377796, right(srz44230443841)
neg, 0.12788281295511936, right(srz8029723851)
neg, 0.12788281295511936, right(srz193061567)
neg, 0.12788281295511936, right(srz24618671042)
neg, 0.1284615400382881, right(srz80297210142)
neg, 0.20741489118092746, right(srz19306520)
neg, 0.1312754970724383, right(srz27409594845)
neg, 0.12788281295511936, right(srz24618671071)
neg, 0.1312754970724383, right(srz44248271552)
neg, 0.12788281295511936, right(srz96594927668)
neg, 0.1284615400382881, right(srz193069031)
neg, 0.1872108373518019, right(srz8029729646)
neg, 0.12788281295511936, right(srz274095916093)
neg, 0.17487980387577814, right(srz246186714420)
neg, 0.12788281295511936, right(srz8029723825)
neg, 0.12788281295511936, right(srz274095913831)
neg, 0.12788281295511936, right(srz8029721482)
neg, 0.12788281295511936, right(srz99311018719)
neg, 0.18485684970456687, right(srz44230441893)
neg, 0.13284978350377796, right(srz99311019565)
neg, 0.12788281295511936, right(srz99311016502)
neg, 0.12788281295511936, right(srz274095916106)
neg, 0.12788281295511936, right(srz27409591978)
neg, 0.1872108373518019, right(srz8029725077)
neg, 0.1312754970724383, right(srz8029726379)
neg, 0.1312754970724383, right(srz4423044749)
neg, 0.1312754970724383, right(srz9656617886)
neg, 0.15013817616499373, right(srz44248277125)
neg, 0.12788281295511936, right(srz96594922854)
neg, 0.12788281295511936, right(srz274095911355)
neg, 0.1872108373518019, right(srz44230446203)
neg, 0.12788281295511936, right(srz24618674240)
neg, 0.1872108373518019, right(srz193069917)
neg, 0.1872108373518019, right(srz193068463)
neg, 0.1284615400382881, right(srz24618679331)
neg, 0.1312754970724383, right(srz193064461)
neg, 0.20741489118092746, right(srz193068324)
neg, 0.20741489118092746, right(srz44248274868)
neg, 0.12788281295511936, right(srz27409591679)
neg, 0.1312754970724383, right(srz44230447595)
neg, 0.18485684970456687, right(srz9656617467)
neg, 0.1872108373518019, right(srz44248271019)
neg, 0.12788281295511936, right(srz8029721486)
neg, 0.1312754970724383, right(srz965661712775)
neg, 0.14158514118650908, right(srz193065958)
neg, 0.1312754970724383, right(srz8029726323)
neg, 0.1872108373518019, right(srz274095917001)
neg, 0.20741489118092746, right(srz24618671586)
neg, 0.12788281295511936, right(srz193061735)
neg, 0.1312754970724383, right(srz96566175193)
neg, 0.20741489118092746, right(srz99311014389)
neg, 0.20741489118092746, right(srz19306702)
neg, 0.13284978350377796, right(srz96566173765)
neg, 0.20741489118092746, right(srz24618671777)
neg, 0.14158514118650908, right(srz193065851)
neg, 0.12788281295511936, right(srz27409591125)
neg, 0.1284615400382881, right(srz80297210243)
neg, 0.12788281295511936, right(srz27409599471)
neg, 0.14158514118650908, right(srz1930610053)
neg, 0.1872108373518019, right(srz8029722089)
neg, 0.18485684970456687, right(srz193063734)
neg, 0.24364176356732303, right(srz965661715281)
neg, 0.1312754970724383, right(srz993110111508)
neg, 0.12788281295511936, right(srz274095916135)
neg, 0.12788281295511936, right(srz99311018723)
neg, 0.12788281295511936, right(srz4424827698)
neg, 0.12788281295511936, right(srz274095916172)
neg, 0.12788281295511936, right(srz965661713828)
neg, 0.18511330982967572, right(srz993110111554)
neg, 0.1312754970724383, right(srz193068852)
neg, 0.1312754970724383, right(srz8029725200)
neg, 0.1312754970724383, right(srz99311012816)
neg, 0.1312754970724383, right(srz96566175410)
neg, 0.1312754970724383, right(srz274095913477)
neg, 0.20741489118092746, right(srz193065699)
neg, 0.20741489118092746, right(srz4423044638)
neg, 0.1312754970724383, right(srz965949210185)
neg, 0.14158514118650908, right(srz193067938)
neg, 0.18485684970456687, right(srz99311018384)
neg, 0.12788281295511936, right(srz44230441585)
neg, 0.1312754970724383, right(srz96566176569)
neg, 0.12788281295511936, right(srz44248278079)
neg, 0.20741489118092746, right(srz99311017491)
neg, 0.1312754970724383, right(srz44248277335)
neg, 0.17487980387577814, right(srz44230442351)
neg, 0.12788281295511936, right(srz44230446835)
neg, 0.12788281295511936, right(srz1930612239)
neg, 0.14158514118650908, right(srz8029729423)
neg, 0.1872108373518019, right(srz993110110222)
neg, 0.20741489118092746, right(srz8029725072)
neg, 0.20741489118092746, right(srz965949213931)
neg, 0.12788281295511936, right(srz965661715841)
neg, 0.12788281295511936, right(srz9931101170)
neg, 0.1312754970724383, right(srz96594924960)
neg, 0.12788281295511936, right(srz965661710688)
neg, 0.20741489118092746, right(srz274095910134)
neg, 0.1872108373518019, right(srz965949210104)
neg, 0.12788281295511936, right(srz193064500)
neg, 0.14158514118650908, right(srz44248275056)
neg, 0.12788281295511936, right(srz96594926683)
neg, 0.12788281295511936, right(srz965949213685)
neg, 0.12788281295511936, right(srz96594924119)
neg, 0.12788281295511936, right(srz44230441156)
neg, 0.1312754970724383, right(srz246186710348)
neg, 0.13284978350377796, right(srz193064978)
neg, 0.1872108373518019, right(srz24618679169)
neg, 0.12788281295511936, right(srz193066696)
neg, 0.26569465657955116, right(srz99311013949)
neg, 0.1312754970724383, right(srz44230441941)
neg, 0.20741489118092746, right(srz96594923466)
neg, 0.1284615400382881, right(srz193063502)
neg, 0.1312754970724383, right(srz193067421)
neg, 0.1312754970724383, right(srz27409596900)
neg, 0.18485684970456687, right(srz99311019814)
neg, 0.12788281295511936, right(srz99311016809)
neg, 0.1312754970724383, right(srz44248277172)
neg, 0.12788281295511936, right(srz44230447089)
neg, 0.1312754970724383, right(srz993110111612)
neg, 0.1312754970724383, right(srz246186710334)
neg, 0.1312754970724383, right(srz24618676971)
neg, 0.1312754970724383, right(srz965661712778)
neg, 0.12788281295511936, right(srz193066213)
neg, 0.18485684970456687, right(srz99311015406)
neg, 0.12788281295511936, right(srz96594928614)
neg, 0.18485684970456687, right(srz9931101281)
neg, 0.12788281295511936, right(srz96594921544)
neg, 0.1312754970724383, right(srz96594928588)
neg, 0.1312754970724383, right(srz9659492362)
neg, 0.1872108373518019, right(srz193068382)
neg, 0.1312754970724383, right(srz96566176441)
neg, 0.12788281295511936, right(srz965661711914)
neg, 0.12788281295511936, right(srz4423044893)
neg, 0.1312754970724383, right(srz965949213131)
neg, 0.12788281295511936, right(srz44248276885)
neg, 0.12788281295511936, right(srz4424827777)
neg, 0.12788281295511936, right(srz274095915959)
neg, 0.12788281295511936, right(srz246186716199)
neg, 0.12788281295511936, right(srz24618672496)
neg, 0.20741489118092746, right(srz193065294)
neg, 0.12788281295511936, right(srz2740959689)
neg, 0.1284615400382881, right(srz96594925364)
neg, 0.18485684970456687, right(srz44230445871)
neg, 0.1312754970724383, right(srz24618675028)
neg, 0.12788281295511936, right(srz96566178703)
neg, 0.12788281295511936, right(srz993110111200)
neg, 0.14158514118650908, right(srz193065834)
neg, 0.12788281295511936, right(srz96594924054)
neg, 0.12788281295511936, right(srz274095913738)
neg, 0.1312754970724383, right(srz24618677585)
neg, 0.12788281295511936, right(srz4423044933)
neg, 0.1312754970724383, right(srz44230445220)
neg, 0.12788281295511936, right(srz96566177943)
neg, 0.1312754970724383, right(srz193068369)
neg, 0.26569465657955116, right(srz44248273751)
neg, 0.14158514118650908, right(srz8029729756)
neg, 0.18511330982967572, right(srz19306616)
neg, 0.12788281295511936, right(srz24618674126)
neg, 0.2252026121146009, right(srz8029722374)
neg, 0.12788281295511936, right(srz44248276772)
neg, 0.12788281295511936, right(srz44248277886)
neg, 0.12788281295511936, right(srz24618676260)
neg, 0.1872108373518019, right(srz44230442499)
neg, 0.1872108373518019, right(srz19306230)
neg, 0.12788281295511936, right(srz965661711235)
neg, 0.12788281295511936, right(srz274095913892)
neg, 0.12788281295511936, right(srz965661713938)
neg, 0.12788281295511936, right(srz965661715897)
neg, 0.1284615400382881, right(srz193063570)
neg, 0.1312754970724383, right(srz96594925570)
neg, 0.17487980387577814, right(srz27409593460)
neg, 0.1312754970724383, right(srz193068855)
neg, 0.18485684970456687, right(srz96566174182)
neg, 0.1312754970724383, right(srz96566179796)
neg, 0.12788281295511936, right(srz27409593914)
neg, 0.13284978350377796, right(srz965661714369)
neg, 0.12788281295511936, right(srz99311012663)
neg, 0.1872108373518019, right(srz44230447835)
neg, 0.12788281295511936, right(srz24618674233)
neg, 0.1872108373518019, right(srz193066596)
neg, 0.1312754970724383, right(srz96594926024)
neg, 0.1872108373518019, right(srz246186711300)
neg, 0.20741489118092746, right(srz44230447382)
neg, 0.20741489118092746, right(srz274095917018)
neg, 0.12788281295511936, right(srz2740959523)
neg, 0.1312754970724383, right(srz4424827967)
neg, 0.1312754970724383, right(srz965949213216)
neg, 0.1312754970724383, right(srz246186715878)
neg, 0.12788281295511936, right(srz44230446776)
neg, 0.13284978350377796, right(srz44248274687)
neg, 0.14158514118650908, right(srz8029723741)
neg, 0.26569465657955116, right(srz993110197)
neg, 0.1872108373518019, right(srz27409597070)
neg, 0.12788281295511936, right(srz274095915860)
neg, 0.12788281295511936, right(srz96594929333)
neg, 0.1312754970724383, right(srz9656617948)
neg, 0.1284615400382881, right(srz1930610226)
neg, 0.18511330982967572, right(srz193065187)
neg, 0.20741489118092746, right(srz99311011348)
neg, 0.12788281295511936, right(srz8029727571)
neg, 0.20741489118092746, right(srz246186714413)
neg, 0.1312754970724383, right(srz274095910799)
neg, 0.1284615400382881, right(srz193063496)
neg, 0.12788281295511936, right(srz96566177935)
neg, 0.20741489118092746, right(srz993110110737)
neg, 0.1312754970724383, right(srz965661710961)
neg, 0.1872108373518019, right(srz193067224)
neg, 0.14158514118650908, right(srz44248275188)
neg, 0.1872108373518019, right(srz993110111753)
neg, 0.1872108373518019, right(srz8029728739)
neg, 0.12788281295511936, right(srz8029723797)
neg, 0.1872108373518019, right(srz274095911657)
neg, 0.12788281295511936, right(srz1930610533)
neg, 0.12788281295511936, right(srz44248274239)
neg, 0.12788281295511936, right(srz8029723824)
neg, 0.1312754970724383, right(srz99311015596)
neg, 0.12788281295511936, right(srz96566172870)
neg, 0.26569465657955116, right(srz96594922176)
neg, 0.1312754970724383, right(srz24618676700)
neg, 0.1312754970724383, right(srz44230443297)
neg, 0.1312754970724383, right(srz99311012047)
neg, 0.18485684970456687, right(srz44230447277)
neg, 0.1312754970724383, right(srz99311012733)
neg, 0.12788281295511936, right(srz8029725510)
neg, 0.1312754970724383, right(srz96566171024)
neg, 0.12788281295511936, right(srz27409593041)
neg, 0.12788281295511936, right(srz246186714830)
neg, 0.12788281295511936, right(srz9931101860)
neg, 0.12788281295511936, right(srz9931101619)
neg, 0.17487980387577814, right(srz44248276450)
neg, 0.20741489118092746, right(srz274095910881)
neg, 0.13284978350377796, right(srz4423044320)
neg, 0.20741489118092746, right(srz965949211302)
neg, 0.1312754970724383, right(srz193065254)
neg, 0.18485684970456687, right(srz965949213297)
neg, 0.12788281295511936, right(srz8029725795)
neg, 0.12788281295511936, right(srz24618672033)
neg, 0.12788281295511936, right(srz44248274307)
neg, 0.15013817616499373, right(srz96566178333)
neg, 0.1872108373518019, right(srz193063298)
neg, 0.1312754970724383, right(srz274095912757)
neg, 0.18485684970456687, right(srz96566174183)
neg, 0.1312754970724383, right(srz1930611160)
neg, 0.1312754970724383, right(srz965949212102)
neg, 0.12788281295511936, right(srz4423044446)
neg, 0.12788281295511936, right(srz193064076)
neg, 0.1872108373518019, right(srz193068652)
neg, 0.1312754970724383, right(srz44248271872)
neg, 0.20741489118092746, right(srz96566179162)
neg, 0.20741489118092746, right(srz24618673894)
neg, 0.18485684970456687, right(srz44230444990)
neg, 0.12788281295511936, right(srz27409592344)
neg, 0.12788281295511936, right(srz44248278052)
neg, 0.1312754970724383, right(srz8029725152)
neg, 0.12788281295511936, right(srz99311016484)
neg, 0.12788281295511936, right(srz965661711838)
neg, 0.20741489118092746, right(srz246186711101)
neg, 0.1312754970724383, right(srz44230444353)
neg, 0.12788281295511936, right(srz99311019511)
neg, 0.12788281295511936, right(srz96594929183)
neg, 0.1312754970724383, right(srz44230443594)
neg, 0.1872108373518019, right(srz8029721119)
neg, 0.1312754970724383, right(srz96566179750)
neg, 0.12788281295511936, right(srz965661713973)
neg, 0.1872108373518019, right(srz96566175342)
neg, 0.20741489118092746, right(srz99311017464)
neg, 0.20741489118092746, right(srz27409597952)
neg, 0.12788281295511936, right(srz27409592861)
neg, 0.24364176356732303, right(srz44230442077)
neg, 0.1872108373518019, right(srz99311017704)
neg, 0.1312754970724383, right(srz44230444314)
neg, 0.12788281295511936, right(srz24618673123)
neg, 0.12788281295511936, right(srz99311018752)
neg, 0.1312754970724383, right(srz8029725880)
neg, 0.1312754970724383, right(srz99311014372)
neg, 0.17487980387577814, right(srz27409593493)
neg, 0.1312754970724383, right(srz99311017761)
neg, 0.1872108373518019, right(srz8029723368)
neg, 0.1312754970724383, right(srz4424827285)
neg, 0.12788281295511936, right(srz965661710752)
neg, 0.20741489118092746, right(srz24618671752)
neg, 0.12788281295511936, right(srz193061666)
neg, 0.1872108373518019, right(srz274095911088)
neg, 0.1312754970724383, right(srz965661715252)
neg, 0.20741489118092746, right(srz96566174787)
neg, 0.14158514118650908, right(srz193065831)
neg, 0.12788281295511936, right(srz965949211827)
neg, 0.12788281295511936, right(srz99311013173)
neg, 0.1312754970724383, right(srz24618676812)
neg, 0.12788281295511936, right(srz193068013)
neg, 0.1312754970724383, right(srz8029726688)
neg, 0.20741489118092746, right(srz96566174830)
neg, 0.12788281295511936, right(srz24618678445)
neg, 0.1312754970724383, right(srz96566179188)
neg, 0.1284615400382881, right(srz24618679281)
neg, 0.1312754970724383, right(srz24618674621)
neg, 0.1312754970724383, right(srz80297210013)
neg, 0.20741489118092746, right(srz27409591572)
neg, 0.12788281295511936, right(srz96594925115)
neg, 0.1312754970724383, right(srz24618674475)
neg, 0.1312754970724383, right(srz24618678349)
neg, 0.20741489118092746, right(srz965949213923)
neg, 0.12788281295511936, right(srz193066714)
neg, 0.1872108373518019, right(srz193069903)
neg, 0.1312754970724383, right(srz965949210276)
neg, 0.12788281295511936, right(srz24618677432)
neg, 0.1312754970724383, right(srz8029724599)
neg, 0.20741489118092746, right(srz993110111129)
neg, 0.12788281295511936, right(srz965949213404)
neg, 0.1312754970724383, right(srz44230447771)
neg, 0.12788281295511936, right(srz8029721396)
neg, 0.1284615400382881, right(srz274095912235)
neg, 0.1872108373518019, right(srz193062486)
neg, 0.12788281295511936, right(srz24618672172)
neg, 0.18485684970456687, right(srz8029727802)
neg, 0.12788281295511936, right(srz96594927081)
neg, 0.12788281295511936, right(srz96594928678)
neg, 0.20741489118092746, right(srz99311011369)
neg, 0.1312754970724383, right(srz44248276370)
neg, 0.18485684970456687, right(srz96594929758)
neg, 0.12788281295511936, right(srz193066111)
neg, 0.12788281295511936, right(srz44230444064)
neg, 0.1872108373518019, right(srz1930611301)
neg, 0.1312754970724383, right(srz193069662)
neg, 0.13284978350377796, right(srz193068673)
neg, 0.26978824010658575, right(srz965661714966)
neg, 0.1312754970724383, right(srz193066393)
neg, 0.1312754970724383, right(srz96566179342)
neg, 0.12788281295511936, right(srz96566177940)
neg, 0.12788281295511936, right(srz246186714857)
neg, 0.12788281295511936, right(srz99311011134)
neg, 0.18485684970456687, right(srz96566177547)
neg, 0.1312754970724383, right(srz27409596144)
neg, 0.12788281295511936, right(srz24618679358)
neg, 0.12788281295511936, right(srz193063697)
neg, 0.12788281295511936, right(srz274095917193)
neg, 0.1312754970724383, right(srz99311013270)
neg, 0.12788281295511936, right(srz1930611918)
neg, 0.12788281295511936, right(srz99311018784)
neg, 0.1312754970724383, right(srz27409594863)
neg, 0.12788281295511936, right(srz193065502)
neg, 0.12788281295511936, right(srz246186713737)
neg, 0.12788281295511936, right(srz193061589)
neg, 0.1312754970724383, right(srz44230444376)
neg, 0.12788281295511936, right(srz24618671313)
neg, 0.12788281295511936, right(srz24618678467)
neg, 0.12788281295511936, right(srz99311014931)
neg, 0.12788281295511936, right(srz99311019485)
neg, 0.1312754970724383, right(srz802972277)
neg, 0.1312754970724383, right(srz965661710876)
neg, 0.1872108373518019, right(srz96566179956)
neg, 0.2252026121146009, right(srz246186715777)
neg, 0.1312754970724383, right(srz27409599296)
neg, 0.20741489118092746, right(srz44248275649)
neg, 0.12788281295511936, right(srz24618672825)
neg, 0.12788281295511936, right(srz44230446957)
neg, 0.20741489118092746, right(srz193064147)
neg, 0.1872108373518019, right(srz8029722078)
neg, 0.17487980387577814, right(srz193063435)
neg, 0.1312754970724383, right(srz44230447791)
neg, 0.12788281295511936, right(srz193061724)
neg, 0.1872108373518019, right(srz246186713216)
neg, 0.1872108373518019, right(srz8029727155)
neg, 0.20741489118092746, right(srz8029724264)
neg, 0.1312754970724383, right(srz193067193)
neg, 0.1872108373518019, right(srz193068465)
neg, 0.1312754970724383, right(srz965661712780)
neg, 0.1872108373518019, right(srz1930611328)
neg, 0.12788281295511936, right(srz96594921441)
neg, 0.12788281295511936, right(srz96594929208)
neg, 0.1284615400382881, right(srz96594925286)
neg, 0.2252026121146009, right(srz8029727238)
neg, 0.12788281295511936, right(srz99311012658)
neg, 0.12788281295511936, right(srz965661715860)
neg, 0.12788281295511936, right(srz96594925500)
neg, 0.12788281295511936, right(srz246186716073)
neg, 0.20741489118092746, right(srz965949213980)
neg, 0.1872108373518019, right(srz193068692)
neg, 0.20741489118092746, right(srz246186711096)
neg, 0.12788281295511936, right(srz27409591671)
neg, 0.12788281295511936, right(srz965949211734)
neg, 0.1312754970724383, right(srz99311017173)
neg, 0.1312754970724383, right(srz246186710014)
neg, 0.12788281295511936, right(srz44230441800)
neg, 0.12788281295511936, right(srz193063186)
neg, 0.12788281295511936, right(srz24618677449)
neg, 0.12788281295511936, right(srz44230445549)
neg, 0.12788281295511936, right(srz96594925459)
neg, 0.20741489118092746, right(srz993110110312)
neg, 0.1872108373518019, right(srz19306192)
neg, 0.12788281295511936, right(srz24618676274)
neg, 0.1284615400382881, right(srz44230442660)
neg, 0.1312754970724383, right(srz193064325)
neg, 0.14158514118650908, right(srz965949212293)
neg, 0.1872108373518019, right(srz96566174653)
neg, 0.12788281295511936, right(srz24618672966)
neg, 0.20741489118092746, right(srz44248274096)
neg, 0.12788281295511936, right(srz27409591638)
neg, 0.13284978350377796, right(srz8029724509)
neg, 0.1872108373518019, right(srz274095911596)
neg, 0.1312754970724383, right(srz27409598975)
neg, 0.17487980387577814, right(srz96566177717)
neg, 0.12788281295511936, right(srz99311011150)
neg, 0.12788281295511936, right(srz965661712187)
neg, 0.13284978350377796, right(srz44248274376)
neg, 0.1872108373518019, right(srz274095911563)
neg, 0.20741489118092746, right(srz193062102)
neg, 0.12788281295511936, right(srz96594927651)
neg, 0.12788281295511936, right(srz27409599124)
neg, 0.1312754970724383, right(srz274095916284)
neg, 0.1312754970724383, right(srz96566171280)
neg, 0.12788281295511936, right(srz96566171810)
neg, 0.12788281295511936, right(srz8029721663)
neg, 0.18485684970456687, right(srz8029727936)
neg, 0.1872108373518019, right(srz1930611060)
neg, 0.12788281295511936, right(srz44230447151)
neg, 0.20741489118092746, right(srz8029721098)
neg, 0.1312754970724383, right(srz99311019210)
neg, 0.20741489118092746, right(srz99311017080)
neg, 0.12788281295511936, right(srz27409599179)
neg, 0.12788281295511936, right(srz27409596481)
neg, 0.1312754970724383, right(srz96594925839)
neg, 0.1284615400382881, right(srz44230442551)
neg, 0.1284615400382881, right(srz193068977)
neg, 0.12788281295511936, right(srz246186716032)
neg, 0.12788281295511936, right(srz96566172815)
neg, 0.1312754970724383, right(srz44230444859)
neg, 0.12788281295511936, right(srz965949212374)
neg, 0.17487980387577814, right(srz4423044127)
neg, 0.17487980387577814, right(srz8029724391)
neg, 0.12788281295511936, right(srz44248278138)
neg, 0.1312754970724383, right(srz246186716883)
neg, 0.14158514118650908, right(srz1930610542)
neg, 0.12788281295511936, right(srz96594929192)
neg, 0.17487980387577814, right(srz96594925796)
neg, 0.26569465657955116, right(srz24618672118)
neg, 0.1872108373518019, right(srz274095915459)
neg, 0.1312754970724383, right(srz44230443154)
neg, 0.1312754970724383, right(srz993110112093)
neg, 0.1872108373518019, right(srz44230446406)
neg, 0.1284615400382881, right(srz24618679309)
neg, 0.1284615400382881, right(srz99311018671)
neg, 0.12788281295511936, right(srz44230446793)
neg, 0.12788281295511936, right(srz274095914901)
neg, 0.1872108373518019, right(srz44230447943)
neg, 0.1872108373518019, right(srz96594929689)
neg, 0.1284615400382881, right(srz9931101411)
neg, 0.20741489118092746, right(srz27409597938)
neg, 0.12788281295511936, right(srz2740959718)
neg, 0.1872108373518019, right(srz96594926054)
neg, 0.1312754970724383, right(srz965661712497)
neg, 0.12788281295511936, right(srz24618671051)
neg, 0.20741489118092746, right(srz96594922610)
neg, 0.13284978350377796, right(srz193066846)
neg, 0.1312754970724383, right(srz44248271483)
neg, 0.14158514118650908, right(srz193067681)
neg, 0.2252026121146009, right(srz8029723950)
neg, 0.26569465657955116, right(srz96566176991)
neg, 0.1312754970724383, right(srz44248272828)
neg, 0.1872108373518019, right(srz99311018897)
neg, 0.1872108373518019, right(srz96566179939)
neg, 0.1872108373518019, right(srz96594921671)
neg, 0.1284615400382881, right(srz96594925349)
neg, 0.20741489118092746, right(srz44248274864)
neg, 0.1312754970724383, right(srz27409595454)
neg, 0.12788281295511936, right(srz9931101980)
neg, 0.1312754970724383, right(srz99311019008)
neg, 0.12788281295511936, right(srz44230447078)
neg, 0.1872108373518019, right(srz80297210809)
neg, 0.12788281295511936, right(srz44230447149)
neg, 0.1312754970724383, right(srz24618673558)
neg, 0.1872108373518019, right(srz99311018120)
neg, 0.1284615400382881, right(srz965661710402)
neg, 0.12788281295511936, right(srz4424827678)
neg, 0.12788281295511936, right(srz193066964)
neg, 0.1312754970724383, right(srz44248277197)
neg, 0.12788281295511936, right(srz993110111220)
neg, 0.1284615400382881, right(srz27409597185)
neg, 0.12788281295511936, right(srz246186710703)
neg, 0.12788281295511936, right(srz99311011228)
neg, 0.1312754970724383, right(srz99311012122)
neg, 0.1312754970724383, right(srz193061201)
neg, 0.12788281295511936, right(srz24618673110)
neg, 0.12788281295511936, right(srz246186717106)
neg, 0.1312754970724383, right(srz96566176440)
neg, 0.1872108373518019, right(srz274095913198)
neg, 0.20741489118092746, right(srz274095916704)
neg, 0.12788281295511936, right(srz44230443752)
neg, 0.13284978350377796, right(srz19306397)
neg, 0.12788281295511936, right(srz24618675889)
neg, 0.20741489118092746, right(srz8029729074)
neg, 0.1872108373518019, right(srz246186710493)
neg, 0.1312754970724383, right(srz44230444488)
neg, 0.26569465657955116, right(srz96566173857)
neg, 0.18485684970456687, right(srz9931101463)
neg, 0.13284978350377796, right(srz4423044381)
neg, 0.1872108373518019, right(srz96566176563)
neg, 0.1312754970724383, right(srz24618674976)
neg, 0.1872108373518019, right(srz44230445877)
neg, 0.1312754970724383, right(srz27409595970)
neg, 0.12788281295511936, right(srz24618671219)
neg, 0.1312754970724383, right(srz802972643)
neg, 0.12788281295511936, right(srz193061524)
neg, 0.12788281295511936, right(srz96566178966)
neg, 0.1312754970724383, right(srz27409594390)
neg, 0.20741489118092746, right(srz27409592446)
neg, 0.1312754970724383, right(srz99311017656)
neg, 0.12788281295511936, right(srz99311015000)
neg, 0.1312754970724383, right(srz965661712741)
neg, 0.1312754970724383, right(srz96594928130)
neg, 0.1872108373518019, right(srz965949213181)
neg, 0.26569465657955116, right(srz193063361)
neg, 0.20741489118092746, right(srz27409593111)
neg, 0.14158514118650908, right(srz8029727382)
neg, 0.1872108373518019, right(srz96594922681)
neg, 0.1312754970724383, right(srz96566172602)
neg, 0.18485684970456687, right(srz44248271168)
neg, 0.12788281295511936, right(srz44248278019)
neg, 0.12788281295511936, right(srz274095914969)
neg, 0.1312754970724383, right(srz965949211226)
neg, 0.17487980387577814, right(srz44230445934)
neg, 0.12788281295511936, right(srz1930611850)
neg, 0.12788281295511936, right(srz246186713028)
neg, 0.1284615400382881, right(srz96594921219)
neg, 0.12788281295511936, right(srz965949212741)
neg, 0.20741489118092746, right(srz24618678164)
neg, 0.1312754970724383, right(srz8029725279)
neg, 0.17487980387577814, right(srz193062417)
neg, 0.1284615400382881, right(srz246186710639)
neg, 0.12788281295511936, right(srz27409592963)
neg, 0.1872108373518019, right(srz99311011580)
neg, 0.1312754970724383, right(srz96594927216)
neg, 0.1312754970724383, right(srz24618673625)
neg, 0.26569465657955116, right(srz99311013582)
neg, 0.14158514118650908, right(srz193067714)
neg, 0.20741489118092746, right(srz44230447506)
neg, 0.26569465657955116, right(srz965661715586)
neg, 0.1312754970724383, right(srz965661713151)
neg, 0.12788281295511936, right(srz9659492886)
neg, 0.1312754970724383, right(srz24618673616)
neg, 0.13284978350377796, right(srz246186716972)
neg, 0.1312754970724383, right(srz993110111727)
neg, 0.26569465657955116, right(srz44230441309)
neg, 0.1312754970724383, right(srz8029721716)
neg, 0.1312754970724383, right(srz965661712487)
neg, 0.2252026121146009, right(srz27409598498)
neg, 0.20741489118092746, right(srz24618678211)
neg, 0.20741489118092746, right(srz2740959619)
neg, 0.20741489118092746, right(srz99311017461)
neg, 0.18485684970456687, right(srz8029727779)
neg, 0.12788281295511936, right(srz44248275798)
neg, 0.12788281295511936, right(srz4424827860)
neg, 0.18485684970456687, right(srz80297210579)
neg, 0.1284615400382881, right(srz965661710417)
neg, 0.1312754970724383, right(srz965949211051)
neg, 0.1312754970724383, right(srz193068828)
neg, 0.20741489118092746, right(srz1930610937)
neg, 0.12788281295511936, right(srz27409599056)
neg, 0.12788281295511936, right(srz96594921616)
neg, 0.12788281295511936, right(srz965661713877)
neg, 0.12788281295511936, right(srz965661715809)
neg, 0.1872108373518019, right(srz274095911667)
neg, 0.1312754970724383, right(srz24618674603)
neg, 0.1312754970724383, right(srz9656617520)
neg, 0.1312754970724383, right(srz44248271614)
neg, 0.12788281295511936, right(srz24618671191)
neg, 0.1872108373518019, right(srz274095911169)
neg, 0.1312754970724383, right(srz274095916299)
neg, 0.12788281295511936, right(srz4423044266)
neg, 0.1312754970724383, right(srz965949211567)
neg, 0.1284615400382881, right(srz44230445484)
neg, 0.2252026121146009, right(srz44248277148)
neg, 0.12788281295511936, right(srz24618672495)
neg, 0.18485684970456687, right(srz44230443565)
neg, 0.12788281295511936, right(srz27409599630)
neg, 0.12788281295511936, right(srz96594921365)
neg, 0.12788281295511936, right(srz274095911232)
neg, 0.1312754970724383, right(srz80297210081)
neg, 0.13284978350377796, right(srz965661714292)
neg, 0.1872108373518019, right(srz274095916994)
neg, 0.12788281295511936, right(srz24618677455)
neg, 0.20741489118092746, right(srz99311017460)
neg, 0.13284978350377796, right(srz99311013024)
neg, 0.1312754970724383, right(srz99311016383)
neg, 0.1872108373518019, right(srz44230441554)
neg, 0.1312754970724383, right(srz96594926816)
neg, 0.20741489118092746, right(srz96594929583)
neg, 0.1872108373518019, right(srz96566176989)
neg, 0.1312754970724383, right(srz1930611398)
neg, 0.20741489118092746, right(srz99311011813)
neg, 0.1312754970724383, right(srz96566173283)
neg, 0.1312754970724383, right(srz993110112091)
neg, 0.1312754970724383, right(srz96594929099)
neg, 0.12788281295511936, right(srz44230443959)
neg, 0.1312754970724383, right(srz274095912738)
neg, 0.1312754970724383, right(srz9931101102)
neg, 0.20741489118092746, right(srz193065317)
neg, 0.1284615400382881, right(srz44230442562)
neg, 0.12788281295511936, right(srz274095915974)
neg, 0.26569465657955116, right(srz8029724100)
neg, 0.1872108373518019, right(srz274095911086)
neg, 0.20741489118092746, right(srz193065143)
neg, 0.12788281295511936, right(srz44230444078)
neg, 0.12788281295511936, right(srz96566178724)
neg, 0.12788281295511936, right(srz96566179073)
neg, 0.20741489118092746, right(srz96594929944)
neg, 0.1312754970724383, right(srz44230447267)
neg, 0.12788281295511936, right(srz274095912999)
neg, 0.1312754970724383, right(srz44230447773)
neg, 0.12788281295511936, right(srz9656617343)
neg, 0.1872108373518019, right(srz8029725078)
neg, 0.1872108373518019, right(srz274095911629)
neg, 0.12788281295511936, right(srz965949212883)
neg, 0.2252026121146009, right(srz193069226)
neg, 0.12788281295511936, right(srz96594922798)
neg, 0.12788281295511936, right(srz44248277697)
neg, 0.1872108373518019, right(srz8029727962)
neg, 0.18485684970456687, right(srz44248275046)
neg, 0.17487980387577814, right(srz44248274197)
neg, 0.12788281295511936, right(srz8029725947)
neg, 0.24364176356732303, right(srz965661713712)
neg, 0.17487980387577814, right(srz19306549)
neg, 0.14158514118650908, right(srz44248275279)
neg, 0.1312754970724383, right(srz193063025)
neg, 0.1284615400382881, right(srz246186710650)
neg, 0.1312754970724383, right(srz96594928889)
neg, 0.12788281295511936, right(srz96566173024)
neg, 0.1872108373518019, right(srz44230447750)
neg, 0.12788281295511936, right(srz27409592355)
neg, 0.1312754970724383, right(srz24618678065)
neg, 0.18485684970456687, right(srz8029724528)
neg, 0.1312754970724383, right(srz24618678584)
neg, 0.12788281295511936, right(srz274095916211)
neg, 0.12788281295511936, right(srz993110111214)
neg, 0.1312754970724383, right(srz193066250)
neg, 0.1312754970724383, right(srz99311017643)
neg, 0.1872108373518019, right(srz8029725098)
neg, 0.1312754970724383, right(srz44248276369)
neg, 0.17487980387577814, right(srz96594921112)
neg, 0.12788281295511936, right(srz193069174)
neg, 0.12788281295511936, right(srz24618675210)
neg, 0.1312754970724383, right(srz24618674808)
neg, 0.12788281295511936, right(srz246186717076)
neg, 0.1872108373518019, right(srz8029725081)
neg, 0.1312754970724383, right(srz27409596903)
neg, 0.1312754970724383, right(srz44248272069)
neg, 0.1312754970724383, right(srz274095913985)
neg, 0.12788281295511936, right(srz27409594189)
neg, 0.1312754970724383, right(srz8029729554)
neg, 0.20741489118092746, right(srz965949213899)
neg, 0.18485684970456687, right(srz44230441891)
neg, 0.12788281295511936, right(srz99311012701)
neg, 0.1284615400382881, right(srz24618675861)
neg, 0.12788281295511936, right(srz44248276895)
neg, 0.1312754970724383, right(srz193061241)
neg, 0.12788281295511936, right(srz96566171887)
neg, 0.1312754970724383, right(srz246186710317)
neg, 0.12788281295511936, right(srz96594928607)
neg, 0.1872108373518019, right(srz96566174670)
neg, 0.12788281295511936, right(srz8029722941)
neg, 0.12788281295511936, right(srz2461867943)
neg, 0.12788281295511936, right(srz24618671945)
neg, 0.1312754970724383, right(srz965949211648)
neg, 0.12788281295511936, right(srz44230441062)
neg, 0.20741489118092746, right(srz44230446327)
neg, 0.12788281295511936, right(srz44230446782)
neg, 0.1312754970724383, right(srz99311017205)
neg, 0.14158514118650908, right(srz193065927)
neg, 0.12788281295511936, right(srz993110111906)
neg, 0.12788281295511936, right(srz99311014887)
neg, 0.1312754970724383, right(srz24618677649)
neg, 0.1312754970724383, right(srz274095912766)
neg, 0.12788281295511936, right(srz965661712697)
neg, 0.1312754970724383, right(srz99311011886)
neg, 0.17487980387577814, right(srz96566177633)
neg, 0.1312754970724383, right(srz27409596162)
neg, 0.20741489118092746, right(srz2461867362)
neg, 0.18511330982967572, right(srz4424827170)
neg, 0.1312754970724383, right(srz4424827113)
neg, 0.13284978350377796, right(srz246186716467)
neg, 0.20741489118092746, right(srz96566175633)
neg, 0.1312754970724383, right(srz1930612073)
neg, 0.18485684970456687, right(srz99311013420)
neg, 0.20741489118092746, right(srz24618679575)
neg, 0.12788281295511936, right(srz193064058)
neg, 0.20741489118092746, right(srz44230445841)
neg, 0.12788281295511936, right(srz274095911350)
neg, 0.12788281295511936, right(srz1930612192)
neg, 0.12788281295511936, right(srz442304413)
neg, 0.12788281295511936, right(srz965949211996)
neg, 0.1312754970724383, right(srz96566176502)
neg, 0.20741489118092746, right(srz1930610954)
neg, 0.13284978350377796, right(srz8029724436)
neg, 0.1872108373518019, right(srz274095915465)
neg, 0.12788281295511936, right(srz96566171906)
neg, 0.1872108373518019, right(srz24618674644)
neg, 0.1312754970724383, right(srz802972667)
neg, 0.12788281295511936, right(srz8029727723)
neg, 0.1312754970724383, right(srz24618673639)
neg, 0.1872108373518019, right(srz96566171383)
neg, 0.12788281295511936, right(srz96594924519)
neg, 0.12788281295511936, right(srz96594925414)
neg, 0.12788281295511936, right(srz44248271671)
neg, 0.12788281295511936, right(srz96594928667)
neg, 0.18485684970456687, right(srz99311012960)
neg, 0.12788281295511936, right(srz965661712093)
neg, 0.24364176356732303, right(srz965661713393)
neg, 0.12788281295511936, right(srz96566172857)
neg, 0.12788281295511936, right(srz965661712011)
neg, 0.12788281295511936, right(srz24618677307)
neg, 0.14158514118650908, right(srz44248276585)
neg, 0.12788281295511936, right(srz193068007)
neg, 0.12788281295511936, right(srz24618671012)
neg, 0.1312754970724383, right(srz96566175710)
neg, 0.12788281295511936, right(srz4424827801)
neg, 0.1284615400382881, right(srz96594921303)
neg, 0.20741489118092746, right(srz2461867349)
neg, 0.14158514118650908, right(srz44248277082)
neg, 0.1312754970724383, right(srz27409595975)
neg, 0.20741489118092746, right(srz27409594563)
neg, 0.12788281295511936, right(srz27409593567)
neg, 0.12788281295511936, right(srz99311015545)
neg, 0.1312754970724383, right(srz8029729927)
neg, 0.20741489118092746, right(srz2740959871)
neg, 0.20741489118092746, right(srz965949254)
neg, 0.20741489118092746, right(srz99311016871)
neg, 0.20741489118092746, right(srz80297294)
neg, 0.20741489118092746, right(srz9931101327)
neg, 0.12788281295511936, right(srz96566175966)
neg, 0.20741489118092746, right(srz44248277498)
neg, 0.1312754970724383, right(srz96566173314)
neg, 0.1312754970724383, right(srz965661712428)
neg, 0.20741489118092746, right(srz8029723375)
neg, 0.1312754970724383, right(srz27409597810)
neg, 0.1312754970724383, right(srz44248271010)
neg, 0.1312754970724383, right(srz8029722303)
neg, 0.13284978350377796, right(srz99311016069)
neg, 0.12788281295511936, right(srz9931101944)
neg, 0.12788281295511936, right(srz24618679375)
neg, 0.12788281295511936, right(srz44248275753)
neg, 0.12788281295511936, right(srz1930611780)
neg, 0.1872108373518019, right(srz96566179921)
neg, 0.17487980387577814, right(srz274095910165)
neg, 0.12788281295511936, right(srz246186716389)
neg, 0.12788281295511936, right(srz274095917118)
neg, 0.17487980387577814, right(srz4423044129)
neg, 0.12788281295511936, right(srz193063937)
neg, 0.12788281295511936, right(srz27409595269)
neg, 0.20741489118092746, right(srz44248272938)
neg, 0.12788281295511936, right(srz99311019486)
neg, 0.12788281295511936, right(srz96594921392)
neg, 0.1872108373518019, right(srz993110110510)
neg, 0.1312754970724383, right(srz24618679494)
neg, 0.1312754970724383, right(srz193067100)
neg, 0.1312754970724383, right(srz8029726335)
neg, 0.15013817616499373, right(srz99311018877)
neg, 0.12788281295511936, right(srz27409591458)
neg, 0.12788281295511936, right(srz4424827658)
neg, 0.12788281295511936, right(srz96566178931)
neg, 0.12788281295511936, right(srz993110111180)
neg, 0.1872108373518019, right(srz27409598682)
neg, 0.1284615400382881, right(srz96594925220)
neg, 0.12788281295511936, right(srz99311013108)
neg, 0.1312754970724383, right(srz96566179187)
neg, 0.12788281295511936, right(srz274095998)
neg, 0.12788281295511936, right(srz193063235)
neg, 0.26569465657955116, right(srz96594922179)
neg, 0.17487980387577814, right(srz96594922110)
neg, 0.1312754970724383, right(srz80297210040)
neg, 0.12788281295511936, right(srz24618675216)
neg, 0.12788281295511936, right(srz44248274668)
neg, 0.1872108373518019, right(srz8029727667)
neg, 0.1312754970724383, right(srz27409594487)
neg, 0.1312754970724383, right(srz44230443336)
neg, 0.12788281295511936, right(srz96594926737)
neg, 0.1312754970724383, right(srz8029724622)
neg, 0.1284615400382881, right(srz965661710517)
neg, 0.13284978350377796, right(srz44230446647)
neg, 0.14158514118650908, right(srz99311014355)
neg, 0.12788281295511936, right(srz1930610435)
neg, 0.12788281295511936, right(srz965949211919)
neg, 0.12788281295511936, right(srz246186716049)
neg, 0.1312754970724383, right(srz99311017649)
neg, 0.1312754970724383, right(srz24618678092)
neg, 0.12788281295511936, right(srz44248271817)
neg, 0.12788281295511936, right(srz24618677379)
neg, 0.1312754970724383, right(srz96594927235)
neg, 0.1312754970724383, right(srz99311012048)
neg, 0.18511330982967572, right(srz193065185)
neg, 0.1312754970724383, right(srz193061785)
neg, 0.20741489118092746, right(srz99311014429)
neg, 0.1312754970724383, right(srz96566177331)
neg, 0.1872108373518019, right(srz44248277427)
neg, 0.12788281295511936, right(srz246186714826)
neg, 0.1312754970724383, right(srz9659492961)
neg, 0.1312754970724383, right(srz99311011909)
neg, 0.20741489118092746, right(srz274095913177)
neg, 0.12788281295511936, right(srz96566175052)
neg, 0.12788281295511936, right(srz24618675959)
neg, 0.12788281295511936, right(srz965661715993)
neg, 0.1312754970724383, right(srz8029724090)
neg, 0.1872108373518019, right(srz965661711187)
neg, 0.1312754970724383, right(srz44248272535)
neg, 0.12788281295511936, right(srz4424827330)
neg, 0.1312754970724383, right(srz80297210099)
neg, 0.13284978350377796, right(srz99311019563)
neg, 0.1312754970724383, right(srz44230444771)
neg, 0.1312754970724383, right(srz8029726249)
neg, 0.12788281295511936, right(srz44248273359)
neg, 0.14158514118650908, right(srz44248275086)
neg, 0.12788281295511936, right(srz96566172919)
neg, 0.1312754970724383, right(srz246186713631)
neg, 0.13284978350377796, right(srz44230441773)
neg, 0.20741489118092746, right(srz80297210522)
neg, 0.1312754970724383, right(srz1930610700)
neg, 0.20741489118092746, right(srz1930611333)
neg, 0.1284615400382881, right(srz1930610317)
neg, 0.1872108373518019, right(srz96594928093)
neg, 0.1312754970724383, right(srz96566174089)
neg, 0.20741489118092746, right(srz193065297)
neg, 0.15013817616499373, right(srz1930611419)
neg, 0.12788281295511936, right(srz4423044905)
neg, 0.12788281295511936, right(srz4424827918)
neg, 0.17487980387577814, right(srz8029726133)
neg, 0.18485684970456687, right(srz99311015225)
neg, 0.1312754970724383, right(srz44230446076)
neg, 0.12788281295511936, right(srz274095910580)
neg, 0.20741489118092746, right(srz274095917032)
neg, 0.12788281295511936, right(srz24618678975)
neg, 0.12788281295511936, right(srz965661711224)
neg, 0.14158514118650908, right(srz193065985)
neg, 0.14158514118650908, right(srz44248275064)
neg, 0.13284978350377796, right(srz193065047)
neg, 0.1312754970724383, right(srz8029722205)
neg, 0.12788281295511936, right(srz99311016628)
neg, 0.13284978350377796, right(srz99311019541)
neg, 0.1312754970724383, right(srz9931101188)
neg, 0.18485684970456687, right(srz80297210583)
neg, 0.1312754970724383, right(srz965661712305)
neg, 0.12788281295511936, right(srz27409599098)
neg, 0.12788281295511936, right(srz44248272376)
neg, 0.20741489118092746, right(srz8029722091)
neg, 0.26569465657955116, right(srz44230441996)
neg, 0.1312754970724383, right(srz99311014116)
neg, 0.20741489118092746, right(srz9656617657)
neg, 0.1872108373518019, right(srz965661714759)
neg, 0.18485684970456687, right(srz8029728079)
neg, 0.12788281295511936, right(srz96594928643)
neg, 0.1312754970724383, right(srz24618678335)
neg, 0.20741489118092746, right(srz193067003)
neg, 0.12788281295511936, right(srz1930611708)
neg, 0.17487980387577814, right(srz44230441516)
neg, 0.12788281295511936, right(srz274095913641)
neg, 0.20741489118092746, right(srz246186712758)
neg, 0.1312754970724383, right(srz965661713531)
neg, 0.12788281295511936, right(srz27409592717)
neg, 0.20741489118092746, right(srz8029724155)
neg, 0.12788281295511936, right(srz193066090)
neg, 0.17487980387577814, right(srz8029723490)
neg, 0.1312754970724383, right(srz802972127)
neg, 0.12788281295511936, right(srz27409591186)
neg, 0.1872108373518019, right(srz965661715217)
neg, 0.12788281295511936, right(srz27409599617)
neg, 0.12788281295511936, right(srz27409591779)
neg, 0.20741489118092746, right(srz993110110326)
neg, 0.18485684970456687, right(srz965661711283)
neg, 0.12788281295511936, right(srz193064003)
neg, 0.1312754970724383, right(srz99311012861)
neg, 0.1312754970724383, right(srz27409594608)
neg, 0.1872108373518019, right(srz27409598276)
neg, 0.13284978350377796, right(srz44248274348)
neg, 0.1312754970724383, right(srz44248276396)
neg, 0.12788281295511936, right(srz274095914274)
neg, 0.1312754970724383, right(srz44230443323)
neg, 0.1312754970724383, right(srz96594929855)
neg, 0.1312754970724383, right(srz44248275539)
neg, 0.12788281295511936, right(srz44230444131)
neg, 0.1312754970724383, right(srz96566177242)
neg, 0.1312754970724383, right(srz193067297)
neg, 0.1312754970724383, right(srz96594925726)
neg, 0.1872108373518019, right(srz193064389)
neg, 0.1872108373518019, right(srz44248277097)
neg, 0.1312754970724383, right(srz8029729581)
neg, 0.20741489118092746, right(srz44248274086)
neg, 0.1312754970724383, right(srz96594923634)
neg, 0.1312754970724383, right(srz27409595388)
neg, 0.1312754970724383, right(srz274095912080)
neg, 0.12788281295511936, right(srz274095913820)
neg, 0.12788281295511936, right(srz965661714834)
neg, 0.12788281295511936, right(srz44230445505)
neg, 0.18485684970456687, right(srz27409593676)
neg, 0.14158514118650908, right(srz193065883)
neg, 0.12788281295511936, right(srz44248271792)
neg, 0.12788281295511936, right(srz8029729140)
neg, 0.12788281295511936, right(srz96566178380)
neg, 0.1312754970724383, right(srz96594922663)
neg, 0.1284615400382881, right(srz965661710467)
neg, 0.1872108373518019, right(srz8029729719)
neg, 0.12788281295511936, right(srz99311015134)
neg, 0.12788281295511936, right(srz246186711656)
neg, 0.1312754970724383, right(srz246186713660)
neg, 0.12788281295511936, right(srz27409593552)
neg, 0.1312754970724383, right(srz96566175505)
neg, 0.12788281295511936, right(srz193069136)
neg, 0.12788281295511936, right(srz9656617413)
neg, 0.20741489118092746, right(srz2740959655)
neg, 0.18485684970456687, right(srz193066627)
neg, 0.20741489118092746, right(srz8029723378)
neg, 0.1872108373518019, right(srz965949211087)
neg, 0.1312754970724383, right(srz96594927489)
neg, 0.18485684970456687, right(srz193065221)
neg, 0.1312754970724383, right(srz27409598795)
neg, 0.12788281295511936, right(srz965661710615)
neg, 0.1312754970724383, right(srz96566179745)
neg, 0.12788281295511936, right(srz96566171669)
neg, 0.1872108373518019, right(srz193065350)
neg, 0.1872108373518019, right(srz965661711453)
neg, 0.20741489118092746, right(srz44230447216)
neg, 0.12788281295511936, right(srz99311014910)
neg, 0.1312754970724383, right(srz965661715417)
neg, 0.1872108373518019, right(srz965661713737)
neg, 0.1312754970724383, right(srz96594921872)
neg, 0.12788281295511936, right(srz274095911281)
neg, 0.12788281295511936, right(srz246186713347)
neg, 0.1312754970724383, right(srz246186714508)
neg, 0.1312754970724383, right(srz802972288)
neg, 0.20741489118092746, right(srz274095915309)
neg, 0.18511330982967572, right(srz193062539)
neg, 0.12788281295511936, right(srz274095917187)
neg, 0.1312754970724383, right(srz965661714591)
neg, 0.13284978350377796, right(srz99311019589)
neg, 0.1872108373518019, right(srz993110110426)
neg, 0.1312754970724383, right(srz96594925714)
neg, 0.12788281295511936, right(srz4424827788)
neg, 0.12788281295511936, right(srz24618671176)
neg, 0.13284978350377796, right(srz99311013025)
neg, 0.1312754970724383, right(srz44248271555)
neg, 0.1312754970724383, right(srz99311018341)
neg, 0.1872108373518019, right(srz8029726817)
neg, 0.1284615400382881, right(srz96594926569)
neg, 0.12788281295511936, right(srz44248273344)
neg, 0.20741489118092746, right(srz193061001)
neg, 0.12788281295511936, right(srz193061408)
neg, 0.1312754970724383, right(srz193062823)
neg, 0.1312754970724383, right(srz27409595386)
neg, 0.1284615400382881, right(srz96594921298)
neg, 0.1312754970724383, right(srz99311015292)
neg, 0.1872108373518019, right(srz8029728670)
neg, 0.1312754970724383, right(srz99311017839)
neg, 0.12788281295511936, right(srz8029726039)
neg, 0.20741489118092746, right(srz27409594640)
neg, 0.17487980387577814, right(srz96566172519)
neg, 0.24364176356732303, right(srz44230444592)
neg, 0.12788281295511936, right(srz8029721422)
neg, 0.1312754970724383, right(srz24618679513)
neg, 0.12788281295511936, right(srz2461867525)
neg, 0.12788281295511936, right(srz246186715907)
neg, 0.12788281295511936, right(srz19306922)
neg, 0.17487980387577814, right(srz27409593471)
neg, 0.1872108373518019, right(srz965949210491)
neg, 0.1312754970724383, right(srz965661715060)
neg, 0.1312754970724383, right(srz96594928030)
neg, 0.12788281295511936, right(srz8029723997)
neg, 0.1312754970724383, right(srz193062821)
neg, 0.12788281295511936, right(srz993110111265)
neg, 0.1312754970724383, right(srz965661714623)
neg, 0.20741489118092746, right(srz99311011352)
neg, 0.20741489118092746, right(srz274095917014)
neg, 0.1312754970724383, right(srz193067435)
neg, 0.1284615400382881, right(srz9656617283)
neg, 0.2252026121146009, right(srz96594926798)
neg, 0.1312754970724383, right(srz24618679970)
neg, 0.12788281295511936, right(srz96566173078)
neg, 0.12788281295511936, right(srz27409599251)
neg, 0.12788281295511936, right(srz8029725591)
neg, 0.12788281295511936, right(srz246186712089)
neg, 0.20741489118092746, right(srz965661710047)
neg, 0.1312754970724383, right(srz246186710416)
neg, 0.13284978350377796, right(srz193066853)
neg, 0.20741489118092746, right(srz9656617747)
neg, 0.1312754970724383, right(srz24618673372)
neg, 0.1312754970724383, right(srz993110112337)
neg, 0.1312754970724383, right(srz802972191)
neg, 0.12788281295511936, right(srz24618671900)
neg, 0.26569465657955116, right(srz8029721783)
neg, 0.1284615400382881, right(srz193069050)
neg, 0.1312754970724383, right(srz96566178203)
neg, 0.12788281295511936, right(srz965661711671)
neg, 0.12788281295511936, right(srz96594923964)
neg, 0.1312754970724383, right(srz193069633)
neg, 0.1312754970724383, right(srz96566174028)
neg, 0.12788281295511936, right(srz246186712049)
neg, 0.26569465657955116, right(srz246186710950)
neg, 0.1872108373518019, right(srz193063060)
neg, 0.12788281295511936, right(srz9656617530)
neg, 0.14158514118650908, right(srz99311013428)
neg, 0.12788281295511936, right(srz24618672240)
neg, 0.12788281295511936, right(srz8029722599)
neg, 0.13284978350377796, right(srz99311019609)
neg, 0.1312754970724383, right(srz44248271849)
neg, 0.1312754970724383, right(srz274095910519)
neg, 0.1312754970724383, right(srz99311017467)
neg, 0.12788281295511936, right(srz274095912497)
neg, 0.12788281295511936, right(srz27409591331)
neg, 0.1312754970724383, right(srz8029724675)
neg, 0.1312754970724383, right(srz96594925131)
neg, 0.12788281295511936, right(srz193067878)
neg, 0.1312754970724383, right(srz44230444440)
neg, 0.12788281295511936, right(srz4424827764)
neg, 0.1312754970724383, right(srz8029728504)
neg, 0.14158514118650908, right(srz193067798)
neg, 0.1312754970724383, right(srz8029722387)
neg, 0.20741489118092746, right(srz965661711498)
neg, 0.12788281295511936, right(srz4424827889)
neg, 0.20741489118092746, right(srz24618671932)
neg, 0.12788281295511936, right(srz27409599164)
neg, 0.12788281295511936, right(srz96566171815)
neg, 0.12788281295511936, right(srz24618676277)
neg, 0.12788281295511936, right(srz44230446926)
neg, 0.1284615400382881, right(srz27409597232)
neg, 0.20741489118092746, right(srz274095915450)
neg, 0.12788281295511936, right(srz965661714075)
neg, 0.12788281295511936, right(srz44230446875)
neg, 0.1872108373518019, right(srz99311016402)
neg, 0.1312754970724383, right(srz193066662)
neg, 0.12788281295511936, right(srz9656617395)
neg, 0.20741489118092746, right(srz802972703)
neg, 0.1312754970724383, right(srz27409596657)
neg, 0.1312754970724383, right(srz99311012091)
neg, 0.1312754970724383, right(srz24618675457)
neg, 0.1312754970724383, right(srz4424827139)
neg, 0.1312754970724383, right(srz24618675000)
neg, 0.24364176356732303, right(srz965661724)
neg, 0.1312754970724383, right(srz9659492359)
neg, 0.1872108373518019, right(srz993110111763)
neg, 0.12788281295511936, right(srz27409595111)
neg, 0.14158514118650908, right(srz193065941)
neg, 0.1312754970724383, right(srz8029726585)
neg, 0.1872108373518019, right(srz8029724883)
neg, 0.12788281295511936, right(srz96594922860)
neg, 0.12788281295511936, right(srz44230445545)
neg, 0.12788281295511936, right(srz96594927735)
neg, 0.1872108373518019, right(srz1930611084)
neg, 0.13284978350377796, right(srz4424827494)
neg, 0.18485684970456687, right(srz193069198)
neg, 0.12788281295511936, right(srz44248275598)
neg, 0.12788281295511936, right(srz8029725634)
neg, 0.12788281295511936, right(srz96594923401)
neg, 0.17487980387577814, right(srz8029727860)
neg, 0.13284978350377796, right(srz4423044406)
neg, 0.12788281295511936, right(srz965949211844)
neg, 0.12788281295511936, right(srz8029724545)
neg, 0.20741489118092746, right(srz99311013518)
neg, 0.12788281295511936, right(srz274095914827)
neg, 0.1312754970724383, right(srz8029721809)
neg, 0.1284615400382881, right(srz965661710418)
neg, 0.1312754970724383, right(srz96566171300)
neg, 0.1312754970724383, right(srz24618676827)
neg, 0.12788281295511936, right(srz24618673817)
neg, 0.1312754970724383, right(srz44230444702)
neg, 0.12788281295511936, right(srz1930611230)
neg, 0.12788281295511936, right(srz993110111343)
neg, 0.1312754970724383, right(srz193063029)
neg, 0.1312754970724383, right(srz27409594657)
neg, 0.12788281295511936, right(srz99311012687)
neg, 0.1872108373518019, right(srz96594929973)
neg, 0.20741489118092746, right(srz965661710854)
neg, 0.12788281295511936, right(srz8029721532)
neg, 0.1312754970724383, right(srz993110110557)
neg, 0.1312754970724383, right(srz802972579)
neg, 0.1284615400382881, right(srz246186710673)
neg, 0.12788281295511936, right(srz246186770)
neg, 0.1872108373518019, right(srz193066686)
neg, 0.12788281295511936, right(srz44230441089)
neg, 0.1872108373518019, right(srz24618673711)
neg, 0.1312754970724383, right(srz44248275888)
neg, 0.1872108373518019, right(srz965661714763)
neg, 0.17487980387577814, right(srz44230445802)
neg, 0.1312754970724383, right(srz96566176350)
neg, 0.12788281295511936, right(srz8029726067)
neg, 0.12788281295511936, right(srz96566177809)
neg, 0.12788281295511936, right(srz27409593832)
neg, 0.14158514118650908, right(srz99311011434)
neg, 0.1312754970724383, right(srz246186716639)
neg, 0.17487980387577814, right(srz19306545)
neg, 0.1312754970724383, right(srz44230445852)
neg, 0.1312754970724383, right(srz99311012973)
neg, 0.1312754970724383, right(srz80297210093)
neg, 0.13284978350377796, right(srz19306441)
neg, 0.12788281295511936, right(srz9931101841)
neg, 0.1312754970724383, right(srz44248271579)
neg, 0.1284615400382881, right(srz96566171530)
neg, 0.12788281295511936, right(srz27409591077)
neg, 0.1312754970724383, right(srz44248273211)
neg, 0.20741489118092746, right(srz44230443184)
neg, 0.1872108373518019, right(srz99311019434)
neg, 0.13284978350377796, right(srz965661714317)
neg, 0.20741489118092746, right(srz965949212192)
neg, 0.12788281295511936, right(srz274095911230)
neg, 0.12788281295511936, right(srz44248275561)
neg, 0.1872108373518019, right(srz44248271)
neg, 0.1312754970724383, right(srz246186710437)
neg, 0.1312754970724383, right(srz96566175711)
neg, 0.1312754970724383, right(srz96566176349)
neg, 0.20741489118092746, right(srz246186711498)
neg, 0.12788281295511936, right(srz24618672885)
neg, 0.12788281295511936, right(srz44230446605)
neg, 0.12788281295511936, right(srz8029722134)
neg, 0.17487980387577814, right(srz99311016161)
neg, 0.12788281295511936, right(srz96594927085)
neg, 0.12788281295511936, right(srz1930611214)
neg, 0.12788281295511936, right(srz80297210396)
neg, 0.13284978350377796, right(srz99311016020)
neg, 0.12788281295511936, right(srz24618671335)
neg, 0.20741489118092746, right(srz99311012907)
neg, 0.12788281295511936, right(srz193064916)
neg, 0.2252026121146009, right(srz44230442124)
neg, 0.1312754970724383, right(srz193068844)
neg, 0.20741489118092746, right(srz27409597802)
neg, 0.12788281295511936, right(srz274095914940)
neg, 0.12788281295511936, right(srz193065522)
neg, 0.12788281295511936, right(srz27409591491)
neg, 0.1284615400382881, right(srz96566172443)
neg, 0.12788281295511936, right(srz965661712008)
neg, 0.12788281295511936, right(srz246186714746)
neg, 0.12788281295511936, right(srz8029722875)
neg, 0.1312754970724383, right(srz44248272116)
neg, 0.12788281295511936, right(srz27409597279)
neg, 0.17487980387577814, right(srz44230447486)
neg, 0.20741489118092746, right(srz96566178503)
neg, 0.1312754970724383, right(srz8029724745)
neg, 0.12788281295511936, right(srz274095911726)
neg, 0.18485684970456687, right(srz44248271467)
neg, 0.12788281295511936, right(srz993110111750)
neg, 0.18485684970456687, right(srz99311016967)
neg, 0.12788281295511936, right(srz27409599496)
neg, 0.12788281295511936, right(srz274095910577)
neg, 0.1312754970724383, right(srz8029724711)
neg, 0.17487980387577814, right(srz44248276470)
neg, 0.1312754970724383, right(srz4424827223)
neg, 0.12788281295511936, right(srz24618675209)
neg, 0.1872108373518019, right(srz27409598017)
neg, 0.1872108373518019, right(srz1930611095)
neg, 0.18511330982967572, right(srz193061048)
neg, 0.1312754970724383, right(srz993110111997)
neg, 0.1312754970724383, right(srz96566176817)
neg, 0.17487980387577814, right(srz96566177770)
neg, 0.12788281295511936, right(srz44248273541)
neg, 0.12788281295511936, right(srz44248272316)
neg, 0.20741489118092746, right(srz44230445913)
neg, 0.12788281295511936, right(srz99311016463)
neg, 0.1312754970724383, right(srz44248271324)
neg, 0.1312754970724383, right(srz99311011699)
neg, 0.1312754970724383, right(srz99311017880)
neg, 0.12788281295511936, right(srz96566176675)
neg, 0.1312754970724383, right(srz27409596032)
neg, 0.1312754970724383, right(srz993110110875)
neg, 0.20741489118092746, right(srz24618675587)
neg, 0.18485684970456687, right(srz44230441904)
neg, 0.1312754970724383, right(srz193065669)
neg, 0.17487980387577814, right(srz44248271398)
neg, 0.20741489118092746, right(srz44230448142)
neg, 0.1872108373518019, right(srz274095911665)
neg, 0.20741489118092746, right(srz24618679603)
neg, 0.17487980387577814, right(srz44230445948)
neg, 0.13284978350377796, right(srz44230443780)
neg, 0.20741489118092746, right(srz44230446243)
neg, 0.1312754970724383, right(srz27409599958)
neg, 0.1312754970724383, right(srz44248277397)
neg, 0.1312754970724383, right(srz246186714485)
neg, 0.2252026121146009, right(srz1930611551)
neg, 0.1312754970724383, right(srz965949213487)
neg, 0.1312754970724383, right(srz44248274913)
neg, 0.1312754970724383, right(srz99311018366)
neg, 0.1312754970724383, right(srz8029723977)
neg, 0.12788281295511936, right(srz27409592328)
neg, 0.12788281295511936, right(srz193066756)
neg, 0.13284978350377796, right(srz96566173709)
neg, 0.13284978350377796, right(srz99311019591)
neg, 0.17487980387577814, right(srz96566177722)
neg, 0.17487980387577814, right(srz96566177765)
neg, 0.1312754970724383, right(srz965661710867)
neg, 0.20741489118092746, right(srz96594923468)
neg, 0.12788281295511936, right(srz2461867664)
neg, 0.12788281295511936, right(srz99311013286)
neg, 0.1312754970724383, right(srz96566175535)
neg, 0.1284615400382881, right(srz965661710396)
neg, 0.20741489118092746, right(srz993110111096)
neg, 0.1312754970724383, right(srz44248273162)
neg, 0.1872108373518019, right(srz193068893)
neg, 0.1312754970724383, right(srz193062565)
neg, 0.1872108373518019, right(srz99311016379)
neg, 0.12788281295511936, right(srz4423044843)
neg, 0.20741489118092746, right(srz96594927853)
neg, 0.1312754970724383, right(srz44248276073)
neg, 0.12788281295511936, right(srz246186714332)
neg, 0.12788281295511936, right(srz44248277660)
neg, 0.12788281295511936, right(srz246186716216)
neg, 0.1312754970724383, right(srz965661712715)
neg, 0.18485684970456687, right(srz44248274944)
neg, 0.12788281295511936, right(srz44230444101)
neg, 0.20741489118092746, right(srz274095910868)
neg, 0.12788281295511936, right(srz246186714674)
neg, 0.12788281295511936, right(srz4423044234)
neg, 0.12788281295511936, right(srz44230441094)
neg, 0.13284978350377796, right(srz193066811)
neg, 0.12788281295511936, right(srz44230446357)
neg, 0.1312754970724383, right(srz44230443573)
neg, 0.1312754970724383, right(srz44248272168)
neg, 0.20741489118092746, right(srz96566174756)
neg, 0.26569465657955116, right(srz8029721036)
neg, 0.14158514118650908, right(srz99311016302)
neg, 0.1312754970724383, right(srz96594921906)
neg, 0.12788281295511936, right(srz44248277854)
neg, 0.1284615400382881, right(srz274095912200)
neg, 0.12788281295511936, right(srz96594924522)
neg, 0.1312754970724383, right(srz96566172611)
neg, 0.12788281295511936, right(srz965949218)
neg, 0.12788281295511936, right(srz99311013181)
neg, 0.12788281295511936, right(srz993110110592)
neg, 0.12788281295511936, right(srz99311015929)
neg, 0.1312754970724383, right(srz965949214005)
neg, 0.12788281295511936, right(srz2461867390)
neg, 0.12788281295511936, right(srz193066206)
neg, 0.13284978350377796, right(srz44230443838)
neg, 0.20741489118092746, right(srz8029723524)
neg, 0.20741489118092746, right(srz96566179155)
neg, 0.20741489118092746, right(srz44230448139)
neg, 0.12788281295511936, right(srz193063933)
neg, 0.12788281295511936, right(srz96594929415)
neg, 0.12788281295511936, right(srz96594927720)
neg, 0.1312754970724383, right(srz99311012075)
neg, 0.1312754970724383, right(srz193069640)
neg, 0.18485684970456687, right(srz99311016143)
neg, 0.1312754970724383, right(srz193069644)
neg, 0.12788281295511936, right(srz99311018770)
neg, 0.12788281295511936, right(srz8029722137)
neg, 0.1312754970724383, right(srz27409595428)
neg, 0.1312754970724383, right(srz96594925817)
neg, 0.17487980387577814, right(srz27409593486)
neg, 0.12788281295511936, right(srz965949212936)
neg, 0.1312754970724383, right(srz8029722587)
neg, 0.12788281295511936, right(srz27409591249)
neg, 0.14158514118650908, right(srz8029723780)
neg, 0.1872108373518019, right(srz246186713555)
neg, 0.17487980387577814, right(srz96594925794)
neg, 0.12788281295511936, right(srz965661716004)
neg, 0.20741489118092746, right(srz44230445053)
neg, 0.1312754970724383, right(srz802972393)
neg, 0.2252026121146009, right(srz44248273597)
neg, 0.12788281295511936, right(srz274095911249)
neg, 0.12788281295511936, right(srz27409591851)
neg, 0.12788281295511936, right(srz80297210481)
neg, 0.12788281295511936, right(srz99311014824)
neg, 0.20741489118092746, right(srz44248273875)
neg, 0.1312754970724383, right(srz96566178156)
neg, 0.12788281295511936, right(srz965661714235)
neg, 0.1312754970724383, right(srz99311016244)
neg, 0.17487980387577814, right(srz9931101550)
neg, 0.1312754970724383, right(srz965949211660)
neg, 0.18485684970456687, right(srz99311015405)
neg, 0.12788281295511936, right(srz96566177944)
neg, 0.18485684970456687, right(srz19306849)
neg, 0.12788281295511936, right(srz96566171578)
neg, 0.13284978350377796, right(srz99311019619)
neg, 0.1312754970724383, right(srz193068754)
neg, 0.20741489118092746, right(srz193068268)
neg, 0.1872108373518019, right(srz193063856)
neg, 0.1872108373518019, right(srz274095912840)
neg, 0.20741489118092746, right(srz2740959890)
neg, 0.1312754970724383, right(srz193068846)
neg, 0.1312754970724383, right(srz193066422)
neg, 0.1872108373518019, right(srz99311015353)
neg, 0.12788281295511936, right(srz2461867136)
neg, 0.1872108373518019, right(srz1930611124)
neg, 0.13284978350377796, right(srz44248274789)
neg, 0.1312754970724383, right(srz193068525)
neg, 0.12788281295511936, right(srz965661713245)
neg, 0.12788281295511936, right(srz96594929418)
neg, 0.15013817616499373, right(srz24618678559)
neg, 0.20741489118092746, right(srz19306159)
neg, 0.12788281295511936, right(srz246186711948)
neg, 0.18485684970456687, right(srz99311015164)
neg, 0.1312754970724383, right(srz96566173565)
neg, 0.20741489118092746, right(srz27409599401)
neg, 0.1312754970724383, right(srz27409598820)
neg, 0.1312754970724383, right(srz80297210687)
neg, 0.12788281295511936, right(srz27409592949)
neg, 0.12788281295511936, right(srz44230446543)
neg, 0.12788281295511936, right(srz44248275727)
neg, 0.12788281295511936, right(srz96566178897)
neg, 0.12788281295511936, right(srz274095910533)
neg, 0.20741489118092746, right(srz96594923437)
neg, 0.1312754970724383, right(srz8029723045)
neg, 0.12788281295511936, right(srz4424827601)
neg, 0.1312754970724383, right(srz8029728180)
neg, 0.12788281295511936, right(srz8029725934)
neg, 0.1312754970724383, right(srz802972294)
neg, 0.1312754970724383, right(srz965661715392)
neg, 0.1872108373518019, right(srz44230441369)
neg, 0.12788281295511936, right(srz9931101964)
neg, 0.17487980387577814, right(srz2461867412)
neg, 0.1312754970724383, right(srz246186715657)
neg, 0.12788281295511936, right(srz24618678954)
neg, 0.1872108373518019, right(srz96594929959)
neg, 0.1312754970724383, right(srz44248273132)
neg, 0.12788281295511936, right(srz99311011050)
neg, 0.1312754970724383, right(srz99311014052)
neg, 0.1312754970724383, right(srz965661715393)
neg, 0.1312754970724383, right(srz96566179743)
neg, 0.1284615400382881, right(srz96594926505)
neg, 0.18485684970456687, right(srz9931101487)
neg, 0.1284615400382881, right(srz9656617325)
neg, 0.12788281295511936, right(srz4423044837)
neg, 0.1872108373518019, right(srz8029727056)
neg, 0.1312754970724383, right(srz1930612113)
neg, 0.1872108373518019, right(srz96594929698)
neg, 0.18485684970456687, right(srz44230442186)
neg, 0.20741489118092746, right(srz246186710959)
neg, 0.18485684970456687, right(srz44248275045)
neg, 0.12788281295511936, right(srz8029728806)
neg, 0.1312754970724383, right(srz96594927443)
neg, 0.1312754970724383, right(srz99311012573)
neg, 0.2252026121146009, right(srz965661713558)
neg, 0.1312754970724383, right(srz8029726972)
neg, 0.18485684970456687, right(srz99311017012)
neg, 0.12788281295511936, right(srz274095911279)
neg, 0.12788281295511936, right(srz246186710782)
neg, 0.12788281295511936, right(srz24618672256)
neg, 0.12788281295511936, right(srz96594928285)
neg, 0.1872108373518019, right(srz96594922226)
neg, 0.20741489118092746, right(srz44230446477)
neg, 0.1312754970724383, right(srz993110111505)
neg, 0.12788281295511936, right(srz193068004)
neg, 0.1872108373518019, right(srz802972467)
neg, 0.17487980387577814, right(srz44248272564)
neg, 0.18485684970456687, right(srz4424827535)
neg, 0.20741489118092746, right(srz24618675404)
neg, 0.17487980387577814, right(srz96566173154)
neg, 0.12788281295511936, right(srz96594927633)
neg, 0.1312754970724383, right(srz965949210520)
neg, 0.1312754970724383, right(srz193062824)
neg, 0.20741489118092746, right(srz2740959408)
neg, 0.1312754970724383, right(srz965661713549)
neg, 0.12788281295511936, right(srz44248272341)
neg, 0.20741489118092746, right(srz44248272687)
neg, 0.12788281295511936, right(srz44248277707)
neg, 0.12788281295511936, right(srz965661712133)
neg, 0.1312754970724383, right(srz44248274536)
neg, 0.12788281295511936, right(srz44230443034)
neg, 0.1872108373518019, right(srz24618679872)
neg, 0.12788281295511936, right(srz2461867690)
neg, 0.1312754970724383, right(srz96566179761)
neg, 0.1872108373518019, right(srz44248276944)
neg, 0.20741489118092746, right(srz44230446410)
neg, 0.12788281295511936, right(srz27409593176)
neg, 0.1312754970724383, right(srz8029722530)
neg, 0.12788281295511936, right(srz246186714951)
neg, 0.1312754970724383, right(srz965661714927)
neg, 0.1312754970724383, right(srz246186713669)
neg, 0.12788281295511936, right(srz27409598415)
neg, 0.14158514118650908, right(srz44248276572)
neg, 0.1312754970724383, right(srz96566174593)
neg, 0.1312754970724383, right(srz965661710886)
neg, 0.1312754970724383, right(srz9659492216)
neg, 0.12788281295511936, right(srz44230444128)
neg, 0.12788281295511936, right(srz246186716342)
neg, 0.17487980387577814, right(srz8029724132)
neg, 0.20741489118092746, right(srz96594929109)
neg, 0.17487980387577814, right(srz965661712259)
neg, 0.20741489118092746, right(srz44230445067)
neg, 0.20741489118092746, right(srz27409592905)
neg, 0.1872108373518019, right(srz19306255)
neg, 0.12788281295511936, right(srz965661714243)
neg, 0.12788281295511936, right(srz965661711638)
neg, 0.1312754970724383, right(srz8029726333)
neg, 0.12788281295511936, right(srz193063877)
neg, 0.12788281295511936, right(srz44248271809)
neg, 0.1312754970724383, right(srz965949213245)
neg, 0.1312754970724383, right(srz96566176837)
neg, 0.2252026121146009, right(srz1930611572)
neg, 0.12788281295511936, right(srz44248273362)
neg, 0.12788281295511936, right(srz99311015676)
neg, 0.12788281295511936, right(srz2740959284)
neg, 0.1312754970724383, right(srz24618675622)
neg, 0.12788281295511936, right(srz274095913925)
neg, 0.12788281295511936, right(srz96566178409)
neg, 0.1872108373518019, right(srz193066692)
neg, 0.12788281295511936, right(srz274095917108)
neg, 0.1312754970724383, right(srz274095916627)
neg, 0.1312754970724383, right(srz44230447590)
neg, 0.12788281295511936, right(srz24618679666)
neg, 0.18485684970456687, right(srz8029724522)
neg, 0.20741489118092746, right(srz8029729393)
neg, 0.20741489118092746, right(srz96566179166)
neg, 0.1312754970724383, right(srz27409598360)
neg, 0.1312754970724383, right(srz8029723262)
neg, 0.12788281295511936, right(srz8029725593)
neg, 0.12788281295511936, right(srz24618671320)
neg, 0.18485684970456687, right(srz99311018834)
neg, 0.20741489118092746, right(srz1930690)
neg, 0.12788281295511936, right(srz193066717)
neg, 0.1312754970724383, right(srz193068356)
neg, 0.1312754970724383, right(srz96566179244)
neg, 0.20741489118092746, right(srz44248274178)
neg, 0.1284615400382881, right(srz9656617189)
neg, 0.14158514118650908, right(srz44248275125)
neg, 0.1872108373518019, right(srz24618673732)
neg, 0.18485684970456687, right(srz965949212473)
neg, 0.12788281295511936, right(srz8029722604)
neg, 0.12788281295511936, right(srz193064073)
neg, 0.1312754970724383, right(srz44230444577)
neg, 0.20741489118092746, right(srz246186711532)
neg, 0.1312754970724383, right(srz27409599724)
neg, 0.18485684970456687, right(srz96594927977)
neg, 0.1312754970724383, right(srz193066529)
neg, 0.20741489118092746, right(srz99311014386)
neg, 0.1872108373518019, right(srz27409598665)
neg, 0.1312754970724383, right(srz44248274585)
neg, 0.1872108373518019, right(srz8029721291)
neg, 0.13284978350377796, right(srz8029729313)
neg, 0.12788281295511936, right(srz44248273573)
neg, 0.12788281295511936, right(srz44248277719)
neg, 0.1312754970724383, right(srz96594924836)
neg, 0.1284615400382881, right(srz27409597252)
neg, 0.12788281295511936, right(srz965949213660)
neg, 0.18485684970456687, right(srz246186714133)
neg, 0.13284978350377796, right(srz246186717187)
neg, 0.1312754970724383, right(srz9659492119)
neg, 0.1312754970724383, right(srz965661712302)
neg, 0.1872108373518019, right(srz99311014202)
neg, 0.12788281295511936, right(srz44248272902)
neg, 0.12788281295511936, right(srz274095912487)
neg, 0.18485684970456687, right(srz8029727340)
neg, 0.12788281295511936, right(srz193063163)
neg, 0.1312754970724383, right(srz965949212106)
neg, 0.1312754970724383, right(srz8029728600)
neg, 0.12788281295511936, right(srz965661715830)
neg, 0.12788281295511936, right(srz193069100)
neg, 0.12788281295511936, right(srz44230441827)
neg, 0.12788281295511936, right(srz193069345)
neg, 0.12788281295511936, right(srz99311015014)
neg, 0.1872108373518019, right(srz96566174085)
neg, 0.1872108373518019, right(srz24618676883)
neg, 0.20741489118092746, right(srz1930612161)
neg, 0.12788281295511936, right(srz246186711801)
neg, 0.12788281295511936, right(srz193069378)
neg, 0.18485684970456687, right(srz80297210569)
neg, 0.12788281295511936, right(srz96594926970)
neg, 0.1312754970724383, right(srz96594927518)
neg, 0.1872108373518019, right(srz246186713180)
neg, 0.18485684970456687, right(srz44230443569)
neg, 0.18485684970456687, right(srz993110111972)
neg, 0.20741489118092746, right(srz274095912588)
neg, 0.1312754970724383, right(srz193069813)
neg, 0.18485684970456687, right(srz96594929750)
neg, 0.1312754970724383, right(srz99311016254)
neg, 0.12788281295511936, right(srz274095911234)
neg, 0.12788281295511936, right(srz2461867278)
neg, 0.18485684970456687, right(srz99311011464)
neg, 0.1312754970724383, right(srz99311019143)
neg, 0.1312754970724383, right(srz44230444821)
neg, 0.1284615400382881, right(srz27409595718)
neg, 0.12788281295511936, right(srz246186712570)
neg, 0.12788281295511936, right(srz44248275313)
neg, 0.12788281295511936, right(srz44230445522)
neg, 0.13284978350377796, right(srz99311019638)
neg, 0.12788281295511936, right(srz96594927093)
neg, 0.12788281295511936, right(srz274095913893)
neg, 0.1872108373518019, right(srz44230442435)
neg, 0.1284615400382881, right(srz193063564)
neg, 0.17487980387577814, right(srz96594923429)
neg, 0.1872108373518019, right(srz24618678787)
neg, 0.20741489118092746, right(srz27409594634)
neg, 0.12788281295511936, right(srz246186710761)
neg, 0.12788281295511936, right(srz193068596)
neg, 0.14158514118650908, right(srz193065926)
neg, 0.1312754970724383, right(srz96566177520)
neg, 0.13284978350377796, right(srz965661714272)
neg, 0.18485684970456687, right(srz99311013410)
neg, 0.1312754970724383, right(srz965661712522)
neg, 0.1872108373518019, right(srz27409598670)
neg, 0.12788281295511936, right(srz44230444213)
neg, 0.1312754970724383, right(srz193066391)
neg, 0.1312754970724383, right(srz8029726607)
neg, 0.12788281295511936, right(srz274095916549)
neg, 0.1312754970724383, right(srz96566172012)
neg, 0.20741489118092746, right(srz8029729069)
neg, 0.1312754970724383, right(srz24618676828)
neg, 0.1312754970724383, right(srz24618673166)
neg, 0.1872108373518019, right(srz8029723555)
neg, 0.2252026121146009, right(srz96594924797)
neg, 0.14158514118650908, right(srz8029723742)
neg, 0.1312754970724383, right(srz44248271869)
neg, 0.12788281295511936, right(srz965661713922)
neg, 0.1872108373518019, right(srz44248271600)
neg, 0.1284615400382881, right(srz9656617211)
neg, 0.1312754970724383, right(srz44248274970)
neg, 0.1312754970724383, right(srz193067135)
neg, 0.12788281295511936, right(srz9659492467)
neg, 0.20741489118092746, right(srz24618673096)
neg, 0.1312754970724383, right(srz9656617938)
neg, 0.13284978350377796, right(srz4423044380)
neg, 0.18485684970456687, right(srz44230448349)
neg, 0.1872108373518019, right(srz96594923486)
neg, 0.1284615400382881, right(srz96566171430)
neg, 0.13284978350377796, right(srz4423044357)
neg, 0.12788281295511936, right(srz96594925499)
neg, 0.20741489118092746, right(srz27409597787)
neg, 0.12788281295511936, right(srz1930610440)
neg, 0.12788281295511936, right(srz96594929519)
neg, 0.12788281295511936, right(srz27409591307)
neg, 0.1312754970724383, right(srz274095916493)
neg, 0.1312754970724383, right(srz96594922641)
neg, 0.12788281295511936, right(srz274095914884)
neg, 0.12788281295511936, right(srz274095916558)
neg, 0.12788281295511936, right(srz246186710876)
neg, 0.1312754970724383, right(srz99311017747)
neg, 0.1312754970724383, right(srz44248276110)
neg, 0.1312754970724383, right(srz96566179783)
neg, 0.1872108373518019, right(srz193063859)
neg, 0.12788281295511936, right(srz99311011278)
neg, 0.12788281295511936, right(srz27409591794)
neg, 0.1312754970724383, right(srz9656617906)
neg, 0.12788281295511936, right(srz24618671887)
neg, 0.12788281295511936, right(srz96594927731)
neg, 0.1312754970724383, right(srz44230441968)
neg, 0.26569465657955116, right(srz965661710788)
neg, 0.12788281295511936, right(srz8029727075)
neg, 0.1312754970724383, right(srz99311017600)
neg, 0.1312754970724383, right(srz8029725372)
neg, 0.26569465657955116, right(srz96594922168)
neg, 0.1312754970724383, right(srz274095916840)
neg, 0.12788281295511936, right(srz965661716099)
neg, 0.1312754970724383, right(srz246186710356)
neg, 0.12788281295511936, right(srz44248272455)
neg, 0.12788281295511936, right(srz44230444040)
neg, 0.12788281295511936, right(srz99311019444)
neg, 0.1312754970724383, right(srz44230444425)
neg, 0.12788281295511936, right(srz1930612310)
neg, 0.1872108373518019, right(srz44230447242)
neg, 0.1312754970724383, right(srz99311016252)
neg, 0.14158514118650908, right(srz44248275241)
neg, 0.1284615400382881, right(srz193068924)
neg, 0.1284615400382881, right(srz96594926502)
neg, 0.12788281295511936, right(srz193063909)
neg, 0.1872108373518019, right(srz274095913184)
neg, 0.20741489118092746, right(srz193069621)
neg, 0.1284615400382881, right(srz24618675808)
neg, 0.1312754970724383, right(srz99311014184)
neg, 0.1312754970724383, right(srz27409594380)
neg, 0.1312754970724383, right(srz96566172019)
neg, 0.12788281295511936, right(srz246186717016)
neg, 0.12788281295511936, right(srz193061361)
neg, 0.18485684970456687, right(srz44230441894)
neg, 0.1872108373518019, right(srz8029723357)
neg, 0.18485684970456687, right(srz96594927742)
neg, 0.1312754970724383, right(srz274095916926)
neg, 0.1312754970724383, right(srz193068621)
neg, 0.12788281295511936, right(srz27409593951)
neg, 0.12788281295511936, right(srz44230444647)
neg, 0.1312754970724383, right(srz24618677001)
neg, 0.1872108373518019, right(srz802972888)
neg, 0.20741489118092746, right(srz99311013355)
neg, 0.12788281295511936, right(srz99311014711)
neg, 0.1284615400382881, right(srz27409595765)
neg, 0.1872108373518019, right(srz246186713146)
neg, 0.1312754970724383, right(srz965661714474)
neg, 0.1872108373518019, right(srz965661715146)
neg, 0.12788281295511936, right(srz96566178376)
neg, 0.1872108373518019, right(srz4423044713)
neg, 0.20741489118092746, right(srz96566175164)
neg, 0.1312754970724383, right(srz44248273117)
neg, 0.12788281295511936, right(srz27409594317)
neg, 0.12788281295511936, right(srz246186716351)
neg, 0.1284615400382881, right(srz9656617205)
neg, 0.12788281295511936, right(srz965949210024)
neg, 0.1312754970724383, right(srz8029729476)
neg, 0.12788281295511936, right(srz193063872)
neg, 0.17487980387577814, right(srz193063267)
neg, 0.14158514118650908, right(srz8029723634)
neg, 0.1872108373518019, right(srz96594925677)
neg, 0.1872108373518019, right(srz99311014411)
neg, 0.17487980387577814, right(srz96594927762)
neg, 0.12788281295511936, right(srz442304425)
neg, 0.12788281295511936, right(srz99311016694)
neg, 0.12788281295511936, right(srz44248272328)
neg, 0.12788281295511936, right(srz965949212894)
neg, 0.1312754970724383, right(srz99311011329)
neg, 0.1284615400382881, right(srz27409597209)
neg, 0.1312754970724383, right(srz965661711063)
neg, 0.1312754970724383, right(srz44248276192)
neg, 0.12788281295511936, right(srz246186711929)
neg, 0.26569465657955116, right(srz965661715579)
neg, 0.1284615400382881, right(srz96566171464)
neg, 0.1312754970724383, right(srz965661713746)
neg, 0.1312754970724383, right(srz24618676909)
neg, 0.1312754970724383, right(srz80297210039)
neg, 0.1872108373518019, right(srz8029723171)
neg, 0.1312754970724383, right(srz965661713471)
neg, 0.12788281295511936, right(srz99311018437)
neg, 0.12788281295511936, right(srz44248276327)
neg, 0.1312754970724383, right(srz246186715662)
neg, 0.1872108373518019, right(srz993110111762)
neg, 0.1284615400382881, right(srz44230442638)
neg, 0.20741489118092746, right(srz2740959810)
neg, 0.1872108373518019, right(srz19306268)
neg, 0.20741489118092746, right(srz44230441334)
neg, 0.12788281295511936, right(srz965661715756)
neg, 0.1312754970724383, right(srz44230447659)
neg, 0.1872108373518019, right(srz193068487)
neg, 0.1312754970724383, right(srz193067433)
neg, 0.12788281295511936, right(srz1930611957)
neg, 0.13284978350377796, right(srz44230446618)
neg, 0.12788281295511936, right(srz44230444076)
neg, 0.1312754970724383, right(srz96594927449)
neg, 0.20741489118092746, right(srz246186711474)
neg, 0.12788281295511936, right(srz246186711967)
neg, 0.12788281295511936, right(srz246186714886)
neg, 0.12788281295511936, right(srz274095912502)
neg, 0.1312754970724383, right(srz8029727676)
neg, 0.20741489118092746, right(srz9931101204)
neg, 0.14158514118650908, right(srz44248276530)
neg, 0.1872108373518019, right(srz965949210492)
neg, 0.20741489118092746, right(srz8029722113)
neg, 0.1312754970724383, right(srz99311019734)
neg, 0.20741489118092746, right(srz9656617753)
neg, 0.12788281295511936, right(srz246186713012)
neg, 0.1312754970724383, right(srz96566177978)
neg, 0.12788281295511936, right(srz99311014781)
neg, 0.12788281295511936, right(srz193067932)
neg, 0.14158514118650908, right(srz193067745)
neg, 0.1312754970724383, right(srz965661715436)
neg, 0.1872108373518019, right(srz44230441372)
neg, 0.12788281295511936, right(srz44230444173)
neg, 0.1312754970724383, right(srz44230444534)
neg, 0.1312754970724383, right(srz965949212616)
neg, 0.12788281295511936, right(srz27409593167)
neg, 0.1312754970724383, right(srz1930612030)
neg, 0.12788281295511936, right(srz80297210547)
neg, 0.12788281295511936, right(srz27409597679)
neg, 0.12788281295511936, right(srz99311014821)
neg, 0.12788281295511936, right(srz44230441075)
neg, 0.12788281295511936, right(srz27409592194)
neg, 0.1284615400382881, right(srz96594921226)
neg, 0.12788281295511936, right(srz96594927133)
neg, 0.20741489118092746, right(srz246186710995)
neg, 0.1872108373518019, right(srz96594924897)
neg, 0.12788281295511936, right(srz27409599436)
neg, 0.12788281295511936, right(srz80297222)
neg, 0.1312754970724383, right(srz1930612103)
neg, 0.1312754970724383, right(srz96594923708)
neg, 0.1312754970724383, right(srz80297210749)
neg, 0.1284615400382881, right(srz44230442543)
neg, 0.1312754970724383, right(srz246186716642)
neg, 0.1312754970724383, right(srz193063092)
neg, 0.12788281295511936, right(srz44230443964)
neg, 0.20741489118092746, right(srz44230447923)
neg, 0.1872108373518019, right(srz8029724944)
neg, 0.12788281295511936, right(srz9931101811)
neg, 0.1312754970724383, right(srz99311012349)
neg, 0.12788281295511936, right(srz24618671140)
neg, 0.1312754970724383, right(srz44230447625)
neg, 0.12788281295511936, right(srz965661710717)
neg, 0.1312754970724383, right(srz4424827197)
neg, 0.13284978350377796, right(srz8029724489)
neg, 0.12788281295511936, right(srz99311014476)
neg, 0.12788281295511936, right(srz96594929207)
neg, 0.12788281295511936, right(srz96566176207)
neg, 0.18511330982967572, right(srz965949212207)
neg, 0.12788281295511936, right(srz96566171804)
neg, 0.12788281295511936, right(srz27409592263)
neg, 0.1312754970724383, right(srz965949213268)
neg, 0.12788281295511936, right(srz24618674333)
neg, 0.1872108373518019, right(srz27409598024)
neg, 0.12788281295511936, right(srz44248271787)
neg, 0.12788281295511936, right(srz9931101846)
neg, 0.12788281295511936, right(srz44248271231)
neg, 0.12788281295511936, right(srz24618674185)
neg, 0.1312754970724383, right(srz8029721689)
neg, 0.20741489118092746, right(srz27409592238)
neg, 0.13284978350377796, right(srz24618677960)
neg, 0.13284978350377796, right(srz44248274806)
neg, 0.12788281295511936, right(srz965949212439)
neg, 0.12788281295511936, right(srz44230447941)
neg, 0.12788281295511936, right(srz24618676527)
neg, 0.12788281295511936, right(srz274095916205)
neg, 0.12788281295511936, right(srz274095911725)
neg, 0.1872108373518019, right(srz44230441553)
neg, 0.1312754970724383, right(srz8029721695)
neg, 0.1312754970724383, right(srz44248277062)
neg, 0.1312754970724383, right(srz44230444903)
neg, 0.20741489118092746, right(srz19306575)
neg, 0.12788281295511936, right(srz246186717036)
neg, 0.1312754970724383, right(srz9656617884)
neg, 0.12788281295511936, right(srz193064083)
neg, 0.1312754970724383, right(srz802972269)
neg, 0.1872108373518019, right(srz8029724239)
neg, 0.1312754970724383, right(srz8029722393)
neg, 0.2252026121146009, right(srz274095912953)
neg, 0.12788281295511936, right(srz80297210538)
neg, 0.12788281295511936, right(srz27409595124)
neg, 0.20741489118092746, right(srz44230441222)
neg, 0.13284978350377796, right(srz4424827414)
neg, 0.1312754970724383, right(srz274095912734)
neg, 0.17487980387577814, right(srz44230445132)
neg, 0.1312754970724383, right(srz24618676079)
neg, 0.12788281295511936, right(srz99311016680)
neg, 0.1312754970724383, right(srz24618676592)
neg, 0.1284615400382881, right(srz96594925267)
neg, 0.1284615400382881, right(srz246186710671)
neg, 0.12788281295511936, right(srz44248273549)
neg, 0.12788281295511936, right(srz96594927537)
neg, 0.12788281295511936, right(srz99311014903)
neg, 0.20741489118092746, right(srz274095915431)
neg, 0.12788281295511936, right(srz1930611821)
neg, 0.1312754970724383, right(srz99311018511)
neg, 0.1312754970724383, right(srz8029722551)
neg, 0.12788281295511936, right(srz965661714215)
neg, 0.1312754970724383, right(srz965949211410)
neg, 0.1312754970724383, right(srz24618673797)
neg, 0.1312754970724383, right(srz44248277225)
neg, 0.1312754970724383, right(srz8029728514)
neg, 0.18485684970456687, right(srz96594927162)
neg, 0.1312754970724383, right(srz8029726987)
neg, 0.1312754970724383, right(srz193065670)
neg, 0.12788281295511936, right(srz8029721454)
neg, 0.17487980387577814, right(srz965661712269)
neg, 0.1872108373518019, right(srz193063842)
neg, 0.1872108373518019, right(srz246186713189)
neg, 0.17487980387577814, right(srz99311014391)
neg, 0.18485684970456687, right(srz99311019833)
neg, 0.1872108373518019, right(srz965661713575)
neg, 0.1312754970724383, right(srz965661710948)
neg, 0.1872108373518019, right(srz27409598660)
neg, 0.20741489118092746, right(srz8029726835)
neg, 0.1312754970724383, right(srz96594921736)
neg, 0.2252026121146009, right(srz965949211647)
neg, 0.17487980387577814, right(srz44230445945)
neg, 0.1312754970724383, right(srz193062889)
neg, 0.12788281295511936, right(srz44248276988)
neg, 0.1872108373518019, right(srz44230448342)
neg, 0.12788281295511936, right(srz44230442945)
neg, 0.12788281295511936, right(srz274095915864)
neg, 0.1312754970724383, right(srz246186715357)
neg, 0.1312754970724383, right(srz965661715340)
neg, 0.20741489118092746, right(srz99311013520)
neg, 0.1312754970724383, right(srz80297210031)
neg, 0.18485684970456687, right(srz99311016966)
neg, 0.1312754970724383, right(srz965661712572)
neg, 0.18485684970456687, right(srz44230446290)
neg, 0.12788281295511936, right(srz965949210982)
neg, 0.1872108373518019, right(srz99311019294)
neg, 0.20741489118092746, right(srz24618679034)
neg, 0.1284615400382881, right(srz44230445356)
neg, 0.1312754970724383, right(srz27409594837)
neg, 0.12788281295511936, right(srz27409591649)
neg, 0.1872108373518019, right(srz99311015352)
neg, 0.12788281295511936, right(srz27409594108)
neg, 0.20741489118092746, right(srz246186712750)
neg, 0.12788281295511936, right(srz24618672769)
neg, 0.1312754970724383, right(srz99311018946)
neg, 0.1312754970724383, right(srz965661712743)
neg, 0.26569465657955116, right(srz80297210792)
neg, 0.18485684970456687, right(srz8029727939)
neg, 0.1312754970724383, right(srz193064347)
neg, 0.12788281295511936, right(srz4424827323)
neg, 0.1312754970724383, right(srz246186711182)
neg, 0.12788281295511936, right(srz44248272433)
neg, 0.17487980387577814, right(srz274095910757)
neg, 0.1872108373518019, right(srz96566175698)
neg, 0.1312754970724383, right(srz802972692)
neg, 0.12788281295511936, right(srz24618674248)
neg, 0.1872108373518019, right(srz193063473)
neg, 0.18485684970456687, right(srz9931101234)
neg, 0.12788281295511936, right(srz44248276755)
neg, 0.20741489118092746, right(srz96566179077)
neg, 0.12788281295511936, right(srz246186715927)
neg, 0.14158514118650908, right(srz44248275172)
neg, 0.18511330982967572, right(srz44230446112)
neg, 0.1284615400382881, right(srz24618679334)
neg, 0.18485684970456687, right(srz274095910155)
neg, 0.1872108373518019, right(srz193067394)
neg, 0.20741489118092746, right(srz8029723384)
neg, 0.18485684970456687, right(srz8029723226)
neg, 0.17487980387577814, right(srz99311016162)
neg, 0.20741489118092746, right(srz8029727873)
neg, 0.12788281295511936, right(srz44230443687)
neg, 0.1284615400382881, right(srz274095912326)
neg, 0.1312754970724383, right(srz44248271753)
neg, 0.1312754970724383, right(srz802972570)
neg, 0.1312754970724383, right(srz8029727753)
neg, 0.1284615400382881, right(srz1930610396)
neg, 0.12788281295511936, right(srz193062640)
neg, 0.17487980387577814, right(srz44230445129)
neg, 0.12788281295511936, right(srz193064038)
neg, 0.1872108373518019, right(srz96566178117)
neg, 0.12788281295511936, right(srz44230447173)
neg, 0.1312754970724383, right(srz96594925820)
neg, 0.12788281295511936, right(srz24618677317)
neg, 0.12788281295511936, right(srz24618671813)
neg, 0.12788281295511936, right(srz8029727537)
neg, 0.12788281295511936, right(srz44230441053)
neg, 0.1312754970724383, right(srz24618679551)
neg, 0.1312754970724383, right(srz9659492955)
neg, 0.12788281295511936, right(srz2740959564)
neg, 0.14158514118650908, right(srz193069317)
neg, 0.18485684970456687, right(srz965661714905)
neg, 0.1284615400382881, right(srz9656617152)
neg, 0.1872108373518019, right(srz8029728411)
neg, 0.1312754970724383, right(srz193066430)
neg, 0.12788281295511936, right(srz19306897)
neg, 0.12788281295511936, right(srz44230444248)
neg, 0.12788281295511936, right(srz993110111434)
neg, 0.20741489118092746, right(srz96566179154)
neg, 0.12788281295511936, right(srz1930611926)
neg, 0.12788281295511936, right(srz246186714926)
neg, 0.12788281295511936, right(srz99311014925)
neg, 0.12788281295511936, right(srz99311011063)
neg, 0.12788281295511936, right(srz2740959126)
neg, 0.1312754970724383, right(srz44248271546)
neg, 0.20741489118092746, right(srz193068555)
neg, 0.1312754970724383, right(srz4424827131)
neg, 0.20741489118092746, right(srz2461867612)
neg, 0.12788281295511936, right(srz1930611679)
neg, 0.1312754970724383, right(srz44230443388)
neg, 0.13284978350377796, right(srz24618672359)
neg, 0.20741489118092746, right(srz193066372)
neg, 0.1312754970724383, right(srz24618674386)
neg, 0.1872108373518019, right(srz802972486)
neg, 0.17487980387577814, right(srz44230445798)
neg, 0.13284978350377796, right(srz8029729257)
neg, 0.12788281295511936, right(srz802972993)
neg, 0.12788281295511936, right(srz96594921463)
neg, 0.20741489118092746, right(srz96566174841)
neg, 0.1872108373518019, right(srz96594921059)
neg, 0.1312754970724383, right(srz44248275538)
neg, 0.12788281295511936, right(srz44248277717)
neg, 0.12788281295511936, right(srz193069103)
neg, 0.12788281295511936, right(srz246186717101)
neg, 0.1872108373518019, right(srz246186715297)
neg, 0.12788281295511936, right(srz965661711774)
neg, 0.12788281295511936, right(srz965661713674)
neg, 0.12788281295511936, right(srz44248272898)
neg, 0.12788281295511936, right(srz2740959424)
neg, 0.1312754970724383, right(srz193066484)
neg, 0.1312754970724383, right(srz9659492700)
neg, 0.12788281295511936, right(srz44248271232)
neg, 0.12788281295511936, right(srz2461867623)
neg, 0.18511330982967572, right(srz44248272575)
neg, 0.14158514118650908, right(srz193065839)
neg, 0.18485684970456687, right(srz2740959213)
neg, 0.13284978350377796, right(srz8029728945)
neg, 0.20741489118092746, right(srz2461867748)
neg, 0.12788281295511936, right(srz965949213797)
neg, 0.12788281295511936, right(srz246186714855)
neg, 0.12788281295511936, right(srz24618672177)
neg, 0.18485684970456687, right(srz8029724523)
neg, 0.20741489118092746, right(srz24618672322)
neg, 0.12788281295511936, right(srz2461867996)
neg, 0.20741489118092746, right(srz96566179159)
neg, 0.1284615400382881, right(srz96594921326)
neg, 0.1312754970724383, right(srz44230443274)
neg, 0.12788281295511936, right(srz193062628)
neg, 0.1312754970724383, right(srz27409596170)
neg, 0.1312754970724383, right(srz99311012160)
neg, 0.1312754970724383, right(srz965949212521)
neg, 0.12788281295511936, right(srz27409599038)
neg, 0.12788281295511936, right(srz993110111392)
neg, 0.20741489118092746, right(srz27409597964)
neg, 0.1284615400382881, right(srz96594921221)
neg, 0.1872108373518019, right(srz24618674710)
neg, 0.12788281295511936, right(srz96566178980)
neg, 0.1312754970724383, right(srz99311014522)
neg, 0.12788281295511936, right(srz8029727638)
neg, 0.17487980387577814, right(srz27409593371)
neg, 0.1312754970724383, right(srz993110110407)
neg, 0.20741489118092746, right(srz44230442276)
neg, 0.12788281295511936, right(srz8029723844)
neg, 0.1312754970724383, right(srz24618676972)
neg, 0.13284978350377796, right(srz8029728951)
neg, 0.20741489118092746, right(srz96594927842)
neg, 0.1312754970724383, right(srz27409595387)
neg, 0.12788281295511936, right(srz246186711776)
neg, 0.12788281295511936, right(srz274095910543)
neg, 0.12788281295511936, right(srz246186711738)
neg, 0.26569465657955116, right(srz99311018452)
neg, 0.12788281295511936, right(srz965661712117)
neg, 0.1872108373518019, right(srz246186713554)
neg, 0.1312754970724383, right(srz99311012009)
neg, 0.1312754970724383, right(srz44248277923)
neg, 0.1312754970724383, right(srz193064342)
neg, 0.20741489118092746, right(srz193064261)
neg, 0.1312754970724383, right(srz44230444428)
neg, 0.20741489118092746, right(srz99311013325)
neg, 0.12788281295511936, right(srz246186716324)
neg, 0.1312754970724383, right(srz96566175529)
neg, 0.1312754970724383, right(srz8029727758)
neg, 0.1312754970724383, right(srz8029729522)
neg, 0.12788281295511936, right(srz193067997)
neg, 0.1312754970724383, right(srz44248272877)
neg, 0.1312754970724383, right(srz99311017646)
neg, 0.13284978350377796, right(srz96594928707)
neg, 0.1872108373518019, right(srz193064383)
neg, 0.1872108373518019, right(srz8029726490)
neg, 0.18485684970456687, right(srz8029729329)
neg, 0.18485684970456687, right(srz44230441881)
neg, 0.14158514118650908, right(srz44230448240)
neg, 0.12788281295511936, right(srz193061472)
neg, 0.12788281295511936, right(srz4423044136)
neg, 0.1312754970724383, right(srz965661712511)
neg, 0.12788281295511936, right(srz965661715829)
neg, 0.20741489118092746, right(srz27409591941)
neg, 0.12788281295511936, right(srz80297210400)
neg, 0.12788281295511936, right(srz19306281)
neg, 0.18485684970456687, right(srz96594926930)
neg, 0.18485684970456687, right(srz274095910211)
neg, 0.12788281295511936, right(srz965949213345)
neg, 0.12788281295511936, right(srz193061569)
neg, 0.1312754970724383, right(srz44230443211)
neg, 0.1312754970724383, right(srz96566172643)
neg, 0.12788281295511936, right(srz246186710866)
neg, 0.20741489118092746, right(srz27409595194)
neg, 0.1284615400382881, right(srz44230442509)
neg, 0.14158514118650908, right(srz8029728059)
neg, 0.20741489118092746, right(srz965661710142)
neg, 0.12788281295511936, right(srz246186711783)
neg, 0.1312754970724383, right(srz27409595484)
neg, 0.18511330982967572, right(srz9931101249)
neg, 0.1872108373518019, right(srz99311011718)
neg, 0.18485684970456687, right(srz19306506)
neg, 0.12788281295511936, right(srz24618678950)
neg, 0.1312754970724383, right(srz8029725391)
neg, 0.1872108373518019, right(srz8029728141)
neg, 0.12788281295511936, right(srz24618672245)
neg, 0.12788281295511936, right(srz193061403)
neg, 0.12788281295511936, right(srz44230441823)
neg, 0.12788281295511936, right(srz96594925404)
neg, 0.1872108373518019, right(srz96594922420)
neg, 0.12788281295511936, right(srz24618677990)
neg, 0.1312754970724383, right(srz96566174047)
neg, 0.1284615400382881, right(srz8029728766)
neg, 0.1312754970724383, right(srz99311012826)
neg, 0.1312754970724383, right(srz193064761)
neg, 0.1312754970724383, right(srz8029727750)
neg, 0.1872108373518019, right(srz96594927428)
neg, 0.12788281295511936, right(srz96594923785)
neg, 0.24364176356732303, right(srz193064667)
neg, 0.12788281295511936, right(srz96566176160)
neg, 0.1312754970724383, right(srz965949210539)
neg, 0.13284978350377796, right(srz44230443779)
neg, 0.26569465657955116, right(srz96566175647)
neg, 0.1872108373518019, right(srz24618674930)
neg, 0.20741489118092746, right(srz24618677735)
neg, 0.1312754970724383, right(srz965949213502)
neg, 0.1312754970724383, right(srz44248274955)
neg, 0.1312754970724383, right(srz8029728495)
neg, 0.13284978350377796, right(srz24618672342)
neg, 0.1312754970724383, right(srz246186715572)
neg, 0.1284615400382881, right(srz965949214175)
neg, 0.26978824010658575, right(srz96594923707)
neg, 0.12788281295511936, right(srz246186710862)
neg, 0.12788281295511936, right(srz274095974)
neg, 0.1872108373518019, right(srz44248271076)
neg, 0.1312754970724383, right(srz246186714092)
neg, 0.14158514118650908, right(srz44248275236)
neg, 0.20741489118092746, right(srz193067545)
neg, 0.1872108373518019, right(srz274095911580)
neg, 0.14158514118650908, right(srz44248275072)
neg, 0.12788281295511936, right(srz246186713257)
neg, 0.1872108373518019, right(srz274095911213)
neg, 0.1312754970724383, right(srz193063421)
neg, 0.12788281295511936, right(srz96594927726)
neg, 0.12788281295511936, right(srz965949211773)
neg, 0.12788281295511936, right(srz27409591647)
neg, 0.12788281295511936, right(srz96594925435)
neg, 0.12788281295511936, right(srz193061674)
neg, 0.20741489118092746, right(srz2740959391)
neg, 0.1312754970724383, right(srz8029724750)
neg, 0.1872108373518019, right(srz96566177465)
neg, 0.12788281295511936, right(srz965949211952)
neg, 0.26569465657955116, right(srz8029726442)
neg, 0.12788281295511936, right(srz96594927728)
neg, 0.12788281295511936, right(srz193067855)
neg, 0.1872108373518019, right(srz193062427)
neg, 0.12788281295511936, right(srz1930611760)
neg, 0.1872108373518019, right(srz44230447938)
neg, 0.1872108373518019, right(srz96594928385)
neg, 0.12788281295511936, right(srz27409592330)
neg, 0.14158514118650908, right(srz274095911795)
neg, 0.1312754970724383, right(srz24618676695)
neg, 0.1312754970724383, right(srz193064765)
neg, 0.1872108373518019, right(srz96566179628)
neg, 0.12788281295511936, right(srz99311016189)
neg, 0.26569465657955116, right(srz44230446445)
neg, 0.1312754970724383, right(srz246186715836)
neg, 0.20741489118092746, right(srz96566178534)
neg, 0.12788281295511936, right(srz965949212954)
neg, 0.1872108373518019, right(srz8029722575)
neg, 0.20741489118092746, right(srz8029723341)
neg, 0.12788281295511936, right(srz27409591118)
neg, 0.12788281295511936, right(srz193061585)
neg, 0.12788281295511936, right(srz96566171614)
neg, 0.1312754970724383, right(srz44248273099)
neg, 0.18485684970456687, right(srz99311015836)
neg, 0.1312754970724383, right(srz24618676081)
neg, 0.20741489118092746, right(srz2740959647)
neg, 0.12788281295511936, right(srz44248271268)
neg, 0.1284615400382881, right(srz193068954)
neg, 0.12788281295511936, right(srz96566171568)
neg, 0.13284978350377796, right(srz193064964)
neg, 0.12788281295511936, right(srz44230441110)
neg, 0.1872108373518019, right(srz96594929005)
neg, 0.1312754970724383, right(srz96566179756)
neg, 0.1312754970724383, right(srz44248272771)
neg, 0.13284978350377796, right(srz96594928774)
neg, 0.13284978350377796, right(srz99311019635)
neg, 0.20741489118092746, right(srz99311013375)
neg, 0.1312754970724383, right(srz24618678861)
neg, 0.13284978350377796, right(srz99311019553)
neg, 0.1312754970724383, right(srz965949213220)
neg, 0.12788281295511936, right(srz965949211959)
neg, 0.12788281295511936, right(srz96594924116)
neg, 0.1872108373518019, right(srz193063071)
neg, 0.1872108373518019, right(srz246186712834)
neg, 0.12788281295511936, right(srz1930610441)
neg, 0.12788281295511936, right(srz99311014832)
neg, 0.1872108373518019, right(srz8029728628)
neg, 0.14158514118650908, right(srz965949210839)
neg, 0.1312754970724383, right(srz24618673407)
neg, 0.18485684970456687, right(srz44230442470)
neg, 0.1872108373518019, right(srz274095911669)
neg, 0.17487980387577814, right(srz96594927785)
neg, 0.12788281295511936, right(srz27409592988)
neg, 0.12788281295511936, right(srz24618671834)
neg, 0.18485684970456687, right(srz9931101290)
neg, 0.12788281295511936, right(srz44248272366)
neg, 0.1284615400382881, right(srz96594921270)
neg, 0.1312754970724383, right(srz44248271495)
neg, 0.20741489118092746, right(srz99311015702)
neg, 0.12788281295511936, right(srz246186714799)
neg, 0.1872108373518019, right(srz96594922224)
neg, 0.20741489118092746, right(srz96566175195)
neg, 0.12788281295511936, right(srz96566173050)
neg, 0.12788281295511936, right(srz24618671909)
neg, 0.1312754970724383, right(srz193067289)
neg, 0.1312754970724383, right(srz99311011649)
neg, 0.1312754970724383, right(srz8029726941)
neg, 0.1312754970724383, right(srz99311011438)
neg, 0.12788281295511936, right(srz80297213)
neg, 0.12788281295511936, right(srz44230443985)
neg, 0.12788281295511936, right(srz274095913629)
neg, 0.12788281295511936, right(srz274095913885)
neg, 0.12788281295511936, right(srz44230443725)
neg, 0.1312754970724383, right(srz27409595488)
neg, 0.1872108373518019, right(srz993110112125)
neg, 0.12788281295511936, right(srz24618673813)
neg, 0.1312754970724383, right(srz24618678085)
neg, 0.20741489118092746, right(srz193065163)
neg, 0.20741489118092746, right(srz44248273619)
neg, 0.12788281295511936, right(srz274095910674)
neg, 0.1872108373518019, right(srz96594929907)
neg, 0.14158514118650908, right(srz8029727364)
neg, 0.12788281295511936, right(srz96566178275)
neg, 0.13284978350377796, right(srz8029724485)
neg, 0.12788281295511936, right(srz4423044198)
neg, 0.1312754970724383, right(srz246186710430)
neg, 0.12788281295511936, right(srz965661711695)
neg, 0.1872108373518019, right(srz193062303)
neg, 0.1872108373518019, right(srz80297210116)
neg, 0.1312754970724383, right(srz44230447706)
neg, 0.12788281295511936, right(srz99311018257)
neg, 0.12788281295511936, right(srz2461867118)
neg, 0.1312754970724383, right(srz96594925576)
neg, 0.12788281295511936, right(srz8029722932)
neg, 0.1872108373518019, right(srz274095911565)
neg, 0.1872108373518019, right(srz96566179894)
neg, 0.1872108373518019, right(srz802972826)
neg, 0.1312754970724383, right(srz965661713417)
neg, 0.20741489118092746, right(srz8029726154)
neg, 0.12788281295511936, right(srz193066711)
neg, 0.1284615400382881, right(srz96594926500)
neg, 0.12788281295511936, right(srz27409597454)
neg, 0.1312754970724383, right(srz99311012864)
neg, 0.14158514118650908, right(srz44248276565)
neg, 0.1312754970724383, right(srz8029724774)
neg, 0.1872108373518019, right(srz24618675683)
neg, 0.1312754970724383, right(srz965661713618)
neg, 0.18511330982967572, right(srz993110111003)
neg, 0.1872108373518019, right(srz44230442344)
neg, 0.1312754970724383, right(srz24618678070)
neg, 0.18485684970456687, right(srz44248271182)
neg, 0.1312754970724383, right(srz246186710005)
neg, 0.12788281295511936, right(srz27409592625)
neg, 0.1872108373518019, right(srz965661715653)
neg, 0.1312754970724383, right(srz44248276386)
neg, 0.1872108373518019, right(srz96566171968)
neg, 0.1312754970724383, right(srz993110112358)
neg, 0.1312754970724383, right(srz27409596077)
neg, 0.12788281295511936, right(srz246186710794)
neg, 0.12788281295511936, right(srz274095913922)
neg, 0.20741489118092746, right(srz19306140)
neg, 0.18485684970456687, right(srz9656617471)
neg, 0.12788281295511936, right(srz24618674027)
neg, 0.18485684970456687, right(srz993110110989)
neg, 0.1312754970724383, right(srz1930611570)
neg, 0.20741489118092746, right(srz8029721087)
neg, 0.12788281295511936, right(srz19306909)
neg, 0.1312754970724383, right(srz96594925622)
neg, 0.12788281295511936, right(srz99311016702)
neg, 0.1284615400382881, right(srz9656617248)
neg, 0.1312754970724383, right(srz96594925856)
neg, 0.12788281295511936, right(srz9931101953)
neg, 0.1312754970724383, right(srz193064596)
neg, 0.13284978350377796, right(srz99311016021)
neg, 0.1872108373518019, right(srz96566179920)
neg, 0.1312754970724383, right(srz27409596897)
neg, 0.1312754970724383, right(srz965661710989)
neg, 0.12788281295511936, right(srz8029728831)
neg, 0.12788281295511936, right(srz246186715948)
neg, 0.1312754970724383, right(srz99311018209)
neg, 0.12788281295511936, right(srz246186715993)
neg, 0.20741489118092746, right(srz993110111931)
neg, 0.1312754970724383, right(srz193061198)
neg, 0.12788281295511936, right(srz99311015512)
neg, 0.12788281295511936, right(srz27409594345)
neg, 0.1312754970724383, right(srz274095916498)
neg, 0.1872108373518019, right(srz8029728636)
neg, 0.1312754970724383, right(srz274095912017)
neg, 0.12788281295511936, right(srz19306963)
neg, 0.13284978350377796, right(srz4423044372)
neg, 0.12788281295511936, right(srz96566179667)
neg, 0.1312754970724383, right(srz96566178175)
neg, 0.1312754970724383, right(srz24618679492)
neg, 0.1312754970724383, right(srz96566171006)
neg, 0.1872108373518019, right(srz193068242)
neg, 0.1284615400382881, right(srz96594921337)
neg, 0.1312754970724383, right(srz99311014079)
neg, 0.12788281295511936, right(srz965949212829)
neg, 0.20741489118092746, right(srz193065160)
neg, 0.12788281295511936, right(srz99311011205)
neg, 0.12788281295511936, right(srz993110111337)
neg, 0.1312754970724383, right(srz965661711060)
neg, 0.1312754970724383, right(srz44230444600)
neg, 0.12788281295511936, right(srz24618679675)
neg, 0.12788281295511936, right(srz99311014457)
neg, 0.1312754970724383, right(srz193062585)
neg, 0.12788281295511936, right(srz99311016474)
neg, 0.1312754970724383, right(srz27409594670)
neg, 0.1312754970724383, right(srz96566179329)
neg, 0.17487980387577814, right(srz27409593418)
neg, 0.12788281295511936, right(srz8029723794)
neg, 0.20741489118092746, right(srz96566178501)
neg, 0.14158514118650908, right(srz44248276647)
neg, 0.12788281295511936, right(srz27409591178)
neg, 0.1284615400382881, right(srz27409595797)
neg, 0.1312754970724383, right(srz965949210278)
neg, 0.15013817616499373, right(srz27409591775)
neg, 0.12788281295511936, right(srz27409593132)
neg, 0.1312754970724383, right(srz274095912806)
neg, 0.1312754970724383, right(srz965661715423)
neg, 0.13284978350377796, right(srz96594928697)
neg, 0.20741489118092746, right(srz193065330)
neg, 0.12788281295511936, right(srz44230446556)
neg, 0.12788281295511936, right(srz274095913896)
neg, 0.1284615400382881, right(srz44230442659)
neg, 0.12788281295511936, right(srz8029729122)
neg, 0.1872108373518019, right(srz193064378)
neg, 0.20741489118092746, right(srz246186713464)
neg, 0.1872108373518019, right(srz193064412)
neg, 0.1312754970724383, right(srz80297210045)
neg, 0.1312754970724383, right(srz802972196)
neg, 0.12788281295511936, right(srz44248272497)
neg, 0.18485684970456687, right(srz96566177546)
neg, 0.12788281295511936, right(srz96594925626)
neg, 0.20741489118092746, right(srz246186711506)
neg, 0.18511330982967572, right(srz96594928196)
neg, 0.12788281295511936, right(srz99311011137)
neg, 0.12788281295511936, right(srz965661710684)
neg, 0.1872108373518019, right(srz27409599809)
neg, 0.17487980387577814, right(srz99311017961)
neg, 0.1872108373518019, right(srz24618678843)
neg, 0.20741489118092746, right(srz2740959416)
neg, 0.14158514118650908, right(srz965949212292)
neg, 0.12788281295511936, right(srz24618676195)
neg, 0.1872108373518019, right(srz44230446208)
neg, 0.12788281295511936, right(srz96566177945)
neg, 0.12788281295511936, right(srz274095913888)
neg, 0.1312754970724383, right(srz96594924239)
neg, 0.20741489118092746, right(srz27409592074)
neg, 0.1284615400382881, right(srz9656617224)
neg, 0.12788281295511936, right(srz24618672628)
neg, 0.14158514118650908, right(srz965949210752)
neg, 0.17487980387577814, right(srz8029724302)
neg, 0.1872108373518019, right(srz44230448088)
neg, 0.12788281295511936, right(srz4424827577)
neg, 0.20741489118092746, right(srz27409596982)
neg, 0.12788281295511936, right(srz44248272890)
neg, 0.1312754970724383, right(srz8029723593)
neg, 0.13284978350377796, right(srz19306461)
neg, 0.18485684970456687, right(srz8029724954)
neg, 0.1872108373518019, right(srz44230448258)
neg, 0.12788281295511936, right(srz44230447175)
neg, 0.13284978350377796, right(srz99311019644)
neg, 0.1872108373518019, right(srz246186713108)
neg, 0.12788281295511936, right(srz4423044961)
neg, 0.1284615400382881, right(srz96566171495)
neg, 0.20741489118092746, right(srz24618671779)
neg, 0.13284978350377796, right(srz44230443887)
neg, 0.24939322129195243, right(srz8029721023)
neg, 0.1312754970724383, right(srz44248274882)
neg, 0.12788281295511936, right(srz965949212768)
neg, 0.24364176356732303, right(srz4423044677)
neg, 0.1872108373518019, right(srz802972860)
neg, 0.12788281295511936, right(srz246186717120)
neg, 0.1312754970724383, right(srz802972675)
neg, 0.13284978350377796, right(srz965661714395)
neg, 0.1312754970724383, right(srz80297210669)
neg, 0.24364176356732303, right(srz8029729880)
neg, 0.1284615400382881, right(srz9656617330)
neg, 0.12788281295511936, right(srz4424827669)
neg, 0.18485684970456687, right(srz993110111782)
neg, 0.1312754970724383, right(srz274095916905)
neg, 0.1284615400382881, right(srz44230442623)
neg, 0.12788281295511936, right(srz96566176684)
neg, 0.18485684970456687, right(srz193067264)
neg, 0.20741489118092746, right(srz2461867360)
neg, 0.12788281295511936, right(srz274095914769)
neg, 0.12788281295511936, right(srz27409594034)
neg, 0.1312754970724383, right(srz96566174468)
neg, 0.12788281295511936, right(srz965949213736)
neg, 0.1872108373518019, right(srz193064386)
neg, 0.12788281295511936, right(srz8029722642)
neg, 0.1872108373518019, right(srz9656617819)
neg, 0.1312754970724383, right(srz993110171)
neg, 0.2252026121146009, right(srz44248275808)
neg, 0.12788281295511936, right(srz27409597402)
neg, 0.12788281295511936, right(srz8029725853)
neg, 0.18485684970456687, right(srz44248278257)
neg, 0.18485684970456687, right(srz44248278150)
neg, 0.20741489118092746, right(srz96566178101)
neg, 0.18485684970456687, right(srz44248273901)
neg, 0.12788281295511936, right(srz8029721348)
neg, 0.1312754970724383, right(srz24618678578)
neg, 0.20741489118092746, right(srz274095916712)
neg, 0.17487980387577814, right(srz44248274683)
neg, 0.12788281295511936, right(srz96566178385)
neg, 0.1284615400382881, right(srz1930610388)
neg, 0.1312754970724383, right(srz80297210080)
neg, 0.12788281295511936, right(srz8029727582)
neg, 0.12788281295511936, right(srz2740959479)
neg, 0.12788281295511936, right(srz96566177907)
neg, 0.20741489118092746, right(srz44248272934)
neg, 0.12788281295511936, right(srz193067857)
neg, 0.12788281295511936, right(srz96594921689)
neg, 0.13284978350377796, right(srz99311013022)
neg, 0.12788281295511936, right(srz246186710720)
neg, 0.1872108373518019, right(srz96566178330)
neg, 0.20741489118092746, right(srz993110110301)
neg, 0.12788281295511936, right(srz96566172889)
neg, 0.12788281295511936, right(srz44230448451)
neg, 0.12788281295511936, right(srz96566172847)
neg, 0.1872108373518019, right(srz99311011591)
neg, 0.17487980387577814, right(srz44230445933)
neg, 0.1872108373518019, right(srz44248273923)
neg, 0.1312754970724383, right(srz8029726659)
neg, 0.12788281295511936, right(srz27409594025)
neg, 0.18485684970456687, right(srz99311017014)
neg, 0.18511330982967572, right(srz96566176589)
neg, 0.1312754970724383, right(srz99311015180)
neg, 0.20741489118092746, right(srz44248271001)
neg, 0.1312754970724383, right(srz246186713586)
neg, 0.14158514118650908, right(srz193067697)
neg, 0.12788281295511936, right(srz27409592448)
neg, 0.12788281295511936, right(srz274095912525)
neg, 0.12788281295511936, right(srz96594922942)
neg, 0.12788281295511936, right(srz274095911704)
neg, 0.1312754970724383, right(srz274095913953)
neg, 0.1312754970724383, right(srz24618674779)
neg, 0.1284615400382881, right(srz193069039)
neg, 0.1284615400382881, right(srz44230445483)
neg, 0.12788281295511936, right(srz9931101948)
neg, 0.12788281295511936, right(srz193065500)
neg, 0.12788281295511936, right(srz965661710729)
neg, 0.1872108373518019, right(srz44230447735)
neg, 0.1312754970724383, right(srz44230444340)
neg, 0.18485684970456687, right(srz96566174572)
neg, 0.1284615400382881, right(srz965661710397)
neg, 0.12788281295511936, right(srz8029721647)
neg, 0.1312754970724383, right(srz965661712399)
neg, 0.17487980387577814, right(srz44230442309)
neg, 0.12788281295511936, right(srz44230444159)
neg, 0.1312754970724383, right(srz44230445755)
neg, 0.1312754970724383, right(srz27409594381)
neg, 0.1872108373518019, right(srz246186710061)
neg, 0.12788281295511936, right(srz4424827927)
neg, 0.1312754970724383, right(srz193064180)
neg, 0.17487980387577814, right(srz96566177725)
neg, 0.1312754970724383, right(srz44248271326)
neg, 0.18485684970456687, right(srz44248276519)
neg, 0.20741489118092746, right(srz274095915418)
neg, 0.12788281295511936, right(srz8029727518)
neg, 0.12788281295511936, right(srz96594925494)
neg, 0.12788281295511936, right(srz24618671156)
neg, 0.12788281295511936, right(srz246186712066)
neg, 0.20741489118092746, right(srz8029726784)
neg, 0.12788281295511936, right(srz96594926712)
neg, 0.1312754970724383, right(srz24618675499)
neg, 0.1312754970724383, right(srz965661713523)
neg, 0.12788281295511936, right(srz965661710545)
neg, 0.12788281295511936, right(srz965661711895)
neg, 0.18485684970456687, right(srz193069563)
neg, 0.1312754970724383, right(srz44248272192)
neg, 0.12788281295511936, right(srz44230446909)
neg, 0.20741489118092746, right(srz993110111937)
neg, 0.12788281295511936, right(srz44248274247)
neg, 0.12788281295511936, right(srz193062232)
neg, 0.1312754970724383, right(srz27409596857)
neg, 0.1312754970724383, right(srz9659492831)
neg, 0.12788281295511936, right(srz965661713633)
neg, 0.1312754970724383, right(srz99311017157)
neg, 0.12788281295511936, right(srz274095912432)
neg, 0.12788281295511936, right(srz99311016802)
neg, 0.1312754970724383, right(srz802972617)
neg, 0.18485684970456687, right(srz965949214063)
neg, 0.1872108373518019, right(srz24618679054)
neg, 0.1312754970724383, right(srz9656617485)
neg, 0.12788281295511936, right(srz27409591349)
neg, 0.1312754970724383, right(srz193062782)
neg, 0.12788281295511936, right(srz44230445558)
neg, 0.1312754970724383, right(srz8029722158)
neg, 0.26569465657955116, right(srz96594927498)
neg, 0.1312754970724383, right(srz274095916380)
neg, 0.12788281295511936, right(srz96566179120)
neg, 0.1872108373518019, right(srz993110110561)
neg, 0.1312754970724383, right(srz965949210228)
neg, 0.20741489118092746, right(srz19306735)
neg, 0.13284978350377796, right(srz99311019641)
neg, 0.12788281295511936, right(srz274095914925)
neg, 0.12788281295511936, right(srz96566175056)
neg, 0.12788281295511936, right(srz193063213)
neg, 0.1312754970724383, right(srz44248271848)
neg, 0.1312754970724383, right(srz193062867)
neg, 0.1312754970724383, right(srz193067034)
neg, 0.1312754970724383, right(srz24618676052)
neg, 0.1312754970724383, right(srz96566175694)
neg, 0.1872108373518019, right(srz27409598634)
neg, 0.18485684970456687, right(srz8029727928)
neg, 0.20741489118092746, right(srz99311016850)
neg, 0.1872108373518019, right(srz8029723552)
neg, 0.12788281295511936, right(srz965949213669)
neg, 0.12788281295511936, right(srz96566173053)
neg, 0.12788281295511936, right(srz99311014856)
neg, 0.20741489118092746, right(srz96566175584)
neg, 0.1312754970724383, right(srz96566177501)
neg, 0.1284615400382881, right(srz24618672424)
neg, 0.13284978350377796, right(srz44230441680)
neg, 0.1312754970724383, right(srz802972283)
neg, 0.12788281295511936, right(srz96594927189)
neg, 0.18485684970456687, right(srz274095917144)
neg, 0.12788281295511936, right(srz965661714230)
neg, 0.1312754970724383, right(srz44230441388)
neg, 0.1312754970724383, right(srz8029725268)
neg, 0.1312754970724383, right(srz24618674481)
neg, 0.13284978350377796, right(srz24618672340)
neg, 0.20741489118092746, right(srz44230447922)
neg, 0.1284615400382881, right(srz27409595659)
neg, 0.1312754970724383, right(srz1930610597)
neg, 0.20741489118092746, right(srz8029722247)
neg, 0.1312754970724383, right(srz44230443518)
neg, 0.12788281295511936, right(srz8029722712)
neg, 0.20741489118092746, right(srz27409596950)
neg, 0.1872108373518019, right(srz246186713122)
neg, 0.1312754970724383, right(srz99311016993)
neg, 0.12788281295511936, right(srz27409594091)
neg, 0.12788281295511936, right(srz44230448008)
neg, 0.1872108373518019, right(srz96594923492)
neg, 0.20741489118092746, right(srz99311015761)
neg, 0.18485684970456687, right(srz99311018831)
neg, 0.20741489118092746, right(srz246186711465)
neg, 0.18485684970456687, right(srz96566178246)
neg, 0.1312754970724383, right(srz44230447998)
neg, 0.1312754970724383, right(srz44230446513)
neg, 0.12788281295511936, right(srz44248277648)
neg, 0.1312754970724383, right(srz96594927485)
neg, 0.1312754970724383, right(srz24618677020)
neg, 0.12788281295511936, right(srz9659492466)
neg, 0.12788281295511936, right(srz27409598535)
neg, 0.1312754970724383, right(srz44230444388)
neg, 0.1872108373518019, right(srz24618679183)
neg, 0.20741489118092746, right(srz96566175151)
neg, 0.12788281295511936, right(srz99311016700)
neg, 0.12788281295511936, right(srz96566179002)
neg, 0.12788281295511936, right(srz193065537)
neg, 0.2252026121146009, right(srz27409592822)
neg, 0.1312754970724383, right(srz274095910798)
neg, 0.1312754970724383, right(srz8029722162)
neg, 0.13284978350377796, right(srz8029724480)
neg, 0.12788281295511936, right(srz96566175004)
neg, 0.20741489118092746, right(srz2461867324)
neg, 0.12788281295511936, right(srz96594929260)
neg, 0.12788281295511936, right(srz4424827566)
neg, 0.1872108373518019, right(srz993110112148)
neg, 0.12788281295511936, right(srz1930612302)
neg, 0.12788281295511936, right(srz44230446973)
neg, 0.12788281295511936, right(srz965661712155)
neg, 0.12788281295511936, right(srz965661710636)
neg, 0.15013817616499373, right(srz99311011492)
neg, 0.1312754970724383, right(srz99311018144)
neg, 0.1312754970724383, right(srz44230444420)
neg, 0.12788281295511936, right(srz4424827375)
neg, 0.12788281295511936, right(srz96594925415)
neg, 0.12788281295511936, right(srz1930612334)
neg, 0.1872108373518019, right(srz246186711602)
neg, 0.20741489118092746, right(srz44248271008)
neg, 0.1872108373518019, right(srz193062505)
neg, 0.1312754970724383, right(srz965949210233)
neg, 0.12788281295511936, right(srz44230441088)
neg, 0.1872108373518019, right(srz96566179899)
neg, 0.17487980387577814, right(srz96594925791)
neg, 0.13284978350377796, right(srz246186716438)
neg, 0.12788281295511936, right(srz2740959907)
neg, 0.12788281295511936, right(srz2740959112)
neg, 0.1872108373518019, right(srz8029726464)
neg, 0.14158514118650908, right(srz44248276596)
neg, 0.12788281295511936, right(srz246186716178)
neg, 0.1872108373518019, right(srz246186710056)
neg, 0.1872108373518019, right(srz99311011564)
neg, 0.15013817616499373, right(srz193064273)
neg, 0.1312754970724383, right(srz24618675046)
neg, 0.1312754970724383, right(srz24618674982)
neg, 0.20741489118092746, right(srz44248272012)
neg, 0.12788281295511936, right(srz96566172902)
neg, 0.1872108373518019, right(srz24618673704)
neg, 0.12788281295511936, right(srz193061623)
neg, 0.1312754970724383, right(srz44230444861)
neg, 0.12788281295511936, right(srz1930611981)
neg, 0.12788281295511936, right(srz96594929203)
neg, 0.1872108373518019, right(srz965661714757)
neg, 0.12788281295511936, right(srz965661713935)
neg, 0.12788281295511936, right(srz8029728201)
neg, 0.12788281295511936, right(srz99311018777)
neg, 0.1872108373518019, right(srz44230445890)
neg, 0.26569465657955116, right(srz44248277479)
neg, 0.1872108373518019, right(srz193064423)
neg, 0.1312754970724383, right(srz246186711046)
neg, 0.13284978350377796, right(srz19306378)
neg, 0.1872108373518019, right(srz193061295)
neg, 0.1312754970724383, right(srz96566171065)
neg, 0.1312754970724383, right(srz4424827114)
neg, 0.1312754970724383, right(srz44248272138)
neg, 0.1872108373518019, right(srz24618673712)
neg, 0.12788281295511936, right(srz246186710812)
neg, 0.1312754970724383, right(srz44248273808)
neg, 0.20741489118092746, right(srz274095910060)
neg, 0.12788281295511936, right(srz193069405)
neg, 0.12788281295511936, right(srz27409599146)
neg, 0.12788281295511936, right(srz965661710713)
neg, 0.1312754970724383, right(srz274095916317)
neg, 0.12788281295511936, right(srz274095917180)
neg, 0.12788281295511936, right(srz965661716006)
neg, 0.12788281295511936, right(srz96594928677)
neg, 0.1312754970724383, right(srz1930612096)
neg, 0.18485684970456687, right(srz193065772)
neg, 0.1312754970724383, right(srz99311015329)
neg, 0.1312754970724383, right(srz96566172603)
neg, 0.12788281295511936, right(srz27409593899)
neg, 0.12788281295511936, right(srz965949213885)
neg, 0.17487980387577814, right(srz246186716598)
neg, 0.14158514118650908, right(srz8029723706)
neg, 0.17487980387577814, right(srz44230443923)
neg, 0.12788281295511936, right(srz8029725687)
neg, 0.12788281295511936, right(srz96566172859)
neg, 0.13284978350377796, right(srz24618672364)
neg, 0.2252026121146009, right(srz8029727057)
neg, 0.12788281295511936, right(srz246186715952)
neg, 0.26569465657955116, right(srz1930610123)
neg, 0.1312754970724383, right(srz193061254)
neg, 0.12788281295511936, right(srz99311018285)
neg, 0.1872108373518019, right(srz24618674934)
neg, 0.1312754970724383, right(srz96594923520)
neg, 0.1312754970724383, right(srz44248276384)
neg, 0.1312754970724383, right(srz246186712698)
neg, 0.12788281295511936, right(srz99311014861)
neg, 0.1312754970724383, right(srz8029729919)
neg, 0.12788281295511936, right(srz99311016724)
neg, 0.1312754970724383, right(srz8029723945)
neg, 0.1312754970724383, right(srz1930611581)
neg, 0.1312754970724383, right(srz27409596018)
neg, 0.20741489118092746, right(srz1930681)
neg, 0.20741489118092746, right(srz2461867727)
neg, 0.14158514118650908, right(srz193065997)
neg, 0.13284978350377796, right(srz4423044335)
neg, 0.12788281295511936, right(srz1930611693)
neg, 0.1312754970724383, right(srz246186714614)
neg, 0.1312754970724383, right(srz44230447189)
neg, 0.1312754970724383, right(srz24618677875)
neg, 0.1312754970724383, right(srz274095910896)
neg, 0.13284978350377796, right(srz193063841)
neg, 0.1312754970724383, right(srz993110112203)
neg, 0.12788281295511936, right(srz193067848)
neg, 0.12788281295511936, right(srz44248276877)
neg, 0.1312754970724383, right(srz8029725325)
neg, 0.17487980387577814, right(srz96594925790)
neg, 0.1872108373518019, right(srz44230442164)
neg, 0.26569465657955116, right(srz965661713362)
neg, 0.1284615400382881, right(srz44248273917)
neg, 0.12788281295511936, right(srz274095912429)
neg, 0.12788281295511936, right(srz27409591454)
neg, 0.18485684970456687, right(srz193069203)
neg, 0.1312754970724383, right(srz44248276116)
neg, 0.20741489118092746, right(srz96566175154)
neg, 0.1284615400382881, right(srz96594926523)
neg, 0.12788281295511936, right(srz96566171812)
neg, 0.12788281295511936, right(srz246186731)
neg, 0.1312754970724383, right(srz99311011977)
neg, 0.12788281295511936, right(srz246186716010)
neg, 0.12788281295511936, right(srz993110111307)
neg, 0.14158514118650908, right(srz8029723769)
neg, 0.1312754970724383, right(srz99311013263)
neg, 0.1312754970724383, right(srz99311014056)
neg, 0.12788281295511936, right(srz193064882)
neg, 0.12788281295511936, right(srz24618671209)
neg, 0.1312754970724383, right(srz246186712267)
neg, 0.1312754970724383, right(srz44230445716)
neg, 0.12788281295511936, right(srz27409595241)
neg, 0.12788281295511936, right(srz193067831)
neg, 0.20741489118092746, right(srz44230444668)
neg, 0.12788281295511936, right(srz44230444252)
neg, 0.24364176356732303, right(srz44248276046)
neg, 0.14158514118650908, right(srz44248276548)
neg, 0.1872108373518019, right(srz246186713077)
neg, 0.20741489118092746, right(srz965661710124)
neg, 0.1312754970724383, right(srz96594927815)
neg, 0.1312754970724383, right(srz44230443311)
neg, 0.1312754970724383, right(srz24618673398)
neg, 0.20741489118092746, right(srz27409592038)
neg, 0.1312754970724383, right(srz965949212103)
neg, 0.20741489118092746, right(srz44248278293)
neg, 0.1312754970724383, right(srz27409594851)
neg, 0.1872108373518019, right(srz274095917134)
neg, 0.1312754970724383, right(srz24618676989)
neg, 0.12788281295511936, right(srz27409591876)
neg, 0.1284615400382881, right(srz96594925388)
neg, 0.14158514118650908, right(srz193065930)
neg, 0.1284615400382881, right(srz19306244)
neg, 0.1284615400382881, right(srz27409595663)
neg, 0.1312754970724383, right(srz8029727214)
neg, 0.12788281295511936, right(srz99311016716)
neg, 0.1312754970724383, right(srz96566173202)
neg, 0.26569465657955116, right(srz44248274823)
neg, 0.1872108373518019, right(srz9656617126)
neg, 0.1872108373518019, right(srz8029723480)
neg, 0.18485684970456687, right(srz193062514)
neg, 0.1312754970724383, right(srz8029728007)
neg, 0.12788281295511936, right(srz96566176189)
neg, 0.12788281295511936, right(srz99311011216)
neg, 0.18485684970456687, right(srz993110111983)
neg, 0.1312754970724383, right(srz99311012285)
neg, 0.1284615400382881, right(srz24618679202)
neg, 0.1312754970724383, right(srz193061287)
neg, 0.14158514118650908, right(srz442482747)
neg, 0.1284615400382881, right(srz24618679246)
neg, 0.12788281295511936, right(srz44248272337)
neg, 0.12788281295511936, right(srz96566179019)
neg, 0.24364176356732303, right(srz44248273943)
neg, 0.1312754970724383, right(srz965661715114)
neg, 0.1312754970724383, right(srz8029721708)
neg, 0.1312754970724383, right(srz24618678592)
neg, 0.1872108373518019, right(srz24618678924)
neg, 0.12788281295511936, right(srz96594923919)
neg, 0.20741489118092746, right(srz193063825)
neg, 0.20741489118092746, right(srz24618674573)
neg, 0.1312754970724383, right(srz99311018506)
neg, 0.20741489118092746, right(srz96566174906)
neg, 0.1284615400382881, right(srz24618672426)
neg, 0.12788281295511936, right(srz4423044950)
neg, 0.20741489118092746, right(srz8029727875)
neg, 0.12788281295511936, right(srz96594921426)
neg, 0.12788281295511936, right(srz993110111364)
neg, 0.12788281295511936, right(srz193067896)
neg, 0.1284615400382881, right(srz9656617201)
neg, 0.13284978350377796, right(srz965661714325)
neg, 0.1312754970724383, right(srz96594924379)
neg, 0.12788281295511936, right(srz8029721374)
neg, 0.12788281295511936, right(srz965661710109)
neg, 0.1284615400382881, right(srz99311018587)
neg, 0.12788281295511936, right(srz965661715831)
neg, 0.14158514118650908, right(srz965949210822)
neg, 0.1312754970724383, right(srz96566173881)
neg, 0.1312754970724383, right(srz99311019960)
neg, 0.20741489118092746, right(srz965949213634)
neg, 0.12788281295511936, right(srz965661713869)
neg, 0.20741489118092746, right(srz4423044453)
neg, 0.18485684970456687, right(srz8029722346)
neg, 0.24364176356732303, right(srz99311018456)
neg, 0.20741489118092746, right(srz44230447204)
neg, 0.12788281295511936, right(srz99311019706)
neg, 0.1312754970724383, right(srz193065677)
neg, 0.1872108373518019, right(srz802972869)
neg, 0.12788281295511936, right(srz96594928645)
neg, 0.18511330982967572, right(srz19306678)
neg, 0.18485684970456687, right(srz99311017406)
neg, 0.1312754970724383, right(srz99311017232)
neg, 0.1312754970724383, right(srz80297210079)
neg, 0.12788281295511936, right(srz193067840)
neg, 0.1312754970724383, right(srz96566174000)
neg, 0.1312754970724383, right(srz96594921860)
neg, 0.20741489118092746, right(srz965661710126)
neg, 0.1872108373518019, right(srz80297210837)
neg, 0.1872108373518019, right(srz246186713198)
neg, 0.1312754970724383, right(srz1930617)
neg, 0.12788281295511936, right(srz27409591988)
neg, 0.1284615400382881, right(srz9656617179)
neg, 0.26569465657955116, right(srz99311019040)
neg, 0.1312754970724383, right(srz965661712413)
neg, 0.1312754970724383, right(srz965661715357)
neg, 0.1312754970724383, right(srz96566175488)
neg, 0.1312754970724383, right(srz96566173297)
neg, 0.18485684970456687, right(srz96594921965)
neg, 0.20741489118092746, right(srz24618671578)
neg, 0.12788281295511936, right(srz44248276984)
neg, 0.1312754970724383, right(srz44248271294)
neg, 0.18485684970456687, right(srz99311016307)
neg, 0.12788281295511936, right(srz24618672678)
neg, 0.12788281295511936, right(srz96594923972)
neg, 0.26569465657955116, right(srz44230442003)
neg, 0.12788281295511936, right(srz44248276241)
neg, 0.12788281295511936, right(srz8029722862)
neg, 0.1312754970724383, right(srz965949210559)
neg, 0.12788281295511936, right(srz96594928621)
neg, 0.1284615400382881, right(srz27409597136)
neg, 0.12788281295511936, right(srz24618672434)
neg, 0.1312754970724383, right(srz993110112336)
neg, 0.18485684970456687, right(srz96566178561)
neg, 0.12788281295511936, right(srz8029724351)
neg, 0.18511330982967572, right(srz8029723239)
neg, 0.1284615400382881, right(srz274095912307)
neg, 0.12788281295511936, right(srz96566177852)
neg, 0.18511330982967572, right(srz44248272650)
neg, 0.1872108373518019, right(srz44248277447)
neg, 0.12788281295511936, right(srz27409599015)
neg, 0.14158514118650908, right(srz8029727776)
neg, 0.1872108373518019, right(srz44230441386)
neg, 0.12788281295511936, right(srz4423044444)
neg, 0.1312754970724383, right(srz965661711149)
neg, 0.12788281295511936, right(srz193061597)
neg, 0.12788281295511936, right(srz44230441798)
neg, 0.12788281295511936, right(srz965949212874)
neg, 0.18485684970456687, right(srz193066628)
neg, 0.1312754970724383, right(srz27409597859)
neg, 0.20741489118092746, right(srz27409592065)
neg, 0.1312754970724383, right(srz8029727244)
neg, 0.12788281295511936, right(srz27409593040)
neg, 0.12788281295511936, right(srz99311014446)
neg, 0.12788281295511936, right(srz965949213465)
neg, 0.12788281295511936, right(srz96594929354)
neg, 0.12788281295511936, right(srz4424827680)
neg, 0.1312754970724383, right(srz246186712363)
neg, 0.20741489118092746, right(srz44248277518)
neg, 0.12788281295511936, right(srz44248277606)
neg, 0.12788281295511936, right(srz27409592151)
neg, 0.12788281295511936, right(srz24618672039)
neg, 0.12788281295511936, right(srz24618671654)
neg, 0.1312754970724383, right(srz993110112338)
neg, 0.20741489118092746, right(srz965661713217)
neg, 0.12788281295511936, right(srz965661715933)
neg, 0.12788281295511936, right(srz24618677415)
neg, 0.20741489118092746, right(srz27409597906)
neg, 0.20741489118092746, right(srz8029723402)
neg, 0.12788281295511936, right(srz44248273343)
neg, 0.1284615400382881, right(srz24618679224)
neg, 0.12788281295511936, right(srz274095912331)
neg, 0.1872108373518019, right(srz19306809)
neg, 0.17487980387577814, right(srz965949214042)
neg, 0.18485684970456687, right(srz274095912473)
neg, 0.12788281295511936, right(srz27409591324)
neg, 0.20741489118092746, right(srz8029723332)
neg, 0.20741489118092746, right(srz44230442273)
neg, 0.18485684970456687, right(srz246186716540)
neg, 0.20741489118092746, right(srz193068282)
neg, 0.1284615400382881, right(srz24618675727)
neg, 0.17487980387577814, right(srz27409591754)
neg, 0.12788281295511936, right(srz24618675222)
neg, 0.12788281295511936, right(srz96594923982)
neg, 0.1312754970724383, right(srz99311017324)
neg, 0.12788281295511936, right(srz96594929387)
neg, 0.20741489118092746, right(srz965949212993)
neg, 0.12788281295511936, right(srz96594924184)
neg, 0.1312754970724383, right(srz99311013646)
neg, 0.18485684970456687, right(srz96566174619)
neg, 0.12788281295511936, right(srz24618679691)
neg, 0.17487980387577814, right(srz96594925795)
neg, 0.1312754970724383, right(srz274095910486)
neg, 0.2252026121146009, right(srz246186712226)
neg, 0.1312754970724383, right(srz96594921035)
neg, 0.12788281295511936, right(srz96594924136)
neg, 0.20741489118092746, right(srz99311019128)
neg, 0.1284615400382881, right(srz8029728764)
neg, 0.24364176356732303, right(srz96566179942)
neg, 0.12788281295511936, right(srz99311019521)
neg, 0.1284615400382881, right(srz96594926617)
neg, 0.12788281295511936, right(srz246186715528)
neg, 0.1312754970724383, right(srz193068517)
neg, 0.17487980387577814, right(srz96594923428)
neg, 0.12788281295511936, right(srz96566176224)
neg, 0.1872108373518019, right(srz193062491)
neg, 0.18485684970456687, right(srz9931101231)
neg, 0.12788281295511936, right(srz246186748)
neg, 0.12788281295511936, right(srz9656617377)
neg, 0.12788281295511936, right(srz99311019535)
neg, 0.1312754970724383, right(srz8029727234)
neg, 0.1872108373518019, right(srz24618676662)
neg, 0.1284615400382881, right(srz96594928505)
neg, 0.12788281295511936, right(srz274095914782)
neg, 0.18485684970456687, right(srz8029724825)
neg, 0.1312754970724383, right(srz44230443251)
neg, 0.12788281295511936, right(srz193061555)
neg, 0.13284978350377796, right(srz44230446637)
neg, 0.12788281295511936, right(srz44230444642)
neg, 0.18485684970456687, right(srz99311011403)
neg, 0.1312754970724383, right(srz44230442135)
neg, 0.12788281295511936, right(srz8029723829)
neg, 0.1284615400382881, right(srz27409595731)
neg, 0.1312754970724383, right(srz27409596633)
neg, 0.12788281295511936, right(srz44230441183)
neg, 0.12788281295511936, right(srz8029725966)
neg, 0.12788281295511936, right(srz19306949)
neg, 0.13284978350377796, right(srz24618672385)
neg, 0.12788281295511936, right(srz193067881)
neg, 0.1312754970724383, right(srz96594922538)
neg, 0.26569465657955116, right(srz8029726417)
neg, 0.12788281295511936, right(srz246186717127)
neg, 0.20741489118092746, right(srz27409592918)
neg, 0.1312754970724383, right(srz44248276367)
neg, 0.12788281295511936, right(srz44230444017)
neg, 0.1872108373518019, right(srz193067303)
neg, 0.20741489118092746, right(srz8029726153)
neg, 0.1312754970724383, right(srz246186716290)
neg, 0.12788281295511936, right(srz9931101827)
neg, 0.12788281295511936, right(srz1930610736)
neg, 0.12788281295511936, right(srz96566178857)
neg, 0.12788281295511936, right(srz965661715727)
neg, 0.13284978350377796, right(srz99311019642)
neg, 0.1312754970724383, right(srz965661711135)
neg, 0.12788281295511936, right(srz965661714246)
neg, 0.1312754970724383, right(srz96566174006)
neg, 0.1312754970724383, right(srz99311018132)
neg, 0.12788281295511936, right(srz2461867679)
neg, 0.12788281295511936, right(srz44230446927)
neg, 0.20741489118092746, right(srz9656617760)
neg, 0.20741489118092746, right(srz965661710128)
neg, 0.17487980387577814, right(srz44248276461)
neg, 0.1312754970724383, right(srz96566174053)
neg, 0.17487980387577814, right(srz193065091)
neg, 0.1284615400382881, right(srz24618675736)
neg, 0.18485684970456687, right(srz193069559)
neg, 0.12788281295511936, right(srz246186713769)
neg, 0.1312754970724383, right(srz96594922637)
neg, 0.1312754970724383, right(srz193064194)
neg, 0.1872108373518019, right(srz99311017973)
neg, 0.20741489118092746, right(srz8029727893)
neg, 0.12788281295511936, right(srz27409596477)
neg, 0.12788281295511936, right(srz274095916113)
neg, 0.12788281295511936, right(srz274095914721)
neg, 0.1312754970724383, right(srz274095917271)
neg, 0.12788281295511936, right(srz99311013131)
neg, 0.1312754970724383, right(srz9656617970)
neg, 0.1312754970724383, right(srz8029724676)
neg, 0.1872108373518019, right(srz193063295)
neg, 0.1312754970724383, right(srz802972606)
neg, 0.1312754970724383, right(srz8029724602)
neg, 0.1312754970724383, right(srz99311012348)
neg, 0.1872108373518019, right(srz965661713069)
neg, 0.1312754970724383, right(srz44248276190)
neg, 0.1312754970724383, right(srz44248271860)
neg, 0.12788281295511936, right(srz965661713284)
neg, 0.12788281295511936, right(srz96594929500)
neg, 0.13284978350377796, right(srz99311013073)
neg, 0.1312754970724383, right(srz965949211649)
neg, 0.12788281295511936, right(srz96594921429)
neg, 0.12788281295511936, right(srz27409591841)
neg, 0.20741489118092746, right(srz8029721928)
neg, 0.12788281295511936, right(srz96594922972)
neg, 0.1312754970724383, right(srz246186715098)
neg, 0.17487980387577814, right(srz96594921115)
neg, 0.1284615400382881, right(srz96566171517)
neg, 0.12788281295511936, right(srz24618672007)
neg, 0.1312754970724383, right(srz9659492352)
neg, 0.12788281295511936, right(srz96566176225)
neg, 0.12788281295511936, right(srz24618672963)
neg, 0.13284978350377796, right(srz99311019592)
neg, 0.12788281295511936, right(srz96594921362)
neg, 0.12788281295511936, right(srz27409597466)
neg, 0.20741489118092746, right(srz99311016851)
neg, 0.18485684970456687, right(srz8029724832)
neg, 0.1872108373518019, right(srz44230444718)
neg, 0.1312754970724383, right(srz965661711070)
neg, 0.1312754970724383, right(srz246186714643)
neg, 0.1312754970724383, right(srz24618679834)
neg, 0.14158514118650908, right(srz193069329)
neg, 0.13284978350377796, right(srz44230443836)
neg, 0.1872108373518019, right(srz246186714125)
neg, 0.12788281295511936, right(srz96566177889)
neg, 0.1312754970724383, right(srz44248271060)
neg, 0.12788281295511936, right(srz193063702)
neg, 0.12788281295511936, right(srz99311019715)
neg, 0.12788281295511936, right(srz274095943)
neg, 0.1312754970724383, right(srz96594924384)
neg, 0.17487980387577814, right(srz99311012893)
neg, 0.12788281295511936, right(srz99311015951)
neg, 0.18511330982967572, right(srz24618673486)
neg, 0.12788281295511936, right(srz274095913850)
neg, 0.18485684970456687, right(srz993110112170)
neg, 0.20741489118092746, right(srz80297276)
neg, 0.12788281295511936, right(srz27409593857)
neg, 0.12788281295511936, right(srz246186714663)
neg, 0.12788281295511936, right(srz44230447168)
neg, 0.1312754970724383, right(srz44230441403)
neg, 0.1872108373518019, right(srz1930611078)
neg, 0.12788281295511936, right(srz274095911720)
neg, 0.1312754970724383, right(srz246186713477)
neg, 0.20741489118092746, right(srz193062105)
neg, 0.12788281295511936, right(srz96566172896)
neg, 0.12788281295511936, right(srz8029727600)
neg, 0.1312754970724383, right(srz965661714639)
neg, 0.1312754970724383, right(srz4423044594)
neg, 0.20741489118092746, right(srz99311015080)
neg, 0.1312754970724383, right(srz965661712774)
neg, 0.1312754970724383, right(srz1930611578)
neg, 0.12788281295511936, right(srz96566172971)
neg, 0.1312754970724383, right(srz44230444555)
neg, 0.12788281295511936, right(srz8029722634)
neg, 0.14158514118650908, right(srz99311015592)
neg, 0.12788281295511936, right(srz27409591356)
neg, 0.1312754970724383, right(srz44230447760)
neg, 0.12788281295511936, right(srz965949212737)
neg, 0.1312754970724383, right(srz27409598150)
neg, 0.1872108373518019, right(srz8029726829)
neg, 0.1312754970724383, right(srz44248271629)
neg, 0.12788281295511936, right(srz96566172800)
neg, 0.18485684970456687, right(srz8029729455)
neg, 0.20741489118092746, right(srz993110110328)
neg, 0.1872108373518019, right(srz246186710066)
neg, 0.1312754970724383, right(srz99311014170)
neg, 0.12788281295511936, right(srz1930611880)
neg, 0.1312754970724383, right(srz993110112334)
neg, 0.1312754970724383, right(srz193062034)
neg, 0.12788281295511936, right(srz8029723883)
neg, 0.17487980387577814, right(srz44230443464)
neg, 0.12788281295511936, right(srz965661711807)
neg, 0.12788281295511936, right(srz193069437)
neg, 0.1312754970724383, right(srz27409599308)
neg, 0.1312754970724383, right(srz8029722396)
neg, 0.1872108373518019, right(srz96594929801)
neg, 0.12788281295511936, right(srz965661714201)
neg, 0.1312754970724383, right(srz96566171293)
neg, 0.13284978350377796, right(srz99311016075)
neg, 0.2252026121146009, right(srz44230442133)
neg, 0.1872108373518019, right(srz8029727165)
neg, 0.14158514118650908, right(srz193067718)
neg, 0.12788281295511936, right(srz96566174953)
neg, 0.12788281295511936, right(srz96594923963)
neg, 0.12788281295511936, right(srz965661712044)
neg, 0.1872108373518019, right(srz44230446118)
neg, 0.1312754970724383, right(srz274095910934)
neg, 0.13284978350377796, right(srz19306444)
neg, 0.20741489118092746, right(srz99311011778)
neg, 0.12788281295511936, right(srz27409591877)
neg, 0.12788281295511936, right(srz80297210395)
neg, 0.1312754970724383, right(srz246186715554)
neg, 0.1312754970724383, right(srz27409598081)
neg, 0.12788281295511936, right(srz274095912446)
neg, 0.12788281295511936, right(srz8029722620)
neg, 0.12788281295511936, right(srz27409592707)
neg, 0.1312754970724383, right(srz274095917251)
neg, 0.20741489118092746, right(srz80297238)
neg, 0.12788281295511936, right(srz965949213892)
neg, 0.1872108373518019, right(srz965949261)
neg, 0.1312754970724383, right(srz44230447806)
neg, 0.1312754970724383, right(srz193068763)
neg, 0.12788281295511936, right(srz44230444184)
neg, 0.1312754970724383, right(srz96594922522)
neg, 0.1872108373518019, right(srz274095911974)
neg, 0.1872108373518019, right(srz802972867)
neg, 0.12788281295511936, right(srz193063601)
neg, 0.20741489118092746, right(srz96566178535)
neg, 0.12788281295511936, right(srz274095914749)
neg, 0.12788281295511936, right(srz44248271243)
neg, 0.18511330982967572, right(srz993110110377)
neg, 0.12788281295511936, right(srz246186717089)
neg, 0.1872108373518019, right(srz193063347)
neg, 0.1312754970724383, right(srz8029721729)
neg, 0.12788281295511936, right(srz193063159)
neg, 0.13284978350377796, right(srz99311016063)
neg, 0.24364176356732303, right(srz8029728431)
neg, 0.12788281295511936, right(srz44248276912)
neg, 0.12788281295511936, right(srz24618671260)
neg, 0.1872108373518019, right(srz9656617143)
neg, 0.1312754970724383, right(srz246186710304)
neg, 0.12788281295511936, right(srz44248272459)
neg, 0.14158514118650908, right(srz193067791)
neg, 0.1312754970724383, right(srz965949213059)
neg, 0.12788281295511936, right(srz193069169)
neg, 0.12788281295511936, right(srz193061367)
neg, 0.1312754970724383, right(srz96566177956)
neg, 0.1872108373518019, right(srz246186712838)
neg, 0.1312754970724383, right(srz44248273852)
neg, 0.1312754970724383, right(srz99311012793)
neg, 0.1872108373518019, right(srz44248272997)
neg, 0.12788281295511936, right(srz24618675872)
neg, 0.1312754970724383, right(srz44248271513)
neg, 0.1284615400382881, right(srz44230445432)
neg, 0.2252026121146009, right(srz44248277489)
neg, 0.13284978350377796, right(srz99311013889)
neg, 0.12788281295511936, right(srz96594929509)
neg, 0.1312754970724383, right(srz193066650)
neg, 0.12788281295511936, right(srz274095914972)
neg, 0.12788281295511936, right(srz96594925436)
neg, 0.1284615400382881, right(srz96566171552)
neg, 0.1312754970724383, right(srz965661710928)
neg, 0.13284978350377796, right(srz246186716448)
neg, 0.12788281295511936, right(srz965661712701)
neg, 0.12788281295511936, right(srz96594922765)
neg, 0.1872108373518019, right(srz965949212194)
neg, 0.12788281295511936, right(srz4423044802)
neg, 0.12788281295511936, right(srz9931101886)
neg, 0.12788281295511936, right(srz24618675925)
neg, 0.12788281295511936, right(srz274095913875)
neg, 0.1312754970724383, right(srz27409595577)
neg, 0.14158514118650908, right(srz965949210798)
neg, 0.13284978350377796, right(srz96566173772)
neg, 0.1312754970724383, right(srz246186716641)
neg, 0.1312754970724383, right(srz96594926789)
neg, 0.1312754970724383, right(srz4424827272)
neg, 0.1312754970724383, right(srz193063122)
neg, 0.1312754970724383, right(srz8029725442)
neg, 0.1312754970724383, right(srz44248276147)
neg, 0.1312754970724383, right(srz246186712374)
neg, 0.2252026121146009, right(srz44230441951)
neg, 0.1312754970724383, right(srz44230447814)
neg, 0.13284978350377796, right(srz96566173691)
neg, 0.1312754970724383, right(srz99311014053)
neg, 0.20741489118092746, right(srz274095914411)
neg, 0.13284978350377796, right(srz96566173793)
neg, 0.20741489118092746, right(srz99311017056)
neg, 0.1284615400382881, right(srz8029724166)
neg, 0.1312754970724383, right(srz44248275487)
neg, 0.1312754970724383, right(srz193061235)
neg, 0.1312754970724383, right(srz8029724729)
neg, 0.1312754970724383, right(srz193061182)
neg, 0.1312754970724383, right(srz965661712470)
neg, 0.1284615400382881, right(srz27409597129)
neg, 0.18485684970456687, right(srz193062537)
neg, 0.12788281295511936, right(srz27409597680)
neg, 0.1312754970724383, right(srz44230444476)
neg, 0.18511330982967572, right(srz965949211463)
neg, 0.1872108373518019, right(srz96594928091)
neg, 0.14158514118650908, right(srz9659492744)
neg, 0.1312754970724383, right(srz274095911370)
neg, 0.1872108373518019, right(srz274095911638)
neg, 0.26569465657955116, right(srz44248278290)
neg, 0.12788281295511936, right(srz8029725814)
neg, 0.12788281295511936, right(srz44230447894)
neg, 0.1312754970724383, right(srz193067052)
neg, 0.1312754970724383, right(srz965949210519)
neg, 0.20741489118092746, right(srz44230446417)
neg, 0.1312754970724383, right(srz27409598061)
neg, 0.20741489118092746, right(srz96594923436)
neg, 0.1312754970724383, right(srz1930610567)
neg, 0.20741489118092746, right(srz99311018092)
neg, 0.12788281295511936, right(srz80297220)
neg, 0.1312754970724383, right(srz96594924678)
neg, 0.20741489118092746, right(srz27409593263)
neg, 0.1312754970724383, right(srz1930611384)
neg, 0.1312754970724383, right(srz1930611428)
neg, 0.12788281295511936, right(srz274095913921)
neg, 0.1312754970724383, right(srz44248272527)
neg, 0.1312754970724383, right(srz44230444336)
neg, 0.20741489118092746, right(srz99311014588)
neg, 0.1312754970724383, right(srz965949211564)
neg, 0.20741489118092746, right(srz193062284)
neg, 0.12788281295511936, right(srz24618671196)
neg, 0.12788281295511936, right(srz96566174960)
neg, 0.12788281295511936, right(srz193064079)
neg, 0.1312754970724383, right(srz993110111623)
neg, 0.1872108373518019, right(srz993110110554)
neg, 0.12788281295511936, right(srz24618677314)
neg, 0.13284978350377796, right(srz99311013040)
neg, 0.12788281295511936, right(srz44248276888)
neg, 0.12788281295511936, right(srz44230441144)
neg, 0.1872108373518019, right(srz965661714704)
neg, 0.1312754970724383, right(srz44230447785)
neg, 0.2252026121146009, right(srz8029722372)
neg, 0.1312754970724383, right(srz965661714721)
neg, 0.1312754970724383, right(srz99311012109)
neg, 0.12788281295511936, right(srz8029724359)
neg, 0.12788281295511936, right(srz9659492896)
neg, 0.12788281295511936, right(srz9656617668)
neg, 0.24364176356732303, right(srz27409596613)
neg, 0.12788281295511936, right(srz193069482)
neg, 0.12788281295511936, right(srz193069124)
neg, 0.1872108373518019, right(srz1930611506)
neg, 0.18485684970456687, right(srz27409593205)
neg, 0.12788281295511936, right(srz274095912438)
neg, 0.12788281295511936, right(srz24618677457)
neg, 0.12788281295511936, right(srz965949213757)
neg, 0.13284978350377796, right(srz4424827418)
neg, 0.1312754970724383, right(srz802972955)
neg, 0.1284615400382881, right(srz96594922596)
neg, 0.1872108373518019, right(srz44248272755)
neg, 0.13284978350377796, right(srz19306448)
neg, 0.24364176356732303, right(srz99311018453)
neg, 0.12788281295511936, right(srz2461867688)
neg, 0.12788281295511936, right(srz24618671094)
neg, 0.1312754970724383, right(srz965661714105)
neg, 0.1872108373518019, right(srz44230441373)
neg, 0.1312754970724383, right(srz246186713673)
neg, 0.1872108373518019, right(srz965949211540)
neg, 0.18485684970456687, right(srz193065228)
neg, 0.13284978350377796, right(srz99311013790)
neg, 0.1284615400382881, right(srz99311018690)
neg, 0.12788281295511936, right(srz274095912480)
neg, 0.12788281295511936, right(srz44230444087)
neg, 0.17487980387577814, right(srz274095915453)
neg, 0.12788281295511936, right(srz8029725725)
neg, 0.14158514118650908, right(srz193067733)
neg, 0.12788281295511936, right(srz8029727027)
neg, 0.1312754970724383, right(srz4424827956)
neg, 0.12788281295511936, right(srz24618671343)
neg, 0.1312754970724383, right(srz802972141)
neg, 0.1312754970724383, right(srz99311017036)
neg, 0.15013817616499373, right(srz44248274164)
neg, 0.1872108373518019, right(srz24618673703)
neg, 0.12788281295511936, right(srz96594928676)
neg, 0.1312754970724383, right(srz8029728535)
neg, 0.12788281295511936, right(srz99311013735)
neg, 0.12788281295511936, right(srz96594921555)
neg, 0.1312754970724383, right(srz965661715115)
neg, 0.12788281295511936, right(srz96594929468)
neg, 0.20741489118092746, right(srz99311017244)
neg, 0.1872108373518019, right(srz193068708)
neg, 0.20741489118092746, right(srz27409596964)
neg, 0.24364176356732303, right(srz965661713403)
neg, 0.18485684970456687, right(srz99311015591)
neg, 0.13284978350377796, right(srz24618672381)
neg, 0.12788281295511936, right(srz96594924500)
neg, 0.1312754970724383, right(srz44230445998)
neg, 0.12788281295511936, right(srz27409599034)
neg, 0.12788281295511936, right(srz99311018899)
neg, 0.12788281295511936, right(srz274095916081)
neg, 0.20741489118092746, right(srz8029729050)
neg, 0.12788281295511936, right(srz44230446987)
neg, 0.12788281295511936, right(srz96594928663)
neg, 0.12788281295511936, right(srz246186713325)
neg, 0.1312754970724383, right(srz965949212983)
neg, 0.1284615400382881, right(srz1930610404)
neg, 0.12788281295511936, right(srz96566172825)
neg, 0.26569465657955116, right(srz99311017863)
neg, 0.1312754970724383, right(srz44230447754)
neg, 0.1312754970724383, right(srz802972100)
neg, 0.20741489118092746, right(srz2740959818)
neg, 0.17487980387577814, right(srz8029727858)
neg, 0.12788281295511936, right(srz274095910673)
neg, 0.18485684970456687, right(srz44230448249)
neg, 0.12788281295511936, right(srz8029723858)
neg, 0.26569465657955116, right(srz96566175644)
neg, 0.12788281295511936, right(srz246186744)
neg, 0.12788281295511936, right(srz44248277977)
neg, 0.12788281295511936, right(srz9931101979)
neg, 0.12788281295511936, right(srz27409591341)
neg, 0.1312754970724383, right(srz44230444333)
neg, 0.12788281295511936, right(srz44230441192)
neg, 0.1872108373518019, right(srz246186711205)
neg, 0.12788281295511936, right(srz965661711669)
neg, 0.12788281295511936, right(srz96594926967)
neg, 0.1312754970724383, right(srz96566176427)
neg, 0.20741489118092746, right(srz99311018476)
neg, 0.20741489118092746, right(srz246186712764)
neg, 0.12788281295511936, right(srz24618675990)
neg, 0.1312754970724383, right(srz96566173286)
neg, 0.20741489118092746, right(srz993110110190)
neg, 0.17487980387577814, right(srz27409593372)
neg, 0.1872108373518019, right(srz965661715660)
neg, 0.20741489118092746, right(srz965661715514)
neg, 0.1312754970724383, right(srz24618675493)
neg, 0.1284615400382881, right(srz193069046)
neg, 0.12788281295511936, right(srz44230447360)
neg, 0.12788281295511936, right(srz44230446839)
neg, 0.12788281295511936, right(srz2461867132)
neg, 0.1312754970724383, right(srz8029725267)
neg, 0.18511330982967572, right(srz965949211678)
neg, 0.1872108373518019, right(srz99311015473)
neg, 0.1284615400382881, right(srz99311018560)
neg, 0.1312754970724383, right(srz44230445989)
neg, 0.12788281295511936, right(srz965661710182)
neg, 0.1312754970724383, right(srz99311017105)
neg, 0.1312754970724383, right(srz193062555)
neg, 0.1312754970724383, right(srz4424827200)
neg, 0.18485684970456687, right(srz96566173412)
neg, 0.1872108373518019, right(srz8029721046)
neg, 0.12788281295511936, right(srz99311019496)
neg, 0.12788281295511936, right(srz99311016731)
neg, 0.1872108373518019, right(srz96594926434)
neg, 0.1312754970724383, right(srz965949214095)
neg, 0.18485684970456687, right(srz96594927156)
neg, 0.12788281295511936, right(srz24618671052)
neg, 0.1872108373518019, right(srz246186713094)
neg, 0.1312754970724383, right(srz8029724678)
neg, 0.20741489118092746, right(srz8029727829)
neg, 0.14158514118650908, right(srz44248275263)
neg, 0.12788281295511936, right(srz965949213801)
neg, 0.12788281295511936, right(srz274095916506)
neg, 0.1312754970724383, right(srz96594928586)
neg, 0.1284615400382881, right(srz193068938)
neg, 0.1312754970724383, right(srz193066316)
neg, 0.12788281295511936, right(srz96566171737)
neg, 0.12788281295511936, right(srz24618671478)
neg, 0.1872108373518019, right(srz1930611097)
neg, 0.18485684970456687, right(srz19306848)
neg, 0.12788281295511936, right(srz274095913741)
neg, 0.1872108373518019, right(srz965661711606)
neg, 0.1312754970724383, right(srz965949211568)
neg, 0.12788281295511936, right(srz44230441574)
neg, 0.1284615400382881, right(srz96566171560)
neg, 0.1312754970724383, right(srz802972815)
neg, 0.1312754970724383, right(srz193065437)
neg, 0.12788281295511936, right(srz246186711993)
neg, 0.12788281295511936, right(srz96566171594)
neg, 0.1312754970724383, right(srz44248271900)
neg, 0.20741489118092746, right(srz993110110293)
neg, 0.12788281295511936, right(srz193064011)
neg, 0.12788281295511936, right(srz96566178410)
neg, 0.1872108373518019, right(srz99311019433)
neg, 0.20741489118092746, right(srz4423044492)
neg, 0.20741489118092746, right(srz8029721918)
neg, 0.12788281295511936, right(srz27409595921)
neg, 0.12788281295511936, right(srz99311015092)
neg, 0.1312754970724383, right(srz965661715468)
neg, 0.1312754970724383, right(srz96566177323)
neg, 0.12788281295511936, right(srz4424827744)
neg, 0.1312754970724383, right(srz44230445225)
neg, 0.12788281295511936, right(srz27409592398)
neg, 0.1872108373518019, right(srz802972495)
neg, 0.15013817616499373, right(srz8029728761)
neg, 0.12788281295511936, right(srz27409597729)
neg, 0.1312754970724383, right(srz44248272165)
neg, 0.1312754970724383, right(srz96594924270)
neg, 0.20741489118092746, right(srz96566175157)
neg, 0.18485684970456687, right(srz993110110979)
neg, 0.1312754970724383, right(srz44248271308)
neg, 0.20741489118092746, right(srz99311012906)
neg, 0.18485684970456687, right(srz993110111982)
neg, 0.12788281295511936, right(srz24618679668)
neg, 0.1312754970724383, right(srz44248271616)
neg, 0.12788281295511936, right(srz27409599484)
neg, 0.1284615400382881, right(srz44230443515)
neg, 0.1312754970724383, right(srz99311016341)
neg, 0.12788281295511936, right(srz96594924182)
neg, 0.20741489118092746, right(srz8029724160)
neg, 0.1312754970724383, right(srz99311012085)
neg, 0.20741489118092746, right(srz965661714786)
neg, 0.1312754970724383, right(srz24618673540)
neg, 0.12788281295511936, right(srz99311018709)
neg, 0.1312754970724383, right(srz965949213469)
neg, 0.1312754970724383, right(srz24618674845)
neg, 0.1312754970724383, right(srz44230446206)
neg, 0.20741489118092746, right(srz24618673211)
neg, 0.12788281295511936, right(srz274095917185)
neg, 0.1872108373518019, right(srz274095910290)
neg, 0.12788281295511936, right(srz2740959912)
neg, 0.18511330982967572, right(srz19306660)
neg, 0.1312754970724383, right(srz24618676033)
neg, 0.17487980387577814, right(srz193067529)
neg, 0.1312754970724383, right(srz8029729923)
neg, 0.1312754970724383, right(srz8029726714)
neg, 0.12788281295511936, right(srz965661714198)
neg, 0.1312754970724383, right(srz8029725290)
neg, 0.12788281295511936, right(srz193062651)
neg, 0.1312754970724383, right(srz965661715053)
neg, 0.1872108373518019, right(srz44248277439)
neg, 0.12788281295511936, right(srz44230442259)
neg, 0.12788281295511936, right(srz8029724335)
neg, 0.1312754970724383, right(srz99311019237)
neg, 0.1312754970724383, right(srz96594928147)
neg, 0.20741489118092746, right(srz27409599404)
neg, 0.1312754970724383, right(srz44248277220)
neg, 0.12788281295511936, right(srz965949211982)
neg, 0.14158514118650908, right(srz8029723606)
neg, 0.1312754970724383, right(srz96566172743)
neg, 0.12788281295511936, right(srz96594928664)
neg, 0.13284978350377796, right(srz4424827435)
neg, 0.20741489118092746, right(srz802972746)
neg, 0.1312754970724383, right(srz24618678285)
neg, 0.12788281295511936, right(srz2740959672)
neg, 0.20741489118092746, right(srz193066379)
neg, 0.12788281295511936, right(srz24618671104)
neg, 0.12788281295511936, right(srz44230441050)
neg, 0.12788281295511936, right(srz9931101911)
neg, 0.1312754970724383, right(srz96566174010)
neg, 0.20741489118092746, right(srz27409591937)
neg, 0.12788281295511936, right(srz965661712137)
neg, 0.1312754970724383, right(srz96594925982)
neg, 0.1872108373518019, right(srz8029724860)
neg, 0.1284615400382881, right(srz9656617186)
neg, 0.1312754970724383, right(srz96566175817)
neg, 0.12788281295511936, right(srz246186711686)
neg, 0.1312754970724383, right(srz96594928099)
neg, 0.1284615400382881, right(srz80297210189)
neg, 0.20741489118092746, right(srz193067548)
neg, 0.1312754970724383, right(srz965949213620)
neg, 0.12788281295511936, right(srz965949211736)
neg, 0.1872108373518019, right(srz274095911098)
neg, 0.12788281295511936, right(srz965661714233)
neg, 0.1312754970724383, right(srz44248272811)
neg, 0.12788281295511936, right(srz44230444149)
neg, 0.1872108373518019, right(srz8029724875)
neg, 0.18485684970456687, right(srz193067273)
neg, 0.12788281295511936, right(srz96566173493)
neg, 0.13284978350377796, right(srz8029724405)
neg, 0.12788281295511936, right(srz27409592190)
neg, 0.12788281295511936, right(srz27409599135)
neg, 0.13284978350377796, right(srz193066865)
neg, 0.1312754970724383, right(srz96594929865)
neg, 0.12788281295511936, right(srz246186714778)
neg, 0.1312754970724383, right(srz80297210767)
neg, 0.1872108373518019, right(srz27409594892)
neg, 0.12788281295511936, right(srz965661716036)
neg, 0.18485684970456687, right(srz8029726128)
neg, 0.1872108373518019, right(srz96566175285)
neg, 0.1312754970724383, right(srz44248274508)
neg, 0.1312754970724383, right(srz44248271053)
neg, 0.14158514118650908, right(srz8029727395)
neg, 0.1872108373518019, right(srz96594921177)
neg, 0.1872108373518019, right(srz99311018852)
neg, 0.12788281295511936, right(srz24618675342)
neg, 0.12788281295511936, right(srz965661712120)
neg, 0.20741489118092746, right(srz246186713696)
neg, 0.12788281295511936, right(srz27409595891)
neg, 0.1872108373518019, right(srz193068383)
neg, 0.12788281295511936, right(srz44230445191)
neg, 0.1312754970724383, right(srz274095915634)
neg, 0.14158514118650908, right(srz965949210868)
neg, 0.20741489118092746, right(srz274095910096)
neg, 0.1312754970724383, right(srz96594929141)
neg, 0.12788281295511936, right(srz965661712074)
neg, 0.1312754970724383, right(srz24618676075)
neg, 0.18485684970456687, right(srz96566174561)
neg, 0.12788281295511936, right(srz246186711369)
neg, 0.18485684970456687, right(srz96566173422)
neg, 0.12788281295511936, right(srz8029722943)
neg, 0.12788281295511936, right(srz965661715748)
neg, 0.1872108373518019, right(srz8029721047)
neg, 0.12788281295511936, right(srz246186713760)
neg, 0.12788281295511936, right(srz24618674162)
neg, 0.13284978350377796, right(srz99311013876)
neg, 0.12788281295511936, right(srz24618671643)
neg, 0.12788281295511936, right(srz44230448445)
neg, 0.12788281295511936, right(srz965661713658)
neg, 0.1872108373518019, right(srz27409598633)
neg, 0.1312754970724383, right(srz965949210414)
neg, 0.18485684970456687, right(srz99311012966)
neg, 0.20741489118092746, right(srz44230441229)
neg, 0.12788281295511936, right(srz44230444189)
neg, 0.12788281295511936, right(srz246186791)
neg, 0.1872108373518019, right(srz27409594907)
neg, 0.1872108373518019, right(srz246186712823)
neg, 0.20741489118092746, right(srz9656617721)
neg, 0.12788281295511936, right(srz965949213393)
neg, 0.1312754970724383, right(srz274095912737)
neg, 0.1312754970724383, right(srz8029724063)
neg, 0.1312754970724383, right(srz24618674675)
neg, 0.1312754970724383, right(srz44248276079)
neg, 0.12788281295511936, right(srz44248275626)
neg, 0.1312754970724383, right(srz44248275541)
neg, 0.1872108373518019, right(srz965949210685)
neg, 0.1312754970724383, right(srz99311018980)
neg, 0.12788281295511936, right(srz193068014)
neg, 0.18511330982967572, right(srz993110111574)
neg, 0.13284978350377796, right(srz193066872)
neg, 0.12788281295511936, right(srz24618679626)
neg, 0.15013817616499373, right(srz8029725159)
neg, 0.12788281295511936, right(srz27409592195)
neg, 0.12788281295511936, right(srz1930610070)
neg, 0.1312754970724383, right(srz24618676580)
neg, 0.20741489118092746, right(srz44248277511)
neg, 0.20741489118092746, right(srz193063439)
neg, 0.12788281295511936, right(srz2461867995)
neg, 0.1872108373518019, right(srz27409597081)
neg, 0.12788281295511936, right(srz44248273261)
neg, 0.1872108373518019, right(srz965661711611)
neg, 0.12788281295511936, right(srz246186779)
neg, 0.1312754970724383, right(srz27409594482)
neg, 0.20741489118092746, right(srz274095915440)
neg, 0.18511330982967572, right(srz8029722216)
neg, 0.1312754970724383, right(srz44248277045)
neg, 0.18485684970456687, right(srz1930611012)
neg, 0.12788281295511936, right(srz24618671467)
neg, 0.1312754970724383, right(srz193062854)
neg, 0.1872108373518019, right(srz80297210124)
neg, 0.1312754970724383, right(srz802972543)
neg, 0.12788281295511936, right(srz193061466)
neg, 0.18485684970456687, right(srz8029728066)
neg, 0.1312754970724383, right(srz96594929852)
neg, 0.12788281295511936, right(srz2461867672)
neg, 0.12788281295511936, right(srz44230442754)
neg, 0.1312754970724383, right(srz8029725168)
neg, 0.12788281295511936, right(srz96594924042)
neg, 0.1312754970724383, right(srz44230446034)
neg, 0.1312754970724383, right(srz193065249)
neg, 0.1312754970724383, right(srz8029729482)
neg, 0.12788281295511936, right(srz9656617554)
neg, 0.12788281295511936, right(srz96594924121)
neg, 0.1284615400382881, right(srz27409597217)
neg, 0.12788281295511936, right(srz965949211021)
neg, 0.1312754970724383, right(srz24618678608)
neg, 0.17487980387577814, right(srz193064669)
neg, 0.12788281295511936, right(srz44248274487)
neg, 0.12788281295511936, right(srz1930612301)
neg, 0.12788281295511936, right(srz965949211886)
neg, 0.18485684970456687, right(srz99311011448)
neg, 0.12788281295511936, right(srz27409596449)
neg, 0.1312754970724383, right(srz96594928884)
neg, 0.1312754970724383, right(srz8029724038)
neg, 0.12788281295511936, right(srz99311018328)
neg, 0.1872108373518019, right(srz965661715148)
neg, 0.1312754970724383, right(srz24618677650)
neg, 0.18485684970456687, right(srz8029728993)
neg, 0.13284978350377796, right(srz99311019596)
neg, 0.20741489118092746, right(srz1930612162)
neg, 0.12788281295511936, right(srz9656617436)
neg, 0.12788281295511936, right(srz965949212063)
neg, 0.12788281295511936, right(srz9931101831)
neg, 0.12788281295511936, right(srz9931101837)
neg, 0.1312754970724383, right(srz44248271696)
neg, 0.12788281295511936, right(srz246186713346)
neg, 0.20741489118092746, right(srz44248273714)
neg, 0.12788281295511936, right(srz965949211783)
neg, 0.20741489118092746, right(srz99311016856)
neg, 0.13284978350377796, right(srz99311013090)
neg, 0.20741489118092746, right(srz993110110319)
neg, 0.1312754970724383, right(srz44248274877)
neg, 0.12788281295511936, right(srz96566171125)
neg, 0.1312754970724383, right(srz8029721705)
neg, 0.12788281295511936, right(srz965661713831)
neg, 0.1312754970724383, right(srz193062736)
neg, 0.12788281295511936, right(srz965661713902)
neg, 0.1312754970724383, right(srz965661710262)
neg, 0.12788281295511936, right(srz246186714370)
neg, 0.1872108373518019, right(srz44230445267)
neg, 0.12788281295511936, right(srz44230446539)
neg, 0.1312754970724383, right(srz99311014511)
neg, 0.1872108373518019, right(srz96566175690)
neg, 0.1872108373518019, right(srz27409598663)
neg, 0.12788281295511936, right(srz44230447138)
neg, 0.20741489118092746, right(srz44248273625)
neg, 0.12788281295511936, right(srz27409592006)
neg, 0.1312754970724383, right(srz24618677040)
neg, 0.1312754970724383, right(srz96594926031)
neg, 0.1872108373518019, right(srz993110112129)
neg, 0.1312754970724383, right(srz246186716678)
neg, 0.12788281295511936, right(srz99311016743)
neg, 0.12788281295511936, right(srz24618672035)
neg, 0.1312754970724383, right(srz274095915511)
neg, 0.1872108373518019, right(srz274095916988)
neg, 0.20741489118092746, right(srz965949210432)
neg, 0.1872108373518019, right(srz99311014423)
neg, 0.20741489118092746, right(srz27409599715)
neg, 0.12788281295511936, right(srz44248277004)
neg, 0.12788281295511936, right(srz96594927638)
neg, 0.12788281295511936, right(srz274095913838)
neg, 0.1312754970724383, right(srz965949214211)
neg, 0.1872108373518019, right(srz44248271031)
neg, 0.1312754970724383, right(srz193061228)
neg, 0.1312754970724383, right(srz965661711134)
neg, 0.12788281295511936, right(srz27409599272)
neg, 0.20741489118092746, right(srz8029721930)
neg, 0.1312754970724383, right(srz96594929065)
neg, 0.20741489118092746, right(srz965949214023)
neg, 0.20741489118092746, right(srz96566178460)
neg, 0.1872108373518019, right(srz274095913191)
neg, 0.12788281295511936, right(srz44248273240)
neg, 0.12788281295511936, right(srz24618673098)
neg, 0.14158514118650908, right(srz965949210833)
neg, 0.20741489118092746, right(srz96594925894)
neg, 0.1312754970724383, right(srz80297210641)
neg, 0.1312754970724383, right(srz99311011881)
neg, 0.12788281295511936, right(srz44248274672)
neg, 0.1312754970724383, right(srz246186712377)
neg, 0.1312754970724383, right(srz24618677582)
neg, 0.1872108373518019, right(srz24618674715)
neg, 0.20741489118092746, right(srz27409591540)
neg, 0.1872108373518019, right(srz44230441537)
neg, 0.1312754970724383, right(srz96594926799)
neg, 0.1312754970724383, right(srz274095916478)
neg, 0.12788281295511936, right(srz44248275693)
neg, 0.1284615400382881, right(srz27409597206)
neg, 0.12788281295511936, right(srz99311016608)
neg, 0.13284978350377796, right(srz246186717186)
neg, 0.1872108373518019, right(srz802972887)
neg, 0.1312754970724383, right(srz44248271528)
neg, 0.1284615400382881, right(srz44230445403)
neg, 0.12788281295511936, right(srz965661714788)
neg, 0.12788281295511936, right(srz965949211876)
neg, 0.1312754970724383, right(srz246186711050)
neg, 0.1872108373518019, right(srz44230448129)
neg, 0.20741489118092746, right(srz193061857)
neg, 0.12788281295511936, right(srz965661715739)
neg, 0.1312754970724383, right(srz965661713541)
neg, 0.1312754970724383, right(srz99311012529)
neg, 0.1312754970724383, right(srz274095912631)
neg, 0.12788281295511936, right(srz965949211612)
neg, 0.1312754970724383, right(srz99311011889)
neg, 0.2252026121146009, right(srz44230445145)
neg, 0.12788281295511936, right(srz1930610444)
neg, 0.12788281295511936, right(srz8029727017)
neg, 0.1312754970724383, right(srz965661710217)
neg, 0.1872108373518019, right(srz96566174666)
neg, 0.1312754970724383, right(srz8029728524)
neg, 0.12788281295511936, right(srz27409599431)
neg, 0.12788281295511936, right(srz2740959554)
neg, 0.1284615400382881, right(srz96594921289)
neg, 0.20741489118092746, right(srz9659492899)
neg, 0.12788281295511936, right(srz44230442717)
neg, 0.13284978350377796, right(srz4424827445)
neg, 0.1312754970724383, right(srz27409599867)
neg, 0.12788281295511936, right(srz96566178720)
neg, 0.12788281295511936, right(srz246186715958)
neg, 0.14158514118650908, right(srz99311019375)
neg, 0.1872108373518019, right(srz274095913489)
neg, 0.1872108373518019, right(srz96566174083)
neg, 0.18511330982967572, right(srz44230441908)
neg, 0.12788281295511936, right(srz4424827712)
neg, 0.1312754970724383, right(srz24618675424)
neg, 0.1284615400382881, right(srz193063511)
neg, 0.12788281295511936, right(srz96566178794)
neg, 0.18485684970456687, right(srz193069729)
neg, 0.12788281295511936, right(srz24618674224)
neg, 0.12788281295511936, right(srz44230441557)
neg, 0.12788281295511936, right(srz193066039)
neg, 0.1312754970724383, right(srz44248271888)
neg, 0.12788281295511936, right(srz44248273396)
neg, 0.12788281295511936, right(srz8029724361)
neg, 0.12788281295511936, right(srz8029722672)
neg, 0.12788281295511936, right(srz44248272976)
neg, 0.1872108373518019, right(srz8029722492)
neg, 0.1284615400382881, right(srz80297210274)
neg, 0.12788281295511936, right(srz96566177910)
neg, 0.1312754970724383, right(srz246186716293)
neg, 0.12788281295511936, right(srz9931101881)
neg, 0.1312754970724383, right(srz965661712436)
neg, 0.12788281295511936, right(srz44248275483)
neg, 0.13284978350377796, right(srz44248274790)
neg, 0.12788281295511936, right(srz24618679459)
neg, 0.20741489118092746, right(srz965661710133)
neg, 0.1872108373518019, right(srz1930611529)
neg, 0.1872108373518019, right(srz193061965)
neg, 0.1872108373518019, right(srz274095915560)
neg, 0.18485684970456687, right(srz2740959215)
neg, 0.20741489118092746, right(srz993110111122)
neg, 0.1312754970724383, right(srz965661713181)
neg, 0.26569465657955116, right(srz96566178016)
neg, 0.12788281295511936, right(srz965661714074)
neg, 0.1312754970724383, right(srz99311014072)
neg, 0.1312754970724383, right(srz8029723961)
neg, 0.1312754970724383, right(srz8029729908)
neg, 0.1872108373518019, right(srz99311019334)
neg, 0.20741489118092746, right(srz1930610895)
neg, 0.1312754970724383, right(srz44248275558)
neg, 0.1284615400382881, right(srz1930610232)
neg, 0.12788281295511936, right(srz24618677521)
neg, 0.1312754970724383, right(srz96566179937)
neg, 0.12788281295511936, right(srz44248275580)
neg, 0.17487980387577814, right(srz9931101127)
neg, 0.1312754970724383, right(srz193062599)
neg, 0.1872108373518019, right(srz99311017701)
neg, 0.20741489118092746, right(srz96566178095)
neg, 0.1312754970724383, right(srz193064465)
neg, 0.20741489118092746, right(srz27409591565)
neg, 0.1312754970724383, right(srz8029726586)
neg, 0.14158514118650908, right(srz44230445627)
neg, 0.12788281295511936, right(srz965949213835)
neg, 0.12788281295511936, right(srz99311016503)
neg, 0.1872108373518019, right(srz193062447)
neg, 0.12788281295511936, right(srz8029728200)
neg, 0.1312754970724383, right(srz24618675450)
neg, 0.1312754970724383, right(srz44248274945)
neg, 0.12788281295511936, right(srz246186716180)
neg, 0.12788281295511936, right(srz99311019721)
neg, 0.1872108373518019, right(srz27409598289)
neg, 0.20741489118092746, right(srz96566173898)
neg, 0.12788281295511936, right(srz96594927632)
neg, 0.12788281295511936, right(srz44248278053)
neg, 0.18485684970456687, right(srz8029727921)
neg, 0.13284978350377796, right(srz193063836)
neg, 0.18485684970456687, right(srz193067232)
neg, 0.12788281295511936, right(srz1930611798)
neg, 0.14158514118650908, right(srz193065956)
neg, 0.12788281295511936, right(srz965949212026)
neg, 0.1312754970724383, right(srz965949213518)
neg, 0.1312754970724383, right(srz9659492960)
neg, 0.12788281295511936, right(srz8029729827)
neg, 0.17487980387577814, right(srz274095910175)
neg, 0.12788281295511936, right(srz96566172957)
neg, 0.12788281295511936, right(srz44248273548)
neg, 0.12788281295511936, right(srz274095914836)
neg, 0.18485684970456687, right(srz8029724228)
neg, 0.12788281295511936, right(srz193063168)
neg, 0.12788281295511936, right(srz96566178402)
neg, 0.1872108373518019, right(srz44230446097)
neg, 0.12788281295511936, right(srz44248276742)
neg, 0.12788281295511936, right(srz193064936)
neg, 0.1312754970724383, right(srz274095917243)
neg, 0.18485684970456687, right(srz965661714417)
neg, 0.12788281295511936, right(srz24618675945)
neg, 0.1312754970724383, right(srz8029729948)
neg, 0.12788281295511936, right(srz44248275585)
neg, 0.12788281295511936, right(srz99311019527)
neg, 0.18485684970456687, right(srz44230442178)
neg, 0.13284978350377796, right(srz96594928753)
neg, 0.18485684970456687, right(srz44248272618)
neg, 0.20741489118092746, right(srz965661710730)
neg, 0.20741489118092746, right(srz193062416)
neg, 0.12788281295511936, right(srz246186714744)
neg, 0.1312754970724383, right(srz246186714481)
neg, 0.1312754970724383, right(srz44230441416)
neg, 0.1312754970724383, right(srz96566175667)
neg, 0.1312754970724383, right(srz802972619)
neg, 0.14158514118650908, right(srz8029727507)
neg, 0.1872108373518019, right(srz246186713116)
neg, 0.1312754970724383, right(srz44230443332)
neg, 0.20741489118092746, right(srz193062273)
neg, 0.1872108373518019, right(srz993110111687)
neg, 0.1312754970724383, right(srz965661713446)
neg, 0.2252026121146009, right(srz193064303)
neg, 0.1312754970724383, right(srz96566178137)
neg, 0.12788281295511936, right(srz99311015528)
neg, 0.18485684970456687, right(srz993110110825)
neg, 0.12788281295511936, right(srz965661712164)
neg, 0.18511330982967572, right(srz965661714669)
neg, 0.12788281295511936, right(srz274095916524)
neg, 0.20741489118092746, right(srz19306996)
neg, 0.20741489118092746, right(srz96594923460)
neg, 0.1312754970724383, right(srz965661714667)
neg, 0.1312754970724383, right(srz246186710333)
neg, 0.14158514118650908, right(srz8029723756)
neg, 0.12788281295511936, right(srz96594925417)
neg, 0.1872108373518019, right(srz802972375)
neg, 0.17487980387577814, right(srz993110110355)
neg, 0.1312754970724383, right(srz96594924939)
neg, 0.20741489118092746, right(srz27409597957)
neg, 0.12788281295511936, right(srz96566178859)
neg, 0.1312754970724383, right(srz44248276074)
neg, 0.1312754970724383, right(srz44248277031)
neg, 0.1872108373518019, right(srz993110111676)
neg, 0.1312754970724383, right(srz96594924961)
neg, 0.1312754970724383, right(srz193067209)
neg, 0.18485684970456687, right(srz1930610667)
neg, 0.1312754970724383, right(srz27409596046)
neg, 0.14158514118650908, right(srz44230442827)
neg, 0.12788281295511936, right(srz246186714318)
neg, 0.12788281295511936, right(srz274095915996)
neg, 0.1312754970724383, right(srz802972630)
neg, 0.20741489118092746, right(srz19306531)
neg, 0.1312754970724383, right(srz24618675454)
neg, 0.18485684970456687, right(srz19306649)
neg, 0.12788281295511936, right(srz246186716028)
neg, 0.20741489118092746, right(srz2740959325)
neg, 0.18511330982967572, right(srz8029729419)
neg, 0.1312754970724383, right(srz965661714468)
neg, 0.12788281295511936, right(srz274095914932)
neg, 0.12788281295511936, right(srz8029727728)
neg, 0.1312754970724383, right(srz246186713658)
neg, 0.12788281295511936, right(srz965949211122)
neg, 0.20741489118092746, right(srz27409594616)
neg, 0.18485684970456687, right(srz1930610057)
neg, 0.1312754970724383, right(srz246186714645)
neg, 0.12788281295511936, right(srz96566171642)
neg, 0.13284978350377796, right(srz99311019570)
neg, 0.1872108373518019, right(srz193062982)
neg, 0.1312754970724383, right(srz1930611235)
neg, 0.12788281295511936, right(srz44248274260)
neg, 0.12788281295511936, right(srz99311014444)
neg, 0.12788281295511936, right(srz99311016169)
neg, 0.12788281295511936, right(srz99311019687)
neg, 0.18485684970456687, right(srz99311016313)
neg, 0.1312754970724383, right(srz96594925032)
neg, 0.1872108373518019, right(srz80297210860)
neg, 0.1312754970724383, right(srz4423044184)
neg, 0.14158514118650908, right(srz8029727481)
neg, 0.12788281295511936, right(srz24618672758)
neg, 0.1872108373518019, right(srz44248276063)
neg, 0.20741489118092746, right(srz8029726789)
neg, 0.1312754970724383, right(srz44248272118)
neg, 0.20741489118092746, right(srz44230448157)
neg, 0.1312754970724383, right(srz96594922635)
neg, 0.1312754970724383, right(srz96566177052)
neg, 0.18485684970456687, right(srz8029728061)
neg, 0.12788281295511936, right(srz96594921377)
neg, 0.18485684970456687, right(srz193068253)
neg, 0.1312754970724383, right(srz246186710347)
neg, 0.1312754970724383, right(srz24618679983)
neg, 0.12788281295511936, right(srz27409592557)
neg, 0.12788281295511936, right(srz96566176095)
neg, 0.1312754970724383, right(srz96594924976)
neg, 0.20741489118092746, right(srz44230448195)
neg, 0.20741489118092746, right(srz99311012905)
neg, 0.12788281295511936, right(srz246186716044)
neg, 0.18485684970456687, right(srz44248278256)
neg, 0.12788281295511936, right(srz96594922954)
neg, 0.1872108373518019, right(srz246186711108)
neg, 0.12788281295511936, right(srz44248271271)
neg, 0.1312754970724383, right(srz8029725277)
neg, 0.12788281295511936, right(srz8029726652)
neg, 0.12788281295511936, right(srz96594926704)
neg, 0.12788281295511936, right(srz8029727531)
neg, 0.1312754970724383, right(srz965949212982)
neg, 0.14158514118650908, right(srz965949210871)
neg, 0.1284615400382881, right(srz96594921243)
neg, 0.20741489118092746, right(srz96594929945)
neg, 0.12788281295511936, right(srz965949213351)
neg, 0.18485684970456687, right(srz44230447295)
neg, 0.1312754970724383, right(srz246186715326)
neg, 0.12788281295511936, right(srz96566171772)
neg, 0.12788281295511936, right(srz44248274644)
neg, 0.1312754970724383, right(srz965949213626)
neg, 0.20741489118092746, right(srz246186713466)
neg, 0.1312754970724383, right(srz193066540)
neg, 0.12788281295511936, right(srz8029725492)
neg, 0.12788281295511936, right(srz96594929334)
neg, 0.20741489118092746, right(srz27409593291)
neg, 0.12788281295511936, right(srz246186717164)
neg, 0.12788281295511936, right(srz8029721296)
neg, 0.12788281295511936, right(srz993110110189)
neg, 0.12788281295511936, right(srz193068576)
neg, 0.1872108373518019, right(srz4423044118)
neg, 0.12788281295511936, right(srz27409593830)
neg, 0.1312754970724383, right(srz965661714571)
neg, 0.1872108373518019, right(srz193064841)
neg, 0.1872108373518019, right(srz44230447738)
neg, 0.1312754970724383, right(srz96566174434)
neg, 0.12788281295511936, right(srz44230441015)
neg, 0.12788281295511936, right(srz2461867639)
neg, 0.24364176356732303, right(srz193063342)
neg, 0.13284978350377796, right(srz99311016099)
neg, 0.12788281295511936, right(srz442304460)
neg, 0.18485684970456687, right(srz99311019416)
neg, 0.1312754970724383, right(srz24618677881)
neg, 0.12788281295511936, right(srz193068176)
neg, 0.12788281295511936, right(srz24618672275)
neg, 0.12788281295511936, right(srz274095913804)
neg, 0.18485684970456687, right(srz965661711287)
neg, 0.1284615400382881, right(srz274095912203)
neg, 0.12788281295511936, right(srz44248275818)
neg, 0.1284615400382881, right(srz96594921222)
neg, 0.12788281295511936, right(srz96566178969)
neg, 0.1312754970724383, right(srz99311016438)
neg, 0.18485684970456687, right(srz193066917)
neg, 0.12788281295511936, right(srz44248277993)
neg, 0.12788281295511936, right(srz27409593124)
neg, 0.1312754970724383, right(srz193066972)
neg, 0.12788281295511936, right(srz246186714993)
neg, 0.12788281295511936, right(srz246186714254)
neg, 0.1284615400382881, right(srz802972734)
neg, 0.1312754970724383, right(srz8029727344)
neg, 0.18485684970456687, right(srz44230444720)
neg, 0.12788281295511936, right(srz24618677452)
neg, 0.13284978350377796, right(srz44248274742)
neg, 0.13284978350377796, right(srz246186716531)
neg, 0.1284615400382881, right(srz965949213482)
neg, 0.12788281295511936, right(srz965661713259)
neg, 0.1312754970724383, right(srz80297210000)
neg, 0.18485684970456687, right(srz24618675259)
neg, 0.12788281295511936, right(srz44230444025)
neg, 0.12788281295511936, right(srz1930611910)
neg, 0.20741489118092746, right(srz96594929585)
neg, 0.12788281295511936, right(srz8029727062)
neg, 0.15013817616499373, right(srz9656617877)
neg, 0.1312754970724383, right(srz246186713381)
neg, 0.20741489118092746, right(srz274095910113)
neg, 0.1872108373518019, right(srz246186713185)
neg, 0.26569465657955116, right(srz96566175642)
neg, 0.17487980387577814, right(srz965661715519)
neg, 0.1872108373518019, right(srz1930611510)
neg, 0.1312754970724383, right(srz44248275884)
neg, 0.1872108373518019, right(srz27409596537)
neg, 0.1312754970724383, right(srz24618673417)
neg, 0.12788281295511936, right(srz99311014447)
neg, 0.12788281295511936, right(srz193061648)
neg, 0.12788281295511936, right(srz993110111912)
neg, 0.18485684970456687, right(srz99311015590)
neg, 0.1312754970724383, right(srz965661710957)
neg, 0.1312754970724383, right(srz24618679525)
neg, 0.12788281295511936, right(srz2740959116)
neg, 0.1312754970724383, right(srz965661715110)
neg, 0.1312754970724383, right(srz27409598964)
neg, 0.1312754970724383, right(srz96594927278)
neg, 0.1312754970724383, right(srz8029721811)
neg, 0.1312754970724383, right(srz96594921005)
neg, 0.26569465657955116, right(srz99311015417)
neg, 0.20741489118092746, right(srz965949213901)
neg, 0.20741489118092746, right(srz1930610920)
neg, 0.26569465657955116, right(srz27409592828)
neg, 0.12788281295511936, right(srz24618677471)
neg, 0.13284978350377796, right(srz8029724414)
neg, 0.18511330982967572, right(srz44230448365)
neg, 0.12788281295511936, right(srz44230444092)
neg, 0.18485684970456687, right(srz99311013241)
neg, 0.20741489118092746, right(srz80297249)
neg, 0.1312754970724383, right(srz99311013985)
neg, 0.18485684970456687, right(srz8029724201)
neg, 0.12788281295511936, right(srz44248274599)
neg, 0.15013817616499373, right(srz44248276974)
neg, 0.1312754970724383, right(srz44230444389)
neg, 0.1872108373518019, right(srz96594921090)
neg, 0.20741489118092746, right(srz965661716073)
neg, 0.12788281295511936, right(srz96594923014)
neg, 0.1312754970724383, right(srz44248271638)
neg, 0.13284978350377796, right(srz19306450)
neg, 0.20741489118092746, right(srz8029726785)
neg, 0.1284615400382881, right(srz9656617170)
neg, 0.1284615400382881, right(srz80297210132)
neg, 0.12788281295511936, right(srz96566179554)
neg, 0.12788281295511936, right(srz24618671237)
neg, 0.12788281295511936, right(srz96594928666)
neg, 0.12788281295511936, right(srz965661710660)
neg, 0.12788281295511936, right(srz24618674309)
neg, 0.12788281295511936, right(srz24618677454)
neg, 0.20741489118092746, right(srz9931101333)
neg, 0.1284615400382881, right(srz1930610381)
neg, 0.1284615400382881, right(srz96594926465)
neg, 0.12788281295511936, right(srz27409591455)
neg, 0.1872108373518019, right(srz96566174076)
neg, 0.13284978350377796, right(srz8029729211)
neg, 0.20741489118092746, right(srz2740959361)
neg, 0.20741489118092746, right(srz965661716064)
neg, 0.17487980387577814, right(srz96566177713)
neg, 0.12788281295511936, right(srz44248272401)
neg, 0.13284978350377796, right(srz8029728934)
neg, 0.1312754970724383, right(srz965949214019)
neg, 0.20741489118092746, right(srz8029721905)
neg, 0.17487980387577814, right(srz8029729333)
neg, 0.1312754970724383, right(srz1930611190)
neg, 0.1872108373518019, right(srz96566176565)
neg, 0.12788281295511936, right(srz24618673126)
neg, 0.1312754970724383, right(srz44248275549)
neg, 0.1312754970724383, right(srz96566175489)
neg, 0.17487980387577814, right(srz993110110109)
neg, 0.1312754970724383, right(srz8029724034)
neg, 0.12788281295511936, right(srz193063201)
neg, 0.12788281295511936, right(srz4424827858)
neg, 0.12788281295511936, right(srz8029722916)
neg, 0.1312754970724383, right(srz9931101206)
neg, 0.12788281295511936, right(srz99311019505)
neg, 0.12788281295511936, right(srz965949210989)
neg, 0.12788281295511936, right(srz274095916176)
neg, 0.12788281295511936, right(srz24618671957)
neg, 0.1872108373518019, right(srz246186711228)
neg, 0.12788281295511936, right(srz8029723996)
neg, 0.1872108373518019, right(srz8029726832)
neg, 0.12788281295511936, right(srz27409591422)
neg, 0.12788281295511936, right(srz274095911283)
neg, 0.1312754970724383, right(srz27409598164)
neg, 0.1312754970724383, right(srz802972943)
neg, 0.18485684970456687, right(srz8029722221)
neg, 0.26569465657955116, right(srz96566173861)
neg, 0.1312754970724383, right(srz27409599886)
neg, 0.12788281295511936, right(srz274095910530)
neg, 0.12788281295511936, right(srz96594924123)
neg, 0.12788281295511936, right(srz44248277705)
neg, 0.13284978350377796, right(srz4424827468)
neg, 0.12788281295511936, right(srz96566176641)
neg, 0.1312754970724383, right(srz274095912018)
neg, 0.18485684970456687, right(srz193068088)
neg, 0.12788281295511936, right(srz246186716336)
neg, 0.1872108373518019, right(srz8029728136)
neg, 0.1872108373518019, right(srz965949213171)
neg, 0.12788281295511936, right(srz4423044814)
neg, 0.1312754970724383, right(srz99311011332)
neg, 0.1312754970724383, right(srz965661712468)
neg, 0.12788281295511936, right(srz1930611222)
neg, 0.18485684970456687, right(srz44230447415)
neg, 0.1312754970724383, right(srz44248273141)
neg, 0.1872108373518019, right(srz44248276057)
neg, 0.1312754970724383, right(srz193068505)
neg, 0.12788281295511936, right(srz193069382)
neg, 0.20741489118092746, right(srz246186715530)
neg, 0.13284978350377796, right(srz99311013079)
neg, 0.12788281295511936, right(srz1930611831)
neg, 0.13284978350377796, right(srz99311019579)
neg, 0.12788281295511936, right(srz44230442246)
neg, 0.1312754970724383, right(srz1930610699)
neg, 0.1312754970724383, right(srz44248277393)
neg, 0.12788281295511936, right(srz965661711856)
neg, 0.12788281295511936, right(srz44248274674)
neg, 0.12788281295511936, right(srz96594926973)
neg, 0.1284615400382881, right(srz24618675810)
neg, 0.1312754970724383, right(srz965661713477)
neg, 0.1312754970724383, right(srz4423044584)
neg, 0.1284615400382881, right(srz44230442565)
neg, 0.1312754970724383, right(srz274095912029)
neg, 0.20741489118092746, right(srz96566174904)
neg, 0.12788281295511936, right(srz193063225)
neg, 0.1284615400382881, right(srz193069025)
neg, 0.1312754970724383, right(srz8029728543)
neg, 0.20741489118092746, right(srz27409597583)
neg, 0.12788281295511936, right(srz965661713666)
neg, 0.1312754970724383, right(srz8029726755)
neg, 0.1312754970724383, right(srz99311015373)
neg, 0.1312754970724383, right(srz193061149)
neg, 0.12788281295511936, right(srz965661711809)
neg, 0.20741489118092746, right(srz96566174919)
neg, 0.1312754970724383, right(srz274095910954)
neg, 0.1284615400382881, right(srz274095912191)
neg, 0.12788281295511936, right(srz44230442197)
neg, 0.12788281295511936, right(srz274095987)
neg, 0.12788281295511936, right(srz246186711794)
neg, 0.1312754970724383, right(srz8029723410)
neg, 0.1284615400382881, right(srz193062407)
neg, 0.12788281295511936, right(srz24618671238)
neg, 0.12788281295511936, right(srz246186781)
neg, 0.18485684970456687, right(srz44230446747)
neg, 0.12788281295511936, right(srz993110110586)
neg, 0.1312754970724383, right(srz44248271682)
neg, 0.13284978350377796, right(srz965661714323)
neg, 0.12788281295511936, right(srz96566172848)
neg, 0.1312754970724383, right(srz4424827245)
neg, 0.1312754970724383, right(srz246186714511)
neg, 0.12788281295511936, right(srz2461867244)
neg, 0.20741489118092746, right(srz27409594650)
neg, 0.12788281295511936, right(srz274095911693)
neg, 0.12788281295511936, right(srz274095916194)
neg, 0.12788281295511936, right(srz2740959528)
neg, 0.1312754970724383, right(srz8029723960)
neg, 0.1312754970724383, right(srz44248274880)
neg, 0.1312754970724383, right(srz44248273214)
neg, 0.18511330982967572, right(srz8029729417)
neg, 0.12788281295511936, right(srz44230444183)
neg, 0.1872108373518019, right(srz193063064)
neg, 0.13284978350377796, right(srz99311013870)
neg, 0.1312754970724383, right(srz96566179794)
neg, 0.1872108373518019, right(srz246186715774)
neg, 0.1284615400382881, right(srz24618679280)
neg, 0.12788281295511936, right(srz96566174730)
neg, 0.13284978350377796, right(srz246186716967)
neg, 0.1312754970724383, right(srz8029726989)
neg, 0.1284615400382881, right(srz965661710431)
neg, 0.14158514118650908, right(srz8029723721)
neg, 0.12788281295511936, right(srz99311011065)
neg, 0.1872108373518019, right(srz1930611498)
neg, 0.1312754970724383, right(srz246186716659)
neg, 0.13284978350377796, right(srz8029724482)
neg, 0.12788281295511936, right(srz965661712208)
neg, 0.12788281295511936, right(srz8029727640)
neg, 0.1872108373518019, right(srz8029726493)
neg, 0.18485684970456687, right(srz99311015404)
neg, 0.12788281295511936, right(srz96594928859)
neg, 0.12788281295511936, right(srz27409591637)
neg, 0.12788281295511936, right(srz442304452)
neg, 0.24364176356732303, right(srz44248274031)
neg, 0.1872108373518019, right(srz274095911165)
neg, 0.12788281295511936, right(srz44248277629)
neg, 0.12788281295511936, right(srz8029726000)
neg, 0.12788281295511936, right(srz8029722144)
neg, 0.1312754970724383, right(srz99311017152)
neg, 0.20741489118092746, right(srz2740959400)
neg, 0.12788281295511936, right(srz193067807)
neg, 0.12788281295511936, right(srz8029721615)
neg, 0.20741489118092746, right(srz2740959629)
neg, 0.1284615400382881, right(srz193069061)
neg, 0.17487980387577814, right(srz27409592312)
neg, 0.14158514118650908, right(srz193069330)
neg, 0.18485684970456687, right(srz9931101272)
neg, 0.13284978350377796, right(srz44230443828)
neg, 0.1312754970724383, right(srz246186716889)
neg, 0.12788281295511936, right(srz4424827847)
neg, 0.12788281295511936, right(srz44248274278)
neg, 0.12788281295511936, right(srz44248273506)
neg, 0.18485684970456687, right(srz44248274927)
neg, 0.12788281295511936, right(srz27409592176)
neg, 0.12788281295511936, right(srz44230441609)
neg, 0.1872108373518019, right(srz44230447394)
neg, 0.17487980387577814, right(srz27409593487)
neg, 0.1312754970724383, right(srz965661715459)
neg, 0.1312754970724383, right(srz24618673410)
neg, 0.20741489118092746, right(srz1930685)
neg, 0.1312754970724383, right(srz8029722969)
neg, 0.1312754970724383, right(srz44230447596)
neg, 0.1312754970724383, right(srz274095910935)
neg, 0.1312754970724383, right(srz96566179488)
neg, 0.1872108373518019, right(srz27409594877)
neg, 0.12788281295511936, right(srz99311017936)
neg, 0.12788281295511936, right(srz44230445181)
neg, 0.18485684970456687, right(srz99311019857)
neg, 0.12788281295511936, right(srz44230448038)
neg, 0.12788281295511936, right(srz965661714251)
neg, 0.18511330982967572, right(srz246186716982)
neg, 0.2252026121146009, right(srz96566179449)
neg, 0.1284615400382881, right(srz96566175300)
neg, 0.1312754970724383, right(srz44230443391)
neg, 0.12788281295511936, right(srz4424827834)
neg, 0.1312754970724383, right(srz44230441417)
neg, 0.12788281295511936, right(srz246186714735)
neg, 0.1312754970724383, right(srz27409596086)
neg, 0.18485684970456687, right(srz8029724196)
neg, 0.12788281295511936, right(srz27409593977)
neg, 0.20741489118092746, right(srz9656617727)
neg, 0.12788281295511936, right(srz44248275685)
neg, 0.12788281295511936, right(srz1930612232)
neg, 0.12788281295511936, right(srz246186715438)
neg, 0.12788281295511936, right(srz965661710612)
neg, 0.20741489118092746, right(srz24618673091)
neg, 0.1312754970724383, right(srz965661712415)
neg, 0.12788281295511936, right(srz96594927708)
neg, 0.12788281295511936, right(srz44248272295)
neg, 0.1312754970724383, right(srz965661711043)
neg, 0.1312754970724383, right(srz8029728614)
neg, 0.1284615400382881, right(srz193062408)
neg, 0.12788281295511936, right(srz96594926993)
neg, 0.1312754970724383, right(srz96566172160)
neg, 0.20741489118092746, right(srz274095913089)
neg, 0.12788281295511936, right(srz1930610471)
neg, 0.12788281295511936, right(srz24618679614)
neg, 0.18511330982967572, right(srz1930610812)
neg, 0.12788281295511936, right(srz2461867502)
neg, 0.12788281295511936, right(srz2461867491)
neg, 0.1312754970724383, right(srz965949211451)
neg, 0.1312754970724383, right(srz27409594815)
neg, 0.12788281295511936, right(srz965661713844)
neg, 0.1312754970724383, right(srz965949212471)
neg, 0.12788281295511936, right(srz24618671366)
neg, 0.20741489118092746, right(srz965949212567)
neg, 0.12788281295511936, right(srz1930612249)
neg, 0.1872108373518019, right(srz993110110224)
neg, 0.1312754970724383, right(srz44230447726)
neg, 0.1312754970724383, right(srz802972569)
neg, 0.1312754970724383, right(srz1930610696)
neg, 0.12788281295511936, right(srz27409595813)
neg, 0.1312754970724383, right(srz80297210008)
neg, 0.1312754970724383, right(srz96594928141)
neg, 0.12788281295511936, right(srz27409599194)
neg, 0.1312754970724383, right(srz965949213938)
neg, 0.12788281295511936, right(srz246186713765)
neg, 0.1312754970724383, right(srz27409598186)
neg, 0.20741489118092746, right(srz24618679861)
neg, 0.1872108373518019, right(srz274095911583)
neg, 0.20741489118092746, right(srz96566174848)
neg, 0.1872108373518019, right(srz965949212204)
neg, 0.12788281295511936, right(srz27409591225)
neg, 0.12788281295511936, right(srz246186714323)
neg, 0.18485684970456687, right(srz965661712236)
neg, 0.1312754970724383, right(srz965949211400)
neg, 0.12788281295511936, right(srz99311016172)
neg, 0.20741489118092746, right(srz2740959997)
neg, 0.1312754970724383, right(srz274095914463)
neg, 0.1872108373518019, right(srz193068654)
neg, 0.18485684970456687, right(srz193062519)
neg, 0.13284978350377796, right(srz8029724423)
neg, 0.1312754970724383, right(srz9656617857)
neg, 0.20741489118092746, right(srz44248277520)
neg, 0.18485684970456687, right(srz99311016282)
neg, 0.12788281295511936, right(srz246186710716)
neg, 0.12788281295511936, right(srz44248276872)
neg, 0.12788281295511936, right(srz193065482)
neg, 0.1312754970724383, right(srz8029726443)
neg, 0.2252026121146009, right(srz246186712361)
neg, 0.1312754970724383, right(srz24618674864)
neg, 0.1312754970724383, right(srz27409594399)
neg, 0.12788281295511936, right(srz1930611681)
neg, 0.12788281295511936, right(srz8029726029)
neg, 0.1872108373518019, right(srz99311011486)
neg, 0.1312754970724383, right(srz24618673512)
neg, 0.20741489118092746, right(srz27409597751)
neg, 0.20741489118092746, right(srz193064717)
neg, 0.1872108373518019, right(srz193064420)
neg, 0.1312754970724383, right(srz96594923737)
neg, 0.1312754970724383, right(srz24618674805)
neg, 0.1312754970724383, right(srz44248271218)
neg, 0.20741489118092746, right(srz99311013508)
neg, 0.12788281295511936, right(srz24618677516)
neg, 0.12788281295511936, right(srz8029723895)
neg, 0.18485684970456687, right(srz8029724833)
neg, 0.1872108373518019, right(srz274095910000)
neg, 0.12788281295511936, right(srz96594921020)
neg, 0.1872108373518019, right(srz246186712639)
neg, 0.12788281295511936, right(srz965661713272)
neg, 0.26569465657955116, right(srz27409592825)
neg, 0.1872108373518019, right(srz246186713209)
neg, 0.12788281295511936, right(srz193066729)
neg, 0.12788281295511936, right(srz24618674299)
neg, 0.12788281295511936, right(srz193063680)
neg, 0.12788281295511936, right(srz24618674280)
neg, 0.1312754970724383, right(srz193068195)
neg, 0.12788281295511936, right(srz24618673116)
neg, 0.1312754970724383, right(srz96566174493)
neg, 0.1872108373518019, right(srz27409593096)
neg, 0.12788281295511936, right(srz24618677411)
neg, 0.12788281295511936, right(srz44248273307)
neg, 0.12788281295511936, right(srz99311014989)
neg, 0.12788281295511936, right(srz27409591640)
neg, 0.18485684970456687, right(srz96594929707)
neg, 0.1872108373518019, right(srz96594929916)
neg, 0.12788281295511936, right(srz193063718)
neg, 0.12788281295511936, right(srz99311015022)
neg, 0.1872108373518019, right(srz193064422)
neg, 0.1312754970724383, right(srz44230443545)
neg, 0.13284978350377796, right(srz193064962)
neg, 0.1312754970724383, right(srz96594926135)
neg, 0.12788281295511936, right(srz44230446929)
neg, 0.12788281295511936, right(srz2461867965)
neg, 0.20741489118092746, right(srz24618671700)
neg, 0.13284978350377796, right(srz44248274427)
neg, 0.12788281295511936, right(srz96566179496)
neg, 0.1312754970724383, right(srz802972138)
neg, 0.1284615400382881, right(srz96594926514)
neg, 0.1312754970724383, right(srz96594929715)
neg, 0.1312754970724383, right(srz965949213217)
neg, 0.20741489118092746, right(srz96566175136)
neg, 0.13284978350377796, right(srz44248274734)
neg, 0.12788281295511936, right(srz96594927195)
neg, 0.1312754970724383, right(srz193064352)
neg, 0.20741489118092746, right(srz99311019768)
neg, 0.1312754970724383, right(srz274095915079)
neg, 0.17487980387577814, right(srz965661715517)
neg, 0.12788281295511936, right(srz96594923004)
neg, 0.14158514118650908, right(srz193063730)
neg, 0.18485684970456687, right(srz993110111000)
neg, 0.12788281295511936, right(srz24618679608)
neg, 0.20741489118092746, right(srz8029727175)
neg, 0.26569465657955116, right(srz44230446764)
neg, 0.12788281295511936, right(srz96566172838)
neg, 0.17487980387577814, right(srz44248278179)
neg, 0.12788281295511936, right(srz44248274230)
neg, 0.15013817616499373, right(srz4423044582)
neg, 0.12788281295511936, right(srz4424827856)
neg, 0.1284615400382881, right(srz24618675813)
neg, 0.20741489118092746, right(srz24618672287)
neg, 0.20741489118092746, right(srz2461867308)
neg, 0.1284615400382881, right(srz80297210286)
neg, 0.1312754970724383, right(srz193062886)
neg, 0.26569465657955116, right(srz193065724)
neg, 0.17487980387577814, right(srz27409593344)
neg, 0.18485684970456687, right(srz96566179852)
neg, 0.18485684970456687, right(srz44248273666)
neg, 0.1312754970724383, right(srz802972115)
neg, 0.20741489118092746, right(srz2461867776)
neg, 0.1312754970724383, right(srz96566172541)
neg, 0.12788281295511936, right(srz96594929237)
neg, 0.1312754970724383, right(srz44230443053)
neg, 0.12788281295511936, right(srz44230441108)
neg, 0.1312754970724383, right(srz96566179776)
neg, 0.1284615400382881, right(srz96594921232)
neg, 0.1312754970724383, right(srz27409596025)
neg, 0.1284615400382881, right(srz965949214178)
neg, 0.1312754970724383, right(srz96566175511)
neg, 0.1312754970724383, right(srz99311018139)
neg, 0.1312754970724383, right(srz96594922491)
neg, 0.14158514118650908, right(srz99311016303)
neg, 0.18511330982967572, right(srz8029722057)
neg, 0.12788281295511936, right(srz8029728770)
neg, 0.20741489118092746, right(srz993110110712)
neg, 0.1312754970724383, right(srz193065453)
neg, 0.1312754970724383, right(srz193067019)
neg, 0.1312754970724383, right(srz246186714469)
neg, 0.12788281295511936, right(srz96594927069)
neg, 0.13284978350377796, right(srz96594928692)
neg, 0.1872108373518019, right(srz8029723166)
neg, 0.1872108373518019, right(srz1930611081)
neg, 0.12788281295511936, right(srz193064067)
neg, 0.12788281295511936, right(srz80297210363)
neg, 0.12788281295511936, right(srz246186711837)
neg, 0.1872108373518019, right(srz193066587)
neg, 0.12788281295511936, right(srz44230447358)
neg, 0.12788281295511936, right(srz2740959586)
neg, 0.17487980387577814, right(srz993110110366)
neg, 0.1872108373518019, right(srz8029726746)
neg, 0.12788281295511936, right(srz965949212808)
neg, 0.12788281295511936, right(srz965949212865)
neg, 0.12788281295511936, right(srz246186716341)
neg, 0.20741489118092746, right(srz44230442264)
neg, 0.1284615400382881, right(srz9656617163)
neg, 0.1312754970724383, right(srz44230448459)
neg, 0.1312754970724383, right(srz802972907)
neg, 0.1312754970724383, right(srz965661711374)
neg, 0.14158514118650908, right(srz965949210734)
neg, 0.1312754970724383, right(srz24618679989)
neg, 0.1312754970724383, right(srz274095910962)
neg, 0.20741489118092746, right(srz8029722092)
neg, 0.12788281295511936, right(srz27409591343)
neg, 0.12788281295511936, right(srz9656617432)
neg, 0.20741489118092746, right(srz24618678521)
neg, 0.1312754970724383, right(srz8029724720)
neg, 0.1872108373518019, right(srz44230447751)
neg, 0.1872108373518019, right(srz99311015443)
neg, 0.1312754970724383, right(srz9659492211)
neg, 0.1312754970724383, right(srz96594924662)
neg, 0.1312754970724383, right(srz44230447711)
neg, 0.26569465657955116, right(srz44248274469)
neg, 0.12788281295511936, right(srz965661713251)
neg, 0.20741489118092746, right(srz8029724138)
neg, 0.1312754970724383, right(srz193065649)
neg, 0.12788281295511936, right(srz193065480)
neg, 0.1312754970724383, right(srz8029722074)
neg, 0.1872108373518019, right(srz8029729723)
neg, 0.12788281295511936, right(srz27409591816)
neg, 0.1312754970724383, right(srz44230445112)
neg, 0.1284615400382881, right(srz44230445382)
neg, 0.20741489118092746, right(srz99311013329)
neg, 0.18485684970456687, right(srz44248271175)
neg, 0.12788281295511936, right(srz965949213325)
neg, 0.1312754970724383, right(srz27409596155)
neg, 0.1872108373518019, right(srz24618673751)
neg, 0.20741489118092746, right(srz274095912583)
neg, 0.1312754970724383, right(srz96566174445)
neg, 0.13284978350377796, right(srz44230442281)
neg, 0.12788281295511936, right(srz4424827328)
neg, 0.13284978350377796, right(srz99311013801)
neg, 0.12788281295511936, right(srz99311011120)
neg, 0.12788281295511936, right(srz993110110582)
neg, 0.1872108373518019, right(srz246186713712)
neg, 0.14158514118650908, right(srz193067753)
neg, 0.18485684970456687, right(srz4423044415)
neg, 0.1312754970724383, right(srz965949210644)
neg, 0.12788281295511936, right(srz96594929348)
neg, 0.1872108373518019, right(srz96594923483)
neg, 0.12788281295511936, right(srz96594923847)
neg, 0.13284978350377796, right(srz19306452)
neg, 0.12788281295511936, right(srz96566173488)
neg, 0.12788281295511936, right(srz8029725761)
neg, 0.1312754970724383, right(srz965949213120)
neg, 0.12788281295511936, right(srz27409598414)
neg, 0.1312754970724383, right(srz44248276402)
neg, 0.18485684970456687, right(srz44230448350)
neg, 0.12788281295511936, right(srz44230444098)
neg, 0.12788281295511936, right(srz27409599221)
neg, 0.12788281295511936, right(srz8029728292)
neg, 0.20741489118092746, right(srz44230441208)
neg, 0.13284978350377796, right(srz96594928819)
neg, 0.13284978350377796, right(srz96594928694)
neg, 0.1872108373518019, right(srz8029723204)
neg, 0.1872108373518019, right(srz44230441299)
neg, 0.1312754970724383, right(srz993110111492)
neg, 0.24364176356732303, right(srz24618675295)
neg, 0.12788281295511936, right(srz96566174948)
neg, 0.1312754970724383, right(srz99311017715)
neg, 0.1284615400382881, right(srz44230445414)
neg, 0.13284978350377796, right(srz27409592937)
neg, 0.12788281295511936, right(srz193061544)
neg, 0.12788281295511936, right(srz99311016500)
neg, 0.1312754970724383, right(srz44230444469)
neg, 0.1312754970724383, right(srz96566178022)
neg, 0.12788281295511936, right(srz246186712102)
neg, 0.26569465657955116, right(srz193068338)
neg, 0.12788281295511936, right(srz8029725948)
neg, 0.1312754970724383, right(srz99311012606)
neg, 0.1312754970724383, right(srz99311017756)
neg, 0.20741489118092746, right(srz96566174321)
neg, 0.13284978350377796, right(srz99311013811)
neg, 0.1284615400382881, right(srz24618675745)
neg, 0.12788281295511936, right(srz44230448046)
neg, 0.1872108373518019, right(srz246186711559)
neg, 0.12788281295511936, right(srz99311017908)
neg, 0.12788281295511936, right(srz96594923001)
neg, 0.13284978350377796, right(srz8029724399)
neg, 0.1284615400382881, right(srz96566171556)
neg, 0.15013817616499373, right(srz99311018878)
neg, 0.12788281295511936, right(srz24618675217)
neg, 0.1872108373518019, right(srz96594921676)
neg, 0.18485684970456687, right(srz4423044529)
neg, 0.1312754970724383, right(srz802972808)
neg, 0.17487980387577814, right(srz44230445133)
neg, 0.1312754970724383, right(srz965949213515)
neg, 0.1312754970724383, right(srz44230446143)
neg, 0.12788281295511936, right(srz8029727108)
neg, 0.1284615400382881, right(srz44230442569)
neg, 0.12788281295511936, right(srz274095911297)
neg, 0.12788281295511936, right(srz274095913627)
neg, 0.12788281295511936, right(srz44248277378)
neg, 0.1872108373518019, right(srz246186712429)
neg, 0.1312754970724383, right(srz44230447569)
neg, 0.1284615400382881, right(srz9656617297)
neg, 0.20741489118092746, right(srz99311012899)
neg, 0.12788281295511936, right(srz2461867989)
neg, 0.12788281295511936, right(srz965661714197)
neg, 0.1284615400382881, right(srz96566171474)
neg, 0.12788281295511936, right(srz274095916246)
neg, 0.1312754970724383, right(srz24618678865)
neg, 0.1284615400382881, right(srz99311018660)
neg, 0.12788281295511936, right(srz8029726100)
neg, 0.1312754970724383, right(srz274095912759)
neg, 0.12788281295511936, right(srz96594929290)
neg, 0.1312754970724383, right(srz96566175411)
neg, 0.12788281295511936, right(srz993110111414)
neg, 0.1312754970724383, right(srz44230443601)
neg, 0.1872108373518019, right(srz27409598680)
neg, 0.12788281295511936, right(srz44248276232)
neg, 0.12788281295511936, right(srz246186716033)
neg, 0.1312754970724383, right(srz99311012290)
neg, 0.20741489118092746, right(srz193063252)
neg, 0.13284978350377796, right(srz44248274788)
neg, 0.20741489118092746, right(srz24618671750)
neg, 0.12788281295511936, right(srz96566171668)
neg, 0.1872108373518019, right(srz274095911144)
neg, 0.1284615400382881, right(srz24618676951)
neg, 0.20741489118092746, right(srz8029725064)
neg, 0.12788281295511936, right(srz99311012263)
neg, 0.13284978350377796, right(srz8029729261)
neg, 0.1284615400382881, right(srz27409595715)
neg, 0.1312754970724383, right(srz9659492127)
neg, 0.12788281295511936, right(srz80297210440)
neg, 0.12788281295511936, right(srz274095912419)
neg, 0.20741489118092746, right(srz1930611339)
neg, 0.1312754970724383, right(srz8029726358)
neg, 0.1312754970724383, right(srz24618679476)
neg, 0.1312754970724383, right(srz8029725888)
neg, 0.1312754970724383, right(srz27409595986)
neg, 0.1312754970724383, right(srz44230443288)
neg, 0.12788281295511936, right(srz274095914894)
neg, 0.1312754970724383, right(srz99311011327)
neg, 0.12788281295511936, right(srz24618676250)
neg, 0.12788281295511936, right(srz274095916255)
neg, 0.18485684970456687, right(srz993110110995)
neg, 0.1312754970724383, right(srz99311012778)
neg, 0.12788281295511936, right(srz99311014973)
neg, 0.14158514118650908, right(srz8029727482)
neg, 0.18485684970456687, right(srz99311015409)
neg, 0.1312754970724383, right(srz44248271160)
neg, 0.1312754970724383, right(srz8029721282)
neg, 0.12788281295511936, right(srz99311013711)
neg, 0.1312754970724383, right(srz27409599732)
neg, 0.18511330982967572, right(srz9931101472)
neg, 0.1872108373518019, right(srz193062119)
neg, 0.1312754970724383, right(srz8029724688)
neg, 0.14158514118650908, right(srz8029729088)
neg, 0.12788281295511936, right(srz44248276734)
neg, 0.12788281295511936, right(srz1930611691)
neg, 0.1872108373518019, right(srz193063861)
neg, 0.1872108373518019, right(srz993110110235)
neg, 0.12788281295511936, right(srz8029725709)
neg, 0.18485684970456687, right(srz274095910226)
neg, 0.1872108373518019, right(srz274095913350)
neg, 0.12788281295511936, right(srz965661714053)
neg, 0.12788281295511936, right(srz96594929345)
neg, 0.1312754970724383, right(srz965949214147)
neg, 0.1312754970724383, right(srz44230448455)
neg, 0.12788281295511936, right(srz99311013154)
neg, 0.1312754970724383, right(srz246186712997)
neg, 0.1284615400382881, right(srz24618675800)
neg, 0.20741489118092746, right(srz193061856)
neg, 0.1312754970724383, right(srz8029726533)
neg, 0.1312754970724383, right(srz27409596610)
neg, 0.1872108373518019, right(srz274095910396)
neg, 0.1872108373518019, right(srz1930663)
neg, 0.1312754970724383, right(srz96566179809)
neg, 0.18485684970456687, right(srz193065209)
neg, 0.1284615400382881, right(srz27409595672)
neg, 0.20741489118092746, right(srz193063804)
neg, 0.1312754970724383, right(srz24618676622)
neg, 0.12788281295511936, right(srz2461867974)
neg, 0.12788281295511936, right(srz274095912396)
neg, 0.12788281295511936, right(srz96594929241)
neg, 0.26569465657955116, right(srz193068332)
neg, 0.1312754970724383, right(srz99311017537)
neg, 0.1312754970724383, right(srz27409598796)
neg, 0.18511330982967572, right(srz96566171973)
neg, 0.1872108373518019, right(srz274095911582)
neg, 0.1312754970724383, right(srz24618678030)
neg, 0.1312754970724383, right(srz44248272853)
neg, 0.13284978350377796, right(srz44248274718)
neg, 0.1872108373518019, right(srz99311019923)
neg, 0.12788281295511936, right(srz96594921554)
neg, 0.12788281295511936, right(srz965661711949)
neg, 0.18485684970456687, right(srz193065393)
neg, 0.1872108373518019, right(srz96566173277)
neg, 0.18511330982967572, right(srz193065195)
neg, 0.1312754970724383, right(srz44248271296)
neg, 0.1312754970724383, right(srz44248273129)
neg, 0.1312754970724383, right(srz44230445996)
neg, 0.1312754970724383, right(srz96566172601)
neg, 0.20741489118092746, right(srz96566178475)
neg, 0.14158514118650908, right(srz965949210766)
neg, 0.1312754970724383, right(srz96594929859)
neg, 0.1312754970724383, right(srz9656617488)
neg, 0.18485684970456687, right(srz4423044553)
neg, 0.12788281295511936, right(srz44230446775)
neg, 0.1284615400382881, right(srz44230445460)
neg, 0.20741489118092746, right(srz99311017454)
neg, 0.12788281295511936, right(srz246186713342)
neg, 0.1312754970724383, right(srz8029729590)
neg, 0.12788281295511936, right(srz27409599603)
neg, 0.20741489118092746, right(srz9931101351)
neg, 0.20741489118092746, right(srz44248272942)
neg, 0.20741489118092746, right(srz193068274)
neg, 0.20741489118092746, right(srz44230443495)
neg, 0.1312754970724383, right(srz44230444479)
neg, 0.1872108373518019, right(srz99311014223)
neg, 0.1872108373518019, right(srz965661711294)
neg, 0.1312754970724383, right(srz965661712456)
neg, 0.14158514118650908, right(srz44248275138)
neg, 0.18485684970456687, right(srz99311014345)
neg, 0.1312754970724383, right(srz193063153)
neg, 0.12788281295511936, right(srz96594924043)
neg, 0.12788281295511936, right(srz96594922751)
neg, 0.12788281295511936, right(srz8029725717)
neg, 0.20741489118092746, right(srz274095916708)
neg, 0.20741489118092746, right(srz44230446419)
neg, 0.1312754970724383, right(srz274095915712)
neg, 0.18485684970456687, right(srz44230444723)
neg, 0.1872108373518019, right(srz193061970)
neg, 0.12788281295511936, right(srz2740959143)
neg, 0.1312754970724383, right(srz96566174446)
neg, 0.12788281295511936, right(srz24618678433)
neg, 0.12788281295511936, right(srz99311015015)
neg, 0.20741489118092746, right(srz96594927845)
neg, 0.26569465657955116, right(srz44230441317)
neg, 0.1312754970724383, right(srz96566178342)
neg, 0.1872108373518019, right(srz8029724873)
neg, 0.1872108373518019, right(srz193068236)
neg, 0.1312754970724383, right(srz246186710448)
neg, 0.1872108373518019, right(srz246186712835)
neg, 0.18511330982967572, right(srz24618673482)
neg, 0.18485684970456687, right(srz993110110969)
neg, 0.20741489118092746, right(srz96566178481)
neg, 0.12788281295511936, right(srz193069099)
neg, 0.1312754970724383, right(srz802972944)
neg, 0.12788281295511936, right(srz965661712126)
neg, 0.20741489118092746, right(srz27409593611)
neg, 0.1284615400382881, right(srz27409595653)
neg, 0.1312754970724383, right(srz193066460)
neg, 0.1312754970724383, right(srz274095912800)
neg, 0.12788281295511936, right(srz24618677447)
neg, 0.1312754970724383, right(srz965661711419)
neg, 0.14158514118650908, right(srz193065996)
neg, 0.12788281295511936, right(srz99311015029)
neg, 0.1312754970724383, right(srz44230444744)
neg, 0.17487980387577814, right(srz44230446494)
neg, 0.1312754970724383, right(srz44248276361)
neg, 0.12788281295511936, right(srz96566178970)
neg, 0.18485684970456687, right(srz4424827540)
neg, 0.1312754970724383, right(srz27409594810)
neg, 0.12788281295511936, right(srz44230444655)
neg, 0.26569465657955116, right(srz96594927434)
neg, 0.12788281295511936, right(srz274095916520)
neg, 0.12788281295511936, right(srz44248271669)
neg, 0.12788281295511936, right(srz246186772)
neg, 0.18485684970456687, right(srz193066913)
neg, 0.12788281295511936, right(srz44230445659)
neg, 0.12788281295511936, right(srz99311015962)
neg, 0.1312754970724383, right(srz246186713389)
neg, 0.12788281295511936, right(srz8029725917)
neg, 0.13284978350377796, right(srz8029724401)
neg, 0.1312754970724383, right(srz965661713604)
neg, 0.1872108373518019, right(srz274095911176)
neg, 0.1312754970724383, right(srz44248275842)
neg, 0.1312754970724383, right(srz96594922472)
neg, 0.12788281295511936, right(srz965661713826)
neg, 0.12788281295511936, right(srz96566175042)
neg, 0.20741489118092746, right(srz27409593251)
neg, 0.17487980387577814, right(srz27409593431)
neg, 0.12788281295511936, right(srz27409596197)
neg, 0.20741489118092746, right(srz965661713371)
neg, 0.1312754970724383, right(srz96566175344)
neg, 0.12788281295511936, right(srz9931101728)
neg, 0.12788281295511936, right(srz44230442755)
neg, 0.26569465657955116, right(srz44248272927)
neg, 0.1312754970724383, right(srz96594921106)
neg, 0.20741489118092746, right(srz965661714813)
neg, 0.12788281295511936, right(srz4424827664)
neg, 0.1312754970724383, right(srz80297210665)
neg, 0.12788281295511936, right(srz96566178768)
neg, 0.26569465657955116, right(srz965661715577)
neg, 0.20741489118092746, right(srz19306107)
neg, 0.1312754970724383, right(srz8029724725)
neg, 0.20741489118092746, right(srz27409593535)
neg, 0.1312754970724383, right(srz99311012325)
neg, 0.26569465657955116, right(srz246186710951)
neg, 0.12788281295511936, right(srz965949211935)
neg, 0.12788281295511936, right(srz965949212696)
neg, 0.18511330982967572, right(srz96566177266)
neg, 0.12788281295511936, right(srz246186711905)
neg, 0.1284615400382881, right(srz44230442663)
neg, 0.1312754970724383, right(srz27409594382)
neg, 0.20741489118092746, right(srz274095917035)
neg, 0.1284615400382881, right(srz24618675739)
neg, 0.1312754970724383, right(srz24618677748)
neg, 0.12788281295511936, right(srz965949210921)
neg, 0.24364176356732303, right(srz44230446457)
neg, 0.17487980387577814, right(srz44248274191)
neg, 0.12788281295511936, right(srz44230441005)
neg, 0.12788281295511936, right(srz27409597390)
neg, 0.1312754970724383, right(srz44248272111)
neg, 0.12788281295511936, right(srz193069506)
neg, 0.12788281295511936, right(srz44248275399)
neg, 0.1312754970724383, right(srz8029722281)
neg, 0.12788281295511936, right(srz27409599615)
neg, 0.12788281295511936, right(srz24618676529)
neg, 0.12788281295511936, right(srz193061425)
neg, 0.20741489118092746, right(srz19306583)
neg, 0.20741489118092746, right(srz99311017449)
neg, 0.12788281295511936, right(srz193063761)
neg, 0.1312754970724383, right(srz965661714650)
neg, 0.18511330982967572, right(srz19306623)
neg, 0.12788281295511936, right(srz8029728782)
neg, 0.12788281295511936, right(srz193066037)
neg, 0.12788281295511936, right(srz96566171662)
neg, 0.20741489118092746, right(srz2740959825)
neg, 0.1312754970724383, right(srz96594929721)
neg, 0.18511330982967572, right(srz1930610822)
neg, 0.13284978350377796, right(srz4423044343)
neg, 0.12788281295511936, right(srz274095914246)
neg, 0.1312754970724383, right(srz44230444405)
neg, 0.18511330982967572, right(srz24618672414)
neg, 0.1312754970724383, right(srz44248275883)
neg, 0.20741489118092746, right(srz246186713818)
neg, 0.24364176356732303, right(srz4423044700)
neg, 0.2252026121146009, right(srz44230446771)
neg, 0.12788281295511936, right(srz965949211723)
neg, 0.1312754970724383, right(srz993110111483)
neg, 0.1872108373518019, right(srz965661710350)
neg, 0.12788281295511936, right(srz24618671952)
neg, 0.12788281295511936, right(srz27409595835)
neg, 0.1312754970724383, right(srz246186713413)
neg, 0.1872108373518019, right(srz44230448290)
neg, 0.1872108373518019, right(srz193064672)
neg, 0.1284615400382881, right(srz246186710642)
neg, 0.20741489118092746, right(srz965949213020)
neg, 0.1872108373518019, right(srz274095913297)
neg, 0.12788281295511936, right(srz99311018332)
neg, 0.12788281295511936, right(srz99311016811)
neg, 0.1312754970724383, right(srz24618678681)
neg, 0.18485684970456687, right(srz96566178211)
neg, 0.12788281295511936, right(srz27409591996)
neg, 0.1312754970724383, right(srz44248274997)
neg, 0.1312754970724383, right(srz8029725400)
neg, 0.12788281295511936, right(srz27409597409)
neg, 0.1872108373518019, right(srz993110110237)
neg, 0.1872108373518019, right(srz99311015773)
neg, 0.20741489118092746, right(srz44248277497)
neg, 0.12788281295511936, right(srz96566176086)
neg, 0.1872108373518019, right(srz96594925592)
neg, 0.12788281295511936, right(srz27409592515)
neg, 0.12788281295511936, right(srz27409594362)
neg, 0.12788281295511936, right(srz9931101155)
neg, 0.12788281295511936, right(srz246186717056)
neg, 0.1284615400382881, right(srz96594926546)
neg, 0.12788281295511936, right(srz27409592600)
neg, 0.12788281295511936, right(srz8029721335)
neg, 0.20741489118092746, right(srz965949213011)
neg, 0.12788281295511936, right(srz965661715880)
neg, 0.1312754970724383, right(srz99311018958)
neg, 0.1312754970724383, right(srz96566176849)
neg, 0.1312754970724383, right(srz44230447786)
neg, 0.12788281295511936, right(srz193063991)
neg, 0.17487980387577814, right(srz19306565)
neg, 0.12788281295511936, right(srz44230442889)
neg, 0.12788281295511936, right(srz193066762)
neg, 0.26569465657955116, right(srz44248271359)
neg, 0.18485684970456687, right(srz99311014321)
neg, 0.13284978350377796, right(srz8029728920)
neg, 0.1312754970724383, right(srz99311018358)
neg, 0.14158514118650908, right(srz99311013383)
neg, 0.1312754970724383, right(srz193061093)
neg, 0.15013817616499373, right(srz4423044583)
neg, 0.12788281295511936, right(srz965661711783)
neg, 0.12788281295511936, right(srz24618674115)
neg, 0.12788281295511936, right(srz80297210484)
neg, 0.1312754970724383, right(srz1930611390)
neg, 0.1312754970724383, right(srz274095916385)
neg, 0.12788281295511936, right(srz44248275699)
neg, 0.12788281295511936, right(srz4423044988)
neg, 0.12788281295511936, right(srz965661710777)
neg, 0.1312754970724383, right(srz965661711380)
neg, 0.1872108373518019, right(srz44230447829)
neg, 0.13284978350377796, right(srz965661714357)
neg, 0.12788281295511936, right(srz96594923839)
neg, 0.13284978350377796, right(srz44248274365)
neg, 0.12788281295511936, right(srz193061325)
neg, 0.2252026121146009, right(srz96566175668)
neg, 0.12788281295511936, right(srz965949211772)
neg, 0.18485684970456687, right(srz8029726224)
neg, 0.1312754970724383, right(srz246186711232)
neg, 0.12788281295511936, right(srz44248274305)
neg, 0.1872108373518019, right(srz965661715245)
neg, 0.12788281295511936, right(srz274095912373)
neg, 0.1872108373518019, right(srz193062006)
neg, 0.12788281295511936, right(srz96594929591)
neg, 0.12788281295511936, right(srz27409591084)
neg, 0.12788281295511936, right(srz965661715839)
neg, 0.12788281295511936, right(srz8029728219)
neg, 0.1312754970724383, right(srz44248276256)
neg, 0.12788281295511936, right(srz9931101962)
neg, 0.12788281295511936, right(srz2740959117)
neg, 0.1872108373518019, right(srz965661714157)
neg, 0.20741489118092746, right(srz99311013515)
neg, 0.1312754970724383, right(srz96594926125)
neg, 0.1312754970724383, right(srz246186712983)
neg, 0.12788281295511936, right(srz993110111374)
neg, 0.1872108373518019, right(srz193064794)
neg, 0.1872108373518019, right(srz8029726459)
neg, 0.12788281295511936, right(srz274095981)
neg, 0.12788281295511936, right(srz27409593985)
neg, 0.18485684970456687, right(srz8029722018)
neg, 0.1312754970724383, right(srz44248271850)
neg, 0.12788281295511936, right(srz193067893)
neg, 0.2252026121146009, right(srz8029724261)
neg, 0.20741489118092746, right(srz246186715477)
neg, 0.1284615400382881, right(srz8029728744)
neg, 0.1312754970724383, right(srz96566174486)
neg, 0.1872108373518019, right(srz246186713171)
neg, 0.12788281295511936, right(srz24618675166)
neg, 0.1312754970724383, right(srz274095910925)
neg, 0.12788281295511936, right(srz96594924167)
neg, 0.1312754970724383, right(srz44248276142)
neg, 0.20741489118092746, right(srz27409591737)
neg, 0.1312754970724383, right(srz27409598062)
neg, 0.12788281295511936, right(srz8029729183)
neg, 0.12788281295511936, right(srz274095914811)
neg, 0.20741489118092746, right(srz9656617764)
neg, 0.12788281295511936, right(srz4424827695)
neg, 0.14158514118650908, right(srz965949210869)
neg, 0.12788281295511936, right(srz8029721550)
neg, 0.1872108373518019, right(srz274095911162)
neg, 0.12788281295511936, right(srz27409594359)
neg, 0.18485684970456687, right(srz246186711238)
neg, 0.1312754970724383, right(srz8029723043)
neg, 0.1872108373518019, right(srz9931101421)
neg, 0.12788281295511936, right(srz246186714707)
neg, 0.1312754970724383, right(srz44230444304)
neg, 0.1872108373518019, right(srz993110110437)
neg, 0.1312754970724383, right(srz24618675036)
neg, 0.1312754970724383, right(srz44230447616)
neg, 0.12788281295511936, right(srz965949213459)
neg, 0.20741489118092746, right(srz96594922368)
neg, 0.12788281295511936, right(srz193067911)
neg, 0.1872108373518019, right(srz96594928479)
neg, 0.1284615400382881, right(srz44230442691)
neg, 0.1312754970724383, right(srz8029728010)
neg, 0.1312754970724383, right(srz965949210275)
neg, 0.12788281295511936, right(srz96566172913)
neg, 0.12788281295511936, right(srz193061548)
neg, 0.12788281295511936, right(srz246186716103)
neg, 0.12788281295511936, right(srz27409592008)
neg, 0.17487980387577814, right(srz193064725)
neg, 0.18485684970456687, right(srz99311011462)
neg, 0.1312754970724383, right(srz96594929600)
neg, 0.1872108373518019, right(srz96594922416)
neg, 0.13284978350377796, right(srz8029724416)
neg, 0.12788281295511936, right(srz1930611792)
neg, 0.12788281295511936, right(srz96566171635)
neg, 0.1312754970724383, right(srz96566173219)
neg, 0.12788281295511936, right(srz27409591404)
neg, 0.12788281295511936, right(srz274095916547)
neg, 0.12788281295511936, right(srz24618679359)
neg, 0.1312754970724383, right(srz96594926815)
neg, 0.12788281295511936, right(srz965949213809)
neg, 0.12788281295511936, right(srz193065505)
neg, 0.12788281295511936, right(srz965949212081)
neg, 0.1312754970724383, right(srz965661710258)
neg, 0.1284615400382881, right(srz27409595734)
neg, 0.12788281295511936, right(srz8029723985)
neg, 0.1312754970724383, right(srz193064594)
neg, 0.18485684970456687, right(srz4424827193)
neg, 0.1312754970724383, right(srz44230444912)
neg, 0.24364176356732303, right(srz44230446458)
neg, 0.12788281295511936, right(srz246186714708)
neg, 0.1312754970724383, right(srz44230443226)
neg, 0.1312754970724383, right(srz193064321)
neg, 0.20741489118092746, right(srz80297251)
neg, 0.1312754970724383, right(srz44230445734)
neg, 0.1312754970724383, right(srz193067183)
neg, 0.12788281295511936, right(srz965949212447)
neg, 0.1872108373518019, right(srz27409598677)
neg, 0.12788281295511936, right(srz24618672204)
neg, 0.1872108373518019, right(srz274095915733)
neg, 0.12788281295511936, right(srz2461867236)
neg, 0.20741489118092746, right(srz96566178530)
neg, 0.12788281295511936, right(srz193061355)
neg, 0.1872108373518019, right(srz1930611496)
neg, 0.12788281295511936, right(srz24618677568)
neg, 0.12788281295511936, right(srz96594925438)
neg, 0.20741489118092746, right(srz193065132)
neg, 0.20741489118092746, right(srz246186715488)
neg, 0.12788281295511936, right(srz274095911256)
neg, 0.1312754970724383, right(srz8029728570)
neg, 0.1312754970724383, right(srz8029722536)
neg, 0.1312754970724383, right(srz44230443634)
neg, 0.12788281295511936, right(srz193067852)
neg, 0.1872108373518019, right(srz8029722322)
neg, 0.1312754970724383, right(srz802972566)
neg, 0.18485684970456687, right(srz44230447313)
neg, 0.12788281295511936, right(srz274095915350)
neg, 0.20741489118092746, right(srz993110110346)
neg, 0.20741489118092746, right(srz2740959996)
neg, 0.12788281295511936, right(srz27409596395)
neg, 0.1872108373518019, right(srz274095911187)
neg, 0.12788281295511936, right(srz965661713963)
neg, 0.1312754970724383, right(srz24618675641)
neg, 0.12788281295511936, right(srz965661711226)
neg, 0.1312754970724383, right(srz246186715112)
neg, 0.18485684970456687, right(srz19306651)
neg, 0.1872108373518019, right(srz96594926052)
neg, 0.1312754970724383, right(srz44248271347)
neg, 0.18485684970456687, right(srz99311013917)
neg, 0.1312754970724383, right(srz27409595569)
neg, 0.12788281295511936, right(srz8029724313)
neg, 0.12788281295511936, right(srz80297210409)
neg, 0.12788281295511936, right(srz27409591689)
neg, 0.18485684970456687, right(srz8029722347)
neg, 0.1872108373518019, right(srz24618677859)
neg, 0.1312754970724383, right(srz27409594376)
neg, 0.1312754970724383, right(srz44230444766)
neg, 0.1312754970724383, right(srz24618676836)
neg, 0.12788281295511936, right(srz9931101647)
neg, 0.14158514118650908, right(srz8029727445)
neg, 0.12788281295511936, right(srz99311013101)
neg, 0.13284978350377796, right(srz246186716445)
neg, 0.1312754970724383, right(srz96566175339)
neg, 0.12788281295511936, right(srz99311012205)
neg, 0.1312754970724383, right(srz802972547)
neg, 0.1312754970724383, right(srz96594926399)
neg, 0.1872108373518019, right(srz19306806)
neg, 0.12788281295511936, right(srz246186717073)
neg, 0.1312754970724383, right(srz8029726363)
neg, 0.1312754970724383, right(srz96566171915)
neg, 0.18485684970456687, right(srz99311019673)
neg, 0.1312754970724383, right(srz44230444793)
neg, 0.12788281295511936, right(srz24618677409)
neg, 0.12788281295511936, right(srz193065468)
neg, 0.12788281295511936, right(srz44248275297)
neg, 0.12788281295511936, right(srz96566176157)
neg, 0.12788281295511936, right(srz193061446)
neg, 0.1312754970724383, right(srz8029726685)
neg, 0.1312754970724383, right(srz965949212987)
neg, 0.12788281295511936, right(srz44248275327)
neg, 0.12788281295511936, right(srz96594924110)
neg, 0.12788281295511936, right(srz193069453)
neg, 0.12788281295511936, right(srz96594924523)
neg, 0.1312754970724383, right(srz965661710983)
neg, 0.20741489118092746, right(srz246186711493)
neg, 0.20741489118092746, right(srz965661713219)
neg, 0.1312754970724383, right(srz44248273218)
neg, 0.12788281295511936, right(srz96566178795)
neg, 0.12788281295511936, right(srz274095916036)
neg, 0.12788281295511936, right(srz44248273339)
neg, 0.1312754970724383, right(srz8029726204)
neg, 0.1312754970724383, right(srz27409594391)
neg, 0.1312754970724383, right(srz44230447306)
neg, 0.12788281295511936, right(srz27409594342)
neg, 0.1872108373518019, right(srz274095910384)
neg, 0.1872108373518019, right(srz246186712628)
neg, 0.18485684970456687, right(srz274095912474)
neg, 0.18485684970456687, right(srz8029727784)
neg, 0.1312754970724383, right(srz44248277916)
neg, 0.12788281295511936, right(srz96594928626)
neg, 0.1312754970724383, right(srz96566173480)
neg, 0.18485684970456687, right(srz44230441279)
neg, 0.12788281295511936, right(srz193065486)
neg, 0.12788281295511936, right(srz8029725950)
neg, 0.1284615400382881, right(srz44230442516)
neg, 0.14158514118650908, right(srz274095912893)
neg, 0.1312754970724383, right(srz99311013533)
neg, 0.13284978350377796, right(srz246186716975)
neg, 0.1872108373518019, right(srz96594929004)
neg, 0.1312754970724383, right(srz274095915269)
neg, 0.12788281295511936, right(srz44230447870)
neg, 0.1312754970724383, right(srz24618678680)
neg, 0.1872108373518019, right(srz8029723539)
neg, 0.14158514118650908, right(srz44248276590)
neg, 0.12788281295511936, right(srz193061341)
neg, 0.1312754970724383, right(srz24618677869)
neg, 0.13284978350377796, right(srz4423044318)
neg, 0.1312754970724383, right(srz274095914462)
neg, 0.13284978350377796, right(srz96566173768)
neg, 0.1312754970724383, right(srz99311017551)
neg, 0.13284978350377796, right(srz246186716447)
neg, 0.20741489118092746, right(srz246186711468)
neg, 0.12788281295511936, right(srz96566176145)
neg, 0.20741489118092746, right(srz96594929563)
neg, 0.26569465657955116, right(srz8029728443)
neg, 0.1312754970724383, right(srz965661714629)
neg, 0.20741489118092746, right(srz19306516)
neg, 0.20741489118092746, right(srz2740959744)
neg, 0.12788281295511936, right(srz96566177811)
neg, 0.1872108373518019, right(srz19306197)
neg, 0.1312754970724383, right(srz274095910010)
neg, 0.1312754970724383, right(srz193062839)
neg, 0.18485684970456687, right(srz193069887)
neg, 0.12788281295511936, right(srz193061683)
neg, 0.14158514118650908, right(srz193065863)
neg, 0.1312754970724383, right(srz44248277364)
neg, 0.1312754970724383, right(srz193062798)
neg, 0.1312754970724383, right(srz8029726376)
neg, 0.1872108373518019, right(srz193062312)
neg, 0.1312754970724383, right(srz24618674947)
neg, 0.20741489118092746, right(srz27409598237)
neg, 0.1312754970724383, right(srz8029727674)
neg, 0.1312754970724383, right(srz44230447673)
neg, 0.1312754970724383, right(srz8029726667)
neg, 0.1312754970724383, right(srz274095916633)
neg, 0.20741489118092746, right(srz193065286)
neg, 0.12788281295511936, right(srz24618674028)
neg, 0.2252026121146009, right(srz24618675124)
neg, 0.12788281295511936, right(srz44230442167)
neg, 0.1312754970724383, right(srz96566179330)
neg, 0.14158514118650908, right(srz193065966)
neg, 0.1284615400382881, right(srz99311018121)
neg, 0.12788281295511936, right(srz44248275686)
neg, 0.17487980387577814, right(srz44248274186)
neg, 0.1284615400382881, right(srz246186710615)
neg, 0.12788281295511936, right(srz8029721563)
neg, 0.12788281295511936, right(srz8029725650)
neg, 0.20741489118092746, right(srz27409594548)
neg, 0.12788281295511936, right(srz96566171659)
neg, 0.1312754970724383, right(srz96594928040)
neg, 0.12788281295511936, right(srz44230445562)
neg, 0.12788281295511936, right(srz99311012212)
neg, 0.12788281295511936, right(srz8029725961)
neg, 0.12788281295511936, right(srz1930610495)
neg, 0.12788281295511936, right(srz246186715996)
neg, 0.12788281295511936, right(srz99311013196)
neg, 0.1312754970724383, right(srz96594924218)
neg, 0.1312754970724383, right(srz274095910327)
neg, 0.12788281295511936, right(srz274095916131)
neg, 0.12788281295511936, right(srz274095914779)
neg, 0.12788281295511936, right(srz9931101802)
neg, 0.12788281295511936, right(srz8029728265)
neg, 0.20741489118092746, right(srz274095912604)
neg, 0.12788281295511936, right(srz274095912336)
neg, 0.2252026121146009, right(srz44230443417)
neg, 0.12788281295511936, right(srz2740959106)
neg, 0.1312754970724383, right(srz27409598082)
neg, 0.20741489118092746, right(srz27409595207)
neg, 0.1312754970724383, right(srz965949211576)
neg, 0.14158514118650908, right(srz193065837)
neg, 0.12788281295511936, right(srz96594927063)
neg, 0.18485684970456687, right(srz193069560)
neg, 0.1872108373518019, right(srz99311018896)
neg, 0.12788281295511936, right(srz993110112312)
neg, 0.12788281295511936, right(srz193062674)
neg, 0.15013817616499373, right(srz96594921069)
neg, 0.1312754970724383, right(srz27409596635)
neg, 0.1284615400382881, right(srz44230442667)
neg, 0.13284978350377796, right(srz24618672368)
neg, 0.1312754970724383, right(srz9659492752)
neg, 0.20741489118092746, right(srz44248273195)
neg, 0.12788281295511936, right(srz99311013743)
neg, 0.1872108373518019, right(srz99311011500)
neg, 0.1284615400382881, right(srz24618675794)
neg, 0.20741489118092746, right(srz24618676348)
neg, 0.1872108373518019, right(srz80297210839)
neg, 0.12788281295511936, right(srz193061449)
neg, 0.12788281295511936, right(srz44248275447)
neg, 0.20741489118092746, right(srz8029725530)
neg, 0.1312754970724383, right(srz8029722282)
neg, 0.26569465657955116, right(srz8029721248)
neg, 0.1284615400382881, right(srz1930610347)
neg, 0.14158514118650908, right(srz8029729091)
neg, 0.20741489118092746, right(srz2740959353)
neg, 0.12788281295511936, right(srz9656617620)
neg, 0.1872108373518019, right(srz246186711309)
neg, 0.13284978350377796, right(srz193066841)
neg, 0.12788281295511936, right(srz99311011074)
neg, 0.12788281295511936, right(srz99311017305)
neg, 0.1872108373518019, right(srz44248274012)
neg, 0.12788281295511936, right(srz246186715943)
neg, 0.1312754970724383, right(srz96594927876)
neg, 0.12788281295511936, right(srz8029722710)
neg, 0.18485684970456687, right(srz802972838)
neg, 0.1312754970724383, right(srz96594926109)
neg, 0.17487980387577814, right(srz8029727274)
neg, 0.24939322129195243, right(srz96566178201)
neg, 0.1312754970724383, right(srz246186713664)
neg, 0.1312754970724383, right(srz99311011976)
neg, 0.1872108373518019, right(srz993110110405)
neg, 0.12788281295511936, right(srz44248275572)
neg, 0.17487980387577814, right(srz27409593377)
neg, 0.1312754970724383, right(srz193062050)
neg, 0.17487980387577814, right(srz193064110)
neg, 0.1872108373518019, right(srz44248276949)
neg, 0.12788281295511936, right(srz44248272889)
neg, 0.1312754970724383, right(srz24618674625)
neg, 0.12788281295511936, right(srz44248275387)
neg, 0.20741489118092746, right(srz24618671772)
neg, 0.12788281295511936, right(srz24618673121)
neg, 0.1312754970724383, right(srz246186713641)
neg, 0.1312754970724383, right(srz80297210069)
neg, 0.1312754970724383, right(srz24618674597)
neg, 0.13284978350377796, right(srz193069309)
neg, 0.1312754970724383, right(srz96566177963)
neg, 0.12788281295511936, right(srz246186712002)
neg, 0.12788281295511936, right(srz27409597435)
neg, 0.12788281295511936, right(srz246186713009)
neg, 0.20741489118092746, right(srz27409596962)
neg, 0.1872108373518019, right(srz8029729696)
neg, 0.1872108373518019, right(srz1930611088)
neg, 0.1284615400382881, right(srz96594928504)
neg, 0.12788281295511936, right(srz274095914708)
neg, 0.1872108373518019, right(srz274095913321)
neg, 0.18485684970456687, right(srz44230447426)
neg, 0.1312754970724383, right(srz24618676977)
neg, 0.12788281295511936, right(srz96594922708)
neg, 0.12788281295511936, right(srz442482794)
neg, 0.12788281295511936, right(srz193068028)
neg, 0.12788281295511936, right(srz246186714859)
neg, 0.12788281295511936, right(srz965661712621)
neg, 0.12788281295511936, right(srz96566177850)
neg, 0.20741489118092746, right(srz274095910671)
neg, 0.1312754970724383, right(srz44248271830)
neg, 0.17487980387577814, right(srz27409593408)
neg, 0.1312754970724383, right(srz193062568)
neg, 0.1312754970724383, right(srz44248277249)
neg, 0.12788281295511936, right(srz965949212342)
neg, 0.1872108373518019, right(srz193064828)
neg, 0.1312754970724383, right(srz8029722305)
neg, 0.18485684970456687, right(srz993110110966)
neg, 0.13284978350377796, right(srz246186717183)
neg, 0.12788281295511936, right(srz1930612322)
neg, 0.20741489118092746, right(srz965949213909)
neg, 0.1872108373518019, right(srz8029729677)
neg, 0.1312754970724383, right(srz965949213068)
neg, 0.20741489118092746, right(srz193064811)
neg, 0.1312754970724383, right(srz274095912091)
neg, 0.1312754970724383, right(srz8029727242)
neg, 0.20741489118092746, right(srz96594923439)
neg, 0.1312754970724383, right(srz193067979)
neg, 0.12788281295511936, right(srz993110111419)
neg, 0.12788281295511936, right(srz1930610084)
neg, 0.12788281295511936, right(srz24618674216)
neg, 0.1872108373518019, right(srz44230447244)
neg, 0.12788281295511936, right(srz44230444628)
neg, 0.1312754970724383, right(srz8029723035)
neg, 0.12788281295511936, right(srz99311012243)
neg, 0.12788281295511936, right(srz24618674308)
neg, 0.1284615400382881, right(srz1930611462)
neg, 0.1872108373518019, right(srz44230442315)
neg, 0.12788281295511936, right(srz44230445614)
neg, 0.12788281295511936, right(srz1930611783)
neg, 0.1284615400382881, right(srz1930610345)
neg, 0.1312754970724383, right(srz193069865)
neg, 0.12788281295511936, right(srz965949212012)
neg, 0.17487980387577814, right(srz96566177751)
neg, 0.18485684970456687, right(srz193061059)
neg, 0.17487980387577814, right(srz9931101123)
neg, 0.12788281295511936, right(srz24618672168)
neg, 0.26569465657955116, right(srz8029724266)
neg, 0.18511330982967572, right(srz993110110380)
neg, 0.20741489118092746, right(srz24618673905)
neg, 0.1312754970724383, right(srz44230446141)
neg, 0.12788281295511936, right(srz2461867102)
neg, 0.18511330982967572, right(srz193067248)
neg, 0.20741489118092746, right(srz802972701)
neg, 0.20741489118092746, right(srz193061000)
neg, 0.1312754970724383, right(srz4424827115)
neg, 0.1312754970724383, right(srz44248277394)
neg, 0.18485684970456687, right(srz19306844)
neg, 0.12788281295511936, right(srz27409594102)
neg, 0.1312754970724383, right(srz24618674953)
neg, 0.1872108373518019, right(srz193064374)
neg, 0.1312754970724383, right(srz44230447609)
neg, 0.1312754970724383, right(srz9659492842)
neg, 0.15013817616499373, right(srz274095910750)
neg, 0.12788281295511936, right(srz246186716206)
neg, 0.1312754970724383, right(srz965949210260)
neg, 0.12788281295511936, right(srz193067379)
neg, 0.1872108373518019, right(srz27409598646)
neg, 0.17487980387577814, right(srz8029727265)
neg, 0.12788281295511936, right(srz8029722927)
neg, 0.20741489118092746, right(srz96594923329)
neg, 0.12788281295511936, right(srz246186713249)
neg, 0.1312754970724383, right(srz274095912650)
neg, 0.1312754970724383, right(srz193061179)
neg, 0.12788281295511936, right(srz965661711728)
neg, 0.12788281295511936, right(srz274095912374)
neg, 0.12788281295511936, right(srz8029721388)
neg, 0.1872108373518019, right(srz24618678916)
neg, 0.1312754970724383, right(srz274095916615)
neg, 0.12788281295511936, right(srz24618672667)
neg, 0.1312754970724383, right(srz246186716892)
neg, 0.1312754970724383, right(srz96594928973)
neg, 0.12788281295511936, right(srz96594922625)
neg, 0.1312754970724383, right(srz96594927516)
neg, 0.1312754970724383, right(srz246186715553)
neg, 0.1312754970724383, right(srz4423044644)
neg, 0.18511330982967572, right(srz24618672401)
neg, 0.1312754970724383, right(srz246186711024)
neg, 0.12788281295511936, right(srz9931101875)
neg, 0.12788281295511936, right(srz8029722775)
neg, 0.1312754970724383, right(srz246186716872)
neg, 0.17487980387577814, right(srz96566177692)
neg, 0.12788281295511936, right(srz96566173589)
neg, 0.13284978350377796, right(srz8029729246)
neg, 0.1312754970724383, right(srz27409599323)
neg, 0.1312754970724383, right(srz965661714616)
neg, 0.20741489118092746, right(srz24618673887)
neg, 0.1872108373518019, right(srz8029729853)
neg, 0.12788281295511936, right(srz44248272274)
neg, 0.14158514118650908, right(srz193063318)
neg, 0.18485684970456687, right(srz965949211206)
neg, 0.1872108373518019, right(srz99311011479)
neg, 0.1312754970724383, right(srz246186715352)
neg, 0.1872108373518019, right(srz44230446102)
neg, 0.12788281295511936, right(srz1930612213)
neg, 0.12788281295511936, right(srz27409594036)
neg, 0.1312754970724383, right(srz96594927268)
neg, 0.13284978350377796, right(srz99311016004)
neg, 0.18485684970456687, right(srz8029724526)
neg, 0.12788281295511936, right(srz96566171902)
neg, 0.20741489118092746, right(srz246186711014)
neg, 0.12788281295511936, right(srz44248275328)
neg, 0.18485684970456687, right(srz99311019400)
neg, 0.17487980387577814, right(srz8029729022)
neg, 0.12788281295511936, right(srz2461867536)
neg, 0.12788281295511936, right(srz44248271676)
neg, 0.12788281295511936, right(srz1930610438)
neg, 0.12788281295511936, right(srz2461867572)
neg, 0.1312754970724383, right(srz44248271594)
neg, 0.14158514118650908, right(srz8029727358)
neg, 0.24364176356732303, right(srz44230442988)
neg, 0.1312754970724383, right(srz965661715592)
neg, 0.20741489118092746, right(srz44230445821)
neg, 0.1872108373518019, right(srz8029726453)
neg, 0.20741489118092746, right(srz8029728714)
neg, 0.12788281295511936, right(srz27409592708)
neg, 0.1872108373518019, right(srz274095913314)
neg, 0.1872108373518019, right(srz99311014228)
neg, 0.1312754970724383, right(srz96566179952)
neg, 0.17487980387577814, right(srz96566177753)
neg, 0.20741489118092746, right(srz96566175170)
neg, 0.1312754970724383, right(srz8029725169)
neg, 0.1312754970724383, right(srz246186716692)
neg, 0.1312754970724383, right(srz80297210648)
neg, 0.15013817616499373, right(srz44248276476)
neg, 0.12788281295511936, right(srz27409599001)
neg, 0.24364176356732303, right(srz44248274038)
neg, 0.18485684970456687, right(srz1930610680)
neg, 0.12788281295511936, right(srz44248276940)
neg, 0.12788281295511936, right(srz8029721744)
neg, 0.1872108373518019, right(srz274095913207)
neg, 0.1312754970724383, right(srz802972577)
neg, 0.13284978350377796, right(srz96566173697)
neg, 0.13284978350377796, right(srz44230441698)
neg, 0.12788281295511936, right(srz9931101783)
neg, 0.14158514118650908, right(srz8029723618)
neg, 0.17487980387577814, right(srz27409593498)
neg, 0.12788281295511936, right(srz2461867258)
neg, 0.1284615400382881, right(srz1930610319)
neg, 0.1312754970724383, right(srz96594922638)
neg, 0.24939322129195243, right(srz193061077)
neg, 0.12788281295511936, right(srz44230443692)
neg, 0.1312754970724383, right(srz8029724023)
neg, 0.1312754970724383, right(srz24618676782)
neg, 0.1312754970724383, right(srz274095915073)
neg, 0.12788281295511936, right(srz27409595861)
neg, 0.12788281295511936, right(srz965949211820)
neg, 0.14158514118650908, right(srz965949210861)
neg, 0.1872108373518019, right(srz96594924899)
neg, 0.1312754970724383, right(srz96566174460)
neg, 0.1312754970724383, right(srz24618679481)
neg, 0.12788281295511936, right(srz24618672877)
neg, 0.12788281295511936, right(srz24618676264)
neg, 0.12788281295511936, right(srz96594924163)
neg, 0.20741489118092746, right(srz246186713704)
neg, 0.1284615400382881, right(srz27409595741)
neg, 0.12788281295511936, right(srz2461867683)
neg, 0.12788281295511936, right(srz27409591867)
neg, 0.1872108373518019, right(srz24618674736)
neg, 0.1872108373518019, right(srz44230448124)
neg, 0.17487980387577814, right(srz965949213374)
neg, 0.1872108373518019, right(srz274095911089)
neg, 0.1872108373518019, right(srz274095911177)
neg, 0.12788281295511936, right(srz96566175015)
neg, 0.12788281295511936, right(srz96594925430)
neg, 0.18485684970456687, right(srz246186710819)
neg, 0.1312754970724383, right(srz27409598079)
neg, 0.1312754970724383, right(srz27409595424)
neg, 0.20741489118092746, right(srz27409596423)
neg, 0.20741489118092746, right(srz4424827145)
neg, 0.1312754970724383, right(srz193066433)
neg, 0.1872108373518019, right(srz96594922686)
neg, 0.20741489118092746, right(srz2461867580)
neg, 0.12788281295511936, right(srz993110111329)
neg, 0.18511330982967572, right(srz44230446114)
neg, 0.1872108373518019, right(srz99311017992)
neg, 0.12788281295511936, right(srz8029722693)
neg, 0.1872108373518019, right(srz24618676899)
neg, 0.1312754970724383, right(srz965661713321)
neg, 0.1284615400382881, right(srz96594928485)
neg, 0.1312754970724383, right(srz96594929719)
neg, 0.26569465657955116, right(srz96566173862)
neg, 0.12788281295511936, right(srz99311012672)
neg, 0.1312754970724383, right(srz274095913983)
neg, 0.1312754970724383, right(srz44230444913)
neg, 0.12788281295511936, right(srz96566172959)
neg, 0.1312754970724383, right(srz1930612101)
neg, 0.1312754970724383, right(srz246186713405)
neg, 0.1312754970724383, right(srz99311018223)
neg, 0.18485684970456687, right(srz8029724200)
neg, 0.12788281295511936, right(srz193063670)
neg, 0.1312754970724383, right(srz27409595482)
neg, 0.1312754970724383, right(srz44230447461)
neg, 0.1284615400382881, right(srz44230445402)
neg, 0.1872108373518019, right(srz44230442173)
neg, 0.1312754970724383, right(srz193065571)
neg, 0.12788281295511936, right(srz27409599512)
neg, 0.12788281295511936, right(srz44248275629)
neg, 0.1312754970724383, right(srz24618673570)
neg, 0.12788281295511936, right(srz965661714228)
neg, 0.12788281295511936, right(srz44230446874)
neg, 0.1312754970724383, right(srz24618675611)
neg, 0.20741489118092746, right(srz96594929635)
neg, 0.1872108373518019, right(srz193062495)
neg, 0.12788281295511936, right(srz193061399)
neg, 0.1284615400382881, right(srz44230442603)
neg, 0.12788281295511936, right(srz27409597373)
neg, 0.20741489118092746, right(srz27409591550)
neg, 0.12788281295511936, right(srz965661711980)
neg, 0.1312754970724383, right(srz8029721683)
neg, 0.12788281295511936, right(srz27409592000)
neg, 0.1312754970724383, right(srz274095911890)
neg, 0.20741489118092746, right(srz274095916714)
neg, 0.1872108373518019, right(srz246186713121)
neg, 0.1312754970724383, right(srz99311011922)
neg, 0.12788281295511936, right(srz965661715877)
neg, 0.1284615400382881, right(srz27409597134)
neg, 0.1312754970724383, right(srz44248271051)
neg, 0.12788281295511936, right(srz9659492898)
neg, 0.1312754970724383, right(srz24618676617)
neg, 0.1312754970724383, right(srz965661710937)
neg, 0.18485684970456687, right(srz193061974)
neg, 0.1312754970724383, right(srz44230441405)
neg, 0.20741489118092746, right(srz96594928854)
neg, 0.20741489118092746, right(srz99311019900)
neg, 0.12788281295511936, right(srz44230444094)
neg, 0.17487980387577814, right(srz44230447500)
neg, 0.12788281295511936, right(srz2461867566)
neg, 0.13284978350377796, right(srz44248274343)
neg, 0.1312754970724383, right(srz44230446475)
neg, 0.1312754970724383, right(srz246186715361)
neg, 0.1312754970724383, right(srz44248271743)
neg, 0.20741489118092746, right(srz96566179141)
neg, 0.12788281295511936, right(srz965661712616)
neg, 0.12788281295511936, right(srz96566172932)
neg, 0.26569465657955116, right(srz44230442390)
neg, 0.17487980387577814, right(srz96566177721)
neg, 0.18485684970456687, right(srz44248274550)
neg, 0.13284978350377796, right(srz44248274391)
neg, 0.12788281295511936, right(srz99311019707)
neg, 0.1284615400382881, right(srz96594926518)
neg, 0.1284615400382881, right(srz193063477)
neg, 0.1312754970724383, right(srz9659492185)
neg, 0.26978824010658575, right(srz80297210902)
neg, 0.1312754970724383, right(srz44230443252)
neg, 0.1312754970724383, right(srz965949213468)
neg, 0.1872108373518019, right(srz27409594891)
neg, 0.13284978350377796, right(srz4424827480)
neg, 0.12788281295511936, right(srz193066766)
neg, 0.12788281295511936, right(srz44230442786)
neg, 0.20741489118092746, right(srz274095917031)
neg, 0.18485684970456687, right(srz193063300)
neg, 0.12788281295511936, right(srz993110111317)
neg, 0.1284615400382881, right(srz1930610383)
neg, 0.1312754970724383, right(srz965661714467)
neg, 0.1312754970724383, right(srz274095912047)
neg, 0.1312754970724383, right(srz246186713649)
neg, 0.12788281295511936, right(srz9656617408)
neg, 0.1312754970724383, right(srz44230446010)
neg, 0.1872108373518019, right(srz8029728148)
neg, 0.12788281295511936, right(srz24618672977)
neg, 0.18511330982967572, right(srz965949211679)
neg, 0.1312754970724383, right(srz965949210193)
neg, 0.1312754970724383, right(srz193063108)
neg, 0.12788281295511936, right(srz965661713661)
neg, 0.18511330982967572, right(srz965949212218)
neg, 0.1312754970724383, right(srz1930612016)
neg, 0.12788281295511936, right(srz96594928)
neg, 0.1312754970724383, right(srz96566178340)
neg, 0.1872108373518019, right(srz44230447397)
neg, 0.12788281295511936, right(srz246186711882)
neg, 0.1872108373518019, right(srz99311015440)
neg, 0.13284978350377796, right(srz4424827504)
neg, 0.18485684970456687, right(srz193063302)
neg, 0.1312754970724383, right(srz965661712286)
neg, 0.1312754970724383, right(srz24618674457)
neg, 0.1312754970724383, right(srz99311019160)
neg, 0.1312754970724383, right(srz44248271622)
neg, 0.12788281295511936, right(srz99311013229)
neg, 0.1312754970724383, right(srz1930610580)
neg, 0.14158514118650908, right(srz193065932)
neg, 0.1312754970724383, right(srz44230443401)
neg, 0.20741489118092746, right(srz44248272674)
neg, 0.13284978350377796, right(srz99311016066)
neg, 0.1312754970724383, right(srz965661712853)
neg, 0.12788281295511936, right(srz96566179010)
neg, 0.18511330982967572, right(srz19306610)
neg, 0.18485684970456687, right(srz44248272746)
neg, 0.1312754970724383, right(srz44248275008)
neg, 0.1312754970724383, right(srz965949212311)
neg, 0.12788281295511936, right(srz274095913800)
neg, 0.12788281295511936, right(srz9656617342)
neg, 0.12788281295511936, right(srz19306943)
neg, 0.12788281295511936, right(srz965949213817)
neg, 0.1312754970724383, right(srz44230444407)
neg, 0.12788281295511936, right(srz44230446964)
neg, 0.1312754970724383, right(srz99311015276)
neg, 0.12788281295511936, right(srz193063674)
neg, 0.1312754970724383, right(srz96594922632)
neg, 0.12788281295511936, right(srz965661711786)
neg, 0.12788281295511936, right(srz4424827348)
neg, 0.12788281295511936, right(srz193066073)
neg, 0.12788281295511936, right(srz44248274494)
neg, 0.12788281295511936, right(srz193064621)
neg, 0.18511330982967572, right(srz274095910216)
neg, 0.1312754970724383, right(srz8029721174)
neg, 0.1312754970724383, right(srz44248276018)
neg, 0.18511330982967572, right(srz9931101243)
neg, 0.1312754970724383, right(srz1930611128)
neg, 0.12788281295511936, right(srz24618674201)
neg, 0.1284615400382881, right(srz965661710539)
neg, 0.1312754970724383, right(srz193062561)
neg, 0.1872108373518019, right(srz193061989)
neg, 0.1312754970724383, right(srz965661710980)
neg, 0.1312754970724383, right(srz44230443351)
neg, 0.26569465657955116, right(srz193068340)
neg, 0.1872108373518019, right(srz4423044565)
neg, 0.1872108373518019, right(srz44230446200)
neg, 0.20741489118092746, right(srz99311012459)
neg, 0.1312754970724383, right(srz44248271897)
neg, 0.12788281295511936, right(srz965949211763)
neg, 0.12788281295511936, right(srz96594923914)
neg, 0.1284615400382881, right(srz24618675726)
neg, 0.12788281295511936, right(srz96594924125)
neg, 0.1312754970724383, right(srz965661715403)
neg, 0.12788281295511936, right(srz1930612345)
neg, 0.12788281295511936, right(srz965661714036)
neg, 0.12788281295511936, right(srz44248273547)
neg, 0.1312754970724383, right(srz99311019170)
neg, 0.1284615400382881, right(srz96594926460)
neg, 0.12788281295511936, right(srz965949212831)
neg, 0.13284978350377796, right(srz4423044315)
neg, 0.1312754970724383, right(srz193061145)
neg, 0.14158514118650908, right(srz44248277077)
neg, 0.14158514118650908, right(srz246186714139)
neg, 0.12788281295511936, right(srz193063217)
neg, 0.12788281295511936, right(srz99311011212)
neg, 0.1284615400382881, right(srz99311018621)
neg, 0.1312754970724383, right(srz8029722202)
neg, 0.12788281295511936, right(srz246186716313)
neg, 0.12788281295511936, right(srz99311016750)
neg, 0.1312754970724383, right(srz44230441425)
neg, 0.1312754970724383, right(srz99311013630)
neg, 0.12788281295511936, right(srz274095910529)
neg, 0.12788281295511936, right(srz96566175025)
neg, 0.12788281295511936, right(srz24618672638)
neg, 0.18485684970456687, right(srz44248274942)
neg, 0.17487980387577814, right(srz193067503)
neg, 0.12788281295511936, right(srz44230446829)
neg, 0.1312754970724383, right(srz96566173977)
neg, 0.1312754970724383, right(srz965949212667)
neg, 0.12788281295511936, right(srz993110111869)
neg, 0.1312754970724383, right(srz27409596758)
neg, 0.1312754970724383, right(srz99311012079)
neg, 0.18485684970456687, right(srz8029729759)
neg, 0.12788281295511936, right(srz8029727740)
neg, 0.1872108373518019, right(srz993110110629)
neg, 0.1312754970724383, right(srz8029726529)
neg, 0.20741489118092746, right(srz2740959296)
neg, 0.1312754970724383, right(srz8029729561)
neg, 0.1312754970724383, right(srz99311014152)
neg, 0.12788281295511936, right(srz24618672766)
neg, 0.14158514118650908, right(srz965949210876)
neg, 0.12788281295511936, right(srz8029721376)
neg, 0.1312754970724383, right(srz965949211225)
neg, 0.20741489118092746, right(srz9656617741)
neg, 0.1312754970724383, right(srz274095916590)
neg, 0.12788281295511936, right(srz965949211912)
neg, 0.12788281295511936, right(srz993110110584)
neg, 0.13284978350377796, right(srz96594928711)
neg, 0.20741489118092746, right(srz27409591553)
neg, 0.1312754970724383, right(srz96594924803)
neg, 0.12788281295511936, right(srz80297210545)
neg, 0.1872108373518019, right(srz246186713061)
neg, 0.13284978350377796, right(srz96594928729)
neg, 0.12788281295511936, right(srz44230446993)
neg, 0.12788281295511936, right(srz274095916069)
neg, 0.1284615400382881, right(srz96594921187)
neg, 0.1872108373518019, right(srz44230442430)
neg, 0.12788281295511936, right(srz246186716133)
neg, 0.1312754970724383, right(srz965661712577)
neg, 0.12788281295511936, right(srz965949213339)
neg, 0.1872108373518019, right(srz44248273953)
neg, 0.1312754970724383, right(srz44230441450)
neg, 0.18485684970456687, right(srz8029722021)
neg, 0.12788281295511936, right(srz274095915020)
neg, 0.1312754970724383, right(srz44230441399)
neg, 0.12788281295511936, right(srz27409591355)
neg, 0.12788281295511936, right(srz965661712615)
neg, 0.20741489118092746, right(srz1930610964)
neg, 0.18485684970456687, right(srz96566174574)
neg, 0.1284615400382881, right(srz96594928508)
neg, 0.12788281295511936, right(srz965661715777)
neg, 0.12788281295511936, right(srz274095916138)
neg, 0.18485684970456687, right(srz99311014350)
neg, 0.18485684970456687, right(srz1930610842)
neg, 0.12788281295511936, right(srz99311013135)
neg, 0.1284615400382881, right(srz96566171512)
neg, 0.12788281295511936, right(srz44248278054)
neg, 0.20741489118092746, right(srz193065708)
neg, 0.1312754970724383, right(srz4424827206)
neg, 0.1312754970724383, right(srz1930611286)
neg, 0.20741489118092746, right(srz2461867320)
neg, 0.12788281295511936, right(srz96594929232)
neg, 0.1312754970724383, right(srz193067096)
neg, 0.1312754970724383, right(srz44230444887)
neg, 0.12788281295511936, right(srz27409599106)
neg, 0.1312754970724383, right(srz802972659)
neg, 0.12788281295511936, right(srz44248271680)
neg, 0.1312754970724383, right(srz193065573)
neg, 0.12788281295511936, right(srz193061340)
neg, 0.1312754970724383, right(srz96594928329)
neg, 0.1312754970724383, right(srz27409596752)
neg, 0.12788281295511936, right(srz27409597658)
neg, 0.20741489118092746, right(srz193062282)
neg, 0.12788281295511936, right(srz193066926)
neg, 0.1872108373518019, right(srz8029722081)
neg, 0.12788281295511936, right(srz44248277774)
neg, 0.1312754970724383, right(srz193064231)
neg, 0.12788281295511936, right(srz96566177825)
neg, 0.12788281295511936, right(srz27409591440)
neg, 0.1312754970724383, right(srz8029723011)
neg, 0.1872108373518019, right(srz44248272180)
neg, 0.1312754970724383, right(srz193065423)
neg, 0.1872108373518019, right(srz274095911102)
neg, 0.1312754970724383, right(srz8029726934)
neg, 0.1312754970724383, right(srz44248276208)
neg, 0.12788281295511936, right(srz96566173612)
neg, 0.12788281295511936, right(srz965661710188)
neg, 0.26569465657955116, right(srz96594921095)
neg, 0.18485684970456687, right(srz96566174550)
neg, 0.12788281295511936, right(srz274095916514)
neg, 0.18485684970456687, right(srz8029724822)
neg, 0.20741489118092746, right(srz8029725040)
neg, 0.17487980387577814, right(srz99311011739)
neg, 0.18485684970456687, right(srz965949212256)
neg, 0.1312754970724383, right(srz24618674622)
neg, 0.1312754970724383, right(srz80297210061)
neg, 0.20741489118092746, right(srz965949213453)
neg, 0.12788281295511936, right(srz44230447010)
neg, 0.1312754970724383, right(srz993110110921)
neg, 0.1312754970724383, right(srz8029724743)
neg, 0.1312754970724383, right(srz44230446003)
neg, 0.13284978350377796, right(srz44230443767)
neg, 0.13284978350377796, right(srz8029728901)
neg, 0.12788281295511936, right(srz44248273372)
neg, 0.20741489118092746, right(srz27409591549)
neg, 0.20741489118092746, right(srz44230444671)
neg, 0.12788281295511936, right(srz24618678977)
neg, 0.1312754970724383, right(srz8029728255)
neg, 0.12788281295511936, right(srz27409591629)
neg, 0.1312754970724383, right(srz96594926120)
neg, 0.17487980387577814, right(srz193068292)
neg, 0.2252026121146009, right(srz96594928027)
neg, 0.1312754970724383, right(srz96594924963)
neg, 0.12788281295511936, right(srz246186712045)
neg, 0.1312754970724383, right(srz193067468)
neg, 0.12788281295511936, right(srz9656617452)
neg, 0.12788281295511936, right(srz274095917167)
neg, 0.12788281295511936, right(srz96594929462)
neg, 0.20741489118092746, right(srz965661713215)
neg, 0.1872108373518019, right(srz80297210836)
neg, 0.12788281295511936, right(srz27409593839)
neg, 0.1312754970724383, right(srz96594924303)
neg, 0.12788281295511936, right(srz96594926657)
neg, 0.1312754970724383, right(srz27409598804)
neg, 0.20741489118092746, right(srz965949212570)
neg, 0.12788281295511936, right(srz96566178744)
neg, 0.12788281295511936, right(srz44248275390)
neg, 0.2252026121146009, right(srz44248277490)
neg, 0.12788281295511936, right(srz96594924109)
neg, 0.20741489118092746, right(srz8029721109)
neg, 0.12788281295511936, right(srz965949211737)
neg, 0.1312754970724383, right(srz193063009)
neg, 0.1312754970724383, right(srz24618677005)
neg, 0.13284978350377796, right(srz965949212431)
neg, 0.1312754970724383, right(srz44230445078)
neg, 0.12788281295511936, right(srz99311016613)
neg, 0.1312754970724383, right(srz96566175099)
neg, 0.12788281295511936, right(srz8029727543)
neg, 0.12788281295511936, right(srz99311019470)
neg, 0.17487980387577814, right(srz99311013978)
neg, 0.1312754970724383, right(srz193063100)
neg, 0.12788281295511936, right(srz44248273578)
neg, 0.1872108373518019, right(srz44230447403)
neg, 0.1312754970724383, right(srz246186715337)
neg, 0.1312754970724383, right(srz96594928143)
neg, 0.12788281295511936, right(srz193066174)
neg, 0.1872108373518019, right(srz96566174663)
neg, 0.1312754970724383, right(srz44248274507)
neg, 0.1284615400382881, right(srz965661710386)
neg, 0.12788281295511936, right(srz27409599636)
neg, 0.20741489118092746, right(srz193067165)
neg, 0.12788281295511936, right(srz8029728826)
neg, 0.12788281295511936, right(srz24618677309)
neg, 0.1312754970724383, right(srz9659492184)
neg, 0.20741489118092746, right(srz27409591733)
neg, 0.1312754970724383, right(srz96566171997)
neg, 0.1312754970724383, right(srz96594927226)
neg, 0.1312754970724383, right(srz274095914471)
neg, 0.20741489118092746, right(srz993110110278)
neg, 0.20741489118092746, right(srz19306525)
neg, 0.20741489118092746, right(srz99311017239)
neg, 0.12788281295511936, right(srz9656617563)
neg, 0.1284615400382881, right(srz96566171401)
neg, 0.12788281295511936, right(srz965949212679)
neg, 0.1312754970724383, right(srz96594928201)
neg, 0.1312754970724383, right(srz193062602)
neg, 0.1312754970724383, right(srz24618676997)
neg, 0.1872108373518019, right(srz99311017690)
neg, 0.1312754970724383, right(srz44230446347)
neg, 0.12788281295511936, right(srz8029722122)
neg, 0.12788281295511936, right(srz965949212074)
neg, 0.1312754970724383, right(srz44248275982)
neg, 0.1872108373518019, right(srz96566171063)
neg, 0.13284978350377796, right(srz99311013791)
neg, 0.1312754970724383, right(srz96594927239)
neg, 0.1312754970724383, right(srz24618674387)
neg, 0.20741489118092746, right(srz965661712916)
neg, 0.1872108373518019, right(srz44230445003)
neg, 0.1872108373518019, right(srz80297210842)
neg, 0.12788281295511936, right(srz8029725959)
neg, 0.1312754970724383, right(srz44230444872)
neg, 0.12788281295511936, right(srz27409597396)
neg, 0.1312754970724383, right(srz27409599836)
neg, 0.20741489118092746, right(srz8029723513)
neg, 0.12788281295511936, right(srz96594925456)
neg, 0.12788281295511936, right(srz96566173059)
neg, 0.1312754970724383, right(srz8029722410)
neg, 0.1312754970724383, right(srz274095910763)
neg, 0.1872108373518019, right(srz8029728403)
neg, 0.12788281295511936, right(srz246186712104)
neg, 0.12788281295511936, right(srz96594924078)
neg, 0.1872108373518019, right(srz44230444705)
neg, 0.12788281295511936, right(srz96594922841)
neg, 0.12788281295511936, right(srz27409595148)
neg, 0.12788281295511936, right(srz99311013170)
neg, 0.12788281295511936, right(srz193064896)
neg, 0.1312754970724383, right(srz44230445717)
neg, 0.13284978350377796, right(srz44230446735)
neg, 0.1284615400382881, right(srz80297210162)
neg, 0.12788281295511936, right(srz99311014870)
neg, 0.12788281295511936, right(srz96594922714)
neg, 0.1312754970724383, right(srz44230444443)
neg, 0.1872108373518019, right(srz274095912862)
neg, 0.18485684970456687, right(srz802972188)
neg, 0.1312754970724383, right(srz96594921488)
neg, 0.12788281295511936, right(srz274095915908)
neg, 0.1284615400382881, right(srz96594921236)
neg, 0.1312754970724383, right(srz8029728382)
neg, 0.1312754970724383, right(srz246186712802)
neg, 0.1312754970724383, right(srz8029729615)
neg, 0.1312754970724383, right(srz99311014659)
neg, 0.1872108373518019, right(srz27409594726)
neg, 0.1312754970724383, right(srz96594925040)
neg, 0.12788281295511936, right(srz44248274294)
neg, 0.1312754970724383, right(srz27409598813)
neg, 0.18485684970456687, right(srz8029724841)
neg, 0.1312754970724383, right(srz80297210771)
neg, 0.1312754970724383, right(srz96566172644)
neg, 0.1284615400382881, right(srz96594921248)
neg, 0.1312754970724383, right(srz96566175824)
neg, 0.1872108373518019, right(srz965949210349)
neg, 0.13284978350377796, right(srz8029728895)
neg, 0.1312754970724383, right(srz9656617859)
neg, 0.1872108373518019, right(srz27409596134)
neg, 0.12788281295511936, right(srz965661713976)
neg, 0.12788281295511936, right(srz193069110)
neg, 0.1284615400382881, right(srz24618672425)
neg, 0.12788281295511936, right(srz96594924053)
neg, 0.1312754970724383, right(srz193064155)
neg, 0.1872108373518019, right(srz193061963)
neg, 0.1284615400382881, right(srz96594925280)
neg, 0.1312754970724383, right(srz965661711049)
neg, 0.12788281295511936, right(srz2740959490)
neg, 0.12788281295511936, right(srz8029722703)
neg, 0.1872108373518019, right(srz24618679165)
neg, 0.1312754970724383, right(srz44230445990)
neg, 0.20741489118092746, right(srz27409596955)
neg, 0.12788281295511936, right(srz99311013133)
neg, 0.13284978350377796, right(srz96566173784)
neg, 0.1312754970724383, right(srz274095917288)
neg, 0.20741489118092746, right(srz965661711488)
neg, 0.20741489118092746, right(srz27409594571)
neg, 0.1872108373518019, right(srz8029724112)
neg, 0.20741489118092746, right(srz993110111125)
neg, 0.1312754970724383, right(srz993110111704)
neg, 0.1284615400382881, right(srz96594925317)
neg, 0.20741489118092746, right(srz8029727132)
neg, 0.1284615400382881, right(srz965949213034)
neg, 0.1872108373518019, right(srz96566174077)
neg, 0.12788281295511936, right(srz96566178387)
neg, 0.17487980387577814, right(srz96566176618)
neg, 0.12788281295511936, right(srz246186716373)
neg, 0.1872108373518019, right(srz965949210720)
neg, 0.12788281295511936, right(srz96566173605)
neg, 0.12788281295511936, right(srz44248276236)
neg, 0.1872108373518019, right(srz965661713573)
neg, 0.20741489118092746, right(srz44248274308)
neg, 0.12788281295511936, right(srz193066031)
neg, 0.20741489118092746, right(srz246186713883)
neg, 0.1284615400382881, right(srz80297210225)
neg, 0.1872108373518019, right(srz96594924911)
neg, 0.1872108373518019, right(srz1930611113)
neg, 0.12788281295511936, right(srz27409592696)
neg, 0.1312754970724383, right(srz8029728585)
neg, 0.12788281295511936, right(srz99311014846)
neg, 0.1872108373518019, right(srz193063293)
neg, 0.17487980387577814, right(srz44230443169)
neg, 0.20741489118092746, right(srz2461867344)
neg, 0.12788281295511936, right(srz44230444096)
neg, 0.1312754970724383, right(srz96594924827)
neg, 0.1312754970724383, right(srz1930611422)
neg, 0.12788281295511936, right(srz4423044911)
neg, 0.12788281295511936, right(srz99311017808)
neg, 0.20741489118092746, right(srz44230441233)
neg, 0.1312754970724383, right(srz27409596082)
neg, 0.24939322129195243, right(srz44248276037)
neg, 0.1872108373518019, right(srz24618674727)
neg, 0.12788281295511936, right(srz246186714953)
neg, 0.20741489118092746, right(srz27409594602)
neg, 0.1312754970724383, right(srz8029726750)
neg, 0.1872108373518019, right(srz965661711192)
neg, 0.1312754970724383, right(srz96594922077)
neg, 0.1312754970724383, right(srz274095913246)
neg, 0.1872108373518019, right(srz1930611308)
neg, 0.1872108373518019, right(srz96566172476)
neg, 0.17487980387577814, right(srz8029726500)
neg, 0.1312754970724383, right(srz802972212)
neg, 0.1872108373518019, right(srz99311015471)
neg, 0.12788281295511936, right(srz96566179028)
neg, 0.1312754970724383, right(srz9656617988)
neg, 0.12788281295511936, right(srz274095911358)
neg, 0.12788281295511936, right(srz9656617449)
neg, 0.12788281295511936, right(srz44230445593)
neg, 0.12788281295511936, right(srz96566176244)
neg, 0.20741489118092746, right(srz99311012413)
neg, 0.12788281295511936, right(srz96594927071)
neg, 0.18485684970456687, right(srz193062344)
neg, 0.1312754970724383, right(srz44230445981)
neg, 0.1312754970724383, right(srz965661713489)
neg, 0.1872108373518019, right(srz44230442162)
neg, 0.1312754970724383, right(srz193067609)
neg, 0.1312754970724383, right(srz8029726691)
neg, 0.13284978350377796, right(srz24618677964)
neg, 0.1312754970724383, right(srz99311013991)
neg, 0.12788281295511936, right(srz99311018717)
neg, 0.1872108373518019, right(srz8029728642)
neg, 0.20741489118092746, right(srz965661715507)
neg, 0.1312754970724383, right(srz44230444911)
neg, 0.1312754970724383, right(srz44248271870)
neg, 0.12788281295511936, right(srz44248276799)
neg, 0.20741489118092746, right(srz19306527)
neg, 0.20741489118092746, right(srz99311019126)
neg, 0.18511330982967572, right(srz9931101251)
neg, 0.12788281295511936, right(srz27409595826)
neg, 0.12788281295511936, right(srz96566178906)
neg, 0.20741489118092746, right(srz96566175198)
neg, 0.1312754970724383, right(srz24618676041)
neg, 0.12788281295511936, right(srz96594924015)
neg, 0.1312754970724383, right(srz24618673422)
neg, 0.1872108373518019, right(srz24618678278)
neg, 0.12788281295511936, right(srz27409595094)
neg, 0.12788281295511936, right(srz246186713773)
neg, 0.18485684970456687, right(srz96566178221)
neg, 0.17487980387577814, right(srz993110110356)
neg, 0.12788281295511936, right(srz96566176018)
neg, 0.18485684970456687, right(srz44248276957)
neg, 0.12788281295511936, right(srz44230444138)
neg, 0.12788281295511936, right(srz193069360)
neg, 0.18485684970456687, right(srz965661714411)
neg, 0.12788281295511936, right(srz99311013750)
neg, 0.1312754970724383, right(srz44230443668)
neg, 0.26569465657955116, right(srz193061107)
neg, 0.20741489118092746, right(srz24618673293)
neg, 0.1872108373518019, right(srz993110110744)
neg, 0.14158514118650908, right(srz44248275237)
neg, 0.20741489118092746, right(srz965661712356)
neg, 0.1312754970724383, right(srz27409598084)
neg, 0.1312754970724383, right(srz246186710361)
neg, 0.1312754970724383, right(srz44248277161)
neg, 0.1284615400382881, right(srz27409595711)
neg, 0.12788281295511936, right(srz99311019464)
neg, 0.1312754970724383, right(srz24618678670)
neg, 0.1312754970724383, right(srz24618676026)
neg, 0.12788281295511936, right(srz8029725563)
neg, 0.12788281295511936, right(srz44248276218)
neg, 0.12788281295511936, right(srz44230447101)
neg, 0.1312754970724383, right(srz80297210663)
neg, 0.1284615400382881, right(srz96594925218)
neg, 0.20741489118092746, right(srz993110110101)
neg, 0.1872108373518019, right(srz44248271964)
neg, 0.1312754970724383, right(srz8029729985)
neg, 0.1872108373518019, right(srz246186714591)
neg, 0.12788281295511936, right(srz44248275740)
neg, 0.1312754970724383, right(srz44248275497)
neg, 0.12788281295511936, right(srz24618672260)
neg, 0.1312754970724383, right(srz193067)
neg, 0.1312754970724383, right(srz24618675507)
neg, 0.1312754970724383, right(srz246186714604)
neg, 0.1312754970724383, right(srz96594925026)
neg, 0.12788281295511936, right(srz246186713016)
neg, 0.12788281295511936, right(srz8029722800)
neg, 0.12788281295511936, right(srz8029725646)
neg, 0.1312754970724383, right(srz965661715516)
neg, 0.1284615400382881, right(srz965661714887)
neg, 0.1312754970724383, right(srz99311017943)
neg, 0.2252026121146009, right(srz993110111619)
neg, 0.17487980387577814, right(srz8029729029)
neg, 0.1312754970724383, right(srz193067279)
neg, 0.12788281295511936, right(srz44248272512)
neg, 0.12788281295511936, right(srz96594929346)
neg, 0.1872108373518019, right(srz993110111074)
neg, 0.12788281295511936, right(srz8029721509)
neg, 0.20741489118092746, right(srz44248277115)
neg, 0.12788281295511936, right(srz246186710264)
neg, 0.1284615400382881, right(srz80297210179)
neg, 0.15013817616499373, right(srz24618679097)
neg, 0.1312754970724383, right(srz99311018130)
neg, 0.18485684970456687, right(srz4423044517)
neg, 0.1312754970724383, right(srz44248276269)
neg, 0.1872108373518019, right(srz993110111767)
neg, 0.20741489118092746, right(srz993110110843)
neg, 0.13284978350377796, right(srz44230441741)
neg, 0.1872108373518019, right(srz99311017525)
neg, 0.12788281295511936, right(srz965661712078)
neg, 0.26569465657955116, right(srz193061091)
neg, 0.1872108373518019, right(srz96594923497)
neg, 0.1872108373518019, right(srz193062437)
neg, 0.18511330982967572, right(srz8029721999)
neg, 0.12788281295511936, right(srz44230443976)
neg, 0.1872108373518019, right(srz246186713214)
neg, 0.12788281295511936, right(srz96566172908)
neg, 0.12788281295511936, right(srz9656617602)
neg, 0.1312754970724383, right(srz9656617768)
neg, 0.12788281295511936, right(srz96594925476)
neg, 0.20741489118092746, right(srz993110110321)
neg, 0.12788281295511936, right(srz24618674174)
neg, 0.26978824010658575, right(srz80297210896)
neg, 0.12788281295511936, right(srz27409599186)
neg, 0.1312754970724383, right(srz96566175546)
neg, 0.1872108373518019, right(srz193068491)
neg, 0.12788281295511936, right(srz965661711719)
neg, 0.1312754970724383, right(srz44248274540)
neg, 0.12788281295511936, right(srz27409594061)
neg, 0.12788281295511936, right(srz96594926953)
neg, 0.12788281295511936, right(srz99311011071)
neg, 0.12788281295511936, right(srz99311015039)
neg, 0.12788281295511936, right(srz246186716037)
neg, 0.20741489118092746, right(srz2740959637)
neg, 0.12788281295511936, right(srz44248276986)
neg, 0.1312754970724383, right(srz96566175549)
neg, 0.12788281295511936, right(srz44230441172)
neg, 0.12788281295511936, right(srz27409596389)
neg, 0.1312754970724383, right(srz8029729900)
neg, 0.20741489118092746, right(srz44230443927)
neg, 0.12788281295511936, right(srz24618672947)
neg, 0.12788281295511936, right(srz27409596473)
neg, 0.12788281295511936, right(srz44248272838)
neg, 0.1312754970724383, right(srz96566171229)
neg, 0.12788281295511936, right(srz4423044216)
neg, 0.1312754970724383, right(srz96594923624)
neg, 0.1312754970724383, right(srz96566172536)
neg, 0.1312754970724383, right(srz274095915537)
neg, 0.1872108373518019, right(srz24618676664)
neg, 0.1872108373518019, right(srz99311018863)
neg, 0.12788281295511936, right(srz8029721420)
neg, 0.1312754970724383, right(srz8029725294)
neg, 0.1312754970724383, right(srz27409598821)
neg, 0.1872108373518019, right(srz19306744)
neg, 0.1872108373518019, right(srz8029726366)
neg, 0.17487980387577814, right(srz99311019070)
neg, 0.13284978350377796, right(srz8029724494)
neg, 0.1312754970724383, right(srz193065425)
neg, 0.1872108373518019, right(srz24618679910)
neg, 0.1312754970724383, right(srz246186714527)
neg, 0.1312754970724383, right(srz96566174045)
neg, 0.12788281295511936, right(srz965661712210)
neg, 0.1312754970724383, right(srz44248271896)
neg, 0.12788281295511936, right(srz274095910548)
neg, 0.12788281295511936, right(srz965949210901)
neg, 0.20741489118092746, right(srz96566175672)
neg, 0.20741489118092746, right(srz24618676367)
neg, 0.1872108373518019, right(srz993110111754)
neg, 0.1312754970724383, right(srz44248274906)
neg, 0.1312754970724383, right(srz44248273809)
neg, 0.12788281295511936, right(srz44248272431)
neg, 0.1312754970724383, right(srz96566171268)
neg, 0.1872108373518019, right(srz193065360)
neg, 0.12788281295511936, right(srz274095912440)
neg, 0.1284615400382881, right(srz965949213031)
neg, 0.1312754970724383, right(srz274095916932)
neg, 0.1872108373518019, right(srz246186712640)
neg, 0.1872108373518019, right(srz44230442342)
neg, 0.12788281295511936, right(srz965661713977)
neg, 0.12788281295511936, right(srz193064019)
neg, 0.12788281295511936, right(srz44248277643)
neg, 0.18485684970456687, right(srz99311016138)
neg, 0.12788281295511936, right(srz965949211754)
neg, 0.12788281295511936, right(srz8029726622)
neg, 0.1872108373518019, right(srz246186713074)
neg, 0.20741489118092746, right(srz993110111103)
neg, 0.12788281295511936, right(srz993110111412)
neg, 0.12788281295511936, right(srz99311012715)
neg, 0.1312754970724383, right(srz8029728501)
neg, 0.1312754970724383, right(srz96594922640)
neg, 0.18485684970456687, right(srz193066631)
neg, 0.1312754970724383, right(srz27409595944)
neg, 0.1312754970724383, right(srz24618673599)
neg, 0.1312754970724383, right(srz24618676991)
neg, 0.18485684970456687, right(srz96566174625)
neg, 0.12788281295511936, right(srz246186717047)
neg, 0.1312754970724383, right(srz8029727246)
neg, 0.12788281295511936, right(srz965661711705)
neg, 0.20741489118092746, right(srz44248277461)
neg, 0.1872108373518019, right(srz246186711567)
neg, 0.12788281295511936, right(srz965949210958)
neg, 0.1312754970724383, right(srz44230446013)
neg, 0.1312754970724383, right(srz8029724691)
neg, 0.1312754970724383, right(srz802972897)
neg, 0.1312754970724383, right(srz99311012103)
neg, 0.1312754970724383, right(srz246186715783)
neg, 0.12788281295511936, right(srz274095914710)
neg, 0.13284978350377796, right(srz99311019614)
neg, 0.20741489118092746, right(srz246186714223)
neg, 0.17487980387577814, right(srz193061860)
neg, 0.12788281295511936, right(srz246186713033)
neg, 0.18485684970456687, right(srz193067403)
neg, 0.13284978350377796, right(srz44248274324)
neg, 0.12788281295511936, right(srz99311012264)
neg, 0.12788281295511936, right(srz965661715881)
neg, 0.1312754970724383, right(srz44248276185)
neg, 0.15013817616499373, right(srz99311018875)
neg, 0.1312754970724383, right(srz44230445729)
neg, 0.1872108373518019, right(srz99311018543)
neg, 0.18485684970456687, right(srz96566177551)
neg, 0.1312754970724383, right(srz96594922478)
neg, 0.20741489118092746, right(srz8029723133)
neg, 0.1312754970724383, right(srz193061914)
neg, 0.12788281295511936, right(srz8029722879)
neg, 0.12788281295511936, right(srz965949211121)
neg, 0.1312754970724383, right(srz44230443105)
neg, 0.12788281295511936, right(srz193066215)
neg, 0.12788281295511936, right(srz27409595817)
neg, 0.1312754970724383, right(srz1930610586)
neg, 0.1312754970724383, right(srz9659492396)
neg, 0.14158514118650908, right(srz44248276540)
neg, 0.1284615400382881, right(srz1930610228)
neg, 0.1312754970724383, right(srz44248276511)
neg, 0.1312754970724383, right(srz965661711152)
neg, 0.18485684970456687, right(srz8029729433)
neg, 0.20741489118092746, right(srz193062294)
neg, 0.1312754970724383, right(srz44248274962)
neg, 0.18485684970456687, right(srz965661710162)
neg, 0.12788281295511936, right(srz965949212871)
neg, 0.12788281295511936, right(srz44230445556)
neg, 0.1312754970724383, right(srz8029726274)
neg, 0.20741489118092746, right(srz44248277413)
neg, 0.1312754970724383, right(srz24618677630)
neg, 0.12788281295511936, right(srz96566173553)
neg, 0.12788281295511936, right(srz24618672918)
neg, 0.12788281295511936, right(srz24618672851)
neg, 0.1312754970724383, right(srz96594928098)
neg, 0.12788281295511936, right(srz246186716393)
neg, 0.18485684970456687, right(srz44230443563)
neg, 0.1312754970724383, right(srz44248273775)
neg, 0.12788281295511936, right(srz193061523)
neg, 0.12788281295511936, right(srz27409595240)
neg, 0.12788281295511936, right(srz274095912398)
neg, 0.12788281295511936, right(srz8029727691)
neg, 0.1312754970724383, right(srz965661710940)
neg, 0.12788281295511936, right(srz44248272461)
neg, 0.12788281295511936, right(srz246186713344)
neg, 0.1312754970724383, right(srz99311018147)
neg, 0.1284615400382881, right(srz44230445352)
neg, 0.12788281295511936, right(srz44248273326)
neg, 0.20741489118092746, right(srz27409597956)
neg, 0.1312754970724383, right(srz44230443524)
neg, 0.1312754970724383, right(srz193062201)
neg, 0.20741489118092746, right(srz24618671929)
neg, 0.1312754970724383, right(srz24618679056)
neg, 0.12788281295511936, right(srz8029722913)
neg, 0.12788281295511936, right(srz24618677517)
neg, 0.1312754970724383, right(srz246186714450)
neg, 0.1312754970724383, right(srz24618674421)
neg, 0.20741489118092746, right(srz99311015059)
neg, 0.12788281295511936, right(srz4423044850)
neg, 0.1312754970724383, right(srz8029724014)
neg, 0.12788281295511936, right(srz27409594052)
neg, 0.12788281295511936, right(srz44230445203)
neg, 0.1872108373518019, right(srz24618674904)
neg, 0.1312754970724383, right(srz96566173198)
neg, 0.1284615400382881, right(srz1930610340)
neg, 0.1312754970724383, right(srz8029722547)
neg, 0.12788281295511936, right(srz965661715953)
neg, 0.1872108373518019, right(srz193061918)
neg, 0.12788281295511936, right(srz965661711233)
neg, 0.12788281295511936, right(srz193064934)
neg, 0.20741489118092746, right(srz965949256)
neg, 0.12788281295511936, right(srz965661715785)
neg, 0.18485684970456687, right(srz44230447293)
neg, 0.12788281295511936, right(srz44248278061)
neg, 0.20741489118092746, right(srz80297286)
neg, 0.18485684970456687, right(srz193062925)
neg, 0.12788281295511936, right(srz442304450)
neg, 0.1312754970724383, right(srz27409595586)
neg, 0.1312754970724383, right(srz44248276379)
neg, 0.1312754970724383, right(srz44230444532)
neg, 0.1312754970724383, right(srz274095913468)
neg, 0.13284978350377796, right(srz19306463)
neg, 0.1872108373518019, right(srz8029723547)
neg, 0.12788281295511936, right(srz1930611779)
neg, 0.1312754970724383, right(srz96566178187)
neg, 0.12788281295511936, right(srz9931101169)
neg, 0.1312754970724383, right(srz993110110929)
neg, 0.12788281295511936, right(srz99311011188)
neg, 0.12788281295511936, right(srz246186711682)
neg, 0.20741489118092746, right(srz27409596953)
neg, 0.12788281295511936, right(srz24618675885)
neg, 0.1312754970724383, right(srz27409595951)
neg, 0.20741489118092746, right(srz44248272684)
neg, 0.24939322129195243, right(srz8029728086)
neg, 0.20741489118092746, right(srz24618673339)
neg, 0.1872108373518019, right(srz44230446611)
neg, 0.1312754970724383, right(srz99311012556)
neg, 0.14158514118650908, right(srz193065871)
neg, 0.1284615400382881, right(srz96566171446)
neg, 0.17487980387577814, right(srz44248274064)
neg, 0.12788281295511936, right(srz802972427)
neg, 0.12788281295511936, right(srz99311018788)
neg, 0.12788281295511936, right(srz246186716164)
neg, 0.14158514118650908, right(srz965949210764)
neg, 0.13284978350377796, right(srz8029724444)
neg, 0.1872108373518019, right(srz8029724941)
neg, 0.1872108373518019, right(srz24618676663)
neg, 0.1872108373518019, right(srz44230448214)
neg, 0.1312754970724383, right(srz965661715084)
neg, 0.12788281295511936, right(srz27409599452)
neg, 0.1284615400382881, right(srz44230442644)
neg, 0.17487980387577814, right(srz99311013971)
neg, 0.1872108373518019, right(srz193066606)
neg, 0.26978824010658575, right(srz99311015412)
neg, 0.12788281295511936, right(srz274095916518)
neg, 0.18485684970456687, right(srz44248271212)
neg, 0.1872108373518019, right(srz1930611091)
neg, 0.12788281295511936, right(srz96594929274)
neg, 0.12788281295511936, right(srz44248275736)
neg, 0.1312754970724383, right(srz80297210770)
neg, 0.1872108373518019, right(srz246186711600)
neg, 0.1312754970724383, right(srz44248274998)
neg, 0.14158514118650908, right(srz8029729424)
neg, 0.1284615400382881, right(srz274095912178)
neg, 0.20741489118092746, right(srz19306997)
neg, 0.12788281295511936, right(srz1930611924)
neg, 0.12788281295511936, right(srz44248273472)
neg, 0.20741489118092746, right(srz193062964)
neg, 0.12788281295511936, right(srz96566176014)
neg, 0.12788281295511936, right(srz27409598750)
neg, 0.1312754970724383, right(srz274095910013)
neg, 0.1312754970724383, right(srz44248271287)
neg, 0.1312754970724383, right(srz8029722289)
neg, 0.12788281295511936, right(srz99311016477)
neg, 0.1872108373518019, right(srz96566179922)
neg, 0.12788281295511936, right(srz193066741)
neg, 0.20741489118092746, right(srz24618673276)
neg, 0.1872108373518019, right(srz96566179950)
neg, 0.1312754970724383, right(srz99311019235)
neg, 0.12788281295511936, right(srz8029726082)
neg, 0.12788281295511936, right(srz44230443453)
neg, 0.12788281295511936, right(srz246186776)
neg, 0.12788281295511936, right(srz8029727738)
neg, 0.12788281295511936, right(srz965661710606)
neg, 0.17487980387577814, right(srz99311018518)
neg, 0.12788281295511936, right(srz99311014757)
neg, 0.1312754970724383, right(srz27409594783)
neg, 0.1312754970724383, right(srz96566173291)
neg, 0.1312754970724383, right(srz99311017645)
neg, 0.1312754970724383, right(srz274095915754)
neg, 0.12788281295511936, right(srz9931101851)
neg, 0.12788281295511936, right(srz44248277930)
neg, 0.12788281295511936, right(srz96566171660)
neg, 0.20741489118092746, right(srz193065122)
neg, 0.12788281295511936, right(srz96566173662)
neg, 0.15013817616499373, right(srz8029729942)
neg, 0.1312754970724383, right(srz193064219)
neg, 0.12788281295511936, right(srz246186714369)
neg, 0.1312754970724383, right(srz193066539)
neg, 0.14158514118650908, right(srz44248274922)
neg, 0.1312754970724383, right(srz965949210194)
neg, 0.1284615400382881, right(srz27409595707)
neg, 0.12788281295511936, right(srz246186716082)
neg, 0.20741489118092746, right(srz965661712903)
neg, 0.20741489118092746, right(srz274095912599)
neg, 0.1312754970724383, right(srz24618678881)
neg, 0.1312754970724383, right(srz246186712971)
neg, 0.1312754970724383, right(srz965661715379)
neg, 0.12788281295511936, right(srz96566177865)
neg, 0.1312754970724383, right(srz193064297)
neg, 0.1872108373518019, right(srz8029726828)
neg, 0.12788281295511936, right(srz96594922995)
neg, 0.1312754970724383, right(srz96566175096)
neg, 0.1312754970724383, right(srz246186711187)
neg, 0.1312754970724383, right(srz96594922476)
neg, 0.12788281295511936, right(srz44248277989)
neg, 0.20741489118092746, right(srz27409597903)
neg, 0.1312754970724383, right(srz99311014375)
neg, 0.14158514118650908, right(srz44248276628)
neg, 0.1872108373518019, right(srz193068310)
neg, 0.13284978350377796, right(srz8029728940)
neg, 0.20741489118092746, right(srz80297210525)
neg, 0.12788281295511936, right(srz965949213737)
neg, 0.12788281295511936, right(srz993110111301)
neg, 0.20741489118092746, right(srz44230446325)
neg, 0.1872108373518019, right(srz44230446268)
neg, 0.12788281295511936, right(srz246186711949)
neg, 0.20741489118092746, right(srz193063456)
neg, 0.1312754970724383, right(srz27409599859)
neg, 0.1312754970724383, right(srz1930612123)
neg, 0.13284978350377796, right(srz44230446726)
neg, 0.12788281295511936, right(srz965661714057)
neg, 0.1872108373518019, right(srz96594923493)
neg, 0.20741489118092746, right(srz96566174293)
neg, 0.1312754970724383, right(srz24618678691)
neg, 0.20741489118092746, right(srz965661711485)
neg, 0.1312754970724383, right(srz44248277277)
neg, 0.1312754970724383, right(srz24618673499)
neg, 0.12788281295511936, right(srz24618671977)
neg, 0.20741489118092746, right(srz8029723506)
neg, 0.1872108373518019, right(srz99311015648)
neg, 0.18485684970456687, right(srz193067275)
neg, 0.1312754970724383, right(srz802972660)
neg, 0.20741489118092746, right(srz8029729017)
neg, 0.1312754970724383, right(srz193067191)
neg, 0.18511330982967572, right(srz8029722218)
neg, 0.18485684970456687, right(srz442304476)
neg, 0.1872108373518019, right(srz1930611062)
neg, 0.1312754970724383, right(srz193064188)
neg, 0.12788281295511936, right(srz8029725974)
neg, 0.18485684970456687, right(srz44230448363)
neg, 0.12788281295511936, right(srz96566177914)
neg, 0.20741489118092746, right(srz24618671940)
neg, 0.1312754970724383, right(srz44248275847)
neg, 0.12788281295511936, right(srz8029722639)
neg, 0.12788281295511936, right(srz24618672277)
neg, 0.1312754970724383, right(srz44230447599)
neg, 0.12788281295511936, right(srz27409599534)
neg, 0.12788281295511936, right(srz96566173622)
neg, 0.12788281295511936, right(srz44230444005)
neg, 0.1284615400382881, right(srz27409597177)
neg, 0.12788281295511936, right(srz8029723884)
neg, 0.1284615400382881, right(srz27409597255)
neg, 0.1872108373518019, right(srz96594929921)
neg, 0.1872108373518019, right(srz9931101535)
neg, 0.1284615400382881, right(srz9931101404)
neg, 0.12788281295511936, right(srz24618672660)
neg, 0.1312754970724383, right(srz44248272875)
neg, 0.1872108373518019, right(srz246186713132)
neg, 0.17487980387577814, right(srz44248276453)
neg, 0.12788281295511936, right(srz2740959930)
neg, 0.12788281295511936, right(srz96566177818)
neg, 0.12788281295511936, right(srz44230443756)
neg, 0.20741489118092746, right(srz24618671711)
neg, 0.1312754970724383, right(srz96594922061)
neg, 0.1312754970724383, right(srz965661712956)
neg, 0.1312754970724383, right(srz193063391)
neg, 0.1872108373518019, right(srz193068414)
neg, 0.20741489118092746, right(srz44230441303)
neg, 0.20741489118092746, right(srz24618679590)
neg, 0.1312754970724383, right(srz246186716627)
neg, 0.1312754970724383, right(srz193067134)
neg, 0.1872108373518019, right(srz27409599931)
neg, 0.26569465657955116, right(srz8029721761)
neg, 0.1312754970724383, right(srz193066499)
neg, 0.1872108373518019, right(srz44230445305)
neg, 0.12788281295511936, right(srz44248275463)
neg, 0.18485684970456687, right(srz99311015166)
neg, 0.1312754970724383, right(srz8029724089)
neg, 0.20741489118092746, right(srz965661710129)
neg, 0.12788281295511936, right(srz193062675)
neg, 0.1312754970724383, right(srz4424827306)
neg, 0.12788281295511936, right(srz965949212904)
neg, 0.1872108373518019, right(srz44248274150)
neg, 0.1872108373518019, right(srz96566177378)
neg, 0.12788281295511936, right(srz246186714728)
neg, 0.1312754970724383, right(srz8029728556)
neg, 0.20741489118092746, right(srz2740959389)
neg, 0.1312754970724383, right(srz965661714569)
neg, 0.1872108373518019, right(srz9659492318)
neg, 0.12788281295511936, right(srz193066733)
neg, 0.1872108373518019, right(srz965661711207)
neg, 0.12788281295511936, right(srz27409599629)
neg, 0.1284615400382881, right(srz96594926449)
neg, 0.1312754970724383, right(srz96594928902)
neg, 0.13284978350377796, right(srz96566173731)
neg, 0.1872108373518019, right(srz8029726913)
neg, 0.12788281295511936, right(srz8029721345)
neg, 0.12788281295511936, right(srz99311011187)
neg, 0.1872108373518019, right(srz8029728156)
neg, 0.12788281295511936, right(srz44230444191)
neg, 0.18485684970456687, right(srz99311014317)
neg, 0.12788281295511936, right(srz8029729170)
neg, 0.13284978350377796, right(srz8029724440)
neg, 0.1312754970724383, right(srz44248276158)
neg, 0.13284978350377796, right(srz246186716500)
neg, 0.17487980387577814, right(srz8029727266)
neg, 0.12788281295511936, right(srz8029722833)
neg, 0.1312754970724383, right(srz96566173580)
neg, 0.12788281295511936, right(srz44248277729)
neg, 0.1872108373518019, right(srz44230448130)
neg, 0.12788281295511936, right(srz8029722637)
neg, 0.1312754970724383, right(srz44248276017)
neg, 0.12788281295511936, right(srz965661712177)
neg, 0.1312754970724383, right(srz274095915709)
neg, 0.12788281295511936, right(srz27409591101)
neg, 0.1312754970724383, right(srz44248271518)
neg, 0.12788281295511936, right(srz8029725764)
neg, 0.1872108373518019, right(srz8029723477)
neg, 0.12788281295511936, right(srz44230445514)
neg, 0.1872108373518019, right(srz27409594901)
neg, 0.12788281295511936, right(srz8029722687)
neg, 0.1312754970724383, right(srz99311011890)
neg, 0.12788281295511936, right(srz44248277723)
neg, 0.1312754970724383, right(srz274095916821)
neg, 0.12788281295511936, right(srz44248276248)
neg, 0.12788281295511936, right(srz8029722277)
neg, 0.12788281295511936, right(srz4424827899)
neg, 0.12788281295511936, right(srz2461867661)
neg, 0.1872108373518019, right(srz27409598026)
neg, 0.14158514118650908, right(srz193067936)
neg, 0.12788281295511936, right(srz24618672736)
neg, 0.1312754970724383, right(srz96566177469)
neg, 0.12788281295511936, right(srz274095911751)
neg, 0.12788281295511936, right(srz44230443675)
neg, 0.14158514118650908, right(srz44248275155)
neg, 0.1312754970724383, right(srz9656617509)
neg, 0.20741489118092746, right(srz246186713689)
neg, 0.1312754970724383, right(srz193069804)
neg, 0.12788281295511936, right(srz96594926642)
neg, 0.1872108373518019, right(srz24618674751)
neg, 0.1312754970724383, right(srz96566173967)
neg, 0.12788281295511936, right(srz99311015950)
neg, 0.18511330982967572, right(srz99311019345)
neg, 0.1312754970724383, right(srz27409597002)
neg, 0.1284615400382881, right(srz99311018680)
neg, 0.1312754970724383, right(srz965661713515)
neg, 0.1312754970724383, right(srz99311012303)
neg, 0.13284978350377796, right(srz8029724461)
neg, 0.12788281295511936, right(srz246186711978)
neg, 0.1312754970724383, right(srz8029728520)
neg, 0.1312754970724383, right(srz8029722401)
neg, 0.20741489118092746, right(srz96566174807)
neg, 0.1872108373518019, right(srz274095910359)
neg, 0.12788281295511936, right(srz965661710604)
neg, 0.12788281295511936, right(srz96594929272)
neg, 0.20741489118092746, right(srz8029721904)
neg, 0.1872108373518019, right(srz24618675652)
neg, 0.12788281295511936, right(srz274095913872)
neg, 0.1312754970724383, right(srz193067054)
neg, 0.20741489118092746, right(srz96594929653)
neg, 0.12788281295511936, right(srz274095912506)
neg, 0.12788281295511936, right(srz24618672884)
neg, 0.12788281295511936, right(srz96566178773)
neg, 0.1312754970724383, right(srz99311017149)
neg, 0.1872108373518019, right(srz44230448255)
neg, 0.12788281295511936, right(srz44230441102)
neg, 0.12788281295511936, right(srz193061716)
neg, 0.18485684970456687, right(srz993110112168)
neg, 0.20741489118092746, right(srz8029729384)
neg, 0.1312754970724383, right(srz27409599741)
neg, 0.1312754970724383, right(srz99311013450)
neg, 0.12788281295511936, right(srz1930611816)
neg, 0.12788281295511936, right(srz96594923389)
neg, 0.1312754970724383, right(srz80297210733)
neg, 0.20741489118092746, right(srz8029727882)
neg, 0.12788281295511936, right(srz99311014474)
neg, 0.1312754970724383, right(srz24618678033)
neg, 0.12788281295511936, right(srz1930612179)
neg, 0.1312754970724383, right(srz44230447997)
neg, 0.12788281295511936, right(srz27409597358)
neg, 0.12788281295511936, right(srz96566178826)
neg, 0.1312754970724383, right(srz44230444382)
neg, 0.1284615400382881, right(srz274095912232)
neg, 0.12788281295511936, right(srz24618671081)
neg, 0.1872108373518019, right(srz274095911637)
neg, 0.1312754970724383, right(srz965949212640)
neg, 0.12788281295511936, right(srz27409594111)
neg, 0.1312754970724383, right(srz99311014121)
neg, 0.12788281295511936, right(srz27409595825)
neg, 0.1312754970724383, right(srz96594921486)
neg, 0.1312754970724383, right(srz99311012134)
neg, 0.12788281295511936, right(srz44248275689)
neg, 0.1312754970724383, right(srz193064280)
neg, 0.1284615400382881, right(srz24618679268)
neg, 0.12788281295511936, right(srz96566175967)
neg, 0.1312754970724383, right(srz96566175320)
neg, 0.12788281295511936, right(srz44248272374)
neg, 0.14158514118650908, right(srz193067771)
neg, 0.1312754970724383, right(srz193069851)
neg, 0.1312754970724383, right(srz24618677587)
neg, 0.1312754970724383, right(srz24618676037)
neg, 0.1312754970724383, right(srz96594928316)
neg, 0.12788281295511936, right(srz96594927693)
neg, 0.18485684970456687, right(srz965949213116)
neg, 0.12788281295511936, right(srz96566175970)
neg, 0.12788281295511936, right(srz44248278136)
neg, 0.12788281295511936, right(srz27409599108)
neg, 0.13284978350377796, right(srz4423044394)
neg, 0.17487980387577814, right(srz2461867618)
neg, 0.12788281295511936, right(srz44248272456)
neg, 0.24364176356732303, right(srz8029728434)
neg, 0.12788281295511936, right(srz19306931)
neg, 0.12788281295511936, right(srz8029728353)
neg, 0.1872108373518019, right(srz965661714702)
neg, 0.12788281295511936, right(srz44248274607)
neg, 0.12788281295511936, right(srz96594923998)
neg, 0.20741489118092746, right(srz246186711534)
neg, 0.1312754970724383, right(srz193067441)
neg, 0.1872108373518019, right(srz44248273937)
neg, 0.1284615400382881, right(srz80297210246)
neg, 0.1872108373518019, right(srz193068410)
neg, 0.1312754970724383, right(srz965949211224)
neg, 0.1312754970724383, right(srz193062174)
neg, 0.12788281295511936, right(srz274095915349)
neg, 0.1284615400382881, right(srz1930610242)
neg, 0.12788281295511936, right(srz193067899)
neg, 0.1872108373518019, right(srz44230447802)
neg, 0.12788281295511936, right(srz96566176679)
neg, 0.1312754970724383, right(srz8029725381)
neg, 0.1312754970724383, right(srz96594925990)
neg, 0.1312754970724383, right(srz96566179738)
neg, 0.1312754970724383, right(srz965661712872)
neg, 0.1872108373518019, right(srz8029729639)
neg, 0.1312754970724383, right(srz96594921748)
neg, 0.20741489118092746, right(srz193063800)
neg, 0.1312754970724383, right(srz44248271524)
neg, 0.1312754970724383, right(srz96566174004)
neg, 0.1312754970724383, right(srz246186715860)
neg, 0.1872108373518019, right(srz965661713019)
neg, 0.1872108373518019, right(srz274095911630)
neg, 0.1312754970724383, right(srz274095910014)
neg, 0.18485684970456687, right(srz99311011614)
neg, 0.12788281295511936, right(srz965949211928)
neg, 0.20741489118092746, right(srz193065332)
neg, 0.12788281295511936, right(srz24618676439)
neg, 0.12788281295511936, right(srz96594927146)
neg, 0.1312754970724383, right(srz246186712322)
neg, 0.1312754970724383, right(srz274095911880)
neg, 0.1872108373518019, right(srz44230447865)
neg, 0.12788281295511936, right(srz274095955)
neg, 0.20741489118092746, right(srz965949212587)
neg, 0.1872108373518019, right(srz993110112150)
neg, 0.1312754970724383, right(srz96594928047)
neg, 0.12788281295511936, right(srz193063816)
neg, 0.20741489118092746, right(srz8029727868)
neg, 0.12788281295511936, right(srz96594928603)
neg, 0.12788281295511936, right(srz9659492892)
neg, 0.12788281295511936, right(srz1930610475)
neg, 0.12788281295511936, right(srz27409591204)
neg, 0.1284615400382881, right(srz96566171463)
neg, 0.1312754970724383, right(srz27409596772)
neg, 0.1312754970724383, right(srz44248274516)
neg, 0.1312754970724383, right(srz96566174406)
neg, 0.1312754970724383, right(srz80297210053)
neg, 0.12788281295511936, right(srz274095913911)
neg, 0.12788281295511936, right(srz27409593561)
neg, 0.1312754970724383, right(srz44248277278)
neg, 0.1312754970724383, right(srz44230447555)
neg, 0.1312754970724383, right(srz99311018386)
neg, 0.12788281295511936, right(srz27409594014)
neg, 0.14158514118650908, right(srz965949210858)
neg, 0.1312754970724383, right(srz8029726313)
neg, 0.18485684970456687, right(srz193063301)
neg, 0.1312754970724383, right(srz193062593)
neg, 0.26569465657955116, right(srz96566173863)
neg, 0.1312754970724383, right(srz9656617959)
neg, 0.12788281295511936, right(srz44248272973)
neg, 0.1872108373518019, right(srz44230446173)
neg, 0.12788281295511936, right(srz24618677316)
neg, 0.12788281295511936, right(srz4424827675)
neg, 0.20741489118092746, right(srz246186712176)
neg, 0.1312754970724383, right(srz965661712498)
neg, 0.12788281295511936, right(srz44248274237)
neg, 0.20741489118092746, right(srz24618672048)
neg, 0.12788281295511936, right(srz44248273367)
neg, 0.1312754970724383, right(srz965661715086)
neg, 0.20741489118092746, right(srz1930610783)
neg, 0.1312754970724383, right(srz44248271313)
neg, 0.1312754970724383, right(srz193068531)
neg, 0.20741489118092746, right(srz27409592070)
neg, 0.20741489118092746, right(srz96566175185)
neg, 0.14158514118650908, right(srz44248276693)
neg, 0.1872108373518019, right(srz193063062)
neg, 0.12788281295511936, right(srz2461867452)
neg, 0.14158514118650908, right(srz965949210802)
neg, 0.12788281295511936, right(srz8029722127)
neg, 0.1312754970724383, right(srz8029726394)
neg, 0.1312754970724383, right(srz99311014213)
neg, 0.12788281295511936, right(srz96594929299)
neg, 0.12788281295511936, right(srz965661712601)
neg, 0.1284615400382881, right(srz1930610283)
neg, 0.26569465657955116, right(srz44230448411)
neg, 0.13284978350377796, right(srz193066783)
neg, 0.20741489118092746, right(srz27409593109)
neg, 0.12788281295511936, right(srz44230447131)
neg, 0.1872108373518019, right(srz44248271129)
neg, 0.17487980387577814, right(srz27409593367)
neg, 0.12788281295511936, right(srz44230447159)
neg, 0.12788281295511936, right(srz246186710843)
neg, 0.1312754970724383, right(srz965661712852)
neg, 0.12788281295511936, right(srz96594923780)
neg, 0.1872108373518019, right(srz8029729411)
neg, 0.12788281295511936, right(srz44230441018)
neg, 0.1312754970724383, right(srz246186713359)
neg, 0.1872108373518019, right(srz44230446179)
neg, 0.12788281295511936, right(srz44230442260)
neg, 0.12788281295511936, right(srz4424827796)
neg, 0.12788281295511936, right(srz246186711898)
neg, 0.13284978350377796, right(srz965661714294)
neg, 0.20741489118092746, right(srz274095915570)
neg, 0.1312754970724383, right(srz44248276009)
neg, 0.20741489118092746, right(srz193066374)
neg, 0.1872108373518019, right(srz44248274001)
neg, 0.1312754970724383, right(srz193068504)
neg, 0.1312754970724383, right(srz24618673564)
neg, 0.12788281295511936, right(srz24618678939)
neg, 0.12788281295511936, right(srz965661711708)
neg, 0.18485684970456687, right(srz96566178238)
neg, 0.18485684970456687, right(srz9659492179)
neg, 0.20741489118092746, right(srz99311017079)
neg, 0.1312754970724383, right(srz246186715334)
neg, 0.1312754970724383, right(srz965661715077)
neg, 0.12788281295511936, right(srz96566178755)
neg, 0.1312754970724383, right(srz193068620)
neg, 0.1312754970724383, right(srz96594923625)
neg, 0.1312754970724383, right(srz246186715068)
neg, 0.12788281295511936, right(srz246186711331)
neg, 0.14158514118650908, right(srz193065993)
neg, 0.14158514118650908, right(srz193065898)
neg, 0.12788281295511936, right(srz246186717153)
neg, 0.18485684970456687, right(srz44230442182)
neg, 0.20741489118092746, right(srz9656617726)
neg, 0.12788281295511936, right(srz965661710174)
neg, 0.12788281295511936, right(srz99311011098)
neg, 0.14158514118650908, right(srz8029729451)
neg, 0.12788281295511936, right(srz44230443702)
neg, 0.1312754970724383, right(srz96566171917)
neg, 0.1312754970724383, right(srz8029724066)
neg, 0.12788281295511936, right(srz44230442895)
neg, 0.20741489118092746, right(srz965661713335)
neg, 0.20741489118092746, right(srz99311019765)
neg, 0.12788281295511936, right(srz44248275766)
neg, 0.12788281295511936, right(srz24618679751)
neg, 0.1312754970724383, right(srz96566172542)
neg, 0.1872108373518019, right(srz274095913209)
neg, 0.2252026121146009, right(srz96566179637)
neg, 0.12788281295511936, right(srz1930611694)
neg, 0.14158514118650908, right(srz193067691)
neg, 0.20741489118092746, right(srz44230447514)
neg, 0.12788281295511936, right(srz99311018256)
neg, 0.1312754970724383, right(srz80297210055)
neg, 0.1312754970724383, right(srz44248271866)
neg, 0.12788281295511936, right(srz1930612183)
neg, 0.20741489118092746, right(srz44230447384)
neg, 0.1312754970724383, right(srz96594927961)
neg, 0.1872108373518019, right(srz24618677106)
neg, 0.1312754970724383, right(srz44248275508)
neg, 0.12788281295511936, right(srz99311016599)
neg, 0.12788281295511936, right(srz193061582)
neg, 0.20741489118092746, right(srz246186713897)
neg, 0.12788281295511936, right(srz44230445201)
neg, 0.14158514118650908, right(srz8029723750)
neg, 0.20741489118092746, right(srz193067013)
neg, 0.26569465657955116, right(srz993110111667)
neg, 0.12788281295511936, right(srz965661710664)
neg, 0.20741489118092746, right(srz44230446219)
neg, 0.12788281295511936, right(srz96566174984)
neg, 0.1312754970724383, right(srz993110111039)
neg, 0.12788281295511936, right(srz4424827937)
neg, 0.12788281295511936, right(srz44230443370)
neg, 0.1312754970724383, right(srz193062808)
neg, 0.1312754970724383, right(srz99311012328)
neg, 0.1312754970724383, right(srz965661710669)
neg, 0.1312754970724383, right(srz96594921744)
neg, 0.12788281295511936, right(srz44230447141)
neg, 0.12788281295511936, right(srz965949210947)
neg, 0.1312754970724383, right(srz99311012067)
neg, 0.1312754970724383, right(srz44230446048)
neg, 0.1312754970724383, right(srz99311014259)
neg, 0.14158514118650908, right(srz8029723661)
neg, 0.1872108373518019, right(srz44248273956)
neg, 0.12788281295511936, right(srz96594927132)
neg, 0.1872108373518019, right(srz246186713129)
neg, 0.17487980387577814, right(srz99311015239)
neg, 0.12788281295511936, right(srz965661715764)
neg, 0.12788281295511936, right(srz96594921346)
neg, 0.1312754970724383, right(srz24618674822)
neg, 0.1312754970724383, right(srz1930610612)
neg, 0.12788281295511936, right(srz27409598771)
neg, 0.12788281295511936, right(srz44248276767)
neg, 0.12788281295511936, right(srz965949210940)
neg, 0.18485684970456687, right(srz99311019878)
neg, 0.1312754970724383, right(srz96566175491)
neg, 0.20741489118092746, right(srz27409592231)
neg, 0.18485684970456687, right(srz8029729769)
neg, 0.12788281295511936, right(srz96566177946)
neg, 0.12788281295511936, right(srz993110110569)
neg, 0.1872108373518019, right(srz44248273925)
neg, 0.1312754970724383, right(srz8029722559)
neg, 0.1312754970724383, right(srz8029725233)
neg, 0.12788281295511936, right(srz193066216)
neg, 0.12788281295511936, right(srz27409592818)
neg, 0.1872108373518019, right(srz44248273203)
neg, 0.12788281295511936, right(srz1930610737)
neg, 0.1312754970724383, right(srz246186715575)
neg, 0.12788281295511936, right(srz99311011054)
neg, 0.1312754970724383, right(srz80297210643)
neg, 0.12788281295511936, right(srz96594926671)
neg, 0.1284615400382881, right(srz27409595669)
neg, 0.13284978350377796, right(srz193064967)
neg, 0.1872108373518019, right(srz96594926049)
neg, 0.1312754970724383, right(srz8029729576)
neg, 0.12788281295511936, right(srz246186713854)
neg, 0.1312754970724383, right(srz274095914488)
neg, 0.12788281295511936, right(srz27409592161)
neg, 0.1312754970724383, right(srz24618676043)
neg, 0.12788281295511936, right(srz99311015002)
neg, 0.1312754970724383, right(srz193066541)
neg, 0.1312754970724383, right(srz9656617523)
neg, 0.12788281295511936, right(srz24618672856)
neg, 0.20741489118092746, right(srz27409591560)
neg, 0.12788281295511936, right(srz1930611233)
neg, 0.12788281295511936, right(srz274095997)
neg, 0.1872108373518019, right(srz965661711316)
neg, 0.20741489118092746, right(srz27409594551)
neg, 0.12788281295511936, right(srz24618675892)
neg, 0.12788281295511936, right(srz8029727642)
neg, 0.13284978350377796, right(srz193066844)
neg, 0.12788281295511936, right(srz44230442925)
neg, 0.1312754970724383, right(srz24618676840)
neg, 0.1872108373518019, right(srz99311011550)
neg, 0.12788281295511936, right(srz8029725520)
neg, 0.12788281295511936, right(srz44248274637)
neg, 0.1312754970724383, right(srz193067161)
neg, 0.12788281295511936, right(srz193068017)
neg, 0.12788281295511936, right(srz8029725978)
neg, 0.12788281295511936, right(srz44248271818)
neg, 0.14158514118650908, right(srz96566174140)
neg, 0.1872108373518019, right(srz27409599841)
neg, 0.1872108373518019, right(srz44230442033)
neg, 0.12788281295511936, right(srz27409592426)
neg, 0.20741489118092746, right(srz27409598212)
neg, 0.12788281295511936, right(srz965949211799)
neg, 0.12788281295511936, right(srz44230446373)
neg, 0.1312754970724383, right(srz27409598801)
neg, 0.1312754970724383, right(srz274095913259)
neg, 0.18485684970456687, right(srz9659492972)
neg, 0.1872108373518019, right(srz1930611326)
neg, 0.1312754970724383, right(srz99311019155)
neg, 0.1312754970724383, right(srz96594922036)
neg, 0.1312754970724383, right(srz193066535)
neg, 0.12788281295511936, right(srz965661715821)
neg, 0.17487980387577814, right(srz99311016157)
neg, 0.1312754970724383, right(srz44230447991)
neg, 0.12788281295511936, right(srz44248272443)
neg, 0.12788281295511936, right(srz246186716221)
neg, 0.12788281295511936, right(srz274095912461)
neg, 0.20741489118092746, right(srz1930699)
neg, 0.12788281295511936, right(srz19306343)
neg, 0.12788281295511936, right(srz44230444268)
neg, 0.12788281295511936, right(srz24618677391)
neg, 0.12788281295511936, right(srz246186713757)
neg, 0.1312754970724383, right(srz44230445712)
neg, 0.1312754970724383, right(srz44230444564)
neg, 0.1284615400382881, right(srz44230445404)
neg, 0.12788281295511936, right(srz96566178925)
neg, 0.20741489118092746, right(srz44230443505)
neg, 0.13284978350377796, right(srz99311013884)
neg, 0.12788281295511936, right(srz96566172952)
neg, 0.1312754970724383, right(srz44230446393)
neg, 0.1312754970724383, right(srz965661711077)
neg, 0.12788281295511936, right(srz27409592699)
neg, 0.1312754970724383, right(srz27409598987)
neg, 0.1872108373518019, right(srz44230448219)
neg, 0.12788281295511936, right(srz8029723868)
neg, 0.14158514118650908, right(srz8029727449)
neg, 0.1312754970724383, right(srz993110111618)
neg, 0.12788281295511936, right(srz8029728794)
neg, 0.17487980387577814, right(srz993110110368)
neg, 0.12788281295511936, right(srz96594923918)
neg, 0.12788281295511936, right(srz96594928609)
neg, 0.12788281295511936, right(srz44248276785)
neg, 0.12788281295511936, right(srz8029722600)
neg, 0.20741489118092746, right(srz27409596975)
neg, 0.1312754970724383, right(srz99311017191)
neg, 0.12788281295511936, right(srz246186712040)
neg, 0.1872108373518019, right(srz8029724842)
neg, 0.12788281295511936, right(srz96594923765)
neg, 0.13284978350377796, right(srz44230441744)
neg, 0.20741489118092746, right(srz8029726180)
neg, 0.1312754970724383, right(srz8029721181)
neg, 0.12788281295511936, right(srz96594922772)
neg, 0.20741489118092746, right(srz96566175582)
neg, 0.20741489118092746, right(srz99311013372)
neg, 0.20741489118092746, right(srz27409593604)
neg, 0.12788281295511936, right(srz27409595917)
neg, 0.1872108373518019, right(srz96566175704)
neg, 0.12788281295511936, right(srz96594927064)
neg, 0.1312754970724383, right(srz96566177093)
neg, 0.1312754970724383, right(srz193067101)
neg, 0.12788281295511936, right(srz9656617428)
neg, 0.1312754970724383, right(srz99311015550)
neg, 0.1872108373518019, right(srz965949214153)
neg, 0.12788281295511936, right(srz8029721522)
neg, 0.2252026121146009, right(srz80297210801)
neg, 0.12788281295511936, right(srz8029721448)
neg, 0.1312754970724383, right(srz274095910782)
neg, 0.12788281295511936, right(srz44230445156)
neg, 0.18485684970456687, right(srz9931101449)
neg, 0.12788281295511936, right(srz274095915988)
neg, 0.12788281295511936, right(srz24618672792)
neg, 0.12788281295511936, right(srz44248275428)
neg, 0.12788281295511936, right(srz24618671397)
neg, 0.13284978350377796, right(srz965661714400)
neg, 0.1312754970724383, right(srz8029726668)
neg, 0.17487980387577814, right(srz96566176616)
neg, 0.20741489118092746, right(srz965661712904)
neg, 0.20741489118092746, right(srz8029722338)
neg, 0.2252026121146009, right(srz96594928190)
neg, 0.1312754970724383, right(srz99311014677)
neg, 0.20741489118092746, right(srz27409592237)
neg, 0.1284615400382881, right(srz44230441865)
neg, 0.20741489118092746, right(srz44230446322)
neg, 0.12788281295511936, right(srz965949212073)
neg, 0.14158514118650908, right(srz193065972)
neg, 0.12788281295511936, right(srz4424827812)
neg, 0.12788281295511936, right(srz965661715324)
neg, 0.12788281295511936, right(srz274095914862)
neg, 0.14158514118650908, right(srz965949213535)
neg, 0.18485684970456687, right(srz993110111783)
neg, 0.20741489118092746, right(srz27409591542)
neg, 0.12788281295511936, right(srz802972995)
neg, 0.12788281295511936, right(srz24618671948)
neg, 0.1312754970724383, right(srz965661711358)
neg, 0.12788281295511936, right(srz965661711666)
neg, 0.1872108373518019, right(srz99311015899)
neg, 0.1872108373518019, right(srz274095911120)
neg, 0.1284615400382881, right(srz193068952)
neg, 0.1312754970724383, right(srz96566179769)
neg, 0.1312754970724383, right(srz193066258)
neg, 0.12788281295511936, right(srz9931101852)
neg, 0.20741489118092746, right(srz993110111126)
neg, 0.1312754970724383, right(srz99311014518)
neg, 0.1312754970724383, right(srz8029724030)
neg, 0.20741489118092746, right(srz965949213017)
neg, 0.20741489118092746, right(srz27409594544)
neg, 0.12788281295511936, right(srz9659492470)
neg, 0.1312754970724383, right(srz99311019146)
neg, 0.1312754970724383, right(srz246186714495)
neg, 0.20741489118092746, right(srz99311013361)
neg, 0.12788281295511936, right(srz193061708)
neg, 0.17487980387577814, right(srz19306249)
neg, 0.12788281295511936, right(srz965949211862)
neg, 0.1312754970724383, right(srz193068741)
neg, 0.12788281295511936, right(srz44230441176)
neg, 0.20741489118092746, right(srz96566175566)
neg, 0.1284615400382881, right(srz965661710385)
neg, 0.13284978350377796, right(srz8029728939)
neg, 0.1284615400382881, right(srz246186710551)
neg, 0.24939322129195243, right(srz193062352)
neg, 0.1312754970724383, right(srz44248275900)
neg, 0.17487980387577814, right(srz8029724117)
neg, 0.12788281295511936, right(srz44230447030)
neg, 0.12788281295511936, right(srz274095915328)
neg, 0.1312754970724383, right(srz27409595464)
neg, 0.12788281295511936, right(srz44230444263)
neg, 0.12788281295511936, right(srz8029721674)
neg, 0.1312754970724383, right(srz44230445206)
neg, 0.12788281295511936, right(srz96566174728)
neg, 0.1872108373518019, right(srz965661714685)
neg, 0.12788281295511936, right(srz965661715934)
neg, 0.1312754970724383, right(srz8029721836)
neg, 0.1312754970724383, right(srz44248275972)
neg, 0.20741489118092746, right(srz274095911540)
neg, 0.13284978350377796, right(srz44230443820)
neg, 0.12788281295511936, right(srz9931101638)
neg, 0.1872108373518019, right(srz27409598673)
neg, 0.17487980387577814, right(srz193069587)
neg, 0.13284978350377796, right(srz8029724432)
neg, 0.13284978350377796, right(srz8029729209)
neg, 0.1312754970724383, right(srz44248272983)
neg, 0.12788281295511936, right(srz246186711803)
neg, 0.1872108373518019, right(srz4423044112)
neg, 0.18485684970456687, right(srz44230448117)
neg, 0.20741489118092746, right(srz44230446278)
neg, 0.12788281295511936, right(srz1930610638)
neg, 0.12788281295511936, right(srz27409592730)
neg, 0.12788281295511936, right(srz965949210970)
neg, 0.1284615400382881, right(srz246186710600)
neg, 0.18485684970456687, right(srz9931101278)
neg, 0.12788281295511936, right(srz24618677318)
neg, 0.12788281295511936, right(srz193066702)
neg, 0.1312754970724383, right(srz44248272786)
neg, 0.14158514118650908, right(srz96566174543)
neg, 0.12788281295511936, right(srz965661716019)
neg, 0.1312754970724383, right(srz274095916597)
neg, 0.12788281295511936, right(srz193064541)
neg, 0.1312754970724383, right(srz96594927913)
neg, 0.1312754970724383, right(srz44248275540)
neg, 0.1312754970724383, right(srz96594927910)
neg, 0.12788281295511936, right(srz27409591219)
neg, 0.1312754970724383, right(srz99311017190)
neg, 0.1872108373518019, right(srz965661713068)
neg, 0.12788281295511936, right(srz44248274642)
neg, 0.1312754970724383, right(srz274095915758)
neg, 0.18485684970456687, right(srz8029724980)
neg, 0.12788281295511936, right(srz24618676247)
neg, 0.13284978350377796, right(srz8029724434)
neg, 0.12788281295511936, right(srz193066200)
neg, 0.1284615400382881, right(srz27409595664)
neg, 0.1312754970724383, right(srz8029723031)
neg, 0.12788281295511936, right(srz246186713226)
neg, 0.1312754970724383, right(srz44230447613)
neg, 0.12788281295511936, right(srz965661711629)
neg, 0.12788281295511936, right(srz9931101928)
neg, 0.1312754970724383, right(srz8029726340)
neg, 0.13284978350377796, right(srz44230446619)
neg, 0.12788281295511936, right(srz8029723289)
neg, 0.14158514118650908, right(srz965949210814)
neg, 0.1312754970724383, right(srz24618674588)
neg, 0.12788281295511936, right(srz96566171648)
neg, 0.12788281295511936, right(srz993110111172)
neg, 0.1312754970724383, right(srz965661714657)
neg, 0.12788281295511936, right(srz193068601)
neg, 0.12788281295511936, right(srz96566173011)
neg, 0.1312754970724383, right(srz44230443059)
neg, 0.18485684970456687, right(srz80297210567)
neg, 0.1312754970724383, right(srz44230443334)
neg, 0.12788281295511936, right(srz27409599077)
neg, 0.1284615400382881, right(srz96594926459)
neg, 0.1312754970724383, right(srz44230448074)
neg, 0.1312754970724383, right(srz193064217)
neg, 0.12788281295511936, right(srz96566176216)
neg, 0.1312754970724383, right(srz96594924252)
neg, 0.20741489118092746, right(srz246186715474)
neg, 0.1872108373518019, right(srz24618676950)
neg, 0.1312754970724383, right(srz1930610625)
neg, 0.1312754970724383, right(srz27409596069)
neg, 0.12788281295511936, right(srz193063182)
neg, 0.12788281295511936, right(srz27409597329)
neg, 0.12788281295511936, right(srz965661711230)
neg, 0.18485684970456687, right(srz246186711160)
neg, 0.14158514118650908, right(srz44248276656)
neg, 0.1312754970724383, right(srz96594926134)
neg, 0.1872108373518019, right(srz44230446128)
neg, 0.12788281295511936, right(srz96594923381)
neg, 0.1284615400382881, right(srz246186710634)
neg, 0.12788281295511936, right(srz2461867548)
neg, 0.1312754970724383, right(srz1930611418)
neg, 0.26569465657955116, right(srz44248278283)
neg, 0.20741489118092746, right(srz246186713891)
neg, 0.1872108373518019, right(srz44230446180)
neg, 0.1312754970724383, right(srz24618678095)
neg, 0.12788281295511936, right(srz193061453)
neg, 0.12788281295511936, right(srz246186711727)
neg, 0.12788281295511936, right(srz24618673805)
neg, 0.12788281295511936, right(srz8029725997)
neg, 0.1312754970724383, right(srz99311017730)
neg, 0.12788281295511936, right(srz9656617403)
neg, 0.12788281295511936, right(srz96566177881)
neg, 0.12788281295511936, right(srz965661710714)
neg, 0.12788281295511936, right(srz246186710773)
neg, 0.20741489118092746, right(srz246186712177)
neg, 0.24364176356732303, right(srz99311015430)
neg, 0.13284978350377796, right(srz99311013803)
neg, 0.18485684970456687, right(srz9659492413)
neg, 0.18485684970456687, right(srz44230448354)
neg, 0.12788281295511936, right(srz8029721417)
neg, 0.12788281295511936, right(srz96566178912)
neg, 0.1312754970724383, right(srz246186710188)
neg, 0.18485684970456687, right(srz993110111780)
neg, 0.12788281295511936, right(srz193062143)
neg, 0.1312754970724383, right(srz44248271684)
neg, 0.12788281295511936, right(srz96594927676)
neg, 0.1872108373518019, right(srz44230445307)
neg, 0.12788281295511936, right(srz274095913789)
neg, 0.1312754970724383, right(srz246186710001)
neg, 0.1312754970724383, right(srz193062877)
neg, 0.12788281295511936, right(srz8029722877)
neg, 0.12788281295511936, right(srz2740959256)
neg, 0.18485684970456687, right(srz96594929766)
neg, 0.1312754970724383, right(srz246186713994)
neg, 0.1312754970724383, right(srz27409596090)
neg, 0.12788281295511936, right(srz27409591464)
neg, 0.12788281295511936, right(srz96566177836)
neg, 0.12788281295511936, right(srz965949210967)
neg, 0.12788281295511936, right(srz965949213783)
neg, 0.1312754970724383, right(srz44230447661)
neg, 0.1312754970724383, right(srz193066271)
neg, 0.1312754970724383, right(srz44230442961)
neg, 0.1312754970724383, right(srz44230445987)
neg, 0.20741489118092746, right(srz8029725988)
neg, 0.1312754970724383, right(srz246186710423)
neg, 0.12788281295511936, right(srz44248275690)
neg, 0.1312754970724383, right(srz8029726299)
neg, 0.14158514118650908, right(srz44248275198)
neg, 0.1312754970724383, right(srz246186711277)
neg, 0.20741489118092746, right(srz24618678502)
neg, 0.1312754970724383, right(srz246186715876)
neg, 0.12788281295511936, right(srz274095910024)
neg, 0.1312754970724383, right(srz802972695)
neg, 0.12788281295511936, right(srz44248277963)
neg, 0.1872108373518019, right(srz44248276961)
neg, 0.1312754970724383, right(srz24618677586)
neg, 0.12788281295511936, right(srz44230446969)
neg, 0.12788281295511936, right(srz44248275749)
neg, 0.1872108373518019, right(srz96594929672)
neg, 0.1312754970724383, right(srz802972197)
neg, 0.26569465657955116, right(srz8029721216)
neg, 0.1312754970724383, right(srz27409596640)
neg, 0.24364176356732303, right(srz193068792)
neg, 0.1872108373518019, right(srz24618673756)
neg, 0.12788281295511936, right(srz8029727037)
neg, 0.1312754970724383, right(srz27409594847)
neg, 0.1312754970724383, right(srz274095912754)
neg, 0.12788281295511936, right(srz274095916516)
neg, 0.12788281295511936, right(srz2461867515)
neg, 0.12788281295511936, right(srz27409596475)
neg, 0.1312754970724383, right(srz24618676558)
neg, 0.12788281295511936, right(srz44248271774)
neg, 0.1312754970724383, right(srz9659492129)
neg, 0.18485684970456687, right(srz965949213295)
neg, 0.1284615400382881, right(srz27409595733)
neg, 0.1284615400382881, right(srz193068698)
neg, 0.12788281295511936, right(srz96594924061)
neg, 0.20741489118092746, right(srz965949213019)
neg, 0.1312754970724383, right(srz99311012519)
neg, 0.20741489118092746, right(srz24618675399)
neg, 0.12788281295511936, right(srz9931101721)
neg, 0.20741489118092746, right(srz274095910871)
neg, 0.12788281295511936, right(srz24618671611)
neg, 0.1312754970724383, right(srz27409596037)
neg, 0.12788281295511936, right(srz965661715935)
neg, 0.18511330982967572, right(srz965661714593)
neg, 0.1312754970724383, right(srz8029725862)
neg, 0.20741489118092746, right(srz965661716078)
neg, 0.13284978350377796, right(srz19306392)
neg, 0.1284615400382881, right(srz965661710478)
neg, 0.1312754970724383, right(srz27409596768)
neg, 0.12788281295511936, right(srz99311018908)
neg, 0.1284615400382881, right(srz44230445434)
neg, 0.12788281295511936, right(srz99311014454)
neg, 0.12788281295511936, right(srz9656617409)
neg, 0.1312754970724383, right(srz8029725214)
neg, 0.14158514118650908, right(srz8029727489)
neg, 0.12788281295511936, right(srz4424827673)
neg, 0.1872108373518019, right(srz8029728733)
neg, 0.12788281295511936, right(srz274095915981)
neg, 0.1312754970724383, right(srz965661711373)
neg, 0.1872108373518019, right(srz99311014564)
neg, 0.12788281295511936, right(srz193063165)
neg, 0.20741489118092746, right(srz27409593103)
neg, 0.20741489118092746, right(srz274095915423)
neg, 0.1312754970724383, right(srz96594924943)
neg, 0.1312754970724383, right(srz246186712935)
neg, 0.12788281295511936, right(srz8029722871)
neg, 0.1312754970724383, right(srz96566171034)
neg, 0.20741489118092746, right(srz1930610791)
neg, 0.1312754970724383, right(srz99311017177)
neg, 0.1312754970724383, right(srz44248273782)
neg, 0.12788281295511936, right(srz193063218)
neg, 0.1872108373518019, right(srz27409599817)
neg, 0.12788281295511936, right(srz96594926201)
neg, 0.12788281295511936, right(srz246186712091)
neg, 0.1312754970724383, right(srz246186715663)
neg, 0.1312754970724383, right(srz8029722404)
neg, 0.12788281295511936, right(srz274095911239)
neg, 0.20741489118092746, right(srz44230441994)
neg, 0.20741489118092746, right(srz8029724161)
neg, 0.12788281295511936, right(srz802972404)
neg, 0.1872108373518019, right(srz8029723216)
neg, 0.13284978350377796, right(srz4424827481)
neg, 0.12788281295511936, right(srz8029724348)
neg, 0.12788281295511936, right(srz246186712486)
neg, 0.12788281295511936, right(srz246186715989)
neg, 0.12788281295511936, right(srz246186714803)
neg, 0.12788281295511936, right(srz246186713837)
neg, 0.1312754970724383, right(srz193066575)
neg, 0.12788281295511936, right(srz993110111230)
neg, 0.12788281295511936, right(srz99311015535)
neg, 0.17487980387577814, right(srz193068289)
neg, 0.17487980387577814, right(srz246186715550)
neg, 0.20741489118092746, right(srz246186715466)
neg, 0.12788281295511936, right(srz2740959263)
neg, 0.18485684970456687, right(srz44230443566)
neg, 0.1312754970724383, right(srz96594926407)
neg, 0.18485684970456687, right(srz8029727183)
neg, 0.12788281295511936, right(srz9931101926)
neg, 0.1312754970724383, right(srz99311014419)
neg, 0.1312754970724383, right(srz8029721284)
neg, 0.20741489118092746, right(srz27409592226)
neg, 0.1312754970724383, right(srz44230444750)
neg, 0.20741489118092746, right(srz965661714545)
neg, 0.1872108373518019, right(srz96594926191)
neg, 0.20741489118092746, right(srz44230448156)
neg, 0.20741489118092746, right(srz99311012393)
neg, 0.12788281295511936, right(srz965661715865)
neg, 0.12788281295511936, right(srz44248278082)
neg, 0.13284978350377796, right(srz44230446669)
neg, 0.12788281295511936, right(srz8029728209)
neg, 0.1284615400382881, right(srz1930610313)
neg, 0.20741489118092746, right(srz1930611330)
neg, 0.12788281295511936, right(srz96594927573)
neg, 0.1312754970724383, right(srz44248275955)
neg, 0.1312754970724383, right(srz24618676611)
neg, 0.12788281295511936, right(srz8029728776)
neg, 0.20741489118092746, right(srz99311018313)
neg, 0.1312754970724383, right(srz96566179572)
neg, 0.12788281295511936, right(srz44248273477)
neg, 0.1312754970724383, right(srz99311013987)
neg, 0.1312754970724383, right(srz27409594461)
neg, 0.18485684970456687, right(srz8029729761)
neg, 0.1872108373518019, right(srz99311014500)
neg, 0.1312754970724383, right(srz9659492162)
neg, 0.1872108373518019, right(srz8029726911)
neg, 0.1312754970724383, right(srz44230441430)
neg, 0.12788281295511936, right(srz4423044253)
neg, 0.12788281295511936, right(srz99311018288)
neg, 0.12788281295511936, right(srz246186711832)
neg, 0.1312754970724383, right(srz274095915525)
neg, 0.1872108373518019, right(srz246186713124)
neg, 0.1312754970724383, right(srz99311014529)
neg, 0.12788281295511936, right(srz274095914954)
neg, 0.12788281295511936, right(srz96566177888)
neg, 0.26569465657955116, right(srz44230442092)
neg, 0.20741489118092746, right(srz24618671588)
neg, 0.18485684970456687, right(srz44230447424)
neg, 0.1312754970724383, right(srz44248275509)
neg, 0.12788281295511936, right(srz274095914705)
neg, 0.12788281295511936, right(srz1930647)
neg, 0.14158514118650908, right(srz193067734)
neg, 0.1312754970724383, right(srz802972552)
neg, 0.1312754970724383, right(srz96594924664)
neg, 0.12788281295511936, right(srz965661713965)
neg, 0.14158514118650908, right(srz965949210788)
neg, 0.1312754970724383, right(srz965661715067)
neg, 0.12788281295511936, right(srz24618678981)
neg, 0.1872108373518019, right(srz24618673718)
neg, 0.1312754970724383, right(srz274095916606)
neg, 0.1312754970724383, right(srz8029726310)
neg, 0.1312754970724383, right(srz8029727898)
neg, 0.20741489118092746, right(srz193068267)
neg, 0.14158514118650908, right(srz8029723642)
neg, 0.12788281295511936, right(srz8029722665)
neg, 0.1872108373518019, right(srz99311014222)
neg, 0.1312754970724383, right(srz96594927297)
neg, 0.13284978350377796, right(srz193068671)
neg, 0.12788281295511936, right(srz965661711825)
neg, 0.1312754970724383, right(srz193068747)
neg, 0.1312754970724383, right(srz246186712653)
neg, 0.12788281295511936, right(srz27409598766)
neg, 0.1872108373518019, right(srz246186710491)
neg, 0.1872108373518019, right(srz193069759)
neg, 0.1872108373518019, right(srz99311011519)
neg, 0.12788281295511936, right(srz1930611958)
neg, 0.1312754970724383, right(srz246186710112)
neg, 0.1872108373518019, right(srz965661710342)
neg, 0.2252026121146009, right(srz99311012769)
neg, 0.1312754970724383, right(srz44248272119)
neg, 0.14158514118650908, right(srz8029727450)
neg, 0.12788281295511936, right(srz44248273435)
neg, 0.12788281295511936, right(srz274095911703)
neg, 0.1284615400382881, right(srz9656617175)
neg, 0.12788281295511936, right(srz8029721644)
neg, 0.20741489118092746, right(srz965661713333)
neg, 0.1312754970724383, right(srz8029726578)
neg, 0.1312754970724383, right(srz8029721861)
neg, 0.20741489118092746, right(srz24618673088)
neg, 0.1312754970724383, right(srz8029723983)
neg, 0.12788281295511936, right(srz8029725572)
neg, 0.1284615400382881, right(srz24618675818)
neg, 0.18485684970456687, right(srz99311019678)
neg, 0.12788281295511936, right(srz96566172880)
neg, 0.12788281295511936, right(srz99311016686)
neg, 0.20741489118092746, right(srz2461867606)
neg, 0.1312754970724383, right(srz96566175714)
neg, 0.20741489118092746, right(srz44230447913)
neg, 0.13284978350377796, right(srz24618672392)
neg, 0.12788281295511936, right(srz274095916190)
neg, 0.12788281295511936, right(srz96594923911)
neg, 0.1872108373518019, right(srz274095911172)
neg, 0.20741489118092746, right(srz44248276245)
neg, 0.12788281295511936, right(srz24618671451)
neg, 0.18485684970456687, right(srz44230442185)
neg, 0.12788281295511936, right(srz96594921431)
neg, 0.12788281295511936, right(srz193066759)
neg, 0.1312754970724383, right(srz44248272193)
neg, 0.1312754970724383, right(srz44230443375)
neg, 0.1312754970724383, right(srz44248273146)
neg, 0.13284978350377796, right(srz8029728964)
neg, 0.1312754970724383, right(srz96566174025)
neg, 0.12788281295511936, right(srz99311019497)
neg, 0.18485684970456687, right(srz96566173423)
neg, 0.1312754970724383, right(srz8029728577)
neg, 0.12788281295511936, right(srz246186711725)
neg, 0.1872108373518019, right(srz44248271092)
neg, 0.1872108373518019, right(srz8029721056)
neg, 0.12788281295511936, right(srz8029725728)
neg, 0.1312754970724383, right(srz96566177516)
neg, 0.18485684970456687, right(srz80297210454)
neg, 0.17487980387577814, right(srz193067497)
neg, 0.1312754970724383, right(srz96594927484)
neg, 0.1312754970724383, right(srz27409596898)
neg, 0.12788281295511936, right(srz24618671400)
neg, 0.1312754970724383, right(srz96594926130)
neg, 0.12788281295511936, right(srz2740959618)
neg, 0.20741489118092746, right(srz8029729794)
neg, 0.12788281295511936, right(srz24618671222)
neg, 0.1312754970724383, right(srz8029723104)
neg, 0.12788281295511936, right(srz8029721478)
neg, 0.1312754970724383, right(srz99311011861)
neg, 0.12788281295511936, right(srz44230444514)
neg, 0.1312754970724383, right(srz44248277926)
neg, 0.12788281295511936, right(srz24618672673)
neg, 0.20741489118092746, right(srz44230441992)
neg, 0.1872108373518019, right(srz965949211096)
neg, 0.1312754970724383, right(srz24618677607)
neg, 0.1872108373518019, right(srz96566178654)
neg, 0.14158514118650908, right(srz8029723662)
neg, 0.18511330982967572, right(srz8029722002)
neg, 0.13284978350377796, right(srz8029724481)
neg, 0.12788281295511936, right(srz44248273480)
neg, 0.1312754970724383, right(srz27409596860)
neg, 0.1284615400382881, right(srz96566178136)
neg, 0.13284978350377796, right(srz27409592940)
neg, 0.1312754970724383, right(srz246186713991)
neg, 0.12788281295511936, right(srz96594929344)
neg, 0.12788281295511936, right(srz24618679447)
neg, 0.12788281295511936, right(srz965661710734)
neg, 0.1312754970724383, right(srz44230444855)
neg, 0.14158514118650908, right(srz8029721718)
neg, 0.1312754970724383, right(srz96566174015)
neg, 0.20741489118092746, right(srz965661710140)
neg, 0.1312754970724383, right(srz44248273077)
neg, 0.1284615400382881, right(srz96594925294)
neg, 0.18511330982967572, right(srz965949211177)
neg, 0.1312754970724383, right(srz965949211314)
neg, 0.12788281295511936, right(srz246186713855)
neg, 0.12788281295511936, right(srz44248277830)
neg, 0.26978824010658575, right(srz193069894)
neg, 0.12788281295511936, right(srz96566176071)
neg, 0.12788281295511936, right(srz44248273410)
neg, 0.1872108373518019, right(srz8029721973)
neg, 0.1312754970724383, right(srz96566179364)
neg, 0.12788281295511936, right(srz246186712105)
neg, 0.12788281295511936, right(srz8029721537)
neg, 0.1872108373518019, right(srz96566172218)
neg, 0.12788281295511936, right(srz965949211995)
neg, 0.1312754970724383, right(srz8029726663)
neg, 0.12788281295511936, right(srz8029722814)
neg, 0.1872108373518019, right(srz1930611448)
neg, 0.12788281295511936, right(srz24618679456)
neg, 0.12788281295511936, right(srz8029723852)
neg, 0.12788281295511936, right(srz4423044445)
neg, 0.12788281295511936, right(srz4423044878)
neg, 0.20741489118092746, right(srz27409594299)
neg, 0.12788281295511936, right(srz246186711818)
neg, 0.1312754970724383, right(srz99311014014)
neg, 0.12788281295511936, right(srz99311014902)
neg, 0.20741489118092746, right(srz193067538)
neg, 0.1284615400382881, right(srz96594926590)
neg, 0.1872108373518019, right(srz274095911111)
neg, 0.1312754970724383, right(srz274095911038)
neg, 0.12788281295511936, right(srz19306352)
neg, 0.20741489118092746, right(srz8029723514)
neg, 0.1312754970724383, right(srz193068125)
neg, 0.1872108373518019, right(srz96566178658)
neg, 0.18485684970456687, right(srz993110110994)
neg, 0.1312754970724383, right(srz193062829)
neg, 0.1312754970724383, right(srz246186711189)
neg, 0.1312754970724383, right(srz24618676926)
neg, 0.14158514118650908, right(srz8029723630)
neg, 0.20741489118092746, right(srz8029728026)
neg, 0.12788281295511936, right(srz24618671805)
neg, 0.12788281295511936, right(srz993110111184)
neg, 0.1312754970724383, right(srz44230447826)
neg, 0.12788281295511936, right(srz8029726628)
neg, 0.12788281295511936, right(srz8029723906)
neg, 0.12788281295511936, right(srz1930611721)
neg, 0.1872108373518019, right(srz274095911676)
neg, 0.20741489118092746, right(srz96566178479)
neg, 0.20741489118092746, right(srz193068729)
neg, 0.12788281295511936, right(srz274095911289)
neg, 0.12788281295511936, right(srz96566179116)
neg, 0.12788281295511936, right(srz274095911341)
neg, 0.12788281295511936, right(srz96594922777)
neg, 0.12788281295511936, right(srz99311014764)
neg, 0.1872108373518019, right(srz193063854)
neg, 0.12788281295511936, right(srz246186716343)
neg, 0.12788281295511936, right(srz24618672950)
neg, 0.1312754970724383, right(srz246186712812)
neg, 0.12788281295511936, right(srz27409591350)
neg, 0.1872108373518019, right(srz96594929697)
neg, 0.20741489118092746, right(srz1930612260)
neg, 0.1312754970724383, right(srz8029721173)
neg, 0.1312754970724383, right(srz193064199)
neg, 0.20741489118092746, right(srz274095910877)
neg, 0.17487980387577814, right(srz193063436)
neg, 0.1312754970724383, right(srz24618677039)
neg, 0.1312754970724383, right(srz193064220)
neg, 0.1312754970724383, right(srz246186716625)
neg, 0.1312754970724383, right(srz96594925842)
neg, 0.12788281295511936, right(srz965661710655)
neg, 0.12788281295511936, right(srz2461867636)
neg, 0.12788281295511936, right(srz99311016619)
neg, 0.1312754970724383, right(srz193062205)
neg, 0.12788281295511936, right(srz44248271825)
neg, 0.12788281295511936, right(srz96566172805)
neg, 0.24364176356732303, right(srz193069908)
neg, 0.14158514118650908, right(srz193065874)
neg, 0.20741489118092746, right(srz44248277519)
neg, 0.12788281295511936, right(srz965949212872)
neg, 0.18485684970456687, right(srz99311015626)
neg, 0.20741489118092746, right(srz8029729382)
neg, 0.18485684970456687, right(srz993110111786)
neg, 0.12788281295511936, right(srz27409599223)
neg, 0.1312754970724383, right(srz246186716292)
neg, 0.1312754970724383, right(srz44248274522)
neg, 0.24364176356732303, right(srz44230448398)
neg, 0.12788281295511936, right(srz8029727615)
neg, 0.17487980387577814, right(srz4423044433)
neg, 0.20741489118092746, right(srz246186713472)
neg, 0.20741489118092746, right(srz24618676773)
neg, 0.1872108373518019, right(srz1930611104)
neg, 0.12788281295511936, right(srz274095914728)
neg, 0.12788281295511936, right(srz96566173000)
neg, 0.1312754970724383, right(srz99311014136)
neg, 0.12788281295511936, right(srz274095914965)
neg, 0.17487980387577814, right(srz44248278182)
neg, 0.20741489118092746, right(srz2740959407)
neg, 0.12788281295511936, right(srz24618672602)
neg, 0.12788281295511936, right(srz24618677470)
neg, 0.1312754970724383, right(srz27409596820)
neg, 0.26569465657955116, right(srz44230442393)
neg, 0.1872108373518019, right(srz80297210855)
neg, 0.1312754970724383, right(srz246186716744)
neg, 0.12788281295511936, right(srz965661710699)
neg, 0.1312754970724383, right(srz24618673563)
neg, 0.12788281295511936, right(srz44230441131)
neg, 0.1312754970724383, right(srz44248276172)
neg, 0.12788281295511936, right(srz99311019042)
neg, 0.1312754970724383, right(srz802972674)
neg, 0.12788281295511936, right(srz246186712041)
neg, 0.20741489118092746, right(srz96566179145)
neg, 0.1312754970724383, right(srz27409596778)
neg, 0.1872108373518019, right(srz96594924778)
neg, 0.26978824010658575, right(srz44230447447)
neg, 0.12788281295511936, right(srz96594927699)
neg, 0.24364176356732303, right(srz965661715290)
neg, 0.12788281295511936, right(srz27409591296)
neg, 0.12788281295511936, right(srz99311013107)
neg, 0.20741489118092746, right(srz2740959819)
neg, 0.12788281295511936, right(srz965661715914)
neg, 0.1872108373518019, right(srz99311017444)
neg, 0.12788281295511936, right(srz274095939)
neg, 0.12788281295511936, right(srz193068173)
neg, 0.20741489118092746, right(srz19306540)
neg, 0.1312754970724383, right(srz802972622)
neg, 0.13284978350377796, right(srz44248274422)
neg, 0.20741489118092746, right(srz965661715526)
neg, 0.12788281295511936, right(srz44248273486)
neg, 0.12788281295511936, right(srz96594921353)
neg, 0.13284978350377796, right(srz8029728948)
neg, 0.18511330982967572, right(srz965949212217)
neg, 0.18485684970456687, right(srz8029724828)
neg, 0.12788281295511936, right(srz44248277759)
neg, 0.1312754970724383, right(srz99311011423)
neg, 0.1312754970724383, right(srz44248277152)
neg, 0.20741489118092746, right(srz24618673087)
neg, 0.20741489118092746, right(srz274095917010)
neg, 0.1872108373518019, right(srz274095911083)
neg, 0.13284978350377796, right(srz44248274714)
neg, 0.1312754970724383, right(srz193069691)
neg, 0.1312754970724383, right(srz96594924802)
neg, 0.1312754970724383, right(srz99311012869)
neg, 0.18485684970456687, right(srz965949212249)
neg, 0.20741489118092746, right(srz24618679859)
neg, 0.24939322129195243, right(srz8029729096)
neg, 0.12788281295511936, right(srz24618673806)
neg, 0.1312754970724383, right(srz8029728481)
neg, 0.12788281295511936, right(srz96594927553)
neg, 0.12788281295511936, right(srz44230444231)
neg, 0.12788281295511936, right(srz44248278040)
neg, 0.1312754970724383, right(srz96566174413)
neg, 0.12788281295511936, right(srz96594924133)
neg, 0.12788281295511936, right(srz99311011180)
neg, 0.1312754970724383, right(srz44230445103)
neg, 0.26569465657955116, right(srz99311011377)
neg, 0.1312754970724383, right(srz99311012017)
neg, 0.1312754970724383, right(srz44248273147)
neg, 0.2252026121146009, right(srz8029724257)
neg, 0.12788281295511936, right(srz965661710099)
neg, 0.1872108373518019, right(srz99311015450)
neg, 0.1312754970724383, right(srz9656617514)
neg, 0.17487980387577814, right(srz44248274200)
neg, 0.18485684970456687, right(srz4424827160)
neg, 0.13284978350377796, right(srz96594928709)
neg, 0.1872108373518019, right(srz193064414)
neg, 0.1312754970724383, right(srz96594926780)
neg, 0.12788281295511936, right(srz8029723986)
neg, 0.20741489118092746, right(srz44248274311)
neg, 0.12788281295511936, right(srz27409599483)
neg, 0.1312754970724383, right(srz44230444759)
neg, 0.1312754970724383, right(srz96566174152)
neg, 0.12788281295511936, right(srz24618676456)
neg, 0.26569465657955116, right(srz193068124)
neg, 0.12788281295511936, right(srz96594922790)
neg, 0.12788281295511936, right(srz802972418)
neg, 0.14158514118650908, right(srz193067700)
neg, 0.1312754970724383, right(srz965661715353)
neg, 0.1312754970724383, right(srz802972856)
neg, 0.17487980387577814, right(srz99311012888)
neg, 0.1312754970724383, right(srz965949214206)
neg, 0.1312754970724383, right(srz193069850)
neg, 0.1312754970724383, right(srz4424827127)
neg, 0.12788281295511936, right(srz993110111328)
neg, 0.1872108373518019, right(srz27409598647)
neg, 0.1312754970724383, right(srz96566178269)
neg, 0.20741489118092746, right(srz1930611334)
neg, 0.12788281295511936, right(srz9931101739)
neg, 0.1312754970724383, right(srz24618676062)
neg, 0.18485684970456687, right(srz193067402)
neg, 0.12788281295511936, right(srz193063175)
neg, 0.12788281295511936, right(srz96594927192)
neg, 0.1312754970724383, right(srz99311012538)
neg, 0.1312754970724383, right(srz44230445207)
neg, 0.1284615400382881, right(srz96594926580)
neg, 0.12788281295511936, right(srz44248272395)
neg, 0.20741489118092746, right(srz8029721075)
neg, 0.18511330982967572, right(srz8029727933)
neg, 0.1312754970724383, right(srz1930612065)
neg, 0.18485684970456687, right(srz99311019829)
neg, 0.1312754970724383, right(srz24618678083)
neg, 0.12788281295511936, right(srz8029729106)
neg, 0.17487980387577814, right(srz2461867415)
neg, 0.12788281295511936, right(srz274095915980)
neg, 0.12788281295511936, right(srz44248276223)
neg, 0.20741489118092746, right(srz44230445123)
neg, 0.18511330982967572, right(srz274095911781)
neg, 0.12788281295511936, right(srz27409593325)
neg, 0.12788281295511936, right(srz27409593026)
neg, 0.13284978350377796, right(srz99311019640)
neg, 0.12788281295511936, right(srz4423044441)
neg, 0.18511330982967572, right(srz274095911780)
neg, 0.20741489118092746, right(srz965949214024)
neg, 0.12788281295511936, right(srz96566172969)
neg, 0.20741489118092746, right(srz96594926378)
neg, 0.13284978350377796, right(srz96566173819)
neg, 0.1312754970724383, right(srz24618678351)
neg, 0.12788281295511936, right(srz44248276352)
neg, 0.1284615400382881, right(srz246186710648)
neg, 0.1312754970724383, right(srz80297210026)
neg, 0.12788281295511936, right(srz193064495)
neg, 0.20741489118092746, right(srz24618679573)
neg, 0.1872108373518019, right(srz27409597075)
neg, 0.1312754970724383, right(srz27409598788)
neg, 0.26569465657955116, right(srz44248277480)
neg, 0.1872108373518019, right(srz99311014398)
neg, 0.1872108373518019, right(srz80297210806)
neg, 0.1312754970724383, right(srz96594929145)
neg, 0.1872108373518019, right(srz99311015475)
neg, 0.1312754970724383, right(srz193069823)
neg, 0.1872108373518019, right(srz193067223)
neg, 0.1312754970724383, right(srz96594926803)
neg, 0.1312754970724383, right(srz193061167)
neg, 0.1312754970724383, right(srz99311012044)
neg, 0.20741489118092746, right(srz96566179151)
neg, 0.12788281295511936, right(srz8029727569)
neg, 0.2252026121146009, right(srz8029728139)
neg, 0.18485684970456687, right(srz99311012748)
neg, 0.12788281295511936, right(srz965949213327)
neg, 0.1872108373518019, right(srz27409594900)
neg, 0.12788281295511936, right(srz96594922848)
neg, 0.1312754970724383, right(srz44248277315)
neg, 0.12788281295511936, right(srz8029725663)
neg, 0.1312754970724383, right(srz44230445101)
neg, 0.1312754970724383, right(srz96566173324)
neg, 0.1312754970724383, right(srz193062576)
neg, 0.12788281295511936, right(srz9656617603)
neg, 0.20741489118092746, right(srz27409593265)
neg, 0.1872108373518019, right(srz44248271142)
neg, 0.1284615400382881, right(srz44230442445)
neg, 0.17487980387577814, right(srz2461867617)
neg, 0.1872108373518019, right(srz44230448252)
neg, 0.18485684970456687, right(srz193069732)
neg, 0.1312754970724383, right(srz24618673445)
neg, 0.1312754970724383, right(srz8029727224)
neg, 0.18485684970456687, right(srz8029728081)
neg, 0.12788281295511936, right(srz96566175013)
neg, 0.1312754970724383, right(srz193062727)
neg, 0.13284978350377796, right(srz4424827523)
neg, 0.12788281295511936, right(srz27409598412)
neg, 0.1312754970724383, right(srz965949210367)
neg, 0.17487980387577814, right(srz27409593507)
neg, 0.13284978350377796, right(srz99311016027)
neg, 0.1312754970724383, right(srz99311012399)
neg, 0.12788281295511936, right(srz27409596467)
neg, 0.12788281295511936, right(srz96594922845)
neg, 0.12788281295511936, right(srz96566173652)
neg, 0.2252026121146009, right(srz1930610130)
neg, 0.12788281295511936, right(srz965661715986)
neg, 0.1312754970724383, right(srz8029728562)
neg, 0.1312754970724383, right(srz274095910476)
neg, 0.1312754970724383, right(srz44248272718)
neg, 0.1312754970724383, right(srz8029724709)
neg, 0.18485684970456687, right(srz99311019807)
neg, 0.1312754970724383, right(srz802972546)
neg, 0.12788281295511936, right(srz96566173640)
neg, 0.12788281295511936, right(srz193063232)
neg, 0.26569465657955116, right(srz193061282)
neg, 0.20741489118092746, right(srz2740959852)
neg, 0.12788281295511936, right(srz27409599442)
neg, 0.1312754970724383, right(srz99311017597)
neg, 0.20741489118092746, right(srz44248277510)
neg, 0.1312754970724383, right(srz24618674476)
neg, 0.20741489118092746, right(srz993110110336)
neg, 0.1312754970724383, right(srz24618673448)
neg, 0.14158514118650908, right(srz193067695)
neg, 0.12788281295511936, right(srz44248277768)
neg, 0.1312754970724383, right(srz44230447618)
neg, 0.1312754970724383, right(srz965949212458)
neg, 0.12788281295511936, right(srz4424827823)
neg, 0.12788281295511936, right(srz80297210413)
neg, 0.12788281295511936, right(srz274095913702)
neg, 0.12788281295511936, right(srz99311018753)
neg, 0.12788281295511936, right(srz965661713623)
neg, 0.1312754970724383, right(srz99311017599)
neg, 0.12788281295511936, right(srz96566178934)
neg, 0.14158514118650908, right(srz193065828)
neg, 0.17487980387577814, right(srz19306558)
neg, 0.1312754970724383, right(srz99311018148)
neg, 0.20741489118092746, right(srz193064178)
neg, 0.12788281295511936, right(srz24618671416)
neg, 0.12788281295511936, right(srz2740959906)
neg, 0.26569465657955116, right(srz44248271365)
neg, 0.1312754970724383, right(srz965661711004)
neg, 0.1312754970724383, right(srz99311018173)
neg, 0.13284978350377796, right(srz4423044337)
neg, 0.12788281295511936, right(srz44230442229)
neg, 0.1312754970724383, right(srz274095915703)
neg, 0.20741489118092746, right(srz19306138)
neg, 0.12788281295511936, right(srz96594929329)
neg, 0.24364176356732303, right(srz193061845)
neg, 0.1284615400382881, right(srz44230445427)
neg, 0.1312754970724383, right(srz8029725395)
neg, 0.1312754970724383, right(srz96594924627)
neg, 0.12788281295511936, right(srz44230441121)
neg, 0.12788281295511936, right(srz246186710730)
neg, 0.1312754970724383, right(srz24618678885)
neg, 0.20741489118092746, right(srz993110111930)
neg, 0.12788281295511936, right(srz44230447117)
neg, 0.17487980387577814, right(srz44248271383)
neg, 0.14158514118650908, right(srz44248276542)
neg, 0.1872108373518019, right(srz246186716794)
neg, 0.17487980387577814, right(srz2461867418)
neg, 0.12788281295511936, right(srz442482798)
neg, 0.18485684970456687, right(srz1930610031)
neg, 0.1312754970724383, right(srz246186710031)
neg, 0.1872108373518019, right(srz24618679121)
neg, 0.12788281295511936, right(srz2461867529)
neg, 0.12788281295511936, right(srz193066935)
neg, 0.1312754970724383, right(srz99311013631)
neg, 0.1312754970724383, right(srz27409599872)
neg, 0.17487980387577814, right(srz96566177665)
neg, 0.1312754970724383, right(srz44248273216)
neg, 0.1284615400382881, right(srz24618675836)
neg, 0.12788281295511936, right(srz246186710267)
neg, 0.12788281295511936, right(srz44248272906)
neg, 0.20741489118092746, right(srz8029729778)
neg, 0.17487980387577814, right(srz44248271379)
neg, 0.1312754970724383, right(srz27409599722)
neg, 0.18511330982967572, right(srz193065175)
neg, 0.1872108373518019, right(srz193068434)
neg, 0.1872108373518019, right(srz802972858)
neg, 0.13284978350377796, right(srz965661714390)
neg, 0.1872108373518019, right(srz44230448315)
neg, 0.12788281295511936, right(srz1930612267)
neg, 0.1312754970724383, right(srz96566177298)
neg, 0.1284615400382881, right(srz99311018605)
neg, 0.12788281295511936, right(srz99311019484)
neg, 0.12788281295511936, right(srz44230443430)
neg, 0.12788281295511936, right(srz27409591072)
neg, 0.24939322129195243, right(srz99311015402)
neg, 0.18485684970456687, right(srz44230442039)
neg, 0.20741489118092746, right(srz24618672311)
neg, 0.1312754970724383, right(srz193068373)
neg, 0.12788281295511936, right(srz96566172851)
neg, 0.12788281295511936, right(srz993110111252)
neg, 0.12788281295511936, right(srz24618671394)
neg, 0.12788281295511936, right(srz99311016736)
neg, 0.1312754970724383, right(srz24618678362)
neg, 0.12788281295511936, right(srz24618677482)
neg, 0.1284615400382881, right(srz24618675827)
neg, 0.1312754970724383, right(srz44230446061)
neg, 0.1312754970724383, right(srz24618674969)
neg, 0.12788281295511936, right(srz27409599537)
neg, 0.1312754970724383, right(srz24618673397)
neg, 0.20741489118092746, right(srz802972501)
neg, 0.12788281295511936, right(srz44248276996)
neg, 0.1872108373518019, right(srz993110110747)
neg, 0.12788281295511936, right(srz193066124)
neg, 0.12788281295511936, right(srz96566178839)
neg, 0.1312754970724383, right(srz193063393)
neg, 0.1872108373518019, right(srz27409595640)
neg, 0.1284615400382881, right(srz8029724926)
neg, 0.12788281295511936, right(srz4424827320)
neg, 0.1872108373518019, right(srz274095913539)
neg, 0.20741489118092746, right(srz27409593276)
neg, 0.12788281295511936, right(srz193069495)
neg, 0.12788281295511936, right(srz1930611982)
neg, 0.1872108373518019, right(srz802972482)
neg, 0.1312754970724383, right(srz99311018203)
neg, 0.1312754970724383, right(srz99311017567)
neg, 0.1312754970724383, right(srz99311015209)
neg, 0.13284978350377796, right(srz99311013857)
neg, 0.12788281295511936, right(srz8029723838)
neg, 0.1312754970724383, right(srz993110111502)
neg, 0.12788281295511936, right(srz802972428)
neg, 0.1872108373518019, right(srz246186713158)
neg, 0.1872108373518019, right(srz44230442093)
neg, 0.1312754970724383, right(srz27409596791)
neg, 0.12788281295511936, right(srz246186716995)
neg, 0.26569465657955116, right(srz96594928860)
neg, 0.12788281295511936, right(srz44230448028)
neg, 0.18485684970456687, right(srz193066912)
neg, 0.20741489118092746, right(srz24618678209)
neg, 0.1312754970724383, right(srz965661715262)
neg, 0.12788281295511936, right(srz44230446968)
neg, 0.1312754970724383, right(srz193062069)
neg, 0.1312754970724383, right(srz96594924703)
neg, 0.1284615400382881, right(srz44248273916)
neg, 0.1312754970724383, right(srz44230443349)
neg, 0.20741489118092746, right(srz965949249)
neg, 0.13284978350377796, right(srz8029724503)
neg, 0.12788281295511936, right(srz193062653)
neg, 0.18485684970456687, right(srz99311019350)
neg, 0.12788281295511936, right(srz8029722123)
neg, 0.14158514118650908, right(srz99311019842)
neg, 0.1312754970724383, right(srz193069672)
neg, 0.12788281295511936, right(srz993110111245)
neg, 0.20741489118092746, right(srz9931101345)
neg, 0.12788281295511936, right(srz24618674310)
neg, 0.1312754970724383, right(srz27409596908)
neg, 0.1312754970724383, right(srz44248277325)
neg, 0.20741489118092746, right(srz993110111087)
neg, 0.1284615400382881, right(srz96566171558)
neg, 0.1872108373518019, right(srz27409597078)
neg, 0.1872108373518019, right(srz993110110435)
neg, 0.1312754970724383, right(srz96594928900)
neg, 0.1312754970724383, right(srz99311016243)
neg, 0.20741489118092746, right(srz965949213897)
neg, 0.12788281295511936, right(srz24618671409)
neg, 0.12788281295511936, right(srz246186711844)
neg, 0.12788281295511936, right(srz27409592720)
neg, 0.12788281295511936, right(srz96594929523)
neg, 0.17487980387577814, right(srz8029722344)
neg, 0.12788281295511936, right(srz44230446950)
neg, 0.1312754970724383, right(srz802972805)
neg, 0.26569465657955116, right(srz24618672134)
neg, 0.20741489118092746, right(srz44248273600)
neg, 0.12788281295511936, right(srz8029729159)
neg, 0.12788281295511936, right(srz99311014916)
neg, 0.12788281295511936, right(srz44248275668)
neg, 0.12788281295511936, right(srz96566172984)
neg, 0.2252026121146009, right(srz24618674758)
neg, 0.12788281295511936, right(srz19306297)
neg, 0.1312754970724383, right(srz965949213224)
neg, 0.20741489118092746, right(srz19306100)
neg, 0.1872108373518019, right(srz193062442)
neg, 0.1872108373518019, right(srz274095911970)
neg, 0.12788281295511936, right(srz274095914760)
neg, 0.12788281295511936, right(srz965661716013)
neg, 0.12788281295511936, right(srz27409591461)
neg, 0.12788281295511936, right(srz96594925484)
neg, 0.1312754970724383, right(srz44248275997)
neg, 0.1284615400382881, right(srz1930610245)
neg, 0.1312754970724383, right(srz99311018039)
neg, 0.12788281295511936, right(srz9931101976)
neg, 0.1312754970724383, right(srz965661715363)
neg, 0.12788281295511936, right(srz44248275324)
neg, 0.20741489118092746, right(srz44230443490)
neg, 0.1312754970724383, right(srz8029723028)
neg, 0.20741489118092746, right(srz96566176698)
neg, 0.1312754970724383, right(srz8029729513)
neg, 0.12788281295511936, right(srz44230443455)
neg, 0.1872108373518019, right(srz274095913499)
neg, 0.14158514118650908, right(srz44248276651)
neg, 0.12788281295511936, right(srz993110111254)
neg, 0.12788281295511936, right(srz44248275319)
neg, 0.1872108373518019, right(srz246186713178)
neg, 0.1312754970724383, right(srz44248277138)
neg, 0.1312754970724383, right(srz24618675020)
neg, 0.12788281295511936, right(srz246186716183)
neg, 0.12788281295511936, right(srz965661713653)
neg, 0.12788281295511936, right(srz27409591300)
neg, 0.1312754970724383, right(srz1930610591)
neg, 0.1872108373518019, right(srz965949214171)
neg, 0.1312754970724383, right(srz8029724642)
neg, 0.1312754970724383, right(srz99311019096)
neg, 0.12788281295511936, right(srz44230442764)
neg, 0.12788281295511936, right(srz96566177883)
neg, 0.12788281295511936, right(srz96594927609)
neg, 0.1312754970724383, right(srz96566176897)
neg, 0.1312754970724383, right(srz246186715866)
neg, 0.1284615400382881, right(srz193068943)
neg, 0.12788281295511936, right(srz27409599197)
neg, 0.12788281295511936, right(srz96594924166)
neg, 0.1312754970724383, right(srz99311011988)
neg, 0.12788281295511936, right(srz44248274640)
neg, 0.13284978350377796, right(srz44230446738)
neg, 0.1312754970724383, right(srz24618679978)
neg, 0.12788281295511936, right(srz96594928273)
neg, 0.20741489118092746, right(srz246186711471)
neg, 0.20741489118092746, right(srz802972741)
neg, 0.12788281295511936, right(srz99311012678)
neg, 0.20741489118092746, right(srz19306118)
neg, 0.20741489118092746, right(srz24618672047)
neg, 0.1312754970724383, right(srz44230445750)
neg, 0.12788281295511936, right(srz96566177821)
neg, 0.1312754970724383, right(srz96594924340)
neg, 0.1312754970724383, right(srz44230443103)
neg, 0.1872108373518019, right(srz44230448213)
neg, 0.12788281295511936, right(srz965949211940)
neg, 0.12788281295511936, right(srz44248277783)
neg, 0.1312754970724383, right(srz27409598362)
neg, 0.12788281295511936, right(srz44230447883)
neg, 0.13284978350377796, right(srz44230441676)
neg, 0.12788281295511936, right(srz99311016757)
neg, 0.17487980387577814, right(srz19306559)
neg, 0.15013817616499373, right(srz4423044735)
neg, 0.1312754970724383, right(srz96594924974)
neg, 0.1312754970724383, right(srz274095911008)
neg, 0.12788281295511936, right(srz96566171899)
neg, 0.1312754970724383, right(srz965661715421)
neg, 0.12788281295511936, right(srz27409599204)
neg, 0.1284615400382881, right(srz965661710421)
neg, 0.12788281295511936, right(srz96594926943)
neg, 0.1312754970724383, right(srz274095910994)
neg, 0.1312754970724383, right(srz44230441959)
neg, 0.1312754970724383, right(srz24618676064)
neg, 0.12788281295511936, right(srz44230442224)
neg, 0.12788281295511936, right(srz96594921694)
neg, 0.12788281295511936, right(srz27409598543)
neg, 0.12788281295511936, right(srz193068166)
neg, 0.12788281295511936, right(srz4424827766)
neg, 0.1872108373518019, right(srz96594928476)
neg, 0.12788281295511936, right(srz44230443691)
neg, 0.20741489118092746, right(srz24618676403)
neg, 0.1872108373518019, right(srz44230446607)
neg, 0.14158514118650908, right(srz965949210744)
neg, 0.12788281295511936, right(srz1930656)
neg, 0.12788281295511936, right(srz96566171041)
neg, 0.1312754970724383, right(srz802972857)
neg, 0.12788281295511936, right(srz96566171674)
neg, 0.12788281295511936, right(srz44230441130)
neg, 0.1312754970724383, right(srz99311015251)
neg, 0.1312754970724383, right(srz44248277320)
neg, 0.14158514118650908, right(srz44248276646)
neg, 0.1312754970724383, right(srz99311011962)
neg, 0.12788281295511936, right(srz96594923848)
neg, 0.1312754970724383, right(srz8029724623)
neg, 0.12788281295511936, right(srz4423044980)
neg, 0.1312754970724383, right(srz99311018520)
neg, 0.1872108373518019, right(srz802972884)
neg, 0.1312754970724383, right(srz965949213507)
neg, 0.12788281295511936, right(srz96594921379)
neg, 0.12788281295511936, right(srz44230442794)
neg, 0.12788281295511936, right(srz99311018746)
neg, 0.20741489118092746, right(srz8029728036)
neg, 0.1312754970724383, right(srz8029722976)
neg, 0.1312754970724383, right(srz44248277193)
neg, 0.12788281295511936, right(srz99311015956)
neg, 0.1872108373518019, right(srz246186712629)
neg, 0.12788281295511936, right(srz4424827610)
neg, 0.12788281295511936, right(srz8029722856)
neg, 0.20741489118092746, right(srz27409595209)
neg, 0.18485684970456687, right(srz44248273903)
neg, 0.24364176356732303, right(srz80297210919)
neg, 0.1312754970724383, right(srz193062774)
neg, 0.1312754970724383, right(srz96566172614)
neg, 0.17487980387577814, right(srz965661712262)
neg, 0.1312754970724383, right(srz193062159)
neg, 0.12788281295511936, right(srz193068000)
neg, 0.1312754970724383, right(srz965949213106)
neg, 0.12788281295511936, right(srz99311018941)
neg, 0.1872108373518019, right(srz9656617110)
neg, 0.1312754970724383, right(srz44248272128)
neg, 0.17487980387577814, right(srz44248278306)
neg, 0.12788281295511936, right(srz96566171631)
neg, 0.1872108373518019, right(srz44248271989)
neg, 0.12788281295511936, right(srz99311015949)
neg, 0.1312754970724383, right(srz193064703)
neg, 0.12788281295511936, right(srz96566177938)
neg, 0.1312754970724383, right(srz24618674472)
neg, 0.14158514118650908, right(srz965661711210)
neg, 0.12788281295511936, right(srz965949210899)
neg, 0.20741489118092746, right(srz27409594581)
neg, 0.12788281295511936, right(srz96594921031)
neg, 0.1872108373518019, right(srz24618674745)
neg, 0.1312754970724383, right(srz44248271917)
neg, 0.17487980387577814, right(srz193064112)
neg, 0.12788281295511936, right(srz44230446560)
neg, 0.1312754970724383, right(srz965949212448)
neg, 0.12788281295511936, right(srz8029721457)
neg, 0.12788281295511936, right(srz44230448434)
neg, 0.1312754970724383, right(srz27409596756)
neg, 0.12788281295511936, right(srz96566172956)
neg, 0.1312754970724383, right(srz274095911371)
neg, 0.20741489118092746, right(srz246186712727)
neg, 0.1312754970724383, right(srz4423044773)
neg, 0.1872108373518019, right(srz99311019333)
neg, 0.1312754970724383, right(srz274095914081)
neg, 0.12788281295511936, right(srz44248271795)
neg, 0.1872108373518019, right(srz274095911628)
neg, 0.12788281295511936, right(srz9931101708)
neg, 0.1872108373518019, right(srz27409594992)
neg, 0.12788281295511936, right(srz274095915963)
neg, 0.1872108373518019, right(srz44230446176)
neg, 0.1312754970724383, right(srz44230446152)
neg, 0.2252026121146009, right(srz8029727226)
neg, 0.17487980387577814, right(srz4423044431)
neg, 0.1312754970724383, right(srz193065568)
neg, 0.13284978350377796, right(srz44248274353)
neg, 0.1312754970724383, right(srz246186711284)
neg, 0.18485684970456687, right(srz2461867205)
neg, 0.12788281295511936, right(srz965949211898)
neg, 0.20741489118092746, right(srz24618679582)
neg, 0.1312754970724383, right(srz44248272715)
neg, 0.20741489118092746, right(srz24618671710)
neg, 0.1312754970724383, right(srz24618674966)
neg, 0.13284978350377796, right(srz19306468)
neg, 0.12788281295511936, right(srz96566179032)
neg, 0.1312754970724383, right(srz24618677779)
neg, 0.20741489118092746, right(srz24618671762)
neg, 0.1872108373518019, right(srz8029728412)
neg, 0.1312754970724383, right(srz965661712954)
neg, 0.1872108373518019, right(srz44230441535)
neg, 0.1312754970724383, right(srz80297210656)
neg, 0.12788281295511936, right(srz96594923945)
neg, 0.12788281295511936, right(srz96566172302)
neg, 0.26569465657955116, right(srz44248276426)
neg, 0.1312754970724383, right(srz44230444896)
neg, 0.1872108373518019, right(srz19306214)
neg, 0.12788281295511936, right(srz246186710)
neg, 0.1312754970724383, right(srz24618678356)
neg, 0.1312754970724383, right(srz8029729486)
neg, 0.1872108373518019, right(srz274095910354)
neg, 0.12788281295511936, right(srz27409591479)
neg, 0.1872108373518019, right(srz274095911128)
neg, 0.20741489118092746, right(srz96566175138)
neg, 0.17487980387577814, right(srz99311018501)
neg, 0.12788281295511936, right(srz44248274253)
neg, 0.1312754970724383, right(srz96594925757)
neg, 0.12788281295511936, right(srz99311013198)
neg, 0.2252026121146009, right(srz274095913145)
neg, 0.12788281295511936, right(srz24618676244)
neg, 0.13284978350377796, right(srz24618672345)
neg, 0.1312754970724383, right(srz24618679972)
neg, 0.1312754970724383, right(srz99311012005)
neg, 0.12788281295511936, right(srz44230445536)
neg, 0.17487980387577814, right(srz27409593453)
neg, 0.12788281295511936, right(srz8029722962)
neg, 0.1312754970724383, right(srz965661715443)
neg, 0.1312754970724383, right(srz24618678580)
neg, 0.1312754970724383, right(srz44230443124)
neg, 0.18485684970456687, right(srz44230441281)
neg, 0.12788281295511936, right(srz99311013720)
neg, 0.12788281295511936, right(srz44248275745)
neg, 0.1312754970724383, right(srz44230441841)
neg, 0.1872108373518019, right(srz8029721964)
neg, 0.1872108373518019, right(srz246186713179)
neg, 0.12788281295511936, right(srz99311017316)
neg, 0.1312754970724383, right(srz96594925756)
neg, 0.20741489118092746, right(srz802972751)
neg, 0.1312754970724383, right(srz24618673408)
neg, 0.1284615400382881, right(srz24618679316)
neg, 0.1312754970724383, right(srz19306989)
neg, 0.12788281295511936, right(srz4423044930)
neg, 0.12788281295511936, right(srz274095916137)
neg, 0.20741489118092746, right(srz27409599392)
neg, 0.20741489118092746, right(srz965949212589)
neg, 0.12788281295511936, right(srz99311016674)
neg, 0.1312754970724383, right(srz96566172728)
neg, 0.12788281295511936, right(srz96594926682)
neg, 0.12788281295511936, right(srz9656617399)
neg, 0.12788281295511936, right(srz8029722248)
neg, 0.17487980387577814, right(srz2461867893)
neg, 0.18485684970456687, right(srz80297210881)
neg, 0.1312754970724383, right(srz99311018127)
neg, 0.1312754970724383, right(srz24618678697)
neg, 0.20741489118092746, right(srz96566174901)
neg, 0.12788281295511936, right(srz193061626)
neg, 0.12788281295511936, right(srz9931101939)
neg, 0.12788281295511936, right(srz274095913693)
neg, 0.12788281295511936, right(srz965661712062)
neg, 0.12788281295511936, right(srz24618675909)
neg, 0.12788281295511936, right(srz44248277821)
neg, 0.1284615400382881, right(srz193063514)
neg, 0.12788281295511936, right(srz8029722855)
neg, 0.20741489118092746, right(srz965949212170)
neg, 0.14158514118650908, right(srz193063728)
neg, 0.1284615400382881, right(srz44230445379)
neg, 0.1312754970724383, right(srz44230447800)
neg, 0.1872108373518019, right(srz96566173355)
neg, 0.12788281295511936, right(srz27409591126)
neg, 0.20741489118092746, right(srz96566173684)
neg, 0.1312754970724383, right(srz1930611047)
neg, 0.14158514118650908, right(srz193065848)
neg, 0.1312754970724383, right(srz193067424)
neg, 0.17487980387577814, right(srz965661712274)
neg, 0.1312754970724383, right(srz8029722170)
neg, 0.12788281295511936, right(srz99311016829)
neg, 0.12788281295511936, right(srz99311013710)
neg, 0.17487980387577814, right(srz44230443463)
neg, 0.12788281295511936, right(srz44248272893)
neg, 0.12788281295511936, right(srz24618673136)
neg, 0.12788281295511936, right(srz965661710751)
neg, 0.12788281295511936, right(srz993110110572)
neg, 0.1312754970724383, right(srz27409598032)
neg, 0.12788281295511936, right(srz44248276977)
neg, 0.1312754970724383, right(srz96566176834)
neg, 0.12788281295511936, right(srz24618679609)
neg, 0.1312754970724383, right(srz246186716312)
neg, 0.26569465657955116, right(srz96594921096)
neg, 0.12788281295511936, right(srz965949211786)
neg, 0.12788281295511936, right(srz44248277635)
neg, 0.1312754970724383, right(srz246186711192)
neg, 0.1312754970724383, right(srz24618673582)
neg, 0.1312754970724383, right(srz44248277925)
neg, 0.1872108373518019, right(srz44248272055)
neg, 0.1284615400382881, right(srz965661710408)
neg, 0.12788281295511936, right(srz44230444286)
neg, 0.1872108373518019, right(srz44230447843)
neg, 0.1312754970724383, right(srz274095911856)
neg, 0.12788281295511936, right(srz24618673801)
neg, 0.1312754970724383, right(srz193064705)
neg, 0.1872108373518019, right(srz96594927430)
neg, 0.26569465657955116, right(srz24618672120)
neg, 0.1312754970724383, right(srz27409596858)
neg, 0.12788281295511936, right(srz8029727727)
neg, 0.12788281295511936, right(srz8029723879)
neg, 0.12788281295511936, right(srz24618675353)
neg, 0.1872108373518019, right(srz9931101432)
neg, 0.1872108373518019, right(srz246186712837)
neg, 0.20741489118092746, right(srz44230443185)
neg, 0.12788281295511936, right(srz44248272319)
neg, 0.12788281295511936, right(srz96594925460)
neg, 0.1312754970724383, right(srz274095910462)
neg, 0.12788281295511936, right(srz274095912412)
neg, 0.1312754970724383, right(srz44248274577)
neg, 0.12788281295511936, right(srz24618671814)
neg, 0.12788281295511936, right(srz965661711826)
neg, 0.12788281295511936, right(srz96566179103)
neg, 0.12788281295511936, right(srz27409597381)
neg, 0.12788281295511936, right(srz27409593836)
neg, 0.1284615400382881, right(srz1930610352)
neg, 0.13284978350377796, right(srz193064963)
neg, 0.12788281295511936, right(srz8029728308)
neg, 0.1312754970724383, right(srz9656617898)
neg, 0.1312754970724383, right(srz96594927830)
neg, 0.1872108373518019, right(srz80297210935)
neg, 0.12788281295511936, right(srz27409591171)
neg, 0.1284615400382881, right(srz96594926464)
neg, 0.1312754970724383, right(srz27409596767)
neg, 0.20741489118092746, right(srz99311019766)
neg, 0.1872108373518019, right(srz8029722047)
neg, 0.14158514118650908, right(srz8029727439)
neg, 0.12788281295511936, right(srz802972994)
neg, 0.1312754970724383, right(srz96594929739)
neg, 0.1872108373518019, right(srz993110110422)
neg, 0.1312754970724383, right(srz965661715095)
neg, 0.12788281295511936, right(srz44230441007)
neg, 0.12788281295511936, right(srz27409591153)
neg, 0.20741489118092746, right(srz44230445031)
neg, 0.12788281295511936, right(srz965949210986)
neg, 0.1312754970724383, right(srz965661712318)
neg, 0.12788281295511936, right(srz44248276763)
neg, 0.1312754970724383, right(srz44248274580)
neg, 0.12788281295511936, right(srz44248277593)
neg, 0.1312754970724383, right(srz96566174450)
neg, 0.12788281295511936, right(srz99311014826)
neg, 0.12788281295511936, right(srz965661712698)
neg, 0.12788281295511936, right(srz96594928615)
neg, 0.1312754970724383, right(srz24618676613)
neg, 0.12788281295511936, right(srz44230445128)
neg, 0.1312754970724383, right(srz8029729548)
neg, 0.1872108373518019, right(srz193063283)
neg, 0.13284978350377796, right(srz99311013018)
neg, 0.1312754970724383, right(srz24618677651)
neg, 0.18485684970456687, right(srz8029723227)
neg, 0.18485684970456687, right(srz193068086)
neg, 0.1312754970724383, right(srz193065564)
neg, 0.12788281295511936, right(srz96594927062)
neg, 0.13284978350377796, right(srz246186717184)
neg, 0.12788281295511936, right(srz44230442194)
neg, 0.20741489118092746, right(srz4423044493)
neg, 0.12788281295511936, right(srz246186714774)
neg, 0.1312754970724383, right(srz44230444773)
neg, 0.1312754970724383, right(srz9656617475)
neg, 0.12788281295511936, right(srz27409599195)
neg, 0.12788281295511936, right(srz9931101960)
neg, 0.20741489118092746, right(srz44248272662)
neg, 0.12788281295511936, right(srz24618678464)
neg, 0.1284615400382881, right(srz96594921318)
neg, 0.1312754970724383, right(srz96594922046)
neg, 0.1312754970724383, right(srz96594927223)
neg, 0.1312754970724383, right(srz274095917245)
neg, 0.1312754970724383, right(srz99311012051)
neg, 0.12788281295511936, right(srz274095915340)
neg, 0.20741489118092746, right(srz96566179148)
neg, 0.1872108373518019, right(srz24618678841)
neg, 0.20741489118092746, right(srz96594927829)
neg, 0.13284978350377796, right(srz8029728906)
neg, 0.12788281295511936, right(srz193067928)
neg, 0.12788281295511936, right(srz99311013121)
neg, 0.1284615400382881, right(srz27409597188)
neg, 0.1312754970724383, right(srz9659492753)
neg, 0.1872108373518019, right(srz96594929683)
neg, 0.12788281295511936, right(srz27409591220)
neg, 0.1872108373518019, right(srz993110132)
neg, 0.12788281295511936, right(srz44230441547)
neg, 0.18485684970456687, right(srz96566174191)
neg, 0.12788281295511936, right(srz1930610418)
neg, 0.18485684970456687, right(srz44248278147)
neg, 0.1872108373518019, right(srz96566179987)
neg, 0.12788281295511936, right(srz965661714064)
neg, 0.12788281295511936, right(srz44248276743)
neg, 0.1312754970724383, right(srz99311011987)
neg, 0.1872108373518019, right(srz193061923)
neg, 0.12788281295511936, right(srz24618672731)
neg, 0.12788281295511936, right(srz802972424)
neg, 0.12788281295511936, right(srz4424827368)
neg, 0.1312754970724383, right(srz96594924223)
neg, 0.1872108373518019, right(srz193066778)
neg, 0.1872108373518019, right(srz8029724940)
neg, 0.12788281295511936, right(srz246186711846)
neg, 0.12788281295511936, right(srz965949211771)
neg, 0.13284978350377796, right(srz44248274755)
neg, 0.1872108373518019, right(srz246186711223)
neg, 0.1312754970724383, right(srz99311012555)
neg, 0.1312754970724383, right(srz96594924799)
neg, 0.1312754970724383, right(srz965661714589)
neg, 0.1312754970724383, right(srz96566176894)
neg, 0.14158514118650908, right(srz965949210888)
neg, 0.1312754970724383, right(srz99311014135)
neg, 0.12788281295511936, right(srz1930610639)
neg, 0.1312754970724383, right(srz96594926038)
neg, 0.12788281295511936, right(srz27409592007)
neg, 0.18485684970456687, right(srz99311015589)
neg, 0.12788281295511936, right(srz27409593035)
neg, 0.26569465657955116, right(srz96594922093)
neg, 0.13284978350377796, right(srz99311019560)
neg, 0.1312754970724383, right(srz274095914619)
neg, 0.20741489118092746, right(srz9931101331)
neg, 0.1284615400382881, right(srz1930610233)
neg, 0.1312754970724383, right(srz27409598075)
neg, 0.1312754970724383, right(srz8029726973)
neg, 0.20741489118092746, right(srz24618673299)
neg, 0.12788281295511936, right(srz24618677498)
neg, 0.12788281295511936, right(srz96594923903)
neg, 0.20741489118092746, right(srz193065155)
neg, 0.12788281295511936, right(srz44248273438)
neg, 0.1312754970724383, right(srz24618676108)
neg, 0.12788281295511936, right(srz44248278043)
neg, 0.1312754970724383, right(srz44248274571)
neg, 0.12788281295511936, right(srz24618679657)
neg, 0.17487980387577814, right(srz8029723142)
neg, 0.14158514118650908, right(srz8029727502)
neg, 0.1312754970724383, right(srz9659492384)
neg, 0.20741489118092746, right(srz24618676251)
neg, 0.1312754970724383, right(srz27409596030)
neg, 0.1312754970724383, right(srz96566172224)
neg, 0.1312754970724383, right(srz44230445215)
neg, 0.18485684970456687, right(srz993110110828)
neg, 0.26569465657955116, right(srz8029721233)
neg, 0.12788281295511936, right(srz193066086)
neg, 0.1312754970724383, right(srz44248275860)
neg, 0.14158514118650908, right(srz8029727359)
neg, 0.1312754970724383, right(srz9659492357)
neg, 0.1312754970724383, right(srz4423044194)
neg, 0.12788281295511936, right(srz965949211139)
neg, 0.12788281295511936, right(srz27409597374)
neg, 0.1312754970724383, right(srz99311014506)
neg, 0.24364176356732303, right(srz246186710054)
neg, 0.20741489118092746, right(srz96566173923)
neg, 0.12788281295511936, right(srz274095916531)
neg, 0.20741489118092746, right(srz96566174824)
neg, 0.1312754970724383, right(srz44248276028)
neg, 0.20741489118092746, right(srz24618676778)
neg, 0.18485684970456687, right(srz274095917150)
neg, 0.1312754970724383, right(srz24618678683)
neg, 0.12788281295511936, right(srz27409598770)
neg, 0.1312754970724383, right(srz80297210717)
neg, 0.12788281295511936, right(srz1930612279)
neg, 0.1872108373518019, right(srz246186713123)
neg, 0.12788281295511936, right(srz96594929493)
neg, 0.13284978350377796, right(srz4423044397)
neg, 0.1312754970724383, right(srz24618674477)
neg, 0.12788281295511936, right(srz965661712176)
neg, 0.20741489118092746, right(srz9656617548)
neg, 0.12788281295511936, right(srz4423044263)
neg, 0.18485684970456687, right(srz274095912475)
neg, 0.1312754970724383, right(srz193062031)
neg, 0.1312754970724383, right(srz274095916611)
neg, 0.1312754970724383, right(srz27409595955)
neg, 0.1312754970724383, right(srz965661712724)
neg, 0.1312754970724383, right(srz44248276055)
neg, 0.12788281295511936, right(srz44248275737)
neg, 0.18511330982967572, right(srz193065177)
neg, 0.12788281295511936, right(srz193063199)
neg, 0.1312754970724383, right(srz193065269)
neg, 0.14158514118650908, right(srz44248276538)
neg, 0.12788281295511936, right(srz96594927656)
neg, 0.12788281295511936, right(srz193061647)
neg, 0.1872108373518019, right(srz8029722473)
neg, 0.20741489118092746, right(srz965661715522)
neg, 0.12788281295511936, right(srz96566177897)
neg, 0.20741489118092746, right(srz96566178092)
neg, 0.12788281295511936, right(srz44248271820)
neg, 0.12788281295511936, right(srz96594926635)
neg, 0.18485684970456687, right(srz27409593216)
neg, 0.12788281295511936, right(srz44248275348)
neg, 0.12788281295511936, right(srz8029729841)
neg, 0.1312754970724383, right(srz965661713519)
neg, 0.12788281295511936, right(srz96594926676)
neg, 0.1312754970724383, right(srz44248277041)
neg, 0.12788281295511936, right(srz96566172898)
neg, 0.1312754970724383, right(srz96566177971)
neg, 0.20741489118092746, right(srz27409591931)
neg, 0.1312754970724383, right(srz8029722552)
neg, 0.18485684970456687, right(srz1930610668)
neg, 0.1312754970724383, right(srz24618674844)
neg, 0.1872108373518019, right(srz246186713558)
neg, 0.12788281295511936, right(srz193064486)
neg, 0.18485684970456687, right(srz44230448360)
neg, 0.13284978350377796, right(srz44230446704)
neg, 0.1312754970724383, right(srz99311016368)
neg, 0.1312754970724383, right(srz99311012076)
neg, 0.12788281295511936, right(srz44248277974)
neg, 0.12788281295511936, right(srz99311016817)
neg, 0.1312754970724383, right(srz99311013981)
neg, 0.1312754970724383, right(srz44248275488)
neg, 0.12788281295511936, right(srz274095913000)
neg, 0.13284978350377796, right(srz99311016010)
neg, 0.1312754970724383, right(srz44248277270)
neg, 0.12788281295511936, right(srz44230445672)
neg, 0.12788281295511936, right(srz44248276881)
neg, 0.1872108373518019, right(srz965661713582)
neg, 0.12788281295511936, right(srz96566178771)
neg, 0.12788281295511936, right(srz246186711883)
neg, 0.12788281295511936, right(srz27409594348)
neg, 0.1312754970724383, right(srz8029723006)
neg, 0.1312754970724383, right(srz99311015320)
neg, 0.1312754970724383, right(srz8029729946)
neg, 0.17487980387577814, right(srz27409592300)
neg, 0.13284978350377796, right(srz44248274727)
neg, 0.17487980387577814, right(srz8029729337)
neg, 0.20741489118092746, right(srz24618676252)
neg, 0.1312754970724383, right(srz193062586)
neg, 0.1312754970724383, right(srz96594924981)
neg, 0.20741489118092746, right(srz193067348)
neg, 0.12788281295511936, right(srz993110111279)
neg, 0.12788281295511936, right(srz442304463)
neg, 0.20741489118092746, right(srz2740959643)
neg, 0.1312754970724383, right(srz99311014680)
neg, 0.12788281295511936, right(srz274095912521)
neg, 0.17487980387577814, right(srz8029729341)
neg, 0.1284615400382881, right(srz965661714891)
neg, 0.26569465657955116, right(srz8029727819)
neg, 0.1312754970724383, right(srz27409597822)
neg, 0.12788281295511936, right(srz193067812)
neg, 0.1312754970724383, right(srz965661711072)
neg, 0.12788281295511936, right(srz193061686)
neg, 0.20741489118092746, right(srz44248277470)
neg, 0.12788281295511936, right(srz24618671357)
neg, 0.12788281295511936, right(srz44230444060)
neg, 0.1284615400382881, right(srz27409595694)
neg, 0.1872108373518019, right(srz96594925106)
neg, 0.12788281295511936, right(srz4423044275)
neg, 0.1872108373518019, right(srz246186713057)
neg, 0.1872108373518019, right(srz193064586)
neg, 0.12788281295511936, right(srz274095913837)
neg, 0.12788281295511936, right(srz9656617575)
neg, 0.12788281295511936, right(srz24618677495)
neg, 0.12788281295511936, right(srz27409594117)
neg, 0.12788281295511936, right(srz8029721404)
neg, 0.12788281295511936, right(srz96566178866)
neg, 0.2252026121146009, right(srz993110110096)
neg, 0.12788281295511936, right(srz193064078)
neg, 0.1312754970724383, right(srz193061816)
neg, 0.1872108373518019, right(srz24618678803)
neg, 0.1284615400382881, right(srz96594921250)
neg, 0.1872108373518019, right(srz8029724938)
neg, 0.12788281295511936, right(srz99311014773)
neg, 0.12788281295511936, right(srz19306355)
neg, 0.12788281295511936, right(srz96594927016)
neg, 0.18485684970456687, right(srz44230447283)
neg, 0.2252026121146009, right(srz44230442123)
neg, 0.17487980387577814, right(srz44230447492)
neg, 0.20741489118092746, right(srz993110110702)
neg, 0.26569465657955116, right(srz993110110092)
neg, 0.1312754970724383, right(srz274095910012)
neg, 0.1312754970724383, right(srz993110110925)
neg, 0.1284615400382881, right(srz96594921280)
neg, 0.12788281295511936, right(srz44230445584)
neg, 0.1872108373518019, right(srz27409599916)
neg, 0.12788281295511936, right(srz27409599099)
neg, 0.1312754970724383, right(srz965949213940)
neg, 0.1872108373518019, right(srz274095913192)
neg, 0.12788281295511936, right(srz99311012239)
neg, 0.13284978350377796, right(srz24618672350)
neg, 0.1312754970724383, right(srz44248272063)
neg, 0.12788281295511936, right(srz44230444009)
neg, 0.24364176356732303, right(srz44248271352)
neg, 0.12788281295511936, right(srz8029723900)
neg, 0.1312754970724383, right(srz246186715648)
neg, 0.1312754970724383, right(srz965661710987)
neg, 0.26569465657955116, right(srz965661712925)
neg, 0.12788281295511936, right(srz44230445594)
neg, 0.18485684970456687, right(srz99311016139)
neg, 0.1312754970724383, right(srz965661710916)
neg, 0.1312754970724383, right(srz274095915150)
neg, 0.13284978350377796, right(srz965661714398)
neg, 0.1312754970724383, right(srz44248273069)
neg, 0.1312754970724383, right(srz44230445845)
neg, 0.1312754970724383, right(srz44248273015)
neg, 0.2252026121146009, right(srz24618675123)
neg, 0.12788281295511936, right(srz44230446955)
neg, 0.13284978350377796, right(srz19306401)
neg, 0.1312754970724383, right(srz44230443280)
neg, 0.18485684970456687, right(srz9931101238)
neg, 0.1312754970724383, right(srz274095916340)
neg, 0.18485684970456687, right(srz96566174122)
neg, 0.1312754970724383, right(srz24618673544)
neg, 0.12788281295511936, right(srz993110111864)
neg, 0.18485684970456687, right(srz44230448368)
neg, 0.12788281295511936, right(srz246186716130)
neg, 0.1872108373518019, right(srz274095912936)
neg, 0.13284978350377796, right(srz96566173814)
neg, 0.17487980387577814, right(srz96594923425)
neg, 0.1872108373518019, right(srz965949212763)
neg, 0.1312754970724383, right(srz8029724598)
neg, 0.20741489118092746, right(srz193063251)
neg, 0.20741489118092746, right(srz44230446344)
neg, 0.12788281295511936, right(srz965661715902)
neg, 0.20741489118092746, right(srz274095916709)
neg, 0.12788281295511936, right(srz96566175051)
neg, 0.13284978350377796, right(srz27409593638)
neg, 0.1312754970724383, right(srz193064315)
neg, 0.12788281295511936, right(srz99311014999)
neg, 0.12788281295511936, right(srz27409597596)
neg, 0.26569465657955116, right(srz993110111663)
neg, 0.20741489118092746, right(srz8029729397)
neg, 0.18485684970456687, right(srz442304488)
neg, 0.1872108373518019, right(srz24618677840)
neg, 0.1312754970724383, right(srz246186710019)
neg, 0.12788281295511936, right(srz96566178982)
neg, 0.1872108373518019, right(srz99311018559)
neg, 0.12788281295511936, right(srz246186716177)
neg, 0.18511330982967572, right(srz965661714670)
neg, 0.12788281295511936, right(srz44230444105)
neg, 0.20741489118092746, right(srz965949211354)
neg, 0.1312754970724383, right(srz44248272539)
neg, 0.1312754970724383, right(srz246186716674)
neg, 0.1872108373518019, right(srz193069304)
neg, 0.1872108373518019, right(srz193062978)
neg, 0.12788281295511936, right(srz246186712022)
neg, 0.1312754970724383, right(srz8029729929)
neg, 0.12788281295511936, right(srz4424827759)
neg, 0.12788281295511936, right(srz193066012)
neg, 0.12788281295511936, right(srz44248273263)
neg, 0.20741489118092746, right(srz193063445)
neg, 0.1312754970724383, right(srz24618677617)
neg, 0.12788281295511936, right(srz2461867443)
neg, 0.12788281295511936, right(srz96594922779)
neg, 0.18511330982967572, right(srz44230441911)
neg, 0.13284978350377796, right(srz965661714358)
neg, 0.20741489118092746, right(srz27409594546)
neg, 0.1312754970724383, right(srz27409596728)
neg, 0.1312754970724383, right(srz44230441496)
neg, 0.12788281295511936, right(srz44248271660)
neg, 0.12788281295511936, right(srz274095913758)
neg, 0.12788281295511936, right(srz274095914733)
neg, 0.14158514118650908, right(srz8029723601)
neg, 0.1872108373518019, right(srz19306740)
neg, 0.12788281295511936, right(srz965661710095)
neg, 0.1312754970724383, right(srz27409594979)
neg, 0.20741489118092746, right(srz274095910066)
neg, 0.13284978350377796, right(srz96566173774)
neg, 0.17487980387577814, right(srz27409593411)
neg, 0.1312754970724383, right(srz193067972)
neg, 0.20741489118092746, right(srz965661715483)
neg, 0.1312754970724383, right(srz96566171043)
neg, 0.20741489118092746, right(srz44248273605)
neg, 0.20741489118092746, right(srz24618673279)
neg, 0.1312754970724383, right(srz274095917246)
neg, 0.1284615400382881, right(srz24618675791)
neg, 0.12788281295511936, right(srz9656617557)
neg, 0.12788281295511936, right(srz193063788)
neg, 0.1312754970724383, right(srz802972578)
neg, 0.12788281295511936, right(srz96594929395)
neg, 0.12788281295511936, right(srz193061547)
neg, 0.1312754970724383, right(srz19306807)
neg, 0.12788281295511936, right(srz2740959240)
neg, 0.12788281295511936, right(srz993110111196)
neg, 0.12788281295511936, right(srz965949212078)
neg, 0.20741489118092746, right(srz965949213647)
neg, 0.20741489118092746, right(srz44248273725)
neg, 0.1312754970724383, right(srz24618673420)
neg, 0.12788281295511936, right(srz8029726025)
neg, 0.18485684970456687, right(srz193065400)
neg, 0.1312754970724383, right(srz44248271644)
neg, 0.12788281295511936, right(srz27409592987)
neg, 0.13284978350377796, right(srz4423044311)
neg, 0.1312754970724383, right(srz44248273036)
neg, 0.20741489118092746, right(srz246186711453)
neg, 0.17487980387577814, right(srz8029726148)
neg, 0.24364176356732303, right(srz44248276049)
neg, 0.1284615400382881, right(srz193063494)
neg, 0.1312754970724383, right(srz27409596700)
neg, 0.12788281295511936, right(srz965661712032)
neg, 0.12788281295511936, right(srz246186714363)
neg, 0.1872108373518019, right(srz99311017884)
neg, 0.1872108373518019, right(srz96566175697)
neg, 0.1312754970724383, right(srz96566174471)
neg, 0.12788281295511936, right(srz993110111221)
neg, 0.13284978350377796, right(srz193064953)
neg, 0.12788281295511936, right(srz274095913908)
neg, 0.1312754970724383, right(srz9659492195)
neg, 0.1312754970724383, right(srz44248271637)
neg, 0.1284615400382881, right(srz96566171412)
neg, 0.20741489118092746, right(srz27409592044)
neg, 0.12788281295511936, right(srz965661715928)
neg, 0.1312754970724383, right(srz246186716698)
neg, 0.1312754970724383, right(srz9659492669)
neg, 0.12788281295511936, right(srz8029727595)
neg, 0.12788281295511936, right(srz193063726)
neg, 0.12788281295511936, right(srz24618677527)
neg, 0.18511330982967572, right(srz44230446111)
neg, 0.1312754970724383, right(srz9656617887)
neg, 0.13284978350377796, right(srz44230446721)
neg, 0.1312754970724383, right(srz965949213264)
neg, 0.14158514118650908, right(srz44248275260)
neg, 0.12788281295511936, right(srz193069540)
neg, 0.1312754970724383, right(srz274095914461)
neg, 0.1872108373518019, right(srz246186711554)
neg, 0.1284615400382881, right(srz1930611461)
neg, 0.1312754970724383, right(srz96566179178)
neg, 0.12788281295511936, right(srz8029726080)
neg, 0.1312754970724383, right(srz965661714095)
neg, 0.1312754970724383, right(srz9659492207)
neg, 0.12788281295511936, right(srz96594929470)
neg, 0.12788281295511936, right(srz44248275336)
neg, 0.1872108373518019, right(srz96566176546)
neg, 0.12788281295511936, right(srz1930630)
neg, 0.1312754970724383, right(srz4424827297)
neg, 0.12788281295511936, right(srz246186716059)
neg, 0.12788281295511936, right(srz96566178870)
neg, 0.20741489118092746, right(srz965661712665)
neg, 0.12788281295511936, right(srz193062631)
neg, 0.1872108373518019, right(srz8029721958)
neg, 0.12788281295511936, right(srz965949213384)
neg, 0.20741489118092746, right(srz274095915307)
neg, 0.1872108373518019, right(srz96566172429)
neg, 0.12788281295511936, right(srz27409598447)
neg, 0.1872108373518019, right(srz19306263)
neg, 0.12788281295511936, right(srz193063950)
neg, 0.12788281295511936, right(srz1930611974)
neg, 0.12788281295511936, right(srz274095915966)
neg, 0.20741489118092746, right(srz96594926911)
neg, 0.18485684970456687, right(srz99311016308)
neg, 0.20741489118092746, right(srz274095910894)
neg, 0.12788281295511936, right(srz965949213328)
neg, 0.18485684970456687, right(srz44248278253)
neg, 0.1312754970724383, right(srz193061202)
neg, 0.26569465657955116, right(srz8029727824)
neg, 0.1312754970724383, right(srz44230442154)
neg, 0.1312754970724383, right(srz24618674471)
neg, 0.1312754970724383, right(srz246186714483)
neg, 0.12788281295511936, right(srz965661712190)
neg, 0.12788281295511936, right(srz965949212713)
neg, 0.20741489118092746, right(srz24618673892)
neg, 0.12788281295511936, right(srz99311015945)
neg, 0.12788281295511936, right(srz246186716202)
neg, 0.12788281295511936, right(srz274095912996)
neg, 0.1284615400382881, right(srz246186710670)
neg, 0.20741489118092746, right(srz965661713347)
neg, 0.12788281295511936, right(srz993110111367)
neg, 0.13284978350377796, right(srz4424827413)
neg, 0.12788281295511936, right(srz965661714068)
neg, 0.12788281295511936, right(srz24618674204)
neg, 0.12788281295511936, right(srz27409594028)
neg, 0.12788281295511936, right(srz44230446946)
neg, 0.12788281295511936, right(srz246186711795)
neg, 0.12788281295511936, right(srz44248274664)
neg, 0.1312754970724383, right(srz965949212617)
neg, 0.12788281295511936, right(srz4423044440)
neg, 0.12788281295511936, right(srz993110112303)
neg, 0.18485684970456687, right(srz8029727922)
neg, 0.18485684970456687, right(srz1930610022)
neg, 0.1284615400382881, right(srz96566171543)
neg, 0.1312754970724383, right(srz44230445733)
neg, 0.12788281295511936, right(srz8029724365)
neg, 0.18485684970456687, right(srz44248271464)
neg, 0.12788281295511936, right(srz99311016834)
neg, 0.20741489118092746, right(srz44248277462)
neg, 0.1312754970724383, right(srz246186714519)
neg, 0.1872108373518019, right(srz99311018554)
neg, 0.12788281295511936, right(srz96566178944)
neg, 0.1312754970724383, right(srz802972145)
neg, 0.12788281295511936, right(srz96594927011)
neg, 0.18511330982967572, right(srz4423044510)
neg, 0.12788281295511936, right(srz965661715899)
neg, 0.12788281295511936, right(srz44248275406)
neg, 0.1312754970724383, right(srz99311013993)
neg, 0.12788281295511936, right(srz27409594046)
neg, 0.1312754970724383, right(srz274095912046)
neg, 0.1312754970724383, right(srz96566175753)
neg, 0.1312754970724383, right(srz24618675039)
neg, 0.20741489118092746, right(srz96566178450)
neg, 0.1872108373518019, right(srz80297210115)
neg, 0.12788281295511936, right(srz44230444036)
neg, 0.12788281295511936, right(srz274095914798)
neg, 0.18485684970456687, right(srz993110111794)
neg, 0.20741489118092746, right(srz24618678515)
neg, 0.1312754970724383, right(srz99311019163)
neg, 0.1312754970724383, right(srz24618676542)
neg, 0.1312754970724383, right(srz246186710170)
neg, 0.1312754970724383, right(srz27409594471)
neg, 0.12788281295511936, right(srz44248272317)
neg, 0.1312754970724383, right(srz274095915084)
neg, 0.12788281295511936, right(srz96566172953)
neg, 0.1284615400382881, right(srz44248277541)
neg, 0.12788281295511936, right(srz27409594022)
neg, 0.20741489118092746, right(srz993110110598)
neg, 0.1312754970724383, right(srz274095910786)
neg, 0.1872108373518019, right(srz8029728693)
neg, 0.1312754970724383, right(srz993110111631)
neg, 0.1872108373518019, right(srz246186713177)
neg, 0.1872108373518019, right(srz44248273963)
neg, 0.1312754970724383, right(srz965949213121)
neg, 0.20741489118092746, right(srz27409598227)
neg, 0.1312754970724383, right(srz965949210671)
neg, 0.12788281295511936, right(srz27409593842)
neg, 0.1872108373518019, right(srz96566177460)
neg, 0.1312754970724383, right(srz96594929133)
neg, 0.17487980387577814, right(srz96594923424)
neg, 0.1872108373518019, right(srz24618674632)
neg, 0.1872108373518019, right(srz44248277445)
neg, 0.1312754970724383, right(srz44248277279)
neg, 0.18485684970456687, right(srz4423044557)
neg, 0.18485684970456687, right(srz8029722348)
neg, 0.12788281295511936, right(srz96594924037)
neg, 0.20741489118092746, right(srz965949213929)
neg, 0.1872108373518019, right(srz96594922268)
neg, 0.20741489118092746, right(srz96566174317)
neg, 0.1312754970724383, right(srz193064227)
neg, 0.13284978350377796, right(srz19306387)
neg, 0.1872108373518019, right(srz80297210821)
neg, 0.20741489118092746, right(srz993110110292)
neg, 0.1312754970724383, right(srz99311014048)
neg, 0.20741489118092746, right(srz274095911533)
neg, 0.20741489118092746, right(srz99311019537)
neg, 0.12788281295511936, right(srz96594929360)
neg, 0.1872108373518019, right(srz246186713208)
neg, 0.12788281295511936, right(srz193064068)
neg, 0.1872108373518019, right(srz274095911116)
neg, 0.1312754970724383, right(srz96594929113)
neg, 0.1312754970724383, right(srz99311014690)
neg, 0.1284615400382881, right(srz99311018681)
neg, 0.1312754970724383, right(srz24618674992)
neg, 0.1872108373518019, right(srz246186710063)
neg, 0.1312754970724383, right(srz1930612099)
neg, 0.1312754970724383, right(srz965661712416)
neg, 0.12788281295511936, right(srz4424827351)
neg, 0.12788281295511936, right(srz193064074)
neg, 0.14158514118650908, right(srz8029727471)
neg, 0.13284978350377796, right(srz4424827429)
neg, 0.1872108373518019, right(srz44230448336)
neg, 0.1312754970724383, right(srz80297210066)
neg, 0.12788281295511936, right(srz193069165)
neg, 0.1872108373518019, right(srz96566174458)
neg, 0.14158514118650908, right(srz965949210772)
neg, 0.1872108373518019, right(srz24618676885)
neg, 0.13284978350377796, right(srz96594928780)
neg, 0.12788281295511936, right(srz96566178747)
neg, 0.12788281295511936, right(srz1930611709)
neg, 0.1312754970724383, right(srz9656617917)
neg, 0.1312754970724383, right(srz44230442138)
neg, 0.1312754970724383, right(srz96594922545)
neg, 0.17487980387577814, right(srz993110110349)
neg, 0.1312754970724383, right(srz44230443611)
neg, 0.12788281295511936, right(srz44230445508)
neg, 0.1872108373518019, right(srz993110111769)
neg, 0.14158514118650908, right(srz193067939)
neg, 0.1284615400382881, right(srz96594926483)
neg, 0.18485684970456687, right(srz24618675284)
neg, 0.12788281295511936, right(srz8029721539)
neg, 0.1284615400382881, right(srz96594926553)
neg, 0.12788281295511936, right(srz965661713818)
neg, 0.12788281295511936, right(srz96566173013)
neg, 0.12788281295511936, right(srz193066746)
neg, 0.12788281295511936, right(srz24618672833)
neg, 0.1284615400382881, right(srz27409595723)
neg, 0.1312754970724383, right(srz993110111472)
neg, 0.1312754970724383, right(srz27409594671)
neg, 0.18511330982967572, right(srz993110111550)
neg, 0.1312754970724383, right(srz246186715891)
neg, 0.1312754970724383, right(srz99311014075)
neg, 0.12788281295511936, right(srz193061699)
neg, 0.1312754970724383, right(srz96594925574)
neg, 0.12788281295511936, right(srz27409595842)
neg, 0.12788281295511936, right(srz24618676288)
neg, 0.1312754970724383, right(srz965661712476)
neg, 0.1312754970724383, right(srz24618676549)
neg, 0.1312754970724383, right(srz27409599723)
neg, 0.1284615400382881, right(srz24618679332)
neg, 0.20741489118092746, right(srz965661713342)
neg, 0.1872108373518019, right(srz99311015449)
neg, 0.12788281295511936, right(srz8029725796)
neg, 0.1872108373518019, right(srz274095913505)
neg, 0.20741489118092746, right(srz99311014637)
neg, 0.1284615400382881, right(srz965661710407)
neg, 0.18485684970456687, right(srz96566179275)
neg, 0.1872108373518019, right(srz44248271433)
neg, 0.12788281295511936, right(srz8029721487)
neg, 0.12788281295511936, right(srz274095911300)
neg, 0.20741489118092746, right(srz44230443591)
neg, 0.12788281295511936, right(srz96594925643)
neg, 0.1312754970724383, right(srz1930611380)
neg, 0.18485684970456687, right(srz4424827539)
neg, 0.12788281295511936, right(srz8029729111)
neg, 0.12788281295511936, right(srz44248277941)
neg, 0.1312754970724383, right(srz99311011324)
neg, 0.12788281295511936, right(srz27409591050)
neg, 0.12788281295511936, right(srz44230448023)
neg, 0.12788281295511936, right(srz993110111189)
neg, 0.13284978350377796, right(srz193066870)
neg, 0.12788281295511936, right(srz24618671341)
neg, 0.13284978350377796, right(srz193064993)
neg, 0.12788281295511936, right(srz8029722131)
neg, 0.14158514118650908, right(srz965949213536)
neg, 0.1312754970724383, right(srz99311017666)
neg, 0.12788281295511936, right(srz24618677539)
neg, 0.1872108373518019, right(srz80297210925)
neg, 0.1312754970724383, right(srz965949211619)
neg, 0.1312754970724383, right(srz4424827976)
neg, 0.1312754970724383, right(srz44248275510)
neg, 0.1312754970724383, right(srz274095916610)
neg, 0.1312754970724383, right(srz993110110061)
neg, 0.26569465657955116, right(srz246186711413)
neg, 0.1312754970724383, right(srz8029729491)
neg, 0.12788281295511936, right(srz99311011076)
neg, 0.26978824010658575, right(srz80297210897)
neg, 0.1284615400382881, right(srz96594921235)
neg, 0.24939322129195243, right(srz965949211182)
neg, 0.1312754970724383, right(srz965661711157)
neg, 0.26569465657955116, right(srz246186710936)
neg, 0.12788281295511936, right(srz27409597420)
neg, 0.17487980387577814, right(srz96594929988)
neg, 0.1872108373518019, right(srz802972882)
neg, 0.1312754970724383, right(srz96566171086)
neg, 0.18485684970456687, right(srz965949211194)
neg, 0.12788281295511936, right(srz44230446967)
neg, 0.12788281295511936, right(srz44248274662)
neg, 0.26569465657955116, right(srz8029729868)
neg, 0.20741489118092746, right(srz96566179528)
neg, 0.12788281295511936, right(srz44248275467)
neg, 0.1312754970724383, right(srz965949213069)
neg, 0.12788281295511936, right(srz965661712026)
neg, 0.1872108373518019, right(srz274095910288)
neg, 0.1312754970724383, right(srz274095915708)
neg, 0.1312754970724383, right(srz8029728522)
neg, 0.12788281295511936, right(srz193068598)
neg, 0.1284615400382881, right(srz27409597221)
neg, 0.13284978350377796, right(srz193065051)
neg, 0.18485684970456687, right(srz96594928828)
neg, 0.12788281295511936, right(srz8029721525)
neg, 0.12788281295511936, right(srz44248276252)
neg, 0.12788281295511936, right(srz44248275759)
neg, 0.18485684970456687, right(srz96566172078)
neg, 0.12788281295511936, right(srz4424827654)
neg, 0.12788281295511936, right(srz44248273593)
neg, 0.12788281295511936, right(srz246186714769)
neg, 0.12788281295511936, right(srz27409592709)
neg, 0.1312754970724383, right(srz246186716657)
neg, 0.1312754970724383, right(srz27409596169)
neg, 0.12788281295511936, right(srz965661710858)
neg, 0.20741489118092746, right(srz993110110315)
neg, 0.12788281295511936, right(srz99311016631)
neg, 0.1872108373518019, right(srz8029726887)
neg, 0.12788281295511936, right(srz27409592821)
neg, 0.12788281295511936, right(srz24618671278)
neg, 0.1872108373518019, right(srz802972725)
neg, 0.12788281295511936, right(srz24618671257)
neg, 0.1312754970724383, right(srz246186712257)
neg, 0.14158514118650908, right(srz96566174143)
neg, 0.18511330982967572, right(srz274095910222)
neg, 0.20741489118092746, right(srz99311011787)
neg, 0.17487980387577814, right(srz193067525)
neg, 0.12788281295511936, right(srz44248277623)
neg, 0.20741489118092746, right(srz96594922354)
neg, 0.1312754970724383, right(srz24618675517)
neg, 0.1312754970724383, right(srz44230443419)
neg, 0.1872108373518019, right(srz193067227)
neg, 0.20741489118092746, right(srz27409594641)
neg, 0.12788281295511936, right(srz44248273373)
neg, 0.20741489118092746, right(srz80297284)
neg, 0.12788281295511936, right(srz246186716213)
neg, 0.1312754970724383, right(srz8029724790)
neg, 0.12788281295511936, right(srz8029728792)
neg, 0.12788281295511936, right(srz44230444272)
neg, 0.1872108373518019, right(srz24618675651)
neg, 0.12788281295511936, right(srz246186713006)
neg, 0.13284978350377796, right(srz193068675)
neg, 0.1312754970724383, right(srz993110110800)
neg, 0.20741489118092746, right(srz246186715540)
neg, 0.12788281295511936, right(srz99311016825)
neg, 0.20741489118092746, right(srz19306145)
neg, 0.12788281295511936, right(srz24618679415)
neg, 0.1312754970724383, right(srz193066658)
neg, 0.1312754970724383, right(srz8029729532)
neg, 0.24364176356732303, right(srz993110110854)
neg, 0.12788281295511936, right(srz274095916160)
neg, 0.20741489118092746, right(srz274095916705)
neg, 0.14158514118650908, right(srz8029723688)
neg, 0.20741489118092746, right(srz8029726191)
neg, 0.12788281295511936, right(srz96594921612)
neg, 0.1284615400382881, right(srz27409597137)
neg, 0.1312754970724383, right(srz44248275899)
neg, 0.12788281295511936, right(srz24618675887)
neg, 0.12788281295511936, right(srz274095910033)
neg, 0.1284615400382881, right(srz8029728747)
neg, 0.12788281295511936, right(srz96594921357)
neg, 0.12788281295511936, right(srz44248274493)
neg, 0.12788281295511936, right(srz8029721312)
neg, 0.12788281295511936, right(srz193065511)
neg, 0.17487980387577814, right(srz96566179714)
neg, 0.13284978350377796, right(srz96594928794)
neg, 0.1872108373518019, right(srz8029723173)
neg, 0.1312754970724383, right(srz274095916955)
neg, 0.1312754970724383, right(srz44248275413)
neg, 0.12788281295511936, right(srz193069094)
neg, 0.13284978350377796, right(srz44248274327)
neg, 0.12788281295511936, right(srz44248272836)
neg, 0.1872108373518019, right(srz193063462)
neg, 0.12788281295511936, right(srz9656617381)
neg, 0.12788281295511936, right(srz802972400)
neg, 0.20741489118092746, right(srz44230443494)
neg, 0.2252026121146009, right(srz24618673355)
neg, 0.12788281295511936, right(srz96594929401)
neg, 0.12788281295511936, right(srz27409599646)
neg, 0.1872108373518019, right(srz965661714882)
neg, 0.1872108373518019, right(srz193062317)
neg, 0.18511330982967572, right(srz19306859)
neg, 0.12788281295511936, right(srz4423044924)
neg, 0.12788281295511936, right(srz99311015024)
neg, 0.1872108373518019, right(srz99311014224)
neg, 0.12788281295511936, right(srz99311013298)
neg, 0.20741489118092746, right(srz1930612164)
neg, 0.20741489118092746, right(srz44248278172)
neg, 0.1312754970724383, right(srz246186713394)
neg, 0.12788281295511936, right(srz24618675964)
neg, 0.20741489118092746, right(srz1930611336)
neg, 0.20741489118092746, right(srz193063246)
neg, 0.1312754970724383, right(srz9656617924)
neg, 0.1312754970724383, right(srz4423044600)
neg, 0.12788281295511936, right(srz27409591114)
neg, 0.1872108373518019, right(srz193062008)
neg, 0.20741489118092746, right(srz96594926910)
neg, 0.12788281295511936, right(srz27409592957)
neg, 0.12788281295511936, right(srz965661715961)
neg, 0.1312754970724383, right(srz96594924814)
neg, 0.12788281295511936, right(srz274095911286)
neg, 0.20741489118092746, right(srz246186715490)
neg, 0.20741489118092746, right(srz2461867347)
neg, 0.1872108373518019, right(srz965661713595)
neg, 0.1312754970724383, right(srz274095910958)
neg, 0.12788281295511936, right(srz44230447161)
neg, 0.12788281295511936, right(srz246186716099)
neg, 0.1312754970724383, right(srz193068737)
neg, 0.12788281295511936, right(srz99311011130)
neg, 0.1312754970724383, right(srz96594923047)
neg, 0.12788281295511936, right(srz44230446837)
neg, 0.12788281295511936, right(srz44248271681)
neg, 0.20741489118092746, right(srz96594929579)
neg, 0.1312754970724383, right(srz193062044)
neg, 0.1312754970724383, right(srz274095912814)
neg, 0.12788281295511936, right(srz4423044274)
neg, 0.1312754970724383, right(srz24618674859)
neg, 0.1312754970724383, right(srz993110112096)
neg, 0.12788281295511936, right(srz96594921375)
neg, 0.12788281295511936, right(srz44248275725)
neg, 0.1312754970724383, right(srz96566173445)
neg, 0.1312754970724383, right(srz8029722989)
neg, 0.12788281295511936, right(srz44248275630)
neg, 0.26569465657955116, right(srz19306721)
neg, 0.1284615400382881, right(srz80297210125)
neg, 0.1312754970724383, right(srz193069645)
neg, 0.12788281295511936, right(srz965661711721)
neg, 0.1312754970724383, right(srz8029724779)
neg, 0.1312754970724383, right(srz1930612021)
neg, 0.12788281295511936, right(srz27409595304)
neg, 0.1284615400382881, right(srz96594921194)
neg, 0.1312754970724383, right(srz193061808)
neg, 0.1312754970724383, right(srz99311011982)
neg, 0.1312754970724383, right(srz274095917280)
neg, 0.1872108373518019, right(srz965661715141)
neg, 0.1872108373518019, right(srz44230442997)
neg, 0.12788281295511936, right(srz246186714371)
neg, 0.18485684970456687, right(srz193062351)
neg, 0.1312754970724383, right(srz99311016339)
neg, 0.12788281295511936, right(srz96566174721)
neg, 0.1872108373518019, right(srz96566174667)
neg, 0.1312754970724383, right(srz8029724287)
neg, 0.12788281295511936, right(srz44248273300)
neg, 0.1312754970724383, right(srz8029726530)
neg, 0.20741489118092746, right(srz246186712295)
neg, 0.12788281295511936, right(srz8029728807)
neg, 0.12788281295511936, right(srz44248276978)
neg, 0.1284615400382881, right(srz802972733)
neg, 0.1312754970724383, right(srz24618676583)
neg, 0.20741489118092746, right(srz44248277512)
neg, 0.12788281295511936, right(srz96566177952)
neg, 0.12788281295511936, right(srz44248277011)
neg, 0.20741489118092746, right(srz96566174896)
neg, 0.1312754970724383, right(srz96566179328)
neg, 0.1312754970724383, right(srz965661714618)
neg, 0.1312754970724383, right(srz99311013693)
neg, 0.20741489118092746, right(srz27409599405)
neg, 0.12788281295511936, right(srz99311015966)
neg, 0.12788281295511936, right(srz27409599028)
neg, 0.1872108373518019, right(srz965661715673)
neg, 0.1872108373518019, right(srz246186711586)
neg, 0.20741489118092746, right(srz99311015073)
neg, 0.12788281295511936, right(srz24618672695)
neg, 0.1312754970724383, right(srz8029726357)
neg, 0.12788281295511936, right(srz246186713286)
neg, 0.1312754970724383, right(srz193061893)
neg, 0.14158514118650908, right(srz965661710187)
neg, 0.12788281295511936, right(srz27409599191)
neg, 0.18485684970456687, right(srz44230448113)
neg, 0.12788281295511936, right(srz246186710857)
neg, 0.1872108373518019, right(srz27409598287)
neg, 0.12788281295511936, right(srz24618677484)
neg, 0.13284978350377796, right(srz246186716978)
neg, 0.26978824010658575, right(srz44230442461)
neg, 0.17487980387577814, right(srz99311013957)
neg, 0.1312754970724383, right(srz44230444363)
neg, 0.1312754970724383, right(srz24618679517)
neg, 0.1312754970724383, right(srz274095915149)
neg, 0.12788281295511936, right(srz965949213834)
neg, 0.12788281295511936, right(srz96566177801)
neg, 0.12788281295511936, right(srz8029725935)
neg, 0.1312754970724383, right(srz8029722584)
neg, 0.20741489118092746, right(srz99311013367)
neg, 0.26569465657955116, right(srz9659492647)
neg, 0.12788281295511936, right(srz8029721490)
neg, 0.12788281295511936, right(srz193061363)
neg, 0.1872108373518019, right(srz193062461)
neg, 0.1872108373518019, right(srz193064798)
neg, 0.1312754970724383, right(srz99311015854)
neg, 0.1284615400382881, right(srz24618679201)
neg, 0.12788281295511936, right(srz99311016690)
neg, 0.1312754970724383, right(srz8029729960)
neg, 0.20741489118092746, right(srz193066358)
neg, 0.12788281295511936, right(srz965949215)
neg, 0.1284615400382881, right(srz24618675716)
neg, 0.13284978350377796, right(srz193066875)
neg, 0.1312754970724383, right(srz193062806)
neg, 0.12788281295511936, right(srz193067810)
neg, 0.18485684970456687, right(srz24618679924)
neg, 0.1312754970724383, right(srz44230443304)
neg, 0.20741489118092746, right(srz2740959365)
neg, 0.12788281295511936, right(srz99311012667)
neg, 0.20741489118092746, right(srz193065333)
neg, 0.12788281295511936, right(srz44230443373)
neg, 0.20741489118092746, right(srz274095910090)
neg, 0.12788281295511936, right(srz246186730)
neg, 0.12788281295511936, right(srz44230444636)
neg, 0.12788281295511936, right(srz96566178726)
neg, 0.12788281295511936, right(srz8029727112)
neg, 0.1312754970724383, right(srz96566179781)
neg, 0.1284615400382881, right(srz44230442479)
neg, 0.14158514118650908, right(srz44248275091)
neg, 0.1312754970724383, right(srz8029724685)
neg, 0.1872108373518019, right(srz993110112032)
neg, 0.12788281295511936, right(srz274095914850)
neg, 0.12788281295511936, right(srz4423044866)
neg, 0.18485684970456687, right(srz8029728077)
neg, 0.1312754970724383, right(srz99311012124)
neg, 0.18485684970456687, right(srz44230442038)
neg, 0.12788281295511936, right(srz99311018276)
neg, 0.12788281295511936, right(srz24618671232)
neg, 0.1872108373518019, right(srz96594921058)
neg, 0.13284978350377796, right(srz193066867)
neg, 0.20741489118092746, right(srz96566178512)
neg, 0.1312754970724383, right(srz44230443535)
neg, 0.18485684970456687, right(srz965949211198)
neg, 0.12788281295511936, right(srz44230441041)
neg, 0.1312754970724383, right(srz24618676712)
neg, 0.1312754970724383, right(srz274095912025)
neg, 0.1312754970724383, right(srz193068524)
neg, 0.12788281295511936, right(srz274095916112)
neg, 0.12788281295511936, right(srz193066699)
neg, 0.17487980387577814, right(srz96566177712)
neg, 0.18485684970456687, right(srz9659492410)
neg, 0.1312754970724383, right(srz24618678665)
neg, 0.12788281295511936, right(srz8029722756)
neg, 0.18485684970456687, right(srz193067231)
neg, 0.1872108373518019, right(srz246186710492)
neg, 0.1872108373518019, right(srz8029723172)
neg, 0.1872108373518019, right(srz96594926083)
neg, 0.1872108373518019, right(srz96566171376)
neg, 0.12788281295511936, right(srz965661712052)
neg, 0.1312754970724383, right(srz99311015711)
neg, 0.1284615400382881, right(srz96594926605)
neg, 0.1312754970724383, right(srz193062029)
neg, 0.18485684970456687, right(srz993110111801)
neg, 0.1284615400382881, right(srz96594921186)
neg, 0.12788281295511936, right(srz96566178858)
neg, 0.24364176356732303, right(srz8029724096)
neg, 0.1312754970724383, right(srz274095915705)
neg, 0.12788281295511936, right(srz9656617410)
neg, 0.1312754970724383, right(srz96594921006)
neg, 0.12788281295511936, right(srz44230447110)
neg, 0.12788281295511936, right(srz27409592859)
neg, 0.1312754970724383, right(srz96594922541)
neg, 0.1312754970724383, right(srz8029721847)
neg, 0.1312754970724383, right(srz4424827201)
neg, 0.1872108373518019, right(srz274095915286)
neg, 0.1312754970724383, right(srz8029724042)
neg, 0.12788281295511936, right(srz8029721456)
neg, 0.12788281295511936, right(srz99311018745)
neg, 0.12788281295511936, right(srz274095916157)
neg, 0.1872108373518019, right(srz965949210688)
neg, 0.12788281295511936, right(srz8029723917)
neg, 0.12788281295511936, right(srz96566174723)
neg, 0.18485684970456687, right(srz96566174110)
neg, 0.1312754970724383, right(srz44248271851)
neg, 0.12788281295511936, right(srz27409594148)
neg, 0.1872108373518019, right(srz96566173357)
neg, 0.12788281295511936, right(srz193069428)
neg, 0.12788281295511936, right(srz99311019692)
neg, 0.14158514118650908, right(srz193067715)
neg, 0.12788281295511936, right(srz96594927001)
neg, 0.1312754970724383, right(srz193062784)
neg, 0.12788281295511936, right(srz246186716008)
neg, 0.1312754970724383, right(srz44248276129)
neg, 0.1312754970724383, right(srz8029721286)
neg, 0.24364176356732303, right(srz193068798)
neg, 0.12788281295511936, right(srz246186711694)
neg, 0.1872108373518019, right(srz274095911170)
neg, 0.12788281295511936, right(srz1930611860)
neg, 0.1284615400382881, right(srz27409597157)
neg, 0.1312754970724383, right(srz99311012026)
neg, 0.18485684970456687, right(srz44230447314)
neg, 0.1872108373518019, right(srz96566179918)
neg, 0.12788281295511936, right(srz44230444135)
neg, 0.1872108373518019, right(srz24618677849)
neg, 0.1312754970724383, right(srz193065247)
neg, 0.18485684970456687, right(srz44248272601)
neg, 0.26569465657955116, right(srz96594922180)
neg, 0.12788281295511936, right(srz2461867269)
neg, 0.12788281295511936, right(srz44230445670)
neg, 0.1872108373518019, right(srz96594921673)
neg, 0.1284615400382881, right(srz24618679330)
neg, 0.12788281295511936, right(srz965949213344)
neg, 0.20741489118092746, right(srz193062276)
neg, 0.1312754970724383, right(srz44248271061)
neg, 0.1312754970724383, right(srz8029722166)
neg, 0.1872108373518019, right(srz8029729652)
neg, 0.1284615400382881, right(srz27409595794)
neg, 0.1312754970724383, right(srz24618679843)
neg, 0.12788281295511936, right(srz246186711356)
neg, 0.1312754970724383, right(srz96566176376)
neg, 0.12788281295511936, right(srz44248276316)
neg, 0.1312754970724383, right(srz44230441844)
neg, 0.12788281295511936, right(srz44230444513)
neg, 0.12788281295511936, right(srz96594924104)
neg, 0.20741489118092746, right(srz965949246)
neg, 0.1312754970724383, right(srz99311011960)
neg, 0.12788281295511936, right(srz246186711982)
neg, 0.12788281295511936, right(srz27409598757)
neg, 0.1872108373518019, right(srz27409598282)
neg, 0.1872108373518019, right(srz44248274172)
neg, 0.12788281295511936, right(srz246186714978)
neg, 0.13284978350377796, right(srz99311019663)
neg, 0.12788281295511936, right(srz193063610)
neg, 0.12788281295511936, right(srz274095911715)
neg, 0.1312754970724383, right(srz965949212647)
neg, 0.20741489118092746, right(srz96566177270)
neg, 0.1284615400382881, right(srz1930610290)
neg, 0.12788281295511936, right(srz96594929253)
neg, 0.13284978350377796, right(srz193066889)
neg, 0.12788281295511936, right(srz193064503)
neg, 0.1872108373518019, right(srz8029728149)
neg, 0.12788281295511936, right(srz246186716218)
neg, 0.1872108373518019, right(srz24618675290)
neg, 0.1872108373518019, right(srz193064407)
neg, 0.1312754970724383, right(srz24618674463)
neg, 0.1312754970724383, right(srz8029726206)
neg, 0.1284615400382881, right(srz99311018566)
neg, 0.20741489118092746, right(srz1930610941)
neg, 0.1312754970724383, right(srz44248273140)
neg, 0.12788281295511936, right(srz24618674184)
neg, 0.12788281295511936, right(srz99311011085)
neg, 0.12788281295511936, right(srz99311014837)
neg, 0.20741489118092746, right(srz96566173955)
neg, 0.1312754970724383, right(srz965661712867)
neg, 0.12788281295511936, right(srz44248272835)
neg, 0.1872108373518019, right(srz19306254)
neg, 0.12788281295511936, right(srz965949211868)
neg, 0.17487980387577814, right(srz19306568)
neg, 0.12788281295511936, right(srz965661711812)
neg, 0.12788281295511936, right(srz27409591409)
neg, 0.12788281295511936, right(srz246186712084)
neg, 0.18511330982967572, right(srz19306673)
neg, 0.1312754970724383, right(srz44248276132)
neg, 0.14158514118650908, right(srz193067626)
neg, 0.13284978350377796, right(srz99311019666)
neg, 0.12788281295511936, right(srz80297210490)
neg, 0.1312754970724383, right(srz274095912628)
neg, 0.1312754970724383, right(srz9659492238)
neg, 0.12788281295511936, right(srz80297210476)
neg, 0.12788281295511936, right(srz193067383)
neg, 0.18485684970456687, right(srz274095911361)
neg, 0.20741489118092746, right(srz24618675187)
neg, 0.1872108373518019, right(srz965661711612)
neg, 0.12788281295511936, right(srz965949210977)
neg, 0.12788281295511936, right(srz24618671251)
neg, 0.20741489118092746, right(srz8029726332)
neg, 0.12788281295511936, right(srz8029725485)
neg, 0.1312754970724383, right(srz24618674670)
neg, 0.18485684970456687, right(srz44248272620)
neg, 0.15013817616499373, right(srz44230442117)
neg, 0.12788281295511936, right(srz96594929301)
neg, 0.1872108373518019, right(srz99311011525)
neg, 0.14158514118650908, right(srz193067769)
neg, 0.12788281295511936, right(srz274095916123)
neg, 0.13284978350377796, right(srz99311013027)
neg, 0.13284978350377796, right(srz99311013061)
neg, 0.1312754970724383, right(srz44248271478)
neg, 0.12788281295511936, right(srz193067317)
neg, 0.12788281295511936, right(srz44248273487)
neg, 0.20741489118092746, right(srz24618672308)
neg, 0.1284615400382881, right(srz24618676956)
neg, 0.1312754970724383, right(srz965949210318)
neg, 0.1284615400382881, right(srz27409595760)
neg, 0.12788281295511936, right(srz4423044859)
neg, 0.1872108373518019, right(srz193062001)
neg, 0.12788281295511936, right(srz246186714792)
neg, 0.1312754970724383, right(srz44230446131)
neg, 0.20741489118092746, right(srz99311016843)
neg, 0.1872108373518019, right(srz27409596519)
neg, 0.1312754970724383, right(srz442482732)
neg, 0.1872108373518019, right(srz24618675109)
neg, 0.1312754970724383, right(srz24618676015)
neg, 0.1872108373518019, right(srz274095914564)
neg, 0.17487980387577814, right(srz993110110112)
neg, 0.12788281295511936, right(srz965661714833)
neg, 0.1312754970724383, right(srz193065588)
neg, 0.1872108373518019, right(srz44248273643)
neg, 0.20741489118092746, right(srz8029727289)
neg, 0.1312754970724383, right(srz44248275502)
neg, 0.1872108373518019, right(srz193068393)
neg, 0.1872108373518019, right(srz44230442098)
neg, 0.26978824010658575, right(srz193069893)
neg, 0.12788281295511936, right(srz274095913768)
neg, 0.12788281295511936, right(srz27409594119)
neg, 0.12788281295511936, right(srz246186711946)
neg, 0.18485684970456687, right(srz246186714132)
neg, 0.1872108373518019, right(srz965949213185)
neg, 0.12788281295511936, right(srz99311016546)
neg, 0.1872108373518019, right(srz993110111772)
neg, 0.1312754970724383, right(srz246186710387)
neg, 0.12788281295511936, right(srz24618673141)
neg, 0.17487980387577814, right(srz8029723136)
neg, 0.17487980387577814, right(srz27409599773)
neg, 0.1312754970724383, right(srz24618674802)
neg, 0.1312754970724383, right(srz96594921861)
neg, 0.12788281295511936, right(srz193066100)
neg, 0.1284615400382881, right(srz44230442664)
neg, 0.12788281295511936, right(srz965661710610)
neg, 0.12788281295511936, right(srz193066059)
neg, 0.1312754970724383, right(srz193062814)
neg, 0.12788281295511936, right(srz2740959264)
neg, 0.1312754970724383, right(srz27409596887)
neg, 0.1312754970724383, right(srz965661712585)
neg, 0.20741489118092746, right(srz965949212146)
neg, 0.12788281295511936, right(srz1930610753)
neg, 0.12788281295511936, right(srz8029725500)
neg, 0.12788281295511936, right(srz44230441549)
neg, 0.1312754970724383, right(srz99311012801)
neg, 0.1312754970724383, right(srz44230441412)
neg, 0.1312754970724383, right(srz246186714490)
neg, 0.20741489118092746, right(srz4423044648)
neg, 0.12788281295511936, right(srz193069073)
neg, 0.12788281295511936, right(srz193068019)
neg, 0.12788281295511936, right(srz27409591670)
neg, 0.1312754970724383, right(srz96566174451)
neg, 0.20741489118092746, right(srz27409594580)
neg, 0.12788281295511936, right(srz2461867946)
neg, 0.1312754970724383, right(srz965661714465)
neg, 0.1312754970724383, right(srz96566179235)
neg, 0.1312754970724383, right(srz8029722189)
neg, 0.1872108373518019, right(srz246186713196)
neg, 0.1312754970724383, right(srz99311017539)
neg, 0.12788281295511936, right(srz96566176181)
neg, 0.13284978350377796, right(srz193064970)
neg, 0.1872108373518019, right(srz9931101426)
neg, 0.12788281295511936, right(srz19306307)
neg, 0.1312754970724383, right(srz96594925548)
neg, 0.1312754970724383, right(srz96566177292)
neg, 0.20741489118092746, right(srz27409596978)
neg, 0.12788281295511936, right(srz965949212788)
neg, 0.1312754970724383, right(srz27409596780)
neg, 0.1284615400382881, right(srz96566178126)
neg, 0.20741489118092746, right(srz246186711086)
neg, 0.1872108373518019, right(srz246186711584)
neg, 0.1312754970724383, right(srz965661713607)
neg, 0.12788281295511936, right(srz44230442942)
neg, 0.1312754970724383, right(srz96566177219)
neg, 0.18485684970456687, right(srz19306639)
neg, 0.20741489118092746, right(srz99311011783)
neg, 0.1312754970724383, right(srz27409597029)
neg, 0.12788281295511936, right(srz2461867569)
neg, 0.20741489118092746, right(srz99311017092)
neg, 0.12788281295511936, right(srz44248277995)
neg, 0.20741489118092746, right(srz27409596424)
neg, 0.1312754970724383, right(srz96594929843)
neg, 0.12788281295511936, right(srz193069467)
neg, 0.1312754970724383, right(srz274095916620)
neg, 0.1872108373518019, right(srz246186713119)
neg, 0.1284615400382881, right(srz80297210195)
neg, 0.13284978350377796, right(srz8029729238)
neg, 0.1284615400382881, right(srz274095912327)
neg, 0.1312754970724383, right(srz965949213100)
neg, 0.12788281295511936, right(srz96594923783)
neg, 0.1312754970724383, right(srz965949210522)
neg, 0.1284615400382881, right(srz80297210146)
neg, 0.1312754970724383, right(srz193062054)
neg, 0.12788281295511936, right(srz193066959)
neg, 0.1284615400382881, right(srz44230442442)
neg, 0.1312754970724383, right(srz246186713398)
neg, 0.1312754970724383, right(srz24618677635)
neg, 0.14158514118650908, right(srz965949210736)
neg, 0.1872108373518019, right(srz19306800)
neg, 0.1284615400382881, right(srz246186710581)
neg, 0.1872108373518019, right(srz9931101395)
neg, 0.12788281295511936, right(srz27409593965)
neg, 0.1312754970724383, right(srz24618674998)
neg, 0.1872108373518019, right(srz246186712668)
neg, 0.1312754970724383, right(srz246186713670)
neg, 0.20741489118092746, right(srz99311019777)
neg, 0.13284978350377796, right(srz965661714322)
neg, 0.12788281295511936, right(srz96566172806)
neg, 0.20741489118092746, right(srz99311015055)
neg, 0.12788281295511936, right(srz24618679465)
neg, 0.1312754970724383, right(srz193062579)
neg, 0.12788281295511936, right(srz44230445149)
neg, 0.12788281295511936, right(srz44248276762)
neg, 0.12788281295511936, right(srz27409591303)
neg, 0.12788281295511936, right(srz96594924524)
neg, 0.12788281295511936, right(srz246186711873)
neg, 0.12788281295511936, right(srz96594926946)
neg, 0.12788281295511936, right(srz24618671365)
neg, 0.12788281295511936, right(srz8029721637)
neg, 0.1312754970724383, right(srz44230444866)
neg, 0.1872108373518019, right(srz4423044732)
neg, 0.17487980387577814, right(srz27409593417)
neg, 0.20741489118092746, right(srz27409594643)
neg, 0.12788281295511936, right(srz27409591681)
neg, 0.1312754970724383, right(srz8029729978)
neg, 0.1312754970724383, right(srz44230444465)
neg, 0.1312754970724383, right(srz8029727237)
neg, 0.12788281295511936, right(srz27409599214)
neg, 0.17487980387577814, right(srz193064722)
neg, 0.1312754970724383, right(srz965661711055)
neg, 0.1312754970724383, right(srz8029729990)
neg, 0.1284615400382881, right(srz1930610371)
neg, 0.12788281295511936, right(srz8029728333)
neg, 0.18485684970456687, right(srz9931101456)
neg, 0.18485684970456687, right(srz193062907)
neg, 0.12788281295511936, right(srz1930612185)
neg, 0.1312754970724383, right(srz44230442849)
neg, 0.1312754970724383, right(srz44248274532)
neg, 0.1312754970724383, right(srz96566171102)
neg, 0.20741489118092746, right(srz4423044499)
neg, 0.1312754970724383, right(srz99311012117)
neg, 0.20741489118092746, right(srz274095911465)
neg, 0.1312754970724383, right(srz274095916609)
neg, 0.12788281295511936, right(srz193069493)
neg, 0.12788281295511936, right(srz44248271786)
neg, 0.1312754970724383, right(srz27409596047)
neg, 0.26978824010658575, right(srz80297210901)
neg, 0.1284615400382881, right(srz96594921336)
neg, 0.1312754970724383, right(srz274095916394)
neg, 0.1312754970724383, right(srz24618676597)
neg, 0.1312754970724383, right(srz965949212306)
neg, 0.12788281295511936, right(srz8029722694)
neg, 0.12788281295511936, right(srz274095914843)
neg, 0.1872108373518019, right(srz965661714684)
neg, 0.12788281295511936, right(srz193061348)
neg, 0.12788281295511936, right(srz44248275817)
neg, 0.13284978350377796, right(srz44248274705)
neg, 0.20741489118092746, right(srz246186711528)
neg, 0.1312754970724383, right(srz193061882)
neg, 0.12788281295511936, right(srz965949212793)
neg, 0.12788281295511936, right(srz24618672580)
neg, 0.1312754970724383, right(srz24618675432)
neg, 0.12788281295511936, right(srz8029722812)
neg, 0.1872108373518019, right(srz802972890)
neg, 0.18485684970456687, right(srz193062901)
neg, 0.20741489118092746, right(srz27409597967)
neg, 0.13284978350377796, right(srz96566173742)
neg, 0.1312754970724383, right(srz193067099)
neg, 0.20741489118092746, right(srz246186715529)
neg, 0.1312754970724383, right(srz193069837)
neg, 0.12788281295511936, right(srz246186711371)
neg, 0.20741489118092746, right(srz99311019124)
neg, 0.1312754970724383, right(srz99311012176)
neg, 0.1312754970724383, right(srz8029726196)
neg, 0.12788281295511936, right(srz24618672583)
neg, 0.1312754970724383, right(srz27409599298)
neg, 0.12788281295511936, right(srz8029725755)
neg, 0.1312754970724383, right(srz8029724792)
neg, 0.12788281295511936, right(srz96594922932)
neg, 0.20741489118092746, right(srz80297261)
neg, 0.17487980387577814, right(srz8029723489)
neg, 0.1872108373518019, right(srz96594922267)
neg, 0.1312754970724383, right(srz965661712884)
neg, 0.1872108373518019, right(srz1930611451)
neg, 0.1312754970724383, right(srz44230446088)
neg, 0.12788281295511936, right(srz24618679350)
neg, 0.12788281295511936, right(srz96566173870)
neg, 0.20741489118092746, right(srz44230448182)
neg, 0.1872108373518019, right(srz965661714699)
neg, 0.20741489118092746, right(srz44248272669)
neg, 0.1312754970724383, right(srz24618675465)
neg, 0.14158514118650908, right(srz44248275210)
neg, 0.20741489118092746, right(srz193069605)
neg, 0.14158514118650908, right(srz44248276650)
neg, 0.1872108373518019, right(srz965949213164)
neg, 0.12788281295511936, right(srz27409591244)
neg, 0.1312754970724383, right(srz99311011011)
neg, 0.2252026121146009, right(srz44230441184)
neg, 0.12788281295511936, right(srz8029729150)
neg, 0.1312754970724383, right(srz965949211428)
neg, 0.1872108373518019, right(srz27409598650)
neg, 0.12788281295511936, right(srz27409599473)
neg, 0.1872108373518019, right(srz96566179624)
neg, 0.12788281295511936, right(srz44230445634)
neg, 0.1312754970724383, right(srz44248271724)
neg, 0.1312754970724383, right(srz44248273217)
neg, 0.1312754970724383, right(srz96566172591)
neg, 0.12788281295511936, right(srz193069391)
neg, 0.20741489118092746, right(srz44230446773)
neg, 0.1312754970724383, right(srz193066552)
neg, 0.1312754970724383, right(srz193069690)
neg, 0.1312754970724383, right(srz96594928335)
neg, 0.12788281295511936, right(srz27409599487)
neg, 0.12788281295511936, right(srz99311015016)
neg, 0.12788281295511936, right(srz27409597300)
neg, 0.12788281295511936, right(srz24618671038)
neg, 0.1312754970724383, right(srz8029725288)
neg, 0.1312754970724383, right(srz4424827146)
neg, 0.1312754970724383, right(srz246186711043)
neg, 0.12788281295511936, right(srz965949211714)
neg, 0.1312754970724383, right(srz27409599311)
neg, 0.12788281295511936, right(srz27409599623)
neg, 0.18485684970456687, right(srz44230442469)
neg, 0.1312754970724383, right(srz246186713634)
neg, 0.12788281295511936, right(srz965661715755)
neg, 0.12788281295511936, right(srz99311016588)
neg, 0.1312754970724383, right(srz274095915660)
neg, 0.1284615400382881, right(srz99311018636)
neg, 0.1312754970724383, right(srz193062162)
neg, 0.12788281295511936, right(srz44230446992)
neg, 0.1312754970724383, right(srz27409599944)
neg, 0.20741489118092746, right(srz96566175583)
neg, 0.1284615400382881, right(srz96566171415)
neg, 0.1312754970724383, right(srz965661714748)
neg, 0.12788281295511936, right(srz44230446602)
neg, 0.1312754970724383, right(srz193065676)
neg, 0.1312754970724383, right(srz96594924371)
neg, 0.12788281295511936, right(srz246186717155)
neg, 0.12788281295511936, right(srz8029721748)
neg, 0.1312754970724383, right(srz99311011958)
neg, 0.12788281295511936, right(srz44248276722)
neg, 0.1284615400382881, right(srz80297210267)
neg, 0.1312754970724383, right(srz27409597830)
neg, 0.12788281295511936, right(srz993110111417)
neg, 0.12788281295511936, right(srz99311014701)
neg, 0.1312754970724383, right(srz965661713751)
neg, 0.20741489118092746, right(srz44248272567)
neg, 0.12788281295511936, right(srz8029729833)
neg, 0.12788281295511936, right(srz965661711930)
neg, 0.13284978350377796, right(srz19306407)
neg, 0.1872108373518019, right(srz96566175700)
neg, 0.1872108373518019, right(srz1930611148)
neg, 0.20741489118092746, right(srz246186713881)
neg, 0.20741489118092746, right(srz246186712726)
neg, 0.1312754970724383, right(srz44230447796)
neg, 0.12788281295511936, right(srz44248277704)
neg, 0.1312754970724383, right(srz99311012192)
neg, 0.26569465657955116, right(srz246186712157)
neg, 0.1872108373518019, right(srz274095911183)
neg, 0.17487980387577814, right(srz965949210007)
neg, 0.1312754970724383, right(srz274095915504)
neg, 0.1312754970724383, right(srz8029729893)
neg, 0.12788281295511936, right(srz44248272498)
neg, 0.1312754970724383, right(srz96594924810)
neg, 0.1872108373518019, right(srz965949211551)
neg, 0.12788281295511936, right(srz1930612316)
neg, 0.1872108373518019, right(srz19306790)
neg, 0.1872108373518019, right(srz27409593082)
neg, 0.12788281295511936, right(srz246186713742)
neg, 0.14158514118650908, right(srz965949210796)
neg, 0.1872108373518019, right(srz99311011568)
neg, 0.13284978350377796, right(srz44230443766)
neg, 0.12788281295511936, right(srz96566174994)
neg, 0.1872108373518019, right(srz27409596539)
neg, 0.1312754970724383, right(srz96594926131)
neg, 0.12788281295511936, right(srz4423044839)
neg, 0.12788281295511936, right(srz1930611841)
neg, 0.12788281295511936, right(srz193066038)
neg, 0.12788281295511936, right(srz96594928874)
neg, 0.12788281295511936, right(srz274095915832)
neg, 0.12788281295511936, right(srz96566175021)
neg, 0.1312754970724383, right(srz99311017038)
neg, 0.1312754970724383, right(srz274095910501)
neg, 0.12788281295511936, right(srz193061354)
neg, 0.12788281295511936, right(srz246186717039)
neg, 0.1312754970724383, right(srz44230441429)
neg, 0.1312754970724383, right(srz8029724026)
neg, 0.12788281295511936, right(srz2461867885)
neg, 0.1872108373518019, right(srz96566176980)
neg, 0.20741489118092746, right(srz193067350)
neg, 0.12788281295511936, right(srz44230441047)
neg, 0.17487980387577814, right(srz27409593500)
neg, 0.12788281295511936, right(srz27409591419)
neg, 0.12788281295511936, right(srz4423044842)
neg, 0.12788281295511936, right(srz24618672030)
neg, 0.12788281295511936, right(srz9656617540)
neg, 0.1872108373518019, right(srz8029729717)
neg, 0.1312754970724383, right(srz993110110790)
neg, 0.1872108373518019, right(srz99311011706)
neg, 0.17487980387577814, right(srz2461867899)
neg, 0.12788281295511936, right(srz44230447882)
neg, 0.12788281295511936, right(srz44248276781)
neg, 0.12788281295511936, right(srz99311012691)
neg, 0.1312754970724383, right(srz193064755)
neg, 0.18485684970456687, right(srz96566174184)
neg, 0.26569465657955116, right(srz96594927450)
neg, 0.12788281295511936, right(srz27409599004)
neg, 0.12788281295511936, right(srz193062708)
neg, 0.1312754970724383, right(srz44248271625)
neg, 0.12788281295511936, right(srz27409598776)
neg, 0.24364176356732303, right(srz44230442018)
neg, 0.1872108373518019, right(srz993110111680)
neg, 0.1312754970724383, right(srz80297210038)
neg, 0.12788281295511936, right(srz246186712092)
neg, 0.12788281295511936, right(srz1930611937)
neg, 0.13284978350377796, right(srz965661714275)
neg, 0.12788281295511936, right(srz274095915879)
neg, 0.12788281295511936, right(srz44248276342)
neg, 0.1312754970724383, right(srz246186714141)
neg, 0.26978824010658575, right(srz80297210893)
neg, 0.12788281295511936, right(srz193069127)
neg, 0.1312754970724383, right(srz965661714083)
neg, 0.12788281295511936, right(srz965661711839)
neg, 0.1312754970724383, right(srz44248272806)
neg, 0.12788281295511936, right(srz99311014807)
neg, 0.18485684970456687, right(srz96566174139)
neg, 0.1312754970724383, right(srz27409597813)
neg, 0.12788281295511936, right(srz193069531)
neg, 0.1312754970724383, right(srz965661714931)
neg, 0.1284615400382881, right(srz24618675767)
neg, 0.12788281295511936, right(srz96594924505)
neg, 0.18511330982967572, right(srz44248274131)
neg, 0.12788281295511936, right(srz99311014762)
neg, 0.1312754970724383, right(srz246186714521)
neg, 0.1872108373518019, right(srz193061958)
neg, 0.1312754970724383, right(srz96594924207)
neg, 0.1312754970724383, right(srz44230447691)
neg, 0.12788281295511936, right(srz99311011193)
neg, 0.20741489118092746, right(srz44248273601)
neg, 0.1312754970724383, right(srz193066459)
neg, 0.14158514118650908, right(srz8029729095)
neg, 0.12788281295511936, right(srz27409591667)
neg, 0.1312754970724383, right(srz44230444736)
neg, 0.1312754970724383, right(srz993110147)
neg, 0.12788281295511936, right(srz99311016643)
neg, 0.1312754970724383, right(srz44230444916)
neg, 0.20741489118092746, right(srz24618674569)
neg, 0.20741489118092746, right(srz1930611342)
neg, 0.12788281295511936, right(srz24618671346)
neg, 0.12788281295511936, right(srz96594929365)
neg, 0.12788281295511936, right(srz44248276893)
neg, 0.12788281295511936, right(srz24618678974)
neg, 0.12788281295511936, right(srz193063185)
neg, 0.1284615400382881, right(srz9656617268)
neg, 0.20741489118092746, right(srz19306158)
neg, 0.12788281295511936, right(srz44230444287)
neg, 0.12788281295511936, right(srz99311018791)
neg, 0.1312754970724383, right(srz44248271762)
neg, 0.1284615400382881, right(srz193069029)
neg, 0.2252026121146009, right(srz96594921783)
neg, 0.20741489118092746, right(srz2461867718)
neg, 0.20741489118092746, right(srz993110111118)
neg, 0.12788281295511936, right(srz4423044879)
neg, 0.12788281295511936, right(srz1930611877)
neg, 0.1312754970724383, right(srz96566173567)
neg, 0.1872108373518019, right(srz44230444605)
neg, 0.18485684970456687, right(srz19306829)
neg, 0.2252026121146009, right(srz96566179638)
neg, 0.1312754970724383, right(srz27409596167)
neg, 0.12788281295511936, right(srz96566178738)
neg, 0.1312754970724383, right(srz246186715610)
neg, 0.12788281295511936, right(srz96566176167)
neg, 0.1872108373518019, right(srz96594929979)
neg, 0.12788281295511936, right(srz246186713298)
neg, 0.1312754970724383, right(srz246186714119)
neg, 0.24364176356732303, right(srz44248274036)
neg, 0.12788281295511936, right(srz9656617562)
neg, 0.1312754970724383, right(srz965661715390)
neg, 0.1312754970724383, right(srz24618676110)
neg, 0.12788281295511936, right(srz44248273356)
neg, 0.12788281295511936, right(srz44248278039)
neg, 0.12788281295511936, right(srz246186713735)
neg, 0.1872108373518019, right(srz24618675675)
neg, 0.1284615400382881, right(srz27409595792)
neg, 0.18485684970456687, right(srz96566175072)
neg, 0.12788281295511936, right(srz246186716322)
neg, 0.1284615400382881, right(srz24618679228)
neg, 0.1312754970724383, right(srz274095912630)
neg, 0.1872108373518019, right(srz965949211082)
neg, 0.12788281295511936, right(srz96566174985)
neg, 0.1312754970724383, right(srz44248271723)
neg, 0.20741489118092746, right(srz99311012453)
neg, 0.1312754970724383, right(srz965661711411)
neg, 0.1312754970724383, right(srz24618673411)
neg, 0.1872108373518019, right(srz8029724997)
neg, 0.13284978350377796, right(srz99311019665)
neg, 0.12788281295511936, right(srz274095913782)
neg, 0.12788281295511936, right(srz99311018779)
neg, 0.1284615400382881, right(srz96566171471)
neg, 0.1312754970724383, right(srz99311019173)
neg, 0.1312754970724383, right(srz44230441488)
neg, 0.1312754970724383, right(srz44248271074)
neg, 0.1312754970724383, right(srz8029726938)
neg, 0.12788281295511936, right(srz246186716119)
neg, 0.1312754970724383, right(srz274095914077)
neg, 0.18485684970456687, right(srz993110110011)
neg, 0.1872108373518019, right(srz99311011569)
neg, 0.1312754970724383, right(srz44230443058)
neg, 0.12788281295511936, right(srz4424827793)
neg, 0.12788281295511936, right(srz193066220)
neg, 0.18511330982967572, right(srz24618672403)
neg, 0.12788281295511936, right(srz2461867247)
neg, 0.12788281295511936, right(srz27409591057)
neg, 0.12788281295511936, right(srz965949222)
neg, 0.18485684970456687, right(srz44230441888)
neg, 0.12788281295511936, right(srz246186714334)
neg, 0.1312754970724383, right(srz44248272785)
neg, 0.14158514118650908, right(srz44248276570)
neg, 0.12788281295511936, right(srz44230443371)
neg, 0.1312754970724383, right(srz44230447468)
neg, 0.1312754970724383, right(srz8029721803)
neg, 0.12788281295511936, right(srz8029723908)
neg, 0.1312754970724383, right(srz193064671)
neg, 0.20741489118092746, right(srz965661713349)
neg, 0.17487980387577814, right(srz965661712271)
neg, 0.12788281295511936, right(srz27409597361)
neg, 0.1312754970724383, right(srz27409597017)
neg, 0.12788281295511936, right(srz44230447538)
neg, 0.1872108373518019, right(srz8029721950)
neg, 0.1312754970724383, right(srz246186715612)
neg, 0.1312754970724383, right(srz246186710133)
neg, 0.12788281295511936, right(srz27409599233)
neg, 0.12788281295511936, right(srz8029725784)
neg, 0.1284615400382881, right(srz27409595756)
neg, 0.13284978350377796, right(srz8029728966)
neg, 0.20741489118092746, right(srz2461867305)
neg, 0.12788281295511936, right(srz274095913769)
neg, 0.18485684970456687, right(srz96566179851)
neg, 0.12788281295511936, right(srz96594925428)
neg, 0.1312754970724383, right(srz99311012304)
neg, 0.1312754970724383, right(srz24618678686)
neg, 0.12788281295511936, right(srz27409594305)
neg, 0.1312754970724383, right(srz96594928111)
neg, 0.1872108373518019, right(srz19306193)
neg, 0.12788281295511936, right(srz274095913708)
neg, 0.12788281295511936, right(srz246186717084)
neg, 0.13284978350377796, right(srz44230443881)
neg, 0.12788281295511936, right(srz96566178358)
neg, 0.20741489118092746, right(srz193069609)
neg, 0.14158514118650908, right(srz193067619)
neg, 0.18485684970456687, right(srz965949214054)
neg, 0.1284615400382881, right(srz27409595680)
neg, 0.12788281295511936, right(srz96566178374)
neg, 0.1312754970724383, right(srz99311014546)
neg, 0.12788281295511936, right(srz965949211726)
neg, 0.1312754970724383, right(srz99311017335)
neg, 0.20741489118092746, right(srz965661710283)
neg, 0.20741489118092746, right(srz27409592067)
neg, 0.20741489118092746, right(srz246186713888)
neg, 0.1312754970724383, right(srz99311015287)
neg, 0.12788281295511936, right(srz99311014469)
neg, 0.12788281295511936, right(srz99311014727)
neg, 0.1872108373518019, right(srz193062175)
neg, 0.18485684970456687, right(srz44248276953)
neg, 0.18485684970456687, right(srz274095912903)
neg, 0.12788281295511936, right(srz96594929436)
neg, 0.12788281295511936, right(srz2740959480)
neg, 0.17487980387577814, right(srz274095911455)
neg, 0.12788281295511936, right(srz8029721518)
neg, 0.17487980387577814, right(srz96594922112)
neg, 0.12788281295511936, right(srz44230447071)
neg, 0.13284978350377796, right(srz44230443852)
neg, 0.20741489118092746, right(srz24618673)
neg, 0.1312754970724383, right(srz8029722380)
neg, 0.1312754970724383, right(srz993110110912)
neg, 0.1284615400382881, right(srz96594925330)
neg, 0.12788281295511936, right(srz99311014712)
neg, 0.12788281295511936, right(srz993110111874)
neg, 0.12788281295511936, right(srz44248272465)
neg, 0.14158514118650908, right(srz44248275199)
neg, 0.12788281295511936, right(srz44230446882)
neg, 0.12788281295511936, right(srz965949211979)
neg, 0.18485684970456687, right(srz44248274556)
neg, 0.12788281295511936, right(srz8029721512)
neg, 0.1312754970724383, right(srz96566173450)
neg, 0.1284615400382881, right(srz80297210150)
neg, 0.12788281295511936, right(srz274095914872)
neg, 0.1872108373518019, right(srz27409599827)
neg, 0.26569465657955116, right(srz965661715639)
neg, 0.12788281295511936, right(srz2740959440)
neg, 0.1312754970724383, right(srz802972105)
neg, 0.12788281295511936, right(srz246186711934)
neg, 0.12788281295511936, right(srz24618672141)
neg, 0.1312754970724383, right(srz44230447781)
neg, 0.1312754970724383, right(srz8029729585)
neg, 0.12788281295511936, right(srz965661710021)
neg, 0.20741489118092746, right(srz96566178525)
neg, 0.1312754970724383, right(srz965661715386)
neg, 0.1872108373518019, right(srz99311012782)
neg, 0.18485684970456687, right(srz19306502)
neg, 0.12788281295511936, right(srz24618672685)
neg, 0.12788281295511936, right(srz24618672216)
neg, 0.1312754970724383, right(srz965949213508)
neg, 0.12788281295511936, right(srz96594924044)
neg, 0.1312754970724383, right(srz442482712)
neg, 0.1312754970724383, right(srz96566175085)
neg, 0.12788281295511936, right(srz99311015948)
neg, 0.1312754970724383, right(srz193067981)
neg, 0.1312754970724383, right(srz44248275967)
neg, 0.1312754970724383, right(srz96566172606)
neg, 0.12788281295511936, right(srz99311013307)
neg, 0.13284978350377796, right(srz96566173712)
neg, 0.13284978350377796, right(srz99311016104)
neg, 0.12788281295511936, right(srz24618679457)
neg, 0.1872108373518019, right(srz246186716796)
neg, 0.1312754970724383, right(srz442482711)
neg, 0.20741489118092746, right(srz24618676399)
neg, 0.1872108373518019, right(srz96594928690)
neg, 0.12788281295511936, right(srz96566177870)
neg, 0.14158514118650908, right(srz44248276692)
neg, 0.12788281295511936, right(srz96566177915)
neg, 0.12788281295511936, right(srz96594924488)
neg, 0.12788281295511936, right(srz8029723837)
neg, 0.1872108373518019, right(srz193062460)
neg, 0.20741489118092746, right(srz27409594436)
neg, 0.12788281295511936, right(srz246186714251)
neg, 0.12788281295511936, right(srz27409592379)
neg, 0.26569465657955116, right(srz44248274472)
neg, 0.1312754970724383, right(srz8029724025)
neg, 0.1312754970724383, right(srz8029723034)
neg, 0.1312754970724383, right(srz44230447566)
neg, 0.26569465657955116, right(srz19306719)
neg, 0.12788281295511936, right(srz9656617588)
neg, 0.1284615400382881, right(srz246186710620)
neg, 0.1872108373518019, right(srz1930611067)
neg, 0.1872108373518019, right(srz274095913493)
neg, 0.14158514118650908, right(srz8029727408)
neg, 0.1312754970724383, right(srz99311013253)
neg, 0.12788281295511936, right(srz96566178898)
neg, 0.17487980387577814, right(srz44230445805)
neg, 0.1872108373518019, right(srz8029725085)
neg, 0.20741489118092746, right(srz193069270)
neg, 0.1872108373518019, right(srz44230444604)
neg, 0.20741489118092746, right(srz965661710292)
neg, 0.20741489118092746, right(srz44248271150)
neg, 0.12788281295511936, right(srz44230442859)
neg, 0.12788281295511936, right(srz27409592259)
neg, 0.1312754970724383, right(srz99311015376)
neg, 0.1872108373518019, right(srz99311017436)
neg, 0.20741489118092746, right(srz99311012902)
neg, 0.1312754970724383, right(srz802972489)
neg, 0.12788281295511936, right(srz44248275346)
neg, 0.1872108373518019, right(srz274095911163)
neg, 0.1312754970724383, right(srz80297210784)
neg, 0.12788281295511936, right(srz8029721344)
neg, 0.1312754970724383, right(srz44230444487)
neg, 0.12788281295511936, right(srz274095910570)
neg, 0.12788281295511936, right(srz193069375)
neg, 0.1872108373518019, right(srz96594921178)
neg, 0.12788281295511936, right(srz96594929513)
neg, 0.20741489118092746, right(srz99311019780)
neg, 0.1312754970724383, right(srz8029726324)
neg, 0.26569465657955116, right(srz44230442000)
neg, 0.1312754970724383, right(srz24618679979)
neg, 0.1312754970724383, right(srz24618675001)
neg, 0.1312754970724383, right(srz8029727239)
neg, 0.20741489118092746, right(srz44230441257)
neg, 0.1312754970724383, right(srz99311019166)
neg, 0.20741489118092746, right(srz274095910127)
neg, 0.13284978350377796, right(srz99311013798)
neg, 0.12788281295511936, right(srz99311015964)
neg, 0.1312754970724383, right(srz96594928145)
neg, 0.1872108373518019, right(srz19306777)
neg, 0.1312754970724383, right(srz96594928026)
neg, 0.12788281295511936, right(srz193063689)
neg, 0.2252026121146009, right(srz24618676886)
neg, 0.18485684970456687, right(srz193062922)
neg, 0.24364176356732303, right(srz274095911065)
neg, 0.12788281295511936, right(srz193069394)
neg, 0.1312754970724383, right(srz24618673514)
neg, 0.1872108373518019, right(srz80297210835)
neg, 0.1312754970724383, right(srz44248271883)
neg, 0.14158514118650908, right(srz44248276541)
neg, 0.1284615400382881, right(srz80297210222)
neg, 0.12788281295511936, right(srz1930612004)
neg, 0.12788281295511936, right(srz965661715788)
neg, 0.12788281295511936, right(srz44248271256)
neg, 0.1312754970724383, right(srz274095912804)
neg, 0.1312754970724383, right(srz24618677643)
neg, 0.13284978350377796, right(srz4423044338)
neg, 0.1312754970724383, right(srz44248276281)
neg, 0.12788281295511936, right(srz274095910017)
neg, 0.1312754970724383, right(srz246186715616)
neg, 0.1872108373518019, right(srz96594921932)
neg, 0.1312754970724383, right(srz27409596171)
neg, 0.12788281295511936, right(srz193063700)
neg, 0.12788281295511936, right(srz1930610480)
neg, 0.20741489118092746, right(srz8029729060)
neg, 0.12788281295511936, right(srz27409594075)
neg, 0.1312754970724383, right(srz44230443303)
neg, 0.1312754970724383, right(srz246186710358)
neg, 0.1312754970724383, right(srz8029724634)
neg, 0.1872108373518019, right(srz993110112130)
neg, 0.1872108373518019, right(srz993110110743)
neg, 0.18485684970456687, right(srz274095915096)
neg, 0.1312754970724383, right(srz193062183)
neg, 0.1312754970724383, right(srz1930611411)
neg, 0.1312754970724383, right(srz44230441950)
neg, 0.1872108373518019, right(srz965661711319)
neg, 0.20741489118092746, right(srz24618671704)
neg, 0.1872108373518019, right(srz44230447746)
neg, 0.12788281295511936, right(srz96594922622)
neg, 0.12788281295511936, right(srz96594924143)
neg, 0.1872108373518019, right(srz99311017977)
neg, 0.1312754970724383, right(srz274095915051)
neg, 0.1872108373518019, right(srz193063052)
neg, 0.1312754970724383, right(srz965949210216)
neg, 0.1312754970724383, right(srz96594925977)
neg, 0.12788281295511936, right(srz274095916513)
neg, 0.13284978350377796, right(srz4424827497)
neg, 0.12788281295511936, right(srz2461867108)
neg, 0.1312754970724383, right(srz993110110048)
neg, 0.1284615400382881, right(srz1930610382)
neg, 0.12788281295511936, right(srz246186717158)
neg, 0.12788281295511936, right(srz44230444222)
neg, 0.20741489118092746, right(srz2740959369)
neg, 0.1312754970724383, right(srz44230443231)
neg, 0.12788281295511936, right(srz96566172866)
neg, 0.13284978350377796, right(srz96566173783)
neg, 0.1284615400382881, right(srz44230442537)
neg, 0.1284615400382881, right(srz246186710518)
neg, 0.1312754970724383, right(srz965661713608)
neg, 0.1312754970724383, right(srz96594927372)
neg, 0.13284978350377796, right(srz99311019612)
neg, 0.20741489118092746, right(srz965949213905)
neg, 0.12788281295511936, right(srz99311015987)
neg, 0.1312754970724383, right(srz802972394)
neg, 0.12788281295511936, right(srz8029728774)
neg, 0.1312754970724383, right(srz246186715332)
neg, 0.12788281295511936, right(srz965949212824)
neg, 0.1312754970724383, right(srz44248274528)
neg, 0.1872108373518019, right(srz44230441286)
neg, 0.1312754970724383, right(srz193063151)
neg, 0.1312754970724383, right(srz1930610601)
neg, 0.1312754970724383, right(srz246186710428)
neg, 0.1312754970724383, right(srz965661715051)
neg, 0.12788281295511936, right(srz44230445681)
neg, 0.12788281295511936, right(srz44248271777)
neg, 0.1312754970724383, right(srz44248277191)
neg, 0.1312754970724383, right(srz96566173101)
neg, 0.1312754970724383, right(srz44248273836)
neg, 0.1284615400382881, right(srz1930610336)
neg, 0.1872108373518019, right(srz965949210690)
neg, 0.18485684970456687, right(srz44230442035)
neg, 0.1312754970724383, right(srz965949213557)
neg, 0.12788281295511936, right(srz2740959280)
neg, 0.12788281295511936, right(srz44248276883)
neg, 0.20741489118092746, right(srz8029724145)
neg, 0.26569465657955116, right(srz8029721786)
neg, 0.13284978350377796, right(srz8029724442)
neg, 0.20741489118092746, right(srz80297245)
neg, 0.20741489118092746, right(srz44248273741)
neg, 0.20741489118092746, right(srz96566174817)
neg, 0.20741489118092746, right(srz274095911514)
neg, 0.1312754970724383, right(srz965661715035)
neg, 0.12788281295511936, right(srz44230442824)
neg, 0.20741489118092746, right(srz965949212600)
neg, 0.12788281295511936, right(srz274095912524)
neg, 0.20741489118092746, right(srz2740959659)
neg, 0.1312754970724383, right(srz442482740)
neg, 0.1872108373518019, right(srz24618675598)
neg, 0.12788281295511936, right(srz193061418)
neg, 0.12788281295511936, right(srz193066966)
neg, 0.1872108373518019, right(srz27409598295)
neg, 0.1872108373518019, right(srz1930611493)
neg, 0.20741489118092746, right(srz27409592224)
neg, 0.12788281295511936, right(srz246186717135)
neg, 0.1312754970724383, right(srz965661710239)
neg, 0.12788281295511936, right(srz9659492438)
neg, 0.14158514118650908, right(srz965949210792)
neg, 0.18485684970456687, right(srz9656617466)
neg, 0.1312754970724383, right(srz96566173560)
neg, 0.18511330982967572, right(srz993110110382)
neg, 0.1872108373518019, right(srz965661711199)
neg, 0.12788281295511936, right(srz24618672994)
neg, 0.1312754970724383, right(srz44230444379)
neg, 0.1312754970724383, right(srz24618676117)
neg, 0.1312754970724383, right(srz44248277396)
neg, 0.1312754970724383, right(srz96566171285)
neg, 0.12788281295511936, right(srz193063685)
neg, 0.1312754970724383, right(srz99311012193)
neg, 0.12788281295511936, right(srz96594927691)
neg, 0.12788281295511936, right(srz99311016589)
neg, 0.1312754970724383, right(srz965661712395)
neg, 0.1284615400382881, right(srz246186710584)
neg, 0.1312754970724383, right(srz96594922040)
neg, 0.20741489118092746, right(srz44248272003)
neg, 0.17487980387577814, right(srz274095910164)
neg, 0.1872108373518019, right(srz44230448212)
neg, 0.1872108373518019, right(srz193068892)
neg, 0.1312754970724383, right(srz99311013545)
neg, 0.12788281295511936, right(srz27409592729)
neg, 0.20741489118092746, right(srz2740959844)
neg, 0.1312754970724383, right(srz193065253)
neg, 0.12788281295511936, right(srz274095914790)
neg, 0.12788281295511936, right(srz99311018940)
neg, 0.12788281295511936, right(srz246186711820)
neg, 0.13284978350377796, right(srz246186716519)
neg, 0.1312754970724383, right(srz80297210674)
neg, 0.18511330982967572, right(srz4424827168)
neg, 0.12788281295511936, right(srz965949212744)
neg, 0.14158514118650908, right(srz44248275067)
neg, 0.12788281295511936, right(srz27409592997)
neg, 0.18485684970456687, right(srz96594928829)
neg, 0.13284978350377796, right(srz24618672346)
neg, 0.26569465657955116, right(srz193069746)
neg, 0.14158514118650908, right(srz8029729758)
neg, 0.1312754970724383, right(srz44230445748)
neg, 0.12788281295511936, right(srz8029726016)
neg, 0.1312754970724383, right(srz24618678870)
neg, 0.12788281295511936, right(srz24618672010)
neg, 0.1284615400382881, right(srz246186710643)
neg, 0.1312754970724383, right(srz24618673593)
neg, 0.17487980387577814, right(srz44248274208)
neg, 0.12788281295511936, right(srz246186714865)
neg, 0.1872108373518019, right(srz8029728631)
neg, 0.12788281295511936, right(srz27409593808)
neg, 0.1312754970724383, right(srz965949213254)
neg, 0.1872108373518019, right(srz96594928687)
neg, 0.1312754970724383, right(srz9659492731)
neg, 0.18485684970456687, right(srz99311019834)
neg, 0.1312754970724383, right(srz44248272713)
neg, 0.1872108373518019, right(srz993110110524)
neg, 0.20741489118092746, right(srz8029725030)
neg, 0.1312754970724383, right(srz99311017641)
neg, 0.12788281295511936, right(srz44230441814)
neg, 0.18485684970456687, right(srz8029729428)
neg, 0.13284978350377796, right(srz96566173799)
neg, 0.1312754970724383, right(srz96594925855)
neg, 0.12788281295511936, right(srz965949212709)
neg, 0.12788281295511936, right(srz24618675915)
neg, 0.20741489118092746, right(srz246186711499)
neg, 0.12788281295511936, right(srz965661710112)
neg, 0.1872108373518019, right(srz24618679895)
neg, 0.12788281295511936, right(srz44248274250)
neg, 0.13284978350377796, right(srz19306414)
neg, 0.1312754970724383, right(srz96566173579)
neg, 0.12788281295511936, right(srz193069121)
neg, 0.1312754970724383, right(srz24618679523)
neg, 0.20741489118092746, right(srz9656617672)
neg, 0.20741489118092746, right(srz44230441201)
neg, 0.12788281295511936, right(srz96566172867)
neg, 0.12788281295511936, right(srz27409595809)
neg, 0.17487980387577814, right(srz9931101130)
neg, 0.1312754970724383, right(srz8029728386)
neg, 0.20741489118092746, right(srz9656617724)
neg, 0.20741489118092746, right(srz96566174337)
neg, 0.12788281295511936, right(srz96594927023)
neg, 0.1872108373518019, right(srz193068295)
neg, 0.1872108373518019, right(srz44248271016)
neg, 0.12788281295511936, right(srz965949212445)
neg, 0.13284978350377796, right(srz193066803)
neg, 0.1312754970724383, right(srz246186713621)
neg, 0.12788281295511936, right(srz965661715868)
neg, 0.17487980387577814, right(srz44248278168)
neg, 0.12788281295511936, right(srz246186712060)
neg, 0.12788281295511936, right(srz1930612251)
neg, 0.1312754970724383, right(srz99311012515)
neg, 0.1872108373518019, right(srz44230442482)
neg, 0.12788281295511936, right(srz193063874)
neg, 0.12788281295511936, right(srz274095916124)
neg, 0.18485684970456687, right(srz193063311)
neg, 0.1312754970724383, right(srz1930611583)
neg, 0.12788281295511936, right(srz99311012709)
neg, 0.20741489118092746, right(srz274095915119)
neg, 0.20741489118092746, right(srz9931101357)
neg, 0.1312754970724383, right(srz27409599330)
neg, 0.1312754970724383, right(srz993110157)
neg, 0.12788281295511936, right(srz96566179022)
neg, 0.12788281295511936, right(srz96594924016)
neg, 0.1312754970724383, right(srz965661712748)
neg, 0.15013817616499373, right(srz8029723549)
neg, 0.20741489118092746, right(srz44248277464)
neg, 0.12788281295511936, right(srz44248274673)
neg, 0.12788281295511936, right(srz193067836)
neg, 0.20741489118092746, right(srz993110112253)
neg, 0.20741489118092746, right(srz99311011288)
neg, 0.20741489118092746, right(srz99311019119)
neg, 0.1312754970724383, right(srz44248276178)
neg, 0.12788281295511936, right(srz27409593984)
neg, 0.12788281295511936, right(srz8029723836)
neg, 0.20741489118092746, right(srz193061)
neg, 0.12788281295511936, right(srz99311012246)
neg, 0.1284615400382881, right(srz96594925344)
neg, 0.14158514118650908, right(srz44248276613)
neg, 0.24364176356732303, right(srz44248275914)
neg, 0.12788281295511936, right(srz24618674237)
neg, 0.2252026121146009, right(srz193067122)
neg, 0.1312754970724383, right(srz965949213063)
neg, 0.26569465657955116, right(srz193068335)
neg, 0.12788281295511936, right(srz274095915912)
neg, 0.20741489118092746, right(srz44230445920)
neg, 0.20741489118092746, right(srz8029727876)
neg, 0.1312754970724383, right(srz24618676921)
neg, 0.12788281295511936, right(srz8029722744)
neg, 0.1312754970724383, right(srz8029726666)
neg, 0.18485684970456687, right(srz99311013921)
neg, 0.12788281295511936, right(srz96566176658)
neg, 0.12788281295511936, right(srz965661710666)
neg, 0.12788281295511936, right(srz99311018721)
neg, 0.12788281295511936, right(srz1930610731)
neg, 0.1872108373518019, right(srz96566175276)
neg, 0.12788281295511936, right(srz96594927697)
neg, 0.12788281295511936, right(srz27409591448)
neg, 0.18485684970456687, right(srz44230445868)
neg, 0.12788281295511936, right(srz8029722854)
neg, 0.12788281295511936, right(srz193063892)
neg, 0.1872108373518019, right(srz193063273)
neg, 0.1312754970724383, right(srz993110110558)
neg, 0.1312754970724383, right(srz274095911393)
neg, 0.1312754970724383, right(srz96594925571)
neg, 0.1312754970724383, right(srz44248271486)
neg, 0.1312754970724383, right(srz24618675016)
neg, 0.1312754970724383, right(srz993110110475)
neg, 0.12788281295511936, right(srz44230444166)
neg, 0.12788281295511936, right(srz9931101809)
neg, 0.12788281295511936, right(srz8029729167)
neg, 0.12788281295511936, right(srz96594925479)
neg, 0.12788281295511936, right(srz2740959573)
neg, 0.12788281295511936, right(srz44248277008)
neg, 0.20741489118092746, right(srz274095913150)
neg, 0.1872108373518019, right(srz274095911066)
neg, 0.12788281295511936, right(srz96566172982)
neg, 0.1312754970724383, right(srz27409598792)
neg, 0.1312754970724383, right(srz246186716621)
neg, 0.1872108373518019, right(srz44230441291)
neg, 0.1312754970724383, right(srz27409598800)
neg, 0.1312754970724383, right(srz993110111964)
neg, 0.12788281295511936, right(srz274095938)
neg, 0.1284615400382881, right(srz96566171437)
neg, 0.13284978350377796, right(srz4424827446)
neg, 0.1312754970724383, right(srz193066607)
neg, 0.1312754970724383, right(srz193065271)
neg, 0.1312754970724383, right(srz1930610599)
neg, 0.12788281295511936, right(srz24618672212)
neg, 0.1312754970724383, right(srz274095911394)
neg, 0.20741489118092746, right(srz274095912617)
neg, 0.1312754970724383, right(srz80297210646)
neg, 0.1312754970724383, right(srz99311012607)
neg, 0.1312754970724383, right(srz44230444418)
neg, 0.12788281295511936, right(srz96594929596)
neg, 0.1312754970724383, right(srz24618674460)
neg, 0.1312754970724383, right(srz802972795)
neg, 0.1872108373518019, right(srz193066593)
neg, 0.1284615400382881, right(srz1930610330)
neg, 0.1312754970724383, right(srz246186712446)
neg, 0.1284615400382881, right(srz27409597241)
neg, 0.12788281295511936, right(srz965949213337)
neg, 0.12788281295511936, right(srz8029721551)
neg, 0.1312754970724383, right(srz193062871)
neg, 0.12788281295511936, right(srz96594927536)
neg, 0.1312754970724383, right(srz96566178006)
neg, 0.1312754970724383, right(srz80297210062)
neg, 0.1872108373518019, right(srz193062474)
neg, 0.12788281295511936, right(srz96594928295)
neg, 0.12788281295511936, right(srz44230443428)
neg, 0.12788281295511936, right(srz24618674118)
neg, 0.12788281295511936, right(srz24618671367)
neg, 0.12788281295511936, right(srz27409596204)
neg, 0.26569465657955116, right(srz44230445783)
neg, 0.20741489118092746, right(srz8029729076)
neg, 0.20741489118092746, right(srz993110111104)
neg, 0.18485684970456687, right(srz99311019861)
neg, 0.20741489118092746, right(srz96566172308)
neg, 0.12788281295511936, right(srz96594924025)
neg, 0.20741489118092746, right(srz99311011274)
neg, 0.18485684970456687, right(srz993110111798)
neg, 0.20741489118092746, right(srz8029723336)
neg, 0.1312754970724383, right(srz274095913982)
neg, 0.17487980387577814, right(srz44248276460)
neg, 0.1312754970724383, right(srz44248272127)
neg, 0.1312754970724383, right(srz99311015810)
neg, 0.1312754970724383, right(srz96566174151)
neg, 0.1312754970724383, right(srz4424827286)
neg, 0.12788281295511936, right(srz96566179091)
neg, 0.1312754970724383, right(srz96566175721)
neg, 0.12788281295511936, right(srz193061704)
neg, 0.12788281295511936, right(srz96566178788)
neg, 0.1312754970724383, right(srz44230447985)
neg, 0.1312754970724383, right(srz274095915671)
neg, 0.1312754970724383, right(srz274095913960)
neg, 0.17487980387577814, right(srz193062422)
neg, 0.1312754970724383, right(srz274095912064)
neg, 0.20741489118092746, right(srz274095911522)
neg, 0.20741489118092746, right(srz99311011256)
neg, 0.12788281295511936, right(srz24618677486)
neg, 0.1284615400382881, right(srz27409597259)
neg, 0.12788281295511936, right(srz1930610537)
neg, 0.2252026121146009, right(srz96594928868)
neg, 0.12788281295511936, right(srz274095913054)
neg, 0.12788281295511936, right(srz9659492433)
neg, 0.12788281295511936, right(srz965949213785)
neg, 0.1872108373518019, right(srz193066781)
neg, 0.12788281295511936, right(srz246186715946)
neg, 0.12788281295511936, right(srz96594924108)
neg, 0.12788281295511936, right(srz99311017931)
neg, 0.1312754970724383, right(srz99311019947)
neg, 0.12788281295511936, right(srz9931101587)
neg, 0.1312754970724383, right(srz96566172325)
neg, 0.1284615400382881, right(srz44230445321)
neg, 0.1312754970724383, right(srz965661715559)
neg, 0.1312754970724383, right(srz96566171272)
neg, 0.20741489118092746, right(srz9656617733)
neg, 0.20741489118092746, right(srz44248274177)
neg, 0.1312754970724383, right(srz96594924269)
neg, 0.1872108373518019, right(srz44230447719)
neg, 0.12788281295511936, right(srz246186717148)
neg, 0.12788281295511936, right(srz99311016805)
neg, 0.20741489118092746, right(srz274095911508)
neg, 0.20741489118092746, right(srz965949213643)
neg, 0.20741489118092746, right(srz8029724158)
neg, 0.2252026121146009, right(srz99311017947)
neg, 0.1312754970724383, right(srz802972673)
neg, 0.12788281295511936, right(srz8029722949)
neg, 0.17487980387577814, right(srz246186714418)
neg, 0.1312754970724383, right(srz96566179331)
neg, 0.1312754970724383, right(srz99311012612)
neg, 0.17487980387577814, right(srz274095910761)
neg, 0.1872108373518019, right(srz193068426)
neg, 0.1872108373518019, right(srz44230447537)
neg, 0.1312754970724383, right(srz193067307)
neg, 0.12788281295511936, right(srz993110110578)
neg, 0.1872108373518019, right(srz965949210726)
neg, 0.14158514118650908, right(srz965949210741)
neg, 0.20741489118092746, right(srz99311015065)
neg, 0.12788281295511936, right(srz1930612203)
neg, 0.13284978350377796, right(srz4423044367)
neg, 0.12788281295511936, right(srz965661714853)
neg, 0.1312754970724383, right(srz80297210005)
neg, 0.12788281295511936, right(srz965661711674)
neg, 0.1872108373518019, right(srz96594924914)
neg, 0.1312754970724383, right(srz4424827968)
neg, 0.1312754970724383, right(srz8029729898)
neg, 0.13284978350377796, right(srz965661714346)
neg, 0.1312754970724383, right(srz44230442967)
neg, 0.12788281295511936, right(srz96594927590)
neg, 0.1284615400382881, right(srz246186710509)
neg, 0.1312754970724383, right(srz99311011887)
neg, 0.12788281295511936, right(srz4423044435)
neg, 0.20741489118092746, right(srz27409592895)
neg, 0.1312754970724383, right(srz99311016347)
neg, 0.1312754970724383, right(srz246186716284)
neg, 0.20741489118092746, right(srz24618671783)
neg, 0.1312754970724383, right(srz24618673652)
neg, 0.1312754970724383, right(srz965949210541)
neg, 0.2252026121146009, right(srz24618679031)
neg, 0.20741489118092746, right(srz27409591007)
neg, 0.2252026121146009, right(srz965949211708)
neg, 0.12788281295511936, right(srz44230443738)
neg, 0.12788281295511936, right(srz9659492907)
neg, 0.12788281295511936, right(srz44248275281)
neg, 0.1312754970724383, right(srz965949213163)
neg, 0.18485684970456687, right(srz44230446311)
neg, 0.1312754970724383, right(srz274095913401)
neg, 0.18485684970456687, right(srz44230445867)
neg, 0.1872108373518019, right(srz993110112132)
neg, 0.12788281295511936, right(srz27409597293)
neg, 0.13284978350377796, right(srz19306429)
neg, 0.1312754970724383, right(srz274095915639)
neg, 0.1872108373518019, right(srz8029726831)
neg, 0.1312754970724383, right(srz8029723097)
neg, 0.12788281295511936, right(srz44230448443)
neg, 0.1312754970724383, right(srz274095916914)
neg, 0.1284615400382881, right(srz274095912190)
neg, 0.18485684970456687, right(srz2740959212)
neg, 0.12788281295511936, right(srz24618676285)
neg, 0.1284615400382881, right(srz274095912261)
neg, 0.18485684970456687, right(srz96566173420)
neg, 0.1312754970724383, right(srz44230444874)
neg, 0.18485684970456687, right(srz4424827186)
neg, 0.12788281295511936, right(srz8029721575)
neg, 0.1284615400382881, right(srz99311018640)
neg, 0.12788281295511936, right(srz96594928286)
neg, 0.12788281295511936, right(srz965661711956)
neg, 0.13284978350377796, right(srz246186716509)
neg, 0.1872108373518019, right(srz96594927426)
neg, 0.12788281295511936, right(srz8029722799)
neg, 0.12788281295511936, right(srz44230441147)
neg, 0.1872108373518019, right(srz1930611543)
neg, 0.1312754970724383, right(srz96594927803)
neg, 0.12788281295511936, right(srz246186711972)
neg, 0.1312754970724383, right(srz27409594774)
neg, 0.12788281295511936, right(srz246186710701)
neg, 0.18485684970456687, right(srz96566174115)
neg, 0.12788281295511936, right(srz965661715910)
neg, 0.1312754970724383, right(srz274095916583)
neg, 0.1312754970724383, right(srz274095916395)
neg, 0.1312754970724383, right(srz27409594388)
neg, 0.12788281295511936, right(srz246186712070)
neg, 0.1284615400382881, right(srz96566171548)
neg, 0.12788281295511936, right(srz80297210392)
neg, 0.20741489118092746, right(srz96594922044)
neg, 0.20741489118092746, right(srz44230445823)
neg, 0.1312754970724383, right(srz8029729609)
neg, 0.20741489118092746, right(srz246186712175)
neg, 0.1312754970724383, right(srz96566175527)
neg, 0.20741489118092746, right(srz44248271968)
neg, 0.18485684970456687, right(srz99311015582)
neg, 0.20741489118092746, right(srz274095915308)
neg, 0.1312754970724383, right(srz965661710244)
neg, 0.12788281295511936, right(srz4423044857)
neg, 0.15013817616499373, right(srz24618678558)
neg, 0.20741489118092746, right(srz27409594549)
neg, 0.12788281295511936, right(srz965661714239)
neg, 0.26569465657955116, right(srz96566176756)
neg, 0.12788281295511936, right(srz99311011093)
neg, 0.12788281295511936, right(srz993110111185)
neg, 0.12788281295511936, right(srz965661711716)
neg, 0.1872108373518019, right(srz96566174246)
neg, 0.1312754970724383, right(srz99311018229)
neg, 0.12788281295511936, right(srz96594922824)
neg, 0.12788281295511936, right(srz193069386)
neg, 0.12788281295511936, right(srz1930611909)
neg, 0.12788281295511936, right(srz27409591878)
neg, 0.12788281295511936, right(srz27409591871)
neg, 0.12788281295511936, right(srz274095916259)
neg, 0.12788281295511936, right(srz965949211010)
neg, 0.12788281295511936, right(srz2740959435)
neg, 0.12788281295511936, right(srz44248273565)
neg, 0.17487980387577814, right(srz27409593458)
neg, 0.1312754970724383, right(srz193064224)
neg, 0.20741489118092746, right(srz44248271144)
neg, 0.12788281295511936, right(srz24618679635)
neg, 0.1872108373518019, right(srz993110110512)
neg, 0.1312754970724383, right(srz44230443575)
neg, 0.12788281295511936, right(srz96594929398)
neg, 0.12788281295511936, right(srz27409591673)
neg, 0.1312754970724383, right(srz44248273763)
neg, 0.1312754970724383, right(srz246186715650)
neg, 0.15013817616499373, right(srz193068492)
neg, 0.12788281295511936, right(srz44248272900)
neg, 0.12788281295511936, right(srz99311017319)
neg, 0.12788281295511936, right(srz9931101613)
neg, 0.20741489118092746, right(srz993110110704)
neg, 0.1312754970724383, right(srz8029721676)
neg, 0.12788281295511936, right(srz8029721394)
neg, 0.18485684970456687, right(srz24618675263)
neg, 0.13284978350377796, right(srz99311013871)
neg, 0.12788281295511936, right(srz44230444295)
neg, 0.1312754970724383, right(srz8029728558)
neg, 0.1312754970724383, right(srz96594924680)
neg, 0.1872108373518019, right(srz19306757)
neg, 0.20741489118092746, right(srz44248274091)
neg, 0.14158514118650908, right(srz8029727647)
neg, 0.26569465657955116, right(srz2461867778)
neg, 0.12788281295511936, right(srz193069439)
neg, 0.12788281295511936, right(srz27409591442)
neg, 0.18485684970456687, right(srz993110110202)
neg, 0.12788281295511936, right(srz274095913929)
neg, 0.1312754970724383, right(srz24618674607)
neg, 0.1312754970724383, right(srz8029724633)
neg, 0.12788281295511936, right(srz44248277889)
neg, 0.12788281295511936, right(srz80297210479)
neg, 0.1312754970724383, right(srz246186716311)
neg, 0.12788281295511936, right(srz274095916231)
neg, 0.1284615400382881, right(srz1930610327)
neg, 0.1312754970724383, right(srz993110111615)
neg, 0.12788281295511936, right(srz44230441141)
neg, 0.12788281295511936, right(srz8029724367)
neg, 0.12788281295511936, right(srz8029721407)
neg, 0.1872108373518019, right(srz96594922270)
neg, 0.1312754970724383, right(srz44248272097)
neg, 0.18485684970456687, right(srz274095914440)
neg, 0.12788281295511936, right(srz2461867961)
neg, 0.20741489118092746, right(srz274095910079)
neg, 0.1312754970724383, right(srz44248277177)
neg, 0.12788281295511936, right(srz193066227)
neg, 0.20741489118092746, right(srz8029723331)
neg, 0.12788281295511936, right(srz96594929257)
neg, 0.14158514118650908, right(srz8029729747)
neg, 0.12788281295511936, right(srz44248273537)
neg, 0.1312754970724383, right(srz44230443273)
neg, 0.12788281295511936, right(srz99311013767)
neg, 0.18485684970456687, right(srz99311011466)
neg, 0.12788281295511936, right(srz2461867881)
neg, 0.12788281295511936, right(srz27409597371)
neg, 0.1284615400382881, right(srz8029729710)
neg, 0.1312754970724383, right(srz44230444900)
neg, 0.18485684970456687, right(srz965661713365)
neg, 0.1312754970724383, right(srz965661715073)
neg, 0.1312754970724383, right(srz4423044768)
neg, 0.12788281295511936, right(srz193063695)
neg, 0.1872108373518019, right(srz274095910335)
neg, 0.18485684970456687, right(srz99311015220)
neg, 0.20741489118092746, right(srz8029726856)
neg, 0.1312754970724383, right(srz246186710327)
neg, 0.12788281295511936, right(srz965661713639)
neg, 0.18485684970456687, right(srz193062385)
neg, 0.12788281295511936, right(srz19306882)
neg, 0.12788281295511936, right(srz27409597399)
neg, 0.12788281295511936, right(srz965661711646)
neg, 0.1312754970724383, right(srz965661715458)
neg, 0.12788281295511936, right(srz4424827362)
neg, 0.12788281295511936, right(srz44230446787)
neg, 0.13284978350377796, right(srz44248274326)
neg, 0.1312754970724383, right(srz44248273093)
neg, 0.1872108373518019, right(srz274095916457)
neg, 0.20741489118092746, right(srz1930610998)
neg, 0.1312754970724383, right(srz274095913325)
neg, 0.1312754970724383, right(srz99311017514)
neg, 0.1312754970724383, right(srz44248276171)
neg, 0.1872108373518019, right(srz8029724933)
neg, 0.12788281295511936, right(srz27409593027)
neg, 0.12788281295511936, right(srz274095914256)
neg, 0.12788281295511936, right(srz24618672232)
neg, 0.1872108373518019, right(srz19306773)
neg, 0.13284978350377796, right(srz246186716481)
neg, 0.1312754970724383, right(srz24618678685)
neg, 0.1312754970724383, right(srz27409595979)
neg, 0.1872108373518019, right(srz24618673787)
neg, 0.12788281295511936, right(srz27409592423)
neg, 0.13284978350377796, right(srz96594928758)
neg, 0.1312754970724383, right(srz44230444879)
neg, 0.18485684970456687, right(srz44248274018)
neg, 0.20741489118092746, right(srz965949213922)
neg, 0.20741489118092746, right(srz24618672292)
neg, 0.1312754970724383, right(srz246186714471)
neg, 0.13284978350377796, right(srz193065067)
neg, 0.18485684970456687, right(srz99311011460)
neg, 0.18485684970456687, right(srz4424827175)
neg, 0.1872108373518019, right(srz24618674743)
neg, 0.1312754970724383, right(srz246186714626)
neg, 0.1312754970724383, right(srz96594928433)
neg, 0.1312754970724383, right(srz24618676979)
neg, 0.1312754970724383, right(srz274095917253)
neg, 0.12788281295511936, right(srz99311016594)
neg, 0.12788281295511936, right(srz1930610468)
neg, 0.1312754970724383, right(srz96566174011)
neg, 0.12788281295511936, right(srz8029726645)
neg, 0.17487980387577814, right(srz96594926291)
neg, 0.12788281295511936, right(srz8029721573)
neg, 0.12788281295511936, right(srz96594923016)
neg, 0.20741489118092746, right(srz965949212994)
neg, 0.12788281295511936, right(srz246186716136)
neg, 0.26978824010658575, right(srz44248278273)
neg, 0.14158514118650908, right(srz44248275220)
neg, 0.1872108373518019, right(srz24618679192)
neg, 0.1312754970724383, right(srz24618677144)
neg, 0.1312754970724383, right(srz44248271474)
neg, 0.1312754970724383, right(srz4424827970)
neg, 0.12788281295511936, right(srz246186780)
neg, 0.1284615400382881, right(srz9656617223)
neg, 0.12788281295511936, right(srz44230447008)
neg, 0.12788281295511936, right(srz24618679435)
neg, 0.12788281295511936, right(srz99311014357)
neg, 0.1312754970724383, right(srz965949214070)
neg, 0.13284978350377796, right(srz8029724491)
neg, 0.15013817616499373, right(srz99311018881)
neg, 0.20741489118092746, right(srz27409592903)
neg, 0.26569465657955116, right(srz193068337)
neg, 0.20741489118092746, right(srz965949213646)
neg, 0.1312754970724383, right(srz24618673435)
neg, 0.12788281295511936, right(srz44248275708)
neg, 0.18485684970456687, right(srz965949211493)
neg, 0.17487980387577814, right(srz965661712272)
neg, 0.1312754970724383, right(srz24618674991)
neg, 0.12788281295511936, right(srz44248272915)
neg, 0.20741489118092746, right(srz96566174910)
neg, 0.12788281295511936, right(srz44230445520)
neg, 0.1312754970724383, right(srz96594923628)
neg, 0.2252026121146009, right(srz96566177557)
neg, 0.12788281295511936, right(srz96594924155)
neg, 0.1872108373518019, right(srz99311014497)
neg, 0.1284615400382881, right(srz96594921244)
neg, 0.18485684970456687, right(srz99311012754)
neg, 0.12788281295511936, right(srz193069107)
neg, 0.12788281295511936, right(srz44230443711)
neg, 0.1284615400382881, right(srz99311018652)
neg, 0.12788281295511936, right(srz24618677394)
neg, 0.1312754970724383, right(srz96566172740)
neg, 0.20741489118092746, right(srz24618672327)
neg, 0.20741489118092746, right(srz193066995)
neg, 0.1312754970724383, right(srz8029721867)
neg, 0.18485684970456687, right(srz96566174562)
neg, 0.1872108373518019, right(srz193063271)
neg, 0.24364176356732303, right(srz96566175401)
neg, 0.12788281295511936, right(srz99311011028)
neg, 0.12788281295511936, right(srz24618672821)
neg, 0.12788281295511936, right(srz8029723292)
neg, 0.12788281295511936, right(srz2740959235)
neg, 0.1312754970724383, right(srz8029728493)
neg, 0.1872108373518019, right(srz19306228)
neg, 0.12788281295511936, right(srz44248277864)
neg, 0.20741489118092746, right(srz19306513)
neg, 0.12788281295511936, right(srz24618674373)
neg, 0.1312754970724383, right(srz96566173462)
neg, 0.1312754970724383, right(srz965949213206)
neg, 0.1312754970724383, right(srz96594921004)
neg, 0.12788281295511936, right(srz27409597589)
neg, 0.14158514118650908, right(srz8029723672)
neg, 0.1312754970724383, right(srz246186710193)
neg, 0.1872108373518019, right(srz24618675698)
neg, 0.17487980387577814, right(srz44230442353)
neg, 0.1872108373518019, right(srz1930611120)
neg, 0.12788281295511936, right(srz44248272250)
neg, 0.12788281295511936, right(srz44248272253)
neg, 0.12788281295511936, right(srz246186711933)
neg, 0.15013817616499373, right(srz193067521)
neg, 0.24364176356732303, right(srz44230442078)
neg, 0.12788281295511936, right(srz24618677303)
neg, 0.12788281295511936, right(srz193064123)
neg, 0.12788281295511936, right(srz4424827382)
neg, 0.12788281295511936, right(srz24618672841)
neg, 0.1312754970724383, right(srz96594929047)
neg, 0.26978824010658575, right(srz44230442464)
neg, 0.12788281295511936, right(srz965949212852)
neg, 0.12788281295511936, right(srz96566174379)
neg, 0.12788281295511936, right(srz96594928863)
neg, 0.12788281295511936, right(srz96566177901)
neg, 0.20741489118092746, right(srz19306120)
neg, 0.1312754970724383, right(srz44248272773)
neg, 0.1312754970724383, right(srz442482777)
neg, 0.1284615400382881, right(srz44230445468)
neg, 0.1284615400382881, right(srz27409597168)
neg, 0.1312754970724383, right(srz24618675591)
neg, 0.12788281295511936, right(srz24618672627)
neg, 0.1312754970724383, right(srz193067451)
neg, 0.17487980387577814, right(srz8029727844)
neg, 0.12788281295511936, right(srz246186711964)
neg, 0.1312754970724383, right(srz96566174405)
neg, 0.1872108373518019, right(srz1930611533)
neg, 0.12788281295511936, right(srz96594927722)
neg, 0.1312754970724383, right(srz24618676067)
neg, 0.1312754970724383, right(srz44248276196)
neg, 0.17487980387577814, right(srz96566177701)
neg, 0.1872108373518019, right(srz27409598306)
neg, 0.12788281295511936, right(srz246186714)
neg, 0.1872108373518019, right(srz96566175265)
neg, 0.1872108373518019, right(srz8029728853)
neg, 0.1872108373518019, right(srz80297210862)
neg, 0.12788281295511936, right(srz44248272361)
neg, 0.1312754970724383, right(srz193065255)
neg, 0.1312754970724383, right(srz993110110612)
neg, 0.12788281295511936, right(srz99311011087)
neg, 0.1284615400382881, right(srz246186710658)
neg, 0.12788281295511936, right(srz44248273254)
neg, 0.20741489118092746, right(srz246186715471)
neg, 0.1312754970724383, right(srz27409594668)
neg, 0.20741489118092746, right(srz965661711449)
neg, 0.12788281295511936, right(srz8029723296)
neg, 0.17487980387577814, right(srz27409592303)
neg, 0.17487980387577814, right(srz965661712267)
neg, 0.1872108373518019, right(srz99311018557)
neg, 0.2252026121146009, right(srz96566177560)
neg, 0.12788281295511936, right(srz246186711870)
neg, 0.2252026121146009, right(srz246186712792)
neg, 0.2252026121146009, right(srz965661710280)
neg, 0.12788281295511936, right(srz44248275602)
neg, 0.1872108373518019, right(srz193067397)
neg, 0.1312754970724383, right(srz965949213565)
neg, 0.1312754970724383, right(srz4423044605)
neg, 0.1312754970724383, right(srz96566173989)
neg, 0.12788281295511936, right(srz274095912381)
neg, 0.2252026121146009, right(srz96566177559)
neg, 0.1312754970724383, right(srz965661712733)
neg, 0.1312754970724383, right(srz96566175108)
neg, 0.13284978350377796, right(srz44248274413)
neg, 0.1284615400382881, right(srz24618675804)
neg, 0.17487980387577814, right(srz44248278185)
neg, 0.12788281295511936, right(srz44248277766)
neg, 0.12788281295511936, right(srz24618671396)
neg, 0.1284615400382881, right(srz24618679245)
neg, 0.14158514118650908, right(srz8029727419)
neg, 0.18485684970456687, right(srz193069206)
neg, 0.20741489118092746, right(srz246186711005)
neg, 0.1872108373518019, right(srz1930611075)
neg, 0.2252026121146009, right(srz8029722261)
neg, 0.18485684970456687, right(srz99311019671)
neg, 0.14158514118650908, right(srz965949210751)
neg, 0.1312754970724383, right(srz24618676835)
neg, 0.1284615400382881, right(srz44248273914)
neg, 0.1312754970724383, right(srz44248273223)
neg, 0.12788281295511936, right(srz246186713265)
neg, 0.12788281295511936, right(srz99311018725)
neg, 0.20741489118092746, right(srz24618673229)
neg, 0.1872108373518019, right(srz274095910356)
neg, 0.12788281295511936, right(srz96566172890)
neg, 0.12788281295511936, right(srz965949211005)
neg, 0.12788281295511936, right(srz44248277651)
neg, 0.12788281295511936, right(srz193069162)
neg, 0.1312754970724383, right(srz96594922009)
neg, 0.12788281295511936, right(srz274095917165)
neg, 0.26569465657955116, right(srz19306722)
neg, 0.12788281295511936, right(srz9931101711)
neg, 0.20741489118092746, right(srz44248277116)
neg, 0.12788281295511936, right(srz9931101975)
neg, 0.12788281295511936, right(srz99311012675)
neg, 0.1284615400382881, right(srz44230445399)
neg, 0.1312754970724383, right(srz993110112314)
neg, 0.1872108373518019, right(srz24618679191)
neg, 0.1312754970724383, right(srz99311014020)
neg, 0.20741489118092746, right(srz193067011)
neg, 0.1312754970724383, right(srz27409596902)
neg, 0.1312754970724383, right(srz8029725452)
neg, 0.1312754970724383, right(srz44248271220)
neg, 0.1872108373518019, right(srz44230441644)
neg, 0.12788281295511936, right(srz44230447057)
neg, 0.18511330982967572, right(srz99311016321)
neg, 0.1312754970724383, right(srz246186712451)
neg, 0.12788281295511936, right(srz96566176220)
neg, 0.12788281295511936, right(srz24618678968)
neg, 0.1312754970724383, right(srz96594924276)
neg, 0.12788281295511936, right(srz8029725723)
neg, 0.12788281295511936, right(srz44230441097)
neg, 0.12788281295511936, right(srz9931101793)
neg, 0.12788281295511936, right(srz96594922815)
neg, 0.12788281295511936, right(srz965661711892)
neg, 0.1872108373518019, right(srz96566174087)
neg, 0.1872108373518019, right(srz193068655)
neg, 0.1312754970724383, right(srz27409595576)
neg, 0.26569465657955116, right(srz8029721038)
neg, 0.1312754970724383, right(srz965661713175)
neg, 0.1312754970724383, right(srz96566172156)
neg, 0.1312754970724383, right(srz96566172722)
neg, 0.1872108373518019, right(srz993110111691)
neg, 0.1312754970724383, right(srz193065446)
neg, 0.1312754970724383, right(srz274095911391)
neg, 0.1284615400382881, right(srz965661710401)
neg, 0.18485684970456687, right(srz19306835)
neg, 0.1284615400382881, right(srz96566171477)
neg, 0.14158514118650908, right(srz99311019371)
neg, 0.12788281295511936, right(srz27409597328)
neg, 0.1312754970724383, right(srz99311017231)
neg, 0.12788281295511936, right(srz9656617674)
neg, 0.1312754970724383, right(srz44248271841)
neg, 0.12788281295511936, right(srz44230443432)
neg, 0.12788281295511936, right(srz99311014901)
neg, 0.12788281295511936, right(srz44248273262)
neg, 0.1872108373518019, right(srz27409598019)
neg, 0.1312754970724383, right(srz24618674863)
neg, 0.12788281295511936, right(srz27409595139)
neg, 0.12788281295511936, right(srz274095916257)
neg, 0.18485684970456687, right(srz1930610720)
neg, 0.1312754970724383, right(srz99311016255)
neg, 0.1872108373518019, right(srz24618673781)
neg, 0.12788281295511936, right(srz44248276348)
neg, 0.12788281295511936, right(srz193062652)
neg, 0.12788281295511936, right(srz27409593560)
neg, 0.12788281295511936, right(srz96594929311)
neg, 0.12788281295511936, right(srz44230441594)
neg, 0.12788281295511936, right(srz44248272469)
neg, 0.20741489118092746, right(srz965661715616)
neg, 0.12788281295511936, right(srz44248274299)
neg, 0.1312754970724383, right(srz96594924722)
neg, 0.18485684970456687, right(srz193062528)
neg, 0.1284615400382881, right(srz193063580)
neg, 0.12788281295511936, right(srz274095914682)
neg, 0.12788281295511936, right(srz193061433)
neg, 0.12788281295511936, right(srz8029721660)
neg, 0.12788281295511936, right(srz193061605)
neg, 0.14158514118650908, right(srz44248276543)
neg, 0.12788281295511936, right(srz44248277867)
neg, 0.12788281295511936, right(srz99311016476)
neg, 0.12788281295511936, right(srz44248274228)
neg, 0.18485684970456687, right(srz965661713367)
neg, 0.18511330982967572, right(srz8029722003)
neg, 0.20741489118092746, right(srz274095911530)
neg, 0.1312754970724383, right(srz193066399)
neg, 0.12788281295511936, right(srz27409591360)
neg, 0.14158514118650908, right(srz8029727467)
neg, 0.1312754970724383, right(srz8029725326)
neg, 0.12788281295511936, right(srz193069972)
neg, 0.12788281295511936, right(srz9656617358)
neg, 0.1284615400382881, right(srz44230445435)
neg, 0.18485684970456687, right(srz8029722349)
neg, 0.14158514118650908, right(srz193065980)
neg, 0.12788281295511936, right(srz8029724010)
neg, 0.12788281295511936, right(srz44248277614)
neg, 0.20741489118092746, right(srz27409597788)
neg, 0.12788281295511936, right(srz96594925468)
neg, 0.1872108373518019, right(srz44248272761)
neg, 0.12788281295511936, right(srz96594925497)
neg, 0.1312754970724383, right(srz1930610992)
neg, 0.12788281295511936, right(srz96594922880)
neg, 0.12788281295511936, right(srz2461867648)
neg, 0.20741489118092746, right(srz965949213635)
neg, 0.1312754970724383, right(srz96594925027)
neg, 0.1312754970724383, right(srz44248272987)
neg, 0.1312754970724383, right(srz246186711036)
neg, 0.14158514118650908, right(srz193067696)
neg, 0.1312754970724383, right(srz246186712478)
neg, 0.1312754970724383, right(srz44230443099)
neg, 0.18485684970456687, right(srz44248271466)
neg, 0.13284978350377796, right(srz44230441766)
neg, 0.17487980387577814, right(srz8029727840)
neg, 0.12788281295511936, right(srz99311016701)
neg, 0.24364176356732303, right(srz9659492950)
neg, 0.20741489118092746, right(srz965949214036)
neg, 0.20741489118092746, right(srz246186711479)
neg, 0.1312754970724383, right(srz193062595)
neg, 0.20741489118092746, right(srz96566178500)
neg, 0.12788281295511936, right(srz44248277725)
neg, 0.12788281295511936, right(srz27409591025)
neg, 0.12788281295511936, right(srz96594928680)
neg, 0.1312754970724383, right(srz8029722330)
neg, 0.20741489118092746, right(srz27409597714)
neg, 0.1872108373518019, right(srz246186710302)
neg, 0.14158514118650908, right(srz44248276680)
neg, 0.1872108373518019, right(srz96594921173)
neg, 0.1312754970724383, right(srz99311019102)
neg, 0.1872108373518019, right(srz27409594706)
neg, 0.1312754970724383, right(srz965949213479)
neg, 0.1312754970724383, right(srz99311015195)
neg, 0.18485684970456687, right(srz96594929706)
neg, 0.12788281295511936, right(srz44248277612)
neg, 0.1284615400382881, right(srz27409595696)
neg, 0.12788281295511936, right(srz993110111439)
neg, 0.18485684970456687, right(srz442304472)
neg, 0.1312754970724383, right(srz965661714648)
neg, 0.1312754970724383, right(srz96566175311)
neg, 0.12788281295511936, right(srz274095967)
neg, 0.1312754970724383, right(srz44248274901)
neg, 0.12788281295511936, right(srz44248276341)
neg, 0.1872108373518019, right(srz274095912836)
neg, 0.1312754970724383, right(srz44230441495)
neg, 0.12788281295511936, right(srz965661714029)
neg, 0.1872108373518019, right(srz1930611454)
neg, 0.12788281295511936, right(srz246186713738)
neg, 0.20741489118092746, right(srz27409595226)
neg, 0.12788281295511936, right(srz96594929388)
neg, 0.1312754970724383, right(srz965949210138)
neg, 0.13284978350377796, right(srz44248274317)
neg, 0.20741489118092746, right(srz274095912587)
neg, 0.12788281295511936, right(srz24618671236)
neg, 0.1312754970724383, right(srz965949211411)
neg, 0.17487980387577814, right(srz965661712085)
neg, 0.12788281295511936, right(srz24618671871)
neg, 0.12788281295511936, right(srz993110111311)
neg, 0.1284615400382881, right(srz9656617296)
neg, 0.12788281295511936, right(srz44248272358)
neg, 0.12788281295511936, right(srz8029726001)
neg, 0.1312754970724383, right(srz44248271493)
neg, 0.1312754970724383, right(srz44248271569)
neg, 0.12788281295511936, right(srz96566173089)
neg, 0.1312754970724383, right(srz274095916305)
neg, 0.1312754970724383, right(srz246186714062)
neg, 0.1312754970724383, right(srz246186715884)
neg, 0.12788281295511936, right(srz274095961)
neg, 0.12788281295511936, right(srz19306937)
neg, 0.18485684970456687, right(srz965661711271)
neg, 0.20741489118092746, right(srz8029723338)
neg, 0.20741489118092746, right(srz96566174854)
neg, 0.12788281295511936, right(srz44248272388)
neg, 0.1872108373518019, right(srz8029724115)
neg, 0.1284615400382881, right(srz96594925309)
neg, 0.20741489118092746, right(srz802972502)
neg, 0.12788281295511936, right(srz44248273497)
neg, 0.12788281295511936, right(srz44230441587)
neg, 0.18485684970456687, right(srz96566178245)
neg, 0.1312754970724383, right(srz24618675490)
neg, 0.18485684970456687, right(srz193066910)
neg, 0.1872108373518019, right(srz96566179892)
neg, 0.12788281295511936, right(srz99311015521)
neg, 0.12788281295511936, right(srz965661711690)
neg, 0.13284978350377796, right(srz193066788)
neg, 0.17487980387577814, right(srz44230444711)
neg, 0.1284615400382881, right(srz96566171483)
neg, 0.1312754970724383, right(srz24618677143)
neg, 0.1312754970724383, right(srz8029721685)
neg, 0.12788281295511936, right(srz27409597668)
neg, 0.17487980387577814, right(srz44248278298)
neg, 0.2252026121146009, right(srz44248273825)
neg, 0.1312754970724383, right(srz96566178185)
neg, 0.12788281295511936, right(srz24618671206)
neg, 0.12788281295511936, right(srz96594927045)
neg, 0.1312754970724383, right(srz193066156)
neg, 0.18485684970456687, right(srz44230448367)
neg, 0.12788281295511936, right(srz193062636)
neg, 0.1284615400382881, right(srz96594926609)
neg, 0.1312754970724383, right(srz27409596079)
neg, 0.12788281295511936, right(srz246186713282)
neg, 0.1312754970724383, right(srz274095916499)
neg, 0.12788281295511936, right(srz44230447086)
neg, 0.1312754970724383, right(srz965949214029)
neg, 0.1312754970724383, right(srz44248274512)
neg, 0.20741489118092746, right(srz27409598219)
neg, 0.20741489118092746, right(srz193069599)
neg, 0.13284978350377796, right(srz44230446682)
neg, 0.1312754970724383, right(srz246186711028)
neg, 0.24939322129195243, right(srz193068104)
neg, 0.1312754970724383, right(srz96594924623)
neg, 0.1312754970724383, right(srz193066551)
neg, 0.1872108373518019, right(srz27409599804)
neg, 0.1872108373518019, right(srz24618676898)
neg, 0.12788281295511936, right(srz193062622)
neg, 0.12788281295511936, right(srz8029727347)
neg, 0.12788281295511936, right(srz24618671789)
neg, 0.1872108373518019, right(srz246186714122)
neg, 0.1312754970724383, right(srz96594927990)
neg, 0.1284615400382881, right(srz274095912255)
neg, 0.12788281295511936, right(srz44230445148)
neg, 0.20741489118092746, right(srz99311013350)
neg, 0.12788281295511936, right(srz27409591379)
neg, 0.1872108373518019, right(srz274095917066)
neg, 0.12788281295511936, right(srz965661712043)
neg, 0.12788281295511936, right(srz8029727055)
neg, 0.20741489118092746, right(srz8029722108)
neg, 0.13284978350377796, right(srz193065017)
neg, 0.2252026121146009, right(srz44230446506)
neg, 0.12788281295511936, right(srz4424827565)
neg, 0.12788281295511936, right(srz96566176119)
neg, 0.1284615400382881, right(srz193068920)
neg, 0.20741489118092746, right(srz27409591606)
neg, 0.1312754970724383, right(srz274095917236)
neg, 0.12788281295511936, right(srz246186711830)
neg, 0.1872108373518019, right(srz993110110240)
neg, 0.1872108373518019, right(srz965661714163)
neg, 0.1312754970724383, right(srz8029725449)
neg, 0.12788281295511936, right(srz8029725666)
neg, 0.1312754970724383, right(srz96566173586)
neg, 0.12788281295511936, right(srz246186711807)
neg, 0.12788281295511936, right(srz96594929516)
neg, 0.13284978350377796, right(srz193065060)
neg, 0.12788281295511936, right(srz24618673821)
neg, 0.1312754970724383, right(srz44248273165)
neg, 0.12788281295511936, right(srz193066079)
neg, 0.1312754970724383, right(srz8029726574)
neg, 0.18485684970456687, right(srz8029724983)
neg, 0.20741489118092746, right(srz193068317)
neg, 0.1312754970724383, right(srz99311013612)
neg, 0.12788281295511936, right(srz96594927107)
neg, 0.1872108373518019, right(srz44230441543)
neg, 0.12788281295511936, right(srz96594921609)
neg, 0.1312754970724383, right(srz96566176476)
neg, 0.13284978350377796, right(srz965661714342)
neg, 0.12788281295511936, right(srz1930611914)
neg, 0.18485684970456687, right(srz4424827537)
neg, 0.1312754970724383, right(srz44248277408)
neg, 0.1312754970724383, right(srz99311016352)
neg, 0.1312754970724383, right(srz246186715880)
neg, 0.18485684970456687, right(srz8029723254)
neg, 0.20741489118092746, right(srz246186714415)
neg, 0.18485684970456687, right(srz96594926400)
neg, 0.1284615400382881, right(srz24618675862)
neg, 0.12788281295511936, right(srz246186711942)
neg, 0.1312754970724383, right(srz8029728532)
neg, 0.1312754970724383, right(srz99311012730)
neg, 0.1872108373518019, right(srz44230441297)
neg, 0.12788281295511936, right(srz96566171587)
neg, 0.12788281295511936, right(srz99311016516)
neg, 0.12788281295511936, right(srz27409593698)
neg, 0.26569465657955116, right(srz965661715640)
neg, 0.1312754970724383, right(srz8029726295)
neg, 0.12788281295511936, right(srz193061700)
neg, 0.12788281295511936, right(srz96594927194)
neg, 0.1312754970724383, right(srz96594927308)
neg, 0.12788281295511936, right(srz27409593841)
neg, 0.15013817616499373, right(srz96594928584)
neg, 0.1312754970724383, right(srz246186715348)
neg, 0.1872108373518019, right(srz193063468)
neg, 0.1872108373518019, right(srz96566172217)
neg, 0.2252026121146009, right(srz44230442842)
neg, 0.12788281295511936, right(srz965949212348)
neg, 0.20741489118092746, right(srz27409594514)
neg, 0.12788281295511936, right(srz8029725920)
neg, 0.1312754970724383, right(srz24618677755)
neg, 0.12788281295511936, right(srz96594929226)
neg, 0.1872108373518019, right(srz1930611499)
neg, 0.18485684970456687, right(srz44248272602)
neg, 0.20741489118092746, right(srz27409591724)
neg, 0.12788281295511936, right(srz965949213714)
neg, 0.1312754970724383, right(srz99311017328)
neg, 0.12788281295511936, right(srz96566172910)
neg, 0.12788281295511936, right(srz27409592718)
neg, 0.12788281295511936, right(srz274095946)
neg, 0.12788281295511936, right(srz246186713317)
neg, 0.1284615400382881, right(srz27409597230)
neg, 0.1312754970724383, right(srz965661712722)
neg, 0.12788281295511936, right(srz96566172942)
neg, 0.12788281295511936, right(srz246186715980)
neg, 0.12788281295511936, right(srz8029725798)
neg, 0.12788281295511936, right(srz24618673836)
neg, 0.1872108373518019, right(srz99311012673)
neg, 0.12788281295511936, right(srz99311016574)
neg, 0.14158514118650908, right(srz99311018825)
neg, 0.1312754970724383, right(srz96566172223)
neg, 0.1312754970724383, right(srz99311019952)
neg, 0.1312754970724383, right(srz24618678689)
neg, 0.1312754970724383, right(srz96566174544)
neg, 0.12788281295511936, right(srz9931101579)
neg, 0.12788281295511936, right(srz44230445515)
neg, 0.1312754970724383, right(srz8029727744)
neg, 0.12788281295511936, right(srz8029721299)
neg, 0.12788281295511936, right(srz24618671288)
neg, 0.12788281295511936, right(srz274095912391)
neg, 0.1312754970724383, right(srz44230447564)
neg, 0.1312754970724383, right(srz9659492180)
neg, 0.12788281295511936, right(srz96594927554)
neg, 0.1312754970724383, right(srz96594925813)
neg, 0.20741489118092746, right(srz8029729385)
neg, 0.1312754970724383, right(srz99311017836)
neg, 0.1284615400382881, right(srz44230445466)
neg, 0.12788281295511936, right(srz27409591132)
neg, 0.1312754970724383, right(srz965949210158)
neg, 0.12788281295511936, right(srz99311016470)
neg, 0.1312754970724383, right(srz27409595449)
neg, 0.12788281295511936, right(srz24618673103)
neg, 0.20741489118092746, right(srz96566178472)
neg, 0.1312754970724383, right(srz965949211601)
neg, 0.12788281295511936, right(srz44230445654)
neg, 0.1312754970724383, right(srz99311018226)
neg, 0.1312754970724383, right(srz80297210001)
neg, 0.12788281295511936, right(srz24618671121)
neg, 0.20741489118092746, right(srz44248277527)
neg, 0.1312754970724383, right(srz24618679982)
neg, 0.20741489118092746, right(srz24618678120)
neg, 0.1312754970724383, right(srz246186715056)
neg, 0.1312754970724383, right(srz9656617983)
neg, 0.1312754970724383, right(srz24618675996)
neg, 0.12788281295511936, right(srz27409593919)
neg, 0.1872108373518019, right(srz965949211541)
neg, 0.1872108373518019, right(srz19306793)
neg, 0.1312754970724383, right(srz96594927860)
neg, 0.1312754970724383, right(srz274095911033)
neg, 0.12788281295511936, right(srz96566178822)
neg, 0.1872108373518019, right(srz80297210816)
neg, 0.12788281295511936, right(srz2461867442)
neg, 0.1872108373518019, right(srz965661714752)
neg, 0.1312754970724383, right(srz44248276107)
neg, 0.1284615400382881, right(srz9656617250)
neg, 0.1312754970724383, right(srz24618677596)
neg, 0.1872108373518019, right(srz193066595)
neg, 0.12788281295511936, right(srz965661715794)
neg, 0.1872108373518019, right(srz44248271133)
neg, 0.12788281295511936, right(srz19306981)
neg, 0.12788281295511936, right(srz965661716100)
neg, 0.12788281295511936, right(srz9656617698)
neg, 0.1312754970724383, right(srz193062738)
neg, 0.20741489118092746, right(srz96566174931)
neg, 0.12788281295511936, right(srz44248277688)
neg, 0.12788281295511936, right(srz96594923021)
neg, 0.12788281295511936, right(srz27409593810)
neg, 0.1284615400382881, right(srz44230441863)
neg, 0.1312754970724383, right(srz96594928041)
neg, 0.12788281295511936, right(srz965949211834)
neg, 0.18485684970456687, right(srz44230447273)
neg, 0.17487980387577814, right(srz96594923423)
neg, 0.12788281295511936, right(srz99311016492)
neg, 0.1312754970724383, right(srz246186715886)
neg, 0.18485684970456687, right(srz8029722014)
neg, 0.1312754970724383, right(srz274095913248)
neg, 0.12788281295511936, right(srz993110111303)
neg, 0.12788281295511936, right(srz96594927088)
neg, 0.12788281295511936, right(srz274095913630)
neg, 0.12788281295511936, right(srz96566178365)
neg, 0.12788281295511936, right(srz27409593117)
neg, 0.12788281295511936, right(srz193064907)
neg, 0.12788281295511936, right(srz193065525)
neg, 0.20741489118092746, right(srz8029728430)
neg, 0.1312754970724383, right(srz27409595435)
neg, 0.12788281295511936, right(srz96594922909)
neg, 0.12788281295511936, right(srz4424827334)
neg, 0.12788281295511936, right(srz24618672622)
neg, 0.1312754970724383, right(srz965661715079)
neg, 0.13284978350377796, right(srz24618672373)
neg, 0.1872108373518019, right(srz99311015645)
neg, 0.12788281295511936, right(srz246186714946)
neg, 0.12788281295511936, right(srz965949213770)
neg, 0.1312754970724383, right(srz96566172716)
neg, 0.1312754970724383, right(srz27409596977)
neg, 0.12788281295511936, right(srz99311016187)
neg, 0.1872108373518019, right(srz44248277099)
neg, 0.1872108373518019, right(srz24618677854)
neg, 0.12788281295511936, right(srz2461867488)
neg, 0.1872108373518019, right(srz44230447862)
neg, 0.20741489118092746, right(srz24618677970)
neg, 0.1284615400382881, right(srz96594925315)
neg, 0.2252026121146009, right(srz193066939)
neg, 0.18485684970456687, right(srz99311014315)
neg, 0.1312754970724383, right(srz99311012823)
neg, 0.12788281295511936, right(srz8029722148)
neg, 0.18511330982967572, right(srz965949212215)
neg, 0.13284978350377796, right(srz96594928779)
neg, 0.1872108373518019, right(srz9931101528)
neg, 0.20741489118092746, right(srz8029722239)
neg, 0.1312754970724383, right(srz44230442128)
neg, 0.1312754970724383, right(srz8029729591)
neg, 0.1312754970724383, right(srz24618675474)
neg, 0.12788281295511936, right(srz193063170)
neg, 0.20741489118092746, right(srz44248273878)
neg, 0.1312754970724383, right(srz96594924822)
neg, 0.1312754970724383, right(srz8029726710)
neg, 0.1312754970724383, right(srz965949211617)
neg, 0.12788281295511936, right(srz99311012653)
neg, 0.18485684970456687, right(srz96594927337)
neg, 0.1312754970724383, right(srz9656617495)
neg, 0.12788281295511936, right(srz44248273454)
neg, 0.13284978350377796, right(srz4423044359)
neg, 0.1312754970724383, right(srz24618678990)
neg, 0.1312754970724383, right(srz24618679527)
neg, 0.1312754970724383, right(srz96566176848)
neg, 0.12788281295511936, right(srz27409592725)
neg, 0.1872108373518019, right(srz8029729658)
neg, 0.12788281295511936, right(srz99311018933)
neg, 0.1312754970724383, right(srz27409598073)
neg, 0.12788281295511936, right(srz193064939)
neg, 0.1312754970724383, right(srz9659492685)
neg, 0.1312754970724383, right(srz965949210223)
neg, 0.1312754970724383, right(srz993110168)
neg, 0.1312754970724383, right(srz24618678368)
neg, 0.20741489118092746, right(srz8029729016)
neg, 0.1312754970724383, right(srz193061809)
neg, 0.20741489118092746, right(srz24618676776)
neg, 0.12788281295511936, right(srz96594927065)
neg, 0.1872108373518019, right(srz9656617820)
neg, 0.18485684970456687, right(srz8029721993)
neg, 0.12788281295511936, right(srz274095916559)
neg, 0.1312754970724383, right(srz193067151)
neg, 0.12788281295511936, right(srz274095912501)
neg, 0.12788281295511936, right(srz96594929510)
neg, 0.1312754970724383, right(srz8029721735)
neg, 0.12788281295511936, right(srz246186717100)
neg, 0.1312754970724383, right(srz96594922433)
neg, 0.20741489118092746, right(srz8029724156)
neg, 0.12788281295511936, right(srz274095913665)
neg, 0.1312754970724383, right(srz44230443590)
neg, 0.1872108373518019, right(srz8029727298)
neg, 0.12788281295511936, right(srz24618675992)
neg, 0.1284615400382881, right(srz27409597231)
neg, 0.12788281295511936, right(srz274095916532)
neg, 0.12788281295511936, right(srz965661713960)
neg, 0.12788281295511936, right(srz99311015514)
neg, 0.20741489118092746, right(srz27409592078)
neg, 0.1312754970724383, right(srz44230443342)
neg, 0.1312754970724383, right(srz44248272139)
neg, 0.12788281295511936, right(srz44230442931)
neg, 0.12788281295511936, right(srz24618671647)
neg, 0.1312754970724383, right(srz965661710951)
neg, 0.1872108373518019, right(srz96594929906)
neg, 0.12788281295511936, right(srz274095913681)
neg, 0.12788281295511936, right(srz2461867680)
neg, 0.1312754970724383, right(srz193062188)
neg, 0.1284615400382881, right(srz96594926551)
neg, 0.1312754970724383, right(srz965661713464)
neg, 0.18485684970456687, right(srz965661714404)
neg, 0.1312754970724383, right(srz993110111719)
neg, 0.1312754970724383, right(srz8029729935)
neg, 0.13284978350377796, right(srz4424827524)
neg, 0.20741489118092746, right(srz99311018488)
neg, 0.12788281295511936, right(srz4424827735)
neg, 0.12788281295511936, right(srz27409591293)
neg, 0.1312754970724383, right(srz8029723014)
neg, 0.12788281295511936, right(srz44248278033)
neg, 0.1312754970724383, right(srz8029725304)
neg, 0.18485684970456687, right(srz96566173523)
neg, 0.12788281295511936, right(srz27409593039)
neg, 0.1284615400382881, right(srz80297210133)
neg, 0.12788281295511936, right(srz193063947)
neg, 0.1284615400382881, right(srz9656617286)
neg, 0.1872108373518019, right(srz274095911672)
neg, 0.1312754970724383, right(srz193068215)
neg, 0.1312754970724383, right(srz80297210659)
neg, 0.1312754970724383, right(srz965661711413)
neg, 0.12788281295511936, right(srz99311014939)
neg, 0.1312754970724383, right(srz965661714596)
neg, 0.13284978350377796, right(srz99311016080)
neg, 0.12788281295511936, right(srz965661711732)
neg, 0.1312754970724383, right(srz24618677897)
neg, 0.20741489118092746, right(srz96566179131)
neg, 0.1284615400382881, right(srz44230442515)
neg, 0.1312754970724383, right(srz246186712810)
neg, 0.1312754970724383, right(srz993110110794)
neg, 0.1312754970724383, right(srz8029725245)
neg, 0.12788281295511936, right(srz246186717112)
neg, 0.12788281295511936, right(srz274095913777)
neg, 0.20741489118092746, right(srz8029729848)
neg, 0.12788281295511936, right(srz965661715907)
neg, 0.12788281295511936, right(srz96594924075)
neg, 0.1312754970724383, right(srz44248271717)
neg, 0.1312754970724383, right(srz4423044769)
neg, 0.20741489118092746, right(srz2740959321)
neg, 0.1312754970724383, right(srz96594928966)
neg, 0.12788281295511936, right(srz965949212828)
neg, 0.18485684970456687, right(srz193061973)
neg, 0.12788281295511936, right(srz27409592009)
neg, 0.12788281295511936, right(srz8029722135)
neg, 0.12788281295511936, right(srz96566179)
neg, 0.20741489118092746, right(srz44230441211)
neg, 0.18511330982967572, right(srz993110111567)
neg, 0.13284978350377796, right(srz44230443817)
neg, 0.1284615400382881, right(srz274095912297)
neg, 0.12788281295511936, right(srz965949211882)
neg, 0.26569465657955116, right(srz44248276054)
neg, 0.1312754970724383, right(srz246186714525)
neg, 0.1312754970724383, right(srz96594929059)
neg, 0.1312754970724383, right(srz44248276198)
neg, 0.1312754970724383, right(srz442482726)
neg, 0.12788281295511936, right(srz44248272308)
neg, 0.18485684970456687, right(srz96566178295)
neg, 0.12788281295511936, right(srz193062612)
neg, 0.1312754970724383, right(srz274095910933)
neg, 0.1312754970724383, right(srz8029728553)
neg, 0.12788281295511936, right(srz96566178723)
neg, 0.18511330982967572, right(srz274095911786)
neg, 0.1312754970724383, right(srz1930610701)
neg, 0.12788281295511936, right(srz8029722923)
neg, 0.14158514118650908, right(srz44248272624)
neg, 0.12788281295511936, right(srz274095916525)
neg, 0.17487980387577814, right(srz44248274211)
neg, 0.12788281295511936, right(srz27409591203)
neg, 0.1312754970724383, right(srz44230447869)
neg, 0.12788281295511936, right(srz96566176156)
neg, 0.12788281295511936, right(srz99311019532)
neg, 0.12788281295511936, right(srz246186713752)
neg, 0.1312754970724383, right(srz24618676604)
neg, 0.12788281295511936, right(srz24618671268)
neg, 0.20741489118092746, right(srz44248273730)
neg, 0.12788281295511936, right(srz44248278038)
neg, 0.1312754970724383, right(srz965661712773)
neg, 0.12788281295511936, right(srz27409594138)
neg, 0.12788281295511936, right(srz9931101748)
neg, 0.14158514118650908, right(srz44248275099)
neg, 0.13284978350377796, right(srz246186716505)
neg, 0.1312754970724383, right(srz96594929854)
neg, 0.1312754970724383, right(srz274095910793)
neg, 0.12788281295511936, right(srz193061676)
neg, 0.20741489118092746, right(srz8029721147)
neg, 0.12788281295511936, right(srz965661710556)
neg, 0.13284978350377796, right(srz193068055)
neg, 0.1312754970724383, right(srz193067463)
neg, 0.1312754970724383, right(srz274095915714)
neg, 0.1312754970724383, right(srz8029728526)
neg, 0.12788281295511936, right(srz96594923993)
neg, 0.1312754970724383, right(srz44230444800)
neg, 0.1312754970724383, right(srz27409595384)
neg, 0.12788281295511936, right(srz2740959700)
neg, 0.1312754970724383, right(srz99311012569)
neg, 0.1312754970724383, right(srz274095914482)
neg, 0.1312754970724383, right(srz246186714110)
neg, 0.12788281295511936, right(srz96594921615)
neg, 0.1312754970724383, right(srz8029726348)
neg, 0.1312754970724383, right(srz965661712750)
neg, 0.1312754970724383, right(srz1930612042)
neg, 0.17487980387577814, right(srz965949213376)
neg, 0.1312754970724383, right(srz99311012535)
neg, 0.1312754970724383, right(srz44248277222)
neg, 0.1872108373518019, right(srz246186711563)
neg, 0.1312754970724383, right(srz442482717)
neg, 0.20741489118092746, right(srz27409591732)
neg, 0.1872108373518019, right(srz27409594957)
neg, 0.18485684970456687, right(srz993110112027)
neg, 0.12788281295511936, right(srz27409596447)
neg, 0.18485684970456687, right(srz1930610062)
neg, 0.12788281295511936, right(srz8029721462)
neg, 0.26569465657955116, right(srz4424827250)
neg, 0.12788281295511936, right(srz96566178789)
neg, 0.13284978350377796, right(srz193065001)
neg, 0.12788281295511936, right(srz27409599062)
neg, 0.1312754970724383, right(srz96566179198)
neg, 0.12788281295511936, right(srz96594926652)
neg, 0.13284978350377796, right(srz246186716536)
neg, 0.1312754970724383, right(srz965661714094)
neg, 0.12788281295511936, right(srz27409594042)
neg, 0.20741489118092746, right(srz27409592069)
neg, 0.12788281295511936, right(srz44248275838)
neg, 0.1872108373518019, right(srz44230447929)
neg, 0.24364176356732303, right(srz44230446336)
neg, 0.1312754970724383, right(srz8029729621)
neg, 0.1312754970724383, right(srz27409596814)
neg, 0.12788281295511936, right(srz44248275460)
neg, 0.1312754970724383, right(srz965949211242)
neg, 0.12788281295511936, right(srz24618674326)
neg, 0.13284978350377796, right(srz24618672367)
neg, 0.1312754970724383, right(srz44248278265)
neg, 0.1872108373518019, right(srz965949213189)
neg, 0.12788281295511936, right(srz24618674277)
neg, 0.12788281295511936, right(srz4424827934)
neg, 0.12788281295511936, right(srz4423044197)
neg, 0.12788281295511936, right(srz24618679438)
neg, 0.12788281295511936, right(srz965949213395)
neg, 0.1312754970724383, right(srz1930611405)
neg, 0.18485684970456687, right(srz99311019381)
neg, 0.12788281295511936, right(srz965949212910)
neg, 0.1312754970724383, right(srz44248276394)
neg, 0.12788281295511936, right(srz8029721608)
neg, 0.1312754970724383, right(srz24618674852)
neg, 0.20741489118092746, right(srz193063450)
neg, 0.1312754970724383, right(srz8029724092)
neg, 0.13284978350377796, right(srz193068668)
neg, 0.12788281295511936, right(srz965661713294)
neg, 0.1312754970724383, right(srz802972190)
neg, 0.20741489118092746, right(srz4424827974)
neg, 0.1312754970724383, right(srz8029729571)
neg, 0.1312754970724383, right(srz96594922431)
neg, 0.12788281295511936, right(srz27409594123)
neg, 0.12788281295511936, right(srz8029725748)
neg, 0.1312754970724383, right(srz193068851)
neg, 0.1872108373518019, right(srz965661710355)
neg, 0.12788281295511936, right(srz96566178989)
neg, 0.1312754970724383, right(srz99311014539)
neg, 0.12788281295511936, right(srz2461867638)
neg, 0.18485684970456687, right(srz44230444980)
neg, 0.12788281295511936, right(srz8029721597)
neg, 0.1312754970724383, right(srz96566176468)
neg, 0.1872108373518019, right(srz24618674756)
neg, 0.1312754970724383, right(srz44248278209)
neg, 0.12788281295511936, right(srz44230445811)
neg, 0.18511330982967572, right(srz24618673487)
neg, 0.12788281295511936, right(srz24618671449)
neg, 0.1312754970724383, right(srz965949210176)
neg, 0.12788281295511936, right(srz24618675153)
neg, 0.1872108373518019, right(srz8029722052)
neg, 0.20741489118092746, right(srz274095910086)
neg, 0.20741489118092746, right(srz2461867853)
neg, 0.1312754970724383, right(srz99311012497)
neg, 0.1872108373518019, right(srz193064677)
neg, 0.12788281295511936, right(srz965949211760)
neg, 0.1312754970724383, right(srz246186715330)
neg, 0.12788281295511936, right(srz44230446777)
neg, 0.1312754970724383, right(srz24618676112)
neg, 0.17487980387577814, right(srz19306276)
neg, 0.1312754970724383, right(srz96566172726)
neg, 0.1312754970724383, right(srz99311018362)
neg, 0.20741489118092746, right(srz44230441254)
neg, 0.12788281295511936, right(srz96566174963)
neg, 0.17487980387577814, right(srz965949214039)
neg, 0.1312754970724383, right(srz246186712928)
neg, 0.17487980387577814, right(srz9931101556)
neg, 0.1312754970724383, right(srz965949212108)
neg, 0.24364176356732303, right(srz96566178668)
neg, 0.12788281295511936, right(srz193065503)
neg, 0.24364176356732303, right(srz965661713397)
neg, 0.1312754970724383, right(srz27409596720)
neg, 0.1312754970724383, right(srz44248271079)
neg, 0.1312754970724383, right(srz274095910489)
neg, 0.1312754970724383, right(srz27409598119)
neg, 0.12788281295511936, right(srz44230446924)
neg, 0.12788281295511936, right(srz274095927)
neg, 0.1312754970724383, right(srz9656617957)
neg, 0.20741489118092746, right(srz96566177630)
neg, 0.20741489118092746, right(srz802972771)
neg, 0.1312754970724383, right(srz8029729573)
neg, 0.26569465657955116, right(srz965949214132)
neg, 0.1312754970724383, right(srz965661712519)
neg, 0.12788281295511936, right(srz27409592166)
neg, 0.1312754970724383, right(srz8029722991)
neg, 0.1312754970724383, right(srz27409596808)
neg, 0.12788281295511936, right(srz44230447068)
neg, 0.12788281295511936, right(srz96566174714)
neg, 0.12788281295511936, right(srz246186711979)
neg, 0.20741489118092746, right(srz246186712170)
neg, 0.1872108373518019, right(srz96566178302)
neg, 0.12788281295511936, right(srz24618679373)
neg, 0.12788281295511936, right(srz19306917)
neg, 0.17487980387577814, right(srz44248274068)
neg, 0.12788281295511936, right(srz1930612172)
neg, 0.12788281295511936, right(srz27409591627)
neg, 0.20741489118092746, right(srz8029728463)
neg, 0.18485684970456687, right(srz8029724975)
neg, 0.14158514118650908, right(srz193067741)
neg, 0.1872108373518019, right(srz8029728617)
neg, 0.13284978350377796, right(srz8029729251)
neg, 0.12788281295511936, right(srz2461867884)
neg, 0.20741489118092746, right(srz99311018089)
neg, 0.17487980387577814, right(srz993110110365)
neg, 0.12788281295511936, right(srz2740959508)
neg, 0.20741489118092746, right(srz246186711475)
neg, 0.1872108373518019, right(srz8029729413)
neg, 0.1284615400382881, right(srz193063597)
neg, 0.1312754970724383, right(srz274095914478)
neg, 0.20741489118092746, right(srz965661714815)
neg, 0.1312754970724383, right(srz965661715044)
neg, 0.12788281295511936, right(srz274095910563)
neg, 0.1312754970724383, right(srz99311013540)
neg, 0.1312754970724383, right(srz193068814)
neg, 0.1312754970724383, right(srz99311014376)
neg, 0.12788281295511936, right(srz193061413)
neg, 0.1284615400382881, right(srz96566171386)
neg, 0.2252026121146009, right(srz27409592820)
neg, 0.1872108373518019, right(srz99311017699)
neg, 0.12788281295511936, right(srz99311016752)
neg, 0.20741489118092746, right(srz44230447610)
neg, 0.1312754970724383, right(srz8029728358)
neg, 0.1872108373518019, right(srz19306207)
neg, 0.24364176356732303, right(srz8029729878)
neg, 0.18485684970456687, right(srz193065218)
neg, 0.12788281295511936, right(srz44230446975)
neg, 0.12788281295511936, right(srz96594921402)
neg, 0.12788281295511936, right(srz27409592574)
neg, 0.12788281295511936, right(srz24618677520)
neg, 0.20741489118092746, right(srz24618671941)
neg, 0.20741489118092746, right(srz96566174760)
neg, 0.1312754970724383, right(srz4423044603)
neg, 0.17487980387577814, right(srz993110110889)
neg, 0.12788281295511936, right(srz246186714329)
neg, 0.26569465657955116, right(srz99311011752)
neg, 0.12788281295511936, right(srz24618671453)
neg, 0.12788281295511936, right(srz24618672211)
neg, 0.12788281295511936, right(srz24618679393)
neg, 0.12788281295511936, right(srz99311011112)
neg, 0.2252026121146009, right(srz96594928192)
neg, 0.12788281295511936, right(srz274095912368)
neg, 0.1284615400382881, right(srz27409597167)
neg, 0.1312754970724383, right(srz44230441263)
neg, 0.1312754970724383, right(srz44230444810)
neg, 0.1872108373518019, right(srz8029722452)
neg, 0.20741489118092746, right(srz44230441205)
neg, 0.1872108373518019, right(srz96594925130)
neg, 0.12788281295511936, right(srz96566178824)
neg, 0.12788281295511936, right(srz99311014828)
neg, 0.18485684970456687, right(srz193068255)
neg, 0.12788281295511936, right(srz246186714810)
neg, 0.1312754970724383, right(srz44230444543)
neg, 0.1312754970724383, right(srz96566175729)
neg, 0.12788281295511936, right(srz44248273485)
neg, 0.18485684970456687, right(srz8029728996)
neg, 0.12788281295511936, right(srz8029725820)
neg, 0.12788281295511936, right(srz8029727546)
neg, 0.12788281295511936, right(srz99311013232)
neg, 0.12788281295511936, right(srz2740959522)
neg, 0.1312754970724383, right(srz27409594836)
neg, 0.12788281295511936, right(srz965661715859)
neg, 0.1872108373518019, right(srz24618679196)
neg, 0.12788281295511936, right(srz246186716333)
neg, 0.20741489118092746, right(srz274095916717)
neg, 0.1312754970724383, right(srz193064187)
neg, 0.12788281295511936, right(srz246186711370)
neg, 0.1312754970724383, right(srz965949210231)
neg, 0.1312754970724383, right(srz44248271713)
neg, 0.1284615400382881, right(srz24618679315)
neg, 0.1312754970724383, right(srz193063425)
neg, 0.13284978350377796, right(srz193066888)
neg, 0.1284615400382881, right(srz27409595727)
neg, 0.1872108373518019, right(srz99311017989)
neg, 0.18485684970456687, right(srz193062349)
neg, 0.1312754970724383, right(srz99311018172)
neg, 0.18485684970456687, right(srz993110110996)
neg, 0.1312754970724383, right(srz99311014013)
neg, 0.1312754970724383, right(srz965949212611)
neg, 0.20741489118092746, right(srz2740959333)
neg, 0.12788281295511936, right(srz24618672675)
neg, 0.20741489118092746, right(srz965949212161)
neg, 0.18485684970456687, right(srz96566173517)
neg, 0.1284615400382881, right(srz96566171470)
neg, 0.12788281295511936, right(srz44230441093)
neg, 0.1872108373518019, right(srz274095911209)
neg, 0.1872108373518019, right(srz96566171064)
neg, 0.12788281295511936, right(srz27409591429)
neg, 0.12788281295511936, right(srz193064501)
neg, 0.1312754970724383, right(srz96594924812)
neg, 0.12788281295511936, right(srz193063911)
neg, 0.1284615400382881, right(srz96566171410)
neg, 0.1312754970724383, right(srz80297210087)
neg, 0.12788281295511936, right(srz96594928612)
neg, 0.18485684970456687, right(srz99311014110)
neg, 0.1312754970724383, right(srz193067026)
neg, 0.1284615400382881, right(srz965661710456)
neg, 0.17487980387577814, right(srz8029723153)
neg, 0.20741489118092746, right(srz96566174894)
neg, 0.12788281295511936, right(srz99311017306)
neg, 0.12788281295511936, right(srz4424827683)
neg, 0.20741489118092746, right(srz96566175156)
neg, 0.1872108373518019, right(srz8029722494)
neg, 0.1312754970724383, right(srz96594929602)
neg, 0.18485684970456687, right(srz8029722016)
neg, 0.17487980387577814, right(srz44248278159)
neg, 0.1312754970724383, right(srz246186714441)
neg, 0.12788281295511936, right(srz993110111347)
neg, 0.20741489118092746, right(srz8029729002)
neg, 0.12788281295511936, right(srz44248273294)
neg, 0.1312754970724383, right(srz24618677606)
neg, 0.18485684970456687, right(srz8029729330)
neg, 0.1312754970724383, right(srz99311018357)
neg, 0.20741489118092746, right(srz2740959367)
neg, 0.1312754970724383, right(srz27409594806)
neg, 0.12788281295511936, right(srz4424827561)
neg, 0.12788281295511936, right(srz993110111179)
neg, 0.1872108373518019, right(srz19306202)
neg, 0.1312754970724383, right(srz44248271907)
neg, 0.1872108373518019, right(srz44230446502)
neg, 0.17487980387577814, right(srz44230446500)
neg, 0.12788281295511936, right(srz96594928123)
neg, 0.12788281295511936, right(srz246186714256)
neg, 0.12788281295511936, right(srz44230444111)
neg, 0.12788281295511936, right(srz27409593044)
neg, 0.12788281295511936, right(srz96594926987)
neg, 0.1312754970724383, right(srz193062596)
neg, 0.17487980387577814, right(srz44248278189)
neg, 0.12788281295511936, right(srz96594922890)
neg, 0.1312754970724383, right(srz44230448096)
neg, 0.1312754970724383, right(srz96566173971)
neg, 0.13284978350377796, right(srz8029724445)
neg, 0.12788281295511936, right(srz27409594026)
neg, 0.17487980387577814, right(srz44248275941)
neg, 0.1312754970724383, right(srz44230444521)
neg, 0.20741489118092746, right(srz965949213440)
neg, 0.18485684970456687, right(srz9931101464)
neg, 0.12788281295511936, right(srz80297210335)
neg, 0.12788281295511936, right(srz99311012665)
neg, 0.1312754970724383, right(srz44230441452)
neg, 0.18485684970456687, right(srz19306688)
neg, 0.1872108373518019, right(srz8029722046)
neg, 0.12788281295511936, right(srz96566178745)
neg, 0.20741489118092746, right(srz24618679595)
neg, 0.1872108373518019, right(srz193062397)
neg, 0.1284615400382881, right(srz96566171411)
neg, 0.1312754970724383, right(srz274095914079)
neg, 0.12788281295511936, right(srz8029725630)
neg, 0.1312754970724383, right(srz193063385)
neg, 0.1872108373518019, right(srz246186713134)
neg, 0.1312754970724383, right(srz99311018242)
neg, 0.14158514118650908, right(srz193065846)
neg, 0.12788281295511936, right(srz274095916197)
neg, 0.26569465657955116, right(srz44248278276)
neg, 0.12788281295511936, right(srz965949212703)
neg, 0.1312754970724383, right(srz96566171930)
neg, 0.1284615400382881, right(srz80297210224)
neg, 0.1312754970724383, right(srz44230443101)
neg, 0.1284615400382881, right(srz99311018602)
neg, 0.12788281295511936, right(srz8029727547)
neg, 0.1312754970724383, right(srz99311018340)
neg, 0.12788281295511936, right(srz27409598569)
neg, 0.12788281295511936, right(srz27409592403)
neg, 0.12788281295511936, right(srz27409592724)
neg, 0.1312754970724383, right(srz44248274594)
neg, 0.17487980387577814, right(srz193068565)
neg, 0.12788281295511936, right(srz1930611972)
neg, 0.12788281295511936, right(srz99311017807)
neg, 0.20741489118092746, right(srz44248271005)
neg, 0.13284978350377796, right(srz44230443823)
neg, 0.20741489118092746, right(srz965949213984)
neg, 0.12788281295511936, right(srz965949210916)
neg, 0.12788281295511936, right(srz246186716368)
neg, 0.18485684970456687, right(srz965949214046)
neg, 0.12788281295511936, right(srz965661712009)
neg, 0.12788281295511936, right(srz993110111318)
neg, 0.17487980387577814, right(srz44248276452)
neg, 0.12788281295511936, right(srz965661711916)
neg, 0.20741489118092746, right(srz2461867309)
neg, 0.12788281295511936, right(srz193061617)
neg, 0.12788281295511936, right(srz8029727622)
neg, 0.13284978350377796, right(srz99311016048)
neg, 0.1312754970724383, right(srz1930625)
neg, 0.14158514118650908, right(srz44248276549)
neg, 0.12788281295511936, right(srz274095913868)
neg, 0.1312754970724383, right(srz9659492704)
neg, 0.1284615400382881, right(srz193064482)
neg, 0.12788281295511936, right(srz96594925403)
neg, 0.18485684970456687, right(srz44230442042)
neg, 0.12788281295511936, right(srz246186710788)
neg, 0.1872108373518019, right(srz44230448132)
neg, 0.12788281295511936, right(srz246186710791)
neg, 0.20741489118092746, right(srz27409593292)
neg, 0.1312754970724383, right(srz99311014528)
neg, 0.1312754970724383, right(srz27409596795)
neg, 0.1872108373518019, right(srz44230441346)
neg, 0.1312754970724383, right(srz993110112345)
neg, 0.13284978350377796, right(srz19306427)
neg, 0.1872108373518019, right(srz99311017691)
neg, 0.12788281295511936, right(srz8029721581)
neg, 0.20741489118092746, right(srz24618673197)
neg, 0.13284978350377796, right(srz44230441672)
neg, 0.20741489118092746, right(srz993110110847)
neg, 0.12788281295511936, right(srz246186711975)
neg, 0.1312754970724383, right(srz8029721180)
neg, 0.20741489118092746, right(srz274095917008)
neg, 0.1312754970724383, right(srz965661713490)
neg, 0.1312754970724383, right(srz246186711033)
neg, 0.1312754970724383, right(srz193062189)
neg, 0.12788281295511936, right(srz4424827716)
neg, 0.1312754970724383, right(srz96566174447)
neg, 0.20741489118092746, right(srz993110111095)
neg, 0.1312754970724383, right(srz27409594686)
neg, 0.1312754970724383, right(srz8029729500)
neg, 0.1312754970724383, right(srz274095916269)
neg, 0.1312754970724383, right(srz8029725370)
neg, 0.1872108373518019, right(srz44230445320)
neg, 0.1312754970724383, right(srz44230444947)
neg, 0.12788281295511936, right(srz24618671661)
neg, 0.1872108373518019, right(srz274095913324)
neg, 0.12788281295511936, right(srz96594923376)
neg, 0.1284615400382881, right(srz8029728690)
neg, 0.12788281295511936, right(srz8029723995)
neg, 0.12788281295511936, right(srz4424827618)
neg, 0.14158514118650908, right(srz965949211441)
neg, 0.1312754970724383, right(srz246186715597)
neg, 0.1312754970724383, right(srz246186710415)
neg, 0.1872108373518019, right(srz44230448302)
neg, 0.1312754970724383, right(srz24618677773)
neg, 0.1284615400382881, right(srz44230442634)
neg, 0.12788281295511936, right(srz99311016498)
neg, 0.1312754970724383, right(srz99311012783)
neg, 0.1312754970724383, right(srz44248277211)
neg, 0.12788281295511936, right(srz274095916078)
neg, 0.1312754970724383, right(srz965661713102)
neg, 0.1312754970724383, right(srz965661713603)
neg, 0.1872108373518019, right(srz193062979)
neg, 0.12788281295511936, right(srz19306318)
neg, 0.12788281295511936, right(srz96594927585)
neg, 0.1312754970724383, right(srz246186716670)
neg, 0.12788281295511936, right(srz44248276233)
neg, 0.12788281295511936, right(srz193067321)
neg, 0.12788281295511936, right(srz27409593998)
neg, 0.12788281295511936, right(srz2740959683)
neg, 0.1312754970724383, right(srz24618679766)
neg, 0.20741489118092746, right(srz27409596967)
neg, 0.1312754970724383, right(srz246186710142)
neg, 0.12788281295511936, right(srz44248275822)
neg, 0.13284978350377796, right(srz44230446725)
neg, 0.20741489118092746, right(srz274095911528)
neg, 0.26569465657955116, right(srz246186714029)
neg, 0.12788281295511936, right(srz274095910550)
neg, 0.1312754970724383, right(srz1930610857)
neg, 0.12788281295511936, right(srz1930612294)
neg, 0.1312754970724383, right(srz193068364)
neg, 0.12788281295511936, right(srz246186715964)
neg, 0.20741489118092746, right(srz9656617653)
neg, 0.20741489118092746, right(srz96566178087)
neg, 0.1312754970724383, right(srz9656617478)
neg, 0.12788281295511936, right(srz44248275805)
neg, 0.12788281295511936, right(srz99311016830)
neg, 0.12788281295511936, right(srz193064047)
neg, 0.20741489118092746, right(srz80297252)
neg, 0.1312754970724383, right(srz965661712714)
neg, 0.12788281295511936, right(srz27409596377)
neg, 0.1312754970724383, right(srz27409599333)
neg, 0.17487980387577814, right(srz44248276440)
neg, 0.1284615400382881, right(srz24618675843)
neg, 0.1312754970724383, right(srz274095916295)
neg, 0.1312754970724383, right(srz44248272177)
neg, 0.1312754970724383, right(srz96566171067)
neg, 0.12788281295511936, right(srz27409592609)
neg, 0.1284615400382881, right(srz96566171389)
neg, 0.26569465657955116, right(srz246186712156)
neg, 0.14158514118650908, right(srz193067937)
neg, 0.12788281295511936, right(srz274095914794)
neg, 0.12788281295511936, right(srz8029729133)
neg, 0.1312754970724383, right(srz44248275845)
neg, 0.12788281295511936, right(srz965661711639)
neg, 0.1312754970724383, right(srz246186715853)
neg, 0.12788281295511936, right(srz27409591172)
neg, 0.1312754970724383, right(srz8029724020)
neg, 0.12788281295511936, right(srz965949213706)
neg, 0.13284978350377796, right(srz193064948)
neg, 0.1312754970724383, right(srz96594924383)
neg, 0.1312754970724383, right(srz1930611237)
neg, 0.1872108373518019, right(srz802972866)
neg, 0.17487980387577814, right(srz96594927771)
neg, 0.1312754970724383, right(srz99311017506)
neg, 0.12788281295511936, right(srz27409597669)
neg, 0.1284615400382881, right(srz193063588)
neg, 0.1872108373518019, right(srz246186713098)
neg, 0.1312754970724383, right(srz99311017644)
neg, 0.12788281295511936, right(srz44230441151)
neg, 0.12788281295511936, right(srz96594921451)
neg, 0.12788281295511936, right(srz4424827697)
neg, 0.12788281295511936, right(srz193069384)
neg, 0.1284615400382881, right(srz99311018581)
neg, 0.1872108373518019, right(srz274095911191)
neg, 0.1312754970724383, right(srz193067434)
neg, 0.13284978350377796, right(srz4424827525)
neg, 0.12788281295511936, right(srz9931101165)
neg, 0.12788281295511936, right(srz99311012695)
neg, 0.1312754970724383, right(srz44230442853)
neg, 0.20741489118092746, right(srz24618677732)
neg, 0.12788281295511936, right(srz44248272399)
neg, 0.12788281295511936, right(srz24618673831)
neg, 0.1284615400382881, right(srz193063594)
neg, 0.12788281295511936, right(srz99311016778)
neg, 0.12788281295511936, right(srz193068589)
neg, 0.12788281295511936, right(srz246186710744)
neg, 0.12788281295511936, right(srz19306357)
neg, 0.1872108373518019, right(srz246186716779)
neg, 0.1312754970724383, right(srz4424827954)
neg, 0.1284615400382881, right(srz27409595683)
neg, 0.13284978350377796, right(srz193065007)
neg, 0.18485684970456687, right(srz27409599707)
neg, 0.12788281295511936, right(srz8029726640)
neg, 0.1312754970724383, right(srz44248275969)
neg, 0.20741489118092746, right(srz44230441337)
neg, 0.1872108373518019, right(srz96566178679)
neg, 0.20741489118092746, right(srz193063796)
neg, 0.1312754970724383, right(srz24618675496)
neg, 0.12788281295511936, right(srz44248276740)
neg, 0.12788281295511936, right(srz27409591279)
neg, 0.1872108373518019, right(srz8029729679)
neg, 0.18485684970456687, right(srz8029728074)
neg, 0.1312754970724383, right(srz24618678389)
neg, 0.12788281295511936, right(srz4424827637)
neg, 0.13284978350377796, right(srz965661714308)
neg, 0.1872108373518019, right(srz246186712620)
neg, 0.1312754970724383, right(srz99311015808)
neg, 0.17487980387577814, right(srz27409595515)
neg, 0.12788281295511936, right(srz96594927653)
neg, 0.1312754970724383, right(srz193066445)
neg, 0.20741489118092746, right(srz965661712357)
neg, 0.1312754970724383, right(srz44248271935)
neg, 0.1312754970724383, right(srz44230443111)
neg, 0.12788281295511936, right(srz99311013712)
neg, 0.1284615400382881, right(srz246186710534)
neg, 0.1872108373518019, right(srz9659492661)
neg, 0.1312754970724383, right(srz27409599300)
neg, 0.13284978350377796, right(srz96566173721)
neg, 0.1312754970724383, right(srz24618674818)
neg, 0.12788281295511936, right(srz965661711223)
neg, 0.12788281295511936, right(srz24618671988)
neg, 0.12788281295511936, right(srz27409591418)
neg, 0.13284978350377796, right(srz96566173779)
neg, 0.12788281295511936, right(srz274095912404)
neg, 0.1284615400382881, right(srz193062087)
neg, 0.14158514118650908, right(srz44248275092)
neg, 0.12788281295511936, right(srz44230442797)
neg, 0.12788281295511936, right(srz193064505)
neg, 0.1312754970724383, right(srz965661710194)
neg, 0.20741489118092746, right(srz44230445826)
neg, 0.1312754970724383, right(srz44248274570)
neg, 0.1284615400382881, right(srz965661710510)
neg, 0.1312754970724383, right(srz9659492234)
neg, 0.1284615400382881, right(srz27409595785)
neg, 0.1312754970724383, right(srz44248274583)
neg, 0.1312754970724383, right(srz44248277266)
neg, 0.18485684970456687, right(srz99311011441)
neg, 0.18485684970456687, right(srz19306866)
neg, 0.12788281295511936, right(srz44248271227)
neg, 0.1312754970724383, right(srz965661713480)
neg, 0.12788281295511936, right(srz274095916006)
neg, 0.18485684970456687, right(srz993110112164)
neg, 0.12788281295511936, right(srz96566177803)
neg, 0.12788281295511936, right(srz44248275470)
neg, 0.12788281295511936, right(srz193068578)
neg, 0.12788281295511936, right(srz2461867396)
neg, 0.12788281295511936, right(srz193065473)
neg, 0.20741489118092746, right(srz96594926907)
neg, 0.1312754970724383, right(srz27409597024)
neg, 0.12788281295511936, right(srz44230445150)
neg, 0.1312754970724383, right(srz96594925697)
neg, 0.13284978350377796, right(srz965949212432)
neg, 0.12788281295511936, right(srz44248272977)
neg, 0.12788281295511936, right(srz1930610738)
neg, 0.1312754970724383, right(srz965661715397)
neg, 0.1312754970724383, right(srz99311012547)
neg, 0.1312754970724383, right(srz246186715881)
neg, 0.1312754970724383, right(srz96566172593)
neg, 0.18485684970456687, right(srz8029726232)
neg, 0.12788281295511936, right(srz246186717169)
neg, 0.12788281295511936, right(srz24618679655)
neg, 0.1312754970724383, right(srz8029727235)
neg, 0.12788281295511936, right(srz965661713275)
neg, 0.12788281295511936, right(srz99311016672)
neg, 0.2252026121146009, right(srz24618674823)
neg, 0.20741489118092746, right(srz99311019122)
neg, 0.12788281295511936, right(srz44248273265)
neg, 0.1312754970724383, right(srz96566178161)
neg, 0.13284978350377796, right(srz8029729271)
neg, 0.18485684970456687, right(srz8029727801)
neg, 0.1312754970724383, right(srz99311017547)
neg, 0.1284615400382881, right(srz96566171521)
neg, 0.20741489118092746, right(srz8029722236)
neg, 0.13284978350377796, right(srz246186716465)
neg, 0.12788281295511936, right(srz965949210985)
neg, 0.1312754970724383, right(srz99311012038)
neg, 0.18485684970456687, right(srz8029727181)
neg, 0.12788281295511936, right(srz99311013285)
neg, 0.1872108373518019, right(srz19306739)
neg, 0.1312754970724383, right(srz96566174407)
neg, 0.20741489118092746, right(srz193068271)
neg, 0.20741489118092746, right(srz4423044489)
neg, 0.1312754970724383, right(srz99311014687)
neg, 0.13284978350377796, right(srz8029729223)
neg, 0.18485684970456687, right(srz8029724948)
neg, 0.13284978350377796, right(srz99311013034)
neg, 0.12788281295511936, right(srz8029721742)
neg, 0.12788281295511936, right(srz193066927)
neg, 0.13284978350377796, right(srz193064985)
neg, 0.13284978350377796, right(srz8029728956)
neg, 0.13284978350377796, right(srz44248274332)
neg, 0.1312754970724383, right(srz96594928445)
neg, 0.1872108373518019, right(srz44230445009)
neg, 0.1312754970724383, right(srz246186712471)
neg, 0.20741489118092746, right(srz96566174913)
neg, 0.12788281295511936, right(srz8029726062)
neg, 0.1872108373518019, right(srz193063058)
neg, 0.2252026121146009, right(srz274095915263)
neg, 0.14158514118650908, right(srz96566174532)
neg, 0.12788281295511936, right(srz965661710546)
neg, 0.1312754970724383, right(srz96594925852)
neg, 0.1312754970724383, right(srz44230446046)
neg, 0.12788281295511936, right(srz8029724338)
neg, 0.18485684970456687, right(srz965949211186)
neg, 0.1312754970724383, right(srz8029726601)
neg, 0.12788281295511936, right(srz24618671311)
neg, 0.12788281295511936, right(srz99311018280)
neg, 0.1312754970724383, right(srz44248273128)
neg, 0.1284615400382881, right(srz965949210709)
neg, 0.20741489118092746, right(srz965949214031)
neg, 0.1312754970724383, right(srz193067610)
neg, 0.20741489118092746, right(srz44230441232)
neg, 0.20741489118092746, right(srz44248272948)
neg, 0.1312754970724383, right(srz44248277297)
neg, 0.12788281295511936, right(srz27409599177)
neg, 0.1284615400382881, right(srz96594925242)
neg, 0.20741489118092746, right(srz965661714542)
neg, 0.12788281295511936, right(srz965661710086)
neg, 0.12788281295511936, right(srz8029723991)
neg, 0.14158514118650908, right(srz44248275052)
neg, 0.12788281295511936, right(srz24618674183)
neg, 0.12788281295511936, right(srz965661714848)
neg, 0.12788281295511936, right(srz246186710753)
neg, 0.18485684970456687, right(srz96594929755)
neg, 0.1872108373518019, right(srz99311018855)
neg, 0.20741489118092746, right(srz2461867363)
neg, 0.12788281295511936, right(srz96566178765)
neg, 0.18485684970456687, right(srz274095912906)
neg, 0.1312754970724383, right(srz246186715082)
neg, 0.13284978350377796, right(srz96566173690)
neg, 0.12788281295511936, right(srz44248272357)
neg, 0.1312754970724383, right(srz965661714485)
neg, 0.12788281295511936, right(srz96566178997)
neg, 0.1312754970724383, right(srz8029721159)
neg, 0.18485684970456687, right(srz965949211197)
neg, 0.12788281295511936, right(srz2461867237)
neg, 0.1312754970724383, right(srz193066536)
neg, 0.18485684970456687, right(srz27409599705)
neg, 0.12788281295511936, right(srz96594923908)
neg, 0.1312754970724383, right(srz24618679520)
neg, 0.18485684970456687, right(srz44248273898)
neg, 0.12788281295511936, right(srz246186711958)
neg, 0.18485684970456687, right(srz99311011617)
neg, 0.12788281295511936, right(srz193067363)
neg, 0.1312754970724383, right(srz193062748)
neg, 0.1872108373518019, right(srz1930610220)
neg, 0.1872108373518019, right(srz8029728416)
neg, 0.1872108373518019, right(srz274095913189)
neg, 0.12788281295511936, right(srz96594926736)
neg, 0.20741489118092746, right(srz24618676774)
neg, 0.1312754970724383, right(srz24618674600)
neg, 0.20741489118092746, right(srz44230447554)
neg, 0.12788281295511936, right(srz24618672724)
neg, 0.12788281295511936, right(srz96594927012)
neg, 0.12788281295511936, right(srz96566174383)
neg, 0.20741489118092746, right(srz44248271970)
neg, 0.1312754970724383, right(srz965661715341)
neg, 0.20741489118092746, right(srz80297266)
neg, 0.17487980387577814, right(srz802972505)
neg, 0.12788281295511936, right(srz274095913810)
neg, 0.1872108373518019, right(srz99311019134)
neg, 0.12788281295511936, right(srz193063773)
neg, 0.20741489118092746, right(srz96566179128)
neg, 0.1284615400382881, right(srz246186710628)
neg, 0.12788281295511936, right(srz8029726070)
neg, 0.1312754970724383, right(srz44230446515)
neg, 0.12788281295511936, right(srz193061665)
neg, 0.12788281295511936, right(srz44248278028)
neg, 0.1312754970724383, right(srz96566177965)
neg, 0.1312754970724383, right(srz8029723089)
neg, 0.1312754970724383, right(srz99311018345)
neg, 0.12788281295511936, right(srz193062692)
neg, 0.12788281295511936, right(srz44248276764)
neg, 0.20741489118092746, right(srz96594928914)
neg, 0.13284978350377796, right(srz965661714378)
neg, 0.20741489118092746, right(srz246186711478)
neg, 0.13284978350377796, right(srz4423044331)
neg, 0.1872108373518019, right(srz8029727958)
neg, 0.1872108373518019, right(srz274095910349)
neg, 0.2252026121146009, right(srz44248271882)
neg, 0.12788281295511936, right(srz44248273382)
neg, 0.18485684970456687, right(srz965661712227)
neg, 0.12788281295511936, right(srz44248277890)
neg, 0.12788281295511936, right(srz44248277019)
neg, 0.1312754970724383, right(srz8029729891)
neg, 0.20741489118092746, right(srz99311019118)
neg, 0.2252026121146009, right(srz8029722371)
neg, 0.12788281295511936, right(srz9931101848)
neg, 0.12788281295511936, right(srz965949212761)
neg, 0.1872108373518019, right(srz9931101544)
neg, 0.20741489118092746, right(srz27409593294)
neg, 0.1284615400382881, right(srz8029728763)
neg, 0.12788281295511936, right(srz965661711663)
neg, 0.20741489118092746, right(srz965661714797)
neg, 0.1312754970724383, right(srz9659492171)
neg, 0.14158514118650908, right(srz44248275149)
neg, 0.18511330982967572, right(srz8029724967)
neg, 0.12788281295511936, right(srz193063978)
neg, 0.12788281295511936, right(srz2461867963)
neg, 0.12788281295511936, right(srz24618674169)
neg, 0.12788281295511936, right(srz246186713836)
neg, 0.1312754970724383, right(srz24618673650)
neg, 0.12788281295511936, right(srz44248274615)
neg, 0.1872108373518019, right(srz44230441645)
neg, 0.12788281295511936, right(srz44248278142)
neg, 0.1872108373518019, right(srz4423044719)
neg, 0.1312754970724383, right(srz193066612)
neg, 0.20741489118092746, right(srz993110110303)
neg, 0.12788281295511936, right(srz27409595880)
neg, 0.1312754970724383, right(srz246186712915)
neg, 0.1284615400382881, right(srz965661710500)
neg, 0.1312754970724383, right(srz27409595452)
neg, 0.1312754970724383, right(srz44248271356)
neg, 0.1312754970724383, right(srz965661714637)
neg, 0.1872108373518019, right(srz193068888)
neg, 0.12788281295511936, right(srz246186717113)
neg, 0.1312754970724383, right(srz44230443221)
neg, 0.13284978350377796, right(srz193065071)
neg, 0.1312754970724383, right(srz96594927218)
neg, 0.12788281295511936, right(srz24618671011)
neg, 0.20741489118092746, right(srz9931101200)
neg, 0.18485684970456687, right(srz9931101240)
neg, 0.18485684970456687, right(srz44248275050)
neg, 0.1312754970724383, right(srz965661715078)
neg, 0.1312754970724383, right(srz27409596803)
neg, 0.12788281295511936, right(srz24618672022)
neg, 0.1312754970724383, right(srz44230446158)
neg, 0.12788281295511936, right(srz965661712142)
neg, 0.12788281295511936, right(srz96566176186)
neg, 0.1312754970724383, right(srz44248271027)
neg, 0.12788281295511936, right(srz274095911303)
neg, 0.12788281295511936, right(srz27409591678)
neg, 0.12788281295511936, right(srz993110112308)
neg, 0.1284615400382881, right(srz96566171554)
neg, 0.13284978350377796, right(srz99311019604)
neg, 0.12788281295511936, right(srz274095913788)
neg, 0.1312754970724383, right(srz274095914470)
neg, 0.1312754970724383, right(srz99311016431)
neg, 0.12788281295511936, right(srz965661711698)
neg, 0.14158514118650908, right(srz44248276612)
neg, 0.18485684970456687, right(srz965949211489)
neg, 0.1312754970724383, right(srz24618678882)
neg, 0.20741489118092746, right(srz99311018307)
neg, 0.1872108373518019, right(srz99311012352)
neg, 0.12788281295511936, right(srz44230446534)
neg, 0.18485684970456687, right(srz193062332)
neg, 0.18485684970456687, right(srz993110111001)
neg, 0.12788281295511936, right(srz965661710753)
neg, 0.20741489118092746, right(srz96566174767)
neg, 0.1284615400382881, right(srz24618675744)
neg, 0.12788281295511936, right(srz27409599472)
neg, 0.12788281295511936, right(srz246186797)
neg, 0.12788281295511936, right(srz27409591384)
neg, 0.13284978350377796, right(srz99311016065)
neg, 0.18485684970456687, right(srz993110110811)
neg, 0.12788281295511936, right(srz1930611797)
neg, 0.1312754970724383, right(srz24618677863)
neg, 0.12788281295511936, right(srz274095973)
neg, 0.13284978350377796, right(srz44230446617)
neg, 0.12788281295511936, right(srz96566178705)
neg, 0.1312754970724383, right(srz24618677137)
neg, 0.17487980387577814, right(srz27409592297)
neg, 0.13284978350377796, right(srz99311016047)
neg, 0.20741489118092746, right(srz8029729392)
neg, 0.12788281295511936, right(srz96594927147)
neg, 0.13284978350377796, right(srz44230443804)
neg, 0.20741489118092746, right(srz96566172355)
neg, 0.20741489118092746, right(srz27409596325)
neg, 0.12788281295511936, right(srz27409592460)
neg, 0.26569465657955116, right(srz246186710952)
neg, 0.1872108373518019, right(srz246186712858)
neg, 0.12788281295511936, right(srz8029725778)
neg, 0.20741489118092746, right(srz8029725043)
neg, 0.1312754970724383, right(srz8029725472)
neg, 0.12788281295511936, right(srz9931101977)
neg, 0.14158514118650908, right(srz8029727438)
neg, 0.12788281295511936, right(srz24618671377)
neg, 0.12788281295511936, right(srz8029725605)
neg, 0.12788281295511936, right(srz8029729004)
neg, 0.1312754970724383, right(srz193067053)
neg, 0.12788281295511936, right(srz24618675162)
neg, 0.12788281295511936, right(srz96594927600)
neg, 0.20741489118092746, right(srz965661716066)
neg, 0.12788281295511936, right(srz96566171676)
neg, 0.20741489118092746, right(srz27409594512)
neg, 0.20741489118092746, right(srz44230441227)
neg, 0.13284978350377796, right(srz246186716423)
neg, 0.12788281295511936, right(srz96594924510)
neg, 0.12788281295511936, right(srz27409594113)
neg, 0.12788281295511936, right(srz274095913856)
neg, 0.1312754970724383, right(srz96566174033)
neg, 0.17487980387577814, right(srz8029724125)
neg, 0.12788281295511936, right(srz965661710665)
neg, 0.12788281295511936, right(srz44230445509)
neg, 0.14158514118650908, right(srz8029727406)
neg, 0.12788281295511936, right(srz4423044801)
neg, 0.1312754970724383, right(srz193066666)
neg, 0.12788281295511936, right(srz44230443758)
neg, 0.1312754970724383, right(srz99311018152)
neg, 0.12788281295511936, right(srz965661712060)
neg, 0.12788281295511936, right(srz27409592274)
neg, 0.12788281295511936, right(srz24618679405)
neg, 0.24364176356732303, right(srz44230448402)
neg, 0.1312754970724383, right(srz4423044179)
neg, 0.12788281295511936, right(srz24618672763)
neg, 0.12788281295511936, right(srz24618671386)
neg, 0.1872108373518019, right(srz24618674933)
neg, 0.1312754970724383, right(srz96594926804)
neg, 0.1872108373518019, right(srz993110110521)
neg, 0.12788281295511936, right(srz96594923796)
neg, 0.1872108373518019, right(srz193069905)
neg, 0.1284615400382881, right(srz1930610316)
neg, 0.14158514118650908, right(srz44248275114)
neg, 0.12788281295511936, right(srz44230441834)
neg, 0.1312754970724383, right(srz8029724616)
neg, 0.1312754970724383, right(srz99311012340)
neg, 0.12788281295511936, right(srz193063967)
neg, 0.20741489118092746, right(srz24618671581)
neg, 0.12788281295511936, right(srz2461867629)
neg, 0.12788281295511936, right(srz965661712016)
neg, 0.26569465657955116, right(srz44230446762)
neg, 0.18485684970456687, right(srz8029729322)
neg, 0.12788281295511936, right(srz44230445169)
neg, 0.1312754970724383, right(srz96566175178)
neg, 0.12788281295511936, right(srz8029725900)
neg, 0.1312754970724383, right(srz27409599884)
neg, 0.20741489118092746, right(srz246186712173)
neg, 0.12788281295511936, right(srz1930610439)
neg, 0.20741489118092746, right(srz1930697)
neg, 0.18485684970456687, right(srz44248278232)
neg, 0.12788281295511936, right(srz27409599235)
neg, 0.20741489118092746, right(srz193063818)
neg, 0.12788281295511936, right(srz274095915016)
neg, 0.1872108373518019, right(srz802972490)
neg, 0.24364176356732303, right(srz96566174252)
neg, 0.20741489118092746, right(srz96566174860)
neg, 0.1872108373518019, right(srz965949211063)
neg, 0.12788281295511936, right(srz96594925401)
neg, 0.1312754970724383, right(srz802972142)
neg, 0.12788281295511936, right(srz99311012986)
neg, 0.20741489118092746, right(srz8029727297)
neg, 0.12788281295511936, right(srz99311012976)
neg, 0.1312754970724383, right(srz99311016268)
neg, 0.1312754970724383, right(srz96566171096)
neg, 0.1872108373518019, right(srz96594929676)
neg, 0.1312754970724383, right(srz965949212515)
neg, 0.12788281295511936, right(srz96566173079)
neg, 0.1312754970724383, right(srz44230444352)
neg, 0.20741489118092746, right(srz274095910071)
neg, 0.20741489118092746, right(srz27409594569)
neg, 0.12788281295511936, right(srz27409598779)
neg, 0.12788281295511936, right(srz24618672820)
neg, 0.1312754970724383, right(srz24618676544)
neg, 0.12788281295511936, right(srz44230444001)
neg, 0.12788281295511936, right(srz96566171736)
neg, 0.12788281295511936, right(srz24618679750)
neg, 0.12788281295511936, right(srz27409599586)
neg, 0.1284615400382881, right(srz9656617307)
neg, 0.20741489118092746, right(srz993110110160)
neg, 0.12788281295511936, right(srz99311016637)
neg, 0.1312754970724383, right(srz246186715605)
neg, 0.12788281295511936, right(srz246186712033)
neg, 0.26569465657955116, right(srz193068333)
neg, 0.20741489118092746, right(srz965661713351)
neg, 0.1312754970724383, right(srz965949211317)
neg, 0.1872108373518019, right(srz274095911569)
neg, 0.1872108373518019, right(srz965949210693)
neg, 0.20741489118092746, right(srz193062280)
neg, 0.12788281295511936, right(srz44248275378)
neg, 0.12788281295511936, right(srz27409599552)
neg, 0.12788281295511936, right(srz802972923)
neg, 0.20741489118092746, right(srz96566179521)
neg, 0.12788281295511936, right(srz8029727045)
neg, 0.12788281295511936, right(srz96594925486)
neg, 0.12788281295511936, right(srz96594927565)
neg, 0.1312754970724383, right(srz99311015288)
neg, 0.1872108373518019, right(srz19306203)
neg, 0.12788281295511936, right(srz24618671164)
neg, 0.18485684970456687, right(srz99311013417)
neg, 0.12788281295511936, right(srz44248273245)
neg, 0.12788281295511936, right(srz96594923838)
neg, 0.20741489118092746, right(srz44230448168)
neg, 0.12788281295511936, right(srz44248277636)
neg, 0.1312754970724383, right(srz96594922075)
neg, 0.14158514118650908, right(srz8029723657)
neg, 0.1312754970724383, right(srz1930611421)
neg, 0.1312754970724383, right(srz965661713448)
neg, 0.1312754970724383, right(srz99311016977)
neg, 0.1284615400382881, right(srz193068913)
neg, 0.12788281295511936, right(srz965949211118)
neg, 0.1872108373518019, right(srz193065377)
neg, 0.20741489118092746, right(srz8029726802)
neg, 0.12788281295511936, right(srz99311019466)
neg, 0.1312754970724383, right(srz44230445086)
neg, 0.12788281295511936, right(srz246186713313)
neg, 0.1312754970724383, right(srz24618676687)
neg, 0.12788281295511936, right(srz2461867138)
neg, 0.12788281295511936, right(srz96566175940)
neg, 0.12788281295511936, right(srz44230444234)
neg, 0.1312754970724383, right(srz99311011870)
neg, 0.12788281295511936, right(srz246186717055)
neg, 0.17487980387577814, right(srz27409593349)
neg, 0.1312754970724383, right(srz27409594786)
neg, 0.14158514118650908, right(srz8029727356)
neg, 0.20741489118092746, right(srz99311019130)
neg, 0.20741489118092746, right(srz8029726187)
neg, 0.12788281295511936, right(srz993110111391)
neg, 0.1312754970724383, right(srz246186716758)
neg, 0.1284615400382881, right(srz274095912158)
neg, 0.17487980387577814, right(srz44230441517)
neg, 0.12788281295511936, right(srz993110111264)
neg, 0.12788281295511936, right(srz8029722848)
neg, 0.1312754970724383, right(srz246186714142)
neg, 0.12788281295511936, right(srz24618672645)
neg, 0.1312754970724383, right(srz8029722378)
neg, 0.12788281295511936, right(srz8029727609)
neg, 0.12788281295511936, right(srz965661715724)
neg, 0.1872108373518019, right(srz274095911179)
neg, 0.1312754970724383, right(srz8029726209)
neg, 0.12788281295511936, right(srz8029722804)
neg, 0.1312754970724383, right(srz8029726995)
neg, 0.12788281295511936, right(srz44248272496)
neg, 0.1872108373518019, right(srz993110110425)
neg, 0.1284615400382881, right(srz193063593)
neg, 0.1312754970724383, right(srz96594929868)
neg, 0.1284615400382881, right(srz27409595682)
neg, 0.1284615400382881, right(srz193063489)
neg, 0.12788281295511936, right(srz96566178926)
neg, 0.12788281295511936, right(srz2461867940)
neg, 0.1872108373518019, right(srz274095915729)
neg, 0.1872108373518019, right(srz246186713138)
neg, 0.1872108373518019, right(srz96566179630)
neg, 0.12788281295511936, right(srz99311014443)
neg, 0.1312754970724383, right(srz274095916279)
neg, 0.20741489118092746, right(srz44248272670)
neg, 0.1312754970724383, right(srz96594923479)
neg, 0.1312754970724383, right(srz27409596713)
neg, 0.12788281295511936, right(srz8029721614)
neg, 0.12788281295511936, right(srz274095912485)
neg, 0.18485684970456687, right(srz4423044520)
neg, 0.12788281295511936, right(srz993110111270)
neg, 0.12788281295511936, right(srz24618671635)
neg, 0.17487980387577814, right(srz993110110881)
neg, 0.12788281295511936, right(srz274095916050)
neg, 0.1872108373518019, right(srz965661714768)
neg, 0.12788281295511936, right(srz99311013)
neg, 0.20741489118092746, right(srz27409594292)
neg, 0.12788281295511936, right(srz1930611989)
neg, 0.1312754970724383, right(srz993110110480)
neg, 0.1312754970724383, right(srz193065667)
neg, 0.1312754970724383, right(srz246186714625)
neg, 0.12788281295511936, right(srz965661710721)
neg, 0.17487980387577814, right(srz44230445817)
neg, 0.1872108373518019, right(srz44230448269)
neg, 0.1312754970724383, right(srz965949211618)
neg, 0.12788281295511936, right(srz993110112282)
neg, 0.12788281295511936, right(srz8029721337)
neg, 0.12788281295511936, right(srz274095991)
neg, 0.1872108373518019, right(srz246186710303)
neg, 0.1284615400382881, right(srz44230442580)
neg, 0.12788281295511936, right(srz193067814)
neg, 0.12788281295511936, right(srz965949211850)
neg, 0.1284615400382881, right(srz193063525)
neg, 0.12788281295511936, right(srz96566179121)
neg, 0.18485684970456687, right(srz44248274123)
neg, 0.1872108373518019, right(srz44230447797)
neg, 0.1872108373518019, right(srz193063290)
neg, 0.1312754970724383, right(srz965661712502)
neg, 0.26569465657955116, right(srz99311018448)
neg, 0.20741489118092746, right(srz993110110259)
neg, 0.13284978350377796, right(srz193065072)
neg, 0.1312754970724383, right(srz96594926112)
neg, 0.1312754970724383, right(srz96594923734)
neg, 0.1872108373518019, right(srz44248274023)
neg, 0.18485684970456687, right(srz193062330)
neg, 0.20741489118092746, right(srz27409593516)
neg, 0.12788281295511936, right(srz965661710648)
neg, 0.1312754970724383, right(srz44248272529)
neg, 0.13284978350377796, right(srz965661714309)
neg, 0.12788281295511936, right(srz96594926674)
neg, 0.1872108373518019, right(srz246186711566)
neg, 0.13284978350377796, right(srz44248274389)
neg, 0.1284615400382881, right(srz44230445418)
neg, 0.26569465657955116, right(srz246186710948)
neg, 0.20741489118092746, right(srz44230446277)
neg, 0.1312754970724383, right(srz193067106)
neg, 0.26569465657955116, right(srz99311018472)
neg, 0.1284615400382881, right(srz24618675774)
neg, 0.12788281295511936, right(srz9931101695)
neg, 0.1312754970724383, right(srz99311011955)
neg, 0.20741489118092746, right(srz274095911507)
neg, 0.1312754970724383, right(srz4423044169)
neg, 0.20741489118092746, right(srz44230446059)
neg, 0.12788281295511936, right(srz27409595141)
neg, 0.1312754970724383, right(srz44248271311)
neg, 0.12788281295511936, right(srz27409592012)
neg, 0.1312754970724383, right(srz96594922532)
neg, 0.1872108373518019, right(srz24618675699)
neg, 0.1312754970724383, right(srz274095914291)
neg, 0.1312754970724383, right(srz99311014260)
neg, 0.12788281295511936, right(srz246186716344)
neg, 0.12788281295511936, right(srz965949213672)
neg, 0.1312754970724383, right(srz99311018469)
neg, 0.18485684970456687, right(srz193061071)
neg, 0.20741489118092746, right(srz965949213898)
neg, 0.1312754970724383, right(srz193065563)
neg, 0.17487980387577814, right(srz44230445953)
neg, 0.12788281295511936, right(srz24618672955)
neg, 0.1872108373518019, right(srz8029728630)
neg, 0.1312754970724383, right(srz99311012063)
neg, 0.12788281295511936, right(srz1930611829)
neg, 0.1312754970724383, right(srz193062041)
neg, 0.20741489118092746, right(srz24618676346)
neg, 0.1312754970724383, right(srz44248271934)
neg, 0.1312754970724383, right(srz246186715646)
neg, 0.1312754970724383, right(srz8029721160)
neg, 0.1312754970724383, right(srz27409594781)
neg, 0.1872108373518019, right(srz246186713103)
neg, 0.13284978350377796, right(srz246186716973)
neg, 0.12788281295511936, right(srz2461867389)
neg, 0.1872108373518019, right(srz96566172500)
neg, 0.1872108373518019, right(srz24618673768)
neg, 0.1312754970724383, right(srz96566175510)
neg, 0.12788281295511936, right(srz96566172973)
neg, 0.12788281295511936, right(srz9656617535)
neg, 0.1312754970724383, right(srz9659492360)
neg, 0.13284978350377796, right(srz193066880)
neg, 0.1284615400382881, right(srz96594925372)
neg, 0.13284978350377796, right(srz193066895)
neg, 0.18485684970456687, right(srz246186710821)
neg, 0.1312754970724383, right(srz99311016228)
neg, 0.12788281295511936, right(srz27409593562)
neg, 0.18485684970456687, right(srz99311019418)
neg, 0.12788281295511936, right(srz246186712120)
neg, 0.12788281295511936, right(srz19306910)
neg, 0.2252026121146009, right(srz96566171775)
neg, 0.12788281295511936, right(srz965661714024)
neg, 0.12788281295511936, right(srz99311019697)
neg, 0.1312754970724383, right(srz99311018221)
neg, 0.12788281295511936, right(srz24618672688)
neg, 0.1312754970724383, right(srz1930612036)
neg, 0.1312754970724383, right(srz24618673567)
neg, 0.20741489118092746, right(srz993110112061)
neg, 0.13284978350377796, right(srz99311013856)
neg, 0.1312754970724383, right(srz44230443278)
neg, 0.12788281295511936, right(srz99311014888)
neg, 0.1312754970724383, right(srz8029721808)
neg, 0.12788281295511936, right(srz8029726637)
neg, 0.12788281295511936, right(srz1930611695)
neg, 0.1312754970724383, right(srz99311011924)
neg, 0.1284615400382881, right(srz80297210262)
neg, 0.1312754970724383, right(srz8029724073)
neg, 0.1872108373518019, right(srz8029721061)
neg, 0.12788281295511936, right(srz99311013128)
neg, 0.1312754970724383, right(srz27409596726)
neg, 0.12788281295511936, right(srz965949211904)
neg, 0.1312754970724383, right(srz44248276191)
neg, 0.12788281295511936, right(srz274095916022)
neg, 0.12788281295511936, right(srz96566174943)
neg, 0.12788281295511936, right(srz27409594178)
neg, 0.12788281295511936, right(srz8029721334)
neg, 0.18511330982967572, right(srz8029724966)
neg, 0.20741489118092746, right(srz965949212558)
neg, 0.12788281295511936, right(srz246186716154)
neg, 0.12788281295511936, right(srz44248277959)
neg, 0.12788281295511936, right(srz96594921403)
neg, 0.12788281295511936, right(srz99311012642)
neg, 0.12788281295511936, right(srz24618672816)
neg, 0.12788281295511936, right(srz27409591374)
neg, 0.12788281295511936, right(srz1930611901)
neg, 0.12788281295511936, right(srz246186714800)
neg, 0.12788281295511936, right(srz193064057)
neg, 0.12788281295511936, right(srz96594926692)
neg, 0.12788281295511936, right(srz965661715896)
neg, 0.12788281295511936, right(srz44230441816)
neg, 0.12788281295511936, right(srz965661716094)
neg, 0.18511330982967572, right(srz19306602)
neg, 0.1312754970724383, right(srz27409596727)
neg, 0.12788281295511936, right(srz246186715988)
neg, 0.1312754970724383, right(srz99311011304)
neg, 0.12788281295511936, right(srz802972419)
neg, 0.24364176356732303, right(srz8029724250)
neg, 0.1872108373518019, right(srz44248277422)
neg, 0.1872108373518019, right(srz24618679081)
neg, 0.1312754970724383, right(srz965661710998)
neg, 0.17487980387577814, right(srz44230447482)
neg, 0.12788281295511936, right(srz96566176067)
neg, 0.12788281295511936, right(srz965661710728)
neg, 0.20741489118092746, right(srz8029728043)
neg, 0.1872108373518019, right(srz246186713076)
neg, 0.12788281295511936, right(srz193061644)
neg, 0.12788281295511936, right(srz27409599078)
neg, 0.1312754970724383, right(srz99311012585)
neg, 0.1312754970724383, right(srz8029729587)
neg, 0.12788281295511936, right(srz193068020)
neg, 0.20741489118092746, right(srz193067532)
neg, 0.12788281295511936, right(srz965949210931)
neg, 0.12788281295511936, right(srz96594923909)
neg, 0.18485684970456687, right(srz99311019417)
neg, 0.12788281295511936, right(srz193064499)
neg, 0.12788281295511936, right(srz8029722794)
neg, 0.12788281295511936, right(srz44230441612)
neg, 0.26569465657955116, right(srz44248271369)
neg, 0.12788281295511936, right(srz44230442700)
neg, 0.12788281295511936, right(srz8029721527)
neg, 0.18485684970456687, right(srz8029728048)
neg, 0.1312754970724383, right(srz99311012293)
neg, 0.1872108373518019, right(srz8029724899)
neg, 0.13284978350377796, right(srz44230443815)
neg, 0.12788281295511936, right(srz246186710867)
neg, 0.12788281295511936, right(srz8029722698)
neg, 0.1872108373518019, right(srz99311019437)
neg, 0.14158514118650908, right(srz8029723691)
neg, 0.15013817616499373, right(srz27409591774)
neg, 0.18485684970456687, right(srz193067092)
neg, 0.12788281295511936, right(srz27409595811)
neg, 0.1284615400382881, right(srz24618675849)
neg, 0.12788281295511936, right(srz96566178902)
neg, 0.12788281295511936, right(srz80297210365)
neg, 0.1312754970724383, right(srz44248276154)
neg, 0.26569465657955116, right(srz8029721787)
neg, 0.1312754970724383, right(srz965661714584)
neg, 0.13284978350377796, right(srz965661714326)
neg, 0.20741489118092746, right(srz274095910875)
neg, 0.20741489118092746, right(srz274095911538)
neg, 0.1312754970724383, right(srz44230447540)
neg, 0.1312754970724383, right(srz965661711163)
neg, 0.12788281295511936, right(srz2461867251)
neg, 0.20741489118092746, right(srz44230442406)
neg, 0.12788281295511936, right(srz8029725945)
neg, 0.12788281295511936, right(srz44230446972)
neg, 0.12788281295511936, right(srz27409594040)
neg, 0.1312754970724383, right(srz99311011985)
neg, 0.1312754970724383, right(srz802972912)
neg, 0.12788281295511936, right(srz965661713234)
neg, 0.1284615400382881, right(srz965661710480)
neg, 0.1312754970724383, right(srz99311015715)
neg, 0.12788281295511936, right(srz99311012685)
neg, 0.1312754970724383, right(srz99311011948)
neg, 0.1312754970724383, right(srz44230448071)
neg, 0.12788281295511936, right(srz96566172813)
neg, 0.20741489118092746, right(srz27409595016)
neg, 0.20741489118092746, right(srz274095914403)
neg, 0.12788281295511936, right(srz246186711963)
neg, 0.1284615400382881, right(srz44230442639)
neg, 0.12788281295511936, right(srz44230445703)
neg, 0.1312754970724383, right(srz99311012183)
neg, 0.1312754970724383, right(srz802972135)
neg, 0.13284978350377796, right(srz44248274773)
neg, 0.1312754970724383, right(srz8029729485)
neg, 0.12788281295511936, right(srz24618673911)
neg, 0.18485684970456687, right(srz193067228)
neg, 0.1312754970724383, right(srz99311015281)
neg, 0.12788281295511936, right(srz8029727557)
neg, 0.12788281295511936, right(srz965949211722)
neg, 0.12788281295511936, right(srz8029726019)
neg, 0.1312754970724383, right(srz442482757)
neg, 0.1312754970724383, right(srz96566179789)
neg, 0.12788281295511936, right(srz1930611732)
neg, 0.20741489118092746, right(srz2740959880)
neg, 0.1312754970724383, right(srz44248274972)
neg, 0.12788281295511936, right(srz44248271241)
neg, 0.1312754970724383, right(srz44230444785)
neg, 0.14158514118650908, right(srz8029727493)
neg, 0.1312754970724383, right(srz193065416)
neg, 0.20741489118092746, right(srz27409592055)
neg, 0.13284978350377796, right(srz19306435)
neg, 0.12788281295511936, right(srz965949213723)
neg, 0.1312754970724383, right(srz24618677660)
neg, 0.1312754970724383, right(srz965661712767)
neg, 0.12788281295511936, right(srz4424827556)
neg, 0.1284615400382881, right(srz193063509)
neg, 0.15013817616499373, right(srz44230442116)
neg, 0.12788281295511936, right(srz9656617621)
neg, 0.1312754970724383, right(srz193066142)
neg, 0.12788281295511936, right(srz44248272284)
neg, 0.26569465657955116, right(srz27409592812)
neg, 0.1312754970724383, right(srz44230447266)
neg, 0.12788281295511936, right(srz96594926731)
neg, 0.1312754970724383, right(srz193064153)
neg, 0.1312754970724383, right(srz965661712875)
neg, 0.18485684970456687, right(srz274095915098)
neg, 0.1312754970724383, right(srz24618673607)
neg, 0.20741489118092746, right(srz965661710291)
neg, 0.1312754970724383, right(srz246186715888)
neg, 0.20741489118092746, right(srz27409591598)
neg, 0.20741489118092746, right(srz44230445059)
neg, 0.14158514118650908, right(srz193063320)
neg, 0.13284978350377796, right(srz44230446670)
neg, 0.12788281295511936, right(srz965661710631)
neg, 0.12788281295511936, right(srz4424827845)
neg, 0.1312754970724383, right(srz24618674656)
neg, 0.12788281295511936, right(srz24618672279)
neg, 0.14158514118650908, right(srz193067773)
neg, 0.1312754970724383, right(srz99311014276)
neg, 0.1872108373518019, right(srz44230446123)
neg, 0.1312754970724383, right(srz96594926132)
neg, 0.1872108373518019, right(srz96566173358)
neg, 0.12788281295511936, right(srz27409599481)
neg, 0.1312754970724383, right(srz965661715065)
neg, 0.18511330982967572, right(srz19306670)
neg, 0.1872108373518019, right(srz965661714174)
neg, 0.14158514118650908, right(srz44248276602)
neg, 0.12788281295511936, right(srz96566179656)
neg, 0.18485684970456687, right(srz96566178563)
neg, 0.12788281295511936, right(srz246186711365)
neg, 0.1284615400382881, right(srz27409595770)
neg, 0.1312754970724383, right(srz44248278216)
neg, 0.1284615400382881, right(srz96594926612)
neg, 0.12788281295511936, right(srz27409599257)
neg, 0.12788281295511936, right(srz24618672718)
neg, 0.1312754970724383, right(srz274095913951)
neg, 0.1312754970724383, right(srz193064336)
neg, 0.18511330982967572, right(srz24618679918)
neg, 0.12788281295511936, right(srz8029728331)
neg, 0.20741489118092746, right(srz965949213902)
neg, 0.1312754970724383, right(srz8029724752)
neg, 0.26569465657955116, right(srz965661710773)
neg, 0.12788281295511936, right(srz8029729179)
neg, 0.1872108373518019, right(srz24618674634)
neg, 0.1312754970724383, right(srz193063081)
neg, 0.1312754970724383, right(srz44230443199)
neg, 0.20741489118092746, right(srz24618679605)
neg, 0.1312754970724383, right(srz44248272112)
neg, 0.1312754970724383, right(srz965661713463)
neg, 0.12788281295511936, right(srz96566178974)
neg, 0.1872108373518019, right(srz4423044726)
neg, 0.1312754970724383, right(srz44248273118)
neg, 0.18485684970456687, right(srz99311013418)
neg, 0.20741489118092746, right(srz274095912579)
neg, 0.12788281295511936, right(srz274095914810)
neg, 0.12788281295511936, right(srz27409593942)
neg, 0.12788281295511936, right(srz246186717098)
neg, 0.12788281295511936, right(srz8029729157)
neg, 0.17487980387577814, right(srz27409593492)
neg, 0.1284615400382881, right(srz80297210260)
neg, 0.1312754970724383, right(srz8029724594)
neg, 0.12788281295511936, right(srz8029721641)
neg, 0.1312754970724383, right(srz246186714487)
neg, 0.1312754970724383, right(srz965949211310)
neg, 0.1872108373518019, right(srz1930611449)
neg, 0.1872108373518019, right(srz965661715657)
neg, 0.1312754970724383, right(srz965661712471)
neg, 0.12788281295511936, right(srz44248277775)
neg, 0.1312754970724383, right(srz246186710354)
neg, 0.12788281295511936, right(srz193066082)
neg, 0.12788281295511936, right(srz9931101612)
neg, 0.12788281295511936, right(srz24618677322)
neg, 0.18485684970456687, right(srz96594926928)
neg, 0.1312754970724383, right(srz99311016933)
neg, 0.1312754970724383, right(srz965661710884)
neg, 0.12788281295511936, right(srz96594923904)
neg, 0.12788281295511936, right(srz99311011095)
neg, 0.12788281295511936, right(srz24618675149)
neg, 0.1312754970724383, right(srz274095915704)
neg, 0.1312754970724383, right(srz96566174516)
neg, 0.1284615400382881, right(srz96594925384)
neg, 0.1872108373518019, right(srz274095910286)
neg, 0.1312754970724383, right(srz44248273181)
neg, 0.14158514118650908, right(srz193067801)
neg, 0.12788281295511936, right(srz993110111322)
neg, 0.20741489118092746, right(srz99311012428)
neg, 0.12788281295511936, right(srz8029726081)
neg, 0.1312754970724383, right(srz193061810)
neg, 0.12788281295511936, right(srz44230444069)
neg, 0.12788281295511936, right(srz24618675328)
neg, 0.12788281295511936, right(srz193067844)
neg, 0.12788281295511936, right(srz96594929404)
neg, 0.12788281295511936, right(srz965949213927)
neg, 0.13284978350377796, right(srz44248274767)
neg, 0.1312754970724383, right(srz193067475)
neg, 0.14158514118650908, right(srz44248275200)
neg, 0.1872108373518019, right(srz8029726466)
neg, 0.20741489118092746, right(srz8029727140)
neg, 0.20741489118092746, right(srz193061012)
neg, 0.18511330982967572, right(srz44248274128)
neg, 0.1312754970724383, right(srz80297210073)
neg, 0.1312754970724383, right(srz44248273090)
neg, 0.1312754970724383, right(srz965949210199)
neg, 0.12788281295511936, right(srz193063642)
neg, 0.1872108373518019, right(srz96594928239)
neg, 0.12788281295511936, right(srz96566175005)
neg, 0.17487980387577814, right(srz8029724301)
neg, 0.1312754970724383, right(srz4423044587)
neg, 0.20741489118092746, right(srz27409599395)
neg, 0.1312754970724383, right(srz44230441414)
neg, 0.1872108373518019, right(srz44230446191)
neg, 0.12788281295511936, right(srz99311014852)
neg, 0.1312754970724383, right(srz44248276088)
neg, 0.12788281295511936, right(srz44248276800)
neg, 0.12788281295511936, right(srz246186710790)
neg, 0.1312754970724383, right(srz965949210562)
neg, 0.1312754970724383, right(srz965661714606)
neg, 0.1312754970724383, right(srz44248274897)
neg, 0.12788281295511936, right(srz246186712541)
neg, 0.12788281295511936, right(srz965949211800)
neg, 0.1312754970724383, right(srz44230443576)
neg, 0.20741489118092746, right(srz44248278197)
neg, 0.1312754970724383, right(srz274095910965)
neg, 0.1312754970724383, right(srz193066253)
neg, 0.1312754970724383, right(srz9656617483)
neg, 0.1872108373518019, right(srz24618679176)
neg, 0.12788281295511936, right(srz965949212749)
neg, 0.12788281295511936, right(srz99311016519)
neg, 0.20741489118092746, right(srz246186711425)
neg, 0.17487980387577814, right(srz193067508)
neg, 0.1312754970724383, right(srz44248275518)
neg, 0.1312754970724383, right(srz993110111588)
neg, 0.1312754970724383, right(srz44248271877)
neg, 0.1312754970724383, right(srz193066239)
neg, 0.12788281295511936, right(srz8029721661)
neg, 0.18485684970456687, right(srz96566174128)
neg, 0.1312754970724383, right(srz965949213066)
neg, 0.18511330982967572, right(srz96566178231)
neg, 0.1312754970724383, right(srz96566175427)
neg, 0.12788281295511936, right(srz274095916043)
neg, 0.1872108373518019, right(srz193064410)
neg, 0.1312754970724383, right(srz246186710408)
neg, 0.13284978350377796, right(srz44230446652)
neg, 0.12788281295511936, right(srz99311016652)
neg, 0.12788281295511936, right(srz44248273504)
neg, 0.1872108373518019, right(srz96566174662)
neg, 0.18485684970456687, right(srz44230444686)
neg, 0.18485684970456687, right(srz193067229)
neg, 0.1872108373518019, right(srz193068451)
neg, 0.12788281295511936, right(srz96594927100)
neg, 0.1284615400382881, right(srz44230445372)
neg, 0.17487980387577814, right(srz44230444620)
neg, 0.12788281295511936, right(srz1930610429)
neg, 0.1312754970724383, right(srz965949212451)
neg, 0.1312754970724383, right(srz96594924308)
neg, 0.1312754970724383, right(srz246186711054)
neg, 0.18485684970456687, right(srz99311016140)
neg, 0.1312754970724383, right(srz99311012602)
neg, 0.12788281295511936, right(srz8029721553)
neg, 0.26569465657955116, right(srz99311018449)
neg, 0.12788281295511936, right(srz96566173096)
neg, 0.12788281295511936, right(srz24618672992)
neg, 0.12788281295511936, right(srz27409594173)
neg, 0.12788281295511936, right(srz246186716003)
neg, 0.20741489118092746, right(srz27409591602)
neg, 0.1312754970724383, right(srz8029726375)
neg, 0.1872108373518019, right(srz96566174273)
neg, 0.12788281295511936, right(srz44230444193)
neg, 0.18485684970456687, right(srz8029722020)
neg, 0.1312754970724383, right(srz965661711398)
neg, 0.1312754970724383, right(srz8029721261)
neg, 0.20741489118092746, right(srz274095910062)
neg, 0.1312754970724383, right(srz96566174449)
neg, 0.17487980387577814, right(srz8029724303)
neg, 0.20741489118092746, right(srz27409593278)
neg, 0.12788281295511936, right(srz274095916539)
neg, 0.1312754970724383, right(srz193066429)
neg, 0.1312754970724383, right(srz96566175097)
neg, 0.12788281295511936, right(srz8029726032)
neg, 0.1312754970724383, right(srz246186715631)
neg, 0.1312754970724383, right(srz8029725317)
neg, 0.1312754970724383, right(srz27409596143)
neg, 0.1312754970724383, right(srz24618675624)
neg, 0.20741489118092746, right(srz99311016873)
neg, 0.12788281295511936, right(srz44248274834)
neg, 0.18485684970456687, right(srz99311016294)
neg, 0.1312754970724383, right(srz8029728607)
neg, 0.1312754970724383, right(srz44230441224)
neg, 0.12788281295511936, right(srz96594924027)
neg, 0.12788281295511936, right(srz19306303)
neg, 0.20741489118092746, right(srz8029726171)
neg, 0.1312754970724383, right(srz8029726287)
neg, 0.1312754970724383, right(srz27409595580)
neg, 0.1312754970724383, right(srz96566172026)
neg, 0.12788281295511936, right(srz965661712702)
neg, 0.1312754970724383, right(srz44248271355)
neg, 0.1312754970724383, right(srz96594921010)
neg, 0.13284978350377796, right(srz44248274435)
neg, 0.12788281295511936, right(srz44230446779)
neg, 0.20741489118092746, right(srz193068315)
neg, 0.12788281295511936, right(srz44230443996)
neg, 0.1312754970724383, right(srz8029722379)
neg, 0.18485684970456687, right(srz246186714129)
neg, 0.1312754970724383, right(srz96594926099)
neg, 0.1312754970724383, right(srz44230444831)
neg, 0.17487980387577814, right(srz99311013939)
neg, 0.12788281295511936, right(srz96594922783)
neg, 0.15013817616499373, right(srz96566178332)
neg, 0.1312754970724383, right(srz965661714486)
neg, 0.12788281295511936, right(srz44230443729)
neg, 0.14158514118650908, right(srz8029727427)
neg, 0.12788281295511936, right(srz1930612319)
neg, 0.12788281295511936, right(srz44248272240)
neg, 0.1312754970724383, right(srz802972799)
neg, 0.1312754970724383, right(srz44230444897)
neg, 0.1872108373518019, right(srz24618679167)
neg, 0.1312754970724383, right(srz24618675419)
neg, 0.1872108373518019, right(srz19306185)
neg, 0.12788281295511936, right(srz965661712145)
neg, 0.12788281295511936, right(srz24618677519)
neg, 0.26569465657955116, right(srz96566174261)
neg, 0.1312754970724383, right(srz965661711382)
neg, 0.1312754970724383, right(srz44230444756)
neg, 0.12788281295511936, right(srz96566176032)
neg, 0.1312754970724383, right(srz1930610630)
neg, 0.12788281295511936, right(srz99311013177)
neg, 0.12788281295511936, right(srz24618673826)
neg, 0.1312754970724383, right(srz99311018950)
neg, 0.12788281295511936, right(srz965661715832)
neg, 0.1312754970724383, right(srz802972671)
neg, 0.18485684970456687, right(srz193065086)
neg, 0.1872108373518019, right(srz8029728637)
neg, 0.26569465657955116, right(srz96594928958)
neg, 0.13284978350377796, right(srz96566173800)
neg, 0.13284978350377796, right(srz96566173743)
neg, 0.20741489118092746, right(srz44248272949)
neg, 0.1312754970724383, right(srz44230445212)
neg, 0.1312754970724383, right(srz44248273044)
neg, 0.17487980387577814, right(srz27409593359)
neg, 0.1312754970724383, right(srz193065642)
neg, 0.1872108373518019, right(srz99311014412)
neg, 0.1284615400382881, right(srz27409595689)
neg, 0.20741489118092746, right(srz19306146)
neg, 0.12788281295511936, right(srz19306969)
neg, 0.13284978350377796, right(srz96566173750)
neg, 0.20741489118092746, right(srz99311012426)
neg, 0.12788281295511936, right(srz99311012276)
neg, 0.1312754970724383, right(srz274095913981)
neg, 0.18511330982967572, right(srz193068664)
neg, 0.1312754970724383, right(srz8029722402)
neg, 0.20741489118092746, right(srz96566178102)
neg, 0.12788281295511936, right(srz8029722272)
neg, 0.12788281295511936, right(srz44248275715)
neg, 0.1312754970724383, right(srz44230443293)
neg, 0.12788281295511936, right(srz24618672462)
neg, 0.12788281295511936, right(srz96566178967)
neg, 0.1312754970724383, right(srz44248274886)
neg, 0.12788281295511936, right(srz96594926666)
neg, 0.12788281295511936, right(srz24618674218)
neg, 0.1312754970724383, right(srz274095912744)
neg, 0.12788281295511936, right(srz99311016505)
neg, 0.1312754970724383, right(srz965661711392)
neg, 0.1312754970724383, right(srz193065672)
neg, 0.1312754970724383, right(srz8029728586)
neg, 0.1872108373518019, right(srz965949214174)
neg, 0.1312754970724383, right(srz44248271652)
neg, 0.20741489118092746, right(srz24618672298)
neg, 0.1312754970724383, right(srz965661714576)
neg, 0.12788281295511936, right(srz802972981)
neg, 0.1872108373518019, right(srz965661711455)
neg, 0.12788281295511936, right(srz44248273458)
neg, 0.12788281295511936, right(srz96566178813)
neg, 0.1312754970724383, right(srz24618675047)
neg, 0.1312754970724383, right(srz96594922492)
neg, 0.1312754970724383, right(srz193068778)
neg, 0.1312754970724383, right(srz4424827279)
neg, 0.12788281295511936, right(srz8029725616)
neg, 0.1312754970724383, right(srz965949213231)
neg, 0.20741489118092746, right(srz1930610943)
neg, 0.1312754970724383, right(srz99311018983)
neg, 0.17487980387577814, right(srz246186716602)
neg, 0.13284978350377796, right(srz96566173744)
neg, 0.12788281295511936, right(srz193061424)
neg, 0.12788281295511936, right(srz8029721666)
neg, 0.12788281295511936, right(srz246186710754)
neg, 0.1872108373518019, right(srz8029722044)
neg, 0.12788281295511936, right(srz96594929297)
neg, 0.1312754970724383, right(srz193062051)
neg, 0.1284615400382881, right(srz193063568)
neg, 0.12788281295511936, right(srz44230444011)
neg, 0.1872108373518019, right(srz965949211080)
neg, 0.1312754970724383, right(srz193063420)
neg, 0.26569465657955116, right(srz802972363)
neg, 0.12788281295511936, right(srz24618671414)
neg, 0.1312754970724383, right(srz96566178146)
neg, 0.1872108373518019, right(srz96566171381)
neg, 0.1312754970724383, right(srz44248272985)
neg, 0.12788281295511936, right(srz193066769)
neg, 0.24364176356732303, right(srz8029721021)
neg, 0.12788281295511936, right(srz24618672719)
neg, 0.1312754970724383, right(srz44248271840)
neg, 0.1312754970724383, right(srz44248271858)
neg, 0.12788281295511936, right(srz96594927655)
neg, 0.1312754970724383, right(srz246186710314)
neg, 0.1312754970724383, right(srz24618676574)
neg, 0.12788281295511936, right(srz802972414)
neg, 0.1872108373518019, right(srz274095917006)
neg, 0.12788281295511936, right(srz246186711859)
neg, 0.12788281295511936, right(srz802972992)
neg, 0.1284615400382881, right(srz44230442584)
neg, 0.24939322129195243, right(srz193061074)
neg, 0.20741489118092746, right(srz27409593536)
neg, 0.12788281295511936, right(srz99311013100)
neg, 0.20741489118092746, right(srz99311016866)
neg, 0.1312754970724383, right(srz193061199)
neg, 0.1312754970724383, right(srz193065639)
neg, 0.18511330982967572, right(srz965949212210)
neg, 0.12788281295511936, right(srz96566172888)
neg, 0.20741489118092746, right(srz8029726160)
neg, 0.12788281295511936, right(srz993110111387)
neg, 0.12788281295511936, right(srz246186726)
neg, 0.20741489118092746, right(srz27409593517)
neg, 0.1312754970724383, right(srz44230445090)
neg, 0.12788281295511936, right(srz1930610437)
neg, 0.1872108373518019, right(srz96594924896)
neg, 0.1284615400382881, right(srz44230445325)
neg, 0.1872108373518019, right(srz8029721136)
neg, 0.12788281295511936, right(srz274095911252)
neg, 0.12788281295511936, right(srz24618672996)
neg, 0.12788281295511936, right(srz246186716361)
neg, 0.20741489118092746, right(srz96566178452)
neg, 0.14158514118650908, right(srz965949210732)
neg, 0.13284978350377796, right(srz99311013077)
neg, 0.12788281295511936, right(srz24618679450)
neg, 0.13284978350377796, right(srz193066856)
neg, 0.12788281295511936, right(srz8029728213)
neg, 0.1872108373518019, right(srz99311017687)
neg, 0.18511330982967572, right(srz24618679914)
neg, 0.1312754970724383, right(srz27409596765)
neg, 0.24364176356732303, right(srz44248276045)
neg, 0.1312754970724383, right(srz44248274573)
neg, 0.20741489118092746, right(srz193069615)
neg, 0.20741489118092746, right(srz8029723523)
neg, 0.12788281295511936, right(srz1930612367)
neg, 0.20741489118092746, right(srz246186713687)
neg, 0.18511330982967572, right(srz9931101259)
neg, 0.17487980387577814, right(srz2461867900)
neg, 0.1312754970724383, right(srz96594928043)
neg, 0.12788281295511936, right(srz246186711869)
neg, 0.26569465657955116, right(srz965949213974)
neg, 0.13284978350377796, right(srz8029724447)
neg, 0.12788281295511936, right(srz8029727692)
neg, 0.1872108373518019, right(srz8029729699)
neg, 0.1872108373518019, right(srz24618677108)
neg, 0.12788281295511936, right(srz274095910688)
neg, 0.26569465657955116, right(srz8029723129)
neg, 0.1312754970724383, right(srz99311012300)
neg, 0.1312754970724383, right(srz99311018125)
neg, 0.1312754970724383, right(srz44248273034)
neg, 0.12788281295511936, right(srz96566173674)
neg, 0.1312754970724383, right(srz8029724681)
neg, 0.12788281295511936, right(srz193063772)
neg, 0.12788281295511936, right(srz1930611754)
neg, 0.12788281295511936, right(srz99311015511)
neg, 0.18485684970456687, right(srz96594927019)
neg, 0.20741489118092746, right(srz274095915430)
neg, 0.1312754970724383, right(srz27409594667)
neg, 0.1312754970724383, right(srz8029724767)
neg, 0.12788281295511936, right(srz1930611790)
neg, 0.12788281295511936, right(srz24618674289)
neg, 0.1872108373518019, right(srz193062412)
neg, 0.1872108373518019, right(srz44230447732)
neg, 0.12788281295511936, right(srz4424827783)
neg, 0.1312754970724383, right(srz96594927370)
neg, 0.1312754970724383, right(srz96566176452)
neg, 0.1312754970724383, right(srz44230447763)
neg, 0.18485684970456687, right(srz193061029)
neg, 0.12788281295511936, right(srz993110111216)
neg, 0.12788281295511936, right(srz44230447512)
neg, 0.1312754970724383, right(srz24618676128)
neg, 0.20741489118092746, right(srz4424827218)
neg, 0.18485684970456687, right(srz965661711286)
neg, 0.20741489118092746, right(srz2740959349)
neg, 0.12788281295511936, right(srz1930632)
neg, 0.1872108373518019, right(srz802972478)
neg, 0.14158514118650908, right(srz193069327)
neg, 0.1312754970724383, right(srz44230444778)
neg, 0.12788281295511936, right(srz27409599524)
neg, 0.1312754970724383, right(srz8029726201)
neg, 0.20741489118092746, right(srz44230441251)
neg, 0.1312754970724383, right(srz8029723005)
neg, 0.20741489118092746, right(srz44230448165)
neg, 0.12788281295511936, right(srz24618679377)
neg, 0.1312754970724383, right(srz246186712379)
neg, 0.1312754970724383, right(srz44230442142)
neg, 0.12788281295511936, right(srz27409593968)
neg, 0.12788281295511936, right(srz24618671181)
neg, 0.13284978350377796, right(srz4423044336)
neg, 0.12788281295511936, right(srz442304410)
neg, 0.12788281295511936, right(srz193069436)
neg, 0.1312754970724383, right(srz99311011656)
neg, 0.12788281295511936, right(srz44230441608)
neg, 0.1872108373518019, right(srz96594925128)
neg, 0.12788281295511936, right(srz9931101778)
neg, 0.18485684970456687, right(srz965661714410)
neg, 0.1312754970724383, right(srz24618678847)
neg, 0.26569465657955116, right(srz80297210908)
neg, 0.20741489118092746, right(srz246186711433)
neg, 0.12788281295511936, right(srz274095912372)
neg, 0.1312754970724383, right(srz802972951)
neg, 0.20741489118092746, right(srz96594927835)
neg, 0.18485684970456687, right(srz274095910233)
neg, 0.26569465657955116, right(srz96594921091)
neg, 0.1872108373518019, right(srz993110111689)
neg, 0.20741489118092746, right(srz274095915441)
neg, 0.17487980387577814, right(srz27409593488)
neg, 0.17487980387577814, right(srz193067510)
neg, 0.1872108373518019, right(srz27409598683)
neg, 0.12788281295511936, right(srz24618671314)
neg, 0.12788281295511936, right(srz44248277904)
neg, 0.12788281295511936, right(srz993110111882)
neg, 0.1872108373518019, right(srz44230442438)
neg, 0.1872108373518019, right(srz193061987)
neg, 0.12788281295511936, right(srz27409591406)
neg, 0.1312754970724383, right(srz24618674653)
neg, 0.1312754970724383, right(srz246186715617)
neg, 0.1312754970724383, right(srz274095916947)
neg, 0.12788281295511936, right(srz44230447914)
neg, 0.17487980387577814, right(srz8029723147)
neg, 0.1312754970724383, right(srz99311015723)
neg, 0.18485684970456687, right(srz44230441775)
neg, 0.1872108373518019, right(srz193062429)
neg, 0.12788281295511936, right(srz44248277686)
neg, 0.12788281295511936, right(srz96594921636)
neg, 0.1312754970724383, right(srz27409599312)
neg, 0.18485684970456687, right(srz96566174568)
neg, 0.20741489118092746, right(srz96566174808)
neg, 0.12788281295511936, right(srz27409591246)
neg, 0.20741489118092746, right(srz99311017265)
neg, 0.12788281295511936, right(srz24618676421)
neg, 0.1312754970724383, right(srz965661712369)
neg, 0.1312754970724383, right(srz24618677874)
neg, 0.12788281295511936, right(srz1930612331)
neg, 0.14158514118650908, right(srz193065987)
neg, 0.1312754970724383, right(srz8029726569)
neg, 0.12788281295511936, right(srz193069504)
neg, 0.1312754970724383, right(srz44248271475)
neg, 0.20741489118092746, right(srz80297270)
neg, 0.12788281295511936, right(srz274095913632)
neg, 0.1872108373518019, right(srz993110111677)
neg, 0.12788281295511936, right(srz24618677320)
neg, 0.1312754970724383, right(srz27409596074)
neg, 0.12788281295511936, right(srz99311014831)
neg, 0.1872108373518019, right(srz246186714297)
neg, 0.18485684970456687, right(srz44248274441)
neg, 0.1312754970724383, right(srz44230443618)
neg, 0.17487980387577814, right(srz44248275790)
neg, 0.1284615400382881, right(srz44230442514)
neg, 0.12788281295511936, right(srz24618671866)
neg, 0.12788281295511936, right(srz44248272423)
neg, 0.12788281295511936, right(srz96594924024)
neg, 0.20741489118092746, right(srz2461867772)
neg, 0.12788281295511936, right(srz24618672452)
neg, 0.12788281295511936, right(srz246186711874)
neg, 0.12788281295511936, right(srz96594924489)
neg, 0.1312754970724383, right(srz8029728649)
neg, 0.13284978350377796, right(srz44230441739)
neg, 0.20741489118092746, right(srz2740959413)
neg, 0.12788281295511936, right(srz274095910557)
neg, 0.12788281295511936, right(srz246186714362)
neg, 0.12788281295511936, right(srz965949213397)
neg, 0.1312754970724383, right(srz96594928890)
neg, 0.1284615400382881, right(srz44230442669)
neg, 0.1312754970724383, right(srz9931101988)
neg, 0.12788281295511936, right(srz2461867513)
neg, 0.12788281295511936, right(srz193064937)
neg, 0.12788281295511936, right(srz27409592604)
neg, 0.17487980387577814, right(srz8029724389)
neg, 0.18485684970456687, right(srz965949212258)
neg, 0.1312754970724383, right(srz99311012161)
neg, 0.18485684970456687, right(srz193068062)
neg, 0.26569465657955116, right(srz27409592814)
neg, 0.20741489118092746, right(srz96566175125)
neg, 0.20741489118092746, right(srz99311017061)
neg, 0.20741489118092746, right(srz44230448146)
neg, 0.1872108373518019, right(srz993110110634)
neg, 0.1312754970724383, right(srz802972793)
neg, 0.12788281295511936, right(srz246186716092)
neg, 0.12788281295511936, right(srz9931101741)
neg, 0.12788281295511936, right(srz8029722870)
neg, 0.12788281295511936, right(srz193063157)
neg, 0.1872108373518019, right(srz99311017696)
neg, 0.1312754970724383, right(srz99311012526)
neg, 0.1872108373518019, right(srz99311016393)
neg, 0.13284978350377796, right(srz246186716507)
neg, 0.1872108373518019, right(srz99311014559)
neg, 0.14158514118650908, right(srz44248275215)
neg, 0.1872108373518019, right(srz965949210550)
neg, 0.12788281295511936, right(srz96594926686)
neg, 0.12788281295511936, right(srz274095914807)
neg, 0.12788281295511936, right(srz965949212757)
neg, 0.1312754970724383, right(srz246186713951)
neg, 0.12788281295511936, right(srz8029721368)
neg, 0.15013817616499373, right(srz44248277105)
neg, 0.1312754970724383, right(srz99311019320)
neg, 0.13284978350377796, right(srz96594928723)
neg, 0.1312754970724383, right(srz4423044761)
neg, 0.1312754970724383, right(srz802972144)
neg, 0.1872108373518019, right(srz99311014409)
neg, 0.1872108373518019, right(srz99311017965)
neg, 0.12788281295511936, right(srz44248272482)
neg, 0.12788281295511936, right(srz9656617440)
neg, 0.1312754970724383, right(srz24618673626)
neg, 0.1312754970724383, right(srz965661714611)
neg, 0.20741489118092746, right(srz99311015707)
neg, 0.18485684970456687, right(srz44248274547)
neg, 0.18511330982967572, right(srz193065180)
neg, 0.1284615400382881, right(srz44230442682)
neg, 0.1312754970724383, right(srz96566172007)
neg, 0.12788281295511936, right(srz274095916530)
neg, 0.1312754970724383, right(srz965661710882)
neg, 0.12788281295511936, right(srz96594924070)
neg, 0.1312754970724383, right(srz96566176416)
neg, 0.12788281295511936, right(srz965661710667)
neg, 0.20741489118092746, right(srz44230442411)
neg, 0.12788281295511936, right(srz99311012258)
neg, 0.1312754970724383, right(srz24618678087)
neg, 0.12788281295511936, right(srz193062699)
neg, 0.12788281295511936, right(srz44248273443)
neg, 0.20741489118092746, right(srz193067016)
neg, 0.1312754970724383, right(srz274095913970)
neg, 0.20741489118092746, right(srz24618679596)
neg, 0.20741489118092746, right(srz965661712681)
neg, 0.1872108373518019, right(srz27409593097)
neg, 0.18511330982967572, right(srz24618673478)
neg, 0.12788281295511936, right(srz965661715774)
neg, 0.1284615400382881, right(srz1930610286)
neg, 0.1312754970724383, right(srz246186715595)
neg, 0.20741489118092746, right(srz27409592669)
neg, 0.12788281295511936, right(srz99311015955)
neg, 0.1312754970724383, right(srz246186712275)
neg, 0.1872108373518019, right(srz96594928689)
neg, 0.20741489118092746, right(srz274095910067)
neg, 0.12788281295511936, right(srz8029727031)
neg, 0.14158514118650908, right(srz44248277078)
neg, 0.12788281295511936, right(srz99311017280)
neg, 0.1872108373518019, right(srz965949210689)
neg, 0.17487980387577814, right(srz193067504)
neg, 0.12788281295511936, right(srz274095914270)
neg, 0.1312754970724383, right(srz96594926412)
neg, 0.1312754970724383, right(srz96566175323)
neg, 0.13284978350377796, right(srz24618672370)
neg, 0.20741489118092746, right(srz274095915576)
neg, 0.12788281295511936, right(srz965661713916)
neg, 0.1312754970724383, right(srz44248273050)
neg, 0.13284978350377796, right(srz99311019546)
neg, 0.1312754970724383, right(srz193068860)
neg, 0.20741489118092746, right(srz27409593537)
neg, 0.20741489118092746, right(srz2740959877)
neg, 0.1872108373518019, right(srz96566179633)
neg, 0.12788281295511936, right(srz96594921665)
neg, 0.12788281295511936, right(srz8029727077)
neg, 0.12788281295511936, right(srz4424827558)
neg, 0.12788281295511936, right(srz27409591785)
neg, 0.12788281295511936, right(srz965661714041)
neg, 0.20741489118092746, right(srz965949213016)
neg, 0.1312754970724383, right(srz193062879)
neg, 0.24364176356732303, right(srz965661715294)
neg, 0.12788281295511936, right(srz274095912)
neg, 0.1312754970724383, right(srz9656617891)
neg, 0.17487980387577814, right(srz27409593509)
neg, 0.1312754970724383, right(srz8029726280)
neg, 0.12788281295511936, right(srz96594927032)
neg, 0.12788281295511936, right(srz44230446913)
neg, 0.20741489118092746, right(srz274095911553)
neg, 0.12788281295511936, right(srz99311013007)
neg, 0.13284978350377796, right(srz96594928696)
neg, 0.12788281295511936, right(srz8029721378)
neg, 0.1284615400382881, right(srz27409595703)
neg, 0.1312754970724383, right(srz193063105)
neg, 0.20741489118092746, right(srz27409594625)
neg, 0.20741489118092746, right(srz4423044478)
neg, 0.1872108373518019, right(srz965661711461)
neg, 0.12788281295511936, right(srz193061328)
neg, 0.1872108373518019, right(srz96594921942)
neg, 0.12788281295511936, right(srz96594923844)
neg, 0.12788281295511936, right(srz27409592016)
neg, 0.12788281295511936, right(srz193066014)
neg, 0.12788281295511936, right(srz99311013144)
neg, 0.12788281295511936, right(srz27409591702)
neg, 0.12788281295511936, right(srz193066033)
neg, 0.1312754970724383, right(srz9659492671)
neg, 0.12788281295511936, right(srz965661714063)
neg, 0.12788281295511936, right(srz274095999)
neg, 0.1312754970724383, right(srz99311017742)
neg, 0.1312754970724383, right(srz96594924241)
neg, 0.13284978350377796, right(srz99311016012)
neg, 0.1872108373518019, right(srz44248273993)
neg, 0.1312754970724383, right(srz96566174455)
neg, 0.18511330982967572, right(srz9931101469)
neg, 0.15013817616499373, right(srz965661715399)
neg, 0.1872108373518019, right(srz44230442840)
neg, 0.12788281295511936, right(srz274095913647)
neg, 0.12788281295511936, right(srz9931101788)
neg, 0.12788281295511936, right(srz193064072)
neg, 0.12788281295511936, right(srz2461867387)
neg, 0.1312754970724383, right(srz96594924707)
neg, 0.1872108373518019, right(srz44230448093)
neg, 0.1284615400382881, right(srz80297210206)
neg, 0.24364176356732303, right(srz96594925112)
neg, 0.12788281295511936, right(srz193068605)
neg, 0.20741489118092746, right(srz96594929568)
neg, 0.1284615400382881, right(srz24618679320)
neg, 0.1312754970724383, right(srz96594924621)
neg, 0.1284615400382881, right(srz96566171387)
neg, 0.12788281295511936, right(srz193061323)
neg, 0.17487980387577814, right(srz27409592302)
neg, 0.1312754970724383, right(srz246186710187)
neg, 0.1872108373518019, right(srz8029724856)
neg, 0.1312754970724383, right(srz44248271293)
neg, 0.12788281295511936, right(srz8029727729)
neg, 0.12788281295511936, right(srz99311014966)
neg, 0.12788281295511936, right(srz99311016168)
neg, 0.1312754970724383, right(srz24618679146)
neg, 0.1284615400382881, right(srz96594926529)
neg, 0.12788281295511936, right(srz96566176019)
neg, 0.14158514118650908, right(srz965949210885)
neg, 0.12788281295511936, right(srz246186717012)
neg, 0.12788281295511936, right(srz99311013733)
neg, 0.12788281295511936, right(srz965661710735)
neg, 0.1312754970724383, right(srz96594924192)
neg, 0.1872108373518019, right(srz24618673783)
neg, 0.17487980387577814, right(srz80297210596)
neg, 0.12788281295511936, right(srz965949212721)
neg, 0.20741489118092746, right(srz965949212588)
neg, 0.12788281295511936, right(srz96566171040)
neg, 0.1312754970724383, right(srz193064341)
neg, 0.1312754970724383, right(srz44248272980)
neg, 0.17487980387577814, right(srz246186716590)
neg, 0.1312754970724383, right(srz96566179344)
neg, 0.1312754970724383, right(srz44248276006)
neg, 0.20741489118092746, right(srz27409597907)
neg, 0.26569465657955116, right(srz44248274847)
neg, 0.1872108373518019, right(srz99311014570)
neg, 0.1312754970724383, right(srz44248274996)
neg, 0.1312754970724383, right(srz96566179183)
neg, 0.20741489118092746, right(srz8029722246)
neg, 0.1284615400382881, right(srz246186710550)
neg, 0.20741489118092746, right(srz24618672055)
neg, 0.17487980387577814, right(srz96594927758)
neg, 0.1312754970724383, right(srz193065643)
neg, 0.1284615400382881, right(srz27409595786)
neg, 0.1312754970724383, right(srz8029722571)
neg, 0.20741489118092746, right(srz965949212925)
neg, 0.12788281295511936, right(srz96566171627)
neg, 0.1312754970724383, right(srz193069817)
neg, 0.13284978350377796, right(srz8029724498)
neg, 0.1312754970724383, right(srz246186716629)
neg, 0.1872108373518019, right(srz96566171368)
neg, 0.12788281295511936, right(srz44230447009)
neg, 0.12788281295511936, right(srz965661715765)
neg, 0.1312754970724383, right(srz99311012309)
neg, 0.20741489118092746, right(srz96566178090)
neg, 0.12788281295511936, right(srz1930612365)
neg, 0.20741489118092746, right(srz193068550)
neg, 0.12788281295511936, right(srz44248277987)
neg, 0.1312754970724383, right(srz8029726369)
neg, 0.1312754970724383, right(srz246186715319)
neg, 0.12788281295511936, right(srz24618672741)
neg, 0.12788281295511936, right(srz193064872)
neg, 0.17487980387577814, right(srz44230445944)
neg, 0.1312754970724383, right(srz96566175337)
neg, 0.1312754970724383, right(srz9659492673)
neg, 0.18485684970456687, right(srz99311011426)
neg, 0.1312754970724383, right(srz96594923630)
neg, 0.1312754970724383, right(srz44230443521)
neg, 0.12788281295511936, right(srz965661710547)
neg, 0.1312754970724383, right(srz44248275870)
neg, 0.26569465657955116, right(srz8029726445)
neg, 0.12788281295511936, right(srz99311019518)
neg, 0.20741489118092746, right(srz96594925069)
neg, 0.12788281295511936, right(srz24618677531)
neg, 0.17487980387577814, right(srz96566177730)
neg, 0.1312754970724383, right(srz965949212628)
neg, 0.12788281295511936, right(srz96566178775)
neg, 0.20741489118092746, right(srz99311014384)
neg, 0.1872108373518019, right(srz24618678915)
neg, 0.1312754970724383, right(srz965661711045)
neg, 0.1312754970724383, right(srz24618674432)
neg, 0.1872108373518019, right(srz44248271135)
neg, 0.12788281295511936, right(srz44230446917)
neg, 0.1312754970724383, right(srz246186711069)
neg, 0.20741489118092746, right(srz96566179147)
neg, 0.18485684970456687, right(srz80297210447)
neg, 0.12788281295511936, right(srz8029726095)
neg, 0.12788281295511936, right(srz44230444518)
neg, 0.1284615400382881, right(srz1930610401)
neg, 0.20741489118092746, right(srz24618673303)
neg, 0.17487980387577814, right(srz44248274181)
neg, 0.12788281295511936, right(srz96566172877)
neg, 0.1312754970724383, right(srz993110111718)
neg, 0.12788281295511936, right(srz274095914995)
neg, 0.1872108373518019, right(srz99311011584)
neg, 0.1872108373518019, right(srz44230444606)
neg, 0.18485684970456687, right(srz193068097)
neg, 0.1312754970724383, right(srz1930611558)
neg, 0.1312754970724383, right(srz44248277143)
neg, 0.2252026121146009, right(srz27409592817)
neg, 0.1312754970724383, right(srz99311014159)
neg, 0.1312754970724383, right(srz99311012093)
neg, 0.12788281295511936, right(srz96566175957)
neg, 0.12788281295511936, right(srz96594923366)
neg, 0.1312754970724383, right(srz96566179772)
neg, 0.1312754970724383, right(srz965661712976)
neg, 0.12788281295511936, right(srz274095916046)
neg, 0.12788281295511936, right(srz965949213824)
neg, 0.12788281295511936, right(srz27409595262)
neg, 0.12788281295511936, right(srz274095913858)
neg, 0.12788281295511936, right(srz96594929343)
neg, 0.1312754970724383, right(srz965661712725)
neg, 0.20741489118092746, right(srz9656617770)
neg, 0.1312754970724383, right(srz96594922065)
neg, 0.12788281295511936, right(srz44230446842)
neg, 0.12788281295511936, right(srz965661713280)
neg, 0.1312754970724383, right(srz24618676045)
neg, 0.1872108373518019, right(srz193066598)
neg, 0.1872108373518019, right(srz246186713070)
neg, 0.1284615400382881, right(srz965661710516)
neg, 0.12788281295511936, right(srz246186714905)
neg, 0.12788281295511936, right(srz8029728202)
neg, 0.1312754970724383, right(srz96594928046)
neg, 0.1312754970724383, right(srz193066267)
neg, 0.1872108373518019, right(srz965949211090)
neg, 0.18485684970456687, right(srz193068401)
neg, 0.12788281295511936, right(srz802972517)
neg, 0.1312754970724383, right(srz99311012314)
neg, 0.12788281295511936, right(srz27409594099)
neg, 0.12788281295511936, right(srz27409593129)
neg, 0.12788281295511936, right(srz246186710868)
neg, 0.20741489118092746, right(srz965661712678)
neg, 0.17487980387577814, right(srz96566177656)
neg, 0.12788281295511936, right(srz965949212869)
neg, 0.12788281295511936, right(srz274095915985)
neg, 0.1284615400382881, right(srz24618679244)
neg, 0.12788281295511936, right(srz8029725614)
neg, 0.12788281295511936, right(srz27409599226)
neg, 0.12788281295511936, right(srz993110112283)
neg, 0.1312754970724383, right(srz80297210067)
neg, 0.1312754970724383, right(srz965661710993)
neg, 0.12788281295511936, right(srz99311013106)
neg, 0.1312754970724383, right(srz99311015311)
neg, 0.1312754970724383, right(srz9659492806)
neg, 0.17487980387577814, right(srz193067514)
neg, 0.20741489118092746, right(srz99311018085)
neg, 0.1312754970724383, right(srz274095916794)
neg, 0.1872108373518019, right(srz8029725476)
neg, 0.18485684970456687, right(srz8029727944)
neg, 0.1312754970724383, right(srz8029721854)
neg, 0.14158514118650908, right(srz193067686)
neg, 0.1872108373518019, right(srz274095911671)
neg, 0.12788281295511936, right(srz4424827704)
neg, 0.12788281295511936, right(srz8029722786)
neg, 0.20741489118092746, right(srz99311013340)
neg, 0.1312754970724383, right(srz802972289)
neg, 0.13284978350377796, right(srz99311016100)
neg, 0.12788281295511936, right(srz274095911352)
neg, 0.1312754970724383, right(srz274095916491)
neg, 0.20741489118092746, right(srz24618675409)
neg, 0.1284615400382881, right(srz96594925295)
neg, 0.12788281295511936, right(srz44248276222)
neg, 0.1872108373518019, right(srz96594928256)
neg, 0.1872108373518019, right(srz44230447528)
neg, 0.20741489118092746, right(srz246186712166)
neg, 0.20741489118092746, right(srz2740959829)
neg, 0.20741489118092746, right(srz24618675586)
neg, 0.18485684970456687, right(srz274095915095)
neg, 0.1284615400382881, right(srz44230442550)
neg, 0.12788281295511936, right(srz274095917163)
neg, 0.1872108373518019, right(srz965949211093)
neg, 0.1312754970724383, right(srz96566178149)
neg, 0.12788281295511936, right(srz193069987)
neg, 0.12788281295511936, right(srz965949211767)
neg, 0.17487980387577814, right(srz99311012741)
neg, 0.1872108373518019, right(srz24618674748)
neg, 0.1312754970724383, right(srz44248271515)
neg, 0.18485684970456687, right(srz44230447286)
neg, 0.12788281295511936, right(srz99311013769)
neg, 0.12788281295511936, right(srz965661714262)
neg, 0.12788281295511936, right(srz2461867510)
neg, 0.1312754970724383, right(srz27409595587)
neg, 0.1312754970724383, right(srz96566175722)
neg, 0.1312754970724383, right(srz27409596811)
neg, 0.1312754970724383, right(srz965661712963)
neg, 0.1284615400382881, right(srz80297210306)
neg, 0.12788281295511936, right(srz96566178994)
neg, 0.12788281295511936, right(srz993110110570)
neg, 0.12788281295511936, right(srz27409591045)
neg, 0.12788281295511936, right(srz24618672217)
neg, 0.12788281295511936, right(srz8029727083)
neg, 0.12788281295511936, right(srz44248277998)
neg, 0.20741489118092746, right(srz44230442278)
neg, 0.1872108373518019, right(srz1930611098)
neg, 0.12788281295511936, right(srz96594929496)
neg, 0.12788281295511936, right(srz96566176755)
neg, 0.1312754970724383, right(srz96594926004)
neg, 0.1312754970724383, right(srz8029722395)
neg, 0.1312754970724383, right(srz1930611400)
neg, 0.20741489118092746, right(srz193069612)
neg, 0.12788281295511936, right(srz44230446977)
neg, 0.18485684970456687, right(srz193065408)
neg, 0.1312754970724383, right(srz8029726732)

