pos, 0.6928377924762232, left(srz99311012321)
pos, 0.5379974749891667, left(srz44230443584)
pos, 0.6928377924762232, left(srz246186711286)
pos, 0.40635621084154055, left(srz965661712693)
pos, 0.33768125175482216, left(srz96566175736)
pos, 0.33768125175482216, left(srz27409595388)
pos, 0.7077438782664071, left(srz96566177950)
pos, 0.43024999543214043, left(srz27409596467)
pos, 0.43024999543214043, left(srz24618678349)
pos, 0.7077438782664071, left(srz96566174717)
pos, 0.7077438782664071, left(srz24618674398)
pos, 0.40635621084154055, left(srz27409597685)
pos, 0.338085635834678, left(srz96594925027)
pos, 0.3261986113799918, left(srz965949213122)
pos, 0.10747792548879284, left(srz27409591966)
pos, 0.19918329105392513, left(srz965949213347)
pos, 0.22014123864636012, left(srz24618677129)
pos, 0.6788760557584537, left(srz246186711276)
pos, 0.7077438782664071, left(srz274095912064)
pos, 0.7077438782664071, left(srz24618675027)
pos, 0.31607632861215096, left(srz965661713640)
pos, 0.7077438782664071, left(srz24618677625)
pos, 0.33768125175482216, left(srz9659492807)
pos, 0.31607632861215096, left(srz96566171225)
pos, 0.43024999543214043, left(srz27409594456)
pos, 0.5169565646748872, left(srz27409598484)
pos, 0.7077438782664071, left(srz24618672939)
pos, 0.21531360176855996, left(srz965949213394)
pos, 0.5169565646748872, left(srz193063382)
pos, 0.31607632861215096, left(srz965661710208)
pos, 0.3098342402670987, left(srz9659492748)
pos, 0.43024999543214043, left(srz246186711044)
pos, 0.19918329105392513, left(srz24618672984)
pos, 0.5854559097590201, left(srz96566177493)
pos, 0.43024999543214043, left(srz27409597811)
pos, 0.7077438782664071, left(srz24618676041)
pos, 0.31607632861215096, left(srz99311018200)
pos, 0.7077438782664071, left(srz274095912495)
pos, 0.7077438782664071, left(srz24618671317)
pos, 0.31607632861215096, left(srz193064765)
pos, 0.43024999543214043, left(srz193061704)
pos, 0.7077438782664071, left(srz27409591778)
pos, 0.3261986113799918, left(srz965949213556)
pos, 0.36040220265655376, left(srz96566175534)
pos, 0.7077438782664071, left(srz274095910619)
pos, 0.6928377924762232, left(srz993110111598)
pos, 0.5854559097590201, left(srz993110112087)
pos, 0.43024999543214043, left(srz9931101145)
pos, 0.40635621084154055, left(srz193069973)
pos, 0.7077438782664071, left(srz96594926105)
pos, 0.40635621084154055, left(srz2461867230)
pos, 0.7077438782664071, left(srz96594924448)
pos, 0.40635621084154055, left(srz27409596481)
pos, 0.3261986113799918, left(srz44230445217)
pos, 0.7077438782664071, left(srz27409591804)
pos, 0.33768125175482216, left(srz44248275942)
pos, 0.5169565646748872, left(srz2461867865)
pos, 0.13952275334673125, left(srz24618679097)
pos, 0.10429965700047668, left(srz24618676962)
pos, 0.43024999543214043, left(srz24618678337)
pos, 0.43024999543214043, left(srz27409596136)
pos, 0.7077438782664071, left(srz80297210475)
pos, 0.22014123864636012, left(srz24618678937)
pos, 0.5379974749891667, left(srz96594925568)
pos, 0.36040220265655376, left(srz96566177116)
pos, 0.6928377924762232, left(srz274095915709)
pos, 0.6928377924762232, left(srz1930610071)
pos, 0.43024999543214043, left(srz27409596140)
pos, 0.34814322782325435, left(srz96566172722)
pos, 0.6928377924762232, left(srz99311019211)
pos, 0.36040220265655376, left(srz96566171084)
pos, 0.33768125175482216, left(srz246186714091)
pos, 0.7077438782664071, left(srz274095913972)
pos, 0.40635621084154055, left(srz99311014367)
pos, 0.0887268665164327, left(srz96594925514)
pos, 0.5379974749891667, left(srz24618675033)
pos, 0.33768125175482216, left(srz965661713237)
pos, 0.31607632861215096, left(srz96566174486)
pos, 0.7077438782664071, left(srz27409594155)
pos, 0.43024999543214043, left(srz246186712807)
pos, 0.33768125175482216, left(srz27409598722)
pos, 0.5854559097590201, left(srz24618674784)
pos, 0.36040220265655376, left(srz27409592973)
pos, 0.7077438782664071, left(srz8029722276)
pos, 0.36040220265655376, left(srz96566171083)
pos, 0.43024999543214043, left(srz96566179512)
pos, 0.34814322782325435, left(srz8029721267)
pos, 0.31607632861215096, left(srz96566175453)
pos, 0.10429965700047668, left(srz274095912618)
pos, 0.43024999543214043, left(srz246186711028)
pos, 0.28887358464003626, left(srz24618673581)
pos, 0.17064270533827597, left(srz8029725283)
pos, 0.40635621084154055, left(srz27409592878)
pos, 0.2522192920344088, left(srz96594923775)
pos, 0.36040220265655376, left(srz96566171085)
pos, 0.43024999543214043, left(srz965949214093)
pos, 0.3261986113799918, left(srz965949213118)
pos, 0.34855354714672426, left(srz96594927389)
pos, 0.5854559097590201, left(srz246186715588)
pos, 0.31607632861215096, left(srz965661711062)
pos, 0.17064270533827597, left(srz99311012269)
pos, 0.7077438782664071, left(srz965661711945)
pos, 0.43024999543214043, left(srz96566179487)
pos, 0.5006733409902656, left(srz96594927488)
pos, 0.7077438782664071, left(srz24618671996)
pos, 0.5854559097590201, left(srz965661715443)
pos, 0.40635621084154055, left(srz274095916542)
pos, 0.0992611488082572, left(srz274095915394)
pos, 0.7077438782664071, left(srz27409591817)
pos, 0.43024999543214043, left(srz965661711140)
pos, 0.31607632861215096, left(srz96594923741)
pos, 0.43024999543214043, left(srz27409597547)
pos, 0.5169565646748872, left(srz24618677639)
pos, 0.37416594167486705, left(srz96594925765)
pos, 0.5854559097590201, left(srz96594924801)
pos, 0.4525842432755376, left(srz193068199)
pos, 0.09447233311561995, left(srz965949212325)
pos, 0.43024999543214043, left(srz96566179175)
pos, 0.40635621084154055, left(srz24618678067)
pos, 0.43024999543214043, left(srz193061926)
pos, 0.21561915279098645, left(srz27409591454)
pos, 0.43024999543214043, left(srz24618671877)
pos, 0.5379974749891667, left(srz96566175524)
pos, 0.7077438782664071, left(srz96594921492)
pos, 0.338085635834678, left(srz2740959480)
pos, 0.6370360364783444, left(srz246186711332)
pos, 0.6928377924762232, left(srz246186712463)
pos, 0.40635621084154055, left(srz246186712544)
pos, 0.5854559097590201, left(srz965661711029)
pos, 0.7077438782664071, left(srz9656617477)
pos, 0.40635621084154055, left(srz2461867279)
pos, 0.43024999543214043, left(srz27409594347)
pos, 0.36040220265655376, left(srz24618673588)
pos, 0.43024999543214043, left(srz27409598099)
pos, 0.7077438782664071, left(srz2461867466)
pos, 0.7077438782664071, left(srz24618671994)
pos, 0.43024999543214043, left(srz2461867283)
pos, 0.7077438782664071, left(srz274095912044)
pos, 0.7077438782664071, left(srz246186715077)
pos, 0.6928377924762232, left(srz193064325)
pos, 0.7077438782664071, left(srz8029721817)
pos, 0.33768125175482216, left(srz24618674946)
pos, 0.338085635834678, left(srz274095911008)
pos, 0.5854559097590201, left(srz193066929)
pos, 0.33768125175482216, left(srz965661711005)
pos, 0.40635621084154055, left(srz2461867275)
pos, 0.40635621084154055, left(srz993110110570)
pos, 0.33768125175482216, left(srz27409596658)
pos, 0.7077438782664071, left(srz274095912047)
pos, 0.43024999543214043, left(srz274095914240)
pos, 0.6928377924762232, left(srz8029725145)
pos, 0.6928377924762232, left(srz9659492198)
pos, 0.33768125175482216, left(srz96594922616)
pos, 0.7077438782664071, left(srz24618677021)
pos, 0.10747792548879284, left(srz246186715304)
pos, 0.43024999543214043, left(srz24618672191)
pos, 0.33768125175482216, left(srz96566173200)
pos, 0.5854559097590201, left(srz965661712847)
pos, 0.7077438782664071, left(srz4423044609)
pos, 0.33768125175482216, left(srz246186714471)
pos, 0.31607632861215096, left(srz99311019150)
pos, 0.7077438782664071, left(srz246186715087)
pos, 0.43024999543214043, left(srz24618678365)
pos, 0.33768125175482216, left(srz96566175735)
pos, 0.5854559097590201, left(srz8029726284)
pos, 0.338085635834678, left(srz9659492680)
pos, 0.31607632861215096, left(srz274095917164)
pos, 0.43024999543214043, left(srz27409594345)
pos, 0.5854559097590201, left(srz9659492209)
pos, 0.34814322782325435, left(srz96594926341)
pos, 0.31607632861215096, left(srz27409596196)
pos, 0.3261986113799918, left(srz44230445218)
pos, 0.7077438782664071, left(srz246186716262)
pos, 0.10404929125716667, left(srz274095913541)
pos, 0.6928377924762232, left(srz246186712932)
pos, 0.5854559097590201, left(srz27409595429)
pos, 0.6928377924762232, left(srz96566179342)
pos, 0.2144317939556987, left(srz274095916336)
pos, 0.4544511178758716, left(srz96594923840)
pos, 0.43024999543214043, left(srz274095915400)
pos, 0.43024999543214043, left(srz193069824)
pos, 0.7077438782664071, left(srz27409592575)
pos, 0.43024999543214043, left(srz96566179092)
pos, 0.40635621084154055, left(srz99311016323)
pos, 0.31607632861215096, left(srz99311017835)
pos, 0.7077438782664071, left(srz274095912038)
pos, 0.43024999543214043, left(srz1930611151)
pos, 0.3261986113799918, left(srz965661714089)
pos, 0.7077438782664071, left(srz27409594163)
pos, 0.33768125175482216, left(srz96594928036)
pos, 0.34855354714672426, left(srz193068818)
pos, 0.5379974749891667, left(srz99311014150)
pos, 0.10429965700047668, left(srz246186712646)
pos, 0.43024999543214043, left(srz96594929879)
pos, 0.33768125175482216, left(srz246186714326)
pos, 0.43024999543214043, left(srz27409594308)
pos, 0.40635621084154055, left(srz274095915142)
pos, 0.3261986113799918, left(srz96594924249)
pos, 0.43024999543214043, left(srz246186712810)
pos, 0.5854559097590201, left(srz99311019696)
pos, 0.31607632861215096, left(srz96566177979)
pos, 0.43024999543214043, left(srz96594921606)
pos, 0.6928377924762232, left(srz8029727218)
pos, 0.33768125175482216, left(srz2740959670)
pos, 0.33768125175482216, left(srz96566172229)
pos, 0.11688192957054873, left(srz965949213388)
pos, 0.7077438782664071, left(srz27409596163)
pos, 0.7077438782664071, left(srz274095910789)
pos, 0.5854559097590201, left(srz193068171)
pos, 0.40635621084154055, left(srz246186712255)
pos, 0.33768125175482216, left(srz246186715619)
pos, 0.31607632861215096, left(srz96566174492)
pos, 0.40635621084154055, left(srz27409592870)
pos, 0.31607632861215096, left(srz44230442874)
pos, 0.7077438782664071, left(srz27409598812)
pos, 0.31607632861215096, left(srz9659492117)
pos, 0.3113054638003522, left(srz99311018331)
pos, 0.43024999543214043, left(srz246186715159)
pos, 0.10429965700047668, left(srz246186716741)
pos, 0.43024999543214043, left(srz27409599947)
pos, 0.17064270533827597, left(srz9659492732)
pos, 0.31607632861215096, left(srz246186711352)
pos, 0.34855354714672426, left(srz96594927860)
pos, 0.5854559097590201, left(srz965661710701)
pos, 0.7077438782664071, left(srz193065668)
pos, 0.7077438782664071, left(srz965661712969)
pos, 0.7077438782664071, left(srz24618673612)
pos, 0.43024999543214043, left(srz246186713966)
pos, 0.43024999543214043, left(srz24618672183)
pos, 0.5379974749891667, left(srz965661710712)
pos, 0.3711736182300026, left(srz965949212968)
pos, 0.5854559097590201, left(srz96566179808)
pos, 0.43024999543214043, left(srz27409594354)
pos, 0.5169565646748872, left(srz24618677636)
pos, 0.7077438782664071, left(srz24618677619)
pos, 0.6928377924762232, left(srz96566179325)
pos, 0.7077438782664071, left(srz24618672980)
pos, 0.40635621084154055, left(srz99311016227)
pos, 0.7077438782664071, left(srz9659492186)
pos, 0.34814322782325435, left(srz96566176371)
pos, 0.22014123864636012, left(srz193068160)
pos, 0.43024999543214043, left(srz274095913274)
pos, 0.7077438782664071, left(srz24618671311)
pos, 0.5169565646748872, left(srz27409597653)
pos, 0.3113054638003522, left(srz802972978)
pos, 0.40635621084154055, left(srz8029725376)
pos, 0.36040220265655376, left(srz27409592692)
pos, 0.43024999543214043, left(srz24618677748)
pos, 0.6928377924762232, left(srz27409596856)
pos, 0.7077438782664071, left(srz246186716668)
pos, 0.43024999543214043, left(srz96566172615)
pos, 0.7077438782664071, left(srz80297210478)
pos, 0.5169565646748872, left(srz27409598500)
pos, 0.43024999543214043, left(srz274095910418)
pos, 0.5854559097590201, left(srz96594924804)
pos, 0.3711736182300026, left(srz99311017339)
pos, 0.43024999543214043, left(srz274095910902)
pos, 0.7077438782664071, left(srz24618671343)
pos, 0.5169565646748872, left(srz27409598814)
pos, 0.5379974749891667, left(srz8029727234)
pos, 0.7077438782664071, left(srz27409592985)
pos, 0.3331641946750168, left(srz99311013614)
pos, 0.34855354714672426, left(srz96594927388)
pos, 0.33768125175482216, left(srz24618675492)
pos, 0.3261986113799918, left(srz96594927908)
pos, 0.22014123864636012, left(srz24618677977)
pos, 0.40635621084154055, left(srz965949214008)
pos, 0.43024999543214043, left(srz24618677866)
pos, 0.31607632861215096, left(srz24618671439)
pos, 0.7077438782664071, left(srz246186713384)
pos, 0.6928377924762232, left(srz9656617892)
pos, 0.43024999543214043, left(srz96594929854)
pos, 0.36040220265655376, left(srz246186710099)
pos, 0.43024999543214043, left(srz99311014370)
pos, 0.36040220265655376, left(srz274095913281)
pos, 0.33768125175482216, left(srz24618671438)
pos, 0.43024999543214043, left(srz24618676429)
pos, 0.7077438782664071, left(srz9656617526)
pos, 0.34855354714672426, left(srz246186710400)
pos, 0.43024999543214043, left(srz274095916761)
pos, 0.40635621084154055, left(srz1930610632)
pos, 0.7077438782664071, left(srz24618673618)
pos, 0.5854559097590201, left(srz99311013274)
pos, 0.31607632861215096, left(srz9659492120)
pos, 0.43024999543214043, left(srz993110112305)
pos, 0.43024999543214043, left(srz193069813)
pos, 0.43024999543214043, left(srz193061929)
pos, 0.31607632861215096, left(srz96566174476)
pos, 0.43024999543214043, left(srz274095910679)
pos, 0.7077438782664071, left(srz965661715071)
pos, 0.40635621084154055, left(srz9659492164)
pos, 0.2161421357982058, left(srz1930610644)
pos, 0.43024999543214043, left(srz99311015090)
pos, 0.7077438782664071, left(srz193066534)
pos, 0.338085635834678, left(srz8029721151)
pos, 0.09340274269541389, left(srz965949213553)
pos, 0.3711736182300026, left(srz99311017529)
pos, 0.7077438782664071, left(srz24618672013)
pos, 0.36040220265655376, left(srz27409597000)
pos, 0.7077438782664071, left(srz965661711951)
pos, 0.31607632861215096, left(srz193062145)
pos, 0.7077438782664071, left(srz24618671308)
pos, 0.43024999543214043, left(srz24618676981)
pos, 0.5169565646748872, left(srz24618679767)
pos, 0.3113054638003522, left(srz8029721727)
pos, 0.7077438782664071, left(srz965661716102)
pos, 0.40635621084154055, left(srz27409597829)
pos, 0.36040220265655376, left(srz965949211392)
pos, 0.33768125175482216, left(srz246186714435)
pos, 0.7077438782664071, left(srz24618676037)
pos, 0.40635621084154055, left(srz24618678878)
pos, 0.338085635834678, left(srz96566178175)
pos, 0.7077438782664071, left(srz2461867451)
pos, 0.31607632861215096, left(srz965661712773)
pos, 0.7077438782664071, left(srz24618676049)
pos, 0.7077438782664071, left(srz274095910631)
pos, 0.5854559097590201, left(srz965661715383)
pos, 0.31607632861215096, left(srz193067096)
pos, 0.43024999543214043, left(srz99311011008)
pos, 0.5854559097590201, left(srz193068164)
pos, 0.34855354714672426, left(srz24618679512)
pos, 0.36040220265655376, left(srz246186710129)
pos, 0.43024999543214043, left(srz2461867533)
pos, 0.43024999543214043, left(srz965661711135)
pos, 0.5006733409902656, left(srz965661715321)
pos, 0.40635621084154055, left(srz2461867522)
pos, 0.6928377924762232, left(srz96566179348)
pos, 0.33768125175482216, left(srz24618678825)
pos, 0.31607632861215096, left(srz44230447625)
pos, 0.40635621084154055, left(srz96566171900)
pos, 0.31607632861215096, left(srz2740959559)
pos, 0.17064270533827597, left(srz8029725284)
pos, 0.7077438782664071, left(srz8029726273)
pos, 0.3711736182300026, left(srz4423044755)
pos, 0.43024999543214043, left(srz246186712247)
pos, 0.7077438782664071, left(srz27409596000)
pos, 0.2195820944774772, left(srz99311011841)
pos, 0.40635621084154055, left(srz193068360)
pos, 0.43024999543214043, left(srz96594929852)
pos, 0.6928377924762232, left(srz1930611369)
pos, 0.43024999543214043, left(srz274095913278)
pos, 0.7077438782664071, left(srz44230446348)
pos, 0.3711736182300026, left(srz99311017336)
pos, 0.31607632861215096, left(srz96566171230)
pos, 0.7077438782664071, left(srz96566171815)
pos, 0.7077438782664071, left(srz96566179774)
pos, 0.31607632861215096, left(srz96594921550)
pos, 0.7077438782664071, left(srz27409592571)
pos, 0.23269372339757188, left(srz99311018907)
pos, 0.43024999543214043, left(srz96566171879)
pos, 0.43024999543214043, left(srz24618671949)
pos, 0.43024999543214043, left(srz24618677986)
pos, 0.5854559097590201, left(srz96566175496)
pos, 0.40635621084154055, left(srz274095916537)
pos, 0.31607632861215096, left(srz193062563)
pos, 0.5854559097590201, left(srz193067966)
pos, 0.43024999543214043, left(srz246186715632)
pos, 0.40635621084154055, left(srz96594928980)
pos, 0.7077438782664071, left(srz96566176477)
pos, 0.43024999543214043, left(srz2461867536)
pos, 0.09609493625297909, left(srz27409596626)
pos, 0.43024999543214043, left(srz2461867543)
pos, 0.0924723759409461, left(srz27409594654)
pos, 0.40635621084154055, left(srz96566174033)
pos, 0.3261986113799918, left(srz44248275416)
pos, 0.09609493625297909, left(srz27409596627)
pos, 0.36040220265655376, left(srz99311011922)
pos, 0.6928377924762232, left(srz246186712453)
pos, 0.7077438782664071, left(srz27409596008)
pos, 0.43024999543214043, left(srz96566173296)
pos, 0.7077438782664071, left(srz9656617475)
pos, 0.43024999543214043, left(srz27409595050)
pos, 0.6928377924762232, left(srz193064323)
pos, 0.3711736182300026, left(srz99311011300)
pos, 0.7077438782664071, left(srz2740959509)
pos, 0.7077438782664071, left(srz4423044593)
pos, 0.43024999543214043, left(srz274095916759)
pos, 0.338085635834678, left(srz96594925028)
pos, 0.43024999543214043, left(srz96594928119)
pos, 0.6928377924762232, left(srz193066665)
pos, 0.7077438782664071, left(srz96566174719)
pos, 0.7077438782664071, left(srz27409595987)
pos, 0.6928377924762232, left(srz193067282)
pos, 0.40635621084154055, left(srz24618676448)
pos, 0.10429965700047668, left(srz24618676957)
pos, 0.40635621084154055, left(srz24618678059)
pos, 0.33768125175482216, left(srz24618675486)
pos, 0.3711736182300026, left(srz965949212969)
pos, 0.10747792548879284, left(srz27409597583)
pos, 0.7077438782664071, left(srz193065672)
pos, 0.40635621084154055, left(srz27409597821)
pos, 0.5854559097590201, left(srz96594925817)
pos, 0.5854559097590201, left(srz193069218)
pos, 0.338085635834678, left(srz96566171090)
pos, 0.338085635834678, left(srz96594925023)
pos, 0.43024999543214043, left(srz44230446069)
pos, 0.21561915279098645, left(srz27409591385)
pos, 0.7077438782664071, left(srz24618679638)
pos, 0.31607632861215096, left(srz96566175101)
pos, 0.7077438782664071, left(srz193065664)
pos, 0.33768125175482216, left(srz96566172227)
pos, 0.33768125175482216, left(srz8029726931)
pos, 0.7077438782664071, left(srz96566171809)
pos, 0.40635621084154055, left(srz965949212527)
pos, 0.7077438782664071, left(srz246186714984)
pos, 0.7077438782664071, left(srz27409594140)
pos, 0.36040220265655376, left(srz9659492375)
pos, 0.31607632861215096, left(srz2461867649)
pos, 0.33768125175482216, left(srz193068734)
pos, 0.36040220265655376, left(srz246186712687)
pos, 0.3711736182300026, left(srz246186715855)
pos, 0.6370360364783444, left(srz24618676677)
pos, 0.43024999543214043, left(srz99311015095)
pos, 0.33768125175482216, left(srz802972381)
pos, 0.5169565646748872, left(srz24618679759)
pos, 0.43024999543214043, left(srz246186712320)
pos, 0.5854559097590201, left(srz96566177495)
pos, 0.6928377924762232, left(srz8029724682)
pos, 0.34855354714672426, left(srz802972125)
pos, 0.5379974749891667, left(srz965661711037)
pos, 0.31607632861215096, left(srz2461867653)
pos, 0.7077438782664071, left(srz246186715089)
pos, 0.7077438782664071, left(srz246186715063)
pos, 0.40635621084154055, left(srz2461867270)
pos, 0.33768125175482216, left(srz246186714472)
pos, 0.33768125175482216, left(srz246186714370)
pos, 0.5854559097590201, left(srz9656617510)
pos, 0.43024999543214043, left(srz24618678343)
pos, 0.7077438782664071, left(srz96566178383)
pos, 0.31607632861215096, left(srz96594928211)
pos, 0.43024999543214043, left(srz965661713603)
pos, 0.7077438782664071, left(srz96566178377)
pos, 0.43024999543214043, left(srz246186713473)
pos, 0.5854559097590201, left(srz965661712846)
pos, 0.33186072259198907, left(srz96594923709)
pos, 0.43024999543214043, left(srz24618674662)
pos, 0.10747792548879284, left(srz24618676193)
pos, 0.40635621084154055, left(srz965661710866)
pos, 0.338085635834678, left(srz99311014119)
pos, 0.7077438782664071, left(srz274095914285)
pos, 0.338085635834678, left(srz965661713156)
pos, 0.43024999543214043, left(srz27409591986)
pos, 0.338085635834678, left(srz246186710328)
pos, 0.11688192957054873, left(srz44230445637)
pos, 0.43024999543214043, left(srz27409595082)
pos, 0.40635621084154055, left(srz965949212522)
pos, 0.5854559097590201, left(srz274095917295)
pos, 0.5854559097590201, left(srz965661710706)
pos, 0.13062912489546, left(srz96594922704)
pos, 0.43024999543214043, left(srz24618674655)
pos, 0.6928377924762232, left(srz9656617893)
pos, 0.33768125175482216, left(srz99311016164)
pos, 0.33768125175482216, left(srz24618675497)
pos, 0.43024999543214043, left(srz96566173291)
pos, 0.43024999543214043, left(srz9931101156)
pos, 0.40635621084154055, left(srz1930610628)
pos, 0.43024999543214043, left(srz27409597659)
pos, 0.7077438782664071, left(srz96566179768)
pos, 0.5379974749891667, left(srz96594921525)
pos, 0.43024999543214043, left(srz24618674666)
pos, 0.5006733409902656, left(srz965661715446)
pos, 0.3331641946750168, left(srz99311013611)
pos, 0.6928377924762232, left(srz274095917275)
pos, 0.7077438782664071, left(srz27409591785)
pos, 0.7077438782664071, left(srz44248277001)
pos, 0.36040220265655376, left(srz246186710310)
pos, 0.40635621084154055, left(srz96594929054)
pos, 0.6370360364783444, left(srz246186711317)
pos, 0.7077438782664071, left(srz274095914294)
pos, 0.33768125175482216, left(srz99311014503)
pos, 0.09941796035347768, left(srz99311018384)
pos, 0.5854559097590201, left(srz8029725152)
pos, 0.3261986113799918, left(srz802972190)
pos, 0.43024999543214043, left(srz96594925903)
pos, 0.40635621084154055, left(srz2740959270)
pos, 0.7077438782664071, left(srz24618676995)
pos, 0.22014123864636012, left(srz8029721793)
pos, 0.7077438782664071, left(srz27409595960)
pos, 0.43024999543214043, left(srz27409596137)
pos, 0.0992611488082572, left(srz2461867857)
pos, 0.3113054638003522, left(srz24618673521)
pos, 0.40635621084154055, left(srz274095915145)
pos, 0.43024999543214043, left(srz27409595098)
pos, 0.5854559097590201, left(srz96566179802)
pos, 0.21531360176855996, left(srz24618672583)
pos, 0.22014123864636012, left(srz274095914327)
pos, 0.7077438782664071, left(srz24618676054)
pos, 0.33768125175482216, left(srz96566177383)
pos, 0.36040220265655376, left(srz27409592977)
pos, 0.43024999543214043, left(srz193061937)
pos, 0.5169565646748872, left(srz27409597449)
pos, 0.43024999543214043, left(srz24618677750)
pos, 0.7077438782664071, left(srz27409596161)
pos, 0.7077438782664071, left(srz193068497)
pos, 0.43024999543214043, left(srz27409596135)
pos, 0.33768125175482216, left(srz246186710140)
pos, 0.7077438782664071, left(srz99311012329)
pos, 0.13952275334673125, left(srz4423044132)
pos, 0.43024999543214043, left(srz96594929874)
pos, 0.40635621084154055, left(srz2461867254)
pos, 0.6928377924762232, left(srz27409598803)
pos, 0.43024999543214043, left(srz24618675354)
pos, 0.33768125175482216, left(srz24618674944)
pos, 0.43024999543214043, left(srz27409599945)
pos, 0.43024999543214043, left(srz96594928109)
pos, 0.7077438782664071, left(srz99311019229)
pos, 0.34855354714672426, left(srz24618679516)
pos, 0.6928377924762232, left(srz1930611373)
pos, 0.31607632861215096, left(srz96594922377)
pos, 0.33768125175482216, left(srz96566172228)
pos, 0.43024999543214043, left(srz27409596142)
pos, 0.43024999543214043, left(srz96594921617)
pos, 0.6928377924762232, left(srz27409598793)
pos, 0.17553375188817422, left(srz965661712953)
pos, 0.31607632861215096, left(srz8029721860)
pos, 0.43024999543214043, left(srz993110112287)
pos, 0.23269372339757188, left(srz246186712100)
pos, 0.40635621084154055, left(srz965949212312)
pos, 0.33768125175482216, left(srz965661713632)
pos, 0.33768125175482216, left(srz96594922613)
pos, 0.33768125175482216, left(srz2740959905)
pos, 0.5854559097590201, left(srz193063748)
pos, 0.5379974749891667, left(srz965661711414)
pos, 0.43024999543214043, left(srz27409596465)
pos, 0.31607632861215096, left(srz27409593161)
pos, 0.6370360364783444, left(srz246186712913)
pos, 0.7077438782664071, left(srz24618674407)
pos, 0.7077438782664071, left(srz24618672004)
pos, 0.338085635834678, left(srz965661713158)
pos, 0.7077438782664071, left(srz96594926096)
pos, 0.7077438782664071, left(srz965661716014)
pos, 0.10747792548879284, left(srz8029722528)
pos, 0.7077438782664071, left(srz24618677024)
pos, 0.43024999543214043, left(srz24618677138)
pos, 0.43024999543214043, left(srz27409594350)
pos, 0.40635621084154055, left(srz246186711181)
pos, 0.6928377924762232, left(srz80297210070)
pos, 0.43024999543214043, left(srz246186716827)
pos, 0.40635621084154055, left(srz24618678073)
pos, 0.7077438782664071, left(srz96566176627)
pos, 0.43024999543214043, left(srz27409597590)
pos, 0.40635621084154055, left(srz2740959233)
pos, 0.5169565646748872, left(srz274095915899)
pos, 0.31607632861215096, left(srz8029728357)
pos, 0.36040220265655376, left(srz27409597001)
pos, 0.40635621084154055, left(srz274095911696)
pos, 0.7077438782664071, left(srz24618677613)
pos, 0.40635621084154055, left(srz2740959275)
pos, 0.40635621084154055, left(srz965949212528)
pos, 0.33768125175482216, left(srz246186714089)
pos, 0.33768125175482216, left(srz44230447768)
pos, 0.3113054638003522, left(srz1930610862)
pos, 0.7077438782664071, left(srz965661712959)
pos, 0.5006733409902656, left(srz965661715327)
pos, 0.13062912489546, left(srz96594922710)
pos, 0.338085635834678, left(srz965661713163)
pos, 0.3331641946750168, left(srz99311013615)
pos, 0.3261986113799918, left(srz99311017348)
pos, 0.31607632861215096, left(srz96566178363)
pos, 0.31607632861215096, left(srz965661712821)
pos, 0.6928377924762232, left(srz1930610072)
pos, 0.7077438782664071, left(srz965661711402)
pos, 0.7077438782664071, left(srz24618672000)
pos, 0.7077438782664071, left(srz24618671335)
pos, 0.7077438782664071, left(srz96566177101)
pos, 0.34855354714672426, left(srz246186710393)
pos, 0.31607632861215096, left(srz96594922373)
pos, 0.47064800180582994, left(srz802972344)
pos, 0.08958030644887138, left(srz993110110565)
pos, 0.31607632861215096, left(srz27409593126)
pos, 0.13062912489546, left(srz44230445673)
pos, 0.43024999543214043, left(srz274095914073)
pos, 0.5379974749891667, left(srz965949210406)
pos, 0.43024999543214043, left(srz24618676200)
pos, 0.6928377924762232, left(srz96594924944)
pos, 0.5854559097590201, left(srz965661715029)
pos, 0.5854559097590201, left(srz96594925553)
pos, 0.7077438782664071, left(srz27409594158)
pos, 0.7077438782664071, left(srz24618672968)
pos, 0.33768125175482216, left(srz246186714478)
pos, 0.36040220265655376, left(srz27409592963)
pos, 0.3331641946750168, left(srz99311013619)
pos, 0.5854559097590201, left(srz44248271217)
pos, 0.5169565646748872, left(srz27409591826)
pos, 0.31607632861215096, left(srz193062568)
pos, 0.31607632861215096, left(srz993110110649)
pos, 0.7077438782664071, left(srz24618671342)
pos, 0.43024999543214043, left(srz24618679838)
pos, 0.43024999543214043, left(srz246186713956)
pos, 0.21561915279098645, left(srz27409591455)
pos, 0.40635621084154055, left(srz274095915343)
pos, 0.33768125175482216, left(srz193064159)
pos, 0.36040220265655376, left(srz24618673608)
pos, 0.43024999543214043, left(srz24618676980)
pos, 0.40635621084154055, left(srz2740959265)
pos, 0.43024999543214043, left(srz24618676437)
pos, 0.33768125175482216, left(srz274095913238)
pos, 0.7077438782664071, left(srz24618677607)
pos, 0.40635621084154055, left(srz99311013644)
pos, 0.34814322782325435, left(srz8029721263)
pos, 0.40635621084154055, left(srz246186711183)
pos, 0.33768125175482216, left(srz96566177013)
pos, 0.33186072259198907, left(srz96594923795)
pos, 0.33149281514983725, left(srz27409595474)
pos, 0.10429965700047668, left(srz246186716740)
pos, 0.09490985775752864, left(srz8029729462)
pos, 0.43024999543214043, left(srz274095910899)
pos, 0.40635621084154055, left(srz24618675339)
pos, 0.5006733409902656, left(srz193061132)
pos, 0.33768125175482216, left(srz44230447618)
pos, 0.43024999543214043, left(srz24618676983)
pos, 0.10429965700047668, left(srz246186713474)
pos, 0.40635621084154055, left(srz965949211134)
pos, 0.3113054638003522, left(srz193064754)
pos, 0.31607632861215096, left(srz99311017836)
pos, 0.7077438782664071, left(srz193068186)
pos, 0.47064800180582994, left(srz193064633)
pos, 0.40635621084154055, left(srz27409597824)
pos, 0.43024999543214043, left(srz96566174004)
pos, 0.5006733409902656, left(srz96566175)
pos, 0.36040220265655376, left(srz965949210262)
pos, 0.7077438782664071, left(srz24618678610)
pos, 0.40635621084154055, left(srz965661714566)
pos, 0.43024999543214043, left(srz965949214094)
pos, 0.40635621084154055, left(srz99311013647)
pos, 0.36040220265655376, left(srz246186710107)
pos, 0.7077438782664071, left(srz9659492181)
pos, 0.5854559097590201, left(srz8029725155)
pos, 0.2605058195600784, left(srz99311016989)
pos, 0.338085635834678, left(srz2740959471)
pos, 0.43024999543214043, left(srz27409597667)
pos, 0.5854559097590201, left(srz193069216)
pos, 0.36040220265655376, left(srz274095913280)
pos, 0.5379974749891667, left(srz193068511)
pos, 0.40635621084154055, left(srz99311014116)
pos, 0.40635621084154055, left(srz802972274)
pos, 0.7077438782664071, left(srz24618673636)
pos, 0.40635621084154055, left(srz27409591997)
pos, 0.43024999543214043, left(srz965949210374)
pos, 0.40635621084154055, left(srz27409597683)
pos, 0.10429965700047668, left(srz96566174682)
pos, 0.7077438782664071, left(srz24618679630)
pos, 0.34814322782325435, left(srz8029721271)
pos, 0.40635621084154055, left(srz96566177320)
pos, 0.08978074992954073, left(srz96566173)
pos, 0.6928377924762232, left(srz24618678593)
pos, 0.5006733409902656, left(srz44248272716)
pos, 0.40635621084154055, left(srz27409591989)
pos, 0.7077438782664071, left(srz24618672961)
pos, 0.43024999543214043, left(srz24618677753)
pos, 0.4525842432755376, left(srz274095910639)
pos, 0.33768125175482216, left(srz965949211412)
pos, 0.5854559097590201, left(srz96566172116)
pos, 0.5854559097590201, left(srz96594925826)
pos, 0.3261986113799918, left(srz44230445206)
pos, 0.31607632861215096, left(srz96566174473)
pos, 0.7077438782664071, left(srz96594926098)
pos, 0.7077438782664071, left(srz274095912488)
pos, 0.22014123864636012, left(srz2740959415)
pos, 0.7077438782664071, left(srz27409597434)
pos, 0.36040220265655376, left(srz246186710317)
pos, 0.40635621084154055, left(srz24618676908)
pos, 0.7077438782664071, left(srz193067970)
pos, 0.43024999543214043, left(srz27409592948)
pos, 0.4544511178758716, left(srz96594923850)
pos, 0.7077438782664071, left(srz24618672941)
pos, 0.7077438782664071, left(srz96566179767)
pos, 0.33768125175482216, left(srz246186717048)
pos, 0.31607632861215096, left(srz44230442868)
pos, 0.23784265859764414, left(srz96594925825)
pos, 0.23269372339757188, left(srz99311017320)
pos, 0.43024999543214043, left(srz99311014023)
pos, 0.43024999543214043, left(srz24618673105)
pos, 0.7077438782664071, left(srz96566177109)
pos, 0.11688192957054873, left(srz96594922717)
pos, 0.5854559097590201, left(srz24618674778)
pos, 0.6928377924762232, left(srz8029723264)
pos, 0.43024999543214043, left(srz27409592455)
pos, 0.43024999543214043, left(srz27409595060)
pos, 0.338085635834678, left(srz9659492682)
pos, 0.11688192957054873, left(srz44230446829)
pos, 0.5169565646748872, left(srz2461867863)
pos, 0.7077438782664071, left(srz2461867465)
pos, 0.5854559097590201, left(srz24618674771)
pos, 0.43024999543214043, left(srz246186714066)
pos, 0.7077438782664071, left(srz274095910627)
pos, 0.338085635834678, left(srz2740959477)
pos, 0.7077438782664071, left(srz24618679631)
pos, 0.5854559097590201, left(srz965661715102)
pos, 0.7077438782664071, left(srz965661711401)
pos, 0.34814322782325435, left(srz96566176383)
pos, 0.7077438782664071, left(srz246186716272)
pos, 0.40635621084154055, left(srz246186715172)
pos, 0.47064800180582994, left(srz802972346)
pos, 0.43024999543214043, left(srz27409591982)
pos, 0.31607632861215096, left(srz2740959908)
pos, 0.5379974749891667, left(srz96566177957)
pos, 0.15615905089635077, left(srz96566177515)
pos, 0.36040220265655376, left(srz246186710100)
pos, 0.7077438782664071, left(srz24618672927)
pos, 0.36040220265655376, left(srz246186712655)
pos, 0.6928377924762232, left(srz19306886)
pos, 0.7077438782664071, left(srz8029721830)
pos, 0.40635621084154055, left(srz27409592557)
pos, 0.338085635834678, left(srz96594925029)
pos, 0.43024999543214043, left(srz96594923629)
pos, 0.5854559097590201, left(srz246186716624)
pos, 0.5169565646748872, left(srz27409597650)
pos, 0.338085635834678, left(srz96594924707)
pos, 0.33149281514983725, left(srz27409595473)
pos, 0.31607632861215096, left(srz99311018385)
pos, 0.31607632861215096, left(srz96566171999)
pos, 0.40635621084154055, left(srz99311019144)
pos, 0.11688192957054873, left(srz44230445639)
pos, 0.33768125175482216, left(srz8029726923)
pos, 0.43024999543214043, left(srz96566179171)
pos, 0.33768125175482216, left(srz27409592264)
pos, 0.34855354714672426, left(srz274095914623)
pos, 0.7077438782664071, left(srz27409597019)
pos, 0.7077438782664071, left(srz99311013261)
pos, 0.5006733409902656, left(srz965661715119)
pos, 0.33768125175482216, left(srz27409599842)
pos, 0.34814322782325435, left(srz96594927803)
pos, 0.5379974749891667, left(srz193068196)
pos, 0.7077438782664071, left(srz96594924954)
pos, 0.7077438782664071, left(srz274095912037)
pos, 0.5854559097590201, left(srz96594925552)
pos, 0.43024999543214043, left(srz96566179093)
pos, 0.7077438782664071, left(srz99311019225)
pos, 0.31607632861215096, left(srz274095916614)
pos, 0.33768125175482216, left(srz24618678942)
pos, 0.40635621084154055, left(srz802972663)
pos, 0.43024999543214043, left(srz27409592141)
pos, 0.338085635834678, left(srz44230441388)
pos, 0.6370360364783444, left(srz27409598710)
pos, 0.7077438782664071, left(srz274095912054)
pos, 0.7077438782664071, left(srz96566179761)
pos, 0.338085635834678, left(srz96594928204)
pos, 0.7077438782664071, left(srz27409598810)
pos, 0.09168441105486956, left(srz99311014439)
pos, 0.33768125175482216, left(srz246186715353)
pos, 0.7077438782664071, left(srz27409595998)
pos, 0.7077438782664071, left(srz965661716098)
pos, 0.5854559097590201, left(srz99311014147)
pos, 0.15615905089635077, left(srz965661715398)
pos, 0.43024999543214043, left(srz24618673377)
pos, 0.2144317939556987, left(srz27409594457)
pos, 0.31607632861215096, left(srz246186717037)
pos, 0.43024999543214043, left(srz24618672253)
pos, 0.5169565646748872, left(srz27409597596)
pos, 0.40635621084154055, left(srz965949212531)
pos, 0.31607632861215096, left(srz274095912520)
pos, 0.40635621084154055, left(srz246186715635)
pos, 0.31607632861215096, left(srz96566171996)
pos, 0.5379974749891667, left(srz96594921529)
pos, 0.34855354714672426, left(srz96594924374)
pos, 0.40635621084154055, left(srz8029722205)
pos, 0.6928377924762232, left(srz1930611371)
pos, 0.47064800180582994, left(srz802972345)
pos, 0.31607632861215096, left(srz96566171995)
pos, 0.6928377924762232, left(srz9656617879)
pos, 0.10429965700047668, left(srz24618677742)
pos, 0.43024999543214043, left(srz27409597810)
pos, 0.5379974749891667, left(srz193068195)
pos, 0.7077438782664071, left(srz8029722387)
pos, 0.31607632861215096, left(srz99311015362)
pos, 0.6370360364783444, left(srz27409598704)
pos, 0.37416594167486705, left(srz96594925762)
pos, 0.40635621084154055, left(srz993110111013)
pos, 0.47064800180582994, left(srz193064632)
pos, 0.7077438782664071, left(srz246186710864)
pos, 0.21337041404072626, left(srz8029724689)
pos, 0.6928377924762232, left(srz246186715319)
pos, 0.7077438782664071, left(srz246186714986)
pos, 0.40718129894508587, left(srz9656617537)
pos, 0.40635621084154055, left(srz99311014441)
pos, 0.21561915279098645, left(srz27409593699)
pos, 0.22014123864636012, left(srz24618677978)
pos, 0.7077438782664071, left(srz27409591808)
pos, 0.31607632861215096, left(srz965661711060)
pos, 0.5854559097590201, left(srz246186716627)
pos, 0.31607632861215096, left(srz99311013289)
pos, 0.31607632861215096, left(srz27409593160)
pos, 0.33768125175482216, left(srz96566172225)
pos, 0.40635621084154055, left(srz965949211139)
pos, 0.7077438782664071, left(srz24618673609)
pos, 0.28887358464003626, left(srz99311015192)
pos, 0.13952275334673125, left(srz274095917076)
pos, 0.6928377924762232, left(srz274095915706)
pos, 0.31607632861215096, left(srz2461867651)
pos, 0.7077438782664071, left(srz965661715427)
pos, 0.40635621084154055, left(srz246186712257)
pos, 0.43024999543214043, left(srz274095914229)
pos, 0.7077438782664071, left(srz27409596154)
pos, 0.6928377924762232, left(srz193067287)
pos, 0.43024999543214043, left(srz24618676506)
pos, 0.7077438782664071, left(srz2740959521)
pos, 0.43024999543214043, left(srz246186713945)
pos, 0.31607632861215096, left(srz246186717033)
pos, 0.40635621084154055, left(srz24618676446)
pos, 0.7077438782664071, left(srz27409597447)
pos, 0.36040220265655376, left(srz246186710307)
pos, 0.33768125175482216, left(srz246186714247)
pos, 0.6928377924762232, left(srz246186712459)
pos, 0.7077438782664071, left(srz44248273578)
pos, 0.43024999543214043, left(srz27409592325)
pos, 0.7077438782664071, left(srz27409592970)
pos, 0.33768125175482216, left(srz246186713763)
pos, 0.40635621084154055, left(srz27409594364)
pos, 0.40635621084154055, left(srz2461867257)
pos, 0.09490985775752864, left(srz8029721149)
pos, 0.40635621084154055, left(srz2461867525)
pos, 0.31607632861215096, left(srz96566172002)
pos, 0.2013793350879112, left(srz9659492179)
pos, 0.43024999543214043, left(srz246186712801)
pos, 0.43024999543214043, left(srz993110112286)
pos, 0.6928377924762232, left(srz9656617900)
pos, 0.7077438782664071, left(srz965661715064)
pos, 0.40635621084154055, left(srz246186715169)
pos, 0.40635621084154055, left(srz965949213994)
pos, 0.7077438782664071, left(srz27409594145)
pos, 0.40635621084154055, left(srz193067365)
pos, 0.6928377924762232, left(srz96594924806)
pos, 0.33768125175482216, left(srz96594928035)
pos, 0.5854559097590201, left(srz965661715092)
pos, 0.33768125175482216, left(srz993110111024)
pos, 0.10429965700047668, left(srz24618671433)
pos, 0.7077438782664071, left(srz44230443426)
pos, 0.43024999543214043, left(srz99311017888)
pos, 0.43024999543214043, left(srz993110111908)
pos, 0.7077438782664071, left(srz9656617486)
pos, 0.7077438782664071, left(srz274095914274)
pos, 0.31607632861215096, left(srz96594921545)
pos, 0.7077438782664071, left(srz193063742)
pos, 0.34814322782325435, left(srz4424827264)
pos, 0.7077438782664071, left(srz24618676070)
pos, 0.36040220265655376, left(srz96566175536)
pos, 0.40635621084154055, left(srz1930610863)
pos, 0.5379974749891667, left(srz965949210545)
pos, 0.5169565646748872, left(srz4423044168)
pos, 0.6928377924762232, left(srz993110111596)
pos, 0.43024999543214043, left(srz274095913248)
pos, 0.33768125175482216, left(srz27409592405)
pos, 0.11688192957054873, left(srz44230445632)
pos, 0.40635621084154055, left(srz193065252)
pos, 0.6928377924762232, left(srz246186712936)
pos, 0.36040220265655376, left(srz274095917310)
pos, 0.31607632861215096, left(srz96594921547)
pos, 0.6928377924762232, left(srz274095917264)
pos, 0.36040220265655376, left(srz96594924650)
pos, 0.7077438782664071, left(srz44248272965)
pos, 0.43024999543214043, left(srz96594929858)
pos, 0.3711736182300026, left(srz965949213204)
pos, 0.7077438782664071, left(srz27409596007)
pos, 0.43024999543214043, left(srz9931101165)
pos, 0.7077438782664071, left(srz44248273576)
pos, 0.33768125175482216, left(srz193064151)
pos, 0.5854559097590201, left(srz193064284)
pos, 0.7077438782664071, left(srz246186715085)
pos, 0.21561915279098645, left(srz99311018918)
pos, 0.33768125175482216, left(srz27409595385)
pos, 0.7077438782664071, left(srz246186712966)
pos, 0.34855354714672426, left(srz246186710397)
pos, 0.5854559097590201, left(srz965949210538)
pos, 0.338085635834678, left(srz8029723092)
pos, 0.5854559097590201, left(srz965661715098)
pos, 0.40635621084154055, left(srz965661715122)
pos, 0.43024999543214043, left(srz27409594336)
pos, 0.33768125175482216, left(srz99311012519)
pos, 0.6370360364783444, left(srz27409598035)
pos, 0.7077438782664071, left(srz96594923396)
pos, 0.36040220265655376, left(srz24618673605)
pos, 0.40635621084154055, left(srz993110110577)
pos, 0.7077438782664071, left(srz246186713002)
pos, 0.31607632861215096, left(srz246186711353)
pos, 0.7077438782664071, left(srz24618671333)
pos, 0.43024999543214043, left(srz27409592140)
pos, 0.7077438782664071, left(srz24618677622)
pos, 0.7077438782664071, left(srz27409594141)
pos, 0.338085635834678, left(srz96594921738)
pos, 0.5854559097590201, left(srz8029723270)
pos, 0.7077438782664071, left(srz27409594152)
pos, 0.43024999543214043, left(srz27409596445)
pos, 0.43024999543214043, left(srz965661711133)
pos, 0.33768125175482216, left(srz246186714433)
pos, 0.7077438782664071, left(srz24618671365)
pos, 0.6928377924762232, left(srz246186712467)
pos, 0.43024999543214043, left(srz99311015711)
pos, 0.338085635834678, left(srz274095911007)
pos, 0.7077438782664071, left(srz24618679659)
pos, 0.33768125175482216, left(srz27409599733)
pos, 0.3711736182300026, left(srz193063385)
pos, 0.5169565646748872, left(srz2461867861)
pos, 0.14392251391921854, left(srz96566173166)
pos, 0.6370360364783444, left(srz246186712916)
pos, 0.40635621084154055, left(srz99311016326)
pos, 0.34855354714672426, left(srz96594927865)
pos, 0.10747792548879284, left(srz246186712315)
pos, 0.34855354714672426, left(srz193068814)
pos, 0.40635621084154055, left(srz96566174023)
pos, 0.23269372339757188, left(srz44230446792)
pos, 0.6928377924762232, left(srz274095917263)
pos, 0.338085635834678, left(srz99311014124)
pos, 0.33768125175482216, left(srz193061864)
pos, 0.7077438782664071, left(srz246186714972)
pos, 0.4544511178758716, left(srz96594923844)
pos, 0.33768125175482216, left(srz993110110125)
pos, 0.7077438782664071, left(srz27409592415)
pos, 0.33768125175482216, left(srz24618675143)
pos, 0.5854559097590201, left(srz96594925563)
pos, 0.40635621084154055, left(srz274095916608)
pos, 0.7077438782664071, left(srz193066529)
pos, 0.5854559097590201, left(srz96594926791)
pos, 0.09558720393374359, left(srz96594927383)
pos, 0.7077438782664071, left(srz24618674396)
pos, 0.6928377924762232, left(srz193067286)
pos, 0.43024999543214043, left(srz965661714838)
pos, 0.43024999543214043, left(srz193064162)
pos, 0.40635621084154055, left(srz2740959247)
pos, 0.31607632861215096, left(srz99311018005)
pos, 0.34855354714672426, left(srz965661712388)
pos, 0.33768125175482216, left(srz96566172222)
pos, 0.6370360364783444, left(srz246186711327)
pos, 0.13952275334673125, left(srz24618679098)
pos, 0.6928377924762232, left(srz193066667)
pos, 0.43024999543214043, left(srz274095910688)
pos, 0.7077438782664071, left(srz27409594136)
pos, 0.40635621084154055, left(srz27409598116)
pos, 0.43024999543214043, left(srz96566179179)
pos, 0.7077438782664071, left(srz27409594138)
pos, 0.43024999543214043, left(srz24618678677)
pos, 0.7077438782664071, left(srz24618677615)
pos, 0.43024999543214043, left(srz96566179089)
pos, 0.2522192920344088, left(srz193064761)
pos, 0.43024999543214043, left(srz274095910898)
pos, 0.40635621084154055, left(srz965661710860)
pos, 0.7077438782664071, left(srz274095914296)
pos, 0.5854559097590201, left(srz24618674773)
pos, 0.33768125175482216, left(srz24618674947)
pos, 0.3261986113799918, left(srz96594929710)
pos, 0.7077438782664071, left(srz246186714967)
pos, 0.40635621084154055, left(srz24618678872)
pos, 0.5006733409902656, left(srz965661715117)
pos, 0.43024999543214043, left(srz274095914237)
pos, 0.43024999543214043, left(srz27409597674)
pos, 0.7077438782664071, left(srz2461867469)
pos, 0.43024999543214043, left(srz27409592450)
pos, 0.7077438782664071, left(srz9656617487)
pos, 0.40635621084154055, left(srz24618678446)
pos, 0.40635621084154055, left(srz44248274870)
pos, 0.33768125175482216, left(srz246186714252)
pos, 0.7077438782664071, left(srz99311012327)
pos, 0.7077438782664071, left(srz274095912040)
pos, 0.7077438782664071, left(srz24618679627)
pos, 0.43024999543214043, left(srz96566172604)
pos, 0.6370360364783444, left(srz27409598709)
pos, 0.21561915279098645, left(srz24618674017)
pos, 0.5169565646748872, left(srz24618679764)
pos, 0.3113054638003522, left(srz965949214070)
pos, 0.31607632861215096, left(srz193062570)
pos, 0.5854559097590201, left(srz993110110906)
pos, 0.43024999543214043, left(srz27409592126)
pos, 0.338085635834678, left(srz965949214212)
pos, 0.31607632861215096, left(srz27409593129)
pos, 0.40635621084154055, left(srz246186712249)
pos, 0.34855354714672426, left(srz24618679490)
pos, 0.5379974749891667, left(srz246186715602)
pos, 0.43024999543214043, left(srz246186712372)
pos, 0.7077438782664071, left(srz2461867485)
pos, 0.5379974749891667, left(srz965661711038)
pos, 0.5006733409902656, left(srz965661715457)
pos, 0.338085635834678, left(srz965949210504)
pos, 0.40635621084154055, left(srz802972263)
pos, 0.6928377924762232, left(srz246186712931)
pos, 0.31607632861215096, left(srz965949212520)
pos, 0.5006733409902656, left(srz44230448430)
pos, 0.22014123864636012, left(srz2740959455)
pos, 0.40635621084154055, left(srz24618678058)
pos, 0.3261986113799918, left(srz965661713746)
pos, 0.31607632861215096, left(srz193062143)
pos, 0.7077438782664071, left(srz96594926108)
pos, 0.43024999543214043, left(srz193061934)
pos, 0.40635621084154055, left(srz24618678877)
pos, 0.7077438782664071, left(srz274095912498)
pos, 0.36040220265655376, left(srz246186712652)
pos, 0.7077438782664071, left(srz24618679655)
pos, 0.09224747701105376, left(srz44230445968)
pos, 0.338085635834678, left(srz274095910307)
pos, 0.338085635834678, left(srz2740959468)
pos, 0.31607632861215096, left(srz96566171232)
pos, 0.33768125175482216, left(srz802972397)
pos, 0.23269372339757188, left(srz246186712082)
pos, 0.5169565646748872, left(srz274095913125)
pos, 0.5854559097590201, left(srz96566179792)
pos, 0.5379974749891667, left(srz9659492212)
pos, 0.40635621084154055, left(srz193068362)
pos, 0.12280640097404143, left(srz1930610154)
pos, 0.31607632861215096, left(srz96566171224)
pos, 0.7077438782664071, left(srz193066526)
pos, 0.31607632861215096, left(srz246186713841)
pos, 0.40635621084154055, left(srz802972265)
pos, 0.3711736182300026, left(srz24618679059)
pos, 0.43024999543214043, left(srz96566173283)
pos, 0.31607632861215096, left(srz96566174469)
pos, 0.40635621084154055, left(srz24618673519)
pos, 0.7077438782664071, left(srz96566177113)
pos, 0.3261986113799918, left(srz193068810)
pos, 0.43024999543214043, left(srz193062867)
pos, 0.40635621084154055, left(srz802972271)
pos, 0.43024999543214043, left(srz24618676989)
pos, 0.33768125175482216, left(srz27409599871)
pos, 0.43024999543214043, left(srz24618676201)
pos, 0.7077438782664071, left(srz44230444439)
pos, 0.7077438782664071, left(srz8029726274)
pos, 0.6928377924762232, left(srz965949210240)
pos, 0.43024999543214043, left(srz96566171876)
pos, 0.7077438782664071, left(srz27409593019)
pos, 0.43024999543214043, left(srz2461867364)
pos, 0.31607632861215096, left(srz246186716879)
pos, 0.7077438782664071, left(srz193068193)
pos, 0.40635621084154055, left(srz246186710007)
pos, 0.3113054638003522, left(srz24618673525)
pos, 0.5379974749891667, left(srz274095914477)
pos, 0.43024999543214043, left(srz246186715162)
pos, 0.7077438782664071, left(srz24618677026)
pos, 0.31607632861215096, left(srz96566174478)
pos, 0.338085635834678, left(srz99311015812)
pos, 0.7077438782664071, left(srz96566179764)
pos, 0.6928377924762232, left(srz24618676691)
pos, 0.43024999543214043, left(srz993110125)
pos, 0.43024999543214043, left(srz96594922556)
pos, 0.43024999543214043, left(srz96594921610)
pos, 0.6928377924762232, left(srz44248274577)
pos, 0.7077438782664071, left(srz274095910635)
pos, 0.5379974749891667, left(srz246186714993)
pos, 0.33768125175482216, left(srz246186716866)
pos, 0.7077438782664071, left(srz24618677616)
pos, 0.7077438782664071, left(srz96566175095)
pos, 0.31607632861215096, left(srz965661711236)
pos, 0.7077438782664071, left(srz9656617531)
pos, 0.33768125175482216, left(srz193068736)
pos, 0.7077438782664071, left(srz9659492172)
pos, 0.5854559097590201, left(srz965661715053)
pos, 0.6788760557584537, left(srz246186711284)
pos, 0.21561915279098645, left(srz96566172756)
pos, 0.6928377924762232, left(srz246186715337)
pos, 0.6928377924762232, left(srz1930611376)
pos, 0.34855354714672426, left(srz96566176406)
pos, 0.7077438782664071, left(srz246186713390)
pos, 0.36040220265655376, left(srz274095913282)
pos, 0.338085635834678, left(srz246186715645)
pos, 0.31607632861215096, left(srz2461867659)
pos, 0.33768125175482216, left(srz96594922617)
pos, 0.6928377924762232, left(srz44248274569)
pos, 0.40635621084154055, left(srz274095915337)
pos, 0.31607632861215096, left(srz246186713842)
pos, 0.2161421357982058, left(srz8029724613)
pos, 0.43024999543214043, left(srz193069811)
pos, 0.31607632861215096, left(srz99311019163)
pos, 0.33768125175482216, left(srz246186714375)
pos, 0.2013793350879112, left(srz44230447314)
pos, 0.31607632861215096, left(srz965949212519)
pos, 0.31607632861215096, left(srz96566173213)
pos, 0.7077438782664071, left(srz24618672928)
pos, 0.7077438782664071, left(srz96566171261)
pos, 0.7077438782664071, left(srz274095910607)
pos, 0.338085635834678, left(srz8029729887)
pos, 0.37416594167486705, left(srz96594921752)
pos, 0.5169565646748872, left(srz96594924608)
pos, 0.09609493625297909, left(srz246186710379)
pos, 0.40635621084154055, left(srz44230444657)
pos, 0.7077438782664071, left(srz96594926803)
pos, 0.7077438782664071, left(srz274095914273)
pos, 0.40635621084154055, left(srz246186713479)
pos, 0.33768125175482216, left(srz27409599884)
pos, 0.43024999543214043, left(srz44248272802)
pos, 0.33768125175482216, left(srz246186713756)
pos, 0.43024999543214043, left(srz96566173990)
pos, 0.43024999543214043, left(srz27409597676)
pos, 0.43024999543214043, left(srz27409592501)
pos, 0.6928377924762232, left(srz246186712934)
pos, 0.6370360364783444, left(srz24618679100)
pos, 0.7077438782664071, left(srz27409596164)
pos, 0.5854559097590201, left(srz96566179793)
pos, 0.5854559097590201, left(srz27409595426)
pos, 0.7077438782664071, left(srz246186710839)
pos, 0.7077438782664071, left(srz24618672937)
pos, 0.6928377924762232, left(srz27409596860)
pos, 0.22014123864636012, left(srz24618671783)
pos, 0.7077438782664071, left(srz8029722270)
pos, 0.34855354714672426, left(srz246186710384)
pos, 0.7077438782664071, left(srz27409596150)
pos, 0.3711736182300026, left(srz99311017324)
pos, 0.31607632861215096, left(srz965949212373)
pos, 0.43024999543214043, left(srz2461867549)
pos, 0.7077438782664071, left(srz96594926107)
pos, 0.5379974749891667, left(srz96594928265)
pos, 0.6928377924762232, left(srz24618676689)
pos, 0.7077438782664071, left(srz27409592564)
pos, 0.6928377924762232, left(srz27409596862)
pos, 0.40635621084154055, left(srz246186710006)
pos, 0.43024999543214043, left(srz27409592463)
pos, 0.6928377924762232, left(srz4424827195)
pos, 0.36040220265655376, left(srz96566171086)
pos, 0.40635621084154055, left(srz246186713481)
pos, 0.338085635834678, left(srz246186715648)
pos, 0.36040220265655376, left(srz24618673603)
pos, 0.5379974749891667, left(srz965661711410)
pos, 0.7077438782664071, left(srz8029721821)
pos, 0.5379974749891667, left(srz96566179357)
pos, 0.43024999543214043, left(srz99311013542)
pos, 0.43024999543214043, left(srz96566179556)
pos, 0.43024999543214043, left(srz246186712800)
pos, 0.43024999543214043, left(srz96594923635)
pos, 0.43024999543214043, left(srz274095910904)
pos, 0.40635621084154055, left(srz96594925033)
pos, 0.40635621084154055, left(srz965949213995)
pos, 0.31607632861215096, left(srz44230443139)
pos, 0.31607632861215096, left(srz96566174484)
pos, 0.6928377924762232, left(srz8029723412)
pos, 0.5854559097590201, left(srz246186716637)
pos, 0.5379974749891667, left(srz96566178397)
pos, 0.22014123864636012, left(srz2740959416)
pos, 0.43024999543214043, left(srz24618673373)
pos, 0.7077438782664071, left(srz96594924811)
pos, 0.5854559097590201, left(srz193063744)
pos, 0.7077438782664071, left(srz274095914272)
pos, 0.40635621084154055, left(srz965949212529)
pos, 0.31607632861215096, left(srz27409593121)
pos, 0.5854559097590201, left(srz965661712954)
pos, 0.31607632861215096, left(srz965661711231)
pos, 0.31607632861215096, left(srz9656617569)
pos, 0.43024999543214043, left(srz99311014373)
pos, 0.40635621084154055, left(srz9659492707)
pos, 0.33768125175482216, left(srz9656617926)
pos, 0.43024999543214043, left(srz193069827)
pos, 0.5379974749891667, left(srz965661715406)
pos, 0.5854559097590201, left(srz96594925544)
pos, 0.33768125175482216, left(srz246186713837)
pos, 0.338085635834678, left(srz193066305)
pos, 0.23269372339757188, left(srz24618679610)
pos, 0.43024999543214043, left(srz27409592846)
pos, 0.36040220265655376, left(srz24618673599)
pos, 0.7077438782664071, left(srz965661711027)
pos, 0.338085635834678, left(srz274095911009)
pos, 0.7077438782664071, left(srz44248272962)
pos, 0.7077438782664071, left(srz24618676043)
pos, 0.2013793350879112, left(srz246186711282)
pos, 0.17553375188817422, left(srz96594924798)
pos, 0.5379974749891667, left(srz274095914483)
pos, 0.5854559097590201, left(srz274095917284)
pos, 0.6928377924762232, left(srz96566178590)
pos, 0.7077438782664071, left(srz274095911371)
pos, 0.5379974749891667, left(srz965949210252)
pos, 0.7077438782664071, left(srz24618672924)
pos, 0.43024999543214043, left(srz246186711034)
pos, 0.4525842432755376, left(srz274095917309)
pos, 0.6788760557584537, left(srz99311014358)
pos, 0.6928377924762232, left(srz9659492188)
pos, 0.11688192957054873, left(srz44230445633)
pos, 0.6928377924762232, left(srz24618678572)
pos, 0.6928377924762232, left(srz24618678564)
pos, 0.23269372339757188, left(srz44230446777)
pos, 0.7077438782664071, left(srz99311013256)
pos, 0.2144317939556987, left(srz27409594470)
pos, 0.7077438782664071, left(srz24618674403)
pos, 0.6928377924762232, left(srz44230443570)
pos, 0.34814322782325435, left(srz8029721264)
pos, 0.7077438782664071, left(srz8029722384)
pos, 0.6370360364783444, left(srz246186715784)
pos, 0.7077438782664071, left(srz8029729501)
pos, 0.7077438782664071, left(srz27409596016)
pos, 0.3113054638003522, left(srz99311018328)
pos, 0.6928377924762232, left(srz24618678580)
pos, 0.5169565646748872, left(srz99311013554)
pos, 0.40635621084154055, left(srz24618678864)
pos, 0.3711736182300026, left(srz99311017727)
pos, 0.43024999543214043, left(srz274095910691)
pos, 0.43024999543214043, left(srz246186716812)
pos, 0.33768125175482216, left(srz965661713639)
pos, 0.5854559097590201, left(srz965661715442)
pos, 0.5379974749891667, left(srz965949211736)
pos, 0.7077438782664071, left(srz96566175084)
pos, 0.7077438782664071, left(srz246186715080)
pos, 0.6928377924762232, left(srz96594924942)
pos, 0.33768125175482216, left(srz246186716676)
pos, 0.5169565646748872, left(srz274095915349)
pos, 0.7077438782664071, left(srz274095912024)
pos, 0.09363016764644838, left(srz96566175307)
pos, 0.7077438782664071, left(srz24618672982)
pos, 0.43024999543214043, left(srz27409595095)
pos, 0.40635621084154055, left(srz2461867272)
pos, 0.7077438782664071, left(srz274095914266)
pos, 0.12239018499212168, left(srz246186713941)
pos, 0.338085635834678, left(srz96594925021)
pos, 0.36040220265655376, left(srz8029726605)
pos, 0.7077438782664071, left(srz96566179778)
pos, 0.6928377924762232, left(srz8029723262)
pos, 0.5169565646748872, left(srz965949213940)
pos, 0.31607632861215096, left(srz24618678827)
pos, 0.40635621084154055, left(srz8029724055)
pos, 0.43024999543214043, left(srz24618673367)
pos, 0.40635621084154055, left(srz1930611150)
pos, 0.40635621084154055, left(srz193064462)
pos, 0.5169565646748872, left(srz96566174730)
pos, 0.43024999543214043, left(srz193062869)
pos, 0.43024999543214043, left(srz24618672252)
pos, 0.7077438782664071, left(srz27409596158)
pos, 0.36040220265655376, left(srz2461867488)
pos, 0.31607632861215096, left(srz96566171989)
pos, 0.6928377924762232, left(srz99311012804)
pos, 0.09762134993398691, left(srz274095915827)
pos, 0.31607632861215096, left(srz96566179561)
pos, 0.43024999543214043, left(srz274095916762)
pos, 0.7077438782664071, left(srz193068187)
pos, 0.7077438782664071, left(srz274095910618)
pos, 0.43024999543214043, left(srz965661715343)
pos, 0.23269372339757188, left(srz246186712091)
pos, 0.3711736182300026, left(srz99311017325)
pos, 0.33768125175482216, left(srz246186714431)
pos, 0.13062912489546, left(srz44230445681)
pos, 0.40635621084154055, left(srz24618676530)
pos, 0.40635621084154055, left(srz96594928978)
pos, 0.31607632861215096, left(srz96566171984)
pos, 0.7077438782664071, left(srz80297210464)
pos, 0.31607632861215096, left(srz44230447622)
pos, 0.40635621084154055, left(srz27409592947)
pos, 0.23269372339757188, left(srz274095915928)
pos, 0.6928377924762232, left(srz19306880)
pos, 0.09656552271795196, left(srz24618675192)
pos, 0.40635621084154055, left(srz27409598115)
pos, 0.40635621084154055, left(srz44248274504)
pos, 0.23269372339757188, left(srz27409591028)
pos, 0.31607632861215096, left(srz96594923216)
pos, 0.5854559097590201, left(srz193067956)
pos, 0.43024999543214043, left(srz96594929856)
pos, 0.33768125175482216, left(srz27409599860)
pos, 0.5854559097590201, left(srz965661712842)
pos, 0.43024999543214043, left(srz27409598524)
pos, 0.7077438782664071, left(srz24618677611)
pos, 0.7077438782664071, left(srz4423044602)
pos, 0.7077438782664071, left(srz27409592577)
pos, 0.33768125175482216, left(srz274095915471)
pos, 0.5854559097590201, left(srz99311019692)
pos, 0.7077438782664071, left(srz24618672975)
pos, 0.33768125175482216, left(srz96566172146)
pos, 0.3711736182300026, left(srz24618675611)
pos, 0.2195820944774772, left(srz99311011636)
pos, 0.7077438782664071, left(srz96594923039)
pos, 0.3261986113799918, left(srz965661714093)
pos, 0.43024999543214043, left(srz965949214089)
pos, 0.6928377924762232, left(srz44248277192)
pos, 0.40635621084154055, left(srz24618678447)
pos, 0.23269372339757188, left(srz274095915912)
pos, 0.5169565646748872, left(srz274095915265)
pos, 0.40635621084154055, left(srz96594928979)
pos, 0.33768125175482216, left(srz96594923784)
pos, 0.7077438782664071, left(srz193065667)
pos, 0.5169565646748872, left(srz274095913124)
pos, 0.31607632861215096, left(srz96566179659)
pos, 0.5854559097590201, left(srz96594925827)
pos, 0.10271147823357023, left(srz802972379)
pos, 0.31607632861215096, left(srz274095912632)
pos, 0.5854559097590201, left(srz24618674787)
pos, 0.5169565646748872, left(srz246186716674)
pos, 0.33768125175482216, left(srz246186717049)
pos, 0.43024999543214043, left(srz24618676982)
pos, 0.5854559097590201, left(srz246186716633)
pos, 0.7077438782664071, left(srz96594923389)
pos, 0.43024999543214043, left(srz8029721813)
pos, 0.3711736182300026, left(srz274095913467)
pos, 0.33768125175482216, left(srz96594923782)
pos, 0.43024999543214043, left(srz274095910900)
pos, 0.7077438782664071, left(srz96566175098)
pos, 0.31607632861215096, left(srz44230443145)
pos, 0.5379974749891667, left(srz246186715606)
pos, 0.40635621084154055, left(srz44248274505)
pos, 0.09363016764644838, left(srz246186716988)
pos, 0.10747792548879284, left(srz27409597584)
pos, 0.40635621084154055, left(srz96594925993)
pos, 0.36040220265655376, left(srz274095915832)
pos, 0.43024999543214043, left(srz24618678938)
pos, 0.11688192957054873, left(srz44230445644)
pos, 0.36040220265655376, left(srz8029726610)
pos, 0.23269372339757188, left(srz27409591024)
pos, 0.40635621084154055, left(srz27409596485)
pos, 0.31607632861215096, left(srz246186717042)
pos, 0.7077438782664071, left(srz274095913965)
pos, 0.6928377924762232, left(srz246186712929)
pos, 0.43024999543214043, left(srz993110112285)
pos, 0.338085635834678, left(srz8029723091)
pos, 0.7077438782664071, left(srz27409595945)
pos, 0.338085635834678, left(srz246186715647)
pos, 0.31607632861215096, left(srz96566179566)
pos, 0.7077438782664071, left(srz96566174708)
pos, 0.31607632861215096, left(srz96566174470)
pos, 0.43024999543214043, left(srz246186715054)
pos, 0.33768125175482216, left(srz27409599874)
pos, 0.5169565646748872, left(srz246186716675)
pos, 0.5379974749891667, left(srz9656617534)
pos, 0.40635621084154055, left(srz24618678066)
pos, 0.5379974749891667, left(srz96566177951)
pos, 0.33768125175482216, left(srz27409598753)
pos, 0.5379974749891667, left(srz96566178342)
pos, 0.31607632861215096, left(srz274095917169)
pos, 0.09168441105486956, left(srz965661712691)
pos, 0.34855354714672426, left(srz24618679484)
pos, 0.33768125175482216, left(srz24618671955)
pos, 0.43024999543214043, left(srz27409598106)
pos, 0.6928377924762232, left(srz96566178586)
pos, 0.19538767168349747, left(srz96566171282)
pos, 0.17822437035391722, left(srz44248272961)
pos, 0.31607632861215096, left(srz965661711063)
pos, 0.338085635834678, left(srz193066654)
pos, 0.40635621084154055, left(srz24618673498)
pos, 0.7077438782664071, left(srz96566176629)
pos, 0.33186072259198907, left(srz96566175355)
pos, 0.09608915723563012, left(srz965949213936)
pos, 0.33768125175482216, left(srz246186710135)
pos, 0.43024999543214043, left(srz27409597595)
pos, 0.3113054638003522, left(srz96566175309)
pos, 0.338085635834678, left(srz99311015808)
pos, 0.7077438782664071, left(srz96594924447)
pos, 0.6370360364783444, left(srz96594924933)
pos, 0.43024999543214043, left(srz274095912738)
pos, 0.2144317939556987, left(srz27409599854)
pos, 0.40635621084154055, left(srz27409594361)
pos, 0.7077438782664071, left(srz2461867450)
pos, 0.43024999543214043, left(srz24618677767)
pos, 0.338085635834678, left(srz96566171091)
pos, 0.43024999543214043, left(srz27409594472)
pos, 0.43024999543214043, left(srz246186715053)
pos, 0.43024999543214043, left(srz2461867558)
pos, 0.7077438782664071, left(srz24618671304)
pos, 0.6928377924762232, left(srz993110111586)
pos, 0.43024999543214043, left(srz27409598502)
pos, 0.40635621084154055, left(srz274095915339)
pos, 0.5379974749891667, left(srz965949210409)
pos, 0.34855354714672426, left(srz274095914620)
pos, 0.33768125175482216, left(srz246186717055)
pos, 0.40635621084154055, left(srz802972264)
pos, 0.31607632861215096, left(srz2740959907)
pos, 0.43024999543214043, left(srz96566179554)
pos, 0.7077438782664071, left(srz96566176474)
pos, 0.36040220265655376, left(srz24618673600)
pos, 0.7077438782664071, left(srz24618676024)
pos, 0.31607632861215096, left(srz44230443142)
pos, 0.31607632861215096, left(srz99311015198)
pos, 0.7077438782664071, left(srz96594924961)
pos, 0.43024999543214043, left(srz24618672162)
pos, 0.7077438782664071, left(srz2461867447)
pos, 0.31607632861215096, left(srz993110110650)
pos, 0.7077438782664071, left(srz965661716015)
pos, 0.33768125175482216, left(srz99311011837)
pos, 0.33768125175482216, left(srz246186714367)
pos, 0.5854559097590201, left(srz24618674776)
pos, 0.43024999543214043, left(srz24618675447)
pos, 0.43024999543214043, left(srz274095915272)
pos, 0.7077438782664071, left(srz27409591806)
pos, 0.7077438782664071, left(srz96566177103)
pos, 0.13952275334673125, left(srz8029729826)
pos, 0.34855354714672426, left(srz96566176390)
pos, 0.33768125175482216, left(srz96566175742)
pos, 0.5854559097590201, left(srz96566172120)
pos, 0.7077438782664071, left(srz246186710843)
pos, 0.36040220265655376, left(srz2740959463)
pos, 0.3261986113799918, left(srz193068812)
pos, 0.7077438782664071, left(srz2740959510)
pos, 0.43024999543214043, left(srz246186711036)
pos, 0.31607632861215096, left(srz24618675196)
pos, 0.6928377924762232, left(srz44248274571)
pos, 0.7077438782664071, left(srz8029729502)
pos, 0.43024999543214043, left(srz27409598092)
pos, 0.43024999543214043, left(srz274095913276)
pos, 0.31607632861215096, left(srz2740959678)
pos, 0.33768125175482216, left(srz96566173196)
pos, 0.33768125175482216, left(srz193068355)
pos, 0.43024999543214043, left(srz96594923631)
pos, 0.36040220265655376, left(srz193066674)
pos, 0.2522192920344088, left(srz96594923777)
pos, 0.43024999543214043, left(srz96566179486)
pos, 0.36040220265655376, left(srz246186710098)
pos, 0.5379974749891667, left(srz246186714988)
pos, 0.5006733409902656, left(srz44230448433)
pos, 0.7077438782664071, left(srz193064281)
pos, 0.7077438782664071, left(srz24618671347)
pos, 0.5379974749891667, left(srz96566178398)
pos, 0.5854559097590201, left(srz96594925561)
pos, 0.43024999543214043, left(srz24618675443)
pos, 0.43024999543214043, left(srz193062860)
pos, 0.43024999543214043, left(srz96566173988)
pos, 0.21531360176855996, left(srz965949213391)
pos, 0.40635621084154055, left(srz274095916376)
pos, 0.33768125175482216, left(srz96566172221)
pos, 0.40635621084154055, left(srz24618673137)
pos, 0.7077438782664071, left(srz24618677002)
pos, 0.22014123864636012, left(srz993110124)
pos, 0.43024999543214043, left(srz193069823)
pos, 0.43024999543214043, left(srz2740959449)
pos, 0.6928377924762232, left(srz246186715321)
pos, 0.5854559097590201, left(srz96594925818)
pos, 0.36040220265655376, left(srz2740959456)
pos, 0.43024999543214043, left(srz965949210375)
pos, 0.43024999543214043, left(srz24618673099)
pos, 0.31607632861215096, left(srz802972507)
pos, 0.23784265859764414, left(srz44230441939)
pos, 0.31607632861215096, left(srz44230447348)
pos, 0.36040220265655376, left(srz246186710110)
pos, 0.40635621084154055, left(srz965949211138)
pos, 0.23269372339757188, left(srz274095915924)
pos, 0.7077438782664071, left(srz193067975)
pos, 0.40635621084154055, left(srz993110110567)
pos, 0.5006733409902656, left(srz96594928974)
pos, 0.3113054638003522, left(srz1930610861)
pos, 0.43024999543214043, left(srz246186712241)
pos, 0.7077438782664071, left(srz27409595963)
pos, 0.43024999543214043, left(srz96566179223)
pos, 0.2521930902644402, left(srz24618675132)
pos, 0.43024999543214043, left(srz96594925901)
pos, 0.7077438782664071, left(srz99311019231)
pos, 0.6928377924762232, left(srz274095915711)
pos, 0.31607632861215096, left(srz9659492116)
pos, 0.7077438782664071, left(srz246186713388)
pos, 0.43024999543214043, left(srz27409597594)
pos, 0.7077438782664071, left(srz24618676074)
pos, 0.3113054638003522, left(srz24618673523)
pos, 0.338085635834678, left(srz246186715641)
pos, 0.7077438782664071, left(srz24618671364)
pos, 0.40635621084154055, left(srz44230444383)
pos, 0.5854559097590201, left(srz24618674767)
pos, 0.7077438782664071, left(srz193068507)
pos, 0.40635621084154055, left(srz1930610627)
pos, 0.3113054638003522, left(srz99311012628)
pos, 0.40635621084154055, left(srz24618677778)
pos, 0.7077438782664071, left(srz2740959511)
pos, 0.31607632861215096, left(srz8029728356)
pos, 0.34814322782325435, left(srz99311018507)
pos, 0.33768125175482216, left(srz44230447347)
pos, 0.43024999543214043, left(srz96594925905)
pos, 0.43024999543214043, left(srz27409594320)
pos, 0.43024999543214043, left(srz96566179086)
pos, 0.7077438782664071, left(srz965661715436)
pos, 0.7077438782664071, left(srz24618679614)
pos, 0.7077438782664071, left(srz24618679619)
pos, 0.10747792548879284, left(srz274095913234)
pos, 0.7077438782664071, left(srz8029722394)
pos, 0.6928377924762232, left(srz44248271475)
pos, 0.6928377924762232, left(srz193068581)
pos, 0.7077438782664071, left(srz27409592574)
pos, 0.6928377924762232, left(srz96594924809)
pos, 0.7077438782664071, left(srz274095912484)
pos, 0.40635621084154055, left(srz2740959253)
pos, 0.5379974749891667, left(srz96594924983)
pos, 0.7077438782664071, left(srz99311019095)
pos, 0.34855354714672426, left(srz96566176389)
pos, 0.7077438782664071, left(srz96566175086)
pos, 0.43024999543214043, left(srz27409594329)
pos, 0.6928377924762232, left(srz99311014133)
pos, 0.34855354714672426, left(srz96594927859)
pos, 0.34814322782325435, left(srz1930611619)
pos, 0.43024999543214043, left(srz965949214090)
pos, 0.7077438782664071, left(srz24618676022)
pos, 0.40635621084154055, left(srz96594929055)
pos, 0.5169565646748872, left(srz27409598501)
pos, 0.09609493625297909, left(srz246186714139)
pos, 0.34855354714672426, left(srz96594927385)
pos, 0.34855354714672426, left(srz246186710425)
pos, 0.31607632861215096, left(srz96594928215)
pos, 0.7077438782664071, left(srz246186713371)
pos, 0.3113054638003522, left(srz193064626)
pos, 0.2161421357982058, left(srz193061179)
pos, 0.5006733409902656, left(srz965661715108)
pos, 0.43024999543214043, left(srz27409594315)
pos, 0.6928377924762232, left(srz193067288)
pos, 0.5379974749891667, left(srz96594925828)
pos, 0.43024999543214043, left(srz27409594312)
pos, 0.34855354714672426, left(srz246186710388)
pos, 0.21531360176855996, left(srz24618672603)
pos, 0.5854559097590201, left(srz965949211733)
pos, 0.5169565646748872, left(srz193061134)
pos, 0.36040220265655376, left(srz965661710979)
pos, 0.33768125175482216, left(srz1930610735)
pos, 0.7077438782664071, left(srz24618677018)
pos, 0.7077438782664071, left(srz24618679656)
pos, 0.5006733409902656, left(srz965661712)
pos, 0.5854559097590201, left(srz96566179796)
pos, 0.3113054638003522, left(srz24618676968)
pos, 0.6928377924762232, left(srz27409598043)
pos, 0.7077438782664071, left(srz27409595982)
pos, 0.36040220265655376, left(srz99311011934)
pos, 0.5379974749891667, left(srz965949210024)
pos, 0.7077438782664071, left(srz80297210482)
pos, 0.6928377924762232, left(srz99311015852)
pos, 0.7077438782664071, left(srz24618677025)
pos, 0.09762134993398691, left(srz246186712683)
pos, 0.6928377924762232, left(srz44248271470)
pos, 0.6928377924762232, left(srz8029727219)
pos, 0.5854559097590201, left(srz193063745)
pos, 0.5169565646748872, left(srz246186716672)
pos, 0.2522192920344088, left(srz96594928509)
pos, 0.31607632861215096, left(srz2740959561)
pos, 0.6370360364783444, left(srz246186712443)
pos, 0.7077438782664071, left(srz24618672938)
pos, 0.7077438782664071, left(srz4423044604)
pos, 0.3261986113799918, left(srz96594927911)
pos, 0.3711736182300026, left(srz24618677247)
pos, 0.43024999543214043, left(srz27409597544)
pos, 0.43024999543214043, left(srz27409597661)
pos, 0.33768125175482216, left(srz24618675502)
pos, 0.40635621084154055, left(srz96594928040)
pos, 0.7077438782664071, left(srz24618671987)
pos, 0.3261986113799918, left(srz96594925131)
pos, 0.7077438782664071, left(srz44230446347)
pos, 0.7077438782664071, left(srz27409592992)
pos, 0.4525842432755376, left(srz965949210410)
pos, 0.7077438782664071, left(srz27409596006)
pos, 0.10205775805938307, left(srz24618679605)
pos, 0.33768125175482216, left(srz96594924624)
pos, 0.21531360176855996, left(srz24618672592)
pos, 0.7077438782664071, left(srz24618679642)
pos, 0.33768125175482216, left(srz246186714092)
pos, 0.7077438782664071, left(srz274095910625)
pos, 0.09340274269541389, left(srz96566171979)
pos, 0.40635621084154055, left(srz9659492704)
pos, 0.43024999543214043, left(srz274095914242)
pos, 0.43024999543214043, left(srz193061705)
pos, 0.40635621084154055, left(srz274095914252)
pos, 0.7077438782664071, left(srz8029726272)
pos, 0.7077438782664071, left(srz27409592982)
pos, 0.0992611488082572, left(srz96594927479)
pos, 0.33768125175482216, left(srz993110110119)
pos, 0.3261986113799918, left(srz44230445215)
pos, 0.7077438782664071, left(srz193068178)
pos, 0.7077438782664071, left(srz193066538)
pos, 0.6928377924762232, left(srz99311014144)
pos, 0.5854559097590201, left(srz27409595430)
pos, 0.33768125175482216, left(srz96566172717)
pos, 0.7077438782664071, left(srz27409597028)
pos, 0.7077438782664071, left(srz9656617495)
pos, 0.43024999543214043, left(srz24618673127)
pos, 0.6928377924762232, left(srz193064316)
pos, 0.43024999543214043, left(srz24618673115)
pos, 0.5379974749891667, left(srz96594923)
pos, 0.21561915279098645, left(srz24618672918)
pos, 0.5169565646748872, left(srz246186712363)
pos, 0.22014123864636012, left(srz24618677984)
pos, 0.40635621084154055, left(srz96566177323)
pos, 0.43024999543214043, left(srz193068357)
pos, 0.7077438782664071, left(srz8029726281)
pos, 0.7077438782664071, left(srz274095911373)
pos, 0.43024999543214043, left(srz96566173301)
pos, 0.31607632861215096, left(srz99311018203)
pos, 0.5379974749891667, left(srz44230443421)
pos, 0.5379974749891667, left(srz274095917307)
pos, 0.5854559097590201, left(srz96566171266)
pos, 0.33768125175482216, left(srz8029723289)
pos, 0.33768125175482216, left(srz96594926809)
pos, 0.43024999543214043, left(srz24618677872)
pos, 0.7077438782664071, left(srz27409591780)
pos, 0.5854559097590201, left(srz96594926787)
pos, 0.43024999543214043, left(srz274095915404)
pos, 0.43024999543214043, left(srz965661715342)
pos, 0.7077438782664071, left(srz246186714981)
pos, 0.09941796035347768, left(srz193065412)
pos, 0.21531360176855996, left(srz24618672577)
pos, 0.43024999543214043, left(srz99311018272)
pos, 0.43024999543214043, left(srz274095910684)
pos, 0.3711736182300026, left(srz99311017331)
pos, 0.7077438782664071, left(srz24618677020)
pos, 0.23269372339757188, left(srz27409591027)
pos, 0.7077438782664071, left(srz274095913971)
pos, 0.33768125175482216, left(srz96566171289)
pos, 0.33768125175482216, left(srz246186714250)
pos, 0.338085635834678, left(srz9659492684)
pos, 0.40635621084154055, left(srz993110111910)
pos, 0.36040220265655376, left(srz965949214204)
pos, 0.43024999543214043, left(srz8029728198)
pos, 0.43024999543214043, left(srz99311014261)
pos, 0.5854559097590201, left(srz96566179811)
pos, 0.31607632861215096, left(srz965661712768)
pos, 0.43024999543214043, left(srz99311015091)
pos, 0.6928377924762232, left(srz193064313)
pos, 0.6928377924762232, left(srz8029725146)
pos, 0.7077438782664071, left(srz24618672014)
pos, 0.5854559097590201, left(srz96566177498)
pos, 0.7077438782664071, left(srz96566179782)
pos, 0.7077438782664071, left(srz96566178390)
pos, 0.7077438782664071, left(srz246186710827)
pos, 0.5379974749891667, left(srz965661711413)
pos, 0.13952275334673125, left(srz96594928871)
pos, 0.33768125175482216, left(srz19306894)
pos, 0.31607632861215096, left(srz965661712770)
pos, 0.36040220265655376, left(srz99311017903)
pos, 0.33186072259198907, left(srz96594923794)
pos, 0.10429965700047668, left(srz27409592845)
pos, 0.3711736182300026, left(srz96594927384)
pos, 0.6928377924762232, left(srz193068577)
pos, 0.33768125175482216, left(srz993110110124)
pos, 0.43024999543214043, left(srz965661711149)
pos, 0.5854559097590201, left(srz96566173168)
pos, 0.7077438782664071, left(srz2461867472)
pos, 0.7077438782664071, left(srz27409595993)
pos, 0.43024999543214043, left(srz193061927)
pos, 0.43024999543214043, left(srz27409598114)
pos, 0.7077438782664071, left(srz27409592572)
pos, 0.43024999543214043, left(srz96594923636)
pos, 0.43024999543214043, left(srz9931101166)
pos, 0.7077438782664071, left(srz24618671992)
pos, 0.43024999543214043, left(srz246186715167)
pos, 0.6928377924762232, left(srz44248271474)
pos, 0.43024999543214043, left(srz2461867545)
pos, 0.33768125175482216, left(srz965661711004)
pos, 0.7077438782664071, left(srz24618677034)
pos, 0.43024999543214043, left(srz246186712245)
pos, 0.7077438782664071, left(srz993110112090)
pos, 0.43024999543214043, left(srz274095913249)
pos, 0.43024999543214043, left(srz193069808)
pos, 0.7077438782664071, left(srz9656617476)
pos, 0.5169565646748872, left(srz246186712322)
pos, 0.43024999543214043, left(srz99311014376)
pos, 0.3261986113799918, left(srz274095916291)
pos, 0.6928377924762232, left(srz9659492193)
pos, 0.5379974749891667, left(srz1930611573)
pos, 0.6928377924762232, left(srz96566179347)
pos, 0.10747792548879284, left(srz274095913463)
pos, 0.40635621084154055, left(srz24618679847)
pos, 0.31607632861215096, left(srz993110111017)
pos, 0.7077438782664071, left(srz24618673641)
pos, 0.09340274269541389, left(srz24618678038)
pos, 0.31607632861215096, left(srz96566173212)
pos, 0.40635621084154055, left(srz27409597678)
pos, 0.31607632861215096, left(srz96594922375)
pos, 0.33768125175482216, left(srz246186714321)
pos, 0.43024999543214043, left(srz2461867552)
pos, 0.43024999543214043, left(srz27409598506)
pos, 0.6788760557584537, left(srz965949213304)
pos, 0.21561915279098645, left(srz24618674020)
pos, 0.7077438782664071, left(srz246186715064)
pos, 0.7077438782664071, left(srz24618671315)
pos, 0.40635621084154055, left(srz246186715429)
pos, 0.5169565646748872, left(srz2461867864)
pos, 0.33768125175482216, left(srz27409599729)
pos, 0.13062912489546, left(srz96594922705)
pos, 0.40635621084154055, left(srz2740959239)
pos, 0.11688192957054873, left(srz965949213389)
pos, 0.7077438782664071, left(srz246186715076)
pos, 0.6928377924762232, left(srz99311014130)
pos, 0.7077438782664071, left(srz965661711955)
pos, 0.5379974749891667, left(srz80297210944)
pos, 0.5169565646748872, left(srz246186712794)
pos, 0.31607632861215096, left(srz24618671446)
pos, 0.31607632861215096, left(srz96566173207)
pos, 0.43024999543214043, left(srz24618677994)
pos, 0.31607632861215096, left(srz8029723972)
pos, 0.7077438782664071, left(srz27409597031)
pos, 0.5854559097590201, left(srz27409595421)
pos, 0.33768125175482216, left(srz27409595389)
pos, 0.3261986113799918, left(srz274095916301)
pos, 0.40635621084154055, left(srz24618677770)
pos, 0.40635621084154055, left(srz27409592872)
pos, 0.40635621084154055, left(srz96594928042)
pos, 0.43024999543214043, left(srz27409592954)
pos, 0.21531360176855996, left(srz24618672605)
pos, 0.6928377924762232, left(srz99311012316)
pos, 0.40635621084154055, left(srz99311014267)
pos, 0.43024999543214043, left(srz27409597549)
pos, 0.5169565646748872, left(srz24618678613)
pos, 0.10747792548879284, left(srz44248272800)
pos, 0.43024999543214043, left(srz27409595107)
pos, 0.5379974749891667, left(srz96594928028)
pos, 0.43024999543214043, left(srz24618671867)
pos, 0.3113054638003522, left(srz193065248)
pos, 0.40635621084154055, left(srz274095912786)
pos, 0.43024999543214043, left(srz99311014253)
pos, 0.7077438782664071, left(srz274095910622)
pos, 0.7077438782664071, left(srz965661715060)
pos, 0.5379974749891667, left(srz96566175521)
pos, 0.37416594167486705, left(srz96566175526)
pos, 0.3261986113799918, left(srz965949213559)
pos, 0.43024999543214043, left(srz246186713948)
pos, 0.43024999543214043, left(srz27409595047)
pos, 0.43024999543214043, left(srz2461867371)
pos, 0.09762134993398691, left(srz274095915828)
pos, 0.33768125175482216, left(srz24618674945)
pos, 0.23784265859764414, left(srz44230445147)
pos, 0.7077438782664071, left(srz274095912034)
pos, 0.3113054638003522, left(srz96566179653)
pos, 0.7077438782664071, left(srz24618672950)
pos, 0.6928377924762232, left(srz96566179339)
pos, 0.5169565646748872, left(srz965949213937)
pos, 0.09236658937799515, left(srz193068804)
pos, 0.40635621084154055, left(srz24618678445)
pos, 0.40635621084154055, left(srz193061175)
pos, 0.34855354714672426, left(srz99311016994)
pos, 0.6928377924762232, left(srz99311019212)
pos, 0.3711736182300026, left(srz965949213205)
pos, 0.31607632861215096, left(srz965661710210)
pos, 0.6928377924762232, left(srz9659492191)
pos, 0.7077438782664071, left(srz274095913960)
pos, 0.43024999543214043, left(srz24618677744)
pos, 0.31607632861215096, left(srz99311011632)
pos, 0.5854559097590201, left(srz1930611414)
pos, 0.5006733409902656, left(srz965661715105)
pos, 0.7077438782664071, left(srz27409593007)
pos, 0.31607632861215096, left(srz246186716882)
pos, 0.7077438782664071, left(srz24618673629)
pos, 0.7077438782664071, left(srz96594921490)
pos, 0.6928377924762232, left(srz44248277193)
pos, 0.31607632861215096, left(srz965661713422)
pos, 0.5854559097590201, left(srz246186716628)
pos, 0.7077438782664071, left(srz246186714978)
pos, 0.43024999543214043, left(srz24618676534)
pos, 0.5169565646748872, left(srz965661715319)
pos, 0.31607632861215096, left(srz274095912630)
pos, 0.34855354714672426, left(srz246186710385)
pos, 0.31607632861215096, left(srz9659492114)
pos, 0.7077438782664071, left(srz274095914465)
pos, 0.33768125175482216, left(srz193063076)
pos, 0.31607632861215096, left(srz27409596783)
pos, 0.7077438782664071, left(srz8029722381)
pos, 0.43024999543214043, left(srz27409598571)
pos, 0.338085635834678, left(srz96594925026)
pos, 0.43024999543214043, left(srz24618678363)
pos, 0.43024999543214043, left(srz96594928890)
pos, 0.7077438782664071, left(srz274095914297)
pos, 0.33768125175482216, left(srz24618676545)
pos, 0.5006733409902656, left(srz24618677237)
pos, 0.31607632861215096, left(srz96566177981)
pos, 0.43024999543214043, left(srz274095912782)
pos, 0.43024999543214043, left(srz27409596141)
pos, 0.40635621084154055, left(srz44230446031)
pos, 0.43024999543214043, left(srz274095916824)
pos, 0.6928377924762232, left(srz193068576)
pos, 0.5854559097590201, left(srz965661712839)
pos, 0.31607632861215096, left(srz24618679964)
pos, 0.5854559097590201, left(srz965661710699)
pos, 0.43024999543214043, left(srz96594925907)
pos, 0.3711736182300026, left(srz193063384)
pos, 0.33768125175482216, left(srz27409598723)
pos, 0.7077438782664071, left(srz246186713370)
pos, 0.31607632861215096, left(srz802972426)
pos, 0.7077438782664071, left(srz965661710693)
pos, 0.3261986113799918, left(srz965949213564)
pos, 0.7077438782664071, left(srz246186713385)
pos, 0.5379974749891667, left(srz274095911878)
pos, 0.43024999543214043, left(srz24618678673)
pos, 0.2522192920344088, left(srz965661714911)
pos, 0.36040220265655376, left(srz96566171066)
pos, 0.5854559097590201, left(srz96566179814)
pos, 0.7077438782664071, left(srz24618671318)
pos, 0.43024999543214043, left(srz993110111905)
pos, 0.7077438782664071, left(srz96594928317)
pos, 0.6928377924762232, left(srz246186712472)
pos, 0.33768125175482216, left(srz193064154)
pos, 0.33768125175482216, left(srz44248276891)
pos, 0.338085635834678, left(srz96566178174)
pos, 0.7077438782664071, left(srz274095912502)
pos, 0.43024999543214043, left(srz24618674588)
pos, 0.43024999543214043, left(srz27409595249)
pos, 0.6928377924762232, left(srz99311015851)
pos, 0.5006733409902656, left(srz246186713942)
pos, 0.11688192957054873, left(srz44230445646)
pos, 0.43024999543214043, left(srz2461867535)
pos, 0.28887358464003626, left(srz193065242)
pos, 0.40718129894508587, left(srz96594925573)
pos, 0.7077438782664071, left(srz246186713005)
pos, 0.5854559097590201, left(srz193068167)
pos, 0.43024999543214043, left(srz246186712809)
pos, 0.2161421357982058, left(srz8029724611)
pos, 0.40635621084154055, left(srz274095916381)
pos, 0.338085635834678, left(srz96594925024)
pos, 0.40635621084154055, left(srz2461867243)
pos, 0.43024999543214043, left(srz24618677756)
pos, 0.6928377924762232, left(srz80297210073)
pos, 0.43024999543214043, left(srz2461867557)
pos, 0.22014123864636012, left(srz24618674643)
pos, 0.7077438782664071, left(srz27409597442)
pos, 0.31607632861215096, left(srz24618671372)
pos, 0.7077438782664071, left(srz274095912503)
pos, 0.7077438782664071, left(srz246186714954)
pos, 0.6928377924762232, left(srz246186715331)
pos, 0.40635621084154055, left(srz24618678863)
pos, 0.5854559097590201, left(srz965661716025)
pos, 0.40635621084154055, left(srz96566171899)
pos, 0.5854559097590201, left(srz193066543)
pos, 0.7077438782664071, left(srz96566176634)
pos, 0.43024999543214043, left(srz993110112293)
pos, 0.7077438782664071, left(srz24618672955)
pos, 0.5169565646748872, left(srz246186714504)
pos, 0.6928377924762232, left(srz99311012799)
pos, 0.7077438782664071, left(srz24618677605)
pos, 0.43024999543214043, left(srz24618674656)
pos, 0.7077438782664071, left(srz24618677007)
pos, 0.7077438782664071, left(srz193068506)
pos, 0.31607632861215096, left(srz965661710209)
pos, 0.33768125175482216, left(srz96594922321)
pos, 0.5854559097590201, left(srz274095917287)
pos, 0.7077438782664071, left(srz274095914269)
pos, 0.13815290302824862, left(srz96594926797)
pos, 0.40635621084154055, left(srz99311014118)
pos, 0.5169565646748872, left(srz274095915346)
pos, 0.40635621084154055, left(srz27409594360)
pos, 0.34814322782325435, left(srz8029721266)
pos, 0.43024999543214043, left(srz193068356)
pos, 0.10747792548879284, left(srz44248274868)
pos, 0.43024999543214043, left(srz8029724607)
pos, 0.2522192920344088, left(srz96594923773)
pos, 0.5854559097590201, left(srz965661715400)
pos, 0.7077438782664071, left(srz2461867464)
pos, 0.31607632861215096, left(srz96566175100)
pos, 0.7077438782664071, left(srz99311019228)
pos, 0.36040220265655376, left(srz96566171067)
pos, 0.31607632861215096, left(srz2740959677)
pos, 0.33768125175482216, left(srz99311013981)
pos, 0.43024999543214043, left(srz27409595108)
pos, 0.43024999543214043, left(srz96594921619)
pos, 0.10429965700047668, left(srz27409599719)
pos, 0.43024999543214043, left(srz27409592449)
pos, 0.3711736182300026, left(srz24618679062)
pos, 0.43024999543214043, left(srz274095910907)
pos, 0.1569926385905161, left(srz24618673905)
pos, 0.338085635834678, left(srz2740959490)
pos, 0.338085635834678, left(srz96566176917)
pos, 0.3711736182300026, left(srz274095913470)
pos, 0.7077438782664071, left(srz8029721834)
pos, 0.43024999543214043, left(srz965949214088)
pos, 0.31607632861215096, left(srz274095915475)
pos, 0.7077438782664071, left(srz24618676053)
pos, 0.7077438782664071, left(srz24618679616)
pos, 0.5169565646748872, left(srz24618674822)
pos, 0.43024999543214043, left(srz965661711139)
pos, 0.33768125175482216, left(srz8029726930)
pos, 0.21531360176855996, left(srz24618672575)
pos, 0.7077438782664071, left(srz24618671340)
pos, 0.338085635834678, left(srz96594923743)
pos, 0.36040220265655376, left(srz965949214206)
pos, 0.43024999543214043, left(srz24618677150)
pos, 0.31607632861215096, left(srz99311018201)
pos, 0.7077438782664071, left(srz24618672020)
pos, 0.7077438782664071, left(srz24618672034)
pos, 0.2013793350879112, left(srz96566176907)
pos, 0.10747792548879284, left(srz96566172590)
pos, 0.40635621084154055, left(srz24618678448)
pos, 0.7077438782664071, left(srz99311013253)
pos, 0.40635621084154055, left(srz27409597851)
pos, 0.3261986113799918, left(srz99311017603)
pos, 0.33768125175482216, left(srz246186714437)
pos, 0.7077438782664071, left(srz44248276997)
pos, 0.7077438782664071, left(srz96594923038)
pos, 0.7077438782664071, left(srz24618672935)
pos, 0.7077438782664071, left(srz24618673634)
pos, 0.31607632861215096, left(srz24618671451)
pos, 0.33768125175482216, left(srz246186714434)
pos, 0.7077438782664071, left(srz246186712962)
pos, 0.15325208041650784, left(srz96594925520)
pos, 0.7077438782664071, left(srz44230442845)
pos, 0.3261986113799918, left(srz96594927801)
pos, 0.31607632861215096, left(srz2740959563)
pos, 0.43024999543214043, left(srz96594922558)
pos, 0.40635621084154055, left(srz8029722209)
pos, 0.31607632861215096, left(srz96594923740)
pos, 0.3711736182300026, left(srz96566176386)
pos, 0.40635621084154055, left(srz24618676256)
pos, 0.40635621084154055, left(srz965661714561)
pos, 0.31607632861215096, left(srz99311018004)
pos, 0.23269372339757188, left(srz246186712085)
pos, 0.2144317939556987, left(srz99311015086)
pos, 0.40635621084154055, left(srz44248272832)
pos, 0.43024999543214043, left(srz246186712376)
pos, 0.34855354714672426, left(srz246186710405)
pos, 0.3113054638003522, left(srz193064755)
pos, 0.6928377924762232, left(srz96566172110)
pos, 0.3261986113799918, left(srz44230445216)
pos, 0.7077438782664071, left(srz193065673)
pos, 0.34855354714672426, left(srz802972124)
pos, 0.33768125175482216, left(srz965661713234)
pos, 0.36040220265655376, left(srz96566171072)
pos, 0.5854559097590201, left(srz193066927)
pos, 0.40635621084154055, left(srz27409597830)
pos, 0.33768125175482216, left(srz193064533)
pos, 0.40635621084154055, left(srz993110110575)
pos, 0.7077438782664071, left(srz2740959514)
pos, 0.5169565646748872, left(srz27409591016)
pos, 0.33768125175482216, left(srz274095914069)
pos, 0.7077438782664071, left(srz965661715418)
pos, 0.43024999543214043, left(srz965661711137)
pos, 0.5379974749891667, left(srz96566177513)
pos, 0.7077438782664071, left(srz24618672964)
pos, 0.43024999543214043, left(srz193061941)
pos, 0.5169565646748872, left(srz24618677038)
pos, 0.10747792548879284, left(srz246186710303)
pos, 0.31607632861215096, left(srz96566173210)
pos, 0.5854559097590201, left(srz8029723266)
pos, 0.10404929125716667, left(srz1930611618)
pos, 0.23269372339757188, left(srz9931101612)
pos, 0.7077438782664071, left(srz274095913968)
pos, 0.7077438782664071, left(srz965661715434)
pos, 0.36040220265655376, left(srz24618673607)
pos, 0.7077438782664071, left(srz96566176468)
pos, 0.33768125175482216, left(srz965661713630)
pos, 0.31607632861215096, left(srz99311018205)
pos, 0.7077438782664071, left(srz193068174)
pos, 0.338085635834678, left(srz96594928201)
pos, 0.40635621084154055, left(srz193068358)
pos, 0.23269372339757188, left(srz246186712087)
pos, 0.43024999543214043, left(srz27409592129)
pos, 0.47064800180582994, left(srz193064630)
pos, 0.4525842432755376, left(srz96594924)
pos, 0.21561915279098645, left(srz27409591450)
pos, 0.31607632861215096, left(srz993110158)
pos, 0.31607632861215096, left(srz2740959685)
pos, 0.7077438782664071, left(srz27409596015)
pos, 0.5854559097590201, left(srz193068166)
pos, 0.7077438782664071, left(srz246186710856)
pos, 0.40635621084154055, left(srz2461867271)
pos, 0.5379974749891667, left(srz246186710154)
pos, 0.7077438782664071, left(srz24618674409)
pos, 0.31607632861215096, left(srz96594926810)
pos, 0.43024999543214043, left(srz965661715340)
pos, 0.40635621084154055, left(srz24618678870)
pos, 0.3261986113799918, left(srz965661782)
pos, 0.7077438782664071, left(srz27409593011)
pos, 0.43024999543214043, left(srz27409594343)
pos, 0.09129785735141506, left(srz193062142)
pos, 0.3113054638003522, left(srz24618676685)
pos, 0.5854559097590201, left(srz96594925548)
pos, 0.5169565646748872, left(srz246186714505)
pos, 0.31607632861215096, left(srz965661711061)
pos, 0.7077438782664071, left(srz24618671986)
pos, 0.6928377924762232, left(srz27409598784)
pos, 0.43024999543214043, left(srz96566171886)
pos, 0.7077438782664071, left(srz274095913966)
pos, 0.7077438782664071, left(srz24618671991)
pos, 0.40635621084154055, left(srz993110110568)
pos, 0.33768125175482216, left(srz27409592401)
pos, 0.19323985915953887, left(srz2461867225)
pos, 0.7077438782664071, left(srz96566178382)
pos, 0.43024999543214043, left(srz27409595246)
pos, 0.23269372339757188, left(srz274095915922)
pos, 0.7077438782664071, left(srz274095911382)
pos, 0.6928377924762232, left(srz99311012805)
pos, 0.21561915279098645, left(srz27409593703)
pos, 0.6928377924762232, left(srz96566179340)
pos, 0.21531360176855996, left(srz44248275442)
pos, 0.43024999543214043, left(srz27409592952)
pos, 0.7077438782664071, left(srz246186716664)
pos, 0.7077438782664071, left(srz965661711952)
pos, 0.40635621084154055, left(srz2461867260)
pos, 0.31607632861215096, left(srz274095916622)
pos, 0.43024999543214043, left(srz99311015087)
pos, 0.31607632861215096, left(srz96566179564)
pos, 0.36040220265655376, left(srz8029728176)
pos, 0.7077438782664071, left(srz27409596152)
pos, 0.43024999543214043, left(srz96566179181)
pos, 0.34855354714672426, left(srz24618679501)
pos, 0.5854559097590201, left(srz96594923365)
pos, 0.338085635834678, left(srz965661713155)
pos, 0.5169565646748872, left(srz24618678281)
pos, 0.40635621084154055, left(srz44230444382)
pos, 0.40635621084154055, left(srz965949211141)
pos, 0.40635621084154055, left(srz24618678045)
pos, 0.22014123864636012, left(srz44248278315)
pos, 0.43024999543214043, left(srz96594928120)
pos, 0.6928377924762232, left(srz1930610069)
pos, 0.43024999543214043, left(srz27409598098)
pos, 0.28887358464003626, left(srz99311015595)
pos, 0.43024999543214043, left(srz274095910644)
pos, 0.31607632861215096, left(srz246186711350)
pos, 0.10747792548879284, left(srz96594925894)
pos, 0.23269372339757188, left(srz96566172753)
pos, 0.7077438782664071, left(srz96566175083)
pos, 0.40635621084154055, left(srz44248276098)
pos, 0.7077438782664071, left(srz96594921515)
pos, 0.21561915279098645, left(srz24618671289)
pos, 0.7077438782664071, left(srz96566171284)
pos, 0.7077438782664071, left(srz44230447316)
pos, 0.33768125175482216, left(srz96566177468)
pos, 0.43024999543214043, left(srz274095912752)
pos, 0.33768125175482216, left(srz802972388)
pos, 0.23269372339757188, left(srz44230446791)
pos, 0.5169565646748872, left(srz965661715318)
pos, 0.7077438782664071, left(srz24618671371)
pos, 0.7077438782664071, left(srz24618671313)
pos, 0.5006733409902656, left(srz965661715449)
pos, 0.21531360176855996, left(srz99311018900)
pos, 0.33768125175482216, left(srz27409599846)
pos, 0.43024999543214043, left(srz24618677768)
pos, 0.7077438782664071, left(srz24618671314)
pos, 0.43024999543214043, left(srz96566173298)
pos, 0.09490985775752864, left(srz193066300)
pos, 0.7077438782664071, left(srz9656617519)
pos, 0.40635621084154055, left(srz193068363)
pos, 0.43024999543214043, left(srz96594928104)
pos, 0.19274757238389273, left(srz8029725140)
pos, 0.7077438782664071, left(srz96594926100)
pos, 0.31607632861215096, left(srz2461867647)
pos, 0.7077438782664071, left(srz2461867475)
pos, 0.21561915279098645, left(srz24618671292)
pos, 0.34855354714672426, left(srz246186710398)
pos, 0.7077438782664071, left(srz96594924813)
pos, 0.338085635834678, left(srz8029729891)
pos, 0.33768125175482216, left(srz96566172220)
pos, 0.338085635834678, left(srz965661713161)
pos, 0.6928377924762232, left(srz24618676696)
pos, 0.43024999543214043, left(srz99311015714)
pos, 0.09609493625297909, left(srz246186711163)
pos, 0.7077438782664071, left(srz8029722393)
pos, 0.5169565646748872, left(srz8029722395)
pos, 0.5379974749891667, left(srz96566172142)
pos, 0.31607632861215096, left(srz274095912625)
pos, 0.3261986113799918, left(srz274095916298)
pos, 0.34855354714672426, left(srz24618679491)
pos, 0.10747792548879284, left(srz27409592446)
pos, 0.40635621084154055, left(srz965949214011)
pos, 0.7077438782664071, left(srz965661716016)
pos, 0.5169565646748872, left(srz27409591830)
pos, 0.338085635834678, left(srz2740959482)
pos, 0.5854559097590201, left(srz246186716641)
pos, 0.40635621084154055, left(srz24618678053)
pos, 0.31607632861215096, left(srz8029725288)
pos, 0.2144317939556987, left(srz96594923623)
pos, 0.5169565646748872, left(srz24618679765)
pos, 0.31607632861215096, left(srz27409593159)
pos, 0.3113054638003522, left(srz8029722202)
pos, 0.31607632861215096, left(srz96594926813)
pos, 0.43024999543214043, left(srz96566179170)
pos, 0.6928377924762232, left(srz193068578)
pos, 0.34855354714672426, left(srz246186710422)
pos, 0.7077438782664071, left(srz80297210481)
pos, 0.5379974749891667, left(srz80297210611)
pos, 0.33768125175482216, left(srz965661713238)
pos, 0.338085635834678, left(srz274095911003)
pos, 0.5379974749891667, left(srz9656617919)
pos, 0.40635621084154055, left(srz27409597826)
pos, 0.7077438782664071, left(srz96566179785)
pos, 0.7077438782664071, left(srz9656617533)
pos, 0.31607632861215096, left(srz96566175456)
pos, 0.7077438782664071, left(srz9656617518)
pos, 0.43024999543214043, left(srz8029728003)
pos, 0.7077438782664071, left(srz24618677634)
pos, 0.7077438782664071, left(srz24618679615)
pos, 0.23269372339757188, left(srz274095915909)
pos, 0.7077438782664071, left(srz965661715068)
pos, 0.7077438782664071, left(srz246186710825)
pos, 0.5854559097590201, left(srz965661711972)
pos, 0.43024999543214043, left(srz96566172596)
pos, 0.13815290302824862, left(srz96594926798)
pos, 0.7077438782664071, left(srz24618673799)
pos, 0.7077438782664071, left(srz24618674415)
pos, 0.7077438782664071, left(srz27409597422)
pos, 0.7077438782664071, left(srz27409595986)
pos, 0.43024999543214043, left(srz2461867282)
pos, 0.43024999543214043, left(srz27409597664)
pos, 0.33768125175482216, left(srz193067107)
pos, 0.6928377924762232, left(srz24618678606)
pos, 0.31607632861215096, left(srz2740959689)
pos, 0.31607632861215096, left(srz96594921688)
pos, 0.6370360364783444, left(srz246186712445)
pos, 0.3261986113799918, left(srz965949213555)
pos, 0.7077438782664071, left(srz27409596167)
pos, 0.5854559097590201, left(srz8029729928)
pos, 0.7077438782664071, left(srz24618679663)
pos, 0.6928377924762232, left(srz9659492195)
pos, 0.2521930902644402, left(srz246186711312)
pos, 0.33768125175482216, left(srz965661713239)
pos, 0.31607632861215096, left(srz246186716873)
pos, 0.43024999543214043, left(srz24618672187)
pos, 0.43024999543214043, left(srz2461867530)
pos, 0.40635621084154055, left(srz246186715170)
pos, 0.40635621084154055, left(srz27409591990)
pos, 0.5006733409902656, left(srz965661715325)
pos, 0.43024999543214043, left(srz274095915403)
pos, 0.5379974749891667, left(srz99311018031)
pos, 0.7077438782664071, left(srz96566177943)
pos, 0.33768125175482216, left(srz965949211310)
pos, 0.2013793350879112, left(srz24618679930)
pos, 0.33768125175482216, left(srz24618675498)
pos, 0.6928377924762232, left(srz99311012801)
pos, 0.13952275334673125, left(srz27409598041)
pos, 0.7077438782664071, left(srz96594928030)
pos, 0.31607632861215096, left(srz99311013640)
pos, 0.7077438782664071, left(srz193067971)
pos, 0.7077438782664071, left(srz96566171791)
pos, 0.7077438782664071, left(srz274095913978)
pos, 0.4525842432755376, left(srz193061131)
pos, 0.7077438782664071, left(srz965661711408)
pos, 0.31607632861215096, left(srz9659492118)
pos, 0.23269372339757188, left(srz274095915901)
pos, 0.5854559097590201, left(srz1930610076)
pos, 0.7077438782664071, left(srz27409593014)
pos, 0.34855354714672426, left(srz965661712381)
pos, 0.40635621084154055, left(srz965661710870)
pos, 0.11688192957054873, left(srz44230445638)
pos, 0.43024999543214043, left(srz27409597658)
pos, 0.3261986113799918, left(srz96594925132)
pos, 0.6928377924762232, left(srz246186711285)
pos, 0.40635621084154055, left(srz27409592002)
pos, 0.7077438782664071, left(srz9659492182)
pos, 0.21531360176855996, left(srz965949213390)
pos, 0.6928377924762232, left(srz96566179341)
pos, 0.7077438782664071, left(srz2461867483)
pos, 0.34814322782325435, left(srz96566176348)
pos, 0.338085635834678, left(srz96594928202)
pos, 0.338085635834678, left(srz24618673647)
pos, 0.43024999543214043, left(srz246186710259)
pos, 0.338085635834678, left(srz8029723094)
pos, 0.7077438782664071, left(srz193066537)
pos, 0.43024999543214043, left(srz8029728332)
pos, 0.13952275334673125, left(srz24618671865)
pos, 0.7077438782664071, left(srz24618673808)
pos, 0.34855354714672426, left(srz274095914627)
pos, 0.31607632861215096, left(srz965661713253)
pos, 0.43024999543214043, left(srz96566171790)
pos, 0.7077438782664071, left(srz96566178368)
pos, 0.7077438782664071, left(srz8029721815)
pos, 0.10747792548879284, left(srz246186710257)
pos, 0.43024999543214043, left(srz274095910687)
pos, 0.36040220265655376, left(srz246186710308)
pos, 0.43024999543214043, left(srz246186716813)
pos, 0.31607632861215096, left(srz96594928207)
pos, 0.31607632861215096, left(srz96566179660)
pos, 0.7077438782664071, left(srz27409597440)
pos, 0.4311831171698454, left(srz193064628)
pos, 0.5379974749891667, left(srz246186715346)
pos, 0.10404929125716667, left(srz96594927382)
pos, 0.338085635834678, left(srz2740959483)
pos, 0.33768125175482216, left(srz8029726926)
pos, 0.13062912489546, left(srz44230445682)
pos, 0.5379974749891667, left(srz274095914481)
pos, 0.43024999543214043, left(srz274095910438)
pos, 0.5854559097590201, left(srz96594926783)
pos, 0.43024999543214043, left(srz96594922555)
pos, 0.31607632861215096, left(srz274095912622)
pos, 0.40635621084154055, left(srz44248274503)
pos, 0.7077438782664071, left(srz96566176454)
pos, 0.11688192957054873, left(srz44230445634)
pos, 0.7077438782664071, left(srz96566176649)
pos, 0.10429965700047668, left(srz246186716303)
pos, 0.7077438782664071, left(srz96566171798)
pos, 0.40635621084154055, left(srz246186711177)
pos, 0.2195820944774772, left(srz99311011843)
pos, 0.28887358464003626, left(srz1930610693)
pos, 0.6928377924762232, left(srz9656617889)
pos, 0.2013793350879112, left(srz193066922)
pos, 0.43024999543214043, left(srz96566172608)
pos, 0.7077438782664071, left(srz2461867438)
pos, 0.6928377924762232, left(srz246186715334)
pos, 0.7077438782664071, left(srz24618679617)
pos, 0.3711736182300026, left(srz274095913481)
pos, 0.7077438782664071, left(srz965661715439)
pos, 0.31607632861215096, left(srz27409596779)
pos, 0.7077438782664071, left(srz96566171813)
pos, 0.1893572335612909, left(srz193064699)
pos, 0.43024999543214043, left(srz96594921608)
pos, 0.13062912489546, left(srz44230445683)
pos, 0.338085635834678, left(srz99311014122)
pos, 0.43024999543214043, left(srz27409595245)
pos, 0.09762134993398691, left(srz965661710900)
pos, 0.36040220265655376, left(srz246186710314)
pos, 0.40635621084154055, left(srz246186715436)
pos, 0.7077438782664071, left(srz9656617478)
pos, 0.34814322782325435, left(srz1930610564)
pos, 0.21561915279098645, left(srz24618671290)
pos, 0.43024999543214043, left(srz193062866)
pos, 0.31607632861215096, left(srz2740959674)
pos, 0.33768125175482216, left(srz24618675448)
pos, 0.34855354714672426, left(srz965661712386)
pos, 0.3113054638003522, left(srz193064623)
pos, 0.7077438782664071, left(srz246186714968)
pos, 0.43024999543214043, left(srz193069821)
pos, 0.31607632861215096, left(srz246186715438)
pos, 0.7077438782664071, left(srz2740959516)
pos, 0.34855354714672426, left(srz24618679492)
pos, 0.21561915279098645, left(srz27409591666)
pos, 0.4544511178758716, left(srz96594923849)
pos, 0.33768125175482216, left(srz96566176489)
pos, 0.5169565646748872, left(srz27409597450)
pos, 0.33768125175482216, left(srz246186715572)
pos, 0.23269372339757188, left(srz96566172749)
pos, 0.7077438782664071, left(srz965661716103)
pos, 0.31607632861215096, left(srz9656617570)
pos, 0.43024999543214043, left(srz27409598110)
pos, 0.5854559097590201, left(srz274095911861)
pos, 0.40635621084154055, left(srz24618678050)
pos, 0.6928377924762232, left(srz44230443394)
pos, 0.5169565646748872, left(srz96594924609)
neg, 0.28887358464003626, left(srz80297210013)
neg, 0.09609493625297909, left(srz965949213540)
neg, 0.0887268665164327, left(srz965949210999)
neg, 0.21561915279098645, left(srz8029722868)
neg, 0.09609493625297909, left(srz8029724230)
neg, 0.10429965700047668, left(srz99311019067)
neg, 0.36040220265655376, left(srz96566178157)
neg, 0.09447233311561995, left(srz442304487)
neg, 0.08762384534061207, left(srz274095911295)
neg, 0.19918329105392513, left(srz24618672627)
neg, 0.08990707212312127, left(srz193063488)
neg, 0.09129785735141506, left(srz44248276591)
neg, 0.33186072259198907, left(srz193061257)
neg, 0.10429965700047668, left(srz96566173896)
neg, 0.08762384534061207, left(srz8029728891)
neg, 0.10747792548879284, left(srz44230445966)
neg, 0.0937508809907689, left(srz44230442060)
neg, 0.37416594167486705, left(srz44230448389)
neg, 0.3261986113799918, left(srz99311018982)
neg, 0.22014123864636012, left(srz44248278312)
neg, 0.08762384534061207, left(srz8029728925)
neg, 0.10747792548879284, left(srz96594925332)
neg, 0.40635621084154055, left(srz1930610652)
neg, 0.09490985775752864, left(srz44230448240)
neg, 0.11688192957054873, left(srz44230446901)
neg, 0.21561915279098645, left(srz4424827817)
neg, 0.33768125175482216, left(srz44248271685)
neg, 0.10429965700047668, left(srz274095910876)
neg, 0.31607632861215096, left(srz44248273024)
neg, 0.09490985775752864, left(srz993110110072)
neg, 0.10205775805938307, left(srz24618679320)
neg, 0.3113054638003522, left(srz99311016634)
neg, 0.4525842432755376, left(srz965949210412)
neg, 0.10747792548879284, left(srz27409592288)
neg, 0.0868824920165507, left(srz193064562)
neg, 0.10747792548879284, left(srz27409599827)
neg, 0.08968652267371456, left(srz27409591733)
neg, 0.09762134993398691, left(srz965661713346)
neg, 0.08762384534061207, left(srz44230443823)
neg, 0.0887268665164327, left(srz99311013183)
neg, 0.43024999543214043, left(srz24618672241)
neg, 0.0887268665164327, left(srz44230445624)
neg, 0.5169565646748872, left(srz27409595319)
neg, 0.10429965700047668, left(srz27409597216)
neg, 0.0992611488082572, left(srz246186713931)
neg, 0.10747792548879284, left(srz96566176613)
neg, 0.09016603697229966, left(srz2740959222)
neg, 0.33768125175482216, left(srz44248273025)
neg, 0.31607632861215096, left(srz274095914425)
neg, 0.28887358464003626, left(srz96594922516)
neg, 0.0924723759409461, left(srz99311012423)
neg, 0.09470362628195078, left(srz274095911190)
neg, 0.08762384534061207, left(srz193064999)
neg, 0.09463868543959796, left(srz8029726237)
neg, 0.0887268665164327, left(srz96594921389)
neg, 0.34855354714672426, left(srz44230443608)
neg, 0.09941796035347768, left(srz96566179263)
neg, 0.31607632861215096, left(srz274095915504)
neg, 0.09224747701105376, left(srz193065168)
neg, 0.2522192920344088, left(srz1930611184)
neg, 0.2522192920344088, left(srz44248273384)
neg, 0.08762384534061207, left(srz44248274251)
neg, 0.08762384534061207, left(srz44248274597)
neg, 0.22014123864636012, left(srz246186716799)
neg, 0.34855354714672426, left(srz99311017218)
neg, 0.21531360176855996, left(srz24618671128)
neg, 0.10747792548879284, left(srz44230448293)
neg, 0.09041152568594854, left(srz246186716910)
neg, 0.11688192957054873, left(srz44248273418)
neg, 0.095140567258244, left(srz99311012735)
neg, 0.2522192920344088, left(srz965661710200)
neg, 0.08762384534061207, left(srz274095911299)
neg, 0.08762384534061207, left(srz44248275704)
neg, 0.43024999543214043, left(srz44248276903)
neg, 0.09608915723563012, left(srz24618674543)
neg, 0.11688192957054873, left(srz965661715739)
neg, 0.10429965700047668, left(srz24618679745)
neg, 0.33768125175482216, left(srz8029728210)
neg, 0.31607632861215096, left(srz24618679947)
neg, 0.40635621084154055, left(srz44230444650)
neg, 0.0887268665164327, left(srz965949210956)
neg, 0.08762384534061207, left(srz193069444)
neg, 0.36040220265655376, left(srz8029725195)
neg, 0.08762384534061207, left(srz965661714227)
neg, 0.33768125175482216, left(srz965661713862)
neg, 0.2144317939556987, left(srz193065099)
neg, 0.2144317939556987, left(srz193069949)
neg, 0.09941796035347768, left(srz96594925128)
neg, 0.08762384534061207, left(srz27409599534)
neg, 0.36040220265655376, left(srz193064341)
neg, 0.09340274269541389, left(srz193067604)
neg, 0.0937508809907689, left(srz27409598250)
neg, 0.40635621084154055, left(srz27409597860)
neg, 0.3113054638003522, left(srz80297210021)
neg, 0.08797708080886504, left(srz44230442009)
neg, 0.09224747701105376, left(srz44230443553)
neg, 0.10747792548879284, left(srz8029728675)
neg, 0.36040220265655376, left(srz274095912086)
neg, 0.10429965700047668, left(srz2740959372)
neg, 0.08762384534061207, left(srz96594927671)
neg, 0.19918329105392513, left(srz1930611702)
neg, 0.6370360364783444, left(srz27409595585)
neg, 0.33768125175482216, left(srz965949211286)
neg, 0.10429965700047668, left(srz993110110730)
neg, 0.12050413854916141, left(srz44248278201)
neg, 0.21561915279098645, left(srz24618674334)
neg, 0.33768125175482216, left(srz27409593317)
neg, 0.10747792548879284, left(srz274095912259)
neg, 0.10429965700047668, left(srz99311014242)
neg, 0.10429965700047668, left(srz965661712655)
neg, 0.08990707212312127, left(srz193065860)
neg, 0.09259174908264792, left(srz99311014594)
neg, 0.31607632861215096, left(srz965949212379)
neg, 0.09224747701105376, left(srz8029724206)
neg, 0.09190937749855801, left(srz193063568)
neg, 0.09259174908264792, left(srz96566179824)
neg, 0.3261986113799918, left(srz993110111454)
neg, 0.09941796035347768, left(srz965661714975)
neg, 0.09104766044741505, left(srz8029723460)
neg, 0.7077438782664071, left(srz1930611406)
neg, 0.10404929125716667, left(srz4424827981)
neg, 0.43024999543214043, left(srz193066208)
neg, 0.09470362628195078, left(srz8029727126)
neg, 0.09168441105486956, left(srz44230445047)
neg, 0.09235628868285982, left(srz24618676473)
neg, 0.11688192957054873, left(srz246186711730)
neg, 0.0887268665164327, left(srz96566171614)
neg, 0.40635621084154055, left(srz96566171924)
neg, 0.43024999543214043, left(srz44230443237)
neg, 0.31607632861215096, left(srz246186716892)
neg, 0.09447386570887614, left(srz99311012903)
neg, 0.10404929125716667, left(srz99311018536)
neg, 0.10747792548879284, left(srz96566176619)
neg, 0.08762384534061207, left(srz965949212781)
neg, 0.5379974749891667, left(srz96594924456)
neg, 0.43024999543214043, left(srz274095910041)
neg, 0.10429965700047668, left(srz246186716712)
neg, 0.43024999543214043, left(srz24618676208)
neg, 0.40635621084154055, left(srz44248271249)
neg, 0.40635621084154055, left(srz44230446089)
neg, 0.2522192920344088, left(srz44248273406)
neg, 0.10429965700047668, left(srz19306119)
neg, 0.0937508809907689, left(srz965661713046)
neg, 0.3113054638003522, left(srz9659492436)
neg, 0.21561915279098645, left(srz27409591418)
neg, 0.33768125175482216, left(srz8029722738)
neg, 0.08969631519377494, left(srz2461867692)
neg, 0.33768125175482216, left(srz965949211306)
neg, 0.10429965700047668, left(srz96566172208)
neg, 0.40635621084154055, left(srz8029725378)
neg, 0.09264665702184746, left(srz99311016880)
neg, 0.40635621084154055, left(srz274095916516)
neg, 0.31607632861215096, left(srz193068765)
neg, 0.2521930902644402, left(srz44230443524)
neg, 0.31607632861215096, left(srz993110110801)
neg, 0.11688192957054873, left(srz246186714659)
neg, 0.43024999543214043, left(srz24618673422)
neg, 0.40635621084154055, left(srz274095913407)
neg, 0.3261986113799918, left(srz965661712446)
neg, 0.338085635834678, left(srz274095917119)
neg, 0.08884187788696475, left(srz80297210167)
neg, 0.17064270533827597, left(srz96594922627)
neg, 0.0992611488082572, left(srz96594923099)
neg, 0.09941796035347768, left(srz965949211494)
neg, 0.10429965700047668, left(srz274095911618)
neg, 0.40635621084154055, left(srz274095910952)
neg, 0.33768125175482216, left(srz99311012610)
neg, 0.31607632861215096, left(srz99311012539)
neg, 0.22014123864636012, left(srz193062998)
neg, 0.09609493625297909, left(srz193065613)
neg, 0.0924723759409461, left(srz99311019756)
neg, 0.11688192957054873, left(srz99311014892)
neg, 0.31607632861215096, left(srz99311018242)
neg, 0.31607632861215096, left(srz44230445116)
neg, 0.33768125175482216, left(srz99311012526)
neg, 0.43024999543214043, left(srz274095916559)
neg, 0.33768125175482216, left(srz9659492875)
neg, 0.08762384534061207, left(srz99311016074)
neg, 0.33768125175482216, left(srz24618675160)
neg, 0.08762384534061207, left(srz246186716444)
neg, 0.21561915279098645, left(srz993110111365)
neg, 0.08762384534061207, left(srz965661714325)
neg, 0.33768125175482216, left(srz24618671061)
neg, 0.0868824920165507, left(srz44248273748)
neg, 0.21561915279098645, left(srz274095916177)
neg, 0.2013793350879112, left(srz193064270)
neg, 0.10205775805938307, left(srz193068901)
neg, 0.09352319308513994, left(srz44230442479)
neg, 0.11688192957054873, left(srz8029721495)
neg, 0.31607632861215096, left(srz4424827100)
neg, 0.23269372339757188, left(srz27409591065)
neg, 0.09609493625297909, left(srz8029727779)
neg, 0.40635621084154055, left(srz27409594784)
neg, 0.09608915723563012, left(srz24618672511)
neg, 0.0992611488082572, left(srz44248276428)
neg, 0.31607632861215096, left(srz44248276169)
neg, 0.09608915723563012, left(srz246186712185)
neg, 0.09470362628195078, left(srz193063245)
neg, 0.31607632861215096, left(srz965661713273)
neg, 0.08762384534061207, left(srz4423044256)
neg, 0.3113054638003522, left(srz965661715774)
neg, 0.11688192957054873, left(srz965661715761)
neg, 0.0937508809907689, left(srz193068382)
neg, 0.31607632861215096, left(srz246186712585)
neg, 0.43024999543214043, left(srz27409596039)
neg, 0.11688192957054873, left(srz44248273486)
neg, 0.17064270533827597, left(srz99311012550)
neg, 0.10747792548879284, left(srz965949211550)
neg, 0.08990707212312127, left(srz44248275269)
neg, 0.0887268665164327, left(srz44230445549)
neg, 0.08762384534061207, left(srz246186713313)
neg, 0.09363016764644838, left(srz274095912841)
neg, 0.11688192957054873, left(srz246186714829)
neg, 0.09463734954675793, left(srz96566175160)
neg, 0.43024999543214043, left(srz8029721654)
neg, 0.34855354714672426, left(srz99311017203)
neg, 0.0887268665164327, left(srz44230445563)
neg, 0.09259174908264792, left(srz965661715505)
neg, 0.09226005588983227, left(srz2740959198)
neg, 0.33768125175482216, left(srz96566175752)
neg, 0.43024999543214043, left(srz802972936)
neg, 0.3113054638003522, left(srz8029721398)
neg, 0.0887268665164327, left(srz44248275284)
neg, 0.10205775805938307, left(srz274095912324)
neg, 0.09224747701105376, left(srz80297298)
neg, 0.09762134993398691, left(srz9931101213)
neg, 0.08762384534061207, left(srz8029726084)
neg, 0.31607632861215096, left(srz274095917132)
neg, 0.43024999543214043, left(srz246186711065)
neg, 0.10747792548879284, left(srz246186710093)
neg, 0.40635621084154055, left(srz24618671673)
neg, 0.3113054638003522, left(srz965949212656)
neg, 0.09340274269541389, left(srz99311017125)
neg, 0.33768125175482216, left(srz965661710989)
neg, 0.0921735255964435, left(srz99311014488)
neg, 0.10747792548879284, left(srz993110112276)
neg, 0.10747792548879284, left(srz24618679281)
neg, 0.31607632861215096, left(srz96566178009)
neg, 0.0958193856345921, left(srz24618679876)
neg, 0.21531360176855996, left(srz2461867962)
neg, 0.33768125175482216, left(srz246186716034)
neg, 0.11688192957054873, left(srz27409599146)
neg, 0.08990707212312127, left(srz965949210750)
neg, 0.31607632861215096, left(srz44248273121)
neg, 0.09609493625297909, left(srz246186711143)
neg, 0.09447386570887614, left(srz96566171350)
neg, 0.43024999543214043, left(srz44230447896)
neg, 0.33768125175482216, left(srz99311019246)
neg, 0.3261986113799918, left(srz44248272144)
neg, 0.10429965700047668, left(srz193063020)
neg, 0.21531360176855996, left(srz2461867965)
neg, 0.08762384534061207, left(srz99311011046)
neg, 0.11688192957054873, left(srz44230443671)
neg, 0.10429965700047668, left(srz274095911571)
neg, 0.09676680526555598, left(srz4423044709)
neg, 0.08762384534061207, left(srz4423044323)
neg, 0.3261986113799918, left(srz96566171301)
neg, 0.09470362628195078, left(srz193062253)
neg, 0.08762384534061207, left(srz44230441558)
neg, 0.09608915723563012, left(srz96566175393)
neg, 0.21531360176855996, left(srz8029722710)
neg, 0.09447233311561995, left(srz96594927737)
neg, 0.3261986113799918, left(srz965949213074)
neg, 0.09264665702184746, left(srz44230442547)
neg, 0.10429965700047668, left(srz246186715395)
neg, 0.09016603697229966, left(srz99311014325)
neg, 0.10205775805938307, left(srz27409591549)
neg, 0.10747792548879284, left(srz1930610933)
neg, 0.0887268665164327, left(srz44248276814)
neg, 0.33768125175482216, left(srz44248272898)
neg, 0.10205775805938307, left(srz2461867927)
neg, 0.09016603697229966, left(srz44230441780)
neg, 0.08762384534061207, left(srz44230443800)
neg, 0.0887268665164327, left(srz246186710742)
neg, 0.11688192957054873, left(srz965661714010)
neg, 0.0928333463018143, left(srz96594921656)
neg, 0.0887268665164327, left(srz99311013148)
neg, 0.0887268665164327, left(srz274095912350)
neg, 0.0887268665164327, left(srz246186710724)
neg, 0.0887268665164327, left(srz99311013181)
neg, 0.11688192957054873, left(srz99311016483)
neg, 0.09941796035347768, left(srz96594929681)
neg, 0.21561915279098645, left(srz27409591439)
neg, 0.0868824920165507, left(srz44230445784)
neg, 0.10747792548879284, left(srz8029728672)
neg, 0.338085635834678, left(srz99311012734)
neg, 0.33768125175482216, left(srz8029723963)
neg, 0.09470362628195078, left(srz27409594941)
neg, 0.36040220265655376, left(srz96566174418)
neg, 0.10404929125716667, left(srz965949210723)
neg, 0.08762384534061207, left(srz99311016003)
neg, 0.21561915279098645, left(srz965661715978)
neg, 0.33768125175482216, left(srz8029723283)
neg, 0.3711736182300026, left(srz965949213219)
neg, 0.10429965700047668, left(srz44230448142)
neg, 0.08990707212312127, left(srz193065895)
neg, 0.12050413854916141, left(srz193069572)
neg, 0.23269372339757188, left(srz27409591652)
neg, 0.09490985775752864, left(srz96594927323)
neg, 0.10404929125716667, left(srz44230442443)
neg, 0.2144317939556987, left(srz44230447751)
neg, 0.3261986113799918, left(srz99311017753)
neg, 0.31607632861215096, left(srz96566172018)
neg, 0.10429965700047668, left(srz96566174923)
neg, 0.09340274269541389, left(srz193061984)
neg, 0.40635621084154055, left(srz965661710951)
neg, 0.19701951681629268, left(srz44230448217)
neg, 0.7077438782664071, left(srz96566171000)
neg, 0.11776684884009299, left(srz96566171369)
neg, 0.31607632861215096, left(srz246186711365)
neg, 0.21561915279098645, left(srz27409593811)
neg, 0.09632821988167461, left(srz965949214149)
neg, 0.0868824920165507, left(srz96594923076)
neg, 0.09440773299953088, left(srz44230447221)
neg, 0.15325208041650784, left(srz965949212096)
neg, 0.31607632861215096, left(srz44248276183)
neg, 0.09609493625297909, left(srz193068887)
neg, 0.09259174908264792, left(srz965661715614)
neg, 0.31607632861215096, left(srz96566177993)
neg, 0.19918329105392513, left(srz965949211799)
neg, 0.0887268665164327, left(srz27409597312)
neg, 0.10747792548879284, left(srz44230446433)
neg, 0.09224747701105376, left(srz19306598)
neg, 0.09463868543959796, left(srz99311012743)
neg, 0.7077438782664071, left(srz44248272070)
neg, 0.33768125175482216, left(srz99311012046)
neg, 0.09558720393374359, left(srz965661710361)
neg, 0.09632821988167461, left(srz193062408)
neg, 0.0887268665164327, left(srz193069076)
neg, 0.43024999543214043, left(srz274095916550)
neg, 0.33768125175482216, left(srz44248276278)
neg, 0.43024999543214043, left(srz44230447798)
neg, 0.09941796035347768, left(srz44230441528)
neg, 0.08958030644887138, left(srz27409593621)
neg, 0.0887268665164327, left(srz99311018791)
neg, 0.09762134993398691, left(srz274095913082)
neg, 0.3711736182300026, left(srz965949213264)
neg, 0.08990707212312127, left(srz193067763)
neg, 0.09609493625297909, left(srz96566178240)
neg, 0.33768125175482216, left(srz44230447754)
neg, 0.11688192957054873, left(srz8029721471)
neg, 0.09965842165547369, left(srz193068462)
neg, 0.0868824920165507, left(srz96594924572)
neg, 0.0950214811393834, left(srz993110110103)
neg, 0.08797708080886504, left(srz96566179948)
neg, 0.08762384534061207, left(srz44248275644)
neg, 0.10747792548879284, left(srz44248273868)
neg, 0.08990707212312127, left(srz1930610243)
neg, 0.09490985775752864, left(srz44230441896)
neg, 0.08990707212312127, left(srz44248275138)
neg, 0.36040220265655376, left(srz8029722405)
neg, 0.3261986113799918, left(srz193068856)
neg, 0.43024999543214043, left(srz8029724604)
neg, 0.43024999543214043, left(srz44248275984)
neg, 0.36040220265655376, left(srz44248276335)
neg, 0.09470362628195078, left(srz27409595700)
neg, 0.40635621084154055, left(srz99311015316)
neg, 0.21561915279098645, left(srz44230441120)
neg, 0.10205775805938307, left(srz965949213443)
neg, 0.11688192957054873, left(srz274095913861)
neg, 0.10205775805938307, left(srz24618675761)
neg, 0.08990707212312127, left(srz193067639)
neg, 0.10404929125716667, left(srz96594922685)
neg, 0.08762384534061207, left(srz96594928642)
neg, 0.43024999543214043, left(srz27409591846)
neg, 0.10747792548879284, left(srz193067355)
neg, 0.09665573712869013, left(srz246186716579)
neg, 0.36040220265655376, left(srz8029726984)
neg, 0.5854559097590201, left(srz44230446361)
neg, 0.09490985775752864, left(srz8029725102)
neg, 0.19918329105392513, left(srz99311015031)
neg, 0.2521930902644402, left(srz27409599087)
neg, 0.36040220265655376, left(srz44230445090)
neg, 0.08762384534061207, left(srz44248274422)
neg, 0.0958193856345921, left(srz99311015342)
neg, 0.40635621084154055, left(srz27409596766)
neg, 0.5006733409902656, left(srz44230448440)
neg, 0.08762384534061207, left(srz27409599571)
neg, 0.10747792548879284, left(srz1930610948)
neg, 0.10747792548879284, left(srz99311019783)
neg, 0.08762384534061207, left(srz246186716473)
neg, 0.09352319308513994, left(srz8029727302)
neg, 0.33768125175482216, left(srz246186717078)
neg, 0.31607632861215096, left(srz8029728257)
neg, 0.08762384534061207, left(srz99311013748)
neg, 0.31607632861215096, left(srz99311016174)
neg, 0.12280640097404143, left(srz8029726181)
neg, 0.08762384534061207, left(srz44230446577)
neg, 0.10747792548879284, left(srz24618676388)
neg, 0.3261986113799918, left(srz193069681)
neg, 0.11688192957054873, left(srz8029721554)
neg, 0.08762384534061207, left(srz965949213887)
neg, 0.21561915279098645, left(srz8029722896)
neg, 0.4525842432755376, left(srz193061675)
neg, 0.0937508809907689, left(srz44230442045)
neg, 0.09941796035347768, left(srz8029727908)
neg, 0.43024999543214043, left(srz96566179197)
neg, 0.08969631519377494, left(srz44230445121)
neg, 0.09608915723563012, left(srz27409598462)
neg, 0.19918329105392513, left(srz96594922763)
neg, 0.0924723759409461, left(srz44230444663)
neg, 0.5854559097590201, left(srz44248273821)
neg, 0.09104766044741505, left(srz27409596582)
neg, 0.0868824920165507, left(srz44230446470)
neg, 0.31607632861215096, left(srz24618677377)
neg, 0.09447233311561995, left(srz96566177923)
neg, 0.11688192957054873, left(srz965949212010)
neg, 0.40635621084154055, left(srz274095916911)
neg, 0.40635621084154055, left(srz44230444376)
neg, 0.09490985775752864, left(srz99311011660)
neg, 0.0868824920165507, left(srz44230446457)
neg, 0.10747792548879284, left(srz274095915439)
neg, 0.10404929125716667, left(srz24618675596)
neg, 0.09470362628195078, left(srz27409595737)
neg, 0.11688192957054873, left(srz27409599248)
neg, 0.10404929125716667, left(srz246186710485)
neg, 0.34855354714672426, left(srz965949213242)
neg, 0.43024999543214043, left(srz274095916054)
neg, 0.08762384534061207, left(srz99311016082)
neg, 0.7077438782664071, left(srz4424827550)
neg, 0.0887268665164327, left(srz8029723848)
neg, 0.43024999543214043, left(srz993110130)
neg, 0.10404929125716667, left(srz96594927242)
neg, 0.10205775805938307, left(srz27409597118)
neg, 0.08990707212312127, left(srz965949210862)
neg, 0.11688192957054873, left(srz8029721316)
neg, 0.21531360176855996, left(srz24618671030)
neg, 0.40635621084154055, left(srz24618673157)
neg, 0.31607632861215096, left(srz193062069)
neg, 0.31607632861215096, left(srz99311014547)
neg, 0.31607632861215096, left(srz965949211874)
neg, 0.21561915279098645, left(srz24618677568)
neg, 0.11688192957054873, left(srz44230444234)
neg, 0.31607632861215096, left(srz44248271738)
neg, 0.10205775805938307, left(srz96566174812)
neg, 0.34855354714672426, left(srz8029722590)
neg, 0.10205775805938307, left(srz80297210520)
neg, 0.09470362628195078, left(srz27409596291)
neg, 0.0887268665164327, left(srz44230445577)
neg, 0.08990707212312127, left(srz44248275244)
neg, 0.10747792548879284, left(srz96594929809)
neg, 0.09941796035347768, left(srz8029729454)
neg, 0.08762384534061207, left(srz99311019642)
neg, 0.08762384534061207, left(srz44248274749)
neg, 0.09440773299953088, left(srz27409595528)
neg, 0.3261986113799918, left(srz1930612082)
neg, 0.10429965700047668, left(srz965661713575)
neg, 0.33768125175482216, left(srz4423044589)
neg, 0.0887268665164327, left(srz27409597326)
neg, 0.0887268665164327, left(srz193067841)
neg, 0.33186072259198907, left(srz44248276029)
neg, 0.5854559097590201, left(srz44230443435)
neg, 0.09608915723563012, left(srz24618672096)
neg, 0.43024999543214043, left(srz274095916046)
neg, 0.19918329105392513, left(srz274095914784)
neg, 0.09470362628195078, left(srz965949212167)
neg, 0.0887268665164327, left(srz193063700)
neg, 0.40635621084154055, left(srz274095916525)
neg, 0.08762384534061207, left(srz193066875)
neg, 0.36040220265655376, left(srz44248276333)
neg, 0.5006733409902656, left(srz193061101)
neg, 0.10404929125716667, left(srz246186711578)
neg, 0.23269372339757188, left(srz246186712044)
neg, 0.10205775805938307, left(srz96594926621)
neg, 0.40635621084154055, left(srz8029724063)
neg, 0.09490985775752864, left(srz8029729770)
neg, 0.11688192957054873, left(srz44230447143)
neg, 0.09447233311561995, left(srz99311016)
neg, 0.08762384534061207, left(srz2461867135)
neg, 0.0958193856345921, left(srz965661713031)
neg, 0.09941796035347768, left(srz1930610180)
neg, 0.10205775805938307, left(srz965661712268)
neg, 0.10747792548879284, left(srz44230443462)
neg, 0.10205775805938307, left(srz193068940)
neg, 0.08762384534061207, left(srz99311011037)
neg, 0.11688192957054873, left(srz274095916233)
neg, 0.31607632861215096, left(srz44248278292)
neg, 0.09463868543959796, left(srz44248276521)
neg, 0.0937508809907689, left(srz44230442064)
neg, 0.31607632861215096, left(srz96594922843)
neg, 0.33768125175482216, left(srz27409593325)
neg, 0.10429965700047668, left(srz965661714546)
neg, 0.08762384534061207, left(srz44248275661)
neg, 0.09259174908264792, left(srz8029722437)
neg, 0.0887268665164327, left(srz193066093)
neg, 0.10429965700047668, left(srz24618675813)
neg, 0.1966027708015685, left(srz96594922594)
neg, 0.09224747701105376, left(srz19306599)
neg, 0.09608915723563012, left(srz965661710801)
neg, 0.10429965700047668, left(srz44230447910)
neg, 0.08990707212312127, left(srz8029727510)
neg, 0.09490985775752864, left(srz44230445903)
neg, 0.09168441105486956, left(srz96594925061)
neg, 0.47064800180582994, left(srz99311012179)
neg, 0.09463734954675793, left(srz99311018100)
neg, 0.33768125175482216, left(srz193062050)
neg, 0.09608915723563012, left(srz24618677212)
neg, 0.10429965700047668, left(srz193064389)
neg, 0.09941796035347768, left(srz193061028)
neg, 0.21561915279098645, left(srz44230441096)
neg, 0.0868824920165507, left(srz24618679001)
neg, 0.09490985775752864, left(srz19306625)
neg, 0.08762384534061207, left(srz44230446540)
neg, 0.43024999543214043, left(srz27409591872)
neg, 0.33768125175482216, left(srz96566178268)
neg, 0.40635621084154055, left(srz24618673158)
neg, 0.09232652434404263, left(srz44230448258)
neg, 0.0992611488082572, left(srz9659492945)
neg, 0.09363016764644838, left(srz9659492301)
neg, 0.31607632861215096, left(srz27409594176)
neg, 0.43024999543214043, left(srz246186715110)
neg, 0.40635621084154055, left(srz24618676454)
neg, 0.0887268665164327, left(srz193063604)
neg, 0.11688192957054873, left(srz965949212048)
neg, 0.11688192957054873, left(srz8029721568)
neg, 0.08762384534061207, left(srz965661714277)
neg, 0.08762384534061207, left(srz193063972)
neg, 0.5006733409902656, left(srz96594922167)
neg, 0.09470362628195078, left(srz27409598842)
neg, 0.338085635834678, left(srz274095910333)
neg, 0.2144317939556987, left(srz965949212576)
neg, 0.08990707212312127, left(srz8029727366)
neg, 0.10404929125716667, left(srz99311011387)
neg, 0.0887268665164327, left(srz44230442770)
neg, 0.10404929125716667, left(srz246186714544)
neg, 0.10747792548879284, left(srz965949214064)
neg, 0.10429965700047668, left(srz24618676401)
neg, 0.6928377924762232, left(srz9656617947)
neg, 0.33768125175482216, left(srz1930611160)
neg, 0.0868824920165507, left(srz44248271354)
neg, 0.09609493625297909, left(srz965661711290)
neg, 0.338085635834678, left(srz44248271317)
neg, 0.15325208041650784, left(srz44230444299)
neg, 0.08958030644887138, left(srz24618672329)
neg, 0.40635621084154055, left(srz8029725386)
neg, 0.09490985775752864, left(srz1930610664)
neg, 0.19918329105392513, left(srz96594922778)
neg, 0.10429965700047668, left(srz24618677924)
neg, 0.09700154491364789, left(srz193069898)
neg, 0.40635621084154055, left(srz965661714653)
neg, 0.10747792548879284, left(srz99311011601)
neg, 0.09016603697229966, left(srz246186716964)
neg, 0.19918329105392513, left(srz96566176248)
neg, 0.09463868543959796, left(srz1930610222)
neg, 0.0887268665164327, left(srz99311013037)
neg, 0.08762384534061207, left(srz4423044407)
neg, 0.23269372339757188, left(srz24618674233)
neg, 0.33768125175482216, left(srz24618675476)
neg, 0.08762384534061207, left(srz246186716430)
neg, 0.0887268665164327, left(srz96594921351)
neg, 0.3261986113799918, left(srz96594924211)
neg, 0.08762384534061207, left(srz99311011149)
neg, 0.10429965700047668, left(srz193067347)
neg, 0.09965842165547369, left(srz44230441289)
neg, 0.10747792548879284, left(srz246186712852)
neg, 0.08928961349481537, left(srz2461867188)
neg, 0.09463734954675793, left(srz274095916403)
neg, 0.31607632861215096, left(srz1930611803)
neg, 0.11688192957054873, left(srz9931101942)
neg, 0.09608915723563012, left(srz246186714202)
neg, 0.2013793350879112, left(srz193066920)
neg, 0.10205775805938307, left(srz965661710535)
neg, 0.338085635834678, left(srz965949210164)
neg, 0.338085635834678, left(srz8029722418)
neg, 0.09632821988167461, left(srz193068700)
neg, 0.5854559097590201, left(srz965661712852)
neg, 0.09224747701105376, left(srz8029724968)
neg, 0.31607632861215096, left(srz802972372)
neg, 0.10747792548879284, left(srz993110112136)
neg, 0.08990707212312127, left(srz965949210832)
neg, 0.10404929125716667, left(srz27409597095)
neg, 0.31607632861215096, left(srz965661714485)
neg, 0.43024999543214043, left(srz27409591140)
neg, 0.10747792548879284, left(srz96594925358)
neg, 0.0887268665164327, left(srz44248275298)
neg, 0.0937508809907689, left(srz27409598283)
neg, 0.10429965700047668, left(srz246186715400)
neg, 0.31607632861215096, left(srz99311012109)
neg, 0.09463868543959796, left(srz1930610034)
neg, 0.21561915279098645, left(srz246186716146)
neg, 0.09352319308513994, left(srz44248271096)
neg, 0.43024999543214043, left(srz193067202)
neg, 0.2521930902644402, left(srz27409599089)
neg, 0.34855354714672426, left(srz96594924311)
neg, 0.40635621084154055, left(srz193065541)
neg, 0.31607632861215096, left(srz24618671474)
neg, 0.0937508809907689, left(srz99311011528)
neg, 0.09447386570887614, left(srz96566171371)
neg, 0.0887268665164327, left(srz193067886)
neg, 0.36040220265655376, left(srz27409595294)
neg, 0.33768125175482216, left(srz44230443073)
neg, 0.23269372339757188, left(srz99311017295)
neg, 0.09470362628195078, left(srz274095911130)
neg, 0.08762384534061207, left(srz965949212730)
neg, 0.33768125175482216, left(srz193062807)
neg, 0.19918329105392513, left(srz4423044904)
neg, 0.09475002328292681, left(srz1930610341)
neg, 0.2013793350879112, left(srz8029726265)
neg, 0.28887358464003626, left(srz96566179311)
neg, 0.10429965700047668, left(srz27409597568)
neg, 0.31607632861215096, left(srz965661713264)
neg, 0.0887268665164327, left(srz246186710725)
neg, 0.09632821988167461, left(srz8029729722)
neg, 0.09332796036453707, left(srz96594922219)
neg, 0.10205775805938307, left(srz246186713079)
neg, 0.09226005588983227, left(srz2740959197)
neg, 0.31607632861215096, left(srz193062793)
neg, 0.0924723759409461, left(srz9656617735)
neg, 0.31607632861215096, left(srz246186714161)
neg, 0.31607632861215096, left(srz96566172535)
neg, 0.338085635834678, left(srz2461867683)
neg, 0.09608915723563012, left(srz8029724548)
neg, 0.2521930902644402, left(srz965949214185)
neg, 0.4525842432755376, left(srz44230442381)
neg, 0.10429965700047668, left(srz965661710468)
neg, 0.31607632861215096, left(srz8029724727)
neg, 0.09236658937799515, left(srz99311014601)
neg, 0.12280640097404143, left(srz80297289)
neg, 0.36040220265655376, left(srz44248273010)
neg, 0.09965842165547369, left(srz96566172444)
neg, 0.2522192920344088, left(srz965661711742)
neg, 0.08762384534061207, left(srz193065072)
neg, 0.31607632861215096, left(srz193067432)
neg, 0.10205775805938307, left(srz27409591552)
neg, 0.09608915723563012, left(srz24618674531)
neg, 0.19701951681629268, left(srz965661710969)
neg, 0.36040220265655376, left(srz24618673656)
neg, 0.08884187788696475, left(srz44230445352)
neg, 0.43024999543214043, left(srz274095913025)
neg, 0.43024999543214043, left(srz96566179198)
neg, 0.09965842165547369, left(srz44230446169)
neg, 0.10429965700047668, left(srz2740959310)
neg, 0.10747792548879284, left(srz1930611545)
neg, 0.10429965700047668, left(srz96566171477)
neg, 0.40635621084154055, left(srz9931101761)
neg, 0.31607632861215096, left(srz8029726305)
neg, 0.43024999543214043, left(srz24618671652)
neg, 0.09762134993398691, left(srz44230441879)
neg, 0.33768125175482216, left(srz99311013687)
neg, 0.09941796035347768, left(srz99311019813)
neg, 0.43024999543214043, left(srz27409595280)
neg, 0.10747792548879284, left(srz274095915426)
neg, 0.10429965700047668, left(srz8029727852)
neg, 0.0887268665164327, left(srz44248273632)
neg, 0.19918329105392513, left(srz4423044889)
neg, 0.40635621084154055, left(srz27409597878)
neg, 0.0868824920165507, left(srz965949210071)
neg, 0.31607632861215096, left(srz965661713658)
neg, 0.08958030644887138, left(srz27409592045)
neg, 0.10205775805938307, left(srz24618679322)
neg, 0.08762384534061207, left(srz19306448)
neg, 0.08762384534061207, left(srz27409599537)
neg, 0.31607632861215096, left(srz96566172541)
neg, 0.09608915723563012, left(srz246186712193)
neg, 0.09965842165547369, left(srz44230442355)
neg, 0.0887268665164327, left(srz8029723879)
neg, 0.0937508809907689, left(srz8029723195)
neg, 0.33768125175482216, left(srz24618671089)
neg, 0.10404929125716667, left(srz8029727285)
neg, 0.21561915279098645, left(srz24618671222)
neg, 0.10429965700047668, left(srz193062440)
neg, 0.0887268665164327, left(srz96594926702)
neg, 0.22014123864636012, left(srz8029726550)
neg, 0.21531360176855996, left(srz965661713818)
neg, 0.3261986113799918, left(srz274095915056)
neg, 0.10747792548879284, left(srz2461867612)
neg, 0.10429965700047668, left(srz274095913146)
neg, 0.0887268665164327, left(srz96566171628)
neg, 0.0887268665164327, left(srz965661710542)
neg, 0.09340274269541389, left(srz27409594716)
neg, 0.43024999543214043, left(srz274095910543)
neg, 0.10205775805938307, left(srz96594921340)
neg, 0.2013793350879112, left(srz27409597413)
neg, 0.43024999543214043, left(srz274095916040)
neg, 0.21561915279098645, left(srz44248272507)
neg, 0.11688192957054873, left(srz96594929399)
neg, 0.0924723759409461, left(srz96566172356)
neg, 0.10429965700047668, left(srz246186713182)
neg, 0.09090821718191328, left(srz96566178666)
neg, 0.3261986113799918, left(srz27409599327)
neg, 0.0958193856345921, left(srz274095917005)
neg, 0.34814322782325435, left(srz8029725881)
neg, 0.0937508809907689, left(srz99311011523)
neg, 0.5379974749891667, left(srz27409595468)
neg, 0.08762384534061207, left(srz44248278112)
neg, 0.09941796035347768, left(srz8029727921)
neg, 0.09090821718191328, left(srz96566174227)
neg, 0.17064270533827597, left(srz44248271866)
neg, 0.40635621084154055, left(srz99311015149)
neg, 0.09259174908264792, left(srz9656617771)
neg, 0.5379974749891667, left(srz44248276989)
neg, 0.33768125175482216, left(srz44230448014)
neg, 0.10429965700047668, left(srz24618679707)
neg, 0.11688192957054873, left(srz965661711688)
neg, 0.10429965700047668, left(srz2740959340)
neg, 0.12280640097404143, left(srz99311011472)
neg, 0.0887268665164327, left(srz24618679390)
neg, 0.43024999543214043, left(srz9931101194)
neg, 0.10747792548879284, left(srz96594923481)
neg, 0.13062912489546, left(srz96566178736)
neg, 0.40635621084154055, left(srz96566174050)
neg, 0.09941796035347768, left(srz993110110392)
neg, 0.15773133899215042, left(srz96594923147)
neg, 0.10404929125716667, left(srz965949210692)
neg, 0.08762384534061207, left(srz44248277963)
neg, 0.09470362628195078, left(srz246186711428)
neg, 0.10747792548879284, left(srz19306207)
neg, 0.08762384534061207, left(srz8029726079)
neg, 0.08762384534061207, left(srz965661712071)
neg, 0.0887268665164327, left(srz8029727576)
neg, 0.3113054638003522, left(srz8029721414)
neg, 0.0868824920165507, left(srz802972235)
neg, 0.0868824920165507, left(srz8029728431)
neg, 0.43024999543214043, left(srz44248271279)
neg, 0.08762384534061207, left(srz193066822)
neg, 0.31607632861215096, left(srz96566176024)
neg, 0.33768125175482216, left(srz965661710993)
neg, 0.09340274269541389, left(srz274095912870)
neg, 0.11688192957054873, left(srz4424827917)
neg, 0.31607632861215096, left(srz96594922816)
neg, 0.08958030644887138, left(srz24618671540)
neg, 0.0887268665164327, left(srz8029723805)
neg, 0.08762384534061207, left(srz246186713278)
neg, 0.43024999543214043, left(srz44230444784)
neg, 0.33768125175482216, left(srz44248271789)
neg, 0.10747792548879284, left(srz96594929812)
neg, 0.09470362628195078, left(srz246186711445)
neg, 0.15773133899215042, left(srz9659492591)
neg, 0.0887268665164327, left(srz44230442811)
neg, 0.23269372339757188, left(srz4424827649)
neg, 0.31607632861215096, left(srz965949211892)
neg, 0.40635621084154055, left(srz27409596877)
neg, 0.09609493625297909, left(srz246186711126)
neg, 0.3113054638003522, left(srz193067025)
neg, 0.33768125175482216, left(srz442482765)
neg, 0.11688192957054873, left(srz965949212015)
neg, 0.09363016764644838, left(srz24618676893)
neg, 0.10205775805938307, left(srz24618675856)
neg, 0.10429965700047668, left(srz24618675822)
neg, 0.21561915279098645, left(srz96566176203)
neg, 0.10429965700047668, left(srz24618677087)
neg, 0.10205775805938307, left(srz8029726138)
neg, 0.08762384534061207, left(srz96594927709)
neg, 0.21561915279098645, left(srz96594924065)
neg, 0.09470362628195078, left(srz96566174301)
neg, 0.10429965700047668, left(srz96566174660)
neg, 0.09129785735141506, left(srz44248276641)
neg, 0.08762384534061207, left(srz96594927005)
neg, 0.09363016764644838, left(srz274095912845)
neg, 0.33768125175482216, left(srz44230447597)
neg, 0.10404929125716667, left(srz99311011369)
neg, 0.10404929125716667, left(srz99311016405)
neg, 0.3261986113799918, left(srz96594923031)
neg, 0.12280640097404143, left(srz44248271134)
neg, 0.09941796035347768, left(srz99311019368)
neg, 0.09168441105486956, left(srz24618671706)
neg, 0.10429965700047668, left(srz27409591917)
neg, 0.31607632861215096, left(srz193062582)
neg, 0.40635621084154055, left(srz27409594679)
neg, 0.09632821988167461, left(srz8029726900)
neg, 0.43024999543214043, left(srz44230447874)
neg, 0.43024999543214043, left(srz24618674184)
neg, 0.0887268665164327, left(srz1930610444)
neg, 0.7077438782664071, left(srz44230442846)
neg, 0.40635621084154055, left(srz44230445984)
neg, 0.08762384534061207, left(srz4424827381)
neg, 0.10747792548879284, left(srz27409592109)
neg, 0.23269372339757188, left(srz27409591101)
neg, 0.40635621084154055, left(srz2740959279)
neg, 0.0887268665164327, left(srz8029727606)
neg, 0.5169565646748872, left(srz27409597453)
neg, 0.19274757238389273, left(srz96594926416)
neg, 0.08969631519377494, left(srz27409593195)
neg, 0.33768125175482216, left(srz965661712867)
neg, 0.08762384534061207, left(srz44248274712)
neg, 0.338085635834678, left(srz44248276309)
neg, 0.0868824920165507, left(srz274095914170)
neg, 0.10747792548879284, left(srz96594923468)
neg, 0.3113054638003522, left(srz802972977)
neg, 0.0868824920165507, left(srz802972234)
neg, 0.09700154491364789, left(srz96566172408)
neg, 0.08762384534061207, left(srz96566173750)
neg, 0.23269372339757188, left(srz4424827699)
neg, 0.10747792548879284, left(srz44230442108)
neg, 0.31607632861215096, left(srz44230445106)
neg, 0.09224747701105376, left(srz965661712365)
neg, 0.10429965700047668, left(srz27409597227)
neg, 0.08762384534061207, left(srz96594926935)
neg, 0.21561915279098645, left(srz246186716123)
neg, 0.5379974749891667, left(srz193065650)
neg, 0.09608915723563012, left(srz274095914034)
neg, 0.09363016764644838, left(srz96566176564)
neg, 0.33768125175482216, left(srz965661713882)
neg, 0.2522192920344088, left(srz8029723087)
neg, 0.10747792548879284, left(srz24618676650)
neg, 0.09129785735141506, left(srz8029727348)
neg, 0.08797708080886504, left(srz8029724100)
neg, 0.33768125175482216, left(srz44230443229)
neg, 0.28887358464003626, left(srz193067035)
neg, 0.10429965700047668, left(srz24618675788)
neg, 0.09608915723563012, left(srz274095915377)
neg, 0.09490985775752864, left(srz8029724970)
neg, 0.09965842165547369, left(srz44230446180)
neg, 0.09407054746139654, left(srz99311013601)
neg, 0.08903291949117803, left(srz99311011680)
neg, 0.31607632861215096, left(srz44230444847)
neg, 0.33768125175482216, left(srz193063082)
neg, 0.33768125175482216, left(srz246186716006)
neg, 0.31607632861215096, left(srz193066618)
neg, 0.19918329105392513, left(srz96566175992)
neg, 0.5379974749891667, left(srz246186716657)
neg, 0.09762134993398691, left(srz27409593248)
neg, 0.33768125175482216, left(srz8029729955)
neg, 0.10429965700047668, left(srz27409596940)
neg, 0.11688192957054873, left(srz274095915036)
neg, 0.09608915723563012, left(srz8029724550)
neg, 0.11688192957054873, left(srz44230447172)
neg, 0.33768125175482216, left(srz24618676588)
neg, 0.33768125175482216, left(srz193067307)
neg, 0.0992611488082572, left(srz274095915388)
neg, 0.19918329105392513, left(srz4423044926)
neg, 0.09608915723563012, left(srz99311015880)
neg, 0.0887268665164327, left(srz27409597372)
neg, 0.09224747701105376, left(srz96594927296)
neg, 0.09224747701105376, left(srz965661712372)
neg, 0.09475002328292681, left(srz1930610361)
neg, 0.09941796035347768, left(srz44230441928)
neg, 0.08762384534061207, left(srz4423044303)
neg, 0.08990707212312127, left(srz44248275207)
neg, 0.09470362628195078, left(srz44230442677)
neg, 0.2522192920344088, left(srz96594929366)
neg, 0.43024999543214043, left(srz27409592157)
neg, 0.33768125175482216, left(srz44230444128)
neg, 0.19274757238389273, left(srz8029727210)
neg, 0.10429965700047668, left(srz27409596255)
neg, 0.0868824920165507, left(srz96566177170)
neg, 0.43024999543214043, left(srz44230444786)
neg, 0.08990707212312127, left(srz1930610303)
neg, 0.10747792548879284, left(srz993110110167)
neg, 0.21561915279098645, left(srz246186714874)
neg, 0.10747792548879284, left(srz8029727882)
neg, 0.10429965700047668, left(srz24618673772)
neg, 0.40635621084154055, left(srz8029725338)
neg, 0.09224747701105376, left(srz44248278208)
neg, 0.08762384534061207, left(srz99311016117)
neg, 0.08762384534061207, left(srz193069538)
neg, 0.10747792548879284, left(srz24618677108)
neg, 0.10429965700047668, left(srz8029725047)
neg, 0.40635621084154055, left(srz246186713994)
neg, 0.10205775805938307, left(srz246186713100)
neg, 0.43024999543214043, left(srz965661712617)
neg, 0.09447233311561995, left(srz96566173498)
neg, 0.09463734954675793, left(srz96566175170)
neg, 0.21531360176855996, left(srz96594923859)
neg, 0.6928377924762232, left(srz44248273847)
neg, 0.2522192920344088, left(srz44248271828)
neg, 0.7077438782664071, left(srz96566171279)
neg, 0.09608915723563012, left(srz193069762)
neg, 0.09363016764644838, left(srz96566174077)
neg, 0.31607632861215096, left(srz44248277224)
neg, 0.11688192957054873, left(srz96594929185)
neg, 0.34855354714672426, left(srz44248272095)
neg, 0.33768125175482216, left(srz8029723958)
neg, 0.08762384534061207, left(srz44248275763)
neg, 0.21561915279098645, left(srz96566176157)
neg, 0.40635621084154055, left(srz27409592341)
neg, 0.09470362628195078, left(srz993110110525)
neg, 0.0958193856345921, left(srz193066342)
neg, 0.7077438782664071, left(srz8029723940)
neg, 0.21561915279098645, left(srz44230445707)
neg, 0.08762384534061207, left(srz8029729222)
neg, 0.08762384534061207, left(srz274095912449)
neg, 0.08762384534061207, left(srz4424827384)
neg, 0.09463868543959796, left(srz96566173410)
neg, 0.09941796035347768, left(srz99311017014)
neg, 0.09941796035347768, left(srz965949211482)
neg, 0.19918329105392513, left(srz274095914713)
neg, 0.23269372339757188, left(srz24618674132)
neg, 0.09486880485969293, left(srz24618674702)
neg, 0.40635621084154055, left(srz8029726950)
neg, 0.338085635834678, left(srz965661713461)
neg, 0.12239018499212168, left(srz24618679828)
neg, 0.09762134993398691, left(srz274095913088)
neg, 0.36040220265655376, left(srz44248276305)
neg, 0.33768125175482216, left(srz993110111889)
neg, 0.10404929125716667, left(srz44248277532)
neg, 0.31607632861215096, left(srz96566172879)
neg, 0.08762384534061207, left(srz193069519)
neg, 0.11688192957054873, left(srz44248273464)
neg, 0.10429965700047668, left(srz96566179983)
neg, 0.31607632861215096, left(srz24618676849)
neg, 0.09129785735141506, left(srz44248276623)
neg, 0.08952278277750196, left(srz96594926281)
neg, 0.09082282791544143, left(srz44230445458)
neg, 0.08969631519377494, left(srz44230446223)
neg, 0.10429965700047668, left(srz246186715546)
neg, 0.5006733409902656, left(srz8029722605)
neg, 0.0958193856345921, left(srz8029722076)
neg, 0.09090821718191328, left(srz99311016376)
neg, 0.43024999543214043, left(srz44248271272)
neg, 0.10404929125716667, left(srz193067536)
neg, 0.11688192957054873, left(srz965949212003)
neg, 0.40635621084154055, left(srz965949212651)
neg, 0.13062912489546, left(srz96566178887)
neg, 0.0937508809907689, left(srz965661713038)
neg, 0.0887268665164327, left(srz27409597284)
neg, 0.09355835621005208, left(srz193069889)
neg, 0.338085635834678, left(srz965949210176)
neg, 0.36040220265655376, left(srz993110145)
neg, 0.23269372339757188, left(srz4424827664)
neg, 0.11688192957054873, left(srz965661714055)
neg, 0.09168441105486956, left(srz44230445055)
neg, 0.0868824920165507, left(srz44248277474)
neg, 0.10429965700047668, left(srz274095911584)
neg, 0.09447386570887614, left(srz96594927835)
neg, 0.21561915279098645, left(srz246186714930)
neg, 0.0887268665164327, left(srz246186710722)
neg, 0.31607632861215096, left(srz442304448)
neg, 0.5379974749891667, left(srz4424827557)
neg, 0.09490985775752864, left(srz96566179260)
neg, 0.08762384534061207, left(srz4424827490)
neg, 0.23784265859764414, left(srz99311017947)
neg, 0.40635621084154055, left(srz99311015732)
neg, 0.09259174908264792, left(srz96594929937)
neg, 0.09463734954675793, left(srz27409597927)
neg, 0.0887268665164327, left(srz193067902)
neg, 0.09340274269541389, left(srz96594924358)
neg, 0.33768125175482216, left(srz993110112355)
neg, 0.08762384534061207, left(srz193065071)
neg, 0.0887268665164327, left(srz1930610510)
neg, 0.33768125175482216, left(srz99311014169)
neg, 0.10429965700047668, left(srz96566172463)
neg, 0.34814322782325435, left(srz96594922645)
neg, 0.09609493625297909, left(srz8029724233)
neg, 0.33768125175482216, left(srz44230444072)
neg, 0.08762384534061207, left(srz96566173788)
neg, 0.43024999543214043, left(srz274095910694)
neg, 0.09264665702184746, left(srz246186712165)
neg, 0.31607632861215096, left(srz8029724639)
neg, 0.09762134993398691, left(srz96594926194)
neg, 0.43024999543214043, left(srz802972284)
neg, 0.23269372339757188, left(srz274095915961)
neg, 0.09762134993398691, left(srz193062114)
neg, 0.08969631519377494, left(srz27409593143)
neg, 0.43024999543214043, left(srz44230448048)
neg, 0.31607632861215096, left(srz8029725402)
neg, 0.33768125175482216, left(srz24618676557)
neg, 0.338085635834678, left(srz44230447572)
neg, 0.43024999543214043, left(srz274095910023)
neg, 0.09470362628195078, left(srz965949212165)
neg, 0.22014123864636012, left(srz99311014158)
neg, 0.10747792548879284, left(srz96594921294)
neg, 0.33768125175482216, left(srz24618671419)
neg, 0.31607632861215096, left(srz193065573)
neg, 0.08762384534061207, left(srz96566177909)
neg, 0.10747792548879284, left(srz44230444613)
neg, 0.40635621084154055, left(srz24618676283)
neg, 0.08968652267371456, left(srz27409591718)
neg, 0.08762384534061207, left(srz193064027)
neg, 0.08762384534061207, left(srz44230441726)
neg, 0.40718129894508587, left(srz8029727237)
neg, 0.34855354714672426, left(srz44248273212)
neg, 0.11688192957054873, left(srz96594929244)
neg, 0.10429965700047668, left(srz193066363)
neg, 0.09355835621005208, left(srz8029721006)
neg, 0.31607632861215096, left(srz193067317)
neg, 0.08762384534061207, left(srz99311016124)
neg, 0.09545126812388274, left(srz96594923462)
neg, 0.09016603697229966, left(srz99311013384)
neg, 0.10429965700047668, left(srz246186716739)
neg, 0.08762384534061207, left(srz99311011237)
neg, 0.21561915279098645, left(srz24618672818)
neg, 0.31607632861215096, left(srz96566176071)
neg, 0.10205775805938307, left(srz96594926622)
neg, 0.33768125175482216, left(srz96594924002)
neg, 0.09463868543959796, left(srz965949212485)
neg, 0.10747792548879284, left(srz193062511)
neg, 0.09608915723563012, left(srz965661715556)
neg, 0.08762384534061207, left(srz1930612245)
neg, 0.43024999543214043, left(srz44230446378)
neg, 0.09193959798893422, left(srz96566177641)
neg, 0.11688192957054873, left(srz44230447180)
neg, 0.09609493625297909, left(srz99311019351)
neg, 0.09224747701105376, left(srz96566177264)
neg, 0.11688192957054873, left(srz44248273463)
neg, 0.31607632861215096, left(srz99311018047)
neg, 0.08978074992954073, left(srz24618671522)
neg, 0.22014123864636012, left(srz27409592315)
neg, 0.09608915723563012, left(srz96566172678)
neg, 0.08762384534061207, left(srz193066751)
neg, 0.43024999543214043, left(srz99311011975)
neg, 0.09340274269541389, left(srz4423044514)
neg, 0.33768125175482216, left(srz1930611169)
neg, 0.09609493625297909, left(srz44248276488)
neg, 0.40635621084154055, left(srz802972590)
neg, 0.3261986113799918, left(srz96594924202)
neg, 0.08762384534061207, left(srz193064905)
neg, 0.36040220265655376, left(srz965949210160)
neg, 0.08762384534061207, left(srz96566174959)
neg, 0.11688192957054873, left(srz44248273457)
neg, 0.0887268665164327, left(srz8029727560)
neg, 0.7077438782664071, left(srz44248276978)
neg, 0.10429965700047668, left(srz274095911634)
neg, 0.09016603697229966, left(srz19306499)
neg, 0.11688192957054873, left(srz44230444292)
neg, 0.43024999543214043, left(srz96566178146)
neg, 0.08969631519377494, left(srz2461867732)
neg, 0.0868824920165507, left(srz24618673969)
neg, 0.09129785735141506, left(srz44248276649)
neg, 0.0887268665164327, left(srz27409597347)
neg, 0.31607632861215096, left(srz274095915514)
neg, 0.08762384534061207, left(srz44230443710)
neg, 0.08762384534061207, left(srz99311019577)
neg, 0.09700154491364789, left(srz44248274012)
neg, 0.11688192957054873, left(srz8029721535)
neg, 0.33768125175482216, left(srz8029726379)
neg, 0.08762384534061207, left(srz965949213660)
neg, 0.0958193856345921, left(srz9931101386)
neg, 0.22014123864636012, left(srz27409593077)
neg, 0.09463868543959796, left(srz1930610840)
neg, 0.5854559097590201, left(srz8029722957)
neg, 0.40635621084154055, left(srz8029722303)
neg, 0.09941796035347768, left(srz965661739)
neg, 0.09609493625297909, left(srz9659492743)
neg, 0.21561915279098645, left(srz246186716145)
neg, 0.5006733409902656, left(srz8029722248)
neg, 0.08762384534061207, left(srz965661714265)
neg, 0.10429965700047668, left(srz96566174279)
neg, 0.08762384534061207, left(srz193063981)
neg, 0.23269372339757188, left(srz27409591066)
neg, 0.33768125175482216, left(srz965661710918)
neg, 0.43024999543214043, left(srz27409596073)
neg, 0.3261986113799918, left(srz44248272151)
neg, 0.43024999543214043, left(srz8029722981)
neg, 0.40635621084154055, left(srz9656617994)
neg, 0.0868824920165507, left(srz96594922087)
neg, 0.08969631519377494, left(srz44230446224)
neg, 0.23269372339757188, left(srz99311017297)
neg, 0.12239018499212168, left(srz965661710052)
neg, 0.09941796035347768, left(srz99311016315)
neg, 0.10747792548879284, left(srz993110110217)
neg, 0.19918329105392513, left(srz993110111211)
neg, 0.33768125175482216, left(srz193066173)
neg, 0.40635621084154055, left(srz274095912809)
neg, 0.3711736182300026, left(srz965949210556)
neg, 0.09447386570887614, left(srz96566171317)
neg, 0.10429965700047668, left(srz27409596235)
neg, 0.08762384534061207, left(srz965949212857)
neg, 0.10747792548879284, left(srz44230446248)
neg, 0.09965842165547369, left(srz96566176572)
neg, 0.10747792548879284, left(srz44248274680)
neg, 0.43024999543214043, left(srz99311014521)
neg, 0.0887268665164327, left(srz8029723856)
neg, 0.08762384534061207, left(srz965661712101)
neg, 0.09762134993398691, left(srz8029726835)
neg, 0.43024999543214043, left(srz27409591869)
neg, 0.08762384534061207, left(srz8029729318)
neg, 0.09259174908264792, left(srz8029721910)
neg, 0.33768125175482216, left(srz8029722796)
neg, 0.31607632861215096, left(srz274095914346)
neg, 0.2522192920344088, left(srz99311014861)
neg, 0.33768125175482216, left(srz44248272318)
neg, 0.36040220265655376, left(srz246186715360)
neg, 0.0887268665164327, left(srz96594921366)
neg, 0.33768125175482216, left(srz993110110603)
neg, 0.09447233311561995, left(srz246186712505)
neg, 0.10747792548879284, left(srz44248274050)
neg, 0.43024999543214043, left(srz274095913255)
neg, 0.10747792548879284, left(srz4424827402)
neg, 0.21531360176855996, left(srz246186715976)
neg, 0.0887268665164327, left(srz965949210979)
neg, 0.34814322782325435, left(srz965661712309)
neg, 0.43024999543214043, left(srz965949211611)
neg, 0.09608915723563012, left(srz24618672078)
neg, 0.43024999543214043, left(srz8029729846)
neg, 0.0887268665164327, left(srz965661710587)
neg, 0.19918329105392513, left(srz24618672613)
neg, 0.09762134993398691, left(srz965661710141)
neg, 0.08762384534061207, left(srz96566175012)
neg, 0.43024999543214043, left(srz44230448449)
neg, 0.09762134993398691, left(srz8029723403)
neg, 0.5169565646748872, left(srz24618671833)
neg, 0.10429965700047668, left(srz274095912697)
neg, 0.11688192957054873, left(srz24618674367)
neg, 0.09340274269541389, left(srz99311017688)
neg, 0.08978074992954073, left(srz965661715595)
neg, 0.34855354714672426, left(srz965949213235)
neg, 0.08762384534061207, left(srz44248277975)
neg, 0.33768125175482216, left(srz8029727114)
neg, 0.08762384534061207, left(srz965949212869)
neg, 0.7077438782664071, left(srz96566179753)
neg, 0.33768125175482216, left(srz44248271773)
neg, 0.08762384534061207, left(srz274095944)
neg, 0.31607632861215096, left(srz193065579)
neg, 0.10747792548879284, left(srz99311013977)
neg, 0.09355835621005208, left(srz246186716564)
neg, 0.31607632861215096, left(srz9656617587)
neg, 0.33768125175482216, left(srz24618673916)
neg, 0.10747792548879284, left(srz96594929810)
neg, 0.40635621084154055, left(srz99311015552)
neg, 0.11688192957054873, left(srz27409599207)
neg, 0.23784265859764414, left(srz96566178333)
neg, 0.7077438782664071, left(srz96594924839)
neg, 0.09440773299953088, left(srz1930610168)
neg, 0.31607632861215096, left(srz96594925730)
neg, 0.09470362628195078, left(srz193064423)
neg, 0.40635621084154055, left(srz96566173324)
neg, 0.3261986113799918, left(srz96594927406)
neg, 0.10747792548879284, left(srz99311013506)
neg, 0.3261986113799918, left(srz802972144)
neg, 0.21561915279098645, left(srz24618671240)
neg, 0.0992611488082572, left(srz96566172201)
neg, 0.09447233311561995, left(srz99311014335)
neg, 0.08884187788696475, left(srz44230445379)
neg, 0.43024999543214043, left(srz96566179117)
neg, 0.4544511178758716, left(srz993110111673)
neg, 0.36040220265655376, left(srz2461867497)
neg, 0.08990707212312127, left(srz193067697)
neg, 0.36040220265655376, left(srz96566179364)
neg, 0.10429965700047668, left(srz965661712667)
neg, 0.0992611488082572, left(srz8029721252)
neg, 0.09490985775752864, left(srz44230448241)
neg, 0.33768125175482216, left(srz274095912523)
neg, 0.43024999543214043, left(srz44230448062)
neg, 0.10429965700047668, left(srz246186711087)
neg, 0.08762384534061207, left(srz96594928676)
neg, 0.19701951681629268, left(srz9931101428)
neg, 0.09490985775752864, left(srz96566176518)
neg, 0.09463734954675793, left(srz246186713872)
neg, 0.10404929125716667, left(srz24618679165)
neg, 0.10747792548879284, left(srz9931101321)
neg, 0.0887268665164327, left(srz193069090)
neg, 0.10205775805938307, left(srz96566171555)
neg, 0.10429965700047668, left(srz19306364)
neg, 0.10747792548879284, left(srz24618679263)
neg, 0.10747792548879284, left(srz993110112140)
neg, 0.09490985775752864, left(srz99311019870)
neg, 0.09965842165547369, left(srz99311017983)
neg, 0.0958193856345921, left(srz24618679900)
neg, 0.3711736182300026, left(srz965949213266)
neg, 0.10747792548879284, left(srz27409597533)
neg, 0.08762384534061207, left(srz193066743)
neg, 0.21561915279098645, left(srz27409594098)
neg, 0.31607632861215096, left(srz24618674428)
neg, 0.34814322782325435, left(srz44248275554)
neg, 0.31607632861215096, left(srz965661712739)
neg, 0.08958030644887138, left(srz96594926896)
neg, 0.08762384534061207, left(srz44230441725)
neg, 0.09941796035347768, left(srz27409595525)
neg, 0.09264665702184746, left(srz246186710509)
neg, 0.09340274269541389, left(srz19306860)
neg, 0.43024999543214043, left(srz24618671651)
neg, 0.09608915723563012, left(srz24618672529)
neg, 0.09941796035347768, left(srz44248274019)
neg, 0.08762384534061207, left(srz8029726108)
neg, 0.0887268665164327, left(srz965949211012)
neg, 0.23269372339757188, left(srz27409591502)
neg, 0.09762134993398691, left(srz96594923290)
neg, 0.10429965700047668, left(srz27409593488)
neg, 0.09463734954675793, left(srz274095917021)
neg, 0.33768125175482216, left(srz44230444472)
neg, 0.0958193856345921, left(srz193066599)
neg, 0.08990707212312127, left(srz193067693)
neg, 0.09463868543959796, left(srz19306643)
neg, 0.09463868543959796, left(srz246186711261)
neg, 0.09463868543959796, left(srz44230444999)
neg, 0.08928961349481537, left(srz96594928946)
neg, 0.08762384534061207, left(srz965949212902)
neg, 0.36040220265655376, left(srz99311011873)
neg, 0.31607632861215096, left(srz8029724082)
neg, 0.09259174908264792, left(srz8029721917)
neg, 0.33768125175482216, left(srz8029728495)
neg, 0.08762384534061207, left(srz24618672342)
neg, 0.13952275334673125, left(srz274095915894)
neg, 0.40635621084154055, left(srz99311015128)
neg, 0.10429965700047668, left(srz193064725)
neg, 0.0868824920165507, left(srz193064570)
neg, 0.43024999543214043, left(srz44230444773)
neg, 0.31607632861215096, left(srz965661713662)
neg, 0.19323985915953887, left(srz96566171828)
neg, 0.09340274269541389, left(srz24618679912)
neg, 0.08762384534061207, left(srz965661712011)
neg, 0.31607632861215096, left(srz193069866)
neg, 0.43024999543214043, left(srz274095916958)
neg, 0.31607632861215096, left(srz96566177412)
neg, 0.09762134993398691, left(srz96594929995)
neg, 0.10747792548879284, left(srz993110111771)
neg, 0.40635621084154055, left(srz24618671677)
neg, 0.09463868543959796, left(srz8029724987)
neg, 0.31607632861215096, left(srz96594926023)
neg, 0.09340274269541389, left(srz965661714681)
neg, 0.10429965700047668, left(srz19306554)
neg, 0.09224747701105376, left(srz193069641)
neg, 0.09259174908264792, left(srz24618678201)
neg, 0.31607632861215096, left(srz274095913986)
neg, 0.08762384534061207, left(srz96566174975)
neg, 0.10747792548879284, left(srz274095913459)
neg, 0.33768125175482216, left(srz96566175484)
neg, 0.10205775805938307, left(srz96594926512)
neg, 0.40635621084154055, left(srz44230444789)
neg, 0.2144317939556987, left(srz274095910666)
neg, 0.0937508809907689, left(srz193068310)
neg, 0.23784265859764414, left(srz193066550)
neg, 0.11688192957054873, left(srz274095915025)
neg, 0.10747792548879284, left(srz274095912251)
neg, 0.11688192957054873, left(srz965661711677)
neg, 0.2013793350879112, left(srz246186710818)
neg, 0.0868824920165507, left(srz96594928953)
neg, 0.22014123864636012, left(srz99311019127)
neg, 0.0992611488082572, left(srz96594922176)
neg, 0.338085635834678, left(srz44230447570)
neg, 0.10429965700047668, left(srz274095911583)
neg, 0.13952275334673125, left(srz24618671863)
neg, 0.36040220265655376, left(srz246186712706)
neg, 0.08762384534061207, left(srz965661712137)
neg, 0.10747792548879284, left(srz99311019064)
neg, 0.09608915723563012, left(srz44230443913)
neg, 0.21561915279098645, left(srz27409591400)
neg, 0.09463734954675793, left(srz96566178505)
neg, 0.10404929125716667, left(srz44230447200)
neg, 0.43024999543214043, left(srz193062651)
neg, 0.10747792548879284, left(srz44230444614)
neg, 0.43024999543214043, left(srz274095916585)
neg, 0.19918329105392513, left(srz1930611699)
neg, 0.40635621084154055, left(srz44248272778)
neg, 0.40635621084154055, left(srz44230445982)
neg, 0.0887268665164327, left(srz193063631)
neg, 0.09486880485969293, left(srz27409598665)
neg, 0.09463734954675793, left(srz24618673179)
neg, 0.11688192957054873, left(srz965661711663)
neg, 0.08762384534061207, left(srz27409599512)
neg, 0.08990707212312127, left(srz8029723682)
neg, 0.43024999543214043, left(srz8029726744)
neg, 0.08969631519377494, left(srz2461867703)
neg, 0.21531360176855996, left(srz1930612001)
neg, 0.08990707212312127, left(srz8029727445)
neg, 0.09168441105486956, left(srz44248274310)
neg, 0.7077438782664071, left(srz965661716107)
neg, 0.11688192957054873, left(srz965661714049)
neg, 0.08762384534061207, left(srz8029728843)
neg, 0.10429965700047668, left(srz24618673748)
neg, 0.31607632861215096, left(srz44230441413)
neg, 0.09463734954675793, left(srz96566178079)
neg, 0.09363016764644838, left(srz24618676894)
neg, 0.10429965700047668, left(srz965661714542)
neg, 0.09340274269541389, left(srz193067252)
neg, 0.2013793350879112, left(srz44248274937)
neg, 0.08762384534061207, left(srz44248273677)
neg, 0.0887268665164327, left(srz193069142)
neg, 0.09129785735141506, left(srz96566171216)
neg, 0.43024999543214043, left(srz193062856)
neg, 0.08762384534061207, left(srz246186711977)
neg, 0.0937508809907689, left(srz8029724884)
neg, 0.2161421357982058, left(srz44230446980)
neg, 0.0868824920165507, left(srz27409592763)
neg, 0.19918329105392513, left(srz96566176249)
neg, 0.40635621084154055, left(srz96594925042)
neg, 0.09224747701105376, left(srz193062359)
neg, 0.22014123864636012, left(srz2461867619)
neg, 0.08762384534061207, left(srz44230443790)
neg, 0.21561915279098645, left(srz246186716198)
neg, 0.11688192957054873, left(srz24618674356)
neg, 0.21561915279098645, left(srz246186716216)
neg, 0.33768125175482216, left(srz96594928461)
neg, 0.09447386570887614, left(srz44248277544)
neg, 0.09463868543959796, left(srz96566173393)
neg, 0.09363016764644838, left(srz96566174083)
neg, 0.21531360176855996, left(srz4424827568)
neg, 0.40635621084154055, left(srz8029725388)
neg, 0.08797708080886504, left(srz80297210905)
neg, 0.40635621084154055, left(srz96566174057)
neg, 0.10429965700047668, left(srz8029721075)
neg, 0.10747792548879284, left(srz44230446238)
neg, 0.40635621084154055, left(srz8029722043)
neg, 0.08969631519377494, left(srz274095914154)
neg, 0.10429965700047668, left(srz27409591951)
neg, 0.08762384534061207, left(srz246186716414)
neg, 0.09779106778024077, left(srz27409598667)
neg, 0.43024999543214043, left(srz24618672444)
neg, 0.21561915279098645, left(srz965661715984)
neg, 0.338085635834678, left(srz2461867687)
neg, 0.40635621084154055, left(srz246186712262)
neg, 0.40635621084154055, left(srz246186713672)
neg, 0.09016603697229966, left(srz8029724527)
neg, 0.33768125175482216, left(srz965661710998)
neg, 0.0887268665164327, left(srz44230445603)
neg, 0.0992611488082572, left(srz246186712219)
neg, 0.08958030644887138, left(srz27409592065)
neg, 0.31607632861215096, left(srz96566174502)
neg, 0.31607632861215096, left(srz80297210721)
neg, 0.0992611488082572, left(srz193061123)
neg, 0.09226005588983227, left(srz27409599695)
neg, 0.09129785735141506, left(srz44248276662)
neg, 0.10205775805938307, left(srz96566171459)
neg, 0.09463734954675793, left(srz96566178036)
neg, 0.08762384534061207, left(srz4423044292)
neg, 0.5006733409902656, left(srz965949213966)
neg, 0.11688192957054873, left(srz44230447140)
neg, 0.40635621084154055, left(srz193063777)
neg, 0.40635621084154055, left(srz44230447640)
neg, 0.10205775805938307, left(srz24618675731)
neg, 0.08762384534061207, left(srz274095912389)
neg, 0.43024999543214043, left(srz8029726370)
neg, 0.21531360176855996, left(srz44230444031)
neg, 0.43024999543214043, left(srz9656617988)
neg, 0.09340274269541389, left(srz44248276513)
neg, 0.21561915279098645, left(srz44230444172)
neg, 0.36040220265655376, left(srz99311011939)
neg, 0.09016603697229966, left(srz99311013383)
neg, 0.10429965700047668, left(srz8029728025)
neg, 0.31607632861215096, left(srz274095914844)
neg, 0.31607632861215096, left(srz99311012075)
neg, 0.10747792548879284, left(srz99311012488)
neg, 0.5379974749891667, left(srz44248271900)
neg, 0.21531360176855996, left(srz24618671009)
neg, 0.21561915279098645, left(srz96566173094)
neg, 0.0924723759409461, left(srz9656617731)
neg, 0.08762384534061207, left(srz99311013701)
neg, 0.10429965700047668, left(srz9931101136)
neg, 0.34814322782325435, left(srz96594924216)
neg, 0.08990707212312127, left(srz8029727464)
neg, 0.22014123864636012, left(srz24618677975)
neg, 0.14392251391921854, left(srz99311018886)
neg, 0.09941796035347768, left(srz993110110018)
neg, 0.09340274269541389, left(srz193068683)
neg, 0.43024999543214043, left(srz8029725675)
neg, 0.13062912489546, left(srz27409599008)
neg, 0.11688192957054873, left(srz96566178929)
neg, 0.40635621084154055, left(srz193061726)
neg, 0.08762384534061207, left(srz2740959144)
neg, 0.21531360176855996, left(srz96594923918)
neg, 0.0887268665164327, left(srz44248276770)
neg, 0.3113054638003522, left(srz965661715814)
neg, 0.10747792548879284, left(srz96594921315)
neg, 0.09168441105486956, left(srz44230447912)
neg, 0.11688192957054873, left(srz4424827823)
neg, 0.40635621084154055, left(srz965661713032)
neg, 0.09490985775752864, left(srz8029729461)
neg, 0.08762384534061207, left(srz274095911274)
neg, 0.40635621084154055, left(srz193064465)
neg, 0.0887268665164327, left(srz27409597365)
neg, 0.10429965700047668, left(srz274095911442)
neg, 0.43024999543214043, left(srz44230444933)
neg, 0.10429965700047668, left(srz8029725050)
neg, 0.17064270533827597, left(srz44248271325)
neg, 0.09447386570887614, left(srz99311018490)
neg, 0.12239018499212168, left(srz246186715525)
neg, 0.08990707212312127, left(srz8029723623)
neg, 0.31607632861215096, left(srz99311016183)
neg, 0.09470362628195078, left(srz193065128)
neg, 0.10404929125716667, left(srz274095913519)
neg, 0.09762134993398691, left(srz246186710645)
neg, 0.5854559097590201, left(srz96566174425)
neg, 0.10404929125716667, left(srz96594926304)
neg, 0.08969631519377494, left(srz44230445042)
neg, 0.09104766044741505, left(srz24618675296)
neg, 0.33768125175482216, left(srz96594922622)
neg, 0.09463734954675793, left(srz27409597904)
neg, 0.08928961349481537, left(srz44248275903)
neg, 0.22014123864636012, left(srz193065313)
neg, 0.0992611488082572, left(srz8029723328)
neg, 0.33768125175482216, left(srz193062044)
neg, 0.7077438782664071, left(srz9656617999)
neg, 0.0868824920165507, left(srz99311013560)
neg, 0.09490985775752864, left(srz193062351)
neg, 0.0868824920165507, left(srz9659492536)
neg, 0.10747792548879284, left(srz96594926551)
neg, 0.0887268665164327, left(srz24618675991)
neg, 0.43024999543214043, left(srz24618676920)
neg, 0.0887268665164327, left(srz24618679412)
neg, 0.31607632861215096, left(srz193062784)
neg, 0.33768125175482216, left(srz193062876)
neg, 0.09762134993398691, left(srz8029723384)
neg, 0.5379974749891667, left(srz8029726291)
neg, 0.0924723759409461, left(srz96566172350)
neg, 0.21561915279098645, left(srz246186716126)
neg, 0.338085635834678, left(srz44230441444)
neg, 0.3261986113799918, left(srz44248275506)
neg, 0.19918329105392513, left(srz24618672660)
neg, 0.10429965700047668, left(srz96566178471)
neg, 0.31607632861215096, left(srz8029721747)
neg, 0.0887268665164327, left(srz965949210958)
neg, 0.10429965700047668, left(srz19306548)
neg, 0.10205775805938307, left(srz9656617229)
neg, 0.17064270533827597, left(srz44248276385)
neg, 0.0992611488082572, left(srz246186710966)
neg, 0.08762384534061207, left(srz99311015926)
neg, 0.10404929125716667, left(srz96594929622)
neg, 0.31607632861215096, left(srz193064496)
neg, 0.40635621084154055, left(srz96594922494)
neg, 0.33768125175482216, left(srz27409594856)
neg, 0.33768125175482216, left(srz24618674476)
neg, 0.43024999543214043, left(srz44230444519)
neg, 0.0868824920165507, left(srz193068118)
neg, 0.08762384534061207, left(srz965661712164)
neg, 0.10429965700047668, left(srz96566178470)
neg, 0.31607632861215096, left(srz96566171028)
neg, 0.09470362628195078, left(srz99311012389)
neg, 0.09259174908264792, left(srz274095916708)
neg, 0.08762384534061207, left(srz96566175067)
neg, 0.08978074992954073, left(srz193068127)
neg, 0.0887268665164327, left(srz96594926736)
neg, 0.0887268665164327, left(srz44230445510)
neg, 0.10429965700047668, left(srz96566174871)
neg, 0.21561915279098645, left(srz44248272450)
neg, 0.09470362628195078, left(srz2740959654)
neg, 0.33768125175482216, left(srz193068590)
neg, 0.09941796035347768, left(srz44248271190)
neg, 0.3113054638003522, left(srz44230444802)
neg, 0.40635621084154055, left(srz27409596902)
neg, 0.31607632861215096, left(srz246186714163)
neg, 0.10747792548879284, left(srz8029728033)
neg, 0.08762384534061207, left(srz44230443810)
neg, 0.08762384534061207, left(srz965661712102)
neg, 0.09463734954675793, left(srz24618673228)
neg, 0.11688192957054873, left(srz96594929240)
neg, 0.36040220265655376, left(srz8029725225)
neg, 0.09463734954675793, left(srz24618673234)
neg, 0.09016603697229966, left(srz965661713682)
neg, 0.08762384534061207, left(srz27409599615)
neg, 0.16148710120292242, left(srz965661715209)
neg, 0.09608915723563012, left(srz246186714200)
neg, 0.33768125175482216, left(srz27409592276)
neg, 0.09463734954675793, left(srz24618673229)
neg, 0.09608915723563012, left(srz44230443910)
neg, 0.08762384534061207, left(srz99311016905)
neg, 0.7077438782664071, left(srz96594923401)
neg, 0.09941796035347768, left(srz44230446310)
neg, 0.34814322782325435, left(srz44248271046)
neg, 0.0937508809907689, left(srz193062403)
neg, 0.08762384534061207, left(srz274095911320)
neg, 0.09259174908264792, left(srz965661715483)
neg, 0.19918329105392513, left(srz1930611966)
neg, 0.3711736182300026, left(srz965949212958)
neg, 0.34814322782325435, left(srz44248275497)
neg, 0.31607632861215096, left(srz96566176026)
neg, 0.10747792548879284, left(srz27409596979)
neg, 0.10271147823357023, left(srz246186712429)
neg, 0.338085635834678, left(srz8029724757)
neg, 0.2522192920344088, left(srz965661711755)
neg, 0.11688192957054873, left(srz965949212062)
neg, 0.10429965700047668, left(srz96566171520)
neg, 0.09941796035347768, left(srz965661711272)
neg, 0.3113054638003522, left(srz99311016583)
neg, 0.31607632861215096, left(srz24618672737)
neg, 0.09447386570887614, left(srz27409595639)
neg, 0.31607632861215096, left(srz246186715446)
neg, 0.08762384534061207, left(srz99311011218)
neg, 0.09608915723563012, left(srz246186710219)
neg, 0.09470362628195078, left(srz96594921045)
neg, 0.33768125175482216, left(srz44230443215)
neg, 0.09762134993398691, left(srz8029722483)
neg, 0.0887268665164327, left(srz96594926667)
neg, 0.09259174908264792, left(srz8029728425)
neg, 0.10429965700047668, left(srz274095916439)
neg, 0.10205775805938307, left(srz96594926506)
neg, 0.33768125175482216, left(srz8029726529)
neg, 0.10429965700047668, left(srz274095911476)
neg, 0.10429965700047668, left(srz993110111678)
neg, 0.0887268665164327, left(srz193067878)
neg, 0.10205775805938307, left(srz965661710428)
neg, 0.09259174908264792, left(srz8029721147)
neg, 0.09632821988167461, left(srz965661713049)
neg, 0.09090821718191328, left(srz193061281)
neg, 0.11688192957054873, left(srz193061547)
neg, 0.43024999543214043, left(srz44248276114)
neg, 0.09941796035347768, left(srz96566174613)
neg, 0.43024999543214043, left(srz965661712614)
neg, 0.43024999543214043, left(srz9656617987)
neg, 0.33768125175482216, left(srz965661713288)
neg, 0.08762384534061207, left(srz274095965)
neg, 0.10747792548879284, left(srz44248274090)
neg, 0.3711736182300026, left(srz44248275010)
neg, 0.10429965700047668, left(srz44248272794)
neg, 0.21561915279098645, left(srz44230441155)
neg, 0.13952275334673125, left(srz96594925174)
neg, 0.33768125175482216, left(srz193066183)
neg, 0.33768125175482216, left(srz965661713287)
neg, 0.11688192957054873, left(srz246186711953)
neg, 0.09224747701105376, left(srz193069640)
neg, 0.0887268665164327, left(srz96594925421)
neg, 0.2522192920344088, left(srz99311014822)
neg, 0.10747792548879284, left(srz80297210930)
neg, 0.0887268665164327, left(srz965949210997)
neg, 0.08762384534061207, left(srz44248278108)
neg, 0.10404929125716667, left(srz274095915104)
neg, 0.15773133899215042, left(srz96594923131)
neg, 0.7077438782664071, left(srz96566176450)
neg, 0.19918329105392513, left(srz1930611728)
neg, 0.19918329105392513, left(srz44230441174)
neg, 0.08762384534061207, left(srz8029725974)
neg, 0.338085635834678, left(srz193066473)
neg, 0.0887268665164327, left(srz1930610459)
neg, 0.10747792548879284, left(srz27409598616)
neg, 0.7077438782664071, left(srz96594923402)
neg, 0.12050413854916141, left(srz965661712258)
neg, 0.338085635834678, left(srz44248277019)
neg, 0.40635621084154055, left(srz96594924508)
neg, 0.3711736182300026, left(srz44248275487)
neg, 0.43024999543214043, left(srz9659492353)
neg, 0.09340274269541389, left(srz96594924335)
neg, 0.4544511178758716, left(srz9656617621)
neg, 0.33768125175482216, left(srz24618671047)
neg, 0.43024999543214043, left(srz44230444643)
neg, 0.28887358464003626, left(srz965949212301)
neg, 0.08762384534061207, left(srz4424827416)
neg, 0.10747792548879284, left(srz2461867609)
neg, 0.09490985775752864, left(srz27409595537)
neg, 0.5379974749891667, left(srz44230443278)
neg, 0.21561915279098645, left(srz27409594020)
neg, 0.2195820944774772, left(srz96594923479)
neg, 0.10747792548879284, left(srz1930610952)
neg, 0.08762384534061207, left(srz44230446558)
neg, 0.21531360176855996, left(srz965661713938)
neg, 0.09264665702184746, left(srz96594927176)
neg, 0.08762384534061207, left(srz274095911342)
neg, 0.08762384534061207, left(srz96566177824)
neg, 0.08762384534061207, left(srz99311015971)
neg, 0.15773133899215042, left(srz96594923145)
neg, 0.10429965700047668, left(srz24618673722)
neg, 0.33768125175482216, left(srz96566172248)
neg, 0.09352319308513994, left(srz99311012916)
neg, 0.23269372339757188, left(srz965949212946)
neg, 0.08762384534061207, left(srz246186716482)
neg, 0.5379974749891667, left(srz965661710721)
neg, 0.11688192957054873, left(srz44248273456)
neg, 0.0992611488082572, left(srz44248274840)
neg, 0.19918329105392513, left(srz193061637)
neg, 0.09609493625297909, left(srz44230448376)
neg, 0.09363016764644838, left(srz44230441294)
neg, 0.09762134993398691, left(srz8029722466)
neg, 0.09762134993398691, left(srz246186712761)
neg, 0.40635621084154055, left(srz9656617698)
neg, 0.11688192957054873, left(srz965661715906)
neg, 0.10429965700047668, left(srz96566175600)
neg, 0.08762384534061207, left(srz193066715)
neg, 0.09470362628195078, left(srz44248271387)
neg, 0.43024999543214043, left(srz27409596032)
neg, 0.10747792548879284, left(srz193062291)
neg, 0.10205775805938307, left(srz993110111129)
neg, 0.10429965700047668, left(srz993110112254)
neg, 0.31607632861215096, left(srz24618675214)
neg, 0.09608915723563012, left(srz24618679791)
neg, 0.21561915279098645, left(srz99311016795)
neg, 0.10404929125716667, left(srz24618679188)
neg, 0.31607632861215096, left(srz44248271907)
neg, 0.21561915279098645, left(srz24618672857)
neg, 0.09941796035347768, left(srz44230444691)
neg, 0.2161421357982058, left(srz1930610647)
neg, 0.10747792548879284, left(srz9931101301)
neg, 0.08762384534061207, left(srz44230441686)
neg, 0.10205775805938307, left(srz96566171450)
neg, 0.0924723759409461, left(srz8029729397)
neg, 0.08762384534061207, left(srz193063883)
neg, 0.08762384534061207, left(srz44248274737)
neg, 0.40635621084154055, left(srz44248274882)
neg, 0.31607632861215096, left(srz44230442212)
neg, 0.21561915279098645, left(srz965661715981)
neg, 0.08762384534061207, left(srz4423044246)
neg, 0.0924723759409461, left(srz246186712290)
neg, 0.2144317939556987, left(srz4423044433)
neg, 0.09490985775752864, left(srz44248278226)
neg, 0.43024999543214043, left(srz44230448452)
neg, 0.09168441105486956, left(srz99311014438)
neg, 0.2522192920344088, left(srz96594929325)
neg, 0.10747792548879284, left(srz24618674629)
neg, 0.0887268665164327, left(srz44230445550)
neg, 0.09440773299953088, left(srz99311017103)
neg, 0.36040220265655376, left(srz44248276197)
neg, 0.09224747701105376, left(srz96594927310)
neg, 0.2195820944774772, left(srz44230443369)
neg, 0.40635621084154055, left(srz9931101802)
neg, 0.3113054638003522, left(srz96566178150)
neg, 0.09463734954675793, left(srz274095915572)
neg, 0.21561915279098645, left(srz993110111400)
neg, 0.09470362628195078, left(srz99311016211)
neg, 0.33768125175482216, left(srz193066258)
neg, 0.09016603697229966, left(srz2740959216)
neg, 0.31607632861215096, left(srz44230444675)
neg, 0.09463734954675793, left(srz96566178473)
neg, 0.08762384534061207, left(srz4423044404)
neg, 0.338085635834678, left(srz442482726)
neg, 0.08762384534061207, left(srz965949212785)
neg, 0.0992611488082572, left(srz246186711418)
neg, 0.08663205983885237, left(srz44230448391)
neg, 0.08762384534061207, left(srz274095929)
neg, 0.09104766044741505, left(srz44248275915)
neg, 0.43024999543214043, left(srz44248272822)
neg, 0.3113054638003522, left(srz965661715780)
neg, 0.0921735255964435, left(srz193069242)
neg, 0.31607632861215096, left(srz44248271922)
neg, 0.11688192957054873, left(srz44230446899)
neg, 0.08762384534061207, left(srz24618672336)
neg, 0.09340274269541389, left(srz99311017592)
neg, 0.08762384534061207, left(srz80297210415)
neg, 0.09609493625297909, left(srz44230444985)
neg, 0.08762384534061207, left(srz193064927)
neg, 0.08797708080886504, left(srz96566171150)
neg, 0.09941796035347768, left(srz9659492413)
neg, 0.22014123864636012, left(srz99311019796)
neg, 0.08762384534061207, left(srz80297225)
neg, 0.21561915279098645, left(srz246186716215)
neg, 0.10747792548879284, left(srz193063296)
neg, 0.10429965700047668, left(srz24618673863)
neg, 0.10429965700047668, left(srz246186716727)
neg, 0.09355835621005208, left(srz274095910252)
neg, 0.10205775805938307, left(srz2461867903)
neg, 0.40635621084154055, left(srz193069292)
neg, 0.0887268665164327, left(srz193066044)
neg, 0.10429965700047668, left(srz24618675789)
neg, 0.0958193856345921, left(srz99311019341)
neg, 0.09608915723563012, left(srz8029724571)
neg, 0.10429965700047668, left(srz27409592658)
neg, 0.09762134993398691, left(srz96566172498)
neg, 0.4525842432755376, left(srz99311019707)
neg, 0.11688192957054873, left(srz44230444272)
neg, 0.10747792548879284, left(srz99311012763)
neg, 0.7077438782664071, left(srz44230444443)
neg, 0.31607632861215096, left(srz993110111236)
neg, 0.21561915279098645, left(srz44230441086)
neg, 0.0937508809907689, left(srz27409598287)
neg, 0.11688192957054873, left(srz8029725781)
neg, 0.43024999543214043, left(srz274095910551)
neg, 0.10747792548879284, left(srz96594928384)
neg, 0.08762384534061207, left(srz19306444)
neg, 0.43024999543214043, left(srz246186716689)
neg, 0.40635621084154055, left(srz24618671675)
neg, 0.11688192957054873, left(srz96594922915)
neg, 0.10205775805938307, left(srz193069062)
neg, 0.43024999543214043, left(srz24618674872)
neg, 0.31607632861215096, left(srz193061953)
neg, 0.43024999543214043, left(srz193062853)
neg, 0.09224747701105376, left(srz44230441242)
neg, 0.17064270533827597, left(srz80297210053)
neg, 0.10429965700047668, left(srz44248271397)
neg, 0.43024999543214043, left(srz80297210755)
neg, 0.34814322782325435, left(srz44248275545)
neg, 0.22014123864636012, left(srz99311019124)
neg, 0.09608915723563012, left(srz24618674542)
neg, 0.21561915279098645, left(srz8029722859)
neg, 0.0868824920165507, left(srz965949214108)
neg, 0.09168441105486956, left(srz99311014429)
neg, 0.31607632861215096, left(srz274095911409)
neg, 0.09129785735141506, left(srz44248276545)
neg, 0.08797708080886504, left(srz96566179424)
neg, 0.08762384534061207, left(srz44230443788)
neg, 0.10429965700047668, left(srz27409593473)
neg, 0.09941796035347768, left(srz993110111001)
neg, 0.40635621084154055, left(srz193063816)
neg, 0.40635621084154055, left(srz24618674841)
neg, 0.08762384534061207, left(srz99311015931)
neg, 0.08969631519377494, left(srz2740959731)
neg, 0.36040220265655376, left(srz27409592707)
neg, 0.08762384534061207, left(srz99311011247)
neg, 0.08762384534061207, left(srz44230446546)
neg, 0.09609493625297909, left(srz19306869)
neg, 0.09608915723563012, left(srz274095914367)
neg, 0.08928961349481537, left(srz27409594202)
neg, 0.09041152568594854, left(srz965661711563)
neg, 0.37416594167486705, left(srz965949210565)
neg, 0.09463868543959796, left(srz965949212260)
neg, 0.31607632861215096, left(srz44230443537)
neg, 0.08762384534061207, left(srz8029729214)
neg, 0.09609493625297909, left(srz96594925754)
neg, 0.3331641946750168, left(srz44248273982)
neg, 0.34855354714672426, left(srz965949213226)
neg, 0.09676680526555598, left(srz965661713737)
neg, 0.2161421357982058, left(srz44230446988)
neg, 0.0887268665164327, left(srz24618679414)
neg, 0.11688192957054873, left(srz965661715861)
neg, 0.08762384534061207, left(srz44248274411)
neg, 0.21561915279098645, left(srz27409591405)
neg, 0.21561915279098645, left(srz8029722823)
neg, 0.2144317939556987, left(srz193062453)
neg, 0.08762384534061207, left(srz19306290)
neg, 0.09041152568594854, left(srz246186714179)
neg, 0.08762384534061207, left(srz8029729186)
neg, 0.3711736182300026, left(srz99311011319)
neg, 0.10404929125716667, left(srz96594926433)
neg, 0.11688192957054873, left(srz965661715898)
neg, 0.40635621084154055, left(srz24618677805)
neg, 0.4525842432755376, left(srz44230442132)
neg, 0.0992611488082572, left(srz274095915257)
neg, 0.10404929125716667, left(srz24618679088)
neg, 0.21561915279098645, left(srz1930611889)
neg, 0.08762384534061207, left(srz965661712014)
neg, 0.08762384534061207, left(srz193066864)
neg, 0.09762134993398691, left(srz44248277460)
neg, 0.0924723759409461, left(srz193064255)
neg, 0.43024999543214043, left(srz27409596082)
neg, 0.11688192957054873, left(srz965661714027)
neg, 0.08928961349481537, left(srz27409594203)
neg, 0.40635621084154055, left(srz8029722065)
neg, 0.10747792548879284, left(srz44230443512)
neg, 0.09463868543959796, left(srz44248271165)
neg, 0.10404929125716667, left(srz965949213047)
neg, 0.40635621084154055, left(srz27409597868)
neg, 0.33768125175482216, left(srz8029721636)
neg, 0.08762384534061207, left(srz965661712082)
neg, 0.09608915723563012, left(srz24618674505)
neg, 0.19918329105392513, left(srz4423044853)
neg, 0.09475002328292681, left(srz1930610329)
neg, 0.0924723759409461, left(srz24618678207)
neg, 0.08762384534061207, left(srz274095912409)
neg, 0.09609493625297909, left(srz99311012943)
neg, 0.33768125175482216, left(srz96594929095)
neg, 0.31607632861215096, left(srz9656617578)
neg, 0.338085635834678, left(srz99311017910)
neg, 0.36040220265655376, left(srz965949211401)
neg, 0.31607632861215096, left(srz8029721176)
neg, 0.08762384534061207, left(srz193069509)
neg, 0.43024999543214043, left(srz246186713601)
neg, 0.21531360176855996, left(srz8029722701)
neg, 0.0924723759409461, left(srz27409594649)
neg, 0.08762384534061207, left(srz44230441621)
neg, 0.36040220265655376, left(srz8029722400)
neg, 0.21561915279098645, left(srz24618677495)
neg, 0.0887268665164327, left(srz193063690)
neg, 0.09558720393374359, left(srz965661710376)
neg, 0.33768125175482216, left(srz99311018349)
neg, 0.09259174908264792, left(srz19306713)
neg, 0.0965183451126506, left(srz96594926127)
neg, 0.13952275334673125, left(srz246186715776)
neg, 0.31607632861215096, left(srz24618673939)
neg, 0.10404929125716667, left(srz965949210680)
neg, 0.0887268665164327, left(srz80297210343)
neg, 0.19918329105392513, left(srz24618672619)
neg, 0.15325208041650784, left(srz44248277903)
neg, 0.43024999543214043, left(srz274095916348)
neg, 0.43024999543214043, left(srz193066423)
neg, 0.23269372339757188, left(srz965949212943)
neg, 0.338085635834678, left(srz8029726997)
neg, 0.17064270533827597, left(srz8029729573)
neg, 0.36040220265655376, left(srz96594929839)
neg, 0.10747792548879284, left(srz1930611105)
neg, 0.11688192957054873, left(srz274095913916)
neg, 0.10429965700047668, left(srz246186715127)
neg, 0.34814322782325435, left(srz8029725866)
neg, 0.33768125175482216, left(srz193068617)
neg, 0.13952275334673125, left(srz44248276970)
neg, 0.33768125175482216, left(srz44248272857)
neg, 0.10429965700047668, left(srz8029727163)
neg, 0.08990707212312127, left(srz8029723668)
neg, 0.095140567258244, left(srz44230444710)
neg, 0.19918329105392513, left(srz96566175990)
neg, 0.11688192957054873, left(srz44230447091)
neg, 0.19918329105392513, left(srz96566175994)
neg, 0.08762384534061207, left(srz8029729280)
neg, 0.43024999543214043, left(srz965661712608)
neg, 0.10747792548879284, left(srz96594928246)
neg, 0.31607632861215096, left(srz44248276126)
neg, 0.338085635834678, left(srz99311011886)
neg, 0.08762384534061207, left(srz274095912457)
neg, 0.43024999543214043, left(srz965661711422)
neg, 0.17064270533827597, left(srz96594922633)
neg, 0.09259174908264792, left(srz274095914403)
neg, 0.0887268665164327, left(srz44230445558)
neg, 0.11688192957054873, left(srz99311014933)
neg, 0.09608915723563012, left(srz24618677195)
neg, 0.36040220265655376, left(srz44230444753)
neg, 0.10429965700047668, left(srz44230441991)
neg, 0.10747792548879284, left(srz27409591005)
neg, 0.40635621084154055, left(srz274095914334)
neg, 0.21561915279098645, left(srz8029722850)
neg, 0.21561915279098645, left(srz27409591486)
neg, 0.21561915279098645, left(srz27409591267)
neg, 0.31607632861215096, left(srz246186714495)
neg, 0.09609493625297909, left(srz8029723243)
neg, 0.6928377924762232, left(srz8029727224)
neg, 0.21561915279098645, left(srz993110111362)
neg, 0.10429965700047668, left(srz96594921596)
neg, 0.10429965700047668, left(srz965949212203)
neg, 0.21561915279098645, left(srz44230441151)
neg, 0.09463734954675793, left(srz24618673268)
neg, 0.09082282791544143, left(srz44230445421)
neg, 0.40635621084154055, left(srz8029722144)
neg, 0.11688192957054873, left(srz965661715915)
neg, 0.11688192957054873, left(srz44230444202)
neg, 0.33768125175482216, left(srz44230443355)
neg, 0.11688192957054873, left(srz96566178896)
neg, 0.09340274269541389, left(srz24618673487)
neg, 0.31607632861215096, left(srz96566172920)
neg, 0.09190937749855801, left(srz193063528)
neg, 0.23269372339757188, left(srz246186712064)
neg, 0.08990707212312127, left(srz193067738)
neg, 0.34814322782325435, left(srz44248271053)
neg, 0.09235628868285982, left(srz8029727869)
neg, 0.3261986113799918, left(srz99311017560)
neg, 0.09463868543959796, left(srz19306833)
neg, 0.21531360176855996, left(srz2461867884)
neg, 0.08797708080886504, left(srz965661713705)
neg, 0.22014123864636012, left(srz44248274204)
neg, 0.0887268665164327, left(srz27409595900)
neg, 0.36040220265655376, left(srz44230445084)
neg, 0.3113054638003522, left(srz8029721413)
neg, 0.09463868543959796, left(srz8029726235)
neg, 0.33768125175482216, left(srz24618671409)
neg, 0.09352319308513994, left(srz44248271081)
neg, 0.10747792548879284, left(srz9931101414)
neg, 0.12050413854916141, left(srz965661712263)
neg, 0.33768125175482216, left(srz99311012143)
neg, 0.13952275334673125, left(srz96594923352)
neg, 0.08762384534061207, left(srz96594927034)
neg, 0.40635621084154055, left(srz96594924519)
neg, 0.21531360176855996, left(srz965661713831)
neg, 0.09259174908264792, left(srz274095914399)
neg, 0.43024999543214043, left(srz246186716307)
neg, 0.33768125175482216, left(srz24618671404)
neg, 0.33768125175482216, left(srz8029721802)
neg, 0.11688192957054873, left(srz96594922906)
neg, 0.10429965700047668, left(srz27409593361)
neg, 0.31607632861215096, left(srz9656617586)
neg, 0.19918329105392513, left(srz96566176251)
neg, 0.5379974749891667, left(srz96594921521)
neg, 0.09463868543959796, left(srz44248278238)
neg, 0.08762384534061207, left(srz99311016057)
neg, 0.19918329105392513, left(srz993110111198)
neg, 0.08762384534061207, left(srz965949212773)
neg, 0.16148710120292242, left(srz965661715197)
neg, 0.43024999543214043, left(srz193061715)
neg, 0.31607632861215096, left(srz96566179669)
neg, 0.43024999543214043, left(srz24618676932)
neg, 0.09407054746139654, left(srz965661713717)
neg, 0.31607632861215096, left(srz80297210727)
neg, 0.10747792548879284, left(srz27409592291)
neg, 0.10429965700047668, left(srz8029722522)
neg, 0.31607632861215096, left(srz1930611584)
neg, 0.08762384534061207, left(srz8029726026)
neg, 0.10429965700047668, left(srz44230447504)
neg, 0.08762384534061207, left(srz2461867150)
neg, 0.43024999543214043, left(srz44248272784)
neg, 0.31607632861215096, left(srz802972682)
neg, 0.09608915723563012, left(srz96566175381)
neg, 0.0887268665164327, left(srz193066001)
neg, 0.3113054638003522, left(srz8029721408)
neg, 0.0937508809907689, left(srz44230448271)
neg, 0.33768125175482216, left(srz193062037)
neg, 0.08990707212312127, left(srz965949210749)
neg, 0.21531360176855996, left(srz24618671140)
neg, 0.33768125175482216, left(srz246186713775)
neg, 0.09632821988167461, left(srz96594925700)
neg, 0.09363016764644838, left(srz8029729413)
neg, 0.08990707212312127, left(srz44248275221)
neg, 0.095140567258244, left(srz44248275932)
neg, 0.10205775805938307, left(srz27409597125)
neg, 0.5169565646748872, left(srz2461867512)
neg, 0.2144317939556987, left(srz99311011003)
neg, 0.09340274269541389, left(srz44248271015)
neg, 0.09608915723563012, left(srz24618676169)
neg, 0.10747792548879284, left(srz27409594442)
neg, 0.10747792548879284, left(srz193065338)
neg, 0.21561915279098645, left(srz27409591360)
neg, 0.08762384534061207, left(srz8029724436)
neg, 0.09941796035347768, left(srz44230441281)
neg, 0.31607632861215096, left(srz274095910573)
neg, 0.10429965700047668, left(srz193064388)
neg, 0.19918329105392513, left(srz246186715893)
neg, 0.0887268665164327, left(srz96594925437)
neg, 0.13062912489546, left(srz274095913663)
neg, 0.10747792548879284, left(srz246186710998)
neg, 0.0937508809907689, left(srz99311011525)
neg, 0.11688192957054873, left(srz965661714033)
neg, 0.19918329105392513, left(srz4423044814)
neg, 0.09129785735141506, left(srz44248276536)
neg, 0.09264665702184746, left(srz274095911212)
neg, 0.08762384534061207, left(srz965949213698)
neg, 0.10404929125716667, left(srz99311016385)
neg, 0.21531360176855996, left(srz99311015034)
neg, 0.33768125175482216, left(srz99311014517)
neg, 0.09609493625297909, left(srz99311012971)
neg, 0.14392251391921854, left(srz965949210668)
neg, 0.08762384534061207, left(srz44248275717)
neg, 0.43024999543214043, left(srz9931101179)
neg, 0.10404929125716667, left(srz274095912101)
neg, 0.10747792548879284, left(srz8029726511)
neg, 0.43024999543214043, left(srz246186713623)
neg, 0.43024999543214043, left(srz27409596384)
neg, 0.0937508809907689, left(srz27409598270)
neg, 0.09352319308513994, left(srz44248273198)
neg, 0.31607632861215096, left(srz193064552)
neg, 0.21561915279098645, left(srz44248272491)
neg, 0.08762384534061207, left(srz44230443786)
neg, 0.09470362628195078, left(srz44230442665)
neg, 0.09447386570887614, left(srz27409595643)
neg, 0.11688192957054873, left(srz96594929275)
neg, 0.10429965700047668, left(srz965661716060)
neg, 0.10747792548879284, left(srz44248275648)
neg, 0.13952275334673125, left(srz24618674761)
neg, 0.09463734954675793, left(srz99311019907)
neg, 0.09447386570887614, left(srz96594927828)
neg, 0.21561915279098645, left(srz96566173049)
neg, 0.3711736182300026, left(srz96594921135)
neg, 0.0887268665164327, left(srz99311013052)
neg, 0.3261986113799918, left(srz965949212102)
neg, 0.4525842432755376, left(srz80297210616)
neg, 0.09558720393374359, left(srz44230447243)
neg, 0.09340274269541389, left(srz965661714678)
neg, 0.09259174908264792, left(srz24618678182)
neg, 0.43024999543214043, left(srz96566173984)
neg, 0.2522192920344088, left(srz99311014797)
neg, 0.09965842165547369, left(srz96594925950)
neg, 0.21561915279098645, left(srz8029727725)
neg, 0.08969631519377494, left(srz24618672044)
neg, 0.10747792548879284, left(srz8029728670)
neg, 0.10429965700047668, left(srz27409593377)
neg, 0.10747792548879284, left(srz8029729682)
neg, 0.34855354714672426, left(srz44230447189)
neg, 0.08762384534061207, left(srz99311011068)
neg, 0.09463868543959796, left(srz44248273901)
neg, 0.0887268665164327, left(srz965661710665)
neg, 0.11688192957054873, left(srz96594929209)
neg, 0.34814322782325435, left(srz44248275496)
neg, 0.09224747701105376, left(srz99311017504)
neg, 0.31607632861215096, left(srz9656617597)
neg, 0.13952275334673125, left(srz24618675122)
neg, 0.40635621084154055, left(srz44230441849)
neg, 0.3261986113799918, left(srz8029727759)
neg, 0.2144317939556987, left(srz274095910669)
neg, 0.08969631519377494, left(srz96594925070)
neg, 0.09608915723563012, left(srz274095915236)
neg, 0.09463868543959796, left(srz1930610224)
neg, 0.10205775805938307, left(srz24618679207)
neg, 0.338085635834678, left(srz965949210165)
neg, 0.5379974749891667, left(srz44230444737)
neg, 0.10404929125716667, left(srz965949213050)
neg, 0.40635621084154055, left(srz2461867382)
neg, 0.43024999543214043, left(srz246186716701)
neg, 0.08762384534061207, left(srz99311013882)
neg, 0.34855354714672426, left(srz44248271011)
neg, 0.09363016764644838, left(srz96594928194)
neg, 0.0877375645898625, left(srz99311016850)
neg, 0.31607632861215096, left(srz24618672735)
neg, 0.31607632861215096, left(srz246186711367)
neg, 0.08762384534061207, left(srz44248274711)
neg, 0.33768125175482216, left(srz8029728340)
neg, 0.2013793350879112, left(srz96566171011)
neg, 0.43024999543214043, left(srz99311012409)
neg, 0.09700154491364789, left(srz1930611068)
neg, 0.33768125175482216, left(srz24618676095)
neg, 0.31607632861215096, left(srz99311014076)
neg, 0.09609493625297909, left(srz44248273994)
neg, 0.0887268665164327, left(srz99311013132)
neg, 0.08762384534061207, left(srz965949213804)
neg, 0.09463868543959796, left(srz993110112165)
neg, 0.33768125175482216, left(srz965949211305)
neg, 0.34814322782325435, left(srz1930610565)
neg, 0.43024999543214043, left(srz44230442894)
neg, 0.08762384534061207, left(srz965661714253)
neg, 0.10747792548879284, left(srz99311011600)
neg, 0.09700154491364789, left(srz99311015442)
neg, 0.09463868543959796, left(srz965949213296)
neg, 0.09259174908264792, left(srz274095916692)
neg, 0.10429965700047668, left(srz193065117)
neg, 0.10205775805938307, left(srz9656617212)
neg, 0.43024999543214043, left(srz99311019734)
neg, 0.10747792548879284, left(srz965949214164)
neg, 0.21561915279098645, left(srz9931101708)
neg, 0.09965842165547369, left(srz96566172211)
neg, 0.19918329105392513, left(srz24618672673)
neg, 0.2195820944774772, left(srz99311011641)
neg, 0.40635621084154055, left(srz24618673511)
neg, 0.10747792548879284, left(srz274095910073)
neg, 0.08762384534061207, left(srz24618677957)
neg, 0.09608915723563012, left(srz24618674544)
neg, 0.10205775805938307, left(srz965949213929)
neg, 0.08762384534061207, left(srz246186788)
neg, 0.23269372339757188, left(srz8029725592)
neg, 0.11688192957054873, left(srz44248277602)
neg, 0.5379974749891667, left(srz4424827209)
neg, 0.0937508809907689, left(srz8029721145)
neg, 0.43024999543214043, left(srz44230448066)
neg, 0.0887268665164327, left(srz80297210398)
neg, 0.7077438782664071, left(srz2740959554)
neg, 0.08762384534061207, left(srz99311015988)
neg, 0.4544511178758716, left(srz99311013316)
neg, 0.08762384534061207, left(srz193063969)
neg, 0.21561915279098645, left(srz24618677450)
neg, 0.10429965700047668, left(srz24618677056)
neg, 0.10205775805938307, left(srz96594921218)
neg, 0.31607632861215096, left(srz44248271650)
neg, 0.21561915279098645, left(srz27409591490)
neg, 0.10747792548879284, left(srz8029721973)
neg, 0.0887268665164327, left(srz193063623)
neg, 0.31607632861215096, left(srz8029729466)
neg, 0.338085635834678, left(srz246186710360)
neg, 0.0887268665164327, left(srz24618675917)
neg, 0.0958193856345921, left(srz8029729643)
neg, 0.08903291949117803, left(srz9931101508)
neg, 0.33768125175482216, left(srz96594924759)
neg, 0.09965842165547369, left(srz96566175332)
neg, 0.09470362628195078, left(srz993110111512)
neg, 0.10429965700047668, left(srz274095911567)
neg, 0.43024999543214043, left(srz99311011981)
neg, 0.08762384534061207, left(srz8029729175)
neg, 0.08762384534061207, left(srz96566177840)
neg, 0.40635621084154055, left(srz193064796)
neg, 0.43024999543214043, left(srz246186713625)
neg, 0.40635621084154055, left(srz193068751)
neg, 0.19918329105392513, left(srz4423044841)
neg, 0.08762384534061207, left(srz4424827527)
neg, 0.1893572335612909, left(srz274095913718)
neg, 0.33768125175482216, left(srz8029722728)
neg, 0.09545126812388274, left(srz193068722)
neg, 0.08990707212312127, left(srz8029723752)
neg, 0.10747792548879284, left(srz2461867607)
neg, 0.08762384534061207, left(srz96594928695)
neg, 0.43024999543214043, left(srz9656617976)
neg, 0.10747792548879284, left(srz274095913326)
neg, 0.34814322782325435, left(srz44248271038)
neg, 0.08762384534061207, left(srz8029724435)
neg, 0.338085635834678, left(srz44248276402)
neg, 0.09941796035347768, left(srz44230448364)
neg, 0.23269372339757188, left(srz27409591649)
neg, 0.43024999543214043, left(srz44230447800)
neg, 0.09965842165547369, left(srz44248272034)
neg, 0.09168441105486956, left(srz965661716080)
neg, 0.10747792548879284, left(srz4423044131)
neg, 0.3331641946750168, left(srz44248275919)
neg, 0.10747792548879284, left(srz993110111937)
neg, 0.31607632861215096, left(srz193061962)
neg, 0.3113054638003522, left(srz965661715832)
neg, 0.40635621084154055, left(srz96594922491)
neg, 0.43024999543214043, left(srz8029722124)
neg, 0.09447386570887614, left(srz99311012904)
neg, 0.08762384534061207, left(srz80297210423)
neg, 0.11688192957054873, left(srz44230447084)
neg, 0.08990707212312127, left(srz44248275192)
neg, 0.09232652434404263, left(srz44248277438)
neg, 0.43024999543214043, left(srz44230444337)
neg, 0.09340274269541389, left(srz44248273685)
neg, 0.2522192920344088, left(srz965661711777)
neg, 0.08762384534061207, left(srz99311013827)
neg, 0.09259174908264792, left(srz193062775)
neg, 0.0937508809907689, left(srz965661715493)
neg, 0.10747792548879284, left(srz44230442347)
neg, 0.31607632861215096, left(srz44230445109)
neg, 0.10205775805938307, left(srz96594926481)
neg, 0.43024999543214043, left(srz96594929046)
neg, 0.13062912489546, left(srz96566178765)
neg, 0.08762384534061207, left(srz965661712115)
neg, 0.43024999543214043, left(srz246186713628)
neg, 0.08762384534061207, left(srz44230441746)
neg, 0.21561915279098645, left(srz246186712005)
neg, 0.09965842165547369, left(srz993110110639)
neg, 0.10747792548879284, left(srz246186712894)
neg, 0.31607632861215096, left(srz8029727097)
neg, 0.31607632861215096, left(srz193065443)
neg, 0.0958193856345921, left(srz193063047)
neg, 0.3113054638003522, left(srz1930610696)
neg, 0.09463868543959796, left(srz99311011413)
neg, 0.08762384534061207, left(srz4423044274)
neg, 0.10429965700047668, left(srz274095914115)
neg, 0.10429965700047668, left(srz24618674717)
neg, 0.09082282791544143, left(srz24618675254)
neg, 0.09016603697229966, left(srz44248273670)
neg, 0.10429965700047668, left(srz965661711126)
neg, 0.08762384534061207, left(srz96566173688)
neg, 0.0887268665164327, left(srz8029727532)
neg, 0.33768125175482216, left(srz965661715347)
neg, 0.2522192920344088, left(srz246186714742)
neg, 0.11688192957054873, left(srz965661714020)
neg, 0.09129785735141506, left(srz44248276532)
neg, 0.0887268665164327, left(srz44248275335)
neg, 0.0887268665164327, left(srz96594921350)
neg, 0.15773133899215042, left(srz9659492594)
neg, 0.10747792548879284, left(srz96594925343)
neg, 0.31607632861215096, left(srz99311015858)
neg, 0.0887268665164327, left(srz24618675923)
neg, 0.3711736182300026, left(srz246186714624)
neg, 0.10747792548879284, left(srz27409599393)
neg, 0.19918329105392513, left(srz99311015025)
neg, 0.09762134993398691, left(srz246186710623)
neg, 0.08990707212312127, left(srz8029723634)
neg, 0.40635621084154055, left(srz27409596769)
neg, 0.10747792548879284, left(srz96594923495)
neg, 0.09168441105486956, left(srz965661716079)
neg, 0.43024999543214043, left(srz44230442271)
neg, 0.11688192957054873, left(srz965661714044)
neg, 0.09762134993398691, left(srz8029723406)
neg, 0.08762384534061207, left(srz96566175050)
neg, 0.08762384534061207, left(srz99311013912)
neg, 0.09090821718191328, left(srz802972362)
neg, 0.10429965700047668, left(srz8029721105)
neg, 0.09941796035347768, left(srz19306237)
neg, 0.11688192957054873, left(srz246186711901)
neg, 0.08903291949117803, left(srz44230447449)
neg, 0.08762384534061207, left(srz8029728894)
neg, 0.11688192957054873, left(srz246186711698)
neg, 0.338085635834678, left(srz44248277296)
neg, 0.08762384534061207, left(srz965949213691)
neg, 0.08762384534061207, left(srz965661714316)
neg, 0.09762134993398691, left(srz9659492370)
neg, 0.09608915723563012, left(srz44230441322)
neg, 0.10429965700047668, left(srz44230447506)
neg, 0.40635621084154055, left(srz96566172332)
neg, 0.23269372339757188, left(srz44248275476)
neg, 0.10747792548879284, left(srz8029721947)
neg, 0.19918329105392513, left(srz96594922784)
neg, 0.0887268665164327, left(srz99311013110)
neg, 0.43024999543214043, left(srz96594922448)
neg, 0.21561915279098645, left(srz8029722889)
neg, 0.31607632861215096, left(srz274095917121)
neg, 0.19274757238389273, left(srz96594926401)
neg, 0.09941796035347768, left(srz993110112027)
neg, 0.08762384534061207, left(srz99311011163)
neg, 0.6788760557584537, left(srz44248275885)
neg, 0.10429965700047668, left(srz193062444)
neg, 0.11688192957054873, left(srz8029721505)
neg, 0.21531360176855996, left(srz193061655)
neg, 0.0992611488082572, left(srz246186710961)
neg, 0.31607632861215096, left(srz993110111279)
neg, 0.6928377924762232, left(srz80297210058)
neg, 0.43024999543214043, left(srz274095916100)
neg, 0.33768125175482216, left(srz24618671405)
neg, 0.7077438782664071, left(srz993110111457)
neg, 0.09082282791544143, left(srz24618675250)
neg, 0.09129785735141506, left(srz246186712509)
neg, 0.09463868543959796, left(srz193066633)
neg, 0.08762384534061207, left(srz246186736)
neg, 0.09016603697229966, left(srz193067413)
neg, 0.10205775805938307, left(srz965661712274)
neg, 0.19918329105392513, left(srz96566171733)
neg, 0.09340274269541389, left(srz99311017690)
neg, 0.11688192957054873, left(srz44230446886)
neg, 0.08762384534061207, left(srz965949212742)
neg, 0.40635621084154055, left(srz8029726653)
neg, 0.31607632861215096, left(srz1930647)
neg, 0.31607632861215096, left(srz9659492451)
neg, 0.11688192957054873, left(srz44248277657)
neg, 0.21561915279098645, left(srz44230441129)
neg, 0.08928961349481537, left(srz274095916641)
neg, 0.09762134993398691, left(srz44248273959)
neg, 0.08990707212312127, left(srz8029723666)
neg, 0.08762384534061207, left(srz96594927704)
neg, 0.09486880485969293, left(srz96566176541)
neg, 0.09608915723563012, left(srz24618672108)
neg, 0.21531360176855996, left(srz2461867945)
neg, 0.08762384534061207, left(srz193065023)
neg, 0.43024999543214043, left(srz802972939)
neg, 0.5854559097590201, left(srz96566173170)
neg, 0.09259174908264792, left(srz1930610991)
neg, 0.21561915279098645, left(srz96594924074)
neg, 0.09463734954675793, left(srz9931101342)
neg, 0.09609493625297909, left(srz8029729436)
neg, 0.09609493625297909, left(srz8029724824)
neg, 0.4544511178758716, left(srz8029724536)
neg, 0.08762384534061207, left(srz96566173729)
neg, 0.08928961349481537, left(srz193069707)
neg, 0.09470362628195078, left(srz44230447946)
neg, 0.5854559097590201, left(srz965661715051)
neg, 0.09259174908264792, left(srz193068538)
neg, 0.08762384534061207, left(srz96566173793)
neg, 0.33768125175482216, left(srz193062821)
neg, 0.08990707212312127, left(srz965949210892)
neg, 0.08884187788696475, left(srz80297210209)
neg, 0.10404929125716667, left(srz965661710341)
neg, 0.43024999543214043, left(srz246186712699)
neg, 0.36040220265655376, left(srz96566173595)
neg, 0.08969631519377494, left(srz965661714859)
neg, 0.09490985775752864, left(srz1930610174)
neg, 0.33768125175482216, left(srz44248271905)
neg, 0.08990707212312127, left(srz1930610260)
neg, 0.09608915723563012, left(srz96594926353)
neg, 0.43024999543214043, left(srz27409595125)
neg, 0.40635621084154055, left(srz965949211150)
neg, 0.09168441105486956, left(srz27409591880)
neg, 0.09340274269541389, left(srz193061041)
neg, 0.10205775805938307, left(srz27409591577)
neg, 0.10429965700047668, left(srz274095911669)
neg, 0.0887268665164327, left(srz24618679358)
neg, 0.10429965700047668, left(srz99311019069)
neg, 0.5169565646748872, left(srz27409596873)
neg, 0.08762384534061207, left(srz44230446681)
neg, 0.09700154491364789, left(srz274095914431)
neg, 0.10404929125716667, left(srz24618679187)
neg, 0.43024999543214043, left(srz24618677996)
neg, 0.10404929125716667, left(srz99311018839)
neg, 0.19323985915953887, left(srz2461867202)
neg, 0.33768125175482216, left(srz193062744)
neg, 0.09470362628195078, left(srz44230442676)
neg, 0.31607632861215096, left(srz193062201)
neg, 0.08762384534061207, left(srz193063967)
neg, 0.08762384534061207, left(srz8029724369)
neg, 0.33186072259198907, left(srz96594926925)
neg, 0.43024999543214043, left(srz24618678382)
neg, 0.31607632861215096, left(srz4423044993)
neg, 0.36040220265655376, left(srz44230443243)
neg, 0.10747792548879284, left(srz96594925309)
neg, 0.10429965700047668, left(srz274095910849)
neg, 0.43024999543214043, left(srz24618679675)
neg, 0.08952278277750196, left(srz965661713401)
neg, 0.11688192957054873, left(srz99311014984)
neg, 0.09463868543959796, left(srz99311015572)
neg, 0.10404929125716667, left(srz96566171385)
neg, 0.0887268665164327, left(srz80297210366)
neg, 0.08928961349481537, left(srz2461867166)
neg, 0.40635621084154055, left(srz4423044188)
neg, 0.10429965700047668, left(srz993110110521)
neg, 0.338085635834678, left(srz44230443298)
neg, 0.2013793350879112, left(srz193065616)
neg, 0.10429965700047668, left(srz8029726481)
neg, 0.21561915279098645, left(srz246186716120)
neg, 0.08762384534061207, left(srz96594928762)
neg, 0.10747792548879284, left(srz8029727880)
neg, 0.0868824920165507, left(srz8029723122)
neg, 0.08762384534061207, left(srz8029725)
neg, 0.10429965700047668, left(srz96594924899)
neg, 0.10429965700047668, left(srz274095916851)
neg, 0.0992611488082572, left(srz27409598340)
neg, 0.21561915279098645, left(srz96566176175)
neg, 0.09463734954675793, left(srz965661711445)
neg, 0.3711736182300026, left(srz246186714520)
neg, 0.09340274269541389, left(srz99311017113)
neg, 0.09463868543959796, left(srz193061026)
neg, 0.0924723759409461, left(srz993110112109)
neg, 0.0887268665164327, left(srz27409595804)
neg, 0.09264665702184746, left(srz274095911111)
neg, 0.22014123864636012, left(srz44230441555)
neg, 0.31607632861215096, left(srz8029726308)
neg, 0.09224747701105376, left(srz965949211456)
neg, 0.08762384534061207, left(srz44248274373)
neg, 0.31607632861215096, left(srz442304464)
neg, 0.40635621084154055, left(srz96594922500)
neg, 0.0937508809907689, left(srz99311011519)
neg, 0.08884187788696475, left(srz80297210200)
neg, 0.10747792548879284, left(srz99311011577)
neg, 0.10205775805938307, left(srz96594926439)
neg, 0.2144317939556987, left(srz27409597489)
neg, 0.11688192957054873, left(srz99311014942)
neg, 0.10205775805938307, left(srz96594925284)
neg, 0.10429965700047668, left(srz246186713165)
neg, 0.10271147823357023, left(srz274095915592)
neg, 0.11688192957054873, left(srz44230447079)
neg, 0.09041152568594854, left(srz44248271336)
neg, 0.40635621084154055, left(srz246186713503)
neg, 0.09965842165547369, left(srz99311017979)
neg, 0.33768125175482216, left(srz8029724705)
neg, 0.10429965700047668, left(srz246186713472)
neg, 0.10747792548879284, left(srz246186712831)
neg, 0.5379974749891667, left(srz96566173581)
neg, 0.3113054638003522, left(srz27409596761)
neg, 0.33768125175482216, left(srz993110111508)
neg, 0.08762384534061207, left(srz24618677954)
neg, 0.7077438782664071, left(srz96566176451)
neg, 0.10205775805938307, left(srz96594921200)
neg, 0.21561915279098645, left(srz96566176213)
neg, 0.21531360176855996, left(srz99311016832)
neg, 0.09762134993398691, left(srz44248271991)
neg, 0.3113054638003522, left(srz965949212665)
neg, 0.33768125175482216, left(srz44230447985)
neg, 0.31607632861215096, left(srz99311019257)
neg, 0.43024999543214043, left(srz193063781)
neg, 0.338085635834678, left(srz44230445046)
neg, 0.08762384534061207, left(srz4424827374)
neg, 0.17082060411216196, left(srz8029722260)
neg, 0.19701951681629268, left(srz96594928467)
neg, 0.21561915279098645, left(srz27409591252)
neg, 0.2522192920344088, left(srz99311014867)
neg, 0.5379974749891667, left(srz9659492218)
neg, 0.10404929125716667, left(srz24618679075)
neg, 0.08762384534061207, left(srz4423044413)
neg, 0.11688192957054873, left(srz965661713992)
neg, 0.09470362628195078, left(srz96594922360)
neg, 0.08762384534061207, left(srz965949212741)
neg, 0.10429965700047668, left(srz27409594552)
neg, 0.36040220265655376, left(srz274095915853)
neg, 0.08762384534061207, left(srz965949213694)
neg, 0.21561915279098645, left(srz965949211991)
neg, 0.31607632861215096, left(srz96566173490)
neg, 0.09224747701105376, left(srz193062353)
neg, 0.3755421821594811, left(srz8029729883)
neg, 0.09656552271795196, left(srz274095910180)
neg, 0.09168441105486956, left(srz44248274311)
neg, 0.09470362628195078, left(srz8029729370)
neg, 0.11688192957054873, left(srz44230446863)
neg, 0.09463734954675793, left(srz193062969)
neg, 0.10429965700047668, left(srz96566179145)
neg, 0.09470362628195078, left(srz2740959626)
neg, 0.10429965700047668, left(srz965661710518)
neg, 0.08952278277750196, left(srz965661713399)
neg, 0.08884187788696475, left(srz44230445371)
neg, 0.08762384534061207, left(srz99311019500)
neg, 0.3711736182300026, left(srz274095913591)
neg, 0.08762384534061207, left(srz965949213736)
neg, 0.23269372339757188, left(srz4424827634)
neg, 0.19918329105392513, left(srz24618677299)
neg, 0.0868824920165507, left(srz27409592743)
neg, 0.23269372339757188, left(srz4424827685)
neg, 0.08762384534061207, left(srz44230443730)
neg, 0.09490985775752864, left(srz99311014097)
neg, 0.09490985775752864, left(srz193069720)
neg, 0.09609493625297909, left(srz19306868)
neg, 0.10747792548879284, left(srz27409598887)
neg, 0.09463868543959796, left(srz44230445870)
neg, 0.34814322782325435, left(srz802972197)
neg, 0.10205775805938307, left(srz993110111128)
neg, 0.43024999543214043, left(srz965949212629)
neg, 0.11688192957054873, left(srz965661711679)
neg, 0.5854559097590201, left(srz965661715386)
neg, 0.5169565646748872, left(srz96566174732)
neg, 0.08762384534061207, left(srz193069360)
neg, 0.09608915723563012, left(srz8029721228)
neg, 0.08762384534061207, left(srz965661714242)
neg, 0.2013793350879112, left(srz193065619)
neg, 0.338085635834678, left(srz44230447701)
neg, 0.10429965700047668, left(srz24618675363)
neg, 0.31607632861215096, left(srz96566178008)
neg, 0.0958193856345921, left(srz8029721120)
neg, 0.21531360176855996, left(srz96594927187)
neg, 0.08990707212312127, left(srz193063486)
neg, 0.12239018499212168, left(srz27409594275)
neg, 0.3113054638003522, left(srz965661715808)
neg, 0.11688192957054873, left(srz44248273494)
neg, 0.5854559097590201, left(srz44248276985)
neg, 0.40635621084154055, left(srz44230442148)
neg, 0.3113054638003522, left(srz965661715809)
neg, 0.09470362628195078, left(srz96594922579)
neg, 0.31607632861215096, left(srz246186717022)
neg, 0.21561915279098645, left(srz27409591342)
neg, 0.08762384534061207, left(srz44248274302)
neg, 0.09608915723563012, left(srz193063357)
neg, 0.21531360176855996, left(srz44230444065)
neg, 0.09632821988167461, left(srz96566172210)
neg, 0.0887268665164327, left(srz24618679383)
neg, 0.43024999543214043, left(srz27409598387)
neg, 0.338085635834678, left(srz8029724742)
neg, 0.09762134993398691, left(srz44230448202)
neg, 0.0887268665164327, left(srz27409597316)
neg, 0.31607632861215096, left(srz8029727016)
neg, 0.09355835621005208, left(srz96594923716)
neg, 0.09224747701105376, left(srz8029729081)
neg, 0.40635621084154055, left(srz802972597)
neg, 0.5169565646748872, left(srz9931101992)
neg, 0.5379974749891667, left(srz99311015255)
neg, 0.09463868543959796, left(srz99311019830)
neg, 0.10404929125716667, left(srz96594926435)
neg, 0.7077438782664071, left(srz44248273812)
neg, 0.2144317939556987, left(srz99311011804)
neg, 0.09129785735141506, left(srz44248276664)
neg, 0.09129785735141506, left(srz44230447412)
neg, 0.10205775805938307, left(srz96594926445)
neg, 0.31607632861215096, left(srz44230444554)
neg, 0.09490985775752864, left(srz1930610659)
neg, 0.0868824920165507, left(srz2740959960)
neg, 0.31607632861215096, left(srz8029724729)
neg, 0.09965842165547369, left(srz19306247)
neg, 0.10747792548879284, left(srz9656617231)
neg, 0.09490985775752864, left(srz8029723525)
neg, 0.08969631519377494, left(srz1930610773)
neg, 0.11688192957054873, left(srz99311014749)
neg, 0.10429965700047668, left(srz965949213649)
neg, 0.21561915279098645, left(srz24618677571)
neg, 0.19918329105392513, left(srz96566172805)
neg, 0.10205775805938307, left(srz274095912318)
neg, 0.0992611488082572, left(srz44230446764)
neg, 0.19918329105392513, left(srz24618672616)
neg, 0.43024999543214043, left(srz274095913036)
neg, 0.08990707212312127, left(srz1930610289)
neg, 0.33768125175482216, left(srz8029723956)
neg, 0.10429965700047668, left(srz274095915730)
neg, 0.43024999543214043, left(srz99311011963)
neg, 0.21561915279098645, left(srz96566176124)
neg, 0.08990707212312127, left(srz1930610253)
neg, 0.47064800180582994, left(srz44248274991)
neg, 0.10747792548879284, left(srz99311018592)
neg, 0.09264665702184746, left(srz44230442574)
neg, 0.3711736182300026, left(srz44248275488)
neg, 0.09609493625297909, left(srz965661711285)
neg, 0.2522192920344088, left(srz99311014825)
neg, 0.09340274269541389, left(srz965949211680)
neg, 0.08762384534061207, left(srz4424827396)
neg, 0.37416594167486705, left(srz99311017875)
neg, 0.09470362628195078, left(srz96594922363)
neg, 0.11688192957054873, left(srz44230444273)
neg, 0.0887268665164327, left(srz9656617454)
neg, 0.19918329105392513, left(srz99311017810)
neg, 0.09965842165547369, left(srz44248277427)
neg, 0.10429965700047668, left(srz9931101108)
neg, 0.43024999543214043, left(srz8029726966)
neg, 0.5854559097590201, left(srz8029722566)
neg, 0.08762384534061207, left(srz19306433)
neg, 0.36040220265655376, left(srz274095915854)
neg, 0.10205775805938307, left(srz965949213923)
neg, 0.21531360176855996, left(srz246186715979)
neg, 0.08762384534061207, left(srz44230441733)
neg, 0.10429965700047668, left(srz96566174650)
neg, 0.08762384534061207, left(srz274095911328)
neg, 0.08762384534061207, left(srz193066796)
neg, 0.21531360176855996, left(srz24618671014)
neg, 0.21531360176855996, left(srz96594927193)
neg, 0.33768125175482216, left(srz1930611163)
neg, 0.08762384534061207, left(srz193065068)
neg, 0.09676680526555598, left(srz965661713739)
neg, 0.09532859567133202, left(srz96594923450)
neg, 0.31607632861215096, left(srz27409596201)
neg, 0.2716455391777424, left(srz965661710247)
neg, 0.34855354714672426, left(srz193069696)
neg, 0.21561915279098645, left(srz246186716217)
neg, 0.33768125175482216, left(srz993110111474)
neg, 0.31607632861215096, left(srz99311018166)
neg, 0.09168441105486956, left(srz27409597691)
neg, 0.09463868543959796, left(srz193065215)
neg, 0.08928961349481537, left(srz99311011665)
neg, 0.33768125175482216, left(srz193063086)
neg, 0.08762384534061207, left(srz193066723)
neg, 0.31607632861215096, left(srz993110161)
neg, 0.13815290302824862, left(srz193067963)
neg, 0.09447386570887614, left(srz44230442499)
neg, 0.10429965700047668, left(srz96594922253)
neg, 0.21561915279098645, left(srz96594924080)
neg, 0.09941796035347768, left(srz8029726243)
neg, 0.09470362628195078, left(srz24618678785)
neg, 0.10429965700047668, left(srz274095912600)
neg, 0.31607632861215096, left(srz193066440)
neg, 0.08978074992954073, left(srz993110198)
neg, 0.09941796035347768, left(srz44248271198)
neg, 0.10747792548879284, left(srz274095910051)
neg, 0.11688192957054873, left(srz965661713983)
neg, 0.0887268665164327, left(srz274095912380)
neg, 0.10429965700047668, left(srz96594922566)
neg, 0.09608915723563012, left(srz24618671844)
neg, 0.0924723759409461, left(srz24618678218)
neg, 0.09340274269541389, left(srz965949212205)
neg, 0.10429965700047668, left(srz193068486)
neg, 0.10404929125716667, left(srz96594929621)
neg, 0.08762384534061207, left(srz96594928638)
neg, 0.11688192957054873, left(srz44230444283)
neg, 0.08762384534061207, left(srz965949212816)
neg, 0.10747792548879284, left(srz27409598614)
neg, 0.338085635834678, left(srz99311017849)
neg, 0.33768125175482216, left(srz8029722793)
neg, 0.16148710120292242, left(srz96566178272)
neg, 0.09608915723563012, left(srz246186712190)
neg, 0.08762384534061207, left(srz44248274427)
neg, 0.09016603697229966, left(srz2740959224)
neg, 0.10205775805938307, left(srz246186713087)
neg, 0.08762384534061207, left(srz193064919)
neg, 0.5854559097590201, left(srz802972538)
neg, 0.10747792548879284, left(srz9656617310)
neg, 0.10205775805938307, left(srz96566171422)
neg, 0.31607632861215096, left(srz99311013286)
neg, 0.43024999543214043, left(srz24618674618)
neg, 0.36040220265655376, left(srz8029725483)
neg, 0.09965842165547369, left(srz96594923424)
neg, 0.19918329105392513, left(srz8029721585)
neg, 0.08762384534061207, left(srz965661712182)
neg, 0.08762384534061207, left(srz2740959103)
neg, 0.09609493625297909, left(srz965661711282)
neg, 0.34814322782325435, left(srz99311016425)
neg, 0.09447386570887614, left(srz96566171334)
neg, 0.3261986113799918, left(srz965661712467)
neg, 0.09965842165547369, left(srz44230441287)
neg, 0.08762384534061207, left(srz99311011120)
neg, 0.08762384534061207, left(srz96566173820)
neg, 0.40635621084154055, left(srz44248271250)
neg, 0.10429965700047668, left(srz993110111687)
neg, 0.11688192957054873, left(srz274095915006)
neg, 0.13952275334673125, left(srz44230442842)
neg, 0.08762384534061207, left(srz99311019505)
neg, 0.10429965700047668, left(srz965661710510)
neg, 0.40635621084154055, left(srz99311019717)
neg, 0.11688192957054873, left(srz193061353)
neg, 0.43024999543214043, left(srz99311011853)
neg, 0.36040220265655376, left(srz44230443336)
neg, 0.08978074992954073, left(srz274095915886)
neg, 0.33768125175482216, left(srz44248274965)
neg, 0.08762384534061207, left(srz44248274358)
neg, 0.40635621084154055, left(srz27409594656)
neg, 0.31607632861215096, left(srz246186714267)
neg, 0.09236658937799515, left(srz193063450)
neg, 0.40635621084154055, left(srz24618673451)
neg, 0.43024999543214043, left(srz99311012186)
neg, 0.2161421357982058, left(srz44230447015)
neg, 0.09965842165547369, left(srz44230447827)
neg, 0.43024999543214043, left(srz44248275825)
neg, 0.09608915723563012, left(srz193068342)
neg, 0.09609493625297909, left(srz44248275049)
neg, 0.09363016764644838, left(srz27409594710)
neg, 0.09608915723563012, left(srz24618679774)
neg, 0.09463734954675793, left(srz274095917011)
neg, 0.08762384534061207, left(srz44230441756)
neg, 0.5379974749891667, left(srz4424827563)
neg, 0.09941796035347768, left(srz99311019858)
neg, 0.09224747701105376, left(srz1930612136)
neg, 0.10429965700047668, left(srz27409594955)
neg, 0.19918329105392513, left(srz96566179027)
neg, 0.31607632861215096, left(srz24618671492)
neg, 0.10429965700047668, left(srz99311015463)
neg, 0.43024999543214043, left(srz4424827217)
neg, 0.10429965700047668, left(srz965661710497)
neg, 0.09447233311561995, left(srz99311014352)
neg, 0.19274757238389273, left(srz96594926388)
neg, 0.09762134993398691, left(srz246186710633)
neg, 0.40635621084154055, left(srz8029725392)
neg, 0.40635621084154055, left(srz27409594388)
neg, 0.08762384534061207, left(srz246186713321)
neg, 0.09929050605018572, left(srz96566177184)
neg, 0.08762384534061207, left(srz246186713351)
neg, 0.10747792548879284, left(srz274095910047)
neg, 0.3261986113799918, left(srz27409599340)
neg, 0.0992611488082572, left(srz274095915825)
neg, 0.36040220265655376, left(srz96566177242)
neg, 0.09609493625297909, left(srz993110111793)
neg, 0.33768125175482216, left(srz193063173)
neg, 0.31607632861215096, left(srz965949210516)
neg, 0.10747792548879284, left(srz8029724923)
neg, 0.09608915723563012, left(srz44248274466)
neg, 0.40635621084154055, left(srz99311011655)
neg, 0.08762384534061207, left(srz965949212788)
neg, 0.33768125175482216, left(srz44230447545)
neg, 0.33768125175482216, left(srz96566175491)
neg, 0.13952275334673125, left(srz96594925170)
neg, 0.08762384534061207, left(srz99311011143)
neg, 0.3261986113799918, left(srz274095916314)
neg, 0.21561915279098645, left(srz99311016794)
neg, 0.6788760557584537, left(srz193067031)
neg, 0.08762384534061207, left(srz44230443780)
neg, 0.10429965700047668, left(srz24618678501)
neg, 0.40635621084154055, left(srz27409597870)
neg, 0.10429965700047668, left(srz96566178459)
neg, 0.09941796035347768, left(srz99311011451)
neg, 0.09965842165547369, left(srz24618676727)
neg, 0.0868824920165507, left(srz193061086)
neg, 0.10747792548879284, left(srz44230448208)
neg, 0.338085635834678, left(srz44248276188)
neg, 0.31607632861215096, left(srz1930611222)
neg, 0.09470362628195078, left(srz1930611463)
neg, 0.2161421357982058, left(srz96594923277)
neg, 0.09609493625297909, left(srz8029723219)
neg, 0.09447233311561995, left(srz44230442831)
neg, 0.338085635834678, left(srz44248276146)
neg, 0.43024999543214043, left(srz44248271280)
neg, 0.40635621084154055, left(srz965661712601)
neg, 0.10205775805938307, left(srz96594921194)
neg, 0.12050413854916141, left(srz44248277507)
neg, 0.08762384534061207, left(srz44230441631)
neg, 0.40635621084154055, left(srz44248271254)
neg, 0.10404929125716667, left(srz80297210115)
neg, 0.10429965700047668, left(srz27409596100)
neg, 0.08762384534061207, left(srz2461867115)
neg, 0.2522192920344088, left(srz99311014796)
neg, 0.40635621084154055, left(srz24618672995)
neg, 0.10205775805938307, left(srz96566171434)
neg, 0.34814322782325435, left(srz965949212134)
neg, 0.31607632861215096, left(srz44248275875)
neg, 0.13062912489546, left(srz96566178713)
neg, 0.09355835621005208, left(srz44230442465)
neg, 0.10747792548879284, left(srz44230442343)
neg, 0.31607632861215096, left(srz24618675002)
neg, 0.43024999543214043, left(srz99311014520)
neg, 0.09609493625297909, left(srz8029727322)
neg, 0.09486880485969293, left(srz99311012742)
neg, 0.3331641946750168, left(srz9931101522)
neg, 0.5854559097590201, left(srz44230445183)
neg, 0.09398249492320182, left(srz96566177764)
neg, 0.08969631519377494, left(srz96594925083)
neg, 0.11688192957054873, left(srz99311016724)
neg, 0.08928961349481537, left(srz96566173840)
neg, 0.09490985775752864, left(srz99311014096)
neg, 0.09463868543959796, left(srz8029729762)
neg, 0.19176228743018453, left(srz24618678641)
neg, 0.08969631519377494, left(srz96594924556)
neg, 0.33768125175482216, left(srz99311018252)
neg, 0.08762384534061207, left(srz246186716346)
neg, 0.31607632861215096, left(srz8029726394)
neg, 0.36040220265655376, left(srz8029724777)
neg, 0.08797708080886504, left(srz24618676857)
neg, 0.10404929125716667, left(srz246186711548)
neg, 0.31607632861215096, left(srz44230444556)
neg, 0.09224747701105376, left(srz965949213007)
neg, 0.10205775805938307, left(srz965949213380)
neg, 0.0887268665164327, left(srz9656617342)
neg, 0.40635621084154055, left(srz24618671669)
neg, 0.19918329105392513, left(srz965949211772)
neg, 0.31607632861215096, left(srz193061207)
neg, 0.09558720393374359, left(srz965661710357)
neg, 0.10747792548879284, left(srz246186713552)
neg, 0.40635621084154055, left(srz802972925)
neg, 0.08762384534061207, left(srz96566177896)
neg, 0.09470362628195078, left(srz274095911192)
neg, 0.33768125175482216, left(srz1930611159)
neg, 0.09224747701105376, left(srz44230441244)
neg, 0.36040220265655376, left(srz8029722547)
neg, 0.10404929125716667, left(srz24618675685)
neg, 0.10747792548879284, left(srz44230448193)
neg, 0.08762384534061207, left(srz193063912)
neg, 0.10747792548879284, left(srz993110110491)
neg, 0.09762134993398691, left(srz965661710125)
neg, 0.22014123864636012, left(srz8029727840)
neg, 0.31607632861215096, left(srz24618676076)
neg, 0.21531360176855996, left(srz24618671004)
neg, 0.08884187788696475, left(srz80297210130)
neg, 0.09463734954675793, left(srz9931101352)
neg, 0.09470362628195078, left(srz27409596285)
neg, 0.23784265859764414, left(srz44248277347)
neg, 0.09609493625297909, left(srz965949213542)
neg, 0.09398249492320182, left(srz99311015643)
neg, 0.338085635834678, left(srz802972804)
neg, 0.09656552271795196, left(srz96594923338)
neg, 0.10205775805938307, left(srz44248273606)
neg, 0.2522192920344088, left(srz44230444835)
neg, 0.08762384534061207, left(srz246186713273)
neg, 0.10404929125716667, left(srz965949210713)
neg, 0.10429965700047668, left(srz24618671929)
neg, 0.09264665702184746, left(srz193064110)
neg, 0.08958030644887138, left(srz193069293)
neg, 0.11688192957054873, left(srz44248277799)
neg, 0.09259174908264792, left(srz8029726845)
neg, 0.10747792548879284, left(srz44248278302)
neg, 0.10747792548879284, left(srz193068987)
neg, 0.31607632861215096, left(srz8029722185)
neg, 0.3711736182300026, left(srz24618679548)
neg, 0.09340274269541389, left(srz8029722054)
neg, 0.2522192920344088, left(srz99311014793)
neg, 0.09041152568594854, left(srz8029721029)
neg, 0.2161421357982058, left(srz44230446966)
neg, 0.43024999543214043, left(srz8029725652)
neg, 0.21531360176855996, left(srz96594923950)
neg, 0.31607632861215096, left(srz96566172537)
neg, 0.40635621084154055, left(srz8029725331)
neg, 0.09609493625297909, left(srz99311019355)
neg, 0.5379974749891667, left(srz44248275803)
neg, 0.36040220265655376, left(srz44230441460)
neg, 0.10429965700047668, left(srz274095912585)
neg, 0.09463734954675793, left(srz193065289)
neg, 0.31607632861215096, left(srz80297210027)
neg, 0.21561915279098645, left(srz27409593845)
neg, 0.09447386570887614, left(srz44230442397)
neg, 0.0887268665164327, left(srz193069150)
neg, 0.43024999543214043, left(srz274095916099)
neg, 0.13062912489546, left(srz274095913805)
neg, 0.08969631519377494, left(srz8029729797)
neg, 0.11688192957054873, left(srz274095916243)
neg, 0.21561915279098645, left(srz27409594081)
neg, 0.0887268665164327, left(srz44248275318)
neg, 0.08762384534061207, left(srz44248274665)
neg, 0.43024999543214043, left(srz965661713184)
neg, 0.09965842165547369, left(srz193068481)
neg, 0.10429965700047668, left(srz96566179078)
neg, 0.34855354714672426, left(srz99311017180)
neg, 0.21561915279098645, left(srz24618677463)
neg, 0.09609493625297909, left(srz8029727337)
neg, 0.21531360176855996, left(srz99311016834)
neg, 0.09447233311561995, left(srz1930610720)
neg, 0.09965842165547369, left(srz8029724113)
neg, 0.40635621084154055, left(srz44230444790)
neg, 0.10429965700047668, left(srz274095916986)
neg, 0.0887268665164327, left(srz44230442777)
neg, 0.08762384534061207, left(srz8029725921)
neg, 0.10429965700047668, left(srz27409594960)
neg, 0.11688192957054873, left(srz274095914985)
neg, 0.10747792548879284, left(srz27409599818)
neg, 0.09340274269541389, left(srz99311017106)
neg, 0.0868824920165507, left(srz24618671503)
neg, 0.0887268665164327, left(srz965661710594)
neg, 0.08762384534061207, left(srz96566173796)
neg, 0.11688192957054873, left(srz246186714685)
neg, 0.33768125175482216, left(srz193064528)
neg, 0.08762384534061207, left(srz193064055)
neg, 0.09965842165547369, left(srz44230447829)
neg, 0.10429965700047668, left(srz274095910882)
neg, 0.08762384534061207, left(srz80297210421)
neg, 0.23784265859764414, left(srz4423044582)
neg, 0.10429965700047668, left(srz27409594544)
neg, 0.19918329105392513, left(srz965949211861)
neg, 0.08762384534061207, left(srz44248274320)
neg, 0.6928377924762232, left(srz274095915694)
neg, 0.09407054746139654, left(srz965661713720)
neg, 0.08797708080886504, left(srz44248275921)
neg, 0.09340274269541389, left(srz246186711119)
neg, 0.3711736182300026, left(srz965949210558)
neg, 0.33768125175482216, left(srz965661713887)
neg, 0.09129785735141506, left(srz44248276716)
neg, 0.08762384534061207, left(srz274095987)
neg, 0.08762384534061207, left(srz99311013886)
neg, 0.11688192957054873, left(srz274095913849)
neg, 0.0887268665164327, left(srz8029723837)
neg, 0.08762384534061207, left(srz193063933)
neg, 0.31607632861215096, left(srz8029724033)
neg, 0.43024999543214043, left(srz27409595123)
neg, 0.2144317939556987, left(srz965949212564)
neg, 0.10429965700047668, left(srz96566174861)
neg, 0.08990707212312127, left(srz8029723674)
neg, 0.08762384534061207, left(srz2740959138)
neg, 0.15773133899215042, left(srz9659492645)
neg, 0.08762384534061207, left(srz965949213853)
neg, 0.10205775805938307, left(srz274095912320)
neg, 0.095140567258244, left(srz44230441340)
neg, 0.0937508809907689, left(srz993110112033)
neg, 0.08958030644887138, left(srz24618672287)
neg, 0.11688192957054873, left(srz96566178972)
neg, 0.10205775805938307, left(srz27409591592)
neg, 0.31607632861215096, left(srz193066267)
neg, 0.2013793350879112, left(srz96566175078)
neg, 0.33768125175482216, left(srz8029722751)
neg, 0.43024999543214043, left(srz27409598406)
neg, 0.10429965700047668, left(srz27409594285)
neg, 0.19918329105392513, left(srz96566172812)
neg, 0.5379974749891667, left(srz802972540)
neg, 0.10404929125716667, left(srz24618675697)
neg, 0.10429965700047668, left(srz27409593058)
neg, 0.40635621084154055, left(srz27409594704)
neg, 0.09340274269541389, left(srz9931101260)
neg, 0.3113054638003522, left(srz8029721389)
neg, 0.0868824920165507, left(srz44230445776)
neg, 0.08762384534061207, left(srz44248274777)
neg, 0.40635621084154055, left(srz8029729537)
neg, 0.0887268665164327, left(srz193067869)
neg, 0.338085635834678, left(srz44248277284)
neg, 0.0868824920165507, left(srz9659492542)
neg, 0.36040220265655376, left(srz24618672497)
neg, 0.11688192957054873, left(srz4424827936)
neg, 0.11688192957054873, left(srz965661711867)
neg, 0.0887268665164327, left(srz193063702)
neg, 0.31607632861215096, left(srz1930611218)
neg, 0.23269372339757188, left(srz4424827812)
neg, 0.08990707212312127, left(srz965949210848)
neg, 0.08762384534061207, left(srz8029728966)
neg, 0.338085635834678, left(srz80297210657)
neg, 0.10205775805938307, left(srz24618675864)
neg, 0.43024999543214043, left(srz274095912606)
neg, 0.08762384534061207, left(srz965661714213)
neg, 0.31607632861215096, left(srz246186716893)
neg, 0.43024999543214043, left(srz965949212620)
neg, 0.43024999543214043, left(srz44230446047)
neg, 0.09016603697229966, left(srz2740959212)
neg, 0.08990707212312127, left(srz193067689)
neg, 0.08762384534061207, left(srz193069529)
neg, 0.3711736182300026, left(srz44248275486)
neg, 0.09447233311561995, left(srz442304465)
neg, 0.31607632861215096, left(srz4423044970)
neg, 0.3261986113799918, left(srz96566173122)
neg, 0.21531360176855996, left(srz44230443960)
neg, 0.11688192957054873, left(srz246186711932)
neg, 0.10747792548879284, left(srz8029725011)
neg, 0.21561915279098645, left(srz24618672800)
neg, 0.338085635834678, left(srz44230443104)
neg, 0.0887268665164327, left(srz1930610519)
neg, 0.095140567258244, left(srz44230442305)
neg, 0.33768125175482216, left(srz193064604)
neg, 0.43024999543214043, left(srz96566174010)
neg, 0.10404929125716667, left(srz274095913495)
neg, 0.0937508809907689, left(srz96566174249)
neg, 0.0887268665164327, left(srz99311018695)
neg, 0.12280640097404143, left(srz965949213286)
neg, 0.21561915279098645, left(srz965661711919)
neg, 0.09264665702184746, left(srz2461867849)
neg, 0.33768125175482216, left(srz9659492877)
neg, 0.40635621084154055, left(srz193061728)
neg, 0.21337041404072626, left(srz1930611275)
neg, 0.13952275334673125, left(srz99311015248)
neg, 0.10429965700047668, left(srz27409593388)
neg, 0.19918329105392513, left(srz96566172966)
neg, 0.31607632861215096, left(srz96566176053)
neg, 0.08990707212312127, left(srz44248275130)
neg, 0.09168441105486956, left(srz27409597750)
neg, 0.09490985775752864, left(srz8029724204)
neg, 0.21531360176855996, left(srz965949211754)
neg, 0.0887268665164327, left(srz246186710698)
neg, 0.09965842165547369, left(srz96566172458)
neg, 0.10429965700047668, left(srz24618678497)
neg, 0.21561915279098645, left(srz9931101856)
neg, 0.3261986113799918, left(srz27409599304)
neg, 0.21561915279098645, left(srz27409591269)
neg, 0.338085635834678, left(srz99311017912)
neg, 0.16148710120292242, left(srz965661710003)
neg, 0.33768125175482216, left(srz24618676611)
neg, 0.09340274269541389, left(srz96594924367)
neg, 0.43024999543214043, left(srz193063807)
neg, 0.09447233311561995, left(srz96566176604)
neg, 0.31607632861215096, left(srz96566175103)
neg, 0.10747792548879284, left(srz96594922565)
neg, 0.09486880485969293, left(srz44230444714)
neg, 0.10747792548879284, left(srz96594921826)
neg, 0.09224747701105376, left(srz44230441241)
neg, 0.09608915723563012, left(srz274095914365)
neg, 0.09224747701105376, left(srz965949211178)
neg, 0.08762384534061207, left(srz27409599626)
neg, 0.31607632861215096, left(srz96594922840)
neg, 0.43024999543214043, left(srz44248271559)
neg, 0.10747792548879284, left(srz193067350)
neg, 0.10429965700047668, left(srz96566171496)
neg, 0.09355835621005208, left(srz193061270)
neg, 0.17277259659916264, left(srz44248273760)
neg, 0.6370360364783444, left(srz27409595583)
neg, 0.11688192957054873, left(srz965949213327)
neg, 0.3261986113799918, left(srz965661712522)
neg, 0.34855354714672426, left(srz965661712408)
neg, 0.10747792548879284, left(srz96594926089)
neg, 0.09470362628195078, left(srz8029728134)
neg, 0.31607632861215096, left(srz9659492468)
neg, 0.08762384534061207, left(srz8029729177)
neg, 0.10747792548879284, left(srz274095915459)
neg, 0.09463868543959796, left(srz96566179281)
neg, 0.09129785735141506, left(srz44248276648)
neg, 0.11688192957054873, left(srz96594929223)
neg, 0.23269372339757188, left(srz27409591058)
neg, 0.0887268665164327, left(srz44230442717)
neg, 0.08762384534061207, left(srz24618677965)
neg, 0.21561915279098645, left(srz27409591359)
neg, 0.0992611488082572, left(srz246186716584)
neg, 0.5379974749891667, left(srz99311019706)
neg, 0.08762384534061207, left(srz193063917)
neg, 0.09168441105486956, left(srz96566176689)
neg, 0.7077438782664071, left(srz96566171761)
neg, 0.0958193856345921, left(srz274095916997)
neg, 0.08762384534061207, left(srz99311013775)
neg, 0.31607632861215096, left(srz44230444406)
neg, 0.10429965700047668, left(srz96566175581)
neg, 0.0887268665164327, left(srz80297210387)
neg, 0.08762384534061207, left(srz246186798)
neg, 0.09129785735141506, left(srz44248276608)
neg, 0.09447233311561995, left(srz24618675267)
neg, 0.10747792548879284, left(srz19306101)
neg, 0.08884187788696475, left(srz44230445395)
neg, 0.08762384534061207, left(srz8029728935)
neg, 0.09965842165547369, left(srz246186711301)
neg, 0.33768125175482216, left(srz274095917181)
neg, 0.10747792548879284, left(srz44230444619)
neg, 0.3113054638003522, left(srz99311018336)
neg, 0.10747792548879284, left(srz1930690)
neg, 0.0937508809907689, left(srz965949210299)
neg, 0.08990707212312127, left(srz193067615)
neg, 0.08990707212312127, left(srz193067712)
neg, 0.09264665702184746, left(srz99311016881)
neg, 0.08762384534061207, left(srz96594927596)
neg, 0.08762384534061207, left(srz246186713325)
neg, 0.33768125175482216, left(srz193063169)
neg, 0.2522192920344088, left(srz965661711713)
neg, 0.08762384534061207, left(srz1930612302)
neg, 0.21531360176855996, left(srz2461867955)
neg, 0.08762384534061207, left(srz965949212892)
neg, 0.31607632861215096, left(srz44248274530)
neg, 0.3261986113799918, left(srz27409599345)
neg, 0.23269372339757188, left(srz246186712081)
neg, 0.0868824920165507, left(srz24618671504)
neg, 0.09609493625297909, left(srz9659492104)
neg, 0.10747792548879284, left(srz965949211383)
neg, 0.09016603697229966, left(srz193067406)
neg, 0.40635621084154055, left(srz193068366)
neg, 0.12280640097404143, left(srz1930612158)
neg, 0.08762384534061207, left(srz44248274239)
neg, 0.33768125175482216, left(srz193062813)
neg, 0.5854559097590201, left(srz44230447326)
neg, 0.6928377924762232, left(srz965661715395)
neg, 0.11688192957054873, left(srz274095914994)
neg, 0.09608915723563012, left(srz24618672521)
neg, 0.10429965700047668, left(srz246186711075)
neg, 0.09941796035347768, left(srz965661712489)
neg, 0.09463868543959796, left(srz44230444998)
neg, 0.43024999543214043, left(srz193065516)
neg, 0.09259174908264792, left(srz965661712905)
neg, 0.338085635834678, left(srz44248276144)
neg, 0.17064270533827597, left(srz44248276381)
neg, 0.13952275334673125, left(srz99311018435)
neg, 0.31607632861215096, left(srz99311014084)
neg, 0.10205775805938307, left(srz96594926460)
neg, 0.09470362628195078, left(srz4423044455)
neg, 0.40635621084154055, left(srz274095916368)
neg, 0.08990707212312127, left(srz193067792)
neg, 0.10205775805938307, left(srz193068943)
neg, 0.0887268665164327, left(srz27409595888)
neg, 0.08958030644887138, left(srz2740959807)
neg, 0.09440773299953088, left(srz27409597051)
neg, 0.09447233311561995, left(srz193067939)
neg, 0.10747792548879284, left(srz8029728047)
neg, 0.08884187788696475, left(srz80297210203)
neg, 0.5379974749891667, left(srz99311017941)
neg, 0.0887268665164327, left(srz246186710761)
neg, 0.10747792548879284, left(srz802972881)
neg, 0.09608915723563012, left(srz80297210788)
neg, 0.09264665702184746, left(srz246186710666)
neg, 0.09609493625297909, left(srz99311015635)
neg, 0.31607632861215096, left(srz246186714110)
neg, 0.43024999543214043, left(srz24618671799)
neg, 0.10429965700047668, left(srz193062445)
neg, 0.31607632861215096, left(srz9659492840)
neg, 0.09490985775752864, left(srz44230446425)
neg, 0.33768125175482216, left(srz24618671126)
neg, 0.40635621084154055, left(srz96566171929)
neg, 0.21561915279098645, left(srz44230441066)
neg, 0.31607632861215096, left(srz193068239)
neg, 0.43024999543214043, left(srz274095916962)
neg, 0.10205775805938307, left(srz274095912165)
neg, 0.31607632861215096, left(srz44230444418)
neg, 0.33768125175482216, left(srz44248271768)
neg, 0.10429965700047668, left(srz193065344)
neg, 0.08762384534061207, left(srz44248277977)
neg, 0.08969631519377494, left(srz8029724905)
neg, 0.09558720393374359, left(srz1930610216)
neg, 0.0992611488082572, left(srz193063371)
neg, 0.43024999543214043, left(srz274095916355)
neg, 0.21561915279098645, left(srz27409593778)
neg, 0.43024999543214043, left(srz24618672259)
neg, 0.10747792548879284, left(srz193063290)
neg, 0.23784265859764414, left(srz965661711359)
neg, 0.22014123864636012, left(srz8029721792)
neg, 0.11688192957054873, left(srz44248277812)
neg, 0.2144317939556987, left(srz27409596435)
neg, 0.338085635834678, left(srz80297210634)
neg, 0.10747792548879284, left(srz24618673087)
neg, 0.10747792548879284, left(srz9656617301)
neg, 0.11688192957054873, left(srz96594922966)
neg, 0.09259174908264792, left(srz965661715623)
neg, 0.08958030644887138, left(srz24618671556)
neg, 0.40635621084154055, left(srz274095910981)
neg, 0.43024999543214043, left(srz27409592470)
neg, 0.31607632861215096, left(srz96566172915)
neg, 0.43024999543214043, left(srz44230444520)
neg, 0.0887268665164327, left(srz965949210947)
neg, 0.31607632861215096, left(srz193067448)
neg, 0.09941796035347768, left(srz8029727932)
neg, 0.09608915723563012, left(srz246186710931)
neg, 0.0868824920165507, left(srz193064643)
neg, 0.0887268665164327, left(srz99311013043)
neg, 0.09340274269541389, left(srz193067255)
neg, 0.5006733409902656, left(srz44230448438)
neg, 0.09762134993398691, left(srz1930611170)
neg, 0.31607632861215096, left(srz802972862)
neg, 0.10429965700047668, left(srz44230446253)
neg, 0.08762384534061207, left(srz965949211157)
neg, 0.11688192957054873, left(srz965661711803)
neg, 0.0887268665164327, left(srz99311018697)
neg, 0.08969631519377494, left(srz44230446228)
neg, 0.33768125175482216, left(srz8029728500)
neg, 0.0887268665164327, left(srz96594921410)
neg, 0.10747792548879284, left(srz27409595189)
neg, 0.34814322782325435, left(srz99311017542)
neg, 0.08969631519377494, left(srz44248276938)
neg, 0.10205775805938307, left(srz96594921198)
neg, 0.43024999543214043, left(srz99311011854)
neg, 0.10747792548879284, left(srz2461867606)
neg, 0.09463734954675793, left(srz1930610901)
neg, 0.09608915723563012, left(srz246186710204)
neg, 0.33768125175482216, left(srz80297210009)
neg, 0.22014123864636012, left(srz8029726553)
neg, 0.11688192957054873, left(srz44248277803)
neg, 0.09129785735141506, left(srz193067402)
neg, 0.0992611488082572, left(srz965661715292)
neg, 0.09470362628195078, left(srz99311014196)
neg, 0.08958030644887138, left(srz27409592929)
neg, 0.21561915279098645, left(srz24618677465)
neg, 0.10429965700047668, left(srz274095911630)
neg, 0.10429965700047668, left(srz965661714146)
neg, 0.10747792548879284, left(srz19306824)
neg, 0.08928961349481537, left(srz96594928948)
neg, 0.08797708080886504, left(srz44230442022)
neg, 0.08762384534061207, left(srz44248278019)
neg, 0.3711736182300026, left(srz99311011323)
neg, 0.09224747701105376, left(srz993110111549)
neg, 0.6788760557584537, left(srz274095917244)
neg, 0.08762384534061207, left(srz44248271150)
neg, 0.40635621084154055, left(srz193065547)
neg, 0.33768125175482216, left(srz8029722775)
neg, 0.31607632861215096, left(srz24618672692)
neg, 0.33768125175482216, left(srz193068610)
neg, 0.09609493625297909, left(srz96566178217)
neg, 0.08762384534061207, left(srz44248274602)
neg, 0.09941796035347768, left(srz4423044552)
neg, 0.21531360176855996, left(srz8029721600)
neg, 0.09490985775752864, left(srz44248271177)
neg, 0.10747792548879284, left(srz96594921289)
neg, 0.2522192920344088, left(srz8029728509)
neg, 0.338085635834678, left(srz8029726694)
neg, 0.31607632861215096, left(srz1930610749)
neg, 0.08762384534061207, left(srz99311013709)
neg, 0.13952275334673125, left(srz44230442118)
neg, 0.09463868543959796, left(srz965949212482)
neg, 0.09762134993398691, left(srz96594923493)
neg, 0.3113054638003522, left(srz246186711806)
neg, 0.08762384534061207, left(srz96594926972)
neg, 0.10747792548879284, left(srz8029724300)
neg, 0.31607632861215096, left(srz246186714498)
neg, 0.08762384534061207, left(srz96594927041)
neg, 0.43024999543214043, left(srz24618677657)
neg, 0.21531360176855996, left(srz44230443973)
neg, 0.08797708080886504, left(srz965661713703)
neg, 0.08762384534061207, left(srz8029726094)
neg, 0.09447386570887614, left(srz8029723496)
neg, 0.09447233311561995, left(srz965661714402)
neg, 0.5006733409902656, left(srz96594922182)
neg, 0.40718129894508587, left(srz193066946)
neg, 0.10429965700047668, left(srz24618679705)
neg, 0.09608915723563012, left(srz24618677201)
neg, 0.08762384534061207, left(srz246186716976)
neg, 0.08762384534061207, left(srz19306423)
neg, 0.08762384534061207, left(srz8029728974)
neg, 0.10429965700047668, left(srz27409593420)
neg, 0.21561915279098645, left(srz24618677482)
neg, 0.10429965700047668, left(srz965661710482)
neg, 0.0992611488082572, left(srz246186710293)
neg, 0.3113054638003522, left(srz96566179312)
neg, 0.36040220265655376, left(srz193066520)
neg, 0.10747792548879284, left(srz965949212587)
neg, 0.11688192957054873, left(srz96594923018)
neg, 0.19918329105392513, left(srz99311017813)
neg, 0.21561915279098645, left(srz96566176223)
neg, 0.12280640097404143, left(srz44248271029)
neg, 0.08762384534061207, left(srz24618677964)
neg, 0.0868824920165507, left(srz2740959765)
neg, 0.08762384534061207, left(srz8029727)
neg, 0.10429965700047668, left(srz96566172215)
neg, 0.10429965700047668, left(srz96566173890)
neg, 0.10747792548879284, left(srz9931101554)
neg, 0.09470362628195078, left(srz993110110529)
neg, 0.09224747701105376, left(srz802972109)
neg, 0.09193959798893422, left(srz96566177683)
neg, 0.3261986113799918, left(srz44248275537)
neg, 0.08762384534061207, left(srz8029728788)
neg, 0.10747792548879284, left(srz965661710157)
neg, 0.09463868543959796, left(srz1930611015)
neg, 0.34814322782325435, left(srz965949210687)
neg, 0.10747792548879284, left(srz44230448203)
neg, 0.31607632861215096, left(srz96566172905)
neg, 0.33768125175482216, left(srz99311015289)
neg, 0.10747792548879284, left(srz96594926543)
neg, 0.0937508809907689, left(srz44248271973)
neg, 0.40635621084154055, left(srz96594924514)
neg, 0.5379974749891667, left(srz96594922029)
neg, 0.34814322782325435, left(srz8029727670)
neg, 0.09941796035347768, left(srz9931101239)
neg, 0.31607632861215096, left(srz965661711058)
neg, 0.09470362628195078, left(srz2740959659)
neg, 0.31607632861215096, left(srz96566177414)
neg, 0.08990707212312127, left(srz44248275096)
neg, 0.10205775805938307, left(srz99311016887)
neg, 0.31607632861215096, left(srz1930611203)
neg, 0.43024999543214043, left(srz274095913252)
neg, 0.09941796035347768, left(srz8029727931)
neg, 0.09463734954675793, left(srz1930610970)
neg, 0.08762384534061207, left(srz965661712117)
neg, 0.19323985915953887, left(srz96566178033)
neg, 0.3113054638003522, left(srz246186711798)
neg, 0.0887268665164327, left(srz193069140)
neg, 0.08762384534061207, left(srz99311016111)
neg, 0.11688192957054873, left(srz4424827908)
neg, 0.10429965700047668, left(srz44230447937)
neg, 0.40635621084154055, left(srz96594924512)
neg, 0.31607632861215096, left(srz24618671477)
neg, 0.40635621084154055, left(srz24618677647)
neg, 0.33768125175482216, left(srz99311014157)
neg, 0.31607632861215096, left(srz193062742)
neg, 0.40635621084154055, left(srz965661715140)
neg, 0.0924723759409461, left(srz9656617726)
neg, 0.09447233311561995, left(srz4424827532)
neg, 0.33768125175482216, left(srz193066192)
neg, 0.09608915723563012, left(srz44230446762)
neg, 0.43024999543214043, left(srz274095916104)
neg, 0.20483954528593876, left(srz1930612071)
neg, 0.08884187788696475, left(srz44230445366)
neg, 0.11688192957054873, left(srz8029721328)
neg, 0.3261986113799918, left(srz965661712495)
neg, 0.21561915279098645, left(srz965661711881)
neg, 0.08762384534061207, left(srz44248275733)
neg, 0.10747792548879284, left(srz99311019788)
neg, 0.21561915279098645, left(srz9931101849)
neg, 0.10429965700047668, left(srz24618673885)
neg, 0.09463868543959796, left(srz96566173412)
neg, 0.43024999543214043, left(srz9659492364)
neg, 0.09129785735141506, left(srz44248276672)
neg, 0.31607632861215096, left(srz8029721867)
neg, 0.40635621084154055, left(srz193068028)
neg, 0.338085635834678, left(srz24618676707)
neg, 0.09941796035347768, left(srz965661713741)
neg, 0.10747792548879284, left(srz44230446188)
neg, 0.0868824920165507, left(srz2740959941)
neg, 0.21561915279098645, left(srz1930611918)
neg, 0.23269372339757188, left(srz965949212928)
neg, 0.0887268665164327, left(srz246186710766)
neg, 0.11688192957054873, left(srz965949211999)
neg, 0.08762384534061207, left(srz96566176597)
neg, 0.10429965700047668, left(srz96594928090)
neg, 0.31607632861215096, left(srz44248277217)
neg, 0.3261986113799918, left(srz274095916276)
neg, 0.21561915279098645, left(srz274095916167)
neg, 0.0887268665164327, left(srz9656617369)
neg, 0.5379974749891667, left(srz193065651)
neg, 0.09224747701105376, left(srz993110111558)
neg, 0.0887268665164327, left(srz44248276728)
neg, 0.09447386570887614, left(srz96566171373)
neg, 0.21561915279098645, left(srz1930611899)
neg, 0.31607632861215096, left(srz1930611594)
neg, 0.0887268665164327, left(srz99311018766)
neg, 0.09104766044741505, left(srz44248275914)
neg, 0.21561915279098645, left(srz24618671250)
neg, 0.43024999543214043, left(srz24618678388)
neg, 0.11688192957054873, left(srz246186711843)
neg, 0.21561915279098645, left(srz27409594063)
neg, 0.0887268665164327, left(srz96594925509)
neg, 0.31607632861215096, left(srz8029721746)
neg, 0.19274757238389273, left(srz193067274)
neg, 0.11688192957054873, left(srz965661714036)
neg, 0.40635621084154055, left(srz24618674679)
neg, 0.31607632861215096, left(srz193067452)
neg, 0.09632821988167461, left(srz246186711230)
neg, 0.10747792548879284, left(srz274095912277)
neg, 0.33768125175482216, left(srz8029726532)
neg, 0.09226005588983227, left(srz2461867192)
neg, 0.21561915279098645, left(srz96594929451)
neg, 0.12280640097404143, left(srz99311014652)
neg, 0.31607632861215096, left(srz99311014079)
neg, 0.09193959798893422, left(srz96566177665)
neg, 0.31607632861215096, left(srz44248277374)
neg, 0.09965842165547369, left(srz246186711303)
neg, 0.40635621084154055, left(srz193068207)
neg, 0.09608915723563012, left(srz1930610107)
neg, 0.09470362628195078, left(srz44230442612)
neg, 0.08762384534061207, left(srz4424827523)
neg, 0.09470362628195078, left(srz27409595725)
neg, 0.34855354714672426, left(srz965661712521)
neg, 0.33768125175482216, left(srz99311012031)
neg, 0.34855354714672426, left(srz99311012854)
neg, 0.10747792548879284, left(srz27409596982)
neg, 0.10429965700047668, left(srz27409596107)
neg, 0.31607632861215096, left(srz96566173489)
neg, 0.43024999543214043, left(srz193064346)
neg, 0.31607632861215096, left(srz24618672720)
neg, 0.09355835621005208, left(srz4423044696)
neg, 0.09463734954675793, left(srz27409594584)
neg, 0.0887268665164327, left(srz24618675994)
neg, 0.09090821718191328, left(srz96594923093)
neg, 0.11688192957054873, left(srz274095913865)
neg, 0.2013793350879112, left(srz24618676007)
neg, 0.3113054638003522, left(srz44248274894)
neg, 0.10747792548879284, left(srz44230441374)
neg, 0.2144317939556987, left(srz8029727849)
neg, 0.43024999543214043, left(srz44248275981)
neg, 0.09608915723563012, left(srz9659492934)
neg, 0.09490985775752864, left(srz1930610825)
neg, 0.10747792548879284, left(srz246186712637)
neg, 0.1893572335612909, left(srz274095913776)
neg, 0.09104766044741505, left(srz27409596833)
neg, 0.3113054638003522, left(srz96566175321)
neg, 0.09762134993398691, left(srz27409592216)
neg, 0.08762384534061207, left(srz2740959120)
neg, 0.09965842165547369, left(srz96566176556)
neg, 0.09609493625297909, left(srz96566174596)
neg, 0.13952275334673125, left(srz44248271882)
neg, 0.31607632861215096, left(srz27409592367)
neg, 0.33768125175482216, left(srz96594922338)
neg, 0.09463734954675793, left(srz96566178486)
neg, 0.0887268665164327, left(srz8029723826)
neg, 0.10747792548879284, left(srz24618672421)
neg, 0.08978074992954073, left(srz96566178023)
neg, 0.08990707212312127, left(srz193065966)
neg, 0.11688192957054873, left(srz246186711863)
neg, 0.09762134993398691, left(srz193068149)
neg, 0.09965842165547369, left(srz993110110632)
neg, 0.5854559097590201, left(srz8029729938)
neg, 0.0958193856345921, left(srz80297210810)
neg, 0.10429965700047668, left(srz246186715143)
neg, 0.08762384534061207, left(srz965661712068)
neg, 0.2161421357982058, left(srz8029723040)
neg, 0.09700154491364789, left(srz274095914432)
neg, 0.33768125175482216, left(srz965661713098)
neg, 0.09463868543959796, left(srz965949214054)
neg, 0.0887268665164327, left(srz99311018788)
neg, 0.09352319308513994, left(srz44248271090)
neg, 0.40635621084154055, left(srz274095910926)
neg, 0.09224747701105376, left(srz965949213008)
neg, 0.34814322782325435, left(srz99311018521)
neg, 0.19918329105392513, left(srz96566175941)
neg, 0.21561915279098645, left(srz44248272474)
neg, 0.09104766044741505, left(srz80297210912)
neg, 0.11688192957054873, left(srz27409599165)
neg, 0.08990707212312127, left(srz193065916)
neg, 0.10747792548879284, left(srz44230448133)
neg, 0.40635621084154055, left(srz27409595138)
neg, 0.0887268665164327, left(srz193069128)
neg, 0.09463734954675793, left(srz96566178503)
neg, 0.09463868543959796, left(srz193065220)
neg, 0.09463734954675793, left(srz96566175154)
neg, 0.10429965700047668, left(srz44230448284)
neg, 0.09632821988167461, left(srz965949214152)
neg, 0.31607632861215096, left(srz246186714497)
neg, 0.09609493625297909, left(srz193062522)
neg, 0.21561915279098645, left(srz96594929506)
neg, 0.09447233311561995, left(srz99311013934)
neg, 0.17064270533827597, left(srz44248274918)
neg, 0.09340274269541389, left(srz193067248)
neg, 0.08762384534061207, left(srz2461867128)
neg, 0.10205775805938307, left(srz99311016842)
neg, 0.09609493625297909, left(srz44230447970)
neg, 0.10205775805938307, left(srz9656617317)
neg, 0.09224747701105376, left(srz99311017518)
neg, 0.0958193856345921, left(srz24618676737)
neg, 0.10404929125716667, left(srz99311011485)
neg, 0.3113054638003522, left(srz246186716995)
neg, 0.10205775805938307, left(srz193068925)
neg, 0.5169565646748872, left(srz246186715878)
neg, 0.09490985775752864, left(srz1930610172)
neg, 0.5854559097590201, left(srz8029729495)
neg, 0.5379974749891667, left(srz193062033)
neg, 0.40635621084154055, left(srz965661710961)
neg, 0.09447233311561995, left(srz193069565)
neg, 0.09608915723563012, left(srz9659492914)
neg, 0.31607632861215096, left(srz96566176074)
neg, 0.22014123864636012, left(srz99311014499)
neg, 0.08762384534061207, left(srz274095911339)
neg, 0.43024999543214043, left(srz44230444647)
neg, 0.10747792548879284, left(srz99311018104)
neg, 0.7077438782664071, left(srz80297210678)
neg, 0.09608915723563012, left(srz246186712204)
neg, 0.21561915279098645, left(srz24618671247)
neg, 0.0887268665164327, left(srz96594926640)
neg, 0.08762384534061207, left(srz96594927545)
neg, 0.09104766044741505, left(srz965661713388)
neg, 0.10747792548879284, left(srz274095917050)
neg, 0.33768125175482216, left(srz44230447611)
neg, 0.09941796035347768, left(srz99311015616)
neg, 0.10747792548879284, left(srz274095912257)
neg, 0.0887268665164327, left(srz965661710649)
neg, 0.40635621084154055, left(srz27409594381)
neg, 0.09609493625297909, left(srz44248275037)
neg, 0.08762384534061207, left(srz44230441752)
neg, 0.7077438782664071, left(srz9659492883)
neg, 0.40635621084154055, left(srz44248273107)
neg, 0.08762384534061207, left(srz19306481)
neg, 0.08762384534061207, left(srz99311016047)
neg, 0.10747792548879284, left(srz274095910752)
neg, 0.08978074992954073, left(srz99311013588)
neg, 0.08762384534061207, left(srz8029729263)
neg, 0.10429965700047668, left(srz246186712296)
neg, 0.08990707212312127, left(srz965949210826)
neg, 0.08762384534061207, left(srz193064072)
neg, 0.40635621084154055, left(srz27409591840)
neg, 0.08928961349481537, left(srz965949211182)
neg, 0.21561915279098645, left(srz24618671207)
neg, 0.40635621084154055, left(srz9656617697)
neg, 0.08958030644887138, left(srz274095910119)
neg, 0.09463868543959796, left(srz44230447280)
neg, 0.08990707212312127, left(srz8029723684)
neg, 0.5169565646748872, left(srz8029721190)
neg, 0.43024999543214043, left(srz274095913262)
neg, 0.10429965700047668, left(srz19306188)
neg, 0.0868824920165507, left(srz27409592772)
neg, 0.11688192957054873, left(srz8029721480)
neg, 0.10747792548879284, left(srz274095912290)
neg, 0.10747792548879284, left(srz8029724854)
neg, 0.11688192957054873, left(srz44248273517)
neg, 0.2161421357982058, left(srz8029726706)
neg, 0.08762384534061207, left(srz24618672374)
neg, 0.08762384534061207, left(srz246186713306)
neg, 0.0958193856345921, left(srz993110110502)
neg, 0.09608915723563012, left(srz1930610096)
neg, 0.10747792548879284, left(srz993110110731)
neg, 0.08762384534061207, left(srz4423044257)
neg, 0.09193959798893422, left(srz96566177675)
neg, 0.09447386570887614, left(srz27409595644)
neg, 0.40635621084154055, left(srz27409596886)
neg, 0.21561915279098645, left(srz993110111349)
neg, 0.10429965700047668, left(srz27409593294)
neg, 0.31607632861215096, left(srz96566176075)
neg, 0.19918329105392513, left(srz24618677339)
neg, 0.33768125175482216, left(srz96594923989)
neg, 0.21561915279098645, left(srz274095914935)
neg, 0.21531360176855996, left(srz24618671137)
neg, 0.10429965700047668, left(srz96594928914)
neg, 0.33768125175482216, left(srz44248273797)
neg, 0.10429965700047668, left(srz24618676399)
neg, 0.09532859567133202, left(srz8029729387)
neg, 0.10429965700047668, left(srz44248271420)
neg, 0.09463868543959796, left(srz44248277435)
neg, 0.33768125175482216, left(srz246186715357)
neg, 0.43024999543214043, left(srz24618674180)
neg, 0.36040220265655376, left(srz96566174394)
neg, 0.33768125175482216, left(srz965661713884)
neg, 0.0924755272370769, left(srz27409593150)
neg, 0.09129785735141506, left(srz44248276621)
neg, 0.19918329105392513, left(srz965949211790)
neg, 0.34814322782325435, left(srz246186714636)
neg, 0.09941796035347768, left(srz8029729424)
neg, 0.09470362628195078, left(srz96594921062)
neg, 0.33768125175482216, left(srz193062635)
neg, 0.10429965700047668, left(srz274095912576)
neg, 0.0887268665164327, left(srz193066043)
neg, 0.0887268665164327, left(srz965949210953)
neg, 0.08762384534061207, left(srz246186713248)
neg, 0.0924723759409461, left(srz274095914414)
neg, 0.09363016764644838, left(srz44230446103)
neg, 0.338085635834678, left(srz96594924661)
neg, 0.09941796035347768, left(srz274095910228)
neg, 0.0937508809907689, left(srz44248273998)
neg, 0.5379974749891667, left(srz193064301)
neg, 0.08762384534061207, left(srz193066808)
neg, 0.08797708080886504, left(srz193061833)
neg, 0.43024999543214043, left(srz965949212636)
neg, 0.33768125175482216, left(srz965661713492)
neg, 0.2161421357982058, left(srz96594923282)
neg, 0.22014123864636012, left(srz274095915109)
neg, 0.40635621084154055, left(srz24618677652)
neg, 0.08762384534061207, left(srz965661712076)
neg, 0.43024999543214043, left(srz24618679683)
neg, 0.11688192957054873, left(srz965661711827)
neg, 0.19918329105392513, left(srz4423044915)
neg, 0.11688192957054873, left(srz8029721496)
neg, 0.43024999543214043, left(srz99311012200)
neg, 0.3711736182300026, left(srz965949213246)
neg, 0.21561915279098645, left(srz8029725732)
neg, 0.08762384534061207, left(srz44248274254)
neg, 0.0992611488082572, left(srz96566175653)
neg, 0.08762384534061207, left(srz4423044216)
neg, 0.08762384534061207, left(srz246186717101)
neg, 0.09608915723563012, left(srz274095915369)
neg, 0.21561915279098645, left(srz246186712010)
neg, 0.08762384534061207, left(srz246186716356)
neg, 0.09016603697229966, left(srz27409593676)
neg, 0.10429965700047668, left(srz24618674566)
neg, 0.09082282791544143, left(srz27409596527)
neg, 0.10404929125716667, left(srz246186710492)
neg, 0.31607632861215096, left(srz193061196)
neg, 0.09941796035347768, left(srz993110110986)
neg, 0.08762384534061207, left(srz8029725903)
neg, 0.33768125175482216, left(srz96594923977)
neg, 0.08762384534061207, left(srz193063908)
neg, 0.10429965700047668, left(srz993110110696)
neg, 0.33768125175482216, left(srz193068596)
neg, 0.31607632861215096, left(srz274095914838)
neg, 0.34814322782325435, left(srz8029725875)
neg, 0.33768125175482216, left(srz27409596639)
neg, 0.36040220265655376, left(srz274095912078)
neg, 0.09259174908264792, left(srz993110112059)
neg, 0.08762384534061207, left(srz96594927623)
neg, 0.13062912489546, left(srz96566178760)
neg, 0.36040220265655376, left(srz24618675046)
neg, 0.33768125175482216, left(srz24618671066)
neg, 0.08884187788696475, left(srz80297210308)
neg, 0.09463868543959796, left(srz44248275050)
neg, 0.21561915279098645, left(srz246186714871)
neg, 0.10205775805938307, left(srz24618675753)
neg, 0.095140567258244, left(srz99311013482)
neg, 0.31607632861215096, left(srz965661714482)
neg, 0.09762134993398691, left(srz27409592227)
neg, 0.31607632861215096, left(srz8029721173)
neg, 0.11688192957054873, left(srz193061359)
neg, 0.15325208041650784, left(srz27409599144)
neg, 0.10205775805938307, left(srz27409591596)
neg, 0.33768125175482216, left(srz96594922641)
neg, 0.40635621084154055, left(srz96594929892)
neg, 0.5169565646748872, left(srz274095915873)
neg, 0.09463868543959796, left(srz44230448224)
neg, 0.2144317939556987, left(srz965949212560)
neg, 0.31607632861215096, left(srz96594922876)
neg, 0.0868824920165507, left(srz965661712893)
neg, 0.10404929125716667, left(srz193067531)
neg, 0.33768125175482216, left(srz44230447868)
neg, 0.0937508809907689, left(srz27409598277)
neg, 0.11688192957054873, left(srz99311016573)
neg, 0.08762384534061207, left(srz24618672344)
neg, 0.31607632861215096, left(srz24618672723)
neg, 0.0868824920165507, left(srz193061091)
neg, 0.31607632861215096, left(srz193067441)
neg, 0.09490985775752864, left(srz44230442415)
neg, 0.09490985775752864, left(srz993110111576)
neg, 0.0887268665164327, left(srz193063633)
neg, 0.0887268665164327, left(srz27409597334)
neg, 0.10429965700047668, left(srz96566175118)
neg, 0.31607632861215096, left(srz193065433)
neg, 0.0887268665164327, left(srz965949210909)
neg, 0.40635621084154055, left(srz8029724621)
neg, 0.0887268665164327, left(srz96594926708)
neg, 0.08762384534061207, left(srz4423044253)
neg, 0.095140567258244, left(srz8029721936)
neg, 0.08990707212312127, left(srz193067641)
neg, 0.08797708080886504, left(srz99311012925)
neg, 0.10429965700047668, left(srz274095910833)
neg, 0.10205775805938307, left(srz99311018590)
neg, 0.0887268665164327, left(srz193069081)
neg, 0.3113054638003522, left(srz99311016653)
neg, 0.10205775805938307, left(srz274095912212)
neg, 0.10429965700047668, left(srz2461867359)
neg, 0.08762384534061207, left(srz96566173791)
neg, 0.12050413854916141, left(srz27409591608)
neg, 0.36040220265655376, left(srz44230443245)
neg, 0.09363016764644838, left(srz24618673468)
neg, 0.0937508809907689, left(srz44230446409)
neg, 0.09470362628195078, left(srz96594922359)
neg, 0.09168441105486956, left(srz27409592906)
neg, 0.0887268665164327, left(srz246186710688)
neg, 0.09941796035347768, left(srz96566172081)
neg, 0.09470362628195078, left(srz24618678779)
neg, 0.09656552271795196, left(srz802972505)
neg, 0.10404929125716667, left(srz44230442433)
neg, 0.21561915279098645, left(srz96566176209)
neg, 0.16148710120292242, left(srz99311019805)
neg, 0.33768125175482216, left(srz965661715354)
neg, 0.10747792548879284, left(srz193063276)
neg, 0.09608915723563012, left(srz1930610098)
neg, 0.31607632861215096, left(srz246186716895)
neg, 0.08762384534061207, left(srz96566173627)
neg, 0.09762134993398691, left(srz965949212365)
neg, 0.09941796035347768, left(srz193063735)
neg, 0.10429965700047668, left(srz246186713194)
neg, 0.3261986113799918, left(srz99311017610)
neg, 0.08969631519377494, left(srz2461867713)
neg, 0.31607632861215096, left(srz9659492469)
neg, 0.09608915723563012, left(srz965661715554)
neg, 0.08990707212312127, left(srz8029723626)
neg, 0.0868824920165507, left(srz96566178633)
neg, 0.09363016764644838, left(srz1930611125)
neg, 0.09082282791544143, left(srz80297210282)
neg, 0.09941796035347768, left(srz99311019373)
neg, 0.31607632861215096, left(srz993110164)
neg, 0.33768125175482216, left(srz8029727242)
neg, 0.10747792548879284, left(srz965949211384)
neg, 0.09090821718191328, left(srz193063335)
neg, 0.33768125175482216, left(srz99311014172)
neg, 0.09168441105486956, left(srz96594925053)
neg, 0.10747792548879284, left(srz993110110493)
neg, 0.2522192920344088, left(srz965661711707)
neg, 0.10404929125716667, left(srz24618679166)
neg, 0.09259174908264792, left(srz965661715618)
neg, 0.2522192920344088, left(srz246186714728)
neg, 0.08762384534061207, left(srz274095911338)
neg, 0.10404929125716667, left(srz965661715654)
neg, 0.10404929125716667, left(srz24618675677)
neg, 0.09463734954675793, left(srz965661711440)
neg, 0.08762384534061207, left(srz96594927002)
neg, 0.40635621084154055, left(srz19306980)
neg, 0.10404929125716667, left(srz44230442424)
neg, 0.08762384534061207, left(srz27409599491)
neg, 0.19918329105392513, left(srz1930612004)
neg, 0.10429965700047668, left(srz246186713200)
neg, 0.09463734954675793, left(srz1930610985)
neg, 0.22014123864636012, left(srz44230446504)
neg, 0.09490985775752864, left(srz44230447421)
neg, 0.08990707212312127, left(srz44248275106)
neg, 0.08762384534061207, left(srz193069375)
neg, 0.10404929125716667, left(srz8029723547)
neg, 0.43024999543214043, left(srz27409599959)
neg, 0.08762384534061207, left(srz44248274419)
neg, 0.40635621084154055, left(srz27409595144)
neg, 0.2195820944774772, left(srz80297210706)
neg, 0.08762384534061207, left(srz193063960)
neg, 0.21531360176855996, left(srz4424827566)
neg, 0.09941796035347768, left(srz44248276485)
neg, 0.7077438782664071, left(srz274095914260)
neg, 0.09398249492320182, left(srz96566177708)
neg, 0.43024999543214043, left(srz96594924506)
neg, 0.21561915279098645, left(srz24618671281)
neg, 0.10747792548879284, left(srz99311018628)
neg, 0.31607632861215096, left(srz24618675200)
neg, 0.08978074992954073, left(srz24618671509)
neg, 0.09407054746139654, left(srz1930611611)
neg, 0.09016603697229966, left(srz27409593665)
neg, 0.33768125175482216, left(srz193068603)
neg, 0.09608915723563012, left(srz274095914040)
neg, 0.09193959798893422, left(srz96566177638)
neg, 0.0887268665164327, left(srz193069147)
neg, 0.09965842165547369, left(srz193064378)
neg, 0.10429965700047668, left(srz2461867580)
neg, 0.10747792548879284, left(srz193062984)
neg, 0.09340274269541389, left(srz274095910219)
neg, 0.43024999543214043, left(srz193066408)
neg, 0.09463868543959796, left(srz44248273904)
neg, 0.3711736182300026, left(srz44248275024)
neg, 0.40635621084154055, left(srz193066215)
neg, 0.10747792548879284, left(srz993110110364)
neg, 0.31607632861215096, left(srz96594928342)
neg, 0.33768125175482216, left(srz1930611167)
neg, 0.08762384534061207, left(srz19306396)
neg, 0.31607632861215096, left(srz193062705)
neg, 0.09224747701105376, left(srz274095911787)
neg, 0.33768125175482216, left(srz44248273168)
neg, 0.08762384534061207, left(srz4423044359)
neg, 0.40635621084154055, left(srz44248274521)
neg, 0.40635621084154055, left(srz274095910935)
neg, 0.09129785735141506, left(srz27409596563)
neg, 0.0887268665164327, left(srz96594926681)
neg, 0.40635621084154055, left(srz24618671680)
neg, 0.40635621084154055, left(srz27409597889)
neg, 0.3113054638003522, left(srz246186711807)
neg, 0.21531360176855996, left(srz2461867975)
neg, 0.10429965700047668, left(srz274095910857)
neg, 0.31607632861215096, left(srz99311012532)
neg, 0.09340274269541389, left(srz99311017124)
neg, 0.10747792548879284, left(srz99311013371)
neg, 0.5006733409902656, left(srz8029721249)
neg, 0.09259174908264792, left(srz1930610995)
neg, 0.0887268665164327, left(srz27409595862)
neg, 0.33768125175482216, left(srz44248272321)
neg, 0.5379974749891667, left(srz44230446369)
neg, 0.08903291949117803, left(srz44248275908)
neg, 0.08969631519377494, left(srz44230441787)
neg, 0.43024999543214043, left(srz274095912771)
neg, 0.21531360176855996, left(srz96594923932)
neg, 0.5379974749891667, left(srz96566177505)
neg, 0.09447233311561995, left(srz993110114)
neg, 0.31607632861215096, left(srz965661712876)
neg, 0.12050413854916141, left(srz27409591604)
neg, 0.21561915279098645, left(srz96566176202)
neg, 0.10747792548879284, left(srz99311013974)
neg, 0.09224747701105376, left(srz965661714549)
neg, 0.43024999543214043, left(srz274095913182)
neg, 0.08762384534061207, left(srz8029728822)
neg, 0.09224747701105376, left(srz993110111559)
neg, 0.34814322782325435, left(srz96594924236)
neg, 0.08990707212312127, left(srz193067704)
neg, 0.21561915279098645, left(srz24618671176)
neg, 0.43024999543214043, left(srz965949212617)
neg, 0.08762384534061207, left(srz96594927530)
neg, 0.338085635834678, left(srz96566174594)
neg, 0.08762384534061207, left(srz193064030)
neg, 0.43024999543214043, left(srz96566179497)
neg, 0.31607632861215096, left(srz274095911420)
neg, 0.09355835621005208, left(srz44230442464)
neg, 0.21561915279098645, left(srz44248272427)
neg, 0.09447233311561995, left(srz993110110209)
neg, 0.12280640097404143, left(srz96566176443)
neg, 0.31607632861215096, left(srz9659492258)
neg, 0.5379974749891667, left(srz96566175513)
neg, 0.10404929125716667, left(srz1930612170)
neg, 0.40635621084154055, left(srz8029725396)
neg, 0.08762384534061207, left(srz44230446712)
neg, 0.43024999543214043, left(srz274095913051)
neg, 0.21561915279098645, left(srz27409594130)
neg, 0.23269372339757188, left(srz27409591620)
neg, 0.10429965700047668, left(srz27409594502)
neg, 0.40635621084154055, left(srz96566179236)
neg, 0.33768125175482216, left(srz274095915636)
neg, 0.08762384534061207, left(srz965949212911)
neg, 0.40718129894508587, left(srz99311013282)
neg, 0.31607632861215096, left(srz965661715259)
neg, 0.23269372339757188, left(srz8029725595)
neg, 0.09632821988167461, left(srz193063063)
neg, 0.31607632861215096, left(srz44230444543)
neg, 0.13952275334673125, left(srz274095913232)
neg, 0.09941796035347768, left(srz96566176524)
neg, 0.10205775805938307, left(srz274095912145)
neg, 0.31607632861215096, left(srz193062736)
neg, 0.7077438782664071, left(srz193061668)
neg, 0.08978074992954073, left(srz965661710272)
neg, 0.08762384534061207, left(srz44248274672)
neg, 0.09779106778024077, left(srz27409598671)
neg, 0.09470362628195078, left(srz99311011731)
neg, 0.0937508809907689, left(srz99311014558)
neg, 0.0887268665164327, left(srz44230442771)
neg, 0.36040220265655376, left(srz96566177126)
neg, 0.09608915723563012, left(srz24618672532)
neg, 0.10747792548879284, left(srz44248274198)
neg, 0.10404929125716667, left(srz8029727266)
neg, 0.13062912489546, left(srz96566178789)
neg, 0.08990707212312127, left(srz8029727432)
neg, 0.09259174908264792, left(srz19306711)
neg, 0.21561915279098645, left(srz27409594082)
neg, 0.10205775805938307, left(srz99311011261)
neg, 0.09632821988167461, left(srz193069919)
neg, 0.33768125175482216, left(srz99311013624)
neg, 0.09470362628195078, left(srz193064136)
neg, 0.31607632861215096, left(srz24618678972)
neg, 0.09340274269541389, left(srz99311017697)
neg, 0.09224747701105376, left(srz965661714548)
neg, 0.23269372339757188, left(srz27409591043)
neg, 0.09264665702184746, left(srz96594927605)
neg, 0.09398249492320182, left(srz96566177704)
neg, 0.40635621084154055, left(srz27409598185)
neg, 0.10747792548879284, left(srz193062482)
neg, 0.0928333463018143, left(srz96594921659)
neg, 0.34855354714672426, left(srz193069695)
neg, 0.1569926385905161, left(srz8029725032)
neg, 0.21561915279098645, left(srz8029727737)
neg, 0.1893572335612909, left(srz193065473)
neg, 0.40635621084154055, left(srz965661712706)
neg, 0.08990707212312127, left(srz44248275105)
neg, 0.10429965700047668, left(srz8029724142)
neg, 0.10747792548879284, left(srz27409592312)
neg, 0.08762384534061207, left(srz96594927010)
neg, 0.21561915279098645, left(srz99311015010)
neg, 0.0887268665164327, left(srz44248276829)
neg, 0.0924723759409461, left(srz9656617718)
neg, 0.5169565646748872, left(srz9659492906)
neg, 0.10429965700047668, left(srz96594923351)
neg, 0.09340274269541389, left(srz246186715266)
neg, 0.43024999543214043, left(srz1930610604)
neg, 0.5169565646748872, left(srz193069912)
neg, 0.11688192957054873, left(srz44248273416)
neg, 0.0868824920165507, left(srz27409592757)
neg, 0.11688192957054873, left(srz246186711968)
neg, 0.43024999543214043, left(srz274095912595)
neg, 0.1433931609136935, left(srz44230447984)
neg, 0.338085635834678, left(srz80297210630)
neg, 0.33768125175482216, left(srz44230447552)
neg, 0.19918329105392513, left(srz4423044868)
neg, 0.5854559097590201, left(srz96566179749)
neg, 0.0887268665164327, left(srz44248276752)
neg, 0.0887268665164327, left(srz44230445553)
neg, 0.09608915723563012, left(srz246186710928)
neg, 0.33768125175482216, left(srz96594925575)
neg, 0.31607632861215096, left(srz96566173225)
neg, 0.23269372339757188, left(srz274095916124)
neg, 0.0992611488082572, left(srz965661715588)
neg, 0.10747792548879284, left(srz99311018671)
neg, 0.43024999543214043, left(srz274095910486)
neg, 0.3261986113799918, left(srz802972137)
neg, 0.10404929125716667, left(srz99311016387)
neg, 0.34814322782325435, left(srz965949211051)
neg, 0.0887268665164327, left(srz99311018802)
neg, 0.09259174908264792, left(srz8029721915)
neg, 0.09609493625297909, left(srz44230442042)
neg, 0.31607632861215096, left(srz24618679979)
neg, 0.09340274269541389, left(srz9931101466)
neg, 0.3113054638003522, left(srz965949211602)
neg, 0.19918329105392513, left(srz274095914772)
neg, 0.08762384534061207, left(srz193065024)
neg, 0.09608915723563012, left(srz8029723321)
neg, 0.0958193856345921, left(srz193066589)
neg, 0.09463734954675793, left(srz96566178073)
neg, 0.17064270533827597, left(srz44248277684)
neg, 0.33768125175482216, left(srz44230444137)
neg, 0.0937508809907689, left(srz44230446319)
neg, 0.10747792548879284, left(srz246186714418)
neg, 0.09929050605018572, left(srz44230443003)
neg, 0.40635621084154055, left(srz44230444563)
neg, 0.5169565646748872, left(srz44248273167)
neg, 0.21561915279098645, left(srz96566178984)
neg, 0.09082282791544143, left(srz96594922604)
neg, 0.08978074992954073, left(srz965661710833)
neg, 0.37416594167486705, left(srz44248276414)
neg, 0.0924723759409461, left(srz99311012433)
neg, 0.43024999543214043, left(srz24618678011)
neg, 0.23269372339757188, left(srz246186712059)
neg, 0.43024999543214043, left(srz965949211614)
neg, 0.11688192957054873, left(srz9931101885)
neg, 0.338085635834678, left(srz965661713460)
neg, 0.40635621084154055, left(srz24618673512)
neg, 0.31607632861215096, left(srz9656617581)
neg, 0.08762384534061207, left(srz193069460)
neg, 0.31607632861215096, left(srz193062884)
neg, 0.10747792548879284, left(srz8029728028)
neg, 0.33768125175482216, left(srz274095915692)
neg, 0.3113054638003522, left(srz8029723086)
neg, 0.33768125175482216, left(srz96566174454)
neg, 0.09608915723563012, left(srz246186710281)
neg, 0.10747792548879284, left(srz27409599808)
neg, 0.11688192957054873, left(srz96594922921)
neg, 0.08762384534061207, left(srz19306322)
neg, 0.08762384534061207, left(srz44248274298)
neg, 0.10747792548879284, left(srz193064733)
neg, 0.11688192957054873, left(srz193061559)
neg, 0.09259174908264792, left(srz8029721913)
neg, 0.10429965700047668, left(srz2461867339)
neg, 0.21561915279098645, left(srz246186716118)
neg, 0.09168441105486956, left(srz965661712689)
neg, 0.10429965700047668, left(srz27409596257)
neg, 0.11688192957054873, left(srz274095916263)
neg, 0.11688192957054873, left(srz4424827893)
neg, 0.10429965700047668, left(srz8029724147)
neg, 0.09965842165547369, left(srz193066329)
neg, 0.11688192957054873, left(srz965661713971)
neg, 0.0937508809907689, left(srz193062951)
neg, 0.31607632861215096, left(srz9659492453)
neg, 0.0924723759409461, left(srz44230445848)
neg, 0.43024999543214043, left(srz27409596046)
neg, 0.23784265859764414, left(srz96566178334)
neg, 0.31607632861215096, left(srz24618672740)
neg, 0.13952275334673125, left(srz27409592838)
neg, 0.31607632861215096, left(srz99311012049)
neg, 0.21561915279098645, left(srz27409593981)
neg, 0.31607632861215096, left(srz44230443081)
neg, 0.08762384534061207, left(srz44248274797)
neg, 0.19323985915953887, left(srz96566178029)
neg, 0.09463868543959796, left(srz1930610672)
neg, 0.3261986113799918, left(srz44248271073)
neg, 0.40635621084154055, left(srz27409597463)
neg, 0.09490985775752864, left(srz44248274926)
neg, 0.3261986113799918, left(srz96566173112)
neg, 0.09259174908264792, left(srz193068544)
neg, 0.33768125175482216, left(srz44230443078)
neg, 0.09470362628195078, left(srz993110110852)
neg, 0.3261986113799918, left(srz965949213078)
neg, 0.31607632861215096, left(srz44230448081)
neg, 0.10429965700047668, left(srz99311018308)
neg, 0.34814322782325435, left(srz96594927237)
neg, 0.33768125175482216, left(srz96594924003)
neg, 0.08990707212312127, left(srz1930610411)
neg, 0.08762384534061207, left(srz965661714372)
neg, 0.09632821988167461, left(srz8029722460)
neg, 0.11688192957054873, left(srz44230446870)
neg, 0.4544511178758716, left(srz44230443907)
neg, 0.5854559097590201, left(srz44248277348)
neg, 0.09608915723563012, left(srz96594923669)
neg, 0.08762384534061207, left(srz965949213875)
neg, 0.43024999543214043, left(srz246186712700)
neg, 0.09941796035347768, left(srz96566173442)
neg, 0.0887268665164327, left(srz24618679363)
neg, 0.08903291949117803, left(srz44230442455)
neg, 0.36040220265655376, left(srz44248275868)
neg, 0.0965183451126506, left(srz99311019959)
neg, 0.11688192957054873, left(srz96594922965)
neg, 0.09941796035347768, left(srz8029721990)
neg, 0.0887268665164327, left(srz24618679380)
neg, 0.31607632861215096, left(srz193064547)
neg, 0.338085635834678, left(srz246186715652)
neg, 0.09264665702184746, left(srz274095911119)
neg, 0.11688192957054873, left(srz99311016671)
neg, 0.09259174908264792, left(srz274095916700)
neg, 0.13062912489546, left(srz27409599029)
neg, 0.19918329105392513, left(srz96566179033)
neg, 0.11688192957054873, left(srz193061535)
neg, 0.19918329105392513, left(srz1930611824)
neg, 0.0887268665164327, left(srz44230442784)
neg, 0.10429965700047668, left(srz965661713008)
neg, 0.34814322782325435, left(srz96594927229)
neg, 0.09398249492320182, left(srz993110111838)
neg, 0.19918329105392513, left(srz274095914811)
neg, 0.7077438782664071, left(srz9931101603)
neg, 0.10747792548879284, left(srz99311011770)
neg, 0.10429965700047668, left(srz274095913309)
neg, 0.09470362628195078, left(srz274095911156)
neg, 0.10205775805938307, left(srz44230443928)
neg, 0.0937508809907689, left(srz193064844)
neg, 0.36040220265655376, left(srz44230444887)
neg, 0.09016603697229966, left(srz96566173497)
neg, 0.10429965700047668, left(srz27409596426)
neg, 0.08762384534061207, left(srz44248278053)
neg, 0.09470362628195078, left(srz96566175606)
neg, 0.08762384534061207, left(srz274095911316)
neg, 0.10404929125716667, left(srz99311016397)
neg, 0.10205775805938307, left(srz274095912140)
neg, 0.40635621084154055, left(srz9931101798)
neg, 0.31607632861215096, left(srz44230441425)
neg, 0.08762384534061207, left(srz99311015976)
neg, 0.31607632861215096, left(srz27409592371)
neg, 0.10429965700047668, left(srz27409593496)
neg, 0.11688192957054873, left(srz246186711669)
neg, 0.09632821988167461, left(srz965661713050)
neg, 0.09259174908264792, left(srz99311018088)
neg, 0.21561915279098645, left(srz24618677542)
neg, 0.0887268665164327, left(srz96594925508)
neg, 0.09090821718191328, left(srz8029729884)
neg, 0.43024999543214043, left(srz274095912780)
neg, 0.09475002328292681, left(srz1930610373)
neg, 0.08990707212312127, left(srz8029727372)
neg, 0.0937508809907689, left(srz802972867)
neg, 0.0887268665164327, left(srz193069177)
neg, 0.09941796035347768, left(srz99311015898)
neg, 0.31607632861215096, left(srz44248274909)
neg, 0.31607632861215096, left(srz193061212)
neg, 0.31607632861215096, left(srz96594922855)
neg, 0.09190937749855801, left(srz193063513)
neg, 0.08990707212312127, left(srz193065959)
neg, 0.338085635834678, left(srz44248276315)
neg, 0.10429965700047668, left(srz193065119)
neg, 0.10205775805938307, left(srz99311016888)
neg, 0.3261986113799918, left(srz965949213135)
neg, 0.09609493625297909, left(srz44230446305)
neg, 0.11688192957054873, left(srz246186714826)
neg, 0.09090821718191328, left(srz193068879)
neg, 0.33768125175482216, left(srz193062235)
neg, 0.09609493625297909, left(srz44248272990)
neg, 0.09340274269541389, left(srz8029722000)
neg, 0.33768125175482216, left(srz44230444099)
neg, 0.09193959798893422, left(srz96566177652)
neg, 0.08990707212312127, left(srz99311013409)
neg, 0.31607632861215096, left(srz24618675005)
neg, 0.31607632861215096, left(srz246186714261)
neg, 0.08762384534061207, left(srz44248274705)
neg, 0.10205775805938307, left(srz80297270)
neg, 0.08762384534061207, left(srz965661712081)
neg, 0.0992611488082572, left(srz274095911954)
neg, 0.09608915723563012, left(srz27409598327)
neg, 0.21561915279098645, left(srz96594929475)
neg, 0.09656552271795196, left(srz1930654)
neg, 0.0887268665164327, left(srz8029723818)
neg, 0.11688192957054873, left(srz99311016477)
neg, 0.08928961349481537, left(srz96566173851)
neg, 0.0887268665164327, left(srz44248276758)
neg, 0.09463734954675793, left(srz274095911551)
neg, 0.11688192957054873, left(srz44230444282)
neg, 0.0887268665164327, left(srz99311013083)
neg, 0.3261986113799918, left(srz44248272195)
neg, 0.10747792548879284, left(srz193063289)
neg, 0.09700154491364789, left(srz1930611060)
neg, 0.08990707212312127, left(srz965949210803)
neg, 0.5379974749891667, left(srz193066557)
neg, 0.3755421821594811, left(srz96594927494)
neg, 0.09470362628195078, left(srz99311016210)
neg, 0.43024999543214043, left(srz246186715631)
neg, 0.34814322782325435, left(srz965661712316)
neg, 0.10747792548879284, left(srz246186712397)
neg, 0.2144317939556987, left(srz44248272824)
neg, 0.09463868543959796, left(srz44248272615)
neg, 0.21561915279098645, left(srz44248272429)
neg, 0.31607632861215096, left(srz44230447725)
neg, 0.08762384534061207, left(srz1930612217)
neg, 0.0937508809907689, left(srz96594922242)
neg, 0.08884187788696475, left(srz44230445383)
neg, 0.09463734954675793, left(srz19306157)
neg, 0.6928377924762232, left(srz27409598049)
neg, 0.33768125175482216, left(srz27409598760)
neg, 0.10429965700047668, left(srz96594925799)
neg, 0.11688192957054873, left(srz27409599181)
neg, 0.40635621084154055, left(srz1930610700)
neg, 0.33768125175482216, left(srz96566175763)
neg, 0.08903291949117803, left(srz99311011683)
neg, 0.5379974749891667, left(srz44230442858)
neg, 0.09608915723563012, left(srz24618672534)
neg, 0.23269372339757188, left(srz274095915985)
neg, 0.31607632861215096, left(srz193062059)
neg, 0.09224747701105376, left(srz1930610820)
neg, 0.0887268665164327, left(srz965949210913)
neg, 0.09463734954675793, left(srz44230441202)
neg, 0.09941796035347768, left(srz96594921957)
neg, 0.5379974749891667, left(srz44248272980)
neg, 0.34855354714672426, left(srz96594927875)
neg, 0.10747792548879284, left(srz246186715418)
neg, 0.33768125175482216, left(srz44230448009)
neg, 0.10747792548879284, left(srz8029721893)
neg, 0.3098342402670987, left(srz96566174088)
neg, 0.10205775805938307, left(srz274095912203)
neg, 0.09608915723563012, left(srz24618677187)
neg, 0.31607632861215096, left(srz8029724717)
neg, 0.31607632861215096, left(srz965949211934)
neg, 0.10429965700047668, left(srz193066991)
neg, 0.10429965700047668, left(srz96566171493)
neg, 0.10404929125716667, left(srz27409597082)
neg, 0.34855354714672426, left(srz965661712422)
neg, 0.08762384534061207, left(srz8029729127)
neg, 0.08990707212312127, left(srz8029727356)
neg, 0.0887268665164327, left(srz96594921448)
neg, 0.43024999543214043, left(srz442482784)
neg, 0.40635621084154055, left(srz274095911708)
neg, 0.08762384534061207, left(srz99311019603)
neg, 0.10205775805938307, left(srz274095912198)
neg, 0.2161421357982058, left(srz193061745)
neg, 0.08762384534061207, left(srz96594928746)
neg, 0.21531360176855996, left(srz96594923908)
neg, 0.11688192957054873, left(srz99311016710)
neg, 0.5854559097590201, left(srz44248271887)
neg, 0.0887268665164327, left(srz246186710710)
neg, 0.09041152568594854, left(srz96594921762)
neg, 0.0887268665164327, left(srz96594925483)
neg, 0.09608915723563012, left(srz27409595334)
neg, 0.10747792548879284, left(srz2740959403)
neg, 0.40635621084154055, left(srz993110111630)
neg, 0.11688192957054873, left(srz44248277882)
neg, 0.21531360176855996, left(srz44248275433)
neg, 0.08762384534061207, left(srz965661714309)
neg, 0.0887268665164327, left(srz27409597322)
neg, 0.0992611488082572, left(srz27409598494)
neg, 0.09608915723563012, left(srz274095911919)
neg, 0.09463734954675793, left(srz193065298)
neg, 0.10429965700047668, left(srz24618675798)
neg, 0.08762384534061207, left(srz193063875)
neg, 0.43024999543214043, left(srz96566179081)
neg, 0.11688192957054873, left(srz9931101962)
neg, 0.08978074992954073, left(srz99311013591)
neg, 0.40635621084154055, left(srz27409596903)
neg, 0.2013793350879112, left(srz4423044615)
neg, 0.09632821988167461, left(srz24618676884)
neg, 0.09941796035347768, left(srz802972839)
neg, 0.11688192957054873, left(srz44248273516)
neg, 0.21561915279098645, left(srz99311016748)
neg, 0.13952275334673125, left(srz1930611364)
neg, 0.10429965700047668, left(srz274095910733)
neg, 0.5379974749891667, left(srz802972548)
neg, 0.08762384534061207, left(srz99311016118)
neg, 0.09463868543959796, left(srz993110111980)
neg, 0.10205775805938307, left(srz99311017263)
neg, 0.33768125175482216, left(srz99311013307)
neg, 0.43024999543214043, left(srz99311012196)
neg, 0.21531360176855996, left(srz965661713940)
neg, 0.08762384534061207, left(srz19306278)
neg, 0.09490985775752864, left(srz44248272599)
neg, 0.1685313734602641, left(srz96566174230)
neg, 0.09470362628195078, left(srz193062262)
neg, 0.09463868543959796, left(srz965661713059)
neg, 0.09941796035347768, left(srz8029727651)
neg, 0.33768125175482216, left(srz193066954)
neg, 0.2144317939556987, left(srz27409596433)
neg, 0.36040220265655376, left(srz44248272056)
neg, 0.43024999543214043, left(srz44230442889)
neg, 0.08762384534061207, left(srz99311019479)
neg, 0.0887268665164327, left(srz96594926740)
neg, 0.43024999543214043, left(srz27409591168)
neg, 0.3113054638003522, left(srz246186714147)
neg, 0.08762384534061207, left(srz96594927053)
neg, 0.31607632861215096, left(srz8029721172)
neg, 0.0887268665164327, left(srz193066033)
neg, 0.09608915723563012, left(srz965661710779)
neg, 0.09470362628195078, left(srz27409595756)
neg, 0.10429965700047668, left(srz24618673746)
neg, 0.08990707212312127, left(srz8029723628)
neg, 0.43024999543214043, left(srz965949214191)
neg, 0.3113054638003522, left(srz8029721364)
neg, 0.09608915723563012, left(srz27409595337)
neg, 0.43024999543214043, left(srz274095910037)
neg, 0.34814322782325435, left(srz44230444315)
neg, 0.10747792548879284, left(srz965661714810)
neg, 0.21531360176855996, left(srz24618671143)
neg, 0.33768125175482216, left(srz193067158)
neg, 0.3261986113799918, left(srz44230445730)
neg, 0.10429965700047668, left(srz27409594428)
neg, 0.08969631519377494, left(srz274095914152)
neg, 0.08762384534061207, left(srz27409592932)
neg, 0.40635621084154055, left(srz9931101791)
neg, 0.08762384534061207, left(srz2740959123)
neg, 0.28887358464003626, left(srz442482746)
neg, 0.19538767168349747, left(srz274095914606)
neg, 0.21531360176855996, left(srz96594923954)
neg, 0.40635621084154055, left(srz8029723021)
neg, 0.40635621084154055, left(srz44230444371)
neg, 0.10429965700047668, left(srz24618675365)
neg, 0.09041152568594854, left(srz99311015398)
neg, 0.4544511178758716, left(srz99311012184)
neg, 0.08762384534061207, left(srz99311013877)
neg, 0.3711736182300026, left(srz965949210551)
neg, 0.08762384534061207, left(srz27409599510)
neg, 0.2521930902644402, left(srz27409599092)
neg, 0.08762384534061207, left(srz27409593638)
neg, 0.11688192957054873, left(srz9931101963)
neg, 0.43024999543214043, left(srz246186713414)
neg, 0.23269372339757188, left(srz24618674145)
neg, 0.31607632861215096, left(srz802972517)
neg, 0.13931861312733054, left(srz96594924992)
neg, 0.09608915723563012, left(srz24618677192)
neg, 0.08762384534061207, left(srz8029724500)
neg, 0.09447233311561995, left(srz96566176605)
neg, 0.10429965700047668, left(srz96566174867)
neg, 0.08762384534061207, left(srz99311013799)
neg, 0.43024999543214043, left(srz96566173983)
neg, 0.09656552271795196, left(srz96594923340)
neg, 0.11688192957054873, left(srz96594923020)
neg, 0.09168441105486956, left(srz24618676306)
neg, 0.10404929125716667, left(srz246186714569)
neg, 0.20483954528593876, left(srz246186714633)
neg, 0.10747792548879284, left(srz96594921309)
neg, 0.36040220265655376, left(srz96566174360)
neg, 0.40635621084154055, left(srz96594922487)
neg, 0.2195820944774772, left(srz44230443368)
neg, 0.40635621084154055, left(srz193067376)
neg, 0.31607632861215096, left(srz44230442228)
neg, 0.31607632861215096, left(srz274095914851)
neg, 0.15773133899215042, left(srz96594923120)
neg, 0.0887268665164327, left(srz193063716)
neg, 0.33768125175482216, left(srz27409592382)
neg, 0.43024999543214043, left(srz44230443196)
neg, 0.08990707212312127, left(srz8029723648)
neg, 0.37416594167486705, left(srz965949210567)
neg, 0.11688192957054873, left(srz24618674348)
neg, 0.21531360176855996, left(srz965949211750)
neg, 0.11688192957054873, left(srz274095916192)
neg, 0.09762134993398691, left(srz965661713206)
neg, 0.21531360176855996, left(srz8029727689)
neg, 0.08762384534061207, left(srz96594927569)
neg, 0.09463868543959796, left(srz193065803)
neg, 0.09632821988167461, left(srz44248276060)
neg, 0.40635621084154055, left(srz99311012002)
neg, 0.09264665702184746, left(srz246186710554)
neg, 0.0887268665164327, left(srz80297210344)
neg, 0.09224747701105376, left(srz44230443557)
neg, 0.08762384534061207, left(srz96594928683)
neg, 0.338085635834678, left(srz2461867505)
neg, 0.31607632861215096, left(srz274095914871)
neg, 0.43024999543214043, left(srz993110137)
neg, 0.2144317939556987, left(srz274095910663)
neg, 0.2522192920344088, left(srz44248273337)
neg, 0.09259174908264792, left(srz99311014597)
neg, 0.10205775805938307, left(srz274095912316)
neg, 0.09941796035347768, left(srz8029729455)
neg, 0.10747792548879284, left(srz24618679304)
neg, 0.3113054638003522, left(srz246186711804)
neg, 0.31607632861215096, left(srz44230443284)
neg, 0.40635621084154055, left(srz27409593943)
neg, 0.0887268665164327, left(srz24618679379)
neg, 0.11688192957054873, left(srz9931101964)
neg, 0.08928961349481537, left(srz96594928949)
neg, 0.43024999543214043, left(srz193061688)
neg, 0.43024999543214043, left(srz27409591142)
neg, 0.3261986113799918, left(srz274095915073)
neg, 0.11688192957054873, left(srz99311014782)
neg, 0.11688192957054873, left(srz965661714016)
neg, 0.40635621084154055, left(srz965661712714)
neg, 0.09447233311561995, left(srz4424827539)
neg, 0.08762384534061207, left(srz44230443851)
neg, 0.21561915279098645, left(srz24618672882)
neg, 0.095140567258244, left(srz965949213982)
neg, 0.33768125175482216, left(srz99311012515)
neg, 0.33768125175482216, left(srz24618675466)
neg, 0.0887268665164327, left(srz8029727548)
neg, 0.09941796035347768, left(srz99311012759)
neg, 0.09470362628195078, left(srz96566179998)
neg, 0.0887268665164327, left(srz96594921365)
neg, 0.40635621084154055, left(srz274095916372)
neg, 0.09941796035347768, left(srz99311011456)
neg, 0.09609493625297909, left(srz193068883)
neg, 0.08762384534061207, left(srz44230446686)
neg, 0.1235733850801739, left(srz96566176333)
neg, 0.10429965700047668, left(srz2740959351)
neg, 0.10429965700047668, left(srz27409592672)
neg, 0.10747792548879284, left(srz193063848)
neg, 0.33768125175482216, left(srz4424827112)
neg, 0.23269372339757188, left(srz27409591511)
neg, 0.10747792548879284, left(srz96594925304)
neg, 0.21561915279098645, left(srz1930611854)
neg, 0.10747792548879284, left(srz4423044507)
neg, 0.10429965700047668, left(srz193069928)
neg, 0.43024999543214043, left(srz274095916946)
neg, 0.09236658937799515, left(srz99311017074)
neg, 0.0887268665164327, left(srz96566171643)
neg, 0.09609493625297909, left(srz8029727333)
neg, 0.33768125175482216, left(srz993110111878)
neg, 0.5379974749891667, left(srz8029721844)
neg, 0.0887268665164327, left(srz193063622)
neg, 0.11688192957054873, left(srz193061379)
neg, 0.08762384534061207, left(srz965949212828)
neg, 0.11688192957054873, left(srz96566178919)
neg, 0.10429965700047668, left(srz274095911524)
neg, 0.31607632861215096, left(srz44248276167)
neg, 0.21531360176855996, left(srz96594924062)
neg, 0.21561915279098645, left(srz24618671206)
neg, 0.08762384534061207, left(srz8029724324)
neg, 0.34814322782325435, left(srz965661712294)
neg, 0.40635621084154055, left(srz193068749)
neg, 0.33768125175482216, left(srz44230448017)
neg, 0.10205775805938307, left(srz274095912194)
neg, 0.3331641946750168, left(srz193064581)
neg, 0.0887268665164327, left(srz99311013131)
neg, 0.17064270533827597, left(srz99311012546)
neg, 0.08990707212312127, left(srz965949210852)
neg, 0.08762384534061207, left(srz99311015949)
neg, 0.09608915723563012, left(srz44248274475)
neg, 0.08762384534061207, left(srz96566177802)
neg, 0.31607632861215096, left(srz2740959912)
neg, 0.31607632861215096, left(srz96594921011)
neg, 0.0937508809907689, left(srz96594922241)
neg, 0.16148710120292242, left(srz44248272896)
neg, 0.09941796035347768, left(srz99311016291)
neg, 0.10429965700047668, left(srz27409593608)
neg, 0.08762384534061207, left(srz99311016119)
neg, 0.09632821988167461, left(srz8029726490)
neg, 0.08762384534061207, left(srz96594928726)
neg, 0.08990707212312127, left(srz8029723677)
neg, 0.36040220265655376, left(srz802972784)
neg, 0.5854559097590201, left(srz96566175502)
neg, 0.33768125175482216, left(srz44230444867)
neg, 0.0887268665164327, left(srz965949210972)
neg, 0.21561915279098645, left(srz246186714906)
neg, 0.19918329105392513, left(srz965661716004)
neg, 0.0992611488082572, left(srz96566172709)
neg, 0.09463868543959796, left(srz193062373)
neg, 0.09447233311561995, left(srz193065089)
neg, 0.10747792548879284, left(srz99311013511)
neg, 0.40635621084154055, left(srz96594924513)
neg, 0.43024999543214043, left(srz44248275988)
neg, 0.31607632861215096, left(srz442304463)
neg, 0.10404929125716667, left(srz99311018559)
neg, 0.09762134993398691, left(srz246186710201)
neg, 0.21531360176855996, left(srz246186715941)
neg, 0.23269372339757188, left(srz24618674099)
neg, 0.34814322782325435, left(srz99311017649)
neg, 0.09941796035347768, left(srz99311011458)
neg, 0.40635621084154055, left(srz27409598197)
neg, 0.21531360176855996, left(srz96594923898)
neg, 0.40635621084154055, left(srz8029725383)
neg, 0.09463734954675793, left(srz965661715134)
neg, 0.09259174908264792, left(srz274095916698)
neg, 0.10747792548879284, left(srz96594921314)
neg, 0.10429965700047668, left(srz27409594567)
neg, 0.09398249492320182, left(srz96566177746)
neg, 0.0887268665164327, left(srz44248275360)
neg, 0.0937508809907689, left(srz27409598241)
neg, 0.40635621084154055, left(srz99311011650)
neg, 0.1569926385905161, left(srz193065148)
neg, 0.40635621084154055, left(srz274095910988)
neg, 0.09340274269541389, left(srz965949211231)
neg, 0.08762384534061207, left(srz246186713228)
neg, 0.11688192957054873, left(srz8029721519)
neg, 0.5379974749891667, left(srz96566177512)
neg, 0.10404929125716667, left(srz965949213044)
neg, 0.09609493625297909, left(srz9659492966)
neg, 0.09332796036453707, left(srz274095917143)
neg, 0.09340274269541389, left(srz99311017715)
neg, 0.40635621084154055, left(srz9931101770)
neg, 0.0937508809907689, left(srz8029728121)
neg, 0.33768125175482216, left(srz44248277234)
neg, 0.0958193856345921, left(srz965661711466)
neg, 0.09224747701105376, left(srz44248272595)
neg, 0.40635621084154055, left(srz193068026)
neg, 0.43024999543214043, left(srz9931101178)
neg, 0.10429965700047668, left(srz274095911506)
neg, 0.10747792548879284, left(srz8029726464)
neg, 0.40635621084154055, left(srz193067377)
neg, 0.0958193856345921, left(srz993110112242)
neg, 0.3711736182300026, left(srz96594927517)
neg, 0.33768125175482216, left(srz274095917253)
neg, 0.08969631519377494, left(srz274095916674)
neg, 0.10747792548879284, left(srz19306215)
neg, 0.09700154491364789, left(srz99311015437)
neg, 0.43024999543214043, left(srz246186713742)
neg, 0.31607632861215096, left(srz99311012096)
neg, 0.11688192957054873, left(srz8029721439)
neg, 0.08990707212312127, left(srz193067631)
neg, 0.11688192957054873, left(srz993110111419)
neg, 0.11688192957054873, left(srz99311014954)
neg, 0.10429965700047668, left(srz27409593443)
neg, 0.10404929125716667, left(srz8029727268)
neg, 0.09941796035347768, left(srz193062512)
neg, 0.0887268665164327, left(srz193063721)
neg, 0.10747792548879284, left(srz274095913334)
neg, 0.338085635834678, left(srz274095917113)
neg, 0.5854559097590201, left(srz96594925820)
neg, 0.08762384534061207, left(srz96594929530)
neg, 0.08762384534061207, left(srz99311017794)
neg, 0.17064270533827597, left(srz44248276383)
neg, 0.0887268665164327, left(srz193069148)
neg, 0.08762384534061207, left(srz193066703)
neg, 0.36040220265655376, left(srz24618672493)
neg, 0.10747792548879284, left(srz27409595198)
neg, 0.43024999543214043, left(srz24618671607)
neg, 0.10205775805938307, left(srz274095912224)
neg, 0.09490985775752864, left(srz965949211187)
neg, 0.11688192957054873, left(srz8029721542)
neg, 0.40635621084154055, left(srz8029729842)
neg, 0.10205775805938307, left(srz96566174769)
neg, 0.08990707212312127, left(srz965949210808)
neg, 0.31607632861215096, left(srz274095914840)
neg, 0.12280640097404143, left(srz8029726190)
neg, 0.10429965700047668, left(srz246186716717)
neg, 0.31607632861215096, left(srz9656617596)
neg, 0.08762384534061207, left(srz274095933)
neg, 0.43024999543214043, left(srz8029726634)
neg, 0.43024999543214043, left(srz246186714999)
neg, 0.09762134993398691, left(srz965661713350)
neg, 0.10429965700047668, left(srz193067005)
neg, 0.09486880485969293, left(srz965661714902)
neg, 0.10404929125716667, left(srz96594925200)
neg, 0.08762384534061207, left(srz1930612197)
neg, 0.09016603697229966, left(srz44248273671)
neg, 0.08928961349481537, left(srz96594928939)
neg, 0.33768125175482216, left(srz44230443153)
neg, 0.17064270533827597, left(srz1930611229)
neg, 0.08762384534061207, left(srz24618672373)
neg, 0.10429965700047668, left(srz27409593397)
neg, 0.33768125175482216, left(srz8029722794)
neg, 0.33768125175482216, left(srz9656617606)
neg, 0.3261986113799918, left(srz44248277912)
neg, 0.43024999543214043, left(srz274095916498)
neg, 0.10404929125716667, left(srz193067497)
neg, 0.17064270533827597, left(srz96594922630)
neg, 0.10429965700047668, left(srz44248271417)
neg, 0.31607632861215096, left(srz96594922830)
neg, 0.09352319308513994, left(srz96566171312)
neg, 0.09259174908264792, left(srz965661713373)
neg, 0.11688192957054873, left(srz44248277846)
neg, 0.09941796035347768, left(srz8029727655)
neg, 0.09470362628195078, left(srz27409595708)
neg, 0.11688192957054873, left(srz993110111435)
neg, 0.10747792548879284, left(srz193063266)
neg, 0.10747792548879284, left(srz44248276964)
neg, 0.10429965700047668, left(srz96566179125)
neg, 0.10429965700047668, left(srz246186713175)
neg, 0.21561915279098645, left(srz27409591282)
neg, 0.2161421357982058, left(srz44230447013)
neg, 0.08762384534061207, left(srz965949212744)
neg, 0.11688192957054873, left(srz96594922995)
neg, 0.3113054638003522, left(srz24618672465)
neg, 0.21531360176855996, left(srz8029722638)
neg, 0.08762384534061207, left(srz8029729169)
neg, 0.0924723759409461, left(srz1930610889)
neg, 0.43024999543214043, left(srz8029726753)
neg, 0.09608915723563012, left(srz965661710789)
neg, 0.22014123864636012, left(srz246186716803)
neg, 0.09470362628195078, left(srz24618678230)
neg, 0.0887268665164327, left(srz96566171637)
neg, 0.31607632861215096, left(srz44230443087)
neg, 0.11688192957054873, left(srz965661711832)
neg, 0.09762134993398691, left(srz8029722468)
neg, 0.10747792548879284, left(srz246186713543)
neg, 0.09609493625297909, left(srz96566174186)
neg, 0.10747792548879284, left(srz96594925357)
neg, 0.7077438782664071, left(srz1930611407)
neg, 0.10747792548879284, left(srz27409598354)
neg, 0.43024999543214043, left(srz96594922431)
neg, 0.3113054638003522, left(srz8029727009)
neg, 0.10404929125716667, left(srz9656617123)
neg, 0.13062912489546, left(srz96566178742)
neg, 0.23269372339757188, left(srz24618674236)
neg, 0.0887268665164327, left(srz99311013023)
neg, 0.11688192957054873, left(srz96594922972)
neg, 0.3711736182300026, left(srz4423044786)
neg, 0.19918329105392513, left(srz44230441022)
neg, 0.08762384534061207, left(srz44230446711)
neg, 0.10429965700047668, left(srz99311012402)
neg, 0.08762384534061207, left(srz4423044338)
neg, 0.31607632861215096, left(srz44230444393)
neg, 0.43024999543214043, left(srz24618678378)
neg, 0.11688192957054873, left(srz965661711791)
neg, 0.08990707212312127, left(srz44248275165)
neg, 0.09224747701105376, left(srz44248272597)
neg, 0.31607632861215096, left(srz193067050)
neg, 0.5006733409902656, left(srz96566179064)
neg, 0.2144317939556987, left(srz96566179161)
neg, 0.12714606137119056, left(srz96594922593)
neg, 0.31607632861215096, left(srz8029729620)
neg, 0.08978074992954073, left(srz96594921779)
neg, 0.10429965700047668, left(srz246186717178)
neg, 0.34855354714672426, left(srz965949213222)
neg, 0.09340274269541389, left(srz193064456)
neg, 0.09235628868285982, left(srz8029727867)
neg, 0.11688192957054873, left(srz246186714692)
neg, 0.36040220265655376, left(srz8029729989)
neg, 0.5379974749891667, left(srz44248271898)
neg, 0.0887268665164327, left(srz96594925439)
neg, 0.10429965700047668, left(srz993110110141)
neg, 0.0887268665164327, left(srz8029727643)
neg, 0.28887358464003626, left(srz965661710196)
neg, 0.09941796035347768, left(srz8029727911)
neg, 0.11688192957054873, left(srz246186711656)
neg, 0.23269372339757188, left(srz27409591036)
neg, 0.09129785735141506, left(srz44230443760)
neg, 0.09609493625297909, left(srz965661712798)
neg, 0.0887268665164327, left(srz44248276843)
neg, 0.08990707212312127, left(srz193067714)
neg, 0.09463734954675793, left(srz965661715129)
neg, 0.40635621084154055, left(srz8029721670)
neg, 0.10429965700047668, left(srz24618677911)
neg, 0.10747792548879284, left(srz246186714407)
neg, 0.43024999543214043, left(srz96566178154)
neg, 0.2161421357982058, left(srz44230447023)
neg, 0.36040220265655376, left(srz27409595311)
neg, 0.2522192920344088, left(srz44248273368)
neg, 0.08990707212312127, left(srz8029727397)
neg, 0.2013793350879112, left(srz99311011432)
neg, 0.09104766044741505, left(srz44248273944)
neg, 0.09762134993398691, left(srz44230448130)
neg, 0.09608915723563012, left(srz24618677167)
neg, 0.43024999543214043, left(srz96594924901)
neg, 0.09700154491364789, left(srz96566172411)
neg, 0.08762384534061207, left(srz193063904)
neg, 0.10429965700047668, left(srz24618675790)
neg, 0.08762384534061207, left(srz96594927060)
neg, 0.0887268665164327, left(srz8029727531)
neg, 0.3261986113799918, left(srz8029721280)
neg, 0.11688192957054873, left(srz99311014717)
neg, 0.43024999543214043, left(srz24618673548)
neg, 0.3711736182300026, left(srz44230443614)
neg, 0.43024999543214043, left(srz274095916356)
neg, 0.08762384534061207, left(srz44248275632)
neg, 0.10747792548879284, left(srz274095910095)
neg, 0.11688192957054873, left(srz96594924133)
neg, 0.31607632861215096, left(srz24618671479)
neg, 0.17064270533827597, left(srz8029729574)
neg, 0.43024999543214043, left(srz96566179211)
neg, 0.3113054638003522, left(srz274095910942)
neg, 0.3261986113799918, left(srz965661712473)
neg, 0.09609493625297909, left(srz44230444974)
neg, 0.0992611488082572, left(srz96566172711)
neg, 0.2522192920344088, left(srz965661713444)
neg, 0.34814322782325435, left(srz99311017034)
neg, 0.34855354714672426, left(srz96594924303)
neg, 0.10747792548879284, left(srz19306108)
neg, 0.08762384534061207, left(srz274095912452)
neg, 0.3113054638003522, left(srz99311016597)
neg, 0.23784265859764414, left(srz80297210675)
neg, 0.2161421357982058, left(srz44230442955)
neg, 0.10747792548879284, left(srz965949211091)
neg, 0.09941796035347768, left(srz44230444723)
neg, 0.10747792548879284, left(srz96594926578)
neg, 0.21561915279098645, left(srz27409591469)
neg, 0.09264665702184746, left(srz246186710528)
neg, 0.10429965700047668, left(srz993110110703)
neg, 0.19274757238389273, left(srz96594926402)
neg, 0.08762384534061207, left(srz4423044275)
neg, 0.10747792548879284, left(srz8029721956)
neg, 0.10429965700047668, left(srz274095911523)
neg, 0.33768125175482216, left(srz44248271762)
neg, 0.10747792548879284, left(srz246186712630)
neg, 0.31607632861215096, left(srz99311018214)
neg, 0.08928961349481537, left(srz96566173831)
neg, 0.10429965700047668, left(srz27409593296)
neg, 0.31607632861215096, left(srz99311015284)
neg, 0.09447233311561995, left(srz44248278148)
neg, 0.21531360176855996, left(srz96594923917)
neg, 0.15773133899215042, left(srz96594923114)
neg, 0.31607632861215096, left(srz993110110609)
neg, 0.09168441105486956, left(srz27409597753)
neg, 0.08762384534061207, left(srz8029726034)
neg, 0.43024999543214043, left(srz8029726344)
neg, 0.09470362628195078, left(srz246186713808)
neg, 0.3261986113799918, left(srz44230445735)
neg, 0.33768125175482216, left(srz44230444152)
neg, 0.10747792548879284, left(srz4423044499)
neg, 0.5006733409902656, left(srz8029726601)
neg, 0.31607632861215096, left(srz96594921694)
neg, 0.13952275334673125, left(srz246186712622)
neg, 0.21561915279098645, left(srz246186714910)
neg, 0.11688192957054873, left(srz9931101974)
neg, 0.31607632861215096, left(srz24618678980)
neg, 0.09941796035347768, left(srz27409595500)
neg, 0.10429965700047668, left(srz27409594429)
neg, 0.43024999543214043, left(srz8029725663)
neg, 0.09463868543959796, left(srz96566177541)
neg, 0.19918329105392513, left(srz24618672626)
neg, 0.11688192957054873, left(srz96594923023)
neg, 0.09608915723563012, left(srz27409594255)
neg, 0.08978074992954073, left(srz44248271363)
neg, 0.43024999543214043, left(srz8029725707)
neg, 0.09965842165547369, left(srz19306249)
neg, 0.08928961349481537, left(srz8029723446)
neg, 0.11688192957054873, left(srz44230445648)
neg, 0.11688192957054873, left(srz274095916196)
neg, 0.09259174908264792, left(srz24618678202)
neg, 0.0887268665164327, left(srz44230442746)
neg, 0.09340274269541389, left(srz44230447247)
neg, 0.09193959798893422, left(srz96566177647)
neg, 0.0924723759409461, left(srz24618678165)
neg, 0.08762384534061207, left(srz99311019567)
neg, 0.09608915723563012, left(srz8029728325)
neg, 0.10429965700047668, left(srz993110110308)
neg, 0.21561915279098645, left(srz246186716177)
neg, 0.09941796035347768, left(srz274095911833)
neg, 0.08762384534061207, left(srz8029728826)
neg, 0.2144317939556987, left(srz274095916323)
neg, 0.08884187788696475, left(srz80297210212)
neg, 0.09041152568594854, left(srz9931101491)
neg, 0.08762384534061207, left(srz965949213732)
neg, 0.10404929125716667, left(srz9656617111)
neg, 0.11688192957054873, left(srz965661714008)
neg, 0.338085635834678, left(srz8029725183)
neg, 0.09463734954675793, left(srz99311016216)
neg, 0.08762384534061207, left(srz8029729244)
neg, 0.11688192957054873, left(srz246186711714)
neg, 0.09490985775752864, left(srz8029724959)
neg, 0.21561915279098645, left(srz246186712004)
neg, 0.09470362628195078, left(srz96594921056)
neg, 0.7077438782664071, left(srz44230441177)
neg, 0.10429965700047668, left(srz274095911564)
neg, 0.09470362628195078, left(srz24618678712)
neg, 0.0887268665164327, left(srz965661710543)
neg, 0.10429965700047668, left(srz9931101530)
neg, 0.08928961349481537, left(srz96566173849)
neg, 0.08990707212312127, left(srz193063585)
neg, 0.31607632861215096, left(srz993110111502)
neg, 0.21531360176855996, left(srz96566171735)
neg, 0.09224747701105376, left(srz96594927266)
neg, 0.13952275334673125, left(srz27409598349)
neg, 0.10404929125716667, left(srz44248271121)
neg, 0.19323985915953887, left(srz965661710281)
neg, 0.40635621084154055, left(srz44248277031)
neg, 0.40635621084154055, left(srz8029726796)
neg, 0.31607632861215096, left(srz44248275880)
neg, 0.10429965700047668, left(srz24618678502)
neg, 0.21531360176855996, left(srz96594923961)
neg, 0.09762134993398691, left(srz246186710621)
neg, 0.10205775805938307, left(srz193069065)
neg, 0.0868824920165507, left(srz96594923075)
neg, 0.09609493625297909, left(srz193068260)
neg, 0.09447233311561995, left(srz965661712218)
neg, 0.08990707212312127, left(srz193067722)
neg, 0.09608915723563012, left(srz246186711397)
neg, 0.31607632861215096, left(srz24618679959)
neg, 0.09463868543959796, left(srz99311011414)
neg, 0.11688192957054873, left(srz99311016485)
neg, 0.0887268665164327, left(srz1930610536)
neg, 0.21531360176855996, left(srz24618671142)
neg, 0.31607632861215096, left(srz44248273848)
neg, 0.33768125175482216, left(srz96566172155)
neg, 0.2161421357982058, left(srz965949210434)
neg, 0.33768125175482216, left(srz965661713923)
neg, 0.09264665702184746, left(srz246186710669)
neg, 0.08762384534061207, left(srz19306486)
neg, 0.0928333463018143, left(srz193062088)
neg, 0.0887268665164327, left(srz9656617421)
neg, 0.08762384534061207, left(srz1930612292)
neg, 0.09779106778024077, left(srz246186712419)
neg, 0.31607632861215096, left(srz24618672680)
neg, 0.09224747701105376, left(srz1930610816)
neg, 0.40635621084154055, left(srz99311012004)
neg, 0.21531360176855996, left(srz965949213359)
neg, 0.08762384534061207, left(srz246186716497)
neg, 0.0887268665164327, left(srz193063679)
neg, 0.0921735255964435, left(srz8029724907)
neg, 0.31607632861215096, left(srz193065435)
neg, 0.33768125175482216, left(srz99311016366)
neg, 0.34855354714672426, left(srz965949213230)
neg, 0.10429965700047668, left(srz24618677704)
neg, 0.0992611488082572, left(srz9659492550)
neg, 0.09264665702184746, left(srz274095911092)
neg, 0.11688192957054873, left(srz965661711805)
neg, 0.31607632861215096, left(srz80297210032)
neg, 0.09104766044741505, left(srz44248274035)
neg, 0.5379974749891667, left(srz96566171774)
neg, 0.0924723759409461, left(srz965949214024)
neg, 0.09041152568594854, left(srz193061830)
neg, 0.10429965700047668, left(srz24618676394)
neg, 0.0937508809907689, left(srz99311014564)
neg, 0.3113054638003522, left(srz246186711828)
neg, 0.09470362628195078, left(srz96566176981)
neg, 0.0924723759409461, left(srz965949214026)
neg, 0.09656552271795196, left(srz24618675180)
neg, 0.09016603697229966, left(srz44230441783)
neg, 0.338085635834678, left(srz44230447703)
neg, 0.2522192920344088, left(srz96594929297)
neg, 0.10747792548879284, left(srz96594921324)
neg, 0.09041152568594854, left(srz8029721025)
neg, 0.12280640097404143, left(srz1930610149)
neg, 0.0887268665164327, left(srz99311012977)
neg, 0.40635621084154055, left(srz24618673171)
neg, 0.09470362628195078, left(srz27409593283)
neg, 0.2522192920344088, left(srz193061473)
neg, 0.23269372339757188, left(srz246186713019)
neg, 0.31607632861215096, left(srz24618672700)
neg, 0.17064270533827597, left(srz44248277691)
neg, 0.09941796035347768, left(srz193061027)
neg, 0.34814322782325435, left(srz44248275495)
neg, 0.09190937749855801, left(srz193063512)
neg, 0.34814322782325435, left(srz8029725882)
neg, 0.31607632861215096, left(srz802972692)
neg, 0.31607632861215096, left(srz24618677358)
neg, 0.0887268665164327, left(srz193066085)
neg, 0.09340274269541389, left(srz965949212212)
neg, 0.09470362628195078, left(srz965661713229)
neg, 0.10429965700047668, left(srz96566174890)
neg, 0.08762384534061207, left(srz274095941)
neg, 0.10205775805938307, left(srz44248273627)
neg, 0.11688192957054873, left(srz96594922968)
neg, 0.10747792548879284, left(srz44248273877)
neg, 0.08990707212312127, left(srz965949210881)
neg, 0.08762384534061207, left(srz4424827375)
neg, 0.17064270533827597, left(srz44248277704)
neg, 0.10429965700047668, left(srz9656617647)
neg, 0.09340274269541389, left(srz99311017107)
neg, 0.10429965700047668, left(srz96566174866)
neg, 0.10429965700047668, left(srz965661710512)
neg, 0.08762384534061207, left(srz965949212767)
neg, 0.21561915279098645, left(srz965949211983)
neg, 0.2161421357982058, left(srz8029723037)
neg, 0.09447233311561995, left(srz27409591758)
neg, 0.3113054638003522, left(srz965661714596)
neg, 0.43024999543214043, left(srz274095916587)
neg, 0.10747792548879284, left(srz96594926531)
neg, 0.0887268665164327, left(srz8029727563)
neg, 0.0887268665164327, left(srz193066042)
neg, 0.10429965700047668, left(srz27409594522)
neg, 0.31607632861215096, left(srz44248271869)
neg, 0.5379974749891667, left(srz965661710725)
neg, 0.43024999543214043, left(srz44230444527)
neg, 0.10747792548879284, left(srz99311018109)
neg, 0.47064800180582994, left(srz44230447340)
neg, 0.08969631519377494, left(srz993110110706)
neg, 0.31607632861215096, left(srz965661712761)
neg, 0.3261986113799918, left(srz99311017615)
neg, 0.09609493625297909, left(srz8029722012)
neg, 0.43024999543214043, left(srz193063218)
neg, 0.33768125175482216, left(srz24618675463)
neg, 0.09463868543959796, left(srz19306841)
neg, 0.10429965700047668, left(srz274095915779)
neg, 0.3113054638003522, left(srz99311011917)
neg, 0.10429965700047668, left(srz965949214161)
neg, 0.08903291949117803, left(srz44230442982)
neg, 0.08990707212312127, left(srz8029723645)
neg, 0.11688192957054873, left(srz96566178976)
neg, 0.09463868543959796, left(srz993110111778)
neg, 0.09398249492320182, left(srz4423044111)
neg, 0.09447386570887614, left(srz44230445253)
neg, 0.08884187788696475, left(srz80297210304)
neg, 0.09608915723563012, left(srz9659492941)
neg, 0.43024999543214043, left(srz274095916966)
neg, 0.09700154491364789, left(srz965949211495)
neg, 0.33768125175482216, left(srz44248271904)
neg, 0.09463734954675793, left(srz193061000)
neg, 0.36040220265655376, left(srz44248272054)
neg, 0.19918329105392513, left(srz44230441032)
neg, 0.08762384534061207, left(srz965661712021)
neg, 0.33768125175482216, left(srz193068519)
neg, 0.31607632861215096, left(srz993110111290)
neg, 0.17064270533827597, left(srz193063099)
neg, 0.40635621084154055, left(srz193069280)
neg, 0.0937508809907689, left(srz8029723184)
neg, 0.08762384534061207, left(srz1930612359)
neg, 0.6370360364783444, left(srz965949212677)
neg, 0.09941796035347768, left(srz4424827181)
neg, 0.09941796035347768, left(srz99311018836)
neg, 0.10747792548879284, left(srz96594925594)
neg, 0.1569926385905161, left(srz193065142)
neg, 0.21561915279098645, left(srz96566176234)
neg, 0.0992611488082572, left(srz27409598339)
neg, 0.0887268665164327, left(srz44248276745)
neg, 0.19918329105392513, left(srz993110111183)
neg, 0.33768125175482216, left(srz965661713928)
neg, 0.43024999543214043, left(srz27409596395)
neg, 0.09259174908264792, left(srz44230446283)
neg, 0.21561915279098645, left(srz8029722861)
neg, 0.0887268665164327, left(srz80297210327)
neg, 0.08978074992954073, left(srz193068135)
neg, 0.21561915279098645, left(srz27409594028)
neg, 0.08762384534061207, left(srz44230446593)
neg, 0.10747792548879284, left(srz99311019792)
neg, 0.08762384534061207, left(srz44248278005)
neg, 0.10429965700047668, left(srz96594926082)
neg, 0.11688192957054873, left(srz8029721563)
neg, 0.3711736182300026, left(srz96566176414)
neg, 0.10429965700047668, left(srz993110111681)
neg, 0.0887268665164327, left(srz965661710643)
neg, 0.10429965700047668, left(srz246186710063)
neg, 0.40635621084154055, left(srz96594928048)
neg, 0.0887268665164327, left(srz96594921372)
neg, 0.3711736182300026, left(srz4424827299)
neg, 0.21561915279098645, left(srz99311016793)
neg, 0.31607632861215096, left(srz993110111489)
neg, 0.2521930902644402, left(srz96566178869)
neg, 0.09965842165547369, left(srz9656617820)
neg, 0.08762384534061207, left(srz274095911311)
neg, 0.11688192957054873, left(srz44230446904)
neg, 0.338085635834678, left(srz44248277419)
neg, 0.31607632861215096, left(srz44230447804)
neg, 0.0887268665164327, left(srz193063614)
neg, 0.36040220265655376, left(srz802972948)
neg, 0.09470362628195078, left(srz27409595732)
neg, 0.33768125175482216, left(srz246186716038)
neg, 0.43024999543214043, left(srz44230444526)
neg, 0.17064270533827597, left(srz99311012568)
neg, 0.08969631519377494, left(srz44230445041)
neg, 0.10429965700047668, left(srz99311018318)
neg, 0.2161421357982058, left(srz44230446965)
neg, 0.19176228743018453, left(srz24618678626)
neg, 0.11688192957054873, left(srz44230444210)
neg, 0.09490985775752864, left(srz44230446287)
neg, 0.2522192920344088, left(srz246186714746)
neg, 0.43024999543214043, left(srz274095916052)
neg, 0.13062912489546, left(srz96566178746)
neg, 0.09340274269541389, left(srz99311017130)
neg, 0.0887268665164327, left(srz44248276840)
neg, 0.10429965700047668, left(srz246186716714)
neg, 0.36040220265655376, left(srz24618675049)
neg, 0.31607632861215096, left(srz24618676116)
neg, 0.43024999543214043, left(srz193063782)
neg, 0.10747792548879284, left(srz246186712839)
neg, 0.08762384534061207, left(srz193069356)
neg, 0.09941796035347768, left(srz44248278248)
neg, 0.10429965700047668, left(srz99311019290)
neg, 0.0887268665164327, left(srz1930610490)
neg, 0.0887268665164327, left(srz99311013152)
neg, 0.33768125175482216, left(srz96594921533)
neg, 0.11688192957054873, left(srz4424827930)
neg, 0.10747792548879284, left(srz274095913340)
neg, 0.40635621084154055, left(srz44230447698)
neg, 0.43024999543214043, left(srz96566176841)
neg, 0.0887268665164327, left(srz274095912334)
neg, 0.10429965700047668, left(srz24618671923)
neg, 0.0887268665164327, left(srz27409595801)
neg, 0.08762384534061207, left(srz193063929)
neg, 0.10205775805938307, left(srz99311011282)
neg, 0.10205775805938307, left(srz8029726147)
neg, 0.2013793350879112, left(srz8029722373)
neg, 0.11688192957054873, left(srz27409599216)
neg, 0.10747792548879284, left(srz19306811)
neg, 0.21531360176855996, left(srz24618671034)
neg, 0.10747792548879284, left(srz19306793)
neg, 0.21561915279098645, left(srz274095916174)
neg, 0.10205775805938307, left(srz96594921219)
neg, 0.21531360176855996, left(srz44230443969)
neg, 0.10747792548879284, left(srz993110110357)
neg, 0.33768125175482216, left(srz193065503)
neg, 0.43024999543214043, left(srz274095916107)
neg, 0.5854559097590201, left(srz8029722958)
neg, 0.31607632861215096, left(srz8029725450)
neg, 0.22014123864636012, left(srz802972290)
neg, 0.10205775805938307, left(srz96594927777)
neg, 0.31607632861215096, left(srz193064671)
neg, 0.09355835621005208, left(srz274095910243)
neg, 0.08762384534061207, left(srz44248274402)
neg, 0.10747792548879284, left(srz44248274093)
neg, 0.09470362628195078, left(srz1930611467)
neg, 0.21561915279098645, left(srz96594924083)
neg, 0.13952275334673125, left(srz44248277121)
neg, 0.09340274269541389, left(srz96594929666)
neg, 0.10205775805938307, left(srz24618675745)
neg, 0.09447233311561995, left(srz80297210447)
neg, 0.1893572335612909, left(srz274095913733)
neg, 0.338085635834678, left(srz44248271717)
neg, 0.0868824920165507, left(srz965949210072)
neg, 0.3113054638003522, left(srz96594929040)
neg, 0.08762384534061207, left(srz44230446574)
neg, 0.33768125175482216, left(srz24618671084)
neg, 0.33768125175482216, left(srz965661713299)
neg, 0.09965842165547369, left(srz44248273948)
neg, 0.31607632861215096, left(srz99311012578)
neg, 0.21531360176855996, left(srz44230444165)
neg, 0.08762384534061207, left(srz8029729144)
neg, 0.10429965700047668, left(srz27409596110)
neg, 0.08762384534061207, left(srz8029725915)
neg, 0.31607632861215096, left(srz802972994)
neg, 0.11688192957054873, left(srz27409599246)
neg, 0.09608915723563012, left(srz96566175395)
neg, 0.10747792548879284, left(srz44230443279)
neg, 0.09608915723563012, left(srz96566175387)
neg, 0.21531360176855996, left(srz193061665)
neg, 0.09168441105486956, left(srz24618671699)
neg, 0.33768125175482216, left(srz44248271791)
neg, 0.11688192957054873, left(srz44230444260)
neg, 0.09608915723563012, left(srz24618677164)
neg, 0.10271147823357023, left(srz274095915589)
neg, 0.43024999543214043, left(srz24618676222)
neg, 0.10429965700047668, left(srz24618676390)
neg, 0.40635621084154055, left(srz27409593915)
neg, 0.33768125175482216, left(srz99311012173)
neg, 0.33768125175482216, left(srz99311014162)
neg, 0.10747792548879284, left(srz193062317)
neg, 0.08762384534061207, left(srz246186710780)
neg, 0.09447233311561995, left(srz193065084)
neg, 0.0958193856345921, left(srz193066595)
neg, 0.09608915723563012, left(srz24618677179)
neg, 0.2522192920344088, left(srz44248273397)
neg, 0.4525842432755376, left(srz1930610087)
neg, 0.10429965700047668, left(srz246186714229)
neg, 0.0924723759409461, left(srz9656617732)
neg, 0.31607632861215096, left(srz24618672986)
neg, 0.13952275334673125, left(srz96566171784)
neg, 0.6788760557584537, left(srz274095917247)
neg, 0.09608915723563012, left(srz274095914009)
neg, 0.08762384534061207, left(srz4424827460)
neg, 0.08903291949117803, left(srz99311011679)
neg, 0.31607632861215096, left(srz193062245)
neg, 0.09470362628195078, left(srz19306530)
neg, 0.43024999543214043, left(srz8029726757)
neg, 0.12239018499212168, left(srz193061909)
neg, 0.36040220265655376, left(srz44248271619)
neg, 0.0868824920165507, left(srz99311013470)
neg, 0.10429965700047668, left(srz193069251)
neg, 0.3711736182300026, left(srz44248272086)
neg, 0.11688192957054873, left(srz24618674349)
neg, 0.40635621084154055, left(srz99311016249)
neg, 0.08762384534061207, left(srz99311019582)
neg, 0.31607632861215096, left(srz96594926010)
neg, 0.09259174908264792, left(srz19306702)
neg, 0.08762384534061207, left(srz246186717165)
neg, 0.08762384534061207, left(srz8029728834)
neg, 0.21531360176855996, left(srz246186716100)
neg, 0.40635621084154055, left(srz24618672280)
neg, 0.21531360176855996, left(srz44230443958)
neg, 0.08990707212312127, left(srz8029727386)
neg, 0.08762384534061207, left(srz965661714181)
neg, 0.09762134993398691, left(srz44230448200)
neg, 0.10747792548879284, left(srz193063291)
neg, 0.31607632861215096, left(srz193065442)
neg, 0.33768125175482216, left(srz965661713870)
neg, 0.33768125175482216, left(srz24618671105)
neg, 0.10404929125716667, left(srz965949210685)
neg, 0.31607632861215096, left(srz96566176035)
neg, 0.08797708080886504, left(srz246186711379)
neg, 0.10429965700047668, left(srz24618677839)
neg, 0.09447233311561995, left(srz993110112)
neg, 0.09016603697229966, left(srz44248274441)
neg, 0.0937508809907689, left(srz27409598295)
neg, 0.10429965700047668, left(srz27409599925)
neg, 0.3711736182300026, left(srz99311011316)
neg, 0.0868824920165507, left(srz96566176714)
neg, 0.10205775805938307, left(srz24618675712)
neg, 0.12280640097404143, left(srz24618675658)
neg, 0.0924723759409461, left(srz96594926915)
neg, 0.2522192920344088, left(srz96594929345)
neg, 0.3113054638003522, left(srz9659492994)
neg, 0.31607632861215096, left(srz965949211907)
neg, 0.09470362628195078, left(srz44248274861)
neg, 0.34814322782325435, left(srz96594927227)
neg, 0.21561915279098645, left(srz96566176139)
neg, 0.08762384534061207, left(srz44230446645)
neg, 0.338085635834678, left(srz27409592717)
neg, 0.10429965700047668, left(srz246186711076)
neg, 0.43024999543214043, left(srz193062168)
neg, 0.33768125175482216, left(srz8029721869)
neg, 0.0887268665164327, left(srz193063836)
neg, 0.2161421357982058, left(srz993110111570)
neg, 0.43024999543214043, left(srz99311014047)
neg, 0.08762384534061207, left(srz965661714243)
neg, 0.36040220265655376, left(srz44248272053)
neg, 0.09340274269541389, left(srz44248274124)
neg, 0.0958193856345921, left(srz8029722078)
neg, 0.09016603697229966, left(srz2740959207)
neg, 0.0887268665164327, left(srz1930610447)
neg, 0.09264665702184746, left(srz246186710504)
neg, 0.33768125175482216, left(srz193061768)
neg, 0.10747792548879284, left(srz274095913349)
neg, 0.19918329105392513, left(srz1930611838)
neg, 0.08762384534061207, left(srz44248273673)
neg, 0.31607632861215096, left(srz8029722168)
neg, 0.37416594167486705, left(srz8029723099)
neg, 0.31607632861215096, left(srz24618673944)
neg, 0.33768125175482216, left(srz4424827222)
neg, 0.31607632861215096, left(srz96594928336)
neg, 0.2161421357982058, left(srz993110111560)
neg, 0.09016603697229966, left(srz96594927018)
neg, 0.10429965700047668, left(srz274095914098)
neg, 0.11688192957054873, left(srz965661715763)
neg, 0.21531360176855996, left(srz44230443993)
neg, 0.08762384534061207, left(srz8029729268)
neg, 0.40635621084154055, left(srz99311012719)
neg, 0.33768125175482216, left(srz965661713522)
neg, 0.21531360176855996, left(srz44230444159)
neg, 0.43024999543214043, left(srz96566173980)
neg, 0.43024999543214043, left(srz44248275850)
neg, 0.11688192957054873, left(srz44248277845)
neg, 0.7077438782664071, left(srz99311012824)
neg, 0.11688192957054873, left(srz8029721301)
neg, 0.33768125175482216, left(srz24618676086)
neg, 0.0868824920165507, left(srz965949214125)
neg, 0.10429965700047668, left(srz246186717180)
neg, 0.09232652434404263, left(srz44230447728)
neg, 0.08762384534061207, left(srz96566173773)
neg, 0.10205775805938307, left(srz274095912189)
neg, 0.22014123864636012, left(srz44230441356)
neg, 0.31607632861215096, left(srz44230442931)
neg, 0.2144317939556987, left(srz99311011803)
neg, 0.33768125175482216, left(srz27409598759)
neg, 0.09016603697229966, left(srz96594927172)
neg, 0.10205775805938307, left(srz246186713214)
neg, 0.31607632861215096, left(srz246186712583)
neg, 0.21561915279098645, left(srz96566178985)
neg, 0.09608915723563012, left(srz274095915361)
neg, 0.08762384534061207, left(srz246186713344)
neg, 0.40635621084154055, left(srz246186713400)
neg, 0.2144317939556987, left(srz193066949)
neg, 0.08969631519377494, left(srz274095910124)
neg, 0.10429965700047668, left(srz24618679738)
neg, 0.10747792548879284, left(srz965661714778)
neg, 0.33768125175482216, left(srz27409594873)
neg, 0.2013793350879112, left(srz96566172437)
neg, 0.11688192957054873, left(srz99311016717)
neg, 0.08762384534061207, left(srz24618677961)
neg, 0.0887268665164327, left(srz274095912363)
neg, 0.21531360176855996, left(srz965661713839)
neg, 0.12280640097404143, left(srz1930610150)
neg, 0.43024999543214043, left(srz24618678017)
neg, 0.0992611488082572, left(srz193068794)
neg, 0.10404929125716667, left(srz99311011499)
neg, 0.40635621084154055, left(srz246186716751)
neg, 0.11688192957054873, left(srz27409599152)
neg, 0.0992611488082572, left(srz2461867836)
neg, 0.31607632861215096, left(srz44248276006)
neg, 0.08762384534061207, left(srz965949213695)
neg, 0.40635621084154055, left(srz274095911731)
neg, 0.08762384534061207, left(srz4423044317)
neg, 0.5169565646748872, left(srz27409592609)
neg, 0.09463734954675793, left(srz24618673286)
neg, 0.40635621084154055, left(srz8029724019)
neg, 0.13952275334673125, left(srz44248277124)
neg, 0.08762384534061207, left(srz99311011136)
neg, 0.21561915279098645, left(srz246186714934)
neg, 0.0937508809907689, left(srz96566174248)
neg, 0.09762134993398691, left(srz993110112153)
neg, 0.22014123864636012, left(srz99311012673)
neg, 0.0937508809907689, left(srz193069913)
neg, 0.09463868543959796, left(srz99311016285)
neg, 0.09224747701105376, left(srz19306623)
neg, 0.3113054638003522, left(srz27409596762)
neg, 0.10429965700047668, left(srz96566174288)
neg, 0.31607632861215096, left(srz965949211867)
neg, 0.2195820944774772, left(srz44248271711)
neg, 0.33768125175482216, left(srz99311013622)
neg, 0.09609493625297909, left(srz9931101490)
neg, 0.09608915723563012, left(srz24618675554)
neg, 0.36040220265655376, left(srz44248277450)
neg, 0.40635621084154055, left(srz27409597894)
neg, 0.0887268665164327, left(srz99311018778)
neg, 0.09264665702184746, left(srz44248278157)
neg, 0.40635621084154055, left(srz965949210196)
neg, 0.09608915723563012, left(srz246186712770)
neg, 0.10747792548879284, left(srz24618678926)
neg, 0.08762384534061207, left(srz274095981)
neg, 0.10205775805938307, left(srz96566174929)
neg, 0.09470362628195078, left(srz96594921090)
neg, 0.1893572335612909, left(srz274095913728)
neg, 0.11688192957054873, left(srz96594924156)
neg, 0.08762384534061207, left(srz246186716454)
neg, 0.09941796035347768, left(srz96566179264)
neg, 0.0887268665164327, left(srz965661710648)
neg, 0.09608915723563012, left(srz246186711405)
neg, 0.09363016764644838, left(srz44248271982)
neg, 0.43024999543214043, left(srz99311012503)
neg, 0.08762384534061207, left(srz19306442)
neg, 0.0887268665164327, left(srz44230445506)
neg, 0.09470362628195078, left(srz8029723181)
neg, 0.09490985775752864, left(srz965661713366)
neg, 0.10747792548879284, left(srz96594921824)
neg, 0.08762384534061207, left(srz27409599528)
neg, 0.23269372339757188, left(srz27409591052)
neg, 0.3113054638003522, left(srz246186711751)
neg, 0.10429965700047668, left(srz27409593093)
neg, 0.3113054638003522, left(srz193067425)
neg, 0.09470362628195078, left(srz965949212164)
neg, 0.08928961349481537, left(srz44248278263)
neg, 0.31607632861215096, left(srz193062588)
neg, 0.19918329105392513, left(srz274095914792)
neg, 0.15300826997762046, left(srz8029721043)
neg, 0.21561915279098645, left(srz44248272404)
neg, 0.0992611488082572, left(srz96594922180)
neg, 0.36040220265655376, left(srz44230445093)
neg, 0.40635621084154055, left(srz99311011654)
neg, 0.33768125175482216, left(srz44230444076)
neg, 0.0887268665164327, left(srz9656617464)
neg, 0.0868824920165507, left(srz1930611354)
neg, 0.09264665702184746, left(srz246186712163)
neg, 0.7077438782664071, left(srz246186716243)
neg, 0.08762384534061207, left(srz246186717115)
neg, 0.43024999543214043, left(srz24618676922)
neg, 0.21561915279098645, left(srz96566172991)
neg, 0.08762384534061207, left(srz965949213724)
neg, 0.08968652267371456, left(srz96566174739)
neg, 0.31607632861215096, left(srz2740959700)
neg, 0.10429965700047668, left(srz246186711084)
neg, 0.338085635834678, left(srz44230444758)
neg, 0.36040220265655376, left(srz193066502)
neg, 0.10429965700047668, left(srz9659492653)
neg, 0.33768125175482216, left(srz99311019243)
neg, 0.09941796035347768, left(srz27409595507)
neg, 0.31607632861215096, left(srz27409592379)
neg, 0.09656552271795196, left(srz44230442169)
neg, 0.0887268665164327, left(srz24618679360)
neg, 0.19274757238389273, left(srz8029723252)
neg, 0.21561915279098645, left(srz27409591411)
neg, 0.19071928583790793, left(srz44248273986)
neg, 0.33768125175482216, left(srz274095915663)
neg, 0.33768125175482216, left(srz44248276121)
neg, 0.09609493625297909, left(srz80297210121)
neg, 0.0887268665164327, left(srz8029727639)
neg, 0.08762384534061207, left(srz27409599580)
neg, 0.08762384534061207, left(srz274095911345)
neg, 0.08762384534061207, left(srz44248278097)
neg, 0.19918329105392513, left(srz96594922768)
neg, 0.09463868543959796, left(srz99311016963)
neg, 0.3261986113799918, left(srz96594924212)
neg, 0.10747792548879284, left(srz44248273873)
neg, 0.11688192957054873, left(srz965949212030)
neg, 0.09440773299953088, left(srz27409595597)
neg, 0.43024999543214043, left(srz24618674615)
neg, 0.10429965700047668, left(srz27409594529)
neg, 0.12280640097404143, left(srz80297293)
neg, 0.09632821988167461, left(srz193061996)
neg, 0.10747792548879284, left(srz193068975)
neg, 0.10747792548879284, left(srz193063261)
neg, 0.09463868543959796, left(srz9659492739)
neg, 0.09608915723563012, left(srz8029728327)
neg, 0.11688192957054873, left(srz8029721564)
neg, 0.08969631519377494, left(srz2740959754)
neg, 0.10747792548879284, left(srz193063287)
neg, 0.5379974749891667, left(srz44248271230)
neg, 0.2522192920344088, left(srz44248273399)
neg, 0.09998224625624681, left(srz193068331)
neg, 0.40635621084154055, left(srz27409591837)
neg, 0.09965842165547369, left(srz193068248)
neg, 0.43024999543214043, left(srz274095910520)
neg, 0.33768125175482216, left(srz274095915641)
neg, 0.08884187788696475, left(srz80297210173)
neg, 0.10747792548879284, left(srz8029724124)
neg, 0.10404929125716667, left(srz246186711581)
neg, 0.21561915279098645, left(srz96594929521)
neg, 0.19701951681629268, left(srz44230448213)
neg, 0.40635621084154055, left(srz99311015131)
neg, 0.3113054638003522, left(srz965949211596)
neg, 0.09965842165547369, left(srz44248274114)
neg, 0.2522192920344088, left(srz965661711748)
neg, 0.0868824920165507, left(srz44248272919)
neg, 0.08990707212312127, left(srz1930610407)
neg, 0.6928377924762232, left(srz246186711289)
neg, 0.43024999543214043, left(srz24618672490)
neg, 0.0887268665164327, left(srz8029723893)
neg, 0.08990707212312127, left(srz44248275173)
neg, 0.21561915279098645, left(srz993110111395)
neg, 0.09608915723563012, left(srz8029724549)
neg, 0.10429965700047668, left(srz4423044641)
neg, 0.09398249492320182, left(srz96566177689)
neg, 0.21561915279098645, left(srz96566173036)
neg, 0.31607632861215096, left(srz8029725400)
neg, 0.10429965700047668, left(srz99311018442)
neg, 0.08762384534061207, left(srz44248274285)
neg, 0.43024999543214043, left(srz274095916495)
neg, 0.0887268665164327, left(srz965661710646)
neg, 0.09470362628195078, left(srz27409594874)
neg, 0.09447386570887614, left(srz96594927821)
neg, 0.08762384534061207, left(srz96594928698)
neg, 0.10429965700047668, left(srz27409598595)
neg, 0.23269372339757188, left(srz4424827811)
neg, 0.43024999543214043, left(srz8029729545)
neg, 0.5379974749891667, left(srz965661711360)
neg, 0.33186072259198907, left(srz193061817)
neg, 0.31607632861215096, left(srz1930611207)
neg, 0.5379974749891667, left(srz193066549)
neg, 0.10747792548879284, left(srz193066689)
neg, 0.09264665702184746, left(srz246186710533)
neg, 0.21561915279098645, left(srz44230441108)
neg, 0.08762384534061207, left(srz96566173733)
neg, 0.09965842165547369, left(srz96566176563)
neg, 0.10747792548879284, left(srz99311013378)
neg, 0.0992611488082572, left(srz965661713134)
neg, 0.31607632861215096, left(srz96594925728)
neg, 0.0887268665164327, left(srz44248276797)
neg, 0.08958030644887138, left(srz44230447379)
neg, 0.0868824920165507, left(srz965949213964)
neg, 0.23269372339757188, left(srz27409591641)
neg, 0.08762384534061207, left(srz19306341)
neg, 0.09016603697229966, left(srz80297210561)
neg, 0.31607632861215096, left(srz2461867668)
neg, 0.09398249492320182, left(srz99311015650)
neg, 0.19918329105392513, left(srz965949211789)
neg, 0.08762384534061207, left(srz965661712193)
neg, 0.10429965700047668, left(srz27409596239)
neg, 0.09168441105486956, left(srz27409592919)
neg, 0.338085635834678, left(srz965949214218)
neg, 0.10404929125716667, left(srz99311016400)
neg, 0.09447233311561995, left(srz99311019669)
neg, 0.08762384534061207, left(srz8029726058)
neg, 0.10747792548879284, left(srz193066780)
neg, 0.10429965700047668, left(srz44248271399)
neg, 0.10429965700047668, left(srz27409593462)
neg, 0.08762384534061207, left(srz27409593637)
neg, 0.08762384534061207, left(srz193069477)
neg, 0.31607632861215096, left(srz274095912935)
neg, 0.09700154491364789, left(srz193068297)
neg, 0.21561915279098645, left(srz246186716211)
neg, 0.08762384534061207, left(srz44230441641)
neg, 0.09081292467852917, left(srz965661710378)
neg, 0.33768125175482216, left(srz80297210007)
neg, 0.33768125175482216, left(srz8029728493)
neg, 0.43024999543214043, left(srz274095910018)
neg, 0.0887268665164327, left(srz24618675957)
neg, 0.43024999543214043, left(srz274095916959)
neg, 0.0868824920165507, left(srz24618673956)
neg, 0.0887268665164327, left(srz96594921459)
neg, 0.09762134993398691, left(srz96566178248)
neg, 0.09470362628195078, left(srz27409595780)
neg, 0.09608915723563012, left(srz1930610110)
neg, 0.08762384534061207, left(srz99311015993)
neg, 0.09470362628195078, left(srz246186711463)
neg, 0.11688192957054873, left(srz8029725838)
neg, 0.0992611488082572, left(srz24618672563)
neg, 0.33768125175482216, left(srz9656617608)
neg, 0.3261986113799918, left(srz44248272517)
neg, 0.10205775805938307, left(srz99311011260)
neg, 0.0992611488082572, left(srz274095915820)
neg, 0.09090821718191328, left(srz24618676878)
neg, 0.5379974749891667, left(srz96566178354)
neg, 0.33768125175482216, left(srz24618671829)
neg, 0.31607632861215096, left(srz274095911410)
neg, 0.08762384534061207, left(srz4424827399)
neg, 0.08762384534061207, left(srz965661714219)
neg, 0.21561915279098645, left(srz246186716173)
neg, 0.33768125175482216, left(srz246186716284)
neg, 0.19918329105392513, left(srz274095914795)
neg, 0.2144317939556987, left(srz99311015467)
neg, 0.09340274269541389, left(srz99311017134)
neg, 0.40635621084154055, left(srz96566171920)
neg, 0.43024999543214043, left(srz99311014465)
neg, 0.33768125175482216, left(srz99311012116)
neg, 0.10404929125716667, left(srz99311011360)
neg, 0.33768125175482216, left(srz44248271687)
neg, 0.08762384534061207, left(srz96566173817)
neg, 0.09470362628195078, left(srz4423044472)
neg, 0.08762384534061207, left(srz274095911337)
neg, 0.10429965700047668, left(srz993110110330)
neg, 0.40635621084154055, left(srz193065529)
neg, 0.40635621084154055, left(srz9931101785)
neg, 0.10429965700047668, left(srz993110111078)
neg, 0.40635621084154055, left(srz96566174051)
neg, 0.08762384534061207, left(srz44248274690)
neg, 0.338085635834678, left(srz27409592711)
neg, 0.43024999543214043, left(srz27409592465)
neg, 0.21531360176855996, left(srz8029722633)
neg, 0.31607632861215096, left(srz96594928151)
neg, 0.11688192957054873, left(srz246186714846)
neg, 0.31607632861215096, left(srz24618678964)
neg, 0.10404929125716667, left(srz44230445264)
neg, 0.0868824920165507, left(srz246186715701)
neg, 0.09447233311561995, left(srz99311013426)
neg, 0.11688192957054873, left(srz9931101869)
neg, 0.3755421821594811, left(srz96566175404)
neg, 0.09340274269541389, left(srz96566176590)
neg, 0.10747792548879284, left(srz96594922352)
neg, 0.31607632861215096, left(srz8029726724)
neg, 0.10205775805938307, left(srz96566174939)
neg, 0.09447233311561995, left(srz993110111829)
neg, 0.08928961349481537, left(srz27409594211)
neg, 0.40635621084154055, left(srz99311019323)
neg, 0.10747792548879284, left(srz965661713588)
neg, 0.36040220265655376, left(srz8029726991)
neg, 0.10747792548879284, left(srz1930610940)
neg, 0.10429965700047668, left(srz274095911636)
neg, 0.09447233311561995, left(srz96566178288)
neg, 0.09352319308513994, left(srz44248271086)
neg, 0.09941796035347768, left(srz99311012757)
neg, 0.12280640097404143, left(srz965949213052)
neg, 0.10404929125716667, left(srz1930610142)
neg, 0.0887268665164327, left(srz44248276761)
neg, 0.33768125175482216, left(srz8029723057)
neg, 0.08762384534061207, left(srz96566173819)
neg, 0.10429965700047668, left(srz246186715037)
neg, 0.40635621084154055, left(srz965949210198)
neg, 0.08968652267371456, left(srz27409591713)
neg, 0.08990707212312127, left(srz44248275168)
neg, 0.10429965700047668, left(srz8029726483)
neg, 0.17064270533827597, left(srz44248277745)
neg, 0.10404929125716667, left(srz193067532)
neg, 0.09463868543959796, left(srz993110111779)
neg, 0.10429965700047668, left(srz96566175139)
neg, 0.17064270533827597, left(srz1930611250)
neg, 0.21561915279098645, left(srz274095916160)
neg, 0.13062912489546, left(srz27409599019)
neg, 0.31607632861215096, left(srz24618675008)
neg, 0.08762384534061207, left(srz4424827475)
neg, 0.10747792548879284, left(srz1930611267)
neg, 0.09608915723563012, left(srz246186712345)
neg, 0.31607632861215096, left(srz27409592359)
neg, 0.0958193856345921, left(srz193062976)
neg, 0.10747792548879284, left(srz96566178117)
neg, 0.21561915279098645, left(srz27409591412)
neg, 0.09470362628195078, left(srz24618678736)
neg, 0.12280640097404143, left(srz44248271128)
neg, 0.11688192957054873, left(srz96594929225)
neg, 0.33768125175482216, left(srz96594928280)
neg, 0.43024999543214043, left(srz274095910703)
neg, 0.338085635834678, left(srz44230448100)
neg, 0.36040220265655376, left(srz80297210771)
neg, 0.11688192957054873, left(srz8029721551)
neg, 0.47064800180582994, left(srz99311019019)
neg, 0.08958030644887138, left(srz99311014480)
neg, 0.43024999543214043, left(srz99311012238)
neg, 0.17082060411216196, left(srz96594926379)
neg, 0.21531360176855996, left(srz246186715991)
neg, 0.36040220265655376, left(srz44248277036)
neg, 0.10747792548879284, left(srz1930611358)
neg, 0.0887268665164327, left(srz193066092)
neg, 0.3261986113799918, left(srz1930612102)
neg, 0.09608915723563012, left(srz2461867815)
neg, 0.5169565646748872, left(srz96594926070)
neg, 0.11688192957054873, left(srz965661713964)
neg, 0.31607632861215096, left(srz96594922821)
neg, 0.15300826997762046, left(srz8029721788)
neg, 0.0868824920165507, left(srz24618673988)
neg, 0.33768125175482216, left(srz99311012138)
neg, 0.09608915723563012, left(srz99311017857)
neg, 0.08969631519377494, left(srz993110110705)
neg, 0.10429965700047668, left(srz8029725056)
neg, 0.09470362628195078, left(srz2740959634)
neg, 0.10429965700047668, left(srz246186713197)
neg, 0.10747792548879284, left(srz24618679309)
neg, 0.09129785735141506, left(srz246186712518)
neg, 0.08762384534061207, left(srz44230446640)
neg, 0.09941796035347768, left(srz96594929761)
neg, 0.08762384534061207, left(srz246186771)
neg, 0.33768125175482216, left(srz44230443072)
neg, 0.1893572335612909, left(srz274095913768)
neg, 0.09470362628195078, left(srz27409598311)
neg, 0.40635621084154055, left(srz44248276020)
neg, 0.33768125175482216, left(srz44248274982)
neg, 0.31607632861215096, left(srz80297210699)
neg, 0.11688192957054873, left(srz44248277597)
neg, 0.09941796035347768, left(srz80297210572)
neg, 0.09082282791544143, left(srz80297210228)
neg, 0.08990707212312127, left(srz8029723759)
neg, 0.21561915279098645, left(srz1930611890)
neg, 0.10747792548879284, left(srz274095912293)
neg, 0.09352319308513994, left(srz96566171314)
neg, 0.21561915279098645, left(srz9931101749)
neg, 0.09224747701105376, left(srz44248272645)
neg, 0.10205775805938307, left(srz27409591048)
neg, 0.09941796035347768, left(srz274095914437)
neg, 0.40635621084154055, left(srz24618676267)
neg, 0.08928961349481537, left(srz99311011667)
neg, 0.21561915279098645, left(srz8029722887)
neg, 0.0887268665164327, left(srz193063686)
neg, 0.33768125175482216, left(srz8029728202)
neg, 0.43024999543214043, left(srz24618674162)
neg, 0.43024999543214043, left(srz802972897)
neg, 0.36040220265655376, left(srz8029725204)
neg, 0.34855354714672426, left(srz4424827290)
neg, 0.08762384534061207, left(srz8029725993)
neg, 0.13062912489546, left(srz96566178775)
neg, 0.11688192957054873, left(srz44248277656)
neg, 0.09762134993398691, left(srz96566175631)
neg, 0.10429965700047668, left(srz27409592669)
neg, 0.09463868543959796, left(srz1930610673)
neg, 0.08762384534061207, left(srz193064931)
neg, 0.28887358464003626, left(srz96594922519)
neg, 0.22014123864636012, left(srz8029723160)
neg, 0.33768125175482216, left(srz44248277228)
neg, 0.5379974749891667, left(srz193069225)
neg, 0.09129785735141506, left(srz44230443759)
neg, 0.10747792548879284, left(srz99311019439)
neg, 0.08762384534061207, left(srz27409592942)
neg, 0.10747792548879284, left(srz27409599781)
neg, 0.09224747701105376, left(srz96594927308)
neg, 0.13062912489546, left(srz27409599039)
neg, 0.33768125175482216, left(srz193062045)
neg, 0.09463868543959796, left(srz44230441920)
neg, 0.10429965700047668, left(srz965661714165)
neg, 0.33768125175482216, left(srz9656617946)
neg, 0.43024999543214043, left(srz274095910014)
neg, 0.21531360176855996, left(srz44248272281)
neg, 0.10747792548879284, left(srz96566178328)
neg, 0.43024999543214043, left(srz4424827774)
neg, 0.10205775805938307, left(srz96594927761)
neg, 0.08762384534061207, left(srz24618673007)
neg, 0.11688192957054873, left(srz96594922934)
neg, 0.10205775805938307, left(srz99311018576)
neg, 0.09965842165547369, left(srz24618676725)
neg, 0.0887268665164327, left(srz96594925458)
neg, 0.10205775805938307, left(srz96594926494)
neg, 0.10747792548879284, left(srz24618675407)
neg, 0.43024999543214043, left(srz99311012497)
neg, 0.09965842165547369, left(srz193068480)
neg, 0.10205775805938307, left(srz8029725530)
neg, 0.10429965700047668, left(srz19306259)
neg, 0.09762134993398691, left(srz246186710581)
neg, 0.3711736182300026, left(srz99311011326)
neg, 0.31607632861215096, left(srz96594922383)
neg, 0.08762384534061207, left(srz246186716313)
neg, 0.09463734954675793, left(srz96566178081)
neg, 0.10747792548879284, left(srz99311019774)
neg, 0.10429965700047668, left(srz2740959339)
neg, 0.40635621084154055, left(srz99311015114)
neg, 0.15773133899215042, left(srz9659492607)
neg, 0.09104766044741505, left(srz44248274470)
neg, 0.19918329105392513, left(srz965949211850)
neg, 0.09941796035347768, left(srz965661711263)
neg, 0.09340274269541389, left(srz246186715252)
neg, 0.09608915723563012, left(srz246186712334)
neg, 0.22014123864636012, left(srz8029721045)
neg, 0.09190937749855801, left(srz193063562)
neg, 0.10429965700047668, left(srz27409596965)
neg, 0.10747792548879284, left(srz8029722109)
neg, 0.23784265859764414, left(srz8029727050)
neg, 0.08978074992954073, left(srz24618679023)
neg, 0.40635621084154055, left(srz99311016255)
neg, 0.2522192920344088, left(srz993110111868)
neg, 0.40635621084154055, left(srz27409592519)
neg, 0.43024999543214043, left(srz8029725339)
neg, 0.09608915723563012, left(srz246186710209)
neg, 0.08903291949117803, left(srz99311011669)
neg, 0.09470362628195078, left(srz27409595008)
neg, 0.08762384534061207, left(srz96594928752)
neg, 0.10429965700047668, left(srz96566173271)
neg, 0.09941796035347768, left(srz44230445278)
neg, 0.09340274269541389, left(srz44230447258)
neg, 0.31607632861215096, left(srz8029724044)
neg, 0.10429965700047668, left(srz246186715032)
neg, 0.4544511178758716, left(srz193068125)
neg, 0.09463868543959796, left(srz96566177548)
neg, 0.5379974749891667, left(srz246186715613)
neg, 0.338085635834678, left(srz44248276344)
neg, 0.21531360176855996, left(srz2461867959)
neg, 0.43024999543214043, left(srz4424827780)
neg, 0.40635621084154055, left(srz246186716993)
neg, 0.09463734954675793, left(srz99311012410)
neg, 0.10429965700047668, left(srz274095916755)
neg, 0.43024999543214043, left(srz44230446060)
neg, 0.43024999543214043, left(srz274095916349)
neg, 0.09941796035347768, left(srz44230442321)
neg, 0.08762384534061207, left(srz44248275725)
neg, 0.09463868543959796, left(srz965949214051)
neg, 0.09490985775752864, left(srz274095915101)
neg, 0.21531360176855996, left(srz193061656)
neg, 0.0887268665164327, left(srz27409595878)
neg, 0.33768125175482216, left(srz193067990)
neg, 0.09104766044741505, left(srz44248274031)
neg, 0.10429965700047668, left(srz27409596422)
neg, 0.40635621084154055, left(srz96594925920)
neg, 0.3113054638003522, left(srz246186711805)
neg, 0.08762384534061207, left(srz246186713320)
neg, 0.10205775805938307, left(srz27409597133)
neg, 0.40635621084154055, left(srz99311015556)
neg, 0.09470362628195078, left(srz24618673335)
neg, 0.11688192957054873, left(srz965661715881)
neg, 0.09340274269541389, left(srz193067605)
neg, 0.40635621084154055, left(srz802972989)
neg, 0.21561915279098645, left(srz24618677281)
neg, 0.08762384534061207, left(srz8029724465)
neg, 0.5854559097590201, left(srz4423044585)
neg, 0.21531360176855996, left(srz8029721595)
neg, 0.09259174908264792, left(srz965661715610)
neg, 0.08928961349481537, left(srz96566173834)
neg, 0.0887268665164327, left(srz96594925436)
neg, 0.36040220265655376, left(srz44248276327)
neg, 0.10747792548879284, left(srz44248276966)
neg, 0.10205775805938307, left(srz246186713110)
neg, 0.11688192957054873, left(srz8029721515)
neg, 0.31607632861215096, left(srz8029724643)
neg, 0.09340274269541389, left(srz965949213105)
neg, 0.10747792548879284, left(srz44230443460)
neg, 0.33768125175482216, left(srz24618678696)
neg, 0.11688192957054873, left(srz44248277840)
neg, 0.09447233311561995, left(srz99311015642)
neg, 0.21561915279098645, left(srz1930611862)
neg, 0.5854559097590201, left(srz44230443404)
neg, 0.0887268665164327, left(srz99311013228)
neg, 0.33768125175482216, left(srz1930611578)
neg, 0.2161421357982058, left(srz99311012713)
neg, 0.09470362628195078, left(srz274095911204)
neg, 0.10205775805938307, left(srz44248277502)
neg, 0.33768125175482216, left(srz44248271639)
neg, 0.0958193856345921, left(srz965661715143)
neg, 0.09363016764644838, left(srz8029729410)
neg, 0.10429965700047668, left(srz96566171544)
neg, 0.0887268665164327, left(srz96566171642)
neg, 0.10429965700047668, left(srz44230443164)
neg, 0.0887268665164327, left(srz193063634)
neg, 0.08762384534061207, left(srz44248275723)
neg, 0.13062912489546, left(srz96566178744)
neg, 0.36040220265655376, left(srz802972634)
neg, 0.43024999543214043, left(srz193063772)
neg, 0.10747792548879284, left(srz24618671575)
neg, 0.21561915279098645, left(srz24618677549)
neg, 0.21561915279098645, left(srz8029725733)
neg, 0.10429965700047668, left(srz24618677058)
neg, 0.40635621084154055, left(srz44230444791)
neg, 0.40635621084154055, left(srz802972919)
neg, 0.2144317939556987, left(srz96566171840)
neg, 0.21561915279098645, left(srz27409591295)
neg, 0.33768125175482216, left(srz44230443356)
neg, 0.43024999543214043, left(srz993110111718)
neg, 0.17064270533827597, left(srz44248277734)
neg, 0.08762384534061207, left(srz44248277955)
neg, 0.0887268665164327, left(srz96594925416)
neg, 0.338085635834678, left(srz965949210170)
neg, 0.08969631519377494, left(srz2740959747)
neg, 0.5006733409902656, left(srz96566176755)
neg, 0.08762384534061207, left(srz27409597381)
neg, 0.19918329105392513, left(srz965949210615)
neg, 0.43024999543214043, left(srz24618674157)
neg, 0.21561915279098645, left(srz44230441156)
neg, 0.09259174908264792, left(srz27409598214)
neg, 0.0958193856345921, left(srz246186715737)
neg, 0.0887268665164327, left(srz8029723828)
neg, 0.10747792548879284, left(srz24618672571)
neg, 0.08797708080886504, left(srz80297210906)
neg, 0.3113054638003522, left(srz99311018127)
neg, 0.0868824920165507, left(srz96594924569)
neg, 0.10205775805938307, left(srz27409597112)
neg, 0.21561915279098645, left(srz27409591280)
neg, 0.0887268665164327, left(srz44248275363)
neg, 0.31607632861215096, left(srz27409598206)
neg, 0.43024999543214043, left(srz965949212607)
neg, 0.3113054638003522, left(srz965949212660)
neg, 0.09104766044741505, left(srz1930611602)
neg, 0.08990707212312127, left(srz8029727461)
neg, 0.09608915723563012, left(srz27409594236)
neg, 0.21531360176855996, left(srz44230443962)
neg, 0.09470362628195078, left(srz96594921061)
neg, 0.09259174908264792, left(srz27409598207)
neg, 0.23269372339757188, left(srz4424827707)
neg, 0.40635621084154055, left(srz96566172340)
neg, 0.33768125175482216, left(srz24618676612)
neg, 0.40635621084154055, left(srz8029721660)
neg, 0.21561915279098645, left(srz246186711984)
neg, 0.10429965700047668, left(srz27409594564)
neg, 0.31607632861215096, left(srz993110111285)
neg, 0.11688192957054873, left(srz965949212011)
neg, 0.43024999543214043, left(srz96566179135)
neg, 0.3113054638003522, left(srz99311016578)
neg, 0.09447233311561995, left(srz965661710672)
neg, 0.40635621084154055, left(srz24618674669)
neg, 0.08762384534061207, left(srz4424827494)
neg, 0.40635621084154055, left(srz96566175694)
neg, 0.13062912489546, left(srz274095913635)
neg, 0.09129785735141506, left(srz1930610053)
neg, 0.43024999543214043, left(srz44248275816)
neg, 0.08762384534061207, left(srz96594927016)
neg, 0.22014123864636012, left(srz99311011611)
neg, 0.34855354714672426, left(srz193068826)
neg, 0.2522192920344088, left(srz965661711714)
neg, 0.0937508809907689, left(srz193068660)
neg, 0.09700154491364789, left(srz27409596576)
neg, 0.0887268665164327, left(srz24618675965)
neg, 0.10429965700047668, left(srz44230445817)
neg, 0.40635621084154055, left(srz24618676458)
neg, 0.10747792548879284, left(srz96566179894)
neg, 0.09470362628195078, left(srz274095911151)
neg, 0.33768125175482216, left(srz44230448010)
neg, 0.2144317939556987, left(srz96566179162)
neg, 0.09224747701105376, left(srz1930610817)
neg, 0.40635621084154055, left(srz965949212452)
neg, 0.21561915279098645, left(srz9931101616)
neg, 0.31607632861215096, left(srz44230447585)
neg, 0.10747792548879284, left(srz96594926868)
neg, 0.33768125175482216, left(srz24618676810)
neg, 0.0887268665164327, left(srz24618675935)
neg, 0.08762384534061207, left(srz44230446586)
neg, 0.08969631519377494, left(srz96594923334)
neg, 0.2013793350879112, left(srz19306875)
neg, 0.40635621084154055, left(srz274095910956)
neg, 0.33768125175482216, left(srz193061777)
neg, 0.10747792548879284, left(srz9931101117)
neg, 0.09463868543959796, left(srz1930610033)
neg, 0.5854559097590201, left(srz44248273567)
neg, 0.08762384534061207, left(srz27409599472)
neg, 0.31607632861215096, left(srz274095915524)
neg, 0.09608915723563012, left(srz965661710800)
neg, 0.3331641946750168, left(srz965661729)
neg, 0.33768125175482216, left(srz96594923980)
neg, 0.2522192920344088, left(srz44248273326)
neg, 0.0958193856345921, left(srz993110110508)
neg, 0.5169565646748872, left(srz8029725501)
neg, 0.09355835621005208, left(srz246186716548)
neg, 0.09082282791544143, left(srz44230445413)
neg, 0.21561915279098645, left(srz24618677530)
neg, 0.33768125175482216, left(srz44248271632)
neg, 0.40635621084154055, left(srz99311012720)
neg, 0.08762384534061207, left(srz965661712138)
neg, 0.09463734954675793, left(srz24618673264)
neg, 0.10747792548879284, left(srz193064680)
neg, 0.21561915279098645, left(srz27409591693)
neg, 0.09016603697229966, left(srz8029728992)
neg, 0.22014123864636012, left(srz44248276239)
neg, 0.08928961349481537, left(srz96594928940)
neg, 0.10429965700047668, left(srz44248277119)
neg, 0.09700154491364789, left(srz99311015445)
neg, 0.08990707212312127, left(srz44248275069)
neg, 0.09762134993398691, left(srz27409593239)
neg, 0.3098342402670987, left(srz4424827312)
neg, 0.31607632861215096, left(srz96566171034)
neg, 0.21561915279098645, left(srz96566176177)
neg, 0.31607632861215096, left(srz96594922071)
neg, 0.09447233311561995, left(srz965661714417)
neg, 0.09104766044741505, left(srz96594923806)
neg, 0.43024999543214043, left(srz27409598394)
neg, 0.33768125175482216, left(srz8029728546)
neg, 0.10429965700047668, left(srz24618678408)
neg, 0.09470362628195078, left(srz24618678537)
neg, 0.5169565646748872, left(srz24618676125)
neg, 0.09236658937799515, left(srz99311017079)
neg, 0.33768125175482216, left(srz24618676096)
neg, 0.34814322782325435, left(srz44248276863)
neg, 0.2522192920344088, left(srz965949210212)
neg, 0.08762384534061207, left(srz193066843)
neg, 0.43024999543214043, left(srz4424827126)
neg, 0.10747792548879284, left(srz24618678917)
neg, 0.09470362628195078, left(srz8029729372)
neg, 0.33768125175482216, left(srz246186717062)
neg, 0.09762134993398691, left(srz44248271989)
neg, 0.36040220265655376, left(srz8029726616)
neg, 0.0868824920165507, left(srz8029721774)
neg, 0.33768125175482216, left(srz965949211315)
neg, 0.12714606137119056, left(srz8029727226)
neg, 0.09558720393374359, left(srz965949213173)
neg, 0.09463868543959796, left(srz965949212273)
neg, 0.08762384534061207, left(srz965949213751)
neg, 0.0887268665164327, left(srz99311018801)
neg, 0.10205775805938307, left(srz96594926441)
neg, 0.10747792548879284, left(srz99311011788)
neg, 0.09352319308513994, left(srz193068882)
neg, 0.2605058195600784, left(srz99311017156)
neg, 0.09224747701105376, left(srz802972175)
neg, 0.10747792548879284, left(srz99311015760)
neg, 0.10747792548879284, left(srz96566179529)
neg, 0.0887268665164327, left(srz99311013098)
neg, 0.095140567258244, left(srz99311013489)
neg, 0.10205775805938307, left(srz96566174836)
neg, 0.09486880485969293, left(srz1930611504)
neg, 0.10429965700047668, left(srz96566173886)
neg, 0.09398249492320182, left(srz96566177762)
neg, 0.34814322782325435, left(srz96594925158)
neg, 0.10429965700047668, left(srz8029725073)
neg, 0.33768125175482216, left(srz246186716019)
neg, 0.09490985775752864, left(srz96566179254)
neg, 0.10429965700047668, left(srz44248272556)
neg, 0.10747792548879284, left(srz965661714768)
neg, 0.22014123864636012, left(srz44230443234)
neg, 0.15773133899215042, left(srz9659492643)
neg, 0.17064270533827597, left(srz96594922634)
neg, 0.09447233311561995, left(srz193069555)
neg, 0.43024999543214043, left(srz24618672194)
neg, 0.09490985775752864, left(srz9656617784)
neg, 0.09608915723563012, left(srz246186710289)
neg, 0.09463734954675793, left(srz965949250)
neg, 0.2144317939556987, left(srz44230447533)
neg, 0.43024999543214043, left(srz8029726360)
neg, 0.08762384534061207, left(srz193064989)
neg, 0.0992611488082572, left(srz246186712353)
neg, 0.338085635834678, left(srz193066312)
neg, 0.08990707212312127, left(srz8029723683)
neg, 0.12280640097404143, left(srz1930610148)
neg, 0.15325208041650784, left(srz44248276854)
neg, 0.08952278277750196, left(srz193063342)
neg, 0.09609493625297909, left(srz965949212254)
neg, 0.43024999543214043, left(srz246186713736)
neg, 0.34814322782325435, left(srz44248272186)
neg, 0.21561915279098645, left(srz246186712032)
neg, 0.0887268665164327, left(srz44230445551)
neg, 0.0868824920165507, left(srz8029723121)
neg, 0.10747792548879284, left(srz246186714297)
neg, 0.40635621084154055, left(srz27409592016)
neg, 0.08762384534061207, left(srz99311011223)
neg, 0.09224747701105376, left(srz8029722214)
neg, 0.5379974749891667, left(srz246186710175)
neg, 0.11688192957054873, left(srz99311014949)
neg, 0.10747792548879284, left(srz44230442109)
neg, 0.09965842165547369, left(srz44230448087)
neg, 0.10747792548879284, left(srz24618677966)
neg, 0.09941796035347768, left(srz96594924422)
neg, 0.10404929125716667, left(srz965949212990)
neg, 0.09608915723563012, left(srz274095914035)
neg, 0.19918329105392513, left(srz24618672624)
neg, 0.09470362628195078, left(srz44230442658)
neg, 0.08978074992954073, left(srz965949210078)
neg, 0.23269372339757188, left(srz4424827655)
neg, 0.10205775805938307, left(srz965661710410)
neg, 0.09965842165547369, left(srz44248271930)
neg, 0.10747792548879284, left(srz965949214167)
neg, 0.08762384534061207, left(srz8029725938)
neg, 0.23269372339757188, left(srz4424827643)
neg, 0.13062912489546, left(srz96566178883)
neg, 0.09665573712869013, left(srz99311013604)
neg, 0.10404929125716667, left(srz96594927257)
neg, 0.31607632861215096, left(srz96594925581)
neg, 0.10747792548879284, left(srz8029726459)
neg, 0.09965842165547369, left(srz96594925798)
neg, 0.43024999543214043, left(srz27409592473)
neg, 0.3711736182300026, left(srz96566176426)
neg, 0.31607632861215096, left(srz44230444848)
neg, 0.40635621084154055, left(srz44230444910)
neg, 0.09352319308513994, left(srz99311012921)
neg, 0.19701951681629268, left(srz9931101433)
neg, 0.0887268665164327, left(srz24618679445)
neg, 0.12050413854916141, left(srz27409591605)
neg, 0.11688192957054873, left(srz96594929387)
neg, 0.31607632861215096, left(srz24618679942)
neg, 0.21561915279098645, left(srz27409594004)
neg, 0.43024999543214043, left(srz965949212645)
neg, 0.5379974749891667, left(srz193066553)
neg, 0.10747792548879284, left(srz965661713583)
neg, 0.40635621084154055, left(srz24618673827)
neg, 0.43024999543214043, left(srz24618672216)
neg, 0.33768125175482216, left(srz96566175487)
neg, 0.31607632861215096, left(srz193063183)
neg, 0.09447233311561995, left(srz99311018824)
neg, 0.08762384534061207, left(srz965661712039)
neg, 0.09490985775752864, left(srz44248272600)
neg, 0.09608915723563012, left(srz96566175383)
neg, 0.10404929125716667, left(srz1930612155)
neg, 0.08762384534061207, left(srz965949213786)
neg, 0.43024999543214043, left(srz27409592623)
neg, 0.08762384534061207, left(srz96566174977)
neg, 0.21561915279098645, left(srz8029721579)
neg, 0.08762384534061207, left(srz246186716379)
neg, 0.40635621084154055, left(srz8029725390)
neg, 0.36040220265655376, left(srz8029725199)
neg, 0.11688192957054873, left(srz99311014903)
neg, 0.09463868543959796, left(srz24618679038)
neg, 0.33768125175482216, left(srz193063162)
neg, 0.0924723759409461, left(srz96566178515)
neg, 0.40635621084154055, left(srz27409597468)
neg, 0.08969631519377494, left(srz44248276937)
neg, 0.31607632861215096, left(srz965661712747)
neg, 0.0887268665164327, left(srz96594925498)
neg, 0.0937508809907689, left(srz8029722499)
neg, 0.31607632861215096, left(srz24618672733)
neg, 0.10429965700047668, left(srz965661710471)
neg, 0.09041152568594854, left(srz965661711556)
neg, 0.21561915279098645, left(srz1930611857)
neg, 0.0958193856345921, left(srz193066593)
neg, 0.3711736182300026, left(srz44248275012)
neg, 0.10747792548879284, left(srz1930692)
neg, 0.09016603697229966, left(srz965661713678)
neg, 0.33768125175482216, left(srz274095917240)
neg, 0.33768125175482216, left(srz193068595)
neg, 0.1893572335612909, left(srz274095913775)
neg, 0.10429965700047668, left(srz24618674733)
neg, 0.09609493625297909, left(srz99311019200)
neg, 0.10429965700047668, left(srz193062465)
neg, 0.08762384534061207, left(srz19306405)
neg, 0.11688192957054873, left(srz24618674343)
neg, 0.08762384534061207, left(srz44248278109)
neg, 0.36040220265655376, left(srz802972961)
neg, 0.21561915279098645, left(srz96566176152)
neg, 0.0958193856345921, left(srz8029722319)
neg, 0.08762384534061207, left(srz193066803)
neg, 0.10747792548879284, left(srz44230442348)
neg, 0.5379974749891667, left(srz96594922033)
neg, 0.3113054638003522, left(srz24618672464)
neg, 0.09608915723563012, left(srz27409595331)
neg, 0.0887268665164327, left(srz80297210329)
neg, 0.08990707212312127, left(srz193067633)
neg, 0.10429965700047668, left(srz96594923586)
neg, 0.08762384534061207, left(srz965661714400)
neg, 0.10429965700047668, left(srz8029722521)
neg, 0.08990707212312127, left(srz193065956)
neg, 0.08958030644887138, left(srz44230447518)
neg, 0.09129785735141506, left(srz44248276540)
neg, 0.08762384534061207, left(srz27409599466)
neg, 0.08762384534061207, left(srz44248275673)
neg, 0.08762384534061207, left(srz1930612361)
neg, 0.08762384534061207, left(srz24618672351)
neg, 0.10747792548879284, left(srz965949210432)
neg, 0.31607632861215096, left(srz8029728264)
neg, 0.09264665702184746, left(srz246186710527)
neg, 0.21531360176855996, left(srz193061657)
neg, 0.0924723759409461, left(srz27409594631)
neg, 0.21561915279098645, left(srz44230441069)
neg, 0.36040220265655376, left(srz99311012792)
neg, 0.23269372339757188, left(srz965949212929)
neg, 0.2013793350879112, left(srz246186712881)
neg, 0.2161421357982058, left(srz8029726710)
neg, 0.43024999543214043, left(srz27409596076)
neg, 0.10205775805938307, left(srz965661710431)
neg, 0.10429965700047668, left(srz27409599503)
neg, 0.09232652434404263, left(srz965661715178)
neg, 0.08928961349481537, left(srz2740959170)
neg, 0.08762384534061207, left(srz99311015954)
neg, 0.11688192957054873, left(srz193061489)
neg, 0.08797708080886504, left(srz8029726420)
neg, 0.09941796035347768, left(srz9656617817)
neg, 0.43024999543214043, left(srz274095915128)
neg, 0.21561915279098645, left(srz193061608)
neg, 0.43024999543214043, left(srz27409596951)
neg, 0.10404929125716667, left(srz99311011398)
neg, 0.13952275334673125, left(srz274095917073)
neg, 0.0937508809907689, left(srz96566179959)
neg, 0.33768125175482216, left(srz24618676567)
neg, 0.36040220265655376, left(srz965661711382)
neg, 0.0887268665164327, left(srz193069162)
neg, 0.21561915279098645, left(srz24618672910)
neg, 0.10747792548879284, left(srz965661711192)
neg, 0.0992611488082572, left(srz96594923692)
neg, 0.22628121434191906, left(srz44248272116)
neg, 0.3113054638003522, left(srz965949211224)
neg, 0.08762384534061207, left(srz965661712047)
neg, 0.11688192957054873, left(srz274095914983)
neg, 0.10429965700047668, left(srz193068449)
neg, 0.33768125175482216, left(srz24618674982)
neg, 0.09016603697229966, left(srz96594927161)
neg, 0.37416594167486705, left(srz44248272141)
neg, 0.21561915279098645, left(srz24618671261)
neg, 0.5854559097590201, left(srz96566179737)
neg, 0.17064270533827597, left(srz8029725279)
neg, 0.31607632861215096, left(srz44230444421)
neg, 0.10747792548879284, left(srz965949211372)
neg, 0.43024999543214043, left(srz27409596716)
neg, 0.36040220265655376, left(srz802972962)
neg, 0.08968652267371456, left(srz27409591728)
neg, 0.09463868543959796, left(srz44230443666)
neg, 0.7077438782664071, left(srz246186714502)
neg, 0.08762384534061207, left(srz8029729118)
neg, 0.09259174908264792, left(srz44230446276)
neg, 0.10747792548879284, left(srz24618676494)
neg, 0.09608915723563012, left(srz965661710816)
neg, 0.10205775805938307, left(srz96594927759)
neg, 0.09259174908264792, left(srz44248274103)
neg, 0.0887268665164327, left(srz965949211014)
neg, 0.10429965700047668, left(srz27409593512)
neg, 0.10429965700047668, left(srz274095915733)
neg, 0.08762384534061207, left(srz96594927594)
neg, 0.33768125175482216, left(srz193066175)
neg, 0.08762384534061207, left(srz193066790)
neg, 0.0868824920165507, left(srz274095916652)
neg, 0.10747792548879284, left(srz965949210105)
neg, 0.10205775805938307, left(srz99311018680)
neg, 0.23269372339757188, left(srz99311011283)
neg, 0.09490985775752864, left(srz193065209)
neg, 0.43024999543214043, left(srz27409591194)
neg, 0.40635621084154055, left(srz96566174065)
neg, 0.09608915723563012, left(srz8029726437)
neg, 0.09259174908264792, left(srz8029721146)
neg, 0.3113054638003522, left(srz24618673536)
neg, 0.11688192957054873, left(srz965661711669)
neg, 0.09041152568594854, left(srz44230443116)
neg, 0.0887268665164327, left(srz96594921413)
neg, 0.10747792548879284, left(srz96594922418)
neg, 0.3755421821594811, left(srz96594927503)
neg, 0.12050413854916141, left(srz2461867912)
neg, 0.43024999543214043, left(srz96594921863)
neg, 0.11688192957054873, left(srz965661713978)
neg, 0.2161421357982058, left(srz44230443054)
neg, 0.09490985775752864, left(srz274095915095)
neg, 0.43024999543214043, left(srz965661713613)
neg, 0.09762134993398691, left(srz246186710649)
neg, 0.09340274269541389, left(srz99311019348)
neg, 0.09762134993398691, left(srz8029724191)
neg, 0.09608915723563012, left(srz8029729807)
neg, 0.0924723759409461, left(srz27409594602)
neg, 0.14392251391921854, left(srz965949210664)
neg, 0.33768125175482216, left(srz246186713770)
neg, 0.09490985775752864, left(srz8029727793)
neg, 0.09340274269541389, left(srz9931101247)
neg, 0.09762134993398691, left(srz96566174317)
neg, 0.09941796035347768, left(srz993110111798)
neg, 0.43024999543214043, left(srz193062824)
neg, 0.10429965700047668, left(srz27409599773)
neg, 0.08762384534061207, left(srz99311019594)
neg, 0.43024999543214043, left(srz802972602)
neg, 0.10747792548879284, left(srz8029727892)
neg, 0.09398249492320182, left(srz44230445126)
neg, 0.08762384534061207, left(srz44248274252)
neg, 0.09463868543959796, left(srz246186711258)
neg, 0.43024999543214043, left(srz96594924494)
neg, 0.10429965700047668, left(srz965661710488)
neg, 0.10404929125716667, left(srz8029727283)
neg, 0.09490985775752864, left(srz965949213629)
neg, 0.08762384534061207, left(srz1930612356)
neg, 0.09463734954675793, left(srz24618673253)
neg, 0.40635621084154055, left(srz99311014469)
neg, 0.19918329105392513, left(srz965949211771)
neg, 0.21561915279098645, left(srz96566176238)
neg, 0.5169565646748872, left(srz274095910795)
neg, 0.09762134993398691, left(srz96566179592)
neg, 0.09259174908264792, left(srz24618678225)
neg, 0.09762134993398691, left(srz2740959998)
neg, 0.08762384534061207, left(srz27409599567)
neg, 0.10747792548879284, left(srz8029727893)
neg, 0.08797708080886504, left(srz802972356)
neg, 0.40635621084154055, left(srz193065544)
neg, 0.09941796035347768, left(srz965949211492)
neg, 0.08968652267371456, left(srz246186712143)
neg, 0.31607632861215096, left(srz8029723073)
neg, 0.31607632861215096, left(srz9656617589)
neg, 0.09352319308513994, left(srz96594927427)
neg, 0.10429965700047668, left(srz27409596966)
neg, 0.36040220265655376, left(srz965949214199)
neg, 0.10205775805938307, left(srz274095912209)
neg, 0.31607632861215096, left(srz99311014082)
neg, 0.08762384534061207, left(srz8029726013)
neg, 0.10747792548879284, left(srz193068217)
neg, 0.09352319308513994, left(srz44230442475)
neg, 0.11688192957054873, left(srz44230444248)
neg, 0.31607632861215096, left(srz96566176935)
neg, 0.09104766044741505, left(srz24618675293)
neg, 0.09264665702184746, left(srz246186710671)
neg, 0.09232652434404263, left(srz8029726876)
neg, 0.43024999543214043, left(srz99311011983)
neg, 0.08762384534061207, left(srz99311016903)
neg, 0.31607632861215096, left(srz965949211900)
neg, 0.43024999543214043, left(srz27409596400)
neg, 0.09664238502780229, left(srz8029728127)
neg, 0.23269372339757188, left(srz8029725579)
neg, 0.10747792548879284, left(srz44248276965)
neg, 0.09463868543959796, left(srz9659492407)
neg, 0.08762384534061207, left(srz99311013869)
neg, 0.09470362628195078, left(srz965661713227)
neg, 0.11688192957054873, left(srz8029721337)
neg, 0.33768125175482216, left(srz246186713778)
neg, 0.40635621084154055, left(srz193066217)
neg, 0.09965842165547369, left(srz993110110416)
neg, 0.21561915279098645, left(srz44248272502)
neg, 0.34855354714672426, left(srz27409599275)
neg, 0.2716455391777424, left(srz274095914355)
neg, 0.6928377924762232, left(srz96594922655)
neg, 0.21561915279098645, left(srz96566176155)
neg, 0.09463734954675793, left(srz965661711441)
neg, 0.09470362628195078, left(srz965949212174)
neg, 0.0887268665164327, left(srz965949211005)
neg, 0.43024999543214043, left(srz8029724002)
neg, 0.2144317939556987, left(srz193065097)
neg, 0.31607632861215096, left(srz99311012078)
neg, 0.7077438782664071, left(srz44248276979)
neg, 0.0992611488082572, left(srz24618671854)
neg, 0.4525842432755376, left(srz99311019446)
neg, 0.09355835621005208, left(srz274095910251)
neg, 0.09340274269541389, left(srz99311011421)
neg, 0.21531360176855996, left(srz246186715902)
neg, 0.10747792548879284, left(srz24618675085)
neg, 0.21531360176855996, left(srz99311015040)
neg, 0.08958030644887138, left(srz27409592052)
neg, 0.34814322782325435, left(srz965949210694)
neg, 0.10747792548879284, left(srz246186711005)
neg, 0.09226005588983227, left(srz96594924592)
neg, 0.08990707212312127, left(srz965949210819)
neg, 0.11776684884009299, left(srz44248271049)
neg, 0.09463868543959796, left(srz8029724991)
neg, 0.21337041404072626, left(srz9659492223)
neg, 0.08762384534061207, left(srz96566173818)
neg, 0.19918329105392513, left(srz96594922759)
neg, 0.08762384534061207, left(srz99311013905)
neg, 0.43024999543214043, left(srz96594928141)
neg, 0.338085635834678, left(srz442482714)
neg, 0.09941796035347768, left(srz96566176867)
neg, 0.31607632861215096, left(srz9659492848)
neg, 0.2161421357982058, left(srz8029724616)
neg, 0.09965842165547369, left(srz193068243)
neg, 0.23269372339757188, left(srz274095916123)
neg, 0.34855354714672426, left(srz44230443607)
neg, 0.0887268665164327, left(srz193067915)
neg, 0.08762384534061207, left(srz99311016122)
neg, 0.08762384534061207, left(srz99311011145)
neg, 0.22014123864636012, left(srz27409599998)
neg, 0.21561915279098645, left(srz24618674270)
neg, 0.09608915723563012, left(srz44230442389)
neg, 0.10404929125716667, left(srz96594927256)
neg, 0.2144317939556987, left(srz246186713429)
neg, 0.09190937749855801, left(srz193063571)
neg, 0.09941796035347768, left(srz4424827164)
neg, 0.0992611488082572, left(srz99311018434)
neg, 0.09463868543959796, left(srz9931101290)
neg, 0.11688192957054873, left(srz8029721503)
neg, 0.09609493625297909, left(srz9931101447)
neg, 0.33768125175482216, left(srz99311012164)
neg, 0.09609493625297909, left(srz44230447273)
neg, 0.0887268665164327, left(srz24618679429)
neg, 0.09470362628195078, left(srz27409595015)
neg, 0.43024999543214043, left(srz8029722534)
neg, 0.09941796035347768, left(srz96566171698)
neg, 0.10747792548879284, left(srz193066353)
neg, 0.09259174908264792, left(srz8029721907)
neg, 0.2522192920344088, left(srz965661711760)
neg, 0.09363016764644838, left(srz99311017992)
neg, 0.09193959798893422, left(srz96566177657)
neg, 0.36040220265655376, left(srz44248276194)
neg, 0.0992611488082572, left(srz24618678805)
neg, 0.09762134993398691, left(srz96594923492)
neg, 0.08762384534061207, left(srz193065033)
neg, 0.09475002328292681, left(srz1930610376)
neg, 0.6928377924762232, left(srz44248277196)
neg, 0.10429965700047668, left(srz27409594524)
neg, 0.09470362628195078, left(srz27409595753)
neg, 0.10747792548879284, left(srz2740959388)
neg, 0.08928961349481537, left(srz2740959166)
neg, 0.338085635834678, left(srz993110110051)
neg, 0.10429965700047668, left(srz246186713464)
neg, 0.21561915279098645, left(srz24618677564)
neg, 0.09608915723563012, left(srz96594923677)
neg, 0.09224747701105376, left(srz1930612133)
neg, 0.12280640097404143, left(srz274095912105)
neg, 0.33768125175482216, left(srz193061765)
neg, 0.33768125175482216, left(srz246186716054)
neg, 0.11688192957054873, left(srz965661714056)
neg, 0.5379974749891667, left(srz44248274963)
neg, 0.08762384534061207, left(srz27409599434)
neg, 0.10429965700047668, left(srz9659492654)
neg, 0.10747792548879284, left(srz8029724920)
neg, 0.43024999543214043, left(srz993110110474)
neg, 0.31607632861215096, left(srz193063130)
neg, 0.11688192957054873, left(srz246186714670)
neg, 0.08762384534061207, left(srz2461867103)
neg, 0.31607632861215096, left(srz24618672691)
neg, 0.21531360176855996, left(srz8029721597)
neg, 0.33768125175482216, left(srz193062177)
neg, 0.08762384534061207, left(srz4424827369)
neg, 0.31607632861215096, left(srz993110111268)
neg, 0.09490985775752864, left(srz193062347)
neg, 0.08762384534061207, left(srz96566174952)
neg, 0.5169565646748872, left(srz27409597599)
neg, 0.10747792548879284, left(srz1930610939)
neg, 0.10429965700047668, left(srz27409596130)
neg, 0.3261986113799918, left(srz44248275507)
neg, 0.34814322782325435, left(srz8029725880)
neg, 0.09463868543959796, left(srz96566173417)
neg, 0.5854559097590201, left(srz9931101583)
neg, 0.33768125175482216, left(srz193065481)
neg, 0.31607632861215096, left(srz24618679950)
neg, 0.10429965700047668, left(srz96594924767)
neg, 0.33768125175482216, left(srz274095915681)
neg, 0.09259174908264792, left(srz99311014592)
neg, 0.09762134993398691, left(srz993110110840)
neg, 0.11688192957054873, left(srz246186711955)
neg, 0.08762384534061207, left(srz19306484)
neg, 0.33768125175482216, left(srz44248276251)
neg, 0.09470362628195078, left(srz27409595748)
neg, 0.21531360176855996, left(srz44230443982)
neg, 0.10747792548879284, left(srz44248275939)
neg, 0.43024999543214043, left(srz44248271278)
neg, 0.36040220265655376, left(srz96594928599)
neg, 0.09440773299953088, left(srz27409595603)
neg, 0.10404929125716667, left(srz99311018869)
neg, 0.0950214811393834, left(srz8029729019)
neg, 0.08762384534061207, left(srz44230446693)
neg, 0.08884187788696475, left(srz44230445375)
neg, 0.10747792548879284, left(srz965661711131)
neg, 0.09470362628195078, left(srz2461867744)
neg, 0.09463868543959796, left(srz1930611012)
neg, 0.08903291949117803, left(srz44230442976)
neg, 0.10747792548879284, left(srz274095915610)
neg, 0.09532859567133202, left(srz44230441853)
neg, 0.09762134993398691, left(srz96594922358)
neg, 0.0887268665164327, left(srz44248276832)
neg, 0.10429965700047668, left(srz24618679723)
neg, 0.23269372339757188, left(srz27409591238)
neg, 0.33768125175482216, left(srz24618674979)
neg, 0.10429965700047668, left(srz246186715044)
neg, 0.10429965700047668, left(srz274095911563)
neg, 0.08958030644887138, left(srz27409592060)
neg, 0.40635621084154055, left(srz24618673167)
neg, 0.7077438782664071, left(srz96594928321)
neg, 0.10205775805938307, left(srz24618675860)
neg, 0.3261986113799918, left(srz96566173123)
neg, 0.31607632861215096, left(srz193067458)
neg, 0.22014123864636012, left(srz802972890)
neg, 0.08762384534061207, left(srz99311016019)
neg, 0.338085635834678, left(srz246186710352)
neg, 0.0887268665164327, left(srz44248276783)
neg, 0.31607632861215096, left(srz27409593175)
neg, 0.09398249492320182, left(srz96566177717)
neg, 0.09470362628195078, left(srz96566175604)
neg, 0.10404929125716667, left(srz24618675686)
neg, 0.10404929125716667, left(srz99311014660)
neg, 0.36040220265655376, left(srz802972958)
neg, 0.3261986113799918, left(srz193069686)
neg, 0.11688192957054873, left(srz8029725827)
neg, 0.22014123864636012, left(srz99311013519)
neg, 0.09762134993398691, left(srz96594923486)
neg, 0.40635621084154055, left(srz24618674866)
neg, 0.40635621084154055, left(srz44230442907)
neg, 0.09609493625297909, left(srz8029729759)
neg, 0.23269372339757188, left(srz27409591233)
neg, 0.10429965700047668, left(srz246186716603)
neg, 0.13062912489546, left(srz274095913624)
neg, 0.43024999543214043, left(srz2740959283)
neg, 0.21531360176855996, left(srz44248275435)
neg, 0.09129785735141506, left(srz44230443763)
neg, 0.31607632861215096, left(srz24618675202)
neg, 0.09363016764644838, left(srz274095910351)
neg, 0.09463868543959796, left(srz44230445000)
neg, 0.10205775805938307, left(srz27409597155)
neg, 0.09609493625297909, left(srz8029724237)
neg, 0.09082282791544143, left(srz24618675255)
neg, 0.2144317939556987, left(srz44230447743)
neg, 0.40635621084154055, left(srz27409594671)
neg, 0.43024999543214043, left(srz96594924505)
neg, 0.08884187788696475, left(srz80297210137)
neg, 0.10429965700047668, left(srz274095910657)
neg, 0.5169565646748872, left(srz2461867507)
neg, 0.09762134993398691, left(srz965949210000)
neg, 0.10429965700047668, left(srz24618674742)
neg, 0.08762384534061207, left(srz44248278068)
neg, 0.3261986113799918, left(srz96594927217)
neg, 0.7077438782664071, left(srz27409592602)
neg, 0.21561915279098645, left(srz96566173018)
neg, 0.095140567258244, left(srz44230441270)
neg, 0.08762384534061207, left(srz8029729142)
neg, 0.43024999543214043, left(srz193062656)
neg, 0.09090821718191328, left(srz96566171207)
neg, 0.36040220265655376, left(srz96566174399)
neg, 0.09447233311561995, left(srz1930610712)
neg, 0.40635621084154055, left(srz274095910989)
neg, 0.08762384534061207, left(srz246186717158)
neg, 0.09236658937799515, left(srz44230442414)
neg, 0.33768125175482216, left(srz8029729953)
neg, 0.1893572335612909, left(srz965661713305)
neg, 0.09447233311561995, left(srz8029727647)
neg, 0.33768125175482216, left(srz96566174456)
neg, 0.0887268665164327, left(srz27409597332)
neg, 0.31607632861215096, left(srz993110111277)
neg, 0.17064270533827597, left(srz44248277721)
neg, 0.095140567258244, left(srz44230444673)
neg, 0.08762384534061207, left(srz965949212814)
neg, 0.0887268665164327, left(srz44230445514)
neg, 0.09470362628195078, left(srz27409595758)
neg, 0.08969631519377494, left(srz246186715479)
neg, 0.09190937749855801, left(srz193063524)
neg, 0.10429965700047668, left(srz274095910877)
neg, 0.43024999543214043, left(srz24618676933)
neg, 0.33768125175482216, left(srz24618671060)
neg, 0.09762134993398691, left(srz24618675057)
neg, 0.36040220265655376, left(srz193065680)
neg, 0.09608915723563012, left(srz96566176990)
neg, 0.43024999543214043, left(srz8029722118)
neg, 0.08762384534061207, left(srz965949212431)
neg, 0.10747792548879284, left(srz44230441855)
neg, 0.11688192957054873, left(srz246186711689)
neg, 0.23269372339757188, left(srz274095916131)
neg, 0.11688192957054873, left(srz44230447125)
neg, 0.0887268665164327, left(srz44248275374)
neg, 0.33768125175482216, left(srz993110111044)
neg, 0.21561915279098645, left(srz965949211992)
neg, 0.10429965700047668, left(srz193069248)
neg, 0.09609493625297909, left(srz99311019199)
neg, 0.31607632861215096, left(srz1930611796)
neg, 0.08762384534061207, left(srz96594928610)
neg, 0.33768125175482216, left(srz96566171039)
neg, 0.33768125175482216, left(srz193062820)
neg, 0.08762384534061207, left(srz44248274746)
neg, 0.13952275334673125, left(srz4424827256)
neg, 0.31607632861215096, left(srz96566172891)
neg, 0.5169565646748872, left(srz27409592614)
neg, 0.3113054638003522, left(srz965661715850)
neg, 0.0868824920165507, left(srz2740959951)
neg, 0.3261986113799918, left(srz27409599291)
neg, 0.09608915723563012, left(srz9659492939)
neg, 0.10747792548879284, left(srz27409599815)
neg, 0.34814322782325435, left(srz8029727246)
neg, 0.34814322782325435, left(srz965949212133)
neg, 0.09490985775752864, left(srz965949211442)
neg, 0.19918329105392513, left(srz1930611725)
neg, 0.5379974749891667, left(srz99311012339)
neg, 0.08990707212312127, left(srz965949210783)
neg, 0.08762384534061207, left(srz965661712008)
neg, 0.09608915723563012, left(srz246186710930)
neg, 0.08762384534061207, left(srz246186713343)
neg, 0.11688192957054873, left(srz965949212005)
neg, 0.10429965700047668, left(srz965661710444)
neg, 0.43024999543214043, left(srz4424827760)
neg, 0.10429965700047668, left(srz96566174667)
neg, 0.33768125175482216, left(srz44248276882)
neg, 0.10429965700047668, left(srz27409598552)
neg, 0.10747792548879284, left(srz193066354)
neg, 0.3711736182300026, left(srz965949212978)
neg, 0.0887268665164327, left(srz96594925393)
neg, 0.34855354714672426, left(srz27409599279)
neg, 0.31607632861215096, left(srz246186714111)
neg, 0.33768125175482216, left(srz24618676798)
neg, 0.10404929125716667, left(srz24618679158)
neg, 0.43024999543214043, left(srz44230442899)
neg, 0.09440773299953088, left(srz44248277519)
neg, 0.33768125175482216, left(srz993110111888)
neg, 0.21561915279098645, left(srz96566176191)
neg, 0.08762384534061207, left(srz246186717172)
neg, 0.0887268665164327, left(srz193066012)
neg, 0.10429965700047668, left(srz96566171472)
neg, 0.09440773299953088, left(srz44230447213)
neg, 0.21561915279098645, left(srz27409593989)
neg, 0.21531360176855996, left(srz8029722707)
neg, 0.09447233311561995, left(srz193065083)
neg, 0.3711736182300026, left(srz80297210094)
neg, 0.31607632861215096, left(srz9656617579)
neg, 0.09876773435703545, left(srz24618678898)
neg, 0.0887268665164327, left(srz44230442820)
neg, 0.08762384534061207, left(srz246186716494)
neg, 0.21561915279098645, left(srz24618672889)
neg, 0.31607632861215096, left(srz24618676830)
neg, 0.43024999543214043, left(srz96566179200)
neg, 0.09224747701105376, left(srz44248278219)
neg, 0.10429965700047668, left(srz19306581)
neg, 0.43024999543214043, left(srz96594928917)
neg, 0.5379974749891667, left(srz8029726288)
neg, 0.10429965700047668, left(srz246186713132)
neg, 0.09609493625297909, left(srz965949212252)
neg, 0.40635621084154055, left(srz96594928442)
neg, 0.08762384534061207, left(srz246186716371)
neg, 0.10429965700047668, left(srz8029725359)
neg, 0.08969631519377494, left(srz274095910126)
neg, 0.21531360176855996, left(srz246186715935)
neg, 0.0877375645898625, left(srz99311016865)
neg, 0.09656552271795196, left(srz965949214258)
neg, 0.17064270533827597, left(srz193062223)
neg, 0.10271147823357023, left(srz96594925586)
neg, 0.43024999543214043, left(srz8029724605)
neg, 0.40635621084154055, left(srz44230444498)
neg, 0.08762384534061207, left(srz965661712145)
neg, 0.33768125175482216, left(srz44248272343)
neg, 0.40635621084154055, left(srz44230442920)
neg, 0.08762384534061207, left(srz44230443676)
neg, 0.40635621084154055, left(srz193068048)
neg, 0.19918329105392513, left(srz993110111310)
neg, 0.5379974749891667, left(srz27409595463)
neg, 0.21561915279098645, left(srz44230444175)
neg, 0.10747792548879284, left(srz8029724122)
neg, 0.338085635834678, left(srz96594929949)
neg, 0.10747792548879284, left(srz193064728)
neg, 0.08762384534061207, left(srz99311013713)
neg, 0.09447233311561995, left(srz99311014342)
neg, 0.2144317939556987, left(srz19306772)
neg, 0.09490985775752864, left(srz9656617779)
neg, 0.36040220265655376, left(srz274095915871)
neg, 0.09129785735141506, left(srz44248276561)
neg, 0.09259174908264792, left(srz274095914420)
neg, 0.0887268665164327, left(srz8029723849)
neg, 0.09632821988167461, left(srz193061948)
neg, 0.0924723759409461, left(srz246186712289)
neg, 0.43024999543214043, left(srz27409594978)
neg, 0.09941796035347768, left(srz965661714974)
neg, 0.31607632861215096, left(srz96594928340)
neg, 0.13815290302824862, left(srz44248272175)
neg, 0.2013793350879112, left(srz965661714998)
neg, 0.5379974749891667, left(srz4424827208)
neg, 0.10404929125716667, left(srz44230447192)
neg, 0.33768125175482216, left(srz965661714463)
neg, 0.09490985775752864, left(srz44230441897)
neg, 0.09259174908264792, left(srz193061015)
neg, 0.0958193856345921, left(srz80297210807)
neg, 0.08762384534061207, left(srz193069516)
neg, 0.10429965700047668, left(srz27409594291)
neg, 0.19918329105392513, left(srz24618672614)
neg, 0.21561915279098645, left(srz24618677468)
neg, 0.09259174908264792, left(srz274095914418)
neg, 0.09755325131303125, left(srz96566178109)
neg, 0.31607632861215096, left(srz274095911401)
neg, 0.0887268665164327, left(srz965949210974)
neg, 0.09470362628195078, left(srz8029729009)
neg, 0.31607632861215096, left(srz8029728268)
neg, 0.40635621084154055, left(srz44248277398)
neg, 0.0937508809907689, left(srz44230442033)
neg, 0.2522192920344088, left(srz96594929323)
neg, 0.09941796035347768, left(srz99311019374)
neg, 0.10429965700047668, left(srz246186713513)
neg, 0.10404929125716667, left(srz24618675679)
neg, 0.09941796035347768, left(srz44248273894)
neg, 0.08762384534061207, left(srz96594928635)
neg, 0.43024999543214043, left(srz8029725680)
neg, 0.08762384534061207, left(srz1930610800)
neg, 0.09941796035347768, left(srz246186711298)
neg, 0.23269372339757188, left(srz27409591039)
neg, 0.21531360176855996, left(srz1930611997)
neg, 0.09463868543959796, left(srz96566174124)
neg, 0.08762384534061207, left(srz193064866)
neg, 0.31607632861215096, left(srz99311012364)
neg, 0.09463734954675793, left(srz96566178484)
neg, 0.08762384534061207, left(srz193069348)
neg, 0.09463734954675793, left(srz965661711435)
neg, 0.11688192957054873, left(srz99311014929)
neg, 0.21561915279098645, left(srz96566173087)
neg, 0.10747792548879284, left(srz8029729661)
neg, 0.0887268665164327, left(srz1930610455)
neg, 0.09463868543959796, left(srz8029726230)
neg, 0.31607632861215096, left(srz8029726723)
neg, 0.08762384534061207, left(srz1930612172)
neg, 0.0937508809907689, left(srz8029728645)
neg, 0.08762384534061207, left(srz193063900)
neg, 0.0887268665164327, left(srz246186710705)
neg, 0.10747792548879284, left(srz8029726811)
neg, 0.10205775805938307, left(srz9656617176)
neg, 0.0924723759409461, left(srz96566178523)
neg, 0.10747792548879284, left(srz802972728)
neg, 0.08762384534061207, left(srz965949213707)
neg, 0.09363016764644838, left(srz246186715233)
neg, 0.10429965700047668, left(srz193064403)
neg, 0.10205775805938307, left(srz96566174758)
neg, 0.10429965700047668, left(srz27409599770)
neg, 0.28887358464003626, left(srz44230446015)
neg, 0.338085635834678, left(srz8029726698)
neg, 0.10205775805938307, left(srz24618675739)
neg, 0.19918329105392513, left(srz274095914807)
neg, 0.10429965700047668, left(srz96594928076)
neg, 0.09447386570887614, left(srz44230442496)
neg, 0.08969631519377494, left(srz246186715490)
neg, 0.09363016764644838, left(srz193061987)
neg, 0.09016603697229966, left(srz96594923251)
neg, 0.12050413854916141, left(srz965949212918)
neg, 0.11688192957054873, left(srz246186714832)
neg, 0.43024999543214043, left(srz193066228)
neg, 0.13952275334673125, left(srz44230442116)
neg, 0.08762384534061207, left(srz965949212845)
neg, 0.09609493625297909, left(srz44248276492)
neg, 0.36040220265655376, left(srz44230445094)
neg, 0.10429965700047668, left(srz44230443014)
neg, 0.09608915723563012, left(srz24618675556)
neg, 0.0887268665164327, left(srz193067849)
neg, 0.08762384534061207, left(srz44248275626)
neg, 0.08762384534061207, left(srz965661712016)
neg, 0.09608915723563012, left(srz965661710806)
neg, 0.338085635834678, left(srz44248277400)
neg, 0.43024999543214043, left(srz193066422)
neg, 0.10747792548879284, left(srz19306205)
neg, 0.09609493625297909, left(srz193062912)
neg, 0.09363016764644838, left(srz96566175275)
neg, 0.0887268665164327, left(srz99311018803)
neg, 0.21561915279098645, left(srz24618672843)
neg, 0.11688192957054873, left(srz9931101930)
neg, 0.09104766044741505, left(srz965661713384)
neg, 0.22014123864636012, left(srz193062175)
neg, 0.08762384534061207, left(srz965949212839)
neg, 0.09236658937799515, left(srz44248273196)
neg, 0.08762384534061207, left(srz99311013717)
neg, 0.09340274269541389, left(srz96566171978)
neg, 0.11688192957054873, left(srz44230444214)
neg, 0.2521930902644402, left(srz27409599069)
neg, 0.2522192920344088, left(srz44248273331)
neg, 0.10429965700047668, left(srz24618673022)
neg, 0.0887268665164327, left(srz96594926700)
neg, 0.09463868543959796, left(srz44230447279)
neg, 0.43024999543214043, left(srz4424827766)
neg, 0.33768125175482216, left(srz8029722726)
neg, 0.13952275334673125, left(srz80297210606)
neg, 0.40635621084154055, left(srz99311017844)
neg, 0.11688192957054873, left(srz274095915040)
neg, 0.09762134993398691, left(srz99311011599)
neg, 0.10429965700047668, left(srz246186713696)
neg, 0.10429965700047668, left(srz24618673769)
neg, 0.2161421357982058, left(srz8029726709)
neg, 0.09264665702184746, left(srz27409595666)
neg, 0.31607632861215096, left(srz2740959922)
neg, 0.2013793350879112, left(srz965661710178)
neg, 0.08762384534061207, left(srz96594928755)
neg, 0.22014123864636012, left(srz193062302)
neg, 0.33768125175482216, left(srz8029728214)
neg, 0.10747792548879284, left(srz99311018648)
neg, 0.08990707212312127, left(srz965949210871)
neg, 0.10429965700047668, left(srz96566179071)
neg, 0.31607632861215096, left(srz1930611216)
neg, 0.09016603697229966, left(srz99311013386)
neg, 0.08762384534061207, left(srz96566177856)
neg, 0.31607632861215096, left(srz1930611245)
neg, 0.0924723759409461, left(srz8029729404)
neg, 0.33768125175482216, left(srz193063150)
neg, 0.21561915279098645, left(srz27409594077)
neg, 0.09363016764644838, left(srz96594921931)
neg, 0.34855354714672426, left(srz99311012858)
neg, 0.33768125175482216, left(srz44248277376)
neg, 0.09041152568594854, left(srz80297210895)
neg, 0.08990707212312127, left(srz965949210845)
neg, 0.08762384534061207, left(srz44248275591)
neg, 0.3261986113799918, left(srz96594927928)
neg, 0.28887358464003626, left(srz96566173457)
neg, 0.33768125175482216, left(srz99311016363)
neg, 0.40635621084154055, left(srz965949211146)
neg, 0.09470362628195078, left(srz96566174297)
neg, 0.43024999543214043, left(srz9656617966)
neg, 0.33768125175482216, left(srz44248277389)
neg, 0.11688192957054873, left(srz44230444296)
neg, 0.31607632861215096, left(srz965949212263)
neg, 0.08762384534061207, left(srz965949213798)
neg, 0.10747792548879284, left(srz99311015066)
neg, 0.10205775805938307, left(srz193068954)
neg, 0.08762384534061207, left(srz246186717170)
neg, 0.0877375645898625, left(srz44248273652)
neg, 0.11688192957054873, left(srz993110111426)
neg, 0.21561915279098645, left(srz8029725767)
neg, 0.5854559097590201, left(srz8029721837)
neg, 0.09090821718191328, left(srz96594923092)
neg, 0.12239018499212168, left(srz96594921107)
neg, 0.10747792548879284, left(srz8029726466)
neg, 0.34855354714672426, left(srz965661712504)
neg, 0.09608915723563012, left(srz9659492935)
neg, 0.43024999543214043, left(srz193066572)
neg, 0.21531360176855996, left(srz44230444035)
neg, 0.09463868543959796, left(srz19306645)
neg, 0.31607632861215096, left(srz193062589)
neg, 0.09340274269541389, left(srz96594927961)
neg, 0.10404929125716667, left(srz246186711557)
neg, 0.08762384534061207, left(srz965661714226)
neg, 0.08762384534061207, left(srz965949213740)
neg, 0.08762384534061207, left(srz44248278092)
neg, 0.21561915279098645, left(srz1930611841)
neg, 0.40635621084154055, left(srz96566179242)
neg, 0.23269372339757188, left(srz274095916008)
neg, 0.09463734954675793, left(srz96566178076)
neg, 0.09463734954675793, left(srz24618673259)
neg, 0.09232652434404263, left(srz44248274109)
neg, 0.34814322782325435, left(srz1930612017)
neg, 0.3261986113799918, left(srz965661714081)
neg, 0.09470362628195078, left(srz44230443474)
neg, 0.10429965700047668, left(srz99311013496)
neg, 0.17553375188817422, left(srz44248272081)
neg, 0.09656552271795196, left(srz96594923349)
neg, 0.08762384534061207, left(srz96594928779)
neg, 0.2522192920344088, left(srz965661711738)
neg, 0.19918329105392513, left(srz96566176247)
neg, 0.0937508809907689, left(srz44248277418)
neg, 0.3113054638003522, left(srz96566173461)
neg, 0.09470362628195078, left(srz193062261)
neg, 0.10747792548879284, left(srz44248277455)
neg, 0.09398249492320182, left(srz246186712498)
neg, 0.0992611488082572, left(srz96566176307)
neg, 0.31607632861215096, left(srz96594921554)
neg, 0.40635621084154055, left(srz965949212443)
neg, 0.09486880485969293, left(srz193064849)
neg, 0.08969631519377494, left(srz274095914150)
neg, 0.33768125175482216, left(srz24618674984)
neg, 0.0887268665164327, left(srz44248275316)
neg, 0.11688192957054873, left(srz965661713958)
neg, 0.11688192957054873, left(srz99311014955)
neg, 0.09609493625297909, left(srz27409596624)
neg, 0.33768125175482216, left(srz9659492389)
neg, 0.21561915279098645, left(srz96566173045)
neg, 0.08762384534061207, left(srz99311016033)
neg, 0.21561915279098645, left(srz8029722614)
neg, 0.0887268665164327, left(srz24618675978)
neg, 0.10429965700047668, left(srz193069922)
neg, 0.31607632861215096, left(srz96566172020)
neg, 0.0887268665164327, left(srz193069161)
neg, 0.0877375645898625, left(srz99311016854)
neg, 0.31607632861215096, left(srz993110112210)
neg, 0.43024999543214043, left(srz8029722127)
neg, 0.31607632861215096, left(srz96594926020)
neg, 0.09447233311561995, left(srz80297210455)
neg, 0.43024999543214043, left(srz99311012641)
neg, 0.08762384534061207, left(srz96566174947)
neg, 0.09609493625297909, left(srz965949212258)
neg, 0.10747792548879284, left(srz274095910370)
neg, 0.11688192957054873, left(srz246186714676)
neg, 0.40635621084154055, left(srz274095910960)
neg, 0.10205775805938307, left(srz27409591581)
neg, 0.40635621084154055, left(srz44248272656)
neg, 0.09129785735141506, left(srz27409596561)
neg, 0.5379974749891667, left(srz965661712567)
neg, 0.08762384534061207, left(srz193066763)
neg, 0.10429965700047668, left(srz27409593100)
neg, 0.10747792548879284, left(srz274095910100)
neg, 0.08978074992954073, left(srz2740959979)
neg, 0.10429965700047668, left(srz99311015469)
neg, 0.08990707212312127, left(srz8029727431)
neg, 0.09608915723563012, left(srz965661713132)
neg, 0.08990707212312127, left(srz8029723749)
neg, 0.33768125175482216, left(srz8029726319)
neg, 0.31607632861215096, left(srz274095915505)
neg, 0.31607632861215096, left(srz274095915526)
neg, 0.34814322782325435, left(srz99311016422)
neg, 0.43024999543214043, left(srz2740959422)
neg, 0.11688192957054873, left(srz965661715855)
neg, 0.08663205983885237, left(srz44230448398)
neg, 0.338085635834678, left(srz96566174598)
neg, 0.11776684884009299, left(srz96566171370)
neg, 0.10747792548879284, left(srz193069001)
neg, 0.0924723759409461, left(srz19306140)
neg, 0.08990707212312127, left(srz8029727417)
neg, 0.08762384534061207, left(srz8029724384)
neg, 0.10404929125716667, left(srz246186711559)
neg, 0.10429965700047668, left(srz965661714526)
neg, 0.09470362628195078, left(srz274095917315)
neg, 0.43024999543214043, left(srz27409594832)
neg, 0.09470362628195078, left(srz274095911131)
neg, 0.40635621084154055, left(srz27409594799)
neg, 0.31607632861215096, left(srz96594921013)
neg, 0.09609493625297909, left(srz44230444981)
neg, 0.0887268665164327, left(srz24618675870)
neg, 0.0887268665164327, left(srz246186710697)
neg, 0.09463868543959796, left(srz99311015174)
neg, 0.0887268665164327, left(srz9656617339)
neg, 0.08762384534061207, left(srz27409599588)
neg, 0.3261986113799918, left(srz44248271163)
neg, 0.09232652434404263, left(srz193068705)
neg, 0.09609493625297909, left(srz193062339)
neg, 0.33768125175482216, left(srz44248277241)
neg, 0.09463868543959796, left(srz44230441520)
neg, 0.08762384534061207, left(srz44248277997)
neg, 0.40635621084154055, left(srz965661713477)
neg, 0.33768125175482216, left(srz44230443074)
neg, 0.33768125175482216, left(srz993110111043)
neg, 0.08762384534061207, left(srz4424827458)
neg, 0.34814322782325435, left(srz8029722577)
neg, 0.10429965700047668, left(srz24618677720)
neg, 0.19918329105392513, left(srz96566175939)
neg, 0.11688192957054873, left(srz965661714064)
neg, 0.21531360176855996, left(srz24618671136)
neg, 0.3261986113799918, left(srz44248275500)
neg, 0.09224747701105376, left(srz8029724965)
neg, 0.09941796035347768, left(srz99311015219)
neg, 0.10747792548879284, left(srz993110110219)
neg, 0.10429965700047668, left(srz24618677079)
neg, 0.3113054638003522, left(srz9659492998)
neg, 0.40635621084154055, left(srz44230447884)
neg, 0.09463868543959796, left(srz193065405)
neg, 0.0887268665164327, left(srz99311012993)
neg, 0.09363016764644838, left(srz24618679911)
neg, 0.3113054638003522, left(srz8029721723)
neg, 0.34814322782325435, left(srz96594929111)
neg, 0.7077438782664071, left(srz193068586)
neg, 0.3261986113799918, left(srz193069688)
neg, 0.08990707212312127, left(srz8029723716)
neg, 0.12280640097404143, left(srz99311017045)
neg, 0.21561915279098645, left(srz8029722839)
neg, 0.08762384534061207, left(srz44248275653)
neg, 0.2522192920344088, left(srz246186714731)
neg, 0.095140567258244, left(srz965661711481)
neg, 0.43024999543214043, left(srz27409592191)
neg, 0.09470362628195078, left(srz96566175624)
neg, 0.0887268665164327, left(srz44230445606)
neg, 0.31607632861215096, left(srz96594921557)
neg, 0.10429965700047668, left(srz24618673723)
neg, 0.23269372339757188, left(srz8029725572)
neg, 0.0992611488082572, left(srz24618678814)
neg, 0.40635621084154055, left(srz44230445983)
neg, 0.10205775805938307, left(srz246186713119)
neg, 0.09041152568594854, left(srz4423044690)
neg, 0.3261986113799918, left(srz274095913953)
neg, 0.09407054746139654, left(srz965661714995)
neg, 0.33768125175482216, left(srz8029728338)
neg, 0.08762384534061207, left(srz19306435)
neg, 0.08762384534061207, left(srz44248278106)
neg, 0.40635621084154055, left(srz44230442917)
neg, 0.09609493625297909, left(srz193062532)
neg, 0.08928961349481537, left(srz27409599676)
neg, 0.09463734954675793, left(srz44230441198)
neg, 0.09463868543959796, left(srz993110112163)
neg, 0.43024999543214043, left(srz193066393)
neg, 0.08990707212312127, left(srz965949210761)
neg, 0.21561915279098645, left(srz27409591325)
neg, 0.10429965700047668, left(srz274095910874)
neg, 0.33768125175482216, left(srz442482763)
neg, 0.338085635834678, left(srz44248277166)
neg, 0.09475002328292681, left(srz1930610353)
neg, 0.09264665702184746, left(srz27409595658)
neg, 0.7077438782664071, left(srz2461867941)
neg, 0.09082282791544143, left(srz27409596538)
neg, 0.09490985775752864, left(srz965661713369)
neg, 0.10747792548879284, left(srz274095912275)
neg, 0.40635621084154055, left(srz9931101821)
neg, 0.09941796035347768, left(srz80297210888)
neg, 0.5006733409902656, left(srz44248273176)
neg, 0.7077438782664071, left(srz965661711391)
neg, 0.10429965700047668, left(srz24618677071)
neg, 0.09407054746139654, left(srz4423044706)
neg, 0.08762384534061207, left(srz274095911348)
neg, 0.5169565646748872, left(srz96566175411)
neg, 0.338085635834678, left(srz44230443291)
neg, 0.0958193856345921, left(srz24618679896)
neg, 0.11688192957054873, left(srz965661714005)
neg, 0.5006733409902656, left(srz965661715633)
neg, 0.08762384534061207, left(srz193066895)
neg, 0.09941796035347768, left(srz96566176526)
neg, 0.36040220265655376, left(srz99311011940)
neg, 0.08990707212312127, left(srz965949210817)
neg, 0.09463868543959796, left(srz44248273906)
neg, 0.33768125175482216, left(srz96594924005)
neg, 0.09762134993398691, left(srz8029726833)
neg, 0.08990707212312127, left(srz193065928)
neg, 0.08990707212312127, left(srz965949210844)
neg, 0.10205775805938307, left(srz9656617177)
neg, 0.43024999543214043, left(srz246186713593)
neg, 0.3113054638003522, left(srz24618672454)
neg, 0.09016603697229966, left(srz8029722230)
neg, 0.10747792548879284, left(srz8029724119)
neg, 0.09259174908264792, left(srz99311018053)
neg, 0.09762134993398691, left(srz274095913208)
neg, 0.08762384534061207, left(srz19306331)
neg, 0.09608915723563012, left(srz274095914051)
neg, 0.09224747701105376, left(srz8029726196)
neg, 0.08762384534061207, left(srz965949212756)
neg, 0.21531360176855996, left(srz24618671019)
neg, 0.09352319308513994, left(srz44230445229)
neg, 0.08762384534061207, left(srz4423044325)
neg, 0.08762384534061207, left(srz274095911686)
neg, 0.2144317939556987, left(srz274095911471)
neg, 0.09762134993398691, left(srz193068276)
neg, 0.11688192957054873, left(srz44248273262)
neg, 0.10404929125716667, left(srz99311014640)
neg, 0.6788760557584537, left(srz965661713437)
neg, 0.31607632861215096, left(srz8029729622)
neg, 0.09490985775752864, left(srz96566176511)
neg, 0.10429965700047668, left(srz27409599764)
neg, 0.10404929125716667, left(srz965949213024)
neg, 0.08762384534061207, left(srz1930612257)
neg, 0.08990707212312127, left(srz193065994)
neg, 0.21561915279098645, left(srz24618677452)
neg, 0.10747792548879284, left(srz8029729667)
neg, 0.36040220265655376, left(srz965661711165)
neg, 0.09355835621005208, left(srz44248274822)
neg, 0.43024999543214043, left(srz24618673724)
neg, 0.10429965700047668, left(srz27409598554)
neg, 0.11688192957054873, left(srz99311014771)
neg, 0.08762384534061207, left(srz965661712096)
neg, 0.10205775805938307, left(srz96594921336)
neg, 0.08990707212312127, left(srz193063495)
neg, 0.09470362628195078, left(srz24618678229)
neg, 0.11688192957054873, left(srz8029721574)
neg, 0.22014123864636012, left(srz44248278309)
neg, 0.09463734954675793, left(srz99311019897)
neg, 0.19918329105392513, left(srz1930611974)
neg, 0.09632821988167461, left(srz44230444606)
neg, 0.09355835621005208, left(srz193069895)
neg, 0.33768125175482216, left(srz965949212357)
neg, 0.6928377924762232, left(srz9656617948)
neg, 0.09762134993398691, left(srz246186710618)
neg, 0.10429965700047668, left(srz8029728149)
neg, 0.09609493625297909, left(srz99311019202)
neg, 0.09700154491364789, left(srz96566174243)
neg, 0.08762384534061207, left(srz96594927523)
neg, 0.09470362628195078, left(srz24618678762)
neg, 0.36040220265655376, left(srz246186712692)
neg, 0.10429965700047668, left(srz24618674897)
neg, 0.11688192957054873, left(srz4424827838)
neg, 0.31607632861215096, left(srz24618677405)
neg, 0.10747792548879284, left(srz44230445070)
neg, 0.3113054638003522, left(srz99311016580)
neg, 0.40635621084154055, left(srz96566172325)
neg, 0.36040220265655376, left(srz802972942)
neg, 0.0887268665164327, left(srz96594926745)
neg, 0.09447233311561995, left(srz96566173501)
neg, 0.3261986113799918, left(srz965949213130)
neg, 0.23269372339757188, left(srz274095915991)
neg, 0.09632821988167461, left(srz96566172420)
neg, 0.40635621084154055, left(srz965661712712)
neg, 0.31607632861215096, left(srz965949210205)
neg, 0.09041152568594854, left(srz193061827)
neg, 0.10429965700047668, left(srz24618679699)
neg, 0.21531360176855996, left(srz1930611996)
neg, 0.2522192920344088, left(srz44248273392)
neg, 0.09762134993398691, left(srz246186714043)
neg, 0.11688192957054873, left(srz24618674344)
neg, 0.11688192957054873, left(srz965661714061)
neg, 0.40635621084154055, left(srz27409598201)
neg, 0.09609493625297909, left(srz8029724235)
neg, 0.0868824920165507, left(srz9659492537)
neg, 0.21561915279098645, left(srz44230441092)
neg, 0.0868824920165507, left(srz965949214110)
neg, 0.34855354714672426, left(srz24618674387)
neg, 0.43024999543214043, left(srz8029725699)
neg, 0.09762134993398691, left(srz24618678265)
neg, 0.08797708080886504, left(srz8029726418)
neg, 0.09016603697229966, left(srz8029722223)
neg, 0.0992611488082572, left(srz44230443921)
neg, 0.21561915279098645, left(srz27409591706)
neg, 0.0958193856345921, left(srz8029722085)
neg, 0.23269372339757188, left(srz8029725616)
neg, 0.10429965700047668, left(srz274095910361)
neg, 0.0868824920165507, left(srz96594923078)
neg, 0.40635621084154055, left(srz27409596752)
neg, 0.09340274269541389, left(srz8029724812)
neg, 0.40635621084154055, left(srz246186713665)
neg, 0.21531360176855996, left(srz965949211757)
neg, 0.09090821718191328, left(srz96566175847)
neg, 0.10747792548879284, left(srz19306821)
neg, 0.08762384534061207, left(srz44248274375)
neg, 0.17064270533827597, left(srz965661710251)
neg, 0.08762384534061207, left(srz8029728)
neg, 0.40635621084154055, left(srz99311011011)
neg, 0.10429965700047668, left(srz27409593451)
neg, 0.09470362628195078, left(srz27409594904)
neg, 0.10747792548879284, left(srz274095912294)
neg, 0.43024999543214043, left(srz27409596062)
neg, 0.08762384534061207, left(srz965661714379)
neg, 0.09224747701105376, left(srz44230446296)
neg, 0.10404929125716667, left(srz99311018853)
neg, 0.31607632861215096, left(srz96594922856)
neg, 0.0887268665164327, left(srz96594921357)
neg, 0.40635621084154055, left(srz246186713673)
neg, 0.09608915723563012, left(srz965661714733)
neg, 0.40635621084154055, left(srz24618678459)
neg, 0.10429965700047668, left(srz24618677076)
neg, 0.08762384534061207, left(srz4423044352)
neg, 0.338085635834678, left(srz24618676704)
neg, 0.10429965700047668, left(srz44230447899)
neg, 0.09632821988167461, left(srz8029726491)
neg, 0.09475002328292681, left(srz1930610348)
neg, 0.36040220265655376, left(srz44230443321)
neg, 0.11688192957054873, left(srz965661711701)
neg, 0.09224747701105376, left(srz44248278223)
neg, 0.19918329105392513, left(srz274095914773)
neg, 0.33768125175482216, left(srz96566173561)
neg, 0.11688192957054873, left(srz44230446847)
neg, 0.08797708080886504, left(srz965661713710)
neg, 0.08762384534061207, left(srz80297210413)
neg, 0.10747792548879284, left(srz1930611518)
neg, 0.23269372339757188, left(srz8029725721)
neg, 0.09104766044741505, left(srz96566174218)
neg, 0.10747792548879284, left(srz96594926587)
neg, 0.09608915723563012, left(srz24618679810)
neg, 0.21561915279098645, left(srz44230441143)
neg, 0.31607632861215096, left(srz44248271917)
neg, 0.3113054638003522, left(srz193067424)
neg, 0.33768125175482216, left(srz1930610)
neg, 0.08762384534061207, left(srz965661712168)
neg, 0.08762384534061207, left(srz96594928768)
neg, 0.09700154491364789, left(srz965661711300)
neg, 0.09463868543959796, left(srz19306842)
neg, 0.40635621084154055, left(srz96566179231)
neg, 0.33768125175482216, left(srz80297210006)
neg, 0.09463734954675793, left(srz9931101348)
neg, 0.08762384534061207, left(srz44248274790)
neg, 0.0868824920165507, left(srz965949211345)
neg, 0.09259174908264792, left(srz965661715603)
neg, 0.10404929125716667, left(srz96594921109)
neg, 0.338085635834678, left(srz96566179952)
neg, 0.10404929125716667, left(srz246186711561)
neg, 0.19176228743018453, left(srz96594924985)
neg, 0.21561915279098645, left(srz246186716192)
neg, 0.09941796035347768, left(srz27409595503)
neg, 0.40635621084154055, left(srz27409591874)
neg, 0.10747792548879284, left(srz9931101416)
neg, 0.34855354714672426, left(srz274095913948)
neg, 0.11688192957054873, left(srz246186714694)
neg, 0.09470362628195078, left(srz2740959609)
neg, 0.43024999543214043, left(srz274095910461)
neg, 0.0887268665164327, left(srz96594921376)
neg, 0.33768125175482216, left(srz8029728144)
neg, 0.0992611488082572, left(srz8029724293)
neg, 0.21531360176855996, left(srz44230444028)
neg, 0.33768125175482216, left(srz27409598067)
neg, 0.0887268665164327, left(srz96566171678)
neg, 0.33768125175482216, left(srz8029727118)
neg, 0.2161421357982058, left(srz99311016269)
neg, 0.36040220265655376, left(srz965661710987)
neg, 0.09463868543959796, left(srz8029724829)
neg, 0.33768125175482216, left(srz993110110606)
neg, 0.09168441105486956, left(srz27409592087)
neg, 0.08762384534061207, left(srz96566175027)
neg, 0.09762134993398691, left(srz96566177448)
neg, 0.08990707212312127, left(srz8029723730)
neg, 0.34855354714672426, left(srz99311017230)
neg, 0.09224747701105376, left(srz965661712366)
neg, 0.23269372339757188, left(srz24618674238)
neg, 0.338085635834678, left(srz802972802)
neg, 0.09463868543959796, left(srz193065770)
neg, 0.21531360176855996, left(srz44230443997)
neg, 0.19701951681629268, left(srz965949211664)
neg, 0.09965842165547369, left(srz44248273862)
neg, 0.09608915723563012, left(srz246186713922)
neg, 0.33768125175482216, left(srz8029728143)
neg, 0.338085635834678, left(srz44248271614)
neg, 0.31607632861215096, left(srz24618676839)
neg, 0.10747792548879284, left(srz246186711006)
neg, 0.0868824920165507, left(srz27409592741)
neg, 0.0887268665164327, left(srz193066060)
neg, 0.7077438782664071, left(srz44248273834)
neg, 0.21561915279098645, left(srz27409594060)
neg, 0.36040220265655376, left(srz44248271747)
neg, 0.10747792548879284, left(srz24618679245)
neg, 0.11688192957054873, left(srz44248277604)
neg, 0.21561915279098645, left(srz24618671211)
neg, 0.09168441105486956, left(srz24618671688)
neg, 0.08762384534061207, left(srz99311011156)
neg, 0.09129785735141506, left(srz44248276688)
neg, 0.0868824920165507, left(srz96594924571)
neg, 0.10747792548879284, left(srz19306202)
neg, 0.3755421821594811, left(srz96594927502)
neg, 0.43024999543214043, left(srz96566173958)
neg, 0.0887268665164327, left(srz96566171602)
neg, 0.31607632861215096, left(srz44248271802)
neg, 0.0937508809907689, left(srz44230448102)
neg, 0.10747792548879284, left(srz27409592434)
neg, 0.09440773299953088, left(srz99311017098)
neg, 0.10747792548879284, left(srz96594921827)
neg, 0.10747792548879284, left(srz44230441349)
neg, 0.10747792548879284, left(srz96566172483)
neg, 0.09340274269541389, left(srz24618672397)
neg, 0.0924723759409461, left(srz99311019757)
neg, 0.338085635834678, left(srz44230443290)
neg, 0.0937508809907689, left(srz965949211529)
neg, 0.43024999543214043, left(srz193069997)
neg, 0.31607632861215096, left(srz44230442161)
neg, 0.33768125175482216, left(srz96594924014)
neg, 0.3711736182300026, left(srz27409595486)
neg, 0.33768125175482216, left(srz27409592386)
neg, 0.08762384534061207, left(srz1930612329)
neg, 0.5379974749891667, left(srz44248276875)
neg, 0.09608915723563012, left(srz99311017858)
neg, 0.0868824920165507, left(srz96566176770)
neg, 0.09608915723563012, left(srz993110111666)
neg, 0.0992611488082572, left(srz8029726445)
neg, 0.09463868543959796, left(srz96566173394)
neg, 0.31607632861215096, left(srz993110112192)
neg, 0.37416594167486705, left(srz44248276413)
neg, 0.09463734954675793, left(srz19306995)
neg, 0.08762384534061207, left(srz274095911268)
neg, 0.11688192957054873, left(srz4424827830)
neg, 0.338085635834678, left(srz44230443103)
neg, 0.7077438782664071, left(srz27409592579)
neg, 0.09965842165547369, left(srz246186711305)
neg, 0.09332796036453707, left(srz44230447409)
neg, 0.2716455391777424, left(srz1930611225)
neg, 0.08762384534061207, left(srz246186716975)
neg, 0.09104766044741505, left(srz965661715276)
neg, 0.33768125175482216, left(srz193063081)
neg, 0.0887268665164327, left(srz965949210959)
neg, 0.09168441105486956, left(srz24618676347)
neg, 0.09470362628195078, left(srz193064426)
neg, 0.08762384534061207, left(srz96566173679)
neg, 0.10747792548879284, left(srz24618678920)
neg, 0.08762384534061207, left(srz246186716325)
neg, 0.10747792548879284, left(srz27409591965)
neg, 0.43024999543214043, left(srz193066568)
neg, 0.09463868543959796, left(srz44230447285)
neg, 0.09941796035347768, left(srz274095911829)
neg, 0.40635621084154055, left(srz8029728016)
neg, 0.08762384534061207, left(srz96566173778)
neg, 0.0924723759409461, left(srz19306129)
neg, 0.10747792548879284, left(srz19306200)
neg, 0.11688192957054873, left(srz8029721305)
neg, 0.19918329105392513, left(srz96566172809)
neg, 0.10205775805938307, left(srz24618679333)
neg, 0.31607632861215096, left(srz193062241)
neg, 0.21561915279098645, left(srz24618671267)
neg, 0.10747792548879284, left(srz193069026)
neg, 0.19918329105392513, left(srz96566175959)
neg, 0.09490985775752864, left(srz4424827176)
neg, 0.09490985775752864, left(srz8029727802)
neg, 0.10205775805938307, left(srz274095912154)
neg, 0.10429965700047668, left(srz246186715397)
neg, 0.10429965700047668, left(srz274095913296)
neg, 0.13062912489546, left(srz96566178706)
neg, 0.43024999543214043, left(srz802972929)
neg, 0.22014123864636012, left(srz44230442332)
neg, 0.3113054638003522, left(srz8029722156)
neg, 0.0887268665164327, left(srz24618675869)
neg, 0.08990707212312127, left(srz44248275108)
neg, 0.08762384534061207, left(srz44248277930)
neg, 0.10205775805938307, left(srz99311018560)
neg, 0.09398249492320182, left(srz96566177733)
neg, 0.10429965700047668, left(srz8029723356)
neg, 0.17064270533827597, left(srz99311012279)
neg, 0.0887268665164327, left(srz8029727556)
neg, 0.09941796035347768, left(srz99311019384)
neg, 0.08762384534061207, left(srz274095911321)
neg, 0.11688192957054873, left(srz99311014706)
neg, 0.0887268665164327, left(srz24618675972)
neg, 0.10747792548879284, left(srz8029722527)
neg, 0.31607632861215096, left(srz993110111049)
neg, 0.2144317939556987, left(srz44230447750)
neg, 0.7077438782664071, left(srz1930611401)
neg, 0.08762384534061207, left(srz96594927006)
neg, 0.21561915279098645, left(srz96566179008)
neg, 0.43024999543214043, left(srz24618678019)
neg, 0.09224747701105376, left(srz44230446429)
neg, 0.09490985775752864, left(srz44248274137)
neg, 0.09965842165547369, left(srz44230444697)
neg, 0.33768125175482216, left(srz96566172246)
neg, 0.09259174908264792, left(srz274095916704)
neg, 0.10404929125716667, left(srz246186711523)
neg, 0.08762384534061207, left(srz27409599620)
neg, 0.09447233311561995, left(srz965661711250)
neg, 0.10404929125716667, left(srz44230445287)
neg, 0.10747792548879284, left(srz9931101555)
neg, 0.7077438782664071, left(srz96594923403)
neg, 0.31607632861215096, left(srz193062739)
neg, 0.31607632861215096, left(srz193069853)
neg, 0.11776684884009299, left(srz44248276481)
neg, 0.12050413854916141, left(srz993110111121)
neg, 0.0887268665164327, left(srz96594925462)
neg, 0.40635621084154055, left(srz8029729838)
neg, 0.21531360176855996, left(srz246186715964)
neg, 0.11688192957054873, left(srz27409599205)
neg, 0.338085635834678, left(srz8029725492)
neg, 0.09463868543959796, left(srz965661710159)
neg, 0.21561915279098645, left(srz8029727731)
neg, 0.5379974749891667, left(srz44230445153)
neg, 0.0992611488082572, left(srz27409593582)
neg, 0.3113054638003522, left(srz8029721368)
neg, 0.3261986113799918, left(srz965661712496)
neg, 0.3261986113799918, left(srz274095915059)
neg, 0.43024999543214043, left(srz965949222)
neg, 0.10429965700047668, left(srz19306556)
neg, 0.33768125175482216, left(srz246186714442)
neg, 0.11688192957054873, left(srz246186711884)
neg, 0.3113054638003522, left(srz8029721359)
neg, 0.33768125175482216, left(srz44230442208)
neg, 0.33768125175482216, left(srz96566176498)
neg, 0.08978074992954073, left(srz99311015686)
neg, 0.33768125175482216, left(srz96594928276)
neg, 0.09941796035347768, left(srz246186711294)
neg, 0.43024999543214043, left(srz44248271277)
neg, 0.12239018499212168, left(srz8029725526)
neg, 0.10747792548879284, left(srz44230443007)
neg, 0.3261986113799918, left(srz9931101988)
neg, 0.09463868543959796, left(srz193067594)
neg, 0.10747792548879284, left(srz193062425)
neg, 0.08762384534061207, left(srz99311013885)
neg, 0.0887268665164327, left(srz24618679348)
neg, 0.08762384534061207, left(srz27409597404)
neg, 0.33768125175482216, left(srz44248271683)
neg, 0.10429965700047668, left(srz246186716297)
neg, 0.31607632861215096, left(srz246186712565)
neg, 0.34814322782325435, left(srz246186714644)
neg, 0.09762134993398691, left(srz44248273916)
neg, 0.5169565646748872, left(srz2461867515)
neg, 0.43024999543214043, left(srz193063213)
neg, 0.11688192957054873, left(srz44248273471)
neg, 0.11688192957054873, left(srz44248277615)
neg, 0.09700154491364789, left(srz99311014578)
neg, 0.40635621084154055, left(srz27409597895)
neg, 0.10429965700047668, left(srz993110110517)
neg, 0.10747792548879284, left(srz193068977)
neg, 0.33768125175482216, left(srz99311018347)
neg, 0.21531360176855996, left(srz44248272274)
neg, 0.21561915279098645, left(srz246186716115)
neg, 0.21561915279098645, left(srz44248273531)
neg, 0.08958030644887138, left(srz99311013332)
neg, 0.23269372339757188, left(srz246186713024)
neg, 0.08762384534061207, left(srz44248278085)
neg, 0.09463868543959796, left(srz8029724835)
neg, 0.0924723759409461, left(srz274095914412)
neg, 0.08762384534061207, left(srz99311016006)
neg, 0.09762134993398691, left(srz27409593231)
neg, 0.0887268665164327, left(srz27409595897)
neg, 0.09168441105486956, left(srz24618676345)
neg, 0.08969631519377494, left(srz96594925074)
neg, 0.40635621084154055, left(srz274095912813)
neg, 0.21561915279098645, left(srz24618672825)
neg, 0.08978074992954073, left(srz96566176768)
neg, 0.0992611488082572, left(srz27409595375)
neg, 0.0887268665164327, left(srz99311018748)
neg, 0.08762384534061207, left(srz44248274804)
neg, 0.10429965700047668, left(srz274095910879)
neg, 0.33768125175482216, left(srz965661713501)
neg, 0.0937508809907689, left(srz44230442069)
neg, 0.09340274269541389, left(srz99311017108)
neg, 0.33768125175482216, left(srz44248277257)
neg, 0.40635621084154055, left(srz965949211151)
neg, 0.2522192920344088, left(srz44248273390)
neg, 0.08990707212312127, left(srz8029727357)
neg, 0.1893572335612909, left(srz965661713312)
neg, 0.10404929125716667, left(srz99311018867)
neg, 0.0868824920165507, left(srz24618678115)
neg, 0.09941796035347768, left(srz96594925126)
neg, 0.09470362628195078, left(srz27409596300)
neg, 0.08762384534061207, left(srz19306321)
neg, 0.33768125175482216, left(srz44248274984)
neg, 0.10747792548879284, left(srz19306823)
neg, 0.10429965700047668, left(srz2461867322)
neg, 0.31607632861215096, left(srz965949212264)
neg, 0.09941796035347768, left(srz44248273887)
neg, 0.3261986113799918, left(srz27409599347)
neg, 0.0937508809907689, left(srz96594922238)
neg, 0.08762384534061207, left(srz246186717113)
neg, 0.08762384534061207, left(srz193069501)
neg, 0.08762384534061207, left(srz99311011184)
neg, 0.08762384534061207, left(srz193066753)
neg, 0.08990707212312127, left(srz193065886)
neg, 0.3711736182300026, left(srz965949213217)
neg, 0.10271147823357023, left(srz246186712430)
neg, 0.08762384534061207, left(srz96566177885)
neg, 0.0924723759409461, left(srz193066997)
neg, 0.11688192957054873, left(srz44230446888)
neg, 0.08978074992954073, left(srz965661710832)
neg, 0.09340274269541389, left(srz8029727742)
neg, 0.10429965700047668, left(srz27409595183)
neg, 0.19918329105392513, left(srz24618672618)
neg, 0.10747792548879284, left(srz19306800)
neg, 0.10747792548879284, left(srz44230444617)
neg, 0.31607632861215096, left(srz8029725409)
neg, 0.09340274269541389, left(srz965949211683)
neg, 0.11688192957054873, left(srz8029725812)
neg, 0.13952275334673125, left(srz44248277493)
neg, 0.19918329105392513, left(srz96566175953)
neg, 0.40635621084154055, left(srz965661714584)
neg, 0.10747792548879284, left(srz96566172218)
neg, 0.28887358464003626, left(srz965949212296)
neg, 0.21531360176855996, left(srz246186715905)
neg, 0.09608915723563012, left(srz96594922161)
neg, 0.33768125175482216, left(srz8029722747)
neg, 0.31607632861215096, left(srz44230442303)
neg, 0.09463868543959796, left(srz965949212267)
neg, 0.09104766044741505, left(srz44230448401)
neg, 0.0887268665164327, left(srz193063691)
neg, 0.08762384534061207, left(srz44248275746)
neg, 0.10747792548879284, left(srz44230446251)
neg, 0.23784265859764414, left(srz99311012768)
neg, 0.338085635834678, left(srz274095910336)
neg, 0.33768125175482216, left(srz99311016361)
neg, 0.09608915723563012, left(srz274095914008)
neg, 0.10429965700047668, left(srz8029723330)
neg, 0.0868824920165507, left(srz193068719)
neg, 0.13062912489546, left(srz96566178745)
neg, 0.09168441105486956, left(srz24618671740)
neg, 0.08990707212312127, left(srz8029727403)
neg, 0.43024999543214043, left(srz27409594825)
neg, 0.21561915279098645, left(srz24618674251)
neg, 0.3261986113799918, left(srz96594929719)
neg, 0.10429965700047668, left(srz1930611119)
neg, 0.08762384534061207, left(srz1930612177)
neg, 0.09965842165547369, left(srz27409597982)
neg, 0.0937508809907689, left(srz193064843)
neg, 0.09224747701105376, left(srz993110111566)
neg, 0.09463868543959796, left(srz993110112169)
neg, 0.19918329105392513, left(srz96566171726)
neg, 0.08762384534061207, left(srz965661714195)
neg, 0.43024999543214043, left(srz96566176662)
neg, 0.43024999543214043, left(srz274095916551)
neg, 0.08969631519377494, left(srz8029725026)
neg, 0.09608915723563012, left(srz44248274831)
neg, 0.09470362628195078, left(srz246186711480)
neg, 0.09463868543959796, left(srz274095912903)
neg, 0.0958193856345921, left(srz24618676744)
neg, 0.09168441105486956, left(srz44230447916)
neg, 0.0887268665164327, left(srz1930610522)
neg, 0.43024999543214043, left(srz193061716)
neg, 0.21531360176855996, left(srz193061658)
neg, 0.09224747701105376, left(srz44248272575)
neg, 0.09470362628195078, left(srz44230441788)
neg, 0.6928377924762232, left(srz24618675156)
neg, 0.09264665702184746, left(srz2461867845)
neg, 0.19918329105392513, left(srz274095914920)
neg, 0.08968652267371456, left(srz27409591716)
neg, 0.338085635834678, left(srz8029726701)
neg, 0.08762384534061207, left(srz965661712078)
neg, 0.08884187788696475, left(srz44248273647)
neg, 0.40635621084154055, left(srz96594925922)
neg, 0.09016603697229966, left(srz99311014319)
neg, 0.43024999543214043, left(srz27409598424)
neg, 0.0887268665164327, left(srz24618675915)
neg, 0.09041152568594854, left(srz96594924403)
neg, 0.43024999543214043, left(srz965949211574)
neg, 0.33768125175482216, left(srz44248276880)
neg, 0.10429965700047668, left(srz44248272793)
neg, 0.09168441105486956, left(srz24618671753)
neg, 0.09470362628195078, left(srz8029722245)
neg, 0.09016603697229966, left(srz96594927022)
neg, 0.43024999543214043, left(srz96566176677)
neg, 0.11688192957054873, left(srz9931101940)
neg, 0.3113054638003522, left(srz8029721382)
neg, 0.21561915279098645, left(srz24618671284)
neg, 0.21561915279098645, left(srz27409591298)
neg, 0.08958030644887138, left(srz27409592037)
neg, 0.10747792548879284, left(srz193063270)
neg, 0.09470362628195078, left(srz27409594893)
neg, 0.2144317939556987, left(srz274095914315)
neg, 0.21561915279098645, left(srz246186712113)
neg, 0.43024999543214043, left(srz24618672441)
neg, 0.08762384534061207, left(srz246186710776)
neg, 0.09941796035347768, left(srz193068399)
neg, 0.31607632861215096, left(srz9659492474)
neg, 0.3113054638003522, left(srz1930611186)
neg, 0.31607632861215096, left(srz24618675227)
neg, 0.09463868543959796, left(srz193062366)
neg, 0.33768125175482216, left(srz246186716051)
neg, 0.0887268665164327, left(srz1930610509)
neg, 0.10205775805938307, left(srz193068911)
neg, 0.21561915279098645, left(srz27409591459)
neg, 0.33768125175482216, left(srz44230447755)
neg, 0.08762384534061207, left(srz44230446581)
neg, 0.3261986113799918, left(srz44230445723)
neg, 0.10404929125716667, left(srz9656617124)
neg, 0.0887268665164327, left(srz99311013169)
neg, 0.43024999543214043, left(srz44230443235)
neg, 0.10205775805938307, left(srz96566171433)
neg, 0.19274757238389273, left(srz96594926415)
neg, 0.09470362628195078, left(srz274095911179)
neg, 0.08762384534061207, left(srz246186754)
neg, 0.10747792548879284, left(srz24618675387)
neg, 0.08762384534061207, left(srz193069336)
neg, 0.21561915279098645, left(srz24618672855)
neg, 0.09632821988167461, left(srz246186711235)
neg, 0.2522192920344088, left(srz965949210213)
neg, 0.43024999543214043, left(srz4424827731)
neg, 0.31607632861215096, left(srz193062580)
neg, 0.19701951681629268, left(srz96594929000)
neg, 0.09224747701105376, left(srz274095911780)
neg, 0.10747792548879284, left(srz8029726508)
neg, 0.10404929125716667, left(srz193067527)
neg, 0.0887268665164327, left(srz96594925392)
neg, 0.09876773435703545, left(srz24618678903)
neg, 0.10429965700047668, left(srz44248272683)
neg, 0.08762384534061207, left(srz44230441711)
neg, 0.11554661855395491, left(srz44248278161)
neg, 0.19918329105392513, left(srz965661711936)
neg, 0.11688192957054873, left(srz44230447152)
neg, 0.0868824920165507, left(srz193064564)
neg, 0.09407054746139654, left(srz96566174219)
neg, 0.21561915279098645, left(srz246186716142)
neg, 0.10429965700047668, left(srz96566175226)
neg, 0.36040220265655376, left(srz8029726623)
neg, 0.09259174908264792, left(srz965661715513)
neg, 0.08762384534061207, left(srz965949213752)
neg, 0.09363016764644838, left(srz8029729414)
neg, 0.08762384534061207, left(srz96566173659)
neg, 0.08762384534061207, left(srz44230443809)
neg, 0.17064270533827597, left(srz193062221)
neg, 0.09352319308513994, left(srz96566175860)
neg, 0.10429965700047668, left(srz44248271423)
neg, 0.09762134993398691, left(srz274095914537)
neg, 0.09762134993398691, left(srz24618678264)
neg, 0.09264665702184746, left(srz44230442523)
neg, 0.12239018499212168, left(srz246186716587)
neg, 0.33768125175482216, left(srz8029722753)
neg, 0.09941796035347768, left(srz193065410)
neg, 0.10429965700047668, left(srz193066372)
neg, 0.11688192957054873, left(srz9931101910)
neg, 0.5379974749891667, left(srz44230446513)
neg, 0.09463734954675793, left(srz99311018095)
neg, 0.19918329105392513, left(srz965949211780)
neg, 0.0887268665164327, left(srz24618679460)
neg, 0.09463868543959796, left(srz993110111972)
neg, 0.23269372339757188, left(srz274095915982)
neg, 0.21531360176855996, left(srz96594923907)
neg, 0.0937508809907689, left(srz27409598307)
neg, 0.10747792548879284, left(srz44230441366)
neg, 0.17064270533827597, left(srz8029725435)
neg, 0.10404929125716667, left(srz193063440)
neg, 0.36040220265655376, left(srz8029724760)
neg, 0.10429965700047668, left(srz27409593602)
neg, 0.09762134993398691, left(srz274095913209)
neg, 0.09490985775752864, left(srz965661713367)
neg, 0.40635621084154055, left(srz96566179315)
neg, 0.43024999543214043, left(srz274095916048)
neg, 0.33768125175482216, left(srz24618676569)
neg, 0.10429965700047668, left(srz193069257)
neg, 0.08762384534061207, left(srz4423044321)
neg, 0.0958193856345921, left(srz246186715739)
neg, 0.2013793350879112, left(srz274095912953)
neg, 0.08990707212312127, left(srz44248275087)
neg, 0.43024999543214043, left(srz24618674622)
neg, 0.09340274269541389, left(srz246186715269)
neg, 0.5379974749891667, left(srz8029723425)
neg, 0.11688192957054873, left(srz246186714828)
neg, 0.10429965700047668, left(srz246186710059)
neg, 0.4544511178758716, left(srz193064123)
neg, 0.5006733409902656, left(srz193061892)
neg, 0.10747792548879284, left(srz99311013350)
neg, 0.10747792548879284, left(srz96594926545)
neg, 0.10429965700047668, left(srz96566174295)
neg, 0.09447233311561995, left(srz99311019670)
neg, 0.08762384534061207, left(srz965949213665)
neg, 0.08762384534061207, left(srz99311013825)
neg, 0.08762384534061207, left(srz193065008)
neg, 0.08762384534061207, left(srz193066791)
neg, 0.36040220265655376, left(srz24618672508)
neg, 0.0887268665164327, left(srz80297210325)
neg, 0.40635621084154055, left(srz99311016240)
neg, 0.08762384534061207, left(srz99311013826)
neg, 0.11688192957054873, left(srz96594924138)
neg, 0.13931861312733054, left(srz96594924990)
neg, 0.09965842165547369, left(srz96594923730)
neg, 0.43024999543214043, left(srz27409594414)
neg, 0.40635621084154055, left(srz965661713481)
neg, 0.08969631519377494, left(srz96594925103)
neg, 0.10747792548879284, left(srz193062483)
neg, 0.11688192957054873, left(srz965661715913)
neg, 0.20483954528593876, left(srz965949213487)
neg, 0.21561915279098645, left(srz8029722601)
neg, 0.5379974749891667, left(srz8029725172)
neg, 0.19918329105392513, left(srz993110111301)
neg, 0.19701951681629268, left(srz44248273003)
neg, 0.08762384534061207, left(srz44248278117)
neg, 0.10205775805938307, left(srz8029726150)
neg, 0.10747792548879284, left(srz246186710089)
neg, 0.08762384534061207, left(srz965661714252)
neg, 0.08762384534061207, left(srz193066771)
neg, 0.09762134993398691, left(srz965661713213)
neg, 0.43024999543214043, left(srz96594928902)
neg, 0.338085635834678, left(srz96566171106)
neg, 0.10429965700047668, left(srz96566174273)
neg, 0.40635621084154055, left(srz274095910991)
neg, 0.08762384534061207, left(srz99311013889)
neg, 0.09082282791544143, left(srz80297210264)
neg, 0.09609493625297909, left(srz246186711135)
neg, 0.338085635834678, left(srz44248271723)
neg, 0.08762384534061207, left(srz193063966)
neg, 0.08762384534061207, left(srz96594928781)
neg, 0.11688192957054873, left(srz99311016499)
neg, 0.2144317939556987, left(srz246186713430)
neg, 0.10205775805938307, left(srz99311011290)
neg, 0.33768125175482216, left(srz27409594862)
neg, 0.23269372339757188, left(srz8029725602)
neg, 0.10747792548879284, left(srz96594925320)
neg, 0.08762384534061207, left(srz99311015966)
neg, 0.0887268665164327, left(srz44248275403)
neg, 0.31607632861215096, left(srz8029729613)
neg, 0.43024999543214043, left(srz44230444936)
neg, 0.09463868543959796, left(srz965949211206)
neg, 0.08762384534061207, left(srz965661714358)
neg, 0.09762134993398691, left(srz965949210341)
neg, 0.10205775805938307, left(srz96594926448)
neg, 0.31607632861215096, left(srz44230443533)
neg, 0.10747792548879284, left(srz246186714024)
neg, 0.21531360176855996, left(srz44248272261)
neg, 0.33768125175482216, left(srz44230444127)
neg, 0.08762384534061207, left(srz96566175041)
neg, 0.5379974749891667, left(srz246186710167)
neg, 0.08762384534061207, left(srz965661712022)
neg, 0.08762384534061207, left(srz44230446622)
neg, 0.09352319308513994, left(srz44248271098)
neg, 0.0887268665164327, left(srz193066035)
neg, 0.09470362628195078, left(srz2740959657)
neg, 0.10747792548879284, left(srz193068222)
neg, 0.33768125175482216, left(srz44248275951)
neg, 0.1569926385905161, left(srz99311018082)
neg, 0.21561915279098645, left(srz99311018932)
neg, 0.11688192957054873, left(srz965661715758)
neg, 0.40635621084154055, left(srz27409592338)
neg, 0.3261986113799918, left(srz965661712435)
neg, 0.10205775805938307, left(srz193068926)
neg, 0.36040220265655376, left(srz99311012795)
neg, 0.09608915723563012, left(srz8029724279)
neg, 0.09463868543959796, left(srz193065759)
neg, 0.09340274269541389, left(srz44230447256)
neg, 0.10429965700047668, left(srz246186716731)
neg, 0.08762384534061207, left(srz44248274238)
neg, 0.08762384534061207, left(srz44248275580)
neg, 0.10429965700047668, left(srz246186713541)
neg, 0.40635621084154055, left(srz993110110558)
neg, 0.10429965700047668, left(srz44230445822)
neg, 0.09490985775752864, left(srz44230446289)
neg, 0.10429965700047668, left(srz965661714151)
neg, 0.3711736182300026, left(srz193063393)
neg, 0.40635621084154055, left(srz8029724065)
neg, 0.33768125175482216, left(srz99311012344)
neg, 0.21561915279098645, left(srz24618677496)
neg, 0.0887268665164327, left(srz24618679409)
neg, 0.09609493625297909, left(srz99311012947)
neg, 0.43024999543214043, left(srz274095916956)
neg, 0.09363016764644838, left(srz8029728620)
neg, 0.0887268665164327, left(srz80297210349)
neg, 0.34855354714672426, left(srz44230445708)
neg, 0.09762134993398691, left(srz24618675059)
neg, 0.08978074992954073, left(srz96594922088)
neg, 0.08958030644887138, left(srz2461867405)
neg, 0.43024999543214043, left(srz44230443041)
neg, 0.5854559097590201, left(srz965661715041)
neg, 0.33768125175482216, left(srz965949210216)
neg, 0.40635621084154055, left(srz27409593894)
neg, 0.33186072259198907, left(srz965661713405)
neg, 0.1569926385905161, left(srz44248271498)
neg, 0.10404929125716667, left(srz24618679560)
neg, 0.09762134993398691, left(srz24618678742)
neg, 0.10747792548879284, left(srz24618671573)
neg, 0.33768125175482216, left(srz965661713534)
neg, 0.10429965700047668, left(srz19306267)
neg, 0.43024999543214043, left(srz274095916586)
neg, 0.08762384534061207, left(srz246186716423)
neg, 0.13062912489546, left(srz96566178773)
neg, 0.08884187788696475, left(srz80297210129)
neg, 0.36040220265655376, left(srz442304423)
neg, 0.10747792548879284, left(srz96594926598)
neg, 0.0887268665164327, left(srz44248276744)
neg, 0.12280640097404143, left(srz965661710333)
neg, 0.20483954528593876, left(srz44248278217)
neg, 0.08762384534061207, left(srz246186713280)
neg, 0.09762134993398691, left(srz96566174321)
neg, 0.40635621084154055, left(srz44248271251)
neg, 0.09463734954675793, left(srz96566175152)
neg, 0.09490985775752864, left(srz193062350)
neg, 0.09608915723563012, left(srz1930611356)
neg, 0.09259174908264792, left(srz44248274104)
neg, 0.0924723759409461, left(srz274095914413)
neg, 0.33768125175482216, left(srz193063153)
neg, 0.21561915279098645, left(srz96566173009)
neg, 0.09447233311561995, left(srz993110113)
neg, 0.08762384534061207, left(srz193064993)
neg, 0.33768125175482216, left(srz96566178402)
neg, 0.11688192957054873, left(srz96566178893)
neg, 0.0887268665164327, left(srz965661710611)
neg, 0.09340274269541389, left(srz44230447254)
neg, 0.33768125175482216, left(srz246186716046)
neg, 0.33768125175482216, left(srz274095917184)
neg, 0.36040220265655376, left(srz99311011864)
neg, 0.10747792548879284, left(srz96566172470)
neg, 0.19918329105392513, left(srz965949213333)
neg, 0.08762384534061207, left(srz44230446649)
neg, 0.43024999543214043, left(srz24618672200)
neg, 0.08762384534061207, left(srz99311019489)
neg, 0.34814322782325435, left(srz96594927831)
neg, 0.43024999543214043, left(srz8029726641)
neg, 0.40635621084154055, left(srz1930610705)
neg, 0.0924723759409461, left(srz44230441227)
neg, 0.10747792548879284, left(srz96566178320)
neg, 0.0887268665164327, left(srz44230445617)
neg, 0.09340274269541389, left(srz24618676002)
neg, 0.40635621084154055, left(srz27409596890)
neg, 0.09447386570887614, left(srz8029727290)
neg, 0.0887268665164327, left(srz965949211004)
neg, 0.0887268665164327, left(srz965661710609)
neg, 0.19918329105392513, left(srz96566176004)
neg, 0.08762384534061207, left(srz246186713312)
neg, 0.10747792548879284, left(srz274095912279)
neg, 0.08762384534061207, left(srz44248278102)
neg, 0.11688192957054873, left(srz965661715869)
neg, 0.09016603697229966, left(srz27409593205)
neg, 0.5379974749891667, left(srz8029727077)
neg, 0.19918329105392513, left(srz24618672671)
neg, 0.6928377924762232, left(srz44248271873)
neg, 0.08762384534061207, left(srz965949212818)
neg, 0.31607632861215096, left(srz246186714114)
neg, 0.10429965700047668, left(srz8029729030)
neg, 0.08978074992954073, left(srz24618679019)
neg, 0.08990707212312127, left(srz8029727499)
neg, 0.09407054746139654, left(srz965661715283)
neg, 0.09470362628195078, left(srz2461867741)
neg, 0.11688192957054873, left(srz965661713986)
neg, 0.33768125175482216, left(srz96566177041)
neg, 0.10205775805938307, left(srz96594926503)
neg, 0.09224747701105376, left(srz1930612138)
neg, 0.40635621084154055, left(srz96594928430)
neg, 0.09941796035347768, left(srz96594921951)
neg, 0.19918329105392513, left(srz24618677327)
neg, 0.34855354714672426, left(srz246186710432)
neg, 0.08958030644887138, left(srz2740959804)
neg, 0.31607632861215096, left(srz96594922826)
neg, 0.43024999543214043, left(srz24618673549)
neg, 0.09016603697229966, left(srz8029728991)
neg, 0.10747792548879284, left(srz8029727993)
neg, 0.338085635834678, left(srz44248273133)
neg, 0.08958030644887138, left(srz965661710849)
neg, 0.21561915279098645, left(srz274095914928)
neg, 0.10205775805938307, left(srz80297275)
neg, 0.2522192920344088, left(srz96594929359)
neg, 0.36040220265655376, left(srz96566174356)
neg, 0.09463868543959796, left(srz193063472)
neg, 0.43024999543214043, left(srz44248272951)
neg, 0.08762384534061207, left(srz44248274627)
neg, 0.08762384534061207, left(srz44230443687)
neg, 0.2161421357982058, left(srz44230446972)
neg, 0.19918329105392513, left(srz965949211821)
neg, 0.08968652267371456, left(srz27409591727)
neg, 0.11688192957054873, left(srz44230446909)
neg, 0.31607632861215096, left(srz9659492260)
neg, 0.0958193856345921, left(srz99311019335)
neg, 0.09609493625297909, left(srz193062327)
neg, 0.17277259659916264, left(srz99311011698)
neg, 0.34814322782325435, left(srz96594929141)
neg, 0.338085635834678, left(srz246186710349)
neg, 0.2144317939556987, left(srz193062454)
neg, 0.10404929125716667, left(srz1930612167)
neg, 0.33768125175482216, left(srz44248271787)
neg, 0.09168441105486956, left(srz24618671693)
neg, 0.08990707212312127, left(srz8029723733)
neg, 0.338085635834678, left(srz993110112337)
neg, 0.33768125175482216, left(srz4424827221)
neg, 0.5854559097590201, left(srz44248276866)
neg, 0.36040220265655376, left(srz27409595307)
neg, 0.08762384534061207, left(srz96566175005)
neg, 0.40635621084154055, left(srz2461867385)
neg, 0.08762384534061207, left(srz96594927058)
neg, 0.19701951681629268, left(srz44230448215)
neg, 0.43024999543214043, left(srz274095913264)
neg, 0.5379974749891667, left(srz8029722967)
neg, 0.43024999543214043, left(srz193061684)
neg, 0.09463868543959796, left(srz4423044518)
neg, 0.338085635834678, left(srz8029722551)
neg, 0.08762384534061207, left(srz246186724)
neg, 0.09486880485969293, left(srz96566176536)
neg, 0.2161421357982058, left(srz44230447035)
neg, 0.08762384534061207, left(srz965661714209)
neg, 0.11688192957054873, left(srz965949212029)
neg, 0.10429965700047668, left(srz246186717176)
neg, 0.33768125175482216, left(srz993110110602)
neg, 0.09226005588983227, left(srz96594924594)
neg, 0.31607632861215096, left(srz193062065)
neg, 0.10429965700047668, left(srz96594922187)
neg, 0.08762384534061207, left(srz965949212862)
neg, 0.10429965700047668, left(srz2740959367)
neg, 0.08762384534061207, left(srz99311011076)
neg, 0.11688192957054873, left(srz99311014731)
neg, 0.09259174908264792, left(srz27409598218)
neg, 0.10747792548879284, left(srz965949211700)
neg, 0.11688192957054873, left(srz274095915010)
neg, 0.36040220265655376, left(srz44248276339)
neg, 0.09490985775752864, left(srz96594928457)
neg, 0.0887268665164327, left(srz24618679349)
neg, 0.21561915279098645, left(srz24618671231)
neg, 0.08978074992954073, left(srz8029724250)
neg, 0.11688192957054873, left(srz8029721512)
neg, 0.08762384534061207, left(srz99311019600)
neg, 0.09463868543959796, left(srz1930611002)
neg, 0.31607632861215096, left(srz96566176082)
neg, 0.08978074992954073, left(srz965661710836)
neg, 0.09941796035347768, left(srz99311015585)
neg, 0.08762384534061207, left(srz44230446663)
neg, 0.31607632861215096, left(srz274095913980)
neg, 0.08762384534061207, left(srz8029724487)
neg, 0.43024999543214043, left(srz27409596381)
neg, 0.43024999543214043, left(srz8029726936)
neg, 0.09608915723563012, left(srz24618679789)
neg, 0.09363016764644838, left(srz96566175286)
neg, 0.08762384534061207, left(srz96594926941)
neg, 0.09609493625297909, left(srz8029727773)
neg, 0.08990707212312127, left(srz1930610245)
neg, 0.09041152568594854, left(srz99311015401)
neg, 0.3113054638003522, left(srz8029721424)
neg, 0.08990707212312127, left(srz193067690)
neg, 0.10429965700047668, left(srz246186713456)
neg, 0.09609493625297909, left(srz993110110973)
neg, 0.10429965700047668, left(srz24618675802)
neg, 0.10205775805938307, left(srz965949213376)
neg, 0.43024999543214043, left(srz24618676937)
neg, 0.09490985775752864, left(srz44230445901)
neg, 0.0887268665164327, left(srz274095912364)
neg, 0.5379974749891667, left(srz44230441948)
neg, 0.08762384534061207, left(srz96566177881)
neg, 0.43024999543214043, left(srz274095914328)
neg, 0.10747792548879284, left(srz99311013344)
neg, 0.09193959798893422, left(srz96566177777)
neg, 0.10429965700047668, left(srz274095911665)
neg, 0.31607632861215096, left(srz193063177)
neg, 0.08762384534061207, left(srz193064869)
neg, 0.3113054638003522, left(srz96566174153)
neg, 0.10205775805938307, left(srz246186713066)
neg, 0.5169565646748872, left(srz27409592729)
neg, 0.10747792548879284, left(srz27409598615)
neg, 0.23269372339757188, left(srz24618674232)
neg, 0.09475002328292681, left(srz1930610352)
neg, 0.21561915279098645, left(srz44248273529)
neg, 0.31607632861215096, left(srz193067309)
neg, 0.11688192957054873, left(srz193061546)
neg, 0.0887268665164327, left(srz8029727518)
neg, 0.31607632861215096, left(srz24618675228)
neg, 0.10429965700047668, left(srz24618675801)
neg, 0.2522192920344088, left(srz8029728507)
neg, 0.10747792548879284, left(srz802972723)
neg, 0.09016603697229966, left(srz96594928823)
neg, 0.09608915723563012, left(srz9656617632)
neg, 0.10429965700047668, left(srz27409593455)
neg, 0.09264665702184746, left(srz44230442594)
neg, 0.10747792548879284, left(srz96594924780)
neg, 0.33768125175482216, left(srz99311013699)
neg, 0.10747792548879284, left(srz1930611540)
neg, 0.0937508809907689, left(srz965661713045)
neg, 0.3113054638003522, left(srz99311016627)
neg, 0.43024999543214043, left(srz4424827728)
neg, 0.09447386570887614, left(srz44248276452)
neg, 0.09676680526555598, left(srz965661713730)
neg, 0.08762384534061207, left(srz44230443843)
neg, 0.09470362628195078, left(srz24618672129)
neg, 0.08762384534061207, left(srz246186710773)
neg, 0.08762384534061207, left(srz4423044242)
neg, 0.08762384534061207, left(srz1930612324)
neg, 0.10404929125716667, left(srz96594929651)
neg, 0.10429965700047668, left(srz19306536)
neg, 0.34855354714672426, left(srz24618677582)
neg, 0.31607632861215096, left(srz965949211891)
neg, 0.08797708080886504, left(srz44248273972)
neg, 0.10429965700047668, left(srz193063065)
neg, 0.19918329105392513, left(srz1930611979)
neg, 0.09941796035347768, left(srz96566176523)
neg, 0.10429965700047668, left(srz96566171513)
neg, 0.31607632861215096, left(srz24618678959)
neg, 0.34855354714672426, left(srz44248272106)
neg, 0.19701951681629268, left(srz44248273000)
neg, 0.19918329105392513, left(srz965949211857)
neg, 0.09700154491364789, left(srz193068296)
neg, 0.33768125175482216, left(srz193061769)
neg, 0.33768125175482216, left(srz8029722746)
neg, 0.11688192957054873, left(srz4424827896)
neg, 0.09341546289497812, left(srz96594924606)
neg, 0.09463734954675793, left(srz96566178485)
neg, 0.0868824920165507, left(srz96566176729)
neg, 0.43024999543214043, left(srz24618676218)
neg, 0.09363016764644838, left(srz24618676895)
neg, 0.09224747701105376, left(srz193065187)
neg, 0.08762384534061207, left(srz193063906)
neg, 0.12050413854916141, left(srz993110111100)
neg, 0.33768125175482216, left(srz9656617928)
neg, 0.09941796035347768, left(srz193062898)
neg, 0.10429965700047668, left(srz274095912690)
neg, 0.36040220265655376, left(srz96566172517)
neg, 0.31607632861215096, left(srz44230447810)
neg, 0.31607632861215096, left(srz8029723061)
neg, 0.09090821718191328, left(srz99311016375)
neg, 0.21531360176855996, left(srz965661713934)
neg, 0.0958193856345921, left(srz193062978)
neg, 0.09608915723563012, left(srz24618676141)
neg, 0.31607632861215096, left(srz193061205)
neg, 0.09762134993398691, left(srz44248273914)
neg, 0.31607632861215096, left(srz8029726726)
neg, 0.19918329105392513, left(srz993110111173)
neg, 0.10205775805938307, left(srz99311018588)
neg, 0.7077438782664071, left(srz993110111466)
neg, 0.11688192957054873, left(srz44248272511)
neg, 0.5379974749891667, left(srz193069227)
neg, 0.10747792548879284, left(srz44230441)
neg, 0.10205775805938307, left(srz96594925221)
neg, 0.10429965700047668, left(srz27409599913)
neg, 0.31607632861215096, left(srz193066617)
neg, 0.21561915279098645, left(srz96566173034)
neg, 0.0887268665164327, left(srz965949210984)
neg, 0.08797708080886504, left(srz44230444591)
neg, 0.0937508809907689, left(srz965661715162)
neg, 0.08762384534061207, left(srz44248278131)
neg, 0.09463734954675793, left(srz24618673200)
neg, 0.09762134993398691, left(srz96566174323)
neg, 0.31607632861215096, left(srz24618676844)
neg, 0.09363016764644838, left(srz24618676890)
neg, 0.09608915723563012, left(srz24618679804)
neg, 0.43024999543214043, left(srz2740959424)
neg, 0.19918329105392513, left(srz274095914790)
neg, 0.10747792548879284, left(srz24618675089)
neg, 0.10205775805938307, left(srz24618679327)
neg, 0.11688192957054873, left(srz193061499)
neg, 0.33768125175482216, left(srz96566175768)
neg, 0.09941796035347768, left(srz193064827)
neg, 0.09656552271795196, left(srz96594921663)
neg, 0.10404929125716667, left(srz965661710353)
neg, 0.2013793350879112, left(srz9656617875)
neg, 0.40635621084154055, left(srz99311015123)
neg, 0.0992611488082572, left(srz27409594270)
neg, 0.0887268665164327, left(srz193067874)
neg, 0.0958193856345921, left(srz80297210834)
neg, 0.08762384534061207, left(srz193069463)
neg, 0.19701951681629268, left(srz44230441537)
neg, 0.09470362628195078, left(srz246186711497)
neg, 0.6928377924762232, left(srz193066657)
neg, 0.09447386570887614, left(srz99311018890)
neg, 0.23269372339757188, left(srz4424827647)
neg, 0.11688192957054873, left(srz44248273248)
neg, 0.08762384534061207, left(srz8029725937)
neg, 0.31607632861215096, left(srz99311014546)
neg, 0.09609493625297909, left(srz99311015406)
neg, 0.10747792548879284, left(srz965661715215)
neg, 0.33768125175482216, left(srz99311018355)
neg, 0.43024999543214043, left(srz193063788)
neg, 0.21561915279098645, left(srz24618674310)
neg, 0.5006733409902656, left(srz96594927439)
neg, 0.09259174908264792, left(srz9656617767)
neg, 0.08762384534061207, left(srz246186716449)
neg, 0.34855354714672426, left(srz193069656)
neg, 0.08762384534061207, left(srz44248274337)
neg, 0.21561915279098645, left(srz27409591301)
neg, 0.43024999543214043, left(srz24618672262)
neg, 0.13952275334673125, left(srz80297210607)
neg, 0.7077438782664071, left(srz246186714949)
neg, 0.21561915279098645, left(srz274095914677)
neg, 0.3113054638003522, left(srz96566175317)
neg, 0.0887268665164327, left(srz9656617396)
neg, 0.43024999543214043, left(srz274095910488)
neg, 0.34814322782325435, left(srz1930610567)
neg, 0.5169565646748872, left(srz965661714497)
neg, 0.43024999543214043, left(srz24618672227)
neg, 0.10747792548879284, left(srz99311018645)
neg, 0.09608915723563012, left(srz965949210438)
neg, 0.0924723759409461, left(srz24618678220)
neg, 0.36040220265655376, left(srz246186715369)
neg, 0.31607632861215096, left(srz193061201)
neg, 0.21561915279098645, left(srz965661711932)
neg, 0.09470362628195078, left(srz27409595741)
neg, 0.21561915279098645, left(srz27409594129)
neg, 0.31607632861215096, left(srz96594922834)
neg, 0.33768125175482216, left(srz9656617614)
neg, 0.31607632861215096, left(srz96594922838)
neg, 0.09447233311561995, left(srz96566173523)
neg, 0.09016603697229966, left(srz96594928826)
neg, 0.09609493625297909, left(srz44230447270)
neg, 0.43024999543214043, left(srz27409595231)
neg, 0.10747792548879284, left(srz27409599409)
neg, 0.2522192920344088, left(srz96594929347)
neg, 0.36040220265655376, left(srz44230443594)
neg, 0.08990707212312127, left(srz965949210800)
neg, 0.09082282791544143, left(srz80297210285)
neg, 0.33768125175482216, left(srz27409592384)
neg, 0.11688192957054873, left(srz246186714839)
neg, 0.09941796035347768, left(srz993110110002)
neg, 0.0887268665164327, left(srz96594926684)
neg, 0.1433931609136935, left(srz9931101437)
neg, 0.21561915279098645, left(srz44248273548)
neg, 0.11688192957054873, left(srz44230444199)
neg, 0.10747792548879284, left(srz99311013785)
neg, 0.43024999543214043, left(srz274095916481)
neg, 0.40635621084154055, left(srz193065530)
neg, 0.19918329105392513, left(srz24618677289)
neg, 0.08958030644887138, left(srz9656617711)
neg, 0.31607632861215096, left(srz274095911405)
neg, 0.09965842165547369, left(srz27409597994)
neg, 0.10429965700047668, left(srz24618677080)
neg, 0.09609493625297909, left(srz96566178243)
neg, 0.31607632861215096, left(srz24618671480)
neg, 0.36040220265655376, left(srz96566174366)
neg, 0.0887268665164327, left(srz96594921434)
neg, 0.33768125175482216, left(srz9659492873)
neg, 0.11688192957054873, left(srz965661711856)
neg, 0.3113054638003522, left(srz44248274893)
neg, 0.31607632861215096, left(srz44230443254)
neg, 0.10429965700047668, left(srz965661714762)
neg, 0.08990707212312127, left(srz1930610312)
neg, 0.338085635834678, left(srz193066492)
neg, 0.10205775805938307, left(srz96594921217)
neg, 0.11688192957054873, left(srz246186711970)
neg, 0.09470362628195078, left(srz27409595744)
neg, 0.11688192957054873, left(srz8029725788)
neg, 0.10747792548879284, left(srz96566177369)
neg, 0.08762384534061207, left(srz8029728898)
neg, 0.09463734954675793, left(srz274095917007)
neg, 0.09490985775752864, left(srz44230441893)
neg, 0.10429965700047668, left(srz24618673039)
neg, 0.0924723759409461, left(srz44248272013)
neg, 0.33768125175482216, left(srz44248271522)
neg, 0.4544511178758716, left(srz99311013994)
neg, 0.10747792548879284, left(srz44230445139)
neg, 0.09447233311561995, left(srz993110111823)
neg, 0.10404929125716667, left(srz193067501)
neg, 0.08762384534061207, left(srz24618677943)
neg, 0.10747792548879284, left(srz2740959393)
neg, 0.33768125175482216, left(srz193062162)
neg, 0.19918329105392513, left(srz96566172969)
neg, 0.10404929125716667, left(srz99311011386)
neg, 0.21561915279098645, left(srz8029722613)
neg, 0.10747792548879284, left(srz96594926604)
neg, 0.0992611488082572, left(srz246186714212)
neg, 0.10429965700047668, left(srz99311015758)
neg, 0.09941796035347768, left(srz274095911803)
neg, 0.43024999543214043, left(srz1930610583)
neg, 0.21561915279098645, left(srz44230441059)
neg, 0.09447233311561995, left(srz8029726129)
neg, 0.10747792548879284, left(srz27409596328)
neg, 0.0958193856345921, left(srz193064794)
neg, 0.09608915723563012, left(srz274095911928)
neg, 0.33768125175482216, left(srz274095915639)
neg, 0.0992611488082572, left(srz246186714213)
neg, 0.09470362628195078, left(srz24618678740)
neg, 0.09168441105486956, left(srz27409592899)
neg, 0.08762384534061207, left(srz274095911340)
neg, 0.10429965700047668, left(srz2461867304)
neg, 0.31607632861215096, left(srz274095915513)
neg, 0.40635621084154055, left(srz99311015117)
neg, 0.09340274269541389, left(srz9931101253)
neg, 0.10747792548879284, left(srz96594925803)
neg, 0.11688192957054873, left(srz99311016689)
neg, 0.40635621084154055, left(srz8029728010)
neg, 0.08762384534061207, left(srz193066752)
neg, 0.43024999543214043, left(srz99311012007)
neg, 0.21561915279098645, left(srz27409593849)
neg, 0.11688192957054873, left(srz274095913874)
neg, 0.10429965700047668, left(srz246186712293)
neg, 0.10429965700047668, left(srz96566171547)
neg, 0.10747792548879284, left(srz8029727879)
neg, 0.12280640097404143, left(srz80297291)
neg, 0.0924723759409461, left(srz27409594590)
neg, 0.7077438782664071, left(srz246186716652)
neg, 0.10747792548879284, left(srz993110111747)
neg, 0.19918329105392513, left(srz96566176244)
neg, 0.11688192957054873, left(srz96594929201)
neg, 0.31607632861215096, left(srz9659492471)
neg, 0.09941796035347768, left(srz96594926754)
neg, 0.09762134993398691, left(srz193062106)
neg, 0.21561915279098645, left(srz8029722923)
neg, 0.31607632861215096, left(srz24618672739)
neg, 0.21561915279098645, left(srz27409594041)
neg, 0.0924723759409461, left(srz27409596922)
neg, 0.0887268665164327, left(srz965661710612)
neg, 0.0887268665164327, left(srz44230442818)
neg, 0.40635621084154055, left(srz246186712277)
neg, 0.08762384534061207, left(srz193063931)
neg, 0.08762384534061207, left(srz193069510)
neg, 0.0992611488082572, left(srz246186710951)
neg, 0.43024999543214043, left(srz193066230)
neg, 0.09340274269541389, left(srz99311017707)
neg, 0.36040220265655376, left(srz8029726986)
neg, 0.09463734954675793, left(srz1930610895)
neg, 0.09470362628195078, left(srz24618678776)
neg, 0.31607632861215096, left(srz193068770)
neg, 0.0992611488082572, left(srz993110111670)
neg, 0.08762384534061207, left(srz99311017800)
neg, 0.08884187788696475, left(srz44230445345)
neg, 0.2522192920344088, left(srz96594929290)
neg, 0.33768125175482216, left(srz4423044444)
neg, 0.40635621084154055, left(srz246186713654)
neg, 0.0887268665164327, left(srz80297210358)
neg, 0.09941796035347768, left(srz44248271200)
neg, 0.09632821988167461, left(srz193068386)
neg, 0.43024999543214043, left(srz24618674185)
neg, 0.0992611488082572, left(srz24618679818)
neg, 0.08762384534061207, left(srz44230441664)
neg, 0.09226005588983227, left(srz965949211183)
neg, 0.10429965700047668, left(srz246186711093)
neg, 0.08762384534061207, left(srz246186716481)
neg, 0.09941796035347768, left(srz993110110016)
neg, 0.31607632861215096, left(srz44230445102)
neg, 0.09463868543959796, left(srz96566177540)
neg, 0.08762384534061207, left(srz965949213750)
neg, 0.21561915279098645, left(srz965661711877)
neg, 0.34814322782325435, left(srz193063425)
neg, 0.08990707212312127, left(srz8029727457)
neg, 0.095140567258244, left(srz27409599709)
neg, 0.43024999543214043, left(srz24618676231)
neg, 0.10205775805938307, left(srz96594925231)
neg, 0.08762384534061207, left(srz193065011)
neg, 0.0887268665164327, left(srz44248275294)
neg, 0.10205775805938307, left(srz9656617228)
neg, 0.0887268665164327, left(srz44230442702)
neg, 0.08762384534061207, left(srz44248275687)
neg, 0.21561915279098645, left(srz24618677525)
neg, 0.09447233311561995, left(srz44248278152)
neg, 0.11688192957054873, left(srz44248277874)
neg, 0.09463868543959796, left(srz19306640)
neg, 0.09463734954675793, left(srz8029726788)
neg, 0.09340274269541389, left(srz965949211677)
neg, 0.33768125175482216, left(srz99311012600)
neg, 0.09470362628195078, left(srz24618678233)
neg, 0.09609493625297909, left(srz44248271173)
neg, 0.08978074992954073, left(srz965949210077)
neg, 0.08762384534061207, left(srz965949212820)
neg, 0.10747792548879284, left(srz1930611525)
neg, 0.08762384534061207, left(srz96566173614)
neg, 0.09490985775752864, left(srz44230441888)
neg, 0.21531360176855996, left(srz4424827576)
neg, 0.5379974749891667, left(srz44248277146)
neg, 0.36040220265655376, left(srz96566177245)
neg, 0.09609493625297909, left(srz9659492967)
neg, 0.43024999543214043, left(srz24618678373)
neg, 0.21561915279098645, left(srz24618671260)
neg, 0.08990707212312127, left(srz193065867)
neg, 0.08928961349481537, left(srz2461867163)
neg, 0.2013793350879112, left(srz8029726270)
neg, 0.08762384534061207, left(srz193066832)
neg, 0.11688192957054873, left(srz8029721442)
neg, 0.09608915723563012, left(srz27409598910)
neg, 0.2522192920344088, left(srz96594929364)
neg, 0.08762384534061207, left(srz965661712093)
neg, 0.08762384534061207, left(srz99311019474)
neg, 0.31607632861215096, left(srz8029728541)
neg, 0.5379974749891667, left(srz44248277151)
neg, 0.33768125175482216, left(srz44248272340)
neg, 0.09965842165547369, left(srz965661714884)
neg, 0.23269372339757188, left(srz274095916005)
neg, 0.10429965700047668, left(srz44248271406)
neg, 0.09224747701105376, left(srz193066291)
neg, 0.11688192957054873, left(srz99311014972)
neg, 0.08762384534061207, left(srz96594927698)
neg, 0.09463868543959796, left(srz193065219)
neg, 0.08762384534061207, left(srz193069522)
neg, 0.10205775805938307, left(srz27409591531)
neg, 0.47064800180582994, left(srz4424827237)
neg, 0.10747792548879284, left(srz274095910075)
neg, 0.36040220265655376, left(srz80297210664)
neg, 0.11776684884009299, left(srz44230442411)
neg, 0.10429965700047668, left(srz246186715016)
neg, 0.09609493625297909, left(srz246186711132)
neg, 0.09608915723563012, left(srz274095915806)
neg, 0.33768125175482216, left(srz193064511)
neg, 0.08762384534061207, left(srz44248274617)
neg, 0.09463734954675793, left(srz993110110281)
neg, 0.1893572335612909, left(srz44230444877)
neg, 0.09104766044741505, left(srz9931101513)
neg, 0.40635621084154055, left(srz965661710958)
neg, 0.10747792548879284, left(srz27409598558)
neg, 0.10429965700047668, left(srz99311011795)
neg, 0.11688192957054873, left(srz246186714665)
neg, 0.33768125175482216, left(srz96594922051)
neg, 0.2013793350879112, left(srz99311016297)
neg, 0.43024999543214043, left(srz96594922453)
neg, 0.09545126812388274, left(srz274095916718)
neg, 0.09447233311561995, left(srz442304475)
neg, 0.3261986113799918, left(srz44230445737)
neg, 0.08762384534061207, left(srz8029724305)
neg, 0.33768125175482216, left(srz96594925858)
neg, 0.10429965700047668, left(srz993110110306)
neg, 0.08762384534061207, left(srz44230441617)
neg, 0.10747792548879284, left(srz8029728755)
neg, 0.40635621084154055, left(srz96594922493)
neg, 0.08762384534061207, left(srz99311013875)
neg, 0.2144317939556987, left(srz27409593337)
neg, 0.40635621084154055, left(srz27409593924)
neg, 0.31607632861215096, left(srz8029729970)
neg, 0.33768125175482216, left(srz99311018351)
neg, 0.0868824920165507, left(srz96566176711)
neg, 0.08762384534061207, left(srz44248274687)
neg, 0.11688192957054873, left(srz96594922973)
neg, 0.43024999543214043, left(srz27409596049)
neg, 0.0924723759409461, left(srz9656617720)
neg, 0.21561915279098645, left(srz44248273533)
neg, 0.0887268665164327, left(srz1930610450)
neg, 0.08762384534061207, left(srz274095912394)
neg, 0.10429965700047668, left(srz96566173889)
neg, 0.40635621084154055, left(srz99311019719)
neg, 0.43024999543214043, left(srz44230447508)
neg, 0.09490985775752864, left(srz8029729460)
neg, 0.6788760557584537, left(srz193067032)
neg, 0.36040220265655376, left(srz96566174389)
neg, 0.10429965700047668, left(srz27409593463)
neg, 0.08762384534061207, left(srz44248275654)
neg, 0.09463868543959796, left(srz99311016957)
neg, 0.09463734954675793, left(srz965661711475)
neg, 0.10747792548879284, left(srz2740959385)
neg, 0.08762384534061207, left(srz8029725981)
neg, 0.08762384534061207, left(srz8029724461)
neg, 0.08762384534061207, left(srz44230446644)
neg, 0.10429965700047668, left(srz8029727858)
neg, 0.10747792548879284, left(srz96594921288)
neg, 0.08762384534061207, left(srz965661714194)
neg, 0.2013793350879112, left(srz24618676673)
neg, 0.19918329105392513, left(srz274095914910)
neg, 0.10429965700047668, left(srz44248271411)
neg, 0.47064800180582994, left(srz99311019017)
neg, 0.08797708080886504, left(srz965661714731)
neg, 0.0924723759409461, left(srz965949214017)
neg, 0.11688192957054873, left(srz44248277815)
neg, 0.0992611488082572, left(srz24618671852)
neg, 0.17064270533827597, left(srz99311012274)
neg, 0.3755421821594811, left(srz8029724251)
neg, 0.43024999543214043, left(srz802972985)
neg, 0.338085635834678, left(srz965949210507)
neg, 0.23269372339757188, left(srz27409591493)
neg, 0.08990707212312127, left(srz965949210762)
neg, 0.08990707212312127, left(srz193063492)
neg, 0.10747792548879284, left(srz246186712638)
neg, 0.2161421357982058, left(srz193063198)
neg, 0.08928961349481537, left(srz2461867184)
neg, 0.19176228743018453, left(srz193066682)
neg, 0.09608915723563012, left(srz965661715553)
neg, 0.09340274269541389, left(srz246186715258)
neg, 0.43024999543214043, left(srz802972915)
neg, 0.10205775805938307, left(srz2461867922)
neg, 0.11688192957054873, left(srz99311014705)
neg, 0.10747792548879284, left(srz8029728413)
neg, 0.2522192920344088, left(srz193061434)
neg, 0.43024999543214043, left(srz2740959441)
neg, 0.3711736182300026, left(srz99311014682)
neg, 0.23269372339757188, left(srz4424827714)
neg, 0.21531360176855996, left(srz96594923912)
neg, 0.0887268665164327, left(srz27409595848)
neg, 0.09941796035347768, left(srz44230443663)
neg, 0.11688192957054873, left(srz44248277763)
neg, 0.31607632861215096, left(srz246186717009)
neg, 0.338085635834678, left(srz44248276396)
neg, 0.11688192957054873, left(srz44248277824)
neg, 0.0937508809907689, left(srz8029727966)
neg, 0.09470362628195078, left(srz96566172398)
neg, 0.0887268665164327, left(srz193067911)
neg, 0.09470362628195078, left(srz24618678798)
neg, 0.11688192957054873, left(srz965661711859)
neg, 0.21531360176855996, left(srz8029722652)
neg, 0.10205775805938307, left(srz274095912204)
neg, 0.33768125175482216, left(srz44230444142)
neg, 0.21531360176855996, left(srz2461867883)
neg, 0.34855354714672426, left(srz1930612128)
neg, 0.11688192957054873, left(srz99311016470)
neg, 0.10429965700047668, left(srz24618679722)
neg, 0.09941796035347768, left(srz9931101272)
neg, 0.0992611488082572, left(srz96566172198)
neg, 0.43024999543214043, left(srz965949212615)
neg, 0.11688192957054873, left(srz80297210540)
neg, 0.13952275334673125, left(srz246186716609)
neg, 0.08762384534061207, left(srz44248277990)
neg, 0.11688192957054873, left(srz96594922940)
neg, 0.21561915279098645, left(srz246186714921)
neg, 0.08990707212312127, left(srz8029727439)
neg, 0.08762384534061207, left(srz193064044)
neg, 0.09941796035347768, left(srz99311018829)
neg, 0.2013793350879112, left(srz96566174164)
neg, 0.09632821988167461, left(srz9659492964)
neg, 0.0965183451126506, left(srz99311019301)
neg, 0.4525842432755376, left(srz96594926117)
neg, 0.08762384534061207, left(srz19306296)
neg, 0.0924723759409461, left(srz9656617719)
neg, 0.10747792548879284, left(srz96594926548)
neg, 0.33768125175482216, left(srz193066948)
neg, 0.09168441105486956, left(srz27409592896)
neg, 0.21561915279098645, left(srz965661711908)
neg, 0.338085635834678, left(srz44248273138)
neg, 0.14392251391921854, left(srz99311012844)
neg, 0.08990707212312127, left(srz44248275094)
neg, 0.31607632861215096, left(srz96594922815)
neg, 0.09608915723563012, left(srz274095915789)
neg, 0.09259174908264792, left(srz44230446419)
neg, 0.0992611488082572, left(srz24618671858)
neg, 0.33768125175482216, left(srz44230442247)
neg, 0.2521930902644402, left(srz96566178846)
neg, 0.33768125175482216, left(srz99311016364)
neg, 0.40635621084154055, left(srz965949210194)
neg, 0.08762384534061207, left(srz44248278037)
neg, 0.10429965700047668, left(srz24618679744)
neg, 0.10747792548879284, left(srz96594921313)
neg, 0.09340274269541389, left(srz44230446019)
neg, 0.08762384534061207, left(srz99311019545)
neg, 0.09259174908264792, left(srz965661712920)
neg, 0.08762384534061207, left(srz8029724409)
neg, 0.09224747701105376, left(srz96594927259)
neg, 0.31607632861215096, left(srz274095914857)
neg, 0.2144317939556987, left(srz274095916328)
neg, 0.33768125175482216, left(srz44230447555)
neg, 0.5854559097590201, left(srz8029729936)
neg, 0.10429965700047668, left(srz246186713192)
neg, 0.09447233311561995, left(srz442304479)
neg, 0.09470362628195078, left(srz246186713891)
neg, 0.21561915279098645, left(srz24618677492)
neg, 0.7077438782664071, left(srz96566171782)
neg, 0.19918329105392513, left(srz99311015030)
neg, 0.31607632861215096, left(srz8029724628)
neg, 0.10429965700047668, left(srz24618674745)
neg, 0.09965842165547369, left(srz193064779)
neg, 0.23784265859764414, left(srz44230446362)
neg, 0.23269372339757188, left(srz27409591651)
neg, 0.08762384534061207, left(srz44230441673)
neg, 0.08762384534061207, left(srz4424827487)
neg, 0.08928961349481537, left(srz2461867178)
neg, 0.21561915279098645, left(srz27409591340)
neg, 0.33768125175482216, left(srz99311012687)
neg, 0.11688192957054873, left(srz965661711872)
neg, 0.13815290302824862, left(srz965949210649)
neg, 0.33768125175482216, left(srz27409592277)
neg, 0.23269372339757188, left(srz274095916030)
neg, 0.31607632861215096, left(srz27409594173)
neg, 0.09447233311561995, left(srz99311014331)
neg, 0.08797708080886504, left(srz96566171202)
neg, 0.08762384534061207, left(srz193063918)
neg, 0.10429965700047668, left(srz27409599360)
neg, 0.10747792548879284, left(srz274095912255)
neg, 0.5854559097590201, left(srz4424827198)
neg, 0.31607632861215096, left(srz24618679973)
neg, 0.43024999543214043, left(srz193068009)
neg, 0.10205775805938307, left(srz9656617192)
neg, 0.08762384534061207, left(srz8029728882)
neg, 0.11688192957054873, left(srz274095915034)
neg, 0.08762384534061207, left(srz8029724329)
neg, 0.31607632861215096, left(srz99311013288)
neg, 0.0937508809907689, left(srz96594929977)
neg, 0.09608915723563012, left(srz246186712194)
neg, 0.21561915279098645, left(srz96566173069)
neg, 0.0924755272370769, left(srz193068144)
neg, 0.21561915279098645, left(srz44230441064)
neg, 0.09486880485969293, left(srz96566176535)
neg, 0.34855354714672426, left(srz99311017208)
neg, 0.10429965700047668, left(srz44230443182)
neg, 0.10404929125716667, left(srz96566177555)
neg, 0.10404929125716667, left(srz246186714579)
neg, 0.09259174908264792, left(srz19306710)
neg, 0.10404929125716667, left(srz96594921178)
neg, 0.11688192957054873, left(srz965661715867)
neg, 0.10747792548879284, left(srz96594925595)
neg, 0.08958030644887138, left(srz993110111921)
neg, 0.10404929125716667, left(srz99311018865)
neg, 0.21561915279098645, left(srz27409593855)
neg, 0.43024999543214043, left(srz8029728483)
neg, 0.08762384534061207, left(srz8029728918)
neg, 0.09016603697229966, left(srz2740959217)
neg, 0.08762384534061207, left(srz4423044381)
neg, 0.08762384534061207, left(srz44248274633)
neg, 0.11688192957054873, left(srz9931101919)
neg, 0.0992611488082572, left(srz193068345)
neg, 0.40635621084154055, left(srz27409596891)
neg, 0.08762384534061207, left(srz96594928803)
neg, 0.31607632861215096, left(srz96566174500)
neg, 0.09470362628195078, left(srz2461867748)
neg, 0.0992611488082572, left(srz8029729824)
neg, 0.22014123864636012, left(srz24618677116)
neg, 0.09463734954675793, left(srz274095916407)
neg, 0.36040220265655376, left(srz9659492383)
neg, 0.09463734954675793, left(srz965949253)
neg, 0.31607632861215096, left(srz246186714266)
neg, 0.10747792548879284, left(srz99311015761)
neg, 0.3261986113799918, left(srz99311018974)
neg, 0.10747792548879284, left(srz99311019430)
neg, 0.33768125175482216, left(srz27409592261)
neg, 0.2521930902644402, left(srz27409599077)
neg, 0.08884187788696475, left(srz44230445336)
neg, 0.31607632861215096, left(srz96594925702)
neg, 0.08762384534061207, left(srz99311013853)
neg, 0.23269372339757188, left(srz4424827639)
neg, 0.43024999543214043, left(srz274095916478)
neg, 0.2716455391777424, left(srz99311015375)
neg, 0.31607632861215096, left(srz44230444482)
neg, 0.21531360176855996, left(srz246186715971)
neg, 0.10429965700047668, left(srz27409593503)
neg, 0.09490985775752864, left(srz8029728048)
neg, 0.10205775805938307, left(srz27409591537)
neg, 0.33149281514983725, left(srz44248272049)
neg, 0.10205775805938307, left(srz96594926310)
neg, 0.09965842165547369, left(srz96594925797)
neg, 0.33768125175482216, left(srz2740959585)
neg, 0.338085635834678, left(srz99311014075)
neg, 0.09440773299953088, left(srz99311017087)
neg, 0.23784265859764414, left(srz44230441951)
neg, 0.43024999543214043, left(srz965661710886)
neg, 0.0887268665164327, left(srz99311018753)
neg, 0.40635621084154055, left(srz19306975)
neg, 0.11688192957054873, left(srz965949212089)
neg, 0.10429965700047668, left(srz274095911626)
neg, 0.13062912489546, left(srz274095913651)
neg, 0.09363016764644838, left(srz1930611315)
neg, 0.09340274269541389, left(srz19306676)
neg, 0.2161421357982058, left(srz193061743)
neg, 0.5379974749891667, left(srz965949211644)
neg, 0.43024999543214043, left(srz274095916096)
neg, 0.09941796035347768, left(srz27409595502)
neg, 0.10404929125716667, left(srz24618675691)
neg, 0.10747792548879284, left(srz27409598632)
neg, 0.40635621084154055, left(srz24618671678)
neg, 0.09463734954675793, left(srz246186714392)
neg, 0.33768125175482216, left(srz44230444539)
neg, 0.09609493625297909, left(srz9931101487)
neg, 0.10429965700047668, left(srz8029721942)
neg, 0.11688192957054873, left(srz4424827903)
neg, 0.10429965700047668, left(srz274095911670)
neg, 0.09340274269541389, left(srz96594924362)
neg, 0.33768125175482216, left(srz193062802)
neg, 0.09608915723563012, left(srz8029721782)
neg, 0.10747792548879284, left(srz96594928248)
neg, 0.43024999543214043, left(srz44230444518)
neg, 0.31607632861215096, left(srz8029725300)
neg, 0.36040220265655376, left(srz193066509)
neg, 0.09470362628195078, left(srz27409598845)
neg, 0.09463734954675793, left(srz19306993)
neg, 0.22014123864636012, left(srz8029723957)
neg, 0.08978074992954073, left(srz44248277488)
neg, 0.08797708080886504, left(srz44248273971)
neg, 0.08762384534061207, left(srz99311016005)
neg, 0.10747792548879284, left(srz96594928254)
neg, 0.09609493625297909, left(srz193068892)
neg, 0.22014123864636012, left(srz99311019800)
neg, 0.31607632861215096, left(srz8029724075)
neg, 0.08762384534061207, left(srz96566177911)
neg, 0.43024999543214043, left(srz44230442265)
neg, 0.31607632861215096, left(srz274095914820)
neg, 0.08762384534061207, left(srz965661712103)
neg, 0.10747792548879284, left(srz96594926579)
neg, 0.33768125175482216, left(srz965949211299)
neg, 0.34814322782325435, left(srz96594929147)
neg, 0.31607632861215096, left(srz44248274976)
neg, 0.08762384534061207, left(srz99311013844)
neg, 0.0887268665164327, left(srz44230442789)
neg, 0.11688192957054873, left(srz44230447042)
neg, 0.09224747701105376, left(srz99311015563)
neg, 0.09609493625297909, left(srz193061973)
neg, 0.08762384534061207, left(srz44248274800)
neg, 0.33768125175482216, left(srz993110110129)
neg, 0.14392251391921854, left(srz8029723550)
neg, 0.08797708080886504, left(srz96566171186)
neg, 0.40635621084154055, left(srz8029724021)
neg, 0.43024999543214043, left(srz27409591855)
neg, 0.3261986113799918, left(srz8029727763)
neg, 0.09224747701105376, left(srz193065195)
neg, 0.40635621084154055, left(srz27409593942)
neg, 0.43024999543214043, left(srz274095916579)
neg, 0.09447233311561995, left(srz44248276847)
neg, 0.0887268665164327, left(srz96594925433)
neg, 0.2522192920344088, left(srz96594929311)
neg, 0.09168441105486956, left(srz27409597751)
neg, 0.11688192957054873, left(srz8029721493)
neg, 0.10747792548879284, left(srz193069054)
neg, 0.09632821988167461, left(srz99311011708)
neg, 0.10429965700047668, left(srz27409593532)
neg, 0.43024999543214043, left(srz9931101180)
neg, 0.21531360176855996, left(srz965661713935)
neg, 0.10429965700047668, left(srz246186711103)
neg, 0.11688192957054873, left(srz965661711842)
neg, 0.338085635834678, left(srz8029729979)
neg, 0.23269372339757188, left(srz274095916010)
neg, 0.09941796035347768, left(srz96566174620)
neg, 0.0958193856345921, left(srz24618679882)
neg, 0.10429965700047668, left(srz44248271401)
neg, 0.43024999543214043, left(srz993110131)
neg, 0.08762384534061207, left(srz246186716349)
neg, 0.09965842165547369, left(srz27409597981)
neg, 0.3711736182300026, left(srz44248273228)
neg, 0.10205775805938307, left(srz993110111132)
neg, 0.09447233311561995, left(srz965661710674)
neg, 0.2522192920344088, left(srz193061427)
neg, 0.3261986113799918, left(srz99311017564)
neg, 0.338085635834678, left(srz44248277170)
neg, 0.19918329105392513, left(srz4423044846)
neg, 0.31607632861215096, left(srz246186714158)
neg, 0.11688192957054873, left(srz274095915012)
neg, 0.5379974749891667, left(srz99311013280)
neg, 0.10429965700047668, left(srz96566171512)
neg, 0.08797708080886504, left(srz246186711383)
neg, 0.09470362628195078, left(srz993110111513)
neg, 0.0887268665164327, left(srz27409597360)
neg, 0.09224747701105376, left(srz8029726203)
neg, 0.10747792548879284, left(srz993110110363)
neg, 0.21531360176855996, left(srz44230444007)
neg, 0.09965842165547369, left(srz44230446172)
neg, 0.338085635834678, left(srz8029729605)
neg, 0.40635621084154055, left(srz802972599)
neg, 0.08762384534061207, left(srz96566173718)
neg, 0.10404929125716667, left(srz246186711525)
neg, 0.08762384534061207, left(srz99311011159)
neg, 0.34855354714672426, left(srz965661712393)
neg, 0.17064270533827597, left(srz8029728225)
neg, 0.08762384534061207, left(srz193064023)
neg, 0.36040220265655376, left(srz44248273153)
neg, 0.31607632861215096, left(srz24618675216)
neg, 0.08762384534061207, left(srz96594927047)
neg, 0.4525842432755376, left(srz8029721845)
neg, 0.7077438782664071, left(srz965661711368)
neg, 0.09264665702184746, left(srz274095911083)
neg, 0.40635621084154055, left(srz193061797)
neg, 0.31607632861215096, left(srz8029729621)
neg, 0.2013793350879112, left(srz193068569)
neg, 0.09259174908264792, left(srz24618678119)
neg, 0.09463734954675793, left(srz44230441247)
neg, 0.08762384534061207, left(srz193066879)
neg, 0.21561915279098645, left(srz993110111335)
neg, 0.10747792548879284, left(srz8029726469)
neg, 0.09264665702184746, left(srz44230442588)
neg, 0.09463734954675793, left(srz44248272673)
neg, 0.3113054638003522, left(srz965661715827)
neg, 0.6928377924762232, left(srz965949210222)
neg, 0.13062912489546, left(srz274095913684)
neg, 0.23784265859764414, left(srz965949210034)
neg, 0.09608915723563012, left(srz9656617633)
neg, 0.08762384534061207, left(srz99311011092)
neg, 0.09447386570887614, left(srz99311018493)
neg, 0.09608915723563012, left(srz44248274459)
neg, 0.3331641946750168, left(srz44248271346)
neg, 0.08903291949117803, left(srz193063351)
neg, 0.09463868543959796, left(srz96594926931)
neg, 0.11688192957054873, left(srz9931101970)
neg, 0.10205775805938307, left(srz965661710427)
neg, 0.08762384534061207, left(srz965661712058)
neg, 0.0992611488082572, left(srz24618677228)
neg, 0.10747792548879284, left(srz19306224)
neg, 0.33768125175482216, left(srz8029724699)
neg, 0.10429965700047668, left(srz24618675775)
neg, 0.34855354714672426, left(srz1930612051)
neg, 0.40635621084154055, left(srz9931101787)
neg, 0.0958193856345921, left(srz99311015353)
neg, 0.338085635834678, left(srz8029726679)
neg, 0.0937508809907689, left(srz246186715733)
neg, 0.2161421357982058, left(srz44230442957)
neg, 0.10747792548879284, left(srz96594922420)
neg, 0.5006733409902656, left(srz8029725508)
neg, 0.43024999543214043, left(srz246186713649)
neg, 0.08762384534061207, left(srz2461867125)
neg, 0.10747792548879284, left(srz99311011602)
neg, 0.10747792548879284, left(srz965661714770)
neg, 0.21561915279098645, left(srz24618671254)
neg, 0.09447233311561995, left(srz96566178293)
neg, 0.0921735255964435, left(srz99311019056)
neg, 0.21561915279098645, left(srz96566176173)
neg, 0.0924723759409461, left(srz24618678219)
neg, 0.09447233311561995, left(srz4423044420)
neg, 0.09608915723563012, left(srz274095911940)
neg, 0.09264665702184746, left(srz44230442551)
neg, 0.33768125175482216, left(srz193063144)
neg, 0.10747792548879284, left(srz96594921247)
neg, 0.4525842432755376, left(srz193061676)
neg, 0.08762384534061207, left(srz1930610804)
neg, 0.10747792548879284, left(srz96594925291)
neg, 0.31607632861215096, left(srz99311018147)
neg, 0.10429965700047668, left(srz96566179395)
neg, 0.3261986113799918, left(srz802972196)
neg, 0.0937508809907689, left(srz965661714697)
neg, 0.09340274269541389, left(srz8029721996)
neg, 0.09609493625297909, left(srz993110110970)
neg, 0.09259174908264792, left(srz99311012462)
neg, 0.21561915279098645, left(srz246186716214)
neg, 0.3711736182300026, left(srz246186715862)
neg, 0.08762384534061207, left(srz193069520)
neg, 0.33768125175482216, left(srz96594922054)
neg, 0.19701951681629268, left(srz44230442327)
neg, 0.3711736182300026, left(srz4423044759)
neg, 0.09470362628195078, left(srz24618678721)
neg, 0.09264665702184746, left(srz246186710555)
neg, 0.10747792548879284, left(srz246186712412)
neg, 0.33768125175482216, left(srz193064507)
neg, 0.09941796035347768, left(srz44230442834)
neg, 0.08969631519377494, left(srz246186715467)
neg, 0.33768125175482216, left(srz193062803)
neg, 0.09224747701105376, left(srz1930610815)
neg, 0.11688192957054873, left(srz965661714069)
neg, 0.09470362628195078, left(srz44230442635)
neg, 0.33768125175482216, left(srz99311012146)
neg, 0.22014123864636012, left(srz1930610945)
neg, 0.09340274269541389, left(srz274095910217)
neg, 0.08762384534061207, left(srz4423044350)
neg, 0.08762384534061207, left(srz80297213)
neg, 0.09340274269541389, left(srz965949211678)
neg, 0.3261986113799918, left(srz802972151)
neg, 0.33768125175482216, left(srz1930611172)
neg, 0.09259174908264792, left(srz24618678226)
neg, 0.33768125175482216, left(srz246186716076)
neg, 0.10205775805938307, left(srz965661710415)
neg, 0.10429965700047668, left(srz44230447924)
neg, 0.10747792548879284, left(srz274095913336)
neg, 0.34814322782325435, left(srz27409598974)
neg, 0.31607632861215096, left(srz44248271665)
neg, 0.21561915279098645, left(srz96566176131)
neg, 0.11688192957054873, left(srz4424827850)
neg, 0.21531360176855996, left(srz246186715966)
neg, 0.43024999543214043, left(srz8029722297)
neg, 0.40635621084154055, left(srz24618678033)
neg, 0.21561915279098645, left(srz274095916141)
neg, 0.31607632861215096, left(srz965661710751)
neg, 0.11688192957054873, left(srz9931101888)
neg, 0.0887268665164327, left(srz44230445520)
neg, 0.10429965700047668, left(srz96566175133)
neg, 0.21561915279098645, left(srz99311016779)
neg, 0.08990707212312127, left(srz965949210864)
neg, 0.08762384534061207, left(srz8029724385)
neg, 0.33768125175482216, left(srz99311012152)
neg, 0.09608915723563012, left(srz27409594260)
neg, 0.09340274269541389, left(srz44230447255)
neg, 0.10429965700047668, left(srz8029728731)
neg, 0.5854559097590201, left(srz44248272975)
neg, 0.0937508809907689, left(srz8029728701)
neg, 0.21561915279098645, left(srz96566173084)
neg, 0.09608915723563012, left(srz246186710934)
neg, 0.09082282791544143, left(srz80297210284)
neg, 0.10429965700047668, left(srz274095913165)
neg, 0.09236658937799515, left(srz193069741)
neg, 0.10205775805938307, left(srz965661712272)
neg, 0.40635621084154055, left(srz99311019315)
neg, 0.31607632861215096, left(srz274095914827)
neg, 0.10747792548879284, left(srz44230441646)
neg, 0.10747792548879284, left(srz24618675083)
neg, 0.33768125175482216, left(srz802972408)
neg, 0.11688192957054873, left(srz9931101975)
neg, 0.338085635834678, left(srz99311012733)
neg, 0.10429965700047668, left(srz24618677684)
neg, 0.31607632861215096, left(srz9659492464)
neg, 0.2522192920344088, left(srz193064486)
neg, 0.09470362628195078, left(srz27409594949)
neg, 0.3261986113799918, left(srz965661712429)
neg, 0.10205775805938307, left(srz965949213905)
neg, 0.31607632861215096, left(srz99311012536)
neg, 0.33768125175482216, left(srz99311016351)
neg, 0.11688192957054873, left(srz193061325)
neg, 0.11688192957054873, left(srz96566178956)
neg, 0.43024999543214043, left(srz99311014449)
neg, 0.11688192957054873, left(srz246186714664)
neg, 0.11688192957054873, left(srz44230444266)
neg, 0.08762384534061207, left(srz99311013703)
neg, 0.34855354714672426, left(srz96566177594)
neg, 0.10429965700047668, left(srz27409593291)
neg, 0.40635621084154055, left(srz44248272725)
neg, 0.10747792548879284, left(srz27409599794)
neg, 0.43024999543214043, left(srz96566179073)
neg, 0.23784265859764414, left(srz99311017940)
neg, 0.43024999543214043, left(srz24618672268)
neg, 0.09700154491364789, left(srz8029727956)
neg, 0.11688192957054873, left(srz44230447092)
neg, 0.12280640097404143, left(srz99311017050)
neg, 0.10205775805938307, left(srz99311011270)
neg, 0.10747792548879284, left(srz8029728738)
neg, 0.09340274269541389, left(srz44230447303)
neg, 0.09264665702184746, left(srz274095911097)
neg, 0.10429965700047668, left(srz274095912717)
neg, 0.08762384534061207, left(srz96566177842)
neg, 0.09447233311561995, left(srz8029726125)
neg, 0.43024999543214043, left(srz965949212634)
neg, 0.09224747701105376, left(srz99311011345)
neg, 0.12050413854916141, left(srz80297280)
neg, 0.40635621084154055, left(srz99311014474)
neg, 0.13062912489546, left(srz96566178888)
neg, 0.2013793350879112, left(srz99311016293)
neg, 0.40635621084154055, left(srz27409592023)
neg, 0.40635621084154055, left(srz246186716752)
neg, 0.43024999543214043, left(srz8029725327)
neg, 0.28887358464003626, left(srz24618673570)
neg, 0.43024999543214043, left(srz99311011967)
neg, 0.0868824920165507, left(srz274095914171)
neg, 0.5379974749891667, left(srz965661712865)
neg, 0.23269372339757188, left(srz274095915998)
neg, 0.11688192957054873, left(srz9931101967)
neg, 0.21561915279098645, left(srz27409593834)
neg, 0.09470362628195078, left(srz2740959644)
neg, 0.31607632861215096, left(srz965661712733)
neg, 0.3711736182300026, left(srz24618675636)
neg, 0.0924723759409461, left(srz27409596932)
neg, 0.10205775805938307, left(srz99311018587)
neg, 0.31607632861215096, left(srz24618675170)
neg, 0.10429965700047668, left(srz8029722490)
neg, 0.09609493625297909, left(srz8029725099)
neg, 0.10429965700047668, left(srz27409599929)
neg, 0.09090821718191328, left(srz99311011689)
neg, 0.09224747701105376, left(srz802972179)
neg, 0.31607632861215096, left(srz4423044984)
neg, 0.33768125175482216, left(srz2740959584)
neg, 0.09700154491364789, left(srz8029727952)
neg, 0.08663205983885237, left(srz44230442494)
neg, 0.43024999543214043, left(srz193062647)
neg, 0.338085635834678, left(srz80297210635)
neg, 0.5379974749891667, left(srz193066943)
neg, 0.21561915279098645, left(srz965661715977)
neg, 0.31607632861215096, left(srz44248273851)
neg, 0.10747792548879284, left(srz193066778)
neg, 0.31607632861215096, left(srz80297210034)
neg, 0.11688192957054873, left(srz44248273515)
neg, 0.09632821988167461, left(srz965661711292)
neg, 0.21531360176855996, left(srz44230444006)
neg, 0.08958030644887138, left(srz27409592058)
neg, 0.0887268665164327, left(srz44230442801)
neg, 0.31607632861215096, left(srz965949211896)
neg, 0.10429965700047668, left(srz24618676639)
neg, 0.0992611488082572, left(srz27409598346)
neg, 0.08762384534061207, left(srz965949213857)
neg, 0.33768125175482216, left(srz9659492236)
neg, 0.2013793350879112, left(srz965661710169)
neg, 0.10747792548879284, left(srz96594925372)
neg, 0.2161421357982058, left(srz19306990)
neg, 0.0924723759409461, left(srz27409594651)
neg, 0.3331641946750168, left(srz44230444593)
neg, 0.09104766044741505, left(srz44248274030)
neg, 0.10429965700047668, left(srz8029724115)
neg, 0.33768125175482216, left(srz965661712869)
neg, 0.43024999543214043, left(srz9656617665)
neg, 0.43024999543214043, left(srz993110111715)
neg, 0.21561915279098645, left(srz44230441159)
neg, 0.08762384534061207, left(srz27409599427)
neg, 0.2522192920344088, left(srz96594929335)
neg, 0.338085635834678, left(srz965949210178)
neg, 0.09470362628195078, left(srz44230443467)
neg, 0.08978074992954073, left(srz24618671516)
neg, 0.0887268665164327, left(srz9656617347)
neg, 0.12280640097404143, left(srz8029723552)
neg, 0.40635621084154055, left(srz44230443034)
neg, 0.43024999543214043, left(srz193062839)
neg, 0.08797708080886504, left(srz96594921773)
neg, 0.31607632861215096, left(srz24618671470)
neg, 0.33768125175482216, left(srz965661713105)
neg, 0.08797708080886504, left(srz99311015423)
neg, 0.09608915723563012, left(srz27409595327)
neg, 0.09470362628195078, left(srz24618678771)
neg, 0.09965842165547369, left(srz193064369)
neg, 0.0992611488082572, left(srz27409595027)
neg, 0.43024999543214043, left(srz193065518)
neg, 0.36040220265655376, left(srz96566174386)
neg, 0.31607632861215096, left(srz274095914877)
neg, 0.08762384534061207, left(srz8029726048)
neg, 0.10429965700047668, left(srz96566174285)
neg, 0.08928961349481537, left(srz27409599680)
neg, 0.10747792548879284, left(srz27409598353)
neg, 0.0868824920165507, left(srz2740959976)
neg, 0.10747792548879284, left(srz8029729684)
neg, 0.21531360176855996, left(srz96594923913)
neg, 0.43024999543214043, left(srz274095916492)
neg, 0.10429965700047668, left(srz99311011823)
neg, 0.10429965700047668, left(srz27409597212)
neg, 0.31607632861215096, left(srz8029721165)
neg, 0.09224747701105376, left(srz99311017003)
neg, 0.09762134993398691, left(srz44248273918)
neg, 0.08928961349481537, left(srz27409594201)
neg, 0.5854559097590201, left(srz44230445177)
neg, 0.11688192957054873, left(srz96594922939)
neg, 0.34855354714672426, left(srz1930612072)
neg, 0.09470362628195078, left(srz274095911140)
neg, 0.09762134993398691, left(srz193063956)
neg, 0.33768125175482216, left(srz246186716015)
neg, 0.08762384534061207, left(srz8029729250)
neg, 0.08990707212312127, left(srz8029723751)
neg, 0.1893572335612909, left(srz193063093)
neg, 0.10747792548879284, left(srz9656617248)
neg, 0.09965842165547369, left(srz44248274117)
neg, 0.08762384534061207, left(srz4423044294)
neg, 0.33768125175482216, left(srz246186716650)
neg, 0.19918329105392513, left(srz24618672642)
neg, 0.10404929125716667, left(srz1930612147)
neg, 0.11688192957054873, left(srz965661715750)
neg, 0.10429965700047668, left(srz274095912615)
neg, 0.08762384534061207, left(srz8029729266)
neg, 0.2144317939556987, left(srz9931101131)
neg, 0.0887268665164327, left(srz274095912368)
neg, 0.09941796035347768, left(srz96594926292)
neg, 0.0887268665164327, left(srz99311018774)
neg, 0.34855354714672426, left(srz44248273217)
neg, 0.0887268665164327, left(srz44248275391)
neg, 0.08762384534061207, left(srz44248275646)
neg, 0.10404929125716667, left(srz99311018530)
neg, 0.09340274269541389, left(srz44230447306)
neg, 0.15773133899215042, left(srz96566176801)
neg, 0.11688192957054873, left(srz8029721508)
neg, 0.09762134993398691, left(srz44248271995)
neg, 0.31607632861215096, left(srz8029729623)
neg, 0.2161421357982058, left(srz8029725428)
neg, 0.09762134993398691, left(srz965661713343)
neg, 0.40635621084154055, left(srz193065274)
neg, 0.36040220265655376, left(srz44248273079)
neg, 0.09168441105486956, left(srz27409596214)
neg, 0.10747792548879284, left(srz9931101537)
neg, 0.31607632861215096, left(srz24618677397)
neg, 0.1893572335612909, left(srz965949211624)
neg, 0.33768125175482216, left(srz99311014512)
neg, 0.08990707212312127, left(srz8029727511)
neg, 0.10404929125716667, left(srz246186710462)
neg, 0.09762134993398691, left(srz965661710000)
neg, 0.10747792548879284, left(srz99311013360)
neg, 0.10429965700047668, left(srz19306756)
neg, 0.31607632861215096, left(srz96566172932)
neg, 0.08990707212312127, left(srz1930610294)
neg, 0.43024999543214043, left(srz27409592197)
neg, 0.7077438782664071, left(srz44248273836)
neg, 0.21531360176855996, left(srz96594927191)
neg, 0.21561915279098645, left(srz246186712140)
neg, 0.3261986113799918, left(srz965949213509)
neg, 0.09168441105486956, left(srz27409592894)
neg, 0.08762384534061207, left(srz4424827435)
neg, 0.338085635834678, left(srz44248271578)
neg, 0.31607632861215096, left(srz193068379)
neg, 0.31607632861215096, left(srz965949211920)
neg, 0.10747792548879284, left(srz8029723150)
neg, 0.13952275334673125, left(srz246186712358)
neg, 0.09463734954675793, left(srz96566175673)
neg, 0.10205775805938307, left(srz99311016847)
neg, 0.31607632861215096, left(srz8029725414)
neg, 0.33768125175482216, left(srz193062753)
neg, 0.33768125175482216, left(srz8029727109)
neg, 0.31607632861215096, left(srz44230444853)
neg, 0.3711736182300026, left(srz246186714519)
neg, 0.43024999543214043, left(srz193068212)
neg, 0.43024999543214043, left(srz24618671807)
neg, 0.5854559097590201, left(srz96566177096)
neg, 0.09486880485969293, left(srz44230447845)
neg, 0.10747792548879284, left(srz8029727891)
neg, 0.08762384534061207, left(srz44248275683)
neg, 0.31607632861215096, left(srz8029724080)
neg, 0.40635621084154055, left(srz96566177327)
neg, 0.2161421357982058, left(srz8029721687)
neg, 0.0992611488082572, left(srz96566175659)
neg, 0.10205775805938307, left(srz96594925229)
neg, 0.3755421821594811, left(srz96594927491)
neg, 0.36040220265655376, left(srz44230444760)
neg, 0.10747792548879284, left(srz96566178307)
neg, 0.09762134993398691, left(srz27409592228)
neg, 0.09090821718191328, left(srz96566171210)
neg, 0.0992611488082572, left(srz24618677225)
neg, 0.09016603697229966, left(srz2461867222)
neg, 0.09941796035347768, left(srz274095911789)
neg, 0.09168441105486956, left(srz965661712680)
neg, 0.22014123864636012, left(srz193065316)
neg, 0.08990707212312127, left(srz8029723639)
neg, 0.09876773435703545, left(srz24618678902)
neg, 0.08663205983885237, left(srz44230448395)
neg, 0.09340274269541389, left(srz24618679921)
neg, 0.33768125175482216, left(srz99311012032)
neg, 0.09259174908264792, left(srz44230441268)
neg, 0.31607632861215096, left(srz96566172883)
neg, 0.09608915723563012, left(srz44230441313)
neg, 0.40635621084154055, left(srz96566176686)
neg, 0.13062912489546, left(srz96566178703)
neg, 0.09941796035347768, left(srz965661774)
neg, 0.43024999543214043, left(srz44230446387)
neg, 0.11688192957054873, left(srz44248277768)
neg, 0.10747792548879284, left(srz99311011831)
neg, 0.10747792548879284, left(srz44248274177)
neg, 0.40635621084154055, left(srz96566178362)
neg, 0.11688192957054873, left(srz99311014697)
neg, 0.09259174908264792, left(srz44230446282)
neg, 0.09470362628195078, left(srz24618678708)
neg, 0.19918329105392513, left(srz24618677307)
neg, 0.36040220265655376, left(srz8029726621)
neg, 0.21531360176855996, left(srz24618671001)
neg, 0.10747792548879284, left(srz9659492824)
neg, 0.33768125175482216, left(srz246186716087)
neg, 0.33768125175482216, left(srz274095915672)
neg, 0.3261986113799918, left(srz27409599294)
neg, 0.10429965700047668, left(srz274095910859)
neg, 0.10747792548879284, left(srz965661713340)
neg, 0.12280640097404143, left(srz274095912110)
neg, 0.31607632861215096, left(srz96566176076)
neg, 0.0887268665164327, left(srz44230442722)
neg, 0.31607632861215096, left(srz24618679970)
neg, 0.08762384534061207, left(srz99311019498)
neg, 0.09463734954675793, left(srz8029726797)
neg, 0.43024999543214043, left(srz274095916077)
neg, 0.21561915279098645, left(srz8029722835)
neg, 0.09558720393374359, left(srz965661710372)
neg, 0.33768125175482216, left(srz9656617939)
neg, 0.08762384534061207, left(srz44230446676)
neg, 0.0887268665164327, left(srz44230445566)
neg, 0.08990707212312127, left(srz965949210814)
neg, 0.34855354714672426, left(srz24618677580)
neg, 0.09632821988167461, left(srz193068461)
neg, 0.33768125175482216, left(srz44230443525)
neg, 0.31607632861215096, left(srz44230447586)
neg, 0.40635621084154055, left(srz27409596754)
neg, 0.33768125175482216, left(srz44230444124)
neg, 0.09447386570887614, left(srz44230445306)
neg, 0.09470362628195078, left(srz24618678529)
neg, 0.09470362628195078, left(srz27409594934)
neg, 0.33768125175482216, left(srz965661713514)
neg, 0.09447233311561995, left(srz993110111836)
neg, 0.08762384534061207, left(srz44248275657)
neg, 0.34855354714672426, left(srz99311017229)
neg, 0.34855354714672426, left(srz965661712424)
neg, 0.09082282791544143, left(srz80297210222)
neg, 0.3261986113799918, left(srz965661712458)
neg, 0.09236658937799515, left(srz44248273729)
neg, 0.31607632861215096, left(srz99311013295)
neg, 0.10205775805938307, left(srz96594926508)
neg, 0.09447233311561995, left(srz193064086)
neg, 0.338085635834678, left(srz24618676703)
neg, 0.09762134993398691, left(srz27409592232)
neg, 0.3113054638003522, left(srz8029728515)
neg, 0.10429965700047668, left(srz27409594514)
neg, 0.21561915279098645, left(srz44248272415)
neg, 0.08762384534061207, left(srz8029726032)
neg, 0.09447233311561995, left(srz44230442826)
neg, 0.08990707212312127, left(srz8029723655)
neg, 0.11688192957054873, left(srz99311014973)
neg, 0.11688192957054873, left(srz993110111431)
neg, 0.10429965700047668, left(srz24618677081)
neg, 0.10747792548879284, left(srz44248275649)
neg, 0.23269372339757188, left(srz27409591102)
neg, 0.09340274269541389, left(srz44230444387)
neg, 0.09226005588983227, left(srz2461867197)
neg, 0.10747792548879284, left(srz802972475)
neg, 0.10205775805938307, left(srz27409597123)
neg, 0.10747792548879284, left(srz965949211386)
neg, 0.33768125175482216, left(srz193061150)
neg, 0.09129785735141506, left(srz442304469)
neg, 0.31607632861215096, left(srz193062155)
neg, 0.10429965700047668, left(srz44248271)
neg, 0.0958193856345921, left(srz44230446257)
neg, 0.33768125175482216, left(srz193064499)
neg, 0.3711736182300026, left(srz965949210560)
neg, 0.08762384534061207, left(srz96566177797)
neg, 0.3261986113799918, left(srz965949212099)
neg, 0.11688192957054873, left(srz193061343)
neg, 0.10747792548879284, left(srz19306226)
neg, 0.36040220265655376, left(srz96566174395)
neg, 0.338085635834678, left(srz8029729901)
neg, 0.09447233311561995, left(srz965661715999)
neg, 0.13952275334673125, left(srz99311015247)
neg, 0.31607632861215096, left(srz24618671396)
neg, 0.09608915723563012, left(srz27409597615)
neg, 0.34814322782325435, left(srz1930612019)
neg, 0.0887268665164327, left(srz99311018694)
neg, 0.09352319308513994, left(srz96594927426)
neg, 0.0958193856345921, left(srz193066586)
neg, 0.11688192957054873, left(srz27409599232)
neg, 0.11688192957054873, left(srz99311014994)
neg, 0.34814322782325435, left(srz96594927225)
neg, 0.10747792548879284, left(srz44230442346)
neg, 0.08762384534061207, left(srz96594927030)
neg, 0.09762134993398691, left(srz8029722475)
neg, 0.10429965700047668, left(srz246186713145)
neg, 0.08884187788696475, left(srz80297210204)
neg, 0.10747792548879284, left(srz99311013976)
neg, 0.0887268665164327, left(srz99311013121)
neg, 0.19918329105392513, left(srz1930611977)
neg, 0.10429965700047668, left(srz2461867309)
neg, 0.33768125175482216, left(srz193062232)
neg, 0.09965842165547369, left(srz96566176557)
neg, 0.08762384534061207, left(srz44248278020)
neg, 0.09082282791544143, left(srz44230445482)
neg, 0.09340274269541389, left(srz99311017192)
neg, 0.33768125175482216, left(srz24618676079)
neg, 0.11688192957054873, left(srz965661715724)
neg, 0.11688192957054873, left(srz965949212069)
neg, 0.0887268665164327, left(srz1930610520)
neg, 0.3331641946750168, left(srz44248276282)
neg, 0.09363016764644838, left(srz44230446100)
neg, 0.09463734954675793, left(srz44248272669)
neg, 0.0887268665164327, left(srz44248276784)
neg, 0.09447233311561995, left(srz274095910154)
neg, 0.3261986113799918, left(srz965661712432)
neg, 0.11688192957054873, left(srz96594929391)
neg, 0.09608915723563012, left(srz2461867817)
neg, 0.10429965700047668, left(srz274095910850)
neg, 0.09463868543959796, left(srz193067611)
neg, 0.08762384534061207, left(srz4424827391)
neg, 0.09340274269541389, left(srz965949213102)
neg, 0.09608915723563012, left(srz1930610117)
neg, 0.09490985775752864, left(srz1930610009)
neg, 0.09608915723563012, left(srz24618677213)
neg, 0.3113054638003522, left(srz193065556)
neg, 0.33768125175482216, left(srz24618671968)
neg, 0.21561915279098645, left(srz8029722847)
neg, 0.09447233311561995, left(srz96594927755)
neg, 0.11688192957054873, left(srz8029725807)
neg, 0.08762384534061207, left(srz44248277938)
neg, 0.43024999543214043, left(srz193066389)
neg, 0.0992611488082572, left(srz24618677224)
neg, 0.21561915279098645, left(srz24618677501)
neg, 0.17082060411216196, left(srz96594923836)
neg, 0.08958030644887138, left(srz99311013331)
neg, 0.40635621084154055, left(srz9931101832)
neg, 0.31607632861215096, left(srz44230442878)
neg, 0.5169565646748872, left(srz24618677045)
neg, 0.09259174908264792, left(srz193064560)
neg, 0.338085635834678, left(srz246186710353)
neg, 0.33768125175482216, left(srz9659492238)
neg, 0.08762384534061207, left(srz246186716341)
neg, 0.09259174908264792, left(srz274095914410)
neg, 0.08978074992954073, left(srz8029727819)
neg, 0.21561915279098645, left(srz24618677449)
neg, 0.08762384534061207, left(srz96566175018)
neg, 0.43024999543214043, left(srz24618672475)
neg, 0.08762384534061207, left(srz99311013820)
neg, 0.11688192957054873, left(srz193061537)
neg, 0.3113054638003522, left(srz24618672431)
neg, 0.33768125175482216, left(srz274095912531)
neg, 0.12050413854916141, left(srz993110111120)
neg, 0.31607632861215096, left(srz193065578)
neg, 0.0958193856345921, left(srz44230446091)
neg, 0.10205775805938307, left(srz96566171549)
neg, 0.09340274269541389, left(srz24618675996)
neg, 0.09259174908264792, left(srz274095917022)
neg, 0.09082282791544143, left(srz80297210291)
neg, 0.08990707212312127, left(srz44248275271)
neg, 0.4525842432755376, left(srz96594925)
neg, 0.09363016764644838, left(srz44230444699)
neg, 0.08762384534061207, left(srz44248274650)
neg, 0.08762384534061207, left(srz274095961)
neg, 0.10747792548879284, left(srz44248273951)
neg, 0.08762384534061207, left(srz44248275715)
neg, 0.0937508809907689, left(srz8029722357)
neg, 0.0937508809907689, left(srz96594921939)
neg, 0.31607632861215096, left(srz965949210455)
neg, 0.10429965700047668, left(srz993110110516)
neg, 0.09224747701105376, left(srz274095911784)
neg, 0.3331641946750168, left(srz965661713708)
neg, 0.5169565646748872, left(srz24618679672)
neg, 0.0958193856345921, left(srz19306785)
neg, 0.31607632861215096, left(srz99311019170)
neg, 0.43024999543214043, left(srz24618674172)
neg, 0.10205775805938307, left(srz24618679328)
neg, 0.43024999543214043, left(srz44248275985)
neg, 0.3755421821594811, left(srz96594928188)
neg, 0.09363016764644838, left(srz246186711204)
neg, 0.09447233311561995, left(srz99311016812)
neg, 0.34855354714672426, left(srz99311018960)
neg, 0.09259174908264792, left(srz44230446420)
neg, 0.10429965700047668, left(srz8029727160)
neg, 0.10747792548879284, left(srz193062492)
neg, 0.08762384534061207, left(srz965661712201)
neg, 0.31607632861215096, left(srz24618676847)
neg, 0.09941796035347768, left(srz193062900)
neg, 0.09608915723563012, left(srz193068334)
neg, 0.0887268665164327, left(srz44248276834)
neg, 0.40635621084154055, left(srz9931101768)
neg, 0.09259174908264792, left(srz1930611331)
neg, 0.09470362628195078, left(srz8029729008)
neg, 0.43024999543214043, left(srz8029723008)
neg, 0.09082282791544143, left(srz80297210275)
neg, 0.09264665702184746, left(srz246186710677)
neg, 0.19918329105392513, left(srz96594922757)
neg, 0.08958030644887138, left(srz193063813)
neg, 0.43024999543214043, left(srz993110112320)
neg, 0.09168441105486956, left(srz96566176695)
neg, 0.08990707212312127, left(srz193065935)
neg, 0.09762134993398691, left(srz96566179926)
neg, 0.09463868543959796, left(srz44230448357)
neg, 0.09340274269541389, left(srz24618676001)
neg, 0.0887268665164327, left(srz96566171661)
neg, 0.33768125175482216, left(srz24618671115)
neg, 0.09490985775752864, left(srz44248274563)
neg, 0.09447386570887614, left(srz96566171337)
neg, 0.09965842165547369, left(srz44248277103)
neg, 0.08762384534061207, left(srz96594926980)
neg, 0.31607632861215096, left(srz274095910571)
neg, 0.09490985775752864, left(srz8029726223)
neg, 0.08762384534061207, left(srz44230443706)
neg, 0.0887268665164327, left(srz965661710569)
neg, 0.09490985775752864, left(srz993110110615)
neg, 0.5006733409902656, left(srz96594928859)
neg, 0.40635621084154055, left(srz27409593903)
neg, 0.34855354714672426, left(srz44248273215)
neg, 0.17064270533827597, left(srz44248277688)
neg, 0.09259174908264792, left(srz24618678179)
neg, 0.09363016764644838, left(srz96566175290)
neg, 0.33768125175482216, left(srz27409596702)
neg, 0.0887268665164327, left(srz8029727536)
neg, 0.09755325131303125, left(srz96566178110)
neg, 0.36040220265655376, left(srz96566174392)
neg, 0.09676680526555598, left(srz44248276437)
neg, 0.43024999543214043, left(srz24618674626)
neg, 0.09463868543959796, left(srz193063471)
neg, 0.0887268665164327, left(srz965661710653)
neg, 0.09609493625297909, left(srz44230447968)
neg, 0.08762384534061207, left(srz8029724483)
neg, 0.09236658937799515, left(srz8029723523)
neg, 0.31607632861215096, left(srz24618675212)
neg, 0.09608915723563012, left(srz44248271376)
neg, 0.08762384534061207, left(srz99311011148)
neg, 0.10429965700047668, left(srz24618678658)
neg, 0.10205775805938307, left(srz96566171412)
neg, 0.10747792548879284, left(srz274095910084)
neg, 0.19918329105392513, left(srz24618672645)
neg, 0.40635621084154055, left(srz274095916519)
neg, 0.13952275334673125, left(srz24618675125)
neg, 0.10747792548879284, left(srz24618676651)
neg, 0.10747792548879284, left(srz44230448141)
neg, 0.09470362628195078, left(srz44230442615)
neg, 0.09447233311561995, left(srz99311016131)
neg, 0.10747792548879284, left(srz96594926593)
neg, 0.33768125175482216, left(srz27409593552)
neg, 0.09632821988167461, left(srz44230442997)
neg, 0.09264665702184746, left(srz44248278178)
neg, 0.10747792548879284, left(srz99311015779)
neg, 0.09168441105486956, left(srz8029722091)
neg, 0.09965842165547369, left(srz19306245)
neg, 0.09224747701105376, left(srz802972177)
neg, 0.40635621084154055, left(srz19306974)
neg, 0.08903291949117803, left(srz44230447450)
neg, 0.21531360176855996, left(srz96594924049)
neg, 0.08928961349481537, left(srz96594928944)
neg, 0.10747792548879284, left(srz99311018300)
neg, 0.21561915279098645, left(srz96594929461)
neg, 0.338085635834678, left(srz8029729912)
neg, 0.10429965700047668, left(srz96566171528)
neg, 0.5854559097590201, left(srz4424827553)
neg, 0.31607632861215096, left(srz44230446155)
neg, 0.09129785735141506, left(srz193061061)
neg, 0.10747792548879284, left(srz9656617296)
neg, 0.08762384534061207, left(srz96566173611)
neg, 0.43024999543214043, left(srz8029728474)
neg, 0.31607632861215096, left(srz24618677368)
neg, 0.09340274269541389, left(srz193061051)
neg, 0.09463868543959796, left(srz993110111783)
neg, 0.08762384534061207, left(srz193069451)
neg, 0.21561915279098645, left(srz27409593890)
neg, 0.08762384534061207, left(srz8029724428)
neg, 0.09340274269541389, left(srz246186715257)
neg, 0.0887268665164327, left(srz44248275300)
neg, 0.33768125175482216, left(srz44248271297)
neg, 0.33768125175482216, left(srz99311019237)
neg, 0.43024999543214043, left(srz8029726333)
neg, 0.10429965700047668, left(srz44230443167)
neg, 0.10429965700047668, left(srz24618674732)
neg, 0.09090821718191328, left(srz96566171208)
neg, 0.08969631519377494, left(srz44230445032)
neg, 0.10205775805938307, left(srz246186713223)
neg, 0.5006733409902656, left(srz44248273175)
neg, 0.5006733409902656, left(srz96594928863)
neg, 0.33768125175482216, left(srz965949211619)
neg, 0.10429965700047668, left(srz24618674570)
neg, 0.0887268665164327, left(srz1930610492)
neg, 0.09608915723563012, left(srz246186715667)
neg, 0.6370360364783444, left(srz27409595582)
neg, 0.43024999543214043, left(srz96566176835)
neg, 0.10747792548879284, left(srz24618674936)
neg, 0.40635621084154055, left(srz1930626)
neg, 0.13952275334673125, left(srz246186710972)
neg, 0.10205775805938307, left(srz24618679586)
neg, 0.08762384534061207, left(srz274095912423)
neg, 0.19918329105392513, left(srz96566172833)
neg, 0.10747792548879284, left(srz99311019296)
neg, 0.08958030644887138, left(srz27409592038)
neg, 0.40635621084154055, left(srz96594926141)
neg, 0.36040220265655376, left(srz965949214198)
neg, 0.40635621084154055, left(srz8029728611)
neg, 0.31607632861215096, left(srz193062578)
neg, 0.0868824920165507, left(srz965661710270)
neg, 0.33768125175482216, left(srz27409596713)
neg, 0.09041152568594854, left(srz99311015400)
neg, 0.33768125175482216, left(srz27409592381)
neg, 0.08762384534061207, left(srz44230441760)
neg, 0.5854559097590201, left(srz44230443265)
neg, 0.09264665702184746, left(srz44230442537)
neg, 0.08762384534061207, left(srz965949213879)
neg, 0.10747792548879284, left(srz44230445001)
neg, 0.09632821988167461, left(srz193068410)
neg, 0.43024999543214043, left(srz44230441500)
neg, 0.10429965700047668, left(srz8029727155)
neg, 0.34814322782325435, left(srz965661712289)
neg, 0.34855354714672426, left(srz8029722594)
neg, 0.43024999543214043, left(srz8029722533)
neg, 0.2013793350879112, left(srz274095911362)
neg, 0.0887268665164327, left(srz193063635)
neg, 0.43024999543214043, left(srz24618672492)
neg, 0.3113054638003522, left(srz8029721418)
neg, 0.10429965700047668, left(srz96566179127)
neg, 0.0924723759409461, left(srz99311019759)
neg, 0.08958030644887138, left(srz96594925650)
neg, 0.09941796035347768, left(srz27409595498)
neg, 0.2144317939556987, left(srz246186713428)
neg, 0.09463868543959796, left(srz99311011407)
neg, 0.6370360364783444, left(srz96566173554)
neg, 0.10429965700047668, left(srz993110111077)
neg, 0.09129785735141506, left(srz193069317)
neg, 0.3261986113799918, left(srz965661712469)
neg, 0.09041152568594854, left(srz8029728092)
neg, 0.09398249492320182, left(srz96566177714)
neg, 0.2521930902644402, left(srz96566178796)
neg, 0.33768125175482216, left(srz24618671046)
neg, 0.21531360176855996, left(srz193061659)
neg, 0.4525842432755376, left(srz193063764)
neg, 0.3113054638003522, left(srz8029721425)
neg, 0.09941796035347768, left(srz8029727909)
neg, 0.1893572335612909, left(srz193065463)
neg, 0.09224747701105376, left(srz44248272583)
neg, 0.28887358464003626, left(srz96594922520)
neg, 0.33768125175482216, left(srz44248271769)
neg, 0.11688192957054873, left(srz44248277629)
neg, 0.09224747701105376, left(srz44248278210)
neg, 0.11688192957054873, left(srz246186714841)
neg, 0.09470362628195078, left(srz27409594903)
neg, 0.09700154491364789, left(srz96594925790)
neg, 0.11688192957054873, left(srz965661714017)
neg, 0.33768125175482216, left(srz274095917239)
neg, 0.43024999543214043, left(srz24618672254)
neg, 0.09463868543959796, left(srz44230441917)
neg, 0.10404929125716667, left(srz965949210726)
neg, 0.0887268665164327, left(srz99311018730)
neg, 0.08968652267371456, left(srz965949212915)
neg, 0.43024999543214043, left(srz24618672443)
neg, 0.34814322782325435, left(srz802972201)
neg, 0.09340274269541389, left(srz9931101254)
neg, 0.09490985775752864, left(srz44230441272)
neg, 0.0924723759409461, left(srz96594923441)
neg, 0.13062912489546, left(srz96566178758)
neg, 0.31607632861215096, left(srz96566172952)
neg, 0.09632821988167461, left(srz8029722494)
neg, 0.40635621084154055, left(srz193068210)
neg, 0.43024999543214043, left(srz8029729557)
neg, 0.40635621084154055, left(srz274095916524)
neg, 0.0887268665164327, left(srz99311013161)
neg, 0.0887268665164327, left(srz965949210954)
neg, 0.10205775805938307, left(srz96594925240)
neg, 0.2144317939556987, left(srz44230447797)
neg, 0.6370360364783444, left(srz96566177217)
neg, 0.10747792548879284, left(srz1930610930)
neg, 0.08762384534061207, left(srz965661714264)
neg, 0.09340274269541389, left(srz99311014655)
neg, 0.10747792548879284, left(srz96594925305)
neg, 0.09398249492320182, left(srz4423044107)
neg, 0.338085635834678, left(srz8029725259)
neg, 0.09965842165547369, left(srz19306240)
neg, 0.36040220265655376, left(srz8029725229)
neg, 0.11688192957054873, left(srz44248273277)
neg, 0.11688192957054873, left(srz965661711841)
neg, 0.2521930902644402, left(srz96566176896)
neg, 0.33768125175482216, left(srz9659492229)
neg, 0.09632821988167461, left(srz193068697)
neg, 0.43024999543214043, left(srz965949212578)
neg, 0.31607632861215096, left(srz27409592380)
neg, 0.11688192957054873, left(srz99311016667)
neg, 0.31607632861215096, left(srz193065572)
neg, 0.09490985775752864, left(srz44248274560)
neg, 0.08762384534061207, left(srz44230443805)
neg, 0.0928333463018143, left(srz96594922192)
neg, 0.0887268665164327, left(srz193067917)
neg, 0.09762134993398691, left(srz8029722481)
neg, 0.10429965700047668, left(srz24618674735)
neg, 0.09168441105486956, left(srz27409592917)
neg, 0.09168441105486956, left(srz24618671690)
neg, 0.09463868543959796, left(srz1930610206)
neg, 0.36040220265655376, left(srz8029728189)
neg, 0.0992611488082572, left(srz44230441330)
neg, 0.31607632861215096, left(srz96566176046)
neg, 0.08990707212312127, left(srz965949210789)
neg, 0.19918329105392513, left(srz274095914767)
neg, 0.33768125175482216, left(srz274095915649)
neg, 0.10429965700047668, left(srz965661712995)
neg, 0.5379974749891667, left(srz1930611391)
neg, 0.09447233311561995, left(srz8029729191)
neg, 0.09762134993398691, left(srz993110110847)
neg, 0.11688192957054873, left(srz44230447131)
neg, 0.08762384534061207, left(srz99311019566)
neg, 0.09656552271795196, left(srz99311019060)
neg, 0.0887268665164327, left(srz193067847)
neg, 0.09104766044741505, left(srz8029729870)
neg, 0.10404929125716667, left(srz24618679072)
neg, 0.09608915723563012, left(srz27409594231)
neg, 0.09470362628195078, left(srz99311018070)
neg, 0.31607632861215096, left(srz8029721158)
neg, 0.43024999543214043, left(srz44230444351)
neg, 0.10747792548879284, left(srz27409598555)
neg, 0.11688192957054873, left(srz44230446835)
neg, 0.09264665702184746, left(srz44248278168)
neg, 0.08762384534061207, left(srz8029724397)
neg, 0.11688192957054873, left(srz44230444224)
neg, 0.40635621084154055, left(srz27409592007)
neg, 0.08762384534061207, left(srz965661714198)
neg, 0.09609493625297909, left(srz96566177529)
neg, 0.10747792548879284, left(srz9659492656)
neg, 0.09355835621005208, left(srz44230447454)
neg, 0.10429965700047668, left(srz9931101392)
neg, 0.21561915279098645, left(srz24618672787)
neg, 0.08762384534061207, left(srz44248278130)
neg, 0.33768125175482216, left(srz44248271555)
neg, 0.08762384534061207, left(srz2461867102)
neg, 0.0937508809907689, left(srz965949210331)
neg, 0.19323985915953887, left(srz965661710280)
neg, 0.08762384534061207, left(srz99311011221)
neg, 0.10404929125716667, left(srz24618675673)
neg, 0.10205775805938307, left(srz274095912141)
neg, 0.0868824920165507, left(srz96566176723)
neg, 0.40635621084154055, left(srz44248275898)
neg, 0.10404929125716667, left(srz274095913508)
neg, 0.40635621084154055, left(srz8029726352)
neg, 0.13062912489546, left(srz96566178788)
neg, 0.3113054638003522, left(srz246186711756)
neg, 0.21561915279098645, left(srz193061592)
neg, 0.31607632861215096, left(srz8029726393)
neg, 0.08762384534061207, left(srz193063927)
neg, 0.31607632861215096, left(srz24618678076)
neg, 0.09340274269541389, left(srz193065598)
neg, 0.5379974749891667, left(srz96594928268)
neg, 0.11688192957054873, left(srz8029725820)
neg, 0.08762384534061207, left(srz8029726105)
neg, 0.09082282791544143, left(srz27409596520)
neg, 0.08969631519377494, left(srz2740959751)
neg, 0.11688192957054873, left(srz965661711825)
neg, 0.31607632861215096, left(srz8029722173)
neg, 0.14392251391921854, left(srz96566173161)
neg, 0.31607632861215096, left(srz24618674461)
neg, 0.10747792548879284, left(srz99311015236)
neg, 0.08762384534061207, left(srz99311011094)
neg, 0.21561915279098645, left(srz246186716176)
neg, 0.19918329105392513, left(srz96566176103)
neg, 0.10429965700047668, left(srz9659492319)
neg, 0.08928961349481537, left(srz2461867174)
neg, 0.10205775805938307, left(srz246186713074)
neg, 0.43024999543214043, left(srz27409591215)
neg, 0.10205775805938307, left(srz96594927781)
neg, 0.11688192957054873, left(srz246186714666)
neg, 0.10429965700047668, left(srz27409597195)
neg, 0.43024999543214043, left(srz24618673421)
neg, 0.10205775805938307, left(srz96566174760)
neg, 0.10747792548879284, left(srz274095910048)
neg, 0.31607632861215096, left(srz80297210733)
neg, 0.31607632861215096, left(srz246186712557)
neg, 0.11688192957054873, left(srz99311014778)
neg, 0.31607632861215096, left(srz96594929064)
neg, 0.21561915279098645, left(srz96566173088)
neg, 0.09965842165547369, left(srz19306255)
neg, 0.21531360176855996, left(srz965661713942)
neg, 0.34814322782325435, left(srz96594927234)
neg, 0.33768125175482216, left(srz27409594864)
neg, 0.08978074992954073, left(srz96566178020)
neg, 0.40635621084154055, left(srz96566171967)
neg, 0.5854559097590201, left(srz96566171765)
neg, 0.08958030644887138, left(srz99311013330)
neg, 0.5379974749891667, left(srz9659492221)
neg, 0.08762384534061207, left(srz44248278121)
neg, 0.08762384534061207, left(srz246186716412)
neg, 0.10404929125716667, left(srz24618679074)
neg, 0.33768125175482216, left(srz99311014175)
neg, 0.36040220265655376, left(srz8029729988)
neg, 0.10747792548879284, left(srz4423044508)
neg, 0.3261986113799918, left(srz44230444306)
neg, 0.08762384534061207, left(srz2461867152)
neg, 0.08762384534061207, left(srz96566173806)
neg, 0.09363016764644838, left(srz246186711220)
neg, 0.37416594167486705, left(srz246186714174)
neg, 0.36040220265655376, left(srz24618675041)
neg, 0.21561915279098645, left(srz24618672839)
neg, 0.08762384534061207, left(srz246186716488)
neg, 0.19918329105392513, left(srz1930611833)
neg, 0.09259174908264792, left(srz9656617772)
neg, 0.33768125175482216, left(srz802972524)
neg, 0.10429965700047668, left(srz2740959812)
neg, 0.11688192957054873, left(srz99311016506)
neg, 0.09016603697229966, left(srz193068058)
neg, 0.10404929125716667, left(srz96594929638)
neg, 0.10429965700047668, left(srz27409596954)
neg, 0.43024999543214043, left(srz27409594840)
neg, 0.43024999543214043, left(srz4424827127)
neg, 0.0887268665164327, left(srz44248276787)
neg, 0.33768125175482216, left(srz96566177040)
neg, 0.5169565646748872, left(srz24618677640)
neg, 0.09224747701105376, left(srz965949211462)
neg, 0.09608915723563012, left(srz965949210047)
neg, 0.09016603697229966, left(srz44248274440)
neg, 0.21561915279098645, left(srz27409593870)
neg, 0.31607632861215096, left(srz193064237)
neg, 0.40635621084154055, left(srz193069285)
neg, 0.33768125175482216, left(srz44248271642)
neg, 0.3261986113799918, left(srz9931101985)
neg, 0.10747792548879284, left(srz99311015775)
neg, 0.11688192957054873, left(srz99311014769)
neg, 0.31607632861215096, left(srz246186710023)
neg, 0.43024999543214043, left(srz96566179101)
neg, 0.2161421357982058, left(srz99311016267)
neg, 0.3261986113799918, left(srz27409599338)
neg, 0.5854559097590201, left(srz965661715042)
neg, 0.43024999543214043, left(srz4424827763)
neg, 0.40635621084154055, left(srz44230444378)
neg, 0.10747792548879284, left(srz9931101422)
neg, 0.09352319308513994, left(srz44230445228)
neg, 0.43024999543214043, left(srz274095916064)
neg, 0.09264665702184746, left(srz27409595680)
neg, 0.31607632861215096, left(srz193062243)
neg, 0.08762384534061207, left(srz8029729276)
neg, 0.08762384534061207, left(srz193069357)
neg, 0.5006733409902656, left(srz8029725513)
neg, 0.09129785735141506, left(srz44248276701)
neg, 0.08762384534061207, left(srz193069408)
neg, 0.08762384534061207, left(srz1930612263)
neg, 0.21561915279098645, left(srz1930611904)
neg, 0.33768125175482216, left(srz96566177042)
neg, 0.21561915279098645, left(srz44230441110)
neg, 0.11688192957054873, left(srz246186711943)
neg, 0.2522192920344088, left(srz246186714767)
neg, 0.31607632861215096, left(srz8029724796)
neg, 0.23269372339757188, left(srz4424827804)
neg, 0.08762384534061207, left(srz193064992)
neg, 0.19701951681629268, left(srz8029726372)
neg, 0.09608915723563012, left(srz44248274464)
neg, 0.09041152568594854, left(srz96566178201)
neg, 0.09490985775752864, left(srz80297210585)
neg, 0.43024999543214043, left(srz274095910541)
neg, 0.08762384534061207, left(srz44248274604)
neg, 0.08762384534061207, left(srz44230443680)
neg, 0.338085635834678, left(srz965949210169)
neg, 0.21561915279098645, left(srz99311016776)
neg, 0.08762384534061207, left(srz96594927600)
neg, 0.10747792548879284, left(srz44230441861)
neg, 0.5379974749891667, left(srz9659492887)
neg, 0.0937508809907689, left(srz8029723192)
neg, 0.33768125175482216, left(srz44230444103)
neg, 0.33768125175482216, left(srz8029722759)
neg, 0.10429965700047668, left(srz2740959822)
neg, 0.09470362628195078, left(srz27409595713)
neg, 0.08762384534061207, left(srz27409599469)
neg, 0.23269372339757188, left(srz27409591047)
neg, 0.43024999543214043, left(srz274095915135)
neg, 0.43024999543214043, left(srz24618674208)
neg, 0.10747792548879284, left(srz8029726813)
neg, 0.33768125175482216, left(srz27409592385)
neg, 0.10747792548879284, left(srz44248272934)
neg, 0.08762384534061207, left(srz8029729152)
neg, 0.5854559097590201, left(srz246186715838)
neg, 0.09762134993398691, left(srz2740959996)
neg, 0.0992611488082572, left(srz96566173874)
neg, 0.43024999543214043, left(srz99311011965)
neg, 0.10747792548879284, left(srz24618678923)
neg, 0.09090821718191328, left(srz96566174253)
neg, 0.31607632861215096, left(srz4423044953)
neg, 0.10205775805938307, left(srz96594921208)
neg, 0.0887268665164327, left(srz8029723905)
neg, 0.10747792548879284, left(srz2740959384)
neg, 0.10205775805938307, left(srz24618675708)
neg, 0.31607632861215096, left(srz965661710256)
neg, 0.21531360176855996, left(srz274095911080)
neg, 0.5854559097590201, left(srz44248277139)
neg, 0.09463868543959796, left(srz1930610223)
neg, 0.0992611488082572, left(srz96566174267)
neg, 0.10747792548879284, left(srz9931101412)
neg, 0.31607632861215096, left(srz8029724087)
neg, 0.43024999543214043, left(srz27409594775)
neg, 0.6928377924762232, left(srz24618676701)
neg, 0.33768125175482216, left(srz44248276295)
neg, 0.10429965700047668, left(srz246186715550)
neg, 0.21561915279098645, left(srz965949211971)
neg, 0.338085635834678, left(srz99311017980)
neg, 0.0992611488082572, left(srz96566179059)
neg, 0.33768125175482216, left(srz993110111962)
neg, 0.10747792548879284, left(srz99311019540)
neg, 0.0887268665164327, left(srz274095912331)
neg, 0.3113054638003522, left(srz99311016638)
neg, 0.08990707212312127, left(srz965949210849)
neg, 0.08958030644887138, left(srz44230447521)
neg, 0.09762134993398691, left(srz44230448204)
neg, 0.10205775805938307, left(srz246186713221)
neg, 0.40635621084154055, left(srz99311015522)
neg, 0.3113054638003522, left(srz44248274887)
neg, 0.34855354714672426, left(srz965949213236)
neg, 0.5379974749891667, left(srz96566178348)
neg, 0.33768125175482216, left(srz802972222)
neg, 0.21561915279098645, left(srz27409591481)
neg, 0.09363016764644838, left(srz9659492303)
neg, 0.08762384534061207, left(srz965949213832)
neg, 0.10271147823357023, left(srz44230442353)
neg, 0.31607632861215096, left(srz44230445115)
neg, 0.08762384534061207, left(srz8029724490)
neg, 0.0887268665164327, left(srz99311018806)
neg, 0.11688192957054873, left(srz965661715764)
neg, 0.3261986113799918, left(srz965949213508)
neg, 0.08762384534061207, left(srz44230441613)
neg, 0.10429965700047668, left(srz274095911642)
neg, 0.11688192957054873, left(srz96594924165)
neg, 0.43024999543214043, left(srz24618677893)
neg, 0.10404929125716667, left(srz246186714546)
neg, 0.36040220265655376, left(srz96566174393)
neg, 0.7077438782664071, left(srz246186712969)
neg, 0.19918329105392513, left(srz96566172821)
neg, 0.09224747701105376, left(srz1930610884)
neg, 0.338085635834678, left(srz993110112338)
neg, 0.09470362628195078, left(srz2461867758)
neg, 0.11688192957054873, left(srz44230444281)
neg, 0.10404929125716667, left(srz24618679076)
neg, 0.09545126812388274, left(srz193068287)
neg, 0.28887358464003626, left(srz24618673577)
neg, 0.31607632861215096, left(srz965661713260)
neg, 0.0958193856345921, left(srz8029723201)
neg, 0.19918329105392513, left(srz96594922753)
neg, 0.08762384534061207, left(srz80297210441)
neg, 0.31607632861215096, left(srz246186717005)
neg, 0.08762384534061207, left(srz965661712215)
neg, 0.5854559097590201, left(srz4424827554)
neg, 0.31607632861215096, left(srz96566172642)
neg, 0.08762384534061207, left(srz99311011112)
neg, 0.09363016764644838, left(srz44230448098)
neg, 0.40635621084154055, left(srz44248277396)
neg, 0.43024999543214043, left(srz44248276234)
neg, 0.08928961349481537, left(srz44248278269)
neg, 0.09762134993398691, left(srz274095914570)
neg, 0.21531360176855996, left(srz2461867963)
neg, 0.19918329105392513, left(srz965949211822)
neg, 0.36040220265655376, left(srz965661711162)
neg, 0.08762384534061207, left(srz96594926969)
neg, 0.19918329105392513, left(srz965949211760)
neg, 0.13062912489546, left(srz274095913650)
neg, 0.3113054638003522, left(srz246186711824)
neg, 0.43024999543214043, left(srz193068007)
neg, 0.08990707212312127, left(srz193063483)
neg, 0.21561915279098645, left(srz246186712015)
neg, 0.0887268665164327, left(srz27409595829)
neg, 0.09965842165547369, left(srz27409597983)
neg, 0.21561915279098645, left(srz246186716179)
neg, 0.11688192957054873, left(srz44230444189)
neg, 0.08762384534061207, left(srz96594928618)
neg, 0.08762384534061207, left(srz274095993)
neg, 0.31607632861215096, left(srz1930611774)
neg, 0.23784265859764414, left(srz4423044588)
neg, 0.21531360176855996, left(srz246186715908)
neg, 0.33768125175482216, left(srz24618671417)
neg, 0.08762384534061207, left(srz1930612231)
neg, 0.08762384534061207, left(srz1930612308)
neg, 0.10205775805938307, left(srz24618675709)
neg, 0.338085635834678, left(srz802972799)
neg, 0.09762134993398691, left(srz96566174324)
neg, 0.31607632861215096, left(srz965661711244)
neg, 0.21561915279098645, left(srz246186716112)
neg, 0.21561915279098645, left(srz24618671153)
neg, 0.08762384534061207, left(srz4424827447)
neg, 0.10205775805938307, left(srz96566171413)
neg, 0.21561915279098645, left(srz965949211978)
neg, 0.7077438782664071, left(srz96594928325)
neg, 0.08762384534061207, left(srz99311019617)
neg, 0.31607632861215096, left(srz24618679980)
neg, 0.33768125175482216, left(srz4423044137)
neg, 0.40635621084154055, left(srz8029726951)
neg, 0.43024999543214043, left(srz96594922437)
neg, 0.10747792548879284, left(srz99311018643)
neg, 0.338085635834678, left(srz80297210656)
neg, 0.33768125175482216, left(srz193062630)
neg, 0.2522192920344088, left(srz965661711706)
neg, 0.09941796035347768, left(srz44230442466)
neg, 0.43024999543214043, left(srz27409591220)
neg, 0.40635621084154055, left(srz274095914259)
neg, 0.0887268665164327, left(srz9656617418)
neg, 0.0992611488082572, left(srz8029721241)
neg, 0.08762384534061207, left(srz44248275611)
neg, 0.09665573712869013, left(srz96566176857)
neg, 0.19274757238389273, left(srz96594926397)
neg, 0.19323985915953887, left(srz44230445926)
neg, 0.09608915723563012, left(srz4423044157)
neg, 0.10747792548879284, left(srz19306219)
neg, 0.08978074992954073, left(srz96594924588)
neg, 0.09664238502780229, left(srz44248273966)
neg, 0.09082282791544143, left(srz80297210235)
neg, 0.43024999543214043, left(srz24618672482)
neg, 0.10429965700047668, left(srz44230443159)
neg, 0.21561915279098645, left(srz9931101850)
neg, 0.08762384534061207, left(srz246186713328)
neg, 0.11688192957054873, left(srz99311014911)
neg, 0.10429965700047668, left(srz274095916871)
neg, 0.10404929125716667, left(srz246186711556)
neg, 0.10205775805938307, left(srz96594925237)
neg, 0.0992611488082572, left(srz24618672562)
neg, 0.33768125175482216, left(srz99311019450)
neg, 0.11688192957054873, left(srz96594929383)
neg, 0.10205775805938307, left(srz9656617173)
neg, 0.08762384534061207, left(srz44230443713)
neg, 0.10747792548879284, left(srz19306810)
neg, 0.36040220265655376, left(srz44248271589)
neg, 0.11688192957054873, left(srz27409599201)
neg, 0.10404929125716667, left(srz4424827986)
neg, 0.2161421357982058, left(srz193063228)
neg, 0.08762384534061207, left(srz24618672382)
neg, 0.43024999543214043, left(srz99311012666)
neg, 0.08762384534061207, left(srz96566175043)
neg, 0.10747792548879284, left(srz8029727165)
neg, 0.10429965700047668, left(srz274095915775)
neg, 0.0887268665164327, left(srz96594925493)
neg, 0.33768125175482216, left(srz96566177038)
neg, 0.10747792548879284, left(srz96566179631)
neg, 0.0887268665164327, left(srz965949210903)
neg, 0.31607632861215096, left(srz99311018238)
neg, 0.09762134993398691, left(srz246186710588)
neg, 0.095140567258244, left(srz44248271929)
neg, 0.3331641946750168, left(srz96594929150)
neg, 0.10429965700047668, left(srz27409596112)
neg, 0.10747792548879284, left(srz246186712896)
neg, 0.21561915279098645, left(srz24618671224)
neg, 0.33768125175482216, left(srz9656617543)
neg, 0.3113054638003522, left(srz99311016636)
neg, 0.09463734954675793, left(srz9931101358)
neg, 0.43024999543214043, left(srz965949226)
neg, 0.09608915723563012, left(srz24618674515)
neg, 0.08958030644887138, left(srz2740959803)
neg, 0.08762384534061207, left(srz246186710809)
neg, 0.21561915279098645, left(srz993110111341)
neg, 0.11688192957054873, left(srz44248273303)
neg, 0.09193959798893422, left(srz96566177780)
neg, 0.33768125175482216, left(srz8029723050)
neg, 0.43024999543214043, left(srz274095912778)
neg, 0.11688192957054873, left(srz44230444225)
neg, 0.33768125175482216, left(srz99311013698)
neg, 0.33768125175482216, left(srz44230443156)
neg, 0.31607632861215096, left(srz4423044975)
neg, 0.34855354714672426, left(srz4424827953)
neg, 0.2522192920344088, left(srz96594929369)
neg, 0.3113054638003522, left(srz246186711802)
neg, 0.43024999543214043, left(srz44230444926)
neg, 0.09941796035347768, left(srz44248278250)
neg, 0.09490985775752864, left(srz80297210584)
neg, 0.08762384534061207, left(srz4424827511)
neg, 0.09608915723563012, left(srz96594926355)
neg, 0.338085635834678, left(srz274095910326)
neg, 0.09340274269541389, left(srz19306857)
neg, 0.5379974749891667, left(srz80297210615)
neg, 0.0887268665164327, left(srz96594921440)
neg, 0.2605058195600784, left(srz99311018989)
neg, 0.09965842165547369, left(srz44248274156)
neg, 0.34814322782325435, left(srz96594927232)
neg, 0.33768125175482216, left(srz802972401)
neg, 0.09041152568594854, left(srz965661711557)
neg, 0.33768125175482216, left(srz44248276262)
neg, 0.33768125175482216, left(srz193062814)
neg, 0.09463868543959796, left(srz44230442316)
neg, 0.31607632861215096, left(srz96594928288)
neg, 0.40635621084154055, left(srz965661710954)
neg, 0.09632821988167461, left(srz246186710378)
neg, 0.33768125175482216, left(srz246186714456)
neg, 0.08990707212312127, left(srz99311011623)
neg, 0.0937508809907689, left(srz8029729696)
neg, 0.10429965700047668, left(srz1930611442)
neg, 0.08762384534061207, left(srz2461867116)
neg, 0.08990707212312127, left(srz8029727390)
neg, 0.08762384534061207, left(srz193064048)
neg, 0.08762384534061207, left(srz27409599535)
neg, 0.09608915723563012, left(srz96594922156)
neg, 0.2521930902644402, left(srz96566178852)
neg, 0.10747792548879284, left(srz24618677092)
neg, 0.10429965700047668, left(srz8029729688)
neg, 0.33768125175482216, left(srz193065507)
neg, 0.10429965700047668, left(srz274095914110)
neg, 0.0868824920165507, left(srz193064640)
neg, 0.10429965700047668, left(srz8029723339)
neg, 0.33768125175482216, left(srz193063111)
neg, 0.10747792548879284, left(srz993110110439)
neg, 0.09129785735141506, left(srz193069327)
neg, 0.10747792548879284, left(srz274095915438)
neg, 0.0887268665164327, left(srz27409595838)
neg, 0.09447386570887614, left(srz44248276484)
neg, 0.08958030644887138, left(srz27409592059)
neg, 0.31607632861215096, left(srz24618671454)
neg, 0.09463734954675793, left(srz24618679862)
neg, 0.08762384534061207, left(srz44230441770)
neg, 0.09470362628195078, left(srz246186711483)
neg, 0.09762134993398691, left(srz8029728417)
neg, 0.33768125175482216, left(srz246186717079)
neg, 0.10747792548879284, left(srz27409598617)
neg, 0.40635621084154055, left(srz99311015107)
neg, 0.40635621084154055, left(srz274095911713)
neg, 0.2161421357982058, left(srz8029723392)
neg, 0.08762384534061207, left(srz44248275636)
neg, 0.09470362628195078, left(srz44230447368)
neg, 0.13952275334673125, left(srz24618673352)
neg, 0.10205775805938307, left(srz27409597169)
neg, 0.09463734954675793, left(srz24618673267)
neg, 0.4525842432755376, left(srz44230441950)
neg, 0.09016603697229966, left(srz27409593198)
neg, 0.33186072259198907, left(srz193061818)
neg, 0.33768125175482216, left(srz965661710917)
neg, 0.13952275334673125, left(srz9659492634)
neg, 0.08762384534061207, left(srz965949212685)
neg, 0.5854559097590201, left(srz193067964)
neg, 0.08762384534061207, left(srz8029729287)
neg, 0.34855354714672426, left(srz99311016432)
neg, 0.09609493625297909, left(srz19306865)
neg, 0.09700154491364789, left(srz802972849)
neg, 0.33768125175482216, left(srz27409598766)
neg, 0.40635621084154055, left(srz24618673173)
neg, 0.33768125175482216, left(srz274095915640)
neg, 0.09090821718191328, left(srz44248276050)
neg, 0.09463734954675793, left(srz24618673289)
neg, 0.0887268665164327, left(srz96566171578)
neg, 0.3113054638003522, left(srz965949211225)
neg, 0.09463868543959796, left(srz193067235)
neg, 0.13062912489546, left(srz96566178739)
neg, 0.31607632861215096, left(srz965949211875)
neg, 0.09090821718191328, left(srz96566178665)
neg, 0.33768125175482216, left(srz4424827120)
neg, 0.10404929125716667, left(srz965661710304)
neg, 0.23269372339757188, left(srz4424827640)
neg, 0.09941796035347768, left(srz99311019372)
neg, 0.10747792548879284, left(srz27409597794)
neg, 0.43024999543214043, left(srz27409594408)
neg, 0.10429965700047668, left(srz246186715532)
neg, 0.09016603697229966, left(srz44248273666)
neg, 0.09941796035347768, left(srz44248273896)
neg, 0.12280640097404143, left(srz1930610151)
neg, 0.10404929125716667, left(srz965949213043)
neg, 0.33768125175482216, left(srz19306945)
neg, 0.09363016764644838, left(srz965661715477)
neg, 0.0924723759409461, left(srz27409596921)
neg, 0.10429965700047668, left(srz993110111677)
neg, 0.11688192957054873, left(srz4424827933)
neg, 0.33768125175482216, left(srz2740959589)
neg, 0.10747792548879284, left(srz2740959392)
neg, 0.33768125175482216, left(srz96594924019)
neg, 0.10205775805938307, left(srz96594926308)
neg, 0.21561915279098645, left(srz27409591423)
neg, 0.09082282791544143, left(srz44230445420)
neg, 0.09168441105486956, left(srz96594925060)
neg, 0.09407054746139654, left(srz96594925112)
neg, 0.08762384534061207, left(srz44248275682)
neg, 0.43024999543214043, left(srz274095910512)
neg, 0.11688192957054873, left(srz4424827871)
neg, 0.09264665702184746, left(srz193064115)
neg, 0.31607632861215096, left(srz99311019166)
neg, 0.11688192957054873, left(srz274095916208)
neg, 0.40635621084154055, left(srz27409597892)
neg, 0.0958193856345921, left(srz96566179981)
neg, 0.0868824920165507, left(srz99311018458)
neg, 0.09608915723563012, left(srz24618674522)
neg, 0.08762384534061207, left(srz965661712099)
neg, 0.09363016764644838, left(srz96566175284)
neg, 0.22014123864636012, left(srz8029724696)
neg, 0.09700154491364789, left(srz274095914426)
neg, 0.09232652434404263, left(srz193068708)
neg, 0.09632821988167461, left(srz99311015457)
neg, 0.09463868543959796, left(srz19306835)
neg, 0.12280640097404143, left(srz96594929109)
neg, 0.09490985775752864, left(srz44248274924)
neg, 0.7077438782664071, left(srz246186713397)
neg, 0.09609493625297909, left(srz965949211470)
neg, 0.10404929125716667, left(srz8029726191)
neg, 0.10429965700047668, left(srz44230448184)
neg, 0.31607632861215096, left(srz96594922075)
neg, 0.13952275334673125, left(srz96594925172)
neg, 0.08884187788696475, left(srz44230445370)
neg, 0.09941796035347768, left(srz8029724837)
neg, 0.09656552271795196, left(srz274095910177)
neg, 0.09609493625297909, left(srz193061977)
neg, 0.09463868543959796, left(srz96594927330)
neg, 0.09016603697229966, left(srz246186716960)
neg, 0.08762384534061207, left(srz8029729271)
neg, 0.40635621084154055, left(srz193064353)
neg, 0.09193959798893422, left(srz96566177784)
neg, 0.21561915279098645, left(srz96566173085)
neg, 0.0924723759409461, left(srz1930610893)
neg, 0.10747792548879284, left(srz24618674927)
neg, 0.10747792548879284, left(srz1930611268)
neg, 0.10747792548879284, left(srz246186712835)
neg, 0.10747792548879284, left(srz99311015762)
neg, 0.0887268665164327, left(srz80297210362)
neg, 0.40635621084154055, left(srz27409597866)
neg, 0.09941796035347768, left(srz965661713412)
neg, 0.09463868543959796, left(srz96566173414)
neg, 0.08762384534061207, left(srz44248274608)
neg, 0.14392251391921854, left(srz99311018876)
neg, 0.40635621084154055, left(srz1930611034)
neg, 0.13952275334673125, left(srz44248276869)
neg, 0.23269372339757188, left(srz965949212953)
neg, 0.09463734954675793, left(srz965949241)
neg, 0.09463868543959796, left(srz9931101222)
neg, 0.09609493625297909, left(srz193062521)
neg, 0.10747792548879284, left(srz1930611548)
neg, 0.10205775805938307, left(srz96594926462)
neg, 0.0887268665164327, left(srz96566171564)
neg, 0.08990707212312127, left(srz193065853)
neg, 0.3113054638003522, left(srz8029721417)
neg, 0.09470362628195078, left(srz27409594902)
neg, 0.10429965700047668, left(srz96566179714)
neg, 0.0992611488082572, left(srz9659492640)
neg, 0.09470362628195078, left(srz99311011729)
neg, 0.0992611488082572, left(srz274095915258)
neg, 0.33768125175482216, left(srz246186716282)
neg, 0.09264665702184746, left(srz27409595795)
neg, 0.5379974749891667, left(srz96566171777)
neg, 0.0887268665164327, left(srz96594921392)
neg, 0.33768125175482216, left(srz44230448443)
neg, 0.21561915279098645, left(srz246186712123)
neg, 0.10205775805938307, left(srz9656617172)
neg, 0.5379974749891667, left(srz802972218)
neg, 0.21561915279098645, left(srz27409591276)
neg, 0.31607632861215096, left(srz993110111223)
neg, 0.31607632861215096, left(srz44248271661)
neg, 0.08762384534061207, left(srz96566173681)
neg, 0.33768125175482216, left(srz44248277364)
neg, 0.33768125175482216, left(srz99311012255)
neg, 0.31607632861215096, left(srz1930639)
neg, 0.09762134993398691, left(srz27409594889)
neg, 0.7077438782664071, left(srz80297210100)
neg, 0.08762384534061207, left(srz27409599459)
neg, 0.4544511178758716, left(srz96594923853)
neg, 0.09340274269541389, left(srz24618672407)
neg, 0.09762134993398691, left(srz96566172494)
neg, 0.10747792548879284, left(srz19306804)
neg, 0.17037336988313603, left(srz96594926421)
neg, 0.22014123864636012, left(srz44230443190)
neg, 0.08762384534061207, left(srz99311011074)
neg, 0.36040220265655376, left(srz44248273078)
neg, 0.11688192957054873, left(srz193061334)
neg, 0.08990707212312127, left(srz965949210878)
neg, 0.31607632861215096, left(srz24618675167)
neg, 0.09558720393374359, left(srz1930610219)
neg, 0.09941796035347768, left(srz274095911828)
neg, 0.11688192957054873, left(srz44248273239)
neg, 0.08762384534061207, left(srz44230443698)
neg, 0.40635621084154055, left(srz99311015531)
neg, 0.28887358464003626, left(srz8029728246)
neg, 0.34855354714672426, left(srz246186710430)
neg, 0.2144317939556987, left(srz27409593333)
neg, 0.10205775805938307, left(srz24618675855)
neg, 0.3261986113799918, left(srz96566173108)
neg, 0.31607632861215096, left(srz8029729619)
neg, 0.09355835621005208, left(srz8029723456)
neg, 0.21561915279098645, left(srz24618672828)
neg, 0.10429965700047668, left(srz96566174916)
neg, 0.0887268665164327, left(srz44230445521)
neg, 0.09762134993398691, left(srz27409593235)
neg, 0.3711736182300026, left(srz246186714526)
neg, 0.43024999543214043, left(srz8029723002)
neg, 0.09609493625297909, left(srz96594921947)
neg, 0.08762384534061207, left(srz19306413)
neg, 0.0958193856345921, left(srz993110112243)
neg, 0.08990707212312127, left(srz1930610308)
neg, 0.10747792548879284, left(srz27409598013)
neg, 0.09941796035347768, left(srz965661757)
neg, 0.19918329105392513, left(srz993110111214)
neg, 0.12280640097404143, left(srz24618679132)
neg, 0.0887268665164327, left(srz96566171623)
neg, 0.10404929125716667, left(srz965661710343)
neg, 0.2161421357982058, left(srz193061746)
neg, 0.5169565646748872, left(srz96594927449)
neg, 0.3331641946750168, left(srz96566174228)
neg, 0.0992611488082572, left(srz27409592815)
neg, 0.10429965700047668, left(srz27409593526)
neg, 0.09608915723563012, left(srz27409598923)
neg, 0.2716455391777424, left(srz1930611226)
neg, 0.19918329105392513, left(srz965949211824)
neg, 0.08762384534061207, left(srz99311011044)
neg, 0.33768125175482216, left(srz193066970)
neg, 0.09609493625297909, left(srz8029727335)
neg, 0.09340274269541389, left(srz274095910221)
neg, 0.11688192957054873, left(srz44248277773)
neg, 0.40635621084154055, left(srz27409594797)
neg, 0.0937508809907689, left(srz965949210305)
neg, 0.31607632861215096, left(srz965661714637)
neg, 0.43024999543214043, left(srz24618671620)
neg, 0.31607632861215096, left(srz1930611738)
neg, 0.09609493625297909, left(srz96566178242)
neg, 0.3261986113799918, left(srz44248275502)
neg, 0.09463734954675793, left(srz96566175200)
neg, 0.08762384534061207, left(srz8029725963)
neg, 0.08990707212312127, left(srz44248275273)
neg, 0.09224747701105376, left(srz27409597896)
neg, 0.08762384534061207, left(srz99311016024)
neg, 0.31607632861215096, left(srz24618671462)
neg, 0.09016603697229966, left(srz96594927170)
neg, 0.43024999543214043, left(srz965661713620)
neg, 0.08762384534061207, left(srz8029728944)
neg, 0.31607632861215096, left(srz24618671496)
neg, 0.09190937749855801, left(srz193063523)
neg, 0.08762384534061207, left(srz96566175010)
neg, 0.08762384534061207, left(srz965661712030)
neg, 0.21561915279098645, left(srz24618677526)
neg, 0.3113054638003522, left(srz96566174152)
neg, 0.2522192920344088, left(srz99311014817)
neg, 0.08762384534061207, left(srz96594928608)
neg, 0.338085635834678, left(srz44230447706)
neg, 0.40635621084154055, left(srz274095916908)
neg, 0.08990707212312127, left(srz8029723616)
neg, 0.10747792548879284, left(srz246186714305)
neg, 0.33768125175482216, left(srz24618676563)
neg, 0.22014123864636012, left(srz193062307)
neg, 0.10747792548879284, left(srz993110110224)
neg, 0.43024999543214043, left(srz99311011962)
neg, 0.23269372339757188, left(srz4424827669)
neg, 0.43024999543214043, left(srz193063785)
neg, 0.23269372339757188, left(srz27409591133)
neg, 0.10429965700047668, left(srz24618674738)
neg, 0.09608915723563012, left(srz96566175646)
neg, 0.31607632861215096, left(srz44230444965)
neg, 0.33768125175482216, left(srz193062882)
neg, 0.0868824920165507, left(srz96566176722)
neg, 0.09463734954675793, left(srz8029726790)
neg, 0.43024999543214043, left(srz193063215)
neg, 0.34855354714672426, left(srz44248272094)
neg, 0.43024999543214043, left(srz99311018297)
neg, 0.09941796035347768, left(srz9656617815)
neg, 0.23269372339757188, left(srz27409591045)
neg, 0.6788760557584537, left(srz965949211219)
neg, 0.43024999543214043, left(srz274095913258)
neg, 0.3261986113799918, left(srz8029721287)
neg, 0.28887358464003626, left(srz96566173444)
neg, 0.36040220265655376, left(srz8029722416)
neg, 0.33768125175482216, left(srz8029729524)
neg, 0.11688192957054873, left(srz993110111429)
neg, 0.08797708080886504, left(srz8029721021)
neg, 0.09224747701105376, left(srz44248278215)
neg, 0.5854559097590201, left(srz44230443269)
neg, 0.31607632861215096, left(srz96566178002)
neg, 0.12714606137119056, left(srz8029723504)
neg, 0.21561915279098645, left(srz965661715961)
neg, 0.0887268665164327, left(srz99311013165)
neg, 0.08797708080886504, left(srz965949214136)
neg, 0.10747792548879284, left(srz246186712893)
neg, 0.40635621084154055, left(srz965949212543)
neg, 0.10205775805938307, left(srz965661710437)
neg, 0.40635621084154055, left(srz193069277)
neg, 0.21561915279098645, left(srz99311016762)
neg, 0.09470362628195078, left(srz24618678720)
neg, 0.09490985775752864, left(srz965949211445)
neg, 0.43024999543214043, left(srz27409594476)
neg, 0.40635621084154055, left(srz44248272016)
neg, 0.10747792548879284, left(srz193069049)
neg, 0.21561915279098645, left(srz27409591355)
neg, 0.43024999543214043, left(srz27409598404)
neg, 0.0877375645898625, left(srz965949210606)
neg, 0.10747792548879284, left(srz8029728029)
neg, 0.08762384534061207, left(srz24618672350)
neg, 0.09762134993398691, left(srz27409594890)
neg, 0.09632821988167461, left(srz193061994)
neg, 0.08762384534061207, left(srz96594927101)
neg, 0.23269372339757188, left(srz8029725597)
neg, 0.2161421357982058, left(srz44230443057)
neg, 0.0937508809907689, left(srz965661714704)
neg, 0.36040220265655376, left(srz1930611279)
neg, 0.0958193856345921, left(srz99311015350)
neg, 0.09470362628195078, left(srz24618678725)
neg, 0.40635621084154055, left(srz274095911738)
neg, 0.3113054638003522, left(srz24618673532)
neg, 0.09447233311561995, left(srz44248275781)
neg, 0.11688192957054873, left(srz44230444262)
neg, 0.5006733409902656, left(srz246186710955)
neg, 0.11688192957054873, left(srz965949212006)
neg, 0.08762384534061207, left(srz2461867160)
neg, 0.09104766044741505, left(srz24618675300)
neg, 0.11688192957054873, left(srz99311014932)
neg, 0.31607632861215096, left(srz8029728649)
neg, 0.10429965700047668, left(srz27409594420)
neg, 0.3113054638003522, left(srz99311013437)
neg, 0.21561915279098645, left(srz965661715980)
neg, 0.43024999543214043, left(srz274095910032)
neg, 0.33768125175482216, left(srz27409598069)
neg, 0.2522192920344088, left(srz44248273402)
neg, 0.09762134993398691, left(srz193064409)
neg, 0.34855354714672426, left(srz99311018950)
neg, 0.11688192957054873, left(srz965949212021)
neg, 0.11688192957054873, left(srz965661715733)
neg, 0.31607632861215096, left(srz24618672987)
neg, 0.10429965700047668, left(srz965949211543)
neg, 0.31607632861215096, left(srz44230444478)
neg, 0.36040220265655376, left(srz44248271758)
neg, 0.0992611488082572, left(srz965661715295)
neg, 0.08762384534061207, left(srz4423044273)
neg, 0.09609493625297909, left(srz99311014099)
neg, 0.11688192957054873, left(srz44230446869)
neg, 0.21561915279098645, left(srz246186714868)
neg, 0.20483954528593876, left(srz965949213479)
neg, 0.43024999543214043, left(srz24618674832)
neg, 0.43024999543214043, left(srz193066202)
neg, 0.33768125175482216, left(srz193062623)
neg, 0.5854559097590201, left(srz9931101588)
neg, 0.21531360176855996, left(srz246186715923)
neg, 0.08762384534061207, left(srz96566173634)
neg, 0.21561915279098645, left(srz8029722862)
neg, 0.09608915723563012, left(srz246186710937)
neg, 0.0887268665164327, left(srz80297210376)
neg, 0.33768125175482216, left(srz44230447676)
neg, 0.31607632861215096, left(srz96594921014)
neg, 0.40635621084154055, left(srz993110110189)
neg, 0.31607632861215096, left(srz80297210716)
neg, 0.5379974749891667, left(srz44248276993)
neg, 0.10429965700047668, left(srz27409597245)
neg, 0.09463868543959796, left(srz44248272618)
neg, 0.10404929125716667, left(srz8029723546)
neg, 0.43024999543214043, left(srz24618674160)
neg, 0.31607632861215096, left(srz8029728381)
neg, 0.3261986113799918, left(srz96594929721)
neg, 0.10404929125716667, left(srz246186714571)
neg, 0.09090821718191328, left(srz96594927450)
neg, 0.08762384534061207, left(srz80297210433)
neg, 0.47064800180582994, left(srz8029721760)
neg, 0.10747792548879284, left(srz274095915425)
neg, 0.21561915279098645, left(srz1930611893)
neg, 0.11688192957054873, left(srz193061531)
neg, 0.10429965700047668, left(srz246186712395)
neg, 0.09608915723563012, left(srz44248271375)
neg, 0.22014123864636012, left(srz274095914321)
neg, 0.09490985775752864, left(srz99311015570)
neg, 0.2605058195600784, left(srz99311018993)
neg, 0.08990707212312127, left(srz1930610267)
neg, 0.11688192957054873, left(srz44230446884)
neg, 0.22014123864636012, left(srz8029729673)
neg, 0.08969631519377494, left(srz2461867709)
neg, 0.10747792548879284, left(srz27409599829)
neg, 0.08762384534061207, left(srz44248274803)
neg, 0.10747792548879284, left(srz965949211090)
neg, 0.08990707212312127, left(srz8029727377)
neg, 0.0887268665164327, left(srz193067880)
neg, 0.10429965700047668, left(srz96566179398)
neg, 0.09129785735141506, left(srz193067401)
neg, 0.6928377924762232, left(srz193067289)
neg, 0.09440773299953088, left(srz27409597045)
neg, 0.43024999543214043, left(srz44248272785)
neg, 0.08762384534061207, left(srz96566173754)
neg, 0.43024999543214043, left(srz8029726934)
neg, 0.0868824920165507, left(srz9659492538)
neg, 0.1235733850801739, left(srz96566176334)
neg, 0.0992611488082572, left(srz965661715302)
neg, 0.43024999543214043, left(srz8029726749)
neg, 0.10747792548879284, left(srz965949212364)
neg, 0.31607632861215096, left(srz44230444483)
neg, 0.5854559097590201, left(srz96594923375)
neg, 0.2161421357982058, left(srz8029724010)
neg, 0.08762384534061207, left(srz193069350)
neg, 0.09965842165547369, left(srz965661711304)
neg, 0.33768125175482216, left(srz1930611171)
neg, 0.33768125175482216, left(srz442482774)
neg, 0.08762384534061207, left(srz193064909)
neg, 0.08990707212312127, left(srz1930610255)
neg, 0.23784265859764414, left(srz44230446508)
neg, 0.3261986113799918, left(srz44248276856)
neg, 0.10429965700047668, left(srz96594928913)
neg, 0.0992611488082572, left(srz193068875)
neg, 0.40635621084154055, left(srz96594924509)
neg, 0.19918329105392513, left(srz1930611727)
neg, 0.0887268665164327, left(srz965661710640)
neg, 0.10747792548879284, left(srz99311013368)
neg, 0.08958030644887138, left(srz96594926897)
neg, 0.11688192957054873, left(srz96566178950)
neg, 0.23269372339757188, left(srz99311011277)
neg, 0.40635621084154055, left(srz1930610876)
neg, 0.2144317939556987, left(srz2740959890)
neg, 0.31607632861215096, left(srz993110111259)
neg, 0.31607632861215096, left(srz965661713432)
neg, 0.33768125175482216, left(srz99311012693)
neg, 0.08978074992954073, left(srz2740959981)
neg, 0.5379974749891667, left(srz4424827206)
neg, 0.08762384534061207, left(srz27409597401)
neg, 0.11688192957054873, left(srz8029725836)
neg, 0.31607632861215096, left(srz965661712735)
neg, 0.33768125175482216, left(srz193066181)
neg, 0.0937508809907689, left(srz27409598271)
neg, 0.33768125175482216, left(srz8029722784)
neg, 0.0887268665164327, left(srz274095912378)
neg, 0.33768125175482216, left(srz44230448075)
neg, 0.08958030644887138, left(srz27409595172)
neg, 0.10429965700047668, left(srz965949211072)
neg, 0.21561915279098645, left(srz96566172996)
neg, 0.09470362628195078, left(srz246186713894)
neg, 0.10747792548879284, left(srz8029724303)
neg, 0.08969631519377494, left(srz8029725027)
neg, 0.43024999543214043, left(srz99311012194)
neg, 0.09609493625297909, left(srz44248271167)
neg, 0.11688192957054873, left(srz965949212065)
neg, 0.09226005588983227, left(srz96566176791)
neg, 0.09762134993398691, left(srz96566174328)
neg, 0.33768125175482216, left(srz96594925859)
neg, 0.2013793350879112, left(srz2461867432)
neg, 0.0992611488082572, left(srz27409598491)
neg, 0.10205775805938307, left(srz96566174818)
neg, 0.10429965700047668, left(srz274095911655)
neg, 0.10429965700047668, left(srz274095911661)
neg, 0.10747792548879284, left(srz193063295)
neg, 0.08884187788696475, left(srz80297210128)
neg, 0.09965842165547369, left(srz44230444695)
neg, 0.09363016764644838, left(srz193065368)
neg, 0.40635621084154055, left(srz27409598154)
neg, 0.10205775805938307, left(srz96566171418)
neg, 0.10429965700047668, left(srz274095914498)
neg, 0.08762384534061207, left(srz96566175034)
neg, 0.09363016764644838, left(srz193066581)
neg, 0.33768125175482216, left(srz24618671108)
neg, 0.0887268665164327, left(srz9656617376)
neg, 0.0887268665164327, left(srz44248276771)
neg, 0.09398249492320182, left(srz246186712501)
neg, 0.10429965700047668, left(srz965661710522)
neg, 0.10747792548879284, left(srz246186712618)
neg, 0.10205775805938307, left(srz24618679203)
neg, 0.09632821988167461, left(srz80297210851)
neg, 0.09259174908264792, left(srz993110110264)
neg, 0.09447233311561995, left(srz993110111819)
neg, 0.23269372339757188, left(srz274095916130)
neg, 0.31607632861215096, left(srz24618675211)
neg, 0.10429965700047668, left(srz44248271404)
neg, 0.10429965700047668, left(srz19306189)
neg, 0.09463734954675793, left(srz193065279)
neg, 0.34814322782325435, left(srz44230444323)
neg, 0.08762384534061207, left(srz8029724448)
neg, 0.15773133899215042, left(srz96566176805)
neg, 0.43024999543214043, left(srz44230441989)
neg, 0.5379974749891667, left(srz96566171275)
neg, 0.10205775805938307, left(srz1930612259)
neg, 0.33768125175482216, left(srz44248276898)
neg, 0.08762384534061207, left(srz44248278079)
neg, 0.43024999543214043, left(srz274095916042)
neg, 0.33768125175482216, left(srz44248272332)
neg, 0.34855354714672426, left(srz193068831)
neg, 0.21561915279098645, left(srz27409594048)
neg, 0.08762384534061207, left(srz44248275598)
neg, 0.10747792548879284, left(srz193069009)
neg, 0.10429965700047668, left(srz274095910722)
neg, 0.31607632861215096, left(srz193062601)
neg, 0.13062912489546, left(srz96566178732)
neg, 0.5379974749891667, left(srz44248271894)
neg, 0.08762384534061207, left(srz96594928620)
neg, 0.0992611488082572, left(srz27409595366)
neg, 0.43024999543214043, left(srz274095910522)
neg, 0.21561915279098645, left(srz24618677539)
neg, 0.08990707212312127, left(srz44248275101)
neg, 0.08762384534061207, left(srz193064889)
neg, 0.40635621084154055, left(srz802972917)
neg, 0.10429965700047668, left(srz27409597206)
neg, 0.0992611488082572, left(srz99311013948)
neg, 0.09490985775752864, left(srz274095912898)
neg, 0.2144317939556987, left(srz193066376)
neg, 0.08762384534061207, left(srz8029729290)
neg, 0.09490985775752864, left(srz8029724962)
neg, 0.43024999543214043, left(srz8029722299)
neg, 0.08762384534061207, left(srz44230443889)
neg, 0.08762384534061207, left(srz99311015989)
neg, 0.09016603697229966, left(srz27409593206)
neg, 0.17064270533827597, left(srz44248277751)
neg, 0.1893572335612909, left(srz193067467)
neg, 0.11776684884009299, left(srz44230442410)
neg, 0.09224747701105376, left(srz96594927258)
neg, 0.31607632861215096, left(srz193063126)
neg, 0.09965842165547369, left(srz993110110410)
neg, 0.0937508809907689, left(srz27409598254)
neg, 0.33186072259198907, left(srz8029728095)
neg, 0.40635621084154055, left(srz193061191)
neg, 0.08797708080886504, left(srz96566179415)
neg, 0.10404929125716667, left(srz246186714562)
neg, 0.40635621084154055, left(srz246186712269)
neg, 0.11688192957054873, left(srz274095913830)
neg, 0.08762384534061207, left(srz44248274729)
neg, 0.09259174908264792, left(srz27409597956)
neg, 0.09463868543959796, left(srz274095912906)
neg, 0.08958030644887138, left(srz993110110142)
neg, 0.21531360176855996, left(srz96594923916)
neg, 0.09762134993398691, left(srz9931101211)
neg, 0.10404929125716667, left(srz24618679174)
neg, 0.21561915279098645, left(srz24618674249)
neg, 0.10747792548879284, left(srz99311011718)
neg, 0.33768125175482216, left(srz44248272044)
neg, 0.31607632861215096, left(srz44230442947)
neg, 0.33768125175482216, left(srz246186716037)
neg, 0.23269372339757188, left(srz99311017287)
neg, 0.09965842165547369, left(srz193062004)
neg, 0.21561915279098645, left(srz44248272461)
neg, 0.10429965700047668, left(srz24618677738)
neg, 0.09941796035347768, left(srz44230441278)
neg, 0.3098342402670987, left(srz96566174089)
neg, 0.0887268665164327, left(srz44248275328)
neg, 0.09609493625297909, left(srz99311016379)
neg, 0.10429965700047668, left(srz193062275)
neg, 0.19918329105392513, left(srz8029722940)
neg, 0.10429965700047668, left(srz24618677826)
neg, 0.11688192957054873, left(srz96594922907)
neg, 0.09608915723563012, left(srz96566172180)
neg, 0.08762384534061207, left(srz99311016009)
neg, 0.08762384534061207, left(srz965661714306)
neg, 0.09190937749855801, left(srz193063511)
neg, 0.08762384534061207, left(srz193065044)
neg, 0.09609493625297909, left(srz965949211472)
neg, 0.21561915279098645, left(srz96594929421)
neg, 0.33768125175482216, left(srz193064606)
neg, 0.11688192957054873, left(srz96594929253)
neg, 0.10429965700047668, left(srz24618677050)
neg, 0.09965842165547369, left(srz96594923421)
neg, 0.08762384534061207, left(srz44230441616)
neg, 0.40635621084154055, left(srz274095911707)
neg, 0.09463868543959796, left(srz246186711243)
neg, 0.09463868543959796, left(srz193067231)
neg, 0.338085635834678, left(srz193066493)
neg, 0.0937508809907689, left(srz246186714121)
neg, 0.09608915723563012, left(srz8029726590)
neg, 0.10404929125716667, left(srz24618679083)
neg, 0.10404929125716667, left(srz96594925199)
neg, 0.31607632861215096, left(srz44248276940)
neg, 0.09470362628195078, left(srz44230442637)
neg, 0.08797708080886504, left(srz96566175840)
neg, 0.11688192957054873, left(srz246186711913)
neg, 0.09608915723563012, left(srz24618677160)
neg, 0.09232652434404263, left(srz44248274106)
neg, 0.33768125175482216, left(srz274095915665)
neg, 0.0887268665164327, left(srz965949210970)
neg, 0.0887268665164327, left(srz99311013150)
neg, 0.40635621084154055, left(srz96566174045)
neg, 0.09340274269541389, left(srz96594924333)
neg, 0.33768125175482216, left(srz193067306)
neg, 0.0937508809907689, left(srz8029724900)
neg, 0.10747792548879284, left(srz24618678918)
neg, 0.10429965700047668, left(srz193067346)
neg, 0.10205775805938307, left(srz965661710386)
neg, 0.40635621084154055, left(srz96566172322)
neg, 0.0887268665164327, left(srz44230442721)
neg, 0.09608915723563012, left(srz24618677208)
neg, 0.34855354714672426, left(srz965661712510)
neg, 0.09608915723563012, left(srz44230443914)
neg, 0.10747792548879284, left(srz993110110737)
neg, 0.09041152568594854, left(srz274095910256)
neg, 0.43024999543214043, left(srz9656617967)
neg, 0.28887358464003626, left(srz965661710193)
neg, 0.09463868543959796, left(srz99311011406)
neg, 0.33768125175482216, left(srz27409592260)
neg, 0.5854559097590201, left(srz8029722961)
neg, 0.6928377924762232, left(srz193066658)
neg, 0.43024999543214043, left(srz44230441502)
neg, 0.12280640097404143, left(srz44248271108)
neg, 0.40635621084154055, left(srz24618673438)
neg, 0.21561915279098645, left(srz27409594040)
neg, 0.09355835621005208, left(srz193069896)
neg, 0.08762384534061207, left(srz99311011141)
neg, 0.11688192957054873, left(srz965661711836)
neg, 0.09090821718191328, left(srz965661715641)
neg, 0.0887268665164327, left(srz96594925410)
neg, 0.08762384534061207, left(srz965661714224)
neg, 0.09168441105486956, left(srz27409597704)
neg, 0.09608915723563012, left(srz27409598454)
neg, 0.43024999543214043, left(srz27409599961)
neg, 0.0958193856345921, left(srz246186715738)
neg, 0.0887268665164327, left(srz99311013068)
neg, 0.09608915723563012, left(srz44248272691)
neg, 0.09608915723563012, left(srz24618672548)
neg, 0.09224747701105376, left(srz193065194)
neg, 0.34855354714672426, left(srz1930612075)
neg, 0.338085635834678, left(srz44248276348)
neg, 0.2144317939556987, left(srz965949211288)
neg, 0.10747792548879284, left(srz965661710965)
neg, 0.21561915279098645, left(srz24618677518)
neg, 0.21561915279098645, left(srz993110111320)
neg, 0.09259174908264792, left(srz193068556)
neg, 0.10747792548879284, left(srz965661713068)
neg, 0.09463868543959796, left(srz44248278242)
neg, 0.10429965700047668, left(srz246186713167)
neg, 0.0887268665164327, left(srz99311013190)
neg, 0.10747792548879284, left(srz193067351)
neg, 0.09090821718191328, left(srz96566174259)
neg, 0.11688192957054873, left(srz99311016681)
neg, 0.10429965700047668, left(srz27409595001)
neg, 0.43024999543214043, left(srz193064205)
neg, 0.5169565646748872, left(srz24618679673)
neg, 0.10747792548879284, left(srz965661710158)
neg, 0.08762384534061207, left(srz4423044240)
neg, 0.23784265859764414, left(srz80297210942)
neg, 0.09941796035347768, left(srz99311015829)
neg, 0.0921735255964435, left(srz24618675191)
neg, 0.08762384534061207, left(srz96594926982)
neg, 0.40635621084154055, left(srz9931101757)
neg, 0.40635621084154055, left(srz8029729906)
neg, 0.09463734954675793, left(srz99311018091)
neg, 0.0958193856345921, left(srz96566179970)
neg, 0.7077438782664071, left(srz96566176452)
neg, 0.09608915723563012, left(srz246186712162)
neg, 0.34814322782325435, left(srz965661712318)
neg, 0.10429965700047668, left(srz24618679740)
neg, 0.21561915279098645, left(srz24618677277)
neg, 0.34814322782325435, left(srz965661792)
neg, 0.33768125175482216, left(srz96566175489)
neg, 0.10747792548879284, left(srz246186710981)
neg, 0.09224747701105376, left(srz246186713354)
neg, 0.11688192957054873, left(srz44248277791)
neg, 0.08762384534061207, left(srz246186713352)
neg, 0.08990707212312127, left(srz8029727416)
neg, 0.08990707212312127, left(srz965949210776)
neg, 0.08958030644887138, left(srz27409592040)
neg, 0.0887268665164327, left(srz96594926666)
neg, 0.09235628868285982, left(srz24618676475)
neg, 0.09224747701105376, left(srz96566175070)
neg, 0.10205775805938307, left(srz27409591564)
neg, 0.11688192957054873, left(srz4424827843)
neg, 0.43024999543214043, left(srz24618677895)
neg, 0.0887268665164327, left(srz193067875)
neg, 0.33186072259198907, left(srz193068858)
neg, 0.3711736182300026, left(srz96566176441)
neg, 0.09259174908264792, left(srz44230448168)
neg, 0.09609493625297909, left(srz44230441884)
neg, 0.10205775805938307, left(srz27409591582)
neg, 0.09259174908264792, left(srz965661715620)
neg, 0.11688192957054873, left(srz96594924113)
neg, 0.31607632861215096, left(srz44230447819)
neg, 0.10404929125716667, left(srz99311017438)
neg, 0.10429965700047668, left(srz80297210821)
neg, 0.338085635834678, left(srz44248277279)
neg, 0.08762384534061207, left(srz96594926993)
neg, 0.09609493625297909, left(srz8029727324)
neg, 0.08762384534061207, left(srz96566177867)
neg, 0.5854559097590201, left(srz8029722964)
neg, 0.31607632861215096, left(srz96566177992)
neg, 0.10747792548879284, left(srz44230441345)
neg, 0.0887268665164327, left(srz44230442736)
neg, 0.40635621084154055, left(srz99311012637)
neg, 0.10429965700047668, left(srz246186713186)
neg, 0.09676680526555598, left(srz44248276444)
neg, 0.11688192957054873, left(srz9931101945)
neg, 0.0887268665164327, left(srz80297210348)
neg, 0.08762384534061207, left(srz27409597475)
neg, 0.08762384534061207, left(srz44230446630)
neg, 0.13952275334673125, left(srz96594923353)
neg, 0.47064800180582994, left(srz4423044139)
neg, 0.09226005588983227, left(srz96566176799)
neg, 0.08958030644887138, left(srz24618671545)
neg, 0.09470362628195078, left(srz96566174302)
neg, 0.09608915723563012, left(srz965661710786)
neg, 0.08990707212312127, left(srz193065948)
neg, 0.43024999543214043, left(srz274095916062)
neg, 0.09608915723563012, left(srz9656617640)
neg, 0.5854559097590201, left(srz96566174448)
neg, 0.09490985775752864, left(srz9656617778)
neg, 0.23269372339757188, left(srz27409591629)
neg, 0.09470362628195078, left(srz99311014200)
neg, 0.22014123864636012, left(srz99311014498)
neg, 0.21561915279098645, left(srz9931101729)
neg, 0.40635621084154055, left(srz802972588)
neg, 0.0887268665164327, left(srz193067864)
neg, 0.338085635834678, left(srz965949214220)
neg, 0.31607632861215096, left(srz193061220)
neg, 0.3113054638003522, left(srz246186717003)
neg, 0.10429965700047668, left(srz24618676392)
neg, 0.10205775805938307, left(srz99311011272)
neg, 0.21561915279098645, left(srz246186716127)
neg, 0.31607632861215096, left(srz9659492842)
neg, 0.08990707212312127, left(srz8029727430)
neg, 0.33768125175482216, left(srz8029727090)
neg, 0.43024999543214043, left(srz44230444785)
neg, 0.09608915723563012, left(srz24618675555)
neg, 0.10205775805938307, left(srz27409591593)
neg, 0.33186072259198907, left(srz193061258)
neg, 0.22014123864636012, left(srz44230441361)
neg, 0.09608915723563012, left(srz1930610116)
neg, 0.08762384534061207, left(srz274095975)
neg, 0.10429965700047668, left(srz8029728156)
neg, 0.43024999543214043, left(srz193062842)
neg, 0.09463868543959796, left(srz965949214061)
neg, 0.40635621084154055, left(srz44248271245)
neg, 0.40635621084154055, left(srz9931101781)
neg, 0.08762384534061207, left(srz27409599458)
neg, 0.10429965700047668, left(srz27409597248)
neg, 0.21531360176855996, left(srz246186715988)
neg, 0.09470362628195078, left(srz27409596301)
neg, 0.10747792548879284, left(srz27409599800)
neg, 0.08762384534061207, left(srz19306348)
neg, 0.3711736182300026, left(srz4423044785)
neg, 0.08762384534061207, left(srz8029729204)
neg, 0.43024999543214043, left(srz24618671645)
neg, 0.09463734954675793, left(srz193066348)
neg, 0.43024999543214043, left(srz274095910038)
neg, 0.19918329105392513, left(srz4423044888)
neg, 0.09082282791544143, left(srz80297210224)
neg, 0.09486880485969293, left(srz965661714895)
neg, 0.08762384534061207, left(srz965949212738)
neg, 0.09264665702184746, left(srz27409595659)
neg, 0.09082282791544143, left(srz44230445448)
neg, 0.09608915723563012, left(srz44230442388)
neg, 0.08762384534061207, left(srz96594927703)
neg, 0.10429965700047668, left(srz96566174915)
neg, 0.10747792548879284, left(srz96594921268)
neg, 0.09168441105486956, left(srz99311014431)
neg, 0.09490985775752864, left(srz44230445899)
neg, 0.08762384534061207, left(srz246186713259)
neg, 0.10429965700047668, left(srz19306788)
neg, 0.0868824920165507, left(srz24618673984)
neg, 0.09490985775752864, left(srz44248274925)
neg, 0.40635621084154055, left(srz99311015315)
neg, 0.09490985775752864, left(srz1930610831)
neg, 0.2161421357982058, left(srz44230446975)
neg, 0.0958193856345921, left(srz44230446259)
neg, 0.09463868543959796, left(srz96566174131)
neg, 0.36040220265655376, left(srz8029725233)
neg, 0.09224747701105376, left(srz802972110)
neg, 0.33768125175482216, left(srz44248275563)
neg, 0.5379974749891667, left(srz246186710171)
neg, 0.09470362628195078, left(srz2740959601)
neg, 0.08762384534061207, left(srz44248274340)
neg, 0.08990707212312127, left(srz193067621)
neg, 0.21531360176855996, left(srz246186715967)
neg, 0.3113054638003522, left(srz1930611031)
neg, 0.43024999543214043, left(srz24618678022)
neg, 0.33768125175482216, left(srz965661715348)
neg, 0.10404929125716667, left(srz44230445300)
neg, 0.09490985775752864, left(srz8029727185)
neg, 0.10747792548879284, left(srz4423044486)
neg, 0.338085635834678, left(srz80297210766)
neg, 0.08762384534061207, left(srz96594927089)
neg, 0.0992611488082572, left(srz9931101517)
neg, 0.08762384534061207, left(srz99311019619)
neg, 0.09463868543959796, left(srz8029724832)
neg, 0.31607632861215096, left(srz193066447)
neg, 0.0924723759409461, left(srz44230441852)
neg, 0.10429965700047668, left(srz27409599911)
neg, 0.21561915279098645, left(srz246186711982)
neg, 0.09941796035347768, left(srz99311013242)
neg, 0.33768125175482216, left(srz8029722786)
neg, 0.0887268665164327, left(srz99311018814)
neg, 0.09470362628195078, left(srz44230442626)
neg, 0.0887268665164327, left(srz27409595899)
neg, 0.09340274269541389, left(srz9931101259)
neg, 0.09264665702184746, left(srz2461867854)
neg, 0.08884187788696475, left(srz80297210162)
neg, 0.09224747701105376, left(srz44248272635)
neg, 0.31607632861215096, left(srz8029729975)
neg, 0.31607632861215096, left(srz24618675165)
neg, 0.1569926385905161, left(srz246186714383)
neg, 0.13952275334673125, left(srz96594925176)
neg, 0.22014123864636012, left(srz802972887)
neg, 0.08990707212312127, left(srz193067686)
neg, 0.09762134993398691, left(srz44230448124)
neg, 0.31607632861215096, left(srz8029721174)
neg, 0.43024999543214043, left(srz274095916065)
neg, 0.10429965700047668, left(srz96566179152)
neg, 0.43024999543214043, left(srz96566176668)
neg, 0.10205775805938307, left(srz9656617171)
neg, 0.0958193856345921, left(srz24618679891)
neg, 0.40635621084154055, left(srz8029726654)
neg, 0.09264665702184746, left(srz44230442541)
neg, 0.33768125175482216, left(srz44248271604)
neg, 0.08762384534061207, left(srz27409593642)
neg, 0.08762384534061207, left(srz44248274768)
neg, 0.09762134993398691, left(srz96594928459)
neg, 0.23269372339757188, left(srz4424827597)
neg, 0.13952275334673125, left(srz246186715763)
neg, 0.13931861312733054, left(srz274095917326)
neg, 0.09965842165547369, left(srz274095910338)
neg, 0.09340274269541389, left(srz96594924357)
neg, 0.08969631519377494, left(srz44230445038)
neg, 0.10747792548879284, left(srz8029724850)
neg, 0.10747792548879284, left(srz965949211552)
neg, 0.2522192920344088, left(srz193061450)
neg, 0.14392251391921854, left(srz99311018881)
neg, 0.19918329105392513, left(srz274095914751)
neg, 0.09090821718191328, left(srz96594926366)
neg, 0.11688192957054873, left(srz44230444242)
neg, 0.09463734954675793, left(srz274095915571)
neg, 0.09447233311561995, left(srz965949211250)
neg, 0.3331641946750168, left(srz193068800)
neg, 0.33768125175482216, left(srz99311019238)
neg, 0.5006733409902656, left(srz246186715883)
neg, 0.21561915279098645, left(srz246186714895)
neg, 0.08762384534061207, left(srz2740959135)
neg, 0.10429965700047668, left(srz193063237)
neg, 0.09193959798893422, left(srz96566177786)
neg, 0.338085635834678, left(srz965949214216)
neg, 0.08762384534061207, left(srz2461867143)
neg, 0.10747792548879284, left(srz99311013376)
neg, 0.19323985915953887, left(srz24618678616)
neg, 0.08762384534061207, left(srz246186716475)
neg, 0.23784265859764414, left(srz1930611419)
neg, 0.09470362628195078, left(srz27409594892)
neg, 0.09259174908264792, left(srz8029721921)
neg, 0.09463868543959796, left(srz8029724834)
neg, 0.09470362628195078, left(srz274095911185)
neg, 0.09090821718191328, left(srz96594923829)
neg, 0.33768125175482216, left(srz24618676583)
neg, 0.08762384534061207, left(srz44230443806)
neg, 0.0924723759409461, left(srz99311012415)
neg, 0.0887268665164327, left(srz44230442772)
neg, 0.21561915279098645, left(srz246186714885)
neg, 0.31607632861215096, left(srz24618676835)
neg, 0.08762384534061207, left(srz193063991)
neg, 0.33768125175482216, left(srz99311012135)
neg, 0.43024999543214043, left(srz274095910518)
neg, 0.36040220265655376, left(srz96594928595)
neg, 0.31607632861215096, left(srz99311012540)
neg, 0.09470362628195078, left(srz96594924754)
neg, 0.0887268665164327, left(srz24618675974)
neg, 0.36040220265655376, left(srz802972945)
neg, 0.31607632861215096, left(srz1930611763)
neg, 0.33768125175482216, left(srz193067297)
neg, 0.36040220265655376, left(srz24618675042)
neg, 0.36040220265655376, left(srz246186715366)
neg, 0.10429965700047668, left(srz96566174839)
neg, 0.10429965700047668, left(srz965949211068)
neg, 0.10429965700047668, left(srz193062423)
neg, 0.09352319308513994, left(srz96594929694)
neg, 0.10429965700047668, left(srz24618673754)
neg, 0.0937508809907689, left(srz96566174237)
neg, 0.0887268665164327, left(srz27409597367)
neg, 0.09762134993398691, left(srz44248277459)
neg, 0.08762384534061207, left(srz1930612189)
neg, 0.31607632861215096, left(srz8029728267)
neg, 0.11688192957054873, left(srz965661711792)
neg, 0.0887268665164327, left(srz965949211003)
neg, 0.43024999543214043, left(srz993110128)
neg, 0.08762384534061207, left(srz44230443774)
neg, 0.7077438782664071, left(srz44248273580)
neg, 0.10404929125716667, left(srz4424827999)
neg, 0.09490985775752864, left(srz96594927318)
neg, 0.43024999543214043, left(srz96594928918)
neg, 0.43024999543214043, left(srz24618673398)
neg, 0.21561915279098645, left(srz44248272471)
neg, 0.08978074992954073, left(srz2740959983)
neg, 0.08762384534061207, left(srz193069508)
neg, 0.33768125175482216, left(srz193062039)
neg, 0.10747792548879284, left(srz44248274178)
neg, 0.15773133899215042, left(srz9659492613)
neg, 0.08762384534061207, left(srz27409599617)
neg, 0.08762384534061207, left(srz44230441658)
neg, 0.09224747701105376, left(srz99311011340)
neg, 0.08762384534061207, left(srz27409599612)
neg, 0.40635621084154055, left(srz99311015110)
neg, 0.10747792548879284, left(srz274095912258)
neg, 0.33768125175482216, left(srz246186715376)
neg, 0.08958030644887138, left(srz1930610782)
neg, 0.08762384534061207, left(srz19306466)
neg, 0.338085635834678, left(srz193064803)
neg, 0.0887268665164327, left(srz193067858)
neg, 0.10205775805938307, left(srz96594921196)
neg, 0.40635621084154055, left(srz96594922497)
neg, 0.31607632861215096, left(srz4423044955)
neg, 0.40635621084154055, left(srz27409592344)
neg, 0.0887268665164327, left(srz96594925443)
neg, 0.09762134993398691, left(srz96566174311)
neg, 0.21561915279098645, left(srz99311016749)
neg, 0.11688192957054873, left(srz96594924137)
neg, 0.7077438782664071, left(srz2740959544)
neg, 0.5379974749891667, left(srz193069223)
neg, 0.09762134993398691, left(srz246186710636)
neg, 0.09041152568594854, left(srz4423044687)
neg, 0.2144317939556987, left(srz193066378)
neg, 0.10429965700047668, left(srz27409593340)
neg, 0.5379974749891667, left(srz8029723272)
neg, 0.09608915723563012, left(srz246186712200)
neg, 0.11688192957054873, left(srz99311014901)
neg, 0.09340274269541389, left(srz99311017111)
neg, 0.10747792548879284, left(srz44248274189)
neg, 0.31607632861215096, left(srz24618674459)
neg, 0.33768125175482216, left(srz965661711050)
neg, 0.09363016764644838, left(srz96594921923)
neg, 0.09470362628195078, left(srz99311011737)
neg, 0.08762384534061207, left(srz4424827525)
neg, 0.10747792548879284, left(srz246186712403)
neg, 0.10747792548879284, left(srz965949214177)
neg, 0.09762134993398691, left(srz246186710590)
neg, 0.33768125175482216, left(srz24618674474)
neg, 0.10429965700047668, left(srz44230445808)
neg, 0.11688192957054873, left(srz44248273319)
neg, 0.08762384534061207, left(srz19306308)
neg, 0.08762384534061207, left(srz44248274329)
neg, 0.11688192957054873, left(srz99311016700)
neg, 0.08762384534061207, left(srz44248277949)
neg, 0.09264665702184746, left(srz44230442512)
neg, 0.10747792548879284, left(srz8029728749)
neg, 0.10747792548879284, left(srz965661710148)
neg, 0.5379974749891667, left(srz1930611420)
neg, 0.08990707212312127, left(srz1930610257)
neg, 0.10747792548879284, left(srz993110112134)
neg, 0.3113054638003522, left(srz96566175311)
neg, 0.10747792548879284, left(srz193063281)
neg, 0.10205775805938307, left(srz246186713072)
neg, 0.3113054638003522, left(srz24618672432)
neg, 0.31607632861215096, left(srz193061791)
neg, 0.36040220265655376, left(srz442304425)
neg, 0.0887268665164327, left(srz1930610417)
neg, 0.08762384534061207, left(srz44230446656)
neg, 0.09700154491364789, left(srz44248273940)
neg, 0.5006733409902656, left(srz44248277477)
neg, 0.31607632861215096, left(srz44230442922)
neg, 0.0887268665164327, left(srz965949210969)
neg, 0.10429965700047668, left(srz24618675771)
neg, 0.09363016764644838, left(srz193066584)
neg, 0.08762384534061207, left(srz193064872)
neg, 0.40635621084154055, left(srz99311012635)
neg, 0.2605058195600784, left(srz99311018988)
neg, 0.09609493625297909, left(srz8029727340)
neg, 0.08958030644887138, left(srz965661710853)
neg, 0.09609493625297909, left(srz96566176519)
neg, 0.10429965700047668, left(srz274095915419)
neg, 0.0992611488082572, left(srz24618678812)
neg, 0.21561915279098645, left(srz44230441140)
neg, 0.0887268665164327, left(srz96594921464)
neg, 0.08797708080886504, left(srz8029726417)
neg, 0.21561915279098645, left(srz24618674291)
neg, 0.33768125175482216, left(srz44230442204)
neg, 0.43024999543214043, left(srz9931101182)
neg, 0.0887268665164327, left(srz24618679364)
neg, 0.08990707212312127, left(srz965949210741)
neg, 0.09608915723563012, left(srz274095911946)
neg, 0.09447386570887614, left(srz96594925164)
neg, 0.40635621084154055, left(srz44230441970)
neg, 0.33768125175482216, left(srz965949211621)
neg, 0.11688192957054873, left(srz9931101890)
neg, 0.10205775805938307, left(srz965949213908)
neg, 0.40635621084154055, left(srz27409595132)
neg, 0.21531360176855996, left(srz44230443996)
neg, 0.3711736182300026, left(srz193065686)
neg, 0.11688192957054873, left(srz44248273469)
neg, 0.08762384534061207, left(srz193069431)
neg, 0.3711736182300026, left(srz965949213270)
neg, 0.09470362628195078, left(srz96594928845)
neg, 0.0887268665164327, left(srz96566171656)
neg, 0.0887268665164327, left(srz44230442810)
neg, 0.36040220265655376, left(srz8029726971)
neg, 0.43024999543214043, left(srz96594928139)
neg, 0.43024999543214043, left(srz44248275865)
neg, 0.10429965700047668, left(srz44230443016)
neg, 0.09463868543959796, left(srz96594921966)
neg, 0.08903291949117803, left(srz44230444581)
neg, 0.43024999543214043, left(srz96594922438)
neg, 0.09264665702184746, left(srz274095911122)
neg, 0.10747792548879284, left(srz99311018635)
neg, 0.09332796036453707, left(srz44230442164)
neg, 0.09632821988167461, left(srz193062412)
neg, 0.08990707212312127, left(srz193065964)
neg, 0.2144317939556987, left(srz193065152)
neg, 0.09463868543959796, left(srz193066629)
neg, 0.5379974749891667, left(srz44230444464)
neg, 0.08762384534061207, left(srz99311016060)
neg, 0.08762384534061207, left(srz19306447)
neg, 0.10747792548879284, left(srz246186714296)
neg, 0.31607632861215096, left(srz8029721168)
neg, 0.6370360364783444, left(srz96566177221)
neg, 0.21561915279098645, left(srz96566173065)
neg, 0.09941796035347768, left(srz96594929763)
neg, 0.09463868543959796, left(srz19306646)
neg, 0.11688192957054873, left(srz44248273304)
neg, 0.11688192957054873, left(srz44230446855)
neg, 0.0992611488082572, left(srz96566172580)
neg, 0.10429965700047668, left(srz993110110179)
neg, 0.10429965700047668, left(srz96566174648)
neg, 0.0868824920165507, left(srz193061098)
neg, 0.5379974749891667, left(srz246186712974)
neg, 0.31607632861215096, left(srz44230442218)
neg, 0.40635621084154055, left(srz24618674847)
neg, 0.31607632861215096, left(srz99311018150)
neg, 0.0937508809907689, left(srz193062399)
neg, 0.09941796035347768, left(srz99311015830)
neg, 0.08762384534061207, left(srz4423044231)
neg, 0.09463868543959796, left(srz44230447854)
neg, 0.09340274269541389, left(srz965949211245)
neg, 0.43024999543214043, left(srz44230446043)
neg, 0.08969631519377494, left(srz2461867716)
neg, 0.31607632861215096, left(srz193067459)
neg, 0.31607632861215096, left(srz96594926013)
neg, 0.19918329105392513, left(srz4423044911)
neg, 0.10205775805938307, left(srz96566171404)
neg, 0.3711736182300026, left(srz24618679557)
neg, 0.43024999543214043, left(srz802972910)
neg, 0.09363016764644838, left(srz246186711222)
neg, 0.21561915279098645, left(srz27409594117)
neg, 0.08762384534061207, left(srz193063886)
neg, 0.31607632861215096, left(srz24618679952)
neg, 0.2144317939556987, left(srz99311011809)
neg, 0.10747792548879284, left(srz965661710149)
neg, 0.09016603697229966, left(srz8029722231)
neg, 0.10429965700047668, left(srz27409593360)
neg, 0.10429965700047668, left(srz24618671937)
neg, 0.09609493625297909, left(srz44248275041)
neg, 0.21531360176855996, left(srz96594923943)
neg, 0.36040220265655376, left(srz8029726737)
neg, 0.34814322782325435, left(srz96594924235)
neg, 0.0937508809907689, left(srz8029729636)
neg, 0.09463868543959796, left(srz1930610674)
neg, 0.09490985775752864, left(srz1930610663)
neg, 0.0887268665164327, left(srz9656617371)
neg, 0.09463734954675793, left(srz27409597781)
neg, 0.09129785735141506, left(srz246186712514)
neg, 0.09608915723563012, left(srz27409598908)
neg, 0.31607632861215096, left(srz80297210714)
neg, 0.31607632861215096, left(srz1930611582)
neg, 0.13062912489546, left(srz27409599031)
neg, 0.31607632861215096, left(srz96594926030)
neg, 0.08762384534061207, left(srz96566174949)
neg, 0.0958193856345921, left(srz19306776)
neg, 0.09463868543959796, left(srz96594926930)
neg, 0.11688192957054873, left(srz96594924134)
neg, 0.0924723759409461, left(srz8029729402)
neg, 0.5854559097590201, left(srz44230447602)
neg, 0.31607632861215096, left(srz44248271816)
neg, 0.10747792548879284, left(srz274095910377)
neg, 0.08762384534061207, left(srz80297210438)
neg, 0.10429965700047668, left(srz44248277114)
neg, 0.09340274269541389, left(srz44248271021)
neg, 0.36040220265655376, left(srz8029726975)
neg, 0.31607632861215096, left(srz44248273854)
neg, 0.10747792548879284, left(srz27409598626)
neg, 0.10429965700047668, left(srz80297210826)
neg, 0.43024999543214043, left(srz246186711063)
neg, 0.40635621084154055, left(srz965661713487)
neg, 0.09168441105486956, left(srz27409597743)
neg, 0.10429965700047668, left(srz9656617645)
neg, 0.33768125175482216, left(srz44230443349)
neg, 0.33768125175482216, left(srz44248276083)
neg, 0.10205775805938307, left(srz96594921338)
neg, 0.09259174908264792, left(srz965661710285)
neg, 0.10429965700047668, left(srz965949211561)
neg, 0.0992611488082572, left(srz2461867832)
neg, 0.08762384534061207, left(srz193069359)
neg, 0.0924723759409461, left(srz9656617747)
neg, 0.4544511178758716, left(srz8029727815)
neg, 0.0958193856345921, left(srz193068692)
neg, 0.40635621084154055, left(srz965661713670)
neg, 0.08762384534061207, left(srz965949213858)
neg, 0.338085635834678, left(srz246186710354)
neg, 0.08762384534061207, left(srz8029729274)
neg, 0.0937508809907689, left(srz8029722441)
neg, 0.10747792548879284, left(srz44230446438)
neg, 0.10747792548879284, left(srz96594925293)
neg, 0.11688192957054873, left(srz965949213323)
neg, 0.08762384534061207, left(srz274095912417)
neg, 0.23269372339757188, left(srz4424827684)
neg, 0.09609493625297909, left(srz965661712799)
neg, 0.08762384534061207, left(srz96594927598)
neg, 0.3261986113799918, left(srz965661712466)
neg, 0.11688192957054873, left(srz99311014986)
neg, 0.09470362628195078, left(srz2740959619)
neg, 0.31607632861215096, left(srz193062789)
neg, 0.11688192957054873, left(srz274095915000)
neg, 0.0937508809907689, left(srz8029724895)
neg, 0.0887268665164327, left(srz965949210915)
neg, 0.0887268665164327, left(srz44248276788)
neg, 0.21561915279098645, left(srz965949211979)
neg, 0.34814322782325435, left(srz44248272524)
neg, 0.21561915279098645, left(srz246186712003)
neg, 0.08969631519377494, left(srz44230445035)
neg, 0.33768125175482216, left(srz8029729999)
neg, 0.09463734954675793, left(srz965661715135)
neg, 0.31607632861215096, left(srz8029725445)
neg, 0.09259174908264792, left(srz8029721911)
neg, 0.11688192957054873, left(srz965661711684)
neg, 0.10747792548879284, left(srz8029721892)
neg, 0.19918329105392513, left(srz1930611690)
neg, 0.09463868543959796, left(srz9659492738)
neg, 0.43024999543214043, left(srz802972935)
neg, 0.23269372339757188, left(srz24618674103)
neg, 0.09941796035347768, left(srz44230445274)
neg, 0.31607632861215096, left(srz8029724792)
neg, 0.08762384534061207, left(srz193064955)
neg, 0.09259174908264792, left(srz274095916690)
neg, 0.21531360176855996, left(srz44230443999)
neg, 0.10429965700047668, left(srz27409596240)
neg, 0.2522192920344088, left(srz965661711722)
neg, 0.10429965700047668, left(srz274095916754)
neg, 0.10429965700047668, left(srz24618678657)
neg, 0.3261986113799918, left(srz965661712468)
neg, 0.31607632861215096, left(srz44248272865)
neg, 0.10404929125716667, left(srz1930612156)
neg, 0.33768125175482216, left(srz965661713103)
neg, 0.0937508809907689, left(srz8029726890)
neg, 0.10429965700047668, left(srz27409592647)
neg, 0.338085635834678, left(srz993110112340)
neg, 0.09363016764644838, left(srz1930611141)
neg, 0.21561915279098645, left(srz1930611946)
neg, 0.0887268665164327, left(srz193066112)
neg, 0.10205775805938307, left(srz96594926459)
neg, 0.09168441105486956, left(srz27409592908)
neg, 0.5169565646748872, left(srz27409596025)
neg, 0.08928961349481537, left(srz27409599677)
neg, 0.09965842165547369, left(srz24618674710)
neg, 0.31607632861215096, left(srz193066439)
neg, 0.33768125175482216, left(srz27409593558)
neg, 0.34855354714672426, left(srz965661712398)
neg, 0.09941796035347768, left(srz96566174541)
neg, 0.09129785735141506, left(srz44248276594)
neg, 0.33768125175482216, left(srz246186714380)
neg, 0.08762384534061207, left(srz2740959125)
neg, 0.2522192920344088, left(srz965661711734)
neg, 0.19323985915953887, left(srz96566175670)
neg, 0.31607632861215096, left(srz8029726731)
neg, 0.0958193856345921, left(srz9931101368)
neg, 0.09762134993398691, left(srz993110112151)
neg, 0.10747792548879284, left(srz24618672420)
neg, 0.09463868543959796, left(srz1930610038)
neg, 0.08990707212312127, left(srz193065919)
neg, 0.11688192957054873, left(srz99311014899)
neg, 0.10429965700047668, left(srz193062421)
neg, 0.23784265859764414, left(srz8029723275)
neg, 0.09340274269541389, left(srz802972119)
neg, 0.0887268665164327, left(srz1930610476)
neg, 0.09941796035347768, left(srz965661710671)
neg, 0.11688192957054873, left(srz965661713973)
neg, 0.08884187788696475, left(srz44230445493)
neg, 0.22014123864636012, left(srz193065320)
neg, 0.10404929125716667, left(srz96594926436)
neg, 0.09755325131303125, left(srz1930610964)
neg, 0.43024999543214043, left(srz24618672213)
neg, 0.09463868543959796, left(srz27409595541)
neg, 0.08797708080886504, left(srz99311015421)
neg, 0.09762134993398691, left(srz24618678791)
neg, 0.21531360176855996, left(srz246186715977)
neg, 0.43024999543214043, left(srz44230447803)
neg, 0.09762134993398691, left(srz24618675065)
neg, 0.19918329105392513, left(srz96566172828)
neg, 0.31607632861215096, left(srz9656617768)
neg, 0.08762384534061207, left(srz96594928747)
neg, 0.43024999543214043, left(srz99311011971)
neg, 0.3331641946750168, left(srz96566175398)
neg, 0.10747792548879284, left(srz80297210934)
neg, 0.10429965700047668, left(srz27409593437)
neg, 0.09470362628195078, left(srz27409594929)
neg, 0.09632821988167461, left(srz96594929972)
neg, 0.09226005588983227, left(srz96594924591)
neg, 0.10429965700047668, left(srz965661712087)
neg, 0.33768125175482216, left(srz99311013631)
neg, 0.08762384534061207, left(srz8029728792)
neg, 0.09700154491364789, left(srz965661714981)
neg, 0.08762384534061207, left(srz19306411)
neg, 0.08903291949117803, left(srz44230442979)
neg, 0.10747792548879284, left(srz965949214168)
neg, 0.08762384534061207, left(srz44248274770)
neg, 0.11688192957054873, left(srz27409599272)
neg, 0.3261986113799918, left(srz27409599329)
neg, 0.08762384534061207, left(srz44230441663)
neg, 0.21561915279098645, left(srz99311016767)
neg, 0.08762384534061207, left(srz2461867136)
neg, 0.11688192957054873, left(srz99311014971)
neg, 0.10429965700047668, left(srz27409598004)
neg, 0.11688192957054873, left(srz193061545)
neg, 0.09224747701105376, left(srz96594927282)
neg, 0.0992611488082572, left(srz246186710237)
neg, 0.10205775805938307, left(srz27409597104)
neg, 0.33768125175482216, left(srz8029727094)
neg, 0.2522192920344088, left(srz44248273327)
neg, 0.08762384534061207, left(srz96594928782)
neg, 0.08762384534061207, left(srz44230443700)
neg, 0.09656552271795196, left(srz2461867428)
neg, 0.21561915279098645, left(srz8029725751)
neg, 0.31607632861215096, left(srz965949211866)
neg, 0.10747792548879284, left(srz19306801)
neg, 0.08978074992954073, left(srz965661725)
neg, 0.21561915279098645, left(srz27409591407)
neg, 0.2144317939556987, left(srz19306761)
neg, 0.5379974749891667, left(srz193066163)
neg, 0.09762134993398691, left(srz99311014381)
neg, 0.11688192957054873, left(srz246186711976)
neg, 0.09490985775752864, left(srz965949211189)
neg, 0.33768125175482216, left(srz44248271599)
neg, 0.33768125175482216, left(srz965661713914)
neg, 0.31607632861215096, left(srz965661713668)
neg, 0.08762384534061207, left(srz96594928764)
neg, 0.09609493625297909, left(srz99311012951)
neg, 0.09609493625297909, left(srz44230446311)
neg, 0.21531360176855996, left(srz44230444163)
neg, 0.10747792548879284, left(srz993110110106)
neg, 0.0887268665164327, left(srz99311013100)
neg, 0.09490985775752864, left(srz993110110389)
neg, 0.31607632861215096, left(srz274095914831)
neg, 0.33768125175482216, left(srz193062746)
neg, 0.10429965700047668, left(srz27409599774)
neg, 0.43024999543214043, left(srz44230447909)
neg, 0.11688192957054873, left(srz8029721461)
neg, 0.10747792548879284, left(srz44248274682)
neg, 0.08978074992954073, left(srz24618673996)
neg, 0.21561915279098645, left(srz99311016784)
neg, 0.09608915723563012, left(srz193061890)
neg, 0.0887268665164327, left(srz80297210392)
neg, 0.0958193856345921, left(srz965949261)
neg, 0.11688192957054873, left(srz99311014740)
neg, 0.10747792548879284, left(srz27409596995)
neg, 0.09264665702184746, left(srz27409595674)
neg, 0.43024999543214043, left(srz2740959438)
neg, 0.09168441105486956, left(srz24618676314)
neg, 0.31607632861215096, left(srz2740959698)
neg, 0.08762384534061207, left(srz96566177788)
neg, 0.10404929125716667, left(srz965949212989)
neg, 0.08762384534061207, left(srz27409599577)
neg, 0.09941796035347768, left(srz44248271199)
neg, 0.09259174908264792, left(srz193068228)
neg, 0.2522192920344088, left(srz193061435)
neg, 0.14392251391921854, left(srz99311018887)
neg, 0.28887358464003626, left(srz44248271843)
neg, 0.10404929125716667, left(srz99311011498)
neg, 0.40635621084154055, left(srz99311015548)
neg, 0.09470362628195078, left(srz27409594931)
neg, 0.13952275334673125, left(srz965949210010)
neg, 0.09398249492320182, left(srz99311015649)
neg, 0.33768125175482216, left(srz44248271545)
neg, 0.21561915279098645, left(srz96566176231)
neg, 0.21561915279098645, left(srz8029722821)
neg, 0.09608915723563012, left(srz24618674510)
neg, 0.0924723759409461, left(srz96566172337)
neg, 0.0937508809907689, left(srz993110110421)
neg, 0.31607632861215096, left(srz44230445128)
neg, 0.09363016764644838, left(srz24618673458)
neg, 0.19918329105392513, left(srz96566179028)
neg, 0.43024999543214043, left(srz9656617964)
neg, 0.09941796035347768, left(srz99311019365)
neg, 0.09608915723563012, left(srz24618677166)
neg, 0.10429965700047668, left(srz8029729042)
neg, 0.0992611488082572, left(srz9659492949)
neg, 0.3711736182300026, left(srz965949213218)
neg, 0.11688192957054873, left(srz274095913907)
neg, 0.09470362628195078, left(srz96566172407)
neg, 0.10429965700047668, left(srz24618673884)
neg, 0.09608915723563012, left(srz274095915359)
neg, 0.13062912489546, left(srz96566178772)
neg, 0.09632821988167461, left(srz8029723210)
neg, 0.08978074992954073, left(srz193061106)
neg, 0.33768125175482216, left(srz8029728568)
neg, 0.31607632861215096, left(srz96566172540)
neg, 0.08762384534061207, left(srz44230446697)
neg, 0.08762384534061207, left(srz2740959122)
neg, 0.09632821988167461, left(srz965949211537)
neg, 0.31607632861215096, left(srz24618671458)
neg, 0.08762384534061207, left(srz96566173660)
neg, 0.33768125175482216, left(srz8029722754)
neg, 0.08762384534061207, left(srz246186716330)
neg, 0.2522192920344088, left(srz99311014854)
neg, 0.09016603697229966, left(srz96594927163)
neg, 0.08990707212312127, left(srz8029727380)
neg, 0.33768125175482216, left(srz993110110130)
neg, 0.43024999543214043, left(srz27409599958)
neg, 0.21561915279098645, left(srz993110111366)
neg, 0.10747792548879284, left(srz9931101305)
neg, 0.09340274269541389, left(srz99311017116)
neg, 0.12239018499212168, left(srz44248273594)
neg, 0.0887268665164327, left(srz44248275389)
neg, 0.09447233311561995, left(srz193069204)
neg, 0.10429965700047668, left(srz8029729339)
neg, 0.09224747701105376, left(srz19306619)
neg, 0.09470362628195078, left(srz8029725041)
neg, 0.33768125175482216, left(srz1930611165)
neg, 0.10747792548879284, left(srz246186712892)
neg, 0.31607632861215096, left(srz24618671375)
neg, 0.09447386570887614, left(srz44248277528)
neg, 0.08762384534061207, left(srz8029726052)
neg, 0.0937508809907689, left(srz96566173379)
neg, 0.10205775805938307, left(srz965949213441)
neg, 0.09608915723563012, left(srz44248274824)
neg, 0.09608915723563012, left(srz27409595614)
neg, 0.33768125175482216, left(srz24618674985)
neg, 0.21561915279098645, left(srz96566176153)
neg, 0.33768125175482216, left(srz99311018406)
neg, 0.10429965700047668, left(srz44248271421)
neg, 0.2161421357982058, left(srz193068049)
neg, 0.10747792548879284, left(srz44230441350)
neg, 0.10404929125716667, left(srz274095913513)
neg, 0.31607632861215096, left(srz965661711077)
neg, 0.43024999543214043, left(srz802972412)
neg, 0.338085635834678, left(srz193066491)
neg, 0.10429965700047668, left(srz246186716602)
neg, 0.21531360176855996, left(srz1930611994)
neg, 0.09463734954675793, left(srz246186713871)
neg, 0.10747792548879284, left(srz24618671570)
neg, 0.11688192957054873, left(srz44248273447)
neg, 0.0937508809907689, left(srz8029729638)
neg, 0.08762384534061207, left(srz8029724367)
neg, 0.09609493625297909, left(srz965949212250)
neg, 0.10404929125716667, left(srz274095913486)
neg, 0.09259174908264792, left(srz99311012466)
neg, 0.10429965700047668, left(srz44230447505)
neg, 0.10429965700047668, left(srz246186715025)
neg, 0.08762384534061207, left(srz99311013744)
neg, 0.09490985775752864, left(srz44248274550)
neg, 0.08762384534061207, left(srz965949213777)
neg, 0.3261986113799918, left(srz965949213138)
neg, 0.33768125175482216, left(srz44230447766)
neg, 0.31607632861215096, left(srz99311018044)
neg, 0.31607632861215096, left(srz44248276406)
neg, 0.10747792548879284, left(srz274095912253)
neg, 0.08990707212312127, left(srz8029723706)
neg, 0.10404929125716667, left(srz44248277537)
neg, 0.19323985915953887, left(srz96566175665)
neg, 0.09451882750413709, left(srz274095914094)
neg, 0.08969631519377494, left(srz274095916665)
neg, 0.21561915279098645, left(srz9931101730)
neg, 0.36040220265655376, left(srz274095917318)
neg, 0.31607632861215096, left(srz193062731)
neg, 0.08762384534061207, left(srz96594927689)
neg, 0.09470362628195078, left(srz274095915216)
neg, 0.33768125175482216, left(srz44248272348)
neg, 0.08762384534061207, left(srz274095911330)
neg, 0.19918329105392513, left(srz965949211834)
neg, 0.338085635834678, left(srz99311012293)
neg, 0.17064270533827597, left(srz193068548)
neg, 0.10747792548879284, left(srz96594925303)
neg, 0.11688192957054873, left(srz965661711861)
neg, 0.08762384534061207, left(srz96566174960)
neg, 0.08990707212312127, left(srz44248275272)
neg, 0.23269372339757188, left(srz965949212937)
neg, 0.09486880485969293, left(srz44248272740)
neg, 0.21531360176855996, left(srz8029722634)
neg, 0.08990707212312127, left(srz44248275240)
neg, 0.09608915723563012, left(srz246186712779)
neg, 0.09264665702184746, left(srz27409595671)
neg, 0.10429965700047668, left(srz274095910659)
neg, 0.11688192957054873, left(srz193061541)
neg, 0.09090821718191328, left(srz274095914604)
neg, 0.09608915723563012, left(srz8029729809)
neg, 0.09490985775752864, left(srz96594923545)
neg, 0.09608915723563012, left(srz96566179414)
neg, 0.09609493625297909, left(srz193062916)
neg, 0.10429965700047668, left(srz44230448181)
neg, 0.40635621084154055, left(srz44248272890)
neg, 0.09929050605018572, left(srz96566177185)
neg, 0.08663205983885237, left(srz965661713393)
neg, 0.5379974749891667, left(srz44230447337)
neg, 0.4544511178758716, left(srz44230447462)
neg, 0.11688192957054873, left(srz965661711804)
neg, 0.28887358464003626, left(srz44248274527)
neg, 0.09463868543959796, left(srz27409595545)
neg, 0.0992611488082572, left(srz9659492943)
neg, 0.17553375188817422, left(srz96566172132)
neg, 0.33768125175482216, left(srz44248271499)
neg, 0.43024999543214043, left(srz24618671812)
neg, 0.31607632861215096, left(srz44248273853)
neg, 0.40635621084154055, left(srz8029725377)
neg, 0.43024999543214043, left(srz193066424)
neg, 0.40718129894508587, left(srz246186716281)
neg, 0.0887268665164327, left(srz246186710726)
neg, 0.10429965700047668, left(srz965661713577)
neg, 0.21561915279098645, left(srz24618672820)
neg, 0.0868824920165507, left(srz965661713379)
neg, 0.0958193856345921, left(srz193064791)
neg, 0.31607632861215096, left(srz993110111221)
neg, 0.21561915279098645, left(srz24618677554)
neg, 0.10205775805938307, left(srz27409597137)
neg, 0.11688192957054873, left(srz99311014870)
neg, 0.09463868543959796, left(srz993110112162)
neg, 0.10747792548879284, left(srz993110110492)
neg, 0.09609493625297909, left(srz80297210124)
neg, 0.21531360176855996, left(srz44248272247)
neg, 0.09470362628195078, left(srz274095911203)
neg, 0.0868824920165507, left(srz193064568)
neg, 0.33768125175482216, left(srz9659492879)
neg, 0.43024999543214043, left(srz99311018277)
neg, 0.09941796035347768, left(srz99311019375)
neg, 0.5379974749891667, left(srz246186710178)
neg, 0.09463868543959796, left(srz246186711264)
neg, 0.08762384534061207, left(srz193066845)
neg, 0.23269372339757188, left(srz274095915972)
neg, 0.31607632861215096, left(srz965661710948)
neg, 0.2144317939556987, left(srz2740959891)
neg, 0.7077438782664071, left(srz246186717064)
neg, 0.23269372339757188, left(srz965949212945)
neg, 0.08762384534061207, left(srz44248277934)
neg, 0.10429965700047668, left(srz993110111679)
neg, 0.31607632861215096, left(srz44248277059)
neg, 0.3261986113799918, left(srz44248271164)
neg, 0.08762384534061207, left(srz99311019622)
neg, 0.09264665702184746, left(srz44230442568)
neg, 0.08978074992954073, left(srz24618673997)
neg, 0.43024999543214043, left(srz8029725687)
neg, 0.09545126812388274, left(srz274095916719)
neg, 0.09608915723563012, left(srz27409594263)
neg, 0.13952275334673125, left(srz99311015694)
neg, 0.21561915279098645, left(srz24618677461)
neg, 0.11688192957054873, left(srz965949212019)
neg, 0.10747792548879284, left(srz9659492818)
neg, 0.0887268665164327, left(srz99311018727)
neg, 0.0887268665164327, left(srz8029727529)
neg, 0.10747792548879284, left(srz8029729685)
neg, 0.09608915723563012, left(srz8029721237)
neg, 0.09762134993398691, left(srz96566175636)
neg, 0.21561915279098645, left(srz24618677560)
neg, 0.13931861312733054, left(srz96594922050)
neg, 0.09490985775752864, left(srz96594927319)
neg, 0.0992611488082572, left(srz246186710944)
neg, 0.08928961349481537, left(srz44230445765)
neg, 0.08903291949117803, left(srz44230447444)
neg, 0.10747792548879284, left(srz965661714800)
neg, 0.09762134993398691, left(srz44248274864)
neg, 0.09463868543959796, left(srz8029724827)
neg, 0.09608915723563012, left(srz246186710279)
neg, 0.08762384534061207, left(srz965661714263)
neg, 0.08762384534061207, left(srz99311019643)
neg, 0.10747792548879284, left(srz993110111764)
neg, 0.43024999543214043, left(srz24618678023)
neg, 0.09762134993398691, left(srz193062111)
neg, 0.12239018499212168, left(srz44230446772)
neg, 0.08762384534061207, left(srz99311019553)
neg, 0.21561915279098645, left(srz27409593840)
neg, 0.11688192957054873, left(srz44248277787)
neg, 0.10747792548879284, left(srz193063268)
neg, 0.08990707212312127, left(srz1930610247)
neg, 0.09941796035347768, left(srz993110110803)
neg, 0.0887268665164327, left(srz9656617429)
neg, 0.08884187788696475, left(srz80297210171)
neg, 0.10404929125716667, left(srz965949213185)
neg, 0.10429965700047668, left(srz965949211539)
neg, 0.09608915723563012, left(srz246186712344)
neg, 0.09470362628195078, left(srz8029725042)
neg, 0.11688192957054873, left(srz44248273478)
neg, 0.08990707212312127, left(srz193067644)
neg, 0.10747792548879284, left(srz246186716790)
neg, 0.09398249492320182, left(srz246186712496)
neg, 0.31607632861215096, left(srz44248274002)
neg, 0.43024999543214043, left(srz24618674612)
neg, 0.09082282791544143, left(srz44230445408)
neg, 0.0887268665164327, left(srz44230445579)
neg, 0.09470362628195078, left(srz44230447944)
neg, 0.10429965700047668, left(srz24618674899)
neg, 0.10429965700047668, left(srz274095911532)
neg, 0.09608915723563012, left(srz24618676133)
neg, 0.31607632861215096, left(srz193064549)
neg, 0.19918329105392513, left(srz246186715899)
neg, 0.10429965700047668, left(srz246186713514)
neg, 0.33768125175482216, left(srz193062227)
neg, 0.10747792548879284, left(srz99311013972)
neg, 0.40635621084154055, left(srz24618677792)
neg, 0.09224747701105376, left(srz96566177267)
neg, 0.31607632861215096, left(srz965949211871)
neg, 0.13062912489546, left(srz274095913627)
neg, 0.22014123864636012, left(srz8029727994)
neg, 0.09608915723563012, left(srz27409598328)
neg, 0.11688192957054873, left(srz27409599161)
neg, 0.08762384534061207, left(srz8029728859)
neg, 0.34855354714672426, left(srz99311017233)
neg, 0.09259174908264792, left(srz44230446421)
neg, 0.08762384534061207, left(srz44248278120)
neg, 0.09965842165547369, left(srz8029723204)
neg, 0.09490985775752864, left(srz8029725112)
neg, 0.0887268665164327, left(srz27409597298)
neg, 0.40635621084154055, left(srz993110111727)
neg, 0.08990707212312127, left(srz193065880)
neg, 0.33768125175482216, left(srz99311015292)
neg, 0.08762384534061207, left(srz4424827379)
neg, 0.09941796035347768, left(srz193063733)
neg, 0.33768125175482216, left(srz96594922642)
neg, 0.33768125175482216, left(srz193067137)
neg, 0.21531360176855996, left(srz44248272259)
neg, 0.09463734954675793, left(srz96566171944)
neg, 0.33768125175482216, left(srz8029723959)
neg, 0.11688192957054873, left(srz96566178910)
neg, 0.09447233311561995, left(srz96566177919)
neg, 0.33768125175482216, left(srz8029721627)
neg, 0.2522192920344088, left(srz965661711761)
neg, 0.21561915279098645, left(srz246186714903)
neg, 0.08762384534061207, left(srz246186713339)
neg, 0.33768125175482216, left(srz96566177965)
neg, 0.43024999543214043, left(srz99311011982)
neg, 0.08762384534061207, left(srz965661714304)
neg, 0.21561915279098645, left(srz44230441093)
neg, 0.09235628868285982, left(srz24618671565)
neg, 0.43024999543214043, left(srz44230443197)
neg, 0.43024999543214043, left(srz27409596031)
neg, 0.3261986113799918, left(srz96594924245)
neg, 0.3711736182300026, left(srz99311014668)
neg, 0.09090821718191328, left(srz44248275925)
neg, 0.31607632861215096, left(srz99311019254)
neg, 0.5006733409902656, left(srz802972253)
neg, 0.08990707212312127, left(srz193067685)
neg, 0.19918329105392513, left(srz99311015017)
neg, 0.09965842165547369, left(srz44230444683)
neg, 0.09463868543959796, left(srz993110112158)
neg, 0.33768125175482216, left(srz27409598056)
neg, 0.21561915279098645, left(srz96566176222)
neg, 0.19918329105392513, left(srz1930611980)
neg, 0.10747792548879284, left(srz24618679279)
neg, 0.08762384534061207, left(srz1930612184)
neg, 0.08884187788696475, left(srz80297210195)
neg, 0.11688192957054873, left(srz193061375)
neg, 0.31607632861215096, left(srz965661712738)
neg, 0.21561915279098645, left(srz8029727734)
neg, 0.08762384534061207, left(srz27409599496)
neg, 0.08990707212312127, left(srz44248275189)
neg, 0.21561915279098645, left(srz96566173000)
neg, 0.09447386570887614, left(srz96566171372)
neg, 0.08762384534061207, left(srz8029725902)
neg, 0.19918329105392513, left(srz24618677335)
neg, 0.34814322782325435, left(srz44230444314)
neg, 0.08762384534061207, left(srz193066709)
neg, 0.43024999543214043, left(srz965949212643)
neg, 0.08762384534061207, left(srz4424827398)
neg, 0.08762384534061207, left(srz96566174962)
neg, 0.10747792548879284, left(srz9656617308)
neg, 0.08762384534061207, left(srz193069335)
neg, 0.33768125175482216, left(srz24618675519)
neg, 0.09762134993398691, left(srz27409592218)
neg, 0.36040220265655376, left(srz44230444748)
neg, 0.338085635834678, left(srz44230446404)
neg, 0.3113054638003522, left(srz274095910941)
neg, 0.10429965700047668, left(srz44230445824)
neg, 0.08762384534061207, left(srz44230442285)
neg, 0.31607632861215096, left(srz44230444828)
neg, 0.09447233311561995, left(srz96594927742)
neg, 0.08762384534061207, left(srz27409599487)
neg, 0.2522192920344088, left(srz246186714714)
neg, 0.08762384534061207, left(srz96566173730)
neg, 0.43024999543214043, left(srz24618676243)
neg, 0.09463868543959796, left(srz19306836)
neg, 0.08762384534061207, left(srz965661712010)
neg, 0.09226005588983227, left(srz96566176794)
neg, 0.08762384534061207, left(srz96566177901)
neg, 0.09224747701105376, left(srz99311017508)
neg, 0.0937508809907689, left(srz965661715168)
neg, 0.09463868543959796, left(srz193062933)
neg, 0.1893572335612909, left(srz99311012121)
neg, 0.21561915279098645, left(srz96566173026)
neg, 0.31607632861215096, left(srz274095914885)
neg, 0.09259174908264792, left(srz96566178524)
neg, 0.11688192957054873, left(srz99311014900)
neg, 0.09016603697229966, left(srz19306505)
neg, 0.09264665702184746, left(srz246186710564)
neg, 0.31607632861215096, left(srz8029721712)
neg, 0.10747792548879284, left(srz99311013788)
neg, 0.08969631519377494, left(srz96594925066)
neg, 0.17064270533827597, left(srz44248277692)
neg, 0.31607632861215096, left(srz193067473)
neg, 0.31607632861215096, left(srz99311015274)
neg, 0.10429965700047668, left(srz24618679708)
neg, 0.12239018499212168, left(srz246186710243)
neg, 0.10205775805938307, left(srz246186713104)
neg, 0.31607632861215096, left(srz2740959690)
neg, 0.0887268665164327, left(srz193066049)
neg, 0.2521930902644402, left(srz96566178808)
neg, 0.10429965700047668, left(srz965949213640)
neg, 0.31607632861215096, left(srz8029728271)
neg, 0.08990707212312127, left(srz193065992)
neg, 0.09762134993398691, left(srz246186714036)
neg, 0.10747792548879284, left(srz96566179611)
neg, 0.0887268665164327, left(srz27409595906)
neg, 0.7077438782664071, left(srz44230443433)
neg, 0.11688192957054873, left(srz246186714674)
neg, 0.09941796035347768, left(srz99311011425)
neg, 0.09447233311561995, left(srz193068073)
neg, 0.09941796035347768, left(srz274095911801)
neg, 0.08884187788696475, left(srz80297210205)
neg, 0.09264665702184746, left(srz44230442542)
neg, 0.10747792548879284, left(srz246186712849)
neg, 0.11688192957054873, left(srz274095915007)
neg, 0.43024999543214043, left(srz27409592633)
neg, 0.0868824920165507, left(srz8029729802)
neg, 0.21561915279098645, left(srz96566176113)
neg, 0.08978074992954073, left(srz965661712898)
neg, 0.09463734954675793, left(srz1930610898)
neg, 0.08762384534061207, left(srz965949213874)
neg, 0.09447386570887614, left(srz44230442506)
neg, 0.09090821718191328, left(srz24618675318)
neg, 0.43024999543214043, left(srz44230446051)
neg, 0.08762384534061207, left(srz96594928707)
neg, 0.09463868543959796, left(srz193063473)
neg, 0.3261986113799918, left(srz8029725861)
neg, 0.10429965700047668, left(srz9659492316)
neg, 0.33768125175482216, left(srz965949211322)
neg, 0.31607632861215096, left(srz4423044935)
neg, 0.36040220265655376, left(srz99311011945)
neg, 0.23269372339757188, left(srz24618674096)
neg, 0.31607632861215096, left(srz8029729961)
neg, 0.21531360176855996, left(srz8029722709)
neg, 0.11688192957054873, left(srz44248273300)
neg, 0.33768125175482216, left(srz44230444087)
neg, 0.11688192957054873, left(srz4424827934)
neg, 0.09470362628195078, left(srz99311012387)
neg, 0.36040220265655376, left(srz44248276323)
neg, 0.09762134993398691, left(srz2461867768)
neg, 0.09470362628195078, left(srz193062258)
neg, 0.10429965700047668, left(srz27409597246)
neg, 0.10429965700047668, left(srz96594928072)
neg, 0.11688192957054873, left(srz44248273466)
neg, 0.338085635834678, left(srz44230446401)
neg, 0.31607632861215096, left(srz8029728277)
neg, 0.08762384534061207, left(srz274095911278)
neg, 0.08762384534061207, left(srz4423044201)
neg, 0.22014123864636012, left(srz99311019134)
neg, 0.09463734954675793, left(srz96566175163)
neg, 0.3711736182300026, left(srz8029722584)
neg, 0.09340274269541389, left(srz19306667)
neg, 0.10429965700047668, left(srz246186716732)
neg, 0.43024999543214043, left(srz9659492360)
neg, 0.09340274269541389, left(srz27409594715)
neg, 0.10205775805938307, left(srz99311017261)
neg, 0.08762384534061207, left(srz99311011224)
neg, 0.40635621084154055, left(srz27409596751)
neg, 0.36040220265655376, left(srz24618672503)
neg, 0.19918329105392513, left(srz96566179032)
neg, 0.31607632861215096, left(srz44230441418)
neg, 0.34814322782325435, left(srz44230444325)
neg, 0.08762384534061207, left(srz274095912392)
neg, 0.0887268665164327, left(srz27409595914)
neg, 0.40635621084154055, left(srz246186716748)
neg, 0.10747792548879284, left(srz965949211554)
neg, 0.0887268665164327, left(srz96594925404)
neg, 0.08958030644887138, left(srz24618671538)
neg, 0.21561915279098645, left(srz24618672803)
neg, 0.08762384534061207, left(srz44230443756)
neg, 0.11688192957054873, left(srz44248277813)
neg, 0.09632821988167461, left(srz8029726492)
neg, 0.09762134993398691, left(srz27409593230)
neg, 0.09941796035347768, left(srz274095910229)
neg, 0.36040220265655376, left(srz44230443334)
neg, 0.08797708080886504, left(srz965661713713)
neg, 0.10205775805938307, left(srz24618679199)
neg, 0.08958030644887138, left(srz44230447524)
neg, 0.0887268665164327, left(srz965949210992)
neg, 0.09168441105486956, left(srz965661712678)
neg, 0.43024999543214043, left(srz193061739)
neg, 0.08990707212312127, left(srz193067707)
neg, 0.09490985775752864, left(srz99311019809)
neg, 0.40635621084154055, left(srz993110111728)
neg, 0.08762384534061207, left(srz4423044202)
neg, 0.21561915279098645, left(srz274095914960)
neg, 0.10747792548879284, left(srz99311017955)
neg, 0.10404929125716667, left(srz965661712362)
neg, 0.09090821718191328, left(srz96594926368)
neg, 0.095140567258244, left(srz993110110871)
neg, 0.5006733409902656, left(srz965661715593)
neg, 0.21561915279098645, left(srz24618671237)
neg, 0.09762134993398691, left(srz27409598852)
neg, 0.10429965700047668, left(srz44248271418)
neg, 0.10205775805938307, left(srz80297240)
neg, 0.09941796035347768, left(srz44248277080)
neg, 0.10205775805938307, left(srz99311016896)
neg, 0.08990707212312127, left(srz1930610409)
neg, 0.2521930902644402, left(srz96566178840)
neg, 0.34814322782325435, left(srz96594925162)
neg, 0.09490985775752864, left(srz8029724948)
neg, 0.08958030644887138, left(srz27409592061)
neg, 0.33768125175482216, left(srz965661713301)
neg, 0.31607632861215096, left(srz4423044946)
neg, 0.19918329105392513, left(srz44248273555)
neg, 0.33768125175482216, left(srz99311011764)
neg, 0.2522192920344088, left(srz96594929296)
neg, 0.08762384534061207, left(srz2461867107)
neg, 0.08797708080886504, left(srz99311018454)
neg, 0.33768125175482216, left(srz9659492233)
neg, 0.10429965700047668, left(srz96594922254)
neg, 0.6370360364783444, left(srz96594929034)
neg, 0.33186072259198907, left(srz96594926926)
neg, 0.10429965700047668, left(srz19306366)
neg, 0.0887268665164327, left(srz44248276767)
neg, 0.08762384534061207, left(srz96566175061)
neg, 0.33768125175482216, left(srz44230443348)
neg, 0.43024999543214043, left(srz44230448036)
neg, 0.11688192957054873, left(srz44248273489)
neg, 0.09762134993398691, left(srz246186712680)
neg, 0.09259174908264792, left(srz8029723111)
neg, 0.10747792548879284, left(srz246186710091)
neg, 0.31607632861215096, left(srz96566177994)
neg, 0.09463868543959796, left(srz193062921)
neg, 0.33768125175482216, left(srz44230447362)
neg, 0.36040220265655376, left(srz965949211407)
neg, 0.08762384534061207, left(srz99311013712)
neg, 0.21531360176855996, left(srz44230444044)
neg, 0.10404929125716667, left(srz27409597086)
neg, 0.31607632861215096, left(srz96594929065)
neg, 0.338085635834678, left(srz8029725216)
neg, 0.09259174908264792, left(srz44230446415)
neg, 0.08762384534061207, left(srz99311019665)
neg, 0.5006733409902656, left(srz8029724259)
neg, 0.10429965700047668, left(srz274095911489)
neg, 0.21531360176855996, left(srz44230444070)
neg, 0.21561915279098645, left(srz9931101693)
neg, 0.09470362628195078, left(srz274095914530)
neg, 0.08762384534061207, left(srz44230441767)
neg, 0.10429965700047668, left(srz24618674894)
neg, 0.0868824920165507, left(srz274095913431)
neg, 0.08958030644887138, left(srz96594926901)
neg, 0.0868824920165507, left(srz27409592774)
neg, 0.2716455391777424, left(srz96566178198)
neg, 0.09259174908264792, left(srz44230442300)
neg, 0.08762384534061207, left(srz965949213782)
neg, 0.09451882750413709, left(srz24618671766)
neg, 0.7077438782664071, left(srz96566174424)
neg, 0.33768125175482216, left(srz8029724790)
neg, 0.31607632861215096, left(srz965661713656)
neg, 0.10747792548879284, left(srz193067016)
neg, 0.09235628868285982, left(srz24618676478)
neg, 0.3711736182300026, left(srz24618675633)
neg, 0.11688192957054873, left(srz96566178931)
neg, 0.0868824920165507, left(srz965949214107)
neg, 0.08762384534061207, left(srz27409599463)
neg, 0.31607632861215096, left(srz193067046)
neg, 0.0868824920165507, left(srz2740959970)
neg, 0.09470362628195078, left(srz96594922571)
neg, 0.2144317939556987, left(srz8029724139)
neg, 0.21561915279098645, left(srz27409591302)
neg, 0.08762384534061207, left(srz8029725966)
neg, 0.09340274269541389, left(srz24618679917)
neg, 0.33768125175482216, left(srz8029728502)
neg, 0.11688192957054873, left(srz246186711945)
neg, 0.08762384534061207, left(srz193064876)
neg, 0.10429965700047668, left(srz24618677827)
neg, 0.31607632861215096, left(srz44248277321)
neg, 0.08762384534061207, left(srz193064988)
neg, 0.3261986113799918, left(srz965949213620)
neg, 0.09224747701105376, left(srz44230446430)
neg, 0.08762384534061207, left(srz19306359)
neg, 0.43024999543214043, left(srz44230446384)
neg, 0.33768125175482216, left(srz44248272878)
neg, 0.5854559097590201, left(srz8029729490)
neg, 0.08762384534061207, left(srz44248274605)
neg, 0.338085635834678, left(srz8029725258)
neg, 0.5169565646748872, left(srz9931101993)
neg, 0.09490985775752864, left(srz193069734)
neg, 0.33768125175482216, left(srz27409594845)
neg, 0.09609493625297909, left(srz99311015629)
neg, 0.31607632861215096, left(srz965661713674)
neg, 0.3711736182300026, left(srz965949213220)
neg, 0.09447386570887614, left(srz99311017057)
neg, 0.2013793350879112, left(srz44248274942)
neg, 0.2013793350879112, left(srz4423044625)
neg, 0.11688192957054873, left(srz274095915015)
neg, 0.31607632861215096, left(srz44230442211)
neg, 0.09608915723563012, left(srz27409595326)
neg, 0.09129785735141506, left(srz44248276712)
neg, 0.338085635834678, left(srz19306921)
neg, 0.08762384534061207, left(srz8029725901)
neg, 0.09656552271795196, left(srz965949210462)
neg, 0.09941796035347768, left(srz193068404)
neg, 0.2521930902644402, left(srz96566178824)
neg, 0.36040220265655376, left(srz8029725223)
neg, 0.10404929125716667, left(srz99311014638)
neg, 0.33768125175482216, left(srz44248276082)
neg, 0.0887268665164327, left(srz24618675931)
neg, 0.09463734954675793, left(srz24618673262)
neg, 0.08762384534061207, left(srz44230441769)
neg, 0.43024999543214043, left(srz8029728477)
neg, 0.0887268665164327, left(srz27409595877)
neg, 0.08762384534061207, left(srz246186713318)
neg, 0.08762384534061207, left(srz96566177852)
neg, 0.3331641946750168, left(srz44230443124)
neg, 0.43024999543214043, left(srz24618676939)
neg, 0.08990707212312127, left(srz44248275224)
neg, 0.10747792548879284, left(srz96566177456)
neg, 0.31607632861215096, left(srz44248272534)
neg, 0.0887268665164327, left(srz965661710627)
neg, 0.43024999543214043, left(srz96566179190)
neg, 0.08762384534061207, left(srz193069190)
neg, 0.21561915279098645, left(srz96566173063)
neg, 0.09965842165547369, left(srz9659492958)
neg, 0.0887268665164327, left(srz965661710585)
neg, 0.08762384534061207, left(srz965949213795)
neg, 0.36040220265655376, left(srz965661710016)
neg, 0.0937508809907689, left(srz8029722505)
neg, 0.34855354714672426, left(srz44248271069)
neg, 0.11688192957054873, left(srz9931101917)
neg, 0.31607632861215096, left(srz19306724)
neg, 0.11688192957054873, left(srz44248277880)
neg, 0.338085635834678, left(srz965661713469)
neg, 0.09762134993398691, left(srz96566175630)
neg, 0.2161421357982058, left(srz8029721688)
neg, 0.21531360176855996, left(srz8029722674)
neg, 0.11688192957054873, left(srz99311016670)
neg, 0.08762384534061207, left(srz965661714234)
neg, 0.19918329105392513, left(srz96566172810)
neg, 0.1893572335612909, left(srz193067460)
neg, 0.08990707212312127, left(srz193065875)
neg, 0.34814322782325435, left(srz8029727683)
neg, 0.43024999543214043, left(srz96594928086)
neg, 0.08762384534061207, left(srz965949212878)
neg, 0.08762384534061207, left(srz44230446566)
neg, 0.09235628868285982, left(srz24618671562)
neg, 0.40635621084154055, left(srz27409594377)
neg, 0.09490985775752864, left(srz993110110619)
neg, 0.09104766044741505, left(srz274095913438)
neg, 0.34855354714672426, left(srz965949213231)
neg, 0.33768125175482216, left(srz96594923967)
neg, 0.09608915723563012, left(srz44230441316)
neg, 0.21561915279098645, left(srz274095914706)
neg, 0.23269372339757188, left(srz27409591081)
neg, 0.40635621084154055, left(srz44248272827)
neg, 0.338085635834678, left(srz44248277414)
neg, 0.33768125175482216, left(srz44248276292)
neg, 0.10429965700047668, left(srz274095911610)
neg, 0.12280640097404143, left(srz99311011471)
neg, 0.08762384534061207, left(srz44248274703)
neg, 0.11688192957054873, left(srz246186711678)
neg, 0.09608915723563012, left(srz44248274469)
neg, 0.08797708080886504, left(srz99311018184)
neg, 0.09264665702184746, left(srz44230442531)
neg, 0.34855354714672426, left(srz4424827954)
neg, 0.11688192957054873, left(srz44230447105)
neg, 0.09463734954675793, left(srz27409597909)
neg, 0.11688192957054873, left(srz965661714067)
neg, 0.10429965700047668, left(srz27409593431)
neg, 0.19918329105392513, left(srz96594922754)
neg, 0.08762384534061207, left(srz96566173678)
neg, 0.09090821718191328, left(srz96566176997)
neg, 0.10429965700047668, left(srz965661710460)
neg, 0.34855354714672426, left(srz246186715872)
neg, 0.09762134993398691, left(srz44230448206)
neg, 0.08968652267371456, left(srz99311017237)
neg, 0.34814322782325435, left(srz802972205)
neg, 0.10429965700047668, left(srz246186715543)
neg, 0.08762384534061207, left(srz193064860)
neg, 0.08762384534061207, left(srz274095912431)
neg, 0.33768125175482216, left(srz8029728560)
neg, 0.19274757238389273, left(srz8029723256)
neg, 0.0887268665164327, left(srz8029723792)
neg, 0.31607632861215096, left(srz99311014177)
neg, 0.11688192957054873, left(srz96566178934)
neg, 0.2161421357982058, left(srz193067194)
neg, 0.08762384534061207, left(srz965949212776)
neg, 0.08762384534061207, left(srz96594927655)
neg, 0.17064270533827597, left(srz99311012296)
neg, 0.0887268665164327, left(srz44230442765)
neg, 0.22014123864636012, left(srz2461867615)
neg, 0.31607632861215096, left(srz8029728347)
neg, 0.31607632861215096, left(srz965661715264)
neg, 0.0992611488082572, left(srz274095911955)
neg, 0.2144317939556987, left(srz96566171838)
neg, 0.40635621084154055, left(srz44230441263)
neg, 0.10429965700047668, left(srz27409594297)
neg, 0.21561915279098645, left(srz96594929459)
neg, 0.21531360176855996, left(srz96594927203)
neg, 0.09608915723563012, left(srz96566176958)
neg, 0.5169565646748872, left(srz27409592618)
neg, 0.09609493625297909, left(srz9931101452)
neg, 0.09941796035347768, left(srz99311015584)
neg, 0.19918329105392513, left(srz24618677325)
neg, 0.0887268665164327, left(srz80297210353)
neg, 0.10429965700047668, left(srz96566175131)
neg, 0.31607632861215096, left(srz193067320)
neg, 0.0887268665164327, left(srz44230445525)
neg, 0.08762384534061207, left(srz965661712130)
neg, 0.31607632861215096, left(srz193068775)
neg, 0.33768125175482216, left(srz193064498)
neg, 0.09016603697229966, left(srz8029722227)
neg, 0.5379974749891667, left(srz193067125)
neg, 0.19918329105392513, left(srz1930612012)
neg, 0.43024999543214043, left(srz802972940)
neg, 0.0887268665164327, left(srz80297210335)
neg, 0.09608915723563012, left(srz99311013320)
neg, 0.13952275334673125, left(srz44248276968)
neg, 0.2522192920344088, left(srz8029722198)
neg, 0.31607632861215096, left(srz96594922381)
neg, 0.10747792548879284, left(srz24618677101)
neg, 0.08762384534061207, left(srz8029728945)
neg, 0.08762384534061207, left(srz4424827417)
neg, 0.0992611488082572, left(srz8029729821)
neg, 0.0992611488082572, left(srz24618672147)
neg, 0.5169565646748872, left(srz44230448441)
neg, 0.09352319308513994, left(srz99311012917)
neg, 0.09226005588983227, left(srz96594924598)
neg, 0.43024999543214043, left(srz27409594774)
neg, 0.43024999543214043, left(srz44248276221)
neg, 0.08990707212312127, left(srz44248275211)
neg, 0.43024999543214043, left(srz24618678386)
neg, 0.08762384534061207, left(srz19306477)
neg, 0.10747792548879284, left(srz8029724390)
neg, 0.08762384534061207, left(srz44248278132)
neg, 0.19918329105392513, left(srz193061639)
neg, 0.0992611488082572, left(srz9659492552)
neg, 0.08762384534061207, left(srz4423044354)
neg, 0.09470362628195078, left(srz246186711441)
neg, 0.36040220265655376, left(srz44248273076)
neg, 0.09236658937799515, left(srz193063453)
neg, 0.0887268665164327, left(srz44230445556)
neg, 0.09558720393374359, left(srz965661710356)
neg, 0.0887268665164327, left(srz193069077)
neg, 0.6928377924762232, left(srz27409598777)
neg, 0.09259174908264792, left(srz965661712929)
neg, 0.09470362628195078, left(srz2740959603)
neg, 0.19701951681629268, left(srz96594929002)
neg, 0.09762134993398691, left(srz96566175633)
neg, 0.11776684884009299, left(srz44230442407)
neg, 0.40635621084154055, left(srz96594926129)
neg, 0.40635621084154055, left(srz44248275899)
neg, 0.09363016764644838, left(srz274095910347)
neg, 0.10404929125716667, left(srz99311012898)
neg, 0.338085635834678, left(srz96566179951)
neg, 0.08762384534061207, left(srz27409599542)
neg, 0.09259174908264792, left(srz965661712915)
neg, 0.08762384534061207, left(srz44248274250)
neg, 0.10747792548879284, left(srz9931101420)
neg, 0.40635621084154055, left(srz44248275897)
neg, 0.09352319308513994, left(srz44248273203)
neg, 0.10747792548879284, left(srz2740959395)
neg, 0.2522192920344088, left(srz9659492442)
neg, 0.21561915279098645, left(srz96566176158)
neg, 0.08762384534061207, left(srz19306298)
neg, 0.08762384534061207, left(srz99311019526)
neg, 0.36040220265655376, left(srz96594929848)
neg, 0.10747792548879284, left(srz802972883)
neg, 0.09259174908264792, left(srz8029721920)
neg, 0.09352319308513994, left(srz96594925152)
neg, 0.19918329105392513, left(srz99311016818)
neg, 0.08969631519377494, left(srz993110110712)
neg, 0.0887268665164327, left(srz96594925395)
neg, 0.3261986113799918, left(srz96594923025)
neg, 0.43024999543214043, left(srz27409598440)
neg, 0.09090821718191328, left(srz24618676874)
neg, 0.09463734954675793, left(srz96566178496)
neg, 0.08762384534061207, left(srz8029724)
neg, 0.0924723759409461, left(srz965949211347)
neg, 0.19918329105392513, left(srz8029721580)
neg, 0.21561915279098645, left(srz993110111364)
neg, 0.08990707212312127, left(srz1930610278)
neg, 0.10404929125716667, left(srz965661715657)
neg, 0.0992611488082572, left(srz24618672135)
neg, 0.08762384534061207, left(srz96594927056)
neg, 0.09259174908264792, left(srz44230448164)
neg, 0.33768125175482216, left(srz96566178401)
neg, 0.21531360176855996, left(srz193061660)
neg, 0.5379974749891667, left(srz193069224)
neg, 0.09609493625297909, left(srz96566178238)
neg, 0.09363016764644838, left(srz44230446166)
neg, 0.338085635834678, left(srz8029722512)
neg, 0.34855354714672426, left(srz965661712420)
neg, 0.09340274269541389, left(srz19306660)
neg, 0.10205775805938307, left(srz24618675752)
neg, 0.338085635834678, left(srz44248273147)
neg, 0.09941796035347768, left(srz44230441527)
neg, 0.31607632861215096, left(srz27409596736)
neg, 0.3113054638003522, left(srz965661715821)
neg, 0.10429965700047668, left(srz44248271388)
neg, 0.09609493625297909, left(srz9931101443)
neg, 0.09609493625297909, left(srz96594929705)
neg, 0.10429965700047668, left(srz2740959296)
neg, 0.31607632861215096, left(srz80297210026)
neg, 0.08762384534061207, left(srz44248274740)
neg, 0.0937508809907689, left(srz96566178662)
neg, 0.10429965700047668, left(srz246186716400)
neg, 0.09016603697229966, left(srz19306508)
neg, 0.09264665702184746, left(srz246186710507)
neg, 0.10205775805938307, left(srz96594927795)
neg, 0.08762384534061207, left(srz8029726097)
neg, 0.11688192957054873, left(srz44248277862)
neg, 0.31607632861215096, left(srz802972513)
neg, 0.31607632861215096, left(srz44230442167)
neg, 0.5379974749891667, left(srz80297210612)
neg, 0.43024999543214043, left(srz27409595281)
neg, 0.40635621084154055, left(srz27409593921)
neg, 0.31607632861215096, left(srz4423044974)
neg, 0.09447233311561995, left(srz44248275784)
neg, 0.11688192957054873, left(srz99311014961)
neg, 0.08797708080886504, left(srz802972238)
neg, 0.09463868543959796, left(srz8029728072)
neg, 0.40635621084154055, left(srz274095911701)
neg, 0.21561915279098645, left(srz96594929524)
neg, 0.40635621084154055, left(srz44230442150)
neg, 0.23269372339757188, left(srz4424827705)
neg, 0.33768125175482216, left(srz24618676814)
neg, 0.10429965700047668, left(srz24618673065)
neg, 0.40635621084154055, left(srz99311012451)
neg, 0.10429965700047668, left(srz44248271944)
neg, 0.08762384534061207, left(srz246186713305)
neg, 0.11688192957054873, left(srz8029721567)
neg, 0.0887268665164327, left(srz99311013094)
neg, 0.33768125175482216, left(srz193063864)
neg, 0.10747792548879284, left(srz965661711197)
neg, 0.09463734954675793, left(srz96566175194)
neg, 0.08762384534061207, left(srz274095912410)
neg, 0.09168441105486956, left(srz24618671705)
neg, 0.19918329105392513, left(srz4423044843)
neg, 0.21561915279098645, left(srz993110111325)
neg, 0.0887268665164327, left(srz99311018717)
neg, 0.09363016764644838, left(srz44230446102)
neg, 0.43024999543214043, left(srz27409594485)
neg, 0.08958030644887138, left(srz27409593631)
neg, 0.09941796035347768, left(srz9656617469)
neg, 0.09340274269541389, left(srz965949211681)
neg, 0.09168441105486956, left(srz24618671749)
neg, 0.09941796035347768, left(srz8029728067)
neg, 0.31607632861215096, left(srz193067047)
neg, 0.09463868543959796, left(srz96566174115)
neg, 0.3113054638003522, left(srz99311012224)
neg, 0.09447233311561995, left(srz1930610716)
neg, 0.10747792548879284, left(srz193063275)
neg, 0.21531360176855996, left(srz96594923910)
neg, 0.08969631519377494, left(srz1930610765)
neg, 0.17064270533827597, left(srz193063192)
neg, 0.33768125175482216, left(srz9931101531)
neg, 0.34814322782325435, left(srz99311017647)
neg, 0.33768125175482216, left(srz246186714448)
neg, 0.09941796035347768, left(srz993110110993)
neg, 0.08762384534061207, left(srz965949213868)
neg, 0.43024999543214043, left(srz99311011909)
neg, 0.43024999543214043, left(srz44230444927)
neg, 0.09941796035347768, left(srz802972842)
neg, 0.08990707212312127, left(srz44248275206)
neg, 0.09090821718191328, left(srz24618676876)
neg, 0.10429965700047668, left(srz24618674751)
neg, 0.31607632861215096, left(srz965949212374)
neg, 0.08797708080886504, left(srz44230442002)
neg, 0.33768125175482216, left(srz99311013955)
neg, 0.09700154491364789, left(srz193068302)
neg, 0.36040220265655376, left(srz44248271628)
neg, 0.09447386570887614, left(srz193065699)
neg, 0.08990707212312127, left(srz8029723651)
neg, 0.11688192957054873, left(srz96594924126)
neg, 0.31607632861215096, left(srz193068766)
neg, 0.7077438782664071, left(srz96594928313)
neg, 0.08990707212312127, left(srz44248275114)
neg, 0.08762384534061207, left(srz96594926939)
neg, 0.09463734954675793, left(srz24618673183)
neg, 0.10429965700047668, left(srz99311016149)
neg, 0.10429965700047668, left(srz274095911589)
neg, 0.09447386570887614, left(srz965949210624)
neg, 0.09475002328292681, left(srz1930610322)
neg, 0.0887268665164327, left(srz1930610431)
neg, 0.09965842165547369, left(srz96594923732)
neg, 0.31607632861215096, left(srz246186717006)
neg, 0.0924723759409461, left(srz96566178514)
neg, 0.09447386570887614, left(srz99311018498)
neg, 0.34814322782325435, left(srz965949211057)
neg, 0.09490985775752864, left(srz8029724203)
neg, 0.09129785735141506, left(srz44248276588)
neg, 0.43024999543214043, left(srz44230447648)
neg, 0.0868824920165507, left(srz99311018456)
neg, 0.40635621084154055, left(srz27409598193)
neg, 0.10429965700047668, left(srz27409597234)
neg, 0.10205775805938307, left(srz27409591539)
neg, 0.17082060411216196, left(srz24618674011)
neg, 0.10747792548879284, left(srz802972715)
neg, 0.08990707212312127, left(srz8029723720)
neg, 0.0887268665164327, left(srz80297210384)
neg, 0.2144317939556987, left(srz44230447531)
neg, 0.09224747701105376, left(srz1930610888)
neg, 0.11688192957054873, left(srz44230444215)
neg, 0.09463734954675793, left(srz8029722316)
neg, 0.2161421357982058, left(srz193061186)
neg, 0.10747792548879284, left(srz27409599809)
neg, 0.2522192920344088, left(srz44248273393)
neg, 0.11688192957054873, left(srz44248273479)
neg, 0.2144317939556987, left(srz24618674581)
neg, 0.08958030644887138, left(srz27409592053)
neg, 0.09941796035347768, left(srz8029727916)
neg, 0.34855354714672426, left(srz4424827951)
neg, 0.09340274269541389, left(srz44230447266)
neg, 0.43024999543214043, left(srz44230448055)
neg, 0.43024999543214043, left(srz27409595242)
neg, 0.43024999543214043, left(srz193061690)
neg, 0.10747792548879284, left(srz965661714773)
neg, 0.08969631519377494, left(srz1930610772)
neg, 0.31607632861215096, left(srz96566176068)
neg, 0.21561915279098645, left(srz993110111337)
neg, 0.09608915723563012, left(srz96566172685)
neg, 0.21561915279098645, left(srz96594929442)
neg, 0.08762384534061207, left(srz8029724319)
neg, 0.23269372339757188, left(srz246186712053)
neg, 0.10747792548879284, left(srz27409594721)
neg, 0.31607632861215096, left(srz1930611820)
neg, 0.43024999543214043, left(srz27409596029)
neg, 0.33768125175482216, left(srz274095917254)
neg, 0.43024999543214043, left(srz24618673401)
neg, 0.08762384534061207, left(srz44248275744)
neg, 0.40635621084154055, left(srz44230447886)
neg, 0.09490985775752864, left(srz99311019810)
neg, 0.09608915723563012, left(srz24618672550)
neg, 0.09965842165547369, left(srz96594925795)
neg, 0.08884187788696475, left(srz80297210187)
neg, 0.31607632861215096, left(srz96566172897)
neg, 0.08762384534061207, left(srz965949211249)
neg, 0.11688192957054873, left(srz965661711674)
neg, 0.09340274269541389, left(srz44230447301)
neg, 0.09016603697229966, left(srz19306511)
neg, 0.09965842165547369, left(srz993110110409)
neg, 0.11688192957054873, left(srz99311016676)
neg, 0.21531360176855996, left(srz965661713836)
neg, 0.3711736182300026, left(srz44248272122)
neg, 0.09129785735141506, left(srz193067404)
neg, 0.09470362628195078, left(srz96566175626)
neg, 0.10747792548879284, left(srz27409598899)
neg, 0.11688192957054873, left(srz8029721314)
neg, 0.31607632861215096, left(srz965661710260)
neg, 0.13062912489546, left(srz96566178884)
neg, 0.33768125175482216, left(srz2461867624)
neg, 0.3261986113799918, left(srz99311017163)
neg, 0.08762384534061207, left(srz4424827364)
neg, 0.09447233311561995, left(srz44230443899)
neg, 0.0887268665164327, left(srz246186710759)
neg, 0.10747792548879284, left(srz96594928242)
neg, 0.34814322782325435, left(srz44230444318)
neg, 0.10747792548879284, left(srz44248274095)
neg, 0.08762384534061207, left(srz44248277940)
neg, 0.338085635834678, left(srz8029729911)
neg, 0.43024999543214043, left(srz274095912998)
neg, 0.2522192920344088, left(srz246186714711)
neg, 0.43024999543214043, left(srz4424827125)
neg, 0.33768125175482216, left(srz193062621)
neg, 0.31607632861215096, left(srz8029724043)
neg, 0.0958193856345921, left(srz24618679871)
neg, 0.338085635834678, left(srz99311015816)
neg, 0.43024999543214043, left(srz27409595127)
neg, 0.14392251391921854, left(srz99311018883)
neg, 0.10429965700047668, left(srz19306550)
neg, 0.31607632861215096, left(srz1930610753)
neg, 0.0887268665164327, left(srz193066030)
neg, 0.10747792548879284, left(srz993110111745)
neg, 0.19918329105392513, left(srz4423044850)
neg, 0.3755421821594811, left(srz193063341)
neg, 0.0924723759409461, left(srz24618678205)
neg, 0.09470362628195078, left(srz2740959605)
neg, 0.09470362628195078, left(srz246186711436)
neg, 0.09608915723563012, left(srz24618672523)
neg, 0.08762384534061207, left(srz99311016899)
neg, 0.31607632861215096, left(srz24618676843)
neg, 0.43024999543214043, left(srz193066243)
neg, 0.0887268665164327, left(srz193066076)
neg, 0.09168441105486956, left(srz27409592912)
neg, 0.43024999543214043, left(srz965661711372)
neg, 0.10429965700047668, left(srz99311014244)
neg, 0.338085635834678, left(srz99311017981)
neg, 0.11688192957054873, left(srz44230446868)
neg, 0.33768125175482216, left(srz193062051)
neg, 0.0937508809907689, left(srz965661715172)
neg, 0.3261986113799918, left(srz99311017353)
neg, 0.08762384534061207, left(srz44248278116)
neg, 0.36040220265655376, left(srz965661711167)
neg, 0.31607632861215096, left(srz96566176056)
neg, 0.09090821718191328, left(srz96594923831)
neg, 0.10429965700047668, left(srz246186713185)
neg, 0.23269372339757188, left(srz8029725580)
neg, 0.10747792548879284, left(srz44248274207)
neg, 0.40635621084154055, left(srz8029721655)
neg, 0.338085635834678, left(srz8029725271)
neg, 0.0887268665164327, left(srz80297210341)
neg, 0.40635621084154055, left(srz2461867398)
neg, 0.31607632861215096, left(srz993110111235)
neg, 0.10404929125716667, left(srz99311011352)
neg, 0.08762384534061207, left(srz96594927599)
neg, 0.40635621084154055, left(srz802972813)
neg, 0.10747792548879284, left(srz27409598014)
neg, 0.33768125175482216, left(srz27409596632)
neg, 0.09470362628195078, left(srz96566175603)
neg, 0.33768125175482216, left(srz965661710903)
neg, 0.10747792548879284, left(srz246186712398)
neg, 0.10747792548879284, left(srz27409598643)
neg, 0.11688192957054873, left(srz8029725777)
neg, 0.09363016764644838, left(srz96594925686)
neg, 0.21561915279098645, left(srz246186714939)
neg, 0.08762384534061207, left(srz2461867104)
neg, 0.21561915279098645, left(srz24618677458)
neg, 0.5379974749891667, left(srz193064294)
neg, 0.08762384534061207, left(srz19306450)
neg, 0.08762384534061207, left(srz8029728836)
neg, 0.3331641946750168, left(srz965661722)
neg, 0.0937508809907689, left(srz193062075)
neg, 0.36040220265655376, left(srz965661711169)
neg, 0.09363016764644838, left(srz246186711115)
neg, 0.40635621084154055, left(srz8029722067)
neg, 0.40635621084154055, left(srz96566171926)
neg, 0.10429965700047668, left(srz96566173906)
neg, 0.43024999543214043, left(srz193063221)
neg, 0.19918329105392513, left(srz274095914739)
neg, 0.33768125175482216, left(srz96594924032)
neg, 0.08762384534061207, left(srz965661714200)
neg, 0.31607632861215096, left(srz99311018160)
neg, 0.2013793350879112, left(srz193064271)
neg, 0.10404929125716667, left(srz246186711583)
neg, 0.10205775805938307, left(srz96566171448)
neg, 0.43024999543214043, left(srz193064344)
neg, 0.08762384534061207, left(srz193066721)
neg, 0.33768125175482216, left(srz44248275559)
neg, 0.0992611488082572, left(srz96566175405)
neg, 0.10429965700047668, left(srz2461867321)
neg, 0.09355835621005208, left(srz274095910237)
neg, 0.31607632861215096, left(srz99311019256)
neg, 0.31607632861215096, left(srz1930617)
neg, 0.0887268665164327, left(srz44230442718)
neg, 0.11688192957054873, left(srz965661711678)
neg, 0.3113054638003522, left(srz246186717000)
neg, 0.09264665702184746, left(srz246186710567)
neg, 0.12239018499212168, left(srz193061908)
neg, 0.09463734954675793, left(srz1930610975)
neg, 0.08762384534061207, left(srz965661714341)
neg, 0.33768125175482216, left(srz193066188)
neg, 0.31607632861215096, left(srz44248272730)
neg, 0.08762384534061207, left(srz96594927580)
neg, 0.0887268665164327, left(srz193067819)
neg, 0.09264665702184746, left(srz274095911091)
neg, 0.36040220265655376, left(srz96594924654)
neg, 0.33768125175482216, left(srz8029721798)
neg, 0.10429965700047668, left(srz24618678500)
neg, 0.10404929125716667, left(srz965661710349)
neg, 0.09490985775752864, left(srz96566179581)
neg, 0.09340274269541389, left(srz24618679916)
neg, 0.10747792548879284, left(srz99311018110)
neg, 0.19918329105392513, left(srz4423044887)
neg, 0.3755421821594811, left(srz9659492951)
neg, 0.11688192957054873, left(srz99311014882)
neg, 0.11688192957054873, left(srz993110111423)
neg, 0.1893572335612909, left(srz274095913760)
neg, 0.09190937749855801, left(srz193063520)
neg, 0.08969631519377494, left(srz2740959746)
neg, 0.0937508809907689, left(srz8029723191)
neg, 0.08978074992954073, left(srz2740959985)
neg, 0.10429965700047668, left(srz246186714224)
neg, 0.4525842432755376, left(srz44248277147)
neg, 0.10747792548879284, left(srz96594926189)
neg, 0.09762134993398691, left(srz246186712759)
neg, 0.09224747701105376, left(srz193065193)
neg, 0.10747792548879284, left(srz96566173916)
neg, 0.13952275334673125, left(srz27409592841)
neg, 0.3261986113799918, left(srz99311017612)
neg, 0.3261986113799918, left(srz27409599296)
neg, 0.10404929125716667, left(srz99311014635)
neg, 0.10205775805938307, left(srz193068906)
neg, 0.5854559097590201, left(srz80297210669)
neg, 0.33768125175482216, left(srz965661711042)
neg, 0.10205775805938307, left(srz274095912137)
neg, 0.40635621084154055, left(srz96566173321)
neg, 0.43024999543214043, left(srz96594928899)
neg, 0.08762384534061207, left(srz44230441635)
neg, 0.09941796035347768, left(srz99311015838)
neg, 0.43024999543214043, left(srz274095915126)
neg, 0.43024999543214043, left(srz24618674595)
neg, 0.10429965700047668, left(srz802972485)
neg, 0.40635621084154055, left(srz442482738)
neg, 0.11688192957054873, left(srz965661715937)
neg, 0.31607632861215096, left(srz993110112204)
neg, 0.13062912489546, left(srz27409599133)
neg, 0.10747792548879284, left(srz44230448287)
neg, 0.43024999543214043, left(srz274095913253)
neg, 0.0887268665164327, left(srz99311012996)
neg, 0.11688192957054873, left(srz9931101957)
neg, 0.31607632861215096, left(srz8029724629)
neg, 0.0887268665164327, left(srz44230442713)
neg, 0.5854559097590201, left(srz99311012775)
neg, 0.09470362628195078, left(srz274095915738)
neg, 0.0887268665164327, left(srz9656617368)
neg, 0.40635621084154055, left(srz802972596)
neg, 0.10429965700047668, left(srz27409597253)
neg, 0.10205775805938307, left(srz96594927783)
neg, 0.08969631519377494, left(srz2461867731)
neg, 0.11688192957054873, left(srz44248277844)
neg, 0.0937508809907689, left(srz27409598300)
neg, 0.10429965700047668, left(srz27409594953)
neg, 0.09447233311561995, left(srz44230443902)
neg, 0.23269372339757188, left(srz27409591499)
neg, 0.08762384534061207, left(srz99311013851)
neg, 0.10747792548879284, left(srz8029729854)
neg, 0.10429965700047668, left(srz27409594970)
neg, 0.0921735255964435, left(srz1930645)
neg, 0.5379974749891667, left(srz44248277354)
neg, 0.21531360176855996, left(srz246186715933)
neg, 0.3261986113799918, left(srz99311016952)
neg, 0.36040220265655376, left(srz44230441448)
neg, 0.08797708080886504, left(srz246186711388)
neg, 0.10747792548879284, left(srz27409599788)
neg, 0.09609493625297909, left(srz193065608)
neg, 0.09104766044741505, left(srz99311015889)
neg, 0.08762384534061207, left(srz96594928710)
neg, 0.09129785735141506, left(srz44248276543)
neg, 0.08762384534061207, left(srz44230443712)
neg, 0.33768125175482216, left(srz246186711435)
neg, 0.09082282791544143, left(srz44230445483)
neg, 0.09463734954675793, left(srz274095915581)
neg, 0.43024999543214043, left(srz24618674174)
neg, 0.10747792548879284, left(srz1930610941)
neg, 0.43024999543214043, left(srz27409594778)
neg, 0.3711736182300026, left(srz246186714612)
neg, 0.09490985775752864, left(srz44230441901)
neg, 0.0937508809907689, left(srz44248277421)
neg, 0.23269372339757188, left(srz274095915977)
neg, 0.09129785735141506, left(srz44248276720)
neg, 0.47064800180582994, left(srz96594924265)
neg, 0.1966027708015685, left(srz274095914581)
neg, 0.33768125175482216, left(srz24618671412)
neg, 0.09700154491364789, left(srz193069897)
neg, 0.11688192957054873, left(srz965661713967)
neg, 0.43024999543214043, left(srz193061752)
neg, 0.0887268665164327, left(srz1930610488)
neg, 0.09168441105486956, left(srz24618671709)
neg, 0.3261986113799918, left(srz8029725856)
neg, 0.09440773299953088, left(srz27409595536)
neg, 0.338085635834678, left(srz965661715509)
neg, 0.10747792548879284, left(srz99311019785)
neg, 0.31607632861215096, left(srz44248271731)
neg, 0.08762384534061207, left(srz96594927014)
neg, 0.10747792548879284, left(srz193063279)
neg, 0.21531360176855996, left(srz965661713838)
neg, 0.08884187788696475, left(srz80297210199)
neg, 0.2521930902644402, left(srz96566178823)
neg, 0.0924723759409461, left(srz27409594625)
neg, 0.10429965700047668, left(srz44230448281)
neg, 0.23269372339757188, left(srz4424827618)
neg, 0.0958193856345921, left(srz96566179979)
neg, 0.33768125175482216, left(srz965661715357)
neg, 0.08762384534061207, left(srz96594928771)
neg, 0.10205775805938307, left(srz193069575)
neg, 0.12050413854916141, left(srz965661712252)
neg, 0.08990707212312127, left(srz44248275259)
neg, 0.10429965700047668, left(srz24618676954)
neg, 0.08762384534061207, left(srz44230443792)
neg, 0.10429965700047668, left(srz96594929805)
neg, 0.10429965700047668, left(srz193063800)
neg, 0.43024999543214043, left(srz965661713607)
neg, 0.2522192920344088, left(srz44248273404)
neg, 0.10747792548879284, left(srz9931101124)
neg, 0.40635621084154055, left(srz193068025)
neg, 0.10747792548879284, left(srz24618673089)
neg, 0.10429965700047668, left(srz96566171501)
neg, 0.34814322782325435, left(srz24618679148)
neg, 0.3261986113799918, left(srz246186715888)
neg, 0.43024999543214043, left(srz24618674153)
neg, 0.11688192957054873, left(srz44248277781)
neg, 0.21561915279098645, left(srz965949211968)
neg, 0.31607632861215096, left(srz802972993)
neg, 0.09340274269541389, left(srz965949212226)
neg, 0.0887268665164327, left(srz44248276808)
neg, 0.09779106778024077, left(srz27409598681)
neg, 0.09016603697229966, left(srz8029722224)
neg, 0.4544511178758716, left(srz99311013312)
neg, 0.09656552271795196, left(srz1930662)
neg, 0.10429965700047668, left(srz96566175584)
neg, 0.31607632861215096, left(srz965949211889)
neg, 0.31607632861215096, left(srz993110111228)
neg, 0.10205775805938307, left(srz99311018575)
neg, 0.31607632861215096, left(srz99311012103)
neg, 0.08762384534061207, left(srz193065020)
neg, 0.09447233311561995, left(srz44230443898)
neg, 0.08762384534061207, left(srz99311019569)
neg, 0.10205775805938307, left(srz8029726152)
neg, 0.09941796035347768, left(srz99311011461)
neg, 0.21531360176855996, left(srz44230443989)
neg, 0.43024999543214043, left(srz27409592628)
neg, 0.08762384534061207, left(srz96594927052)
neg, 0.40635621084154055, left(srz9659492897)
neg, 0.10205775805938307, left(srz27409591584)
neg, 0.09016603697229966, left(srz8029728987)
neg, 0.11688192957054873, left(srz965661715902)
neg, 0.12050413854916141, left(srz44248278198)
neg, 0.11688192957054873, left(srz246186711679)
neg, 0.09264665702184746, left(srz27409595789)
neg, 0.11688192957054873, left(srz246186711938)
neg, 0.33768125175482216, left(srz99311014174)
neg, 0.09259174908264792, left(srz44230445908)
neg, 0.43024999543214043, left(srz27409591151)
neg, 0.10747792548879284, left(srz27409593072)
neg, 0.31607632861215096, left(srz44248271507)
neg, 0.13062912489546, left(srz27409599034)
neg, 0.33768125175482216, left(srz44248272305)
neg, 0.5379974749891667, left(srz193067128)
neg, 0.09129785735141506, left(srz193069328)
neg, 0.0868824920165507, left(srz2740959969)
neg, 0.3711736182300026, left(srz96594927513)
neg, 0.33768125175482216, left(srz27409598070)
neg, 0.09608915723563012, left(srz965661710815)
neg, 0.08762384534061207, left(srz8029724413)
neg, 0.33768125175482216, left(srz27409598832)
neg, 0.09463868543959796, left(srz1930611018)
neg, 0.31607632861215096, left(srz993110110065)
neg, 0.31607632861215096, left(srz96594921007)
neg, 0.40635621084154055, left(srz24618674673)
neg, 0.40635621084154055, left(srz9931101793)
neg, 0.09941796035347768, left(srz96566174191)
neg, 0.0937508809907689, left(srz274095915564)
neg, 0.10747792548879284, left(srz965661710895)
neg, 0.09463868543959796, left(srz193065224)
neg, 0.08762384534061207, left(srz19306456)
neg, 0.19918329105392513, left(srz4423044802)
neg, 0.33768125175482216, left(srz965661714465)
neg, 0.23269372339757188, left(srz24618674246)
neg, 0.43024999543214043, left(srz193066201)
neg, 0.0992611488082572, left(srz96566179441)
neg, 0.10747792548879284, left(srz24618679316)
neg, 0.21531360176855996, left(srz44248272278)
neg, 0.09608915723563012, left(srz965661715582)
neg, 0.43024999543214043, left(srz99311012027)
neg, 0.5379974749891667, left(srz8029724691)
neg, 0.33768125175482216, left(srz44230444083)
neg, 0.09608915723563012, left(srz24618671837)
neg, 0.10429965700047668, left(srz27409593592)
neg, 0.09236658937799515, left(srz8029727296)
neg, 0.22014123864636012, left(srz44248276091)
neg, 0.08762384534061207, left(srz96566174996)
neg, 0.08762384534061207, left(srz96566177861)
neg, 0.5379974749891667, left(srz96566171772)
neg, 0.11688192957054873, left(srz27409599145)
neg, 0.10429965700047668, left(srz27409594520)
neg, 0.10205775805938307, left(srz965661710389)
neg, 0.08762384534061207, left(srz8029724405)
neg, 0.2144317939556987, left(srz96566172308)
neg, 0.08762384534061207, left(srz96594928811)
neg, 0.08990707212312127, left(srz193067783)
neg, 0.33768125175482216, left(srz24618671044)
neg, 0.10429965700047668, left(srz27409593606)
neg, 0.09340274269541389, left(srz8029721997)
neg, 0.09016603697229966, left(srz19306498)
neg, 0.11688192957054873, left(srz246186711693)
neg, 0.40635621084154055, left(srz99311019910)
neg, 0.31607632861215096, left(srz99311014180)
neg, 0.34855354714672426, left(srz965949213229)
neg, 0.10747792548879284, left(srz99311019770)
neg, 0.08762384534061207, left(srz4424827385)
neg, 0.21561915279098645, left(srz44248272442)
neg, 0.08958030644887138, left(srz27409592079)
neg, 0.19918329105392513, left(srz24618672651)
neg, 0.11688192957054873, left(srz96594929179)
neg, 0.5169565646748872, left(srz44248273158)
neg, 0.10747792548879284, left(srz99311011594)
neg, 0.10747792548879284, left(srz8029729044)
neg, 0.0992611488082572, left(srz9659492642)
neg, 0.0868824920165507, left(srz2740959938)
neg, 0.08762384534061207, left(srz99311019604)
neg, 0.08762384534061207, left(srz246186717157)
neg, 0.11688192957054873, left(srz44230447065)
neg, 0.10429965700047668, left(srz965661713023)
neg, 0.09762134993398691, left(srz993110110848)
neg, 0.10747792548879284, left(srz993110112122)
neg, 0.08990707212312127, left(srz99311013408)
neg, 0.40635621084154055, left(srz274095916534)
neg, 0.0958193856345921, left(srz99311019338)
neg, 0.31607632861215096, left(srz44248274912)
neg, 0.10205775805938307, left(srz96594926500)
neg, 0.21561915279098645, left(srz246186716224)
neg, 0.5379974749891667, left(srz44248277211)
neg, 0.21531360176855996, left(srz246186715981)
neg, 0.10747792548879284, left(srz99311011580)
neg, 0.09965842165547369, left(srz8029729656)
neg, 0.5379974749891667, left(srz99311012829)
neg, 0.3261986113799918, left(srz274095916271)
neg, 0.08762384534061207, left(srz44230446723)
neg, 0.23269372339757188, left(srz27409591636)
neg, 0.08990707212312127, left(srz193065981)
neg, 0.33768125175482216, left(srz44248271516)
neg, 0.21561915279098645, left(srz965949211987)
neg, 0.09609493625297909, left(srz99311014104)
neg, 0.21561915279098645, left(srz24618671258)
neg, 0.43024999543214043, left(srz24618672269)
neg, 0.21531360176855996, left(srz246186715993)
neg, 0.08797708080886504, left(srz24618675308)
neg, 0.31607632861215096, left(srz27409596814)
neg, 0.31607632861215096, left(srz99311012097)
neg, 0.0992611488082572, left(srz2461867834)
neg, 0.43024999543214043, left(srz44230447889)
neg, 0.08762384534061207, left(srz4424827464)
neg, 0.36040220265655376, left(srz246186712695)
neg, 0.31607632861215096, left(srz96594922061)
neg, 0.08762384534061207, left(srz965661712176)
neg, 0.09226005588983227, left(srz96566176790)
neg, 0.43024999543214043, left(srz27409591868)
neg, 0.31607632861215096, left(srz24618679958)
neg, 0.43024999543214043, left(srz44230442888)
neg, 0.21561915279098645, left(srz96594929452)
neg, 0.31607632861215096, left(srz8029726315)
neg, 0.19918329105392513, left(srz993110111215)
neg, 0.11688192957054873, left(srz44248273245)
neg, 0.5006733409902656, left(srz44230448435)
neg, 0.12714606137119056, left(srz274095914579)
neg, 0.09463734954675793, left(srz24618673280)
neg, 0.08978074992954073, left(srz44248278286)
neg, 0.08990707212312127, left(srz44248275274)
neg, 0.338085635834678, left(srz246186710340)
neg, 0.08762384534061207, left(srz44230446589)
neg, 0.09224747701105376, left(srz965949211163)
neg, 0.08797708080886504, left(srz96566175843)
neg, 0.0992611488082572, left(srz19306270)
neg, 0.10429965700047668, left(srz27409591927)
neg, 0.10747792548879284, left(srz9931101326)
neg, 0.08762384534061207, left(srz27409599509)
neg, 0.21561915279098645, left(srz24618677503)
neg, 0.08762384534061207, left(srz44230441695)
neg, 0.10404929125716667, left(srz27409597089)
neg, 0.10429965700047668, left(srz24618673079)
neg, 0.2161421357982058, left(srz193068053)
neg, 0.10747792548879284, left(srz246186712313)
neg, 0.08990707212312127, left(srz193065995)
neg, 0.08762384534061207, left(srz965661714298)
neg, 0.08762384534061207, left(srz80297210509)
neg, 0.08978074992954073, left(srz99311013478)
neg, 0.23269372339757188, left(srz27409591551)
neg, 0.09190937749855801, left(srz193064854)
neg, 0.36040220265655376, left(srz96594924638)
neg, 0.40635621084154055, left(srz44230444915)
neg, 0.0887268665164327, left(srz9656617338)
neg, 0.10747792548879284, left(srz99311011779)
neg, 0.40635621084154055, left(srz274095916509)
neg, 0.43024999543214043, left(srz965661711160)
neg, 0.0992611488082572, left(srz99311017873)
neg, 0.0887268665164327, left(srz1930610505)
neg, 0.14392251391921854, left(srz99311018885)
neg, 0.10205775805938307, left(srz27409591526)
neg, 0.09082282791544143, left(srz96594925106)
neg, 0.08990707212312127, left(srz8029723756)
neg, 0.09965842165547369, left(srz96566172453)
neg, 0.09941796035347768, left(srz99311015574)
neg, 0.09463868543959796, left(srz44230447850)
neg, 0.0887268665164327, left(srz193067838)
neg, 0.09224747701105376, left(srz8029722307)
neg, 0.33768125175482216, left(srz4423044446)
neg, 0.08762384534061207, left(srz44230446616)
neg, 0.09224747701105376, left(srz8029729082)
neg, 0.10747792548879284, left(srz965949214172)
neg, 0.10429965700047668, left(srz246186710064)
neg, 0.09355835621005208, left(srz246186716555)
neg, 0.47064800180582994, left(srz965661712879)
neg, 0.08990707212312127, left(srz44248275140)
neg, 0.10205775805938307, left(srz965949213915)
neg, 0.10747792548879284, left(srz96594926524)
neg, 0.09941796035347768, left(srz965661755)
neg, 0.31607632861215096, left(srz24618678085)
neg, 0.21531360176855996, left(srz2461867981)
neg, 0.0877375645898625, left(srz44248273655)
neg, 0.13952275334673125, left(srz96566179445)
neg, 0.11688192957054873, left(srz44230446891)
neg, 0.10205775805938307, left(srz24618675730)
neg, 0.1893572335612909, left(srz274095913716)
neg, 0.10429965700047668, left(srz27409593439)
neg, 0.31607632861215096, left(srz965661710084)
neg, 0.19918329105392513, left(srz993110111206)
neg, 0.0992611488082572, left(srz246186712211)
neg, 0.11688192957054873, left(srz99311016665)
neg, 0.10404929125716667, left(srz246186711564)
neg, 0.0868824920165507, left(srz965949214113)
neg, 0.33768125175482216, left(srz8029725304)
neg, 0.09463734954675793, left(srz274095915577)
neg, 0.28887358464003626, left(srz96566173452)
neg, 0.09490985775752864, left(srz99311019808)
neg, 0.17064270533827597, left(srz8029729627)
neg, 0.08990707212312127, left(srz193063493)
neg, 0.33768125175482216, left(srz193068611)
neg, 0.08762384534061207, left(srz96566177863)
neg, 0.0992611488082572, left(srz96566173872)
neg, 0.09264665702184746, left(srz274095911101)
neg, 0.33768125175482216, left(srz44230447613)
neg, 0.08762384534061207, left(srz24618677953)
neg, 0.11776684884009299, left(srz8029723512)
neg, 0.10429965700047668, left(srz2740959863)
neg, 0.31607632861215096, left(srz8029721179)
neg, 0.23269372339757188, left(srz8029725591)
neg, 0.2161421357982058, left(srz44230447021)
neg, 0.09447233311561995, left(srz80297210445)
neg, 0.19918329105392513, left(srz24618677345)
neg, 0.09224747701105376, left(srz96566175071)
neg, 0.09608915723563012, left(srz193068783)
neg, 0.5006733409902656, left(srz24618676128)
neg, 0.10747792548879284, left(srz274095912269)
neg, 0.08762384534061207, left(srz274095911349)
neg, 0.11688192957054873, left(srz99311018939)
neg, 0.40635621084154055, left(srz96594922476)
neg, 0.10429965700047668, left(srz246186713161)
neg, 0.09264665702184746, left(srz2461867851)
neg, 0.08978074992954073, left(srz99311018474)
neg, 0.09490985775752864, left(srz96566178538)
neg, 0.43024999543214043, left(srz8029721096)
neg, 0.19323985915953887, left(srz96566175418)
neg, 0.23784265859764414, left(srz193066944)
neg, 0.09609493625297909, left(srz246186711162)
neg, 0.3711736182300026, left(srz4424827956)
neg, 0.10205775805938307, left(srz96594925268)
neg, 0.08990707212312127, left(srz8029727444)
neg, 0.10747792548879284, left(srz193068990)
neg, 0.10429965700047668, left(srz44230447501)
neg, 0.09609493625297909, left(srz96566174185)
neg, 0.3261986113799918, left(srz8029725891)
neg, 0.09447386570887614, left(srz8029723497)
neg, 0.08762384534061207, left(srz965949212790)
neg, 0.11688192957054873, left(srz44248277889)
neg, 0.40635621084154055, left(srz193068035)
neg, 0.0924723759409461, left(srz19306152)
neg, 0.10747792548879284, left(srz99311013970)
neg, 0.10205775805938307, left(srz96566174829)
neg, 0.08990707212312127, left(srz193063587)
neg, 0.0887268665164327, left(srz99311013227)
neg, 0.09129785735141506, left(srz442304495)
neg, 0.10404929125716667, left(srz193067514)
neg, 0.09762134993398691, left(srz2461867843)
neg, 0.09340274269541389, left(srz193067245)
neg, 0.08990707212312127, left(srz8029723640)
neg, 0.12280640097404143, left(srz80297295)
neg, 0.40635621084154055, left(srz8029723016)
neg, 0.09447233311561995, left(srz4423044102)
neg, 0.23269372339757188, left(srz27409591623)
neg, 0.10205775805938307, left(srz96594929566)
neg, 0.08762384534061207, left(srz965949212874)
neg, 0.33768125175482216, left(srz246186714379)
neg, 0.43024999543214043, left(srz246186713629)
neg, 0.09762134993398691, left(srz96566172586)
neg, 0.43024999543214043, left(srz99311012233)
neg, 0.11688192957054873, left(srz965661715740)
neg, 0.09447233311561995, left(srz193064101)
neg, 0.09264665702184746, left(srz27409595672)
neg, 0.09470362628195078, left(srz44230442620)
neg, 0.3261986113799918, left(srz96594927993)
neg, 0.10205775805938307, left(srz193068944)
neg, 0.08990707212312127, left(srz8029727350)
neg, 0.09447233311561995, left(srz99311013424)
neg, 0.09340274269541389, left(srz8029726257)
neg, 0.19918329105392513, left(srz96566172819)
neg, 0.2522192920344088, left(srz99311014842)
neg, 0.09941796035347768, left(srz193068086)
neg, 0.09486880485969293, left(srz96566176540)
neg, 0.5854559097590201, left(srz96566175510)
neg, 0.33768125175482216, left(srz99311016192)
neg, 0.0924723759409461, left(srz96566178522)
neg, 0.2522192920344088, left(srz965661710183)
neg, 0.10747792548879284, left(srz96594928688)
neg, 0.0887268665164327, left(srz99311018765)
neg, 0.33768125175482216, left(srz80297210004)
neg, 0.36040220265655376, left(srz24618672498)
neg, 0.10747792548879284, left(srz2461867597)
neg, 0.09762134993398691, left(srz2461867772)
neg, 0.10747792548879284, left(srz274095912291)
neg, 0.10747792548879284, left(srz27409592104)
neg, 0.08762384534061207, left(srz96566175036)
neg, 0.0868824920165507, left(srz8029721771)
neg, 0.0958193856345921, left(srz99311014236)
neg, 0.31607632861215096, left(srz44248271808)
neg, 0.10429965700047668, left(srz24618675099)
neg, 0.10404929125716667, left(srz96594921182)
neg, 0.09264665702184746, left(srz246186710498)
neg, 0.43024999543214043, left(srz193066233)
neg, 0.10747792548879284, left(srz44230446125)
neg, 0.33768125175482216, left(srz27409593319)
neg, 0.0992611488082572, left(srz274095911952)
neg, 0.43024999543214043, left(srz274095916808)
neg, 0.10747792548879284, left(srz44230441354)
neg, 0.33768125175482216, left(srz44230443024)
neg, 0.10429965700047668, left(srz24618675102)
neg, 0.33768125175482216, left(srz99311015510)
neg, 0.33768125175482216, left(srz44230448030)
neg, 0.0887268665164327, left(srz99311013142)
neg, 0.0887268665164327, left(srz99311018734)
neg, 0.36040220265655376, left(srz802972783)
neg, 0.09965842165547369, left(srz44230448094)
neg, 0.09363016764644838, left(srz193064447)
neg, 0.21561915279098645, left(srz24618671184)
neg, 0.43024999543214043, left(srz99311014529)
neg, 0.43024999543214043, left(srz24618672208)
neg, 0.40635621084154055, left(srz44248276925)
neg, 0.31607632861215096, left(srz8029724089)
neg, 0.08762384534061207, left(srz96566173645)
neg, 0.09447386570887614, left(srz96594927829)
neg, 0.0924723759409461, left(srz965949212547)
neg, 0.33768125175482216, left(srz44248271523)
neg, 0.10747792548879284, left(srz96566178120)
neg, 0.08762384534061207, left(srz965949213785)
neg, 0.08928961349481537, left(srz96566173838)
neg, 0.5379974749891667, left(srz965949211649)
neg, 0.43024999543214043, left(srz965661713609)
neg, 0.31607632861215096, left(srz8029727020)
neg, 0.338085635834678, left(srz442304442)
neg, 0.28887358464003626, left(srz24618673568)
neg, 0.08762384534061207, left(srz44248274260)
neg, 0.09190937749855801, left(srz193063519)
neg, 0.5854559097590201, left(srz44248272976)
neg, 0.0887268665164327, left(srz27409597278)
neg, 0.0887268665164327, left(srz8029723804)
neg, 0.09941796035347768, left(srz96566176527)
neg, 0.09632821988167461, left(srz193066610)
neg, 0.1893572335612909, left(srz193065464)
neg, 0.08762384534061207, left(srz193064021)
neg, 0.08990707212312127, left(srz8029723631)
neg, 0.21561915279098645, left(srz24618671201)
neg, 0.33768125175482216, left(srz965661713544)
neg, 0.08762384534061207, left(srz27409599506)
neg, 0.08762384534061207, left(srz44248278044)
neg, 0.10747792548879284, left(srz4423044638)
neg, 0.10205775805938307, left(srz99311016845)
neg, 0.36040220265655376, left(srz246186712696)
neg, 0.36040220265655376, left(srz246186715363)
neg, 0.08762384534061207, left(srz965661712038)
neg, 0.08762384534061207, left(srz193069446)
neg, 0.33768125175482216, left(srz9656617609)
neg, 0.095140567258244, left(srz965949214032)
neg, 0.09608915723563012, left(srz8029729867)
neg, 0.3113054638003522, left(srz442482739)
neg, 0.33768125175482216, left(srz96566175775)
neg, 0.21561915279098645, left(srz96566176151)
neg, 0.09608915723563012, left(srz274095914026)
neg, 0.09090821718191328, left(srz99311011695)
neg, 0.31607632861215096, left(srz246186717008)
neg, 0.5854559097590201, left(srz965661715045)
neg, 0.09232652434404263, left(srz44230447724)
neg, 0.11688192957054873, left(srz8029721342)
neg, 0.08762384534061207, left(srz8029724399)
neg, 0.43024999543214043, left(srz24618674214)
neg, 0.09168441105486956, left(srz44230442276)
neg, 0.19701951681629268, left(srz9931101424)
neg, 0.10404929125716667, left(srz246186710484)
neg, 0.08958030644887138, left(srz193069299)
neg, 0.33768125175482216, left(srz8029728576)
neg, 0.0887268665164327, left(srz27409597336)
neg, 0.31607632861215096, left(srz993110111238)
neg, 0.19918329105392513, left(srz965949211837)
neg, 0.09224747701105376, left(srz96594927271)
neg, 0.21561915279098645, left(srz44230441145)
neg, 0.43024999543214043, left(srz44248276223)
neg, 0.36040220265655376, left(srz96566174361)
neg, 0.19918329105392513, left(srz4423044884)
neg, 0.33768125175482216, left(srz80297210744)
neg, 0.08797708080886504, left(srz96566179418)
neg, 0.40635621084154055, left(srz8029729843)
neg, 0.3113054638003522, left(srz965661715836)
neg, 0.0887268665164327, left(srz193066011)
neg, 0.10404929125716667, left(srz274095913487)
neg, 0.338085635834678, left(srz44248273139)
neg, 0.2522192920344088, left(srz246186714715)
neg, 0.33768125175482216, left(srz193068002)
neg, 0.08762384534061207, left(srz96566173657)
neg, 0.08978074992954073, left(srz993110110866)
neg, 0.338085635834678, left(srz24618676708)
neg, 0.10747792548879284, left(srz246186716796)
neg, 0.09259174908264792, left(srz96594929939)
neg, 0.10429965700047668, left(srz96566179451)
neg, 0.10404929125716667, left(srz96594929655)
neg, 0.10747792548879284, left(srz1930610951)
neg, 0.10429965700047668, left(srz274095910889)
neg, 0.40635621084154055, left(srz27409597470)
neg, 0.3261986113799918, left(srz99311017778)
neg, 0.10429965700047668, left(srz965661714539)
neg, 0.23784265859764414, left(srz44230447606)
neg, 0.33768125175482216, left(srz96594924038)
neg, 0.40635621084154055, left(srz246186715201)
neg, 0.09545126812388274, left(srz193068326)
neg, 0.31607632861215096, left(srz246186710026)
neg, 0.43024999543214043, left(srz99311012651)
neg, 0.10429965700047668, left(srz96566179991)
neg, 0.10404929125716667, left(srz24618679116)
neg, 0.0868824920165507, left(srz99311018459)
neg, 0.3261986113799918, left(srz27409599335)
neg, 0.31607632861215096, left(srz993110110613)
neg, 0.08762384534061207, left(srz965949213690)
neg, 0.0921735255964435, left(srz193069243)
neg, 0.10747792548879284, left(srz8029725007)
neg, 0.10429965700047668, left(srz24618673021)
neg, 0.36040220265655376, left(srz44248273052)
neg, 0.10747792548879284, left(srz802972754)
neg, 0.31607632861215096, left(srz802972689)
neg, 0.10429965700047668, left(srz27409594419)
neg, 0.08762384534061207, left(srz44230441715)
neg, 0.21561915279098645, left(srz246186712130)
neg, 0.43024999543214043, left(srz99311018345)
neg, 0.31607632861215096, left(srz193065429)
neg, 0.21561915279098645, left(srz96566179007)
neg, 0.11688192957054873, left(srz44230447130)
neg, 0.31607632861215096, left(srz44248274529)
neg, 0.11688192957054873, left(srz9931101934)
neg, 0.0958193856345921, left(srz24618679874)
neg, 0.08762384534061207, left(srz193064050)
neg, 0.08884187788696475, left(srz80297210126)
neg, 0.43024999543214043, left(srz99311014454)
neg, 0.19918329105392513, left(srz96566172836)
neg, 0.10747792548879284, left(srz993110110359)
neg, 0.08762384534061207, left(srz193064975)
neg, 0.11688192957054873, left(srz4424827842)
neg, 0.10429965700047668, left(srz99311018306)
neg, 0.10747792548879284, left(srz96566179895)
neg, 0.13952275334673125, left(srz24618673353)
neg, 0.10404929125716667, left(srz1930612164)
neg, 0.09490985775752864, left(srz8029726225)
neg, 0.09609493625297909, left(srz96594929691)
neg, 0.0937508809907689, left(srz8029724896)
neg, 0.09407054746139654, left(srz80297210920)
neg, 0.08762384534061207, left(srz44248275755)
neg, 0.09486880485969293, left(srz8029722031)
neg, 0.09608915723563012, left(srz27409597635)
neg, 0.43024999543214043, left(srz274095916841)
neg, 0.40635621084154055, left(srz99311015130)
neg, 0.0887268665164327, left(srz965949211021)
neg, 0.09340274269541389, left(srz44230446116)
neg, 0.09016603697229966, left(srz993110110201)
neg, 0.09762134993398691, left(srz8029722474)
neg, 0.21561915279098645, left(srz24618672783)
neg, 0.2522192920344088, left(srz96594929307)
neg, 0.2522192920344088, left(srz246186714788)
neg, 0.31607632861215096, left(srz8029728237)
neg, 0.10747792548879284, left(srz965661713066)
neg, 0.40635621084154055, left(srz8029724624)
neg, 0.08762384534061207, left(srz8029729117)
neg, 0.3711736182300026, left(srz246186714620)
neg, 0.08762384534061207, left(srz19306346)
neg, 0.09700154491364789, left(srz193069904)
neg, 0.7077438782664071, left(srz96594926407)
neg, 0.14392251391921854, left(srz965661710718)
neg, 0.33768125175482216, left(srz8029721641)
neg, 0.2013793350879112, left(srz99311014355)
neg, 0.10429965700047668, left(srz44230447377)
neg, 0.09532859567133202, left(srz193068205)
neg, 0.10747792548879284, left(srz99311019428)
neg, 0.0887268665164327, left(srz44248275307)
neg, 0.08762384534061207, left(srz96566177799)
neg, 0.09965842165547369, left(srz965949210491)
neg, 0.0887268665164327, left(srz96594925391)
neg, 0.19918329105392513, left(srz24618677317)
neg, 0.40635621084154055, left(srz274095910959)
neg, 0.10429965700047668, left(srz96566175597)
neg, 0.36040220265655376, left(srz274095912091)
neg, 0.0937508809907689, left(srz8029728644)
neg, 0.21561915279098645, left(srz24618671162)
neg, 0.10429965700047668, left(srz8029723352)
neg, 0.09700154491364789, left(srz44230447731)
neg, 0.10404929125716667, left(srz99311011297)
neg, 0.0958193856345921, left(srz8029721130)
neg, 0.40635621084154055, left(srz993110111914)
neg, 0.11688192957054873, left(srz274095913857)
neg, 0.31607632861215096, left(srz965661714101)
neg, 0.09440773299953088, left(srz193065737)
neg, 0.40635621084154055, left(srz44248276932)
neg, 0.13952275334673125, left(srz24618676185)
neg, 0.0887268665164327, left(srz96594926718)
neg, 0.33768125175482216, left(srz96566173565)
neg, 0.40635621084154055, left(srz44230441486)
neg, 0.10205775805938307, left(srz27409597135)
neg, 0.43024999543214043, left(srz965949211582)
neg, 0.11688192957054873, left(srz965949212087)
neg, 0.31607632861215096, left(srz8029724088)
neg, 0.09090821718191328, left(srz193061280)
neg, 0.0958193856345921, left(srz96566179965)
neg, 0.09470362628195078, left(srz246186713798)
neg, 0.7077438782664071, left(srz44248272065)
neg, 0.34855354714672426, left(srz99311017214)
neg, 0.09609493625297909, left(srz80297210870)
neg, 0.0937508809907689, left(srz274095915555)
neg, 0.7077438782664071, left(srz965661715016)
neg, 0.13931861312733054, left(srz274095917321)
neg, 0.11688192957054873, left(srz44248277785)
neg, 0.31607632861215096, left(srz193062783)
neg, 0.09341546289497812, left(srz96594924601)
neg, 0.09440773299953088, left(srz27409595598)
neg, 0.10404929125716667, left(srz193067508)
neg, 0.09609493625297909, left(srz99311014102)
neg, 0.40635621084154055, left(srz8029728609)
neg, 0.08762384534061207, left(srz193066710)
neg, 0.09340274269541389, left(srz8029727342)
neg, 0.09475002328292681, left(srz1930610342)
neg, 0.10205775805938307, left(srz96566174808)
neg, 0.43024999543214043, left(srz99311012642)
neg, 0.08762384534061207, left(srz44248274316)
neg, 0.10429965700047668, left(srz193065118)
neg, 0.31607632861215096, left(srz965661710752)
neg, 0.09463868543959796, left(srz44248271458)
neg, 0.31607632861215096, left(srz44248272538)
neg, 0.09490985775752864, left(srz96594928986)
neg, 0.33768125175482216, left(srz9656617942)
neg, 0.10747792548879284, left(srz24618678904)
neg, 0.0958193856345921, left(srz965661715147)
neg, 0.10429965700047668, left(srz8029721079)
neg, 0.10747792548879284, left(srz24618678931)
neg, 0.7077438782664071, left(srz96594928324)
neg, 0.10205775805938307, left(srz96566174805)
neg, 0.40635621084154055, left(srz99311018227)
neg, 0.08990707212312127, left(srz1930610251)
neg, 0.11688192957054873, left(srz9931101955)
neg, 0.10205775805938307, left(srz8029725541)
neg, 0.3711736182300026, left(srz24618679551)
neg, 0.5854559097590201, left(srz96566173173)
neg, 0.09016603697229966, left(srz44230446746)
neg, 0.21561915279098645, left(srz24618672833)
neg, 0.09632821988167461, left(srz44248277087)
neg, 0.09363016764644838, left(srz274095911677)
neg, 0.17082060411216196, left(srz193069748)
neg, 0.09235628868285982, left(srz24618671563)
neg, 0.33768125175482216, left(srz965661713291)
neg, 0.0887268665164327, left(srz99311013184)
neg, 0.09447233311561995, left(srz965661712240)
neg, 0.09632821988167461, left(srz80297210850)
neg, 0.09486880485969293, left(srz965661714894)
neg, 0.09463868543959796, left(srz193066624)
neg, 0.33768125175482216, left(srz27409596633)
neg, 0.10429965700047668, left(srz44230447497)
neg, 0.11688192957054873, left(srz4424827886)
neg, 0.338085635834678, left(srz44230441397)
neg, 0.11688192957054873, left(srz246186711680)
neg, 0.08762384534061207, left(srz44248274698)
neg, 0.08762384534061207, left(srz8029726067)
neg, 0.08958030644887138, left(srz8029729790)
neg, 0.09608915723563012, left(srz246186714201)
neg, 0.34814322782325435, left(srz965661712312)
neg, 0.08762384534061207, left(srz2740959116)
neg, 0.40635621084154055, left(srz24618674670)
neg, 0.2195820944774772, left(srz8029728230)
neg, 0.10747792548879284, left(srz246186716794)
neg, 0.23269372339757188, left(srz4424827801)
neg, 0.23269372339757188, left(srz274095915994)
neg, 0.10747792548879284, left(srz193068442)
neg, 0.09608915723563012, left(srz9659492917)
neg, 0.33768125175482216, left(srz99311012141)
neg, 0.08762384534061207, left(srz99311013829)
neg, 0.09447233311561995, left(srz274095910155)
neg, 0.31607632861215096, left(srz96566176040)
neg, 0.09224747701105376, left(srz993110111564)
neg, 0.31607632861215096, left(srz993110111491)
neg, 0.08762384534061207, left(srz8029728899)
neg, 0.09486880485969293, left(srz965661711322)
neg, 0.21561915279098645, left(srz44248272459)
neg, 0.0924723759409461, left(srz993110112112)
neg, 0.0992611488082572, left(srz246186712783)
neg, 0.10429965700047668, left(srz24618673849)
neg, 0.08762384534061207, left(srz8029725912)
neg, 0.338085635834678, left(srz246186710337)
neg, 0.0887268665164327, left(srz193069105)
neg, 0.0992611488082572, left(srz8029721251)
neg, 0.08762384534061207, left(srz1930612204)
neg, 0.10205775805938307, left(srz9656617221)
neg, 0.11688192957054873, left(srz965661715736)
neg, 0.08762384534061207, left(srz96594927015)
neg, 0.40635621084154055, left(srz99311012219)
neg, 0.09259174908264792, left(srz965661715601)
neg, 0.10429965700047668, left(srz96594928915)
neg, 0.10747792548879284, left(srz99311014389)
neg, 0.0868824920165507, left(srz96594924573)
neg, 0.09941796035347768, left(srz96566178543)
neg, 0.08762384534061207, left(srz965661712209)
neg, 0.34855354714672426, left(srz965949213244)
neg, 0.2522192920344088, left(srz193061448)
neg, 0.10429965700047668, left(srz24618677054)
neg, 0.08762384534061207, left(srz1930612175)
neg, 0.08990707212312127, left(srz193067649)
neg, 0.11688192957054873, left(srz96594929388)
neg, 0.09224747701105376, left(srz802972112)
neg, 0.09463868543959796, left(srz19306649)
neg, 0.3261986113799918, left(srz44248272143)
neg, 0.0887268665164327, left(srz99311018794)
neg, 0.09340274269541389, left(srz4424827168)
neg, 0.0887268665164327, left(srz965949210904)
neg, 0.09608915723563012, left(srz4424827240)
neg, 0.10429965700047668, left(srz27409596254)
neg, 0.31607632861215096, left(srz274095911390)
neg, 0.08762384534061207, left(srz274095911259)
neg, 0.2522192920344088, left(srz193064484)
neg, 0.6928377924762232, left(srz8029729922)
neg, 0.09762134993398691, left(srz193068279)
neg, 0.338085635834678, left(srz44230443286)
neg, 0.10429965700047668, left(srz24618676947)
neg, 0.10205775805938307, left(srz99311018564)
neg, 0.21561915279098645, left(srz1930611957)
neg, 0.08762384534061207, left(srz246186716538)
neg, 0.11688192957054873, left(srz246186711721)
neg, 0.09340274269541389, left(srz965661711278)
neg, 0.09762134993398691, left(srz96594921046)
neg, 0.09398249492320182, left(srz99311015653)
neg, 0.17064270533827597, left(srz8029726713)
neg, 0.09608915723563012, left(srz965661715552)
neg, 0.21561915279098645, left(srz44248272501)
neg, 0.31607632861215096, left(srz96594928330)
neg, 0.40635621084154055, left(srz965661714853)
neg, 0.10429965700047668, left(srz993110110312)
neg, 0.09463734954675793, left(srz44248272662)
neg, 0.43024999543214043, left(srz193067210)
neg, 0.09463734954675793, left(srz274095917008)
neg, 0.09965842165547369, left(srz96594923422)
neg, 0.10429965700047668, left(srz8029721110)
neg, 0.10404929125716667, left(srz24618679077)
neg, 0.10429965700047668, left(srz965661710461)
neg, 0.3331641946750168, left(srz193061848)
neg, 0.10747792548879284, left(srz27409599373)
neg, 0.08990707212312127, left(srz193065839)
neg, 0.33768125175482216, left(srz24618676595)
neg, 0.08762384534061207, left(srz4423044224)
neg, 0.0992611488082572, left(srz99311011750)
neg, 0.0887268665164327, left(srz44230442799)
neg, 0.08762384534061207, left(srz246186713257)
neg, 0.10429965700047668, left(srz246186715154)
neg, 0.40635621084154055, left(srz965661715139)
neg, 0.10747792548879284, left(srz246186710079)
neg, 0.21531360176855996, left(srz44248272273)
neg, 0.5169565646748872, left(srz99311015691)
neg, 0.0992611488082572, left(srz27409592830)
neg, 0.10747792548879284, left(srz27409595194)
neg, 0.09463734954675793, left(srz24618673222)
neg, 0.095140567258244, left(srz9931101103)
neg, 0.09447233311561995, left(srz96594927752)
neg, 0.36040220265655376, left(srz274095912090)
neg, 0.10404929125716667, left(srz99311011362)
neg, 0.2605058195600784, left(srz99311018995)
neg, 0.31607632861215096, left(srz99311012374)
neg, 0.43024999543214043, left(srz965949211578)
neg, 0.33768125175482216, left(srz44230441821)
neg, 0.09470362628195078, left(srz193064137)
neg, 0.09609493625297909, left(srz9931101444)
neg, 0.34855354714672426, left(srz96594929600)
neg, 0.10429965700047668, left(srz24618673053)
neg, 0.08762384534061207, left(srz193069532)
neg, 0.40635621084154055, left(srz193061192)
neg, 0.11688192957054873, left(srz96594929386)
neg, 0.0887268665164327, left(srz193067818)
neg, 0.10747792548879284, left(srz246186710996)
neg, 0.31607632861215096, left(srz44248277056)
neg, 0.5006733409902656, left(srz44230443450)
neg, 0.31607632861215096, left(srz193063116)
neg, 0.10404929125716667, left(srz965949212992)
neg, 0.0937508809907689, left(srz965949210328)
neg, 0.11688192957054873, left(srz44230446878)
neg, 0.7077438782664071, left(srz44248277134)
neg, 0.21561915279098645, left(srz96594929436)
neg, 0.09463868543959796, left(srz274095912907)
neg, 0.08762384534061207, left(srz193069526)
neg, 0.08762384534061207, left(srz44248277984)
neg, 0.09447233311561995, left(srz193068065)
neg, 0.10429965700047668, left(srz193062464)
neg, 0.11688192957054873, left(srz4424827905)
neg, 0.33768125175482216, left(srz9659492387)
neg, 0.31607632861215096, left(srz965949210520)
neg, 0.338085635834678, left(srz802972568)
neg, 0.10429965700047668, left(srz24618676641)
neg, 0.09609493625297909, left(srz44248273997)
neg, 0.09490985775752864, left(srz99311018481)
neg, 0.43024999543214043, left(srz44248276116)
neg, 0.08762384534061207, left(srz193066862)
neg, 0.19918329105392513, left(srz96566176253)
neg, 0.338085635834678, left(srz2461867504)
neg, 0.0887268665164327, left(srz80297210369)
neg, 0.09447233311561995, left(srz442304476)
neg, 0.11688192957054873, left(srz96594922964)
neg, 0.43024999543214043, left(srz27409593045)
neg, 0.09363016764644838, left(srz8029722331)
neg, 0.09340274269541389, left(srz24618673485)
neg, 0.0887268665164327, left(srz9656617417)
neg, 0.40635621084154055, left(srz96566174056)
neg, 0.338085635834678, left(srz442482720)
neg, 0.09463868543959796, left(srz96566173403)
neg, 0.10404929125716667, left(srz274095913530)
neg, 0.3113054638003522, left(srz965949211600)
neg, 0.08762384534061207, left(srz8029728929)
neg, 0.10429965700047668, left(srz99311011714)
neg, 0.3331641946750168, left(srz96594929157)
neg, 0.11688192957054873, left(srz24618674364)
neg, 0.33768125175482216, left(srz44248272855)
neg, 0.3711736182300026, left(srz24618679549)
neg, 0.09440773299953088, left(srz27409595596)
neg, 0.36040220265655376, left(srz96594928594)
neg, 0.0868824920165507, left(srz8029723119)
neg, 0.08762384534061207, left(srz44248275633)
neg, 0.0937508809907689, left(srz965661715479)
neg, 0.08762384534061207, left(srz44248274637)
neg, 0.10747792548879284, left(srz802972722)
neg, 0.40635621084154055, left(srz24618677798)
neg, 0.0887268665164327, left(srz96566171653)
neg, 0.09259174908264792, left(srz24618678183)
neg, 0.40635621084154055, left(srz44248272776)
neg, 0.11688192957054873, left(srz193061340)
neg, 0.09041152568594854, left(srz99311015414)
neg, 0.33186072259198907, left(srz96566176855)
neg, 0.33768125175482216, left(srz99311012591)
neg, 0.33768125175482216, left(srz44248272352)
neg, 0.21561915279098645, left(srz274095914946)
neg, 0.0887268665164327, left(srz96594925428)
neg, 0.10429965700047668, left(srz2740959357)
neg, 0.3113054638003522, left(srz99311014059)
neg, 0.09168441105486956, left(srz99311011101)
neg, 0.43024999543214043, left(srz274095916094)
neg, 0.40635621084154055, left(srz8029725380)
neg, 0.09340274269541389, left(srz193061050)
neg, 0.08762384534061207, left(srz4424827348)
neg, 0.10429965700047668, left(srz24618677858)
neg, 0.08762384534061207, left(srz44248274372)
neg, 0.0921735255964435, left(srz1930611255)
neg, 0.09941796035347768, left(srz44248273895)
neg, 0.2521930902644402, left(srz27409599103)
neg, 0.09965842165547369, left(srz44230446175)
neg, 0.3261986113799918, left(srz8029725859)
neg, 0.33768125175482216, left(srz44230447612)
neg, 0.33186072259198907, left(srz8029721002)
neg, 0.21561915279098645, left(srz246186716222)
neg, 0.36040220265655376, left(srz274095913308)
neg, 0.28887358464003626, left(srz44248275891)
neg, 0.1893572335612909, left(srz193067463)
neg, 0.34814322782325435, left(srz965661712296)
neg, 0.0958193856345921, left(srz8029726412)
neg, 0.10747792548879284, left(srz24618675388)
neg, 0.40635621084154055, left(srz24618674868)
neg, 0.08762384534061207, left(srz193063964)
neg, 0.09608915723563012, left(srz27409592793)
neg, 0.11688192957054873, left(srz96594923011)
neg, 0.09224747701105376, left(srz8029724967)
neg, 0.11776684884009299, left(srz8029723508)
neg, 0.0924723759409461, left(srz27409594612)
neg, 0.21561915279098645, left(srz27409594102)
neg, 0.08762384534061207, left(srz27409599573)
neg, 0.10747792548879284, left(srz24618675391)
neg, 0.43024999543214043, left(srz193069995)
neg, 0.31607632861215096, left(srz44248271734)
neg, 0.11688192957054873, left(srz99311014719)
neg, 0.08762384534061207, left(srz1930610810)
neg, 0.08762384534061207, left(srz193064045)
neg, 0.09447233311561995, left(srz99311011626)
neg, 0.22014123864636012, left(srz96566178329)
neg, 0.0937508809907689, left(srz99311011551)
neg, 0.338085635834678, left(srz193066314)
neg, 0.10429965700047668, left(srz2740959844)
neg, 0.31607632861215096, left(srz8029728543)
neg, 0.11688192957054873, left(srz965661715875)
neg, 0.31607632861215096, left(srz193065592)
neg, 0.10747792548879284, left(srz99311013499)
neg, 0.31607632861215096, left(srz96594921041)
neg, 0.338085635834678, left(srz96566179836)
neg, 0.0937508809907689, left(srz44230446275)
neg, 0.0887268665164327, left(srz44248276766)
neg, 0.338085635834678, left(srz44230443293)
neg, 0.43024999543214043, left(srz96594923649)
neg, 0.10429965700047668, left(srz9659492322)
neg, 0.09340274269541389, left(srz19306853)
neg, 0.0887268665164327, left(srz27409595868)
neg, 0.10429965700047668, left(srz965949212624)
neg, 0.40635621084154055, left(srz27409592518)
neg, 0.09470362628195078, left(srz24618678735)
neg, 0.10404929125716667, left(srz246186711602)
neg, 0.34855354714672426, left(srz99311012851)
neg, 0.08762384534061207, left(srz246186716361)
neg, 0.11688192957054873, left(srz965661711800)
neg, 0.31607632861215096, left(srz193063122)
neg, 0.5379974749891667, left(srz44230441180)
neg, 0.3113054638003522, left(srz246186711778)
neg, 0.09941796035347768, left(srz44248273888)
neg, 0.31607632861215096, left(srz44248272539)
neg, 0.43024999543214043, left(srz8029721652)
neg, 0.10429965700047668, left(srz274095912579)
neg, 0.09608915723563012, left(srz27409598321)
neg, 0.33768125175482216, left(srz965661713516)
neg, 0.0887268665164327, left(srz8029723870)
neg, 0.2144317939556987, left(srz27409593516)
neg, 0.08762384534061207, left(srz8029729235)
neg, 0.10747792548879284, left(srz44248274087)
neg, 0.36040220265655376, left(srz19306916)
neg, 0.09352319308513994, left(srz44230442476)
neg, 0.2521930902644402, left(srz27409599051)
neg, 0.43024999543214043, left(srz96566176837)
neg, 0.40635621084154055, left(srz27409594384)
neg, 0.10429965700047668, left(srz24618679742)
neg, 0.11688192957054873, left(srz965661711815)
neg, 0.08762384534061207, left(srz99311011087)
neg, 0.3113054638003522, left(srz27409594815)
neg, 0.21531360176855996, left(srz96594923947)
neg, 0.2161421357982058, left(srz44230443552)
neg, 0.08762384534061207, left(srz44230446547)
neg, 0.22014123864636012, left(srz44230448299)
neg, 0.40635621084154055, left(srz193066210)
neg, 0.0868824920165507, left(srz24618673962)
neg, 0.33768125175482216, left(srz99311013304)
neg, 0.08762384534061207, left(srz44248275672)
neg, 0.34855354714672426, left(srz44230445717)
neg, 0.09463734954675793, left(srz96566175196)
neg, 0.0887268665164327, left(srz193069106)
neg, 0.09224747701105376, left(srz19306605)
neg, 0.33768125175482216, left(srz8029728547)
neg, 0.21561915279098645, left(srz96566173047)
neg, 0.40635621084154055, left(srz44230446080)
neg, 0.10429965700047668, left(srz27409597231)
neg, 0.08762384534061207, left(srz965949213730)
neg, 0.36040220265655376, left(srz965661711168)
neg, 0.10205775805938307, left(srz965661710380)
neg, 0.43024999543214043, left(srz24618673402)
neg, 0.21531360176855996, left(srz2461867952)
neg, 0.33768125175482216, left(srz193064603)
neg, 0.21561915279098645, left(srz993110111396)
neg, 0.33768125175482216, left(srz8029724698)
neg, 0.31607632861215096, left(srz193062238)
neg, 0.08762384534061207, left(srz8029729111)
neg, 0.09965842165547369, left(srz246186711306)
neg, 0.08990707212312127, left(srz193065926)
neg, 0.08762384534061207, left(srz1930612271)
neg, 0.08762384534061207, left(srz193065016)
neg, 0.09470362628195078, left(srz246186713800)
neg, 0.3261986113799918, left(srz96594924206)
neg, 0.2195820944774772, left(srz193062887)
neg, 0.10205775805938307, left(srz96594921223)
neg, 0.08762384534061207, left(srz8029729243)
neg, 0.40635621084154055, left(srz965661710851)
neg, 0.09463868543959796, left(srz1930611016)
neg, 0.10429965700047668, left(srz27409597173)
neg, 0.08762384534061207, left(srz96594928816)
neg, 0.08762384534061207, left(srz965949213813)
neg, 0.0992611488082572, left(srz274095915817)
neg, 0.09608915723563012, left(srz27409595623)
neg, 0.0992611488082572, left(srz246186711421)
neg, 0.0992611488082572, left(srz96594923696)
neg, 0.11688192957054873, left(srz193061497)
neg, 0.1569926385905161, left(srz965661715189)
neg, 0.10404929125716667, left(srz44230445285)
neg, 0.09486880485969293, left(srz19306182)
neg, 0.31607632861215096, left(srz193062700)
neg, 0.0887268665164327, left(srz44230445516)
neg, 0.10747792548879284, left(srz19306210)
neg, 0.09490985775752864, left(srz8029727939)
neg, 0.10404929125716667, left(srz246186711582)
neg, 0.09470362628195078, left(srz2740959639)
neg, 0.40635621084154055, left(srz99311015318)
neg, 0.08884187788696475, left(srz80297210141)
neg, 0.09475002328292681, left(srz1930610321)
neg, 0.21561915279098645, left(srz993110111402)
neg, 0.21561915279098645, left(srz99311016763)
neg, 0.09490985775752864, left(srz193062361)
neg, 0.10747792548879284, left(srz8029728852)
neg, 0.23269372339757188, left(srz246186713026)
neg, 0.09190937749855801, left(srz44248276949)
neg, 0.0887268665164327, left(srz193067810)
neg, 0.0937508809907689, left(srz965661714699)
neg, 0.36040220265655376, left(srz193065656)
neg, 0.10205775805938307, left(srz96594921195)
neg, 0.11688192957054873, left(srz8029721308)
neg, 0.08762384534061207, left(srz8029726115)
neg, 0.10404929125716667, left(srz246186710487)
neg, 0.31607632861215096, left(srz24618677360)
neg, 0.10747792548879284, left(srz246186715048)
neg, 0.11688192957054873, left(srz96594929195)
neg, 0.0887268665164327, left(srz96566171601)
neg, 0.33768125175482216, left(srz24618671123)
neg, 0.21531360176855996, left(srz4423044799)
neg, 0.09470362628195078, left(srz246186713795)
neg, 0.10747792548879284, left(srz96594921312)
neg, 0.3113054638003522, left(srz246186711772)
neg, 0.09129785735141506, left(srz44248276695)
neg, 0.09941796035347768, left(srz4423044559)
neg, 0.08762384534061207, left(srz965661714260)
neg, 0.10429965700047668, left(srz965661714166)
neg, 0.4525842432755376, left(srz44230442377)
neg, 0.11688192957054873, left(srz99311016685)
neg, 0.08969631519377494, left(srz2461867715)
neg, 0.10404929125716667, left(srz24618679126)
neg, 0.10747792548879284, left(srz274095911980)
neg, 0.43024999543214043, left(srz99311012662)
neg, 0.10747792548879284, left(srz24618671768)
neg, 0.10747792548879284, left(srz965949211093)
neg, 0.09224747701105376, left(srz99311017514)
neg, 0.23269372339757188, left(srz246186712056)
neg, 0.09941796035347768, left(srz96566174538)
neg, 0.09447386570887614, left(srz193067540)
neg, 0.09232652434404263, left(srz8029726871)
neg, 0.43024999543214043, left(srz24618672214)
neg, 0.08990707212312127, left(srz44248275116)
neg, 0.43024999543214043, left(srz24618678686)
neg, 0.10747792548879284, left(srz96594925306)
neg, 0.5379974749891667, left(srz965661716108)
neg, 0.10429965700047668, left(srz19306564)
neg, 0.31607632861215096, left(srz96566172931)
neg, 0.33768125175482216, left(srz99311013306)
neg, 0.08990707212312127, left(srz193063489)
neg, 0.08762384534061207, left(srz19306437)
neg, 0.08762384534061207, left(srz8029724507)
neg, 0.3098342402670987, left(srz193067256)
neg, 0.36040220265655376, left(srz96566171077)
neg, 0.10205775805938307, left(srz80297210522)
neg, 0.0921735255964435, left(srz993110110199)
neg, 0.08990707212312127, left(srz965949210770)
neg, 0.3711736182300026, left(srz96566176431)
neg, 0.11688192957054873, left(srz993110111442)
neg, 0.09608915723563012, left(srz24618674550)
neg, 0.31607632861215096, left(srz96566175719)
neg, 0.10747792548879284, left(srz193062502)
neg, 0.10747792548879284, left(srz99311018129)
neg, 0.0887268665164327, left(srz965661710595)
neg, 0.13062912489546, left(srz274095913630)
neg, 0.08762384534061207, left(srz246186716357)
neg, 0.10747792548879284, left(srz19306192)
neg, 0.0887268665164327, left(srz27409597324)
neg, 0.31607632861215096, left(srz993110111273)
neg, 0.0868824920165507, left(srz274095915884)
neg, 0.34814322782325435, left(srz965949210678)
neg, 0.09609493625297909, left(srz193065611)
neg, 0.10429965700047668, left(srz27409593502)
neg, 0.338085635834678, left(srz8029729919)
neg, 0.338085635834678, left(srz274095917120)
neg, 0.10404929125716667, left(srz246186714589)
neg, 0.21531360176855996, left(srz246186716096)
neg, 0.21561915279098645, left(srz96594924064)
neg, 0.0887268665164327, left(srz27409597317)
neg, 0.09407054746139654, left(srz4423044705)
neg, 0.43024999543214043, left(srz96566174673)
neg, 0.36040220265655376, left(srz24618675044)
neg, 0.43024999543214043, left(srz44230444511)
neg, 0.0887268665164327, left(srz99311013007)
neg, 0.10429965700047668, left(srz24618677082)
neg, 0.09363016764644838, left(srz96566175298)
neg, 0.31607632861215096, left(srz193065580)
neg, 0.2522192920344088, left(srz96594929319)
neg, 0.09490985775752864, left(srz965949212476)
neg, 0.10429965700047668, left(srz965661714540)
neg, 0.09470362628195078, left(srz44230445028)
neg, 0.08762384534061207, left(srz193064868)
neg, 0.11688192957054873, left(srz96594924166)
neg, 0.31607632861215096, left(srz4423044987)
neg, 0.09608915723563012, left(srz274095911932)
neg, 0.0992611488082572, left(srz99311013950)
neg, 0.10429965700047668, left(srz27409593086)
neg, 0.08797708080886504, left(srz44230447459)
neg, 0.09608915723563012, left(srz965661713120)
neg, 0.36040220265655376, left(srz99311012790)
neg, 0.21561915279098645, left(srz80297210494)
neg, 0.43024999543214043, left(srz44248276108)
neg, 0.7077438782664071, left(srz44230444449)
neg, 0.11776684884009299, left(srz8029723514)
neg, 0.09259174908264792, left(srz274095916706)
neg, 0.09486880485969293, left(srz965661714896)
neg, 0.40635621084154055, left(srz2461867518)
neg, 0.31607632861215096, left(srz802972694)
neg, 0.09608915723563012, left(srz44230443909)
neg, 0.09264665702184746, left(srz44230442522)
neg, 0.09762134993398691, left(srz246186710200)
neg, 0.08762384534061207, left(srz44230446569)
neg, 0.08762384534061207, left(srz44230446524)
neg, 0.10429965700047668, left(srz8029723359)
neg, 0.10747792548879284, left(srz44230441868)
neg, 0.11688192957054873, left(srz9931101892)
neg, 0.09104766044741505, left(srz965661715274)
neg, 0.34814322782325435, left(srz99311017544)
neg, 0.09463734954675793, left(srz8029724263)
neg, 0.0928333463018143, left(srz965949212766)
neg, 0.0958193856345921, left(srz193066341)
neg, 0.09608915723563012, left(srz965661715579)
neg, 0.0868824920165507, left(srz9659492541)
neg, 0.3711736182300026, left(srz965949213248)
neg, 0.10404929125716667, left(srz193063441)
neg, 0.36040220265655376, left(srz24618673659)
neg, 0.21561915279098645, left(srz44248272445)
neg, 0.11688192957054873, left(srz99311016536)
neg, 0.095140567258244, left(srz44230444677)
neg, 0.34814322782325435, left(srz44248271045)
neg, 0.40635621084154055, left(srz27409598171)
neg, 0.4525842432755376, left(srz993110111612)
neg, 0.31607632861215096, left(srz44248271504)
neg, 0.08990707212312127, left(srz44248275152)
neg, 0.13952275334673125, left(srz246186715750)
neg, 0.09632821988167461, left(srz96594929917)
neg, 0.10205775805938307, left(srz99311016894)
neg, 0.10429965700047668, left(srz96566173901)
neg, 0.08762384534061207, left(srz246186716513)
neg, 0.09486880485969293, left(srz965661714890)
neg, 0.11688192957054873, left(srz246186714656)
neg, 0.09608915723563012, left(srz9656617628)
neg, 0.09340274269541389, left(srz193061044)
neg, 0.08762384534061207, left(srz193064032)
neg, 0.22014123864636012, left(srz44230441542)
neg, 0.33768125175482216, left(srz44248274592)
neg, 0.09470362628195078, left(srz96566177257)
neg, 0.09193959798893422, left(srz96566177679)
neg, 0.1893572335612909, left(srz8029724772)
neg, 0.08762384534061207, left(srz80297210430)
neg, 0.40635621084154055, left(srz8029725272)
neg, 0.09762134993398691, left(srz993110110843)
neg, 0.08762384534061207, left(srz99311019461)
neg, 0.08762384534061207, left(srz44248274267)
neg, 0.09965842165547369, left(srz993110110411)
neg, 0.22014123864636012, left(srz24618677972)
neg, 0.43024999543214043, left(srz99311018287)
neg, 0.10205775805938307, left(srz9656617188)
neg, 0.10747792548879284, left(srz274095915433)
neg, 0.11688192957054873, left(srz8029725851)
neg, 0.09608915723563012, left(srz24618672543)
neg, 0.40635621084154055, left(srz993110111632)
neg, 0.31607632861215096, left(srz24618679989)
neg, 0.40635621084154055, left(srz44230444918)
neg, 0.36040220265655376, left(srz44248271623)
neg, 0.09090821718191328, left(srz193061285)
neg, 0.08990707212312127, left(srz965949210888)
neg, 0.21561915279098645, left(srz9931101697)
neg, 0.40635621084154055, left(srz99311011994)
neg, 0.08969631519377494, left(srz2740959750)
neg, 0.43024999543214043, left(srz27409594827)
neg, 0.33768125175482216, left(srz193068597)
neg, 0.2522192920344088, left(srz96594929360)
neg, 0.43024999543214043, left(srz44230448453)
neg, 0.0887268665164327, left(srz96566171687)
neg, 0.08762384534061207, left(srz8029728982)
neg, 0.21561915279098645, left(srz965949211988)
neg, 0.09470362628195078, left(srz2740959627)
neg, 0.33768125175482216, left(srz99311016195)
neg, 0.09340274269541389, left(srz965949213548)
neg, 0.08762384534061207, left(srz96594927587)
neg, 0.08762384534061207, left(srz1930612289)
neg, 0.33768125175482216, left(srz246186717086)
neg, 0.13952275334673125, left(srz24618675123)
neg, 0.31607632861215096, left(srz274095914874)
neg, 0.10747792548879284, left(srz1930610938)
neg, 0.09224747701105376, left(srz44230445758)
neg, 0.338085635834678, left(srz44230447702)
neg, 0.31607632861215096, left(srz24618675222)
neg, 0.10429965700047668, left(srz27409593432)
neg, 0.10429965700047668, left(srz24618676402)
neg, 0.09259174908264792, left(srz965661715514)
neg, 0.10429965700047668, left(srz246186716725)
neg, 0.09656552271795196, left(srz2461867424)
neg, 0.31607632861215096, left(srz27409592377)
neg, 0.10404929125716667, left(srz9656617131)
neg, 0.2144317939556987, left(srz274095910665)
neg, 0.5379974749891667, left(srz96594928025)
neg, 0.21561915279098645, left(srz24618674297)
neg, 0.5169565646748872, left(srz44248273160)
neg, 0.09235628868285982, left(srz993110110153)
neg, 0.08762384534061207, left(srz274095911306)
neg, 0.40635621084154055, left(srz44248277271)
neg, 0.36040220265655376, left(srz802972622)
neg, 0.10429965700047668, left(srz193067168)
neg, 0.10429965700047668, left(srz246186713150)
neg, 0.11688192957054873, left(srz246186711681)
neg, 0.10429965700047668, left(srz27409594508)
neg, 0.3261986113799918, left(srz274095916284)
neg, 0.43024999543214043, left(srz44230444517)
neg, 0.31607632861215096, left(srz99311016335)
neg, 0.2161421357982058, left(srz993110111561)
neg, 0.08762384534061207, left(srz965661714239)
neg, 0.09463868543959796, left(srz193062377)
neg, 0.31607632861215096, left(srz44248276374)
neg, 0.43024999543214043, left(srz27409599965)
neg, 0.09965842165547369, left(srz96566176558)
neg, 0.09447233311561995, left(srz44230443891)
neg, 0.3261986113799918, left(srz96594923027)
neg, 0.08762384534061207, left(srz1930612180)
neg, 0.09608915723563012, left(srz246186710214)
neg, 0.0887268665164327, left(srz9656617384)
neg, 0.11688192957054873, left(srz44248273423)
neg, 0.09041152568594854, left(srz96594921766)
neg, 0.09470362628195078, left(srz24618678784)
neg, 0.09762134993398691, left(srz27409593247)
neg, 0.09340274269541389, left(srz965661714593)
neg, 0.09363016764644838, left(srz274095911678)
neg, 0.08797708080886504, left(srz96566175844)
neg, 0.21561915279098645, left(srz274095916137)
neg, 0.10404929125716667, left(srz965949211064)
neg, 0.40635621084154055, left(srz44248272837)
neg, 0.08762384534061207, left(srz27409599493)
neg, 0.08762384534061207, left(srz44230446562)
neg, 0.09340274269541389, left(srz246186715261)
neg, 0.10429965700047668, left(srz96566173892)
neg, 0.36040220265655376, left(srz442304411)
neg, 0.31607632861215096, left(srz274095914863)
neg, 0.0937508809907689, left(srz44230442034)
neg, 0.43024999543214043, left(srz96566179215)
neg, 0.09609493625297909, left(srz96566177534)
neg, 0.09259174908264792, left(srz27409598237)
neg, 0.0887268665164327, left(srz96594921421)
neg, 0.33768125175482216, left(srz99311015514)
neg, 0.10429965700047668, left(srz24618675112)
neg, 0.10747792548879284, left(srz24618679315)
neg, 0.33768125175482216, left(srz99311012140)
neg, 0.43024999543214043, left(srz24618676211)
neg, 0.0887268665164327, left(srz8029727612)
neg, 0.31607632861215096, left(srz965661710092)
neg, 0.08990707212312127, left(srz193067702)
neg, 0.40635621084154055, left(srz965949211168)
neg, 0.10429965700047668, left(srz1930682)
neg, 0.0887268665164327, left(srz44248276746)
neg, 0.09463868543959796, left(srz44230447291)
neg, 0.10429965700047668, left(srz99311019071)
neg, 0.09447233311561995, left(srz993110110204)
neg, 0.21561915279098645, left(srz24618674289)
neg, 0.2522192920344088, left(srz246186714768)
neg, 0.08762384534061207, left(srz8029724489)
neg, 0.10747792548879284, left(srz96594928484)
neg, 0.08990707212312127, left(srz193067773)
neg, 0.7077438782664071, left(srz44248273811)
neg, 0.10747792548879284, left(srz99311018627)
neg, 0.10429965700047668, left(srz274095911477)
neg, 0.10429965700047668, left(srz44248271414)
neg, 0.19918329105392513, left(srz96594922781)
neg, 0.43024999543214043, left(srz965949211570)
neg, 0.0924723759409461, left(srz99311012413)
neg, 0.08762384534061207, left(srz44248274782)
neg, 0.13952275334673125, left(srz8029728757)
neg, 0.0958193856345921, left(srz99311014425)
neg, 0.31607632861215096, left(srz993110111501)
neg, 0.21561915279098645, left(srz96594924084)
neg, 0.36040220265655376, left(srz44230444949)
neg, 0.0887268665164327, left(srz27409597348)
neg, 0.34814322782325435, left(srz8029727668)
neg, 0.09470362628195078, left(srz274095911128)
neg, 0.33768125175482216, left(srz8029724700)
neg, 0.10429965700047668, left(srz193064384)
neg, 0.31607632861215096, left(srz44248276180)
neg, 0.23269372339757188, left(srz24618674146)
neg, 0.21561915279098645, left(srz246186714851)
neg, 0.11688192957054873, left(srz44248277851)
neg, 0.43024999543214043, left(srz965661712595)
neg, 0.2013793350879112, left(srz44230443564)
neg, 0.0887268665164327, left(srz96566171686)
neg, 0.3113054638003522, left(srz246186711823)
neg, 0.0958193856345921, left(srz193066346)
neg, 0.095140567258244, left(srz44248277091)
neg, 0.09470362628195078, left(srz965949212155)
neg, 0.08990707212312127, left(srz8029723703)
neg, 0.43024999543214043, left(srz965949211572)
neg, 0.33768125175482216, left(srz965661714491)
neg, 0.09355835621005208, left(srz44230447455)
neg, 0.36040220265655376, left(srz96594929844)
neg, 0.28887358464003626, left(srz80297210016)
neg, 0.09340274269541389, left(srz19306664)
neg, 0.31607632861215096, left(srz27409596777)
neg, 0.40635621084154055, left(srz274095911755)
neg, 0.08762384534061207, left(srz965949213757)
neg, 0.0924723759409461, left(srz993110111922)
neg, 0.10747792548879284, left(srz965949211375)
neg, 0.10747792548879284, left(srz965949210104)
neg, 0.08990707212312127, left(srz44248275258)
neg, 0.10429965700047668, left(srz27409597185)
neg, 0.31607632861215096, left(srz8029722187)
neg, 0.08958030644887138, left(srz24618671551)
neg, 0.09090821718191328, left(srz96566175852)
neg, 0.08762384534061207, left(srz246186713346)
neg, 0.10747792548879284, left(srz96594921293)
neg, 0.09224747701105376, left(srz44230441906)
neg, 0.3711736182300026, left(srz99311017733)
neg, 0.08762384534061207, left(srz99311013873)
neg, 0.09463734954675793, left(srz99311018093)
neg, 0.338085635834678, left(srz44248271704)
neg, 0.13952275334673125, left(srz27409592840)
neg, 0.09447233311561995, left(srz965661712238)
neg, 0.10205775805938307, left(srz24618675700)
neg, 0.23269372339757188, left(srz27409591115)
neg, 0.19918329105392513, left(srz4423044932)
neg, 0.08762384534061207, left(srz8029724366)
neg, 0.21561915279098645, left(srz96594924071)
neg, 0.0937508809907689, left(srz44230447837)
neg, 0.08762384534061207, left(srz4424827317)
neg, 0.10747792548879284, left(srz246186710095)
neg, 0.33768125175482216, left(srz8029728205)
neg, 0.09965842165547369, left(srz193068470)
neg, 0.10429965700047668, left(srz27409592646)
neg, 0.21561915279098645, left(srz993110111351)
neg, 0.10429965700047668, left(srz2740959348)
neg, 0.21561915279098645, left(srz8029727728)
neg, 0.08969631519377494, left(srz96594925102)
neg, 0.10404929125716667, left(srz1930610144)
neg, 0.10205775805938307, left(srz80297210517)
neg, 0.21561915279098645, left(srz993110111403)
neg, 0.2716455391777424, left(srz8029725438)
neg, 0.11688192957054873, left(srz96566178938)
neg, 0.09762134993398691, left(srz8029728690)
neg, 0.11688192957054873, left(srz8029721501)
neg, 0.3711736182300026, left(srz965949213267)
neg, 0.08978074992954073, left(srz44248271362)
neg, 0.0924723759409461, left(srz96566172352)
neg, 0.40635621084154055, left(srz2461867393)
neg, 0.09235628868285982, left(srz8029727870)
neg, 0.08762384534061207, left(srz8029729112)
neg, 0.5169565646748872, left(srz274095915351)
neg, 0.0924723759409461, left(srz246186715217)
neg, 0.2522192920344088, left(srz193061439)
neg, 0.09447386570887614, left(srz96594927826)
neg, 0.08762384534061207, left(srz24618677959)
neg, 0.10404929125716667, left(srz8029727276)
neg, 0.09965842165547369, left(srz96566176555)
neg, 0.10747792548879284, left(srz193063283)
neg, 0.21561915279098645, left(srz27409594085)
neg, 0.10429965700047668, left(srz993110110314)
neg, 0.21561915279098645, left(srz99311015001)
neg, 0.34814322782325435, left(srz44248275550)
neg, 0.31607632861215096, left(srz8029727105)
neg, 0.0887268665164327, left(srz965661710662)
neg, 0.10404929125716667, left(srz96594929653)
neg, 0.09470362628195078, left(srz44230442675)
neg, 0.43024999543214043, left(srz27409596070)
neg, 0.2013793350879112, left(srz80297210576)
neg, 0.11688192957054873, left(srz4424827881)
neg, 0.09762134993398691, left(srz44230447858)
neg, 0.31607632861215096, left(srz442304450)
neg, 0.08762384534061207, left(srz44230443815)
neg, 0.0887268665164327, left(srz27409597345)
neg, 0.09656552271795196, left(srz274095910201)
neg, 0.09259174908264792, left(srz96594922247)
neg, 0.09259174908264792, left(srz19306712)
neg, 0.28887358464003626, left(srz965661714606)
neg, 0.09340274269541389, left(srz99311017597)
neg, 0.19918329105392513, left(srz993110111212)
neg, 0.3711736182300026, left(srz965949213258)
neg, 0.36040220265655376, left(srz27409592699)
neg, 0.08990707212312127, left(srz8029727506)
neg, 0.1893572335612909, left(srz193067464)
neg, 0.08762384534061207, left(srz965949213716)
neg, 0.08762384534061207, left(srz193066905)
neg, 0.5169565646748872, left(srz8029728313)
neg, 0.09609493625297909, left(srz44230442035)
neg, 0.21561915279098645, left(srz8029725741)
neg, 0.09463734954675793, left(srz44230441196)
neg, 0.095140567258244, left(srz44248272549)
neg, 0.08762384534061207, left(srz96594927050)
neg, 0.13952275334673125, left(srz193069780)
neg, 0.09608915723563012, left(srz193068787)
neg, 0.09224747701105376, left(srz8029724966)
neg, 0.31607632861215096, left(srz1930622)
neg, 0.13952275334673125, left(srz193067523)
neg, 0.10205775805938307, left(srz96594926509)
neg, 0.08762384534061207, left(srz96594927622)
neg, 0.19701951681629268, left(srz44230448211)
neg, 0.0887268665164327, left(srz96594921469)
neg, 0.11688192957054873, left(srz8029721466)
neg, 0.09463868543959796, left(srz9931101233)
neg, 0.11688192957054873, left(srz44230446831)
neg, 0.09090821718191328, left(srz44230442024)
neg, 0.09447233311561995, left(srz44248274819)
neg, 0.11688192957054873, left(srz44248277783)
neg, 0.3113054638003522, left(srz1930610695)
neg, 0.31607632861215096, left(srz44230448096)
neg, 0.43024999543214043, left(srz8029723989)
neg, 0.0992611488082572, left(srz193063372)
neg, 0.10429965700047668, left(srz246186715027)
neg, 0.10429965700047668, left(srz27409599762)
neg, 0.08958030644887138, left(srz44230447523)
neg, 0.0887268665164327, left(srz96594921382)
neg, 0.31607632861215096, left(srz2740959916)
neg, 0.08762384534061207, left(srz27409599495)
neg, 0.11688192957054873, left(srz274095913821)
neg, 0.21561915279098645, left(srz8029722918)
neg, 0.10429965700047668, left(srz274095911525)
neg, 0.11688192957054873, left(srz44248273251)
neg, 0.21561915279098645, left(srz1930611861)
neg, 0.31607632861215096, left(srz44230447815)
neg, 0.2522192920344088, left(srz246186714769)
neg, 0.08762384534061207, left(srz246186713282)
neg, 0.09463868543959796, left(srz965949213111)
neg, 0.10747792548879284, left(srz802972879)
neg, 0.21561915279098645, left(srz246186714900)
neg, 0.09398249492320182, left(srz96566177728)
neg, 0.0887268665164327, left(srz24618679420)
neg, 0.10747792548879284, left(srz44230448295)
neg, 0.08762384534061207, left(srz96566173690)
neg, 0.31607632861215096, left(srz44230444493)
neg, 0.10747792548879284, left(srz993110110441)
neg, 0.43024999543214043, left(srz274095916072)
neg, 0.21531360176855996, left(srz8029722632)
neg, 0.40635621084154055, left(srz2461867399)
neg, 0.40635621084154055, left(srz965949212457)
neg, 0.21561915279098645, left(srz9931101739)
neg, 0.43024999543214043, left(srz44230447876)
neg, 0.31607632861215096, left(srz193062236)
neg, 0.33768125175482216, left(srz44248277264)
neg, 0.0992611488082572, left(srz246186710236)
neg, 0.11688192957054873, left(srz274095916183)
neg, 0.40635621084154055, left(srz965661710960)
neg, 0.10747792548879284, left(srz44230441867)
neg, 0.09941796035347768, left(srz44230445279)
neg, 0.0887268665164327, left(srz44248276839)
neg, 0.10205775805938307, left(srz27409591568)
neg, 0.09490985775752864, left(srz8029729776)
neg, 0.10404929125716667, left(srz96594929647)
neg, 0.21531360176855996, left(srz24618671029)
neg, 0.3261986113799918, left(srz96594924214)
neg, 0.0887268665164327, left(srz96566171682)
neg, 0.31607632861215096, left(srz193065437)
neg, 0.33768125175482216, left(srz965661711043)
neg, 0.21561915279098645, left(srz44248272422)
neg, 0.11688192957054873, left(srz8029721547)
neg, 0.10429965700047668, left(srz27409592676)
neg, 0.10429965700047668, left(srz8029729032)
neg, 0.21561915279098645, left(srz44230441065)
neg, 0.3261986113799918, left(srz96594929173)
neg, 0.21561915279098645, left(srz44248273538)
neg, 0.11688192957054873, left(srz99311016497)
neg, 0.3113054638003522, left(srz965949211220)
neg, 0.0887268665164327, left(srz96594926695)
neg, 0.33768125175482216, left(srz193062052)
neg, 0.09224747701105376, left(srz965949211458)
neg, 0.0924723759409461, left(srz8029729391)
neg, 0.09608915723563012, left(srz44230441309)
neg, 0.08762384534061207, left(srz4423044298)
neg, 0.08928961349481537, left(srz965661714969)
neg, 0.19918329105392513, left(srz96566175969)
neg, 0.10404929125716667, left(srz9656617112)
neg, 0.43024999543214043, left(srz9659492894)
neg, 0.31607632861215096, left(srz4423044972)
neg, 0.19918329105392513, left(srz4423044923)
neg, 0.09470362628195078, left(srz44230442682)
neg, 0.33768125175482216, left(srz99311018348)
neg, 0.09608915723563012, left(srz27409592783)
neg, 0.0958193856345921, left(srz9931101376)
neg, 0.40635621084154055, left(srz274095911753)
neg, 0.43024999543214043, left(srz274095916038)
neg, 0.08762384534061207, left(srz96594927691)
neg, 0.40635621084154055, left(srz44230444506)
neg, 0.08762384534061207, left(srz99311019649)
neg, 0.5006733409902656, left(srz8029725512)
neg, 0.08762384534061207, left(srz246186713230)
neg, 0.10429965700047668, left(srz27409592667)
neg, 0.31607632861215096, left(srz193061219)
neg, 0.13062912489546, left(srz274095913696)
neg, 0.11688192957054873, left(srz246186714699)
neg, 0.10429965700047668, left(srz193069925)
neg, 0.09340274269541389, left(srz993110112002)
neg, 0.09941796035347768, left(srz99311011415)
neg, 0.09665573712869013, left(srz96594923726)
neg, 0.09224747701105376, left(srz44248272572)
neg, 0.13931861312733054, left(srz96594924987)
neg, 0.21561915279098645, left(srz27409593979)
neg, 0.08990707212312127, left(srz193067756)
neg, 0.31607632861215096, left(srz8029724037)
neg, 0.23269372339757188, left(srz4424827696)
neg, 0.08762384534061207, left(srz1930612288)
neg, 0.43024999543214043, left(srz99311011976)
neg, 0.21561915279098645, left(srz96566172980)
neg, 0.19176228743018453, left(srz24618678633)
neg, 0.09470362628195078, left(srz193065123)
neg, 0.09463734954675793, left(srz274095915573)
neg, 0.10747792548879284, left(srz44230446490)
neg, 0.0887268665164327, left(srz99311012998)
neg, 0.43024999543214043, left(srz274095916119)
neg, 0.10429965700047668, left(srz246186715028)
neg, 0.4544511178758716, left(srz9931101101)
neg, 0.43024999543214043, left(srz44230444343)
neg, 0.09609493625297909, left(srz99311014565)
neg, 0.31607632861215096, left(srz96566172955)
neg, 0.08762384534061207, left(srz8029728787)
neg, 0.21561915279098645, left(srz44230441118)
neg, 0.43024999543214043, left(srz44248276912)
neg, 0.338085635834678, left(srz8029729914)
neg, 0.21561915279098645, left(srz274095916148)
neg, 0.10404929125716667, left(srz44248276466)
neg, 0.3113054638003522, left(srz99311016595)
neg, 0.21561915279098645, left(srz1930611843)
neg, 0.08762384534061207, left(srz19306475)
neg, 0.3098342402670987, left(srz193067257)
neg, 0.3113054638003522, left(srz44248276218)
neg, 0.0868824920165507, left(srz96566177166)
neg, 0.09463734954675793, left(srz965949242)
neg, 0.0924723759409461, left(srz96594926909)
neg, 0.21561915279098645, left(srz27409591409)
neg, 0.10205775805938307, left(srz27409597159)
neg, 0.33768125175482216, left(srz246186713771)
neg, 0.09264665702184746, left(srz8029726156)
neg, 0.3113054638003522, left(srz8029721431)
neg, 0.11688192957054873, left(srz44248277853)
neg, 0.09609493625297909, left(srz44230444976)
neg, 0.08762384534061207, left(srz965949213727)
neg, 0.08762384534061207, left(srz99311011117)
neg, 0.33768125175482216, left(srz9659492872)
neg, 0.14392251391921854, left(srz965949210657)
neg, 0.21561915279098645, left(srz96594929414)
neg, 0.0992611488082572, left(srz274095915826)
neg, 0.09016603697229966, left(srz27409593661)
neg, 0.0887268665164327, left(srz96594921355)
neg, 0.09762134993398691, left(srz246186710605)
neg, 0.0887268665164327, left(srz96594921427)
neg, 0.7077438782664071, left(srz8029729514)
neg, 0.0887268665164327, left(srz8029727554)
neg, 0.11688192957054873, left(srz96594922936)
neg, 0.08762384534061207, left(srz274095912450)
neg, 0.10747792548879284, left(srz96594925596)
neg, 0.10747792548879284, left(srz24618679264)
neg, 0.40635621084154055, left(srz274095914085)
neg, 0.21531360176855996, left(srz4424827570)
neg, 0.21561915279098645, left(srz9931101698)
neg, 0.33768125175482216, left(srz2740959579)
neg, 0.09447233311561995, left(srz193065082)
neg, 0.10747792548879284, left(srz44248273950)
neg, 0.08762384534061207, left(srz2461867148)
neg, 0.09090821718191328, left(srz96594928185)
neg, 0.23269372339757188, left(srz246186712055)
neg, 0.0924723759409461, left(srz965949213985)
neg, 0.10205775805938307, left(srz9656617194)
neg, 0.43024999543214043, left(srz802972907)
neg, 0.0887268665164327, left(srz965949210990)
neg, 0.08762384534061207, left(srz965949212799)
neg, 0.22014123864636012, left(srz8029723280)
neg, 0.7077438782664071, left(srz96566174436)
neg, 0.3113054638003522, left(srz24618672466)
neg, 0.08797708080886504, left(srz96566171192)
neg, 0.21561915279098645, left(srz27409591332)
neg, 0.08762384534061207, left(srz1930610798)
neg, 0.09398249492320182, left(srz24618675232)
neg, 0.09264665702184746, left(srz44230442583)
neg, 0.43024999543214043, left(srz19306964)
neg, 0.09608915723563012, left(srz802972229)
neg, 0.0868824920165507, left(srz44248277473)
neg, 0.08969631519377494, left(srz2740959743)
neg, 0.11688192957054873, left(srz44248273474)
neg, 0.09016603697229966, left(srz193068062)
neg, 0.19918329105392513, left(srz1930611711)
neg, 0.11688192957054873, left(srz99311016688)
neg, 0.21561915279098645, left(srz246186716181)
neg, 0.0937508809907689, left(srz965661715165)
neg, 0.08958030644887138, left(srz193063814)
neg, 0.43024999543214043, left(srz99311018134)
neg, 0.338085635834678, left(srz193064808)
neg, 0.33768125175482216, left(srz99311012165)
neg, 0.43024999543214043, left(srz24618673546)
neg, 0.3331641946750168, left(srz96566174229)
neg, 0.10747792548879284, left(srz99311011771)
neg, 0.09762134993398691, left(srz8029728688)
neg, 0.43024999543214043, left(srz193062663)
neg, 0.0992611488082572, left(srz96594927460)
neg, 0.3711736182300026, left(srz965949212956)
neg, 0.10429965700047668, left(srz24618676669)
neg, 0.08762384534061207, left(srz99311013758)
neg, 0.11688192957054873, left(srz965661715931)
neg, 0.21561915279098645, left(srz27409593889)
neg, 0.3261986113799918, left(srz8029725860)
neg, 0.08663205983885237, left(srz44230448396)
neg, 0.10747792548879284, left(srz24618674922)
neg, 0.10404929125716667, left(srz1930611622)
neg, 0.10429965700047668, left(srz27409592639)
neg, 0.10747792548879284, left(srz44230443006)
neg, 0.0887268665164327, left(srz99311013035)
neg, 0.7077438782664071, left(srz1930611404)
neg, 0.0958193856345921, left(srz96594929911)
neg, 0.09609493625297909, left(srz274095912877)
neg, 0.09463868543959796, left(srz99311019410)
neg, 0.08978074992954073, left(srz193069744)
neg, 0.31607632861215096, left(srz802972519)
neg, 0.11688192957054873, left(srz99311016495)
neg, 0.40635621084154055, left(srz27409597457)
neg, 0.09463868543959796, left(srz8029724985)
neg, 0.10429965700047668, left(srz24618677689)
neg, 0.34814322782325435, left(srz965949210679)
neg, 0.08762384534061207, left(srz96594928691)
neg, 0.33768125175482216, left(srz965949211620)
neg, 0.09470362628195078, left(srz193065126)
neg, 0.09463868543959796, left(srz44230448360)
neg, 0.43024999543214043, left(srz27409595254)
neg, 0.09656552271795196, left(srz44230445131)
neg, 0.09941796035347768, left(srz80297210573)
neg, 0.09264665702184746, left(srz27409595670)
neg, 0.31607632861215096, left(srz8029726578)
neg, 0.43024999543214043, left(srz24618679677)
neg, 0.10429965700047668, left(srz99311019753)
neg, 0.33768125175482216, left(srz96594928278)
neg, 0.3113054638003522, left(srz24618673537)
neg, 0.13952275334673125, left(srz24618679096)
neg, 0.10429965700047668, left(srz193064726)
neg, 0.10429965700047668, left(srz27409591885)
neg, 0.08762384534061207, left(srz965949213827)
neg, 0.21561915279098645, left(srz80297210495)
neg, 0.09224747701105376, left(srz193069632)
neg, 0.09224747701105376, left(srz44248274129)
neg, 0.31607632861215096, left(srz96594923046)
neg, 0.08762384534061207, left(srz193065058)
neg, 0.08762384534061207, left(srz96594928663)
neg, 0.10429965700047668, left(srz24618678495)
neg, 0.10747792548879284, left(srz8029729045)
neg, 0.43024999543214043, left(srz27409598423)
neg, 0.3113054638003522, left(srz965949214085)
neg, 0.10205775805938307, left(srz96566171437)
neg, 0.08968652267371456, left(srz96594929580)
neg, 0.3755421821594811, left(srz8029726587)
neg, 0.08990707212312127, left(srz965949210872)
neg, 0.11688192957054873, left(srz99311014770)
neg, 0.09490985775752864, left(srz99311015158)
neg, 0.0868824920165507, left(srz99311018461)
neg, 0.08762384534061207, left(srz8029728773)
neg, 0.10747792548879284, left(srz9656617289)
neg, 0.10271147823357023, left(srz274095915596)
neg, 0.43024999543214043, left(srz274095916578)
neg, 0.21561915279098645, left(srz965661715970)
neg, 0.11688192957054873, left(srz44248273414)
neg, 0.2522192920344088, left(srz44248273373)
neg, 0.09398249492320182, left(srz96566177688)
neg, 0.10429965700047668, left(srz9659492650)
neg, 0.10429965700047668, left(srz24618677693)
neg, 0.17082060411216196, left(srz96566175664)
neg, 0.21561915279098645, left(srz8029722836)
neg, 0.0887268665164327, left(srz965661710617)
neg, 0.33186072259198907, left(srz8029728232)
neg, 0.08762384534061207, left(srz8029724343)
neg, 0.09447386570887614, left(srz965949210636)
neg, 0.0887268665164327, left(srz44248276769)
neg, 0.08762384534061207, left(srz99311011236)
neg, 0.34855354714672426, left(srz1930612043)
neg, 0.09609493625297909, left(srz96566175864)
neg, 0.2013793350879112, left(srz19306877)
neg, 0.3113054638003522, left(srz442482740)
neg, 0.20483954528593876, left(srz8029726208)
neg, 0.095140567258244, left(srz965949214038)
neg, 0.0887268665164327, left(srz965949210927)
neg, 0.10747792548879284, left(srz96594925333)
neg, 0.19918329105392513, left(srz96594922893)
neg, 0.10747792548879284, left(srz44248273923)
neg, 0.21561915279098645, left(srz24618677558)
neg, 0.0887268665164327, left(srz96594921409)
neg, 0.2013793350879112, left(srz44248273586)
neg, 0.10747792548879284, left(srz246186715293)
neg, 0.0924723759409461, left(srz24618678168)
neg, 0.09129785735141506, left(srz44248273638)
neg, 0.10747792548879284, left(srz96594929008)
neg, 0.08762384534061207, left(srz246186717091)
neg, 0.40635621084154055, left(srz274095916384)
neg, 0.11688192957054873, left(srz965661711854)
neg, 0.08762384534061207, left(srz44230441665)
neg, 0.36040220265655376, left(srz802972786)
neg, 0.10747792548879284, left(srz8029729666)
neg, 0.08762384534061207, left(srz44230443707)
neg, 0.0937508809907689, left(srz96594926050)
neg, 0.08969631519377494, left(srz1930610770)
neg, 0.08762384534061207, left(srz96594927579)
neg, 0.09447233311561995, left(srz965661712220)
neg, 0.11688192957054873, left(srz44248273257)
neg, 0.09700154491364789, left(srz965661711301)
neg, 0.08762384534061207, left(srz8029724447)
neg, 0.09447233311561995, left(srz965661712241)
neg, 0.09608915723563012, left(srz27409597619)
neg, 0.19701951681629268, left(srz44230441937)
neg, 0.10747792548879284, left(srz27409592436)
neg, 0.08990707212312127, left(srz8029727382)
neg, 0.0887268665164327, left(srz96566171636)
neg, 0.09490985775752864, left(srz1930610828)
neg, 0.338085635834678, left(srz96566171097)
neg, 0.33768125175482216, left(srz44230443161)
neg, 0.09762134993398691, left(srz96566179899)
neg, 0.09447386570887614, left(srz193063448)
neg, 0.0992611488082572, left(srz24618672146)
neg, 0.08762384534061207, left(srz24618672387)
neg, 0.4544511178758716, left(srz96594923083)
neg, 0.31607632861215096, left(srz965661714104)
neg, 0.31607632861215096, left(srz24618679996)
neg, 0.0937508809907689, left(srz96566179957)
neg, 0.08762384534061207, left(srz193069358)
neg, 0.3261986113799918, left(srz27409599336)
neg, 0.10205775805938307, left(srz9656617199)
neg, 0.33768125175482216, left(srz99311012589)
neg, 0.31607632861215096, left(srz96566176562)
neg, 0.28887358464003626, left(srz44248271845)
neg, 0.08762384534061207, left(srz44230441615)
neg, 0.40635621084154055, left(srz193066216)
neg, 0.2522192920344088, left(srz193061484)
neg, 0.11688192957054873, left(srz9931101865)
neg, 0.11688192957054873, left(srz99311014758)
neg, 0.09082282791544143, left(srz80297210230)
neg, 0.09490985775752864, left(srz8029724195)
neg, 0.33768125175482216, left(srz44248276241)
neg, 0.09470362628195078, left(srz274095915726)
neg, 0.13815290302824862, left(srz44248276477)
neg, 0.21561915279098645, left(srz44230441071)
neg, 0.09941796035347768, left(srz1930610042)
neg, 0.0887268665164327, left(srz44230442817)
neg, 0.40635621084154055, left(srz802972447)
neg, 0.10747792548879284, left(srz8029724849)
neg, 0.0937508809907689, left(srz44230448344)
neg, 0.08762384534061207, left(srz99311016902)
neg, 0.09470362628195078, left(srz99311014193)
neg, 0.09363016764644838, left(srz44230442048)
neg, 0.09608915723563012, left(srz44230448422)
neg, 0.08762384534061207, left(srz8029729260)
neg, 0.11688192957054873, left(srz8029721307)
neg, 0.09700154491364789, left(srz99311015444)
neg, 0.33768125175482216, left(srz193067989)
neg, 0.21531360176855996, left(srz44230444064)
neg, 0.08762384534061207, left(srz96566173808)
neg, 0.08762384534061207, left(srz96594927029)
neg, 0.08762384534061207, left(srz8029728983)
neg, 0.0924723759409461, left(srz24618678210)
neg, 0.10747792548879284, left(srz44230448304)
neg, 0.21561915279098645, left(srz27409591484)
neg, 0.09016603697229966, left(srz19306497)
neg, 0.21561915279098645, left(srz27409594108)
neg, 0.09558720393374359, left(srz44230443650)
neg, 0.10747792548879284, left(srz96566175342)
neg, 0.09762134993398691, left(srz274095914536)
neg, 0.22014123864636012, left(srz44230443191)
neg, 0.2522192920344088, left(srz246186714748)
neg, 0.09355835621005208, left(srz44230442462)
neg, 0.33768125175482216, left(srz44230447986)
neg, 0.09463734954675793, left(srz96566171941)
neg, 0.08762384534061207, left(srz96566177876)
neg, 0.08762384534061207, left(srz96594926985)
neg, 0.0887268665164327, left(srz193066107)
neg, 0.09463734954675793, left(srz246186714390)
neg, 0.09470362628195078, left(srz193065132)
neg, 0.21531360176855996, left(srz246186716103)
neg, 0.33768125175482216, left(srz99311012149)
neg, 0.10747792548879284, left(srz27409598642)
neg, 0.21561915279098645, left(srz965949211974)
neg, 0.09447233311561995, left(srz193069560)
neg, 0.0887268665164327, left(srz274095912353)
neg, 0.10747792548879284, left(srz193068981)
neg, 0.43024999543214043, left(srz802972906)
neg, 0.08762384534061207, left(srz44248278098)
neg, 0.2522192920344088, left(srz44248273387)
neg, 0.10747792548879284, left(srz1930610949)
neg, 0.43024999543214043, left(srz193066420)
neg, 0.19918329105392513, left(srz96594922885)
neg, 0.23269372339757188, left(srz27409591498)
neg, 0.09779106778024077, left(srz27409598674)
neg, 0.36040220265655376, left(srz8029726973)
neg, 0.17064270533827597, left(srz99311012301)
neg, 0.11688192957054873, left(srz8029721502)
neg, 0.08903291949117803, left(srz99311011675)
neg, 0.40635621084154055, left(srz27409593958)
neg, 0.0868824920165507, left(srz99311019039)
neg, 0.09941796035347768, left(srz193069884)
neg, 0.0868824920165507, left(srz24618673970)
neg, 0.09762134993398691, left(srz2740959993)
neg, 0.36040220265655376, left(srz274095912083)
neg, 0.4544511178758716, left(srz993110110097)
neg, 0.10747792548879284, left(srz274095912305)
neg, 0.43024999543214043, left(srz274095913175)
neg, 0.2605058195600784, left(srz965661712488)
neg, 0.31607632861215096, left(srz193064809)
neg, 0.33768125175482216, left(srz965949211318)
neg, 0.10404929125716667, left(srz24618679049)
neg, 0.09490985775752864, left(srz965661732)
neg, 0.5169565646748872, left(srz2461867509)
neg, 0.08990707212312127, left(srz193065889)
neg, 0.09470362628195078, left(srz27409594951)
neg, 0.3261986113799918, left(srz965661712460)
neg, 0.31607632861215096, left(srz27409593186)
neg, 0.0887268665164327, left(srz965949210993)
neg, 0.08990707212312127, left(srz193065998)
neg, 0.10747792548879284, left(srz965949212596)
neg, 0.3711736182300026, left(srz44248272093)
neg, 0.08762384534061207, left(srz99311019658)
neg, 0.10429965700047668, left(srz24618673695)
neg, 0.0887268665164327, left(srz8029723884)
neg, 0.10429965700047668, left(srz9659492649)
neg, 0.08762384534061207, left(srz246186717105)
neg, 0.09168441105486956, left(srz24618676355)
neg, 0.0887268665164327, left(srz96594926709)
neg, 0.4525842432755376, left(srz96594928)
neg, 0.33186072259198907, left(srz246186714170)
neg, 0.3261986113799918, left(srz96594927221)
neg, 0.10429965700047668, left(srz274095910715)
neg, 0.11688192957054873, left(srz96594923010)
neg, 0.5379974749891667, left(srz193061672)
neg, 0.31607632861215096, left(srz96566176067)
neg, 0.10429965700047668, left(srz44248271389)
neg, 0.31607632861215096, left(srz24618677391)
neg, 0.13931861312733054, left(srz96594924991)
neg, 0.10429965700047668, left(srz274095911541)
neg, 0.10404929125716667, left(srz8029723533)
neg, 0.3113054638003522, left(srz965661715835)
neg, 0.19701951681629268, left(srz965661710972)
neg, 0.33768125175482216, left(srz27409593555)
neg, 0.11688192957054873, left(srz274095913839)
neg, 0.4525842432755376, left(srz99311012845)
neg, 0.09447233311561995, left(srz993110110205)
neg, 0.3261986113799918, left(srz274095915077)
neg, 0.08762384534061207, left(srz193063985)
neg, 0.08762384534061207, left(srz99311011153)
neg, 0.09609493625297909, left(srz96594925748)
neg, 0.09941796035347768, left(srz96566174616)
neg, 0.2161421357982058, left(srz8029725426)
neg, 0.6928377924762232, left(srz99311012311)
neg, 0.43024999543214043, left(srz1930610586)
neg, 0.33768125175482216, left(srz44248277263)
neg, 0.40635621084154055, left(srz193068040)
neg, 0.09609493625297909, left(srz44230444973)
neg, 0.43024999543214043, left(srz24618676205)
neg, 0.09224747701105376, left(srz8029729085)
neg, 0.09941796035347768, left(srz44248274018)
neg, 0.09082282791544143, left(srz44230445475)
neg, 0.36040220265655376, left(srz96566174391)
neg, 0.10747792548879284, left(srz44230441875)
neg, 0.11688192957054873, left(srz99311014766)
neg, 0.09941796035347768, left(srz44248274017)
neg, 0.43024999543214043, left(srz274095910523)
neg, 0.0992611488082572, left(srz24618672560)
neg, 0.0868824920165507, left(srz27409592753)
neg, 0.09470362628195078, left(srz24618673320)
neg, 0.23269372339757188, left(srz8029725618)
neg, 0.21561915279098645, left(srz8029727740)
neg, 0.5854559097590201, left(srz99311013275)
neg, 0.5854559097590201, left(srz965661712562)
neg, 0.338085635834678, left(srz8029726699)
neg, 0.33768125175482216, left(srz442482768)
neg, 0.17553375188817422, left(srz44248271491)
neg, 0.09129785735141506, left(srz193069318)
neg, 0.23269372339757188, left(srz274095916017)
neg, 0.09941796035347768, left(srz965661759)
neg, 0.11688192957054873, left(srz96594922983)
neg, 0.08978074992954073, left(srz965661715632)
neg, 0.09016603697229966, left(srz27409593210)
neg, 0.08797708080886504, left(srz96566178639)
neg, 0.43024999543214043, left(srz44248275821)
neg, 0.10747792548879284, left(srz274095913205)
neg, 0.33768125175482216, left(srz442482760)
neg, 0.0924723759409461, left(srz24618678216)
neg, 0.40635621084154055, left(srz9931101819)
neg, 0.09224747701105376, left(srz99311011343)
neg, 0.13952275334673125, left(srz274095914063)
neg, 0.10429965700047668, left(srz27409599776)
neg, 0.11688192957054873, left(srz44230446877)
neg, 0.08762384534061207, left(srz246186717164)
neg, 0.0887268665164327, left(srz193069141)
neg, 0.08762384534061207, left(srz965949212891)
neg, 0.08978074992954073, left(srz993110110095)
neg, 0.21561915279098645, left(srz24618672862)
neg, 0.09558720393374359, left(srz965661710363)
neg, 0.10747792548879284, left(srz2461867598)
neg, 0.09082282791544143, left(srz44230445422)
neg, 0.31607632861215096, left(srz193062713)
neg, 0.33768125175482216, left(srz246186714457)
neg, 0.09463868543959796, left(srz99311016967)
neg, 0.08762384534061207, left(srz1930610809)
neg, 0.11688192957054873, left(srz193061337)
neg, 0.11688192957054873, left(srz96594922910)
neg, 0.09608915723563012, left(srz8029721202)
neg, 0.10747792548879284, left(srz9931101402)
neg, 0.10205775805938307, left(srz99311011292)
neg, 0.10429965700047668, left(srz24618674579)
neg, 0.10429965700047668, left(srz965661710513)
neg, 0.0928333463018143, left(srz193062094)
neg, 0.09941796035347768, left(srz44248271197)
neg, 0.31607632861215096, left(srz27409596816)
neg, 0.11688192957054873, left(srz44230445653)
neg, 0.40635621084154055, left(srz965661712721)
neg, 0.21561915279098645, left(srz24618672906)
neg, 0.31607632861215096, left(srz193065413)
neg, 0.09941796035347768, left(srz274095915093)
neg, 0.13062912489546, left(srz274095913702)
neg, 0.09965842165547369, left(srz44230448088)
neg, 0.08762384534061207, left(srz246186717161)
neg, 0.08762384534061207, left(srz193066739)
neg, 0.0924723759409461, left(srz96594923448)
neg, 0.11688192957054873, left(srz246186714821)
neg, 0.0992611488082572, left(srz99311011756)
neg, 0.08978074992954073, left(srz44248272926)
neg, 0.19918329105392513, left(srz965949211855)
neg, 0.2522192920344088, left(srz96566174592)
neg, 0.08958030644887138, left(srz96594926900)
neg, 0.09259174908264792, left(srz965661711057)
neg, 0.13062912489546, left(srz96566178783)
neg, 0.33768125175482216, left(srz44230443216)
neg, 0.19176228743018453, left(srz44248272055)
neg, 0.09608915723563012, left(srz96566172195)
neg, 0.08762384534061207, left(srz193069349)
neg, 0.0958193856345921, left(srz8029722086)
neg, 0.08762384534061207, left(srz96566175051)
neg, 0.36040220265655376, left(srz8029724595)
neg, 0.09608915723563012, left(srz8029721205)
neg, 0.12050413854916141, left(srz193069569)
neg, 0.09340274269541389, left(srz19306669)
neg, 0.10205775805938307, left(srz27409591543)
neg, 0.10747792548879284, left(srz27409598889)
neg, 0.08762384534061207, left(srz8029725968)
neg, 0.09941796035347768, left(srz193062388)
neg, 0.08762384534061207, left(srz99311013716)
neg, 0.21561915279098645, left(srz44248275463)
neg, 0.09447233311561995, left(srz96566173502)
neg, 0.0992611488082572, left(srz96566172197)
neg, 0.11688192957054873, left(srz965661714058)
neg, 0.08762384534061207, left(srz96566177894)
neg, 0.19918329105392513, left(srz96566172837)
neg, 0.08762384534061207, left(srz965661712199)
neg, 0.19918329105392513, left(srz1930611679)
neg, 0.5854559097590201, left(srz44230443264)
neg, 0.09609493625297909, left(srz193062939)
neg, 0.6788760557584537, left(srz24618679934)
neg, 0.19918329105392513, left(srz96566172862)
neg, 0.09340274269541389, left(srz99311014657)
neg, 0.21561915279098645, left(srz99311016732)
neg, 0.36040220265655376, left(srz44248277050)
neg, 0.09264665702184746, left(srz27409595654)
neg, 0.08762384534061207, left(srz96566173801)
neg, 0.43024999543214043, left(srz8029727149)
neg, 0.10429965700047668, left(srz96566179403)
neg, 0.10747792548879284, left(srz993110110434)
neg, 0.43024999543214043, left(srz965949212638)
neg, 0.21561915279098645, left(srz27409591372)
neg, 0.09608915723563012, left(srz2461867811)
neg, 0.3331641946750168, left(srz99311015434)
neg, 0.0921735255964435, left(srz8029727829)
neg, 0.08762384534061207, left(srz8029726071)
neg, 0.40635621084154055, left(srz96566176685)
neg, 0.09259174908264792, left(srz19306168)
neg, 0.09463734954675793, left(srz193062963)
neg, 0.10429965700047668, left(srz44230442098)
neg, 0.43024999543214043, left(srz1930610589)
neg, 0.19918329105392513, left(srz193061643)
neg, 0.09470362628195078, left(srz96594923328)
neg, 0.09168441105486956, left(srz8029727136)
neg, 0.09447233311561995, left(srz1930610709)
neg, 0.33768125175482216, left(srz965661715366)
neg, 0.10747792548879284, left(srz246186714308)
neg, 0.43024999543214043, left(srz274095915127)
neg, 0.21561915279098645, left(srz44248272466)
neg, 0.2144317939556987, left(srz24618676778)
neg, 0.08762384534061207, left(srz193064874)
neg, 0.31607632861215096, left(srz8029723297)
neg, 0.08990707212312127, left(srz8029727353)
neg, 0.33768125175482216, left(srz193064515)
neg, 0.0887268665164327, left(srz99311013016)
neg, 0.09463734954675793, left(srz193062959)
neg, 0.33768125175482216, left(srz44248272338)
neg, 0.09762134993398691, left(srz965661713356)
neg, 0.12714606137119056, left(srz96594921068)
neg, 0.34814322782325435, left(srz96594927223)
neg, 0.10429965700047668, left(srz246186713140)
neg, 0.11688192957054873, left(srz193061400)
neg, 0.09090821718191328, left(srz96594926072)
neg, 0.33768125175482216, left(srz24618676550)
neg, 0.31607632861215096, left(srz24618679994)
neg, 0.09104766044741505, left(srz96566174217)
neg, 0.09609493625297909, left(srz44230442043)
neg, 0.11688192957054873, left(srz99311016542)
neg, 0.3261986113799918, left(srz802972142)
neg, 0.31607632861215096, left(srz96594921004)
neg, 0.3113054638003522, left(srz24618672435)
neg, 0.19918329105392513, left(srz96566175991)
neg, 0.10429965700047668, left(srz1930611616)
neg, 0.31607632861215096, left(srz44230446272)
neg, 0.43024999543214043, left(srz8029725629)
neg, 0.10747792548879284, left(srz8029724861)
neg, 0.17064270533827597, left(srz965661710107)
neg, 0.31607632861215096, left(srz993110111286)
neg, 0.10429965700047668, left(srz8029722523)
neg, 0.3261986113799918, left(srz44248272146)
neg, 0.31607632861215096, left(srz8029721157)
neg, 0.34855354714672426, left(srz193068823)
neg, 0.19323985915953887, left(srz96566175421)
neg, 0.08762384534061207, left(srz965661714392)
neg, 0.09340274269541389, left(srz965661711279)
neg, 0.09490985775752864, left(srz44230447430)
neg, 0.11688192957054873, left(srz965949212072)
neg, 0.10429965700047668, left(srz193061861)
neg, 0.1893572335612909, left(srz274095913784)
neg, 0.0887268665164327, left(srz44248275376)
neg, 0.09082282791544143, left(srz44230445433)
neg, 0.17064270533827597, left(srz96594922631)
neg, 0.08958030644887138, left(srz96594925651)
neg, 0.31607632861215096, left(srz96566172878)
neg, 0.09608915723563012, left(srz96566172174)
neg, 0.10747792548879284, left(srz274095917059)
neg, 0.08990707212312127, left(srz965949210858)
neg, 0.09016603697229966, left(srz96566176241)
neg, 0.0887268665164327, left(srz96594926719)
neg, 0.7077438782664071, left(srz8029729948)
neg, 0.3113054638003522, left(srz99311016596)
neg, 0.10429965700047668, left(srz44230448317)
neg, 0.31607632861215096, left(srz44230442229)
neg, 0.40635621084154055, left(srz27409595133)
neg, 0.0868824920165507, left(srz193061088)
neg, 0.5379974749891667, left(srz4424827562)
neg, 0.5006733409902656, left(srz8029725524)
neg, 0.09762134993398691, left(srz246186714052)
neg, 0.31607632861215096, left(srz1930621)
neg, 0.0992611488082572, left(srz96566179707)
neg, 0.21561915279098645, left(srz27409591427)
neg, 0.31607632861215096, left(srz193065571)
neg, 0.10747792548879284, left(srz99311018108)
neg, 0.33768125175482216, left(srz965949211658)
neg, 0.10429965700047668, left(srz965661710439)
neg, 0.2161421357982058, left(srz96566174061)
neg, 0.08762384534061207, left(srz96594928812)
neg, 0.09340274269541389, left(srz96566174629)
neg, 0.31607632861215096, left(srz96594922866)
neg, 0.19918329105392513, left(srz96566175984)
neg, 0.09470362628195078, left(srz274095911197)
neg, 0.09259174908264792, left(srz8029721922)
neg, 0.08797708080886504, left(srz44230448406)
neg, 0.0887268665164327, left(srz193069151)
neg, 0.43024999543214043, left(srz8029722137)
neg, 0.33768125175482216, left(srz96566175758)
neg, 0.09264665702184746, left(srz274095911076)
neg, 0.31607632861215096, left(srz24618671460)
neg, 0.33768125175482216, left(srz442482771)
neg, 0.09463734954675793, left(srz96566175161)
neg, 0.10747792548879284, left(srz27409595192)
neg, 0.08958030644887138, left(srz9656617710)
neg, 0.09965842165547369, left(srz274095910334)
neg, 0.10404929125716667, left(srz1930611632)
neg, 0.08762384534061207, left(srz8029728798)
neg, 0.43024999543214043, left(srz44230444939)
neg, 0.0887268665164327, left(srz27409595852)
neg, 0.7077438782664071, left(srz96594929062)
neg, 0.33768125175482216, left(srz193063)
neg, 0.09016603697229966, left(srz96594927160)
neg, 0.08762384534061207, left(srz1930612340)
neg, 0.40635621084154055, left(srz193065255)
neg, 0.31607632861215096, left(srz99311012363)
neg, 0.43024999543214043, left(srz274095916592)
neg, 0.31607632861215096, left(srz193067443)
neg, 0.095140567258244, left(srz8029722338)
neg, 0.09193959798893422, left(srz96566177633)
neg, 0.08928961349481537, left(srz27409599684)
neg, 0.09490985775752864, left(srz96566177258)
neg, 0.28887358464003626, left(srz965661710188)
neg, 0.09486880485969293, left(srz44248274152)
neg, 0.33768125175482216, left(srz44248276273)
neg, 0.11688192957054873, left(srz246186714845)
neg, 0.08762384534061207, left(srz44230443812)
neg, 0.10747792548879284, left(srz27409592112)
neg, 0.08990707212312127, left(srz193067798)
neg, 0.08797708080886504, left(srz96594923654)
neg, 0.0992611488082572, left(srz96566172706)
neg, 0.09941796035347768, left(srz274095911824)
neg, 0.08928961349481537, left(srz246186714180)
neg, 0.33768125175482216, left(srz193067043)
neg, 0.36040220265655376, left(srz96594929841)
neg, 0.33768125175482216, left(srz24618676090)
neg, 0.338085635834678, left(srz99311012724)
neg, 0.40635621084154055, left(srz99311018229)
neg, 0.0887268665164327, left(srz44248275340)
neg, 0.09965842165547369, left(srz193068465)
neg, 0.19918329105392513, left(srz96566175993)
neg, 0.33768125175482216, left(srz193067038)
neg, 0.31607632861215096, left(srz8029729968)
neg, 0.10205775805938307, left(srz193068967)
neg, 0.5854559097590201, left(srz8029722569)
neg, 0.43024999543214043, left(srz44230441505)
neg, 0.43024999543214043, left(srz246186712388)
neg, 0.09558720393374359, left(srz44230443654)
neg, 0.33768125175482216, left(srz96594924043)
neg, 0.19918329105392513, left(srz965949211800)
neg, 0.08928961349481537, left(srz96566173845)
neg, 0.21561915279098645, left(srz27409594017)
neg, 0.40635621084154055, left(srz24618676268)
neg, 0.5379974749891667, left(srz44230441186)
neg, 0.09041152568594854, left(srz96594921757)
neg, 0.40635621084154055, left(srz44248271819)
neg, 0.08762384534061207, left(srz8029726083)
neg, 0.13952275334673125, left(srz274095913145)
neg, 0.40635621084154055, left(srz193066344)
neg, 0.10747792548879284, left(srz993110112125)
neg, 0.23269372339757188, left(srz274095915996)
neg, 0.33768125175482216, left(srz8029727085)
neg, 0.10429965700047668, left(srz27409594575)
neg, 0.43024999543214043, left(srz8029728480)
neg, 0.08762384534061207, left(srz96594927096)
neg, 0.43024999543214043, left(srz96566177289)
neg, 0.08762384534061207, left(srz1930612270)
neg, 0.10429965700047668, left(srz993110110885)
neg, 0.10429965700047668, left(srz24618676950)
neg, 0.43024999543214043, left(srz27409591175)
neg, 0.08990707212312127, left(srz8029723610)
neg, 0.3261986113799918, left(srz99311017776)
neg, 0.08762384534061207, left(srz44248278124)
neg, 0.08762384534061207, left(srz246186740)
neg, 0.09090821718191328, left(srz193061279)
neg, 0.09762134993398691, left(srz27409598333)
neg, 0.10205775805938307, left(srz193069584)
neg, 0.11688192957054873, left(srz965661714009)
neg, 0.09609493625297909, left(srz44248271175)
neg, 0.31607632861215096, left(srz19306934)
neg, 0.08762384534061207, left(srz99311016127)
neg, 0.08762384534061207, left(srz96566177895)
neg, 0.09090821718191328, left(srz96594923575)
neg, 0.10205775805938307, left(srz99311015052)
neg, 0.10205775805938307, left(srz27409591591)
neg, 0.2522192920344088, left(srz44248273359)
neg, 0.09168441105486956, left(srz24618671747)
neg, 0.2522192920344088, left(srz44248271826)
neg, 0.0887268665164327, left(srz24618679352)
neg, 0.09608915723563012, left(srz99311017861)
neg, 0.43024999543214043, left(srz27409593310)
neg, 0.2522192920344088, left(srz44248273346)
neg, 0.11688192957054873, left(srz99311016463)
neg, 0.0887268665164327, left(srz96594921463)
neg, 0.10404929125716667, left(srz8029723535)
neg, 0.21561915279098645, left(srz99311016727)
neg, 0.08762384534061207, left(srz246186716344)
neg, 0.33768125175482216, left(srz44248271304)
neg, 0.09609493625297909, left(srz193062329)
neg, 0.09363016764644838, left(srz27409594712)
neg, 0.09340274269541389, left(srz8029729416)
neg, 0.09447386570887614, left(srz99311018497)
neg, 0.0887268665164327, left(srz8029723840)
neg, 0.10205775805938307, left(srz27409597114)
neg, 0.0937508809907689, left(srz96566177178)
neg, 0.21531360176855996, left(srz24618671036)
neg, 0.3261986113799918, left(srz96594927222)
neg, 0.10747792548879284, left(srz24618671578)
neg, 0.09700154491364789, left(srz99311015443)
neg, 0.09332796036453707, left(srz274095917141)
neg, 0.0887268665164327, left(srz193069146)
neg, 0.09632821988167461, left(srz193068460)
neg, 0.10747792548879284, left(srz274095913065)
neg, 0.31607632861215096, left(srz2740959699)
neg, 0.19918329105392513, left(srz965949211781)
neg, 0.33768125175482216, left(srz99311015266)
neg, 0.5379974749891667, left(srz96566173175)
neg, 0.10404929125716667, left(srz96594927255)
neg, 0.10429965700047668, left(srz27409599933)
neg, 0.21561915279098645, left(srz246186716129)
neg, 0.10747792548879284, left(srz8029725094)
neg, 0.09236658937799515, left(srz99311017375)
neg, 0.10747792548879284, left(srz96594923496)
neg, 0.31607632861215096, left(srz96566173493)
neg, 0.08762384534061207, left(srz99311011246)
neg, 0.09941796035347768, left(srz96594929770)
neg, 0.10747792548879284, left(srz193069022)
neg, 0.0887268665164327, left(srz9656617423)
neg, 0.5854559097590201, left(srz8029729491)
neg, 0.43024999543214043, left(srz193062170)
neg, 0.10404929125716667, left(srz96594929632)
neg, 0.11688192957054873, left(srz44230447107)
neg, 0.3113054638003522, left(srz193065558)
neg, 0.0887268665164327, left(srz965661710561)
neg, 0.43024999543214043, left(srz24618672265)
neg, 0.10429965700047668, left(srz246186711096)
neg, 0.31607632861215096, left(srz9659492467)
neg, 0.08762384534061207, left(srz27409599563)
neg, 0.08762384534061207, left(srz96566173713)
neg, 0.08762384534061207, left(srz246186789)
neg, 0.10747792548879284, left(srz993110110113)
neg, 0.21531360176855996, left(srz24618671041)
neg, 0.7077438782664071, left(srz193063754)
neg, 0.09440773299953088, left(srz1930610166)
neg, 0.08958030644887138, left(srz24618671533)
neg, 0.0887268665164327, left(srz193063612)
neg, 0.0887268665164327, left(srz9656617416)
neg, 0.10429965700047668, left(srz24618677074)
neg, 0.0958193856345921, left(srz8029722082)
neg, 0.10747792548879284, left(srz246186710082)
neg, 0.0887268665164327, left(srz27409597276)
neg, 0.08762384534061207, left(srz44230446599)
neg, 0.5854559097590201, left(srz246186715834)
neg, 0.0958193856345921, left(srz8029722325)
neg, 0.09190937749855801, left(srz193063540)
neg, 0.08762384534061207, left(srz965661712132)
neg, 0.09398249492320182, left(srz993110111839)
neg, 0.09762134993398691, left(srz27409598854)
neg, 0.34855354714672426, left(srz96594927868)
neg, 0.11688192957054873, left(srz193061520)
neg, 0.10429965700047668, left(srz44230448285)
neg, 0.09608915723563012, left(srz24618672547)
neg, 0.09016603697229966, left(srz44248273667)
neg, 0.31607632861215096, left(srz8029729583)
neg, 0.40635621084154055, left(srz96566174044)
neg, 0.43024999543214043, left(srz44248275817)
neg, 0.3711736182300026, left(srz193063396)
neg, 0.10747792548879284, left(srz44248273886)
neg, 0.10429965700047668, left(srz274095911512)
neg, 0.11688192957054873, left(srz44230446946)
neg, 0.33768125175482216, left(srz44248277245)
neg, 0.21561915279098645, left(srz993110111399)
neg, 0.21561915279098645, left(srz993110111375)
neg, 0.10747792548879284, left(srz9931101404)
neg, 0.11688192957054873, left(srz99311014756)
neg, 0.21531360176855996, left(srz965661713833)
neg, 0.0887268665164327, left(srz193066040)
neg, 0.09608915723563012, left(srz8029728324)
neg, 0.09475002328292681, left(srz1930610379)
neg, 0.43024999543214043, left(srz193064170)
neg, 0.0868824920165507, left(srz965661712889)
neg, 0.0937508809907689, left(srz27409598286)
neg, 0.2161421357982058, left(srz8029726705)
neg, 0.21561915279098645, left(srz1930611956)
neg, 0.09470362628195078, left(srz8029722520)
neg, 0.08762384534061207, left(srz96566177804)
neg, 0.31607632861215096, left(srz24618678089)
neg, 0.21531360176855996, left(srz1930612002)
neg, 0.10747792548879284, left(srz99311011603)
neg, 0.11688192957054873, left(srz246186711719)
neg, 0.08762384534061207, left(srz99311015987)
neg, 0.10747792548879284, left(srz99311013963)
neg, 0.0868824920165507, left(srz2740959784)
neg, 0.09941796035347768, left(srz193068252)
neg, 0.22014123864636012, left(srz99311019793)
neg, 0.09762134993398691, left(srz44230448128)
neg, 0.09941796035347768, left(srz1930610185)
neg, 0.23269372339757188, left(srz8029725623)
neg, 0.10205775805938307, left(srz96594921236)
neg, 0.31607632861215096, left(srz99311012697)
neg, 0.43024999543214043, left(srz44248272850)
neg, 0.08762384534061207, left(srz44230443831)
neg, 0.11688192957054873, left(srz44248273431)
neg, 0.10429965700047668, left(srz24618674715)
neg, 0.10404929125716667, left(srz96566173156)
neg, 0.08990707212312127, left(srz193065941)
neg, 0.40635621084154055, left(srz27409592352)
neg, 0.21561915279098645, left(srz274095914708)
neg, 0.08990707212312127, left(srz44248275055)
neg, 0.08990707212312127, left(srz8029723700)
neg, 0.09941796035347768, left(srz802972182)
neg, 0.5379974749891667, left(srz8029727079)
neg, 0.43024999543214043, left(srz274095913161)
neg, 0.33768125175482216, left(srz993110110593)
neg, 0.0887268665164327, left(srz44230445599)
neg, 0.09490985775752864, left(srz96594929756)
neg, 0.0992611488082572, left(srz246186714279)
neg, 0.11688192957054873, left(srz8029725809)
neg, 0.19918329105392513, left(srz99311017814)
neg, 0.09609493625297909, left(srz99311015631)
neg, 0.09608915723563012, left(srz274095915235)
neg, 0.13952275334673125, left(srz193067519)
neg, 0.09941796035347768, left(srz99311016311)
neg, 0.08762384534061207, left(srz96594928654)
neg, 0.31607632861215096, left(srz8029729969)
neg, 0.2144317939556987, left(srz96566171849)
neg, 0.40635621084154055, left(srz27409592351)
neg, 0.08762384534061207, left(srz96594927106)
neg, 0.10747792548879284, left(srz274095912265)
neg, 0.31607632861215096, left(srz8029721166)
neg, 0.10429965700047668, left(srz8029726452)
neg, 0.09941796035347768, left(srz99311015216)
neg, 0.31607632861215096, left(srz44248277420)
neg, 0.09762134993398691, left(srz44248272004)
neg, 0.2521930902644402, left(srz27409599053)
neg, 0.08797708080886504, left(srz96566171180)
neg, 0.08762384534061207, left(srz24618672335)
neg, 0.10429965700047668, left(srz27409593097)
neg, 0.40635621084154055, left(srz2461867389)
neg, 0.08928961349481537, left(srz96594928945)
neg, 0.0937508809907689, left(srz1930611078)
neg, 0.0937508809907689, left(srz99311014221)
neg, 0.19918329105392513, left(srz96566172816)
neg, 0.08762384534061207, left(srz8029725918)
neg, 0.31607632861215096, left(srz24618674456)
neg, 0.10429965700047668, left(srz96566179130)
neg, 0.0924723759409461, left(srz274095911772)
neg, 0.21531360176855996, left(srz44248275454)
neg, 0.08969631519377494, left(srz8029723376)
neg, 0.10404929125716667, left(srz193069622)
neg, 0.10404929125716667, left(srz96594929631)
neg, 0.10429965700047668, left(srz27409598602)
neg, 0.2522192920344088, left(srz965661711732)
neg, 0.09490985775752864, left(srz993110110386)
neg, 0.09340274269541389, left(srz19306851)
neg, 0.21561915279098645, left(srz24618672878)
neg, 0.09470362628195078, left(srz44230443475)
neg, 0.10429965700047668, left(srz246186716404)
neg, 0.40635621084154055, left(srz24618673166)
neg, 0.08762384534061207, left(srz44248275760)
neg, 0.08958030644887138, left(srz96594924546)
neg, 0.15325208041650784, left(srz965661714078)
neg, 0.11688192957054873, left(srz965661715858)
neg, 0.0958193856345921, left(srz246186711108)
neg, 0.10205775805938307, left(srz96566171391)
neg, 0.10429965700047668, left(srz274095915204)
neg, 0.08762384534061207, left(srz44248275765)
neg, 0.31607632861215096, left(srz99311018237)
neg, 0.33768125175482216, left(srz193064502)
neg, 0.36040220265655376, left(srz802972955)
neg, 0.10429965700047668, left(srz24618679698)
neg, 0.09363016764644838, left(srz96566175301)
neg, 0.11688192957054873, left(srz4424827909)
neg, 0.16661764709723478, left(srz193068803)
neg, 0.43024999543214043, left(srz24618676224)
neg, 0.31607632861215096, left(srz8029726732)
neg, 0.08762384534061207, left(srz44230441634)
neg, 0.3261986113799918, left(srz246186715889)
neg, 0.40635621084154055, left(srz27409598157)
neg, 0.08762384534061207, left(srz193069437)
neg, 0.31607632861215096, left(srz8029728235)
neg, 0.09224747701105376, left(srz8029726217)
neg, 0.11688192957054873, left(srz8029721325)
neg, 0.09236658937799515, left(srz193069743)
neg, 0.08762384534061207, left(srz8029729149)
neg, 0.0887268665164327, left(srz193063677)
neg, 0.0887268665164327, left(srz24618679339)
neg, 0.10747792548879284, left(srz99311019116)
neg, 0.09656552271795196, left(srz44248274069)
neg, 0.11688192957054873, left(srz8029721497)
neg, 0.21561915279098645, left(srz27409593836)
neg, 0.08762384534061207, left(srz1930612331)
neg, 0.09463868543959796, left(srz44230448358)
neg, 0.11688192957054873, left(srz9931101944)
neg, 0.0887268665164327, left(srz965949210899)
neg, 0.21561915279098645, left(srz8029722873)
neg, 0.09470362628195078, left(srz2740959656)
neg, 0.08762384534061207, left(srz274095911289)
neg, 0.10429965700047668, left(srz8029729687)
neg, 0.08762384534061207, left(srz193063909)
neg, 0.10429965700047668, left(srz27409592088)
neg, 0.31607632861215096, left(srz44248272915)
neg, 0.31607632861215096, left(srz44248274543)
neg, 0.31607632861215096, left(srz193066270)
neg, 0.34855354714672426, left(srz1930612052)
neg, 0.09762134993398691, left(srz246186710606)
neg, 0.09259174908264792, left(srz24618678148)
neg, 0.11688192957054873, left(srz274095915032)
neg, 0.08762384534061207, left(srz4424827372)
neg, 0.09490985775752864, left(srz44230445905)
neg, 0.33768125175482216, left(srz965661713104)
neg, 0.0937508809907689, left(srz99311011514)
neg, 0.21531360176855996, left(srz2461867875)
neg, 0.09608915723563012, left(srz27409594248)
neg, 0.40635621084154055, left(srz99311014277)
neg, 0.3113054638003522, left(srz44230443518)
neg, 0.10747792548879284, left(srz44230448294)
neg, 0.09941796035347768, left(srz96566174539)
neg, 0.08762384534061207, left(srz96594928737)
neg, 0.21561915279098645, left(srz9931101687)
neg, 0.43024999543214043, left(srz27409596033)
neg, 0.10429965700047668, left(srz96566175148)
neg, 0.09470362628195078, left(srz246186713821)
neg, 0.33768125175482216, left(srz99311015294)
neg, 0.10747792548879284, left(srz44230443500)
neg, 0.43024999543214043, left(srz99311019953)
neg, 0.0887268665164327, left(srz27409597364)
neg, 0.09609493625297909, left(srz246186711148)
neg, 0.31607632861215096, left(srz193066273)
neg, 0.08762384534061207, left(srz193069395)
neg, 0.08978074992954073, left(srz24618674001)
neg, 0.43024999543214043, left(srz274095916485)
neg, 0.09470362628195078, left(srz246186711481)
neg, 0.43024999543214043, left(srz27409594833)
neg, 0.31607632861215096, left(srz8029724039)
neg, 0.10747792548879284, left(srz99311012762)
neg, 0.36040220265655376, left(srz246186715662)
neg, 0.09259174908264792, left(srz274095914406)
neg, 0.08969631519377494, left(srz8029725028)
neg, 0.5379974749891667, left(srz965949210035)
neg, 0.15773133899215042, left(srz9659492611)
neg, 0.21531360176855996, left(srz965661713829)
neg, 0.10429965700047668, left(srz27409593430)
neg, 0.08990707212312127, left(srz8029723779)
neg, 0.11776684884009299, left(srz44230442408)
neg, 0.11688192957054873, left(srz99311016697)
neg, 0.2522192920344088, left(srz99311014818)
neg, 0.10747792548879284, left(srz96594926547)
neg, 0.08762384534061207, left(srz4423044270)
neg, 0.09447233311561995, left(srz99311019672)
neg, 0.31607632861215096, left(srz44248271817)
neg, 0.08990707212312127, left(srz8029727358)
neg, 0.09941796035347768, left(srz274095911798)
neg, 0.0924723759409461, left(srz193064259)
neg, 0.23269372339757188, left(srz8029725718)
neg, 0.33768125175482216, left(srz246186716068)
neg, 0.08762384534061207, left(srz246186716523)
neg, 0.0992611488082572, left(srz27409593589)
neg, 0.09463868543959796, left(srz44248278244)
neg, 0.09762134993398691, left(srz274095913212)
neg, 0.08762384534061207, left(srz44248271147)
neg, 0.0887268665164327, left(srz44248276757)
neg, 0.0924723759409461, left(srz24618678213)
neg, 0.08762384534061207, left(srz8029726030)
neg, 0.09608915723563012, left(srz27409594247)
neg, 0.31607632861215096, left(srz99311012108)
neg, 0.36040220265655376, left(srz9659492379)
neg, 0.5379974749891667, left(srz96566173180)
neg, 0.09762134993398691, left(srz274095914561)
neg, 0.09490985775752864, left(srz4424827179)
neg, 0.10429965700047668, left(srz246186715544)
neg, 0.2013793350879112, left(srz44230443565)
neg, 0.43024999543214043, left(srz274095910799)
neg, 0.10429965700047668, left(srz99311015999)
neg, 0.10429965700047668, left(srz24618673735)
neg, 0.21531360176855996, left(srz96594923890)
neg, 0.09490985775752864, left(srz1930610006)
neg, 0.31607632861215096, left(srz24618678974)
neg, 0.13952275334673125, left(srz246186712790)
neg, 0.09259174908264792, left(srz193068557)
neg, 0.08762384534061207, left(srz44248277995)
neg, 0.10429965700047668, left(srz274095913144)
neg, 0.43024999543214043, left(srz96566179491)
neg, 0.338085635834678, left(srz802972563)
neg, 0.0887268665164327, left(srz96594926715)
neg, 0.16148710120292242, left(srz44230447863)
neg, 0.2161421357982058, left(srz8029723038)
neg, 0.23269372339757188, left(srz27409591086)
neg, 0.1569926385905161, left(srz965661715184)
neg, 0.11688192957054873, left(srz965949212086)
neg, 0.08762384534061207, left(srz8029728800)
neg, 0.19918329105392513, left(srz4423044878)
neg, 0.3113054638003522, left(srz193066458)
neg, 0.31607632861215096, left(srz8029728262)
neg, 0.11688192957054873, left(srz274095913856)
neg, 0.23269372339757188, left(srz27409591495)
neg, 0.08762384534061207, left(srz246186713279)
neg, 0.40635621084154055, left(srz24618676265)
neg, 0.10205775805938307, left(srz27409597265)
neg, 0.09470362628195078, left(srz274095915725)
neg, 0.21561915279098645, left(srz96594924085)
neg, 0.34814322782325435, left(srz44230444324)
neg, 0.10205775805938307, left(srz9656617170)
neg, 0.34855354714672426, left(srz44230445223)
neg, 0.09355835621005208, left(srz246186716570)
neg, 0.10429965700047668, left(srz96566174292)
neg, 0.36040220265655376, left(srz44248276192)
neg, 0.09470362628195078, left(srz274095911183)
neg, 0.34855354714672426, left(srz4424827947)
neg, 0.43024999543214043, left(srz8029721102)
neg, 0.0937508809907689, left(srz8029724877)
neg, 0.08969631519377494, left(srz2740959735)
neg, 0.10429965700047668, left(srz965661712656)
neg, 0.10747792548879284, left(srz965661713335)
neg, 0.09447233311561995, left(srz193065085)
neg, 0.09463868543959796, left(srz8029723575)
neg, 0.09941796035347768, left(srz193069886)
neg, 0.33768125175482216, left(srz193066264)
neg, 0.43024999543214043, left(srz8029726780)
neg, 0.0937508809907689, left(srz96594929948)
neg, 0.40635621084154055, left(srz9931101752)
neg, 0.40635621084154055, left(srz246186715194)
neg, 0.08990707212312127, left(srz8029723707)
neg, 0.31607632861215096, left(srz44230447808)
neg, 0.09447233311561995, left(srz993110110213)
neg, 0.33768125175482216, left(srz96566175492)
neg, 0.08762384534061207, left(srz96594927639)
neg, 0.08762384534061207, left(srz965661714354)
neg, 0.08990707212312127, left(srz193067662)
neg, 0.33768125175482216, left(srz9931101532)
neg, 0.33768125175482216, left(srz99311014508)
neg, 0.37416594167486705, left(srz246186710372)
neg, 0.08762384534061207, left(srz27409597483)
neg, 0.08762384534061207, left(srz4424827365)
neg, 0.23269372339757188, left(srz274095916125)
neg, 0.10429965700047668, left(srz8029727153)
neg, 0.09363016764644838, left(srz24618673461)
neg, 0.11688192957054873, left(srz44248277797)
neg, 0.11688192957054873, left(srz44230447073)
neg, 0.34855354714672426, left(srz24618674381)
neg, 0.0887268665164327, left(srz193067829)
neg, 0.09490985775752864, left(srz8029724200)
neg, 0.09264665702184746, left(srz44248278181)
neg, 0.08762384534061207, left(srz8029725904)
neg, 0.11688192957054873, left(srz44248277634)
neg, 0.43024999543214043, left(srz99311014044)
neg, 0.10429965700047668, left(srz96594926084)
neg, 0.338085635834678, left(srz8029729913)
neg, 0.0887268665164327, left(srz27409595820)
neg, 0.11688192957054873, left(srz99311014722)
neg, 0.0958193856345921, left(srz8029722087)
neg, 0.10747792548879284, left(srz246186710995)
neg, 0.09700154491364789, left(srz99311014575)
neg, 0.08762384534061207, left(srz44248274606)
neg, 0.10747792548879284, left(srz96566179628)
neg, 0.11688192957054873, left(srz44248277858)
neg, 0.0937508809907689, left(srz44230447735)
neg, 0.10429965700047668, left(srz246186711506)
neg, 0.0887268665164327, left(srz193067856)
neg, 0.10404929125716667, left(srz193067509)
neg, 0.09762134993398691, left(srz965661713359)
neg, 0.338085635834678, left(srz965661713452)
neg, 0.10747792548879284, left(srz193068353)
neg, 0.21561915279098645, left(srz27409594065)
neg, 0.10429965700047668, left(srz96566179151)
neg, 0.11688192957054873, left(srz96594929234)
neg, 0.09463734954675793, left(srz246186714386)
neg, 0.09608915723563012, left(srz24618677205)
neg, 0.10404929125716667, left(srz193063443)
neg, 0.5169565646748872, left(srz27409593038)
neg, 0.08884187788696475, left(srz44230445380)
neg, 0.31607632861215096, left(srz193067065)
neg, 0.09965842165547369, left(srz44248271984)
neg, 0.0887268665164327, left(srz99311013082)
neg, 0.10429965700047668, left(srz27409593091)
neg, 0.40635621084154055, left(srz44248271256)
neg, 0.09608915723563012, left(srz193068869)
neg, 0.10747792548879284, left(srz9656617284)
neg, 0.43024999543214043, left(srz24618672488)
neg, 0.10747792548879284, left(srz24618677109)
neg, 0.11688192957054873, left(srz44230444256)
neg, 0.43024999543214043, left(srz274095910040)
neg, 0.2522192920344088, left(srz96594929312)
neg, 0.11688192957054873, left(srz96594924114)
neg, 0.36040220265655376, left(srz8029722415)
neg, 0.09082282791544143, left(srz80297210288)
neg, 0.3261986113799918, left(srz965661712531)
neg, 0.2522192920344088, left(srz193061445)
neg, 0.09259174908264792, left(srz9656617865)
neg, 0.09447386570887614, left(srz96566171378)
neg, 0.09259174908264792, left(srz274095915567)
neg, 0.09463868543959796, left(srz193067236)
neg, 0.33768125175482216, left(srz44248274985)
neg, 0.0887268665164327, left(srz193069098)
neg, 0.09340274269541389, left(srz993110110816)
neg, 0.09632821988167461, left(srz193068701)
neg, 0.40635621084154055, left(srz24618677795)
neg, 0.08762384534061207, left(srz8029728837)
neg, 0.40635621084154055, left(srz44230446390)
neg, 0.338085635834678, left(srz96594929800)
neg, 0.33768125175482216, left(srz274095917199)
neg, 0.0887268665164327, left(srz99311013188)
neg, 0.17064270533827597, left(srz44230444569)
neg, 0.31607632861215096, left(srz193066432)
neg, 0.17064270533827597, left(srz99311012544)
neg, 0.08990707212312127, left(srz8029723708)
neg, 0.08762384534061207, left(srz19306421)
neg, 0.09558720393374359, left(srz965661710373)
neg, 0.10205775805938307, left(srz27409591598)
neg, 0.3113054638003522, left(srz965661715791)
neg, 0.31607632861215096, left(srz96566176018)
neg, 0.33768125175482216, left(srz44230443030)
neg, 0.08762384534061207, left(srz44248274646)
neg, 0.17064270533827597, left(srz99311012548)
neg, 0.43024999543214043, left(srz246186713633)
neg, 0.09700154491364789, left(srz965949210312)
neg, 0.08762384534061207, left(srz99311011033)
neg, 0.43024999543214043, left(srz4424827742)
neg, 0.31607632861215096, left(srz24618679982)
neg, 0.43024999543214043, left(srz96566179193)
neg, 0.0887268665164327, left(srz193069308)
neg, 0.10205775805938307, left(srz96594925263)
neg, 0.10404929125716667, left(srz99311018849)
neg, 0.21561915279098645, left(srz99311015003)
neg, 0.10747792548879284, left(srz44230447484)
neg, 0.21561915279098645, left(srz27409591697)
neg, 0.09224747701105376, left(srz44248272574)
neg, 0.3113054638003522, left(srz246186711755)
neg, 0.09259174908264792, left(srz99311014587)
neg, 0.43024999543214043, left(srz8029729850)
neg, 0.10429965700047668, left(srz965661712670)
neg, 0.08762384534061207, left(srz44248275597)
neg, 0.43024999543214043, left(srz2461867569)
neg, 0.0937508809907689, left(srz8029724874)
neg, 0.19918329105392513, left(srz965661716000)
neg, 0.09941796035347768, left(srz44230446181)
neg, 0.34814322782325435, left(srz96594927812)
neg, 0.43024999543214043, left(srz24618677902)
neg, 0.10205775805938307, left(srz96566174824)
neg, 0.08762384534061207, left(srz965661712098)
neg, 0.08762384534061207, left(srz8029725997)
neg, 0.21531360176855996, left(srz246186715995)
neg, 0.11688192957054873, left(srz965949212084)
neg, 0.40635621084154055, left(srz274095916393)
neg, 0.09398249492320182, left(srz96566177691)
neg, 0.10429965700047668, left(srz27409593384)
neg, 0.08762384534061207, left(srz19306337)
neg, 0.3113054638003522, left(srz99311016626)
neg, 0.10429965700047668, left(srz19306542)
neg, 0.09608915723563012, left(srz96566175388)
neg, 0.10205775805938307, left(srz96566174820)
neg, 0.31607632861215096, left(srz44248272536)
neg, 0.10429965700047668, left(srz96566175585)
neg, 0.33768125175482216, left(srz246186716028)
neg, 0.09965842165547369, left(srz993110110641)
neg, 0.21561915279098645, left(srz44248272486)
neg, 0.31607632861215096, left(srz44248271724)
neg, 0.10747792548879284, left(srz274095910379)
neg, 0.31607632861215096, left(srz1930611785)
neg, 0.08958030644887138, left(srz24618676467)
neg, 0.08990707212312127, left(srz44248275102)
neg, 0.09941796035347768, left(srz802972187)
neg, 0.0887268665164327, left(srz193063685)
neg, 0.0887268665164327, left(srz99311018798)
neg, 0.09463868543959796, left(srz193062926)
neg, 0.0887268665164327, left(srz965949210920)
neg, 0.21561915279098645, left(srz44230441051)
neg, 0.09340274269541389, left(srz24618679919)
neg, 0.43024999543214043, left(srz8029723034)
neg, 0.11688192957054873, left(srz246186711702)
neg, 0.31607632861215096, left(srz993110110662)
neg, 0.33768125175482216, left(srz9656617610)
neg, 0.09129785735141506, left(srz44248276653)
neg, 0.10429965700047668, left(srz246186713148)
neg, 0.09609493625297909, left(srz246186714127)
neg, 0.095140567258244, left(srz193064718)
neg, 0.33186072259198907, left(srz193064663)
neg, 0.09632821988167461, left(srz44248274004)
neg, 0.21531360176855996, left(srz8029722673)
neg, 0.33768125175482216, left(srz193068)
neg, 0.09398249492320182, left(srz96566177737)
neg, 0.33768125175482216, left(srz99311018036)
neg, 0.09264665702184746, left(srz274095911087)
neg, 0.11688192957054873, left(srz44248277649)
neg, 0.09558720393374359, left(srz8029721291)
neg, 0.10747792548879284, left(srz96566176620)
neg, 0.40635621084154055, left(srz27409596889)
neg, 0.2522192920344088, left(srz193061453)
neg, 0.338085635834678, left(srz44230441445)
neg, 0.5854559097590201, left(srz44248274959)
neg, 0.31607632861215096, left(srz193062547)
neg, 0.09470362628195078, left(srz24618673315)
neg, 0.10747792548879284, left(srz2740959381)
neg, 0.11688192957054873, left(srz27409599227)
neg, 0.21531360176855996, left(srz965949211756)
neg, 0.31607632861215096, left(srz965661711076)
neg, 0.09490985775752864, left(srz993110111583)
neg, 0.2522192920344088, left(srz246186714736)
neg, 0.08762384534061207, left(srz44248277935)
neg, 0.43024999543214043, left(srz24618674621)
neg, 0.4544511178758716, left(srz44230445787)
neg, 0.10404929125716667, left(srz965661712356)
neg, 0.09259174908264792, left(srz274095916703)
neg, 0.09447233311561995, left(srz4424827538)
neg, 0.3711736182300026, left(srz96566176427)
neg, 0.33768125175482216, left(srz99311012604)
neg, 0.10271147823357023, left(srz99311014401)
neg, 0.36040220265655376, left(srz8029725197)
neg, 0.33768125175482216, left(srz8029727121)
neg, 0.43024999543214043, left(srz44230441499)
neg, 0.09224747701105376, left(srz246186713355)
neg, 0.09447386570887614, left(srz99311018894)
neg, 0.4544511178758716, left(srz193064126)
neg, 0.43024999543214043, left(srz44230441985)
neg, 0.09608915723563012, left(srz965661710782)
neg, 0.0887268665164327, left(srz27409595859)
neg, 0.08762384534061207, left(srz8029728965)
neg, 0.0887268665164327, left(srz99311013171)
neg, 0.10747792548879284, left(srz193062322)
neg, 0.08762384534061207, left(srz965661714279)
neg, 0.08762384534061207, left(srz193064911)
neg, 0.09486880485969293, left(srz965661711310)
neg, 0.09463868543959796, left(srz8029724994)
neg, 0.43024999543214043, left(srz1930610612)
neg, 0.08762384534061207, left(srz246186717093)
neg, 0.3261986113799918, left(srz99311016382)
neg, 0.10205775805938307, left(srz246186713105)
neg, 0.08762384534061207, left(srz44230446564)
neg, 0.09232652434404263, left(srz44230448257)
neg, 0.08762384534061207, left(srz99311015946)
neg, 0.09609493625297909, left(srz80297210869)
neg, 0.10747792548879284, left(srz193063259)
neg, 0.2605058195600784, left(srz44248275519)
neg, 0.33768125175482216, left(srz44248276246)
neg, 0.34814322782325435, left(srz965949210568)
neg, 0.10747792548879284, left(srz96566178116)
neg, 0.10404929125716667, left(srz24618679045)
neg, 0.11688192957054873, left(srz44230446938)
neg, 0.09224747701105376, left(srz44248272589)
neg, 0.09463734954675793, left(srz24618673269)
neg, 0.0887268665164327, left(srz44230445559)
neg, 0.3113054638003522, left(srz9659492435)
neg, 0.21531360176855996, left(srz24618671038)
neg, 0.40635621084154055, left(srz193065260)
neg, 0.10429965700047668, left(srz8029721082)
neg, 0.09463868543959796, left(srz44248278245)
neg, 0.19274757238389273, left(srz8029723253)
neg, 0.5379974749891667, left(srz4424827558)
neg, 0.11688192957054873, left(srz965661711788)
neg, 0.08762384534061207, left(srz96594926940)
neg, 0.09470362628195078, left(srz27409595721)
neg, 0.19918329105392513, left(srz96566179031)
neg, 0.09041152568594854, left(srz96566178199)
neg, 0.09470362628195078, left(srz44230442660)
neg, 0.22014123864636012, left(srz8029722114)
neg, 0.13952275334673125, left(srz44248277123)
neg, 0.19918329105392513, left(srz96566175935)
neg, 0.10747792548879284, left(srz274095910061)
neg, 0.09363016764644838, left(srz193065379)
neg, 0.31607632861215096, left(srz8029721177)
neg, 0.10747792548879284, left(srz965661713584)
neg, 0.10429965700047668, left(srz193063243)
neg, 0.5854559097590201, left(srz44230445176)
neg, 0.12280640097404143, left(srz99311014628)
neg, 0.10747792548879284, left(srz193064684)
neg, 0.10429965700047668, left(srz8029728462)
neg, 0.3261986113799918, left(srz965949213502)
neg, 0.0887268665164327, left(srz193067850)
neg, 0.09463734954675793, left(srz246186714394)
neg, 0.36040220265655376, left(srz965661711389)
neg, 0.09609493625297909, left(srz44230448235)
neg, 0.08762384534061207, left(srz246186710797)
neg, 0.09363016764644838, left(srz80297210844)
neg, 0.36040220265655376, left(srz96566172521)
neg, 0.31607632861215096, left(srz24618675215)
neg, 0.19918329105392513, left(srz96566175960)
neg, 0.33768125175482216, left(srz965661713095)
neg, 0.08762384534061207, left(srz44248275669)
neg, 0.2161421357982058, left(srz193063236)
neg, 0.43024999543214043, left(srz44230444357)
neg, 0.2522192920344088, left(srz246186714762)
neg, 0.08797708080886504, left(srz44230442008)
neg, 0.21561915279098645, left(srz9931101845)
neg, 0.2522192920344088, left(srz965661711730)
neg, 0.0921735255964435, left(srz8029724906)
neg, 0.21561915279098645, left(srz993110111334)
neg, 0.10429965700047668, left(srz24618675770)
neg, 0.0924723759409461, left(srz993110112107)
neg, 0.40635621084154055, left(srz27409596884)
neg, 0.33768125175482216, left(srz193066967)
neg, 0.33768125175482216, left(srz44248276081)
neg, 0.33768125175482216, left(srz8029728563)
neg, 0.09352319308513994, left(srz96594925151)
neg, 0.09608915723563012, left(srz24618677172)
neg, 0.09762134993398691, left(srz24618678246)
neg, 0.0887268665164327, left(srz44248276796)
neg, 0.10747792548879284, left(srz246186712825)
neg, 0.09264665702184746, left(srz27409595797)
neg, 0.31607632861215096, left(srz193067053)
neg, 0.0887268665164327, left(srz24618675956)
neg, 0.36040220265655376, left(srz96566177128)
neg, 0.0868824920165507, left(srz193061839)
neg, 0.10747792548879284, left(srz44230441376)
neg, 0.10429965700047668, left(srz24618677912)
neg, 0.09470362628195078, left(srz246186711448)
neg, 0.10205775805938307, left(srz965661710418)
neg, 0.08762384534061207, left(srz96594928648)
neg, 0.10747792548879284, left(srz27409599820)
neg, 0.0887268665164327, left(srz44248276742)
neg, 0.09608915723563012, left(srz24618672107)
neg, 0.5379974749891667, left(srz44248271226)
neg, 0.09463868543959796, left(srz96566177550)
neg, 0.40635621084154055, left(srz96594925641)
neg, 0.33768125175482216, left(srz44248277249)
neg, 0.09470362628195078, left(srz27409593276)
neg, 0.09475002328292681, left(srz1930610343)
neg, 0.09259174908264792, left(srz9656617773)
neg, 0.0924723759409461, left(srz96566174068)
neg, 0.11688192957054873, left(srz44248273275)
neg, 0.10429965700047668, left(srz27409599777)
neg, 0.09608915723563012, left(srz1930610113)
neg, 0.13062912489546, left(srz96566178707)
neg, 0.08762384534061207, left(srz99311011038)
neg, 0.3113054638003522, left(srz99311016657)
neg, 0.0958193856345921, left(srz8029722081)
neg, 0.10747792548879284, left(srz246186711009)
neg, 0.11688192957054873, left(srz27409599176)
neg, 0.11688192957054873, left(srz8029721572)
neg, 0.0887268665164327, left(srz9656617412)
neg, 0.09941796035347768, left(srz44230441523)
neg, 0.43024999543214043, left(srz2740959288)
neg, 0.33768125175482216, left(srz44248274981)
neg, 0.3261986113799918, left(srz8029727762)
neg, 0.5169565646748872, left(srz274095914304)
neg, 0.23269372339757188, left(srz246186712068)
neg, 0.19918329105392513, left(srz96566176106)
neg, 0.09609493625297909, left(srz193061972)
neg, 0.33768125175482216, left(srz8029721801)
neg, 0.40635621084154055, left(srz44230446094)
neg, 0.33768125175482216, left(srz993110112357)
neg, 0.10747792548879284, left(srz8029728750)
neg, 0.10429965700047668, left(srz193066368)
neg, 0.2521930902644402, left(srz27409599078)
neg, 0.21561915279098645, left(srz993110111384)
neg, 0.09463734954675793, left(srz96566175197)
neg, 0.11688192957054873, left(srz99311014765)
neg, 0.09762134993398691, left(srz96566176987)
neg, 0.08762384534061207, left(srz99311011142)
neg, 0.09700154491364789, left(srz802972854)
neg, 0.09762134993398691, left(srz96594923292)
neg, 0.08978074992954073, left(srz993110110870)
neg, 0.09941796035347768, left(srz965949211476)
neg, 0.09632821988167461, left(srz193063062)
neg, 0.10205775805938307, left(srz96566171396)
neg, 0.09070550737270286, left(srz193069300)
neg, 0.338085635834678, left(srz442304433)
neg, 0.0887268665164327, left(srz44248275295)
neg, 0.10205775805938307, left(srz96594926466)
neg, 0.10429965700047668, left(srz27409593379)
neg, 0.2522192920344088, left(srz99311014835)
neg, 0.2522192920344088, left(srz246186714733)
neg, 0.31607632861215096, left(srz193067144)
neg, 0.09463734954675793, left(srz274095915579)
neg, 0.09340274269541389, left(srz44230446110)
neg, 0.10747792548879284, left(srz44248274206)
neg, 0.09447233311561995, left(srz24618675272)
neg, 0.34855354714672426, left(srz8029722587)
neg, 0.0992611488082572, left(srz246186713934)
neg, 0.21561915279098645, left(srz24618677529)
neg, 0.10747792548879284, left(srz99311013359)
neg, 0.09447233311561995, left(srz99311018825)
neg, 0.338085635834678, left(srz44248276310)
neg, 0.09363016764644838, left(srz96566176570)
neg, 0.10747792548879284, left(srz274095917063)
neg, 0.3261986113799918, left(srz1930612086)
neg, 0.21561915279098645, left(srz8029725745)
neg, 0.10429965700047668, left(srz96566173909)
neg, 0.09447386570887614, left(srz8029727258)
neg, 0.10747792548879284, left(srz44230446497)
neg, 0.08762384534061207, left(srz193063907)
neg, 0.09129785735141506, left(srz44248276599)
neg, 0.09608915723563012, left(srz24618672544)
neg, 0.08762384534061207, left(srz193069381)
neg, 0.40635621084154055, left(srz44230446088)
neg, 0.3113054638003522, left(srz96566175323)
neg, 0.5169565646748872, left(srz44248273164)
neg, 0.338085635834678, left(srz99311011888)
neg, 0.3711736182300026, left(srz96566176416)
neg, 0.09632821988167461, left(srz8029726897)
neg, 0.31607632861215096, left(srz8029729967)
neg, 0.2013793350879112, left(srz193065618)
neg, 0.08762384534061207, left(srz27409599578)
neg, 0.3261986113799918, left(srz44248271059)
neg, 0.09259174908264792, left(srz44230445911)
neg, 0.10429965700047668, left(srz24618676634)
neg, 0.09609493625297909, left(srz44230444972)
neg, 0.10747792548879284, left(srz2740959380)
neg, 0.09016603697229966, left(srz8029722233)
neg, 0.40635621084154055, left(srz193069283)
neg, 0.0887268665164327, left(srz193069107)
neg, 0.11688192957054873, left(srz99311014874)
neg, 0.31607632861215096, left(srz96594929066)
neg, 0.10429965700047668, left(srz2740959885)
neg, 0.09463734954675793, left(srz8029726855)
neg, 0.10747792548879284, left(srz274095910368)
neg, 0.43024999543214043, left(srz246186716693)
neg, 0.10429965700047668, left(srz24618673880)
neg, 0.10205775805938307, left(srz965661712248)
neg, 0.09398249492320182, left(srz96566177723)
neg, 0.33768125175482216, left(srz99311014159)
neg, 0.08762384534061207, left(srz96566175009)
neg, 0.33768125175482216, left(srz274095915634)
neg, 0.7077438782664071, left(srz44248273804)
neg, 0.10429965700047668, left(srz96566174269)
neg, 0.09264665702184746, left(srz27409595686)
neg, 0.33768125175482216, left(srz8029729998)
neg, 0.09475002328292681, left(srz1930610367)
neg, 0.08762384534061207, left(srz965661712088)
neg, 0.11688192957054873, left(srz44248273419)
neg, 0.09463868543959796, left(srz96566173404)
neg, 0.36040220265655376, left(srz8029722543)
neg, 0.10429965700047668, left(srz8029727162)
neg, 0.09700154491364789, left(srz96594925793)
neg, 0.09363016764644838, left(srz246186711223)
neg, 0.09463868543959796, left(srz44230444997)
neg, 0.12239018499212168, left(srz193061911)
neg, 0.08762384534061207, left(srz965661712094)
neg, 0.21561915279098645, left(srz9931101719)
neg, 0.09363016764644838, left(srz193061988)
neg, 0.2522192920344088, left(srz193061421)
neg, 0.09608915723563012, left(srz99311013317)
neg, 0.09608915723563012, left(srz96594922152)
neg, 0.17082060411216196, left(srz24618674009)
neg, 0.10205775805938307, left(srz27409597143)
neg, 0.08762384534061207, left(srz8029724307)
neg, 0.0992611488082572, left(srz27409595033)
neg, 0.0924723759409461, left(srz965949211364)
neg, 0.10747792548879284, left(srz96594925321)
neg, 0.33768125175482216, left(srz8029721640)
neg, 0.09264665702184746, left(srz2461867901)
neg, 0.3113054638003522, left(srz99311016641)
neg, 0.09532859567133202, left(srz4423044631)
neg, 0.31607632861215096, left(srz246186716889)
neg, 0.08762384534061207, left(srz96566175064)
neg, 0.0992611488082572, left(srz99311018431)
neg, 0.09363016764644838, left(srz993110110561)
neg, 0.09486880485969293, left(srz96566176542)
neg, 0.31607632861215096, left(srz9659492395)
neg, 0.5006733409902656, left(srz8029725510)
neg, 0.21531360176855996, left(srz8029722810)
neg, 0.40635621084154055, left(srz246186712484)
neg, 0.09259174908264792, left(srz965661715152)
neg, 0.338085635834678, left(srz802972671)
neg, 0.43024999543214043, left(srz44230447513)
neg, 0.21561915279098645, left(srz96566176211)
neg, 0.08762384534061207, left(srz44230446677)
neg, 0.0992611488082572, left(srz96566176303)
neg, 0.10429965700047668, left(srz8029722103)
neg, 0.09463734954675793, left(srz44230441211)
neg, 0.33768125175482216, left(srz274095915668)
neg, 0.43024999543214043, left(srz96566179207)
neg, 0.43024999543214043, left(srz27409592195)
neg, 0.31607632861215096, left(srz44230447629)
neg, 0.08990707212312127, left(srz8029723744)
neg, 0.31607632861215096, left(srz246186711291)
neg, 0.43024999543214043, left(srz8029723980)
neg, 0.33768125175482216, left(srz44248272339)
neg, 0.10747792548879284, left(srz8029726467)
neg, 0.23269372339757188, left(srz246186712063)
neg, 0.3261986113799918, left(srz965661731)
neg, 0.10404929125716667, left(srz965949213025)
neg, 0.0887268665164327, left(srz44248275346)
neg, 0.11688192957054873, left(srz274095916249)
neg, 0.0887268665164327, left(srz24618679338)
neg, 0.10429965700047668, left(srz24618678401)
neg, 0.43024999543214043, left(srz193063013)
neg, 0.09340274269541389, left(srz96594927962)
neg, 0.12239018499212168, left(srz44248273597)
neg, 0.09941796035347768, left(srz99311018382)
neg, 0.22014123864636012, left(srz27409592241)
neg, 0.09168441105486956, left(srz96594925058)
neg, 0.09762134993398691, left(srz193062110)
neg, 0.09608915723563012, left(srz193069760)
neg, 0.10747792548879284, left(srz274095912250)
neg, 0.5854559097590201, left(srz44230443399)
neg, 0.08928961349481537, left(srz193061076)
neg, 0.19918329105392513, left(srz96566175928)
neg, 0.0992611488082572, left(srz965661715300)
neg, 0.10747792548879284, left(srz1930611546)
neg, 0.09090821718191328, left(srz965661713147)
neg, 0.09016603697229966, left(srz96594928820)
neg, 0.43024999543214043, left(srz27409599966)
neg, 0.33768125175482216, left(srz96566172256)
neg, 0.10747792548879284, left(srz8029724918)
neg, 0.08762384534061207, left(srz8029729145)
neg, 0.095140567258244, left(srz27409597963)
neg, 0.09340274269541389, left(srz193062539)
neg, 0.09041152568594854, left(srz193067258)
neg, 0.11688192957054873, left(srz44248277857)
neg, 0.10205775805938307, left(srz96566174798)
neg, 0.09259174908264792, left(srz8029728422)
neg, 0.31607632861215096, left(srz99311012702)
neg, 0.12239018499212168, left(srz274095911957)
neg, 0.0958193856345921, left(srz99311014239)
neg, 0.21531360176855996, left(srz246186715980)
neg, 0.31607632861215096, left(srz246186710030)
neg, 0.10429965700047668, left(srz8029727980)
neg, 0.10747792548879284, left(srz4424827403)
neg, 0.43024999543214043, left(srz27409596397)
neg, 0.10404929125716667, left(srz96594927253)
neg, 0.33768125175482216, left(srz24618671067)
neg, 0.10429965700047668, left(srz27409597567)
neg, 0.10747792548879284, left(srz274095917066)
neg, 0.31607632861215096, left(srz1930620)
neg, 0.10429965700047668, left(srz193066366)
neg, 0.0887268665164327, left(srz99311013109)
neg, 0.09470362628195078, left(srz193067215)
neg, 0.08762384534061207, left(srz27409599543)
neg, 0.10205775805938307, left(srz96566174813)
neg, 0.08762384534061207, left(srz246186710791)
neg, 0.33768125175482216, left(srz44248277055)
neg, 0.10429965700047668, left(srz99311011716)
neg, 0.10747792548879284, left(srz96594921290)
neg, 0.23784265859764414, left(srz4424827210)
neg, 0.09470362628195078, left(srz965661713217)
neg, 0.09447233311561995, left(srz193068069)
neg, 0.10404929125716667, left(srz193067533)
neg, 0.33768125175482216, left(srz193062217)
neg, 0.21561915279098645, left(srz44230441124)
neg, 0.08762384534061207, left(srz4423044265)
neg, 0.43024999543214043, left(srz44230444928)
neg, 0.40635621084154055, left(srz44230441968)
neg, 0.09168441105486956, left(srz44230447923)
neg, 0.09608915723563012, left(srz24618679795)
neg, 0.08762384534061207, left(srz96566175030)
neg, 0.338085635834678, left(srz96566171109)
neg, 0.31607632861215096, left(srz993110174)
neg, 0.08969631519377494, left(srz44230445031)
neg, 0.09470362628195078, left(srz1930611461)
neg, 0.08762384534061207, left(srz96594927080)
neg, 0.10429965700047668, left(srz1930611439)
neg, 0.08762384534061207, left(srz8029729182)
neg, 0.36040220265655376, left(srz24618673662)
neg, 0.09965842165547369, left(srz44248272736)
neg, 0.21561915279098645, left(srz965661715957)
neg, 0.08762384534061207, left(srz8029725945)
neg, 0.08762384534061207, left(srz193069425)
neg, 0.10429965700047668, left(srz246186716715)
neg, 0.40635621084154055, left(srz8029723024)
neg, 0.08797708080886504, left(srz99311018186)
neg, 0.09090821718191328, left(srz965661715636)
neg, 0.08762384534061207, left(srz44230446652)
neg, 0.08762384534061207, left(srz193065021)
neg, 0.19274757238389273, left(srz96594926405)
neg, 0.19701951681629268, left(srz44230441534)
neg, 0.31607632861215096, left(srz965949211936)
neg, 0.40635621084154055, left(srz99311011992)
neg, 0.7077438782664071, left(srz99311019100)
neg, 0.0868824920165507, left(srz8029723118)
neg, 0.5006733409902656, left(srz8029729818)
neg, 0.0887268665164327, left(srz96594921359)
neg, 0.09224747701105376, left(srz96566175441)
neg, 0.31607632861215096, left(srz4423044962)
neg, 0.10205775805938307, left(srz96566171387)
neg, 0.40635621084154055, left(srz96566177332)
neg, 0.09941796035347768, left(srz8029726547)
neg, 0.09463868543959796, left(srz99311012746)
neg, 0.0937508809907689, left(srz44248277443)
neg, 0.08762384534061207, left(srz44248277931)
neg, 0.10404929125716667, left(srz965949210705)
neg, 0.33768125175482216, left(srz246186716292)
neg, 0.43024999543214043, left(srz4424827128)
neg, 0.08990707212312127, left(srz193067701)
neg, 0.11688192957054873, left(srz4424827860)
neg, 0.10429965700047668, left(srz8029723354)
neg, 0.10429965700047668, left(srz44248272558)
neg, 0.36040220265655376, left(srz99311011948)
neg, 0.21561915279098645, left(srz246186716107)
neg, 0.31607632861215096, left(srz44230444405)
neg, 0.33768125175482216, left(srz193066187)
neg, 0.08762384534061207, left(srz96594927719)
neg, 0.09407054746139654, left(srz965661713719)
neg, 0.09470362628195078, left(srz24618678732)
neg, 0.08762384534061207, left(srz96594927601)
neg, 0.0937508809907689, left(srz96594929979)
neg, 0.08762384534061207, left(srz44248278064)
neg, 0.31607632861215096, left(srz193067152)
neg, 0.33768125175482216, left(srz96594922045)
neg, 0.0887268665164327, left(srz193066014)
neg, 0.09363016764644838, left(srz193064445)
neg, 0.5379974749891667, left(srz965661711357)
neg, 0.0887268665164327, left(srz96594926691)
neg, 0.43024999543214043, left(srz99311018276)
neg, 0.338085635834678, left(srz8029721139)
neg, 0.09470362628195078, left(srz27409595727)
neg, 0.33768125175482216, left(srz44248272288)
neg, 0.43024999543214043, left(srz246186713624)
neg, 0.36040220265655376, left(srz965661710021)
neg, 0.22014123864636012, left(srz96566178253)
neg, 0.40635621084154055, left(srz99311015211)
neg, 0.10429965700047668, left(srz274095916756)
neg, 0.19918329105392513, left(srz274095914801)
neg, 0.10747792548879284, left(srz96594925886)
neg, 0.09463868543959796, left(srz1930610031)
neg, 0.08884187788696475, left(srz80297210176)
neg, 0.5379974749891667, left(srz8029723430)
neg, 0.13931861312733054, left(srz96594924993)
neg, 0.31607632861215096, left(srz965661711071)
neg, 0.10205775805938307, left(srz2461867908)
neg, 0.43024999543214043, left(srz44248276113)
neg, 0.11688192957054873, left(srz99311014917)
neg, 0.10747792548879284, left(srz44230443463)
neg, 0.10747792548879284, left(srz96566179613)
neg, 0.09470362628195078, left(srz27409593275)
neg, 0.11688192957054873, left(srz246186714796)
neg, 0.23269372339757188, left(srz27409591510)
neg, 0.09470362628195078, left(srz24618678730)
neg, 0.7077438782664071, left(srz44248273583)
neg, 0.31607632861215096, left(srz4423044948)
neg, 0.0887268665164327, left(srz1930610507)
neg, 0.09608915723563012, left(srz246186712335)
neg, 0.11688192957054873, left(srz44248273323)
neg, 0.10747792548879284, left(srz19306212)
neg, 0.40635621084154055, left(srz8029722146)
neg, 0.31607632861215096, left(srz44230441414)
neg, 0.0887268665164327, left(srz96594921417)
neg, 0.3261986113799918, left(srz1930612084)
neg, 0.08928961349481537, left(srz2740959168)
neg, 0.31607632861215096, left(srz993110112212)
neg, 0.10747792548879284, left(srz193063280)
neg, 0.0887268665164327, left(srz27409595893)
neg, 0.40635621084154055, left(srz44248274878)
neg, 0.09259174908264792, left(srz99311014586)
neg, 0.09259174908264792, left(srz8029722436)
neg, 0.08978074992954073, left(srz96566176773)
neg, 0.21561915279098645, left(srz246186716125)
neg, 0.10404929125716667, left(srz193067499)
neg, 0.08797708080886504, left(srz96594929783)
neg, 0.09016603697229966, left(srz193067405)
neg, 0.09470362628195078, left(srz24618673342)
neg, 0.09463734954675793, left(srz96566178095)
neg, 0.10747792548879284, left(srz99311013369)
neg, 0.31607632861215096, left(srz96594922839)
neg, 0.09264665702184746, left(srz246186710500)
neg, 0.31607632861215096, left(srz965949211925)
neg, 0.40635621084154055, left(srz96594925693)
neg, 0.11688192957054873, left(srz44230447175)
neg, 0.21531360176855996, left(srz246186715940)
neg, 0.5006733409902656, left(srz274095913135)
neg, 0.0868824920165507, left(srz44248278278)
neg, 0.10429965700047668, left(srz246186713886)
neg, 0.34814322782325435, left(srz99311017656)
neg, 0.09632821988167461, left(srz80297210852)
neg, 0.31607632861215096, left(srz965661710091)
neg, 0.09941796035347768, left(srz9656617805)
neg, 0.21561915279098645, left(srz24618674282)
neg, 0.21561915279098645, left(srz24618674250)
neg, 0.10747792548879284, left(srz965949211371)
neg, 0.08762384534061207, left(srz193064948)
neg, 0.08762384534061207, left(srz8029729211)
neg, 0.43024999543214043, left(srz99311012008)
neg, 0.08762384534061207, left(srz96594927088)
neg, 0.40635621084154055, left(srz8029724013)
neg, 0.08762384534061207, left(srz193069351)
neg, 0.10747792548879284, left(srz24618677088)
neg, 0.20483954528593876, left(srz193068838)
neg, 0.31607632861215096, left(srz24618674451)
neg, 0.08762384534061207, left(srz246186713307)
neg, 0.40635621084154055, left(srz274095915156)
neg, 0.40635621084154055, left(srz44248272017)
neg, 0.0887268665164327, left(srz9656617433)
neg, 0.31607632861215096, left(srz44248271655)
neg, 0.11688192957054873, left(srz44248273241)
neg, 0.19918329105392513, left(srz965949211953)
neg, 0.3711736182300026, left(srz246186714530)
neg, 0.40635621084154055, left(srz8029728595)
neg, 0.10429965700047668, left(srz274095916859)
neg, 0.5379974749891667, left(srz802972542)
neg, 0.08762384534061207, left(srz965949213776)
neg, 0.6928377924762232, left(srz80297210061)
neg, 0.08797708080886504, left(srz96566179430)
neg, 0.34814322782325435, left(srz24618679147)
neg, 0.31607632861215096, left(srz44248271813)
neg, 0.09700154491364789, left(srz8029727947)
neg, 0.12280640097404143, left(srz44248271106)
neg, 0.10747792548879284, left(srz8029724863)
neg, 0.31607632861215096, left(srz44230442214)
neg, 0.31607632861215096, left(srz274095915534)
neg, 0.43024999543214043, left(srz8029726645)
neg, 0.09129785735141506, left(srz44248276652)
neg, 0.09355835621005208, left(srz274095910254)
neg, 0.43024999543214043, left(srz24618676929)
neg, 0.2522192920344088, left(srz96594929344)
neg, 0.6928377924762232, left(srz24618676699)
neg, 0.31607632861215096, left(srz274095914869)
neg, 0.10747792548879284, left(srz246186715405)
neg, 0.09609493625297909, left(srz96594927965)
neg, 0.2521930902644402, left(srz96566178848)
neg, 0.31607632861215096, left(srz44248276179)
neg, 0.09259174908264792, left(srz965661712902)
neg, 0.21561915279098645, left(srz8029722906)
neg, 0.0887268665164327, left(srz9656617356)
neg, 0.40635621084154055, left(srz8029726351)
neg, 0.08797708080886504, left(srz96566171196)
neg, 0.0887268665164327, left(srz99311013202)
neg, 0.0958193856345921, left(srz965661714683)
neg, 0.7077438782664071, left(srz246186714946)
neg, 0.0937508809907689, left(srz8029723183)
neg, 0.10429965700047668, left(srz27409599755)
neg, 0.0992611488082572, left(srz965661715305)
neg, 0.0887268665164327, left(srz965661710593)
neg, 0.5854559097590201, left(srz8029727034)
neg, 0.09470362628195078, left(srz99311018060)
neg, 0.0887268665164327, left(srz44230442776)
neg, 0.33768125175482216, left(srz965661713517)
neg, 0.3113054638003522, left(srz99311018132)
neg, 0.09463868543959796, left(srz44248272612)
neg, 0.09463868543959796, left(srz1930610205)
neg, 0.08762384534061207, left(srz99311019534)
neg, 0.10747792548879284, left(srz9931101309)
neg, 0.36040220265655376, left(srz44248273051)
neg, 0.09762134993398691, left(srz24618678796)
neg, 0.09941796035347768, left(srz99311017012)
neg, 0.34855354714672426, left(srz44248273219)
neg, 0.08762384534061207, left(srz193066798)
neg, 0.19918329105392513, left(srz965949211831)
neg, 0.0868824920165507, left(srz96566176745)
neg, 0.31607632861215096, left(srz44248276362)
neg, 0.40635621084154055, left(srz99311015146)
neg, 0.10205775805938307, left(srz99311011288)
neg, 0.10429965700047668, left(srz274095913298)
neg, 0.11688192957054873, left(srz99311016541)
neg, 0.31607632861215096, left(srz96566172943)
neg, 0.3711736182300026, left(srz246186715861)
neg, 0.08968652267371456, left(srz27409591739)
neg, 0.0992611488082572, left(srz965661715297)
neg, 0.7077438782664071, left(srz24618677591)
neg, 0.10429965700047668, left(srz99311018317)
neg, 0.10429965700047668, left(srz27409597571)
neg, 0.0958193856345921, left(srz99311015341)
neg, 0.10747792548879284, left(srz8029724131)
neg, 0.10747792548879284, left(srz44248274185)
neg, 0.10205775805938307, left(srz96594921215)
neg, 0.40635621084154055, left(srz44248277395)
neg, 0.31607632861215096, left(srz24618676834)
neg, 0.0924723759409461, left(srz246186715214)
neg, 0.34814322782325435, left(srz8029725886)
neg, 0.21561915279098645, left(srz96594929505)
neg, 0.09090821718191328, left(srz965661715640)
neg, 0.0887268665164327, left(srz8029727555)
neg, 0.0937508809907689, left(srz96594929978)
neg, 0.7077438782664071, left(srz27409592593)
neg, 0.33768125175482216, left(srz27409598821)
neg, 0.21561915279098645, left(srz24618671278)
neg, 0.08762384534061207, left(srz246186710816)
neg, 0.10747792548879284, left(srz9656617257)
neg, 0.36040220265655376, left(srz44248271580)
neg, 0.10747792548879284, left(srz96566179626)
neg, 0.0992611488082572, left(srz8029724569)
neg, 0.09941796035347768, left(srz96566176579)
neg, 0.09941796035347768, left(srz80297210868)
neg, 0.21531360176855996, left(srz246186715932)
neg, 0.11688192957054873, left(srz44230444243)
neg, 0.43024999543214043, left(srz24618677894)
neg, 0.31607632861215096, left(srz8029724626)
neg, 0.40635621084154055, left(srz965949211147)
neg, 0.36040220265655376, left(srz44248277052)
neg, 0.40635621084154055, left(srz2461867400)
neg, 0.13952275334673125, left(srz246186715764)
neg, 0.09463734954675793, left(srz19306161)
neg, 0.10747792548879284, left(srz44230445068)
neg, 0.10747792548879284, left(srz96594928495)
neg, 0.21561915279098645, left(srz44230441111)
neg, 0.2161421357982058, left(srz193061747)
neg, 0.0887268665164327, left(srz44248276725)
neg, 0.10429965700047668, left(srz965949211076)
neg, 0.10747792548879284, left(srz1930610943)
neg, 0.34855354714672426, left(srz96594927867)
neg, 0.31607632861215096, left(srz96566173491)
neg, 0.31607632861215096, left(srz44248277440)
neg, 0.09440773299953088, left(srz27409597048)
neg, 0.0887268665164327, left(srz965949210938)
neg, 0.10429965700047668, left(srz27409596123)
neg, 0.21561915279098645, left(srz24618674284)
neg, 0.09463868543959796, left(srz193063474)
neg, 0.33768125175482216, left(srz44230447987)
neg, 0.0937508809907689, left(srz44230446211)
neg, 0.21561915279098645, left(srz24618672880)
neg, 0.43024999543214043, left(srz96594922546)
neg, 0.33768125175482216, left(srz96566174453)
neg, 0.43024999543214043, left(srz965949223)
neg, 0.10429965700047668, left(srz27409593368)
neg, 0.0887268665164327, left(srz965661710571)
neg, 0.0992611488082572, left(srz44230441328)
neg, 0.0887268665164327, left(srz193067930)
neg, 0.08762384534061207, left(srz96594927693)
neg, 0.09762134993398691, left(srz8029728657)
neg, 0.11688192957054873, left(srz44248273472)
neg, 0.0887268665164327, left(srz96594925473)
neg, 0.10429965700047668, left(srz4424827148)
neg, 0.10429965700047668, left(srz274095913184)
neg, 0.08762384534061207, left(srz19306367)
neg, 0.09876773435703545, left(srz24618678900)
neg, 0.11688192957054873, left(srz99311018936)
neg, 0.36040220265655376, left(srz8029725206)
neg, 0.31607632861215096, left(srz44248276181)
neg, 0.40635621084154055, left(srz193064188)
neg, 0.0887268665164327, left(srz1930610441)
neg, 0.09340274269541389, left(srz993110110814)
neg, 0.08762384534061207, left(srz246186716327)
neg, 0.10747792548879284, left(srz8029726465)
neg, 0.10747792548879284, left(srz27409599793)
neg, 0.0958193856345921, left(srz96566179973)
neg, 0.33768125175482216, left(srz193064230)
neg, 0.0887268665164327, left(srz9656617374)
neg, 0.33768125175482216, left(srz193062631)
neg, 0.0992611488082572, left(srz96594928867)
neg, 0.7077438782664071, left(srz99311012864)
neg, 0.31607632861215096, left(srz44230447583)
neg, 0.43024999543214043, left(srz8029726960)
neg, 0.3113054638003522, left(srz8029728369)
neg, 0.10429965700047668, left(srz24618675817)
neg, 0.08978074992954073, left(srz193068133)
neg, 0.09941796035347768, left(srz99311016314)
neg, 0.09463868543959796, left(srz99311019409)
neg, 0.0868824920165507, left(srz2740959964)
neg, 0.10747792548879284, left(srz274095913063)
neg, 0.08762384534061207, left(srz8029728933)
neg, 0.09941796035347768, left(srz44248271462)
neg, 0.09352319308513994, left(srz44248271101)
neg, 0.08990707212312127, left(srz193065861)
neg, 0.09470362628195078, left(srz4423044471)
neg, 0.36040220265655376, left(srz96566174414)
neg, 0.09090821718191328, left(srz965661711566)
neg, 0.16148710120292242, left(srz44248273961)
neg, 0.2521930902644402, left(srz27409599110)
neg, 0.17277259659916264, left(srz96594923703)
neg, 0.6370360364783444, left(srz27409595573)
neg, 0.5379974749891667, left(srz965661712570)
neg, 0.10404929125716667, left(srz99311011353)
neg, 0.10747792548879284, left(srz44230441539)
neg, 0.21561915279098645, left(srz8029722816)
neg, 0.3261986113799918, left(srz965661712453)
neg, 0.40635621084154055, left(srz8029722073)
neg, 0.3261986113799918, left(srz965949213622)
neg, 0.31607632861215096, left(srz96566173220)
neg, 0.34855354714672426, left(srz96594924378)
neg, 0.338085635834678, left(srz193064802)
neg, 0.09608915723563012, left(srz8029721781)
neg, 0.10429965700047668, left(srz274095911967)
neg, 0.43024999543214043, left(srz274095916497)
neg, 0.09340274269541389, left(srz24618673476)
neg, 0.10404929125716667, left(srz246186711597)
neg, 0.09363016764644838, left(srz193064444)
neg, 0.09259174908264792, left(srz965661715499)
neg, 0.09463868543959796, left(srz96566177539)
neg, 0.0937508809907689, left(srz27409598246)
neg, 0.08762384534061207, left(srz96566177904)
neg, 0.09762134993398691, left(srz246186710593)
neg, 0.10747792548879284, left(srz9656617239)
neg, 0.09129785735141506, left(srz44230443761)
neg, 0.10429965700047668, left(srz8029729025)
neg, 0.0868824920165507, left(srz96566178015)
neg, 0.0887268665164327, left(srz193067933)
neg, 0.7077438782664071, left(srz965661716032)
neg, 0.36040220265655376, left(srz96566174417)
neg, 0.08762384534061207, left(srz99311013794)
neg, 0.08762384534061207, left(srz44248274726)
neg, 0.43024999543214043, left(srz246186715108)
neg, 0.08762384534061207, left(srz99311013780)
neg, 0.3113054638003522, left(srz965661715825)
neg, 0.0877375645898625, left(srz44248273658)
neg, 0.33768125175482216, left(srz8029722725)
neg, 0.40635621084154055, left(srz965661712718)
neg, 0.0887268665164327, left(srz27409597355)
neg, 0.11688192957054873, left(srz96594929205)
neg, 0.338085635834678, left(srz1930611433)
neg, 0.08762384534061207, left(srz965949213749)
neg, 0.08762384534061207, left(srz965949212731)
neg, 0.13952275334673125, left(srz8029722265)
neg, 0.43024999543214043, left(srz193064207)
neg, 0.3113054638003522, left(srz99311016620)
neg, 0.09608915723563012, left(srz27409595625)
neg, 0.08762384534061207, left(srz274095912456)
neg, 0.338085635834678, left(srz44248277406)
neg, 0.0924723759409461, left(srz274095914415)
neg, 0.3113054638003522, left(srz965661715779)
neg, 0.09470362628195078, left(srz193065133)
neg, 0.3261986113799918, left(srz802972139)
neg, 0.08762384534061207, left(srz8029724372)
neg, 0.33768125175482216, left(srz44230447550)
neg, 0.2161421357982058, left(srz99311015139)
neg, 0.09762134993398691, left(srz96566179593)
neg, 0.09447233311561995, left(srz27409591754)
neg, 0.09016603697229966, left(srz4423044287)
neg, 0.21561915279098645, left(srz993110111354)
neg, 0.10205775805938307, left(srz96566171405)
neg, 0.09463868543959796, left(srz44230448111)
neg, 0.21561915279098645, left(srz193061577)
neg, 0.21531360176855996, left(srz8029722660)
neg, 0.10404929125716667, left(srz8029723486)
neg, 0.338085635834678, left(srz44248276148)
neg, 0.10429965700047668, left(srz96566174842)
neg, 0.10429965700047668, left(srz246186713520)
neg, 0.33768125175482216, left(srz965661713853)
neg, 0.09463734954675793, left(srz193065297)
neg, 0.09340274269541389, left(srz9931101467)
neg, 0.09340274269541389, left(srz193067250)
neg, 0.17064270533827597, left(srz96594921024)
neg, 0.3113054638003522, left(srz99311016601)
neg, 0.09463868543959796, left(srz1930611004)
neg, 0.31607632861215096, left(srz96594923045)
neg, 0.34855354714672426, left(srz44248275529)
neg, 0.10747792548879284, left(srz44230446183)
neg, 0.08762384534061207, left(srz8029728896)
neg, 0.36040220265655376, left(srz80297210663)
neg, 0.08762384534061207, left(srz27409599624)
neg, 0.7077438782664071, left(srz96566171010)
neg, 0.09486880485969293, left(srz96566176547)
neg, 0.08990707212312127, left(srz8029727470)
neg, 0.36040220265655376, left(srz802972960)
neg, 0.09259174908264792, left(srz96594929942)
neg, 0.21531360176855996, left(srz44248272380)
neg, 0.43024999543214043, left(srz99311012658)
neg, 0.08762384534061207, left(srz246186716413)
neg, 0.21561915279098645, left(srz27409591480)
neg, 0.08762384534061207, left(srz965661714368)
neg, 0.09558720393374359, left(srz99311017234)
neg, 0.3711736182300026, left(srz24618679555)
neg, 0.08762384534061207, left(srz965661714326)
neg, 0.0887268665164327, left(srz965661710601)
neg, 0.09470362628195078, left(srz44230442683)
neg, 0.0868824920165507, left(srz44230448386)
neg, 0.09608915723563012, left(srz246186711403)
neg, 0.11688192957054873, left(srz96594924182)
neg, 0.08762384534061207, left(srz965949212746)
neg, 0.08762384534061207, left(srz99311016001)
neg, 0.10429965700047668, left(srz274095914118)
neg, 0.09490985775752864, left(srz99311015825)
neg, 0.36040220265655376, left(srz44230446)
neg, 0.0887268665164327, left(srz27409595919)
neg, 0.11688192957054873, left(srz99311014965)
neg, 0.6928377924762232, left(srz96594922024)
neg, 0.0868824920165507, left(srz9659492543)
neg, 0.21531360176855996, left(srz44230444027)
neg, 0.08978074992954073, left(srz24618674002)
neg, 0.08762384534061207, left(srz44230446598)
neg, 0.40635621084154055, left(srz1930611122)
neg, 0.10429965700047668, left(srz246186713183)
neg, 0.36040220265655376, left(srz8029729986)
neg, 0.5379974749891667, left(srz96566172134)
neg, 0.33768125175482216, left(srz193064227)
neg, 0.10404929125716667, left(srz24618675665)
neg, 0.09608915723563012, left(srz965661713123)
neg, 0.08762384534061207, left(srz274095911283)
neg, 0.09193959798893422, left(srz96566177643)
neg, 0.43024999543214043, left(srz27409592172)
neg, 0.43024999543214043, left(srz44230448456)
neg, 0.11688192957054873, left(srz27409599252)
neg, 0.10747792548879284, left(srz44230448306)
neg, 0.08762384534061207, left(srz1930612266)
neg, 0.09470362628195078, left(srz8029728137)
neg, 0.08958030644887138, left(srz24618672290)
neg, 0.31607632861215096, left(srz8029728593)
neg, 0.10271147823357023, left(srz274095915593)
neg, 0.09608915723563012, left(srz246186712347)
neg, 0.3261986113799918, left(srz99311017561)
neg, 0.22014123864636012, left(srz24618676500)
neg, 0.40635621084154055, left(srz442482734)
neg, 0.31607632861215096, left(srz1930610756)
neg, 0.0887268665164327, left(srz96566171610)
neg, 0.43024999543214043, left(srz193069829)
neg, 0.43024999543214043, left(srz44230448056)
neg, 0.09082282791544143, left(srz96594922602)
neg, 0.11688192957054873, left(srz44248277867)
neg, 0.338085635834678, left(srz8029729909)
neg, 0.40635621084154055, left(srz99311013443)
neg, 0.09463734954675793, left(srz99311012443)
neg, 0.09608915723563012, left(srz44248274460)
neg, 0.08762384534061207, left(srz27409599557)
neg, 0.09470362628195078, left(srz2740959642)
neg, 0.0924723759409461, left(srz27409596924)
neg, 0.09016603697229966, left(srz99311013390)
neg, 0.31607632861215096, left(srz96566179666)
neg, 0.09807029432262786, left(srz993110110250)
neg, 0.5854559097590201, left(srz965661715393)
neg, 0.09463868543959796, left(srz99311016964)
neg, 0.08884187788696475, left(srz80297210180)
neg, 0.10747792548879284, left(srz8029725012)
neg, 0.10205775805938307, left(srz27409597106)
neg, 0.31607632861215096, left(srz96566178186)
neg, 0.21561915279098645, left(srz27409593873)
neg, 0.0887268665164327, left(srz8029727642)
neg, 0.08762384534061207, left(srz274095911250)
neg, 0.338085635834678, left(srz8029722549)
neg, 0.33768125175482216, left(srz8029729529)
neg, 0.0887268665164327, left(srz80297210359)
neg, 0.09941796035347768, left(srz96566174550)
neg, 0.10205775805938307, left(srz246186713071)
neg, 0.08762384534061207, left(srz24618672388)
neg, 0.5006733409902656, left(srz8029726596)
neg, 0.21561915279098645, left(srz27409593862)
neg, 0.0887268665164327, left(srz8029727540)
neg, 0.09558720393374359, left(srz965661710366)
neg, 0.10747792548879284, left(srz246186713705)
neg, 0.08958030644887138, left(srz993110110146)
neg, 0.09558720393374359, left(srz44230443657)
neg, 0.21561915279098645, left(srz27409591303)
neg, 0.08762384534061207, left(srz8029728827)
neg, 0.43024999543214043, left(srz27409593312)
neg, 0.31607632861215096, left(srz1930611581)
neg, 0.08797708080886504, left(srz96594928178)
neg, 0.10205775805938307, left(srz96566171442)
neg, 0.0924723759409461, left(srz99311019764)
neg, 0.09264665702184746, left(srz99311015049)
neg, 0.0887268665164327, left(srz44230445565)
neg, 0.08762384534061207, left(srz44230446654)
neg, 0.21531360176855996, left(srz44230444037)
neg, 0.0887268665164327, left(srz99311013220)
neg, 0.09941796035347768, left(srz99311019361)
neg, 0.10747792548879284, left(srz9931101415)
neg, 0.31607632861215096, left(srz44248271836)
neg, 0.0887268665164327, left(srz99311013232)
neg, 0.08797708080886504, left(srz96594923819)
neg, 0.0937508809907689, left(srz99311011531)
neg, 0.08762384534061207, left(srz274095911314)
neg, 0.09236658937799515, left(srz99311017460)
neg, 0.43024999543214043, left(srz193066226)
neg, 0.33768125175482216, left(srz24618671083)
neg, 0.2522192920344088, left(srz99311014824)
neg, 0.36040220265655376, left(srz274095913291)
neg, 0.09490985775752864, left(srz44248273743)
neg, 0.11688192957054873, left(srz44248277856)
neg, 0.17064270533827597, left(srz96594922629)
neg, 0.31607632861215096, left(srz44230447820)
neg, 0.10429965700047668, left(srz99311014243)
neg, 0.33768125175482216, left(srz246186716086)
neg, 0.17064270533827597, left(srz44248277702)
neg, 0.31607632861215096, left(srz8029724026)
neg, 0.21561915279098645, left(srz96594929443)
neg, 0.09762134993398691, left(srz27409593237)
neg, 0.5006733409902656, left(srz44248276355)
neg, 0.2521930902644402, left(srz96566178833)
neg, 0.08990707212312127, left(srz193067620)
neg, 0.3113054638003522, left(srz193066411)
neg, 0.31607632861215096, left(srz8029728537)
neg, 0.08797708080886504, left(srz96566179425)
neg, 0.11688192957054873, left(srz27409599257)
neg, 0.19918329105392513, left(srz8029722943)
neg, 0.09470362628195078, left(srz246186711442)
neg, 0.08968652267371456, left(srz96594929578)
neg, 0.09224747701105376, left(srz96594927261)
neg, 0.08928961349481537, left(srz2740959182)
neg, 0.09363016764644838, left(srz24618673454)
neg, 0.11688192957054873, left(srz4424827853)
neg, 0.09463734954675793, left(srz24618673236)
neg, 0.09259174908264792, left(srz965661715512)
neg, 0.31607632861215096, left(srz4423044954)
neg, 0.11688192957054873, left(srz96594922997)
neg, 0.31607632861215096, left(srz8029728383)
neg, 0.5006733409902656, left(srz96566173870)
neg, 0.10747792548879284, left(srz274095913352)
neg, 0.31607632861215096, left(srz802972429)
neg, 0.31607632861215096, left(srz96566176937)
neg, 0.31607632861215096, left(srz44248271919)
neg, 0.3711736182300026, left(srz965949212983)
neg, 0.31607632861215096, left(srz965949211938)
neg, 0.08762384534061207, left(srz274095949)
neg, 0.17082060411216196, left(srz96594926382)
neg, 0.09762134993398691, left(srz965949210340)
neg, 0.43024999543214043, left(srz246186716692)
neg, 0.22014123864636012, left(srz193064174)
neg, 0.11688192957054873, left(srz246186711659)
neg, 0.3261986113799918, left(srz96594925139)
neg, 0.19918329105392513, left(srz993110111311)
neg, 0.09470362628195078, left(srz8029726485)
neg, 0.43024999543214043, left(srz24618673409)
neg, 0.31607632861215096, left(srz193061245)
neg, 0.2013793350879112, left(srz193064266)
neg, 0.33768125175482216, left(srz8029722975)
neg, 0.09259174908264792, left(srz96594922246)
neg, 0.09447233311561995, left(srz193066917)
neg, 0.31607632861215096, left(srz96594922799)
neg, 0.09965842165547369, left(srz193068464)
neg, 0.08762384534061207, left(srz27409599605)
neg, 0.5379974749891667, left(srz44230443589)
neg, 0.40635621084154055, left(srz99311015523)
neg, 0.33768125175482216, left(srz99311012354)
neg, 0.40635621084154055, left(srz27409597767)
neg, 0.33768125175482216, left(srz24618671973)
neg, 0.10429965700047668, left(srz44248271392)
neg, 0.5379974749891667, left(srz44248272083)
neg, 0.0887268665164327, left(srz44230442790)
neg, 0.10747792548879284, left(srz993110110744)
neg, 0.09609493625297909, left(srz193063323)
neg, 0.08762384534061207, left(srz193064875)
neg, 0.43024999543214043, left(srz24618672242)
neg, 0.31607632861215096, left(srz96594922506)
neg, 0.40635621084154055, left(srz24618673446)
neg, 0.09463868543959796, left(srz993110112160)
neg, 0.19918329105392513, left(srz96594922884)
neg, 0.09463734954675793, left(srz27409594635)
neg, 0.21561915279098645, left(srz27409593876)
neg, 0.34855354714672426, left(srz44248272097)
neg, 0.09532859567133202, left(srz274095916726)
neg, 0.34855354714672426, left(srz4424827288)
neg, 0.31607632861215096, left(srz1930611212)
neg, 0.40635621084154055, left(srz965949212541)
neg, 0.11688192957054873, left(srz96594929203)
neg, 0.43024999543214043, left(srz193061691)
neg, 0.09041152568594854, left(srz8029728089)
neg, 0.33768125175482216, left(srz27409598054)
neg, 0.10429965700047668, left(srz44248271932)
neg, 0.21531360176855996, left(srz44248272267)
neg, 0.09224747701105376, left(srz99311017002)
neg, 0.0887268665164327, left(srz80297210328)
neg, 0.10404929125716667, left(srz246186714578)
neg, 0.5854559097590201, left(srz44248277012)
neg, 0.09363016764644838, left(srz96566173351)
neg, 0.09941796035347768, left(srz99311017016)
neg, 0.0921735255964435, left(srz1930644)
neg, 0.21561915279098645, left(srz44248272505)
neg, 0.13952275334673125, left(srz24618675124)
neg, 0.5169565646748872, left(srz274095914308)
neg, 0.2144317939556987, left(srz246186713419)
neg, 0.0887268665164327, left(srz99311013063)
neg, 0.21531360176855996, left(srz965661713941)
neg, 0.43024999543214043, left(srz27409591204)
neg, 0.4525842432755376, left(srz44230442379)
neg, 0.08762384534061207, left(srz96594927607)
neg, 0.10747792548879284, left(srz274095913061)
neg, 0.09259174908264792, left(srz193068536)
neg, 0.22014123864636012, left(srz99311013520)
neg, 0.43024999543214043, left(srz4424827750)
neg, 0.31607632861215096, left(srz24618676118)
neg, 0.21561915279098645, left(srz96566176156)
neg, 0.34814322782325435, left(srz274095916316)
neg, 0.0887268665164327, left(srz99311013074)
neg, 0.0887268665164327, left(srz246186710713)
neg, 0.09398249492320182, left(srz96566177743)
neg, 0.31607632861215096, left(srz24618675218)
neg, 0.338085635834678, left(srz96594924674)
neg, 0.08762384534061207, left(srz80297210507)
neg, 0.5169565646748872, left(srz274095914305)
neg, 0.31607632861215096, left(srz8029729582)
neg, 0.09941796035347768, left(srz19306847)
neg, 0.43024999543214043, left(srz246186713602)
neg, 0.08762384534061207, left(srz193069507)
neg, 0.40635621084154055, left(srz274095913410)
neg, 0.17064270533827597, left(srz8029729092)
neg, 0.11688192957054873, left(srz44248273485)
neg, 0.10429965700047668, left(srz27409596424)
neg, 0.0887268665164327, left(srz99311013135)
neg, 0.09447233311561995, left(srz193064087)
neg, 0.23269372339757188, left(srz27409591506)
neg, 0.40635621084154055, left(srz27409597879)
neg, 0.43024999543214043, left(srz96594926123)
neg, 0.10404929125716667, left(srz44230445258)
neg, 0.08762384534061207, left(srz80297210418)
neg, 0.10205775805938307, left(srz27409597167)
neg, 0.10205775805938307, left(srz99311018574)
neg, 0.0992611488082572, left(srz24618674560)
neg, 0.09762134993398691, left(srz44230448126)
neg, 0.10429965700047668, left(srz27409592643)
neg, 0.40635621084154055, left(srz99311015119)
neg, 0.0887268665164327, left(srz96594925453)
neg, 0.08762384534061207, left(srz965661714305)
neg, 0.40635621084154055, left(srz27409595148)
neg, 0.338085635834678, left(srz44248277158)
neg, 0.36040220265655376, left(srz274095915866)
neg, 0.0887268665164327, left(srz96566171566)
neg, 0.10747792548879284, left(srz44248272938)
neg, 0.2521930902644402, left(srz96566178839)
neg, 0.19918329105392513, left(srz96566172865)
neg, 0.10429965700047668, left(srz44230442268)
neg, 0.0992611488082572, left(srz965949211060)
neg, 0.0937508809907689, left(srz1930611077)
neg, 0.09168441105486956, left(srz24618676334)
neg, 0.3113054638003522, left(srz965661715793)
neg, 0.0958193856345921, left(srz99311015347)
neg, 0.08762384534061207, left(srz44230443771)
neg, 0.40635621084154055, left(srz99311015122)
neg, 0.08762384534061207, left(srz1930612254)
neg, 0.10429965700047668, left(srz96566174862)
neg, 0.09609493625297909, left(srz99311012945)
neg, 0.0924723759409461, left(srz96566175430)
neg, 0.08762384534061207, left(srz8029726075)
neg, 0.10429965700047668, left(srz274095912701)
neg, 0.09632821988167461, left(srz1930611084)
neg, 0.31607632861215096, left(srz19306933)
neg, 0.33768125175482216, left(srz193068593)
neg, 0.31607632861215096, left(srz274095913984)
neg, 0.5379974749891667, left(srz965661712859)
neg, 0.10429965700047668, left(srz24618673728)
neg, 0.21561915279098645, left(srz27409593856)
neg, 0.33768125175482216, left(srz44248271631)
neg, 0.10429965700047668, left(srz965661710494)
neg, 0.43024999543214043, left(srz193063224)
neg, 0.17553375188817422, left(srz44248271480)
neg, 0.11688192957054873, left(srz99311016521)
neg, 0.3711736182300026, left(srz96566176445)
neg, 0.31607632861215096, left(srz99311013287)
neg, 0.10429965700047668, left(srz8029729033)
neg, 0.31607632861215096, left(srz44248277185)
neg, 0.5854559097590201, left(srz80297210671)
neg, 0.0958193856345921, left(srz99311014233)
neg, 0.4544511178758716, left(srz96594922078)
neg, 0.10747792548879284, left(srz9656617294)
neg, 0.09762134993398691, left(srz246186710619)
neg, 0.10429965700047668, left(srz193064404)
neg, 0.10429965700047668, left(srz274095916460)
neg, 0.36040220265655376, left(srz24618673658)
neg, 0.43024999543214043, left(srz4424827734)
neg, 0.10404929125716667, left(srz96594922681)
neg, 0.40635621084154055, left(srz246186713658)
neg, 0.09609493625297909, left(srz8029723232)
neg, 0.21561915279098645, left(srz27409591281)
neg, 0.08990707212312127, left(srz193065820)
neg, 0.43024999543214043, left(srz193065514)
neg, 0.338085635834678, left(srz442304435)
neg, 0.10747792548879284, left(srz96566179526)
neg, 0.23269372339757188, left(srz27409591070)
neg, 0.10747792548879284, left(srz19306741)
neg, 0.10404929125716667, left(srz274095912098)
neg, 0.40635621084154055, left(srz193065256)
neg, 0.10747792548879284, left(srz965661714799)
neg, 0.17064270533827597, left(srz99311012300)
neg, 0.21531360176855996, left(srz44230444024)
neg, 0.08762384534061207, left(srz99311019635)
neg, 0.43024999543214043, left(srz274095910825)
neg, 0.5006733409902656, left(srz8029725520)
neg, 0.3098342402670987, left(srz96566171121)
neg, 0.10404929125716667, left(srz8029727287)
neg, 0.09941796035347768, left(srz99311019814)
neg, 0.31607632861215096, left(srz8029722169)
neg, 0.13952275334673125, left(srz1930611551)
neg, 0.21561915279098645, left(srz24618671256)
neg, 0.09264665702184746, left(srz27409595691)
neg, 0.0868824920165507, left(srz193068716)
neg, 0.10205775805938307, left(srz8029726149)
neg, 0.36040220265655376, left(srz965661710986)
neg, 0.10747792548879284, left(srz96566177362)
neg, 0.10747792548879284, left(srz99311019117)
neg, 0.7077438782664071, left(srz96566173568)
neg, 0.09608915723563012, left(srz193063360)
neg, 0.09363016764644838, left(srz96594921929)
neg, 0.08762384534061207, left(srz246186716391)
neg, 0.09463734954675793, left(srz1930610921)
neg, 0.08797708080886504, left(srz96566175836)
neg, 0.09490985775752864, left(srz99311015159)
neg, 0.0887268665164327, left(srz96594925490)
neg, 0.10429965700047668, left(srz24618673041)
neg, 0.08762384534061207, left(srz99311019503)
neg, 0.09609493625297909, left(srz96566178221)
neg, 0.43024999543214043, left(srz24618678687)
neg, 0.08762384534061207, left(srz96594927636)
neg, 0.0958193856345921, left(srz24618678842)
neg, 0.09168441105486956, left(srz44230447921)
neg, 0.31607632861215096, left(srz44230441013)
neg, 0.10404929125716667, left(srz24618675651)
neg, 0.43024999543214043, left(srz27409596387)
neg, 0.338085635834678, left(srz80297210650)
neg, 0.09447386570887614, left(srz193065697)
neg, 0.0937508809907689, left(srz965661715496)
neg, 0.08969631519377494, left(srz96594924563)
neg, 0.0992611488082572, left(srz246186714210)
neg, 0.09463868543959796, left(srz8029723577)
neg, 0.08762384534061207, left(srz193065005)
neg, 0.09941796035347768, left(srz193069883)
neg, 0.08762384534061207, left(srz80297210411)
neg, 0.10429965700047668, left(srz8029723142)
neg, 0.31607632861215096, left(srz44230447581)
neg, 0.10747792548879284, left(srz44230441644)
neg, 0.31607632861215096, left(srz44248272863)
neg, 0.33768125175482216, left(srz8029726376)
neg, 0.08762384534061207, left(srz44248274728)
neg, 0.09608915723563012, left(srz24618674551)
neg, 0.09609493625297909, left(srz193063322)
neg, 0.1893572335612909, left(srz274095913754)
neg, 0.09608915723563012, left(srz246186710272)
neg, 0.31607632861215096, left(srz8029721169)
neg, 0.09470362628195078, left(srz965949212172)
neg, 0.36040220265655376, left(srz96566174416)
neg, 0.34814322782325435, left(srz44248275543)
neg, 0.6370360364783444, left(srz96566173556)
neg, 0.10747792548879284, left(srz96566173922)
neg, 0.08762384534061207, left(srz99311015938)
neg, 0.43024999543214043, left(srz193062644)
neg, 0.10429965700047668, left(srz9931101128)
neg, 0.40635621084154055, left(srz44230441434)
neg, 0.40635621084154055, left(srz44248275813)
neg, 0.10205775805938307, left(srz96566174784)
neg, 0.3711736182300026, left(srz99311017732)
neg, 0.09224747701105376, left(srz193062358)
neg, 0.10429965700047668, left(srz965661714544)
neg, 0.08797708080886504, left(srz802972240)
neg, 0.0887268665164327, left(srz1930610420)
neg, 0.5854559097590201, left(srz44230443406)
neg, 0.33768125175482216, left(srz99311016358)
neg, 0.0965183451126506, left(srz80297210836)
neg, 0.10429965700047668, left(srz193064383)
neg, 0.0937508809907689, left(srz193068384)
neg, 0.3113054638003522, left(srz99311018130)
neg, 0.33768125175482216, left(srz24618671969)
neg, 0.1569926385905161, left(srz19306518)
neg, 0.09224747701105376, left(srz96594928451)
neg, 0.0887268665164327, left(srz965949210929)
neg, 0.31607632861215096, left(srz965661712737)
neg, 0.23269372339757188, left(srz246186712071)
neg, 0.10429965700047668, left(srz246186711105)
neg, 0.08762384534061207, left(srz4424827351)
neg, 0.338085635834678, left(srz442482722)
neg, 0.09463734954675793, left(srz19306588)
neg, 0.08762384534061207, left(srz96594928640)
neg, 0.31607632861215096, left(srz44230441015)
neg, 0.6928377924762232, left(srz8029727227)
neg, 0.10429965700047668, left(srz27409596104)
neg, 0.31607632861215096, left(srz44248271855)
neg, 0.09224747701105376, left(srz965949213012)
neg, 0.33768125175482216, left(srz44230447546)
neg, 0.36040220265655376, left(srz99311012167)
neg, 0.0887268665164327, left(srz1930610473)
neg, 0.3261986113799918, left(srz44248275530)
neg, 0.10205775805938307, left(srz246186713222)
neg, 0.08958030644887138, left(srz27409592051)
neg, 0.10404929125716667, left(srz274095913531)
neg, 0.10429965700047668, left(srz27409597524)
neg, 0.08762384534061207, left(srz8029725907)
neg, 0.7077438782664071, left(srz44230446350)
neg, 0.13952275334673125, left(srz9659492636)
neg, 0.09608915723563012, left(srz96566176289)
neg, 0.10747792548879284, left(srz27409594435)
neg, 0.10747792548879284, left(srz96566177449)
neg, 0.0887268665164327, left(srz99311013095)
neg, 0.21561915279098645, left(srz44248275469)
neg, 0.09486880485969293, left(srz44230442311)
neg, 0.10205775805938307, left(srz99311018688)
neg, 0.09259174908264792, left(srz44230448167)
neg, 0.21561915279098645, left(srz24618677477)
neg, 0.31607632861215096, left(srz96594922803)
neg, 0.40635621084154055, left(srz274095910562)
neg, 0.09090821718191328, left(srz44230447470)
neg, 0.21561915279098645, left(srz24618677490)
neg, 0.21561915279098645, left(srz274095916165)
neg, 0.33768125175482216, left(srz27409598059)
neg, 0.10205775805938307, left(srz24618679225)
neg, 0.40635621084154055, left(srz44230444380)
neg, 0.08762384534061207, left(srz80297210514)
neg, 0.33768125175482216, left(srz274095917179)
neg, 0.43024999543214043, left(srz274095916089)
neg, 0.43024999543214043, left(srz274095916345)
neg, 0.09762134993398691, left(srz44248271993)
neg, 0.338085635834678, left(srz96566179837)
neg, 0.5169565646748872, left(srz193068779)
neg, 0.5854559097590201, left(srz44248274953)
neg, 0.21561915279098645, left(srz8029722891)
neg, 0.09470362628195078, left(srz27409595762)
neg, 0.11688192957054873, left(srz99311014975)
neg, 0.31607632861215096, left(srz44230442879)
neg, 0.09236658937799515, left(srz44248273733)
neg, 0.5379974749891667, left(srz96594928021)
neg, 0.10429965700047668, left(srz246186716590)
neg, 0.09463734954675793, left(srz19306123)
neg, 0.10747792548879284, left(srz99311018659)
neg, 0.09941796035347768, left(srz1930610178)
neg, 0.34814322782325435, left(srz96594929117)
neg, 0.10429965700047668, left(srz96566175569)
neg, 0.10429965700047668, left(srz27409591941)
neg, 0.2144317939556987, left(srz274095916329)
neg, 0.08762384534061207, left(srz193064054)
neg, 0.08762384534061207, left(srz193066906)
neg, 0.43024999543214043, left(srz27409598393)
neg, 0.33768125175482216, left(srz193066249)
neg, 0.5854559097590201, left(srz96594928015)
neg, 0.09447233311561995, left(srz99311013394)
neg, 0.17064270533827597, left(srz44248276384)
neg, 0.21561915279098645, left(srz44248272432)
neg, 0.0887268665164327, left(srz1930610466)
neg, 0.5854559097590201, left(srz44230442850)
neg, 0.09463868543959796, left(srz96594926426)
neg, 0.08762384534061207, left(srz8029728887)
neg, 0.08762384534061207, left(srz1930612346)
neg, 0.09463868543959796, left(srz19306831)
neg, 0.0868824920165507, left(srz24618679004)
neg, 0.0992611488082572, left(srz246186714206)
neg, 0.10429965700047668, left(srz24618673706)
neg, 0.10429965700047668, left(srz274095914099)
neg, 0.08762384534061207, left(srz96566177838)
neg, 0.5854559097590201, left(srz802972531)
neg, 0.10205775805938307, left(srz80297252)
neg, 0.10429965700047668, left(srz27409599934)
neg, 0.2144317939556987, left(srz2740959892)
neg, 0.11688192957054873, left(srz99311016482)
neg, 0.11688192957054873, left(srz193061557)
neg, 0.0887268665164327, left(srz9656617415)
neg, 0.31607632861215096, left(srz9659492444)
neg, 0.31607632861215096, left(srz1930611802)
neg, 0.08990707212312127, left(srz193067768)
neg, 0.43024999543214043, left(srz24618672257)
neg, 0.19918329105392513, left(srz274095914809)
neg, 0.09463734954675793, left(srz24618673203)
neg, 0.31607632861215096, left(srz9656617575)
neg, 0.3755421821594811, left(srz8029726588)
neg, 0.10429965700047668, left(srz44230442100)
neg, 0.11688192957054873, left(srz193061556)
neg, 0.0887268665164327, left(srz8029723836)
neg, 0.09470362628195078, left(srz27409594927)
neg, 0.10429965700047668, left(srz24618677055)
neg, 0.21561915279098645, left(srz27409591264)
neg, 0.08990707212312127, left(srz965949210857)
neg, 0.5169565646748872, left(srz24618672989)
neg, 0.3755421821594811, left(srz44230446468)
neg, 0.338085635834678, left(srz80297210763)
neg, 0.0887268665164327, left(srz8029723903)
neg, 0.09470362628195078, left(srz96566175605)
neg, 0.43024999543214043, left(srz44230444641)
neg, 0.40718129894508587, left(srz193066166)
neg, 0.0992611488082572, left(srz965949211059)
neg, 0.36040220265655376, left(srz96594929847)
neg, 0.09224747701105376, left(srz19306616)
neg, 0.09463734954675793, left(srz96566178093)
neg, 0.36040220265655376, left(srz44248271587)
neg, 0.43024999543214043, left(srz2461867583)
neg, 0.34814322782325435, left(srz8029727688)
neg, 0.0868824920165507, left(srz96594924578)
neg, 0.0887268665164327, left(srz44248275334)
neg, 0.23784265859764414, left(srz9931101601)
neg, 0.19918329105392513, left(srz274095914757)
neg, 0.08762384534061207, left(srz24618677944)
neg, 0.43024999543214043, left(srz24618674227)
neg, 0.09941796035347768, left(srz993110110976)
neg, 0.09463868543959796, left(srz965949212271)
neg, 0.08762384534061207, left(srz99311019502)
neg, 0.10205775805938307, left(srz24618679234)
neg, 0.31607632861215096, left(srz193062721)
neg, 0.09236658937799515, left(srz99311017477)
neg, 0.0937508809907689, left(srz802972864)
neg, 0.33768125175482216, left(srz44230444535)
neg, 0.09340274269541389, left(srz96566171971)
neg, 0.36040220265655376, left(srz44230443324)
neg, 0.10205775805938307, left(srz24618675743)
neg, 0.31607632861215096, left(srz193067063)
neg, 0.11688192957054873, left(srz44248273467)
neg, 0.09447233311561995, left(srz96594927751)
neg, 0.31607632861215096, left(srz965661714649)
neg, 0.09941796035347768, left(srz99311019383)
neg, 0.09463868543959796, left(srz44248272993)
neg, 0.40635621084154055, left(srz96594922490)
neg, 0.21531360176855996, left(srz246186715924)
neg, 0.0887268665164327, left(srz27409595842)
neg, 0.09941796035347768, left(srz96566174553)
neg, 0.08762384534061207, left(srz965949213741)
neg, 0.11688192957054873, left(srz99311016503)
neg, 0.33768125175482216, left(srz8029727086)
neg, 0.338085635834678, left(srz8029722552)
neg, 0.10747792548879284, left(srz9931101417)
neg, 0.338085635834678, left(srz99311015607)
neg, 0.10747792548879284, left(srz96566173912)
neg, 0.09224747701105376, left(srz44248272649)
neg, 0.0887268665164327, left(srz9656617431)
neg, 0.43024999543214043, left(srz27409594474)
neg, 0.36040220265655376, left(srz96566178160)
neg, 0.11688192957054873, left(srz965661711693)
neg, 0.08762384534061207, left(srz8029724308)
neg, 0.5379974749891667, left(srz965661710715)
neg, 0.09264665702184746, left(srz44230442592)
neg, 0.2522192920344088, left(srz44248273377)
neg, 0.31607632861215096, left(srz96594922509)
neg, 0.33768125175482216, left(srz99311014173)
neg, 0.09190937749855801, left(srz193063506)
neg, 0.08978074992954073, left(srz99311013475)
neg, 0.08958030644887138, left(srz96594925674)
neg, 0.3711736182300026, left(srz246186714623)
neg, 0.40635621084154055, left(srz8029721662)
neg, 0.43024999543214043, left(srz193062827)
neg, 0.09762134993398691, left(srz8029725020)
neg, 0.09340274269541389, left(srz99311014658)
neg, 0.09609493625297909, left(srz193068098)
neg, 0.31607632861215096, left(srz44248272542)
neg, 0.31607632861215096, left(srz44230441019)
neg, 0.08762384534061207, left(srz246186716460)
neg, 0.10429965700047668, left(srz44230447925)
neg, 0.2522192920344088, left(srz965661711704)
neg, 0.21531360176855996, left(srz96594923952)
neg, 0.31607632861215096, left(srz99311012265)
neg, 0.33768125175482216, left(srz44230446139)
neg, 0.09470362628195078, left(srz99311018059)
neg, 0.08990707212312127, left(srz8029727441)
neg, 0.19918329105392513, left(srz965949211792)
neg, 0.15773133899215042, left(srz96566176806)
neg, 0.19323985915953887, left(srz96566175417)
neg, 0.09129785735141506, left(srz44248276603)
neg, 0.40635621084154055, left(srz96566179845)
neg, 0.08969631519377494, left(srz96594925091)
neg, 0.34855354714672426, left(srz99311016431)
neg, 0.09608915723563012, left(srz246186710203)
neg, 0.21561915279098645, left(srz1930611950)
neg, 0.10747792548879284, left(srz19306796)
neg, 0.09340274269541389, left(srz246186716985)
neg, 0.10747792548879284, left(srz27409591003)
neg, 0.31607632861215096, left(srz96566172646)
neg, 0.09129785735141506, left(srz44248276575)
neg, 0.5006733409902656, left(srz965661710841)
neg, 0.33768125175482216, left(srz27409596688)
neg, 0.10747792548879284, left(srz27409592496)
neg, 0.11688192957054873, left(srz44248277780)
neg, 0.31607632861215096, left(srz193062068)
neg, 0.08990707212312127, left(srz1930610284)
neg, 0.0937508809907689, left(srz802972866)
neg, 0.10205775805938307, left(srz96566174793)
neg, 0.09090821718191328, left(srz96594923830)
neg, 0.23784265859764414, left(srz44230442382)
neg, 0.08928961349481537, left(srz99311019026)
neg, 0.0887268665164327, left(srz44230442780)
neg, 0.10747792548879284, left(srz99311017960)
neg, 0.3113054638003522, left(srz24618672450)
neg, 0.09463734954675793, left(srz24618673279)
neg, 0.09236658937799515, left(srz99311017080)
neg, 0.0887268665164327, left(srz8029727579)
neg, 0.09608915723563012, left(srz246186712348)
neg, 0.21561915279098645, left(srz27409593795)
neg, 0.09352319308513994, left(srz44248271075)
neg, 0.36040220265655376, left(srz96566174359)
neg, 0.09965842165547369, left(srz274095910342)
neg, 0.0887268665164327, left(srz9656617452)
neg, 0.0887268665164327, left(srz96594926685)
neg, 0.09440773299953088, left(srz44248273724)
neg, 0.43024999543214043, left(srz99311011974)
neg, 0.3711736182300026, left(srz4423044791)
neg, 0.3261986113799918, left(srz27409599289)
neg, 0.40635621084154055, left(srz193066222)
neg, 0.09447233311561995, left(srz99311015636)
neg, 0.0992611488082572, left(srz27409597643)
neg, 0.31607632861215096, left(srz965661710946)
neg, 0.21531360176855996, left(srz96594924053)
neg, 0.08990707212312127, left(srz8029727509)
neg, 0.33768125175482216, left(srz246186713754)
neg, 0.08762384534061207, left(srz96594927597)
neg, 0.09941796035347768, left(srz993110110825)
neg, 0.0992611488082572, left(srz193063375)
neg, 0.10747792548879284, left(srz193069020)
neg, 0.31607632861215096, left(srz24618672694)
neg, 0.31607632861215096, left(srz193065491)
neg, 0.10429965700047668, left(srz8029725077)
neg, 0.09440773299953088, left(srz27409597050)
neg, 0.11688192957054873, left(srz99311016538)
neg, 0.43024999543214043, left(srz274095910017)
neg, 0.09463868543959796, left(srz8029729729)
neg, 0.09264665702184746, left(srz44230442698)
neg, 0.0937508809907689, left(srz193068703)
neg, 0.09463868543959796, left(srz965949211196)
neg, 0.40635621084154055, left(srz96594928433)
neg, 0.43024999543214043, left(srz965949211580)
neg, 0.08797708080886504, left(srz96594926362)
neg, 0.09463868543959796, left(srz193065395)
neg, 0.11688192957054873, left(srz24618674374)
neg, 0.31607632861215096, left(srz44248273785)
neg, 0.43024999543214043, left(srz246186713735)
neg, 0.12280640097404143, left(srz99311017435)
neg, 0.2521930902644402, left(srz27409599064)
neg, 0.21531360176855996, left(srz44230444069)
neg, 0.08762384534061207, left(srz44248274649)
neg, 0.43024999543214043, left(srz44230443045)
neg, 0.21561915279098645, left(srz193061585)
neg, 0.31607632861215096, left(srz8029723072)
neg, 0.11688192957054873, left(srz96566178903)
neg, 0.10404929125716667, left(srz44248271114)
neg, 0.09447386570887614, left(srz96594925159)
neg, 0.09463734954675793, left(srz1930610903)
neg, 0.40635621084154055, left(srz44230444504)
neg, 0.10429965700047668, left(srz44230442361)
neg, 0.12280640097404143, left(srz24618679180)
neg, 0.09363016764644838, left(srz246186715227)
neg, 0.10205775805938307, left(srz27409597163)
neg, 0.10429965700047668, left(srz24618673028)
neg, 0.10747792548879284, left(srz246186710067)
neg, 0.09363016764644838, left(srz802972829)
neg, 0.09609493625297909, left(srz8029723584)
neg, 0.13815290302824862, left(srz193069226)
neg, 0.21561915279098645, left(srz24618671216)
neg, 0.11688192957054873, left(srz965661711689)
neg, 0.0887268665164327, left(srz27409595925)
neg, 0.09259174908264792, left(srz274095913411)
neg, 0.21561915279098645, left(srz27409594100)
neg, 0.40635621084154055, left(srz246186711200)
neg, 0.09447233311561995, left(srz8029727645)
neg, 0.08762384534061207, left(srz246186716517)
neg, 0.0887268665164327, left(srz193063626)
neg, 0.43024999543214043, left(srz44248272682)
neg, 0.09090821718191328, left(srz193061278)
neg, 0.19701951681629268, left(srz8029726824)
neg, 0.09656552271795196, left(srz96594921662)
neg, 0.11688192957054873, left(srz274095915022)
neg, 0.36040220265655376, left(srz44230444948)
neg, 0.33768125175482216, left(srz44230443210)
neg, 0.09082282791544143, left(srz80297210270)
neg, 0.6928377924762232, left(srz965661713436)
neg, 0.33768125175482216, left(srz44248276302)
neg, 0.23269372339757188, left(srz8029725583)
neg, 0.08762384534061207, left(srz96566173712)
neg, 0.08762384534061207, left(srz8029728775)
neg, 0.40635621084154055, left(srz44230441840)
neg, 0.43024999543214043, left(srz193061714)
neg, 0.11688192957054873, left(srz27409599208)
neg, 0.08762384534061207, left(srz193066773)
neg, 0.5379974749891667, left(srz44230445186)
neg, 0.09941796035347768, left(srz802972183)
neg, 0.11688192957054873, left(srz96594922924)
neg, 0.0887268665164327, left(srz99311012995)
neg, 0.10429965700047668, left(srz993110110883)
neg, 0.09463734954675793, left(srz1930610973)
neg, 0.09463868543959796, left(srz965949213292)
neg, 0.08762384534061207, left(srz8029726057)
neg, 0.08762384534061207, left(srz1930612234)
neg, 0.21561915279098645, left(srz8029727735)
neg, 0.11688192957054873, left(srz8029721336)
neg, 0.08990707212312127, left(srz193065897)
neg, 0.08762384534061207, left(srz4423044360)
neg, 0.10747792548879284, left(srz99311011826)
neg, 0.09965842165547369, left(srz44230445877)
neg, 0.09463734954675793, left(srz44248272666)
neg, 0.09470362628195078, left(srz27409594915)
neg, 0.08969631519377494, left(srz246186715486)
neg, 0.09941796035347768, left(srz96566174621)
neg, 0.6928377924762232, left(srz193064311)
neg, 0.09363016764644838, left(srz96566175273)
neg, 0.09340274269541389, left(srz965949212215)
neg, 0.10429965700047668, left(srz96566172216)
neg, 0.09463868543959796, left(srz99311016284)
neg, 0.43024999543214043, left(srz99311012646)
neg, 0.09463734954675793, left(srz24618673295)
neg, 0.11688192957054873, left(srz27409599172)
neg, 0.09470362628195078, left(srz8029723382)
neg, 0.2522192920344088, left(srz8029728508)
neg, 0.3113054638003522, left(srz8029727008)
neg, 0.08990707212312127, left(srz193065938)
neg, 0.09398249492320182, left(srz96566177750)
neg, 0.10429965700047668, left(srz24618673052)
neg, 0.31607632861215096, left(srz96594922072)
neg, 0.40635621084154055, left(srz8029726652)
neg, 0.31607632861215096, left(srz2461867664)
neg, 0.40635621084154055, left(srz99311015540)
neg, 0.3113054638003522, left(srz24618672451)
neg, 0.33768125175482216, left(srz44230447598)
neg, 0.10747792548879284, left(srz99311011584)
neg, 0.08969631519377494, left(srz2461867712)
neg, 0.10429965700047668, left(srz27409593391)
neg, 0.40635621084154055, left(srz9659492900)
neg, 0.31607632861215096, left(srz193062586)
neg, 0.09762134993398691, left(srz27409598850)
neg, 0.16148710120292242, left(srz965661715207)
neg, 0.08884187788696475, left(srz80297210315)
neg, 0.11688192957054873, left(srz246186714702)
neg, 0.09463868543959796, left(srz1930610027)
neg, 0.09470362628195078, left(srz8029729002)
neg, 0.31607632861215096, left(srz96594926032)
neg, 0.11688192957054873, left(srz274095913817)
neg, 0.09941796035347768, left(srz99311017015)
neg, 0.11688192957054873, left(srz965661711874)
neg, 0.338085635834678, left(srz44248277407)
neg, 0.10429965700047668, left(srz965661711186)
neg, 0.3331641946750168, left(srz44248271347)
neg, 0.10205775805938307, left(srz96594925242)
neg, 0.09608915723563012, left(srz274095914020)
neg, 0.09129785735141506, left(srz44248276624)
neg, 0.09264665702184746, left(srz274095911209)
neg, 0.10747792548879284, left(srz44248271951)
neg, 0.10429965700047668, left(srz274095910835)
neg, 0.31607632861215096, left(srz24618678079)
neg, 0.10429965700047668, left(srz2740959864)
neg, 0.10404929125716667, left(srz246186711530)
neg, 0.09965842165547369, left(srz965949210493)
neg, 0.09070550737270286, left(srz193069302)
neg, 0.2144317939556987, left(srz193066377)
neg, 0.5379974749891667, left(srz9659492217)
neg, 0.09070550737270286, left(srz44230447400)
neg, 0.10205775805938307, left(srz274095912214)
neg, 0.5006733409902656, left(srz96566173865)
neg, 0.33768125175482216, left(srz193067995)
neg, 0.43024999543214043, left(srz44230446050)
neg, 0.08990707212312127, left(srz965949210856)
neg, 0.7077438782664071, left(srz96566177097)
neg, 0.10429965700047668, left(srz27409591960)
neg, 0.09965842165547369, left(srz193068427)
neg, 0.08990707212312127, left(srz193067716)
neg, 0.09259174908264792, left(srz965661715526)
neg, 0.08762384534061207, left(srz27409599539)
neg, 0.3755421821594811, left(srz9659492946)
neg, 0.31607632861215096, left(srz44248277215)
neg, 0.12050413854916141, left(srz993110111107)
neg, 0.08762384534061207, left(srz99311011095)
neg, 0.08762384534061207, left(srz8029724338)
neg, 0.21561915279098645, left(srz96594929493)
neg, 0.0868824920165507, left(srz44248271348)
neg, 0.3113054638003522, left(srz96566173459)
neg, 0.11688192957054873, left(srz96594924160)
neg, 0.08978074992954073, left(srz96566176756)
neg, 0.21561915279098645, left(srz27409594106)
neg, 0.08762384534061207, left(srz44230443799)
neg, 0.33768125175482216, left(srz993110111040)
neg, 0.10404929125716667, left(srz96594929630)
neg, 0.21561915279098645, left(srz965661711891)
neg, 0.0924723759409461, left(srz246186712288)
neg, 0.09363016764644838, left(srz96566175287)
neg, 0.09941796035347768, left(srz44248273688)
neg, 0.43024999543214043, left(srz27409592192)
neg, 0.33768125175482216, left(srz193063084)
neg, 0.09941796035347768, left(srz99311015621)
neg, 0.5854559097590201, left(srz8029722567)
neg, 0.09463734954675793, left(srz96566175179)
neg, 0.3261986113799918, left(srz99311018967)
neg, 0.10429965700047668, left(srz274095911623)
neg, 0.31607632861215096, left(srz99311012371)
neg, 0.10747792548879284, left(srz27409592107)
neg, 0.31607632861215096, left(srz44230442966)
neg, 0.20483954528593876, left(srz193068835)
neg, 0.08990707212312127, left(srz44248275060)
neg, 0.2522192920344088, left(srz44248273378)
neg, 0.5379974749891667, left(srz44248271495)
neg, 0.10747792548879284, left(srz44230441933)
neg, 0.09447233311561995, left(srz99311015641)
neg, 0.31607632861215096, left(srz44248271503)
neg, 0.09168441105486956, left(srz96566176701)
neg, 0.09355835621005208, left(srz44230442461)
neg, 0.09965842165547369, left(srz193062005)
neg, 0.5854559097590201, left(srz965661715017)
neg, 0.338085635834678, left(srz965661713454)
neg, 0.21531360176855996, left(srz96594924051)
neg, 0.10205775805938307, left(srz80297248)
neg, 0.10404929125716667, left(srz44248273689)
neg, 0.08762384534061207, left(srz44248274714)
neg, 0.0992611488082572, left(srz99311013953)
neg, 0.11688192957054873, left(srz274095913908)
neg, 0.10429965700047668, left(srz99311019294)
neg, 0.0887268665164327, left(srz27409595910)
neg, 0.40635621084154055, left(srz8029722070)
neg, 0.08762384534061207, left(srz96594927150)
neg, 0.09407054746139654, left(srz965661714992)
neg, 0.10429965700047668, left(srz8029729352)
neg, 0.31607632861215096, left(srz4424827228)
neg, 0.10747792548879284, left(srz27409599786)
neg, 0.10429965700047668, left(srz96594928073)
neg, 0.0887268665164327, left(srz965661710657)
neg, 0.40635621084154055, left(srz27409593941)
neg, 0.40635621084154055, left(srz96566171928)
neg, 0.4544511178758716, left(srz99311013313)
neg, 0.31607632861215096, left(srz965661710239)
neg, 0.0924723759409461, left(srz27409594601)
neg, 0.28887358464003626, left(srz8029721715)
neg, 0.31607632861215096, left(srz1930611583)
neg, 0.08969631519377494, left(srz44230447950)
neg, 0.09965842165547369, left(srz993110110951)
neg, 0.2161421357982058, left(srz99311012281)
neg, 0.33768125175482216, left(srz96566175776)
neg, 0.10429965700047668, left(srz96566174652)
neg, 0.10747792548879284, left(srz2740959873)
neg, 0.10205775805938307, left(srz274095912200)
neg, 0.09941796035347768, left(srz96566176576)
neg, 0.338085635834678, left(srz965949210173)
neg, 0.08762384534061207, left(srz44248275743)
neg, 0.5854559097590201, left(srz193066157)
neg, 0.09545126812388274, left(srz193068286)
neg, 0.7077438782664071, left(srz193063753)
neg, 0.10205775805938307, left(srz9656617325)
neg, 0.43024999543214043, left(srz24618673694)
neg, 0.09041152568594854, left(srz193061828)
neg, 0.09259174908264792, left(srz24618678136)
neg, 0.1893572335612909, left(srz274095913766)
neg, 0.09398249492320182, left(srz24618675241)
neg, 0.43024999543214043, left(srz96566179212)
neg, 0.10429965700047668, left(srz24618677817)
neg, 0.09941796035347768, left(srz193061038)
neg, 0.338085635834678, left(srz44248277023)
neg, 0.08762384534061207, left(srz44248275719)
neg, 0.09463868543959796, left(srz965661710164)
neg, 0.08958030644887138, left(srz44248274223)
neg, 0.31607632861215096, left(srz44248273793)
neg, 0.10205775805938307, left(srz274095912181)
neg, 0.11688192957054873, left(srz274095916235)
neg, 0.09470362628195078, left(srz8029724865)
neg, 0.40635621084154055, left(srz965661714652)
neg, 0.09608915723563012, left(srz4424827244)
neg, 0.33768125175482216, left(srz96594924009)
neg, 0.40635621084154055, left(srz27409595142)
neg, 0.3711736182300026, left(srz44248275013)
neg, 0.0924723759409461, left(srz246186715222)
neg, 0.43024999543214043, left(srz8029722131)
neg, 0.09965842165547369, left(srz274095910205)
neg, 0.1569926385905161, left(srz965661715187)
neg, 0.09259174908264792, left(srz44230441266)
neg, 0.0868824920165507, left(srz2740959968)
neg, 0.09608915723563012, left(srz96566172575)
neg, 0.10205775805938307, left(srz96566174742)
neg, 0.31607632861215096, left(srz274095911423)
neg, 0.10429965700047668, left(srz993110110328)
neg, 0.10747792548879284, left(srz246186714410)
neg, 0.21561915279098645, left(srz24618671203)
neg, 0.08969631519377494, left(srz2461867722)
neg, 0.08990707212312127, left(srz193065866)
neg, 0.23269372339757188, left(srz27409591132)
neg, 0.10429965700047668, left(srz24618678651)
neg, 0.2144317939556987, left(srz19306769)
neg, 0.23784265859764414, left(srz44230442372)
neg, 0.09447386570887614, left(srz96566171349)
neg, 0.33768125175482216, left(srz24618676584)
neg, 0.31607632861215096, left(srz44248273779)
neg, 0.10747792548879284, left(srz274095910057)
neg, 0.6788760557584537, left(srz965949211217)
neg, 0.09965842165547369, left(srz193068246)
neg, 0.08762384534061207, left(srz96594927028)
neg, 0.09224747701105376, left(srz96594929743)
neg, 0.09041152568594854, left(srz80297210893)
neg, 0.11688192957054873, left(srz274095913913)
neg, 0.36040220265655376, left(srz44248273156)
neg, 0.09470362628195078, left(srz96594921060)
neg, 0.09463734954675793, left(srz19306587)
neg, 0.3113054638003522, left(srz965661715768)
neg, 0.0887268665164327, left(srz44248276786)
neg, 0.09363016764644838, left(srz96566175305)
neg, 0.10404929125716667, left(srz27409597096)
neg, 0.21561915279098645, left(srz24618671163)
neg, 0.10205775805938307, left(srz27409597111)
neg, 0.36040220265655376, left(srz44230443327)
neg, 0.10429965700047668, left(srz274095916852)
neg, 0.09463868543959796, left(srz96566178559)
neg, 0.09447233311561995, left(srz442304484)
neg, 0.2522192920344088, left(srz96594925981)
neg, 0.3711736182300026, left(srz99311014692)
neg, 0.43024999543214043, left(srz246186713585)
neg, 0.34855354714672426, left(srz246186710435)
neg, 0.10205775805938307, left(srz27409591554)
neg, 0.09609493625297909, left(srz193062533)
neg, 0.0887268665164327, left(srz99311013140)
neg, 0.43024999543214043, left(srz24618672238)
neg, 0.10747792548879284, left(srz274095917065)
neg, 0.10205775805938307, left(srz246186713093)
neg, 0.21561915279098645, left(srz27409593996)
neg, 0.0887268665164327, left(srz8029727572)
neg, 0.0887268665164327, left(srz44248275289)
neg, 0.09463868543959796, left(srz274095912904)
neg, 0.11688192957054873, left(srz99311014760)
neg, 0.36040220265655376, left(srz44230445092)
neg, 0.09965842165547369, left(srz9656617821)
neg, 0.08762384534061207, left(srz44230441607)
neg, 0.34814322782325435, left(srz1930612023)
neg, 0.3113054638003522, left(srz8029721395)
neg, 0.10429965700047668, left(srz27409596934)
neg, 0.09224747701105376, left(srz8029726200)
neg, 0.31607632861215096, left(srz44230443359)
neg, 0.6928377924762232, left(srz27409598048)
neg, 0.12280640097404143, left(srz99311018547)
neg, 0.36040220265655376, left(srz246186715657)
neg, 0.09609493625297909, left(srz44230444975)
neg, 0.08762384534061207, left(srz8029729302)
neg, 0.0924723759409461, left(srz193066999)
neg, 0.08762384534061207, left(srz27409599604)
neg, 0.43024999543214043, left(srz8029725665)
neg, 0.09224747701105376, left(srz993110111550)
neg, 0.09608915723563012, left(srz274095915790)
neg, 0.08990707212312127, left(srz44248275251)
neg, 0.33768125175482216, left(srz993110111039)
neg, 0.15773133899215042, left(srz96566176808)
neg, 0.3261986113799918, left(srz4424827278)
neg, 0.09398249492320182, left(srz96566177765)
neg, 0.31607632861215096, left(srz44248273126)
neg, 0.43024999543214043, left(srz993110127)
neg, 0.0958193856345921, left(srz96594929904)
neg, 0.11688192957054873, left(srz193061529)
neg, 0.08762384534061207, left(srz44248278029)
neg, 0.08762384534061207, left(srz44248274328)
neg, 0.09470362628195078, left(srz44230442634)
neg, 0.08990707212312127, left(srz8029723741)
neg, 0.08762384534061207, left(srz44248274400)
neg, 0.10747792548879284, left(srz99311019772)
neg, 0.09965842165547369, left(srz44248271983)
neg, 0.40635621084154055, left(srz193061732)
neg, 0.43024999543214043, left(srz96594928098)
neg, 0.09363016764644838, left(srz96566173355)
neg, 0.0924723759409461, left(srz27409594591)
neg, 0.0887268665164327, left(srz246186710733)
neg, 0.09168441105486956, left(srz24618676352)
neg, 0.33768125175482216, left(srz44230441830)
neg, 0.21561915279098645, left(srz27409593832)
neg, 0.10205775805938307, left(srz96594929565)
neg, 0.10429965700047668, left(srz99311015460)
neg, 0.10205775805938307, left(srz96594925213)
neg, 0.08928961349481537, left(srz27409594219)
neg, 0.10205775805938307, left(srz96594925270)
neg, 0.08762384534061207, left(srz8029728923)
neg, 0.08762384534061207, left(srz44230446737)
neg, 0.09490985775752864, left(srz8029727800)
neg, 0.2522192920344088, left(srz246186714744)
neg, 0.09700154491364789, left(srz802972852)
neg, 0.10429965700047668, left(srz24618678647)
neg, 0.10747792548879284, left(srz44230445014)
neg, 0.11688192957054873, left(srz44248277837)
neg, 0.17064270533827597, left(srz44248277703)
neg, 0.09490985775752864, left(srz44230446427)
neg, 0.09470362628195078, left(srz8029729011)
neg, 0.338085635834678, left(srz8029725500)
neg, 0.33768125175482216, left(srz99311013695)
neg, 0.08762384534061207, left(srz246186716521)
neg, 0.09941796035347768, left(srz993110110995)
neg, 0.7077438782664071, left(srz99311012823)
neg, 0.08762384534061207, left(srz8029729110)
neg, 0.10747792548879284, left(srz24618675081)
neg, 0.08990707212312127, left(srz193063591)
neg, 0.10205775805938307, left(srz9656617163)
neg, 0.0887268665164327, left(srz44248276743)
neg, 0.5854559097590201, left(srz4424827555)
neg, 0.10404929125716667, left(srz24618679185)
neg, 0.10429965700047668, left(srz96566171541)
neg, 0.2161421357982058, left(srz99311015137)
neg, 0.11688192957054873, left(srz8029725787)
neg, 0.08762384534061207, left(srz44230446567)
neg, 0.09608915723563012, left(srz24618676153)
neg, 0.43024999543214043, left(srz274095911975)
neg, 0.09609493625297909, left(srz96566175865)
neg, 0.09447386570887614, left(srz246186710495)
neg, 0.10429965700047668, left(srz24618673787)
neg, 0.31607632861215096, left(srz96566172903)
neg, 0.08762384534061207, left(srz246186717139)
neg, 0.31607632861215096, left(srz96594922501)
neg, 0.11688192957054873, left(srz44230444226)
neg, 0.11688192957054873, left(srz44230444219)
neg, 0.09447386570887614, left(srz44248277541)
neg, 0.08762384534061207, left(srz965949213844)
neg, 0.08762384534061207, left(srz27409597390)
neg, 0.09463868543959796, left(srz193065211)
neg, 0.0887268665164327, left(srz44230445604)
neg, 0.09447233311561995, left(srz965661712245)
neg, 0.31607632861215096, left(srz193062715)
neg, 0.09363016764644838, left(srz24618679909)
neg, 0.2144317939556987, left(srz8029726758)
neg, 0.09447233311561995, left(srz27409591756)
neg, 0.10429965700047668, left(srz96566175228)
neg, 0.33768125175482216, left(srz99311018357)
neg, 0.09470362628195078, left(srz27409595724)
neg, 0.21531360176855996, left(srz44230444030)
neg, 0.40635621084154055, left(srz193065417)
neg, 0.21561915279098645, left(srz44230441052)
neg, 0.10404929125716667, left(srz96594921183)
neg, 0.33768125175482216, left(srz193064509)
neg, 0.2144317939556987, left(srz96566171852)
neg, 0.10429965700047668, left(srz274095911465)
neg, 0.21561915279098645, left(srz24618671239)
neg, 0.09608915723563012, left(srz96566175390)
neg, 0.33768125175482216, left(srz2740959582)
neg, 0.33768125175482216, left(srz96594928223)
neg, 0.33768125175482216, left(srz8029722790)
neg, 0.10429965700047668, left(srz274095915420)
neg, 0.22014123864636012, left(srz99311019125)
neg, 0.0992611488082572, left(srz99311011752)
neg, 0.21561915279098645, left(srz27409591425)
neg, 0.10747792548879284, left(srz96566178133)
neg, 0.09463868543959796, left(srz193065764)
neg, 0.11688192957054873, left(srz9931101897)
neg, 0.09941796035347768, left(srz96594925127)
neg, 0.09463734954675793, left(srz1930610966)
neg, 0.08762384534061207, left(srz44230443794)
neg, 0.10205775805938307, left(srz96566174928)
neg, 0.08762384534061207, left(srz44248275691)
neg, 0.19918329105392513, left(srz965949211791)
neg, 0.3261986113799918, left(srz193069691)
neg, 0.08762384534061207, left(srz99311013783)
neg, 0.10429965700047668, left(srz27409596103)
neg, 0.08762384534061207, left(srz99311013817)
neg, 0.08762384534061207, left(srz44230441633)
neg, 0.10205775805938307, left(srz44248277513)
neg, 0.0937508809907689, left(srz99311015454)
neg, 0.09264665702184746, left(srz44230442596)
neg, 0.09941796035347768, left(srz965949211478)
neg, 0.34814322782325435, left(srz96594927815)
neg, 0.43024999543214043, left(srz246186716695)
neg, 0.0887268665164327, left(srz193063719)
neg, 0.33768125175482216, left(srz44248276077)
neg, 0.09363016764644838, left(srz1930611137)
neg, 0.09490985775752864, left(srz44248272601)
neg, 0.10747792548879284, left(srz193069006)
neg, 0.338085635834678, left(srz965949210168)
neg, 0.6370360364783444, left(srz27409595579)
neg, 0.0887268665164327, left(srz99311012984)
neg, 0.08762384534061207, left(srz99311013819)
neg, 0.09224747701105376, left(srz193065183)
neg, 0.10747792548879284, left(srz274095915294)
neg, 0.08762384534061207, left(srz274095912396)
neg, 0.0937508809907689, left(srz1930611072)
neg, 0.08762384534061207, left(srz4424827362)
neg, 0.09352319308513994, left(srz99311012932)
neg, 0.22014123864636012, left(srz99311019797)
neg, 0.33768125175482216, left(srz246186713777)
neg, 0.11688192957054873, left(srz965661711699)
neg, 0.10747792548879284, left(srz274095917070)
neg, 0.31607632861215096, left(srz993110152)
neg, 0.08990707212312127, left(srz8029727411)
neg, 0.09762134993398691, left(srz965661710124)
neg, 0.33768125175482216, left(srz96566178276)
neg, 0.08762384534061207, left(srz4424827388)
neg, 0.10747792548879284, left(srz246186714295)
neg, 0.10747792548879284, left(srz193061921)
neg, 0.3113054638003522, left(srz993110112186)
neg, 0.0887268665164327, left(srz193066013)
neg, 0.17064270533827597, left(srz44248277732)
neg, 0.43024999543214043, left(srz96594924495)
neg, 0.08990707212312127, left(srz44248275215)
neg, 0.33768125175482216, left(srz193067988)
neg, 0.43024999543214043, left(srz274095916110)
neg, 0.11688192957054873, left(srz965949212079)
neg, 0.095140567258244, left(srz44248275933)
neg, 0.10205775805938307, left(srz80297267)
neg, 0.43024999543214043, left(srz96566178156)
neg, 0.33768125175482216, left(srz44230441802)
neg, 0.08762384534061207, left(srz8029725906)
neg, 0.33768125175482216, left(srz44230447759)
neg, 0.09608915723563012, left(srz246186715675)
neg, 0.11688192957054873, left(srz8029721489)
neg, 0.31607632861215096, left(srz44230444674)
neg, 0.09470362628195078, left(srz27409595006)
neg, 0.10747792548879284, left(srz99311019777)
neg, 0.338085635834678, left(srz274095910360)
neg, 0.10747792548879284, left(srz80297210936)
neg, 0.08762384534061207, left(srz274095912390)
neg, 0.40635621084154055, left(srz193061721)
neg, 0.0958193856345921, left(srz8029722323)
neg, 0.09656552271795196, left(srz4423044119)
neg, 0.40635621084154055, left(srz27409594661)
neg, 0.10747792548879284, left(srz8029724392)
neg, 0.09340274269541389, left(srz44248278252)
neg, 0.21531360176855996, left(srz96594923940)
neg, 0.3113054638003522, left(srz24618673533)
neg, 0.09463868543959796, left(srz965949214055)
neg, 0.36040220265655376, left(srz27409592705)
neg, 0.10429965700047668, left(srz44230443171)
neg, 0.10747792548879284, left(srz96594928096)
neg, 0.0937508809907689, left(srz246186714120)
neg, 0.08762384534061207, left(srz2740959137)
neg, 0.08762384534061207, left(srz27409599470)
neg, 0.36040220265655376, left(srz44230441451)
neg, 0.10404929125716667, left(srz1930610133)
neg, 0.43024999543214043, left(srz8029726342)
neg, 0.09608915723563012, left(srz8029724538)
neg, 0.10747792548879284, left(srz193063072)
neg, 0.09609493625297909, left(srz193062535)
neg, 0.08990707212312127, left(srz1930610256)
neg, 0.09226005588983227, left(srz2461867196)
neg, 0.09656552271795196, left(srz1930660)
neg, 0.23784265859764414, left(srz8029725171)
neg, 0.1433931609136935, left(srz8029726566)
neg, 0.23269372339757188, left(srz274095915983)
neg, 0.31607632861215096, left(srz274095910576)
neg, 0.5379974749891667, left(srz965949211646)
neg, 0.08762384534061207, left(srz96566173663)
neg, 0.31607632861215096, left(srz44230445100)
neg, 0.0992611488082572, left(srz9659492948)
neg, 0.10747792548879284, left(srz274095910060)
neg, 0.09608915723563012, left(srz8029721192)
neg, 0.09632821988167461, left(srz193067482)
neg, 0.10429965700047668, left(srz246186711106)
neg, 0.36040220265655376, left(srz8029722542)
neg, 0.31607632861215096, left(srz24618674465)
neg, 0.338085635834678, left(srz24618676714)
neg, 0.43024999543214043, left(srz274095916116)
neg, 0.21531360176855996, left(srz246186715989)
neg, 0.31607632861215096, left(srz96594922058)
neg, 0.09447386570887614, left(srz99311018516)
neg, 0.09363016764644838, left(srz96566173371)
neg, 0.36040220265655376, left(srz8029724775)
neg, 0.08762384534061207, left(srz24618672347)
neg, 0.09490985775752864, left(srz802972157)
neg, 0.31607632861215096, left(srz96594928518)
neg, 0.43024999543214043, left(srz24618674161)
neg, 0.33768125175482216, left(srz24618674975)
neg, 0.36040220265655376, left(srz274095911893)
neg, 0.3113054638003522, left(srz802972659)
neg, 0.10747792548879284, left(srz965949210107)
neg, 0.09470362628195078, left(srz44230442655)
neg, 0.09104766044741505, left(srz99311011687)
neg, 0.09470362628195078, left(srz96594922365)
neg, 0.20483954528593876, left(srz193069666)
neg, 0.08762384534061207, left(srz96566177849)
neg, 0.09463868543959796, left(srz8029721982)
neg, 0.08762384534061207, left(srz27409599644)
neg, 0.10747792548879284, left(srz246186715762)
neg, 0.09447233311561995, left(srz4424827531)
neg, 0.10404929125716667, left(srz965949210689)
neg, 0.10404929125716667, left(srz8029727281)
neg, 0.22014123864636012, left(srz8029723165)
neg, 0.0877375645898625, left(srz99311016856)
neg, 0.36040220265655376, left(srz96594924645)
neg, 0.0887268665164327, left(srz193063840)
neg, 0.10747792548879284, left(srz193063843)
neg, 0.08762384534061207, left(srz8029728886)
neg, 0.21561915279098645, left(srz965661715953)
neg, 0.3113054638003522, left(srz99311016581)
neg, 0.6928377924762232, left(srz8029724685)
neg, 0.08762384534061207, left(srz965661712144)
neg, 0.31607632861215096, left(srz802972679)
neg, 0.09608915723563012, left(srz27409595354)
neg, 0.09340274269541389, left(srz99311016997)
neg, 0.3261986113799918, left(srz27409599316)
neg, 0.31607632861215096, left(srz24618673933)
neg, 0.40635621084154055, left(srz27409595137)
neg, 0.43024999543214043, left(srz96566177291)
neg, 0.09965842165547369, left(srz193064371)
neg, 0.21561915279098645, left(srz193061622)
neg, 0.0958193856345921, left(srz993110110500)
neg, 0.09941796035347768, left(srz4424827159)
neg, 0.31607632861215096, left(srz8029723065)
neg, 0.10747792548879284, left(srz802972474)
neg, 0.11688192957054873, left(srz965661715885)
neg, 0.08762384534061207, left(srz99311011060)
neg, 0.08762384534061207, left(srz8029728915)
neg, 0.0868824920165507, left(srz24618673961)
neg, 0.10404929125716667, left(srz96594925203)
neg, 0.21561915279098645, left(srz27409594131)
neg, 0.10404929125716667, left(srz8029723538)
neg, 0.10205775805938307, left(srz965661712266)
neg, 0.40635621084154055, left(srz193068013)
neg, 0.31607632861215096, left(srz24618676823)
neg, 0.10404929125716667, left(srz44248271125)
neg, 0.09941796035347768, left(srz1930610189)
neg, 0.5854559097590201, left(srz24618674804)
neg, 0.2522192920344088, left(srz99311012054)
neg, 0.09470362628195078, left(srz99311014202)
neg, 0.08762384534061207, left(srz193063951)
neg, 0.6370360364783444, left(srz965661713438)
neg, 0.28887358464003626, left(srz96566175337)
neg, 0.10429965700047668, left(srz274095911969)
neg, 0.3261986113799918, left(srz8029727750)
neg, 0.33768125175482216, left(srz27409599745)
neg, 0.08762384534061207, left(srz193064903)
neg, 0.09965842165547369, left(srz19306241)
neg, 0.19918329105392513, left(srz4423044928)
neg, 0.08762384534061207, left(srz44230446674)
neg, 0.43024999543214043, left(srz965949210141)
neg, 0.33186072259198907, left(srz44230444572)
neg, 0.10429965700047668, left(srz246186711101)
neg, 0.09965842165547369, left(srz24618676722)
neg, 0.0887268665164327, left(srz99311018720)
neg, 0.08762384534061207, left(srz8029728824)
neg, 0.0958193856345921, left(srz8029729646)
neg, 0.21531360176855996, left(srz8029722640)
neg, 0.10205775805938307, left(srz24618679222)
neg, 0.40635621084154055, left(srz193067369)
neg, 0.3113054638003522, left(srz965661715830)
neg, 0.43024999543214043, left(srz274095910025)
neg, 0.11688192957054873, left(srz99311014922)
neg, 0.33768125175482216, left(srz8029728561)
neg, 0.40635621084154055, left(srz24618673508)
neg, 0.40635621084154055, left(srz44248274512)
neg, 0.08884187788696475, left(srz44230445358)
neg, 0.09965842165547369, left(srz24618676721)
neg, 0.10429965700047668, left(srz246186711515)
neg, 0.40635621084154055, left(srz24618674681)
neg, 0.33768125175482216, left(srz965661713875)
neg, 0.0887268665164327, left(srz193066098)
neg, 0.09941796035347768, left(srz1930610045)
neg, 0.12050413854916141, left(srz193069567)
neg, 0.21561915279098645, left(srz1930611938)
neg, 0.31607632861215096, left(srz8029726392)
neg, 0.09332796036453707, left(srz96594922220)
neg, 0.09941796035347768, left(srz8029728058)
neg, 0.08978074992954073, left(srz96594924586)
neg, 0.0868824920165507, left(srz96594928958)
neg, 0.7077438782664071, left(srz96566174422)
neg, 0.10205775805938307, left(srz27409597122)
neg, 0.5006733409902656, left(srz8029724258)
neg, 0.09264665702184746, left(srz8029726172)
neg, 0.31607632861215096, left(srz193065569)
neg, 0.08762384534061207, left(srz193064881)
neg, 0.31607632861215096, left(srz80297210042)
neg, 0.3113054638003522, left(srz96566173463)
neg, 0.15300826997762046, left(srz8029721039)
neg, 0.43024999543214043, left(srz44248272852)
neg, 0.43024999543214043, left(srz24618672476)
neg, 0.08762384534061207, left(srz27409597385)
neg, 0.08762384534061207, left(srz193069454)
neg, 0.09470362628195078, left(srz96594922114)
neg, 0.08762384534061207, left(srz246186716492)
neg, 0.12050413854916141, left(srz44248278196)
neg, 0.08797708080886504, left(srz4423044685)
neg, 0.09463734954675793, left(srz96566178096)
neg, 0.10429965700047668, left(srz274095911515)
neg, 0.10205775805938307, left(srz193068945)
neg, 0.09941796035347768, left(srz274095911823)
neg, 0.31607632861215096, left(srz993110110406)
neg, 0.09090821718191328, left(srz96566176999)
neg, 0.22014123864636012, left(srz8029726341)
neg, 0.10747792548879284, left(srz274095915603)
neg, 0.09104766044741505, left(srz44230448400)
neg, 0.08762384534061207, left(srz965949212696)
neg, 0.31607632861215096, left(srz193062791)
neg, 0.08762384534061207, left(srz99311016095)
neg, 0.10747792548879284, left(srz19306109)
neg, 0.09490985775752864, left(srz9656617787)
neg, 0.0950214811393834, left(srz8029729357)
neg, 0.10205775805938307, left(srz24618675704)
neg, 0.10205775805938307, left(srz8029726143)
neg, 0.43024999543214043, left(srz27409591139)
neg, 0.23269372339757188, left(srz965949212951)
neg, 0.09609493625297909, left(srz99311015409)
neg, 0.43024999543214043, left(srz274095911600)
neg, 0.08762384534061207, left(srz246186717130)
neg, 0.09264665702184746, left(srz246186710674)
neg, 0.43024999543214043, left(srz44248276115)
neg, 0.10205775805938307, left(srz96594921339)
neg, 0.09470362628195078, left(srz44230447367)
neg, 0.09090821718191328, left(srz96594927441)
neg, 0.11688192957054873, left(srz246186711907)
neg, 0.10429965700047668, left(srz24618671933)
neg, 0.08958030644887138, left(srz24618672328)
neg, 0.09340274269541389, left(srz44248273686)
neg, 0.10205775805938307, left(srz24618679332)
neg, 0.09609493625297909, left(srz96566178230)
neg, 0.31607632861215096, left(srz24618671378)
neg, 0.09363016764644838, left(srz96566174085)
neg, 0.08762384534061207, left(srz4424827316)
neg, 0.5854559097590201, left(srz96566171764)
neg, 0.5169565646748872, left(srz2461867666)
neg, 0.5379974749891667, left(srz80297210613)
neg, 0.09352319308513994, left(srz193063464)
neg, 0.43024999543214043, left(srz274095916577)
neg, 0.08762384534061207, left(srz193064910)
neg, 0.11688192957054873, left(srz4424827898)
neg, 0.0937508809907689, left(srz8029722440)
neg, 0.11688192957054873, left(srz44230447056)
neg, 0.10404929125716667, left(srz44248277539)
neg, 0.11688192957054873, left(srz96594924158)
neg, 0.0924723759409461, left(srz9656617721)
neg, 0.11688192957054873, left(srz8029721482)
neg, 0.10205775805938307, left(srz965661710438)
neg, 0.34855354714672426, left(srz44230445716)
neg, 0.09608915723563012, left(srz27409595636)
neg, 0.08762384534061207, left(srz99311016042)
neg, 0.08762384534061207, left(srz193064058)
neg, 0.33768125175482216, left(srz246186714480)
neg, 0.08990707212312127, left(srz193065986)
neg, 0.21561915279098645, left(srz27409591442)
neg, 0.09440773299953088, left(srz965661710295)
neg, 0.09259174908264792, left(srz965661711491)
neg, 0.6370360364783444, left(srz44248276209)
neg, 0.11688192957054873, left(srz96566178918)
neg, 0.43024999543214043, left(srz24618676214)
neg, 0.43024999543214043, left(srz96566179109)
neg, 0.43024999543214043, left(srz8029723030)
neg, 0.2605058195600784, left(srz193069669)
neg, 0.33768125175482216, left(srz9656617941)
neg, 0.08990707212312127, left(srz193065917)
neg, 0.08762384534061207, left(srz96594928692)
neg, 0.7077438782664071, left(srz44248273801)
neg, 0.0887268665164327, left(srz44248276789)
neg, 0.0992611488082572, left(srz965661714739)
neg, 0.08762384534061207, left(srz44230443717)
neg, 0.21561915279098645, left(srz9931101715)
neg, 0.43024999543214043, left(srz965949212579)
neg, 0.15773133899215042, left(srz96594923132)
neg, 0.33768125175482216, left(srz8029722783)
neg, 0.10429965700047668, left(srz2461867344)
neg, 0.10747792548879284, left(srz993110110442)
neg, 0.31607632861215096, left(srz96594929067)
neg, 0.08762384534061207, left(srz965661714247)
neg, 0.0887268665164327, left(srz965949211017)
neg, 0.08762384534061207, left(srz193069416)
neg, 0.23269372339757188, left(srz4424827715)
neg, 0.10747792548879284, left(srz27409592095)
neg, 0.09340274269541389, left(srz193064359)
neg, 0.10205775805938307, left(srz96594925261)
neg, 0.43024999543214043, left(srz96594924489)
neg, 0.08762384534061207, left(srz246186717196)
neg, 0.09998224625624681, left(srz8029728130)
neg, 0.09463868543959796, left(srz1930610839)
neg, 0.10747792548879284, left(srz274095910049)
neg, 0.23269372339757188, left(srz27409591624)
neg, 0.09609493625297909, left(srz8029728082)
neg, 0.10747792548879284, left(srz8029729383)
neg, 0.3261986113799918, left(srz99311017772)
neg, 0.09965842165547369, left(srz193063064)
neg, 0.40635621084154055, left(srz99311016233)
neg, 0.08762384534061207, left(srz99311011055)
neg, 0.09090821718191328, left(srz96566171209)
neg, 0.08797708080886504, left(srz246186715720)
neg, 0.10747792548879284, left(srz27409597528)
neg, 0.43024999543214043, left(srz274095910535)
neg, 0.33768125175482216, left(srz8029728488)
neg, 0.10205775805938307, left(srz965661710382)
neg, 0.338085635834678, left(srz44248271575)
neg, 0.21561915279098645, left(srz24618677579)
neg, 0.08762384534061207, left(srz193069528)
neg, 0.40635621084154055, left(srz44230443376)
neg, 0.09470362628195078, left(srz27409594906)
neg, 0.3113054638003522, left(srz96594929042)
neg, 0.23269372339757188, left(srz4424827663)
neg, 0.08990707212312127, left(srz8029727388)
neg, 0.13952275334673125, left(srz193068494)
neg, 0.09264665702184746, left(srz246186715919)
neg, 0.31607632861215096, left(srz44230444558)
neg, 0.08928961349481537, left(srz96566173850)
neg, 0.08762384534061207, left(srz44230446703)
neg, 0.33768125175482216, left(srz27409599905)
neg, 0.10747792548879284, left(srz274095917034)
neg, 0.08762384534061207, left(srz193069414)
neg, 0.10747792548879284, left(srz44230447486)
neg, 0.21561915279098645, left(srz96566176178)
neg, 0.10747792548879284, left(srz99311014385)
neg, 0.21531360176855996, left(srz8029722629)
neg, 0.08762384534061207, left(srz246186713337)
neg, 0.10429965700047668, left(srz27409594503)
neg, 0.40635621084154055, left(srz24618674859)
neg, 0.09490985775752864, left(srz44230442486)
neg, 0.09104766044741505, left(srz44230442984)
neg, 0.0937508809907689, left(srz193066605)
neg, 0.3113054638003522, left(srz44248274892)
neg, 0.08762384534061207, left(srz99311015945)
neg, 0.09762134993398691, left(srz246186712752)
neg, 0.09609493625297909, left(srz96594925144)
neg, 0.08762384534061207, left(srz80297210414)
neg, 0.33768125175482216, left(srz24618676110)
neg, 0.11688192957054873, left(srz44230447121)
neg, 0.09470362628195078, left(srz27409595714)
neg, 0.09129785735141506, left(srz27409596565)
neg, 0.3261986113799918, left(srz96594924194)
neg, 0.0887268665164327, left(srz193066004)
neg, 0.08762384534061207, left(srz44248274686)
neg, 0.5379974749891667, left(srz1930611418)
neg, 0.09168441105486956, left(srz27409597752)
neg, 0.09965842165547369, left(srz96594928537)
neg, 0.2605058195600784, left(srz1930612112)
neg, 0.09470362628195078, left(srz24618673337)
neg, 0.31607632861215096, left(srz96566176050)
neg, 0.08762384534061207, left(srz193063948)
neg, 0.34814322782325435, left(srz965949213271)
neg, 0.33768125175482216, left(srz193063091)
neg, 0.33768125175482216, left(srz193063167)
neg, 0.31607632861215096, left(srz24618672682)
neg, 0.21561915279098645, left(srz27409593863)
neg, 0.11688192957054873, left(srz44248277621)
neg, 0.338085635834678, left(srz80297210622)
neg, 0.09463734954675793, left(srz44230441204)
neg, 0.09352319308513994, left(srz44230442482)
neg, 0.23784265859764414, left(srz96566178335)
neg, 0.338085635834678, left(srz965949210175)
neg, 0.08762384534061207, left(srz193063978)
neg, 0.08762384534061207, left(srz96566175447)
neg, 0.09224747701105376, left(srz965949211166)
neg, 0.10429965700047668, left(srz27409591918)
neg, 0.33768125175482216, left(srz2461867632)
neg, 0.1569926385905161, left(srz193065143)
neg, 0.08762384534061207, left(srz99311016035)
neg, 0.31607632861215096, left(srz24618677367)
neg, 0.43024999543214043, left(srz8029722999)
neg, 0.0868824920165507, left(srz246186710455)
neg, 0.16148710120292242, left(srz965661715194)
neg, 0.10429965700047668, left(srz44230445812)
neg, 0.08762384534061207, left(srz99311019610)
neg, 0.31607632861215096, left(srz24618671384)
neg, 0.4544511178758716, left(srz8029724537)
neg, 0.10747792548879284, left(srz96594928244)
neg, 0.23269372339757188, left(srz4424827628)
neg, 0.3711736182300026, left(srz1930610159)
neg, 0.08797708080886504, left(srz802972359)
neg, 0.09259174908264792, left(srz965661712919)
neg, 0.33768125175482216, left(srz193065480)
neg, 0.19918329105392513, left(srz24618677315)
neg, 0.5379974749891667, left(srz1930611388)
neg, 0.10429965700047668, left(srz27409593413)
neg, 0.09447233311561995, left(srz965661714415)
neg, 0.2522192920344088, left(srz193061452)
neg, 0.10205775805938307, left(srz965661710423)
neg, 0.09486880485969293, left(srz44230447847)
neg, 0.31607632861215096, left(srz80297210057)
neg, 0.11688192957054873, left(srz44248277769)
neg, 0.0924723759409461, left(srz19306137)
neg, 0.43024999543214043, left(srz274095910528)
neg, 0.43024999543214043, left(srz193066206)
neg, 0.34814322782325435, left(srz44248271052)
neg, 0.10429965700047668, left(srz8029724298)
neg, 0.19918329105392513, left(srz96594922793)
neg, 0.09700154491364789, left(srz993110112032)
neg, 0.09463868543959796, left(srz8029728076)
neg, 0.13952275334673125, left(srz9659492629)
neg, 0.21561915279098645, left(srz27409591368)
neg, 0.09463868543959796, left(srz965661714905)
neg, 0.21561915279098645, left(srz44248272410)
neg, 0.08762384534061207, left(srz8029724318)
neg, 0.10205775805938307, left(srz965661710409)
neg, 0.0992611488082572, left(srz9931101520)
neg, 0.34814322782325435, left(srz1930612027)
neg, 0.338085635834678, left(srz80297210653)
neg, 0.08762384534061207, left(srz44248274394)
neg, 0.40635621084154055, left(srz993110110145)
neg, 0.31607632861215096, left(srz274095914852)
neg, 0.08762384534061207, left(srz44230443735)
neg, 0.08762384534061207, left(srz44248278140)
neg, 0.08762384534061207, left(srz246186710808)
neg, 0.09340274269541389, left(srz9931101252)
neg, 0.08762384534061207, left(srz96594928798)
neg, 0.40635621084154055, left(srz965661713172)
neg, 0.09463868543959796, left(srz993110111776)
neg, 0.13952275334673125, left(srz24618675585)
neg, 0.09340274269541389, left(srz96594921732)
neg, 0.21531360176855996, left(srz44230443971)
neg, 0.09463868543959796, left(srz44248278235)
neg, 0.08762384534061207, left(srz8029728785)
neg, 0.08762384534061207, left(srz96566174965)
neg, 0.21531360176855996, left(srz8029722630)
neg, 0.10747792548879284, left(srz246186712855)
neg, 0.08762384534061207, left(srz965949212693)
neg, 0.08762384534061207, left(srz965949212894)
neg, 0.10429965700047668, left(srz24618673062)
neg, 0.13952275334673125, left(srz8029728761)
neg, 0.0887268665164327, left(srz27409595845)
neg, 0.09470362628195078, left(srz965661713226)
neg, 0.11688192957054873, left(srz8029721516)
neg, 0.09700154491364789, left(srz193064830)
neg, 0.08762384534061207, left(srz965661714347)
neg, 0.095140567258244, left(srz965949213981)
neg, 0.09259174908264792, left(srz965949212158)
neg, 0.09608915723563012, left(srz9659492928)
neg, 0.22014123864636012, left(srz274095915108)
neg, 0.10429965700047668, left(srz27409593477)
neg, 0.08762384534061207, left(srz99311015995)
neg, 0.33768125175482216, left(srz246186716290)
neg, 0.0887268665164327, left(srz24618675893)
neg, 0.10205775805938307, left(srz246186713089)
neg, 0.09762134993398691, left(srz193062108)
neg, 0.08969631519377494, left(srz193069238)
neg, 0.09965842165547369, left(srz9656617826)
neg, 0.09463734954675793, left(srz44230441200)
neg, 0.0868824920165507, left(srz965949210062)
neg, 0.09941796035347768, left(srz80297210890)
neg, 0.09608915723563012, left(srz27409592775)
neg, 0.10429965700047668, left(srz8029723331)
neg, 0.08762384534061207, left(srz8029728892)
neg, 0.09762134993398691, left(srz99311011726)
neg, 0.09608915723563012, left(srz274095914048)
neg, 0.09398249492320182, left(srz99311015647)
neg, 0.31607632861215096, left(srz24618671489)
neg, 0.43024999543214043, left(srz9656617980)
neg, 0.08958030644887138, left(srz44230445842)
neg, 0.09363016764644838, left(srz96566171965)
neg, 0.08762384534061207, left(srz965949213712)
neg, 0.43024999543214043, left(srz96566179208)
neg, 0.33768125175482216, left(srz27409593557)
neg, 0.09016603697229966, left(srz27409593674)
neg, 0.09259174908264792, left(srz44230445910)
neg, 0.40635621084154055, left(srz27409594795)
neg, 0.19918329105392513, left(srz4423044839)
neg, 0.5169565646748872, left(srz965661711363)
neg, 0.09447386570887614, left(srz99311017453)
neg, 0.09608915723563012, left(srz24618677217)
neg, 0.08762384534061207, left(srz44230446534)
neg, 0.10404929125716667, left(srz965949213188)
neg, 0.09490985775752864, left(srz8029725127)
neg, 0.09941796035347768, left(srz27409595526)
neg, 0.09447386570887614, left(srz96594925165)
neg, 0.40635621084154055, left(srz9656617673)
neg, 0.40635621084154055, left(srz193064189)
neg, 0.33768125175482216, left(srz44230444074)
neg, 0.08969631519377494, left(srz274095910128)
neg, 0.36040220265655376, left(srz24618672500)
neg, 0.43024999543214043, left(srz44230444937)
neg, 0.33768125175482216, left(srz246186714441)
neg, 0.09941796035347768, left(srz44230442469)
neg, 0.3711736182300026, left(srz80297210092)
neg, 0.33768125175482216, left(srz4424827219)
neg, 0.2144317939556987, left(srz246186711504)
neg, 0.09608915723563012, left(srz24618672533)
neg, 0.0924723759409461, left(srz44230441300)
neg, 0.10404929125716667, left(srz965949213027)
neg, 0.11688192957054873, left(srz8029721531)
neg, 0.33768125175482216, left(srz96566171038)
neg, 0.08762384534061207, left(srz96566173605)
neg, 0.10205775805938307, left(srz96566174752)
neg, 0.08762384534061207, left(srz8029725910)
neg, 0.43024999543214043, left(srz24618674147)
neg, 0.31607632861215096, left(srz274095911414)
neg, 0.11688192957054873, left(srz9931101961)
neg, 0.08762384534061207, left(srz96594927706)
neg, 0.09632821988167461, left(srz1930611493)
neg, 0.40635621084154055, left(srz44248274522)
neg, 0.09224747701105376, left(srz19306614)
neg, 0.10747792548879284, left(srz246186715049)
neg, 0.40635621084154055, left(srz27409593959)
neg, 0.10429965700047668, left(srz96594928908)
neg, 0.33768125175482216, left(srz99311012592)
neg, 0.10429965700047668, left(srz96566172467)
neg, 0.09876773435703545, left(srz993110110498)
neg, 0.1569926385905161, left(srz44230443481)
neg, 0.09104766044741505, left(srz27409596592)
neg, 0.33768125175482216, left(srz9656617935)
neg, 0.09463868543959796, left(srz44230447281)
neg, 0.40635621084154055, left(srz802972922)
neg, 0.21561915279098645, left(srz24618677551)
neg, 0.09463734954675793, left(srz27409597939)
neg, 0.0958193856345921, left(srz44230446262)
neg, 0.31607632861215096, left(srz993110110798)
neg, 0.31607632861215096, left(srz96566172900)
neg, 0.09941796035347768, left(srz99311013243)
neg, 0.09363016764644838, left(srz1930611296)
neg, 0.08762384534061207, left(srz193069367)
neg, 0.33768125175482216, left(srz8029727089)
neg, 0.33768125175482216, left(srz8029725458)
neg, 0.09490985775752864, left(srz4423044547)
neg, 0.21531360176855996, left(srz2461867976)
neg, 0.09608915723563012, left(srz8029723466)
neg, 0.338085635834678, left(srz44230445988)
neg, 0.40635621084154055, left(srz27409597867)
neg, 0.31607632861215096, left(srz96566178179)
neg, 0.10429965700047668, left(srz27409594279)
neg, 0.2522192920344088, left(srz44248273367)
neg, 0.10429965700047668, left(srz24618677854)
neg, 0.5379974749891667, left(srz99311014154)
neg, 0.0868824920165507, left(srz27409592749)
neg, 0.43024999543214043, left(srz1930610611)
neg, 0.2144317939556987, left(srz246186713423)
neg, 0.0887268665164327, left(srz193067908)
neg, 0.09490985775752864, left(srz8029724974)
neg, 0.09407054746139654, left(srz965661714994)
neg, 0.3098342402670987, left(srz246186714629)
neg, 0.10429965700047668, left(srz8029725078)
neg, 0.31607632861215096, left(srz193062704)
neg, 0.21561915279098645, left(srz246186714922)
neg, 0.338085635834678, left(srz2461867688)
neg, 0.10205775805938307, left(srz965661710524)
neg, 0.33768125175482216, left(srz24618674486)
neg, 0.08762384534061207, left(srz193069492)
neg, 0.08762384534061207, left(srz2740959143)
neg, 0.09965842165547369, left(srz44230445879)
neg, 0.31607632861215096, left(srz99311016333)
neg, 0.40635621084154055, left(srz27409594378)
neg, 0.09259174908264792, left(srz27409598208)
neg, 0.08762384534061207, left(srz19306327)
neg, 0.10747792548879284, left(srz2740959379)
neg, 0.33768125175482216, left(srz9656617956)
neg, 0.09463734954675793, left(srz44230441206)
neg, 0.08762384534061207, left(srz96594928703)
neg, 0.08990707212312127, left(srz44248275142)
neg, 0.31607632861215096, left(srz96566176042)
neg, 0.10429965700047668, left(srz27409593458)
neg, 0.0887268665164327, left(srz44248275392)
neg, 0.21561915279098645, left(srz24618677484)
neg, 0.10404929125716667, left(srz44230445293)
neg, 0.09363016764644838, left(srz965661713034)
neg, 0.3261986113799918, left(srz965661713733)
neg, 0.08990707212312127, left(srz99311011622)
neg, 0.09609493625297909, left(srz44230447276)
neg, 0.08762384534061207, left(srz274095926)
neg, 0.09608915723563012, left(srz193061895)
neg, 0.10747792548879284, left(srz802972469)
neg, 0.09470362628195078, left(srz246186713797)
neg, 0.34814322782325435, left(srz802972210)
neg, 0.10205775805938307, left(srz9656617218)
neg, 0.33768125175482216, left(srz4423044440)
neg, 0.09656552271795196, left(srz274095910188)
neg, 0.09168441105486956, left(srz24618672322)
neg, 0.09440773299953088, left(srz44230447217)
neg, 0.43024999543214043, left(srz44248271270)
neg, 0.43024999543214043, left(srz44230448455)
neg, 0.43024999543214043, left(srz9656617663)
neg, 0.10205775805938307, left(srz193068928)
neg, 0.36040220265655376, left(srz8029725211)
neg, 0.09490985775752864, left(srz1930610660)
neg, 0.36040220265655376, left(srz19306913)
neg, 0.33768125175482216, left(srz8029725310)
neg, 0.10429965700047668, left(srz27409591924)
neg, 0.33768125175482216, left(srz965661715370)
neg, 0.16148710120292242, left(srz44230442192)
neg, 0.0868824920165507, left(srz274095914168)
neg, 0.09470362628195078, left(srz96594928849)
neg, 0.10747792548879284, left(srz27409598640)
neg, 0.0992611488082572, left(srz27409595032)
neg, 0.08928961349481537, left(srz96594928936)
neg, 0.3113054638003522, left(srz99311016631)
neg, 0.40635621084154055, left(srz8029722984)
neg, 0.19701951681629268, left(srz965661710967)
neg, 0.40635621084154055, left(srz193065533)
neg, 0.10205775805938307, left(srz27409591521)
neg, 0.08797708080886504, left(srz965949214132)
neg, 0.11688192957054873, left(srz8029721546)
neg, 0.09475002328292681, left(srz1930610332)
neg, 0.095140567258244, left(srz27409597961)
neg, 0.11688192957054873, left(srz274095913943)
neg, 0.36040220265655376, left(srz2461867493)
neg, 0.10429965700047668, left(srz193065101)
neg, 0.3711736182300026, left(srz99311014684)
neg, 0.09264665702184746, left(srz8029726165)
neg, 0.40635621084154055, left(srz8029726656)
neg, 0.43024999543214043, left(srz24618676242)
neg, 0.43024999543214043, left(srz44230444944)
neg, 0.7077438782664071, left(srz99311012870)
neg, 0.08762384534061207, left(srz96566173703)
neg, 0.11688192957054873, left(srz4424827945)
neg, 0.13952275334673125, left(srz965661713071)
neg, 0.08969631519377494, left(srz246186715466)
neg, 0.33768125175482216, left(srz27409596697)
neg, 0.10429965700047668, left(srz274095910846)
neg, 0.43024999543214043, left(srz8029725634)
neg, 0.40635621084154055, left(srz99311012218)
neg, 0.09490985775752864, left(srz8029724198)
neg, 0.10429965700047668, left(srz27409593433)
neg, 0.0924723759409461, left(srz8029729398)
neg, 0.10747792548879284, left(srz96594921322)
neg, 0.09608915723563012, left(srz2461867818)
neg, 0.08762384534061207, left(srz96594928682)
neg, 0.11688192957054873, left(srz44248277825)
neg, 0.09608915723563012, left(srz965661715569)
neg, 0.08762384534061207, left(srz44248274632)
neg, 0.10429965700047668, left(srz24618675792)
neg, 0.0887268665164327, left(srz27409595839)
neg, 0.40635621084154055, left(srz274095912659)
neg, 0.31607632861215096, left(srz96594928294)
neg, 0.09941796035347768, left(srz44230442326)
neg, 0.40635621084154055, left(srz246186716760)
neg, 0.09463868543959796, left(srz965949211207)
neg, 0.21531360176855996, left(srz44248275426)
neg, 0.09941796035347768, left(srz99311018381)
neg, 0.09340274269541389, left(srz9931101481)
neg, 0.0887268665164327, left(srz24618675950)
neg, 0.09104766044741505, left(srz8029723458)
neg, 0.21561915279098645, left(srz8029725769)
neg, 0.33768125175482216, left(srz24618676097)
neg, 0.3711736182300026, left(srz44248275015)
neg, 0.33768125175482216, left(srz4424827220)
neg, 0.11688192957054873, left(srz44248277798)
neg, 0.09762134993398691, left(srz246186712677)
neg, 0.09941796035347768, left(srz965661776)
neg, 0.3113054638003522, left(srz44230444391)
neg, 0.09755325131303125, left(srz99311018101)
neg, 0.4525842432755376, left(srz193063765)
neg, 0.08969631519377494, left(srz44230445122)
neg, 0.34814322782325435, left(srz99311017550)
neg, 0.21561915279098645, left(srz1930611897)
neg, 0.0958193856345921, left(srz24618679885)
neg, 0.0921735255964435, left(srz27409596213)
neg, 0.09224747701105376, left(srz1930610885)
neg, 0.09490985775752864, left(srz96566179851)
neg, 0.09608915723563012, left(srz246186712187)
neg, 0.10429965700047668, left(srz246186713154)
neg, 0.33768125175482216, left(srz96566176490)
neg, 0.0887268665164327, left(srz99311013177)
neg, 0.0928333463018143, left(srz193062095)
neg, 0.3261986113799918, left(srz96566173120)
neg, 0.22014123864636012, left(srz193062298)
neg, 0.3711736182300026, left(srz44230443635)
neg, 0.09264665702184746, left(srz44230445321)
neg, 0.10747792548879284, left(srz96594929808)
neg, 0.09609493625297909, left(srz193069877)
neg, 0.0924723759409461, left(srz965949212557)
neg, 0.10429965700047668, left(srz24618673015)
neg, 0.3261986113799918, left(srz44230445227)
neg, 0.10747792548879284, left(srz99311013377)
neg, 0.10747792548879284, left(srz44248273921)
neg, 0.10429965700047668, left(srz27409596121)
neg, 0.09259174908264792, left(srz44230448160)
neg, 0.10747792548879284, left(srz9659492793)
neg, 0.10747792548879284, left(srz99311013966)
neg, 0.09608915723563012, left(srz246186710274)
neg, 0.10429965700047668, left(srz24618676366)
neg, 0.08762384534061207, left(srz246186713285)
neg, 0.1569926385905161, left(srz9656617548)
neg, 0.09264665702184746, left(srz246186710511)
neg, 0.36040220265655376, left(srz8029725248)
neg, 0.09259174908264792, left(srz24618678195)
neg, 0.09447386570887614, left(srz99311017056)
neg, 0.10747792548879284, left(srz8029729664)
neg, 0.09224747701105376, left(srz96566175434)
neg, 0.09463868543959796, left(srz965949212488)
neg, 0.10747792548879284, left(srz44230442338)
neg, 0.3261986113799918, left(srz44248275538)
neg, 0.0887268665164327, left(srz99311013089)
neg, 0.2522192920344088, left(srz246186714741)
neg, 0.08884187788696475, left(srz80297210210)
neg, 0.31607632861215096, left(srz2740959931)
neg, 0.09941796035347768, left(srz193063316)
neg, 0.0887268665164327, left(srz44230442732)
neg, 0.43024999543214043, left(srz27409595273)
neg, 0.3261986113799918, left(srz27409599293)
neg, 0.34814322782325435, left(srz44230444326)
neg, 0.09016603697229966, left(srz96594928824)
neg, 0.08762384534061207, left(srz24618679)
neg, 0.40635621084154055, left(srz99311015551)
neg, 0.0887268665164327, left(srz8029727530)
neg, 0.0992611488082572, left(srz96566176327)
neg, 0.10747792548879284, left(srz99311018625)
neg, 0.33768125175482216, left(srz24618676105)
neg, 0.08762384534061207, left(srz44248274433)
neg, 0.0937508809907689, left(srz27409598267)
neg, 0.0887268665164327, left(srz193067855)
neg, 0.338085635834678, left(srz442304440)
neg, 0.09608915723563012, left(srz27409595360)
neg, 0.40635621084154055, left(srz193068015)
neg, 0.11688192957054873, left(srz193061571)
neg, 0.08762384534061207, left(srz193063899)
neg, 0.31607632861215096, left(srz24618677415)
neg, 0.10205775805938307, left(srz965661710399)
neg, 0.3711736182300026, left(srz96566176417)
neg, 0.11688192957054873, left(srz44248273302)
neg, 0.0992611488082572, left(srz99311011747)
neg, 0.10429965700047668, left(srz24618677741)
neg, 0.0937508809907689, left(srz44248274023)
neg, 0.11688192957054873, left(srz96594924139)
neg, 0.3261986113799918, left(srz96594929701)
neg, 0.33768125175482216, left(srz193064211)
neg, 0.11688192957054873, left(srz44248277792)
neg, 0.31607632861215096, left(srz80297210736)
neg, 0.08990707212312127, left(srz193065900)
neg, 0.17064270533827597, left(srz44230443551)
neg, 0.338085635834678, left(srz19306920)
neg, 0.09486880485969293, left(srz27409597996)
neg, 0.3711736182300026, left(srz24618675632)
neg, 0.0992611488082572, left(srz96566174264)
neg, 0.08762384534061207, left(srz80297210425)
neg, 0.31607632861215096, left(srz8029724030)
neg, 0.10747792548879284, left(srz1930611451)
neg, 0.47064800180582994, left(srz8029724558)
neg, 0.31607632861215096, left(srz193065384)
neg, 0.09609493625297909, left(srz193069882)
neg, 0.10404929125716667, left(srz246186711555)
neg, 0.10429965700047668, left(srz44230446201)
neg, 0.09463734954675793, left(srz274095911550)
neg, 0.08762384534061207, left(srz193066806)
neg, 0.33768125175482216, left(srz44230441826)
neg, 0.33768125175482216, left(srz44248273171)
neg, 0.08762384534061207, left(srz96594927552)
neg, 0.0992611488082572, left(srz9659492580)
neg, 0.11688192957054873, left(srz965661715897)
neg, 0.31607632861215096, left(srz44248277061)
neg, 0.43024999543214043, left(srz8029723047)
neg, 0.10747792548879284, left(srz99311011720)
neg, 0.10429965700047668, left(srz2740959833)
neg, 0.08762384534061207, left(srz1930612269)
neg, 0.5379974749891667, left(srz99311019699)
neg, 0.09340274269541389, left(srz44230447252)
neg, 0.31607632861215096, left(srz44230443085)
neg, 0.43024999543214043, left(srz965949214196)
neg, 0.11688192957054873, left(srz274095913870)
neg, 0.40635621084154055, left(srz44248276102)
neg, 0.338085635834678, left(srz80297210641)
neg, 0.10429965700047668, left(srz246186716296)
neg, 0.08762384534061207, left(srz965949213767)
neg, 0.12280640097404143, left(srz246186711532)
neg, 0.31607632861215096, left(srz96594925714)
neg, 0.10747792548879284, left(srz27409599811)
neg, 0.11688192957054873, left(srz274095913836)
neg, 0.10747792548879284, left(srz193069051)
neg, 0.33768125175482216, left(srz8029728572)
neg, 0.11688192957054873, left(srz193061562)
neg, 0.33768125175482216, left(srz44230444082)
neg, 0.11688192957054873, left(srz44230446918)
neg, 0.0868824920165507, left(srz96566176740)
neg, 0.33768125175482216, left(srz44230448073)
neg, 0.34855354714672426, left(srz96594927873)
neg, 0.40635621084154055, left(srz193061796)
neg, 0.0937508809907689, left(srz96566179945)
neg, 0.10429965700047668, left(srz24618677818)
neg, 0.43024999543214043, left(srz44248271689)
neg, 0.10429965700047668, left(srz27409593056)
neg, 0.12050413854916141, left(srz27409591603)
neg, 0.10747792548879284, left(srz44230441857)
neg, 0.09463868543959796, left(srz44230448110)
neg, 0.10747792548879284, left(srz246186712824)
neg, 0.09340274269541389, left(srz44230446108)
neg, 0.09340274269541389, left(srz8029727341)
neg, 0.08990707212312127, left(srz193067640)
neg, 0.40635621084154055, left(srz19306981)
neg, 0.09224747701105376, left(srz993110111575)
neg, 0.31607632861215096, left(srz8029726310)
neg, 0.5379974749891667, left(srz99311012835)
neg, 0.0937508809907689, left(srz44230448338)
neg, 0.0868824920165507, left(srz27409592744)
neg, 0.43024999543214043, left(srz193067207)
neg, 0.09608915723563012, left(srz27409597611)
neg, 0.095140567258244, left(srz8029721937)
neg, 0.34814322782325435, left(srz802972204)
neg, 0.5006733409902656, left(srz1930610125)
neg, 0.08762384534061207, left(srz27409599628)
neg, 0.33768125175482216, left(srz8029721872)
neg, 0.10747792548879284, left(srz193062499)
neg, 0.33768125175482216, left(srz99311014511)
neg, 0.33768125175482216, left(srz8029726569)
neg, 0.10747792548879284, left(srz27409599831)
neg, 0.08969631519377494, left(srz96594925081)
neg, 0.09041152568594854, left(srz96566174095)
neg, 0.10747792548879284, left(srz27409599383)
neg, 0.10747792548879284, left(srz193068220)
neg, 0.10429965700047668, left(srz96594928131)
neg, 0.338085635834678, left(srz8029722422)
neg, 0.09486880485969293, left(srz965661711316)
neg, 0.0887268665164327, left(srz96594921352)
neg, 0.21561915279098645, left(srz246186712026)
neg, 0.10205775805938307, left(srz96594926502)
neg, 0.09609493625297909, left(srz193062537)
neg, 0.33149281514983725, left(srz99311012785)
neg, 0.40635621084154055, left(srz246186716758)
neg, 0.10747792548879284, left(srz44230446187)
neg, 0.3711736182300026, left(srz965949212976)
neg, 0.31607632861215096, left(srz96594921553)
neg, 0.10747792548879284, left(srz24618679284)
neg, 0.23269372339757188, left(srz4424827678)
neg, 0.21561915279098645, left(srz274095916158)
neg, 0.09490985775752864, left(srz1930610830)
neg, 0.09490985775752864, left(srz99311019878)
neg, 0.0887268665164327, left(srz24618675885)
neg, 0.095140567258244, left(srz8029722336)
neg, 0.08958030644887138, left(srz24618676462)
neg, 0.09941796035347768, left(srz993110110982)
neg, 0.0992611488082572, left(srz8029721242)
neg, 0.19918329105392513, left(srz1930611709)
neg, 0.09090821718191328, left(srz27409596615)
neg, 0.21531360176855996, left(srz8029722696)
neg, 0.08762384534061207, left(srz96594928742)
neg, 0.09490985775752864, left(srz44248272608)
neg, 0.31607632861215096, left(srz1930611045)
neg, 0.1893572335612909, left(srz274095913799)
neg, 0.31607632861215096, left(srz965661712743)
neg, 0.3711736182300026, left(srz4423044789)
neg, 0.09463868543959796, left(srz993110112164)
neg, 0.09463868543959796, left(srz8029723579)
neg, 0.20483954528593876, left(srz96566177589)
neg, 0.08958030644887138, left(srz24618672332)
neg, 0.21561915279098645, left(srz96566173030)
neg, 0.09608915723563012, left(srz24618674525)
neg, 0.43024999543214043, left(srz274095910538)
neg, 0.09490985775752864, left(srz8029729769)
neg, 0.31607632861215096, left(srz274095911411)
neg, 0.10747792548879284, left(srz27409598561)
neg, 0.10429965700047668, left(srz24618677707)
neg, 0.08797708080886504, left(srz965661713711)
neg, 0.09016603697229966, left(srz19306501)
neg, 0.21561915279098645, left(srz246186712117)
neg, 0.09486880485969293, left(srz44230446265)
neg, 0.09941796035347768, left(srz44230448249)
neg, 0.43024999543214043, left(srz193062650)
neg, 0.10747792548879284, left(srz44248272937)
neg, 0.10404929125716667, left(srz4424827983)
neg, 0.338085635834678, left(srz993110112335)
neg, 0.09447386570887614, left(srz44230442450)
neg, 0.21531360176855996, left(srz2461867950)
neg, 0.0958193856345921, left(srz24618676741)
neg, 0.08762384534061207, left(srz96594927126)
neg, 0.36040220265655376, left(srz99311012787)
neg, 0.7077438782664071, left(srz44230444454)
neg, 0.09090821718191328, left(srz96594929785)
neg, 0.2195820944774772, left(srz44230448332)
neg, 0.10429965700047668, left(srz19306120)
neg, 0.21561915279098645, left(srz24618674275)
neg, 0.08762384534061207, left(srz8029728930)
neg, 0.08762384534061207, left(srz8029729105)
neg, 0.31607632861215096, left(srz24618677422)
neg, 0.43024999543214043, left(srz24618671790)
neg, 0.10747792548879284, left(srz8029726506)
neg, 0.10747792548879284, left(srz96566178315)
neg, 0.09440773299953088, left(srz193065741)
neg, 0.21531360176855996, left(srz44230443987)
neg, 0.40635621084154055, left(srz99311011656)
neg, 0.09447386570887614, left(srz965949212150)
neg, 0.09463734954675793, left(srz965949249)
neg, 0.095140567258244, left(srz99311011812)
neg, 0.09463734954675793, left(srz99311012456)
neg, 0.0937508809907689, left(srz1930611075)
neg, 0.43024999543214043, left(srz44230442903)
neg, 0.43024999543214043, left(srz8029728484)
neg, 0.09475002328292681, left(srz1930610371)
neg, 0.40635621084154055, left(srz99311012631)
neg, 0.09609493625297909, left(srz965661711545)
neg, 0.10429965700047668, left(srz246186713516)
neg, 0.43024999543214043, left(srz246186713744)
neg, 0.33768125175482216, left(srz44248272986)
neg, 0.11688192957054873, left(srz274095915017)
neg, 0.23269372339757188, left(srz274095915995)
neg, 0.11688192957054873, left(srz96566178898)
neg, 0.09470362628195078, left(srz44230445030)
neg, 0.40635621084154055, left(srz96566172320)
neg, 0.09340274269541389, left(srz19306661)
neg, 0.09632821988167461, left(srz99311011556)
neg, 0.0887268665164327, left(srz99311013119)
neg, 0.08952278277750196, left(srz965661713402)
neg, 0.40635621084154055, left(srz1930628)
neg, 0.21561915279098645, left(srz246186716152)
neg, 0.3113054638003522, left(srz44230444801)
neg, 0.0937508809907689, left(srz8029724899)
neg, 0.08762384534061207, left(srz1930612176)
neg, 0.21561915279098645, left(srz24618674315)
neg, 0.11688192957054873, left(srz99311014920)
neg, 0.338085635834678, left(srz96566175551)
neg, 0.0958193856345921, left(srz80297210831)
neg, 0.19918329105392513, left(srz1930611713)
neg, 0.10205775805938307, left(srz80297247)
neg, 0.33768125175482216, left(srz8029726534)
neg, 0.40635621084154055, left(srz274095912016)
neg, 0.10429965700047668, left(srz27409594510)
neg, 0.09259174908264792, left(srz993110110254)
neg, 0.40635621084154055, left(srz44248274499)
neg, 0.09941796035347768, left(srz4424827158)
neg, 0.338085635834678, left(srz99311015613)
neg, 0.4525842432755376, left(srz99311019709)
neg, 0.08990707212312127, left(srz8029727375)
neg, 0.11688192957054873, left(srz96594929213)
neg, 0.2161421357982058, left(srz99311015545)
neg, 0.08968652267371456, left(srz27409591726)
neg, 0.10429965700047668, left(srz24618677856)
neg, 0.43024999543214043, left(srz274095916488)
neg, 0.31607632861215096, left(srz9659492844)
neg, 0.08762384534061207, left(srz4423044305)
neg, 0.10747792548879284, left(srz99311019438)
neg, 0.09082282791544143, left(srz24618675251)
neg, 0.09470362628195078, left(srz193065131)
neg, 0.43024999543214043, left(srz99311012197)
neg, 0.5006733409902656, left(srz8029725506)
neg, 0.10404929125716667, left(srz965949213049)
neg, 0.40635621084154055, left(srz9931101796)
neg, 0.19918329105392513, left(srz274095914742)
neg, 0.40635621084154055, left(srz44230442916)
neg, 0.11688192957054873, left(srz246186714693)
neg, 0.43024999543214043, left(srz8029726346)
neg, 0.08762384534061207, left(srz44230441655)
neg, 0.08762384534061207, left(srz44248277943)
neg, 0.08990707212312127, left(srz8029723627)
neg, 0.08762384534061207, left(srz965661712208)
neg, 0.31607632861215096, left(srz8029728382)
neg, 0.33768125175482216, left(srz27409596705)
neg, 0.09941796035347768, left(srz193063312)
neg, 0.33768125175482216, left(srz8029726451)
neg, 0.09762134993398691, left(srz8029727173)
neg, 0.095140567258244, left(srz965661711297)
neg, 0.08958030644887138, left(srz44230447517)
neg, 0.09608915723563012, left(srz96566172682)
neg, 0.31607632861215096, left(srz965661710089)
neg, 0.19918329105392513, left(srz96566172861)
neg, 0.5169565646748872, left(srz96566175666)
neg, 0.10271147823357023, left(srz274095915595)
neg, 0.2521930902644402, left(srz27409599072)
neg, 0.0887268665164327, left(srz44230442744)
neg, 0.33768125175482216, left(srz802972521)
neg, 0.10429965700047668, left(srz27409598590)
neg, 0.09355835621005208, left(srz246186716559)
neg, 0.08762384534061207, left(srz24618673009)
neg, 0.09609493625297909, left(srz99311015405)
neg, 0.10429965700047668, left(srz27409596117)
neg, 0.11688192957054873, left(srz44248273511)
neg, 0.33768125175482216, left(srz24618671045)
neg, 0.08762384534061207, left(srz44230443781)
neg, 0.5379974749891667, left(srz965661712568)
neg, 0.23269372339757188, left(srz27409591508)
neg, 0.21561915279098645, left(srz965661711910)
neg, 0.08990707212312127, left(srz8029723642)
neg, 0.09235628868285982, left(srz99311013338)
neg, 0.43024999543214043, left(srz27409594830)
neg, 0.6928377924762232, left(srz274095915700)
neg, 0.0887268665164327, left(srz24618679389)
neg, 0.0958193856345921, left(srz96594929959)
neg, 0.31607632861215096, left(srz24618674449)
neg, 0.2144317939556987, left(srz96566171839)
neg, 0.31607632861215096, left(srz193062246)
neg, 0.10429965700047668, left(srz24618674737)
neg, 0.11688192957054873, left(srz96594929255)
neg, 0.0887268665164327, left(srz27409595916)
neg, 0.31607632861215096, left(srz44248277067)
neg, 0.08762384534061207, left(srz96594928705)
neg, 0.08990707212312127, left(srz1930610018)
neg, 0.09104766044741505, left(srz80297210911)
neg, 0.31607632861215096, left(srz96566176086)
neg, 0.40635621084154055, left(srz99311012204)
neg, 0.09656552271795196, left(srz193064942)
neg, 0.09463868543959796, left(srz8029724984)
neg, 0.31607632861215096, left(srz99311012537)
neg, 0.21561915279098645, left(srz96566173025)
neg, 0.0887268665164327, left(srz44230442778)
neg, 0.09363016764644838, left(srz8029722451)
neg, 0.5006733409902656, left(srz44230446768)
neg, 0.10747792548879284, left(srz193062138)
neg, 0.10747792548879284, left(srz993110110249)
neg, 0.09352319308513994, left(srz96566175859)
neg, 0.10747792548879284, left(srz96566177461)
neg, 0.09190937749855801, left(srz193063530)
neg, 0.10747792548879284, left(srz993110111772)
neg, 0.10747792548879284, left(srz993110111770)
neg, 0.2144317939556987, left(srz27409594447)
neg, 0.36040220265655376, left(srz80297210768)
neg, 0.09352319308513994, left(srz44230445232)
neg, 0.10429965700047668, left(srz27409593354)
neg, 0.10205775805938307, left(srz965661710383)
neg, 0.09129785735141506, left(srz1930610049)
neg, 0.08762384534061207, left(srz27409597)
neg, 0.43024999543214043, left(srz193061158)
neg, 0.09340274269541389, left(srz24618673489)
neg, 0.43024999543214043, left(srz965949211583)
neg, 0.0958193856345921, left(srz44230446092)
neg, 0.08990707212312127, left(srz193067743)
neg, 0.09941796035347768, left(srz99311019417)
neg, 0.08762384534061207, left(srz274095911322)
neg, 0.09665573712869013, left(srz99311013603)
neg, 0.7077438782664071, left(srz274095913955)
neg, 0.09407054746139654, left(srz99311015891)
neg, 0.19323985915953887, left(srz96566178030)
neg, 0.08762384534061207, left(srz96594928736)
neg, 0.31607632861215096, left(srz8029726718)
neg, 0.09762134993398691, left(srz965661710136)
neg, 0.09463734954675793, left(srz993110110295)
neg, 0.43024999543214043, left(srz44248275815)
neg, 0.08762384534061207, left(srz965949212858)
neg, 0.09941796035347768, left(srz965661711274)
neg, 0.6928377924762232, left(srz8029729924)
neg, 0.31607632861215096, left(srz96566172917)
neg, 0.11688192957054873, left(srz965661714076)
neg, 0.0868824920165507, left(srz44248277480)
neg, 0.10404929125716667, left(srz1930610136)
neg, 0.11688192957054873, left(srz27409599166)
neg, 0.22014123864636012, left(srz24618671781)
neg, 0.08978074992954073, left(srz99311013477)
neg, 0.3261986113799918, left(srz99311017774)
neg, 0.40635621084154055, left(srz9931101797)
neg, 0.21561915279098645, left(srz44248272485)
neg, 0.21561915279098645, left(srz96566173008)
neg, 0.17064270533827597, left(srz44248271321)
neg, 0.0924723759409461, left(srz44230444662)
neg, 0.43024999543214043, left(srz44230444943)
neg, 0.10747792548879284, left(srz96594921257)
neg, 0.40635621084154055, left(srz96594925639)
neg, 0.09965842165547369, left(srz96566172452)
neg, 0.31607632861215096, left(srz193062575)
neg, 0.10747792548879284, left(srz99311018630)
neg, 0.43024999543214043, left(srz274095910465)
neg, 0.0887268665164327, left(srz27409597293)
neg, 0.08762384534061207, left(srz44230441690)
neg, 0.43024999543214043, left(srz274095910549)
neg, 0.10747792548879284, left(srz27409598005)
neg, 0.08762384534061207, left(srz246186710774)
neg, 0.31607632861215096, left(srz96566176057)
neg, 0.09762134993398691, left(srz193068278)
neg, 0.0887268665164327, left(srz246186710699)
neg, 0.36040220265655376, left(srz44230443338)
neg, 0.0887268665164327, left(srz1930610477)
neg, 0.43024999543214043, left(srz96566179121)
neg, 0.11688192957054873, left(srz9931101872)
neg, 0.36040220265655376, left(srz96566177123)
neg, 0.09070550737270286, left(srz44230447402)
neg, 0.08762384534061207, left(srz44248275629)
neg, 0.08969631519377494, left(srz246186715471)
neg, 0.3261986113799918, left(srz965661712527)
neg, 0.40635621084154055, left(srz27409592022)
neg, 0.11688192957054873, left(srz99311016545)
neg, 0.10747792548879284, left(srz8029727885)
neg, 0.10429965700047668, left(srz246186716600)
neg, 0.40635621084154055, left(srz193061194)
neg, 0.09608915723563012, left(srz27409597601)
neg, 0.10747792548879284, left(srz8029727888)
neg, 0.09082282791544143, left(srz44230445449)
neg, 0.21561915279098645, left(srz274095916147)
neg, 0.09363016764644838, left(srz44230448321)
neg, 0.40635621084154055, left(srz99311015723)
neg, 0.33768125175482216, left(srz96566177052)
neg, 0.09398249492320182, left(srz96566177763)
neg, 0.43024999543214043, left(srz96566172311)
neg, 0.09168441105486956, left(srz8029727143)
neg, 0.09355835621005208, left(srz8029721005)
neg, 0.08762384534061207, left(srz99311016123)
neg, 0.5379974749891667, left(srz96566175514)
neg, 0.08762384534061207, left(srz8029728926)
neg, 0.09941796035347768, left(srz965661711265)
neg, 0.08762384534061207, left(srz96594927586)
neg, 0.08762384534061207, left(srz44248278096)
neg, 0.0992611488082572, left(srz246186712212)
neg, 0.09609493625297909, left(srz8029728079)
neg, 0.09490985775752864, left(srz96566179852)
neg, 0.10429965700047668, left(srz193062279)
neg, 0.08978074992954073, left(srz24618673998)
neg, 0.43024999543214043, left(srz96566175767)
neg, 0.08762384534061207, left(srz44230446692)
neg, 0.17064270533827597, left(srz99311012711)
neg, 0.09463868543959796, left(srz44248277551)
neg, 0.43024999543214043, left(srz965949212613)
neg, 0.10429965700047668, left(srz993110110327)
neg, 0.09340274269541389, left(srz99311019845)
neg, 0.21561915279098645, left(srz1930611911)
neg, 0.08990707212312127, left(srz44248275214)
neg, 0.10429965700047668, left(srz2740959341)
neg, 0.338085635834678, left(srz99311011885)
neg, 0.0887268665164327, left(srz965949211002)
neg, 0.33768125175482216, left(srz193062178)
neg, 0.08762384534061207, left(srz1930612323)
neg, 0.09463734954675793, left(srz27409597771)
neg, 0.31607632861215096, left(srz44230441001)
neg, 0.08990707212312127, left(srz8029727498)
neg, 0.21561915279098645, left(srz24618671266)
neg, 0.11688192957054873, left(srz193061387)
neg, 0.34855354714672426, left(srz99311017204)
neg, 0.43024999543214043, left(srz9656617962)
neg, 0.10429965700047668, left(srz274095914100)
neg, 0.10747792548879284, left(srz193069040)
neg, 0.33768125175482216, left(srz44248277361)
neg, 0.11688192957054873, left(srz246186711848)
neg, 0.09608915723563012, left(srz246186712343)
neg, 0.09608915723563012, left(srz965661710783)
neg, 0.09193959798893422, left(srz96566177654)
neg, 0.21561915279098645, left(srz27409593991)
neg, 0.10429965700047668, left(srz44230441981)
neg, 0.2161421357982058, left(srz193068050)
neg, 0.08990707212312127, left(srz44248275262)
neg, 0.3113054638003522, left(srz965661715783)
neg, 0.43024999543214043, left(srz44230446064)
neg, 0.43024999543214043, left(srz44230443067)
neg, 0.09232652434404263, left(srz8029726885)
neg, 0.33768125175482216, left(srz44230448446)
neg, 0.5379974749891667, left(srz8029727236)
neg, 0.08990707212312127, left(srz193067624)
neg, 0.0924723759409461, left(srz993110112111)
neg, 0.43024999543214043, left(srz44248273799)
neg, 0.09941796035347768, left(srz80297210592)
neg, 0.23784265859764414, left(srz44248272978)
neg, 0.4544511178758716, left(srz96594924271)
neg, 0.3113054638003522, left(srz9659492993)
neg, 0.33768125175482216, left(srz44230444866)
neg, 0.09965842165547369, left(srz44230441284)
neg, 0.09608915723563012, left(srz24618677200)
neg, 0.09340274269541389, left(srz193067608)
neg, 0.10205775805938307, left(srz96566171392)
neg, 0.08762384534061207, left(srz965661712067)
neg, 0.09090821718191328, left(srz96594926369)
neg, 0.09470362628195078, left(srz246186711496)
neg, 0.33768125175482216, left(srz44230448018)
neg, 0.10747792548879284, left(srz44248271954)
neg, 0.1433931609136935, left(srz193068266)
neg, 0.09608915723563012, left(srz8029723310)
neg, 0.11688192957054873, left(srz44248277611)
neg, 0.10429965700047668, left(srz193063797)
neg, 0.33768125175482216, left(srz24618671048)
neg, 0.2522192920344088, left(srz44230444837)
neg, 0.09490985775752864, left(srz8029729091)
neg, 0.33768125175482216, left(srz9659492388)
neg, 0.338085635834678, left(srz44248276306)
neg, 0.5379974749891667, left(srz99311012337)
neg, 0.08990707212312127, left(srz193067647)
neg, 0.19918329105392513, left(srz44230441173)
neg, 0.3113054638003522, left(srz44230443519)
neg, 0.34814322782325435, left(srz965949211054)
neg, 0.08958030644887138, left(srz274095910120)
neg, 0.43024999543214043, left(srz965661713090)
neg, 0.43024999543214043, left(srz27409591219)
neg, 0.34814322782325435, left(srz96594927231)
neg, 0.31607632861215096, left(srz27409594182)
neg, 0.09941796035347768, left(srz96566172084)
neg, 0.23269372339757188, left(srz4424827629)
neg, 0.09259174908264792, left(srz965661711500)
neg, 0.10429965700047668, left(srz99311015464)
neg, 0.21561915279098645, left(srz246186716202)
neg, 0.09470362628195078, left(srz193062260)
neg, 0.40635621084154055, left(srz96594922499)
neg, 0.10429965700047668, left(srz96566173272)
neg, 0.11688192957054873, left(srz44248273493)
neg, 0.11688192957054873, left(srz965661715868)
neg, 0.0928333463018143, left(srz193062096)
neg, 0.40635621084154055, left(srz274095910955)
neg, 0.31607632861215096, left(srz274095913988)
neg, 0.09264665702184746, left(srz44230442591)
neg, 0.09236658937799515, left(srz99311017464)
neg, 0.09762134993398691, left(srz8029725096)
neg, 0.19918329105392513, left(srz96566172792)
neg, 0.08762384534061207, left(srz193063989)
neg, 0.11688192957054873, left(srz8029721526)
neg, 0.2013793350879112, left(srz44248277104)
neg, 0.09490985775752864, left(srz965661711530)
neg, 0.09352319308513994, left(srz96566171310)
neg, 0.10747792548879284, left(srz96594921281)
neg, 0.08958030644887138, left(srz24618672301)
neg, 0.22014123864636012, left(srz8029727843)
neg, 0.2161421357982058, left(srz8029723044)
neg, 0.09398249492320182, left(srz96566177693)
neg, 0.3331641946750168, left(srz44230442083)
neg, 0.09609493625297909, left(srz193062519)
neg, 0.09090821718191328, left(srz44230447473)
neg, 0.3755421821594811, left(srz4423044703)
neg, 0.33768125175482216, left(srz44248272324)
neg, 0.09463868543959796, left(srz965949214050)
neg, 0.08990707212312127, left(srz193067770)
neg, 0.10429965700047668, left(srz24618677715)
neg, 0.4544511178758716, left(srz965661712895)
neg, 0.11688192957054873, left(srz965661711796)
neg, 0.43024999543214043, left(srz8029723005)
neg, 0.09259174908264792, left(srz193068554)
neg, 0.3711736182300026, left(srz44230443624)
neg, 0.10404929125716667, left(srz99311012900)
neg, 0.10205775805938307, left(srz99311011285)
neg, 0.43024999543214043, left(srz8029725655)
neg, 0.31607632861215096, left(srz8029724077)
neg, 0.31607632861215096, left(srz193062200)
neg, 0.10205775805938307, left(srz246186713057)
neg, 0.33768125175482216, left(srz8029729482)
neg, 0.10205775805938307, left(srz9656617323)
neg, 0.08762384534061207, left(srz19306288)
neg, 0.14392251391921854, left(srz44230447333)
neg, 0.21561915279098645, left(srz27409594062)
neg, 0.10747792548879284, left(srz965661714785)
neg, 0.09190937749855801, left(srz193063558)
neg, 0.08762384534061207, left(srz99311017798)
neg, 0.09470362628195078, left(srz274095915217)
neg, 0.0887268665164327, left(srz8029727595)
neg, 0.09876773435703545, left(srz246186715420)
neg, 0.31607632861215096, left(srz44248271921)
neg, 0.09463734954675793, left(srz24618673212)
neg, 0.10747792548879284, left(srz246186710088)
neg, 0.08762384534061207, left(srz1930612212)
neg, 0.08762384534061207, left(srz44230443770)
neg, 0.09463734954675793, left(srz24618673275)
neg, 0.31607632861215096, left(srz44248274534)
neg, 0.5854559097590201, left(srz96566179746)
neg, 0.08762384534061207, left(srz193066799)
neg, 0.09236658937799515, left(srz99311017378)
neg, 0.7077438782664071, left(srz965661712572)
neg, 0.10404929125716667, left(srz24618679154)
neg, 0.09941796035347768, left(srz993110110998)
neg, 0.33768125175482216, left(srz193066263)
neg, 0.0887268665164327, left(srz24618679453)
neg, 0.43024999543214043, left(srz246186715104)
neg, 0.338085635834678, left(srz44230447574)
neg, 0.17064270533827597, left(srz193066276)
neg, 0.0887268665164327, left(srz193069094)
neg, 0.0887268665164327, left(srz274095912371)
neg, 0.22014123864636012, left(srz96566178260)
neg, 0.33768125175482216, left(srz193062798)
neg, 0.09608915723563012, left(srz246186712202)
neg, 0.338085635834678, left(srz44248277289)
neg, 0.33186072259198907, left(srz96566176851)
neg, 0.43024999543214043, left(srz24618676931)
neg, 0.09632821988167461, left(srz193067218)
neg, 0.21561915279098645, left(srz24618672814)
neg, 0.10747792548879284, left(srz96594921270)
neg, 0.34814322782325435, left(srz1930610573)
neg, 0.31607632861215096, left(srz965661713661)
neg, 0.08762384534061207, left(srz99311013818)
neg, 0.09965842165547369, left(srz44230444682)
neg, 0.09762134993398691, left(srz27409593272)
neg, 0.338085635834678, left(srz442482729)
neg, 0.08958030644887138, left(srz993110110147)
neg, 0.21561915279098645, left(srz246186712134)
neg, 0.10747792548879284, left(srz27409592302)
neg, 0.33768125175482216, left(srz27409598833)
neg, 0.33768125175482216, left(srz193064607)
neg, 0.11688192957054873, left(srz96594924167)
neg, 0.13952275334673125, left(srz246186714218)
neg, 0.11688192957054873, left(srz274095913848)
neg, 0.09463734954675793, left(srz44230441201)
neg, 0.43024999543214043, left(srz24618672244)
neg, 0.10429965700047668, left(srz965949213648)
neg, 0.09608915723563012, left(srz44230442393)
neg, 0.10429965700047668, left(srz8029726778)
neg, 0.10747792548879284, left(srz9931101413)
neg, 0.21561915279098645, left(srz246186712006)
neg, 0.08797708080886504, left(srz96566171178)
neg, 0.40635621084154055, left(srz24618673452)
neg, 0.0992611488082572, left(srz96566173868)
neg, 0.09340274269541389, left(srz44230446299)
neg, 0.08762384534061207, left(srz193064913)
neg, 0.19918329105392513, left(srz24618677294)
neg, 0.09965842165547369, left(srz99311012477)
neg, 0.43024999543214043, left(srz99311011010)
neg, 0.33768125175482216, left(srz24618671421)
neg, 0.08928961349481537, left(srz96594928933)
neg, 0.09016603697229966, left(srz44230441786)
neg, 0.0887268665164327, left(srz27409597363)
neg, 0.43024999543214043, left(srz274095913196)
neg, 0.0958193856345921, left(srz9931101374)
neg, 0.19918329105392513, left(srz274095914789)
neg, 0.10747792548879284, left(srz96566178114)
neg, 0.0868824920165507, left(srz24618673963)
neg, 0.33768125175482216, left(srz9659492876)
neg, 0.2522192920344088, left(srz99311014814)
neg, 0.0924723759409461, left(srz99311012427)
neg, 0.09259174908264792, left(srz44230448152)
neg, 0.11688192957054873, left(srz965949212093)
neg, 0.09259174908264792, left(srz274095914419)
neg, 0.08762384534061207, left(srz8029725934)
neg, 0.40635621084154055, left(srz27409596768)
neg, 0.7077438782664071, left(srz96594928311)
neg, 0.33768125175482216, left(srz965661715358)
neg, 0.09090821718191328, left(srz965661713139)
neg, 0.31607632861215096, left(srz99311012157)
neg, 0.0887268665164327, left(srz193066019)
neg, 0.10429965700047668, left(srz24618673709)
neg, 0.09224747701105376, left(srz44248274128)
neg, 0.40635621084154055, left(srz27409594672)
neg, 0.10747792548879284, left(srz99311019917)
neg, 0.09470362628195078, left(srz8029729377)
neg, 0.31607632861215096, left(srz24618674468)
neg, 0.19918329105392513, left(srz965949213357)
neg, 0.08958030644887138, left(srz965661710847)
neg, 0.09129785735141506, left(srz44248276706)
neg, 0.23269372339757188, left(srz24618674135)
neg, 0.31607632861215096, left(srz993110111271)
neg, 0.09490985775752864, left(srz965949211448)
neg, 0.43024999543214043, left(srz27409597553)
neg, 0.10747792548879284, left(srz1930611516)
neg, 0.31607632861215096, left(srz96566172947)
neg, 0.0958193856345921, left(srz193064790)
neg, 0.10404929125716667, left(srz27409597081)
neg, 0.43024999543214043, left(srz274095910530)
neg, 0.1893572335612909, left(srz274095913777)
neg, 0.09463868543959796, left(srz99311015573)
neg, 0.0992611488082572, left(srz193064577)
neg, 0.0887268665164327, left(srz193069125)
neg, 0.31607632861215096, left(srz44248271800)
neg, 0.08762384534061207, left(srz246186713227)
neg, 0.34855354714672426, left(srz24618679036)
neg, 0.0887268665164327, left(srz965949210998)
neg, 0.08762384534061207, left(srz193066759)
neg, 0.09608915723563012, left(srz8029721780)
neg, 0.10747792548879284, left(srz246186713555)
neg, 0.2144317939556987, left(srz8029727850)
neg, 0.43024999543214043, left(srz27409596054)
neg, 0.08762384534061207, left(srz96566173637)
neg, 0.0887268665164327, left(srz1930610523)
neg, 0.40635621084154055, left(srz24618677789)
neg, 0.33768125175482216, left(srz802972400)
neg, 0.5854559097590201, left(srz44248274956)
neg, 0.09965842165547369, left(srz4423044573)
neg, 0.40635621084154055, left(srz24618673172)
neg, 0.08762384534061207, left(srz193063947)
neg, 0.10429965700047668, left(srz246186713203)
neg, 0.08762384534061207, left(srz96594927565)
neg, 0.10429965700047668, left(srz27409597570)
neg, 0.08990707212312127, left(srz1930610410)
neg, 0.09486880485969293, left(srz965661714891)
neg, 0.33768125175482216, left(srz44248272322)
neg, 0.08969631519377494, left(srz2740959740)
neg, 0.43024999543214043, left(srz8029726648)
neg, 0.3113054638003522, left(srz193065553)
neg, 0.08762384534061207, left(srz8029728908)
neg, 0.10429965700047668, left(srz274095912582)
neg, 0.3113054638003522, left(srz965661715805)
neg, 0.10205775805938307, left(srz965661710534)
neg, 0.09762134993398691, left(srz99311011607)
neg, 0.08990707212312127, left(srz44248275099)
neg, 0.09490985775752864, left(srz8029724196)
neg, 0.09224747701105376, left(srz19306604)
neg, 0.338085635834678, left(srz802972556)
neg, 0.31607632861215096, left(srz193065414)
neg, 0.10429965700047668, left(srz27409593380)
neg, 0.31607632861215096, left(srz24618673937)
neg, 0.08990707212312127, left(srz193063593)
neg, 0.31607632861215096, left(srz246186714159)
neg, 0.17037336988313603, left(srz96594926387)
neg, 0.08762384534061207, left(srz44248275569)
neg, 0.5169565646748872, left(srz96566173880)
neg, 0.2522192920344088, left(srz965661711773)
neg, 0.09259174908264792, left(srz24618678187)
neg, 0.09762134993398691, left(srz8029728398)
neg, 0.21561915279098645, left(srz8029727722)
neg, 0.11688192957054873, left(srz965661714012)
neg, 0.10205775805938307, left(srz965949213379)
neg, 0.09463868543959796, left(srz993110111785)
neg, 0.31607632861215096, left(srz193069862)
neg, 0.10747792548879284, left(srz24618677103)
neg, 0.0958193856345921, left(srz96594929896)
neg, 0.21561915279098645, left(srz96566173013)
neg, 0.10429965700047668, left(srz965661710478)
neg, 0.10747792548879284, left(srz27409595206)
neg, 0.10429965700047668, left(srz246186713128)
neg, 0.33768125175482216, left(srz8029728487)
neg, 0.12280640097404143, left(srz99311014651)
neg, 0.08762384534061207, left(srz99311011180)
neg, 0.09168441105486956, left(srz24618671710)
neg, 0.43024999543214043, left(srz44248272845)
neg, 0.3261986113799918, left(srz1930612087)
neg, 0.09190937749855801, left(srz193063505)
neg, 0.08762384534061207, left(srz193065030)
neg, 0.43024999543214043, left(srz246186711054)
neg, 0.43024999543214043, left(srz8029722129)
neg, 0.3261986113799918, left(srz193069692)
neg, 0.3261986113799918, left(srz193068846)
neg, 0.0887268665164327, left(srz99311013133)
neg, 0.5006733409902656, left(srz96566173864)
neg, 0.34814322782325435, left(srz96594929108)
neg, 0.2144317939556987, left(srz274095911672)
neg, 0.11688192957054873, left(srz27409599225)
neg, 0.31607632861215096, left(srz274095911399)
neg, 0.09082282791544143, left(srz44230445451)
neg, 0.43024999543214043, left(srz99311011964)
neg, 0.31607632861215096, left(srz44248272861)
neg, 0.40635621084154055, left(srz246186713491)
neg, 0.10429965700047668, left(srz246186715040)
neg, 0.08762384534061207, left(srz193066856)
neg, 0.34814322782325435, left(srz965949212132)
neg, 0.31607632861215096, left(srz1930611819)
neg, 0.33768125175482216, left(srz965661711984)
neg, 0.09363016764644838, left(srz1930611139)
neg, 0.0868824920165507, left(srz8029721767)
neg, 0.3113054638003522, left(srz8029721393)
neg, 0.338085635834678, left(srz193066320)
neg, 0.08762384534061207, left(srz99311016096)
neg, 0.09762134993398691, left(srz1930610001)
neg, 0.21531360176855996, left(srz99311015036)
neg, 0.5854559097590201, left(srz965661715022)
neg, 0.08762384534061207, left(srz96566175020)
neg, 0.36040220265655376, left(srz44230447665)
neg, 0.09609493625297909, left(srz8029729756)
neg, 0.0887268665164327, left(srz99311013062)
neg, 0.0887268665164327, left(srz24618679443)
neg, 0.09463868543959796, left(srz44230447283)
neg, 0.09463868543959796, left(srz193062930)
neg, 0.08762384534061207, left(srz246186713326)
neg, 0.0928333463018143, left(srz96594921658)
neg, 0.10747792548879284, left(srz44230442339)
neg, 0.33768125175482216, left(srz99311017950)
neg, 0.0992611488082572, left(srz27409593584)
neg, 0.2522192920344088, left(srz1930611185)
neg, 0.09264665702184746, left(srz274095911089)
neg, 0.08762384534061207, left(srz193066757)
neg, 0.09470362628195078, left(srz246186713796)
neg, 0.09363016764644838, left(srz44230448329)
neg, 0.08762384534061207, left(srz1930612246)
neg, 0.21561915279098645, left(srz993110111381)
neg, 0.09470362628195078, left(srz246186710959)
neg, 0.10404929125716667, left(srz24618675670)
neg, 0.31607632861215096, left(srz193062597)
neg, 0.10205775805938307, left(srz44248273600)
neg, 0.21531360176855996, left(srz44230444034)
neg, 0.0992611488082572, left(srz96566176992)
neg, 0.31607632861215096, left(srz24618671456)
neg, 0.1569926385905161, left(srz96566174335)
neg, 0.34814322782325435, left(srz44248275549)
neg, 0.12280640097404143, left(srz8029726183)
neg, 0.43024999543214043, left(srz44248276090)
neg, 0.17082060411216196, left(srz8029725521)
neg, 0.31607632861215096, left(srz8029728384)
neg, 0.10404929125716667, left(srz246186710472)
neg, 0.09965842165547369, left(srz193068426)
neg, 0.08762384534061207, left(srz8029726068)
neg, 0.21561915279098645, left(srz96566172974)
neg, 0.08762384534061207, left(srz19306309)
neg, 0.13062912489546, left(srz274095913654)
neg, 0.09016603697229966, left(srz993110111814)
neg, 0.10429965700047668, left(srz965661710047)
neg, 0.10747792548879284, left(srz993110110242)
neg, 0.09463734954675793, left(srz96566175671)
neg, 0.10429965700047668, left(srz24618679700)
neg, 0.21561915279098645, left(srz24618674322)
neg, 0.09632821988167461, left(srz8029723209)
neg, 0.5379974749891667, left(srz44248272082)
neg, 0.08990707212312127, left(srz1930610273)
neg, 0.08762384534061207, left(srz44230443738)
neg, 0.0887268665164327, left(srz96594925409)
neg, 0.338085635834678, left(srz8029725217)
neg, 0.08663205983885237, left(srz44230442493)
neg, 0.08762384534061207, left(srz8029724474)
neg, 0.08958030644887138, left(srz993110111920)
neg, 0.10429965700047668, left(srz24618677723)
neg, 0.08928961349481537, left(srz8029724531)
neg, 0.2161421357982058, left(srz44230444566)
neg, 0.33768125175482216, left(srz99311012599)
neg, 0.2144317939556987, left(srz27409593517)
neg, 0.10747792548879284, left(srz99311018612)
neg, 0.09608915723563012, left(srz24618672068)
neg, 0.33768125175482216, left(srz44230448005)
neg, 0.338085635834678, left(srz246186710356)
neg, 0.09486880485969293, left(srz44230444711)
neg, 0.09082282791544143, left(srz8029729708)
neg, 0.09224747701105376, left(srz965949213006)
neg, 0.09340274269541389, left(srz965949212229)
neg, 0.08762384534061207, left(srz965949212718)
neg, 0.09941796035347768, left(srz274095911825)
neg, 0.21561915279098645, left(srz9931101686)
neg, 0.31607632861215096, left(srz1930611593)
neg, 0.08762384534061207, left(srz965949212832)
neg, 0.40635621084154055, left(srz99311012206)
neg, 0.09363016764644838, left(srz965661715478)
neg, 0.21531360176855996, left(srz8029722705)
neg, 0.21561915279098645, left(srz27409594006)
neg, 0.21561915279098645, left(srz246186714887)
neg, 0.10747792548879284, left(srz24618671580)
neg, 0.08762384534061207, left(srz44230446532)
neg, 0.09490985775752864, left(srz99311015568)
neg, 0.40635621084154055, left(srz27409592347)
neg, 0.08762384534061207, left(srz44230441745)
neg, 0.09608915723563012, left(srz24618676171)
neg, 0.21561915279098645, left(srz27409591286)
neg, 0.09965842165547369, left(srz44230446177)
neg, 0.08762384534061207, left(srz44248275617)
neg, 0.43024999543214043, left(srz24618673554)
neg, 0.09224747701105376, left(srz965949211176)
neg, 0.09363016764644838, left(srz993110110562)
neg, 0.5379974749891667, left(srz9931101599)
neg, 0.40635621084154055, left(srz99311015106)
neg, 0.10205775805938307, left(srz99311018566)
neg, 0.10205775805938307, left(srz24618679204)
neg, 0.19918329105392513, left(srz96566172841)
neg, 0.31607632861215096, left(srz274095915519)
neg, 0.31607632861215096, left(srz44230444550)
neg, 0.31607632861215096, left(srz8029726537)
neg, 0.11688192957054873, left(srz193061488)
neg, 0.22014123864636012, left(srz99311014493)
neg, 0.40635621084154055, left(srz802972593)
neg, 0.09104766044741505, left(srz1930611608)
neg, 0.09632821988167461, left(srz8029722493)
neg, 0.09016603697229966, left(srz27409593211)
neg, 0.09363016764644838, left(srz96566175270)
neg, 0.09470362628195078, left(srz2740959650)
neg, 0.0868824920165507, left(srz96594923080)
neg, 0.17822437035391722, left(srz96594923729)
neg, 0.08762384534061207, left(srz193066821)
neg, 0.09941796035347768, left(srz99311016304)
neg, 0.19918329105392513, left(srz965949211774)
neg, 0.21561915279098645, left(srz8029725764)
neg, 0.13062912489546, left(srz274095913642)
neg, 0.19918329105392513, left(srz1930611836)
neg, 0.09224747701105376, left(srz1930610821)
neg, 0.08762384534061207, left(srz246186710781)
neg, 0.09762134993398691, left(srz993110112149)
neg, 0.23269372339757188, left(srz4424827606)
neg, 0.31607632861215096, left(srz99311012529)
neg, 0.10747792548879284, left(srz993110110166)
neg, 0.13952275334673125, left(srz24618674758)
neg, 0.09558720393374359, left(srz965949213166)
neg, 0.21561915279098645, left(srz44248272469)
neg, 0.08762384534061207, left(srz8029729108)
neg, 0.21531360176855996, left(srz96594923911)
neg, 0.09470362628195078, left(srz96566177255)
neg, 0.09608915723563012, left(srz1930610092)
neg, 0.31607632861215096, left(srz44248271857)
neg, 0.11688192957054873, left(srz965661711817)
neg, 0.09129785735141506, left(srz44248276539)
neg, 0.40635621084154055, left(srz24618676456)
neg, 0.2013793350879112, left(srz4423044616)
neg, 0.40635621084154055, left(srz27409592020)
neg, 0.10205775805938307, left(srz96594926463)
neg, 0.31607632861215096, left(srz274095914339)
neg, 0.09340274269541389, left(srz9931101475)
neg, 0.43024999543214043, left(srz274095914331)
neg, 0.0924723759409461, left(srz9656617734)
neg, 0.33768125175482216, left(srz24618671077)
neg, 0.3711736182300026, left(srz27409598967)
neg, 0.19918329105392513, left(srz24618672672)
neg, 0.09609493625297909, left(srz99311019201)
neg, 0.09224747701105376, left(srz44248272593)
neg, 0.08762384534061207, left(srz44230446587)
neg, 0.5854559097590201, left(srz44248271482)
neg, 0.3113054638003522, left(srz802972658)
neg, 0.31607632861215096, left(srz8029723976)
neg, 0.0887268665164327, left(srz99311018790)
neg, 0.43024999543214043, left(srz24618671619)
neg, 0.09259174908264792, left(srz8029726868)
neg, 0.7077438782664071, left(srz44248272213)
neg, 0.10429965700047668, left(srz96566174887)
neg, 0.3098342402670987, left(srz96566171115)
neg, 0.31607632861215096, left(srz44230441009)
neg, 0.08762384534061207, left(srz8029728975)
neg, 0.0992611488082572, left(srz9659492944)
neg, 0.23269372339757188, left(srz246186712073)
neg, 0.7077438782664071, left(srz44248273840)
neg, 0.09440773299953088, left(srz27409597053)
neg, 0.0958193856345921, left(srz96566179977)
neg, 0.31607632861215096, left(srz44248275874)
neg, 0.5854559097590201, left(srz44248272167)
neg, 0.43024999543214043, left(srz96566176676)
neg, 0.09224747701105376, left(srz96594927298)
neg, 0.09941796035347768, left(srz9931101242)
neg, 0.10747792548879284, left(srz27409592114)
neg, 0.40635621084154055, left(srz27409593971)
neg, 0.33768125175482216, left(srz274095917180)
neg, 0.10747792548879284, left(srz96566177462)
neg, 0.09259174908264792, left(srz1930611337)
neg, 0.08762384534061207, left(srz44230441623)
neg, 0.19918329105392513, left(srz274095914917)
neg, 0.08762384534061207, left(srz193064894)
neg, 0.2161421357982058, left(srz193061231)
neg, 0.08762384534061207, left(srz193069438)
neg, 0.09355835621005208, left(srz246186716553)
neg, 0.10404929125716667, left(srz965949210674)
neg, 0.09082282791544143, left(srz96594925105)
neg, 0.09264665702184746, left(srz246186712164)
neg, 0.10429965700047668, left(srz96566171521)
neg, 0.33768125175482216, left(srz8029728285)
neg, 0.40635621084154055, left(srz27409597467)
neg, 0.10429965700047668, left(srz965661713561)
neg, 0.09447233311561995, left(srz965949214264)
neg, 0.09609493625297909, left(srz96566174187)
neg, 0.09490985775752864, left(srz993110110073)
neg, 0.5169565646748872, left(srz80297210088)
neg, 0.09090821718191328, left(srz8029724107)
neg, 0.09475002328292681, left(srz1930610314)
neg, 0.10429965700047668, left(srz24618675360)
neg, 0.4544511178758716, left(srz99311019042)
neg, 0.09609493625297909, left(srz274095912885)
neg, 0.08762384534061207, left(srz44230442284)
neg, 0.08884187788696475, left(srz44230445498)
neg, 0.09016603697229966, left(srz44230446749)
neg, 0.10429965700047668, left(srz9931101529)
neg, 0.0992611488082572, left(srz96566173876)
neg, 0.21561915279098645, left(srz96566176130)
neg, 0.31607632861215096, left(srz44230442062)
neg, 0.08762384534061207, left(srz44248274296)
neg, 0.08762384534061207, left(srz99311015967)
neg, 0.21531360176855996, left(srz44248272381)
neg, 0.19918329105392513, left(srz96566176003)
neg, 0.10404929125716667, left(srz96594929624)
neg, 0.5854559097590201, left(srz80297210672)
neg, 0.10429965700047668, left(srz802972492)
neg, 0.34814322782325435, left(srz96594929115)
neg, 0.21561915279098645, left(srz9931101859)
neg, 0.10404929125716667, left(srz246186714542)
neg, 0.11688192957054873, left(srz44248273481)
neg, 0.3261986113799918, left(srz965949213625)
neg, 0.23269372339757188, left(srz96594929570)
neg, 0.43024999543214043, left(srz9931101188)
neg, 0.08762384534061207, left(srz193064085)
neg, 0.09463734954675793, left(srz96566175151)
neg, 0.09490985775752864, left(srz965661711529)
neg, 0.09090821718191328, left(srz44230447472)
neg, 0.36040220265655376, left(srz965661711384)
neg, 0.22014123864636012, left(srz24618677973)
neg, 0.10429965700047668, left(srz1930611116)
neg, 0.09941796035347768, left(srz44248277076)
neg, 0.43024999543214043, left(srz24618678679)
neg, 0.43024999543214043, left(srz274095916061)
neg, 0.11688192957054873, left(srz44248277599)
neg, 0.2013793350879112, left(srz193064267)
neg, 0.43024999543214043, left(srz2740959434)
neg, 0.09490985775752864, left(srz44230448242)
neg, 0.43024999543214043, left(srz96594928138)
neg, 0.08762384534061207, left(srz44248274615)
neg, 0.2522192920344088, left(srz99311014845)
neg, 0.31607632861215096, left(srz96566176009)
neg, 0.21561915279098645, left(srz1930611885)
neg, 0.338085635834678, left(srz96566175543)
neg, 0.7077438782664071, left(srz44248277335)
neg, 0.10429965700047668, left(srz246186713461)
neg, 0.13952275334673125, left(srz274095910750)
neg, 0.31607632861215096, left(srz44230446340)
neg, 0.08958030644887138, left(srz96594925658)
neg, 0.09463734954675793, left(srz96566175184)
neg, 0.21531360176855996, left(srz965661713932)
neg, 0.09656552271795196, left(srz4423044118)
neg, 0.09941796035347768, left(srz993110110988)
neg, 0.11688192957054873, left(srz193061354)
neg, 0.095140567258244, left(srz27409597962)
neg, 0.0992611488082572, left(srz96566176966)
neg, 0.09447233311561995, left(srz96594927744)
neg, 0.09264665702184746, left(srz44230442516)
neg, 0.08990707212312127, left(srz8029727389)
neg, 0.09340274269541389, left(srz99311017128)
neg, 0.09259174908264792, left(srz27409598225)
neg, 0.10747792548879284, left(srz965661711431)
neg, 0.09259174908264792, left(srz24618678180)
neg, 0.08990707212312127, left(srz193065812)
neg, 0.09941796035347768, left(srz19306848)
neg, 0.43024999543214043, left(srz965661711157)
neg, 0.21561915279098645, left(srz96566173080)
neg, 0.08762384534061207, left(srz96566174984)
neg, 0.43024999543214043, left(srz27409592621)
neg, 0.09470362628195078, left(srz2740959616)
neg, 0.4525842432755376, left(srz193065678)
neg, 0.10429965700047668, left(srz965661710045)
neg, 0.13062912489546, left(srz44230445662)
neg, 0.10205775805938307, left(srz24618679598)
neg, 0.09264665702184746, left(srz193064117)
neg, 0.10205775805938307, left(srz246186713058)
neg, 0.10429965700047668, left(srz27409593089)
neg, 0.33768125175482216, left(srz8029728575)
neg, 0.0887268665164327, left(srz193066074)
neg, 0.09929050605018572, left(srz993110110425)
neg, 0.10747792548879284, left(srz8029727991)
neg, 0.31607632861215096, left(srz993110111500)
neg, 0.09700154491364789, left(srz965661715519)
neg, 0.34855354714672426, left(srz96566173104)
neg, 0.09340274269541389, left(srz8029723239)
neg, 0.10429965700047668, left(srz274095911499)
neg, 0.10747792548879284, left(srz274095913058)
neg, 0.31607632861215096, left(srz44248273778)
neg, 0.08969631519377494, left(srz99311014482)
neg, 0.31607632861215096, left(srz993110111284)
neg, 0.11688192957054873, left(srz44230447058)
neg, 0.31607632861215096, left(srz193062885)
neg, 0.34814322782325435, left(srz44230444329)
neg, 0.22014123864636012, left(srz8029723166)
neg, 0.43024999543214043, left(srz44248275968)
neg, 0.08978074992954073, left(srz274095915885)
neg, 0.08762384534061207, left(srz44230441666)
neg, 0.10747792548879284, left(srz274095910087)
neg, 0.09224747701105376, left(srz96566173101)
neg, 0.09463734954675793, left(srz96566178508)
neg, 0.09965842165547369, left(srz274095910335)
neg, 0.21531360176855996, left(srz965661713828)
neg, 0.19918329105392513, left(srz993110111178)
neg, 0.338085635834678, left(srz802972791)
neg, 0.10747792548879284, left(srz99311011825)
neg, 0.0992611488082572, left(srz274095913230)
neg, 0.08958030644887138, left(srz1930610784)
neg, 0.0887268665164327, left(srz96594925441)
neg, 0.13952275334673125, left(srz96566179638)
neg, 0.0887268665164327, left(srz8029723790)
neg, 0.09190937749855801, left(srz193063557)
neg, 0.21561915279098645, left(srz44230441049)
neg, 0.08762384534061207, left(srz96594927566)
neg, 0.09016603697229966, left(srz44230446744)
neg, 0.338085635834678, left(srz8029729896)
neg, 0.31607632861215096, left(srz44230442209)
neg, 0.13952275334673125, left(srz27409598028)
neg, 0.34814322782325435, left(srz1930610566)
neg, 0.11688192957054873, left(srz8029721472)
neg, 0.09762134993398691, left(srz24618675064)
neg, 0.0992611488082572, left(srz24618672564)
neg, 0.0992611488082572, left(srz965661715310)
neg, 0.09941796035347768, left(srz8029727917)
neg, 0.40635621084154055, left(srz9656617690)
neg, 0.34855354714672426, left(srz44230445718)
neg, 0.09463868543959796, left(srz96566174133)
neg, 0.0924723759409461, left(srz8029729059)
neg, 0.10747792548879284, left(srz96566178308)
neg, 0.43024999543214043, left(srz24618671648)
neg, 0.09762134993398691, left(srz246186712747)
neg, 0.10747792548879284, left(srz96566174458)
neg, 0.31607632861215096, left(srz96566172895)
neg, 0.5854559097590201, left(srz802972535)
neg, 0.31607632861215096, left(srz96594925708)
neg, 0.11688192957054873, left(srz8029721311)
neg, 0.08978074992954073, left(srz96566176753)
neg, 0.43024999543214043, left(srz274095916102)
neg, 0.43024999543214043, left(srz274095916552)
neg, 0.09490985775752864, left(srz96594928456)
neg, 0.09463868543959796, left(srz965949214047)
neg, 0.10747792548879284, left(srz96594925307)
neg, 0.43024999543214043, left(srz274095913000)
neg, 0.10747792548879284, left(srz99311013515)
neg, 0.10429965700047668, left(srz965949211100)
neg, 0.0992611488082572, left(srz96594927465)
neg, 0.09762134993398691, left(srz274095914568)
neg, 0.09232652434404263, left(srz44230448255)
neg, 0.3711736182300026, left(srz44248275021)
neg, 0.0937508809907689, left(srz27409598292)
neg, 0.43024999543214043, left(srz193068008)
neg, 0.31607632861215096, left(srz44248277305)
neg, 0.09470362628195078, left(srz24618674500)
neg, 0.10747792548879284, left(srz44230446240)
neg, 0.09447233311561995, left(srz96594927741)
neg, 0.34814322782325435, left(srz965949212131)
neg, 0.13062912489546, left(srz27409599022)
neg, 0.40635621084154055, left(srz44230441476)
neg, 0.0992611488082572, left(srz193069776)
neg, 0.21561915279098645, left(srz246186716153)
neg, 0.11688192957054873, left(srz274095913932)
neg, 0.36040220265655376, left(srz802972646)
neg, 0.08762384534061207, left(srz44230443731)
neg, 0.0887268665164327, left(srz96594925512)
neg, 0.08762384534061207, left(srz4423044295)
neg, 0.08762384534061207, left(srz965661712077)
neg, 0.10747792548879284, left(srz27409593109)
neg, 0.2522192920344088, left(srz246186714730)
neg, 0.09941796035347768, left(srz99311016286)
neg, 0.10429965700047668, left(srz8029725052)
neg, 0.21561915279098645, left(srz246186714916)
neg, 0.09232652434404263, left(srz44230448256)
neg, 0.09608915723563012, left(srz44230441308)
neg, 0.10747792548879284, left(srz274095912230)
neg, 0.0887268665164327, left(srz96594926710)
neg, 0.08762384534061207, left(srz8029725965)
neg, 0.10429965700047668, left(srz193069252)
neg, 0.09941796035347768, left(srz8029726248)
neg, 0.09470362628195078, left(srz19306532)
neg, 0.5169565646748872, left(srz24618679671)
neg, 0.10205775805938307, left(srz99311011254)
neg, 0.09104766044741505, left(srz8029729869)
neg, 0.10429965700047668, left(srz96566179148)
neg, 0.338085635834678, left(srz44248271705)
neg, 0.11688192957054873, left(srz274095913886)
neg, 0.0868824920165507, left(srz9659492544)
neg, 0.21561915279098645, left(srz965661715964)
neg, 0.0887268665164327, left(srz27409597308)
neg, 0.08762384534061207, left(srz8029725928)
neg, 0.08969631519377494, left(srz2740959741)
neg, 0.09463868543959796, left(srz96566174132)
neg, 0.14392251391921854, left(srz965661712566)
neg, 0.10205775805938307, left(srz96594929560)
neg, 0.08762384534061207, left(srz99311016063)
neg, 0.09609493625297909, left(srz193062943)
neg, 0.12050413854916141, left(srz99311017270)
neg, 0.10205775805938307, left(srz99311011259)
neg, 0.10404929125716667, left(srz274095913516)
neg, 0.11688192957054873, left(srz965949212045)
neg, 0.10747792548879284, left(srz99311018623)
neg, 0.09700154491364789, left(srz8029727957)
neg, 0.21561915279098645, left(srz96594929447)
neg, 0.6928377924762232, left(srz96566174156)
neg, 0.10404929125716667, left(srz965949210708)
neg, 0.33768125175482216, left(srz44230444123)
neg, 0.09259174908264792, left(srz965661715507)
neg, 0.7077438782664071, left(srz44230447600)
neg, 0.09608915723563012, left(srz8029723316)
neg, 0.08762384534061207, left(srz24618677949)
neg, 0.40635621084154055, left(srz96594928434)
neg, 0.08762384534061207, left(srz246186713274)
neg, 0.10205775805938307, left(srz246186713075)
neg, 0.11688192957054873, left(srz44248273255)
neg, 0.08990707212312127, left(srz8029723621)
neg, 0.7077438782664071, left(srz44248273809)
neg, 0.09224747701105376, left(srz19306590)
neg, 0.33768125175482216, left(srz8029721639)
neg, 0.17064270533827597, left(srz246186710036)
neg, 0.0887268665164327, left(srz1930610424)
neg, 0.09224747701105376, left(srz99311016915)
neg, 0.3711736182300026, left(srz965949213215)
neg, 0.40635621084154055, left(srz1930625)
neg, 0.09363016764644838, left(srz44230446106)
neg, 0.10429965700047668, left(srz274095913142)
neg, 0.09224747701105376, left(srz96594927287)
neg, 0.11688192957054873, left(srz246186711959)
neg, 0.0887268665164327, left(srz24618679422)
neg, 0.10747792548879284, left(srz9656617261)
neg, 0.43024999543214043, left(srz274095913050)
neg, 0.11688192957054873, left(srz44230446906)
neg, 0.09340274269541389, left(srz24618672395)
neg, 0.2161421357982058, left(srz44230446970)
neg, 0.08797708080886504, left(srz44248276042)
neg, 0.08762384534061207, left(srz8029728914)
neg, 0.34855354714672426, left(srz99311017209)
neg, 0.1433931609136935, left(srz993110110834)
neg, 0.40635621084154055, left(srz274095913399)
neg, 0.10205775805938307, left(srz96594926456)
neg, 0.338085635834678, left(srz193066476)
neg, 0.1433931609136935, left(srz44248271600)
neg, 0.31607632861215096, left(srz99311012696)
neg, 0.19918329105392513, left(srz8029721586)
neg, 0.5006733409902656, left(srz965661715637)
neg, 0.31607632861215096, left(srz274095917175)
neg, 0.40635621084154055, left(srz9931101807)
neg, 0.33768125175482216, left(srz27409598055)
neg, 0.09463868543959796, left(srz965949213295)
neg, 0.21561915279098645, left(srz193061602)
neg, 0.0992611488082572, left(srz24618678804)
neg, 0.10747792548879284, left(srz96594925344)
neg, 0.36040220265655376, left(srz44230443244)
neg, 0.19176228743018453, left(srz193066684)
neg, 0.33768125175482216, left(srz193062812)
neg, 0.08762384534061207, left(srz19306281)
neg, 0.2013793350879112, left(srz99311019683)
neg, 0.21561915279098645, left(srz9931101743)
neg, 0.10747792548879284, left(srz965661713600)
neg, 0.40635621084154055, left(srz44230444368)
neg, 0.09398249492320182, left(srz96566177771)
neg, 0.33768125175482216, left(srz246186715375)
neg, 0.08969631519377494, left(srz274095910141)
neg, 0.1569926385905161, left(srz8029725035)
neg, 0.10404929125716667, left(srz246186711549)
neg, 0.10747792548879284, left(srz193062133)
neg, 0.3113054638003522, left(srz99311016619)
neg, 0.22014123864636012, left(srz2461867616)
neg, 0.09447233311561995, left(srz965661714410)
neg, 0.08762384534061207, left(srz193063874)
neg, 0.10747792548879284, left(srz44230445022)
neg, 0.08762384534061207, left(srz19306320)
neg, 0.0924755272370769, left(srz27409593154)
neg, 0.08762384534061207, left(srz965661712174)
neg, 0.0937508809907689, left(srz96566179953)
neg, 0.10404929125716667, left(srz246186711605)
neg, 0.23269372339757188, left(srz4424827596)
neg, 0.09129785735141506, left(srz44248276605)
neg, 0.11688192957054873, left(srz8029721350)
neg, 0.10205775805938307, left(srz24618679233)
neg, 0.09463734954675793, left(srz44230441208)
neg, 0.21531360176855996, left(srz44230443963)
neg, 0.09941796035347768, left(srz993110110008)
neg, 0.10747792548879284, left(srz965661711199)
neg, 0.09609493625297909, left(srz993110112003)
neg, 0.40635621084154055, left(srz965661713485)
neg, 0.10205775805938307, left(srz24618679581)
neg, 0.09632821988167461, left(srz193062410)
neg, 0.0992611488082572, left(srz8029722254)
neg, 0.09224747701105376, left(srz802972114)
neg, 0.21561915279098645, left(srz993110111346)
neg, 0.10429965700047668, left(srz27409592644)
neg, 0.21561915279098645, left(srz24618672881)
neg, 0.3711736182300026, left(srz44248272091)
neg, 0.33768125175482216, left(srz246186713769)
neg, 0.5006733409902656, left(srz96566178012)
neg, 0.09876773435703545, left(srz246186712866)
neg, 0.09965842165547369, left(srz193068416)
neg, 0.33768125175482216, left(srz24618678693)
neg, 0.5169565646748872, left(srz24618677642)
neg, 0.2522192920344088, left(srz8029728377)
neg, 0.33768125175482216, left(srz44230447560)
neg, 0.6928377924762232, left(srz44248271879)
neg, 0.36040220265655376, left(srz802972550)
neg, 0.08762384534061207, left(srz44248275713)
neg, 0.6928377924762232, left(srz8029727028)
neg, 0.0937508809907689, left(srz99311011529)
neg, 0.09965842165547369, left(srz274095910339)
neg, 0.31607632861215096, left(srz965949211898)
neg, 0.10429965700047668, left(srz24618679704)
neg, 0.09470362628195078, left(srz99311012383)
neg, 0.08969631519377494, left(srz8029722235)
neg, 0.09941796035347768, left(srz80297210880)
neg, 0.36040220265655376, left(srz99311017927)
neg, 0.31607632861215096, left(srz8029726728)
neg, 0.09941796035347768, left(srz193063734)
neg, 0.09608915723563012, left(srz246186712186)
neg, 0.40635621084154055, left(srz24618678027)
neg, 0.21531360176855996, left(srz99311015043)
neg, 0.09168441105486956, left(srz24618676353)
neg, 0.09965842165547369, left(srz193064780)
neg, 0.19918329105392513, left(srz274095914918)
neg, 0.08762384534061207, left(srz44248274678)
neg, 0.36040220265655376, left(srz44248276322)
neg, 0.31607632861215096, left(srz44230446010)
neg, 0.09941796035347768, left(srz44230442324)
neg, 0.33768125175482216, left(srz99311012361)
neg, 0.10747792548879284, left(srz99311013513)
neg, 0.21531360176855996, left(srz965949211752)
neg, 0.3755421821594811, left(srz96594928182)
neg, 0.5379974749891667, left(srz44230443)
neg, 0.2605058195600784, left(srz965661712476)
neg, 0.3711736182300026, left(srz246186714523)
neg, 0.10205775805938307, left(srz193069576)
neg, 0.08990707212312127, left(srz8029727437)
neg, 0.08762384534061207, left(srz965661714350)
neg, 0.10429965700047668, left(srz274095911464)
neg, 0.33768125175482216, left(srz8029724704)
neg, 0.10429965700047668, left(srz27409593290)
neg, 0.09224747701105376, left(srz8029729078)
neg, 0.10429965700047668, left(srz96566171491)
neg, 0.0992611488082572, left(srz24618679816)
neg, 0.10429965700047668, left(srz993110110317)
neg, 0.08969631519377494, left(srz2740959736)
neg, 0.10747792548879284, left(srz274095911977)
neg, 0.10747792548879284, left(srz44248273878)
neg, 0.21531360176855996, left(srz8029722692)
neg, 0.09352319308513994, left(srz44248271085)
neg, 0.36040220265655376, left(srz44248277051)
neg, 0.23269372339757188, left(srz24618674126)
neg, 0.10747792548879284, left(srz44248272798)
neg, 0.0937508809907689, left(srz193064846)
neg, 0.31607632861215096, left(srz96566176061)
neg, 0.1893572335612909, left(srz274095913731)
neg, 0.10404929125716667, left(srz99311018858)
neg, 0.21561915279098645, left(srz8029722848)
neg, 0.09463734954675793, left(srz8029726850)
neg, 0.29176310864977023, left(srz9659492225)
neg, 0.09470362628195078, left(srz27409595730)
neg, 0.10429965700047668, left(srz274095910366)
neg, 0.338085635834678, left(srz193066470)
neg, 0.11688192957054873, left(srz965661715909)
neg, 0.08762384534061207, left(srz193066907)
neg, 0.08762384534061207, left(srz965949213881)
neg, 0.10429965700047668, left(srz9931101334)
neg, 0.10747792548879284, left(srz96566178450)
neg, 0.08990707212312127, left(srz193065817)
neg, 0.08958030644887138, left(srz99311013324)
neg, 0.10747792548879284, left(srz193064739)
neg, 0.31607632861215096, left(srz44248273129)
neg, 0.33768125175482216, left(srz27409596638)
neg, 0.11688192957054873, left(srz965661711646)
neg, 0.10429965700047668, left(srz27409594542)
neg, 0.10429965700047668, left(srz24618674571)
neg, 0.10747792548879284, left(srz965949211385)
neg, 0.11688192957054873, left(srz99311014904)
neg, 0.09470362628195078, left(srz44248272007)
neg, 0.09490985775752864, left(srz99311015827)
neg, 0.11688192957054873, left(srz993110111414)
neg, 0.40635621084154055, left(srz274095916515)
neg, 0.0887268665164327, left(srz193067889)
neg, 0.33768125175482216, left(srz193068612)
neg, 0.10747792548879284, left(srz8029727887)
neg, 0.10429965700047668, left(srz27409596957)
neg, 0.08762384534061207, left(srz246186713295)
neg, 0.0958193856345921, left(srz193066601)
neg, 0.09609493625297909, left(srz8029729425)
neg, 0.40635621084154055, left(srz27409598172)
neg, 0.33768125175482216, left(srz99311018358)
neg, 0.09016603697229966, left(srz1930610057)
neg, 0.2522192920344088, left(srz44248273330)
neg, 0.40635621084154055, left(srz965661714587)
neg, 0.33768125175482216, left(srz8029726326)
neg, 0.11688192957054873, left(srz27409599213)
neg, 0.43024999543214043, left(srz9656617983)
neg, 0.0868824920165507, left(srz8029728434)
neg, 0.11688192957054873, left(srz965661715942)
neg, 0.09941796035347768, left(srz193067266)
neg, 0.09190937749855801, left(srz193063500)
neg, 0.40635621084154055, left(srz965661714573)
neg, 0.33768125175482216, left(srz96594925847)
neg, 0.08762384534061207, left(srz27409599540)
neg, 0.31607632861215096, left(srz24618677353)
neg, 0.31607632861215096, left(srz24618675001)
neg, 0.338085635834678, left(srz44248277328)
neg, 0.10747792548879284, left(srz27409595199)
neg, 0.3261986113799918, left(srz965661712456)
neg, 0.08990707212312127, left(srz8029727491)
neg, 0.09463868543959796, left(srz993110111975)
neg, 0.31607632861215096, left(srz96566171130)
neg, 0.2144317939556987, left(srz193065150)
neg, 0.23269372339757188, left(srz24618674245)
neg, 0.10429965700047668, left(srz246186715527)
neg, 0.23269372339757188, left(srz8029725587)
neg, 0.08762384534061207, left(srz99311019584)
neg, 0.5006733409902656, left(srz965661715638)
neg, 0.0992611488082572, left(srz96594921095)
neg, 0.10429965700047668, left(srz27409593470)
neg, 0.09224747701105376, left(srz993110110379)
neg, 0.08762384534061207, left(srz99311019518)
neg, 0.21531360176855996, left(srz96594923901)
neg, 0.09762134993398691, left(srz27409598857)
neg, 0.43024999543214043, left(srz27409591156)
neg, 0.09090821718191328, left(srz8029728109)
neg, 0.33768125175482216, left(srz9656617611)
neg, 0.11688192957054873, left(srz274095913903)
neg, 0.19918329105392513, left(srz96566172796)
neg, 0.10429965700047668, left(srz96594928075)
neg, 0.21561915279098645, left(srz96566173081)
neg, 0.31607632861215096, left(srz24618672689)
neg, 0.09363016764644838, left(srz802972827)
neg, 0.10747792548879284, left(srz44230446235)
neg, 0.09608915723563012, left(srz44230441323)
neg, 0.21531360176855996, left(srz44230443967)
neg, 0.08762384534061207, left(srz965949213794)
neg, 0.40635621084154055, left(srz24618673821)
neg, 0.20483954528593876, left(srz99311018997)
neg, 0.08762384534061207, left(srz96594928709)
neg, 0.08762384534061207, left(srz96594927668)
neg, 0.09224747701105376, left(srz44248272585)
neg, 0.08978074992954073, left(srz24618674000)
neg, 0.10747792548879284, left(srz965949211387)
neg, 0.09082282791544143, left(srz44230445435)
neg, 0.11688192957054873, left(srz44248277805)
neg, 0.10747792548879284, left(srz965661714769)
neg, 0.40635621084154055, left(srz24618674671)
neg, 0.11688192957054873, left(srz965949213326)
neg, 0.19918329105392513, left(srz44230441034)
neg, 0.0992611488082572, left(srz27409597639)
neg, 0.2144317939556987, left(srz965949212570)
neg, 0.43024999543214043, left(srz44230447898)
neg, 0.10205775805938307, left(srz96566171435)
neg, 0.0924723759409461, left(srz9656617759)
neg, 0.10429965700047668, left(srz99311011802)
neg, 0.09490985775752864, left(srz99311015565)
neg, 0.09470362628195078, left(srz24618678526)
neg, 0.10747792548879284, left(srz2740959875)
neg, 0.09193959798893422, left(srz96566177639)
neg, 0.10205775805938307, left(srz24618675759)
neg, 0.09609493625297909, left(srz965949213539)
neg, 0.08762384534061207, left(srz965949213704)
neg, 0.10429965700047668, left(srz44230447371)
neg, 0.09470362628195078, left(srz246186711484)
neg, 0.08958030644887138, left(srz24618676463)
neg, 0.09463868543959796, left(srz193062929)
neg, 0.10747792548879284, left(srz246186715770)
neg, 0.0887268665164327, left(srz193066120)
neg, 0.09463868543959796, left(srz993110112166)
neg, 0.09608915723563012, left(srz9659492922)
neg, 0.10747792548879284, left(srz274095910385)
neg, 0.0887268665164327, left(srz99311018785)
neg, 0.34814322782325435, left(srz96594929116)
neg, 0.33768125175482216, left(srz965661713874)
neg, 0.338085635834678, left(srz80297210660)
neg, 0.5169565646748872, left(srz27409592608)
neg, 0.09609493625297909, left(srz44230444986)
neg, 0.43024999543214043, left(srz99311019729)
neg, 0.31607632861215096, left(srz274095915516)
neg, 0.08762384534061207, left(srz246186717098)
neg, 0.21561915279098645, left(srz24618677451)
neg, 0.10429965700047668, left(srz246186713204)
neg, 0.10404929125716667, left(srz99311018534)
neg, 0.21561915279098645, left(srz9931101620)
neg, 0.43024999543214043, left(srz96594926126)
neg, 0.08762384534061207, left(srz193063830)
neg, 0.09016603697229966, left(srz96594927154)
neg, 0.22014123864636012, left(srz99311019794)
neg, 0.31607632861215096, left(srz8029726317)
neg, 0.21561915279098645, left(srz8029722935)
neg, 0.08762384534061207, left(srz8029724470)
neg, 0.31607632861215096, left(srz96566177418)
neg, 0.0992611488082572, left(srz246186710962)
neg, 0.0937508809907689, left(srz8029724898)
neg, 0.12239018499212168, left(srz246186710245)
neg, 0.08762384534061207, left(srz99311019655)
neg, 0.33768125175482216, left(srz24618675462)
neg, 0.21561915279098645, left(srz96594924076)
neg, 0.11688192957054873, left(srz8029721521)
neg, 0.08762384534061207, left(srz96566173722)
neg, 0.11688192957054873, left(srz246186714667)
neg, 0.08762384534061207, left(srz96594927026)
neg, 0.10747792548879284, left(srz99311011832)
neg, 0.43024999543214043, left(srz27409595265)
neg, 0.09463734954675793, left(srz24618673296)
neg, 0.09463734954675793, left(srz24618673237)
neg, 0.0992611488082572, left(srz193064578)
neg, 0.09447233311561995, left(srz993110110210)
neg, 0.10747792548879284, left(srz193064692)
neg, 0.0887268665164327, left(srz44230445508)
neg, 0.33768125175482216, left(srz965661713907)
neg, 0.23269372339757188, left(srz274095916031)
neg, 0.09656552271795196, left(srz44230447479)
neg, 0.0887268665164327, left(srz44248276805)
neg, 0.40635621084154055, left(srz96566177333)
neg, 0.09463734954675793, left(srz24618673242)
neg, 0.1893572335612909, left(srz274095913729)
neg, 0.31607632861215096, left(srz442482756)
neg, 0.10404929125716667, left(srz274095913499)
neg, 0.08762384534061207, left(srz44248275742)
neg, 0.0887268665164327, left(srz96594921348)
neg, 0.3331641946750168, left(srz96594929158)
neg, 0.09608915723563012, left(srz24618677214)
neg, 0.08978074992954073, left(srz96594928969)
neg, 0.095140567258244, left(srz193067489)
neg, 0.09259174908264792, left(srz99311018049)
neg, 0.33768125175482216, left(srz802972297)
neg, 0.43024999543214043, left(srz24618678020)
neg, 0.09129785735141506, left(srz44248276719)
neg, 0.0958193856345921, left(srz193066590)
neg, 0.2144317939556987, left(srz27409593081)
neg, 0.08762384534061207, left(srz44248274809)
neg, 0.43024999543214043, left(srz9656617969)
neg, 0.21531360176855996, left(srz965661713937)
neg, 0.10747792548879284, left(srz99311011780)
neg, 0.40635621084154055, left(srz27409594684)
neg, 0.0921735255964435, left(srz193063251)
neg, 0.34855354714672426, left(srz802972129)
neg, 0.08762384534061207, left(srz246186713264)
neg, 0.20483954528593876, left(srz96594927367)
neg, 0.10429965700047668, left(srz193065105)
neg, 0.10429965700047668, left(srz24618677845)
neg, 0.34855354714672426, left(srz8029722595)
neg, 0.0887268665164327, left(srz96594921455)
neg, 0.09041152568594854, left(srz193061825)
neg, 0.08762384534061207, left(srz8029729257)
neg, 0.08762384534061207, left(srz965949212844)
neg, 0.09226005588983227, left(srz27409599692)
neg, 0.34855354714672426, left(srz96594924380)
neg, 0.08762384534061207, left(srz96566173757)
neg, 0.09463868543959796, left(srz44230441921)
neg, 0.08762384534061207, left(srz99311017799)
neg, 0.09463734954675793, left(srz24618673238)
neg, 0.10747792548879284, left(srz44230448134)
neg, 0.11688192957054873, left(srz96566178909)
neg, 0.2144317939556987, left(srz8029727851)
neg, 0.08762384534061207, left(srz96594928734)
neg, 0.09608915723563012, left(srz27409595621)
neg, 0.09463734954675793, left(srz965661711479)
neg, 0.0887268665164327, left(srz99311018800)
neg, 0.09632821988167461, left(srz965661711291)
neg, 0.0887268665164327, left(srz96594926654)
neg, 0.19918329105392513, left(srz1930611677)
neg, 0.21561915279098645, left(srz24618677279)
neg, 0.21561915279098645, left(srz24618671282)
neg, 0.0937508809907689, left(srz965661715175)
neg, 0.33768125175482216, left(srz8029722772)
neg, 0.3261986113799918, left(srz96594927410)
neg, 0.36040220265655376, left(srz802972551)
neg, 0.09352319308513994, left(srz193063463)
neg, 0.08990707212312127, left(srz193063481)
neg, 0.21561915279098645, left(srz27409594064)
neg, 0.08990707212312127, left(srz8029727400)
neg, 0.43024999543214043, left(srz8029724005)
neg, 0.0887268665164327, left(srz96594926705)
neg, 0.31607632861215096, left(srz274095914826)
neg, 0.11688192957054873, left(srz8029725786)
neg, 0.08762384534061207, left(srz44248278094)
neg, 0.08762384534061207, left(srz8029728813)
neg, 0.09340274269541389, left(srz99311017135)
neg, 0.0924723759409461, left(srz96566178511)
neg, 0.10747792548879284, left(srz24618679246)
neg, 0.09470362628195078, left(srz274095914529)
neg, 0.21531360176855996, left(srz4424827571)
neg, 0.10205775805938307, left(srz96566171428)
neg, 0.13062912489546, left(srz96566178704)
neg, 0.33768125175482216, left(srz965661713904)
neg, 0.10747792548879284, left(srz27409598635)
neg, 0.43024999543214043, left(srz24618672474)
neg, 0.3261986113799918, left(srz965949213515)
neg, 0.21561915279098645, left(srz96566176126)
neg, 0.09463868543959796, left(srz1930610201)
neg, 0.13062912489546, left(srz44230445663)
neg, 0.0868824920165507, left(srz993110110084)
neg, 0.21531360176855996, left(srz96594923909)
neg, 0.10205775805938307, left(srz27409591536)
neg, 0.09609493625297909, left(srz8029729726)
neg, 0.10747792548879284, left(srz9656617285)
neg, 0.2161421357982058, left(srz993110110332)
neg, 0.10747792548879284, left(srz993110110302)
neg, 0.08762384534061207, left(srz96594927541)
neg, 0.10429965700047668, left(srz8029721221)
neg, 0.31607632861215096, left(srz44230447353)
neg, 0.19918329105392513, left(srz44248273551)
neg, 0.0937508809907689, left(srz802972831)
neg, 0.08762384534061207, left(srz44230441683)
neg, 0.21561915279098645, left(srz24618677531)
neg, 0.10205775805938307, left(srz27409597102)
neg, 0.31607632861215096, left(srz8029726581)
neg, 0.3331641946750168, left(srz965661715286)
neg, 0.09941796035347768, left(srz99311011419)
neg, 0.43024999543214043, left(srz96566172305)
neg, 0.19918329105392513, left(srz1930611689)
neg, 0.6928377924762232, left(srz8029727024)
neg, 0.10747792548879284, left(srz44230448292)
neg, 0.0887268665164327, left(srz193067846)
neg, 0.31607632861215096, left(srz193066266)
neg, 0.31607632861215096, left(srz96594922809)
neg, 0.09470362628195078, left(srz965949210437)
neg, 0.09941796035347768, left(srz96594926267)
neg, 0.0887268665164327, left(srz80297210367)
neg, 0.09264665702184746, left(srz274095911109)
neg, 0.09632821988167461, left(srz1930611085)
neg, 0.40635621084154055, left(srz27409594380)
neg, 0.08762384534061207, left(srz8029728823)
neg, 0.43024999543214043, left(srz965949211585)
neg, 0.11688192957054873, left(srz9931101935)
neg, 0.09352319308513994, left(srz99311012920)
neg, 0.08762384534061207, left(srz8029724509)
neg, 0.40635621084154055, left(srz44248273093)
neg, 0.09470362628195078, left(srz96566175629)
neg, 0.09259174908264792, left(srz96594929935)
neg, 0.11688192957054873, left(srz4424827889)
neg, 0.10404929125716667, left(srz274095913527)
neg, 0.19918329105392513, left(srz96566172814)
neg, 0.10747792548879284, left(srz193064682)
neg, 0.40635621084154055, left(srz24618673155)
neg, 0.19918329105392513, left(srz965949211827)
neg, 0.2522192920344088, left(srz965661711772)
neg, 0.10747792548879284, left(srz96594925366)
neg, 0.09941796035347768, left(srz965661773)
neg, 0.10429965700047668, left(srz27409593387)
neg, 0.0887268665164327, left(srz44248276846)
neg, 0.08762384534061207, left(srz44230446673)
neg, 0.31607632861215096, left(srz965949211913)
neg, 0.0887268665164327, left(srz96594925402)
neg, 0.09259174908264792, left(srz8029721901)
neg, 0.10747792548879284, left(srz965661710154)
neg, 0.0958193856345921, left(srz19306782)
neg, 0.09490985775752864, left(srz193062345)
neg, 0.21561915279098645, left(srz27409593793)
neg, 0.0887268665164327, left(srz24618675881)
neg, 0.10747792548879284, left(srz19306813)
neg, 0.10429965700047668, left(srz96566178466)
neg, 0.19918329105392513, left(srz96566175955)
neg, 0.10429965700047668, left(srz19306562)
neg, 0.09340274269541389, left(srz8029723595)
neg, 0.33768125175482216, left(srz193061764)
neg, 0.5379974749891667, left(srz246186710170)
neg, 0.0887268665164327, left(srz44230442761)
neg, 0.36040220265655376, left(srz96566177130)
neg, 0.43024999543214043, left(srz96594922435)
neg, 0.09447233311561995, left(srz99311019677)
neg, 0.37416594167486705, left(srz44248272133)
neg, 0.3261986113799918, left(srz965949213617)
neg, 0.2013793350879112, left(srz99311015592)
neg, 0.338085635834678, left(srz96594929799)
neg, 0.0887268665164327, left(srz8029727541)
neg, 0.2195820944774772, left(srz193061228)
neg, 0.10747792548879284, left(srz8029726510)
neg, 0.08762384534061207, left(srz8029729292)
neg, 0.3113054638003522, left(srz99311016645)
neg, 0.40635621084154055, left(srz44230446034)
neg, 0.10271147823357023, left(srz274095915586)
neg, 0.13952275334673125, left(srz1930611361)
neg, 0.09340274269541389, left(srz99311014656)
neg, 0.10429965700047668, left(srz24618673702)
neg, 0.08762384534061207, left(srz19306293)
neg, 0.10429965700047668, left(srz24618673703)
neg, 0.09016603697229966, left(srz99311014316)
neg, 0.09608915723563012, left(srz24618677171)
neg, 0.4525842432755376, left(srz44248271236)
neg, 0.08762384534061207, left(srz99311016059)
neg, 0.09656552271795196, left(srz24618675179)
neg, 0.08968652267371456, left(srz27409591724)
neg, 0.10429965700047668, left(srz274095911580)
neg, 0.10429965700047668, left(srz246186713160)
neg, 0.338085635834678, left(srz8029725270)
neg, 0.08762384534061207, left(srz8029726036)
neg, 0.10747792548879284, left(srz99311014250)
neg, 0.08978074992954073, left(srz8029728442)
neg, 0.09463868543959796, left(srz96594927326)
neg, 0.09608915723563012, left(srz27409594253)
neg, 0.09941796035347768, left(srz44248272747)
neg, 0.5006733409902656, left(srz246186715884)
neg, 0.3261986113799918, left(srz44248276857)
neg, 0.11688192957054873, left(srz965661715944)
neg, 0.10429965700047668, left(srz44248271424)
neg, 0.10747792548879284, left(srz1930611519)
neg, 0.09490985775752864, left(srz193069721)
neg, 0.09463868543959796, left(srz99311016960)
neg, 0.09490985775752864, left(srz96566179579)
neg, 0.08762384534061207, left(srz44230443758)
neg, 0.08762384534061207, left(srz44248275774)
neg, 0.09470362628195078, left(srz8029722251)
neg, 0.19918329105392513, left(srz44230441020)
neg, 0.08762384534061207, left(srz44248278059)
neg, 0.43024999543214043, left(srz19306965)
neg, 0.0937508809907689, left(srz96594929953)
neg, 0.10747792548879284, left(srz9656617269)
neg, 0.40635621084154055, left(srz99311016243)
neg, 0.2013793350879112, left(srz965661710171)
neg, 0.08762384534061207, left(srz193069490)
neg, 0.10429965700047668, left(srz44248271933)
neg, 0.43024999543214043, left(srz24618674167)
neg, 0.11688192957054873, left(srz24618674365)
neg, 0.1569926385905161, left(srz44230443591)
neg, 0.36040220265655376, left(srz44230443307)
neg, 0.0937508809907689, left(srz965949210308)
neg, 0.0887268665164327, left(srz8029723855)
neg, 0.09463734954675793, left(srz246186714391)
neg, 0.36040220265655376, left(srz8029725228)
neg, 0.40635621084154055, left(srz96594926138)
neg, 0.08762384534061207, left(srz965661714254)
neg, 0.17082060411216196, left(srz965949213976)
neg, 0.33768125175482216, left(srz96594922640)
neg, 0.10747792548879284, left(srz193063073)
neg, 0.7077438782664071, left(srz96594926391)
neg, 0.0887268665164327, left(srz44248275394)
neg, 0.08762384534061207, left(srz8029725960)
neg, 0.3711736182300026, left(srz96566176442)
neg, 0.22014123864636012, left(srz8029724702)
neg, 0.09632821988167461, left(srz44230447842)
neg, 0.09762134993398691, left(srz8029728400)
neg, 0.43024999543214043, left(srz274095916491)
neg, 0.10429965700047668, left(srz80297210803)
neg, 0.09447233311561995, left(srz193066126)
neg, 0.33768125175482216, left(srz99311018438)
neg, 0.09941796035347768, left(srz193067584)
neg, 0.09447386570887614, left(srz99311017055)
neg, 0.33768125175482216, left(srz19306950)
neg, 0.3261986113799918, left(srz1930612103)
neg, 0.08762384534061207, left(srz193064013)
neg, 0.10747792548879284, left(srz2740959872)
neg, 0.10747792548879284, left(srz1930610960)
neg, 0.43024999543214043, left(srz802972289)
neg, 0.08762384534061207, left(srz8029728828)
neg, 0.21561915279098645, left(srz27409591265)
neg, 0.33768125175482216, left(srz99311016190)
neg, 0.0887268665164327, left(srz44230442823)
neg, 0.5379974749891667, left(srz44248272982)
neg, 0.09363016764644838, left(srz80297210843)
neg, 0.22014123864636012, left(srz27409599833)
neg, 0.10747792548879284, left(srz27409595184)
neg, 0.08968652267371456, left(srz99311017239)
neg, 0.09941796035347768, left(srz274095911837)
neg, 0.10747792548879284, left(srz965661713069)
neg, 0.19701951681629268, left(srz8029726826)
neg, 0.2522192920344088, left(srz44230444832)
neg, 0.31607632861215096, left(srz965949211527)
neg, 0.09779106778024077, left(srz27409598683)
neg, 0.10747792548879284, left(srz274095913337)
neg, 0.15773133899215042, left(srz9659492587)
neg, 0.09470362628195078, left(srz44230445024)
neg, 0.31607632861215096, left(srz24618674691)
neg, 0.0868824920165507, left(srz965949213956)
neg, 0.40635621084154055, left(srz9656617676)
neg, 0.0887268665164327, left(srz96566171583)
neg, 0.31607632861215096, left(srz193061209)
neg, 0.21561915279098645, left(srz99311016766)
neg, 0.09608915723563012, left(srz96566175360)
neg, 0.08762384534061207, left(srz96594927148)
neg, 0.31607632861215096, left(srz44230441407)
neg, 0.10429965700047668, left(srz274095911543)
neg, 0.10404929125716667, left(srz96594929646)
neg, 0.40635621084154055, left(srz965661710952)
neg, 0.08958030644887138, left(srz96566172316)
neg, 0.11688192957054873, left(srz274095913827)
neg, 0.33768125175482216, left(srz44230441828)
neg, 0.10429965700047668, left(srz274095910887)
neg, 0.11688192957054873, left(srz274095916178)
neg, 0.10429965700047668, left(srz27409596945)
neg, 0.10747792548879284, left(srz27409593103)
neg, 0.36040220265655376, left(srz44248276319)
neg, 0.11688192957054873, left(srz27409599221)
neg, 0.09016603697229966, left(srz80297210557)
neg, 0.10205775805938307, left(srz96594927775)
neg, 0.10205775805938307, left(srz193068934)
neg, 0.40635621084154055, left(srz96566174039)
neg, 0.10429965700047668, left(srz27409594965)
neg, 0.10429965700047668, left(srz99311015079)
neg, 0.10205775805938307, left(srz96594926465)
neg, 0.23269372339757188, left(srz274095916028)
neg, 0.08762384534061207, left(srz193064071)
neg, 0.08990707212312127, left(srz44248275227)
neg, 0.3113054638003522, left(srz8029721369)
neg, 0.08762384534061207, left(srz246186713300)
neg, 0.10747792548879284, left(srz9656617253)
neg, 0.43024999543214043, left(srz193066240)
neg, 0.09608915723563012, left(srz965661713362)
neg, 0.08968652267371456, left(srz99311017252)
neg, 0.09608915723563012, left(srz24618671847)
neg, 0.11688192957054873, left(srz44248277796)
neg, 0.43024999543214043, left(srz193064171)
neg, 0.0992611488082572, left(srz24618679814)
neg, 0.31607632861215096, left(srz2740959925)
neg, 0.08958030644887138, left(srz24618676471)
neg, 0.08969631519377494, left(srz2461867701)
neg, 0.10429965700047668, left(srz24618675844)
neg, 0.09224747701105376, left(srz99311016920)
neg, 0.2195820944774772, left(srz8029725430)
neg, 0.10429965700047668, left(srz965661710485)
neg, 0.09447233311561995, left(srz193065090)
neg, 0.08762384534061207, left(srz44248275729)
neg, 0.31607632861215096, left(srz8029726719)
neg, 0.09470362628195078, left(srz246186711464)
neg, 0.09941796035347768, left(srz44230445275)
neg, 0.09608915723563012, left(srz8029721233)
neg, 0.3711736182300026, left(srz246186714610)
neg, 0.5006733409902656, left(srz96594923699)
neg, 0.31607632861215096, left(srz4423044999)
neg, 0.338085635834678, left(srz44230444893)
neg, 0.0887268665164327, left(srz9656617422)
neg, 0.08762384534061207, left(srz8029729198)
neg, 0.09470362628195078, left(srz27409594926)
neg, 0.09224747701105376, left(srz44248272590)
neg, 0.09463868543959796, left(srz9931101226)
neg, 0.10205775805938307, left(srz193068907)
neg, 0.09440773299953088, left(srz27409597049)
neg, 0.11688192957054873, left(srz965661715938)
neg, 0.33768125175482216, left(srz44248275947)
neg, 0.09608915723563012, left(srz27409592788)
neg, 0.10747792548879284, left(srz965949211374)
neg, 0.40635621084154055, left(srz24618674871)
neg, 0.34814322782325435, left(srz802972207)
neg, 0.09447233311561995, left(srz44248276955)
neg, 0.10747792548879284, left(srz246186712632)
neg, 0.33768125175482216, left(srz24618671963)
neg, 0.4544511178758716, left(srz8029724288)
neg, 0.10429965700047668, left(srz96566174278)
neg, 0.09463734954675793, left(srz246186714397)
neg, 0.36040220265655376, left(srz44230443241)
neg, 0.43024999543214043, left(srz24618678682)
neg, 0.09608915723563012, left(srz24618677220)
neg, 0.08762384534061207, left(srz246186716322)
neg, 0.09941796035347768, left(srz9931101274)
neg, 0.10747792548879284, left(srz193062135)
neg, 0.33768125175482216, left(srz44230444133)
neg, 0.0992611488082572, left(srz8029724560)
neg, 0.09762134993398691, left(srz246186712764)
neg, 0.08762384534061207, left(srz27409599492)
neg, 0.0887268665164327, left(srz965661710664)
neg, 0.31607632861215096, left(srz246186714108)
neg, 0.08762384534061207, left(srz965949213845)
neg, 0.10404929125716667, left(srz44230442435)
neg, 0.5169565646748872, left(srz2461867870)
neg, 0.11688192957054873, left(srz44230445655)
neg, 0.08762384534061207, left(srz965949213696)
neg, 0.11688192957054873, left(srz96594924102)
neg, 0.10747792548879284, left(srz274095910395)
neg, 0.10429965700047668, left(srz27409593400)
neg, 0.40635621084154055, left(srz993110112324)
neg, 0.5379974749891667, left(srz44248273824)
neg, 0.09608915723563012, left(srz274095914368)
neg, 0.09470362628195078, left(srz27409594933)
neg, 0.10205775805938307, left(srz96594927785)
neg, 0.10747792548879284, left(srz44230447493)
neg, 0.08762384534061207, left(srz44230446639)
neg, 0.2522192920344088, left(srz99311014803)
neg, 0.2521930902644402, left(srz96566178811)
neg, 0.08762384534061207, left(srz246186716470)
neg, 0.31607632861215096, left(srz2740959695)
neg, 0.33768125175482216, left(srz44230444333)
neg, 0.08762384534061207, left(srz965661714281)
neg, 0.09998224625624681, left(srz274095914590)
neg, 0.21531360176855996, left(srz44230444057)
neg, 0.08762384534061207, left(srz965661714300)
neg, 0.21561915279098645, left(srz24618674302)
neg, 0.0992611488082572, left(srz246186712789)
neg, 0.09264665702184746, left(srz44230442524)
neg, 0.10429965700047668, left(srz96566172393)
neg, 0.23269372339757188, left(srz27409591104)
neg, 0.09041152568594854, left(srz44230443113)
neg, 0.5379974749891667, left(srz193065648)
neg, 0.08978074992954073, left(srz24618674006)
neg, 0.08762384534061207, left(srz274095911327)
neg, 0.13952275334673125, left(srz246186714220)
neg, 0.09447386570887614, left(srz99311017451)
neg, 0.09447233311561995, left(srz44248275409)
neg, 0.10429965700047668, left(srz274095911595)
neg, 0.08762384534061207, left(srz965661712092)
neg, 0.43024999543214043, left(srz27409595268)
neg, 0.21561915279098645, left(srz27409591431)
neg, 0.33768125175482216, left(srz193061155)
neg, 0.33186072259198907, left(srz99311013455)
neg, 0.21561915279098645, left(srz27409591703)
neg, 0.10747792548879284, left(srz96594921297)
neg, 0.0887268665164327, left(srz27409595882)
neg, 0.09965842165547369, left(srz8029726456)
neg, 0.21561915279098645, left(srz27409591366)
neg, 0.2521930902644402, left(srz96566178806)
neg, 0.338085635834678, left(srz44230444571)
neg, 0.10404929125716667, left(srz8029727275)
neg, 0.11688192957054873, left(srz965949212002)
neg, 0.11688192957054873, left(srz9931101946)
neg, 0.0868824920165507, left(srz274095916653)
neg, 0.09608915723563012, left(srz9656617639)
neg, 0.33768125175482216, left(srz8029726296)
neg, 0.5379974749891667, left(srz44248271232)
neg, 0.08958030644887138, left(srz27409592928)
neg, 0.10205775805938307, left(srz27409597262)
neg, 0.33768125175482216, left(srz44230442243)
neg, 0.09608915723563012, left(srz274095915248)
neg, 0.43024999543214043, left(srz24618679678)
neg, 0.23269372339757188, left(srz27409591055)
neg, 0.11688192957054873, left(srz8029721484)
neg, 0.08762384534061207, left(srz99311013902)
neg, 0.11688192957054873, left(srz27409599185)
neg, 0.2521930902644402, left(srz27409599052)
neg, 0.21531360176855996, left(srz24618671035)
neg, 0.09224747701105376, left(srz44230441909)
neg, 0.40635621084154055, left(srz24618678461)
neg, 0.0887268665164327, left(srz193067807)
neg, 0.23269372339757188, left(srz4424827805)
neg, 0.5379974749891667, left(srz193066551)
neg, 0.11688192957054873, left(srz274095916189)
neg, 0.10747792548879284, left(srz27409598898)
neg, 0.08762384534061207, left(srz193066708)
neg, 0.09762134993398691, left(srz24618678262)
neg, 0.08928961349481537, left(srz96594928943)
neg, 0.0887268665164327, left(srz8029727611)
neg, 0.08762384534061207, left(srz1930612278)
neg, 0.7077438782664071, left(srz27409594169)
neg, 0.33768125175482216, left(srz965661713908)
neg, 0.338085635834678, left(srz44230447575)
neg, 0.2522192920344088, left(srz96594929331)
neg, 0.10429965700047668, left(srz27409599398)
neg, 0.19323985915953887, left(srz24618671529)
neg, 0.11688192957054873, left(srz96594922977)
neg, 0.33768125175482216, left(srz965949211653)
neg, 0.5379974749891667, left(srz44230441941)
neg, 0.21561915279098645, left(srz24618671270)
neg, 0.09656552271795196, left(srz1930661)
neg, 0.10404929125716667, left(srz246186714590)
neg, 0.10404929125716667, left(srz274095913536)
neg, 0.09608915723563012, left(srz24618677203)
neg, 0.09941796035347768, left(srz96594926265)
neg, 0.10747792548879284, left(srz96594921242)
neg, 0.08762384534061207, left(srz965949213788)
neg, 0.34855354714672426, left(srz4423044771)
neg, 0.338085635834678, left(srz802972573)
neg, 0.31607632861215096, left(srz965661712985)
neg, 0.10205775805938307, left(srz993110111131)
neg, 0.10429965700047668, left(srz24618674892)
neg, 0.21561915279098645, left(srz44230441098)
neg, 0.0887268665164327, left(srz274095912356)
neg, 0.10747792548879284, left(srz99311018303)
neg, 0.08990707212312127, left(srz193067672)
neg, 0.08762384534061207, left(srz965949213860)
neg, 0.08978074992954073, left(srz96566176758)
neg, 0.09090821718191328, left(srz96566174250)
neg, 0.10205775805938307, left(srz9656617191)
neg, 0.10429965700047668, left(srz8029724910)
neg, 0.5169565646748872, left(srz24618676852)
neg, 0.2521930902644402, left(srz27409599091)
neg, 0.40635621084154055, left(srz24618677800)
neg, 0.23269372339757188, left(srz274095916003)
neg, 0.08762384534061207, left(srz8029726096)
neg, 0.31607632861215096, left(srz24618679954)
neg, 0.09490985775752864, left(srz44230441900)
neg, 0.40635621084154055, left(srz8029722042)
neg, 0.31607632861215096, left(srz193062706)
neg, 0.40635621084154055, left(srz993110112328)
neg, 0.0937508809907689, left(srz8029728124)
neg, 0.0924723759409461, left(srz24618678212)
neg, 0.08762384534061207, left(srz99311013751)
neg, 0.19918329105392513, left(srz965949213404)
neg, 0.09463868543959796, left(srz99311019414)
neg, 0.10429965700047668, left(srz8029721106)
neg, 0.08990707212312127, left(srz193065870)
neg, 0.3113054638003522, left(srz24618672463)
neg, 0.09340274269541389, left(srz44248276518)
neg, 0.33768125175482216, left(srz274095912524)
neg, 0.08762384534061207, left(srz99311019504)
neg, 0.23784265859764414, left(srz9659492622)
neg, 0.08762384534061207, left(srz44248278001)
neg, 0.10205775805938307, left(srz96594925223)
neg, 0.10747792548879284, left(srz193068972)
neg, 0.09470362628195078, left(srz44230445027)
neg, 0.36040220265655376, left(srz274095915758)
neg, 0.43024999543214043, left(srz274095913266)
neg, 0.10747792548879284, left(srz24618675377)
neg, 0.10429965700047668, left(srz2740959333)
neg, 0.09016603697229966, left(srz96566173821)
neg, 0.33768125175482216, left(srz24618671124)
neg, 0.09470362628195078, left(srz24618678787)
neg, 0.11688192957054873, left(srz246186711741)
neg, 0.40635621084154055, left(srz44248277331)
neg, 0.09355835621005208, left(srz274095910244)
neg, 0.11688192957054873, left(srz44230447145)
neg, 0.0887268665164327, left(srz44248276798)
neg, 0.08762384534061207, left(srz44248275619)
neg, 0.09264665702184746, left(srz27409595669)
neg, 0.10429965700047668, left(srz246186711507)
neg, 0.09762134993398691, left(srz2461867774)
neg, 0.09447233311561995, left(srz246186716542)
neg, 0.09168441105486956, left(srz993110112247)
neg, 0.21561915279098645, left(srz246186712011)
neg, 0.11776684884009299, left(srz8029723516)
neg, 0.09407054746139654, left(srz965661714997)
neg, 0.09608915723563012, left(srz8029729863)
neg, 0.0887268665164327, left(srz24618679459)
neg, 0.08762384534061207, left(srz4423044399)
neg, 0.09463868543959796, left(srz99311011408)
neg, 0.40635621084154055, left(srz27409594383)
neg, 0.09941796035347768, left(srz965661714602)
neg, 0.17064270533827597, left(srz96594921032)
neg, 0.10429965700047668, left(srz96594926858)
neg, 0.3711736182300026, left(srz274095913589)
neg, 0.40635621084154055, left(srz44230446163)
neg, 0.09447386570887614, left(srz44230445305)
neg, 0.09700154491364789, left(srz8029727958)
neg, 0.09470362628195078, left(srz246186711461)
neg, 0.10429965700047668, left(srz24618676769)
neg, 0.3261986113799918, left(srz27409599333)
neg, 0.33768125175482216, left(srz44248277268)
neg, 0.31607632861215096, left(srz8029726391)
neg, 0.08762384534061207, left(srz965949212842)
neg, 0.338085635834678, left(srz44248271848)
neg, 0.0992611488082572, left(srz96566176967)
neg, 0.09608915723563012, left(srz99311013318)
neg, 0.09941796035347768, left(srz24618679925)
neg, 0.09762134993398691, left(srz274095914535)
neg, 0.43024999543214043, left(srz274095917190)
neg, 0.08884187788696475, left(srz44230445396)
neg, 0.11688192957054873, left(srz4424827866)
neg, 0.43024999543214043, left(srz44248272791)
neg, 0.11688192957054873, left(srz965661715946)
neg, 0.08762384534061207, left(srz44248277967)
neg, 0.08762384534061207, left(srz965949212722)
neg, 0.08762384534061207, left(srz99311011164)
neg, 0.09632821988167461, left(srz96594928502)
neg, 0.10747792548879284, left(srz44248273920)
neg, 0.10429965700047668, left(srz193062267)
neg, 0.08762384534061207, left(srz96594929539)
neg, 0.31607632861215096, left(srz274095914842)
neg, 0.10747792548879284, left(srz96594926599)
neg, 0.0877375645898625, left(srz44248273649)
neg, 0.36040220265655376, left(srz44230443302)
neg, 0.11688192957054873, left(srz44248277761)
neg, 0.21561915279098645, left(srz8029722928)
neg, 0.10429965700047668, left(srz27409591886)
neg, 0.40635621084154055, left(srz193068039)
neg, 0.10429965700047668, left(srz27409594559)
neg, 0.2144317939556987, left(srz19306578)
neg, 0.09941796035347768, left(srz8029729101)
neg, 0.43024999543214043, left(srz44230443201)
neg, 0.31607632861215096, left(srz8029723060)
neg, 0.09129785735141506, left(srz44248276602)
neg, 0.09440773299953088, left(srz99311017097)
neg, 0.11688192957054873, left(srz965661715917)
neg, 0.13815290302824862, left(srz44248278194)
neg, 0.40635621084154055, left(srz27409597454)
neg, 0.21561915279098645, left(srz24618677282)
neg, 0.15773133899215042, left(srz96594923146)
neg, 0.0992611488082572, left(srz274095914056)
neg, 0.09363016764644838, left(srz8029722328)
neg, 0.33768125175482216, left(srz193063113)
neg, 0.08762384534061207, left(srz19306340)
neg, 0.10747792548879284, left(srz274095915296)
neg, 0.7077438782664071, left(srz246186712985)
neg, 0.09463868543959796, left(srz1930610682)
neg, 0.08958030644887138, left(srz44230447378)
neg, 0.0924723759409461, left(srz96594923444)
neg, 0.09398249492320182, left(srz24618675242)
neg, 0.09632821988167461, left(srz44230448335)
neg, 0.11688192957054873, left(srz246186711728)
neg, 0.0868824920165507, left(srz99311013574)
neg, 0.09363016764644838, left(srz96566175299)
neg, 0.10205775805938307, left(srz80297253)
neg, 0.09463868543959796, left(srz9931101280)
neg, 0.43024999543214043, left(srz193069832)
neg, 0.21561915279098645, left(srz99311016781)
neg, 0.0887268665164327, left(srz27409595825)
neg, 0.09608915723563012, left(srz24618676152)
neg, 0.31607632861215096, left(srz27409592365)
neg, 0.09451882750413709, left(srz27409592536)
neg, 0.34814322782325435, left(srz96594929149)
neg, 0.08969631519377494, left(srz96594925076)
neg, 0.31607632861215096, left(srz96594922806)
neg, 0.40635621084154055, left(srz1930630)
neg, 0.10747792548879284, left(srz965661713592)
neg, 0.09632821988167461, left(srz965949214154)
neg, 0.08762384534061207, left(srz19306301)

