pos, 0.1667945087684509, vertical(srz24618679872, noop)
pos, 0.16679450876845095, vertical(srz24618675686, up)
pos, 0.1667945087684509, vertical(srz24618676562, down)
pos, 0.16679450876845095, vertical(srz24618673772, down)
pos, 0.1667945087684509, vertical(srz24618676144, noop)
pos, 0.1667945087684509, vertical(srz24618677815, noop)
pos, 0.1667945087684509, vertical(srz24618673627, noop)
pos, 0.1667945087684509, vertical(srz246186713308, noop)
pos, 0.1667945087684509, vertical(srz24618677806, up)
pos, 0.16679450876845095, vertical(srz246186714797, noop)
pos, 0.1667945087684509, vertical(srz246186716038, noop)
pos, 0.16679450876845095, vertical(srz24618676643, noop)
pos, 0.16679450876845095, vertical(srz246186714841, noop)
pos, 0.1667945087684509, vertical(srz24618672784, noop)
pos, 0.16679450876845095, vertical(srz246186716568, noop)
pos, 0.1667945087684509, vertical(srz24618679784, noop)
pos, 0.1667945087684509, vertical(srz246186711283, noop)
pos, 0.16679450876845095, vertical(srz246186712874, noop)
pos, 0.16679450876845098, vertical(srz24618674050, up)
pos, 0.1667945087684509, vertical(srz246186714264, down)
pos, 0.1667945087684509, vertical(srz246186715025, noop)
pos, 0.1667945087684509, vertical(srz24618676484, noop)
pos, 0.1667945087684509, vertical(srz24618672741, noop)
pos, 0.1667945087684509, vertical(srz24618677135, noop)
pos, 0.1667945087684509, vertical(srz24618672906, down)
pos, 0.1667945087684509, vertical(srz246186712839, up)
pos, 0.1667945087684509, vertical(srz246186710293, noop)
pos, 0.1667945087684509, vertical(srz24618678033, noop)
pos, 0.16679450876845098, vertical(srz24618672381, noop)
pos, 0.16679450876845178, vertical(srz246186716315, noop)
pos, 0.1667945087684509, vertical(srz24618678788, noop)
pos, 0.16679450876845095, vertical(srz24618679497, noop)
pos, 0.16679450876845095, vertical(srz2461867916, up)
pos, 0.1667945087684509, vertical(srz24618676413, noop)
pos, 0.1667945087684509, vertical(srz24618675188, up)
pos, 0.1667945087684509, vertical(srz246186710015, noop)
pos, 0.16679450876845098, vertical(srz24618674037, up)
pos, 0.1667945087684509, vertical(srz24618678810, up)
pos, 0.1667945087684509, vertical(srz24618674879, noop)
pos, 0.1667945087684509, vertical(srz24618671215, noop)
pos, 0.16679450876845098, vertical(srz246186711123, noop)
pos, 0.1667945087684509, vertical(srz246186714187, up)
pos, 0.1667945087684509, vertical(srz24618679605, noop)
pos, 0.1667945087684509, vertical(srz246186712145, noop)
pos, 0.16679450876845095, vertical(srz246186710426, up)
pos, 0.16679450876845095, vertical(srz246186713031, up)
pos, 0.1667945087684509, vertical(srz246186715307, noop)
pos, 0.1667945087684509, vertical(srz246186710322, noop)
pos, 0.1667945087684509, vertical(srz24618671098, noop)
pos, 0.1667945087684509, vertical(srz24618675552, noop)
pos, 0.1667945087684509, vertical(srz24618673044, noop)
pos, 0.1667945087684509, vertical(srz24618671331, noop)
pos, 0.1667945087684509, vertical(srz246186713497, up)
pos, 0.16679450876845178, vertical(srz246186717163, noop)
pos, 0.16679450876845095, vertical(srz246186713029, up)
pos, 0.1667945087684509, vertical(srz246186716140, noop)
pos, 0.1667945087684509, vertical(srz246186715491, down)
pos, 0.1667945087684509, vertical(srz24618678046, noop)
pos, 0.16679450876845098, vertical(srz246186711684, noop)
pos, 0.1667945087684509, vertical(srz246186716616, noop)
pos, 0.1667945087684509, vertical(srz24618677062, noop)
pos, 0.1667945087684509, vertical(srz24618678577, noop)
pos, 0.16679450876845095, vertical(srz24618677337, noop)
pos, 0.16679450876845095, vertical(srz246186711928, noop)
pos, 0.1667945087684509, vertical(srz24618679749, noop)
pos, 0.1667945087684509, vertical(srz24618677036, noop)
pos, 0.16679450876845095, vertical(srz24618679504, noop)
pos, 0.1667945087684509, vertical(srz246186748, noop)
pos, 0.1667945087684509, vertical(srz24618679979, down)
pos, 0.1667945087684509, vertical(srz2461867124, noop)
pos, 0.1667945087684509, vertical(srz246186712107, noop)
pos, 0.1667945087684509, vertical(srz24618677349, noop)
pos, 0.1667945087684509, vertical(srz246186712197, noop)
pos, 0.1667945087684509, vertical(srz246186716840, up)
pos, 0.16679450876845098, vertical(srz246186716509, noop)
pos, 0.1667945087684509, vertical(srz24618679745, noop)
pos, 0.1667945087684509, vertical(srz24618676313, noop)
pos, 0.1667945087684509, vertical(srz246186712773, noop)
pos, 0.16679450876845095, vertical(srz24618675679, up)
pos, 0.1667945087684509, vertical(srz24618675546, down)
pos, 0.1667945087684509, vertical(srz246186713400, down)
pos, 0.1667945087684509, vertical(srz246186711338, noop)
pos, 0.1667945087684509, vertical(srz24618679012, noop)
pos, 0.1667945087684509, vertical(srz246186716057, noop)
pos, 0.16679450876845145, vertical(srz246186715881, up)
pos, 0.1667945087684509, vertical(srz24618671512, noop)
pos, 0.1667945087684509, vertical(srz24618673125, noop)
pos, 0.1667945087684509, vertical(srz246186712013, noop)
pos, 0.1667945087684509, vertical(srz246186760, noop)
pos, 0.1667945087684509, vertical(srz24618672253, noop)
pos, 0.1667945087684509, vertical(srz24618677933, noop)
pos, 0.1667945087684509, vertical(srz24618674783, noop)
pos, 0.16679450876845178, vertical(srz246186716359, noop)
pos, 0.16679450876845095, vertical(srz24618677292, up)
pos, 0.1667945087684509, vertical(srz24618672322, down)
pos, 0.1667945087684509, vertical(srz24618673709, noop)
pos, 0.16679450876845095, vertical(srz24618679153, noop)
pos, 0.1667945087684509, vertical(srz246186711061, down)
pos, 0.1667945087684509, vertical(srz246186710214, noop)
pos, 0.1667945087684509, vertical(srz246186710111, noop)
pos, 0.16679450876845098, vertical(srz24618672338, down)
pos, 0.1667945087684509, vertical(srz24618672058, up)
pos, 0.1667945087684509, vertical(srz24618676284, up)
pos, 0.1667945087684509, vertical(srz246186713469, noop)
pos, 0.1667945087684509, vertical(srz24618678261, down)
pos, 0.1667945087684509, vertical(srz24618675432, noop)
pos, 0.16679450876845095, vertical(srz246186714664, noop)
pos, 0.16679450876845095, vertical(srz24618675759, noop)
pos, 0.1667945087684509, vertical(srz24618674885, noop)
pos, 0.1667945087684509, vertical(srz24618672259, down)
pos, 0.1667945087684509, vertical(srz24618671388, down)
pos, 0.1667945087684509, vertical(srz2461867365, noop)
pos, 0.1667945087684509, vertical(srz246186716221, noop)
pos, 0.1667945087684509, vertical(srz24618672028, noop)
pos, 0.16679450876845095, vertical(srz246186710414, noop)
pos, 0.1667945087684509, vertical(srz24618676480, noop)
pos, 0.16679450876845098, vertical(srz246186716473, noop)
pos, 0.1667945087684509, vertical(srz246186716729, noop)
pos, 0.1667945087684509, vertical(srz246186710370, up)
pos, 0.1667945087684509, vertical(srz246186715596, noop)
pos, 0.16679450876845095, vertical(srz24618679527, noop)
pos, 0.1667945087684509, vertical(srz24618677518, noop)
pos, 0.1667945087684509, vertical(srz246186713447, down)
pos, 0.16679450876845098, vertical(srz24618677244, noop)
pos, 0.1667945087684509, vertical(srz24618677861, noop)
pos, 0.1667945087684509, vertical(srz246186716208, noop)
pos, 0.1667945087684509, vertical(srz246186715114, noop)
pos, 0.1667945087684509, vertical(srz246186712556, down)
pos, 0.1667945087684509, vertical(srz24618674498, down)
pos, 0.1667945087684509, vertical(srz24618673685, up)
pos, 0.1667945087684509, vertical(srz24618673629, noop)
pos, 0.1667945087684509, vertical(srz24618674437, down)
pos, 0.1667945087684509, vertical(srz24618671561, noop)
pos, 0.1667945087684509, vertical(srz246186714091, noop)
pos, 0.16679450876845098, vertical(srz24618677957, noop)
pos, 0.1667945087684509, vertical(srz246186712171, down)
pos, 0.1667945087684509, vertical(srz24618676735, up)
pos, 0.1667945087684509, vertical(srz246186712663, noop)
pos, 0.1667945087684509, vertical(srz24618677878, noop)
pos, 0.1667945087684509, vertical(srz246186713360, down)
pos, 0.1667945087684509, vertical(srz246186712620, down)
pos, 0.1667945087684509, vertical(srz246186712027, noop)
pos, 0.1667945087684509, vertical(srz24618679476, down)
pos, 0.1667945087684509, vertical(srz24618675988, noop)
pos, 0.16679450876845095, vertical(srz246186711845, noop)
pos, 0.1667945087684509, vertical(srz24618678799, up)
pos, 0.1667945087684509, vertical(srz246186712600, down)
pos, 0.1667945087684509, vertical(srz246186713969, noop)
pos, 0.1667945087684509, vertical(srz2461867391, up)
pos, 0.16679450876845095, vertical(srz24618677600, noop)
pos, 0.1667945087684509, vertical(srz24618678290, up)
pos, 0.1667945087684509, vertical(srz246186715212, noop)
pos, 0.1667945087684509, vertical(srz24618676974, noop)
pos, 0.1667945087684509, vertical(srz24618671160, noop)
pos, 0.1667945087684509, vertical(srz24618673337, up)
pos, 0.1667945087684509, vertical(srz246186714149, up)
pos, 0.1667945087684509, vertical(srz246186711167, noop)
pos, 0.1667945087684509, vertical(srz246186716164, noop)
pos, 0.1667945087684509, vertical(srz24618673295, down)
pos, 0.1667945087684509, vertical(srz246186716773, noop)
pos, 0.1667945087684509, vertical(srz246186711578, noop)
pos, 0.1667945087684509, vertical(srz24618674259, noop)
pos, 0.1667945087684509, vertical(srz24618676142, noop)
pos, 0.1667945087684509, vertical(srz24618675891, noop)
pos, 0.16679450876845098, vertical(srz246186716529, down)
pos, 0.1667945087684509, vertical(srz24618672471, down)
pos, 0.1667945087684509, vertical(srz24618673458, up)
pos, 0.1667945087684509, vertical(srz246186713245, noop)
pos, 0.1667945087684509, vertical(srz2461867171, noop)
pos, 0.1667945087684509, vertical(srz246186712763, down)
pos, 0.1667945087684509, vertical(srz246186715459, down)
pos, 0.16679450876845095, vertical(srz246186715919, up)
pos, 0.1667945087684509, vertical(srz24618676149, noop)
pos, 0.1667945087684509, vertical(srz246186714480, down)
pos, 0.1667945087684509, vertical(srz24618671135, noop)
pos, 0.16679450876845095, vertical(srz24618673755, up)
pos, 0.1667945087684509, vertical(srz24618679681, up)
pos, 0.1667945087684509, vertical(srz24618678905, noop)
pos, 0.1667945087684509, vertical(srz24618676165, noop)
pos, 0.1667945087684509, vertical(srz246186716844, up)
pos, 0.16679450876845095, vertical(srz246186713370, noop)
pos, 0.1667945087684509, vertical(srz24618672275, down)
pos, 0.1667945087684509, vertical(srz24618672503, up)
pos, 0.1667945087684509, vertical(srz24618676890, noop)
pos, 0.1667945087684509, vertical(srz24618671701, down)
pos, 0.1667945087684509, vertical(srz24618678436, noop)
pos, 0.1667945087684509, vertical(srz2461867742, noop)
pos, 0.1667945087684509, vertical(srz24618676777, down)
pos, 0.16679450876845095, vertical(srz24618675090, noop)
pos, 0.16679450876845095, vertical(srz246186714599, up)
pos, 0.1667945087684509, vertical(srz24618672252, noop)
pos, 0.1667945087684509, vertical(srz246186710928, noop)
pos, 0.1667945087684509, vertical(srz246186711808, noop)
pos, 0.16679450876845098, vertical(srz24618679913, down)
pos, 0.1667945087684509, vertical(srz246186712479, down)
pos, 0.1667945087684509, vertical(srz24618672950, noop)
pos, 0.16679450876845095, vertical(srz24618675236, noop)
pos, 0.1667945087684509, vertical(srz246186711443, up)
pos, 0.1667945087684509, vertical(srz24618677112, up)
pos, 0.1667945087684509, vertical(srz2461867350, down)
pos, 0.16679450876845095, vertical(srz246186714821, noop)
pos, 0.1667945087684509, vertical(srz24618673241, noop)
pos, 0.1667945087684509, vertical(srz24618673459, up)
pos, 0.1667945087684509, vertical(srz24618676289, up)
pos, 0.16679450876845095, vertical(srz24618674733, down)
pos, 0.16679450876845095, vertical(srz24618679509, noop)
pos, 0.1667945087684509, vertical(srz24618678168, down)
pos, 0.1667945087684509, vertical(srz246186712592, down)
pos, 0.1667945087684509, vertical(srz24618675338, noop)
pos, 0.16679450876845095, vertical(srz24618676644, noop)
pos, 0.16679450876845095, vertical(srz24618677630, noop)
pos, 0.1667945087684509, vertical(srz24618679841, noop)
pos, 0.1667945087684509, vertical(srz246186715188, down)
pos, 0.16679450876845098, vertical(srz246186711709, noop)
pos, 0.1667945087684509, vertical(srz246186716636, noop)
pos, 0.1667945087684509, vertical(srz24618677005, noop)
pos, 0.16679450876845098, vertical(srz24618673483, down)
pos, 0.1667945087684509, vertical(srz24618673597, noop)
pos, 0.1667945087684509, vertical(srz246186711095, noop)
pos, 0.1667945087684509, vertical(srz24618678948, noop)
pos, 0.1667945087684509, vertical(srz246186713885, up)
pos, 0.16679450876845095, vertical(srz24618674409, noop)
pos, 0.1667945087684509, vertical(srz246186714135, up)
pos, 0.1667945087684509, vertical(srz24618671856, noop)
pos, 0.1667945087684509, vertical(srz24618678052, noop)
pos, 0.1667945087684509, vertical(srz246186713218, noop)
pos, 0.16679450876845095, vertical(srz2461867887, up)
pos, 0.1667945087684509, vertical(srz246186710738, noop)
pos, 0.1667945087684509, vertical(srz24618679477, down)
pos, 0.1667945087684509, vertical(srz24618674, noop)
pos, 0.1667945087684509, vertical(srz2461867330, down)
pos, 0.1667945087684509, vertical(srz246186711500, down)
pos, 0.1667945087684509, vertical(srz246186713821, up)
pos, 0.1667945087684509, vertical(srz24618674266, noop)
pos, 0.1667945087684509, vertical(srz246186712519, up)
pos, 0.1667945087684509, vertical(srz246186713201, noop)
pos, 0.16679450876845095, vertical(srz246186715778, up)
pos, 0.16679450876845178, vertical(srz246186716313, noop)
pos, 0.1667945087684509, vertical(srz246186713144, noop)
pos, 0.16679450876845095, vertical(srz246186716281, down)
pos, 0.1667945087684509, vertical(srz24618678473, down)
pos, 0.1667945087684509, vertical(srz24618673702, up)
pos, 0.16679450876845095, vertical(srz246186714315, up)
pos, 0.1667945087684509, vertical(srz246186715003, down)
pos, 0.16679450876845095, vertical(srz246186714419, down)
pos, 0.1667945087684509, vertical(srz246186714854, noop)
pos, 0.1667945087684509, vertical(srz246186714897, noop)
pos, 0.1667945087684509, vertical(srz246186715710, noop)
pos, 0.1667945087684509, vertical(srz24618678463, down)
pos, 0.1667945087684509, vertical(srz24618675200, down)
pos, 0.16679450876845095, vertical(srz246186711857, noop)
pos, 0.16679450876845098, vertical(srz246186716519, noop)
pos, 0.16679450876845095, vertical(srz246186713036, up)
pos, 0.1667945087684509, vertical(srz24618673735, down)
pos, 0.1667945087684509, vertical(srz2461867100, noop)
pos, 0.1667945087684509, vertical(srz246186715075, noop)
pos, 0.1667945087684509, vertical(srz24618673946, down)
pos, 0.1667945087684509, vertical(srz246186713725, up)
pos, 0.1667945087684509, vertical(srz2461867489, up)
pos, 0.1667945087684509, vertical(srz24618673720, up)
pos, 0.1667945087684509, vertical(srz24618672194, noop)
pos, 0.1667945087684509, vertical(srz246186711424, noop)
pos, 0.1667945087684509, vertical(srz24618675147, down)
pos, 0.1667945087684509, vertical(srz24618679680, up)
pos, 0.1667945087684509, vertical(srz24618678755, down)
pos, 0.1667945087684509, vertical(srz24618676600, down)
pos, 0.1667945087684509, vertical(srz24618674914, noop)
pos, 0.1667945087684509, vertical(srz24618671427, noop)
pos, 0.16679450876845095, vertical(srz24618674087, up)
pos, 0.16679450876845098, vertical(srz246186716413, noop)
pos, 0.16679450876845098, vertical(srz246186716511, noop)
pos, 0.16679450876845095, vertical(srz246186711945, noop)
pos, 0.1667945087684509, vertical(srz24618676077, down)
pos, 0.1667945087684509, vertical(srz24618678331, up)
pos, 0.1667945087684509, vertical(srz246186713942, noop)
pos, 0.1667945087684509, vertical(srz246186712037, noop)
pos, 0.1667945087684509, vertical(srz24618672681, noop)
pos, 0.1667945087684509, vertical(srz24618678768, noop)
pos, 0.1667945087684509, vertical(srz24618677685, noop)
pos, 0.16679450876845095, vertical(srz246186710455, noop)
pos, 0.16679450876845095, vertical(srz24618673757, up)
pos, 0.1667945087684509, vertical(srz246186716792, up)
pos, 0.1667945087684509, vertical(srz24618673796, noop)
pos, 0.1667945087684509, vertical(srz246186716877, noop)
pos, 0.1667945087684509, vertical(srz24618679619, noop)
pos, 0.16679450876845095, vertical(srz246186710445, up)
pos, 0.1667945087684509, vertical(srz24618672203, noop)
pos, 0.1667945087684509, vertical(srz246186710368, up)
pos, 0.1667945087684509, vertical(srz24618678281, noop)
pos, 0.1667945087684509, vertical(srz246186711529, up)
pos, 0.1667945087684509, vertical(srz24618671133, noop)
pos, 0.1667945087684509, vertical(srz24618677069, noop)
pos, 0.1667945087684509, vertical(srz24618678839, up)
pos, 0.1667945087684509, vertical(srz24618678617, noop)
pos, 0.1667945087684509, vertical(srz24618675934, noop)
pos, 0.1667945087684509, vertical(srz24618678045, noop)
pos, 0.1667945087684509, vertical(srz246186714449, down)
pos, 0.16679450876845095, vertical(srz246186710087, noop)
pos, 0.1667945087684509, vertical(srz246186710652, noop)
pos, 0.16679450876845095, vertical(srz246186715755, noop)
pos, 0.1667945087684509, vertical(srz24618676001, down)
pos, 0.1667945087684509, vertical(srz246186715661, up)
pos, 0.16679450876845095, vertical(srz24618675099, noop)
pos, 0.1667945087684509, vertical(srz246186715456, down)
pos, 0.1667945087684509, vertical(srz246186715526, noop)
pos, 0.1667945087684509, vertical(srz246186714891, noop)
pos, 0.1667945087684509, vertical(srz2461867614, up)
pos, 0.1667945087684509, vertical(srz246186714743, noop)
pos, 0.1667945087684509, vertical(srz246186715702, noop)
pos, 0.16679450876845095, vertical(srz246186711942, noop)
pos, 0.1667945087684509, vertical(srz246186714959, noop)
pos, 0.1667945087684509, vertical(srz246186712020, noop)
pos, 0.16679450876845095, vertical(srz246186715382, noop)
pos, 0.1667945087684509, vertical(srz246186711490, down)
pos, 0.16679450876845095, vertical(srz24618677585, down)
pos, 0.1667945087684509, vertical(srz24618676498, up)
pos, 0.1667945087684509, vertical(srz246186710884, down)
pos, 0.1667945087684509, vertical(srz246186715015, noop)
pos, 0.1667945087684509, vertical(srz24618674965, up)
pos, 0.1667945087684509, vertical(srz246186710624, noop)
pos, 0.1667945087684509, vertical(srz24618676466, noop)
pos, 0.1667945087684509, vertical(srz24618679452, noop)
pos, 0.1667945087684509, vertical(srz2461867325, down)
pos, 0.16679450876845095, vertical(srz24618672662, noop)
pos, 0.1667945087684509, vertical(srz246186711213, noop)
pos, 0.1667945087684509, vertical(srz24618673659, up)
pos, 0.1667945087684509, vertical(srz24618675961, noop)
pos, 0.1667945087684509, vertical(srz246186711330, noop)
pos, 0.16679450876845098, vertical(srz24618674066, up)
pos, 0.16679450876845095, vertical(srz246186713074, noop)
pos, 0.16679450876845095, vertical(srz246186715926, up)
pos, 0.1667945087684509, vertical(srz24618676678, noop)
pos, 0.1667945087684509, vertical(srz246186712553, noop)
pos, 0.1667945087684509, vertical(srz24618671651, up)
pos, 0.1667945087684509, vertical(srz24618676969, noop)
pos, 0.1667945087684509, vertical(srz246186715625, down)
pos, 0.1667945087684509, vertical(srz24618671571, up)
pos, 0.1667945087684509, vertical(srz24618678057, noop)
pos, 0.1667945087684509, vertical(srz246186714177, noop)
pos, 0.1667945087684509, vertical(srz24618675480, noop)
pos, 0.1667945087684509, vertical(srz246186714783, noop)
pos, 0.16679450876845095, vertical(srz24618679089, up)
pos, 0.1667945087684509, vertical(srz246186713431, down)
pos, 0.16679450876845178, vertical(srz246186716330, noop)
pos, 0.1667945087684509, vertical(srz24618672849, noop)
pos, 0.16679450876845095, vertical(srz246186716576, noop)
pos, 0.1667945087684509, vertical(srz24618675063, noop)
pos, 0.1667945087684509, vertical(srz2461867256, noop)
pos, 0.1667945087684509, vertical(srz24618671104, noop)
pos, 0.1667945087684509, vertical(srz2461867740, noop)
pos, 0.16679450876845095, vertical(srz24618672632, noop)
pos, 0.1667945087684509, vertical(srz246186714586, up)
pos, 0.16679450876845095, vertical(srz24618679053, noop)
pos, 0.1667945087684509, vertical(srz246186714766, noop)
pos, 0.1667945087684509, vertical(srz246186712750, down)
pos, 0.1667945087684509, vertical(srz24618673667, up)
pos, 0.16679450876845095, vertical(srz24618675102, noop)
pos, 0.1667945087684509, vertical(srz24618679300, noop)
pos, 0.16679450876845095, vertical(srz246186711533, up)
pos, 0.1667945087684509, vertical(srz24618673099, noop)
pos, 0.1667945087684509, vertical(srz24618674938, up)
pos, 0.16679450876845098, vertical(srz246186716445, noop)
pos, 0.1667945087684509, vertical(srz246186720, noop)
pos, 0.1667945087684509, vertical(srz24618672840, noop)
pos, 0.1667945087684509, vertical(srz24618676615, up)
pos, 0.1667945087684509, vertical(srz246186712731, up)
pos, 0.1667945087684509, vertical(srz246186711410, noop)
pos, 0.1667945087684509, vertical(srz24618672237, noop)
pos, 0.1667945087684509, vertical(srz246186716141, noop)
pos, 0.1667945087684509, vertical(srz246186715183, down)
pos, 0.1667945087684509, vertical(srz246186710129, noop)
pos, 0.1667945087684509, vertical(srz24618675999, down)
pos, 0.1667945087684509, vertical(srz24618675783, noop)
pos, 0.1667945087684509, vertical(srz246186710251, noop)
pos, 0.16679450876845095, vertical(srz24618679503, noop)
pos, 0.1667945087684509, vertical(srz2461867361, down)
pos, 0.1667945087684509, vertical(srz24618672746, noop)
pos, 0.1667945087684509, vertical(srz246186710772, noop)
pos, 0.1667945087684509, vertical(srz246186713428, noop)
pos, 0.1667945087684509, vertical(srz246186713158, noop)
pos, 0.1667945087684509, vertical(srz24618677859, down)
pos, 0.1667945087684509, vertical(srz246186710931, up)
pos, 0.1667945087684509, vertical(srz24618673806, noop)
pos, 0.1667945087684509, vertical(srz246186710170, noop)
pos, 0.1667945087684509, vertical(srz246186715085, noop)
pos, 0.1667945087684509, vertical(srz246186713338, noop)
pos, 0.1667945087684509, vertical(srz24618673059, noop)
pos, 0.1667945087684509, vertical(srz2461867454, noop)
pos, 0.1667945087684509, vertical(srz246186713722, noop)
pos, 0.1667945087684509, vertical(srz24618675935, noop)
pos, 0.16679450876845095, vertical(srz246186716262, noop)
pos, 0.1667945087684509, vertical(srz24618675235, noop)
pos, 0.1667945087684509, vertical(srz24618676473, noop)
pos, 0.1667945087684509, vertical(srz246186712716, noop)
pos, 0.1667945087684509, vertical(srz246186714211, noop)
pos, 0.16679450876845095, vertical(srz24618677233, noop)
pos, 0.16679450876845098, vertical(srz24618674125, noop)
pos, 0.1667945087684509, vertical(srz246186713134, noop)
pos, 0.1667945087684509, vertical(srz246186710362, up)
pos, 0.1667945087684509, vertical(srz24618673972, noop)
pos, 0.1667945087684509, vertical(srz24618672979, noop)
pos, 0.1667945087684509, vertical(srz24618671728, down)
pos, 0.1667945087684509, vertical(srz246186751, noop)
pos, 0.1667945087684509, vertical(srz2461867102, noop)
pos, 0.1667945087684509, vertical(srz24618675565, noop)
pos, 0.1667945087684509, vertical(srz24618678981, down)
pos, 0.1667945087684509, vertical(srz24618674616, up)
pos, 0.1667945087684509, vertical(srz246186715333, noop)
pos, 0.1667945087684509, vertical(srz2461867743, noop)
pos, 0.16679450876845095, vertical(srz24618672609, up)
pos, 0.1667945087684509, vertical(srz24618678739, noop)
pos, 0.1667945087684509, vertical(srz246186710948, up)
pos, 0.1667945087684509, vertical(srz246186715913, up)
pos, 0.1667945087684509, vertical(srz246186716070, noop)
pos, 0.1667945087684509, vertical(srz24618673898, up)
pos, 0.1667945087684509, vertical(srz24618674993, noop)
pos, 0.1667945087684509, vertical(srz24618673363, up)
pos, 0.1667945087684509, vertical(srz24618674863, down)
pos, 0.1667945087684509, vertical(srz246186715069, noop)
pos, 0.1667945087684509, vertical(srz24618676854, noop)
pos, 0.1667945087684509, vertical(srz246186712355, noop)
pos, 0.1667945087684509, vertical(srz246186716182, noop)
pos, 0.16679450876845095, vertical(srz24618676652, noop)
pos, 0.1667945087684509, vertical(srz24618679731, noop)
pos, 0.1667945087684509, vertical(srz24618676825, down)
pos, 0.1667945087684509, vertical(srz2461867715, down)
pos, 0.1667945087684509, vertical(srz24618679332, noop)
pos, 0.1667945087684509, vertical(srz246186713905, down)
pos, 0.1667945087684509, vertical(srz246186710358, up)
pos, 0.1667945087684509, vertical(srz246186716720, noop)
pos, 0.16679450876845095, vertical(srz246186710435, up)
pos, 0.1667945087684509, vertical(srz246186710357, up)
pos, 0.16679450876845095, vertical(srz246186710550, noop)
pos, 0.1667945087684509, vertical(srz24618675473, up)
pos, 0.1667945087684509, vertical(srz246186714226, down)
pos, 0.1667945087684509, vertical(srz24618671099, noop)
pos, 0.1667945087684509, vertical(srz24618671706, down)
pos, 0.1667945087684509, vertical(srz24618675918, noop)
pos, 0.1667945087684509, vertical(srz246186714926, noop)
pos, 0.1667945087684509, vertical(srz246186716146, noop)
pos, 0.16679450876845098, vertical(srz24618675606, noop)
pos, 0.1667945087684509, vertical(srz246186710617, noop)
pos, 0.1667945087684509, vertical(srz246186710852, down)
pos, 0.1667945087684509, vertical(srz24618677105, up)
pos, 0.1667945087684509, vertical(srz246186713590, down)
pos, 0.1667945087684509, vertical(srz24618671817, noop)
pos, 0.1667945087684509, vertical(srz24618674813, down)
pos, 0.1667945087684509, vertical(srz24618678013, noop)
pos, 0.1667945087684509, vertical(srz246186715084, noop)
pos, 0.1667945087684509, vertical(srz246186716677, noop)
pos, 0.1667945087684509, vertical(srz24618673410, down)
pos, 0.1667945087684509, vertical(srz24618675940, noop)
pos, 0.1667945087684509, vertical(srz246186710897, down)
pos, 0.16679450876845095, vertical(srz24618675086, noop)
pos, 0.16679450876845095, vertical(srz24618675171, noop)
pos, 0.1667945087684509, vertical(srz24618671712, down)
pos, 0.1667945087684509, vertical(srz24618671723, down)
pos, 0.16679450876845095, vertical(srz24618672595, noop)
pos, 0.16679450876845178, vertical(srz246186717157, noop)
pos, 0.1667945087684509, vertical(srz24618675419, noop)
pos, 0.1667945087684509, vertical(srz24618673535, down)
pos, 0.1667945087684509, vertical(srz24618675562, noop)
pos, 0.1667945087684509, vertical(srz246186712101, noop)
pos, 0.1667945087684509, vertical(srz24618675948, noop)
pos, 0.1667945087684509, vertical(srz24618676236, down)
pos, 0.1667945087684509, vertical(srz246186712597, down)
pos, 0.1667945087684509, vertical(srz246186714442, down)
pos, 0.16679450876845145, vertical(srz24618677290, up)
pos, 0.16679450876845095, vertical(srz2461867990, noop)
pos, 0.1667945087684509, vertical(srz24618672838, noop)
pos, 0.16679450876845098, vertical(srz246186714518, up)
pos, 0.1667945087684509, vertical(srz24618676446, noop)
pos, 0.1667945087684509, vertical(srz246186711035, noop)
pos, 0.1667945087684509, vertical(srz246186715167, noop)
pos, 0.16679450876845098, vertical(srz24618672403, up)
pos, 0.1667945087684509, vertical(srz24618672833, noop)
pos, 0.1667945087684509, vertical(srz24618675527, down)
pos, 0.16679450876845095, vertical(srz24618672607, noop)
pos, 0.1667945087684509, vertical(srz24618678861, noop)
pos, 0.1667945087684509, vertical(srz24618675903, noop)
pos, 0.16679450876845095, vertical(srz24618674744, down)
pos, 0.1667945087684509, vertical(srz24618672204, noop)
pos, 0.16679450876845095, vertical(srz246186710544, noop)
pos, 0.1667945087684509, vertical(srz246186711497, down)
pos, 0.1667945087684509, vertical(srz246186710345, up)
pos, 0.1667945087684509, vertical(srz24618673077, up)
pos, 0.1667945087684509, vertical(srz246186714101, down)
pos, 0.16679450876845098, vertical(srz246186716522, noop)
pos, 0.1667945087684509, vertical(srz24618673089, down)
pos, 0.16679450876845095, vertical(srz24618672603, noop)
pos, 0.1667945087684509, vertical(srz24618671880, noop)
pos, 0.1667945087684509, vertical(srz24618676573, down)
pos, 0.1667945087684509, vertical(srz246186713732, up)
pos, 0.1667945087684509, vertical(srz24618673303, down)
pos, 0.1667945087684509, vertical(srz24618677156, noop)
pos, 0.1667945087684509, vertical(srz24618673046, noop)
pos, 0.16679450876845098, vertical(srz246186711741, noop)
pos, 0.16679450876845095, vertical(srz24618675092, noop)
pos, 0.16679450876845098, vertical(srz246186717198, noop)
pos, 0.1667945087684509, vertical(srz24618672872, noop)
pos, 0.1667945087684509, vertical(srz24618674462, down)
pos, 0.1667945087684509, vertical(srz24618674580, up)
pos, 0.1667945087684509, vertical(srz24618677473, noop)
pos, 0.1667945087684509, vertical(srz24618676290, up)
pos, 0.1667945087684509, vertical(srz24618673626, noop)
pos, 0.1667945087684509, vertical(srz246186715014, noop)
pos, 0.1667945087684509, vertical(srz24618674429, down)
pos, 0.16679450876845095, vertical(srz24618678558, noop)
pos, 0.1667945087684509, vertical(srz246186715899, up)
pos, 0.1667945087684509, vertical(srz2461867198, noop)
pos, 0.1667945087684509, vertical(srz246186714713, noop)
pos, 0.1667945087684509, vertical(srz24618673551, down)
pos, 0.1667945087684509, vertical(srz246186713517, noop)
pos, 0.1667945087684509, vertical(srz246186711184, noop)
pos, 0.16679450876845178, vertical(srz246186716396, noop)
pos, 0.1667945087684509, vertical(srz246186715633, noop)
pos, 0.1667945087684509, vertical(srz24618678422, down)
pos, 0.16679450876845098, vertical(srz24618672383, noop)
pos, 0.16679450876845095, vertical(srz246186710508, noop)
pos, 0.1667945087684509, vertical(srz24618675529, down)
pos, 0.1667945087684509, vertical(srz246186714392, noop)
pos, 0.16679450876845095, vertical(srz246186714549, noop)
pos, 0.1667945087684509, vertical(srz24618677529, noop)
pos, 0.1667945087684509, vertical(srz246186711360, down)
pos, 0.1667945087684509, vertical(srz24618671823, noop)
pos, 0.1667945087684509, vertical(srz24618677121, noop)
pos, 0.1667945087684509, vertical(srz246186710834, noop)
pos, 0.1667945087684509, vertical(srz24618671597, up)
pos, 0.16679450876845095, vertical(srz246186717176, noop)
pos, 0.1667945087684509, vertical(srz246186711755, noop)
pos, 0.1667945087684509, vertical(srz24618678521, noop)
pos, 0.1667945087684509, vertical(srz2461867294, noop)
pos, 0.1667945087684509, vertical(srz246186712175, down)
pos, 0.16679450876845095, vertical(srz246186716258, noop)
pos, 0.1667945087684509, vertical(srz246186713406, down)
pos, 0.1667945087684509, vertical(srz24618673041, noop)
pos, 0.1667945087684509, vertical(srz24618677978, noop)
pos, 0.1667945087684509, vertical(srz24618673067, noop)
pos, 0.16679450876845095, vertical(srz246186715302, up)
pos, 0.1667945087684509, vertical(srz24618678298, up)
pos, 0.1667945087684509, vertical(srz24618675422, noop)
pos, 0.1667945087684509, vertical(srz24618672793, noop)
pos, 0.16679450876845095, vertical(srz2461867850, down)
pos, 0.1667945087684509, vertical(srz2461867804, noop)
pos, 0.1667945087684509, vertical(srz24618672235, noop)
pos, 0.1667945087684509, vertical(srz24618674180, noop)
pos, 0.1667945087684509, vertical(srz24618672490, up)
pos, 0.1667945087684509, vertical(srz246186715814, down)
pos, 0.1667945087684509, vertical(srz246186714107, down)
pos, 0.1667945087684509, vertical(srz24618671318, noop)
pos, 0.1667945087684509, vertical(srz24618675421, noop)
pos, 0.16679450876845095, vertical(srz24618679103, up)
pos, 0.1667945087684509, vertical(srz24618673987, noop)
pos, 0.1667945087684509, vertical(srz246186714015, noop)
pos, 0.1667945087684509, vertical(srz246186712789, noop)
pos, 0.16679450876845095, vertical(srz246186713383, noop)
pos, 0.1667945087684509, vertical(srz246186710603, noop)
pos, 0.16679450876845098, vertical(srz246186716431, noop)
pos, 0.1667945087684509, vertical(srz24618671046, noop)
pos, 0.1667945087684509, vertical(srz24618678173, down)
pos, 0.1667945087684509, vertical(srz24618673595, noop)
pos, 0.1667945087684509, vertical(srz24618678583, noop)
pos, 0.1667945087684509, vertical(srz24618672145, noop)
pos, 0.1667945087684509, vertical(srz246186714222, down)
pos, 0.16679450876845095, vertical(srz246186716274, noop)
pos, 0.16679450876845178, vertical(srz246186716336, noop)
pos, 0.16679450876845098, vertical(srz24618674096, noop)
pos, 0.1667945087684509, vertical(srz24618676155, noop)
pos, 0.1667945087684509, vertical(srz24618673269, up)
pos, 0.1667945087684509, vertical(srz24618674248, noop)
pos, 0.1667945087684509, vertical(srz2461867727, down)
pos, 0.1667945087684509, vertical(srz246186711287, up)
pos, 0.1667945087684509, vertical(srz246186710929, up)
pos, 0.1667945087684509, vertical(srz2461867572, up)
pos, 0.1667945087684509, vertical(srz24618678122, down)
pos, 0.1667945087684509, vertical(srz24618678337, noop)
pos, 0.1667945087684509, vertical(srz24618674941, noop)
pos, 0.1667945087684509, vertical(srz24618672717, noop)
pos, 0.1667945087684509, vertical(srz24618675542, down)
pos, 0.1667945087684509, vertical(srz246186713401, down)
pos, 0.1667945087684509, vertical(srz246186712494, noop)
pos, 0.1667945087684509, vertical(srz246186713002, noop)
pos, 0.16679450876845095, vertical(srz24618675760, noop)
pos, 0.16679450876845095, vertical(srz246186716577, noop)
pos, 0.1667945087684509, vertical(srz24618674435, down)
pos, 0.16679450876845095, vertical(srz246186713069, noop)
pos, 0.1667945087684509, vertical(srz246186712765, down)
pos, 0.1667945087684509, vertical(srz246186714500, down)
pos, 0.1667945087684509, vertical(srz24618675136, noop)
pos, 0.1667945087684509, vertical(srz246186713997, up)
pos, 0.1667945087684509, vertical(srz246186715235, down)
pos, 0.16679450876845095, vertical(srz246186710397, noop)
pos, 0.16679450876845095, vertical(srz246186715543, up)
pos, 0.1667945087684509, vertical(srz24618673639, noop)
pos, 0.1667945087684509, vertical(srz24618676810, down)
pos, 0.16679450876845095, vertical(srz24618675297, up)
pos, 0.1667945087684509, vertical(srz24618676965, noop)
pos, 0.1667945087684509, vertical(srz24618672160, noop)
pos, 0.16679450876845095, vertical(srz2461867987, noop)
pos, 0.1667945087684509, vertical(srz246186711347, noop)
pos, 0.1667945087684509, vertical(srz24618676380, noop)
pos, 0.1667945087684509, vertical(srz246186713723, noop)
pos, 0.1667945087684509, vertical(srz24618674664, noop)
pos, 0.1667945087684509, vertical(srz24618672303, up)
pos, 0.16679450876845095, vertical(srz246186716592, down)
pos, 0.1667945087684509, vertical(srz24618675942, noop)
pos, 0.16679450876845095, vertical(srz2461867430, down)
pos, 0.1667945087684509, vertical(srz24618678309, up)
pos, 0.1667945087684509, vertical(srz24618679449, noop)
pos, 0.1667945087684509, vertical(srz24618672724, noop)
pos, 0.16679450876845095, vertical(srz246186711523, up)
pos, 0.1667945087684509, vertical(srz24618678428, noop)
pos, 0.16679450876845098, vertical(srz246186716479, noop)
pos, 0.1667945087684509, vertical(srz24618679429, noop)
pos, 0.16679450876845095, vertical(srz246186715388, noop)
pos, 0.16679450876845095, vertical(srz246186714824, noop)
pos, 0.16679450876845095, vertical(srz246186711532, up)
pos, 0.1667945087684509, vertical(srz24618672981, noop)
pos, 0.1667945087684509, vertical(srz24618676232, down)
pos, 0.1667945087684509, vertical(srz246186711374, noop)
pos, 0.1667945087684509, vertical(srz24618674250, noop)
pos, 0.1667945087684509, vertical(srz246186714132, up)
pos, 0.1667945087684509, vertical(srz246186710956, noop)
pos, 0.16679450876845178, vertical(srz246186716358, noop)
pos, 0.1667945087684509, vertical(srz24618672114, up)
pos, 0.1667945087684509, vertical(srz24618678945, noop)
pos, 0.1667945087684509, vertical(srz246186711056, down)
pos, 0.1667945087684509, vertical(srz24618676517, noop)
pos, 0.1667945087684509, vertical(srz24618673216, down)
pos, 0.16679450876845095, vertical(srz24618675084, noop)
pos, 0.1667945087684509, vertical(srz24618679990, up)
pos, 0.1667945087684509, vertical(srz24618673527, noop)
pos, 0.1667945087684509, vertical(srz24618672974, noop)
pos, 0.16679450876845095, vertical(srz246186710081, noop)
pos, 0.1667945087684509, vertical(srz246186711809, noop)
pos, 0.1667945087684509, vertical(srz24618673167, up)
pos, 0.16679450876845095, vertical(srz246186716561, noop)
pos, 0.1667945087684509, vertical(srz246186715348, noop)
pos, 0.1667945087684509, vertical(srz246186716817, noop)
pos, 0.1667945087684509, vertical(srz24618672963, noop)
pos, 0.1667945087684509, vertical(srz246186716685, down)
pos, 0.1667945087684509, vertical(srz24618677866, noop)
pos, 0.1667945087684509, vertical(srz24618674800, up)
pos, 0.16679450876845095, vertical(srz24618671022, noop)
pos, 0.1667945087684509, vertical(srz24618678340, noop)
pos, 0.1667945087684509, vertical(srz246186717020, down)
pos, 0.1667945087684509, vertical(srz24618675658, up)
pos, 0.1667945087684509, vertical(srz246186715091, noop)
pos, 0.1667945087684509, vertical(srz24618677119, noop)
pos, 0.1667945087684509, vertical(srz24618676370, up)
pos, 0.1667945087684509, vertical(srz24618677742, noop)
pos, 0.1667945087684509, vertical(srz24618675306, noop)
pos, 0.1667945087684509, vertical(srz24618671801, up)
pos, 0.1667945087684509, vertical(srz24618673427, down)
pos, 0.1667945087684509, vertical(srz246186711075, noop)
pos, 0.1667945087684509, vertical(srz2461867223, down)
pos, 0.16679450876845098, vertical(srz246186714529, up)
pos, 0.1667945087684509, vertical(srz246186716700, down)
pos, 0.16679450876845098, vertical(srz24618677950, noop)
pos, 0.1667945087684509, vertical(srz246186716012, noop)
pos, 0.1667945087684509, vertical(srz24618672847, noop)
pos, 0.1667945087684509, vertical(srz246186716924, noop)
pos, 0.16679450876845095, vertical(srz24618676670, up)
pos, 0.16679450876845095, vertical(srz246186714307, up)
pos, 0.1667945087684509, vertical(srz246186715349, noop)
pos, 0.16679450876845095, vertical(srz2461867871, up)
pos, 0.16679450876845098, vertical(srz24618679917, down)
pos, 0.1667945087684509, vertical(srz24618675221, down)
pos, 0.1667945087684509, vertical(srz24618673261, noop)
pos, 0.16679450876845098, vertical(srz24618674044, up)
pos, 0.1667945087684509, vertical(srz246186712457, noop)
pos, 0.1667945087684509, vertical(srz24618675312, noop)
pos, 0.1667945087684509, vertical(srz24618679246, noop)
pos, 0.1667945087684509, vertical(srz246186714568, noop)
pos, 0.1667945087684509, vertical(srz24618671641, down)
pos, 0.1667945087684509, vertical(srz246186710049, noop)
pos, 0.1667945087684509, vertical(srz246186716657, noop)
pos, 0.1667945087684509, vertical(srz246186714729, noop)
pos, 0.16679450876845095, vertical(srz24618675106, up)
pos, 0.1667945087684509, vertical(srz24618678392, up)
pos, 0.1667945087684509, vertical(srz24618677396, noop)
pos, 0.1667945087684509, vertical(srz24618673701, up)
pos, 0.1667945087684509, vertical(srz2461867751, noop)
pos, 0.16679450876845095, vertical(srz24618676655, up)
pos, 0.1667945087684509, vertical(srz246186715641, noop)
pos, 0.1667945087684509, vertical(srz246186710260, noop)
pos, 0.1667945087684509, vertical(srz24618677990, noop)
pos, 0.1667945087684509, vertical(srz24618671366, noop)
pos, 0.1667945087684509, vertical(srz246186714763, noop)
pos, 0.1667945087684509, vertical(srz24618671983, noop)
pos, 0.1667945087684509, vertical(srz24618674160, noop)
pos, 0.1667945087684509, vertical(srz246186789, noop)
pos, 0.1667945087684509, vertical(srz24618673827, down)
pos, 0.1667945087684509, vertical(srz24618679341, noop)
pos, 0.1667945087684509, vertical(srz246186710850, down)
pos, 0.1667945087684509, vertical(srz24618677101, up)
pos, 0.1667945087684509, vertical(srz246186713200, noop)
pos, 0.1667945087684509, vertical(srz24618676324, noop)
pos, 0.1667945087684509, vertical(srz246186714477, noop)
pos, 0.1667945087684509, vertical(srz24618674805, up)
pos, 0.1667945087684509, vertical(srz246186717009, down)
pos, 0.1667945087684509, vertical(srz246186711341, noop)
pos, 0.1667945087684509, vertical(srz246186714905, noop)
pos, 0.16679450876845098, vertical(srz246186716459, noop)
pos, 0.1667945087684509, vertical(srz246186712086, noop)
pos, 0.1667945087684509, vertical(srz24618677533, noop)
pos, 0.16679450876845095, vertical(srz246186713022, up)
pos, 0.1667945087684509, vertical(srz2461867480, noop)
pos, 0.1667945087684509, vertical(srz246186712997, noop)
pos, 0.1667945087684509, vertical(srz24618678683, up)
pos, 0.1667945087684509, vertical(srz24618675452, noop)
pos, 0.1667945087684509, vertical(srz246186712005, down)
pos, 0.1667945087684509, vertical(srz24618676454, up)
pos, 0.1667945087684509, vertical(srz24618678995, down)
pos, 0.1667945087684509, vertical(srz246186716101, noop)
pos, 0.1667945087684509, vertical(srz24618678495, down)
pos, 0.1667945087684509, vertical(srz24618672027, noop)
pos, 0.1667945087684509, vertical(srz246186712860, noop)
pos, 0.1667945087684509, vertical(srz246186711997, down)
pos, 0.1667945087684509, vertical(srz24618675036, up)
pos, 0.1667945087684509, vertical(srz24618675373, noop)
pos, 0.1667945087684509, vertical(srz246186712242, noop)
pos, 0.16679450876845095, vertical(srz246186711965, noop)
pos, 0.1667945087684509, vertical(srz24618678088, up)
pos, 0.1667945087684509, vertical(srz2461867451, noop)
pos, 0.1667945087684509, vertical(srz246186713283, noop)
pos, 0.1667945087684509, vertical(srz246186714919, noop)
pos, 0.1667945087684509, vertical(srz24618679842, noop)
pos, 0.1667945087684509, vertical(srz24618673280, down)
pos, 0.16679450876845178, vertical(srz246186716314, noop)
pos, 0.16679450876845095, vertical(srz24618674404, noop)
pos, 0.1667945087684509, vertical(srz24618674246, noop)
pos, 0.1667945087684509, vertical(srz2461867641, noop)
pos, 0.1667945087684509, vertical(srz24618678198, noop)
pos, 0.1667945087684509, vertical(srz246186711577, noop)
pos, 0.1667945087684509, vertical(srz24618676784, noop)
pos, 0.16679450876845178, vertical(srz246186717137, noop)
pos, 0.1667945087684509, vertical(srz24618678778, noop)
pos, 0.1667945087684509, vertical(srz24618676150, noop)
pos, 0.1667945087684509, vertical(srz24618678520, noop)
pos, 0.1667945087684509, vertical(srz246186713755, noop)
pos, 0.1667945087684509, vertical(srz24618673999, noop)
pos, 0.1667945087684509, vertical(srz246186711345, noop)
pos, 0.1667945087684509, vertical(srz246186716886, up)
pos, 0.16679450876845095, vertical(srz246186714595, up)
pos, 0.1667945087684509, vertical(srz24618679828, noop)
pos, 0.1667945087684509, vertical(srz24618676412, noop)
pos, 0.16679450876845095, vertical(srz24618672646, noop)
pos, 0.1667945087684509, vertical(srz246186715004, down)
pos, 0.1667945087684509, vertical(srz24618679943, up)
pos, 0.1667945087684509, vertical(srz24618675071, noop)
pos, 0.1667945087684509, vertical(srz246186713946, noop)
pos, 0.1667945087684509, vertical(srz246186716800, up)
pos, 0.1667945087684509, vertical(srz246186712981, up)
pos, 0.1667945087684509, vertical(srz246186712060, noop)
pos, 0.1667945087684509, vertical(srz246186710297, noop)
pos, 0.16679450876845095, vertical(srz2461867428, down)
pos, 0.1667945087684509, vertical(srz24618679951, up)
pos, 0.1667945087684509, vertical(srz24618678720, noop)
pos, 0.1667945087684509, vertical(srz24618675689, up)
pos, 0.1667945087684509, vertical(srz24618679832, noop)
pos, 0.1667945087684509, vertical(srz24618671182, noop)
pos, 0.1667945087684509, vertical(srz24618675344, noop)
pos, 0.1667945087684509, vertical(srz24618673057, noop)
pos, 0.1667945087684509, vertical(srz24618679763, noop)
pos, 0.1667945087684509, vertical(srz246186712543, noop)
pos, 0.1667945087684509, vertical(srz24618675489, noop)
pos, 0.1667945087684509, vertical(srz24618676732, up)
pos, 0.16679450876845095, vertical(srz246186711976, down)
pos, 0.1667945087684509, vertical(srz246186710341, up)
pos, 0.1667945087684509, vertical(srz246186716962, down)
pos, 0.1667945087684509, vertical(srz246186714029, up)
pos, 0.1667945087684509, vertical(srz24618677798, up)
pos, 0.1667945087684509, vertical(srz24618677756, noop)
pos, 0.1667945087684509, vertical(srz24618674666, noop)
pos, 0.1667945087684509, vertical(srz24618678017, noop)
pos, 0.1667945087684509, vertical(srz24618673153, up)
pos, 0.1667945087684509, vertical(srz24618672908, down)
pos, 0.1667945087684509, vertical(srz24618672159, noop)
pos, 0.16679450876845095, vertical(srz24618676018, noop)
pos, 0.1667945087684509, vertical(srz246186712986, up)
pos, 0.1667945087684509, vertical(srz246186715741, noop)
pos, 0.16679450876845095, vertical(srz2461867413, down)
pos, 0.1667945087684509, vertical(srz24618678581, noop)
pos, 0.1667945087684509, vertical(srz24618674290, noop)
pos, 0.1667945087684509, vertical(srz24618672287, up)
pos, 0.1667945087684509, vertical(srz24618671667, up)
pos, 0.1667945087684509, vertical(srz2461867150, noop)
pos, 0.1667945087684509, vertical(srz246186716726, noop)
pos, 0.1667945087684509, vertical(srz246186713611, up)
pos, 0.1667945087684509, vertical(srz246186714492, down)
pos, 0.1667945087684509, vertical(srz246186711472, down)
pos, 0.1667945087684509, vertical(srz246186712735, up)
pos, 0.1667945087684509, vertical(srz24618673133, noop)
pos, 0.1667945087684509, vertical(srz24618679161, noop)
pos, 0.1667945087684509, vertical(srz24618671344, noop)
pos, 0.16679450876845095, vertical(srz246186711954, noop)
pos, 0.1667945087684509, vertical(srz246186713284, noop)
pos, 0.1667945087684509, vertical(srz24618672779, noop)
pos, 0.1667945087684509, vertical(srz24618678205, noop)
pos, 0.1667945087684509, vertical(srz246186712910, noop)
pos, 0.1667945087684509, vertical(srz246186712311, noop)
pos, 0.1667945087684509, vertical(srz246186712247, noop)
pos, 0.1667945087684509, vertical(srz24618679298, noop)
pos, 0.1667945087684509, vertical(srz24618676574, down)
pos, 0.1667945087684509, vertical(srz24618673894, up)
pos, 0.1667945087684509, vertical(srz24618678803, up)
pos, 0.1667945087684509, vertical(srz24618677993, noop)
pos, 0.1667945087684509, vertical(srz24618676705, down)
pos, 0.1667945087684509, vertical(srz246186714269, down)
pos, 0.1667945087684509, vertical(srz24618672862, noop)
pos, 0.1667945087684509, vertical(srz246186711430, down)
pos, 0.1667945087684509, vertical(srz24618674912, noop)
pos, 0.1667945087684509, vertical(srz246186715378, up)
pos, 0.1667945087684509, vertical(srz246186715329, noop)
pos, 0.16679450876845095, vertical(srz24618672633, noop)
pos, 0.1667945087684509, vertical(srz2461867287, noop)
pos, 0.1667945087684509, vertical(srz24618672104, noop)
pos, 0.1667945087684509, vertical(srz24618678750, down)
pos, 0.1667945087684509, vertical(srz2461867659, noop)
pos, 0.1667945087684509, vertical(srz24618672297, up)
pos, 0.1667945087684509, vertical(srz24618675506, noop)
pos, 0.1667945087684509, vertical(srz24618672902, down)
pos, 0.1667945087684509, vertical(srz24618671785, noop)
pos, 0.1667945087684509, vertical(srz24618678295, up)
pos, 0.16679450876845098, vertical(srz246186716973, noop)
pos, 0.1667945087684509, vertical(srz246186712483, down)
pos, 0.16679450876845098, vertical(srz24618672411, up)
pos, 0.1667945087684509, vertical(srz246186715168, noop)
pos, 0.16679450876845095, vertical(srz246186711253, up)
pos, 0.16679450876845095, vertical(srz24618677607, noop)
pos, 0.1667945087684509, vertical(srz24618672164, noop)
pos, 0.1667945087684509, vertical(srz24618677920, noop)
pos, 0.1667945087684509, vertical(srz246186714037, noop)
pos, 0.16679450876845095, vertical(srz24618676068, noop)
pos, 0.1667945087684509, vertical(srz24618679028, noop)
pos, 0.1667945087684509, vertical(srz24618675886, noop)
pos, 0.16679450876845095, vertical(srz24618675098, noop)
pos, 0.1667945087684509, vertical(srz24618679797, noop)
pos, 0.1667945087684509, vertical(srz24618674817, noop)
pos, 0.16679450876845095, vertical(srz24618673754, up)
pos, 0.1667945087684509, vertical(srz24618671321, noop)
pos, 0.1667945087684509, vertical(srz24618677764, down)
pos, 0.1667945087684509, vertical(srz24618671854, noop)
pos, 0.1667945087684509, vertical(srz24618677160, noop)
pos, 0.1667945087684509, vertical(srz24618673335, up)
pos, 0.1667945087684509, vertical(srz24618675024, noop)
pos, 0.16679450876845098, vertical(srz246186711645, up)
pos, 0.1667945087684509, vertical(srz2461867103, noop)
pos, 0.16679450876845095, vertical(srz246186714845, noop)
pos, 0.1667945087684509, vertical(srz24618673532, down)
pos, 0.1667945087684509, vertical(srz246186716704, down)
pos, 0.1667945087684509, vertical(srz24618679998, up)
pos, 0.1667945087684509, vertical(srz246186714755, noop)
pos, 0.1667945087684509, vertical(srz246186712401, noop)
pos, 0.16679450876845095, vertical(srz246186711896, noop)
pos, 0.16679450876845095, vertical(srz246186714807, noop)
pos, 0.1667945087684509, vertical(srz24618671509, noop)
pos, 0.16679450876845178, vertical(srz246186717155, noop)
pos, 0.1667945087684509, vertical(srz246186712004, down)
pos, 0.1667945087684509, vertical(srz24618677111, up)
pos, 0.16679450876845095, vertical(srz246186710568, noop)
pos, 0.16679450876845095, vertical(srz246186710074, noop)
pos, 0.1667945087684509, vertical(srz24618675882, noop)
pos, 0.1667945087684509, vertical(srz24618671738, noop)
pos, 0.1667945087684509, vertical(srz24618678550, noop)
pos, 0.16679450876845095, vertical(srz246186712881, noop)
pos, 0.1667945087684509, vertical(srz246186710858, noop)
pos, 0.1667945087684509, vertical(srz24618671787, up)
pos, 0.1667945087684509, vertical(srz246186710864, noop)
pos, 0.1667945087684509, vertical(srz24618673600, noop)
pos, 0.1667945087684509, vertical(srz2461867646, noop)
pos, 0.1667945087684509, vertical(srz246186712182, down)
pos, 0.16679450876845095, vertical(srz246186710501, up)
pos, 0.1667945087684509, vertical(srz24618678251, down)
pos, 0.1667945087684509, vertical(srz24618675416, noop)
pos, 0.16679450876845095, vertical(srz246186710403, noop)
pos, 0.1667945087684509, vertical(srz24618673346, up)
pos, 0.1667945087684509, vertical(srz24618678830, noop)
pos, 0.1667945087684509, vertical(srz246186713534, up)
pos, 0.1667945087684509, vertical(srz24618674176, noop)
pos, 0.1667945087684509, vertical(srz24618677388, noop)
pos, 0.16679450876845095, vertical(srz246186710477, noop)
pos, 0.1667945087684509, vertical(srz24618671277, down)
pos, 0.16679450876845095, vertical(srz24618675667, up)
pos, 0.16679450876845095, vertical(srz24618671035, noop)
pos, 0.1667945087684509, vertical(srz246186715336, noop)
pos, 0.1667945087684509, vertical(srz24618673497, noop)
pos, 0.1667945087684509, vertical(srz24618676228, up)
pos, 0.1667945087684509, vertical(srz246186712598, down)
pos, 0.16679450876845095, vertical(srz24618675708, noop)
pos, 0.1667945087684509, vertical(srz246186710742, noop)
pos, 0.1667945087684509, vertical(srz24618676818, down)
pos, 0.1667945087684509, vertical(srz24618672478, down)
pos, 0.16679450876845178, vertical(srz246186717124, noop)
pos, 0.1667945087684509, vertical(srz24618678378, up)
pos, 0.1667945087684509, vertical(srz24618678652, up)
pos, 0.16679450876845095, vertical(srz246186712885, noop)
pos, 0.16679450876845095, vertical(srz246186714288, noop)
pos, 0.1667945087684509, vertical(srz246186712250, noop)
pos, 0.1667945087684509, vertical(srz246186715682, up)
pos, 0.1667945087684509, vertical(srz24618675345, noop)
pos, 0.1667945087684509, vertical(srz246186714183, noop)
pos, 0.1667945087684509, vertical(srz24618673900, up)
pos, 0.1667945087684509, vertical(srz24618679973, down)
pos, 0.1667945087684509, vertical(srz246186712185, noop)
pos, 0.1667945087684509, vertical(srz24618676183, noop)
pos, 0.1667945087684509, vertical(srz246186716006, noop)
pos, 0.16679450876845095, vertical(srz2461867940, up)
pos, 0.1667945087684509, vertical(srz24618677125, noop)
pos, 0.1667945087684509, vertical(srz2461867837, noop)
pos, 0.1667945087684509, vertical(srz24618678191, noop)
pos, 0.1667945087684509, vertical(srz24618676797, up)
pos, 0.1667945087684509, vertical(srz246186716915, noop)
pos, 0.1667945087684509, vertical(srz24618675941, noop)
pos, 0.1667945087684509, vertical(srz246186710648, noop)
pos, 0.1667945087684509, vertical(srz24618679836, noop)
pos, 0.1667945087684509, vertical(srz24618676148, noop)
pos, 0.16679450876845098, vertical(srz24618674079, up)
pos, 0.1667945087684509, vertical(srz246186712305, noop)
pos, 0.1667945087684509, vertical(srz24618676493, up)
pos, 0.1667945087684509, vertical(srz246186710020, down)
pos, 0.1667945087684509, vertical(srz24618678134, down)
pos, 0.1667945087684509, vertical(srz2461867663, down)
pos, 0.1667945087684509, vertical(srz24618679391, noop)
pos, 0.16679450876845095, vertical(srz24618674366, noop)
pos, 0.1667945087684509, vertical(srz24618678898, noop)
pos, 0.1667945087684509, vertical(srz246186712850, noop)
pos, 0.1667945087684509, vertical(srz246186711133, noop)
pos, 0.1667945087684509, vertical(srz24618672468, down)
pos, 0.1667945087684509, vertical(srz24618671226, noop)
pos, 0.16679450876845095, vertical(srz24618676035, noop)
pos, 0.1667945087684509, vertical(srz24618675915, noop)
pos, 0.1667945087684509, vertical(srz24618671786, noop)
pos, 0.1667945087684509, vertical(srz24618674857, down)
pos, 0.1667945087684509, vertical(srz246186715135, noop)
pos, 0.1667945087684509, vertical(srz24618677492, noop)
pos, 0.16679450876845095, vertical(srz24618674358, noop)
pos, 0.1667945087684509, vertical(srz24618675443, noop)
pos, 0.1667945087684509, vertical(srz24618673707, up)
pos, 0.1667945087684509, vertical(srz24618675820, noop)
pos, 0.1667945087684509, vertical(srz24618672148, noop)
pos, 0.1667945087684509, vertical(srz246186710734, noop)
pos, 0.1667945087684509, vertical(srz246186714712, noop)
pos, 0.1667945087684509, vertical(srz246186714432, noop)
pos, 0.16679450876845095, vertical(srz24618679142, up)
pos, 0.1667945087684509, vertical(srz246186714013, noop)
pos, 0.1667945087684509, vertical(srz24618676365, down)
pos, 0.1667945087684509, vertical(srz24618671434, noop)
pos, 0.16679450876845095, vertical(srz246186714653, up)
pos, 0.1667945087684509, vertical(srz24618676899, up)
pos, 0.1667945087684509, vertical(srz246186714366, noop)
pos, 0.1667945087684509, vertical(srz246186716111, noop)
pos, 0.1667945087684509, vertical(srz24618672146, noop)
pos, 0.1667945087684509, vertical(srz24618676895, up)
pos, 0.1667945087684509, vertical(srz24618672321, noop)
pos, 0.1667945087684509, vertical(srz24618679312, noop)
pos, 0.1667945087684509, vertical(srz246186712139, noop)
pos, 0.1667945087684509, vertical(srz246186713671, down)
pos, 0.1667945087684509, vertical(srz24618675405, down)
pos, 0.16679450876845098, vertical(srz246186711699, noop)
pos, 0.1667945087684509, vertical(srz24618675797, noop)
pos, 0.1667945087684509, vertical(srz246186715079, noop)
pos, 0.1667945087684509, vertical(srz24618678708, noop)
pos, 0.16679450876845095, vertical(srz2461867893, up)
pos, 0.1667945087684509, vertical(srz246186713216, noop)
pos, 0.1667945087684509, vertical(srz24618671547, noop)
pos, 0.16679450876845095, vertical(srz246186716259, noop)
pos, 0.1667945087684509, vertical(srz24618679336, noop)
pos, 0.1667945087684509, vertical(srz246186711800, noop)
pos, 0.1667945087684509, vertical(srz24618679639, noop)
pos, 0.1667945087684509, vertical(srz246186716907, up)
pos, 0.1667945087684509, vertical(srz246186712277, up)
pos, 0.1667945087684509, vertical(srz246186711352, noop)
pos, 0.16679450876845095, vertical(srz246186711890, noop)
pos, 0.1667945087684509, vertical(srz24618673938, down)
pos, 0.1667945087684509, vertical(srz246186713660, down)
pos, 0.16679450876845098, vertical(srz246186716429, noop)
pos, 0.16679450876845095, vertical(srz246186711268, up)
pos, 0.1667945087684509, vertical(srz24618676339, noop)
pos, 0.1667945087684509, vertical(srz246186714157, up)
pos, 0.16679450876845095, vertical(srz24618677338, noop)
pos, 0.1667945087684509, vertical(srz2461867706, down)
pos, 0.16679450876845095, vertical(srz246186716542, down)
pos, 0.1667945087684509, vertical(srz24618676790, noop)
pos, 0.1667945087684509, vertical(srz246186716890, up)
pos, 0.1667945087684509, vertical(srz24618672136, down)
pos, 0.1667945087684509, vertical(srz24618674548, noop)
pos, 0.1667945087684509, vertical(srz246186714229, down)
pos, 0.1667945087684509, vertical(srz2461867627, down)
pos, 0.1667945087684509, vertical(srz246186713175, noop)
pos, 0.1667945087684509, vertical(srz24618678029, noop)
pos, 0.1667945087684509, vertical(srz246186712759, down)
pos, 0.1667945087684509, vertical(srz246186713018, up)
pos, 0.16679450876845178, vertical(srz246186717167, noop)
pos, 0.1667945087684509, vertical(srz2461867293, noop)
pos, 0.1667945087684509, vertical(srz24618673417, noop)
pos, 0.1667945087684509, vertical(srz24618676343, down)
pos, 0.1667945087684509, vertical(srz246186710946, noop)
pos, 0.1667945087684509, vertical(srz24618679688, up)
pos, 0.1667945087684509, vertical(srz24618674153, noop)
pos, 0.1667945087684509, vertical(srz24618679966, down)
pos, 0.1667945087684509, vertical(srz24618672443, down)
pos, 0.1667945087684509, vertical(srz246186714922, noop)
pos, 0.16679450876845095, vertical(srz24618675131, noop)
pos, 0.1667945087684509, vertical(srz24618678408, noop)
pos, 0.1667945087684509, vertical(srz246186714938, down)
pos, 0.1667945087684509, vertical(srz24618674564, noop)
pos, 0.1667945087684509, vertical(srz24618671371, noop)
pos, 0.1667945087684509, vertical(srz246186715613, up)
pos, 0.1667945087684509, vertical(srz246186714715, noop)
pos, 0.1667945087684509, vertical(srz2461867435, noop)
pos, 0.1667945087684509, vertical(srz24618677776, noop)
pos, 0.1667945087684509, vertical(srz24618678458, down)
pos, 0.1667945087684509, vertical(srz24618678942, noop)
pos, 0.1667945087684509, vertical(srz24618675000, down)
pos, 0.16679450876845095, vertical(srz24618679101, noop)
pos, 0.16679450876845095, vertical(srz24618679118, up)
pos, 0.1667945087684509, vertical(srz246186714875, noop)
pos, 0.1667945087684509, vertical(srz246186710043, noop)
pos, 0.1667945087684509, vertical(srz24618675450, noop)
pos, 0.1667945087684509, vertical(srz246186710861, noop)
pos, 0.16679450876845095, vertical(srz246186716276, noop)
pos, 0.1667945087684509, vertical(srz246186710244, noop)
pos, 0.16679450876845095, vertical(srz246186714810, noop)
pos, 0.1667945087684509, vertical(srz246186715643, noop)
pos, 0.1667945087684509, vertical(srz24618678451, down)
pos, 0.1667945087684509, vertical(srz24618674288, noop)
pos, 0.1667945087684509, vertical(srz246186716888, up)
pos, 0.1667945087684509, vertical(srz24618672944, noop)
pos, 0.1667945087684509, vertical(srz246186714123, up)
pos, 0.1667945087684509, vertical(srz24618678615, noop)
pos, 0.1667945087684509, vertical(srz2461867937, up)
pos, 0.16679450876845098, vertical(srz24618677944, noop)
pos, 0.16679450876845095, vertical(srz246186714624, up)
pos, 0.1667945087684509, vertical(srz24618674770, noop)
pos, 0.1667945087684509, vertical(srz246186713512, noop)
pos, 0.1667945087684509, vertical(srz246186714367, noop)
pos, 0.1667945087684509, vertical(srz24618674691, up)
pos, 0.1667945087684509, vertical(srz24618678377, up)
pos, 0.1667945087684509, vertical(srz246186710993, up)
pos, 0.1667945087684509, vertical(srz246186715835, noop)
pos, 0.1667945087684509, vertical(srz24618672971, noop)
pos, 0.1667945087684509, vertical(srz24618676691, noop)
pos, 0.1667945087684509, vertical(srz246186713850, down)
pos, 0.1667945087684509, vertical(srz24618679412, noop)
pos, 0.1667945087684509, vertical(srz24618678223, up)
pos, 0.16679450876845178, vertical(srz246186717174, noop)
pos, 0.1667945087684509, vertical(srz24618678703, noop)
pos, 0.1667945087684509, vertical(srz24618673609, noop)
pos, 0.1667945087684509, vertical(srz24618671362, noop)
pos, 0.1667945087684509, vertical(srz24618673336, up)
pos, 0.1667945087684509, vertical(srz246186716681, noop)
pos, 0.1667945087684509, vertical(srz24618675920, noop)
pos, 0.1667945087684509, vertical(srz24618672890, noop)
pos, 0.16679450876845098, vertical(srz24618674033, up)
pos, 0.1667945087684509, vertical(srz246186710262, noop)
pos, 0.1667945087684509, vertical(srz24618673912, up)
pos, 0.16679450876845095, vertical(srz24618679068, noop)
pos, 0.1667945087684509, vertical(srz24618677423, noop)
pos, 0.16679450876845095, vertical(srz246186710484, up)
pos, 0.1667945087684509, vertical(srz246186716192, noop)
pos, 0.16679450876845098, vertical(srz24618673473, down)
pos, 0.1667945087684509, vertical(srz24618676128, down)
pos, 0.1667945087684509, vertical(srz246186716727, noop)
pos, 0.1667945087684509, vertical(srz246186712664, noop)
pos, 0.1667945087684509, vertical(srz24618672938, noop)
pos, 0.16679450876845095, vertical(srz246186711300, up)
pos, 0.1667945087684509, vertical(srz246186710133, noop)
pos, 0.1667945087684509, vertical(srz24618679637, noop)
pos, 0.1667945087684509, vertical(srz2461867607, up)
pos, 0.16679450876845095, vertical(srz246186710441, up)
pos, 0.16679450876845095, vertical(srz246186713075, noop)
pos, 0.1667945087684509, vertical(srz246186712291, noop)
pos, 0.1667945087684509, vertical(srz24618676331, noop)
pos, 0.1667945087684509, vertical(srz246186712367, noop)
pos, 0.1667945087684509, vertical(srz246186711362, down)
pos, 0.1667945087684509, vertical(srz246186711767, noop)
pos, 0.1667945087684509, vertical(srz246186710796, noop)
pos, 0.1667945087684509, vertical(srz246186710286, noop)
pos, 0.1667945087684509, vertical(srz24618672053, up)
pos, 0.1667945087684509, vertical(srz24618675509, noop)
pos, 0.1667945087684509, vertical(srz24618679348, noop)
pos, 0.1667945087684509, vertical(srz246186711447, up)
pos, 0.1667945087684509, vertical(srz246186717043, noop)
pos, 0.1667945087684509, vertical(srz24618673450, down)
pos, 0.1667945087684509, vertical(srz24618674999, down)
pos, 0.1667945087684509, vertical(srz2461867443, noop)
pos, 0.1667945087684509, vertical(srz246186716880, noop)
pos, 0.1667945087684509, vertical(srz24618675246, noop)
pos, 0.1667945087684509, vertical(srz246186710757, noop)
pos, 0.1667945087684509, vertical(srz246186714744, noop)
pos, 0.1667945087684509, vertical(srz24618674563, noop)
pos, 0.1667945087684509, vertical(srz246186714023, noop)
pos, 0.1667945087684509, vertical(srz24618671715, down)
pos, 0.1667945087684509, vertical(srz246186713305, noop)
pos, 0.1667945087684509, vertical(srz246186711331, noop)
pos, 0.1667945087684509, vertical(srz24618674521, noop)
pos, 0.1667945087684509, vertical(srz24618677727, noop)
pos, 0.1667945087684509, vertical(srz246186715692, noop)
pos, 0.1667945087684509, vertical(srz246186712591, down)
pos, 0.1667945087684509, vertical(srz24618671179, noop)
pos, 0.16679450876845095, vertical(srz2461867912, up)
pos, 0.1667945087684509, vertical(srz246186714138, up)
pos, 0.1667945087684509, vertical(srz24618672844, noop)
pos, 0.16679450876845095, vertical(srz24618674363, noop)
pos, 0.16679450876845098, vertical(srz246186715255, down)
pos, 0.1667945087684509, vertical(srz24618679799, noop)
pos, 0.1667945087684509, vertical(srz246186710144, noop)
pos, 0.1667945087684509, vertical(srz246186713258, noop)
pos, 0.1667945087684509, vertical(srz2461867370, noop)
pos, 0.1667945087684509, vertical(srz24618674279, noop)
pos, 0.1667945087684509, vertical(srz246186710806, down)
pos, 0.1667945087684509, vertical(srz24618672473, down)
pos, 0.1667945087684509, vertical(srz246186712402, noop)
pos, 0.1667945087684509, vertical(srz246186715515, down)
pos, 0.1667945087684509, vertical(srz24618674767, noop)
pos, 0.1667945087684509, vertical(srz246186713621, up)
pos, 0.1667945087684509, vertical(srz24618677371, noop)
pos, 0.1667945087684509, vertical(srz2461867202, down)
pos, 0.1667945087684509, vertical(srz246186716039, noop)
pos, 0.1667945087684509, vertical(srz24618676164, noop)
pos, 0.1667945087684509, vertical(srz24618678125, down)
pos, 0.1667945087684509, vertical(srz246186712713, noop)
pos, 0.16679450876845095, vertical(srz24618675601, noop)
pos, 0.1667945087684509, vertical(srz24618673034, noop)
pos, 0.1667945087684509, vertical(srz24618679730, noop)
pos, 0.1667945087684509, vertical(srz246186713865, down)
pos, 0.16679450876845095, vertical(srz246186716565, noop)
pos, 0.1667945087684509, vertical(srz246186712346, noop)
pos, 0.1667945087684509, vertical(srz246186715530, noop)
pos, 0.1667945087684509, vertical(srz246186786, noop)
pos, 0.1667945087684509, vertical(srz246186711984, down)
pos, 0.1667945087684509, vertical(srz24618672130, noop)
pos, 0.1667945087684509, vertical(srz24618674551, noop)
pos, 0.1667945087684509, vertical(srz24618678440, noop)
pos, 0.16679450876845095, vertical(srz24618676021, noop)
pos, 0.1667945087684509, vertical(srz246186716855, down)
pos, 0.1667945087684509, vertical(srz24618671472, noop)
pos, 0.1667945087684509, vertical(srz24618677741, up)
pos, 0.16679450876845095, vertical(srz24618679483, noop)
pos, 0.1667945087684509, vertical(srz246186715727, up)
pos, 0.1667945087684509, vertical(srz246186711381, noop)
pos, 0.16679450876845178, vertical(srz246186717126, noop)
pos, 0.1667945087684509, vertical(srz24618672428, noop)
pos, 0.1667945087684509, vertical(srz24618671224, noop)
pos, 0.1667945087684509, vertical(srz24618675772, noop)
pos, 0.1667945087684509, vertical(srz246186747, noop)
pos, 0.1667945087684509, vertical(srz24618675426, noop)
pos, 0.1667945087684509, vertical(srz246186713941, noop)
pos, 0.1667945087684509, vertical(srz24618673518, noop)
pos, 0.1667945087684509, vertical(srz246186712717, up)
pos, 0.1667945087684509, vertical(srz24618677478, noop)
pos, 0.1667945087684509, vertical(srz24618678102, noop)
pos, 0.1667945087684509, vertical(srz246186713159, noop)
pos, 0.1667945087684509, vertical(srz246186711563, noop)
pos, 0.1667945087684509, vertical(srz2461867307, up)
pos, 0.1667945087684509, vertical(srz24618671090, noop)
pos, 0.16679450876845095, vertical(srz2461867424, down)
pos, 0.1667945087684509, vertical(srz246186714767, noop)
pos, 0.1667945087684509, vertical(srz2461867128, down)
pos, 0.1667945087684509, vertical(srz24618679283, noop)
pos, 0.16679450876845095, vertical(srz246186710396, noop)
pos, 0.1667945087684509, vertical(srz24618674529, noop)
pos, 0.1667945087684509, vertical(srz246186711146, noop)
pos, 0.1667945087684509, vertical(srz246186713568, down)
pos, 0.1667945087684509, vertical(srz24618676914, up)
pos, 0.1667945087684509, vertical(srz246186714890, noop)
pos, 0.1667945087684509, vertical(srz246186714571, noop)
pos, 0.1667945087684509, vertical(srz2461867736, noop)
pos, 0.1667945087684509, vertical(srz246186716996, up)
pos, 0.1667945087684509, vertical(srz24618673435, down)
pos, 0.1667945087684509, vertical(srz246186714361, noop)
pos, 0.16679450876845095, vertical(srz246186715954, noop)
pos, 0.1667945087684509, vertical(srz24618674219, noop)
pos, 0.16679450876845098, vertical(srz246186715238, down)
pos, 0.1667945087684509, vertical(srz246186715587, noop)
pos, 0.1667945087684509, vertical(srz24618675399, down)
pos, 0.1667945087684509, vertical(srz24618671757, down)
pos, 0.16679450876845095, vertical(srz24618675113, up)
pos, 0.1667945087684509, vertical(srz24618673873, noop)
pos, 0.16679450876845095, vertical(srz24618677605, noop)
pos, 0.1667945087684509, vertical(srz246186710976, noop)
pos, 0.1667945087684509, vertical(srz246186714727, noop)
pos, 0.16679450876845098, vertical(srz24618674063, up)
pos, 0.1667945087684509, vertical(srz2461867385, up)
pos, 0.16679450876845095, vertical(srz24618677285, up)
pos, 0.16679450876845095, vertical(srz246186715916, up)
pos, 0.1667945087684509, vertical(srz24618675407, down)
pos, 0.1667945087684509, vertical(srz246186710862, noop)
pos, 0.1667945087684509, vertical(srz24618678365, noop)
pos, 0.1667945087684509, vertical(srz246186711081, noop)
pos, 0.1667945087684509, vertical(srz246186711038, noop)
pos, 0.1667945087684509, vertical(srz24618676135, noop)
pos, 0.16679450876845095, vertical(srz24618679530, noop)
pos, 0.16679450876845095, vertical(srz24618675626, up)
pos, 0.1667945087684509, vertical(srz24618678425, down)
pos, 0.1667945087684509, vertical(srz24618677720, noop)
pos, 0.1667945087684509, vertical(srz246186713998, up)
pos, 0.1667945087684509, vertical(srz246186712814, noop)
pos, 0.1667945087684509, vertical(srz24618676256, noop)
pos, 0.1667945087684509, vertical(srz24618678958, down)
pos, 0.1667945087684509, vertical(srz24618679732, noop)
pos, 0.1667945087684509, vertical(srz246186713278, noop)
pos, 0.1667945087684509, vertical(srz246186710693, noop)
pos, 0.1667945087684509, vertical(srz24618678858, noop)
pos, 0.16679450876845095, vertical(srz24618678650, up)
pos, 0.1667945087684509, vertical(srz246186711391, down)
pos, 0.1667945087684509, vertical(srz24618673729, down)
pos, 0.16679450876845095, vertical(srz24618674413, noop)
pos, 0.1667945087684509, vertical(srz246186711060, down)
pos, 0.16679450876845095, vertical(srz24618674407, noop)
pos, 0.1667945087684509, vertical(srz246186712316, noop)
pos, 0.16679450876845095, vertical(srz246186714697, noop)
pos, 0.1667945087684509, vertical(srz24618676385, noop)
pos, 0.1667945087684509, vertical(srz246186715319, noop)
pos, 0.1667945087684509, vertical(srz246186714740, noop)
pos, 0.1667945087684509, vertical(srz24618678397, noop)
pos, 0.1667945087684509, vertical(srz246186713627, up)
pos, 0.1667945087684509, vertical(srz246186712202, noop)
pos, 0.1667945087684509, vertical(srz24618675841, noop)
pos, 0.1667945087684509, vertical(srz246186715471, down)
pos, 0.1667945087684509, vertical(srz24618677879, noop)
pos, 0.16679450876845095, vertical(srz2461867911, up)
pos, 0.1667945087684509, vertical(srz24618675656, up)
pos, 0.16679450876845098, vertical(srz246186716426, noop)
pos, 0.1667945087684509, vertical(srz2461867104, noop)
pos, 0.16679450876845098, vertical(srz24618677282, up)
pos, 0.1667945087684509, vertical(srz24618671374, down)
pos, 0.1667945087684509, vertical(srz24618678398, noop)
pos, 0.1667945087684509, vertical(srz246186716232, down)
pos, 0.1667945087684509, vertical(srz246186713807, noop)
pos, 0.1667945087684509, vertical(srz24618671539, noop)
pos, 0.16679450876845095, vertical(srz246186710078, noop)
pos, 0.16679450876845095, vertical(srz24618679230, noop)
pos, 0.1667945087684509, vertical(srz24618674895, noop)
pos, 0.1667945087684509, vertical(srz246186712964, noop)
pos, 0.1667945087684509, vertical(srz24618679753, noop)
pos, 0.1667945087684509, vertical(srz24618674167, noop)
pos, 0.1667945087684509, vertical(srz24618676920, up)
pos, 0.1667945087684509, vertical(srz246186714465, noop)
pos, 0.1667945087684509, vertical(srz24618674626, noop)
pos, 0.16679450876845095, vertical(srz24618679157, noop)
pos, 0.16679450876845095, vertical(srz24618675597, down)
pos, 0.1667945087684509, vertical(srz24618678673, noop)
pos, 0.1667945087684509, vertical(srz246186714787, noop)
pos, 0.1667945087684509, vertical(srz246186712257, noop)
pos, 0.1667945087684509, vertical(srz24618677063, noop)
pos, 0.1667945087684509, vertical(srz24618678359, noop)
pos, 0.1667945087684509, vertical(srz24618671587, up)
pos, 0.1667945087684509, vertical(srz24618676794, up)
pos, 0.1667945087684509, vertical(srz246186715092, up)
pos, 0.1667945087684509, vertical(srz24618676827, down)
pos, 0.1667945087684509, vertical(srz24618678393, up)
pos, 0.1667945087684509, vertical(srz24618671574, up)
pos, 0.1667945087684509, vertical(srz24618678071, noop)
pos, 0.1667945087684509, vertical(srz24618673145, up)
pos, 0.1667945087684509, vertical(srz24618674610, up)
pos, 0.1667945087684509, vertical(srz24618674826, down)
pos, 0.16679450876845095, vertical(srz24618672568, up)
pos, 0.1667945087684509, vertical(srz24618671732, noop)
pos, 0.1667945087684509, vertical(srz24618672209, noop)
pos, 0.1667945087684509, vertical(srz24618679307, noop)
pos, 0.1667945087684509, vertical(srz24618676703, down)
pos, 0.16679450876845095, vertical(srz24618677591, down)
pos, 0.1667945087684509, vertical(srz246186716040, noop)
pos, 0.1667945087684509, vertical(srz24618674818, noop)
pos, 0.1667945087684509, vertical(srz24618675163, down)
pos, 0.1667945087684509, vertical(srz2461867355, down)
pos, 0.1667945087684509, vertical(srz246186712755, down)
pos, 0.1667945087684509, vertical(srz24618674994, down)
pos, 0.1667945087684509, vertical(srz24618679582, up)
pos, 0.1667945087684509, vertical(srz24618677822, noop)
pos, 0.1667945087684509, vertical(srz24618678348, noop)
pos, 0.16679450876845095, vertical(srz24618675240, noop)
pos, 0.1667945087684509, vertical(srz246186711094, noop)
pos, 0.1667945087684509, vertical(srz24618679807, noop)
pos, 0.1667945087684509, vertical(srz24618671076, noop)
pos, 0.1667945087684509, vertical(srz24618676883, down)
pos, 0.1667945087684509, vertical(srz246186712296, up)
pos, 0.1667945087684509, vertical(srz246186711369, down)
pos, 0.16679450876845095, vertical(srz246186710446, up)
pos, 0.1667945087684509, vertical(srz24618679983, noop)
pos, 0.16679450876845098, vertical(srz246186711731, noop)
pos, 0.16679450876845095, vertical(srz24618675645, up)
pos, 0.1667945087684509, vertical(srz246186712321, noop)
pos, 0.1667945087684509, vertical(srz246186712791, noop)
pos, 0.1667945087684509, vertical(srz24618676471, noop)
pos, 0.1667945087684509, vertical(srz246186712153, noop)
pos, 0.1667945087684509, vertical(srz24618674834, down)
pos, 0.1667945087684509, vertical(srz246186714982, noop)
pos, 0.1667945087684509, vertical(srz24618671047, noop)
pos, 0.1667945087684509, vertical(srz246186711224, noop)
pos, 0.16679450876845098, vertical(srz246186711704, noop)
pos, 0.1667945087684509, vertical(srz24618677360, noop)
pos, 0.1667945087684509, vertical(srz24618672000, noop)
pos, 0.1667945087684509, vertical(srz246186711470, down)
pos, 0.1667945087684509, vertical(srz24618678415, down)
pos, 0.1667945087684509, vertical(srz24618673334, up)
pos, 0.1667945087684509, vertical(srz24618676591, up)
pos, 0.1667945087684509, vertical(srz24618671169, noop)
pos, 0.1667945087684509, vertical(srz246186713307, noop)
pos, 0.1667945087684509, vertical(srz2461867253, noop)
pos, 0.1667945087684509, vertical(srz24618676076, down)
pos, 0.1667945087684509, vertical(srz246186711017, up)
pos, 0.1667945087684509, vertical(srz24618677875, noop)
pos, 0.1667945087684509, vertical(srz246186711101, noop)
pos, 0.1667945087684509, vertical(srz24618679977, down)
pos, 0.16679450876845095, vertical(srz24618679229, noop)
pos, 0.1667945087684509, vertical(srz2461867151, noop)
pos, 0.16679450876845095, vertical(srz246186710521, noop)
pos, 0.1667945087684509, vertical(srz246186710142, noop)
pos, 0.1667945087684509, vertical(srz24618672118, up)
pos, 0.1667945087684509, vertical(srz24618671293, noop)
pos, 0.16679450876845145, vertical(srz24618677259, up)
pos, 0.1667945087684509, vertical(srz246186713442, down)
pos, 0.1667945087684509, vertical(srz24618679764, noop)
pos, 0.1667945087684509, vertical(srz246186716748, down)
pos, 0.1667945087684509, vertical(srz24618677793, up)
pos, 0.1667945087684509, vertical(srz246186714877, noop)
pos, 0.1667945087684509, vertical(srz246186713540, noop)
pos, 0.1667945087684509, vertical(srz24618672170, noop)
pos, 0.1667945087684509, vertical(srz24618676252, noop)
pos, 0.1667945087684509, vertical(srz24618676288, up)
pos, 0.1667945087684509, vertical(srz246186715912, up)
pos, 0.1667945087684509, vertical(srz24618677935, noop)
pos, 0.1667945087684509, vertical(srz24618677774, noop)
pos, 0.1667945087684509, vertical(srz246186714914, noop)
pos, 0.16679450876845095, vertical(srz246186711917, noop)
pos, 0.16679450876845178, vertical(srz246186716390, noop)
pos, 0.1667945087684509, vertical(srz24618672855, noop)
pos, 0.1667945087684509, vertical(srz24618676429, noop)
pos, 0.1667945087684509, vertical(srz24618679282, noop)
pos, 0.16679450876845098, vertical(srz24618672357, noop)
pos, 0.1667945087684509, vertical(srz2461867682, down)
pos, 0.1667945087684509, vertical(srz24618671980, down)
pos, 0.1667945087684509, vertical(srz246186715345, noop)
pos, 0.1667945087684509, vertical(srz246186715724, up)
pos, 0.1667945087684509, vertical(srz24618677194, noop)
pos, 0.16679450876845145, vertical(srz24618677274, up)
pos, 0.1667945087684509, vertical(srz246186712715, noop)
pos, 0.1667945087684509, vertical(srz246186710641, noop)
pos, 0.1667945087684509, vertical(srz24618677502, noop)
pos, 0.1667945087684509, vertical(srz24618678844, up)
pos, 0.1667945087684509, vertical(srz24618674479, down)
pos, 0.1667945087684509, vertical(srz246186712957, down)
pos, 0.1667945087684509, vertical(srz246186716774, noop)
pos, 0.1667945087684509, vertical(srz246186711332, noop)
pos, 0.1667945087684509, vertical(srz24618672566, noop)
pos, 0.1667945087684509, vertical(srz24618673634, noop)
pos, 0.1667945087684509, vertical(srz246186711285, noop)
pos, 0.1667945087684509, vertical(srz246186714221, down)
pos, 0.1667945087684509, vertical(srz246186710667, noop)
pos, 0.1667945087684509, vertical(srz246186712963, noop)
pos, 0.16679450876845178, vertical(srz246186717154, noop)
pos, 0.1667945087684509, vertical(srz24618678206, up)
pos, 0.1667945087684509, vertical(srz246186713290, noop)
pos, 0.1667945087684509, vertical(srz246186710035, down)
pos, 0.1667945087684509, vertical(srz246186712740, up)
pos, 0.1667945087684509, vertical(srz24618671610, up)
pos, 0.1667945087684509, vertical(srz246186716047, noop)
pos, 0.1667945087684509, vertical(srz246186716300, noop)
pos, 0.1667945087684509, vertical(srz24618671748, down)
pos, 0.1667945087684509, vertical(srz24618673154, up)
pos, 0.1667945087684509, vertical(srz246186714455, down)
pos, 0.1667945087684509, vertical(srz246186716671, noop)
pos, 0.1667945087684509, vertical(srz2461867470, noop)
pos, 0.1667945087684509, vertical(srz2461867537, noop)
pos, 0.1667945087684509, vertical(srz24618677814, noop)
pos, 0.1667945087684509, vertical(srz24618671649, up)
pos, 0.1667945087684509, vertical(srz24618671486, down)
pos, 0.1667945087684509, vertical(srz24618678543, noop)
pos, 0.1667945087684509, vertical(srz24618675905, noop)
pos, 0.1667945087684509, vertical(srz246186710114, up)
pos, 0.1667945087684509, vertical(srz246186714070, noop)
pos, 0.16679450876845098, vertical(srz246186716967, down)
pos, 0.16679450876845098, vertical(srz246186716497, noop)
pos, 0.16679450876845095, vertical(srz246186716557, noop)
pos, 0.1667945087684509, vertical(srz24618677858, down)
pos, 0.1667945087684509, vertical(srz24618677378, noop)
pos, 0.16679450876845095, vertical(srz246186711925, noop)
pos, 0.1667945087684509, vertical(srz24618674903, down)
pos, 0.1667945087684509, vertical(srz24618674500, down)
pos, 0.1667945087684509, vertical(srz246186710324, noop)
pos, 0.1667945087684509, vertical(srz246186712484, down)
pos, 0.16679450876845095, vertical(srz246186710551, noop)
pos, 0.1667945087684509, vertical(srz246186715182, down)
pos, 0.1667945087684509, vertical(srz246186711227, noop)
pos, 0.1667945087684509, vertical(srz246186713254, noop)
pos, 0.1667945087684509, vertical(srz246186713647, up)
pos, 0.1667945087684509, vertical(srz24618678883, down)
pos, 0.1667945087684509, vertical(srz246186712480, down)
pos, 0.1667945087684509, vertical(srz24618671263, noop)
pos, 0.16679450876845095, vertical(srz2461867415, down)
pos, 0.1667945087684509, vertical(srz246186712363, noop)
pos, 0.1667945087684509, vertical(srz24618673062, noop)
pos, 0.1667945087684509, vertical(srz24618671466, noop)
pos, 0.1667945087684509, vertical(srz246186710789, noop)
pos, 0.1667945087684509, vertical(srz24618678758, down)
pos, 0.1667945087684509, vertical(srz24618673060, noop)
pos, 0.16679450876845178, vertical(srz246186716398, noop)
pos, 0.1667945087684509, vertical(srz24618672739, noop)
pos, 0.1667945087684509, vertical(srz24618676842, down)
pos, 0.1667945087684509, vertical(srz246186714929, noop)
pos, 0.1667945087684509, vertical(srz246186716765, noop)
pos, 0.1667945087684509, vertical(srz24618676973, noop)
pos, 0.16679450876845095, vertical(srz246186716251, down)
pos, 0.16679450876845095, vertical(srz24618679137, up)
pos, 0.1667945087684509, vertical(srz246186714885, noop)
pos, 0.1667945087684509, vertical(srz24618676327, noop)
pos, 0.1667945087684509, vertical(srz24618678239, noop)
pos, 0.1667945087684509, vertical(srz24618671445, noop)
pos, 0.1667945087684509, vertical(srz2461867758, noop)
pos, 0.1667945087684509, vertical(srz24618679371, noop)
pos, 0.1667945087684509, vertical(srz24618673093, down)
pos, 0.16679450876845095, vertical(srz246186713067, up)
pos, 0.1667945087684509, vertical(srz2461867522, noop)
pos, 0.1667945087684509, vertical(srz246186716149, noop)
pos, 0.16679450876845095, vertical(srz24618679515, noop)
pos, 0.1667945087684509, vertical(srz24618678825, noop)
pos, 0.1667945087684509, vertical(srz246186712297, up)
pos, 0.1667945087684509, vertical(srz246186713674, down)
pos, 0.1667945087684509, vertical(srz246186710196, down)
pos, 0.1667945087684509, vertical(srz246186716056, noop)
pos, 0.1667945087684509, vertical(srz24618671137, noop)
pos, 0.16679450876845095, vertical(srz24618676020, noop)
pos, 0.1667945087684509, vertical(srz246186714738, noop)
pos, 0.1667945087684509, vertical(srz246186716785, up)
pos, 0.1667945087684509, vertical(srz24618677642, up)
pos, 0.1667945087684509, vertical(srz246186714213, noop)
pos, 0.1667945087684509, vertical(srz24618679663, noop)
pos, 0.1667945087684509, vertical(srz24618678486, down)
pos, 0.1667945087684509, vertical(srz24618673803, noop)
pos, 0.1667945087684509, vertical(srz24618672856, noop)
pos, 0.1667945087684509, vertical(srz24618674676, up)
pos, 0.1667945087684509, vertical(srz246186710911, down)
pos, 0.16679450876845098, vertical(srz246186716420, noop)
pos, 0.1667945087684509, vertical(srz246186731, noop)
pos, 0.1667945087684509, vertical(srz24618678773, noop)
pos, 0.1667945087684509, vertical(srz24618671065, noop)
pos, 0.1667945087684509, vertical(srz246186715577, noop)
pos, 0.1667945087684509, vertical(srz24618675825, noop)
pos, 0.1667945087684509, vertical(srz24618679748, noop)
pos, 0.1667945087684509, vertical(srz24618672494, up)
pos, 0.1667945087684509, vertical(srz246186714283, noop)
pos, 0.1667945087684509, vertical(srz246186712686, noop)
pos, 0.1667945087684509, vertical(srz24618672522, noop)
pos, 0.16679450876845095, vertical(srz24618677307, noop)
pos, 0.1667945087684509, vertical(srz24618675936, noop)
pos, 0.1667945087684509, vertical(srz246186714950, down)
pos, 0.1667945087684509, vertical(srz246186714900, noop)
pos, 0.1667945087684509, vertical(srz24618678344, noop)
pos, 0.16679450876845095, vertical(srz246186714294, up)
pos, 0.1667945087684509, vertical(srz24618672992, down)
pos, 0.1667945087684509, vertical(srz24618674967, noop)
pos, 0.1667945087684509, vertical(srz24618671616, up)
pos, 0.1667945087684509, vertical(srz246186712810, noop)
pos, 0.1667945087684509, vertical(srz246186711821, noop)
pos, 0.1667945087684509, vertical(srz24618678742, noop)
pos, 0.16679450876845098, vertical(srz24618674137, noop)
pos, 0.1667945087684509, vertical(srz2461867261, noop)
pos, 0.1667945087684509, vertical(srz24618676764, down)
pos, 0.1667945087684509, vertical(srz24618677675, noop)
pos, 0.16679450876845095, vertical(srz24618674350, noop)
pos, 0.1667945087684509, vertical(srz246186711434, noop)
pos, 0.1667945087684509, vertical(srz246186715442, up)
pos, 0.1667945087684509, vertical(srz24618676948, down)
pos, 0.1667945087684509, vertical(srz24618672901, down)
pos, 0.1667945087684509, vertical(srz24618676576, noop)
pos, 0.1667945087684509, vertical(srz24618678228, noop)
pos, 0.1667945087684509, vertical(srz24618674948, noop)
pos, 0.16679450876845095, vertical(srz24618674377, down)
pos, 0.1667945087684509, vertical(srz24618671068, noop)
pos, 0.1667945087684509, vertical(srz246186712777, noop)
pos, 0.16679450876845098, vertical(srz24618673531, noop)
pos, 0.1667945087684509, vertical(srz246186714849, noop)
pos, 0.16679450876845095, vertical(srz246186710405, noop)
pos, 0.1667945087684509, vertical(srz246186713780, down)
pos, 0.1667945087684509, vertical(srz246186712831, up)
pos, 0.1667945087684509, vertical(srz2461867190, noop)
pos, 0.1667945087684509, vertical(srz24618675533, down)
pos, 0.1667945087684509, vertical(srz246186710991, noop)
pos, 0.16679450876845095, vertical(srz246186710495, up)
pos, 0.16679450876845098, vertical(srz246186714517, up)
pos, 0.1667945087684509, vertical(srz246186713352, down)
pos, 0.1667945087684509, vertical(srz24618676799, up)
pos, 0.16679450876845095, vertical(srz24618675682, up)
pos, 0.1667945087684509, vertical(srz246186712775, noop)
pos, 0.1667945087684509, vertical(srz24618678389, up)
pos, 0.1667945087684509, vertical(srz24618677692, noop)
pos, 0.1667945087684509, vertical(srz246186716868, noop)
pos, 0.1667945087684509, vertical(srz24618671526, noop)
pos, 0.1667945087684509, vertical(srz24618674210, noop)
pos, 0.16679450876845095, vertical(srz246186710538, noop)
pos, 0.16679450876845095, vertical(srz24618679042, noop)
pos, 0.1667945087684509, vertical(srz246186716219, noop)
pos, 0.1667945087684509, vertical(srz24618673941, down)
pos, 0.1667945087684509, vertical(srz246186711050, down)
pos, 0.1667945087684509, vertical(srz24618673231, down)
pos, 0.16679450876845095, vertical(srz24618678641, up)
pos, 0.1667945087684509, vertical(srz246186714714, noop)
pos, 0.16679450876845095, vertical(srz246186714826, noop)
pos, 0.1667945087684509, vertical(srz246186714109, down)
pos, 0.1667945087684509, vertical(srz246186713835, noop)
pos, 0.1667945087684509, vertical(srz246186758, noop)
pos, 0.1667945087684509, vertical(srz24618675164, down)
pos, 0.1667945087684509, vertical(srz246186714718, noop)
pos, 0.1667945087684509, vertical(srz246186717048, noop)
pos, 0.1667945087684509, vertical(srz24618673697, noop)
pos, 0.1667945087684509, vertical(srz246186716993, up)
pos, 0.1667945087684509, vertical(srz24618679988, up)
pos, 0.1667945087684509, vertical(srz246186716017, noop)
pos, 0.1667945087684509, vertical(srz24618679573, down)
pos, 0.1667945087684509, vertical(srz246186716181, noop)
pos, 0.1667945087684509, vertical(srz246186710985, noop)
pos, 0.1667945087684509, vertical(srz24618677395, noop)
pos, 0.1667945087684509, vertical(srz246186711334, noop)
pos, 0.1667945087684509, vertical(srz246186715018, noop)
pos, 0.1667945087684509, vertical(srz2461867679, down)
pos, 0.1667945087684509, vertical(srz24618678316, up)
pos, 0.1667945087684509, vertical(srz24618676536, noop)
pos, 0.1667945087684509, vertical(srz246186714979, noop)
pos, 0.16679450876845095, vertical(srz24618676674, up)
pos, 0.1667945087684509, vertical(srz246186714159, down)
pos, 0.16679450876845095, vertical(srz246186713384, noop)
pos, 0.1667945087684509, vertical(srz24618673081, down)
pos, 0.1667945087684509, vertical(srz24618678497, down)
pos, 0.1667945087684509, vertical(srz24618674204, noop)
pos, 0.1667945087684509, vertical(srz24618672973, noop)
pos, 0.1667945087684509, vertical(srz24618678878, noop)
pos, 0.1667945087684509, vertical(srz246186711191, noop)
pos, 0.16679450876845098, vertical(srz246186711697, noop)
pos, 0.1667945087684509, vertical(srz24618675425, noop)
pos, 0.1667945087684509, vertical(srz246186715594, noop)
pos, 0.1667945087684509, vertical(srz246186715499, down)
pos, 0.1667945087684509, vertical(srz24618676838, down)
pos, 0.16679450876845095, vertical(srz24618672760, noop)
pos, 0.1667945087684509, vertical(srz24618678523, down)
pos, 0.16679450876845095, vertical(srz24618675585, up)
pos, 0.1667945087684509, vertical(srz24618676338, noop)
pos, 0.1667945087684509, vertical(srz246186712251, noop)
pos, 0.1667945087684509, vertical(srz246186715296, up)
pos, 0.1667945087684509, vertical(srz24618677012, noop)
pos, 0.1667945087684509, vertical(srz24618677054, noop)
pos, 0.1667945087684509, vertical(srz24618678416, down)
pos, 0.1667945087684509, vertical(srz24618679373, noop)
pos, 0.1667945087684509, vertical(srz24618673696, noop)
pos, 0.1667945087684509, vertical(srz24618675939, noop)
pos, 0.16679450876845095, vertical(srz24618675292, up)
pos, 0.1667945087684509, vertical(srz24618677043, up)
pos, 0.1667945087684509, vertical(srz246186716112, noop)
pos, 0.16679450876845095, vertical(srz24618675096, noop)
pos, 0.1667945087684509, vertical(srz246186711145, noop)
pos, 0.1667945087684509, vertical(srz24618671304, noop)
pos, 0.1667945087684509, vertical(srz246186716743, noop)
pos, 0.1667945087684509, vertical(srz24618676502, up)
pos, 0.1667945087684509, vertical(srz24618672044, noop)
pos, 0.16679450876845095, vertical(srz24618679524, noop)
pos, 0.1667945087684509, vertical(srz246186712802, noop)
pos, 0.1667945087684509, vertical(srz246186714204, noop)
pos, 0.1667945087684509, vertical(srz2461867402, up)
pos, 0.16679450876845095, vertical(srz24618672569, up)
pos, 0.1667945087684509, vertical(srz246186716882, noop)
pos, 0.1667945087684509, vertical(srz246186710225, noop)
pos, 0.1667945087684509, vertical(srz246186710933, up)
pos, 0.1667945087684509, vertical(srz24618679721, noop)
pos, 0.1667945087684509, vertical(srz24618677718, noop)
pos, 0.1667945087684509, vertical(srz24618671888, noop)
pos, 0.1667945087684509, vertical(srz24618671491, down)
pos, 0.1667945087684509, vertical(srz24618678737, noop)
pos, 0.16679450876845098, vertical(srz24618677951, noop)
pos, 0.1667945087684509, vertical(srz24618676826, down)
pos, 0.16679450876845095, vertical(srz246186711551, noop)
pos, 0.1667945087684509, vertical(srz24618675376, noop)
pos, 0.1667945087684509, vertical(srz24618676508, noop)
pos, 0.16679450876845095, vertical(srz246186715969, noop)
pos, 0.16679450876845095, vertical(srz24618672613, up)
pos, 0.1667945087684509, vertical(srz246186714240, noop)
pos, 0.1667945087684509, vertical(srz246186716929, noop)
pos, 0.1667945087684509, vertical(srz24618675892, noop)
pos, 0.1667945087684509, vertical(srz246186712575, down)
pos, 0.1667945087684509, vertical(srz24618676222, up)
pos, 0.16679450876845095, vertical(srz2461867977, noop)
pos, 0.1667945087684509, vertical(srz24618678299, up)
pos, 0.1667945087684509, vertical(srz24618672040, noop)
pos, 0.1667945087684509, vertical(srz24618675572, noop)
pos, 0.1667945087684509, vertical(srz246186715505, down)
pos, 0.16679450876845095, vertical(srz24618674390, noop)
pos, 0.1667945087684509, vertical(srz24618673096, noop)
pos, 0.16679450876845095, vertical(srz246186715875, up)
pos, 0.1667945087684509, vertical(srz246186710821, noop)
pos, 0.1667945087684509, vertical(srz2461867283, noop)
pos, 0.16679450876845095, vertical(srz246186711516, up)
pos, 0.1667945087684509, vertical(srz24618677421, noop)
pos, 0.1667945087684509, vertical(srz24618676322, noop)
pos, 0.1667945087684509, vertical(srz24618678304, up)
pos, 0.1667945087684509, vertical(srz24618673268, up)
pos, 0.1667945087684509, vertical(srz24618679798, noop)
pos, 0.1667945087684509, vertical(srz246186715207, noop)
pos, 0.16679450876845095, vertical(srz24618679481, noop)
pos, 0.1667945087684509, vertical(srz24618671583, up)
pos, 0.16679450876845095, vertical(srz246186714589, up)
pos, 0.1667945087684509, vertical(srz246186712705, up)
pos, 0.16679450876845098, vertical(srz246186715252, down)
pos, 0.1667945087684509, vertical(srz24618678775, noop)
pos, 0.1667945087684509, vertical(srz24618673316, noop)
pos, 0.1667945087684509, vertical(srz24618679382, noop)
pos, 0.1667945087684509, vertical(srz246186713709, up)
pos, 0.1667945087684509, vertical(srz24618675595, noop)
pos, 0.1667945087684509, vertical(srz246186715734, noop)
pos, 0.1667945087684509, vertical(srz24618672508, up)
pos, 0.1667945087684509, vertical(srz24618672323, down)
pos, 0.1667945087684509, vertical(srz246186710224, noop)
pos, 0.1667945087684509, vertical(srz246186711797, noop)
pos, 0.16679450876845095, vertical(srz24618679141, up)
pos, 0.1667945087684509, vertical(srz24618672292, up)
pos, 0.1667945087684509, vertical(srz246186711406, noop)
pos, 0.1667945087684509, vertical(srz246186717051, noop)
pos, 0.1667945087684509, vertical(srz24618677398, noop)
pos, 0.16679450876845095, vertical(srz24618672577, noop)
pos, 0.1667945087684509, vertical(srz24618671907, up)
pos, 0.16679450876845095, vertical(srz246186714314, up)
pos, 0.1667945087684509, vertical(srz24618676287, up)
pos, 0.1667945087684509, vertical(srz24618676564, down)
pos, 0.1667945087684509, vertical(srz246186714276, noop)
pos, 0.1667945087684509, vertical(srz246186712391, noop)
pos, 0.1667945087684509, vertical(srz24618678815, noop)
pos, 0.1667945087684509, vertical(srz24618674935, up)
pos, 0.1667945087684509, vertical(srz246186714720, noop)
pos, 0.1667945087684509, vertical(srz24618678800, up)
pos, 0.1667945087684509, vertical(srz2461867509, up)
pos, 0.1667945087684509, vertical(srz24618674870, down)
pos, 0.1667945087684509, vertical(srz246186711174, noop)
pos, 0.1667945087684509, vertical(srz246186711812, noop)
pos, 0.1667945087684509, vertical(srz246186714748, noop)
pos, 0.1667945087684509, vertical(srz246186710122, up)
pos, 0.1667945087684509, vertical(srz246186716816, noop)
pos, 0.1667945087684509, vertical(srz24618678728, noop)
pos, 0.16679450876845095, vertical(srz246186716244, down)
pos, 0.1667945087684509, vertical(srz24618672003, noop)
pos, 0.16679450876845095, vertical(srz2461867429, down)
pos, 0.1667945087684509, vertical(srz246186711365, down)
pos, 0.1667945087684509, vertical(srz24618675044, up)
pos, 0.1667945087684509, vertical(srz24618676595, down)
pos, 0.1667945087684509, vertical(srz24618677418, noop)
pos, 0.1667945087684509, vertical(srz24618673978, noop)
pos, 0.1667945087684509, vertical(srz246186710826, noop)
pos, 0.16679450876845098, vertical(srz246186711730, noop)
pos, 0.1667945087684509, vertical(srz24618676089, down)
pos, 0.1667945087684509, vertical(srz246186713911, down)
pos, 0.1667945087684509, vertical(srz24618677001, noop)
pos, 0.1667945087684509, vertical(srz24618676496, up)
pos, 0.1667945087684509, vertical(srz24618674057, up)
pos, 0.1667945087684509, vertical(srz246186715717, noop)
pos, 0.16679450876845095, vertical(srz24618679182, up)
pos, 0.1667945087684509, vertical(srz246186715693, noop)
pos, 0.1667945087684509, vertical(srz246186712595, down)
pos, 0.1667945087684509, vertical(srz24618672288, up)
pos, 0.1667945087684509, vertical(srz246186710829, noop)
pos, 0.1667945087684509, vertical(srz24618678124, down)
pos, 0.1667945087684509, vertical(srz24618677548, noop)
pos, 0.1667945087684509, vertical(srz24618676770, down)
pos, 0.1667945087684509, vertical(srz24618678095, up)
pos, 0.1667945087684509, vertical(srz24618671711, down)
pos, 0.1667945087684509, vertical(srz246186714906, noop)
pos, 0.1667945087684509, vertical(srz24618678278, down)
pos, 0.16679450876845098, vertical(srz24618674082, up)
pos, 0.1667945087684509, vertical(srz24618671469, noop)
pos, 0.1667945087684509, vertical(srz24618672802, noop)
pos, 0.1667945087684509, vertical(srz246186713289, noop)
pos, 0.1667945087684509, vertical(srz246186712103, noop)
pos, 0.16679450876845095, vertical(srz246186711601, up)
pos, 0.16679450876845095, vertical(srz246186713119, noop)
pos, 0.16679450876845095, vertical(srz246186713377, noop)
pos, 0.1667945087684509, vertical(srz246186711290, up)
pos, 0.1667945087684509, vertical(srz246186712455, noop)
pos, 0.1667945087684509, vertical(srz24618677850, down)
pos, 0.1667945087684509, vertical(srz24618675494, noop)
pos, 0.16679450876845178, vertical(srz246186717175, noop)
pos, 0.1667945087684509, vertical(srz24618678955, down)
pos, 0.1667945087684509, vertical(srz24618679016, noop)
pos, 0.16679450876845095, vertical(srz24618674727, up)
pos, 0.16679450876845095, vertical(srz246186711240, noop)
pos, 0.16679450876845095, vertical(srz246186714596, up)
pos, 0.1667945087684509, vertical(srz24618677006, noop)
pos, 0.1667945087684509, vertical(srz24618679657, noop)
pos, 0.1667945087684509, vertical(srz246186715632, noop)
pos, 0.1667945087684509, vertical(srz246186713197, noop)
pos, 0.1667945087684509, vertical(srz24618672291, up)
pos, 0.1667945087684509, vertical(srz24618672073, noop)
pos, 0.1667945087684509, vertical(srz24618676685, noop)
pos, 0.1667945087684509, vertical(srz24618678442, noop)
pos, 0.1667945087684509, vertical(srz246186713449, noop)
pos, 0.1667945087684509, vertical(srz24618677900, down)
pos, 0.1667945087684509, vertical(srz246186712845, noop)
pos, 0.1667945087684509, vertical(srz246186715502, down)
pos, 0.1667945087684509, vertical(srz24618678792, up)
pos, 0.1667945087684509, vertical(srz2461867342, down)
pos, 0.16679450876845095, vertical(srz24618672650, noop)
pos, 0.1667945087684509, vertical(srz24618675046, up)
pos, 0.1667945087684509, vertical(srz246186712077, up)
pos, 0.1667945087684509, vertical(srz24618679785, noop)
pos, 0.1667945087684509, vertical(srz2461867569, up)
pos, 0.1667945087684509, vertical(srz24618674296, noop)
pos, 0.1667945087684509, vertical(srz24618678977, down)
pos, 0.1667945087684509, vertical(srz24618675229, down)
pos, 0.16679450876845178, vertical(srz246186716354, noop)
pos, 0.1667945087684509, vertical(srz246186711441, up)
pos, 0.16679450876845095, vertical(srz2461867865, noop)
pos, 0.1667945087684509, vertical(srz24618671409, down)
pos, 0.1667945087684509, vertical(srz24618672106, noop)
pos, 0.16679450876845095, vertical(srz246186716551, noop)
pos, 0.1667945087684509, vertical(srz246186714861, noop)
pos, 0.1667945087684509, vertical(srz246186716069, noop)
pos, 0.1667945087684509, vertical(srz24618674453, down)
pos, 0.1667945087684509, vertical(srz246186715672, noop)
pos, 0.1667945087684509, vertical(srz24618676843, down)
pos, 0.1667945087684509, vertical(srz24618678016, noop)
pos, 0.16679450876845098, vertical(srz246186716965, down)
pos, 0.1667945087684509, vertical(srz24618673673, up)
pos, 0.16679450876845095, vertical(srz246186711833, noop)
pos, 0.1667945087684509, vertical(srz246186716027, noop)
pos, 0.1667945087684509, vertical(srz246186710014, noop)
pos, 0.1667945087684509, vertical(srz24618679689, up)
pos, 0.1667945087684509, vertical(srz24618676525, noop)
pos, 0.1667945087684509, vertical(srz24618671111, noop)
pos, 0.1667945087684509, vertical(srz24618675994, down)
pos, 0.1667945087684509, vertical(srz24618674187, noop)
pos, 0.1667945087684509, vertical(srz2461867623, noop)
pos, 0.1667945087684509, vertical(srz24618674459, down)
pos, 0.1667945087684509, vertical(srz24618674472, down)
pos, 0.16679450876845145, vertical(srz246186715880, up)
pos, 0.1667945087684509, vertical(srz24618673414, down)
pos, 0.1667945087684509, vertical(srz24618676499, up)
pos, 0.16679450876845095, vertical(srz24618675677, up)
pos, 0.16679450876845095, vertical(srz246186714286, noop)
pos, 0.1667945087684509, vertical(srz246186715029, noop)
pos, 0.1667945087684509, vertical(srz24618677090, noop)
pos, 0.1667945087684509, vertical(srz24618679773, noop)
pos, 0.1667945087684509, vertical(srz246186714448, down)
pos, 0.16679450876845095, vertical(srz24618679233, noop)
pos, 0.1667945087684509, vertical(srz2461867179, noop)
pos, 0.16679450876845095, vertical(srz24618675730, noop)
pos, 0.1667945087684509, vertical(srz24618678963, down)
pos, 0.1667945087684509, vertical(srz24618672518, noop)
pos, 0.1667945087684509, vertical(srz24618678729, noop)
pos, 0.1667945087684509, vertical(srz24618675027, noop)
pos, 0.1667945087684509, vertical(srz24618676427, noop)
pos, 0.1667945087684509, vertical(srz246186712465, noop)
pos, 0.16679450876845095, vertical(srz246186710537, noop)
pos, 0.1667945087684509, vertical(srz246186712179, down)
pos, 0.1667945087684509, vertical(srz24618672330, down)
pos, 0.1667945087684509, vertical(srz24618677842, down)
pos, 0.1667945087684509, vertical(srz24618671106, noop)
pos, 0.1667945087684509, vertical(srz246186710150, up)
pos, 0.1667945087684509, vertical(srz24618678929, down)
pos, 0.1667945087684509, vertical(srz24618674457, down)
pos, 0.1667945087684509, vertical(srz24618678741, noop)
pos, 0.16679450876845098, vertical(srz246186711615, up)
pos, 0.1667945087684509, vertical(srz246186710860, noop)
pos, 0.1667945087684509, vertical(srz246186710254, noop)
pos, 0.1667945087684509, vertical(srz24618673994, noop)
pos, 0.1667945087684509, vertical(srz24618679415, noop)
pos, 0.1667945087684509, vertical(srz246186710250, noop)
pos, 0.1667945087684509, vertical(srz246186712579, down)
pos, 0.1667945087684509, vertical(srz24618676369, down)
pos, 0.1667945087684509, vertical(srz246186715468, down)
pos, 0.1667945087684509, vertical(srz24618672905, down)
pos, 0.1667945087684509, vertical(srz24618672320, noop)
pos, 0.1667945087684509, vertical(srz24618678115, down)
pos, 0.1667945087684509, vertical(srz24618676093, down)
pos, 0.1667945087684509, vertical(srz24618674807, up)
pos, 0.1667945087684509, vertical(srz246186714445, down)
pos, 0.16679450876845098, vertical(srz246186716515, noop)
pos, 0.16679450876845095, vertical(srz24618679060, noop)
pos, 0.1667945087684509, vertical(srz24618679865, up)
pos, 0.1667945087684509, vertical(srz24618672021, noop)
pos, 0.1667945087684509, vertical(srz24618677134, noop)
pos, 0.1667945087684509, vertical(srz24618673292, down)
pos, 0.1667945087684509, vertical(srz246186710131, noop)
pos, 0.1667945087684509, vertical(srz24618679712, noop)
pos, 0.1667945087684509, vertical(srz24618676436, noop)
pos, 0.1667945087684509, vertical(srz246186714130, up)
pos, 0.1667945087684509, vertical(srz24618671468, noop)
pos, 0.1667945087684509, vertical(srz2461867630, down)
pos, 0.1667945087684509, vertical(srz246186715793, noop)
pos, 0.1667945087684509, vertical(srz246186712533, up)
pos, 0.16679450876845095, vertical(srz246186713053, up)
pos, 0.16679450876845095, vertical(srz24618675238, up)
pos, 0.1667945087684509, vertical(srz246186713668, down)
pos, 0.16679450876845095, vertical(srz246186714642, up)
pos, 0.1667945087684509, vertical(srz24618671381, down)
pos, 0.1667945087684509, vertical(srz24618678988, down)
pos, 0.16679450876845098, vertical(srz24618675614, up)
pos, 0.1667945087684509, vertical(srz246186716839, up)
pos, 0.1667945087684509, vertical(srz24618677128, noop)
pos, 0.16679450876845178, vertical(srz246186717125, noop)
pos, 0.1667945087684509, vertical(srz24618678774, noop)
pos, 0.1667945087684509, vertical(srz24618675530, down)
pos, 0.1667945087684509, vertical(srz246186714232, down)
pos, 0.1667945087684509, vertical(srz24618677671, noop)
pos, 0.1667945087684509, vertical(srz24618671121, noop)
pos, 0.16679450876845095, vertical(srz24618679132, up)
pos, 0.1667945087684509, vertical(srz246186712871, noop)
pos, 0.1667945087684509, vertical(srz24618677765, down)
pos, 0.1667945087684509, vertical(srz24618672437, down)
pos, 0.16679450876845095, vertical(srz246186714828, noop)
pos, 0.1667945087684509, vertical(srz24618672813, noop)
pos, 0.16679450876845095, vertical(srz246186712419, up)
pos, 0.1667945087684509, vertical(srz246186714365, noop)
pos, 0.1667945087684509, vertical(srz24618677932, noop)
pos, 0.1667945087684509, vertical(srz246186711076, noop)
pos, 0.1667945087684509, vertical(srz246186710284, noop)
pos, 0.1667945087684509, vertical(srz24618673260, noop)
pos, 0.1667945087684509, vertical(srz24618672427, noop)
pos, 0.1667945087684509, vertical(srz24618679, noop)
pos, 0.1667945087684509, vertical(srz24618678913, down)
pos, 0.16679450876845178, vertical(srz246186717097, noop)
pos, 0.1667945087684509, vertical(srz24618676259, noop)
pos, 0.1667945087684509, vertical(srz246186710608, noop)
pos, 0.1667945087684509, vertical(srz24618671623, up)
pos, 0.1667945087684509, vertical(srz24618672953, noop)
pos, 0.1667945087684509, vertical(srz24618672022, noop)
pos, 0.1667945087684509, vertical(srz24618675023, noop)
pos, 0.16679450876845098, vertical(srz246186711676, noop)
pos, 0.16679450876845095, vertical(srz246186710449, up)
pos, 0.16679450876845095, vertical(srz24618678553, noop)
pos, 0.1667945087684509, vertical(srz246186710988, noop)
pos, 0.1667945087684509, vertical(srz246186713796, noop)
pos, 0.1667945087684509, vertical(srz24618672462, down)
pos, 0.1667945087684509, vertical(srz246186716919, noop)
pos, 0.16679450876845095, vertical(srz24618671017, noop)
pos, 0.1667945087684509, vertical(srz246186713752, noop)
pos, 0.16679450876845095, vertical(srz24618674398, noop)
pos, 0.16679450876845095, vertical(srz24618679155, noop)
pos, 0.1667945087684509, vertical(srz246186714066, noop)
pos, 0.16679450876845095, vertical(srz24618675600, noop)
pos, 0.1667945087684509, vertical(srz246186711405, noop)
pos, 0.16679450876845095, vertical(srz246186715392, noop)
pos, 0.1667945087684509, vertical(srz246186715817, down)
pos, 0.1667945087684509, vertical(srz246186712166, up)
pos, 0.1667945087684509, vertical(srz24618672830, noop)
pos, 0.1667945087684509, vertical(srz246186716303, noop)
pos, 0.1667945087684509, vertical(srz24618677126, noop)
pos, 0.16679450876845095, vertical(srz246186711301, up)
pos, 0.1667945087684509, vertical(srz246186714848, noop)
pos, 0.1667945087684509, vertical(srz2461867757, noop)
pos, 0.1667945087684509, vertical(srz24618675499, noop)
pos, 0.1667945087684509, vertical(srz24618674792, noop)
pos, 0.1667945087684509, vertical(srz24618671206, noop)
pos, 0.1667945087684509, vertical(srz24618675337, noop)
pos, 0.16679450876845095, vertical(srz2461867845, down)
pos, 0.1667945087684509, vertical(srz246186712928, noop)
pos, 0.1667945087684509, vertical(srz24618671731, noop)
pos, 0.16679450876845095, vertical(srz246186714815, noop)
pos, 0.16679450876845098, vertical(srz246186711619, up)
pos, 0.16679450876845095, vertical(srz24618674356, noop)
pos, 0.1667945087684509, vertical(srz24618674225, noop)
pos, 0.1667945087684509, vertical(srz246186715339, noop)
pos, 0.1667945087684509, vertical(srz24618679437, noop)
pos, 0.1667945087684509, vertical(srz24618678864, noop)
pos, 0.1667945087684509, vertical(srz24618679361, noop)
pos, 0.1667945087684509, vertical(srz246186717019, down)
pos, 0.1667945087684509, vertical(srz24618674469, down)
pos, 0.1667945087684509, vertical(srz24618676902, noop)
pos, 0.1667945087684509, vertical(srz24618679947, up)
pos, 0.1667945087684509, vertical(srz246186710591, noop)
pos, 0.1667945087684509, vertical(srz24618677103, up)
pos, 0.16679450876845095, vertical(srz246186716250, down)
pos, 0.1667945087684509, vertical(srz24618671459, noop)
pos, 0.1667945087684509, vertical(srz246186710612, noop)
pos, 0.1667945087684509, vertical(srz24618671326, noop)
pos, 0.1667945087684509, vertical(srz246186713774, down)
pos, 0.1667945087684509, vertical(srz24618679260, noop)
pos, 0.1667945087684509, vertical(srz24618678798, up)
pos, 0.1667945087684509, vertical(srz24618679873, noop)
pos, 0.1667945087684509, vertical(srz246186711321, noop)
pos, 0.16679450876845095, vertical(srz24618679224, noop)
pos, 0.1667945087684509, vertical(srz24618671962, down)
pos, 0.1667945087684509, vertical(srz24618672504, up)
pos, 0.1667945087684509, vertical(srz24618671051, noop)
pos, 0.1667945087684509, vertical(srz24618674587, noop)
pos, 0.1667945087684509, vertical(srz24618675334, noop)
pos, 0.1667945087684509, vertical(srz24618674590, noop)
pos, 0.1667945087684509, vertical(srz246186713584, down)
pos, 0.1667945087684509, vertical(srz246186716151, noop)
pos, 0.1667945087684509, vertical(srz24618672008, noop)
pos, 0.1667945087684509, vertical(srz24618673212, down)
pos, 0.1667945087684509, vertical(srz246186710280, noop)
pos, 0.1667945087684509, vertical(srz246186715068, noop)
pos, 0.1667945087684509, vertical(srz246186710711, noop)
pos, 0.16679450876845098, vertical(srz24618674017, noop)
pos, 0.1667945087684509, vertical(srz2461867515, up)
pos, 0.1667945087684509, vertical(srz24618671826, noop)
pos, 0.16679450876845095, vertical(srz246186714704, noop)
pos, 0.1667945087684509, vertical(srz24618674852, down)
pos, 0.1667945087684509, vertical(srz24618678862, noop)
pos, 0.1667945087684509, vertical(srz24618677163, noop)
pos, 0.1667945087684509, vertical(srz24618675842, noop)
pos, 0.1667945087684509, vertical(srz24618676084, down)
pos, 0.1667945087684509, vertical(srz2461867265, noop)
pos, 0.1667945087684509, vertical(srz24618676246, noop)
pos, 0.1667945087684509, vertical(srz246186712459, noop)
pos, 0.1667945087684509, vertical(srz24618672541, noop)
pos, 0.1667945087684509, vertical(srz246186712915, noop)
pos, 0.1667945087684509, vertical(srz24618675209, down)
pos, 0.1667945087684509, vertical(srz24618678073, noop)
pos, 0.1667945087684509, vertical(srz24618677778, noop)
pos, 0.1667945087684509, vertical(srz246186714387, noop)
pos, 0.1667945087684509, vertical(srz246186710099, noop)
pos, 0.16679450876845095, vertical(srz24618679203, up)
pos, 0.16679450876845098, vertical(srz24618672348, noop)
pos, 0.1667945087684509, vertical(srz24618678502, up)
pos, 0.16679450876845095, vertical(srz246186712638, down)
pos, 0.16679450876845095, vertical(srz24618675284, up)
pos, 0.1667945087684509, vertical(srz24618674930, up)
pos, 0.1667945087684509, vertical(srz24618677223, noop)
pos, 0.1667945087684509, vertical(srz246186714462, down)
pos, 0.1667945087684509, vertical(srz246186712669, up)
pos, 0.1667945087684509, vertical(srz24618671386, down)
pos, 0.1667945087684509, vertical(srz24618671054, noop)
pos, 0.1667945087684509, vertical(srz24618679997, up)
pos, 0.1667945087684509, vertical(srz24618673307, noop)
pos, 0.1667945087684509, vertical(srz24618675838, noop)
pos, 0.16679450876845095, vertical(srz24618672608, up)
pos, 0.1667945087684509, vertical(srz246186710027, down)
pos, 0.1667945087684509, vertical(srz24618677869, noop)
pos, 0.1667945087684509, vertical(srz246186714998, down)
pos, 0.1667945087684509, vertical(srz246186710266, noop)
pos, 0.1667945087684509, vertical(srz24618673572, up)
pos, 0.16679450876845095, vertical(srz24618679929, down)
pos, 0.1667945087684509, vertical(srz24618676993, noop)
pos, 0.1667945087684509, vertical(srz246186713935, noop)
pos, 0.16679450876845095, vertical(srz246186713082, noop)
pos, 0.1667945087684509, vertical(srz24618673954, noop)
pos, 0.16679450876845095, vertical(srz246186713098, noop)
pos, 0.1667945087684509, vertical(srz24618674185, noop)
pos, 0.1667945087684509, vertical(srz246186715608, noop)
pos, 0.1667945087684509, vertical(srz246186711818, noop)
pos, 0.1667945087684509, vertical(srz246186716831, noop)
pos, 0.1667945087684509, vertical(srz24618674329, noop)
pos, 0.1667945087684509, vertical(srz246186710873, noop)
pos, 0.16679450876845095, vertical(srz246186712506, noop)
pos, 0.16679450876845098, vertical(srz24618672342, noop)
pos, 0.1667945087684509, vertical(srz246186711162, down)
pos, 0.1667945087684509, vertical(srz24618676560, down)
pos, 0.1667945087684509, vertical(srz24618675227, down)
pos, 0.16679450876845098, vertical(srz246186716984, noop)
pos, 0.1667945087684509, vertical(srz24618672458, noop)
pos, 0.1667945087684509, vertical(srz246186711066, down)
pos, 0.1667945087684509, vertical(srz24618675194, noop)
pos, 0.1667945087684509, vertical(srz24618676911, up)
pos, 0.16679450876845095, vertical(srz246186711888, noop)
pos, 0.1667945087684509, vertical(srz246186713719, up)
pos, 0.1667945087684509, vertical(srz246186714162, down)
pos, 0.1667945087684509, vertical(srz246186713357, down)
pos, 0.1667945087684509, vertical(srz24618673820, down)
pos, 0.1667945087684509, vertical(srz24618672756, noop)
pos, 0.1667945087684509, vertical(srz246186713721, noop)
pos, 0.1667945087684509, vertical(srz246186711019, noop)
pos, 0.1667945087684509, vertical(srz246186714968, noop)
pos, 0.1667945087684509, vertical(srz24618671784, noop)
pos, 0.16679450876845095, vertical(srz24618671018, noop)
pos, 0.1667945087684509, vertical(srz2461867383, up)
pos, 0.1667945087684509, vertical(srz246186715788, noop)
pos, 0.1667945087684509, vertical(srz246186711032, noop)
pos, 0.1667945087684509, vertical(srz24618672103, noop)
pos, 0.1667945087684509, vertical(srz24618671504, noop)
pos, 0.1667945087684509, vertical(srz246186715166, noop)
pos, 0.16679450876845095, vertical(srz2461867947, up)
pos, 0.1667945087684509, vertical(srz24618677725, noop)
pos, 0.1667945087684509, vertical(srz24618674305, noop)
pos, 0.1667945087684509, vertical(srz246186713191, noop)
pos, 0.1667945087684509, vertical(srz24618672716, noop)
pos, 0.1667945087684509, vertical(srz24618672197, noop)
pos, 0.1667945087684509, vertical(srz24618677684, noop)
pos, 0.1667945087684509, vertical(srz24618673632, noop)
pos, 0.1667945087684509, vertical(srz24618676185, noop)
pos, 0.1667945087684509, vertical(srz246186710622, noop)
pos, 0.1667945087684509, vertical(srz2461867548, noop)
pos, 0.1667945087684509, vertical(srz24618678163, down)
pos, 0.1667945087684509, vertical(srz246186717044, noop)
pos, 0.1667945087684509, vertical(srz24618671083, noop)
pos, 0.1667945087684509, vertical(srz24618677073, noop)
pos, 0.1667945087684509, vertical(srz24618672900, down)
pos, 0.16679450876845095, vertical(srz24618674406, noop)
pos, 0.1667945087684509, vertical(srz24618671673, up)
pos, 0.1667945087684509, vertical(srz246186713684, down)
pos, 0.1667945087684509, vertical(srz246186715464, down)
pos, 0.1667945087684509, vertical(srz246186710125, up)
pos, 0.1667945087684509, vertical(srz24618679279, noop)
pos, 0.1667945087684509, vertical(srz24618679691, up)
pos, 0.1667945087684509, vertical(srz246186710780, noop)
pos, 0.1667945087684509, vertical(srz246186712010, down)
pos, 0.1667945087684509, vertical(srz2461867296, down)
pos, 0.1667945087684509, vertical(srz24618674258, noop)
pos, 0.1667945087684509, vertical(srz246186715678, noop)
pos, 0.1667945087684509, vertical(srz2461867477, down)
pos, 0.1667945087684509, vertical(srz246186713494, up)
pos, 0.1667945087684509, vertical(srz24618675880, noop)
pos, 0.1667945087684509, vertical(srz24618671825, noop)
pos, 0.1667945087684509, vertical(srz24618677913, noop)
pos, 0.1667945087684509, vertical(srz24618674166, noop)
pos, 0.1667945087684509, vertical(srz24618676304, noop)
pos, 0.16679450876845095, vertical(srz24618672638, noop)
pos, 0.1667945087684509, vertical(srz246186714005, up)
pos, 0.1667945087684509, vertical(srz24618678580, noop)
pos, 0.16679450876845095, vertical(srz24618671023, noop)
pos, 0.16679450876845098, vertical(srz246186711705, noop)
pos, 0.16679450876845095, vertical(srz24618675581, up)
pos, 0.16679450876845098, vertical(srz246186714524, up)
pos, 0.1667945087684509, vertical(srz246186711172, noop)
pos, 0.16679450876845178, vertical(srz246186716348, noop)
pos, 0.1667945087684509, vertical(srz24618675029, noop)
pos, 0.16679450876845095, vertical(srz246186710460, noop)
pos, 0.16679450876845095, vertical(srz24618679508, noop)
pos, 0.1667945087684509, vertical(srz246186711071, noop)
pos, 0.16679450876845095, vertical(srz246186714299, up)
pos, 0.1667945087684509, vertical(srz246186713986, up)
pos, 0.1667945087684509, vertical(srz246186714349, up)
pos, 0.1667945087684509, vertical(srz24618673161, up)
pos, 0.1667945087684509, vertical(srz246186714333, noop)
pos, 0.1667945087684509, vertical(srz246186716299, noop)
pos, 0.1667945087684509, vertical(srz246186712378, noop)
pos, 0.1667945087684509, vertical(srz246186715735, noop)
pos, 0.1667945087684509, vertical(srz24618672962, noop)
pos, 0.1667945087684509, vertical(srz24618672088, noop)
pos, 0.1667945087684509, vertical(srz24618673649, up)
pos, 0.1667945087684509, vertical(srz246186712706, up)
pos, 0.1667945087684509, vertical(srz24618673321, noop)
pos, 0.1667945087684509, vertical(srz24618672720, noop)
pos, 0.1667945087684509, vertical(srz2461867478, down)
pos, 0.1667945087684509, vertical(srz24618679984, up)
pos, 0.16679450876845095, vertical(srz24618672640, noop)
pos, 0.1667945087684509, vertical(srz24618671871, noop)
pos, 0.1667945087684509, vertical(srz2461867923, up)
pos, 0.16679450876845095, vertical(srz246186714619, up)
pos, 0.1667945087684509, vertical(srz246186711802, noop)
pos, 0.1667945087684509, vertical(srz24618671551, noop)
pos, 0.16679450876845095, vertical(srz246186716601, down)
pos, 0.16679450876845095, vertical(srz24618679533, down)
pos, 0.1667945087684509, vertical(srz246186715804, noop)
pos, 0.1667945087684509, vertical(srz24618678513, up)
pos, 0.1667945087684509, vertical(srz24618679874, noop)
pos, 0.16679450876845095, vertical(srz246186712634, down)
pos, 0.1667945087684509, vertical(srz246186712298, down)
pos, 0.1667945087684509, vertical(srz24618679257, noop)
pos, 0.16679450876845098, vertical(srz24618674130, noop)
pos, 0.1667945087684509, vertical(srz24618676580, up)
pos, 0.1667945087684509, vertical(srz246186712935, noop)
pos, 0.1667945087684509, vertical(srz24618672481, down)
pos, 0.1667945087684509, vertical(srz246186711315, noop)
pos, 0.1667945087684509, vertical(srz24618673534, down)
pos, 0.1667945087684509, vertical(srz24618679770, noop)
pos, 0.1667945087684509, vertical(srz24618678453, down)
pos, 0.1667945087684509, vertical(srz246186713151, noop)
pos, 0.1667945087684509, vertical(srz246186713324, noop)
pos, 0.1667945087684509, vertical(srz246186713539, noop)
pos, 0.16679450876845098, vertical(srz24618674093, noop)
pos, 0.1667945087684509, vertical(srz24618678221, up)
pos, 0.1667945087684509, vertical(srz246186713728, up)
pos, 0.1667945087684509, vertical(srz24618671766, down)
pos, 0.1667945087684509, vertical(srz246186711012, up)
pos, 0.16679450876845095, vertical(srz24618679532, noop)
pos, 0.1667945087684509, vertical(srz24618671229, noop)
pos, 0.1667945087684509, vertical(srz24618671136, noop)
pos, 0.1667945087684509, vertical(srz24618672524, noop)
pos, 0.1667945087684509, vertical(srz246186785, noop)
pos, 0.1667945087684509, vertical(srz24618671242, noop)
pos, 0.1667945087684509, vertical(srz246186711048, down)
pos, 0.1667945087684509, vertical(srz24618674926, up)
pos, 0.1667945087684509, vertical(srz24618674205, noop)
pos, 0.1667945087684509, vertical(srz24618672903, down)
pos, 0.1667945087684509, vertical(srz246186713683, down)
pos, 0.16679450876845098, vertical(srz24618677954, noop)
pos, 0.1667945087684509, vertical(srz24618675913, noop)
pos, 0.1667945087684509, vertical(srz24618679859, up)
pos, 0.1667945087684509, vertical(srz24618677693, noop)
pos, 0.1667945087684509, vertical(srz24618678827, noop)
pos, 0.1667945087684509, vertical(srz246186710296, noop)
pos, 0.16679450876845095, vertical(srz246186715992, noop)
pos, 0.1667945087684509, vertical(srz2461867178, noop)
pos, 0.1667945087684509, vertical(srz24618672177, noop)
pos, 0.1667945087684509, vertical(srz246186715105, up)
pos, 0.1667945087684509, vertical(srz24618673524, noop)
pos, 0.16679450876845095, vertical(srz246186713026, up)
pos, 0.16679450876845098, vertical(srz246186711650, up)
pos, 0.1667945087684509, vertical(srz24618671446, noop)
pos, 0.1667945087684509, vertical(srz24618671528, noop)
pos, 0.16679450876845098, vertical(srz246186711658, up)
pos, 0.1667945087684509, vertical(srz246186714207, noop)
pos, 0.1667945087684509, vertical(srz246186712266, up)
pos, 0.1667945087684509, vertical(srz246186716615, noop)
pos, 0.1667945087684509, vertical(srz24618679296, noop)
pos, 0.1667945087684509, vertical(srz246186716756, noop)
pos, 0.1667945087684509, vertical(srz24618676257, noop)
pos, 0.16679450876845095, vertical(srz246186713115, noop)
pos, 0.1667945087684509, vertical(srz246186711023, noop)
pos, 0.1667945087684509, vertical(srz246186711170, noop)
pos, 0.1667945087684509, vertical(srz24618677717, noop)
pos, 0.1667945087684509, vertical(srz24618671313, noop)
pos, 0.1667945087684509, vertical(srz246186713300, noop)
pos, 0.1667945087684509, vertical(srz246186715314, down)
pos, 0.16679450876845178, vertical(srz246186716325, noop)
pos, 0.1667945087684509, vertical(srz24618672271, down)
pos, 0.1667945087684509, vertical(srz24618675871, noop)
pos, 0.16679450876845098, vertical(srz24618674101, noop)
pos, 0.16679450876845095, vertical(srz246186710402, noop)
pos, 0.16679450876845095, vertical(srz246186711852, noop)
pos, 0.1667945087684509, vertical(srz2461867438, noop)
pos, 0.1667945087684509, vertical(srz24618677187, noop)
pos, 0.1667945087684509, vertical(srz246186712784, noop)
pos, 0.16679450876845095, vertical(srz24618679064, noop)
pos, 0.1667945087684509, vertical(srz246186713293, noop)
pos, 0.16679450876845095, vertical(srz246186715869, up)
pos, 0.1667945087684509, vertical(srz246186712396, down)
pos, 0.1667945087684509, vertical(srz24618674793, noop)
pos, 0.1667945087684509, vertical(srz246186715412, up)
pos, 0.1667945087684509, vertical(srz24618671550, noop)
pos, 0.1667945087684509, vertical(srz24618674463, down)
pos, 0.1667945087684509, vertical(srz246186713587, down)
pos, 0.1667945087684509, vertical(srz246186717065, down)
pos, 0.1667945087684509, vertical(srz246186713754, noop)
pos, 0.1667945087684509, vertical(srz246186711185, noop)
pos, 0.1667945087684509, vertical(srz246186710127, noop)
pos, 0.1667945087684509, vertical(srz24618674317, noop)
pos, 0.1667945087684509, vertical(srz24618679723, noop)
pos, 0.16679450876845095, vertical(srz246186714602, noop)
pos, 0.1667945087684509, vertical(srz246186710173, noop)
pos, 0.16679450876845095, vertical(srz24618672572, up)
pos, 0.16679450876845095, vertical(srz2461867942, up)
pos, 0.1667945087684509, vertical(srz246186717069, down)
pos, 0.1667945087684509, vertical(srz246186710126, noop)
pos, 0.1667945087684509, vertical(srz246186715628, down)
pos, 0.1667945087684509, vertical(srz24618679025, noop)
pos, 0.1667945087684509, vertical(srz24618676356, down)
pos, 0.16679450876845095, vertical(srz246186713027, up)
pos, 0.16679450876845098, vertical(srz246186711668, noop)
pos, 0.1667945087684509, vertical(srz246186712977, up)
pos, 0.1667945087684509, vertical(srz24618677493, noop)
pos, 0.1667945087684509, vertical(srz246186713833, noop)
pos, 0.16679450876845095, vertical(srz246186714614, up)
pos, 0.1667945087684509, vertical(srz24618671564, noop)
pos, 0.1667945087684509, vertical(srz24618673362, up)
pos, 0.1667945087684509, vertical(srz24618677982, noop)
pos, 0.1667945087684509, vertical(srz246186712244, noop)
pos, 0.1667945087684509, vertical(srz24618673642, noop)
pos, 0.1667945087684509, vertical(srz246186714145, noop)
pos, 0.1667945087684509, vertical(srz2461867357, down)
pos, 0.16679450876845095, vertical(srz246186712412, up)
pos, 0.1667945087684509, vertical(srz246186716028, noop)
pos, 0.16679450876845095, vertical(srz24618679152, up)
pos, 0.16679450876845095, vertical(srz246186715895, up)
pos, 0.1667945087684509, vertical(srz24618675986, noop)
pos, 0.1667945087684509, vertical(srz24618671953, noop)
pos, 0.1667945087684509, vertical(srz2461867812, noop)
pos, 0.16679450876845095, vertical(srz24618674722, up)
pos, 0.1667945087684509, vertical(srz246186710920, down)
pos, 0.1667945087684509, vertical(srz24618673749, up)
pos, 0.1667945087684509, vertical(srz246186715592, noop)
pos, 0.1667945087684509, vertical(srz24618674056, up)
pos, 0.1667945087684509, vertical(srz246186713614, up)
pos, 0.1667945087684509, vertical(srz24618678483, down)
pos, 0.1667945087684509, vertical(srz246186716682, noop)
pos, 0.1667945087684509, vertical(srz246186710340, up)
pos, 0.1667945087684509, vertical(srz246186715732, noop)
pos, 0.16679450876845098, vertical(srz24618674114, noop)
pos, 0.1667945087684509, vertical(srz24618671740, noop)
pos, 0.1667945087684509, vertical(srz24618679642, noop)
pos, 0.1667945087684509, vertical(srz24618671073, noop)
pos, 0.1667945087684509, vertical(srz24618671389, down)
pos, 0.1667945087684509, vertical(srz246186713329, noop)
pos, 0.1667945087684509, vertical(srz24618676754, noop)
pos, 0.1667945087684509, vertical(srz246186716829, noop)
pos, 0.16679450876845098, vertical(srz246186716450, noop)
pos, 0.1667945087684509, vertical(srz24618674027, up)
pos, 0.1667945087684509, vertical(srz246186716098, noop)
pos, 0.16679450876845095, vertical(srz246186714593, up)
pos, 0.1667945087684509, vertical(srz246186712282, up)
pos, 0.16679450876845095, vertical(srz24618679166, noop)
pos, 0.1667945087684509, vertical(srz246186710758, noop)
pos, 0.1667945087684509, vertical(srz24618673020, noop)
pos, 0.16679450876845095, vertical(srz24618679125, up)
pos, 0.1667945087684509, vertical(srz246186713326, noop)
pos, 0.1667945087684509, vertical(srz24618677817, noop)
pos, 0.1667945087684509, vertical(srz246186715742, noop)
pos, 0.16679450876845095, vertical(srz246186711239, noop)
pos, 0.1667945087684509, vertical(srz246186714018, noop)
pos, 0.16679450876845095, vertical(srz246186714819, noop)
pos, 0.1667945087684509, vertical(srz24618676323, noop)
pos, 0.16679450876845098, vertical(srz246186717196, noop)
pos, 0.16679450876845095, vertical(srz246186711656, up)
pos, 0.1667945087684509, vertical(srz246186713638, up)
pos, 0.1667945087684509, vertical(srz24618676505, up)
pos, 0.1667945087684509, vertical(srz246186716806, noop)
pos, 0.1667945087684509, vertical(srz24618679388, noop)
pos, 0.1667945087684509, vertical(srz246186712580, down)
pos, 0.16679450876845095, vertical(srz24618675264, up)
pos, 0.1667945087684509, vertical(srz2461867170, noop)
pos, 0.1667945087684509, vertical(srz24618675925, noop)
pos, 0.1667945087684509, vertical(srz246186713298, noop)
pos, 0.1667945087684509, vertical(srz24618673019, noop)
pos, 0.1667945087684509, vertical(srz246186712913, noop)
pos, 0.1667945087684509, vertical(srz24618671252, noop)
pos, 0.1667945087684509, vertical(srz246186715, noop)
pos, 0.1667945087684509, vertical(srz24618674509, noop)
pos, 0.1667945087684509, vertical(srz2461867688, down)
pos, 0.1667945087684509, vertical(srz246186713952, noop)
pos, 0.16679450876845095, vertical(srz246186714591, up)
pos, 0.1667945087684509, vertical(srz246186715449, down)
pos, 0.1667945087684509, vertical(srz24618674550, noop)
pos, 0.1667945087684509, vertical(srz246186713521, up)
pos, 0.1667945087684509, vertical(srz246186712976, noop)
pos, 0.16679450876845095, vertical(srz246186710542, noop)
pos, 0.1667945087684509, vertical(srz246186715125, noop)
pos, 0.1667945087684509, vertical(srz24618678028, noop)
pos, 0.1667945087684509, vertical(srz246186712526, up)
pos, 0.1667945087684509, vertical(srz246186714889, noop)
pos, 0.16679450876845098, vertical(srz246186716447, noop)
pos, 0.1667945087684509, vertical(srz246186714739, noop)
pos, 0.1667945087684509, vertical(srz24618671677, up)
pos, 0.16679450876845095, vertical(srz246186712442, noop)
pos, 0.1667945087684509, vertical(srz24618672928, noop)
pos, 0.1667945087684509, vertical(srz246186713773, down)
pos, 0.1667945087684509, vertical(srz246186715666, up)
pos, 0.1667945087684509, vertical(srz246186713261, noop)
pos, 0.1667945087684509, vertical(srz2461867491, up)
pos, 0.1667945087684509, vertical(srz246186713964, up)
pos, 0.1667945087684509, vertical(srz2461867120, noop)
pos, 0.1667945087684509, vertical(srz24618673708, up)
pos, 0.1667945087684509, vertical(srz24618673190, noop)
pos, 0.1667945087684509, vertical(srz24618674778, noop)
pos, 0.1667945087684509, vertical(srz246186713957, up)
pos, 0.16679450876845095, vertical(srz24618674084, up)
pos, 0.1667945087684509, vertical(srz246186710584, noop)
pos, 0.1667945087684509, vertical(srz24618673315, noop)
pos, 0.1667945087684509, vertical(srz24618671418, down)
pos, 0.1667945087684509, vertical(srz246186713792, noop)
pos, 0.1667945087684509, vertical(srz246186711981, down)
pos, 0.1667945087684509, vertical(srz246186715038, noop)
pos, 0.1667945087684509, vertical(srz24618675571, noop)
pos, 0.1667945087684509, vertical(srz2461867289, noop)
pos, 0.1667945087684509, vertical(srz246186715616, up)
pos, 0.16679450876845095, vertical(srz24618677625, noop)
pos, 0.1667945087684509, vertical(srz24618676791, noop)
pos, 0.16679450876845098, vertical(srz246186715278, up)
pos, 0.1667945087684509, vertical(srz246186714756, noop)
pos, 0.1667945087684509, vertical(srz246186716234, down)
pos, 0.16679450876845095, vertical(srz246186710070, down)
pos, 0.1667945087684509, vertical(srz246186715519, down)
pos, 0.16679450876845095, vertical(srz24618672653, noop)
pos, 0.1667945087684509, vertical(srz24618678412, noop)
pos, 0.16679450876845095, vertical(srz246186711839, noop)
pos, 0.1667945087684509, vertical(srz246186711495, down)
pos, 0.1667945087684509, vertical(srz246186716031, noop)
pos, 0.1667945087684509, vertical(srz24618671173, noop)
pos, 0.16679450876845095, vertical(srz246186713044, up)
pos, 0.1667945087684509, vertical(srz24618677770, noop)
pos, 0.1667945087684509, vertical(srz24618676272, up)
pos, 0.16679450876845095, vertical(srz24618674741, down)
pos, 0.16679450876845098, vertical(srz246186716537, down)
pos, 0.1667945087684509, vertical(srz24618671939, up)
pos, 0.1667945087684509, vertical(srz246186713749, up)
pos, 0.1667945087684509, vertical(srz246186715646, noop)
pos, 0.1667945087684509, vertical(srz24618676260, noop)
pos, 0.1667945087684509, vertical(srz24618671702, down)
pos, 0.1667945087684509, vertical(srz24618678301, up)
pos, 0.1667945087684509, vertical(srz24618673991, noop)
pos, 0.16679450876845095, vertical(srz24618677335, noop)
pos, 0.1667945087684509, vertical(srz24618679362, noop)
pos, 0.1667945087684509, vertical(srz24618675845, noop)
pos, 0.1667945087684509, vertical(srz24618675445, noop)
pos, 0.1667945087684509, vertical(srz246186713849, down)
pos, 0.1667945087684509, vertical(srz24618672918, noop)
pos, 0.1667945087684509, vertical(srz24618678584, noop)
pos, 0.1667945087684509, vertical(srz246186713536, up)
pos, 0.1667945087684509, vertical(srz24618676216, up)
pos, 0.1667945087684509, vertical(srz246186715059, noop)
pos, 0.16679450876845095, vertical(srz246186714304, up)
pos, 0.1667945087684509, vertical(srz246186714719, noop)
pos, 0.16679450876845098, vertical(srz246186716483, noop)
pos, 0.1667945087684509, vertical(srz24618671592, up)
pos, 0.1667945087684509, vertical(srz246186712050, noop)
pos, 0.1667945087684509, vertical(srz24618671537, noop)
pos, 0.16679450876845095, vertical(srz246186714285, noop)
pos, 0.1667945087684509, vertical(srz24618671634, down)
pos, 0.1667945087684509, vertical(srz24618675335, noop)
pos, 0.1667945087684509, vertical(srz2461867495, up)
pos, 0.1667945087684509, vertical(srz24618676096, down)
pos, 0.1667945087684509, vertical(srz24618679000, noop)
pos, 0.1667945087684509, vertical(srz24618677887, noop)
pos, 0.1667945087684509, vertical(srz24618671336, noop)
pos, 0.1667945087684509, vertical(srz2461867319, down)
pos, 0.16679450876845095, vertical(srz246186712631, up)
pos, 0.1667945087684509, vertical(srz246186710278, noop)
pos, 0.16679450876845098, vertical(srz246186711694, noop)
pos, 0.1667945087684509, vertical(srz24618672738, noop)
pos, 0.1667945087684509, vertical(srz246186711411, up)
pos, 0.1667945087684509, vertical(srz246186712813, noop)
pos, 0.16679450876845095, vertical(srz24618679494, noop)
pos, 0.1667945087684509, vertical(srz246186712848, noop)
pos, 0.1667945087684509, vertical(srz246186713580, down)
pos, 0.1667945087684509, vertical(srz24618678386, up)
pos, 0.1667945087684509, vertical(srz246186714245, noop)
pos, 0.1667945087684509, vertical(srz24618677531, noop)
pos, 0.1667945087684509, vertical(srz24618678627, noop)
pos, 0.1667945087684509, vertical(srz24618671286, down)
pos, 0.1667945087684509, vertical(srz24618678888, noop)
pos, 0.1667945087684509, vertical(srz246186715440, up)
pos, 0.16679450876845095, vertical(srz24618671034, noop)
pos, 0.1667945087684509, vertical(srz246186713505, up)
pos, 0.1667945087684509, vertical(srz246186716084, noop)
pos, 0.1667945087684509, vertical(srz246186714931, down)
pos, 0.1667945087684509, vertical(srz24618676778, down)
pos, 0.1667945087684509, vertical(srz24618677426, noop)
pos, 0.1667945087684509, vertical(srz24618679370, noop)
pos, 0.1667945087684509, vertical(srz24618678876, noop)
pos, 0.1667945087684509, vertical(srz246186711212, noop)
pos, 0.1667945087684509, vertical(srz24618674769, noop)
pos, 0.1667945087684509, vertical(srz24618678749, down)
pos, 0.1667945087684509, vertical(srz24618673257, noop)
pos, 0.1667945087684509, vertical(srz24618671279, down)
pos, 0.1667945087684509, vertical(srz246186713480, noop)
pos, 0.16679450876845178, vertical(srz246186717161, noop)
pos, 0.1667945087684509, vertical(srz24618673116, noop)
pos, 0.1667945087684509, vertical(srz246186713763, noop)
pos, 0.1667945087684509, vertical(srz24618677847, down)
pos, 0.1667945087684509, vertical(srz24618676332, noop)
pos, 0.1667945087684509, vertical(srz246186714362, noop)
pos, 0.1667945087684509, vertical(srz24618676520, noop)
pos, 0.1667945087684509, vertical(srz246186712313, noop)
pos, 0.1667945087684509, vertical(srz2461867859, noop)
pos, 0.1667945087684509, vertical(srz24618676524, noop)
pos, 0.1667945087684509, vertical(srz24618679409, noop)
pos, 0.16679450876845098, vertical(srz24618674048, up)
pos, 0.1667945087684509, vertical(srz24618677041, noop)
pos, 0.1667945087684509, vertical(srz24618673621, noop)
pos, 0.1667945087684509, vertical(srz246186713133, noop)
pos, 0.1667945087684509, vertical(srz246186712214, noop)
pos, 0.16679450876845098, vertical(srz24618675635, up)
pos, 0.1667945087684509, vertical(srz24618673254, noop)
pos, 0.1667945087684509, vertical(srz246186711228, noop)
pos, 0.1667945087684509, vertical(srz24618678826, noop)
pos, 0.1667945087684509, vertical(srz24618673684, up)
pos, 0.1667945087684509, vertical(srz24618679698, noop)
pos, 0.1667945087684509, vertical(srz24618676533, noop)
pos, 0.1667945087684509, vertical(srz2461867765, up)
pos, 0.1667945087684509, vertical(srz246186710656, noop)
pos, 0.1667945087684509, vertical(srz246186714175, noop)
pos, 0.1667945087684509, vertical(srz24618671339, noop)
pos, 0.16679450876845098, vertical(srz24618677255, up)
pos, 0.1667945087684509, vertical(srz24618674832, down)
pos, 0.16679450876845098, vertical(srz246186711683, noop)
pos, 0.1667945087684509, vertical(srz246186714991, noop)
pos, 0.1667945087684509, vertical(srz2461867904, up)
pos, 0.1667945087684509, vertical(srz246186710058, down)
pos, 0.1667945087684509, vertical(srz24618671241, noop)
pos, 0.16679450876845098, vertical(srz24618674068, up)
pos, 0.1667945087684509, vertical(srz246186711190, noop)
pos, 0.1667945087684509, vertical(srz24618673929, down)
pos, 0.1667945087684509, vertical(srz246186713249, noop)
pos, 0.1667945087684509, vertical(srz246186710788, noop)
pos, 0.1667945087684509, vertical(srz24618677452, noop)
pos, 0.1667945087684509, vertical(srz246186712966, noop)
pos, 0.1667945087684509, vertical(srz24618678965, down)
pos, 0.1667945087684509, vertical(srz246186716898, up)
pos, 0.1667945087684509, vertical(srz2461867771, up)
pos, 0.1667945087684509, vertical(srz246186710683, noop)
pos, 0.1667945087684509, vertical(srz246186713649, noop)
pos, 0.1667945087684509, vertical(srz246186712846, noop)
pos, 0.1667945087684509, vertical(srz24618675558, noop)
pos, 0.1667945087684509, vertical(srz246186710760, noop)
pos, 0.1667945087684509, vertical(srz246186715542, up)
pos, 0.1667945087684509, vertical(srz2461867955, up)
pos, 0.1667945087684509, vertical(srz246186716702, down)
pos, 0.1667945087684509, vertical(srz24618678505, up)
pos, 0.16679450876845095, vertical(srz246186711969, noop)
pos, 0.1667945087684509, vertical(srz24618673389, up)
pos, 0.1667945087684509, vertical(srz246186713829, noop)
pos, 0.1667945087684509, vertical(srz246186716196, noop)
pos, 0.1667945087684509, vertical(srz24618677930, noop)
pos, 0.1667945087684509, vertical(srz24618678472, down)
pos, 0.1667945087684509, vertical(srz246186712571, down)
pos, 0.16679450876845095, vertical(srz246186714684, noop)
pos, 0.1667945087684509, vertical(srz246186710807, down)
pos, 0.1667945087684509, vertical(srz24618676820, down)
pos, 0.16679450876845095, vertical(srz246186713106, noop)
pos, 0.1667945087684509, vertical(srz24618678327, up)
pos, 0.1667945087684509, vertical(srz246186716102, noop)
pos, 0.16679450876845098, vertical(srz246186711633, up)
pos, 0.1667945087684509, vertical(srz24618675212, down)
pos, 0.1667945087684509, vertical(srz246186714110, down)
pos, 0.1667945087684509, vertical(srz24618676220, up)
pos, 0.1667945087684509, vertical(srz246186712907, noop)
pos, 0.1667945087684509, vertical(srz246186713398, down)
pos, 0.1667945087684509, vertical(srz24618672138, down)
pos, 0.1667945087684509, vertical(srz24618671342, noop)
pos, 0.1667945087684509, vertical(srz24618674526, noop)
pos, 0.1667945087684509, vertical(srz24618671475, noop)
pos, 0.1667945087684509, vertical(srz24618677231, noop)
pos, 0.1667945087684509, vertical(srz24618673511, noop)
pos, 0.1667945087684509, vertical(srz24618677792, up)
pos, 0.1667945087684509, vertical(srz246186714438, noop)
pos, 0.16679450876845098, vertical(srz24618674031, up)
pos, 0.1667945087684509, vertical(srz24618675534, down)
pos, 0.1667945087684509, vertical(srz24618679320, noop)
pos, 0.1667945087684509, vertical(srz246186712804, noop)
pos, 0.1667945087684509, vertical(srz24618671603, noop)
pos, 0.1667945087684509, vertical(srz24618679470, down)
pos, 0.1667945087684509, vertical(srz24618677458, noop)
pos, 0.1667945087684509, vertical(srz246186710038, noop)
pos, 0.1667945087684509, vertical(srz246186710661, noop)
pos, 0.1667945087684509, vertical(srz24618673522, noop)
pos, 0.1667945087684509, vertical(srz246186713662, down)
pos, 0.1667945087684509, vertical(srz24618672994, down)
pos, 0.16679450876845095, vertical(srz246186710429, up)
pos, 0.1667945087684509, vertical(srz246186710697, noop)
pos, 0.1667945087684509, vertical(srz24618674517, noop)
pos, 0.1667945087684509, vertical(srz24618674213, noop)
pos, 0.1667945087684509, vertical(srz24618679746, noop)
pos, 0.1667945087684509, vertical(srz246186715812, down)
pos, 0.16679450876845095, vertical(srz246186712424, up)
pos, 0.1667945087684509, vertical(srz24618673347, up)
pos, 0.1667945087684509, vertical(srz246186710761, noop)
pos, 0.16679450876845098, vertical(srz246186711675, noop)
pos, 0.16679450876845095, vertical(srz24618674342, noop)
pos, 0.1667945087684509, vertical(srz24618675514, down)
pos, 0.1667945087684509, vertical(srz24618673997, noop)
pos, 0.16679450876845095, vertical(srz246186711271, up)
pos, 0.1667945087684509, vertical(srz24618672105, noop)
pos, 0.1667945087684509, vertical(srz2461867377, up)
pos, 0.1667945087684509, vertical(srz24618672202, noop)
pos, 0.1667945087684509, vertical(srz24618679646, noop)
pos, 0.1667945087684509, vertical(srz24618678255, down)
pos, 0.1667945087684509, vertical(srz246186716695, down)
pos, 0.1667945087684509, vertical(srz246186710377, noop)
pos, 0.1667945087684509, vertical(srz246186713350, down)
pos, 0.1667945087684509, vertical(srz24618677577, down)
pos, 0.1667945087684509, vertical(srz24618674847, up)
pos, 0.1667945087684509, vertical(srz24618676240, noop)
pos, 0.16679450876845098, vertical(srz246186711745, noop)
pos, 0.1667945087684509, vertical(srz246186710212, noop)
pos, 0.1667945087684509, vertical(srz24618678213, up)
pos, 0.1667945087684509, vertical(srz246186713178, noop)
pos, 0.1667945087684509, vertical(srz246186715007, down)
pos, 0.1667945087684509, vertical(srz24618676479, noop)
pos, 0.1667945087684509, vertical(srz24618672868, noop)
pos, 0.16679450876845095, vertical(srz24618676033, noop)
pos, 0.1667945087684509, vertical(srz24618679742, noop)
pos, 0.1667945087684509, vertical(srz24618678241, noop)
pos, 0.1667945087684509, vertical(srz246186712612, down)
pos, 0.1667945087684509, vertical(srz24618676755, noop)
pos, 0.1667945087684509, vertical(srz24618673136, noop)
pos, 0.16679450876845095, vertical(srz24618678628, noop)
pos, 0.1667945087684509, vertical(srz24618673115, noop)
pos, 0.1667945087684509, vertical(srz24618678174, down)
pos, 0.1667945087684509, vertical(srz246186712668, up)
pos, 0.1667945087684509, vertical(srz246186717003, up)
pos, 0.16679450876845098, vertical(srz246186716455, noop)
pos, 0.1667945087684509, vertical(srz24618671505, noop)
pos, 0.16679450876845178, vertical(srz246186716372, noop)
pos, 0.1667945087684509, vertical(srz24618679419, noop)
pos, 0.1667945087684509, vertical(srz246186712361, noop)
pos, 0.1667945087684509, vertical(srz24618676860, noop)
pos, 0.1667945087684509, vertical(srz2461867472, noop)
pos, 0.1667945087684509, vertical(srz246186728, noop)
pos, 0.16679450876845095, vertical(srz246186715953, noop)
pos, 0.16679450876845095, vertical(srz246186715771, up)
pos, 0.1667945087684509, vertical(srz246186714218, down)
pos, 0.1667945087684509, vertical(srz2461867814, noop)
pos, 0.1667945087684509, vertical(srz24618676002, down)
pos, 0.1667945087684509, vertical(srz246186716783, up)
pos, 0.1667945087684509, vertical(srz24618674182, noop)
pos, 0.1667945087684509, vertical(srz24618673061, noop)
pos, 0.1667945087684509, vertical(srz24618674850, down)
pos, 0.1667945087684509, vertical(srz246186715712, noop)
pos, 0.1667945087684509, vertical(srz246186715161, noop)
pos, 0.1667945087684509, vertical(srz24618673658, up)
pos, 0.1667945087684509, vertical(srz24618676281, up)
pos, 0.1667945087684509, vertical(srz246186716900, up)
pos, 0.1667945087684509, vertical(srz24618679884, down)
pos, 0.1667945087684509, vertical(srz246186712667, noop)
pos, 0.1667945087684509, vertical(srz24618671222, noop)
pos, 0.1667945087684509, vertical(srz246186710731, noop)
pos, 0.1667945087684509, vertical(srz24618673651, up)
pos, 0.1667945087684509, vertical(srz246186711171, noop)
pos, 0.1667945087684509, vertical(srz246186716874, noop)
pos, 0.1667945087684509, vertical(srz24618674608, noop)
pos, 0.1667945087684509, vertical(srz246186713793, noop)
pos, 0.1667945087684509, vertical(srz246186713510, noop)
pos, 0.16679450876845095, vertical(srz2461867935, up)
pos, 0.1667945087684509, vertical(srz246186711547, noop)
pos, 0.1667945087684509, vertical(srz246186713019, up)
pos, 0.1667945087684509, vertical(srz246186714128, up)
pos, 0.16679450876845095, vertical(srz24618678556, noop)
pos, 0.1667945087684509, vertical(srz24618672107, noop)
pos, 0.1667945087684509, vertical(srz24618671414, down)
pos, 0.16679450876845095, vertical(srz246186715884, up)
pos, 0.1667945087684509, vertical(srz24618675057, noop)
pos, 0.1667945087684509, vertical(srz24618672002, noop)
pos, 0.1667945087684509, vertical(srz24618672557, noop)
pos, 0.1667945087684509, vertical(srz24618676213, up)
pos, 0.16679450876845098, vertical(srz24618673478, down)
pos, 0.1667945087684509, vertical(srz246186716612, down)
pos, 0.1667945087684509, vertical(srz24618674812, down)
pos, 0.16679450876845095, vertical(srz246186715877, up)
pos, 0.1667945087684509, vertical(srz24618675448, noop)
pos, 0.16679450876845095, vertical(srz24618674738, down)
pos, 0.1667945087684509, vertical(srz24618679906, down)
pos, 0.16679450876845095, vertical(srz246186712903, up)
pos, 0.1667945087684509, vertical(srz24618675468, down)
pos, 0.1667945087684509, vertical(srz24618676414, down)
pos, 0.1667945087684509, vertical(srz24618676188, noop)
pos, 0.1667945087684509, vertical(srz24618675205, down)
pos, 0.1667945087684509, vertical(srz246186712703, up)
pos, 0.1667945087684509, vertical(srz24618674830, down)
pos, 0.1667945087684509, vertical(srz24618673441, down)
pos, 0.16679450876845095, vertical(srz246186712882, noop)
pos, 0.1667945087684509, vertical(srz24618677401, noop)
pos, 0.16679450876845095, vertical(srz24618675720, noop)
pos, 0.1667945087684509, vertical(srz24618679774, noop)
pos, 0.1667945087684509, vertical(srz24618678539, noop)
pos, 0.16679450876845098, vertical(srz24618677239, noop)
pos, 0.1667945087684509, vertical(srz246186715192, down)
pos, 0.1667945087684509, vertical(srz24618671716, down)
pos, 0.1667945087684509, vertical(srz246186710008, noop)
pos, 0.16679450876845095, vertical(srz24618677592, down)
pos, 0.1667945087684509, vertical(srz246186711496, down)
pos, 0.1667945087684509, vertical(srz24618673119, noop)
pos, 0.1667945087684509, vertical(srz24618672718, noop)
pos, 0.1667945087684509, vertical(srz24618673939, down)
pos, 0.16679450876845095, vertical(srz24618674701, noop)
pos, 0.16679450876845098, vertical(srz24618674117, noop)
pos, 0.1667945087684509, vertical(srz24618674491, noop)
pos, 0.1667945087684509, vertical(srz246186712168, up)
pos, 0.1667945087684509, vertical(srz24618678383, up)
pos, 0.1667945087684509, vertical(srz24618674197, noop)
pos, 0.1667945087684509, vertical(srz246186712534, up)
pos, 0.16679450876845095, vertical(srz246186716280, down)
pos, 0.1667945087684509, vertical(srz24618672248, noop)
pos, 0.1667945087684509, vertical(srz246186710138, noop)
pos, 0.1667945087684509, vertical(srz24618677673, noop)
pos, 0.1667945087684509, vertical(srz246186713424, noop)
pos, 0.1667945087684509, vertical(srz24618675065, noop)
pos, 0.16679450876845095, vertical(srz246186711876, noop)
pos, 0.16679450876845098, vertical(srz246186711618, up)
pos, 0.16679450876845098, vertical(srz24618672346, noop)
pos, 0.1667945087684509, vertical(srz2461867276, noop)
pos, 0.1667945087684509, vertical(srz24618675502, noop)
pos, 0.1667945087684509, vertical(srz24618679738, noop)
pos, 0.1667945087684509, vertical(srz246186712567, down)
pos, 0.1667945087684509, vertical(srz246186713906, down)
pos, 0.1667945087684509, vertical(srz24618671059, noop)
pos, 0.1667945087684509, vertical(srz246186716058, noop)
pos, 0.1667945087684509, vertical(srz24618674692, up)
pos, 0.1667945087684509, vertical(srz24618674512, noop)
pos, 0.16679450876845095, vertical(srz246186710518, noop)
pos, 0.1667945087684509, vertical(srz2461867259, noop)
pos, 0.1667945087684509, vertical(srz24618679750, noop)
pos, 0.1667945087684509, vertical(srz2461867803, noop)
pos, 0.1667945087684509, vertical(srz24618673995, noop)
pos, 0.1667945087684509, vertical(srz24618677107, up)
pos, 0.1667945087684509, vertical(srz24618677681, noop)
pos, 0.1667945087684509, vertical(srz24618673499, noop)
pos, 0.16679450876845095, vertical(srz24618674705, noop)
pos, 0.1667945087684509, vertical(srz24618676994, noop)
pos, 0.16679450876845095, vertical(srz246186714816, noop)
pos, 0.1667945087684509, vertical(srz24618672923, noop)
pos, 0.16679450876845095, vertical(srz246186714423, down)
pos, 0.16679450876845095, vertical(srz24618679047, noop)
pos, 0.1667945087684509, vertical(srz246186713153, noop)
pos, 0.1667945087684509, vertical(srz24618677173, noop)
pos, 0.1667945087684509, vertical(srz246186712681, down)
pos, 0.1667945087684509, vertical(srz24618679825, noop)
pos, 0.1667945087684509, vertical(srz246186716914, noop)
pos, 0.16679450876845145, vertical(srz246186713035, up)
pos, 0.1667945087684509, vertical(srz24618671898, up)
pos, 0.1667945087684509, vertical(srz246186714114, noop)
pos, 0.16679450876845098, vertical(srz246186711119, up)
pos, 0.1667945087684509, vertical(srz24618673612, noop)
pos, 0.1667945087684509, vertical(srz246186712863, noop)
pos, 0.16679450876845095, vertical(srz24618674085, up)
pos, 0.16679450876845095, vertical(srz246186714792, noop)
pos, 0.1667945087684509, vertical(srz24618677393, noop)
pos, 0.16679450876845095, vertical(srz24618674353, noop)
pos, 0.1667945087684509, vertical(srz246186711366, down)
pos, 0.1667945087684509, vertical(srz24618675431, noop)
pos, 0.1667945087684509, vertical(srz246186710272, noop)
pos, 0.1667945087684509, vertical(srz24618678387, up)
pos, 0.1667945087684509, vertical(srz24618673552, down)
pos, 0.1667945087684509, vertical(srz246186715061, noop)
pos, 0.1667945087684509, vertical(srz2461867201, down)
pos, 0.16679450876845095, vertical(srz24618675696, up)
pos, 0.1667945087684509, vertical(srz2461867560, up)
pos, 0.1667945087684509, vertical(srz246186711207, down)
pos, 0.1667945087684509, vertical(srz24618673620, noop)
pos, 0.1667945087684509, vertical(srz246186716225, noop)
pos, 0.1667945087684509, vertical(srz24618675199, noop)
pos, 0.1667945087684509, vertical(srz24618676785, noop)
pos, 0.1667945087684509, vertical(srz246186715055, noop)
pos, 0.16679450876845095, vertical(srz24618679526, noop)
pos, 0.1667945087684509, vertical(srz24618672257, down)
pos, 0.1667945087684509, vertical(srz246186712984, up)
pos, 0.1667945087684509, vertical(srz24618671765, down)
pos, 0.1667945087684509, vertical(srz24618674088, up)
pos, 0.1667945087684509, vertical(srz24618672174, noop)
pos, 0.1667945087684509, vertical(srz24618676360, down)
pos, 0.1667945087684509, vertical(srz246186716094, noop)
pos, 0.16679450876845095, vertical(srz246186715993, noop)
pos, 0.1667945087684509, vertical(srz246186715434, noop)
pos, 0.1667945087684509, vertical(srz24618674782, noop)
pos, 0.1667945087684509, vertical(srz246186713173, noop)
pos, 0.1667945087684509, vertical(srz246186714376, down)
pos, 0.1667945087684509, vertical(srz24618678264, noop)
pos, 0.1667945087684509, vertical(srz24618672476, down)
pos, 0.1667945087684509, vertical(srz2461867220, down)
pos, 0.16679450876845178, vertical(srz246186717135, noop)
pos, 0.1667945087684509, vertical(srz2461867364, noop)
pos, 0.16679450876845095, vertical(srz24618677619, noop)
pos, 0.16679450876845095, vertical(srz246186716564, noop)
pos, 0.1667945087684509, vertical(srz246186710813, down)
pos, 0.1667945087684509, vertical(srz246186712557, down)
pos, 0.1667945087684509, vertical(srz24618676207, up)
pos, 0.1667945087684509, vertical(srz246186711161, down)
pos, 0.16679450876845095, vertical(srz246186712640, down)
pos, 0.1667945087684509, vertical(srz24618676964, noop)
pos, 0.1667945087684509, vertical(srz246186714323, noop)
pos, 0.1667945087684509, vertical(srz24618672757, noop)
pos, 0.16679450876845095, vertical(srz24618679220, noop)
pos, 0.16679450876845095, vertical(srz24618674405, noop)
pos, 0.16679450876845095, vertical(srz246186715989, noop)
pos, 0.1667945087684509, vertical(srz24618675535, down)
pos, 0.1667945087684509, vertical(srz246186715146, noop)
pos, 0.1667945087684509, vertical(srz24618678421, down)
pos, 0.1667945087684509, vertical(srz24618673831, down)
pos, 0.1667945087684509, vertical(srz246186710063, down)
pos, 0.16679450876845095, vertical(srz24618673761, up)
pos, 0.1667945087684509, vertical(srz246186715588, noop)
pos, 0.1667945087684509, vertical(srz24618671495, down)
pos, 0.1667945087684509, vertical(srz246186711092, noop)
pos, 0.1667945087684509, vertical(srz246186713740, up)
pos, 0.1667945087684509, vertical(srz24618679578, down)
pos, 0.1667945087684509, vertical(srz24618673582, noop)
pos, 0.16679450876845095, vertical(srz246186711651, up)
pos, 0.1667945087684509, vertical(srz24618674598, up)
pos, 0.1667945087684509, vertical(srz246186711445, up)
pos, 0.1667945087684509, vertical(srz24618671368, noop)
pos, 0.1667945087684509, vertical(srz246186711078, noop)
pos, 0.1667945087684509, vertical(srz24618671198, noop)
pos, 0.1667945087684509, vertical(srz246186715119, noop)
pos, 0.1667945087684509, vertical(srz246186714176, noop)
pos, 0.1667945087684509, vertical(srz24618677721, down)
pos, 0.1667945087684509, vertical(srz24618673904, noop)
pos, 0.1667945087684509, vertical(srz24618678388, up)
pos, 0.1667945087684509, vertical(srz24618675045, up)
pos, 0.16679450876845095, vertical(srz24618678637, up)
pos, 0.1667945087684509, vertical(srz24618676115, down)
pos, 0.1667945087684509, vertical(srz2461867826, noop)
pos, 0.16679450876845095, vertical(srz24618679199, up)
pos, 0.16679450876845095, vertical(srz24618674734, down)
pos, 0.16679450876845095, vertical(srz24618675278, up)
pos, 0.16679450876845095, vertical(srz24618675089, noop)
pos, 0.1667945087684509, vertical(srz24618676679, noop)
pos, 0.1667945087684509, vertical(srz24618677758, noop)
pos, 0.1667945087684509, vertical(srz246186742, noop)
pos, 0.1667945087684509, vertical(srz24618673596, noop)
pos, 0.1667945087684509, vertical(srz246186713654, down)
pos, 0.16679450876845095, vertical(srz24618675262, up)
pos, 0.1667945087684509, vertical(srz246186710352, up)
pos, 0.16679450876845095, vertical(srz24618674756, down)
pos, 0.1667945087684509, vertical(srz24618676425, noop)
pos, 0.1667945087684509, vertical(srz246186713487, up)
pos, 0.1667945087684509, vertical(srz24618679875, noop)
pos, 0.16679450876845095, vertical(srz246186712875, up)
pos, 0.1667945087684509, vertical(srz246186710338, up)
pos, 0.16679450876845178, vertical(srz246186717122, noop)
pos, 0.1667945087684509, vertical(srz24618673559, down)
pos, 0.1667945087684509, vertical(srz246186716617, noop)
pos, 0.1667945087684509, vertical(srz24618679281, noop)
pos, 0.1667945087684509, vertical(srz246186716628, noop)
pos, 0.16679450876845095, vertical(srz246186710480, up)
pos, 0.16679450876845095, vertical(srz24618672602, noop)
pos, 0.1667945087684509, vertical(srz246186710041, noop)
pos, 0.1667945087684509, vertical(srz24618679701, noop)
pos, 0.1667945087684509, vertical(srz24618677903, down)
pos, 0.16679450876845178, vertical(srz246186716361, noop)
pos, 0.1667945087684509, vertical(srz246186714103, down)
pos, 0.1667945087684509, vertical(srz24618672267, down)
pos, 0.1667945087684509, vertical(srz24618671270, down)
pos, 0.16679450876845178, vertical(srz246186717099, noop)
pos, 0.1667945087684509, vertical(srz246186711455, up)
pos, 0.1667945087684509, vertical(srz24618678565, noop)
pos, 0.1667945087684509, vertical(srz24618672141, noop)
pos, 0.1667945087684509, vertical(srz24618672698, noop)
pos, 0.1667945087684509, vertical(srz24618676959, noop)
pos, 0.1667945087684509, vertical(srz246186712726, up)
pos, 0.16679450876845095, vertical(srz246186711626, up)
pos, 0.1667945087684509, vertical(srz24618673628, noop)
pos, 0.1667945087684509, vertical(srz24618673240, noop)
pos, 0.1667945087684509, vertical(srz24618675210, down)
pos, 0.1667945087684509, vertical(srz246186713520, noop)
pos, 0.1667945087684509, vertical(srz24618676916, up)
pos, 0.1667945087684509, vertical(srz246186713228, noop)
pos, 0.1667945087684509, vertical(srz246186713199, noop)
pos, 0.16679450876845098, vertical(srz24618672367, noop)
pos, 0.1667945087684509, vertical(srz246186716846, noop)
pos, 0.1667945087684509, vertical(srz246186710312, noop)
pos, 0.16679450876845095, vertical(srz246186713024, up)
pos, 0.1667945087684509, vertical(srz246186712608, down)
pos, 0.16679450876845095, vertical(srz246186710384, noop)
pos, 0.16679450876845095, vertical(srz246186710075, noop)
pos, 0.16679450876845095, vertical(srz246186711307, up)
pos, 0.1667945087684509, vertical(srz246186716842, up)
pos, 0.1667945087684509, vertical(srz24618678235, noop)
pos, 0.1667945087684509, vertical(srz24618674316, noop)
pos, 0.1667945087684509, vertical(srz24618675808, noop)
pos, 0.1667945087684509, vertical(srz246186715427, up)
pos, 0.1667945087684509, vertical(srz24618675929, noop)
pos, 0.1667945087684509, vertical(srz2461867389, up)
pos, 0.1667945087684509, vertical(srz24618674233, noop)
pos, 0.1667945087684509, vertical(srz246186734, noop)
pos, 0.1667945087684509, vertical(srz246186715115, noop)
pos, 0.1667945087684509, vertical(srz2461867314, down)
pos, 0.1667945087684509, vertical(srz24618678289, up)
pos, 0.1667945087684509, vertical(srz24618678390, up)
pos, 0.1667945087684509, vertical(srz24618679438, noop)
pos, 0.1667945087684509, vertical(srz24618671153, noop)
pos, 0.1667945087684509, vertical(srz24618671319, noop)
pos, 0.1667945087684509, vertical(srz24618676420, noop)
pos, 0.1667945087684509, vertical(srz24618676831, down)
pos, 0.1667945087684509, vertical(srz24618677865, noop)
pos, 0.1667945087684509, vertical(srz246186712778, noop)
pos, 0.1667945087684509, vertical(srz246186713971, noop)
pos, 0.1667945087684509, vertical(srz246186714497, down)
pos, 0.16679450876845098, vertical(srz246186716520, noop)
pos, 0.16679450876845095, vertical(srz246186714671, noop)
pos, 0.16679450876845095, vertical(srz24618679187, up)
pos, 0.1667945087684509, vertical(srz24618675371, noop)
pos, 0.1667945087684509, vertical(srz24618678585, noop)
pos, 0.1667945087684509, vertical(srz24618675504, noop)
pos, 0.1667945087684509, vertical(srz24618673371, noop)
pos, 0.1667945087684509, vertical(srz24618676411, noop)
pos, 0.1667945087684509, vertical(srz24618678380, up)
pos, 0.1667945087684509, vertical(srz246186713482, up)
pos, 0.1667945087684509, vertical(srz24618676587, up)
pos, 0.1667945087684509, vertical(srz246186715225, noop)
pos, 0.1667945087684509, vertical(srz24618676107, down)
pos, 0.1667945087684509, vertical(srz24618671660, up)
pos, 0.1667945087684509, vertical(srz24618671593, up)
pos, 0.16679450876845095, vertical(srz24618671036, noop)
pos, 0.1667945087684509, vertical(srz24618674169, noop)
pos, 0.16679450876845098, vertical(srz24618677268, up)
pos, 0.1667945087684509, vertical(srz246186710820, down)
pos, 0.16679450876845095, vertical(srz246186711534, up)
pos, 0.1667945087684509, vertical(srz246186710294, noop)
pos, 0.1667945087684509, vertical(srz24618674916, noop)
pos, 0.1667945087684509, vertical(srz24618678429, noop)
pos, 0.1667945087684509, vertical(srz24618672273, down)
pos, 0.1667945087684509, vertical(srz246186715444, up)
pos, 0.1667945087684509, vertical(srz246186716153, noop)
pos, 0.16679450876845098, vertical(srz24618674028, up)
pos, 0.1667945087684509, vertical(srz24618674571, up)
pos, 0.16679450876845095, vertical(srz246186714566, noop)
pos, 0.1667945087684509, vertical(srz246186712099, noop)
pos, 0.1667945087684509, vertical(srz24618675341, noop)
pos, 0.16679450876845178, vertical(srz246186717132, noop)
pos, 0.1667945087684509, vertical(srz246186716095, noop)
pos, 0.1667945087684509, vertical(srz24618676566, down)
pos, 0.16679450876845098, vertical(srz246186716978, noop)
pos, 0.16679450876845095, vertical(srz246186710562, noop)
pos, 0.1667945087684509, vertical(srz246186712583, down)
pos, 0.1667945087684509, vertical(srz246186714026, up)
pos, 0.1667945087684509, vertical(srz24618678128, down)
pos, 0.16679450876845095, vertical(srz246186714652, up)
pos, 0.1667945087684509, vertical(srz246186712601, down)
pos, 0.16679450876845098, vertical(srz24618672380, noop)
pos, 0.1667945087684509, vertical(srz2461867574, up)
pos, 0.16679450876845095, vertical(srz246186711585, noop)
pos, 0.1667945087684509, vertical(srz24618679262, noop)
pos, 0.1667945087684509, vertical(srz246186732, noop)
pos, 0.1667945087684509, vertical(srz246186713914, down)
pos, 0.1667945087684509, vertical(srz2461867122, noop)
pos, 0.1667945087684509, vertical(srz24618674841, up)
pos, 0.1667945087684509, vertical(srz24618671628, up)
pos, 0.1667945087684509, vertical(srz24618678772, noop)
pos, 0.1667945087684509, vertical(srz24618678926, down)
pos, 0.1667945087684509, vertical(srz24618673364, up)
pos, 0.16679450876845095, vertical(srz246186712894, up)
pos, 0.1667945087684509, vertical(srz24618672143, noop)
pos, 0.1667945087684509, vertical(srz24618679683, up)
pos, 0.16679450876845095, vertical(srz246186716264, noop)
pos, 0.1667945087684509, vertical(srz246186710970, noop)
pos, 0.1667945087684509, vertical(srz2461867739, noop)
pos, 0.16679450876845095, vertical(srz24618675123, up)
pos, 0.1667945087684509, vertical(srz24618674622, down)
pos, 0.1667945087684509, vertical(srz246186780, noop)
pos, 0.1667945087684509, vertical(srz24618675049, up)
pos, 0.1667945087684509, vertical(srz24618678936, noop)
pos, 0.16679450876845095, vertical(srz2461867414, down)
pos, 0.1667945087684509, vertical(srz24618677116, up)
pos, 0.1667945087684509, vertical(srz246186714921, noop)
pos, 0.1667945087684509, vertical(srz24618671096, noop)
pos, 0.1667945087684509, vertical(srz24618674024, up)
pos, 0.1667945087684509, vertical(srz24618675317, noop)
pos, 0.1667945087684509, vertical(srz24618672972, noop)
pos, 0.1667945087684509, vertical(srz246186712531, up)
pos, 0.1667945087684509, vertical(srz246186712332, noop)
pos, 0.1667945087684509, vertical(srz24618675817, noop)
pos, 0.1667945087684509, vertical(srz246186713005, noop)
pos, 0.1667945087684509, vertical(srz24618674960, noop)
pos, 0.16679450876845095, vertical(srz24618674747, down)
pos, 0.16679450876845095, vertical(srz24618679552, down)
pos, 0.1667945087684509, vertical(srz246186716128, noop)
pos, 0.16679450876845095, vertical(srz24618676070, noop)
pos, 0.1667945087684509, vertical(srz24618672100, noop)
pos, 0.1667945087684509, vertical(srz24618677748, noop)
pos, 0.16679450876845095, vertical(srz24618675260, up)
pos, 0.1667945087684509, vertical(srz2461867159, noop)
pos, 0.16679450876845095, vertical(srz24618679541, down)
pos, 0.16679450876845095, vertical(srz246186713084, noop)
pos, 0.1667945087684509, vertical(srz24618678329, up)
pos, 0.1667945087684509, vertical(srz246186713013, noop)
pos, 0.1667945087684509, vertical(srz246186713016, up)
pos, 0.1667945087684509, vertical(srz246186715098, up)
pos, 0.1667945087684509, vertical(srz246186710833, noop)
pos, 0.1667945087684509, vertical(srz24618679767, noop)
pos, 0.1667945087684509, vertical(srz24618671500, down)
pos, 0.16679450876845095, vertical(srz246186715301, up)
pos, 0.1667945087684509, vertical(srz24618677757, noop)
pos, 0.16679450876845095, vertical(srz246186714702, noop)
pos, 0.1667945087684509, vertical(srz246186713646, up)
pos, 0.16679450876845095, vertical(srz24618676660, up)
pos, 0.1667945087684509, vertical(srz24618674936, up)
pos, 0.16679450876845095, vertical(srz2461867963, noop)
pos, 0.1667945087684509, vertical(srz24618678358, noop)
pos, 0.1667945087684509, vertical(srz24618673201, noop)
pos, 0.1667945087684509, vertical(srz2461867400, up)
pos, 0.1667945087684509, vertical(srz246186712064, noop)
pos, 0.16679450876845095, vertical(srz246186715885, up)
pos, 0.1667945087684509, vertical(srz246186716952, down)
pos, 0.1667945087684509, vertical(srz24618673957, noop)
pos, 0.1667945087684509, vertical(srz246186710924, down)
pos, 0.1667945087684509, vertical(srz24618673529, noop)
pos, 0.1667945087684509, vertical(srz24618678110, down)
pos, 0.1667945087684509, vertical(srz24618676601, down)
pos, 0.1667945087684509, vertical(srz246186715785, noop)
pos, 0.1667945087684509, vertical(srz246186714930, noop)
pos, 0.1667945087684509, vertical(srz24618671545, noop)
pos, 0.1667945087684509, vertical(srz24618676418, down)
pos, 0.1667945087684509, vertical(srz24618675361, noop)
pos, 0.16679450876845095, vertical(srz246186710391, noop)
pos, 0.1667945087684509, vertical(srz24618671680, noop)
pos, 0.1667945087684509, vertical(srz2461867459, noop)
pos, 0.16679450876845095, vertical(srz24618675180, down)
pos, 0.1667945087684509, vertical(srz24618674275, noop)
pos, 0.1667945087684509, vertical(srz246186711400, noop)
pos, 0.1667945087684509, vertical(srz246186713262, noop)
pos, 0.1667945087684509, vertical(srz246186713128, noop)
pos, 0.1667945087684509, vertical(srz2461867657, noop)
pos, 0.1667945087684509, vertical(srz246186716776, noop)
pos, 0.16679450876845098, vertical(srz246186711710, noop)
pos, 0.1667945087684509, vertical(srz24618679606, noop)
pos, 0.1667945087684509, vertical(srz246186715784, noop)
pos, 0.1667945087684509, vertical(srz246186714169, down)
pos, 0.16679450876845098, vertical(srz24618674099, noop)
pos, 0.1667945087684509, vertical(srz246186710875, noop)
pos, 0.1667945087684509, vertical(srz24618673645, noop)
pos, 0.16679450876845095, vertical(srz246186711541, noop)
pos, 0.1667945087684509, vertical(srz24618672976, noop)
pos, 0.1667945087684509, vertical(srz24618676226, up)
pos, 0.1667945087684509, vertical(srz24618676212, up)
pos, 0.1667945087684509, vertical(srz246186716904, up)
pos, 0.1667945087684509, vertical(srz2461867175, noop)
pos, 0.1667945087684509, vertical(srz24618677574, down)
pos, 0.1667945087684509, vertical(srz2461867338, down)
pos, 0.1667945087684509, vertical(srz24618678700, up)
pos, 0.1667945087684509, vertical(srz24618678668, noop)
pos, 0.1667945087684509, vertical(srz24618672152, noop)
pos, 0.1667945087684509, vertical(srz246186714869, noop)
pos, 0.1667945087684509, vertical(srz246186712196, noop)
pos, 0.1667945087684509, vertical(srz2461867403, noop)
pos, 0.1667945087684509, vertical(srz24618674227, noop)
pos, 0.1667945087684509, vertical(srz246186712207, noop)
pos, 0.1667945087684509, vertical(srz2461867756, noop)
pos, 0.1667945087684509, vertical(srz24618674157, noop)
pos, 0.1667945087684509, vertical(srz24618678194, noop)
pos, 0.16679450876845095, vertical(srz246186713064, up)
pos, 0.1667945087684509, vertical(srz24618673343, up)
pos, 0.1667945087684509, vertical(srz246186710124, up)
pos, 0.1667945087684509, vertical(srz246186716228, noop)
pos, 0.16679450876845095, vertical(srz246186710421, noop)
pos, 0.1667945087684509, vertical(srz24618678519, noop)
pos, 0.1667945087684509, vertical(srz246186715815, down)
pos, 0.1667945087684509, vertical(srz24618677020, noop)
pos, 0.1667945087684509, vertical(srz246186710713, noop)
pos, 0.1667945087684509, vertical(srz24618676824, down)
pos, 0.1667945087684509, vertical(srz24618673743, up)
pos, 0.1667945087684509, vertical(srz24618673693, noop)
pos, 0.16679450876845178, vertical(srz246186717120, noop)
pos, 0.1667945087684509, vertical(srz24618674982, up)
pos, 0.1667945087684509, vertical(srz24618677646, down)
pos, 0.1667945087684509, vertical(srz246186716667, noop)
pos, 0.1667945087684509, vertical(srz24618671813, down)
pos, 0.1667945087684509, vertical(srz246186715578, noop)
pos, 0.1667945087684509, vertical(srz24618673151, up)
pos, 0.1667945087684509, vertical(srz2461867216, down)
pos, 0.1667945087684509, vertical(srz246186711314, noop)
pos, 0.1667945087684509, vertical(srz246186712562, down)
pos, 0.1667945087684509, vertical(srz246186716032, noop)
pos, 0.1667945087684509, vertical(srz24618671579, up)
pos, 0.1667945087684509, vertical(srz246186716105, noop)
pos, 0.16679450876845098, vertical(srz24618673482, down)
pos, 0.16679450876845098, vertical(srz246186717195, noop)
pos, 0.1667945087684509, vertical(srz24618677364, noop)
pos, 0.1667945087684509, vertical(srz246186714143, noop)
pos, 0.1667945087684509, vertical(srz246186715595, noop)
pos, 0.1667945087684509, vertical(srz24618678450, down)
pos, 0.1667945087684509, vertical(srz246186716893, up)
pos, 0.1667945087684509, vertical(srz24618672734, noop)
pos, 0.1667945087684509, vertical(srz24618678043, noop)
pos, 0.1667945087684509, vertical(srz24618675447, noop)
pos, 0.16679450876845098, vertical(srz24618674140, noop)
pos, 0.1667945087684509, vertical(srz246186714389, noop)
pos, 0.1667945087684509, vertical(srz246186710600, noop)
pos, 0.1667945087684509, vertical(srz24618678196, noop)
pos, 0.1667945087684509, vertical(srz246186716199, noop)
pos, 0.1667945087684509, vertical(srz24618671887, noop)
pos, 0.16679450876845095, vertical(srz246186714557, noop)
pos, 0.1667945087684509, vertical(srz246186712147, noop)
pos, 0.1667945087684509, vertical(srz246186712048, noop)
pos, 0.1667945087684509, vertical(srz24618677565, noop)
pos, 0.1667945087684509, vertical(srz24618671, noop)
pos, 0.1667945087684509, vertical(srz246186716169, noop)
pos, 0.1667945087684509, vertical(srz24618672234, noop)
pos, 0.16679450876845095, vertical(srz24618679547, down)
pos, 0.16679450876845098, vertical(srz24618672371, noop)
pos, 0.1667945087684509, vertical(srz24618677658, down)
pos, 0.1667945087684509, vertical(srz24618673109, noop)
pos, 0.16679450876845095, vertical(srz246186711573, noop)
pos, 0.16679450876845095, vertical(srz24618675104, up)
pos, 0.1667945087684509, vertical(srz246186714441, down)
pos, 0.1667945087684509, vertical(srz24618671412, down)
pos, 0.1667945087684509, vertical(srz246186712350, noop)
pos, 0.1667945087684509, vertical(srz246186715131, noop)
pos, 0.1667945087684509, vertical(srz24618676975, noop)
pos, 0.1667945087684509, vertical(srz24618674184, noop)
pos, 0.1667945087684509, vertical(srz246186710643, noop)
pos, 0.16679450876845095, vertical(srz246186714701, noop)
pos, 0.1667945087684509, vertical(srz246186715000, down)
pos, 0.1667945087684509, vertical(srz246186712978, up)
pos, 0.1667945087684509, vertical(srz24618673070, up)
pos, 0.1667945087684509, vertical(srz246186714064, noop)
pos, 0.1667945087684509, vertical(srz246186716137, noop)
pos, 0.1667945087684509, vertical(srz246186716649, up)
pos, 0.1667945087684509, vertical(srz24618672723, noop)
pos, 0.16679450876845095, vertical(srz24618676030, noop)
pos, 0.1667945087684509, vertical(srz246186716728, noop)
pos, 0.1667945087684509, vertical(srz246186712925, noop)
pos, 0.1667945087684509, vertical(srz24618676465, noop)
pos, 0.1667945087684509, vertical(srz2461867329, down)
pos, 0.1667945087684509, vertical(srz246186710915, down)
pos, 0.1667945087684509, vertical(srz246186711989, down)
pos, 0.16679450876845095, vertical(srz246186712630, up)
pos, 0.1667945087684509, vertical(srz246186716176, noop)
pos, 0.1667945087684509, vertical(srz246186713141, noop)
pos, 0.16679450876845095, vertical(srz246186715767, up)
pos, 0.16679450876845095, vertical(srz246186715764, noop)
pos, 0.1667945087684509, vertical(srz24618676734, up)
pos, 0.16679450876845095, vertical(srz24618679040, noop)
pos, 0.16679450876845095, vertical(srz2461867944, up)
pos, 0.16679450876845095, vertical(srz24618674750, down)
pos, 0.1667945087684509, vertical(srz24618676166, noop)
pos, 0.1667945087684509, vertical(srz24618675155, down)
pos, 0.1667945087684509, vertical(srz246186711798, noop)
pos, 0.1667945087684509, vertical(srz246186716170, noop)
pos, 0.1667945087684509, vertical(srz24618671693, down)
pos, 0.16679450876845095, vertical(srz246186714510, up)
pos, 0.1667945087684509, vertical(srz24618676568, down)
pos, 0.1667945087684509, vertical(srz24618679878, down)
pos, 0.1667945087684509, vertical(srz24618676787, noop)
pos, 0.16679450876845098, vertical(srz246186715247, down)
pos, 0.1667945087684509, vertical(srz24618675926, noop)
pos, 0.1667945087684509, vertical(srz2461867838, noop)
pos, 0.1667945087684509, vertical(srz246186715127, noop)
pos, 0.1667945087684509, vertical(srz24618679379, noop)
pos, 0.1667945087684509, vertical(srz246186712118, down)
pos, 0.1667945087684509, vertical(srz24618672521, noop)
pos, 0.1667945087684509, vertical(srz246186712690, up)
pos, 0.1667945087684509, vertical(srz246186714142, noop)
pos, 0.1667945087684509, vertical(srz246186713608, up)
pos, 0.1667945087684509, vertical(srz246186715226, noop)
pos, 0.16679450876845098, vertical(srz24618674098, noop)
pos, 0.1667945087684509, vertical(srz24618677498, noop)
pos, 0.1667945087684509, vertical(srz24618679607, noop)
pos, 0.1667945087684509, vertical(srz24618676345, down)
pos, 0.1667945087684509, vertical(srz24618676349, down)
pos, 0.16679450876845095, vertical(srz24618674395, noop)
pos, 0.1667945087684509, vertical(srz2461867336, down)
pos, 0.1667945087684509, vertical(srz2461867183, noop)
pos, 0.1667945087684509, vertical(srz2461867840, noop)
pos, 0.1667945087684509, vertical(srz24618671337, noop)
pos, 0.1667945087684509, vertical(srz246186713166, noop)
pos, 0.1667945087684509, vertical(srz24618678607, noop)
pos, 0.1667945087684509, vertical(srz246186715073, noop)
pos, 0.16679450876845095, vertical(srz246186714576, noop)
pos, 0.1667945087684509, vertical(srz246186713138, noop)
pos, 0.1667945087684509, vertical(srz246186715393, noop)
pos, 0.1667945087684509, vertical(srz246186712578, down)
pos, 0.1667945087684509, vertical(srz246186715021, noop)
pos, 0.1667945087684509, vertical(srz24618676145, noop)
pos, 0.1667945087684509, vertical(srz246186711196, noop)
pos, 0.1667945087684509, vertical(srz24618673382, up)
pos, 0.1667945087684509, vertical(srz24618671524, noop)
pos, 0.16679450876845095, vertical(srz246186710532, noop)
pos, 0.1667945087684509, vertical(srz24618671632, down)
pos, 0.1667945087684509, vertical(srz24618673104, noop)
pos, 0.1667945087684509, vertical(srz246186711083, noop)
pos, 0.1667945087684509, vertical(srz246186716818, noop)
pos, 0.1667945087684509, vertical(srz24618676152, noop)
pos, 0.1667945087684509, vertical(srz24618676314, noop)
pos, 0.1667945087684509, vertical(srz24618671615, up)
pos, 0.1667945087684509, vertical(srz246186715680, noop)
pos, 0.1667945087684509, vertical(srz24618677365, noop)
pos, 0.1667945087684509, vertical(srz24618671821, noop)
pos, 0.16679450876845095, vertical(srz246186711834, noop)
pos, 0.1667945087684509, vertical(srz24618673665, up)
pos, 0.16679450876845095, vertical(srz24618676668, up)
pos, 0.16679450876845095, vertical(srz24618676645, noop)
pos, 0.1667945087684509, vertical(srz24618677968, up)
pos, 0.16679450876845098, vertical(srz246186716971, noop)
pos, 0.16679450876845095, vertical(srz24618679035, noop)
pos, 0.16679450876845095, vertical(srz246186714612, up)
pos, 0.1667945087684509, vertical(srz24618673469, down)
pos, 0.1667945087684509, vertical(srz24618671750, down)
pos, 0.1667945087684509, vertical(srz24618676864, noop)
pos, 0.1667945087684509, vertical(srz2461867779, up)
pos, 0.16679450876845095, vertical(srz246186710416, noop)
pos, 0.1667945087684509, vertical(srz246186714068, noop)
pos, 0.1667945087684509, vertical(srz246186711421, noop)
pos, 0.16679450876845095, vertical(srz246186715852, noop)
pos, 0.1667945087684509, vertical(srz246186715132, noop)
pos, 0.1667945087684509, vertical(srz246186715184, down)
pos, 0.1667945087684509, vertical(srz2461867398, up)
pos, 0.1667945087684509, vertical(srz246186710303, noop)
pos, 0.1667945087684509, vertical(srz246186714976, noop)
pos, 0.16679450876845095, vertical(srz24618672619, up)
pos, 0.1667945087684509, vertical(srz246186715149, noop)
pos, 0.1667945087684509, vertical(srz24618676191, noop)
pos, 0.1667945087684509, vertical(srz24618677677, noop)
pos, 0.1667945087684509, vertical(srz24618673470, down)
pos, 0.16679450876845095, vertical(srz246186713104, noop)
pos, 0.1667945087684509, vertical(srz246186711079, noop)
pos, 0.1667945087684509, vertical(srz246186712851, noop)
pos, 0.16679450876845095, vertical(srz24618679521, noop)
pos, 0.1667945087684509, vertical(srz24618676467, noop)
pos, 0.1667945087684509, vertical(srz24618673865, noop)
pos, 0.1667945087684509, vertical(srz24618675054, up)
pos, 0.16679450876845098, vertical(srz24618675631, up)
pos, 0.1667945087684509, vertical(srz24618676850, down)
pos, 0.1667945087684509, vertical(srz24618678394, up)
pos, 0.1667945087684509, vertical(srz246186715334, noop)
pos, 0.1667945087684509, vertical(srz24618678867, noop)
pos, 0.1667945087684509, vertical(srz24618672076, noop)
pos, 0.1667945087684509, vertical(srz246186716801, up)
pos, 0.1667945087684509, vertical(srz24618678665, noop)
pos, 0.16679450876845095, vertical(srz246186711564, noop)
pos, 0.16679450876845095, vertical(srz246186711869, noop)
pos, 0.1667945087684509, vertical(srz24618677010, noop)
pos, 0.16679450876845095, vertical(srz246186713372, noop)
pos, 0.16679450876845095, vertical(srz246186710399, noop)
pos, 0.1667945087684509, vertical(srz246186711291, up)
pos, 0.1667945087684509, vertical(srz24618678339, noop)
pos, 0.1667945087684509, vertical(srz246186715060, noop)
pos, 0.16679450876845095, vertical(srz246186710398, noop)
pos, 0.1667945087684509, vertical(srz24618677844, down)
pos, 0.1667945087684509, vertical(srz24618672858, noop)
pos, 0.1667945087684509, vertical(srz246186710636, noop)
pos, 0.1667945087684509, vertical(srz246186713443, down)
pos, 0.1667945087684509, vertical(srz24618677908, down)
pos, 0.1667945087684509, vertical(srz246186713450, noop)
pos, 0.1667945087684509, vertical(srz24618671449, noop)
pos, 0.16679450876845095, vertical(srz24618679924, down)
pos, 0.1667945087684509, vertical(srz246186716214, noop)
pos, 0.1667945087684509, vertical(srz24618673147, up)
pos, 0.1667945087684509, vertical(srz246186715582, down)
pos, 0.1667945087684509, vertical(srz24618674460, down)
pos, 0.1667945087684509, vertical(srz24618678836, noop)
pos, 0.1667945087684509, vertical(srz24618672310, up)
pos, 0.1667945087684509, vertical(srz246186715380, noop)
pos, 0.1667945087684509, vertical(srz24618677975, up)
pos, 0.16679450876845095, vertical(srz246186715300, up)
pos, 0.1667945087684509, vertical(srz24618677789, up)
pos, 0.1667945087684509, vertical(srz24618676745, up)
pos, 0.1667945087684509, vertical(srz24618673071, up)
pos, 0.16679450876845095, vertical(srz24618671038, noop)
pos, 0.1667945087684509, vertical(srz24618679620, noop)
pos, 0.16679450876845095, vertical(srz24618676045, noop)
pos, 0.1667945087684509, vertical(srz2461867278, noop)
pos, 0.1667945087684509, vertical(srz246186716678, noop)
pos, 0.1667945087684509, vertical(srz24618677363, noop)
pos, 0.1667945087684509, vertical(srz246186711466, down)
pos, 0.16679450876845095, vertical(srz246186711935, noop)
pos, 0.1667945087684509, vertical(srz24618676972, noop)
pos, 0.1667945087684509, vertical(srz24618676567, down)
pos, 0.1667945087684509, vertical(srz24618671443, noop)
pos, 0.1667945087684509, vertical(srz246186714784, noop)
pos, 0.1667945087684509, vertical(srz246186715469, down)
pos, 0.1667945087684509, vertical(srz24618674510, noop)
pos, 0.1667945087684509, vertical(srz24618675214, down)
pos, 0.1667945087684509, vertical(srz246186721, noop)
pos, 0.1667945087684509, vertical(srz246186714035, noop)
pos, 0.1667945087684509, vertical(srz246186710620, noop)
pos, 0.1667945087684509, vertical(srz24618678044, noop)
pos, 0.1667945087684509, vertical(srz24618675351, noop)
pos, 0.1667945087684509, vertical(srz24618679592, noop)
pos, 0.16679450876845095, vertical(srz24618675108, up)
pos, 0.1667945087684509, vertical(srz24618673879, up)
pos, 0.1667945087684509, vertical(srz246186714354, up)
pos, 0.1667945087684509, vertical(srz24618678254, down)
pos, 0.1667945087684509, vertical(srz246186715690, noop)
pos, 0.1667945087684509, vertical(srz246186715827, down)
pos, 0.1667945087684509, vertical(srz246186715561, down)
pos, 0.1667945087684509, vertical(srz24618673740, up)
pos, 0.16679450876845178, vertical(srz246186717091, up)
pos, 0.1667945087684509, vertical(srz24618677177, noop)
pos, 0.1667945087684509, vertical(srz24618678469, down)
pos, 0.1667945087684509, vertical(srz246186712754, down)
pos, 0.1667945087684509, vertical(srz24618679959, up)
pos, 0.1667945087684509, vertical(srz24618679690, up)
pos, 0.1667945087684509, vertical(srz246186711785, noop)
pos, 0.1667945087684509, vertical(srz24618676198, noop)
pos, 0.16679450876845098, vertical(srz24618672365, noop)
pos, 0.1667945087684509, vertical(srz24618673666, up)
pos, 0.1667945087684509, vertical(srz24618673042, noop)
pos, 0.1667945087684509, vertical(srz24618679777, noop)
pos, 0.16679450876845095, vertical(srz24618675625, up)
pos, 0.16679450876845095, vertical(srz24618679065, noop)
pos, 0.1667945087684509, vertical(srz24618673234, noop)
pos, 0.1667945087684509, vertical(srz246186716750, down)
pos, 0.1667945087684509, vertical(srz24618677782, noop)
pos, 0.1667945087684509, vertical(srz24618676891, up)
pos, 0.1667945087684509, vertical(srz24618678127, down)
pos, 0.16679450876845095, vertical(srz246186711570, noop)
pos, 0.1667945087684509, vertical(srz24618676123, down)
pos, 0.1667945087684509, vertical(srz24618675498, noop)
pos, 0.1667945087684509, vertical(srz24618673255, noop)
pos, 0.1667945087684509, vertical(srz246186710798, noop)
pos, 0.1667945087684509, vertical(srz24618671929, up)
pos, 0.1667945087684509, vertical(srz246186715122, noop)
pos, 0.1667945087684509, vertical(srz24618671233, noop)
pos, 0.16679450876845095, vertical(srz246186711607, up)
pos, 0.1667945087684509, vertical(srz246186712303, noop)
pos, 0.16679450876845098, vertical(srz246186711120, up)
pos, 0.1667945087684509, vertical(srz246186710912, down)
pos, 0.1667945087684509, vertical(srz24618677035, noop)
pos, 0.16679450876845095, vertical(srz24618676725, noop)
pos, 0.1667945087684509, vertical(srz24618674924, up)
pos, 0.16679450876845095, vertical(srz24618675114, up)
pos, 0.1667945087684509, vertical(srz24618671972, down)
pos, 0.1667945087684509, vertical(srz24618672246, noop)
pos, 0.1667945087684509, vertical(srz24618671977, noop)
pos, 0.1667945087684509, vertical(srz24618679344, noop)
pos, 0.1667945087684509, vertical(srz246186710030, down)
pos, 0.1667945087684509, vertical(srz24618671758, down)
pos, 0.1667945087684509, vertical(srz24618671975, down)
pos, 0.1667945087684509, vertical(srz246186715461, down)
pos, 0.1667945087684509, vertical(srz24618671619, up)
pos, 0.1667945087684509, vertical(srz2461867461, noop)
pos, 0.1667945087684509, vertical(srz246186710211, noop)
pos, 0.1667945087684509, vertical(srz24618677152, noop)
pos, 0.1667945087684509, vertical(srz246186715677, noop)
pos, 0.16679450876845098, vertical(srz24618677958, noop)
pos, 0.1667945087684509, vertical(srz246186710232, noop)
pos, 0.16679450876845095, vertical(srz24618677604, noop)
pos, 0.1667945087684509, vertical(srz246186764, noop)
pos, 0.16679450876845095, vertical(srz246186716268, noop)
pos, 0.1667945087684509, vertical(srz246186712398, down)
pos, 0.16679450876845095, vertical(srz24618679072, noop)
pos, 0.1667945087684509, vertical(srz24618674042, up)
pos, 0.1667945087684509, vertical(srz246186711995, down)
pos, 0.1667945087684509, vertical(srz24618679626, noop)
pos, 0.16679450876845095, vertical(srz24618676718, noop)
pos, 0.1667945087684509, vertical(srz246186715343, noop)
pos, 0.1667945087684509, vertical(srz246186713899, down)
pos, 0.1667945087684509, vertical(srz24618677080, noop)
pos, 0.1667945087684509, vertical(srz24618672039, noop)
pos, 0.1667945087684509, vertical(srz24618674003, noop)
pos, 0.1667945087684509, vertical(srz246186712960, noop)
pos, 0.1667945087684509, vertical(srz246186713622, up)
pos, 0.1667945087684509, vertical(srz24618671470, noop)
pos, 0.16679450876845098, vertical(srz246186711677, noop)
pos, 0.16679450876845095, vertical(srz246186714796, noop)
pos, 0.1667945087684509, vertical(srz246186710259, noop)
pos, 0.1667945087684509, vertical(srz24618676394, down)
pos, 0.1667945087684509, vertical(srz246186716046, noop)
pos, 0.1667945087684509, vertical(srz24618671835, down)
pos, 0.1667945087684509, vertical(srz246186716824, noop)
pos, 0.1667945087684509, vertical(srz246186710815, down)
pos, 0.1667945087684509, vertical(srz246186762, noop)
pos, 0.1667945087684509, vertical(srz24618675938, noop)
pos, 0.1667945087684509, vertical(srz246186712106, noop)
pos, 0.16679450876845098, vertical(srz246186716424, noop)
pos, 0.1667945087684509, vertical(srz246186713227, noop)
pos, 0.16679450876845098, vertical(srz246186716525, noop)
pos, 0.1667945087684509, vertical(srz246186714747, noop)
pos, 0.1667945087684509, vertical(srz246186711754, noop)
pos, 0.16679450876845095, vertical(srz24618676015, noop)
pos, 0.1667945087684509, vertical(srz24618674934, up)
pos, 0.1667945087684509, vertical(srz24618678512, up)
pos, 0.16679450876845095, vertical(srz246186712413, up)
pos, 0.1667945087684509, vertical(srz246186712540, noop)
pos, 0.16679450876845095, vertical(srz24618672768, noop)
pos, 0.1667945087684509, vertical(srz2461867639, down)
pos, 0.1667945087684509, vertical(srz24618678922, down)
pos, 0.1667945087684509, vertical(srz24618671941, up)
pos, 0.1667945087684509, vertical(srz246186712222, noop)
pos, 0.16679450876845098, vertical(srz24618675618, up)
pos, 0.1667945087684509, vertical(srz24618674891, noop)
pos, 0.1667945087684509, vertical(srz246186714570, noop)
pos, 0.1667945087684509, vertical(srz24618678353, noop)
pos, 0.1667945087684509, vertical(srz24618679651, noop)
pos, 0.16679450876845095, vertical(srz246186711903, noop)
pos, 0.1667945087684509, vertical(srz24618674455, down)
pos, 0.1667945087684509, vertical(srz246186716165, noop)
pos, 0.1667945087684509, vertical(srz24618673194, up)
pos, 0.16679450876845095, vertical(srz246186715996, noop)
pos, 0.1667945087684509, vertical(srz24618678824, noop)
pos, 0.1667945087684509, vertical(srz24618679949, up)
pos, 0.1667945087684509, vertical(srz246186715810, down)
pos, 0.16679450876845095, vertical(srz246186711836, noop)
pos, 0.1667945087684509, vertical(srz24618673329, noop)
pos, 0.1667945087684509, vertical(srz24618672448, up)
pos, 0.16679450876845095, vertical(srz246186710494, up)
pos, 0.16679450876845095, vertical(srz246186714651, up)
pos, 0.1667945087684509, vertical(srz246186710359, up)
pos, 0.1667945087684509, vertical(srz246186712026, noop)
pos, 0.1667945087684509, vertical(srz246186715716, noop)
pos, 0.1667945087684509, vertical(srz246186711110, noop)
pos, 0.1667945087684509, vertical(srz246186712130, down)
pos, 0.1667945087684509, vertical(srz24618677017, noop)
pos, 0.16679450876845095, vertical(srz24618675283, up)
pos, 0.1667945087684509, vertical(srz24618678020, noop)
pos, 0.16679450876845095, vertical(srz2461867411, down)
pos, 0.1667945087684509, vertical(srz24618676170, noop)
pos, 0.1667945087684509, vertical(srz24618679594, noop)
pos, 0.1667945087684509, vertical(srz24618678595, noop)
pos, 0.16679450876845095, vertical(srz24618674729, down)
pos, 0.1667945087684509, vertical(srz24618671640, down)
pos, 0.1667945087684509, vertical(srz24618671612, up)
pos, 0.1667945087684509, vertical(srz246186711013, up)
pos, 0.1667945087684509, vertical(srz24618674958, noop)
pos, 0.1667945087684509, vertical(srz2461867172, noop)
pos, 0.1667945087684509, vertical(srz24618678730, noop)
pos, 0.1667945087684509, vertical(srz24618672926, noop)
pos, 0.1667945087684509, vertical(srz24618673252, noop)
pos, 0.1667945087684509, vertical(srz24618674503, down)
pos, 0.1667945087684509, vertical(srz246186713486, up)
pos, 0.1667945087684509, vertical(srz24618673962, noop)
pos, 0.1667945087684509, vertical(srz246186710257, noop)
pos, 0.1667945087684509, vertical(srz24618679265, noop)
pos, 0.16679450876845095, vertical(srz246186710520, noop)
pos, 0.1667945087684509, vertical(srz246186716689, down)
pos, 0.1667945087684509, vertical(srz24618671401, down)
pos, 0.1667945087684509, vertical(srz246186716731, noop)
pos, 0.16679450876845098, vertical(srz24618677947, noop)
pos, 0.1667945087684509, vertical(srz2461867689, down)
pos, 0.1667945087684509, vertical(srz24618678229, noop)
pos, 0.1667945087684509, vertical(srz24618674672, up)
pos, 0.1667945087684509, vertical(srz24618678219, up)
pos, 0.1667945087684509, vertical(srz246186716645, up)
pos, 0.1667945087684509, vertical(srz246186711220, noop)
pos, 0.1667945087684509, vertical(srz246186712340, noop)
pos, 0.1667945087684509, vertical(srz24618677566, noop)
pos, 0.1667945087684509, vertical(srz246186712155, up)
pos, 0.1667945087684509, vertical(srz24618676929, up)
pos, 0.16679450876845095, vertical(srz246186711856, noop)
pos, 0.1667945087684509, vertical(srz24618676230, up)
pos, 0.1667945087684509, vertical(srz2461867809, noop)
pos, 0.16679450876845095, vertical(srz246186713062, up)
pos, 0.1667945087684509, vertical(srz2461867754, noop)
pos, 0.1667945087684509, vertical(srz246186710684, noop)
pos, 0.16679450876845095, vertical(srz24618679559, noop)
pos, 0.16679450876845095, vertical(srz246186715777, up)
pos, 0.1667945087684509, vertical(srz24618672227, noop)
pos, 0.1667945087684509, vertical(srz246186717021, down)
pos, 0.1667945087684509, vertical(srz246186716231, down)
pos, 0.16679450876845095, vertical(srz246186713393, down)
pos, 0.1667945087684509, vertical(srz2461867596, noop)
pos, 0.1667945087684509, vertical(srz2461867316, down)
pos, 0.16679450876845098, vertical(srz24618674113, noop)
pos, 0.1667945087684509, vertical(srz246186714374, noop)
pos, 0.1667945087684509, vertical(srz24618671507, down)
pos, 0.1667945087684509, vertical(srz246186715583, down)
pos, 0.1667945087684509, vertical(srz24618678236, noop)
pos, 0.1667945087684509, vertical(srz24618674833, down)
pos, 0.1667945087684509, vertical(srz24618675822, noop)
pos, 0.1667945087684509, vertical(srz24618677915, noop)
pos, 0.1667945087684509, vertical(srz24618677015, noop)
pos, 0.1667945087684509, vertical(srz24618673039, noop)
pos, 0.1667945087684509, vertical(srz24618675958, noop)
pos, 0.1667945087684509, vertical(srz24618672545, noop)
pos, 0.16679450876845095, vertical(srz2461867972, noop)
pos, 0.16679450876845095, vertical(srz246186711571, noop)
pos, 0.1667945087684509, vertical(srz24618678351, noop)
pos, 0.16679450876845095, vertical(srz24618674415, noop)
pos, 0.1667945087684509, vertical(srz24618677977, noop)
pos, 0.1667945087684509, vertical(srz246186710918, down)
pos, 0.1667945087684509, vertical(srz246186710334, up)
pos, 0.16679450876845095, vertical(srz24618677332, noop)
pos, 0.1667945087684509, vertical(srz24618679755, noop)
pos, 0.16679450876845145, vertical(srz24618677288, up)
pos, 0.1667945087684509, vertical(srz24618676919, up)
pos, 0.1667945087684509, vertical(srz24618671725, down)
pos, 0.1667945087684509, vertical(srz24618674680, up)
pos, 0.1667945087684509, vertical(srz24618678924, down)
pos, 0.1667945087684509, vertical(srz246186714069, noop)
pos, 0.1667945087684509, vertical(srz24618676253, noop)
pos, 0.16679450876845095, vertical(srz24618678642, up)
pos, 0.1667945087684509, vertical(srz24618673719, up)
pos, 0.1667945087684509, vertical(srz2461867584, noop)
pos, 0.16679450876845098, vertical(srz24618672374, noop)
pos, 0.1667945087684509, vertical(srz24618676299, noop)
pos, 0.1667945087684509, vertical(srz246186711561, noop)
pos, 0.1667945087684509, vertical(srz246186714785, noop)
pos, 0.16679450876845098, vertical(srz246186715274, up)
pos, 0.1667945087684509, vertical(srz246186713334, noop)
pos, 0.1667945087684509, vertical(srz2461867592, noop)
pos, 0.1667945087684509, vertical(srz246186712330, noop)
pos, 0.1667945087684509, vertical(srz24618674595, up)
pos, 0.16679450876845095, vertical(srz246186711272, up)
pos, 0.1667945087684509, vertical(srz24618673152, up)
pos, 0.1667945087684509, vertical(srz24618674906, noop)
pos, 0.1667945087684509, vertical(srz246186713420, noop)
pos, 0.1667945087684509, vertical(srz246186712132, down)
pos, 0.1667945087684509, vertical(srz24618673373, noop)
pos, 0.16679450876845095, vertical(srz246186714658, noop)
pos, 0.16679450876845095, vertical(srz246186715927, up)
pos, 0.16679450876845095, vertical(srz24618674700, noop)
pos, 0.16679450876845095, vertical(srz24618676014, noop)
pos, 0.1667945087684509, vertical(srz246186712542, noop)
pos, 0.1667945087684509, vertical(srz246186712538, noop)
pos, 0.1667945087684509, vertical(srz246186717012, down)
pos, 0.1667945087684509, vertical(srz246186713733, up)
pos, 0.1667945087684509, vertical(srz24618678346, noop)
pos, 0.1667945087684509, vertical(srz246186716145, noop)
pos, 0.1667945087684509, vertical(srz246186714555, down)
pos, 0.1667945087684509, vertical(srz246186712231, noop)
pos, 0.1667945087684509, vertical(srz24618675018, down)
pos, 0.16679450876845095, vertical(srz246186710492, up)
pos, 0.1667945087684509, vertical(srz246186712135, down)
pos, 0.1667945087684509, vertical(srz246186712486, down)
pos, 0.1667945087684509, vertical(srz246186712333, noop)
pos, 0.1667945087684509, vertical(srz246186711482, down)
pos, 0.1667945087684509, vertical(srz246186714773, noop)
pos, 0.1667945087684509, vertical(srz24618676773, down)
pos, 0.1667945087684509, vertical(srz24618674768, noop)
pos, 0.1667945087684509, vertical(srz24618679313, noop)
pos, 0.16679450876845098, vertical(srz24618674081, up)
pos, 0.16679450876845095, vertical(srz24618674715, up)
pos, 0.1667945087684509, vertical(srz24618672535, noop)
pos, 0.16679450876845095, vertical(srz24618671005, noop)
pos, 0.16679450876845098, vertical(srz24618674097, noop)
pos, 0.1667945087684509, vertical(srz24618675454, down)
pos, 0.1667945087684509, vertical(srz24618678714, noop)
pos, 0.1667945087684509, vertical(srz246186710103, noop)
pos, 0.1667945087684509, vertical(srz24618671762, down)
pos, 0.16679450876845095, vertical(srz24618677342, noop)
pos, 0.1667945087684509, vertical(srz246186717033, noop)
pos, 0.1667945087684509, vertical(srz246186716684, down)
pos, 0.16679450876845095, vertical(srz24618675291, up)
pos, 0.1667945087684509, vertical(srz246186713404, down)
pos, 0.1667945087684509, vertical(srz2461867820, noop)
pos, 0.1667945087684509, vertical(srz24618673832, down)
pos, 0.1667945087684509, vertical(srz24618674223, noop)
pos, 0.16679450876845098, vertical(srz246186716512, noop)
pos, 0.16679450876845095, vertical(srz246186714425, noop)
pos, 0.1667945087684509, vertical(srz246186716762, noop)
pos, 0.1667945087684509, vertical(srz24618679940, up)
pos, 0.1667945087684509, vertical(srz246186710019, down)
pos, 0.1667945087684509, vertical(srz24618674687, up)
pos, 0.1667945087684509, vertical(srz24618673327, noop)
pos, 0.1667945087684509, vertical(srz24618674829, down)
pos, 0.1667945087684509, vertical(srz246186710685, noop)
pos, 0.16679450876845095, vertical(srz24618672637, noop)
pos, 0.1667945087684509, vertical(srz246186713459, noop)
pos, 0.1667945087684509, vertical(srz246186714915, noop)
pos, 0.1667945087684509, vertical(srz24618675332, down)
pos, 0.1667945087684509, vertical(srz24618675012, down)
pos, 0.1667945087684509, vertical(srz246186714024, noop)
pos, 0.1667945087684509, vertical(srz24618677823, noop)
pos, 0.1667945087684509, vertical(srz24618673909, noop)
pos, 0.1667945087684509, vertical(srz24618676814, down)
pos, 0.1667945087684509, vertical(srz24618678726, noop)
pos, 0.1667945087684509, vertical(srz24618674206, noop)
pos, 0.1667945087684509, vertical(srz246186716132, noop)
neg, 0.1667945087684509, vertical(srz24618679872, up)
neg, 0.1667945087684509, vertical(srz24618679872, down)
neg, 0.16679450876845095, vertical(srz24618675686, down)
neg, 0.16679450876845095, vertical(srz24618675686, noop)
neg, 0.1667945087684509, vertical(srz24618676562, up)
neg, 0.1667945087684509, vertical(srz24618676562, noop)
neg, 0.16679450876845095, vertical(srz24618673772, up)
neg, 0.16679450876845095, vertical(srz24618673772, noop)
neg, 0.1667945087684509, vertical(srz24618676144, up)
neg, 0.1667945087684509, vertical(srz24618676144, down)
neg, 0.1667945087684509, vertical(srz24618677815, up)
neg, 0.1667945087684509, vertical(srz24618677815, down)
neg, 0.1667945087684509, vertical(srz24618673627, up)
neg, 0.1667945087684509, vertical(srz24618673627, down)
neg, 0.1667945087684509, vertical(srz246186713308, up)
neg, 0.1667945087684509, vertical(srz246186713308, down)
neg, 0.1667945087684509, vertical(srz24618677806, down)
neg, 0.1667945087684509, vertical(srz24618677806, noop)
neg, 0.16679450876845095, vertical(srz246186714797, up)
neg, 0.16679450876845095, vertical(srz246186714797, down)
neg, 0.1667945087684509, vertical(srz246186716038, up)
neg, 0.1667945087684509, vertical(srz246186716038, down)
neg, 0.16679450876845095, vertical(srz24618676643, up)
neg, 0.16679450876845095, vertical(srz24618676643, down)
neg, 0.16679450876845095, vertical(srz246186714841, up)
neg, 0.16679450876845095, vertical(srz246186714841, down)
neg, 0.1667945087684509, vertical(srz24618672784, up)
neg, 0.1667945087684509, vertical(srz24618672784, down)
neg, 0.16679450876845095, vertical(srz246186716568, up)
neg, 0.16679450876845095, vertical(srz246186716568, down)
neg, 0.1667945087684509, vertical(srz24618679784, up)
neg, 0.1667945087684509, vertical(srz24618679784, down)
neg, 0.1667945087684509, vertical(srz246186711283, up)
neg, 0.1667945087684509, vertical(srz246186711283, down)
neg, 0.16679450876845095, vertical(srz246186712874, up)
neg, 0.16679450876845095, vertical(srz246186712874, down)
neg, 0.16679450876845098, vertical(srz24618674050, down)
neg, 0.16679450876845098, vertical(srz24618674050, noop)
neg, 0.1667945087684509, vertical(srz246186714264, up)
neg, 0.1667945087684509, vertical(srz246186714264, noop)
neg, 0.1667945087684509, vertical(srz246186715025, up)
neg, 0.1667945087684509, vertical(srz246186715025, down)
neg, 0.1667945087684509, vertical(srz24618676484, up)
neg, 0.1667945087684509, vertical(srz24618676484, down)
neg, 0.1667945087684509, vertical(srz24618672741, up)
neg, 0.1667945087684509, vertical(srz24618672741, down)
neg, 0.1667945087684509, vertical(srz24618677135, up)
neg, 0.1667945087684509, vertical(srz24618677135, down)
neg, 0.1667945087684509, vertical(srz24618672906, up)
neg, 0.1667945087684509, vertical(srz24618672906, noop)
neg, 0.1667945087684509, vertical(srz246186712839, down)
neg, 0.1667945087684509, vertical(srz246186712839, noop)
neg, 0.1667945087684509, vertical(srz246186710293, up)
neg, 0.1667945087684509, vertical(srz246186710293, down)
neg, 0.1667945087684509, vertical(srz24618678033, up)
neg, 0.1667945087684509, vertical(srz24618678033, down)
neg, 0.16679450876845098, vertical(srz24618672381, up)
neg, 0.16679450876845098, vertical(srz24618672381, down)
neg, 0.16679450876845178, vertical(srz246186716315, up)
neg, 0.16679450876845178, vertical(srz246186716315, down)
neg, 0.1667945087684509, vertical(srz24618678788, up)
neg, 0.1667945087684509, vertical(srz24618678788, down)
neg, 0.16679450876845095, vertical(srz24618679497, up)
neg, 0.16679450876845095, vertical(srz24618679497, down)
neg, 0.16679450876845095, vertical(srz2461867916, down)
neg, 0.16679450876845095, vertical(srz2461867916, noop)
neg, 0.1667945087684509, vertical(srz24618676413, up)
neg, 0.1667945087684509, vertical(srz24618676413, down)
neg, 0.1667945087684509, vertical(srz24618675188, down)
neg, 0.1667945087684509, vertical(srz24618675188, noop)
neg, 0.1667945087684509, vertical(srz246186710015, up)
neg, 0.1667945087684509, vertical(srz246186710015, down)
neg, 0.16679450876845098, vertical(srz24618674037, down)
neg, 0.16679450876845098, vertical(srz24618674037, noop)
neg, 0.1667945087684509, vertical(srz24618678810, down)
neg, 0.1667945087684509, vertical(srz24618678810, noop)
neg, 0.1667945087684509, vertical(srz24618674879, up)
neg, 0.1667945087684509, vertical(srz24618674879, down)
neg, 0.1667945087684509, vertical(srz24618671215, up)
neg, 0.1667945087684509, vertical(srz24618671215, down)
neg, 0.16679450876845098, vertical(srz246186711123, up)
neg, 0.16679450876845098, vertical(srz246186711123, down)
neg, 0.1667945087684509, vertical(srz246186714187, down)
neg, 0.1667945087684509, vertical(srz246186714187, noop)
neg, 0.1667945087684509, vertical(srz24618679605, up)
neg, 0.1667945087684509, vertical(srz24618679605, down)
neg, 0.1667945087684509, vertical(srz246186712145, up)
neg, 0.1667945087684509, vertical(srz246186712145, down)
neg, 0.16679450876845095, vertical(srz246186710426, down)
neg, 0.16679450876845095, vertical(srz246186710426, noop)
neg, 0.16679450876845095, vertical(srz246186713031, down)
neg, 0.16679450876845095, vertical(srz246186713031, noop)
neg, 0.1667945087684509, vertical(srz246186715307, up)
neg, 0.1667945087684509, vertical(srz246186715307, down)
neg, 0.1667945087684509, vertical(srz246186710322, up)
neg, 0.1667945087684509, vertical(srz246186710322, down)
neg, 0.1667945087684509, vertical(srz24618671098, up)
neg, 0.1667945087684509, vertical(srz24618671098, down)
neg, 0.1667945087684509, vertical(srz24618675552, up)
neg, 0.1667945087684509, vertical(srz24618675552, down)
neg, 0.1667945087684509, vertical(srz24618673044, up)
neg, 0.1667945087684509, vertical(srz24618673044, down)
neg, 0.1667945087684509, vertical(srz24618671331, up)
neg, 0.1667945087684509, vertical(srz24618671331, down)
neg, 0.1667945087684509, vertical(srz246186713497, down)
neg, 0.1667945087684509, vertical(srz246186713497, noop)
neg, 0.16679450876845178, vertical(srz246186717163, up)
neg, 0.16679450876845178, vertical(srz246186717163, down)
neg, 0.16679450876845095, vertical(srz246186713029, down)
neg, 0.16679450876845095, vertical(srz246186713029, noop)
neg, 0.1667945087684509, vertical(srz246186716140, up)
neg, 0.1667945087684509, vertical(srz246186716140, down)
neg, 0.1667945087684509, vertical(srz246186715491, up)
neg, 0.1667945087684509, vertical(srz246186715491, noop)
neg, 0.1667945087684509, vertical(srz24618678046, up)
neg, 0.1667945087684509, vertical(srz24618678046, down)
neg, 0.16679450876845098, vertical(srz246186711684, up)
neg, 0.16679450876845098, vertical(srz246186711684, down)
neg, 0.1667945087684509, vertical(srz246186716616, up)
neg, 0.1667945087684509, vertical(srz246186716616, down)
neg, 0.1667945087684509, vertical(srz24618677062, up)
neg, 0.1667945087684509, vertical(srz24618677062, down)
neg, 0.1667945087684509, vertical(srz24618678577, up)
neg, 0.1667945087684509, vertical(srz24618678577, down)
neg, 0.16679450876845095, vertical(srz24618677337, up)
neg, 0.16679450876845095, vertical(srz24618677337, down)
neg, 0.16679450876845095, vertical(srz246186711928, up)
neg, 0.16679450876845095, vertical(srz246186711928, down)
neg, 0.1667945087684509, vertical(srz24618679749, up)
neg, 0.1667945087684509, vertical(srz24618679749, down)
neg, 0.1667945087684509, vertical(srz24618677036, up)
neg, 0.1667945087684509, vertical(srz24618677036, down)
neg, 0.16679450876845095, vertical(srz24618679504, up)
neg, 0.16679450876845095, vertical(srz24618679504, down)
neg, 0.1667945087684509, vertical(srz246186748, up)
neg, 0.1667945087684509, vertical(srz246186748, down)
neg, 0.1667945087684509, vertical(srz24618679979, up)
neg, 0.1667945087684509, vertical(srz24618679979, noop)
neg, 0.1667945087684509, vertical(srz2461867124, up)
neg, 0.1667945087684509, vertical(srz2461867124, down)
neg, 0.1667945087684509, vertical(srz246186712107, up)
neg, 0.1667945087684509, vertical(srz246186712107, down)
neg, 0.1667945087684509, vertical(srz24618677349, up)
neg, 0.1667945087684509, vertical(srz24618677349, down)
neg, 0.1667945087684509, vertical(srz246186712197, up)
neg, 0.1667945087684509, vertical(srz246186712197, down)
neg, 0.1667945087684509, vertical(srz246186716840, down)
neg, 0.1667945087684509, vertical(srz246186716840, noop)
neg, 0.16679450876845098, vertical(srz246186716509, up)
neg, 0.16679450876845098, vertical(srz246186716509, down)
neg, 0.1667945087684509, vertical(srz24618679745, up)
neg, 0.1667945087684509, vertical(srz24618679745, down)
neg, 0.1667945087684509, vertical(srz24618676313, up)
neg, 0.1667945087684509, vertical(srz24618676313, down)
neg, 0.1667945087684509, vertical(srz246186712773, up)
neg, 0.1667945087684509, vertical(srz246186712773, down)
neg, 0.16679450876845095, vertical(srz24618675679, down)
neg, 0.16679450876845095, vertical(srz24618675679, noop)
neg, 0.1667945087684509, vertical(srz24618675546, up)
neg, 0.1667945087684509, vertical(srz24618675546, noop)
neg, 0.1667945087684509, vertical(srz246186713400, up)
neg, 0.1667945087684509, vertical(srz246186713400, noop)
neg, 0.1667945087684509, vertical(srz246186711338, up)
neg, 0.1667945087684509, vertical(srz246186711338, down)
neg, 0.1667945087684509, vertical(srz24618679012, up)
neg, 0.1667945087684509, vertical(srz24618679012, down)
neg, 0.1667945087684509, vertical(srz246186716057, up)
neg, 0.1667945087684509, vertical(srz246186716057, down)
neg, 0.16679450876845145, vertical(srz246186715881, down)
neg, 0.16679450876845145, vertical(srz246186715881, noop)
neg, 0.1667945087684509, vertical(srz24618671512, up)
neg, 0.1667945087684509, vertical(srz24618671512, down)
neg, 0.1667945087684509, vertical(srz24618673125, up)
neg, 0.1667945087684509, vertical(srz24618673125, down)
neg, 0.1667945087684509, vertical(srz246186712013, up)
neg, 0.1667945087684509, vertical(srz246186712013, down)
neg, 0.1667945087684509, vertical(srz246186760, up)
neg, 0.1667945087684509, vertical(srz246186760, down)
neg, 0.1667945087684509, vertical(srz24618672253, up)
neg, 0.1667945087684509, vertical(srz24618672253, down)
neg, 0.1667945087684509, vertical(srz24618677933, up)
neg, 0.1667945087684509, vertical(srz24618677933, down)
neg, 0.1667945087684509, vertical(srz24618674783, up)
neg, 0.1667945087684509, vertical(srz24618674783, down)
neg, 0.16679450876845178, vertical(srz246186716359, up)
neg, 0.16679450876845178, vertical(srz246186716359, down)
neg, 0.16679450876845095, vertical(srz24618677292, down)
neg, 0.16679450876845095, vertical(srz24618677292, noop)
neg, 0.1667945087684509, vertical(srz24618672322, up)
neg, 0.1667945087684509, vertical(srz24618672322, noop)
neg, 0.1667945087684509, vertical(srz24618673709, up)
neg, 0.1667945087684509, vertical(srz24618673709, down)
neg, 0.16679450876845095, vertical(srz24618679153, up)
neg, 0.16679450876845095, vertical(srz24618679153, down)
neg, 0.1667945087684509, vertical(srz246186711061, up)
neg, 0.1667945087684509, vertical(srz246186711061, noop)
neg, 0.1667945087684509, vertical(srz246186710214, up)
neg, 0.1667945087684509, vertical(srz246186710214, down)
neg, 0.1667945087684509, vertical(srz246186710111, up)
neg, 0.1667945087684509, vertical(srz246186710111, down)
neg, 0.16679450876845098, vertical(srz24618672338, up)
neg, 0.16679450876845098, vertical(srz24618672338, noop)
neg, 0.1667945087684509, vertical(srz24618672058, down)
neg, 0.1667945087684509, vertical(srz24618672058, noop)
neg, 0.1667945087684509, vertical(srz24618676284, down)
neg, 0.1667945087684509, vertical(srz24618676284, noop)
neg, 0.1667945087684509, vertical(srz246186713469, up)
neg, 0.1667945087684509, vertical(srz246186713469, down)
neg, 0.1667945087684509, vertical(srz24618678261, up)
neg, 0.1667945087684509, vertical(srz24618678261, noop)
neg, 0.1667945087684509, vertical(srz24618675432, up)
neg, 0.1667945087684509, vertical(srz24618675432, down)
neg, 0.16679450876845095, vertical(srz246186714664, up)
neg, 0.16679450876845095, vertical(srz246186714664, down)
neg, 0.16679450876845095, vertical(srz24618675759, up)
neg, 0.16679450876845095, vertical(srz24618675759, down)
neg, 0.1667945087684509, vertical(srz24618674885, up)
neg, 0.1667945087684509, vertical(srz24618674885, down)
neg, 0.1667945087684509, vertical(srz24618672259, up)
neg, 0.1667945087684509, vertical(srz24618672259, noop)
neg, 0.1667945087684509, vertical(srz24618671388, up)
neg, 0.1667945087684509, vertical(srz24618671388, noop)
neg, 0.1667945087684509, vertical(srz2461867365, up)
neg, 0.1667945087684509, vertical(srz2461867365, down)
neg, 0.1667945087684509, vertical(srz246186716221, up)
neg, 0.1667945087684509, vertical(srz246186716221, down)
neg, 0.1667945087684509, vertical(srz24618672028, up)
neg, 0.1667945087684509, vertical(srz24618672028, down)
neg, 0.16679450876845095, vertical(srz246186710414, up)
neg, 0.16679450876845095, vertical(srz246186710414, down)
neg, 0.1667945087684509, vertical(srz24618676480, up)
neg, 0.1667945087684509, vertical(srz24618676480, down)
neg, 0.16679450876845098, vertical(srz246186716473, up)
neg, 0.16679450876845098, vertical(srz246186716473, down)
neg, 0.1667945087684509, vertical(srz246186716729, up)
neg, 0.1667945087684509, vertical(srz246186716729, down)
neg, 0.1667945087684509, vertical(srz246186710370, down)
neg, 0.1667945087684509, vertical(srz246186710370, noop)
neg, 0.1667945087684509, vertical(srz246186715596, up)
neg, 0.1667945087684509, vertical(srz246186715596, down)
neg, 0.16679450876845095, vertical(srz24618679527, up)
neg, 0.16679450876845095, vertical(srz24618679527, down)
neg, 0.1667945087684509, vertical(srz24618677518, up)
neg, 0.1667945087684509, vertical(srz24618677518, down)
neg, 0.1667945087684509, vertical(srz246186713447, up)
neg, 0.1667945087684509, vertical(srz246186713447, noop)
neg, 0.16679450876845098, vertical(srz24618677244, up)
neg, 0.16679450876845098, vertical(srz24618677244, down)
neg, 0.1667945087684509, vertical(srz24618677861, up)
neg, 0.1667945087684509, vertical(srz24618677861, down)
neg, 0.1667945087684509, vertical(srz246186716208, up)
neg, 0.1667945087684509, vertical(srz246186716208, down)
neg, 0.1667945087684509, vertical(srz246186715114, up)
neg, 0.1667945087684509, vertical(srz246186715114, down)
neg, 0.1667945087684509, vertical(srz246186712556, up)
neg, 0.1667945087684509, vertical(srz246186712556, noop)
neg, 0.1667945087684509, vertical(srz24618674498, up)
neg, 0.1667945087684509, vertical(srz24618674498, noop)
neg, 0.1667945087684509, vertical(srz24618673685, down)
neg, 0.1667945087684509, vertical(srz24618673685, noop)
neg, 0.1667945087684509, vertical(srz24618673629, up)
neg, 0.1667945087684509, vertical(srz24618673629, down)
neg, 0.1667945087684509, vertical(srz24618674437, up)
neg, 0.1667945087684509, vertical(srz24618674437, noop)
neg, 0.1667945087684509, vertical(srz24618671561, up)
neg, 0.1667945087684509, vertical(srz24618671561, down)
neg, 0.1667945087684509, vertical(srz246186714091, up)
neg, 0.1667945087684509, vertical(srz246186714091, down)
neg, 0.16679450876845098, vertical(srz24618677957, up)
neg, 0.16679450876845098, vertical(srz24618677957, down)
neg, 0.1667945087684509, vertical(srz246186712171, up)
neg, 0.1667945087684509, vertical(srz246186712171, noop)
neg, 0.1667945087684509, vertical(srz24618676735, down)
neg, 0.1667945087684509, vertical(srz24618676735, noop)
neg, 0.1667945087684509, vertical(srz246186712663, up)
neg, 0.1667945087684509, vertical(srz246186712663, down)
neg, 0.1667945087684509, vertical(srz24618677878, up)
neg, 0.1667945087684509, vertical(srz24618677878, down)
neg, 0.1667945087684509, vertical(srz246186713360, up)
neg, 0.1667945087684509, vertical(srz246186713360, noop)
neg, 0.1667945087684509, vertical(srz246186712620, up)
neg, 0.1667945087684509, vertical(srz246186712620, noop)
neg, 0.1667945087684509, vertical(srz246186712027, up)
neg, 0.1667945087684509, vertical(srz246186712027, down)
neg, 0.1667945087684509, vertical(srz24618679476, up)
neg, 0.1667945087684509, vertical(srz24618679476, noop)
neg, 0.1667945087684509, vertical(srz24618675988, up)
neg, 0.1667945087684509, vertical(srz24618675988, down)
neg, 0.16679450876845095, vertical(srz246186711845, up)
neg, 0.16679450876845095, vertical(srz246186711845, down)
neg, 0.1667945087684509, vertical(srz24618678799, down)
neg, 0.1667945087684509, vertical(srz24618678799, noop)
neg, 0.1667945087684509, vertical(srz246186712600, up)
neg, 0.1667945087684509, vertical(srz246186712600, noop)
neg, 0.1667945087684509, vertical(srz246186713969, up)
neg, 0.1667945087684509, vertical(srz246186713969, down)
neg, 0.1667945087684509, vertical(srz2461867391, down)
neg, 0.1667945087684509, vertical(srz2461867391, noop)
neg, 0.16679450876845095, vertical(srz24618677600, up)
neg, 0.16679450876845095, vertical(srz24618677600, down)
neg, 0.1667945087684509, vertical(srz24618678290, down)
neg, 0.1667945087684509, vertical(srz24618678290, noop)
neg, 0.1667945087684509, vertical(srz246186715212, up)
neg, 0.1667945087684509, vertical(srz246186715212, down)
neg, 0.1667945087684509, vertical(srz24618676974, up)
neg, 0.1667945087684509, vertical(srz24618676974, down)
neg, 0.1667945087684509, vertical(srz24618671160, up)
neg, 0.1667945087684509, vertical(srz24618671160, down)
neg, 0.1667945087684509, vertical(srz24618673337, down)
neg, 0.1667945087684509, vertical(srz24618673337, noop)
neg, 0.1667945087684509, vertical(srz246186714149, down)
neg, 0.1667945087684509, vertical(srz246186714149, noop)
neg, 0.1667945087684509, vertical(srz246186711167, up)
neg, 0.1667945087684509, vertical(srz246186711167, down)
neg, 0.1667945087684509, vertical(srz246186716164, up)
neg, 0.1667945087684509, vertical(srz246186716164, down)
neg, 0.1667945087684509, vertical(srz24618673295, up)
neg, 0.1667945087684509, vertical(srz24618673295, noop)
neg, 0.1667945087684509, vertical(srz246186716773, up)
neg, 0.1667945087684509, vertical(srz246186716773, down)
neg, 0.1667945087684509, vertical(srz246186711578, up)
neg, 0.1667945087684509, vertical(srz246186711578, down)
neg, 0.1667945087684509, vertical(srz24618674259, up)
neg, 0.1667945087684509, vertical(srz24618674259, down)
neg, 0.1667945087684509, vertical(srz24618676142, up)
neg, 0.1667945087684509, vertical(srz24618676142, down)
neg, 0.1667945087684509, vertical(srz24618675891, up)
neg, 0.1667945087684509, vertical(srz24618675891, down)
neg, 0.16679450876845098, vertical(srz246186716529, up)
neg, 0.16679450876845098, vertical(srz246186716529, noop)
neg, 0.1667945087684509, vertical(srz24618672471, up)
neg, 0.1667945087684509, vertical(srz24618672471, noop)
neg, 0.1667945087684509, vertical(srz24618673458, down)
neg, 0.1667945087684509, vertical(srz24618673458, noop)
neg, 0.1667945087684509, vertical(srz246186713245, up)
neg, 0.1667945087684509, vertical(srz246186713245, down)
neg, 0.1667945087684509, vertical(srz2461867171, up)
neg, 0.1667945087684509, vertical(srz2461867171, down)
neg, 0.1667945087684509, vertical(srz246186712763, up)
neg, 0.1667945087684509, vertical(srz246186712763, noop)
neg, 0.1667945087684509, vertical(srz246186715459, up)
neg, 0.1667945087684509, vertical(srz246186715459, noop)
neg, 0.16679450876845095, vertical(srz246186715919, down)
neg, 0.16679450876845095, vertical(srz246186715919, noop)
neg, 0.1667945087684509, vertical(srz24618676149, up)
neg, 0.1667945087684509, vertical(srz24618676149, down)
neg, 0.1667945087684509, vertical(srz246186714480, up)
neg, 0.1667945087684509, vertical(srz246186714480, noop)
neg, 0.1667945087684509, vertical(srz24618671135, up)
neg, 0.1667945087684509, vertical(srz24618671135, down)
neg, 0.16679450876845095, vertical(srz24618673755, down)
neg, 0.16679450876845095, vertical(srz24618673755, noop)
neg, 0.1667945087684509, vertical(srz24618679681, down)
neg, 0.1667945087684509, vertical(srz24618679681, noop)
neg, 0.1667945087684509, vertical(srz24618678905, up)
neg, 0.1667945087684509, vertical(srz24618678905, down)
neg, 0.1667945087684509, vertical(srz24618676165, up)
neg, 0.1667945087684509, vertical(srz24618676165, down)
neg, 0.1667945087684509, vertical(srz246186716844, down)
neg, 0.1667945087684509, vertical(srz246186716844, noop)
neg, 0.16679450876845095, vertical(srz246186713370, up)
neg, 0.16679450876845095, vertical(srz246186713370, down)
neg, 0.1667945087684509, vertical(srz24618672275, up)
neg, 0.1667945087684509, vertical(srz24618672275, noop)
neg, 0.1667945087684509, vertical(srz24618672503, down)
neg, 0.1667945087684509, vertical(srz24618672503, noop)
neg, 0.1667945087684509, vertical(srz24618676890, up)
neg, 0.1667945087684509, vertical(srz24618676890, down)
neg, 0.1667945087684509, vertical(srz24618671701, up)
neg, 0.1667945087684509, vertical(srz24618671701, noop)
neg, 0.1667945087684509, vertical(srz24618678436, up)
neg, 0.1667945087684509, vertical(srz24618678436, down)
neg, 0.1667945087684509, vertical(srz2461867742, up)
neg, 0.1667945087684509, vertical(srz2461867742, down)
neg, 0.1667945087684509, vertical(srz24618676777, up)
neg, 0.1667945087684509, vertical(srz24618676777, noop)
neg, 0.16679450876845095, vertical(srz24618675090, up)
neg, 0.16679450876845095, vertical(srz24618675090, down)
neg, 0.16679450876845095, vertical(srz246186714599, down)
neg, 0.16679450876845095, vertical(srz246186714599, noop)
neg, 0.1667945087684509, vertical(srz24618672252, up)
neg, 0.1667945087684509, vertical(srz24618672252, down)
neg, 0.1667945087684509, vertical(srz246186710928, up)
neg, 0.1667945087684509, vertical(srz246186710928, down)
neg, 0.1667945087684509, vertical(srz246186711808, up)
neg, 0.1667945087684509, vertical(srz246186711808, down)
neg, 0.16679450876845098, vertical(srz24618679913, up)
neg, 0.16679450876845098, vertical(srz24618679913, noop)
neg, 0.1667945087684509, vertical(srz246186712479, up)
neg, 0.1667945087684509, vertical(srz246186712479, noop)
neg, 0.1667945087684509, vertical(srz24618672950, up)
neg, 0.1667945087684509, vertical(srz24618672950, down)
neg, 0.16679450876845095, vertical(srz24618675236, up)
neg, 0.16679450876845095, vertical(srz24618675236, down)
neg, 0.1667945087684509, vertical(srz246186711443, down)
neg, 0.1667945087684509, vertical(srz246186711443, noop)
neg, 0.1667945087684509, vertical(srz24618677112, down)
neg, 0.1667945087684509, vertical(srz24618677112, noop)
neg, 0.1667945087684509, vertical(srz2461867350, up)
neg, 0.1667945087684509, vertical(srz2461867350, noop)
neg, 0.16679450876845095, vertical(srz246186714821, up)
neg, 0.16679450876845095, vertical(srz246186714821, down)
neg, 0.1667945087684509, vertical(srz24618673241, up)
neg, 0.1667945087684509, vertical(srz24618673241, down)
neg, 0.1667945087684509, vertical(srz24618673459, down)
neg, 0.1667945087684509, vertical(srz24618673459, noop)
neg, 0.1667945087684509, vertical(srz24618676289, down)
neg, 0.1667945087684509, vertical(srz24618676289, noop)
neg, 0.16679450876845095, vertical(srz24618674733, up)
neg, 0.16679450876845095, vertical(srz24618674733, noop)
neg, 0.16679450876845095, vertical(srz24618679509, up)
neg, 0.16679450876845095, vertical(srz24618679509, down)
neg, 0.1667945087684509, vertical(srz24618678168, up)
neg, 0.1667945087684509, vertical(srz24618678168, noop)
neg, 0.1667945087684509, vertical(srz246186712592, up)
neg, 0.1667945087684509, vertical(srz246186712592, noop)
neg, 0.1667945087684509, vertical(srz24618675338, up)
neg, 0.1667945087684509, vertical(srz24618675338, down)
neg, 0.16679450876845095, vertical(srz24618676644, up)
neg, 0.16679450876845095, vertical(srz24618676644, down)
neg, 0.16679450876845095, vertical(srz24618677630, up)
neg, 0.16679450876845095, vertical(srz24618677630, down)
neg, 0.1667945087684509, vertical(srz24618679841, up)
neg, 0.1667945087684509, vertical(srz24618679841, down)
neg, 0.1667945087684509, vertical(srz246186715188, up)
neg, 0.1667945087684509, vertical(srz246186715188, noop)
neg, 0.16679450876845098, vertical(srz246186711709, up)
neg, 0.16679450876845098, vertical(srz246186711709, down)
neg, 0.1667945087684509, vertical(srz246186716636, up)
neg, 0.1667945087684509, vertical(srz246186716636, down)
neg, 0.1667945087684509, vertical(srz24618677005, up)
neg, 0.1667945087684509, vertical(srz24618677005, down)
neg, 0.16679450876845098, vertical(srz24618673483, up)
neg, 0.16679450876845098, vertical(srz24618673483, noop)
neg, 0.1667945087684509, vertical(srz24618673597, up)
neg, 0.1667945087684509, vertical(srz24618673597, down)
neg, 0.1667945087684509, vertical(srz246186711095, up)
neg, 0.1667945087684509, vertical(srz246186711095, down)
neg, 0.1667945087684509, vertical(srz24618678948, up)
neg, 0.1667945087684509, vertical(srz24618678948, down)
neg, 0.1667945087684509, vertical(srz246186713885, down)
neg, 0.1667945087684509, vertical(srz246186713885, noop)
neg, 0.16679450876845095, vertical(srz24618674409, up)
neg, 0.16679450876845095, vertical(srz24618674409, down)
neg, 0.1667945087684509, vertical(srz246186714135, down)
neg, 0.1667945087684509, vertical(srz246186714135, noop)
neg, 0.1667945087684509, vertical(srz24618671856, up)
neg, 0.1667945087684509, vertical(srz24618671856, down)
neg, 0.1667945087684509, vertical(srz24618678052, up)
neg, 0.1667945087684509, vertical(srz24618678052, down)
neg, 0.1667945087684509, vertical(srz246186713218, up)
neg, 0.1667945087684509, vertical(srz246186713218, down)
neg, 0.16679450876845095, vertical(srz2461867887, down)
neg, 0.16679450876845095, vertical(srz2461867887, noop)
neg, 0.1667945087684509, vertical(srz246186710738, up)
neg, 0.1667945087684509, vertical(srz246186710738, down)
neg, 0.1667945087684509, vertical(srz24618679477, up)
neg, 0.1667945087684509, vertical(srz24618679477, noop)
neg, 0.1667945087684509, vertical(srz24618674, up)
neg, 0.1667945087684509, vertical(srz24618674, down)
neg, 0.1667945087684509, vertical(srz2461867330, up)
neg, 0.1667945087684509, vertical(srz2461867330, noop)
neg, 0.1667945087684509, vertical(srz246186711500, up)
neg, 0.1667945087684509, vertical(srz246186711500, noop)
neg, 0.1667945087684509, vertical(srz246186713821, down)
neg, 0.1667945087684509, vertical(srz246186713821, noop)
neg, 0.1667945087684509, vertical(srz24618674266, up)
neg, 0.1667945087684509, vertical(srz24618674266, down)
neg, 0.1667945087684509, vertical(srz246186712519, down)
neg, 0.1667945087684509, vertical(srz246186712519, noop)
neg, 0.1667945087684509, vertical(srz246186713201, up)
neg, 0.1667945087684509, vertical(srz246186713201, down)
neg, 0.16679450876845095, vertical(srz246186715778, down)
neg, 0.16679450876845095, vertical(srz246186715778, noop)
neg, 0.16679450876845178, vertical(srz246186716313, up)
neg, 0.16679450876845178, vertical(srz246186716313, down)
neg, 0.1667945087684509, vertical(srz246186713144, up)
neg, 0.1667945087684509, vertical(srz246186713144, down)
neg, 0.16679450876845095, vertical(srz246186716281, up)
neg, 0.16679450876845095, vertical(srz246186716281, noop)
neg, 0.1667945087684509, vertical(srz24618678473, up)
neg, 0.1667945087684509, vertical(srz24618678473, noop)
neg, 0.1667945087684509, vertical(srz24618673702, down)
neg, 0.1667945087684509, vertical(srz24618673702, noop)
neg, 0.16679450876845095, vertical(srz246186714315, down)
neg, 0.16679450876845095, vertical(srz246186714315, noop)
neg, 0.1667945087684509, vertical(srz246186715003, up)
neg, 0.1667945087684509, vertical(srz246186715003, noop)
neg, 0.16679450876845095, vertical(srz246186714419, up)
neg, 0.16679450876845095, vertical(srz246186714419, noop)
neg, 0.1667945087684509, vertical(srz246186714854, up)
neg, 0.1667945087684509, vertical(srz246186714854, down)
neg, 0.1667945087684509, vertical(srz246186714897, up)
neg, 0.1667945087684509, vertical(srz246186714897, down)
neg, 0.1667945087684509, vertical(srz246186715710, up)
neg, 0.1667945087684509, vertical(srz246186715710, down)
neg, 0.1667945087684509, vertical(srz24618678463, up)
neg, 0.1667945087684509, vertical(srz24618678463, noop)
neg, 0.1667945087684509, vertical(srz24618675200, up)
neg, 0.1667945087684509, vertical(srz24618675200, noop)
neg, 0.16679450876845095, vertical(srz246186711857, up)
neg, 0.16679450876845095, vertical(srz246186711857, down)
neg, 0.16679450876845098, vertical(srz246186716519, up)
neg, 0.16679450876845098, vertical(srz246186716519, down)
neg, 0.16679450876845095, vertical(srz246186713036, down)
neg, 0.16679450876845095, vertical(srz246186713036, noop)
neg, 0.1667945087684509, vertical(srz24618673735, up)
neg, 0.1667945087684509, vertical(srz24618673735, noop)
neg, 0.1667945087684509, vertical(srz2461867100, up)
neg, 0.1667945087684509, vertical(srz2461867100, down)
neg, 0.1667945087684509, vertical(srz246186715075, up)
neg, 0.1667945087684509, vertical(srz246186715075, down)
neg, 0.1667945087684509, vertical(srz24618673946, up)
neg, 0.1667945087684509, vertical(srz24618673946, noop)
neg, 0.1667945087684509, vertical(srz246186713725, down)
neg, 0.1667945087684509, vertical(srz246186713725, noop)
neg, 0.1667945087684509, vertical(srz2461867489, down)
neg, 0.1667945087684509, vertical(srz2461867489, noop)
neg, 0.1667945087684509, vertical(srz24618673720, down)
neg, 0.1667945087684509, vertical(srz24618673720, noop)
neg, 0.1667945087684509, vertical(srz24618672194, up)
neg, 0.1667945087684509, vertical(srz24618672194, down)
neg, 0.1667945087684509, vertical(srz246186711424, up)
neg, 0.1667945087684509, vertical(srz246186711424, down)
neg, 0.1667945087684509, vertical(srz24618675147, up)
neg, 0.1667945087684509, vertical(srz24618675147, noop)
neg, 0.1667945087684509, vertical(srz24618679680, down)
neg, 0.1667945087684509, vertical(srz24618679680, noop)
neg, 0.1667945087684509, vertical(srz24618678755, up)
neg, 0.1667945087684509, vertical(srz24618678755, noop)
neg, 0.1667945087684509, vertical(srz24618676600, up)
neg, 0.1667945087684509, vertical(srz24618676600, noop)
neg, 0.1667945087684509, vertical(srz24618674914, up)
neg, 0.1667945087684509, vertical(srz24618674914, down)
neg, 0.1667945087684509, vertical(srz24618671427, up)
neg, 0.1667945087684509, vertical(srz24618671427, down)
neg, 0.16679450876845095, vertical(srz24618674087, down)
neg, 0.16679450876845095, vertical(srz24618674087, noop)
neg, 0.16679450876845098, vertical(srz246186716413, up)
neg, 0.16679450876845098, vertical(srz246186716413, down)
neg, 0.16679450876845098, vertical(srz246186716511, up)
neg, 0.16679450876845098, vertical(srz246186716511, down)
neg, 0.16679450876845095, vertical(srz246186711945, up)
neg, 0.16679450876845095, vertical(srz246186711945, down)
neg, 0.1667945087684509, vertical(srz24618676077, up)
neg, 0.1667945087684509, vertical(srz24618676077, noop)
neg, 0.1667945087684509, vertical(srz24618678331, down)
neg, 0.1667945087684509, vertical(srz24618678331, noop)
neg, 0.1667945087684509, vertical(srz246186713942, up)
neg, 0.1667945087684509, vertical(srz246186713942, down)
neg, 0.1667945087684509, vertical(srz246186712037, up)
neg, 0.1667945087684509, vertical(srz246186712037, down)
neg, 0.1667945087684509, vertical(srz24618672681, up)
neg, 0.1667945087684509, vertical(srz24618672681, down)
neg, 0.1667945087684509, vertical(srz24618678768, up)
neg, 0.1667945087684509, vertical(srz24618678768, down)
neg, 0.1667945087684509, vertical(srz24618677685, up)
neg, 0.1667945087684509, vertical(srz24618677685, down)
neg, 0.16679450876845095, vertical(srz246186710455, up)
neg, 0.16679450876845095, vertical(srz246186710455, down)
neg, 0.16679450876845095, vertical(srz24618673757, down)
neg, 0.16679450876845095, vertical(srz24618673757, noop)
neg, 0.1667945087684509, vertical(srz246186716792, down)
neg, 0.1667945087684509, vertical(srz246186716792, noop)
neg, 0.1667945087684509, vertical(srz24618673796, up)
neg, 0.1667945087684509, vertical(srz24618673796, down)
neg, 0.1667945087684509, vertical(srz246186716877, up)
neg, 0.1667945087684509, vertical(srz246186716877, down)
neg, 0.1667945087684509, vertical(srz24618679619, up)
neg, 0.1667945087684509, vertical(srz24618679619, down)
neg, 0.16679450876845095, vertical(srz246186710445, down)
neg, 0.16679450876845095, vertical(srz246186710445, noop)
neg, 0.1667945087684509, vertical(srz24618672203, up)
neg, 0.1667945087684509, vertical(srz24618672203, down)
neg, 0.1667945087684509, vertical(srz246186710368, down)
neg, 0.1667945087684509, vertical(srz246186710368, noop)
neg, 0.1667945087684509, vertical(srz24618678281, up)
neg, 0.1667945087684509, vertical(srz24618678281, down)
neg, 0.1667945087684509, vertical(srz246186711529, down)
neg, 0.1667945087684509, vertical(srz246186711529, noop)
neg, 0.1667945087684509, vertical(srz24618671133, up)
neg, 0.1667945087684509, vertical(srz24618671133, down)
neg, 0.1667945087684509, vertical(srz24618677069, up)
neg, 0.1667945087684509, vertical(srz24618677069, down)
neg, 0.1667945087684509, vertical(srz24618678839, down)
neg, 0.1667945087684509, vertical(srz24618678839, noop)
neg, 0.1667945087684509, vertical(srz24618678617, up)
neg, 0.1667945087684509, vertical(srz24618678617, down)
neg, 0.1667945087684509, vertical(srz24618675934, up)
neg, 0.1667945087684509, vertical(srz24618675934, down)
neg, 0.1667945087684509, vertical(srz24618678045, up)
neg, 0.1667945087684509, vertical(srz24618678045, down)
neg, 0.1667945087684509, vertical(srz246186714449, up)
neg, 0.1667945087684509, vertical(srz246186714449, noop)
neg, 0.16679450876845095, vertical(srz246186710087, up)
neg, 0.16679450876845095, vertical(srz246186710087, down)
neg, 0.1667945087684509, vertical(srz246186710652, up)
neg, 0.1667945087684509, vertical(srz246186710652, down)
neg, 0.16679450876845095, vertical(srz246186715755, up)
neg, 0.16679450876845095, vertical(srz246186715755, down)
neg, 0.1667945087684509, vertical(srz24618676001, up)
neg, 0.1667945087684509, vertical(srz24618676001, noop)
neg, 0.1667945087684509, vertical(srz246186715661, down)
neg, 0.1667945087684509, vertical(srz246186715661, noop)
neg, 0.16679450876845095, vertical(srz24618675099, up)
neg, 0.16679450876845095, vertical(srz24618675099, down)
neg, 0.1667945087684509, vertical(srz246186715456, up)
neg, 0.1667945087684509, vertical(srz246186715456, noop)
neg, 0.1667945087684509, vertical(srz246186715526, up)
neg, 0.1667945087684509, vertical(srz246186715526, down)
neg, 0.1667945087684509, vertical(srz246186714891, up)
neg, 0.1667945087684509, vertical(srz246186714891, down)
neg, 0.1667945087684509, vertical(srz2461867614, down)
neg, 0.1667945087684509, vertical(srz2461867614, noop)
neg, 0.1667945087684509, vertical(srz246186714743, up)
neg, 0.1667945087684509, vertical(srz246186714743, down)
neg, 0.1667945087684509, vertical(srz246186715702, up)
neg, 0.1667945087684509, vertical(srz246186715702, down)
neg, 0.16679450876845095, vertical(srz246186711942, up)
neg, 0.16679450876845095, vertical(srz246186711942, down)
neg, 0.1667945087684509, vertical(srz246186714959, up)
neg, 0.1667945087684509, vertical(srz246186714959, down)
neg, 0.1667945087684509, vertical(srz246186712020, up)
neg, 0.1667945087684509, vertical(srz246186712020, down)
neg, 0.16679450876845095, vertical(srz246186715382, up)
neg, 0.16679450876845095, vertical(srz246186715382, down)
neg, 0.1667945087684509, vertical(srz246186711490, up)
neg, 0.1667945087684509, vertical(srz246186711490, noop)
neg, 0.16679450876845095, vertical(srz24618677585, up)
neg, 0.16679450876845095, vertical(srz24618677585, noop)
neg, 0.1667945087684509, vertical(srz24618676498, down)
neg, 0.1667945087684509, vertical(srz24618676498, noop)
neg, 0.1667945087684509, vertical(srz246186710884, up)
neg, 0.1667945087684509, vertical(srz246186710884, noop)
neg, 0.1667945087684509, vertical(srz246186715015, up)
neg, 0.1667945087684509, vertical(srz246186715015, down)
neg, 0.1667945087684509, vertical(srz24618674965, down)
neg, 0.1667945087684509, vertical(srz24618674965, noop)
neg, 0.1667945087684509, vertical(srz246186710624, up)
neg, 0.1667945087684509, vertical(srz246186710624, down)
neg, 0.1667945087684509, vertical(srz24618676466, up)
neg, 0.1667945087684509, vertical(srz24618676466, down)
neg, 0.1667945087684509, vertical(srz24618679452, up)
neg, 0.1667945087684509, vertical(srz24618679452, down)
neg, 0.1667945087684509, vertical(srz2461867325, up)
neg, 0.1667945087684509, vertical(srz2461867325, noop)
neg, 0.16679450876845095, vertical(srz24618672662, up)
neg, 0.16679450876845095, vertical(srz24618672662, down)
neg, 0.1667945087684509, vertical(srz246186711213, up)
neg, 0.1667945087684509, vertical(srz246186711213, down)
neg, 0.1667945087684509, vertical(srz24618673659, down)
neg, 0.1667945087684509, vertical(srz24618673659, noop)
neg, 0.1667945087684509, vertical(srz24618675961, up)
neg, 0.1667945087684509, vertical(srz24618675961, down)
neg, 0.1667945087684509, vertical(srz246186711330, up)
neg, 0.1667945087684509, vertical(srz246186711330, down)
neg, 0.16679450876845098, vertical(srz24618674066, down)
neg, 0.16679450876845098, vertical(srz24618674066, noop)
neg, 0.16679450876845095, vertical(srz246186713074, up)
neg, 0.16679450876845095, vertical(srz246186713074, down)
neg, 0.16679450876845095, vertical(srz246186715926, down)
neg, 0.16679450876845095, vertical(srz246186715926, noop)
neg, 0.1667945087684509, vertical(srz24618676678, up)
neg, 0.1667945087684509, vertical(srz24618676678, down)
neg, 0.1667945087684509, vertical(srz246186712553, up)
neg, 0.1667945087684509, vertical(srz246186712553, down)
neg, 0.1667945087684509, vertical(srz24618671651, down)
neg, 0.1667945087684509, vertical(srz24618671651, noop)
neg, 0.1667945087684509, vertical(srz24618676969, up)
neg, 0.1667945087684509, vertical(srz24618676969, down)
neg, 0.1667945087684509, vertical(srz246186715625, up)
neg, 0.1667945087684509, vertical(srz246186715625, noop)
neg, 0.1667945087684509, vertical(srz24618671571, down)
neg, 0.1667945087684509, vertical(srz24618671571, noop)
neg, 0.1667945087684509, vertical(srz24618678057, up)
neg, 0.1667945087684509, vertical(srz24618678057, down)
neg, 0.1667945087684509, vertical(srz246186714177, up)
neg, 0.1667945087684509, vertical(srz246186714177, down)
neg, 0.1667945087684509, vertical(srz24618675480, up)
neg, 0.1667945087684509, vertical(srz24618675480, down)
neg, 0.1667945087684509, vertical(srz246186714783, up)
neg, 0.1667945087684509, vertical(srz246186714783, down)
neg, 0.16679450876845095, vertical(srz24618679089, down)
neg, 0.16679450876845095, vertical(srz24618679089, noop)
neg, 0.1667945087684509, vertical(srz246186713431, up)
neg, 0.1667945087684509, vertical(srz246186713431, noop)
neg, 0.16679450876845178, vertical(srz246186716330, up)
neg, 0.16679450876845178, vertical(srz246186716330, down)
neg, 0.1667945087684509, vertical(srz24618672849, up)
neg, 0.1667945087684509, vertical(srz24618672849, down)
neg, 0.16679450876845095, vertical(srz246186716576, up)
neg, 0.16679450876845095, vertical(srz246186716576, down)
neg, 0.1667945087684509, vertical(srz24618675063, up)
neg, 0.1667945087684509, vertical(srz24618675063, down)
neg, 0.1667945087684509, vertical(srz2461867256, up)
neg, 0.1667945087684509, vertical(srz2461867256, down)
neg, 0.1667945087684509, vertical(srz24618671104, up)
neg, 0.1667945087684509, vertical(srz24618671104, down)
neg, 0.1667945087684509, vertical(srz2461867740, up)
neg, 0.1667945087684509, vertical(srz2461867740, down)
neg, 0.16679450876845095, vertical(srz24618672632, up)
neg, 0.16679450876845095, vertical(srz24618672632, down)
neg, 0.1667945087684509, vertical(srz246186714586, down)
neg, 0.1667945087684509, vertical(srz246186714586, noop)
neg, 0.16679450876845095, vertical(srz24618679053, up)
neg, 0.16679450876845095, vertical(srz24618679053, down)
neg, 0.1667945087684509, vertical(srz246186714766, up)
neg, 0.1667945087684509, vertical(srz246186714766, down)
neg, 0.1667945087684509, vertical(srz246186712750, up)
neg, 0.1667945087684509, vertical(srz246186712750, noop)
neg, 0.1667945087684509, vertical(srz24618673667, down)
neg, 0.1667945087684509, vertical(srz24618673667, noop)
neg, 0.16679450876845095, vertical(srz24618675102, up)
neg, 0.16679450876845095, vertical(srz24618675102, down)
neg, 0.1667945087684509, vertical(srz24618679300, up)
neg, 0.1667945087684509, vertical(srz24618679300, down)
neg, 0.16679450876845095, vertical(srz246186711533, down)
neg, 0.16679450876845095, vertical(srz246186711533, noop)
neg, 0.1667945087684509, vertical(srz24618673099, up)
neg, 0.1667945087684509, vertical(srz24618673099, down)
neg, 0.1667945087684509, vertical(srz24618674938, down)
neg, 0.1667945087684509, vertical(srz24618674938, noop)
neg, 0.16679450876845098, vertical(srz246186716445, up)
neg, 0.16679450876845098, vertical(srz246186716445, down)
neg, 0.1667945087684509, vertical(srz246186720, up)
neg, 0.1667945087684509, vertical(srz246186720, down)
neg, 0.1667945087684509, vertical(srz24618672840, up)
neg, 0.1667945087684509, vertical(srz24618672840, down)
neg, 0.1667945087684509, vertical(srz24618676615, down)
neg, 0.1667945087684509, vertical(srz24618676615, noop)
neg, 0.1667945087684509, vertical(srz246186712731, down)
neg, 0.1667945087684509, vertical(srz246186712731, noop)
neg, 0.1667945087684509, vertical(srz246186711410, up)
neg, 0.1667945087684509, vertical(srz246186711410, down)
neg, 0.1667945087684509, vertical(srz24618672237, up)
neg, 0.1667945087684509, vertical(srz24618672237, down)
neg, 0.1667945087684509, vertical(srz246186716141, up)
neg, 0.1667945087684509, vertical(srz246186716141, down)
neg, 0.1667945087684509, vertical(srz246186715183, up)
neg, 0.1667945087684509, vertical(srz246186715183, noop)
neg, 0.1667945087684509, vertical(srz246186710129, up)
neg, 0.1667945087684509, vertical(srz246186710129, down)
neg, 0.1667945087684509, vertical(srz24618675999, up)
neg, 0.1667945087684509, vertical(srz24618675999, noop)
neg, 0.1667945087684509, vertical(srz24618675783, up)
neg, 0.1667945087684509, vertical(srz24618675783, down)
neg, 0.1667945087684509, vertical(srz246186710251, up)
neg, 0.1667945087684509, vertical(srz246186710251, down)
neg, 0.16679450876845095, vertical(srz24618679503, up)
neg, 0.16679450876845095, vertical(srz24618679503, down)
neg, 0.1667945087684509, vertical(srz2461867361, up)
neg, 0.1667945087684509, vertical(srz2461867361, noop)
neg, 0.1667945087684509, vertical(srz24618672746, up)
neg, 0.1667945087684509, vertical(srz24618672746, down)
neg, 0.1667945087684509, vertical(srz246186710772, up)
neg, 0.1667945087684509, vertical(srz246186710772, down)
neg, 0.1667945087684509, vertical(srz246186713428, up)
neg, 0.1667945087684509, vertical(srz246186713428, down)
neg, 0.1667945087684509, vertical(srz246186713158, up)
neg, 0.1667945087684509, vertical(srz246186713158, down)
neg, 0.1667945087684509, vertical(srz24618677859, up)
neg, 0.1667945087684509, vertical(srz24618677859, noop)
neg, 0.1667945087684509, vertical(srz246186710931, down)
neg, 0.1667945087684509, vertical(srz246186710931, noop)
neg, 0.1667945087684509, vertical(srz24618673806, up)
neg, 0.1667945087684509, vertical(srz24618673806, down)
neg, 0.1667945087684509, vertical(srz246186710170, up)
neg, 0.1667945087684509, vertical(srz246186710170, down)
neg, 0.1667945087684509, vertical(srz246186715085, up)
neg, 0.1667945087684509, vertical(srz246186715085, down)
neg, 0.1667945087684509, vertical(srz246186713338, up)
neg, 0.1667945087684509, vertical(srz246186713338, down)
neg, 0.1667945087684509, vertical(srz24618673059, up)
neg, 0.1667945087684509, vertical(srz24618673059, down)
neg, 0.1667945087684509, vertical(srz2461867454, up)
neg, 0.1667945087684509, vertical(srz2461867454, down)
neg, 0.1667945087684509, vertical(srz246186713722, up)
neg, 0.1667945087684509, vertical(srz246186713722, down)
neg, 0.1667945087684509, vertical(srz24618675935, up)
neg, 0.1667945087684509, vertical(srz24618675935, down)
neg, 0.16679450876845095, vertical(srz246186716262, up)
neg, 0.16679450876845095, vertical(srz246186716262, down)
neg, 0.1667945087684509, vertical(srz24618675235, up)
neg, 0.1667945087684509, vertical(srz24618675235, down)
neg, 0.1667945087684509, vertical(srz24618676473, up)
neg, 0.1667945087684509, vertical(srz24618676473, down)
neg, 0.1667945087684509, vertical(srz246186712716, up)
neg, 0.1667945087684509, vertical(srz246186712716, down)
neg, 0.1667945087684509, vertical(srz246186714211, up)
neg, 0.1667945087684509, vertical(srz246186714211, down)
neg, 0.16679450876845095, vertical(srz24618677233, up)
neg, 0.16679450876845095, vertical(srz24618677233, down)
neg, 0.16679450876845098, vertical(srz24618674125, up)
neg, 0.16679450876845098, vertical(srz24618674125, down)
neg, 0.1667945087684509, vertical(srz246186713134, up)
neg, 0.1667945087684509, vertical(srz246186713134, down)
neg, 0.1667945087684509, vertical(srz246186710362, down)
neg, 0.1667945087684509, vertical(srz246186710362, noop)
neg, 0.1667945087684509, vertical(srz24618673972, up)
neg, 0.1667945087684509, vertical(srz24618673972, down)
neg, 0.1667945087684509, vertical(srz24618672979, up)
neg, 0.1667945087684509, vertical(srz24618672979, down)
neg, 0.1667945087684509, vertical(srz24618671728, up)
neg, 0.1667945087684509, vertical(srz24618671728, noop)
neg, 0.1667945087684509, vertical(srz246186751, up)
neg, 0.1667945087684509, vertical(srz246186751, down)
neg, 0.1667945087684509, vertical(srz2461867102, up)
neg, 0.1667945087684509, vertical(srz2461867102, down)
neg, 0.1667945087684509, vertical(srz24618675565, up)
neg, 0.1667945087684509, vertical(srz24618675565, down)
neg, 0.1667945087684509, vertical(srz24618678981, up)
neg, 0.1667945087684509, vertical(srz24618678981, noop)
neg, 0.1667945087684509, vertical(srz24618674616, down)
neg, 0.1667945087684509, vertical(srz24618674616, noop)
neg, 0.1667945087684509, vertical(srz246186715333, up)
neg, 0.1667945087684509, vertical(srz246186715333, down)
neg, 0.1667945087684509, vertical(srz2461867743, up)
neg, 0.1667945087684509, vertical(srz2461867743, down)
neg, 0.16679450876845095, vertical(srz24618672609, down)
neg, 0.16679450876845095, vertical(srz24618672609, noop)
neg, 0.1667945087684509, vertical(srz24618678739, up)
neg, 0.1667945087684509, vertical(srz24618678739, down)
neg, 0.1667945087684509, vertical(srz246186710948, down)
neg, 0.1667945087684509, vertical(srz246186710948, noop)
neg, 0.1667945087684509, vertical(srz246186715913, down)
neg, 0.1667945087684509, vertical(srz246186715913, noop)
neg, 0.1667945087684509, vertical(srz246186716070, up)
neg, 0.1667945087684509, vertical(srz246186716070, down)
neg, 0.1667945087684509, vertical(srz24618673898, down)
neg, 0.1667945087684509, vertical(srz24618673898, noop)
neg, 0.1667945087684509, vertical(srz24618674993, up)
neg, 0.1667945087684509, vertical(srz24618674993, down)
neg, 0.1667945087684509, vertical(srz24618673363, down)
neg, 0.1667945087684509, vertical(srz24618673363, noop)
neg, 0.1667945087684509, vertical(srz24618674863, up)
neg, 0.1667945087684509, vertical(srz24618674863, noop)
neg, 0.1667945087684509, vertical(srz246186715069, up)
neg, 0.1667945087684509, vertical(srz246186715069, down)
neg, 0.1667945087684509, vertical(srz24618676854, up)
neg, 0.1667945087684509, vertical(srz24618676854, down)
neg, 0.1667945087684509, vertical(srz246186712355, up)
neg, 0.1667945087684509, vertical(srz246186712355, down)
neg, 0.1667945087684509, vertical(srz246186716182, up)
neg, 0.1667945087684509, vertical(srz246186716182, down)
neg, 0.16679450876845095, vertical(srz24618676652, up)
neg, 0.16679450876845095, vertical(srz24618676652, down)
neg, 0.1667945087684509, vertical(srz24618679731, up)
neg, 0.1667945087684509, vertical(srz24618679731, down)
neg, 0.1667945087684509, vertical(srz24618676825, up)
neg, 0.1667945087684509, vertical(srz24618676825, noop)
neg, 0.1667945087684509, vertical(srz2461867715, up)
neg, 0.1667945087684509, vertical(srz2461867715, noop)
neg, 0.1667945087684509, vertical(srz24618679332, up)
neg, 0.1667945087684509, vertical(srz24618679332, down)
neg, 0.1667945087684509, vertical(srz246186713905, up)
neg, 0.1667945087684509, vertical(srz246186713905, noop)
neg, 0.1667945087684509, vertical(srz246186710358, down)
neg, 0.1667945087684509, vertical(srz246186710358, noop)
neg, 0.1667945087684509, vertical(srz246186716720, up)
neg, 0.1667945087684509, vertical(srz246186716720, down)
neg, 0.16679450876845095, vertical(srz246186710435, down)
neg, 0.16679450876845095, vertical(srz246186710435, noop)
neg, 0.1667945087684509, vertical(srz246186710357, down)
neg, 0.1667945087684509, vertical(srz246186710357, noop)
neg, 0.16679450876845095, vertical(srz246186710550, up)
neg, 0.16679450876845095, vertical(srz246186710550, down)
neg, 0.1667945087684509, vertical(srz24618675473, down)
neg, 0.1667945087684509, vertical(srz24618675473, noop)
neg, 0.1667945087684509, vertical(srz246186714226, up)
neg, 0.1667945087684509, vertical(srz246186714226, noop)
neg, 0.1667945087684509, vertical(srz24618671099, up)
neg, 0.1667945087684509, vertical(srz24618671099, down)
neg, 0.1667945087684509, vertical(srz24618671706, up)
neg, 0.1667945087684509, vertical(srz24618671706, noop)
neg, 0.1667945087684509, vertical(srz24618675918, up)
neg, 0.1667945087684509, vertical(srz24618675918, down)
neg, 0.1667945087684509, vertical(srz246186714926, up)
neg, 0.1667945087684509, vertical(srz246186714926, down)
neg, 0.1667945087684509, vertical(srz246186716146, up)
neg, 0.1667945087684509, vertical(srz246186716146, down)
neg, 0.16679450876845098, vertical(srz24618675606, up)
neg, 0.16679450876845098, vertical(srz24618675606, down)
neg, 0.1667945087684509, vertical(srz246186710617, up)
neg, 0.1667945087684509, vertical(srz246186710617, down)
neg, 0.1667945087684509, vertical(srz246186710852, up)
neg, 0.1667945087684509, vertical(srz246186710852, noop)
neg, 0.1667945087684509, vertical(srz24618677105, down)
neg, 0.1667945087684509, vertical(srz24618677105, noop)
neg, 0.1667945087684509, vertical(srz246186713590, up)
neg, 0.1667945087684509, vertical(srz246186713590, noop)
neg, 0.1667945087684509, vertical(srz24618671817, up)
neg, 0.1667945087684509, vertical(srz24618671817, down)
neg, 0.1667945087684509, vertical(srz24618674813, up)
neg, 0.1667945087684509, vertical(srz24618674813, noop)
neg, 0.1667945087684509, vertical(srz24618678013, up)
neg, 0.1667945087684509, vertical(srz24618678013, down)
neg, 0.1667945087684509, vertical(srz246186715084, up)
neg, 0.1667945087684509, vertical(srz246186715084, down)
neg, 0.1667945087684509, vertical(srz246186716677, up)
neg, 0.1667945087684509, vertical(srz246186716677, down)
neg, 0.1667945087684509, vertical(srz24618673410, up)
neg, 0.1667945087684509, vertical(srz24618673410, noop)
neg, 0.1667945087684509, vertical(srz24618675940, up)
neg, 0.1667945087684509, vertical(srz24618675940, down)
neg, 0.1667945087684509, vertical(srz246186710897, up)
neg, 0.1667945087684509, vertical(srz246186710897, noop)
neg, 0.16679450876845095, vertical(srz24618675086, up)
neg, 0.16679450876845095, vertical(srz24618675086, down)
neg, 0.16679450876845095, vertical(srz24618675171, up)
neg, 0.16679450876845095, vertical(srz24618675171, down)
neg, 0.1667945087684509, vertical(srz24618671712, up)
neg, 0.1667945087684509, vertical(srz24618671712, noop)
neg, 0.1667945087684509, vertical(srz24618671723, up)
neg, 0.1667945087684509, vertical(srz24618671723, noop)
neg, 0.16679450876845095, vertical(srz24618672595, up)
neg, 0.16679450876845095, vertical(srz24618672595, down)
neg, 0.16679450876845178, vertical(srz246186717157, up)
neg, 0.16679450876845178, vertical(srz246186717157, down)
neg, 0.1667945087684509, vertical(srz24618675419, up)
neg, 0.1667945087684509, vertical(srz24618675419, down)
neg, 0.1667945087684509, vertical(srz24618673535, up)
neg, 0.1667945087684509, vertical(srz24618673535, noop)
neg, 0.1667945087684509, vertical(srz24618675562, up)
neg, 0.1667945087684509, vertical(srz24618675562, down)
neg, 0.1667945087684509, vertical(srz246186712101, up)
neg, 0.1667945087684509, vertical(srz246186712101, down)
neg, 0.1667945087684509, vertical(srz24618675948, up)
neg, 0.1667945087684509, vertical(srz24618675948, down)
neg, 0.1667945087684509, vertical(srz24618676236, up)
neg, 0.1667945087684509, vertical(srz24618676236, noop)
neg, 0.1667945087684509, vertical(srz246186712597, up)
neg, 0.1667945087684509, vertical(srz246186712597, noop)
neg, 0.1667945087684509, vertical(srz246186714442, up)
neg, 0.1667945087684509, vertical(srz246186714442, noop)
neg, 0.16679450876845145, vertical(srz24618677290, down)
neg, 0.16679450876845145, vertical(srz24618677290, noop)
neg, 0.16679450876845095, vertical(srz2461867990, up)
neg, 0.16679450876845095, vertical(srz2461867990, down)
neg, 0.1667945087684509, vertical(srz24618672838, up)
neg, 0.1667945087684509, vertical(srz24618672838, down)
neg, 0.16679450876845098, vertical(srz246186714518, down)
neg, 0.16679450876845098, vertical(srz246186714518, noop)
neg, 0.1667945087684509, vertical(srz24618676446, up)
neg, 0.1667945087684509, vertical(srz24618676446, down)
neg, 0.1667945087684509, vertical(srz246186711035, up)
neg, 0.1667945087684509, vertical(srz246186711035, down)
neg, 0.1667945087684509, vertical(srz246186715167, up)
neg, 0.1667945087684509, vertical(srz246186715167, down)
neg, 0.16679450876845098, vertical(srz24618672403, down)
neg, 0.16679450876845098, vertical(srz24618672403, noop)
neg, 0.1667945087684509, vertical(srz24618672833, up)
neg, 0.1667945087684509, vertical(srz24618672833, down)
neg, 0.1667945087684509, vertical(srz24618675527, up)
neg, 0.1667945087684509, vertical(srz24618675527, noop)
neg, 0.16679450876845095, vertical(srz24618672607, up)
neg, 0.16679450876845095, vertical(srz24618672607, down)
neg, 0.1667945087684509, vertical(srz24618678861, up)
neg, 0.1667945087684509, vertical(srz24618678861, down)
neg, 0.1667945087684509, vertical(srz24618675903, up)
neg, 0.1667945087684509, vertical(srz24618675903, down)
neg, 0.16679450876845095, vertical(srz24618674744, up)
neg, 0.16679450876845095, vertical(srz24618674744, noop)
neg, 0.1667945087684509, vertical(srz24618672204, up)
neg, 0.1667945087684509, vertical(srz24618672204, down)
neg, 0.16679450876845095, vertical(srz246186710544, up)
neg, 0.16679450876845095, vertical(srz246186710544, down)
neg, 0.1667945087684509, vertical(srz246186711497, up)
neg, 0.1667945087684509, vertical(srz246186711497, noop)
neg, 0.1667945087684509, vertical(srz246186710345, down)
neg, 0.1667945087684509, vertical(srz246186710345, noop)
neg, 0.1667945087684509, vertical(srz24618673077, down)
neg, 0.1667945087684509, vertical(srz24618673077, noop)
neg, 0.1667945087684509, vertical(srz246186714101, up)
neg, 0.1667945087684509, vertical(srz246186714101, noop)
neg, 0.16679450876845098, vertical(srz246186716522, up)
neg, 0.16679450876845098, vertical(srz246186716522, down)
neg, 0.1667945087684509, vertical(srz24618673089, up)
neg, 0.1667945087684509, vertical(srz24618673089, noop)
neg, 0.16679450876845095, vertical(srz24618672603, up)
neg, 0.16679450876845095, vertical(srz24618672603, down)
neg, 0.1667945087684509, vertical(srz24618671880, up)
neg, 0.1667945087684509, vertical(srz24618671880, down)
neg, 0.1667945087684509, vertical(srz24618676573, up)
neg, 0.1667945087684509, vertical(srz24618676573, noop)
neg, 0.1667945087684509, vertical(srz246186713732, down)
neg, 0.1667945087684509, vertical(srz246186713732, noop)
neg, 0.1667945087684509, vertical(srz24618673303, up)
neg, 0.1667945087684509, vertical(srz24618673303, noop)
neg, 0.1667945087684509, vertical(srz24618677156, up)
neg, 0.1667945087684509, vertical(srz24618677156, down)
neg, 0.1667945087684509, vertical(srz24618673046, up)
neg, 0.1667945087684509, vertical(srz24618673046, down)
neg, 0.16679450876845098, vertical(srz246186711741, up)
neg, 0.16679450876845098, vertical(srz246186711741, down)
neg, 0.16679450876845095, vertical(srz24618675092, up)
neg, 0.16679450876845095, vertical(srz24618675092, down)
neg, 0.16679450876845098, vertical(srz246186717198, up)
neg, 0.16679450876845098, vertical(srz246186717198, down)
neg, 0.1667945087684509, vertical(srz24618672872, up)
neg, 0.1667945087684509, vertical(srz24618672872, down)
neg, 0.1667945087684509, vertical(srz24618674462, up)
neg, 0.1667945087684509, vertical(srz24618674462, noop)
neg, 0.1667945087684509, vertical(srz24618674580, down)
neg, 0.1667945087684509, vertical(srz24618674580, noop)
neg, 0.1667945087684509, vertical(srz24618677473, up)
neg, 0.1667945087684509, vertical(srz24618677473, down)
neg, 0.1667945087684509, vertical(srz24618676290, down)
neg, 0.1667945087684509, vertical(srz24618676290, noop)
neg, 0.1667945087684509, vertical(srz24618673626, up)
neg, 0.1667945087684509, vertical(srz24618673626, down)
neg, 0.1667945087684509, vertical(srz246186715014, up)
neg, 0.1667945087684509, vertical(srz246186715014, down)
neg, 0.1667945087684509, vertical(srz24618674429, up)
neg, 0.1667945087684509, vertical(srz24618674429, noop)
neg, 0.16679450876845095, vertical(srz24618678558, up)
neg, 0.16679450876845095, vertical(srz24618678558, down)
neg, 0.1667945087684509, vertical(srz246186715899, down)
neg, 0.1667945087684509, vertical(srz246186715899, noop)
neg, 0.1667945087684509, vertical(srz2461867198, up)
neg, 0.1667945087684509, vertical(srz2461867198, down)
neg, 0.1667945087684509, vertical(srz246186714713, up)
neg, 0.1667945087684509, vertical(srz246186714713, down)
neg, 0.1667945087684509, vertical(srz24618673551, up)
neg, 0.1667945087684509, vertical(srz24618673551, noop)
neg, 0.1667945087684509, vertical(srz246186713517, up)
neg, 0.1667945087684509, vertical(srz246186713517, down)
neg, 0.1667945087684509, vertical(srz246186711184, up)
neg, 0.1667945087684509, vertical(srz246186711184, down)
neg, 0.16679450876845178, vertical(srz246186716396, up)
neg, 0.16679450876845178, vertical(srz246186716396, down)
neg, 0.1667945087684509, vertical(srz246186715633, up)
neg, 0.1667945087684509, vertical(srz246186715633, down)
neg, 0.1667945087684509, vertical(srz24618678422, up)
neg, 0.1667945087684509, vertical(srz24618678422, noop)
neg, 0.16679450876845098, vertical(srz24618672383, up)
neg, 0.16679450876845098, vertical(srz24618672383, down)
neg, 0.16679450876845095, vertical(srz246186710508, up)
neg, 0.16679450876845095, vertical(srz246186710508, down)
neg, 0.1667945087684509, vertical(srz24618675529, up)
neg, 0.1667945087684509, vertical(srz24618675529, noop)
neg, 0.1667945087684509, vertical(srz246186714392, up)
neg, 0.1667945087684509, vertical(srz246186714392, down)
neg, 0.16679450876845095, vertical(srz246186714549, up)
neg, 0.16679450876845095, vertical(srz246186714549, down)
neg, 0.1667945087684509, vertical(srz24618677529, up)
neg, 0.1667945087684509, vertical(srz24618677529, down)
neg, 0.1667945087684509, vertical(srz246186711360, up)
neg, 0.1667945087684509, vertical(srz246186711360, noop)
neg, 0.1667945087684509, vertical(srz24618671823, up)
neg, 0.1667945087684509, vertical(srz24618671823, down)
neg, 0.1667945087684509, vertical(srz24618677121, up)
neg, 0.1667945087684509, vertical(srz24618677121, down)
neg, 0.1667945087684509, vertical(srz246186710834, up)
neg, 0.1667945087684509, vertical(srz246186710834, down)
neg, 0.1667945087684509, vertical(srz24618671597, down)
neg, 0.1667945087684509, vertical(srz24618671597, noop)
neg, 0.16679450876845095, vertical(srz246186717176, up)
neg, 0.16679450876845095, vertical(srz246186717176, down)
neg, 0.1667945087684509, vertical(srz246186711755, up)
neg, 0.1667945087684509, vertical(srz246186711755, down)
neg, 0.1667945087684509, vertical(srz24618678521, up)
neg, 0.1667945087684509, vertical(srz24618678521, down)
neg, 0.1667945087684509, vertical(srz2461867294, up)
neg, 0.1667945087684509, vertical(srz2461867294, down)
neg, 0.1667945087684509, vertical(srz246186712175, up)
neg, 0.1667945087684509, vertical(srz246186712175, noop)
neg, 0.16679450876845095, vertical(srz246186716258, up)
neg, 0.16679450876845095, vertical(srz246186716258, down)
neg, 0.1667945087684509, vertical(srz246186713406, up)
neg, 0.1667945087684509, vertical(srz246186713406, noop)
neg, 0.1667945087684509, vertical(srz24618673041, up)
neg, 0.1667945087684509, vertical(srz24618673041, down)
neg, 0.1667945087684509, vertical(srz24618677978, up)
neg, 0.1667945087684509, vertical(srz24618677978, down)
neg, 0.1667945087684509, vertical(srz24618673067, up)
neg, 0.1667945087684509, vertical(srz24618673067, down)
neg, 0.16679450876845095, vertical(srz246186715302, down)
neg, 0.16679450876845095, vertical(srz246186715302, noop)
neg, 0.1667945087684509, vertical(srz24618678298, down)
neg, 0.1667945087684509, vertical(srz24618678298, noop)
neg, 0.1667945087684509, vertical(srz24618675422, up)
neg, 0.1667945087684509, vertical(srz24618675422, down)
neg, 0.1667945087684509, vertical(srz24618672793, up)
neg, 0.1667945087684509, vertical(srz24618672793, down)
neg, 0.16679450876845095, vertical(srz2461867850, up)
neg, 0.16679450876845095, vertical(srz2461867850, noop)
neg, 0.1667945087684509, vertical(srz2461867804, up)
neg, 0.1667945087684509, vertical(srz2461867804, down)
neg, 0.1667945087684509, vertical(srz24618672235, up)
neg, 0.1667945087684509, vertical(srz24618672235, down)
neg, 0.1667945087684509, vertical(srz24618674180, up)
neg, 0.1667945087684509, vertical(srz24618674180, down)
neg, 0.1667945087684509, vertical(srz24618672490, down)
neg, 0.1667945087684509, vertical(srz24618672490, noop)
neg, 0.1667945087684509, vertical(srz246186715814, up)
neg, 0.1667945087684509, vertical(srz246186715814, noop)
neg, 0.1667945087684509, vertical(srz246186714107, up)
neg, 0.1667945087684509, vertical(srz246186714107, noop)
neg, 0.1667945087684509, vertical(srz24618671318, up)
neg, 0.1667945087684509, vertical(srz24618671318, down)
neg, 0.1667945087684509, vertical(srz24618675421, up)
neg, 0.1667945087684509, vertical(srz24618675421, down)
neg, 0.16679450876845095, vertical(srz24618679103, down)
neg, 0.16679450876845095, vertical(srz24618679103, noop)
neg, 0.1667945087684509, vertical(srz24618673987, up)
neg, 0.1667945087684509, vertical(srz24618673987, down)
neg, 0.1667945087684509, vertical(srz246186714015, up)
neg, 0.1667945087684509, vertical(srz246186714015, down)
neg, 0.1667945087684509, vertical(srz246186712789, up)
neg, 0.1667945087684509, vertical(srz246186712789, down)
neg, 0.16679450876845095, vertical(srz246186713383, up)
neg, 0.16679450876845095, vertical(srz246186713383, down)
neg, 0.1667945087684509, vertical(srz246186710603, up)
neg, 0.1667945087684509, vertical(srz246186710603, down)
neg, 0.16679450876845098, vertical(srz246186716431, up)
neg, 0.16679450876845098, vertical(srz246186716431, down)
neg, 0.1667945087684509, vertical(srz24618671046, up)
neg, 0.1667945087684509, vertical(srz24618671046, down)
neg, 0.1667945087684509, vertical(srz24618678173, up)
neg, 0.1667945087684509, vertical(srz24618678173, noop)
neg, 0.1667945087684509, vertical(srz24618673595, up)
neg, 0.1667945087684509, vertical(srz24618673595, down)
neg, 0.1667945087684509, vertical(srz24618678583, up)
neg, 0.1667945087684509, vertical(srz24618678583, down)
neg, 0.1667945087684509, vertical(srz24618672145, up)
neg, 0.1667945087684509, vertical(srz24618672145, down)
neg, 0.1667945087684509, vertical(srz246186714222, up)
neg, 0.1667945087684509, vertical(srz246186714222, noop)
neg, 0.16679450876845095, vertical(srz246186716274, up)
neg, 0.16679450876845095, vertical(srz246186716274, down)
neg, 0.16679450876845178, vertical(srz246186716336, up)
neg, 0.16679450876845178, vertical(srz246186716336, down)
neg, 0.16679450876845098, vertical(srz24618674096, up)
neg, 0.16679450876845098, vertical(srz24618674096, down)
neg, 0.1667945087684509, vertical(srz24618676155, up)
neg, 0.1667945087684509, vertical(srz24618676155, down)
neg, 0.1667945087684509, vertical(srz24618673269, down)
neg, 0.1667945087684509, vertical(srz24618673269, noop)
neg, 0.1667945087684509, vertical(srz24618674248, up)
neg, 0.1667945087684509, vertical(srz24618674248, down)
neg, 0.1667945087684509, vertical(srz2461867727, up)
neg, 0.1667945087684509, vertical(srz2461867727, noop)
neg, 0.1667945087684509, vertical(srz246186711287, down)
neg, 0.1667945087684509, vertical(srz246186711287, noop)
neg, 0.1667945087684509, vertical(srz246186710929, down)
neg, 0.1667945087684509, vertical(srz246186710929, noop)
neg, 0.1667945087684509, vertical(srz2461867572, down)
neg, 0.1667945087684509, vertical(srz2461867572, noop)
neg, 0.1667945087684509, vertical(srz24618678122, up)
neg, 0.1667945087684509, vertical(srz24618678122, noop)
neg, 0.1667945087684509, vertical(srz24618678337, up)
neg, 0.1667945087684509, vertical(srz24618678337, down)
neg, 0.1667945087684509, vertical(srz24618674941, up)
neg, 0.1667945087684509, vertical(srz24618674941, down)
neg, 0.1667945087684509, vertical(srz24618672717, up)
neg, 0.1667945087684509, vertical(srz24618672717, down)
neg, 0.1667945087684509, vertical(srz24618675542, up)
neg, 0.1667945087684509, vertical(srz24618675542, noop)
neg, 0.1667945087684509, vertical(srz246186713401, up)
neg, 0.1667945087684509, vertical(srz246186713401, noop)
neg, 0.1667945087684509, vertical(srz246186712494, up)
neg, 0.1667945087684509, vertical(srz246186712494, down)
neg, 0.1667945087684509, vertical(srz246186713002, up)
neg, 0.1667945087684509, vertical(srz246186713002, down)
neg, 0.16679450876845095, vertical(srz24618675760, up)
neg, 0.16679450876845095, vertical(srz24618675760, down)
neg, 0.16679450876845095, vertical(srz246186716577, up)
neg, 0.16679450876845095, vertical(srz246186716577, down)
neg, 0.1667945087684509, vertical(srz24618674435, up)
neg, 0.1667945087684509, vertical(srz24618674435, noop)
neg, 0.16679450876845095, vertical(srz246186713069, up)
neg, 0.16679450876845095, vertical(srz246186713069, down)
neg, 0.1667945087684509, vertical(srz246186712765, up)
neg, 0.1667945087684509, vertical(srz246186712765, noop)
neg, 0.1667945087684509, vertical(srz246186714500, up)
neg, 0.1667945087684509, vertical(srz246186714500, noop)
neg, 0.1667945087684509, vertical(srz24618675136, up)
neg, 0.1667945087684509, vertical(srz24618675136, down)
neg, 0.1667945087684509, vertical(srz246186713997, down)
neg, 0.1667945087684509, vertical(srz246186713997, noop)
neg, 0.1667945087684509, vertical(srz246186715235, up)
neg, 0.1667945087684509, vertical(srz246186715235, noop)
neg, 0.16679450876845095, vertical(srz246186710397, up)
neg, 0.16679450876845095, vertical(srz246186710397, down)
neg, 0.16679450876845095, vertical(srz246186715543, down)
neg, 0.16679450876845095, vertical(srz246186715543, noop)
neg, 0.1667945087684509, vertical(srz24618673639, up)
neg, 0.1667945087684509, vertical(srz24618673639, down)
neg, 0.1667945087684509, vertical(srz24618676810, up)
neg, 0.1667945087684509, vertical(srz24618676810, noop)
neg, 0.16679450876845095, vertical(srz24618675297, down)
neg, 0.16679450876845095, vertical(srz24618675297, noop)
neg, 0.1667945087684509, vertical(srz24618676965, up)
neg, 0.1667945087684509, vertical(srz24618676965, down)
neg, 0.1667945087684509, vertical(srz24618672160, up)
neg, 0.1667945087684509, vertical(srz24618672160, down)
neg, 0.16679450876845095, vertical(srz2461867987, up)
neg, 0.16679450876845095, vertical(srz2461867987, down)
neg, 0.1667945087684509, vertical(srz246186711347, up)
neg, 0.1667945087684509, vertical(srz246186711347, down)
neg, 0.1667945087684509, vertical(srz24618676380, up)
neg, 0.1667945087684509, vertical(srz24618676380, down)
neg, 0.1667945087684509, vertical(srz246186713723, up)
neg, 0.1667945087684509, vertical(srz246186713723, down)
neg, 0.1667945087684509, vertical(srz24618674664, up)
neg, 0.1667945087684509, vertical(srz24618674664, down)
neg, 0.1667945087684509, vertical(srz24618672303, down)
neg, 0.1667945087684509, vertical(srz24618672303, noop)
neg, 0.16679450876845095, vertical(srz246186716592, up)
neg, 0.16679450876845095, vertical(srz246186716592, noop)
neg, 0.1667945087684509, vertical(srz24618675942, up)
neg, 0.1667945087684509, vertical(srz24618675942, down)
neg, 0.16679450876845095, vertical(srz2461867430, up)
neg, 0.16679450876845095, vertical(srz2461867430, noop)
neg, 0.1667945087684509, vertical(srz24618678309, down)
neg, 0.1667945087684509, vertical(srz24618678309, noop)
neg, 0.1667945087684509, vertical(srz24618679449, up)
neg, 0.1667945087684509, vertical(srz24618679449, down)
neg, 0.1667945087684509, vertical(srz24618672724, up)
neg, 0.1667945087684509, vertical(srz24618672724, down)
neg, 0.16679450876845095, vertical(srz246186711523, down)
neg, 0.16679450876845095, vertical(srz246186711523, noop)
neg, 0.1667945087684509, vertical(srz24618678428, up)
neg, 0.1667945087684509, vertical(srz24618678428, down)
neg, 0.16679450876845098, vertical(srz246186716479, up)
neg, 0.16679450876845098, vertical(srz246186716479, down)
neg, 0.1667945087684509, vertical(srz24618679429, up)
neg, 0.1667945087684509, vertical(srz24618679429, down)
neg, 0.16679450876845095, vertical(srz246186715388, up)
neg, 0.16679450876845095, vertical(srz246186715388, down)
neg, 0.16679450876845095, vertical(srz246186714824, up)
neg, 0.16679450876845095, vertical(srz246186714824, down)
neg, 0.16679450876845095, vertical(srz246186711532, down)
neg, 0.16679450876845095, vertical(srz246186711532, noop)
neg, 0.1667945087684509, vertical(srz24618672981, up)
neg, 0.1667945087684509, vertical(srz24618672981, down)
neg, 0.1667945087684509, vertical(srz24618676232, up)
neg, 0.1667945087684509, vertical(srz24618676232, noop)
neg, 0.1667945087684509, vertical(srz246186711374, up)
neg, 0.1667945087684509, vertical(srz246186711374, down)
neg, 0.1667945087684509, vertical(srz24618674250, up)
neg, 0.1667945087684509, vertical(srz24618674250, down)
neg, 0.1667945087684509, vertical(srz246186714132, down)
neg, 0.1667945087684509, vertical(srz246186714132, noop)
neg, 0.1667945087684509, vertical(srz246186710956, up)
neg, 0.1667945087684509, vertical(srz246186710956, down)
neg, 0.16679450876845178, vertical(srz246186716358, up)
neg, 0.16679450876845178, vertical(srz246186716358, down)
neg, 0.1667945087684509, vertical(srz24618672114, down)
neg, 0.1667945087684509, vertical(srz24618672114, noop)
neg, 0.1667945087684509, vertical(srz24618678945, up)
neg, 0.1667945087684509, vertical(srz24618678945, down)
neg, 0.1667945087684509, vertical(srz246186711056, up)
neg, 0.1667945087684509, vertical(srz246186711056, noop)
neg, 0.1667945087684509, vertical(srz24618676517, up)
neg, 0.1667945087684509, vertical(srz24618676517, down)
neg, 0.1667945087684509, vertical(srz24618673216, up)
neg, 0.1667945087684509, vertical(srz24618673216, noop)
neg, 0.16679450876845095, vertical(srz24618675084, up)
neg, 0.16679450876845095, vertical(srz24618675084, down)
neg, 0.1667945087684509, vertical(srz24618679990, down)
neg, 0.1667945087684509, vertical(srz24618679990, noop)
neg, 0.1667945087684509, vertical(srz24618673527, up)
neg, 0.1667945087684509, vertical(srz24618673527, down)
neg, 0.1667945087684509, vertical(srz24618672974, up)
neg, 0.1667945087684509, vertical(srz24618672974, down)
neg, 0.16679450876845095, vertical(srz246186710081, up)
neg, 0.16679450876845095, vertical(srz246186710081, down)
neg, 0.1667945087684509, vertical(srz246186711809, up)
neg, 0.1667945087684509, vertical(srz246186711809, down)
neg, 0.1667945087684509, vertical(srz24618673167, down)
neg, 0.1667945087684509, vertical(srz24618673167, noop)
neg, 0.16679450876845095, vertical(srz246186716561, up)
neg, 0.16679450876845095, vertical(srz246186716561, down)
neg, 0.1667945087684509, vertical(srz246186715348, up)
neg, 0.1667945087684509, vertical(srz246186715348, down)
neg, 0.1667945087684509, vertical(srz246186716817, up)
neg, 0.1667945087684509, vertical(srz246186716817, down)
neg, 0.1667945087684509, vertical(srz24618672963, up)
neg, 0.1667945087684509, vertical(srz24618672963, down)
neg, 0.1667945087684509, vertical(srz246186716685, up)
neg, 0.1667945087684509, vertical(srz246186716685, noop)
neg, 0.1667945087684509, vertical(srz24618677866, up)
neg, 0.1667945087684509, vertical(srz24618677866, down)
neg, 0.1667945087684509, vertical(srz24618674800, down)
neg, 0.1667945087684509, vertical(srz24618674800, noop)
neg, 0.16679450876845095, vertical(srz24618671022, up)
neg, 0.16679450876845095, vertical(srz24618671022, down)
neg, 0.1667945087684509, vertical(srz24618678340, up)
neg, 0.1667945087684509, vertical(srz24618678340, down)
neg, 0.1667945087684509, vertical(srz246186717020, up)
neg, 0.1667945087684509, vertical(srz246186717020, noop)
neg, 0.1667945087684509, vertical(srz24618675658, down)
neg, 0.1667945087684509, vertical(srz24618675658, noop)
neg, 0.1667945087684509, vertical(srz246186715091, up)
neg, 0.1667945087684509, vertical(srz246186715091, down)
neg, 0.1667945087684509, vertical(srz24618677119, up)
neg, 0.1667945087684509, vertical(srz24618677119, down)
neg, 0.1667945087684509, vertical(srz24618676370, down)
neg, 0.1667945087684509, vertical(srz24618676370, noop)
neg, 0.1667945087684509, vertical(srz24618677742, up)
neg, 0.1667945087684509, vertical(srz24618677742, down)
neg, 0.1667945087684509, vertical(srz24618675306, up)
neg, 0.1667945087684509, vertical(srz24618675306, down)
neg, 0.1667945087684509, vertical(srz24618671801, down)
neg, 0.1667945087684509, vertical(srz24618671801, noop)
neg, 0.1667945087684509, vertical(srz24618673427, up)
neg, 0.1667945087684509, vertical(srz24618673427, noop)
neg, 0.1667945087684509, vertical(srz246186711075, up)
neg, 0.1667945087684509, vertical(srz246186711075, down)
neg, 0.1667945087684509, vertical(srz2461867223, up)
neg, 0.1667945087684509, vertical(srz2461867223, noop)
neg, 0.16679450876845098, vertical(srz246186714529, down)
neg, 0.16679450876845098, vertical(srz246186714529, noop)
neg, 0.1667945087684509, vertical(srz246186716700, up)
neg, 0.1667945087684509, vertical(srz246186716700, noop)
neg, 0.16679450876845098, vertical(srz24618677950, up)
neg, 0.16679450876845098, vertical(srz24618677950, down)
neg, 0.1667945087684509, vertical(srz246186716012, up)
neg, 0.1667945087684509, vertical(srz246186716012, down)
neg, 0.1667945087684509, vertical(srz24618672847, up)
neg, 0.1667945087684509, vertical(srz24618672847, down)
neg, 0.1667945087684509, vertical(srz246186716924, up)
neg, 0.1667945087684509, vertical(srz246186716924, down)
neg, 0.16679450876845095, vertical(srz24618676670, down)
neg, 0.16679450876845095, vertical(srz24618676670, noop)
neg, 0.16679450876845095, vertical(srz246186714307, down)
neg, 0.16679450876845095, vertical(srz246186714307, noop)
neg, 0.1667945087684509, vertical(srz246186715349, up)
neg, 0.1667945087684509, vertical(srz246186715349, down)
neg, 0.16679450876845095, vertical(srz2461867871, down)
neg, 0.16679450876845095, vertical(srz2461867871, noop)
neg, 0.16679450876845098, vertical(srz24618679917, up)
neg, 0.16679450876845098, vertical(srz24618679917, noop)
neg, 0.1667945087684509, vertical(srz24618675221, up)
neg, 0.1667945087684509, vertical(srz24618675221, noop)
neg, 0.1667945087684509, vertical(srz24618673261, up)
neg, 0.1667945087684509, vertical(srz24618673261, down)
neg, 0.16679450876845098, vertical(srz24618674044, down)
neg, 0.16679450876845098, vertical(srz24618674044, noop)
neg, 0.1667945087684509, vertical(srz246186712457, up)
neg, 0.1667945087684509, vertical(srz246186712457, down)
neg, 0.1667945087684509, vertical(srz24618675312, up)
neg, 0.1667945087684509, vertical(srz24618675312, down)
neg, 0.1667945087684509, vertical(srz24618679246, up)
neg, 0.1667945087684509, vertical(srz24618679246, down)
neg, 0.1667945087684509, vertical(srz246186714568, up)
neg, 0.1667945087684509, vertical(srz246186714568, down)
neg, 0.1667945087684509, vertical(srz24618671641, up)
neg, 0.1667945087684509, vertical(srz24618671641, noop)
neg, 0.1667945087684509, vertical(srz246186710049, up)
neg, 0.1667945087684509, vertical(srz246186710049, down)
neg, 0.1667945087684509, vertical(srz246186716657, up)
neg, 0.1667945087684509, vertical(srz246186716657, down)
neg, 0.1667945087684509, vertical(srz246186714729, up)
neg, 0.1667945087684509, vertical(srz246186714729, down)
neg, 0.16679450876845095, vertical(srz24618675106, down)
neg, 0.16679450876845095, vertical(srz24618675106, noop)
neg, 0.1667945087684509, vertical(srz24618678392, down)
neg, 0.1667945087684509, vertical(srz24618678392, noop)
neg, 0.1667945087684509, vertical(srz24618677396, up)
neg, 0.1667945087684509, vertical(srz24618677396, down)
neg, 0.1667945087684509, vertical(srz24618673701, down)
neg, 0.1667945087684509, vertical(srz24618673701, noop)
neg, 0.1667945087684509, vertical(srz2461867751, up)
neg, 0.1667945087684509, vertical(srz2461867751, down)
neg, 0.16679450876845095, vertical(srz24618676655, down)
neg, 0.16679450876845095, vertical(srz24618676655, noop)
neg, 0.1667945087684509, vertical(srz246186715641, up)
neg, 0.1667945087684509, vertical(srz246186715641, down)
neg, 0.1667945087684509, vertical(srz246186710260, up)
neg, 0.1667945087684509, vertical(srz246186710260, down)
neg, 0.1667945087684509, vertical(srz24618677990, up)
neg, 0.1667945087684509, vertical(srz24618677990, down)
neg, 0.1667945087684509, vertical(srz24618671366, up)
neg, 0.1667945087684509, vertical(srz24618671366, down)
neg, 0.1667945087684509, vertical(srz246186714763, up)
neg, 0.1667945087684509, vertical(srz246186714763, down)
neg, 0.1667945087684509, vertical(srz24618671983, up)
neg, 0.1667945087684509, vertical(srz24618671983, down)
neg, 0.1667945087684509, vertical(srz24618674160, up)
neg, 0.1667945087684509, vertical(srz24618674160, down)
neg, 0.1667945087684509, vertical(srz246186789, up)
neg, 0.1667945087684509, vertical(srz246186789, down)
neg, 0.1667945087684509, vertical(srz24618673827, up)
neg, 0.1667945087684509, vertical(srz24618673827, noop)
neg, 0.1667945087684509, vertical(srz24618679341, up)
neg, 0.1667945087684509, vertical(srz24618679341, down)
neg, 0.1667945087684509, vertical(srz246186710850, up)
neg, 0.1667945087684509, vertical(srz246186710850, noop)
neg, 0.1667945087684509, vertical(srz24618677101, down)
neg, 0.1667945087684509, vertical(srz24618677101, noop)
neg, 0.1667945087684509, vertical(srz246186713200, up)
neg, 0.1667945087684509, vertical(srz246186713200, down)
neg, 0.1667945087684509, vertical(srz24618676324, up)
neg, 0.1667945087684509, vertical(srz24618676324, down)
neg, 0.1667945087684509, vertical(srz246186714477, up)
neg, 0.1667945087684509, vertical(srz246186714477, down)
neg, 0.1667945087684509, vertical(srz24618674805, down)
neg, 0.1667945087684509, vertical(srz24618674805, noop)
neg, 0.1667945087684509, vertical(srz246186717009, up)
neg, 0.1667945087684509, vertical(srz246186717009, noop)
neg, 0.1667945087684509, vertical(srz246186711341, up)
neg, 0.1667945087684509, vertical(srz246186711341, down)
neg, 0.1667945087684509, vertical(srz246186714905, up)
neg, 0.1667945087684509, vertical(srz246186714905, down)
neg, 0.16679450876845098, vertical(srz246186716459, up)
neg, 0.16679450876845098, vertical(srz246186716459, down)
neg, 0.1667945087684509, vertical(srz246186712086, up)
neg, 0.1667945087684509, vertical(srz246186712086, down)
neg, 0.1667945087684509, vertical(srz24618677533, up)
neg, 0.1667945087684509, vertical(srz24618677533, down)
neg, 0.16679450876845095, vertical(srz246186713022, down)
neg, 0.16679450876845095, vertical(srz246186713022, noop)
neg, 0.1667945087684509, vertical(srz2461867480, up)
neg, 0.1667945087684509, vertical(srz2461867480, down)
neg, 0.1667945087684509, vertical(srz246186712997, up)
neg, 0.1667945087684509, vertical(srz246186712997, down)
neg, 0.1667945087684509, vertical(srz24618678683, down)
neg, 0.1667945087684509, vertical(srz24618678683, noop)
neg, 0.1667945087684509, vertical(srz24618675452, up)
neg, 0.1667945087684509, vertical(srz24618675452, down)
neg, 0.1667945087684509, vertical(srz246186712005, up)
neg, 0.1667945087684509, vertical(srz246186712005, noop)
neg, 0.1667945087684509, vertical(srz24618676454, down)
neg, 0.1667945087684509, vertical(srz24618676454, noop)
neg, 0.1667945087684509, vertical(srz24618678995, up)
neg, 0.1667945087684509, vertical(srz24618678995, noop)
neg, 0.1667945087684509, vertical(srz246186716101, up)
neg, 0.1667945087684509, vertical(srz246186716101, down)
neg, 0.1667945087684509, vertical(srz24618678495, up)
neg, 0.1667945087684509, vertical(srz24618678495, noop)
neg, 0.1667945087684509, vertical(srz24618672027, up)
neg, 0.1667945087684509, vertical(srz24618672027, down)
neg, 0.1667945087684509, vertical(srz246186712860, up)
neg, 0.1667945087684509, vertical(srz246186712860, down)
neg, 0.1667945087684509, vertical(srz246186711997, up)
neg, 0.1667945087684509, vertical(srz246186711997, noop)
neg, 0.1667945087684509, vertical(srz24618675036, down)
neg, 0.1667945087684509, vertical(srz24618675036, noop)
neg, 0.1667945087684509, vertical(srz24618675373, up)
neg, 0.1667945087684509, vertical(srz24618675373, down)
neg, 0.1667945087684509, vertical(srz246186712242, up)
neg, 0.1667945087684509, vertical(srz246186712242, down)
neg, 0.16679450876845095, vertical(srz246186711965, up)
neg, 0.16679450876845095, vertical(srz246186711965, down)
neg, 0.1667945087684509, vertical(srz24618678088, down)
neg, 0.1667945087684509, vertical(srz24618678088, noop)
neg, 0.1667945087684509, vertical(srz2461867451, up)
neg, 0.1667945087684509, vertical(srz2461867451, down)
neg, 0.1667945087684509, vertical(srz246186713283, up)
neg, 0.1667945087684509, vertical(srz246186713283, down)
neg, 0.1667945087684509, vertical(srz246186714919, up)
neg, 0.1667945087684509, vertical(srz246186714919, down)
neg, 0.1667945087684509, vertical(srz24618679842, up)
neg, 0.1667945087684509, vertical(srz24618679842, down)
neg, 0.1667945087684509, vertical(srz24618673280, up)
neg, 0.1667945087684509, vertical(srz24618673280, noop)
neg, 0.16679450876845178, vertical(srz246186716314, up)
neg, 0.16679450876845178, vertical(srz246186716314, down)
neg, 0.16679450876845095, vertical(srz24618674404, up)
neg, 0.16679450876845095, vertical(srz24618674404, down)
neg, 0.1667945087684509, vertical(srz24618674246, up)
neg, 0.1667945087684509, vertical(srz24618674246, down)
neg, 0.1667945087684509, vertical(srz2461867641, up)
neg, 0.1667945087684509, vertical(srz2461867641, down)
neg, 0.1667945087684509, vertical(srz24618678198, up)
neg, 0.1667945087684509, vertical(srz24618678198, down)
neg, 0.1667945087684509, vertical(srz246186711577, up)
neg, 0.1667945087684509, vertical(srz246186711577, down)
neg, 0.1667945087684509, vertical(srz24618676784, up)
neg, 0.1667945087684509, vertical(srz24618676784, down)
neg, 0.16679450876845178, vertical(srz246186717137, up)
neg, 0.16679450876845178, vertical(srz246186717137, down)
neg, 0.1667945087684509, vertical(srz24618678778, up)
neg, 0.1667945087684509, vertical(srz24618678778, down)
neg, 0.1667945087684509, vertical(srz24618676150, up)
neg, 0.1667945087684509, vertical(srz24618676150, down)
neg, 0.1667945087684509, vertical(srz24618678520, up)
neg, 0.1667945087684509, vertical(srz24618678520, down)
neg, 0.1667945087684509, vertical(srz246186713755, up)
neg, 0.1667945087684509, vertical(srz246186713755, down)
neg, 0.1667945087684509, vertical(srz24618673999, up)
neg, 0.1667945087684509, vertical(srz24618673999, down)
neg, 0.1667945087684509, vertical(srz246186711345, up)
neg, 0.1667945087684509, vertical(srz246186711345, down)
neg, 0.1667945087684509, vertical(srz246186716886, down)
neg, 0.1667945087684509, vertical(srz246186716886, noop)
neg, 0.16679450876845095, vertical(srz246186714595, down)
neg, 0.16679450876845095, vertical(srz246186714595, noop)
neg, 0.1667945087684509, vertical(srz24618679828, up)
neg, 0.1667945087684509, vertical(srz24618679828, down)
neg, 0.1667945087684509, vertical(srz24618676412, up)
neg, 0.1667945087684509, vertical(srz24618676412, down)
neg, 0.16679450876845095, vertical(srz24618672646, up)
neg, 0.16679450876845095, vertical(srz24618672646, down)
neg, 0.1667945087684509, vertical(srz246186715004, up)
neg, 0.1667945087684509, vertical(srz246186715004, noop)
neg, 0.1667945087684509, vertical(srz24618679943, down)
neg, 0.1667945087684509, vertical(srz24618679943, noop)
neg, 0.1667945087684509, vertical(srz24618675071, up)
neg, 0.1667945087684509, vertical(srz24618675071, down)
neg, 0.1667945087684509, vertical(srz246186713946, up)
neg, 0.1667945087684509, vertical(srz246186713946, down)
neg, 0.1667945087684509, vertical(srz246186716800, down)
neg, 0.1667945087684509, vertical(srz246186716800, noop)
neg, 0.1667945087684509, vertical(srz246186712981, down)
neg, 0.1667945087684509, vertical(srz246186712981, noop)
neg, 0.1667945087684509, vertical(srz246186712060, up)
neg, 0.1667945087684509, vertical(srz246186712060, down)
neg, 0.1667945087684509, vertical(srz246186710297, up)
neg, 0.1667945087684509, vertical(srz246186710297, down)
neg, 0.16679450876845095, vertical(srz2461867428, up)
neg, 0.16679450876845095, vertical(srz2461867428, noop)
neg, 0.1667945087684509, vertical(srz24618679951, down)
neg, 0.1667945087684509, vertical(srz24618679951, noop)
neg, 0.1667945087684509, vertical(srz24618678720, up)
neg, 0.1667945087684509, vertical(srz24618678720, down)
neg, 0.1667945087684509, vertical(srz24618675689, down)
neg, 0.1667945087684509, vertical(srz24618675689, noop)
neg, 0.1667945087684509, vertical(srz24618679832, up)
neg, 0.1667945087684509, vertical(srz24618679832, down)
neg, 0.1667945087684509, vertical(srz24618671182, up)
neg, 0.1667945087684509, vertical(srz24618671182, down)
neg, 0.1667945087684509, vertical(srz24618675344, up)
neg, 0.1667945087684509, vertical(srz24618675344, down)
neg, 0.1667945087684509, vertical(srz24618673057, up)
neg, 0.1667945087684509, vertical(srz24618673057, down)
neg, 0.1667945087684509, vertical(srz24618679763, up)
neg, 0.1667945087684509, vertical(srz24618679763, down)
neg, 0.1667945087684509, vertical(srz246186712543, up)
neg, 0.1667945087684509, vertical(srz246186712543, down)
neg, 0.1667945087684509, vertical(srz24618675489, up)
neg, 0.1667945087684509, vertical(srz24618675489, down)
neg, 0.1667945087684509, vertical(srz24618676732, down)
neg, 0.1667945087684509, vertical(srz24618676732, noop)
neg, 0.16679450876845095, vertical(srz246186711976, up)
neg, 0.16679450876845095, vertical(srz246186711976, noop)
neg, 0.1667945087684509, vertical(srz246186710341, down)
neg, 0.1667945087684509, vertical(srz246186710341, noop)
neg, 0.1667945087684509, vertical(srz246186716962, up)
neg, 0.1667945087684509, vertical(srz246186716962, noop)
neg, 0.1667945087684509, vertical(srz246186714029, down)
neg, 0.1667945087684509, vertical(srz246186714029, noop)
neg, 0.1667945087684509, vertical(srz24618677798, down)
neg, 0.1667945087684509, vertical(srz24618677798, noop)
neg, 0.1667945087684509, vertical(srz24618677756, up)
neg, 0.1667945087684509, vertical(srz24618677756, down)
neg, 0.1667945087684509, vertical(srz24618674666, up)
neg, 0.1667945087684509, vertical(srz24618674666, down)
neg, 0.1667945087684509, vertical(srz24618678017, up)
neg, 0.1667945087684509, vertical(srz24618678017, down)
neg, 0.1667945087684509, vertical(srz24618673153, down)
neg, 0.1667945087684509, vertical(srz24618673153, noop)
neg, 0.1667945087684509, vertical(srz24618672908, up)
neg, 0.1667945087684509, vertical(srz24618672908, noop)
neg, 0.1667945087684509, vertical(srz24618672159, up)
neg, 0.1667945087684509, vertical(srz24618672159, down)
neg, 0.16679450876845095, vertical(srz24618676018, up)
neg, 0.16679450876845095, vertical(srz24618676018, down)
neg, 0.1667945087684509, vertical(srz246186712986, down)
neg, 0.1667945087684509, vertical(srz246186712986, noop)
neg, 0.1667945087684509, vertical(srz246186715741, up)
neg, 0.1667945087684509, vertical(srz246186715741, down)
neg, 0.16679450876845095, vertical(srz2461867413, up)
neg, 0.16679450876845095, vertical(srz2461867413, noop)
neg, 0.1667945087684509, vertical(srz24618678581, up)
neg, 0.1667945087684509, vertical(srz24618678581, down)
neg, 0.1667945087684509, vertical(srz24618674290, up)
neg, 0.1667945087684509, vertical(srz24618674290, down)
neg, 0.1667945087684509, vertical(srz24618672287, down)
neg, 0.1667945087684509, vertical(srz24618672287, noop)
neg, 0.1667945087684509, vertical(srz24618671667, down)
neg, 0.1667945087684509, vertical(srz24618671667, noop)
neg, 0.1667945087684509, vertical(srz2461867150, up)
neg, 0.1667945087684509, vertical(srz2461867150, down)
neg, 0.1667945087684509, vertical(srz246186716726, up)
neg, 0.1667945087684509, vertical(srz246186716726, down)
neg, 0.1667945087684509, vertical(srz246186713611, down)
neg, 0.1667945087684509, vertical(srz246186713611, noop)
neg, 0.1667945087684509, vertical(srz246186714492, up)
neg, 0.1667945087684509, vertical(srz246186714492, noop)
neg, 0.1667945087684509, vertical(srz246186711472, up)
neg, 0.1667945087684509, vertical(srz246186711472, noop)
neg, 0.1667945087684509, vertical(srz246186712735, down)
neg, 0.1667945087684509, vertical(srz246186712735, noop)
neg, 0.1667945087684509, vertical(srz24618673133, up)
neg, 0.1667945087684509, vertical(srz24618673133, down)
neg, 0.1667945087684509, vertical(srz24618679161, up)
neg, 0.1667945087684509, vertical(srz24618679161, down)
neg, 0.1667945087684509, vertical(srz24618671344, up)
neg, 0.1667945087684509, vertical(srz24618671344, down)
neg, 0.16679450876845095, vertical(srz246186711954, up)
neg, 0.16679450876845095, vertical(srz246186711954, down)
neg, 0.1667945087684509, vertical(srz246186713284, up)
neg, 0.1667945087684509, vertical(srz246186713284, down)
neg, 0.1667945087684509, vertical(srz24618672779, up)
neg, 0.1667945087684509, vertical(srz24618672779, down)
neg, 0.1667945087684509, vertical(srz24618678205, up)
neg, 0.1667945087684509, vertical(srz24618678205, down)
neg, 0.1667945087684509, vertical(srz246186712910, up)
neg, 0.1667945087684509, vertical(srz246186712910, down)
neg, 0.1667945087684509, vertical(srz246186712311, up)
neg, 0.1667945087684509, vertical(srz246186712311, down)
neg, 0.1667945087684509, vertical(srz246186712247, up)
neg, 0.1667945087684509, vertical(srz246186712247, down)
neg, 0.1667945087684509, vertical(srz24618679298, up)
neg, 0.1667945087684509, vertical(srz24618679298, down)
neg, 0.1667945087684509, vertical(srz24618676574, up)
neg, 0.1667945087684509, vertical(srz24618676574, noop)
neg, 0.1667945087684509, vertical(srz24618673894, down)
neg, 0.1667945087684509, vertical(srz24618673894, noop)
neg, 0.1667945087684509, vertical(srz24618678803, down)
neg, 0.1667945087684509, vertical(srz24618678803, noop)
neg, 0.1667945087684509, vertical(srz24618677993, up)
neg, 0.1667945087684509, vertical(srz24618677993, down)
neg, 0.1667945087684509, vertical(srz24618676705, up)
neg, 0.1667945087684509, vertical(srz24618676705, noop)
neg, 0.1667945087684509, vertical(srz246186714269, up)
neg, 0.1667945087684509, vertical(srz246186714269, noop)
neg, 0.1667945087684509, vertical(srz24618672862, up)
neg, 0.1667945087684509, vertical(srz24618672862, down)
neg, 0.1667945087684509, vertical(srz246186711430, up)
neg, 0.1667945087684509, vertical(srz246186711430, noop)
neg, 0.1667945087684509, vertical(srz24618674912, up)
neg, 0.1667945087684509, vertical(srz24618674912, down)
neg, 0.1667945087684509, vertical(srz246186715378, down)
neg, 0.1667945087684509, vertical(srz246186715378, noop)
neg, 0.1667945087684509, vertical(srz246186715329, up)
neg, 0.1667945087684509, vertical(srz246186715329, down)
neg, 0.16679450876845095, vertical(srz24618672633, up)
neg, 0.16679450876845095, vertical(srz24618672633, down)
neg, 0.1667945087684509, vertical(srz2461867287, up)
neg, 0.1667945087684509, vertical(srz2461867287, down)
neg, 0.1667945087684509, vertical(srz24618672104, up)
neg, 0.1667945087684509, vertical(srz24618672104, down)
neg, 0.1667945087684509, vertical(srz24618678750, up)
neg, 0.1667945087684509, vertical(srz24618678750, noop)
neg, 0.1667945087684509, vertical(srz2461867659, up)
neg, 0.1667945087684509, vertical(srz2461867659, down)
neg, 0.1667945087684509, vertical(srz24618672297, down)
neg, 0.1667945087684509, vertical(srz24618672297, noop)
neg, 0.1667945087684509, vertical(srz24618675506, up)
neg, 0.1667945087684509, vertical(srz24618675506, down)
neg, 0.1667945087684509, vertical(srz24618672902, up)
neg, 0.1667945087684509, vertical(srz24618672902, noop)
neg, 0.1667945087684509, vertical(srz24618671785, up)
neg, 0.1667945087684509, vertical(srz24618671785, down)
neg, 0.1667945087684509, vertical(srz24618678295, down)
neg, 0.1667945087684509, vertical(srz24618678295, noop)
neg, 0.16679450876845098, vertical(srz246186716973, up)
neg, 0.16679450876845098, vertical(srz246186716973, down)
neg, 0.1667945087684509, vertical(srz246186712483, up)
neg, 0.1667945087684509, vertical(srz246186712483, noop)
neg, 0.16679450876845098, vertical(srz24618672411, down)
neg, 0.16679450876845098, vertical(srz24618672411, noop)
neg, 0.1667945087684509, vertical(srz246186715168, up)
neg, 0.1667945087684509, vertical(srz246186715168, down)
neg, 0.16679450876845095, vertical(srz246186711253, down)
neg, 0.16679450876845095, vertical(srz246186711253, noop)
neg, 0.16679450876845095, vertical(srz24618677607, up)
neg, 0.16679450876845095, vertical(srz24618677607, down)
neg, 0.1667945087684509, vertical(srz24618672164, up)
neg, 0.1667945087684509, vertical(srz24618672164, down)
neg, 0.1667945087684509, vertical(srz24618677920, up)
neg, 0.1667945087684509, vertical(srz24618677920, down)
neg, 0.1667945087684509, vertical(srz246186714037, up)
neg, 0.1667945087684509, vertical(srz246186714037, down)
neg, 0.16679450876845095, vertical(srz24618676068, up)
neg, 0.16679450876845095, vertical(srz24618676068, down)
neg, 0.1667945087684509, vertical(srz24618679028, up)
neg, 0.1667945087684509, vertical(srz24618679028, down)
neg, 0.1667945087684509, vertical(srz24618675886, up)
neg, 0.1667945087684509, vertical(srz24618675886, down)
neg, 0.16679450876845095, vertical(srz24618675098, up)
neg, 0.16679450876845095, vertical(srz24618675098, down)
neg, 0.1667945087684509, vertical(srz24618679797, up)
neg, 0.1667945087684509, vertical(srz24618679797, down)
neg, 0.1667945087684509, vertical(srz24618674817, up)
neg, 0.1667945087684509, vertical(srz24618674817, down)
neg, 0.16679450876845095, vertical(srz24618673754, down)
neg, 0.16679450876845095, vertical(srz24618673754, noop)
neg, 0.1667945087684509, vertical(srz24618671321, up)
neg, 0.1667945087684509, vertical(srz24618671321, down)
neg, 0.1667945087684509, vertical(srz24618677764, up)
neg, 0.1667945087684509, vertical(srz24618677764, noop)
neg, 0.1667945087684509, vertical(srz24618671854, up)
neg, 0.1667945087684509, vertical(srz24618671854, down)
neg, 0.1667945087684509, vertical(srz24618677160, up)
neg, 0.1667945087684509, vertical(srz24618677160, down)
neg, 0.1667945087684509, vertical(srz24618673335, down)
neg, 0.1667945087684509, vertical(srz24618673335, noop)
neg, 0.1667945087684509, vertical(srz24618675024, up)
neg, 0.1667945087684509, vertical(srz24618675024, down)
neg, 0.16679450876845098, vertical(srz246186711645, down)
neg, 0.16679450876845098, vertical(srz246186711645, noop)
neg, 0.1667945087684509, vertical(srz2461867103, up)
neg, 0.1667945087684509, vertical(srz2461867103, down)
neg, 0.16679450876845095, vertical(srz246186714845, up)
neg, 0.16679450876845095, vertical(srz246186714845, down)
neg, 0.1667945087684509, vertical(srz24618673532, up)
neg, 0.1667945087684509, vertical(srz24618673532, noop)
neg, 0.1667945087684509, vertical(srz246186716704, up)
neg, 0.1667945087684509, vertical(srz246186716704, noop)
neg, 0.1667945087684509, vertical(srz24618679998, down)
neg, 0.1667945087684509, vertical(srz24618679998, noop)
neg, 0.1667945087684509, vertical(srz246186714755, up)
neg, 0.1667945087684509, vertical(srz246186714755, down)
neg, 0.1667945087684509, vertical(srz246186712401, up)
neg, 0.1667945087684509, vertical(srz246186712401, down)
neg, 0.16679450876845095, vertical(srz246186711896, up)
neg, 0.16679450876845095, vertical(srz246186711896, down)
neg, 0.16679450876845095, vertical(srz246186714807, up)
neg, 0.16679450876845095, vertical(srz246186714807, down)
neg, 0.1667945087684509, vertical(srz24618671509, up)
neg, 0.1667945087684509, vertical(srz24618671509, down)
neg, 0.16679450876845178, vertical(srz246186717155, up)
neg, 0.16679450876845178, vertical(srz246186717155, down)
neg, 0.1667945087684509, vertical(srz246186712004, up)
neg, 0.1667945087684509, vertical(srz246186712004, noop)
neg, 0.1667945087684509, vertical(srz24618677111, down)
neg, 0.1667945087684509, vertical(srz24618677111, noop)
neg, 0.16679450876845095, vertical(srz246186710568, up)
neg, 0.16679450876845095, vertical(srz246186710568, down)
neg, 0.16679450876845095, vertical(srz246186710074, up)
neg, 0.16679450876845095, vertical(srz246186710074, down)
neg, 0.1667945087684509, vertical(srz24618675882, up)
neg, 0.1667945087684509, vertical(srz24618675882, down)
neg, 0.1667945087684509, vertical(srz24618671738, up)
neg, 0.1667945087684509, vertical(srz24618671738, down)
neg, 0.1667945087684509, vertical(srz24618678550, up)
neg, 0.1667945087684509, vertical(srz24618678550, down)
neg, 0.16679450876845095, vertical(srz246186712881, up)
neg, 0.16679450876845095, vertical(srz246186712881, down)
neg, 0.1667945087684509, vertical(srz246186710858, up)
neg, 0.1667945087684509, vertical(srz246186710858, down)
neg, 0.1667945087684509, vertical(srz24618671787, down)
neg, 0.1667945087684509, vertical(srz24618671787, noop)
neg, 0.1667945087684509, vertical(srz246186710864, up)
neg, 0.1667945087684509, vertical(srz246186710864, down)
neg, 0.1667945087684509, vertical(srz24618673600, up)
neg, 0.1667945087684509, vertical(srz24618673600, down)
neg, 0.1667945087684509, vertical(srz2461867646, up)
neg, 0.1667945087684509, vertical(srz2461867646, down)
neg, 0.1667945087684509, vertical(srz246186712182, up)
neg, 0.1667945087684509, vertical(srz246186712182, noop)
neg, 0.16679450876845095, vertical(srz246186710501, down)
neg, 0.16679450876845095, vertical(srz246186710501, noop)
neg, 0.1667945087684509, vertical(srz24618678251, up)
neg, 0.1667945087684509, vertical(srz24618678251, noop)
neg, 0.1667945087684509, vertical(srz24618675416, up)
neg, 0.1667945087684509, vertical(srz24618675416, down)
neg, 0.16679450876845095, vertical(srz246186710403, up)
neg, 0.16679450876845095, vertical(srz246186710403, down)
neg, 0.1667945087684509, vertical(srz24618673346, down)
neg, 0.1667945087684509, vertical(srz24618673346, noop)
neg, 0.1667945087684509, vertical(srz24618678830, up)
neg, 0.1667945087684509, vertical(srz24618678830, down)
neg, 0.1667945087684509, vertical(srz246186713534, down)
neg, 0.1667945087684509, vertical(srz246186713534, noop)
neg, 0.1667945087684509, vertical(srz24618674176, up)
neg, 0.1667945087684509, vertical(srz24618674176, down)
neg, 0.1667945087684509, vertical(srz24618677388, up)
neg, 0.1667945087684509, vertical(srz24618677388, down)
neg, 0.16679450876845095, vertical(srz246186710477, up)
neg, 0.16679450876845095, vertical(srz246186710477, down)
neg, 0.1667945087684509, vertical(srz24618671277, up)
neg, 0.1667945087684509, vertical(srz24618671277, noop)
neg, 0.16679450876845095, vertical(srz24618675667, down)
neg, 0.16679450876845095, vertical(srz24618675667, noop)
neg, 0.16679450876845095, vertical(srz24618671035, up)
neg, 0.16679450876845095, vertical(srz24618671035, down)
neg, 0.1667945087684509, vertical(srz246186715336, up)
neg, 0.1667945087684509, vertical(srz246186715336, down)
neg, 0.1667945087684509, vertical(srz24618673497, up)
neg, 0.1667945087684509, vertical(srz24618673497, down)
neg, 0.1667945087684509, vertical(srz24618676228, down)
neg, 0.1667945087684509, vertical(srz24618676228, noop)
neg, 0.1667945087684509, vertical(srz246186712598, up)
neg, 0.1667945087684509, vertical(srz246186712598, noop)
neg, 0.16679450876845095, vertical(srz24618675708, up)
neg, 0.16679450876845095, vertical(srz24618675708, down)
neg, 0.1667945087684509, vertical(srz246186710742, up)
neg, 0.1667945087684509, vertical(srz246186710742, down)
neg, 0.1667945087684509, vertical(srz24618676818, up)
neg, 0.1667945087684509, vertical(srz24618676818, noop)
neg, 0.1667945087684509, vertical(srz24618672478, up)
neg, 0.1667945087684509, vertical(srz24618672478, noop)
neg, 0.16679450876845178, vertical(srz246186717124, up)
neg, 0.16679450876845178, vertical(srz246186717124, down)
neg, 0.1667945087684509, vertical(srz24618678378, down)
neg, 0.1667945087684509, vertical(srz24618678378, noop)
neg, 0.1667945087684509, vertical(srz24618678652, down)
neg, 0.1667945087684509, vertical(srz24618678652, noop)
neg, 0.16679450876845095, vertical(srz246186712885, up)
neg, 0.16679450876845095, vertical(srz246186712885, down)
neg, 0.16679450876845095, vertical(srz246186714288, up)
neg, 0.16679450876845095, vertical(srz246186714288, down)
neg, 0.1667945087684509, vertical(srz246186712250, up)
neg, 0.1667945087684509, vertical(srz246186712250, down)
neg, 0.1667945087684509, vertical(srz246186715682, down)
neg, 0.1667945087684509, vertical(srz246186715682, noop)
neg, 0.1667945087684509, vertical(srz24618675345, up)
neg, 0.1667945087684509, vertical(srz24618675345, down)
neg, 0.1667945087684509, vertical(srz246186714183, up)
neg, 0.1667945087684509, vertical(srz246186714183, down)
neg, 0.1667945087684509, vertical(srz24618673900, down)
neg, 0.1667945087684509, vertical(srz24618673900, noop)
neg, 0.1667945087684509, vertical(srz24618679973, up)
neg, 0.1667945087684509, vertical(srz24618679973, noop)
neg, 0.1667945087684509, vertical(srz246186712185, up)
neg, 0.1667945087684509, vertical(srz246186712185, down)
neg, 0.1667945087684509, vertical(srz24618676183, up)
neg, 0.1667945087684509, vertical(srz24618676183, down)
neg, 0.1667945087684509, vertical(srz246186716006, up)
neg, 0.1667945087684509, vertical(srz246186716006, down)
neg, 0.16679450876845095, vertical(srz2461867940, down)
neg, 0.16679450876845095, vertical(srz2461867940, noop)
neg, 0.1667945087684509, vertical(srz24618677125, up)
neg, 0.1667945087684509, vertical(srz24618677125, down)
neg, 0.1667945087684509, vertical(srz2461867837, up)
neg, 0.1667945087684509, vertical(srz2461867837, down)
neg, 0.1667945087684509, vertical(srz24618678191, up)
neg, 0.1667945087684509, vertical(srz24618678191, down)
neg, 0.1667945087684509, vertical(srz24618676797, down)
neg, 0.1667945087684509, vertical(srz24618676797, noop)
neg, 0.1667945087684509, vertical(srz246186716915, up)
neg, 0.1667945087684509, vertical(srz246186716915, down)
neg, 0.1667945087684509, vertical(srz24618675941, up)
neg, 0.1667945087684509, vertical(srz24618675941, down)
neg, 0.1667945087684509, vertical(srz246186710648, up)
neg, 0.1667945087684509, vertical(srz246186710648, down)
neg, 0.1667945087684509, vertical(srz24618679836, up)
neg, 0.1667945087684509, vertical(srz24618679836, down)
neg, 0.1667945087684509, vertical(srz24618676148, up)
neg, 0.1667945087684509, vertical(srz24618676148, down)
neg, 0.16679450876845098, vertical(srz24618674079, down)
neg, 0.16679450876845098, vertical(srz24618674079, noop)
neg, 0.1667945087684509, vertical(srz246186712305, up)
neg, 0.1667945087684509, vertical(srz246186712305, down)
neg, 0.1667945087684509, vertical(srz24618676493, down)
neg, 0.1667945087684509, vertical(srz24618676493, noop)
neg, 0.1667945087684509, vertical(srz246186710020, up)
neg, 0.1667945087684509, vertical(srz246186710020, noop)
neg, 0.1667945087684509, vertical(srz24618678134, up)
neg, 0.1667945087684509, vertical(srz24618678134, noop)
neg, 0.1667945087684509, vertical(srz2461867663, up)
neg, 0.1667945087684509, vertical(srz2461867663, noop)
neg, 0.1667945087684509, vertical(srz24618679391, up)
neg, 0.1667945087684509, vertical(srz24618679391, down)
neg, 0.16679450876845095, vertical(srz24618674366, up)
neg, 0.16679450876845095, vertical(srz24618674366, down)
neg, 0.1667945087684509, vertical(srz24618678898, up)
neg, 0.1667945087684509, vertical(srz24618678898, down)
neg, 0.1667945087684509, vertical(srz246186712850, up)
neg, 0.1667945087684509, vertical(srz246186712850, down)
neg, 0.1667945087684509, vertical(srz246186711133, up)
neg, 0.1667945087684509, vertical(srz246186711133, down)
neg, 0.1667945087684509, vertical(srz24618672468, up)
neg, 0.1667945087684509, vertical(srz24618672468, noop)
neg, 0.1667945087684509, vertical(srz24618671226, up)
neg, 0.1667945087684509, vertical(srz24618671226, down)
neg, 0.16679450876845095, vertical(srz24618676035, up)
neg, 0.16679450876845095, vertical(srz24618676035, down)
neg, 0.1667945087684509, vertical(srz24618675915, up)
neg, 0.1667945087684509, vertical(srz24618675915, down)
neg, 0.1667945087684509, vertical(srz24618671786, up)
neg, 0.1667945087684509, vertical(srz24618671786, down)
neg, 0.1667945087684509, vertical(srz24618674857, up)
neg, 0.1667945087684509, vertical(srz24618674857, noop)
neg, 0.1667945087684509, vertical(srz246186715135, up)
neg, 0.1667945087684509, vertical(srz246186715135, down)
neg, 0.1667945087684509, vertical(srz24618677492, up)
neg, 0.1667945087684509, vertical(srz24618677492, down)
neg, 0.16679450876845095, vertical(srz24618674358, up)
neg, 0.16679450876845095, vertical(srz24618674358, down)
neg, 0.1667945087684509, vertical(srz24618675443, up)
neg, 0.1667945087684509, vertical(srz24618675443, down)
neg, 0.1667945087684509, vertical(srz24618673707, down)
neg, 0.1667945087684509, vertical(srz24618673707, noop)
neg, 0.1667945087684509, vertical(srz24618675820, up)
neg, 0.1667945087684509, vertical(srz24618675820, down)
neg, 0.1667945087684509, vertical(srz24618672148, up)
neg, 0.1667945087684509, vertical(srz24618672148, down)
neg, 0.1667945087684509, vertical(srz246186710734, up)
neg, 0.1667945087684509, vertical(srz246186710734, down)
neg, 0.1667945087684509, vertical(srz246186714712, up)
neg, 0.1667945087684509, vertical(srz246186714712, down)
neg, 0.1667945087684509, vertical(srz246186714432, up)
neg, 0.1667945087684509, vertical(srz246186714432, down)
neg, 0.16679450876845095, vertical(srz24618679142, down)
neg, 0.16679450876845095, vertical(srz24618679142, noop)
neg, 0.1667945087684509, vertical(srz246186714013, up)
neg, 0.1667945087684509, vertical(srz246186714013, down)
neg, 0.1667945087684509, vertical(srz24618676365, up)
neg, 0.1667945087684509, vertical(srz24618676365, noop)
neg, 0.1667945087684509, vertical(srz24618671434, up)
neg, 0.1667945087684509, vertical(srz24618671434, down)
neg, 0.16679450876845095, vertical(srz246186714653, down)
neg, 0.16679450876845095, vertical(srz246186714653, noop)
neg, 0.1667945087684509, vertical(srz24618676899, down)
neg, 0.1667945087684509, vertical(srz24618676899, noop)
neg, 0.1667945087684509, vertical(srz246186714366, up)
neg, 0.1667945087684509, vertical(srz246186714366, down)
neg, 0.1667945087684509, vertical(srz246186716111, up)
neg, 0.1667945087684509, vertical(srz246186716111, down)
neg, 0.1667945087684509, vertical(srz24618672146, up)
neg, 0.1667945087684509, vertical(srz24618672146, down)
neg, 0.1667945087684509, vertical(srz24618676895, down)
neg, 0.1667945087684509, vertical(srz24618676895, noop)
neg, 0.1667945087684509, vertical(srz24618672321, up)
neg, 0.1667945087684509, vertical(srz24618672321, down)
neg, 0.1667945087684509, vertical(srz24618679312, up)
neg, 0.1667945087684509, vertical(srz24618679312, down)
neg, 0.1667945087684509, vertical(srz246186712139, up)
neg, 0.1667945087684509, vertical(srz246186712139, down)
neg, 0.1667945087684509, vertical(srz246186713671, up)
neg, 0.1667945087684509, vertical(srz246186713671, noop)
neg, 0.1667945087684509, vertical(srz24618675405, up)
neg, 0.1667945087684509, vertical(srz24618675405, noop)
neg, 0.16679450876845098, vertical(srz246186711699, up)
neg, 0.16679450876845098, vertical(srz246186711699, down)
neg, 0.1667945087684509, vertical(srz24618675797, up)
neg, 0.1667945087684509, vertical(srz24618675797, down)
neg, 0.1667945087684509, vertical(srz246186715079, up)
neg, 0.1667945087684509, vertical(srz246186715079, down)
neg, 0.1667945087684509, vertical(srz24618678708, up)
neg, 0.1667945087684509, vertical(srz24618678708, down)
neg, 0.16679450876845095, vertical(srz2461867893, down)
neg, 0.16679450876845095, vertical(srz2461867893, noop)
neg, 0.1667945087684509, vertical(srz246186713216, up)
neg, 0.1667945087684509, vertical(srz246186713216, down)
neg, 0.1667945087684509, vertical(srz24618671547, up)
neg, 0.1667945087684509, vertical(srz24618671547, down)
neg, 0.16679450876845095, vertical(srz246186716259, up)
neg, 0.16679450876845095, vertical(srz246186716259, down)
neg, 0.1667945087684509, vertical(srz24618679336, up)
neg, 0.1667945087684509, vertical(srz24618679336, down)
neg, 0.1667945087684509, vertical(srz246186711800, up)
neg, 0.1667945087684509, vertical(srz246186711800, down)
neg, 0.1667945087684509, vertical(srz24618679639, up)
neg, 0.1667945087684509, vertical(srz24618679639, down)
neg, 0.1667945087684509, vertical(srz246186716907, down)
neg, 0.1667945087684509, vertical(srz246186716907, noop)
neg, 0.1667945087684509, vertical(srz246186712277, down)
neg, 0.1667945087684509, vertical(srz246186712277, noop)
neg, 0.1667945087684509, vertical(srz246186711352, up)
neg, 0.1667945087684509, vertical(srz246186711352, down)
neg, 0.16679450876845095, vertical(srz246186711890, up)
neg, 0.16679450876845095, vertical(srz246186711890, down)
neg, 0.1667945087684509, vertical(srz24618673938, up)
neg, 0.1667945087684509, vertical(srz24618673938, noop)
neg, 0.1667945087684509, vertical(srz246186713660, up)
neg, 0.1667945087684509, vertical(srz246186713660, noop)
neg, 0.16679450876845098, vertical(srz246186716429, up)
neg, 0.16679450876845098, vertical(srz246186716429, down)
neg, 0.16679450876845095, vertical(srz246186711268, down)
neg, 0.16679450876845095, vertical(srz246186711268, noop)
neg, 0.1667945087684509, vertical(srz24618676339, up)
neg, 0.1667945087684509, vertical(srz24618676339, down)
neg, 0.1667945087684509, vertical(srz246186714157, down)
neg, 0.1667945087684509, vertical(srz246186714157, noop)
neg, 0.16679450876845095, vertical(srz24618677338, up)
neg, 0.16679450876845095, vertical(srz24618677338, down)
neg, 0.1667945087684509, vertical(srz2461867706, up)
neg, 0.1667945087684509, vertical(srz2461867706, noop)
neg, 0.16679450876845095, vertical(srz246186716542, up)
neg, 0.16679450876845095, vertical(srz246186716542, noop)
neg, 0.1667945087684509, vertical(srz24618676790, up)
neg, 0.1667945087684509, vertical(srz24618676790, down)
neg, 0.1667945087684509, vertical(srz246186716890, down)
neg, 0.1667945087684509, vertical(srz246186716890, noop)
neg, 0.1667945087684509, vertical(srz24618672136, up)
neg, 0.1667945087684509, vertical(srz24618672136, noop)
neg, 0.1667945087684509, vertical(srz24618674548, up)
neg, 0.1667945087684509, vertical(srz24618674548, down)
neg, 0.1667945087684509, vertical(srz246186714229, up)
neg, 0.1667945087684509, vertical(srz246186714229, noop)
neg, 0.1667945087684509, vertical(srz2461867627, up)
neg, 0.1667945087684509, vertical(srz2461867627, noop)
neg, 0.1667945087684509, vertical(srz246186713175, up)
neg, 0.1667945087684509, vertical(srz246186713175, down)
neg, 0.1667945087684509, vertical(srz24618678029, up)
neg, 0.1667945087684509, vertical(srz24618678029, down)
neg, 0.1667945087684509, vertical(srz246186712759, up)
neg, 0.1667945087684509, vertical(srz246186712759, noop)
neg, 0.1667945087684509, vertical(srz246186713018, down)
neg, 0.1667945087684509, vertical(srz246186713018, noop)
neg, 0.16679450876845178, vertical(srz246186717167, up)
neg, 0.16679450876845178, vertical(srz246186717167, down)
neg, 0.1667945087684509, vertical(srz2461867293, up)
neg, 0.1667945087684509, vertical(srz2461867293, down)
neg, 0.1667945087684509, vertical(srz24618673417, up)
neg, 0.1667945087684509, vertical(srz24618673417, down)
neg, 0.1667945087684509, vertical(srz24618676343, up)
neg, 0.1667945087684509, vertical(srz24618676343, noop)
neg, 0.1667945087684509, vertical(srz246186710946, up)
neg, 0.1667945087684509, vertical(srz246186710946, down)
neg, 0.1667945087684509, vertical(srz24618679688, down)
neg, 0.1667945087684509, vertical(srz24618679688, noop)
neg, 0.1667945087684509, vertical(srz24618674153, up)
neg, 0.1667945087684509, vertical(srz24618674153, down)
neg, 0.1667945087684509, vertical(srz24618679966, up)
neg, 0.1667945087684509, vertical(srz24618679966, noop)
neg, 0.1667945087684509, vertical(srz24618672443, up)
neg, 0.1667945087684509, vertical(srz24618672443, noop)
neg, 0.1667945087684509, vertical(srz246186714922, up)
neg, 0.1667945087684509, vertical(srz246186714922, down)
neg, 0.16679450876845095, vertical(srz24618675131, up)
neg, 0.16679450876845095, vertical(srz24618675131, down)
neg, 0.1667945087684509, vertical(srz24618678408, up)
neg, 0.1667945087684509, vertical(srz24618678408, down)
neg, 0.1667945087684509, vertical(srz246186714938, up)
neg, 0.1667945087684509, vertical(srz246186714938, noop)
neg, 0.1667945087684509, vertical(srz24618674564, up)
neg, 0.1667945087684509, vertical(srz24618674564, down)
neg, 0.1667945087684509, vertical(srz24618671371, up)
neg, 0.1667945087684509, vertical(srz24618671371, down)
neg, 0.1667945087684509, vertical(srz246186715613, down)
neg, 0.1667945087684509, vertical(srz246186715613, noop)
neg, 0.1667945087684509, vertical(srz246186714715, up)
neg, 0.1667945087684509, vertical(srz246186714715, down)
neg, 0.1667945087684509, vertical(srz2461867435, up)
neg, 0.1667945087684509, vertical(srz2461867435, down)
neg, 0.1667945087684509, vertical(srz24618677776, up)
neg, 0.1667945087684509, vertical(srz24618677776, down)
neg, 0.1667945087684509, vertical(srz24618678458, up)
neg, 0.1667945087684509, vertical(srz24618678458, noop)
neg, 0.1667945087684509, vertical(srz24618678942, up)
neg, 0.1667945087684509, vertical(srz24618678942, down)
neg, 0.1667945087684509, vertical(srz24618675000, up)
neg, 0.1667945087684509, vertical(srz24618675000, noop)
neg, 0.16679450876845095, vertical(srz24618679101, up)
neg, 0.16679450876845095, vertical(srz24618679101, down)
neg, 0.16679450876845095, vertical(srz24618679118, down)
neg, 0.16679450876845095, vertical(srz24618679118, noop)
neg, 0.1667945087684509, vertical(srz246186714875, up)
neg, 0.1667945087684509, vertical(srz246186714875, down)
neg, 0.1667945087684509, vertical(srz246186710043, up)
neg, 0.1667945087684509, vertical(srz246186710043, down)
neg, 0.1667945087684509, vertical(srz24618675450, up)
neg, 0.1667945087684509, vertical(srz24618675450, down)
neg, 0.1667945087684509, vertical(srz246186710861, up)
neg, 0.1667945087684509, vertical(srz246186710861, down)
neg, 0.16679450876845095, vertical(srz246186716276, up)
neg, 0.16679450876845095, vertical(srz246186716276, down)
neg, 0.1667945087684509, vertical(srz246186710244, up)
neg, 0.1667945087684509, vertical(srz246186710244, down)
neg, 0.16679450876845095, vertical(srz246186714810, up)
neg, 0.16679450876845095, vertical(srz246186714810, down)
neg, 0.1667945087684509, vertical(srz246186715643, up)
neg, 0.1667945087684509, vertical(srz246186715643, down)
neg, 0.1667945087684509, vertical(srz24618678451, up)
neg, 0.1667945087684509, vertical(srz24618678451, noop)
neg, 0.1667945087684509, vertical(srz24618674288, up)
neg, 0.1667945087684509, vertical(srz24618674288, down)
neg, 0.1667945087684509, vertical(srz246186716888, down)
neg, 0.1667945087684509, vertical(srz246186716888, noop)
neg, 0.1667945087684509, vertical(srz24618672944, up)
neg, 0.1667945087684509, vertical(srz24618672944, down)
neg, 0.1667945087684509, vertical(srz246186714123, down)
neg, 0.1667945087684509, vertical(srz246186714123, noop)
neg, 0.1667945087684509, vertical(srz24618678615, up)
neg, 0.1667945087684509, vertical(srz24618678615, down)
neg, 0.1667945087684509, vertical(srz2461867937, down)
neg, 0.1667945087684509, vertical(srz2461867937, noop)
neg, 0.16679450876845098, vertical(srz24618677944, up)
neg, 0.16679450876845098, vertical(srz24618677944, down)
neg, 0.16679450876845095, vertical(srz246186714624, down)
neg, 0.16679450876845095, vertical(srz246186714624, noop)
neg, 0.1667945087684509, vertical(srz24618674770, up)
neg, 0.1667945087684509, vertical(srz24618674770, down)
neg, 0.1667945087684509, vertical(srz246186713512, up)
neg, 0.1667945087684509, vertical(srz246186713512, down)
neg, 0.1667945087684509, vertical(srz246186714367, up)
neg, 0.1667945087684509, vertical(srz246186714367, down)
neg, 0.1667945087684509, vertical(srz24618674691, down)
neg, 0.1667945087684509, vertical(srz24618674691, noop)
neg, 0.1667945087684509, vertical(srz24618678377, down)
neg, 0.1667945087684509, vertical(srz24618678377, noop)
neg, 0.1667945087684509, vertical(srz246186710993, down)
neg, 0.1667945087684509, vertical(srz246186710993, noop)
neg, 0.1667945087684509, vertical(srz246186715835, up)
neg, 0.1667945087684509, vertical(srz246186715835, down)
neg, 0.1667945087684509, vertical(srz24618672971, up)
neg, 0.1667945087684509, vertical(srz24618672971, down)
neg, 0.1667945087684509, vertical(srz24618676691, up)
neg, 0.1667945087684509, vertical(srz24618676691, down)
neg, 0.1667945087684509, vertical(srz246186713850, up)
neg, 0.1667945087684509, vertical(srz246186713850, noop)
neg, 0.1667945087684509, vertical(srz24618679412, up)
neg, 0.1667945087684509, vertical(srz24618679412, down)
neg, 0.1667945087684509, vertical(srz24618678223, down)
neg, 0.1667945087684509, vertical(srz24618678223, noop)
neg, 0.16679450876845178, vertical(srz246186717174, up)
neg, 0.16679450876845178, vertical(srz246186717174, down)
neg, 0.1667945087684509, vertical(srz24618678703, up)
neg, 0.1667945087684509, vertical(srz24618678703, down)
neg, 0.1667945087684509, vertical(srz24618673609, up)
neg, 0.1667945087684509, vertical(srz24618673609, down)
neg, 0.1667945087684509, vertical(srz24618671362, up)
neg, 0.1667945087684509, vertical(srz24618671362, down)
neg, 0.1667945087684509, vertical(srz24618673336, down)
neg, 0.1667945087684509, vertical(srz24618673336, noop)
neg, 0.1667945087684509, vertical(srz246186716681, up)
neg, 0.1667945087684509, vertical(srz246186716681, down)
neg, 0.1667945087684509, vertical(srz24618675920, up)
neg, 0.1667945087684509, vertical(srz24618675920, down)
neg, 0.1667945087684509, vertical(srz24618672890, up)
neg, 0.1667945087684509, vertical(srz24618672890, down)
neg, 0.16679450876845098, vertical(srz24618674033, down)
neg, 0.16679450876845098, vertical(srz24618674033, noop)
neg, 0.1667945087684509, vertical(srz246186710262, up)
neg, 0.1667945087684509, vertical(srz246186710262, down)
neg, 0.1667945087684509, vertical(srz24618673912, down)
neg, 0.1667945087684509, vertical(srz24618673912, noop)
neg, 0.16679450876845095, vertical(srz24618679068, up)
neg, 0.16679450876845095, vertical(srz24618679068, down)
neg, 0.1667945087684509, vertical(srz24618677423, up)
neg, 0.1667945087684509, vertical(srz24618677423, down)
neg, 0.16679450876845095, vertical(srz246186710484, down)
neg, 0.16679450876845095, vertical(srz246186710484, noop)
neg, 0.1667945087684509, vertical(srz246186716192, up)
neg, 0.1667945087684509, vertical(srz246186716192, down)
neg, 0.16679450876845098, vertical(srz24618673473, up)
neg, 0.16679450876845098, vertical(srz24618673473, noop)
neg, 0.1667945087684509, vertical(srz24618676128, up)
neg, 0.1667945087684509, vertical(srz24618676128, noop)
neg, 0.1667945087684509, vertical(srz246186716727, up)
neg, 0.1667945087684509, vertical(srz246186716727, down)
neg, 0.1667945087684509, vertical(srz246186712664, up)
neg, 0.1667945087684509, vertical(srz246186712664, down)
neg, 0.1667945087684509, vertical(srz24618672938, up)
neg, 0.1667945087684509, vertical(srz24618672938, down)
neg, 0.16679450876845095, vertical(srz246186711300, down)
neg, 0.16679450876845095, vertical(srz246186711300, noop)
neg, 0.1667945087684509, vertical(srz246186710133, up)
neg, 0.1667945087684509, vertical(srz246186710133, down)
neg, 0.1667945087684509, vertical(srz24618679637, up)
neg, 0.1667945087684509, vertical(srz24618679637, down)
neg, 0.1667945087684509, vertical(srz2461867607, down)
neg, 0.1667945087684509, vertical(srz2461867607, noop)
neg, 0.16679450876845095, vertical(srz246186710441, down)
neg, 0.16679450876845095, vertical(srz246186710441, noop)
neg, 0.16679450876845095, vertical(srz246186713075, up)
neg, 0.16679450876845095, vertical(srz246186713075, down)
neg, 0.1667945087684509, vertical(srz246186712291, up)
neg, 0.1667945087684509, vertical(srz246186712291, down)
neg, 0.1667945087684509, vertical(srz24618676331, up)
neg, 0.1667945087684509, vertical(srz24618676331, down)
neg, 0.1667945087684509, vertical(srz246186712367, up)
neg, 0.1667945087684509, vertical(srz246186712367, down)
neg, 0.1667945087684509, vertical(srz246186711362, up)
neg, 0.1667945087684509, vertical(srz246186711362, noop)
neg, 0.1667945087684509, vertical(srz246186711767, up)
neg, 0.1667945087684509, vertical(srz246186711767, down)
neg, 0.1667945087684509, vertical(srz246186710796, up)
neg, 0.1667945087684509, vertical(srz246186710796, down)
neg, 0.1667945087684509, vertical(srz246186710286, up)
neg, 0.1667945087684509, vertical(srz246186710286, down)
neg, 0.1667945087684509, vertical(srz24618672053, down)
neg, 0.1667945087684509, vertical(srz24618672053, noop)
neg, 0.1667945087684509, vertical(srz24618675509, up)
neg, 0.1667945087684509, vertical(srz24618675509, down)
neg, 0.1667945087684509, vertical(srz24618679348, up)
neg, 0.1667945087684509, vertical(srz24618679348, down)
neg, 0.1667945087684509, vertical(srz246186711447, down)
neg, 0.1667945087684509, vertical(srz246186711447, noop)
neg, 0.1667945087684509, vertical(srz246186717043, up)
neg, 0.1667945087684509, vertical(srz246186717043, down)
neg, 0.1667945087684509, vertical(srz24618673450, up)
neg, 0.1667945087684509, vertical(srz24618673450, noop)
neg, 0.1667945087684509, vertical(srz24618674999, up)
neg, 0.1667945087684509, vertical(srz24618674999, noop)
neg, 0.1667945087684509, vertical(srz2461867443, up)
neg, 0.1667945087684509, vertical(srz2461867443, down)
neg, 0.1667945087684509, vertical(srz246186716880, up)
neg, 0.1667945087684509, vertical(srz246186716880, down)
neg, 0.1667945087684509, vertical(srz24618675246, up)
neg, 0.1667945087684509, vertical(srz24618675246, down)
neg, 0.1667945087684509, vertical(srz246186710757, up)
neg, 0.1667945087684509, vertical(srz246186710757, down)
neg, 0.1667945087684509, vertical(srz246186714744, up)
neg, 0.1667945087684509, vertical(srz246186714744, down)
neg, 0.1667945087684509, vertical(srz24618674563, up)
neg, 0.1667945087684509, vertical(srz24618674563, down)
neg, 0.1667945087684509, vertical(srz246186714023, up)
neg, 0.1667945087684509, vertical(srz246186714023, down)
neg, 0.1667945087684509, vertical(srz24618671715, up)
neg, 0.1667945087684509, vertical(srz24618671715, noop)
neg, 0.1667945087684509, vertical(srz246186713305, up)
neg, 0.1667945087684509, vertical(srz246186713305, down)
neg, 0.1667945087684509, vertical(srz246186711331, up)
neg, 0.1667945087684509, vertical(srz246186711331, down)
neg, 0.1667945087684509, vertical(srz24618674521, up)
neg, 0.1667945087684509, vertical(srz24618674521, down)
neg, 0.1667945087684509, vertical(srz24618677727, up)
neg, 0.1667945087684509, vertical(srz24618677727, down)
neg, 0.1667945087684509, vertical(srz246186715692, up)
neg, 0.1667945087684509, vertical(srz246186715692, down)
neg, 0.1667945087684509, vertical(srz246186712591, up)
neg, 0.1667945087684509, vertical(srz246186712591, noop)
neg, 0.1667945087684509, vertical(srz24618671179, up)
neg, 0.1667945087684509, vertical(srz24618671179, down)
neg, 0.16679450876845095, vertical(srz2461867912, down)
neg, 0.16679450876845095, vertical(srz2461867912, noop)
neg, 0.1667945087684509, vertical(srz246186714138, down)
neg, 0.1667945087684509, vertical(srz246186714138, noop)
neg, 0.1667945087684509, vertical(srz24618672844, up)
neg, 0.1667945087684509, vertical(srz24618672844, down)
neg, 0.16679450876845095, vertical(srz24618674363, up)
neg, 0.16679450876845095, vertical(srz24618674363, down)
neg, 0.16679450876845098, vertical(srz246186715255, up)
neg, 0.16679450876845098, vertical(srz246186715255, noop)
neg, 0.1667945087684509, vertical(srz24618679799, up)
neg, 0.1667945087684509, vertical(srz24618679799, down)
neg, 0.1667945087684509, vertical(srz246186710144, up)
neg, 0.1667945087684509, vertical(srz246186710144, down)
neg, 0.1667945087684509, vertical(srz246186713258, up)
neg, 0.1667945087684509, vertical(srz246186713258, down)
neg, 0.1667945087684509, vertical(srz2461867370, up)
neg, 0.1667945087684509, vertical(srz2461867370, down)
neg, 0.1667945087684509, vertical(srz24618674279, up)
neg, 0.1667945087684509, vertical(srz24618674279, down)
neg, 0.1667945087684509, vertical(srz246186710806, up)
neg, 0.1667945087684509, vertical(srz246186710806, noop)
neg, 0.1667945087684509, vertical(srz24618672473, up)
neg, 0.1667945087684509, vertical(srz24618672473, noop)
neg, 0.1667945087684509, vertical(srz246186712402, up)
neg, 0.1667945087684509, vertical(srz246186712402, down)
neg, 0.1667945087684509, vertical(srz246186715515, up)
neg, 0.1667945087684509, vertical(srz246186715515, noop)
neg, 0.1667945087684509, vertical(srz24618674767, up)
neg, 0.1667945087684509, vertical(srz24618674767, down)
neg, 0.1667945087684509, vertical(srz246186713621, down)
neg, 0.1667945087684509, vertical(srz246186713621, noop)
neg, 0.1667945087684509, vertical(srz24618677371, up)
neg, 0.1667945087684509, vertical(srz24618677371, down)
neg, 0.1667945087684509, vertical(srz2461867202, up)
neg, 0.1667945087684509, vertical(srz2461867202, noop)
neg, 0.1667945087684509, vertical(srz246186716039, up)
neg, 0.1667945087684509, vertical(srz246186716039, down)
neg, 0.1667945087684509, vertical(srz24618676164, up)
neg, 0.1667945087684509, vertical(srz24618676164, down)
neg, 0.1667945087684509, vertical(srz24618678125, up)
neg, 0.1667945087684509, vertical(srz24618678125, noop)
neg, 0.1667945087684509, vertical(srz246186712713, up)
neg, 0.1667945087684509, vertical(srz246186712713, down)
neg, 0.16679450876845095, vertical(srz24618675601, up)
neg, 0.16679450876845095, vertical(srz24618675601, down)
neg, 0.1667945087684509, vertical(srz24618673034, up)
neg, 0.1667945087684509, vertical(srz24618673034, down)
neg, 0.1667945087684509, vertical(srz24618679730, up)
neg, 0.1667945087684509, vertical(srz24618679730, down)
neg, 0.1667945087684509, vertical(srz246186713865, up)
neg, 0.1667945087684509, vertical(srz246186713865, noop)
neg, 0.16679450876845095, vertical(srz246186716565, up)
neg, 0.16679450876845095, vertical(srz246186716565, down)
neg, 0.1667945087684509, vertical(srz246186712346, up)
neg, 0.1667945087684509, vertical(srz246186712346, down)
neg, 0.1667945087684509, vertical(srz246186715530, up)
neg, 0.1667945087684509, vertical(srz246186715530, down)
neg, 0.1667945087684509, vertical(srz246186786, up)
neg, 0.1667945087684509, vertical(srz246186786, down)
neg, 0.1667945087684509, vertical(srz246186711984, up)
neg, 0.1667945087684509, vertical(srz246186711984, noop)
neg, 0.1667945087684509, vertical(srz24618672130, up)
neg, 0.1667945087684509, vertical(srz24618672130, down)
neg, 0.1667945087684509, vertical(srz24618674551, up)
neg, 0.1667945087684509, vertical(srz24618674551, down)
neg, 0.1667945087684509, vertical(srz24618678440, up)
neg, 0.1667945087684509, vertical(srz24618678440, down)
neg, 0.16679450876845095, vertical(srz24618676021, up)
neg, 0.16679450876845095, vertical(srz24618676021, down)
neg, 0.1667945087684509, vertical(srz246186716855, up)
neg, 0.1667945087684509, vertical(srz246186716855, noop)
neg, 0.1667945087684509, vertical(srz24618671472, up)
neg, 0.1667945087684509, vertical(srz24618671472, down)
neg, 0.1667945087684509, vertical(srz24618677741, down)
neg, 0.1667945087684509, vertical(srz24618677741, noop)
neg, 0.16679450876845095, vertical(srz24618679483, up)
neg, 0.16679450876845095, vertical(srz24618679483, down)
neg, 0.1667945087684509, vertical(srz246186715727, down)
neg, 0.1667945087684509, vertical(srz246186715727, noop)
neg, 0.1667945087684509, vertical(srz246186711381, up)
neg, 0.1667945087684509, vertical(srz246186711381, down)
neg, 0.16679450876845178, vertical(srz246186717126, up)
neg, 0.16679450876845178, vertical(srz246186717126, down)
neg, 0.1667945087684509, vertical(srz24618672428, up)
neg, 0.1667945087684509, vertical(srz24618672428, down)
neg, 0.1667945087684509, vertical(srz24618671224, up)
neg, 0.1667945087684509, vertical(srz24618671224, down)
neg, 0.1667945087684509, vertical(srz24618675772, up)
neg, 0.1667945087684509, vertical(srz24618675772, down)
neg, 0.1667945087684509, vertical(srz246186747, up)
neg, 0.1667945087684509, vertical(srz246186747, down)
neg, 0.1667945087684509, vertical(srz24618675426, up)
neg, 0.1667945087684509, vertical(srz24618675426, down)
neg, 0.1667945087684509, vertical(srz246186713941, up)
neg, 0.1667945087684509, vertical(srz246186713941, down)
neg, 0.1667945087684509, vertical(srz24618673518, up)
neg, 0.1667945087684509, vertical(srz24618673518, down)
neg, 0.1667945087684509, vertical(srz246186712717, down)
neg, 0.1667945087684509, vertical(srz246186712717, noop)
neg, 0.1667945087684509, vertical(srz24618677478, up)
neg, 0.1667945087684509, vertical(srz24618677478, down)
neg, 0.1667945087684509, vertical(srz24618678102, up)
neg, 0.1667945087684509, vertical(srz24618678102, down)
neg, 0.1667945087684509, vertical(srz246186713159, up)
neg, 0.1667945087684509, vertical(srz246186713159, down)
neg, 0.1667945087684509, vertical(srz246186711563, up)
neg, 0.1667945087684509, vertical(srz246186711563, down)
neg, 0.1667945087684509, vertical(srz2461867307, down)
neg, 0.1667945087684509, vertical(srz2461867307, noop)
neg, 0.1667945087684509, vertical(srz24618671090, up)
neg, 0.1667945087684509, vertical(srz24618671090, down)
neg, 0.16679450876845095, vertical(srz2461867424, up)
neg, 0.16679450876845095, vertical(srz2461867424, noop)
neg, 0.1667945087684509, vertical(srz246186714767, up)
neg, 0.1667945087684509, vertical(srz246186714767, down)
neg, 0.1667945087684509, vertical(srz2461867128, up)
neg, 0.1667945087684509, vertical(srz2461867128, noop)
neg, 0.1667945087684509, vertical(srz24618679283, up)
neg, 0.1667945087684509, vertical(srz24618679283, down)
neg, 0.16679450876845095, vertical(srz246186710396, up)
neg, 0.16679450876845095, vertical(srz246186710396, down)
neg, 0.1667945087684509, vertical(srz24618674529, up)
neg, 0.1667945087684509, vertical(srz24618674529, down)
neg, 0.1667945087684509, vertical(srz246186711146, up)
neg, 0.1667945087684509, vertical(srz246186711146, down)
neg, 0.1667945087684509, vertical(srz246186713568, up)
neg, 0.1667945087684509, vertical(srz246186713568, noop)
neg, 0.1667945087684509, vertical(srz24618676914, down)
neg, 0.1667945087684509, vertical(srz24618676914, noop)
neg, 0.1667945087684509, vertical(srz246186714890, up)
neg, 0.1667945087684509, vertical(srz246186714890, down)
neg, 0.1667945087684509, vertical(srz246186714571, up)
neg, 0.1667945087684509, vertical(srz246186714571, down)
neg, 0.1667945087684509, vertical(srz2461867736, up)
neg, 0.1667945087684509, vertical(srz2461867736, down)
neg, 0.1667945087684509, vertical(srz246186716996, down)
neg, 0.1667945087684509, vertical(srz246186716996, noop)
neg, 0.1667945087684509, vertical(srz24618673435, up)
neg, 0.1667945087684509, vertical(srz24618673435, noop)
neg, 0.1667945087684509, vertical(srz246186714361, up)
neg, 0.1667945087684509, vertical(srz246186714361, down)
neg, 0.16679450876845095, vertical(srz246186715954, up)
neg, 0.16679450876845095, vertical(srz246186715954, down)
neg, 0.1667945087684509, vertical(srz24618674219, up)
neg, 0.1667945087684509, vertical(srz24618674219, down)
neg, 0.16679450876845098, vertical(srz246186715238, up)
neg, 0.16679450876845098, vertical(srz246186715238, noop)
neg, 0.1667945087684509, vertical(srz246186715587, up)
neg, 0.1667945087684509, vertical(srz246186715587, down)
neg, 0.1667945087684509, vertical(srz24618675399, up)
neg, 0.1667945087684509, vertical(srz24618675399, noop)
neg, 0.1667945087684509, vertical(srz24618671757, up)
neg, 0.1667945087684509, vertical(srz24618671757, noop)
neg, 0.16679450876845095, vertical(srz24618675113, down)
neg, 0.16679450876845095, vertical(srz24618675113, noop)
neg, 0.1667945087684509, vertical(srz24618673873, up)
neg, 0.1667945087684509, vertical(srz24618673873, down)
neg, 0.16679450876845095, vertical(srz24618677605, up)
neg, 0.16679450876845095, vertical(srz24618677605, down)
neg, 0.1667945087684509, vertical(srz246186710976, up)
neg, 0.1667945087684509, vertical(srz246186710976, down)
neg, 0.1667945087684509, vertical(srz246186714727, up)
neg, 0.1667945087684509, vertical(srz246186714727, down)
neg, 0.16679450876845098, vertical(srz24618674063, down)
neg, 0.16679450876845098, vertical(srz24618674063, noop)
neg, 0.1667945087684509, vertical(srz2461867385, down)
neg, 0.1667945087684509, vertical(srz2461867385, noop)
neg, 0.16679450876845095, vertical(srz24618677285, down)
neg, 0.16679450876845095, vertical(srz24618677285, noop)
neg, 0.16679450876845095, vertical(srz246186715916, down)
neg, 0.16679450876845095, vertical(srz246186715916, noop)
neg, 0.1667945087684509, vertical(srz24618675407, up)
neg, 0.1667945087684509, vertical(srz24618675407, noop)
neg, 0.1667945087684509, vertical(srz246186710862, up)
neg, 0.1667945087684509, vertical(srz246186710862, down)
neg, 0.1667945087684509, vertical(srz24618678365, up)
neg, 0.1667945087684509, vertical(srz24618678365, down)
neg, 0.1667945087684509, vertical(srz246186711081, up)
neg, 0.1667945087684509, vertical(srz246186711081, down)
neg, 0.1667945087684509, vertical(srz246186711038, up)
neg, 0.1667945087684509, vertical(srz246186711038, down)
neg, 0.1667945087684509, vertical(srz24618676135, up)
neg, 0.1667945087684509, vertical(srz24618676135, down)
neg, 0.16679450876845095, vertical(srz24618679530, up)
neg, 0.16679450876845095, vertical(srz24618679530, down)
neg, 0.16679450876845095, vertical(srz24618675626, down)
neg, 0.16679450876845095, vertical(srz24618675626, noop)
neg, 0.1667945087684509, vertical(srz24618678425, up)
neg, 0.1667945087684509, vertical(srz24618678425, noop)
neg, 0.1667945087684509, vertical(srz24618677720, up)
neg, 0.1667945087684509, vertical(srz24618677720, down)
neg, 0.1667945087684509, vertical(srz246186713998, down)
neg, 0.1667945087684509, vertical(srz246186713998, noop)
neg, 0.1667945087684509, vertical(srz246186712814, up)
neg, 0.1667945087684509, vertical(srz246186712814, down)
neg, 0.1667945087684509, vertical(srz24618676256, up)
neg, 0.1667945087684509, vertical(srz24618676256, down)
neg, 0.1667945087684509, vertical(srz24618678958, up)
neg, 0.1667945087684509, vertical(srz24618678958, noop)
neg, 0.1667945087684509, vertical(srz24618679732, up)
neg, 0.1667945087684509, vertical(srz24618679732, down)
neg, 0.1667945087684509, vertical(srz246186713278, up)
neg, 0.1667945087684509, vertical(srz246186713278, down)
neg, 0.1667945087684509, vertical(srz246186710693, up)
neg, 0.1667945087684509, vertical(srz246186710693, down)
neg, 0.1667945087684509, vertical(srz24618678858, up)
neg, 0.1667945087684509, vertical(srz24618678858, down)
neg, 0.16679450876845095, vertical(srz24618678650, down)
neg, 0.16679450876845095, vertical(srz24618678650, noop)
neg, 0.1667945087684509, vertical(srz246186711391, up)
neg, 0.1667945087684509, vertical(srz246186711391, noop)
neg, 0.1667945087684509, vertical(srz24618673729, up)
neg, 0.1667945087684509, vertical(srz24618673729, noop)
neg, 0.16679450876845095, vertical(srz24618674413, up)
neg, 0.16679450876845095, vertical(srz24618674413, down)
neg, 0.1667945087684509, vertical(srz246186711060, up)
neg, 0.1667945087684509, vertical(srz246186711060, noop)
neg, 0.16679450876845095, vertical(srz24618674407, up)
neg, 0.16679450876845095, vertical(srz24618674407, down)
neg, 0.1667945087684509, vertical(srz246186712316, up)
neg, 0.1667945087684509, vertical(srz246186712316, down)
neg, 0.16679450876845095, vertical(srz246186714697, up)
neg, 0.16679450876845095, vertical(srz246186714697, down)
neg, 0.1667945087684509, vertical(srz24618676385, up)
neg, 0.1667945087684509, vertical(srz24618676385, down)
neg, 0.1667945087684509, vertical(srz246186715319, up)
neg, 0.1667945087684509, vertical(srz246186715319, down)
neg, 0.1667945087684509, vertical(srz246186714740, up)
neg, 0.1667945087684509, vertical(srz246186714740, down)
neg, 0.1667945087684509, vertical(srz24618678397, up)
neg, 0.1667945087684509, vertical(srz24618678397, down)
neg, 0.1667945087684509, vertical(srz246186713627, down)
neg, 0.1667945087684509, vertical(srz246186713627, noop)
neg, 0.1667945087684509, vertical(srz246186712202, up)
neg, 0.1667945087684509, vertical(srz246186712202, down)
neg, 0.1667945087684509, vertical(srz24618675841, up)
neg, 0.1667945087684509, vertical(srz24618675841, down)
neg, 0.1667945087684509, vertical(srz246186715471, up)
neg, 0.1667945087684509, vertical(srz246186715471, noop)
neg, 0.1667945087684509, vertical(srz24618677879, up)
neg, 0.1667945087684509, vertical(srz24618677879, down)
neg, 0.16679450876845095, vertical(srz2461867911, down)
neg, 0.16679450876845095, vertical(srz2461867911, noop)
neg, 0.1667945087684509, vertical(srz24618675656, down)
neg, 0.1667945087684509, vertical(srz24618675656, noop)
neg, 0.16679450876845098, vertical(srz246186716426, up)
neg, 0.16679450876845098, vertical(srz246186716426, down)
neg, 0.1667945087684509, vertical(srz2461867104, up)
neg, 0.1667945087684509, vertical(srz2461867104, down)
neg, 0.16679450876845098, vertical(srz24618677282, down)
neg, 0.16679450876845098, vertical(srz24618677282, noop)
neg, 0.1667945087684509, vertical(srz24618671374, up)
neg, 0.1667945087684509, vertical(srz24618671374, noop)
neg, 0.1667945087684509, vertical(srz24618678398, up)
neg, 0.1667945087684509, vertical(srz24618678398, down)
neg, 0.1667945087684509, vertical(srz246186716232, up)
neg, 0.1667945087684509, vertical(srz246186716232, noop)
neg, 0.1667945087684509, vertical(srz246186713807, up)
neg, 0.1667945087684509, vertical(srz246186713807, down)
neg, 0.1667945087684509, vertical(srz24618671539, up)
neg, 0.1667945087684509, vertical(srz24618671539, down)
neg, 0.16679450876845095, vertical(srz246186710078, up)
neg, 0.16679450876845095, vertical(srz246186710078, down)
neg, 0.16679450876845095, vertical(srz24618679230, up)
neg, 0.16679450876845095, vertical(srz24618679230, down)
neg, 0.1667945087684509, vertical(srz24618674895, up)
neg, 0.1667945087684509, vertical(srz24618674895, down)
neg, 0.1667945087684509, vertical(srz246186712964, up)
neg, 0.1667945087684509, vertical(srz246186712964, down)
neg, 0.1667945087684509, vertical(srz24618679753, up)
neg, 0.1667945087684509, vertical(srz24618679753, down)
neg, 0.1667945087684509, vertical(srz24618674167, up)
neg, 0.1667945087684509, vertical(srz24618674167, down)
neg, 0.1667945087684509, vertical(srz24618676920, down)
neg, 0.1667945087684509, vertical(srz24618676920, noop)
neg, 0.1667945087684509, vertical(srz246186714465, up)
neg, 0.1667945087684509, vertical(srz246186714465, down)
neg, 0.1667945087684509, vertical(srz24618674626, up)
neg, 0.1667945087684509, vertical(srz24618674626, down)
neg, 0.16679450876845095, vertical(srz24618679157, up)
neg, 0.16679450876845095, vertical(srz24618679157, down)
neg, 0.16679450876845095, vertical(srz24618675597, up)
neg, 0.16679450876845095, vertical(srz24618675597, noop)
neg, 0.1667945087684509, vertical(srz24618678673, up)
neg, 0.1667945087684509, vertical(srz24618678673, down)
neg, 0.1667945087684509, vertical(srz246186714787, up)
neg, 0.1667945087684509, vertical(srz246186714787, down)
neg, 0.1667945087684509, vertical(srz246186712257, up)
neg, 0.1667945087684509, vertical(srz246186712257, down)
neg, 0.1667945087684509, vertical(srz24618677063, up)
neg, 0.1667945087684509, vertical(srz24618677063, down)
neg, 0.1667945087684509, vertical(srz24618678359, up)
neg, 0.1667945087684509, vertical(srz24618678359, down)
neg, 0.1667945087684509, vertical(srz24618671587, down)
neg, 0.1667945087684509, vertical(srz24618671587, noop)
neg, 0.1667945087684509, vertical(srz24618676794, down)
neg, 0.1667945087684509, vertical(srz24618676794, noop)
neg, 0.1667945087684509, vertical(srz246186715092, down)
neg, 0.1667945087684509, vertical(srz246186715092, noop)
neg, 0.1667945087684509, vertical(srz24618676827, up)
neg, 0.1667945087684509, vertical(srz24618676827, noop)
neg, 0.1667945087684509, vertical(srz24618678393, down)
neg, 0.1667945087684509, vertical(srz24618678393, noop)
neg, 0.1667945087684509, vertical(srz24618671574, down)
neg, 0.1667945087684509, vertical(srz24618671574, noop)
neg, 0.1667945087684509, vertical(srz24618678071, up)
neg, 0.1667945087684509, vertical(srz24618678071, down)
neg, 0.1667945087684509, vertical(srz24618673145, down)
neg, 0.1667945087684509, vertical(srz24618673145, noop)
neg, 0.1667945087684509, vertical(srz24618674610, down)
neg, 0.1667945087684509, vertical(srz24618674610, noop)
neg, 0.1667945087684509, vertical(srz24618674826, up)
neg, 0.1667945087684509, vertical(srz24618674826, noop)
neg, 0.16679450876845095, vertical(srz24618672568, down)
neg, 0.16679450876845095, vertical(srz24618672568, noop)
neg, 0.1667945087684509, vertical(srz24618671732, up)
neg, 0.1667945087684509, vertical(srz24618671732, down)
neg, 0.1667945087684509, vertical(srz24618672209, up)
neg, 0.1667945087684509, vertical(srz24618672209, down)
neg, 0.1667945087684509, vertical(srz24618679307, up)
neg, 0.1667945087684509, vertical(srz24618679307, down)
neg, 0.1667945087684509, vertical(srz24618676703, up)
neg, 0.1667945087684509, vertical(srz24618676703, noop)
neg, 0.16679450876845095, vertical(srz24618677591, up)
neg, 0.16679450876845095, vertical(srz24618677591, noop)
neg, 0.1667945087684509, vertical(srz246186716040, up)
neg, 0.1667945087684509, vertical(srz246186716040, down)
neg, 0.1667945087684509, vertical(srz24618674818, up)
neg, 0.1667945087684509, vertical(srz24618674818, down)
neg, 0.1667945087684509, vertical(srz24618675163, up)
neg, 0.1667945087684509, vertical(srz24618675163, noop)
neg, 0.1667945087684509, vertical(srz2461867355, up)
neg, 0.1667945087684509, vertical(srz2461867355, noop)
neg, 0.1667945087684509, vertical(srz246186712755, up)
neg, 0.1667945087684509, vertical(srz246186712755, noop)
neg, 0.1667945087684509, vertical(srz24618674994, up)
neg, 0.1667945087684509, vertical(srz24618674994, noop)
neg, 0.1667945087684509, vertical(srz24618679582, down)
neg, 0.1667945087684509, vertical(srz24618679582, noop)
neg, 0.1667945087684509, vertical(srz24618677822, up)
neg, 0.1667945087684509, vertical(srz24618677822, down)
neg, 0.1667945087684509, vertical(srz24618678348, up)
neg, 0.1667945087684509, vertical(srz24618678348, down)
neg, 0.16679450876845095, vertical(srz24618675240, up)
neg, 0.16679450876845095, vertical(srz24618675240, down)
neg, 0.1667945087684509, vertical(srz246186711094, up)
neg, 0.1667945087684509, vertical(srz246186711094, down)
neg, 0.1667945087684509, vertical(srz24618679807, up)
neg, 0.1667945087684509, vertical(srz24618679807, down)
neg, 0.1667945087684509, vertical(srz24618671076, up)
neg, 0.1667945087684509, vertical(srz24618671076, down)
neg, 0.1667945087684509, vertical(srz24618676883, up)
neg, 0.1667945087684509, vertical(srz24618676883, noop)
neg, 0.1667945087684509, vertical(srz246186712296, down)
neg, 0.1667945087684509, vertical(srz246186712296, noop)
neg, 0.1667945087684509, vertical(srz246186711369, up)
neg, 0.1667945087684509, vertical(srz246186711369, noop)
neg, 0.16679450876845095, vertical(srz246186710446, down)
neg, 0.16679450876845095, vertical(srz246186710446, noop)
neg, 0.1667945087684509, vertical(srz24618679983, up)
neg, 0.1667945087684509, vertical(srz24618679983, down)
neg, 0.16679450876845098, vertical(srz246186711731, up)
neg, 0.16679450876845098, vertical(srz246186711731, down)
neg, 0.16679450876845095, vertical(srz24618675645, down)
neg, 0.16679450876845095, vertical(srz24618675645, noop)
neg, 0.1667945087684509, vertical(srz246186712321, up)
neg, 0.1667945087684509, vertical(srz246186712321, down)
neg, 0.1667945087684509, vertical(srz246186712791, up)
neg, 0.1667945087684509, vertical(srz246186712791, down)
neg, 0.1667945087684509, vertical(srz24618676471, up)
neg, 0.1667945087684509, vertical(srz24618676471, down)
neg, 0.1667945087684509, vertical(srz246186712153, up)
neg, 0.1667945087684509, vertical(srz246186712153, down)
neg, 0.1667945087684509, vertical(srz24618674834, up)
neg, 0.1667945087684509, vertical(srz24618674834, noop)
neg, 0.1667945087684509, vertical(srz246186714982, up)
neg, 0.1667945087684509, vertical(srz246186714982, down)
neg, 0.1667945087684509, vertical(srz24618671047, up)
neg, 0.1667945087684509, vertical(srz24618671047, down)
neg, 0.1667945087684509, vertical(srz246186711224, up)
neg, 0.1667945087684509, vertical(srz246186711224, down)
neg, 0.16679450876845098, vertical(srz246186711704, up)
neg, 0.16679450876845098, vertical(srz246186711704, down)
neg, 0.1667945087684509, vertical(srz24618677360, up)
neg, 0.1667945087684509, vertical(srz24618677360, down)
neg, 0.1667945087684509, vertical(srz24618672000, up)
neg, 0.1667945087684509, vertical(srz24618672000, down)
neg, 0.1667945087684509, vertical(srz246186711470, up)
neg, 0.1667945087684509, vertical(srz246186711470, noop)
neg, 0.1667945087684509, vertical(srz24618678415, up)
neg, 0.1667945087684509, vertical(srz24618678415, noop)
neg, 0.1667945087684509, vertical(srz24618673334, down)
neg, 0.1667945087684509, vertical(srz24618673334, noop)
neg, 0.1667945087684509, vertical(srz24618676591, down)
neg, 0.1667945087684509, vertical(srz24618676591, noop)
neg, 0.1667945087684509, vertical(srz24618671169, up)
neg, 0.1667945087684509, vertical(srz24618671169, down)
neg, 0.1667945087684509, vertical(srz246186713307, up)
neg, 0.1667945087684509, vertical(srz246186713307, down)
neg, 0.1667945087684509, vertical(srz2461867253, up)
neg, 0.1667945087684509, vertical(srz2461867253, down)
neg, 0.1667945087684509, vertical(srz24618676076, up)
neg, 0.1667945087684509, vertical(srz24618676076, noop)
neg, 0.1667945087684509, vertical(srz246186711017, down)
neg, 0.1667945087684509, vertical(srz246186711017, noop)
neg, 0.1667945087684509, vertical(srz24618677875, up)
neg, 0.1667945087684509, vertical(srz24618677875, down)
neg, 0.1667945087684509, vertical(srz246186711101, up)
neg, 0.1667945087684509, vertical(srz246186711101, down)
neg, 0.1667945087684509, vertical(srz24618679977, up)
neg, 0.1667945087684509, vertical(srz24618679977, noop)
neg, 0.16679450876845095, vertical(srz24618679229, up)
neg, 0.16679450876845095, vertical(srz24618679229, down)
neg, 0.1667945087684509, vertical(srz2461867151, up)
neg, 0.1667945087684509, vertical(srz2461867151, down)
neg, 0.16679450876845095, vertical(srz246186710521, up)
neg, 0.16679450876845095, vertical(srz246186710521, down)
neg, 0.1667945087684509, vertical(srz246186710142, up)
neg, 0.1667945087684509, vertical(srz246186710142, down)
neg, 0.1667945087684509, vertical(srz24618672118, down)
neg, 0.1667945087684509, vertical(srz24618672118, noop)
neg, 0.1667945087684509, vertical(srz24618671293, up)
neg, 0.1667945087684509, vertical(srz24618671293, down)
neg, 0.16679450876845145, vertical(srz24618677259, down)
neg, 0.16679450876845145, vertical(srz24618677259, noop)
neg, 0.1667945087684509, vertical(srz246186713442, up)
neg, 0.1667945087684509, vertical(srz246186713442, noop)
neg, 0.1667945087684509, vertical(srz24618679764, up)
neg, 0.1667945087684509, vertical(srz24618679764, down)
neg, 0.1667945087684509, vertical(srz246186716748, up)
neg, 0.1667945087684509, vertical(srz246186716748, noop)
neg, 0.1667945087684509, vertical(srz24618677793, down)
neg, 0.1667945087684509, vertical(srz24618677793, noop)
neg, 0.1667945087684509, vertical(srz246186714877, up)
neg, 0.1667945087684509, vertical(srz246186714877, down)
neg, 0.1667945087684509, vertical(srz246186713540, up)
neg, 0.1667945087684509, vertical(srz246186713540, down)
neg, 0.1667945087684509, vertical(srz24618672170, up)
neg, 0.1667945087684509, vertical(srz24618672170, down)
neg, 0.1667945087684509, vertical(srz24618676252, up)
neg, 0.1667945087684509, vertical(srz24618676252, down)
neg, 0.1667945087684509, vertical(srz24618676288, down)
neg, 0.1667945087684509, vertical(srz24618676288, noop)
neg, 0.1667945087684509, vertical(srz246186715912, down)
neg, 0.1667945087684509, vertical(srz246186715912, noop)
neg, 0.1667945087684509, vertical(srz24618677935, up)
neg, 0.1667945087684509, vertical(srz24618677935, down)
neg, 0.1667945087684509, vertical(srz24618677774, up)
neg, 0.1667945087684509, vertical(srz24618677774, down)
neg, 0.1667945087684509, vertical(srz246186714914, up)
neg, 0.1667945087684509, vertical(srz246186714914, down)
neg, 0.16679450876845095, vertical(srz246186711917, up)
neg, 0.16679450876845095, vertical(srz246186711917, down)
neg, 0.16679450876845178, vertical(srz246186716390, up)
neg, 0.16679450876845178, vertical(srz246186716390, down)
neg, 0.1667945087684509, vertical(srz24618672855, up)
neg, 0.1667945087684509, vertical(srz24618672855, down)
neg, 0.1667945087684509, vertical(srz24618676429, up)
neg, 0.1667945087684509, vertical(srz24618676429, down)
neg, 0.1667945087684509, vertical(srz24618679282, up)
neg, 0.1667945087684509, vertical(srz24618679282, down)
neg, 0.16679450876845098, vertical(srz24618672357, up)
neg, 0.16679450876845098, vertical(srz24618672357, down)
neg, 0.1667945087684509, vertical(srz2461867682, up)
neg, 0.1667945087684509, vertical(srz2461867682, noop)
neg, 0.1667945087684509, vertical(srz24618671980, up)
neg, 0.1667945087684509, vertical(srz24618671980, noop)
neg, 0.1667945087684509, vertical(srz246186715345, up)
neg, 0.1667945087684509, vertical(srz246186715345, down)
neg, 0.1667945087684509, vertical(srz246186715724, down)
neg, 0.1667945087684509, vertical(srz246186715724, noop)
neg, 0.1667945087684509, vertical(srz24618677194, up)
neg, 0.1667945087684509, vertical(srz24618677194, down)
neg, 0.16679450876845145, vertical(srz24618677274, down)
neg, 0.16679450876845145, vertical(srz24618677274, noop)
neg, 0.1667945087684509, vertical(srz246186712715, up)
neg, 0.1667945087684509, vertical(srz246186712715, down)
neg, 0.1667945087684509, vertical(srz246186710641, up)
neg, 0.1667945087684509, vertical(srz246186710641, down)
neg, 0.1667945087684509, vertical(srz24618677502, up)
neg, 0.1667945087684509, vertical(srz24618677502, down)
neg, 0.1667945087684509, vertical(srz24618678844, down)
neg, 0.1667945087684509, vertical(srz24618678844, noop)
neg, 0.1667945087684509, vertical(srz24618674479, up)
neg, 0.1667945087684509, vertical(srz24618674479, noop)
neg, 0.1667945087684509, vertical(srz246186712957, up)
neg, 0.1667945087684509, vertical(srz246186712957, noop)
neg, 0.1667945087684509, vertical(srz246186716774, up)
neg, 0.1667945087684509, vertical(srz246186716774, down)
neg, 0.1667945087684509, vertical(srz246186711332, up)
neg, 0.1667945087684509, vertical(srz246186711332, down)
neg, 0.1667945087684509, vertical(srz24618672566, up)
neg, 0.1667945087684509, vertical(srz24618672566, down)
neg, 0.1667945087684509, vertical(srz24618673634, up)
neg, 0.1667945087684509, vertical(srz24618673634, down)
neg, 0.1667945087684509, vertical(srz246186711285, up)
neg, 0.1667945087684509, vertical(srz246186711285, down)
neg, 0.1667945087684509, vertical(srz246186714221, up)
neg, 0.1667945087684509, vertical(srz246186714221, noop)
neg, 0.1667945087684509, vertical(srz246186710667, up)
neg, 0.1667945087684509, vertical(srz246186710667, down)
neg, 0.1667945087684509, vertical(srz246186712963, up)
neg, 0.1667945087684509, vertical(srz246186712963, down)
neg, 0.16679450876845178, vertical(srz246186717154, up)
neg, 0.16679450876845178, vertical(srz246186717154, down)
neg, 0.1667945087684509, vertical(srz24618678206, down)
neg, 0.1667945087684509, vertical(srz24618678206, noop)
neg, 0.1667945087684509, vertical(srz246186713290, up)
neg, 0.1667945087684509, vertical(srz246186713290, down)
neg, 0.1667945087684509, vertical(srz246186710035, up)
neg, 0.1667945087684509, vertical(srz246186710035, noop)
neg, 0.1667945087684509, vertical(srz246186712740, down)
neg, 0.1667945087684509, vertical(srz246186712740, noop)
neg, 0.1667945087684509, vertical(srz24618671610, down)
neg, 0.1667945087684509, vertical(srz24618671610, noop)
neg, 0.1667945087684509, vertical(srz246186716047, up)
neg, 0.1667945087684509, vertical(srz246186716047, down)
neg, 0.1667945087684509, vertical(srz246186716300, up)
neg, 0.1667945087684509, vertical(srz246186716300, down)
neg, 0.1667945087684509, vertical(srz24618671748, up)
neg, 0.1667945087684509, vertical(srz24618671748, noop)
neg, 0.1667945087684509, vertical(srz24618673154, down)
neg, 0.1667945087684509, vertical(srz24618673154, noop)
neg, 0.1667945087684509, vertical(srz246186714455, up)
neg, 0.1667945087684509, vertical(srz246186714455, noop)
neg, 0.1667945087684509, vertical(srz246186716671, up)
neg, 0.1667945087684509, vertical(srz246186716671, down)
neg, 0.1667945087684509, vertical(srz2461867470, up)
neg, 0.1667945087684509, vertical(srz2461867470, down)
neg, 0.1667945087684509, vertical(srz2461867537, up)
neg, 0.1667945087684509, vertical(srz2461867537, down)
neg, 0.1667945087684509, vertical(srz24618677814, up)
neg, 0.1667945087684509, vertical(srz24618677814, down)
neg, 0.1667945087684509, vertical(srz24618671649, down)
neg, 0.1667945087684509, vertical(srz24618671649, noop)
neg, 0.1667945087684509, vertical(srz24618671486, up)
neg, 0.1667945087684509, vertical(srz24618671486, noop)
neg, 0.1667945087684509, vertical(srz24618678543, up)
neg, 0.1667945087684509, vertical(srz24618678543, down)
neg, 0.1667945087684509, vertical(srz24618675905, up)
neg, 0.1667945087684509, vertical(srz24618675905, down)
neg, 0.1667945087684509, vertical(srz246186710114, down)
neg, 0.1667945087684509, vertical(srz246186710114, noop)
neg, 0.1667945087684509, vertical(srz246186714070, up)
neg, 0.1667945087684509, vertical(srz246186714070, down)
neg, 0.16679450876845098, vertical(srz246186716967, up)
neg, 0.16679450876845098, vertical(srz246186716967, noop)
neg, 0.16679450876845098, vertical(srz246186716497, up)
neg, 0.16679450876845098, vertical(srz246186716497, down)
neg, 0.16679450876845095, vertical(srz246186716557, up)
neg, 0.16679450876845095, vertical(srz246186716557, down)
neg, 0.1667945087684509, vertical(srz24618677858, up)
neg, 0.1667945087684509, vertical(srz24618677858, noop)
neg, 0.1667945087684509, vertical(srz24618677378, up)
neg, 0.1667945087684509, vertical(srz24618677378, down)
neg, 0.16679450876845095, vertical(srz246186711925, up)
neg, 0.16679450876845095, vertical(srz246186711925, down)
neg, 0.1667945087684509, vertical(srz24618674903, up)
neg, 0.1667945087684509, vertical(srz24618674903, noop)
neg, 0.1667945087684509, vertical(srz24618674500, up)
neg, 0.1667945087684509, vertical(srz24618674500, noop)
neg, 0.1667945087684509, vertical(srz246186710324, up)
neg, 0.1667945087684509, vertical(srz246186710324, down)
neg, 0.1667945087684509, vertical(srz246186712484, up)
neg, 0.1667945087684509, vertical(srz246186712484, noop)
neg, 0.16679450876845095, vertical(srz246186710551, up)
neg, 0.16679450876845095, vertical(srz246186710551, down)
neg, 0.1667945087684509, vertical(srz246186715182, up)
neg, 0.1667945087684509, vertical(srz246186715182, noop)
neg, 0.1667945087684509, vertical(srz246186711227, up)
neg, 0.1667945087684509, vertical(srz246186711227, down)
neg, 0.1667945087684509, vertical(srz246186713254, up)
neg, 0.1667945087684509, vertical(srz246186713254, down)
neg, 0.1667945087684509, vertical(srz246186713647, down)
neg, 0.1667945087684509, vertical(srz246186713647, noop)
neg, 0.1667945087684509, vertical(srz24618678883, up)
neg, 0.1667945087684509, vertical(srz24618678883, noop)
neg, 0.1667945087684509, vertical(srz246186712480, up)
neg, 0.1667945087684509, vertical(srz246186712480, noop)
neg, 0.1667945087684509, vertical(srz24618671263, up)
neg, 0.1667945087684509, vertical(srz24618671263, down)
neg, 0.16679450876845095, vertical(srz2461867415, up)
neg, 0.16679450876845095, vertical(srz2461867415, noop)
neg, 0.1667945087684509, vertical(srz246186712363, up)
neg, 0.1667945087684509, vertical(srz246186712363, down)
neg, 0.1667945087684509, vertical(srz24618673062, up)
neg, 0.1667945087684509, vertical(srz24618673062, down)
neg, 0.1667945087684509, vertical(srz24618671466, up)
neg, 0.1667945087684509, vertical(srz24618671466, down)
neg, 0.1667945087684509, vertical(srz246186710789, up)
neg, 0.1667945087684509, vertical(srz246186710789, down)
neg, 0.1667945087684509, vertical(srz24618678758, up)
neg, 0.1667945087684509, vertical(srz24618678758, noop)
neg, 0.1667945087684509, vertical(srz24618673060, up)
neg, 0.1667945087684509, vertical(srz24618673060, down)
neg, 0.16679450876845178, vertical(srz246186716398, up)
neg, 0.16679450876845178, vertical(srz246186716398, down)
neg, 0.1667945087684509, vertical(srz24618672739, up)
neg, 0.1667945087684509, vertical(srz24618672739, down)
neg, 0.1667945087684509, vertical(srz24618676842, up)
neg, 0.1667945087684509, vertical(srz24618676842, noop)
neg, 0.1667945087684509, vertical(srz246186714929, up)
neg, 0.1667945087684509, vertical(srz246186714929, down)
neg, 0.1667945087684509, vertical(srz246186716765, up)
neg, 0.1667945087684509, vertical(srz246186716765, down)
neg, 0.1667945087684509, vertical(srz24618676973, up)
neg, 0.1667945087684509, vertical(srz24618676973, down)
neg, 0.16679450876845095, vertical(srz246186716251, up)
neg, 0.16679450876845095, vertical(srz246186716251, noop)
neg, 0.16679450876845095, vertical(srz24618679137, down)
neg, 0.16679450876845095, vertical(srz24618679137, noop)
neg, 0.1667945087684509, vertical(srz246186714885, up)
neg, 0.1667945087684509, vertical(srz246186714885, down)
neg, 0.1667945087684509, vertical(srz24618676327, up)
neg, 0.1667945087684509, vertical(srz24618676327, down)
neg, 0.1667945087684509, vertical(srz24618678239, up)
neg, 0.1667945087684509, vertical(srz24618678239, down)
neg, 0.1667945087684509, vertical(srz24618671445, up)
neg, 0.1667945087684509, vertical(srz24618671445, down)
neg, 0.1667945087684509, vertical(srz2461867758, up)
neg, 0.1667945087684509, vertical(srz2461867758, down)
neg, 0.1667945087684509, vertical(srz24618679371, up)
neg, 0.1667945087684509, vertical(srz24618679371, down)
neg, 0.1667945087684509, vertical(srz24618673093, up)
neg, 0.1667945087684509, vertical(srz24618673093, noop)
neg, 0.16679450876845095, vertical(srz246186713067, down)
neg, 0.16679450876845095, vertical(srz246186713067, noop)
neg, 0.1667945087684509, vertical(srz2461867522, up)
neg, 0.1667945087684509, vertical(srz2461867522, down)
neg, 0.1667945087684509, vertical(srz246186716149, up)
neg, 0.1667945087684509, vertical(srz246186716149, down)
neg, 0.16679450876845095, vertical(srz24618679515, up)
neg, 0.16679450876845095, vertical(srz24618679515, down)
neg, 0.1667945087684509, vertical(srz24618678825, up)
neg, 0.1667945087684509, vertical(srz24618678825, down)
neg, 0.1667945087684509, vertical(srz246186712297, down)
neg, 0.1667945087684509, vertical(srz246186712297, noop)
neg, 0.1667945087684509, vertical(srz246186713674, up)
neg, 0.1667945087684509, vertical(srz246186713674, noop)
neg, 0.1667945087684509, vertical(srz246186710196, up)
neg, 0.1667945087684509, vertical(srz246186710196, noop)
neg, 0.1667945087684509, vertical(srz246186716056, up)
neg, 0.1667945087684509, vertical(srz246186716056, down)
neg, 0.1667945087684509, vertical(srz24618671137, up)
neg, 0.1667945087684509, vertical(srz24618671137, down)
neg, 0.16679450876845095, vertical(srz24618676020, up)
neg, 0.16679450876845095, vertical(srz24618676020, down)
neg, 0.1667945087684509, vertical(srz246186714738, up)
neg, 0.1667945087684509, vertical(srz246186714738, down)
neg, 0.1667945087684509, vertical(srz246186716785, down)
neg, 0.1667945087684509, vertical(srz246186716785, noop)
neg, 0.1667945087684509, vertical(srz24618677642, down)
neg, 0.1667945087684509, vertical(srz24618677642, noop)
neg, 0.1667945087684509, vertical(srz246186714213, up)
neg, 0.1667945087684509, vertical(srz246186714213, down)
neg, 0.1667945087684509, vertical(srz24618679663, up)
neg, 0.1667945087684509, vertical(srz24618679663, down)
neg, 0.1667945087684509, vertical(srz24618678486, up)
neg, 0.1667945087684509, vertical(srz24618678486, noop)
neg, 0.1667945087684509, vertical(srz24618673803, up)
neg, 0.1667945087684509, vertical(srz24618673803, down)
neg, 0.1667945087684509, vertical(srz24618672856, up)
neg, 0.1667945087684509, vertical(srz24618672856, down)
neg, 0.1667945087684509, vertical(srz24618674676, down)
neg, 0.1667945087684509, vertical(srz24618674676, noop)
neg, 0.1667945087684509, vertical(srz246186710911, up)
neg, 0.1667945087684509, vertical(srz246186710911, noop)
neg, 0.16679450876845098, vertical(srz246186716420, up)
neg, 0.16679450876845098, vertical(srz246186716420, down)
neg, 0.1667945087684509, vertical(srz246186731, up)
neg, 0.1667945087684509, vertical(srz246186731, down)
neg, 0.1667945087684509, vertical(srz24618678773, up)
neg, 0.1667945087684509, vertical(srz24618678773, down)
neg, 0.1667945087684509, vertical(srz24618671065, up)
neg, 0.1667945087684509, vertical(srz24618671065, down)
neg, 0.1667945087684509, vertical(srz246186715577, up)
neg, 0.1667945087684509, vertical(srz246186715577, down)
neg, 0.1667945087684509, vertical(srz24618675825, up)
neg, 0.1667945087684509, vertical(srz24618675825, down)
neg, 0.1667945087684509, vertical(srz24618679748, up)
neg, 0.1667945087684509, vertical(srz24618679748, down)
neg, 0.1667945087684509, vertical(srz24618672494, down)
neg, 0.1667945087684509, vertical(srz24618672494, noop)
neg, 0.1667945087684509, vertical(srz246186714283, up)
neg, 0.1667945087684509, vertical(srz246186714283, down)
neg, 0.1667945087684509, vertical(srz246186712686, up)
neg, 0.1667945087684509, vertical(srz246186712686, down)
neg, 0.1667945087684509, vertical(srz24618672522, up)
neg, 0.1667945087684509, vertical(srz24618672522, down)
neg, 0.16679450876845095, vertical(srz24618677307, up)
neg, 0.16679450876845095, vertical(srz24618677307, down)
neg, 0.1667945087684509, vertical(srz24618675936, up)
neg, 0.1667945087684509, vertical(srz24618675936, down)
neg, 0.1667945087684509, vertical(srz246186714950, up)
neg, 0.1667945087684509, vertical(srz246186714950, noop)
neg, 0.1667945087684509, vertical(srz246186714900, up)
neg, 0.1667945087684509, vertical(srz246186714900, down)
neg, 0.1667945087684509, vertical(srz24618678344, up)
neg, 0.1667945087684509, vertical(srz24618678344, down)
neg, 0.16679450876845095, vertical(srz246186714294, down)
neg, 0.16679450876845095, vertical(srz246186714294, noop)
neg, 0.1667945087684509, vertical(srz24618672992, up)
neg, 0.1667945087684509, vertical(srz24618672992, noop)
neg, 0.1667945087684509, vertical(srz24618674967, up)
neg, 0.1667945087684509, vertical(srz24618674967, down)
neg, 0.1667945087684509, vertical(srz24618671616, down)
neg, 0.1667945087684509, vertical(srz24618671616, noop)
neg, 0.1667945087684509, vertical(srz246186712810, up)
neg, 0.1667945087684509, vertical(srz246186712810, down)
neg, 0.1667945087684509, vertical(srz246186711821, up)
neg, 0.1667945087684509, vertical(srz246186711821, down)
neg, 0.1667945087684509, vertical(srz24618678742, up)
neg, 0.1667945087684509, vertical(srz24618678742, down)
neg, 0.16679450876845098, vertical(srz24618674137, up)
neg, 0.16679450876845098, vertical(srz24618674137, down)
neg, 0.1667945087684509, vertical(srz2461867261, up)
neg, 0.1667945087684509, vertical(srz2461867261, down)
neg, 0.1667945087684509, vertical(srz24618676764, up)
neg, 0.1667945087684509, vertical(srz24618676764, noop)
neg, 0.1667945087684509, vertical(srz24618677675, up)
neg, 0.1667945087684509, vertical(srz24618677675, down)
neg, 0.16679450876845095, vertical(srz24618674350, up)
neg, 0.16679450876845095, vertical(srz24618674350, down)
neg, 0.1667945087684509, vertical(srz246186711434, up)
neg, 0.1667945087684509, vertical(srz246186711434, down)
neg, 0.1667945087684509, vertical(srz246186715442, down)
neg, 0.1667945087684509, vertical(srz246186715442, noop)
neg, 0.1667945087684509, vertical(srz24618676948, up)
neg, 0.1667945087684509, vertical(srz24618676948, noop)
neg, 0.1667945087684509, vertical(srz24618672901, up)
neg, 0.1667945087684509, vertical(srz24618672901, noop)
neg, 0.1667945087684509, vertical(srz24618676576, up)
neg, 0.1667945087684509, vertical(srz24618676576, down)
neg, 0.1667945087684509, vertical(srz24618678228, up)
neg, 0.1667945087684509, vertical(srz24618678228, down)
neg, 0.1667945087684509, vertical(srz24618674948, up)
neg, 0.1667945087684509, vertical(srz24618674948, down)
neg, 0.16679450876845095, vertical(srz24618674377, up)
neg, 0.16679450876845095, vertical(srz24618674377, noop)
neg, 0.1667945087684509, vertical(srz24618671068, up)
neg, 0.1667945087684509, vertical(srz24618671068, down)
neg, 0.1667945087684509, vertical(srz246186712777, up)
neg, 0.1667945087684509, vertical(srz246186712777, down)
neg, 0.16679450876845098, vertical(srz24618673531, up)
neg, 0.16679450876845098, vertical(srz24618673531, down)
neg, 0.1667945087684509, vertical(srz246186714849, up)
neg, 0.1667945087684509, vertical(srz246186714849, down)
neg, 0.16679450876845095, vertical(srz246186710405, up)
neg, 0.16679450876845095, vertical(srz246186710405, down)
neg, 0.1667945087684509, vertical(srz246186713780, up)
neg, 0.1667945087684509, vertical(srz246186713780, noop)
neg, 0.1667945087684509, vertical(srz246186712831, down)
neg, 0.1667945087684509, vertical(srz246186712831, noop)
neg, 0.1667945087684509, vertical(srz2461867190, up)
neg, 0.1667945087684509, vertical(srz2461867190, down)
neg, 0.1667945087684509, vertical(srz24618675533, up)
neg, 0.1667945087684509, vertical(srz24618675533, noop)
neg, 0.1667945087684509, vertical(srz246186710991, up)
neg, 0.1667945087684509, vertical(srz246186710991, down)
neg, 0.16679450876845095, vertical(srz246186710495, down)
neg, 0.16679450876845095, vertical(srz246186710495, noop)
neg, 0.16679450876845098, vertical(srz246186714517, down)
neg, 0.16679450876845098, vertical(srz246186714517, noop)
neg, 0.1667945087684509, vertical(srz246186713352, up)
neg, 0.1667945087684509, vertical(srz246186713352, noop)
neg, 0.1667945087684509, vertical(srz24618676799, down)
neg, 0.1667945087684509, vertical(srz24618676799, noop)
neg, 0.16679450876845095, vertical(srz24618675682, down)
neg, 0.16679450876845095, vertical(srz24618675682, noop)
neg, 0.1667945087684509, vertical(srz246186712775, up)
neg, 0.1667945087684509, vertical(srz246186712775, down)
neg, 0.1667945087684509, vertical(srz24618678389, down)
neg, 0.1667945087684509, vertical(srz24618678389, noop)
neg, 0.1667945087684509, vertical(srz24618677692, up)
neg, 0.1667945087684509, vertical(srz24618677692, down)
neg, 0.1667945087684509, vertical(srz246186716868, up)
neg, 0.1667945087684509, vertical(srz246186716868, down)
neg, 0.1667945087684509, vertical(srz24618671526, up)
neg, 0.1667945087684509, vertical(srz24618671526, down)
neg, 0.1667945087684509, vertical(srz24618674210, up)
neg, 0.1667945087684509, vertical(srz24618674210, down)
neg, 0.16679450876845095, vertical(srz246186710538, up)
neg, 0.16679450876845095, vertical(srz246186710538, down)
neg, 0.16679450876845095, vertical(srz24618679042, up)
neg, 0.16679450876845095, vertical(srz24618679042, down)
neg, 0.1667945087684509, vertical(srz246186716219, up)
neg, 0.1667945087684509, vertical(srz246186716219, down)
neg, 0.1667945087684509, vertical(srz24618673941, up)
neg, 0.1667945087684509, vertical(srz24618673941, noop)
neg, 0.1667945087684509, vertical(srz246186711050, up)
neg, 0.1667945087684509, vertical(srz246186711050, noop)
neg, 0.1667945087684509, vertical(srz24618673231, up)
neg, 0.1667945087684509, vertical(srz24618673231, noop)
neg, 0.16679450876845095, vertical(srz24618678641, down)
neg, 0.16679450876845095, vertical(srz24618678641, noop)
neg, 0.1667945087684509, vertical(srz246186714714, up)
neg, 0.1667945087684509, vertical(srz246186714714, down)
neg, 0.16679450876845095, vertical(srz246186714826, up)
neg, 0.16679450876845095, vertical(srz246186714826, down)
neg, 0.1667945087684509, vertical(srz246186714109, up)
neg, 0.1667945087684509, vertical(srz246186714109, noop)
neg, 0.1667945087684509, vertical(srz246186713835, up)
neg, 0.1667945087684509, vertical(srz246186713835, down)
neg, 0.1667945087684509, vertical(srz246186758, up)
neg, 0.1667945087684509, vertical(srz246186758, down)
neg, 0.1667945087684509, vertical(srz24618675164, up)
neg, 0.1667945087684509, vertical(srz24618675164, noop)
neg, 0.1667945087684509, vertical(srz246186714718, up)
neg, 0.1667945087684509, vertical(srz246186714718, down)
neg, 0.1667945087684509, vertical(srz246186717048, up)
neg, 0.1667945087684509, vertical(srz246186717048, down)
neg, 0.1667945087684509, vertical(srz24618673697, up)
neg, 0.1667945087684509, vertical(srz24618673697, down)
neg, 0.1667945087684509, vertical(srz246186716993, down)
neg, 0.1667945087684509, vertical(srz246186716993, noop)
neg, 0.1667945087684509, vertical(srz24618679988, down)
neg, 0.1667945087684509, vertical(srz24618679988, noop)
neg, 0.1667945087684509, vertical(srz246186716017, up)
neg, 0.1667945087684509, vertical(srz246186716017, down)
neg, 0.1667945087684509, vertical(srz24618679573, up)
neg, 0.1667945087684509, vertical(srz24618679573, noop)
neg, 0.1667945087684509, vertical(srz246186716181, up)
neg, 0.1667945087684509, vertical(srz246186716181, down)
neg, 0.1667945087684509, vertical(srz246186710985, up)
neg, 0.1667945087684509, vertical(srz246186710985, down)
neg, 0.1667945087684509, vertical(srz24618677395, up)
neg, 0.1667945087684509, vertical(srz24618677395, down)
neg, 0.1667945087684509, vertical(srz246186711334, up)
neg, 0.1667945087684509, vertical(srz246186711334, down)
neg, 0.1667945087684509, vertical(srz246186715018, up)
neg, 0.1667945087684509, vertical(srz246186715018, down)
neg, 0.1667945087684509, vertical(srz2461867679, up)
neg, 0.1667945087684509, vertical(srz2461867679, noop)
neg, 0.1667945087684509, vertical(srz24618678316, down)
neg, 0.1667945087684509, vertical(srz24618678316, noop)
neg, 0.1667945087684509, vertical(srz24618676536, up)
neg, 0.1667945087684509, vertical(srz24618676536, down)
neg, 0.1667945087684509, vertical(srz246186714979, up)
neg, 0.1667945087684509, vertical(srz246186714979, down)
neg, 0.16679450876845095, vertical(srz24618676674, down)
neg, 0.16679450876845095, vertical(srz24618676674, noop)
neg, 0.1667945087684509, vertical(srz246186714159, up)
neg, 0.1667945087684509, vertical(srz246186714159, noop)
neg, 0.16679450876845095, vertical(srz246186713384, up)
neg, 0.16679450876845095, vertical(srz246186713384, down)
neg, 0.1667945087684509, vertical(srz24618673081, up)
neg, 0.1667945087684509, vertical(srz24618673081, noop)
neg, 0.1667945087684509, vertical(srz24618678497, up)
neg, 0.1667945087684509, vertical(srz24618678497, noop)
neg, 0.1667945087684509, vertical(srz24618674204, up)
neg, 0.1667945087684509, vertical(srz24618674204, down)
neg, 0.1667945087684509, vertical(srz24618672973, up)
neg, 0.1667945087684509, vertical(srz24618672973, down)
neg, 0.1667945087684509, vertical(srz24618678878, up)
neg, 0.1667945087684509, vertical(srz24618678878, down)
neg, 0.1667945087684509, vertical(srz246186711191, up)
neg, 0.1667945087684509, vertical(srz246186711191, down)
neg, 0.16679450876845098, vertical(srz246186711697, up)
neg, 0.16679450876845098, vertical(srz246186711697, down)
neg, 0.1667945087684509, vertical(srz24618675425, up)
neg, 0.1667945087684509, vertical(srz24618675425, down)
neg, 0.1667945087684509, vertical(srz246186715594, up)
neg, 0.1667945087684509, vertical(srz246186715594, down)
neg, 0.1667945087684509, vertical(srz246186715499, up)
neg, 0.1667945087684509, vertical(srz246186715499, noop)
neg, 0.1667945087684509, vertical(srz24618676838, up)
neg, 0.1667945087684509, vertical(srz24618676838, noop)
neg, 0.16679450876845095, vertical(srz24618672760, up)
neg, 0.16679450876845095, vertical(srz24618672760, down)
neg, 0.1667945087684509, vertical(srz24618678523, up)
neg, 0.1667945087684509, vertical(srz24618678523, noop)
neg, 0.16679450876845095, vertical(srz24618675585, down)
neg, 0.16679450876845095, vertical(srz24618675585, noop)
neg, 0.1667945087684509, vertical(srz24618676338, up)
neg, 0.1667945087684509, vertical(srz24618676338, down)
neg, 0.1667945087684509, vertical(srz246186712251, up)
neg, 0.1667945087684509, vertical(srz246186712251, down)
neg, 0.1667945087684509, vertical(srz246186715296, down)
neg, 0.1667945087684509, vertical(srz246186715296, noop)
neg, 0.1667945087684509, vertical(srz24618677012, up)
neg, 0.1667945087684509, vertical(srz24618677012, down)
neg, 0.1667945087684509, vertical(srz24618677054, up)
neg, 0.1667945087684509, vertical(srz24618677054, down)
neg, 0.1667945087684509, vertical(srz24618678416, up)
neg, 0.1667945087684509, vertical(srz24618678416, noop)
neg, 0.1667945087684509, vertical(srz24618679373, up)
neg, 0.1667945087684509, vertical(srz24618679373, down)
neg, 0.1667945087684509, vertical(srz24618673696, up)
neg, 0.1667945087684509, vertical(srz24618673696, down)
neg, 0.1667945087684509, vertical(srz24618675939, up)
neg, 0.1667945087684509, vertical(srz24618675939, down)
neg, 0.16679450876845095, vertical(srz24618675292, down)
neg, 0.16679450876845095, vertical(srz24618675292, noop)
neg, 0.1667945087684509, vertical(srz24618677043, down)
neg, 0.1667945087684509, vertical(srz24618677043, noop)
neg, 0.1667945087684509, vertical(srz246186716112, up)
neg, 0.1667945087684509, vertical(srz246186716112, down)
neg, 0.16679450876845095, vertical(srz24618675096, up)
neg, 0.16679450876845095, vertical(srz24618675096, down)
neg, 0.1667945087684509, vertical(srz246186711145, up)
neg, 0.1667945087684509, vertical(srz246186711145, down)
neg, 0.1667945087684509, vertical(srz24618671304, up)
neg, 0.1667945087684509, vertical(srz24618671304, down)
neg, 0.1667945087684509, vertical(srz246186716743, up)
neg, 0.1667945087684509, vertical(srz246186716743, down)
neg, 0.1667945087684509, vertical(srz24618676502, down)
neg, 0.1667945087684509, vertical(srz24618676502, noop)
neg, 0.1667945087684509, vertical(srz24618672044, up)
neg, 0.1667945087684509, vertical(srz24618672044, down)
neg, 0.16679450876845095, vertical(srz24618679524, up)
neg, 0.16679450876845095, vertical(srz24618679524, down)
neg, 0.1667945087684509, vertical(srz246186712802, up)
neg, 0.1667945087684509, vertical(srz246186712802, down)
neg, 0.1667945087684509, vertical(srz246186714204, up)
neg, 0.1667945087684509, vertical(srz246186714204, down)
neg, 0.1667945087684509, vertical(srz2461867402, down)
neg, 0.1667945087684509, vertical(srz2461867402, noop)
neg, 0.16679450876845095, vertical(srz24618672569, down)
neg, 0.16679450876845095, vertical(srz24618672569, noop)
neg, 0.1667945087684509, vertical(srz246186716882, up)
neg, 0.1667945087684509, vertical(srz246186716882, down)
neg, 0.1667945087684509, vertical(srz246186710225, up)
neg, 0.1667945087684509, vertical(srz246186710225, down)
neg, 0.1667945087684509, vertical(srz246186710933, down)
neg, 0.1667945087684509, vertical(srz246186710933, noop)
neg, 0.1667945087684509, vertical(srz24618679721, up)
neg, 0.1667945087684509, vertical(srz24618679721, down)
neg, 0.1667945087684509, vertical(srz24618677718, up)
neg, 0.1667945087684509, vertical(srz24618677718, down)
neg, 0.1667945087684509, vertical(srz24618671888, up)
neg, 0.1667945087684509, vertical(srz24618671888, down)
neg, 0.1667945087684509, vertical(srz24618671491, up)
neg, 0.1667945087684509, vertical(srz24618671491, noop)
neg, 0.1667945087684509, vertical(srz24618678737, up)
neg, 0.1667945087684509, vertical(srz24618678737, down)
neg, 0.16679450876845098, vertical(srz24618677951, up)
neg, 0.16679450876845098, vertical(srz24618677951, down)
neg, 0.1667945087684509, vertical(srz24618676826, up)
neg, 0.1667945087684509, vertical(srz24618676826, noop)
neg, 0.16679450876845095, vertical(srz246186711551, up)
neg, 0.16679450876845095, vertical(srz246186711551, down)
neg, 0.1667945087684509, vertical(srz24618675376, up)
neg, 0.1667945087684509, vertical(srz24618675376, down)
neg, 0.1667945087684509, vertical(srz24618676508, up)
neg, 0.1667945087684509, vertical(srz24618676508, down)
neg, 0.16679450876845095, vertical(srz246186715969, up)
neg, 0.16679450876845095, vertical(srz246186715969, down)
neg, 0.16679450876845095, vertical(srz24618672613, down)
neg, 0.16679450876845095, vertical(srz24618672613, noop)
neg, 0.1667945087684509, vertical(srz246186714240, up)
neg, 0.1667945087684509, vertical(srz246186714240, down)
neg, 0.1667945087684509, vertical(srz246186716929, up)
neg, 0.1667945087684509, vertical(srz246186716929, down)
neg, 0.1667945087684509, vertical(srz24618675892, up)
neg, 0.1667945087684509, vertical(srz24618675892, down)
neg, 0.1667945087684509, vertical(srz246186712575, up)
neg, 0.1667945087684509, vertical(srz246186712575, noop)
neg, 0.1667945087684509, vertical(srz24618676222, down)
neg, 0.1667945087684509, vertical(srz24618676222, noop)
neg, 0.16679450876845095, vertical(srz2461867977, up)
neg, 0.16679450876845095, vertical(srz2461867977, down)
neg, 0.1667945087684509, vertical(srz24618678299, down)
neg, 0.1667945087684509, vertical(srz24618678299, noop)
neg, 0.1667945087684509, vertical(srz24618672040, up)
neg, 0.1667945087684509, vertical(srz24618672040, down)
neg, 0.1667945087684509, vertical(srz24618675572, up)
neg, 0.1667945087684509, vertical(srz24618675572, down)
neg, 0.1667945087684509, vertical(srz246186715505, up)
neg, 0.1667945087684509, vertical(srz246186715505, noop)
neg, 0.16679450876845095, vertical(srz24618674390, up)
neg, 0.16679450876845095, vertical(srz24618674390, down)
neg, 0.1667945087684509, vertical(srz24618673096, up)
neg, 0.1667945087684509, vertical(srz24618673096, down)
neg, 0.16679450876845095, vertical(srz246186715875, down)
neg, 0.16679450876845095, vertical(srz246186715875, noop)
neg, 0.1667945087684509, vertical(srz246186710821, up)
neg, 0.1667945087684509, vertical(srz246186710821, down)
neg, 0.1667945087684509, vertical(srz2461867283, up)
neg, 0.1667945087684509, vertical(srz2461867283, down)
neg, 0.16679450876845095, vertical(srz246186711516, down)
neg, 0.16679450876845095, vertical(srz246186711516, noop)
neg, 0.1667945087684509, vertical(srz24618677421, up)
neg, 0.1667945087684509, vertical(srz24618677421, down)
neg, 0.1667945087684509, vertical(srz24618676322, up)
neg, 0.1667945087684509, vertical(srz24618676322, down)
neg, 0.1667945087684509, vertical(srz24618678304, down)
neg, 0.1667945087684509, vertical(srz24618678304, noop)
neg, 0.1667945087684509, vertical(srz24618673268, down)
neg, 0.1667945087684509, vertical(srz24618673268, noop)
neg, 0.1667945087684509, vertical(srz24618679798, up)
neg, 0.1667945087684509, vertical(srz24618679798, down)
neg, 0.1667945087684509, vertical(srz246186715207, up)
neg, 0.1667945087684509, vertical(srz246186715207, down)
neg, 0.16679450876845095, vertical(srz24618679481, up)
neg, 0.16679450876845095, vertical(srz24618679481, down)
neg, 0.1667945087684509, vertical(srz24618671583, down)
neg, 0.1667945087684509, vertical(srz24618671583, noop)
neg, 0.16679450876845095, vertical(srz246186714589, down)
neg, 0.16679450876845095, vertical(srz246186714589, noop)
neg, 0.1667945087684509, vertical(srz246186712705, down)
neg, 0.1667945087684509, vertical(srz246186712705, noop)
neg, 0.16679450876845098, vertical(srz246186715252, up)
neg, 0.16679450876845098, vertical(srz246186715252, noop)
neg, 0.1667945087684509, vertical(srz24618678775, up)
neg, 0.1667945087684509, vertical(srz24618678775, down)
neg, 0.1667945087684509, vertical(srz24618673316, up)
neg, 0.1667945087684509, vertical(srz24618673316, down)
neg, 0.1667945087684509, vertical(srz24618679382, up)
neg, 0.1667945087684509, vertical(srz24618679382, down)
neg, 0.1667945087684509, vertical(srz246186713709, down)
neg, 0.1667945087684509, vertical(srz246186713709, noop)
neg, 0.1667945087684509, vertical(srz24618675595, up)
neg, 0.1667945087684509, vertical(srz24618675595, down)
neg, 0.1667945087684509, vertical(srz246186715734, up)
neg, 0.1667945087684509, vertical(srz246186715734, down)
neg, 0.1667945087684509, vertical(srz24618672508, down)
neg, 0.1667945087684509, vertical(srz24618672508, noop)
neg, 0.1667945087684509, vertical(srz24618672323, up)
neg, 0.1667945087684509, vertical(srz24618672323, noop)
neg, 0.1667945087684509, vertical(srz246186710224, up)
neg, 0.1667945087684509, vertical(srz246186710224, down)
neg, 0.1667945087684509, vertical(srz246186711797, up)
neg, 0.1667945087684509, vertical(srz246186711797, down)
neg, 0.16679450876845095, vertical(srz24618679141, down)
neg, 0.16679450876845095, vertical(srz24618679141, noop)
neg, 0.1667945087684509, vertical(srz24618672292, down)
neg, 0.1667945087684509, vertical(srz24618672292, noop)
neg, 0.1667945087684509, vertical(srz246186711406, up)
neg, 0.1667945087684509, vertical(srz246186711406, down)
neg, 0.1667945087684509, vertical(srz246186717051, up)
neg, 0.1667945087684509, vertical(srz246186717051, down)
neg, 0.1667945087684509, vertical(srz24618677398, up)
neg, 0.1667945087684509, vertical(srz24618677398, down)
neg, 0.16679450876845095, vertical(srz24618672577, up)
neg, 0.16679450876845095, vertical(srz24618672577, down)
neg, 0.1667945087684509, vertical(srz24618671907, down)
neg, 0.1667945087684509, vertical(srz24618671907, noop)
neg, 0.16679450876845095, vertical(srz246186714314, down)
neg, 0.16679450876845095, vertical(srz246186714314, noop)
neg, 0.1667945087684509, vertical(srz24618676287, down)
neg, 0.1667945087684509, vertical(srz24618676287, noop)
neg, 0.1667945087684509, vertical(srz24618676564, up)
neg, 0.1667945087684509, vertical(srz24618676564, noop)
neg, 0.1667945087684509, vertical(srz246186714276, up)
neg, 0.1667945087684509, vertical(srz246186714276, down)
neg, 0.1667945087684509, vertical(srz246186712391, up)
neg, 0.1667945087684509, vertical(srz246186712391, down)
neg, 0.1667945087684509, vertical(srz24618678815, up)
neg, 0.1667945087684509, vertical(srz24618678815, down)
neg, 0.1667945087684509, vertical(srz24618674935, down)
neg, 0.1667945087684509, vertical(srz24618674935, noop)
neg, 0.1667945087684509, vertical(srz246186714720, up)
neg, 0.1667945087684509, vertical(srz246186714720, down)
neg, 0.1667945087684509, vertical(srz24618678800, down)
neg, 0.1667945087684509, vertical(srz24618678800, noop)
neg, 0.1667945087684509, vertical(srz2461867509, down)
neg, 0.1667945087684509, vertical(srz2461867509, noop)
neg, 0.1667945087684509, vertical(srz24618674870, up)
neg, 0.1667945087684509, vertical(srz24618674870, noop)
neg, 0.1667945087684509, vertical(srz246186711174, up)
neg, 0.1667945087684509, vertical(srz246186711174, down)
neg, 0.1667945087684509, vertical(srz246186711812, up)
neg, 0.1667945087684509, vertical(srz246186711812, down)
neg, 0.1667945087684509, vertical(srz246186714748, up)
neg, 0.1667945087684509, vertical(srz246186714748, down)
neg, 0.1667945087684509, vertical(srz246186710122, down)
neg, 0.1667945087684509, vertical(srz246186710122, noop)
neg, 0.1667945087684509, vertical(srz246186716816, up)
neg, 0.1667945087684509, vertical(srz246186716816, down)
neg, 0.1667945087684509, vertical(srz24618678728, up)
neg, 0.1667945087684509, vertical(srz24618678728, down)
neg, 0.16679450876845095, vertical(srz246186716244, up)
neg, 0.16679450876845095, vertical(srz246186716244, noop)
neg, 0.1667945087684509, vertical(srz24618672003, up)
neg, 0.1667945087684509, vertical(srz24618672003, down)
neg, 0.16679450876845095, vertical(srz2461867429, up)
neg, 0.16679450876845095, vertical(srz2461867429, noop)
neg, 0.1667945087684509, vertical(srz246186711365, up)
neg, 0.1667945087684509, vertical(srz246186711365, noop)
neg, 0.1667945087684509, vertical(srz24618675044, down)
neg, 0.1667945087684509, vertical(srz24618675044, noop)
neg, 0.1667945087684509, vertical(srz24618676595, up)
neg, 0.1667945087684509, vertical(srz24618676595, noop)
neg, 0.1667945087684509, vertical(srz24618677418, up)
neg, 0.1667945087684509, vertical(srz24618677418, down)
neg, 0.1667945087684509, vertical(srz24618673978, up)
neg, 0.1667945087684509, vertical(srz24618673978, down)
neg, 0.1667945087684509, vertical(srz246186710826, up)
neg, 0.1667945087684509, vertical(srz246186710826, down)
neg, 0.16679450876845098, vertical(srz246186711730, up)
neg, 0.16679450876845098, vertical(srz246186711730, down)
neg, 0.1667945087684509, vertical(srz24618676089, up)
neg, 0.1667945087684509, vertical(srz24618676089, noop)
neg, 0.1667945087684509, vertical(srz246186713911, up)
neg, 0.1667945087684509, vertical(srz246186713911, noop)
neg, 0.1667945087684509, vertical(srz24618677001, up)
neg, 0.1667945087684509, vertical(srz24618677001, down)
neg, 0.1667945087684509, vertical(srz24618676496, down)
neg, 0.1667945087684509, vertical(srz24618676496, noop)
neg, 0.1667945087684509, vertical(srz24618674057, down)
neg, 0.1667945087684509, vertical(srz24618674057, noop)
neg, 0.1667945087684509, vertical(srz246186715717, up)
neg, 0.1667945087684509, vertical(srz246186715717, down)
neg, 0.16679450876845095, vertical(srz24618679182, down)
neg, 0.16679450876845095, vertical(srz24618679182, noop)
neg, 0.1667945087684509, vertical(srz246186715693, up)
neg, 0.1667945087684509, vertical(srz246186715693, down)
neg, 0.1667945087684509, vertical(srz246186712595, up)
neg, 0.1667945087684509, vertical(srz246186712595, noop)
neg, 0.1667945087684509, vertical(srz24618672288, down)
neg, 0.1667945087684509, vertical(srz24618672288, noop)
neg, 0.1667945087684509, vertical(srz246186710829, up)
neg, 0.1667945087684509, vertical(srz246186710829, down)
neg, 0.1667945087684509, vertical(srz24618678124, up)
neg, 0.1667945087684509, vertical(srz24618678124, noop)
neg, 0.1667945087684509, vertical(srz24618677548, up)
neg, 0.1667945087684509, vertical(srz24618677548, down)
neg, 0.1667945087684509, vertical(srz24618676770, up)
neg, 0.1667945087684509, vertical(srz24618676770, noop)
neg, 0.1667945087684509, vertical(srz24618678095, down)
neg, 0.1667945087684509, vertical(srz24618678095, noop)
neg, 0.1667945087684509, vertical(srz24618671711, up)
neg, 0.1667945087684509, vertical(srz24618671711, noop)
neg, 0.1667945087684509, vertical(srz246186714906, up)
neg, 0.1667945087684509, vertical(srz246186714906, down)
neg, 0.1667945087684509, vertical(srz24618678278, up)
neg, 0.1667945087684509, vertical(srz24618678278, noop)
neg, 0.16679450876845098, vertical(srz24618674082, down)
neg, 0.16679450876845098, vertical(srz24618674082, noop)
neg, 0.1667945087684509, vertical(srz24618671469, up)
neg, 0.1667945087684509, vertical(srz24618671469, down)
neg, 0.1667945087684509, vertical(srz24618672802, up)
neg, 0.1667945087684509, vertical(srz24618672802, down)
neg, 0.1667945087684509, vertical(srz246186713289, up)
neg, 0.1667945087684509, vertical(srz246186713289, down)
neg, 0.1667945087684509, vertical(srz246186712103, up)
neg, 0.1667945087684509, vertical(srz246186712103, down)
neg, 0.16679450876845095, vertical(srz246186711601, down)
neg, 0.16679450876845095, vertical(srz246186711601, noop)
neg, 0.16679450876845095, vertical(srz246186713119, up)
neg, 0.16679450876845095, vertical(srz246186713119, down)
neg, 0.16679450876845095, vertical(srz246186713377, up)
neg, 0.16679450876845095, vertical(srz246186713377, down)
neg, 0.1667945087684509, vertical(srz246186711290, down)
neg, 0.1667945087684509, vertical(srz246186711290, noop)
neg, 0.1667945087684509, vertical(srz246186712455, up)
neg, 0.1667945087684509, vertical(srz246186712455, down)
neg, 0.1667945087684509, vertical(srz24618677850, up)
neg, 0.1667945087684509, vertical(srz24618677850, noop)
neg, 0.1667945087684509, vertical(srz24618675494, up)
neg, 0.1667945087684509, vertical(srz24618675494, down)
neg, 0.16679450876845178, vertical(srz246186717175, up)
neg, 0.16679450876845178, vertical(srz246186717175, down)
neg, 0.1667945087684509, vertical(srz24618678955, up)
neg, 0.1667945087684509, vertical(srz24618678955, noop)
neg, 0.1667945087684509, vertical(srz24618679016, up)
neg, 0.1667945087684509, vertical(srz24618679016, down)
neg, 0.16679450876845095, vertical(srz24618674727, down)
neg, 0.16679450876845095, vertical(srz24618674727, noop)
neg, 0.16679450876845095, vertical(srz246186711240, up)
neg, 0.16679450876845095, vertical(srz246186711240, down)
neg, 0.16679450876845095, vertical(srz246186714596, down)
neg, 0.16679450876845095, vertical(srz246186714596, noop)
neg, 0.1667945087684509, vertical(srz24618677006, up)
neg, 0.1667945087684509, vertical(srz24618677006, down)
neg, 0.1667945087684509, vertical(srz24618679657, up)
neg, 0.1667945087684509, vertical(srz24618679657, down)
neg, 0.1667945087684509, vertical(srz246186715632, up)
neg, 0.1667945087684509, vertical(srz246186715632, down)
neg, 0.1667945087684509, vertical(srz246186713197, up)
neg, 0.1667945087684509, vertical(srz246186713197, down)
neg, 0.1667945087684509, vertical(srz24618672291, down)
neg, 0.1667945087684509, vertical(srz24618672291, noop)
neg, 0.1667945087684509, vertical(srz24618672073, up)
neg, 0.1667945087684509, vertical(srz24618672073, down)
neg, 0.1667945087684509, vertical(srz24618676685, up)
neg, 0.1667945087684509, vertical(srz24618676685, down)
neg, 0.1667945087684509, vertical(srz24618678442, up)
neg, 0.1667945087684509, vertical(srz24618678442, down)
neg, 0.1667945087684509, vertical(srz246186713449, up)
neg, 0.1667945087684509, vertical(srz246186713449, down)
neg, 0.1667945087684509, vertical(srz24618677900, up)
neg, 0.1667945087684509, vertical(srz24618677900, noop)
neg, 0.1667945087684509, vertical(srz246186712845, up)
neg, 0.1667945087684509, vertical(srz246186712845, down)
neg, 0.1667945087684509, vertical(srz246186715502, up)
neg, 0.1667945087684509, vertical(srz246186715502, noop)
neg, 0.1667945087684509, vertical(srz24618678792, down)
neg, 0.1667945087684509, vertical(srz24618678792, noop)
neg, 0.1667945087684509, vertical(srz2461867342, up)
neg, 0.1667945087684509, vertical(srz2461867342, noop)
neg, 0.16679450876845095, vertical(srz24618672650, up)
neg, 0.16679450876845095, vertical(srz24618672650, down)
neg, 0.1667945087684509, vertical(srz24618675046, down)
neg, 0.1667945087684509, vertical(srz24618675046, noop)
neg, 0.1667945087684509, vertical(srz246186712077, down)
neg, 0.1667945087684509, vertical(srz246186712077, noop)
neg, 0.1667945087684509, vertical(srz24618679785, up)
neg, 0.1667945087684509, vertical(srz24618679785, down)
neg, 0.1667945087684509, vertical(srz2461867569, down)
neg, 0.1667945087684509, vertical(srz2461867569, noop)
neg, 0.1667945087684509, vertical(srz24618674296, up)
neg, 0.1667945087684509, vertical(srz24618674296, down)
neg, 0.1667945087684509, vertical(srz24618678977, up)
neg, 0.1667945087684509, vertical(srz24618678977, noop)
neg, 0.1667945087684509, vertical(srz24618675229, up)
neg, 0.1667945087684509, vertical(srz24618675229, noop)
neg, 0.16679450876845178, vertical(srz246186716354, up)
neg, 0.16679450876845178, vertical(srz246186716354, down)
neg, 0.1667945087684509, vertical(srz246186711441, down)
neg, 0.1667945087684509, vertical(srz246186711441, noop)
neg, 0.16679450876845095, vertical(srz2461867865, up)
neg, 0.16679450876845095, vertical(srz2461867865, down)
neg, 0.1667945087684509, vertical(srz24618671409, up)
neg, 0.1667945087684509, vertical(srz24618671409, noop)
neg, 0.1667945087684509, vertical(srz24618672106, up)
neg, 0.1667945087684509, vertical(srz24618672106, down)
neg, 0.16679450876845095, vertical(srz246186716551, up)
neg, 0.16679450876845095, vertical(srz246186716551, down)
neg, 0.1667945087684509, vertical(srz246186714861, up)
neg, 0.1667945087684509, vertical(srz246186714861, down)
neg, 0.1667945087684509, vertical(srz246186716069, up)
neg, 0.1667945087684509, vertical(srz246186716069, down)
neg, 0.1667945087684509, vertical(srz24618674453, up)
neg, 0.1667945087684509, vertical(srz24618674453, noop)
neg, 0.1667945087684509, vertical(srz246186715672, up)
neg, 0.1667945087684509, vertical(srz246186715672, down)
neg, 0.1667945087684509, vertical(srz24618676843, up)
neg, 0.1667945087684509, vertical(srz24618676843, noop)
neg, 0.1667945087684509, vertical(srz24618678016, up)
neg, 0.1667945087684509, vertical(srz24618678016, down)
neg, 0.16679450876845098, vertical(srz246186716965, up)
neg, 0.16679450876845098, vertical(srz246186716965, noop)
neg, 0.1667945087684509, vertical(srz24618673673, down)
neg, 0.1667945087684509, vertical(srz24618673673, noop)
neg, 0.16679450876845095, vertical(srz246186711833, up)
neg, 0.16679450876845095, vertical(srz246186711833, down)
neg, 0.1667945087684509, vertical(srz246186716027, up)
neg, 0.1667945087684509, vertical(srz246186716027, down)
neg, 0.1667945087684509, vertical(srz246186710014, up)
neg, 0.1667945087684509, vertical(srz246186710014, down)
neg, 0.1667945087684509, vertical(srz24618679689, down)
neg, 0.1667945087684509, vertical(srz24618679689, noop)
neg, 0.1667945087684509, vertical(srz24618676525, up)
neg, 0.1667945087684509, vertical(srz24618676525, down)
neg, 0.1667945087684509, vertical(srz24618671111, up)
neg, 0.1667945087684509, vertical(srz24618671111, down)
neg, 0.1667945087684509, vertical(srz24618675994, up)
neg, 0.1667945087684509, vertical(srz24618675994, noop)
neg, 0.1667945087684509, vertical(srz24618674187, up)
neg, 0.1667945087684509, vertical(srz24618674187, down)
neg, 0.1667945087684509, vertical(srz2461867623, up)
neg, 0.1667945087684509, vertical(srz2461867623, down)
neg, 0.1667945087684509, vertical(srz24618674459, up)
neg, 0.1667945087684509, vertical(srz24618674459, noop)
neg, 0.1667945087684509, vertical(srz24618674472, up)
neg, 0.1667945087684509, vertical(srz24618674472, noop)
neg, 0.16679450876845145, vertical(srz246186715880, down)
neg, 0.16679450876845145, vertical(srz246186715880, noop)
neg, 0.1667945087684509, vertical(srz24618673414, up)
neg, 0.1667945087684509, vertical(srz24618673414, noop)
neg, 0.1667945087684509, vertical(srz24618676499, down)
neg, 0.1667945087684509, vertical(srz24618676499, noop)
neg, 0.16679450876845095, vertical(srz24618675677, down)
neg, 0.16679450876845095, vertical(srz24618675677, noop)
neg, 0.16679450876845095, vertical(srz246186714286, up)
neg, 0.16679450876845095, vertical(srz246186714286, down)
neg, 0.1667945087684509, vertical(srz246186715029, up)
neg, 0.1667945087684509, vertical(srz246186715029, down)
neg, 0.1667945087684509, vertical(srz24618677090, up)
neg, 0.1667945087684509, vertical(srz24618677090, down)
neg, 0.1667945087684509, vertical(srz24618679773, up)
neg, 0.1667945087684509, vertical(srz24618679773, down)
neg, 0.1667945087684509, vertical(srz246186714448, up)
neg, 0.1667945087684509, vertical(srz246186714448, noop)
neg, 0.16679450876845095, vertical(srz24618679233, up)
neg, 0.16679450876845095, vertical(srz24618679233, down)
neg, 0.1667945087684509, vertical(srz2461867179, up)
neg, 0.1667945087684509, vertical(srz2461867179, down)
neg, 0.16679450876845095, vertical(srz24618675730, up)
neg, 0.16679450876845095, vertical(srz24618675730, down)
neg, 0.1667945087684509, vertical(srz24618678963, up)
neg, 0.1667945087684509, vertical(srz24618678963, noop)
neg, 0.1667945087684509, vertical(srz24618672518, up)
neg, 0.1667945087684509, vertical(srz24618672518, down)
neg, 0.1667945087684509, vertical(srz24618678729, up)
neg, 0.1667945087684509, vertical(srz24618678729, down)
neg, 0.1667945087684509, vertical(srz24618675027, up)
neg, 0.1667945087684509, vertical(srz24618675027, down)
neg, 0.1667945087684509, vertical(srz24618676427, up)
neg, 0.1667945087684509, vertical(srz24618676427, down)
neg, 0.1667945087684509, vertical(srz246186712465, up)
neg, 0.1667945087684509, vertical(srz246186712465, down)
neg, 0.16679450876845095, vertical(srz246186710537, up)
neg, 0.16679450876845095, vertical(srz246186710537, down)
neg, 0.1667945087684509, vertical(srz246186712179, up)
neg, 0.1667945087684509, vertical(srz246186712179, noop)
neg, 0.1667945087684509, vertical(srz24618672330, up)
neg, 0.1667945087684509, vertical(srz24618672330, noop)
neg, 0.1667945087684509, vertical(srz24618677842, up)
neg, 0.1667945087684509, vertical(srz24618677842, noop)
neg, 0.1667945087684509, vertical(srz24618671106, up)
neg, 0.1667945087684509, vertical(srz24618671106, down)
neg, 0.1667945087684509, vertical(srz246186710150, down)
neg, 0.1667945087684509, vertical(srz246186710150, noop)
neg, 0.1667945087684509, vertical(srz24618678929, up)
neg, 0.1667945087684509, vertical(srz24618678929, noop)
neg, 0.1667945087684509, vertical(srz24618674457, up)
neg, 0.1667945087684509, vertical(srz24618674457, noop)
neg, 0.1667945087684509, vertical(srz24618678741, up)
neg, 0.1667945087684509, vertical(srz24618678741, down)
neg, 0.16679450876845098, vertical(srz246186711615, down)
neg, 0.16679450876845098, vertical(srz246186711615, noop)
neg, 0.1667945087684509, vertical(srz246186710860, up)
neg, 0.1667945087684509, vertical(srz246186710860, down)
neg, 0.1667945087684509, vertical(srz246186710254, up)
neg, 0.1667945087684509, vertical(srz246186710254, down)
neg, 0.1667945087684509, vertical(srz24618673994, up)
neg, 0.1667945087684509, vertical(srz24618673994, down)
neg, 0.1667945087684509, vertical(srz24618679415, up)
neg, 0.1667945087684509, vertical(srz24618679415, down)
neg, 0.1667945087684509, vertical(srz246186710250, up)
neg, 0.1667945087684509, vertical(srz246186710250, down)
neg, 0.1667945087684509, vertical(srz246186712579, up)
neg, 0.1667945087684509, vertical(srz246186712579, noop)
neg, 0.1667945087684509, vertical(srz24618676369, up)
neg, 0.1667945087684509, vertical(srz24618676369, noop)
neg, 0.1667945087684509, vertical(srz246186715468, up)
neg, 0.1667945087684509, vertical(srz246186715468, noop)
neg, 0.1667945087684509, vertical(srz24618672905, up)
neg, 0.1667945087684509, vertical(srz24618672905, noop)
neg, 0.1667945087684509, vertical(srz24618672320, up)
neg, 0.1667945087684509, vertical(srz24618672320, down)
neg, 0.1667945087684509, vertical(srz24618678115, up)
neg, 0.1667945087684509, vertical(srz24618678115, noop)
neg, 0.1667945087684509, vertical(srz24618676093, up)
neg, 0.1667945087684509, vertical(srz24618676093, noop)
neg, 0.1667945087684509, vertical(srz24618674807, down)
neg, 0.1667945087684509, vertical(srz24618674807, noop)
neg, 0.1667945087684509, vertical(srz246186714445, up)
neg, 0.1667945087684509, vertical(srz246186714445, noop)
neg, 0.16679450876845098, vertical(srz246186716515, up)
neg, 0.16679450876845098, vertical(srz246186716515, down)
neg, 0.16679450876845095, vertical(srz24618679060, up)
neg, 0.16679450876845095, vertical(srz24618679060, down)
neg, 0.1667945087684509, vertical(srz24618679865, down)
neg, 0.1667945087684509, vertical(srz24618679865, noop)
neg, 0.1667945087684509, vertical(srz24618672021, up)
neg, 0.1667945087684509, vertical(srz24618672021, down)
neg, 0.1667945087684509, vertical(srz24618677134, up)
neg, 0.1667945087684509, vertical(srz24618677134, down)
neg, 0.1667945087684509, vertical(srz24618673292, up)
neg, 0.1667945087684509, vertical(srz24618673292, noop)
neg, 0.1667945087684509, vertical(srz246186710131, up)
neg, 0.1667945087684509, vertical(srz246186710131, down)
neg, 0.1667945087684509, vertical(srz24618679712, up)
neg, 0.1667945087684509, vertical(srz24618679712, down)
neg, 0.1667945087684509, vertical(srz24618676436, up)
neg, 0.1667945087684509, vertical(srz24618676436, down)
neg, 0.1667945087684509, vertical(srz246186714130, down)
neg, 0.1667945087684509, vertical(srz246186714130, noop)
neg, 0.1667945087684509, vertical(srz24618671468, up)
neg, 0.1667945087684509, vertical(srz24618671468, down)
neg, 0.1667945087684509, vertical(srz2461867630, up)
neg, 0.1667945087684509, vertical(srz2461867630, noop)
neg, 0.1667945087684509, vertical(srz246186715793, up)
neg, 0.1667945087684509, vertical(srz246186715793, down)
neg, 0.1667945087684509, vertical(srz246186712533, down)
neg, 0.1667945087684509, vertical(srz246186712533, noop)
neg, 0.16679450876845095, vertical(srz246186713053, down)
neg, 0.16679450876845095, vertical(srz246186713053, noop)
neg, 0.16679450876845095, vertical(srz24618675238, down)
neg, 0.16679450876845095, vertical(srz24618675238, noop)
neg, 0.1667945087684509, vertical(srz246186713668, up)
neg, 0.1667945087684509, vertical(srz246186713668, noop)
neg, 0.16679450876845095, vertical(srz246186714642, down)
neg, 0.16679450876845095, vertical(srz246186714642, noop)
neg, 0.1667945087684509, vertical(srz24618671381, up)
neg, 0.1667945087684509, vertical(srz24618671381, noop)
neg, 0.1667945087684509, vertical(srz24618678988, up)
neg, 0.1667945087684509, vertical(srz24618678988, noop)
neg, 0.16679450876845098, vertical(srz24618675614, down)
neg, 0.16679450876845098, vertical(srz24618675614, noop)
neg, 0.1667945087684509, vertical(srz246186716839, down)
neg, 0.1667945087684509, vertical(srz246186716839, noop)
neg, 0.1667945087684509, vertical(srz24618677128, up)
neg, 0.1667945087684509, vertical(srz24618677128, down)
neg, 0.16679450876845178, vertical(srz246186717125, up)
neg, 0.16679450876845178, vertical(srz246186717125, down)
neg, 0.1667945087684509, vertical(srz24618678774, up)
neg, 0.1667945087684509, vertical(srz24618678774, down)
neg, 0.1667945087684509, vertical(srz24618675530, up)
neg, 0.1667945087684509, vertical(srz24618675530, noop)
neg, 0.1667945087684509, vertical(srz246186714232, up)
neg, 0.1667945087684509, vertical(srz246186714232, noop)
neg, 0.1667945087684509, vertical(srz24618677671, up)
neg, 0.1667945087684509, vertical(srz24618677671, down)
neg, 0.1667945087684509, vertical(srz24618671121, up)
neg, 0.1667945087684509, vertical(srz24618671121, down)
neg, 0.16679450876845095, vertical(srz24618679132, down)
neg, 0.16679450876845095, vertical(srz24618679132, noop)
neg, 0.1667945087684509, vertical(srz246186712871, up)
neg, 0.1667945087684509, vertical(srz246186712871, down)
neg, 0.1667945087684509, vertical(srz24618677765, up)
neg, 0.1667945087684509, vertical(srz24618677765, noop)
neg, 0.1667945087684509, vertical(srz24618672437, up)
neg, 0.1667945087684509, vertical(srz24618672437, noop)
neg, 0.16679450876845095, vertical(srz246186714828, up)
neg, 0.16679450876845095, vertical(srz246186714828, down)
neg, 0.1667945087684509, vertical(srz24618672813, up)
neg, 0.1667945087684509, vertical(srz24618672813, down)
neg, 0.16679450876845095, vertical(srz246186712419, down)
neg, 0.16679450876845095, vertical(srz246186712419, noop)
neg, 0.1667945087684509, vertical(srz246186714365, up)
neg, 0.1667945087684509, vertical(srz246186714365, down)
neg, 0.1667945087684509, vertical(srz24618677932, up)
neg, 0.1667945087684509, vertical(srz24618677932, down)
neg, 0.1667945087684509, vertical(srz246186711076, up)
neg, 0.1667945087684509, vertical(srz246186711076, down)
neg, 0.1667945087684509, vertical(srz246186710284, up)
neg, 0.1667945087684509, vertical(srz246186710284, down)
neg, 0.1667945087684509, vertical(srz24618673260, up)
neg, 0.1667945087684509, vertical(srz24618673260, down)
neg, 0.1667945087684509, vertical(srz24618672427, up)
neg, 0.1667945087684509, vertical(srz24618672427, down)
neg, 0.1667945087684509, vertical(srz24618679, up)
neg, 0.1667945087684509, vertical(srz24618679, down)
neg, 0.1667945087684509, vertical(srz24618678913, up)
neg, 0.1667945087684509, vertical(srz24618678913, noop)
neg, 0.16679450876845178, vertical(srz246186717097, up)
neg, 0.16679450876845178, vertical(srz246186717097, down)
neg, 0.1667945087684509, vertical(srz24618676259, up)
neg, 0.1667945087684509, vertical(srz24618676259, down)
neg, 0.1667945087684509, vertical(srz246186710608, up)
neg, 0.1667945087684509, vertical(srz246186710608, down)
neg, 0.1667945087684509, vertical(srz24618671623, down)
neg, 0.1667945087684509, vertical(srz24618671623, noop)
neg, 0.1667945087684509, vertical(srz24618672953, up)
neg, 0.1667945087684509, vertical(srz24618672953, down)
neg, 0.1667945087684509, vertical(srz24618672022, up)
neg, 0.1667945087684509, vertical(srz24618672022, down)
neg, 0.1667945087684509, vertical(srz24618675023, up)
neg, 0.1667945087684509, vertical(srz24618675023, down)
neg, 0.16679450876845098, vertical(srz246186711676, up)
neg, 0.16679450876845098, vertical(srz246186711676, down)
neg, 0.16679450876845095, vertical(srz246186710449, down)
neg, 0.16679450876845095, vertical(srz246186710449, noop)
neg, 0.16679450876845095, vertical(srz24618678553, up)
neg, 0.16679450876845095, vertical(srz24618678553, down)
neg, 0.1667945087684509, vertical(srz246186710988, up)
neg, 0.1667945087684509, vertical(srz246186710988, down)
neg, 0.1667945087684509, vertical(srz246186713796, up)
neg, 0.1667945087684509, vertical(srz246186713796, down)
neg, 0.1667945087684509, vertical(srz24618672462, up)
neg, 0.1667945087684509, vertical(srz24618672462, noop)
neg, 0.1667945087684509, vertical(srz246186716919, up)
neg, 0.1667945087684509, vertical(srz246186716919, down)
neg, 0.16679450876845095, vertical(srz24618671017, up)
neg, 0.16679450876845095, vertical(srz24618671017, down)
neg, 0.1667945087684509, vertical(srz246186713752, up)
neg, 0.1667945087684509, vertical(srz246186713752, down)
neg, 0.16679450876845095, vertical(srz24618674398, up)
neg, 0.16679450876845095, vertical(srz24618674398, down)
neg, 0.16679450876845095, vertical(srz24618679155, up)
neg, 0.16679450876845095, vertical(srz24618679155, down)
neg, 0.1667945087684509, vertical(srz246186714066, up)
neg, 0.1667945087684509, vertical(srz246186714066, down)
neg, 0.16679450876845095, vertical(srz24618675600, up)
neg, 0.16679450876845095, vertical(srz24618675600, down)
neg, 0.1667945087684509, vertical(srz246186711405, up)
neg, 0.1667945087684509, vertical(srz246186711405, down)
neg, 0.16679450876845095, vertical(srz246186715392, up)
neg, 0.16679450876845095, vertical(srz246186715392, down)
neg, 0.1667945087684509, vertical(srz246186715817, up)
neg, 0.1667945087684509, vertical(srz246186715817, noop)
neg, 0.1667945087684509, vertical(srz246186712166, down)
neg, 0.1667945087684509, vertical(srz246186712166, noop)
neg, 0.1667945087684509, vertical(srz24618672830, up)
neg, 0.1667945087684509, vertical(srz24618672830, down)
neg, 0.1667945087684509, vertical(srz246186716303, up)
neg, 0.1667945087684509, vertical(srz246186716303, down)
neg, 0.1667945087684509, vertical(srz24618677126, up)
neg, 0.1667945087684509, vertical(srz24618677126, down)
neg, 0.16679450876845095, vertical(srz246186711301, down)
neg, 0.16679450876845095, vertical(srz246186711301, noop)
neg, 0.1667945087684509, vertical(srz246186714848, up)
neg, 0.1667945087684509, vertical(srz246186714848, down)
neg, 0.1667945087684509, vertical(srz2461867757, up)
neg, 0.1667945087684509, vertical(srz2461867757, down)
neg, 0.1667945087684509, vertical(srz24618675499, up)
neg, 0.1667945087684509, vertical(srz24618675499, down)
neg, 0.1667945087684509, vertical(srz24618674792, up)
neg, 0.1667945087684509, vertical(srz24618674792, down)
neg, 0.1667945087684509, vertical(srz24618671206, up)
neg, 0.1667945087684509, vertical(srz24618671206, down)
neg, 0.1667945087684509, vertical(srz24618675337, up)
neg, 0.1667945087684509, vertical(srz24618675337, down)
neg, 0.16679450876845095, vertical(srz2461867845, up)
neg, 0.16679450876845095, vertical(srz2461867845, noop)
neg, 0.1667945087684509, vertical(srz246186712928, up)
neg, 0.1667945087684509, vertical(srz246186712928, down)
neg, 0.1667945087684509, vertical(srz24618671731, up)
neg, 0.1667945087684509, vertical(srz24618671731, down)
neg, 0.16679450876845095, vertical(srz246186714815, up)
neg, 0.16679450876845095, vertical(srz246186714815, down)
neg, 0.16679450876845098, vertical(srz246186711619, down)
neg, 0.16679450876845098, vertical(srz246186711619, noop)
neg, 0.16679450876845095, vertical(srz24618674356, up)
neg, 0.16679450876845095, vertical(srz24618674356, down)
neg, 0.1667945087684509, vertical(srz24618674225, up)
neg, 0.1667945087684509, vertical(srz24618674225, down)
neg, 0.1667945087684509, vertical(srz246186715339, up)
neg, 0.1667945087684509, vertical(srz246186715339, down)
neg, 0.1667945087684509, vertical(srz24618679437, up)
neg, 0.1667945087684509, vertical(srz24618679437, down)
neg, 0.1667945087684509, vertical(srz24618678864, up)
neg, 0.1667945087684509, vertical(srz24618678864, down)
neg, 0.1667945087684509, vertical(srz24618679361, up)
neg, 0.1667945087684509, vertical(srz24618679361, down)
neg, 0.1667945087684509, vertical(srz246186717019, up)
neg, 0.1667945087684509, vertical(srz246186717019, noop)
neg, 0.1667945087684509, vertical(srz24618674469, up)
neg, 0.1667945087684509, vertical(srz24618674469, noop)
neg, 0.1667945087684509, vertical(srz24618676902, up)
neg, 0.1667945087684509, vertical(srz24618676902, down)
neg, 0.1667945087684509, vertical(srz24618679947, down)
neg, 0.1667945087684509, vertical(srz24618679947, noop)
neg, 0.1667945087684509, vertical(srz246186710591, up)
neg, 0.1667945087684509, vertical(srz246186710591, down)
neg, 0.1667945087684509, vertical(srz24618677103, down)
neg, 0.1667945087684509, vertical(srz24618677103, noop)
neg, 0.16679450876845095, vertical(srz246186716250, up)
neg, 0.16679450876845095, vertical(srz246186716250, noop)
neg, 0.1667945087684509, vertical(srz24618671459, up)
neg, 0.1667945087684509, vertical(srz24618671459, down)
neg, 0.1667945087684509, vertical(srz246186710612, up)
neg, 0.1667945087684509, vertical(srz246186710612, down)
neg, 0.1667945087684509, vertical(srz24618671326, up)
neg, 0.1667945087684509, vertical(srz24618671326, down)
neg, 0.1667945087684509, vertical(srz246186713774, up)
neg, 0.1667945087684509, vertical(srz246186713774, noop)
neg, 0.1667945087684509, vertical(srz24618679260, up)
neg, 0.1667945087684509, vertical(srz24618679260, down)
neg, 0.1667945087684509, vertical(srz24618678798, down)
neg, 0.1667945087684509, vertical(srz24618678798, noop)
neg, 0.1667945087684509, vertical(srz24618679873, up)
neg, 0.1667945087684509, vertical(srz24618679873, down)
neg, 0.1667945087684509, vertical(srz246186711321, up)
neg, 0.1667945087684509, vertical(srz246186711321, down)
neg, 0.16679450876845095, vertical(srz24618679224, up)
neg, 0.16679450876845095, vertical(srz24618679224, down)
neg, 0.1667945087684509, vertical(srz24618671962, up)
neg, 0.1667945087684509, vertical(srz24618671962, noop)
neg, 0.1667945087684509, vertical(srz24618672504, down)
neg, 0.1667945087684509, vertical(srz24618672504, noop)
neg, 0.1667945087684509, vertical(srz24618671051, up)
neg, 0.1667945087684509, vertical(srz24618671051, down)
neg, 0.1667945087684509, vertical(srz24618674587, up)
neg, 0.1667945087684509, vertical(srz24618674587, down)
neg, 0.1667945087684509, vertical(srz24618675334, up)
neg, 0.1667945087684509, vertical(srz24618675334, down)
neg, 0.1667945087684509, vertical(srz24618674590, up)
neg, 0.1667945087684509, vertical(srz24618674590, down)
neg, 0.1667945087684509, vertical(srz246186713584, up)
neg, 0.1667945087684509, vertical(srz246186713584, noop)
neg, 0.1667945087684509, vertical(srz246186716151, up)
neg, 0.1667945087684509, vertical(srz246186716151, down)
neg, 0.1667945087684509, vertical(srz24618672008, up)
neg, 0.1667945087684509, vertical(srz24618672008, down)
neg, 0.1667945087684509, vertical(srz24618673212, up)
neg, 0.1667945087684509, vertical(srz24618673212, noop)
neg, 0.1667945087684509, vertical(srz246186710280, up)
neg, 0.1667945087684509, vertical(srz246186710280, down)
neg, 0.1667945087684509, vertical(srz246186715068, up)
neg, 0.1667945087684509, vertical(srz246186715068, down)
neg, 0.1667945087684509, vertical(srz246186710711, up)
neg, 0.1667945087684509, vertical(srz246186710711, down)
neg, 0.16679450876845098, vertical(srz24618674017, up)
neg, 0.16679450876845098, vertical(srz24618674017, down)
neg, 0.1667945087684509, vertical(srz2461867515, down)
neg, 0.1667945087684509, vertical(srz2461867515, noop)
neg, 0.1667945087684509, vertical(srz24618671826, up)
neg, 0.1667945087684509, vertical(srz24618671826, down)
neg, 0.16679450876845095, vertical(srz246186714704, up)
neg, 0.16679450876845095, vertical(srz246186714704, down)
neg, 0.1667945087684509, vertical(srz24618674852, up)
neg, 0.1667945087684509, vertical(srz24618674852, noop)
neg, 0.1667945087684509, vertical(srz24618678862, up)
neg, 0.1667945087684509, vertical(srz24618678862, down)
neg, 0.1667945087684509, vertical(srz24618677163, up)
neg, 0.1667945087684509, vertical(srz24618677163, down)
neg, 0.1667945087684509, vertical(srz24618675842, up)
neg, 0.1667945087684509, vertical(srz24618675842, down)
neg, 0.1667945087684509, vertical(srz24618676084, up)
neg, 0.1667945087684509, vertical(srz24618676084, noop)
neg, 0.1667945087684509, vertical(srz2461867265, up)
neg, 0.1667945087684509, vertical(srz2461867265, down)
neg, 0.1667945087684509, vertical(srz24618676246, up)
neg, 0.1667945087684509, vertical(srz24618676246, down)
neg, 0.1667945087684509, vertical(srz246186712459, up)
neg, 0.1667945087684509, vertical(srz246186712459, down)
neg, 0.1667945087684509, vertical(srz24618672541, up)
neg, 0.1667945087684509, vertical(srz24618672541, down)
neg, 0.1667945087684509, vertical(srz246186712915, up)
neg, 0.1667945087684509, vertical(srz246186712915, down)
neg, 0.1667945087684509, vertical(srz24618675209, up)
neg, 0.1667945087684509, vertical(srz24618675209, noop)
neg, 0.1667945087684509, vertical(srz24618678073, up)
neg, 0.1667945087684509, vertical(srz24618678073, down)
neg, 0.1667945087684509, vertical(srz24618677778, up)
neg, 0.1667945087684509, vertical(srz24618677778, down)
neg, 0.1667945087684509, vertical(srz246186714387, up)
neg, 0.1667945087684509, vertical(srz246186714387, down)
neg, 0.1667945087684509, vertical(srz246186710099, up)
neg, 0.1667945087684509, vertical(srz246186710099, down)
neg, 0.16679450876845095, vertical(srz24618679203, down)
neg, 0.16679450876845095, vertical(srz24618679203, noop)
neg, 0.16679450876845098, vertical(srz24618672348, up)
neg, 0.16679450876845098, vertical(srz24618672348, down)
neg, 0.1667945087684509, vertical(srz24618678502, down)
neg, 0.1667945087684509, vertical(srz24618678502, noop)
neg, 0.16679450876845095, vertical(srz246186712638, up)
neg, 0.16679450876845095, vertical(srz246186712638, noop)
neg, 0.16679450876845095, vertical(srz24618675284, down)
neg, 0.16679450876845095, vertical(srz24618675284, noop)
neg, 0.1667945087684509, vertical(srz24618674930, down)
neg, 0.1667945087684509, vertical(srz24618674930, noop)
neg, 0.1667945087684509, vertical(srz24618677223, up)
neg, 0.1667945087684509, vertical(srz24618677223, down)
neg, 0.1667945087684509, vertical(srz246186714462, up)
neg, 0.1667945087684509, vertical(srz246186714462, noop)
neg, 0.1667945087684509, vertical(srz246186712669, down)
neg, 0.1667945087684509, vertical(srz246186712669, noop)
neg, 0.1667945087684509, vertical(srz24618671386, up)
neg, 0.1667945087684509, vertical(srz24618671386, noop)
neg, 0.1667945087684509, vertical(srz24618671054, up)
neg, 0.1667945087684509, vertical(srz24618671054, down)
neg, 0.1667945087684509, vertical(srz24618679997, down)
neg, 0.1667945087684509, vertical(srz24618679997, noop)
neg, 0.1667945087684509, vertical(srz24618673307, up)
neg, 0.1667945087684509, vertical(srz24618673307, down)
neg, 0.1667945087684509, vertical(srz24618675838, up)
neg, 0.1667945087684509, vertical(srz24618675838, down)
neg, 0.16679450876845095, vertical(srz24618672608, down)
neg, 0.16679450876845095, vertical(srz24618672608, noop)
neg, 0.1667945087684509, vertical(srz246186710027, up)
neg, 0.1667945087684509, vertical(srz246186710027, noop)
neg, 0.1667945087684509, vertical(srz24618677869, up)
neg, 0.1667945087684509, vertical(srz24618677869, down)
neg, 0.1667945087684509, vertical(srz246186714998, up)
neg, 0.1667945087684509, vertical(srz246186714998, noop)
neg, 0.1667945087684509, vertical(srz246186710266, up)
neg, 0.1667945087684509, vertical(srz246186710266, down)
neg, 0.1667945087684509, vertical(srz24618673572, down)
neg, 0.1667945087684509, vertical(srz24618673572, noop)
neg, 0.16679450876845095, vertical(srz24618679929, up)
neg, 0.16679450876845095, vertical(srz24618679929, noop)
neg, 0.1667945087684509, vertical(srz24618676993, up)
neg, 0.1667945087684509, vertical(srz24618676993, down)
neg, 0.1667945087684509, vertical(srz246186713935, up)
neg, 0.1667945087684509, vertical(srz246186713935, down)
neg, 0.16679450876845095, vertical(srz246186713082, up)
neg, 0.16679450876845095, vertical(srz246186713082, down)
neg, 0.1667945087684509, vertical(srz24618673954, up)
neg, 0.1667945087684509, vertical(srz24618673954, down)
neg, 0.16679450876845095, vertical(srz246186713098, up)
neg, 0.16679450876845095, vertical(srz246186713098, down)
neg, 0.1667945087684509, vertical(srz24618674185, up)
neg, 0.1667945087684509, vertical(srz24618674185, down)
neg, 0.1667945087684509, vertical(srz246186715608, up)
neg, 0.1667945087684509, vertical(srz246186715608, down)
neg, 0.1667945087684509, vertical(srz246186711818, up)
neg, 0.1667945087684509, vertical(srz246186711818, down)
neg, 0.1667945087684509, vertical(srz246186716831, up)
neg, 0.1667945087684509, vertical(srz246186716831, down)
neg, 0.1667945087684509, vertical(srz24618674329, up)
neg, 0.1667945087684509, vertical(srz24618674329, down)
neg, 0.1667945087684509, vertical(srz246186710873, up)
neg, 0.1667945087684509, vertical(srz246186710873, down)
neg, 0.16679450876845095, vertical(srz246186712506, up)
neg, 0.16679450876845095, vertical(srz246186712506, down)
neg, 0.16679450876845098, vertical(srz24618672342, up)
neg, 0.16679450876845098, vertical(srz24618672342, down)
neg, 0.1667945087684509, vertical(srz246186711162, up)
neg, 0.1667945087684509, vertical(srz246186711162, noop)
neg, 0.1667945087684509, vertical(srz24618676560, up)
neg, 0.1667945087684509, vertical(srz24618676560, noop)
neg, 0.1667945087684509, vertical(srz24618675227, up)
neg, 0.1667945087684509, vertical(srz24618675227, noop)
neg, 0.16679450876845098, vertical(srz246186716984, up)
neg, 0.16679450876845098, vertical(srz246186716984, down)
neg, 0.1667945087684509, vertical(srz24618672458, up)
neg, 0.1667945087684509, vertical(srz24618672458, down)
neg, 0.1667945087684509, vertical(srz246186711066, up)
neg, 0.1667945087684509, vertical(srz246186711066, noop)
neg, 0.1667945087684509, vertical(srz24618675194, up)
neg, 0.1667945087684509, vertical(srz24618675194, down)
neg, 0.1667945087684509, vertical(srz24618676911, down)
neg, 0.1667945087684509, vertical(srz24618676911, noop)
neg, 0.16679450876845095, vertical(srz246186711888, up)
neg, 0.16679450876845095, vertical(srz246186711888, down)
neg, 0.1667945087684509, vertical(srz246186713719, down)
neg, 0.1667945087684509, vertical(srz246186713719, noop)
neg, 0.1667945087684509, vertical(srz246186714162, up)
neg, 0.1667945087684509, vertical(srz246186714162, noop)
neg, 0.1667945087684509, vertical(srz246186713357, up)
neg, 0.1667945087684509, vertical(srz246186713357, noop)
neg, 0.1667945087684509, vertical(srz24618673820, up)
neg, 0.1667945087684509, vertical(srz24618673820, noop)
neg, 0.1667945087684509, vertical(srz24618672756, up)
neg, 0.1667945087684509, vertical(srz24618672756, down)
neg, 0.1667945087684509, vertical(srz246186713721, up)
neg, 0.1667945087684509, vertical(srz246186713721, down)
neg, 0.1667945087684509, vertical(srz246186711019, up)
neg, 0.1667945087684509, vertical(srz246186711019, down)
neg, 0.1667945087684509, vertical(srz246186714968, up)
neg, 0.1667945087684509, vertical(srz246186714968, down)
neg, 0.1667945087684509, vertical(srz24618671784, up)
neg, 0.1667945087684509, vertical(srz24618671784, down)
neg, 0.16679450876845095, vertical(srz24618671018, up)
neg, 0.16679450876845095, vertical(srz24618671018, down)
neg, 0.1667945087684509, vertical(srz2461867383, down)
neg, 0.1667945087684509, vertical(srz2461867383, noop)
neg, 0.1667945087684509, vertical(srz246186715788, up)
neg, 0.1667945087684509, vertical(srz246186715788, down)
neg, 0.1667945087684509, vertical(srz246186711032, up)
neg, 0.1667945087684509, vertical(srz246186711032, down)
neg, 0.1667945087684509, vertical(srz24618672103, up)
neg, 0.1667945087684509, vertical(srz24618672103, down)
neg, 0.1667945087684509, vertical(srz24618671504, up)
neg, 0.1667945087684509, vertical(srz24618671504, down)
neg, 0.1667945087684509, vertical(srz246186715166, up)
neg, 0.1667945087684509, vertical(srz246186715166, down)
neg, 0.16679450876845095, vertical(srz2461867947, down)
neg, 0.16679450876845095, vertical(srz2461867947, noop)
neg, 0.1667945087684509, vertical(srz24618677725, up)
neg, 0.1667945087684509, vertical(srz24618677725, down)
neg, 0.1667945087684509, vertical(srz24618674305, up)
neg, 0.1667945087684509, vertical(srz24618674305, down)
neg, 0.1667945087684509, vertical(srz246186713191, up)
neg, 0.1667945087684509, vertical(srz246186713191, down)
neg, 0.1667945087684509, vertical(srz24618672716, up)
neg, 0.1667945087684509, vertical(srz24618672716, down)
neg, 0.1667945087684509, vertical(srz24618672197, up)
neg, 0.1667945087684509, vertical(srz24618672197, down)
neg, 0.1667945087684509, vertical(srz24618677684, up)
neg, 0.1667945087684509, vertical(srz24618677684, down)
neg, 0.1667945087684509, vertical(srz24618673632, up)
neg, 0.1667945087684509, vertical(srz24618673632, down)
neg, 0.1667945087684509, vertical(srz24618676185, up)
neg, 0.1667945087684509, vertical(srz24618676185, down)
neg, 0.1667945087684509, vertical(srz246186710622, up)
neg, 0.1667945087684509, vertical(srz246186710622, down)
neg, 0.1667945087684509, vertical(srz2461867548, up)
neg, 0.1667945087684509, vertical(srz2461867548, down)
neg, 0.1667945087684509, vertical(srz24618678163, up)
neg, 0.1667945087684509, vertical(srz24618678163, noop)
neg, 0.1667945087684509, vertical(srz246186717044, up)
neg, 0.1667945087684509, vertical(srz246186717044, down)
neg, 0.1667945087684509, vertical(srz24618671083, up)
neg, 0.1667945087684509, vertical(srz24618671083, down)
neg, 0.1667945087684509, vertical(srz24618677073, up)
neg, 0.1667945087684509, vertical(srz24618677073, down)
neg, 0.1667945087684509, vertical(srz24618672900, up)
neg, 0.1667945087684509, vertical(srz24618672900, noop)
neg, 0.16679450876845095, vertical(srz24618674406, up)
neg, 0.16679450876845095, vertical(srz24618674406, down)
neg, 0.1667945087684509, vertical(srz24618671673, down)
neg, 0.1667945087684509, vertical(srz24618671673, noop)
neg, 0.1667945087684509, vertical(srz246186713684, up)
neg, 0.1667945087684509, vertical(srz246186713684, noop)
neg, 0.1667945087684509, vertical(srz246186715464, up)
neg, 0.1667945087684509, vertical(srz246186715464, noop)
neg, 0.1667945087684509, vertical(srz246186710125, down)
neg, 0.1667945087684509, vertical(srz246186710125, noop)
neg, 0.1667945087684509, vertical(srz24618679279, up)
neg, 0.1667945087684509, vertical(srz24618679279, down)
neg, 0.1667945087684509, vertical(srz24618679691, down)
neg, 0.1667945087684509, vertical(srz24618679691, noop)
neg, 0.1667945087684509, vertical(srz246186710780, up)
neg, 0.1667945087684509, vertical(srz246186710780, down)
neg, 0.1667945087684509, vertical(srz246186712010, up)
neg, 0.1667945087684509, vertical(srz246186712010, noop)
neg, 0.1667945087684509, vertical(srz2461867296, up)
neg, 0.1667945087684509, vertical(srz2461867296, noop)
neg, 0.1667945087684509, vertical(srz24618674258, up)
neg, 0.1667945087684509, vertical(srz24618674258, down)
neg, 0.1667945087684509, vertical(srz246186715678, up)
neg, 0.1667945087684509, vertical(srz246186715678, down)
neg, 0.1667945087684509, vertical(srz2461867477, up)
neg, 0.1667945087684509, vertical(srz2461867477, noop)
neg, 0.1667945087684509, vertical(srz246186713494, down)
neg, 0.1667945087684509, vertical(srz246186713494, noop)
neg, 0.1667945087684509, vertical(srz24618675880, up)
neg, 0.1667945087684509, vertical(srz24618675880, down)
neg, 0.1667945087684509, vertical(srz24618671825, up)
neg, 0.1667945087684509, vertical(srz24618671825, down)
neg, 0.1667945087684509, vertical(srz24618677913, up)
neg, 0.1667945087684509, vertical(srz24618677913, down)
neg, 0.1667945087684509, vertical(srz24618674166, up)
neg, 0.1667945087684509, vertical(srz24618674166, down)
neg, 0.1667945087684509, vertical(srz24618676304, up)
neg, 0.1667945087684509, vertical(srz24618676304, down)
neg, 0.16679450876845095, vertical(srz24618672638, up)
neg, 0.16679450876845095, vertical(srz24618672638, down)
neg, 0.1667945087684509, vertical(srz246186714005, down)
neg, 0.1667945087684509, vertical(srz246186714005, noop)
neg, 0.1667945087684509, vertical(srz24618678580, up)
neg, 0.1667945087684509, vertical(srz24618678580, down)
neg, 0.16679450876845095, vertical(srz24618671023, up)
neg, 0.16679450876845095, vertical(srz24618671023, down)
neg, 0.16679450876845098, vertical(srz246186711705, up)
neg, 0.16679450876845098, vertical(srz246186711705, down)
neg, 0.16679450876845095, vertical(srz24618675581, down)
neg, 0.16679450876845095, vertical(srz24618675581, noop)
neg, 0.16679450876845098, vertical(srz246186714524, down)
neg, 0.16679450876845098, vertical(srz246186714524, noop)
neg, 0.1667945087684509, vertical(srz246186711172, up)
neg, 0.1667945087684509, vertical(srz246186711172, down)
neg, 0.16679450876845178, vertical(srz246186716348, up)
neg, 0.16679450876845178, vertical(srz246186716348, down)
neg, 0.1667945087684509, vertical(srz24618675029, up)
neg, 0.1667945087684509, vertical(srz24618675029, down)
neg, 0.16679450876845095, vertical(srz246186710460, up)
neg, 0.16679450876845095, vertical(srz246186710460, down)
neg, 0.16679450876845095, vertical(srz24618679508, up)
neg, 0.16679450876845095, vertical(srz24618679508, down)
neg, 0.1667945087684509, vertical(srz246186711071, up)
neg, 0.1667945087684509, vertical(srz246186711071, down)
neg, 0.16679450876845095, vertical(srz246186714299, down)
neg, 0.16679450876845095, vertical(srz246186714299, noop)
neg, 0.1667945087684509, vertical(srz246186713986, down)
neg, 0.1667945087684509, vertical(srz246186713986, noop)
neg, 0.1667945087684509, vertical(srz246186714349, down)
neg, 0.1667945087684509, vertical(srz246186714349, noop)
neg, 0.1667945087684509, vertical(srz24618673161, down)
neg, 0.1667945087684509, vertical(srz24618673161, noop)
neg, 0.1667945087684509, vertical(srz246186714333, up)
neg, 0.1667945087684509, vertical(srz246186714333, down)
neg, 0.1667945087684509, vertical(srz246186716299, up)
neg, 0.1667945087684509, vertical(srz246186716299, down)
neg, 0.1667945087684509, vertical(srz246186712378, up)
neg, 0.1667945087684509, vertical(srz246186712378, down)
neg, 0.1667945087684509, vertical(srz246186715735, up)
neg, 0.1667945087684509, vertical(srz246186715735, down)
neg, 0.1667945087684509, vertical(srz24618672962, up)
neg, 0.1667945087684509, vertical(srz24618672962, down)
neg, 0.1667945087684509, vertical(srz24618672088, up)
neg, 0.1667945087684509, vertical(srz24618672088, down)
neg, 0.1667945087684509, vertical(srz24618673649, down)
neg, 0.1667945087684509, vertical(srz24618673649, noop)
neg, 0.1667945087684509, vertical(srz246186712706, down)
neg, 0.1667945087684509, vertical(srz246186712706, noop)
neg, 0.1667945087684509, vertical(srz24618673321, up)
neg, 0.1667945087684509, vertical(srz24618673321, down)
neg, 0.1667945087684509, vertical(srz24618672720, up)
neg, 0.1667945087684509, vertical(srz24618672720, down)
neg, 0.1667945087684509, vertical(srz2461867478, up)
neg, 0.1667945087684509, vertical(srz2461867478, noop)
neg, 0.1667945087684509, vertical(srz24618679984, down)
neg, 0.1667945087684509, vertical(srz24618679984, noop)
neg, 0.16679450876845095, vertical(srz24618672640, up)
neg, 0.16679450876845095, vertical(srz24618672640, down)
neg, 0.1667945087684509, vertical(srz24618671871, up)
neg, 0.1667945087684509, vertical(srz24618671871, down)
neg, 0.1667945087684509, vertical(srz2461867923, down)
neg, 0.1667945087684509, vertical(srz2461867923, noop)
neg, 0.16679450876845095, vertical(srz246186714619, down)
neg, 0.16679450876845095, vertical(srz246186714619, noop)
neg, 0.1667945087684509, vertical(srz246186711802, up)
neg, 0.1667945087684509, vertical(srz246186711802, down)
neg, 0.1667945087684509, vertical(srz24618671551, up)
neg, 0.1667945087684509, vertical(srz24618671551, down)
neg, 0.16679450876845095, vertical(srz246186716601, up)
neg, 0.16679450876845095, vertical(srz246186716601, noop)
neg, 0.16679450876845095, vertical(srz24618679533, up)
neg, 0.16679450876845095, vertical(srz24618679533, noop)
neg, 0.1667945087684509, vertical(srz246186715804, up)
neg, 0.1667945087684509, vertical(srz246186715804, down)
neg, 0.1667945087684509, vertical(srz24618678513, down)
neg, 0.1667945087684509, vertical(srz24618678513, noop)
neg, 0.1667945087684509, vertical(srz24618679874, up)
neg, 0.1667945087684509, vertical(srz24618679874, down)
neg, 0.16679450876845095, vertical(srz246186712634, up)
neg, 0.16679450876845095, vertical(srz246186712634, noop)
neg, 0.1667945087684509, vertical(srz246186712298, up)
neg, 0.1667945087684509, vertical(srz246186712298, noop)
neg, 0.1667945087684509, vertical(srz24618679257, up)
neg, 0.1667945087684509, vertical(srz24618679257, down)
neg, 0.16679450876845098, vertical(srz24618674130, up)
neg, 0.16679450876845098, vertical(srz24618674130, down)
neg, 0.1667945087684509, vertical(srz24618676580, down)
neg, 0.1667945087684509, vertical(srz24618676580, noop)
neg, 0.1667945087684509, vertical(srz246186712935, up)
neg, 0.1667945087684509, vertical(srz246186712935, down)
neg, 0.1667945087684509, vertical(srz24618672481, up)
neg, 0.1667945087684509, vertical(srz24618672481, noop)
neg, 0.1667945087684509, vertical(srz246186711315, up)
neg, 0.1667945087684509, vertical(srz246186711315, down)
neg, 0.1667945087684509, vertical(srz24618673534, up)
neg, 0.1667945087684509, vertical(srz24618673534, noop)
neg, 0.1667945087684509, vertical(srz24618679770, up)
neg, 0.1667945087684509, vertical(srz24618679770, down)
neg, 0.1667945087684509, vertical(srz24618678453, up)
neg, 0.1667945087684509, vertical(srz24618678453, noop)
neg, 0.1667945087684509, vertical(srz246186713151, up)
neg, 0.1667945087684509, vertical(srz246186713151, down)
neg, 0.1667945087684509, vertical(srz246186713324, up)
neg, 0.1667945087684509, vertical(srz246186713324, down)
neg, 0.1667945087684509, vertical(srz246186713539, up)
neg, 0.1667945087684509, vertical(srz246186713539, down)
neg, 0.16679450876845098, vertical(srz24618674093, up)
neg, 0.16679450876845098, vertical(srz24618674093, down)
neg, 0.1667945087684509, vertical(srz24618678221, down)
neg, 0.1667945087684509, vertical(srz24618678221, noop)
neg, 0.1667945087684509, vertical(srz246186713728, down)
neg, 0.1667945087684509, vertical(srz246186713728, noop)
neg, 0.1667945087684509, vertical(srz24618671766, up)
neg, 0.1667945087684509, vertical(srz24618671766, noop)
neg, 0.1667945087684509, vertical(srz246186711012, down)
neg, 0.1667945087684509, vertical(srz246186711012, noop)
neg, 0.16679450876845095, vertical(srz24618679532, up)
neg, 0.16679450876845095, vertical(srz24618679532, down)
neg, 0.1667945087684509, vertical(srz24618671229, up)
neg, 0.1667945087684509, vertical(srz24618671229, down)
neg, 0.1667945087684509, vertical(srz24618671136, up)
neg, 0.1667945087684509, vertical(srz24618671136, down)
neg, 0.1667945087684509, vertical(srz24618672524, up)
neg, 0.1667945087684509, vertical(srz24618672524, down)
neg, 0.1667945087684509, vertical(srz246186785, up)
neg, 0.1667945087684509, vertical(srz246186785, down)
neg, 0.1667945087684509, vertical(srz24618671242, up)
neg, 0.1667945087684509, vertical(srz24618671242, down)
neg, 0.1667945087684509, vertical(srz246186711048, up)
neg, 0.1667945087684509, vertical(srz246186711048, noop)
neg, 0.1667945087684509, vertical(srz24618674926, down)
neg, 0.1667945087684509, vertical(srz24618674926, noop)
neg, 0.1667945087684509, vertical(srz24618674205, up)
neg, 0.1667945087684509, vertical(srz24618674205, down)
neg, 0.1667945087684509, vertical(srz24618672903, up)
neg, 0.1667945087684509, vertical(srz24618672903, noop)
neg, 0.1667945087684509, vertical(srz246186713683, up)
neg, 0.1667945087684509, vertical(srz246186713683, noop)
neg, 0.16679450876845098, vertical(srz24618677954, up)
neg, 0.16679450876845098, vertical(srz24618677954, down)
neg, 0.1667945087684509, vertical(srz24618675913, up)
neg, 0.1667945087684509, vertical(srz24618675913, down)
neg, 0.1667945087684509, vertical(srz24618679859, down)
neg, 0.1667945087684509, vertical(srz24618679859, noop)
neg, 0.1667945087684509, vertical(srz24618677693, up)
neg, 0.1667945087684509, vertical(srz24618677693, down)
neg, 0.1667945087684509, vertical(srz24618678827, up)
neg, 0.1667945087684509, vertical(srz24618678827, down)
neg, 0.1667945087684509, vertical(srz246186710296, up)
neg, 0.1667945087684509, vertical(srz246186710296, down)
neg, 0.16679450876845095, vertical(srz246186715992, up)
neg, 0.16679450876845095, vertical(srz246186715992, down)
neg, 0.1667945087684509, vertical(srz2461867178, up)
neg, 0.1667945087684509, vertical(srz2461867178, down)
neg, 0.1667945087684509, vertical(srz24618672177, up)
neg, 0.1667945087684509, vertical(srz24618672177, down)
neg, 0.1667945087684509, vertical(srz246186715105, down)
neg, 0.1667945087684509, vertical(srz246186715105, noop)
neg, 0.1667945087684509, vertical(srz24618673524, up)
neg, 0.1667945087684509, vertical(srz24618673524, down)
neg, 0.16679450876845095, vertical(srz246186713026, down)
neg, 0.16679450876845095, vertical(srz246186713026, noop)
neg, 0.16679450876845098, vertical(srz246186711650, down)
neg, 0.16679450876845098, vertical(srz246186711650, noop)
neg, 0.1667945087684509, vertical(srz24618671446, up)
neg, 0.1667945087684509, vertical(srz24618671446, down)
neg, 0.1667945087684509, vertical(srz24618671528, up)
neg, 0.1667945087684509, vertical(srz24618671528, down)
neg, 0.16679450876845098, vertical(srz246186711658, down)
neg, 0.16679450876845098, vertical(srz246186711658, noop)
neg, 0.1667945087684509, vertical(srz246186714207, up)
neg, 0.1667945087684509, vertical(srz246186714207, down)
neg, 0.1667945087684509, vertical(srz246186712266, down)
neg, 0.1667945087684509, vertical(srz246186712266, noop)
neg, 0.1667945087684509, vertical(srz246186716615, up)
neg, 0.1667945087684509, vertical(srz246186716615, down)
neg, 0.1667945087684509, vertical(srz24618679296, up)
neg, 0.1667945087684509, vertical(srz24618679296, down)
neg, 0.1667945087684509, vertical(srz246186716756, up)
neg, 0.1667945087684509, vertical(srz246186716756, down)
neg, 0.1667945087684509, vertical(srz24618676257, up)
neg, 0.1667945087684509, vertical(srz24618676257, down)
neg, 0.16679450876845095, vertical(srz246186713115, up)
neg, 0.16679450876845095, vertical(srz246186713115, down)
neg, 0.1667945087684509, vertical(srz246186711023, up)
neg, 0.1667945087684509, vertical(srz246186711023, down)
neg, 0.1667945087684509, vertical(srz246186711170, up)
neg, 0.1667945087684509, vertical(srz246186711170, down)
neg, 0.1667945087684509, vertical(srz24618677717, up)
neg, 0.1667945087684509, vertical(srz24618677717, down)
neg, 0.1667945087684509, vertical(srz24618671313, up)
neg, 0.1667945087684509, vertical(srz24618671313, down)
neg, 0.1667945087684509, vertical(srz246186713300, up)
neg, 0.1667945087684509, vertical(srz246186713300, down)
neg, 0.1667945087684509, vertical(srz246186715314, up)
neg, 0.1667945087684509, vertical(srz246186715314, noop)
neg, 0.16679450876845178, vertical(srz246186716325, up)
neg, 0.16679450876845178, vertical(srz246186716325, down)
neg, 0.1667945087684509, vertical(srz24618672271, up)
neg, 0.1667945087684509, vertical(srz24618672271, noop)
neg, 0.1667945087684509, vertical(srz24618675871, up)
neg, 0.1667945087684509, vertical(srz24618675871, down)
neg, 0.16679450876845098, vertical(srz24618674101, up)
neg, 0.16679450876845098, vertical(srz24618674101, down)
neg, 0.16679450876845095, vertical(srz246186710402, up)
neg, 0.16679450876845095, vertical(srz246186710402, down)
neg, 0.16679450876845095, vertical(srz246186711852, up)
neg, 0.16679450876845095, vertical(srz246186711852, down)
neg, 0.1667945087684509, vertical(srz2461867438, up)
neg, 0.1667945087684509, vertical(srz2461867438, down)
neg, 0.1667945087684509, vertical(srz24618677187, up)
neg, 0.1667945087684509, vertical(srz24618677187, down)
neg, 0.1667945087684509, vertical(srz246186712784, up)
neg, 0.1667945087684509, vertical(srz246186712784, down)
neg, 0.16679450876845095, vertical(srz24618679064, up)
neg, 0.16679450876845095, vertical(srz24618679064, down)
neg, 0.1667945087684509, vertical(srz246186713293, up)
neg, 0.1667945087684509, vertical(srz246186713293, down)
neg, 0.16679450876845095, vertical(srz246186715869, down)
neg, 0.16679450876845095, vertical(srz246186715869, noop)
neg, 0.1667945087684509, vertical(srz246186712396, up)
neg, 0.1667945087684509, vertical(srz246186712396, noop)
neg, 0.1667945087684509, vertical(srz24618674793, up)
neg, 0.1667945087684509, vertical(srz24618674793, down)
neg, 0.1667945087684509, vertical(srz246186715412, down)
neg, 0.1667945087684509, vertical(srz246186715412, noop)
neg, 0.1667945087684509, vertical(srz24618671550, up)
neg, 0.1667945087684509, vertical(srz24618671550, down)
neg, 0.1667945087684509, vertical(srz24618674463, up)
neg, 0.1667945087684509, vertical(srz24618674463, noop)
neg, 0.1667945087684509, vertical(srz246186713587, up)
neg, 0.1667945087684509, vertical(srz246186713587, noop)
neg, 0.1667945087684509, vertical(srz246186717065, up)
neg, 0.1667945087684509, vertical(srz246186717065, noop)
neg, 0.1667945087684509, vertical(srz246186713754, up)
neg, 0.1667945087684509, vertical(srz246186713754, down)
neg, 0.1667945087684509, vertical(srz246186711185, up)
neg, 0.1667945087684509, vertical(srz246186711185, down)
neg, 0.1667945087684509, vertical(srz246186710127, up)
neg, 0.1667945087684509, vertical(srz246186710127, down)
neg, 0.1667945087684509, vertical(srz24618674317, up)
neg, 0.1667945087684509, vertical(srz24618674317, down)
neg, 0.1667945087684509, vertical(srz24618679723, up)
neg, 0.1667945087684509, vertical(srz24618679723, down)
neg, 0.16679450876845095, vertical(srz246186714602, up)
neg, 0.16679450876845095, vertical(srz246186714602, down)
neg, 0.1667945087684509, vertical(srz246186710173, up)
neg, 0.1667945087684509, vertical(srz246186710173, down)
neg, 0.16679450876845095, vertical(srz24618672572, down)
neg, 0.16679450876845095, vertical(srz24618672572, noop)
neg, 0.16679450876845095, vertical(srz2461867942, down)
neg, 0.16679450876845095, vertical(srz2461867942, noop)
neg, 0.1667945087684509, vertical(srz246186717069, up)
neg, 0.1667945087684509, vertical(srz246186717069, noop)
neg, 0.1667945087684509, vertical(srz246186710126, up)
neg, 0.1667945087684509, vertical(srz246186710126, down)
neg, 0.1667945087684509, vertical(srz246186715628, up)
neg, 0.1667945087684509, vertical(srz246186715628, noop)
neg, 0.1667945087684509, vertical(srz24618679025, up)
neg, 0.1667945087684509, vertical(srz24618679025, down)
neg, 0.1667945087684509, vertical(srz24618676356, up)
neg, 0.1667945087684509, vertical(srz24618676356, noop)
neg, 0.16679450876845095, vertical(srz246186713027, down)
neg, 0.16679450876845095, vertical(srz246186713027, noop)
neg, 0.16679450876845098, vertical(srz246186711668, up)
neg, 0.16679450876845098, vertical(srz246186711668, down)
neg, 0.1667945087684509, vertical(srz246186712977, down)
neg, 0.1667945087684509, vertical(srz246186712977, noop)
neg, 0.1667945087684509, vertical(srz24618677493, up)
neg, 0.1667945087684509, vertical(srz24618677493, down)
neg, 0.1667945087684509, vertical(srz246186713833, up)
neg, 0.1667945087684509, vertical(srz246186713833, down)
neg, 0.16679450876845095, vertical(srz246186714614, down)
neg, 0.16679450876845095, vertical(srz246186714614, noop)
neg, 0.1667945087684509, vertical(srz24618671564, up)
neg, 0.1667945087684509, vertical(srz24618671564, down)
neg, 0.1667945087684509, vertical(srz24618673362, down)
neg, 0.1667945087684509, vertical(srz24618673362, noop)
neg, 0.1667945087684509, vertical(srz24618677982, up)
neg, 0.1667945087684509, vertical(srz24618677982, down)
neg, 0.1667945087684509, vertical(srz246186712244, up)
neg, 0.1667945087684509, vertical(srz246186712244, down)
neg, 0.1667945087684509, vertical(srz24618673642, up)
neg, 0.1667945087684509, vertical(srz24618673642, down)
neg, 0.1667945087684509, vertical(srz246186714145, up)
neg, 0.1667945087684509, vertical(srz246186714145, down)
neg, 0.1667945087684509, vertical(srz2461867357, up)
neg, 0.1667945087684509, vertical(srz2461867357, noop)
neg, 0.16679450876845095, vertical(srz246186712412, down)
neg, 0.16679450876845095, vertical(srz246186712412, noop)
neg, 0.1667945087684509, vertical(srz246186716028, up)
neg, 0.1667945087684509, vertical(srz246186716028, down)
neg, 0.16679450876845095, vertical(srz24618679152, down)
neg, 0.16679450876845095, vertical(srz24618679152, noop)
neg, 0.16679450876845095, vertical(srz246186715895, down)
neg, 0.16679450876845095, vertical(srz246186715895, noop)
neg, 0.1667945087684509, vertical(srz24618675986, up)
neg, 0.1667945087684509, vertical(srz24618675986, down)
neg, 0.1667945087684509, vertical(srz24618671953, up)
neg, 0.1667945087684509, vertical(srz24618671953, down)
neg, 0.1667945087684509, vertical(srz2461867812, up)
neg, 0.1667945087684509, vertical(srz2461867812, down)
neg, 0.16679450876845095, vertical(srz24618674722, down)
neg, 0.16679450876845095, vertical(srz24618674722, noop)
neg, 0.1667945087684509, vertical(srz246186710920, up)
neg, 0.1667945087684509, vertical(srz246186710920, noop)
neg, 0.1667945087684509, vertical(srz24618673749, down)
neg, 0.1667945087684509, vertical(srz24618673749, noop)
neg, 0.1667945087684509, vertical(srz246186715592, up)
neg, 0.1667945087684509, vertical(srz246186715592, down)
neg, 0.1667945087684509, vertical(srz24618674056, down)
neg, 0.1667945087684509, vertical(srz24618674056, noop)
neg, 0.1667945087684509, vertical(srz246186713614, down)
neg, 0.1667945087684509, vertical(srz246186713614, noop)
neg, 0.1667945087684509, vertical(srz24618678483, up)
neg, 0.1667945087684509, vertical(srz24618678483, noop)
neg, 0.1667945087684509, vertical(srz246186716682, up)
neg, 0.1667945087684509, vertical(srz246186716682, down)
neg, 0.1667945087684509, vertical(srz246186710340, down)
neg, 0.1667945087684509, vertical(srz246186710340, noop)
neg, 0.1667945087684509, vertical(srz246186715732, up)
neg, 0.1667945087684509, vertical(srz246186715732, down)
neg, 0.16679450876845098, vertical(srz24618674114, up)
neg, 0.16679450876845098, vertical(srz24618674114, down)
neg, 0.1667945087684509, vertical(srz24618671740, up)
neg, 0.1667945087684509, vertical(srz24618671740, down)
neg, 0.1667945087684509, vertical(srz24618679642, up)
neg, 0.1667945087684509, vertical(srz24618679642, down)
neg, 0.1667945087684509, vertical(srz24618671073, up)
neg, 0.1667945087684509, vertical(srz24618671073, down)
neg, 0.1667945087684509, vertical(srz24618671389, up)
neg, 0.1667945087684509, vertical(srz24618671389, noop)
neg, 0.1667945087684509, vertical(srz246186713329, up)
neg, 0.1667945087684509, vertical(srz246186713329, down)
neg, 0.1667945087684509, vertical(srz24618676754, up)
neg, 0.1667945087684509, vertical(srz24618676754, down)
neg, 0.1667945087684509, vertical(srz246186716829, up)
neg, 0.1667945087684509, vertical(srz246186716829, down)
neg, 0.16679450876845098, vertical(srz246186716450, up)
neg, 0.16679450876845098, vertical(srz246186716450, down)
neg, 0.1667945087684509, vertical(srz24618674027, down)
neg, 0.1667945087684509, vertical(srz24618674027, noop)
neg, 0.1667945087684509, vertical(srz246186716098, up)
neg, 0.1667945087684509, vertical(srz246186716098, down)
neg, 0.16679450876845095, vertical(srz246186714593, down)
neg, 0.16679450876845095, vertical(srz246186714593, noop)
neg, 0.1667945087684509, vertical(srz246186712282, down)
neg, 0.1667945087684509, vertical(srz246186712282, noop)
neg, 0.16679450876845095, vertical(srz24618679166, up)
neg, 0.16679450876845095, vertical(srz24618679166, down)
neg, 0.1667945087684509, vertical(srz246186710758, up)
neg, 0.1667945087684509, vertical(srz246186710758, down)
neg, 0.1667945087684509, vertical(srz24618673020, up)
neg, 0.1667945087684509, vertical(srz24618673020, down)
neg, 0.16679450876845095, vertical(srz24618679125, down)
neg, 0.16679450876845095, vertical(srz24618679125, noop)
neg, 0.1667945087684509, vertical(srz246186713326, up)
neg, 0.1667945087684509, vertical(srz246186713326, down)
neg, 0.1667945087684509, vertical(srz24618677817, up)
neg, 0.1667945087684509, vertical(srz24618677817, down)
neg, 0.1667945087684509, vertical(srz246186715742, up)
neg, 0.1667945087684509, vertical(srz246186715742, down)
neg, 0.16679450876845095, vertical(srz246186711239, up)
neg, 0.16679450876845095, vertical(srz246186711239, down)
neg, 0.1667945087684509, vertical(srz246186714018, up)
neg, 0.1667945087684509, vertical(srz246186714018, down)
neg, 0.16679450876845095, vertical(srz246186714819, up)
neg, 0.16679450876845095, vertical(srz246186714819, down)
neg, 0.1667945087684509, vertical(srz24618676323, up)
neg, 0.1667945087684509, vertical(srz24618676323, down)
neg, 0.16679450876845098, vertical(srz246186717196, up)
neg, 0.16679450876845098, vertical(srz246186717196, down)
neg, 0.16679450876845095, vertical(srz246186711656, down)
neg, 0.16679450876845095, vertical(srz246186711656, noop)
neg, 0.1667945087684509, vertical(srz246186713638, down)
neg, 0.1667945087684509, vertical(srz246186713638, noop)
neg, 0.1667945087684509, vertical(srz24618676505, down)
neg, 0.1667945087684509, vertical(srz24618676505, noop)
neg, 0.1667945087684509, vertical(srz246186716806, up)
neg, 0.1667945087684509, vertical(srz246186716806, down)
neg, 0.1667945087684509, vertical(srz24618679388, up)
neg, 0.1667945087684509, vertical(srz24618679388, down)
neg, 0.1667945087684509, vertical(srz246186712580, up)
neg, 0.1667945087684509, vertical(srz246186712580, noop)
neg, 0.16679450876845095, vertical(srz24618675264, down)
neg, 0.16679450876845095, vertical(srz24618675264, noop)
neg, 0.1667945087684509, vertical(srz2461867170, up)
neg, 0.1667945087684509, vertical(srz2461867170, down)
neg, 0.1667945087684509, vertical(srz24618675925, up)
neg, 0.1667945087684509, vertical(srz24618675925, down)
neg, 0.1667945087684509, vertical(srz246186713298, up)
neg, 0.1667945087684509, vertical(srz246186713298, down)
neg, 0.1667945087684509, vertical(srz24618673019, up)
neg, 0.1667945087684509, vertical(srz24618673019, down)
neg, 0.1667945087684509, vertical(srz246186712913, up)
neg, 0.1667945087684509, vertical(srz246186712913, down)
neg, 0.1667945087684509, vertical(srz24618671252, up)
neg, 0.1667945087684509, vertical(srz24618671252, down)
neg, 0.1667945087684509, vertical(srz246186715, up)
neg, 0.1667945087684509, vertical(srz246186715, down)
neg, 0.1667945087684509, vertical(srz24618674509, up)
neg, 0.1667945087684509, vertical(srz24618674509, down)
neg, 0.1667945087684509, vertical(srz2461867688, up)
neg, 0.1667945087684509, vertical(srz2461867688, noop)
neg, 0.1667945087684509, vertical(srz246186713952, up)
neg, 0.1667945087684509, vertical(srz246186713952, down)
neg, 0.16679450876845095, vertical(srz246186714591, down)
neg, 0.16679450876845095, vertical(srz246186714591, noop)
neg, 0.1667945087684509, vertical(srz246186715449, up)
neg, 0.1667945087684509, vertical(srz246186715449, noop)
neg, 0.1667945087684509, vertical(srz24618674550, up)
neg, 0.1667945087684509, vertical(srz24618674550, down)
neg, 0.1667945087684509, vertical(srz246186713521, down)
neg, 0.1667945087684509, vertical(srz246186713521, noop)
neg, 0.1667945087684509, vertical(srz246186712976, up)
neg, 0.1667945087684509, vertical(srz246186712976, down)
neg, 0.16679450876845095, vertical(srz246186710542, up)
neg, 0.16679450876845095, vertical(srz246186710542, down)
neg, 0.1667945087684509, vertical(srz246186715125, up)
neg, 0.1667945087684509, vertical(srz246186715125, down)
neg, 0.1667945087684509, vertical(srz24618678028, up)
neg, 0.1667945087684509, vertical(srz24618678028, down)
neg, 0.1667945087684509, vertical(srz246186712526, down)
neg, 0.1667945087684509, vertical(srz246186712526, noop)
neg, 0.1667945087684509, vertical(srz246186714889, up)
neg, 0.1667945087684509, vertical(srz246186714889, down)
neg, 0.16679450876845098, vertical(srz246186716447, up)
neg, 0.16679450876845098, vertical(srz246186716447, down)
neg, 0.1667945087684509, vertical(srz246186714739, up)
neg, 0.1667945087684509, vertical(srz246186714739, down)
neg, 0.1667945087684509, vertical(srz24618671677, down)
neg, 0.1667945087684509, vertical(srz24618671677, noop)
neg, 0.16679450876845095, vertical(srz246186712442, up)
neg, 0.16679450876845095, vertical(srz246186712442, down)
neg, 0.1667945087684509, vertical(srz24618672928, up)
neg, 0.1667945087684509, vertical(srz24618672928, down)
neg, 0.1667945087684509, vertical(srz246186713773, up)
neg, 0.1667945087684509, vertical(srz246186713773, noop)
neg, 0.1667945087684509, vertical(srz246186715666, down)
neg, 0.1667945087684509, vertical(srz246186715666, noop)
neg, 0.1667945087684509, vertical(srz246186713261, up)
neg, 0.1667945087684509, vertical(srz246186713261, down)
neg, 0.1667945087684509, vertical(srz2461867491, down)
neg, 0.1667945087684509, vertical(srz2461867491, noop)
neg, 0.1667945087684509, vertical(srz246186713964, down)
neg, 0.1667945087684509, vertical(srz246186713964, noop)
neg, 0.1667945087684509, vertical(srz2461867120, up)
neg, 0.1667945087684509, vertical(srz2461867120, down)
neg, 0.1667945087684509, vertical(srz24618673708, down)
neg, 0.1667945087684509, vertical(srz24618673708, noop)
neg, 0.1667945087684509, vertical(srz24618673190, up)
neg, 0.1667945087684509, vertical(srz24618673190, down)
neg, 0.1667945087684509, vertical(srz24618674778, up)
neg, 0.1667945087684509, vertical(srz24618674778, down)
neg, 0.1667945087684509, vertical(srz246186713957, down)
neg, 0.1667945087684509, vertical(srz246186713957, noop)
neg, 0.16679450876845095, vertical(srz24618674084, down)
neg, 0.16679450876845095, vertical(srz24618674084, noop)
neg, 0.1667945087684509, vertical(srz246186710584, up)
neg, 0.1667945087684509, vertical(srz246186710584, down)
neg, 0.1667945087684509, vertical(srz24618673315, up)
neg, 0.1667945087684509, vertical(srz24618673315, down)
neg, 0.1667945087684509, vertical(srz24618671418, up)
neg, 0.1667945087684509, vertical(srz24618671418, noop)
neg, 0.1667945087684509, vertical(srz246186713792, up)
neg, 0.1667945087684509, vertical(srz246186713792, down)
neg, 0.1667945087684509, vertical(srz246186711981, up)
neg, 0.1667945087684509, vertical(srz246186711981, noop)
neg, 0.1667945087684509, vertical(srz246186715038, up)
neg, 0.1667945087684509, vertical(srz246186715038, down)
neg, 0.1667945087684509, vertical(srz24618675571, up)
neg, 0.1667945087684509, vertical(srz24618675571, down)
neg, 0.1667945087684509, vertical(srz2461867289, up)
neg, 0.1667945087684509, vertical(srz2461867289, down)
neg, 0.1667945087684509, vertical(srz246186715616, down)
neg, 0.1667945087684509, vertical(srz246186715616, noop)
neg, 0.16679450876845095, vertical(srz24618677625, up)
neg, 0.16679450876845095, vertical(srz24618677625, down)
neg, 0.1667945087684509, vertical(srz24618676791, up)
neg, 0.1667945087684509, vertical(srz24618676791, down)
neg, 0.16679450876845098, vertical(srz246186715278, down)
neg, 0.16679450876845098, vertical(srz246186715278, noop)
neg, 0.1667945087684509, vertical(srz246186714756, up)
neg, 0.1667945087684509, vertical(srz246186714756, down)
neg, 0.1667945087684509, vertical(srz246186716234, up)
neg, 0.1667945087684509, vertical(srz246186716234, noop)
neg, 0.16679450876845095, vertical(srz246186710070, up)
neg, 0.16679450876845095, vertical(srz246186710070, noop)
neg, 0.1667945087684509, vertical(srz246186715519, up)
neg, 0.1667945087684509, vertical(srz246186715519, noop)
neg, 0.16679450876845095, vertical(srz24618672653, up)
neg, 0.16679450876845095, vertical(srz24618672653, down)
neg, 0.1667945087684509, vertical(srz24618678412, up)
neg, 0.1667945087684509, vertical(srz24618678412, down)
neg, 0.16679450876845095, vertical(srz246186711839, up)
neg, 0.16679450876845095, vertical(srz246186711839, down)
neg, 0.1667945087684509, vertical(srz246186711495, up)
neg, 0.1667945087684509, vertical(srz246186711495, noop)
neg, 0.1667945087684509, vertical(srz246186716031, up)
neg, 0.1667945087684509, vertical(srz246186716031, down)
neg, 0.1667945087684509, vertical(srz24618671173, up)
neg, 0.1667945087684509, vertical(srz24618671173, down)
neg, 0.16679450876845095, vertical(srz246186713044, down)
neg, 0.16679450876845095, vertical(srz246186713044, noop)
neg, 0.1667945087684509, vertical(srz24618677770, up)
neg, 0.1667945087684509, vertical(srz24618677770, down)
neg, 0.1667945087684509, vertical(srz24618676272, down)
neg, 0.1667945087684509, vertical(srz24618676272, noop)
neg, 0.16679450876845095, vertical(srz24618674741, up)
neg, 0.16679450876845095, vertical(srz24618674741, noop)
neg, 0.16679450876845098, vertical(srz246186716537, up)
neg, 0.16679450876845098, vertical(srz246186716537, noop)
neg, 0.1667945087684509, vertical(srz24618671939, down)
neg, 0.1667945087684509, vertical(srz24618671939, noop)
neg, 0.1667945087684509, vertical(srz246186713749, down)
neg, 0.1667945087684509, vertical(srz246186713749, noop)
neg, 0.1667945087684509, vertical(srz246186715646, up)
neg, 0.1667945087684509, vertical(srz246186715646, down)
neg, 0.1667945087684509, vertical(srz24618676260, up)
neg, 0.1667945087684509, vertical(srz24618676260, down)
neg, 0.1667945087684509, vertical(srz24618671702, up)
neg, 0.1667945087684509, vertical(srz24618671702, noop)
neg, 0.1667945087684509, vertical(srz24618678301, down)
neg, 0.1667945087684509, vertical(srz24618678301, noop)
neg, 0.1667945087684509, vertical(srz24618673991, up)
neg, 0.1667945087684509, vertical(srz24618673991, down)
neg, 0.16679450876845095, vertical(srz24618677335, up)
neg, 0.16679450876845095, vertical(srz24618677335, down)
neg, 0.1667945087684509, vertical(srz24618679362, up)
neg, 0.1667945087684509, vertical(srz24618679362, down)
neg, 0.1667945087684509, vertical(srz24618675845, up)
neg, 0.1667945087684509, vertical(srz24618675845, down)
neg, 0.1667945087684509, vertical(srz24618675445, up)
neg, 0.1667945087684509, vertical(srz24618675445, down)
neg, 0.1667945087684509, vertical(srz246186713849, up)
neg, 0.1667945087684509, vertical(srz246186713849, noop)
neg, 0.1667945087684509, vertical(srz24618672918, up)
neg, 0.1667945087684509, vertical(srz24618672918, down)
neg, 0.1667945087684509, vertical(srz24618678584, up)
neg, 0.1667945087684509, vertical(srz24618678584, down)
neg, 0.1667945087684509, vertical(srz246186713536, down)
neg, 0.1667945087684509, vertical(srz246186713536, noop)
neg, 0.1667945087684509, vertical(srz24618676216, down)
neg, 0.1667945087684509, vertical(srz24618676216, noop)
neg, 0.1667945087684509, vertical(srz246186715059, up)
neg, 0.1667945087684509, vertical(srz246186715059, down)
neg, 0.16679450876845095, vertical(srz246186714304, down)
neg, 0.16679450876845095, vertical(srz246186714304, noop)
neg, 0.1667945087684509, vertical(srz246186714719, up)
neg, 0.1667945087684509, vertical(srz246186714719, down)
neg, 0.16679450876845098, vertical(srz246186716483, up)
neg, 0.16679450876845098, vertical(srz246186716483, down)
neg, 0.1667945087684509, vertical(srz24618671592, down)
neg, 0.1667945087684509, vertical(srz24618671592, noop)
neg, 0.1667945087684509, vertical(srz246186712050, up)
neg, 0.1667945087684509, vertical(srz246186712050, down)
neg, 0.1667945087684509, vertical(srz24618671537, up)
neg, 0.1667945087684509, vertical(srz24618671537, down)
neg, 0.16679450876845095, vertical(srz246186714285, up)
neg, 0.16679450876845095, vertical(srz246186714285, down)
neg, 0.1667945087684509, vertical(srz24618671634, up)
neg, 0.1667945087684509, vertical(srz24618671634, noop)
neg, 0.1667945087684509, vertical(srz24618675335, up)
neg, 0.1667945087684509, vertical(srz24618675335, down)
neg, 0.1667945087684509, vertical(srz2461867495, down)
neg, 0.1667945087684509, vertical(srz2461867495, noop)
neg, 0.1667945087684509, vertical(srz24618676096, up)
neg, 0.1667945087684509, vertical(srz24618676096, noop)
neg, 0.1667945087684509, vertical(srz24618679000, up)
neg, 0.1667945087684509, vertical(srz24618679000, down)
neg, 0.1667945087684509, vertical(srz24618677887, up)
neg, 0.1667945087684509, vertical(srz24618677887, down)
neg, 0.1667945087684509, vertical(srz24618671336, up)
neg, 0.1667945087684509, vertical(srz24618671336, down)
neg, 0.1667945087684509, vertical(srz2461867319, up)
neg, 0.1667945087684509, vertical(srz2461867319, noop)
neg, 0.16679450876845095, vertical(srz246186712631, down)
neg, 0.16679450876845095, vertical(srz246186712631, noop)
neg, 0.1667945087684509, vertical(srz246186710278, up)
neg, 0.1667945087684509, vertical(srz246186710278, down)
neg, 0.16679450876845098, vertical(srz246186711694, up)
neg, 0.16679450876845098, vertical(srz246186711694, down)
neg, 0.1667945087684509, vertical(srz24618672738, up)
neg, 0.1667945087684509, vertical(srz24618672738, down)
neg, 0.1667945087684509, vertical(srz246186711411, down)
neg, 0.1667945087684509, vertical(srz246186711411, noop)
neg, 0.1667945087684509, vertical(srz246186712813, up)
neg, 0.1667945087684509, vertical(srz246186712813, down)
neg, 0.16679450876845095, vertical(srz24618679494, up)
neg, 0.16679450876845095, vertical(srz24618679494, down)
neg, 0.1667945087684509, vertical(srz246186712848, up)
neg, 0.1667945087684509, vertical(srz246186712848, down)
neg, 0.1667945087684509, vertical(srz246186713580, up)
neg, 0.1667945087684509, vertical(srz246186713580, noop)
neg, 0.1667945087684509, vertical(srz24618678386, down)
neg, 0.1667945087684509, vertical(srz24618678386, noop)
neg, 0.1667945087684509, vertical(srz246186714245, up)
neg, 0.1667945087684509, vertical(srz246186714245, down)
neg, 0.1667945087684509, vertical(srz24618677531, up)
neg, 0.1667945087684509, vertical(srz24618677531, down)
neg, 0.1667945087684509, vertical(srz24618678627, up)
neg, 0.1667945087684509, vertical(srz24618678627, down)
neg, 0.1667945087684509, vertical(srz24618671286, up)
neg, 0.1667945087684509, vertical(srz24618671286, noop)
neg, 0.1667945087684509, vertical(srz24618678888, up)
neg, 0.1667945087684509, vertical(srz24618678888, down)
neg, 0.1667945087684509, vertical(srz246186715440, down)
neg, 0.1667945087684509, vertical(srz246186715440, noop)
neg, 0.16679450876845095, vertical(srz24618671034, up)
neg, 0.16679450876845095, vertical(srz24618671034, down)
neg, 0.1667945087684509, vertical(srz246186713505, down)
neg, 0.1667945087684509, vertical(srz246186713505, noop)
neg, 0.1667945087684509, vertical(srz246186716084, up)
neg, 0.1667945087684509, vertical(srz246186716084, down)
neg, 0.1667945087684509, vertical(srz246186714931, up)
neg, 0.1667945087684509, vertical(srz246186714931, noop)
neg, 0.1667945087684509, vertical(srz24618676778, up)
neg, 0.1667945087684509, vertical(srz24618676778, noop)
neg, 0.1667945087684509, vertical(srz24618677426, up)
neg, 0.1667945087684509, vertical(srz24618677426, down)
neg, 0.1667945087684509, vertical(srz24618679370, up)
neg, 0.1667945087684509, vertical(srz24618679370, down)
neg, 0.1667945087684509, vertical(srz24618678876, up)
neg, 0.1667945087684509, vertical(srz24618678876, down)
neg, 0.1667945087684509, vertical(srz246186711212, up)
neg, 0.1667945087684509, vertical(srz246186711212, down)
neg, 0.1667945087684509, vertical(srz24618674769, up)
neg, 0.1667945087684509, vertical(srz24618674769, down)
neg, 0.1667945087684509, vertical(srz24618678749, up)
neg, 0.1667945087684509, vertical(srz24618678749, noop)
neg, 0.1667945087684509, vertical(srz24618673257, up)
neg, 0.1667945087684509, vertical(srz24618673257, down)
neg, 0.1667945087684509, vertical(srz24618671279, up)
neg, 0.1667945087684509, vertical(srz24618671279, noop)
neg, 0.1667945087684509, vertical(srz246186713480, up)
neg, 0.1667945087684509, vertical(srz246186713480, down)
neg, 0.16679450876845178, vertical(srz246186717161, up)
neg, 0.16679450876845178, vertical(srz246186717161, down)
neg, 0.1667945087684509, vertical(srz24618673116, up)
neg, 0.1667945087684509, vertical(srz24618673116, down)
neg, 0.1667945087684509, vertical(srz246186713763, up)
neg, 0.1667945087684509, vertical(srz246186713763, down)
neg, 0.1667945087684509, vertical(srz24618677847, up)
neg, 0.1667945087684509, vertical(srz24618677847, noop)
neg, 0.1667945087684509, vertical(srz24618676332, up)
neg, 0.1667945087684509, vertical(srz24618676332, down)
neg, 0.1667945087684509, vertical(srz246186714362, up)
neg, 0.1667945087684509, vertical(srz246186714362, down)
neg, 0.1667945087684509, vertical(srz24618676520, up)
neg, 0.1667945087684509, vertical(srz24618676520, down)
neg, 0.1667945087684509, vertical(srz246186712313, up)
neg, 0.1667945087684509, vertical(srz246186712313, down)
neg, 0.1667945087684509, vertical(srz2461867859, up)
neg, 0.1667945087684509, vertical(srz2461867859, down)
neg, 0.1667945087684509, vertical(srz24618676524, up)
neg, 0.1667945087684509, vertical(srz24618676524, down)
neg, 0.1667945087684509, vertical(srz24618679409, up)
neg, 0.1667945087684509, vertical(srz24618679409, down)
neg, 0.16679450876845098, vertical(srz24618674048, down)
neg, 0.16679450876845098, vertical(srz24618674048, noop)
neg, 0.1667945087684509, vertical(srz24618677041, up)
neg, 0.1667945087684509, vertical(srz24618677041, down)
neg, 0.1667945087684509, vertical(srz24618673621, up)
neg, 0.1667945087684509, vertical(srz24618673621, down)
neg, 0.1667945087684509, vertical(srz246186713133, up)
neg, 0.1667945087684509, vertical(srz246186713133, down)
neg, 0.1667945087684509, vertical(srz246186712214, up)
neg, 0.1667945087684509, vertical(srz246186712214, down)
neg, 0.16679450876845098, vertical(srz24618675635, down)
neg, 0.16679450876845098, vertical(srz24618675635, noop)
neg, 0.1667945087684509, vertical(srz24618673254, up)
neg, 0.1667945087684509, vertical(srz24618673254, down)
neg, 0.1667945087684509, vertical(srz246186711228, up)
neg, 0.1667945087684509, vertical(srz246186711228, down)
neg, 0.1667945087684509, vertical(srz24618678826, up)
neg, 0.1667945087684509, vertical(srz24618678826, down)
neg, 0.1667945087684509, vertical(srz24618673684, down)
neg, 0.1667945087684509, vertical(srz24618673684, noop)
neg, 0.1667945087684509, vertical(srz24618679698, up)
neg, 0.1667945087684509, vertical(srz24618679698, down)
neg, 0.1667945087684509, vertical(srz24618676533, up)
neg, 0.1667945087684509, vertical(srz24618676533, down)
neg, 0.1667945087684509, vertical(srz2461867765, down)
neg, 0.1667945087684509, vertical(srz2461867765, noop)
neg, 0.1667945087684509, vertical(srz246186710656, up)
neg, 0.1667945087684509, vertical(srz246186710656, down)
neg, 0.1667945087684509, vertical(srz246186714175, up)
neg, 0.1667945087684509, vertical(srz246186714175, down)
neg, 0.1667945087684509, vertical(srz24618671339, up)
neg, 0.1667945087684509, vertical(srz24618671339, down)
neg, 0.16679450876845098, vertical(srz24618677255, down)
neg, 0.16679450876845098, vertical(srz24618677255, noop)
neg, 0.1667945087684509, vertical(srz24618674832, up)
neg, 0.1667945087684509, vertical(srz24618674832, noop)
neg, 0.16679450876845098, vertical(srz246186711683, up)
neg, 0.16679450876845098, vertical(srz246186711683, down)
neg, 0.1667945087684509, vertical(srz246186714991, up)
neg, 0.1667945087684509, vertical(srz246186714991, down)
neg, 0.1667945087684509, vertical(srz2461867904, down)
neg, 0.1667945087684509, vertical(srz2461867904, noop)
neg, 0.1667945087684509, vertical(srz246186710058, up)
neg, 0.1667945087684509, vertical(srz246186710058, noop)
neg, 0.1667945087684509, vertical(srz24618671241, up)
neg, 0.1667945087684509, vertical(srz24618671241, down)
neg, 0.16679450876845098, vertical(srz24618674068, down)
neg, 0.16679450876845098, vertical(srz24618674068, noop)
neg, 0.1667945087684509, vertical(srz246186711190, up)
neg, 0.1667945087684509, vertical(srz246186711190, down)
neg, 0.1667945087684509, vertical(srz24618673929, up)
neg, 0.1667945087684509, vertical(srz24618673929, noop)
neg, 0.1667945087684509, vertical(srz246186713249, up)
neg, 0.1667945087684509, vertical(srz246186713249, down)
neg, 0.1667945087684509, vertical(srz246186710788, up)
neg, 0.1667945087684509, vertical(srz246186710788, down)
neg, 0.1667945087684509, vertical(srz24618677452, up)
neg, 0.1667945087684509, vertical(srz24618677452, down)
neg, 0.1667945087684509, vertical(srz246186712966, up)
neg, 0.1667945087684509, vertical(srz246186712966, down)
neg, 0.1667945087684509, vertical(srz24618678965, up)
neg, 0.1667945087684509, vertical(srz24618678965, noop)
neg, 0.1667945087684509, vertical(srz246186716898, down)
neg, 0.1667945087684509, vertical(srz246186716898, noop)
neg, 0.1667945087684509, vertical(srz2461867771, down)
neg, 0.1667945087684509, vertical(srz2461867771, noop)
neg, 0.1667945087684509, vertical(srz246186710683, up)
neg, 0.1667945087684509, vertical(srz246186710683, down)
neg, 0.1667945087684509, vertical(srz246186713649, up)
neg, 0.1667945087684509, vertical(srz246186713649, down)
neg, 0.1667945087684509, vertical(srz246186712846, up)
neg, 0.1667945087684509, vertical(srz246186712846, down)
neg, 0.1667945087684509, vertical(srz24618675558, up)
neg, 0.1667945087684509, vertical(srz24618675558, down)
neg, 0.1667945087684509, vertical(srz246186710760, up)
neg, 0.1667945087684509, vertical(srz246186710760, down)
neg, 0.1667945087684509, vertical(srz246186715542, down)
neg, 0.1667945087684509, vertical(srz246186715542, noop)
neg, 0.1667945087684509, vertical(srz2461867955, down)
neg, 0.1667945087684509, vertical(srz2461867955, noop)
neg, 0.1667945087684509, vertical(srz246186716702, up)
neg, 0.1667945087684509, vertical(srz246186716702, noop)
neg, 0.1667945087684509, vertical(srz24618678505, down)
neg, 0.1667945087684509, vertical(srz24618678505, noop)
neg, 0.16679450876845095, vertical(srz246186711969, up)
neg, 0.16679450876845095, vertical(srz246186711969, down)
neg, 0.1667945087684509, vertical(srz24618673389, down)
neg, 0.1667945087684509, vertical(srz24618673389, noop)
neg, 0.1667945087684509, vertical(srz246186713829, up)
neg, 0.1667945087684509, vertical(srz246186713829, down)
neg, 0.1667945087684509, vertical(srz246186716196, up)
neg, 0.1667945087684509, vertical(srz246186716196, down)
neg, 0.1667945087684509, vertical(srz24618677930, up)
neg, 0.1667945087684509, vertical(srz24618677930, down)
neg, 0.1667945087684509, vertical(srz24618678472, up)
neg, 0.1667945087684509, vertical(srz24618678472, noop)
neg, 0.1667945087684509, vertical(srz246186712571, up)
neg, 0.1667945087684509, vertical(srz246186712571, noop)
neg, 0.16679450876845095, vertical(srz246186714684, up)
neg, 0.16679450876845095, vertical(srz246186714684, down)
neg, 0.1667945087684509, vertical(srz246186710807, up)
neg, 0.1667945087684509, vertical(srz246186710807, noop)
neg, 0.1667945087684509, vertical(srz24618676820, up)
neg, 0.1667945087684509, vertical(srz24618676820, noop)
neg, 0.16679450876845095, vertical(srz246186713106, up)
neg, 0.16679450876845095, vertical(srz246186713106, down)
neg, 0.1667945087684509, vertical(srz24618678327, down)
neg, 0.1667945087684509, vertical(srz24618678327, noop)
neg, 0.1667945087684509, vertical(srz246186716102, up)
neg, 0.1667945087684509, vertical(srz246186716102, down)
neg, 0.16679450876845098, vertical(srz246186711633, down)
neg, 0.16679450876845098, vertical(srz246186711633, noop)
neg, 0.1667945087684509, vertical(srz24618675212, up)
neg, 0.1667945087684509, vertical(srz24618675212, noop)
neg, 0.1667945087684509, vertical(srz246186714110, up)
neg, 0.1667945087684509, vertical(srz246186714110, noop)
neg, 0.1667945087684509, vertical(srz24618676220, down)
neg, 0.1667945087684509, vertical(srz24618676220, noop)
neg, 0.1667945087684509, vertical(srz246186712907, up)
neg, 0.1667945087684509, vertical(srz246186712907, down)
neg, 0.1667945087684509, vertical(srz246186713398, up)
neg, 0.1667945087684509, vertical(srz246186713398, noop)
neg, 0.1667945087684509, vertical(srz24618672138, up)
neg, 0.1667945087684509, vertical(srz24618672138, noop)
neg, 0.1667945087684509, vertical(srz24618671342, up)
neg, 0.1667945087684509, vertical(srz24618671342, down)
neg, 0.1667945087684509, vertical(srz24618674526, up)
neg, 0.1667945087684509, vertical(srz24618674526, down)
neg, 0.1667945087684509, vertical(srz24618671475, up)
neg, 0.1667945087684509, vertical(srz24618671475, down)
neg, 0.1667945087684509, vertical(srz24618677231, up)
neg, 0.1667945087684509, vertical(srz24618677231, down)
neg, 0.1667945087684509, vertical(srz24618673511, up)
neg, 0.1667945087684509, vertical(srz24618673511, down)
neg, 0.1667945087684509, vertical(srz24618677792, down)
neg, 0.1667945087684509, vertical(srz24618677792, noop)
neg, 0.1667945087684509, vertical(srz246186714438, up)
neg, 0.1667945087684509, vertical(srz246186714438, down)
neg, 0.16679450876845098, vertical(srz24618674031, down)
neg, 0.16679450876845098, vertical(srz24618674031, noop)
neg, 0.1667945087684509, vertical(srz24618675534, up)
neg, 0.1667945087684509, vertical(srz24618675534, noop)
neg, 0.1667945087684509, vertical(srz24618679320, up)
neg, 0.1667945087684509, vertical(srz24618679320, down)
neg, 0.1667945087684509, vertical(srz246186712804, up)
neg, 0.1667945087684509, vertical(srz246186712804, down)
neg, 0.1667945087684509, vertical(srz24618671603, up)
neg, 0.1667945087684509, vertical(srz24618671603, down)
neg, 0.1667945087684509, vertical(srz24618679470, up)
neg, 0.1667945087684509, vertical(srz24618679470, noop)
neg, 0.1667945087684509, vertical(srz24618677458, up)
neg, 0.1667945087684509, vertical(srz24618677458, down)
neg, 0.1667945087684509, vertical(srz246186710038, up)
neg, 0.1667945087684509, vertical(srz246186710038, down)
neg, 0.1667945087684509, vertical(srz246186710661, up)
neg, 0.1667945087684509, vertical(srz246186710661, down)
neg, 0.1667945087684509, vertical(srz24618673522, up)
neg, 0.1667945087684509, vertical(srz24618673522, down)
neg, 0.1667945087684509, vertical(srz246186713662, up)
neg, 0.1667945087684509, vertical(srz246186713662, noop)
neg, 0.1667945087684509, vertical(srz24618672994, up)
neg, 0.1667945087684509, vertical(srz24618672994, noop)
neg, 0.16679450876845095, vertical(srz246186710429, down)
neg, 0.16679450876845095, vertical(srz246186710429, noop)
neg, 0.1667945087684509, vertical(srz246186710697, up)
neg, 0.1667945087684509, vertical(srz246186710697, down)
neg, 0.1667945087684509, vertical(srz24618674517, up)
neg, 0.1667945087684509, vertical(srz24618674517, down)
neg, 0.1667945087684509, vertical(srz24618674213, up)
neg, 0.1667945087684509, vertical(srz24618674213, down)
neg, 0.1667945087684509, vertical(srz24618679746, up)
neg, 0.1667945087684509, vertical(srz24618679746, down)
neg, 0.1667945087684509, vertical(srz246186715812, up)
neg, 0.1667945087684509, vertical(srz246186715812, noop)
neg, 0.16679450876845095, vertical(srz246186712424, down)
neg, 0.16679450876845095, vertical(srz246186712424, noop)
neg, 0.1667945087684509, vertical(srz24618673347, down)
neg, 0.1667945087684509, vertical(srz24618673347, noop)
neg, 0.1667945087684509, vertical(srz246186710761, up)
neg, 0.1667945087684509, vertical(srz246186710761, down)
neg, 0.16679450876845098, vertical(srz246186711675, up)
neg, 0.16679450876845098, vertical(srz246186711675, down)
neg, 0.16679450876845095, vertical(srz24618674342, up)
neg, 0.16679450876845095, vertical(srz24618674342, down)
neg, 0.1667945087684509, vertical(srz24618675514, up)
neg, 0.1667945087684509, vertical(srz24618675514, noop)
neg, 0.1667945087684509, vertical(srz24618673997, up)
neg, 0.1667945087684509, vertical(srz24618673997, down)
neg, 0.16679450876845095, vertical(srz246186711271, down)
neg, 0.16679450876845095, vertical(srz246186711271, noop)
neg, 0.1667945087684509, vertical(srz24618672105, up)
neg, 0.1667945087684509, vertical(srz24618672105, down)
neg, 0.1667945087684509, vertical(srz2461867377, down)
neg, 0.1667945087684509, vertical(srz2461867377, noop)
neg, 0.1667945087684509, vertical(srz24618672202, up)
neg, 0.1667945087684509, vertical(srz24618672202, down)
neg, 0.1667945087684509, vertical(srz24618679646, up)
neg, 0.1667945087684509, vertical(srz24618679646, down)
neg, 0.1667945087684509, vertical(srz24618678255, up)
neg, 0.1667945087684509, vertical(srz24618678255, noop)
neg, 0.1667945087684509, vertical(srz246186716695, up)
neg, 0.1667945087684509, vertical(srz246186716695, noop)
neg, 0.1667945087684509, vertical(srz246186710377, up)
neg, 0.1667945087684509, vertical(srz246186710377, down)
neg, 0.1667945087684509, vertical(srz246186713350, up)
neg, 0.1667945087684509, vertical(srz246186713350, noop)
neg, 0.1667945087684509, vertical(srz24618677577, up)
neg, 0.1667945087684509, vertical(srz24618677577, noop)
neg, 0.1667945087684509, vertical(srz24618674847, down)
neg, 0.1667945087684509, vertical(srz24618674847, noop)
neg, 0.1667945087684509, vertical(srz24618676240, up)
neg, 0.1667945087684509, vertical(srz24618676240, down)
neg, 0.16679450876845098, vertical(srz246186711745, up)
neg, 0.16679450876845098, vertical(srz246186711745, down)
neg, 0.1667945087684509, vertical(srz246186710212, up)
neg, 0.1667945087684509, vertical(srz246186710212, down)
neg, 0.1667945087684509, vertical(srz24618678213, down)
neg, 0.1667945087684509, vertical(srz24618678213, noop)
neg, 0.1667945087684509, vertical(srz246186713178, up)
neg, 0.1667945087684509, vertical(srz246186713178, down)
neg, 0.1667945087684509, vertical(srz246186715007, up)
neg, 0.1667945087684509, vertical(srz246186715007, noop)
neg, 0.1667945087684509, vertical(srz24618676479, up)
neg, 0.1667945087684509, vertical(srz24618676479, down)
neg, 0.1667945087684509, vertical(srz24618672868, up)
neg, 0.1667945087684509, vertical(srz24618672868, down)
neg, 0.16679450876845095, vertical(srz24618676033, up)
neg, 0.16679450876845095, vertical(srz24618676033, down)
neg, 0.1667945087684509, vertical(srz24618679742, up)
neg, 0.1667945087684509, vertical(srz24618679742, down)
neg, 0.1667945087684509, vertical(srz24618678241, up)
neg, 0.1667945087684509, vertical(srz24618678241, down)
neg, 0.1667945087684509, vertical(srz246186712612, up)
neg, 0.1667945087684509, vertical(srz246186712612, noop)
neg, 0.1667945087684509, vertical(srz24618676755, up)
neg, 0.1667945087684509, vertical(srz24618676755, down)
neg, 0.1667945087684509, vertical(srz24618673136, up)
neg, 0.1667945087684509, vertical(srz24618673136, down)
neg, 0.16679450876845095, vertical(srz24618678628, up)
neg, 0.16679450876845095, vertical(srz24618678628, down)
neg, 0.1667945087684509, vertical(srz24618673115, up)
neg, 0.1667945087684509, vertical(srz24618673115, down)
neg, 0.1667945087684509, vertical(srz24618678174, up)
neg, 0.1667945087684509, vertical(srz24618678174, noop)
neg, 0.1667945087684509, vertical(srz246186712668, down)
neg, 0.1667945087684509, vertical(srz246186712668, noop)
neg, 0.1667945087684509, vertical(srz246186717003, down)
neg, 0.1667945087684509, vertical(srz246186717003, noop)
neg, 0.16679450876845098, vertical(srz246186716455, up)
neg, 0.16679450876845098, vertical(srz246186716455, down)
neg, 0.1667945087684509, vertical(srz24618671505, up)
neg, 0.1667945087684509, vertical(srz24618671505, down)
neg, 0.16679450876845178, vertical(srz246186716372, up)
neg, 0.16679450876845178, vertical(srz246186716372, down)
neg, 0.1667945087684509, vertical(srz24618679419, up)
neg, 0.1667945087684509, vertical(srz24618679419, down)
neg, 0.1667945087684509, vertical(srz246186712361, up)
neg, 0.1667945087684509, vertical(srz246186712361, down)
neg, 0.1667945087684509, vertical(srz24618676860, up)
neg, 0.1667945087684509, vertical(srz24618676860, down)
neg, 0.1667945087684509, vertical(srz2461867472, up)
neg, 0.1667945087684509, vertical(srz2461867472, down)
neg, 0.1667945087684509, vertical(srz246186728, up)
neg, 0.1667945087684509, vertical(srz246186728, down)
neg, 0.16679450876845095, vertical(srz246186715953, up)
neg, 0.16679450876845095, vertical(srz246186715953, down)
neg, 0.16679450876845095, vertical(srz246186715771, down)
neg, 0.16679450876845095, vertical(srz246186715771, noop)
neg, 0.1667945087684509, vertical(srz246186714218, up)
neg, 0.1667945087684509, vertical(srz246186714218, noop)
neg, 0.1667945087684509, vertical(srz2461867814, up)
neg, 0.1667945087684509, vertical(srz2461867814, down)
neg, 0.1667945087684509, vertical(srz24618676002, up)
neg, 0.1667945087684509, vertical(srz24618676002, noop)
neg, 0.1667945087684509, vertical(srz246186716783, down)
neg, 0.1667945087684509, vertical(srz246186716783, noop)
neg, 0.1667945087684509, vertical(srz24618674182, up)
neg, 0.1667945087684509, vertical(srz24618674182, down)
neg, 0.1667945087684509, vertical(srz24618673061, up)
neg, 0.1667945087684509, vertical(srz24618673061, down)
neg, 0.1667945087684509, vertical(srz24618674850, up)
neg, 0.1667945087684509, vertical(srz24618674850, noop)
neg, 0.1667945087684509, vertical(srz246186715712, up)
neg, 0.1667945087684509, vertical(srz246186715712, down)
neg, 0.1667945087684509, vertical(srz246186715161, up)
neg, 0.1667945087684509, vertical(srz246186715161, down)
neg, 0.1667945087684509, vertical(srz24618673658, down)
neg, 0.1667945087684509, vertical(srz24618673658, noop)
neg, 0.1667945087684509, vertical(srz24618676281, down)
neg, 0.1667945087684509, vertical(srz24618676281, noop)
neg, 0.1667945087684509, vertical(srz246186716900, down)
neg, 0.1667945087684509, vertical(srz246186716900, noop)
neg, 0.1667945087684509, vertical(srz24618679884, up)
neg, 0.1667945087684509, vertical(srz24618679884, noop)
neg, 0.1667945087684509, vertical(srz246186712667, up)
neg, 0.1667945087684509, vertical(srz246186712667, down)
neg, 0.1667945087684509, vertical(srz24618671222, up)
neg, 0.1667945087684509, vertical(srz24618671222, down)
neg, 0.1667945087684509, vertical(srz246186710731, up)
neg, 0.1667945087684509, vertical(srz246186710731, down)
neg, 0.1667945087684509, vertical(srz24618673651, down)
neg, 0.1667945087684509, vertical(srz24618673651, noop)
neg, 0.1667945087684509, vertical(srz246186711171, up)
neg, 0.1667945087684509, vertical(srz246186711171, down)
neg, 0.1667945087684509, vertical(srz246186716874, up)
neg, 0.1667945087684509, vertical(srz246186716874, down)
neg, 0.1667945087684509, vertical(srz24618674608, up)
neg, 0.1667945087684509, vertical(srz24618674608, down)
neg, 0.1667945087684509, vertical(srz246186713793, up)
neg, 0.1667945087684509, vertical(srz246186713793, down)
neg, 0.1667945087684509, vertical(srz246186713510, up)
neg, 0.1667945087684509, vertical(srz246186713510, down)
neg, 0.16679450876845095, vertical(srz2461867935, down)
neg, 0.16679450876845095, vertical(srz2461867935, noop)
neg, 0.1667945087684509, vertical(srz246186711547, up)
neg, 0.1667945087684509, vertical(srz246186711547, down)
neg, 0.1667945087684509, vertical(srz246186713019, down)
neg, 0.1667945087684509, vertical(srz246186713019, noop)
neg, 0.1667945087684509, vertical(srz246186714128, down)
neg, 0.1667945087684509, vertical(srz246186714128, noop)
neg, 0.16679450876845095, vertical(srz24618678556, up)
neg, 0.16679450876845095, vertical(srz24618678556, down)
neg, 0.1667945087684509, vertical(srz24618672107, up)
neg, 0.1667945087684509, vertical(srz24618672107, down)
neg, 0.1667945087684509, vertical(srz24618671414, up)
neg, 0.1667945087684509, vertical(srz24618671414, noop)
neg, 0.16679450876845095, vertical(srz246186715884, down)
neg, 0.16679450876845095, vertical(srz246186715884, noop)
neg, 0.1667945087684509, vertical(srz24618675057, up)
neg, 0.1667945087684509, vertical(srz24618675057, down)
neg, 0.1667945087684509, vertical(srz24618672002, up)
neg, 0.1667945087684509, vertical(srz24618672002, down)
neg, 0.1667945087684509, vertical(srz24618672557, up)
neg, 0.1667945087684509, vertical(srz24618672557, down)
neg, 0.1667945087684509, vertical(srz24618676213, down)
neg, 0.1667945087684509, vertical(srz24618676213, noop)
neg, 0.16679450876845098, vertical(srz24618673478, up)
neg, 0.16679450876845098, vertical(srz24618673478, noop)
neg, 0.1667945087684509, vertical(srz246186716612, up)
neg, 0.1667945087684509, vertical(srz246186716612, noop)
neg, 0.1667945087684509, vertical(srz24618674812, up)
neg, 0.1667945087684509, vertical(srz24618674812, noop)
neg, 0.16679450876845095, vertical(srz246186715877, down)
neg, 0.16679450876845095, vertical(srz246186715877, noop)
neg, 0.1667945087684509, vertical(srz24618675448, up)
neg, 0.1667945087684509, vertical(srz24618675448, down)
neg, 0.16679450876845095, vertical(srz24618674738, up)
neg, 0.16679450876845095, vertical(srz24618674738, noop)
neg, 0.1667945087684509, vertical(srz24618679906, up)
neg, 0.1667945087684509, vertical(srz24618679906, noop)
neg, 0.16679450876845095, vertical(srz246186712903, down)
neg, 0.16679450876845095, vertical(srz246186712903, noop)
neg, 0.1667945087684509, vertical(srz24618675468, up)
neg, 0.1667945087684509, vertical(srz24618675468, noop)
neg, 0.1667945087684509, vertical(srz24618676414, up)
neg, 0.1667945087684509, vertical(srz24618676414, noop)
neg, 0.1667945087684509, vertical(srz24618676188, up)
neg, 0.1667945087684509, vertical(srz24618676188, down)
neg, 0.1667945087684509, vertical(srz24618675205, up)
neg, 0.1667945087684509, vertical(srz24618675205, noop)
neg, 0.1667945087684509, vertical(srz246186712703, down)
neg, 0.1667945087684509, vertical(srz246186712703, noop)
neg, 0.1667945087684509, vertical(srz24618674830, up)
neg, 0.1667945087684509, vertical(srz24618674830, noop)
neg, 0.1667945087684509, vertical(srz24618673441, up)
neg, 0.1667945087684509, vertical(srz24618673441, noop)
neg, 0.16679450876845095, vertical(srz246186712882, up)
neg, 0.16679450876845095, vertical(srz246186712882, down)
neg, 0.1667945087684509, vertical(srz24618677401, up)
neg, 0.1667945087684509, vertical(srz24618677401, down)
neg, 0.16679450876845095, vertical(srz24618675720, up)
neg, 0.16679450876845095, vertical(srz24618675720, down)
neg, 0.1667945087684509, vertical(srz24618679774, up)
neg, 0.1667945087684509, vertical(srz24618679774, down)
neg, 0.1667945087684509, vertical(srz24618678539, up)
neg, 0.1667945087684509, vertical(srz24618678539, down)
neg, 0.16679450876845098, vertical(srz24618677239, up)
neg, 0.16679450876845098, vertical(srz24618677239, down)
neg, 0.1667945087684509, vertical(srz246186715192, up)
neg, 0.1667945087684509, vertical(srz246186715192, noop)
neg, 0.1667945087684509, vertical(srz24618671716, up)
neg, 0.1667945087684509, vertical(srz24618671716, noop)
neg, 0.1667945087684509, vertical(srz246186710008, up)
neg, 0.1667945087684509, vertical(srz246186710008, down)
neg, 0.16679450876845095, vertical(srz24618677592, up)
neg, 0.16679450876845095, vertical(srz24618677592, noop)
neg, 0.1667945087684509, vertical(srz246186711496, up)
neg, 0.1667945087684509, vertical(srz246186711496, noop)
neg, 0.1667945087684509, vertical(srz24618673119, up)
neg, 0.1667945087684509, vertical(srz24618673119, down)
neg, 0.1667945087684509, vertical(srz24618672718, up)
neg, 0.1667945087684509, vertical(srz24618672718, down)
neg, 0.1667945087684509, vertical(srz24618673939, up)
neg, 0.1667945087684509, vertical(srz24618673939, noop)
neg, 0.16679450876845095, vertical(srz24618674701, up)
neg, 0.16679450876845095, vertical(srz24618674701, down)
neg, 0.16679450876845098, vertical(srz24618674117, up)
neg, 0.16679450876845098, vertical(srz24618674117, down)
neg, 0.1667945087684509, vertical(srz24618674491, up)
neg, 0.1667945087684509, vertical(srz24618674491, down)
neg, 0.1667945087684509, vertical(srz246186712168, down)
neg, 0.1667945087684509, vertical(srz246186712168, noop)
neg, 0.1667945087684509, vertical(srz24618678383, down)
neg, 0.1667945087684509, vertical(srz24618678383, noop)
neg, 0.1667945087684509, vertical(srz24618674197, up)
neg, 0.1667945087684509, vertical(srz24618674197, down)
neg, 0.1667945087684509, vertical(srz246186712534, down)
neg, 0.1667945087684509, vertical(srz246186712534, noop)
neg, 0.16679450876845095, vertical(srz246186716280, up)
neg, 0.16679450876845095, vertical(srz246186716280, noop)
neg, 0.1667945087684509, vertical(srz24618672248, up)
neg, 0.1667945087684509, vertical(srz24618672248, down)
neg, 0.1667945087684509, vertical(srz246186710138, up)
neg, 0.1667945087684509, vertical(srz246186710138, down)
neg, 0.1667945087684509, vertical(srz24618677673, up)
neg, 0.1667945087684509, vertical(srz24618677673, down)
neg, 0.1667945087684509, vertical(srz246186713424, up)
neg, 0.1667945087684509, vertical(srz246186713424, down)
neg, 0.1667945087684509, vertical(srz24618675065, up)
neg, 0.1667945087684509, vertical(srz24618675065, down)
neg, 0.16679450876845095, vertical(srz246186711876, up)
neg, 0.16679450876845095, vertical(srz246186711876, down)
neg, 0.16679450876845098, vertical(srz246186711618, down)
neg, 0.16679450876845098, vertical(srz246186711618, noop)
neg, 0.16679450876845098, vertical(srz24618672346, up)
neg, 0.16679450876845098, vertical(srz24618672346, down)
neg, 0.1667945087684509, vertical(srz2461867276, up)
neg, 0.1667945087684509, vertical(srz2461867276, down)
neg, 0.1667945087684509, vertical(srz24618675502, up)
neg, 0.1667945087684509, vertical(srz24618675502, down)
neg, 0.1667945087684509, vertical(srz24618679738, up)
neg, 0.1667945087684509, vertical(srz24618679738, down)
neg, 0.1667945087684509, vertical(srz246186712567, up)
neg, 0.1667945087684509, vertical(srz246186712567, noop)
neg, 0.1667945087684509, vertical(srz246186713906, up)
neg, 0.1667945087684509, vertical(srz246186713906, noop)
neg, 0.1667945087684509, vertical(srz24618671059, up)
neg, 0.1667945087684509, vertical(srz24618671059, down)
neg, 0.1667945087684509, vertical(srz246186716058, up)
neg, 0.1667945087684509, vertical(srz246186716058, down)
neg, 0.1667945087684509, vertical(srz24618674692, down)
neg, 0.1667945087684509, vertical(srz24618674692, noop)
neg, 0.1667945087684509, vertical(srz24618674512, up)
neg, 0.1667945087684509, vertical(srz24618674512, down)
neg, 0.16679450876845095, vertical(srz246186710518, up)
neg, 0.16679450876845095, vertical(srz246186710518, down)
neg, 0.1667945087684509, vertical(srz2461867259, up)
neg, 0.1667945087684509, vertical(srz2461867259, down)
neg, 0.1667945087684509, vertical(srz24618679750, up)
neg, 0.1667945087684509, vertical(srz24618679750, down)
neg, 0.1667945087684509, vertical(srz2461867803, up)
neg, 0.1667945087684509, vertical(srz2461867803, down)
neg, 0.1667945087684509, vertical(srz24618673995, up)
neg, 0.1667945087684509, vertical(srz24618673995, down)
neg, 0.1667945087684509, vertical(srz24618677107, down)
neg, 0.1667945087684509, vertical(srz24618677107, noop)
neg, 0.1667945087684509, vertical(srz24618677681, up)
neg, 0.1667945087684509, vertical(srz24618677681, down)
neg, 0.1667945087684509, vertical(srz24618673499, up)
neg, 0.1667945087684509, vertical(srz24618673499, down)
neg, 0.16679450876845095, vertical(srz24618674705, up)
neg, 0.16679450876845095, vertical(srz24618674705, down)
neg, 0.1667945087684509, vertical(srz24618676994, up)
neg, 0.1667945087684509, vertical(srz24618676994, down)
neg, 0.16679450876845095, vertical(srz246186714816, up)
neg, 0.16679450876845095, vertical(srz246186714816, down)
neg, 0.1667945087684509, vertical(srz24618672923, up)
neg, 0.1667945087684509, vertical(srz24618672923, down)
neg, 0.16679450876845095, vertical(srz246186714423, up)
neg, 0.16679450876845095, vertical(srz246186714423, noop)
neg, 0.16679450876845095, vertical(srz24618679047, up)
neg, 0.16679450876845095, vertical(srz24618679047, down)
neg, 0.1667945087684509, vertical(srz246186713153, up)
neg, 0.1667945087684509, vertical(srz246186713153, down)
neg, 0.1667945087684509, vertical(srz24618677173, up)
neg, 0.1667945087684509, vertical(srz24618677173, down)
neg, 0.1667945087684509, vertical(srz246186712681, up)
neg, 0.1667945087684509, vertical(srz246186712681, noop)
neg, 0.1667945087684509, vertical(srz24618679825, up)
neg, 0.1667945087684509, vertical(srz24618679825, down)
neg, 0.1667945087684509, vertical(srz246186716914, up)
neg, 0.1667945087684509, vertical(srz246186716914, down)
neg, 0.16679450876845145, vertical(srz246186713035, down)
neg, 0.16679450876845145, vertical(srz246186713035, noop)
neg, 0.1667945087684509, vertical(srz24618671898, down)
neg, 0.1667945087684509, vertical(srz24618671898, noop)
neg, 0.1667945087684509, vertical(srz246186714114, up)
neg, 0.1667945087684509, vertical(srz246186714114, down)
neg, 0.16679450876845098, vertical(srz246186711119, down)
neg, 0.16679450876845098, vertical(srz246186711119, noop)
neg, 0.1667945087684509, vertical(srz24618673612, up)
neg, 0.1667945087684509, vertical(srz24618673612, down)
neg, 0.1667945087684509, vertical(srz246186712863, up)
neg, 0.1667945087684509, vertical(srz246186712863, down)
neg, 0.16679450876845095, vertical(srz24618674085, down)
neg, 0.16679450876845095, vertical(srz24618674085, noop)
neg, 0.16679450876845095, vertical(srz246186714792, up)
neg, 0.16679450876845095, vertical(srz246186714792, down)
neg, 0.1667945087684509, vertical(srz24618677393, up)
neg, 0.1667945087684509, vertical(srz24618677393, down)
neg, 0.16679450876845095, vertical(srz24618674353, up)
neg, 0.16679450876845095, vertical(srz24618674353, down)
neg, 0.1667945087684509, vertical(srz246186711366, up)
neg, 0.1667945087684509, vertical(srz246186711366, noop)
neg, 0.1667945087684509, vertical(srz24618675431, up)
neg, 0.1667945087684509, vertical(srz24618675431, down)
neg, 0.1667945087684509, vertical(srz246186710272, up)
neg, 0.1667945087684509, vertical(srz246186710272, down)
neg, 0.1667945087684509, vertical(srz24618678387, down)
neg, 0.1667945087684509, vertical(srz24618678387, noop)
neg, 0.1667945087684509, vertical(srz24618673552, up)
neg, 0.1667945087684509, vertical(srz24618673552, noop)
neg, 0.1667945087684509, vertical(srz246186715061, up)
neg, 0.1667945087684509, vertical(srz246186715061, down)
neg, 0.1667945087684509, vertical(srz2461867201, up)
neg, 0.1667945087684509, vertical(srz2461867201, noop)
neg, 0.16679450876845095, vertical(srz24618675696, down)
neg, 0.16679450876845095, vertical(srz24618675696, noop)
neg, 0.1667945087684509, vertical(srz2461867560, down)
neg, 0.1667945087684509, vertical(srz2461867560, noop)
neg, 0.1667945087684509, vertical(srz246186711207, up)
neg, 0.1667945087684509, vertical(srz246186711207, noop)
neg, 0.1667945087684509, vertical(srz24618673620, up)
neg, 0.1667945087684509, vertical(srz24618673620, down)
neg, 0.1667945087684509, vertical(srz246186716225, up)
neg, 0.1667945087684509, vertical(srz246186716225, down)
neg, 0.1667945087684509, vertical(srz24618675199, up)
neg, 0.1667945087684509, vertical(srz24618675199, down)
neg, 0.1667945087684509, vertical(srz24618676785, up)
neg, 0.1667945087684509, vertical(srz24618676785, down)
neg, 0.1667945087684509, vertical(srz246186715055, up)
neg, 0.1667945087684509, vertical(srz246186715055, down)
neg, 0.16679450876845095, vertical(srz24618679526, up)
neg, 0.16679450876845095, vertical(srz24618679526, down)
neg, 0.1667945087684509, vertical(srz24618672257, up)
neg, 0.1667945087684509, vertical(srz24618672257, noop)
neg, 0.1667945087684509, vertical(srz246186712984, down)
neg, 0.1667945087684509, vertical(srz246186712984, noop)
neg, 0.1667945087684509, vertical(srz24618671765, up)
neg, 0.1667945087684509, vertical(srz24618671765, noop)
neg, 0.1667945087684509, vertical(srz24618674088, down)
neg, 0.1667945087684509, vertical(srz24618674088, noop)
neg, 0.1667945087684509, vertical(srz24618672174, up)
neg, 0.1667945087684509, vertical(srz24618672174, down)
neg, 0.1667945087684509, vertical(srz24618676360, up)
neg, 0.1667945087684509, vertical(srz24618676360, noop)
neg, 0.1667945087684509, vertical(srz246186716094, up)
neg, 0.1667945087684509, vertical(srz246186716094, down)
neg, 0.16679450876845095, vertical(srz246186715993, up)
neg, 0.16679450876845095, vertical(srz246186715993, down)
neg, 0.1667945087684509, vertical(srz246186715434, up)
neg, 0.1667945087684509, vertical(srz246186715434, down)
neg, 0.1667945087684509, vertical(srz24618674782, up)
neg, 0.1667945087684509, vertical(srz24618674782, down)
neg, 0.1667945087684509, vertical(srz246186713173, up)
neg, 0.1667945087684509, vertical(srz246186713173, down)
neg, 0.1667945087684509, vertical(srz246186714376, up)
neg, 0.1667945087684509, vertical(srz246186714376, noop)
neg, 0.1667945087684509, vertical(srz24618678264, up)
neg, 0.1667945087684509, vertical(srz24618678264, down)
neg, 0.1667945087684509, vertical(srz24618672476, up)
neg, 0.1667945087684509, vertical(srz24618672476, noop)
neg, 0.1667945087684509, vertical(srz2461867220, up)
neg, 0.1667945087684509, vertical(srz2461867220, noop)
neg, 0.16679450876845178, vertical(srz246186717135, up)
neg, 0.16679450876845178, vertical(srz246186717135, down)
neg, 0.1667945087684509, vertical(srz2461867364, up)
neg, 0.1667945087684509, vertical(srz2461867364, down)
neg, 0.16679450876845095, vertical(srz24618677619, up)
neg, 0.16679450876845095, vertical(srz24618677619, down)
neg, 0.16679450876845095, vertical(srz246186716564, up)
neg, 0.16679450876845095, vertical(srz246186716564, down)
neg, 0.1667945087684509, vertical(srz246186710813, up)
neg, 0.1667945087684509, vertical(srz246186710813, noop)
neg, 0.1667945087684509, vertical(srz246186712557, up)
neg, 0.1667945087684509, vertical(srz246186712557, noop)
neg, 0.1667945087684509, vertical(srz24618676207, down)
neg, 0.1667945087684509, vertical(srz24618676207, noop)
neg, 0.1667945087684509, vertical(srz246186711161, up)
neg, 0.1667945087684509, vertical(srz246186711161, noop)
neg, 0.16679450876845095, vertical(srz246186712640, up)
neg, 0.16679450876845095, vertical(srz246186712640, noop)
neg, 0.1667945087684509, vertical(srz24618676964, up)
neg, 0.1667945087684509, vertical(srz24618676964, down)
neg, 0.1667945087684509, vertical(srz246186714323, up)
neg, 0.1667945087684509, vertical(srz246186714323, down)
neg, 0.1667945087684509, vertical(srz24618672757, up)
neg, 0.1667945087684509, vertical(srz24618672757, down)
neg, 0.16679450876845095, vertical(srz24618679220, up)
neg, 0.16679450876845095, vertical(srz24618679220, down)
neg, 0.16679450876845095, vertical(srz24618674405, up)
neg, 0.16679450876845095, vertical(srz24618674405, down)
neg, 0.16679450876845095, vertical(srz246186715989, up)
neg, 0.16679450876845095, vertical(srz246186715989, down)
neg, 0.1667945087684509, vertical(srz24618675535, up)
neg, 0.1667945087684509, vertical(srz24618675535, noop)
neg, 0.1667945087684509, vertical(srz246186715146, up)
neg, 0.1667945087684509, vertical(srz246186715146, down)
neg, 0.1667945087684509, vertical(srz24618678421, up)
neg, 0.1667945087684509, vertical(srz24618678421, noop)
neg, 0.1667945087684509, vertical(srz24618673831, up)
neg, 0.1667945087684509, vertical(srz24618673831, noop)
neg, 0.1667945087684509, vertical(srz246186710063, up)
neg, 0.1667945087684509, vertical(srz246186710063, noop)
neg, 0.16679450876845095, vertical(srz24618673761, down)
neg, 0.16679450876845095, vertical(srz24618673761, noop)
neg, 0.1667945087684509, vertical(srz246186715588, up)
neg, 0.1667945087684509, vertical(srz246186715588, down)
neg, 0.1667945087684509, vertical(srz24618671495, up)
neg, 0.1667945087684509, vertical(srz24618671495, noop)
neg, 0.1667945087684509, vertical(srz246186711092, up)
neg, 0.1667945087684509, vertical(srz246186711092, down)
neg, 0.1667945087684509, vertical(srz246186713740, down)
neg, 0.1667945087684509, vertical(srz246186713740, noop)
neg, 0.1667945087684509, vertical(srz24618679578, up)
neg, 0.1667945087684509, vertical(srz24618679578, noop)
neg, 0.1667945087684509, vertical(srz24618673582, up)
neg, 0.1667945087684509, vertical(srz24618673582, down)
neg, 0.16679450876845095, vertical(srz246186711651, down)
neg, 0.16679450876845095, vertical(srz246186711651, noop)
neg, 0.1667945087684509, vertical(srz24618674598, down)
neg, 0.1667945087684509, vertical(srz24618674598, noop)
neg, 0.1667945087684509, vertical(srz246186711445, down)
neg, 0.1667945087684509, vertical(srz246186711445, noop)
neg, 0.1667945087684509, vertical(srz24618671368, up)
neg, 0.1667945087684509, vertical(srz24618671368, down)
neg, 0.1667945087684509, vertical(srz246186711078, up)
neg, 0.1667945087684509, vertical(srz246186711078, down)
neg, 0.1667945087684509, vertical(srz24618671198, up)
neg, 0.1667945087684509, vertical(srz24618671198, down)
neg, 0.1667945087684509, vertical(srz246186715119, up)
neg, 0.1667945087684509, vertical(srz246186715119, down)
neg, 0.1667945087684509, vertical(srz246186714176, up)
neg, 0.1667945087684509, vertical(srz246186714176, down)
neg, 0.1667945087684509, vertical(srz24618677721, up)
neg, 0.1667945087684509, vertical(srz24618677721, noop)
neg, 0.1667945087684509, vertical(srz24618673904, up)
neg, 0.1667945087684509, vertical(srz24618673904, down)
neg, 0.1667945087684509, vertical(srz24618678388, down)
neg, 0.1667945087684509, vertical(srz24618678388, noop)
neg, 0.1667945087684509, vertical(srz24618675045, down)
neg, 0.1667945087684509, vertical(srz24618675045, noop)
neg, 0.16679450876845095, vertical(srz24618678637, down)
neg, 0.16679450876845095, vertical(srz24618678637, noop)
neg, 0.1667945087684509, vertical(srz24618676115, up)
neg, 0.1667945087684509, vertical(srz24618676115, noop)
neg, 0.1667945087684509, vertical(srz2461867826, up)
neg, 0.1667945087684509, vertical(srz2461867826, down)
neg, 0.16679450876845095, vertical(srz24618679199, down)
neg, 0.16679450876845095, vertical(srz24618679199, noop)
neg, 0.16679450876845095, vertical(srz24618674734, up)
neg, 0.16679450876845095, vertical(srz24618674734, noop)
neg, 0.16679450876845095, vertical(srz24618675278, down)
neg, 0.16679450876845095, vertical(srz24618675278, noop)
neg, 0.16679450876845095, vertical(srz24618675089, up)
neg, 0.16679450876845095, vertical(srz24618675089, down)
neg, 0.1667945087684509, vertical(srz24618676679, up)
neg, 0.1667945087684509, vertical(srz24618676679, down)
neg, 0.1667945087684509, vertical(srz24618677758, up)
neg, 0.1667945087684509, vertical(srz24618677758, down)
neg, 0.1667945087684509, vertical(srz246186742, up)
neg, 0.1667945087684509, vertical(srz246186742, down)
neg, 0.1667945087684509, vertical(srz24618673596, up)
neg, 0.1667945087684509, vertical(srz24618673596, down)
neg, 0.1667945087684509, vertical(srz246186713654, up)
neg, 0.1667945087684509, vertical(srz246186713654, noop)
neg, 0.16679450876845095, vertical(srz24618675262, down)
neg, 0.16679450876845095, vertical(srz24618675262, noop)
neg, 0.1667945087684509, vertical(srz246186710352, down)
neg, 0.1667945087684509, vertical(srz246186710352, noop)
neg, 0.16679450876845095, vertical(srz24618674756, up)
neg, 0.16679450876845095, vertical(srz24618674756, noop)
neg, 0.1667945087684509, vertical(srz24618676425, up)
neg, 0.1667945087684509, vertical(srz24618676425, down)
neg, 0.1667945087684509, vertical(srz246186713487, down)
neg, 0.1667945087684509, vertical(srz246186713487, noop)
neg, 0.1667945087684509, vertical(srz24618679875, up)
neg, 0.1667945087684509, vertical(srz24618679875, down)
neg, 0.16679450876845095, vertical(srz246186712875, down)
neg, 0.16679450876845095, vertical(srz246186712875, noop)
neg, 0.1667945087684509, vertical(srz246186710338, down)
neg, 0.1667945087684509, vertical(srz246186710338, noop)
neg, 0.16679450876845178, vertical(srz246186717122, up)
neg, 0.16679450876845178, vertical(srz246186717122, down)
neg, 0.1667945087684509, vertical(srz24618673559, up)
neg, 0.1667945087684509, vertical(srz24618673559, noop)
neg, 0.1667945087684509, vertical(srz246186716617, up)
neg, 0.1667945087684509, vertical(srz246186716617, down)
neg, 0.1667945087684509, vertical(srz24618679281, up)
neg, 0.1667945087684509, vertical(srz24618679281, down)
neg, 0.1667945087684509, vertical(srz246186716628, up)
neg, 0.1667945087684509, vertical(srz246186716628, down)
neg, 0.16679450876845095, vertical(srz246186710480, down)
neg, 0.16679450876845095, vertical(srz246186710480, noop)
neg, 0.16679450876845095, vertical(srz24618672602, up)
neg, 0.16679450876845095, vertical(srz24618672602, down)
neg, 0.1667945087684509, vertical(srz246186710041, up)
neg, 0.1667945087684509, vertical(srz246186710041, down)
neg, 0.1667945087684509, vertical(srz24618679701, up)
neg, 0.1667945087684509, vertical(srz24618679701, down)
neg, 0.1667945087684509, vertical(srz24618677903, up)
neg, 0.1667945087684509, vertical(srz24618677903, noop)
neg, 0.16679450876845178, vertical(srz246186716361, up)
neg, 0.16679450876845178, vertical(srz246186716361, down)
neg, 0.1667945087684509, vertical(srz246186714103, up)
neg, 0.1667945087684509, vertical(srz246186714103, noop)
neg, 0.1667945087684509, vertical(srz24618672267, up)
neg, 0.1667945087684509, vertical(srz24618672267, noop)
neg, 0.1667945087684509, vertical(srz24618671270, up)
neg, 0.1667945087684509, vertical(srz24618671270, noop)
neg, 0.16679450876845178, vertical(srz246186717099, up)
neg, 0.16679450876845178, vertical(srz246186717099, down)
neg, 0.1667945087684509, vertical(srz246186711455, down)
neg, 0.1667945087684509, vertical(srz246186711455, noop)
neg, 0.1667945087684509, vertical(srz24618678565, up)
neg, 0.1667945087684509, vertical(srz24618678565, down)
neg, 0.1667945087684509, vertical(srz24618672141, up)
neg, 0.1667945087684509, vertical(srz24618672141, down)
neg, 0.1667945087684509, vertical(srz24618672698, up)
neg, 0.1667945087684509, vertical(srz24618672698, down)
neg, 0.1667945087684509, vertical(srz24618676959, up)
neg, 0.1667945087684509, vertical(srz24618676959, down)
neg, 0.1667945087684509, vertical(srz246186712726, down)
neg, 0.1667945087684509, vertical(srz246186712726, noop)
neg, 0.16679450876845095, vertical(srz246186711626, down)
neg, 0.16679450876845095, vertical(srz246186711626, noop)
neg, 0.1667945087684509, vertical(srz24618673628, up)
neg, 0.1667945087684509, vertical(srz24618673628, down)
neg, 0.1667945087684509, vertical(srz24618673240, up)
neg, 0.1667945087684509, vertical(srz24618673240, down)
neg, 0.1667945087684509, vertical(srz24618675210, up)
neg, 0.1667945087684509, vertical(srz24618675210, noop)
neg, 0.1667945087684509, vertical(srz246186713520, up)
neg, 0.1667945087684509, vertical(srz246186713520, down)
neg, 0.1667945087684509, vertical(srz24618676916, down)
neg, 0.1667945087684509, vertical(srz24618676916, noop)
neg, 0.1667945087684509, vertical(srz246186713228, up)
neg, 0.1667945087684509, vertical(srz246186713228, down)
neg, 0.1667945087684509, vertical(srz246186713199, up)
neg, 0.1667945087684509, vertical(srz246186713199, down)
neg, 0.16679450876845098, vertical(srz24618672367, up)
neg, 0.16679450876845098, vertical(srz24618672367, down)
neg, 0.1667945087684509, vertical(srz246186716846, up)
neg, 0.1667945087684509, vertical(srz246186716846, down)
neg, 0.1667945087684509, vertical(srz246186710312, up)
neg, 0.1667945087684509, vertical(srz246186710312, down)
neg, 0.16679450876845095, vertical(srz246186713024, down)
neg, 0.16679450876845095, vertical(srz246186713024, noop)
neg, 0.1667945087684509, vertical(srz246186712608, up)
neg, 0.1667945087684509, vertical(srz246186712608, noop)
neg, 0.16679450876845095, vertical(srz246186710384, up)
neg, 0.16679450876845095, vertical(srz246186710384, down)
neg, 0.16679450876845095, vertical(srz246186710075, up)
neg, 0.16679450876845095, vertical(srz246186710075, down)
neg, 0.16679450876845095, vertical(srz246186711307, down)
neg, 0.16679450876845095, vertical(srz246186711307, noop)
neg, 0.1667945087684509, vertical(srz246186716842, down)
neg, 0.1667945087684509, vertical(srz246186716842, noop)
neg, 0.1667945087684509, vertical(srz24618678235, up)
neg, 0.1667945087684509, vertical(srz24618678235, down)
neg, 0.1667945087684509, vertical(srz24618674316, up)
neg, 0.1667945087684509, vertical(srz24618674316, down)
neg, 0.1667945087684509, vertical(srz24618675808, up)
neg, 0.1667945087684509, vertical(srz24618675808, down)
neg, 0.1667945087684509, vertical(srz246186715427, down)
neg, 0.1667945087684509, vertical(srz246186715427, noop)
neg, 0.1667945087684509, vertical(srz24618675929, up)
neg, 0.1667945087684509, vertical(srz24618675929, down)
neg, 0.1667945087684509, vertical(srz2461867389, down)
neg, 0.1667945087684509, vertical(srz2461867389, noop)
neg, 0.1667945087684509, vertical(srz24618674233, up)
neg, 0.1667945087684509, vertical(srz24618674233, down)
neg, 0.1667945087684509, vertical(srz246186734, up)
neg, 0.1667945087684509, vertical(srz246186734, down)
neg, 0.1667945087684509, vertical(srz246186715115, up)
neg, 0.1667945087684509, vertical(srz246186715115, down)
neg, 0.1667945087684509, vertical(srz2461867314, up)
neg, 0.1667945087684509, vertical(srz2461867314, noop)
neg, 0.1667945087684509, vertical(srz24618678289, down)
neg, 0.1667945087684509, vertical(srz24618678289, noop)
neg, 0.1667945087684509, vertical(srz24618678390, down)
neg, 0.1667945087684509, vertical(srz24618678390, noop)
neg, 0.1667945087684509, vertical(srz24618679438, up)
neg, 0.1667945087684509, vertical(srz24618679438, down)
neg, 0.1667945087684509, vertical(srz24618671153, up)
neg, 0.1667945087684509, vertical(srz24618671153, down)
neg, 0.1667945087684509, vertical(srz24618671319, up)
neg, 0.1667945087684509, vertical(srz24618671319, down)
neg, 0.1667945087684509, vertical(srz24618676420, up)
neg, 0.1667945087684509, vertical(srz24618676420, down)
neg, 0.1667945087684509, vertical(srz24618676831, up)
neg, 0.1667945087684509, vertical(srz24618676831, noop)
neg, 0.1667945087684509, vertical(srz24618677865, up)
neg, 0.1667945087684509, vertical(srz24618677865, down)
neg, 0.1667945087684509, vertical(srz246186712778, up)
neg, 0.1667945087684509, vertical(srz246186712778, down)
neg, 0.1667945087684509, vertical(srz246186713971, up)
neg, 0.1667945087684509, vertical(srz246186713971, down)
neg, 0.1667945087684509, vertical(srz246186714497, up)
neg, 0.1667945087684509, vertical(srz246186714497, noop)
neg, 0.16679450876845098, vertical(srz246186716520, up)
neg, 0.16679450876845098, vertical(srz246186716520, down)
neg, 0.16679450876845095, vertical(srz246186714671, up)
neg, 0.16679450876845095, vertical(srz246186714671, down)
neg, 0.16679450876845095, vertical(srz24618679187, down)
neg, 0.16679450876845095, vertical(srz24618679187, noop)
neg, 0.1667945087684509, vertical(srz24618675371, up)
neg, 0.1667945087684509, vertical(srz24618675371, down)
neg, 0.1667945087684509, vertical(srz24618678585, up)
neg, 0.1667945087684509, vertical(srz24618678585, down)
neg, 0.1667945087684509, vertical(srz24618675504, up)
neg, 0.1667945087684509, vertical(srz24618675504, down)
neg, 0.1667945087684509, vertical(srz24618673371, up)
neg, 0.1667945087684509, vertical(srz24618673371, down)
neg, 0.1667945087684509, vertical(srz24618676411, up)
neg, 0.1667945087684509, vertical(srz24618676411, down)
neg, 0.1667945087684509, vertical(srz24618678380, down)
neg, 0.1667945087684509, vertical(srz24618678380, noop)
neg, 0.1667945087684509, vertical(srz246186713482, down)
neg, 0.1667945087684509, vertical(srz246186713482, noop)
neg, 0.1667945087684509, vertical(srz24618676587, down)
neg, 0.1667945087684509, vertical(srz24618676587, noop)
neg, 0.1667945087684509, vertical(srz246186715225, up)
neg, 0.1667945087684509, vertical(srz246186715225, down)
neg, 0.1667945087684509, vertical(srz24618676107, up)
neg, 0.1667945087684509, vertical(srz24618676107, noop)
neg, 0.1667945087684509, vertical(srz24618671660, down)
neg, 0.1667945087684509, vertical(srz24618671660, noop)
neg, 0.1667945087684509, vertical(srz24618671593, down)
neg, 0.1667945087684509, vertical(srz24618671593, noop)
neg, 0.16679450876845095, vertical(srz24618671036, up)
neg, 0.16679450876845095, vertical(srz24618671036, down)
neg, 0.1667945087684509, vertical(srz24618674169, up)
neg, 0.1667945087684509, vertical(srz24618674169, down)
neg, 0.16679450876845098, vertical(srz24618677268, down)
neg, 0.16679450876845098, vertical(srz24618677268, noop)
neg, 0.1667945087684509, vertical(srz246186710820, up)
neg, 0.1667945087684509, vertical(srz246186710820, noop)
neg, 0.16679450876845095, vertical(srz246186711534, down)
neg, 0.16679450876845095, vertical(srz246186711534, noop)
neg, 0.1667945087684509, vertical(srz246186710294, up)
neg, 0.1667945087684509, vertical(srz246186710294, down)
neg, 0.1667945087684509, vertical(srz24618674916, up)
neg, 0.1667945087684509, vertical(srz24618674916, down)
neg, 0.1667945087684509, vertical(srz24618678429, up)
neg, 0.1667945087684509, vertical(srz24618678429, down)
neg, 0.1667945087684509, vertical(srz24618672273, up)
neg, 0.1667945087684509, vertical(srz24618672273, noop)
neg, 0.1667945087684509, vertical(srz246186715444, down)
neg, 0.1667945087684509, vertical(srz246186715444, noop)
neg, 0.1667945087684509, vertical(srz246186716153, up)
neg, 0.1667945087684509, vertical(srz246186716153, down)
neg, 0.16679450876845098, vertical(srz24618674028, down)
neg, 0.16679450876845098, vertical(srz24618674028, noop)
neg, 0.1667945087684509, vertical(srz24618674571, down)
neg, 0.1667945087684509, vertical(srz24618674571, noop)
neg, 0.16679450876845095, vertical(srz246186714566, up)
neg, 0.16679450876845095, vertical(srz246186714566, down)
neg, 0.1667945087684509, vertical(srz246186712099, up)
neg, 0.1667945087684509, vertical(srz246186712099, down)
neg, 0.1667945087684509, vertical(srz24618675341, up)
neg, 0.1667945087684509, vertical(srz24618675341, down)
neg, 0.16679450876845178, vertical(srz246186717132, up)
neg, 0.16679450876845178, vertical(srz246186717132, down)
neg, 0.1667945087684509, vertical(srz246186716095, up)
neg, 0.1667945087684509, vertical(srz246186716095, down)
neg, 0.1667945087684509, vertical(srz24618676566, up)
neg, 0.1667945087684509, vertical(srz24618676566, noop)
neg, 0.16679450876845098, vertical(srz246186716978, up)
neg, 0.16679450876845098, vertical(srz246186716978, down)
neg, 0.16679450876845095, vertical(srz246186710562, up)
neg, 0.16679450876845095, vertical(srz246186710562, down)
neg, 0.1667945087684509, vertical(srz246186712583, up)
neg, 0.1667945087684509, vertical(srz246186712583, noop)
neg, 0.1667945087684509, vertical(srz246186714026, down)
neg, 0.1667945087684509, vertical(srz246186714026, noop)
neg, 0.1667945087684509, vertical(srz24618678128, up)
neg, 0.1667945087684509, vertical(srz24618678128, noop)
neg, 0.16679450876845095, vertical(srz246186714652, down)
neg, 0.16679450876845095, vertical(srz246186714652, noop)
neg, 0.1667945087684509, vertical(srz246186712601, up)
neg, 0.1667945087684509, vertical(srz246186712601, noop)
neg, 0.16679450876845098, vertical(srz24618672380, up)
neg, 0.16679450876845098, vertical(srz24618672380, down)
neg, 0.1667945087684509, vertical(srz2461867574, down)
neg, 0.1667945087684509, vertical(srz2461867574, noop)
neg, 0.16679450876845095, vertical(srz246186711585, up)
neg, 0.16679450876845095, vertical(srz246186711585, down)
neg, 0.1667945087684509, vertical(srz24618679262, up)
neg, 0.1667945087684509, vertical(srz24618679262, down)
neg, 0.1667945087684509, vertical(srz246186732, up)
neg, 0.1667945087684509, vertical(srz246186732, down)
neg, 0.1667945087684509, vertical(srz246186713914, up)
neg, 0.1667945087684509, vertical(srz246186713914, noop)
neg, 0.1667945087684509, vertical(srz2461867122, up)
neg, 0.1667945087684509, vertical(srz2461867122, down)
neg, 0.1667945087684509, vertical(srz24618674841, down)
neg, 0.1667945087684509, vertical(srz24618674841, noop)
neg, 0.1667945087684509, vertical(srz24618671628, down)
neg, 0.1667945087684509, vertical(srz24618671628, noop)
neg, 0.1667945087684509, vertical(srz24618678772, up)
neg, 0.1667945087684509, vertical(srz24618678772, down)
neg, 0.1667945087684509, vertical(srz24618678926, up)
neg, 0.1667945087684509, vertical(srz24618678926, noop)
neg, 0.1667945087684509, vertical(srz24618673364, down)
neg, 0.1667945087684509, vertical(srz24618673364, noop)
neg, 0.16679450876845095, vertical(srz246186712894, down)
neg, 0.16679450876845095, vertical(srz246186712894, noop)
neg, 0.1667945087684509, vertical(srz24618672143, up)
neg, 0.1667945087684509, vertical(srz24618672143, down)
neg, 0.1667945087684509, vertical(srz24618679683, down)
neg, 0.1667945087684509, vertical(srz24618679683, noop)
neg, 0.16679450876845095, vertical(srz246186716264, up)
neg, 0.16679450876845095, vertical(srz246186716264, down)
neg, 0.1667945087684509, vertical(srz246186710970, up)
neg, 0.1667945087684509, vertical(srz246186710970, down)
neg, 0.1667945087684509, vertical(srz2461867739, up)
neg, 0.1667945087684509, vertical(srz2461867739, down)
neg, 0.16679450876845095, vertical(srz24618675123, down)
neg, 0.16679450876845095, vertical(srz24618675123, noop)
neg, 0.1667945087684509, vertical(srz24618674622, up)
neg, 0.1667945087684509, vertical(srz24618674622, noop)
neg, 0.1667945087684509, vertical(srz246186780, up)
neg, 0.1667945087684509, vertical(srz246186780, down)
neg, 0.1667945087684509, vertical(srz24618675049, down)
neg, 0.1667945087684509, vertical(srz24618675049, noop)
neg, 0.1667945087684509, vertical(srz24618678936, up)
neg, 0.1667945087684509, vertical(srz24618678936, down)
neg, 0.16679450876845095, vertical(srz2461867414, up)
neg, 0.16679450876845095, vertical(srz2461867414, noop)
neg, 0.1667945087684509, vertical(srz24618677116, down)
neg, 0.1667945087684509, vertical(srz24618677116, noop)
neg, 0.1667945087684509, vertical(srz246186714921, up)
neg, 0.1667945087684509, vertical(srz246186714921, down)
neg, 0.1667945087684509, vertical(srz24618671096, up)
neg, 0.1667945087684509, vertical(srz24618671096, down)
neg, 0.1667945087684509, vertical(srz24618674024, down)
neg, 0.1667945087684509, vertical(srz24618674024, noop)
neg, 0.1667945087684509, vertical(srz24618675317, up)
neg, 0.1667945087684509, vertical(srz24618675317, down)
neg, 0.1667945087684509, vertical(srz24618672972, up)
neg, 0.1667945087684509, vertical(srz24618672972, down)
neg, 0.1667945087684509, vertical(srz246186712531, down)
neg, 0.1667945087684509, vertical(srz246186712531, noop)
neg, 0.1667945087684509, vertical(srz246186712332, up)
neg, 0.1667945087684509, vertical(srz246186712332, down)
neg, 0.1667945087684509, vertical(srz24618675817, up)
neg, 0.1667945087684509, vertical(srz24618675817, down)
neg, 0.1667945087684509, vertical(srz246186713005, up)
neg, 0.1667945087684509, vertical(srz246186713005, down)
neg, 0.1667945087684509, vertical(srz24618674960, up)
neg, 0.1667945087684509, vertical(srz24618674960, down)
neg, 0.16679450876845095, vertical(srz24618674747, up)
neg, 0.16679450876845095, vertical(srz24618674747, noop)
neg, 0.16679450876845095, vertical(srz24618679552, up)
neg, 0.16679450876845095, vertical(srz24618679552, noop)
neg, 0.1667945087684509, vertical(srz246186716128, up)
neg, 0.1667945087684509, vertical(srz246186716128, down)
neg, 0.16679450876845095, vertical(srz24618676070, up)
neg, 0.16679450876845095, vertical(srz24618676070, down)
neg, 0.1667945087684509, vertical(srz24618672100, up)
neg, 0.1667945087684509, vertical(srz24618672100, down)
neg, 0.1667945087684509, vertical(srz24618677748, up)
neg, 0.1667945087684509, vertical(srz24618677748, down)
neg, 0.16679450876845095, vertical(srz24618675260, down)
neg, 0.16679450876845095, vertical(srz24618675260, noop)
neg, 0.1667945087684509, vertical(srz2461867159, up)
neg, 0.1667945087684509, vertical(srz2461867159, down)
neg, 0.16679450876845095, vertical(srz24618679541, up)
neg, 0.16679450876845095, vertical(srz24618679541, noop)
neg, 0.16679450876845095, vertical(srz246186713084, up)
neg, 0.16679450876845095, vertical(srz246186713084, down)
neg, 0.1667945087684509, vertical(srz24618678329, down)
neg, 0.1667945087684509, vertical(srz24618678329, noop)
neg, 0.1667945087684509, vertical(srz246186713013, up)
neg, 0.1667945087684509, vertical(srz246186713013, down)
neg, 0.1667945087684509, vertical(srz246186713016, down)
neg, 0.1667945087684509, vertical(srz246186713016, noop)
neg, 0.1667945087684509, vertical(srz246186715098, down)
neg, 0.1667945087684509, vertical(srz246186715098, noop)
neg, 0.1667945087684509, vertical(srz246186710833, up)
neg, 0.1667945087684509, vertical(srz246186710833, down)
neg, 0.1667945087684509, vertical(srz24618679767, up)
neg, 0.1667945087684509, vertical(srz24618679767, down)
neg, 0.1667945087684509, vertical(srz24618671500, up)
neg, 0.1667945087684509, vertical(srz24618671500, noop)
neg, 0.16679450876845095, vertical(srz246186715301, down)
neg, 0.16679450876845095, vertical(srz246186715301, noop)
neg, 0.1667945087684509, vertical(srz24618677757, up)
neg, 0.1667945087684509, vertical(srz24618677757, down)
neg, 0.16679450876845095, vertical(srz246186714702, up)
neg, 0.16679450876845095, vertical(srz246186714702, down)
neg, 0.1667945087684509, vertical(srz246186713646, down)
neg, 0.1667945087684509, vertical(srz246186713646, noop)
neg, 0.16679450876845095, vertical(srz24618676660, down)
neg, 0.16679450876845095, vertical(srz24618676660, noop)
neg, 0.1667945087684509, vertical(srz24618674936, down)
neg, 0.1667945087684509, vertical(srz24618674936, noop)
neg, 0.16679450876845095, vertical(srz2461867963, up)
neg, 0.16679450876845095, vertical(srz2461867963, down)
neg, 0.1667945087684509, vertical(srz24618678358, up)
neg, 0.1667945087684509, vertical(srz24618678358, down)
neg, 0.1667945087684509, vertical(srz24618673201, up)
neg, 0.1667945087684509, vertical(srz24618673201, down)
neg, 0.1667945087684509, vertical(srz2461867400, down)
neg, 0.1667945087684509, vertical(srz2461867400, noop)
neg, 0.1667945087684509, vertical(srz246186712064, up)
neg, 0.1667945087684509, vertical(srz246186712064, down)
neg, 0.16679450876845095, vertical(srz246186715885, down)
neg, 0.16679450876845095, vertical(srz246186715885, noop)
neg, 0.1667945087684509, vertical(srz246186716952, up)
neg, 0.1667945087684509, vertical(srz246186716952, noop)
neg, 0.1667945087684509, vertical(srz24618673957, up)
neg, 0.1667945087684509, vertical(srz24618673957, down)
neg, 0.1667945087684509, vertical(srz246186710924, up)
neg, 0.1667945087684509, vertical(srz246186710924, noop)
neg, 0.1667945087684509, vertical(srz24618673529, up)
neg, 0.1667945087684509, vertical(srz24618673529, down)
neg, 0.1667945087684509, vertical(srz24618678110, up)
neg, 0.1667945087684509, vertical(srz24618678110, noop)
neg, 0.1667945087684509, vertical(srz24618676601, up)
neg, 0.1667945087684509, vertical(srz24618676601, noop)
neg, 0.1667945087684509, vertical(srz246186715785, up)
neg, 0.1667945087684509, vertical(srz246186715785, down)
neg, 0.1667945087684509, vertical(srz246186714930, up)
neg, 0.1667945087684509, vertical(srz246186714930, down)
neg, 0.1667945087684509, vertical(srz24618671545, up)
neg, 0.1667945087684509, vertical(srz24618671545, down)
neg, 0.1667945087684509, vertical(srz24618676418, up)
neg, 0.1667945087684509, vertical(srz24618676418, noop)
neg, 0.1667945087684509, vertical(srz24618675361, up)
neg, 0.1667945087684509, vertical(srz24618675361, down)
neg, 0.16679450876845095, vertical(srz246186710391, up)
neg, 0.16679450876845095, vertical(srz246186710391, down)
neg, 0.1667945087684509, vertical(srz24618671680, up)
neg, 0.1667945087684509, vertical(srz24618671680, down)
neg, 0.1667945087684509, vertical(srz2461867459, up)
neg, 0.1667945087684509, vertical(srz2461867459, down)
neg, 0.16679450876845095, vertical(srz24618675180, up)
neg, 0.16679450876845095, vertical(srz24618675180, noop)
neg, 0.1667945087684509, vertical(srz24618674275, up)
neg, 0.1667945087684509, vertical(srz24618674275, down)
neg, 0.1667945087684509, vertical(srz246186711400, up)
neg, 0.1667945087684509, vertical(srz246186711400, down)
neg, 0.1667945087684509, vertical(srz246186713262, up)
neg, 0.1667945087684509, vertical(srz246186713262, down)
neg, 0.1667945087684509, vertical(srz246186713128, up)
neg, 0.1667945087684509, vertical(srz246186713128, down)
neg, 0.1667945087684509, vertical(srz2461867657, up)
neg, 0.1667945087684509, vertical(srz2461867657, down)
neg, 0.1667945087684509, vertical(srz246186716776, up)
neg, 0.1667945087684509, vertical(srz246186716776, down)
neg, 0.16679450876845098, vertical(srz246186711710, up)
neg, 0.16679450876845098, vertical(srz246186711710, down)
neg, 0.1667945087684509, vertical(srz24618679606, up)
neg, 0.1667945087684509, vertical(srz24618679606, down)
neg, 0.1667945087684509, vertical(srz246186715784, up)
neg, 0.1667945087684509, vertical(srz246186715784, down)
neg, 0.1667945087684509, vertical(srz246186714169, up)
neg, 0.1667945087684509, vertical(srz246186714169, noop)
neg, 0.16679450876845098, vertical(srz24618674099, up)
neg, 0.16679450876845098, vertical(srz24618674099, down)
neg, 0.1667945087684509, vertical(srz246186710875, up)
neg, 0.1667945087684509, vertical(srz246186710875, down)
neg, 0.1667945087684509, vertical(srz24618673645, up)
neg, 0.1667945087684509, vertical(srz24618673645, down)
neg, 0.16679450876845095, vertical(srz246186711541, up)
neg, 0.16679450876845095, vertical(srz246186711541, down)
neg, 0.1667945087684509, vertical(srz24618672976, up)
neg, 0.1667945087684509, vertical(srz24618672976, down)
neg, 0.1667945087684509, vertical(srz24618676226, down)
neg, 0.1667945087684509, vertical(srz24618676226, noop)
neg, 0.1667945087684509, vertical(srz24618676212, down)
neg, 0.1667945087684509, vertical(srz24618676212, noop)
neg, 0.1667945087684509, vertical(srz246186716904, down)
neg, 0.1667945087684509, vertical(srz246186716904, noop)
neg, 0.1667945087684509, vertical(srz2461867175, up)
neg, 0.1667945087684509, vertical(srz2461867175, down)
neg, 0.1667945087684509, vertical(srz24618677574, up)
neg, 0.1667945087684509, vertical(srz24618677574, noop)
neg, 0.1667945087684509, vertical(srz2461867338, up)
neg, 0.1667945087684509, vertical(srz2461867338, noop)
neg, 0.1667945087684509, vertical(srz24618678700, down)
neg, 0.1667945087684509, vertical(srz24618678700, noop)
neg, 0.1667945087684509, vertical(srz24618678668, up)
neg, 0.1667945087684509, vertical(srz24618678668, down)
neg, 0.1667945087684509, vertical(srz24618672152, up)
neg, 0.1667945087684509, vertical(srz24618672152, down)
neg, 0.1667945087684509, vertical(srz246186714869, up)
neg, 0.1667945087684509, vertical(srz246186714869, down)
neg, 0.1667945087684509, vertical(srz246186712196, up)
neg, 0.1667945087684509, vertical(srz246186712196, down)
neg, 0.1667945087684509, vertical(srz2461867403, up)
neg, 0.1667945087684509, vertical(srz2461867403, down)
neg, 0.1667945087684509, vertical(srz24618674227, up)
neg, 0.1667945087684509, vertical(srz24618674227, down)
neg, 0.1667945087684509, vertical(srz246186712207, up)
neg, 0.1667945087684509, vertical(srz246186712207, down)
neg, 0.1667945087684509, vertical(srz2461867756, up)
neg, 0.1667945087684509, vertical(srz2461867756, down)
neg, 0.1667945087684509, vertical(srz24618674157, up)
neg, 0.1667945087684509, vertical(srz24618674157, down)
neg, 0.1667945087684509, vertical(srz24618678194, up)
neg, 0.1667945087684509, vertical(srz24618678194, down)
neg, 0.16679450876845095, vertical(srz246186713064, down)
neg, 0.16679450876845095, vertical(srz246186713064, noop)
neg, 0.1667945087684509, vertical(srz24618673343, down)
neg, 0.1667945087684509, vertical(srz24618673343, noop)
neg, 0.1667945087684509, vertical(srz246186710124, down)
neg, 0.1667945087684509, vertical(srz246186710124, noop)
neg, 0.1667945087684509, vertical(srz246186716228, up)
neg, 0.1667945087684509, vertical(srz246186716228, down)
neg, 0.16679450876845095, vertical(srz246186710421, up)
neg, 0.16679450876845095, vertical(srz246186710421, down)
neg, 0.1667945087684509, vertical(srz24618678519, up)
neg, 0.1667945087684509, vertical(srz24618678519, down)
neg, 0.1667945087684509, vertical(srz246186715815, up)
neg, 0.1667945087684509, vertical(srz246186715815, noop)
neg, 0.1667945087684509, vertical(srz24618677020, up)
neg, 0.1667945087684509, vertical(srz24618677020, down)
neg, 0.1667945087684509, vertical(srz246186710713, up)
neg, 0.1667945087684509, vertical(srz246186710713, down)
neg, 0.1667945087684509, vertical(srz24618676824, up)
neg, 0.1667945087684509, vertical(srz24618676824, noop)
neg, 0.1667945087684509, vertical(srz24618673743, down)
neg, 0.1667945087684509, vertical(srz24618673743, noop)
neg, 0.1667945087684509, vertical(srz24618673693, up)
neg, 0.1667945087684509, vertical(srz24618673693, down)
neg, 0.16679450876845178, vertical(srz246186717120, up)
neg, 0.16679450876845178, vertical(srz246186717120, down)
neg, 0.1667945087684509, vertical(srz24618674982, down)
neg, 0.1667945087684509, vertical(srz24618674982, noop)
neg, 0.1667945087684509, vertical(srz24618677646, up)
neg, 0.1667945087684509, vertical(srz24618677646, noop)
neg, 0.1667945087684509, vertical(srz246186716667, up)
neg, 0.1667945087684509, vertical(srz246186716667, down)
neg, 0.1667945087684509, vertical(srz24618671813, up)
neg, 0.1667945087684509, vertical(srz24618671813, noop)
neg, 0.1667945087684509, vertical(srz246186715578, up)
neg, 0.1667945087684509, vertical(srz246186715578, down)
neg, 0.1667945087684509, vertical(srz24618673151, down)
neg, 0.1667945087684509, vertical(srz24618673151, noop)
neg, 0.1667945087684509, vertical(srz2461867216, up)
neg, 0.1667945087684509, vertical(srz2461867216, noop)
neg, 0.1667945087684509, vertical(srz246186711314, up)
neg, 0.1667945087684509, vertical(srz246186711314, down)
neg, 0.1667945087684509, vertical(srz246186712562, up)
neg, 0.1667945087684509, vertical(srz246186712562, noop)
neg, 0.1667945087684509, vertical(srz246186716032, up)
neg, 0.1667945087684509, vertical(srz246186716032, down)
neg, 0.1667945087684509, vertical(srz24618671579, down)
neg, 0.1667945087684509, vertical(srz24618671579, noop)
neg, 0.1667945087684509, vertical(srz246186716105, up)
neg, 0.1667945087684509, vertical(srz246186716105, down)
neg, 0.16679450876845098, vertical(srz24618673482, up)
neg, 0.16679450876845098, vertical(srz24618673482, noop)
neg, 0.16679450876845098, vertical(srz246186717195, up)
neg, 0.16679450876845098, vertical(srz246186717195, down)
neg, 0.1667945087684509, vertical(srz24618677364, up)
neg, 0.1667945087684509, vertical(srz24618677364, down)
neg, 0.1667945087684509, vertical(srz246186714143, up)
neg, 0.1667945087684509, vertical(srz246186714143, down)
neg, 0.1667945087684509, vertical(srz246186715595, up)
neg, 0.1667945087684509, vertical(srz246186715595, down)
neg, 0.1667945087684509, vertical(srz24618678450, up)
neg, 0.1667945087684509, vertical(srz24618678450, noop)
neg, 0.1667945087684509, vertical(srz246186716893, down)
neg, 0.1667945087684509, vertical(srz246186716893, noop)
neg, 0.1667945087684509, vertical(srz24618672734, up)
neg, 0.1667945087684509, vertical(srz24618672734, down)
neg, 0.1667945087684509, vertical(srz24618678043, up)
neg, 0.1667945087684509, vertical(srz24618678043, down)
neg, 0.1667945087684509, vertical(srz24618675447, up)
neg, 0.1667945087684509, vertical(srz24618675447, down)
neg, 0.16679450876845098, vertical(srz24618674140, up)
neg, 0.16679450876845098, vertical(srz24618674140, down)
neg, 0.1667945087684509, vertical(srz246186714389, up)
neg, 0.1667945087684509, vertical(srz246186714389, down)
neg, 0.1667945087684509, vertical(srz246186710600, up)
neg, 0.1667945087684509, vertical(srz246186710600, down)
neg, 0.1667945087684509, vertical(srz24618678196, up)
neg, 0.1667945087684509, vertical(srz24618678196, down)
neg, 0.1667945087684509, vertical(srz246186716199, up)
neg, 0.1667945087684509, vertical(srz246186716199, down)
neg, 0.1667945087684509, vertical(srz24618671887, up)
neg, 0.1667945087684509, vertical(srz24618671887, down)
neg, 0.16679450876845095, vertical(srz246186714557, up)
neg, 0.16679450876845095, vertical(srz246186714557, down)
neg, 0.1667945087684509, vertical(srz246186712147, up)
neg, 0.1667945087684509, vertical(srz246186712147, down)
neg, 0.1667945087684509, vertical(srz246186712048, up)
neg, 0.1667945087684509, vertical(srz246186712048, down)
neg, 0.1667945087684509, vertical(srz24618677565, up)
neg, 0.1667945087684509, vertical(srz24618677565, down)
neg, 0.1667945087684509, vertical(srz24618671, up)
neg, 0.1667945087684509, vertical(srz24618671, down)
neg, 0.1667945087684509, vertical(srz246186716169, up)
neg, 0.1667945087684509, vertical(srz246186716169, down)
neg, 0.1667945087684509, vertical(srz24618672234, up)
neg, 0.1667945087684509, vertical(srz24618672234, down)
neg, 0.16679450876845095, vertical(srz24618679547, up)
neg, 0.16679450876845095, vertical(srz24618679547, noop)
neg, 0.16679450876845098, vertical(srz24618672371, up)
neg, 0.16679450876845098, vertical(srz24618672371, down)
neg, 0.1667945087684509, vertical(srz24618677658, up)
neg, 0.1667945087684509, vertical(srz24618677658, noop)
neg, 0.1667945087684509, vertical(srz24618673109, up)
neg, 0.1667945087684509, vertical(srz24618673109, down)
neg, 0.16679450876845095, vertical(srz246186711573, up)
neg, 0.16679450876845095, vertical(srz246186711573, down)
neg, 0.16679450876845095, vertical(srz24618675104, down)
neg, 0.16679450876845095, vertical(srz24618675104, noop)
neg, 0.1667945087684509, vertical(srz246186714441, up)
neg, 0.1667945087684509, vertical(srz246186714441, noop)
neg, 0.1667945087684509, vertical(srz24618671412, up)
neg, 0.1667945087684509, vertical(srz24618671412, noop)
neg, 0.1667945087684509, vertical(srz246186712350, up)
neg, 0.1667945087684509, vertical(srz246186712350, down)
neg, 0.1667945087684509, vertical(srz246186715131, up)
neg, 0.1667945087684509, vertical(srz246186715131, down)
neg, 0.1667945087684509, vertical(srz24618676975, up)
neg, 0.1667945087684509, vertical(srz24618676975, down)
neg, 0.1667945087684509, vertical(srz24618674184, up)
neg, 0.1667945087684509, vertical(srz24618674184, down)
neg, 0.1667945087684509, vertical(srz246186710643, up)
neg, 0.1667945087684509, vertical(srz246186710643, down)
neg, 0.16679450876845095, vertical(srz246186714701, up)
neg, 0.16679450876845095, vertical(srz246186714701, down)
neg, 0.1667945087684509, vertical(srz246186715000, up)
neg, 0.1667945087684509, vertical(srz246186715000, noop)
neg, 0.1667945087684509, vertical(srz246186712978, down)
neg, 0.1667945087684509, vertical(srz246186712978, noop)
neg, 0.1667945087684509, vertical(srz24618673070, down)
neg, 0.1667945087684509, vertical(srz24618673070, noop)
neg, 0.1667945087684509, vertical(srz246186714064, up)
neg, 0.1667945087684509, vertical(srz246186714064, down)
neg, 0.1667945087684509, vertical(srz246186716137, up)
neg, 0.1667945087684509, vertical(srz246186716137, down)
neg, 0.1667945087684509, vertical(srz246186716649, down)
neg, 0.1667945087684509, vertical(srz246186716649, noop)
neg, 0.1667945087684509, vertical(srz24618672723, up)
neg, 0.1667945087684509, vertical(srz24618672723, down)
neg, 0.16679450876845095, vertical(srz24618676030, up)
neg, 0.16679450876845095, vertical(srz24618676030, down)
neg, 0.1667945087684509, vertical(srz246186716728, up)
neg, 0.1667945087684509, vertical(srz246186716728, down)
neg, 0.1667945087684509, vertical(srz246186712925, up)
neg, 0.1667945087684509, vertical(srz246186712925, down)
neg, 0.1667945087684509, vertical(srz24618676465, up)
neg, 0.1667945087684509, vertical(srz24618676465, down)
neg, 0.1667945087684509, vertical(srz2461867329, up)
neg, 0.1667945087684509, vertical(srz2461867329, noop)
neg, 0.1667945087684509, vertical(srz246186710915, up)
neg, 0.1667945087684509, vertical(srz246186710915, noop)
neg, 0.1667945087684509, vertical(srz246186711989, up)
neg, 0.1667945087684509, vertical(srz246186711989, noop)
neg, 0.16679450876845095, vertical(srz246186712630, down)
neg, 0.16679450876845095, vertical(srz246186712630, noop)
neg, 0.1667945087684509, vertical(srz246186716176, up)
neg, 0.1667945087684509, vertical(srz246186716176, down)
neg, 0.1667945087684509, vertical(srz246186713141, up)
neg, 0.1667945087684509, vertical(srz246186713141, down)
neg, 0.16679450876845095, vertical(srz246186715767, down)
neg, 0.16679450876845095, vertical(srz246186715767, noop)
neg, 0.16679450876845095, vertical(srz246186715764, up)
neg, 0.16679450876845095, vertical(srz246186715764, down)
neg, 0.1667945087684509, vertical(srz24618676734, down)
neg, 0.1667945087684509, vertical(srz24618676734, noop)
neg, 0.16679450876845095, vertical(srz24618679040, up)
neg, 0.16679450876845095, vertical(srz24618679040, down)
neg, 0.16679450876845095, vertical(srz2461867944, down)
neg, 0.16679450876845095, vertical(srz2461867944, noop)
neg, 0.16679450876845095, vertical(srz24618674750, up)
neg, 0.16679450876845095, vertical(srz24618674750, noop)
neg, 0.1667945087684509, vertical(srz24618676166, up)
neg, 0.1667945087684509, vertical(srz24618676166, down)
neg, 0.1667945087684509, vertical(srz24618675155, up)
neg, 0.1667945087684509, vertical(srz24618675155, noop)
neg, 0.1667945087684509, vertical(srz246186711798, up)
neg, 0.1667945087684509, vertical(srz246186711798, down)
neg, 0.1667945087684509, vertical(srz246186716170, up)
neg, 0.1667945087684509, vertical(srz246186716170, down)
neg, 0.1667945087684509, vertical(srz24618671693, up)
neg, 0.1667945087684509, vertical(srz24618671693, noop)
neg, 0.16679450876845095, vertical(srz246186714510, down)
neg, 0.16679450876845095, vertical(srz246186714510, noop)
neg, 0.1667945087684509, vertical(srz24618676568, up)
neg, 0.1667945087684509, vertical(srz24618676568, noop)
neg, 0.1667945087684509, vertical(srz24618679878, up)
neg, 0.1667945087684509, vertical(srz24618679878, noop)
neg, 0.1667945087684509, vertical(srz24618676787, up)
neg, 0.1667945087684509, vertical(srz24618676787, down)
neg, 0.16679450876845098, vertical(srz246186715247, up)
neg, 0.16679450876845098, vertical(srz246186715247, noop)
neg, 0.1667945087684509, vertical(srz24618675926, up)
neg, 0.1667945087684509, vertical(srz24618675926, down)
neg, 0.1667945087684509, vertical(srz2461867838, up)
neg, 0.1667945087684509, vertical(srz2461867838, down)
neg, 0.1667945087684509, vertical(srz246186715127, up)
neg, 0.1667945087684509, vertical(srz246186715127, down)
neg, 0.1667945087684509, vertical(srz24618679379, up)
neg, 0.1667945087684509, vertical(srz24618679379, down)
neg, 0.1667945087684509, vertical(srz246186712118, up)
neg, 0.1667945087684509, vertical(srz246186712118, noop)
neg, 0.1667945087684509, vertical(srz24618672521, up)
neg, 0.1667945087684509, vertical(srz24618672521, down)
neg, 0.1667945087684509, vertical(srz246186712690, down)
neg, 0.1667945087684509, vertical(srz246186712690, noop)
neg, 0.1667945087684509, vertical(srz246186714142, up)
neg, 0.1667945087684509, vertical(srz246186714142, down)
neg, 0.1667945087684509, vertical(srz246186713608, down)
neg, 0.1667945087684509, vertical(srz246186713608, noop)
neg, 0.1667945087684509, vertical(srz246186715226, up)
neg, 0.1667945087684509, vertical(srz246186715226, down)
neg, 0.16679450876845098, vertical(srz24618674098, up)
neg, 0.16679450876845098, vertical(srz24618674098, down)
neg, 0.1667945087684509, vertical(srz24618677498, up)
neg, 0.1667945087684509, vertical(srz24618677498, down)
neg, 0.1667945087684509, vertical(srz24618679607, up)
neg, 0.1667945087684509, vertical(srz24618679607, down)
neg, 0.1667945087684509, vertical(srz24618676345, up)
neg, 0.1667945087684509, vertical(srz24618676345, noop)
neg, 0.1667945087684509, vertical(srz24618676349, up)
neg, 0.1667945087684509, vertical(srz24618676349, noop)
neg, 0.16679450876845095, vertical(srz24618674395, up)
neg, 0.16679450876845095, vertical(srz24618674395, down)
neg, 0.1667945087684509, vertical(srz2461867336, up)
neg, 0.1667945087684509, vertical(srz2461867336, noop)
neg, 0.1667945087684509, vertical(srz2461867183, up)
neg, 0.1667945087684509, vertical(srz2461867183, down)
neg, 0.1667945087684509, vertical(srz2461867840, up)
neg, 0.1667945087684509, vertical(srz2461867840, down)
neg, 0.1667945087684509, vertical(srz24618671337, up)
neg, 0.1667945087684509, vertical(srz24618671337, down)
neg, 0.1667945087684509, vertical(srz246186713166, up)
neg, 0.1667945087684509, vertical(srz246186713166, down)
neg, 0.1667945087684509, vertical(srz24618678607, up)
neg, 0.1667945087684509, vertical(srz24618678607, down)
neg, 0.1667945087684509, vertical(srz246186715073, up)
neg, 0.1667945087684509, vertical(srz246186715073, down)
neg, 0.16679450876845095, vertical(srz246186714576, up)
neg, 0.16679450876845095, vertical(srz246186714576, down)
neg, 0.1667945087684509, vertical(srz246186713138, up)
neg, 0.1667945087684509, vertical(srz246186713138, down)
neg, 0.1667945087684509, vertical(srz246186715393, up)
neg, 0.1667945087684509, vertical(srz246186715393, down)
neg, 0.1667945087684509, vertical(srz246186712578, up)
neg, 0.1667945087684509, vertical(srz246186712578, noop)
neg, 0.1667945087684509, vertical(srz246186715021, up)
neg, 0.1667945087684509, vertical(srz246186715021, down)
neg, 0.1667945087684509, vertical(srz24618676145, up)
neg, 0.1667945087684509, vertical(srz24618676145, down)
neg, 0.1667945087684509, vertical(srz246186711196, up)
neg, 0.1667945087684509, vertical(srz246186711196, down)
neg, 0.1667945087684509, vertical(srz24618673382, down)
neg, 0.1667945087684509, vertical(srz24618673382, noop)
neg, 0.1667945087684509, vertical(srz24618671524, up)
neg, 0.1667945087684509, vertical(srz24618671524, down)
neg, 0.16679450876845095, vertical(srz246186710532, up)
neg, 0.16679450876845095, vertical(srz246186710532, down)
neg, 0.1667945087684509, vertical(srz24618671632, up)
neg, 0.1667945087684509, vertical(srz24618671632, noop)
neg, 0.1667945087684509, vertical(srz24618673104, up)
neg, 0.1667945087684509, vertical(srz24618673104, down)
neg, 0.1667945087684509, vertical(srz246186711083, up)
neg, 0.1667945087684509, vertical(srz246186711083, down)
neg, 0.1667945087684509, vertical(srz246186716818, up)
neg, 0.1667945087684509, vertical(srz246186716818, down)
neg, 0.1667945087684509, vertical(srz24618676152, up)
neg, 0.1667945087684509, vertical(srz24618676152, down)
neg, 0.1667945087684509, vertical(srz24618676314, up)
neg, 0.1667945087684509, vertical(srz24618676314, down)
neg, 0.1667945087684509, vertical(srz24618671615, down)
neg, 0.1667945087684509, vertical(srz24618671615, noop)
neg, 0.1667945087684509, vertical(srz246186715680, up)
neg, 0.1667945087684509, vertical(srz246186715680, down)
neg, 0.1667945087684509, vertical(srz24618677365, up)
neg, 0.1667945087684509, vertical(srz24618677365, down)
neg, 0.1667945087684509, vertical(srz24618671821, up)
neg, 0.1667945087684509, vertical(srz24618671821, down)
neg, 0.16679450876845095, vertical(srz246186711834, up)
neg, 0.16679450876845095, vertical(srz246186711834, down)
neg, 0.1667945087684509, vertical(srz24618673665, down)
neg, 0.1667945087684509, vertical(srz24618673665, noop)
neg, 0.16679450876845095, vertical(srz24618676668, down)
neg, 0.16679450876845095, vertical(srz24618676668, noop)
neg, 0.16679450876845095, vertical(srz24618676645, up)
neg, 0.16679450876845095, vertical(srz24618676645, down)
neg, 0.1667945087684509, vertical(srz24618677968, down)
neg, 0.1667945087684509, vertical(srz24618677968, noop)
neg, 0.16679450876845098, vertical(srz246186716971, up)
neg, 0.16679450876845098, vertical(srz246186716971, down)
neg, 0.16679450876845095, vertical(srz24618679035, up)
neg, 0.16679450876845095, vertical(srz24618679035, down)
neg, 0.16679450876845095, vertical(srz246186714612, down)
neg, 0.16679450876845095, vertical(srz246186714612, noop)
neg, 0.1667945087684509, vertical(srz24618673469, up)
neg, 0.1667945087684509, vertical(srz24618673469, noop)
neg, 0.1667945087684509, vertical(srz24618671750, up)
neg, 0.1667945087684509, vertical(srz24618671750, noop)
neg, 0.1667945087684509, vertical(srz24618676864, up)
neg, 0.1667945087684509, vertical(srz24618676864, down)
neg, 0.1667945087684509, vertical(srz2461867779, down)
neg, 0.1667945087684509, vertical(srz2461867779, noop)
neg, 0.16679450876845095, vertical(srz246186710416, up)
neg, 0.16679450876845095, vertical(srz246186710416, down)
neg, 0.1667945087684509, vertical(srz246186714068, up)
neg, 0.1667945087684509, vertical(srz246186714068, down)
neg, 0.1667945087684509, vertical(srz246186711421, up)
neg, 0.1667945087684509, vertical(srz246186711421, down)
neg, 0.16679450876845095, vertical(srz246186715852, up)
neg, 0.16679450876845095, vertical(srz246186715852, down)
neg, 0.1667945087684509, vertical(srz246186715132, up)
neg, 0.1667945087684509, vertical(srz246186715132, down)
neg, 0.1667945087684509, vertical(srz246186715184, up)
neg, 0.1667945087684509, vertical(srz246186715184, noop)
neg, 0.1667945087684509, vertical(srz2461867398, down)
neg, 0.1667945087684509, vertical(srz2461867398, noop)
neg, 0.1667945087684509, vertical(srz246186710303, up)
neg, 0.1667945087684509, vertical(srz246186710303, down)
neg, 0.1667945087684509, vertical(srz246186714976, up)
neg, 0.1667945087684509, vertical(srz246186714976, down)
neg, 0.16679450876845095, vertical(srz24618672619, down)
neg, 0.16679450876845095, vertical(srz24618672619, noop)
neg, 0.1667945087684509, vertical(srz246186715149, up)
neg, 0.1667945087684509, vertical(srz246186715149, down)
neg, 0.1667945087684509, vertical(srz24618676191, up)
neg, 0.1667945087684509, vertical(srz24618676191, down)
neg, 0.1667945087684509, vertical(srz24618677677, up)
neg, 0.1667945087684509, vertical(srz24618677677, down)
neg, 0.1667945087684509, vertical(srz24618673470, up)
neg, 0.1667945087684509, vertical(srz24618673470, noop)
neg, 0.16679450876845095, vertical(srz246186713104, up)
neg, 0.16679450876845095, vertical(srz246186713104, down)
neg, 0.1667945087684509, vertical(srz246186711079, up)
neg, 0.1667945087684509, vertical(srz246186711079, down)
neg, 0.1667945087684509, vertical(srz246186712851, up)
neg, 0.1667945087684509, vertical(srz246186712851, down)
neg, 0.16679450876845095, vertical(srz24618679521, up)
neg, 0.16679450876845095, vertical(srz24618679521, down)
neg, 0.1667945087684509, vertical(srz24618676467, up)
neg, 0.1667945087684509, vertical(srz24618676467, down)
neg, 0.1667945087684509, vertical(srz24618673865, up)
neg, 0.1667945087684509, vertical(srz24618673865, down)
neg, 0.1667945087684509, vertical(srz24618675054, down)
neg, 0.1667945087684509, vertical(srz24618675054, noop)
neg, 0.16679450876845098, vertical(srz24618675631, down)
neg, 0.16679450876845098, vertical(srz24618675631, noop)
neg, 0.1667945087684509, vertical(srz24618676850, up)
neg, 0.1667945087684509, vertical(srz24618676850, noop)
neg, 0.1667945087684509, vertical(srz24618678394, down)
neg, 0.1667945087684509, vertical(srz24618678394, noop)
neg, 0.1667945087684509, vertical(srz246186715334, up)
neg, 0.1667945087684509, vertical(srz246186715334, down)
neg, 0.1667945087684509, vertical(srz24618678867, up)
neg, 0.1667945087684509, vertical(srz24618678867, down)
neg, 0.1667945087684509, vertical(srz24618672076, up)
neg, 0.1667945087684509, vertical(srz24618672076, down)
neg, 0.1667945087684509, vertical(srz246186716801, down)
neg, 0.1667945087684509, vertical(srz246186716801, noop)
neg, 0.1667945087684509, vertical(srz24618678665, up)
neg, 0.1667945087684509, vertical(srz24618678665, down)
neg, 0.16679450876845095, vertical(srz246186711564, up)
neg, 0.16679450876845095, vertical(srz246186711564, down)
neg, 0.16679450876845095, vertical(srz246186711869, up)
neg, 0.16679450876845095, vertical(srz246186711869, down)
neg, 0.1667945087684509, vertical(srz24618677010, up)
neg, 0.1667945087684509, vertical(srz24618677010, down)
neg, 0.16679450876845095, vertical(srz246186713372, up)
neg, 0.16679450876845095, vertical(srz246186713372, down)
neg, 0.16679450876845095, vertical(srz246186710399, up)
neg, 0.16679450876845095, vertical(srz246186710399, down)
neg, 0.1667945087684509, vertical(srz246186711291, down)
neg, 0.1667945087684509, vertical(srz246186711291, noop)
neg, 0.1667945087684509, vertical(srz24618678339, up)
neg, 0.1667945087684509, vertical(srz24618678339, down)
neg, 0.1667945087684509, vertical(srz246186715060, up)
neg, 0.1667945087684509, vertical(srz246186715060, down)
neg, 0.16679450876845095, vertical(srz246186710398, up)
neg, 0.16679450876845095, vertical(srz246186710398, down)
neg, 0.1667945087684509, vertical(srz24618677844, up)
neg, 0.1667945087684509, vertical(srz24618677844, noop)
neg, 0.1667945087684509, vertical(srz24618672858, up)
neg, 0.1667945087684509, vertical(srz24618672858, down)
neg, 0.1667945087684509, vertical(srz246186710636, up)
neg, 0.1667945087684509, vertical(srz246186710636, down)
neg, 0.1667945087684509, vertical(srz246186713443, up)
neg, 0.1667945087684509, vertical(srz246186713443, noop)
neg, 0.1667945087684509, vertical(srz24618677908, up)
neg, 0.1667945087684509, vertical(srz24618677908, noop)
neg, 0.1667945087684509, vertical(srz246186713450, up)
neg, 0.1667945087684509, vertical(srz246186713450, down)
neg, 0.1667945087684509, vertical(srz24618671449, up)
neg, 0.1667945087684509, vertical(srz24618671449, down)
neg, 0.16679450876845095, vertical(srz24618679924, up)
neg, 0.16679450876845095, vertical(srz24618679924, noop)
neg, 0.1667945087684509, vertical(srz246186716214, up)
neg, 0.1667945087684509, vertical(srz246186716214, down)
neg, 0.1667945087684509, vertical(srz24618673147, down)
neg, 0.1667945087684509, vertical(srz24618673147, noop)
neg, 0.1667945087684509, vertical(srz246186715582, up)
neg, 0.1667945087684509, vertical(srz246186715582, noop)
neg, 0.1667945087684509, vertical(srz24618674460, up)
neg, 0.1667945087684509, vertical(srz24618674460, noop)
neg, 0.1667945087684509, vertical(srz24618678836, up)
neg, 0.1667945087684509, vertical(srz24618678836, down)
neg, 0.1667945087684509, vertical(srz24618672310, down)
neg, 0.1667945087684509, vertical(srz24618672310, noop)
neg, 0.1667945087684509, vertical(srz246186715380, up)
neg, 0.1667945087684509, vertical(srz246186715380, down)
neg, 0.1667945087684509, vertical(srz24618677975, down)
neg, 0.1667945087684509, vertical(srz24618677975, noop)
neg, 0.16679450876845095, vertical(srz246186715300, down)
neg, 0.16679450876845095, vertical(srz246186715300, noop)
neg, 0.1667945087684509, vertical(srz24618677789, down)
neg, 0.1667945087684509, vertical(srz24618677789, noop)
neg, 0.1667945087684509, vertical(srz24618676745, down)
neg, 0.1667945087684509, vertical(srz24618676745, noop)
neg, 0.1667945087684509, vertical(srz24618673071, down)
neg, 0.1667945087684509, vertical(srz24618673071, noop)
neg, 0.16679450876845095, vertical(srz24618671038, up)
neg, 0.16679450876845095, vertical(srz24618671038, down)
neg, 0.1667945087684509, vertical(srz24618679620, up)
neg, 0.1667945087684509, vertical(srz24618679620, down)
neg, 0.16679450876845095, vertical(srz24618676045, up)
neg, 0.16679450876845095, vertical(srz24618676045, down)
neg, 0.1667945087684509, vertical(srz2461867278, up)
neg, 0.1667945087684509, vertical(srz2461867278, down)
neg, 0.1667945087684509, vertical(srz246186716678, up)
neg, 0.1667945087684509, vertical(srz246186716678, down)
neg, 0.1667945087684509, vertical(srz24618677363, up)
neg, 0.1667945087684509, vertical(srz24618677363, down)
neg, 0.1667945087684509, vertical(srz246186711466, up)
neg, 0.1667945087684509, vertical(srz246186711466, noop)
neg, 0.16679450876845095, vertical(srz246186711935, up)
neg, 0.16679450876845095, vertical(srz246186711935, down)
neg, 0.1667945087684509, vertical(srz24618676972, up)
neg, 0.1667945087684509, vertical(srz24618676972, down)
neg, 0.1667945087684509, vertical(srz24618676567, up)
neg, 0.1667945087684509, vertical(srz24618676567, noop)
neg, 0.1667945087684509, vertical(srz24618671443, up)
neg, 0.1667945087684509, vertical(srz24618671443, down)
neg, 0.1667945087684509, vertical(srz246186714784, up)
neg, 0.1667945087684509, vertical(srz246186714784, down)
neg, 0.1667945087684509, vertical(srz246186715469, up)
neg, 0.1667945087684509, vertical(srz246186715469, noop)
neg, 0.1667945087684509, vertical(srz24618674510, up)
neg, 0.1667945087684509, vertical(srz24618674510, down)
neg, 0.1667945087684509, vertical(srz24618675214, up)
neg, 0.1667945087684509, vertical(srz24618675214, noop)
neg, 0.1667945087684509, vertical(srz246186721, up)
neg, 0.1667945087684509, vertical(srz246186721, down)
neg, 0.1667945087684509, vertical(srz246186714035, up)
neg, 0.1667945087684509, vertical(srz246186714035, down)
neg, 0.1667945087684509, vertical(srz246186710620, up)
neg, 0.1667945087684509, vertical(srz246186710620, down)
neg, 0.1667945087684509, vertical(srz24618678044, up)
neg, 0.1667945087684509, vertical(srz24618678044, down)
neg, 0.1667945087684509, vertical(srz24618675351, up)
neg, 0.1667945087684509, vertical(srz24618675351, down)
neg, 0.1667945087684509, vertical(srz24618679592, up)
neg, 0.1667945087684509, vertical(srz24618679592, down)
neg, 0.16679450876845095, vertical(srz24618675108, down)
neg, 0.16679450876845095, vertical(srz24618675108, noop)
neg, 0.1667945087684509, vertical(srz24618673879, down)
neg, 0.1667945087684509, vertical(srz24618673879, noop)
neg, 0.1667945087684509, vertical(srz246186714354, down)
neg, 0.1667945087684509, vertical(srz246186714354, noop)
neg, 0.1667945087684509, vertical(srz24618678254, up)
neg, 0.1667945087684509, vertical(srz24618678254, noop)
neg, 0.1667945087684509, vertical(srz246186715690, up)
neg, 0.1667945087684509, vertical(srz246186715690, down)
neg, 0.1667945087684509, vertical(srz246186715827, up)
neg, 0.1667945087684509, vertical(srz246186715827, noop)
neg, 0.1667945087684509, vertical(srz246186715561, up)
neg, 0.1667945087684509, vertical(srz246186715561, noop)
neg, 0.1667945087684509, vertical(srz24618673740, down)
neg, 0.1667945087684509, vertical(srz24618673740, noop)
neg, 0.16679450876845178, vertical(srz246186717091, down)
neg, 0.16679450876845178, vertical(srz246186717091, noop)
neg, 0.1667945087684509, vertical(srz24618677177, up)
neg, 0.1667945087684509, vertical(srz24618677177, down)
neg, 0.1667945087684509, vertical(srz24618678469, up)
neg, 0.1667945087684509, vertical(srz24618678469, noop)
neg, 0.1667945087684509, vertical(srz246186712754, up)
neg, 0.1667945087684509, vertical(srz246186712754, noop)
neg, 0.1667945087684509, vertical(srz24618679959, down)
neg, 0.1667945087684509, vertical(srz24618679959, noop)
neg, 0.1667945087684509, vertical(srz24618679690, down)
neg, 0.1667945087684509, vertical(srz24618679690, noop)
neg, 0.1667945087684509, vertical(srz246186711785, up)
neg, 0.1667945087684509, vertical(srz246186711785, down)
neg, 0.1667945087684509, vertical(srz24618676198, up)
neg, 0.1667945087684509, vertical(srz24618676198, down)
neg, 0.16679450876845098, vertical(srz24618672365, up)
neg, 0.16679450876845098, vertical(srz24618672365, down)
neg, 0.1667945087684509, vertical(srz24618673666, down)
neg, 0.1667945087684509, vertical(srz24618673666, noop)
neg, 0.1667945087684509, vertical(srz24618673042, up)
neg, 0.1667945087684509, vertical(srz24618673042, down)
neg, 0.1667945087684509, vertical(srz24618679777, up)
neg, 0.1667945087684509, vertical(srz24618679777, down)
neg, 0.16679450876845095, vertical(srz24618675625, down)
neg, 0.16679450876845095, vertical(srz24618675625, noop)
neg, 0.16679450876845095, vertical(srz24618679065, up)
neg, 0.16679450876845095, vertical(srz24618679065, down)
neg, 0.1667945087684509, vertical(srz24618673234, up)
neg, 0.1667945087684509, vertical(srz24618673234, down)
neg, 0.1667945087684509, vertical(srz246186716750, up)
neg, 0.1667945087684509, vertical(srz246186716750, noop)
neg, 0.1667945087684509, vertical(srz24618677782, up)
neg, 0.1667945087684509, vertical(srz24618677782, down)
neg, 0.1667945087684509, vertical(srz24618676891, down)
neg, 0.1667945087684509, vertical(srz24618676891, noop)
neg, 0.1667945087684509, vertical(srz24618678127, up)
neg, 0.1667945087684509, vertical(srz24618678127, noop)
neg, 0.16679450876845095, vertical(srz246186711570, up)
neg, 0.16679450876845095, vertical(srz246186711570, down)
neg, 0.1667945087684509, vertical(srz24618676123, up)
neg, 0.1667945087684509, vertical(srz24618676123, noop)
neg, 0.1667945087684509, vertical(srz24618675498, up)
neg, 0.1667945087684509, vertical(srz24618675498, down)
neg, 0.1667945087684509, vertical(srz24618673255, up)
neg, 0.1667945087684509, vertical(srz24618673255, down)
neg, 0.1667945087684509, vertical(srz246186710798, up)
neg, 0.1667945087684509, vertical(srz246186710798, down)
neg, 0.1667945087684509, vertical(srz24618671929, down)
neg, 0.1667945087684509, vertical(srz24618671929, noop)
neg, 0.1667945087684509, vertical(srz246186715122, up)
neg, 0.1667945087684509, vertical(srz246186715122, down)
neg, 0.1667945087684509, vertical(srz24618671233, up)
neg, 0.1667945087684509, vertical(srz24618671233, down)
neg, 0.16679450876845095, vertical(srz246186711607, down)
neg, 0.16679450876845095, vertical(srz246186711607, noop)
neg, 0.1667945087684509, vertical(srz246186712303, up)
neg, 0.1667945087684509, vertical(srz246186712303, down)
neg, 0.16679450876845098, vertical(srz246186711120, down)
neg, 0.16679450876845098, vertical(srz246186711120, noop)
neg, 0.1667945087684509, vertical(srz246186710912, up)
neg, 0.1667945087684509, vertical(srz246186710912, noop)
neg, 0.1667945087684509, vertical(srz24618677035, up)
neg, 0.1667945087684509, vertical(srz24618677035, down)
neg, 0.16679450876845095, vertical(srz24618676725, up)
neg, 0.16679450876845095, vertical(srz24618676725, down)
neg, 0.1667945087684509, vertical(srz24618674924, down)
neg, 0.1667945087684509, vertical(srz24618674924, noop)
neg, 0.16679450876845095, vertical(srz24618675114, down)
neg, 0.16679450876845095, vertical(srz24618675114, noop)
neg, 0.1667945087684509, vertical(srz24618671972, up)
neg, 0.1667945087684509, vertical(srz24618671972, noop)
neg, 0.1667945087684509, vertical(srz24618672246, up)
neg, 0.1667945087684509, vertical(srz24618672246, down)
neg, 0.1667945087684509, vertical(srz24618671977, up)
neg, 0.1667945087684509, vertical(srz24618671977, down)
neg, 0.1667945087684509, vertical(srz24618679344, up)
neg, 0.1667945087684509, vertical(srz24618679344, down)
neg, 0.1667945087684509, vertical(srz246186710030, up)
neg, 0.1667945087684509, vertical(srz246186710030, noop)
neg, 0.1667945087684509, vertical(srz24618671758, up)
neg, 0.1667945087684509, vertical(srz24618671758, noop)
neg, 0.1667945087684509, vertical(srz24618671975, up)
neg, 0.1667945087684509, vertical(srz24618671975, noop)
neg, 0.1667945087684509, vertical(srz246186715461, up)
neg, 0.1667945087684509, vertical(srz246186715461, noop)
neg, 0.1667945087684509, vertical(srz24618671619, down)
neg, 0.1667945087684509, vertical(srz24618671619, noop)
neg, 0.1667945087684509, vertical(srz2461867461, up)
neg, 0.1667945087684509, vertical(srz2461867461, down)
neg, 0.1667945087684509, vertical(srz246186710211, up)
neg, 0.1667945087684509, vertical(srz246186710211, down)
neg, 0.1667945087684509, vertical(srz24618677152, up)
neg, 0.1667945087684509, vertical(srz24618677152, down)
neg, 0.1667945087684509, vertical(srz246186715677, up)
neg, 0.1667945087684509, vertical(srz246186715677, down)
neg, 0.16679450876845098, vertical(srz24618677958, up)
neg, 0.16679450876845098, vertical(srz24618677958, down)
neg, 0.1667945087684509, vertical(srz246186710232, up)
neg, 0.1667945087684509, vertical(srz246186710232, down)
neg, 0.16679450876845095, vertical(srz24618677604, up)
neg, 0.16679450876845095, vertical(srz24618677604, down)
neg, 0.1667945087684509, vertical(srz246186764, up)
neg, 0.1667945087684509, vertical(srz246186764, down)
neg, 0.16679450876845095, vertical(srz246186716268, up)
neg, 0.16679450876845095, vertical(srz246186716268, down)
neg, 0.1667945087684509, vertical(srz246186712398, up)
neg, 0.1667945087684509, vertical(srz246186712398, noop)
neg, 0.16679450876845095, vertical(srz24618679072, up)
neg, 0.16679450876845095, vertical(srz24618679072, down)
neg, 0.1667945087684509, vertical(srz24618674042, down)
neg, 0.1667945087684509, vertical(srz24618674042, noop)
neg, 0.1667945087684509, vertical(srz246186711995, up)
neg, 0.1667945087684509, vertical(srz246186711995, noop)
neg, 0.1667945087684509, vertical(srz24618679626, up)
neg, 0.1667945087684509, vertical(srz24618679626, down)
neg, 0.16679450876845095, vertical(srz24618676718, up)
neg, 0.16679450876845095, vertical(srz24618676718, down)
neg, 0.1667945087684509, vertical(srz246186715343, up)
neg, 0.1667945087684509, vertical(srz246186715343, down)
neg, 0.1667945087684509, vertical(srz246186713899, up)
neg, 0.1667945087684509, vertical(srz246186713899, noop)
neg, 0.1667945087684509, vertical(srz24618677080, up)
neg, 0.1667945087684509, vertical(srz24618677080, down)
neg, 0.1667945087684509, vertical(srz24618672039, up)
neg, 0.1667945087684509, vertical(srz24618672039, down)
neg, 0.1667945087684509, vertical(srz24618674003, up)
neg, 0.1667945087684509, vertical(srz24618674003, down)
neg, 0.1667945087684509, vertical(srz246186712960, up)
neg, 0.1667945087684509, vertical(srz246186712960, down)
neg, 0.1667945087684509, vertical(srz246186713622, down)
neg, 0.1667945087684509, vertical(srz246186713622, noop)
neg, 0.1667945087684509, vertical(srz24618671470, up)
neg, 0.1667945087684509, vertical(srz24618671470, down)
neg, 0.16679450876845098, vertical(srz246186711677, up)
neg, 0.16679450876845098, vertical(srz246186711677, down)
neg, 0.16679450876845095, vertical(srz246186714796, up)
neg, 0.16679450876845095, vertical(srz246186714796, down)
neg, 0.1667945087684509, vertical(srz246186710259, up)
neg, 0.1667945087684509, vertical(srz246186710259, down)
neg, 0.1667945087684509, vertical(srz24618676394, up)
neg, 0.1667945087684509, vertical(srz24618676394, noop)
neg, 0.1667945087684509, vertical(srz246186716046, up)
neg, 0.1667945087684509, vertical(srz246186716046, down)
neg, 0.1667945087684509, vertical(srz24618671835, up)
neg, 0.1667945087684509, vertical(srz24618671835, noop)
neg, 0.1667945087684509, vertical(srz246186716824, up)
neg, 0.1667945087684509, vertical(srz246186716824, down)
neg, 0.1667945087684509, vertical(srz246186710815, up)
neg, 0.1667945087684509, vertical(srz246186710815, noop)
neg, 0.1667945087684509, vertical(srz246186762, up)
neg, 0.1667945087684509, vertical(srz246186762, down)
neg, 0.1667945087684509, vertical(srz24618675938, up)
neg, 0.1667945087684509, vertical(srz24618675938, down)
neg, 0.1667945087684509, vertical(srz246186712106, up)
neg, 0.1667945087684509, vertical(srz246186712106, down)
neg, 0.16679450876845098, vertical(srz246186716424, up)
neg, 0.16679450876845098, vertical(srz246186716424, down)
neg, 0.1667945087684509, vertical(srz246186713227, up)
neg, 0.1667945087684509, vertical(srz246186713227, down)
neg, 0.16679450876845098, vertical(srz246186716525, up)
neg, 0.16679450876845098, vertical(srz246186716525, down)
neg, 0.1667945087684509, vertical(srz246186714747, up)
neg, 0.1667945087684509, vertical(srz246186714747, down)
neg, 0.1667945087684509, vertical(srz246186711754, up)
neg, 0.1667945087684509, vertical(srz246186711754, down)
neg, 0.16679450876845095, vertical(srz24618676015, up)
neg, 0.16679450876845095, vertical(srz24618676015, down)
neg, 0.1667945087684509, vertical(srz24618674934, down)
neg, 0.1667945087684509, vertical(srz24618674934, noop)
neg, 0.1667945087684509, vertical(srz24618678512, down)
neg, 0.1667945087684509, vertical(srz24618678512, noop)
neg, 0.16679450876845095, vertical(srz246186712413, down)
neg, 0.16679450876845095, vertical(srz246186712413, noop)
neg, 0.1667945087684509, vertical(srz246186712540, up)
neg, 0.1667945087684509, vertical(srz246186712540, down)
neg, 0.16679450876845095, vertical(srz24618672768, up)
neg, 0.16679450876845095, vertical(srz24618672768, down)
neg, 0.1667945087684509, vertical(srz2461867639, up)
neg, 0.1667945087684509, vertical(srz2461867639, noop)
neg, 0.1667945087684509, vertical(srz24618678922, up)
neg, 0.1667945087684509, vertical(srz24618678922, noop)
neg, 0.1667945087684509, vertical(srz24618671941, down)
neg, 0.1667945087684509, vertical(srz24618671941, noop)
neg, 0.1667945087684509, vertical(srz246186712222, up)
neg, 0.1667945087684509, vertical(srz246186712222, down)
neg, 0.16679450876845098, vertical(srz24618675618, down)
neg, 0.16679450876845098, vertical(srz24618675618, noop)
neg, 0.1667945087684509, vertical(srz24618674891, up)
neg, 0.1667945087684509, vertical(srz24618674891, down)
neg, 0.1667945087684509, vertical(srz246186714570, up)
neg, 0.1667945087684509, vertical(srz246186714570, down)
neg, 0.1667945087684509, vertical(srz24618678353, up)
neg, 0.1667945087684509, vertical(srz24618678353, down)
neg, 0.1667945087684509, vertical(srz24618679651, up)
neg, 0.1667945087684509, vertical(srz24618679651, down)
neg, 0.16679450876845095, vertical(srz246186711903, up)
neg, 0.16679450876845095, vertical(srz246186711903, down)
neg, 0.1667945087684509, vertical(srz24618674455, up)
neg, 0.1667945087684509, vertical(srz24618674455, noop)
neg, 0.1667945087684509, vertical(srz246186716165, up)
neg, 0.1667945087684509, vertical(srz246186716165, down)
neg, 0.1667945087684509, vertical(srz24618673194, down)
neg, 0.1667945087684509, vertical(srz24618673194, noop)
neg, 0.16679450876845095, vertical(srz246186715996, up)
neg, 0.16679450876845095, vertical(srz246186715996, down)
neg, 0.1667945087684509, vertical(srz24618678824, up)
neg, 0.1667945087684509, vertical(srz24618678824, down)
neg, 0.1667945087684509, vertical(srz24618679949, down)
neg, 0.1667945087684509, vertical(srz24618679949, noop)
neg, 0.1667945087684509, vertical(srz246186715810, up)
neg, 0.1667945087684509, vertical(srz246186715810, noop)
neg, 0.16679450876845095, vertical(srz246186711836, up)
neg, 0.16679450876845095, vertical(srz246186711836, down)
neg, 0.1667945087684509, vertical(srz24618673329, up)
neg, 0.1667945087684509, vertical(srz24618673329, down)
neg, 0.1667945087684509, vertical(srz24618672448, down)
neg, 0.1667945087684509, vertical(srz24618672448, noop)
neg, 0.16679450876845095, vertical(srz246186710494, down)
neg, 0.16679450876845095, vertical(srz246186710494, noop)
neg, 0.16679450876845095, vertical(srz246186714651, down)
neg, 0.16679450876845095, vertical(srz246186714651, noop)
neg, 0.1667945087684509, vertical(srz246186710359, down)
neg, 0.1667945087684509, vertical(srz246186710359, noop)
neg, 0.1667945087684509, vertical(srz246186712026, up)
neg, 0.1667945087684509, vertical(srz246186712026, down)
neg, 0.1667945087684509, vertical(srz246186715716, up)
neg, 0.1667945087684509, vertical(srz246186715716, down)
neg, 0.1667945087684509, vertical(srz246186711110, up)
neg, 0.1667945087684509, vertical(srz246186711110, down)
neg, 0.1667945087684509, vertical(srz246186712130, up)
neg, 0.1667945087684509, vertical(srz246186712130, noop)
neg, 0.1667945087684509, vertical(srz24618677017, up)
neg, 0.1667945087684509, vertical(srz24618677017, down)
neg, 0.16679450876845095, vertical(srz24618675283, down)
neg, 0.16679450876845095, vertical(srz24618675283, noop)
neg, 0.1667945087684509, vertical(srz24618678020, up)
neg, 0.1667945087684509, vertical(srz24618678020, down)
neg, 0.16679450876845095, vertical(srz2461867411, up)
neg, 0.16679450876845095, vertical(srz2461867411, noop)
neg, 0.1667945087684509, vertical(srz24618676170, up)
neg, 0.1667945087684509, vertical(srz24618676170, down)
neg, 0.1667945087684509, vertical(srz24618679594, up)
neg, 0.1667945087684509, vertical(srz24618679594, down)
neg, 0.1667945087684509, vertical(srz24618678595, up)
neg, 0.1667945087684509, vertical(srz24618678595, down)
neg, 0.16679450876845095, vertical(srz24618674729, up)
neg, 0.16679450876845095, vertical(srz24618674729, noop)
neg, 0.1667945087684509, vertical(srz24618671640, up)
neg, 0.1667945087684509, vertical(srz24618671640, noop)
neg, 0.1667945087684509, vertical(srz24618671612, down)
neg, 0.1667945087684509, vertical(srz24618671612, noop)
neg, 0.1667945087684509, vertical(srz246186711013, down)
neg, 0.1667945087684509, vertical(srz246186711013, noop)
neg, 0.1667945087684509, vertical(srz24618674958, up)
neg, 0.1667945087684509, vertical(srz24618674958, down)
neg, 0.1667945087684509, vertical(srz2461867172, up)
neg, 0.1667945087684509, vertical(srz2461867172, down)
neg, 0.1667945087684509, vertical(srz24618678730, up)
neg, 0.1667945087684509, vertical(srz24618678730, down)
neg, 0.1667945087684509, vertical(srz24618672926, up)
neg, 0.1667945087684509, vertical(srz24618672926, down)
neg, 0.1667945087684509, vertical(srz24618673252, up)
neg, 0.1667945087684509, vertical(srz24618673252, down)
neg, 0.1667945087684509, vertical(srz24618674503, up)
neg, 0.1667945087684509, vertical(srz24618674503, noop)
neg, 0.1667945087684509, vertical(srz246186713486, down)
neg, 0.1667945087684509, vertical(srz246186713486, noop)
neg, 0.1667945087684509, vertical(srz24618673962, up)
neg, 0.1667945087684509, vertical(srz24618673962, down)
neg, 0.1667945087684509, vertical(srz246186710257, up)
neg, 0.1667945087684509, vertical(srz246186710257, down)
neg, 0.1667945087684509, vertical(srz24618679265, up)
neg, 0.1667945087684509, vertical(srz24618679265, down)
neg, 0.16679450876845095, vertical(srz246186710520, up)
neg, 0.16679450876845095, vertical(srz246186710520, down)
neg, 0.1667945087684509, vertical(srz246186716689, up)
neg, 0.1667945087684509, vertical(srz246186716689, noop)
neg, 0.1667945087684509, vertical(srz24618671401, up)
neg, 0.1667945087684509, vertical(srz24618671401, noop)
neg, 0.1667945087684509, vertical(srz246186716731, up)
neg, 0.1667945087684509, vertical(srz246186716731, down)
neg, 0.16679450876845098, vertical(srz24618677947, up)
neg, 0.16679450876845098, vertical(srz24618677947, down)
neg, 0.1667945087684509, vertical(srz2461867689, up)
neg, 0.1667945087684509, vertical(srz2461867689, noop)
neg, 0.1667945087684509, vertical(srz24618678229, up)
neg, 0.1667945087684509, vertical(srz24618678229, down)
neg, 0.1667945087684509, vertical(srz24618674672, down)
neg, 0.1667945087684509, vertical(srz24618674672, noop)
neg, 0.1667945087684509, vertical(srz24618678219, down)
neg, 0.1667945087684509, vertical(srz24618678219, noop)
neg, 0.1667945087684509, vertical(srz246186716645, down)
neg, 0.1667945087684509, vertical(srz246186716645, noop)
neg, 0.1667945087684509, vertical(srz246186711220, up)
neg, 0.1667945087684509, vertical(srz246186711220, down)
neg, 0.1667945087684509, vertical(srz246186712340, up)
neg, 0.1667945087684509, vertical(srz246186712340, down)
neg, 0.1667945087684509, vertical(srz24618677566, up)
neg, 0.1667945087684509, vertical(srz24618677566, down)
neg, 0.1667945087684509, vertical(srz246186712155, down)
neg, 0.1667945087684509, vertical(srz246186712155, noop)
neg, 0.1667945087684509, vertical(srz24618676929, down)
neg, 0.1667945087684509, vertical(srz24618676929, noop)
neg, 0.16679450876845095, vertical(srz246186711856, up)
neg, 0.16679450876845095, vertical(srz246186711856, down)
neg, 0.1667945087684509, vertical(srz24618676230, down)
neg, 0.1667945087684509, vertical(srz24618676230, noop)
neg, 0.1667945087684509, vertical(srz2461867809, up)
neg, 0.1667945087684509, vertical(srz2461867809, down)
neg, 0.16679450876845095, vertical(srz246186713062, down)
neg, 0.16679450876845095, vertical(srz246186713062, noop)
neg, 0.1667945087684509, vertical(srz2461867754, up)
neg, 0.1667945087684509, vertical(srz2461867754, down)
neg, 0.1667945087684509, vertical(srz246186710684, up)
neg, 0.1667945087684509, vertical(srz246186710684, down)
neg, 0.16679450876845095, vertical(srz24618679559, up)
neg, 0.16679450876845095, vertical(srz24618679559, down)
neg, 0.16679450876845095, vertical(srz246186715777, down)
neg, 0.16679450876845095, vertical(srz246186715777, noop)
neg, 0.1667945087684509, vertical(srz24618672227, up)
neg, 0.1667945087684509, vertical(srz24618672227, down)
neg, 0.1667945087684509, vertical(srz246186717021, up)
neg, 0.1667945087684509, vertical(srz246186717021, noop)
neg, 0.1667945087684509, vertical(srz246186716231, up)
neg, 0.1667945087684509, vertical(srz246186716231, noop)
neg, 0.16679450876845095, vertical(srz246186713393, up)
neg, 0.16679450876845095, vertical(srz246186713393, noop)
neg, 0.1667945087684509, vertical(srz2461867596, up)
neg, 0.1667945087684509, vertical(srz2461867596, down)
neg, 0.1667945087684509, vertical(srz2461867316, up)
neg, 0.1667945087684509, vertical(srz2461867316, noop)
neg, 0.16679450876845098, vertical(srz24618674113, up)
neg, 0.16679450876845098, vertical(srz24618674113, down)
neg, 0.1667945087684509, vertical(srz246186714374, up)
neg, 0.1667945087684509, vertical(srz246186714374, down)
neg, 0.1667945087684509, vertical(srz24618671507, up)
neg, 0.1667945087684509, vertical(srz24618671507, noop)
neg, 0.1667945087684509, vertical(srz246186715583, up)
neg, 0.1667945087684509, vertical(srz246186715583, noop)
neg, 0.1667945087684509, vertical(srz24618678236, up)
neg, 0.1667945087684509, vertical(srz24618678236, down)
neg, 0.1667945087684509, vertical(srz24618674833, up)
neg, 0.1667945087684509, vertical(srz24618674833, noop)
neg, 0.1667945087684509, vertical(srz24618675822, up)
neg, 0.1667945087684509, vertical(srz24618675822, down)
neg, 0.1667945087684509, vertical(srz24618677915, up)
neg, 0.1667945087684509, vertical(srz24618677915, down)
neg, 0.1667945087684509, vertical(srz24618677015, up)
neg, 0.1667945087684509, vertical(srz24618677015, down)
neg, 0.1667945087684509, vertical(srz24618673039, up)
neg, 0.1667945087684509, vertical(srz24618673039, down)
neg, 0.1667945087684509, vertical(srz24618675958, up)
neg, 0.1667945087684509, vertical(srz24618675958, down)
neg, 0.1667945087684509, vertical(srz24618672545, up)
neg, 0.1667945087684509, vertical(srz24618672545, down)
neg, 0.16679450876845095, vertical(srz2461867972, up)
neg, 0.16679450876845095, vertical(srz2461867972, down)
neg, 0.16679450876845095, vertical(srz246186711571, up)
neg, 0.16679450876845095, vertical(srz246186711571, down)
neg, 0.1667945087684509, vertical(srz24618678351, up)
neg, 0.1667945087684509, vertical(srz24618678351, down)
neg, 0.16679450876845095, vertical(srz24618674415, up)
neg, 0.16679450876845095, vertical(srz24618674415, down)
neg, 0.1667945087684509, vertical(srz24618677977, up)
neg, 0.1667945087684509, vertical(srz24618677977, down)
neg, 0.1667945087684509, vertical(srz246186710918, up)
neg, 0.1667945087684509, vertical(srz246186710918, noop)
neg, 0.1667945087684509, vertical(srz246186710334, down)
neg, 0.1667945087684509, vertical(srz246186710334, noop)
neg, 0.16679450876845095, vertical(srz24618677332, up)
neg, 0.16679450876845095, vertical(srz24618677332, down)
neg, 0.1667945087684509, vertical(srz24618679755, up)
neg, 0.1667945087684509, vertical(srz24618679755, down)
neg, 0.16679450876845145, vertical(srz24618677288, down)
neg, 0.16679450876845145, vertical(srz24618677288, noop)
neg, 0.1667945087684509, vertical(srz24618676919, down)
neg, 0.1667945087684509, vertical(srz24618676919, noop)
neg, 0.1667945087684509, vertical(srz24618671725, up)
neg, 0.1667945087684509, vertical(srz24618671725, noop)
neg, 0.1667945087684509, vertical(srz24618674680, down)
neg, 0.1667945087684509, vertical(srz24618674680, noop)
neg, 0.1667945087684509, vertical(srz24618678924, up)
neg, 0.1667945087684509, vertical(srz24618678924, noop)
neg, 0.1667945087684509, vertical(srz246186714069, up)
neg, 0.1667945087684509, vertical(srz246186714069, down)
neg, 0.1667945087684509, vertical(srz24618676253, up)
neg, 0.1667945087684509, vertical(srz24618676253, down)
neg, 0.16679450876845095, vertical(srz24618678642, down)
neg, 0.16679450876845095, vertical(srz24618678642, noop)
neg, 0.1667945087684509, vertical(srz24618673719, down)
neg, 0.1667945087684509, vertical(srz24618673719, noop)
neg, 0.1667945087684509, vertical(srz2461867584, up)
neg, 0.1667945087684509, vertical(srz2461867584, down)
neg, 0.16679450876845098, vertical(srz24618672374, up)
neg, 0.16679450876845098, vertical(srz24618672374, down)
neg, 0.1667945087684509, vertical(srz24618676299, up)
neg, 0.1667945087684509, vertical(srz24618676299, down)
neg, 0.1667945087684509, vertical(srz246186711561, up)
neg, 0.1667945087684509, vertical(srz246186711561, down)
neg, 0.1667945087684509, vertical(srz246186714785, up)
neg, 0.1667945087684509, vertical(srz246186714785, down)
neg, 0.16679450876845098, vertical(srz246186715274, down)
neg, 0.16679450876845098, vertical(srz246186715274, noop)
neg, 0.1667945087684509, vertical(srz246186713334, up)
neg, 0.1667945087684509, vertical(srz246186713334, down)
neg, 0.1667945087684509, vertical(srz2461867592, up)
neg, 0.1667945087684509, vertical(srz2461867592, down)
neg, 0.1667945087684509, vertical(srz246186712330, up)
neg, 0.1667945087684509, vertical(srz246186712330, down)
neg, 0.1667945087684509, vertical(srz24618674595, down)
neg, 0.1667945087684509, vertical(srz24618674595, noop)
neg, 0.16679450876845095, vertical(srz246186711272, down)
neg, 0.16679450876845095, vertical(srz246186711272, noop)
neg, 0.1667945087684509, vertical(srz24618673152, down)
neg, 0.1667945087684509, vertical(srz24618673152, noop)
neg, 0.1667945087684509, vertical(srz24618674906, up)
neg, 0.1667945087684509, vertical(srz24618674906, down)
neg, 0.1667945087684509, vertical(srz246186713420, up)
neg, 0.1667945087684509, vertical(srz246186713420, down)
neg, 0.1667945087684509, vertical(srz246186712132, up)
neg, 0.1667945087684509, vertical(srz246186712132, noop)
neg, 0.1667945087684509, vertical(srz24618673373, up)
neg, 0.1667945087684509, vertical(srz24618673373, down)
neg, 0.16679450876845095, vertical(srz246186714658, up)
neg, 0.16679450876845095, vertical(srz246186714658, down)
neg, 0.16679450876845095, vertical(srz246186715927, down)
neg, 0.16679450876845095, vertical(srz246186715927, noop)
neg, 0.16679450876845095, vertical(srz24618674700, up)
neg, 0.16679450876845095, vertical(srz24618674700, down)
neg, 0.16679450876845095, vertical(srz24618676014, up)
neg, 0.16679450876845095, vertical(srz24618676014, down)
neg, 0.1667945087684509, vertical(srz246186712542, up)
neg, 0.1667945087684509, vertical(srz246186712542, down)
neg, 0.1667945087684509, vertical(srz246186712538, up)
neg, 0.1667945087684509, vertical(srz246186712538, down)
neg, 0.1667945087684509, vertical(srz246186717012, up)
neg, 0.1667945087684509, vertical(srz246186717012, noop)
neg, 0.1667945087684509, vertical(srz246186713733, down)
neg, 0.1667945087684509, vertical(srz246186713733, noop)
neg, 0.1667945087684509, vertical(srz24618678346, up)
neg, 0.1667945087684509, vertical(srz24618678346, down)
neg, 0.1667945087684509, vertical(srz246186716145, up)
neg, 0.1667945087684509, vertical(srz246186716145, down)
neg, 0.1667945087684509, vertical(srz246186714555, up)
neg, 0.1667945087684509, vertical(srz246186714555, noop)
neg, 0.1667945087684509, vertical(srz246186712231, up)
neg, 0.1667945087684509, vertical(srz246186712231, down)
neg, 0.1667945087684509, vertical(srz24618675018, up)
neg, 0.1667945087684509, vertical(srz24618675018, noop)
neg, 0.16679450876845095, vertical(srz246186710492, down)
neg, 0.16679450876845095, vertical(srz246186710492, noop)
neg, 0.1667945087684509, vertical(srz246186712135, up)
neg, 0.1667945087684509, vertical(srz246186712135, noop)
neg, 0.1667945087684509, vertical(srz246186712486, up)
neg, 0.1667945087684509, vertical(srz246186712486, noop)
neg, 0.1667945087684509, vertical(srz246186712333, up)
neg, 0.1667945087684509, vertical(srz246186712333, down)
neg, 0.1667945087684509, vertical(srz246186711482, up)
neg, 0.1667945087684509, vertical(srz246186711482, noop)
neg, 0.1667945087684509, vertical(srz246186714773, up)
neg, 0.1667945087684509, vertical(srz246186714773, down)
neg, 0.1667945087684509, vertical(srz24618676773, up)
neg, 0.1667945087684509, vertical(srz24618676773, noop)
neg, 0.1667945087684509, vertical(srz24618674768, up)
neg, 0.1667945087684509, vertical(srz24618674768, down)
neg, 0.1667945087684509, vertical(srz24618679313, up)
neg, 0.1667945087684509, vertical(srz24618679313, down)
neg, 0.16679450876845098, vertical(srz24618674081, down)
neg, 0.16679450876845098, vertical(srz24618674081, noop)
neg, 0.16679450876845095, vertical(srz24618674715, down)
neg, 0.16679450876845095, vertical(srz24618674715, noop)
neg, 0.1667945087684509, vertical(srz24618672535, up)
neg, 0.1667945087684509, vertical(srz24618672535, down)
neg, 0.16679450876845095, vertical(srz24618671005, up)
neg, 0.16679450876845095, vertical(srz24618671005, down)
neg, 0.16679450876845098, vertical(srz24618674097, up)
neg, 0.16679450876845098, vertical(srz24618674097, down)
neg, 0.1667945087684509, vertical(srz24618675454, up)
neg, 0.1667945087684509, vertical(srz24618675454, noop)
neg, 0.1667945087684509, vertical(srz24618678714, up)
neg, 0.1667945087684509, vertical(srz24618678714, down)
neg, 0.1667945087684509, vertical(srz246186710103, up)
neg, 0.1667945087684509, vertical(srz246186710103, down)
neg, 0.1667945087684509, vertical(srz24618671762, up)
neg, 0.1667945087684509, vertical(srz24618671762, noop)
neg, 0.16679450876845095, vertical(srz24618677342, up)
neg, 0.16679450876845095, vertical(srz24618677342, down)
neg, 0.1667945087684509, vertical(srz246186717033, up)
neg, 0.1667945087684509, vertical(srz246186717033, down)
neg, 0.1667945087684509, vertical(srz246186716684, up)
neg, 0.1667945087684509, vertical(srz246186716684, noop)
neg, 0.16679450876845095, vertical(srz24618675291, down)
neg, 0.16679450876845095, vertical(srz24618675291, noop)
neg, 0.1667945087684509, vertical(srz246186713404, up)
neg, 0.1667945087684509, vertical(srz246186713404, noop)
neg, 0.1667945087684509, vertical(srz2461867820, up)
neg, 0.1667945087684509, vertical(srz2461867820, down)
neg, 0.1667945087684509, vertical(srz24618673832, up)
neg, 0.1667945087684509, vertical(srz24618673832, noop)
neg, 0.1667945087684509, vertical(srz24618674223, up)
neg, 0.1667945087684509, vertical(srz24618674223, down)
neg, 0.16679450876845098, vertical(srz246186716512, up)
neg, 0.16679450876845098, vertical(srz246186716512, down)
neg, 0.16679450876845095, vertical(srz246186714425, up)
neg, 0.16679450876845095, vertical(srz246186714425, down)
neg, 0.1667945087684509, vertical(srz246186716762, up)
neg, 0.1667945087684509, vertical(srz246186716762, down)
neg, 0.1667945087684509, vertical(srz24618679940, down)
neg, 0.1667945087684509, vertical(srz24618679940, noop)
neg, 0.1667945087684509, vertical(srz246186710019, up)
neg, 0.1667945087684509, vertical(srz246186710019, noop)
neg, 0.1667945087684509, vertical(srz24618674687, down)
neg, 0.1667945087684509, vertical(srz24618674687, noop)
neg, 0.1667945087684509, vertical(srz24618673327, up)
neg, 0.1667945087684509, vertical(srz24618673327, down)
neg, 0.1667945087684509, vertical(srz24618674829, up)
neg, 0.1667945087684509, vertical(srz24618674829, noop)
neg, 0.1667945087684509, vertical(srz246186710685, up)
neg, 0.1667945087684509, vertical(srz246186710685, down)
neg, 0.16679450876845095, vertical(srz24618672637, up)
neg, 0.16679450876845095, vertical(srz24618672637, down)
neg, 0.1667945087684509, vertical(srz246186713459, up)
neg, 0.1667945087684509, vertical(srz246186713459, down)
neg, 0.1667945087684509, vertical(srz246186714915, up)
neg, 0.1667945087684509, vertical(srz246186714915, down)
neg, 0.1667945087684509, vertical(srz24618675332, up)
neg, 0.1667945087684509, vertical(srz24618675332, noop)
neg, 0.1667945087684509, vertical(srz24618675012, up)
neg, 0.1667945087684509, vertical(srz24618675012, noop)
neg, 0.1667945087684509, vertical(srz246186714024, up)
neg, 0.1667945087684509, vertical(srz246186714024, down)
neg, 0.1667945087684509, vertical(srz24618677823, up)
neg, 0.1667945087684509, vertical(srz24618677823, down)
neg, 0.1667945087684509, vertical(srz24618673909, up)
neg, 0.1667945087684509, vertical(srz24618673909, down)
neg, 0.1667945087684509, vertical(srz24618676814, up)
neg, 0.1667945087684509, vertical(srz24618676814, noop)
neg, 0.1667945087684509, vertical(srz24618678726, up)
neg, 0.1667945087684509, vertical(srz24618678726, down)
neg, 0.1667945087684509, vertical(srz24618674206, up)
neg, 0.1667945087684509, vertical(srz24618674206, down)
neg, 0.1667945087684509, vertical(srz246186716132, up)
neg, 0.1667945087684509, vertical(srz246186716132, down)

