args[0] = -l
args[1] = -train
args[3] = -target
args[5] = -trees
args[7] = -aucJarPath
train
java.io.FileNotFoundException: train\train_bk.txt (No such file or directory)
	at java.io.FileInputStream.open0(Native Method)
	at java.io.FileInputStream.open(FileInputStream.java:195)
	at java.io.FileInputStream.<init>(FileInputStream.java:138)
	at java.io.FileInputStream.<init>(FileInputStream.java:93)
	at edu.wisc.cs.will.Utils.check_disc.checkflagvalues(check_disc.java:23)
	at edu.wisc.cs.will.Boosting.RDN.RunBoostedRDN.main(RunBoostedRDN.java:495)

% Starting a LEARNING run of bRDN.

% Calling SETUP.
% Running on host: xps-np

% Switching to VarIndicator = uppercase.

% Unset'ing VarIndicator.

Resetting the LazyGroundNthArgumentClauseIndex.

% Calling ILPouterLoop from createRegressionOuterLooper.

% getInputArgWithDefaultValue: args=[/home/nikhilesh/Projects/NeSY-Imitation-Learning/BoostSRL/sample/Toy-Father/Father/train/train_pos.txt, /home/nikhilesh/Projects/NeSY-Imitation-Learning/BoostSRL/sample/Toy-Father/Father/train/train_neg.txt, /home/nikhilesh/Projects/NeSY-Imitation-Learning/BoostSRL/sample/Toy-Father/Father/train/train_bk.txt, /home/nikhilesh/Projects/NeSY-Imitation-Learning/BoostSRL/sample/Toy-Father/Father/train/train_facts.txt]
%  for N=0: args[N]=/home/nikhilesh/Projects/NeSY-Imitation-Learning/BoostSRL/sample/Toy-Father/Father/train/train_pos.txt

% getInputArgWithDefaultValue: args=[/home/nikhilesh/Projects/NeSY-Imitation-Learning/BoostSRL/sample/Toy-Father/Father/train/train_pos.txt, /home/nikhilesh/Projects/NeSY-Imitation-Learning/BoostSRL/sample/Toy-Father/Father/train/train_neg.txt, /home/nikhilesh/Projects/NeSY-Imitation-Learning/BoostSRL/sample/Toy-Father/Father/train/train_bk.txt, /home/nikhilesh/Projects/NeSY-Imitation-Learning/BoostSRL/sample/Toy-Father/Father/train/train_facts.txt]
%  for N=1: args[N]=/home/nikhilesh/Projects/NeSY-Imitation-Learning/BoostSRL/sample/Toy-Father/Father/train/train_neg.txt

% getInputArgWithDefaultValue: args=[/home/nikhilesh/Projects/NeSY-Imitation-Learning/BoostSRL/sample/Toy-Father/Father/train/train_pos.txt, /home/nikhilesh/Projects/NeSY-Imitation-Learning/BoostSRL/sample/Toy-Father/Father/train/train_neg.txt, /home/nikhilesh/Projects/NeSY-Imitation-Learning/BoostSRL/sample/Toy-Father/Father/train/train_bk.txt, /home/nikhilesh/Projects/NeSY-Imitation-Learning/BoostSRL/sample/Toy-Father/Father/train/train_facts.txt]
%  for N=2: args[N]=/home/nikhilesh/Projects/NeSY-Imitation-Learning/BoostSRL/sample/Toy-Father/Father/train/train_bk.txt

% getInputArgWithDefaultValue: args=[/home/nikhilesh/Projects/NeSY-Imitation-Learning/BoostSRL/sample/Toy-Father/Father/train/train_pos.txt, /home/nikhilesh/Projects/NeSY-Imitation-Learning/BoostSRL/sample/Toy-Father/Father/train/train_neg.txt, /home/nikhilesh/Projects/NeSY-Imitation-Learning/BoostSRL/sample/Toy-Father/Father/train/train_bk.txt, /home/nikhilesh/Projects/NeSY-Imitation-Learning/BoostSRL/sample/Toy-Father/Father/train/train_facts.txt]
%  for N=3: args[N]=/home/nikhilesh/Projects/NeSY-Imitation-Learning/BoostSRL/sample/Toy-Father/Father/train/train_facts.txt

% Welcome to the WILL ILP/SRL systems.


% Switching to VarIndicator = uppercase.

% Unset'ing VarIndicator.
% Reading background theory from dir: null
% Load '../background.txt'.

% Switching to VarIndicator = uppercase.

***** Warning: % Since this is the first setting of the notation for variables, will keep:
%   variableIndicator = uppercase *****


***** Warning: % Since this is the first setting of the notation for variables, will keep:
%   variableIndicator = uppercase *****

% [ LazyGroundClauseIndex ]  Building full index for mode/1 with 1 assertions.
% LoadAllModes() called.  Currently loaded modes: []
% [ LazyGroundClauseIndex ]  Building full index for sameAs/2 with 2 assertions.
% [ LazyGroundNthArgumentClauseIndex ]  Argument 1:  Building full index for exp/3.
% [ LazyGroundNthArgumentClauseIndex ]  Argument 0:  Building full index for log/3.
% LoadAllLibraries() called.  Currently loaded libraries: [listsInLogic, differentInLogic, modes_arithmeticInLogic, inlines_comparisonInLogic, modes_listsInLogic, inlines_differentInLogic, modes_differentInLogic, arithmeticInLogic, inlines_listsInLogic, modes_comparisonInLogic, comparisonInLogic, inlines_arithmeticInLogic]

%  The Background Rules:

%  isaErrorToleranceInArithmetic(1.0E-5)
%  mult(X, Y, Z) :- 
%     number(X),
%     number(Y),
%     var(Z),
%     !,
%     Z is X * Y
%  mult(X, Y, Z) :- 
%     number(X),
%     number(Z),
%     var(Y),
%     !,
%     Y is Z / X
%  mult(X, Y, Z) :- 
%     number(Y),
%     number(Z),
%     var(X),
%     !,
%     X is Z / Y
%  mult(X, Y, Z) :- 
%     number(X),
%     number(Y),
%     number(Z),
%     !,
%     Ztemp is X * Y,
%     equalWithSmallTolerance(Z, Ztemp)
%  in0to1000(X) :- 
%     number(X),
%     X >= 0,
%     X <= 1000
%  memberOfList(X, List) :- 
%     list(List),
%     member(X, List)
%  in0to100(X) :- 
%     number(X),
%     X >= 0,
%     X <= 100
%  plus(X, Y, Z) :- 
%     number(X),
%     number(Y),
%     var(Z),
%     !,
%     Z is X + Y
%  plus(X, Y, Z) :- 
%     number(X),
%     number(Z),
%     var(Y),
%     !,
%     Y is Z - X
%  plus(X, Y, Z) :- 
%     number(Y),
%     number(Z),
%     var(X),
%     !,
%     X is Z - Y
%  plus(X, Y, Z) :- 
%     number(X),
%     number(Y),
%     number(Z),
%     !,
%     Ztemp is X + Y,
%     equalWithSmallTolerance(Z, Ztemp)
%  in0to1(X) :- 
%     number(X),
%     X >= 0,
%     X <= 1
%  nthInList(N, List, Result) :- 
%     number(N),
%     list(List),
%     Result is nth(N, List)
%  in0toDot001(X) :- 
%     number(X),
%     X >= 0,
%     X <= 0.001
%  smallerOrEqualDifference(X, Y, Z) :- 
%     number(X),
%     number(Y),
%     number(Z),
%     !,
%     Temp is abs(X - Y),
%     Temp =< Z
%  smallerOrEqualDifference(X, Y, Z) :- 
%     number(X),
%     number(Y),
%     var(Z),
%     !,
%     Z is abs(X - Y)
%  reverseList(List, A) :- 
%     list(List),
%     A is reverse(List)
%  reverseList(A, List) :- 
%     list(List),
%     A is reverse(List)
%  safeLog(0, Base, 1) :- 
%     !
%  safeLog(X, Base, Result) :- 
%     number(X),
%     number(Base),
%     Result is log(X, Base)
%  union([], B, B)
%  union([A| B], C, [A| ResultOnB]) :- 
%     \+(member(A, C)),
%     !,
%     union(B, C, ResultOnB)
%  union([A| B], C, ResultOnB) :- 
%     union(B, C, ResultOnB)
%  multiplyList(List, Result) :- 
%     allNumbers(List),
%     multiplyListOfNumbers(List, Result)
%  member(X, Y) :- 
%     ground(X),
%     ground(Y),
%     !,
%     contains(X, Y)
%  member(X, [X| _])
%  member(X, [_| Y]) :- 
%     member(X, Y)
%  isaDifferentInterestingSymbol(X, Y) :- 
%     isaInterestingSymbol(X),
%     isaInterestingSymbol(Y),
%     different(X, Y)
%  inBetweenCC(Lower, Middle, Upper) :- 
%     number(Lower),
%     number(Middle),
%     number(Upper),
%     Lower <= Middle,
%     Middle <= Upper
%  inBetweenOO(Lower, Middle, Upper) :- 
%     number(Lower),
%     number(Middle),
%     number(Upper),
%     Lower < Middle,
%     Middle < Upper
%  equalWithSmallTolerance(X, X) :- 
%     !
%  equalWithSmallTolerance(X, Y) :- 
%     number(X),
%     number(Y),
%     !,
%     Scaled is (2 * abs(X - Y)) / ((abs(X) + abs(Y)) + 1.0E-18),
%     Scaled < 1.0E-6
%  lengthOfList([], 0)
%  lengthOfList(List, N) :- 
%     list(List),
%     N is length(List)
%  exp(0, _, 0) :- 
%     !
%  exp(_, 0, 1) :- 
%     !
%  exp(X, Y, Z) :- 
%     number(X),
%     number(Y),
%     var(Z),
%     !,
%     Z is X ** Y
%  exp(X, Y, Z) :- 
%     number(X),
%     number(Z),
%     var(Y),
%     !,
%     Y is log(Z) / log(X)
%  exp(X, Y, Z) :- 
%     number(Y),
%     number(Z),
%     var(X),
%     !,
%     X is Z ** (1 / Y)
%  exp(X, Y, Z) :- 
%     number(X),
%     number(Y),
%     number(Z),
%     !,
%     Ztemp is X ** Y,
%     equalWithSmallTolerance(Z, Ztemp)
%  min(X, Y, Z) :- 
%     number(X),
%     number(Y),
%     !,
%     Z is min(X, Y)
%  greaterOrEqualDifference(X, Y, Z) :- 
%     number(X),
%     number(Y),
%     number(Z),
%     !,
%     Temp is abs(X - Y),
%     Temp >= Z
%  greaterOrEqualDifference(X, Y, Z) :- 
%     number(X),
%     number(Y),
%     var(Z),
%     !,
%     Z is abs(X - Y)
%  appendLists(List1, List2, Result) :- 
%     list(List1),
%     list(List2),
%     Result is append(List1, List2)
%  positiveNumber(X) :- 
%     number(X),
%     X > 0
%  div(X, Y, Z) :- 
%     number(X),
%     number(Y),
%     var(Z),
%     !,
%     Z is X / Y
%  div(X, Y, Z) :- 
%     number(X),
%     number(Z),
%     var(Y),
%     !,
%     Y is X / Z
%  div(X, Y, Z) :- 
%     number(Y),
%     number(Z),
%     var(X),
%     !,
%     X is Z * Y
%  div(X, Y, Z) :- 
%     number(X),
%     number(Y),
%     number(Z),
%     !,
%     Ztemp is Z * Y,
%     equalWithSmallTolerance(X, Ztemp)
%  firstInList(First, List) :- 
%     list(List),
%     First is first(List)
%  greaterThan(X, Y) :- 
%     number(X),
%     number(Y),
%     X > Y
%  allNumbers([])
%  allNumbers([X| Y]) :- 
%     number(X),
%     allNumbers(Y)
%  negativeNumber(X) :- 
%     number(X),
%     X < 0
%  sameAs(X, X) :- 
%     !
%  sameAs(X, Y) :- 
%     number(X),
%     number(Y),
%     equalWithSmallTolerance(X, Y),
%     !
%  sameAs([], []) :- 
%     !
%  sameAs([X1| Y1], [X2| Y2]) :- 
%     sameAs(X1, X2),
%     sameAs(Y1, Y2),
%     !
%  contains(X, [X| _]) :- 
%     !
%  contains(X, [_| Y]) :- 
%     contains(X, Y)
%  equalWithTolerance(X, Y, Tolerance) :- 
%     number(X),
%     number(Y),
%     isaEqualTolerance(Tolerance),
%     Diff is abs(X - Y),
%     Diff <= Tolerance
%  isaEqualTolerance(X) :- 
%     number(X),
%     X >= 0,
%     !
%  isaEqualTolerance(1.0E-5)
%  in0toDot1(X) :- 
%     number(X),
%     X >= 0,
%     X <= 0.1
%  isaDifferentInterestingNumber(X, Y) :- 
%     isaInterestingNumber(X),
%     isaInterestingNumber(Y),
%     different(X, Y)
%  intersection([], _, [])
%  intersection([A| B], C, [A| ResultOnB]) :- 
%     member(A, C),
%     !,
%     intersection(B, C, ResultOnB)
%  intersection([A| B], C, ResultOnB) :- 
%     intersection(B, C, ResultOnB)
%  sometimesTrue(Index, List, Expression) :- 
%     L is length(List),
%     memberOfList(Index, List),
%     call(Expression),
%     true
%  abs(X, Y) :- 
%     number(X),
%     var(Y),
%     Y is abs(X)
%  abs(X, Y) :- 
%     number(X),
%     number(Y),
%     Y is abs(X)
%  lessThan(X, Y) :- 
%     number(X),
%     number(Y),
%     X < Y
%  log(X, _, _) :- 
%     number(X),
%     X <= 0,
%     !,
%     false()
%  log(1, _, 0) :- 
%     !
%  log(X, Y, Z) :- 
%     number(X),
%     number(Y),
%     var(Z),
%     !,
%     Z is log(X, Y)
%  log(X, Y, Z) :- 
%     number(Y),
%     number(Z),
%     var(X),
%     !,
%     X is Y ** Z
%  log(X, Y, Z) :- 
%     number(Z),
%     number(Z),
%     var(Y),
%     !,
%     Y is X ** (1 / Z)
%  log(X, Y, Z) :- 
%     number(X),
%     number(Y),
%     number(Z),
%     !,
%     Ztemp is log(X, Y),
%     equalWithSmallTolerance(Z, Ztemp)
%  log(X, Z) :- 
%     number(X),
%     var(Z),
%     !,
%     Z is log(X)
%  log(X, Z) :- 
%     number(Z),
%     var(X),
%     !,
%     X is exp(1) ** Z
%  log(X, Z) :- 
%     number(X),
%     number(Y),
%     !,
%     Ztemp is log(X),
%     equalWithSmallTolerance(Z, Ztemp)
%  pushIntoList(A, List, C) :- 
%     list(List),
%     C is push(A, List)
%  minus(X, Y) :- 
%     number(X),
%     var(Y),
%     !,
%     Y is -X
%  minus(X, Y) :- 
%     number(Y),
%     var(X),
%     !,
%     X is -Y
%  minus(X, Y) :- 
%     number(X),
%     number(Y),
%     !,
%     Ytemp is -X,
%     equalWithSmallTolerance(Z, Ztemp)
%  in0toDot01(X) :- 
%     number(X),
%     X >= 0,
%     X <= 0.01
%  minus(X, Y, Z) :- 
%     number(X),
%     number(Y),
%     var(Z),
%     !,
%     Z is X - Y
%  minus(X, Y, Z) :- 
%     number(X),
%     number(Z),
%     var(Y),
%     !,
%     Y is X - Z
%  minus(X, Y, Z) :- 
%     number(Y),
%     number(Z),
%     var(X),
%     !,
%     X is Z + Y
%  minus(X, Y, Z) :- 
%     number(X),
%     number(Y),
%     number(Z),
%     !,
%     Ztemp is X - Y,
%     equalWithSmallTolerance(Z, Ztemp)
%  alwaysTrue(Index, List, Expression) :- 
%     memberOfList(Index, List),
%     \+(call(Expression)),
%     !,
%     fail
%  alwaysTrue(_, _, _)
%  addList(List, Result) :- 
%     allNumbers(List),
%     addListOfNumbers(List, Result)
%  mode(male(+name))
%  mode(childof(+name, +name))
%  mode(siblingof(+name, -name))
%  mode(father(+name, +name))
%  mode(addList(+willList, #willNumber))
%  mode(multiplyList(+willList, #willNumber))
%  mode(abs(+willNumber, &willNumber))
%  mode(minus(+willNumber, &willNumber))
%  mode(plus(+willNumber, +willNumber, &willNumber))
%  mode(minus(+willNumber, +willNumber, &willNumber))
%  mode(mult(+willNumber, +willNumber, &willNumber))
%  mode(div(+willNumber, +willNumber, &willNumber))
%  mode(allNumbers(+willList))
%  mode(positiveNumber(+willNumber))
%  mode(negativeNumber(+willNumber))
%  mode(in0toDot001(+willNumber))
%  mode(in0toDot01(+willNumber))
%  mode(in0toDot1(+willNumber))
%  mode(in0to1(+willNumber))
%  mode(in0to10(+willNumber))
%  mode(in0to100(+willNumber))
%  mode(in0to1000(+willNumber))
%  mode(equalWithTolerance(+willNumber, +willNumber, &willNumber))
%  mode(greaterOrEqualDifference(+willNumber, +willNumber, &willNumber))
%  mode(smallerOrEqualDifference(+willNumber, +willNumber, &willNumber))
%  mode(isaEqualTolerance(+willNumber))
%  mode(lessThan(+willNumber, +willNumber))
%  mode(greaterThan(+willNumber, +willNumber))
%  mode(lessThanOrEqual(+willNumber, +willNumber))
%  mode(greaterThanOrEqual(+willNumber, +willNumber))
%  mode(inBetweenOO(+willNumber, +willNumber, +willNumber))
%  mode(inBetweenCO(+willNumber, +willNumber, +willNumber))
%  mode(inBetweenOC(+willNumber, +willNumber, +willNumber))
%  mode(inBetweenCC(+willNumber, +willNumber, +willNumber))
%  mode(memberOfList(+willAnything, +willList))
%  mode(firstInList(+willList, &willAnything))
%  mode(restOfList(+willList, &willList))
%  mode(positionInList(+willAnything, +willList, &willNumber))
%  mode(nthInList(+willNumber, +willList, &willAnything))
%  mode(lengthOfList(+willList, &willNumber))
%  neverTrue(Index, List, Expression) :- 
%     member(Index, List),
%     call(Expression),
%     !,
%     fail
%  neverTrue(_, _, _) :- 
%     true
%  lessThanOrEqual(X, Y) :- 
%     number(X),
%     number(Y),
%     X <= Y
%  inBetweenCO(Lower, Middle, Upper) :- 
%     number(Lower),
%     number(Middle),
%     number(Upper),
%     Lower <= Middle,
%     Middle < Upper
%  in0to10(X) :- 
%     number(X),
%     X >= 0,
%     X <= 10
%  restOfList(Rest, List) :- 
%     list(List),
%     Rest is rest(List)
%  isaInterestingNumber(X, Y) :- 
%     isaInterestingNumber(Y),
%     equalWithSmallTolerance(X, Y)
%  inBetweenOC(Lower, Middle, Upper) :- 
%     number(Lower),
%     number(Middle),
%     number(Upper),
%     Lower < Middle,
%     Middle <= Upper
%  differentWithTolerance(X, Y, Tolerance) :- 
%     number(X),
%     number(Y),
%     isaEqualTolerance(Tolerance),
%     Diff is abs(X - Y),
%     Diff > Tolerance
%  removeFromList(A, List, C) :- 
%     list(List),
%     C is remove(A, List)
%  positionInList(X, [X| _], 0)
%  positionInList(X, List, N) :- 
%     list(List),
%     N is position(X, List)
%  greaterThanOrEqual(X, Y) :- 
%     number(X),
%     number(Y),
%     X >= Y
%  max(X, Y, Z) :- 
%     number(X),
%     number(Y),
%     !,
%     Z is max(X, Y)
%  evaluateAll(Index, List, Expression) :- 
%     memberOfList(Index, List),
%     call(Expression),
%     fail
%  evaluateAll(_, _, _)
%  isaInterestingSymbol(X, X) :- 
%     isaInterestingSymbol(X)
%  different(X, Y) :- 
%     \+(sameAs(X, Y))

%  Read the facts.
%  Have read 41 facts.
matchesExistingTargetSpec false for: father(harrypotter, jamespotter)  sig = [const, const]  []
% Have read 5 examples from '/home/nikhilesh/Projects/NeSY-Imitation-Learning/BoostSRL/sample/Toy-Father/Father/train' [/home/nikhilesh/Projects/NeSY-Imitation-Learning/BoostSRL/sample/Toy-Father/Father/train/train*].
% Have read 21 examples from '/home/nikhilesh/Projects/NeSY-Imitation-Learning/BoostSRL/sample/Toy-Father/Father/train' [/home/nikhilesh/Projects/NeSY-Imitation-Learning/BoostSRL/sample/Toy-Father/Father/train/train*].

%  LearnOneClause initialized.

% The outer looper has been created.
%     totalPosWeight = 5.0  minPosCoverage = 2.0
%     totalPosWeight = 5.0  minPosCoverage = 0.125
%     totalPosWeight = 5.0  minPosCoverage = 0.025
%     maxPossiblePrecision = 0.9803921568627452  minPrecision = 3.0

% Initializing the ILP inner looper.
% traverseSignatureAndAddVariables: assign D to +name
% traverseSignatureAndAddVariables: assign E to +name

% Checking to see any target argument types are too general, given the training examples.
%   Target argument #1 is of type 'name'.
%   Argument #1 in positive example 1 is of types: null.
%  Analyzing the examples says that typeToUse = 'null' (compared to 'name').
%   Target argument #2 is of type 'name'.
%   Argument #2 in positive example 1 is of types: null.
%  Analyzing the examples says that typeToUse = 'null' (compared to 'name').

% NEW target:                 father(D, E)
%  targetPred:                father/2
%  targetArgTypes:            signature = [const, const], types = [+name, +name]
%  targets:                   [father(D, E)]
%  targetPredicates:          [father/2]
%  targetArgSpecs:            [[D[+name], E[+name]]]
%  variablesInTargets:        [[D, E]]

% Started collecting constants

% Collecting the types of constants.

% Looking at the training examples to see if any types of new constants can be inferred.
% Time to collect constants: 3 milliseconds
% Time to collect examples: 0 seconds

% Read 5 pos examples and 21 neg examples.
% The Target Modes:
%  Possible instantiations of predicate 'father':
%    father sig=[const, const] types=[+name, +name]
%    father(+name, +name)

% The Body Modes:
%  Possible instantiations of predicate 'male':
%    male sig=[const] types=[+name]
%    male(+name)

%  Possible instantiations of predicate 'childof':
%    childof sig=[const, const] types=[+name, +name]
%    childof(+name, +name)

%  Possible instantiations of predicate 'siblingof':
%    siblingof sig=[const, const] types=[+name, -name]
%    siblingof(+name, -name)

%  Possible instantiations of predicate 'addList':
%    addList sig=[const, const] types=[+willList, #willNumber]
%    addList(+willList, #willNumber)

%  Possible instantiations of predicate 'multiplyList':
%    multiplyList sig=[const, const] types=[+willList, #willNumber]
%    multiplyList(+willList, #willNumber)

%  Possible instantiations of predicate 'abs':
%    abs sig=[const, const] types=[+willNumber, &willNumber]
%    abs(+willNumber, &willNumber)

%  Possible instantiations of predicate 'minus':
%    minus sig=[const, const] types=[+willNumber, &willNumber]
%    minus(+willNumber, &willNumber)
%    minus sig=[const, const, const] types=[+willNumber, +willNumber, &willNumber]
%    minus(+willNumber, +willNumber, &willNumber)

%  Possible instantiations of predicate 'plus':
%    plus sig=[const, const, const] types=[+willNumber, +willNumber, &willNumber]
%    plus(+willNumber, +willNumber, &willNumber)

%  Possible instantiations of predicate 'minus':
%    minus sig=[const, const] types=[+willNumber, &willNumber]
%    minus(+willNumber, &willNumber)
%    minus sig=[const, const, const] types=[+willNumber, +willNumber, &willNumber]
%    minus(+willNumber, +willNumber, &willNumber)

%  Possible instantiations of predicate 'mult':
%    mult sig=[const, const, const] types=[+willNumber, +willNumber, &willNumber]
%    mult(+willNumber, +willNumber, &willNumber)

%  Possible instantiations of predicate 'div':
%    div sig=[const, const, const] types=[+willNumber, +willNumber, &willNumber]
%    div(+willNumber, +willNumber, &willNumber)

%  Possible instantiations of predicate 'allNumbers':
%    allNumbers sig=[const] types=[+willList]
%    allNumbers(+willList)

%  Possible instantiations of predicate 'positiveNumber':
%    positiveNumber sig=[const] types=[+willNumber]
%    positiveNumber(+willNumber)

%  Possible instantiations of predicate 'negativeNumber':
%    negativeNumber sig=[const] types=[+willNumber]
%    negativeNumber(+willNumber)

%  Possible instantiations of predicate 'in0toDot001':
%    in0toDot001 sig=[const] types=[+willNumber]
%    in0toDot001(+willNumber)

%  Possible instantiations of predicate 'in0toDot01':
%    in0toDot01 sig=[const] types=[+willNumber]
%    in0toDot01(+willNumber)

%  Possible instantiations of predicate 'in0toDot1':
%    in0toDot1 sig=[const] types=[+willNumber]
%    in0toDot1(+willNumber)

%  Possible instantiations of predicate 'in0to1':
%    in0to1 sig=[const] types=[+willNumber]
%    in0to1(+willNumber)

%  Possible instantiations of predicate 'in0to10':
%    in0to10 sig=[const] types=[+willNumber]
%    in0to10(+willNumber)

%  Possible instantiations of predicate 'in0to100':
%    in0to100 sig=[const] types=[+willNumber]
%    in0to100(+willNumber)

%  Possible instantiations of predicate 'in0to1000':
%    in0to1000 sig=[const] types=[+willNumber]
%    in0to1000(+willNumber)

%  Possible instantiations of predicate 'equalWithTolerance':
%    equalWithTolerance sig=[const, const, const] types=[+willNumber, +willNumber, &willNumber]
%    equalWithTolerance(+willNumber, +willNumber, &willNumber)

%  Possible instantiations of predicate 'greaterOrEqualDifference':
%    greaterOrEqualDifference sig=[const, const, const] types=[+willNumber, +willNumber, &willNumber]
%    greaterOrEqualDifference(+willNumber, +willNumber, &willNumber)

%  Possible instantiations of predicate 'smallerOrEqualDifference':
%    smallerOrEqualDifference sig=[const, const, const] types=[+willNumber, +willNumber, &willNumber]
%    smallerOrEqualDifference(+willNumber, +willNumber, &willNumber)

%  Possible instantiations of predicate 'isaEqualTolerance':
%    isaEqualTolerance sig=[const] types=[+willNumber]
%    isaEqualTolerance(+willNumber)

%  Possible instantiations of predicate 'lessThan':
%    lessThan sig=[const, const] types=[+willNumber, +willNumber]
%    lessThan(+willNumber, +willNumber)

%  Possible instantiations of predicate 'greaterThan':
%    greaterThan sig=[const, const] types=[+willNumber, +willNumber]
%    greaterThan(+willNumber, +willNumber)

%  Possible instantiations of predicate 'lessThanOrEqual':
%    lessThanOrEqual sig=[const, const] types=[+willNumber, +willNumber]
%    lessThanOrEqual(+willNumber, +willNumber)

%  Possible instantiations of predicate 'greaterThanOrEqual':
%    greaterThanOrEqual sig=[const, const] types=[+willNumber, +willNumber]
%    greaterThanOrEqual(+willNumber, +willNumber)

%  Possible instantiations of predicate 'inBetweenOO':
%    inBetweenOO sig=[const, const, const] types=[+willNumber, +willNumber, +willNumber]
%    inBetweenOO(+willNumber, +willNumber, +willNumber)

%  Possible instantiations of predicate 'inBetweenCO':
%    inBetweenCO sig=[const, const, const] types=[+willNumber, +willNumber, +willNumber]
%    inBetweenCO(+willNumber, +willNumber, +willNumber)

%  Possible instantiations of predicate 'inBetweenOC':
%    inBetweenOC sig=[const, const, const] types=[+willNumber, +willNumber, +willNumber]
%    inBetweenOC(+willNumber, +willNumber, +willNumber)

%  Possible instantiations of predicate 'inBetweenCC':
%    inBetweenCC sig=[const, const, const] types=[+willNumber, +willNumber, +willNumber]
%    inBetweenCC(+willNumber, +willNumber, +willNumber)

%  Possible instantiations of predicate 'memberOfList':
%    memberOfList sig=[const, const] types=[+willAnything, +willList]
%    memberOfList(+willAnything, +willList)

%  Possible instantiations of predicate 'firstInList':
%    firstInList sig=[const, const] types=[+willList, &willAnything]
%    firstInList(+willList, &willAnything)

%  Possible instantiations of predicate 'restOfList':
%    restOfList sig=[const, const] types=[+willList, &willList]
%    restOfList(+willList, &willList)

%  Possible instantiations of predicate 'positionInList':
%    positionInList sig=[const, const, const] types=[+willAnything, +willList, &willNumber]
%    positionInList(+willAnything, +willList, &willNumber)

%  Possible instantiations of predicate 'nthInList':
%    nthInList sig=[const, const, const] types=[+willNumber, +willList, &willAnything]
%    nthInList(+willNumber, +willList, &willAnything)

%  Possible instantiations of predicate 'lengthOfList':
%    lengthOfList sig=[const, const] types=[+willList, &willNumber]
%    lengthOfList(+willList, &willNumber)

% Time to init learnOneClause: 11 milliseconds
% Old dirnull
Setting model dir

% Have 5 'raw' positive examples and kept 5.
% Have 21 'raw' negative examples and kept 21.

% processing backup's for father
%  POS EX = 5
%  NEG EX = 21

% Memory usage by WILLSetup (just counts # targets?):
%  |backupPosExamples| = 1
%  |backupNegExamples| = 1
%  |predicatesAsFacts| = 0
%  |addedToFactBase|   = 0
/home/nikhilesh/Projects/NeSY-Imitation-Learning/BoostSRL/sample/Toy-Father/Father/train/models/
File: /home/nikhilesh/Projects/NeSY-Imitation-Learning/BoostSRL/sample/Toy-Father/Father/train/advice.txt doesnt exist.Hence no advice loaded
% Learning 1 trees in this iteration for father

% Learn model for: father
% Kept 5 of the 5 positive examples.
% Kept 6 of the 21 negative examples.
%      addToQueueOfTreeStructuredLearningTasks (level=0; score=1.797693135e+308)
%         ILP node to extend: null
%      Insert tree-structured search node (@ level = 0 and with score = 1.797693135e+308) into the LAST position (#1) in the search queue.
Variance:0.24793388429752067
Set score:0.0025
% Dataset size: 11
Computing probabilities
prob time:1 milliseconds
No hidden examples for : father
Time to build dataset: 1 milliseconds
%      addToQueueOfTreeStructuredLearningTasks (level=0; score=1.797693135e+308)
%         ILP node to extend: null
%      Insert tree-structured search node (@ level = 0 and with score = 1.797693135e+308) into the LAST position (#1) in the search queue.
Variance:0.2479338842975205
Set score:0.0025
% [AdviceProcessor]  Generated 0 clauses at relevance level STRONGLY_IRRELEVANT.

% STARTING executeOuterLoop()
%  getNumberOfLearnedClauses() = 0 vs 8
%  getNumberOfCycles()         = 0 vs 24
%  getFractionOfPosCovered()   = 0.0 vs 0.900000
%  getTotal_nodesConsidered()  = 0 vs 10,000,000
%  getTotal_nodesCreated()     = 0 vs 100,000,000
%  getClockTimeUsedInMillisec()          = 0 vs 72,000,000
%     totalPosWeight = 11.0  minPosCoverage = 3.0

% ********************
% Outer Loop Iteration #1 with strategy=heuristic (created a total of 0 clauses so far and explored 0)
%  The outer looper (iteration #1) has been running 0 seconds and has 20 hours and 0 seconds remaining.
%  [Min precision = 0.001, (weighted) minPosCov = 3.00]
% ********************

% Have these 10 positive seeds: 0 1 2 3 4 5 6 7 8 9
%     totalPosWeight = 11.0  minPosCoverage = 3.0
%     maxPossiblePrecision = 0.990990990990991  minPrecision = 3.0
%  The inner looper is being allocated 5 hours and 0 seconds.

% performSearch() called.
% [AdviceProcessor]  Generated 0 clauses at relevance level STRONGLY_IRRELEVANT.

% LearnOneClause Parameters:
%   Targets (1):
%    father(+name, +name)
%  Modes (39):
%    male(+name),
%    childof(+name, +name),
%    siblingof(+name, -name),
%    addList(+willList, #willNumber),
%    multiplyList(+willList, #willNumber),
%    abs(+willNumber, &willNumber),
%    minus(+willNumber, &willNumber),
%    minus(+willNumber, +willNumber, &willNumber),
%    plus(+willNumber, +willNumber, &willNumber),
%    mult(+willNumber, +willNumber, &willNumber),
%    div(+willNumber, +willNumber, &willNumber),
%    allNumbers(+willList),
%    positiveNumber(+willNumber),
%    negativeNumber(+willNumber),
%    in0toDot001(+willNumber),
%    in0toDot01(+willNumber),
%    in0toDot1(+willNumber),
%    in0to1(+willNumber),
%    in0to10(+willNumber),
%    in0to100(+willNumber),
%    in0to1000(+willNumber),
%    equalWithTolerance(+willNumber, +willNumber, &willNumber),
%    greaterOrEqualDifference(+willNumber, +willNumber, &willNumber),
%    smallerOrEqualDifference(+willNumber, +willNumber, &willNumber),
%    isaEqualTolerance(+willNumber),
%    lessThan(+willNumber, +willNumber),
%    greaterThan(+willNumber, +willNumber),
%    lessThanOrEqual(+willNumber, +willNumber),
%    greaterThanOrEqual(+willNumber, +willNumber),
%    inBetweenOO(+willNumber, +willNumber, +willNumber),
%    inBetweenCO(+willNumber, +willNumber, +willNumber),
%    inBetweenOC(+willNumber, +willNumber, +willNumber),
%    inBetweenCC(+willNumber, +willNumber, +willNumber),
%    memberOfList(+willAnything, +willList),
%    firstInList(+willList, &willAnything),
%    restOfList(+willList, &willList),
%    positionInList(+willAnything, +willList, &willNumber),
%    nthInList(+willNumber, +willList, &willAnything),
%    lengthOfList(+willList, &willNumber)

%  Target #0 being learned: 'father(D, E)',
%  with argument types: [D[+name], E[+name]]
%   typeList:   [signature = [const, const], types = [+name, +name]]
%   varList:    [D, E]
%   specsList:  [D[+name], E[+name]]
%     computeCoverage: clauseBody = []
       This POS example involved 0 resolutions: father(harrypotter, jamespotter)
       This POS example involved 0 resolutions: father(dracomalfoy, luciusmalfoy)
       This POS example involved 0 resolutions: father(ginnyweasley, arthurweasley)
       This POS example involved 0 resolutions: father(ronweasley, arthurweasley)
       This POS example involved 0 resolutions: father(fredweasley, arthurweasley)
       This POS example involved 0 resolutions: father(harrypotter, mrgranger)
       This POS example involved 0 resolutions: father(luciusmalfoy, xenophiliuslovegood)
       This POS example involved 0 resolutions: father(lunalovegood, dumbledore)
       This POS example involved 0 resolutions: father(hedwig, lunalovegood)
       This POS example involved 0 resolutions: father(ronweasley, georgeweasley)
       This POS example involved 0 resolutions: father(ginnyweasley, mollyweasley)
      posCoverage = 11.00 and negCoverage = 0.00  father(_, _).  [covers 11.0/11.0 pos, 0.0/0.0 neg]

% target           = father(D, E)
% getPrimaryKey: count = -256,330,440 after father(D, E)
>>>>>> CHECK >>>>>>>>>> literals='[father(D, E)]' primaryKey = -256,330,440, secondary = father
hashObj1 = null
regressionFit:
 weightedCountOfExamplesThatSucceed = 11.0
 weightedCountOfExamplesThatFail    = 0.0
 getMinPosCoverage                  = 3.0
*** These '[D, E]' are the singleton variables in father(_, _).  [covers 11.0/11.0 pos, 0.0/0.0 neg]
%     Score = -Infinity (regressionFit = Infinity, penalties=2.2E-7) for clause:  father(_, _).  [covers 11.0/11.0 pos, 0.0/0.0 neg]
% Unacceptable due to maxPrecision: 0.990990990990991 vs 0.975   father(_, _).  [covers 11.0/11.0 pos, 0.0/0.0 neg]
% getPrimaryKey: count = -256,330,440 after father(D, E)
% Most-general root: father(_, _).  [covers 11.0/11.0 pos, 0.0/0.0 neg]  score = -Infinity

% Consider expanding [#1 of outerLoop #1, bodyLen=0] 'father(_, _).  [covers 11.0/11.0 pos, 0.0/0.0 neg]' score=-Infinity
%         calling getExistingTermsOfThisType(name, father(_, _).  [covers 11.0/11.0 pos, 0.0/0.0 neg])
%      Existing terms of type = 'name' are [D, E]

%  Usable terms:  [[D, E]] for 'male' signature = [const], types = [+name]
% |allArgPossibilities| = 2 |children| = 0    Was last here 0 seconds ago.
%    male/1 [+name]
%    |allArgPossibilities2| = 2
%  Consider possible new literal 'male(D)'.
%    types of new args: null
   Score this on pos seeds: father(A, _) :- male(A)
% [ LazyGroundClauseIndex ]  Building full index for male/1 with 13 assertions.
%       [male(ginnyweasley)] is false
%       [male(lunalovegood)] is false
%       [male(hedwig)] is false
    Covers 7.0 of the total wgt'ed sum (10.0) of pos seed examples.  father(A, _) :- male(A)
%    Added: 'father(A, _) :- male(A)' with new args types: null
%  Consider possible new literal 'male(E)'.
%    types of new args: null
   Score this on pos seeds: father(_, A) :- male(A)
%       [male(lunalovegood)] is false
    Covers 9.0 of the total wgt'ed sum (10.0) of pos seed examples.  father(_, A) :- male(A)
%    Added: 'father(_, A) :- male(A)' with new args types: null
%         calling getExistingTermsOfThisType(name, father(_, _).  [covers 11.0/11.0 pos, 0.0/0.0 neg])
%        CACHED Existing terms of type = 'name' are [D, E]
%         calling getExistingTermsOfThisType(name, father(_, _).  [covers 11.0/11.0 pos, 0.0/0.0 neg])
%        CACHED Existing terms of type = 'name' are [D, E]

%  Usable terms:  [[D, E], [D, E]] for 'childof' signature = [const, const], types = [+name, +name]
% |allArgPossibilities| = 4 |children| = 2    Was last here 4 milliseconds ago.
%    childof/2 [+name, +name]
%    |allArgPossibilities2| = 4
% Look up occurrences of 'childof/2' for these input arguments: [name, name].
%  Consider possible new literal 'childof(D, D)'.
%    types of new args: null
   Score this on pos seeds: father(A, _) :- childof(A, A)
% [ LazyGroundClauseIndex ]  Building full index for childof/2 with 16 assertions.
%       [childof(harrypotter, harrypotter)] is false
%       [childof(dracomalfoy, dracomalfoy)] is false
%       [childof(ginnyweasley, ginnyweasley)] is false
%       [childof(ronweasley, ronweasley)] is false
%       [childof(fredweasley, fredweasley)] is false
%       [childof(harrypotter, harrypotter)] is false
%       [childof(luciusmalfoy, luciusmalfoy)] is false
%       [childof(lunalovegood, lunalovegood)] is false
%       [childof(hedwig, hedwig)] is false
%       [childof(ronweasley, ronweasley)] is false
   Discard 'father(A, _) :- childof(A, A)' because not enough pos seed examples covered: 0.0 of the total wgt'ed sum of 10.0
%  Due to unacceptable coverage on POS seeds, discard:
%    'father(A, _) :- childof(A, A)'
% Look up occurrences of 'childof/2' for these input arguments: [name, name].
%  Consider possible new literal 'childof(D, E)'.
%    types of new args: null
   Score this on pos seeds: father(A, B) :- childof(A, B)
%       [childof(harrypotter, jamespotter)] is false
%       [childof(dracomalfoy, luciusmalfoy)] is false
%       [childof(ginnyweasley, arthurweasley)] is false
%       [childof(ronweasley, arthurweasley)] is false
%       [childof(fredweasley, arthurweasley)] is false
%       [childof(harrypotter, mrgranger)] is false
%       [childof(luciusmalfoy, xenophiliuslovegood)] is false
%       [childof(lunalovegood, dumbledore)] is false
%       [childof(hedwig, lunalovegood)] is false
%       [childof(ronweasley, georgeweasley)] is false
   Discard 'father(A, B) :- childof(A, B)' because not enough pos seed examples covered: 0.0 of the total wgt'ed sum of 10.0
%  Due to unacceptable coverage on POS seeds, discard:
%    'father(A, B) :- childof(A, B)'
% Look up occurrences of 'childof/2' for these input arguments: [name, name].
%  Consider possible new literal 'childof(E, D)'.
%    types of new args: null
   Score this on pos seeds: father(A, B) :- childof(B, A)
%       [childof(mrgranger, harrypotter)] is false
%       [childof(xenophiliuslovegood, luciusmalfoy)] is false
%       [childof(dumbledore, lunalovegood)] is false
%       [childof(lunalovegood, hedwig)] is false
%       [childof(georgeweasley, ronweasley)] is false
    Covers 5.0 of the total wgt'ed sum (10.0) of pos seed examples.  father(A, B) :- childof(B, A)
%    Added: 'father(A, B) :- childof(B, A)' with new args types: null
% Look up occurrences of 'childof/2' for these input arguments: [name, name].
%  Consider possible new literal 'childof(E, E)'.
%    types of new args: null
   Score this on pos seeds: father(_, A) :- childof(A, A)
%       [childof(jamespotter, jamespotter)] is false
%       [childof(luciusmalfoy, luciusmalfoy)] is false
%       [childof(arthurweasley, arthurweasley)] is false
%       [childof(arthurweasley, arthurweasley)] is false
%       [childof(arthurweasley, arthurweasley)] is false
%       [childof(mrgranger, mrgranger)] is false
%       [childof(xenophiliuslovegood, xenophiliuslovegood)] is false
%       [childof(dumbledore, dumbledore)] is false
%       [childof(lunalovegood, lunalovegood)] is false
%       [childof(georgeweasley, georgeweasley)] is false
   Discard 'father(_, A) :- childof(A, A)' because not enough pos seed examples covered: 0.0 of the total wgt'ed sum of 10.0
%  Due to unacceptable coverage on POS seeds, discard:
%    'father(_, A) :- childof(A, A)'
%         calling getExistingTermsOfThisType(name, father(_, _).  [covers 11.0/11.0 pos, 0.0/0.0 neg])
%        CACHED Existing terms of type = 'name' are [D, E]
%         calling getExistingTermsOfThisType(name, father(_, _).  [covers 11.0/11.0 pos, 0.0/0.0 neg])
%        CACHED Existing terms of type = 'name' are [D, E]

%  Usable terms:  [[D, E], [D, E, Anon1201]] for 'siblingof' signature = [const, const], types = [+name, -name]
% |allArgPossibilities| = 6 |children| = 3    Was last here 6 milliseconds ago.
%    siblingof/2 [+name, -name]
%    |allArgPossibilities2| = 6
% Look up occurrences of 'siblingof/2' for these input arguments: [name, null].
%  Consider possible new literal 'siblingof(D, D)'.
%    types of new args: null
   Score this on pos seeds: father(A, _) :- siblingof(A, A)
% [ LazyGroundClauseIndex ]  Building full index for siblingof/2 with 12 assertions.
%       [siblingof(harrypotter, harrypotter)] is false
%       [siblingof(dracomalfoy, dracomalfoy)] is false
%       [siblingof(ginnyweasley, ginnyweasley)] is false
%       [siblingof(ronweasley, ronweasley)] is false
%       [siblingof(fredweasley, fredweasley)] is false
%       [siblingof(harrypotter, harrypotter)] is false
%       [siblingof(luciusmalfoy, luciusmalfoy)] is false
%       [siblingof(lunalovegood, lunalovegood)] is false
%       [siblingof(hedwig, hedwig)] is false
%       [siblingof(ronweasley, ronweasley)] is false
   Discard 'father(A, _) :- siblingof(A, A)' because not enough pos seed examples covered: 0.0 of the total wgt'ed sum of 10.0
%  Due to unacceptable coverage on POS seeds, discard:
%    'father(A, _) :- siblingof(A, A)'
% Look up occurrences of 'siblingof/2' for these input arguments: [name, null].
%  Consider possible new literal 'siblingof(D, E)'.
%    types of new args: null
   Score this on pos seeds: father(A, B) :- siblingof(A, B)
%       [siblingof(harrypotter, jamespotter)] is false
%       [siblingof(dracomalfoy, luciusmalfoy)] is false
%       [siblingof(ginnyweasley, arthurweasley)] is false
%       [siblingof(ronweasley, arthurweasley)] is false
%       [siblingof(fredweasley, arthurweasley)] is false
%       [siblingof(harrypotter, mrgranger)] is false
%       [siblingof(luciusmalfoy, xenophiliuslovegood)] is false
%       [siblingof(lunalovegood, dumbledore)] is false
%       [siblingof(hedwig, lunalovegood)] is false
    Covers 1.0 of the total wgt'ed sum (10.0) of pos seed examples.  father(A, B) :- siblingof(A, B)
%    Added: 'father(A, B) :- siblingof(A, B)' with new args types: null
% Look up occurrences of 'siblingof/2' for these input arguments: [name, null].
%  Consider possible new literal 'siblingof(D, Anon1201)'.
%    types of new args: [name]
%         calling getExistingTermsOfThisType(name, father(_, _).  [covers 11.0/11.0 pos, 0.0/0.0 neg])
%        CACHED Existing terms of type = 'name' are [D, E]
AFTER ADDITION: thisVarType = name existingTermsOfThisType = [Anon1201, D, E]  parent = father(_, _).  [covers 11.0/11.0 pos, 0.0/0.0 neg]
%    Test for new variables: 'newTermBoundByThisVariable(Anon1201, D, E)' in 'father(A, B) :- siblingof(A, C), newTermBoundByThisVariable(C, A, B)'.
   Score this on pos seeds: father(A, B) :- siblingof(A, C), newTermBoundByThisVariable(C, A, B)
%     computeCoverage: clauseBody = [siblingof(D, Anon1201)]
% [ LazyGroundNthArgumentClauseIndex ]  Argument 0:  Building full index for siblingof/2.
%       [siblingof(harrypotter, Anon1201)] is false
%       MISSED POS (due to last literal): father(harrypotter, jamespotter)
       This POS example involved 0 resolutions: father(harrypotter, jamespotter)
%       [siblingof(dracomalfoy, Anon1201)] is false
%       MISSED POS (due to last literal): father(dracomalfoy, luciusmalfoy)
       This POS example involved 0 resolutions: father(dracomalfoy, luciusmalfoy)
       This POS example involved 3 resolutions: father(ginnyweasley, arthurweasley)
       This POS example involved 3 resolutions: father(ronweasley, arthurweasley)
       This POS example involved 3 resolutions: father(fredweasley, arthurweasley)
%       [siblingof(harrypotter, Anon1201)] is false
%       MISSED POS (due to last literal): father(harrypotter, mrgranger)
       This POS example involved 0 resolutions: father(harrypotter, mrgranger)
%       [siblingof(luciusmalfoy, Anon1201)] is false
%       MISSED POS (due to last literal): father(luciusmalfoy, xenophiliuslovegood)
       This POS example involved 0 resolutions: father(luciusmalfoy, xenophiliuslovegood)
%       [siblingof(lunalovegood, Anon1201)] is false
%       MISSED POS (due to last literal): father(lunalovegood, dumbledore)
       This POS example involved 0 resolutions: father(lunalovegood, dumbledore)
%       [siblingof(hedwig, Anon1201)] is false
%       MISSED POS (due to last literal): father(hedwig, lunalovegood)
       This POS example involved 0 resolutions: father(hedwig, lunalovegood)
       This POS example involved 3 resolutions: father(ronweasley, georgeweasley)
       This POS example involved 3 resolutions: father(ginnyweasley, mollyweasley)
      posCoverage = 5.00 and negCoverage = 0.00  father(A, _) :- siblingof(A, _).  [covers 5.0/11.0 pos, 0.0/0.0 neg]
    Covers 4.0 of the total wgt'ed sum (10.0) of pos seed examples.  father(A, B) :- siblingof(A, C), newTermBoundByThisVariable(C, A, B)
   Score this on pos seeds: father(A, _) :- siblingof(A, _).  [covers 5.0/11.0 pos, 0.0/0.0 neg]
%       [siblingof(harrypotter, Anon1201)] is false
%       [siblingof(dracomalfoy, Anon1201)] is false
%       [siblingof(harrypotter, Anon1201)] is false
%       [siblingof(luciusmalfoy, Anon1201)] is false
%       [siblingof(lunalovegood, Anon1201)] is false
%       [siblingof(hedwig, Anon1201)] is false
    Covers 4.0 of the total wgt'ed sum (10.0) of pos seed examples.  father(A, _) :- siblingof(A, _).  [covers 5.0/11.0 pos, 0.0/0.0 neg]
%    Added: 'father(A, _) :- siblingof(A, _).  [covers 5.0/11.0 pos, 0.0/0.0 neg]' with new args types: [name]
% Look up occurrences of 'siblingof/2' for these input arguments: [name, null].
%  Consider possible new literal 'siblingof(E, D)'.
%    types of new args: null
   Score this on pos seeds: father(A, B) :- siblingof(B, A)
%       [siblingof(jamespotter, harrypotter)] is false
%       [siblingof(luciusmalfoy, dracomalfoy)] is false
%       [siblingof(arthurweasley, ginnyweasley)] is false
%       [siblingof(arthurweasley, ronweasley)] is false
%       [siblingof(arthurweasley, fredweasley)] is false
%       [siblingof(mrgranger, harrypotter)] is false
%       [siblingof(xenophiliuslovegood, luciusmalfoy)] is false
%       [siblingof(dumbledore, lunalovegood)] is false
%       [siblingof(lunalovegood, hedwig)] is false
    Covers 1.0 of the total wgt'ed sum (10.0) of pos seed examples.  father(A, B) :- siblingof(B, A)
%    Added: 'father(A, B) :- siblingof(B, A)' with new args types: null
% Look up occurrences of 'siblingof/2' for these input arguments: [name, null].
%  Consider possible new literal 'siblingof(E, E)'.
%    types of new args: null
   Score this on pos seeds: father(_, A) :- siblingof(A, A)
%       [siblingof(jamespotter, jamespotter)] is false
%       [siblingof(luciusmalfoy, luciusmalfoy)] is false
%       [siblingof(arthurweasley, arthurweasley)] is false
%       [siblingof(arthurweasley, arthurweasley)] is false
%       [siblingof(arthurweasley, arthurweasley)] is false
%       [siblingof(mrgranger, mrgranger)] is false
%       [siblingof(xenophiliuslovegood, xenophiliuslovegood)] is false
%       [siblingof(dumbledore, dumbledore)] is false
%       [siblingof(lunalovegood, lunalovegood)] is false
%       [siblingof(georgeweasley, georgeweasley)] is false
   Discard 'father(_, A) :- siblingof(A, A)' because not enough pos seed examples covered: 0.0 of the total wgt'ed sum of 10.0
%  Due to unacceptable coverage on POS seeds, discard:
%    'father(_, A) :- siblingof(A, A)'
% Look up occurrences of 'siblingof/2' for these input arguments: [name, null].
%  Consider possible new literal 'siblingof(E, Anon1201)'.
%    types of new args: [name]
%         calling getExistingTermsOfThisType(name, father(_, _).  [covers 11.0/11.0 pos, 0.0/0.0 neg])
%        CACHED Existing terms of type = 'name' are [D, E]
AFTER ADDITION: thisVarType = name existingTermsOfThisType = [Anon1201, D, E]  parent = father(_, _).  [covers 11.0/11.0 pos, 0.0/0.0 neg]
%    Test for new variables: 'newTermBoundByThisVariable(Anon1201, D, E)' in 'father(A, B) :- siblingof(B, C), newTermBoundByThisVariable(C, A, B)'.
   Score this on pos seeds: father(A, B) :- siblingof(B, C), newTermBoundByThisVariable(C, A, B)
%     computeCoverage: clauseBody = [siblingof(E, Anon1201)]
%       [siblingof(jamespotter, Anon1201)] is false
%       MISSED POS (due to last literal): father(harrypotter, jamespotter)
       This POS example involved 0 resolutions: father(harrypotter, jamespotter)
%       [siblingof(luciusmalfoy, Anon1201)] is false
%       MISSED POS (due to last literal): father(dracomalfoy, luciusmalfoy)
       This POS example involved 0 resolutions: father(dracomalfoy, luciusmalfoy)
%       [siblingof(arthurweasley, Anon1201)] is false
%       MISSED POS (due to last literal): father(ginnyweasley, arthurweasley)
       This POS example involved 0 resolutions: father(ginnyweasley, arthurweasley)
%       [siblingof(arthurweasley, Anon1201)] is false
%       MISSED POS (due to last literal): father(ronweasley, arthurweasley)
       This POS example involved 0 resolutions: father(ronweasley, arthurweasley)
%       [siblingof(arthurweasley, Anon1201)] is false
%       MISSED POS (due to last literal): father(fredweasley, arthurweasley)
       This POS example involved 0 resolutions: father(fredweasley, arthurweasley)
%       [siblingof(mrgranger, Anon1201)] is false
%       MISSED POS (due to last literal): father(harrypotter, mrgranger)
       This POS example involved 0 resolutions: father(harrypotter, mrgranger)
%       [siblingof(xenophiliuslovegood, Anon1201)] is false
%       MISSED POS (due to last literal): father(luciusmalfoy, xenophiliuslovegood)
       This POS example involved 0 resolutions: father(luciusmalfoy, xenophiliuslovegood)
%       [siblingof(dumbledore, Anon1201)] is false
%       MISSED POS (due to last literal): father(lunalovegood, dumbledore)
       This POS example involved 0 resolutions: father(lunalovegood, dumbledore)
%       [siblingof(lunalovegood, Anon1201)] is false
%       MISSED POS (due to last literal): father(hedwig, lunalovegood)
       This POS example involved 0 resolutions: father(hedwig, lunalovegood)
       This POS example involved 3 resolutions: father(ronweasley, georgeweasley)
%       [siblingof(mollyweasley, Anon1201)] is false
%       MISSED POS (due to last literal): father(ginnyweasley, mollyweasley)
       This POS example involved 0 resolutions: father(ginnyweasley, mollyweasley)
      posCoverage = 1.00 and negCoverage = 0.00  father(_, A) :- siblingof(A, _).  [covers 1.0/11.0 pos, 0.0/0.0 neg]
    Covers 1.0 of the total wgt'ed sum (10.0) of pos seed examples.  father(A, B) :- siblingof(B, C), newTermBoundByThisVariable(C, A, B)
   Score this on pos seeds: father(_, A) :- siblingof(A, _).  [covers 1.0/11.0 pos, 0.0/0.0 neg]
%       [siblingof(jamespotter, Anon1201)] is false
%       [siblingof(luciusmalfoy, Anon1201)] is false
%       [siblingof(arthurweasley, Anon1201)] is false
%       [siblingof(arthurweasley, Anon1201)] is false
%       [siblingof(arthurweasley, Anon1201)] is false
%       [siblingof(mrgranger, Anon1201)] is false
%       [siblingof(xenophiliuslovegood, Anon1201)] is false
%       [siblingof(dumbledore, Anon1201)] is false
%       [siblingof(lunalovegood, Anon1201)] is false
    Covers 1.0 of the total wgt'ed sum (10.0) of pos seed examples.  father(_, A) :- siblingof(A, _).  [covers 1.0/11.0 pos, 0.0/0.0 neg]
%    Added: 'father(_, A) :- siblingof(A, _).  [covers 1.0/11.0 pos, 0.0/0.0 neg]' with new args types: [name]
%         calling getExistingTermsOfThisType(willList, father(_, _).  [covers 11.0/11.0 pos, 0.0/0.0 neg])
%    Abandon since allNeededPredsFound=false.
%         calling getExistingTermsOfThisType(willList, father(_, _).  [covers 11.0/11.0 pos, 0.0/0.0 neg])
%        CACHED Existing terms of type = 'willList' are null
%    Abandon since allNeededPredsFound=false.
%         calling getExistingTermsOfThisType(willNumber, father(_, _).  [covers 11.0/11.0 pos, 0.0/0.0 neg])
%    Abandon since allNeededPredsFound=false.
%         calling getExistingTermsOfThisType(willNumber, father(_, _).  [covers 11.0/11.0 pos, 0.0/0.0 neg])
%        CACHED Existing terms of type = 'willNumber' are null
%    Abandon since allNeededPredsFound=false.
%         calling getExistingTermsOfThisType(willNumber, father(_, _).  [covers 11.0/11.0 pos, 0.0/0.0 neg])
%        CACHED Existing terms of type = 'willNumber' are null
%    Abandon since allNeededPredsFound=false.
%         calling getExistingTermsOfThisType(willNumber, father(_, _).  [covers 11.0/11.0 pos, 0.0/0.0 neg])
%        CACHED Existing terms of type = 'willNumber' are null
%    Abandon since allNeededPredsFound=false.
%         calling getExistingTermsOfThisType(willNumber, father(_, _).  [covers 11.0/11.0 pos, 0.0/0.0 neg])
%        CACHED Existing terms of type = 'willNumber' are null
%    Abandon since allNeededPredsFound=false.
%         calling getExistingTermsOfThisType(willNumber, father(_, _).  [covers 11.0/11.0 pos, 0.0/0.0 neg])
%        CACHED Existing terms of type = 'willNumber' are null
%    Abandon since allNeededPredsFound=false.
%         calling getExistingTermsOfThisType(willNumber, father(_, _).  [covers 11.0/11.0 pos, 0.0/0.0 neg])
%        CACHED Existing terms of type = 'willNumber' are null
%    Abandon since allNeededPredsFound=false.
%         calling getExistingTermsOfThisType(willNumber, father(_, _).  [covers 11.0/11.0 pos, 0.0/0.0 neg])
%        CACHED Existing terms of type = 'willNumber' are null
%    Abandon since allNeededPredsFound=false.
%         calling getExistingTermsOfThisType(willList, father(_, _).  [covers 11.0/11.0 pos, 0.0/0.0 neg])
%        CACHED Existing terms of type = 'willList' are null
%    Abandon since allNeededPredsFound=false.
%         calling getExistingTermsOfThisType(willNumber, father(_, _).  [covers 11.0/11.0 pos, 0.0/0.0 neg])
%        CACHED Existing terms of type = 'willNumber' are null
%    Abandon since allNeededPredsFound=false.
%         calling getExistingTermsOfThisType(willNumber, father(_, _).  [covers 11.0/11.0 pos, 0.0/0.0 neg])
%        CACHED Existing terms of type = 'willNumber' are null
%    Abandon since allNeededPredsFound=false.
%         calling getExistingTermsOfThisType(willNumber, father(_, _).  [covers 11.0/11.0 pos, 0.0/0.0 neg])
%        CACHED Existing terms of type = 'willNumber' are null
%    Abandon since allNeededPredsFound=false.
%         calling getExistingTermsOfThisType(willNumber, father(_, _).  [covers 11.0/11.0 pos, 0.0/0.0 neg])
%        CACHED Existing terms of type = 'willNumber' are null
%    Abandon since allNeededPredsFound=false.
%         calling getExistingTermsOfThisType(willNumber, father(_, _).  [covers 11.0/11.0 pos, 0.0/0.0 neg])
%        CACHED Existing terms of type = 'willNumber' are null
%    Abandon since allNeededPredsFound=false.
%         calling getExistingTermsOfThisType(willNumber, father(_, _).  [covers 11.0/11.0 pos, 0.0/0.0 neg])
%        CACHED Existing terms of type = 'willNumber' are null
%    Abandon since allNeededPredsFound=false.
%         calling getExistingTermsOfThisType(willNumber, father(_, _).  [covers 11.0/11.0 pos, 0.0/0.0 neg])
%        CACHED Existing terms of type = 'willNumber' are null
%    Abandon since allNeededPredsFound=false.
%         calling getExistingTermsOfThisType(willNumber, father(_, _).  [covers 11.0/11.0 pos, 0.0/0.0 neg])
%        CACHED Existing terms of type = 'willNumber' are null
%    Abandon since allNeededPredsFound=false.
%         calling getExistingTermsOfThisType(willNumber, father(_, _).  [covers 11.0/11.0 pos, 0.0/0.0 neg])
%        CACHED Existing terms of type = 'willNumber' are null
%    Abandon since allNeededPredsFound=false.
%         calling getExistingTermsOfThisType(willNumber, father(_, _).  [covers 11.0/11.0 pos, 0.0/0.0 neg])
%        CACHED Existing terms of type = 'willNumber' are null
%    Abandon since allNeededPredsFound=false.
%         calling getExistingTermsOfThisType(willNumber, father(_, _).  [covers 11.0/11.0 pos, 0.0/0.0 neg])
%        CACHED Existing terms of type = 'willNumber' are null
%    Abandon since allNeededPredsFound=false.
%         calling getExistingTermsOfThisType(willNumber, father(_, _).  [covers 11.0/11.0 pos, 0.0/0.0 neg])
%        CACHED Existing terms of type = 'willNumber' are null
%    Abandon since allNeededPredsFound=false.
%         calling getExistingTermsOfThisType(willNumber, father(_, _).  [covers 11.0/11.0 pos, 0.0/0.0 neg])
%        CACHED Existing terms of type = 'willNumber' are null
%    Abandon since allNeededPredsFound=false.
%         calling getExistingTermsOfThisType(willNumber, father(_, _).  [covers 11.0/11.0 pos, 0.0/0.0 neg])
%        CACHED Existing terms of type = 'willNumber' are null
%    Abandon since allNeededPredsFound=false.
%         calling getExistingTermsOfThisType(willNumber, father(_, _).  [covers 11.0/11.0 pos, 0.0/0.0 neg])
%        CACHED Existing terms of type = 'willNumber' are null
%    Abandon since allNeededPredsFound=false.
%         calling getExistingTermsOfThisType(willNumber, father(_, _).  [covers 11.0/11.0 pos, 0.0/0.0 neg])
%        CACHED Existing terms of type = 'willNumber' are null
%    Abandon since allNeededPredsFound=false.
%         calling getExistingTermsOfThisType(willNumber, father(_, _).  [covers 11.0/11.0 pos, 0.0/0.0 neg])
%        CACHED Existing terms of type = 'willNumber' are null
%    Abandon since allNeededPredsFound=false.
%         calling getExistingTermsOfThisType(willNumber, father(_, _).  [covers 11.0/11.0 pos, 0.0/0.0 neg])
%        CACHED Existing terms of type = 'willNumber' are null
%    Abandon since allNeededPredsFound=false.
%         calling getExistingTermsOfThisType(willNumber, father(_, _).  [covers 11.0/11.0 pos, 0.0/0.0 neg])
%        CACHED Existing terms of type = 'willNumber' are null
%    Abandon since allNeededPredsFound=false.
%         calling getExistingTermsOfThisType(willNumber, father(_, _).  [covers 11.0/11.0 pos, 0.0/0.0 neg])
%        CACHED Existing terms of type = 'willNumber' are null
%    Abandon since allNeededPredsFound=false.
%         calling getExistingTermsOfThisType(willNumber, father(_, _).  [covers 11.0/11.0 pos, 0.0/0.0 neg])
%        CACHED Existing terms of type = 'willNumber' are null
%    Abandon since allNeededPredsFound=false.
%         calling getExistingTermsOfThisType(willAnything, father(_, _).  [covers 11.0/11.0 pos, 0.0/0.0 neg])
%      Existing terms of type = 'willAnything' are [D, E]
%         calling getExistingTermsOfThisType(willList, father(_, _).  [covers 11.0/11.0 pos, 0.0/0.0 neg])
%        CACHED Existing terms of type = 'willList' are null
%    Abandon since allNeededPredsFound=false.
%         calling getExistingTermsOfThisType(willList, father(_, _).  [covers 11.0/11.0 pos, 0.0/0.0 neg])
%        CACHED Existing terms of type = 'willList' are null
%    Abandon since allNeededPredsFound=false.
%         calling getExistingTermsOfThisType(willList, father(_, _).  [covers 11.0/11.0 pos, 0.0/0.0 neg])
%        CACHED Existing terms of type = 'willList' are null
%    Abandon since allNeededPredsFound=false.
%         calling getExistingTermsOfThisType(willAnything, father(_, _).  [covers 11.0/11.0 pos, 0.0/0.0 neg])
%        CACHED Existing terms of type = 'willAnything' are [D, E]
%         calling getExistingTermsOfThisType(willList, father(_, _).  [covers 11.0/11.0 pos, 0.0/0.0 neg])
%        CACHED Existing terms of type = 'willList' are null
%    Abandon since allNeededPredsFound=false.
%         calling getExistingTermsOfThisType(willNumber, father(_, _).  [covers 11.0/11.0 pos, 0.0/0.0 neg])
%        CACHED Existing terms of type = 'willNumber' are null
%    Abandon since allNeededPredsFound=false.
%         calling getExistingTermsOfThisType(willList, father(_, _).  [covers 11.0/11.0 pos, 0.0/0.0 neg])
%        CACHED Existing terms of type = 'willList' are null
%    Abandon since allNeededPredsFound=false.
%  At # nodes expanded = 1, |OPEN| = 0.  Pruned 0 variant children.  Sending 7 items to OPEN for evaluation and possible insertion.
  new result node: father(A, _) :- male(A)
  new result node: father(_, A) :- male(A)
  new result node: father(A, B) :- childof(B, A)
  new result node: father(A, B) :- siblingof(A, B)
  new result node: father(A, _) :- siblingof(A, _).  [covers 5.0/11.0 pos, 0.0/0.0 neg]
  new result node: father(A, B) :- siblingof(B, A)
  new result node: father(_, A) :- siblingof(A, _).  [covers 1.0/11.0 pos, 0.0/0.0 neg]
% Have created 7 valid-on-seeds descendants and have picked up 5 bad extensions: [childof(D, D), childof(D, E), childof(E, E), siblingof(D, D), siblingof(E, E)]

% Skipping over this 'waitHere': % FINAL |result| = 7
% getPrimaryKey: count = -256,330,440 after father(D, E)
% getPrimaryKey: count = -255,661,512 after male(D)
>>>>>> CHECK >>>>>>>>>> literals='[father(D, E), male(D)]' primaryKey = -255,661,512, secondary = male
hashObj1 = null
%     computeCoverage: clauseBody = [male(D)]
       This POS example involved 1 resolutions: father(harrypotter, jamespotter)
       This POS example involved 1 resolutions: father(dracomalfoy, luciusmalfoy)
%       [male(ginnyweasley)] is false
%       MISSED POS (due to last literal): father(ginnyweasley, arthurweasley)
       This POS example involved 0 resolutions: father(ginnyweasley, arthurweasley)
       This POS example involved 1 resolutions: father(ronweasley, arthurweasley)
       This POS example involved 1 resolutions: father(fredweasley, arthurweasley)
       This POS example involved 1 resolutions: father(harrypotter, mrgranger)
       This POS example involved 1 resolutions: father(luciusmalfoy, xenophiliuslovegood)
%       [male(lunalovegood)] is false
%       MISSED POS (due to last literal): father(lunalovegood, dumbledore)
       This POS example involved 0 resolutions: father(lunalovegood, dumbledore)
%       [male(hedwig)] is false
%       MISSED POS (due to last literal): father(hedwig, lunalovegood)
       This POS example involved 0 resolutions: father(hedwig, lunalovegood)
       This POS example involved 1 resolutions: father(ronweasley, georgeweasley)
%       [male(ginnyweasley)] is false
%       MISSED POS (due to last literal): father(ginnyweasley, mollyweasley)
       This POS example involved 0 resolutions: father(ginnyweasley, mollyweasley)
      posCoverage = 7.00 and negCoverage = 0.00  father(A, _) :- male(A).  [covers 7.0/11.0 pos, 0.0/0.0 neg]
%            cost = 1.000 for lit = male/1
*** These '[E]' are the singleton variables in father(A, _) :- male(A).  [covers 7.0/11.0 pos, 0.0/0.0 neg]
%     Score = -2.464287 (regressionFit = 2.464286, penalties=1.12E-6) for clause:  father(A, _) :- male(A).  [covers 7.0/11.0 pos, 0.0/0.0 neg]
%       [male(ginnyweasley)] is false
%       [male(lunalovegood)] is false
%       [male(hedwig)] is false
%       [male(ginnyweasley)] is false
%  Adding '
 FOR father(D, E) IF (male(D)) THEN output = 0.429578 ELSE output = 0.108149;' to the default Gleaner in bin #12.
%  Adding '
 FOR father(D, E) IF (male(D)) THEN output = 0.429578 ELSE output = 0.108149;' to the current Gleaner in bin #12.
% Acceptable (score = -2.4643): father(A, _) :- male(A).  [covers 7.0/11.0 pos, 0.0/0.0 neg]
% Gleaner: New best node found (score = -2.464287): father(A, _) :- male(A).  [covers 7.0/11.0 pos, 0.0/0.0 neg]
% getPrimaryKey: count = -256,330,440 after father(D, E)
% getPrimaryKey: count = -255,661,512 after male(E)
>>>>>> CHECK >>>>>>>>>> literals='[father(D, E), male(E)]' primaryKey = -255,661,512, secondary = male
hashObj1 = null
%     computeCoverage: clauseBody = [male(E)]
       This POS example involved 1 resolutions: father(harrypotter, jamespotter)
       This POS example involved 1 resolutions: father(dracomalfoy, luciusmalfoy)
       This POS example involved 1 resolutions: father(ginnyweasley, arthurweasley)
       This POS example involved 1 resolutions: father(ronweasley, arthurweasley)
       This POS example involved 1 resolutions: father(fredweasley, arthurweasley)
       This POS example involved 1 resolutions: father(harrypotter, mrgranger)
       This POS example involved 1 resolutions: father(luciusmalfoy, xenophiliuslovegood)
       This POS example involved 1 resolutions: father(lunalovegood, dumbledore)
%       [male(lunalovegood)] is false
%       MISSED POS (due to last literal): father(hedwig, lunalovegood)
       This POS example involved 0 resolutions: father(hedwig, lunalovegood)
       This POS example involved 1 resolutions: father(ronweasley, georgeweasley)
%       [male(mollyweasley)] is false
%       MISSED POS (due to last literal): father(ginnyweasley, mollyweasley)
       This POS example involved 0 resolutions: father(ginnyweasley, mollyweasley)
      posCoverage = 9.00 and negCoverage = 0.00  father(_, A) :- male(A).  [covers 9.0/11.0 pos, 0.0/0.0 neg]
regressionFit:
 weightedCountOfExamplesThatSucceed = 9.0
 weightedCountOfExamplesThatFail    = 2.0
 getMinPosCoverage                  = 3.0
%            cost = 1.000 for lit = male/1
*** These '[D]' are the singleton variables in father(_, A) :- male(A).  [covers 9.0/11.0 pos, 0.0/0.0 neg]
%     Score = -Infinity (regressionFit = Infinity, penalties=1.12E-6) for clause:  father(_, A) :- male(A).  [covers 9.0/11.0 pos, 0.0/0.0 neg]
%       [male(lunalovegood)] is false
%       [male(mollyweasley)] is false
%  Adding '
 FOR father(D, E) IF (male(E)) THEN output = 0.413704 ELSE output = -0.141851;' to the default Gleaner in bin #16.
%  Adding '
 FOR father(D, E) IF (male(E)) THEN output = 0.413704 ELSE output = -0.141851;' to the current Gleaner in bin #16.
% Acceptable (score = -Infinity): father(_, A) :- male(A).  [covers 9.0/11.0 pos, 0.0/0.0 neg]
Acceptable but did not beat the score of: -2.4643
% getPrimaryKey: count = -256,330,440 after father(D, E)
% getPrimaryKey: count = -107,076,262 after childof(E, D)
>>>>>> CHECK >>>>>>>>>> literals='[father(D, E), childof(E, D)]' primaryKey = -107,076,262, secondary = childof
hashObj1 = null
%     computeCoverage: clauseBody = [childof(E, D)]
       This POS example involved 1 resolutions: father(harrypotter, jamespotter)
       This POS example involved 1 resolutions: father(dracomalfoy, luciusmalfoy)
       This POS example involved 1 resolutions: father(ginnyweasley, arthurweasley)
       This POS example involved 1 resolutions: father(ronweasley, arthurweasley)
       This POS example involved 1 resolutions: father(fredweasley, arthurweasley)
%       [childof(mrgranger, harrypotter)] is false
%       MISSED POS (due to last literal): father(harrypotter, mrgranger)
       This POS example involved 0 resolutions: father(harrypotter, mrgranger)
%       [childof(xenophiliuslovegood, luciusmalfoy)] is false
%       MISSED POS (due to last literal): father(luciusmalfoy, xenophiliuslovegood)
       This POS example involved 0 resolutions: father(luciusmalfoy, xenophiliuslovegood)
%       [childof(dumbledore, lunalovegood)] is false
%       MISSED POS (due to last literal): father(lunalovegood, dumbledore)
       This POS example involved 0 resolutions: father(lunalovegood, dumbledore)
%       [childof(lunalovegood, hedwig)] is false
%       MISSED POS (due to last literal): father(hedwig, lunalovegood)
       This POS example involved 0 resolutions: father(hedwig, lunalovegood)
%       [childof(georgeweasley, ronweasley)] is false
%       MISSED POS (due to last literal): father(ronweasley, georgeweasley)
       This POS example involved 0 resolutions: father(ronweasley, georgeweasley)
       This POS example involved 1 resolutions: father(ginnyweasley, mollyweasley)
      posCoverage = 6.00 and negCoverage = 0.00  father(A, B) :- childof(B, A).  [covers 6.0/11.0 pos, 0.0/0.0 neg]
%            cost = 1.000 for lit = childof/2
*** These 'null' are the singleton variables in father(A, B) :- childof(B, A).  [covers 6.0/11.0 pos, 0.0/0.0 neg]
%     Score = -0.833334 (regressionFit = 0.833333, penalties=1.0200000000000002E-6) for clause:  father(A, B) :- childof(B, A).  [covers 6.0/11.0 pos, 0.0/0.0 neg]
%       [childof(mrgranger, harrypotter)] is false
%       [childof(xenophiliuslovegood, luciusmalfoy)] is false
%       [childof(dumbledore, lunalovegood)] is false
%       [childof(lunalovegood, hedwig)] is false
%       [childof(georgeweasley, ronweasley)] is false
%  Adding '
 FOR father(D, E) IF (childof(E, D)) THEN output = 0.691482 ELSE output = -0.141851;' to the default Gleaner in bin #10.
%  Adding '
 FOR father(D, E) IF (childof(E, D)) THEN output = 0.691482 ELSE output = -0.141851;' to the current Gleaner in bin #10.
% Acceptable (score = -0.8333): father(A, B) :- childof(B, A).  [covers 6.0/11.0 pos, 0.0/0.0 neg]
% Gleaner: New best node found (score = -0.833334): father(A, B) :- childof(B, A).  [covers 6.0/11.0 pos, 0.0/0.0 neg]
% getPrimaryKey: count = 176,194,397 after siblingof(D, E)
% getPrimaryKey: count = -80,136,043 after father(D, E)
>>>>>> CHECK >>>>>>>>>> literals='[siblingof(D, E), father(D, E)]' primaryKey = -80,136,043, secondary = father
hashObj1 = null
%     computeCoverage: clauseBody = [siblingof(D, E)]
%       [siblingof(harrypotter, jamespotter)] is false
%       MISSED POS (due to last literal): father(harrypotter, jamespotter)
       This POS example involved 0 resolutions: father(harrypotter, jamespotter)
%       [siblingof(dracomalfoy, luciusmalfoy)] is false
%       MISSED POS (due to last literal): father(dracomalfoy, luciusmalfoy)
       This POS example involved 0 resolutions: father(dracomalfoy, luciusmalfoy)
%       [siblingof(ginnyweasley, arthurweasley)] is false
%       MISSED POS (due to last literal): father(ginnyweasley, arthurweasley)
       This POS example involved 0 resolutions: father(ginnyweasley, arthurweasley)
%       [siblingof(ronweasley, arthurweasley)] is false
%       MISSED POS (due to last literal): father(ronweasley, arthurweasley)
       This POS example involved 0 resolutions: father(ronweasley, arthurweasley)
%       [siblingof(fredweasley, arthurweasley)] is false
%       MISSED POS (due to last literal): father(fredweasley, arthurweasley)
       This POS example involved 0 resolutions: father(fredweasley, arthurweasley)
%       [siblingof(harrypotter, mrgranger)] is false
%       MISSED POS (due to last literal): father(harrypotter, mrgranger)
       This POS example involved 0 resolutions: father(harrypotter, mrgranger)
%       [siblingof(luciusmalfoy, xenophiliuslovegood)] is false
%       MISSED POS (due to last literal): father(luciusmalfoy, xenophiliuslovegood)
       This POS example involved 0 resolutions: father(luciusmalfoy, xenophiliuslovegood)
%       [siblingof(lunalovegood, dumbledore)] is false
%       MISSED POS (due to last literal): father(lunalovegood, dumbledore)
       This POS example involved 0 resolutions: father(lunalovegood, dumbledore)
%       [siblingof(hedwig, lunalovegood)] is false
%       MISSED POS (due to last literal): father(hedwig, lunalovegood)
       This POS example involved 0 resolutions: father(hedwig, lunalovegood)
       This POS example involved 1 resolutions: father(ronweasley, georgeweasley)
%       [siblingof(ginnyweasley, mollyweasley)] is false
%       MISSED POS (due to last literal): father(ginnyweasley, mollyweasley)
       This POS example involved 0 resolutions: father(ginnyweasley, mollyweasley)
      posCoverage = 1.00 and negCoverage = 0.00  father(A, B) :- siblingof(A, B).  [covers 1.0/11.0 pos, 0.0/0.0 neg]
regressionFit:
 weightedCountOfExamplesThatSucceed = 1.0
 weightedCountOfExamplesThatFail    = 10.0
 getMinPosCoverage                  = 3.0
%            cost = 1.000 for lit = siblingof/2
*** These 'null' are the singleton variables in father(A, B) :- siblingof(A, B).  [covers 1.0/11.0 pos, 0.0/0.0 neg]
%     Score = -Infinity (regressionFit = Infinity, penalties=1.0200000000000002E-6) for clause:  father(A, B) :- siblingof(A, B).  [covers 1.0/11.0 pos, 0.0/0.0 neg]
% Unacceptable due to min pos coverage: 1.0000 vs 3.0000   father(A, B) :- siblingof(A, B).  [covers 1.0/11.0 pos, 0.0/0.0 neg]
% getPrimaryKey: count = 176,194,397 after siblingof(D, Anon1201)
% getPrimaryKey: count = -80,136,043 after father(D, E)
>>>>>> CHECK >>>>>>>>>> literals='[siblingof(D, Anon1201), father(D, E)]' primaryKey = -80,136,043, secondary = father
hashObj1 = null
%            cost = 1.000 for lit = siblingof/2
*** These '[Anon1201, E]' are the singleton variables in father(A, _) :- siblingof(A, _).  [covers 5.0/11.0 pos, 0.0/0.0 neg]
%     Score = -2.533335 (regressionFit = 2.533333, penalties=1.23E-6) for clause:  father(A, _) :- siblingof(A, _).  [covers 5.0/11.0 pos, 0.0/0.0 neg]
%       [siblingof(harrypotter, Anon1201)] is false
%       [siblingof(dracomalfoy, Anon1201)] is false
%       [siblingof(harrypotter, Anon1201)] is false
%       [siblingof(luciusmalfoy, Anon1201)] is false
%       [siblingof(lunalovegood, Anon1201)] is false
%  Adding '
 FOR father(D, E) IF (siblingof(D, Anon1201)) THEN output = 0.458149 ELSE output = 0.191482;' to the default Gleaner in bin #9.
%  Adding '
 FOR father(D, E) IF (siblingof(D, Anon1201)) THEN output = 0.458149 ELSE output = 0.191482;' to the current Gleaner in bin #9.
% Acceptable (score = -2.5333): father(A, _) :- siblingof(A, _).  [covers 5.0/11.0 pos, 0.0/0.0 neg]
Acceptable but did not beat the score of: -0.8333
% getPrimaryKey: count = 176,194,397 after siblingof(E, D)
% getPrimaryKey: count = -80,136,043 after father(D, E)
>>>>>> CHECK >>>>>>>>>> literals='[siblingof(E, D), father(D, E)]' primaryKey = -80,136,043, secondary = father
hashObj1 = null
%     computeCoverage: clauseBody = [siblingof(E, D)]
%       [siblingof(jamespotter, harrypotter)] is false
%       MISSED POS (due to last literal): father(harrypotter, jamespotter)
       This POS example involved 0 resolutions: father(harrypotter, jamespotter)
%       [siblingof(luciusmalfoy, dracomalfoy)] is false
%       MISSED POS (due to last literal): father(dracomalfoy, luciusmalfoy)
       This POS example involved 0 resolutions: father(dracomalfoy, luciusmalfoy)
%       [siblingof(arthurweasley, ginnyweasley)] is false
%       MISSED POS (due to last literal): father(ginnyweasley, arthurweasley)
       This POS example involved 0 resolutions: father(ginnyweasley, arthurweasley)
%       [siblingof(arthurweasley, ronweasley)] is false
%       MISSED POS (due to last literal): father(ronweasley, arthurweasley)
       This POS example involved 0 resolutions: father(ronweasley, arthurweasley)
%       [siblingof(arthurweasley, fredweasley)] is false
%       MISSED POS (due to last literal): father(fredweasley, arthurweasley)
       This POS example involved 0 resolutions: father(fredweasley, arthurweasley)
%       [siblingof(mrgranger, harrypotter)] is false
%       MISSED POS (due to last literal): father(harrypotter, mrgranger)
       This POS example involved 0 resolutions: father(harrypotter, mrgranger)
%       [siblingof(xenophiliuslovegood, luciusmalfoy)] is false
%       MISSED POS (due to last literal): father(luciusmalfoy, xenophiliuslovegood)
       This POS example involved 0 resolutions: father(luciusmalfoy, xenophiliuslovegood)
%       [siblingof(dumbledore, lunalovegood)] is false
%       MISSED POS (due to last literal): father(lunalovegood, dumbledore)
       This POS example involved 0 resolutions: father(lunalovegood, dumbledore)
%       [siblingof(lunalovegood, hedwig)] is false
%       MISSED POS (due to last literal): father(hedwig, lunalovegood)
       This POS example involved 0 resolutions: father(hedwig, lunalovegood)
       This POS example involved 1 resolutions: father(ronweasley, georgeweasley)
%       [siblingof(mollyweasley, ginnyweasley)] is false
%       MISSED POS (due to last literal): father(ginnyweasley, mollyweasley)
       This POS example involved 0 resolutions: father(ginnyweasley, mollyweasley)
      posCoverage = 1.00 and negCoverage = 0.00  father(A, B) :- siblingof(B, A).  [covers 1.0/11.0 pos, 0.0/0.0 neg]
regressionFit:
 weightedCountOfExamplesThatSucceed = 1.0
 weightedCountOfExamplesThatFail    = 10.0
 getMinPosCoverage                  = 3.0
%            cost = 1.000 for lit = siblingof/2
*** These 'null' are the singleton variables in father(A, B) :- siblingof(B, A).  [covers 1.0/11.0 pos, 0.0/0.0 neg]
%     Score = -Infinity (regressionFit = Infinity, penalties=1.0200000000000002E-6) for clause:  father(A, B) :- siblingof(B, A).  [covers 1.0/11.0 pos, 0.0/0.0 neg]
% Unacceptable due to min pos coverage: 1.0000 vs 3.0000   father(A, B) :- siblingof(B, A).  [covers 1.0/11.0 pos, 0.0/0.0 neg]
% getPrimaryKey: count = 176,194,397 after siblingof(E, Anon1201)
% getPrimaryKey: count = -80,136,043 after father(D, E)
>>>>>> CHECK >>>>>>>>>> literals='[siblingof(E, Anon1201), father(D, E)]' primaryKey = -80,136,043, secondary = father
hashObj1 = null
regressionFit:
 weightedCountOfExamplesThatSucceed = 1.0
 weightedCountOfExamplesThatFail    = 10.0
 getMinPosCoverage                  = 3.0
%            cost = 1.000 for lit = siblingof/2
*** These '[Anon1201, D]' are the singleton variables in father(_, A) :- siblingof(A, _).  [covers 1.0/11.0 pos, 0.0/0.0 neg]
%     Score = -Infinity (regressionFit = Infinity, penalties=1.23E-6) for clause:  father(_, A) :- siblingof(A, _).  [covers 1.0/11.0 pos, 0.0/0.0 neg]
% Unacceptable due to min pos coverage: 1.0000 vs 3.0000   father(_, A) :- siblingof(A, _).  [covers 1.0/11.0 pos, 0.0/0.0 neg]

^^^^^^ Clearing CLOSED ^^^^^^ (size=1)

% The best node found: father(A, B) :- childof(B, A).  [covers 6.0/11.0 pos, 0.0/0.0 neg]

% The best node found: father(A, B) :- childof(B, A).  [covers 6.0/11.0 pos, 0.0/0.0 neg]
%       [childof(mrgranger, harrypotter)] is false
%       [childof(xenophiliuslovegood, luciusmalfoy)] is false
%       [childof(dumbledore, lunalovegood)] is false
%       [childof(lunalovegood, hedwig)] is false
%       [childof(georgeweasley, ronweasley)] is false

% New full clause: 
 // Learned this clause on outer loop cycle #1.  It scores=-0.83 and has recall=0.54, precision=0.98, and F1=0.70 (using m-estimates).
 // It covers 54.5% of the positive examples, 6 of 11,
(father(D, E) :- childof(E, D))

% New LOCAL clause: (father(D, E) :- childof(E, D))


% Expanding node at Level 0 with score = 1.797693e+308.
% Will extend: father(A, B) :- childof(B, A).  [covers 6.0/11.0 pos, 0.0/0.0 neg]
Comparing variance: 0.1388888888888887 to score=0.0025 #egs=6.0
Comparing variance: -2.7755575615628915E-18 to score=0.0025 #egs=5.0
%   Creating a TRUE-branch leaf because wgtedCountTrueBranchPos = 6.0 < 2.1 * minPosCov = 6.3
%   Creating a FALSE-branch leaf because wgtedCountFalseBranchPos = 5.0 < 2.1 * minPosCov = 6.3

% Time for loop #1: 64 milliseconds.
% Internal node max length = 1
% Max tree depth in lits   = 12
% Max tree depth in nodes  = 3
% Max number of clauses    = 8

% On cycle #1, the best clause found is:
%      father(A, B) :- childof(B, A).  [covers 6.0/11.0 pos, 0.0/0.0 neg]
% This clause covers 6 positive examples, of which 6 are newly covered.
% It also covers 0 negative examples, of which 0 are newly covered.

////////////////////////////////////////////////////////////////////////////////
////
////     Gleaner for: allPossibleMarkers
////
////////////////////////////////////////////////////////////////////////////////

// Best in (weighted) recall bin #9, (0.45, 0.5], from 'outerLoop #1, null' and covering 5.0 wgt'ed positive and 0.0 wgt'ed negative examples:
//    Wgt'ed recall = 0.450, precision = 0.980, and F1 = 0.617 - learned after 6 total and 3 acceptable nodes.  Node score = -2.5333345633333333

 FOR father(D, E) IF (siblingof(D, Anon1201)) THEN output = 0.458149 ELSE output = 0.191482;

// Best in (weighted) recall bin #10, (0.5, 0.55], from 'outerLoop #1, null' and covering 6.0 wgt'ed positive and 0.0 wgt'ed negative examples:
//    Wgt'ed recall = 0.541, precision = 0.984, and F1 = 0.698 - learned after 4 total and 2 acceptable nodes.  Node score = -0.8333343533333322

 FOR father(D, E) IF (childof(E, D)) THEN output = 0.691482 ELSE output = -0.141851;

// Best in (weighted) recall bin #12, (0.6, 0.65], from 'outerLoop #1, null' and covering 7.0 wgt'ed positive and 0.0 wgt'ed negative examples:
//    Wgt'ed recall = 0.631, precision = 0.986, and F1 = 0.769 - learned after 2 total and 0 acceptable nodes.  Node score = -2.4642868342857134

 FOR father(D, E) IF (male(D)) THEN output = 0.429578 ELSE output = 0.108149;

// Best in (weighted) recall bin #16, (0.8, 0.85], from 'outerLoop #1, null' and covering 9.0 wgt'ed positive and 0.0 wgt'ed negative examples:
//    Wgt'ed recall = 0.811, precision = 0.989, and F1 = 0.891 - learned after 3 total and 1 acceptable nodes.  Node score = -Infinity

 FOR father(D, E) IF (male(E)) THEN output = 0.413704 ELSE output = -0.141851;
      /* FALSE NEG: father(hedwig, lunalovegood) Actual Bool=false Prob=0.14185106490048777 Output=-0.14185106490048777 */
      /* FALSE NEG: father(ginnyweasley, mollyweasley) Actual Bool=false Prob=0.14185106490048777 Output=-0.14185106490048777 */


////////////////////////////////////////////////////////////////////////////////
////
////     Gleaner for: outerLoop #1, null
////
////////////////////////////////////////////////////////////////////////////////

// Best in (weighted) recall bin #9, (0.45, 0.5], from 'outerLoop #1, null' and covering 5.0 wgt'ed positive and 0.0 wgt'ed negative examples:
//    Wgt'ed recall = 0.450, precision = 0.980, and F1 = 0.617 - learned after 6 total and 3 acceptable nodes.  Node score = -2.5333345633333333

 FOR father(D, E) IF (siblingof(D, Anon1201)) THEN output = 0.458149 ELSE output = 0.191482;

// Best in (weighted) recall bin #10, (0.5, 0.55], from 'outerLoop #1, null' and covering 6.0 wgt'ed positive and 0.0 wgt'ed negative examples:
//    Wgt'ed recall = 0.541, precision = 0.984, and F1 = 0.698 - learned after 4 total and 2 acceptable nodes.  Node score = -0.8333343533333322

 FOR father(D, E) IF (childof(E, D)) THEN output = 0.691482 ELSE output = -0.141851;

// Best in (weighted) recall bin #12, (0.6, 0.65], from 'outerLoop #1, null' and covering 7.0 wgt'ed positive and 0.0 wgt'ed negative examples:
//    Wgt'ed recall = 0.631, precision = 0.986, and F1 = 0.769 - learned after 2 total and 0 acceptable nodes.  Node score = -2.4642868342857134

 FOR father(D, E) IF (male(D)) THEN output = 0.429578 ELSE output = 0.108149;

// Best in (weighted) recall bin #16, (0.8, 0.85], from 'outerLoop #1, null' and covering 9.0 wgt'ed positive and 0.0 wgt'ed negative examples:
//    Wgt'ed recall = 0.811, precision = 0.989, and F1 = 0.891 - learned after 3 total and 1 acceptable nodes.  Node score = -Infinity

 FOR father(D, E) IF (male(E)) THEN output = 0.413704 ELSE output = -0.141851;
      /* FALSE NEG: father(hedwig, lunalovegood) Actual Bool=false Prob=0.14185106490048777 Output=-0.14185106490048777 */
      /* FALSE NEG: father(ginnyweasley, mollyweasley) Actual Bool=false Prob=0.14185106490048777 Output=-0.14185106490048777 */


% ******************************************

%  Have stopped ILP's outer loop because the tree-structured queue is empty.

% ******************************************

////////////////////////////////////////////////////////////////////////////////
////
////     Gleaner for: allPossibleMarkers
////
////////////////////////////////////////////////////////////////////////////////

// Best in (weighted) recall bin #9, (0.45, 0.5], from 'outerLoop #1, null' and covering 5.0 wgt'ed positive and 0.0 wgt'ed negative examples:
//    Wgt'ed recall = 0.450, precision = 0.980, and F1 = 0.617 - learned after 6 total and 3 acceptable nodes.  Node score = -2.5333345633333333

 FOR father(D, E) IF (siblingof(D, Anon1201)) THEN output = 0.458149 ELSE output = 0.191482;

// Best in (weighted) recall bin #10, (0.5, 0.55], from 'outerLoop #1, null' and covering 6.0 wgt'ed positive and 0.0 wgt'ed negative examples:
//    Wgt'ed recall = 0.541, precision = 0.984, and F1 = 0.698 - learned after 4 total and 2 acceptable nodes.  Node score = -0.8333343533333322

 FOR father(D, E) IF (childof(E, D)) THEN output = 0.691482 ELSE output = -0.141851;

// Best in (weighted) recall bin #12, (0.6, 0.65], from 'outerLoop #1, null' and covering 7.0 wgt'ed positive and 0.0 wgt'ed negative examples:
//    Wgt'ed recall = 0.631, precision = 0.986, and F1 = 0.769 - learned after 2 total and 0 acceptable nodes.  Node score = -2.4642868342857134

 FOR father(D, E) IF (male(D)) THEN output = 0.429578 ELSE output = 0.108149;

// Best in (weighted) recall bin #16, (0.8, 0.85], from 'outerLoop #1, null' and covering 9.0 wgt'ed positive and 0.0 wgt'ed negative examples:
//    Wgt'ed recall = 0.811, precision = 0.989, and F1 = 0.891 - learned after 3 total and 1 acceptable nodes.  Node score = -Infinity

 FOR father(D, E) IF (male(E)) THEN output = 0.413704 ELSE output = -0.141851;
      /* FALSE NEG: father(hedwig, lunalovegood) Actual Bool=false Prob=0.14185106490048777 Output=-0.14185106490048777 */
      /* FALSE NEG: father(ginnyweasley, mollyweasley) Actual Bool=false Prob=0.14185106490048777 Output=-0.14185106490048777 */


////////////////////////////////////////////////////////////////////////////////
////
////     Gleaner for: outerLoop #1, null
////
////////////////////////////////////////////////////////////////////////////////

// Best in (weighted) recall bin #9, (0.45, 0.5], from 'outerLoop #1, null' and covering 5.0 wgt'ed positive and 0.0 wgt'ed negative examples:
//    Wgt'ed recall = 0.450, precision = 0.980, and F1 = 0.617 - learned after 6 total and 3 acceptable nodes.  Node score = -2.5333345633333333

 FOR father(D, E) IF (siblingof(D, Anon1201)) THEN output = 0.458149 ELSE output = 0.191482;

// Best in (weighted) recall bin #10, (0.5, 0.55], from 'outerLoop #1, null' and covering 6.0 wgt'ed positive and 0.0 wgt'ed negative examples:
//    Wgt'ed recall = 0.541, precision = 0.984, and F1 = 0.698 - learned after 4 total and 2 acceptable nodes.  Node score = -0.8333343533333322

 FOR father(D, E) IF (childof(E, D)) THEN output = 0.691482 ELSE output = -0.141851;

// Best in (weighted) recall bin #12, (0.6, 0.65], from 'outerLoop #1, null' and covering 7.0 wgt'ed positive and 0.0 wgt'ed negative examples:
//    Wgt'ed recall = 0.631, precision = 0.986, and F1 = 0.769 - learned after 2 total and 0 acceptable nodes.  Node score = -2.4642868342857134

 FOR father(D, E) IF (male(D)) THEN output = 0.429578 ELSE output = 0.108149;

// Best in (weighted) recall bin #16, (0.8, 0.85], from 'outerLoop #1, null' and covering 9.0 wgt'ed positive and 0.0 wgt'ed negative examples:
//    Wgt'ed recall = 0.811, precision = 0.989, and F1 = 0.891 - learned after 3 total and 1 acceptable nodes.  Node score = -Infinity

 FOR father(D, E) IF (male(E)) THEN output = 0.413704 ELSE output = -0.141851;
      /* FALSE NEG: father(hedwig, lunalovegood) Actual Bool=false Prob=0.14185106490048777 Output=-0.14185106490048777 */
      /* FALSE NEG: father(ginnyweasley, mollyweasley) Actual Bool=false Prob=0.14185106490048777 Output=-0.14185106490048777 */

% getPrimaryKey: count = -256,330,349 after father(A, B, 0.6914822684328455)
% getPrimaryKey: count = -256,330,284 after !
% getPrimaryKey: count = -107,076,106 after childof(B, A)
>>>>>> CHECK >>>>>>>>>> literals='[father(A, B, 0.6914822684328455), !, childof(B, A)]' primaryKey = -107,076,106, secondary = !
hashObj1 = null
% getPrimaryKey: count = -256,330,349 after father(A, B, 0.6914822684328455)
% getPrimaryKey: count = -256,330,284 after !
% getPrimaryKey: count = -107,076,106 after childof(B, A)
% getPrimaryKey: count = -256,330,349 after father(_, _, -0.14185106490048777)
% getPrimaryKey: count = -256,330,284 after !
>>>>>> CHECK >>>>>>>>>> literals='[father(_, _, -0.14185106490048777), !]' primaryKey = -256,330,284, secondary = !
hashObj1 = null
% getPrimaryKey: count = -256,330,349 after father(_, _, -0.14185106490048777)
% getPrimaryKey: count = -256,330,284 after !

%%%%%  WILL-Produced Tree #1 @ 18:20:42 10/13/25.  [Using 3,353,200 memory cells.]  %%%%%


% FOR father(A, B):
%   if ( childof(B, A) )
%   then return 0.6914822684328455;  // std dev = 0.913, 6.000 (wgt'ed) examples reached here.  /* #neg=1 #pos=5 */
%   else return -0.14185106490048777;  // std dev = 0.000, 5.000 (wgt'ed) examples reached here.  /* #neg=5 */


% Clauses:

father(A, B, 0.6914822684328455) :- 
     childof(B, A), 
     !. // Clause #1.

father(A, B, -0.14185106490048777) :- !. // Clause #2.


% The flattened versions of these clauses:

flattened_father(a, b, 0.6914822684328455) :-  /* #neg=1 #pos=5 */ 
   childof(b, a),
   !. // Flattened version of clause #1.

flattened_father(underscore, underscore, -0.14185106490048777) :-  /* #neg=5 */ 
   !. // Flattened version of clause #2.


% The unique flattened literals:
%   childof(b, a)

% Saving model in: /home/nikhilesh/Projects/NeSY-Imitation-Learning/BoostSRL/sample/Toy-Father/Father/train/models/bRDNs/father.model.ckpt


%%%%%%%%%%%%%%%%%%%%%%%%%%%%%%%%%%%%%%%%%%%%%%%%%%%%%%%%%%%
%%%%%  Final call for computing score for father.  %%%%%
%%%%%%%%%%%%%%%%%%%%%%%%%%%%%%%%%%%%%%%%%%%%%%%%%%%%%%%%%%%

stepLength_tree1(1.0).

logPrior(-1.8).
father(D, E, Total) :- // A general accessor. 
   father(D, E, 1000000, Total), !.
father(D, E, Total) :- waitHere("This should not fail", father(D, E, Total)).

father(D, E, TreesToUse, Total) :- // A tree-limited accessor (e.g., for tuning the number of trees to use).
   logPrior(LogPrior),
   getScore_father_tree1(D, E, TreesToUse, Total1),
   Total is LogPrior + Total1,
   !.
father(D, E, TreesToUse, Total) :- waitHere("This should not fail", father(D, E, TreesToUse, Total)).

getScore_father_tree1(D, E, TreesToUse, 0.0) :- 1 > TreesToUse, !.
getScore_father_tree1(D, E, TreesToUse, Total1) :- father_tree1(D, E, Total), stepLength_tree1(StepLen), Total1 is Total * StepLen.

flattenedLiteralsInThisSetOfTrees(father, 1, [
   childof(b, a)]).
%      addToQueueOfTreeStructuredLearningTasks (level=0; score=1.797693135e+308)
%         ILP node to extend: null
%      Insert tree-structured search node (@ level = 0 and with score = 1.797693135e+308) into the LAST position (#1) in the search queue.
Variance:0.2479338842975205
Set score:0.0025
% [AdviceProcessor]  Generated 0 clauses at relevance level STRONGLY_IRRELEVANT.

% STARTING executeOuterLoop()
%  getNumberOfLearnedClauses() = 0 vs 8
%  getNumberOfCycles()         = 0 vs 24
%  getFractionOfPosCovered()   = 0.0 vs 0.900000
%  getTotal_nodesConsidered()  = 0 vs 10,000,000
%  getTotal_nodesCreated()     = 0 vs 100,000,000
%  getClockTimeUsedInMillisec()          = 0 vs 72,000,000
%     totalPosWeight = 11.0  minPosCoverage = 3.0

% ********************
% Outer Loop Iteration #1 with strategy=heuristic (created a total of 0 clauses so far and explored 0)
%  The outer looper (iteration #1) has been running 0 seconds and has 20 hours and 0 seconds remaining.
%  [Min precision = 0.001, (weighted) minPosCov = 3.00]
% ********************

% Have these 10 positive seeds: 0 1 2 3 4 5 6 7 8 9
%     totalPosWeight = 11.0  minPosCoverage = 3.0
%     maxPossiblePrecision = 0.990990990990991  minPrecision = 3.0
%  The inner looper is being allocated 5 hours and 0 seconds.

% performSearch() called.
% [AdviceProcessor]  Generated 0 clauses at relevance level STRONGLY_IRRELEVANT.

% LearnOneClause Parameters:
%   Targets (1):
%    father(+name, +name)
%  Modes (39):
%    male(+name),
%    childof(+name, +name),
%    siblingof(+name, -name),
%    addList(+willList, #willNumber),
%    multiplyList(+willList, #willNumber),
%    abs(+willNumber, &willNumber),
%    minus(+willNumber, &willNumber),
%    minus(+willNumber, +willNumber, &willNumber),
%    plus(+willNumber, +willNumber, &willNumber),
%    mult(+willNumber, +willNumber, &willNumber),
%    div(+willNumber, +willNumber, &willNumber),
%    allNumbers(+willList),
%    positiveNumber(+willNumber),
%    negativeNumber(+willNumber),
%    in0toDot001(+willNumber),
%    in0toDot01(+willNumber),
%    in0toDot1(+willNumber),
%    in0to1(+willNumber),
%    in0to10(+willNumber),
%    in0to100(+willNumber),
%    in0to1000(+willNumber),
%    equalWithTolerance(+willNumber, +willNumber, &willNumber),
%    greaterOrEqualDifference(+willNumber, +willNumber, &willNumber),
%    smallerOrEqualDifference(+willNumber, +willNumber, &willNumber),
%    isaEqualTolerance(+willNumber),
%    lessThan(+willNumber, +willNumber),
%    greaterThan(+willNumber, +willNumber),
%    lessThanOrEqual(+willNumber, +willNumber),
%    greaterThanOrEqual(+willNumber, +willNumber),
%    inBetweenOO(+willNumber, +willNumber, +willNumber),
%    inBetweenCO(+willNumber, +willNumber, +willNumber),
%    inBetweenOC(+willNumber, +willNumber, +willNumber),
%    inBetweenCC(+willNumber, +willNumber, +willNumber),
%    memberOfList(+willAnything, +willList),
%    firstInList(+willList, &willAnything),
%    restOfList(+willList, &willList),
%    positionInList(+willAnything, +willList, &willNumber),
%    nthInList(+willNumber, +willList, &willAnything),
%    lengthOfList(+willList, &willNumber)

%  Target #0 being learned: 'father(D, E)',
%  with argument types: [D[+name], E[+name]]
%   typeList:   [signature = [const, const], types = [+name, +name]]
%   varList:    [D, E]
%   specsList:  [D[+name], E[+name]]
%     computeCoverage: clauseBody = []
       This POS example involved 0 resolutions: father(harrypotter, jamespotter)
       This POS example involved 0 resolutions: father(dracomalfoy, luciusmalfoy)
       This POS example involved 0 resolutions: father(ginnyweasley, arthurweasley)
       This POS example involved 0 resolutions: father(ronweasley, arthurweasley)
       This POS example involved 0 resolutions: father(fredweasley, arthurweasley)
       This POS example involved 0 resolutions: father(harrypotter, mrgranger)
       This POS example involved 0 resolutions: father(luciusmalfoy, xenophiliuslovegood)
       This POS example involved 0 resolutions: father(lunalovegood, dumbledore)
       This POS example involved 0 resolutions: father(hedwig, lunalovegood)
       This POS example involved 0 resolutions: father(ronweasley, georgeweasley)
       This POS example involved 0 resolutions: father(ginnyweasley, mollyweasley)
      posCoverage = 11.00 and negCoverage = 0.00  father(_, _).  [covers 11.0/11.0 pos, 0.0/0.0 neg]

% target           = father(D, E)
% getPrimaryKey: count = -256,330,440 after father(D, E)
>>>>>> CHECK >>>>>>>>>> literals='[father(D, E)]' primaryKey = -256,330,440, secondary = father
hashObj1 = null
regressionFit:
 weightedCountOfExamplesThatSucceed = 11.0
 weightedCountOfExamplesThatFail    = 0.0
 getMinPosCoverage                  = 3.0
*** These '[D, E]' are the singleton variables in father(_, _).  [covers 11.0/11.0 pos, 0.0/0.0 neg]
%     Score = -Infinity (regressionFit = Infinity, penalties=2.2E-7) for clause:  father(_, _).  [covers 11.0/11.0 pos, 0.0/0.0 neg]
% Unacceptable due to maxPrecision: 0.990990990990991 vs 0.975   father(_, _).  [covers 11.0/11.0 pos, 0.0/0.0 neg]
% getPrimaryKey: count = -256,330,440 after father(D, E)
% Most-general root: father(_, _).  [covers 11.0/11.0 pos, 0.0/0.0 neg]  score = -Infinity

% Consider expanding [#1 of outerLoop #1, bodyLen=0] 'father(_, _).  [covers 11.0/11.0 pos, 0.0/0.0 neg]' score=-Infinity
%         calling getExistingTermsOfThisType(name, father(_, _).  [covers 11.0/11.0 pos, 0.0/0.0 neg])
%      Existing terms of type = 'name' are [D, E]

%  Usable terms:  [[D, E]] for 'male' signature = [const], types = [+name]
% |allArgPossibilities| = 2 |children| = 0    Was last here 88 milliseconds ago.
%    male/1 [+name]
%    |allArgPossibilities2| = 2
%  Consider possible new literal 'male(D)'.
%    types of new args: null
   Score this on pos seeds: father(A, _) :- male(A)
%       [male(ginnyweasley)] is false
%       [male(lunalovegood)] is false
%       [male(hedwig)] is false
    Covers 7.0 of the total wgt'ed sum (10.0) of pos seed examples.  father(A, _) :- male(A)
%    Added: 'father(A, _) :- male(A)' with new args types: null
%  Consider possible new literal 'male(E)'.
%    types of new args: null
   Score this on pos seeds: father(_, A) :- male(A)
%       [male(lunalovegood)] is false
    Covers 9.0 of the total wgt'ed sum (10.0) of pos seed examples.  father(_, A) :- male(A)
%    Added: 'father(_, A) :- male(A)' with new args types: null
%         calling getExistingTermsOfThisType(name, father(_, _).  [covers 11.0/11.0 pos, 0.0/0.0 neg])
%        CACHED Existing terms of type = 'name' are [D, E]
%         calling getExistingTermsOfThisType(name, father(_, _).  [covers 11.0/11.0 pos, 0.0/0.0 neg])
%        CACHED Existing terms of type = 'name' are [D, E]

%  Usable terms:  [[D, E], [D, E]] for 'childof' signature = [const, const], types = [+name, +name]
% |allArgPossibilities| = 4 |children| = 2    Was last here 1 milliseconds ago.
%    childof/2 [+name, +name]
%    |allArgPossibilities2| = 4
% Look up occurrences of 'childof/2' for these input arguments: [name, name].
%  Consider possible new literal 'childof(D, D)'.
%    types of new args: null
   Score this on pos seeds: father(A, _) :- childof(A, A)
%       [childof(harrypotter, harrypotter)] is false
%       [childof(dracomalfoy, dracomalfoy)] is false
%       [childof(ginnyweasley, ginnyweasley)] is false
%       [childof(ronweasley, ronweasley)] is false
%       [childof(fredweasley, fredweasley)] is false
%       [childof(harrypotter, harrypotter)] is false
%       [childof(luciusmalfoy, luciusmalfoy)] is false
%       [childof(lunalovegood, lunalovegood)] is false
%       [childof(hedwig, hedwig)] is false
%       [childof(ronweasley, ronweasley)] is false
   Discard 'father(A, _) :- childof(A, A)' because not enough pos seed examples covered: 0.0 of the total wgt'ed sum of 10.0
%  Due to unacceptable coverage on POS seeds, discard:
%    'father(A, _) :- childof(A, A)'
% Look up occurrences of 'childof/2' for these input arguments: [name, name].
%  Consider possible new literal 'childof(D, E)'.
%    types of new args: null
   Score this on pos seeds: father(A, B) :- childof(A, B)
%       [childof(harrypotter, jamespotter)] is false
%       [childof(dracomalfoy, luciusmalfoy)] is false
%       [childof(ginnyweasley, arthurweasley)] is false
%       [childof(ronweasley, arthurweasley)] is false
%       [childof(fredweasley, arthurweasley)] is false
%       [childof(harrypotter, mrgranger)] is false
%       [childof(luciusmalfoy, xenophiliuslovegood)] is false
%       [childof(lunalovegood, dumbledore)] is false
%       [childof(hedwig, lunalovegood)] is false
%       [childof(ronweasley, georgeweasley)] is false
   Discard 'father(A, B) :- childof(A, B)' because not enough pos seed examples covered: 0.0 of the total wgt'ed sum of 10.0
%  Due to unacceptable coverage on POS seeds, discard:
%    'father(A, B) :- childof(A, B)'
% Look up occurrences of 'childof/2' for these input arguments: [name, name].
%  Consider possible new literal 'childof(E, D)'.
%    types of new args: null
   Score this on pos seeds: father(A, B) :- childof(B, A)
%       [childof(mrgranger, harrypotter)] is false
%       [childof(xenophiliuslovegood, luciusmalfoy)] is false
%       [childof(dumbledore, lunalovegood)] is false
%       [childof(lunalovegood, hedwig)] is false
%       [childof(georgeweasley, ronweasley)] is false
    Covers 5.0 of the total wgt'ed sum (10.0) of pos seed examples.  father(A, B) :- childof(B, A)
%    Added: 'father(A, B) :- childof(B, A)' with new args types: null
% Look up occurrences of 'childof/2' for these input arguments: [name, name].
%  Consider possible new literal 'childof(E, E)'.
%    types of new args: null
   Score this on pos seeds: father(_, A) :- childof(A, A)
%       [childof(jamespotter, jamespotter)] is false
%       [childof(luciusmalfoy, luciusmalfoy)] is false
%       [childof(arthurweasley, arthurweasley)] is false
%       [childof(arthurweasley, arthurweasley)] is false
%       [childof(arthurweasley, arthurweasley)] is false
%       [childof(mrgranger, mrgranger)] is false
%       [childof(xenophiliuslovegood, xenophiliuslovegood)] is false
%       [childof(dumbledore, dumbledore)] is false
%       [childof(lunalovegood, lunalovegood)] is false
%       [childof(georgeweasley, georgeweasley)] is false
   Discard 'father(_, A) :- childof(A, A)' because not enough pos seed examples covered: 0.0 of the total wgt'ed sum of 10.0
%  Due to unacceptable coverage on POS seeds, discard:
%    'father(_, A) :- childof(A, A)'
%         calling getExistingTermsOfThisType(name, father(_, _).  [covers 11.0/11.0 pos, 0.0/0.0 neg])
%        CACHED Existing terms of type = 'name' are [D, E]
%         calling getExistingTermsOfThisType(name, father(_, _).  [covers 11.0/11.0 pos, 0.0/0.0 neg])
%        CACHED Existing terms of type = 'name' are [D, E]

%  Usable terms:  [[D, E], [D, E, Anon1863]] for 'siblingof' signature = [const, const], types = [+name, -name]
% |allArgPossibilities| = 6 |children| = 3    Was last here 3 milliseconds ago.
%    siblingof/2 [+name, -name]
%    |allArgPossibilities2| = 6
% Look up occurrences of 'siblingof/2' for these input arguments: [name, null].
%  Consider possible new literal 'siblingof(D, D)'.
%    types of new args: null
   Score this on pos seeds: father(A, _) :- siblingof(A, A)
%       [siblingof(harrypotter, harrypotter)] is false
%       [siblingof(dracomalfoy, dracomalfoy)] is false
%       [siblingof(ginnyweasley, ginnyweasley)] is false
%       [siblingof(ronweasley, ronweasley)] is false
%       [siblingof(fredweasley, fredweasley)] is false
%       [siblingof(harrypotter, harrypotter)] is false
%       [siblingof(luciusmalfoy, luciusmalfoy)] is false
%       [siblingof(lunalovegood, lunalovegood)] is false
%       [siblingof(hedwig, hedwig)] is false
%       [siblingof(ronweasley, ronweasley)] is false
   Discard 'father(A, _) :- siblingof(A, A)' because not enough pos seed examples covered: 0.0 of the total wgt'ed sum of 10.0
%  Due to unacceptable coverage on POS seeds, discard:
%    'father(A, _) :- siblingof(A, A)'
% Look up occurrences of 'siblingof/2' for these input arguments: [name, null].
%  Consider possible new literal 'siblingof(D, E)'.
%    types of new args: null
   Score this on pos seeds: father(A, B) :- siblingof(A, B)
%       [siblingof(harrypotter, jamespotter)] is false
%       [siblingof(dracomalfoy, luciusmalfoy)] is false
%       [siblingof(ginnyweasley, arthurweasley)] is false
%       [siblingof(ronweasley, arthurweasley)] is false
%       [siblingof(fredweasley, arthurweasley)] is false
%       [siblingof(harrypotter, mrgranger)] is false
%       [siblingof(luciusmalfoy, xenophiliuslovegood)] is false
%       [siblingof(lunalovegood, dumbledore)] is false
%       [siblingof(hedwig, lunalovegood)] is false
    Covers 1.0 of the total wgt'ed sum (10.0) of pos seed examples.  father(A, B) :- siblingof(A, B)
%    Added: 'father(A, B) :- siblingof(A, B)' with new args types: null
% Look up occurrences of 'siblingof/2' for these input arguments: [name, null].
%  Consider possible new literal 'siblingof(D, Anon1863)'.
%    types of new args: [name]
%         calling getExistingTermsOfThisType(name, father(_, _).  [covers 11.0/11.0 pos, 0.0/0.0 neg])
%        CACHED Existing terms of type = 'name' are [D, E]
AFTER ADDITION: thisVarType = name existingTermsOfThisType = [Anon1863, D, E]  parent = father(_, _).  [covers 11.0/11.0 pos, 0.0/0.0 neg]
%    Test for new variables: 'newTermBoundByThisVariable(Anon1863, D, E)' in 'father(A, B) :- siblingof(A, C), newTermBoundByThisVariable(C, A, B)'.
   Score this on pos seeds: father(A, B) :- siblingof(A, C), newTermBoundByThisVariable(C, A, B)
%     computeCoverage: clauseBody = [siblingof(D, Anon1863)]
%       [siblingof(harrypotter, Anon1863)] is false
%       MISSED POS (due to last literal): father(harrypotter, jamespotter)
       This POS example involved 0 resolutions: father(harrypotter, jamespotter)
%       [siblingof(dracomalfoy, Anon1863)] is false
%       MISSED POS (due to last literal): father(dracomalfoy, luciusmalfoy)
       This POS example involved 0 resolutions: father(dracomalfoy, luciusmalfoy)
       This POS example involved 3 resolutions: father(ginnyweasley, arthurweasley)
       This POS example involved 3 resolutions: father(ronweasley, arthurweasley)
       This POS example involved 3 resolutions: father(fredweasley, arthurweasley)
%       [siblingof(harrypotter, Anon1863)] is false
%       MISSED POS (due to last literal): father(harrypotter, mrgranger)
       This POS example involved 0 resolutions: father(harrypotter, mrgranger)
%       [siblingof(luciusmalfoy, Anon1863)] is false
%       MISSED POS (due to last literal): father(luciusmalfoy, xenophiliuslovegood)
       This POS example involved 0 resolutions: father(luciusmalfoy, xenophiliuslovegood)
%       [siblingof(lunalovegood, Anon1863)] is false
%       MISSED POS (due to last literal): father(lunalovegood, dumbledore)
       This POS example involved 0 resolutions: father(lunalovegood, dumbledore)
%       [siblingof(hedwig, Anon1863)] is false
%       MISSED POS (due to last literal): father(hedwig, lunalovegood)
       This POS example involved 0 resolutions: father(hedwig, lunalovegood)
       This POS example involved 3 resolutions: father(ronweasley, georgeweasley)
       This POS example involved 3 resolutions: father(ginnyweasley, mollyweasley)
      posCoverage = 5.00 and negCoverage = 0.00  father(A, _) :- siblingof(A, _).  [covers 5.0/11.0 pos, 0.0/0.0 neg]
    Covers 4.0 of the total wgt'ed sum (10.0) of pos seed examples.  father(A, B) :- siblingof(A, C), newTermBoundByThisVariable(C, A, B)
   Score this on pos seeds: father(A, _) :- siblingof(A, _).  [covers 5.0/11.0 pos, 0.0/0.0 neg]
%       [siblingof(harrypotter, Anon1863)] is false
%       [siblingof(dracomalfoy, Anon1863)] is false
%       [siblingof(harrypotter, Anon1863)] is false
%       [siblingof(luciusmalfoy, Anon1863)] is false
%       [siblingof(lunalovegood, Anon1863)] is false
%       [siblingof(hedwig, Anon1863)] is false
    Covers 4.0 of the total wgt'ed sum (10.0) of pos seed examples.  father(A, _) :- siblingof(A, _).  [covers 5.0/11.0 pos, 0.0/0.0 neg]
%    Added: 'father(A, _) :- siblingof(A, _).  [covers 5.0/11.0 pos, 0.0/0.0 neg]' with new args types: [name]
% Look up occurrences of 'siblingof/2' for these input arguments: [name, null].
%  Consider possible new literal 'siblingof(E, D)'.
%    types of new args: null
   Score this on pos seeds: father(A, B) :- siblingof(B, A)
%       [siblingof(jamespotter, harrypotter)] is false
%       [siblingof(luciusmalfoy, dracomalfoy)] is false
%       [siblingof(arthurweasley, ginnyweasley)] is false
%       [siblingof(arthurweasley, ronweasley)] is false
%       [siblingof(arthurweasley, fredweasley)] is false
%       [siblingof(mrgranger, harrypotter)] is false
%       [siblingof(xenophiliuslovegood, luciusmalfoy)] is false
%       [siblingof(dumbledore, lunalovegood)] is false
%       [siblingof(lunalovegood, hedwig)] is false
    Covers 1.0 of the total wgt'ed sum (10.0) of pos seed examples.  father(A, B) :- siblingof(B, A)
%    Added: 'father(A, B) :- siblingof(B, A)' with new args types: null
% Look up occurrences of 'siblingof/2' for these input arguments: [name, null].
%  Consider possible new literal 'siblingof(E, E)'.
%    types of new args: null
   Score this on pos seeds: father(_, A) :- siblingof(A, A)
%       [siblingof(jamespotter, jamespotter)] is false
%       [siblingof(luciusmalfoy, luciusmalfoy)] is false
%       [siblingof(arthurweasley, arthurweasley)] is false
%       [siblingof(arthurweasley, arthurweasley)] is false
%       [siblingof(arthurweasley, arthurweasley)] is false
%       [siblingof(mrgranger, mrgranger)] is false
%       [siblingof(xenophiliuslovegood, xenophiliuslovegood)] is false
%       [siblingof(dumbledore, dumbledore)] is false
%       [siblingof(lunalovegood, lunalovegood)] is false
%       [siblingof(georgeweasley, georgeweasley)] is false
   Discard 'father(_, A) :- siblingof(A, A)' because not enough pos seed examples covered: 0.0 of the total wgt'ed sum of 10.0
%  Due to unacceptable coverage on POS seeds, discard:
%    'father(_, A) :- siblingof(A, A)'
% Look up occurrences of 'siblingof/2' for these input arguments: [name, null].
%  Consider possible new literal 'siblingof(E, Anon1863)'.
%    types of new args: [name]
%         calling getExistingTermsOfThisType(name, father(_, _).  [covers 11.0/11.0 pos, 0.0/0.0 neg])
%        CACHED Existing terms of type = 'name' are [D, E]
AFTER ADDITION: thisVarType = name existingTermsOfThisType = [Anon1863, D, E]  parent = father(_, _).  [covers 11.0/11.0 pos, 0.0/0.0 neg]
%    Test for new variables: 'newTermBoundByThisVariable(Anon1863, D, E)' in 'father(A, B) :- siblingof(B, C), newTermBoundByThisVariable(C, A, B)'.
   Score this on pos seeds: father(A, B) :- siblingof(B, C), newTermBoundByThisVariable(C, A, B)
%     computeCoverage: clauseBody = [siblingof(E, Anon1863)]
%       [siblingof(jamespotter, Anon1863)] is false
%       MISSED POS (due to last literal): father(harrypotter, jamespotter)
       This POS example involved 0 resolutions: father(harrypotter, jamespotter)
%       [siblingof(luciusmalfoy, Anon1863)] is false
%       MISSED POS (due to last literal): father(dracomalfoy, luciusmalfoy)
       This POS example involved 0 resolutions: father(dracomalfoy, luciusmalfoy)
%       [siblingof(arthurweasley, Anon1863)] is false
%       MISSED POS (due to last literal): father(ginnyweasley, arthurweasley)
       This POS example involved 0 resolutions: father(ginnyweasley, arthurweasley)
%       [siblingof(arthurweasley, Anon1863)] is false
%       MISSED POS (due to last literal): father(ronweasley, arthurweasley)
       This POS example involved 0 resolutions: father(ronweasley, arthurweasley)
%       [siblingof(arthurweasley, Anon1863)] is false
%       MISSED POS (due to last literal): father(fredweasley, arthurweasley)
       This POS example involved 0 resolutions: father(fredweasley, arthurweasley)
%       [siblingof(mrgranger, Anon1863)] is false
%       MISSED POS (due to last literal): father(harrypotter, mrgranger)
       This POS example involved 0 resolutions: father(harrypotter, mrgranger)
%       [siblingof(xenophiliuslovegood, Anon1863)] is false
%       MISSED POS (due to last literal): father(luciusmalfoy, xenophiliuslovegood)
       This POS example involved 0 resolutions: father(luciusmalfoy, xenophiliuslovegood)
%       [siblingof(dumbledore, Anon1863)] is false
%       MISSED POS (due to last literal): father(lunalovegood, dumbledore)
       This POS example involved 0 resolutions: father(lunalovegood, dumbledore)
%       [siblingof(lunalovegood, Anon1863)] is false
%       MISSED POS (due to last literal): father(hedwig, lunalovegood)
       This POS example involved 0 resolutions: father(hedwig, lunalovegood)
       This POS example involved 3 resolutions: father(ronweasley, georgeweasley)
%       [siblingof(mollyweasley, Anon1863)] is false
%       MISSED POS (due to last literal): father(ginnyweasley, mollyweasley)
       This POS example involved 0 resolutions: father(ginnyweasley, mollyweasley)
      posCoverage = 1.00 and negCoverage = 0.00  father(_, A) :- siblingof(A, _).  [covers 1.0/11.0 pos, 0.0/0.0 neg]
    Covers 1.0 of the total wgt'ed sum (10.0) of pos seed examples.  father(A, B) :- siblingof(B, C), newTermBoundByThisVariable(C, A, B)
   Score this on pos seeds: father(_, A) :- siblingof(A, _).  [covers 1.0/11.0 pos, 0.0/0.0 neg]
%       [siblingof(jamespotter, Anon1863)] is false
%       [siblingof(luciusmalfoy, Anon1863)] is false
%       [siblingof(arthurweasley, Anon1863)] is false
%       [siblingof(arthurweasley, Anon1863)] is false
%       [siblingof(arthurweasley, Anon1863)] is false
%       [siblingof(mrgranger, Anon1863)] is false
%       [siblingof(xenophiliuslovegood, Anon1863)] is false
%       [siblingof(dumbledore, Anon1863)] is false
%       [siblingof(lunalovegood, Anon1863)] is false
    Covers 1.0 of the total wgt'ed sum (10.0) of pos seed examples.  father(_, A) :- siblingof(A, _).  [covers 1.0/11.0 pos, 0.0/0.0 neg]
%    Added: 'father(_, A) :- siblingof(A, _).  [covers 1.0/11.0 pos, 0.0/0.0 neg]' with new args types: [name]
%         calling getExistingTermsOfThisType(willList, father(_, _).  [covers 11.0/11.0 pos, 0.0/0.0 neg])
%    Abandon since allNeededPredsFound=false.
%         calling getExistingTermsOfThisType(willList, father(_, _).  [covers 11.0/11.0 pos, 0.0/0.0 neg])
%        CACHED Existing terms of type = 'willList' are null
%    Abandon since allNeededPredsFound=false.
%         calling getExistingTermsOfThisType(willNumber, father(_, _).  [covers 11.0/11.0 pos, 0.0/0.0 neg])
%    Abandon since allNeededPredsFound=false.
%         calling getExistingTermsOfThisType(willNumber, father(_, _).  [covers 11.0/11.0 pos, 0.0/0.0 neg])
%        CACHED Existing terms of type = 'willNumber' are null
%    Abandon since allNeededPredsFound=false.
%         calling getExistingTermsOfThisType(willNumber, father(_, _).  [covers 11.0/11.0 pos, 0.0/0.0 neg])
%        CACHED Existing terms of type = 'willNumber' are null
%    Abandon since allNeededPredsFound=false.
%         calling getExistingTermsOfThisType(willNumber, father(_, _).  [covers 11.0/11.0 pos, 0.0/0.0 neg])
%        CACHED Existing terms of type = 'willNumber' are null
%    Abandon since allNeededPredsFound=false.
%         calling getExistingTermsOfThisType(willNumber, father(_, _).  [covers 11.0/11.0 pos, 0.0/0.0 neg])
%        CACHED Existing terms of type = 'willNumber' are null
%    Abandon since allNeededPredsFound=false.
%         calling getExistingTermsOfThisType(willNumber, father(_, _).  [covers 11.0/11.0 pos, 0.0/0.0 neg])
%        CACHED Existing terms of type = 'willNumber' are null
%    Abandon since allNeededPredsFound=false.
%         calling getExistingTermsOfThisType(willNumber, father(_, _).  [covers 11.0/11.0 pos, 0.0/0.0 neg])
%        CACHED Existing terms of type = 'willNumber' are null
%    Abandon since allNeededPredsFound=false.
%         calling getExistingTermsOfThisType(willNumber, father(_, _).  [covers 11.0/11.0 pos, 0.0/0.0 neg])
%        CACHED Existing terms of type = 'willNumber' are null
%    Abandon since allNeededPredsFound=false.
%         calling getExistingTermsOfThisType(willList, father(_, _).  [covers 11.0/11.0 pos, 0.0/0.0 neg])
%        CACHED Existing terms of type = 'willList' are null
%    Abandon since allNeededPredsFound=false.
%         calling getExistingTermsOfThisType(willNumber, father(_, _).  [covers 11.0/11.0 pos, 0.0/0.0 neg])
%        CACHED Existing terms of type = 'willNumber' are null
%    Abandon since allNeededPredsFound=false.
%         calling getExistingTermsOfThisType(willNumber, father(_, _).  [covers 11.0/11.0 pos, 0.0/0.0 neg])
%        CACHED Existing terms of type = 'willNumber' are null
%    Abandon since allNeededPredsFound=false.
%         calling getExistingTermsOfThisType(willNumber, father(_, _).  [covers 11.0/11.0 pos, 0.0/0.0 neg])
%        CACHED Existing terms of type = 'willNumber' are null
%    Abandon since allNeededPredsFound=false.
%         calling getExistingTermsOfThisType(willNumber, father(_, _).  [covers 11.0/11.0 pos, 0.0/0.0 neg])
%        CACHED Existing terms of type = 'willNumber' are null
%    Abandon since allNeededPredsFound=false.
%         calling getExistingTermsOfThisType(willNumber, father(_, _).  [covers 11.0/11.0 pos, 0.0/0.0 neg])
%        CACHED Existing terms of type = 'willNumber' are null
%    Abandon since allNeededPredsFound=false.
%         calling getExistingTermsOfThisType(willNumber, father(_, _).  [covers 11.0/11.0 pos, 0.0/0.0 neg])
%        CACHED Existing terms of type = 'willNumber' are null
%    Abandon since allNeededPredsFound=false.
%         calling getExistingTermsOfThisType(willNumber, father(_, _).  [covers 11.0/11.0 pos, 0.0/0.0 neg])
%        CACHED Existing terms of type = 'willNumber' are null
%    Abandon since allNeededPredsFound=false.
%         calling getExistingTermsOfThisType(willNumber, father(_, _).  [covers 11.0/11.0 pos, 0.0/0.0 neg])
%        CACHED Existing terms of type = 'willNumber' are null
%    Abandon since allNeededPredsFound=false.
%         calling getExistingTermsOfThisType(willNumber, father(_, _).  [covers 11.0/11.0 pos, 0.0/0.0 neg])
%        CACHED Existing terms of type = 'willNumber' are null
%    Abandon since allNeededPredsFound=false.
%         calling getExistingTermsOfThisType(willNumber, father(_, _).  [covers 11.0/11.0 pos, 0.0/0.0 neg])
%        CACHED Existing terms of type = 'willNumber' are null
%    Abandon since allNeededPredsFound=false.
%         calling getExistingTermsOfThisType(willNumber, father(_, _).  [covers 11.0/11.0 pos, 0.0/0.0 neg])
%        CACHED Existing terms of type = 'willNumber' are null
%    Abandon since allNeededPredsFound=false.
%         calling getExistingTermsOfThisType(willNumber, father(_, _).  [covers 11.0/11.0 pos, 0.0/0.0 neg])
%        CACHED Existing terms of type = 'willNumber' are null
%    Abandon since allNeededPredsFound=false.
%         calling getExistingTermsOfThisType(willNumber, father(_, _).  [covers 11.0/11.0 pos, 0.0/0.0 neg])
%        CACHED Existing terms of type = 'willNumber' are null
%    Abandon since allNeededPredsFound=false.
%         calling getExistingTermsOfThisType(willNumber, father(_, _).  [covers 11.0/11.0 pos, 0.0/0.0 neg])
%        CACHED Existing terms of type = 'willNumber' are null
%    Abandon since allNeededPredsFound=false.
%         calling getExistingTermsOfThisType(willNumber, father(_, _).  [covers 11.0/11.0 pos, 0.0/0.0 neg])
%        CACHED Existing terms of type = 'willNumber' are null
%    Abandon since allNeededPredsFound=false.
%         calling getExistingTermsOfThisType(willNumber, father(_, _).  [covers 11.0/11.0 pos, 0.0/0.0 neg])
%        CACHED Existing terms of type = 'willNumber' are null
%    Abandon since allNeededPredsFound=false.
%         calling getExistingTermsOfThisType(willNumber, father(_, _).  [covers 11.0/11.0 pos, 0.0/0.0 neg])
%        CACHED Existing terms of type = 'willNumber' are null
%    Abandon since allNeededPredsFound=false.
%         calling getExistingTermsOfThisType(willNumber, father(_, _).  [covers 11.0/11.0 pos, 0.0/0.0 neg])
%        CACHED Existing terms of type = 'willNumber' are null
%    Abandon since allNeededPredsFound=false.
%         calling getExistingTermsOfThisType(willNumber, father(_, _).  [covers 11.0/11.0 pos, 0.0/0.0 neg])
%        CACHED Existing terms of type = 'willNumber' are null
%    Abandon since allNeededPredsFound=false.
%         calling getExistingTermsOfThisType(willNumber, father(_, _).  [covers 11.0/11.0 pos, 0.0/0.0 neg])
%        CACHED Existing terms of type = 'willNumber' are null
%    Abandon since allNeededPredsFound=false.
%         calling getExistingTermsOfThisType(willNumber, father(_, _).  [covers 11.0/11.0 pos, 0.0/0.0 neg])
%        CACHED Existing terms of type = 'willNumber' are null
%    Abandon since allNeededPredsFound=false.
%         calling getExistingTermsOfThisType(willAnything, father(_, _).  [covers 11.0/11.0 pos, 0.0/0.0 neg])
%      Existing terms of type = 'willAnything' are [D, E]
%         calling getExistingTermsOfThisType(willList, father(_, _).  [covers 11.0/11.0 pos, 0.0/0.0 neg])
%        CACHED Existing terms of type = 'willList' are null
%    Abandon since allNeededPredsFound=false.
%         calling getExistingTermsOfThisType(willList, father(_, _).  [covers 11.0/11.0 pos, 0.0/0.0 neg])
%        CACHED Existing terms of type = 'willList' are null
%    Abandon since allNeededPredsFound=false.
%         calling getExistingTermsOfThisType(willList, father(_, _).  [covers 11.0/11.0 pos, 0.0/0.0 neg])
%        CACHED Existing terms of type = 'willList' are null
%    Abandon since allNeededPredsFound=false.
%         calling getExistingTermsOfThisType(willAnything, father(_, _).  [covers 11.0/11.0 pos, 0.0/0.0 neg])
%        CACHED Existing terms of type = 'willAnything' are [D, E]
%         calling getExistingTermsOfThisType(willList, father(_, _).  [covers 11.0/11.0 pos, 0.0/0.0 neg])
%        CACHED Existing terms of type = 'willList' are null
%    Abandon since allNeededPredsFound=false.
%         calling getExistingTermsOfThisType(willNumber, father(_, _).  [covers 11.0/11.0 pos, 0.0/0.0 neg])
%        CACHED Existing terms of type = 'willNumber' are null
%    Abandon since allNeededPredsFound=false.
%         calling getExistingTermsOfThisType(willList, father(_, _).  [covers 11.0/11.0 pos, 0.0/0.0 neg])
%        CACHED Existing terms of type = 'willList' are null
%    Abandon since allNeededPredsFound=false.
%  At # nodes expanded = 1, |OPEN| = 0.  Pruned 0 variant children.  Sending 7 items to OPEN for evaluation and possible insertion.
  new result node: father(A, _) :- male(A)
  new result node: father(_, A) :- male(A)
  new result node: father(A, B) :- childof(B, A)
  new result node: father(A, B) :- siblingof(A, B)
  new result node: father(A, _) :- siblingof(A, _).  [covers 5.0/11.0 pos, 0.0/0.0 neg]
  new result node: father(A, B) :- siblingof(B, A)
  new result node: father(_, A) :- siblingof(A, _).  [covers 1.0/11.0 pos, 0.0/0.0 neg]
% Have created 7 valid-on-seeds descendants and have picked up 5 bad extensions: [childof(D, D), childof(D, E), childof(E, E), siblingof(D, D), siblingof(E, E)]

% Skipping over this 'waitHere': % FINAL |result| = 7
% getPrimaryKey: count = -256,330,440 after father(D, E)
% getPrimaryKey: count = -255,661,512 after male(D)
>>>>>> CHECK >>>>>>>>>> literals='[father(D, E), male(D)]' primaryKey = -255,661,512, secondary = male
hashObj1 = null
%     computeCoverage: clauseBody = [male(D)]
       This POS example involved 1 resolutions: father(harrypotter, jamespotter)
       This POS example involved 1 resolutions: father(dracomalfoy, luciusmalfoy)
%       [male(ginnyweasley)] is false
%       MISSED POS (due to last literal): father(ginnyweasley, arthurweasley)
       This POS example involved 0 resolutions: father(ginnyweasley, arthurweasley)
       This POS example involved 1 resolutions: father(ronweasley, arthurweasley)
       This POS example involved 1 resolutions: father(fredweasley, arthurweasley)
       This POS example involved 1 resolutions: father(harrypotter, mrgranger)
       This POS example involved 1 resolutions: father(luciusmalfoy, xenophiliuslovegood)
%       [male(lunalovegood)] is false
%       MISSED POS (due to last literal): father(lunalovegood, dumbledore)
       This POS example involved 0 resolutions: father(lunalovegood, dumbledore)
%       [male(hedwig)] is false
%       MISSED POS (due to last literal): father(hedwig, lunalovegood)
       This POS example involved 0 resolutions: father(hedwig, lunalovegood)
       This POS example involved 1 resolutions: father(ronweasley, georgeweasley)
%       [male(ginnyweasley)] is false
%       MISSED POS (due to last literal): father(ginnyweasley, mollyweasley)
       This POS example involved 0 resolutions: father(ginnyweasley, mollyweasley)
      posCoverage = 7.00 and negCoverage = 0.00  father(A, _) :- male(A).  [covers 7.0/11.0 pos, 0.0/0.0 neg]
%            cost = 1.000 for lit = male/1
*** These '[E]' are the singleton variables in father(A, _) :- male(A).  [covers 7.0/11.0 pos, 0.0/0.0 neg]
%     Score = -2.464287 (regressionFit = 2.464286, penalties=1.12E-6) for clause:  father(A, _) :- male(A).  [covers 7.0/11.0 pos, 0.0/0.0 neg]
%       [male(ginnyweasley)] is false
%       [male(lunalovegood)] is false
%       [male(hedwig)] is false
%       [male(ginnyweasley)] is false
% Acceptable (score = -2.4643): father(A, _) :- male(A).  [covers 7.0/11.0 pos, 0.0/0.0 neg]
% Gleaner: New best node found (score = -2.464287): father(A, _) :- male(A).  [covers 7.0/11.0 pos, 0.0/0.0 neg]
% getPrimaryKey: count = -256,330,440 after father(D, E)
% getPrimaryKey: count = -255,661,512 after male(E)
>>>>>> CHECK >>>>>>>>>> literals='[father(D, E), male(E)]' primaryKey = -255,661,512, secondary = male
hashObj1 = null
%     computeCoverage: clauseBody = [male(E)]
       This POS example involved 1 resolutions: father(harrypotter, jamespotter)
       This POS example involved 1 resolutions: father(dracomalfoy, luciusmalfoy)
       This POS example involved 1 resolutions: father(ginnyweasley, arthurweasley)
       This POS example involved 1 resolutions: father(ronweasley, arthurweasley)
       This POS example involved 1 resolutions: father(fredweasley, arthurweasley)
       This POS example involved 1 resolutions: father(harrypotter, mrgranger)
       This POS example involved 1 resolutions: father(luciusmalfoy, xenophiliuslovegood)
       This POS example involved 1 resolutions: father(lunalovegood, dumbledore)
%       [male(lunalovegood)] is false
%       MISSED POS (due to last literal): father(hedwig, lunalovegood)
       This POS example involved 0 resolutions: father(hedwig, lunalovegood)
       This POS example involved 1 resolutions: father(ronweasley, georgeweasley)
%       [male(mollyweasley)] is false
%       MISSED POS (due to last literal): father(ginnyweasley, mollyweasley)
       This POS example involved 0 resolutions: father(ginnyweasley, mollyweasley)
      posCoverage = 9.00 and negCoverage = 0.00  father(_, A) :- male(A).  [covers 9.0/11.0 pos, 0.0/0.0 neg]
regressionFit:
 weightedCountOfExamplesThatSucceed = 9.0
 weightedCountOfExamplesThatFail    = 2.0
 getMinPosCoverage                  = 3.0
%            cost = 1.000 for lit = male/1
*** These '[D]' are the singleton variables in father(_, A) :- male(A).  [covers 9.0/11.0 pos, 0.0/0.0 neg]
%     Score = -Infinity (regressionFit = Infinity, penalties=1.12E-6) for clause:  father(_, A) :- male(A).  [covers 9.0/11.0 pos, 0.0/0.0 neg]
%       [male(lunalovegood)] is false
%       [male(mollyweasley)] is false
% Acceptable (score = -Infinity): father(_, A) :- male(A).  [covers 9.0/11.0 pos, 0.0/0.0 neg]
Acceptable but did not beat the score of: -2.4643
% getPrimaryKey: count = -256,330,440 after father(D, E)
% getPrimaryKey: count = -107,076,262 after childof(E, D)
>>>>>> CHECK >>>>>>>>>> literals='[father(D, E), childof(E, D)]' primaryKey = -107,076,262, secondary = childof
hashObj1 = null
%     computeCoverage: clauseBody = [childof(E, D)]
       This POS example involved 1 resolutions: father(harrypotter, jamespotter)
       This POS example involved 1 resolutions: father(dracomalfoy, luciusmalfoy)
       This POS example involved 1 resolutions: father(ginnyweasley, arthurweasley)
       This POS example involved 1 resolutions: father(ronweasley, arthurweasley)
       This POS example involved 1 resolutions: father(fredweasley, arthurweasley)
%       [childof(mrgranger, harrypotter)] is false
%       MISSED POS (due to last literal): father(harrypotter, mrgranger)
       This POS example involved 0 resolutions: father(harrypotter, mrgranger)
%       [childof(xenophiliuslovegood, luciusmalfoy)] is false
%       MISSED POS (due to last literal): father(luciusmalfoy, xenophiliuslovegood)
       This POS example involved 0 resolutions: father(luciusmalfoy, xenophiliuslovegood)
%       [childof(dumbledore, lunalovegood)] is false
%       MISSED POS (due to last literal): father(lunalovegood, dumbledore)
       This POS example involved 0 resolutions: father(lunalovegood, dumbledore)
%       [childof(lunalovegood, hedwig)] is false
%       MISSED POS (due to last literal): father(hedwig, lunalovegood)
       This POS example involved 0 resolutions: father(hedwig, lunalovegood)
%       [childof(georgeweasley, ronweasley)] is false
%       MISSED POS (due to last literal): father(ronweasley, georgeweasley)
       This POS example involved 0 resolutions: father(ronweasley, georgeweasley)
       This POS example involved 1 resolutions: father(ginnyweasley, mollyweasley)
      posCoverage = 6.00 and negCoverage = 0.00  father(A, B) :- childof(B, A).  [covers 6.0/11.0 pos, 0.0/0.0 neg]
%            cost = 1.000 for lit = childof/2
*** These 'null' are the singleton variables in father(A, B) :- childof(B, A).  [covers 6.0/11.0 pos, 0.0/0.0 neg]
%     Score = -0.833334 (regressionFit = 0.833333, penalties=1.0200000000000002E-6) for clause:  father(A, B) :- childof(B, A).  [covers 6.0/11.0 pos, 0.0/0.0 neg]
%       [childof(mrgranger, harrypotter)] is false
%       [childof(xenophiliuslovegood, luciusmalfoy)] is false
%       [childof(dumbledore, lunalovegood)] is false
%       [childof(lunalovegood, hedwig)] is false
%       [childof(georgeweasley, ronweasley)] is false
% Acceptable (score = -0.8333): father(A, B) :- childof(B, A).  [covers 6.0/11.0 pos, 0.0/0.0 neg]
% Gleaner: New best node found (score = -0.833334): father(A, B) :- childof(B, A).  [covers 6.0/11.0 pos, 0.0/0.0 neg]
% getPrimaryKey: count = 176,194,397 after siblingof(D, E)
% getPrimaryKey: count = -80,136,043 after father(D, E)
>>>>>> CHECK >>>>>>>>>> literals='[siblingof(D, E), father(D, E)]' primaryKey = -80,136,043, secondary = father
hashObj1 = null
%     computeCoverage: clauseBody = [siblingof(D, E)]
%       [siblingof(harrypotter, jamespotter)] is false
%       MISSED POS (due to last literal): father(harrypotter, jamespotter)
       This POS example involved 0 resolutions: father(harrypotter, jamespotter)
%       [siblingof(dracomalfoy, luciusmalfoy)] is false
%       MISSED POS (due to last literal): father(dracomalfoy, luciusmalfoy)
       This POS example involved 0 resolutions: father(dracomalfoy, luciusmalfoy)
%       [siblingof(ginnyweasley, arthurweasley)] is false
%       MISSED POS (due to last literal): father(ginnyweasley, arthurweasley)
       This POS example involved 0 resolutions: father(ginnyweasley, arthurweasley)
%       [siblingof(ronweasley, arthurweasley)] is false
%       MISSED POS (due to last literal): father(ronweasley, arthurweasley)
       This POS example involved 0 resolutions: father(ronweasley, arthurweasley)
%       [siblingof(fredweasley, arthurweasley)] is false
%       MISSED POS (due to last literal): father(fredweasley, arthurweasley)
       This POS example involved 0 resolutions: father(fredweasley, arthurweasley)
%       [siblingof(harrypotter, mrgranger)] is false
%       MISSED POS (due to last literal): father(harrypotter, mrgranger)
       This POS example involved 0 resolutions: father(harrypotter, mrgranger)
%       [siblingof(luciusmalfoy, xenophiliuslovegood)] is false
%       MISSED POS (due to last literal): father(luciusmalfoy, xenophiliuslovegood)
       This POS example involved 0 resolutions: father(luciusmalfoy, xenophiliuslovegood)
%       [siblingof(lunalovegood, dumbledore)] is false
%       MISSED POS (due to last literal): father(lunalovegood, dumbledore)
       This POS example involved 0 resolutions: father(lunalovegood, dumbledore)
%       [siblingof(hedwig, lunalovegood)] is false
%       MISSED POS (due to last literal): father(hedwig, lunalovegood)
       This POS example involved 0 resolutions: father(hedwig, lunalovegood)
       This POS example involved 1 resolutions: father(ronweasley, georgeweasley)
%       [siblingof(ginnyweasley, mollyweasley)] is false
%       MISSED POS (due to last literal): father(ginnyweasley, mollyweasley)
       This POS example involved 0 resolutions: father(ginnyweasley, mollyweasley)
      posCoverage = 1.00 and negCoverage = 0.00  father(A, B) :- siblingof(A, B).  [covers 1.0/11.0 pos, 0.0/0.0 neg]
regressionFit:
 weightedCountOfExamplesThatSucceed = 1.0
 weightedCountOfExamplesThatFail    = 10.0
 getMinPosCoverage                  = 3.0
%            cost = 1.000 for lit = siblingof/2
*** These 'null' are the singleton variables in father(A, B) :- siblingof(A, B).  [covers 1.0/11.0 pos, 0.0/0.0 neg]
%     Score = -Infinity (regressionFit = Infinity, penalties=1.0200000000000002E-6) for clause:  father(A, B) :- siblingof(A, B).  [covers 1.0/11.0 pos, 0.0/0.0 neg]
% Unacceptable due to min pos coverage: 1.0000 vs 3.0000   father(A, B) :- siblingof(A, B).  [covers 1.0/11.0 pos, 0.0/0.0 neg]
% getPrimaryKey: count = 176,194,397 after siblingof(D, Anon1863)
% getPrimaryKey: count = -80,136,043 after father(D, E)
>>>>>> CHECK >>>>>>>>>> literals='[siblingof(D, Anon1863), father(D, E)]' primaryKey = -80,136,043, secondary = father
hashObj1 = null
%            cost = 1.000 for lit = siblingof/2
*** These '[Anon1863, E]' are the singleton variables in father(A, _) :- siblingof(A, _).  [covers 5.0/11.0 pos, 0.0/0.0 neg]
%     Score = -2.533335 (regressionFit = 2.533333, penalties=1.23E-6) for clause:  father(A, _) :- siblingof(A, _).  [covers 5.0/11.0 pos, 0.0/0.0 neg]
%       [siblingof(harrypotter, Anon1863)] is false
%       [siblingof(dracomalfoy, Anon1863)] is false
%       [siblingof(harrypotter, Anon1863)] is false
%       [siblingof(luciusmalfoy, Anon1863)] is false
%       [siblingof(lunalovegood, Anon1863)] is false
% Acceptable (score = -2.5333): father(A, _) :- siblingof(A, _).  [covers 5.0/11.0 pos, 0.0/0.0 neg]
Acceptable but did not beat the score of: -0.8333
% getPrimaryKey: count = 176,194,397 after siblingof(E, D)
% getPrimaryKey: count = -80,136,043 after father(D, E)
>>>>>> CHECK >>>>>>>>>> literals='[siblingof(E, D), father(D, E)]' primaryKey = -80,136,043, secondary = father
hashObj1 = null
%     computeCoverage: clauseBody = [siblingof(E, D)]
%       [siblingof(jamespotter, harrypotter)] is false
%       MISSED POS (due to last literal): father(harrypotter, jamespotter)
       This POS example involved 0 resolutions: father(harrypotter, jamespotter)
%       [siblingof(luciusmalfoy, dracomalfoy)] is false
%       MISSED POS (due to last literal): father(dracomalfoy, luciusmalfoy)
       This POS example involved 0 resolutions: father(dracomalfoy, luciusmalfoy)
%       [siblingof(arthurweasley, ginnyweasley)] is false
%       MISSED POS (due to last literal): father(ginnyweasley, arthurweasley)
       This POS example involved 0 resolutions: father(ginnyweasley, arthurweasley)
%       [siblingof(arthurweasley, ronweasley)] is false
%       MISSED POS (due to last literal): father(ronweasley, arthurweasley)
       This POS example involved 0 resolutions: father(ronweasley, arthurweasley)
%       [siblingof(arthurweasley, fredweasley)] is false
%       MISSED POS (due to last literal): father(fredweasley, arthurweasley)
       This POS example involved 0 resolutions: father(fredweasley, arthurweasley)
%       [siblingof(mrgranger, harrypotter)] is false
%       MISSED POS (due to last literal): father(harrypotter, mrgranger)
       This POS example involved 0 resolutions: father(harrypotter, mrgranger)
%       [siblingof(xenophiliuslovegood, luciusmalfoy)] is false
%       MISSED POS (due to last literal): father(luciusmalfoy, xenophiliuslovegood)
       This POS example involved 0 resolutions: father(luciusmalfoy, xenophiliuslovegood)
%       [siblingof(dumbledore, lunalovegood)] is false
%       MISSED POS (due to last literal): father(lunalovegood, dumbledore)
       This POS example involved 0 resolutions: father(lunalovegood, dumbledore)
%       [siblingof(lunalovegood, hedwig)] is false
%       MISSED POS (due to last literal): father(hedwig, lunalovegood)
       This POS example involved 0 resolutions: father(hedwig, lunalovegood)
       This POS example involved 1 resolutions: father(ronweasley, georgeweasley)
%       [siblingof(mollyweasley, ginnyweasley)] is false
%       MISSED POS (due to last literal): father(ginnyweasley, mollyweasley)
       This POS example involved 0 resolutions: father(ginnyweasley, mollyweasley)
      posCoverage = 1.00 and negCoverage = 0.00  father(A, B) :- siblingof(B, A).  [covers 1.0/11.0 pos, 0.0/0.0 neg]
regressionFit:
 weightedCountOfExamplesThatSucceed = 1.0
 weightedCountOfExamplesThatFail    = 10.0
 getMinPosCoverage                  = 3.0
%            cost = 1.000 for lit = siblingof/2
*** These 'null' are the singleton variables in father(A, B) :- siblingof(B, A).  [covers 1.0/11.0 pos, 0.0/0.0 neg]
%     Score = -Infinity (regressionFit = Infinity, penalties=1.0200000000000002E-6) for clause:  father(A, B) :- siblingof(B, A).  [covers 1.0/11.0 pos, 0.0/0.0 neg]
% Unacceptable due to min pos coverage: 1.0000 vs 3.0000   father(A, B) :- siblingof(B, A).  [covers 1.0/11.0 pos, 0.0/0.0 neg]
% getPrimaryKey: count = 176,194,397 after siblingof(E, Anon1863)
% getPrimaryKey: count = -80,136,043 after father(D, E)
>>>>>> CHECK >>>>>>>>>> literals='[siblingof(E, Anon1863), father(D, E)]' primaryKey = -80,136,043, secondary = father
hashObj1 = null
regressionFit:
 weightedCountOfExamplesThatSucceed = 1.0
 weightedCountOfExamplesThatFail    = 10.0
 getMinPosCoverage                  = 3.0
%            cost = 1.000 for lit = siblingof/2
*** These '[Anon1863, D]' are the singleton variables in father(_, A) :- siblingof(A, _).  [covers 1.0/11.0 pos, 0.0/0.0 neg]
%     Score = -Infinity (regressionFit = Infinity, penalties=1.23E-6) for clause:  father(_, A) :- siblingof(A, _).  [covers 1.0/11.0 pos, 0.0/0.0 neg]
% Unacceptable due to min pos coverage: 1.0000 vs 3.0000   father(_, A) :- siblingof(A, _).  [covers 1.0/11.0 pos, 0.0/0.0 neg]

^^^^^^ Clearing CLOSED ^^^^^^ (size=1)

% The best node found: father(A, B) :- childof(B, A).  [covers 6.0/11.0 pos, 0.0/0.0 neg]

% The best node found: father(A, B) :- childof(B, A).  [covers 6.0/11.0 pos, 0.0/0.0 neg]
%       [childof(mrgranger, harrypotter)] is false
%       [childof(xenophiliuslovegood, luciusmalfoy)] is false
%       [childof(dumbledore, lunalovegood)] is false
%       [childof(lunalovegood, hedwig)] is false
%       [childof(georgeweasley, ronweasley)] is false

% New full clause: 
 // Learned this clause on outer loop cycle #1.  It scores=-0.83 and has recall=0.54, precision=0.98, and F1=0.70 (using m-estimates).
 // It covers 54.5% of the positive examples, 6 of 11,
(father(D, E) :- childof(E, D))

% New LOCAL clause: (father(D, E) :- childof(E, D))


% Expanding node at Level 0 with score = 1.797693e+308.
% Will extend: father(A, B) :- childof(B, A).  [covers 6.0/11.0 pos, 0.0/0.0 neg]
Comparing variance: 0.1388888888888887 to score=0.0025 #egs=6.0
Comparing variance: -2.7755575615628915E-18 to score=0.0025 #egs=5.0
%   Creating a TRUE-branch leaf because wgtedCountTrueBranchPos = 6.0 < 2.1 * minPosCov = 6.3
%   Creating a FALSE-branch leaf because wgtedCountFalseBranchPos = 5.0 < 2.1 * minPosCov = 6.3

% Time for loop #1: 33 milliseconds.
% Internal node max length = 1
% Max tree depth in lits   = 12
% Max tree depth in nodes  = 3
% Max number of clauses    = 8

% On cycle #1, the best clause found is:
%      father(A, B) :- childof(B, A).  [covers 6.0/11.0 pos, 0.0/0.0 neg]
% This clause covers 6 positive examples, of which 6 are newly covered.
% It also covers 0 negative examples, of which 0 are newly covered.

////////////////////////////////////////////////////////////////////////////////
////
////     Gleaner for: allPossibleMarkers
////
////////////////////////////////////////////////////////////////////////////////

// Best in (weighted) recall bin #9, (0.45, 0.5], from 'outerLoop #1, null' and covering 5.0 wgt'ed positive and 0.0 wgt'ed negative examples:
//    Wgt'ed recall = 0.450, precision = 0.980, and F1 = 0.617 - learned after 6 total and 3 acceptable nodes.  Node score = -2.5333345633333333

 FOR father(D, E) IF (siblingof(D, Anon1201)) THEN output = 0.458149 ELSE output = 0.191482;

// Best in (weighted) recall bin #10, (0.5, 0.55], from 'outerLoop #1, null' and covering 6.0 wgt'ed positive and 0.0 wgt'ed negative examples:
//    Wgt'ed recall = 0.541, precision = 0.984, and F1 = 0.698 - learned after 4 total and 2 acceptable nodes.  Node score = -0.8333343533333322

 FOR father(D, E) IF (childof(E, D)) THEN output = 0.691482 ELSE output = -0.141851;

// Best in (weighted) recall bin #12, (0.6, 0.65], from 'outerLoop #1, null' and covering 7.0 wgt'ed positive and 0.0 wgt'ed negative examples:
//    Wgt'ed recall = 0.631, precision = 0.986, and F1 = 0.769 - learned after 2 total and 0 acceptable nodes.  Node score = -2.4642868342857134

 FOR father(D, E) IF (male(D)) THEN output = 0.429578 ELSE output = 0.108149;

// Best in (weighted) recall bin #16, (0.8, 0.85], from 'outerLoop #1, null' and covering 9.0 wgt'ed positive and 0.0 wgt'ed negative examples:
//    Wgt'ed recall = 0.811, precision = 0.989, and F1 = 0.891 - learned after 3 total and 1 acceptable nodes.  Node score = -Infinity

 FOR father(D, E) IF (male(E)) THEN output = 0.413704 ELSE output = -0.141851;
      /* FALSE NEG: father(hedwig, lunalovegood) Actual Bool=false Prob=0.14185106490048777 Output=-0.14185106490048777 */
      /* FALSE NEG: father(ginnyweasley, mollyweasley) Actual Bool=false Prob=0.14185106490048777 Output=-0.14185106490048777 */


////////////////////////////////////////////////////////////////////////////////
////
////     Gleaner for: outerLoop #1, null
////
////////////////////////////////////////////////////////////////////////////////

// Best in (weighted) recall bin #9, (0.45, 0.5], from 'outerLoop #1, null' and covering 5.0 wgt'ed positive and 0.0 wgt'ed negative examples:
//    Wgt'ed recall = 0.450, precision = 0.980, and F1 = 0.617 - learned after 6 total and 3 acceptable nodes.  Node score = -2.5333345633333333

 FOR father(D, E) IF (siblingof(D, Anon1201)) THEN output = 0.458149 ELSE output = 0.191482;

// Best in (weighted) recall bin #10, (0.5, 0.55], from 'outerLoop #1, null' and covering 6.0 wgt'ed positive and 0.0 wgt'ed negative examples:
//    Wgt'ed recall = 0.541, precision = 0.984, and F1 = 0.698 - learned after 4 total and 2 acceptable nodes.  Node score = -0.8333343533333322

 FOR father(D, E) IF (childof(E, D)) THEN output = 0.691482 ELSE output = -0.141851;

// Best in (weighted) recall bin #12, (0.6, 0.65], from 'outerLoop #1, null' and covering 7.0 wgt'ed positive and 0.0 wgt'ed negative examples:
//    Wgt'ed recall = 0.631, precision = 0.986, and F1 = 0.769 - learned after 2 total and 0 acceptable nodes.  Node score = -2.4642868342857134

 FOR father(D, E) IF (male(D)) THEN output = 0.429578 ELSE output = 0.108149;

// Best in (weighted) recall bin #16, (0.8, 0.85], from 'outerLoop #1, null' and covering 9.0 wgt'ed positive and 0.0 wgt'ed negative examples:
//    Wgt'ed recall = 0.811, precision = 0.989, and F1 = 0.891 - learned after 3 total and 1 acceptable nodes.  Node score = -Infinity

 FOR father(D, E) IF (male(E)) THEN output = 0.413704 ELSE output = -0.141851;
      /* FALSE NEG: father(hedwig, lunalovegood) Actual Bool=false Prob=0.14185106490048777 Output=-0.14185106490048777 */
      /* FALSE NEG: father(ginnyweasley, mollyweasley) Actual Bool=false Prob=0.14185106490048777 Output=-0.14185106490048777 */


% ******************************************

%  Have stopped ILP's outer loop because the tree-structured queue is empty.

% ******************************************

////////////////////////////////////////////////////////////////////////////////
////
////     Gleaner for: allPossibleMarkers
////
////////////////////////////////////////////////////////////////////////////////

// Best in (weighted) recall bin #9, (0.45, 0.5], from 'outerLoop #1, null' and covering 5.0 wgt'ed positive and 0.0 wgt'ed negative examples:
//    Wgt'ed recall = 0.450, precision = 0.980, and F1 = 0.617 - learned after 6 total and 3 acceptable nodes.  Node score = -2.5333345633333333

 FOR father(D, E) IF (siblingof(D, Anon1201)) THEN output = 0.458149 ELSE output = 0.191482;

// Best in (weighted) recall bin #10, (0.5, 0.55], from 'outerLoop #1, null' and covering 6.0 wgt'ed positive and 0.0 wgt'ed negative examples:
//    Wgt'ed recall = 0.541, precision = 0.984, and F1 = 0.698 - learned after 4 total and 2 acceptable nodes.  Node score = -0.8333343533333322

 FOR father(D, E) IF (childof(E, D)) THEN output = 0.691482 ELSE output = -0.141851;

// Best in (weighted) recall bin #12, (0.6, 0.65], from 'outerLoop #1, null' and covering 7.0 wgt'ed positive and 0.0 wgt'ed negative examples:
//    Wgt'ed recall = 0.631, precision = 0.986, and F1 = 0.769 - learned after 2 total and 0 acceptable nodes.  Node score = -2.4642868342857134

 FOR father(D, E) IF (male(D)) THEN output = 0.429578 ELSE output = 0.108149;

// Best in (weighted) recall bin #16, (0.8, 0.85], from 'outerLoop #1, null' and covering 9.0 wgt'ed positive and 0.0 wgt'ed negative examples:
//    Wgt'ed recall = 0.811, precision = 0.989, and F1 = 0.891 - learned after 3 total and 1 acceptable nodes.  Node score = -Infinity

 FOR father(D, E) IF (male(E)) THEN output = 0.413704 ELSE output = -0.141851;
      /* FALSE NEG: father(hedwig, lunalovegood) Actual Bool=false Prob=0.14185106490048777 Output=-0.14185106490048777 */
      /* FALSE NEG: father(ginnyweasley, mollyweasley) Actual Bool=false Prob=0.14185106490048777 Output=-0.14185106490048777 */


////////////////////////////////////////////////////////////////////////////////
////
////     Gleaner for: outerLoop #1, null
////
////////////////////////////////////////////////////////////////////////////////

// Best in (weighted) recall bin #9, (0.45, 0.5], from 'outerLoop #1, null' and covering 5.0 wgt'ed positive and 0.0 wgt'ed negative examples:
//    Wgt'ed recall = 0.450, precision = 0.980, and F1 = 0.617 - learned after 6 total and 3 acceptable nodes.  Node score = -2.5333345633333333

 FOR father(D, E) IF (siblingof(D, Anon1201)) THEN output = 0.458149 ELSE output = 0.191482;

// Best in (weighted) recall bin #10, (0.5, 0.55], from 'outerLoop #1, null' and covering 6.0 wgt'ed positive and 0.0 wgt'ed negative examples:
//    Wgt'ed recall = 0.541, precision = 0.984, and F1 = 0.698 - learned after 4 total and 2 acceptable nodes.  Node score = -0.8333343533333322

 FOR father(D, E) IF (childof(E, D)) THEN output = 0.691482 ELSE output = -0.141851;

// Best in (weighted) recall bin #12, (0.6, 0.65], from 'outerLoop #1, null' and covering 7.0 wgt'ed positive and 0.0 wgt'ed negative examples:
//    Wgt'ed recall = 0.631, precision = 0.986, and F1 = 0.769 - learned after 2 total and 0 acceptable nodes.  Node score = -2.4642868342857134

 FOR father(D, E) IF (male(D)) THEN output = 0.429578 ELSE output = 0.108149;

// Best in (weighted) recall bin #16, (0.8, 0.85], from 'outerLoop #1, null' and covering 9.0 wgt'ed positive and 0.0 wgt'ed negative examples:
//    Wgt'ed recall = 0.811, precision = 0.989, and F1 = 0.891 - learned after 3 total and 1 acceptable nodes.  Node score = -Infinity

 FOR father(D, E) IF (male(E)) THEN output = 0.413704 ELSE output = -0.141851;
      /* FALSE NEG: father(hedwig, lunalovegood) Actual Bool=false Prob=0.14185106490048777 Output=-0.14185106490048777 */
      /* FALSE NEG: father(ginnyweasley, mollyweasley) Actual Bool=false Prob=0.14185106490048777 Output=-0.14185106490048777 */

% getPrimaryKey: count = -256,330,349 after father(A, B, 0.6914822684328455)
% getPrimaryKey: count = -256,330,284 after !
% getPrimaryKey: count = -107,076,106 after childof(B, A)
>>>>>> CHECK >>>>>>>>>> literals='[father(A, B, 0.6914822684328455), !, childof(B, A)]' primaryKey = -107,076,106, secondary = !
hashObj1 = null
% getPrimaryKey: count = -256,330,349 after father(A, B, 0.6914822684328455)
% getPrimaryKey: count = -256,330,284 after !
% getPrimaryKey: count = -107,076,106 after childof(B, A)
% getPrimaryKey: count = -256,330,349 after father(_, _, -0.14185106490048777)
% getPrimaryKey: count = -256,330,284 after !
>>>>>> CHECK >>>>>>>>>> literals='[father(_, _, -0.14185106490048777), !]' primaryKey = -256,330,284, secondary = !
hashObj1 = null
% getPrimaryKey: count = -256,330,349 after father(_, _, -0.14185106490048777)
% getPrimaryKey: count = -256,330,284 after !

%%%%%  WILL-Produced Tree Combined @ 18:20:42 10/13/25.  [Using 1,546,072 memory cells.]  %%%%%


% FOR father(A, B):
%   if ( childof(B, A) )
%   then return 0.6914822684328455;  // std dev = 0.913, 6.000 (wgt'ed) examples reached here.  /* #neg=1 #pos=5 */
%   else return -0.14185106490048777;  // std dev = 0.000, 5.000 (wgt'ed) examples reached here.  /* #neg=5 */


% Clauses:

father(A, B, 0.6914822684328455) :- 
     childof(B, A), 
     !. // Clause #1.

father(A, B, -0.14185106490048777) :- !. // Clause #2.


% The flattened versions of these clauses:

flattened_father(a, b, 0.6914822684328455) :-  /* #neg=1 #pos=5 */ 
   childof(b, a),
   !. // Flattened version of clause #1.

flattened_father(underscore, underscore, -0.14185106490048777) :-  /* #neg=5 */ 
   !. // Flattened version of clause #2.


% The unique flattened literals:
%   childof(b, a)

% Time taken to learn model for 'father': 166 milliseconds.
% Saving model in: /home/nikhilesh/Projects/NeSY-Imitation-Learning/BoostSRL/sample/Toy-Father/Father/train/models/bRDNs/father.model
cached groundings hit: 0
Misses: 0

% Total learning time (1 trees): 305 milliseconds.
