pos, 0.10289502122650046, up(s12826)
pos, 0.10289502122650046, up(s5688)
pos, 0.8365987995058131, up(s10365)
pos, 0.8114499865975923, up(s377)
pos, 0.8114499865975923, up(s6918)
pos, 0.10289502122650046, up(s5187)
pos, 0.10289502122650046, up(s14615)
pos, 0.10289502122650046, up(s15928)
pos, 0.10289502122650046, up(s3913)
pos, 0.5848843897172197, up(s1929)
pos, 0.8446512897493086, up(s5654)
pos, 0.10289502122650046, up(s4799)
pos, 0.9626731126558706, up(s1588)
pos, 0.44405545392917123, up(s13487)
pos, 0.44405545392917123, up(s1803)
pos, 0.10289502122650046, up(s6375)
pos, 0.10289502122650046, up(s16898)
pos, 0.8114499865975923, up(s1649)
pos, 0.10289502122650046, up(s6664)
pos, 0.8365987995058131, up(s10331)
pos, 0.8754916925991265, up(s906)
pos, 0.9626731126558706, up(s1584)
pos, 0.10289502122650046, up(s15912)
pos, 0.10289502122650046, up(s12838)
pos, 0.8114499865975923, up(s6284)
pos, 0.10289502122650046, up(s15890)
pos, 0.8446512897493086, up(s16785)
pos, 0.8114499865975923, up(s14523)
pos, 0.10289502122650046, up(s10348)
pos, 0.08169386300044566, up(s10371)
pos, 0.8114499865975923, up(s14522)
pos, 0.10289502122650046, up(s14650)
pos, 0.08169386300044566, up(s15873)
pos, 0.8365987995058131, up(s8648)
pos, 0.8365987995058131, up(s11441)
pos, 0.10289502122650046, up(s2616)
pos, 0.10289502122650046, up(s5286)
pos, 0.5, up(s3707)
pos, 0.10289502122650046, up(s11266)
pos, 0.10289502122650046, up(s3397)
pos, 0.10289502122650046, up(s16888)
pos, 0.8114499865975923, up(s5630)
pos, 0.10289502122650046, up(s16800)
pos, 0.84256250868867, up(s10996)
pos, 0.8114499865975923, up(s399)
pos, 0.10289502122650046, up(s15440)
pos, 0.10289502122650046, up(s14642)
pos, 0.44405545392917123, up(s6222)
pos, 0.10289502122650046, up(s4689)
pos, 0.10289502122650046, up(s4981)
pos, 0.10289502122650046, up(s9688)
pos, 0.8114499865975923, up(s6272)
pos, 0.10289502122650046, up(s4716)
pos, 0.10289502122650046, up(s2412)
pos, 0.10289502122650046, up(s11300)
pos, 0.1953861501028564, up(s2309)
pos, 0.10289502122650046, up(s10446)
pos, 0.8446512897493086, up(s13618)
pos, 0.10289502122650046, up(s8842)
pos, 0.8114499865975923, up(s15106)
pos, 0.8114499865975923, up(s518)
pos, 0.08169386300044566, up(s7046)
pos, 0.8365987995058131, up(s2058)
pos, 0.8446512897493086, up(s7109)
pos, 0.10289502122650046, up(s14148)
pos, 0.10289502122650046, up(s10433)
pos, 0.8365987995058131, up(s8650)
pos, 0.9626731126558706, up(s13883)
pos, 0.9626731126558706, up(s4582)
pos, 0.22430008610876984, up(s15547)
pos, 0.8754916925991265, up(s9090)
pos, 0.10289502122650046, up(s15910)
pos, 0.08169386300044566, up(s10369)
pos, 0.10289502122650046, up(s2450)
pos, 0.08169386300044566, up(s507)
pos, 0.22430008610876984, up(s15095)
pos, 0.10289502122650046, up(s16896)
pos, 0.8446512897493086, up(s13641)
pos, 0.8660721116759263, up(s6224)
pos, 0.10289502122650046, up(s6673)
pos, 0.9501389651995008, up(s9127)
pos, 0.9626731126558706, up(s12735)
pos, 0.5, up(s3703)
pos, 0.9626731126558706, up(s4573)
pos, 0.10289502122650046, up(s12423)
pos, 0.10289502122650046, up(s13064)
pos, 0.10289502122650046, up(s12280)
pos, 0.10289502122650046, up(s3198)
pos, 0.10289502122650046, up(s8796)
pos, 0.8365987995058131, up(s2056)
pos, 0.8365987995058131, up(s499)
pos, 0.8114499865975923, up(s15102)
pos, 0.10289502122650046, up(s14634)
pos, 0.10289502122650046, up(s14154)
pos, 0.8446512897493086, up(s13624)
pos, 0.10289502122650046, up(s941)
pos, 0.8114499865975923, up(s1622)
pos, 0.8114499865975923, up(s14514)
pos, 0.1953861501028564, up(s2304)
pos, 0.10289502122650046, up(s3914)
pos, 0.10289502122650046, up(s7278)
pos, 0.5, up(s3736)
pos, 0.10289502122650046, up(s15112)
pos, 0.9501389651995008, up(s13712)
pos, 0.8446512897493086, up(s13601)
pos, 0.10289502122650046, up(s9191)
pos, 0.8114499865975923, up(s6925)
pos, 0.10289502122650046, up(s9939)
pos, 0.84256250868867, up(s12742)
pos, 0.22430008610876984, up(s15654)
pos, 0.10289502122650046, up(s5697)
pos, 0.8114499865975923, up(s6921)
pos, 0.22430008610876984, up(s12677)
pos, 0.10289502122650046, up(s4846)
pos, 0.10289502122650046, up(s2452)
pos, 0.10289502122650046, up(s10447)
pos, 0.8114499865975923, up(s7785)
pos, 0.10289502122650046, up(s10483)
pos, 0.10289502122650046, up(s1678)
pos, 0.10289502122650046, up(s14133)
pos, 0.22430008610876984, up(s14296)
pos, 0.10289502122650046, up(s7290)
pos, 0.10289502122650046, up(s12831)
pos, 0.08169386300044566, up(s5581)
pos, 0.10289502122650046, up(s5689)
pos, 0.10289502122650046, up(s2504)
pos, 0.8114499865975923, up(s12273)
pos, 0.8114499865975923, up(s393)
pos, 0.9626731126558706, up(s1586)
pos, 0.11920292202211755, up(s9584)
pos, 0.10289502122650046, up(s14626)
pos, 0.9626731126558706, up(s6495)
pos, 0.10289502122650046, up(s10440)
pos, 0.08169386300044566, up(s9666)
pos, 0.8754916925991265, up(s898)
pos, 0.44405545392917123, up(s1799)
pos, 0.10289502122650046, up(s6372)
pos, 0.8446512897493086, up(s11598)
pos, 0.22430008610876984, up(s14299)
pos, 0.8114499865975923, up(s566)
pos, 0.8365987995058131, up(s6607)
pos, 0.22430008610876984, up(s12706)
pos, 0.10289502122650046, up(s14621)
pos, 0.1953861501028564, up(s602)
pos, 0.10289502122650046, up(s2495)
pos, 0.10289502122650046, up(s2507)
pos, 0.8114499865975923, up(s380)
pos, 0.22430008610876984, up(s13820)
pos, 0.44405545392917123, up(s1798)
pos, 0.8114499865975923, up(s9682)
pos, 0.8660721116759263, up(s1914)
pos, 0.10289502122650046, up(s15776)
pos, 0.10289502122650046, up(s2626)
pos, 0.08169386300044566, up(s10367)
pos, 0.10289502122650046, up(s10437)
pos, 0.5, up(s6898)
pos, 0.8446512897493086, up(s13625)
pos, 0.10289502122650046, up(s15413)
pos, 0.8114499865975923, up(s6932)
pos, 0.8114499865975923, up(s3152)
pos, 0.10289502122650046, up(s15886)
pos, 0.10289502122650046, up(s14131)
pos, 0.10289502122650046, up(s4933)
pos, 0.8114499865975923, up(s6277)
pos, 0.13296424019782926, up(s4615)
pos, 0.8114499865975923, up(s9679)
pos, 0.10289502122650046, up(s11414)
pos, 0.22430008610876984, up(s15298)
pos, 0.10289502122650046, up(s12428)
pos, 0.10289502122650046, up(s2389)
pos, 0.10289502122650046, up(s14620)
pos, 0.8446512897493086, up(s5661)
pos, 0.10289502122650046, up(s15862)
pos, 0.8114499865975923, up(s8375)
pos, 0.8114499865975923, up(s3163)
pos, 0.10289502122650046, up(s13645)
pos, 0.10289502122650046, up(s9861)
pos, 0.10289502122650046, up(s12743)
pos, 0.11920292202211755, up(s3070)
pos, 0.5848843897172197, up(s1925)
pos, 0.10289502122650046, up(s4843)
pos, 0.22430008610876984, up(s3753)
pos, 0.22430008610876984, up(s17084)
pos, 0.10289502122650046, up(s9950)
pos, 0.10289502122650046, up(s2316)
pos, 0.10289502122650046, up(s5050)
pos, 0.8365987995058131, up(s10334)
pos, 0.10289502122650046, up(s15872)
pos, 0.8114499865975923, up(s15104)
pos, 0.10289502122650046, up(s2621)
pos, 0.22430008610876984, up(s9997)
pos, 0.10289502122650046, up(s7289)
pos, 0.9501389651995008, up(s13718)
pos, 0.08169386300044566, up(s11417)
pos, 0.10289502122650046, up(s14151)
pos, 0.10289502122650046, up(s14157)
pos, 0.8365987995058131, up(s6617)
pos, 0.10289502122650046, up(s6797)
pos, 0.8754916925991265, up(s9122)
pos, 0.9501389651995008, up(s9129)
pos, 0.8114499865975923, up(s6923)
pos, 0.10289502122650046, up(s15924)
pos, 0.10289502122650046, up(s5299)
pos, 0.8114499865975923, up(s8371)
pos, 0.22430008610876984, up(s9992)
pos, 0.8446512897493086, up(s11604)
pos, 0.22430008610876984, up(s15548)
pos, 0.8446512897493086, up(s5652)
pos, 0.10289502122650046, up(s7295)
pos, 0.10289502122650046, up(s7292)
pos, 0.22430008610876984, up(s15550)
pos, 0.9501389651995008, up(s8655)
pos, 0.10289502122650046, up(s15920)
pos, 0.10289502122650046, up(s14638)
pos, 0.5848843897172197, up(s11529)
pos, 0.10289502122650046, up(s6657)
pos, 0.8365987995058131, up(s504)
pos, 0.13296424019782926, up(s4616)
pos, 0.10289502122650046, up(s620)
pos, 0.9626731126558706, up(s4574)
pos, 0.8365987995058131, up(s6604)
pos, 0.9626731126558706, up(s7969)
pos, 0.10289502122650046, up(s14632)
pos, 0.8114499865975923, up(s874)
pos, 0.10289502122650046, up(s15859)
pos, 0.13296424019782926, up(s4620)
pos, 0.84256250868867, up(s11002)
pos, 0.8114499865975923, up(s13500)
pos, 0.10289502122650046, up(s6500)
pos, 0.10289502122650046, up(s5040)
pos, 0.10289502122650046, up(s13643)
pos, 0.10289502122650046, up(s8083)
pos, 0.10289502122650046, up(s8808)
pos, 0.10289502122650046, up(s8841)
pos, 0.10289502122650046, up(s13036)
pos, 0.10289502122650046, up(s12427)
pos, 0.08169386300044566, up(s10168)
pos, 0.10289502122650046, up(s9195)
pos, 0.9626731126558706, up(s4585)
pos, 0.10289502122650046, up(s15861)
pos, 0.8114499865975923, up(s6265)
pos, 0.11920292202211755, up(s7737)
pos, 0.10289502122650046, up(s5683)
pos, 0.10289502122650046, up(s8801)
pos, 0.5, up(s3708)
pos, 0.9626731126558706, up(s13707)
pos, 0.10289502122650046, up(s9863)
pos, 0.8754916925991265, up(s14594)
pos, 0.1953861501028564, up(s2299)
pos, 0.10289502122650046, up(s12422)
pos, 0.10289502122650046, up(s5705)
pos, 0.10289502122650046, up(s2416)
pos, 0.10289502122650046, up(s11261)
pos, 0.8754916925991265, up(s9148)
pos, 0.08169386300044566, up(s17074)
pos, 0.8114499865975923, up(s1616)
pos, 0.11920292202211755, up(s9586)
pos, 0.8114499865975923, up(s17004)
pos, 0.10289502122650046, up(s10480)
pos, 0.9501389651995008, up(s13736)
pos, 0.8446512897493086, up(s13623)
pos, 0.10289502122650046, up(s14616)
pos, 0.8365987995058131, up(s10330)
pos, 0.10289502122650046, up(s6734)
pos, 0.8446512897493086, up(s4636)
pos, 0.10289502122650046, up(s7283)
pos, 0.10289502122650046, up(s2393)
pos, 0.8114499865975923, up(s12275)
pos, 0.8446512897493086, up(s5662)
pos, 0.22430008610876984, up(s15296)
pos, 0.8114499865975923, up(s12277)
pos, 0.10289502122650046, up(s5261)
pos, 0.10289502122650046, up(s12417)
pos, 0.9525741268224334, up(s12701)
pos, 0.8114499865975923, up(s571)
pos, 0.10289502122650046, up(s5277)
pos, 0.10289502122650046, up(s9949)
pos, 0.1953861501028564, up(s302)
pos, 0.10289502122650046, up(s4797)
pos, 0.10289502122650046, up(s4845)
pos, 0.10289502122650046, up(s14624)
pos, 0.10289502122650046, up(s6741)
pos, 0.9626731126558706, up(s6494)
pos, 0.22430008610876984, up(s3341)
pos, 0.84256250868867, up(s10998)
pos, 0.10289502122650046, up(s5042)
pos, 0.8365987995058131, up(s496)
pos, 0.08169386300044566, up(s12226)
pos, 0.10289502122650046, up(s5681)
pos, 0.10289502122650046, up(s8087)
pos, 0.8446512897493086, up(s13635)
pos, 0.8114499865975923, up(s14517)
pos, 0.8754916925991265, up(s12165)
pos, 0.10289502122650046, up(s947)
pos, 0.8446512897493086, up(s11597)
pos, 0.22430008610876984, up(s3567)
pos, 0.8446512897493086, up(s13602)
pos, 0.10289502122650046, up(s12822)
pos, 0.9501389651995008, up(s13725)
pos, 0.10289502122650046, up(s15769)
pos, 0.8114499865975923, up(s1664)
pos, 0.10289502122650046, up(s16802)
pos, 0.8114499865975923, up(s14531)
pos, 0.10289502122650046, up(s9951)
pos, 0.10289502122650046, up(s14122)
pos, 0.10289502122650046, up(s13063)
pos, 0.9626731126558706, up(s13706)
pos, 0.1953861501028564, up(s2286)
pos, 0.44405545392917123, up(s6214)
pos, 0.10289502122650046, up(s14631)
pos, 0.8365987995058131, up(s8637)
pos, 0.8365987995058131, up(s11440)
pos, 0.8754916925991265, up(s920)
pos, 0.8114499865975923, up(s568)
pos, 0.9626731126558706, up(s1577)
pos, 0.10289502122650046, up(s6498)
pos, 0.8365987995058131, up(s8651)
pos, 0.9626731126558706, up(s1578)
pos, 0.10289502122650046, up(s9205)
pos, 0.22430008610876984, up(s3337)
pos, 0.10289502122650046, up(s12296)
pos, 0.22430008610876984, up(s12728)
pos, 0.8365987995058131, up(s15366)
pos, 0.10289502122650046, up(s9862)
pos, 0.22430008610876984, up(s15295)
pos, 0.10289502122650046, up(s15424)
pos, 0.9626731126558706, up(s1583)
pos, 0.5, up(s3750)
pos, 0.8365987995058131, up(s6622)
pos, 0.22430008610876984, up(s13817)
pos, 0.10289502122650046, up(s6587)
pos, 0.8114499865975923, up(s12266)
pos, 0.8114499865975923, up(s6276)
pos, 0.8754916925991265, up(s903)
pos, 0.8114499865975923, up(s14521)
pos, 0.10289502122650046, up(s951)
pos, 0.10289502122650046, up(s3398)
pos, 0.10289502122650046, up(s2398)
pos, 0.5848843897172197, up(s3885)
pos, 0.8114499865975923, up(s3155)
pos, 0.8365987995058131, up(s776)
pos, 0.08169386300044566, up(s9673)
pos, 0.8114499865975923, up(s6919)
pos, 0.84256250868867, up(s11014)
pos, 0.13296424019782926, up(s4597)
pos, 0.1953861501028564, up(s308)
pos, 0.22430008610876984, up(s12732)
pos, 0.11920292202211755, up(s7731)
pos, 0.22430008610876984, up(s13889)
pos, 0.10289502122650046, up(s8078)
pos, 0.8114499865975923, up(s396)
pos, 0.8114499865975923, up(s4668)
pos, 0.10289502122650046, up(s3895)
pos, 0.10289502122650046, up(s2493)
pos, 0.8365987995058131, up(s15364)
pos, 0.10289502122650046, up(s12829)
pos, 0.10289502122650046, up(s6733)
pos, 0.10289502122650046, up(s10492)
pos, 0.9501389651995008, up(s9128)
pos, 0.10289502122650046, up(s10445)
pos, 0.10289502122650046, up(s10353)
pos, 0.10289502122650046, up(s11307)
pos, 0.10289502122650046, up(s5274)
pos, 0.10289502122650046, up(s12837)
pos, 0.08169386300044566, up(s5580)
pos, 0.9501389651995008, up(s8658)
pos, 0.8114499865975923, up(s1902)
pos, 0.8114499865975923, up(s5622)
pos, 0.11920292202211755, up(s3072)
pos, 0.8365987995058131, up(s11451)
pos, 0.5848843897172197, up(s3882)
pos, 0.10289502122650046, up(s3915)
pos, 0.8114499865975923, up(s880)
pos, 0.10289502122650046, up(s6671)
pos, 0.8114499865975923, up(s13502)
pos, 0.8114499865975923, up(s6937)
pos, 0.44405545392917123, up(s1612)
pos, 0.8365987995058131, up(s10339)
pos, 0.10289502122650046, up(s2625)
pos, 0.8365987995058131, up(s11448)
pos, 0.10289502122650046, up(s12295)
pos, 0.22430008610876984, up(s17082)
pos, 0.10289502122650046, up(s2394)
pos, 0.10289502122650046, up(s15768)
pos, 0.08169386300044566, up(s510)
pos, 0.10289502122650046, up(s15272)
pos, 0.10289502122650046, up(s4720)
pos, 0.1953861501028564, up(s2303)
pos, 0.10289502122650046, up(s4029)
pos, 0.22430008610876984, up(s770)
pos, 0.8754916925991265, up(s909)
pos, 0.22430008610876984, up(s5475)
pos, 0.10289502122650046, up(s6370)
pos, 0.5, up(s3737)
pos, 0.08169386300044566, up(s15094)
pos, 0.10289502122650046, up(s7799)
pos, 0.10289502122650046, up(s10481)
pos, 0.10289502122650046, up(s12839)
pos, 0.8114499865975923, up(s563)
pos, 0.08169386300044566, up(s12710)
pos, 0.08169386300044566, up(s15093)
pos, 0.10289502122650046, up(s5685)
pos, 0.44405545392917123, up(s6209)
pos, 0.10289502122650046, up(s5677)
pos, 0.08169386300044566, up(s12719)
pos, 0.10289502122650046, up(s6745)
pos, 0.22430008610876984, up(s14314)
pos, 0.8114499865975923, up(s6278)
pos, 0.1953861501028564, up(s12076)
pos, 0.10289502122650046, up(s15773)
pos, 0.22430008610876984, up(s17008)
pos, 0.8114499865975923, up(s5624)
pos, 0.10289502122650046, up(s8088)
pos, 0.10289502122650046, up(s14653)
pos, 0.10289502122650046, up(s13038)
pos, 0.10289502122650046, up(s2501)
pos, 0.10289502122650046, up(s10429)
pos, 0.84256250868867, up(s612)
pos, 0.8365987995058131, up(s3654)
pos, 0.8114499865975923, up(s15108)
pos, 0.08169386300044566, up(s780)
pos, 0.8660721116759263, up(s1910)
pos, 0.10289502122650046, up(s2503)
pos, 0.10289502122650046, up(s954)
pos, 0.10289502122650046, up(s7643)
pos, 0.10289502122650046, up(s10350)
pos, 0.1953861501028564, up(s2291)
pos, 0.22430008610876984, up(s14301)
pos, 0.10289502122650046, up(s7297)
pos, 0.8365987995058131, up(s10338)
pos, 0.44405545392917123, up(s1608)
pos, 0.8114499865975923, up(s1669)
pos, 0.10289502122650046, up(s5300)
pos, 0.1953861501028564, up(s8500)
pos, 0.22430008610876984, up(s3754)
pos, 0.08169386300044566, up(s7045)
pos, 0.5848843897172197, up(s11533)
pos, 0.8114499865975923, up(s13495)
pos, 0.5848843897172197, up(s11527)
pos, 0.8446512897493086, up(s5667)
pos, 0.22430008610876984, up(s3572)
pos, 0.10289502122650046, up(s2619)
pos, 0.8446512897493086, up(s13629)
pos, 0.08169386300044566, up(s3356)
pos, 0.8446512897493086, up(s5674)
pos, 0.13296424019782926, up(s4596)
pos, 0.10289502122650046, up(s10490)
pos, 0.10289502122650046, up(s6674)
pos, 0.8365987995058131, up(s492)
pos, 0.8114499865975923, up(s6934)
pos, 0.9501389651995008, up(s13732)
pos, 0.8114499865975923, up(s13504)
pos, 0.8114499865975923, up(s1905)
pos, 0.8114499865975923, up(s875)
pos, 0.10289502122650046, up(s8090)
pos, 0.9501389651995008, up(s9130)
pos, 0.10289502122650046, up(s9858)
pos, 0.22430008610876984, up(s13890)
pos, 0.9626731126558706, up(s13705)
pos, 0.8365987995058131, up(s8647)
pos, 0.10289502122650046, up(s6287)
pos, 0.22430008610876984, up(s5474)
pos, 0.10289502122650046, up(s4030)
pos, 0.22430008610876984, up(s17085)
pos, 0.44405545392917123, up(s1611)
pos, 0.8754916925991265, up(s9120)
pos, 0.22430008610876984, up(s9994)
pos, 0.1953861501028564, up(s607)
pos, 0.10289502122650046, up(s6291)
pos, 0.10289502122650046, up(s10431)
pos, 0.10289502122650046, up(s5273)
pos, 0.10289502122650046, up(s6591)
pos, 0.22430008610876984, up(s14293)
pos, 0.8754916925991265, up(s13019)
pos, 0.22430008610876984, up(s4569)
pos, 0.10289502122650046, up(s8800)
pos, 0.10289502122650046, up(s15914)
pos, 0.8114499865975923, up(s1620)
pos, 0.8114499865975923, up(s15100)
pos, 0.10289502122650046, up(s4690)
pos, 0.11920292202211755, up(s3075)
pos, 0.10289502122650046, up(s11260)
pos, 0.9626731126558706, up(s1593)
pos, 0.8114499865975923, up(s8688)
pos, 0.8365987995058131, up(s10335)
pos, 0.5848843897172197, up(s3877)
pos, 0.10289502122650046, up(s12890)
pos, 0.08169386300044566, up(s514)
pos, 0.10289502122650046, up(s5263)
pos, 0.9626731126558706, up(s13704)
pos, 0.10289502122650046, up(s12823)
pos, 0.8114499865975923, up(s6274)
pos, 0.10289502122650046, up(s6584)
pos, 0.10289502122650046, up(s15770)
pos, 0.22430008610876984, up(s15549)
pos, 0.10289502122650046, up(s17096)
pos, 0.8754916925991265, up(s9083)
pos, 0.10289502122650046, up(s12412)
pos, 0.9626731126558706, up(s1591)
pos, 0.8754916925991265, up(s927)
pos, 0.8365987995058131, up(s10336)
pos, 0.10289502122650046, up(s15909)
pos, 0.8114499865975923, up(s883)
pos, 0.10289502122650046, up(s5270)
pos, 0.8114499865975923, up(s387)
neg, 0.10289502122650046, up(s4130)
neg, 0.08169386300044566, up(s13943)
neg, 0.10289502122650046, up(s13367)
neg, 0.10289502122650046, up(s5195)
neg, 0.10289502122650046, up(s4150)
neg, 0.08169386300044566, up(s9100)
neg, 0.8114499865975923, up(s11062)
neg, 0.10289502122650046, up(s16485)
neg, 0.10289502122650046, up(s16168)
neg, 0.10289502122650046, up(s1334)
neg, 0.10289502122650046, up(s9512)
neg, 0.10289502122650046, up(s4350)
neg, 0.10289502122650046, up(s1144)
neg, 0.8365987995058131, up(s3598)
neg, 0.10289502122650046, up(s2901)
neg, 0.10289502122650046, up(s1300)
neg, 0.10289502122650046, up(s9814)
neg, 0.10289502122650046, up(s9305)
neg, 0.10289502122650046, up(s13379)
neg, 0.8365987995058131, up(s2045)
neg, 0.10289502122650046, up(s9934)
neg, 0.10289502122650046, up(s7922)
neg, 0.10289502122650046, up(s981)
neg, 0.10289502122650046, up(s12382)
neg, 0.8446512897493086, up(s11588)
neg, 0.10289502122650046, up(s12472)
neg, 0.8446512897493086, up(s3372)
neg, 0.10289502122650046, up(s16040)
neg, 0.10289502122650046, up(s7359)
neg, 0.10289502122650046, up(s11880)
neg, 0.1953861501028564, up(s600)
neg, 0.08169386300044566, up(s1525)
neg, 0.10289502122650046, up(s2633)
neg, 0.10289502122650046, up(s14441)
neg, 0.10289502122650046, up(s171)
neg, 0.10289502122650046, up(s255)
neg, 0.44405545392917123, up(s3108)
neg, 0.10289502122650046, up(s1118)
neg, 0.10289502122650046, up(s9406)
neg, 0.08169386300044566, up(s12206)
neg, 0.08169386300044566, up(s6173)
neg, 0.10289502122650046, up(s14455)
neg, 0.10289502122650046, up(s3972)
neg, 0.10289502122650046, up(s16524)
neg, 0.10289502122650046, up(s9771)
neg, 0.10289502122650046, up(s15714)
neg, 0.8114499865975923, up(s7767)
neg, 0.10289502122650046, up(s16182)
neg, 0.10289502122650046, up(s11245)
neg, 0.22430008610876984, up(s8247)
neg, 0.10289502122650046, up(s15247)
neg, 0.10289502122650046, up(s9464)
neg, 0.10289502122650046, up(s10645)
neg, 0.10289502122650046, up(s1008)
neg, 0.10289502122650046, up(s7230)
neg, 0.10289502122650046, up(s150)
neg, 0.10289502122650046, up(s2887)
neg, 0.10289502122650046, up(s4909)
neg, 0.08169386300044566, up(s8592)
neg, 0.10289502122650046, up(s9436)
neg, 0.10289502122650046, up(s16910)
neg, 0.08169386300044566, up(s14281)
neg, 0.1953861501028564, up(s12062)
neg, 0.08169386300044566, up(s6871)
neg, 0.10289502122650046, up(s12372)
neg, 0.13296424019782926, up(s13413)
neg, 0.1953861501028564, up(s1546)
neg, 0.10289502122650046, up(s10529)
neg, 0.08169386300044566, up(s3627)
neg, 0.10289502122650046, up(s16100)
neg, 0.08169386300044566, up(s16673)
neg, 0.10289502122650046, up(s4465)
neg, 0.08169386300044566, up(s14504)
neg, 0.8114499865975923, up(s3835)
neg, 0.8446512897493086, up(s16771)
neg, 0.8114499865975923, up(s371)
neg, 0.10289502122650046, up(s14924)
neg, 0.10289502122650046, up(s16372)
neg, 0.10289502122650046, up(s5985)
neg, 0.10289502122650046, up(s13284)
neg, 0.22430008610876984, up(s758)
neg, 0.10289502122650046, up(s13226)
neg, 0.10289502122650046, up(s6073)
neg, 0.22430008610876984, up(s1436)
neg, 0.10289502122650046, up(s8765)
neg, 0.10289502122650046, up(s1357)
neg, 0.10289502122650046, up(s10855)
neg, 0.10289502122650046, up(s5795)
neg, 0.10289502122650046, up(s4701)
neg, 0.10289502122650046, up(s7638)
neg, 0.10289502122650046, up(s7394)
neg, 0.10289502122650046, up(s7654)
neg, 0.10289502122650046, up(s14748)
neg, 0.5848843897172197, up(s13691)
neg, 0.22430008610876984, up(s10147)
neg, 0.10289502122650046, up(s12487)
neg, 0.10289502122650046, up(s15382)
neg, 0.08169386300044566, up(s794)
neg, 0.10289502122650046, up(s17114)
neg, 0.10289502122650046, up(s2806)
neg, 0.10289502122650046, up(s10521)
neg, 0.10289502122650046, up(s2677)
neg, 0.08169386300044566, up(s4516)
neg, 0.10289502122650046, up(s5825)
neg, 0.10289502122650046, up(s14041)
neg, 0.10289502122650046, up(s10553)
neg, 0.10289502122650046, up(s16426)
neg, 0.10289502122650046, up(s7647)
neg, 0.10289502122650046, up(s4920)
neg, 0.10289502122650046, up(s5758)
neg, 0.11920292202211755, up(s8516)
neg, 0.10289502122650046, up(s89)
neg, 0.08169386300044566, up(s823)
neg, 0.10289502122650046, up(s13122)
neg, 0.8114499865975923, up(s11052)
neg, 0.10289502122650046, up(s16481)
neg, 0.8114499865975923, up(s2277)
neg, 0.10289502122650046, up(s5841)
neg, 0.10289502122650046, up(s9475)
neg, 0.08169386300044566, up(s3613)
neg, 0.08169386300044566, up(s9637)
neg, 0.10289502122650046, up(s4339)
neg, 0.10289502122650046, up(s1732)
neg, 0.10289502122650046, up(s2586)
neg, 0.8114499865975923, up(s1636)
neg, 0.10289502122650046, up(s15692)
neg, 0.10289502122650046, up(s10841)
neg, 0.1953861501028564, up(s12070)
neg, 0.22430008610876984, up(s11483)
neg, 0.22430008610876984, up(s14246)
neg, 0.10289502122650046, up(s11799)
neg, 0.10289502122650046, up(s15255)
neg, 0.10289502122650046, up(s9513)
neg, 0.11920292202211755, up(s6951)
neg, 0.10289502122650046, up(s14209)
neg, 0.10289502122650046, up(s1172)
neg, 0.1953861501028564, up(s6394)
neg, 0.22430008610876984, up(s1440)
neg, 0.22430008610876984, up(s413)
neg, 0.84256250868867, up(s3093)
neg, 0.10289502122650046, up(s2467)
neg, 0.10289502122650046, up(s16417)
neg, 0.10289502122650046, up(s3450)
neg, 0.10289502122650046, up(s2749)
neg, 0.10289502122650046, up(s5094)
neg, 0.10289502122650046, up(s14022)
neg, 0.10289502122650046, up(s2481)
neg, 0.11920292202211755, up(s3018)
neg, 0.10289502122650046, up(s11985)
neg, 0.10289502122650046, up(s3274)
neg, 0.08169386300044566, up(s10204)
neg, 0.10289502122650046, up(s5740)
neg, 0.10289502122650046, up(s11816)
neg, 0.10289502122650046, up(s15473)
neg, 0.10289502122650046, up(s12479)
neg, 0.10289502122650046, up(s11947)
neg, 0.10289502122650046, up(s5761)
neg, 0.10289502122650046, up(s13776)
neg, 0.10289502122650046, up(s1348)
neg, 0.8446512897493086, up(s4629)
neg, 0.10289502122650046, up(s13666)
neg, 0.10289502122650046, up(s9866)
neg, 0.10289502122650046, up(s12926)
neg, 0.10289502122650046, up(s16323)
neg, 0.8446512897493086, up(s11582)
neg, 0.1953861501028564, up(s12095)
neg, 0.10289502122650046, up(s6540)
neg, 0.10289502122650046, up(s14973)
neg, 0.10289502122650046, up(s5824)
neg, 0.1953861501028564, up(s296)
neg, 0.10289502122650046, up(s11714)
neg, 0.10289502122650046, up(s3262)
neg, 0.10289502122650046, up(s16391)
neg, 0.10289502122650046, up(s4301)
neg, 0.22430008610876984, up(s1483)
neg, 0.22430008610876984, up(s17049)
neg, 0.10289502122650046, up(s4883)
neg, 0.22430008610876984, up(s8545)
neg, 0.10289502122650046, up(s8715)
neg, 0.5848843897172197, up(s13685)
neg, 0.08169386300044566, up(s4564)
neg, 0.10289502122650046, up(s11723)
neg, 0.10289502122650046, up(s4852)
neg, 0.10289502122650046, up(s14363)
neg, 0.10289502122650046, up(s2464)
neg, 0.10289502122650046, up(s6007)
neg, 0.08169386300044566, up(s16654)
neg, 0.10289502122650046, up(s14926)
neg, 0.5, up(s3698)
neg, 0.10289502122650046, up(s9872)
neg, 0.10289502122650046, up(s5248)
neg, 0.22430008610876984, up(s10141)
neg, 0.10289502122650046, up(s15851)
neg, 0.10289502122650046, up(s7434)
neg, 0.10289502122650046, up(s9887)
neg, 0.10289502122650046, up(s16157)
neg, 0.10289502122650046, up(s11962)
neg, 0.1953861501028564, up(s291)
neg, 0.10289502122650046, up(s3302)
neg, 0.10289502122650046, up(s14881)
neg, 0.10289502122650046, up(s4154)
neg, 0.10289502122650046, up(s5827)
neg, 0.10289502122650046, up(s15688)
neg, 0.44405545392917123, up(s3127)
neg, 0.10289502122650046, up(s17152)
neg, 0.10289502122650046, up(s1693)
neg, 0.08169386300044566, up(s7024)
neg, 0.10289502122650046, up(s100)
neg, 0.10289502122650046, up(s14211)
neg, 0.10289502122650046, up(s3248)
neg, 0.10289502122650046, up(s5368)
neg, 0.10289502122650046, up(s2875)
neg, 0.10289502122650046, up(s10842)
neg, 0.10289502122650046, up(s11842)
neg, 0.10289502122650046, up(s982)
neg, 0.08169386300044566, up(s10284)
neg, 0.10289502122650046, up(s14113)
neg, 0.10289502122650046, up(s16532)
neg, 0.10289502122650046, up(s13352)
neg, 0.10289502122650046, up(s13400)
neg, 0.10289502122650046, up(s9745)
neg, 0.10289502122650046, up(s3007)
neg, 0.10289502122650046, up(s15932)
neg, 0.5848843897172197, up(s1921)
neg, 0.10289502122650046, up(s7420)
neg, 0.10289502122650046, up(s13190)
neg, 0.22430008610876984, up(s8226)
neg, 0.8446512897493086, up(s11551)
neg, 0.11920292202211755, up(s7706)
neg, 0.08169386300044566, up(s4536)
neg, 0.10289502122650046, up(s8845)
neg, 0.10289502122650046, up(s9209)
neg, 0.5, up(s3696)
neg, 0.10289502122650046, up(s10592)
neg, 0.08169386300044566, up(s8564)
neg, 0.8446512897493086, up(s5605)
neg, 0.10289502122650046, up(s7192)
neg, 0.10289502122650046, up(s10579)
neg, 0.10289502122650046, up(s9441)
neg, 0.10289502122650046, up(s4393)
neg, 0.10289502122650046, up(s10629)
neg, 0.9626731126558706, up(s13876)
neg, 0.11920292202211755, up(s16715)
neg, 0.08169386300044566, up(s3622)
neg, 0.1953861501028564, up(s11089)
neg, 0.10289502122650046, up(s13156)
neg, 0.10289502122650046, up(s15715)
neg, 0.10289502122650046, up(s8028)
neg, 0.10289502122650046, up(s14765)
neg, 0.10289502122650046, up(s7141)
neg, 0.10289502122650046, up(s2476)
neg, 0.10289502122650046, up(s1013)
neg, 0.8114499865975923, up(s11025)
neg, 0.10289502122650046, up(s9421)
neg, 0.44405545392917123, up(s13480)
neg, 0.10289502122650046, up(s17190)
neg, 0.10289502122650046, up(s48)
neg, 0.5, up(s3722)
neg, 0.10289502122650046, up(s6328)
neg, 0.8754916925991265, up(s9159)
neg, 0.10289502122650046, up(s3180)
neg, 0.10289502122650046, up(s13147)
neg, 0.10289502122650046, up(s13363)
neg, 0.10289502122650046, up(s4911)
neg, 0.10289502122650046, up(s11146)
neg, 0.10289502122650046, up(s12316)
neg, 0.10289502122650046, up(s9928)
neg, 0.08169386300044566, up(s6146)
neg, 0.10289502122650046, up(s12029)
neg, 0.10289502122650046, up(s2514)
neg, 0.10289502122650046, up(s6386)
neg, 0.10289502122650046, up(s11141)
neg, 0.13296424019782926, up(s13412)
neg, 0.10289502122650046, up(s3227)
neg, 0.8446512897493086, up(s3370)
neg, 0.44405545392917123, up(s10263)
neg, 0.22430008610876984, up(s8979)
neg, 0.10289502122650046, up(s8012)
neg, 0.10289502122650046, up(s16400)
neg, 0.10289502122650046, up(s8860)
neg, 0.10289502122650046, up(s5192)
neg, 0.10289502122650046, up(s11791)
neg, 0.8114499865975923, up(s3836)
neg, 0.8114499865975923, up(s6907)
neg, 0.10289502122650046, up(s1136)
neg, 0.22430008610876984, up(s5504)
neg, 0.10289502122650046, up(s4271)
neg, 0.10289502122650046, up(s5708)
neg, 0.10289502122650046, up(s3228)
neg, 0.10289502122650046, up(s1768)
neg, 0.8114499865975923, up(s12544)
neg, 0.8114499865975923, up(s2274)
neg, 0.10289502122650046, up(s5096)
neg, 0.11920292202211755, up(s3056)
neg, 0.10289502122650046, up(s7923)
neg, 0.44405545392917123, up(s12258)
neg, 0.10289502122650046, up(s11749)
neg, 0.1953861501028564, up(s313)
neg, 0.22430008610876984, up(s9964)
neg, 0.10289502122650046, up(s14198)
neg, 0.10289502122650046, up(s2516)
neg, 0.22430008610876984, up(s17042)
neg, 0.8754916925991265, up(s9055)
neg, 0.10289502122650046, up(s11375)
neg, 0.08169386300044566, up(s10241)
neg, 0.8114499865975923, up(s6437)
neg, 0.10289502122650046, up(s5086)
neg, 0.10289502122650046, up(s10636)
neg, 0.10289502122650046, up(s16210)
neg, 0.10289502122650046, up(s11148)
neg, 0.8114499865975923, up(s1632)
neg, 0.8365987995058131, up(s8627)
neg, 0.10289502122650046, up(s11696)
neg, 0.08169386300044566, up(s9028)
neg, 0.10289502122650046, up(s15808)
neg, 0.10289502122650046, up(s15189)
neg, 0.10289502122650046, up(s11879)
neg, 0.10289502122650046, up(s1687)
neg, 0.13296424019782926, up(s3376)
neg, 0.10289502122650046, up(s4786)
neg, 0.10289502122650046, up(s14955)
neg, 0.10289502122650046, up(s13102)
neg, 0.10289502122650046, up(s15173)
neg, 0.10289502122650046, up(s16846)
neg, 0.10289502122650046, up(s14388)
neg, 0.10289502122650046, up(s11705)
neg, 0.10289502122650046, up(s9823)
neg, 0.10289502122650046, up(s7191)
neg, 0.10289502122650046, up(s13099)
neg, 0.22430008610876984, up(s11484)
neg, 0.1953861501028564, up(s6480)
neg, 0.10289502122650046, up(s4763)
neg, 0.10289502122650046, up(s14835)
neg, 0.10289502122650046, up(s13173)
neg, 0.10289502122650046, up(s11371)
neg, 0.10289502122650046, up(s17151)
neg, 0.10289502122650046, up(s11180)
neg, 0.10289502122650046, up(s13772)
neg, 0.10289502122650046, up(s14825)
neg, 0.10289502122650046, up(s2345)
neg, 0.10289502122650046, up(s16457)
neg, 0.10289502122650046, up(s5364)
neg, 0.8365987995058131, up(s8148)
neg, 0.8114499865975923, up(s3715)
neg, 0.10289502122650046, up(s3772)
neg, 0.10289502122650046, up(s8778)
neg, 0.10289502122650046, up(s4837)
neg, 0.01798620996209156, up(s14556)
neg, 0.10289502122650046, up(s1313)
neg, 0.10289502122650046, up(s1705)
neg, 0.22430008610876984, up(s8271)
neg, 0.10289502122650046, up(s12998)
neg, 0.08169386300044566, up(s3624)
neg, 0.08169386300044566, up(s15323)
neg, 0.10289502122650046, up(s10641)
neg, 0.10289502122650046, up(s6756)
neg, 0.1953861501028564, up(s6462)
neg, 0.10289502122650046, up(s9458)
neg, 0.10289502122650046, up(s16092)
neg, 0.10289502122650046, up(s2757)
neg, 0.10289502122650046, up(s16872)
neg, 0.08169386300044566, up(s10176)
neg, 0.10289502122650046, up(s15960)
neg, 0.10289502122650046, up(s13089)
neg, 0.10289502122650046, up(s16818)
neg, 0.08169386300044566, up(s1859)
neg, 0.08169386300044566, up(s15343)
neg, 0.10289502122650046, up(s11798)
neg, 0.44405545392917123, up(s1812)
neg, 0.22430008610876984, up(s17019)
neg, 0.10289502122650046, up(s5931)
neg, 0.10289502122650046, up(s2729)
neg, 0.08169386300044566, up(s10970)
neg, 0.10289502122650046, up(s8486)
neg, 0.10289502122650046, up(s14897)
neg, 0.22430008610876984, up(s15620)
neg, 0.10289502122650046, up(s14432)
neg, 0.10289502122650046, up(s3304)
neg, 0.10289502122650046, up(s16058)
neg, 0.8114499865975923, up(s2173)
neg, 0.1953861501028564, up(s356)
neg, 0.10289502122650046, up(s10524)
neg, 0.10289502122650046, up(s16541)
neg, 0.22430008610876984, up(s10191)
neg, 0.8365987995058131, up(s3596)
neg, 0.10289502122650046, up(s13107)
neg, 0.10289502122650046, up(s4295)
neg, 0.10289502122650046, up(s2489)
neg, 0.10289502122650046, up(s16365)
neg, 0.1953861501028564, up(s1547)
neg, 0.10289502122650046, up(s14826)
neg, 0.8114499865975923, up(s11039)
neg, 0.08169386300044566, up(s6866)
neg, 0.10289502122650046, up(s14200)
neg, 0.10289502122650046, up(s3179)
neg, 0.10289502122650046, up(s7888)
neg, 0.10289502122650046, up(s11128)
neg, 0.8114499865975923, up(s576)
neg, 0.10289502122650046, up(s170)
neg, 0.5848843897172197, up(s13466)
neg, 0.8114499865975923, up(s11057)
neg, 0.10289502122650046, up(s9312)
neg, 0.9525741268224334, up(s8166)
neg, 0.08169386300044566, up(s8570)
neg, 0.10289502122650046, up(s5897)
neg, 0.10289502122650046, up(s2188)
neg, 0.10289502122650046, up(s3945)
neg, 0.10289502122650046, up(s1091)
neg, 0.10289502122650046, up(s4396)
neg, 0.13296424019782926, up(s16310)
neg, 0.22430008610876984, up(s15639)
neg, 0.10289502122650046, up(s7470)
neg, 0.10289502122650046, up(s10869)
neg, 0.10289502122650046, up(s11927)
neg, 0.1953861501028564, up(s1568)
neg, 0.10289502122650046, up(s12495)
neg, 0.10289502122650046, up(s13071)
neg, 0.10289502122650046, up(s15467)
neg, 0.22430008610876984, up(s5507)
neg, 0.10289502122650046, up(s2850)
neg, 0.08169386300044566, up(s15081)
neg, 0.1953861501028564, up(s1563)
neg, 0.10289502122650046, up(s5392)
neg, 0.10289502122650046, up(s3216)
neg, 0.10289502122650046, up(s14168)
neg, 0.08169386300044566, up(s14505)
neg, 0.10289502122650046, up(s8850)
neg, 0.10289502122650046, up(s6684)
neg, 0.10289502122650046, up(s9807)
neg, 0.10289502122650046, up(s12021)
neg, 0.10289502122650046, up(s9531)
neg, 0.10289502122650046, up(s4266)
neg, 0.08169386300044566, up(s8596)
neg, 0.10289502122650046, up(s8404)
neg, 0.10289502122650046, up(s2994)
neg, 0.5848843897172197, up(s13428)
neg, 0.10289502122650046, up(s2478)
neg, 0.10289502122650046, up(s6639)
neg, 0.10289502122650046, up(s16827)
neg, 0.10289502122650046, up(s12968)
neg, 0.10289502122650046, up(s16132)
neg, 0.10289502122650046, up(s6336)
neg, 0.08169386300044566, up(s15329)
neg, 0.11920292202211755, up(s10978)
neg, 0.10289502122650046, up(s14191)
neg, 0.5, up(s11107)
neg, 0.10289502122650046, up(s12460)
neg, 0.11920292202211755, up(s10976)
neg, 0.10289502122650046, up(s5840)
neg, 0.10289502122650046, up(s9503)
neg, 0.10289502122650046, up(s3428)
neg, 0.10289502122650046, up(s15139)
neg, 0.8365987995058131, up(s8140)
neg, 0.22430008610876984, up(s12672)
neg, 0.10289502122650046, up(s3282)
neg, 0.22430008610876984, up(s3325)
neg, 0.22430008610876984, up(s5487)
neg, 0.10289502122650046, up(s11403)
neg, 0.10289502122650046, up(s8454)
neg, 0.10289502122650046, up(s8441)
neg, 0.1953861501028564, up(s14227)
neg, 0.10289502122650046, up(s14804)
neg, 0.22430008610876984, up(s1488)
neg, 0.8114499865975923, up(s551)
neg, 0.08169386300044566, up(s467)
neg, 0.44405545392917123, up(s15003)
neg, 0.10289502122650046, up(s5315)
neg, 0.10289502122650046, up(s10575)
neg, 0.10289502122650046, up(s6338)
neg, 0.10289502122650046, up(s12747)
neg, 0.10289502122650046, up(s6749)
neg, 0.10289502122650046, up(s9267)
neg, 0.10289502122650046, up(s6053)
neg, 0.10289502122650046, up(s28)
neg, 0.22430008610876984, up(s5470)
neg, 0.11920292202211755, up(s7726)
neg, 0.8446512897493086, up(s11562)
neg, 0.10289502122650046, up(s16456)
neg, 0.10289502122650046, up(s5933)
neg, 0.10289502122650046, up(s6650)
neg, 0.1953861501028564, up(s11100)
neg, 0.22430008610876984, up(s1492)
neg, 0.10289502122650046, up(s12880)
neg, 0.10289502122650046, up(s13127)
neg, 0.10289502122650046, up(s13197)
neg, 0.8114499865975923, up(s6974)
neg, 0.10289502122650046, up(s13256)
neg, 0.10289502122650046, up(s5312)
neg, 0.10289502122650046, up(s11790)
neg, 0.10289502122650046, up(s3503)
neg, 0.10289502122650046, up(s15403)
neg, 0.22430008610876984, up(s13834)
neg, 0.10289502122650046, up(s2809)
neg, 0.1953861501028564, up(s12068)
neg, 0.08169386300044566, up(s10156)
neg, 0.10289502122650046, up(s17182)
neg, 0.10289502122650046, up(s10660)
neg, 0.10289502122650046, up(s9417)
neg, 0.10289502122650046, up(s2724)
neg, 0.10289502122650046, up(s986)
neg, 0.08169386300044566, up(s2155)
neg, 0.10289502122650046, up(s13264)
neg, 0.10289502122650046, up(s10545)
neg, 0.11920292202211755, up(s15044)
neg, 0.01798620996209156, up(s9559)
neg, 0.10289502122650046, up(s4005)
neg, 0.22430008610876984, up(s14493)
neg, 0.10289502122650046, up(s124)
neg, 0.10289502122650046, up(s1006)
neg, 0.10289502122650046, up(s11240)
neg, 0.10289502122650046, up(s9509)
neg, 0.10289502122650046, up(s3009)
neg, 0.10289502122650046, up(s278)
neg, 0.10289502122650046, up(s1224)
neg, 0.22430008610876984, up(s6105)
neg, 0.10289502122650046, up(s9299)
neg, 0.10289502122650046, up(s8858)
neg, 0.10289502122650046, up(s8444)
neg, 0.10289502122650046, up(s13759)
neg, 0.10289502122650046, up(s2777)
neg, 0.10289502122650046, up(s16324)
neg, 0.08169386300044566, up(s1501)
neg, 0.10289502122650046, up(s4992)
neg, 0.10289502122650046, up(s12350)
neg, 0.1953861501028564, up(s14230)
neg, 0.10289502122650046, up(s13314)
neg, 0.10289502122650046, up(s5229)
neg, 0.08169386300044566, up(s3621)
neg, 0.10289502122650046, up(s17193)
neg, 0.10289502122650046, up(s20)
neg, 0.10289502122650046, up(s10811)
neg, 0.22430008610876984, up(s1397)
neg, 0.08169386300044566, up(s10238)
neg, 0.9501389651995008, up(s3543)
neg, 0.22430008610876984, up(s14321)
neg, 0.10289502122650046, up(s3249)
neg, 0.22430008610876984, up(s16599)
neg, 0.10289502122650046, up(s7305)
neg, 0.22430008610876984, up(s3786)
neg, 0.10289502122650046, up(s16932)
neg, 0.10289502122650046, up(s4779)
neg, 0.10289502122650046, up(s17143)
neg, 0.10289502122650046, up(s7646)
neg, 0.10289502122650046, up(s7499)
neg, 0.10289502122650046, up(s1122)
neg, 0.10289502122650046, up(s2562)
neg, 0.08169386300044566, up(s15667)
neg, 0.10289502122650046, up(s1117)
neg, 0.10289502122650046, up(s4094)
neg, 0.22430008610876984, up(s4746)
neg, 0.10289502122650046, up(s6782)
neg, 0.8365987995058131, up(s8201)
neg, 0.8114499865975923, up(s7874)
neg, 0.10289502122650046, up(s10706)
neg, 0.1953861501028564, up(s12038)
neg, 0.10289502122650046, up(s9366)
neg, 0.10289502122650046, up(s5366)
neg, 0.8114499865975923, up(s1635)
neg, 0.08169386300044566, up(s15591)
neg, 0.22430008610876984, up(s12616)
neg, 0.13296424019782926, up(s7747)
neg, 0.10289502122650046, up(s16444)
neg, 0.22430008610876984, up(s6849)
neg, 0.10289502122650046, up(s2351)
neg, 0.10289502122650046, up(s12852)
neg, 0.10289502122650046, up(s643)
neg, 0.10289502122650046, up(s11353)
neg, 0.10289502122650046, up(s1011)
neg, 0.5, up(s7073)
neg, 0.10289502122650046, up(s2790)
neg, 0.10289502122650046, up(s12796)
neg, 0.10289502122650046, up(s221)
neg, 0.10289502122650046, up(s2240)
neg, 0.10289502122650046, up(s8965)
neg, 0.10289502122650046, up(s1713)
neg, 0.10289502122650046, up(s16401)
neg, 0.1953861501028564, up(s343)
neg, 0.08169386300044566, up(s4559)
neg, 0.10289502122650046, up(s10570)
neg, 0.08169386300044566, up(s3815)
neg, 0.8754916925991265, up(s855)
neg, 0.8114499865975923, up(s6259)
neg, 0.10289502122650046, up(s1312)
neg, 0.8114499865975923, up(s16757)
neg, 0.10289502122650046, up(s2754)
neg, 0.10289502122650046, up(s11145)
neg, 0.10289502122650046, up(s2950)
neg, 0.10289502122650046, up(s8892)
neg, 0.10289502122650046, up(s9259)
neg, 0.10289502122650046, up(s16866)
neg, 0.10289502122650046, up(s993)
neg, 0.10289502122650046, up(s13332)
neg, 0.1953861501028564, up(s6406)
neg, 0.10289502122650046, up(s2673)
neg, 0.10289502122650046, up(s12809)
neg, 0.10289502122650046, up(s1763)
neg, 0.10289502122650046, up(s5847)
neg, 0.10289502122650046, up(s16495)
neg, 0.10289502122650046, up(s14791)
neg, 0.44405545392917123, up(s15006)
neg, 0.10289502122650046, up(s9233)
neg, 0.10289502122650046, up(s14799)
neg, 0.10289502122650046, up(s7220)
neg, 0.08169386300044566, up(s795)
neg, 0.22430008610876984, up(s5463)
neg, 0.10289502122650046, up(s16146)
neg, 0.10289502122650046, up(s2520)
neg, 0.10289502122650046, up(s190)
neg, 0.10289502122650046, up(s9878)
neg, 0.08169386300044566, up(s1846)
neg, 0.10289502122650046, up(s5358)
neg, 0.10289502122650046, up(s14744)
neg, 0.10289502122650046, up(s11169)
neg, 0.10289502122650046, up(s11737)
neg, 0.8365987995058131, up(s8144)
neg, 0.10289502122650046, up(s8709)
neg, 0.22430008610876984, up(s9974)
neg, 0.08169386300044566, up(s3633)
neg, 0.8660721116759263, up(s6236)
neg, 0.10289502122650046, up(s9706)
neg, 0.10289502122650046, up(s8824)
neg, 0.08169386300044566, up(s2142)
neg, 0.5, up(s11104)
neg, 0.5848843897172197, up(s11541)
neg, 0.8114499865975923, up(s12119)
neg, 0.5, up(s7851)
neg, 0.10289502122650046, up(s5369)
neg, 0.11920292202211755, up(s10977)
neg, 0.10289502122650046, up(s12843)
neg, 0.10289502122650046, up(s14759)
neg, 0.10289502122650046, up(s6576)
neg, 0.10289502122650046, up(s9378)
neg, 0.8365987995058131, up(s11427)
neg, 0.22430008610876984, up(s11468)
neg, 0.10289502122650046, up(s10454)
neg, 0.8114499865975923, up(s7773)
neg, 0.08169386300044566, up(s9638)
neg, 0.10289502122650046, up(s9431)
neg, 0.10289502122650046, up(s5807)
neg, 0.10289502122650046, up(s3496)
neg, 0.5848843897172197, up(s13449)
neg, 0.08169386300044566, up(s15340)
neg, 0.10289502122650046, up(s9521)
neg, 0.22430008610876984, up(s3327)
neg, 0.11920292202211755, up(s15039)
neg, 0.10289502122650046, up(s16811)
neg, 0.8365987995058131, up(s3587)
neg, 0.08169386300044566, up(s1838)
neg, 0.10289502122650046, up(s12370)
neg, 0.10289502122650046, up(s8071)
neg, 0.08169386300044566, up(s6131)
neg, 0.8114499865975923, up(s8672)
neg, 0.10289502122650046, up(s7546)
neg, 0.10289502122650046, up(s13358)
neg, 0.10289502122650046, up(s16547)
neg, 0.8114499865975923, up(s16747)
neg, 0.10289502122650046, up(s7424)
neg, 0.10289502122650046, up(s3454)
neg, 0.10289502122650046, up(s1341)
neg, 0.10289502122650046, up(s10612)
neg, 0.10289502122650046, up(s6802)
neg, 0.44405545392917123, up(s3120)
neg, 0.10289502122650046, up(s7515)
neg, 0.08169386300044566, up(s5573)
neg, 0.10289502122650046, up(s7485)
neg, 0.10289502122650046, up(s6033)
neg, 0.22430008610876984, up(s411)
neg, 0.10289502122650046, up(s16124)
neg, 0.10289502122650046, up(s4355)
neg, 0.8446512897493086, up(s8342)
neg, 0.8114499865975923, up(s8353)
neg, 0.10289502122650046, up(s11717)
neg, 0.1953861501028564, up(s320)
neg, 0.10289502122650046, up(s6560)
neg, 0.10289502122650046, up(s14870)
neg, 0.11920292202211755, up(s7689)
neg, 0.22430008610876984, up(s1410)
neg, 0.10289502122650046, up(s12288)
neg, 0.5, up(s16739)
neg, 0.10289502122650046, up(s11326)
neg, 0.10289502122650046, up(s4338)
neg, 0.5848843897172197, up(s13474)
neg, 0.10289502122650046, up(s4921)
neg, 0.10289502122650046, up(s14842)
neg, 0.10289502122650046, up(s11224)
neg, 0.10289502122650046, up(s7651)
neg, 0.10289502122650046, up(s6044)
neg, 0.10289502122650046, up(s7330)
neg, 0.10289502122650046, up(s15230)
neg, 0.10289502122650046, up(s11354)
neg, 0.10289502122650046, up(s151)
neg, 0.10289502122650046, up(s6595)
neg, 0.08169386300044566, up(s12199)
neg, 0.10289502122650046, up(s11159)
neg, 0.10289502122650046, up(s5320)
neg, 0.11920292202211755, up(s16717)
neg, 0.10289502122650046, up(s4101)
neg, 0.10289502122650046, up(s15734)
neg, 0.10289502122650046, up(s11951)
neg, 0.10289502122650046, up(s14987)
neg, 0.8114499865975923, up(s373)
neg, 0.10289502122650046, up(s12290)
neg, 0.8446512897493086, up(s5603)
neg, 0.10289502122650046, up(s7939)
neg, 0.13296424019782926, up(s5447)
neg, 0.5848843897172197, up(s3869)
neg, 0.10289502122650046, up(s11695)
neg, 0.10289502122650046, up(s4904)
neg, 0.10289502122650046, up(s10531)
neg, 0.08169386300044566, up(s3796)
neg, 0.10289502122650046, up(s15)
neg, 0.10289502122650046, up(s5101)
neg, 0.10289502122650046, up(s17198)
neg, 0.10289502122650046, up(s14993)
neg, 0.10289502122650046, up(s1304)
neg, 0.10289502122650046, up(s14927)
neg, 0.9501389651995008, up(s3546)
neg, 0.08169386300044566, up(s8155)
neg, 0.13296424019782926, up(s12242)
neg, 0.10289502122650046, up(s16865)
neg, 0.13296424019782926, up(s5436)
neg, 0.10289502122650046, up(s13553)
neg, 0.22430008610876984, up(s5500)
neg, 0.08169386300044566, up(s1856)
neg, 0.10289502122650046, up(s14159)
neg, 0.44405545392917123, up(s3098)
neg, 0.10289502122650046, up(s2718)
neg, 0.10289502122650046, up(s2328)
neg, 0.10289502122650046, up(s122)
neg, 0.22430008610876984, up(s16286)
neg, 0.10289502122650046, up(s1206)
neg, 0.9626731126558706, up(s12229)
neg, 0.22430008610876984, up(s15486)
neg, 0.5848843897172197, up(s13694)
neg, 0.08169386300044566, up(s1508)
neg, 0.8114499865975923, up(s6963)
neg, 0.10289502122650046, up(s17153)
neg, 0.10289502122650046, up(s12777)
neg, 0.08169386300044566, up(s791)
neg, 0.10289502122650046, up(s13260)
neg, 0.8365987995058131, up(s10317)
neg, 0.10289502122650046, up(s80)
neg, 0.08169386300044566, up(s438)
neg, 0.10289502122650046, up(s13119)
neg, 0.08169386300044566, up(s9098)
neg, 0.10289502122650046, up(s8745)
neg, 0.22430008610876984, up(s1448)
neg, 0.10289502122650046, up(s11931)
neg, 0.10289502122650046, up(s2650)
neg, 0.10289502122650046, up(s10382)
neg, 0.08169386300044566, up(s4561)
neg, 0.10289502122650046, up(s8937)
neg, 0.08169386300044566, up(s2084)
neg, 0.10289502122650046, up(s10512)
neg, 0.10289502122650046, up(s4175)
neg, 0.01798620996209156, up(s15632)
neg, 0.10289502122650046, up(s102)
neg, 0.10289502122650046, up(s16434)
neg, 0.10289502122650046, up(s10388)
neg, 0.08169386300044566, up(s8585)
neg, 0.10289502122650046, up(s4099)
neg, 0.08169386300044566, up(s10173)
neg, 0.10289502122650046, up(s4415)
neg, 0.10289502122650046, up(s5377)
neg, 0.10289502122650046, up(s9847)
neg, 0.8114499865975923, up(s285)
neg, 0.22430008610876984, up(s1407)
neg, 0.08169386300044566, up(s10248)
neg, 0.10289502122650046, up(s9919)
neg, 0.8446512897493086, up(s11553)
neg, 0.10289502122650046, up(s13348)
neg, 0.10289502122650046, up(s5239)
neg, 0.10289502122650046, up(s2363)
neg, 0.10289502122650046, up(s16556)
neg, 0.10289502122650046, up(s16067)
neg, 0.10289502122650046, up(s7648)
neg, 0.10289502122650046, up(s2264)
neg, 0.10289502122650046, up(s6566)
neg, 0.22430008610876984, up(s16677)
neg, 0.10289502122650046, up(s14677)
neg, 0.08169386300044566, up(s14282)
neg, 0.10289502122650046, up(s2911)
neg, 0.10289502122650046, up(s13163)
neg, 0.10289502122650046, up(s10807)
neg, 0.10289502122650046, up(s5813)
neg, 0.10289502122650046, up(s16173)
neg, 0.10289502122650046, up(s13247)
neg, 0.10289502122650046, up(s4443)
neg, 0.1953861501028564, up(s12059)
neg, 0.10289502122650046, up(s15956)
neg, 0.8365987995058131, up(s486)
neg, 0.08169386300044566, up(s10288)
neg, 0.10289502122650046, up(s5395)
neg, 0.10289502122650046, up(s14397)
neg, 0.10289502122650046, up(s3002)
neg, 0.10289502122650046, up(s12865)
neg, 0.44405545392917123, up(s10259)
neg, 0.8114499865975923, up(s16742)
neg, 0.5848843897172197, up(s13418)
neg, 0.10289502122650046, up(s2434)
neg, 0.10289502122650046, up(s8905)
neg, 0.10289502122650046, up(s4354)
neg, 0.10289502122650046, up(s10526)
neg, 0.10289502122650046, up(s4447)
neg, 0.10289502122650046, up(s1208)
neg, 0.10289502122650046, up(s9757)
neg, 0.10289502122650046, up(s7639)
neg, 0.8365987995058131, up(s8199)
neg, 0.10289502122650046, up(s17116)
neg, 0.10289502122650046, up(s7954)
neg, 0.10289502122650046, up(s2377)
neg, 0.10289502122650046, up(s2378)
neg, 0.10289502122650046, up(s9720)
neg, 0.10289502122650046, up(s175)
neg, 0.10289502122650046, up(s1105)
neg, 0.10289502122650046, up(s51)
neg, 0.10289502122650046, up(s2857)
neg, 0.10289502122650046, up(s32)
neg, 0.44405545392917123, up(s15004)
neg, 0.10289502122650046, up(s16498)
neg, 0.22430008610876984, up(s425)
neg, 0.10289502122650046, up(s4394)
neg, 0.10289502122650046, up(s14053)
neg, 0.08169386300044566, up(s808)
neg, 0.10289502122650046, up(s963)
neg, 0.8114499865975923, up(s7868)
neg, 0.10289502122650046, up(s16983)
neg, 0.10289502122650046, up(s12462)
neg, 0.8446512897493086, up(s10251)
neg, 0.10289502122650046, up(s10646)
neg, 0.10289502122650046, up(s103)
neg, 0.10289502122650046, up(s11284)
neg, 0.10289502122650046, up(s7489)
neg, 0.08169386300044566, up(s1835)
neg, 0.10289502122650046, up(s9767)
neg, 0.08169386300044566, up(s10287)
neg, 0.10289502122650046, up(s9210)
neg, 0.10289502122650046, up(s4267)
neg, 0.10289502122650046, up(s7541)
neg, 0.84256250868867, up(s3096)
neg, 0.08169386300044566, up(s462)
neg, 0.10289502122650046, up(s12397)
neg, 0.22430008610876984, up(s11511)
neg, 0.10289502122650046, up(s6638)
neg, 0.10289502122650046, up(s1087)
neg, 0.22430008610876984, up(s5488)
neg, 0.22430008610876984, up(s5466)
neg, 0.01798620996209156, up(s14561)
neg, 0.10289502122650046, up(s2346)
neg, 0.10289502122650046, up(s1686)
neg, 0.8114499865975923, up(s7781)
neg, 0.10289502122650046, up(s10860)
neg, 0.08169386300044566, up(s15061)
neg, 0.8446512897493086, up(s5599)
neg, 0.10289502122650046, up(s5329)
neg, 0.08169386300044566, up(s12216)
neg, 0.10289502122650046, up(s14767)
neg, 0.10289502122650046, up(s7461)
neg, 0.22430008610876984, up(s8527)
neg, 0.10289502122650046, up(s12878)
neg, 0.10289502122650046, up(s5741)
neg, 0.8114499865975923, up(s7873)
neg, 0.08169386300044566, up(s4540)
neg, 0.10289502122650046, up(s1171)
neg, 0.10289502122650046, up(s5342)
neg, 0.10289502122650046, up(s5225)
neg, 0.11920292202211755, up(s16726)
neg, 0.10289502122650046, up(s7614)
neg, 0.22430008610876984, up(s11465)
neg, 0.10289502122650046, up(s4270)
neg, 0.10289502122650046, up(s11795)
neg, 0.22430008610876984, up(s17010)
neg, 0.8754916925991265, up(s9112)
neg, 0.10289502122650046, up(s8726)
neg, 0.10289502122650046, up(s11876)
neg, 0.10289502122650046, up(s13547)
neg, 0.8114499865975923, up(s3138)
neg, 0.10289502122650046, up(s10847)
neg, 0.10289502122650046, up(s1139)
neg, 0.08169386300044566, up(s1863)
neg, 0.10289502122650046, up(s5998)
neg, 0.8114499865975923, up(s4663)
neg, 0.10289502122650046, up(s9388)
neg, 0.8114499865975923, up(s2279)
neg, 0.8446512897493086, up(s8337)
neg, 0.10289502122650046, up(s1192)
neg, 0.10289502122650046, up(s16540)
neg, 0.10289502122650046, up(s14813)
neg, 0.10289502122650046, up(s4124)
neg, 0.10289502122650046, up(s15690)
neg, 0.10289502122650046, up(s7303)
neg, 0.10289502122650046, up(s13341)
neg, 0.10289502122650046, up(s8464)
neg, 0.10289502122650046, up(s13073)
neg, 0.10289502122650046, up(s659)
neg, 0.08169386300044566, up(s15060)
neg, 0.10289502122650046, up(s7207)
neg, 0.22430008610876984, up(s6116)
neg, 0.08169386300044566, up(s17063)
neg, 0.11920292202211755, up(s6954)
neg, 0.10289502122650046, up(s14809)
neg, 0.10289502122650046, up(s6069)
neg, 0.10289502122650046, up(s2811)
neg, 0.08169386300044566, up(s3614)
neg, 0.10289502122650046, up(s15155)
neg, 0.10289502122650046, up(s9)
neg, 0.08169386300044566, up(s8599)
neg, 0.10289502122650046, up(s16240)
neg, 0.08169386300044566, up(s481)
neg, 0.10289502122650046, up(s13249)
neg, 0.10289502122650046, up(s4402)
neg, 0.10289502122650046, up(s12988)
neg, 0.22430008610876984, up(s8225)
neg, 0.10289502122650046, up(s15177)
neg, 0.10289502122650046, up(s9468)
neg, 0.10289502122650046, up(s183)
neg, 0.08169386300044566, up(s8580)
neg, 0.10289502122650046, up(s13329)
neg, 0.10289502122650046, up(s6037)
neg, 0.10289502122650046, up(s14389)
neg, 0.13296424019782926, up(s7659)
neg, 0.10289502122650046, up(s7901)
neg, 0.10289502122650046, up(s5997)
neg, 0.10289502122650046, up(s15752)
neg, 0.10289502122650046, up(s16241)
neg, 0.10289502122650046, up(s2957)
neg, 0.10289502122650046, up(s5881)
neg, 0.10289502122650046, up(s15405)
neg, 0.10289502122650046, up(s2872)
neg, 0.10289502122650046, up(s2580)
neg, 0.08169386300044566, up(s831)
neg, 0.10289502122650046, up(s11680)
neg, 0.1953861501028564, up(s289)
neg, 0.08169386300044566, up(s3810)
neg, 0.10289502122650046, up(s2339)
neg, 0.10289502122650046, up(s12874)
neg, 0.1953861501028564, up(s342)
neg, 0.10289502122650046, up(s2242)
neg, 0.08169386300044566, up(s2023)
neg, 0.10289502122650046, up(s7299)
neg, 0.10289502122650046, up(s12786)
neg, 0.10289502122650046, up(s16833)
neg, 0.10289502122650046, up(s2474)
neg, 0.10289502122650046, up(s2267)
neg, 0.1953861501028564, up(s11097)
neg, 0.08169386300044566, up(s10971)
neg, 0.10289502122650046, up(s11230)
neg, 0.22430008610876984, up(s6094)
neg, 0.08169386300044566, up(s17064)
neg, 0.10289502122650046, up(s7451)
neg, 0.10289502122650046, up(s8115)
neg, 0.10289502122650046, up(s8489)
neg, 0.10289502122650046, up(s9888)
neg, 0.22430008610876984, up(s6110)
neg, 0.1953861501028564, up(s13519)
neg, 0.10289502122650046, up(s8822)
neg, 0.22430008610876984, up(s3573)
neg, 0.10289502122650046, up(s10718)
neg, 0.10289502122650046, up(s6029)
neg, 0.08169386300044566, up(s2003)
neg, 0.22430008610876984, up(s10012)
neg, 0.10289502122650046, up(s7899)
neg, 0.10289502122650046, up(s14821)
neg, 0.10289502122650046, up(s10653)
neg, 0.22430008610876984, up(s15480)
neg, 0.10289502122650046, up(s8451)
neg, 0.10289502122650046, up(s9416)
neg, 0.10289502122650046, up(s14739)
neg, 0.9525741268224334, up(s8163)
neg, 0.10289502122650046, up(s1058)
neg, 0.10289502122650046, up(s1700)
neg, 0.10289502122650046, up(s12758)
neg, 0.10289502122650046, up(s11174)
neg, 0.10289502122650046, up(s15962)
neg, 0.10289502122650046, up(s12489)
neg, 0.22430008610876984, up(s9983)
neg, 0.08169386300044566, up(s9639)
neg, 0.10289502122650046, up(s10771)
neg, 0.10289502122650046, up(s13106)
neg, 0.5, up(s7853)
neg, 0.10289502122650046, up(s10804)
neg, 0.10289502122650046, up(s6060)
neg, 0.10289502122650046, up(s17166)
neg, 0.10289502122650046, up(s3998)
neg, 0.10289502122650046, up(s9379)
neg, 0.10289502122650046, up(s6787)
neg, 0.8114499865975923, up(s16989)
neg, 0.10289502122650046, up(s7400)
neg, 0.10289502122650046, up(s7960)
neg, 0.10289502122650046, up(s4406)
neg, 0.10289502122650046, up(s16583)
neg, 0.22430008610876984, up(s5469)
neg, 0.08169386300044566, up(s6183)
neg, 0.10289502122650046, up(s13559)
neg, 0.10289502122650046, up(s8896)
neg, 0.08169386300044566, up(s3816)
neg, 0.08169386300044566, up(s7035)
neg, 0.08169386300044566, up(s9636)
neg, 0.1953861501028564, up(s6481)
neg, 0.8754916925991265, up(s9063)
neg, 0.22430008610876984, up(s6112)
neg, 0.10289502122650046, up(s11171)
neg, 0.08169386300044566, up(s8992)
neg, 0.10289502122650046, up(s16392)
neg, 0.10289502122650046, up(s15234)
neg, 0.08169386300044566, up(s2099)
neg, 0.10289502122650046, up(s5166)
neg, 0.10289502122650046, up(s14783)
neg, 0.8114499865975923, up(s11060)
neg, 0.10289502122650046, up(s179)
neg, 0.10289502122650046, up(s10777)
neg, 0.8365987995058131, up(s488)
neg, 0.8114499865975923, up(s8360)
neg, 0.10289502122650046, up(s4198)
neg, 0.10289502122650046, up(s64)
neg, 0.10289502122650046, up(s11720)
neg, 0.10289502122650046, up(s7917)
neg, 0.10289502122650046, up(s5354)
neg, 0.10289502122650046, up(s2592)
neg, 0.10289502122650046, up(s2697)
neg, 0.10289502122650046, up(s13312)
neg, 0.10289502122650046, up(s4163)
neg, 0.10289502122650046, up(s7135)
neg, 0.22430008610876984, up(s17033)
neg, 0.08169386300044566, up(s1864)
neg, 0.01798620996209156, up(s14560)
neg, 0.5848843897172197, up(s12150)
neg, 0.10289502122650046, up(s11332)
neg, 0.1953861501028564, up(s14223)
neg, 0.10289502122650046, up(s13077)
neg, 0.10289502122650046, up(s3473)
neg, 0.10289502122650046, up(s7204)
neg, 0.08169386300044566, up(s856)
neg, 0.5848843897172197, up(s11537)
neg, 0.44405545392917123, up(s3135)
neg, 0.10289502122650046, up(s16436)
neg, 0.10289502122650046, up(s8119)
neg, 0.10289502122650046, up(s669)
neg, 0.1953861501028564, up(s597)
neg, 0.10289502122650046, up(s6561)
neg, 0.10289502122650046, up(s8877)
neg, 0.10289502122650046, up(s8931)
neg, 0.22430008610876984, up(s10881)
neg, 0.10289502122650046, up(s14659)
neg, 0.10289502122650046, up(s14431)
neg, 0.08169386300044566, up(s9004)
neg, 0.10289502122650046, up(s5402)
neg, 0.10289502122650046, up(s5319)
neg, 0.10289502122650046, up(s16203)
neg, 0.10289502122650046, up(s4167)
neg, 0.10289502122650046, up(s15159)
neg, 0.11920292202211755, up(s3020)
neg, 0.84256250868867, up(s3088)
neg, 0.10289502122650046, up(s10864)
neg, 0.10289502122650046, up(s2243)
neg, 0.10289502122650046, up(s12514)
neg, 0.10289502122650046, up(s10625)
neg, 0.8446512897493086, up(s7088)
neg, 0.10289502122650046, up(s10392)
neg, 0.10289502122650046, up(s2736)
neg, 0.08169386300044566, up(s435)
neg, 0.10289502122650046, up(s16086)
neg, 0.10289502122650046, up(s14913)
neg, 0.10289502122650046, up(s13165)
neg, 0.10289502122650046, up(s2966)
neg, 0.10289502122650046, up(s16529)
neg, 0.10289502122650046, up(s6078)
neg, 0.10289502122650046, up(s16870)
neg, 0.10289502122650046, up(s13374)
neg, 0.10289502122650046, up(s2552)
neg, 0.10289502122650046, up(s6307)
neg, 0.22430008610876984, up(s1463)
neg, 0.10289502122650046, up(s16450)
neg, 0.10289502122650046, up(s11895)
neg, 0.10289502122650046, up(s724)
neg, 0.10289502122650046, up(s3220)
neg, 0.10289502122650046, up(s1163)
neg, 0.10289502122650046, up(s10580)
neg, 0.8446512897493086, up(s11555)
neg, 0.10289502122650046, up(s3230)
neg, 0.01798620996209156, up(s15633)
neg, 0.22430008610876984, up(s10196)
neg, 0.08169386300044566, up(s806)
neg, 0.9525741268224334, up(s13869)
neg, 0.5848843897172197, up(s12148)
neg, 0.8365987995058131, up(s8143)
neg, 0.5848843897172197, up(s13422)
neg, 0.10289502122650046, up(s624)
neg, 0.22430008610876984, up(s14325)
neg, 0.10289502122650046, up(s3246)
neg, 0.10289502122650046, up(s16329)
neg, 0.10289502122650046, up(s3523)
neg, 0.22430008610876984, up(s10092)
neg, 0.8114499865975923, up(s6991)
neg, 0.10289502122650046, up(s7535)
neg, 0.10289502122650046, up(s13653)
neg, 0.10289502122650046, up(s4833)
neg, 0.10289502122650046, up(s3918)
neg, 0.10289502122650046, up(s8424)
neg, 0.10289502122650046, up(s13336)
neg, 0.08169386300044566, up(s1855)
neg, 0.10289502122650046, up(s5000)
neg, 0.10289502122650046, up(s11900)
neg, 0.22430008610876984, up(s1475)
neg, 0.22430008610876984, up(s14496)
neg, 0.8446512897493086, up(s4644)
neg, 0.10289502122650046, up(s7389)
neg, 0.10289502122650046, up(s1718)
neg, 0.10289502122650046, up(s2879)
neg, 0.10289502122650046, up(s7327)
neg, 0.10289502122650046, up(s16586)
neg, 0.10289502122650046, up(s13000)
neg, 0.08169386300044566, up(s6186)
neg, 0.44405545392917123, up(s3114)
neg, 0.22430008610876984, up(s5489)
neg, 0.10289502122650046, up(s3771)
neg, 0.10289502122650046, up(s11248)
neg, 0.10289502122650046, up(s14949)
neg, 0.22430008610876984, up(s11487)
neg, 0.10289502122650046, up(s16545)
neg, 0.10289502122650046, up(s9478)
neg, 0.5, up(s7070)
neg, 0.22430008610876984, up(s4480)
neg, 0.10289502122650046, up(s5710)
neg, 0.10289502122650046, up(s11846)
neg, 0.10289502122650046, up(s10731)
neg, 0.08169386300044566, up(s6873)
neg, 0.10289502122650046, up(s16585)
neg, 0.10289502122650046, up(s9393)
neg, 0.10289502122650046, up(s13316)
neg, 0.10289502122650046, up(s2236)
neg, 0.10289502122650046, up(s12769)
neg, 0.44405545392917123, up(s1885)
neg, 0.10289502122650046, up(s6702)
neg, 0.10289502122650046, up(s12463)
neg, 0.10289502122650046, up(s11676)
neg, 0.10289502122650046, up(s1074)
neg, 0.22430008610876984, up(s12664)
neg, 0.22430008610876984, up(s12570)
neg, 0.10289502122650046, up(s16149)
neg, 0.11920292202211755, up(s3022)
neg, 0.10289502122650046, up(s11187)
neg, 0.10289502122650046, up(s8430)
neg, 0.22430008610876984, up(s1828)
neg, 0.10289502122650046, up(s16176)
neg, 0.10289502122650046, up(s13168)
neg, 0.10289502122650046, up(s9389)
neg, 0.8365987995058131, up(s3582)
neg, 0.10289502122650046, up(s15165)
neg, 0.10289502122650046, up(s5375)
neg, 0.10289502122650046, up(s2989)
neg, 0.10289502122650046, up(s10799)
neg, 0.10289502122650046, up(s9914)
neg, 0.10289502122650046, up(s11884)
neg, 0.22430008610876984, up(s4745)
neg, 0.44405545392917123, up(s1882)
neg, 0.08169386300044566, up(s8563)
neg, 0.22430008610876984, up(s14494)
neg, 0.1953861501028564, up(s2281)
neg, 0.10289502122650046, up(s4809)
neg, 0.10289502122650046, up(s2676)
neg, 0.08169386300044566, up(s10045)
neg, 0.10289502122650046, up(s2948)
neg, 0.10289502122650046, up(s3223)
neg, 0.11920292202211755, up(s7704)
neg, 0.10289502122650046, up(s8433)
neg, 0.08169386300044566, up(s10170)
neg, 0.08169386300044566, up(s9019)
neg, 0.5848843897172197, up(s13693)
neg, 0.10289502122650046, up(s7896)
neg, 0.10289502122650046, up(s5254)
neg, 0.9626731126558706, up(s13701)
neg, 0.10289502122650046, up(s3978)
neg, 0.10289502122650046, up(s2254)
neg, 0.08169386300044566, up(s16641)
neg, 0.8114499865975923, up(s2166)
neg, 0.10289502122650046, up(s2996)
neg, 0.10289502122650046, up(s14042)
neg, 0.10289502122650046, up(s9515)
neg, 0.10289502122650046, up(s11847)
neg, 0.10289502122650046, up(s16117)
neg, 0.10289502122650046, up(s8040)
neg, 0.22430008610876984, up(s10002)
neg, 0.13296424019782926, up(s5432)
neg, 0.10289502122650046, up(s14771)
neg, 0.10289502122650046, up(s12019)
neg, 0.8114499865975923, up(s7883)
neg, 0.10289502122650046, up(s8434)
neg, 0.10289502122650046, up(s10670)
neg, 0.10289502122650046, up(s4)
neg, 0.10289502122650046, up(s16284)
neg, 0.22430008610876984, up(s10307)
neg, 0.11920292202211755, up(s6949)
neg, 0.10289502122650046, up(s7200)
neg, 0.08169386300044566, up(s2135)
neg, 0.10289502122650046, up(s2898)
neg, 0.10289502122650046, up(s9783)
neg, 0.10289502122650046, up(s11252)
neg, 0.22430008610876984, up(s13853)
neg, 0.5848843897172197, up(s7055)
neg, 0.10289502122650046, up(s10760)
neg, 0.10289502122650046, up(s12501)
neg, 0.8114499865975923, up(s12546)
neg, 0.10289502122650046, up(s4138)
neg, 0.8754916925991265, up(s14579)
neg, 0.10289502122650046, up(s10838)
neg, 0.10289502122650046, up(s11961)
neg, 0.10289502122650046, up(s1740)
neg, 0.8114499865975923, up(s4664)
neg, 0.10289502122650046, up(s11688)
neg, 0.13296424019782926, up(s5445)
neg, 0.10289502122650046, up(s3504)
neg, 0.08169386300044566, up(s9628)
neg, 0.10289502122650046, up(s6707)
neg, 0.08169386300044566, up(s1860)
neg, 0.10289502122650046, up(s3253)
neg, 0.10289502122650046, up(s16230)
neg, 0.10289502122650046, up(s7157)
neg, 0.22430008610876984, up(s1829)
neg, 0.10289502122650046, up(s2814)
neg, 0.08169386300044566, up(s6852)
neg, 0.10289502122650046, up(s10729)
neg, 0.10289502122650046, up(s2250)
neg, 0.10289502122650046, up(s2821)
neg, 0.22430008610876984, up(s13013)
neg, 0.01798620996209156, up(s9547)
neg, 0.8114499865975923, up(s11036)
neg, 0.10289502122650046, up(s16557)
neg, 0.10289502122650046, up(s1051)
neg, 0.10289502122650046, up(s11891)
neg, 0.10289502122650046, up(s5390)
neg, 0.10289502122650046, up(s2224)
neg, 0.10289502122650046, up(s2208)
neg, 0.10289502122650046, up(s10766)
neg, 0.22430008610876984, up(s414)
neg, 0.10289502122650046, up(s16592)
neg, 0.11920292202211755, up(s6957)
neg, 0.1953861501028564, up(s324)
neg, 0.10289502122650046, up(s2523)
neg, 0.10289502122650046, up(s8438)
neg, 0.10289502122650046, up(s14066)
neg, 0.22430008610876984, up(s1415)
neg, 0.10289502122650046, up(s5242)
neg, 0.01798620996209156, up(s9558)
neg, 0.22430008610876984, up(s5459)
neg, 0.08169386300044566, up(s10208)
neg, 0.10289502122650046, up(s2532)
neg, 0.10289502122650046, up(s639)
neg, 0.10289502122650046, up(s8823)
neg, 0.22430008610876984, up(s3314)
neg, 0.5848843897172197, up(s3848)
neg, 0.22430008610876984, up(s14495)
neg, 0.10289502122650046, up(s9760)
neg, 0.10289502122650046, up(s3284)
neg, 0.10289502122650046, up(s15934)
neg, 0.22430008610876984, up(s1458)
neg, 0.1953861501028564, up(s12046)
neg, 0.10289502122650046, up(s1340)
neg, 0.22430008610876984, up(s8978)
neg, 0.10289502122650046, up(s4811)
neg, 0.10289502122650046, up(s9702)
neg, 0.22430008610876984, up(s5456)
neg, 0.10289502122650046, up(s7357)
neg, 0.10289502122650046, up(s14375)
neg, 0.10289502122650046, up(s6343)
neg, 0.08169386300044566, up(s453)
neg, 0.22430008610876984, up(s16680)
neg, 0.10289502122650046, up(s1196)
neg, 0.10289502122650046, up(s15740)
neg, 0.10289502122650046, up(s673)
neg, 0.10289502122650046, up(s252)
neg, 0.01798620996209156, up(s14557)
neg, 0.44405545392917123, up(s1884)
neg, 0.10289502122650046, up(s1775)
neg, 0.22430008610876984, up(s10031)
neg, 0.22430008610876984, up(s742)
neg, 0.10289502122650046, up(s5313)
neg, 0.10289502122650046, up(s1323)
neg, 0.10289502122650046, up(s14801)
neg, 0.10289502122650046, up(s13084)
neg, 0.10289502122650046, up(s11898)
neg, 0.10289502122650046, up(s1092)
neg, 0.10289502122650046, up(s71)
neg, 0.1953861501028564, up(s12102)
neg, 0.10289502122650046, up(s7423)
neg, 0.10289502122650046, up(s1263)
neg, 0.10289502122650046, up(s1731)
neg, 0.11920292202211755, up(s7718)
neg, 0.44405545392917123, up(s13475)
neg, 0.10289502122650046, up(s4456)
neg, 0.10289502122650046, up(s3481)
neg, 0.10289502122650046, up(s5929)
neg, 0.10289502122650046, up(s11222)
neg, 0.10289502122650046, up(s16981)
neg, 0.10289502122650046, up(s11189)
neg, 0.10289502122650046, up(s42)
neg, 0.10289502122650046, up(s7143)
neg, 0.10289502122650046, up(s7579)
neg, 0.10289502122650046, up(s10803)
neg, 0.10289502122650046, up(s11175)
neg, 0.10289502122650046, up(s9798)
neg, 0.22430008610876984, up(s15618)
neg, 0.10289502122650046, up(s15969)
neg, 0.10289502122650046, up(s3969)
neg, 0.08169386300044566, up(s866)
neg, 0.22430008610876984, up(s10028)
neg, 0.22430008610876984, up(s6822)
neg, 0.10289502122650046, up(s16864)
neg, 0.10289502122650046, up(s10517)
neg, 0.22430008610876984, up(s4478)
neg, 0.10289502122650046, up(s2636)
neg, 0.10289502122650046, up(s13010)
neg, 0.10289502122650046, up(s5251)
neg, 0.08169386300044566, up(s9626)
neg, 0.10289502122650046, up(s5422)
neg, 0.10289502122650046, up(s2578)
neg, 0.10289502122650046, up(s8045)
neg, 0.8114499865975923, up(s6983)
neg, 0.11920292202211755, up(s3067)
neg, 0.10289502122650046, up(s15472)
neg, 0.10289502122650046, up(s17119)
neg, 0.08169386300044566, up(s8605)
neg, 0.8114499865975923, up(s5602)
neg, 0.10289502122650046, up(s12515)
neg, 0.8754916925991265, up(s9114)
neg, 0.10289502122650046, up(s172)
neg, 0.22430008610876984, up(s3320)
neg, 0.10289502122650046, up(s220)
neg, 0.84256250868867, up(s15048)
neg, 0.22430008610876984, up(s8231)
neg, 0.11920292202211755, up(s7670)
neg, 0.10289502122650046, up(s10674)
neg, 0.10289502122650046, up(s11190)
neg, 0.8365987995058131, up(s3643)
neg, 0.10289502122650046, up(s14777)
neg, 0.10289502122650046, up(s11130)
neg, 0.08169386300044566, up(s10213)
neg, 0.10289502122650046, up(s10647)
neg, 0.10289502122650046, up(s11833)
neg, 0.10289502122650046, up(s8401)
neg, 0.08169386300044566, up(s8589)
neg, 0.10289502122650046, up(s979)
neg, 0.10289502122650046, up(s186)
neg, 0.08169386300044566, up(s2104)
neg, 0.10289502122650046, up(s2690)
neg, 0.08169386300044566, up(s10221)
neg, 0.10289502122650046, up(s15746)
neg, 0.10289502122650046, up(s4135)
neg, 0.10289502122650046, up(s10822)
neg, 0.10289502122650046, up(s2376)
neg, 0.10289502122650046, up(s4975)
neg, 0.10289502122650046, up(s15938)
neg, 0.10289502122650046, up(s11823)
neg, 0.10289502122650046, up(s15718)
neg, 0.10289502122650046, up(s626)
neg, 0.10289502122650046, up(s11181)
neg, 0.10289502122650046, up(s1724)
neg, 0.22430008610876984, up(s17023)
neg, 0.10289502122650046, up(s1199)
neg, 0.10289502122650046, up(s5060)
neg, 0.08169386300044566, up(s2136)
neg, 0.10289502122650046, up(s16080)
neg, 0.10289502122650046, up(s14727)
neg, 0.8114499865975923, up(s11069)
neg, 0.22430008610876984, up(s15622)
neg, 0.10289502122650046, up(s2824)
neg, 0.10289502122650046, up(s4441)
neg, 0.8114499865975923, up(s6438)
neg, 0.10289502122650046, up(s9465)
neg, 0.22430008610876984, up(s420)
neg, 0.1953861501028564, up(s9608)
neg, 0.10289502122650046, up(s3954)
neg, 0.10289502122650046, up(s8739)
neg, 0.22430008610876984, up(s10036)
neg, 0.10289502122650046, up(s14728)
neg, 0.10289502122650046, up(s5024)
neg, 0.10289502122650046, up(s4432)
neg, 0.08169386300044566, up(s6187)
neg, 0.10289502122650046, up(s6047)
neg, 0.08169386300044566, up(s12212)
neg, 0.10289502122650046, up(s3224)
neg, 0.10289502122650046, up(s5158)
neg, 0.10289502122650046, up(s16281)
neg, 0.08169386300044566, up(s7232)
neg, 0.10289502122650046, up(s4430)
neg, 0.10289502122650046, up(s16579)
neg, 0.10289502122650046, up(s9361)
neg, 0.10289502122650046, up(s16141)
neg, 0.22430008610876984, up(s17025)
neg, 0.22430008610876984, up(s12647)
neg, 0.8114499865975923, up(s12122)
neg, 0.08169386300044566, up(s9009)
neg, 0.10289502122650046, up(s6630)
neg, 0.11920292202211755, up(s7720)
neg, 0.08169386300044566, up(s12716)
neg, 0.5, up(s3716)
neg, 0.08169386300044566, up(s8581)
neg, 0.10289502122650046, up(s16037)
neg, 0.10289502122650046, up(s12407)
neg, 0.10289502122650046, up(s11916)
neg, 0.10289502122650046, up(s114)
neg, 0.10289502122650046, up(s3480)
neg, 0.10289502122650046, up(s9701)
neg, 0.22430008610876984, up(s10026)
neg, 0.10289502122650046, up(s9796)
neg, 0.22430008610876984, up(s11502)
neg, 0.10289502122650046, up(s36)
neg, 0.01798620996209156, up(s9565)
neg, 0.10289502122650046, up(s13180)
neg, 0.22430008610876984, up(s4486)
neg, 0.8114499865975923, up(s2175)
neg, 0.10289502122650046, up(s3778)
neg, 0.10289502122650046, up(s13172)
neg, 0.10289502122650046, up(s3985)
neg, 0.11920292202211755, up(s3069)
neg, 0.22430008610876984, up(s1462)
neg, 0.10289502122650046, up(s10723)
neg, 0.10289502122650046, up(s6551)
neg, 0.10289502122650046, up(s14917)
neg, 0.10289502122650046, up(s14909)
neg, 0.10289502122650046, up(s16260)
neg, 0.10289502122650046, up(s5992)
neg, 0.10289502122650046, up(s16)
neg, 0.10289502122650046, up(s16584)
neg, 0.22430008610876984, up(s17016)
neg, 0.10289502122650046, up(s13313)
neg, 0.10289502122650046, up(s9440)
neg, 0.22430008610876984, up(s12623)
neg, 0.10289502122650046, up(s14062)
neg, 0.08169386300044566, up(s10944)
neg, 0.08169386300044566, up(s12219)
neg, 0.22430008610876984, up(s12646)
neg, 0.10289502122650046, up(s14189)
neg, 0.8446512897493086, up(s9560)
neg, 0.10289502122650046, up(s15216)
neg, 0.10289502122650046, up(s16531)
neg, 0.10289502122650046, up(s14061)
neg, 0.22430008610876984, up(s8984)
neg, 0.10289502122650046, up(s2833)
neg, 0.10289502122650046, up(s12997)
neg, 0.10289502122650046, up(s4308)
neg, 0.10289502122650046, up(s16043)
neg, 0.10289502122650046, up(s13080)
neg, 0.8114499865975923, up(s6411)
neg, 0.22430008610876984, up(s4487)
neg, 0.10289502122650046, up(s7566)
neg, 0.8114499865975923, up(s6964)
neg, 0.22430008610876984, up(s4567)
neg, 0.10289502122650046, up(s13765)
neg, 0.08169386300044566, up(s10927)
neg, 0.10289502122650046, up(s15261)
neg, 0.22430008610876984, up(s10018)
neg, 0.08169386300044566, up(s6156)
neg, 0.10289502122650046, up(s1772)
neg, 0.22430008610876984, up(s1460)
neg, 0.10289502122650046, up(s14195)
neg, 0.9501389651995008, up(s13721)
neg, 0.10289502122650046, up(s7635)
neg, 0.10289502122650046, up(s13150)
neg, 0.8114499865975923, up(s15533)
neg, 0.01798620996209156, up(s14543)
neg, 0.10289502122650046, up(s694)
neg, 0.10289502122650046, up(s12803)
neg, 0.10289502122650046, up(s2579)
neg, 0.10289502122650046, up(s9407)
neg, 0.01798620996209156, up(s14539)
neg, 0.10289502122650046, up(s8462)
neg, 0.22430008610876984, up(s9963)
neg, 0.8365987995058131, up(s3606)
neg, 0.10289502122650046, up(s2629)
neg, 0.08169386300044566, up(s15091)
neg, 0.10289502122650046, up(s14665)
neg, 0.10289502122650046, up(s12369)
neg, 0.10289502122650046, up(s12403)
neg, 0.10289502122650046, up(s6628)
neg, 0.10289502122650046, up(s2630)
neg, 0.08169386300044566, up(s2075)
neg, 0.08169386300044566, up(s1992)
neg, 0.10289502122650046, up(s2654)
neg, 0.10289502122650046, up(s8482)
neg, 0.10289502122650046, up(s16484)
neg, 0.8446512897493086, up(s8340)
neg, 0.10289502122650046, up(s84)
neg, 0.10289502122650046, up(s1109)
neg, 0.10289502122650046, up(s14952)
neg, 0.10289502122650046, up(s2435)
neg, 0.10289502122650046, up(s11982)
neg, 0.1953861501028564, up(s6397)
neg, 0.08169386300044566, up(s9657)
neg, 0.8114499865975923, up(s6419)
neg, 0.22430008610876984, up(s6831)
neg, 0.10289502122650046, up(s3990)
neg, 0.10289502122650046, up(s1083)
neg, 0.10289502122650046, up(s7131)
neg, 0.10289502122650046, up(s10576)
neg, 0.10289502122650046, up(s12505)
neg, 0.22430008610876984, up(s14260)
neg, 0.22430008610876984, up(s14245)
neg, 0.10289502122650046, up(s8813)
neg, 0.10289502122650046, up(s14964)
neg, 0.10289502122650046, up(s4221)
neg, 0.8114499865975923, up(s2174)
neg, 0.08169386300044566, up(s4563)
neg, 0.10289502122650046, up(s169)
neg, 0.08169386300044566, up(s9624)
neg, 0.10289502122650046, up(s13117)
neg, 0.22430008610876984, up(s10109)
neg, 0.22430008610876984, up(s1971)
neg, 0.10289502122650046, up(s14887)
neg, 0.10289502122650046, up(s16020)
neg, 0.10289502122650046, up(s7958)
neg, 0.10289502122650046, up(s974)
neg, 0.10289502122650046, up(s9364)
neg, 0.10289502122650046, up(s2968)
neg, 0.10289502122650046, up(s11953)
neg, 0.8114499865975923, up(s16752)
neg, 0.10289502122650046, up(s3412)
neg, 0.10289502122650046, up(s12518)
neg, 0.10289502122650046, up(s9363)
neg, 0.08169386300044566, up(s2093)
neg, 0.08169386300044566, up(s3640)
neg, 0.10289502122650046, up(s4884)
neg, 0.8114499865975923, up(s6262)
neg, 0.10289502122650046, up(s12845)
neg, 0.08169386300044566, up(s15334)
neg, 0.22430008610876984, up(s17009)
neg, 0.10289502122650046, up(s16388)
neg, 0.22430008610876984, up(s8227)
neg, 0.08169386300044566, up(s8157)
neg, 0.10289502122650046, up(s13684)
neg, 0.10289502122650046, up(s9241)
neg, 0.5848843897172197, up(s13467)
neg, 0.10289502122650046, up(s1284)
neg, 0.10289502122650046, up(s11692)
neg, 0.10289502122650046, up(s5747)
neg, 0.10289502122650046, up(s8026)
neg, 0.10289502122650046, up(s251)
neg, 0.11920292202211755, up(s9595)
neg, 0.10289502122650046, up(s5987)
neg, 0.9626731126558706, up(s13880)
neg, 0.10289502122650046, up(s8046)
neg, 0.10289502122650046, up(s14743)
neg, 0.10289502122650046, up(s8923)
neg, 0.5848843897172197, up(s3870)
neg, 0.10289502122650046, up(s47)
neg, 0.8114499865975923, up(s544)
neg, 0.10289502122650046, up(s2784)
neg, 0.10289502122650046, up(s4361)
neg, 0.10289502122650046, up(s6530)
neg, 0.10289502122650046, up(s15750)
neg, 0.11920292202211755, up(s7687)
neg, 0.08169386300044566, up(s4557)
neg, 0.10289502122650046, up(s9815)
neg, 0.10289502122650046, up(s3404)
neg, 0.10289502122650046, up(s7183)
neg, 0.10289502122650046, up(s2529)
neg, 0.10289502122650046, up(s15401)
neg, 0.10289502122650046, up(s4341)
neg, 0.10289502122650046, up(s3988)
neg, 0.10289502122650046, up(s14986)
neg, 0.8114499865975923, up(s2162)
neg, 0.10289502122650046, up(s15166)
neg, 0.10289502122650046, up(s6074)
neg, 0.10289502122650046, up(s13397)
neg, 0.10289502122650046, up(s136)
neg, 0.08169386300044566, up(s459)
neg, 0.10289502122650046, up(s3953)
neg, 0.22430008610876984, up(s12547)
neg, 0.10289502122650046, up(s3497)
neg, 0.10289502122650046, up(s10564)
neg, 0.10289502122650046, up(s15965)
neg, 0.10289502122650046, up(s1126)
neg, 0.10289502122650046, up(s11817)
neg, 0.22430008610876984, up(s8525)
neg, 0.10289502122650046, up(s1170)
neg, 0.10289502122650046, up(s4462)
neg, 0.1953861501028564, up(s12086)
neg, 0.11920292202211755, up(s9576)
neg, 0.8114499865975923, up(s2179)
neg, 0.10289502122650046, up(s15147)
neg, 0.22430008610876984, up(s1441)
neg, 0.10289502122650046, up(s16332)
neg, 0.10289502122650046, up(s9848)
neg, 0.10289502122650046, up(s7601)
neg, 0.10289502122650046, up(s2871)
neg, 0.22430008610876984, up(s15576)
neg, 0.10289502122650046, up(s4371)
neg, 0.10289502122650046, up(s11820)
neg, 0.10289502122650046, up(s279)
neg, 0.9501389651995008, up(s3551)
neg, 0.10289502122650046, up(s5770)
neg, 0.10289502122650046, up(s203)
neg, 0.10289502122650046, up(s2193)
neg, 0.10289502122650046, up(s5988)
neg, 0.22430008610876984, up(s4499)
neg, 0.10289502122650046, up(s16355)
neg, 0.10289502122650046, up(s13290)
neg, 0.5, up(s16764)
neg, 0.10289502122650046, up(s2679)
neg, 0.8365987995058131, up(s3594)
neg, 0.10289502122650046, up(s8772)
neg, 0.10289502122650046, up(s14422)
neg, 0.10289502122650046, up(s8776)
neg, 0.8114499865975923, up(s7881)
neg, 0.1953861501028564, up(s12141)
neg, 0.8114499865975923, up(s3141)
neg, 0.10289502122650046, up(s1018)
neg, 0.8365987995058131, up(s2038)
neg, 0.10289502122650046, up(s12509)
neg, 0.10289502122650046, up(s6685)
neg, 0.10289502122650046, up(s10834)
neg, 0.9501389651995008, up(s3555)
neg, 0.10289502122650046, up(s5170)
neg, 0.13296424019782926, up(s7759)
neg, 0.10289502122650046, up(s1260)
neg, 0.08169386300044566, up(s3817)
neg, 0.8660721116759263, up(s13700)
neg, 0.10289502122650046, up(s4971)
neg, 0.10289502122650046, up(s2648)
neg, 0.10289502122650046, up(s4427)
neg, 0.22430008610876984, up(s13835)
neg, 0.10289502122650046, up(s1168)
neg, 0.10289502122650046, up(s8925)
neg, 0.22430008610876984, up(s10142)
neg, 0.22430008610876984, up(s6826)
neg, 0.9626731126558706, up(s15535)
neg, 0.10289502122650046, up(s6758)
neg, 0.8114499865975923, up(s4662)
neg, 0.08169386300044566, up(s15326)
neg, 0.10289502122650046, up(s9420)
neg, 0.08169386300044566, up(s439)
neg, 0.10289502122650046, up(s1282)
neg, 0.10289502122650046, up(s10713)
neg, 0.08169386300044566, up(s457)
neg, 0.10289502122650046, up(s8039)
neg, 0.1953861501028564, up(s6461)
neg, 0.10289502122650046, up(s11225)
neg, 0.10289502122650046, up(s9228)
neg, 0.10289502122650046, up(s14971)
neg, 0.10289502122650046, up(s8928)
neg, 0.10289502122650046, up(s12437)
neg, 0.10289502122650046, up(s9708)
neg, 0.08169386300044566, up(s10043)
neg, 0.10289502122650046, up(s6384)
neg, 0.11920292202211755, up(s10060)
neg, 0.10289502122650046, up(s14910)
neg, 0.10289502122650046, up(s16282)
neg, 0.10289502122650046, up(s11686)
neg, 0.10289502122650046, up(s12466)
neg, 0.08169386300044566, up(s2106)
neg, 0.10289502122650046, up(s13762)
neg, 0.10289502122650046, up(s7186)
neg, 0.10289502122650046, up(s3976)
neg, 0.10289502122650046, up(s6562)
neg, 0.10289502122650046, up(s16055)
neg, 0.10289502122650046, up(s2803)
neg, 0.22430008610876984, up(s1413)
neg, 0.08169386300044566, up(s6132)
neg, 0.10289502122650046, up(s9331)
neg, 0.10289502122650046, up(s7986)
neg, 0.10289502122650046, up(s12768)
neg, 0.10289502122650046, up(s11250)
neg, 0.10289502122650046, up(s14859)
neg, 0.10289502122650046, up(s6647)
neg, 0.08169386300044566, up(s6130)
neg, 0.10289502122650046, up(s8968)
neg, 0.08169386300044566, up(s14283)
neg, 0.8365987995058131, up(s3589)
neg, 0.22430008610876984, up(s6086)
neg, 0.10289502122650046, up(s14702)
neg, 0.10289502122650046, up(s4407)
neg, 0.10289502122650046, up(s7534)
neg, 0.8114499865975923, up(s15528)
neg, 0.08169386300044566, up(s14286)
neg, 0.10289502122650046, up(s17128)
neg, 0.22430008610876984, up(s6084)
neg, 0.10289502122650046, up(s11838)
neg, 0.1953861501028564, up(s12044)
neg, 0.10289502122650046, up(s15175)
neg, 0.1953861501028564, up(s11035)
neg, 0.22430008610876984, up(s15569)
neg, 0.13296424019782926, up(s5444)
neg, 0.08169386300044566, up(s4502)
neg, 0.10289502122650046, up(s3297)
neg, 0.10289502122650046, up(s1275)
neg, 0.10289502122650046, up(s10417)
neg, 0.10289502122650046, up(s12474)
neg, 0.10289502122650046, up(s13164)
neg, 0.1953861501028564, up(s6460)
neg, 0.10289502122650046, up(s120)
neg, 0.10289502122650046, up(s14844)
neg, 0.10289502122650046, up(s16070)
neg, 0.11920292202211755, up(s15040)
neg, 0.8114499865975923, up(s5606)
neg, 0.10289502122650046, up(s14798)
neg, 0.10289502122650046, up(s13343)
neg, 0.08169386300044566, up(s1839)
neg, 0.10289502122650046, up(s12319)
neg, 0.10289502122650046, up(s11989)
neg, 0.5848843897172197, up(s11542)
neg, 0.08169386300044566, up(s9658)
neg, 0.10289502122650046, up(s12508)
neg, 0.10289502122650046, up(s11875)
neg, 0.10289502122650046, up(s9789)
neg, 0.08169386300044566, up(s9663)
neg, 0.10289502122650046, up(s5318)
neg, 0.10289502122650046, up(s2660)
neg, 0.10289502122650046, up(s16958)
neg, 0.22430008610876984, up(s754)
neg, 0.10289502122650046, up(s8056)
neg, 0.10289502122650046, up(s10738)
neg, 0.13296424019782926, up(s7749)
neg, 0.10289502122650046, up(s12452)
neg, 0.5848843897172197, up(s12145)
neg, 0.10289502122650046, up(s6054)
neg, 0.1953861501028564, up(s1543)
neg, 0.10289502122650046, up(s16467)
neg, 0.9525741268224334, up(s8164)
neg, 0.10289502122650046, up(s10873)
neg, 0.10289502122650046, up(s11975)
neg, 0.10289502122650046, up(s16227)
neg, 0.10289502122650046, up(s8059)
neg, 0.10289502122650046, up(s2431)
neg, 0.10289502122650046, up(s10656)
neg, 0.10289502122650046, up(s4153)
neg, 0.5, up(s7077)
neg, 0.10289502122650046, up(s1742)
neg, 0.10289502122650046, up(s7375)
neg, 0.10289502122650046, up(s12024)
neg, 0.08169386300044566, up(s1522)
neg, 0.10289502122650046, up(s11858)
neg, 0.10289502122650046, up(s4103)
neg, 0.10289502122650046, up(s3206)
neg, 0.22430008610876984, up(s6846)
neg, 0.8446512897493086, up(s10258)
neg, 0.10289502122650046, up(s5076)
neg, 0.10289502122650046, up(s34)
neg, 0.10289502122650046, up(s12440)
neg, 0.10289502122650046, up(s4293)
neg, 0.10289502122650046, up(s15124)
neg, 0.10289502122650046, up(s7825)
neg, 0.10289502122650046, up(s9519)
neg, 0.10289502122650046, up(s7385)
neg, 0.10289502122650046, up(s9890)
neg, 0.10289502122650046, up(s4199)
neg, 0.10289502122650046, up(s1384)
neg, 0.10289502122650046, up(s9352)
neg, 0.22430008610876984, up(s6825)
neg, 0.22430008610876984, up(s12654)
neg, 0.10289502122650046, up(s2727)
neg, 0.10289502122650046, up(s987)
neg, 0.10289502122650046, up(s3277)
neg, 0.1953861501028564, up(s12110)
neg, 0.10289502122650046, up(s17186)
neg, 0.8114499865975923, up(s3830)
neg, 0.10289502122650046, up(s16114)
neg, 0.08169386300044566, up(s10301)
neg, 0.10289502122650046, up(s112)
neg, 0.10289502122650046, up(s7417)
neg, 0.22430008610876984, up(s1816)
neg, 0.10289502122650046, up(s6006)
neg, 0.08169386300044566, up(s7036)
neg, 0.10289502122650046, up(s1059)
neg, 0.10289502122650046, up(s4156)
neg, 0.08169386300044566, up(s7018)
neg, 0.10289502122650046, up(s12795)
neg, 0.10289502122650046, up(s6725)
neg, 0.08169386300044566, up(s10953)
neg, 0.10289502122650046, up(s5864)
neg, 0.08169386300044566, up(s6877)
neg, 0.10289502122650046, up(s14990)
neg, 0.10289502122650046, up(s16817)
neg, 0.22430008610876984, up(s1498)
neg, 0.10289502122650046, up(s16828)
neg, 0.10289502122650046, up(s10410)
neg, 0.10289502122650046, up(s11251)
neg, 0.8114499865975923, up(s8364)
neg, 0.01798620996209156, up(s9548)
neg, 0.10289502122650046, up(s10688)
neg, 0.08169386300044566, up(s8997)
neg, 0.8114499865975923, up(s8359)
neg, 0.10289502122650046, up(s12486)
neg, 0.10289502122650046, up(s12003)
neg, 0.22430008610876984, up(s422)
neg, 0.11920292202211755, up(s10063)
neg, 0.5848843897172197, up(s11539)
neg, 0.10289502122650046, up(s2804)
neg, 0.10289502122650046, up(s11687)
neg, 0.10289502122650046, up(s17199)
neg, 0.10289502122650046, up(s13225)
neg, 0.10289502122650046, up(s6325)
neg, 0.10289502122650046, up(s1706)
neg, 0.10289502122650046, up(s5830)
neg, 0.22430008610876984, up(s5509)
neg, 0.10289502122650046, up(s6532)
neg, 0.10289502122650046, up(s2696)
neg, 0.10289502122650046, up(s2655)
neg, 0.10289502122650046, up(s14812)
neg, 0.9626731126558706, up(s13697)
neg, 0.8446512897493086, up(s3366)
neg, 0.44405545392917123, up(s3123)
neg, 0.10289502122650046, up(s16460)
neg, 0.10289502122650046, up(s646)
neg, 0.08169386300044566, up(s13927)
neg, 0.08169386300044566, up(s4547)
neg, 0.8114499865975923, up(s6939)
neg, 0.10289502122650046, up(s4858)
neg, 0.08169386300044566, up(s16651)
neg, 0.10289502122650046, up(s5196)
neg, 0.10289502122650046, up(s3261)
neg, 0.10289502122650046, up(s9334)
neg, 0.10289502122650046, up(s4733)
neg, 0.08169386300044566, up(s822)
neg, 0.10289502122650046, up(s6030)
neg, 0.10289502122650046, up(s11806)
neg, 0.10289502122650046, up(s5200)
neg, 0.11920292202211755, up(s7730)
neg, 0.10289502122650046, up(s11368)
neg, 0.5848843897172197, up(s13456)
neg, 0.10289502122650046, up(s14162)
neg, 0.10289502122650046, up(s1729)
neg, 0.22430008610876984, up(s15648)
neg, 0.22430008610876984, up(s6082)
neg, 0.8114499865975923, up(s11064)
neg, 0.10289502122650046, up(s3272)
neg, 0.10289502122650046, up(s4180)
neg, 0.10289502122650046, up(s8455)
neg, 0.10289502122650046, up(s5073)
neg, 0.10289502122650046, up(s15143)
neg, 0.08169386300044566, up(s7020)
neg, 0.10289502122650046, up(s16403)
neg, 0.10289502122650046, up(s16879)
neg, 0.10289502122650046, up(s10602)
neg, 0.10289502122650046, up(s9217)
neg, 0.10289502122650046, up(s9448)
neg, 0.10289502122650046, up(s7518)
neg, 0.10289502122650046, up(s16522)
neg, 0.10289502122650046, up(s12502)
neg, 0.10289502122650046, up(s689)
neg, 0.10289502122650046, up(s16813)
neg, 0.10289502122650046, up(s11111)
neg, 0.01798620996209156, up(s9555)
neg, 0.10289502122650046, up(s17150)
neg, 0.08169386300044566, up(s6867)
neg, 0.10289502122650046, up(s16105)
neg, 0.10289502122650046, up(s2538)
neg, 0.84256250868867, up(s10991)
neg, 0.10289502122650046, up(s7493)
neg, 0.84256250868867, up(s10981)
neg, 0.10289502122650046, up(s104)
neg, 0.10289502122650046, up(s1242)
neg, 0.22430008610876984, up(s1473)
neg, 0.10289502122650046, up(s12792)
neg, 0.10289502122650046, up(s6550)
neg, 0.22430008610876984, up(s8266)
neg, 0.10289502122650046, up(s14116)
neg, 0.8114499865975923, up(s6904)
neg, 0.10289502122650046, up(s683)
neg, 0.22430008610876984, up(s12686)
neg, 0.10289502122650046, up(s9332)
neg, 0.10289502122650046, up(s8777)
neg, 0.22430008610876984, up(s8232)
neg, 0.1953861501028564, up(s1550)
neg, 0.10289502122650046, up(s13246)
neg, 0.10289502122650046, up(s15232)
neg, 0.08169386300044566, up(s6859)
neg, 0.10289502122650046, up(s15224)
neg, 0.5848843897172197, up(s3862)
neg, 0.44405545392917123, up(s3133)
neg, 0.10289502122650046, up(s9476)
neg, 0.1953861501028564, up(s577)
neg, 0.22430008610876984, up(s13837)
neg, 0.10289502122650046, up(s9367)
neg, 0.10289502122650046, up(s5398)
neg, 0.10289502122650046, up(s3511)
neg, 0.10289502122650046, up(s12471)
neg, 0.10289502122650046, up(s7412)
neg, 0.08169386300044566, up(s800)
neg, 0.13296424019782926, up(s13414)
neg, 0.84256250868867, up(s15045)
neg, 0.08169386300044566, up(s10946)
neg, 0.10289502122650046, up(s3498)
neg, 0.08169386300044566, up(s2014)
neg, 0.10289502122650046, up(s7407)
neg, 0.44405545392917123, up(s13478)
neg, 0.1953861501028564, up(s350)
neg, 0.10289502122650046, up(s16928)
neg, 0.11920292202211755, up(s11084)
neg, 0.22430008610876984, up(s17039)
neg, 0.10289502122650046, up(s3254)
neg, 0.10289502122650046, up(s11134)
neg, 0.10289502122650046, up(s4282)
neg, 0.08169386300044566, up(s4537)
neg, 0.22430008610876984, up(s10100)
neg, 0.10289502122650046, up(s9749)
neg, 0.10289502122650046, up(s7557)
neg, 0.08169386300044566, up(s14508)
neg, 0.10289502122650046, up(s12779)
neg, 0.10289502122650046, up(s10865)
neg, 0.5848843897172197, up(s5593)
neg, 0.22430008610876984, up(s14499)
neg, 0.1953861501028564, up(s12040)
neg, 0.10289502122650046, up(s16373)
neg, 0.8114499865975923, up(s13826)
neg, 0.8365987995058131, up(s8628)
neg, 0.10289502122650046, up(s5871)
neg, 0.10289502122650046, up(s6017)
neg, 0.08169386300044566, up(s803)
neg, 0.08169386300044566, up(s2107)
neg, 0.5, up(s6890)
neg, 0.10289502122650046, up(s1227)
neg, 0.10289502122650046, up(s11837)
neg, 0.10289502122650046, up(s8812)
neg, 0.10289502122650046, up(s14374)
neg, 0.22430008610876984, up(s16290)
neg, 0.08169386300044566, up(s16663)
neg, 0.1953861501028564, up(s12101)
neg, 0.5, up(s3693)
neg, 0.10289502122650046, up(s16806)
neg, 0.10289502122650046, up(s14961)
neg, 0.10289502122650046, up(s16216)
neg, 0.10289502122650046, up(s12496)
neg, 0.10289502122650046, up(s10419)
neg, 0.10289502122650046, up(s11930)
neg, 0.10289502122650046, up(s5790)
neg, 0.10289502122650046, up(s5343)
neg, 0.22430008610876984, up(s10112)
neg, 0.8446512897493086, up(s7092)
neg, 0.10289502122650046, up(s14711)
neg, 0.10289502122650046, up(s2873)
neg, 0.10289502122650046, up(s12400)
neg, 0.10289502122650046, up(s15849)
neg, 0.10289502122650046, up(s4114)
neg, 0.10289502122650046, up(s14391)
neg, 0.10289502122650046, up(s5102)
neg, 0.10289502122650046, up(s14839)
neg, 0.10289502122650046, up(s7629)
neg, 0.10289502122650046, up(s16918)
neg, 0.10289502122650046, up(s15228)
neg, 0.8114499865975923, up(s2272)
neg, 0.10289502122650046, up(s5100)
neg, 0.10289502122650046, up(s9341)
neg, 0.10289502122650046, up(s6364)
neg, 0.08169386300044566, up(s13929)
neg, 0.10289502122650046, up(s1268)
neg, 0.22430008610876984, up(s12611)
neg, 0.10289502122650046, up(s16369)
neg, 0.84256250868867, up(s10984)
neg, 0.10289502122650046, up(s5311)
neg, 0.10289502122650046, up(s8024)
neg, 0.10289502122650046, up(s16044)
neg, 0.08169386300044566, up(s16667)
neg, 0.10289502122650046, up(s10558)
neg, 0.22430008610876984, up(s8521)
neg, 0.10289502122650046, up(s4448)
neg, 0.10289502122650046, up(s7847)
neg, 0.10289502122650046, up(s14875)
neg, 0.08169386300044566, up(s15087)
neg, 0.10289502122650046, up(s656)
neg, 0.22430008610876984, up(s6092)
neg, 0.10289502122650046, up(s13326)
neg, 0.10289502122650046, up(s15936)
neg, 0.10289502122650046, up(s3470)
neg, 0.22430008610876984, up(s4483)
neg, 0.10289502122650046, up(s10756)
neg, 0.22430008610876984, up(s14328)
neg, 0.10289502122650046, up(s15281)
neg, 0.10289502122650046, up(s3298)
neg, 0.10289502122650046, up(s12444)
neg, 0.10289502122650046, up(s9480)
neg, 0.10289502122650046, up(s187)
neg, 0.01798620996209156, up(s14571)
neg, 0.11920292202211755, up(s3015)
neg, 0.22430008610876984, up(s10030)
neg, 0.10289502122650046, up(s14370)
neg, 0.84256250868867, up(s3090)
neg, 0.8114499865975923, up(s3826)
neg, 0.10289502122650046, up(s14043)
neg, 0.22430008610876984, up(s6848)
neg, 0.10289502122650046, up(s6634)
neg, 0.08169386300044566, up(s6858)
neg, 0.10289502122650046, up(s11856)
neg, 0.10289502122650046, up(s8831)
neg, 0.10289502122650046, up(s10603)
neg, 0.8446512897493086, up(s8286)
neg, 0.08169386300044566, up(s6854)
neg, 0.10289502122650046, up(s4449)
neg, 0.10289502122650046, up(s12033)
neg, 0.10289502122650046, up(s4464)
neg, 0.10289502122650046, up(s15839)
neg, 0.5848843897172197, up(s7059)
neg, 0.10289502122650046, up(s717)
neg, 0.22430008610876984, up(s4497)
neg, 0.1953861501028564, up(s6459)
neg, 0.10289502122650046, up(s4306)
neg, 0.10289502122650046, up(s1002)
neg, 0.10289502122650046, up(s9517)
neg, 0.10289502122650046, up(s1267)
neg, 0.10289502122650046, up(s6506)
neg, 0.10289502122650046, up(s4152)
neg, 0.10289502122650046, up(s225)
neg, 0.1953861501028564, up(s592)
neg, 0.08169386300044566, up(s12189)
neg, 0.22430008610876984, up(s1414)
neg, 0.10289502122650046, up(s12996)
neg, 0.10289502122650046, up(s4276)
neg, 0.8446512897493086, up(s3371)
neg, 0.10289502122650046, up(s11713)
neg, 0.10289502122650046, up(s16089)
neg, 0.10289502122650046, up(s5792)
neg, 0.10289502122650046, up(s4849)
neg, 0.10289502122650046, up(s7431)
neg, 0.10289502122650046, up(s5161)
neg, 0.10289502122650046, up(s13402)
neg, 0.8365987995058131, up(s10316)
neg, 0.10289502122650046, up(s12915)
neg, 0.10289502122650046, up(s1778)
neg, 0.22430008610876984, up(s10108)
neg, 0.10289502122650046, up(s8060)
neg, 0.10289502122650046, up(s15114)
neg, 0.10289502122650046, up(s8927)
neg, 0.10289502122650046, up(s16523)
neg, 0.10289502122650046, up(s13162)
neg, 0.10289502122650046, up(s1238)
neg, 0.10289502122650046, up(s16283)
neg, 0.10289502122650046, up(s4939)
neg, 0.10289502122650046, up(s16328)
neg, 0.08169386300044566, up(s475)
neg, 0.10289502122650046, up(s9479)
neg, 0.22430008610876984, up(s11494)
neg, 0.10289502122650046, up(s6001)
neg, 0.10289502122650046, up(s6593)
neg, 0.10289502122650046, up(s1025)
neg, 0.10289502122650046, up(s2329)
neg, 0.9626731126558706, up(s6486)
neg, 0.10289502122650046, up(s7491)
neg, 0.10289502122650046, up(s15847)
neg, 0.10289502122650046, up(s4787)
neg, 0.10289502122650046, up(s5217)
neg, 0.22430008610876984, up(s8236)
neg, 0.22430008610876984, up(s1402)
neg, 0.5, up(s7063)
neg, 0.10289502122650046, up(s6709)
neg, 0.10289502122650046, up(s8014)
neg, 0.22430008610876984, up(s12609)
neg, 0.10289502122650046, up(s3944)
neg, 0.10289502122650046, up(s6574)
neg, 0.10289502122650046, up(s14690)
neg, 0.10289502122650046, up(s11162)
neg, 0.10289502122650046, up(s4260)
neg, 0.10289502122650046, up(s16325)
neg, 0.10289502122650046, up(s16572)
neg, 0.10289502122650046, up(s8730)
neg, 0.5848843897172197, up(s13465)
neg, 0.10289502122650046, up(s9374)
neg, 0.10289502122650046, up(s1734)
neg, 0.08169386300044566, up(s6881)
neg, 0.8114499865975923, up(s6435)
neg, 0.10289502122650046, up(s1324)
neg, 0.10289502122650046, up(s4343)
neg, 0.10289502122650046, up(s4739)
neg, 0.11920292202211755, up(s10061)
neg, 0.10289502122650046, up(s7580)
neg, 0.10289502122650046, up(s8787)
neg, 0.10289502122650046, up(s4734)
neg, 0.10289502122650046, up(s5914)
neg, 0.22430008610876984, up(s1445)
neg, 0.10289502122650046, up(s1060)
neg, 0.10289502122650046, up(s1182)
neg, 0.10289502122650046, up(s5207)
neg, 0.10289502122650046, up(s1099)
neg, 0.22430008610876984, up(s11492)
neg, 0.10289502122650046, up(s15149)
neg, 0.22430008610876984, up(s1820)
neg, 0.22430008610876984, up(s3313)
neg, 0.10289502122650046, up(s7441)
neg, 0.10289502122650046, up(s5979)
neg, 0.10289502122650046, up(s2230)
neg, 0.10289502122650046, up(s3500)
neg, 0.10289502122650046, up(s13672)
neg, 0.10289502122650046, up(s11748)
neg, 0.10289502122650046, up(s10784)
neg, 0.1953861501028564, up(s9612)
neg, 0.10289502122650046, up(s4144)
neg, 0.10289502122650046, up(s2221)
neg, 0.10289502122650046, up(s7551)
neg, 0.10289502122650046, up(s6677)
neg, 0.10289502122650046, up(s15163)
neg, 0.10289502122650046, up(s16214)
neg, 0.10289502122650046, up(s1709)
neg, 0.1953861501028564, up(s337)
neg, 0.10289502122650046, up(s4283)
neg, 0.08169386300044566, up(s3802)
neg, 0.10289502122650046, up(s12325)
neg, 0.8446512897493086, up(s8341)
neg, 0.10289502122650046, up(s15995)
neg, 0.10289502122650046, up(s7480)
neg, 0.10289502122650046, up(s7168)
neg, 0.10289502122650046, up(s268)
neg, 0.22430008610876984, up(s8262)
neg, 0.10289502122650046, up(s12447)
neg, 0.1953861501028564, up(s12106)
neg, 0.10289502122650046, up(s2780)
neg, 0.10289502122650046, up(s11216)
neg, 0.22430008610876984, up(s3788)
neg, 0.10289502122650046, up(s6333)
neg, 0.10289502122650046, up(s11236)
neg, 0.10289502122650046, up(s16810)
neg, 0.10289502122650046, up(s9383)
neg, 0.8446512897493086, up(s10068)
neg, 0.10289502122650046, up(s132)
neg, 0.10289502122650046, up(s6315)
neg, 0.08169386300044566, up(s16643)
neg, 0.8114499865975923, up(s3832)
neg, 0.10289502122650046, up(s8909)
neg, 0.10289502122650046, up(s5361)
neg, 0.9626731126558706, up(s13698)
neg, 0.10289502122650046, up(s2246)
neg, 0.10289502122650046, up(s11707)
neg, 0.10289502122650046, up(s13206)
neg, 0.10289502122650046, up(s1107)
neg, 0.22430008610876984, up(s3566)
neg, 0.10289502122650046, up(s12356)
neg, 0.10289502122650046, up(s7924)
neg, 0.10289502122650046, up(s13152)
neg, 0.10289502122650046, up(s11147)
neg, 0.10289502122650046, up(s10588)
neg, 0.10289502122650046, up(s5154)
neg, 0.10289502122650046, up(s11161)
neg, 0.10289502122650046, up(s3252)
neg, 0.10289502122650046, up(s6012)
neg, 0.08169386300044566, up(s15319)
neg, 0.10289502122650046, up(s111)
neg, 0.08169386300044566, up(s15668)
neg, 0.10289502122650046, up(s2700)
neg, 0.10289502122650046, up(s3512)
neg, 0.10289502122650046, up(s8785)
neg, 0.10289502122650046, up(s14998)
neg, 0.10289502122650046, up(s9931)
neg, 0.10289502122650046, up(s12376)
neg, 0.5848843897172197, up(s13875)
neg, 0.10289502122650046, up(s1048)
neg, 0.10289502122650046, up(s14486)
neg, 0.08169386300044566, up(s2085)
neg, 0.22430008610876984, up(s4490)
neg, 0.10289502122650046, up(s96)
neg, 0.10289502122650046, up(s15120)
neg, 0.5, up(s7069)
neg, 0.10289502122650046, up(s222)
neg, 0.10289502122650046, up(s5059)
neg, 0.10289502122650046, up(s60)
neg, 0.10289502122650046, up(s16131)
neg, 0.10289502122650046, up(s2741)
neg, 0.10289502122650046, up(s3439)
neg, 0.10289502122650046, up(s15217)
neg, 0.10289502122650046, up(s16039)
neg, 0.10289502122650046, up(s7163)
neg, 0.11920292202211755, up(s7703)
neg, 0.10289502122650046, up(s13187)
neg, 0.10289502122650046, up(s3997)
neg, 0.10289502122650046, up(s15257)
neg, 0.10289502122650046, up(s3200)
neg, 0.10289502122650046, up(s11246)
neg, 0.10289502122650046, up(s12364)
neg, 0.10289502122650046, up(s8971)
neg, 0.10289502122650046, up(s6009)
neg, 0.22430008610876984, up(s424)
neg, 0.10289502122650046, up(s4095)
neg, 0.10289502122650046, up(s15146)
neg, 0.10289502122650046, up(s9875)
neg, 0.10289502122650046, up(s2547)
neg, 0.10289502122650046, up(s8826)
neg, 0.10289502122650046, up(s6811)
neg, 0.10289502122650046, up(s16259)
neg, 0.1953861501028564, up(s6465)
neg, 0.10289502122650046, up(s7145)
neg, 0.8446512897493086, up(s8284)
neg, 0.10289502122650046, up(s15953)
neg, 0.1953861501028564, up(s347)
neg, 0.22430008610876984, up(s2129)
neg, 0.10289502122650046, up(s4333)
neg, 0.10289502122650046, up(s648)
neg, 0.10289502122650046, up(s1369)
neg, 0.10289502122650046, up(s9463)
neg, 0.10289502122650046, up(s4899)
neg, 0.10289502122650046, up(s7543)
neg, 0.10289502122650046, up(s7361)
neg, 0.10289502122650046, up(s9523)
neg, 0.1953861501028564, up(s6484)
neg, 0.10289502122650046, up(s4192)
neg, 0.10289502122650046, up(s11703)
neg, 0.13296424019782926, up(s13470)
neg, 0.10289502122650046, up(s9477)
neg, 0.10289502122650046, up(s16140)
neg, 0.10289502122650046, up(s13292)
neg, 0.10289502122650046, up(s2912)
neg, 0.10289502122650046, up(s8875)
neg, 0.8114499865975923, up(s2183)
neg, 0.22430008610876984, up(s11500)
neg, 0.10289502122650046, up(s8061)
neg, 0.8446512897493086, up(s8345)
neg, 0.10289502122650046, up(s16573)
neg, 0.1953861501028564, up(s352)
neg, 0.10289502122650046, up(s6752)
neg, 0.10289502122650046, up(s5937)
neg, 0.10289502122650046, up(s8951)
neg, 0.10289502122650046, up(s3225)
neg, 0.8365987995058131, up(s8182)
neg, 0.08169386300044566, up(s8573)
neg, 0.10289502122650046, up(s11405)
neg, 0.10289502122650046, up(s12932)
neg, 0.8365987995058131, up(s8188)
neg, 0.10289502122650046, up(s4913)
neg, 0.22430008610876984, up(s5482)
neg, 0.10289502122650046, up(s2859)
neg, 0.10289502122650046, up(s9339)
neg, 0.08169386300044566, up(s1847)
neg, 0.10289502122650046, up(s2817)
neg, 0.10289502122650046, up(s11235)
neg, 0.10289502122650046, up(s11221)
neg, 0.10289502122650046, up(s11943)
neg, 0.10289502122650046, up(s16036)
neg, 0.08169386300044566, up(s16632)
neg, 0.10289502122650046, up(s5862)
neg, 0.10289502122650046, up(s1251)
neg, 0.1953861501028564, up(s1544)
neg, 0.10289502122650046, up(s16218)
neg, 0.22430008610876984, up(s11481)
neg, 0.8114499865975923, up(s6248)
neg, 0.10289502122650046, up(s12913)
neg, 0.10289502122650046, up(s4231)
neg, 0.8114499865975923, up(s7879)
neg, 0.08169386300044566, up(s16637)
neg, 0.08169386300044566, up(s2083)
neg, 0.10289502122650046, up(s6052)
neg, 0.22430008610876984, up(s6883)
neg, 0.10289502122650046, up(s12405)
neg, 0.10289502122650046, up(s15796)
neg, 0.22430008610876984, up(s1437)
neg, 0.10289502122650046, up(s4251)
neg, 0.10289502122650046, up(s4228)
neg, 0.10289502122650046, up(s7587)
neg, 0.11920292202211755, up(s9599)
neg, 0.10289502122650046, up(s1295)
neg, 0.08169386300044566, up(s6158)
neg, 0.08169386300044566, up(s452)
neg, 0.1953861501028564, up(s588)
neg, 0.08169386300044566, up(s2094)
neg, 0.10289502122650046, up(s10790)
neg, 0.08169386300044566, up(s12186)
neg, 0.10289502122650046, up(s5918)
neg, 0.10289502122650046, up(s4914)
neg, 0.22430008610876984, up(s9980)
neg, 0.10289502122650046, up(s13294)
neg, 0.10289502122650046, up(s4151)
neg, 0.10289502122650046, up(s5405)
neg, 0.11920292202211755, up(s6940)
neg, 0.10289502122650046, up(s14040)
neg, 0.08169386300044566, up(s6136)
neg, 0.10289502122650046, up(s2791)
neg, 0.10289502122650046, up(s11379)
neg, 0.01798620996209156, up(s14577)
neg, 0.8114499865975923, up(s7777)
neg, 0.5, up(s16738)
neg, 0.10289502122650046, up(s9516)
neg, 0.10289502122650046, up(s14141)
neg, 0.10289502122650046, up(s7427)
neg, 0.10289502122650046, up(s16470)
neg, 0.10289502122650046, up(s1690)
neg, 0.10289502122650046, up(s69)
neg, 0.1953861501028564, up(s6472)
neg, 0.10289502122650046, up(s4170)
neg, 0.10289502122650046, up(s8969)
neg, 0.08169386300044566, up(s15339)
neg, 0.10289502122650046, up(s5839)
neg, 0.10289502122650046, up(s2632)
neg, 0.10289502122650046, up(s1702)
neg, 0.10289502122650046, up(s7167)
neg, 0.10289502122650046, up(s8101)
neg, 0.08169386300044566, up(s10965)
neg, 0.10289502122650046, up(s7839)
neg, 0.10289502122650046, up(s249)
neg, 0.22430008610876984, up(s6117)
neg, 0.10289502122650046, up(s4148)
neg, 0.10289502122650046, up(s16393)
neg, 0.10289502122650046, up(s13342)
neg, 0.22430008610876984, up(s11509)
neg, 0.22430008610876984, up(s17058)
neg, 0.5, up(s3699)
neg, 0.10289502122650046, up(s15127)
neg, 0.10289502122650046, up(s713)
neg, 0.08169386300044566, up(s4544)
neg, 0.22430008610876984, up(s6847)
neg, 0.10289502122650046, up(s11388)
neg, 0.5848843897172197, up(s13463)
neg, 0.10289502122650046, up(s12470)
neg, 0.8114499865975923, up(s7772)
neg, 0.10289502122650046, up(s2600)
neg, 0.08169386300044566, up(s15075)
neg, 0.10289502122650046, up(s13757)
neg, 0.10289502122650046, up(s15266)
neg, 0.10289502122650046, up(s12782)
neg, 0.08169386300044566, up(s9655)
neg, 0.10289502122650046, up(s13274)
neg, 0.10289502122650046, up(s12358)
neg, 0.10289502122650046, up(s5892)
neg, 0.10289502122650046, up(s16406)
neg, 0.10289502122650046, up(s11129)
neg, 0.1953861501028564, up(s11022)
neg, 0.10289502122650046, up(s2190)
neg, 0.5848843897172197, up(s13419)
neg, 0.01798620996209156, up(s16988)
neg, 0.10289502122650046, up(s6059)
neg, 0.10289502122650046, up(s14899)
neg, 0.10289502122650046, up(s16832)
neg, 0.08169386300044566, up(s1519)
neg, 0.08169386300044566, up(s3808)
neg, 0.10289502122650046, up(s4423)
neg, 0.10289502122650046, up(s4398)
neg, 0.8114499865975923, up(s6429)
neg, 0.8446512897493086, up(s7090)
neg, 0.08169386300044566, up(s1503)
neg, 0.10289502122650046, up(s115)
neg, 0.10289502122650046, up(s15133)
neg, 0.10289502122650046, up(s16441)
neg, 0.10289502122650046, up(s234)
neg, 0.08169386300044566, up(s7007)
neg, 0.10289502122650046, up(s11770)
neg, 0.10289502122650046, up(s2943)
neg, 0.5848843897172197, up(s3863)
neg, 0.10289502122650046, up(s4864)
neg, 0.10289502122650046, up(s217)
neg, 0.10289502122650046, up(s16209)
neg, 0.10289502122650046, up(s8068)
neg, 0.10289502122650046, up(s10628)
neg, 0.10289502122650046, up(s4455)
neg, 0.10289502122650046, up(s2664)
neg, 0.10289502122650046, up(s12465)
neg, 0.10289502122650046, up(s4783)
neg, 0.10289502122650046, up(s2344)
neg, 0.11920292202211755, up(s7688)
neg, 0.10289502122650046, up(s14058)
neg, 0.10289502122650046, up(s14862)
neg, 0.10289502122650046, up(s5781)
neg, 0.08169386300044566, up(s16665)
neg, 0.08169386300044566, up(s12196)
neg, 0.10289502122650046, up(s5789)
neg, 0.08169386300044566, up(s14502)
neg, 0.1953861501028564, up(s12051)
neg, 0.10289502122650046, up(s7355)
neg, 0.1953861501028564, up(s12052)
neg, 0.10289502122650046, up(s9880)
neg, 0.10289502122650046, up(s4467)
neg, 0.11920292202211755, up(s11543)
neg, 0.10289502122650046, up(s15739)
neg, 0.8365987995058131, up(s15352)
neg, 0.10289502122650046, up(s16518)
neg, 0.8114499865975923, up(s4665)
neg, 0.10289502122650046, up(s4264)
neg, 0.10289502122650046, up(s8862)
neg, 0.22430008610876984, up(s15578)
neg, 0.10289502122650046, up(s2209)
neg, 0.10289502122650046, up(s12918)
neg, 0.10289502122650046, up(s2212)
neg, 0.10289502122650046, up(s12554)
neg, 0.22430008610876984, up(s9960)
neg, 0.10289502122650046, up(s6024)
neg, 0.9626731126558706, up(s15530)
neg, 0.08169386300044566, up(s8998)
neg, 0.10289502122650046, up(s5924)
neg, 0.22430008610876984, up(s12561)
neg, 0.10289502122650046, up(s13394)
neg, 0.8114499865975923, up(s6965)
neg, 0.10289502122650046, up(s3182)
neg, 0.10289502122650046, up(s7228)
neg, 0.10289502122650046, up(s10455)
neg, 0.13296424019782926, up(s4623)
neg, 0.22430008610876984, up(s6844)
neg, 0.10289502122650046, up(s13205)
neg, 0.22430008610876984, up(s6823)
neg, 0.10289502122650046, up(s2200)
neg, 0.22430008610876984, up(s12571)
neg, 0.10289502122650046, up(s13378)
neg, 0.10289502122650046, up(s4373)
neg, 0.10289502122650046, up(s7393)
neg, 0.10289502122650046, up(s7606)
neg, 0.10289502122650046, up(s11831)
neg, 0.08169386300044566, up(s15592)
neg, 0.10289502122650046, up(s2519)
neg, 0.10289502122650046, up(s12801)
neg, 0.08169386300044566, up(s14278)
neg, 0.10289502122650046, up(s8443)
neg, 0.10289502122650046, up(s14768)
neg, 0.10289502122650046, up(s17131)
neg, 0.10289502122650046, up(s6023)
neg, 0.08169386300044566, up(s1504)
neg, 0.8114499865975923, up(s530)
neg, 0.10289502122650046, up(s708)
neg, 0.08169386300044566, up(s8996)
neg, 0.10289502122650046, up(s12342)
neg, 0.1953861501028564, up(s12060)
neg, 0.10289502122650046, up(s5250)
neg, 0.10289502122650046, up(s11933)
neg, 0.10289502122650046, up(s2662)
neg, 0.10289502122650046, up(s15174)
neg, 0.1953861501028564, up(s312)
neg, 0.10289502122650046, up(s5908)
neg, 0.22430008610876984, up(s1818)
neg, 0.01798620996209156, up(s14573)
neg, 0.8114499865975923, up(s6909)
neg, 0.10289502122650046, up(s1125)
neg, 0.22430008610876984, up(s10201)
neg, 0.10289502122650046, up(s13087)
neg, 0.10289502122650046, up(s9816)
neg, 0.22430008610876984, up(s12549)
neg, 0.10289502122650046, up(s16487)
neg, 0.10289502122650046, up(s7531)
neg, 0.10289502122650046, up(s7151)
neg, 0.22430008610876984, up(s6079)
neg, 0.08169386300044566, up(s15336)
neg, 0.10289502122650046, up(s5721)
neg, 0.10289502122650046, up(s3952)
neg, 0.10289502122650046, up(s16504)
neg, 0.10289502122650046, up(s2894)
neg, 0.10289502122650046, up(s4966)
neg, 0.08169386300044566, up(s9659)
neg, 0.10289502122650046, up(s4771)
neg, 0.10289502122650046, up(s1151)
neg, 0.01798620996209156, up(s14535)
neg, 0.10289502122650046, up(s2647)
neg, 0.1953861501028564, up(s11093)
neg, 0.1953861501028564, up(s587)
neg, 0.22430008610876984, up(s15644)
neg, 0.10289502122650046, up(s14802)
neg, 0.10289502122650046, up(s6339)
neg, 0.10289502122650046, up(s13399)
neg, 0.10289502122650046, up(s2963)
neg, 0.01798620996209156, up(s14546)
neg, 0.8114499865975923, up(s3833)
neg, 0.10289502122650046, up(s11822)
neg, 0.10289502122650046, up(s9211)
neg, 0.22430008610876984, up(s8548)
neg, 0.10289502122650046, up(s11241)
neg, 0.10289502122650046, up(s15438)
neg, 0.1953861501028564, up(s12082)
neg, 0.10289502122650046, up(s14944)
neg, 0.22430008610876984, up(s8234)
neg, 0.1953861501028564, up(s6475)
neg, 0.08169386300044566, up(s5569)
neg, 0.08169386300044566, up(s448)
neg, 0.8446512897493086, up(s4942)
neg, 0.10289502122650046, up(s14900)
neg, 0.10289502122650046, up(s5360)
neg, 0.10289502122650046, up(s1130)
neg, 0.10289502122650046, up(s13142)
neg, 0.1953861501028564, up(s12039)
neg, 0.10289502122650046, up(s14453)
neg, 0.8446512897493086, up(s7091)
neg, 0.10289502122650046, up(s9213)
neg, 0.8446512897493086, up(s9562)
neg, 0.10289502122650046, up(s10699)
neg, 0.10289502122650046, up(s4247)
neg, 0.11920292202211755, up(s7692)
neg, 0.8365987995058131, up(s8632)
neg, 0.22430008610876984, up(s15490)
neg, 0.10289502122650046, up(s16430)
neg, 0.10289502122650046, up(s1752)
neg, 0.10289502122650046, up(s8027)
neg, 0.10289502122650046, up(s2826)
neg, 0.10289502122650046, up(s108)
neg, 0.10289502122650046, up(s11672)
neg, 0.10289502122650046, up(s17136)
neg, 0.08169386300044566, up(s444)
neg, 0.10289502122650046, up(s2595)
neg, 0.08169386300044566, up(s788)
neg, 0.10289502122650046, up(s15179)
neg, 0.10289502122650046, up(s3493)
neg, 0.8114499865975923, up(s6889)
neg, 0.22430008610876984, up(s10139)
neg, 0.22430008610876984, up(s14264)

