pos, 0.08646734977782435, fire(s9934)
pos, 0.5552204217114214, fire(s12062)
pos, 0.5792909662185951, fire(s8516)
pos, 0.5552204217114214, fire(s12070)
pos, 0.5792909662185951, fire(s3274)
pos, 0.813928331066564, fire(s16654)
pos, 0.670340190612772, fire(s3698)
pos, 0.7264528939450421, fire(s9872)
pos, 0.670340190612772, fire(s3696)
pos, 0.38383013228472607, fire(s8028)
pos, 0.3015898946270355, fire(s3722)
pos, 0.7646194430739276, fire(s8012)
pos, 0.6325083263698866, fire(s3715)
pos, 0.6583494950255437, fire(s4837)
pos, 0.8216381522637991, fire(s10176)
pos, 0.5581779389894433, fire(s12672)
pos, 0.6271859514978801, fire(s7726)
pos, 0.30599525843248804, fire(s11100)
pos, 0.8346962624349863, fire(s10156)
pos, 0.6998228677788122, fire(s4992)
pos, 0.5729440559737087, fire(s2142)
pos, 0.755065645409453, fire(s6576)
pos, 0.7308966291978409, fire(s11224)
pos, 0.40211492051564623, fire(s5603)
pos, 0.8534768684675241, fire(s10173)
pos, 0.5552204217114214, fire(s12059)
pos, 0.4593707308703273, fire(s12865)
pos, 0.30599525843248804, fire(s11097)
pos, 0.22564157729127934, fire(s11230)
pos, 0.09993678091453406, fire(s9983)
pos, 0.7776077917227495, fire(s624)
pos, 0.8534768684675241, fire(s10170)
pos, 0.8239331291684282, fire(s13701)
pos, 0.7308966291978409, fire(s11222)
pos, 0.28470972702348657, fire(s5602)
pos, 0.7776077917227495, fire(s626)
pos, 0.7253179232732704, fire(s15622)
pos, 0.670340190612772, fire(s3716)
pos, 0.5729440559737087, fire(s10944)
pos, 0.4801528444406609, fire(s10927)
pos, 0.13337942696915764, fire(s15533)
pos, 0.5792909662185951, fire(s13467)
pos, 0.38383013228472607, fire(s8026)
pos, 0.5768568629713883, fire(s9595)
pos, 0.5026875468888036, fire(s3404)
pos, 0.8239331291684282, fire(s13700)
pos, 0.1516359222693658, fire(s15535)
pos, 0.6968716829519638, fire(s11225)
pos, 0.6170907360767003, fire(s15528)
pos, 0.5729440559737087, fire(s10953)
pos, 0.5382083791023704, fire(s3272)
pos, 0.7335527549576447, fire(s11111)
pos, 0.5729440559737087, fire(s10946)
pos, 0.6271859514978801, fire(s11084)
pos, 0.6254910753900911, fire(s5593)
pos, 0.670340190612772, fire(s6890)
pos, 0.670340190612772, fire(s3693)
pos, 0.8157510339281996, fire(s8024)
pos, 0.20822679458481116, fire(s8521)
pos, 0.511966268240368, fire(s15281)
pos, 0.7405255671689873, fire(s15839)
pos, 0.7646194430739276, fire(s8014)
pos, 0.7524458972028963, fire(s8787)
pos, 0.6968716829519638, fire(s11216)
pos, 0.6170907360767003, fire(s6315)
pos, 0.6170907360767003, fire(s13698)
pos, 0.7264528939450421, fire(s9875)
pos, 0.7719120882330932, fire(s13470)
pos, 0.22564157729127934, fire(s11235)
pos, 0.7308966291978409, fire(s11221)
pos, 0.7877336078983692, fire(s6248)
pos, 0.670340190612772, fire(s3699)
pos, 0.511966268240368, fire(s15266)
pos, 0.5552204217114214, fire(s12052)
pos, 0.6170907360767003, fire(s15530)
pos, 0.5552204217114214, fire(s12060)
pos, 0.38383013228472607, fire(s8027)
pos, 0.7370394096876857, fire(s6889)
neg, 0.20354298005501387, fire(s12826)
neg, 0.14010070751723291, fire(s4130)
neg, 0.4584974130112385, fire(s13943)
neg, 0.058398358146879784, fire(s13367)
neg, 0.0645358760200094, fire(s5195)
neg, 0.1495452274823443, fire(s4150)
neg, 0.058624120609226324, fire(s9100)
neg, 0.1922528760957437, fire(s11062)
neg, 0.08541409740670693, fire(s16485)
neg, 0.16828063418199157, fire(s5688)
neg, 0.061334072114936126, fire(s16168)
neg, 0.056922799358827006, fire(s1334)
neg, 0.17038789608187285, fire(s9512)
neg, 0.09913013611756429, fire(s4350)
neg, 0.056922799358827006, fire(s1144)
neg, 0.09794306902276662, fire(s3598)
neg, 0.061334072114936126, fire(s2901)
neg, 0.056922799358827006, fire(s1300)
neg, 0.09893078313414096, fire(s9814)
neg, 0.17142599838338957, fire(s10365)
neg, 0.13337942696915764, fire(s377)
neg, 0.19644520313454936, fire(s6918)
neg, 0.09849642227163528, fire(s9305)
neg, 0.058398358146879784, fire(s13379)
neg, 0.15857643788991055, fire(s2045)
neg, 0.13524799569767496, fire(s7922)
neg, 0.06836804820823672, fire(s981)
neg, 0.6968716829519638, fire(s12382)
neg, 0.5205920451438065, fire(s5187)
neg, 0.24743655476040405, fire(s11588)
neg, 0.06951272659029642, fire(s12472)
neg, 0.18577784712622733, fire(s3372)
neg, 0.08230286000672084, fire(s16040)
neg, 0.06365529392881211, fire(s7359)
neg, 0.0583912027339261, fire(s11880)
neg, 0.1574318864005817, fire(s600)
neg, 0.08425072346031942, fire(s1525)
neg, 0.06008083760669147, fire(s2633)
neg, 0.21684164172154824, fire(s14615)
neg, 0.06691420849739478, fire(s14441)
neg, 0.05854943940466497, fire(s171)
neg, 0.0767219220988122, fire(s15928)
neg, 0.08541409740670693, fire(s255)
neg, 0.18274581364511605, fire(s3108)
neg, 0.07338960855100876, fire(s1118)
neg, 0.0583912027339261, fire(s9406)
neg, 0.11369149558227401, fire(s12206)
neg, 0.5729440559737087, fire(s6173)
neg, 0.451239887396171, fire(s3913)
neg, 0.2765197204410608, fire(s1929)
neg, 0.06691420849739478, fire(s14455)
neg, 0.08806375439136571, fire(s3972)
neg, 0.08541409740670693, fire(s16524)
neg, 0.07161091970489246, fire(s9771)
neg, 0.07161091970489246, fire(s15714)
neg, 0.09127953010260895, fire(s5654)
neg, 0.23796675744049803, fire(s7767)
neg, 0.061334072114936126, fire(s16182)
neg, 0.12717381308641118, fire(s11245)
neg, 0.0707563033333563, fire(s8247)
neg, 0.22693196935397666, fire(s15247)
neg, 0.0583912027339261, fire(s9464)
neg, 0.5766653218639309, fire(s4799)
neg, 0.060288507695985434, fire(s10645)
neg, 0.06836804820823672, fire(s1008)
neg, 0.2610297486336245, fire(s7230)
neg, 0.061334072114936126, fire(s150)
neg, 0.061334072114936126, fire(s2887)
neg, 0.670340190612772, fire(s4909)
neg, 0.07466214512928546, fire(s8592)
neg, 0.1429688755442318, fire(s1588)
neg, 0.0583912027339261, fire(s9436)
neg, 0.07924376590029888, fire(s16910)
neg, 0.095671115127813, fire(s14281)
neg, 0.2610297486336245, fire(s6871)
neg, 0.2130411254728589, fire(s12372)
neg, 0.1922528760957437, fire(s13413)
neg, 0.1516359222693658, fire(s1546)
neg, 0.05610908709821779, fire(s10529)
neg, 0.09794306902276662, fire(s3627)
neg, 0.07400346719802364, fire(s16100)
neg, 0.1717168521990437, fire(s13487)
neg, 0.0821061544460039, fire(s16673)
neg, 0.06006447858345124, fire(s4465)
neg, 0.0821061544460039, fire(s14504)
neg, 0.16302035903084958, fire(s3835)
neg, 0.1256013764591881, fire(s1803)
neg, 0.18577784712622733, fire(s16771)
neg, 0.7493914184062402, fire(s371)
neg, 0.061334072114936126, fire(s14924)
neg, 0.13524799569767496, fire(s6375)
neg, 0.08541409740670693, fire(s16372)
neg, 0.0583912027339261, fire(s5985)
neg, 0.061334072114936126, fire(s13284)
neg, 0.5761005151198204, fire(s758)
neg, 0.061334072114936126, fire(s13226)
neg, 0.0658936748024855, fire(s6073)
neg, 0.5395620975709705, fire(s1436)
neg, 0.1741119577800601, fire(s8765)
neg, 0.13053010659807854, fire(s16898)
neg, 0.7493914184062402, fire(s1649)
neg, 0.2046670507059966, fire(s6664)
neg, 0.056922799358827006, fire(s1357)
neg, 0.056922799358827006, fire(s10855)
neg, 0.16531412296866047, fire(s10331)
neg, 0.10418213408446912, fire(s5795)
neg, 0.07366206105069315, fire(s4701)
neg, 0.06006447858345124, fire(s7638)
neg, 0.06365529392881211, fire(s7394)
neg, 0.47698183350520323, fire(s7654)
neg, 0.1155616571724515, fire(s906)
neg, 0.07188089934493672, fire(s14748)
neg, 0.2765197204410608, fire(s13691)
neg, 0.703736358812584, fire(s10147)
neg, 0.06365529392881211, fire(s12487)
neg, 0.41320139632182934, fire(s15382)
neg, 0.09744674271648196, fire(s794)
neg, 0.05854943940466497, fire(s17114)
neg, 0.061334072114936126, fire(s2806)
neg, 0.1429688755442318, fire(s1584)
neg, 0.05610908709821779, fire(s10521)
neg, 0.0645358760200094, fire(s2677)
neg, 0.07400346719802364, fire(s15912)
neg, 0.11369149558227401, fire(s4516)
neg, 0.10418213408446912, fire(s5825)
neg, 0.0744596393458425, fire(s14041)
neg, 0.05610908709821779, fire(s10553)
neg, 0.08541409740670693, fire(s16426)
neg, 0.2051416047265316, fire(s7647)
neg, 0.670340190612772, fire(s4920)
neg, 0.0972748305589408, fire(s5758)
neg, 0.061334072114936126, fire(s89)
neg, 0.09744674271648196, fire(s823)
neg, 0.07056477645240042, fire(s13122)
neg, 0.5556429818751759, fire(s11052)
neg, 0.16302723413529582, fire(s12838)
neg, 0.08541409740670693, fire(s16481)
neg, 0.18274581364511605, fire(s2277)
neg, 0.10418213408446912, fire(s5841)
neg, 0.17038789608187285, fire(s9475)
neg, 0.09794306902276662, fire(s3613)
neg, 0.06884736408545016, fire(s9637)
neg, 0.09913013611756429, fire(s4339)
neg, 0.15919634617607642, fire(s1732)
neg, 0.09620904976338071, fire(s2586)
neg, 0.18274581364511605, fire(s1636)
neg, 0.07980007828931833, fire(s15692)
neg, 0.056922799358827006, fire(s10841)
neg, 0.16302035903084958, fire(s6284)
neg, 0.06922496890106526, fire(s15890)
neg, 0.18577784712622733, fire(s16785)
neg, 0.11369149558227401, fire(s11483)
neg, 0.527817898417809, fire(s14246)
neg, 0.13183160763813084, fire(s11799)
neg, 0.38383013228472607, fire(s15255)
neg, 0.17038789608187285, fire(s9513)
neg, 0.16760400942197154, fire(s14523)
neg, 0.3784252483329308, fire(s6951)
neg, 0.17759775666171115, fire(s14209)
neg, 0.061334072114936126, fire(s1172)
neg, 0.2901577196580077, fire(s10348)
neg, 0.1946892327430559, fire(s10371)
neg, 0.1574318864005817, fire(s6394)
neg, 0.5395620975709705, fire(s1440)
neg, 0.08197221346370133, fire(s413)
neg, 0.1574318864005817, fire(s3093)
neg, 0.16760400942197154, fire(s14522)
neg, 0.34368215696993476, fire(s2467)
neg, 0.08541409740670693, fire(s16417)
neg, 0.587449566970299, fire(s3450)
neg, 0.0645358760200094, fire(s2749)
neg, 0.3522473811910372, fire(s5094)
neg, 0.20354298005501387, fire(s14022)
neg, 0.0645585211188497, fire(s14650)
neg, 0.1495452274823443, fire(s2481)
neg, 0.6170907360767003, fire(s3018)
neg, 0.09440728508991457, fire(s15873)
neg, 0.061334072114936126, fire(s11985)
neg, 0.0707563033333563, fire(s10204)
neg, 0.0972748305589408, fire(s5740)
neg, 0.13183160763813084, fire(s11816)
neg, 0.4446003827529404, fire(s15473)
neg, 0.1946892327430559, fire(s8648)
neg, 0.23628009590151425, fire(s12479)
neg, 0.10034328775216607, fire(s11441)
neg, 0.0583912027339261, fire(s11947)
neg, 0.05791503261717743, fire(s2616)
neg, 0.0972748305589408, fire(s5761)
neg, 0.12020869389283315, fire(s5286)
neg, 0.08230286000672084, fire(s13776)
neg, 0.670340190612772, fire(s3707)
neg, 0.056922799358827006, fire(s1348)
neg, 0.18577784712622733, fire(s4629)
neg, 0.23628009590151425, fire(s13666)
neg, 0.12717381308641118, fire(s11266)
neg, 0.4801105719542278, fire(s9866)
neg, 0.0754149778764935, fire(s12926)
neg, 0.08541409740670693, fire(s16323)
neg, 0.24743655476040405, fire(s11582)
neg, 0.5552204217114214, fire(s12095)
neg, 0.0751047591276896, fire(s6540)
neg, 0.056922799358827006, fire(s14973)
neg, 0.10418213408446912, fire(s5824)
neg, 0.2399590603964793, fire(s296)
neg, 0.12334354209881196, fire(s11714)
neg, 0.5792909662185951, fire(s3262)
neg, 0.08541409740670693, fire(s16391)
neg, 0.061334072114936126, fire(s4301)
neg, 0.07564703859729599, fire(s1483)
neg, 0.07661635067273537, fire(s17049)
neg, 0.21385405574212962, fire(s4883)
neg, 0.697221425204737, fire(s3397)
neg, 0.08726194787366863, fire(s8545)
neg, 0.39907652501210855, fire(s8715)
neg, 0.2765197204410608, fire(s13685)
neg, 0.08053728848184062, fire(s4564)
neg, 0.12334354209881196, fire(s11723)
neg, 0.13053010659807854, fire(s16888)
neg, 0.23628009590151425, fire(s4852)
neg, 0.25923182454303934, fire(s5630)
neg, 0.08230286000672084, fire(s14363)
neg, 0.34368215696993476, fire(s2464)
neg, 0.0658936748024855, fire(s6007)
neg, 0.061334072114936126, fire(s14926)
neg, 0.38161068578129836, fire(s5248)
neg, 0.07466214512928546, fire(s10141)
neg, 0.1532919071773955, fire(s15851)
neg, 0.21440593727760276, fire(s16800)
neg, 0.05711927474651237, fire(s7434)
neg, 0.24773373235933166, fire(s9887)
neg, 0.061334072114936126, fire(s16157)
neg, 0.0583912027339261, fire(s11962)
neg, 0.2399590603964793, fire(s291)
neg, 0.10703121449362482, fire(s3302)
neg, 0.061334072114936126, fire(s14881)
neg, 0.1495452274823443, fire(s4154)
neg, 0.10418213408446912, fire(s5827)
neg, 0.07980007828931833, fire(s15688)
neg, 0.18274581364511605, fire(s3127)
neg, 0.05854943940466497, fire(s17152)
neg, 0.14299725922876433, fire(s10996)
neg, 0.15919634617607642, fire(s1693)
neg, 0.0643786550096277, fire(s7024)
neg, 0.061334072114936126, fire(s100)
neg, 0.17759775666171115, fire(s14211)
neg, 0.6170907360767003, fire(s399)
neg, 0.07245791622483777, fire(s15440)
neg, 0.5792909662185951, fire(s3248)
neg, 0.1522769187299872, fire(s5368)
neg, 0.061334072114936126, fire(s2875)
neg, 0.056922799358827006, fire(s10842)
neg, 0.1677090926861088, fire(s11842)
neg, 0.06836804820823672, fire(s982)
neg, 0.07493253325861898, fire(s10284)
neg, 0.07799475890785475, fire(s14113)
neg, 0.08541409740670693, fire(s16532)
neg, 0.09913013611756429, fire(s13352)
neg, 0.2051416047265316, fire(s13400)
neg, 0.13524799569767496, fire(s9745)
neg, 0.08541409740670693, fire(s3007)
neg, 0.0767219220988122, fire(s15932)
neg, 0.6170907360767003, fire(s1921)
neg, 0.06365529392881211, fire(s7420)
neg, 0.07573456783738157, fire(s13190)
neg, 0.08324017051130815, fire(s8226)
neg, 0.24743655476040405, fire(s11551)
neg, 0.08852020444125919, fire(s14642)
neg, 0.5792909662185951, fire(s7706)
neg, 0.2663741805258455, fire(s4536)
neg, 0.24773373235933166, fire(s8845)
neg, 0.0919273995024594, fire(s9209)
neg, 0.060288507695985434, fire(s10592)
neg, 0.07466214512928546, fire(s8564)
neg, 0.40211492051564623, fire(s5605)
neg, 0.18274581364511605, fire(s6222)
neg, 0.07942629296290374, fire(s7192)
neg, 0.060288507695985434, fire(s10579)
neg, 0.0583912027339261, fire(s9441)
neg, 0.058398358146879784, fire(s4393)
neg, 0.060288507695985434, fire(s10629)
neg, 0.7687427381040249, fire(s13876)
neg, 0.43055602351702743, fire(s4689)
neg, 0.5792909662185951, fire(s16715)
neg, 0.09794306902276662, fire(s3622)
neg, 0.6271859514978801, fire(s11089)
neg, 0.6998228677788122, fire(s4981)
neg, 0.07573456783738157, fire(s13156)
neg, 0.6170907360767003, fire(s9688)
neg, 0.07161091970489246, fire(s15715)
neg, 0.07188089934493672, fire(s14765)
neg, 0.26209414414144566, fire(s7141)
neg, 0.1495452274823443, fire(s2476)
neg, 0.06836804820823672, fire(s1013)
neg, 0.5556429818751759, fire(s11025)
neg, 0.16302035903084958, fire(s6272)
neg, 0.0583912027339261, fire(s9421)
neg, 0.1717168521990437, fire(s13480)
neg, 0.08541409740670693, fire(s17190)
neg, 0.061334072114936126, fire(s48)
neg, 0.6170907360767003, fire(s6328)
neg, 0.060578760698162246, fire(s9159)
neg, 0.3329126253907198, fire(s4716)
neg, 0.5792909662185951, fire(s3180)
neg, 0.07573456783738157, fire(s13147)
neg, 0.058398358146879784, fire(s13363)
neg, 0.670340190612772, fire(s4911)
neg, 0.06775825028172158, fire(s11146)
neg, 0.22693196935397666, fire(s2412)
neg, 0.26209414414144566, fire(s12316)
neg, 0.06139374596703051, fire(s9928)
neg, 0.313128150923461, fire(s6146)
neg, 0.061334072114936126, fire(s12029)
neg, 0.06750021378523459, fire(s2514)
neg, 0.12810933061533783, fire(s6386)
neg, 0.06775825028172158, fire(s11141)
neg, 0.1922528760957437, fire(s13412)
neg, 0.17696372561915596, fire(s3227)
neg, 0.18577784712622733, fire(s3370)
neg, 0.1256013764591881, fire(s10263)
neg, 0.07340521775641343, fire(s8979)
neg, 0.13524799569767496, fire(s16400)
neg, 0.2046670507059966, fire(s11300)
neg, 0.23628009590151425, fire(s8860)
neg, 0.0667718037045955, fire(s5192)
neg, 0.13183160763813084, fire(s11791)
neg, 0.6170907360767003, fire(s3836)
neg, 0.19644520313454936, fire(s6907)
neg, 0.06592445741673501, fire(s1136)
neg, 0.07228288696336416, fire(s5504)
neg, 0.061334072114936126, fire(s4271)
neg, 0.0972748305589408, fire(s5708)
neg, 0.17696372561915596, fire(s3228)
neg, 0.12810933061533783, fire(s1768)
neg, 0.13337942696915764, fire(s12544)
neg, 0.1516359222693658, fire(s2309)
neg, 0.18274581364511605, fire(s2274)
neg, 0.41697224043432257, fire(s5096)
neg, 0.6170907360767003, fire(s3056)
neg, 0.13524799569767496, fire(s7923)
neg, 0.07716395708492335, fire(s10446)
neg, 0.13261800188412953, fire(s12258)
neg, 0.7727242878838629, fire(s13618)
neg, 0.13183160763813084, fire(s11749)
neg, 0.6687949418635372, fire(s8842)
neg, 0.2399590603964793, fire(s313)
neg, 0.09993678091453406, fire(s9964)
neg, 0.07942629296290374, fire(s14198)
neg, 0.06750021378523459, fire(s2516)
neg, 0.07139714975042956, fire(s17042)
neg, 0.1755883653617396, fire(s9055)
neg, 0.133985959182158, fire(s11375)
neg, 0.1922528760957437, fire(s15106)
neg, 0.2610297486336245, fire(s10241)
neg, 0.7493914184062402, fire(s6437)
neg, 0.07336978601410599, fire(s5086)
neg, 0.060288507695985434, fire(s10636)
neg, 0.061334072114936126, fire(s16210)
neg, 0.09795428389993999, fire(s11148)
neg, 0.18274581364511605, fire(s1632)
neg, 0.27558030378047904, fire(s8627)
neg, 0.12334354209881196, fire(s11696)
neg, 0.5993595781396693, fire(s9028)
neg, 0.14565645109545047, fire(s15808)
neg, 0.1717168521990437, fire(s15189)
neg, 0.13337942696915764, fire(s518)
neg, 0.0583912027339261, fire(s11879)
neg, 0.6170907360767003, fire(s1687)
neg, 0.1670850790411791, fire(s3376)
neg, 0.5766653218639309, fire(s4786)
neg, 0.07228288696336416, fire(s7046)
neg, 0.056922799358827006, fire(s14955)
neg, 0.07056477645240042, fire(s13102)
neg, 0.1717168521990437, fire(s15173)
neg, 0.26209414414144566, fire(s16846)
neg, 0.17696372561915596, fire(s14388)
neg, 0.12334354209881196, fire(s11705)
neg, 0.15857643788991055, fire(s2058)
neg, 0.5993595781396693, fire(s9823)
neg, 0.07942629296290374, fire(s7191)
neg, 0.07056477645240042, fire(s13099)
neg, 0.11369149558227401, fire(s11484)
neg, 0.22898988730260023, fire(s6480)
neg, 0.07366206105069315, fire(s4763)
neg, 0.0583912027339261, fire(s14835)
neg, 0.07573456783738157, fire(s13173)
neg, 0.20354298005501387, fire(s7109)
neg, 0.1269041313871867, fire(s11371)
neg, 0.05854943940466497, fire(s17151)
neg, 0.6325083263698866, fire(s11180)
neg, 0.08230286000672084, fire(s13772)
neg, 0.0583912027339261, fire(s14825)
neg, 0.08541409740670693, fire(s2345)
neg, 0.08541409740670693, fire(s16457)
neg, 0.1522769187299872, fire(s5364)
neg, 0.11875479217692764, fire(s8148)
neg, 0.4436041725964317, fire(s14148)
neg, 0.3329126253907198, fire(s3772)
neg, 0.18458593473298976, fire(s10433)
neg, 0.152840832074898, fire(s8778)
neg, 0.1946892327430559, fire(s8650)
neg, 0.5792909662185951, fire(s13883)
neg, 0.24743655476040405, fire(s14556)
neg, 0.056922799358827006, fire(s1313)
neg, 0.15919634617607642, fire(s1705)
neg, 0.10818373218411427, fire(s8271)
neg, 0.14886925845929522, fire(s12998)
neg, 0.09794306902276662, fire(s3624)
neg, 0.21440593727760276, fire(s4582)
neg, 0.16090375456402803, fire(s15323)
neg, 0.060288507695985434, fire(s10641)
neg, 0.22198047002618693, fire(s6756)
neg, 0.08197221346370133, fire(s15547)
neg, 0.1516359222693658, fire(s6462)
neg, 0.0583912027339261, fire(s9458)
neg, 0.07400346719802364, fire(s16092)
neg, 0.0645358760200094, fire(s2757)
neg, 0.13053010659807854, fire(s16872)
neg, 0.0767219220988122, fire(s15960)
neg, 0.07056477645240042, fire(s13089)
neg, 0.8157510339281996, fire(s16818)
neg, 0.16970529813223115, fire(s1859)
neg, 0.16976405472789452, fire(s15343)
neg, 0.13183160763813084, fire(s11798)
neg, 0.1256013764591881, fire(s1812)
neg, 0.12224160236237262, fire(s9090)
neg, 0.0767219220988122, fire(s15910)
neg, 0.07139714975042956, fire(s17019)
neg, 0.0583912027339261, fire(s5931)
neg, 0.0645358760200094, fire(s2729)
neg, 0.11369149558227401, fire(s10970)
neg, 0.17142599838338957, fire(s10369)
neg, 0.1508220206566738, fire(s8486)
neg, 0.061334072114936126, fire(s14897)
neg, 0.6959623212176447, fire(s15620)
neg, 0.6998228677788122, fire(s14432)
neg, 0.10703121449362482, fire(s3304)
neg, 0.08230286000672084, fire(s16058)
neg, 0.18274581364511605, fire(s2173)
neg, 0.1574318864005817, fire(s356)
neg, 0.05610908709821779, fire(s10524)
neg, 0.056922799358827006, fire(s16541)
neg, 0.12147776470109728, fire(s10191)
neg, 0.34368215696993476, fire(s2450)
neg, 0.09794306902276662, fire(s3596)
neg, 0.07056477645240042, fire(s13107)
neg, 0.061334072114936126, fire(s4295)
neg, 0.7646194430739276, fire(s2489)
neg, 0.08541409740670693, fire(s16365)
neg, 0.07340521775641343, fire(s507)
neg, 0.1516359222693658, fire(s1547)
neg, 0.0583912027339261, fire(s14826)
neg, 0.1922528760957437, fire(s11039)
neg, 0.07228288696336416, fire(s15095)
neg, 0.13053010659807854, fire(s16896)
neg, 0.07900828210618363, fire(s6866)
neg, 0.07942629296290374, fire(s14200)
neg, 0.5792909662185951, fire(s3179)
neg, 0.26209414414144566, fire(s7888)
neg, 0.18577784712622733, fire(s13641)
neg, 0.06775825028172158, fire(s11128)
neg, 0.7691582233001631, fire(s6224)
neg, 0.8239331291684282, fire(s576)
neg, 0.05854943940466497, fire(s170)
neg, 0.5792909662185951, fire(s13466)
neg, 0.1922528760957437, fire(s11057)
neg, 0.09849642227163528, fire(s9312)
neg, 0.17929326763175088, fire(s8166)
neg, 0.07466214512928546, fire(s8570)
neg, 0.0583912027339261, fire(s5897)
neg, 0.06399016476940095, fire(s6673)
neg, 0.1495452274823443, fire(s2188)
neg, 0.07245791622483777, fire(s3945)
neg, 0.07338960855100876, fire(s1091)
neg, 0.058398358146879784, fire(s4396)
neg, 0.1922528760957437, fire(s16310)
neg, 0.11505448427008395, fire(s15639)
neg, 0.061334072114936126, fire(s7470)
neg, 0.056922799358827006, fire(s10869)
neg, 0.0583912027339261, fire(s11927)
neg, 0.1429688755442318, fire(s1568)
neg, 0.1783838279984741, fire(s9127)
neg, 0.12965627300729482, fire(s12735)
neg, 0.4031822645747735, fire(s12495)
neg, 0.07056477645240042, fire(s13071)
neg, 0.08806375439136571, fire(s15467)
neg, 0.07228288696336416, fire(s5507)
neg, 0.061334072114936126, fire(s2850)
neg, 0.0643786550096277, fire(s15081)
neg, 0.670340190612772, fire(s3703)
neg, 0.1429688755442318, fire(s1563)
neg, 0.14299725922876433, fire(s5392)
neg, 0.17696372561915596, fire(s3216)
neg, 0.09156660101588004, fire(s14168)
neg, 0.0821061544460039, fire(s14505)
neg, 0.23628009590151425, fire(s8850)
neg, 0.15184590947387927, fire(s6684)
neg, 0.06447309478375851, fire(s9807)
neg, 0.061334072114936126, fire(s12021)
neg, 0.17038789608187285, fire(s9531)
neg, 0.061334072114936126, fire(s4266)
neg, 0.19975398020459523, fire(s4573)
neg, 0.13049177398425318, fire(s8596)
neg, 0.21385405574212962, fire(s8404)
neg, 0.12224160236237262, fire(s12423)
neg, 0.07056477645240042, fire(s13064)
neg, 0.08541409740670693, fire(s2994)
neg, 0.19904618746557584, fire(s13428)
neg, 0.1495452274823443, fire(s2478)
neg, 0.587449566970299, fire(s12280)
neg, 0.4031822645747735, fire(s6639)
neg, 0.8157510339281996, fire(s16827)
neg, 0.7649913936811008, fire(s12968)
neg, 0.061334072114936126, fire(s16132)
neg, 0.15919634617607642, fire(s6336)
neg, 0.16090375456402803, fire(s15329)
neg, 0.2199328013277759, fire(s10978)
neg, 0.17696372561915596, fire(s3198)
neg, 0.06750021378523459, fire(s14191)
neg, 0.3015898946270355, fire(s11107)
neg, 0.06951272659029642, fire(s12460)
neg, 0.13621578790433025, fire(s8796)
neg, 0.2199328013277759, fire(s10976)
neg, 0.10418213408446912, fire(s5840)
neg, 0.15857643788991055, fire(s2056)
neg, 0.17038789608187285, fire(s9503)
neg, 0.085060313916385, fire(s499)
neg, 0.4682128330907173, fire(s3428)
neg, 0.1508220206566738, fire(s15139)
neg, 0.11875479217692764, fire(s8140)
neg, 0.17696372561915596, fire(s3282)
neg, 0.39628512947849454, fire(s3325)
neg, 0.07840053128403916, fire(s5487)
neg, 0.1922528760957437, fire(s15102)
neg, 0.0984380156505867, fire(s14634)
neg, 0.3916348654674407, fire(s11403)
neg, 0.13282100259369398, fire(s8454)
neg, 0.13282100259369398, fire(s8441)
neg, 0.1574318864005817, fire(s14227)
neg, 0.09156660101588004, fire(s14154)
neg, 0.0645585211188497, fire(s14804)
neg, 0.07564703859729599, fire(s1488)
neg, 0.18274581364511605, fire(s551)
neg, 0.08276188780953395, fire(s467)
neg, 0.18274581364511605, fire(s15003)
neg, 0.10906932034430668, fire(s5315)
neg, 0.18577784712622733, fire(s13624)
neg, 0.05610908709821779, fire(s10575)
neg, 0.15919634617607642, fire(s6338)
neg, 0.06447309478375851, fire(s12747)
neg, 0.17861775556947473, fire(s6749)
neg, 0.09849642227163528, fire(s9267)
neg, 0.0658936748024855, fire(s6053)
neg, 0.061334072114936126, fire(s28)
neg, 0.07840053128403916, fire(s5470)
neg, 0.06836804820823672, fire(s941)
neg, 0.7877336078983692, fire(s1622)
neg, 0.4443371290080097, fire(s11562)
neg, 0.23442838869379556, fire(s14514)
neg, 0.08541409740670693, fire(s16456)
neg, 0.0583912027339261, fire(s5933)
neg, 0.1516359222693658, fire(s2304)
neg, 0.08867665449851435, fire(s6650)
neg, 0.451239887396171, fire(s3914)
neg, 0.12268950767898743, fire(s7278)
neg, 0.07564703859729599, fire(s1492)
neg, 0.12224160236237262, fire(s12880)
neg, 0.07573456783738157, fire(s13127)
neg, 0.20354298005501387, fire(s3736)
neg, 0.07573456783738157, fire(s13197)
neg, 0.4475226157786552, fire(s6974)
neg, 0.061334072114936126, fire(s13256)
neg, 0.10906932034430668, fire(s5312)
neg, 0.5382083791023704, fire(s15112)
neg, 0.13183160763813084, fire(s11790)
neg, 0.22693196935397666, fire(s3503)
neg, 0.32272894053107914, fire(s15403)
neg, 0.1718966544633413, fire(s13712)
neg, 0.08588517019958204, fire(s13834)
neg, 0.061334072114936126, fire(s2809)
neg, 0.5552204217114214, fire(s12068)
neg, 0.08541409740670693, fire(s17182)
neg, 0.18577784712622733, fire(s13601)
neg, 0.060288507695985434, fire(s10660)
neg, 0.4745160655198678, fire(s9191)
neg, 0.23628009590151425, fire(s6925)
neg, 0.0583912027339261, fire(s9417)
neg, 0.0645358760200094, fire(s2724)
neg, 0.06836804820823672, fire(s986)
neg, 0.08679274441449863, fire(s2155)
neg, 0.08646734977782435, fire(s9939)
neg, 0.061334072114936126, fire(s13264)
neg, 0.05610908709821779, fire(s10545)
neg, 0.5792909662185951, fire(s15044)
neg, 0.3569365411078615, fire(s9559)
neg, 0.14299725922876433, fire(s12742)
neg, 0.1847835510857227, fire(s4005)
neg, 0.06820805155471853, fire(s14493)
neg, 0.061334072114936126, fire(s124)
neg, 0.06836804820823672, fire(s1006)
neg, 0.12717381308641118, fire(s11240)
neg, 0.08923745847257081, fire(s15654)
neg, 0.25924741963449704, fire(s5697)
neg, 0.17038789608187285, fire(s9509)
neg, 0.08541409740670693, fire(s3009)
neg, 0.08541409740670693, fire(s278)
neg, 0.19644520313454936, fire(s6921)
neg, 0.061334072114936126, fire(s1224)
neg, 0.09234589896765333, fire(s6105)
neg, 0.09849642227163528, fire(s9299)
neg, 0.23628009590151425, fire(s8858)
neg, 0.13282100259369398, fire(s8444)
neg, 0.06072730419023779, fire(s13759)
neg, 0.061334072114936126, fire(s2777)
neg, 0.08541409740670693, fire(s16324)
neg, 0.12470520953239596, fire(s12677)
neg, 0.07564703859729599, fire(s1501)
neg, 0.11360650166270288, fire(s12350)
neg, 0.1574318864005817, fire(s14230)
neg, 0.061334072114936126, fire(s13314)
neg, 0.09682166205641542, fire(s5229)
neg, 0.21384040301598448, fire(s4846)
neg, 0.09794306902276662, fire(s3621)
neg, 0.34368215696993476, fire(s2452)
neg, 0.08541409740670693, fire(s17193)
neg, 0.07716395708492335, fire(s10447)
neg, 0.061334072114936126, fire(s20)
neg, 0.061334072114936126, fire(s10811)
neg, 0.4801528444406609, fire(s1397)
neg, 0.2610297486336245, fire(s10238)
neg, 0.29552199072752433, fire(s3543)
neg, 0.06648475322325821, fire(s14321)
neg, 0.5792909662185951, fire(s3249)
neg, 0.10175583529282796, fire(s16599)
neg, 0.05925719317878675, fire(s7305)
neg, 0.11679631067097751, fire(s3786)
neg, 0.05624787828939851, fire(s16932)
neg, 0.5766653218639309, fire(s4779)
neg, 0.05854943940466497, fire(s17143)
neg, 0.2051416047265316, fire(s7646)
neg, 0.061334072114936126, fire(s7499)
neg, 0.1717168521990437, fire(s7785)
neg, 0.07338960855100876, fire(s1122)
neg, 0.12084342203567566, fire(s2562)
neg, 0.07458198734842897, fire(s15667)
neg, 0.07338960855100876, fire(s1117)
neg, 0.14010070751723291, fire(s4094)
neg, 0.11679631067097751, fire(s4746)
neg, 0.6662448127249877, fire(s6782)
neg, 0.11875479217692764, fire(s8201)
neg, 0.7254349240938995, fire(s7874)
neg, 0.0583912027339261, fire(s10706)
neg, 0.7460734095262237, fire(s12038)
neg, 0.0583912027339261, fire(s9366)
neg, 0.1522769187299872, fire(s5366)
neg, 0.24743655476040405, fire(s10483)
neg, 0.18274581364511605, fire(s1635)
neg, 0.5773137042626196, fire(s15591)
neg, 0.0750968270031782, fire(s12616)
neg, 0.23796675744049803, fire(s7747)
neg, 0.08541409740670693, fire(s16444)
neg, 0.07013319935555172, fire(s6849)
neg, 0.08541409740670693, fire(s2351)
neg, 0.6170907360767003, fire(s1678)
neg, 0.22986655643258794, fire(s12852)
neg, 0.07004736012392455, fire(s643)
neg, 0.07147749850327352, fire(s11353)
neg, 0.06836804820823672, fire(s1011)
neg, 0.3015898946270355, fire(s7073)
neg, 0.061334072114936126, fire(s2790)
neg, 0.06511973262207624, fire(s14133)
neg, 0.5057916384423057, fire(s12796)
neg, 0.05854943940466497, fire(s221)
neg, 0.1495452274823443, fire(s2240)
neg, 0.05854943940466497, fire(s8965)
neg, 0.15919634617607642, fire(s1713)
neg, 0.13524799569767496, fire(s16401)
neg, 0.1574318864005817, fire(s343)
neg, 0.09893109532901269, fire(s4559)
neg, 0.05610908709821779, fire(s10570)
neg, 0.07564703859729599, fire(s3815)
neg, 0.14590141532719925, fire(s855)
neg, 0.16302035903084958, fire(s6259)
neg, 0.056922799358827006, fire(s1312)
neg, 0.060546945547339526, fire(s14296)
neg, 0.19644520313454936, fire(s16757)
neg, 0.0645358760200094, fire(s2754)
neg, 0.05711927474651237, fire(s7290)
neg, 0.06775825028172158, fire(s11145)
neg, 0.16302723413529582, fire(s12831)
neg, 0.26579780244441265, fire(s5581)
neg, 0.056922799358827006, fire(s2950)
neg, 0.6687949418635372, fire(s8892)
neg, 0.09849642227163528, fire(s9259)
neg, 0.7606160448220448, fire(s16866)
neg, 0.06836804820823672, fire(s993)
neg, 0.061334072114936126, fire(s13332)
neg, 0.1574318864005817, fire(s6406)
neg, 0.16828063418199157, fire(s5689)
neg, 0.06008083760669147, fire(s2673)
neg, 0.6325083263698866, fire(s12809)
neg, 0.6170907360767003, fire(s1763)
neg, 0.10418213408446912, fire(s5847)
neg, 0.08541409740670693, fire(s16495)
neg, 0.09987951705648504, fire(s2504)
neg, 0.07188089934493672, fire(s14791)
neg, 0.18274581364511605, fire(s15006)
neg, 0.0919273995024594, fire(s9233)
neg, 0.0645585211188497, fire(s14799)
neg, 0.07942629296290374, fire(s7220)
neg, 0.09744674271648196, fire(s795)
neg, 0.07840053128403916, fire(s5463)
neg, 0.061334072114936126, fire(s16146)
neg, 0.14076061910378548, fire(s12273)
neg, 0.06750021378523459, fire(s2520)
neg, 0.12738173952629428, fire(s190)
neg, 0.4393365015432007, fire(s9878)
neg, 0.07549608424597579, fire(s1846)
neg, 0.11716157698217289, fire(s5358)
neg, 0.07188089934493672, fire(s14744)
neg, 0.22693196935397666, fire(s11169)
neg, 0.12334354209881196, fire(s11737)
neg, 0.11875479217692764, fire(s8144)
neg, 0.3449602683573989, fire(s8709)
neg, 0.09993678091453406, fire(s9974)
neg, 0.09794306902276662, fire(s3633)
neg, 0.8052620500722709, fire(s6236)
neg, 0.6170907360767003, fire(s9706)
neg, 0.4905895292090107, fire(s8824)
neg, 0.3015898946270355, fire(s11104)
neg, 0.40713268475942, fire(s11541)
neg, 0.14013129572918562, fire(s12119)
neg, 0.3015898946270355, fire(s7851)
neg, 0.13337942696915764, fire(s393)
neg, 0.1522769187299872, fire(s5369)
neg, 0.2199328013277759, fire(s10977)
neg, 0.16302723413529582, fire(s12843)
neg, 0.07188089934493672, fire(s14759)
neg, 0.0583912027339261, fire(s9378)
neg, 0.267554256442974, fire(s11427)
neg, 0.08679274441449863, fire(s11468)
neg, 0.07980007828931833, fire(s10454)
neg, 0.21384040301598448, fire(s7773)
neg, 0.06884736408545016, fire(s9638)
neg, 0.0583912027339261, fire(s9431)
neg, 0.10418213408446912, fire(s5807)
neg, 0.22693196935397666, fire(s3496)
neg, 0.5792909662185951, fire(s13449)
neg, 0.16090375456402803, fire(s15340)
neg, 0.17038789608187285, fire(s9521)
neg, 0.39628512947849454, fire(s3327)
neg, 0.1429688755442318, fire(s1586)
neg, 0.5792909662185951, fire(s15039)
neg, 0.21440593727760276, fire(s16811)
neg, 0.15688166629068465, fire(s3587)
neg, 0.07549608424597579, fire(s1838)
neg, 0.5768568629713883, fire(s9584)
neg, 0.2130411254728589, fire(s12370)
neg, 0.0984380156505867, fire(s14626)
neg, 0.5971389148468578, fire(s8071)
neg, 0.22898988730260023, fire(s6495)
neg, 0.313128150923461, fire(s6131)
neg, 0.18998353607853327, fire(s8672)
neg, 0.061334072114936126, fire(s7546)
neg, 0.15295275669769848, fire(s13358)
neg, 0.056922799358827006, fire(s16547)
neg, 0.19644520313454936, fire(s16747)
neg, 0.06365529392881211, fire(s7424)
neg, 0.670340190612772, fire(s3454)
neg, 0.056922799358827006, fire(s1341)
neg, 0.060288507695985434, fire(s10612)
neg, 0.0751047591276896, fire(s6802)
neg, 0.18274581364511605, fire(s3120)
neg, 0.061334072114936126, fire(s7515)
neg, 0.28729876659994835, fire(s5573)
neg, 0.061334072114936126, fire(s7485)
neg, 0.0658936748024855, fire(s6033)
neg, 0.4111645446737415, fire(s411)
neg, 0.061334072114936126, fire(s16124)
neg, 0.09913013611756429, fire(s4355)
neg, 0.7254349240938995, fire(s8342)
neg, 0.26209414414144566, fire(s8353)
neg, 0.12334354209881196, fire(s11717)
neg, 0.2399590603964793, fire(s320)
neg, 0.0751047591276896, fire(s6560)
neg, 0.061334072114936126, fire(s14870)
neg, 0.5792909662185951, fire(s7689)
neg, 0.08588517019958204, fire(s1410)
neg, 0.6271859514978801, fire(s12288)
neg, 0.14226404777123033, fire(s10440)
neg, 0.20354298005501387, fire(s16739)
neg, 0.0631967641786279, fire(s11326)
neg, 0.09913013611756429, fire(s4338)
neg, 0.25446378329152763, fire(s13474)
neg, 0.06796910641944173, fire(s9666)
neg, 0.670340190612772, fire(s4921)
neg, 0.0583912027339261, fire(s14842)
neg, 0.2051416047265316, fire(s7651)
neg, 0.0658936748024855, fire(s6044)
neg, 0.05925719317878675, fire(s7330)
neg, 0.670340190612772, fire(s15230)
neg, 0.07147749850327352, fire(s11354)
neg, 0.061334072114936126, fire(s151)
neg, 0.7086012655020973, fire(s6595)
neg, 0.11369149558227401, fire(s12199)
neg, 0.11960952791180088, fire(s898)
neg, 0.06775825028172158, fire(s11159)
neg, 0.28332721516175163, fire(s5320)
neg, 0.5792909662185951, fire(s16717)
neg, 0.14010070751723291, fire(s4101)
neg, 0.0826054522953063, fire(s15734)
neg, 0.0583912027339261, fire(s11951)
neg, 0.05791503261717743, fire(s14987)
neg, 0.7493914184062402, fire(s373)
neg, 0.6271859514978801, fire(s12290)
neg, 0.08541409740670693, fire(s7939)
neg, 0.1256013764591881, fire(s1799)
neg, 0.13524799569767496, fire(s6372)
neg, 0.1922528760957437, fire(s5447)
neg, 0.2765197204410608, fire(s3869)
neg, 0.12334354209881196, fire(s11695)
neg, 0.24743655476040405, fire(s11598)
neg, 0.21385405574212962, fire(s4904)
neg, 0.05610908709821779, fire(s10531)
neg, 0.08244271454768518, fire(s3796)
neg, 0.061334072114936126, fire(s15)
neg, 0.41697224043432257, fire(s5101)
neg, 0.08541409740670693, fire(s17198)
neg, 0.060546945547339526, fire(s14299)
neg, 0.18274581364511605, fire(s566)
neg, 0.7353516833754961, fire(s14993)
neg, 0.056922799358827006, fire(s1304)
neg, 0.061334072114936126, fire(s14927)
neg, 0.4497650675542131, fire(s6607)
neg, 0.29552199072752433, fire(s3546)
neg, 0.20798618425690546, fire(s8155)
neg, 0.13261800188412953, fire(s12242)
neg, 0.7606160448220448, fire(s16865)
neg, 0.08923745847257081, fire(s12706)
neg, 0.21684164172154824, fire(s14621)
neg, 0.1922528760957437, fire(s5436)
neg, 0.20354298005501387, fire(s13553)
neg, 0.07228288696336416, fire(s5500)
neg, 0.16970529813223115, fire(s1856)
neg, 0.09156660101588004, fire(s14159)
neg, 0.1574318864005817, fire(s602)
neg, 0.18274581364511605, fire(s3098)
neg, 0.0645358760200094, fire(s2718)
neg, 0.6170907360767003, fire(s2328)
neg, 0.061334072114936126, fire(s122)
neg, 0.6280233578893214, fire(s2495)
neg, 0.0821061544460039, fire(s16286)
neg, 0.061334072114936126, fire(s1206)
neg, 0.09987951705648504, fire(s2507)
neg, 0.1889491997862481, fire(s12229)
neg, 0.13837148935370294, fire(s15486)
neg, 0.2765197204410608, fire(s13694)
neg, 0.27375742876941617, fire(s1508)
neg, 0.4475226157786552, fire(s6963)
neg, 0.13337942696915764, fire(s380)
neg, 0.05854943940466497, fire(s17153)
neg, 0.07590787339694148, fire(s12777)
neg, 0.09744674271648196, fire(s791)
neg, 0.08679274441449863, fire(s13820)
neg, 0.061334072114936126, fire(s13260)
neg, 0.16087748026825607, fire(s10317)
neg, 0.061334072114936126, fire(s80)
neg, 0.1256013764591881, fire(s1798)
neg, 0.18274581364511605, fire(s9682)
neg, 0.07139714975042956, fire(s438)
neg, 0.07056477645240042, fire(s13119)
neg, 0.08674618131878023, fire(s9098)
neg, 0.6170907360767003, fire(s1914)
neg, 0.06515894629408504, fire(s8745)
neg, 0.5395620975709705, fire(s1448)
neg, 0.0583912027339261, fire(s11931)
neg, 0.06008083760669147, fire(s2650)
neg, 0.14681252447673493, fire(s10382)
neg, 0.0663343964373822, fire(s15776)
neg, 0.11572129866219727, fire(s4561)
neg, 0.06008083760669147, fire(s2626)
neg, 0.17142599838338957, fire(s10367)
neg, 0.2072611326996454, fire(s8937)
neg, 0.3511883547563468, fire(s2084)
neg, 0.05610908709821779, fire(s10512)
neg, 0.1495452274823443, fire(s4175)
neg, 0.14226404777123033, fire(s10437)
neg, 0.3232331404502112, fire(s15632)
neg, 0.061334072114936126, fire(s102)
neg, 0.08541409740670693, fire(s16434)
neg, 0.14681252447673493, fire(s10388)
neg, 0.07466214512928546, fire(s8585)
neg, 0.14010070751723291, fire(s4099)
neg, 0.19644520313454936, fire(s6898)
neg, 0.058398358146879784, fire(s4415)
neg, 0.14438951048866944, fire(s5377)
neg, 0.6215856096646603, fire(s9847)
neg, 0.18274581364511605, fire(s285)
neg, 0.08588517019958204, fire(s1407)
neg, 0.18577784712622733, fire(s13625)
neg, 0.5057916384423057, fire(s10248)
neg, 0.3009331022820884, fire(s9919)
neg, 0.24743655476040405, fire(s11553)
neg, 0.20354298005501387, fire(s15413)
neg, 0.23628009590151425, fire(s6932)
neg, 0.061334072114936126, fire(s13348)
neg, 0.4353294447197122, fire(s5239)
neg, 0.08541409740670693, fire(s2363)
neg, 0.056922799358827006, fire(s16556)
neg, 0.16302035903084958, fire(s3152)
neg, 0.08230286000672084, fire(s16067)
neg, 0.2051416047265316, fire(s7648)
neg, 0.1495452274823443, fire(s2264)
neg, 0.0751047591276896, fire(s6566)
neg, 0.0821061544460039, fire(s16677)
neg, 0.06695511062005417, fire(s14677)
neg, 0.095671115127813, fire(s14282)
neg, 0.061334072114936126, fire(s2911)
neg, 0.07573456783738157, fire(s13163)
neg, 0.061334072114936126, fire(s10807)
neg, 0.10418213408446912, fire(s5813)
neg, 0.061334072114936126, fire(s16173)
neg, 0.061334072114936126, fire(s13247)
neg, 0.06006447858345124, fire(s4443)
neg, 0.06922496890106526, fire(s15886)
neg, 0.0767219220988122, fire(s15956)
neg, 0.08276188780953395, fire(s486)
neg, 0.12470520953239596, fire(s10288)
neg, 0.06511973262207624, fire(s14131)
neg, 0.14299725922876433, fire(s5395)
neg, 0.17696372561915596, fire(s14397)
neg, 0.08541409740670693, fire(s3002)
neg, 0.1256013764591881, fire(s10259)
neg, 0.20354298005501387, fire(s4933)
neg, 0.26209414414144566, fire(s16742)
neg, 0.19904618746557584, fire(s13418)
neg, 0.34368215696993476, fire(s2434)
neg, 0.20354298005501387, fire(s8905)
neg, 0.09913013611756429, fire(s4354)
neg, 0.05610908709821779, fire(s10526)
neg, 0.06006447858345124, fire(s4447)
neg, 0.16302035903084958, fire(s6277)
neg, 0.1670850790411791, fire(s4615)
neg, 0.061334072114936126, fire(s1208)
neg, 0.1495452274823443, fire(s9757)
neg, 0.18274581364511605, fire(s9679)
neg, 0.06006447858345124, fire(s7639)
neg, 0.11875479217692764, fire(s8199)
neg, 0.05854943940466497, fire(s17116)
neg, 0.08541409740670693, fire(s7954)
neg, 0.08541409740670693, fire(s2377)
neg, 0.08541409740670693, fire(s2378)
neg, 0.6170907360767003, fire(s9720)
neg, 0.6286329387787581, fire(s11414)
neg, 0.05854943940466497, fire(s175)
neg, 0.09551015956821979, fire(s15298)
neg, 0.07338960855100876, fire(s1105)
neg, 0.061334072114936126, fire(s51)
neg, 0.061334072114936126, fire(s2857)
neg, 0.061334072114936126, fire(s32)
neg, 0.18274581364511605, fire(s15004)
neg, 0.08541409740670693, fire(s16498)
neg, 0.12224160236237262, fire(s12428)
neg, 0.08197221346370133, fire(s425)
neg, 0.058398358146879784, fire(s4394)
neg, 0.11360650166270288, fire(s14053)
neg, 0.09744674271648196, fire(s808)
neg, 0.08541409740670693, fire(s2389)
neg, 0.06836804820823672, fire(s963)
neg, 0.7254349240938995, fire(s7868)
neg, 0.3009331022820884, fire(s16983)
neg, 0.06951272659029642, fire(s12462)
neg, 0.670340190612772, fire(s10251)
neg, 0.060288507695985434, fire(s10646)
neg, 0.061334072114936126, fire(s103)
neg, 0.25558649336328004, fire(s11284)
neg, 0.061334072114936126, fire(s7489)
neg, 0.06569670364447533, fire(s1835)
neg, 0.07866790372601447, fire(s9767)
neg, 0.07493253325861898, fire(s10287)
neg, 0.0919273995024594, fire(s9210)
neg, 0.061334072114936126, fire(s4267)
neg, 0.061334072114936126, fire(s7541)
neg, 0.1574318864005817, fire(s3096)
neg, 0.08276188780953395, fire(s462)
neg, 0.16302723413529582, fire(s12397)
neg, 0.11369149558227401, fire(s11511)
neg, 0.4031822645747735, fire(s6638)
neg, 0.07338960855100876, fire(s1087)
neg, 0.07840053128403916, fire(s5488)
neg, 0.07840053128403916, fire(s5466)
neg, 0.1755883653617396, fire(s14561)
neg, 0.08541409740670693, fire(s2346)
neg, 0.6170907360767003, fire(s1686)
neg, 0.1717168521990437, fire(s7781)
neg, 0.056922799358827006, fire(s10860)
neg, 0.06141957494382991, fire(s15061)
neg, 0.40211492051564623, fire(s5599)
neg, 0.7308966291978409, fire(s5329)
neg, 0.13233009633533854, fire(s12216)
neg, 0.21684164172154824, fire(s14620)
neg, 0.07188089934493672, fire(s14767)
neg, 0.061334072114936126, fire(s7461)
neg, 0.42178848880602976, fire(s8527)
neg, 0.3571458877337165, fire(s5661)
neg, 0.12224160236237262, fire(s12878)
neg, 0.0972748305589408, fire(s5741)
neg, 0.7254349240938995, fire(s7873)
neg, 0.2663741805258455, fire(s4540)
neg, 0.061334072114936126, fire(s1171)
neg, 0.13113929769644342, fire(s5342)
neg, 0.09682166205641542, fire(s5225)
neg, 0.1532919071773955, fire(s15862)
neg, 0.26209414414144566, fire(s8375)
neg, 0.6271859514978801, fire(s16726)
neg, 0.058398358146879784, fire(s7614)
neg, 0.08679274441449863, fire(s11465)
neg, 0.061334072114936126, fire(s4270)
neg, 0.13183160763813084, fire(s11795)
neg, 0.0893065322946776, fire(s17010)
neg, 0.1717168521990437, fire(s3163)
neg, 0.0873596423109637, fire(s9112)
neg, 0.39907652501210855, fire(s8726)
neg, 0.0583912027339261, fire(s11876)
neg, 0.20354298005501387, fire(s13547)
neg, 0.16302035903084958, fire(s3138)
neg, 0.056922799358827006, fire(s10847)
neg, 0.06592445741673501, fire(s1139)
neg, 0.08010230430304387, fire(s1863)
neg, 0.17038789608187285, fire(s5998)
neg, 0.7254349240938995, fire(s4663)
neg, 0.0583912027339261, fire(s9388)
neg, 0.8239331291684282, fire(s2279)
neg, 0.7254349240938995, fire(s8337)
neg, 0.061334072114936126, fire(s1192)
neg, 0.056922799358827006, fire(s16540)
neg, 0.0583912027339261, fire(s14813)
neg, 0.14010070751723291, fire(s4124)
neg, 0.07980007828931833, fire(s15690)
neg, 0.05925719317878675, fire(s7303)
neg, 0.061334072114936126, fire(s13341)
neg, 0.13282100259369398, fire(s8464)
neg, 0.07056477645240042, fire(s13073)
neg, 0.07818395697297503, fire(s659)
neg, 0.06141957494382991, fire(s15060)
neg, 0.07942629296290374, fire(s7207)
neg, 0.08140618873392941, fire(s6116)
neg, 0.07661635067273537, fire(s17063)
neg, 0.3784252483329308, fire(s6954)
neg, 0.0583912027339261, fire(s14809)
neg, 0.0658936748024855, fire(s6069)
neg, 0.061334072114936126, fire(s2811)
neg, 0.09794306902276662, fire(s3614)
neg, 0.1508220206566738, fire(s15155)
neg, 0.7682344956950079, fire(s13645)
neg, 0.712330488691025, fire(s9861)
neg, 0.061334072114936126, fire(s9)
neg, 0.18259427468915565, fire(s12743)
neg, 0.13049177398425318, fire(s8599)
neg, 0.6170907360767003, fire(s3070)
neg, 0.058398358146879784, fire(s16240)
neg, 0.08276188780953395, fire(s481)
neg, 0.061334072114936126, fire(s13249)
neg, 0.058398358146879784, fire(s4402)
neg, 0.14886925845929522, fire(s12988)
neg, 0.08324017051130815, fire(s8225)
neg, 0.2765197204410608, fire(s1925)
neg, 0.1717168521990437, fire(s15177)
neg, 0.17038789608187285, fire(s9468)
neg, 0.05854943940466497, fire(s183)
neg, 0.07466214512928546, fire(s8580)
neg, 0.061334072114936126, fire(s13329)
neg, 0.0658936748024855, fire(s6037)
neg, 0.17696372561915596, fire(s14389)
neg, 0.1922528760957437, fire(s7659)
neg, 0.21384040301598448, fire(s4843)
neg, 0.07258236471938913, fire(s3753)
neg, 0.26209414414144566, fire(s7901)
neg, 0.17038789608187285, fire(s5997)
neg, 0.1293010025620146, fire(s15752)
neg, 0.058398358146879784, fire(s16241)
neg, 0.056922799358827006, fire(s2957)
neg, 0.0583912027339261, fire(s5881)
neg, 0.12224160236237262, fire(s15405)
neg, 0.061334072114936126, fire(s2872)
neg, 0.06434887828562928, fire(s2580)
neg, 0.1730547953691153, fire(s831)
neg, 0.12334354209881196, fire(s11680)
neg, 0.34216357471536496, fire(s17084)
neg, 0.2399590603964793, fire(s289)
neg, 0.06740165936942838, fire(s3810)
neg, 0.08541409740670693, fire(s2339)
neg, 0.1293010025620146, fire(s12874)
neg, 0.6170907360767003, fire(s342)
neg, 0.1495452274823443, fire(s2242)
neg, 0.07818395697297503, fire(s2023)
neg, 0.05925719317878675, fire(s7299)
neg, 0.11360650166270288, fire(s12786)
neg, 0.8157510339281996, fire(s16833)
neg, 0.1495452274823443, fire(s2474)
neg, 0.1495452274823443, fire(s2267)
neg, 0.11369149558227401, fire(s10971)
neg, 0.08910949019966152, fire(s9950)
neg, 0.6170907360767003, fire(s2316)
neg, 0.09234589896765333, fire(s6094)
neg, 0.07661635067273537, fire(s17064)
neg, 0.061334072114936126, fire(s7451)
neg, 0.07161091970489246, fire(s8115)
neg, 0.5792909662185951, fire(s8489)
neg, 0.09554910232309428, fire(s5050)
neg, 0.24773373235933166, fire(s9888)
neg, 0.16531412296866047, fire(s10334)
neg, 0.09234589896765333, fire(s6110)
neg, 0.20694051902075414, fire(s13519)
neg, 0.4905895292090107, fire(s8822)
neg, 0.16090375456402803, fire(s3573)
neg, 0.0583912027339261, fire(s10718)
neg, 0.0658936748024855, fire(s6029)
neg, 0.07818395697297503, fire(s2003)
neg, 0.09993678091453406, fire(s10012)
neg, 0.26209414414144566, fire(s7899)
neg, 0.0583912027339261, fire(s14821)
neg, 0.060288507695985434, fire(s10653)
neg, 0.13837148935370294, fire(s15480)
neg, 0.13282100259369398, fire(s8451)
neg, 0.0583912027339261, fire(s9416)
neg, 0.07188089934493672, fire(s14739)
neg, 0.2689519997272272, fire(s8163)
neg, 0.07338960855100876, fire(s1058)
neg, 0.15919634617607642, fire(s1700)
neg, 0.06447309478375851, fire(s12758)
neg, 0.22693196935397666, fire(s11174)
neg, 0.07128471828888497, fire(s15872)
neg, 0.0767219220988122, fire(s15962)
neg, 0.06365529392881211, fire(s12489)
neg, 0.1922528760957437, fire(s15104)
neg, 0.06884736408545016, fire(s9639)
neg, 0.06008083760669147, fire(s2621)
neg, 0.061334072114936126, fire(s10771)
neg, 0.07056477645240042, fire(s13106)
neg, 0.09993678091453406, fire(s9997)
neg, 0.3015898946270355, fire(s7853)
neg, 0.061334072114936126, fire(s10804)
neg, 0.0658936748024855, fire(s6060)
neg, 0.05854943940466497, fire(s17166)
neg, 0.5729440559737087, fire(s3998)
neg, 0.06057698460588273, fire(s7289)
neg, 0.0583912027339261, fire(s9379)
neg, 0.687466897589569, fire(s6787)
neg, 0.3262297097178282, fire(s16989)
neg, 0.2671527474372067, fire(s13718)
neg, 0.06365529392881211, fire(s7400)
neg, 0.08541409740670693, fire(s7960)
neg, 0.058398358146879784, fire(s4406)
neg, 0.5392271656027152, fire(s16583)
neg, 0.07840053128403916, fire(s5469)
neg, 0.0879094138049569, fire(s6183)
neg, 0.20354298005501387, fire(s13559)
neg, 0.6687949418635372, fire(s8896)
neg, 0.6286329387787581, fire(s11417)
neg, 0.07564703859729599, fire(s3816)
neg, 0.0643786550096277, fire(s7035)
neg, 0.06884736408545016, fire(s9636)
neg, 0.4436041725964317, fire(s14151)
neg, 0.22898988730260023, fire(s6481)
neg, 0.1755883653617396, fire(s9063)
neg, 0.09234589896765333, fire(s6112)
neg, 0.09156660101588004, fire(s14157)
neg, 0.22693196935397666, fire(s11171)
neg, 0.07013319935555172, fire(s8992)
neg, 0.08541409740670693, fire(s16392)
neg, 0.670340190612772, fire(s15234)
neg, 0.4801528444406609, fire(s2099)
neg, 0.1290510131902217, fire(s5166)
neg, 0.1393824400774226, fire(s6617)
neg, 0.07188089934493672, fire(s14783)
neg, 0.1922528760957437, fire(s11060)
neg, 0.05854943940466497, fire(s179)
neg, 0.6103029185190958, fire(s6797)
neg, 0.061334072114936126, fire(s10777)
neg, 0.08276188780953395, fire(s488)
neg, 0.26209414414144566, fire(s8360)
neg, 0.1495452274823443, fire(s4198)
neg, 0.060578760698162246, fire(s9122)
neg, 0.061334072114936126, fire(s64)
neg, 0.12334354209881196, fire(s11720)
neg, 0.13524799569767496, fire(s7917)
neg, 0.14768783310909234, fire(s5354)
neg, 0.06836804820823672, fire(s2592)
neg, 0.0645358760200094, fire(s2697)
neg, 0.061334072114936126, fire(s13312)
neg, 0.1495452274823443, fire(s4163)
neg, 0.7682344956950079, fire(s7135)
neg, 0.12804595596205293, fire(s9129)
neg, 0.07139714975042956, fire(s17033)
neg, 0.08010230430304387, fire(s1864)
neg, 0.24743655476040405, fire(s14560)
neg, 0.573626996706895, fire(s12150)
neg, 0.0631967641786279, fire(s11332)
neg, 0.23628009590151425, fire(s6923)
neg, 0.1574318864005817, fire(s14223)
neg, 0.07056477645240042, fire(s13077)
neg, 0.0767219220988122, fire(s15924)
neg, 0.22693196935397666, fire(s3473)
neg, 0.07942629296290374, fire(s7204)
neg, 0.34871177927492103, fire(s5299)
neg, 0.13752114968850354, fire(s856)
neg, 0.40713268475942, fire(s11537)
neg, 0.16302035903084958, fire(s3135)
neg, 0.26209414414144566, fire(s8371)
neg, 0.08541409740670693, fire(s16436)
neg, 0.1421242670358606, fire(s8119)
neg, 0.08762442458496437, fire(s669)
neg, 0.1574318864005817, fire(s597)
neg, 0.0751047591276896, fire(s6561)
neg, 0.23628009590151425, fire(s8877)
neg, 0.12810933061533783, fire(s8931)
neg, 0.07564703859729599, fire(s10881)
neg, 0.06695511062005417, fire(s14659)
neg, 0.09993678091453406, fire(s9992)
neg, 0.6998228677788122, fire(s14431)
neg, 0.0684567954296748, fire(s9004)
neg, 0.24743655476040405, fire(s11604)
neg, 0.14299725922876433, fire(s5402)
neg, 0.28332721516175163, fire(s5319)
neg, 0.061334072114936126, fire(s16203)
neg, 0.08197221346370133, fire(s15548)
neg, 0.1495452274823443, fire(s4167)
neg, 0.1922528760957437, fire(s15159)
neg, 0.6170907360767003, fire(s3020)
neg, 0.1574318864005817, fire(s3088)
neg, 0.056922799358827006, fire(s10864)
neg, 0.1495452274823443, fire(s2243)
neg, 0.40211492051564623, fire(s5652)
neg, 0.09262752934027545, fire(s12514)
neg, 0.060288507695985434, fire(s10625)
neg, 0.20354298005501387, fire(s7088)
neg, 0.20753145274606563, fire(s10392)
neg, 0.0645358760200094, fire(s2736)
neg, 0.07139714975042956, fire(s435)
neg, 0.08230286000672084, fire(s16086)
neg, 0.061334072114936126, fire(s14913)
neg, 0.07573456783738157, fire(s13165)
neg, 0.056922799358827006, fire(s2966)
neg, 0.08541409740670693, fire(s16529)
neg, 0.07799475890785475, fire(s6078)
neg, 0.09156660101588004, fire(s16870)
neg, 0.058398358146879784, fire(s13374)
neg, 0.05925719317878675, fire(s7295)
neg, 0.06750021378523459, fire(s2552)
neg, 0.05925719317878675, fire(s7292)
neg, 0.15919634617607642, fire(s6307)
neg, 0.07564703859729599, fire(s1463)
neg, 0.08541409740670693, fire(s16450)
neg, 0.0583912027339261, fire(s11895)
neg, 0.10612306003530846, fire(s724)
neg, 0.17696372561915596, fire(s3220)
neg, 0.061334072114936126, fire(s1163)
neg, 0.060288507695985434, fire(s10580)
neg, 0.24743655476040405, fire(s11555)
neg, 0.17696372561915596, fire(s3230)
neg, 0.3232331404502112, fire(s15633)
neg, 0.06657437009224246, fire(s15550)
neg, 0.12147776470109728, fire(s10196)
neg, 0.09744674271648196, fire(s806)
neg, 0.25446378329152763, fire(s13869)
neg, 0.573626996706895, fire(s12148)
neg, 0.11875479217692764, fire(s8143)
neg, 0.1288338753743269, fire(s8655)
neg, 0.19904618746557584, fire(s13422)
neg, 0.07462694114663754, fire(s14325)
neg, 0.08212713140849907, fire(s15920)
neg, 0.5792909662185951, fire(s3246)
neg, 0.08541409740670693, fire(s16329)
neg, 0.4436041725964317, fire(s3523)
neg, 0.1363302064349775, fire(s10092)
neg, 0.23628009590151425, fire(s6991)
neg, 0.061334072114936126, fire(s7535)
neg, 0.08852020444125919, fire(s14638)
neg, 0.5164372241861421, fire(s11529)
neg, 0.6662448127249877, fire(s13653)
neg, 0.6583494950255437, fire(s4833)
neg, 0.4031822645747735, fire(s6657)
neg, 0.08230286000672084, fire(s3918)
neg, 0.13524799569767496, fire(s8424)
neg, 0.085060313916385, fire(s504)
neg, 0.061334072114936126, fire(s13336)
neg, 0.16970529813223115, fire(s1855)
neg, 0.1670850790411791, fire(s4616)
neg, 0.058398358146879784, fire(s5000)
neg, 0.0583912027339261, fire(s11900)
neg, 0.16113933910803152, fire(s1475)
neg, 0.06820805155471853, fire(s14496)
neg, 0.17293321968334838, fire(s4644)
neg, 0.06365529392881211, fire(s7389)
neg, 0.15919634617607642, fire(s1718)
neg, 0.061334072114936126, fire(s2879)
neg, 0.05925719317878675, fire(s7327)
neg, 0.5392271656027152, fire(s16586)
neg, 0.14886925845929522, fire(s13000)
neg, 0.0879094138049569, fire(s6186)
neg, 0.26427142400001347, fire(s620)
neg, 0.18274581364511605, fire(s3114)
neg, 0.07840053128403916, fire(s5489)
neg, 0.07366206105069315, fire(s3771)
neg, 0.12717381308641118, fire(s11248)
neg, 0.056922799358827006, fire(s14949)
neg, 0.11369149558227401, fire(s11487)
neg, 0.056922799358827006, fire(s16545)
neg, 0.17038789608187285, fire(s9478)
neg, 0.3015898946270355, fire(s7070)
neg, 0.07228288696336416, fire(s4480)
neg, 0.19975398020459523, fire(s4574)
neg, 0.0972748305589408, fire(s5710)
neg, 0.1677090926861088, fire(s11846)
neg, 0.0583912027339261, fire(s10731)
neg, 0.2610297486336245, fire(s6873)
neg, 0.5392271656027152, fire(s16585)
neg, 0.0583912027339261, fire(s9393)
neg, 0.061334072114936126, fire(s13316)
neg, 0.1495452274823443, fire(s2236)
neg, 0.4497650675542131, fire(s6604)
neg, 0.06447309478375851, fire(s12769)
neg, 0.1256013764591881, fire(s1885)
neg, 0.060789363828725705, fire(s6702)
neg, 0.06951272659029642, fire(s12463)
neg, 0.12334354209881196, fire(s11676)
neg, 0.07338960855100876, fire(s1074)
neg, 0.5581779389894433, fire(s12664)
neg, 0.1429688755442318, fire(s7969)
neg, 0.07564703859729599, fire(s12570)
neg, 0.061334072114936126, fire(s16149)
neg, 0.6170907360767003, fire(s3022)
neg, 0.2881642697951226, fire(s14632)
neg, 0.6968716829519638, fire(s11187)
neg, 0.1495452274823443, fire(s8430)
neg, 0.06802070567537905, fire(s874)
neg, 0.06569670364447533, fire(s1828)
neg, 0.061334072114936126, fire(s16176)
neg, 0.07573456783738157, fire(s13168)
neg, 0.0583912027339261, fire(s9389)
neg, 0.6025274810567334, fire(s3582)
neg, 0.1922528760957437, fire(s15165)
neg, 0.14438951048866944, fire(s5375)
neg, 0.05854943940466497, fire(s2989)
neg, 0.061334072114936126, fire(s10799)
neg, 0.3009331022820884, fire(s9914)
neg, 0.0583912027339261, fire(s11884)
neg, 0.11679631067097751, fire(s4745)
neg, 0.1256013764591881, fire(s1882)
neg, 0.07466214512928546, fire(s8563)
neg, 0.06820805155471853, fire(s14494)
neg, 0.6170907360767003, fire(s2281)
neg, 0.07899158301192424, fire(s4809)
neg, 0.0645358760200094, fire(s2676)
neg, 0.08659488115201389, fire(s10045)
neg, 0.1532919071773955, fire(s15859)
neg, 0.056922799358827006, fire(s2948)
neg, 0.1670850790411791, fire(s4620)
neg, 0.14299725922876433, fire(s11002)
neg, 0.17696372561915596, fire(s3223)
neg, 0.5792909662185951, fire(s7704)
neg, 0.1495452274823443, fire(s8433)
neg, 0.1717168521990437, fire(s13500)
neg, 0.2885341157279044, fire(s6500)
neg, 0.21956807705941356, fire(s9019)
neg, 0.2765197204410608, fire(s13693)
neg, 0.26209414414144566, fire(s7896)
neg, 0.3916348654674407, fire(s5254)
neg, 0.3511883547563468, fire(s3978)
neg, 0.1495452274823443, fire(s2254)
neg, 0.5773137042626196, fire(s16641)
neg, 0.18274581364511605, fire(s2166)
neg, 0.08541409740670693, fire(s2996)
neg, 0.0744596393458425, fire(s14042)
neg, 0.17038789608187285, fire(s9515)
neg, 0.1677090926861088, fire(s11847)
neg, 0.061334072114936126, fire(s16117)
neg, 0.09554910232309428, fire(s5040)
neg, 0.38383013228472607, fire(s8040)
neg, 0.09993678091453406, fire(s10002)
neg, 0.7356457356813343, fire(s5432)
neg, 0.07188089934493672, fire(s14771)
neg, 0.7682344956950079, fire(s13643)
neg, 0.061334072114936126, fire(s12019)
neg, 0.7254349240938995, fire(s7883)
neg, 0.1495452274823443, fire(s8434)
neg, 0.08313122396127938, fire(s10670)
neg, 0.061334072114936126, fire(s4)
neg, 0.40790743107223004, fire(s16284)
neg, 0.12470520953239596, fire(s10307)
neg, 0.3432993400535622, fire(s6949)
neg, 0.07942629296290374, fire(s7200)
neg, 0.09493545964794746, fire(s8083)
neg, 0.27375742876941617, fire(s2135)
neg, 0.061334072114936126, fire(s2898)
neg, 0.07161091970489246, fire(s9783)
neg, 0.12717381308641118, fire(s11252)
neg, 0.07564703859729599, fire(s13853)
neg, 0.34801037374818283, fire(s7055)
neg, 0.0583912027339261, fire(s10760)
neg, 0.4031822645747735, fire(s12501)
neg, 0.13337942696915764, fire(s12546)
neg, 0.11857645388079296, fire(s8808)
neg, 0.6687949418635372, fire(s8841)
neg, 0.14010070751723291, fire(s4138)
neg, 0.36853024764516495, fire(s13036)
neg, 0.12224160236237262, fire(s14579)
neg, 0.056922799358827006, fire(s10838)
neg, 0.0583912027339261, fire(s11961)
neg, 0.15919634617607642, fire(s1740)
neg, 0.12224160236237262, fire(s12427)
neg, 0.7254349240938995, fire(s4664)
neg, 0.12334354209881196, fire(s11688)
neg, 0.8346008915591587, fire(s10168)
neg, 0.1922528760957437, fire(s5445)
neg, 0.22693196935397666, fire(s3504)
neg, 0.06884736408545016, fire(s9628)
neg, 0.34298899140460315, fire(s9195)
neg, 0.21440593727760276, fire(s4585)
neg, 0.1532919071773955, fire(s15861)
neg, 0.14450664885833822, fire(s6707)
neg, 0.16970529813223115, fire(s1860)
neg, 0.16302035903084958, fire(s6265)
neg, 0.5792909662185951, fire(s3253)
neg, 0.061334072114936126, fire(s16230)
neg, 0.0826054522953063, fire(s7157)
neg, 0.06569670364447533, fire(s1829)
neg, 0.061334072114936126, fire(s2814)
neg, 0.30599525843248804, fire(s7737)
neg, 0.07013319935555172, fire(s6852)
neg, 0.30158605754495516, fire(s5683)
neg, 0.0583912027339261, fire(s10729)
neg, 0.1495452274823443, fire(s2250)
neg, 0.061334072114936126, fire(s2821)
neg, 0.1741119577800601, fire(s8801)
neg, 0.07818395697297503, fire(s13013)
neg, 0.5263768178301115, fire(s9547)
neg, 0.1922528760957437, fire(s11036)
neg, 0.056922799358827006, fire(s16557)
neg, 0.07338960855100876, fire(s1051)
neg, 0.0583912027339261, fire(s11891)
neg, 0.14299725922876433, fire(s5390)
neg, 0.1495452274823443, fire(s2224)
neg, 0.670340190612772, fire(s3708)
neg, 0.1495452274823443, fire(s2208)
neg, 0.0583912027339261, fire(s10766)
neg, 0.08197221346370133, fire(s414)
neg, 0.6094823709196625, fire(s16592)
neg, 0.1429688755442318, fire(s13707)
neg, 0.3784252483329308, fire(s6957)
neg, 0.712330488691025, fire(s9863)
neg, 0.2399590603964793, fire(s324)
neg, 0.06750021378523459, fire(s2523)
neg, 0.13282100259369398, fire(s8438)
neg, 0.26209414414144566, fire(s14066)
neg, 0.08588517019958204, fire(s1415)
neg, 0.13621578790433025, fire(s14594)
neg, 0.4031822645747735, fire(s5242)
neg, 0.3569365411078615, fire(s9558)
neg, 0.07840053128403916, fire(s5459)
neg, 0.0707563033333563, fire(s10208)
neg, 0.06750021378523459, fire(s2532)
neg, 0.07004736012392455, fire(s639)
neg, 0.4905895292090107, fire(s8823)
neg, 0.31418765783529357, fire(s3314)
neg, 0.6170907360767003, fire(s3848)
neg, 0.1516359222693658, fire(s2299)
neg, 0.06820805155471853, fire(s14495)
neg, 0.07866790372601447, fire(s9760)
neg, 0.17696372561915596, fire(s3284)
neg, 0.0767219220988122, fire(s15934)
neg, 0.5395620975709705, fire(s1458)
neg, 0.7460734095262237, fire(s12046)
neg, 0.056922799358827006, fire(s1340)
neg, 0.12224160236237262, fire(s12422)
neg, 0.07340521775641343, fire(s8978)
neg, 0.0972748305589408, fire(s5705)
neg, 0.07899158301192424, fire(s4811)
neg, 0.6170907360767003, fire(s9702)
neg, 0.07840053128403916, fire(s5456)
neg, 0.06365529392881211, fire(s7357)
neg, 0.08230286000672084, fire(s14375)
neg, 0.20354298005501387, fire(s2416)
neg, 0.15919634617607642, fire(s6343)
neg, 0.08276188780953395, fire(s453)
neg, 0.12717381308641118, fire(s11261)
neg, 0.06892961524644325, fire(s9148)
neg, 0.0821061544460039, fire(s16680)
neg, 0.061334072114936126, fire(s1196)
neg, 0.19080909491048564, fire(s15740)
neg, 0.08762442458496437, fire(s673)
neg, 0.08541409740670693, fire(s252)
neg, 0.24743655476040405, fire(s14557)
neg, 0.1256013764591881, fire(s1884)
neg, 0.12810933061533783, fire(s1775)
neg, 0.09993678091453406, fire(s10031)
neg, 0.15857643788991055, fire(s742)
neg, 0.7549656952086962, fire(s17074)
neg, 0.10906932034430668, fire(s5313)
neg, 0.056922799358827006, fire(s1323)
neg, 0.0645585211188497, fire(s14801)
neg, 0.13337942696915764, fire(s1616)
neg, 0.07056477645240042, fire(s13084)
neg, 0.0583912027339261, fire(s11898)
neg, 0.07338960855100876, fire(s1092)
neg, 0.061334072114936126, fire(s71)
neg, 0.2053778110229426, fire(s12102)
neg, 0.06365529392881211, fire(s7423)
neg, 0.061334072114936126, fire(s1263)
neg, 0.15919634617607642, fire(s1731)
neg, 0.30599525843248804, fire(s7718)
neg, 0.5768568629713883, fire(s9586)
neg, 0.1717168521990437, fire(s13475)
neg, 0.334974380709037, fire(s17004)
neg, 0.06006447858345124, fire(s4456)
neg, 0.22693196935397666, fire(s3481)
neg, 0.0583912027339261, fire(s5929)
neg, 0.24743655476040405, fire(s10480)
neg, 0.3009331022820884, fire(s16981)
neg, 0.6968716829519638, fire(s11189)
neg, 0.061334072114936126, fire(s42)
neg, 0.26209414414144566, fire(s7143)
neg, 0.18056360855804654, fire(s13736)
neg, 0.18577784712622733, fire(s13623)
neg, 0.061334072114936126, fire(s7579)
neg, 0.061334072114936126, fire(s10803)
neg, 0.22693196935397666, fire(s11175)
neg, 0.21684164172154824, fire(s14616)
neg, 0.06447309478375851, fire(s9798)
neg, 0.6959623212176447, fire(s15618)
neg, 0.16531412296866047, fire(s10330)
neg, 0.0767219220988122, fire(s15969)
neg, 0.08806375439136571, fire(s3969)
neg, 0.12823097977834147, fire(s866)
neg, 0.09993678091453406, fire(s10028)
neg, 0.17861775556947473, fire(s6734)
neg, 0.07013319935555172, fire(s6822)
neg, 0.7606160448220448, fire(s16864)
neg, 0.05610908709821779, fire(s10517)
neg, 0.31700204514674546, fire(s4478)
neg, 0.06008083760669147, fire(s2636)
neg, 0.07818395697297503, fire(s13010)
neg, 0.17293321968334838, fire(s4636)
neg, 0.3916348654674407, fire(s5251)
neg, 0.06884736408545016, fire(s9626)
neg, 0.7306787579723846, fire(s5422)
neg, 0.06434887828562928, fire(s2578)
neg, 0.12268950767898743, fire(s7283)
neg, 0.08541409740670693, fire(s2393)
neg, 0.38383013228472607, fire(s8045)
neg, 0.23628009590151425, fire(s6983)
neg, 0.6170907360767003, fire(s3067)
neg, 0.4446003827529404, fire(s15472)
neg, 0.05854943940466497, fire(s17119)
neg, 0.09188165682178101, fire(s8605)
neg, 0.09262752934027545, fire(s12515)
neg, 0.14076061910378548, fire(s12275)
neg, 0.08674618131878023, fire(s9114)
neg, 0.3571458877337165, fire(s5662)
neg, 0.05854943940466497, fire(s172)
neg, 0.39628512947849454, fire(s3320)
neg, 0.05854943940466497, fire(s220)
neg, 0.14299725922876433, fire(s15048)
neg, 0.08324017051130815, fire(s8231)
neg, 0.09551015956821979, fire(s15296)
neg, 0.14076061910378548, fire(s12277)
neg, 0.5792909662185951, fire(s7670)
neg, 0.08313122396127938, fire(s10674)
neg, 0.6968716829519638, fire(s11190)
neg, 0.10061685195072072, fire(s3643)
neg, 0.07188089934493672, fire(s14777)
neg, 0.06775825028172158, fire(s11130)
neg, 0.0707563033333563, fire(s10213)
neg, 0.060288507695985434, fire(s10647)
neg, 0.1677090926861088, fire(s11833)
neg, 0.7335527549576447, fire(s8401)
neg, 0.07466214512928546, fire(s8589)
neg, 0.06836804820823672, fire(s979)
neg, 0.05854943940466497, fire(s186)
neg, 0.3511883547563468, fire(s2104)
neg, 0.0645358760200094, fire(s2690)
neg, 0.313128150923461, fire(s10221)
neg, 0.0663343964373822, fire(s15746)
neg, 0.14010070751723291, fire(s4135)
neg, 0.09014477444449696, fire(s5261)
neg, 0.056922799358827006, fire(s10822)
neg, 0.08541409740670693, fire(s2376)
neg, 0.6998228677788122, fire(s4975)
neg, 0.0767219220988122, fire(s15938)
neg, 0.13183160763813084, fire(s11823)
neg, 0.07161091970489246, fire(s15718)
neg, 0.6325083263698866, fire(s11181)
neg, 0.12224160236237262, fire(s12417)
neg, 0.15919634617607642, fire(s1724)
neg, 0.07139714975042956, fire(s17023)
neg, 0.33105946320908824, fire(s12701)
neg, 0.061334072114936126, fire(s1199)
neg, 0.08228084377785504, fire(s5060)
neg, 0.18274581364511605, fire(s571)
neg, 0.27375742876941617, fire(s2136)
neg, 0.09014477444449696, fire(s5277)
neg, 0.08230286000672084, fire(s16080)
neg, 0.07188089934493672, fire(s14727)
neg, 0.5382083791023704, fire(s11069)
neg, 0.08910949019966152, fire(s9949)
neg, 0.061334072114936126, fire(s2824)
neg, 0.06006447858345124, fire(s4441)
neg, 0.7493914184062402, fire(s6438)
neg, 0.0583912027339261, fire(s9465)
neg, 0.08197221346370133, fire(s420)
neg, 0.4404347014067408, fire(s9608)
neg, 0.6170907360767003, fire(s302)
neg, 0.08806375439136571, fire(s3954)
neg, 0.5766653218639309, fire(s4797)
neg, 0.5932718892533156, fire(s8739)
neg, 0.1206379340797849, fire(s10036)
neg, 0.07188089934493672, fire(s14728)
neg, 0.07103705778514359, fire(s5024)
neg, 0.21384040301598448, fire(s4845)
neg, 0.06006447858345124, fire(s4432)
neg, 0.0879094138049569, fire(s6187)
neg, 0.21684164172154824, fire(s14624)
neg, 0.17861775556947473, fire(s6741)
neg, 0.22898988730260023, fire(s6494)
neg, 0.0658936748024855, fire(s6047)
neg, 0.13233009633533854, fire(s12212)
neg, 0.17696372561915596, fire(s3224)
neg, 0.1453801200692327, fire(s5158)
neg, 0.18486163394799407, fire(s3341)
neg, 0.32628707201654017, fire(s16281)
neg, 0.11692152182443213, fire(s7232)
neg, 0.06006447858345124, fire(s4430)
neg, 0.12409484528492297, fire(s16579)
neg, 0.0583912027339261, fire(s9361)
neg, 0.14299725922876433, fire(s10998)
neg, 0.061334072114936126, fire(s16141)
neg, 0.07139714975042956, fire(s17025)
neg, 0.3693578525166742, fire(s12647)
neg, 0.14013129572918562, fire(s12122)
neg, 0.2663741805258455, fire(s9009)
neg, 0.09554910232309428, fire(s5042)
neg, 0.42351468950104365, fire(s6630)
neg, 0.30599525843248804, fire(s7720)
neg, 0.07458198734842897, fire(s12716)
neg, 0.07466214512928546, fire(s8581)
neg, 0.085060313916385, fire(s496)
neg, 0.08230286000672084, fire(s16037)
neg, 0.13621578790433025, fire(s12407)
neg, 0.0583912027339261, fire(s11916)
neg, 0.061334072114936126, fire(s114)
neg, 0.0765564291910298, fire(s12226)
neg, 0.22693196935397666, fire(s3480)
neg, 0.30158605754495516, fire(s5681)
neg, 0.6170907360767003, fire(s9701)
neg, 0.09993678091453406, fire(s10026)
neg, 0.09493545964794746, fire(s8087)
neg, 0.06447309478375851, fire(s9796)
neg, 0.17001206879306696, fire(s11502)
neg, 0.061334072114936126, fire(s36)
neg, 0.3569365411078615, fire(s9565)
neg, 0.07573456783738157, fire(s13180)
neg, 0.07228288696336416, fire(s4486)
neg, 0.18274581364511605, fire(s2175)
neg, 0.3329126253907198, fire(s3778)
neg, 0.07573456783738157, fire(s13172)
neg, 0.3511883547563468, fire(s3985)
neg, 0.6170907360767003, fire(s3069)
neg, 0.5395620975709705, fire(s1462)
neg, 0.0583912027339261, fire(s10723)
neg, 0.0751047591276896, fire(s6551)
neg, 0.061334072114936126, fire(s14917)
neg, 0.18577784712622733, fire(s13635)
neg, 0.23442838869379556, fire(s14517)
neg, 0.061334072114936126, fire(s14909)
neg, 0.12518944827504522, fire(s12165)
neg, 0.06836804820823672, fire(s947)
neg, 0.058398358146879784, fire(s16260)
neg, 0.0583912027339261, fire(s5992)
neg, 0.061334072114936126, fire(s16)
neg, 0.5392271656027152, fire(s16584)
neg, 0.24743655476040405, fire(s11597)
neg, 0.5297430967056144, fire(s3567)
neg, 0.07139714975042956, fire(s17016)
neg, 0.061334072114936126, fire(s13313)
neg, 0.0583912027339261, fire(s9440)
neg, 0.12147776470109728, fire(s12623)
neg, 0.08965691716711198, fire(s14062)
neg, 0.18577784712622733, fire(s13602)
neg, 0.13233009633533854, fire(s12219)
neg, 0.29862267672947623, fire(s12646)
neg, 0.06750021378523459, fire(s14189)
neg, 0.37263536217252535, fire(s9560)
neg, 0.6271859514978801, fire(s15216)
neg, 0.08541409740670693, fire(s16531)
neg, 0.20354298005501387, fire(s12822)
neg, 0.0790080272687293, fire(s14061)
neg, 0.07013319935555172, fire(s8984)
neg, 0.061334072114936126, fire(s2833)
neg, 0.14886925845929522, fire(s12997)
neg, 0.061334072114936126, fire(s4308)
neg, 0.7972557941608616, fire(s13725)
neg, 0.08230286000672084, fire(s16043)
neg, 0.12224160236237262, fire(s15769)
neg, 0.07056477645240042, fire(s13080)
neg, 0.16302035903084958, fire(s1664)
neg, 0.7877336078983692, fire(s6411)
neg, 0.11369149558227401, fire(s4487)
neg, 0.061334072114936126, fire(s7566)
neg, 0.21440593727760276, fire(s16802)
neg, 0.4475226157786552, fire(s6964)
neg, 0.08053728848184062, fire(s4567)
neg, 0.07753267567003644, fire(s13765)
neg, 0.511966268240368, fire(s15261)
neg, 0.09993678091453406, fire(s10018)
neg, 0.3511883547563468, fire(s6156)
neg, 0.12810933061533783, fire(s1772)
neg, 0.5395620975709705, fire(s1460)
neg, 0.06750021378523459, fire(s14195)
neg, 0.2671527474372067, fire(s13721)
neg, 0.058398358146879784, fire(s7635)
neg, 0.07573456783738157, fire(s13150)
neg, 0.25831863381335013, fire(s14531)
neg, 0.200381869110286, fire(s14543)
neg, 0.5761005151198204, fire(s694)
neg, 0.6325083263698866, fire(s12803)
neg, 0.06434887828562928, fire(s2579)
neg, 0.0583912027339261, fire(s9407)
neg, 0.12654179127152457, fire(s14539)
neg, 0.13282100259369398, fire(s8462)
neg, 0.09993678091453406, fire(s9963)
neg, 0.09794306902276662, fire(s3606)
neg, 0.06008083760669147, fire(s2629)
neg, 0.07228288696336416, fire(s15091)
neg, 0.06695511062005417, fire(s14665)
neg, 0.2130411254728589, fire(s12369)
neg, 0.14394984513398654, fire(s12403)
neg, 0.08910949019966152, fire(s9951)
neg, 0.4192995711880763, fire(s6628)
neg, 0.06008083760669147, fire(s2630)
neg, 0.13837148935370294, fire(s2075)
neg, 0.07818395697297503, fire(s1992)
neg, 0.06008083760669147, fire(s2654)
neg, 0.0826054522953063, fire(s14122)
neg, 0.07056477645240042, fire(s13063)
neg, 0.1508220206566738, fire(s8482)
neg, 0.08541409740670693, fire(s16484)
neg, 0.1429688755442318, fire(s13706)
neg, 0.7254349240938995, fire(s8340)
neg, 0.061334072114936126, fire(s84)
neg, 0.07338960855100876, fire(s1109)
neg, 0.056922799358827006, fire(s14952)
neg, 0.34368215696993476, fire(s2435)
neg, 0.061334072114936126, fire(s11982)
neg, 0.8239331291684282, fire(s2286)
neg, 0.1574318864005817, fire(s6397)
neg, 0.18274581364511605, fire(s6214)
neg, 0.0984380156505867, fire(s14631)
neg, 0.06050582674045843, fire(s9657)
neg, 0.7493914184062402, fire(s6419)
neg, 0.07013319935555172, fire(s6831)
neg, 0.3511883547563468, fire(s3990)
neg, 0.07338960855100876, fire(s1083)
neg, 0.7682344956950079, fire(s7131)
neg, 0.05610908709821779, fire(s10576)
neg, 0.12179763137766282, fire(s8637)
neg, 0.09014477444449696, fire(s12505)
neg, 0.08766847308632342, fire(s14260)
neg, 0.5616796724654275, fire(s11440)
neg, 0.527817898417809, fire(s14245)
neg, 0.11857645388079296, fire(s8813)
neg, 0.056922799358827006, fire(s14964)
neg, 0.1495452274823443, fire(s4221)
neg, 0.18274581364511605, fire(s2174)
neg, 0.11572129866219727, fire(s4563)
neg, 0.05854943940466497, fire(s169)
neg, 0.06884736408545016, fire(s9624)
neg, 0.1155616571724515, fire(s920)
neg, 0.07056477645240042, fire(s13117)
neg, 0.18274581364511605, fire(s568)
neg, 0.07466214512928546, fire(s10109)
neg, 0.06740165936942838, fire(s1971)
neg, 0.1429688755442318, fire(s1577)
neg, 0.061334072114936126, fire(s14887)
neg, 0.08230286000672084, fire(s16020)
neg, 0.08541409740670693, fire(s7958)
neg, 0.06836804820823672, fire(s974)
neg, 0.0583912027339261, fire(s9364)
neg, 0.056922799358827006, fire(s2968)
neg, 0.2885341157279044, fire(s6498)
neg, 0.0583912027339261, fire(s11953)
neg, 0.1946892327430559, fire(s8651)
neg, 0.1429688755442318, fire(s1578)
neg, 0.19644520313454936, fire(s16752)
neg, 0.0919273995024594, fire(s9205)
neg, 0.5026875468888036, fire(s3412)
neg, 0.09262752934027545, fire(s12518)
neg, 0.0583912027339261, fire(s9363)
neg, 0.3511883547563468, fire(s2093)
neg, 0.09794306902276662, fire(s3640)
neg, 0.21385405574212962, fire(s4884)
neg, 0.16302035903084958, fire(s6262)
neg, 0.16302723413529582, fire(s12845)
neg, 0.16090375456402803, fire(s15334)
neg, 0.0893065322946776, fire(s17009)
neg, 0.08541409740670693, fire(s16388)
neg, 0.08324017051130815, fire(s8227)
neg, 0.20798618425690546, fire(s8157)
neg, 0.2072611326996454, fire(s13684)
neg, 0.09849642227163528, fire(s9241)
neg, 0.18486163394799407, fire(s3337)
neg, 0.061334072114936126, fire(s1284)
neg, 0.12334354209881196, fire(s11692)
neg, 0.0972748305589408, fire(s5747)
neg, 0.08541409740670693, fire(s251)
neg, 0.0583912027339261, fire(s5987)
neg, 0.5792909662185951, fire(s13880)
neg, 0.38383013228472607, fire(s8046)
neg, 0.07188089934493672, fire(s14743)
neg, 0.6271859514978801, fire(s12296)
neg, 0.06123359000214709, fire(s12728)
neg, 0.20354298005501387, fire(s8923)
neg, 0.2765197204410608, fire(s3870)
neg, 0.061334072114936126, fire(s47)
neg, 0.18274581364511605, fire(s544)
neg, 0.061334072114936126, fire(s2784)
neg, 0.09913013611756429, fire(s4361)
neg, 0.16540272383727214, fire(s6530)
neg, 0.1293010025620146, fire(s15750)
neg, 0.5792909662185951, fire(s7687)
neg, 0.09893109532901269, fire(s4557)
neg, 0.09893078313414096, fire(s9815)
neg, 0.07942629296290374, fire(s7183)
neg, 0.06750021378523459, fire(s2529)
neg, 0.32272894053107914, fire(s15401)
neg, 0.09913013611756429, fire(s4341)
neg, 0.3511883547563468, fire(s3988)
neg, 0.056922799358827006, fire(s14986)
neg, 0.18274581364511605, fire(s2162)
neg, 0.1922528760957437, fire(s15166)
neg, 0.1393824400774226, fire(s15366)
neg, 0.0658936748024855, fire(s6074)
neg, 0.058398358146879784, fire(s13397)
neg, 0.061334072114936126, fire(s136)
neg, 0.08276188780953395, fire(s459)
neg, 0.08806375439136571, fire(s3953)
neg, 0.07340521775641343, fire(s12547)
neg, 0.22693196935397666, fire(s3497)
neg, 0.05610908709821779, fire(s10564)
neg, 0.0767219220988122, fire(s15965)
neg, 0.07338960855100876, fire(s1126)
neg, 0.13183160763813084, fire(s11817)
neg, 0.42178848880602976, fire(s8525)
neg, 0.712330488691025, fire(s9862)
neg, 0.061334072114936126, fire(s1170)
neg, 0.06006447858345124, fire(s4462)
neg, 0.5552204217114214, fire(s12086)
neg, 0.5768568629713883, fire(s9576)
neg, 0.09551015956821979, fire(s15295)
neg, 0.23628009590151425, fire(s15424)
neg, 0.18274581364511605, fire(s2179)
neg, 0.1508220206566738, fire(s15147)
neg, 0.5395620975709705, fire(s1441)
neg, 0.08541409740670693, fire(s16332)
neg, 0.6215856096646603, fire(s9848)
neg, 0.1429688755442318, fire(s1583)
neg, 0.058398358146879784, fire(s7601)
neg, 0.061334072114936126, fire(s2871)
neg, 0.06820805155471853, fire(s15576)
neg, 0.20354298005501387, fire(s3750)
neg, 0.1393824400774226, fire(s6622)
neg, 0.09913013611756429, fire(s4371)
neg, 0.13183160763813084, fire(s11820)
neg, 0.08541409740670693, fire(s279)
neg, 0.29552199072752433, fire(s3551)
neg, 0.10418213408446912, fire(s5770)
neg, 0.08679274441449863, fire(s13817)
neg, 0.12738173952629428, fire(s203)
neg, 0.1495452274823443, fire(s2193)
neg, 0.0583912027339261, fire(s5988)
neg, 0.11369149558227401, fire(s4499)
neg, 0.08541409740670693, fire(s16355)
neg, 0.061334072114936126, fire(s13290)
neg, 0.19644520313454936, fire(s16764)
neg, 0.7341463584278883, fire(s6587)
neg, 0.0645358760200094, fire(s2679)
neg, 0.09794306902276662, fire(s3594)
neg, 0.152840832074898, fire(s8772)
neg, 0.05737006212433686, fire(s14422)
neg, 0.152840832074898, fire(s8776)
neg, 0.7254349240938995, fire(s7881)
neg, 0.5768568629713883, fire(s12141)
neg, 0.16302035903084958, fire(s3141)
neg, 0.14076061910378548, fire(s12266)
neg, 0.16302035903084958, fire(s6276)
neg, 0.06836804820823672, fire(s1018)
neg, 0.08762442458496437, fire(s2038)
neg, 0.09262752934027545, fire(s12509)
neg, 0.11960952791180088, fire(s903)
neg, 0.15184590947387927, fire(s6685)
neg, 0.16760400942197154, fire(s14521)
neg, 0.056922799358827006, fire(s10834)
neg, 0.07323139237974736, fire(s951)
neg, 0.29552199072752433, fire(s3555)
neg, 0.37965556570471054, fire(s5170)
neg, 0.697221425204737, fire(s3398)
neg, 0.23796675744049803, fire(s7759)
neg, 0.061334072114936126, fire(s1260)
neg, 0.07564703859729599, fire(s3817)
neg, 0.6674819373254566, fire(s4971)
neg, 0.06008083760669147, fire(s2648)
neg, 0.058398358146879784, fire(s4427)
neg, 0.08588517019958204, fire(s13835)
neg, 0.061334072114936126, fire(s1168)
neg, 0.22693196935397666, fire(s2398)
neg, 0.20354298005501387, fire(s8925)
neg, 0.07466214512928546, fire(s10142)
neg, 0.07013319935555172, fire(s6826)
neg, 0.22198047002618693, fire(s6758)
neg, 0.7254349240938995, fire(s4662)
neg, 0.2765197204410608, fire(s3885)
neg, 0.16090375456402803, fire(s15326)
neg, 0.0583912027339261, fire(s9420)
neg, 0.07139714975042956, fire(s439)
neg, 0.061334072114936126, fire(s1282)
neg, 0.0583912027339261, fire(s10713)
neg, 0.16302035903084958, fire(s3155)
neg, 0.08276188780953395, fire(s457)
neg, 0.38383013228472607, fire(s8039)
neg, 0.1516359222693658, fire(s6461)
neg, 0.0919273995024594, fire(s9228)
neg, 0.056922799358827006, fire(s14971)
neg, 0.09744674271648196, fire(s776)
neg, 0.07564703859729599, fire(s9673)
neg, 0.12810933061533783, fire(s8928)
neg, 0.06585792560059377, fire(s12437)
neg, 0.6170907360767003, fire(s9708)
neg, 0.08659488115201389, fire(s10043)
neg, 0.12810933061533783, fire(s6384)
neg, 0.20320184136072575, fire(s10060)
neg, 0.061334072114936126, fire(s14910)
neg, 0.40790743107223004, fire(s16282)
neg, 0.12334354209881196, fire(s11686)
neg, 0.19644520313454936, fire(s6919)
neg, 0.06951272659029642, fire(s12466)
neg, 0.3511883547563468, fire(s2106)
neg, 0.07753267567003644, fire(s13762)
neg, 0.07942629296290374, fire(s7186)
neg, 0.08806375439136571, fire(s3976)
neg, 0.0751047591276896, fire(s6562)
neg, 0.08230286000672084, fire(s16055)
neg, 0.061334072114936126, fire(s2803)
neg, 0.08588517019958204, fire(s1413)
neg, 0.313128150923461, fire(s6132)
neg, 0.1266250459623128, fire(s9331)
neg, 0.18259427468915565, fire(s11014)
neg, 0.7646194430739276, fire(s7986)
neg, 0.7727242878838629, fire(s4597)
neg, 0.6170907360767003, fire(s308)
neg, 0.06447309478375851, fire(s12768)
neg, 0.06123359000214709, fire(s12732)
neg, 0.12717381308641118, fire(s11250)
neg, 0.061334072114936126, fire(s14859)
neg, 0.08867665449851435, fire(s6647)
neg, 0.313128150923461, fire(s6130)
neg, 0.05854943940466497, fire(s8968)
neg, 0.095671115127813, fire(s14283)
neg, 0.09794306902276662, fire(s3589)
neg, 0.09234589896765333, fire(s6086)
neg, 0.06695511062005417, fire(s14702)
neg, 0.058398358146879784, fire(s4407)
neg, 0.061334072114936126, fire(s7534)
neg, 0.09311515276414152, fire(s14286)
neg, 0.05854943940466497, fire(s17128)
neg, 0.6271859514978801, fire(s7731)
neg, 0.09234589896765333, fire(s6084)
neg, 0.3493745951673454, fire(s13889)
neg, 0.1677090926861088, fire(s11838)
neg, 0.7460734095262237, fire(s12044)
neg, 0.1717168521990437, fire(s15175)
neg, 0.2199328013277759, fire(s11035)
neg, 0.06820805155471853, fire(s15569)
neg, 0.1922528760957437, fire(s5444)
neg, 0.11369149558227401, fire(s4502)
neg, 0.17696372561915596, fire(s3297)
neg, 0.061334072114936126, fire(s1275)
neg, 0.18458593473298976, fire(s10417)
neg, 0.06951272659029642, fire(s12474)
neg, 0.07573456783738157, fire(s13164)
neg, 0.1516359222693658, fire(s6460)
neg, 0.061334072114936126, fire(s120)
neg, 0.0583912027339261, fire(s14844)
neg, 0.08230286000672084, fire(s16070)
neg, 0.09493545964794746, fire(s8078)
neg, 0.5792909662185951, fire(s15040)
neg, 0.28470972702348657, fire(s5606)
neg, 0.0645585211188497, fire(s14798)
neg, 0.061334072114936126, fire(s13343)
neg, 0.07549608424597579, fire(s1839)
neg, 0.26209414414144566, fire(s12319)
neg, 0.061334072114936126, fire(s11989)
neg, 0.40713268475942, fire(s11542)
neg, 0.06050582674045843, fire(s9658)
neg, 0.09262752934027545, fire(s12508)
neg, 0.0583912027339261, fire(s11875)
neg, 0.07161091970489246, fire(s9789)
neg, 0.06050582674045843, fire(s9663)
neg, 0.28332721516175163, fire(s5318)
neg, 0.06008083760669147, fire(s2660)
neg, 0.13337942696915764, fire(s396)
neg, 0.21384040301598448, fire(s4668)
neg, 0.05624787828939851, fire(s16958)
neg, 0.40580465277206923, fire(s754)
neg, 0.38383013228472607, fire(s8056)
neg, 0.17567778651906332, fire(s3895)
neg, 0.6280233578893214, fire(s2493)
neg, 0.0583912027339261, fire(s10738)
neg, 0.23796675744049803, fire(s7749)
neg, 0.06951272659029642, fire(s12452)
neg, 0.573626996706895, fire(s12145)
neg, 0.0658936748024855, fire(s6054)
neg, 0.1516359222693658, fire(s1543)
neg, 0.08541409740670693, fire(s16467)
neg, 0.17929326763175088, fire(s8164)
neg, 0.1393824400774226, fire(s15364)
neg, 0.6093923582597468, fire(s10873)
neg, 0.0583912027339261, fire(s11975)
neg, 0.16302723413529582, fire(s12829)
neg, 0.061334072114936126, fire(s16227)
neg, 0.38383013228472607, fire(s8059)
neg, 0.7862009078138877, fire(s6733)
neg, 0.34368215696993476, fire(s2431)
neg, 0.060288507695985434, fire(s10656)
neg, 0.24743655476040405, fire(s10492)
neg, 0.1495452274823443, fire(s4153)
neg, 0.20354298005501387, fire(s7077)
neg, 0.15919634617607642, fire(s1742)
neg, 0.06365529392881211, fire(s7375)
neg, 0.061334072114936126, fire(s12024)
neg, 0.1775982681760436, fire(s1522)
neg, 0.345566955011766, fire(s9128)
neg, 0.0583912027339261, fire(s11858)
neg, 0.14010070751723291, fire(s4103)
neg, 0.07716395708492335, fire(s10445)
neg, 0.17696372561915596, fire(s3206)
neg, 0.07013319935555172, fire(s6846)
neg, 0.18577784712622733, fire(s10258)
neg, 0.2901577196580077, fire(s10353)
neg, 0.08726194787366863, fire(s5076)
neg, 0.061334072114936126, fire(s34)
neg, 0.07366206105069315, fire(s11307)
neg, 0.06901511376743427, fire(s12440)
neg, 0.061334072114936126, fire(s4293)
neg, 0.5792909662185951, fire(s15124)
neg, 0.21385405574212962, fire(s7825)
neg, 0.17038789608187285, fire(s9519)
neg, 0.06365529392881211, fire(s7385)
neg, 0.24773373235933166, fire(s9890)
neg, 0.1495452274823443, fire(s4199)
neg, 0.05854943940466497, fire(s1384)
neg, 0.0583912027339261, fire(s9352)
neg, 0.07013319935555172, fire(s6825)
neg, 0.4381447357397818, fire(s12654)
neg, 0.0645358760200094, fire(s2727)
neg, 0.06836804820823672, fire(s987)
neg, 0.17696372561915596, fire(s3277)
neg, 0.2053778110229426, fire(s12110)
neg, 0.08541409740670693, fire(s17186)
neg, 0.09014477444449696, fire(s5274)
neg, 0.16302035903084958, fire(s3830)
neg, 0.061334072114936126, fire(s16114)
neg, 0.16302723413529582, fire(s12837)
neg, 0.28729876659994835, fire(s5580)
neg, 0.13188550521060913, fire(s10301)
neg, 0.1288338753743269, fire(s8658)
neg, 0.061334072114936126, fire(s112)
neg, 0.06365529392881211, fire(s7417)
neg, 0.06569670364447533, fire(s1816)
neg, 0.13337942696915764, fire(s1902)
neg, 0.0658936748024855, fire(s6006)
neg, 0.0643786550096277, fire(s7036)
neg, 0.07338960855100876, fire(s1059)
neg, 0.1495452274823443, fire(s4156)
neg, 0.0643786550096277, fire(s7018)
neg, 0.128269190028236, fire(s12795)
neg, 0.32272894053107914, fire(s6725)
neg, 0.08867903063321506, fire(s5864)
neg, 0.25923182454303934, fire(s5622)
neg, 0.18282057446358027, fire(s6877)
neg, 0.6170907360767003, fire(s3072)
neg, 0.7353516833754961, fire(s14990)
neg, 0.7682344956950079, fire(s16817)
neg, 0.16113933910803152, fire(s1498)
neg, 0.7682344956950079, fire(s16828)
neg, 0.2276892057343236, fire(s10410)
neg, 0.10034328775216607, fire(s11451)
neg, 0.12717381308641118, fire(s11251)
neg, 0.2765197204410608, fire(s3882)
neg, 0.26209414414144566, fire(s8364)
neg, 0.5263768178301115, fire(s9548)
neg, 0.08230286000672084, fire(s3915)
neg, 0.0583912027339261, fire(s10688)
neg, 0.0684567954296748, fire(s8997)
neg, 0.26209414414144566, fire(s8359)
neg, 0.13113929769644342, fire(s12486)
neg, 0.061334072114936126, fire(s12003)
neg, 0.08197221346370133, fire(s422)
neg, 0.20320184136072575, fire(s10063)
neg, 0.40713268475942, fire(s11539)
neg, 0.061334072114936126, fire(s2804)
neg, 0.12334354209881196, fire(s11687)
neg, 0.08541409740670693, fire(s17199)
neg, 0.061334072114936126, fire(s13225)
neg, 0.6170907360767003, fire(s6325)
neg, 0.15919634617607642, fire(s1706)
neg, 0.10418213408446912, fire(s5830)
neg, 0.07228288696336416, fire(s5509)
neg, 0.07053612959744403, fire(s880)
neg, 0.1922528760957437, fire(s6532)
neg, 0.21960310463169355, fire(s6671)
neg, 0.0645358760200094, fire(s2696)
neg, 0.1717168521990437, fire(s13502)
neg, 0.23628009590151425, fire(s6937)
neg, 0.06008083760669147, fire(s2655)
neg, 0.0583912027339261, fire(s14812)
neg, 0.6170907360767003, fire(s13697)
neg, 0.18577784712622733, fire(s3366)
neg, 0.18274581364511605, fire(s3123)
neg, 0.08541409740670693, fire(s16460)
neg, 0.06157004504601847, fire(s646)
neg, 0.1256013764591881, fire(s1612)
neg, 0.0684567954296748, fire(s13927)
neg, 0.0684567954296748, fire(s4547)
neg, 0.23628009590151425, fire(s6939)
neg, 0.23628009590151425, fire(s4858)
neg, 0.07416864389420236, fire(s16651)
neg, 0.16531412296866047, fire(s10339)
neg, 0.0645358760200094, fire(s5196)
neg, 0.5792909662185951, fire(s3261)
neg, 0.1266250459623128, fire(s9334)
neg, 0.3329126253907198, fire(s4733)
neg, 0.09744674271648196, fire(s822)
neg, 0.07323139237974736, fire(s2625)
neg, 0.10034328775216607, fire(s11448)
neg, 0.0658936748024855, fire(s6030)
neg, 0.13183160763813084, fire(s11806)
neg, 0.0645358760200094, fire(s5200)
neg, 0.6271859514978801, fire(s7730)
neg, 0.1269041313871867, fire(s11368)
neg, 0.25446378329152763, fire(s13456)
neg, 0.09156660101588004, fire(s14162)
neg, 0.15919634617607642, fire(s1729)
neg, 0.08923745847257081, fire(s15648)
neg, 0.09234589896765333, fire(s6082)
neg, 0.1922528760957437, fire(s11064)
neg, 0.1495452274823443, fire(s4180)
neg, 0.13282100259369398, fire(s8455)
neg, 0.07562958882996872, fire(s5073)
neg, 0.6271859514978801, fire(s12295)
neg, 0.1508220206566738, fire(s15143)
neg, 0.0643786550096277, fire(s7020)
neg, 0.13524799569767496, fire(s16403)
neg, 0.13053010659807854, fire(s16879)
neg, 0.060288507695985434, fire(s10602)
neg, 0.0919273995024594, fire(s9217)
neg, 0.0583912027339261, fire(s9448)
neg, 0.7549656952086962, fire(s17082)
neg, 0.061334072114936126, fire(s7518)
neg, 0.08541409740670693, fire(s16522)
neg, 0.4031822645747735, fire(s12502)
neg, 0.08762442458496437, fire(s689)
neg, 0.7682344956950079, fire(s16813)
neg, 0.5263768178301115, fire(s9555)
neg, 0.05854943940466497, fire(s17150)
neg, 0.07900828210618363, fire(s6867)
neg, 0.061334072114936126, fire(s16105)
neg, 0.22693196935397666, fire(s2394)
neg, 0.06750021378523459, fire(s2538)
neg, 0.12224160236237262, fire(s15768)
neg, 0.07340521775641343, fire(s510)
neg, 0.14299725922876433, fire(s10991)
neg, 0.061334072114936126, fire(s7493)
neg, 0.14299725922876433, fire(s10981)
neg, 0.061334072114936126, fire(s104)
neg, 0.061334072114936126, fire(s1242)
neg, 0.16113933910803152, fire(s1473)
neg, 0.0790080272687293, fire(s12792)
neg, 0.511966268240368, fire(s15272)
neg, 0.0751047591276896, fire(s6550)
neg, 0.10818373218411427, fire(s8266)
neg, 0.6763730727351024, fire(s14116)
neg, 0.19644520313454936, fire(s6904)
neg, 0.08762442458496437, fire(s683)
neg, 0.08923745847257081, fire(s12686)
neg, 0.1266250459623128, fire(s9332)
neg, 0.152840832074898, fire(s8777)
neg, 0.08324017051130815, fire(s8232)
neg, 0.1516359222693658, fire(s1550)
neg, 0.061334072114936126, fire(s13246)
neg, 0.670340190612772, fire(s15232)
neg, 0.07900828210618363, fire(s6859)
neg, 0.6271859514978801, fire(s15224)
neg, 0.6170907360767003, fire(s3862)
neg, 0.16302035903084958, fire(s3133)
neg, 0.17038789608187285, fire(s9476)
neg, 0.8239331291684282, fire(s577)
neg, 0.08588517019958204, fire(s13837)
neg, 0.3329126253907198, fire(s4720)
neg, 0.0583912027339261, fire(s9367)
neg, 0.14299725922876433, fire(s5398)
neg, 0.22693196935397666, fire(s3511)
neg, 0.06951272659029642, fire(s12471)
neg, 0.06365529392881211, fire(s7412)
neg, 0.09744674271648196, fire(s800)
neg, 0.1922528760957437, fire(s13414)
neg, 0.14299725922876433, fire(s15045)
neg, 0.22693196935397666, fire(s3498)
neg, 0.1516359222693658, fire(s2303)
neg, 0.07818395697297503, fire(s2014)
neg, 0.06365529392881211, fire(s7407)
neg, 0.47251042018646855, fire(s4029)
neg, 0.1717168521990437, fire(s13478)
neg, 0.1574318864005817, fire(s350)
neg, 0.0685888409273128, fire(s16928)
neg, 0.07785483610608779, fire(s770)
neg, 0.07139714975042956, fire(s17039)
neg, 0.5792909662185951, fire(s3254)
neg, 0.06775825028172158, fire(s11134)
neg, 0.061334072114936126, fire(s4282)
neg, 0.2663741805258455, fire(s4537)
neg, 0.12147776470109728, fire(s10100)
neg, 0.13524799569767496, fire(s9749)
neg, 0.061334072114936126, fire(s7557)
neg, 0.0821061544460039, fire(s14508)
neg, 0.07590787339694148, fire(s12779)
neg, 0.056922799358827006, fire(s10865)
neg, 0.14083928427265968, fire(s909)
neg, 0.06820805155471853, fire(s14499)
neg, 0.7460734095262237, fire(s12040)
neg, 0.07840053128403916, fire(s5475)
neg, 0.08541409740670693, fire(s16373)
neg, 0.18274581364511605, fire(s13826)
neg, 0.13524799569767496, fire(s6370)
neg, 0.20354298005501387, fire(s3737)
neg, 0.21971888374085605, fire(s8628)
neg, 0.0583912027339261, fire(s5871)
neg, 0.0658936748024855, fire(s6017)
neg, 0.09744674271648196, fire(s803)
neg, 0.3511883547563468, fire(s2107)
neg, 0.07228288696336416, fire(s15094)
neg, 0.061334072114936126, fire(s1227)
neg, 0.1677090926861088, fire(s11837)
neg, 0.8052505200619181, fire(s7799)
neg, 0.11857645388079296, fire(s8812)
neg, 0.08230286000672084, fire(s14374)
neg, 0.0821061544460039, fire(s16290)
neg, 0.07416864389420236, fire(s16663)
neg, 0.24743655476040405, fire(s10481)
neg, 0.16302723413529582, fire(s12839)
neg, 0.2053778110229426, fire(s12101)
neg, 0.16302035903084958, fire(s563)
neg, 0.0763960867399529, fire(s12710)
neg, 0.7682344956950079, fire(s16806)
neg, 0.056922799358827006, fire(s14961)
neg, 0.061334072114936126, fire(s16216)
neg, 0.4031822645747735, fire(s12496)
neg, 0.18458593473298976, fire(s10419)
neg, 0.0583912027339261, fire(s11930)
neg, 0.10418213408446912, fire(s5790)
neg, 0.07228288696336416, fire(s15093)
neg, 0.28072251200833287, fire(s5685)
neg, 0.13113929769644342, fire(s5343)
neg, 0.07466214512928546, fire(s10112)
neg, 0.20354298005501387, fire(s7092)
neg, 0.07188089934493672, fire(s14711)
neg, 0.061334072114936126, fire(s2873)
neg, 0.16302723413529582, fire(s12400)
neg, 0.13621578790433025, fire(s15849)
neg, 0.14010070751723291, fire(s4114)
neg, 0.17696372561915596, fire(s14391)
neg, 0.41697224043432257, fire(s5102)
neg, 0.18274581364511605, fire(s6209)
neg, 0.0583912027339261, fire(s14839)
neg, 0.058398358146879784, fire(s7629)
neg, 0.0685888409273128, fire(s16918)
neg, 0.670340190612772, fire(s15228)
neg, 0.30158605754495516, fire(s5677)
neg, 0.18274581364511605, fire(s2272)
neg, 0.41697224043432257, fire(s5100)
neg, 0.0583912027339261, fire(s9341)
neg, 0.13524799569767496, fire(s6364)
neg, 0.09893109532901269, fire(s13929)
neg, 0.061334072114936126, fire(s1268)
neg, 0.10818373218411427, fire(s12611)
neg, 0.08541409740670693, fire(s16369)
neg, 0.14299725922876433, fire(s10984)
neg, 0.33784133931913435, fire(s5311)
neg, 0.08230286000672084, fire(s16044)
neg, 0.07416864389420236, fire(s16667)
neg, 0.05610908709821779, fire(s10558)
neg, 0.06006447858345124, fire(s4448)
neg, 0.670340190612772, fire(s7847)
neg, 0.061334072114936126, fire(s14875)
neg, 0.06123359000214709, fire(s12719)
neg, 0.0643786550096277, fire(s15087)
neg, 0.0645358760200094, fire(s656)
neg, 0.17861775556947473, fire(s6745)
neg, 0.09234589896765333, fire(s6092)
neg, 0.061334072114936126, fire(s13326)
neg, 0.0767219220988122, fire(s15936)
neg, 0.670340190612772, fire(s3470)
neg, 0.07228288696336416, fire(s4483)
neg, 0.0583912027339261, fire(s10756)
neg, 0.07462694114663754, fire(s14328)
neg, 0.10741451071891481, fire(s14314)
neg, 0.16302035903084958, fire(s6278)
neg, 0.17696372561915596, fire(s3298)
neg, 0.7460734095262237, fire(s12076)
neg, 0.06901511376743427, fire(s12444)
neg, 0.17038789608187285, fire(s9480)
neg, 0.12224160236237262, fire(s15773)
neg, 0.05854943940466497, fire(s187)
neg, 0.0893065322946776, fire(s17008)
neg, 0.12224160236237262, fire(s14571)
neg, 0.6170907360767003, fire(s3015)
neg, 0.09993678091453406, fire(s10030)
neg, 0.08230286000672084, fire(s14370)
neg, 0.1574318864005817, fire(s3090)
neg, 0.16302035903084958, fire(s3826)
neg, 0.0744596393458425, fire(s14043)
neg, 0.07013319935555172, fire(s6848)
neg, 0.32272894053107914, fire(s6634)
neg, 0.07900828210618363, fire(s6858)
neg, 0.0583912027339261, fire(s11856)
neg, 0.45978404254727195, fire(s5624)
neg, 0.40196316840791046, fire(s8831)
neg, 0.060288507695985434, fire(s10603)
neg, 0.23628009590151425, fire(s8286)
neg, 0.08053728848184062, fire(s6854)
neg, 0.06006447858345124, fire(s4449)
neg, 0.061334072114936126, fire(s12033)
neg, 0.06006447858345124, fire(s4464)
neg, 0.34801037374818283, fire(s7059)
neg, 0.10612306003530846, fire(s717)
neg, 0.11369149558227401, fire(s4497)
neg, 0.1516359222693658, fire(s6459)
neg, 0.061334072114936126, fire(s4306)
neg, 0.06836804820823672, fire(s1002)
neg, 0.17038789608187285, fire(s9517)
neg, 0.061334072114936126, fire(s1267)
neg, 0.7931208729402117, fire(s6506)
neg, 0.11146862851183344, fire(s8088)
neg, 0.1495452274823443, fire(s4152)
neg, 0.05854943940466497, fire(s225)
neg, 0.1574318864005817, fire(s592)
neg, 0.11369149558227401, fire(s12189)
neg, 0.08588517019958204, fire(s1414)
neg, 0.14886925845929522, fire(s12996)
neg, 0.061334072114936126, fire(s4276)
neg, 0.06695511062005417, fire(s14653)
neg, 0.18577784712622733, fire(s3371)
neg, 0.39672568925934953, fire(s13038)
neg, 0.12334354209881196, fire(s11713)
neg, 0.07400346719802364, fire(s16089)
neg, 0.10418213408446912, fire(s5792)
neg, 0.09987951705648504, fire(s2501)
neg, 0.23628009590151425, fire(s4849)
neg, 0.18458593473298976, fire(s10429)
neg, 0.06365529392881211, fire(s7431)
neg, 0.1574318864005817, fire(s612)
neg, 0.1290510131902217, fire(s5161)
neg, 0.2051416047265316, fire(s13402)
neg, 0.16087748026825607, fire(s10316)
neg, 0.07843183457427481, fire(s12915)
neg, 0.10061685195072072, fire(s3654)
neg, 0.12810933061533783, fire(s1778)
neg, 0.07466214512928546, fire(s10108)
neg, 0.6311106255850137, fire(s8060)
neg, 0.5382083791023704, fire(s15114)
neg, 0.1922528760957437, fire(s15108)
neg, 0.09744674271648196, fire(s780)
neg, 0.12810933061533783, fire(s8927)
neg, 0.08541409740670693, fire(s16523)
neg, 0.07573456783738157, fire(s13162)
neg, 0.061334072114936126, fire(s1238)
neg, 0.40790743107223004, fire(s16283)
neg, 0.26209414414144566, fire(s4939)
neg, 0.08541409740670693, fire(s16328)
neg, 0.08276188780953395, fire(s475)
neg, 0.6170907360767003, fire(s1910)
neg, 0.17038789608187285, fire(s9479)
neg, 0.11369149558227401, fire(s11494)
neg, 0.17038789608187285, fire(s6001)
neg, 0.7086012655020973, fire(s6593)
neg, 0.06836804820823672, fire(s1025)
neg, 0.6170907360767003, fire(s2329)
neg, 0.22898988730260023, fire(s6486)
neg, 0.09987951705648504, fire(s2503)
neg, 0.061334072114936126, fire(s7491)
neg, 0.0706271550027303, fire(s954)
neg, 0.14565645109545047, fire(s15847)
neg, 0.5766653218639309, fire(s4787)
neg, 0.09682166205641542, fire(s5217)
neg, 0.07213812189764168, fire(s8236)
neg, 0.08588517019958204, fire(s1402)
neg, 0.3432993400535622, fire(s7063)
neg, 0.14450664885833822, fire(s6709)
neg, 0.10686201869124803, fire(s12609)
neg, 0.07245791622483777, fire(s3944)
neg, 0.755065645409453, fire(s6574)
neg, 0.06006447858345124, fire(s7643)
neg, 0.06695511062005417, fire(s14690)
neg, 0.06775825028172158, fire(s11162)
neg, 0.061334072114936126, fire(s4260)
neg, 0.08541409740670693, fire(s16325)
neg, 0.056922799358827006, fire(s16572)
neg, 0.2901577196580077, fire(s10350)
neg, 0.5932718892533156, fire(s8730)
neg, 0.1516359222693658, fire(s2291)
neg, 0.25446378329152763, fire(s13465)
neg, 0.0583912027339261, fire(s9374)
neg, 0.15919634617607642, fire(s1734)
neg, 0.13024037486328352, fire(s6881)
neg, 0.7493914184062402, fire(s6435)
neg, 0.056922799358827006, fire(s1324)
neg, 0.09913013611756429, fire(s4343)
neg, 0.3329126253907198, fire(s4739)
neg, 0.20320184136072575, fire(s10061)
neg, 0.15295275669769848, fire(s7580)
neg, 0.060546945547339526, fire(s14301)
neg, 0.3329126253907198, fire(s4734)
neg, 0.0583912027339261, fire(s5914)
neg, 0.5395620975709705, fire(s1445)
neg, 0.07338960855100876, fire(s1060)
neg, 0.061334072114936126, fire(s1182)
neg, 0.0645358760200094, fire(s5207)
neg, 0.07338960855100876, fire(s1099)
neg, 0.11369149558227401, fire(s11492)
neg, 0.1508220206566738, fire(s15149)
neg, 0.06569670364447533, fire(s1820)
neg, 0.31418765783529357, fire(s3313)
neg, 0.05925719317878675, fire(s7297)
neg, 0.05711927474651237, fire(s7441)
neg, 0.0583912027339261, fire(s5979)
neg, 0.1495452274823443, fire(s2230)
neg, 0.22693196935397666, fire(s3500)
neg, 0.23628009590151425, fire(s13672)
neg, 0.13183160763813084, fire(s11748)
neg, 0.061334072114936126, fire(s10784)
neg, 0.16531412296866047, fire(s10338)
neg, 0.4404347014067408, fire(s9612)
neg, 0.14010070751723291, fire(s4144)
neg, 0.1495452274823443, fire(s2221)
neg, 0.1256013764591881, fire(s1608)
neg, 0.061334072114936126, fire(s7551)
neg, 0.06035014772305607, fire(s6677)
neg, 0.1922528760957437, fire(s15163)
neg, 0.16302035903084958, fire(s1669)
neg, 0.061334072114936126, fire(s16214)
neg, 0.34871177927492103, fire(s5300)
neg, 0.15919634617607642, fire(s1709)
neg, 0.6170907360767003, fire(s337)
neg, 0.061334072114936126, fire(s4283)
neg, 0.14299725922876433, fire(s8500)
neg, 0.07258236471938913, fire(s3754)
neg, 0.06740165936942838, fire(s3802)
neg, 0.07228288696336416, fire(s7045)
neg, 0.08455176713494157, fire(s12325)
neg, 0.7254349240938995, fire(s8341)
neg, 0.0767219220988122, fire(s15995)
neg, 0.061334072114936126, fire(s7480)
neg, 0.11208220230960769, fire(s11533)
neg, 0.1717168521990437, fire(s13495)
neg, 0.0744596393458425, fire(s7168)
neg, 0.08541409740670693, fire(s268)
neg, 0.0707563033333563, fire(s8262)
neg, 0.06951272659029642, fire(s12447)
neg, 0.2053778110229426, fire(s12106)
neg, 0.061334072114936126, fire(s2780)
neg, 0.11679631067097751, fire(s3788)
neg, 0.15919634617607642, fire(s6333)
neg, 0.22564157729127934, fire(s11236)
neg, 0.7682344956950079, fire(s16810)
neg, 0.0583912027339261, fire(s9383)
neg, 0.20320184136072575, fire(s10068)
neg, 0.061334072114936126, fire(s132)
neg, 0.5773137042626196, fire(s16643)
neg, 0.16302035903084958, fire(s3832)
neg, 0.20354298005501387, fire(s8909)
neg, 0.1522769187299872, fire(s5361)
neg, 0.1495452274823443, fire(s2246)
neg, 0.30513138845285165, fire(s11527)
neg, 0.12334354209881196, fire(s11707)
neg, 0.07573456783738157, fire(s13206)
neg, 0.07338960855100876, fire(s1107)
neg, 0.24743655476040405, fire(s5667)
neg, 0.5297430967056144, fire(s3566)
neg, 0.11360650166270288, fire(s12356)
neg, 0.13524799569767496, fire(s7924)
neg, 0.07573456783738157, fire(s13152)
neg, 0.09795428389993999, fire(s11147)
neg, 0.060288507695985434, fire(s10588)
neg, 0.07338960855100876, fire(s5154)
neg, 0.5297430967056144, fire(s3572)
neg, 0.06775825028172158, fire(s11161)
neg, 0.5382083791023704, fire(s3252)
neg, 0.0658936748024855, fire(s6012)
neg, 0.16090375456402803, fire(s15319)
neg, 0.061334072114936126, fire(s111)
neg, 0.05791503261717743, fire(s2619)
neg, 0.07458198734842897, fire(s15668)
neg, 0.0645358760200094, fire(s2700)
neg, 0.22693196935397666, fire(s3512)
neg, 0.1741119577800601, fire(s8785)
neg, 0.18577784712622733, fire(s13629)
neg, 0.13024037486328352, fire(s3356)
neg, 0.6501130638794728, fire(s14998)
neg, 0.06139374596703051, fire(s9931)
neg, 0.6968716829519638, fire(s12376)
neg, 0.25446378329152763, fire(s13875)
neg, 0.1597204706240298, fire(s5674)
neg, 0.07338960855100876, fire(s1048)
neg, 0.6998228677788122, fire(s14486)
neg, 0.3511883547563468, fire(s2085)
neg, 0.7727242878838629, fire(s4596)
neg, 0.11369149558227401, fire(s4490)
neg, 0.061334072114936126, fire(s96)
neg, 0.5792909662185951, fire(s15120)
neg, 0.3015898946270355, fire(s7069)
neg, 0.1597204706240298, fire(s10490)
neg, 0.05854943940466497, fire(s222)
neg, 0.08228084377785504, fire(s5059)
neg, 0.061334072114936126, fire(s60)
neg, 0.061334072114936126, fire(s16131)
neg, 0.0645358760200094, fire(s2741)
neg, 0.21384040301598448, fire(s3439)
neg, 0.6271859514978801, fire(s15217)
neg, 0.08230286000672084, fire(s16039)
neg, 0.0744596393458425, fire(s7163)
neg, 0.06399016476940095, fire(s6674)
neg, 0.5792909662185951, fire(s7703)
neg, 0.085060313916385, fire(s492)
neg, 0.07573456783738157, fire(s13187)
neg, 0.5729440559737087, fire(s3997)
neg, 0.38383013228472607, fire(s15257)
neg, 0.17696372561915596, fire(s3200)
neg, 0.12717381308641118, fire(s11246)
neg, 0.23628009590151425, fire(s6934)
neg, 0.128269190028236, fire(s12364)
neg, 0.05854943940466497, fire(s8971)
neg, 0.0658936748024855, fire(s6009)
neg, 0.08197221346370133, fire(s424)
neg, 0.14010070751723291, fire(s4095)
neg, 0.1508220206566738, fire(s15146)
neg, 0.06750021378523459, fire(s2547)
neg, 0.18056360855804654, fire(s13732)
neg, 0.4905895292090107, fire(s8826)
neg, 0.6642478929055821, fire(s6811)
neg, 0.1717168521990437, fire(s13504)
neg, 0.058398358146879784, fire(s16259)
neg, 0.1516359222693658, fire(s6465)
neg, 0.26209414414144566, fire(s7145)
neg, 0.18577784712622733, fire(s8284)
neg, 0.0767219220988122, fire(s15953)
neg, 0.1574318864005817, fire(s347)
neg, 0.13337942696915764, fire(s1905)
neg, 0.06802070567537905, fire(s875)
neg, 0.13837148935370294, fire(s2129)
neg, 0.061334072114936126, fire(s4333)
neg, 0.06157004504601847, fire(s648)
neg, 0.056922799358827006, fire(s1369)
neg, 0.0583912027339261, fire(s9463)
neg, 0.11157704664969967, fire(s8090)
neg, 0.12804595596205293, fire(s9130)
neg, 0.712330488691025, fire(s9858)
neg, 0.21385405574212962, fire(s4899)
neg, 0.3493745951673454, fire(s13890)
neg, 0.061334072114936126, fire(s7543)
neg, 0.06365529392881211, fire(s7361)
neg, 0.17038789608187285, fire(s9523)
neg, 0.22898988730260023, fire(s6484)
neg, 0.1495452274823443, fire(s4192)
neg, 0.12334354209881196, fire(s11703)
neg, 0.1429688755442318, fire(s13705)
neg, 0.17038789608187285, fire(s9477)
neg, 0.061334072114936126, fire(s16140)
neg, 0.061334072114936126, fire(s13292)
neg, 0.061334072114936126, fire(s2912)
neg, 0.23628009590151425, fire(s8875)
neg, 0.18274581364511605, fire(s2183)
neg, 0.17001206879306696, fire(s11500)
neg, 0.6311106255850137, fire(s8061)
neg, 0.1946892327430559, fire(s8647)
neg, 0.7254349240938995, fire(s8345)
neg, 0.056922799358827006, fire(s16573)
neg, 0.1574318864005817, fire(s352)
neg, 0.17861775556947473, fire(s6752)
neg, 0.0583912027339261, fire(s5937)
neg, 0.05854943940466497, fire(s8951)
neg, 0.17696372561915596, fire(s3225)
neg, 0.11875479217692764, fire(s8182)
neg, 0.07466214512928546, fire(s8573)
neg, 0.3916348654674407, fire(s11405)
neg, 0.0754149778764935, fire(s12932)
neg, 0.11875479217692764, fire(s8188)
neg, 0.6170907360767003, fire(s6287)
neg, 0.670340190612772, fire(s4913)
neg, 0.07840053128403916, fire(s5482)
neg, 0.061334072114936126, fire(s2859)
neg, 0.07840053128403916, fire(s5474)
neg, 0.12427835327021462, fire(s4030)
neg, 0.0583912027339261, fire(s9339)
neg, 0.07549608424597579, fire(s1847)
neg, 0.061334072114936126, fire(s2817)
neg, 0.0583912027339261, fire(s11943)
neg, 0.08230286000672084, fire(s16036)
neg, 0.5773137042626196, fire(s16632)
neg, 0.08867903063321506, fire(s5862)
neg, 0.061334072114936126, fire(s1251)
neg, 0.1516359222693658, fire(s1544)
neg, 0.061334072114936126, fire(s16218)
neg, 0.07055899782517333, fire(s11481)
neg, 0.07843183457427481, fire(s12913)
neg, 0.1495452274823443, fire(s4231)
neg, 0.7254349240938995, fire(s7879)
neg, 0.5773137042626196, fire(s16637)
neg, 0.3511883547563468, fire(s2083)
neg, 0.0658936748024855, fire(s6052)
neg, 0.13024037486328352, fire(s6883)
neg, 0.14394984513398654, fire(s12405)
neg, 0.37273258521450087, fire(s15796)
neg, 0.5395620975709705, fire(s1437)
neg, 0.061334072114936126, fire(s4251)
neg, 0.34216357471536496, fire(s17085)
neg, 0.1495452274823443, fire(s4228)
neg, 0.15295275669769848, fire(s7587)
neg, 0.5263635206847243, fire(s9599)
neg, 0.061334072114936126, fire(s1295)
neg, 0.3511883547563468, fire(s6158)
neg, 0.08276188780953395, fire(s452)
neg, 0.1574318864005817, fire(s588)
neg, 0.3511883547563468, fire(s2094)
neg, 0.061334072114936126, fire(s10790)
neg, 0.11369149558227401, fire(s12186)
neg, 0.1256013764591881, fire(s1611)
neg, 0.0583912027339261, fire(s5918)
neg, 0.670340190612772, fire(s4914)
neg, 0.09993678091453406, fire(s9980)
neg, 0.061334072114936126, fire(s13294)
neg, 0.060578760698162246, fire(s9120)
neg, 0.1495452274823443, fire(s4151)
neg, 0.09993678091453406, fire(s9994)
neg, 0.14299725922876433, fire(s5405)
neg, 0.3432993400535622, fire(s6940)
neg, 0.0744596393458425, fire(s14040)
neg, 0.313128150923461, fire(s6136)
neg, 0.061334072114936126, fire(s2791)
neg, 0.133985959182158, fire(s11379)
neg, 0.1574318864005817, fire(s607)
neg, 0.12224160236237262, fire(s14577)
neg, 0.21384040301598448, fire(s7777)
neg, 0.20354298005501387, fire(s16738)
neg, 0.6170907360767003, fire(s6291)
neg, 0.17038789608187285, fire(s9516)
neg, 0.18458593473298976, fire(s10431)
neg, 0.08646734977782435, fire(s14141)
neg, 0.06365529392881211, fire(s7427)
neg, 0.08541409740670693, fire(s16470)
neg, 0.6170907360767003, fire(s1690)
neg, 0.061334072114936126, fire(s69)
neg, 0.1516359222693658, fire(s6472)
neg, 0.1495452274823443, fire(s4170)
neg, 0.05854943940466497, fire(s8969)
neg, 0.16090375456402803, fire(s15339)
neg, 0.10418213408446912, fire(s5839)
neg, 0.06008083760669147, fire(s2632)
neg, 0.15919634617607642, fire(s1702)
neg, 0.0744596393458425, fire(s7167)
neg, 0.07980007828931833, fire(s8101)
neg, 0.16082602294172574, fire(s10965)
neg, 0.21385405574212962, fire(s7839)
neg, 0.09014477444449696, fire(s5273)
neg, 0.08541409740670693, fire(s249)
neg, 0.08140618873392941, fire(s6117)
neg, 0.1495452274823443, fire(s4148)
neg, 0.08541409740670693, fire(s16393)
neg, 0.061334072114936126, fire(s13342)
neg, 0.11369149558227401, fire(s11509)
neg, 0.07661635067273537, fire(s17058)
neg, 0.5792909662185951, fire(s15127)
neg, 0.10612306003530846, fire(s713)
neg, 0.2663741805258455, fire(s4544)
neg, 0.07013319935555172, fire(s6847)
neg, 0.133985959182158, fire(s11388)
neg, 0.25446378329152763, fire(s13463)
neg, 0.06951272659029642, fire(s12470)
neg, 0.08533470189671176, fire(s6591)
neg, 0.21384040301598448, fire(s7772)
neg, 0.2106962606896022, fire(s2600)
neg, 0.0643786550096277, fire(s15075)
neg, 0.060546945547339526, fire(s14293)
neg, 0.06072730419023779, fire(s13757)
neg, 0.07011052432058797, fire(s13019)
neg, 0.11572094028742189, fire(s12782)
neg, 0.06050582674045843, fire(s9655)
neg, 0.061334072114936126, fire(s13274)
neg, 0.08053728848184062, fire(s4569)
neg, 0.0790080272687293, fire(s12358)
neg, 0.0583912027339261, fire(s5892)
neg, 0.08541409740670693, fire(s16406)
neg, 0.06775825028172158, fire(s11129)
neg, 0.18259427468915565, fire(s11022)
neg, 0.1495452274823443, fire(s2190)
neg, 0.19904618746557584, fire(s13419)
neg, 0.25071110190585516, fire(s16988)
neg, 0.0658936748024855, fire(s6059)
neg, 0.061334072114936126, fire(s14899)
neg, 0.8157510339281996, fire(s16832)
neg, 0.1775982681760436, fire(s1519)
neg, 0.06740165936942838, fire(s3808)
neg, 0.058398358146879784, fire(s4423)
neg, 0.058398358146879784, fire(s4398)
neg, 0.7493914184062402, fire(s6429)
neg, 0.20354298005501387, fire(s7090)
neg, 0.13837148935370294, fire(s1503)
neg, 0.061334072114936126, fire(s115)
neg, 0.1508220206566738, fire(s15133)
neg, 0.08541409740670693, fire(s16441)
neg, 0.08541409740670693, fire(s234)
neg, 0.1741119577800601, fire(s8800)
neg, 0.07258236471938913, fire(s7007)
neg, 0.13183160763813084, fire(s11770)
neg, 0.056922799358827006, fire(s2943)
neg, 0.6170907360767003, fire(s3863)
neg, 0.07400346719802364, fire(s15914)
neg, 0.7877336078983692, fire(s1620)
neg, 0.1922528760957437, fire(s15100)
neg, 0.23628009590151425, fire(s4864)
neg, 0.05854943940466497, fire(s217)
neg, 0.061334072114936126, fire(s16209)
neg, 0.5971389148468578, fire(s8068)
neg, 0.060288507695985434, fire(s10628)
neg, 0.43055602351702743, fire(s4690)
neg, 0.06006447858345124, fire(s4455)
neg, 0.06008083760669147, fire(s2664)
neg, 0.06951272659029642, fire(s12465)
neg, 0.5766653218639309, fire(s4783)
neg, 0.08541409740670693, fire(s2344)
neg, 0.5792909662185951, fire(s7688)
neg, 0.0790080272687293, fire(s14058)
neg, 0.061334072114936126, fire(s14862)
neg, 0.6170907360767003, fire(s3075)
neg, 0.10418213408446912, fire(s5781)
neg, 0.07416864389420236, fire(s16665)
neg, 0.11369149558227401, fire(s12196)
neg, 0.10418213408446912, fire(s5789)
neg, 0.07321250633795755, fire(s14502)
neg, 0.7460734095262237, fire(s12051)
neg, 0.06365529392881211, fire(s7355)
neg, 0.4393365015432007, fire(s9880)
neg, 0.12717381308641118, fire(s11260)
neg, 0.06006447858345124, fire(s4467)
neg, 0.36194220857023707, fire(s11543)
neg, 0.20063759974765857, fire(s15739)
neg, 0.27216592249414023, fire(s1593)
neg, 0.1922528760957437, fire(s8688)
neg, 0.6093332132747005, fire(s15352)
neg, 0.08541409740670693, fire(s16518)
neg, 0.7254349240938995, fire(s4665)
neg, 0.061334072114936126, fire(s4264)
neg, 0.16531412296866047, fire(s10335)
neg, 0.23628009590151425, fire(s8862)
neg, 0.06820805155471853, fire(s15578)
neg, 0.1495452274823443, fire(s2209)
neg, 0.07843183457427481, fire(s12918)
neg, 0.1495452274823443, fire(s2212)
neg, 0.2765197204410608, fire(s3877)
neg, 0.4801528444406609, fire(s12554)
neg, 0.09993678091453406, fire(s9960)
neg, 0.12224160236237262, fire(s12890)
neg, 0.0658936748024855, fire(s6024)
neg, 0.0684567954296748, fire(s8998)
neg, 0.0583912027339261, fire(s5924)
neg, 0.07340521775641343, fire(s12561)
neg, 0.07340521775641343, fire(s514)
neg, 0.058398358146879784, fire(s13394)
neg, 0.4475226157786552, fire(s6965)
neg, 0.5792909662185951, fire(s3182)
neg, 0.2610297486336245, fire(s7228)
neg, 0.07980007828931833, fire(s10455)
neg, 0.1670850790411791, fire(s4623)
neg, 0.07013319935555172, fire(s6844)
neg, 0.09014477444449696, fire(s5263)
neg, 0.07573456783738157, fire(s13205)
neg, 0.07013319935555172, fire(s6823)
neg, 0.1495452274823443, fire(s2200)
neg, 0.07564703859729599, fire(s12571)
neg, 0.058398358146879784, fire(s13378)
neg, 0.09913013611756429, fire(s4373)
neg, 0.06365529392881211, fire(s7393)
neg, 0.058398358146879784, fire(s7606)
neg, 0.13183160763813084, fire(s11831)
neg, 0.5773137042626196, fire(s15592)
neg, 0.06750021378523459, fire(s2519)
neg, 0.6325083263698866, fire(s12801)
neg, 0.095671115127813, fire(s14278)
neg, 0.13282100259369398, fire(s8443)
neg, 0.1429688755442318, fire(s13704)
neg, 0.07188089934493672, fire(s14768)
neg, 0.05854943940466497, fire(s17131)
neg, 0.0658936748024855, fire(s6023)
neg, 0.13837148935370294, fire(s1504)
neg, 0.18274581364511605, fire(s530)
neg, 0.10612306003530846, fire(s708)
neg, 0.0684567954296748, fire(s8996)
neg, 0.0744596393458425, fire(s12342)
neg, 0.3916348654674407, fire(s5250)
neg, 0.0583912027339261, fire(s11933)
neg, 0.06008083760669147, fire(s2662)
neg, 0.1717168521990437, fire(s15174)
neg, 0.20354298005501387, fire(s12823)
neg, 0.2399590603964793, fire(s312)
neg, 0.0583912027339261, fire(s5908)
neg, 0.06569670364447533, fire(s1818)
neg, 0.12224160236237262, fire(s14573)
neg, 0.19644520313454936, fire(s6909)
neg, 0.16302035903084958, fire(s6274)
neg, 0.7341463584278883, fire(s6584)
neg, 0.07338960855100876, fire(s1125)
neg, 0.0707563033333563, fire(s10201)
neg, 0.07056477645240042, fire(s13087)
neg, 0.09893078313414096, fire(s9816)
neg, 0.07340521775641343, fire(s12549)
neg, 0.08541409740670693, fire(s16487)
neg, 0.061334072114936126, fire(s7531)
neg, 0.26209414414144566, fire(s7151)
neg, 0.09234589896765333, fire(s6079)
neg, 0.12224160236237262, fire(s15770)
neg, 0.16090375456402803, fire(s15336)
neg, 0.0972748305589408, fire(s5721)
neg, 0.08806375439136571, fire(s3952)
neg, 0.08541409740670693, fire(s16504)
neg, 0.061334072114936126, fire(s2894)
neg, 0.6674819373254566, fire(s4966)
neg, 0.06050582674045843, fire(s9659)
neg, 0.5766653218639309, fire(s4771)
neg, 0.061334072114936126, fire(s1151)
neg, 0.08197221346370133, fire(s15549)
neg, 0.200381869110286, fire(s14535)
neg, 0.06008083760669147, fire(s2647)
neg, 0.05854943940466497, fire(s17096)
neg, 0.6271859514978801, fire(s11093)
neg, 0.1574318864005817, fire(s587)
neg, 0.1755883653617396, fire(s9083)
neg, 0.08923745847257081, fire(s15644)
neg, 0.0645585211188497, fire(s14802)
neg, 0.15919634617607642, fire(s6339)
neg, 0.058398358146879784, fire(s13399)
neg, 0.056922799358827006, fire(s2963)
neg, 0.200381869110286, fire(s14546)
neg, 0.16302035903084958, fire(s3833)
neg, 0.13183160763813084, fire(s11822)
neg, 0.0919273995024594, fire(s9211)
neg, 0.08726194787366863, fire(s8548)
neg, 0.12717381308641118, fire(s11241)
neg, 0.07245791622483777, fire(s15438)
neg, 0.5552204217114214, fire(s12082)
neg, 0.056922799358827006, fire(s14944)
neg, 0.08324017051130815, fire(s8234)
neg, 0.1429688755442318, fire(s6475)
neg, 0.12224160236237262, fire(s12412)
neg, 0.28729876659994835, fire(s5569)
neg, 0.08276188780953395, fire(s448)
neg, 0.26209414414144566, fire(s4942)
neg, 0.061334072114936126, fire(s14900)
neg, 0.1522769187299872, fire(s5360)
neg, 0.1429688755442318, fire(s1591)
neg, 0.06592445741673501, fire(s1130)
neg, 0.07573456783738157, fire(s13142)
neg, 0.7460734095262237, fire(s12039)
neg, 0.11960952791180088, fire(s927)
neg, 0.06691420849739478, fire(s14453)
neg, 0.20354298005501387, fire(s7091)
neg, 0.0919273995024594, fire(s9213)
neg, 0.16531412296866047, fire(s10336)
neg, 0.37263536217252535, fire(s9562)
neg, 0.0583912027339261, fire(s10699)
neg, 0.12825822813395638, fire(s4247)
neg, 0.5792909662185951, fire(s7692)
neg, 0.0767219220988122, fire(s15909)
neg, 0.21971888374085605, fire(s8632)
neg, 0.13837148935370294, fire(s15490)
neg, 0.08541409740670693, fire(s16430)
neg, 0.07053612959744403, fire(s883)
neg, 0.15919634617607642, fire(s1752)
neg, 0.09014477444449696, fire(s5270)
neg, 0.061334072114936126, fire(s2826)
neg, 0.061334072114936126, fire(s108)
neg, 0.12334354209881196, fire(s11672)
neg, 0.13337942696915764, fire(s387)
neg, 0.05854943940466497, fire(s17136)
neg, 0.08276188780953395, fire(s444)
neg, 0.06836804820823672, fire(s2595)
neg, 0.09744674271648196, fire(s788)
neg, 0.1717168521990437, fire(s15179)
neg, 0.22693196935397666, fire(s3493)
neg, 0.07466214512928546, fire(s10139)
neg, 0.08766847308632342, fire(s14264)

