pos, 0.07095446530593894, fire(s9934)
pos, 0.5797099962960532, fire(s12062)
pos, 0.5786985030252184, fire(s8516)
pos, 0.5797099962960532, fire(s12070)
pos, 0.6326135436269921, fire(s3274)
pos, 0.7404081576931993, fire(s16654)
pos, 0.7153267035434135, fire(s3698)
pos, 0.7440628003530545, fire(s9872)
pos, 0.7153267035434135, fire(s3696)
pos, 0.47793523985728226, fire(s8028)
pos, 0.26501695078032816, fire(s3722)
pos, 0.7656526192894332, fire(s8012)
pos, 0.7153267035434135, fire(s3715)
pos, 0.7485558935455164, fire(s4837)
pos, 0.8506856124786063, fire(s10176)
pos, 0.6021980002124001, fire(s12672)
pos, 0.5709818317601147, fire(s7726)
pos, 0.26501695078032816, fire(s11100)
pos, 0.7991684978659739, fire(s10156)
pos, 0.635958154287192, fire(s4992)
pos, 0.7113380000099123, fire(s2142)
pos, 0.6122993758013201, fire(s6576)
pos, 0.7861980976999113, fire(s11224)
pos, 0.2813975586346894, fire(s5603)
pos, 0.8271460962787026, fire(s10173)
pos, 0.5797099962960532, fire(s12059)
pos, 0.6286091903201007, fire(s12865)
pos, 0.26501695078032816, fire(s11097)
pos, 0.21044577171758636, fire(s11230)
pos, 0.07748955047087384, fire(s9983)
pos, 0.7355203798303236, fire(s624)
pos, 0.8271460962787026, fire(s10170)
pos, 0.6596075835761043, fire(s13701)
pos, 0.7861980976999113, fire(s11222)
pos, 0.26958469648706423, fire(s5602)
pos, 0.7355203798303236, fire(s626)
pos, 0.6602342473719558, fire(s15622)
pos, 0.7153267035434135, fire(s3716)
pos, 0.7113380000099123, fire(s10944)
pos, 0.4788819230014951, fire(s10927)
pos, 0.17272529698395234, fire(s15533)
pos, 0.5786985030252184, fire(s13467)
pos, 0.47793523985728226, fire(s8026)
pos, 0.456703252291545, fire(s9595)
pos, 0.6286091903201007, fire(s3404)
pos, 0.6823324616636284, fire(s13700)
pos, 0.20164631891893983, fire(s15535)
pos, 0.7253182293718295, fire(s11225)
pos, 0.6280063748539177, fire(s15528)
pos, 0.7113380000099123, fire(s10953)
pos, 0.5912097862002061, fire(s3272)
pos, 0.7776529855867902, fire(s11111)
pos, 0.7113380000099123, fire(s10946)
pos, 0.6489172578413255, fire(s11084)
pos, 0.49477713025857567, fire(s5593)
pos, 0.6551108290821633, fire(s6890)
pos, 0.7153267035434135, fire(s3693)
pos, 0.8463438470152123, fire(s8024)
pos, 0.14108502965047381, fire(s8521)
pos, 0.32881295459653626, fire(s15281)
pos, 0.740677980072868, fire(s15839)
pos, 0.7656526192894332, fire(s8014)
pos, 0.7816957081873315, fire(s8787)
pos, 0.7253182293718295, fire(s11216)
pos, 0.5849992914577763, fire(s6315)
pos, 0.5486576296889049, fire(s13698)
pos, 0.7440628003530545, fire(s9875)
pos, 0.6368983626807752, fire(s13470)
pos, 0.21044577171758636, fire(s11235)
pos, 0.7861980976999113, fire(s11221)
pos, 0.7921971371460502, fire(s6248)
pos, 0.7153267035434135, fire(s3699)
pos, 0.39942172809661824, fire(s15266)
pos, 0.5797099962960532, fire(s12052)
pos, 0.6280063748539177, fire(s15530)
pos, 0.5797099962960532, fire(s12060)
pos, 0.47793523985728226, fire(s8027)
pos, 0.7593733663896947, fire(s6889)
neg, 0.18804952640838707, fire(s12826)
neg, 0.10641085796076569, fire(s4130)
neg, 0.6416513938752549, fire(s13943)
neg, 0.0774558727663539, fire(s13367)
neg, 0.06780087912244642, fire(s5195)
neg, 0.1463994022034886, fire(s4150)
neg, 0.11731957363982937, fire(s9100)
neg, 0.1738284949510473, fire(s11062)
neg, 0.07788530431322217, fire(s16485)
neg, 0.3368656413252695, fire(s5688)
neg, 0.06896874770255819, fire(s16168)
neg, 0.060114782813311306, fire(s1334)
neg, 0.17699758599346138, fire(s9512)
neg, 0.10851856879649442, fire(s4350)
neg, 0.06345017110876011, fire(s1144)
neg, 0.17269207776432224, fire(s3598)
neg, 0.06896874770255819, fire(s2901)
neg, 0.060114782813311306, fire(s1300)
neg, 0.14161843041934657, fire(s9814)
neg, 0.20017934856486705, fire(s10365)
neg, 0.09838813162062629, fire(s377)
neg, 0.22134233005397447, fire(s6918)
neg, 0.09703513075181326, fire(s9305)
neg, 0.0774558727663539, fire(s13379)
neg, 0.08893727538518159, fire(s2045)
neg, 0.11417520768658383, fire(s7922)
neg, 0.06205228119642829, fire(s981)
neg, 0.7253182293718295, fire(s12382)
neg, 0.7084537908148122, fire(s5187)
neg, 0.18547487284809572, fire(s11588)
neg, 0.07095446530593894, fire(s12472)
neg, 0.20078741389248553, fire(s3372)
neg, 0.07650194505980434, fire(s16040)
neg, 0.10125547105016332, fire(s7359)
neg, 0.06149836139264822, fire(s11880)
neg, 0.13342614211681805, fire(s600)
neg, 0.07256769450444299, fire(s1525)
neg, 0.05979845056903463, fire(s2633)
neg, 0.14928106630425017, fire(s14615)
neg, 0.07417768292291867, fire(s14441)
neg, 0.060114782813311306, fire(s171)
neg, 0.06205228119642829, fire(s15928)
neg, 0.0755768068090043, fire(s255)
neg, 0.19328209321711334, fire(s3108)
neg, 0.07650194505980434, fire(s1118)
neg, 0.06149836139264822, fire(s9406)
neg, 0.0618101495873702, fire(s12206)
neg, 0.6395625707397175, fire(s6173)
neg, 0.4860539310094255, fire(s3913)
neg, 0.1910300104139316, fire(s1929)
neg, 0.07417768292291867, fire(s14455)
neg, 0.06617257668200344, fire(s3972)
neg, 0.07788530431322217, fire(s16524)
neg, 0.06158437853838448, fire(s9771)
neg, 0.0774558727663539, fire(s15714)
neg, 0.28432521539770783, fire(s5654)
neg, 0.26958469648706423, fire(s7767)
neg, 0.06896874770255819, fire(s16182)
neg, 0.14342377762305483, fire(s11245)
neg, 0.07824936277513463, fire(s8247)
neg, 0.19692645041772525, fire(s15247)
neg, 0.06149836139264822, fire(s9464)
neg, 0.48156457007896825, fire(s4799)
neg, 0.06561457363220331, fire(s10645)
neg, 0.06205228119642829, fire(s1008)
neg, 0.6714473551743326, fire(s7230)
neg, 0.06896874770255819, fire(s150)
neg, 0.06896874770255819, fire(s2887)
neg, 0.6174448296311612, fire(s4909)
neg, 0.08827756788172904, fire(s8592)
neg, 0.15388345133300918, fire(s1588)
neg, 0.06149836139264822, fire(s9436)
neg, 0.08335261947826879, fire(s16910)
neg, 0.12804165849917465, fire(s14281)
neg, 0.621849842334207, fire(s6871)
neg, 0.2237359914390558, fire(s12372)
neg, 0.1738284949510473, fire(s13413)
neg, 0.11661676955089474, fire(s1546)
neg, 0.0596046018514803, fire(s10529)
neg, 0.12671521489297222, fire(s3627)
neg, 0.06164437033168064, fire(s16100)
neg, 0.1738284949510473, fire(s13487)
neg, 0.07943959691234864, fire(s16673)
neg, 0.07417768292291867, fire(s4465)
neg, 0.06616367073367567, fire(s14504)
neg, 0.12410332835891447, fire(s3835)
neg, 0.15578193828017597, fire(s1803)
neg, 0.19846939527948457, fire(s16771)
neg, 0.7794060300367013, fire(s371)
neg, 0.06896874770255819, fire(s14924)
neg, 0.11417520768658383, fire(s6375)
neg, 0.06896874770255819, fire(s16372)
neg, 0.06149836139264822, fire(s5985)
neg, 0.06896874770255819, fire(s13284)
neg, 0.750112388140889, fire(s758)
neg, 0.06896874770255819, fire(s13226)
neg, 0.06889514433504211, fire(s6073)
neg, 0.5024543688777958, fire(s1436)
neg, 0.17477552793001824, fire(s8765)
neg, 0.12652389393655888, fire(s16898)
neg, 0.7794060300367013, fire(s1649)
neg, 0.15085360650835042, fire(s6664)
neg, 0.060114782813311306, fire(s1357)
neg, 0.060114782813311306, fire(s10855)
neg, 0.16794186477919584, fire(s10331)
neg, 0.09703513075181326, fire(s5795)
neg, 0.09357807823060328, fire(s4701)
neg, 0.0774558727663539, fire(s7638)
neg, 0.10125547105016332, fire(s7394)
neg, 0.743667545697598, fire(s7654)
neg, 0.08319128165373135, fire(s906)
neg, 0.0690962579591232, fire(s14748)
neg, 0.1910300104139316, fire(s13691)
neg, 0.6955997039657081, fire(s10147)
neg, 0.07302076670484071, fire(s12487)
neg, 0.3415661317432958, fire(s15382)
neg, 0.11395964203698872, fire(s794)
neg, 0.06345017110876011, fire(s17114)
neg, 0.06896874770255819, fire(s2806)
neg, 0.15388345133300918, fire(s1584)
neg, 0.0596046018514803, fire(s10521)
neg, 0.06780087912244642, fire(s2677)
neg, 0.06164437033168064, fire(s15912)
neg, 0.0618101495873702, fire(s4516)
neg, 0.09703513075181326, fire(s5825)
neg, 0.08012277814009822, fire(s14041)
neg, 0.0596046018514803, fire(s10553)
neg, 0.07788530431322217, fire(s16426)
neg, 0.18165774512754218, fire(s7647)
neg, 0.6174448296311612, fire(s4920)
neg, 0.0783995157344608, fire(s5758)
neg, 0.06896874770255819, fire(s89)
neg, 0.11395964203698872, fire(s823)
neg, 0.07065034333315326, fire(s13122)
neg, 0.6297375431089733, fire(s11052)
neg, 0.18804952640838707, fire(s12838)
neg, 0.07788530431322217, fire(s16481)
neg, 0.17957182305333547, fire(s2277)
neg, 0.09703513075181326, fire(s5841)
neg, 0.17699758599346138, fire(s9475)
neg, 0.15306041214462762, fire(s3613)
neg, 0.09101137171777234, fire(s9637)
neg, 0.10851856879649442, fire(s4339)
neg, 0.13866620615374525, fire(s1732)
neg, 0.11909921124072619, fire(s2586)
neg, 0.17957182305333547, fire(s1636)
neg, 0.0774558727663539, fire(s15692)
neg, 0.060114782813311306, fire(s10841)
neg, 0.12410332835891447, fire(s6284)
neg, 0.07911163328276016, fire(s15890)
neg, 0.19846939527948457, fire(s16785)
neg, 0.07470510535372304, fire(s11483)
neg, 0.5583826391436348, fire(s14246)
neg, 0.12425798106073993, fire(s11799)
neg, 0.3183045161305261, fire(s15255)
neg, 0.17699758599346138, fire(s9513)
neg, 0.158636290138244, fire(s14523)
neg, 0.3747659773007867, fire(s6951)
neg, 0.11052797975489533, fire(s14209)
neg, 0.06896874770255819, fire(s1172)
neg, 0.22002481620032516, fire(s10348)
neg, 0.13750390759623948, fire(s10371)
neg, 0.17616138870157572, fire(s6394)
neg, 0.43290750914890125, fire(s1440)
neg, 0.07816071345157796, fire(s413)
neg, 0.16015810448141748, fire(s3093)
neg, 0.158636290138244, fire(s14522)
neg, 0.23474504286167322, fire(s2467)
neg, 0.07788530431322217, fire(s16417)
neg, 0.5907309787721192, fire(s3450)
neg, 0.06780087912244642, fire(s2749)
neg, 0.36859225118609884, fire(s5094)
neg, 0.18804952640838707, fire(s14022)
neg, 0.05921176544828596, fire(s14650)
neg, 0.1463994022034886, fire(s2481)
neg, 0.5486576296889049, fire(s3018)
neg, 0.06955770081648885, fire(s15873)
neg, 0.06896874770255819, fire(s11985)
neg, 0.06416245507704989, fire(s10204)
neg, 0.0783995157344608, fire(s5740)
neg, 0.12425798106073993, fire(s11816)
neg, 0.41011629581637576, fire(s15473)
neg, 0.15135385904031304, fire(s8648)
neg, 0.2237359914390558, fire(s12479)
neg, 0.1143695867229801, fire(s11441)
neg, 0.06149836139264822, fire(s11947)
neg, 0.059404417271443063, fire(s2616)
neg, 0.0783995157344608, fire(s5761)
neg, 0.1214068037256347, fire(s5286)
neg, 0.09422238135854885, fire(s13776)
neg, 0.7153267035434135, fire(s3707)
neg, 0.060114782813311306, fire(s1348)
neg, 0.19846939527948457, fire(s4629)
neg, 0.2237359914390558, fire(s13666)
neg, 0.10531789415933275, fire(s11266)
neg, 0.61677101659671, fire(s9866)
neg, 0.06987800440613073, fire(s12926)
neg, 0.06896874770255819, fire(s16323)
neg, 0.18547487284809572, fire(s11582)
neg, 0.5797099962960532, fire(s12095)
neg, 0.07417768292291867, fire(s6540)
neg, 0.060114782813311306, fire(s14973)
neg, 0.09703513075181326, fire(s5824)
neg, 0.17616138870157572, fire(s296)
neg, 0.09530003562697839, fire(s11714)
neg, 0.6326135436269921, fire(s3262)
neg, 0.06896874770255819, fire(s16391)
neg, 0.06896874770255819, fire(s4301)
neg, 0.07400099456529151, fire(s1483)
neg, 0.09561038965565448, fire(s17049)
neg, 0.18804952640838707, fire(s4883)
neg, 0.7466312475130082, fire(s3397)
neg, 0.10243726008399162, fire(s8545)
neg, 0.14060874799644574, fire(s8715)
neg, 0.1910300104139316, fire(s13685)
neg, 0.08662975931419561, fire(s4564)
neg, 0.09530003562697839, fire(s11723)
neg, 0.12652389393655888, fire(s16888)
neg, 0.2237359914390558, fire(s4852)
neg, 0.26958469648706423, fire(s5630)
neg, 0.09422238135854885, fire(s14363)
neg, 0.23474504286167322, fire(s2464)
neg, 0.06889514433504211, fire(s6007)
neg, 0.06896874770255819, fire(s14926)
neg, 0.5221106324006751, fire(s5248)
neg, 0.10058696054731452, fire(s10141)
neg, 0.12785785275761355, fire(s15851)
neg, 0.20330129573557676, fire(s16800)
neg, 0.06791329563768556, fire(s7434)
neg, 0.25250533287337573, fire(s9887)
neg, 0.06896874770255819, fire(s16157)
neg, 0.06149836139264822, fire(s11962)
neg, 0.17616138870157572, fire(s291)
neg, 0.17075375465356293, fire(s3302)
neg, 0.06896874770255819, fire(s14881)
neg, 0.1463994022034886, fire(s4154)
neg, 0.09703513075181326, fire(s5827)
neg, 0.0774558727663539, fire(s15688)
neg, 0.19328209321711334, fire(s3127)
neg, 0.06345017110876011, fire(s17152)
neg, 0.21100388760890929, fire(s10996)
neg, 0.13866620615374525, fire(s1693)
neg, 0.08158128216625439, fire(s7024)
neg, 0.06896874770255819, fire(s100)
neg, 0.11052797975489533, fire(s14211)
neg, 0.5606641066732918, fire(s399)
neg, 0.07650194505980434, fire(s15440)
neg, 0.6326135436269921, fire(s3248)
neg, 0.18804952640838707, fire(s5368)
neg, 0.06896874770255819, fire(s2875)
neg, 0.060114782813311306, fire(s10842)
neg, 0.4018673724813206, fire(s11842)
neg, 0.06205228119642829, fire(s982)
neg, 0.08439459463527656, fire(s10284)
neg, 0.07984646007264203, fire(s14113)
neg, 0.07788530431322217, fire(s16532)
neg, 0.10851856879649442, fire(s13352)
neg, 0.18165774512754218, fire(s13400)
neg, 0.11417520768658383, fire(s9745)
neg, 0.07788530431322217, fire(s3007)
neg, 0.06205228119642829, fire(s15932)
neg, 0.5486576296889049, fire(s1921)
neg, 0.10125547105016332, fire(s7420)
neg, 0.08251092301215286, fire(s13190)
neg, 0.09778730379876609, fire(s8226)
neg, 0.2402588873071464, fire(s11551)
neg, 0.07586723187849086, fire(s14642)
neg, 0.5786985030252184, fire(s7706)
neg, 0.15471016681649383, fire(s4536)
neg, 0.2933536539112621, fire(s8845)
neg, 0.0783995157344608, fire(s9209)
neg, 0.06561457363220331, fire(s10592)
neg, 0.08516057013017286, fire(s8564)
neg, 0.2813975586346894, fire(s5605)
neg, 0.19328209321711334, fire(s6222)
neg, 0.06373050438662459, fire(s7192)
neg, 0.06561457363220331, fire(s10579)
neg, 0.06149836139264822, fire(s9441)
neg, 0.0774558727663539, fire(s4393)
neg, 0.06561457363220331, fire(s10629)
neg, 0.7164741515537524, fire(s13876)
neg, 0.4647512238164107, fire(s4689)
neg, 0.5786985030252184, fire(s16715)
neg, 0.12671521489297222, fire(s3622)
neg, 0.6489172578413255, fire(s11089)
neg, 0.635958154287192, fire(s4981)
neg, 0.08251092301215286, fire(s13156)
neg, 0.5849992914577763, fire(s9688)
neg, 0.0774558727663539, fire(s15715)
neg, 0.0690962579591232, fire(s14765)
neg, 0.2237359914390558, fire(s7141)
neg, 0.1463994022034886, fire(s2476)
neg, 0.06205228119642829, fire(s1013)
neg, 0.6297375431089733, fire(s11025)
neg, 0.12410332835891447, fire(s6272)
neg, 0.06149836139264822, fire(s9421)
neg, 0.1738284949510473, fire(s13480)
neg, 0.07788530431322217, fire(s17190)
neg, 0.06896874770255819, fire(s48)
neg, 0.5608744088662815, fire(s6328)
neg, 0.07824936277513463, fire(s9159)
neg, 0.29818937154389175, fire(s4716)
neg, 0.6326135436269921, fire(s3180)
neg, 0.08251092301215286, fire(s13147)
neg, 0.0774558727663539, fire(s13363)
neg, 0.6174448296311612, fire(s4911)
neg, 0.07755060782643777, fire(s11146)
neg, 0.15303013166784604, fire(s2412)
neg, 0.2237359914390558, fire(s12316)
neg, 0.1069384170978718, fire(s9928)
neg, 0.3687423711342096, fire(s6146)
neg, 0.06896874770255819, fire(s12029)
neg, 0.06006368466010105, fire(s2514)
neg, 0.11417520768658383, fire(s6386)
neg, 0.07755060782643777, fire(s11141)
neg, 0.1738284949510473, fire(s13412)
neg, 0.2933536539112621, fire(s3227)
neg, 0.20078741389248553, fire(s3370)
neg, 0.15578193828017597, fire(s10263)
neg, 0.07400099456529151, fire(s8979)
neg, 0.11417520768658383, fire(s16400)
neg, 0.15392368560674236, fire(s11300)
neg, 0.2237359914390558, fire(s8860)
neg, 0.08414598084176053, fire(s5192)
neg, 0.12425798106073993, fire(s11791)
neg, 0.5606641066732918, fire(s3836)
neg, 0.22134233005397447, fire(s6907)
neg, 0.06164437033168064, fire(s1136)
neg, 0.08618889479354573, fire(s5504)
neg, 0.06896874770255819, fire(s4271)
neg, 0.0783995157344608, fire(s5708)
neg, 0.2933536539112621, fire(s3228)
neg, 0.11417520768658383, fire(s1768)
neg, 0.09838813162062629, fire(s12544)
neg, 0.11661676955089474, fire(s2309)
neg, 0.17957182305333547, fire(s2274)
neg, 0.36859225118609884, fire(s5096)
neg, 0.5486576296889049, fire(s3056)
neg, 0.11417520768658383, fire(s7923)
neg, 0.0774558727663539, fire(s10446)
neg, 0.13945024560288433, fire(s12258)
neg, 0.7401535663749637, fire(s13618)
neg, 0.12425798106073993, fire(s11749)
neg, 0.7861980976999113, fire(s8842)
neg, 0.17616138870157572, fire(s313)
neg, 0.07748955047087384, fire(s9964)
neg, 0.06373050438662459, fire(s14198)
neg, 0.06006368466010105, fire(s2516)
neg, 0.07400099456529151, fire(s17042)
neg, 0.1734976010366409, fire(s9055)
neg, 0.12784469246863825, fire(s11375)
neg, 0.1738284949510473, fire(s15106)
neg, 0.6103534085134862, fire(s10241)
neg, 0.7794060300367013, fire(s6437)
neg, 0.08705772800916471, fire(s5086)
neg, 0.06561457363220331, fire(s10636)
neg, 0.06896874770255819, fire(s16210)
neg, 0.24971925712107973, fire(s11148)
neg, 0.17957182305333547, fire(s1632)
neg, 0.1108482296829882, fire(s8627)
neg, 0.09530003562697839, fire(s11696)
neg, 0.550744115591129, fire(s9028)
neg, 0.09622146638442591, fire(s15808)
neg, 0.2237359914390558, fire(s15189)
neg, 0.09838813162062629, fire(s518)
neg, 0.06149836139264822, fire(s11879)
neg, 0.5608744088662815, fire(s1687)
neg, 0.20078741389248553, fire(s3376)
neg, 0.48156457007896825, fire(s4786)
neg, 0.07154701658285464, fire(s7046)
neg, 0.060114782813311306, fire(s14955)
neg, 0.07065034333315326, fire(s13102)
neg, 0.2237359914390558, fire(s15173)
neg, 0.2237359914390558, fire(s16846)
neg, 0.2933536539112621, fire(s14388)
neg, 0.09530003562697839, fire(s11705)
neg, 0.1143695867229801, fire(s2058)
neg, 0.5450679503040422, fire(s9823)
neg, 0.06373050438662459, fire(s7191)
neg, 0.07065034333315326, fire(s13099)
neg, 0.07470510535372304, fire(s11484)
neg, 0.16714703209170143, fire(s6480)
neg, 0.06635973675985336, fire(s4763)
neg, 0.06149836139264822, fire(s14835)
neg, 0.08251092301215286, fire(s13173)
neg, 0.20611917847443217, fire(s7109)
neg, 0.13141735731477652, fire(s11371)
neg, 0.06345017110876011, fire(s17151)
neg, 0.662421035463622, fire(s11180)
neg, 0.09422238135854885, fire(s13772)
neg, 0.06149836139264822, fire(s14825)
neg, 0.07788530431322217, fire(s2345)
neg, 0.07788530431322217, fire(s16457)
neg, 0.18804952640838707, fire(s5364)
neg, 0.14108502965047381, fire(s8148)
neg, 0.32881295459653626, fire(s14148)
neg, 0.29818937154389175, fire(s3772)
neg, 0.25142151640313615, fire(s10433)
neg, 0.3288257777478845, fire(s8778)
neg, 0.15135385904031304, fire(s8650)
neg, 0.5786985030252184, fire(s13883)
neg, 0.2402588873071464, fire(s14556)
neg, 0.060114782813311306, fire(s1313)
neg, 0.13866620615374525, fire(s1705)
neg, 0.2515462768264604, fire(s8271)
neg, 0.1641197612388597, fire(s12998)
neg, 0.12671521489297222, fire(s3624)
neg, 0.22614274299144138, fire(s4582)
neg, 0.1299923198024133, fire(s15323)
neg, 0.06561457363220331, fire(s10641)
neg, 0.25250533287337573, fire(s6756)
neg, 0.1219769440509289, fire(s15547)
neg, 0.11661676955089474, fire(s6462)
neg, 0.06149836139264822, fire(s9458)
neg, 0.06164437033168064, fire(s16092)
neg, 0.06780087912244642, fire(s2757)
neg, 0.12652389393655888, fire(s16872)
neg, 0.06205228119642829, fire(s15960)
neg, 0.07065034333315326, fire(s13089)
neg, 0.7787968357792703, fire(s16818)
neg, 0.12804165849917465, fire(s1859)
neg, 0.1176395351761018, fire(s15343)
neg, 0.12425798106073993, fire(s11798)
neg, 0.15578193828017597, fire(s1812)
neg, 0.11195957401989645, fire(s9090)
neg, 0.06205228119642829, fire(s15910)
neg, 0.07400099456529151, fire(s17019)
neg, 0.06149836139264822, fire(s5931)
neg, 0.06780087912244642, fire(s2729)
neg, 0.06509129552819162, fire(s10970)
neg, 0.13570614855081886, fire(s10369)
neg, 0.18804952640838707, fire(s8486)
neg, 0.06896874770255819, fire(s14897)
neg, 0.6602342473719558, fire(s15620)
neg, 0.635958154287192, fire(s14432)
neg, 0.17075375465356293, fire(s3304)
neg, 0.07650194505980434, fire(s16058)
neg, 0.17957182305333547, fire(s2173)
neg, 0.17616138870157572, fire(s356)
neg, 0.0596046018514803, fire(s10524)
neg, 0.06345017110876011, fire(s16541)
neg, 0.12217143463432266, fire(s10191)
neg, 0.23474504286167322, fire(s2450)
neg, 0.17269207776432224, fire(s3596)
neg, 0.07065034333315326, fire(s13107)
neg, 0.06896874770255819, fire(s4295)
neg, 0.7656526192894332, fire(s2489)
neg, 0.06896874770255819, fire(s16365)
neg, 0.07256769450444299, fire(s507)
neg, 0.11661676955089474, fire(s1547)
neg, 0.06149836139264822, fire(s14826)
neg, 0.1738284949510473, fire(s11039)
neg, 0.07564535104168915, fire(s15095)
neg, 0.12652389393655888, fire(s16896)
neg, 0.0688403930605457, fire(s6866)
neg, 0.06373050438662459, fire(s14200)
neg, 0.6326135436269921, fire(s3179)
neg, 0.2237359914390558, fire(s7888)
neg, 0.20078741389248553, fire(s13641)
neg, 0.07755060782643777, fire(s11128)
neg, 0.7756941763755947, fire(s6224)
neg, 0.7084836599528118, fire(s576)
neg, 0.060114782813311306, fire(s170)
neg, 0.5786985030252184, fire(s13466)
neg, 0.1738284949510473, fire(s11057)
neg, 0.09703513075181326, fire(s9312)
neg, 0.28325020837128007, fire(s8166)
neg, 0.08516057013017286, fire(s8570)
neg, 0.06149836139264822, fire(s5897)
neg, 0.08335261947826879, fire(s6673)
neg, 0.1463994022034886, fire(s2188)
neg, 0.07253359983687392, fire(s3945)
neg, 0.07650194505980434, fire(s1091)
neg, 0.0774558727663539, fire(s4396)
neg, 0.1738284949510473, fire(s16310)
neg, 0.22588906692264074, fire(s15639)
neg, 0.06896874770255819, fire(s7470)
neg, 0.060114782813311306, fire(s10869)
neg, 0.06149836139264822, fire(s11927)
neg, 0.11170173523888875, fire(s1568)
neg, 0.1899874255283823, fire(s9127)
neg, 0.20321922276756313, fire(s12735)
neg, 0.5221106324006751, fire(s12495)
neg, 0.07065034333315326, fire(s13071)
neg, 0.07376247889410627, fire(s15467)
neg, 0.08618889479354573, fire(s5507)
neg, 0.06896874770255819, fire(s2850)
neg, 0.06319322932140764, fire(s15081)
neg, 0.7153267035434135, fire(s3703)
neg, 0.11170173523888875, fire(s1563)
neg, 0.18804952640838707, fire(s5392)
neg, 0.2933536539112621, fire(s3216)
neg, 0.07095446530593894, fire(s14168)
neg, 0.06616367073367567, fire(s14505)
neg, 0.2237359914390558, fire(s8850)
neg, 0.21357757818111955, fire(s6684)
neg, 0.08288391275050759, fire(s9807)
neg, 0.06896874770255819, fire(s12021)
neg, 0.17699758599346138, fire(s9531)
neg, 0.06896874770255819, fire(s4266)
neg, 0.25588583522357483, fire(s4573)
neg, 0.10172189436689845, fire(s8596)
neg, 0.18804952640838707, fire(s8404)
neg, 0.12763026786517656, fire(s12423)
neg, 0.07065034333315326, fire(s13064)
neg, 0.0755768068090043, fire(s2994)
neg, 0.23718818546240317, fire(s13428)
neg, 0.1463994022034886, fire(s2478)
neg, 0.5907309787721192, fire(s12280)
neg, 0.21688250285011773, fire(s6639)
neg, 0.7787968357792703, fire(s16827)
neg, 0.7434308547667262, fire(s12968)
neg, 0.06896874770255819, fire(s16132)
neg, 0.13866620615374525, fire(s6336)
neg, 0.11137272609659575, fire(s15329)
neg, 0.21100388760890929, fire(s10978)
neg, 0.2933536539112621, fire(s3198)
neg, 0.06373050438662459, fire(s14191)
neg, 0.26501695078032816, fire(s11107)
neg, 0.07095446530593894, fire(s12460)
neg, 0.1282771573163355, fire(s8796)
neg, 0.21100388760890929, fire(s10976)
neg, 0.09703513075181326, fire(s5840)
neg, 0.1143695867229801, fire(s2056)
neg, 0.17699758599346138, fire(s9503)
neg, 0.08425644788281818, fire(s499)
neg, 0.6286091903201007, fire(s3428)
neg, 0.18804952640838707, fire(s15139)
neg, 0.14108502965047381, fire(s8140)
neg, 0.2933536539112621, fire(s3282)
neg, 0.44802733222633956, fire(s3325)
neg, 0.08618889479354573, fire(s5487)
neg, 0.1738284949510473, fire(s15102)
neg, 0.10468952323269065, fire(s14634)
neg, 0.4543895798551082, fire(s11403)
neg, 0.12806337138456567, fire(s8454)
neg, 0.12806337138456567, fire(s8441)
neg, 0.17616138870157572, fire(s14227)
neg, 0.07984646007264203, fire(s14154)
neg, 0.05921176544828596, fire(s14804)
neg, 0.07400099456529151, fire(s1488)
neg, 0.17957182305333547, fire(s551)
neg, 0.11395964203698872, fire(s467)
neg, 0.19328209321711334, fire(s15003)
neg, 0.11378911476988007, fire(s5315)
neg, 0.20078741389248553, fire(s13624)
neg, 0.0596046018514803, fire(s10575)
neg, 0.13866620615374525, fire(s6338)
neg, 0.07443597047867014, fire(s12747)
neg, 0.2933536539112621, fire(s6749)
neg, 0.09703513075181326, fire(s9267)
neg, 0.06889514433504211, fire(s6053)
neg, 0.06896874770255819, fire(s28)
neg, 0.08618889479354573, fire(s5470)
neg, 0.07800802168986397, fire(s941)
neg, 0.7921971371460502, fire(s1622)
neg, 0.4416142839516472, fire(s11562)
neg, 0.21491289688943674, fire(s14514)
neg, 0.07788530431322217, fire(s16456)
neg, 0.06149836139264822, fire(s5933)
neg, 0.11661676955089474, fire(s2304)
neg, 0.10677496672038171, fire(s6650)
neg, 0.4860539310094255, fire(s3914)
neg, 0.1072363281803778, fire(s7278)
neg, 0.07400099456529151, fire(s1492)
neg, 0.09490588318133754, fire(s12880)
neg, 0.08251092301215286, fire(s13127)
neg, 0.26501695078032816, fire(s3736)
neg, 0.08251092301215286, fire(s13197)
neg, 0.34456163332936507, fire(s6974)
neg, 0.06896874770255819, fire(s13256)
neg, 0.11378911476988007, fire(s5312)
neg, 0.5912097862002061, fire(s15112)
neg, 0.12425798106073993, fire(s11790)
neg, 0.18165774512754218, fire(s3503)
neg, 0.25935921575265136, fire(s15403)
neg, 0.21984608880644627, fire(s13712)
neg, 0.07319266520920138, fire(s13834)
neg, 0.06896874770255819, fire(s2809)
neg, 0.5797099962960532, fire(s12068)
neg, 0.07788530431322217, fire(s17182)
neg, 0.20078741389248553, fire(s13601)
neg, 0.06561457363220331, fire(s10660)
neg, 0.25688282144144525, fire(s9191)
neg, 0.26958469648706423, fire(s6925)
neg, 0.06149836139264822, fire(s9417)
neg, 0.06780087912244642, fire(s2724)
neg, 0.06205228119642829, fire(s986)
neg, 0.08784524711694777, fire(s2155)
neg, 0.11000053511195848, fire(s9939)
neg, 0.06896874770255819, fire(s13264)
neg, 0.0596046018514803, fire(s10545)
neg, 0.5786985030252184, fire(s15044)
neg, 0.6894601197204646, fire(s9559)
neg, 0.21100388760890929, fire(s12742)
neg, 0.12031597240097155, fire(s4005)
neg, 0.07564535104168915, fire(s14493)
neg, 0.06896874770255819, fire(s124)
neg, 0.06205228119642829, fire(s1006)
neg, 0.12638115939443045, fire(s11240)
neg, 0.13368656116857733, fire(s15654)
neg, 0.16883014440638675, fire(s5697)
neg, 0.17699758599346138, fire(s9509)
neg, 0.07788530431322217, fire(s3009)
neg, 0.0755768068090043, fire(s278)
neg, 0.22134233005397447, fire(s6921)
neg, 0.06896874770255819, fire(s1224)
neg, 0.08942638149555897, fire(s6105)
neg, 0.09703513075181326, fire(s9299)
neg, 0.2237359914390558, fire(s8858)
neg, 0.12806337138456567, fire(s8444)
neg, 0.10125547105016332, fire(s13759)
neg, 0.06896874770255819, fire(s2777)
neg, 0.06896874770255819, fire(s16324)
neg, 0.1300511437728024, fire(s12677)
neg, 0.08713197397747532, fire(s1501)
neg, 0.10698602435267256, fire(s12350)
neg, 0.17616138870157572, fire(s14230)
neg, 0.06896874770255819, fire(s13314)
neg, 0.11041754653532782, fire(s5229)
neg, 0.2237359914390558, fire(s4846)
neg, 0.12671521489297222, fire(s3621)
neg, 0.23474504286167322, fire(s2452)
neg, 0.07788530431322217, fire(s17193)
neg, 0.0774558727663539, fire(s10447)
neg, 0.06896874770255819, fire(s20)
neg, 0.06896874770255819, fire(s10811)
neg, 0.471605153866887, fire(s1397)
neg, 0.6103534085134862, fire(s10238)
neg, 0.28019749569692376, fire(s3543)
neg, 0.11137554246614707, fire(s14321)
neg, 0.6326135436269921, fire(s3249)
neg, 0.07470510535372304, fire(s16599)
neg, 0.06835966698426181, fire(s7305)
neg, 0.10546273668023358, fire(s3786)
neg, 0.0687196429327645, fire(s16932)
neg, 0.48156457007896825, fire(s4779)
neg, 0.06345017110876011, fire(s17143)
neg, 0.18165774512754218, fire(s7646)
neg, 0.06896874770255819, fire(s7499)
neg, 0.1738284949510473, fire(s7785)
neg, 0.07650194505980434, fire(s1122)
neg, 0.10446904032886767, fire(s2562)
neg, 0.0618101495873702, fire(s15667)
neg, 0.07650194505980434, fire(s1117)
neg, 0.10641085796076569, fire(s4094)
neg, 0.10546273668023358, fire(s4746)
neg, 0.7050794831516204, fire(s6782)
neg, 0.14108502965047381, fire(s8201)
neg, 0.7722568095276021, fire(s7874)
neg, 0.06149836139264822, fire(s10706)
neg, 0.7756941763755947, fire(s12038)
neg, 0.06149836139264822, fire(s9366)
neg, 0.18804952640838707, fire(s5366)
neg, 0.16883014440638675, fire(s10483)
neg, 0.17957182305333547, fire(s1635)
neg, 0.47524739526046406, fire(s15591)
neg, 0.0754696783153572, fire(s12616)
neg, 0.24596492448378912, fire(s7747)
neg, 0.07788530431322217, fire(s16444)
neg, 0.07197501566426029, fire(s6849)
neg, 0.07788530431322217, fire(s2351)
neg, 0.5849992914577763, fire(s1678)
neg, 0.23717588898328, fire(s12852)
neg, 0.07650194505980434, fire(s643)
neg, 0.07302076670484071, fire(s11353)
neg, 0.06205228119642829, fire(s1011)
neg, 0.26501695078032816, fire(s7073)
neg, 0.06896874770255819, fire(s2790)
neg, 0.07755060782643777, fire(s14133)
neg, 0.6294662947095612, fire(s12796)
neg, 0.06745905720419866, fire(s221)
neg, 0.1463994022034886, fire(s2240)
neg, 0.06956899168789765, fire(s8965)
neg, 0.13866620615374525, fire(s1713)
neg, 0.11417520768658383, fire(s16401)
neg, 0.17616138870157572, fire(s343)
neg, 0.10735919780547226, fire(s4559)
neg, 0.0596046018514803, fire(s10570)
neg, 0.07256769450444299, fire(s3815)
neg, 0.21940145108843195, fire(s855)
neg, 0.12410332835891447, fire(s6259)
neg, 0.060114782813311306, fire(s1312)
neg, 0.09774968796908917, fire(s14296)
neg, 0.17687324465094664, fire(s16757)
neg, 0.06780087912244642, fire(s2754)
neg, 0.06791329563768556, fire(s7290)
neg, 0.07755060782643777, fire(s11145)
neg, 0.18804952640838707, fire(s12831)
neg, 0.5311046895550057, fire(s5581)
neg, 0.060114782813311306, fire(s2950)
neg, 0.7861980976999113, fire(s8892)
neg, 0.09703513075181326, fire(s9259)
neg, 0.5811098324850555, fire(s16866)
neg, 0.06205228119642829, fire(s993)
neg, 0.06896874770255819, fire(s13332)
neg, 0.17616138870157572, fire(s6406)
neg, 0.3368656413252695, fire(s5689)
neg, 0.05979845056903463, fire(s2673)
neg, 0.662421035463622, fire(s12809)
neg, 0.5608744088662815, fire(s1763)
neg, 0.09703513075181326, fire(s5847)
neg, 0.07788530431322217, fire(s16495)
neg, 0.09322827080942613, fire(s2504)
neg, 0.0690962579591232, fire(s14791)
neg, 0.19328209321711334, fire(s15006)
neg, 0.0783995157344608, fire(s9233)
neg, 0.05921176544828596, fire(s14799)
neg, 0.06373050438662459, fire(s7220)
neg, 0.11395964203698872, fire(s795)
neg, 0.08618889479354573, fire(s5463)
neg, 0.06896874770255819, fire(s16146)
neg, 0.13945024560288433, fire(s12273)
neg, 0.06006368466010105, fire(s2520)
neg, 0.09857342155529382, fire(s190)
neg, 0.61677101659671, fire(s9878)
neg, 0.07444956813850276, fire(s1846)
neg, 0.10794059670890224, fire(s5358)
neg, 0.0690962579591232, fire(s14744)
neg, 0.18165774512754218, fire(s11169)
neg, 0.09530003562697839, fire(s11737)
neg, 0.14108502965047381, fire(s8144)
neg, 0.15420083672760848, fire(s8709)
neg, 0.07748955047087384, fire(s9974)
neg, 0.12671521489297222, fire(s3633)
neg, 0.7886421487382842, fire(s6236)
neg, 0.5202372555382757, fire(s9706)
neg, 0.41959005558855905, fire(s8824)
neg, 0.26501695078032816, fire(s11104)
neg, 0.2813975586346894, fire(s11541)
neg, 0.09294892785213185, fire(s12119)
neg, 0.26501695078032816, fire(s7851)
neg, 0.09838813162062629, fire(s393)
neg, 0.18804952640838707, fire(s5369)
neg, 0.21100388760890929, fire(s10977)
neg, 0.18804952640838707, fire(s12843)
neg, 0.0690962579591232, fire(s14759)
neg, 0.06149836139264822, fire(s9378)
neg, 0.22240229897489533, fire(s11427)
neg, 0.10085251300153004, fire(s11468)
neg, 0.0774558727663539, fire(s10454)
neg, 0.2181386530806669, fire(s7773)
neg, 0.09101137171777234, fire(s9638)
neg, 0.06149836139264822, fire(s9431)
neg, 0.09703513075181326, fire(s5807)
neg, 0.18165774512754218, fire(s3496)
neg, 0.5786985030252184, fire(s13449)
neg, 0.11035457874115787, fire(s15340)
neg, 0.17699758599346138, fire(s9521)
neg, 0.44802733222633956, fire(s3327)
neg, 0.15388345133300918, fire(s1586)
neg, 0.5786985030252184, fire(s15039)
neg, 0.20330129573557676, fire(s16811)
neg, 0.2127190816971962, fire(s3587)
neg, 0.07444956813850276, fire(s1838)
neg, 0.456703252291545, fire(s9584)
neg, 0.2237359914390558, fire(s12370)
neg, 0.06635973675985336, fire(s14626)
neg, 0.48786456143368745, fire(s8071)
neg, 0.22496392174783433, fire(s6495)
neg, 0.3687423711342096, fire(s6131)
neg, 0.1738284949510473, fire(s8672)
neg, 0.06896874770255819, fire(s7546)
neg, 0.2090469621163162, fire(s13358)
neg, 0.060114782813311306, fire(s16547)
neg, 0.17687324465094664, fire(s16747)
neg, 0.10125547105016332, fire(s7424)
neg, 0.6553037164024855, fire(s3454)
neg, 0.060114782813311306, fire(s1341)
neg, 0.06561457363220331, fire(s10612)
neg, 0.07417768292291867, fire(s6802)
neg, 0.19328209321711334, fire(s3120)
neg, 0.06896874770255819, fire(s7515)
neg, 0.685081333176042, fire(s5573)
neg, 0.06896874770255819, fire(s7485)
neg, 0.06889514433504211, fire(s6033)
neg, 0.32996320488009045, fire(s411)
neg, 0.06896874770255819, fire(s16124)
neg, 0.10851856879649442, fire(s4355)
neg, 0.7498062527555263, fire(s8342)
neg, 0.26958469648706423, fire(s8353)
neg, 0.09530003562697839, fire(s11717)
neg, 0.17616138870157572, fire(s320)
neg, 0.07417768292291867, fire(s6560)
neg, 0.06896874770255819, fire(s14870)
neg, 0.5786985030252184, fire(s7689)
neg, 0.11577819699784184, fire(s1410)
neg, 0.5830535509007405, fire(s12288)
neg, 0.14574233931615344, fire(s10440)
neg, 0.26501695078032816, fire(s16739)
neg, 0.06921946390499543, fire(s11326)
neg, 0.10851856879649442, fire(s4338)
neg, 0.24877357782184192, fire(s13474)
neg, 0.06163192829155597, fire(s9666)
neg, 0.6174448296311612, fire(s4921)
neg, 0.06149836139264822, fire(s14842)
neg, 0.18165774512754218, fire(s7651)
neg, 0.06889514433504211, fire(s6044)
neg, 0.06835966698426181, fire(s7330)
neg, 0.6553037164024855, fire(s15230)
neg, 0.07302076670484071, fire(s11354)
neg, 0.06896874770255819, fire(s151)
neg, 0.7116036632140873, fire(s6595)
neg, 0.0618101495873702, fire(s12199)
neg, 0.08372904965091232, fire(s898)
neg, 0.08237202667286884, fire(s11159)
neg, 0.6220505997004, fire(s5320)
neg, 0.5786985030252184, fire(s16717)
neg, 0.10641085796076569, fire(s4101)
neg, 0.09878771789508248, fire(s15734)
neg, 0.06149836139264822, fire(s11951)
neg, 0.0629244738494064, fire(s14987)
neg, 0.7794060300367013, fire(s373)
neg, 0.5830535509007405, fire(s12290)
neg, 0.07788530431322217, fire(s7939)
neg, 0.15578193828017597, fire(s1799)
neg, 0.11417520768658383, fire(s6372)
neg, 0.1738284949510473, fire(s5447)
neg, 0.1910300104139316, fire(s3869)
neg, 0.09530003562697839, fire(s11695)
neg, 0.18547487284809572, fire(s11598)
neg, 0.18804952640838707, fire(s4904)
neg, 0.0596046018514803, fire(s10531)
neg, 0.08776222035865404, fire(s3796)
neg, 0.06896874770255819, fire(s15)
neg, 0.36859225118609884, fire(s5101)
neg, 0.07788530431322217, fire(s17198)
neg, 0.09774968796908917, fire(s14299)
neg, 0.17957182305333547, fire(s566)
neg, 0.49055774026849047, fire(s14993)
neg, 0.060114782813311306, fire(s1304)
neg, 0.06896874770255819, fire(s14927)
neg, 0.46034314001735893, fire(s6607)
neg, 0.28019749569692376, fire(s3546)
neg, 0.11992058160599413, fire(s8155)
neg, 0.13945024560288433, fire(s12242)
neg, 0.6633310737479818, fire(s16865)
neg, 0.13368656116857733, fire(s12706)
neg, 0.14928106630425017, fire(s14621)
neg, 0.1738284949510473, fire(s5436)
neg, 0.18804952640838707, fire(s13553)
neg, 0.08618889479354573, fire(s5500)
neg, 0.12804165849917465, fire(s1856)
neg, 0.07984646007264203, fire(s14159)
neg, 0.13342614211681805, fire(s602)
neg, 0.19328209321711334, fire(s3098)
neg, 0.06780087912244642, fire(s2718)
neg, 0.5608744088662815, fire(s2328)
neg, 0.06896874770255819, fire(s122)
neg, 0.6070947236007742, fire(s2495)
neg, 0.09149409863277265, fire(s16286)
neg, 0.06896874770255819, fire(s1206)
neg, 0.09322827080942613, fire(s2507)
neg, 0.19846939527948457, fire(s12229)
neg, 0.07816071345157796, fire(s15486)
neg, 0.1910300104139316, fire(s13694)
neg, 0.15556773624142095, fire(s1508)
neg, 0.34456163332936507, fire(s6963)
neg, 0.09838813162062629, fire(s380)
neg, 0.06345017110876011, fire(s17153)
neg, 0.06158437853838448, fire(s12777)
neg, 0.11395964203698872, fire(s791)
neg, 0.10085251300153004, fire(s13820)
neg, 0.06896874770255819, fire(s13260)
neg, 0.16794186477919584, fire(s10317)
neg, 0.06896874770255819, fire(s80)
neg, 0.15578193828017597, fire(s1798)
neg, 0.17957182305333547, fire(s9682)
neg, 0.06481792617600098, fire(s438)
neg, 0.07065034333315326, fire(s13119)
neg, 0.19076114332299754, fire(s9098)
neg, 0.5987247375149591, fire(s1914)
neg, 0.09158133734065428, fire(s8745)
neg, 0.43290750914890125, fire(s1448)
neg, 0.06149836139264822, fire(s11931)
neg, 0.05979845056903463, fire(s2650)
neg, 0.2832471084710809, fire(s10382)
neg, 0.06635973675985336, fire(s15776)
neg, 0.13953315118154438, fire(s4561)
neg, 0.05979845056903463, fire(s2626)
neg, 0.13570614855081886, fire(s10367)
neg, 0.12933858795237899, fire(s8937)
neg, 0.4788819230014951, fire(s2084)
neg, 0.0596046018514803, fire(s10512)
neg, 0.1463994022034886, fire(s4175)
neg, 0.14574233931615344, fire(s10437)
neg, 0.3120804434903786, fire(s15632)
neg, 0.06896874770255819, fire(s102)
neg, 0.07788530431322217, fire(s16434)
neg, 0.36181886613138403, fire(s10388)
neg, 0.08827756788172904, fire(s8585)
neg, 0.10641085796076569, fire(s4099)
neg, 0.25588583522357483, fire(s6898)
neg, 0.0774558727663539, fire(s4415)
neg, 0.18804952640838707, fire(s5377)
neg, 0.6401715603596777, fire(s9847)
neg, 0.17957182305333547, fire(s285)
neg, 0.11577819699784184, fire(s1407)
neg, 0.20078741389248553, fire(s13625)
neg, 0.6416513938752549, fire(s10248)
neg, 0.2753356064983034, fire(s9919)
neg, 0.2402588873071464, fire(s11553)
neg, 0.18804952640838707, fire(s15413)
neg, 0.26958469648706423, fire(s6932)
neg, 0.06896874770255819, fire(s13348)
neg, 0.5221106324006751, fire(s5239)
neg, 0.07788530431322217, fire(s2363)
neg, 0.060114782813311306, fire(s16556)
neg, 0.12410332835891447, fire(s3152)
neg, 0.07650194505980434, fire(s16067)
neg, 0.18165774512754218, fire(s7648)
neg, 0.1463994022034886, fire(s2264)
neg, 0.07417768292291867, fire(s6566)
neg, 0.09149409863277265, fire(s16677)
neg, 0.0596046018514803, fire(s14677)
neg, 0.12804165849917465, fire(s14282)
neg, 0.06896874770255819, fire(s2911)
neg, 0.08251092301215286, fire(s13163)
neg, 0.06896874770255819, fire(s10807)
neg, 0.09703513075181326, fire(s5813)
neg, 0.06896874770255819, fire(s16173)
neg, 0.06896874770255819, fire(s13247)
neg, 0.07417768292291867, fire(s4443)
neg, 0.0702952198829745, fire(s15886)
neg, 0.06205228119642829, fire(s15956)
neg, 0.13100426837413945, fire(s486)
neg, 0.1065926582812655, fire(s10288)
neg, 0.07755060782643777, fire(s14131)
neg, 0.18804952640838707, fire(s5395)
neg, 0.2933536539112621, fire(s14397)
neg, 0.0755768068090043, fire(s3002)
neg, 0.15578193828017597, fire(s10259)
neg, 0.18804952640838707, fire(s4933)
neg, 0.26958469648706423, fire(s16742)
neg, 0.23718818546240317, fire(s13418)
neg, 0.23474504286167322, fire(s2434)
neg, 0.18804952640838707, fire(s8905)
neg, 0.10851856879649442, fire(s4354)
neg, 0.0596046018514803, fire(s10526)
neg, 0.07417768292291867, fire(s4447)
neg, 0.12410332835891447, fire(s6277)
neg, 0.20078741389248553, fire(s4615)
neg, 0.06896874770255819, fire(s1208)
neg, 0.1463994022034886, fire(s9757)
neg, 0.17957182305333547, fire(s9679)
neg, 0.0774558727663539, fire(s7639)
neg, 0.14108502965047381, fire(s8199)
neg, 0.06345017110876011, fire(s17116)
neg, 0.07788530431322217, fire(s7954)
neg, 0.07788530431322217, fire(s2377)
neg, 0.07788530431322217, fire(s2378)
neg, 0.5202372555382757, fire(s9720)
neg, 0.6454641280176423, fire(s11414)
neg, 0.060114782813311306, fire(s175)
neg, 0.08041068822101889, fire(s15298)
neg, 0.07650194505980434, fire(s1105)
neg, 0.06896874770255819, fire(s51)
neg, 0.06896874770255819, fire(s2857)
neg, 0.06896874770255819, fire(s32)
neg, 0.19328209321711334, fire(s15004)
neg, 0.07788530431322217, fire(s16498)
neg, 0.11221848269028258, fire(s12428)
neg, 0.07816071345157796, fire(s425)
neg, 0.0774558727663539, fire(s4394)
neg, 0.2564145192667804, fire(s14053)
neg, 0.11395964203698872, fire(s808)
neg, 0.07788530431322217, fire(s2389)
neg, 0.06205228119642829, fire(s963)
neg, 0.7722568095276021, fire(s7868)
neg, 0.25597614953392966, fire(s16983)
neg, 0.07095446530593894, fire(s12462)
neg, 0.6440467709476426, fire(s10251)
neg, 0.06561457363220331, fire(s10646)
neg, 0.06896874770255819, fire(s103)
neg, 0.15802424433200357, fire(s11284)
neg, 0.06896874770255819, fire(s7489)
neg, 0.08985875329792295, fire(s1835)
neg, 0.06486705609250226, fire(s9767)
neg, 0.08439459463527656, fire(s10287)
neg, 0.0783995157344608, fire(s9210)
neg, 0.06896874770255819, fire(s4267)
neg, 0.06896874770255819, fire(s7541)
neg, 0.16015810448141748, fire(s3096)
neg, 0.11395964203698872, fire(s462)
neg, 0.18804952640838707, fire(s12397)
neg, 0.07936483641683875, fire(s11511)
neg, 0.21688250285011773, fire(s6638)
neg, 0.07650194505980434, fire(s1087)
neg, 0.08618889479354573, fire(s5488)
neg, 0.08618889479354573, fire(s5466)
neg, 0.2012775187424785, fire(s14561)
neg, 0.07788530431322217, fire(s2346)
neg, 0.5608744088662815, fire(s1686)
neg, 0.1738284949510473, fire(s7781)
neg, 0.060114782813311306, fire(s10860)
neg, 0.07592158556568551, fire(s15061)
neg, 0.2813975586346894, fire(s5599)
neg, 0.6957089652460031, fire(s5329)
neg, 0.15244980250369924, fire(s12216)
neg, 0.14928106630425017, fire(s14620)
neg, 0.0690962579591232, fire(s14767)
neg, 0.06896874770255819, fire(s7461)
neg, 0.2716781699342456, fire(s8527)
neg, 0.2402588873071464, fire(s5661)
neg, 0.09490588318133754, fire(s12878)
neg, 0.0783995157344608, fire(s5741)
neg, 0.7722568095276021, fire(s7873)
neg, 0.15471016681649383, fire(s4540)
neg, 0.06896874770255819, fire(s1171)
neg, 0.11422323051302803, fire(s5342)
neg, 0.11041754653532782, fire(s5225)
neg, 0.10867219989691658, fire(s15862)
neg, 0.26958469648706423, fire(s8375)
neg, 0.6489172578413255, fire(s16726)
neg, 0.0774558727663539, fire(s7614)
neg, 0.10085251300153004, fire(s11465)
neg, 0.06896874770255819, fire(s4270)
neg, 0.12425798106073993, fire(s11795)
neg, 0.07965743068498686, fire(s17010)
neg, 0.1738284949510473, fire(s3163)
neg, 0.17551087046985103, fire(s9112)
neg, 0.14060874799644574, fire(s8726)
neg, 0.06149836139264822, fire(s11876)
neg, 0.18804952640838707, fire(s13547)
neg, 0.12410332835891447, fire(s3138)
neg, 0.060114782813311306, fire(s10847)
neg, 0.06164437033168064, fire(s1139)
neg, 0.07909472255348197, fire(s1863)
neg, 0.17699758599346138, fire(s5998)
neg, 0.7537846054663628, fire(s4663)
neg, 0.06149836139264822, fire(s9388)
neg, 0.7084836599528118, fire(s2279)
neg, 0.7498062527555263, fire(s8337)
neg, 0.06896874770255819, fire(s1192)
neg, 0.06345017110876011, fire(s16540)
neg, 0.06149836139264822, fire(s14813)
neg, 0.10641085796076569, fire(s4124)
neg, 0.0774558727663539, fire(s15690)
neg, 0.06835966698426181, fire(s7303)
neg, 0.06896874770255819, fire(s13341)
neg, 0.12806337138456567, fire(s8464)
neg, 0.07065034333315326, fire(s13073)
neg, 0.08707140323305083, fire(s659)
neg, 0.07592158556568551, fire(s15060)
neg, 0.06373050438662459, fire(s7207)
neg, 0.08942638149555897, fire(s6116)
neg, 0.08784524711694777, fire(s17063)
neg, 0.3747659773007867, fire(s6954)
neg, 0.06149836139264822, fire(s14809)
neg, 0.06889514433504211, fire(s6069)
neg, 0.06896874770255819, fire(s2811)
neg, 0.15306041214462762, fire(s3614)
neg, 0.18804952640838707, fire(s15155)
neg, 0.7156511262780445, fire(s13645)
neg, 0.5830535509007405, fire(s9861)
neg, 0.06896874770255819, fire(s9)
neg, 0.2121512531005388, fire(s12743)
neg, 0.10323445960930942, fire(s8599)
neg, 0.5486576296889049, fire(s3070)
neg, 0.08708624926359329, fire(s16240)
neg, 0.11395964203698872, fire(s481)
neg, 0.06896874770255819, fire(s13249)
neg, 0.0774558727663539, fire(s4402)
neg, 0.1641197612388597, fire(s12988)
neg, 0.09778730379876609, fire(s8225)
neg, 0.1910300104139316, fire(s1925)
neg, 0.2237359914390558, fire(s15177)
neg, 0.17699758599346138, fire(s9468)
neg, 0.060114782813311306, fire(s183)
neg, 0.08827756788172904, fire(s8580)
neg, 0.06896874770255819, fire(s13329)
neg, 0.06889514433504211, fire(s6037)
neg, 0.2933536539112621, fire(s14389)
neg, 0.1738284949510473, fire(s7659)
neg, 0.2237359914390558, fire(s4843)
neg, 0.10546273668023358, fire(s3753)
neg, 0.2237359914390558, fire(s7901)
neg, 0.17699758599346138, fire(s5997)
neg, 0.09150732929892241, fire(s15752)
neg, 0.08708624926359329, fire(s16241)
neg, 0.060114782813311306, fire(s2957)
neg, 0.06149836139264822, fire(s5881)
neg, 0.10987221103739737, fire(s15405)
neg, 0.06896874770255819, fire(s2872)
neg, 0.06302650619378809, fire(s2580)
neg, 0.16110338619526976, fire(s831)
neg, 0.09530003562697839, fire(s11680)
neg, 0.3612416969845993, fire(s17084)
neg, 0.17616138870157572, fire(s289)
neg, 0.07256769450444299, fire(s3810)
neg, 0.07788530431322217, fire(s2339)
neg, 0.12763026786517656, fire(s12874)
neg, 0.6280063748539177, fire(s342)
neg, 0.1463994022034886, fire(s2242)
neg, 0.0739023077934156, fire(s2023)
neg, 0.06835966698426181, fire(s7299)
neg, 0.10698602435267256, fire(s12786)
neg, 0.7787968357792703, fire(s16833)
neg, 0.1463994022034886, fire(s2474)
neg, 0.1463994022034886, fire(s2267)
neg, 0.06509129552819162, fire(s10971)
neg, 0.0847974937262104, fire(s9950)
neg, 0.5608744088662815, fire(s2316)
neg, 0.08942638149555897, fire(s6094)
neg, 0.08784524711694777, fire(s17064)
neg, 0.06896874770255819, fire(s7451)
neg, 0.0774558727663539, fire(s8115)
neg, 0.5432873016942634, fire(s8489)
neg, 0.10173557406633744, fire(s5050)
neg, 0.25250533287337573, fire(s9888)
neg, 0.16794186477919584, fire(s10334)
neg, 0.08942638149555897, fire(s6110)
neg, 0.26501695078032816, fire(s13519)
neg, 0.41959005558855905, fire(s8822)
neg, 0.14230727065592483, fire(s3573)
neg, 0.06149836139264822, fire(s10718)
neg, 0.06889514433504211, fire(s6029)
neg, 0.0739023077934156, fire(s2003)
neg, 0.076646268952193, fire(s10012)
neg, 0.2237359914390558, fire(s7899)
neg, 0.06149836139264822, fire(s14821)
neg, 0.06561457363220331, fire(s10653)
neg, 0.07816071345157796, fire(s15480)
neg, 0.12806337138456567, fire(s8451)
neg, 0.06149836139264822, fire(s9416)
neg, 0.0690962579591232, fire(s14739)
neg, 0.3466295442581005, fire(s8163)
neg, 0.07650194505980434, fire(s1058)
neg, 0.13866620615374525, fire(s1700)
neg, 0.07443597047867014, fire(s12758)
neg, 0.18165774512754218, fire(s11174)
neg, 0.09541239112357343, fire(s15872)
neg, 0.06205228119642829, fire(s15962)
neg, 0.07302076670484071, fire(s12489)
neg, 0.1738284949510473, fire(s15104)
neg, 0.09101137171777234, fire(s9639)
neg, 0.05979845056903463, fire(s2621)
neg, 0.06896874770255819, fire(s10771)
neg, 0.07065034333315326, fire(s13106)
neg, 0.07748955047087384, fire(s9997)
neg, 0.26501695078032816, fire(s7853)
neg, 0.06896874770255819, fire(s10804)
neg, 0.06889514433504211, fire(s6060)
neg, 0.06345017110876011, fire(s17166)
neg, 0.6508844567457879, fire(s3998)
neg, 0.06791329563768556, fire(s7289)
neg, 0.06149836139264822, fire(s9379)
neg, 0.7388717673276791, fire(s6787)
neg, 0.33232408929372637, fire(s16989)
neg, 0.25717719187053445, fire(s13718)
neg, 0.10125547105016332, fire(s7400)
neg, 0.07788530431322217, fire(s7960)
neg, 0.0774558727663539, fire(s4406)
neg, 0.6454641280176423, fire(s16583)
neg, 0.08618889479354573, fire(s5469)
neg, 0.07909472255348197, fire(s6183)
neg, 0.18804952640838707, fire(s13559)
neg, 0.7861980976999113, fire(s8896)
neg, 0.7113380000099123, fire(s11417)
neg, 0.07256769450444299, fire(s3816)
neg, 0.07154701658285464, fire(s7035)
neg, 0.09101137171777234, fire(s9636)
neg, 0.32881295459653626, fire(s14151)
neg, 0.16714703209170143, fire(s6481)
neg, 0.1734976010366409, fire(s9063)
neg, 0.08942638149555897, fire(s6112)
neg, 0.07984646007264203, fire(s14157)
neg, 0.18165774512754218, fire(s11171)
neg, 0.06319322932140764, fire(s8992)
neg, 0.06896874770255819, fire(s16392)
neg, 0.6553037164024855, fire(s15234)
neg, 0.4788819230014951, fire(s2099)
neg, 0.11041754653532782, fire(s5166)
neg, 0.11566812380616502, fire(s6617)
neg, 0.0690962579591232, fire(s14783)
neg, 0.1738284949510473, fire(s11060)
neg, 0.060114782813311306, fire(s179)
neg, 0.6083428999984073, fire(s6797)
neg, 0.06896874770255819, fire(s10777)
neg, 0.13100426837413945, fire(s488)
neg, 0.26958469648706423, fire(s8360)
neg, 0.1463994022034886, fire(s4198)
neg, 0.08041068822101889, fire(s9122)
neg, 0.06896874770255819, fire(s64)
neg, 0.09530003562697839, fire(s11720)
neg, 0.11417520768658383, fire(s7917)
neg, 0.13087507448674776, fire(s5354)
neg, 0.05847598957105911, fire(s2592)
neg, 0.06780087912244642, fire(s2697)
neg, 0.06896874770255819, fire(s13312)
neg, 0.1463994022034886, fire(s4163)
neg, 0.7156511262780445, fire(s7135)
neg, 0.33703578078377633, fire(s9129)
neg, 0.07400099456529151, fire(s17033)
neg, 0.07909472255348197, fire(s1864)
neg, 0.2402588873071464, fire(s14560)
neg, 0.4302987232375122, fire(s12150)
neg, 0.06921946390499543, fire(s11332)
neg, 0.26958469648706423, fire(s6923)
neg, 0.17616138870157572, fire(s14223)
neg, 0.07065034333315326, fire(s13077)
neg, 0.06205228119642829, fire(s15924)
neg, 0.19692645041772525, fire(s3473)
neg, 0.06373050438662459, fire(s7204)
neg, 0.4401702073164234, fire(s5299)
neg, 0.1314207461740645, fire(s856)
neg, 0.2813975586346894, fire(s11537)
neg, 0.14211456631684735, fire(s3135)
neg, 0.26958469648706423, fire(s8371)
neg, 0.07788530431322217, fire(s16436)
neg, 0.17075375465356293, fire(s8119)
neg, 0.08707140323305083, fire(s669)
neg, 0.13342614211681805, fire(s597)
neg, 0.07417768292291867, fire(s6561)
neg, 0.2237359914390558, fire(s8877)
neg, 0.11417520768658383, fire(s8931)
neg, 0.10372064642827154, fire(s10881)
neg, 0.0596046018514803, fire(s14659)
neg, 0.07748955047087384, fire(s9992)
neg, 0.635958154287192, fire(s14431)
neg, 0.06277071381920567, fire(s9004)
neg, 0.18547487284809572, fire(s11604)
neg, 0.18804952640838707, fire(s5402)
neg, 0.6220505997004, fire(s5319)
neg, 0.06896874770255819, fire(s16203)
neg, 0.1219769440509289, fire(s15548)
neg, 0.1463994022034886, fire(s4167)
neg, 0.2237359914390558, fire(s15159)
neg, 0.5486576296889049, fire(s3020)
neg, 0.16015810448141748, fire(s3088)
neg, 0.060114782813311306, fire(s10864)
neg, 0.1463994022034886, fire(s2243)
neg, 0.2813975586346894, fire(s5652)
neg, 0.08776656694731101, fire(s12514)
neg, 0.06561457363220331, fire(s10625)
neg, 0.20611917847443217, fire(s7088)
neg, 0.36181886613138403, fire(s10392)
neg, 0.06780087912244642, fire(s2736)
neg, 0.06481792617600098, fire(s435)
neg, 0.07650194505980434, fire(s16086)
neg, 0.06896874770255819, fire(s14913)
neg, 0.08251092301215286, fire(s13165)
neg, 0.060114782813311306, fire(s2966)
neg, 0.07788530431322217, fire(s16529)
neg, 0.0847974937262104, fire(s6078)
neg, 0.07984646007264203, fire(s16870)
neg, 0.0774558727663539, fire(s13374)
neg, 0.06835966698426181, fire(s7295)
neg, 0.06006368466010105, fire(s2552)
neg, 0.06835966698426181, fire(s7292)
neg, 0.13866620615374525, fire(s6307)
neg, 0.07862053842283713, fire(s1463)
neg, 0.07788530431322217, fire(s16450)
neg, 0.06149836139264822, fire(s11895)
neg, 0.08398787549505687, fire(s724)
neg, 0.2933536539112621, fire(s3220)
neg, 0.06896874770255819, fire(s1163)
neg, 0.06561457363220331, fire(s10580)
neg, 0.2402588873071464, fire(s11555)
neg, 0.2933536539112621, fire(s3230)
neg, 0.3120804434903786, fire(s15633)
neg, 0.07470510535372304, fire(s15550)
neg, 0.12217143463432266, fire(s10196)
neg, 0.11395964203698872, fire(s806)
neg, 0.24877357782184192, fire(s13869)
neg, 0.4302987232375122, fire(s12148)
neg, 0.14108502965047381, fire(s8143)
neg, 0.19192600619578823, fire(s8655)
neg, 0.23718818546240317, fire(s13422)
neg, 0.11137554246614707, fire(s14325)
neg, 0.06205228119642829, fire(s15920)
neg, 0.6326135436269921, fire(s3246)
neg, 0.06896874770255819, fire(s16329)
neg, 0.32881295459653626, fire(s3523)
neg, 0.11388145069613308, fire(s10092)
neg, 0.26958469648706423, fire(s6991)
neg, 0.06896874770255819, fire(s7535)
neg, 0.07586723187849086, fire(s14638)
neg, 0.4207431523059142, fire(s11529)
neg, 0.7258769164216654, fire(s13653)
neg, 0.7485558935455164, fire(s4833)
neg, 0.21688250285011773, fire(s6657)
neg, 0.07650194505980434, fire(s3918)
neg, 0.11417520768658383, fire(s8424)
neg, 0.08425644788281818, fire(s504)
neg, 0.06896874770255819, fire(s13336)
neg, 0.12804165849917465, fire(s1855)
neg, 0.20078741389248553, fire(s4616)
neg, 0.07417768292291867, fire(s5000)
neg, 0.06149836139264822, fire(s11900)
neg, 0.2552093482921102, fire(s1475)
neg, 0.07564535104168915, fire(s14496)
neg, 0.22243500124876175, fire(s4644)
neg, 0.10125547105016332, fire(s7389)
neg, 0.13866620615374525, fire(s1718)
neg, 0.06896874770255819, fire(s2879)
neg, 0.06835966698426181, fire(s7327)
neg, 0.6454641280176423, fire(s16586)
neg, 0.1641197612388597, fire(s13000)
neg, 0.07909472255348197, fire(s6186)
neg, 0.126405785410075, fire(s620)
neg, 0.19328209321711334, fire(s3114)
neg, 0.08618889479354573, fire(s5489)
neg, 0.08012277814009822, fire(s3771)
neg, 0.14342377762305483, fire(s11248)
neg, 0.060114782813311306, fire(s14949)
neg, 0.07470510535372304, fire(s11487)
neg, 0.060114782813311306, fire(s16545)
neg, 0.17699758599346138, fire(s9478)
neg, 0.26501695078032816, fire(s7070)
neg, 0.07118711524413612, fire(s4480)
neg, 0.25588583522357483, fire(s4574)
neg, 0.0783995157344608, fire(s5710)
neg, 0.4018673724813206, fire(s11846)
neg, 0.06149836139264822, fire(s10731)
neg, 0.621849842334207, fire(s6873)
neg, 0.6454641280176423, fire(s16585)
neg, 0.06149836139264822, fire(s9393)
neg, 0.06896874770255819, fire(s13316)
neg, 0.1463994022034886, fire(s2236)
neg, 0.46034314001735893, fire(s6604)
neg, 0.06158437853838448, fire(s12769)
neg, 0.15578193828017597, fire(s1885)
neg, 0.07095446530593894, fire(s6702)
neg, 0.07095446530593894, fire(s12463)
neg, 0.09530003562697839, fire(s11676)
neg, 0.07650194505980434, fire(s1074)
neg, 0.6021980002124001, fire(s12664)
neg, 0.15388345133300918, fire(s7969)
neg, 0.07400099456529151, fire(s12570)
neg, 0.06896874770255819, fire(s16149)
neg, 0.5486576296889049, fire(s3022)
neg, 0.18868771276554644, fire(s14632)
neg, 0.7253182293718295, fire(s11187)
neg, 0.1463994022034886, fire(s8430)
neg, 0.10616544668829155, fire(s874)
neg, 0.10372064642827154, fire(s1828)
neg, 0.06896874770255819, fire(s16176)
neg, 0.08251092301215286, fire(s13168)
neg, 0.06149836139264822, fire(s9389)
neg, 0.4031364763117468, fire(s3582)
neg, 0.2237359914390558, fire(s15165)
neg, 0.18804952640838707, fire(s5375)
neg, 0.07008870876787969, fire(s2989)
neg, 0.06896874770255819, fire(s10799)
neg, 0.2753356064983034, fire(s9914)
neg, 0.06149836139264822, fire(s11884)
neg, 0.10546273668023358, fire(s4745)
neg, 0.15578193828017597, fire(s1882)
neg, 0.08516057013017286, fire(s8563)
neg, 0.07564535104168915, fire(s14494)
neg, 0.5606641066732918, fire(s2281)
neg, 0.07984646007264203, fire(s4809)
neg, 0.06780087912244642, fire(s2676)
neg, 0.06763143277540577, fire(s10045)
neg, 0.10867219989691658, fire(s15859)
neg, 0.060114782813311306, fire(s2948)
neg, 0.20078741389248553, fire(s4620)
neg, 0.21100388760890929, fire(s11002)
neg, 0.2933536539112621, fire(s3223)
neg, 0.5786985030252184, fire(s7704)
neg, 0.1463994022034886, fire(s8433)
neg, 0.1738284949510473, fire(s13500)
neg, 0.2747191003678229, fire(s6500)
neg, 0.32922060608059883, fire(s9019)
neg, 0.1910300104139316, fire(s13693)
neg, 0.2237359914390558, fire(s7896)
neg, 0.4602885248370894, fire(s5254)
neg, 0.41011629581637576, fire(s3978)
neg, 0.1463994022034886, fire(s2254)
neg, 0.47524739526046406, fire(s16641)
neg, 0.17957182305333547, fire(s2166)
neg, 0.0755768068090043, fire(s2996)
neg, 0.08012277814009822, fire(s14042)
neg, 0.17699758599346138, fire(s9515)
neg, 0.4018673724813206, fire(s11847)
neg, 0.06896874770255819, fire(s16117)
neg, 0.10173557406633744, fire(s5040)
neg, 0.47793523985728226, fire(s8040)
neg, 0.07748955047087384, fire(s10002)
neg, 0.6178136766131525, fire(s5432)
neg, 0.0690962579591232, fire(s14771)
neg, 0.7156511262780445, fire(s13643)
neg, 0.06896874770255819, fire(s12019)
neg, 0.7722568095276021, fire(s7883)
neg, 0.1463994022034886, fire(s8434)
neg, 0.1212472014758633, fire(s10670)
neg, 0.06896874770255819, fire(s4)
neg, 0.5147401248193582, fire(s16284)
neg, 0.14717941395009956, fire(s10307)
neg, 0.3086725132850953, fire(s6949)
neg, 0.06373050438662459, fire(s7200)
neg, 0.14502258956567254, fire(s8083)
neg, 0.1413760240900161, fire(s2135)
neg, 0.06896874770255819, fire(s2898)
neg, 0.06158437853838448, fire(s9783)
neg, 0.11990997513505369, fire(s11252)
neg, 0.07319266520920138, fire(s13853)
neg, 0.3086725132850953, fire(s7055)
neg, 0.06149836139264822, fire(s10760)
neg, 0.5221106324006751, fire(s12501)
neg, 0.09838813162062629, fire(s12546)
neg, 0.10698602435267256, fire(s8808)
neg, 0.7861980976999113, fire(s8841)
neg, 0.10641085796076569, fire(s4138)
neg, 0.4330779360292346, fire(s13036)
neg, 0.11195957401989645, fire(s14579)
neg, 0.060114782813311306, fire(s10838)
neg, 0.06149836139264822, fire(s11961)
neg, 0.13866620615374525, fire(s1740)
neg, 0.11221848269028258, fire(s12427)
neg, 0.7537846054663628, fire(s4664)
neg, 0.09530003562697839, fire(s11688)
neg, 0.7497849083449682, fire(s10168)
neg, 0.1738284949510473, fire(s5445)
neg, 0.18165774512754218, fire(s3504)
neg, 0.08129598274046233, fire(s9628)
neg, 0.4636676142144754, fire(s9195)
neg, 0.17384099521504387, fire(s4585)
neg, 0.10867219989691658, fire(s15861)
neg, 0.12898682133587036, fire(s6707)
neg, 0.12804165849917465, fire(s1860)
neg, 0.12410332835891447, fire(s6265)
neg, 0.6326135436269921, fire(s3253)
neg, 0.06896874770255819, fire(s16230)
neg, 0.06635973675985336, fire(s7157)
neg, 0.10372064642827154, fire(s1829)
neg, 0.06896874770255819, fire(s2814)
neg, 0.20611917847443217, fire(s7737)
neg, 0.06389874009258513, fire(s6852)
neg, 0.6006437705922402, fire(s5683)
neg, 0.06149836139264822, fire(s10729)
neg, 0.1463994022034886, fire(s2250)
neg, 0.06896874770255819, fire(s2821)
neg, 0.17477552793001824, fire(s8801)
neg, 0.11757186546679356, fire(s13013)
neg, 0.1834571854656166, fire(s9547)
neg, 0.1738284949510473, fire(s11036)
neg, 0.060114782813311306, fire(s16557)
neg, 0.07650194505980434, fire(s1051)
neg, 0.06149836139264822, fire(s11891)
neg, 0.18804952640838707, fire(s5390)
neg, 0.1463994022034886, fire(s2224)
neg, 0.7153267035434135, fire(s3708)
neg, 0.1463994022034886, fire(s2208)
neg, 0.06149836139264822, fire(s10766)
neg, 0.07816071345157796, fire(s414)
neg, 0.6110959249902094, fire(s16592)
neg, 0.15388345133300918, fire(s13707)
neg, 0.3747659773007867, fire(s6957)
neg, 0.5830535509007405, fire(s9863)
neg, 0.17616138870157572, fire(s324)
neg, 0.06006368466010105, fire(s2523)
neg, 0.12806337138456567, fire(s8438)
neg, 0.2237359914390558, fire(s14066)
neg, 0.11577819699784184, fire(s1415)
neg, 0.11493590621194007, fire(s14594)
neg, 0.5221106324006751, fire(s5242)
neg, 0.6894601197204646, fire(s9558)
neg, 0.08618889479354573, fire(s5459)
neg, 0.06416245507704989, fire(s10208)
neg, 0.06006368466010105, fire(s2532)
neg, 0.07650194505980434, fire(s639)
neg, 0.41959005558855905, fire(s8823)
neg, 0.20275647841158356, fire(s3314)
neg, 0.6280063748539177, fire(s3848)
neg, 0.11661676955089474, fire(s2299)
neg, 0.07564535104168915, fire(s14495)
neg, 0.06486705609250226, fire(s9760)
neg, 0.2933536539112621, fire(s3284)
neg, 0.06205228119642829, fire(s15934)
neg, 0.43290750914890125, fire(s1458)
neg, 0.7756941763755947, fire(s12046)
neg, 0.060114782813311306, fire(s1340)
neg, 0.12763026786517656, fire(s12422)
neg, 0.07400099456529151, fire(s8978)
neg, 0.0783995157344608, fire(s5705)
neg, 0.07984646007264203, fire(s4811)
neg, 0.5202372555382757, fire(s9702)
neg, 0.08618889479354573, fire(s5456)
neg, 0.10125547105016332, fire(s7357)
neg, 0.09422238135854885, fire(s14375)
neg, 0.14577276146465692, fire(s2416)
neg, 0.13866620615374525, fire(s6343)
neg, 0.0739023077934156, fire(s453)
neg, 0.11990997513505369, fire(s11261)
neg, 0.09268369576261605, fire(s9148)
neg, 0.09149409863277265, fire(s16680)
neg, 0.06896874770255819, fire(s1196)
neg, 0.2933536539112621, fire(s15740)
neg, 0.08707140323305083, fire(s673)
neg, 0.0755768068090043, fire(s252)
neg, 0.2402588873071464, fire(s14557)
neg, 0.15578193828017597, fire(s1884)
neg, 0.11417520768658383, fire(s1775)
neg, 0.076646268952193, fire(s10031)
neg, 0.10327604603817014, fire(s742)
neg, 0.7865170863111081, fire(s17074)
neg, 0.11378911476988007, fire(s5313)
neg, 0.060114782813311306, fire(s1323)
neg, 0.05921176544828596, fire(s14801)
neg, 0.17272529698395234, fire(s1616)
neg, 0.07065034333315326, fire(s13084)
neg, 0.06149836139264822, fire(s11898)
neg, 0.07650194505980434, fire(s1092)
neg, 0.06896874770255819, fire(s71)
neg, 0.4881445456574173, fire(s12102)
neg, 0.10125547105016332, fire(s7423)
neg, 0.06896874770255819, fire(s1263)
neg, 0.13866620615374525, fire(s1731)
neg, 0.20611917847443217, fire(s7718)
neg, 0.456703252291545, fire(s9586)
neg, 0.1738284949510473, fire(s13475)
neg, 0.13452079298381758, fire(s17004)
neg, 0.07417768292291867, fire(s4456)
neg, 0.19692645041772525, fire(s3481)
neg, 0.06149836139264822, fire(s5929)
neg, 0.16883014440638675, fire(s10480)
neg, 0.25597614953392966, fire(s16981)
neg, 0.7253182293718295, fire(s11189)
neg, 0.06896874770255819, fire(s42)
neg, 0.2237359914390558, fire(s7143)
neg, 0.19328209321711334, fire(s13736)
neg, 0.20078741389248553, fire(s13623)
neg, 0.06896874770255819, fire(s7579)
neg, 0.06896874770255819, fire(s10803)
neg, 0.18165774512754218, fire(s11175)
neg, 0.14928106630425017, fire(s14616)
neg, 0.08288391275050759, fire(s9798)
neg, 0.6602342473719558, fire(s15618)
neg, 0.16794186477919584, fire(s10330)
neg, 0.06205228119642829, fire(s15969)
neg, 0.06617257668200344, fire(s3969)
neg, 0.13222531671142893, fire(s866)
neg, 0.076646268952193, fire(s10028)
neg, 0.2933536539112621, fire(s6734)
neg, 0.07197501566426029, fire(s6822)
neg, 0.6633310737479818, fire(s16864)
neg, 0.0596046018514803, fire(s10517)
neg, 0.47080286761908263, fire(s4478)
neg, 0.05979845056903463, fire(s2636)
neg, 0.08692440367939114, fire(s13010)
neg, 0.22243500124876175, fire(s4636)
neg, 0.4602885248370894, fire(s5251)
neg, 0.08129598274046233, fire(s9626)
neg, 0.6889009114310961, fire(s5422)
neg, 0.06302650619378809, fire(s2578)
neg, 0.1072363281803778, fire(s7283)
neg, 0.07788530431322217, fire(s2393)
neg, 0.47793523985728226, fire(s8045)
neg, 0.26958469648706423, fire(s6983)
neg, 0.5486576296889049, fire(s3067)
neg, 0.41011629581637576, fire(s15472)
neg, 0.06345017110876011, fire(s17119)
neg, 0.07076344415097591, fire(s8605)
neg, 0.08776656694731101, fire(s12515)
neg, 0.13945024560288433, fire(s12275)
neg, 0.15899540002096707, fire(s9114)
neg, 0.2402588873071464, fire(s5662)
neg, 0.060114782813311306, fire(s172)
neg, 0.44802733222633956, fire(s3320)
neg, 0.06745905720419866, fire(s220)
neg, 0.21100388760890929, fire(s15048)
neg, 0.09778730379876609, fire(s8231)
neg, 0.08041068822101889, fire(s15296)
neg, 0.13945024560288433, fire(s12277)
neg, 0.5786985030252184, fire(s7670)
neg, 0.1212472014758633, fire(s10674)
neg, 0.7253182293718295, fire(s11190)
neg, 0.13489682109607048, fire(s3643)
neg, 0.0690962579591232, fire(s14777)
neg, 0.07755060782643777, fire(s11130)
neg, 0.06416245507704989, fire(s10213)
neg, 0.06561457363220331, fire(s10647)
neg, 0.4018673724813206, fire(s11833)
neg, 0.7480657654740889, fire(s8401)
neg, 0.08827756788172904, fire(s8589)
neg, 0.06205228119642829, fire(s979)
neg, 0.060114782813311306, fire(s186)
neg, 0.4788819230014951, fire(s2104)
neg, 0.06780087912244642, fire(s2690)
neg, 0.3687423711342096, fire(s10221)
neg, 0.06635973675985336, fire(s15746)
neg, 0.10641085796076569, fire(s4135)
neg, 0.07467608105760841, fire(s5261)
neg, 0.060114782813311306, fire(s10822)
neg, 0.07788530431322217, fire(s2376)
neg, 0.635958154287192, fire(s4975)
neg, 0.06205228119642829, fire(s15938)
neg, 0.12425798106073993, fire(s11823)
neg, 0.0774558727663539, fire(s15718)
neg, 0.662421035463622, fire(s11181)
neg, 0.12763026786517656, fire(s12417)
neg, 0.13866620615374525, fire(s1724)
neg, 0.07400099456529151, fire(s17023)
neg, 0.3120804434903786, fire(s12701)
neg, 0.06896874770255819, fire(s1199)
neg, 0.10207923851245973, fire(s5060)
neg, 0.17957182305333547, fire(s571)
neg, 0.1413760240900161, fire(s2136)
neg, 0.07467608105760841, fire(s5277)
neg, 0.07650194505980434, fire(s16080)
neg, 0.0690962579591232, fire(s14727)
neg, 0.5135620530916619, fire(s11069)
neg, 0.0847974937262104, fire(s9949)
neg, 0.06896874770255819, fire(s2824)
neg, 0.07417768292291867, fire(s4441)
neg, 0.7794060300367013, fire(s6438)
neg, 0.06149836139264822, fire(s9465)
neg, 0.07816071345157796, fire(s420)
neg, 0.1476895673337462, fire(s9608)
neg, 0.6280063748539177, fire(s302)
neg, 0.06617257668200344, fire(s3954)
neg, 0.48156457007896825, fire(s4797)
neg, 0.14060874799644574, fire(s8739)
neg, 0.10573065894278558, fire(s10036)
neg, 0.0690962579591232, fire(s14728)
neg, 0.06895887180208313, fire(s5024)
neg, 0.2237359914390558, fire(s4845)
neg, 0.07417768292291867, fire(s4432)
neg, 0.07909472255348197, fire(s6187)
neg, 0.14928106630425017, fire(s14624)
neg, 0.2933536539112621, fire(s6741)
neg, 0.22496392174783433, fire(s6494)
neg, 0.06889514433504211, fire(s6047)
neg, 0.15244980250369924, fire(s12212)
neg, 0.2933536539112621, fire(s3224)
neg, 0.11041754653532782, fire(s5158)
neg, 0.13753677762492855, fire(s3341)
neg, 0.4528696051262699, fire(s16281)
neg, 0.16743477145747154, fire(s7232)
neg, 0.07417768292291867, fire(s4430)
neg, 0.1045537134481971, fire(s16579)
neg, 0.06149836139264822, fire(s9361)
neg, 0.21100388760890929, fire(s10998)
neg, 0.06896874770255819, fire(s16141)
neg, 0.07400099456529151, fire(s17025)
neg, 0.347546065794638, fire(s12647)
neg, 0.09294892785213185, fire(s12122)
neg, 0.15471016681649383, fire(s9009)
neg, 0.10173557406633744, fire(s5042)
neg, 0.47687655558889225, fire(s6630)
neg, 0.20611917847443217, fire(s7720)
neg, 0.0618101495873702, fire(s12716)
neg, 0.08827756788172904, fire(s8581)
neg, 0.13100426837413945, fire(s496)
neg, 0.07650194505980434, fire(s16037)
neg, 0.1282771573163355, fire(s12407)
neg, 0.06149836139264822, fire(s11916)
neg, 0.06896874770255819, fire(s114)
neg, 0.06392870965133604, fire(s12226)
neg, 0.19692645041772525, fire(s3480)
neg, 0.6006437705922402, fire(s5681)
neg, 0.5202372555382757, fire(s9701)
neg, 0.076646268952193, fire(s10026)
neg, 0.14502258956567254, fire(s8087)
neg, 0.08288391275050759, fire(s9796)
neg, 0.1108482296829882, fire(s11502)
neg, 0.06896874770255819, fire(s36)
neg, 0.6894601197204646, fire(s9565)
neg, 0.08251092301215286, fire(s13180)
neg, 0.07118711524413612, fire(s4486)
neg, 0.17957182305333547, fire(s2175)
neg, 0.29818937154389175, fire(s3778)
neg, 0.08251092301215286, fire(s13172)
neg, 0.41011629581637576, fire(s3985)
neg, 0.5486576296889049, fire(s3069)
neg, 0.43290750914890125, fire(s1462)
neg, 0.06149836139264822, fire(s10723)
neg, 0.07417768292291867, fire(s6551)
neg, 0.06896874770255819, fire(s14917)
neg, 0.20078741389248553, fire(s13635)
neg, 0.21491289688943674, fire(s14517)
neg, 0.06896874770255819, fire(s14909)
neg, 0.11072592964970633, fire(s12165)
neg, 0.06205228119642829, fire(s947)
neg, 0.0774558727663539, fire(s16260)
neg, 0.06149836139264822, fire(s5992)
neg, 0.06896874770255819, fire(s16)
neg, 0.6454641280176423, fire(s16584)
neg, 0.18547487284809572, fire(s11597)
neg, 0.2931657727588309, fire(s3567)
neg, 0.07400099456529151, fire(s17016)
neg, 0.06896874770255819, fire(s13313)
neg, 0.06149836139264822, fire(s9440)
neg, 0.0977500780627957, fire(s12623)
neg, 0.07426080946499954, fire(s14062)
neg, 0.20078741389248553, fire(s13602)
neg, 0.15244980250369924, fire(s12219)
neg, 0.3026418126122605, fire(s12646)
neg, 0.06373050438662459, fire(s14189)
neg, 0.5557921342029275, fire(s9560)
neg, 0.5830535509007405, fire(s15216)
neg, 0.07788530431322217, fire(s16531)
neg, 0.18804952640838707, fire(s12822)
neg, 0.07053860829007308, fire(s14061)
neg, 0.07118711524413612, fire(s8984)
neg, 0.06896874770255819, fire(s2833)
neg, 0.1641197612388597, fire(s12997)
neg, 0.06896874770255819, fire(s4308)
neg, 0.8227827548670615, fire(s13725)
neg, 0.07650194505980434, fire(s16043)
neg, 0.12500713835985036, fire(s15769)
neg, 0.07065034333315326, fire(s13080)
neg, 0.12410332835891447, fire(s1664)
neg, 0.7921971371460502, fire(s6411)
neg, 0.07470510535372304, fire(s4487)
neg, 0.06896874770255819, fire(s7566)
neg, 0.20330129573557676, fire(s16802)
neg, 0.34456163332936507, fire(s6964)
neg, 0.10412794393008556, fire(s4567)
neg, 0.10125547105016332, fire(s13765)
neg, 0.39942172809661824, fire(s15261)
neg, 0.076646268952193, fire(s10018)
neg, 0.39820551526396536, fire(s6156)
neg, 0.11417520768658383, fire(s1772)
neg, 0.43290750914890125, fire(s1460)
neg, 0.06373050438662459, fire(s14195)
neg, 0.25717719187053445, fire(s13721)
neg, 0.0774558727663539, fire(s7635)
neg, 0.08251092301215286, fire(s13150)
neg, 0.21491289688943674, fire(s14531)
neg, 0.1899874255283823, fire(s14543)
neg, 0.7592687990457845, fire(s694)
neg, 0.662421035463622, fire(s12803)
neg, 0.06302650619378809, fire(s2579)
neg, 0.06149836139264822, fire(s9407)
neg, 0.3697139142833378, fire(s14539)
neg, 0.12806337138456567, fire(s8462)
neg, 0.07748955047087384, fire(s9963)
neg, 0.17269207776432224, fire(s3606)
neg, 0.05979845056903463, fire(s2629)
neg, 0.07076344415097591, fire(s15091)
neg, 0.0596046018514803, fire(s14665)
neg, 0.2237359914390558, fire(s12369)
neg, 0.1282771573163355, fire(s12403)
neg, 0.0847974937262104, fire(s9951)
neg, 0.2781710645018417, fire(s6628)
neg, 0.05979845056903463, fire(s2630)
neg, 0.08273235174133632, fire(s2075)
neg, 0.0853376624510091, fire(s1992)
neg, 0.05979845056903463, fire(s2654)
neg, 0.08189221064693077, fire(s14122)
neg, 0.07065034333315326, fire(s13063)
neg, 0.18804952640838707, fire(s8482)
neg, 0.07788530431322217, fire(s16484)
neg, 0.15388345133300918, fire(s13706)
neg, 0.7498062527555263, fire(s8340)
neg, 0.06896874770255819, fire(s84)
neg, 0.07650194505980434, fire(s1109)
neg, 0.060114782813311306, fire(s14952)
neg, 0.23474504286167322, fire(s2435)
neg, 0.06896874770255819, fire(s11982)
neg, 0.6704354674849038, fire(s2286)
neg, 0.17616138870157572, fire(s6397)
neg, 0.19328209321711334, fire(s6214)
neg, 0.06635973675985336, fire(s14631)
neg, 0.06163192829155597, fire(s9657)
neg, 0.7794060300367013, fire(s6419)
neg, 0.07197501566426029, fire(s6831)
neg, 0.41011629581637576, fire(s3990)
neg, 0.07650194505980434, fire(s1083)
neg, 0.7156511262780445, fire(s7131)
neg, 0.0596046018514803, fire(s10576)
neg, 0.15041349092190864, fire(s8637)
neg, 0.07467608105760841, fire(s12505)
neg, 0.09189494543711085, fire(s14260)
neg, 0.4788819230014951, fire(s11440)
neg, 0.5583826391436348, fire(s14245)
neg, 0.10698602435267256, fire(s8813)
neg, 0.060114782813311306, fire(s14964)
neg, 0.1463994022034886, fire(s4221)
neg, 0.17957182305333547, fire(s2174)
neg, 0.13953315118154438, fire(s4563)
neg, 0.060114782813311306, fire(s169)
neg, 0.08129598274046233, fire(s9624)
neg, 0.08319128165373135, fire(s920)
neg, 0.07065034333315326, fire(s13117)
neg, 0.17957182305333547, fire(s568)
neg, 0.09708161013602794, fire(s10109)
neg, 0.10372064642827154, fire(s1971)
neg, 0.15388345133300918, fire(s1577)
neg, 0.06896874770255819, fire(s14887)
neg, 0.07650194505980434, fire(s16020)
neg, 0.07788530431322217, fire(s7958)
neg, 0.06205228119642829, fire(s974)
neg, 0.06149836139264822, fire(s9364)
neg, 0.060114782813311306, fire(s2968)
neg, 0.2747191003678229, fire(s6498)
neg, 0.06149836139264822, fire(s11953)
neg, 0.15135385904031304, fire(s8651)
neg, 0.15388345133300918, fire(s1578)
neg, 0.17687324465094664, fire(s16752)
neg, 0.0783995157344608, fire(s9205)
neg, 0.6286091903201007, fire(s3412)
neg, 0.08776656694731101, fire(s12518)
neg, 0.06149836139264822, fire(s9363)
neg, 0.4788819230014951, fire(s2093)
neg, 0.12671521489297222, fire(s3640)
neg, 0.18804952640838707, fire(s4884)
neg, 0.12410332835891447, fire(s6262)
neg, 0.18804952640838707, fire(s12845)
neg, 0.11035457874115787, fire(s15334)
neg, 0.07965743068498686, fire(s17009)
neg, 0.06896874770255819, fire(s16388)
neg, 0.09778730379876609, fire(s8227)
neg, 0.11992058160599413, fire(s8157)
neg, 0.12933858795237899, fire(s13684)
neg, 0.09703513075181326, fire(s9241)
neg, 0.13753677762492855, fire(s3337)
neg, 0.06896874770255819, fire(s1284)
neg, 0.09530003562697839, fire(s11692)
neg, 0.0783995157344608, fire(s5747)
neg, 0.0755768068090043, fire(s251)
neg, 0.06149836139264822, fire(s5987)
neg, 0.5786985030252184, fire(s13880)
neg, 0.47793523985728226, fire(s8046)
neg, 0.0690962579591232, fire(s14743)
neg, 0.542795771518598, fire(s12296)
neg, 0.07470510535372304, fire(s12728)
neg, 0.18804952640838707, fire(s8923)
neg, 0.1910300104139316, fire(s3870)
neg, 0.06896874770255819, fire(s47)
neg, 0.17957182305333547, fire(s544)
neg, 0.06896874770255819, fire(s2784)
neg, 0.10851856879649442, fire(s4361)
neg, 0.10008854045325666, fire(s6530)
neg, 0.10720644500586432, fire(s15750)
neg, 0.5786985030252184, fire(s7687)
neg, 0.10735919780547226, fire(s4557)
neg, 0.14161843041934657, fire(s9815)
neg, 0.06373050438662459, fire(s7183)
neg, 0.06006368466010105, fire(s2529)
neg, 0.25935921575265136, fire(s15401)
neg, 0.10851856879649442, fire(s4341)
neg, 0.41011629581637576, fire(s3988)
neg, 0.060114782813311306, fire(s14986)
neg, 0.17957182305333547, fire(s2162)
neg, 0.2237359914390558, fire(s15166)
neg, 0.11566812380616502, fire(s15366)
neg, 0.06889514433504211, fire(s6074)
neg, 0.07002223953066168, fire(s13397)
neg, 0.06896874770255819, fire(s136)
neg, 0.0739023077934156, fire(s459)
neg, 0.06617257668200344, fire(s3953)
neg, 0.07400099456529151, fire(s12547)
neg, 0.18165774512754218, fire(s3497)
neg, 0.0596046018514803, fire(s10564)
neg, 0.06205228119642829, fire(s15965)
neg, 0.07650194505980434, fire(s1126)
neg, 0.12425798106073993, fire(s11817)
neg, 0.2716781699342456, fire(s8525)
neg, 0.5830535509007405, fire(s9862)
neg, 0.06896874770255819, fire(s1170)
neg, 0.07417768292291867, fire(s4462)
neg, 0.5797099962960532, fire(s12086)
neg, 0.456703252291545, fire(s9576)
neg, 0.08041068822101889, fire(s15295)
neg, 0.25250533287337573, fire(s15424)
neg, 0.17957182305333547, fire(s2179)
neg, 0.18804952640838707, fire(s15147)
neg, 0.43290750914890125, fire(s1441)
neg, 0.06896874770255819, fire(s16332)
neg, 0.6401715603596777, fire(s9848)
neg, 0.15388345133300918, fire(s1583)
neg, 0.0774558727663539, fire(s7601)
neg, 0.06896874770255819, fire(s2871)
neg, 0.07118711524413612, fire(s15576)
neg, 0.26501695078032816, fire(s3750)
neg, 0.11566812380616502, fire(s6622)
neg, 0.10851856879649442, fire(s4371)
neg, 0.12425798106073993, fire(s11820)
neg, 0.0755768068090043, fire(s279)
neg, 0.28019749569692376, fire(s3551)
neg, 0.09703513075181326, fire(s5770)
neg, 0.10085251300153004, fire(s13817)
neg, 0.09857342155529382, fire(s203)
neg, 0.1463994022034886, fire(s2193)
neg, 0.06149836139264822, fire(s5988)
neg, 0.07470510535372304, fire(s4499)
neg, 0.06896874770255819, fire(s16355)
neg, 0.06896874770255819, fire(s13290)
neg, 0.20631558638404876, fire(s16764)
neg, 0.6150957830965746, fire(s6587)
neg, 0.06780087912244642, fire(s2679)
neg, 0.17269207776432224, fire(s3594)
neg, 0.3288257777478845, fire(s8772)
neg, 0.07443597047867014, fire(s14422)
neg, 0.3288257777478845, fire(s8776)
neg, 0.7722568095276021, fire(s7881)
neg, 0.46878750693139315, fire(s12141)
neg, 0.12410332835891447, fire(s3141)
neg, 0.13945024560288433, fire(s12266)
neg, 0.12410332835891447, fire(s6276)
neg, 0.06205228119642829, fire(s1018)
neg, 0.08425644788281818, fire(s2038)
neg, 0.07467608105760841, fire(s12509)
neg, 0.08372904965091232, fire(s903)
neg, 0.21357757818111955, fire(s6685)
neg, 0.158636290138244, fire(s14521)
neg, 0.060114782813311306, fire(s10834)
neg, 0.0655879160841549, fire(s951)
neg, 0.28019749569692376, fire(s3555)
neg, 0.37668461947340315, fire(s5170)
neg, 0.7466312475130082, fire(s3398)
neg, 0.24596492448378912, fire(s7759)
neg, 0.06896874770255819, fire(s1260)
neg, 0.07256769450444299, fire(s3817)
neg, 0.631534092105297, fire(s4971)
neg, 0.05979845056903463, fire(s2648)
neg, 0.0774558727663539, fire(s4427)
neg, 0.07319266520920138, fire(s13835)
neg, 0.06896874770255819, fire(s1168)
neg, 0.15303013166784604, fire(s2398)
neg, 0.18804952640838707, fire(s8925)
neg, 0.10058696054731452, fire(s10142)
neg, 0.07197501566426029, fire(s6826)
neg, 0.25250533287337573, fire(s6758)
neg, 0.7537846054663628, fire(s4662)
neg, 0.1910300104139316, fire(s3885)
neg, 0.1299923198024133, fire(s15326)
neg, 0.06149836139264822, fire(s9420)
neg, 0.06481792617600098, fire(s439)
neg, 0.06896874770255819, fire(s1282)
neg, 0.06149836139264822, fire(s10713)
neg, 0.12410332835891447, fire(s3155)
neg, 0.0739023077934156, fire(s457)
neg, 0.47793523985728226, fire(s8039)
neg, 0.11661676955089474, fire(s6461)
neg, 0.0783995157344608, fire(s9228)
neg, 0.060114782813311306, fire(s14971)
neg, 0.13789108933450028, fire(s776)
neg, 0.07256769450444299, fire(s9673)
neg, 0.11417520768658383, fire(s8928)
neg, 0.06889514433504211, fire(s12437)
neg, 0.5202372555382757, fire(s9708)
neg, 0.06763143277540577, fire(s10043)
neg, 0.11417520768658383, fire(s6384)
neg, 0.28325020837128007, fire(s10060)
neg, 0.06896874770255819, fire(s14910)
neg, 0.5147401248193582, fire(s16282)
neg, 0.09530003562697839, fire(s11686)
neg, 0.22134233005397447, fire(s6919)
neg, 0.07095446530593894, fire(s12466)
neg, 0.4788819230014951, fire(s2106)
neg, 0.10125547105016332, fire(s13762)
neg, 0.06373050438662459, fire(s7186)
neg, 0.06617257668200344, fire(s3976)
neg, 0.07417768292291867, fire(s6562)
neg, 0.07650194505980434, fire(s16055)
neg, 0.06896874770255819, fire(s2803)
neg, 0.11577819699784184, fire(s1413)
neg, 0.3687423711342096, fire(s6132)
neg, 0.3517373305506817, fire(s9331)
neg, 0.23718818546240317, fire(s11014)
neg, 0.7656526192894332, fire(s7986)
neg, 0.7200215033718889, fire(s4597)
neg, 0.6280063748539177, fire(s308)
neg, 0.06158437853838448, fire(s12768)
neg, 0.07470510535372304, fire(s12732)
neg, 0.14342377762305483, fire(s11250)
neg, 0.06896874770255819, fire(s14859)
neg, 0.10677496672038171, fire(s6647)
neg, 0.3687423711342096, fire(s6130)
neg, 0.06956899168789765, fire(s8968)
neg, 0.12804165849917465, fire(s14283)
neg, 0.17269207776432224, fire(s3589)
neg, 0.0949101656949454, fire(s6086)
neg, 0.0596046018514803, fire(s14702)
neg, 0.0774558727663539, fire(s4407)
neg, 0.06896874770255819, fire(s7534)
neg, 0.12804165849917465, fire(s14286)
neg, 0.06345017110876011, fire(s17128)
neg, 0.5709818317601147, fire(s7731)
neg, 0.0949101656949454, fire(s6084)
neg, 0.15471016681649383, fire(s13889)
neg, 0.4018673724813206, fire(s11838)
neg, 0.7756941763755947, fire(s12044)
neg, 0.2237359914390558, fire(s15175)
neg, 0.21100388760890929, fire(s11035)
neg, 0.07118711524413612, fire(s15569)
neg, 0.1738284949510473, fire(s5444)
neg, 0.06121388187491026, fire(s4502)
neg, 0.2933536539112621, fire(s3297)
neg, 0.06896874770255819, fire(s1275)
neg, 0.25142151640313615, fire(s10417)
neg, 0.07095446530593894, fire(s12474)
neg, 0.08251092301215286, fire(s13164)
neg, 0.11661676955089474, fire(s6460)
neg, 0.06896874770255819, fire(s120)
neg, 0.06149836139264822, fire(s14844)
neg, 0.07650194505980434, fire(s16070)
neg, 0.14502258956567254, fire(s8078)
neg, 0.5786985030252184, fire(s15040)
neg, 0.26958469648706423, fire(s5606)
neg, 0.05921176544828596, fire(s14798)
neg, 0.06896874770255819, fire(s13343)
neg, 0.07444956813850276, fire(s1839)
neg, 0.2237359914390558, fire(s12319)
neg, 0.06896874770255819, fire(s11989)
neg, 0.2813975586346894, fire(s11542)
neg, 0.06163192829155597, fire(s9658)
neg, 0.07467608105760841, fire(s12508)
neg, 0.06149836139264822, fire(s11875)
neg, 0.08288391275050759, fire(s9789)
neg, 0.06163192829155597, fire(s9663)
neg, 0.6220505997004, fire(s5318)
neg, 0.05979845056903463, fire(s2660)
neg, 0.09838813162062629, fire(s396)
neg, 0.2181386530806669, fire(s4668)
neg, 0.07249563510649822, fire(s16958)
neg, 0.47901827860771434, fire(s754)
neg, 0.47793523985728226, fire(s8056)
neg, 0.1363893073927177, fire(s3895)
neg, 0.6070947236007742, fire(s2493)
neg, 0.06149836139264822, fire(s10738)
neg, 0.24596492448378912, fire(s7749)
neg, 0.07095446530593894, fire(s12452)
neg, 0.4302987232375122, fire(s12145)
neg, 0.06889514433504211, fire(s6054)
neg, 0.11661676955089474, fire(s1543)
neg, 0.07788530431322217, fire(s16467)
neg, 0.28325020837128007, fire(s8164)
neg, 0.11566812380616502, fire(s15364)
neg, 0.4569001921150948, fire(s10873)
neg, 0.06149836139264822, fire(s11975)
neg, 0.18804952640838707, fire(s12829)
neg, 0.06896874770255819, fire(s16227)
neg, 0.47793523985728226, fire(s8059)
neg, 0.8381703293119316, fire(s6733)
neg, 0.23474504286167322, fire(s2431)
neg, 0.06561457363220331, fire(s10656)
neg, 0.16883014440638675, fire(s10492)
neg, 0.1463994022034886, fire(s4153)
neg, 0.26501695078032816, fire(s7077)
neg, 0.13866620615374525, fire(s1742)
neg, 0.10125547105016332, fire(s7375)
neg, 0.06896874770255819, fire(s12024)
neg, 0.11799297687713467, fire(s1522)
neg, 0.3697139142833378, fire(s9128)
neg, 0.06149836139264822, fire(s11858)
neg, 0.10641085796076569, fire(s4103)
neg, 0.0774558727663539, fire(s10445)
neg, 0.2933536539112621, fire(s3206)
neg, 0.07197501566426029, fire(s6846)
neg, 0.19846939527948457, fire(s10258)
neg, 0.22002481620032516, fire(s10353)
neg, 0.10207923851245973, fire(s5076)
neg, 0.06896874770255819, fire(s34)
neg, 0.08189221064693077, fire(s11307)
neg, 0.07095446530593894, fire(s12440)
neg, 0.06896874770255819, fire(s4293)
neg, 0.5432873016942634, fire(s15124)
neg, 0.18804952640838707, fire(s7825)
neg, 0.17699758599346138, fire(s9519)
neg, 0.10125547105016332, fire(s7385)
neg, 0.25250533287337573, fire(s9890)
neg, 0.1463994022034886, fire(s4199)
neg, 0.06956899168789765, fire(s1384)
neg, 0.06149836139264822, fire(s9352)
neg, 0.07197501566426029, fire(s6825)
neg, 0.39794026431531226, fire(s12654)
neg, 0.06780087912244642, fire(s2727)
neg, 0.06205228119642829, fire(s987)
neg, 0.2933536539112621, fire(s3277)
neg, 0.4881445456574173, fire(s12110)
neg, 0.07788530431322217, fire(s17186)
neg, 0.07467608105760841, fire(s5274)
neg, 0.12410332835891447, fire(s3830)
neg, 0.06896874770255819, fire(s16114)
neg, 0.18804952640838707, fire(s12837)
neg, 0.685081333176042, fire(s5580)
neg, 0.1065926582812655, fire(s10301)
neg, 0.19192600619578823, fire(s8658)
neg, 0.06896874770255819, fire(s112)
neg, 0.10125547105016332, fire(s7417)
neg, 0.10372064642827154, fire(s1816)
neg, 0.17272529698395234, fire(s1902)
neg, 0.06889514433504211, fire(s6006)
neg, 0.07154701658285464, fire(s7036)
neg, 0.07650194505980434, fire(s1059)
neg, 0.1463994022034886, fire(s4156)
neg, 0.08158128216625439, fire(s7018)
neg, 0.11239891407766965, fire(s12795)
neg, 0.19046470745141755, fire(s6725)
neg, 0.19839803026148614, fire(s5864)
neg, 0.26958469648706423, fire(s5622)
neg, 0.11641358220562241, fire(s6877)
neg, 0.5486576296889049, fire(s3072)
neg, 0.49055774026849047, fire(s14990)
neg, 0.7156511262780445, fire(s16817)
neg, 0.2552093482921102, fire(s1498)
neg, 0.7156511262780445, fire(s16828)
neg, 0.25142151640313615, fire(s10410)
neg, 0.1143695867229801, fire(s11451)
neg, 0.11990997513505369, fire(s11251)
neg, 0.1910300104139316, fire(s3882)
neg, 0.26958469648706423, fire(s8364)
neg, 0.1834571854656166, fire(s9548)
neg, 0.07650194505980434, fire(s3915)
neg, 0.06149836139264822, fire(s10688)
neg, 0.06277071381920567, fire(s8997)
neg, 0.26958469648706423, fire(s8359)
neg, 0.11422323051302803, fire(s12486)
neg, 0.06896874770255819, fire(s12003)
neg, 0.07816071345157796, fire(s422)
neg, 0.28325020837128007, fire(s10063)
neg, 0.2813975586346894, fire(s11539)
neg, 0.06896874770255819, fire(s2804)
neg, 0.09530003562697839, fire(s11687)
neg, 0.07788530431322217, fire(s17199)
neg, 0.06896874770255819, fire(s13225)
neg, 0.5608744088662815, fire(s6325)
neg, 0.13866620615374525, fire(s1706)
neg, 0.09703513075181326, fire(s5830)
neg, 0.08618889479354573, fire(s5509)
neg, 0.10683441938138648, fire(s880)
neg, 0.2237359914390558, fire(s6532)
neg, 0.14246834035604783, fire(s6671)
neg, 0.06780087912244642, fire(s2696)
neg, 0.1738284949510473, fire(s13502)
neg, 0.26958469648706423, fire(s6937)
neg, 0.05979845056903463, fire(s2655)
neg, 0.06149836139264822, fire(s14812)
neg, 0.5486576296889049, fire(s13697)
neg, 0.20078741389248553, fire(s3366)
neg, 0.19328209321711334, fire(s3123)
neg, 0.07788530431322217, fire(s16460)
neg, 0.07650194505980434, fire(s646)
neg, 0.15578193828017597, fire(s1612)
neg, 0.0618101495873702, fire(s13927)
neg, 0.0618101495873702, fire(s4547)
neg, 0.26958469648706423, fire(s6939)
neg, 0.2237359914390558, fire(s4858)
neg, 0.07943959691234864, fire(s16651)
neg, 0.16794186477919584, fire(s10339)
neg, 0.06780087912244642, fire(s5196)
neg, 0.6326135436269921, fire(s3261)
neg, 0.3517373305506817, fire(s9334)
neg, 0.29818937154389175, fire(s4733)
neg, 0.11395964203698872, fire(s822)
neg, 0.05979845056903463, fire(s2625)
neg, 0.1143695867229801, fire(s11448)
neg, 0.06889514433504211, fire(s6030)
neg, 0.12425798106073993, fire(s11806)
neg, 0.06780087912244642, fire(s5200)
neg, 0.5709818317601147, fire(s7730)
neg, 0.1381274728244513, fire(s11368)
neg, 0.24877357782184192, fire(s13456)
neg, 0.07984646007264203, fire(s14162)
neg, 0.13866620615374525, fire(s1729)
neg, 0.13368656116857733, fire(s15648)
neg, 0.0949101656949454, fire(s6082)
neg, 0.1738284949510473, fire(s11064)
neg, 0.1463994022034886, fire(s4180)
neg, 0.12806337138456567, fire(s8455)
neg, 0.15244847459625602, fire(s5073)
neg, 0.542795771518598, fire(s12295)
neg, 0.18804952640838707, fire(s15143)
neg, 0.08158128216625439, fire(s7020)
neg, 0.11417520768658383, fire(s16403)
neg, 0.12652389393655888, fire(s16879)
neg, 0.06561457363220331, fire(s10602)
neg, 0.0783995157344608, fire(s9217)
neg, 0.06149836139264822, fire(s9448)
neg, 0.6344602633378683, fire(s17082)
neg, 0.06896874770255819, fire(s7518)
neg, 0.07788530431322217, fire(s16522)
neg, 0.5221106324006751, fire(s12502)
neg, 0.08707140323305083, fire(s689)
neg, 0.7156511262780445, fire(s16813)
neg, 0.1834571854656166, fire(s9555)
neg, 0.06345017110876011, fire(s17150)
neg, 0.0688403930605457, fire(s6867)
neg, 0.06896874770255819, fire(s16105)
neg, 0.15303013166784604, fire(s2394)
neg, 0.06006368466010105, fire(s2538)
neg, 0.12500713835985036, fire(s15768)
neg, 0.07256769450444299, fire(s510)
neg, 0.21100388760890929, fire(s10991)
neg, 0.06896874770255819, fire(s7493)
neg, 0.21100388760890929, fire(s10981)
neg, 0.06896874770255819, fire(s104)
neg, 0.06896874770255819, fire(s1242)
neg, 0.2552093482921102, fire(s1473)
neg, 0.07053860829007308, fire(s12792)
neg, 0.39942172809661824, fire(s15272)
neg, 0.07417768292291867, fire(s6550)
neg, 0.2515462768264604, fire(s8266)
neg, 0.49994380149273987, fire(s14116)
neg, 0.22134233005397447, fire(s6904)
neg, 0.08707140323305083, fire(s683)
neg, 0.13368656116857733, fire(s12686)
neg, 0.3517373305506817, fire(s9332)
neg, 0.3288257777478845, fire(s8777)
neg, 0.09778730379876609, fire(s8232)
neg, 0.11661676955089474, fire(s1550)
neg, 0.06896874770255819, fire(s13246)
neg, 0.6553037164024855, fire(s15232)
neg, 0.0688403930605457, fire(s6859)
neg, 0.5830535509007405, fire(s15224)
neg, 0.5486576296889049, fire(s3862)
neg, 0.14211456631684735, fire(s3133)
neg, 0.17699758599346138, fire(s9476)
neg, 0.7290822210676926, fire(s577)
neg, 0.07319266520920138, fire(s13837)
neg, 0.29818937154389175, fire(s4720)
neg, 0.06149836139264822, fire(s9367)
neg, 0.18804952640838707, fire(s5398)
neg, 0.18165774512754218, fire(s3511)
neg, 0.07095446530593894, fire(s12471)
neg, 0.10125547105016332, fire(s7412)
neg, 0.11395964203698872, fire(s800)
neg, 0.1738284949510473, fire(s13414)
neg, 0.21100388760890929, fire(s15045)
neg, 0.18165774512754218, fire(s3498)
neg, 0.11661676955089474, fire(s2303)
neg, 0.0739023077934156, fire(s2014)
neg, 0.10125547105016332, fire(s7407)
neg, 0.4714804000123159, fire(s4029)
neg, 0.1738284949510473, fire(s13478)
neg, 0.17616138870157572, fire(s350)
neg, 0.0687196429327645, fire(s16928)
neg, 0.10327604603817014, fire(s770)
neg, 0.07400099456529151, fire(s17039)
neg, 0.6326135436269921, fire(s3254)
neg, 0.07755060782643777, fire(s11134)
neg, 0.06896874770255819, fire(s4282)
neg, 0.15471016681649383, fire(s4537)
neg, 0.12217143463432266, fire(s10100)
neg, 0.11417520768658383, fire(s9749)
neg, 0.06896874770255819, fire(s7557)
neg, 0.07549358070527298, fire(s14508)
neg, 0.06158437853838448, fire(s12779)
neg, 0.060114782813311306, fire(s10865)
neg, 0.12359559248338613, fire(s909)
neg, 0.07564535104168915, fire(s14499)
neg, 0.7756941763755947, fire(s12040)
neg, 0.08618889479354573, fire(s5475)
neg, 0.06896874770255819, fire(s16373)
neg, 0.11093226054758488, fire(s13826)
neg, 0.11417520768658383, fire(s6370)
neg, 0.26501695078032816, fire(s3737)
neg, 0.1310837370534033, fire(s8628)
neg, 0.06149836139264822, fire(s5871)
neg, 0.06889514433504211, fire(s6017)
neg, 0.11395964203698872, fire(s803)
neg, 0.4788819230014951, fire(s2107)
neg, 0.07076344415097591, fire(s15094)
neg, 0.06896874770255819, fire(s1227)
neg, 0.4018673724813206, fire(s11837)
neg, 0.7057131335325082, fire(s7799)
neg, 0.10698602435267256, fire(s8812)
neg, 0.09422238135854885, fire(s14374)
neg, 0.09149409863277265, fire(s16290)
neg, 0.07943959691234864, fire(s16663)
neg, 0.16883014440638675, fire(s10481)
neg, 0.18804952640838707, fire(s12839)
neg, 0.4881445456574173, fire(s12101)
neg, 0.12410332835891447, fire(s563)
neg, 0.07549358070527298, fire(s12710)
neg, 0.7156511262780445, fire(s16806)
neg, 0.060114782813311306, fire(s14961)
neg, 0.06896874770255819, fire(s16216)
neg, 0.5221106324006751, fire(s12496)
neg, 0.25142151640313615, fire(s10419)
neg, 0.06149836139264822, fire(s11930)
neg, 0.09703513075181326, fire(s5790)
neg, 0.07076344415097591, fire(s15093)
neg, 0.5299149604511074, fire(s5685)
neg, 0.11422323051302803, fire(s5343)
neg, 0.09708161013602794, fire(s10112)
neg, 0.20611917847443217, fire(s7092)
neg, 0.0690962579591232, fire(s14711)
neg, 0.06896874770255819, fire(s2873)
neg, 0.18804952640838707, fire(s12400)
neg, 0.1282771573163355, fire(s15849)
neg, 0.10641085796076569, fire(s4114)
neg, 0.2933536539112621, fire(s14391)
neg, 0.36859225118609884, fire(s5102)
neg, 0.19328209321711334, fire(s6209)
neg, 0.06149836139264822, fire(s14839)
neg, 0.0774558727663539, fire(s7629)
neg, 0.0687196429327645, fire(s16918)
neg, 0.6553037164024855, fire(s15228)
neg, 0.6006437705922402, fire(s5677)
neg, 0.17957182305333547, fire(s2272)
neg, 0.36859225118609884, fire(s5100)
neg, 0.06149836139264822, fire(s9341)
neg, 0.11417520768658383, fire(s6364)
neg, 0.10735919780547226, fire(s13929)
neg, 0.06896874770255819, fire(s1268)
neg, 0.23234467923803515, fire(s12611)
neg, 0.06896874770255819, fire(s16369)
neg, 0.21100388760890929, fire(s10984)
neg, 0.3803288343121128, fire(s5311)
neg, 0.07650194505980434, fire(s16044)
neg, 0.07943959691234864, fire(s16667)
neg, 0.0596046018514803, fire(s10558)
neg, 0.07417768292291867, fire(s4448)
neg, 0.6174448296311612, fire(s7847)
neg, 0.06896874770255819, fire(s14875)
neg, 0.0618101495873702, fire(s12719)
neg, 0.07076344415097591, fire(s15087)
neg, 0.08126391077635776, fire(s656)
neg, 0.2933536539112621, fire(s6745)
neg, 0.08942638149555897, fire(s6092)
neg, 0.06896874770255819, fire(s13326)
neg, 0.06205228119642829, fire(s15936)
neg, 0.6553037164024855, fire(s3470)
neg, 0.07118711524413612, fire(s4483)
neg, 0.06149836139264822, fire(s10756)
neg, 0.11137554246614707, fire(s14328)
neg, 0.09774968796908917, fire(s14314)
neg, 0.12410332835891447, fire(s6278)
neg, 0.2933536539112621, fire(s3298)
neg, 0.7756941763755947, fire(s12076)
neg, 0.07095446530593894, fire(s12444)
neg, 0.17699758599346138, fire(s9480)
neg, 0.10987221103739737, fire(s15773)
neg, 0.060114782813311306, fire(s187)
neg, 0.07965743068498686, fire(s17008)
neg, 0.11195957401989645, fire(s14571)
neg, 0.5486576296889049, fire(s3015)
neg, 0.076646268952193, fire(s10030)
neg, 0.09422238135854885, fire(s14370)
neg, 0.16015810448141748, fire(s3090)
neg, 0.12410332835891447, fire(s3826)
neg, 0.08012277814009822, fire(s14043)
neg, 0.07197501566426029, fire(s6848)
neg, 0.36859225118609884, fire(s6634)
neg, 0.0688403930605457, fire(s6858)
neg, 0.06149836139264822, fire(s11856)
neg, 0.20268791375186734, fire(s5624)
neg, 0.32844854724498806, fire(s8831)
neg, 0.06561457363220331, fire(s10603)
neg, 0.24596492448378912, fire(s8286)
neg, 0.06389874009258513, fire(s6854)
neg, 0.07417768292291867, fire(s4449)
neg, 0.06896874770255819, fire(s12033)
neg, 0.07417768292291867, fire(s4464)
neg, 0.3086725132850953, fire(s7059)
neg, 0.08398787549505687, fire(s717)
neg, 0.07470510535372304, fire(s4497)
neg, 0.11661676955089474, fire(s6459)
neg, 0.06896874770255819, fire(s4306)
neg, 0.06205228119642829, fire(s1002)
neg, 0.17699758599346138, fire(s9517)
neg, 0.06896874770255819, fire(s1267)
neg, 0.7089762627946492, fire(s6506)
neg, 0.13540750318334255, fire(s8088)
neg, 0.1463994022034886, fire(s4152)
neg, 0.06392731803285506, fire(s225)
neg, 0.13342614211681805, fire(s592)
neg, 0.0618101495873702, fire(s12189)
neg, 0.11577819699784184, fire(s1414)
neg, 0.1641197612388597, fire(s12996)
neg, 0.06896874770255819, fire(s4276)
neg, 0.0596046018514803, fire(s14653)
neg, 0.20078741389248553, fire(s3371)
neg, 0.5456908376345295, fire(s13038)
neg, 0.09530003562697839, fire(s11713)
neg, 0.06164437033168064, fire(s16089)
neg, 0.09703513075181326, fire(s5792)
neg, 0.09322827080942613, fire(s2501)
neg, 0.2237359914390558, fire(s4849)
neg, 0.25142151640313615, fire(s10429)
neg, 0.10125547105016332, fire(s7431)
neg, 0.16015810448141748, fire(s612)
neg, 0.11041754653532782, fire(s5161)
neg, 0.18165774512754218, fire(s13402)
neg, 0.16794186477919584, fire(s10316)
neg, 0.06987800440613073, fire(s12915)
neg, 0.17269207776432224, fire(s3654)
neg, 0.11417520768658383, fire(s1778)
neg, 0.09708161013602794, fire(s10108)
neg, 0.7193291150400846, fire(s8060)
neg, 0.5912097862002061, fire(s15114)
neg, 0.1738284949510473, fire(s15108)
neg, 0.11395964203698872, fire(s780)
neg, 0.11417520768658383, fire(s8927)
neg, 0.07788530431322217, fire(s16523)
neg, 0.08251092301215286, fire(s13162)
neg, 0.06896874770255819, fire(s1238)
neg, 0.5147401248193582, fire(s16283)
neg, 0.2237359914390558, fire(s4939)
neg, 0.06896874770255819, fire(s16328)
neg, 0.11395964203698872, fire(s475)
neg, 0.5987247375149591, fire(s1910)
neg, 0.17699758599346138, fire(s9479)
neg, 0.07470510535372304, fire(s11494)
neg, 0.17699758599346138, fire(s6001)
neg, 0.7116036632140873, fire(s6593)
neg, 0.06205228119642829, fire(s1025)
neg, 0.5608744088662815, fire(s2329)
neg, 0.22496392174783433, fire(s6486)
neg, 0.09322827080942613, fire(s2503)
neg, 0.06896874770255819, fire(s7491)
neg, 0.06164437033168064, fire(s954)
neg, 0.11262908025080304, fire(s15847)
neg, 0.48156457007896825, fire(s4787)
neg, 0.11041754653532782, fire(s5217)
neg, 0.07268501636840156, fire(s8236)
neg, 0.11577819699784184, fire(s1402)
neg, 0.3086725132850953, fire(s7063)
neg, 0.12898682133587036, fire(s6709)
neg, 0.36540473170075294, fire(s12609)
neg, 0.07650194505980434, fire(s3944)
neg, 0.6122993758013201, fire(s6574)
neg, 0.07002223953066168, fire(s7643)
neg, 0.0596046018514803, fire(s14690)
neg, 0.08237202667286884, fire(s11162)
neg, 0.06896874770255819, fire(s4260)
neg, 0.06896874770255819, fire(s16325)
neg, 0.060114782813311306, fire(s16572)
neg, 0.22002481620032516, fire(s10350)
neg, 0.14060874799644574, fire(s8730)
neg, 0.11661676955089474, fire(s2291)
neg, 0.24877357782184192, fire(s13465)
neg, 0.06149836139264822, fire(s9374)
neg, 0.13866620615374525, fire(s1734)
neg, 0.07703148117489506, fire(s6881)
neg, 0.7794060300367013, fire(s6435)
neg, 0.060114782813311306, fire(s1324)
neg, 0.10851856879649442, fire(s4343)
neg, 0.29818937154389175, fire(s4739)
neg, 0.28325020837128007, fire(s10061)
neg, 0.2090469621163162, fire(s7580)
neg, 0.09774968796908917, fire(s14301)
neg, 0.29818937154389175, fire(s4734)
neg, 0.06149836139264822, fire(s5914)
neg, 0.43290750914890125, fire(s1445)
neg, 0.07650194505980434, fire(s1060)
neg, 0.06896874770255819, fire(s1182)
neg, 0.06780087912244642, fire(s5207)
neg, 0.07650194505980434, fire(s1099)
neg, 0.07470510535372304, fire(s11492)
neg, 0.18804952640838707, fire(s15149)
neg, 0.10372064642827154, fire(s1820)
neg, 0.20275647841158356, fire(s3313)
neg, 0.06835966698426181, fire(s7297)
neg, 0.06791329563768556, fire(s7441)
neg, 0.06149836139264822, fire(s5979)
neg, 0.1463994022034886, fire(s2230)
neg, 0.18165774512754218, fire(s3500)
neg, 0.2237359914390558, fire(s13672)
neg, 0.12425798106073993, fire(s11748)
neg, 0.06896874770255819, fire(s10784)
neg, 0.16794186477919584, fire(s10338)
neg, 0.1476895673337462, fire(s9612)
neg, 0.10641085796076569, fire(s4144)
neg, 0.1463994022034886, fire(s2221)
neg, 0.15578193828017597, fire(s1608)
neg, 0.06896874770255819, fire(s7551)
neg, 0.07095446530593894, fire(s6677)
neg, 0.2237359914390558, fire(s15163)
neg, 0.12410332835891447, fire(s1669)
neg, 0.06896874770255819, fire(s16214)
neg, 0.4401702073164234, fire(s5300)
neg, 0.13866620615374525, fire(s1709)
neg, 0.6280063748539177, fire(s337)
neg, 0.06896874770255819, fire(s4283)
neg, 0.21100388760890929, fire(s8500)
neg, 0.10546273668023358, fire(s3754)
neg, 0.07256769450444299, fire(s3802)
neg, 0.07154701658285464, fire(s7045)
neg, 0.06987800440613073, fire(s12325)
neg, 0.7498062527555263, fire(s8341)
neg, 0.06205228119642829, fire(s15995)
neg, 0.06896874770255819, fire(s7480)
neg, 0.23718818546240317, fire(s11533)
neg, 0.1738284949510473, fire(s13495)
neg, 0.08915396323736527, fire(s7168)
neg, 0.0755768068090043, fire(s268)
neg, 0.07824936277513463, fire(s8262)
neg, 0.07095446530593894, fire(s12447)
neg, 0.4881445456574173, fire(s12106)
neg, 0.06896874770255819, fire(s2780)
neg, 0.10546273668023358, fire(s3788)
neg, 0.13866620615374525, fire(s6333)
neg, 0.21044577171758636, fire(s11236)
neg, 0.7156511262780445, fire(s16810)
neg, 0.06149836139264822, fire(s9383)
neg, 0.28325020837128007, fire(s10068)
neg, 0.06896874770255819, fire(s132)
neg, 0.47524739526046406, fire(s16643)
neg, 0.12410332835891447, fire(s3832)
neg, 0.18804952640838707, fire(s8909)
neg, 0.18804952640838707, fire(s5361)
neg, 0.1463994022034886, fire(s2246)
neg, 0.2250682988607123, fire(s11527)
neg, 0.09530003562697839, fire(s11707)
neg, 0.08251092301215286, fire(s13206)
neg, 0.07650194505980434, fire(s1107)
neg, 0.2402588873071464, fire(s5667)
neg, 0.2931657727588309, fire(s3566)
neg, 0.10698602435267256, fire(s12356)
neg, 0.11417520768658383, fire(s7924)
neg, 0.08251092301215286, fire(s13152)
neg, 0.24971925712107973, fire(s11147)
neg, 0.06561457363220331, fire(s10588)
neg, 0.06327076876289997, fire(s5154)
neg, 0.2931657727588309, fire(s3572)
neg, 0.08237202667286884, fire(s11161)
neg, 0.5912097862002061, fire(s3252)
neg, 0.06889514433504211, fire(s6012)
neg, 0.1299923198024133, fire(s15319)
neg, 0.06896874770255819, fire(s111)
neg, 0.059404417271443063, fire(s2619)
neg, 0.0618101495873702, fire(s15668)
neg, 0.06780087912244642, fire(s2700)
neg, 0.18165774512754218, fire(s3512)
neg, 0.17477552793001824, fire(s8785)
neg, 0.20078741389248553, fire(s13629)
neg, 0.0688725098125519, fire(s3356)
neg, 0.7403334523949032, fire(s14998)
neg, 0.06889514433504211, fire(s9931)
neg, 0.7253182293718295, fire(s12376)
neg, 0.24877357782184192, fire(s13875)
neg, 0.4416142839516472, fire(s5674)
neg, 0.07650194505980434, fire(s1048)
neg, 0.635958154287192, fire(s14486)
neg, 0.4788819230014951, fire(s2085)
neg, 0.7200215033718889, fire(s4596)
neg, 0.07470510535372304, fire(s4490)
neg, 0.06896874770255819, fire(s96)
neg, 0.5432873016942634, fire(s15120)
neg, 0.26501695078032816, fire(s7069)
neg, 0.3368656413252695, fire(s10490)
neg, 0.06745905720419866, fire(s222)
neg, 0.10207923851245973, fire(s5059)
neg, 0.06896874770255819, fire(s60)
neg, 0.06896874770255819, fire(s16131)
neg, 0.06780087912244642, fire(s2741)
neg, 0.2237359914390558, fire(s3439)
neg, 0.5830535509007405, fire(s15217)
neg, 0.07650194505980434, fire(s16039)
neg, 0.06635973675985336, fire(s7163)
neg, 0.08335261947826879, fire(s6674)
neg, 0.5786985030252184, fire(s7703)
neg, 0.13100426837413945, fire(s492)
neg, 0.08251092301215286, fire(s13187)
neg, 0.6508844567457879, fire(s3997)
neg, 0.3183045161305261, fire(s15257)
neg, 0.2933536539112621, fire(s3200)
neg, 0.14342377762305483, fire(s11246)
neg, 0.26958469648706423, fire(s6934)
neg, 0.11239891407766965, fire(s12364)
neg, 0.06956899168789765, fire(s8971)
neg, 0.06889514433504211, fire(s6009)
neg, 0.07816071345157796, fire(s424)
neg, 0.10641085796076569, fire(s4095)
neg, 0.18804952640838707, fire(s15146)
neg, 0.06006368466010105, fire(s2547)
neg, 0.19328209321711334, fire(s13732)
neg, 0.5078598493935641, fire(s8826)
neg, 0.5550339986752026, fire(s6811)
neg, 0.1738284949510473, fire(s13504)
neg, 0.0774558727663539, fire(s16259)
neg, 0.11661676955089474, fire(s6465)
neg, 0.2237359914390558, fire(s7145)
neg, 0.20078741389248553, fire(s8284)
neg, 0.06205228119642829, fire(s15953)
neg, 0.17616138870157572, fire(s347)
neg, 0.17272529698395234, fire(s1905)
neg, 0.10616544668829155, fire(s875)
neg, 0.10085251300153004, fire(s2129)
neg, 0.06896874770255819, fire(s4333)
neg, 0.07650194505980434, fire(s648)
neg, 0.060114782813311306, fire(s1369)
neg, 0.06149836139264822, fire(s9463)
neg, 0.08142309543424486, fire(s8090)
neg, 0.33703578078377633, fire(s9130)
neg, 0.5830535509007405, fire(s9858)
neg, 0.18804952640838707, fire(s4899)
neg, 0.15471016681649383, fire(s13890)
neg, 0.06896874770255819, fire(s7543)
neg, 0.10125547105016332, fire(s7361)
neg, 0.17699758599346138, fire(s9523)
neg, 0.16714703209170143, fire(s6484)
neg, 0.1463994022034886, fire(s4192)
neg, 0.09530003562697839, fire(s11703)
neg, 0.15388345133300918, fire(s13705)
neg, 0.17699758599346138, fire(s9477)
neg, 0.06896874770255819, fire(s16140)
neg, 0.06896874770255819, fire(s13292)
neg, 0.06896874770255819, fire(s2912)
neg, 0.2237359914390558, fire(s8875)
neg, 0.17957182305333547, fire(s2183)
neg, 0.1108482296829882, fire(s11500)
neg, 0.7193291150400846, fire(s8061)
neg, 0.15135385904031304, fire(s8647)
neg, 0.7498062527555263, fire(s8345)
neg, 0.060114782813311306, fire(s16573)
neg, 0.17616138870157572, fire(s352)
neg, 0.2933536539112621, fire(s6752)
neg, 0.06149836139264822, fire(s5937)
neg, 0.06956899168789765, fire(s8951)
neg, 0.2933536539112621, fire(s3225)
neg, 0.14108502965047381, fire(s8182)
neg, 0.08827756788172904, fire(s8573)
neg, 0.4543895798551082, fire(s11405)
neg, 0.06987800440613073, fire(s12932)
neg, 0.14108502965047381, fire(s8188)
neg, 0.5849992914577763, fire(s6287)
neg, 0.6174448296311612, fire(s4913)
neg, 0.08618889479354573, fire(s5482)
neg, 0.06896874770255819, fire(s2859)
neg, 0.08618889479354573, fire(s5474)
neg, 0.1072363281803778, fire(s4030)
neg, 0.06149836139264822, fire(s9339)
neg, 0.07444956813850276, fire(s1847)
neg, 0.06896874770255819, fire(s2817)
neg, 0.06149836139264822, fire(s11943)
neg, 0.07650194505980434, fire(s16036)
neg, 0.47524739526046406, fire(s16632)
neg, 0.19839803026148614, fire(s5862)
neg, 0.06896874770255819, fire(s1251)
neg, 0.11661676955089474, fire(s1544)
neg, 0.06896874770255819, fire(s16218)
neg, 0.07470510535372304, fire(s11481)
neg, 0.06987800440613073, fire(s12913)
neg, 0.1463994022034886, fire(s4231)
neg, 0.7722568095276021, fire(s7879)
neg, 0.47524739526046406, fire(s16637)
neg, 0.4788819230014951, fire(s2083)
neg, 0.06889514433504211, fire(s6052)
neg, 0.08689034070599559, fire(s6883)
neg, 0.1282771573163355, fire(s12405)
neg, 0.1574358312540248, fire(s15796)
neg, 0.5024543688777958, fire(s1437)
neg, 0.06896874770255819, fire(s4251)
neg, 0.3612416969845993, fire(s17085)
neg, 0.1463994022034886, fire(s4228)
neg, 0.2090469621163162, fire(s7587)
neg, 0.3051741730783219, fire(s9599)
neg, 0.06896874770255819, fire(s1295)
neg, 0.39820551526396536, fire(s6158)
neg, 0.0739023077934156, fire(s452)
neg, 0.17616138870157572, fire(s588)
neg, 0.4788819230014951, fire(s2094)
neg, 0.06896874770255819, fire(s10790)
neg, 0.0618101495873702, fire(s12186)
neg, 0.15578193828017597, fire(s1611)
neg, 0.06149836139264822, fire(s5918)
neg, 0.6174448296311612, fire(s4914)
neg, 0.07748955047087384, fire(s9980)
neg, 0.06896874770255819, fire(s13294)
neg, 0.08041068822101889, fire(s9120)
neg, 0.1463994022034886, fire(s4151)
neg, 0.07748955047087384, fire(s9994)
neg, 0.18804952640838707, fire(s5405)
neg, 0.3086725132850953, fire(s6940)
neg, 0.08012277814009822, fire(s14040)
neg, 0.3687423711342096, fire(s6136)
neg, 0.06896874770255819, fire(s2791)
neg, 0.12784469246863825, fire(s11379)
neg, 0.13342614211681805, fire(s607)
neg, 0.11195957401989645, fire(s14577)
neg, 0.2181386530806669, fire(s7777)
neg, 0.26501695078032816, fire(s16738)
neg, 0.5849992914577763, fire(s6291)
neg, 0.17699758599346138, fire(s9516)
neg, 0.25142151640313615, fire(s10431)
neg, 0.11000053511195848, fire(s14141)
neg, 0.10125547105016332, fire(s7427)
neg, 0.07788530431322217, fire(s16470)
neg, 0.5608744088662815, fire(s1690)
neg, 0.06896874770255819, fire(s69)
neg, 0.11661676955089474, fire(s6472)
neg, 0.1463994022034886, fire(s4170)
neg, 0.06956899168789765, fire(s8969)
neg, 0.11035457874115787, fire(s15339)
neg, 0.09703513075181326, fire(s5839)
neg, 0.05979845056903463, fire(s2632)
neg, 0.13866620615374525, fire(s1702)
neg, 0.08915396323736527, fire(s7167)
neg, 0.0774558727663539, fire(s8101)
neg, 0.1063733492382095, fire(s10965)
neg, 0.18804952640838707, fire(s7839)
neg, 0.07467608105760841, fire(s5273)
neg, 0.0755768068090043, fire(s249)
neg, 0.08942638149555897, fire(s6117)
neg, 0.1463994022034886, fire(s4148)
neg, 0.06896874770255819, fire(s16393)
neg, 0.06896874770255819, fire(s13342)
neg, 0.07936483641683875, fire(s11509)
neg, 0.10143114653054797, fire(s17058)
neg, 0.5432873016942634, fire(s15127)
neg, 0.08398787549505687, fire(s713)
neg, 0.15471016681649383, fire(s4544)
neg, 0.07197501566426029, fire(s6847)
neg, 0.12784469246863825, fire(s11388)
neg, 0.24877357782184192, fire(s13463)
neg, 0.07095446530593894, fire(s12470)
neg, 0.0867597492167746, fire(s6591)
neg, 0.2181386530806669, fire(s7772)
neg, 0.23493867686931508, fire(s2600)
neg, 0.06319322932140764, fire(s15075)
neg, 0.09774968796908917, fire(s14293)
neg, 0.10125547105016332, fire(s13757)
neg, 0.09500144236154437, fire(s13019)
neg, 0.10698602435267256, fire(s12782)
neg, 0.06163192829155597, fire(s9655)
neg, 0.06896874770255819, fire(s13274)
neg, 0.10412794393008556, fire(s4569)
neg, 0.07053860829007308, fire(s12358)
neg, 0.06149836139264822, fire(s5892)
neg, 0.07788530431322217, fire(s16406)
neg, 0.07755060782643777, fire(s11129)
neg, 0.23718818546240317, fire(s11022)
neg, 0.1463994022034886, fire(s2190)
neg, 0.23718818546240317, fire(s13419)
neg, 0.22551520123969737, fire(s16988)
neg, 0.06889514433504211, fire(s6059)
neg, 0.06896874770255819, fire(s14899)
neg, 0.7787968357792703, fire(s16832)
neg, 0.11799297687713467, fire(s1519)
neg, 0.07256769450444299, fire(s3808)
neg, 0.0774558727663539, fire(s4423)
neg, 0.0774558727663539, fire(s4398)
neg, 0.7794060300367013, fire(s6429)
neg, 0.20611917847443217, fire(s7090)
neg, 0.08713197397747532, fire(s1503)
neg, 0.06896874770255819, fire(s115)
neg, 0.18804952640838707, fire(s15133)
neg, 0.07788530431322217, fire(s16441)
neg, 0.0755768068090043, fire(s234)
neg, 0.17477552793001824, fire(s8800)
neg, 0.08776222035865404, fire(s7007)
neg, 0.12425798106073993, fire(s11770)
neg, 0.060114782813311306, fire(s2943)
neg, 0.5486576296889049, fire(s3863)
neg, 0.06164437033168064, fire(s15914)
neg, 0.7921971371460502, fire(s1620)
neg, 0.1738284949510473, fire(s15100)
neg, 0.2237359914390558, fire(s4864)
neg, 0.06745905720419866, fire(s217)
neg, 0.06896874770255819, fire(s16209)
neg, 0.48786456143368745, fire(s8068)
neg, 0.06561457363220331, fire(s10628)
neg, 0.4647512238164107, fire(s4690)
neg, 0.07417768292291867, fire(s4455)
neg, 0.05979845056903463, fire(s2664)
neg, 0.07095446530593894, fire(s12465)
neg, 0.48156457007896825, fire(s4783)
neg, 0.07788530431322217, fire(s2344)
neg, 0.5786985030252184, fire(s7688)
neg, 0.0850893610293969, fire(s14058)
neg, 0.06896874770255819, fire(s14862)
neg, 0.5486576296889049, fire(s3075)
neg, 0.09703513075181326, fire(s5781)
neg, 0.07943959691234864, fire(s16665)
neg, 0.0618101495873702, fire(s12196)
neg, 0.09703513075181326, fire(s5789)
neg, 0.06616367073367567, fire(s14502)
neg, 0.7756941763755947, fire(s12051)
neg, 0.10125547105016332, fire(s7355)
neg, 0.61677101659671, fire(s9880)
neg, 0.11990997513505369, fire(s11260)
neg, 0.07417768292291867, fire(s4467)
neg, 0.2402588873071464, fire(s11543)
neg, 0.2933536539112621, fire(s15739)
neg, 0.14275861771318452, fire(s1593)
neg, 0.1738284949510473, fire(s8688)
neg, 0.4731383217426782, fire(s15352)
neg, 0.07788530431322217, fire(s16518)
neg, 0.7537846054663628, fire(s4665)
neg, 0.06896874770255819, fire(s4264)
neg, 0.16794186477919584, fire(s10335)
neg, 0.2237359914390558, fire(s8862)
neg, 0.07118711524413612, fire(s15578)
neg, 0.1463994022034886, fire(s2209)
neg, 0.06987800440613073, fire(s12918)
neg, 0.1463994022034886, fire(s2212)
neg, 0.1910300104139316, fire(s3877)
neg, 0.4341679693324306, fire(s12554)
neg, 0.07748955047087384, fire(s9960)
neg, 0.10987221103739737, fire(s12890)
neg, 0.06889514433504211, fire(s6024)
neg, 0.06277071381920567, fire(s8998)
neg, 0.06149836139264822, fire(s5924)
neg, 0.07400099456529151, fire(s12561)
neg, 0.07256769450444299, fire(s514)
neg, 0.0774558727663539, fire(s13394)
neg, 0.34456163332936507, fire(s6965)
neg, 0.6326135436269921, fire(s3182)
neg, 0.6714473551743326, fire(s7228)
neg, 0.0774558727663539, fire(s10455)
neg, 0.20078741389248553, fire(s4623)
neg, 0.07197501566426029, fire(s6844)
neg, 0.07467608105760841, fire(s5263)
neg, 0.08251092301215286, fire(s13205)
neg, 0.07197501566426029, fire(s6823)
neg, 0.1463994022034886, fire(s2200)
neg, 0.07400099456529151, fire(s12571)
neg, 0.0774558727663539, fire(s13378)
neg, 0.10851856879649442, fire(s4373)
neg, 0.10125547105016332, fire(s7393)
neg, 0.0774558727663539, fire(s7606)
neg, 0.12425798106073993, fire(s11831)
neg, 0.47524739526046406, fire(s15592)
neg, 0.06006368466010105, fire(s2519)
neg, 0.662421035463622, fire(s12801)
neg, 0.12804165849917465, fire(s14278)
neg, 0.12806337138456567, fire(s8443)
neg, 0.15388345133300918, fire(s13704)
neg, 0.0690962579591232, fire(s14768)
neg, 0.06345017110876011, fire(s17131)
neg, 0.06889514433504211, fire(s6023)
neg, 0.08713197397747532, fire(s1504)
neg, 0.17957182305333547, fire(s530)
neg, 0.08398787549505687, fire(s708)
neg, 0.06277071381920567, fire(s8996)
neg, 0.06635973675985336, fire(s12342)
neg, 0.4602885248370894, fire(s5250)
neg, 0.06149836139264822, fire(s11933)
neg, 0.05979845056903463, fire(s2662)
neg, 0.2237359914390558, fire(s15174)
neg, 0.18804952640838707, fire(s12823)
neg, 0.17616138870157572, fire(s312)
neg, 0.06149836139264822, fire(s5908)
neg, 0.10372064642827154, fire(s1818)
neg, 0.11195957401989645, fire(s14573)
neg, 0.17687324465094664, fire(s6909)
neg, 0.12410332835891447, fire(s6274)
neg, 0.6150957830965746, fire(s6584)
neg, 0.07650194505980434, fire(s1125)
neg, 0.07824936277513463, fire(s10201)
neg, 0.07065034333315326, fire(s13087)
neg, 0.10698602435267256, fire(s9816)
neg, 0.07400099456529151, fire(s12549)
neg, 0.07788530431322217, fire(s16487)
neg, 0.06896874770255819, fire(s7531)
neg, 0.2237359914390558, fire(s7151)
neg, 0.0949101656949454, fire(s6079)
neg, 0.12500713835985036, fire(s15770)
neg, 0.11035457874115787, fire(s15336)
neg, 0.0783995157344608, fire(s5721)
neg, 0.06617257668200344, fire(s3952)
neg, 0.07788530431322217, fire(s16504)
neg, 0.06896874770255819, fire(s2894)
neg, 0.631534092105297, fire(s4966)
neg, 0.06163192829155597, fire(s9659)
neg, 0.48156457007896825, fire(s4771)
neg, 0.06896874770255819, fire(s1151)
neg, 0.1219769440509289, fire(s15549)
neg, 0.1899874255283823, fire(s14535)
neg, 0.05979845056903463, fire(s2647)
neg, 0.06345017110876011, fire(s17096)
neg, 0.6489172578413255, fire(s11093)
neg, 0.17616138870157572, fire(s587)
neg, 0.2012775187424785, fire(s9083)
neg, 0.13368656116857733, fire(s15644)
neg, 0.05921176544828596, fire(s14802)
neg, 0.13866620615374525, fire(s6339)
neg, 0.07002223953066168, fire(s13399)
neg, 0.060114782813311306, fire(s2963)
neg, 0.1899874255283823, fire(s14546)
neg, 0.12410332835891447, fire(s3833)
neg, 0.12425798106073993, fire(s11822)
neg, 0.0783995157344608, fire(s9211)
neg, 0.10243726008399162, fire(s8548)
neg, 0.12638115939443045, fire(s11241)
neg, 0.07650194505980434, fire(s15438)
neg, 0.5797099962960532, fire(s12082)
neg, 0.06345017110876011, fire(s14944)
neg, 0.09778730379876609, fire(s8234)
neg, 0.11170173523888875, fire(s6475)
neg, 0.10987221103739737, fire(s12412)
neg, 0.685081333176042, fire(s5569)
neg, 0.0739023077934156, fire(s448)
neg, 0.24596492448378912, fire(s4942)
neg, 0.06896874770255819, fire(s14900)
neg, 0.18804952640838707, fire(s5360)
neg, 0.15388345133300918, fire(s1591)
neg, 0.06164437033168064, fire(s1130)
neg, 0.08251092301215286, fire(s13142)
neg, 0.7756941763755947, fire(s12039)
neg, 0.08372904965091232, fire(s927)
neg, 0.07417768292291867, fire(s14453)
neg, 0.20611917847443217, fire(s7091)
neg, 0.0783995157344608, fire(s9213)
neg, 0.16794186477919584, fire(s10336)
neg, 0.5557921342029275, fire(s9562)
neg, 0.06149836139264822, fire(s10699)
neg, 0.08710735364918758, fire(s4247)
neg, 0.5786985030252184, fire(s7692)
neg, 0.06205228119642829, fire(s15909)
neg, 0.1310837370534033, fire(s8632)
neg, 0.07816071345157796, fire(s15490)
neg, 0.07788530431322217, fire(s16430)
neg, 0.10683441938138648, fire(s883)
neg, 0.13866620615374525, fire(s1752)
neg, 0.07467608105760841, fire(s5270)
neg, 0.06896874770255819, fire(s2826)
neg, 0.06896874770255819, fire(s108)
neg, 0.09530003562697839, fire(s11672)
neg, 0.09838813162062629, fire(s387)
neg, 0.06345017110876011, fire(s17136)
neg, 0.0739023077934156, fire(s444)
neg, 0.05847598957105911, fire(s2595)
neg, 0.11395964203698872, fire(s788)
neg, 0.2237359914390558, fire(s15179)
neg, 0.18165774512754218, fire(s3493)
neg, 0.10058696054731452, fire(s10139)
neg, 0.09189494543711085, fire(s14264)

