pos, 0.12856775771316048, fire(srz24618679934)
pos, 0.1389301898143725, fire(srz246186712062)
pos, 0.21966688818925476, fire(srz24618678516)
pos, 0.1389301898143725, fire(srz246186712070)
pos, 0.21966688818925476, fire(srz24618673274)
pos, 0.2391150513662961, fire(srz246186716654)
pos, 0.21966688818925476, fire(srz24618673698)
pos, 0.21966688818925476, fire(srz24618679872)
pos, 0.21966688818925476, fire(srz24618673696)
pos, 0.1731163900378248, fire(srz24618678028)
pos, 0.1731163900378248, fire(srz24618673722)
pos, 0.2391150513662961, fire(srz24618678012)
pos, 0.21966688818925476, fire(srz24618673715)
pos, 0.2391150513662961, fire(srz24618674837)
pos, 0.2391150513662961, fire(srz246186710176)
pos, 0.20618099785178076, fire(srz246186712672)
pos, 0.21966688818925476, fire(srz24618677726)
pos, 0.1731163900378248, fire(srz246186711100)
pos, 0.2391150513662961, fire(srz246186710156)
pos, 0.2391150513662961, fire(srz24618674992)
pos, 0.20618099785178076, fire(srz24618672142)
pos, 0.2391150513662961, fire(srz24618676576)
pos, 0.21966688818925476, fire(srz246186711224)
pos, 0.1731163900378248, fire(srz24618675603)
pos, 0.2391150513662961, fire(srz246186710173)
pos, 0.1389301898143725, fire(srz246186712059)
pos, 0.1731163900378248, fire(srz246186712865)
pos, 0.1731163900378248, fire(srz246186711097)
pos, 0.1441628216429231, fire(srz246186711230)
pos, 0.12856775771316048, fire(srz24618679983)
pos, 0.2391150513662961, fire(srz2461867624)
pos, 0.2391150513662961, fire(srz246186710170)
pos, 0.21966688818925476, fire(srz246186713701)
pos, 0.21966688818925476, fire(srz246186711222)
pos, 0.1731163900378248, fire(srz24618675602)
pos, 0.2391150513662961, fire(srz2461867626)
pos, 0.2391150513662961, fire(srz246186715622)
pos, 0.21966688818925476, fire(srz24618673716)
pos, 0.20618099785178076, fire(srz246186710944)
pos, 0.21966688818925476, fire(srz246186710927)
pos, 0.1389301898143725, fire(srz246186715533)
pos, 0.21966688818925476, fire(srz246186713467)
pos, 0.1731163900378248, fire(srz24618678026)
pos, 0.21966688818925476, fire(srz24618679595)
pos, 0.1731163900378248, fire(srz24618673404)
pos, 0.21966688818925476, fire(srz246186713700)
pos, 0.1389301898143725, fire(srz246186715535)
pos, 0.21966688818925476, fire(srz246186711225)
pos, 0.21966688818925476, fire(srz246186715528)
pos, 0.20618099785178076, fire(srz246186710953)
pos, 0.21966688818925476, fire(srz24618673272)
pos, 0.21966688818925476, fire(srz246186711111)
pos, 0.20618099785178076, fire(srz246186710946)
pos, 0.21966688818925476, fire(srz246186711084)
pos, 0.1731163900378248, fire(srz24618675593)
pos, 0.21966688818925476, fire(srz24618676890)
pos, 0.21966688818925476, fire(srz24618673693)
pos, 0.2391150513662961, fire(srz24618678024)
pos, 0.1441628216429231, fire(srz24618678521)
pos, 0.1731163900378248, fire(srz246186715281)
pos, 0.2391150513662961, fire(srz246186715839)
pos, 0.2391150513662961, fire(srz24618678014)
pos, 0.20618099785178076, fire(srz24618678787)
pos, 0.21966688818925476, fire(srz246186711216)
pos, 0.21966688818925476, fire(srz24618676315)
pos, 0.21966688818925476, fire(srz246186713698)
pos, 0.21966688818925476, fire(srz24618679875)
pos, 0.21966688818925476, fire(srz246186713470)
pos, 0.1441628216429231, fire(srz246186711235)
pos, 0.21966688818925476, fire(srz246186711221)
pos, 0.2391150513662961, fire(srz24618676248)
pos, 0.21966688818925476, fire(srz24618673699)
pos, 0.1731163900378248, fire(srz246186715266)
pos, 0.1389301898143725, fire(srz246186712052)
pos, 0.21966688818925476, fire(srz246186715530)
pos, 0.1389301898143725, fire(srz246186712060)
pos, 0.1731163900378248, fire(srz24618678027)
pos, 0.21966688818925476, fire(srz24618676889)
neg, 0.1731163900378248, fire(srz246186712826)
neg, 0.1389301898143725, fire(srz24618674130)
neg, 0.21966688818925476, fire(srz246186713943)
neg, 0.12856775771316048, fire(srz246186713367)
neg, 0.12856775771316048, fire(srz24618675195)
neg, 0.1389301898143725, fire(srz24618674150)
neg, 0.12856775771316048, fire(srz24618679100)
neg, 0.1731163900378248, fire(srz246186711062)
neg, 0.1389301898143725, fire(srz246186716485)
neg, 0.1731163900378248, fire(srz24618675688)
neg, 0.1389301898143725, fire(srz246186716168)
neg, 0.12856775771316048, fire(srz24618671334)
neg, 0.1731163900378248, fire(srz24618679512)
neg, 0.1389301898143725, fire(srz24618674350)
neg, 0.12856775771316048, fire(srz24618671144)
neg, 0.1441628216429231, fire(srz24618673598)
neg, 0.1389301898143725, fire(srz24618672901)
neg, 0.12856775771316048, fire(srz24618671300)
neg, 0.12856775771316048, fire(srz24618679814)
neg, 0.1441628216429231, fire(srz246186710365)
neg, 0.1389301898143725, fire(srz2461867377)
neg, 0.1731163900378248, fire(srz24618676918)
neg, 0.1389301898143725, fire(srz24618679305)
neg, 0.12856775771316048, fire(srz246186713379)
neg, 0.12856775771316048, fire(srz24618672045)
neg, 0.1389301898143725, fire(srz24618677922)
neg, 0.12856775771316048, fire(srz2461867981)
neg, 0.21966688818925476, fire(srz246186712382)
neg, 0.15191897724039985, fire(srz24618675187)
neg, 0.1731163900378248, fire(srz246186711588)
neg, 0.12856775771316048, fire(srz246186712472)
neg, 0.1731163900378248, fire(srz24618673372)
neg, 0.12856775771316048, fire(srz246186716040)
neg, 0.12856775771316048, fire(srz24618677359)
neg, 0.1389301898143725, fire(srz246186711880)
neg, 0.1389301898143725, fire(srz2461867600)
neg, 0.12856775771316048, fire(srz24618671525)
neg, 0.12856775771316048, fire(srz24618672633)
neg, 0.1441628216429231, fire(srz246186714615)
neg, 0.12856775771316048, fire(srz246186714441)
neg, 0.12856775771316048, fire(srz2461867171)
neg, 0.12856775771316048, fire(srz246186715928)
neg, 0.1389301898143725, fire(srz2461867255)
neg, 0.1389301898143725, fire(srz24618673108)
neg, 0.12856775771316048, fire(srz24618671118)
neg, 0.1389301898143725, fire(srz24618679406)
neg, 0.12856775771316048, fire(srz246186712206)
neg, 0.20618099785178076, fire(srz24618676173)
neg, 0.2391150513662961, fire(srz24618673913)
neg, 0.1389301898143725, fire(srz24618671929)
neg, 0.12856775771316048, fire(srz246186714455)
neg, 0.12856775771316048, fire(srz24618673972)
neg, 0.1389301898143725, fire(srz246186716524)
neg, 0.12856775771316048, fire(srz24618679771)
neg, 0.12856775771316048, fire(srz246186715714)
neg, 0.21966688818925476, fire(srz24618675654)
neg, 0.1731163900378248, fire(srz24618677767)
neg, 0.1389301898143725, fire(srz246186716182)
neg, 0.1441628216429231, fire(srz246186711245)
neg, 0.12856775771316048, fire(srz24618678247)
neg, 0.1731163900378248, fire(srz246186715247)
neg, 0.1389301898143725, fire(srz24618679464)
neg, 0.2391150513662961, fire(srz24618674799)
neg, 0.12856775771316048, fire(srz246186710645)
neg, 0.12856775771316048, fire(srz24618671008)
neg, 0.20618099785178076, fire(srz24618677230)
neg, 0.1389301898143725, fire(srz2461867150)
neg, 0.1389301898143725, fire(srz24618672887)
neg, 0.21966688818925476, fire(srz24618674909)
neg, 0.1441628216429231, fire(srz24618678592)
neg, 0.1389301898143725, fire(srz24618671588)
neg, 0.1389301898143725, fire(srz24618679436)
neg, 0.12856775771316048, fire(srz246186716910)
neg, 0.12856775771316048, fire(srz246186714281)
neg, 0.20618099785178076, fire(srz24618676871)
neg, 0.1731163900378248, fire(srz246186712372)
neg, 0.1731163900378248, fire(srz246186713413)
neg, 0.1389301898143725, fire(srz24618671546)
neg, 0.12856775771316048, fire(srz246186710529)
neg, 0.1441628216429231, fire(srz24618673627)
neg, 0.12856775771316048, fire(srz246186716100)
neg, 0.1731163900378248, fire(srz246186713487)
neg, 0.12856775771316048, fire(srz246186716673)
neg, 0.12856775771316048, fire(srz24618674465)
neg, 0.12856775771316048, fire(srz246186714504)
neg, 0.1389301898143725, fire(srz24618673835)
neg, 0.1389301898143725, fire(srz24618671803)
neg, 0.1731163900378248, fire(srz246186716771)
neg, 0.2391150513662961, fire(srz2461867371)
neg, 0.1389301898143725, fire(srz246186714924)
neg, 0.1389301898143725, fire(srz24618676375)
neg, 0.1389301898143725, fire(srz246186716372)
neg, 0.1389301898143725, fire(srz24618675985)
neg, 0.1389301898143725, fire(srz246186713284)
neg, 0.20618099785178076, fire(srz2461867758)
neg, 0.1389301898143725, fire(srz246186713226)
neg, 0.12856775771316048, fire(srz24618676073)
neg, 0.21966688818925476, fire(srz24618671436)
neg, 0.1441628216429231, fire(srz24618678765)
neg, 0.1441628216429231, fire(srz246186716898)
neg, 0.2391150513662961, fire(srz24618671649)
neg, 0.1441628216429231, fire(srz24618676664)
neg, 0.12856775771316048, fire(srz24618671357)
neg, 0.12856775771316048, fire(srz246186710855)
neg, 0.1441628216429231, fire(srz246186710331)
neg, 0.1389301898143725, fire(srz24618675795)
neg, 0.12856775771316048, fire(srz24618674701)
neg, 0.12856775771316048, fire(srz24618677638)
neg, 0.12856775771316048, fire(srz24618677394)
neg, 0.2391150513662961, fire(srz24618677654)
neg, 0.12856775771316048, fire(srz2461867906)
neg, 0.12856775771316048, fire(srz246186714748)
neg, 0.1389301898143725, fire(srz246186713691)
neg, 0.2391150513662961, fire(srz246186710147)
neg, 0.12856775771316048, fire(srz246186712487)
neg, 0.20618099785178076, fire(srz246186715382)
neg, 0.12856775771316048, fire(srz2461867794)
neg, 0.12856775771316048, fire(srz246186717114)
neg, 0.1389301898143725, fire(srz24618672806)
neg, 0.1389301898143725, fire(srz24618671584)
neg, 0.12856775771316048, fire(srz246186710521)
neg, 0.12856775771316048, fire(srz24618672677)
neg, 0.12856775771316048, fire(srz246186715912)
neg, 0.12856775771316048, fire(srz24618674516)
neg, 0.1389301898143725, fire(srz24618675825)
neg, 0.12856775771316048, fire(srz246186714041)
neg, 0.12856775771316048, fire(srz246186710553)
neg, 0.1389301898143725, fire(srz246186716426)
neg, 0.1731163900378248, fire(srz24618677647)
neg, 0.21966688818925476, fire(srz24618674920)
neg, 0.1389301898143725, fire(srz24618675758)
neg, 0.1389301898143725, fire(srz246186789)
neg, 0.12856775771316048, fire(srz2461867823)
neg, 0.12856775771316048, fire(srz246186713122)
neg, 0.2391150513662961, fire(srz246186711052)
neg, 0.1731163900378248, fire(srz246186712838)
neg, 0.1389301898143725, fire(srz246186716481)
neg, 0.1389301898143725, fire(srz24618672277)
neg, 0.1389301898143725, fire(srz24618675841)
neg, 0.1731163900378248, fire(srz24618679475)
neg, 0.1441628216429231, fire(srz24618673613)
neg, 0.12856775771316048, fire(srz24618679637)
neg, 0.1389301898143725, fire(srz24618674339)
neg, 0.1389301898143725, fire(srz24618671732)
neg, 0.12856775771316048, fire(srz24618672586)
neg, 0.1389301898143725, fire(srz24618671636)
neg, 0.12856775771316048, fire(srz246186715692)
neg, 0.12856775771316048, fire(srz246186710841)
neg, 0.1389301898143725, fire(srz24618676284)
neg, 0.12856775771316048, fire(srz246186715890)
neg, 0.1731163900378248, fire(srz246186716785)
neg, 0.12856775771316048, fire(srz246186711483)
neg, 0.2391150513662961, fire(srz246186714246)
neg, 0.1389301898143725, fire(srz246186711799)
neg, 0.1731163900378248, fire(srz246186715255)
neg, 0.1731163900378248, fire(srz24618679513)
neg, 0.1731163900378248, fire(srz246186714523)
neg, 0.1731163900378248, fire(srz24618676951)
neg, 0.12856775771316048, fire(srz246186714209)
neg, 0.1389301898143725, fire(srz24618671172)
neg, 0.21966688818925476, fire(srz246186710348)
neg, 0.1441628216429231, fire(srz246186710371)
neg, 0.1389301898143725, fire(srz24618676394)
neg, 0.21966688818925476, fire(srz24618671440)
neg, 0.12856775771316048, fire(srz2461867413)
neg, 0.1389301898143725, fire(srz24618673093)
neg, 0.1731163900378248, fire(srz246186714522)
neg, 0.1389301898143725, fire(srz24618672467)
neg, 0.1389301898143725, fire(srz246186716417)
neg, 0.21966688818925476, fire(srz24618673450)
neg, 0.12856775771316048, fire(srz24618672749)
neg, 0.15191897724039985, fire(srz24618675094)
neg, 0.1731163900378248, fire(srz246186714022)
neg, 0.12856775771316048, fire(srz246186714650)
neg, 0.1389301898143725, fire(srz24618672481)
neg, 0.21966688818925476, fire(srz24618673018)
neg, 0.12856775771316048, fire(srz246186715873)
neg, 0.1389301898143725, fire(srz246186711985)
neg, 0.12856775771316048, fire(srz246186710204)
neg, 0.1389301898143725, fire(srz24618675740)
neg, 0.1389301898143725, fire(srz246186711816)
neg, 0.20618099785178076, fire(srz246186715473)
neg, 0.1441628216429231, fire(srz24618678648)
neg, 0.1731163900378248, fire(srz246186712479)
neg, 0.12856775771316048, fire(srz246186711441)
neg, 0.1389301898143725, fire(srz246186711947)
neg, 0.12856775771316048, fire(srz24618672616)
neg, 0.1389301898143725, fire(srz24618675761)
neg, 0.1441628216429231, fire(srz24618675286)
neg, 0.12856775771316048, fire(srz246186713776)
neg, 0.21966688818925476, fire(srz24618673707)
neg, 0.12856775771316048, fire(srz24618671348)
neg, 0.1731163900378248, fire(srz24618674629)
neg, 0.1731163900378248, fire(srz246186713666)
neg, 0.1441628216429231, fire(srz246186711266)
neg, 0.1731163900378248, fire(srz24618679866)
neg, 0.12856775771316048, fire(srz246186712926)
neg, 0.1389301898143725, fire(srz246186716323)
neg, 0.1731163900378248, fire(srz246186711582)
neg, 0.1389301898143725, fire(srz246186712095)
neg, 0.12856775771316048, fire(srz24618676540)
neg, 0.12856775771316048, fire(srz246186714973)
neg, 0.1389301898143725, fire(srz24618675824)
neg, 0.1389301898143725, fire(srz2461867296)
neg, 0.1389301898143725, fire(srz246186711714)
neg, 0.21966688818925476, fire(srz24618673262)
neg, 0.1389301898143725, fire(srz246186716391)
neg, 0.1389301898143725, fire(srz24618674301)
neg, 0.12856775771316048, fire(srz24618671483)
neg, 0.12856775771316048, fire(srz246186717049)
neg, 0.1731163900378248, fire(srz24618674883)
neg, 0.2391150513662961, fire(srz24618673397)
neg, 0.1441628216429231, fire(srz24618678545)
neg, 0.15191897724039985, fire(srz24618678715)
neg, 0.1389301898143725, fire(srz246186713685)
neg, 0.12856775771316048, fire(srz24618674564)
neg, 0.1389301898143725, fire(srz246186711723)
neg, 0.1441628216429231, fire(srz246186716888)
neg, 0.1731163900378248, fire(srz24618674852)
neg, 0.1731163900378248, fire(srz24618675630)
neg, 0.12856775771316048, fire(srz246186714363)
neg, 0.1389301898143725, fire(srz24618672464)
neg, 0.12856775771316048, fire(srz24618676007)
neg, 0.1389301898143725, fire(srz246186714926)
neg, 0.20618099785178076, fire(srz24618675248)
neg, 0.1441628216429231, fire(srz246186710141)
neg, 0.1441628216429231, fire(srz246186715851)
neg, 0.21966688818925476, fire(srz246186716800)
neg, 0.12856775771316048, fire(srz24618677434)
neg, 0.1731163900378248, fire(srz24618679887)
neg, 0.1389301898143725, fire(srz246186716157)
neg, 0.1389301898143725, fire(srz246186711962)
neg, 0.1389301898143725, fire(srz2461867291)
neg, 0.1441628216429231, fire(srz24618673302)
neg, 0.1389301898143725, fire(srz246186714881)
neg, 0.1389301898143725, fire(srz24618674154)
neg, 0.1389301898143725, fire(srz24618675827)
neg, 0.12856775771316048, fire(srz246186715688)
neg, 0.1389301898143725, fire(srz24618673127)
neg, 0.12856775771316048, fire(srz246186717152)
neg, 0.1731163900378248, fire(srz246186710996)
neg, 0.1389301898143725, fire(srz24618671693)
neg, 0.12856775771316048, fire(srz24618677024)
neg, 0.1389301898143725, fire(srz2461867100)
neg, 0.12856775771316048, fire(srz246186714211)
neg, 0.21966688818925476, fire(srz2461867399)
neg, 0.12856775771316048, fire(srz246186715440)
neg, 0.21966688818925476, fire(srz24618673248)
neg, 0.1731163900378248, fire(srz24618675368)
neg, 0.1389301898143725, fire(srz24618672875)
neg, 0.12856775771316048, fire(srz246186710842)
neg, 0.1389301898143725, fire(srz246186711842)
neg, 0.12856775771316048, fire(srz2461867982)
neg, 0.1441628216429231, fire(srz246186710284)
neg, 0.12856775771316048, fire(srz246186714113)
neg, 0.1389301898143725, fire(srz246186716532)
neg, 0.1389301898143725, fire(srz246186713352)
neg, 0.1731163900378248, fire(srz246186713400)
neg, 0.1389301898143725, fire(srz24618679745)
neg, 0.1389301898143725, fire(srz24618673007)
neg, 0.12856775771316048, fire(srz246186715932)
neg, 0.21966688818925476, fire(srz24618671921)
neg, 0.12856775771316048, fire(srz24618677420)
neg, 0.12856775771316048, fire(srz246186713190)
neg, 0.12856775771316048, fire(srz24618678226)
neg, 0.1731163900378248, fire(srz246186711551)
neg, 0.12856775771316048, fire(srz246186714642)
neg, 0.21966688818925476, fire(srz24618677706)
neg, 0.15191897724039985, fire(srz24618674536)
neg, 0.1731163900378248, fire(srz24618678845)
neg, 0.1389301898143725, fire(srz24618679209)
neg, 0.12856775771316048, fire(srz246186710592)
neg, 0.1441628216429231, fire(srz24618678564)
neg, 0.1731163900378248, fire(srz24618675605)
neg, 0.1389301898143725, fire(srz24618676222)
neg, 0.12856775771316048, fire(srz24618677192)
neg, 0.12856775771316048, fire(srz246186710579)
neg, 0.1389301898143725, fire(srz24618679441)
neg, 0.12856775771316048, fire(srz24618674393)
neg, 0.12856775771316048, fire(srz246186710629)
neg, 0.21966688818925476, fire(srz246186713876)
neg, 0.21966688818925476, fire(srz24618674689)
neg, 0.21966688818925476, fire(srz246186716715)
neg, 0.1441628216429231, fire(srz24618673622)
neg, 0.21966688818925476, fire(srz246186711089)
neg, 0.2391150513662961, fire(srz24618674981)
neg, 0.12856775771316048, fire(srz246186713156)
neg, 0.21966688818925476, fire(srz24618679688)
neg, 0.12856775771316048, fire(srz246186715715)
neg, 0.12856775771316048, fire(srz246186714765)
neg, 0.1731163900378248, fire(srz24618677141)
neg, 0.1389301898143725, fire(srz24618672476)
neg, 0.12856775771316048, fire(srz24618671013)
neg, 0.2391150513662961, fire(srz246186711025)
neg, 0.1389301898143725, fire(srz24618676272)
neg, 0.1389301898143725, fire(srz24618679421)
neg, 0.1731163900378248, fire(srz246186713480)
neg, 0.1389301898143725, fire(srz246186717190)
neg, 0.1389301898143725, fire(srz246186748)
neg, 0.21966688818925476, fire(srz24618676328)
neg, 0.12856775771316048, fire(srz24618679159)
neg, 0.20618099785178076, fire(srz24618674716)
neg, 0.21966688818925476, fire(srz24618673180)
neg, 0.12856775771316048, fire(srz246186713147)
neg, 0.12856775771316048, fire(srz246186713363)
neg, 0.21966688818925476, fire(srz24618674911)
neg, 0.12856775771316048, fire(srz246186711146)
neg, 0.1731163900378248, fire(srz24618672412)
neg, 0.1731163900378248, fire(srz246186712316)
neg, 0.12856775771316048, fire(srz24618679928)
neg, 0.20618099785178076, fire(srz24618676146)
neg, 0.1389301898143725, fire(srz246186712029)
neg, 0.12856775771316048, fire(srz24618672514)
neg, 0.1389301898143725, fire(srz24618676386)
neg, 0.12856775771316048, fire(srz246186711141)
neg, 0.1731163900378248, fire(srz246186713412)
neg, 0.1731163900378248, fire(srz24618673227)
neg, 0.1731163900378248, fire(srz24618673370)
neg, 0.1389301898143725, fire(srz246186710263)
neg, 0.12856775771316048, fire(srz24618678979)
neg, 0.1389301898143725, fire(srz246186716400)
neg, 0.1441628216429231, fire(srz246186711300)
neg, 0.1731163900378248, fire(srz24618678860)
neg, 0.12856775771316048, fire(srz24618675192)
neg, 0.1389301898143725, fire(srz246186711791)
neg, 0.21966688818925476, fire(srz24618673836)
neg, 0.1731163900378248, fire(srz24618676907)
neg, 0.12856775771316048, fire(srz24618671136)
neg, 0.12856775771316048, fire(srz24618675504)
neg, 0.1389301898143725, fire(srz24618674271)
neg, 0.1389301898143725, fire(srz24618675708)
neg, 0.1731163900378248, fire(srz24618673228)
neg, 0.1389301898143725, fire(srz24618671768)
neg, 0.1389301898143725, fire(srz246186712544)
neg, 0.1389301898143725, fire(srz24618672309)
neg, 0.1389301898143725, fire(srz24618672274)
neg, 0.15191897724039985, fire(srz24618675096)
neg, 0.21966688818925476, fire(srz24618673056)
neg, 0.1389301898143725, fire(srz24618677923)
neg, 0.12856775771316048, fire(srz246186710446)
neg, 0.1731163900378248, fire(srz246186712258)
neg, 0.2391150513662961, fire(srz246186713618)
neg, 0.1389301898143725, fire(srz246186711749)
neg, 0.21966688818925476, fire(srz24618678842)
neg, 0.1389301898143725, fire(srz2461867313)
neg, 0.12856775771316048, fire(srz24618679964)
neg, 0.12856775771316048, fire(srz246186714198)
neg, 0.12856775771316048, fire(srz24618672516)
neg, 0.12856775771316048, fire(srz246186717042)
neg, 0.1441628216429231, fire(srz24618679055)
neg, 0.1441628216429231, fire(srz246186711375)
neg, 0.1731163900378248, fire(srz246186715106)
neg, 0.20618099785178076, fire(srz246186710241)
neg, 0.2391150513662961, fire(srz24618676437)
neg, 0.1441628216429231, fire(srz24618675086)
neg, 0.12856775771316048, fire(srz246186710636)
neg, 0.1389301898143725, fire(srz246186716210)
neg, 0.12856775771316048, fire(srz246186711148)
neg, 0.1389301898143725, fire(srz24618671632)
neg, 0.15191897724039985, fire(srz24618678627)
neg, 0.1389301898143725, fire(srz246186711696)
neg, 0.20618099785178076, fire(srz24618679028)
neg, 0.1441628216429231, fire(srz246186715808)
neg, 0.1731163900378248, fire(srz246186715189)
neg, 0.1389301898143725, fire(srz2461867518)
neg, 0.1389301898143725, fire(srz246186711879)
neg, 0.21966688818925476, fire(srz24618671687)
neg, 0.1731163900378248, fire(srz24618673376)
neg, 0.2391150513662961, fire(srz24618674786)
neg, 0.12856775771316048, fire(srz24618677046)
neg, 0.12856775771316048, fire(srz246186714955)
neg, 0.12856775771316048, fire(srz246186713102)
neg, 0.1731163900378248, fire(srz246186715173)
neg, 0.1731163900378248, fire(srz246186716846)
neg, 0.1731163900378248, fire(srz246186714388)
neg, 0.1389301898143725, fire(srz246186711705)
neg, 0.12856775771316048, fire(srz24618672058)
neg, 0.20618099785178076, fire(srz24618679823)
neg, 0.12856775771316048, fire(srz24618677191)
neg, 0.12856775771316048, fire(srz246186713099)
neg, 0.12856775771316048, fire(srz246186711484)
neg, 0.1389301898143725, fire(srz24618676480)
neg, 0.12856775771316048, fire(srz24618674763)
neg, 0.1389301898143725, fire(srz246186714835)
neg, 0.12856775771316048, fire(srz246186713173)
neg, 0.1731163900378248, fire(srz24618677109)
neg, 0.1441628216429231, fire(srz246186711371)
neg, 0.12856775771316048, fire(srz246186717151)
neg, 0.21966688818925476, fire(srz246186711180)
neg, 0.12856775771316048, fire(srz246186713772)
neg, 0.1389301898143725, fire(srz246186714825)
neg, 0.1389301898143725, fire(srz24618672345)
neg, 0.1389301898143725, fire(srz246186716457)
neg, 0.1731163900378248, fire(srz24618675364)
neg, 0.1441628216429231, fire(srz24618678148)
neg, 0.1731163900378248, fire(srz246186714148)
neg, 0.20618099785178076, fire(srz24618673772)
neg, 0.21966688818925476, fire(srz246186710433)
neg, 0.1441628216429231, fire(srz24618678778)
neg, 0.1441628216429231, fire(srz24618678650)
neg, 0.21966688818925476, fire(srz246186713883)
neg, 0.1731163900378248, fire(srz246186714556)
neg, 0.12856775771316048, fire(srz24618671313)
neg, 0.1389301898143725, fire(srz24618671705)
neg, 0.12856775771316048, fire(srz24618678271)
neg, 0.1441628216429231, fire(srz246186712998)
neg, 0.1441628216429231, fire(srz24618673624)
neg, 0.21966688818925476, fire(srz24618674582)
neg, 0.1441628216429231, fire(srz246186715323)
neg, 0.12856775771316048, fire(srz246186710641)
neg, 0.1731163900378248, fire(srz24618676756)
neg, 0.12856775771316048, fire(srz246186715547)
neg, 0.1389301898143725, fire(srz24618676462)
neg, 0.1389301898143725, fire(srz24618679458)
neg, 0.12856775771316048, fire(srz246186716092)
neg, 0.12856775771316048, fire(srz24618672757)
neg, 0.1441628216429231, fire(srz246186716872)
neg, 0.12856775771316048, fire(srz246186715960)
neg, 0.12856775771316048, fire(srz246186713089)
neg, 0.2391150513662961, fire(srz246186716818)
neg, 0.12856775771316048, fire(srz24618671859)
neg, 0.1441628216429231, fire(srz246186715343)
neg, 0.1389301898143725, fire(srz246186711798)
neg, 0.1389301898143725, fire(srz24618671812)
neg, 0.1441628216429231, fire(srz24618679090)
neg, 0.12856775771316048, fire(srz246186715910)
neg, 0.12856775771316048, fire(srz246186717019)
neg, 0.1389301898143725, fire(srz24618675931)
neg, 0.12856775771316048, fire(srz24618672729)
neg, 0.12856775771316048, fire(srz246186710970)
neg, 0.1441628216429231, fire(srz246186710369)
neg, 0.1731163900378248, fire(srz24618678486)
neg, 0.1389301898143725, fire(srz246186714897)
neg, 0.2391150513662961, fire(srz246186715620)
neg, 0.2391150513662961, fire(srz246186714432)
neg, 0.1441628216429231, fire(srz24618673304)
neg, 0.12856775771316048, fire(srz246186716058)
neg, 0.1389301898143725, fire(srz24618672173)
neg, 0.1389301898143725, fire(srz2461867356)
neg, 0.12856775771316048, fire(srz246186710524)
neg, 0.12856775771316048, fire(srz246186716541)
neg, 0.1441628216429231, fire(srz246186710191)
neg, 0.1389301898143725, fire(srz24618672450)
neg, 0.1441628216429231, fire(srz24618673596)
neg, 0.12856775771316048, fire(srz246186713107)
neg, 0.1389301898143725, fire(srz24618674295)
neg, 0.2391150513662961, fire(srz24618672489)
neg, 0.1389301898143725, fire(srz246186716365)
neg, 0.12856775771316048, fire(srz2461867507)
neg, 0.1389301898143725, fire(srz24618671547)
neg, 0.1389301898143725, fire(srz246186714826)
neg, 0.1731163900378248, fire(srz246186711039)
neg, 0.12856775771316048, fire(srz246186715095)
neg, 0.1441628216429231, fire(srz246186716896)
neg, 0.12856775771316048, fire(srz24618676866)
neg, 0.12856775771316048, fire(srz246186714200)
neg, 0.21966688818925476, fire(srz24618673179)
neg, 0.1731163900378248, fire(srz24618677888)
neg, 0.1731163900378248, fire(srz246186713641)
neg, 0.12856775771316048, fire(srz246186711128)
neg, 0.2391150513662961, fire(srz24618676224)
neg, 0.21966688818925476, fire(srz2461867576)
neg, 0.12856775771316048, fire(srz2461867170)
neg, 0.21966688818925476, fire(srz246186713466)
neg, 0.1731163900378248, fire(srz246186711057)
neg, 0.1389301898143725, fire(srz24618679312)
neg, 0.1731163900378248, fire(srz24618678166)
neg, 0.1441628216429231, fire(srz24618678570)
neg, 0.1389301898143725, fire(srz24618675897)
neg, 0.12856775771316048, fire(srz24618676673)
neg, 0.1389301898143725, fire(srz24618672188)
neg, 0.12856775771316048, fire(srz24618673945)
neg, 0.12856775771316048, fire(srz24618671091)
neg, 0.12856775771316048, fire(srz24618674396)
neg, 0.1731163900378248, fire(srz246186716310)
neg, 0.1441628216429231, fire(srz246186715639)
neg, 0.1389301898143725, fire(srz24618677470)
neg, 0.12856775771316048, fire(srz246186710869)
neg, 0.1389301898143725, fire(srz246186711927)
neg, 0.1389301898143725, fire(srz24618671568)
neg, 0.1731163900378248, fire(srz24618679127)
neg, 0.1731163900378248, fire(srz246186712735)
neg, 0.20618099785178076, fire(srz246186712495)
neg, 0.12856775771316048, fire(srz246186713071)
neg, 0.12856775771316048, fire(srz246186715467)
neg, 0.12856775771316048, fire(srz24618675507)
neg, 0.1389301898143725, fire(srz24618672850)
neg, 0.12856775771316048, fire(srz246186715081)
neg, 0.21966688818925476, fire(srz24618673703)
neg, 0.1389301898143725, fire(srz24618671563)
neg, 0.1731163900378248, fire(srz24618675392)
neg, 0.1731163900378248, fire(srz24618673216)
neg, 0.12856775771316048, fire(srz246186714168)
neg, 0.12856775771316048, fire(srz246186714505)
neg, 0.1731163900378248, fire(srz24618678850)
neg, 0.1731163900378248, fire(srz24618676684)
neg, 0.12856775771316048, fire(srz24618679807)
neg, 0.1389301898143725, fire(srz246186712021)
neg, 0.1731163900378248, fire(srz24618679531)
neg, 0.1389301898143725, fire(srz24618674266)
neg, 0.1731163900378248, fire(srz24618674573)
neg, 0.1441628216429231, fire(srz24618678596)
neg, 0.1731163900378248, fire(srz24618678404)
neg, 0.1441628216429231, fire(srz246186712423)
neg, 0.12856775771316048, fire(srz246186713064)
neg, 0.1389301898143725, fire(srz24618672994)
neg, 0.21966688818925476, fire(srz246186713428)
neg, 0.1389301898143725, fire(srz24618672478)
neg, 0.21966688818925476, fire(srz246186712280)
neg, 0.15191897724039985, fire(srz24618676639)
neg, 0.2391150513662961, fire(srz246186716827)
neg, 0.2391150513662961, fire(srz246186712968)
neg, 0.1389301898143725, fire(srz246186716132)
neg, 0.1389301898143725, fire(srz24618676336)
neg, 0.1441628216429231, fire(srz246186715329)
neg, 0.1731163900378248, fire(srz246186710978)
neg, 0.1731163900378248, fire(srz24618673198)
neg, 0.12856775771316048, fire(srz246186714191)
neg, 0.1731163900378248, fire(srz246186711107)
neg, 0.12856775771316048, fire(srz246186712460)
neg, 0.1441628216429231, fire(srz24618678796)
neg, 0.1731163900378248, fire(srz246186710976)
neg, 0.1389301898143725, fire(srz24618675840)
neg, 0.12856775771316048, fire(srz24618672056)
neg, 0.1731163900378248, fire(srz24618679503)
neg, 0.12856775771316048, fire(srz2461867499)
neg, 0.1731163900378248, fire(srz24618673428)
neg, 0.1731163900378248, fire(srz246186715139)
neg, 0.1441628216429231, fire(srz24618678140)
neg, 0.1731163900378248, fire(srz24618673282)
neg, 0.20618099785178076, fire(srz24618673325)
neg, 0.12856775771316048, fire(srz24618675487)
neg, 0.1731163900378248, fire(srz246186715102)
neg, 0.12856775771316048, fire(srz246186714634)
neg, 0.20618099785178076, fire(srz246186711403)
neg, 0.1389301898143725, fire(srz24618678454)
neg, 0.1389301898143725, fire(srz24618678441)
neg, 0.1389301898143725, fire(srz246186714227)
neg, 0.12856775771316048, fire(srz246186714154)
neg, 0.12856775771316048, fire(srz246186714804)
neg, 0.12856775771316048, fire(srz24618671488)
neg, 0.1389301898143725, fire(srz2461867551)
neg, 0.12856775771316048, fire(srz2461867467)
neg, 0.1389301898143725, fire(srz246186715003)
neg, 0.12856775771316048, fire(srz24618675315)
neg, 0.1731163900378248, fire(srz246186713624)
neg, 0.12856775771316048, fire(srz246186710575)
neg, 0.1389301898143725, fire(srz24618676338)
neg, 0.12856775771316048, fire(srz246186712747)
neg, 0.1731163900378248, fire(srz24618676749)
neg, 0.1389301898143725, fire(srz24618679267)
neg, 0.12856775771316048, fire(srz24618676053)
neg, 0.1389301898143725, fire(srz246186728)
neg, 0.12856775771316048, fire(srz24618675470)
neg, 0.12856775771316048, fire(srz2461867941)
neg, 0.2391150513662961, fire(srz24618671622)
neg, 0.1731163900378248, fire(srz246186711562)
neg, 0.1731163900378248, fire(srz246186714514)
neg, 0.1389301898143725, fire(srz246186716456)
neg, 0.1389301898143725, fire(srz24618675933)
neg, 0.1389301898143725, fire(srz24618672304)
neg, 0.1441628216429231, fire(srz24618676650)
neg, 0.2391150513662961, fire(srz24618673914)
neg, 0.1389301898143725, fire(srz24618677278)
neg, 0.12856775771316048, fire(srz24618671492)
neg, 0.1441628216429231, fire(srz246186712880)
neg, 0.12856775771316048, fire(srz246186713127)
neg, 0.1731163900378248, fire(srz24618673736)
neg, 0.12856775771316048, fire(srz246186713197)
neg, 0.1731163900378248, fire(srz24618676974)
neg, 0.1389301898143725, fire(srz246186713256)
neg, 0.12856775771316048, fire(srz24618675312)
neg, 0.21966688818925476, fire(srz246186715112)
neg, 0.1389301898143725, fire(srz246186711790)
neg, 0.1731163900378248, fire(srz24618673503)
neg, 0.20618099785178076, fire(srz246186715403)
neg, 0.1389301898143725, fire(srz246186713712)
neg, 0.12856775771316048, fire(srz246186713834)
neg, 0.1389301898143725, fire(srz24618672809)
neg, 0.1389301898143725, fire(srz246186712068)
neg, 0.1389301898143725, fire(srz246186717182)
neg, 0.1731163900378248, fire(srz246186713601)
neg, 0.12856775771316048, fire(srz246186710660)
neg, 0.1731163900378248, fire(srz24618679191)
neg, 0.1731163900378248, fire(srz24618676925)
neg, 0.1389301898143725, fire(srz24618679417)
neg, 0.12856775771316048, fire(srz24618672724)
neg, 0.12856775771316048, fire(srz2461867986)
neg, 0.12856775771316048, fire(srz24618672155)
neg, 0.12856775771316048, fire(srz24618679939)
neg, 0.1389301898143725, fire(srz246186713264)
neg, 0.12856775771316048, fire(srz246186710545)
neg, 0.21966688818925476, fire(srz246186715044)
neg, 0.21966688818925476, fire(srz24618679559)
neg, 0.1731163900378248, fire(srz246186712742)
neg, 0.12856775771316048, fire(srz24618674005)
neg, 0.12856775771316048, fire(srz246186714493)
neg, 0.1389301898143725, fire(srz2461867124)
neg, 0.12856775771316048, fire(srz24618671006)
neg, 0.1441628216429231, fire(srz246186711240)
neg, 0.1441628216429231, fire(srz246186715654)
neg, 0.1731163900378248, fire(srz24618675697)
neg, 0.1731163900378248, fire(srz24618679509)
neg, 0.1389301898143725, fire(srz24618673009)
neg, 0.1389301898143725, fire(srz2461867278)
neg, 0.1731163900378248, fire(srz24618676921)
neg, 0.1389301898143725, fire(srz24618671224)
neg, 0.12856775771316048, fire(srz24618676105)
neg, 0.1389301898143725, fire(srz24618679299)
neg, 0.1731163900378248, fire(srz24618678858)
neg, 0.1389301898143725, fire(srz24618678444)
neg, 0.12856775771316048, fire(srz246186713759)
neg, 0.1389301898143725, fire(srz24618672777)
neg, 0.1389301898143725, fire(srz246186716324)
neg, 0.1441628216429231, fire(srz246186712677)
neg, 0.12856775771316048, fire(srz24618671501)
neg, 0.12856775771316048, fire(srz246186712350)
neg, 0.1389301898143725, fire(srz246186714230)
neg, 0.1389301898143725, fire(srz246186713314)
neg, 0.1441628216429231, fire(srz24618675229)
neg, 0.1731163900378248, fire(srz24618674846)
neg, 0.1441628216429231, fire(srz24618673621)
neg, 0.1389301898143725, fire(srz24618672452)
neg, 0.1389301898143725, fire(srz246186717193)
neg, 0.12856775771316048, fire(srz246186710447)
neg, 0.1389301898143725, fire(srz246186720)
neg, 0.1389301898143725, fire(srz246186710811)
neg, 0.21966688818925476, fire(srz24618671397)
neg, 0.20618099785178076, fire(srz246186710238)
neg, 0.1731163900378248, fire(srz24618673543)
neg, 0.12856775771316048, fire(srz246186714321)
neg, 0.21966688818925476, fire(srz24618673249)
neg, 0.12856775771316048, fire(srz246186716599)
neg, 0.12856775771316048, fire(srz24618677305)
neg, 0.12856775771316048, fire(srz24618673786)
neg, 0.12856775771316048, fire(srz246186716932)
neg, 0.2391150513662961, fire(srz24618674779)
neg, 0.12856775771316048, fire(srz246186717143)
neg, 0.1731163900378248, fire(srz24618677646)
neg, 0.1389301898143725, fire(srz24618677499)
neg, 0.1731163900378248, fire(srz24618677785)
neg, 0.12856775771316048, fire(srz24618671122)
neg, 0.12856775771316048, fire(srz24618672562)
neg, 0.12856775771316048, fire(srz246186715667)
neg, 0.12856775771316048, fire(srz24618671117)
neg, 0.1389301898143725, fire(srz24618674094)
neg, 0.12856775771316048, fire(srz24618674746)
neg, 0.2391150513662961, fire(srz24618676782)
neg, 0.1441628216429231, fire(srz24618678201)
neg, 0.2391150513662961, fire(srz24618677874)
neg, 0.1389301898143725, fire(srz246186710706)
neg, 0.2391150513662961, fire(srz246186712038)
neg, 0.1389301898143725, fire(srz24618679366)
neg, 0.1731163900378248, fire(srz24618675366)
neg, 0.1731163900378248, fire(srz246186710483)
neg, 0.1389301898143725, fire(srz24618671635)
neg, 0.2391150513662961, fire(srz246186715591)
neg, 0.12856775771316048, fire(srz246186712616)
neg, 0.1731163900378248, fire(srz24618677747)
neg, 0.1389301898143725, fire(srz246186716444)
neg, 0.12856775771316048, fire(srz24618676849)
neg, 0.1389301898143725, fire(srz24618672351)
neg, 0.21966688818925476, fire(srz24618671678)
neg, 0.1731163900378248, fire(srz246186712852)
neg, 0.12856775771316048, fire(srz2461867643)
neg, 0.12856775771316048, fire(srz246186711353)
neg, 0.12856775771316048, fire(srz24618671011)
neg, 0.1731163900378248, fire(srz24618677073)
neg, 0.1389301898143725, fire(srz24618672790)
neg, 0.12856775771316048, fire(srz246186714133)
neg, 0.21966688818925476, fire(srz246186712796)
neg, 0.12856775771316048, fire(srz2461867221)
neg, 0.1389301898143725, fire(srz24618672240)
neg, 0.12856775771316048, fire(srz24618678965)
neg, 0.1389301898143725, fire(srz24618671713)
neg, 0.1389301898143725, fire(srz246186716401)
neg, 0.1389301898143725, fire(srz2461867343)
neg, 0.12856775771316048, fire(srz24618674559)
neg, 0.12856775771316048, fire(srz246186710570)
neg, 0.12856775771316048, fire(srz24618673815)
neg, 0.12856775771316048, fire(srz2461867855)
neg, 0.1389301898143725, fire(srz24618676259)
neg, 0.12856775771316048, fire(srz24618671312)
neg, 0.12856775771316048, fire(srz246186714296)
neg, 0.1731163900378248, fire(srz246186716757)
neg, 0.12856775771316048, fire(srz24618672754)
neg, 0.12856775771316048, fire(srz24618677290)
neg, 0.12856775771316048, fire(srz246186711145)
neg, 0.1731163900378248, fire(srz246186712831)
neg, 0.20618099785178076, fire(srz24618675581)
neg, 0.12856775771316048, fire(srz24618672950)
neg, 0.21966688818925476, fire(srz24618678892)
neg, 0.1389301898143725, fire(srz24618679259)
neg, 0.2391150513662961, fire(srz246186716866)
neg, 0.12856775771316048, fire(srz2461867993)
neg, 0.1389301898143725, fire(srz246186713332)
neg, 0.1389301898143725, fire(srz24618676406)
neg, 0.1731163900378248, fire(srz24618675689)
neg, 0.12856775771316048, fire(srz24618672673)
neg, 0.21966688818925476, fire(srz246186712809)
neg, 0.21966688818925476, fire(srz24618671763)
neg, 0.1389301898143725, fire(srz24618675847)
neg, 0.1389301898143725, fire(srz246186716495)
neg, 0.1441628216429231, fire(srz24618672504)
neg, 0.12856775771316048, fire(srz246186714791)
neg, 0.1389301898143725, fire(srz246186715006)
neg, 0.1389301898143725, fire(srz24618679233)
neg, 0.12856775771316048, fire(srz246186714799)
neg, 0.12856775771316048, fire(srz24618677220)
neg, 0.12856775771316048, fire(srz2461867795)
neg, 0.12856775771316048, fire(srz24618675463)
neg, 0.1389301898143725, fire(srz246186716146)
neg, 0.1731163900378248, fire(srz246186712273)
neg, 0.12856775771316048, fire(srz24618672520)
neg, 0.12856775771316048, fire(srz2461867190)
neg, 0.1731163900378248, fire(srz24618679878)
neg, 0.12856775771316048, fire(srz24618671846)
neg, 0.1389301898143725, fire(srz24618675358)
neg, 0.12856775771316048, fire(srz246186714744)
neg, 0.1731163900378248, fire(srz246186711169)
neg, 0.1389301898143725, fire(srz246186711737)
neg, 0.1441628216429231, fire(srz24618678144)
neg, 0.15191897724039985, fire(srz24618678709)
neg, 0.12856775771316048, fire(srz24618679974)
neg, 0.1441628216429231, fire(srz24618673633)
neg, 0.2391150513662961, fire(srz24618676236)
neg, 0.21966688818925476, fire(srz24618679706)
neg, 0.21966688818925476, fire(srz24618678824)
neg, 0.1731163900378248, fire(srz246186711104)
neg, 0.1731163900378248, fire(srz246186711541)
neg, 0.1389301898143725, fire(srz246186712119)
neg, 0.1731163900378248, fire(srz24618677851)
neg, 0.1389301898143725, fire(srz2461867393)
neg, 0.1731163900378248, fire(srz24618675369)
neg, 0.1731163900378248, fire(srz246186710977)
neg, 0.1731163900378248, fire(srz246186712843)
neg, 0.12856775771316048, fire(srz246186714759)
neg, 0.1389301898143725, fire(srz24618679378)
neg, 0.12856775771316048, fire(srz246186711427)
neg, 0.12856775771316048, fire(srz246186711468)
neg, 0.12856775771316048, fire(srz246186710454)
neg, 0.1731163900378248, fire(srz24618677773)
neg, 0.12856775771316048, fire(srz24618679638)
neg, 0.1389301898143725, fire(srz24618679431)
neg, 0.1389301898143725, fire(srz24618675807)
neg, 0.1731163900378248, fire(srz24618673496)
neg, 0.21966688818925476, fire(srz246186713449)
neg, 0.1441628216429231, fire(srz246186715340)
neg, 0.1731163900378248, fire(srz24618679521)
neg, 0.20618099785178076, fire(srz24618673327)
neg, 0.1389301898143725, fire(srz24618671586)
neg, 0.21966688818925476, fire(srz246186715039)
neg, 0.21966688818925476, fire(srz246186716811)
neg, 0.1441628216429231, fire(srz24618673587)
neg, 0.12856775771316048, fire(srz24618671838)
neg, 0.21966688818925476, fire(srz24618679584)
neg, 0.1731163900378248, fire(srz246186712370)
neg, 0.12856775771316048, fire(srz246186714626)
neg, 0.1731163900378248, fire(srz24618678071)
neg, 0.1389301898143725, fire(srz24618676495)
neg, 0.20618099785178076, fire(srz24618676131)
neg, 0.1731163900378248, fire(srz24618678672)
neg, 0.1389301898143725, fire(srz24618677546)
neg, 0.1731163900378248, fire(srz246186713358)
neg, 0.12856775771316048, fire(srz246186716547)
neg, 0.1731163900378248, fire(srz246186716747)
neg, 0.12856775771316048, fire(srz24618677424)
neg, 0.21966688818925476, fire(srz24618673454)
neg, 0.12856775771316048, fire(srz24618671341)
neg, 0.12856775771316048, fire(srz246186710612)
neg, 0.12856775771316048, fire(srz24618676802)
neg, 0.1389301898143725, fire(srz24618673120)
neg, 0.1389301898143725, fire(srz24618677515)
neg, 0.20618099785178076, fire(srz24618675573)
neg, 0.1389301898143725, fire(srz24618677485)
neg, 0.12856775771316048, fire(srz24618676033)
neg, 0.20618099785178076, fire(srz2461867411)
neg, 0.1389301898143725, fire(srz246186716124)
neg, 0.1389301898143725, fire(srz24618674355)
neg, 0.2391150513662961, fire(srz24618678342)
neg, 0.1731163900378248, fire(srz24618678353)
neg, 0.1389301898143725, fire(srz246186711717)
neg, 0.1389301898143725, fire(srz2461867320)
neg, 0.12856775771316048, fire(srz24618676560)
neg, 0.1389301898143725, fire(srz246186714870)
neg, 0.21966688818925476, fire(srz24618677689)
neg, 0.12856775771316048, fire(srz24618671410)
neg, 0.21966688818925476, fire(srz246186712288)
neg, 0.1441628216429231, fire(srz246186710440)
neg, 0.1731163900378248, fire(srz246186716739)
neg, 0.12856775771316048, fire(srz246186711326)
neg, 0.1389301898143725, fire(srz24618674338)
neg, 0.1731163900378248, fire(srz246186713474)
neg, 0.12856775771316048, fire(srz24618679666)
neg, 0.21966688818925476, fire(srz24618674921)
neg, 0.1389301898143725, fire(srz246186714842)
neg, 0.1731163900378248, fire(srz24618677651)
neg, 0.12856775771316048, fire(srz24618676044)
neg, 0.12856775771316048, fire(srz24618677330)
neg, 0.21966688818925476, fire(srz246186715230)
neg, 0.12856775771316048, fire(srz246186711354)
neg, 0.1389301898143725, fire(srz2461867151)
neg, 0.2391150513662961, fire(srz24618676595)
neg, 0.12856775771316048, fire(srz246186712199)
neg, 0.12856775771316048, fire(srz2461867898)
neg, 0.12856775771316048, fire(srz246186711159)
neg, 0.20618099785178076, fire(srz24618675320)
neg, 0.21966688818925476, fire(srz246186716717)
neg, 0.1389301898143725, fire(srz24618674101)
neg, 0.12856775771316048, fire(srz246186715734)
neg, 0.1389301898143725, fire(srz246186711951)
neg, 0.12856775771316048, fire(srz246186714987)
neg, 0.2391150513662961, fire(srz2461867373)
neg, 0.21966688818925476, fire(srz246186712290)
neg, 0.1389301898143725, fire(srz24618677939)
neg, 0.1389301898143725, fire(srz24618671799)
neg, 0.1389301898143725, fire(srz24618676372)
neg, 0.1731163900378248, fire(srz24618675447)
neg, 0.1389301898143725, fire(srz24618673869)
neg, 0.1389301898143725, fire(srz246186711695)
neg, 0.1731163900378248, fire(srz246186711598)
neg, 0.1731163900378248, fire(srz24618674904)
neg, 0.12856775771316048, fire(srz246186710531)
neg, 0.12856775771316048, fire(srz24618673796)
neg, 0.1389301898143725, fire(srz246186715)
neg, 0.15191897724039985, fire(srz24618675101)
neg, 0.1389301898143725, fire(srz246186717198)
neg, 0.12856775771316048, fire(srz246186714299)
neg, 0.1389301898143725, fire(srz2461867566)
neg, 0.2391150513662961, fire(srz246186714993)
neg, 0.12856775771316048, fire(srz24618671304)
neg, 0.1389301898143725, fire(srz246186714927)
neg, 0.2391150513662961, fire(srz24618676607)
neg, 0.1731163900378248, fire(srz24618673546)
neg, 0.1441628216429231, fire(srz24618678155)
neg, 0.1731163900378248, fire(srz246186712242)
neg, 0.2391150513662961, fire(srz246186716865)
neg, 0.1441628216429231, fire(srz246186712706)
neg, 0.1441628216429231, fire(srz246186714621)
neg, 0.1731163900378248, fire(srz24618675436)
neg, 0.1731163900378248, fire(srz246186713553)
neg, 0.12856775771316048, fire(srz24618675500)
neg, 0.12856775771316048, fire(srz24618671856)
neg, 0.12856775771316048, fire(srz246186714159)
neg, 0.1389301898143725, fire(srz2461867602)
neg, 0.1389301898143725, fire(srz24618673098)
neg, 0.12856775771316048, fire(srz24618672718)
neg, 0.21966688818925476, fire(srz24618672328)
neg, 0.1389301898143725, fire(srz2461867122)
neg, 0.2391150513662961, fire(srz24618672495)
neg, 0.12856775771316048, fire(srz246186716286)
neg, 0.1389301898143725, fire(srz24618671206)
neg, 0.1441628216429231, fire(srz24618672507)
neg, 0.1731163900378248, fire(srz246186712229)
neg, 0.12856775771316048, fire(srz246186715486)
neg, 0.1389301898143725, fire(srz246186713694)
neg, 0.12856775771316048, fire(srz24618671508)
neg, 0.1731163900378248, fire(srz24618676963)
neg, 0.1389301898143725, fire(srz2461867380)
neg, 0.12856775771316048, fire(srz246186717153)
neg, 0.12856775771316048, fire(srz246186712777)
neg, 0.12856775771316048, fire(srz2461867791)
neg, 0.12856775771316048, fire(srz246186713820)
neg, 0.1389301898143725, fire(srz246186713260)
neg, 0.1441628216429231, fire(srz246186710317)
neg, 0.1389301898143725, fire(srz246186780)
neg, 0.1389301898143725, fire(srz24618671798)
neg, 0.1389301898143725, fire(srz24618679682)
neg, 0.12856775771316048, fire(srz2461867438)
neg, 0.12856775771316048, fire(srz246186713119)
neg, 0.12856775771316048, fire(srz24618679098)
neg, 0.21966688818925476, fire(srz24618671914)
neg, 0.12856775771316048, fire(srz24618678745)
neg, 0.21966688818925476, fire(srz24618671448)
neg, 0.1389301898143725, fire(srz246186711931)
neg, 0.12856775771316048, fire(srz24618672650)
neg, 0.21966688818925476, fire(srz246186710382)
neg, 0.12856775771316048, fire(srz246186715776)
neg, 0.12856775771316048, fire(srz24618674561)
neg, 0.12856775771316048, fire(srz24618672626)
neg, 0.1441628216429231, fire(srz246186710367)
neg, 0.21966688818925476, fire(srz24618678937)
neg, 0.20618099785178076, fire(srz24618672084)
neg, 0.12856775771316048, fire(srz246186710512)
neg, 0.1389301898143725, fire(srz24618674175)
neg, 0.1441628216429231, fire(srz246186710437)
neg, 0.1731163900378248, fire(srz246186715632)
neg, 0.1389301898143725, fire(srz2461867102)
neg, 0.1389301898143725, fire(srz246186716434)
neg, 0.21966688818925476, fire(srz246186710388)
neg, 0.1441628216429231, fire(srz24618678585)
neg, 0.1389301898143725, fire(srz24618674099)
neg, 0.1731163900378248, fire(srz24618676898)
neg, 0.12856775771316048, fire(srz24618674415)
neg, 0.1731163900378248, fire(srz24618675377)
neg, 0.21966688818925476, fire(srz24618679847)
neg, 0.1389301898143725, fire(srz2461867285)
neg, 0.12856775771316048, fire(srz24618671407)
neg, 0.1731163900378248, fire(srz246186713625)
neg, 0.21966688818925476, fire(srz246186710248)
neg, 0.1731163900378248, fire(srz24618679919)
neg, 0.1731163900378248, fire(srz246186711553)
neg, 0.1731163900378248, fire(srz246186715413)
neg, 0.1731163900378248, fire(srz24618676932)
neg, 0.1389301898143725, fire(srz246186713348)
neg, 0.20618099785178076, fire(srz24618675239)
neg, 0.1389301898143725, fire(srz24618672363)
neg, 0.12856775771316048, fire(srz246186716556)
neg, 0.1389301898143725, fire(srz24618673152)
neg, 0.12856775771316048, fire(srz246186716067)
neg, 0.1731163900378248, fire(srz24618677648)
neg, 0.1389301898143725, fire(srz24618672264)
neg, 0.12856775771316048, fire(srz24618676566)
neg, 0.12856775771316048, fire(srz246186716677)
neg, 0.12856775771316048, fire(srz246186714677)
neg, 0.12856775771316048, fire(srz246186714282)
neg, 0.1389301898143725, fire(srz24618672911)
neg, 0.12856775771316048, fire(srz246186713163)
neg, 0.1389301898143725, fire(srz246186710807)
neg, 0.1389301898143725, fire(srz24618675813)
neg, 0.1389301898143725, fire(srz246186716173)
neg, 0.1389301898143725, fire(srz246186713247)
neg, 0.12856775771316048, fire(srz24618674443)
neg, 0.12856775771316048, fire(srz246186715886)
neg, 0.12856775771316048, fire(srz246186715956)
neg, 0.12856775771316048, fire(srz2461867486)
neg, 0.1441628216429231, fire(srz246186710288)
neg, 0.12856775771316048, fire(srz246186714131)
neg, 0.1731163900378248, fire(srz24618675395)
neg, 0.1731163900378248, fire(srz246186714397)
neg, 0.1389301898143725, fire(srz24618673002)
neg, 0.1389301898143725, fire(srz246186710259)
neg, 0.1731163900378248, fire(srz24618674933)
neg, 0.1731163900378248, fire(srz246186716742)
neg, 0.21966688818925476, fire(srz246186713418)
neg, 0.1389301898143725, fire(srz24618672434)
neg, 0.1731163900378248, fire(srz24618678905)
neg, 0.1389301898143725, fire(srz24618674354)
neg, 0.12856775771316048, fire(srz246186710526)
neg, 0.12856775771316048, fire(srz24618674447)
neg, 0.1389301898143725, fire(srz24618676277)
neg, 0.1731163900378248, fire(srz24618674615)
neg, 0.1389301898143725, fire(srz24618671208)
neg, 0.1389301898143725, fire(srz24618679757)
neg, 0.1389301898143725, fire(srz24618679679)
neg, 0.12856775771316048, fire(srz24618677639)
neg, 0.1441628216429231, fire(srz24618678199)
neg, 0.12856775771316048, fire(srz246186717116)
neg, 0.1389301898143725, fire(srz24618677954)
neg, 0.1389301898143725, fire(srz24618672377)
neg, 0.1389301898143725, fire(srz24618672378)
neg, 0.21966688818925476, fire(srz24618679720)
neg, 0.20618099785178076, fire(srz246186711414)
neg, 0.12856775771316048, fire(srz2461867175)
neg, 0.12856775771316048, fire(srz246186715298)
neg, 0.12856775771316048, fire(srz24618671105)
neg, 0.1389301898143725, fire(srz246186751)
neg, 0.1389301898143725, fire(srz24618672857)
neg, 0.1389301898143725, fire(srz246186732)
neg, 0.1389301898143725, fire(srz246186715004)
neg, 0.1389301898143725, fire(srz246186716498)
neg, 0.1441628216429231, fire(srz246186712428)
neg, 0.12856775771316048, fire(srz2461867425)
neg, 0.12856775771316048, fire(srz24618674394)
neg, 0.12856775771316048, fire(srz246186714053)
neg, 0.12856775771316048, fire(srz2461867808)
neg, 0.1389301898143725, fire(srz24618672389)
neg, 0.12856775771316048, fire(srz2461867963)
neg, 0.2391150513662961, fire(srz24618677868)
neg, 0.1731163900378248, fire(srz246186716983)
neg, 0.12856775771316048, fire(srz246186712462)
neg, 0.21966688818925476, fire(srz246186710251)
neg, 0.12856775771316048, fire(srz246186710646)
neg, 0.1389301898143725, fire(srz2461867103)
neg, 0.1441628216429231, fire(srz246186711284)
neg, 0.1389301898143725, fire(srz24618677489)
neg, 0.12856775771316048, fire(srz24618671835)
neg, 0.12856775771316048, fire(srz24618679767)
neg, 0.1441628216429231, fire(srz246186710287)
neg, 0.1389301898143725, fire(srz24618679210)
neg, 0.1389301898143725, fire(srz24618674267)
neg, 0.1389301898143725, fire(srz24618677541)
neg, 0.1389301898143725, fire(srz24618673096)
neg, 0.12856775771316048, fire(srz2461867462)
neg, 0.1731163900378248, fire(srz246186712397)
neg, 0.12856775771316048, fire(srz246186711511)
neg, 0.15191897724039985, fire(srz24618676638)
neg, 0.12856775771316048, fire(srz24618671087)
neg, 0.12856775771316048, fire(srz24618675488)
neg, 0.12856775771316048, fire(srz24618675466)
neg, 0.1441628216429231, fire(srz246186714561)
neg, 0.1389301898143725, fire(srz24618672346)
neg, 0.21966688818925476, fire(srz24618671686)
neg, 0.1731163900378248, fire(srz24618677781)
neg, 0.12856775771316048, fire(srz246186710860)
neg, 0.12856775771316048, fire(srz246186715061)
neg, 0.1731163900378248, fire(srz24618675599)
neg, 0.21966688818925476, fire(srz24618675329)
neg, 0.15191897724039985, fire(srz246186712216)
neg, 0.1441628216429231, fire(srz246186714620)
neg, 0.12856775771316048, fire(srz246186714767)
neg, 0.1389301898143725, fire(srz24618677461)
neg, 0.15191897724039985, fire(srz24618678527)
neg, 0.1731163900378248, fire(srz24618675661)
neg, 0.1441628216429231, fire(srz246186712878)
neg, 0.1389301898143725, fire(srz24618675741)
neg, 0.2391150513662961, fire(srz24618677873)
neg, 0.15191897724039985, fire(srz24618674540)
neg, 0.1389301898143725, fire(srz24618671171)
neg, 0.1389301898143725, fire(srz24618675342)
neg, 0.1441628216429231, fire(srz24618675225)
neg, 0.1441628216429231, fire(srz246186715862)
neg, 0.1731163900378248, fire(srz24618678375)
neg, 0.21966688818925476, fire(srz246186716726)
neg, 0.12856775771316048, fire(srz24618677614)
neg, 0.12856775771316048, fire(srz246186711465)
neg, 0.1389301898143725, fire(srz24618674270)
neg, 0.1389301898143725, fire(srz246186711795)
neg, 0.12856775771316048, fire(srz246186717010)
neg, 0.1731163900378248, fire(srz24618673163)
neg, 0.12856775771316048, fire(srz24618679112)
neg, 0.15191897724039985, fire(srz24618678726)
neg, 0.1389301898143725, fire(srz246186711876)
neg, 0.1731163900378248, fire(srz246186713547)
neg, 0.1389301898143725, fire(srz24618673138)
neg, 0.12856775771316048, fire(srz246186710847)
neg, 0.12856775771316048, fire(srz24618671139)
neg, 0.12856775771316048, fire(srz24618671863)
neg, 0.1731163900378248, fire(srz24618675998)
neg, 0.2391150513662961, fire(srz24618674663)
neg, 0.1389301898143725, fire(srz24618679388)
neg, 0.21966688818925476, fire(srz24618672279)
neg, 0.2391150513662961, fire(srz24618678337)
neg, 0.1389301898143725, fire(srz24618671192)
neg, 0.12856775771316048, fire(srz246186716540)
neg, 0.1389301898143725, fire(srz246186714813)
neg, 0.1389301898143725, fire(srz24618674124)
neg, 0.12856775771316048, fire(srz246186715690)
neg, 0.12856775771316048, fire(srz24618677303)
neg, 0.1389301898143725, fire(srz246186713341)
neg, 0.1389301898143725, fire(srz24618678464)
neg, 0.12856775771316048, fire(srz246186713073)
neg, 0.12856775771316048, fire(srz2461867659)
neg, 0.12856775771316048, fire(srz246186715060)
neg, 0.12856775771316048, fire(srz24618677207)
neg, 0.12856775771316048, fire(srz24618676116)
neg, 0.12856775771316048, fire(srz246186717063)
neg, 0.1731163900378248, fire(srz24618676954)
neg, 0.1389301898143725, fire(srz246186714809)
neg, 0.12856775771316048, fire(srz24618676069)
neg, 0.1389301898143725, fire(srz24618672811)
neg, 0.1441628216429231, fire(srz24618673614)
neg, 0.1731163900378248, fire(srz246186715155)
neg, 0.2391150513662961, fire(srz246186713645)
neg, 0.21966688818925476, fire(srz24618679861)
neg, 0.1389301898143725, fire(srz24618679)
neg, 0.21966688818925476, fire(srz246186712743)
neg, 0.1441628216429231, fire(srz24618678599)
neg, 0.21966688818925476, fire(srz24618673070)
neg, 0.12856775771316048, fire(srz246186716240)
neg, 0.12856775771316048, fire(srz2461867481)
neg, 0.1389301898143725, fire(srz246186713249)
neg, 0.12856775771316048, fire(srz24618674402)
neg, 0.1441628216429231, fire(srz246186712988)
neg, 0.12856775771316048, fire(srz24618678225)
neg, 0.1389301898143725, fire(srz24618671925)
neg, 0.1731163900378248, fire(srz246186715177)
neg, 0.1731163900378248, fire(srz24618679468)
neg, 0.12856775771316048, fire(srz2461867183)
neg, 0.1441628216429231, fire(srz24618678580)
neg, 0.1389301898143725, fire(srz246186713329)
neg, 0.12856775771316048, fire(srz24618676037)
neg, 0.1731163900378248, fire(srz246186714389)
neg, 0.1731163900378248, fire(srz24618677659)
neg, 0.1731163900378248, fire(srz24618674843)
neg, 0.12856775771316048, fire(srz24618673753)
neg, 0.1731163900378248, fire(srz24618677901)
neg, 0.1731163900378248, fire(srz24618675997)
neg, 0.1441628216429231, fire(srz246186715752)
neg, 0.12856775771316048, fire(srz246186716241)
neg, 0.12856775771316048, fire(srz24618672957)
neg, 0.1389301898143725, fire(srz24618675881)
neg, 0.1441628216429231, fire(srz246186715405)
neg, 0.1389301898143725, fire(srz24618672872)
neg, 0.12856775771316048, fire(srz24618672580)
neg, 0.12856775771316048, fire(srz2461867831)
neg, 0.1389301898143725, fire(srz246186711680)
neg, 0.21966688818925476, fire(srz246186717084)
neg, 0.1389301898143725, fire(srz2461867289)
neg, 0.12856775771316048, fire(srz24618673810)
neg, 0.1389301898143725, fire(srz24618672339)
neg, 0.1441628216429231, fire(srz246186712874)
neg, 0.21966688818925476, fire(srz2461867342)
neg, 0.1389301898143725, fire(srz24618672242)
neg, 0.12856775771316048, fire(srz24618672023)
neg, 0.12856775771316048, fire(srz24618677299)
neg, 0.12856775771316048, fire(srz246186712786)
neg, 0.2391150513662961, fire(srz246186716833)
neg, 0.1389301898143725, fire(srz24618672474)
neg, 0.1389301898143725, fire(srz24618672267)
neg, 0.12856775771316048, fire(srz246186710971)
neg, 0.12856775771316048, fire(srz24618679950)
neg, 0.21966688818925476, fire(srz24618672316)
neg, 0.12856775771316048, fire(srz24618676094)
neg, 0.12856775771316048, fire(srz246186717064)
neg, 0.1389301898143725, fire(srz24618677451)
neg, 0.12856775771316048, fire(srz24618678115)
neg, 0.21966688818925476, fire(srz24618678489)
neg, 0.1441628216429231, fire(srz24618675050)
neg, 0.1731163900378248, fire(srz24618679888)
neg, 0.1441628216429231, fire(srz246186710334)
neg, 0.12856775771316048, fire(srz24618676110)
neg, 0.1731163900378248, fire(srz246186713519)
neg, 0.21966688818925476, fire(srz24618678822)
neg, 0.1441628216429231, fire(srz24618673573)
neg, 0.1389301898143725, fire(srz246186710718)
neg, 0.12856775771316048, fire(srz24618676029)
neg, 0.12856775771316048, fire(srz24618672003)
neg, 0.12856775771316048, fire(srz246186710012)
neg, 0.1731163900378248, fire(srz24618677899)
neg, 0.1389301898143725, fire(srz246186714821)
neg, 0.12856775771316048, fire(srz246186710653)
neg, 0.12856775771316048, fire(srz246186715480)
neg, 0.1389301898143725, fire(srz24618678451)
neg, 0.1389301898143725, fire(srz24618679416)
neg, 0.12856775771316048, fire(srz246186714739)
neg, 0.1731163900378248, fire(srz24618678163)
neg, 0.12856775771316048, fire(srz24618671058)
neg, 0.1389301898143725, fire(srz24618671700)
neg, 0.12856775771316048, fire(srz246186712758)
neg, 0.1731163900378248, fire(srz246186711174)
neg, 0.1441628216429231, fire(srz246186715872)
neg, 0.12856775771316048, fire(srz246186715962)
neg, 0.12856775771316048, fire(srz246186712489)
neg, 0.1731163900378248, fire(srz246186715104)
neg, 0.12856775771316048, fire(srz24618679639)
neg, 0.12856775771316048, fire(srz24618672621)
neg, 0.1389301898143725, fire(srz246186710771)
neg, 0.12856775771316048, fire(srz246186713106)
neg, 0.12856775771316048, fire(srz24618679997)
neg, 0.1731163900378248, fire(srz24618677853)
neg, 0.1389301898143725, fire(srz246186710804)
neg, 0.12856775771316048, fire(srz24618676060)
neg, 0.12856775771316048, fire(srz246186717166)
neg, 0.20618099785178076, fire(srz24618673998)
neg, 0.12856775771316048, fire(srz24618677289)
neg, 0.1389301898143725, fire(srz24618679379)
neg, 0.2391150513662961, fire(srz24618676787)
neg, 0.1731163900378248, fire(srz246186716989)
neg, 0.21966688818925476, fire(srz246186713718)
neg, 0.12856775771316048, fire(srz24618677400)
neg, 0.1389301898143725, fire(srz24618677960)
neg, 0.12856775771316048, fire(srz24618674406)
neg, 0.20618099785178076, fire(srz246186716583)
neg, 0.12856775771316048, fire(srz24618675469)
neg, 0.12856775771316048, fire(srz24618676183)
neg, 0.1731163900378248, fire(srz246186713559)
neg, 0.21966688818925476, fire(srz24618678896)
neg, 0.20618099785178076, fire(srz246186711417)
neg, 0.12856775771316048, fire(srz24618673816)
neg, 0.12856775771316048, fire(srz24618677035)
neg, 0.12856775771316048, fire(srz24618679636)
neg, 0.1731163900378248, fire(srz246186714151)
neg, 0.1389301898143725, fire(srz24618676481)
neg, 0.1441628216429231, fire(srz24618679063)
neg, 0.12856775771316048, fire(srz24618676112)
neg, 0.12856775771316048, fire(srz246186714157)
neg, 0.1731163900378248, fire(srz246186711171)
neg, 0.12856775771316048, fire(srz24618678992)
neg, 0.1389301898143725, fire(srz246186716392)
neg, 0.21966688818925476, fire(srz246186715234)
neg, 0.21966688818925476, fire(srz24618672099)
neg, 0.1441628216429231, fire(srz24618675166)
neg, 0.1441628216429231, fire(srz24618676617)
neg, 0.12856775771316048, fire(srz246186714783)
neg, 0.1731163900378248, fire(srz246186711060)
neg, 0.12856775771316048, fire(srz2461867179)
neg, 0.2391150513662961, fire(srz24618676797)
neg, 0.1389301898143725, fire(srz246186710777)
neg, 0.12856775771316048, fire(srz2461867488)
neg, 0.1731163900378248, fire(srz24618678360)
neg, 0.1389301898143725, fire(srz24618674198)
neg, 0.12856775771316048, fire(srz24618679122)
neg, 0.1389301898143725, fire(srz246186764)
neg, 0.1389301898143725, fire(srz246186711720)
neg, 0.1389301898143725, fire(srz24618677917)
neg, 0.1389301898143725, fire(srz24618675354)
neg, 0.12856775771316048, fire(srz24618672592)
neg, 0.12856775771316048, fire(srz24618672697)
neg, 0.1389301898143725, fire(srz246186713312)
neg, 0.1389301898143725, fire(srz24618674163)
neg, 0.2391150513662961, fire(srz24618677135)
neg, 0.21966688818925476, fire(srz24618679129)
neg, 0.12856775771316048, fire(srz246186717033)
neg, 0.12856775771316048, fire(srz24618671864)
neg, 0.1731163900378248, fire(srz246186714560)
neg, 0.1389301898143725, fire(srz246186712150)
neg, 0.12856775771316048, fire(srz246186711332)
neg, 0.1731163900378248, fire(srz24618676923)
neg, 0.1389301898143725, fire(srz246186714223)
neg, 0.12856775771316048, fire(srz246186713077)
neg, 0.12856775771316048, fire(srz246186715924)
neg, 0.1731163900378248, fire(srz24618673473)
neg, 0.12856775771316048, fire(srz24618677204)
neg, 0.20618099785178076, fire(srz24618675299)
neg, 0.12856775771316048, fire(srz2461867856)
neg, 0.1731163900378248, fire(srz246186711537)
neg, 0.1389301898143725, fire(srz24618673135)
neg, 0.1731163900378248, fire(srz24618678371)
neg, 0.1389301898143725, fire(srz246186716436)
neg, 0.1441628216429231, fire(srz24618678119)
neg, 0.12856775771316048, fire(srz2461867669)
neg, 0.1389301898143725, fire(srz2461867597)
neg, 0.12856775771316048, fire(srz24618676561)
neg, 0.1731163900378248, fire(srz24618678877)
neg, 0.1389301898143725, fire(srz24618678931)
neg, 0.12856775771316048, fire(srz246186710881)
neg, 0.12856775771316048, fire(srz246186714659)
neg, 0.12856775771316048, fire(srz24618679992)
neg, 0.2391150513662961, fire(srz246186714431)
neg, 0.12856775771316048, fire(srz24618679004)
neg, 0.1731163900378248, fire(srz246186711604)
neg, 0.1731163900378248, fire(srz24618675402)
neg, 0.20618099785178076, fire(srz24618675319)
neg, 0.1389301898143725, fire(srz246186716203)
neg, 0.12856775771316048, fire(srz246186715548)
neg, 0.1389301898143725, fire(srz24618674167)
neg, 0.1731163900378248, fire(srz246186715159)
neg, 0.21966688818925476, fire(srz24618673020)
neg, 0.1389301898143725, fire(srz24618673088)
neg, 0.12856775771316048, fire(srz246186710864)
neg, 0.1389301898143725, fire(srz24618672243)
neg, 0.1731163900378248, fire(srz24618675652)
neg, 0.1441628216429231, fire(srz246186712514)
neg, 0.12856775771316048, fire(srz246186710625)
neg, 0.1731163900378248, fire(srz24618677088)
neg, 0.21966688818925476, fire(srz246186710392)
neg, 0.12856775771316048, fire(srz24618672736)
neg, 0.12856775771316048, fire(srz2461867435)
neg, 0.12856775771316048, fire(srz246186716086)
neg, 0.1389301898143725, fire(srz246186714913)
neg, 0.12856775771316048, fire(srz246186713165)
neg, 0.12856775771316048, fire(srz24618672966)
neg, 0.1389301898143725, fire(srz246186716529)
neg, 0.12856775771316048, fire(srz24618676078)
neg, 0.12856775771316048, fire(srz246186716870)
neg, 0.12856775771316048, fire(srz246186713374)
neg, 0.12856775771316048, fire(srz24618677295)
neg, 0.12856775771316048, fire(srz24618672552)
neg, 0.12856775771316048, fire(srz24618677292)
neg, 0.1389301898143725, fire(srz24618676307)
neg, 0.12856775771316048, fire(srz24618671463)
neg, 0.1389301898143725, fire(srz246186716450)
neg, 0.1389301898143725, fire(srz246186711895)
neg, 0.12856775771316048, fire(srz2461867724)
neg, 0.1731163900378248, fire(srz24618673220)
neg, 0.1389301898143725, fire(srz24618671163)
neg, 0.12856775771316048, fire(srz246186710580)
neg, 0.1731163900378248, fire(srz246186711555)
neg, 0.1731163900378248, fire(srz24618673230)
neg, 0.1731163900378248, fire(srz246186715633)
neg, 0.12856775771316048, fire(srz246186715550)
neg, 0.1441628216429231, fire(srz246186710196)
neg, 0.12856775771316048, fire(srz2461867806)
neg, 0.1731163900378248, fire(srz246186713869)
neg, 0.1389301898143725, fire(srz246186712148)
neg, 0.1441628216429231, fire(srz24618678143)
neg, 0.1731163900378248, fire(srz24618678655)
neg, 0.21966688818925476, fire(srz246186713422)
neg, 0.12856775771316048, fire(srz246186714325)
neg, 0.12856775771316048, fire(srz246186715920)
neg, 0.21966688818925476, fire(srz24618673246)
neg, 0.1389301898143725, fire(srz246186716329)
neg, 0.1731163900378248, fire(srz24618673523)
neg, 0.1441628216429231, fire(srz246186710092)
neg, 0.1731163900378248, fire(srz24618676991)
neg, 0.1389301898143725, fire(srz24618677535)
neg, 0.12856775771316048, fire(srz246186714638)
neg, 0.1731163900378248, fire(srz246186711529)
neg, 0.2391150513662961, fire(srz246186713653)
neg, 0.2391150513662961, fire(srz24618674833)
neg, 0.15191897724039985, fire(srz24618676657)
neg, 0.12856775771316048, fire(srz24618673918)
neg, 0.1389301898143725, fire(srz24618678424)
neg, 0.12856775771316048, fire(srz2461867504)
neg, 0.1389301898143725, fire(srz246186713336)
neg, 0.12856775771316048, fire(srz24618671855)
neg, 0.1731163900378248, fire(srz24618674616)
neg, 0.12856775771316048, fire(srz24618675000)
neg, 0.1389301898143725, fire(srz246186711900)
neg, 0.12856775771316048, fire(srz24618671475)
neg, 0.12856775771316048, fire(srz246186714496)
neg, 0.21966688818925476, fire(srz24618674644)
neg, 0.12856775771316048, fire(srz24618677389)
neg, 0.1389301898143725, fire(srz24618671718)
neg, 0.1389301898143725, fire(srz24618672879)
neg, 0.12856775771316048, fire(srz24618677327)
neg, 0.20618099785178076, fire(srz246186716586)
neg, 0.1441628216429231, fire(srz246186713000)
neg, 0.12856775771316048, fire(srz24618676186)
neg, 0.20618099785178076, fire(srz2461867620)
neg, 0.1389301898143725, fire(srz24618673114)
neg, 0.12856775771316048, fire(srz24618675489)
neg, 0.12856775771316048, fire(srz24618673771)
neg, 0.1441628216429231, fire(srz246186711248)
neg, 0.12856775771316048, fire(srz246186714949)
neg, 0.12856775771316048, fire(srz246186711487)
neg, 0.12856775771316048, fire(srz246186716545)
neg, 0.1731163900378248, fire(srz24618679478)
neg, 0.1731163900378248, fire(srz24618677070)
neg, 0.12856775771316048, fire(srz24618674480)
neg, 0.1731163900378248, fire(srz24618674574)
neg, 0.1389301898143725, fire(srz24618675710)
neg, 0.1389301898143725, fire(srz246186711846)
neg, 0.1389301898143725, fire(srz246186710731)
neg, 0.20618099785178076, fire(srz24618676873)
neg, 0.20618099785178076, fire(srz246186716585)
neg, 0.1389301898143725, fire(srz24618679393)
neg, 0.1389301898143725, fire(srz246186713316)
neg, 0.1389301898143725, fire(srz24618672236)
neg, 0.2391150513662961, fire(srz24618676604)
neg, 0.12856775771316048, fire(srz246186712769)
neg, 0.1389301898143725, fire(srz24618671885)
neg, 0.12856775771316048, fire(srz24618676702)
neg, 0.12856775771316048, fire(srz246186712463)
neg, 0.1389301898143725, fire(srz246186711676)
neg, 0.12856775771316048, fire(srz24618671074)
neg, 0.20618099785178076, fire(srz246186712664)
neg, 0.1389301898143725, fire(srz24618677969)
neg, 0.12856775771316048, fire(srz246186712570)
neg, 0.1389301898143725, fire(srz246186716149)
neg, 0.21966688818925476, fire(srz24618673022)
neg, 0.1731163900378248, fire(srz246186714632)
neg, 0.21966688818925476, fire(srz246186711187)
neg, 0.1389301898143725, fire(srz24618678430)
neg, 0.12856775771316048, fire(srz2461867874)
neg, 0.12856775771316048, fire(srz24618671828)
neg, 0.1389301898143725, fire(srz246186716176)
neg, 0.12856775771316048, fire(srz246186713168)
neg, 0.1389301898143725, fire(srz24618679389)
neg, 0.1441628216429231, fire(srz24618673582)
neg, 0.1731163900378248, fire(srz246186715165)
neg, 0.1731163900378248, fire(srz24618675375)
neg, 0.12856775771316048, fire(srz24618672989)
neg, 0.1389301898143725, fire(srz246186710799)
neg, 0.1731163900378248, fire(srz24618679914)
neg, 0.1389301898143725, fire(srz246186711884)
neg, 0.12856775771316048, fire(srz24618674745)
neg, 0.1389301898143725, fire(srz24618671882)
neg, 0.1441628216429231, fire(srz24618678563)
neg, 0.12856775771316048, fire(srz246186714494)
neg, 0.21966688818925476, fire(srz24618672281)
neg, 0.12856775771316048, fire(srz24618674809)
neg, 0.12856775771316048, fire(srz24618672676)
neg, 0.12856775771316048, fire(srz246186710045)
neg, 0.1441628216429231, fire(srz246186715859)
neg, 0.12856775771316048, fire(srz24618672948)
neg, 0.1731163900378248, fire(srz24618674620)
neg, 0.1731163900378248, fire(srz246186711002)
neg, 0.1731163900378248, fire(srz24618673223)
neg, 0.21966688818925476, fire(srz24618677704)
neg, 0.1389301898143725, fire(srz24618678433)
neg, 0.1731163900378248, fire(srz246186713500)
neg, 0.21966688818925476, fire(srz24618676500)
neg, 0.15191897724039985, fire(srz24618679019)
neg, 0.1389301898143725, fire(srz246186713693)
neg, 0.1731163900378248, fire(srz24618677896)
neg, 0.20618099785178076, fire(srz24618675254)
neg, 0.20618099785178076, fire(srz24618673978)
neg, 0.1389301898143725, fire(srz24618672254)
neg, 0.2391150513662961, fire(srz246186716641)
neg, 0.1389301898143725, fire(srz24618672166)
neg, 0.1389301898143725, fire(srz24618672996)
neg, 0.12856775771316048, fire(srz246186714042)
neg, 0.1731163900378248, fire(srz24618679515)
neg, 0.1389301898143725, fire(srz246186711847)
neg, 0.1389301898143725, fire(srz246186716117)
neg, 0.1441628216429231, fire(srz24618675040)
neg, 0.1731163900378248, fire(srz24618678040)
neg, 0.12856775771316048, fire(srz246186710002)
neg, 0.2391150513662961, fire(srz24618675432)
neg, 0.12856775771316048, fire(srz246186714771)
neg, 0.2391150513662961, fire(srz246186713643)
neg, 0.1389301898143725, fire(srz246186712019)
neg, 0.2391150513662961, fire(srz24618677883)
neg, 0.1389301898143725, fire(srz24618678434)
neg, 0.12856775771316048, fire(srz246186710670)
neg, 0.1389301898143725, fire(srz24618674)
neg, 0.2391150513662961, fire(srz246186716284)
neg, 0.1441628216429231, fire(srz246186710307)
neg, 0.1731163900378248, fire(srz24618676949)
neg, 0.12856775771316048, fire(srz24618677200)
neg, 0.1441628216429231, fire(srz24618678083)
neg, 0.12856775771316048, fire(srz24618672135)
neg, 0.1389301898143725, fire(srz24618672898)
neg, 0.12856775771316048, fire(srz24618679783)
neg, 0.1441628216429231, fire(srz246186711252)
neg, 0.12856775771316048, fire(srz246186713853)
neg, 0.1731163900378248, fire(srz24618677055)
neg, 0.1389301898143725, fire(srz246186710760)
neg, 0.20618099785178076, fire(srz246186712501)
neg, 0.1389301898143725, fire(srz246186712546)
neg, 0.12856775771316048, fire(srz24618678808)
neg, 0.21966688818925476, fire(srz24618678841)
neg, 0.1389301898143725, fire(srz24618674138)
neg, 0.2391150513662961, fire(srz246186713036)
neg, 0.1441628216429231, fire(srz246186714579)
neg, 0.12856775771316048, fire(srz246186710838)
neg, 0.1389301898143725, fire(srz246186711961)
neg, 0.1389301898143725, fire(srz24618671740)
neg, 0.1441628216429231, fire(srz246186712427)
neg, 0.2391150513662961, fire(srz24618674664)
neg, 0.1389301898143725, fire(srz246186711688)
neg, 0.2391150513662961, fire(srz246186710168)
neg, 0.1731163900378248, fire(srz24618675445)
neg, 0.1731163900378248, fire(srz24618673504)
neg, 0.12856775771316048, fire(srz24618679628)
neg, 0.1731163900378248, fire(srz24618679195)
neg, 0.21966688818925476, fire(srz24618674585)
neg, 0.1441628216429231, fire(srz246186715861)
neg, 0.1441628216429231, fire(srz24618676707)
neg, 0.12856775771316048, fire(srz24618671860)
neg, 0.1389301898143725, fire(srz24618676265)
neg, 0.21966688818925476, fire(srz24618673253)
neg, 0.1389301898143725, fire(srz246186716230)
neg, 0.12856775771316048, fire(srz24618677157)
neg, 0.12856775771316048, fire(srz24618671829)
neg, 0.1389301898143725, fire(srz24618672814)
neg, 0.1731163900378248, fire(srz24618677737)
neg, 0.12856775771316048, fire(srz24618676852)
neg, 0.21966688818925476, fire(srz24618675683)
neg, 0.1389301898143725, fire(srz246186710729)
neg, 0.1389301898143725, fire(srz24618672250)
neg, 0.1389301898143725, fire(srz24618672821)
neg, 0.1441628216429231, fire(srz24618678801)
neg, 0.12856775771316048, fire(srz246186713013)
neg, 0.1731163900378248, fire(srz24618679547)
neg, 0.1731163900378248, fire(srz246186711036)
neg, 0.12856775771316048, fire(srz246186716557)
neg, 0.12856775771316048, fire(srz24618671051)
neg, 0.1389301898143725, fire(srz246186711891)
neg, 0.1731163900378248, fire(srz24618675390)
neg, 0.1389301898143725, fire(srz24618672224)
neg, 0.21966688818925476, fire(srz24618673708)
neg, 0.1389301898143725, fire(srz24618672208)
neg, 0.1389301898143725, fire(srz246186710766)
neg, 0.12856775771316048, fire(srz2461867414)
neg, 0.20618099785178076, fire(srz246186716592)
neg, 0.1389301898143725, fire(srz246186713707)
neg, 0.1731163900378248, fire(srz24618676957)
neg, 0.21966688818925476, fire(srz24618679863)
neg, 0.1389301898143725, fire(srz2461867324)
neg, 0.12856775771316048, fire(srz24618672523)
neg, 0.1389301898143725, fire(srz24618678438)
neg, 0.1731163900378248, fire(srz246186714066)
neg, 0.12856775771316048, fire(srz24618671415)
neg, 0.1441628216429231, fire(srz246186714594)
neg, 0.20618099785178076, fire(srz24618675242)
neg, 0.21966688818925476, fire(srz24618679558)
neg, 0.12856775771316048, fire(srz24618675459)
neg, 0.12856775771316048, fire(srz246186710208)
neg, 0.12856775771316048, fire(srz24618672532)
neg, 0.12856775771316048, fire(srz2461867639)
neg, 0.21966688818925476, fire(srz24618678823)
neg, 0.15191897724039985, fire(srz24618673314)
neg, 0.21966688818925476, fire(srz24618673848)
neg, 0.1389301898143725, fire(srz24618672299)
neg, 0.12856775771316048, fire(srz246186714495)
neg, 0.12856775771316048, fire(srz24618679760)
neg, 0.1731163900378248, fire(srz24618673284)
neg, 0.12856775771316048, fire(srz246186715934)
neg, 0.21966688818925476, fire(srz24618671458)
neg, 0.2391150513662961, fire(srz246186712046)
neg, 0.12856775771316048, fire(srz24618671340)
neg, 0.1441628216429231, fire(srz246186712422)
neg, 0.12856775771316048, fire(srz24618678978)
neg, 0.1389301898143725, fire(srz24618675705)
neg, 0.12856775771316048, fire(srz24618674811)
neg, 0.21966688818925476, fire(srz24618679702)
neg, 0.12856775771316048, fire(srz24618675456)
neg, 0.12856775771316048, fire(srz24618677357)
neg, 0.12856775771316048, fire(srz246186714375)
neg, 0.1731163900378248, fire(srz24618672416)
neg, 0.1389301898143725, fire(srz24618676343)
neg, 0.12856775771316048, fire(srz2461867453)
neg, 0.1441628216429231, fire(srz246186711261)
neg, 0.12856775771316048, fire(srz24618679148)
neg, 0.12856775771316048, fire(srz246186716680)
neg, 0.1389301898143725, fire(srz24618671196)
neg, 0.1731163900378248, fire(srz246186715740)
neg, 0.12856775771316048, fire(srz2461867673)
neg, 0.1389301898143725, fire(srz2461867252)
neg, 0.1731163900378248, fire(srz246186714557)
neg, 0.1389301898143725, fire(srz24618671884)
neg, 0.1389301898143725, fire(srz24618671775)
neg, 0.12856775771316048, fire(srz246186710031)
neg, 0.12856775771316048, fire(srz2461867742)
neg, 0.2391150513662961, fire(srz246186717074)
neg, 0.12856775771316048, fire(srz24618675313)
neg, 0.12856775771316048, fire(srz24618671323)
neg, 0.12856775771316048, fire(srz246186714801)
neg, 0.1389301898143725, fire(srz24618671616)
neg, 0.12856775771316048, fire(srz246186713084)
neg, 0.1389301898143725, fire(srz246186711898)
neg, 0.12856775771316048, fire(srz24618671092)
neg, 0.1389301898143725, fire(srz246186771)
neg, 0.1389301898143725, fire(srz246186712102)
neg, 0.12856775771316048, fire(srz24618677423)
neg, 0.1389301898143725, fire(srz24618671263)
neg, 0.1389301898143725, fire(srz24618671731)
neg, 0.1731163900378248, fire(srz24618677718)
neg, 0.21966688818925476, fire(srz24618679586)
neg, 0.1731163900378248, fire(srz246186713475)
neg, 0.1389301898143725, fire(srz246186717004)
neg, 0.12856775771316048, fire(srz24618674456)
neg, 0.1731163900378248, fire(srz24618673481)
neg, 0.1389301898143725, fire(srz24618675929)
neg, 0.1731163900378248, fire(srz246186710480)
neg, 0.1731163900378248, fire(srz246186716981)
neg, 0.21966688818925476, fire(srz246186711189)
neg, 0.1389301898143725, fire(srz246186742)
neg, 0.1731163900378248, fire(srz24618677143)
neg, 0.1389301898143725, fire(srz246186713736)
neg, 0.1731163900378248, fire(srz246186713623)
neg, 0.1389301898143725, fire(srz24618677579)
neg, 0.1389301898143725, fire(srz246186710803)
neg, 0.1731163900378248, fire(srz246186711175)
neg, 0.1441628216429231, fire(srz246186714616)
neg, 0.12856775771316048, fire(srz24618679798)
neg, 0.2391150513662961, fire(srz246186715618)
neg, 0.1441628216429231, fire(srz246186710330)
neg, 0.12856775771316048, fire(srz246186715969)
neg, 0.12856775771316048, fire(srz24618673969)
neg, 0.12856775771316048, fire(srz2461867866)
neg, 0.12856775771316048, fire(srz246186710028)
neg, 0.1731163900378248, fire(srz24618676734)
neg, 0.12856775771316048, fire(srz24618676822)
neg, 0.2391150513662961, fire(srz246186716864)
neg, 0.12856775771316048, fire(srz246186710517)
neg, 0.2391150513662961, fire(srz24618674478)
neg, 0.12856775771316048, fire(srz24618672636)
neg, 0.12856775771316048, fire(srz246186713010)
neg, 0.21966688818925476, fire(srz24618674636)
neg, 0.20618099785178076, fire(srz24618675251)
neg, 0.12856775771316048, fire(srz24618679626)
neg, 0.2391150513662961, fire(srz24618675422)
neg, 0.12856775771316048, fire(srz24618672578)
neg, 0.1389301898143725, fire(srz24618677283)
neg, 0.1389301898143725, fire(srz24618672393)
neg, 0.1731163900378248, fire(srz24618678045)
neg, 0.1731163900378248, fire(srz24618676983)
neg, 0.21966688818925476, fire(srz24618673067)
neg, 0.20618099785178076, fire(srz246186715472)
neg, 0.12856775771316048, fire(srz246186717119)
neg, 0.12856775771316048, fire(srz24618678605)
neg, 0.1441628216429231, fire(srz246186712515)
neg, 0.1731163900378248, fire(srz246186712275)
neg, 0.12856775771316048, fire(srz24618679114)
neg, 0.1731163900378248, fire(srz24618675662)
neg, 0.12856775771316048, fire(srz2461867172)
neg, 0.20618099785178076, fire(srz24618673320)
neg, 0.12856775771316048, fire(srz2461867220)
neg, 0.1731163900378248, fire(srz246186715048)
neg, 0.12856775771316048, fire(srz24618678231)
neg, 0.12856775771316048, fire(srz246186715296)
neg, 0.1731163900378248, fire(srz246186712277)
neg, 0.21966688818925476, fire(srz24618677670)
neg, 0.12856775771316048, fire(srz246186710674)
neg, 0.21966688818925476, fire(srz246186711190)
neg, 0.1441628216429231, fire(srz24618673643)
neg, 0.12856775771316048, fire(srz246186714777)
neg, 0.12856775771316048, fire(srz246186711130)
neg, 0.12856775771316048, fire(srz246186710213)
neg, 0.12856775771316048, fire(srz246186710647)
neg, 0.1389301898143725, fire(srz246186711833)
neg, 0.21966688818925476, fire(srz24618678401)
neg, 0.1441628216429231, fire(srz24618678589)
neg, 0.12856775771316048, fire(srz2461867979)
neg, 0.12856775771316048, fire(srz2461867186)
neg, 0.20618099785178076, fire(srz24618672104)
neg, 0.12856775771316048, fire(srz24618672690)
neg, 0.20618099785178076, fire(srz246186710221)
neg, 0.12856775771316048, fire(srz246186715746)
neg, 0.1389301898143725, fire(srz24618674135)
neg, 0.1441628216429231, fire(srz24618675261)
neg, 0.12856775771316048, fire(srz246186710822)
neg, 0.1389301898143725, fire(srz24618672376)
neg, 0.2391150513662961, fire(srz24618674975)
neg, 0.12856775771316048, fire(srz246186715938)
neg, 0.1389301898143725, fire(srz246186711823)
neg, 0.12856775771316048, fire(srz246186715718)
neg, 0.21966688818925476, fire(srz246186711181)
neg, 0.1441628216429231, fire(srz246186712417)
neg, 0.1389301898143725, fire(srz24618671724)
neg, 0.12856775771316048, fire(srz246186717023)
neg, 0.1731163900378248, fire(srz246186712701)
neg, 0.1389301898143725, fire(srz24618671199)
neg, 0.1441628216429231, fire(srz24618675060)
neg, 0.1389301898143725, fire(srz2461867571)
neg, 0.12856775771316048, fire(srz24618672136)
neg, 0.1441628216429231, fire(srz24618675277)
neg, 0.12856775771316048, fire(srz246186716080)
neg, 0.12856775771316048, fire(srz246186714727)
neg, 0.21966688818925476, fire(srz246186711069)
neg, 0.12856775771316048, fire(srz24618679949)
neg, 0.1389301898143725, fire(srz24618672824)
neg, 0.12856775771316048, fire(srz24618674441)
neg, 0.2391150513662961, fire(srz24618676438)
neg, 0.1389301898143725, fire(srz24618679465)
neg, 0.12856775771316048, fire(srz2461867420)
neg, 0.1389301898143725, fire(srz24618679608)
neg, 0.21966688818925476, fire(srz2461867302)
neg, 0.12856775771316048, fire(srz24618673954)
neg, 0.2391150513662961, fire(srz24618674797)
neg, 0.15191897724039985, fire(srz24618678739)
neg, 0.12856775771316048, fire(srz246186710036)
neg, 0.12856775771316048, fire(srz246186714728)
neg, 0.12856775771316048, fire(srz24618675024)
neg, 0.1731163900378248, fire(srz24618674845)
neg, 0.12856775771316048, fire(srz24618674432)
neg, 0.12856775771316048, fire(srz24618676187)
neg, 0.1441628216429231, fire(srz246186714624)
neg, 0.1731163900378248, fire(srz24618676741)
neg, 0.1389301898143725, fire(srz24618676494)
neg, 0.12856775771316048, fire(srz24618676047)
neg, 0.15191897724039985, fire(srz246186712212)
neg, 0.1731163900378248, fire(srz24618673224)
neg, 0.1441628216429231, fire(srz24618675158)
neg, 0.1441628216429231, fire(srz24618673341)
neg, 0.2391150513662961, fire(srz246186716281)
neg, 0.12856775771316048, fire(srz24618677232)
neg, 0.12856775771316048, fire(srz24618674430)
neg, 0.12856775771316048, fire(srz246186716579)
neg, 0.1389301898143725, fire(srz24618679361)
neg, 0.1731163900378248, fire(srz246186710998)
neg, 0.1389301898143725, fire(srz246186716141)
neg, 0.12856775771316048, fire(srz246186717025)
neg, 0.21966688818925476, fire(srz246186712647)
neg, 0.1389301898143725, fire(srz246186712122)
neg, 0.15191897724039985, fire(srz24618679009)
neg, 0.1441628216429231, fire(srz24618675042)
neg, 0.15191897724039985, fire(srz24618676630)
neg, 0.1731163900378248, fire(srz24618677720)
neg, 0.12856775771316048, fire(srz246186712716)
neg, 0.1441628216429231, fire(srz24618678581)
neg, 0.12856775771316048, fire(srz2461867496)
neg, 0.12856775771316048, fire(srz246186716037)
neg, 0.1441628216429231, fire(srz246186712407)
neg, 0.1389301898143725, fire(srz246186711916)
neg, 0.1389301898143725, fire(srz2461867114)
neg, 0.12856775771316048, fire(srz246186712226)
neg, 0.1731163900378248, fire(srz24618673480)
neg, 0.21966688818925476, fire(srz24618675681)
neg, 0.21966688818925476, fire(srz24618679701)
neg, 0.12856775771316048, fire(srz246186710026)
neg, 0.1441628216429231, fire(srz24618678087)
neg, 0.12856775771316048, fire(srz24618679796)
neg, 0.15191897724039985, fire(srz246186711502)
neg, 0.1389301898143725, fire(srz246186736)
neg, 0.21966688818925476, fire(srz24618679565)
neg, 0.12856775771316048, fire(srz246186713180)
neg, 0.12856775771316048, fire(srz24618674486)
neg, 0.1389301898143725, fire(srz24618672175)
neg, 0.20618099785178076, fire(srz24618673778)
neg, 0.12856775771316048, fire(srz246186713172)
neg, 0.20618099785178076, fire(srz24618673985)
neg, 0.21966688818925476, fire(srz24618673069)
neg, 0.21966688818925476, fire(srz24618671462)
neg, 0.1389301898143725, fire(srz246186710723)
neg, 0.12856775771316048, fire(srz24618676551)
neg, 0.1389301898143725, fire(srz246186714917)
neg, 0.1731163900378248, fire(srz246186713635)
neg, 0.1731163900378248, fire(srz246186714517)
neg, 0.1389301898143725, fire(srz246186714909)
neg, 0.12856775771316048, fire(srz246186712165)
neg, 0.12856775771316048, fire(srz2461867947)
neg, 0.12856775771316048, fire(srz246186716260)
neg, 0.1389301898143725, fire(srz24618675992)
neg, 0.1389301898143725, fire(srz246186716)
neg, 0.20618099785178076, fire(srz246186716584)
neg, 0.1731163900378248, fire(srz246186711597)
neg, 0.1441628216429231, fire(srz24618673567)
neg, 0.12856775771316048, fire(srz246186717016)
neg, 0.1389301898143725, fire(srz246186713313)
neg, 0.1389301898143725, fire(srz24618679440)
neg, 0.1441628216429231, fire(srz246186712623)
neg, 0.12856775771316048, fire(srz246186714062)
neg, 0.1731163900378248, fire(srz246186713602)
neg, 0.15191897724039985, fire(srz246186712219)
neg, 0.20618099785178076, fire(srz246186712646)
neg, 0.12856775771316048, fire(srz246186714189)
neg, 0.21966688818925476, fire(srz24618679560)
neg, 0.21966688818925476, fire(srz246186715216)
neg, 0.1389301898143725, fire(srz246186716531)
neg, 0.1731163900378248, fire(srz246186712822)
neg, 0.12856775771316048, fire(srz246186714061)
neg, 0.12856775771316048, fire(srz24618678984)
neg, 0.1389301898143725, fire(srz24618672833)
neg, 0.1441628216429231, fire(srz246186712997)
neg, 0.1389301898143725, fire(srz24618674308)
neg, 0.2391150513662961, fire(srz246186713725)
neg, 0.12856775771316048, fire(srz246186716043)
neg, 0.1441628216429231, fire(srz246186715769)
neg, 0.12856775771316048, fire(srz246186713080)
neg, 0.1389301898143725, fire(srz24618671664)
neg, 0.2391150513662961, fire(srz24618676411)
neg, 0.12856775771316048, fire(srz24618674487)
neg, 0.1389301898143725, fire(srz24618677566)
neg, 0.21966688818925476, fire(srz246186716802)
neg, 0.1731163900378248, fire(srz24618676964)
neg, 0.12856775771316048, fire(srz24618674567)
neg, 0.12856775771316048, fire(srz246186713765)
neg, 0.1731163900378248, fire(srz246186715261)
neg, 0.12856775771316048, fire(srz246186710018)
neg, 0.20618099785178076, fire(srz24618676156)
neg, 0.1389301898143725, fire(srz24618671772)
neg, 0.21966688818925476, fire(srz24618671460)
neg, 0.12856775771316048, fire(srz246186714195)
neg, 0.21966688818925476, fire(srz246186713721)
neg, 0.12856775771316048, fire(srz24618677635)
neg, 0.12856775771316048, fire(srz246186713150)
neg, 0.1731163900378248, fire(srz246186714531)
neg, 0.1731163900378248, fire(srz246186714543)
neg, 0.20618099785178076, fire(srz2461867694)
neg, 0.21966688818925476, fire(srz246186712803)
neg, 0.12856775771316048, fire(srz24618672579)
neg, 0.1389301898143725, fire(srz24618679407)
neg, 0.1731163900378248, fire(srz246186714539)
neg, 0.1389301898143725, fire(srz24618678462)
neg, 0.12856775771316048, fire(srz24618679963)
neg, 0.1441628216429231, fire(srz24618673606)
neg, 0.12856775771316048, fire(srz24618672629)
neg, 0.12856775771316048, fire(srz246186715091)
neg, 0.12856775771316048, fire(srz246186714665)
neg, 0.1731163900378248, fire(srz246186712369)
neg, 0.1441628216429231, fire(srz246186712403)
neg, 0.12856775771316048, fire(srz24618679951)
neg, 0.21966688818925476, fire(srz24618676628)
neg, 0.12856775771316048, fire(srz24618672630)
neg, 0.12856775771316048, fire(srz24618672075)
neg, 0.12856775771316048, fire(srz24618671992)
neg, 0.12856775771316048, fire(srz24618672654)
neg, 0.12856775771316048, fire(srz246186714122)
neg, 0.12856775771316048, fire(srz246186713063)
neg, 0.1731163900378248, fire(srz24618678482)
neg, 0.1389301898143725, fire(srz246186716484)
neg, 0.1389301898143725, fire(srz246186713706)
neg, 0.2391150513662961, fire(srz24618678340)
neg, 0.1389301898143725, fire(srz246186784)
neg, 0.12856775771316048, fire(srz24618671109)
neg, 0.12856775771316048, fire(srz246186714952)
neg, 0.1389301898143725, fire(srz24618672435)
neg, 0.1389301898143725, fire(srz246186711982)
neg, 0.21966688818925476, fire(srz24618672286)
neg, 0.1389301898143725, fire(srz24618676397)
neg, 0.1389301898143725, fire(srz24618676214)
neg, 0.12856775771316048, fire(srz246186714631)
neg, 0.12856775771316048, fire(srz24618679657)
neg, 0.2391150513662961, fire(srz24618676419)
neg, 0.12856775771316048, fire(srz24618676831)
neg, 0.20618099785178076, fire(srz24618673990)
neg, 0.12856775771316048, fire(srz24618671083)
neg, 0.2391150513662961, fire(srz24618677131)
neg, 0.12856775771316048, fire(srz246186710576)
neg, 0.15191897724039985, fire(srz24618678637)
neg, 0.1441628216429231, fire(srz246186712505)
neg, 0.12856775771316048, fire(srz246186714260)
neg, 0.20618099785178076, fire(srz246186711440)
neg, 0.2391150513662961, fire(srz246186714245)
neg, 0.12856775771316048, fire(srz24618678813)
neg, 0.12856775771316048, fire(srz246186714964)
neg, 0.1389301898143725, fire(srz24618674221)
neg, 0.1389301898143725, fire(srz24618672174)
neg, 0.12856775771316048, fire(srz24618674563)
neg, 0.12856775771316048, fire(srz2461867169)
neg, 0.12856775771316048, fire(srz24618679624)
neg, 0.12856775771316048, fire(srz2461867920)
neg, 0.12856775771316048, fire(srz246186713117)
neg, 0.1389301898143725, fire(srz2461867568)
neg, 0.1441628216429231, fire(srz246186710109)
neg, 0.12856775771316048, fire(srz24618671971)
neg, 0.1389301898143725, fire(srz24618671577)
neg, 0.1389301898143725, fire(srz246186714887)
neg, 0.12856775771316048, fire(srz246186716020)
neg, 0.1389301898143725, fire(srz24618677958)
neg, 0.12856775771316048, fire(srz2461867974)
neg, 0.1389301898143725, fire(srz24618679364)
neg, 0.12856775771316048, fire(srz24618672968)
neg, 0.21966688818925476, fire(srz24618676498)
neg, 0.1389301898143725, fire(srz246186711953)
neg, 0.1441628216429231, fire(srz24618678651)
neg, 0.1389301898143725, fire(srz24618671578)
neg, 0.1731163900378248, fire(srz246186716752)
neg, 0.1389301898143725, fire(srz24618679205)
neg, 0.1731163900378248, fire(srz24618673412)
neg, 0.1441628216429231, fire(srz246186712518)
neg, 0.1389301898143725, fire(srz24618679363)
neg, 0.20618099785178076, fire(srz24618672093)
neg, 0.1441628216429231, fire(srz24618673640)
neg, 0.1731163900378248, fire(srz24618674884)
neg, 0.1389301898143725, fire(srz24618676262)
neg, 0.1731163900378248, fire(srz246186712845)
neg, 0.1441628216429231, fire(srz246186715334)
neg, 0.12856775771316048, fire(srz246186717009)
neg, 0.1389301898143725, fire(srz246186716388)
neg, 0.12856775771316048, fire(srz24618678227)
neg, 0.1441628216429231, fire(srz24618678157)
neg, 0.21966688818925476, fire(srz246186713684)
neg, 0.1389301898143725, fire(srz24618679241)
neg, 0.1441628216429231, fire(srz24618673337)
neg, 0.1389301898143725, fire(srz24618671284)
neg, 0.1389301898143725, fire(srz246186711692)
neg, 0.1389301898143725, fire(srz24618675747)
neg, 0.1389301898143725, fire(srz2461867251)
neg, 0.1389301898143725, fire(srz24618675987)
neg, 0.21966688818925476, fire(srz246186713880)
neg, 0.1731163900378248, fire(srz24618678046)
neg, 0.12856775771316048, fire(srz246186714743)
neg, 0.21966688818925476, fire(srz246186712296)
neg, 0.12856775771316048, fire(srz246186712728)
neg, 0.1731163900378248, fire(srz24618678923)
neg, 0.1389301898143725, fire(srz24618673870)
neg, 0.1389301898143725, fire(srz246186747)
neg, 0.1389301898143725, fire(srz2461867544)
neg, 0.1389301898143725, fire(srz24618672784)
neg, 0.1389301898143725, fire(srz24618674361)
neg, 0.1389301898143725, fire(srz24618676530)
neg, 0.1441628216429231, fire(srz246186715750)
neg, 0.21966688818925476, fire(srz24618677687)
neg, 0.12856775771316048, fire(srz24618674557)
neg, 0.12856775771316048, fire(srz24618679815)
neg, 0.12856775771316048, fire(srz24618677183)
neg, 0.12856775771316048, fire(srz24618672529)
neg, 0.20618099785178076, fire(srz246186715401)
neg, 0.1389301898143725, fire(srz24618674341)
neg, 0.20618099785178076, fire(srz24618673988)
neg, 0.12856775771316048, fire(srz246186714986)
neg, 0.1389301898143725, fire(srz24618672162)
neg, 0.1731163900378248, fire(srz246186715166)
neg, 0.1441628216429231, fire(srz246186715366)
neg, 0.12856775771316048, fire(srz24618676074)
neg, 0.12856775771316048, fire(srz246186713397)
neg, 0.1389301898143725, fire(srz2461867136)
neg, 0.12856775771316048, fire(srz2461867459)
neg, 0.12856775771316048, fire(srz24618673953)
neg, 0.12856775771316048, fire(srz246186712547)
neg, 0.1731163900378248, fire(srz24618673497)
neg, 0.12856775771316048, fire(srz246186710564)
neg, 0.12856775771316048, fire(srz246186715965)
neg, 0.12856775771316048, fire(srz24618671126)
neg, 0.1389301898143725, fire(srz246186711817)
neg, 0.15191897724039985, fire(srz24618678525)
neg, 0.21966688818925476, fire(srz24618679862)
neg, 0.1389301898143725, fire(srz24618671170)
neg, 0.12856775771316048, fire(srz24618674462)
neg, 0.1389301898143725, fire(srz246186712086)
neg, 0.21966688818925476, fire(srz24618679576)
neg, 0.12856775771316048, fire(srz246186715295)
neg, 0.1731163900378248, fire(srz246186715424)
neg, 0.1389301898143725, fire(srz24618672179)
neg, 0.1731163900378248, fire(srz246186715147)
neg, 0.21966688818925476, fire(srz24618671441)
neg, 0.1389301898143725, fire(srz246186716332)
neg, 0.21966688818925476, fire(srz24618679848)
neg, 0.1389301898143725, fire(srz24618671583)
neg, 0.12856775771316048, fire(srz24618677601)
neg, 0.1389301898143725, fire(srz24618672871)
neg, 0.12856775771316048, fire(srz246186715576)
neg, 0.1731163900378248, fire(srz24618673750)
neg, 0.1441628216429231, fire(srz24618676622)
neg, 0.1389301898143725, fire(srz24618674371)
neg, 0.1389301898143725, fire(srz246186711820)
neg, 0.1389301898143725, fire(srz2461867279)
neg, 0.1731163900378248, fire(srz24618673551)
neg, 0.1389301898143725, fire(srz24618675770)
neg, 0.12856775771316048, fire(srz246186713817)
neg, 0.12856775771316048, fire(srz2461867203)
neg, 0.1389301898143725, fire(srz24618672193)
neg, 0.1389301898143725, fire(srz24618675988)
neg, 0.12856775771316048, fire(srz24618674499)
neg, 0.1389301898143725, fire(srz246186716355)
neg, 0.1389301898143725, fire(srz246186713290)
neg, 0.1731163900378248, fire(srz246186716764)
neg, 0.2391150513662961, fire(srz24618676587)
neg, 0.12856775771316048, fire(srz24618672679)
neg, 0.1441628216429231, fire(srz24618673594)
neg, 0.1441628216429231, fire(srz24618678772)
neg, 0.12856775771316048, fire(srz246186714422)
neg, 0.1441628216429231, fire(srz24618678776)
neg, 0.2391150513662961, fire(srz24618677881)
neg, 0.21966688818925476, fire(srz246186712141)
neg, 0.1389301898143725, fire(srz24618673141)
neg, 0.1731163900378248, fire(srz246186712266)
neg, 0.1389301898143725, fire(srz24618676276)
neg, 0.12856775771316048, fire(srz24618671018)
neg, 0.12856775771316048, fire(srz24618672038)
neg, 0.1441628216429231, fire(srz246186712509)
neg, 0.12856775771316048, fire(srz2461867903)
neg, 0.1731163900378248, fire(srz24618676685)
neg, 0.1731163900378248, fire(srz246186714521)
neg, 0.12856775771316048, fire(srz246186710834)
neg, 0.12856775771316048, fire(srz2461867951)
neg, 0.1731163900378248, fire(srz24618673555)
neg, 0.21966688818925476, fire(srz24618675170)
neg, 0.2391150513662961, fire(srz24618673398)
neg, 0.1731163900378248, fire(srz24618677759)
neg, 0.1389301898143725, fire(srz24618671260)
neg, 0.12856775771316048, fire(srz24618673817)
neg, 0.2391150513662961, fire(srz24618674971)
neg, 0.12856775771316048, fire(srz24618672648)
neg, 0.12856775771316048, fire(srz24618674427)
neg, 0.12856775771316048, fire(srz246186713835)
neg, 0.1389301898143725, fire(srz24618671168)
neg, 0.1731163900378248, fire(srz24618672398)
neg, 0.1731163900378248, fire(srz24618678925)
neg, 0.1441628216429231, fire(srz246186710142)
neg, 0.12856775771316048, fire(srz24618676826)
neg, 0.1731163900378248, fire(srz24618676758)
neg, 0.2391150513662961, fire(srz24618674662)
neg, 0.1389301898143725, fire(srz24618673885)
neg, 0.1441628216429231, fire(srz246186715326)
neg, 0.1389301898143725, fire(srz24618679420)
neg, 0.12856775771316048, fire(srz2461867439)
neg, 0.1389301898143725, fire(srz24618671282)
neg, 0.1389301898143725, fire(srz246186710713)
neg, 0.1389301898143725, fire(srz24618673155)
neg, 0.12856775771316048, fire(srz2461867457)
neg, 0.1731163900378248, fire(srz24618678039)
neg, 0.1389301898143725, fire(srz24618676461)
neg, 0.1389301898143725, fire(srz24618679228)
neg, 0.12856775771316048, fire(srz246186714971)
neg, 0.12856775771316048, fire(srz2461867776)
neg, 0.12856775771316048, fire(srz24618679673)
neg, 0.1389301898143725, fire(srz24618678928)
neg, 0.12856775771316048, fire(srz246186712437)
neg, 0.21966688818925476, fire(srz24618679708)
neg, 0.12856775771316048, fire(srz246186710043)
neg, 0.1389301898143725, fire(srz24618676384)
neg, 0.1731163900378248, fire(srz246186710060)
neg, 0.1389301898143725, fire(srz246186714910)
neg, 0.2391150513662961, fire(srz246186716282)
neg, 0.1389301898143725, fire(srz246186711686)
neg, 0.1731163900378248, fire(srz24618676919)
neg, 0.12856775771316048, fire(srz246186712466)
neg, 0.20618099785178076, fire(srz24618672106)
neg, 0.12856775771316048, fire(srz246186713762)
neg, 0.12856775771316048, fire(srz24618677186)
neg, 0.12856775771316048, fire(srz24618673976)
neg, 0.12856775771316048, fire(srz24618676562)
neg, 0.12856775771316048, fire(srz246186716055)
neg, 0.1389301898143725, fire(srz24618672803)
neg, 0.12856775771316048, fire(srz24618671413)
neg, 0.20618099785178076, fire(srz24618676132)
neg, 0.1389301898143725, fire(srz24618679331)
neg, 0.21966688818925476, fire(srz246186711014)
neg, 0.2391150513662961, fire(srz24618677986)
neg, 0.2391150513662961, fire(srz24618674597)
neg, 0.21966688818925476, fire(srz2461867308)
neg, 0.12856775771316048, fire(srz246186712768)
neg, 0.12856775771316048, fire(srz246186712732)
neg, 0.1441628216429231, fire(srz246186711250)
neg, 0.1389301898143725, fire(srz246186714859)
neg, 0.1441628216429231, fire(srz24618676647)
neg, 0.20618099785178076, fire(srz24618676130)
neg, 0.12856775771316048, fire(srz24618678968)
neg, 0.12856775771316048, fire(srz246186714283)
neg, 0.1441628216429231, fire(srz24618673589)
neg, 0.12856775771316048, fire(srz24618676086)
neg, 0.12856775771316048, fire(srz246186714702)
neg, 0.12856775771316048, fire(srz24618674407)
neg, 0.1389301898143725, fire(srz24618677534)
neg, 0.12856775771316048, fire(srz246186714286)
neg, 0.12856775771316048, fire(srz246186717128)
neg, 0.21966688818925476, fire(srz24618677731)
neg, 0.12856775771316048, fire(srz24618676084)
neg, 0.15191897724039985, fire(srz246186713889)
neg, 0.1389301898143725, fire(srz246186711838)
neg, 0.2391150513662961, fire(srz246186712044)
neg, 0.1731163900378248, fire(srz246186715175)
neg, 0.1731163900378248, fire(srz246186711035)
neg, 0.12856775771316048, fire(srz246186715569)
neg, 0.1731163900378248, fire(srz24618675444)
neg, 0.12856775771316048, fire(srz24618674502)
neg, 0.1731163900378248, fire(srz24618673297)
neg, 0.1389301898143725, fire(srz24618671275)
neg, 0.21966688818925476, fire(srz246186710417)
neg, 0.12856775771316048, fire(srz246186712474)
neg, 0.12856775771316048, fire(srz246186713164)
neg, 0.1389301898143725, fire(srz24618676460)
neg, 0.1389301898143725, fire(srz2461867120)
neg, 0.1389301898143725, fire(srz246186714844)
neg, 0.12856775771316048, fire(srz246186716070)
neg, 0.1441628216429231, fire(srz24618678078)
neg, 0.21966688818925476, fire(srz246186715040)
neg, 0.1731163900378248, fire(srz24618675606)
neg, 0.12856775771316048, fire(srz246186714798)
neg, 0.1389301898143725, fire(srz246186713343)
neg, 0.12856775771316048, fire(srz24618671839)
neg, 0.1731163900378248, fire(srz246186712319)
neg, 0.1389301898143725, fire(srz246186711989)
neg, 0.1731163900378248, fire(srz246186711542)
neg, 0.12856775771316048, fire(srz24618679658)
neg, 0.1441628216429231, fire(srz246186712508)
neg, 0.1389301898143725, fire(srz246186711875)
neg, 0.12856775771316048, fire(srz24618679789)
neg, 0.12856775771316048, fire(srz24618679663)
neg, 0.20618099785178076, fire(srz24618675318)
neg, 0.12856775771316048, fire(srz24618672660)
neg, 0.1389301898143725, fire(srz2461867396)
neg, 0.1731163900378248, fire(srz24618674668)
neg, 0.12856775771316048, fire(srz246186716958)
neg, 0.20618099785178076, fire(srz2461867754)
neg, 0.1731163900378248, fire(srz24618678056)
neg, 0.20618099785178076, fire(srz24618673895)
neg, 0.2391150513662961, fire(srz24618672493)
neg, 0.1389301898143725, fire(srz246186710738)
neg, 0.1731163900378248, fire(srz24618677749)
neg, 0.12856775771316048, fire(srz246186712452)
neg, 0.1389301898143725, fire(srz246186712145)
neg, 0.12856775771316048, fire(srz24618676054)
neg, 0.1389301898143725, fire(srz24618671543)
neg, 0.1389301898143725, fire(srz246186716467)
neg, 0.1731163900378248, fire(srz24618678164)
neg, 0.1441628216429231, fire(srz246186715364)
neg, 0.2391150513662961, fire(srz246186710873)
neg, 0.1389301898143725, fire(srz246186711975)
neg, 0.1731163900378248, fire(srz246186712829)
neg, 0.1389301898143725, fire(srz246186716227)
neg, 0.1731163900378248, fire(srz24618678059)
neg, 0.21966688818925476, fire(srz24618676733)
neg, 0.1389301898143725, fire(srz24618672431)
neg, 0.12856775771316048, fire(srz246186710656)
neg, 0.1731163900378248, fire(srz246186710492)
neg, 0.1389301898143725, fire(srz24618674153)
neg, 0.1731163900378248, fire(srz24618677077)
neg, 0.1389301898143725, fire(srz24618671742)
neg, 0.12856775771316048, fire(srz24618677375)
neg, 0.1389301898143725, fire(srz246186712024)
neg, 0.12856775771316048, fire(srz24618671522)
neg, 0.1731163900378248, fire(srz24618679128)
neg, 0.1389301898143725, fire(srz246186711858)
neg, 0.1389301898143725, fire(srz24618674103)
neg, 0.12856775771316048, fire(srz246186710445)
neg, 0.1731163900378248, fire(srz24618673206)
neg, 0.12856775771316048, fire(srz24618676846)
neg, 0.1731163900378248, fire(srz246186710258)
neg, 0.21966688818925476, fire(srz246186710353)
neg, 0.1441628216429231, fire(srz24618675076)
neg, 0.1389301898143725, fire(srz246186734)
neg, 0.12856775771316048, fire(srz246186711307)
neg, 0.12856775771316048, fire(srz246186712440)
neg, 0.1389301898143725, fire(srz24618674293)
neg, 0.21966688818925476, fire(srz246186715124)
neg, 0.1731163900378248, fire(srz24618677825)
neg, 0.1731163900378248, fire(srz24618679519)
neg, 0.12856775771316048, fire(srz24618677385)
neg, 0.1731163900378248, fire(srz24618679890)
neg, 0.1389301898143725, fire(srz24618674199)
neg, 0.12856775771316048, fire(srz24618671384)
neg, 0.1389301898143725, fire(srz24618679352)
neg, 0.12856775771316048, fire(srz24618676825)
neg, 0.21966688818925476, fire(srz246186712654)
neg, 0.12856775771316048, fire(srz24618672727)
neg, 0.12856775771316048, fire(srz2461867987)
neg, 0.1731163900378248, fire(srz24618673277)
neg, 0.1389301898143725, fire(srz246186712110)
neg, 0.1389301898143725, fire(srz246186717186)
neg, 0.1441628216429231, fire(srz24618675274)
neg, 0.1389301898143725, fire(srz24618673830)
neg, 0.1389301898143725, fire(srz246186716114)
neg, 0.1731163900378248, fire(srz246186712837)
neg, 0.20618099785178076, fire(srz24618675580)
neg, 0.1441628216429231, fire(srz246186710301)
neg, 0.1731163900378248, fire(srz24618678658)
neg, 0.1389301898143725, fire(srz2461867112)
neg, 0.12856775771316048, fire(srz24618677417)
neg, 0.12856775771316048, fire(srz24618671816)
neg, 0.1389301898143725, fire(srz24618671902)
neg, 0.12856775771316048, fire(srz24618676006)
neg, 0.12856775771316048, fire(srz24618677036)
neg, 0.12856775771316048, fire(srz24618671059)
neg, 0.1389301898143725, fire(srz24618674156)
neg, 0.12856775771316048, fire(srz24618677018)
neg, 0.12856775771316048, fire(srz246186712795)
neg, 0.15191897724039985, fire(srz24618676725)
neg, 0.1389301898143725, fire(srz24618675864)
neg, 0.1731163900378248, fire(srz24618675622)
neg, 0.12856775771316048, fire(srz24618676877)
neg, 0.21966688818925476, fire(srz24618673072)
neg, 0.2391150513662961, fire(srz246186714990)
neg, 0.2391150513662961, fire(srz246186716817)
neg, 0.12856775771316048, fire(srz24618671498)
neg, 0.2391150513662961, fire(srz246186716828)
neg, 0.21966688818925476, fire(srz246186710410)
neg, 0.12856775771316048, fire(srz246186711451)
neg, 0.1441628216429231, fire(srz246186711251)
neg, 0.1389301898143725, fire(srz24618673882)
neg, 0.1731163900378248, fire(srz24618678364)
neg, 0.1731163900378248, fire(srz24618679548)
neg, 0.12856775771316048, fire(srz24618673915)
neg, 0.1389301898143725, fire(srz246186710688)
neg, 0.12856775771316048, fire(srz24618678997)
neg, 0.1731163900378248, fire(srz24618678359)
neg, 0.1389301898143725, fire(srz246186712486)
neg, 0.1389301898143725, fire(srz246186712003)
neg, 0.12856775771316048, fire(srz2461867422)
neg, 0.1731163900378248, fire(srz246186710063)
neg, 0.1731163900378248, fire(srz246186711539)
neg, 0.1389301898143725, fire(srz24618672804)
neg, 0.1389301898143725, fire(srz246186711687)
neg, 0.1389301898143725, fire(srz246186717199)
neg, 0.1389301898143725, fire(srz246186713225)
neg, 0.21966688818925476, fire(srz24618676325)
neg, 0.1389301898143725, fire(srz24618671706)
neg, 0.1389301898143725, fire(srz24618675830)
neg, 0.12856775771316048, fire(srz24618675509)
neg, 0.12856775771316048, fire(srz2461867880)
neg, 0.1731163900378248, fire(srz24618676532)
neg, 0.1441628216429231, fire(srz24618676671)
neg, 0.12856775771316048, fire(srz24618672696)
neg, 0.1731163900378248, fire(srz246186713502)
neg, 0.1731163900378248, fire(srz24618676937)
neg, 0.12856775771316048, fire(srz24618672655)
neg, 0.1389301898143725, fire(srz246186714812)
neg, 0.21966688818925476, fire(srz246186713697)
neg, 0.1731163900378248, fire(srz24618673366)
neg, 0.1389301898143725, fire(srz24618673123)
neg, 0.1389301898143725, fire(srz246186716460)
neg, 0.12856775771316048, fire(srz2461867646)
neg, 0.1389301898143725, fire(srz24618671612)
neg, 0.12856775771316048, fire(srz246186713927)
neg, 0.12856775771316048, fire(srz24618674547)
neg, 0.1731163900378248, fire(srz24618676939)
neg, 0.1731163900378248, fire(srz24618674858)
neg, 0.12856775771316048, fire(srz246186716651)
neg, 0.1441628216429231, fire(srz246186710339)
neg, 0.12856775771316048, fire(srz24618675196)
neg, 0.21966688818925476, fire(srz24618673261)
neg, 0.1389301898143725, fire(srz24618679334)
neg, 0.20618099785178076, fire(srz24618674733)
neg, 0.12856775771316048, fire(srz2461867822)
neg, 0.12856775771316048, fire(srz24618672625)
neg, 0.12856775771316048, fire(srz246186711448)
neg, 0.12856775771316048, fire(srz24618676030)
neg, 0.1389301898143725, fire(srz246186711806)
neg, 0.12856775771316048, fire(srz24618675200)
neg, 0.21966688818925476, fire(srz24618677730)
neg, 0.1441628216429231, fire(srz246186711368)
neg, 0.1731163900378248, fire(srz246186713456)
neg, 0.12856775771316048, fire(srz246186714162)
neg, 0.1389301898143725, fire(srz24618671729)
neg, 0.1441628216429231, fire(srz246186715648)
neg, 0.12856775771316048, fire(srz24618676082)
neg, 0.1731163900378248, fire(srz246186711064)
neg, 0.1389301898143725, fire(srz24618674180)
neg, 0.1389301898143725, fire(srz24618678455)
neg, 0.1441628216429231, fire(srz24618675073)
neg, 0.21966688818925476, fire(srz246186712295)
neg, 0.1731163900378248, fire(srz246186715143)
neg, 0.12856775771316048, fire(srz24618677020)
neg, 0.1389301898143725, fire(srz246186716403)
neg, 0.1441628216429231, fire(srz246186716879)
neg, 0.12856775771316048, fire(srz246186710602)
neg, 0.1389301898143725, fire(srz24618679217)
neg, 0.1389301898143725, fire(srz24618679448)
neg, 0.2391150513662961, fire(srz246186717082)
neg, 0.1389301898143725, fire(srz24618677518)
neg, 0.1389301898143725, fire(srz246186716522)
neg, 0.20618099785178076, fire(srz246186712502)
neg, 0.12856775771316048, fire(srz2461867689)
neg, 0.2391150513662961, fire(srz246186716813)
neg, 0.1731163900378248, fire(srz24618679555)
neg, 0.12856775771316048, fire(srz246186717150)
neg, 0.12856775771316048, fire(srz24618676867)
neg, 0.1389301898143725, fire(srz246186716105)
neg, 0.1731163900378248, fire(srz24618672394)
neg, 0.12856775771316048, fire(srz24618672538)
neg, 0.1441628216429231, fire(srz246186715768)
neg, 0.12856775771316048, fire(srz2461867510)
neg, 0.1731163900378248, fire(srz246186710991)
neg, 0.1389301898143725, fire(srz24618677493)
neg, 0.1731163900378248, fire(srz246186710981)
neg, 0.1389301898143725, fire(srz2461867104)
neg, 0.1389301898143725, fire(srz24618671242)
neg, 0.12856775771316048, fire(srz24618671473)
neg, 0.12856775771316048, fire(srz246186712792)
neg, 0.1731163900378248, fire(srz246186715272)
neg, 0.12856775771316048, fire(srz24618676550)
neg, 0.12856775771316048, fire(srz24618678266)
neg, 0.20618099785178076, fire(srz246186714116)
neg, 0.1731163900378248, fire(srz24618676904)
neg, 0.12856775771316048, fire(srz2461867683)
neg, 0.1441628216429231, fire(srz246186712686)
neg, 0.1389301898143725, fire(srz24618679332)
neg, 0.1441628216429231, fire(srz24618678777)
neg, 0.12856775771316048, fire(srz24618678232)
neg, 0.1389301898143725, fire(srz24618671550)
neg, 0.1389301898143725, fire(srz246186713246)
neg, 0.21966688818925476, fire(srz246186715232)
neg, 0.12856775771316048, fire(srz24618676859)
neg, 0.21966688818925476, fire(srz246186715224)
neg, 0.21966688818925476, fire(srz24618673862)
neg, 0.1389301898143725, fire(srz24618673133)
neg, 0.1731163900378248, fire(srz24618679476)
neg, 0.21966688818925476, fire(srz2461867577)
neg, 0.12856775771316048, fire(srz246186713837)
neg, 0.20618099785178076, fire(srz24618674720)
neg, 0.1389301898143725, fire(srz24618679367)
neg, 0.1731163900378248, fire(srz24618675398)
neg, 0.1731163900378248, fire(srz24618673511)
neg, 0.12856775771316048, fire(srz246186712471)
neg, 0.12856775771316048, fire(srz24618677412)
neg, 0.12856775771316048, fire(srz2461867800)
neg, 0.1731163900378248, fire(srz246186713414)
neg, 0.1731163900378248, fire(srz246186715045)
neg, 0.1731163900378248, fire(srz24618673498)
neg, 0.1389301898143725, fire(srz24618672303)
neg, 0.12856775771316048, fire(srz24618672014)
neg, 0.12856775771316048, fire(srz24618677407)
neg, 0.21966688818925476, fire(srz24618674029)
neg, 0.1731163900378248, fire(srz246186713478)
neg, 0.1389301898143725, fire(srz2461867350)
neg, 0.12856775771316048, fire(srz246186716928)
neg, 0.12856775771316048, fire(srz2461867770)
neg, 0.12856775771316048, fire(srz246186717039)
neg, 0.21966688818925476, fire(srz24618673254)
neg, 0.12856775771316048, fire(srz246186711134)
neg, 0.1389301898143725, fire(srz24618674282)
neg, 0.15191897724039985, fire(srz24618674537)
neg, 0.1441628216429231, fire(srz246186710100)
neg, 0.1389301898143725, fire(srz24618679749)
neg, 0.1389301898143725, fire(srz24618677557)
neg, 0.12856775771316048, fire(srz246186714508)
neg, 0.12856775771316048, fire(srz246186712779)
neg, 0.12856775771316048, fire(srz246186710865)
neg, 0.20618099785178076, fire(srz2461867909)
neg, 0.12856775771316048, fire(srz246186714499)
neg, 0.2391150513662961, fire(srz246186712040)
neg, 0.12856775771316048, fire(srz24618675475)
neg, 0.1389301898143725, fire(srz246186716373)
neg, 0.1389301898143725, fire(srz246186713826)
neg, 0.1389301898143725, fire(srz24618676370)
neg, 0.1731163900378248, fire(srz24618673737)
neg, 0.15191897724039985, fire(srz24618678628)
neg, 0.1389301898143725, fire(srz24618675871)
neg, 0.12856775771316048, fire(srz24618676017)
neg, 0.12856775771316048, fire(srz2461867803)
neg, 0.20618099785178076, fire(srz24618672107)
neg, 0.12856775771316048, fire(srz246186715094)
neg, 0.1389301898143725, fire(srz24618671227)
neg, 0.1389301898143725, fire(srz246186711837)
neg, 0.21966688818925476, fire(srz24618677799)
neg, 0.12856775771316048, fire(srz24618678812)
neg, 0.12856775771316048, fire(srz246186714374)
neg, 0.12856775771316048, fire(srz246186716290)
neg, 0.12856775771316048, fire(srz246186716663)
neg, 0.1731163900378248, fire(srz246186710481)
neg, 0.1731163900378248, fire(srz246186712839)
neg, 0.1389301898143725, fire(srz246186712101)
neg, 0.1389301898143725, fire(srz2461867563)
neg, 0.12856775771316048, fire(srz246186712710)
neg, 0.2391150513662961, fire(srz246186716806)
neg, 0.12856775771316048, fire(srz246186714961)
neg, 0.1389301898143725, fire(srz246186716216)
neg, 0.20618099785178076, fire(srz246186712496)
neg, 0.21966688818925476, fire(srz246186710419)
neg, 0.1389301898143725, fire(srz246186711930)
neg, 0.1389301898143725, fire(srz24618675790)
neg, 0.12856775771316048, fire(srz246186715093)
neg, 0.21966688818925476, fire(srz24618675685)
neg, 0.1389301898143725, fire(srz24618675343)
neg, 0.1441628216429231, fire(srz246186710112)
neg, 0.1731163900378248, fire(srz24618677092)
neg, 0.12856775771316048, fire(srz246186714711)
neg, 0.1389301898143725, fire(srz24618672873)
neg, 0.1731163900378248, fire(srz246186712400)
neg, 0.1441628216429231, fire(srz246186715849)
neg, 0.1389301898143725, fire(srz24618674114)
neg, 0.1731163900378248, fire(srz246186714391)
neg, 0.15191897724039985, fire(srz24618675102)
neg, 0.1389301898143725, fire(srz24618676209)
neg, 0.1389301898143725, fire(srz246186714839)
neg, 0.12856775771316048, fire(srz24618677629)
neg, 0.12856775771316048, fire(srz246186716918)
neg, 0.21966688818925476, fire(srz246186715228)
neg, 0.21966688818925476, fire(srz24618675677)
neg, 0.1389301898143725, fire(srz24618672272)
neg, 0.15191897724039985, fire(srz24618675100)
neg, 0.1389301898143725, fire(srz24618679341)
neg, 0.1389301898143725, fire(srz24618676364)
neg, 0.12856775771316048, fire(srz246186713929)
neg, 0.1389301898143725, fire(srz24618671268)
neg, 0.12856775771316048, fire(srz246186712611)
neg, 0.1389301898143725, fire(srz246186716369)
neg, 0.1731163900378248, fire(srz246186710984)
neg, 0.20618099785178076, fire(srz24618675311)
neg, 0.12856775771316048, fire(srz246186716044)
neg, 0.12856775771316048, fire(srz246186716667)
neg, 0.12856775771316048, fire(srz246186710558)
neg, 0.12856775771316048, fire(srz24618674448)
neg, 0.21966688818925476, fire(srz24618677847)
neg, 0.1389301898143725, fire(srz246186714875)
neg, 0.12856775771316048, fire(srz246186712719)
neg, 0.12856775771316048, fire(srz246186715087)
neg, 0.12856775771316048, fire(srz2461867656)
neg, 0.1731163900378248, fire(srz24618676745)
neg, 0.12856775771316048, fire(srz24618676092)
neg, 0.1389301898143725, fire(srz246186713326)
neg, 0.12856775771316048, fire(srz246186715936)
neg, 0.21966688818925476, fire(srz24618673470)
neg, 0.12856775771316048, fire(srz24618674483)
neg, 0.1389301898143725, fire(srz246186710756)
neg, 0.12856775771316048, fire(srz246186714328)
neg, 0.12856775771316048, fire(srz246186714314)
neg, 0.1389301898143725, fire(srz24618676278)
neg, 0.1731163900378248, fire(srz24618673298)
neg, 0.2391150513662961, fire(srz246186712076)
neg, 0.12856775771316048, fire(srz246186712444)
neg, 0.1731163900378248, fire(srz24618679480)
neg, 0.1441628216429231, fire(srz246186715773)
neg, 0.12856775771316048, fire(srz2461867187)
neg, 0.12856775771316048, fire(srz246186717008)
neg, 0.1441628216429231, fire(srz246186714571)
neg, 0.21966688818925476, fire(srz24618673015)
neg, 0.12856775771316048, fire(srz246186710030)
neg, 0.12856775771316048, fire(srz246186714370)
neg, 0.1389301898143725, fire(srz24618673090)
neg, 0.1389301898143725, fire(srz24618673826)
neg, 0.12856775771316048, fire(srz246186714043)
neg, 0.12856775771316048, fire(srz24618676848)
neg, 0.15191897724039985, fire(srz24618676634)
neg, 0.12856775771316048, fire(srz24618676858)
neg, 0.1389301898143725, fire(srz246186711856)
neg, 0.1731163900378248, fire(srz24618675624)
neg, 0.21966688818925476, fire(srz24618678831)
neg, 0.12856775771316048, fire(srz246186710603)
neg, 0.1731163900378248, fire(srz24618678286)
neg, 0.12856775771316048, fire(srz24618676854)
neg, 0.12856775771316048, fire(srz24618674449)
neg, 0.1389301898143725, fire(srz246186712033)
neg, 0.12856775771316048, fire(srz24618674464)
neg, 0.1731163900378248, fire(srz24618677059)
neg, 0.12856775771316048, fire(srz2461867717)
neg, 0.12856775771316048, fire(srz24618674497)
neg, 0.1389301898143725, fire(srz24618676459)
neg, 0.1389301898143725, fire(srz24618674306)
neg, 0.12856775771316048, fire(srz24618671002)
neg, 0.1731163900378248, fire(srz24618679517)
neg, 0.1389301898143725, fire(srz24618671267)
neg, 0.2391150513662961, fire(srz24618676506)
neg, 0.1441628216429231, fire(srz24618678088)
neg, 0.1389301898143725, fire(srz24618674152)
neg, 0.12856775771316048, fire(srz2461867225)
neg, 0.1389301898143725, fire(srz2461867592)
neg, 0.12856775771316048, fire(srz246186712189)
neg, 0.12856775771316048, fire(srz24618671414)
neg, 0.1441628216429231, fire(srz246186712996)
neg, 0.1389301898143725, fire(srz24618674276)
neg, 0.12856775771316048, fire(srz246186714653)
neg, 0.1731163900378248, fire(srz24618673371)
neg, 0.2391150513662961, fire(srz246186713038)
neg, 0.1389301898143725, fire(srz246186711713)
neg, 0.12856775771316048, fire(srz246186716089)
neg, 0.1389301898143725, fire(srz24618675792)
neg, 0.1441628216429231, fire(srz24618672501)
neg, 0.1731163900378248, fire(srz24618674849)
neg, 0.21966688818925476, fire(srz246186710429)
neg, 0.12856775771316048, fire(srz24618677431)
neg, 0.1389301898143725, fire(srz2461867612)
neg, 0.1441628216429231, fire(srz24618675161)
neg, 0.1731163900378248, fire(srz246186713402)
neg, 0.1441628216429231, fire(srz246186710316)
neg, 0.12856775771316048, fire(srz246186712915)
neg, 0.1441628216429231, fire(srz24618673654)
neg, 0.1389301898143725, fire(srz24618671778)
neg, 0.1441628216429231, fire(srz246186710108)
neg, 0.1731163900378248, fire(srz24618678060)
neg, 0.21966688818925476, fire(srz246186715114)
neg, 0.1731163900378248, fire(srz246186715108)
neg, 0.12856775771316048, fire(srz2461867780)
neg, 0.1389301898143725, fire(srz24618678927)
neg, 0.1389301898143725, fire(srz246186716523)
neg, 0.12856775771316048, fire(srz246186713162)
neg, 0.1389301898143725, fire(srz24618671238)
neg, 0.2391150513662961, fire(srz246186716283)
neg, 0.1731163900378248, fire(srz24618674939)
neg, 0.1389301898143725, fire(srz246186716328)
neg, 0.12856775771316048, fire(srz2461867475)
neg, 0.21966688818925476, fire(srz24618671910)
neg, 0.1731163900378248, fire(srz24618679479)
neg, 0.12856775771316048, fire(srz246186711494)
neg, 0.1731163900378248, fire(srz24618676001)
neg, 0.2391150513662961, fire(srz24618676593)
neg, 0.12856775771316048, fire(srz24618671025)
neg, 0.21966688818925476, fire(srz24618672329)
neg, 0.1389301898143725, fire(srz24618676486)
neg, 0.1441628216429231, fire(srz24618672503)
neg, 0.1389301898143725, fire(srz24618677491)
neg, 0.12856775771316048, fire(srz2461867954)
neg, 0.1441628216429231, fire(srz246186715847)
neg, 0.2391150513662961, fire(srz24618674787)
neg, 0.1441628216429231, fire(srz24618675217)
neg, 0.12856775771316048, fire(srz24618678236)
neg, 0.12856775771316048, fire(srz24618671402)
neg, 0.1731163900378248, fire(srz24618677063)
neg, 0.1441628216429231, fire(srz24618676709)
neg, 0.12856775771316048, fire(srz246186712609)
neg, 0.12856775771316048, fire(srz24618673944)
neg, 0.2391150513662961, fire(srz24618676574)
neg, 0.12856775771316048, fire(srz24618677643)
neg, 0.12856775771316048, fire(srz246186714690)
neg, 0.12856775771316048, fire(srz246186711162)
neg, 0.1389301898143725, fire(srz24618674260)
neg, 0.1389301898143725, fire(srz246186716325)
neg, 0.12856775771316048, fire(srz246186716572)
neg, 0.21966688818925476, fire(srz246186710350)
neg, 0.15191897724039985, fire(srz24618678730)
neg, 0.1389301898143725, fire(srz24618672291)
neg, 0.1731163900378248, fire(srz246186713465)
neg, 0.1389301898143725, fire(srz24618679374)
neg, 0.1389301898143725, fire(srz24618671734)
neg, 0.12856775771316048, fire(srz24618676881)
neg, 0.2391150513662961, fire(srz24618676435)
neg, 0.12856775771316048, fire(srz24618671324)
neg, 0.1389301898143725, fire(srz24618674343)
neg, 0.20618099785178076, fire(srz24618674739)
neg, 0.1731163900378248, fire(srz246186710061)
neg, 0.1731163900378248, fire(srz24618677580)
neg, 0.12856775771316048, fire(srz246186714301)
neg, 0.20618099785178076, fire(srz24618674734)
neg, 0.1389301898143725, fire(srz24618675914)
neg, 0.21966688818925476, fire(srz24618671445)
neg, 0.12856775771316048, fire(srz24618671060)
neg, 0.1389301898143725, fire(srz24618671182)
neg, 0.12856775771316048, fire(srz24618675207)
neg, 0.12856775771316048, fire(srz24618671099)
neg, 0.12856775771316048, fire(srz246186711492)
neg, 0.1731163900378248, fire(srz246186715149)
neg, 0.12856775771316048, fire(srz24618671820)
neg, 0.15191897724039985, fire(srz24618673313)
neg, 0.12856775771316048, fire(srz24618677297)
neg, 0.12856775771316048, fire(srz24618677441)
neg, 0.1389301898143725, fire(srz24618675979)
neg, 0.1389301898143725, fire(srz24618672230)
neg, 0.1731163900378248, fire(srz24618673500)
neg, 0.1731163900378248, fire(srz246186713672)
neg, 0.1389301898143725, fire(srz246186711748)
neg, 0.1389301898143725, fire(srz246186710784)
neg, 0.1441628216429231, fire(srz246186710338)
neg, 0.1389301898143725, fire(srz24618679612)
neg, 0.1389301898143725, fire(srz24618674144)
neg, 0.1389301898143725, fire(srz24618672221)
neg, 0.1389301898143725, fire(srz24618671608)
neg, 0.1389301898143725, fire(srz24618677551)
neg, 0.12856775771316048, fire(srz24618676677)
neg, 0.1731163900378248, fire(srz246186715163)
neg, 0.1389301898143725, fire(srz24618671669)
neg, 0.1389301898143725, fire(srz246186716214)
neg, 0.20618099785178076, fire(srz24618675300)
neg, 0.1389301898143725, fire(srz24618671709)
neg, 0.21966688818925476, fire(srz2461867337)
neg, 0.1389301898143725, fire(srz24618674283)
neg, 0.1731163900378248, fire(srz24618678500)
neg, 0.12856775771316048, fire(srz24618673754)
neg, 0.12856775771316048, fire(srz24618673802)
neg, 0.12856775771316048, fire(srz24618677045)
neg, 0.12856775771316048, fire(srz246186712325)
neg, 0.2391150513662961, fire(srz24618678341)
neg, 0.12856775771316048, fire(srz246186715995)
neg, 0.1389301898143725, fire(srz24618677480)
neg, 0.21966688818925476, fire(srz246186711533)
neg, 0.1731163900378248, fire(srz246186713495)
neg, 0.12856775771316048, fire(srz24618677168)
neg, 0.1389301898143725, fire(srz2461867268)
neg, 0.12856775771316048, fire(srz24618678262)
neg, 0.12856775771316048, fire(srz246186712447)
neg, 0.1389301898143725, fire(srz246186712106)
neg, 0.1389301898143725, fire(srz24618672780)
neg, 0.12856775771316048, fire(srz24618673788)
neg, 0.1389301898143725, fire(srz24618676333)
neg, 0.1441628216429231, fire(srz246186711236)
neg, 0.2391150513662961, fire(srz246186716810)
neg, 0.1389301898143725, fire(srz24618679383)
neg, 0.1731163900378248, fire(srz246186710068)
neg, 0.1389301898143725, fire(srz2461867132)
neg, 0.2391150513662961, fire(srz246186716643)
neg, 0.1389301898143725, fire(srz24618673832)
neg, 0.1731163900378248, fire(srz24618678909)
neg, 0.1731163900378248, fire(srz24618675361)
neg, 0.1389301898143725, fire(srz24618672246)
neg, 0.1731163900378248, fire(srz246186711527)
neg, 0.1389301898143725, fire(srz246186711707)
neg, 0.12856775771316048, fire(srz246186713206)
neg, 0.12856775771316048, fire(srz24618671107)
neg, 0.1731163900378248, fire(srz24618675667)
neg, 0.1441628216429231, fire(srz24618673566)
neg, 0.12856775771316048, fire(srz246186712356)
neg, 0.1389301898143725, fire(srz24618677924)
neg, 0.12856775771316048, fire(srz246186713152)
neg, 0.12856775771316048, fire(srz246186711147)
neg, 0.12856775771316048, fire(srz246186710588)
neg, 0.12856775771316048, fire(srz24618675154)
neg, 0.1441628216429231, fire(srz24618673572)
neg, 0.12856775771316048, fire(srz246186711161)
neg, 0.21966688818925476, fire(srz24618673252)
neg, 0.12856775771316048, fire(srz24618676012)
neg, 0.1441628216429231, fire(srz246186715319)
neg, 0.1389301898143725, fire(srz2461867111)
neg, 0.12856775771316048, fire(srz24618672619)
neg, 0.12856775771316048, fire(srz246186715668)
neg, 0.12856775771316048, fire(srz24618672700)
neg, 0.1731163900378248, fire(srz24618673512)
neg, 0.1441628216429231, fire(srz24618678785)
neg, 0.1731163900378248, fire(srz246186713629)
neg, 0.12856775771316048, fire(srz24618673356)
neg, 0.2391150513662961, fire(srz246186714998)
neg, 0.12856775771316048, fire(srz24618679931)
neg, 0.21966688818925476, fire(srz246186712376)
neg, 0.1731163900378248, fire(srz246186713875)
neg, 0.1731163900378248, fire(srz24618675674)
neg, 0.12856775771316048, fire(srz24618671048)
neg, 0.2391150513662961, fire(srz246186714486)
neg, 0.20618099785178076, fire(srz24618672085)
neg, 0.2391150513662961, fire(srz24618674596)
neg, 0.12856775771316048, fire(srz24618674490)
neg, 0.1389301898143725, fire(srz246186796)
neg, 0.21966688818925476, fire(srz246186715120)
neg, 0.1731163900378248, fire(srz24618677069)
neg, 0.1731163900378248, fire(srz246186710490)
neg, 0.12856775771316048, fire(srz2461867222)
neg, 0.1441628216429231, fire(srz24618675059)
neg, 0.1389301898143725, fire(srz246186760)
neg, 0.1389301898143725, fire(srz246186716131)
neg, 0.12856775771316048, fire(srz24618672741)
neg, 0.1731163900378248, fire(srz24618673439)
neg, 0.21966688818925476, fire(srz246186715217)
neg, 0.12856775771316048, fire(srz246186716039)
neg, 0.12856775771316048, fire(srz24618677163)
neg, 0.12856775771316048, fire(srz24618676674)
neg, 0.21966688818925476, fire(srz24618677703)
neg, 0.12856775771316048, fire(srz2461867492)
neg, 0.12856775771316048, fire(srz246186713187)
neg, 0.20618099785178076, fire(srz24618673997)
neg, 0.1731163900378248, fire(srz246186715257)
neg, 0.1731163900378248, fire(srz24618673200)
neg, 0.1441628216429231, fire(srz246186711246)
neg, 0.1731163900378248, fire(srz24618676934)
neg, 0.12856775771316048, fire(srz246186712364)
neg, 0.12856775771316048, fire(srz24618678971)
neg, 0.12856775771316048, fire(srz24618676009)
neg, 0.12856775771316048, fire(srz2461867424)
neg, 0.1389301898143725, fire(srz24618674095)
neg, 0.1731163900378248, fire(srz246186715146)
neg, 0.12856775771316048, fire(srz24618672547)
neg, 0.1389301898143725, fire(srz246186713732)
neg, 0.21966688818925476, fire(srz24618678826)
neg, 0.2391150513662961, fire(srz24618676811)
neg, 0.1731163900378248, fire(srz246186713504)
neg, 0.12856775771316048, fire(srz246186716259)
neg, 0.1389301898143725, fire(srz24618676465)
neg, 0.1731163900378248, fire(srz24618677145)
neg, 0.1731163900378248, fire(srz24618678284)
neg, 0.12856775771316048, fire(srz246186715953)
neg, 0.1389301898143725, fire(srz2461867347)
neg, 0.1389301898143725, fire(srz24618671905)
neg, 0.12856775771316048, fire(srz2461867875)
neg, 0.12856775771316048, fire(srz24618672129)
neg, 0.1389301898143725, fire(srz24618674333)
neg, 0.12856775771316048, fire(srz2461867648)
neg, 0.12856775771316048, fire(srz24618671369)
neg, 0.1389301898143725, fire(srz24618679463)
neg, 0.12856775771316048, fire(srz24618678090)
neg, 0.21966688818925476, fire(srz24618679130)
neg, 0.21966688818925476, fire(srz24618679858)
neg, 0.1731163900378248, fire(srz24618674899)
neg, 0.15191897724039985, fire(srz246186713890)
neg, 0.1389301898143725, fire(srz24618677543)
neg, 0.12856775771316048, fire(srz24618677361)
neg, 0.1731163900378248, fire(srz24618679523)
neg, 0.1389301898143725, fire(srz24618676484)
neg, 0.1389301898143725, fire(srz24618674192)
neg, 0.1389301898143725, fire(srz246186711703)
neg, 0.1389301898143725, fire(srz246186713705)
neg, 0.1731163900378248, fire(srz24618679477)
neg, 0.1389301898143725, fire(srz246186716140)
neg, 0.1389301898143725, fire(srz246186713292)
neg, 0.1389301898143725, fire(srz24618672912)
neg, 0.1731163900378248, fire(srz24618678875)
neg, 0.1389301898143725, fire(srz24618672183)
neg, 0.15191897724039985, fire(srz246186711500)
neg, 0.1731163900378248, fire(srz24618678061)
neg, 0.1441628216429231, fire(srz24618678647)
neg, 0.2391150513662961, fire(srz24618678345)
neg, 0.12856775771316048, fire(srz246186716573)
neg, 0.1389301898143725, fire(srz2461867352)
neg, 0.1731163900378248, fire(srz24618676752)
neg, 0.1389301898143725, fire(srz24618675937)
neg, 0.12856775771316048, fire(srz24618678951)
neg, 0.1731163900378248, fire(srz24618673225)
neg, 0.1441628216429231, fire(srz24618678182)
neg, 0.1441628216429231, fire(srz24618678573)
neg, 0.20618099785178076, fire(srz246186711405)
neg, 0.12856775771316048, fire(srz246186712932)
neg, 0.1441628216429231, fire(srz24618678188)
neg, 0.21966688818925476, fire(srz24618676287)
neg, 0.21966688818925476, fire(srz24618674913)
neg, 0.12856775771316048, fire(srz24618675482)
neg, 0.1389301898143725, fire(srz24618672859)
neg, 0.12856775771316048, fire(srz24618675474)
neg, 0.1389301898143725, fire(srz24618674030)
neg, 0.1389301898143725, fire(srz24618679339)
neg, 0.12856775771316048, fire(srz24618671847)
neg, 0.1389301898143725, fire(srz24618672817)
neg, 0.1389301898143725, fire(srz246186711943)
neg, 0.12856775771316048, fire(srz246186716036)
neg, 0.2391150513662961, fire(srz246186716632)
neg, 0.1389301898143725, fire(srz24618675862)
neg, 0.1389301898143725, fire(srz24618671251)
neg, 0.1389301898143725, fire(srz24618671544)
neg, 0.1389301898143725, fire(srz246186716218)
neg, 0.12856775771316048, fire(srz246186711481)
neg, 0.12856775771316048, fire(srz246186712913)
neg, 0.1389301898143725, fire(srz24618674231)
neg, 0.2391150513662961, fire(srz24618677879)
neg, 0.2391150513662961, fire(srz246186716637)
neg, 0.20618099785178076, fire(srz24618672083)
neg, 0.12856775771316048, fire(srz24618676052)
neg, 0.12856775771316048, fire(srz24618676883)
neg, 0.1441628216429231, fire(srz246186712405)
neg, 0.1441628216429231, fire(srz246186715796)
neg, 0.21966688818925476, fire(srz24618671437)
neg, 0.1389301898143725, fire(srz24618674251)
neg, 0.21966688818925476, fire(srz246186717085)
neg, 0.1389301898143725, fire(srz24618674228)
neg, 0.1731163900378248, fire(srz24618677587)
neg, 0.1389301898143725, fire(srz24618679599)
neg, 0.1389301898143725, fire(srz24618671295)
neg, 0.20618099785178076, fire(srz24618676158)
neg, 0.12856775771316048, fire(srz2461867452)
neg, 0.1389301898143725, fire(srz2461867588)
neg, 0.20618099785178076, fire(srz24618672094)
neg, 0.1389301898143725, fire(srz246186710790)
neg, 0.12856775771316048, fire(srz246186712186)
neg, 0.1389301898143725, fire(srz24618671611)
neg, 0.1389301898143725, fire(srz24618675918)
neg, 0.21966688818925476, fire(srz24618674914)
neg, 0.12856775771316048, fire(srz24618679980)
neg, 0.1389301898143725, fire(srz246186713294)
neg, 0.12856775771316048, fire(srz24618679120)
neg, 0.1389301898143725, fire(srz24618674151)
neg, 0.12856775771316048, fire(srz24618679994)
neg, 0.1731163900378248, fire(srz24618675405)
neg, 0.1731163900378248, fire(srz24618676940)
neg, 0.12856775771316048, fire(srz246186714040)
neg, 0.20618099785178076, fire(srz24618676136)
neg, 0.1389301898143725, fire(srz24618672791)
neg, 0.1441628216429231, fire(srz246186711379)
neg, 0.1389301898143725, fire(srz2461867607)
neg, 0.1441628216429231, fire(srz246186714577)
neg, 0.1731163900378248, fire(srz24618677777)
neg, 0.1731163900378248, fire(srz246186716738)
neg, 0.21966688818925476, fire(srz24618676291)
neg, 0.1731163900378248, fire(srz24618679516)
neg, 0.21966688818925476, fire(srz246186710431)
neg, 0.12856775771316048, fire(srz246186714141)
neg, 0.12856775771316048, fire(srz24618677427)
neg, 0.1389301898143725, fire(srz246186716470)
neg, 0.21966688818925476, fire(srz24618671690)
neg, 0.1389301898143725, fire(srz246186769)
neg, 0.1389301898143725, fire(srz24618676472)
neg, 0.1389301898143725, fire(srz24618674170)
neg, 0.12856775771316048, fire(srz24618678969)
neg, 0.1441628216429231, fire(srz246186715339)
neg, 0.1389301898143725, fire(srz24618675839)
neg, 0.12856775771316048, fire(srz24618672632)
neg, 0.1389301898143725, fire(srz24618671702)
neg, 0.12856775771316048, fire(srz24618677167)
neg, 0.12856775771316048, fire(srz24618678101)
neg, 0.12856775771316048, fire(srz246186710965)
neg, 0.1731163900378248, fire(srz24618677839)
neg, 0.1441628216429231, fire(srz24618675273)
neg, 0.1389301898143725, fire(srz2461867249)
neg, 0.12856775771316048, fire(srz24618676117)
neg, 0.1389301898143725, fire(srz24618674148)
neg, 0.1389301898143725, fire(srz246186716393)
neg, 0.1389301898143725, fire(srz246186713342)
neg, 0.12856775771316048, fire(srz246186711509)
neg, 0.12856775771316048, fire(srz246186717058)
neg, 0.21966688818925476, fire(srz246186715127)
neg, 0.12856775771316048, fire(srz2461867713)
neg, 0.15191897724039985, fire(srz24618674544)
neg, 0.12856775771316048, fire(srz24618676847)
neg, 0.1441628216429231, fire(srz246186711388)
neg, 0.1731163900378248, fire(srz246186713463)
neg, 0.12856775771316048, fire(srz246186712470)
neg, 0.1441628216429231, fire(srz24618676591)
neg, 0.1731163900378248, fire(srz24618677772)
neg, 0.21966688818925476, fire(srz24618672600)
neg, 0.12856775771316048, fire(srz246186715075)
neg, 0.12856775771316048, fire(srz246186714293)
neg, 0.12856775771316048, fire(srz246186713757)
neg, 0.12856775771316048, fire(srz246186713019)
neg, 0.12856775771316048, fire(srz246186712782)
neg, 0.12856775771316048, fire(srz24618679655)
neg, 0.1389301898143725, fire(srz246186713274)
neg, 0.12856775771316048, fire(srz24618674569)
neg, 0.12856775771316048, fire(srz246186712358)
neg, 0.1389301898143725, fire(srz24618675892)
neg, 0.1389301898143725, fire(srz246186716406)
neg, 0.12856775771316048, fire(srz246186711129)
neg, 0.21966688818925476, fire(srz246186711022)
neg, 0.1389301898143725, fire(srz24618672190)
neg, 0.21966688818925476, fire(srz246186713419)
neg, 0.1731163900378248, fire(srz246186716988)
neg, 0.12856775771316048, fire(srz24618676059)
neg, 0.1389301898143725, fire(srz246186714899)
neg, 0.2391150513662961, fire(srz246186716832)
neg, 0.12856775771316048, fire(srz24618671519)
neg, 0.12856775771316048, fire(srz24618673808)
neg, 0.12856775771316048, fire(srz24618674423)
neg, 0.12856775771316048, fire(srz24618674398)
neg, 0.2391150513662961, fire(srz24618676429)
neg, 0.1731163900378248, fire(srz24618677090)
neg, 0.12856775771316048, fire(srz24618671503)
neg, 0.1389301898143725, fire(srz2461867115)
neg, 0.1731163900378248, fire(srz246186715133)
neg, 0.1389301898143725, fire(srz246186716441)
neg, 0.1389301898143725, fire(srz2461867234)
neg, 0.1441628216429231, fire(srz24618678800)
neg, 0.12856775771316048, fire(srz24618677007)
neg, 0.1389301898143725, fire(srz246186711770)
neg, 0.12856775771316048, fire(srz24618672943)
neg, 0.21966688818925476, fire(srz24618673863)
neg, 0.12856775771316048, fire(srz246186715914)
neg, 0.2391150513662961, fire(srz24618671620)
neg, 0.1731163900378248, fire(srz246186715100)
neg, 0.1731163900378248, fire(srz24618674864)
neg, 0.12856775771316048, fire(srz2461867217)
neg, 0.1389301898143725, fire(srz246186716209)
neg, 0.1731163900378248, fire(srz24618678068)
neg, 0.12856775771316048, fire(srz246186710628)
neg, 0.21966688818925476, fire(srz24618674690)
neg, 0.12856775771316048, fire(srz24618674455)
neg, 0.12856775771316048, fire(srz24618672664)
neg, 0.12856775771316048, fire(srz246186712465)
neg, 0.2391150513662961, fire(srz24618674783)
neg, 0.1389301898143725, fire(srz24618672344)
neg, 0.21966688818925476, fire(srz24618677688)
neg, 0.12856775771316048, fire(srz246186714058)
neg, 0.1389301898143725, fire(srz246186714862)
neg, 0.21966688818925476, fire(srz24618673075)
neg, 0.1389301898143725, fire(srz24618675781)
neg, 0.12856775771316048, fire(srz246186716665)
neg, 0.12856775771316048, fire(srz246186712196)
neg, 0.1389301898143725, fire(srz24618675789)
neg, 0.12856775771316048, fire(srz246186714502)
neg, 0.2391150513662961, fire(srz246186712051)
neg, 0.12856775771316048, fire(srz24618677355)
neg, 0.1731163900378248, fire(srz24618679880)
neg, 0.1441628216429231, fire(srz246186711260)
neg, 0.12856775771316048, fire(srz24618674467)
neg, 0.1731163900378248, fire(srz246186711543)
neg, 0.1731163900378248, fire(srz246186715739)
neg, 0.21966688818925476, fire(srz24618671593)
neg, 0.1731163900378248, fire(srz24618678688)
neg, 0.2391150513662961, fire(srz246186715352)
neg, 0.1389301898143725, fire(srz246186716518)
neg, 0.2391150513662961, fire(srz24618674665)
neg, 0.1389301898143725, fire(srz24618674264)
neg, 0.1441628216429231, fire(srz246186710335)
neg, 0.1731163900378248, fire(srz24618678862)
neg, 0.12856775771316048, fire(srz246186715578)
neg, 0.1389301898143725, fire(srz24618672209)
neg, 0.12856775771316048, fire(srz246186712918)
neg, 0.1389301898143725, fire(srz24618672212)
neg, 0.1389301898143725, fire(srz24618673877)
neg, 0.21966688818925476, fire(srz246186712554)
neg, 0.12856775771316048, fire(srz24618679960)
neg, 0.1441628216429231, fire(srz246186712890)
neg, 0.12856775771316048, fire(srz24618676024)
neg, 0.12856775771316048, fire(srz24618678998)
neg, 0.1389301898143725, fire(srz24618675924)
neg, 0.12856775771316048, fire(srz246186712561)
neg, 0.12856775771316048, fire(srz2461867514)
neg, 0.12856775771316048, fire(srz246186713394)
neg, 0.1731163900378248, fire(srz24618676965)
neg, 0.21966688818925476, fire(srz24618673182)
neg, 0.20618099785178076, fire(srz24618677228)
neg, 0.12856775771316048, fire(srz246186710455)
neg, 0.1731163900378248, fire(srz24618674623)
neg, 0.12856775771316048, fire(srz24618676844)
neg, 0.1441628216429231, fire(srz24618675263)
neg, 0.12856775771316048, fire(srz246186713205)
neg, 0.12856775771316048, fire(srz24618676823)
neg, 0.1389301898143725, fire(srz24618672200)
neg, 0.12856775771316048, fire(srz246186712571)
neg, 0.12856775771316048, fire(srz246186713378)
neg, 0.1389301898143725, fire(srz24618674373)
neg, 0.12856775771316048, fire(srz24618677393)
neg, 0.12856775771316048, fire(srz24618677606)
neg, 0.1389301898143725, fire(srz246186711831)
neg, 0.2391150513662961, fire(srz246186715592)
neg, 0.12856775771316048, fire(srz24618672519)
neg, 0.21966688818925476, fire(srz246186712801)
neg, 0.12856775771316048, fire(srz246186714278)
neg, 0.1389301898143725, fire(srz24618678443)
neg, 0.1389301898143725, fire(srz246186713704)
neg, 0.12856775771316048, fire(srz246186714768)
neg, 0.12856775771316048, fire(srz246186717131)
neg, 0.12856775771316048, fire(srz24618676023)
neg, 0.12856775771316048, fire(srz24618671504)
neg, 0.1389301898143725, fire(srz2461867530)
neg, 0.12856775771316048, fire(srz2461867708)
neg, 0.12856775771316048, fire(srz24618678996)
neg, 0.12856775771316048, fire(srz246186712342)
neg, 0.20618099785178076, fire(srz24618675250)
neg, 0.1389301898143725, fire(srz246186711933)
neg, 0.12856775771316048, fire(srz24618672662)
neg, 0.1731163900378248, fire(srz246186715174)
neg, 0.1731163900378248, fire(srz246186712823)
neg, 0.1389301898143725, fire(srz2461867312)
neg, 0.1389301898143725, fire(srz24618675908)
neg, 0.12856775771316048, fire(srz24618671818)
neg, 0.1441628216429231, fire(srz246186714573)
neg, 0.1731163900378248, fire(srz24618676909)
neg, 0.1389301898143725, fire(srz24618676274)
neg, 0.2391150513662961, fire(srz24618676584)
neg, 0.12856775771316048, fire(srz24618671125)
neg, 0.12856775771316048, fire(srz246186710201)
neg, 0.12856775771316048, fire(srz246186713087)
neg, 0.12856775771316048, fire(srz24618679816)
neg, 0.12856775771316048, fire(srz246186712549)
neg, 0.1389301898143725, fire(srz246186716487)
neg, 0.1389301898143725, fire(srz24618677531)
neg, 0.1731163900378248, fire(srz24618677151)
neg, 0.12856775771316048, fire(srz24618676079)
neg, 0.1441628216429231, fire(srz246186715770)
neg, 0.1441628216429231, fire(srz246186715336)
neg, 0.1389301898143725, fire(srz24618675721)
neg, 0.12856775771316048, fire(srz24618673952)
neg, 0.1389301898143725, fire(srz246186716504)
neg, 0.1389301898143725, fire(srz24618672894)
neg, 0.2391150513662961, fire(srz24618674966)
neg, 0.12856775771316048, fire(srz24618679659)
neg, 0.2391150513662961, fire(srz24618674771)
neg, 0.1389301898143725, fire(srz24618671151)
neg, 0.12856775771316048, fire(srz246186715549)
neg, 0.1731163900378248, fire(srz246186714535)
neg, 0.12856775771316048, fire(srz24618672647)
neg, 0.12856775771316048, fire(srz246186717096)
neg, 0.21966688818925476, fire(srz246186711093)
neg, 0.1389301898143725, fire(srz2461867587)
neg, 0.1441628216429231, fire(srz24618679083)
neg, 0.1441628216429231, fire(srz246186715644)
neg, 0.12856775771316048, fire(srz246186714802)
neg, 0.1389301898143725, fire(srz24618676339)
neg, 0.12856775771316048, fire(srz246186713399)
neg, 0.12856775771316048, fire(srz24618672963)
neg, 0.1731163900378248, fire(srz246186714546)
neg, 0.1389301898143725, fire(srz24618673833)
neg, 0.1389301898143725, fire(srz246186711822)
neg, 0.1389301898143725, fire(srz24618679211)
neg, 0.1441628216429231, fire(srz24618678548)
neg, 0.1441628216429231, fire(srz246186711241)
neg, 0.12856775771316048, fire(srz246186715438)
neg, 0.1389301898143725, fire(srz246186712082)
neg, 0.12856775771316048, fire(srz246186714944)
neg, 0.12856775771316048, fire(srz24618678234)
neg, 0.1389301898143725, fire(srz24618676475)
neg, 0.1441628216429231, fire(srz246186712412)
neg, 0.20618099785178076, fire(srz24618675569)
neg, 0.12856775771316048, fire(srz2461867448)
neg, 0.1731163900378248, fire(srz24618674942)
neg, 0.1389301898143725, fire(srz246186714900)
neg, 0.1731163900378248, fire(srz24618675360)
neg, 0.1389301898143725, fire(srz24618671591)
neg, 0.12856775771316048, fire(srz24618671130)
neg, 0.12856775771316048, fire(srz246186713142)
neg, 0.2391150513662961, fire(srz246186712039)
neg, 0.12856775771316048, fire(srz2461867927)
neg, 0.12856775771316048, fire(srz246186714453)
neg, 0.1731163900378248, fire(srz24618677091)
neg, 0.1389301898143725, fire(srz24618679213)
neg, 0.1441628216429231, fire(srz246186710336)
neg, 0.21966688818925476, fire(srz24618679562)
neg, 0.1389301898143725, fire(srz246186710699)
neg, 0.1389301898143725, fire(srz24618674247)
neg, 0.21966688818925476, fire(srz24618677692)
neg, 0.12856775771316048, fire(srz246186715909)
neg, 0.15191897724039985, fire(srz24618678632)
neg, 0.12856775771316048, fire(srz246186715490)
neg, 0.1389301898143725, fire(srz246186716430)
neg, 0.12856775771316048, fire(srz2461867883)
neg, 0.1389301898143725, fire(srz24618671752)
neg, 0.1441628216429231, fire(srz24618675270)
neg, 0.1389301898143725, fire(srz24618672826)
neg, 0.1389301898143725, fire(srz2461867108)
neg, 0.1389301898143725, fire(srz246186711672)
neg, 0.1389301898143725, fire(srz2461867387)
neg, 0.12856775771316048, fire(srz246186717136)
neg, 0.12856775771316048, fire(srz2461867444)
neg, 0.12856775771316048, fire(srz24618672595)
neg, 0.12856775771316048, fire(srz2461867788)
neg, 0.1731163900378248, fire(srz246186715179)
neg, 0.1731163900378248, fire(srz24618673493)
neg, 0.1441628216429231, fire(srz246186710139)
neg, 0.12856775771316048, fire(srz246186714264)

