0.8048915951967136 1
0.8048915951967136 1
0.8048915951967136 1
0.8048915951967136 1
0.8048915951967136 1
0.8048915951967136 1
0.8048915951967136 1
0.8048915951967136 1
0.8048915951967136 1
0.8048915951967136 1
0.8048915951967136 1
0.8048915951967136 1
0.8048915951967136 1
0.8048915951967136 1
0.8048915951967136 1
0.8048915951967136 1
0.8048915951967136 1
0.8048915951967136 1
0.8048915951967136 1
0.8048915951967136 1
0.8048915951967136 1
0.8048915951967136 1
0.803927010817521 0
0.803927010817521 0
0.803927010817521 0
0.803927010817521 0
0.803927010817521 0
0.803927010817521 1
0.803927010817521 1
0.803927010817521 1
0.803927010817521 1
0.803927010817521 1
0.803927010817521 1
0.803927010817521 1
0.803927010817521 1
0.803927010817521 1
0.803927010817521 1
0.803927010817521 1
0.803927010817521 1
0.803927010817521 1
0.803927010817521 1
0.803927010817521 1
0.803927010817521 1
0.803927010817521 1
0.803927010817521 1
0.803927010817521 1
0.803927010817521 1
0.803927010817521 1
0.803927010817521 1
0.803927010817521 1
0.803927010817521 1
0.803927010817521 1
0.803927010817521 1
0.803927010817521 1
0.803927010817521 1
0.803927010817521 1
0.803927010817521 1
0.803927010817521 1
0.803927010817521 1
0.803927010817521 1
0.803927010817521 1
0.803927010817521 1
0.803927010817521 1
0.803927010817521 1
0.803927010817521 1
0.803927010817521 1
0.803927010817521 1
0.803927010817521 1
0.803927010817521 1
0.803927010817521 1
0.803927010817521 1
0.803927010817521 1
0.803927010817521 1
0.803927010817521 1
0.803927010817521 1
0.803927010817521 1
0.803927010817521 1
0.803927010817521 1
0.803927010817521 1
0.803927010817521 1
0.803927010817521 1
0.803927010817521 1
0.803927010817521 1
0.803927010817521 1
0.803927010817521 1
0.803927010817521 1
0.803927010817521 1
0.803927010817521 1
0.803927010817521 1
0.803927010817521 1
0.803927010817521 1
0.803927010817521 1
0.803927010817521 1
0.803927010817521 1
0.803927010817521 1
0.803927010817521 1
0.803927010817521 1
0.803927010817521 1
0.803927010817521 1
0.803927010817521 1
0.803927010817521 1
0.803927010817521 1
0.803927010817521 1
0.803927010817521 1
0.803927010817521 1
0.803927010817521 1
0.803927010817521 1
0.803927010817521 1
0.803927010817521 1
0.803927010817521 1
0.803927010817521 1
0.803927010817521 1
0.803927010817521 1
0.803927010817521 1
0.803927010817521 1
0.803927010817521 1
0.803927010817521 1
0.803927010817521 1
0.803927010817521 1
0.803927010817521 1
0.803927010817521 1
0.803927010817521 1
0.803927010817521 1
0.803927010817521 1
0.803927010817521 1
0.803927010817521 1
0.803927010817521 1
0.803927010817521 1
0.803927010817521 1
0.803927010817521 1
0.803927010817521 1
0.803927010817521 1
0.803927010817521 1
0.803927010817521 1
0.803927010817521 1
0.803927010817521 1
0.803927010817521 1
0.803927010817521 1
0.803927010817521 1
0.803927010817521 1
0.803927010817521 1
0.803927010817521 1
0.803927010817521 1
0.803927010817521 1
0.803927010817521 1
0.803927010817521 1
0.803927010817521 1
0.803927010817521 1
0.803927010817521 1
0.803927010817521 1
0.803927010817521 1
0.803927010817521 1
0.8008188757384851 0
0.8008188757384851 0
0.8008188757384851 0
0.8008188757384851 0
0.8008188757384851 0
0.8008188757384851 1
0.8008188757384851 1
0.8008188757384851 1
0.8008188757384851 1
0.8008188757384851 1
0.8008188757384851 1
0.8008188757384851 1
0.8008188757384851 1
0.8008188757384851 1
0.8008188757384851 1
0.8008188757384851 1
0.8008188757384851 1
0.8008188757384851 1
0.8008188757384851 1
0.8008188757384851 1
0.8008188757384851 1
0.8008188757384851 1
0.8008188757384851 1
0.8008188757384851 1
0.8008188757384851 1
0.8008188757384851 1
0.8008188757384851 1
0.8008188757384851 1
0.8008188757384851 1
0.8008188757384851 1
0.8008188757384851 1
0.8008188757384851 1
0.8008188757384851 1
0.8008188757384851 1
0.8008188757384851 1
0.8008188757384851 1
0.8008188757384851 1
0.8008188757384851 1
0.8008188757384851 1
0.8008188757384851 1
0.8008188757384851 1
0.8008188757384851 1
0.7902484005431871 0
0.7902484005431871 1
0.7902484005431871 1
0.7895239369179904 0
0.7895239369179904 0
0.7895239369179904 0
0.7895239369179904 0
0.7895239369179904 0
0.7895239369179904 0
0.7895239369179904 1
0.7895239369179904 1
0.7895239369179904 1
0.7895239369179904 1
0.7895239369179904 1
0.7895239369179904 1
0.7895239369179904 1
0.7895239369179904 1
0.7895239369179904 1
0.7895239369179904 1
0.7895239369179904 1
0.7895239369179904 1
0.7895239369179904 1
0.7895239369179904 1
0.7895239369179904 1
0.7895239369179904 1
0.7895239369179904 1
0.7895239369179904 1
0.7895239369179904 1
0.7895239369179904 1
0.7895239369179904 1
0.7895239369179904 1
0.7895239369179904 1
0.7895239369179904 1
0.7895239369179904 1
0.7895239369179904 1
0.7895239369179904 1
0.7895239369179904 1
0.7895239369179904 1
0.7895239369179904 1
0.7895239369179904 1
0.7895239369179904 1
0.7895239369179904 1
0.7895239369179904 1
0.7895239369179904 1
0.7895239369179904 1
0.7895239369179904 1
0.7895239369179904 1
0.7895239369179904 1
0.7895239369179904 1
0.7895239369179904 1
0.7895239369179904 1
0.7895239369179904 1
0.7895239369179904 1
0.7895239369179904 1
0.7895239369179904 1
0.7895239369179904 1
0.7895239369179904 1
0.7895239369179904 1
0.7895239369179904 1
0.7895239369179904 1
0.7895239369179904 1
0.7895239369179904 1
0.7895239369179904 1
0.7895239369179904 1
0.7895239369179904 1
0.7895239369179904 1
0.7895239369179904 1
0.7895239369179904 1
0.7895239369179904 1
0.7895239369179904 1
0.7895239369179904 1
0.7895239369179904 1
0.7895239369179904 1
0.7895239369179904 1
0.7895239369179904 1
0.7895239369179904 1
0.7895239369179904 1
0.7895239369179904 1
0.7895239369179904 1
0.7895239369179904 1
0.7895239369179904 1
0.7895239369179904 1
0.7895239369179904 1
0.7895239369179904 1
0.7895239369179904 1
0.7895239369179904 1
0.7895239369179904 1
0.7895239369179904 1
0.7895239369179904 1
0.7895239369179904 1
0.7895239369179904 1
0.7895239369179904 1
0.7895239369179904 1
0.7895239369179904 1
0.7895239369179904 1
0.7895239369179904 1
0.7895239369179904 1
0.7895239369179904 1
0.7895239369179904 1
0.7895239369179904 1
0.7895239369179904 1
0.7895239369179904 1
0.7895239369179904 1
0.7895239369179904 1
0.7895239369179904 1
0.7895239369179904 1
0.7895239369179904 1
0.7895239369179904 1
0.7895239369179904 1
0.7895239369179904 1
0.7895239369179904 1
0.7895239369179904 1
0.7895239369179904 1
0.7895239369179904 1
0.7895239369179904 1
0.7895239369179904 1
0.7895239369179904 1
0.7895239369179904 1
0.7895239369179904 1
0.7895239369179904 1
0.7895239369179904 1
0.7895239369179904 1
0.7895239369179904 1
0.7895239369179904 1
0.7895239369179904 1
0.7895239369179904 1
0.7895239369179904 1
0.7895239369179904 1
0.7895239369179904 1
0.7895239369179904 1
0.7895239369179904 1
0.7895239369179904 1
0.7895239369179904 1
0.7895239369179904 1
0.7895239369179904 1
0.7895239369179904 1
0.7895239369179904 1
0.7895239369179904 1
0.7895239369179904 1
0.7895239369179904 1
0.7895239369179904 1
0.7875369140800461 1
0.7875369140800461 1
0.7875369140800461 1
0.7875369140800461 1
0.7875369140800461 1
0.7875369140800461 1
0.7875369140800461 1
0.7875369140800461 1
0.7875369140800461 1
0.7875369140800461 1
0.7875369140800461 1
0.7875369140800461 1
0.7875369140800461 1
0.7875369140800461 1
0.7875369140800461 1
0.7875369140800461 1
0.7875369140800461 1
0.7875369140800461 1
0.7875369140800461 1
0.7875369140800461 1
0.7875369140800461 1
0.7875369140800461 1
0.7875369140800461 1
0.7852160322275945 0
0.7852160322275945 0
0.7852160322275945 0
0.7852160322275945 0
0.7852160322275945 0
0.7852160322275945 0
0.7852160322275945 0
0.7852160322275945 0
0.7852160322275945 0
0.7852160322275945 0
0.7852160322275945 0
0.7852160322275945 0
0.7852160322275945 0
0.7852160322275945 0
0.7852160322275945 0
0.7852160322275945 0
0.7852160322275945 0
0.7852160322275945 0
0.7852160322275945 0
0.7852160322275945 0
0.7852160322275945 0
0.7852160322275945 0
0.7852160322275945 0
0.7852160322275945 0
0.7852160322275945 0
0.7852160322275945 0
0.7852160322275945 0
0.7852160322275945 0
0.7852160322275945 0
0.7852160322275945 0
0.7852160322275945 0
0.7852160322275945 0
0.7852160322275945 0
0.7852160322275945 0
0.7852160322275945 0
0.7852160322275945 0
0.7852160322275945 0
0.7852160322275945 0
0.7852160322275945 0
0.7852160322275945 0
0.7852160322275945 1
0.7852160322275945 1
0.7852160322275945 1
0.7852160322275945 1
0.7852160322275945 1
0.7852160322275945 1
0.7852160322275945 1
0.7852160322275945 1
0.7852160322275945 1
0.7852160322275945 1
0.7852160322275945 1
0.7852160322275945 1
0.7852160322275945 1
0.7852160322275945 1
0.7852160322275945 1
0.7852160322275945 1
0.7852160322275945 1
0.7852160322275945 1
0.7852160322275945 1
0.7852160322275945 1
0.7852160322275945 1
0.7852160322275945 1
0.7852160322275945 1
0.7852160322275945 1
0.7852160322275945 1
0.7852160322275945 1
0.7852160322275945 1
0.7852160322275945 1
0.7852160322275945 1
0.7852160322275945 1
0.7852160322275945 1
0.7852160322275945 1
0.7852160322275945 1
0.7852160322275945 1
0.7852160322275945 1
0.7852160322275945 1
0.7852160322275945 1
0.7852160322275945 1
0.7852160322275945 1
0.7852160322275945 1
0.7852160322275945 1
0.7852160322275945 1
0.7852160322275945 1
0.7852160322275945 1
0.7852160322275945 1
0.7852160322275945 1
0.7852160322275945 1
0.7852160322275945 1
0.7852160322275945 1
0.7842136365228941 0
0.7842136365228941 0
0.7842136365228941 0
0.7842136365228941 0
0.7842136365228941 0
0.7842136365228941 0
0.7842136365228941 0
0.7842136365228941 0
0.7842136365228941 0
0.7842136365228941 0
0.7842136365228941 0
0.7842136365228941 0
0.7842136365228941 0
0.7842136365228941 0
0.7842136365228941 0
0.7842136365228941 0
0.7842136365228941 1
0.7842136365228941 1
0.7842136365228941 1
0.7842136365228941 1
0.7842136365228941 1
0.7842136365228941 1
0.7842136365228941 1
0.7842136365228941 1
0.7842136365228941 1
0.7842136365228941 1
0.7842136365228941 1
0.7842136365228941 1
0.7842136365228941 1
0.7842136365228941 1
0.7842136365228941 1
0.7842136365228941 1
0.7842136365228941 1
0.7842136365228941 1
0.7842136365228941 1
0.7842136365228941 1
0.7842136365228941 1
0.7842136365228941 1
0.7842136365228941 1
0.7842136365228941 1
0.7842136365228941 1
0.7842136365228941 1
0.7842136365228941 1
0.7842136365228941 1
0.7842136365228941 1
0.7842136365228941 1
0.7842136365228941 1
0.7842136365228941 1
0.7842136365228941 1
0.7842136365228941 1
0.7842136365228941 1
0.7842136365228941 1
0.7842136365228941 1
0.7842136365228941 1
0.7842136365228941 1
0.7842136365228941 1
0.7837699606473469 0
0.7837699606473469 0
0.7837699606473469 0
0.7837699606473469 0
0.7837699606473469 1
0.7837699606473469 1
0.7837699606473469 1
0.7837699606473469 1
0.7837699606473469 1
0.7837699606473469 1
0.7837699606473469 1
0.7837699606473469 1
0.7837699606473469 1
0.7837699606473469 1
0.7837699606473469 1
0.7837699606473469 1
0.7837699606473469 1
0.7837699606473469 1
0.7837699606473469 1
0.7837699606473469 1
0.7837699606473469 1
0.7837699606473469 1
0.7837699606473469 1
0.7837699606473469 1
0.7837699606473469 1
0.7837699606473469 1
0.7837699606473469 1
0.7837699606473469 1
0.7837699606473469 1
0.7837699606473469 1
0.7837699606473469 1
0.7837699606473469 1
0.7837699606473469 1
0.7837699606473469 1
0.7837699606473469 1
0.7837699606473469 1
0.7837699606473469 1
0.7819257181442598 0
0.7819257181442598 0
0.7819257181442598 0
0.7819257181442598 0
0.7819257181442598 1
0.7819257181442598 1
0.7819257181442598 1
0.7819257181442598 1
0.7819257181442598 1
0.7819257181442598 1
0.7819257181442598 1
0.7819257181442598 1
0.7819257181442598 1
0.7819257181442598 1
0.7819257181442598 1
0.7819257181442598 1
0.7819257181442598 1
0.7819257181442598 1
0.7819257181442598 1
0.7819257181442598 1
0.7819257181442598 1
0.7819257181442598 1
0.7819257181442598 1
0.7819257181442598 1
0.7819257181442598 1
0.7819257181442598 1
0.7819257181442598 1
0.7819257181442598 1
0.7819257181442598 1
0.7819257181442598 1
0.7819257181442598 1
0.7819257181442598 1
0.7819257181442598 1
0.7819257181442598 1
0.7819257181442598 1
0.7819257181442598 1
0.7819257181442598 1
0.7819257181442598 1
0.7819257181442598 1
0.7819257181442598 1
0.7819257181442598 1
0.7819257181442598 1
0.7819257181442598 1
0.7819257181442598 1
0.7819257181442598 1
0.7819257181442598 1
0.7819257181442598 1
0.7819257181442598 1
0.7819257181442598 1
0.7819257181442598 1
0.7819257181442598 1
0.7819257181442598 1
0.7819257181442598 1
0.7819257181442598 1
0.7819257181442598 1
0.7798273532380351 0
0.7798273532380351 0
0.7798273532380351 0
0.7798273532380351 0
0.7798273532380351 0
0.7798273532380351 0
0.7798273532380351 0
0.7798273532380351 0
0.7798273532380351 0
0.7798273532380351 0
0.7798273532380351 0
0.7798273532380351 0
0.7798273532380351 0
0.7798273532380351 0
0.7798273532380351 0
0.7798273532380351 0
0.7798273532380351 0
0.7798273532380351 0
0.7798273532380351 1
0.7798273532380351 1
0.7798273532380351 1
0.7798273532380351 1
0.7798273532380351 1
0.7798273532380351 1
0.7798273532380351 1
0.7798273532380351 1
0.7798273532380351 1
0.7798273532380351 1
0.7798273532380351 1
0.7798273532380351 1
0.7798273532380351 1
0.7798273532380351 1
0.7798273532380351 1
0.7798273532380351 1
0.7798273532380351 1
0.7798273532380351 1
0.7798273532380351 1
0.7798273532380351 1
0.7798273532380351 1
0.7798273532380351 1
0.7798273532380351 1
0.7798273532380351 1
0.7798273532380351 1
0.7798273532380351 1
0.7798273532380351 1
0.7798273532380351 1
0.7798273532380351 1
0.7798273532380351 1
0.7798273532380351 1
0.7798273532380351 1
0.7798273532380351 1
0.7798273532380351 1
0.7798273532380351 1
0.7798273532380351 1
0.7798273532380351 1
0.7798273532380351 1
0.7798273532380351 1
0.7798273532380351 1
0.7798273532380351 1
0.7798273532380351 1
0.7798273532380351 1
0.7798273532380351 1
0.7798273532380351 1
0.7798273532380351 1
0.7798273532380351 1
0.7798273532380351 1
0.7798273532380351 1
0.7798273532380351 1
0.7798273532380351 1
0.7798273532380351 1
0.7798273532380351 1
0.7798273532380351 1
0.7798273532380351 1
0.7798273532380351 1
0.7798273532380351 1
0.7798273532380351 1
0.7798273532380351 1
0.7798273532380351 1
0.7798273532380351 1
0.7798273532380351 1
0.7798273532380351 1
0.7798273532380351 1
0.7798273532380351 1
0.7798273532380351 1
0.7798273532380351 1
0.7798273532380351 1
0.7798273532380351 1
0.7798273532380351 1
0.777701479829915 1
0.777701479829915 1
0.777701479829915 1
0.777701479829915 1
0.777701479829915 1
0.777701479829915 1
0.777701479829915 1
0.777701479829915 1
0.777701479829915 1
0.777701479829915 1
0.777701479829915 1
0.7751215946119004 0
0.7751215946119004 0
0.7751215946119004 0
0.7751215946119004 1
0.7751215946119004 1
0.7751215946119004 1
0.7751215946119004 1
0.7751215946119004 1
0.7751215946119004 1
0.7751215946119004 1
0.7751215946119004 1
0.7751215946119004 1
0.7751215946119004 1
0.7751215946119004 1
0.7751215946119004 1
0.7751215946119004 1
0.7751215946119004 1
0.7751215946119004 1
0.7751215946119004 1
0.7751215946119004 1
0.7751215946119004 1
0.7751215946119004 1
0.7751215946119004 1
0.7751215946119004 1
0.7745286097705507 1
0.7745286097705507 1
0.7745286097705507 1
0.7745286097705507 1
0.7745286097705507 1
0.7745286097705507 1
0.7745286097705507 1
0.7745286097705507 1
0.7745286097705507 1
0.7745286097705507 1
0.7745286097705507 1
0.7745286097705507 1
0.7745286097705507 1
0.7745286097705507 1
0.7745286097705507 1
0.7745286097705507 1
0.7745286097705507 1
0.7745286097705507 1
0.7745286097705507 1
0.7745286097705507 1
0.7745286097705507 1
0.7745286097705507 1
0.7745286097705507 1
0.7745286097705507 1
0.7745286097705507 1
0.7745286097705507 1
0.7745286097705507 1
0.7745286097705507 1
0.7745286097705507 1
0.7745286097705507 1
0.7745286097705507 1
0.7745286097705507 1
0.7706045587024882 0
0.7706045587024882 0
0.7706045587024882 0
0.7706045587024882 1
0.7706045587024882 1
0.7706045587024882 1
0.7706045587024882 1
0.7706045587024882 1
0.7706045587024882 1
0.7706045587024882 1
0.7706045587024882 1
0.7706045587024882 1
0.7706045587024882 1
0.7682985766719118 0
0.7682985766719118 1
0.7682985766719118 1
0.7682985766719118 1
0.7682985766719118 1
0.7682985766719118 1
0.7682985766719118 1
0.7682985766719118 1
0.7682985766719118 1
0.7682985766719118 1
0.7682985766719118 1
0.7672197988396933 0
0.7672197988396933 0
0.7672197988396933 0
0.7672197988396933 0
0.7672197988396933 0
0.7672197988396933 0
0.7672197988396933 0
0.7672197988396933 0
0.7672197988396933 0
0.7672197988396933 0
0.7672197988396933 0
0.7672197988396933 1
0.7672197988396933 1
0.7672197988396933 1
0.7672197988396933 1
0.7672197988396933 1
0.7672197988396933 1
0.7672197988396933 1
0.7672197988396933 1
0.7672197988396933 1
0.7672197988396933 1
0.7672197988396933 1
0.7672197988396933 1
0.7672197988396933 1
0.7672197988396933 1
0.7672197988396933 1
0.7672197988396933 1
0.7672197988396933 1
0.7672197988396933 1
0.7672197988396933 1
0.7672197988396933 1
0.7672197988396933 1
0.7672197988396933 1
0.7672197988396933 1
0.7672197988396933 1
0.7672197988396933 1
0.7672197988396933 1
0.7672197988396933 1
0.7672197988396933 1
0.7672197988396933 1
0.7672197988396933 1
0.7672197988396933 1
0.7672197988396933 1
0.7672197988396933 1
0.7672197988396933 1
0.7672197988396933 1
0.7672197988396933 1
0.7672197988396933 1
0.7672197988396933 1
0.7672197988396933 1
0.7672197988396933 1
0.7672197988396933 1
0.7672197988396933 1
0.7672197988396933 1
0.7672197988396933 1
0.7672197988396933 1
0.7672197988396933 1
0.7672197988396933 1
0.7672197988396933 1
0.7672197988396933 1
0.7672197988396933 1
0.7672197988396933 1
0.7672197988396933 1
0.7672197988396933 1
0.7672197988396933 1
0.7672197988396933 1
0.7672197988396933 1
0.7672197988396933 1
0.7672197988396933 1
0.7672197988396933 1
0.7672197988396933 1
0.7672197988396933 1
0.7672197988396933 1
0.7672197988396933 1
0.7672197988396933 1
0.7672197988396933 1
0.7672197988396933 1
0.7672197988396933 1
0.7672197988396933 1
0.7672197988396933 1
0.7672197988396933 1
0.7672197988396933 1
0.7672197988396933 1
0.7672197988396933 1
0.7672197988396933 1
0.7672197988396933 1
0.7672197988396933 1
0.7672197988396933 1
0.7672197988396933 1
0.7672197988396933 1
0.7672197988396933 1
0.7672197988396933 1
0.7672197988396933 1
0.7672197988396933 1
0.7672197988396933 1
0.7672197988396933 1
0.7672197988396933 1
0.7672197988396933 1
0.7672197988396933 1
0.7672197988396933 1
0.7672197988396933 1
0.7672197988396933 1
0.7672197988396933 1
0.7672197988396933 1
0.7672197988396933 1
0.7672197988396933 1
0.7672197988396933 1
0.7672197988396933 1
0.7672197988396933 1
0.7672197988396933 1
0.7672197988396933 1
0.7672197988396933 1
0.7672197988396933 1
0.7672197988396933 1
0.7672197988396933 1
0.7672197988396933 1
0.7672197988396933 1
0.7672197988396933 1
0.7672197988396933 1
0.7672197988396933 1
0.7672197988396933 1
0.7672197988396933 1
0.7672197988396933 1
0.7672197988396933 1
0.7672197988396933 1
0.7672197988396933 1
0.7672197988396933 1
0.7672197988396933 1
0.7672197988396933 1
0.7672197988396933 1
0.7672197988396933 1
0.7672197988396933 1
0.7672197988396933 1
0.7672197988396933 1
0.7672197988396933 1
0.7672197988396933 1
0.7672197988396933 1
0.7672197988396933 1
0.7672197988396933 1
0.7672197988396933 1
0.7672197988396933 1
0.7672197988396933 1
0.7672197988396933 1
0.7672197988396933 1
0.7672197988396933 1
0.765276672601637 0
0.765276672601637 0
0.765276672601637 0
0.765276672601637 0
0.765276672601637 0
0.765276672601637 0
0.765276672601637 0
0.765276672601637 0
0.765276672601637 0
0.765276672601637 0
0.765276672601637 0
0.765276672601637 0
0.765276672601637 0
0.765276672601637 0
0.765276672601637 0
0.765276672601637 0
0.765276672601637 0
0.765276672601637 0
0.765276672601637 0
0.765276672601637 0
0.765276672601637 0
0.765276672601637 0
0.765276672601637 1
0.765276672601637 1
0.765276672601637 1
0.765276672601637 1
0.765276672601637 1
0.765276672601637 1
0.765276672601637 1
0.765276672601637 1
0.765276672601637 1
0.765276672601637 1
0.765276672601637 1
0.765276672601637 1
0.765276672601637 1
0.765276672601637 1
0.765276672601637 1
0.765276672601637 1
0.765276672601637 1
0.765276672601637 1
0.765276672601637 1
0.765276672601637 1
0.765276672601637 1
0.765276672601637 1
0.765276672601637 1
0.765276672601637 1
0.765276672601637 1
0.765276672601637 1
0.765276672601637 1
0.765276672601637 1
0.765276672601637 1
0.765276672601637 1
0.765276672601637 1
0.765276672601637 1
0.765276672601637 1
0.765276672601637 1
0.765276672601637 1
0.765276672601637 1
0.765276672601637 1
0.765276672601637 1
0.7637367487111363 0
0.7637367487111363 0
0.7637367487111363 0
0.7637367487111363 1
0.7637367487111363 1
0.7637367487111363 1
0.7637367487111363 1
0.7637367487111363 1
0.7637367487111363 1
0.7637367487111363 1
0.7637367487111363 1
0.7637367487111363 1
0.7637367487111363 1
0.7637367487111363 1
0.7637367487111363 1
0.7637367487111363 1
0.7637367487111363 1
0.7637367487111363 1
0.7637367487111363 1
0.7637367487111363 1
0.7637367487111363 1
0.7637367487111363 1
0.7637367487111363 1
0.7637367487111363 1
0.7637367487111363 1
0.7637367487111363 1
0.7637367487111363 1
0.7637367487111363 1
0.7637367487111363 1
0.7637367487111363 1
0.7637367487111363 1
0.7637367487111363 1
0.7637367487111363 1
0.7630329054273515 1
0.7630329054273515 1
0.7630329054273515 1
0.7630329054273515 1
0.7630329054273515 1
0.7630329054273515 1
0.7629200092320509 0
0.7615167448363896 0
0.7615167448363896 0
0.7615167448363896 0
0.7615167448363896 0
0.7615167448363896 0
0.7615167448363896 0
0.7615167448363896 0
0.7615167448363896 0
0.7615167448363896 0
0.7615167448363896 1
0.7615167448363896 1
0.7615167448363896 1
0.7615167448363896 1
0.7615167448363896 1
0.7615167448363896 1
0.7615167448363896 1
0.7615167448363896 1
0.7615167448363896 1
0.7615167448363896 1
0.7615167448363896 1
0.7615167448363896 1
0.7615167448363896 1
0.7615167448363896 1
0.7615167448363896 1
0.7615167448363896 1
0.7615167448363896 1
0.7615167448363896 1
0.7615167448363896 1
0.7615167448363896 1
0.7615167448363896 1
0.7615167448363896 1
0.7615167448363896 1
0.7615167448363896 1
0.7615167448363896 1
0.7615167448363896 1
0.7615167448363896 1
0.7615167448363896 1
0.7615167448363896 1
0.7615167448363896 1
0.7615167448363896 1
0.7615167448363896 1
0.7615167448363896 1
0.7615167448363896 1
0.7615167448363896 1
0.7615167448363896 1
0.7615167448363896 1
0.7615167448363896 1
0.7615167448363896 1
0.7615167448363896 1
0.7615167448363896 1
0.7615167448363896 1
0.7615167448363896 1
0.7615167448363896 1
0.7615167448363896 1
0.7615167448363896 1
0.7615167448363896 1
0.7615167448363896 1
0.7615167448363896 1
0.7615167448363896 1
0.7615167448363896 1
0.7615167448363896 1
0.7615167448363896 1
0.7615167448363896 1
0.7615167448363896 1
0.7615167448363896 1
0.7615167448363896 1
0.7615167448363896 1
0.7595409330291849 0
0.7595409330291849 0
0.7595409330291849 0
0.7595409330291849 0
0.7595409330291849 1
0.7595409330291849 1
0.7595409330291849 1
0.7595409330291849 1
0.7595409330291849 1
0.7595409330291849 1
0.7595409330291849 1
0.7595409330291849 1
0.7595409330291849 1
0.7595409330291849 1
0.7595409330291849 1
0.7595409330291849 1
0.7595409330291849 1
0.7595409330291849 1
0.7588083484938352 0
0.7588083484938352 1
0.7586144156440005 1
0.7586144156440005 1
0.7586144156440005 1
0.7586144156440005 1
0.7586144156440005 1
0.7586144156440005 1
0.7586144156440005 1
0.7586144156440005 1
0.7584035000100059 0
0.7554665157206797 1
0.7554665157206797 1
0.7554665157206797 1
0.7554665157206797 1
0.7544528337902658 1
0.7544528337902658 1
0.7544528337902658 1
0.7544528337902658 1
0.7544528337902658 1
0.7544528337902658 1
0.7544528337902658 1
0.7544528337902658 1
0.7544528337902658 1
0.7544528337902658 1
0.7544528337902658 1
0.7544528337902658 1
0.7544528337902658 1
0.7544528337902658 1
0.7544528337902658 1
0.7544528337902658 1
0.7544528337902658 1
0.7544528337902658 1
0.7544528337902658 1
0.7544528337902658 1
0.7544528337902658 1
0.7544528337902658 1
0.7544528337902658 1
0.7544528337902658 1
0.7544528337902658 1
0.7538710933193211 0
0.7538710933193211 1
0.7538710933193211 1
0.7538710933193211 1
0.7534431297335472 1
0.7520659224229643 1
0.7520659224229643 1
0.7517710881806745 0
0.7517710881806745 0
0.7517710881806745 1
0.7517710881806745 1
0.7517710881806745 1
0.7517710881806745 1
0.7517710881806745 1
0.7517710881806745 1
0.7517710881806745 1
0.7517710881806745 1
0.7517710881806745 1
0.7517710881806745 1
0.7517710881806745 1
0.7517710881806745 1
0.7517710881806745 1
0.7517710881806745 1
0.7517710881806745 1
0.7517710881806745 1
0.7517710881806745 1
0.7514551141458728 0
0.7514551141458728 0
0.7497410688840771 1
0.7497410688840771 1
0.7497410688840771 1
0.7497410688840771 1
0.7497410688840771 1
0.7497410688840771 1
0.7497410688840771 1
0.7497410688840771 1
0.7497410688840771 1
0.7497410688840771 1
0.7497410688840771 1
0.7497410688840771 1
0.748068436293697 1
0.748068436293697 1
0.748068436293697 1
0.748068436293697 1
0.748068436293697 1
0.748068436293697 1
0.748068436293697 1
0.748068436293697 1
0.748068436293697 1
0.748068436293697 1
0.748068436293697 1
0.748068436293697 1
0.748068436293697 1
0.748068436293697 1
0.748068436293697 1
0.748068436293697 1
0.7461498743354438 0
0.7461498743354438 0
0.7461498743354438 0
0.7461498743354438 0
0.7461498743354438 0
0.7461498743354438 0
0.7461498743354438 0
0.7461498743354438 0
0.7461498743354438 0
0.7461498743354438 0
0.7461498743354438 0
0.7461498743354438 1
0.7461498743354438 1
0.7461498743354438 1
0.7461498743354438 1
0.7461498743354438 1
0.7461498743354438 1
0.7461498743354438 1
0.7461498743354438 1
0.7461498743354438 1
0.7461498743354438 1
0.7461498743354438 1
0.7461498743354438 1
0.7461498743354438 1
0.7461498743354438 1
0.7461498743354438 1
0.7461498743354438 1
0.7461498743354438 1
0.7461498743354438 1
0.7461498743354438 1
0.7461498743354438 1
0.7461498743354438 1
0.7461498743354438 1
0.7461498743354438 1
0.7461498743354438 1
0.7461498743354438 1
0.7461498743354438 1
0.7461498743354438 1
0.7461498743354438 1
0.7461498743354438 1
0.7461498743354438 1
0.7461498743354438 1
0.7461498743354438 1
0.7461498743354438 1
0.7461498743354438 1
0.7461498743354438 1
0.7461498743354438 1
0.7461498743354438 1
0.7450295251517356 1
0.744394042104659 1
0.744394042104659 1
0.744394042104659 1
0.744394042104659 1
0.744394042104659 1
0.744394042104659 1
0.744394042104659 1
0.744394042104659 1
0.744394042104659 1
0.744394042104659 1
0.744394042104659 1
0.744394042104659 1
0.7433527519815349 1
0.7433527519815349 1
0.7433527519815349 1
0.7433527519815349 1
0.7433527519815349 1
0.7433527519815349 1
0.7433527519815349 1
0.7433527519815349 1
0.7433527519815349 1
0.7433527519815349 1
0.7433527519815349 1
0.7433527519815349 1
0.7433527519815349 1
0.7433527519815349 1
0.7433527519815349 1
0.7433527519815349 1
0.7433527519815349 1
0.7433527519815349 1
0.7433527519815349 1
0.7433527519815349 1
0.7433527519815349 1
0.7433527519815349 1
0.7413113108040326 1
0.7401054772363 1
0.7401054772363 1
0.7401054772363 1
0.7401054772363 1
0.7401054772363 1
0.7401054772363 1
0.7401054772363 1
0.7401054772363 1
0.7401054772363 1
0.7401054772363 1
0.7401054772363 1
0.7401054772363 1
0.7401054772363 1
0.7401054772363 1
0.7401054772363 1
0.7401054772363 1
0.7378346349328941 1
0.7378346349328941 1
0.7378346349328941 1
0.7378346349328941 1
0.7378346349328941 1
0.7378346349328941 1
0.7378346349328941 1
0.7378346349328941 1
0.7378346349328941 1
0.7376017065885143 1
0.7376017065885143 1
0.7376017065885143 1
0.7376017065885143 1
0.7376017065885143 1
0.7376017065885143 1
0.7376017065885143 1
0.7376017065885143 1
0.7364368625736879 1
0.7364368625736879 1
0.7364368625736879 1
0.7364368625736879 1
0.7364368625736879 1
0.7364368625736879 1
0.7364368625736879 1
0.7364368625736879 1
0.7364368625736879 1
0.7364368625736879 1
0.7364368625736879 1
0.7364368625736879 1
0.7364368625736879 1
0.7364368625736879 1
0.7364368625736879 1
0.7364368625736879 1
0.7364368625736879 1
0.7364368625736879 1
0.7364368625736879 1
0.7364368625736879 1
0.7364368625736879 1
0.7364368625736879 1
0.7364368625736879 1
0.7351727150409926 0
0.7351727150409926 0
0.7351727150409926 0
0.7351727150409926 0
0.7351727150409926 0
0.7351727150409926 0
0.7351727150409926 0
0.7351727150409926 0
0.7351727150409926 0
0.7351727150409926 0
0.7351727150409926 0
0.7351727150409926 0
0.7351727150409926 0
0.7351727150409926 0
0.7351727150409926 1
0.7351727150409926 1
0.7351727150409926 1
0.7351727150409926 1
0.7351727150409926 1
0.7351727150409926 1
0.7351727150409926 1
0.7351727150409926 1
0.7351727150409926 1
0.7351727150409926 1
0.7351727150409926 1
0.7351727150409926 1
0.7351727150409926 1
0.7351727150409926 1
0.7351727150409926 1
0.7351727150409926 1
0.7351727150409926 1
0.7351727150409926 1
0.7351727150409926 1
0.7351727150409926 1
0.7351727150409926 1
0.7351727150409926 1
0.7351727150409926 1
0.7351727150409926 1
0.7351727150409926 1
0.7351727150409926 1
0.7351727150409926 1
0.7351727150409926 1
0.7351727150409926 1
0.7351727150409926 1
0.7351727150409926 1
0.7351727150409926 1
0.7351727150409926 1
0.7351727150409926 1
0.7351727150409926 1
0.7351727150409926 1
0.7351727150409926 1
0.7351727150409926 1
0.7351727150409926 1
0.7351727150409926 1
0.7351727150409926 1
0.7351727150409926 1
0.7351727150409926 1
0.7351727150409926 1
0.7351727150409926 1
0.7351727150409926 1
0.7351727150409926 1
0.7351727150409926 1
0.7351727150409926 1
0.7351727150409926 1
0.7351727150409926 1
0.7351727150409926 1
0.7351727150409926 1
0.7351727150409926 1
0.7351727150409926 1
0.7351727150409926 1
0.7351727150409926 1
0.7351727150409926 1
0.7351727150409926 1
0.7351727150409926 1
0.7351727150409926 1
0.7351727150409926 1
0.7351727150409926 1
0.7351727150409926 1
0.7351727150409926 1
0.7351727150409926 1
0.7351727150409926 1
0.7351727150409926 1
0.7351727150409926 1
0.7351727150409926 1
0.7351727150409926 1
0.7351727150409926 1
0.7351727150409926 1
0.7351727150409926 1
0.7351727150409926 1
0.7351727150409926 1
0.7351727150409926 1
0.7351727150409926 1
0.7351727150409926 1
0.7351727150409926 1
0.7351727150409926 1
0.7351727150409926 1
0.7351727150409926 1
0.7351727150409926 1
0.7351727150409926 1
0.7351727150409926 1
0.7351727150409926 1
0.7351727150409926 1
0.7351727150409926 1
0.7351727150409926 1
0.7351727150409926 1
0.7351727150409926 1
0.7351727150409926 1
0.7351727150409926 1
0.7351727150409926 1
0.7351727150409926 1
0.7351727150409926 1
0.7351727150409926 1
0.7351727150409926 1
0.7351727150409926 1
0.7347160557050715 0
0.7347160557050715 0
0.7347160557050715 1
0.7347160557050715 1
0.7347160557050715 1
0.7347160557050715 1
0.7347160557050715 1
0.7347160557050715 1
0.7347160557050715 1
0.7347160557050715 1
0.7347160557050715 1
0.7347160557050715 1
0.7347160557050715 1
0.7347160557050715 1
0.7347160557050715 1
0.7347160557050715 1
0.7347160557050715 1
0.7341534718783193 0
0.7341534718783193 1
0.7341534718783193 1
0.7341534718783193 1
0.7341534718783193 1
0.7341534718783193 1
0.7341534718783193 1
0.7341534718783193 1
0.7341534718783193 1
0.7340640429295359 1
0.7339129727966025 0
0.7339129727966025 0
0.7339129727966025 0
0.7339129727966025 0
0.7339129727966025 1
0.7339129727966025 1
0.7339129727966025 1
0.7339129727966025 1
0.7339129727966025 1
0.7339129727966025 1
0.7339129727966025 1
0.7339129727966025 1
0.7339129727966025 1
0.7339129727966025 1
0.7339129727966025 1
0.7339129727966025 1
0.7339129727966025 1
0.7325910248800555 0
0.7325910248800555 1
0.7325910248800555 1
0.7325910248800555 1
0.7325910248800555 1
0.7325910248800555 1
0.7324045532975066 0
0.7324045532975066 1
0.7324045532975066 1
0.7324045532975066 1
0.7324045532975066 1
0.7323337098472356 0
0.7323337098472356 0
0.7323337098472356 1
0.7323337098472356 1
0.7323337098472356 1
0.7323337098472356 1
0.7323337098472356 1
0.7323337098472356 1
0.7323337098472356 1
0.7323337098472356 1
0.7323337098472356 1
0.7323337098472356 1
0.7323337098472356 1
0.7323337098472356 1
0.7323337098472356 1
0.7323337098472356 1
0.7323337098472356 1
0.7323337098472356 1
0.7323337098472356 1
0.7320149542209442 0
0.7320149542209442 0
0.7320149542209442 1
0.7320149542209442 1
0.7320149542209442 1
0.7320149542209442 1
0.7317890139947434 1
0.7301068733084807 1
0.7301068733084807 1
0.7301068733084807 1
0.7301068733084807 1
0.7301068733084807 1
0.7301068733084807 1
0.7301068733084807 1
0.7301068733084807 1
0.7301068733084807 1
0.7301068733084807 1
0.7301068733084807 1
0.7297953080891407 0
0.7297953080891407 0
0.7297953080891407 0
0.7297953080891407 1
0.7297953080891407 1
0.7297953080891407 1
0.7297953080891407 1
0.7297953080891407 1
0.7297953080891407 1
0.7276835437634716 1
0.7276835437634716 1
0.7276835437634716 1
0.7276835437634716 1
0.7276835437634716 1
0.7276835437634716 1
0.7273313154671982 1
0.7273313154671982 1
0.7273313154671982 1
0.7273313154671982 1
0.7273313154671982 1
0.7273313154671982 1
0.7273313154671982 1
0.7273313154671982 1
0.7273313154671982 1
0.7273313154671982 1
0.7273313154671982 1
0.7246079178031447 0
0.7246079178031447 0
0.7246079178031447 1
0.7246079178031447 1
0.7246079178031447 1
0.7246079178031447 1
0.7246079178031447 1
0.7246079178031447 1
0.7246079178031447 1
0.7246079178031447 1
0.7246079178031447 1
0.7246079178031447 1
0.7246079178031447 1
0.7246079178031447 1
0.7246079178031447 1
0.7246079178031447 1
0.7246079178031447 1
0.7246079178031447 1
0.7246079178031447 1
0.7246079178031447 1
0.7246079178031447 1
0.7246079178031447 1
0.7246079178031447 1
0.7246079178031447 1
0.7246079178031447 1
0.7246079178031447 1
0.7246079178031447 1
0.7246079178031447 1
0.7246079178031447 1
0.7246079178031447 1
0.7246079178031447 1
0.7217566873057523 0
0.7217566873057523 0
0.7217566873057523 0
0.7217566873057523 0
0.7217566873057523 0
0.7217566873057523 0
0.7217566873057523 0
0.7217566873057523 1
0.7217566873057523 1
0.7217566873057523 1
0.7217566873057523 1
0.7217566873057523 1
0.7217566873057523 1
0.7217566873057523 1
0.7217566873057523 1
0.7217566873057523 1
0.7217566873057523 1
0.7217566873057523 1
0.7217566873057523 1
0.7217566873057523 1
0.7217566873057523 1
0.7217566873057523 1
0.7217566873057523 1
0.7217566873057523 1
0.7217566873057523 1
0.7217566873057523 1
0.7217566873057523 1
0.7217566873057523 1
0.7217566873057523 1
0.7217566873057523 1
0.7217566873057523 1
0.7217566873057523 1
0.7217566873057523 1
0.7217566873057523 1
0.7217566873057523 1
0.7217566873057523 1
0.7217566873057523 1
0.719061310358532 0
0.719061310358532 0
0.719061310358532 0
0.719061310358532 0
0.719061310358532 0
0.719061310358532 0
0.719061310358532 0
0.719061310358532 0
0.719061310358532 0
0.719061310358532 0
0.719061310358532 0
0.719061310358532 0
0.719061310358532 0
0.719061310358532 0
0.719061310358532 1
0.719061310358532 1
0.719061310358532 1
0.719061310358532 1
0.719061310358532 1
0.719061310358532 1
0.719061310358532 1
0.719061310358532 1
0.719061310358532 1
0.719061310358532 1
0.719061310358532 1
0.719061310358532 1
0.719061310358532 1
0.719061310358532 1
0.719061310358532 1
0.719061310358532 1
0.719061310358532 1
0.719061310358532 1
0.719061310358532 1
0.719061310358532 1
0.719061310358532 1
0.719061310358532 1
0.719061310358532 1
0.719061310358532 1
0.719061310358532 1
0.719061310358532 1
0.719061310358532 1
0.719061310358532 1
0.719061310358532 1
0.719061310358532 1
0.719061310358532 1
0.719061310358532 1
0.719061310358532 1
0.719061310358532 1
0.719061310358532 1
0.719061310358532 1
0.719061310358532 1
0.719061310358532 1
0.719061310358532 1
0.719061310358532 1
0.719061310358532 1
0.7178876839820563 1
0.7178876839820563 1
0.7178876839820563 1
0.7178876839820563 1
0.7178876839820563 1
0.7178876839820563 1
0.7178876839820563 1
0.7178876839820563 1
0.7178876839820563 1
0.7178876839820563 1
0.7178876839820563 1
0.7178876839820563 1
0.7178876839820563 1
0.7178876839820563 1
0.7178876839820563 1
0.7178876839820563 1
0.7178876839820563 1
0.7178876839820563 1
0.7178876839820563 1
0.7178876839820563 1
0.7178876839820563 1
0.7178876839820563 1
0.7178876839820563 1
0.7178876839820563 1
0.7178876839820563 1
0.7178876839820563 1
0.7178876839820563 1
0.7178876839820563 1
0.7178876839820563 1
0.7178876839820563 1
0.7178876839820563 1
0.7178876839820563 1
0.7178876839820563 1
0.7178876839820563 1
0.7178876839820563 1
0.7178876839820563 1
0.7178876839820563 1
0.7178876839820563 1
0.7178876839820563 1
0.7178876839820563 1
0.7178876839820563 1
0.7178876839820563 1
0.7178876839820563 1
0.7178876839820563 1
0.7178876839820563 1
0.7178876839820563 1
0.7170689735314072 0
0.7170689735314072 0
0.7170689735314072 0
0.7170689735314072 1
0.7170689735314072 1
0.7170689735314072 1
0.7170689735314072 1
0.7170689735314072 1
0.7170689735314072 1
0.7170689735314072 1
0.7170689735314072 1
0.7136206808943512 0
0.7136206808943512 1
0.7136206808943512 1
0.7136206808943512 1
0.7136206808943512 1
0.7124527796120208 0
0.7124527796120208 0
0.7124527796120208 0
0.7120694781300793 1
0.7120694781300793 1
0.7120694781300793 1
0.7120694781300793 1
0.7120694781300793 1
0.7120694781300793 1
0.7120694781300793 1
0.7120694781300793 1
0.7120694781300793 1
0.7120694781300793 1
0.7120694781300793 1
0.7120694781300793 1
0.7120694781300793 1
0.7120694781300793 1
0.7120694781300793 1
0.7120694781300793 1
0.7119654389958591 0
0.7118038129549877 0
0.7118038129549877 1
0.7118038129549877 1
0.7118038129549877 1
0.7112845677512727 1
0.7112845677512727 1
0.7112845677512727 1
0.7112845677512727 1
0.7112845677512727 1
0.7112845677512727 1
0.7112845677512727 1
0.7112845677512727 1
0.7112845677512727 1
0.7112845677512727 1
0.7110833556569356 0
0.7110833556569356 0
0.7109640547177283 0
0.7109640547177283 0
0.7109640547177283 1
0.7109640547177283 1
0.7108433576718598 0
0.7108433576718598 0
0.7108433576718598 0
0.7108433576718598 0
0.7102686625524841 0
0.7102686625524841 0
0.7102686625524841 1
0.7102686625524841 1
0.7102686625524841 1
0.7102686625524841 1
0.7102686625524841 1
0.7102686625524841 1
0.7102686625524841 1
0.7102686625524841 1
0.7102686625524841 1
0.7102686625524841 1
0.7102686625524841 1
0.7102686625524841 1
0.7102686625524841 1
0.7102686625524841 1
0.7102686625524841 1
0.7095934627978792 0
0.7095934627978792 0
0.7095934627978792 1
0.7095934627978792 1
0.7095934627978792 1
0.7095934627978792 1
0.7095732116924904 0
0.7095732116924904 0
0.7095732116924904 0
0.7095732116924904 0
0.7095732116924904 0
0.7095732116924904 0
0.7095732116924904 1
0.7095732116924904 1
0.7095732116924904 1
0.7095732116924904 1
0.7095732116924904 1
0.7095732116924904 1
0.7095732116924904 1
0.7095732116924904 1
0.7095732116924904 1
0.7095732116924904 1
0.7086606415240205 1
0.7081688174476403 0
0.7081688174476403 0
0.7081688174476403 1
0.7081688174476403 1
0.7081688174476403 1
0.7081688174476403 1
0.7081688174476403 1
0.7081688174476403 1
0.7081688174476403 1
0.7081688174476403 1
0.7081688174476403 1
0.7081688174476403 1
0.7081688174476403 1
0.7081688174476403 1
0.7081089680206213 0
0.7081089680206213 0
0.7081089680206213 0
0.7081089680206213 1
0.7081089680206213 1
0.7081089680206213 1
0.7081089680206213 1
0.7081089680206213 1
0.7081089680206213 1
0.7081089680206213 1
0.7081089680206213 1
0.7081089680206213 1
0.7081089680206213 1
0.7081089680206213 1
0.7081089680206213 1
0.7081089680206213 1
0.7081089680206213 1
0.7081089680206213 1
0.7081089680206213 1
0.7081089680206213 1
0.7081089680206213 1
0.7081089680206213 1
0.708015832838732 1
0.708015832838732 1
0.708015832838732 1
0.708015832838732 1
0.708015832838732 1
0.708015832838732 1
0.7075309745304289 0
0.7075309745304289 0
0.7075309745304289 0
0.7075309745304289 0
0.7075309745304289 0
0.7075309745304289 1
0.7075309745304289 1
0.7075309745304289 1
0.7075309745304289 1
0.7075309745304289 1
0.7075309745304289 1
0.7075309745304289 1
0.7075309745304289 1
0.7075309745304289 1
0.7075309745304289 1
0.7075309745304289 1
0.7075309745304289 1
0.7075309745304289 1
0.7075309745304289 1
0.7075309745304289 1
0.7075309745304289 1
0.7075309745304289 1
0.7075309745304289 1
0.7075309745304289 1
0.7075309745304289 1
0.7075309745304289 1
0.7061610100836322 1
0.7051610302626011 1
0.7051610302626011 1
0.7051610302626011 1
0.7051610302626011 1
0.7051610302626011 1
0.7051610302626011 1
0.7051466262655525 1
0.7040436621898466 1
0.7040436621898466 1
0.7040436621898466 1
0.7040436621898466 1
0.704003196448876 1
0.704003196448876 1
0.7036095017152204 1
0.7036095017152204 1
0.7036095017152204 1
0.7036095017152204 1
0.7036095017152204 1
0.7022038222204426 1
0.7022038222204426 1
0.7022038222204426 1
0.7022038222204426 1
0.7022038222204426 1
0.7022038222204426 1
0.7022038222204426 1
0.7022038222204426 1
0.7022038222204426 1
0.7022038222204426 1
0.7022038222204426 1
0.7022038222204426 1
0.7022038222204426 1
0.7022038222204426 1
0.7022038222204426 1
0.7022038222204426 1
0.7022038222204426 1
0.7009475989128161 1
0.7009475989128161 1
0.7009475989128161 1
0.7009475989128161 1
0.7009475989128161 1
0.7009475989128161 1
0.7009475989128161 1
0.7008515513135127 1
0.7008515513135127 1
0.7008515513135127 1
0.7008515513135127 1
0.7008515513135127 1
0.7008515513135127 1
0.7000622738328088 1
0.7000622738328088 1
0.7000622738328088 1
0.7000622738328088 1
0.7000622738328088 1
0.7000622738328088 1
0.7000622738328088 1
0.7000622738328088 1
0.7000243972570983 0
0.7000243972570983 0
0.7000243972570983 1
0.7000243972570983 1
0.7000243972570983 1
0.7000243972570983 1
0.7000243972570983 1
0.7000243972570983 1
0.7000243972570983 1
0.7000243972570983 1
0.7000243972570983 1
0.6999497764227445 0
0.6999497764227445 1
0.6993354298703129 1
0.6986720194084755 0
0.6986720194084755 0
0.6986720194084755 0
0.6986720194084755 0
0.6986720194084755 0
0.6980747865752392 1
0.6980747865752392 1
0.6980747865752392 1
0.6980747865752392 1
0.6980747865752392 1
0.6980747865752392 1
0.697967835561747 0
0.697967835561747 0
0.697967835561747 0
0.697967835561747 0
0.697967835561747 0
0.697967835561747 0
0.697967835561747 0
0.697967835561747 0
0.697967835561747 1
0.697967835561747 1
0.697967835561747 1
0.697967835561747 1
0.697967835561747 1
0.697967835561747 1
0.697967835561747 1
0.697967835561747 1
0.697967835561747 1
0.697967835561747 1
0.697967835561747 1
0.697967835561747 1
0.697967835561747 1
0.697967835561747 1
0.697967835561747 1
0.697967835561747 1
0.697967835561747 1
0.697967835561747 1
0.697967835561747 1
0.697967835561747 1
0.697967835561747 1
0.697967835561747 1
0.697967835561747 1
0.697967835561747 1
0.697967835561747 1
0.697967835561747 1
0.697967835561747 1
0.697967835561747 1
0.697967835561747 1
0.697967835561747 1
0.697967835561747 1
0.697967835561747 1
0.697967835561747 1
0.697967835561747 1
0.697967835561747 1
0.697967835561747 1
0.697967835561747 1
0.697967835561747 1
0.697967835561747 1
0.697967835561747 1
0.697967835561747 1
0.6975804715877943 0
0.6974734213571467 0
0.6974734213571467 0
0.6974734213571467 0
0.6974734213571467 1
0.6974734213571467 1
0.6974734213571467 1
0.6974734213571467 1
0.6974734213571467 1
0.6974734213571467 1
0.6974734213571467 1
0.6974734213571467 1
0.6974734213571467 1
0.6974734213571467 1
0.6974734213571467 1
0.6974734213571467 1
0.6974734213571467 1
0.6974734213571467 1
0.6974734213571467 1
0.6974734213571467 1
0.6974734213571467 1
0.6974734213571467 1
0.6974734213571467 1
0.6974734213571467 1
0.6974734213571467 1
0.6974734213571467 1
0.6974734213571467 1
0.6974734213571467 1
0.6974734213571467 1
0.6974734213571467 1
0.6974032717957378 1
0.6972679453810332 0
0.6972679453810332 0
0.6972679453810332 0
0.6972679453810332 1
0.6972679453810332 1
0.6972679453810332 1
0.6972679453810332 1
0.6972679453810332 1
0.6972679453810332 1
0.6972679453810332 1
0.6968144456107584 0
0.6968144456107584 0
0.6968144456107584 0
0.6968144456107584 0
0.6968144456107584 0
0.6968144456107584 0
0.6968144456107584 0
0.6968144456107584 1
0.6968144456107584 1
0.6968144456107584 1
0.6968144456107584 1
0.6968144456107584 1
0.6968144456107584 1
0.6968144456107584 1
0.6968144456107584 1
0.6968144456107584 1
0.6968144456107584 1
0.6968144456107584 1
0.6968144456107584 1
0.6968144456107584 1
0.6968144456107584 1
0.6968144456107584 1
0.6968144456107584 1
0.6968144456107584 1
0.6968144456107584 1
0.6968144456107584 1
0.6939589774157308 0
0.6939589774157308 0
0.6939589774157308 0
0.6939589774157308 0
0.6939589774157308 0
0.6939589774157308 0
0.6939589774157308 0
0.6939589774157308 0
0.6939589774157308 0
0.6939589774157308 0
0.6939589774157308 1
0.6939589774157308 1
0.6939589774157308 1
0.6939589774157308 1
0.6939589774157308 1
0.6939589774157308 1
0.6939589774157308 1
0.6939589774157308 1
0.6939589774157308 1
0.6939589774157308 1
0.6939589774157308 1
0.6939589774157308 1
0.6939589774157308 1
0.6939589774157308 1
0.6939589774157308 1
0.6939589774157308 1
0.6939589774157308 1
0.6939589774157308 1
0.6939589774157308 1
0.6939589774157308 1
0.6939589774157308 1
0.6939589774157308 1
0.6939589774157308 1
0.6939589774157308 1
0.6939589774157308 1
0.6939589774157308 1
0.6939589774157308 1
0.6939589774157308 1
0.6939589774157308 1
0.6939589774157308 1
0.6939589774157308 1
0.6939589774157308 1
0.6939589774157308 1
0.6939589774157308 1
0.6939589774157308 1
0.6939589774157308 1
0.6939589774157308 1
0.6939589774157308 1
0.6939589774157308 1
0.6939589774157308 1
0.6939589774157308 1
0.6939589774157308 1
0.6939589774157308 1
0.6939589774157308 1
0.6939589774157308 1
0.6939589774157308 1
0.6939589774157308 1
0.6939589774157308 1
0.6939589774157308 1
0.6939589774157308 1
0.6939589774157308 1
0.6939589774157308 1
0.6939589774157308 1
0.6939589774157308 1
0.6939589774157308 1
0.6939589774157308 1
0.6939589774157308 1
0.6939589774157308 1
0.6939589774157308 1
0.6939589774157308 1
0.6939589774157308 1
0.6932314765353381 1
0.6927481450404819 1
0.6911095644230588 0
0.6911095644230588 1
0.6911095644230588 1
0.6911095644230588 1
0.6911095644230588 1
0.6911095644230588 1
0.6911095644230588 1
0.6911095644230588 1
0.6911095644230588 1
0.6911095644230588 1
0.6911095644230588 1
0.6911095644230588 1
0.6911095644230588 1
0.6911095644230588 1
0.6911095644230588 1
0.6911095644230588 1
0.6911095644230588 1
0.6911095644230588 1
0.6911095644230588 1
0.6911095644230588 1
0.6911095644230588 1
0.6911095644230588 1
0.6911095644230588 1
0.6911095644230588 1
0.6911095644230588 1
0.6911095644230588 1
0.6911095644230588 1
0.6911095644230588 1
0.6911095644230588 1
0.6911095644230588 1
0.6911095644230588 1
0.6911095644230588 1
0.6911095644230588 1
0.6911095644230588 1
0.6911095644230588 1
0.6911095644230588 1
0.6911095644230588 1
0.6911095644230588 1
0.6911095644230588 1
0.6911095644230588 1
0.6911095644230588 1
0.6911095644230588 1
0.6911095644230588 1
0.6911095644230588 1
0.6911095644230588 1
0.6911095644230588 1
0.6911095644230588 1
0.6911095644230588 1
0.6911095644230588 1
0.6911095644230588 1
0.6911095644230588 1
0.6911095644230588 1
0.6911095644230588 1
0.6911095644230588 1
0.6911095644230588 1
0.6911095644230588 1
0.6911095644230588 1
0.6911095644230588 1
0.6911095644230588 1
0.6911095644230588 1
0.6911095644230588 1
0.6911095644230588 1
0.6911095644230588 1
0.6911095644230588 1
0.6911095644230588 1
0.6911095644230588 1
0.6911095644230588 1
0.6911095644230588 1
0.6911095644230588 1
0.6911095644230588 1
0.6911095644230588 1
0.6911095644230588 1
0.6911095644230588 1
0.6911095644230588 1
0.6911095644230588 1
0.6911095644230588 1
0.6911095644230588 1
0.6911095644230588 1
0.6911095644230588 1
0.6911095644230588 1
0.6911095644230588 1
0.6911095644230588 1
0.6911095644230588 1
0.6911095644230588 1
0.6911095644230588 1
0.6911095644230588 1
0.6911095644230588 1
0.6911095644230588 1
0.6911095644230588 1
0.6911095644230588 1
0.6911095644230588 1
0.6911095644230588 1
0.6911095644230588 1
0.6911095644230588 1
0.6911095644230588 1
0.6911095644230588 1
0.6911095644230588 1
0.6911095644230588 1
0.6911095644230588 1
0.6911095644230588 1
0.6911095644230588 1
0.6911095644230588 1
0.6911095644230588 1
0.6911095644230588 1
0.6911095644230588 1
0.6908768169643719 1
0.6908768169643719 1
0.6908768169643719 1
0.6908768169643719 1
0.6908645975860735 1
0.6906186264512109 0
0.6904606896663799 0
0.6903355094674944 0
0.6903355094674944 0
0.6903355094674944 0
0.6903355094674944 0
0.6903355094674944 0
0.6903355094674944 0
0.6903355094674944 1
0.6903355094674944 1
0.6903355094674944 1
0.6903355094674944 1
0.6903355094674944 1
0.6903355094674944 1
0.6903355094674944 1
0.6903355094674944 1
0.6903355094674944 1
0.6903355094674944 1
0.6895441586748112 0
0.6895441586748112 0
0.6895441586748112 0
0.6895441586748112 1
0.6895441586748112 1
0.6895441586748112 1
0.6877593220375695 1
0.6877593220375695 1
0.6877593220375695 1
0.6874675535909012 1
0.6874675535909012 1
0.6874675535909012 1
0.6874675535909012 1
0.6874675535909012 1
0.687369073917793 0
0.687369073917793 0
0.687369073917793 1
0.687369073917793 1
0.687369073917793 1
0.687369073917793 1
0.6872705052651075 0
0.6872705052651075 0
0.6872705052651075 0
0.6872705052651075 0
0.6872705052651075 0
0.6872705052651075 1
0.6872705052651075 1
0.6872705052651075 1
0.6872705052651075 1
0.6872705052651075 1
0.6872705052651075 1
0.6872705052651075 1
0.6872705052651075 1
0.6872705052651075 1
0.6872705052651075 1
0.6872705052651075 1
0.6872705052651075 1
0.6872705052651075 1
0.6872705052651075 1
0.6865516305076834 0
0.6865516305076834 0
0.6865516305076834 0
0.6865516305076834 0
0.6865516305076834 1
0.6865516305076834 1
0.6865516305076834 1
0.6865516305076834 1
0.6865516305076834 1
0.6865516305076834 1
0.6865516305076834 1
0.6865516305076834 1
0.6865516305076834 1
0.6865516305076834 1
0.6865516305076834 1
0.6847797321634168 0
0.6847797321634168 0
0.6847797321634168 0
0.6847797321634168 0
0.6847797321634168 1
0.6847797321634168 1
0.6847797321634168 1
0.6847797321634168 1
0.6847797321634168 1
0.6847797321634168 1
0.6847797321634168 1
0.6847797321634168 1
0.6847797321634168 1
0.6847797321634168 1
0.6847797321634168 1
0.6847797321634168 1
0.6847797321634168 1
0.6847797321634168 1
0.6847797321634168 1
0.6847797321634168 1
0.6847797321634168 1
0.6847797321634168 1
0.6847797321634168 1
0.6832813172213054 0
0.6832813172213054 1
0.6832813172213054 1
0.6832813172213054 1
0.6832813172213054 1
0.6832813172213054 1
0.6832813172213054 1
0.6832813172213054 1
0.6832813172213054 1
0.6832813172213054 1
0.6832813172213054 1
0.6832813172213054 1
0.6832813172213054 1
0.6832813172213054 1
0.6832813172213054 1
0.6832813172213054 1
0.6832813172213054 1
0.6832813172213054 1
0.6832813172213054 1
0.6832813172213054 1
0.6832813172213054 1
0.6832813172213054 1
0.6832813172213054 1
0.6818129566515185 0
0.6796162015539309 0
0.6796162015539309 0
0.6796162015539309 0
0.6796162015539309 0
0.6796162015539309 0
0.6796162015539309 0
0.6796162015539309 0
0.6796162015539309 0
0.6796162015539309 0
0.6796162015539309 0
0.6796162015539309 0
0.6796162015539309 0
0.6796162015539309 0
0.6796162015539309 0
0.6796162015539309 0
0.6796162015539309 1
0.6796162015539309 1
0.6796162015539309 1
0.6796162015539309 1
0.6796162015539309 1
0.6796162015539309 1
0.6796162015539309 1
0.6796162015539309 1
0.6796162015539309 1
0.6796162015539309 1
0.6796162015539309 1
0.6796162015539309 1
0.6796162015539309 1
0.6796162015539309 1
0.6796162015539309 1
0.6796162015539309 1
0.6796162015539309 1
0.6796162015539309 1
0.6796162015539309 1
0.6796162015539309 1
0.6796162015539309 1
0.6796162015539309 1
0.6796162015539309 1
0.6796162015539309 1
0.6796162015539309 1
0.6796162015539309 1
0.6796162015539309 1
0.6796162015539309 1
0.6796162015539309 1
0.6796162015539309 1
0.6796162015539309 1
0.6796162015539309 1
0.6796162015539309 1
0.6796162015539309 1
0.6796162015539309 1
0.6796162015539309 1
0.6796162015539309 1
0.6796162015539309 1
0.6796162015539309 1
0.6796162015539309 1
0.6796162015539309 1
0.6796162015539309 1
0.6796162015539309 1
0.6796162015539309 1
0.6796162015539309 1
0.6796162015539309 1
0.6796162015539309 1
0.6796162015539309 1
0.6796162015539309 1
0.6796162015539309 1
0.6796162015539309 1
0.6796162015539309 1
0.6796162015539309 1
0.6796162015539309 1
0.6796162015539309 1
0.6796162015539309 1
0.6795531461690575 1
0.6795531461690575 1
0.6795531461690575 1
0.6795531461690575 1
0.6795531461690575 1
0.6795531461690575 1
0.6795531461690575 1
0.6759022264385444 1
0.6759022264385444 1
0.6759022264385444 1
0.6759022264385444 1
0.6759022264385444 1
0.6759022264385444 1
0.6744765144956785 1
0.673162228791754 0
0.673162228791754 0
0.673162228791754 1
0.673162228791754 1
0.673162228791754 1
0.673162228791754 1
0.673162228791754 1
0.673162228791754 1
0.6726530269891308 1
0.6726530269891308 1
0.6726530269891308 1
0.6726530269891308 1
0.6726530269891308 1
0.6726530269891308 1
0.6726530269891308 1
0.6726530269891308 1
0.6726530269891308 1
0.6725227891509031 1
0.6725227891509031 1
0.6725227891509031 1
0.6725227891509031 1
0.6725227891509031 1
0.6725227891509031 1
0.6725227891509031 1
0.6725227891509031 1
0.6725227891509031 1
0.6725227891509031 1
0.6724832592337873 0
0.6707492237976957 1
0.6707492237976957 1
0.6705609694372265 0
0.6705609694372265 0
0.6705609694372265 0
0.6705609694372265 0
0.6705609694372265 0
0.6705609694372265 0
0.6705609694372265 0
0.6705609694372265 0
0.6705609694372265 0
0.6705609694372265 0
0.6705609694372265 0
0.6705609694372265 0
0.6705609694372265 0
0.6705609694372265 0
0.6705609694372265 0
0.6705609694372265 0
0.6705609694372265 0
0.6705609694372265 0
0.6705609694372265 0
0.6705609694372265 0
0.6705609694372265 0
0.6705609694372265 0
0.6705609694372265 0
0.6705609694372265 0
0.6705609694372265 0
0.6705609694372265 0
0.6705609694372265 0
0.6705609694372265 0
0.6705609694372265 0
0.6705609694372265 0
0.6705609694372265 0
0.6705609694372265 0
0.6705609694372265 0
0.6705609694372265 0
0.6705609694372265 0
0.6705609694372265 0
0.6705609694372265 0
0.6705609694372265 0
0.6705609694372265 0
0.6705609694372265 0
0.6705609694372265 0
0.6705609694372265 0
0.6705609694372265 0
0.6705609694372265 0
0.6705609694372265 0
0.6705609694372265 0
0.6705609694372265 0
0.6705609694372265 0
0.6705609694372265 0
0.6705609694372265 0
0.6705609694372265 0
0.6705609694372265 0
0.6705609694372265 0
0.6705609694372265 0
0.6705609694372265 0
0.6705609694372265 0
0.6705609694372265 0
0.6705609694372265 0
0.6705609694372265 0
0.6705609694372265 0
0.6705609694372265 0
0.6705609694372265 0
0.6705609694372265 0
0.6705609694372265 0
0.6705609694372265 0
0.6705609694372265 0
0.6705609694372265 0
0.6705609694372265 0
0.6705609694372265 0
0.6705609694372265 0
0.6705609694372265 0
0.6705609694372265 0
0.6705609694372265 0
0.6705609694372265 1
0.6705609694372265 1
0.6705609694372265 1
0.6705609694372265 1
0.6705609694372265 1
0.6705609694372265 1
0.6705609694372265 1
0.6705609694372265 1
0.6705609694372265 1
0.6705609694372265 1
0.6705609694372265 1
0.6705609694372265 1
0.6705609694372265 1
0.6705609694372265 1
0.6705609694372265 1
0.6705609694372265 1
0.6705609694372265 1
0.6705609694372265 1
0.6705609694372265 1
0.6705609694372265 1
0.6705609694372265 1
0.6705609694372265 1
0.6705609694372265 1
0.6705609694372265 1
0.6705609694372265 1
0.6705609694372265 1
0.6705609694372265 1
0.6705609694372265 1
0.6705609694372265 1
0.6705609694372265 1
0.6705609694372265 1
0.6705609694372265 1
0.6705609694372265 1
0.6705609694372265 1
0.6705609694372265 1
0.6705609694372265 1
0.6705609694372265 1
0.6705609694372265 1
0.6705609694372265 1
0.6705609694372265 1
0.6705609694372265 1
0.6705609694372265 1
0.6705609694372265 1
0.6705609694372265 1
0.6705609694372265 1
0.6705609694372265 1
0.6705609694372265 1
0.6705609694372265 1
0.6705609694372265 1
0.6705609694372265 1
0.6705609694372265 1
0.6705609694372265 1
0.6705609694372265 1
0.6705609694372265 1
0.6705609694372265 1
0.6705609694372265 1
0.6705609694372265 1
0.6705609694372265 1
0.6705609694372265 1
0.6705609694372265 1
0.6705609694372265 1
0.6705609694372265 1
0.6705609694372265 1
0.6705609694372265 1
0.6705609694372265 1
0.6705609694372265 1
0.6705609694372265 1
0.6705609694372265 1
0.6705609694372265 1
0.6705609694372265 1
0.6705609694372265 1
0.6705609694372265 1
0.6705609694372265 1
0.6705609694372265 1
0.6705609694372265 1
0.6705609694372265 1
0.6705609694372265 1
0.6705609694372265 1
0.6705609694372265 1
0.6705609694372265 1
0.6705609694372265 1
0.6705609694372265 1
0.6705609694372265 1
0.6705609694372265 1
0.6705609694372265 1
0.6705609694372265 1
0.6705609694372265 1
0.6705609694372265 1
0.6705609694372265 1
0.6705609694372265 1
0.6705609694372265 1
0.6705609694372265 1
0.6705609694372265 1
0.6705609694372265 1
0.6705609694372265 1
0.6705609694372265 1
0.6705609694372265 1
0.6705609694372265 1
0.6705609694372265 1
0.6705609694372265 1
0.6705609694372265 1
0.6705609694372265 1
0.6705609694372265 1
0.6705609694372265 1
0.6705609694372265 1
0.6705609694372265 1
0.6705609694372265 1
0.6705609694372265 1
0.6705609694372265 1
0.6705609694372265 1
0.6705609694372265 1
0.6705609694372265 1
0.6705609694372265 1
0.6705609694372265 1
0.6705609694372265 1
0.6705609694372265 1
0.6705609694372265 1
0.6705609694372265 1
0.6705609694372265 1
0.6705609694372265 1
0.6705609694372265 1
0.6705609694372265 1
0.6705609694372265 1
0.6705609694372265 1
0.6705609694372265 1
0.6705609694372265 1
0.6705609694372265 1
0.6705609694372265 1
0.6705609694372265 1
0.6705609694372265 1
0.6705609694372265 1
0.6705609694372265 1
0.6705609694372265 1
0.6705609694372265 1
0.6705609694372265 1
0.6705609694372265 1
0.6705609694372265 1
0.6705609694372265 1
0.6705609694372265 1
0.6705609694372265 1
0.6705609694372265 1
0.6705609694372265 1
0.6705609694372265 1
0.6705609694372265 1
0.6705609694372265 1
0.6705609694372265 1
0.6705609694372265 1
0.6705609694372265 1
0.6705609694372265 1
0.6705609694372265 1
0.6705609694372265 1
0.6705609694372265 1
0.6705609694372265 1
0.6705609694372265 1
0.6705609694372265 1
0.6705609694372265 1
0.6705609694372265 1
0.6705609694372265 1
0.6705609694372265 1
0.6705609694372265 1
0.6705609694372265 1
0.6705609694372265 1
0.6705609694372265 1
0.6705609694372265 1
0.6705609694372265 1
0.6705609694372265 1
0.6705609694372265 1
0.6705609694372265 1
0.6705609694372265 1
0.6705609694372265 1
0.6705609694372265 1
0.6705609694372265 1
0.6705609694372265 1
0.6705609694372265 1
0.6705609694372265 1
0.6705609694372265 1
0.6705609694372265 1
0.6705609694372265 1
0.6705609694372265 1
0.6705609694372265 1
0.6705609694372265 1
0.6705609694372265 1
0.6705609694372265 1
0.6705609694372265 1
0.6705609694372265 1
0.6705609694372265 1
0.6705609694372265 1
0.6705609694372265 1
0.6705609694372265 1
0.6705609694372265 1
0.6705609694372265 1
0.6705609694372265 1
0.6705609694372265 1
0.6705609694372265 1
0.6705609694372265 1
0.6705609694372265 1
0.6705609694372265 1
0.6705609694372265 1
0.6705609694372265 1
0.6705609694372265 1
0.6705609694372265 1
0.6705609694372265 1
0.6705609694372265 1
0.6705609694372265 1
0.6705609694372265 1
0.6705609694372265 1
0.6705609694372265 1
0.6705609694372265 1
0.6705609694372265 1
0.6705609694372265 1
0.6705609694372265 1
0.6705609694372265 1
0.6705609694372265 1
0.6705609694372265 1
0.6705609694372265 1
0.6705609694372265 1
0.6705609694372265 1
0.6705609694372265 1
0.6705609694372265 1
0.6705609694372265 1
0.6705609694372265 1
0.6705609694372265 1
0.6705609694372265 1
0.6705609694372265 1
0.6705609694372265 1
0.6705609694372265 1
0.6705609694372265 1
0.6705609694372265 1
0.6705609694372265 1
0.6705609694372265 1
0.6705609694372265 1
0.6705609694372265 1
0.6705609694372265 1
0.6705609694372265 1
0.6705609694372265 1
0.6705609694372265 1
0.6705609694372265 1
0.6705609694372265 1
0.6705609694372265 1
0.6705609694372265 1
0.6705609694372265 1
0.6705609694372265 1
0.6705609694372265 1
0.6705609694372265 1
0.6705609694372265 1
0.6705609694372265 1
0.6705609694372265 1
0.6705609694372265 1
0.6705609694372265 1
0.6705609694372265 1
0.6705609694372265 1
0.6705609694372265 1
0.6705609694372265 1
0.6705609694372265 1
0.6705609694372265 1
0.6705609694372265 1
0.6705609694372265 1
0.6705609694372265 1
0.6705609694372265 1
0.6705609694372265 1
0.6705609694372265 1
0.6705609694372265 1
0.6705609694372265 1
0.6705609694372265 1
0.6705609694372265 1
0.6705609694372265 1
0.6705609694372265 1
0.6705609694372265 1
0.6705609694372265 1
0.6705609694372265 1
0.6705609694372265 1
0.6705609694372265 1
0.6705609694372265 1
0.6705609694372265 1
0.6705609694372265 1
0.6705609694372265 1
0.6705609694372265 1
0.6705609694372265 1
0.6705609694372265 1
0.6705609694372265 1
0.6705609694372265 1
0.6705609694372265 1
0.6705609694372265 1
0.6705609694372265 1
0.6705609694372265 1
0.6705609694372265 1
0.6705609694372265 1
0.6705609694372265 1
0.6705609694372265 1
0.6705609694372265 1
0.6705609694372265 1
0.6705609694372265 1
0.6705609694372265 1
0.6705609694372265 1
0.6705609694372265 1
0.6705609694372265 1
0.6705609694372265 1
0.6705609694372265 1
0.6705609694372265 1
0.6705609694372265 1
0.6705609694372265 1
0.6705609694372265 1
0.6705609694372265 1
0.6705609694372265 1
0.6705609694372265 1
0.6705609694372265 1
0.6705609694372265 1
0.6705609694372265 1
0.6705609694372265 1
0.6705609694372265 1
0.6705609694372265 1
0.6705609694372265 1
0.6705609694372265 1
0.6705609694372265 1
0.6705609694372265 1
0.6705609694372265 1
0.6705609694372265 1
0.6705609694372265 1
0.6705609694372265 1
0.6705609694372265 1
0.6705609694372265 1
0.6705609694372265 1
0.6705609694372265 1
0.6705609694372265 1
0.6705609694372265 1
0.6705609694372265 1
0.6705609694372265 1
0.6705609694372265 1
0.6705609694372265 1
0.6705609694372265 1
0.6705609694372265 1
0.6705609694372265 1
0.6705609694372265 1
0.6705609694372265 1
0.6705609694372265 1
0.6705609694372265 1
0.6705609694372265 1
0.6705609694372265 1
0.6705609694372265 1
0.6705609694372265 1
0.6705609694372265 1
0.6705609694372265 1
0.6705609694372265 1
0.6705609694372265 1
0.6705609694372265 1
0.6705609694372265 1
0.6705609694372265 1
0.6705609694372265 1
0.6705609694372265 1
0.6705609694372265 1
0.6705609694372265 1
0.6705609694372265 1
0.6705609694372265 1
0.6705609694372265 1
0.6705609694372265 1
0.6705609694372265 1
0.6705609694372265 1
0.6705609694372265 1
0.6705609694372265 1
0.6705609694372265 1
0.6705609694372265 1
0.6687859710216927 0
0.6687859710216927 0
0.6687859710216927 0
0.6687859710216927 0
0.6687859710216927 0
0.6665545818816601 0
0.6665545818816601 0
0.6665545818816601 0
0.6665545818816601 0
0.6665545818816601 0
0.6665545818816601 0
0.6665545818816601 0
0.6665545818816601 0
0.6665545818816601 0
0.6665545818816601 0
0.6665545818816601 0
0.6665545818816601 0
0.6665545818816601 0
0.6665545818816601 0
0.6665545818816601 0
0.6665545818816601 0
0.6665545818816601 0
0.6665545818816601 0
0.6665545818816601 0
0.6665545818816601 0
0.6665545818816601 0
0.6665545818816601 0
0.6665545818816601 0
0.6665545818816601 0
0.6665545818816601 0
0.6665545818816601 0
0.6665545818816601 0
0.6665545818816601 0
0.6665545818816601 0
0.6665545818816601 0
0.6665545818816601 0
0.6665545818816601 0
0.6665545818816601 0
0.6665545818816601 0
0.6665545818816601 0
0.6665545818816601 0
0.6665545818816601 0
0.6665545818816601 0
0.6665545818816601 0
0.6665545818816601 0
0.6665545818816601 0
0.6665545818816601 0
0.6665545818816601 0
0.6665545818816601 0
0.6665545818816601 0
0.6665545818816601 0
0.6665545818816601 0
0.6665545818816601 0
0.6665545818816601 0
0.6665545818816601 0
0.6665545818816601 0
0.6665545818816601 0
0.6665545818816601 0
0.6665545818816601 0
0.6665545818816601 0
0.6665545818816601 0
0.6665545818816601 0
0.6665545818816601 0
0.6665545818816601 0
0.6665545818816601 0
0.6665545818816601 0
0.6665545818816601 0
0.6665545818816601 0
0.6665545818816601 0
0.6665545818816601 0
0.6665545818816601 0
0.6665545818816601 0
0.6665545818816601 0
0.6665545818816601 0
0.6665545818816601 0
0.6665545818816601 1
0.6665545818816601 1
0.6665545818816601 1
0.6665545818816601 1
0.6665545818816601 1
0.6665545818816601 1
0.6665545818816601 1
0.6665545818816601 1
0.6665545818816601 1
0.6665545818816601 1
0.6665545818816601 1
0.6665545818816601 1
0.6665545818816601 1
0.6665545818816601 1
0.6665545818816601 1
0.6665545818816601 1
0.6665545818816601 1
0.6665545818816601 1
0.6665545818816601 1
0.6665545818816601 1
0.6665545818816601 1
0.6665545818816601 1
0.6665545818816601 1
0.6665545818816601 1
0.6665545818816601 1
0.6665545818816601 1
0.6665545818816601 1
0.6665545818816601 1
0.6665545818816601 1
0.6665545818816601 1
0.6665545818816601 1
0.6665545818816601 1
0.6665545818816601 1
0.6665545818816601 1
0.6665545818816601 1
0.6665545818816601 1
0.6665545818816601 1
0.6665545818816601 1
0.6665545818816601 1
0.6665545818816601 1
0.6665545818816601 1
0.6665545818816601 1
0.6665545818816601 1
0.6665545818816601 1
0.6665545818816601 1
0.6665545818816601 1
0.6665545818816601 1
0.6665545818816601 1
0.6665545818816601 1
0.6665545818816601 1
0.6665545818816601 1
0.6665545818816601 1
0.6665545818816601 1
0.6665545818816601 1
0.6665545818816601 1
0.6665545818816601 1
0.6665545818816601 1
0.6665545818816601 1
0.6665545818816601 1
0.6665545818816601 1
0.6665545818816601 1
0.6665545818816601 1
0.6665545818816601 1
0.6665545818816601 1
0.6665545818816601 1
0.6665545818816601 1
0.6665545818816601 1
0.6665545818816601 1
0.6665545818816601 1
0.6665545818816601 1
0.6665545818816601 1
0.6665545818816601 1
0.6665545818816601 1
0.6665545818816601 1
0.6665545818816601 1
0.6665545818816601 1
0.6665545818816601 1
0.6665545818816601 1
0.6665545818816601 1
0.6665545818816601 1
0.6665545818816601 1
0.6665545818816601 1
0.6665545818816601 1
0.6665545818816601 1
0.6665545818816601 1
0.6665545818816601 1
0.6665545818816601 1
0.6665545818816601 1
0.6665545818816601 1
0.6665545818816601 1
0.6665545818816601 1
0.6665545818816601 1
0.6665545818816601 1
0.6665545818816601 1
0.6665545818816601 1
0.6665545818816601 1
0.6665545818816601 1
0.6665545818816601 1
0.6665545818816601 1
0.6665545818816601 1
0.6665545818816601 1
0.6665545818816601 1
0.6665545818816601 1
0.6665545818816601 1
0.6665545818816601 1
0.6665545818816601 1
0.6665545818816601 1
0.6665545818816601 1
0.6665545818816601 1
0.6665545818816601 1
0.6665545818816601 1
0.6665545818816601 1
0.6665545818816601 1
0.6665545818816601 1
0.6665545818816601 1
0.6665545818816601 1
0.6665545818816601 1
0.6665545818816601 1
0.6665545818816601 1
0.6665545818816601 1
0.6665545818816601 1
0.6665545818816601 1
0.6665545818816601 1
0.6665545818816601 1
0.6665545818816601 1
0.6665545818816601 1
0.6665545818816601 1
0.6665545818816601 1
0.6665545818816601 1
0.6665545818816601 1
0.6665545818816601 1
0.6665545818816601 1
0.6665545818816601 1
0.6665545818816601 1
0.6665545818816601 1
0.6665545818816601 1
0.6665545818816601 1
0.6665545818816601 1
0.6665545818816601 1
0.6665545818816601 1
0.6665545818816601 1
0.6665545818816601 1
0.6665545818816601 1
0.6665545818816601 1
0.6665545818816601 1
0.6665545818816601 1
0.6665545818816601 1
0.6665545818816601 1
0.6665545818816601 1
0.6665545818816601 1
0.6665545818816601 1
0.6665545818816601 1
0.6665545818816601 1
0.6665545818816601 1
0.6665545818816601 1
0.6665545818816601 1
0.6665545818816601 1
0.6665545818816601 1
0.6665545818816601 1
0.6665545818816601 1
0.6665545818816601 1
0.6665545818816601 1
0.6665545818816601 1
0.6665545818816601 1
0.6665545818816601 1
0.6665545818816601 1
0.6665545818816601 1
0.6665545818816601 1
0.6665545818816601 1
0.6665545818816601 1
0.6665545818816601 1
0.6665545818816601 1
0.6665545818816601 1
0.6665545818816601 1
0.6665545818816601 1
0.6665545818816601 1
0.6665545818816601 1
0.6665545818816601 1
0.6665545818816601 1
0.6665545818816601 1
0.6656419463237911 0
0.665636901430633 1
0.665636901430633 1
0.665636901430633 1
0.665636901430633 1
0.664543895846985 0
0.664543895846985 1
0.664543895846985 1
0.6644244624285482 1
0.6644244624285482 1
0.6644244624285482 1
0.6635661633434512 0
0.6635661633434512 0
0.6635661633434512 1
0.6635661633434512 1
0.6635661633434512 1
0.6635661633434512 1
0.6635661633434512 1
0.6635661633434512 1
0.6635661633434512 1
0.6635661633434512 1
0.6635661633434512 1
0.6635661633434512 1
0.6635661633434512 1
0.6635661633434512 1
0.6635661633434512 1
0.6632405644327894 1
0.662938816445369 1
0.662938816445369 1
0.662938816445369 1
0.662938816445369 1
0.662938816445369 1
0.662938816445369 1
0.662938816445369 1
0.662938816445369 1
0.662938816445369 1
0.662938816445369 1
0.662938816445369 1
0.662938816445369 1
0.662493578138019 0
0.662493578138019 0
0.662493578138019 1
0.662493578138019 1
0.662493578138019 1
0.662493578138019 1
0.662493578138019 1
0.662493578138019 1
0.662493578138019 1
0.662493578138019 1
0.662493578138019 1
0.6616530884337519 0
0.6616530884337519 1
0.6616530884337519 1
0.6616530884337519 1
0.6616530884337519 1
0.6616530884337519 1
0.6616530884337519 1
0.6600488988396511 0
0.6589162681768537 0
0.6589162681768537 1
0.6589162681768537 1
0.6589162681768537 1
0.6589162681768537 1
0.6589162681768537 1
0.6589162681768537 1
0.6589162681768537 1
0.6589162681768537 1
0.6587197103840513 0
0.6587197103840513 0
0.6587197103840513 0
0.6587197103840513 0
0.6587197103840513 1
0.6587197103840513 1
0.6587197103840513 1
0.6587197103840513 1
0.6587197103840513 1
0.6587197103840513 1
0.6574899905573237 0
0.6574899905573237 0
0.6574899905573237 0
0.6574899905573237 0
0.6574899905573237 1
0.6574899905573237 1
0.6574899905573237 1
0.6574899905573237 1
0.6574899905573237 1
0.6574899905573237 1
0.6574899905573237 1
0.6574899905573237 1
0.6574899905573237 1
0.6574899905573237 1
0.6574899905573237 1
0.6574899905573237 1
0.6574899905573237 1
0.6574899905573237 1
0.6574899905573237 1
0.6574899905573237 1
0.6574899905573237 1
0.6574899905573237 1
0.6574899905573237 1
0.6574899905573237 1
0.6574899905573237 1
0.6574899905573237 1
0.6574899905573237 1
0.6574899905573237 1
0.6574899905573237 1
0.6574899905573237 1
0.6574899905573237 1
0.6574899905573237 1
0.6574899905573237 1
0.6574899905573237 1
0.6574899905573237 1
0.6574899905573237 1
0.6574899905573237 1
0.6574899905573237 1
0.6574899905573237 1
0.6574899905573237 1
0.6574899905573237 1
0.6574899905573237 1
0.6574899905573237 1
0.6574899905573237 1
0.6574899905573237 1
0.6574899905573237 1
0.6574899905573237 1
0.6574899905573237 1
0.6574899905573237 1
0.6574899905573237 1
0.6574899905573237 1
0.6574899905573237 1
0.6574899905573237 1
0.6574899905573237 1
0.6574899905573237 1
0.6574899905573237 1
0.6574899905573237 1
0.6574899905573237 1
0.6574899905573237 1
0.6574899905573237 1
0.6574899905573237 1
0.6574899905573237 1
0.6574899905573237 1
0.6574899905573237 1
0.6574899905573237 1
0.6574899905573237 1
0.6574899905573237 1
0.6574899905573237 1
0.6574899905573237 1
0.6574899905573237 1
0.6574899905573237 1
0.6574899905573237 1
0.6574899905573237 1
0.6574899905573237 1
0.6574899905573237 1
0.6574899905573237 1
0.6574899905573237 1
0.6574899905573237 1
0.6564738784891351 0
0.6564738784891351 0
0.6552276878765335 0
0.6552276878765335 0
0.6552276878765335 0
0.6552276878765335 0
0.6552276878765335 0
0.6552276878765335 0
0.6552276878765335 0
0.6552276878765335 1
0.6552276878765335 1
0.6552276878765335 1
0.6552276878765335 1
0.6552276878765335 1
0.6552276878765335 1
0.6552276878765335 1
0.6552276878765335 1
0.6552276878765335 1
0.6552276878765335 1
0.6552276878765335 1
0.6552276878765335 1
0.6552276878765335 1
0.6552276878765335 1
0.6552276878765335 1
0.6552276878765335 1
0.6552276878765335 1
0.6552276878765335 1
0.6552276878765335 1
0.6552276878765335 1
0.6552276878765335 1
0.6552276878765335 1
0.6552276878765335 1
0.6552276878765335 1
0.6550709938209363 0
0.6550709938209363 1
0.6550709938209363 1
0.6550709938209363 1
0.654677680627305 0
0.6546579982097626 0
0.6546579982097626 0
0.6546579982097626 0
0.6546579982097626 1
0.6546579982097626 1
0.6546579982097626 1
0.6546579982097626 1
0.6536812331036481 1
0.6536812331036481 1
0.6536812331036481 1
0.6536812331036481 1
0.6536812331036481 1
0.6536812331036481 1
0.6518413757032304 1
0.6518413757032304 1
0.6518413757032304 1
0.6518413757032304 1
0.6518413757032304 1
0.6518413757032304 1
0.6518413757032304 1
0.6518413757032304 1
0.6518413757032304 1
0.6511677638094397 0
0.6511677638094397 0
0.6511677638094397 0
0.6511677638094397 0
0.6511677638094397 1
0.6511677638094397 1
0.6505356310185416 0
0.6505356310185416 1
0.6505356310185416 1
0.6505356310185416 1
0.6505356310185416 1
0.6505356310185416 1
0.6505356310185416 1
0.6505356310185416 1
0.6505356310185416 1
0.6505356310185416 1
0.6505356310185416 1
0.6505356310185416 1
0.6505241721738857 0
0.6505241721738857 0
0.6505241721738857 0
0.6505241721738857 1
0.6505234731339566 0
0.6505234731339566 1
0.6505234731339566 1
0.6505234731339566 1
0.6504081134456057 0
0.6504081134456057 1
0.6466871408715441 0
0.6466871408715441 0
0.6466871408715441 0
0.6466871408715441 1
0.6465712028419365 0
0.6465712028419365 0
0.6465712028419365 0
0.6465712028419365 0
0.6465712028419365 1
0.6465712028419365 1
0.6465712028419365 1
0.6465712028419365 1
0.6465712028419365 1
0.6465712028419365 1
0.6465712028419365 1
0.6465712028419365 1
0.6465712028419365 1
0.6465712028419365 1
0.6465712028419365 1
0.6465712028419365 1
0.6465712028419365 1
0.6450818969442168 1
0.6450818969442168 1
0.6449231370205996 1
0.6449231370205996 1
0.6449231370205996 1
0.6449231370205996 1
0.6449231370205996 1
0.6449231370205996 1
0.6449231370205996 1
0.6449231370205996 1
0.6449231370205996 1
0.6449231370205996 1
0.6439338135260042 1
0.6439338135260042 1
0.643894403981206 0
0.643894403981206 0
0.643894403981206 0
0.6436149910793012 0
0.6436149910793012 0
0.6436149910793012 0
0.6436149910793012 0
0.6436149910793012 0
0.6436149910793012 0
0.6436149910793012 0
0.6436149910793012 0
0.6436149910793012 0
0.6436149910793012 0
0.6436149910793012 0
0.6436149910793012 0
0.6436149910793012 0
0.6436149910793012 0
0.6436149910793012 0
0.6436149910793012 1
0.6436149910793012 1
0.6436149910793012 1
0.6436149910793012 1
0.6436149910793012 1
0.6436149910793012 1
0.6436149910793012 1
0.6436149910793012 1
0.6436149910793012 1
0.6436149910793012 1
0.6436149910793012 1
0.6436149910793012 1
0.6436149910793012 1
0.6436149910793012 1
0.6436149910793012 1
0.6436149910793012 1
0.6436149910793012 1
0.6436149910793012 1
0.6436149910793012 1
0.6436149910793012 1
0.6436149910793012 1
0.6436149910793012 1
0.6436149910793012 1
0.6436149910793012 1
0.6436149910793012 1
0.6436149910793012 1
0.6436149910793012 1
0.6436149910793012 1
0.6436149910793012 1
0.6436149910793012 1
0.6436149910793012 1
0.6436149910793012 1
0.6436149910793012 1
0.6436149910793012 1
0.6436149910793012 1
0.6436149910793012 1
0.6436149910793012 1
0.6436149910793012 1
0.6436149910793012 1
0.6436149910793012 1
0.6436149910793012 1
0.6436149910793012 1
0.6436149910793012 1
0.6436149910793012 1
0.6436149910793012 1
0.6436149910793012 1
0.6436149910793012 1
0.6436149910793012 1
0.6436149910793012 1
0.6436149910793012 1
0.6436149910793012 1
0.6436149910793012 1
0.6436149910793012 1
0.6436149910793012 1
0.6436149910793012 1
0.6436149910793012 1
0.6436149910793012 1
0.6436149910793012 1
0.6436149910793012 1
0.6436149910793012 1
0.6436149910793012 1
0.6436149910793012 1
0.6436149910793012 1
0.6436149910793012 1
0.6436149910793012 1
0.6436149910793012 1
0.6436149910793012 1
0.6436149910793012 1
0.6436149910793012 1
0.6436149910793012 1
0.6436149910793012 1
0.6436149910793012 1
0.6436149910793012 1
0.6436149910793012 1
0.6436149910793012 1
0.6436149910793012 1
0.6436149910793012 1
0.6436149910793012 1
0.6436149910793012 1
0.6436149910793012 1
0.6436149910793012 1
0.6436149910793012 1
0.6436149910793012 1
0.6436149910793012 1
0.6436149910793012 1
0.6430887077924867 0
0.6430887077924867 0
0.6430887077924867 0
0.6430887077924867 0
0.6430887077924867 0
0.6430887077924867 0
0.6430887077924867 0
0.6430887077924867 1
0.6430887077924867 1
0.6430887077924867 1
0.6430887077924867 1
0.6428630217938475 0
0.6428630217938475 0
0.6428630217938475 1
0.6397049286574024 0
0.6397049286574024 1
0.6397049286574024 1
0.6397049286574024 1
0.6397049286574024 1
0.6394303617673635 0
0.6394303617673635 0
0.6394303617673635 0
0.6394303617673635 0
0.6394303617673635 1
0.6394303617673635 1
0.6394303617673635 1
0.6394303617673635 1
0.6394303617673635 1
0.6394303617673635 1
0.6394303617673635 1
0.6394303617673635 1
0.6394303617673635 1
0.6394303617673635 1
0.6394303617673635 1
0.6394303617673635 1
0.6394303617673635 1
0.6394303617673635 1
0.6394303617673635 1
0.6394303617673635 1
0.6392404199825694 0
0.6384343141682166 0
0.6381514646471681 0
0.6381514646471681 0
0.6381514646471681 0
0.6381514646471681 0
0.6381514646471681 0
0.6381514646471681 0
0.6381514646471681 0
0.6381514646471681 0
0.6381514646471681 0
0.6381514646471681 0
0.6381514646471681 0
0.6381514646471681 0
0.6381514646471681 0
0.6381514646471681 0
0.6381514646471681 1
0.6381514646471681 1
0.6381514646471681 1
0.6381514646471681 1
0.6381514646471681 1
0.6381514646471681 1
0.6381514646471681 1
0.6381514646471681 1
0.6381514646471681 1
0.6381514646471681 1
0.6381514646471681 1
0.6381514646471681 1
0.6381514646471681 1
0.6381514646471681 1
0.6381514646471681 1
0.6381514646471681 1
0.6381514646471681 1
0.6381514646471681 1
0.6381514646471681 1
0.6381514646471681 1
0.6381514646471681 1
0.6381514646471681 1
0.6381514646471681 1
0.6381514646471681 1
0.6381514646471681 1
0.6381514646471681 1
0.6381514646471681 1
0.6381514646471681 1
0.6381514646471681 1
0.6381514646471681 1
0.6381514646471681 1
0.6381514646471681 1
0.6381514646471681 1
0.6381514646471681 1
0.6381514646471681 1
0.6381514646471681 1
0.6381514646471681 1
0.6381514646471681 1
0.6381514646471681 1
0.6381514646471681 1
0.6381514646471681 1
0.6381514646471681 1
0.6381514646471681 1
0.6381514646471681 1
0.6381514646471681 1
0.6381514646471681 1
0.6381514646471681 1
0.6381514646471681 1
0.6381514646471681 1
0.6381514646471681 1
0.6381514646471681 1
0.6381514646471681 1
0.6381514646471681 1
0.6381514646471681 1
0.6381514646471681 1
0.6381514646471681 1
0.6381514646471681 1
0.6381514646471681 1
0.6381514646471681 1
0.6381514646471681 1
0.6381514646471681 1
0.6381514646471681 1
0.6381514646471681 1
0.6381514646471681 1
0.6381514646471681 1
0.6381514646471681 1
0.6377581508617253 1
0.6377581508617253 1
0.6377581508617253 1
0.6377581508617253 1
0.6377581508617253 1
0.6377581508617253 1
0.6377581508617253 1
0.6377581508617253 1
0.6377581508617253 1
0.6377581508617253 1
0.6377581508617253 1
0.6377581508617253 1
0.6377581508617253 1
0.6377581508617253 1
0.6377581508617253 1
0.6377581508617253 1
0.6377581508617253 1
0.6377581508617253 1
0.6377581508617253 1
0.6377581508617253 1
0.6377581508617253 1
0.6377581508617253 1
0.6377581508617253 1
0.6377581508617253 1
0.6377581508617253 1
0.6377581508617253 1
0.6377581508617253 1
0.6377581508617253 1
0.6377581508617253 1
0.6377581508617253 1
0.6377581508617253 1
0.6377581508617253 1
0.6377581508617253 1
0.6377581508617253 1
0.6377581508617253 1
0.6377581508617253 1
0.6377581508617253 1
0.6377581508617253 1
0.6377581508617253 1
0.6377581508617253 1
0.6377581508617253 1
0.6377581508617253 1
0.6377581508617253 1
0.6377581508617253 1
0.6377581508617253 1
0.6377581508617253 1
0.6377581508617253 1
0.6377581508617253 1
0.6377581508617253 1
0.6377581508617253 1
0.6377581508617253 1
0.6377581508617253 1
0.6377581508617253 1
0.6377581508617253 1
0.6377581508617253 1
0.6377581508617253 1
0.6365234587350143 0
0.6365234587350143 0
0.6365234587350143 0
0.6365234587350143 0
0.6365234587350143 0
0.6365234587350143 0
0.6365234587350143 1
0.6365234587350143 1
0.6365234587350143 1
0.6352158252729841 0
0.6352158252729841 1
0.6352158252729841 1
0.6352158252729841 1
0.6352158252729841 1
0.6352158252729841 1
0.6352158252729841 1
0.6352158252729841 1
0.6352158252729841 1
0.6352158252729841 1
0.6352158252729841 1
0.6352158252729841 1
0.6352158252729841 1
0.633576512944138 1
0.633576512944138 1
0.633576512944138 1
0.633576512944138 1
0.6335577344322242 0
0.6335577344322242 0
0.6335577344322242 0
0.6335577344322242 0
0.6335577344322242 0
0.6335577344322242 0
0.6335577344322242 0
0.6335577344322242 0
0.6335577344322242 0
0.6335577344322242 0
0.6335577344322242 0
0.6335577344322242 0
0.6335577344322242 1
0.6335577344322242 1
0.6335577344322242 1
0.6335577344322242 1
0.6335577344322242 1
0.6335577344322242 1
0.6335577344322242 1
0.6335577344322242 1
0.6335577344322242 1
0.6335577344322242 1
0.6335577344322242 1
0.6335577344322242 1
0.6335577344322242 1
0.6335577344322242 1
0.6335577344322242 1
0.6335577344322242 1
0.6335577344322242 1
0.6335577344322242 1
0.6327701086819879 1
0.6327701086819879 1
0.6327701086819879 1
0.6327701086819879 1
0.6325574650189678 1
0.6325574650189678 1
0.6325574650189678 1
0.6322342738613629 0
0.6319526432966945 0
0.6319526432966945 0
0.6319526432966945 0
0.6319526432966945 0
0.6319526432966945 0
0.6319526432966945 0
0.6319526432966945 0
0.6319526432966945 0
0.6319526432966945 0
0.6319526432966945 0
0.6319526432966945 0
0.6319526432966945 0
0.6319526432966945 0
0.6319526432966945 0
0.6319526432966945 0
0.6319526432966945 0
0.6319526432966945 0
0.6319526432966945 0
0.6319526432966945 0
0.6319526432966945 0
0.6319526432966945 0
0.6319526432966945 0
0.6319526432966945 0
0.6319526432966945 0
0.6319526432966945 0
0.6319526432966945 0
0.6319526432966945 0
0.6319526432966945 0
0.6319526432966945 0
0.6319526432966945 0
0.6319526432966945 0
0.6319526432966945 0
0.6319526432966945 0
0.6319526432966945 0
0.6319526432966945 0
0.6319526432966945 0
0.6319526432966945 0
0.6319526432966945 0
0.6319526432966945 0
0.6319526432966945 0
0.6319526432966945 0
0.6319526432966945 0
0.6319526432966945 0
0.6319526432966945 0
0.6319526432966945 0
0.6319526432966945 0
0.6319526432966945 0
0.6319526432966945 0
0.6319526432966945 0
0.6319526432966945 0
0.6319526432966945 0
0.6319526432966945 0
0.6319526432966945 0
0.6319526432966945 0
0.6319526432966945 0
0.6319526432966945 0
0.6319526432966945 0
0.6319526432966945 0
0.6319526432966945 0
0.6319526432966945 0
0.6319526432966945 0
0.6319526432966945 0
0.6319526432966945 0
0.6319526432966945 0
0.6319526432966945 0
0.6319526432966945 0
0.6319526432966945 0
0.6319526432966945 0
0.6319526432966945 0
0.6319526432966945 0
0.6319526432966945 1
0.6319526432966945 1
0.6319526432966945 1
0.6319526432966945 1
0.6319526432966945 1
0.6319526432966945 1
0.6319526432966945 1
0.6319526432966945 1
0.6319526432966945 1
0.6319526432966945 1
0.6319526432966945 1
0.6319526432966945 1
0.6319526432966945 1
0.6319526432966945 1
0.6319526432966945 1
0.6319526432966945 1
0.6319526432966945 1
0.6319526432966945 1
0.6319526432966945 1
0.6319526432966945 1
0.6319526432966945 1
0.6319526432966945 1
0.6319526432966945 1
0.6319526432966945 1
0.6319526432966945 1
0.6319526432966945 1
0.6319526432966945 1
0.6319526432966945 1
0.6319526432966945 1
0.6319526432966945 1
0.6319526432966945 1
0.6319526432966945 1
0.6319526432966945 1
0.6319526432966945 1
0.6319526432966945 1
0.6319526432966945 1
0.6319526432966945 1
0.6319526432966945 1
0.6319526432966945 1
0.6319526432966945 1
0.6319526432966945 1
0.6319526432966945 1
0.6319526432966945 1
0.6319526432966945 1
0.6319526432966945 1
0.6319526432966945 1
0.6319526432966945 1
0.6319526432966945 1
0.6319526432966945 1
0.6319526432966945 1
0.6319526432966945 1
0.6319526432966945 1
0.6319526432966945 1
0.6319526432966945 1
0.6319526432966945 1
0.6319526432966945 1
0.6319526432966945 1
0.6319526432966945 1
0.6319526432966945 1
0.6319526432966945 1
0.6319526432966945 1
0.6319526432966945 1
0.6319526432966945 1
0.6319526432966945 1
0.6319526432966945 1
0.6319526432966945 1
0.6319526432966945 1
0.6319526432966945 1
0.6319526432966945 1
0.6319526432966945 1
0.6319526432966945 1
0.6319526432966945 1
0.6319526432966945 1
0.6319526432966945 1
0.6319526432966945 1
0.6319526432966945 1
0.6319526432966945 1
0.6319526432966945 1
0.6319526432966945 1
0.6319526432966945 1
0.6319526432966945 1
0.6319526432966945 1
0.6319526432966945 1
0.6319526432966945 1
0.6319526432966945 1
0.6319526432966945 1
0.6319526432966945 1
0.6319526432966945 1
0.6319526432966945 1
0.6319526432966945 1
0.6319526432966945 1
0.6319526432966945 1
0.6319526432966945 1
0.6319526432966945 1
0.6319526432966945 1
0.6319526432966945 1
0.6319526432966945 1
0.6319526432966945 1
0.6319526432966945 1
0.6319526432966945 1
0.6319526432966945 1
0.6319526432966945 1
0.6319526432966945 1
0.6319526432966945 1
0.6319526432966945 1
0.6319526432966945 1
0.6319526432966945 1
0.6319526432966945 1
0.6319526432966945 1
0.6319526432966945 1
0.6319526432966945 1
0.6319526432966945 1
0.6319526432966945 1
0.6319526432966945 1
0.6319526432966945 1
0.6319526432966945 1
0.6319526432966945 1
0.6319526432966945 1
0.6319526432966945 1
0.6319526432966945 1
0.6319526432966945 1
0.6319526432966945 1
0.6319526432966945 1
0.6319526432966945 1
0.6319526432966945 1
0.6319526432966945 1
0.6319526432966945 1
0.6319526432966945 1
0.6319526432966945 1
0.6319526432966945 1
0.6319526432966945 1
0.6319526432966945 1
0.6319526432966945 1
0.6319526432966945 1
0.6319526432966945 1
0.6319526432966945 1
0.6319526432966945 1
0.6319526432966945 1
0.6319526432966945 1
0.6319526432966945 1
0.6319526432966945 1
0.6319526432966945 1
0.6319526432966945 1
0.6319526432966945 1
0.6319526432966945 1
0.6319526432966945 1
0.6319526432966945 1
0.6319526432966945 1
0.6319526432966945 1
0.6319526432966945 1
0.6319526432966945 1
0.6319526432966945 1
0.6319526432966945 1
0.6319526432966945 1
0.6319526432966945 1
0.6319526432966945 1
0.6319526432966945 1
0.6319526432966945 1
0.6319526432966945 1
0.6319526432966945 1
0.6319526432966945 1
0.6319526432966945 1
0.6319526432966945 1
0.6319526432966945 1
0.6319526432966945 1
0.6319526432966945 1
0.6319526432966945 1
0.6319526432966945 1
0.6319526432966945 1
0.6319526432966945 1
0.6319526432966945 1
0.6319526432966945 1
0.6319526432966945 1
0.6319526432966945 1
0.6319526432966945 1
0.6319526432966945 1
0.6319526432966945 1
0.6319526432966945 1
0.6319526432966945 1
0.6319526432966945 1
0.6319526432966945 1
0.6319526432966945 1
0.6319526432966945 1
0.6319526432966945 1
0.6319526432966945 1
0.6319526432966945 1
0.6319526432966945 1
0.6317210407773974 0
0.6317210407773974 0
0.6317210407773974 0
0.6317210407773974 0
0.6317210407773974 1
0.6317210407773974 1
0.6317210407773974 1
0.6317210407773974 1
0.6317210407773974 1
0.6317210407773974 1
0.6317210407773974 1
0.6317210407773974 1
0.6317210407773974 1
0.6317210407773974 1
0.6317210407773974 1
0.6317210407773974 1
0.6317210407773974 1
0.6317210407773974 1
0.6317210407773974 1
0.6317210407773974 1
0.6317210407773974 1
0.6317210407773974 1
0.6317210407773974 1
0.6317210407773974 1
0.6317210407773974 1
0.6317210407773974 1
0.6317210407773974 1
0.6317210407773974 1
0.6317210407773974 1
0.6317210407773974 1
0.6317210407773974 1
0.6317210407773974 1
0.6317210407773974 1
0.6317210407773974 1
0.6317210407773974 1
0.6317210407773974 1
0.6317210407773974 1
0.6317210407773974 1
0.6317210407773974 1
0.6317210407773974 1
0.6317210407773974 1
0.6317210407773974 1
0.6317210407773974 1
0.6317210407773974 1
0.6317210407773974 1
0.6317210407773974 1
0.6317210407773974 1
0.6317210407773974 1
0.6317210407773974 1
0.6317210407773974 1
0.6317210407773974 1
0.6317210407773974 1
0.6317210407773974 1
0.6317210407773974 1
0.6317210407773974 1
0.6317210407773974 1
0.6317210407773974 1
0.6317210407773974 1
0.6317210407773974 1
0.6315133757185943 0
0.6315133757185943 0
0.6315133757185943 0
0.6309251719588944 0
0.6309251719588944 0
0.6309251719588944 0
0.6309251719588944 0
0.6309251719588944 0
0.6309251719588944 0
0.6309251719588944 0
0.6309251719588944 0
0.6309251719588944 0
0.6309251719588944 0
0.6309251719588944 0
0.6309251719588944 1
0.6309251719588944 1
0.6309251719588944 1
0.6309251719588944 1
0.6309251719588944 1
0.6309251719588944 1
0.6309251719588944 1
0.6309251719588944 1
0.6309251719588944 1
0.6309251719588944 1
0.6296411934900807 0
0.6296411934900807 0
0.6296411934900807 0
0.6296411934900807 0
0.6296411934900807 0
0.6296411934900807 0
0.6296411934900807 0
0.6296411934900807 0
0.6296411934900807 0
0.6296411934900807 0
0.6296411934900807 0
0.6296411934900807 0
0.6296411934900807 0
0.6296411934900807 0
0.6296411934900807 0
0.6296411934900807 1
0.6296411934900807 1
0.6296411934900807 1
0.6296411934900807 1
0.6296411934900807 1
0.6296411934900807 1
0.6296411934900807 1
0.6296411934900807 1
0.6296411934900807 1
0.6296411934900807 1
0.6296411934900807 1
0.6296411934900807 1
0.6296411934900807 1
0.6296411934900807 1
0.6296411934900807 1
0.6296411934900807 1
0.6296411934900807 1
0.6296411934900807 1
0.6296411934900807 1
0.6296411934900807 1
0.6296411934900807 1
0.6296411934900807 1
0.6286725467896422 0
0.6286725467896422 0
0.6286725467896422 0
0.6286725467896422 0
0.6286725467896422 0
0.6286725467896422 0
0.6286725467896422 0
0.6286725467896422 0
0.6286725467896422 0
0.6286725467896422 0
0.6286725467896422 0
0.6286725467896422 0
0.6286725467896422 0
0.6286725467896422 0
0.6286725467896422 0
0.6286725467896422 0
0.6286725467896422 0
0.6286725467896422 0
0.6286725467896422 0
0.6286725467896422 0
0.6286725467896422 0
0.6286725467896422 0
0.6286725467896422 0
0.6286725467896422 0
0.6286725467896422 0
0.6286725467896422 0
0.6286725467896422 0
0.6286725467896422 0
0.6286725467896422 0
0.6286725467896422 0
0.6286725467896422 0
0.6286725467896422 0
0.6286725467896422 0
0.6286725467896422 0
0.6286725467896422 0
0.6286725467896422 0
0.6286725467896422 0
0.6286725467896422 0
0.6286725467896422 0
0.6286725467896422 0
0.6286725467896422 0
0.6286725467896422 0
0.6286725467896422 0
0.6286725467896422 0
0.6286725467896422 0
0.6286725467896422 0
0.6286725467896422 0
0.6286725467896422 0
0.6286725467896422 0
0.6286725467896422 0
0.6286725467896422 0
0.6286725467896422 0
0.6286725467896422 0
0.6286725467896422 0
0.6286725467896422 0
0.6286725467896422 0
0.6286725467896422 0
0.6286725467896422 0
0.6286725467896422 0
0.6286725467896422 0
0.6286725467896422 0
0.6286725467896422 0
0.6286725467896422 0
0.6286725467896422 0
0.6286725467896422 0
0.6286725467896422 0
0.6286725467896422 0
0.6286725467896422 0
0.6286725467896422 0
0.6286725467896422 0
0.6286725467896422 0
0.6286725467896422 0
0.6286725467896422 0
0.6286725467896422 0
0.6286725467896422 0
0.6286725467896422 0
0.6286725467896422 0
0.6286725467896422 0
0.6286725467896422 0
0.6286725467896422 0
0.6286725467896422 0
0.6286725467896422 0
0.6286725467896422 1
0.6286725467896422 1
0.6286725467896422 1
0.6286725467896422 1
0.6286725467896422 1
0.6286725467896422 1
0.6286725467896422 1
0.6286725467896422 1
0.6286725467896422 1
0.6286725467896422 1
0.6286725467896422 1
0.6286725467896422 1
0.6286725467896422 1
0.6286725467896422 1
0.6286725467896422 1
0.6286725467896422 1
0.6286725467896422 1
0.6286725467896422 1
0.6286725467896422 1
0.6286725467896422 1
0.6286725467896422 1
0.6286725467896422 1
0.6286725467896422 1
0.6286725467896422 1
0.6286725467896422 1
0.6286725467896422 1
0.6286725467896422 1
0.6286725467896422 1
0.6286725467896422 1
0.6286725467896422 1
0.6286725467896422 1
0.6286725467896422 1
0.6286725467896422 1
0.6286725467896422 1
0.6286725467896422 1
0.6286725467896422 1
0.6286725467896422 1
0.6286725467896422 1
0.6286725467896422 1
0.6286725467896422 1
0.6286725467896422 1
0.6286725467896422 1
0.6286725467896422 1
0.6286725467896422 1
0.6286725467896422 1
0.6286725467896422 1
0.6286725467896422 1
0.6286725467896422 1
0.6286725467896422 1
0.6286725467896422 1
0.6286725467896422 1
0.6286725467896422 1
0.6286725467896422 1
0.6286725467896422 1
0.6286725467896422 1
0.6286725467896422 1
0.6286725467896422 1
0.6286725467896422 1
0.6286725467896422 1
0.6286725467896422 1
0.6286725467896422 1
0.6286725467896422 1
0.6286725467896422 1
0.6286725467896422 1
0.6286725467896422 1
0.6286725467896422 1
0.6286725467896422 1
0.6286725467896422 1
0.6286725467896422 1
0.6286725467896422 1
0.6286725467896422 1
0.6286725467896422 1
0.6286725467896422 1
0.6286725467896422 1
0.6286725467896422 1
0.6286725467896422 1
0.6286725467896422 1
0.6286725467896422 1
0.6286725467896422 1
0.6286725467896422 1
0.6286725467896422 1
0.6286725467896422 1
0.6286725467896422 1
0.6286725467896422 1
0.6286725467896422 1
0.6286725467896422 1
0.6286725467896422 1
0.6286725467896422 1
0.6286725467896422 1
0.6286725467896422 1
0.6286725467896422 1
0.6286725467896422 1
0.6286725467896422 1
0.6286725467896422 1
0.6286725467896422 1
0.6286725467896422 1
0.6286725467896422 1
0.6286725467896422 1
0.6286725467896422 1
0.6286725467896422 1
0.6286725467896422 1
0.6286725467896422 1
0.6286725467896422 1
0.6286725467896422 1
0.6286725467896422 1
0.6286725467896422 1
0.6286725467896422 1
0.6286725467896422 1
0.6286725467896422 1
0.6286725467896422 1
0.6286725467896422 1
0.6286725467896422 1
0.6286725467896422 1
0.6286725467896422 1
0.6286725467896422 1
0.6286725467896422 1
0.6286725467896422 1
0.6286725467896422 1
0.6286725467896422 1
0.6286725467896422 1
0.6286725467896422 1
0.6286725467896422 1
0.6286725467896422 1
0.6286725467896422 1
0.6286725467896422 1
0.6286725467896422 1
0.6286725467896422 1
0.6286725467896422 1
0.6286725467896422 1
0.6286725467896422 1
0.6286725467896422 1
0.6286725467896422 1
0.6286725467896422 1
0.6286725467896422 1
0.6286725467896422 1
0.6286725467896422 1
0.6286725467896422 1
0.6286725467896422 1
0.6286725467896422 1
0.6286725467896422 1
0.6286725467896422 1
0.6286725467896422 1
0.6286725467896422 1
0.6286725467896422 1
0.6286725467896422 1
0.6286725467896422 1
0.6286725467896422 1
0.6286725467896422 1
0.6286725467896422 1
0.6286725467896422 1
0.6286725467896422 1
0.6286725467896422 1
0.6286725467896422 1
0.6286725467896422 1
0.6286725467896422 1
0.6286725467896422 1
0.6286725467896422 1
0.6286725467896422 1
0.6286725467896422 1
0.6286725467896422 1
0.6286725467896422 1
0.6286725467896422 1
0.6286725467896422 1
0.6286725467896422 1
0.6286725467896422 1
0.6286725467896422 1
0.6286725467896422 1
0.6286725467896422 1
0.6286725467896422 1
0.6286725467896422 1
0.6286725467896422 1
0.6286725467896422 1
0.6286725467896422 1
0.6286725467896422 1
0.6286725467896422 1
0.6286725467896422 1
0.6286725467896422 1
0.6286725467896422 1
0.6286725467896422 1
0.6286725467896422 1
0.6286725467896422 1
0.6286725467896422 1
0.6286725467896422 1
0.6286725467896422 1
0.6286725467896422 1
0.6286725467896422 1
0.6286725467896422 1
0.6286725467896422 1
0.6286725467896422 1
0.6286725467896422 1
0.6286725467896422 1
0.6286725467896422 1
0.6286725467896422 1
0.6286725467896422 1
0.6286725467896422 1
0.6286725467896422 1
0.6286725467896422 1
0.6286725467896422 1
0.6286725467896422 1
0.6286725467896422 1
0.6286725467896422 1
0.6286725467896422 1
0.6286725467896422 1
0.6286725467896422 1
0.6286725467896422 1
0.6286725467896422 1
0.6286725467896422 1
0.6286725467896422 1
0.6286725467896422 1
0.6286725467896422 1
0.6286725467896422 1
0.6286725467896422 1
0.6286725467896422 1
0.6286725467896422 1
0.6286725467896422 1
0.6286725467896422 1
0.6286725467896422 1
0.6286725467896422 1
0.6286725467896422 1
0.6286725467896422 1
0.6286725467896422 1
0.6286725467896422 1
0.6286725467896422 1
0.6286725467896422 1
0.6286725467896422 1
0.6286725467896422 1
0.6286725467896422 1
0.6286725467896422 1
0.6286725467896422 1
0.6286725467896422 1
0.6286725467896422 1
0.6286725467896422 1
0.6286725467896422 1
0.6286725467896422 1
0.6286725467896422 1
0.6286725467896422 1
0.6286725467896422 1
0.6286725467896422 1
0.6286725467896422 1
0.6286725467896422 1
0.6286725467896422 1
0.6286725467896422 1
0.6286725467896422 1
0.6286725467896422 1
0.6286725467896422 1
0.6286725467896422 1
0.6286725467896422 1
0.6286725467896422 1
0.6286725467896422 1
0.6286725467896422 1
0.6286725467896422 1
0.6286725467896422 1
0.6286725467896422 1
0.6286725467896422 1
0.6286725467896422 1
0.6286725467896422 1
0.6281968442615691 1
0.6281968442615691 1
0.6281968442615691 1
0.6281968442615691 1
0.6281968442615691 1
0.6281968442615691 1
0.6281968442615691 1
0.6281968442615691 1
0.6281968442615691 1
0.6281968442615691 1
0.6281968442615691 1
0.6281769820764919 0
0.6281769820764919 0
0.6281769820764919 0
0.6281769820764919 0
0.6281769820764919 0
0.6281769820764919 0
0.6281769820764919 0
0.6281769820764919 0
0.6281769820764919 0
0.6281769820764919 0
0.6281769820764919 0
0.6281769820764919 0
0.6281769820764919 0
0.6281769820764919 0
0.6281769820764919 1
0.6281769820764919 1
0.6281769820764919 1
0.6281769820764919 1
0.6281769820764919 1
0.6281769820764919 1
0.6281769820764919 1
0.6281769820764919 1
0.6281769820764919 1
0.6281769820764919 1
0.6281769820764919 1
0.6281769820764919 1
0.6281769820764919 1
0.6281769820764919 1
0.6281769820764919 1
0.6281769820764919 1
0.6281769820764919 1
0.6281769820764919 1
0.6281769820764919 1
0.6281769820764919 1
0.6281769820764919 1
0.6281769820764919 1
0.6281769820764919 1
0.6281769820764919 1
0.6281769820764919 1
0.6281769820764919 1
0.6281769820764919 1
0.6281769820764919 1
0.6281769820764919 1
0.6277681076167592 0
0.6277681076167592 0
0.6277681076167592 1
0.6277681076167592 1
0.6277681076167592 1
0.6277681076167592 1
0.6277681076167592 1
0.6277681076167592 1
0.6277559574688966 0
0.6277559574688966 0
0.6277559574688966 0
0.6277559574688966 1
0.6277559574688966 1
0.6277559574688966 1
0.6277559574688966 1
0.6277559574688966 1
0.627737387951538 0
0.627737387951538 0
0.627737387951538 0
0.627737387951538 0
0.627737387951538 0
0.627737387951538 0
0.627737387951538 0
0.627737387951538 0
0.627737387951538 0
0.627737387951538 0
0.627737387951538 0
0.627737387951538 0
0.627737387951538 0
0.627737387951538 0
0.627737387951538 0
0.627737387951538 0
0.627737387951538 0
0.627737387951538 0
0.627737387951538 0
0.627737387951538 0
0.627737387951538 0
0.627737387951538 0
0.627737387951538 0
0.627737387951538 0
0.627737387951538 0
0.627737387951538 0
0.627737387951538 0
0.627737387951538 0
0.627737387951538 0
0.627737387951538 0
0.627737387951538 0
0.627737387951538 0
0.627737387951538 0
0.627737387951538 0
0.627737387951538 0
0.627737387951538 0
0.627737387951538 0
0.627737387951538 0
0.627737387951538 0
0.627737387951538 0
0.627737387951538 0
0.627737387951538 0
0.627737387951538 0
0.627737387951538 0
0.627737387951538 0
0.627737387951538 0
0.627737387951538 0
0.627737387951538 0
0.627737387951538 0
0.627737387951538 0
0.627737387951538 0
0.627737387951538 0
0.627737387951538 0
0.627737387951538 0
0.627737387951538 0
0.627737387951538 0
0.627737387951538 0
0.627737387951538 0
0.627737387951538 0
0.627737387951538 0
0.627737387951538 0
0.627737387951538 0
0.627737387951538 0
0.627737387951538 0
0.627737387951538 0
0.627737387951538 0
0.627737387951538 0
0.627737387951538 0
0.627737387951538 0
0.627737387951538 0
0.627737387951538 0
0.627737387951538 0
0.627737387951538 0
0.627737387951538 0
0.627737387951538 0
0.627737387951538 0
0.627737387951538 0
0.627737387951538 1
0.627737387951538 1
0.627737387951538 1
0.627737387951538 1
0.627737387951538 1
0.627737387951538 1
0.627737387951538 1
0.627737387951538 1
0.627737387951538 1
0.627737387951538 1
0.627737387951538 1
0.627737387951538 1
0.627737387951538 1
0.627737387951538 1
0.627737387951538 1
0.627737387951538 1
0.627737387951538 1
0.627737387951538 1
0.627737387951538 1
0.627737387951538 1
0.627737387951538 1
0.627737387951538 1
0.627737387951538 1
0.627737387951538 1
0.627737387951538 1
0.627737387951538 1
0.627737387951538 1
0.627737387951538 1
0.627737387951538 1
0.627737387951538 1
0.627737387951538 1
0.627737387951538 1
0.627737387951538 1
0.627737387951538 1
0.627737387951538 1
0.627737387951538 1
0.627737387951538 1
0.627737387951538 1
0.627737387951538 1
0.627737387951538 1
0.627737387951538 1
0.627737387951538 1
0.627737387951538 1
0.627737387951538 1
0.627737387951538 1
0.627737387951538 1
0.627737387951538 1
0.627737387951538 1
0.627737387951538 1
0.627737387951538 1
0.627737387951538 1
0.627737387951538 1
0.627737387951538 1
0.627737387951538 1
0.627737387951538 1
0.627737387951538 1
0.627737387951538 1
0.627737387951538 1
0.627737387951538 1
0.627737387951538 1
0.627737387951538 1
0.627737387951538 1
0.627737387951538 1
0.627737387951538 1
0.627737387951538 1
0.627737387951538 1
0.627737387951538 1
0.627737387951538 1
0.627737387951538 1
0.627737387951538 1
0.627737387951538 1
0.627737387951538 1
0.627737387951538 1
0.627737387951538 1
0.627737387951538 1
0.627737387951538 1
0.627737387951538 1
0.627737387951538 1
0.627737387951538 1
0.627737387951538 1
0.627737387951538 1
0.627737387951538 1
0.627737387951538 1
0.627737387951538 1
0.627737387951538 1
0.627737387951538 1
0.627737387951538 1
0.627737387951538 1
0.627737387951538 1
0.627737387951538 1
0.627737387951538 1
0.627737387951538 1
0.627737387951538 1
0.627737387951538 1
0.627737387951538 1
0.627737387951538 1
0.627737387951538 1
0.627737387951538 1
0.627737387951538 1
0.627737387951538 1
0.627737387951538 1
0.627737387951538 1
0.627737387951538 1
0.627737387951538 1
0.627737387951538 1
0.627737387951538 1
0.627737387951538 1
0.627737387951538 1
0.627737387951538 1
0.627737387951538 1
0.627737387951538 1
0.627737387951538 1
0.627737387951538 1
0.627737387951538 1
0.627737387951538 1
0.627737387951538 1
0.627737387951538 1
0.627737387951538 1
0.627737387951538 1
0.627737387951538 1
0.627737387951538 1
0.627737387951538 1
0.627737387951538 1
0.627737387951538 1
0.627737387951538 1
0.627737387951538 1
0.627737387951538 1
0.627737387951538 1
0.627737387951538 1
0.627737387951538 1
0.627737387951538 1
0.627737387951538 1
0.627737387951538 1
0.627737387951538 1
0.627737387951538 1
0.627737387951538 1
0.627737387951538 1
0.627737387951538 1
0.627737387951538 1
0.627737387951538 1
0.627737387951538 1
0.627737387951538 1
0.627737387951538 1
0.627737387951538 1
0.627737387951538 1
0.627737387951538 1
0.627737387951538 1
0.627737387951538 1
0.627737387951538 1
0.627737387951538 1
0.627737387951538 1
0.627737387951538 1
0.627737387951538 1
0.627737387951538 1
0.627737387951538 1
0.627737387951538 1
0.627737387951538 1
0.627737387951538 1
0.627737387951538 1
0.627737387951538 1
0.627737387951538 1
0.627737387951538 1
0.627737387951538 1
0.627737387951538 1
0.627737387951538 1
0.627737387951538 1
0.627737387951538 1
0.627737387951538 1
0.627737387951538 1
0.627737387951538 1
0.627737387951538 1
0.627737387951538 1
0.627737387951538 1
0.627737387951538 1
0.627737387951538 1
0.627737387951538 1
0.627737387951538 1
0.627737387951538 1
0.627737387951538 1
0.627737387951538 1
0.627737387951538 1
0.627737387951538 1
0.627737387951538 1
0.627737387951538 1
0.627737387951538 1
0.627737387951538 1
0.627737387951538 1
0.627737387951538 1
0.627737387951538 1
0.627737387951538 1
0.627737387951538 1
0.627737387951538 1
0.627737387951538 1
0.627737387951538 1
0.627737387951538 1
0.627737387951538 1
0.627737387951538 1
0.627737387951538 1
0.627737387951538 1
0.627737387951538 1
0.627737387951538 1
0.627737387951538 1
0.627737387951538 1
0.627737387951538 1
0.627737387951538 1
0.627737387951538 1
0.627737387951538 1
0.627737387951538 1
0.627737387951538 1
0.627737387951538 1
0.627737387951538 1
0.627737387951538 1
0.627737387951538 1
0.627737387951538 1
0.627737387951538 1
0.627737387951538 1
0.627737387951538 1
0.627737387951538 1
0.627737387951538 1
0.627737387951538 1
0.627737387951538 1
0.627737387951538 1
0.627737387951538 1
0.627737387951538 1
0.627737387951538 1
0.627737387951538 1
0.627737387951538 1
0.627737387951538 1
0.627737387951538 1
0.627737387951538 1
0.627737387951538 1
0.627737387951538 1
0.627737387951538 1
0.627737387951538 1
0.627737387951538 1
0.627737387951538 1
0.627737387951538 1
0.627737387951538 1
0.627737387951538 1
0.627737387951538 1
0.627737387951538 1
0.627737387951538 1
0.627737387951538 1
0.6266664414798055 0
0.6266664414798055 0
0.6254151567655691 0
0.6254151567655691 0
0.6254151567655691 0
0.6254151567655691 0
0.6254151567655691 1
0.6254151567655691 1
0.6254151567655691 1
0.6254151567655691 1
0.6254151567655691 1
0.6254151567655691 1
0.6254151567655691 1
0.6254151567655691 1
0.6254151567655691 1
0.6254151567655691 1
0.6254151567655691 1
0.6254151567655691 1
0.6254151567655691 1
0.6254151567655691 1
0.6254151567655691 1
0.6251605746600821 0
0.6249980363700077 0
0.6248687681388168 0
0.6248687681388168 0
0.6248687681388168 1
0.6248687681388168 1
0.6248687681388168 1
0.6248687681388168 1
0.6248687681388168 1
0.6248687681388168 1
0.6248687681388168 1
0.6248687681388168 1
0.6248095178209692 1
0.6248095178209692 1
0.6248095178209692 1
0.6248095178209692 1
0.624694141183093 0
0.624694141183093 0
0.624694141183093 0
0.624694141183093 0
0.624694141183093 0
0.624694141183093 0
0.624694141183093 0
0.624694141183093 0
0.624694141183093 0
0.624694141183093 1
0.624694141183093 1
0.624694141183093 1
0.624694141183093 1
0.624694141183093 1
0.624694141183093 1
0.624694141183093 1
0.624694141183093 1
0.624694141183093 1
0.624694141183093 1
0.624694141183093 1
0.624694141183093 1
0.624694141183093 1
0.624694141183093 1
0.624694141183093 1
0.624694141183093 1
0.624694141183093 1
0.624694141183093 1
0.624694141183093 1
0.624694141183093 1
0.624694141183093 1
0.624694141183093 1
0.624694141183093 1
0.624694141183093 1
0.624694141183093 1
0.624694141183093 1
0.624694141183093 1
0.624694141183093 1
0.624694141183093 1
0.624694141183093 1
0.624694141183093 1
0.624694141183093 1
0.624694141183093 1
0.624694141183093 1
0.6246546095143231 0
0.6246546095143231 0
0.6246546095143231 0
0.6246546095143231 0
0.6246546095143231 0
0.6246546095143231 0
0.6246546095143231 0
0.6246546095143231 0
0.6246546095143231 0
0.6246546095143231 0
0.6246546095143231 0
0.6246546095143231 0
0.6246546095143231 0
0.6246546095143231 0
0.6246546095143231 0
0.6246546095143231 1
0.6246546095143231 1
0.6246546095143231 1
0.6246546095143231 1
0.6246546095143231 1
0.6246546095143231 1
0.6246546095143231 1
0.6246546095143231 1
0.6246546095143231 1
0.6246546095143231 1
0.6246546095143231 1
0.6246546095143231 1
0.6246546095143231 1
0.6246546095143231 1
0.6246546095143231 1
0.6246546095143231 1
0.6246546095143231 1
0.6246546095143231 1
0.6246546095143231 1
0.6246546095143231 1
0.6246546095143231 1
0.6246546095143231 1
0.6246546095143231 1
0.6246546095143231 1
0.6246546095143231 1
0.6246546095143231 1
0.6246546095143231 1
0.6246546095143231 1
0.6246546095143231 1
0.6246546095143231 1
0.6246546095143231 1
0.6246546095143231 1
0.6246546095143231 1
0.6246546095143231 1
0.6246546095143231 1
0.6246546095143231 1
0.6246546095143231 1
0.6246546095143231 1
0.6246546095143231 1
0.6246546095143231 1
0.6246546095143231 1
0.6246546095143231 1
0.6246546095143231 1
0.6246546095143231 1
0.6246546095143231 1
0.6246546095143231 1
0.6246546095143231 1
0.6246546095143231 1
0.6246546095143231 1
0.6246546095143231 1
0.6246546095143231 1
0.6246546095143231 1
0.6246546095143231 1
0.6246546095143231 1
0.6246546095143231 1
0.6246546095143231 1
0.6246546095143231 1
0.6246546095143231 1
0.6246546095143231 1
0.6246546095143231 1
0.6246546095143231 1
0.6246546095143231 1
0.6246546095143231 1
0.6246546095143231 1
0.6246546095143231 1
0.6246546095143231 1
0.6246546095143231 1
0.6246546095143231 1
0.6246546095143231 1
0.6246546095143231 1
0.6246546095143231 1
0.6246546095143231 1
0.6246546095143231 1
0.6246546095143231 1
0.6241964408525548 1
0.6241964408525548 1
0.6241964408525548 1
0.6241964408525548 1
0.6241964408525548 1
0.6241964408525548 1
0.6241964408525548 1
0.6241964408525548 1
0.6240357934241837 0
0.6240357934241837 0
0.6237236986067652 0
0.6237236986067652 1
0.6237236986067652 1
0.6237236986067652 1
0.6237236986067652 1
0.6237236986067652 1
0.6237236986067652 1
0.6237236986067652 1
0.6237236986067652 1
0.6237236986067652 1
0.6237236986067652 1
0.6237236986067652 1
0.6237236986067652 1
0.6237236986067652 1
0.6237236986067652 1
0.6237236986067652 1
0.6237236986067652 1
0.6237236986067652 1
0.6237236986067652 1
0.6237236986067652 1
0.6217132224173355 0
0.6217132224173355 0
0.6217132224173355 0
0.6217132224173355 0
0.6217132224173355 0
0.6217132224173355 0
0.6217132224173355 0
0.6217132224173355 0
0.6217132224173355 0
0.6217132224173355 0
0.6217132224173355 0
0.6217132224173355 0
0.6217132224173355 0
0.6217132224173355 0
0.6217132224173355 0
0.6217132224173355 0
0.6217132224173355 0
0.6217132224173355 0
0.6217132224173355 0
0.6217132224173355 0
0.6217132224173355 0
0.6217132224173355 0
0.6217132224173355 0
0.6217132224173355 0
0.6217132224173355 0
0.6217132224173355 0
0.6217132224173355 0
0.6217132224173355 0
0.6217132224173355 0
0.6217132224173355 0
0.6217132224173355 0
0.6217132224173355 0
0.6217132224173355 0
0.6217132224173355 0
0.6217132224173355 0
0.6217132224173355 0
0.6217132224173355 0
0.6217132224173355 0
0.6217132224173355 0
0.6217132224173355 0
0.6217132224173355 0
0.6217132224173355 0
0.6217132224173355 0
0.6217132224173355 0
0.6217132224173355 0
0.6217132224173355 0
0.6217132224173355 0
0.6217132224173355 0
0.6217132224173355 0
0.6217132224173355 0
0.6217132224173355 0
0.6217132224173355 1
0.6217132224173355 1
0.6217132224173355 1
0.6217132224173355 1
0.6217132224173355 1
0.6217132224173355 1
0.6217132224173355 1
0.6217132224173355 1
0.6217132224173355 1
0.6217132224173355 1
0.6217132224173355 1
0.6217132224173355 1
0.6217132224173355 1
0.6217132224173355 1
0.6217132224173355 1
0.6217132224173355 1
0.6217132224173355 1
0.6217132224173355 1
0.6217132224173355 1
0.6217132224173355 1
0.6217132224173355 1
0.6217132224173355 1
0.6217132224173355 1
0.6217132224173355 1
0.6217132224173355 1
0.6217132224173355 1
0.6217132224173355 1
0.6217132224173355 1
0.6217132224173355 1
0.6217132224173355 1
0.6217132224173355 1
0.6217132224173355 1
0.6217132224173355 1
0.6217132224173355 1
0.6217132224173355 1
0.6217132224173355 1
0.6217132224173355 1
0.6217132224173355 1
0.6217132224173355 1
0.6217132224173355 1
0.6217132224173355 1
0.6217132224173355 1
0.6217132224173355 1
0.6217132224173355 1
0.6217132224173355 1
0.6217132224173355 1
0.6217132224173355 1
0.6217132224173355 1
0.6217132224173355 1
0.6217132224173355 1
0.6217132224173355 1
0.6217132224173355 1
0.6217132224173355 1
0.6217132224173355 1
0.6217132224173355 1
0.6217132224173355 1
0.6217132224173355 1
0.6217132224173355 1
0.6217132224173355 1
0.6217132224173355 1
0.6217132224173355 1
0.6217132224173355 1
0.6217132224173355 1
0.6217132224173355 1
0.6217132224173355 1
0.6217132224173355 1
0.6217132224173355 1
0.6217132224173355 1
0.6217132224173355 1
0.6217132224173355 1
0.6217132224173355 1
0.6217132224173355 1
0.6217132224173355 1
0.6217132224173355 1
0.6217132224173355 1
0.6217132224173355 1
0.6217132224173355 1
0.6217132224173355 1
0.6217132224173355 1
0.6217132224173355 1
0.6217132224173355 1
0.6217132224173355 1
0.6217132224173355 1
0.6217132224173355 1
0.6217132224173355 1
0.6217132224173355 1
0.6217132224173355 1
0.6217132224173355 1
0.6217132224173355 1
0.6217132224173355 1
0.6217132224173355 1
0.6217132224173355 1
0.6217132224173355 1
0.6217132224173355 1
0.6217132224173355 1
0.6217132224173355 1
0.6217132224173355 1
0.6217132224173355 1
0.6217132224173355 1
0.6217132224173355 1
0.6217132224173355 1
0.6217132224173355 1
0.6217132224173355 1
0.6217132224173355 1
0.6217132224173355 1
0.6217132224173355 1
0.6217132224173355 1
0.6217132224173355 1
0.6217132224173355 1
0.6217132224173355 1
0.6217132224173355 1
0.6217132224173355 1
0.6217132224173355 1
0.6217132224173355 1
0.6217132224173355 1
0.6217132224173355 1
0.6217132224173355 1
0.6217132224173355 1
0.6217132224173355 1
0.6217132224173355 1
0.6217132224173355 1
0.6211379012618395 0
0.6208146872742328 1
0.6208146872742328 1
0.6207813577689957 0
0.6207813577689957 0
0.6207813577689957 0
0.6207813577689957 0
0.6207813577689957 0
0.6207813577689957 0
0.6207813577689957 1
0.6207813577689957 1
0.6207813577689957 1
0.6207813577689957 1
0.6207813577689957 1
0.620659130975576 0
0.620659130975576 0
0.620659130975576 0
0.620659130975576 1
0.6198509140557028 0
0.6198509140557028 0
0.6198509140557028 1
0.6198509140557028 1
0.6198509140557028 1
0.6198509140557028 1
0.6198509140557028 1
0.6198509140557028 1
0.6198509140557028 1
0.6198509140557028 1
0.6198509140557028 1
0.6198509140557028 1
0.6198509140557028 1
0.6198509140557028 1
0.6198509140557028 1
0.6198424653135801 0
0.6198424653135801 0
0.6198424653135801 0
0.6198424653135801 1
0.6198424653135801 1
0.6198424653135801 1
0.6198424653135801 1
0.6198424653135801 1
0.6198424653135801 1
0.6198424653135801 1
0.6198424653135801 1
0.6198424653135801 1
0.6198424653135801 1
0.6198424653135801 1
0.6198424653135801 1
0.6198424653135801 1
0.6198424653135801 1
0.6198424653135801 1
0.6198424653135801 1
0.6184059007845988 1
0.6184059007845988 1
0.6179618013628868 0
0.6179618013628868 1
0.6179618013628868 1
0.6179618013628868 1
0.6179618013628868 1
0.6179618013628868 1
0.6179618013628868 1
0.6179618013628868 1
0.6179618013628868 1
0.6179618013628868 1
0.6179618013628868 1
0.6179618013628868 1
0.6179618013628868 1
0.6179618013628868 1
0.6179618013628868 1
0.6179618013628868 1
0.6179618013628868 1
0.6179618013628868 1
0.6179618013628868 1
0.6179618013628868 1
0.6179618013628868 1
0.6179618013628868 1
0.617704878317343 1
0.617704878317343 1
0.6167699441252766 0
0.6165969486745658 0
0.6165969486745658 0
0.6165969486745658 0
0.6165969486745658 1
0.6165969486745658 1
0.6165969486745658 1
0.6165969486745658 1
0.6165969486745658 1
0.6165969486745658 1
0.6165969486745658 1
0.6165969486745658 1
0.6165969486745658 1
0.6165969486745658 1
0.6165969486745658 1
0.6165969486745658 1
0.6165969486745658 1
0.6165969486745658 1
0.6165969486745658 1
0.6165969486745658 1
0.616588202863372 1
0.616588202863372 1
0.6162936025356827 0
0.6162936025356827 1
0.6162936025356827 1
0.6161708236292974 0
0.6160751447973978 0
0.6160751447973978 0
0.6160751447973978 0
0.6160751447973978 0
0.6160751447973978 0
0.6160751447973978 1
0.6160751447973978 1
0.6160751447973978 1
0.6160751447973978 1
0.6160751447973978 1
0.6160751447973978 1
0.6160751447973978 1
0.6160751447973978 1
0.6160751447973978 1
0.6160751447973978 1
0.6160751447973978 1
0.6160751447973978 1
0.6160751447973978 1
0.6160751447973978 1
0.6160751447973978 1
0.6160751447973978 1
0.6160751447973978 1
0.6160751447973978 1
0.6160751447973978 1
0.6160751447973978 1
0.6160751447973978 1
0.6160751447973978 1
0.6160751447973978 1
0.6160751447973978 1
0.6160751447973978 1
0.6160751447973978 1
0.6160751447973978 1
0.6160751447973978 1
0.6160751447973978 1
0.6160751447973978 1
0.6160751447973978 1
0.6160751447973978 1
0.615595869783295 1
0.615595869783295 1
0.615595869783295 1
0.615595869783295 1
0.615595869783295 1
0.615595869783295 1
0.615595869783295 1
0.6155728841633895 1
0.6145719243472871 0
0.6145719243472871 0
0.6145719243472871 0
0.6145719243472871 0
0.6145719243472871 0
0.6145719243472871 0
0.6145719243472871 0
0.6145719243472871 0
0.6145719243472871 0
0.6145719243472871 0
0.6145719243472871 0
0.6145719243472871 0
0.6145719243472871 0
0.6145719243472871 0
0.6145719243472871 1
0.6145719243472871 1
0.6145719243472871 1
0.6145719243472871 1
0.6145719243472871 1
0.6145719243472871 1
0.6145719243472871 1
0.6145719243472871 1
0.6145719243472871 1
0.6145719243472871 1
0.6145719243472871 1
0.6145719243472871 1
0.6145719243472871 1
0.6145719243472871 1
0.6145719243472871 1
0.6145719243472871 1
0.6145719243472871 1
0.6145719243472871 1
0.6145719243472871 1
0.6145719243472871 1
0.6145719243472871 1
0.6145719243472871 1
0.6145719243472871 1
0.6145719243472871 1
0.6145719243472871 1
0.6145719243472871 1
0.6145719243472871 1
0.6145719243472871 1
0.6145719243472871 1
0.6145719243472871 1
0.6145719243472871 1
0.6145719243472871 1
0.6145719243472871 1
0.6145719243472871 1
0.6145719243472871 1
0.6145719243472871 1
0.6145719243472871 1
0.6145719243472871 1
0.6145719243472871 1
0.6145719243472871 1
0.6145719243472871 1
0.6145719243472871 1
0.6145719243472871 1
0.6145719243472871 1
0.6145719243472871 1
0.6145719243472871 1
0.6145719243472871 1
0.6145719243472871 1
0.6145719243472871 1
0.6145719243472871 1
0.6145719243472871 1
0.6145719243472871 1
0.6145719243472871 1
0.6145719243472871 1
0.6145719243472871 1
0.6145719243472871 1
0.6145719243472871 1
0.6145719243472871 1
0.6145719243472871 1
0.6145719243472871 1
0.6145719243472871 1
0.6145719243472871 1
0.6145719243472871 1
0.6145719243472871 1
0.6145719243472871 1
0.6145719243472871 1
0.6145719243472871 1
0.6145719243472871 1
0.6145719243472871 1
0.6145719243472871 1
0.6139391105303484 0
0.6139391105303484 0
0.6139391105303484 1
0.6139391105303484 1
0.6139391105303484 1
0.6139391105303484 1
0.6139391105303484 1
0.6139391105303484 1
0.6130324529369722 1
0.6130324529369722 1
0.6130324529369722 1
0.6130324529369722 1
0.6129764843897311 0
0.6129764843897311 0
0.6129764843897311 0
0.6129764843897311 0
0.6129764843897311 0
0.6129764843897311 0
0.6129764843897311 0
0.6129764843897311 0
0.6129764843897311 0
0.6129764843897311 0
0.6129764843897311 0
0.6129764843897311 0
0.6129764843897311 0
0.6129764843897311 0
0.6129764843897311 0
0.6129764843897311 0
0.6129764843897311 0
0.6129764843897311 0
0.6129764843897311 0
0.6129764843897311 0
0.6129764843897311 0
0.6129764843897311 0
0.6129764843897311 0
0.6129764843897311 0
0.6129764843897311 0
0.6129764843897311 0
0.6129764843897311 0
0.6129764843897311 0
0.6129764843897311 0
0.6129764843897311 0
0.6129764843897311 0
0.6129764843897311 0
0.6129764843897311 0
0.6129764843897311 0
0.6129764843897311 0
0.6129764843897311 0
0.6129764843897311 0
0.6129764843897311 0
0.6129764843897311 0
0.6129764843897311 0
0.6129764843897311 0
0.6129764843897311 0
0.6129764843897311 0
0.6129764843897311 0
0.6129764843897311 0
0.6129764843897311 0
0.6129764843897311 0
0.6129764843897311 0
0.6129764843897311 0
0.6129764843897311 0
0.6129764843897311 0
0.6129764843897311 0
0.6129764843897311 0
0.6129764843897311 0
0.6129764843897311 0
0.6129764843897311 0
0.6129764843897311 0
0.6129764843897311 0
0.6129764843897311 0
0.6129764843897311 0
0.6129764843897311 0
0.6129764843897311 0
0.6129764843897311 0
0.6129764843897311 0
0.6129764843897311 0
0.6129764843897311 0
0.6129764843897311 0
0.6129764843897311 0
0.6129764843897311 0
0.6129764843897311 0
0.6129764843897311 0
0.6129764843897311 0
0.6129764843897311 0
0.6129764843897311 0
0.6129764843897311 0
0.6129764843897311 0
0.6129764843897311 0
0.6129764843897311 0
0.6129764843897311 0
0.6129764843897311 0
0.6129764843897311 0
0.6129764843897311 0
0.6129764843897311 0
0.6129764843897311 0
0.6129764843897311 0
0.6129764843897311 0
0.6129764843897311 0
0.6129764843897311 0
0.6129764843897311 0
0.6129764843897311 0
0.6129764843897311 0
0.6129764843897311 0
0.6129764843897311 0
0.6129764843897311 0
0.6129764843897311 0
0.6129764843897311 0
0.6129764843897311 0
0.6129764843897311 0
0.6129764843897311 0
0.6129764843897311 0
0.6129764843897311 0
0.6129764843897311 0
0.6129764843897311 0
0.6129764843897311 0
0.6129764843897311 0
0.6129764843897311 0
0.6129764843897311 0
0.6129764843897311 0
0.6129764843897311 0
0.6129764843897311 0
0.6129764843897311 0
0.6129764843897311 0
0.6129764843897311 0
0.6129764843897311 0
0.6129764843897311 0
0.6129764843897311 0
0.6129764843897311 0
0.6129764843897311 0
0.6129764843897311 0
0.6129764843897311 0
0.6129764843897311 0
0.6129764843897311 0
0.6129764843897311 0
0.6129764843897311 0
0.6129764843897311 0
0.6129764843897311 0
0.6129764843897311 0
0.6129764843897311 0
0.6129764843897311 0
0.6129764843897311 0
0.6129764843897311 0
0.6129764843897311 0
0.6129764843897311 0
0.6129764843897311 0
0.6129764843897311 0
0.6129764843897311 0
0.6129764843897311 0
0.6129764843897311 0
0.6129764843897311 0
0.6129764843897311 0
0.6129764843897311 0
0.6129764843897311 0
0.6129764843897311 0
0.6129764843897311 0
0.6129764843897311 0
0.6129764843897311 0
0.6129764843897311 0
0.6129764843897311 0
0.6129764843897311 0
0.6129764843897311 0
0.6129764843897311 0
0.6129764843897311 0
0.6129764843897311 0
0.6129764843897311 0
0.6129764843897311 0
0.6129764843897311 0
0.6129764843897311 0
0.6129764843897311 0
0.6129764843897311 0
0.6129764843897311 0
0.6129764843897311 0
0.6129764843897311 0
0.6129764843897311 0
0.6129764843897311 0
0.6129764843897311 0
0.6129764843897311 0
0.6129764843897311 0
0.6129764843897311 0
0.6129764843897311 0
0.6129764843897311 0
0.6129764843897311 0
0.6129764843897311 0
0.6129764843897311 0
0.6129764843897311 0
0.6129764843897311 0
0.6129764843897311 0
0.6129764843897311 0
0.6129764843897311 0
0.6129764843897311 0
0.6129764843897311 0
0.6129764843897311 0
0.6129764843897311 0
0.6129764843897311 0
0.6129764843897311 0
0.6129764843897311 0
0.6129764843897311 0
0.6129764843897311 0
0.6129764843897311 0
0.6129764843897311 0
0.6129764843897311 0
0.6129764843897311 0
0.6129764843897311 0
0.6129764843897311 0
0.6129764843897311 0
0.6129764843897311 0
0.6129764843897311 0
0.6129764843897311 1
0.6129764843897311 1
0.6129764843897311 1
0.6129764843897311 1
0.6129764843897311 1
0.6129764843897311 1
0.6129764843897311 1
0.6129764843897311 1
0.6129764843897311 1
0.6129764843897311 1
0.6129764843897311 1
0.6129764843897311 1
0.6129764843897311 1
0.6129764843897311 1
0.6129764843897311 1
0.6129764843897311 1
0.6129764843897311 1
0.6129764843897311 1
0.6129764843897311 1
0.6129764843897311 1
0.6129764843897311 1
0.6129764843897311 1
0.6129764843897311 1
0.6129764843897311 1
0.6129764843897311 1
0.6129764843897311 1
0.6129764843897311 1
0.6129764843897311 1
0.6129764843897311 1
0.6129764843897311 1
0.6129764843897311 1
0.6129764843897311 1
0.6129764843897311 1
0.6129764843897311 1
0.6129764843897311 1
0.6129764843897311 1
0.6129764843897311 1
0.6129764843897311 1
0.6129764843897311 1
0.6129764843897311 1
0.6129764843897311 1
0.6129764843897311 1
0.6129764843897311 1
0.6129764843897311 1
0.6129764843897311 1
0.6129764843897311 1
0.6129764843897311 1
0.6129764843897311 1
0.6129764843897311 1
0.6129764843897311 1
0.6129764843897311 1
0.6129764843897311 1
0.6129764843897311 1
0.6129764843897311 1
0.6129764843897311 1
0.6129764843897311 1
0.6129764843897311 1
0.6129764843897311 1
0.6129764843897311 1
0.6129764843897311 1
0.6129764843897311 1
0.6129764843897311 1
0.6129764843897311 1
0.6129764843897311 1
0.6129764843897311 1
0.6129764843897311 1
0.6129764843897311 1
0.6129764843897311 1
0.6129764843897311 1
0.6129764843897311 1
0.6129764843897311 1
0.6129764843897311 1
0.6129764843897311 1
0.6129764843897311 1
0.6129764843897311 1
0.6129764843897311 1
0.6129764843897311 1
0.6129764843897311 1
0.6129764843897311 1
0.6129764843897311 1
0.6129764843897311 1
0.6129764843897311 1
0.6129764843897311 1
0.6129764843897311 1
0.6129764843897311 1
0.6129764843897311 1
0.6129764843897311 1
0.6129764843897311 1
0.6129764843897311 1
0.6129764843897311 1
0.6129764843897311 1
0.6129764843897311 1
0.6129764843897311 1
0.6129764843897311 1
0.6129764843897311 1
0.6129764843897311 1
0.6129764843897311 1
0.6129764843897311 1
0.6129764843897311 1
0.6129764843897311 1
0.6129764843897311 1
0.6129764843897311 1
0.6129764843897311 1
0.6129764843897311 1
0.6129764843897311 1
0.6129764843897311 1
0.6129764843897311 1
0.6129764843897311 1
0.6129764843897311 1
0.6129764843897311 1
0.6129764843897311 1
0.6129764843897311 1
0.6129764843897311 1
0.6129764843897311 1
0.6129764843897311 1
0.6129764843897311 1
0.6129764843897311 1
0.6129764843897311 1
0.6129764843897311 1
0.6129764843897311 1
0.6129764843897311 1
0.6129764843897311 1
0.6129764843897311 1
0.6129764843897311 1
0.6129764843897311 1
0.6129764843897311 1
0.6129764843897311 1
0.6129764843897311 1
0.6129764843897311 1
0.6129764843897311 1
0.6129764843897311 1
0.6129764843897311 1
0.6129764843897311 1
0.6129764843897311 1
0.6129764843897311 1
0.6129764843897311 1
0.6129764843897311 1
0.6129764843897311 1
0.6129764843897311 1
0.6129764843897311 1
0.6129764843897311 1
0.6129764843897311 1
0.6129764843897311 1
0.6129764843897311 1
0.6129764843897311 1
0.6129764843897311 1
0.6129764843897311 1
0.6129764843897311 1
0.6129764843897311 1
0.6129764843897311 1
0.6129764843897311 1
0.6129764843897311 1
0.6129764843897311 1
0.6129764843897311 1
0.6129764843897311 1
0.6129764843897311 1
0.6129764843897311 1
0.6129764843897311 1
0.6129764843897311 1
0.6129764843897311 1
0.6129764843897311 1
0.6129764843897311 1
0.6129764843897311 1
0.6129764843897311 1
0.6129764843897311 1
0.6129764843897311 1
0.6129764843897311 1
0.6129764843897311 1
0.6129764843897311 1
0.6129764843897311 1
0.6129764843897311 1
0.6129764843897311 1
0.6129764843897311 1
0.6129764843897311 1
0.6129764843897311 1
0.6129764843897311 1
0.6129764843897311 1
0.6129764843897311 1
0.6129764843897311 1
0.6129764843897311 1
0.6129764843897311 1
0.6129764843897311 1
0.6129764843897311 1
0.6129764843897311 1
0.6129764843897311 1
0.6129764843897311 1
0.6129764843897311 1
0.6129764843897311 1
0.6129764843897311 1
0.6129764843897311 1
0.6129764843897311 1
0.6129764843897311 1
0.6129764843897311 1
0.6129764843897311 1
0.6129764843897311 1
0.6129764843897311 1
0.6129764843897311 1
0.6129764843897311 1
0.6129764843897311 1
0.6129764843897311 1
0.6129764843897311 1
0.6129764843897311 1
0.6129764843897311 1
0.6129764843897311 1
0.6129764843897311 1
0.6129764843897311 1
0.6129764843897311 1
0.6129764843897311 1
0.6129764843897311 1
0.6129764843897311 1
0.6129764843897311 1
0.6129764843897311 1
0.6129764843897311 1
0.6129764843897311 1
0.6129764843897311 1
0.6129764843897311 1
0.6129764843897311 1
0.6129764843897311 1
0.6129764843897311 1
0.6129764843897311 1
0.6129764843897311 1
0.6129764843897311 1
0.6129764843897311 1
0.6129764843897311 1
0.6129764843897311 1
0.6129764843897311 1
0.6129764843897311 1
0.6129764843897311 1
0.6129764843897311 1
0.6129764843897311 1
0.6129764843897311 1
0.6129764843897311 1
0.6129764843897311 1
0.6129764843897311 1
0.6129764843897311 1
0.6129764843897311 1
0.6129764843897311 1
0.6129764843897311 1
0.6129764843897311 1
0.6129764843897311 1
0.6129764843897311 1
0.6129764843897311 1
0.6129764843897311 1
0.6129764843897311 1
0.6129764843897311 1
0.6129764843897311 1
0.6129764843897311 1
0.6129764843897311 1
0.6129764843897311 1
0.6129764843897311 1
0.6129764843897311 1
0.6129764843897311 1
0.6129764843897311 1
0.6129764843897311 1
0.6129764843897311 1
0.6129764843897311 1
0.6129764843897311 1
0.6129764843897311 1
0.6129764843897311 1
0.6129764843897311 1
0.6129764843897311 1
0.6129764843897311 1
0.6129764843897311 1
0.6129764843897311 1
0.6129764843897311 1
0.6129764843897311 1
0.6129764843897311 1
0.6129764843897311 1
0.6129764843897311 1
0.6129764843897311 1
0.6129764843897311 1
0.6129764843897311 1
0.6129764843897311 1
0.6129764843897311 1
0.6129764843897311 1
0.6129764843897311 1
0.6129764843897311 1
0.6129764843897311 1
0.6129764843897311 1
0.6129764843897311 1
0.6129764843897311 1
0.6129764843897311 1
0.6129764843897311 1
0.6129764843897311 1
0.6129764843897311 1
0.6129764843897311 1
0.6129764843897311 1
0.6129764843897311 1
0.6129764843897311 1
0.6129764843897311 1
0.6129764843897311 1
0.6129764843897311 1
0.6129764843897311 1
0.6129764843897311 1
0.6129764843897311 1
0.6129764843897311 1
0.6129764843897311 1
0.6129764843897311 1
0.6129764843897311 1
0.6129764843897311 1
0.6129764843897311 1
0.6129764843897311 1
0.6129764843897311 1
0.6129764843897311 1
0.6129764843897311 1
0.6129764843897311 1
0.6129764843897311 1
0.6129764843897311 1
0.6129764843897311 1
0.6129764843897311 1
0.6129764843897311 1
0.6129764843897311 1
0.6129764843897311 1
0.6129764843897311 1
0.6129764843897311 1
0.6129764843897311 1
0.6129764843897311 1
0.6129764843897311 1
0.6129764843897311 1
0.6129764843897311 1
0.6129764843897311 1
0.6129764843897311 1
0.6129764843897311 1
0.6129764843897311 1
0.6129764843897311 1
0.6129764843897311 1
0.6129764843897311 1
0.6129764843897311 1
0.6129764843897311 1
0.6129764843897311 1
0.6129764843897311 1
0.6129764843897311 1
0.6129764843897311 1
0.6129764843897311 1
0.6129764843897311 1
0.6129764843897311 1
0.6129764843897311 1
0.6129764843897311 1
0.6129764843897311 1
0.6129764843897311 1
0.6129764843897311 1
0.6129764843897311 1
0.6129764843897311 1
0.6129764843897311 1
0.6129764843897311 1
0.6129764843897311 1
0.6129764843897311 1
0.6129764843897311 1
0.6129764843897311 1
0.6129764843897311 1
0.6129764843897311 1
0.6129764843897311 1
0.6129764843897311 1
0.6129764843897311 1
0.6129764843897311 1
0.6129764843897311 1
0.6129764843897311 1
0.6129764843897311 1
0.6129764843897311 1
0.6129764843897311 1
0.6129764843897311 1
0.6129764843897311 1
0.6129764843897311 1
0.6129764843897311 1
0.6129764843897311 1
0.6129764843897311 1
0.6129764843897311 1
0.6129764843897311 1
0.6129764843897311 1
0.6129764843897311 1
0.6129764843897311 1
0.6129764843897311 1
0.6129764843897311 1
0.6129764843897311 1
0.6129764843897311 1
0.6129764843897311 1
0.6129764843897311 1
0.6129764843897311 1
0.6129764843897311 1
0.6129764843897311 1
0.6129764843897311 1
0.6129764843897311 1
0.6125888946974064 0
0.6125436257113742 0
0.6125436257113742 1
0.6125436257113742 1
0.6123555480286121 1
0.6121683278979675 0
0.6120775124555033 0
0.6116579412755928 1
0.6106549428679303 0
0.6106549428679303 0
0.6106549428679303 1
0.6106549428679303 1
0.6106549428679303 1
0.6100568440948736 0
0.6100568440948736 0
0.6100568440948736 0
0.6100568440948736 0
0.6100568440948736 0
0.6100568440948736 0
0.6100568440948736 0
0.6100568440948736 0
0.6100568440948736 0
0.6100568440948736 1
0.6100568440948736 1
0.6100568440948736 1
0.6096279338858049 1
0.6096279338858049 1
0.6096279338858049 1
0.6096279338858049 1
0.6096279338858049 1
0.6091143185720385 0
0.6091143185720385 0
0.6091143185720385 0
0.6091143185720385 0
0.6091143185720385 1
0.6091143185720385 1
0.6091143185720385 1
0.6091143185720385 1
0.6091143185720385 1
0.6091143185720385 1
0.6091143185720385 1
0.6091143185720385 1
0.6091143185720385 1
0.6089906999173711 1
0.6089403261548747 1
0.6089403261548747 1
0.6089403261548747 1
0.6089403261548747 1
0.6089403261548747 1
0.6089403261548747 1
0.6089403261548747 1
0.6089403261548747 1
0.6089403261548747 1
0.6089403261548747 1
0.6089403261548747 1
0.6089403261548747 1
0.6089403261548747 1
0.6089403261548747 1
0.6089403261548747 1
0.6089403261548747 1
0.6089403261548747 1
0.6089403261548747 1
0.6089403261548747 1
0.6089403261548747 1
0.6089403261548747 1
0.6089403261548747 1
0.6089345197075167 0
0.6089345197075167 0
0.6089345197075167 0
0.6089345197075167 0
0.6089345197075167 0
0.6089345197075167 0
0.6089345197075167 0
0.6089345197075167 0
0.6089345197075167 0
0.6089345197075167 0
0.6089345197075167 0
0.6089345197075167 0
0.6089345197075167 0
0.6089345197075167 0
0.6089345197075167 0
0.6089345197075167 0
0.6089345197075167 0
0.6089345197075167 1
0.6089345197075167 1
0.6089345197075167 1
0.6089345197075167 1
0.6089345197075167 1
0.6089345197075167 1
0.6089345197075167 1
0.6089345197075167 1
0.6089345197075167 1
0.6089345197075167 1
0.6089345197075167 1
0.6089345197075167 1
0.6089345197075167 1
0.6089345197075167 1
0.6089345197075167 1
0.6089345197075167 1
0.6089345197075167 1
0.6089345197075167 1
0.6089345197075167 1
0.6089345197075167 1
0.6089345197075167 1
0.6089345197075167 1
0.6089345197075167 1
0.6089345197075167 1
0.6089345197075167 1
0.6089345197075167 1
0.6089345197075167 1
0.6089345197075167 1
0.6089345197075167 1
0.6089345197075167 1
0.6088943673274828 0
0.6088943673274828 0
0.6088943673274828 0
0.6088943673274828 0
0.6088943673274828 0
0.6088943673274828 0
0.6088943673274828 0
0.6088943673274828 0
0.6088943673274828 0
0.6088943673274828 0
0.6088943673274828 0
0.6088943673274828 0
0.6088943673274828 1
0.6088943673274828 1
0.6088943673274828 1
0.6088943673274828 1
0.6088943673274828 1
0.6088943673274828 1
0.6088943673274828 1
0.6088943673274828 1
0.6088943673274828 1
0.6088943673274828 1
0.6088943673274828 1
0.6088943673274828 1
0.6088943673274828 1
0.6088943673274828 1
0.6088943673274828 1
0.6088943673274828 1
0.6088943673274828 1
0.6088943673274828 1
0.6088943673274828 1
0.6088943673274828 1
0.6088943673274828 1
0.6085887955291043 0
0.6085887955291043 0
0.6084468049873833 0
0.6084468049873833 0
0.6084468049873833 0
0.6084468049873833 0
0.6084468049873833 0
0.6084468049873833 1
0.6081647728825649 1
0.6081647728825649 1
0.6081647728825649 1
0.6081647728825649 1
0.6081647728825649 1
0.6081647728825649 1
0.6081647728825649 1
0.6063724455545259 0
0.6063724455545259 0
0.6063724455545259 0
0.6063724455545259 0
0.6063724455545259 0
0.6063724455545259 0
0.6063724455545259 0
0.6063724455545259 1
0.6063724455545259 1
0.6063724455545259 1
0.6063724455545259 1
0.6063724455545259 1
0.6063724455545259 1
0.6063724455545259 1
0.6063724455545259 1
0.6063724455545259 1
0.6063724455545259 1
0.6063724455545259 1
0.6063724455545259 1
0.6063724455545259 1
0.6063724455545259 1
0.6063724455545259 1
0.6063724455545259 1
0.6063724455545259 1
0.6063724455545259 1
0.6063724455545259 1
0.6063724455545259 1
0.6063724455545259 1
0.6063724455545259 1
0.6063724455545259 1
0.6063724455545259 1
0.6063724455545259 1
0.6063724455545259 1
0.6063724455545259 1
0.6063724455545259 1
0.6063724455545259 1
0.6063724455545259 1
0.6063724455545259 1
0.6063724455545259 1
0.6063724455545259 1
0.6063724455545259 1
0.6063724455545259 1
0.6063724455545259 1
0.6063724455545259 1
0.605058006679562 0
0.6049613336956089 0
0.6049613336956089 0
0.6049613336956089 0
0.6049613336956089 0
0.6049613336956089 1
0.6049613336956089 1
0.6049613336956089 1
0.6049613336956089 1
0.6049613336956089 1
0.6049613336956089 1
0.6049613336956089 1
0.6049613336956089 1
0.6049613336956089 1
0.6049613336956089 1
0.6049613336956089 1
0.6048833799222573 1
0.6048833799222573 1
0.604874269438892 1
0.6048372537113911 0
0.6048372537113911 0
0.6048372537113911 0
0.6043555945542615 0
0.6040082581492006 0
0.6040082581492006 1
0.6040082581492006 1
0.6040082581492006 1
0.6040082581492006 1
0.6040082581492006 1
0.6040082581492006 1
0.6040082581492006 1
0.6039366348495725 0
0.6038478608524159 1
0.6038478608524159 1
0.6038478608524159 1
0.6038478608524159 1
0.6036204868961307 1
0.6036204868961307 1
0.6036204868961307 1
0.6028360690699979 0
0.6028360690699979 0
0.6028360690699979 0
0.6028360690699979 0
0.6028360690699979 0
0.6028360690699979 1
0.6028360690699979 1
0.6028360690699979 1
0.6028360690699979 1
0.6028360690699979 1
0.6028360690699979 1
0.6028360690699979 1
0.6028360690699979 1
0.6028360690699979 1
0.6028360690699979 1
0.6028360690699979 1
0.6028360690699979 1
0.6014834976349487 0
0.6014834976349487 0
0.6014834976349487 0
0.6014834976349487 0
0.6014834976349487 0
0.6014834976349487 0
0.6014834976349487 0
0.6014834976349487 0
0.6014834976349487 0
0.6014834976349487 0
0.6014834976349487 0
0.6014834976349487 0
0.6014834976349487 0
0.6014834976349487 0
0.6014834976349487 0
0.6014834976349487 0
0.6014834976349487 0
0.6014834976349487 0
0.6014834976349487 0
0.6014834976349487 0
0.6014834976349487 0
0.6014834976349487 0
0.6014834976349487 0
0.6014834976349487 0
0.6014834976349487 0
0.6014834976349487 0
0.6014834976349487 0
0.6014834976349487 0
0.6014834976349487 0
0.6014834976349487 0
0.6014834976349487 0
0.6014834976349487 0
0.6014834976349487 0
0.6014834976349487 0
0.6014834976349487 0
0.6014834976349487 0
0.6014834976349487 0
0.6014834976349487 0
0.6014834976349487 0
0.6014834976349487 0
0.6014834976349487 0
0.6014834976349487 0
0.6014834976349487 0
0.6014834976349487 0
0.6014834976349487 0
0.6014834976349487 0
0.6014834976349487 0
0.6014834976349487 0
0.6014834976349487 0
0.6014834976349487 0
0.6014834976349487 0
0.6014834976349487 0
0.6014834976349487 1
0.6014834976349487 1
0.6014834976349487 1
0.6014834976349487 1
0.6014834976349487 1
0.6014834976349487 1
0.6014834976349487 1
0.6014834976349487 1
0.6014834976349487 1
0.6014834976349487 1
0.6014834976349487 1
0.6014834976349487 1
0.6014834976349487 1
0.6014834976349487 1
0.6014834976349487 1
0.6014834976349487 1
0.6014834976349487 1
0.6014834976349487 1
0.6014834976349487 1
0.6014834976349487 1
0.6014834976349487 1
0.6014834976349487 1
0.6014834976349487 1
0.6014834976349487 1
0.6014834976349487 1
0.6014834976349487 1
0.6014834976349487 1
0.6014834976349487 1
0.6014834976349487 1
0.6014834976349487 1
0.6014834976349487 1
0.6014834976349487 1
0.6014834976349487 1
0.6014834976349487 1
0.6014834976349487 1
0.6014834976349487 1
0.6014834976349487 1
0.6014834976349487 1
0.6014834976349487 1
0.6014834976349487 1
0.6014834976349487 1
0.6014834976349487 1
0.6014834976349487 1
0.6014834976349487 1
0.6014834976349487 1
0.6014834976349487 1
0.6014834976349487 1
0.6014834976349487 1
0.6014834976349487 1
0.6014834976349487 1
0.6014834976349487 1
0.6014834976349487 1
0.6014834976349487 1
0.6014834976349487 1
0.6014834976349487 1
0.6014834976349487 1
0.6014834976349487 1
0.6014834976349487 1
0.6014834976349487 1
0.6014834976349487 1
0.6014834976349487 1
0.6014834976349487 1
0.6014834976349487 1
0.6014834976349487 1
0.6014834976349487 1
0.6014834976349487 1
0.6014834976349487 1
0.6014834976349487 1
0.6014834976349487 1
0.6014834976349487 1
0.6014834976349487 1
0.6014834976349487 1
0.6014834976349487 1
0.6014834976349487 1
0.6014834976349487 1
0.6014834976349487 1
0.6014834976349487 1
0.6014834976349487 1
0.6014834976349487 1
0.6014834976349487 1
0.6014834976349487 1
0.6014834976349487 1
0.6014834976349487 1
0.6014834976349487 1
0.6014834976349487 1
0.6014834976349487 1
0.6014834976349487 1
0.6014834976349487 1
0.6014834976349487 1
0.6014834976349487 1
0.6014834976349487 1
0.6014834976349487 1
0.6014834976349487 1
0.6014834976349487 1
0.6014834976349487 1
0.6014834976349487 1
0.6014834976349487 1
0.6014834976349487 1
0.6014834976349487 1
0.6014834976349487 1
0.6014834976349487 1
0.6014834976349487 1
0.6014834976349487 1
0.6014834976349487 1
0.6014834976349487 1
0.6014834976349487 1
0.6014834976349487 1
0.6014834976349487 1
0.6014834976349487 1
0.6014834976349487 1
0.6014834976349487 1
0.6014834976349487 1
0.6014834976349487 1
0.6014834976349487 1
0.6014834976349487 1
0.6014834976349487 1
0.6014834976349487 1
0.6014834976349487 1
0.6014834976349487 1
0.6014834976349487 1
0.6014834976349487 1
0.6014834976349487 1
0.6014834976349487 1
0.6014834976349487 1
0.6014834976349487 1
0.6014834976349487 1
0.6014834976349487 1
0.6014834976349487 1
0.6014834976349487 1
0.6014834976349487 1
0.6014834976349487 1
0.6014834976349487 1
0.6014834976349487 1
0.6014834976349487 1
0.6014834976349487 1
0.6014834976349487 1
0.6014834976349487 1
0.6014834976349487 1
0.6014834976349487 1
0.6014834976349487 1
0.6014834976349487 1
0.6014834976349487 1
0.6014834976349487 1
0.6014834976349487 1
0.6014834976349487 1
0.6014834976349487 1
0.6014834976349487 1
0.6014834976349487 1
0.6014834976349487 1
0.6014834976349487 1
0.6014834976349487 1
0.6014834976349487 1
0.6014834976349487 1
0.6014834976349487 1
0.6014834976349487 1
0.6014834976349487 1
0.6014834976349487 1
0.6014834976349487 1
0.6014834976349487 1
0.6014834976349487 1
0.6010110104419767 1
0.6008901634155298 0
0.6004068716835924 0
0.6004068716835924 0
0.6004068716835924 0
0.6004068716835924 0
0.6004068716835924 0
0.6004068716835924 0
0.6004068716835924 0
0.6004068716835924 0
0.6004068716835924 0
0.6004068716835924 1
0.6004068716835924 1
0.6004068716835924 1
0.6004068716835924 1
0.6004068716835924 1
0.6004068716835924 1
0.5999752270394952 0
0.5999752270394952 0
0.5999752270394952 0
0.5997501503042647 0
0.5997501503042647 0
0.5996811563365227 0
0.5996811563365227 0
0.5996811563365227 0
0.5996811563365227 0
0.5996811563365227 1
0.5996811563365227 1
0.5996811563365227 1
0.5996811563365227 1
0.5996811563365227 1
0.5996756963512282 0
0.5996756963512282 0
0.5996756963512282 0
0.5996756963512282 1
0.5996756963512282 1
0.5996756963512282 1
0.5996756963512282 1
0.5996756963512282 1
0.5996756963512282 1
0.5990870186053401 0
0.5990870186053401 0
0.5990870186053401 0
0.5990870186053401 0
0.5990870186053401 0
0.5990870186053401 0
0.5990870186053401 0
0.5990870186053401 1
0.5990870186053401 1
0.5990870186053401 1
0.5990870186053401 1
0.5990870186053401 1
0.5990870186053401 1
0.5990870186053401 1
0.5990870186053401 1
0.5990870186053401 1
0.5990870186053401 1
0.5990870186053401 1
0.5990870186053401 1
0.5990870186053401 1
0.5987239908545131 0
0.5987239908545131 0
0.5987239908545131 1
0.5987239908545131 1
0.5987239908545131 1
0.5987239908545131 1
0.5987239908545131 1
0.5987239908545131 1
0.5987239908545131 1
0.5987239908545131 1
0.5987239908545131 1
0.5987239908545131 1
0.5987239908545131 1
0.5987239908545131 1
0.5987239908545131 1
0.5987239908545131 1
0.5987239908545131 1
0.5987239908545131 1
0.5987239908545131 1
0.5987239908545131 1
0.5987239908545131 1
0.5987239908545131 1
0.5987239908545131 1
0.5987239908545131 1
0.5987066998229117 0
0.5987066998229117 0
0.5987066998229117 0
0.5987066998229117 0
0.5987066998229117 0
0.5987066998229117 0
0.5987066998229117 0
0.5987066998229117 0
0.5987066998229117 0
0.5987066998229117 1
0.5987066998229117 1
0.5987066998229117 1
0.5987066998229117 1
0.5987066998229117 1
0.5987066998229117 1
0.5987066998229117 1
0.5987066998229117 1
0.5987066998229117 1
0.5987066998229117 1
0.5987066998229117 1
0.5987066998229117 1
0.5987066998229117 1
0.5987066998229117 1
0.5987066998229117 1
0.5987066998229117 1
0.5983520376550232 0
0.5983520376550232 0
0.598260110118672 0
0.598260110118672 0
0.598260110118672 0
0.598260110118672 0
0.5971453981891707 1
0.5971453981891707 1
0.5970989703362073 0
0.5970989703362073 0
0.5970989703362073 0
0.5967902854477092 0
0.5967902854477092 0
0.5967902854477092 0
0.5967902854477092 1
0.5956336342719499 0
0.5956336342719499 0
0.5956336342719499 0
0.5956336342719499 0
0.5956336342719499 0
0.5956336342719499 1
0.5956336342719499 1
0.5956336342719499 1
0.5956336342719499 1
0.5956336342719499 1
0.5956336342719499 1
0.5956336342719499 1
0.5956336342719499 1
0.5956336342719499 1
0.5956336342719499 1
0.5956336342719499 1
0.5956336342719499 1
0.5956336342719499 1
0.5956336342719499 1
0.5956336342719499 1
0.5956336342719499 1
0.5956336342719499 1
0.5956336342719499 1
0.5956336342719499 1
0.5956336342719499 1
0.5956336342719499 1
0.5956336342719499 1
0.5956336342719499 1
0.5956336342719499 1
0.5956336342719499 1
0.5956336342719499 1
0.5956336342719499 1
0.5956336342719499 1
0.5956336342719499 1
0.5956336342719499 1
0.5956336342719499 1
0.5956336342719499 1
0.5956336342719499 1
0.5956336342719499 1
0.5956336342719499 1
0.5956336342719499 1
0.5956336342719499 1
0.5956336342719499 1
0.5956336342719499 1
0.5956336342719499 1
0.5956336342719499 1
0.5956336342719499 1
0.5956336342719499 1
0.5956336342719499 1
0.5956336342719499 1
0.5956336342719499 1
0.5956336342719499 1
0.5956336342719499 1
0.5956336342719499 1
0.5956336342719499 1
0.5948282969369673 0
0.5948282969369673 0
0.5948282969369673 0
0.5948282969369673 0
0.5948282969369673 0
0.5948282969369673 0
0.5948282969369673 0
0.5948282969369673 0
0.5948282969369673 0
0.5948282969369673 0
0.5948282969369673 0
0.5948282969369673 0
0.5948282969369673 0
0.5948282969369673 0
0.5948282969369673 1
0.5948282969369673 1
0.5948282969369673 1
0.5948282969369673 1
0.5948282969369673 1
0.5948282969369673 1
0.5948282969369673 1
0.5946575246311201 0
0.5946575246311201 0
0.5946575246311201 0
0.5946575246311201 0
0.5946575246311201 0
0.5946575246311201 1
0.5946575246311201 1
0.5946575246311201 1
0.5946575246311201 1
0.5946575246311201 1
0.5946575246311201 1
0.5946575246311201 1
0.5946575246311201 1
0.5946575246311201 1
0.5946575246311201 1
0.5946316127143733 1
0.5946316127143733 1
0.5946316127143733 1
0.5937321190060844 0
0.5937321190060844 0
0.5937321190060844 1
0.5937321190060844 1
0.5937321190060844 1
0.5937321190060844 1
0.5937321190060844 1
0.5937321190060844 1
0.5937321190060844 1
0.5937321190060844 1
0.5937321190060844 1
0.5932433680286432 0
0.5932433680286432 0
0.5932433680286432 0
0.5932433680286432 0
0.5932433680286432 0
0.5932433680286432 0
0.5932433680286432 0
0.5932433680286432 0
0.5932433680286432 0
0.5932433680286432 0
0.5932433680286432 0
0.5932433680286432 0
0.5932433680286432 0
0.5932433680286432 0
0.5932433680286432 0
0.5932433680286432 0
0.5932433680286432 0
0.5932433680286432 0
0.5932433680286432 0
0.5932433680286432 0
0.5932433680286432 0
0.5932433680286432 0
0.5932433680286432 0
0.5932433680286432 0
0.5932433680286432 0
0.5932433680286432 0
0.5932433680286432 0
0.5932433680286432 0
0.5932433680286432 0
0.5932433680286432 0
0.5932433680286432 0
0.5932433680286432 0
0.5932433680286432 0
0.5932433680286432 0
0.5932433680286432 0
0.5932433680286432 0
0.5932433680286432 0
0.5932433680286432 0
0.5932433680286432 0
0.5932433680286432 1
0.5932433680286432 1
0.5932433680286432 1
0.5932433680286432 1
0.5932433680286432 1
0.5932433680286432 1
0.5932433680286432 1
0.5932433680286432 1
0.5932433680286432 1
0.5932433680286432 1
0.5932433680286432 1
0.5932433680286432 1
0.5932433680286432 1
0.5932433680286432 1
0.5932433680286432 1
0.5932433680286432 1
0.5932433680286432 1
0.5932433680286432 1
0.5932433680286432 1
0.5932433680286432 1
0.5932433680286432 1
0.5932433680286432 1
0.5932433680286432 1
0.5932433680286432 1
0.5931265816422353 0
0.5931265816422353 0
0.5931265816422353 0
0.5931265816422353 0
0.5931265816422353 0
0.5931265816422353 0
0.5931265816422353 0
0.5931265816422353 0
0.5931265816422353 0
0.5931265816422353 0
0.5931265816422353 0
0.5931265816422353 0
0.5931265816422353 0
0.5931265816422353 0
0.5931265816422353 0
0.5931265816422353 0
0.5931265816422353 0
0.5931265816422353 0
0.5931265816422353 1
0.5931265816422353 1
0.5931265816422353 1
0.5931265816422353 1
0.5931265816422353 1
0.5931265816422353 1
0.5931265816422353 1
0.5931265816422353 1
0.5931265816422353 1
0.5931265816422353 1
0.5931265816422353 1
0.5931265816422353 1
0.5931265816422353 1
0.5931265816422353 1
0.5931265816422353 1
0.5931265816422353 1
0.5931265816422353 1
0.5930012852567612 0
0.5930012852567612 0
0.5930012852567612 0
0.5929502284268684 1
0.5929502284268684 1
0.5929502284268684 1
0.5926916024754733 1
0.5926916024754733 1
0.5926916024754733 1
0.5925939406667591 0
0.5925939406667591 1
0.5925939406667591 1
0.5921775703883041 1
0.5921775703883041 1
0.5921775703883041 1
0.5921775703883041 1
0.5921775703883041 1
0.5921775703883041 1
0.5921642022575304 0
0.5921642022575304 0
0.5921642022575304 0
0.5921642022575304 1
0.5921642022575304 1
0.5921642022575304 1
0.5921642022575304 1
0.5921642022575304 1
0.5921642022575304 1
0.5921642022575304 1
0.5921519559878665 1
0.5921519559878665 1
0.5921519559878665 1
0.5921519559878665 1
0.5921519559878665 1
0.5921519559878665 1
0.5921519559878665 1
0.5921519559878665 1
0.5921519559878665 1
0.5921462955517964 0
0.5921462955517964 0
0.5921462955517964 0
0.5921462955517964 0
0.5921462955517964 0
0.5921462955517964 0
0.5921462955517964 0
0.5921462955517964 0
0.5921462955517964 0
0.5921462955517964 0
0.5921462955517964 0
0.5921462955517964 0
0.5921462955517964 0
0.5921462955517964 0
0.5921462955517964 1
0.5921462955517964 1
0.5921462955517964 1
0.5921462955517964 1
0.5921462955517964 1
0.5921462955517964 1
0.5921462955517964 1
0.5921462955517964 1
0.5921462955517964 1
0.5921462955517964 1
0.5921462955517964 1
0.5921462955517964 1
0.5921462955517964 1
0.5921462955517964 1
0.5921462955517964 1
0.5921462955517964 1
0.5921462955517964 1
0.5921462955517964 1
0.5921462955517964 1
0.5921462955517964 1
0.5921462955517964 1
0.5921462955517964 1
0.5921462955517964 1
0.5921462955517964 1
0.5921462955517964 1
0.5921462955517964 1
0.5921462955517964 1
0.5921462955517964 1
0.5921462955517964 1
0.5921462955517964 1
0.5921462955517964 1
0.5921462955517964 1
0.5921462955517964 1
0.5921462955517964 1
0.5921462955517964 1
0.5921462955517964 1
0.5921462955517964 1
0.5921462955517964 1
0.5921462955517964 1
0.5921462955517964 1
0.5921462955517964 1
0.5921462955517964 1
0.5921462955517964 1
0.5921462955517964 1
0.5921462955517964 1
0.5921462955517964 1
0.5921462955517964 1
0.5921462955517964 1
0.5921462955517964 1
0.5921462955517964 1
0.5921462955517964 1
0.5921462955517964 1
0.5921462955517964 1
0.5921462955517964 1
0.5921462955517964 1
0.5921462955517964 1
0.591059808970447 0
0.591059808970447 0
0.591059808970447 0
0.591059808970447 0
0.591059808970447 0
0.591059808970447 0
0.591059808970447 0
0.591059808970447 0
0.591059808970447 1
0.591059808970447 1
0.591059808970447 1
0.591059808970447 1
0.591059808970447 1
0.591059808970447 1
0.591059808970447 1
0.591059808970447 1
0.591059808970447 1
0.591059808970447 1
0.591059808970447 1
0.591059808970447 1
0.590846209657723 0
0.5907292369546897 1
0.5907292369546897 1
0.5907292369546897 1
0.5907292369546897 1
0.5907292369546897 1
0.5907292369546897 1
0.5907292369546897 1
0.5907292369546897 1
0.5907292369546897 1
0.5907292369546897 1
0.5907292369546897 1
0.5907292369546897 1
0.5894891553101244 0
0.5894891553101244 0
0.5894891553101244 0
0.5894891553101244 0
0.5894891553101244 1
0.5894891553101244 1
0.5894891553101244 1
0.5894891553101244 1
0.5894891553101244 1
0.5894891553101244 1
0.5894891553101244 1
0.5894891553101244 1
0.5894891553101244 1
0.5894891553101244 1
0.5894724325353103 0
0.5894724325353103 0
0.5894724325353103 0
0.5894724325353103 0
0.5894724325353103 1
0.5894724325353103 1
0.5893492396684893 0
0.5893492396684893 1
0.5893492396684893 1
0.5893492396684893 1
0.5893492396684893 1
0.5893492396684893 1
0.5893286588744506 0
0.5893286588744506 0
0.5893286588744506 0
0.5893286588744506 0
0.5893286588744506 0
0.5893286588744506 0
0.5893286588744506 0
0.5893286588744506 0
0.5893286588744506 0
0.5893286588744506 0
0.5893286588744506 1
0.5891753470230716 0
0.5891753470230716 0
0.5891753470230716 0
0.5891753470230716 0
0.5891753470230716 0
0.5891753470230716 0
0.5891753470230716 0
0.5891753470230716 0
0.5891753470230716 0
0.5891753470230716 0
0.5891753470230716 0
0.5891753470230716 0
0.5891753470230716 0
0.5891753470230716 0
0.5891753470230716 0
0.5891753470230716 0
0.5891753470230716 0
0.5891753470230716 0
0.5891753470230716 0
0.5891753470230716 0
0.5891753470230716 0
0.5891753470230716 0
0.5891753470230716 0
0.5891753470230716 0
0.5891753470230716 0
0.5891753470230716 0
0.5891753470230716 0
0.5891753470230716 0
0.5891753470230716 0
0.5891753470230716 0
0.5891753470230716 0
0.5891753470230716 0
0.5891753470230716 0
0.5891753470230716 0
0.5891753470230716 0
0.5891753470230716 0
0.5891753470230716 0
0.5891753470230716 0
0.5891753470230716 0
0.5891753470230716 0
0.5891753470230716 0
0.5891753470230716 0
0.5891753470230716 0
0.5891753470230716 0
0.5891753470230716 0
0.5891753470230716 0
0.5891753470230716 0
0.5891753470230716 0
0.5891753470230716 0
0.5891753470230716 0
0.5891753470230716 0
0.5891753470230716 0
0.5891753470230716 0
0.5891753470230716 0
0.5891753470230716 0
0.5891753470230716 0
0.5891753470230716 0
0.5891753470230716 0
0.5891753470230716 0
0.5891753470230716 0
0.5891753470230716 0
0.5891753470230716 0
0.5891753470230716 0
0.5891753470230716 0
0.5891753470230716 0
0.5891753470230716 0
0.5891753470230716 0
0.5891753470230716 0
0.5891753470230716 0
0.5891753470230716 0
0.5891753470230716 0
0.5891753470230716 0
0.5891753470230716 0
0.5891753470230716 0
0.5891753470230716 0
0.5891753470230716 0
0.5891753470230716 0
0.5891753470230716 0
0.5891753470230716 0
0.5891753470230716 0
0.5891753470230716 0
0.5891753470230716 0
0.5891753470230716 0
0.5891753470230716 0
0.5891753470230716 0
0.5891753470230716 0
0.5891753470230716 0
0.5891753470230716 0
0.5891753470230716 0
0.5891753470230716 0
0.5891753470230716 0
0.5891753470230716 0
0.5891753470230716 0
0.5891753470230716 0
0.5891753470230716 0
0.5891753470230716 0
0.5891753470230716 0
0.5891753470230716 0
0.5891753470230716 0
0.5891753470230716 0
0.5891753470230716 0
0.5891753470230716 0
0.5891753470230716 0
0.5891753470230716 0
0.5891753470230716 0
0.5891753470230716 0
0.5891753470230716 0
0.5891753470230716 0
0.5891753470230716 0
0.5891753470230716 0
0.5891753470230716 0
0.5891753470230716 0
0.5891753470230716 0
0.5891753470230716 0
0.5891753470230716 0
0.5891753470230716 0
0.5891753470230716 0
0.5891753470230716 0
0.5891753470230716 0
0.5891753470230716 0
0.5891753470230716 0
0.5891753470230716 0
0.5891753470230716 0
0.5891753470230716 0
0.5891753470230716 0
0.5891753470230716 0
0.5891753470230716 0
0.5891753470230716 0
0.5891753470230716 0
0.5891753470230716 0
0.5891753470230716 0
0.5891753470230716 0
0.5891753470230716 0
0.5891753470230716 0
0.5891753470230716 0
0.5891753470230716 1
0.5891753470230716 1
0.5891753470230716 1
0.5891753470230716 1
0.5891753470230716 1
0.5891753470230716 1
0.5891753470230716 1
0.5891753470230716 1
0.5891753470230716 1
0.5891753470230716 1
0.5891753470230716 1
0.5891753470230716 1
0.5891753470230716 1
0.5891753470230716 1
0.5891753470230716 1
0.5891753470230716 1
0.5891753470230716 1
0.5891753470230716 1
0.5891753470230716 1
0.5891753470230716 1
0.5891753470230716 1
0.5891753470230716 1
0.5891753470230716 1
0.5891753470230716 1
0.5891753470230716 1
0.5891753470230716 1
0.5891753470230716 1
0.5891753470230716 1
0.5891753470230716 1
0.5891753470230716 1
0.5891753470230716 1
0.5891753470230716 1
0.5891753470230716 1
0.5891753470230716 1
0.5891753470230716 1
0.5891753470230716 1
0.5891753470230716 1
0.5891753470230716 1
0.5891753470230716 1
0.5891753470230716 1
0.5891753470230716 1
0.5891753470230716 1
0.5891753470230716 1
0.5891753470230716 1
0.5891753470230716 1
0.5891753470230716 1
0.5891753470230716 1
0.5891753470230716 1
0.5891753470230716 1
0.5891753470230716 1
0.5891753470230716 1
0.5891753470230716 1
0.5891753470230716 1
0.5891753470230716 1
0.5891753470230716 1
0.5891753470230716 1
0.5891753470230716 1
0.5891753470230716 1
0.5891753470230716 1
0.5891753470230716 1
0.5891753470230716 1
0.5891753470230716 1
0.5891753470230716 1
0.5891753470230716 1
0.5891753470230716 1
0.5891753470230716 1
0.5891753470230716 1
0.5891753470230716 1
0.5891753470230716 1
0.5891753470230716 1
0.5891753470230716 1
0.5891753470230716 1
0.5891753470230716 1
0.5891753470230716 1
0.5891753470230716 1
0.5891753470230716 1
0.5891753470230716 1
0.5891753470230716 1
0.5891753470230716 1
0.5891753470230716 1
0.5891753470230716 1
0.5891753470230716 1
0.5891753470230716 1
0.5891753470230716 1
0.5891753470230716 1
0.5891753470230716 1
0.5891753470230716 1
0.5891753470230716 1
0.5891753470230716 1
0.5891753470230716 1
0.5891753470230716 1
0.5891753470230716 1
0.5891753470230716 1
0.5891753470230716 1
0.5891753470230716 1
0.5891753470230716 1
0.5891753470230716 1
0.5891753470230716 1
0.5891753470230716 1
0.5891753470230716 1
0.5891753470230716 1
0.5891753470230716 1
0.5891753470230716 1
0.5891753470230716 1
0.5891753470230716 1
0.5891753470230716 1
0.5891753470230716 1
0.5891753470230716 1
0.5891753470230716 1
0.5891753470230716 1
0.5891753470230716 1
0.5891753470230716 1
0.5891753470230716 1
0.5891753470230716 1
0.5891753470230716 1
0.5891753470230716 1
0.5891753470230716 1
0.5891753470230716 1
0.5891753470230716 1
0.5891753470230716 1
0.5891753470230716 1
0.5891753470230716 1
0.5891753470230716 1
0.5891753470230716 1
0.5891753470230716 1
0.5891753470230716 1
0.5891753470230716 1
0.5891753470230716 1
0.5891753470230716 1
0.5891753470230716 1
0.5891753470230716 1
0.5891753470230716 1
0.5891753470230716 1
0.5891753470230716 1
0.5891753470230716 1
0.5891753470230716 1
0.5891753470230716 1
0.5891753470230716 1
0.5891753470230716 1
0.5891753470230716 1
0.5891753470230716 1
0.5891753470230716 1
0.5891753470230716 1
0.5891753470230716 1
0.5891753470230716 1
0.5891753470230716 1
0.5891753470230716 1
0.5891753470230716 1
0.5891753470230716 1
0.5891753470230716 1
0.5891753470230716 1
0.5891753470230716 1
0.5891753470230716 1
0.5891753470230716 1
0.5891753470230716 1
0.5891753470230716 1
0.5891753470230716 1
0.5891753470230716 1
0.5891753470230716 1
0.5891753470230716 1
0.5891753470230716 1
0.5890163036083566 0
0.5890163036083566 0
0.5888222192411082 1
0.5884037220261844 1
0.5884037220261844 1
0.5884037220261844 1
0.5881062909620783 0
0.5881062909620783 0
0.5881062909620783 0
0.5881062909620783 0
0.5881062909620783 0
0.5881062909620783 0
0.5881062909620783 0
0.5881062909620783 1
0.5881062909620783 1
0.5881062909620783 1
0.5881062909620783 1
0.5881062909620783 1
0.5881062909620783 1
0.5881062909620783 1
0.5881062909620783 1
0.5881062909620783 1
0.5881062909620783 1
0.5881062909620783 1
0.5881062909620783 1
0.5881062909620783 1
0.5881062909620783 1
0.5881062909620783 1
0.5881062909620783 1
0.5881062909620783 1
0.5881062909620783 1
0.5881062909620783 1
0.5881062909620783 1
0.5880928063612868 0
0.5877904912042904 0
0.5877904912042904 1
0.5877904912042904 1
0.5877904912042904 1
0.5877904912042904 1
0.5877904912042904 1
0.5877904912042904 1
0.5877904912042904 1
0.5877904912042904 1
0.5877904912042904 1
0.5877904912042904 1
0.5877904912042904 1
0.5868125482008372 0
0.5868125482008372 1
0.5868125482008372 1
0.5868125482008372 1
0.5868125482008372 1
0.5868125482008372 1
0.5868125482008372 1
0.5868125482008372 1
0.5868125482008372 1
0.5868125482008372 1
0.5868125482008372 1
0.5866407519783525 1
0.5866407519783525 1
0.5866407519783525 1
0.5864546349907208 0
0.5864546349907208 0
0.5864546349907208 0
0.5864546349907208 0
0.5864546349907208 0
0.5864546349907208 0
0.5864546349907208 0
0.5864546349907208 0
0.5864546349907208 0
0.5864546349907208 0
0.5864546349907208 0
0.5864546349907208 0
0.5864546349907208 0
0.5864546349907208 0
0.5864546349907208 0
0.5864546349907208 0
0.5864546349907208 0
0.5864546349907208 0
0.5864546349907208 0
0.5864546349907208 0
0.5864546349907208 0
0.5864546349907208 0
0.5864546349907208 0
0.5864546349907208 0
0.5864546349907208 0
0.5864546349907208 0
0.5864546349907208 0
0.5864546349907208 0
0.5864546349907208 0
0.5864546349907208 1
0.5864546349907208 1
0.5864546349907208 1
0.5864546349907208 1
0.5864546349907208 1
0.5864546349907208 1
0.5864546349907208 1
0.5864546349907208 1
0.5864546349907208 1
0.5864546349907208 1
0.5864546349907208 1
0.5864546349907208 1
0.5864546349907208 1
0.5864546349907208 1
0.5864546349907208 1
0.5864546349907208 1
0.5864546349907208 1
0.5864546349907208 1
0.5864546349907208 1
0.5864546349907208 1
0.5864546349907208 1
0.5864546349907208 1
0.5864546349907208 1
0.5864546349907208 1
0.5864546349907208 1
0.5864546349907208 1
0.5864546349907208 1
0.5864546349907208 1
0.5864546349907208 1
0.5864546349907208 1
0.5864546349907208 1
0.5864546349907208 1
0.5864546349907208 1
0.5864546349907208 1
0.5864546349907208 1
0.5864546349907208 1
0.5864546349907208 1
0.5863618668434488 1
0.5858530346294248 1
0.5858530346294248 1
0.5858530346294248 1
0.5858530346294248 1
0.5858530346294248 1
0.5858530346294248 1
0.5858530346294248 1
0.5858530346294248 1
0.5858530346294248 1
0.5858530346294248 1
0.5858413253359409 1
0.5853960934405054 0
0.5853960934405054 0
0.5853960934405054 0
0.5853960934405054 0
0.5853960934405054 0
0.5853960934405054 0
0.5853960934405054 0
0.5853960934405054 0
0.5853960934405054 0
0.5853960934405054 0
0.5853960934405054 0
0.5853960934405054 0
0.5853960934405054 0
0.5853960934405054 0
0.5853960934405054 0
0.5853960934405054 0
0.5853960934405054 0
0.5853960934405054 0
0.5853960934405054 0
0.5853960934405054 0
0.5853960934405054 0
0.5853960934405054 0
0.5853960934405054 0
0.5853960934405054 0
0.5853960934405054 0
0.5853960934405054 0
0.5853960934405054 0
0.5853960934405054 0
0.5853960934405054 0
0.5853960934405054 0
0.5853960934405054 0
0.5853960934405054 0
0.5853960934405054 0
0.5853960934405054 0
0.5853960934405054 0
0.5853960934405054 0
0.5853960934405054 0
0.5853960934405054 0
0.5853960934405054 0
0.5853960934405054 0
0.5853960934405054 0
0.5853960934405054 0
0.5853960934405054 0
0.5853960934405054 0
0.5853960934405054 0
0.5853960934405054 0
0.5853960934405054 0
0.5853960934405054 0
0.5853960934405054 0
0.5853960934405054 0
0.5853960934405054 0
0.5853960934405054 0
0.5853960934405054 0
0.5853960934405054 0
0.5853960934405054 0
0.5853960934405054 0
0.5853960934405054 0
0.5853960934405054 0
0.5853960934405054 0
0.5853960934405054 0
0.5853960934405054 0
0.5853960934405054 0
0.5853960934405054 0
0.5853960934405054 0
0.5853960934405054 0
0.5853960934405054 0
0.5853960934405054 0
0.5853960934405054 0
0.5853960934405054 0
0.5853960934405054 0
0.5853960934405054 0
0.5853960934405054 0
0.5853960934405054 0
0.5853960934405054 0
0.5853960934405054 0
0.5853960934405054 0
0.5853960934405054 0
0.5853960934405054 0
0.5853960934405054 0
0.5853960934405054 0
0.5853960934405054 0
0.5853960934405054 0
0.5853960934405054 0
0.5853960934405054 0
0.5853960934405054 0
0.5853960934405054 0
0.5853960934405054 0
0.5853960934405054 0
0.5853960934405054 0
0.5853960934405054 0
0.5853960934405054 0
0.5853960934405054 0
0.5853960934405054 0
0.5853960934405054 0
0.5853960934405054 0
0.5853960934405054 0
0.5853960934405054 0
0.5853960934405054 0
0.5853960934405054 0
0.5853960934405054 0
0.5853960934405054 0
0.5853960934405054 0
0.5853960934405054 0
0.5853960934405054 0
0.5853960934405054 0
0.5853960934405054 0
0.5853960934405054 0
0.5853960934405054 0
0.5853960934405054 0
0.5853960934405054 0
0.5853960934405054 0
0.5853960934405054 0
0.5853960934405054 0
0.5853960934405054 0
0.5853960934405054 0
0.5853960934405054 0
0.5853960934405054 0
0.5853960934405054 0
0.5853960934405054 0
0.5853960934405054 0
0.5853960934405054 0
0.5853960934405054 0
0.5853960934405054 0
0.5853960934405054 0
0.5853960934405054 0
0.5853960934405054 0
0.5853960934405054 0
0.5853960934405054 0
0.5853960934405054 0
0.5853960934405054 0
0.5853960934405054 0
0.5853960934405054 0
0.5853960934405054 0
0.5853960934405054 0
0.5853960934405054 0
0.5853960934405054 0
0.5853960934405054 0
0.5853960934405054 0
0.5853960934405054 0
0.5853960934405054 0
0.5853960934405054 0
0.5853960934405054 0
0.5853960934405054 0
0.5853960934405054 0
0.5853960934405054 0
0.5853960934405054 1
0.5853960934405054 1
0.5853960934405054 1
0.5853960934405054 1
0.5853960934405054 1
0.5853960934405054 1
0.5853960934405054 1
0.5853960934405054 1
0.5853960934405054 1
0.5853960934405054 1
0.5853960934405054 1
0.5853960934405054 1
0.5853960934405054 1
0.5853960934405054 1
0.5853960934405054 1
0.5853960934405054 1
0.5853960934405054 1
0.5853960934405054 1
0.5853960934405054 1
0.5853960934405054 1
0.5853960934405054 1
0.5853960934405054 1
0.5853960934405054 1
0.5853960934405054 1
0.5853960934405054 1
0.5853960934405054 1
0.5853960934405054 1
0.5853960934405054 1
0.5853960934405054 1
0.5853960934405054 1
0.5853960934405054 1
0.5853960934405054 1
0.5853960934405054 1
0.5853960934405054 1
0.5853960934405054 1
0.5853960934405054 1
0.5853960934405054 1
0.5853960934405054 1
0.5853960934405054 1
0.5853960934405054 1
0.5853960934405054 1
0.5853960934405054 1
0.5853960934405054 1
0.5853960934405054 1
0.5853960934405054 1
0.5853960934405054 1
0.5853960934405054 1
0.5853960934405054 1
0.5853960934405054 1
0.5853960934405054 1
0.5853960934405054 1
0.5853960934405054 1
0.5853960934405054 1
0.5853960934405054 1
0.5853960934405054 1
0.5853960934405054 1
0.5853960934405054 1
0.5853960934405054 1
0.5853960934405054 1
0.5853960934405054 1
0.5853960934405054 1
0.5853960934405054 1
0.5853960934405054 1
0.5853960934405054 1
0.5853960934405054 1
0.5853960934405054 1
0.5853960934405054 1
0.5853960934405054 1
0.5853960934405054 1
0.5853960934405054 1
0.5853960934405054 1
0.5853960934405054 1
0.5853960934405054 1
0.5853960934405054 1
0.5853960934405054 1
0.5853960934405054 1
0.5853960934405054 1
0.5853960934405054 1
0.5853960934405054 1
0.5853960934405054 1
0.5853960934405054 1
0.5853960934405054 1
0.5853960934405054 1
0.5853960934405054 1
0.5853960934405054 1
0.5853960934405054 1
0.5853960934405054 1
0.5853960934405054 1
0.5853960934405054 1
0.5853960934405054 1
0.5853960934405054 1
0.5853960934405054 1
0.5853960934405054 1
0.5853960934405054 1
0.5853960934405054 1
0.5853960934405054 1
0.5853960934405054 1
0.5853960934405054 1
0.5853960934405054 1
0.5853960934405054 1
0.5853960934405054 1
0.5853960934405054 1
0.5853960934405054 1
0.5853960934405054 1
0.5853960934405054 1
0.5853960934405054 1
0.5853960934405054 1
0.5853960934405054 1
0.5853960934405054 1
0.5853960934405054 1
0.5853960934405054 1
0.5853960934405054 1
0.5853960934405054 1
0.5853960934405054 1
0.5853960934405054 1
0.5853960934405054 1
0.5853960934405054 1
0.5853960934405054 1
0.5853960934405054 1
0.5853960934405054 1
0.5853960934405054 1
0.5853960934405054 1
0.5853960934405054 1
0.5853960934405054 1
0.5853960934405054 1
0.5853960934405054 1
0.5853960934405054 1
0.5853960934405054 1
0.5853960934405054 1
0.5853960934405054 1
0.5853960934405054 1
0.5853960934405054 1
0.5853960934405054 1
0.5853960934405054 1
0.5853960934405054 1
0.5853960934405054 1
0.5853960934405054 1
0.5853960934405054 1
0.5853960934405054 1
0.5853960934405054 1
0.5853960934405054 1
0.5853960934405054 1
0.5853960934405054 1
0.5853960934405054 1
0.5853960934405054 1
0.5853960934405054 1
0.5853960934405054 1
0.5853960934405054 1
0.5853960934405054 1
0.5853960934405054 1
0.5853960934405054 1
0.5853960934405054 1
0.5853960934405054 1
0.5853960934405054 1
0.5853960934405054 1
0.5853960934405054 1
0.5853960934405054 1
0.5853960934405054 1
0.5853960934405054 1
0.5853960934405054 1
0.5853960934405054 1
0.5853960934405054 1
0.5853960934405054 1
0.5853960934405054 1
0.5853960934405054 1
0.5853960934405054 1
0.5853960934405054 1
0.5853960934405054 1
0.5853960934405054 1
0.5853960934405054 1
0.5853960934405054 1
0.5853960934405054 1
0.5853960934405054 1
0.5853960934405054 1
0.5853960934405054 1
0.5853960934405054 1
0.5853960934405054 1
0.5853960934405054 1
0.5853960934405054 1
0.5853960934405054 1
0.5853960934405054 1
0.5853960934405054 1
0.5853960934405054 1
0.5853960934405054 1
0.5853960934405054 1
0.5853960934405054 1
0.5853960934405054 1
0.5853960934405054 1
0.5853960934405054 1
0.5853960934405054 1
0.5853960934405054 1
0.5853960934405054 1
0.5853960934405054 1
0.5853960934405054 1
0.5853960934405054 1
0.5853960934405054 1
0.5853960934405054 1
0.5853960934405054 1
0.5853960934405054 1
0.5853960934405054 1
0.5853960934405054 1
0.5853960934405054 1
0.5853960934405054 1
0.5853960934405054 1
0.5853960934405054 1
0.5853960934405054 1
0.5853960934405054 1
0.5853960934405054 1
0.5853960934405054 1
0.5853960934405054 1
0.5853960934405054 1
0.5853960934405054 1
0.5853960934405054 1
0.5853960934405054 1
0.5853960934405054 1
0.5853960934405054 1
0.5853960934405054 1
0.5853960934405054 1
0.5853960934405054 1
0.5853960934405054 1
0.5853960934405054 1
0.5853960934405054 1
0.5853960934405054 1
0.5853960934405054 1
0.5853960934405054 1
0.5853960934405054 1
0.5853960934405054 1
0.5853960934405054 1
0.5853960934405054 1
0.5853960934405054 1
0.5853960934405054 1
0.5853960934405054 1
0.5853960934405054 1
0.5853960934405054 1
0.5853960934405054 1
0.5853960934405054 1
0.5853960934405054 1
0.5853960934405054 1
0.5853960934405054 1
0.5853960934405054 1
0.5853960934405054 1
0.5853960934405054 1
0.5853960934405054 1
0.5853960934405054 1
0.5853960934405054 1
0.5853960934405054 1
0.5853960934405054 1
0.5853960934405054 1
0.5853960934405054 1
0.5853960934405054 1
0.5853960934405054 1
0.5853960934405054 1
0.5853960934405054 1
0.5853960934405054 1
0.5853960934405054 1
0.5853960934405054 1
0.5853960934405054 1
0.5853960934405054 1
0.5853960934405054 1
0.5853960934405054 1
0.5853960934405054 1
0.5853960934405054 1
0.5853960934405054 1
0.5853960934405054 1
0.5853960934405054 1
0.5853960934405054 1
0.5853960934405054 1
0.5853960934405054 1
0.5853960934405054 1
0.5853960934405054 1
0.5853960934405054 1
0.5853960934405054 1
0.5853960934405054 1
0.5853960934405054 1
0.5853960934405054 1
0.5853960934405054 1
0.5853960934405054 1
0.5853960934405054 1
0.5853960934405054 1
0.5853960934405054 1
0.5853960934405054 1
0.5853960934405054 1
0.5853960934405054 1
0.5853960934405054 1
0.5853960934405054 1
0.5853960934405054 1
0.5853960934405054 1
0.5853960934405054 1
0.5853960934405054 1
0.5853960934405054 1
0.5853960934405054 1
0.5853960934405054 1
0.5853960934405054 1
0.5853960934405054 1
0.5853960934405054 1
0.5853960934405054 1
0.5853960934405054 1
0.5853960934405054 1
0.5853960934405054 1
0.5853960934405054 1
0.5853960934405054 1
0.5853960934405054 1
0.5853960934405054 1
0.5853960934405054 1
0.5853960934405054 1
0.5853960934405054 1
0.5853960934405054 1
0.5853960934405054 1
0.5853960934405054 1
0.5853960934405054 1
0.5853960934405054 1
0.5853960934405054 1
0.5853960934405054 1
0.5853960934405054 1
0.5853960934405054 1
0.5853960934405054 1
0.5853960934405054 1
0.5853960934405054 1
0.5853960934405054 1
0.5853960934405054 1
0.5853960934405054 1
0.5853960934405054 1
0.5853678191053306 0
0.5853678191053306 0
0.5853678191053306 1
0.5853678191053306 1
0.5853678191053306 1
0.5853678191053306 1
0.5853678191053306 1
0.5853678191053306 1
0.5853678191053306 1
0.5853678191053306 1
0.5853678191053306 1
0.5853678191053306 1
0.5853678191053306 1
0.5853678191053306 1
0.5852865412324548 0
0.5852865412324548 1
0.5852865412324548 1
0.5852865412324548 1
0.5852865412324548 1
0.5852865412324548 1
0.5852865412324548 1
0.5848653155562848 1
0.5847920575602025 0
0.5847920575602025 0
0.5847920575602025 0
0.5847920575602025 0
0.5847920575602025 0
0.5847920575602025 0
0.5847920575602025 0
0.5847920575602025 0
0.5847920575602025 0
0.5847920575602025 0
0.5847920575602025 0
0.5847920575602025 0
0.5847920575602025 0
0.5847920575602025 0
0.5847920575602025 0
0.5847920575602025 0
0.5847920575602025 0
0.5847920575602025 0
0.5847920575602025 0
0.5847920575602025 0
0.5847920575602025 0
0.5847920575602025 0
0.5847920575602025 0
0.5847920575602025 0
0.5847920575602025 0
0.5847920575602025 0
0.5847920575602025 0
0.5847920575602025 0
0.5847920575602025 0
0.5847920575602025 0
0.5847920575602025 0
0.5847920575602025 0
0.5847920575602025 0
0.5847920575602025 0
0.5847920575602025 0
0.5847920575602025 0
0.5847920575602025 0
0.5847920575602025 0
0.5847920575602025 0
0.5847920575602025 0
0.5847920575602025 0
0.5847920575602025 0
0.5847920575602025 0
0.5847920575602025 0
0.5847920575602025 0
0.5847920575602025 0
0.5847920575602025 0
0.5847920575602025 0
0.5847920575602025 0
0.5847920575602025 0
0.5847920575602025 0
0.5847920575602025 0
0.5847920575602025 0
0.5847920575602025 0
0.5847920575602025 0
0.5847920575602025 0
0.5847920575602025 0
0.5847920575602025 0
0.5847920575602025 0
0.5847920575602025 0
0.5847920575602025 0
0.5847920575602025 0
0.5847920575602025 0
0.5847920575602025 0
0.5847920575602025 0
0.5847920575602025 0
0.5847920575602025 0
0.5847920575602025 0
0.5847920575602025 0
0.5847920575602025 0
0.5847920575602025 0
0.5847920575602025 0
0.5847920575602025 0
0.5847920575602025 0
0.5847920575602025 0
0.5847920575602025 0
0.5847920575602025 0
0.5847920575602025 0
0.5847920575602025 0
0.5847920575602025 1
0.5847920575602025 1
0.5847920575602025 1
0.5847920575602025 1
0.5847920575602025 1
0.5847920575602025 1
0.5847920575602025 1
0.5847920575602025 1
0.5847920575602025 1
0.5847920575602025 1
0.5847920575602025 1
0.5847920575602025 1
0.5847920575602025 1
0.5847920575602025 1
0.5847920575602025 1
0.5847920575602025 1
0.5847920575602025 1
0.5847920575602025 1
0.5847920575602025 1
0.5847920575602025 1
0.5847920575602025 1
0.5847920575602025 1
0.5847920575602025 1
0.5847920575602025 1
0.5847920575602025 1
0.5847920575602025 1
0.5847920575602025 1
0.5847920575602025 1
0.5847920575602025 1
0.5847920575602025 1
0.5847920575602025 1
0.5847920575602025 1
0.5847920575602025 1
0.5847920575602025 1
0.5847920575602025 1
0.5847920575602025 1
0.5847920575602025 1
0.5847920575602025 1
0.5847920575602025 1
0.5847920575602025 1
0.5847920575602025 1
0.5847920575602025 1
0.5847920575602025 1
0.5847920575602025 1
0.5847920575602025 1
0.5847920575602025 1
0.5847920575602025 1
0.5847920575602025 1
0.5847920575602025 1
0.5847920575602025 1
0.5847920575602025 1
0.5847920575602025 1
0.5847920575602025 1
0.5847920575602025 1
0.5847920575602025 1
0.5847920575602025 1
0.5847920575602025 1
0.5847920575602025 1
0.5847920575602025 1
0.5847920575602025 1
0.5847920575602025 1
0.5847920575602025 1
0.5847920575602025 1
0.5847920575602025 1
0.5847920575602025 1
0.5847920575602025 1
0.5847920575602025 1
0.5847920575602025 1
0.5847920575602025 1
0.5847920575602025 1
0.5847920575602025 1
0.5847920575602025 1
0.5847920575602025 1
0.5847920575602025 1
0.5847920575602025 1
0.5847920575602025 1
0.5847920575602025 1
0.5847920575602025 1
0.5847920575602025 1
0.5847920575602025 1
0.5847920575602025 1
0.5847920575602025 1
0.5847920575602025 1
0.5847920575602025 1
0.5847920575602025 1
0.5847920575602025 1
0.5847920575602025 1
0.5847920575602025 1
0.5847920575602025 1
0.5847920575602025 1
0.5847920575602025 1
0.5847920575602025 1
0.5847920575602025 1
0.5847920575602025 1
0.5847920575602025 1
0.5847920575602025 1
0.5847920575602025 1
0.5847920575602025 1
0.5847920575602025 1
0.5847920575602025 1
0.5847920575602025 1
0.5847920575602025 1
0.5847920575602025 1
0.5847920575602025 1
0.5847920575602025 1
0.5847920575602025 1
0.5847920575602025 1
0.5847920575602025 1
0.5847920575602025 1
0.5847920575602025 1
0.5847920575602025 1
0.5847920575602025 1
0.5847920575602025 1
0.5847920575602025 1
0.5847920575602025 1
0.5847920575602025 1
0.5847920575602025 1
0.5847920575602025 1
0.5847920575602025 1
0.5847920575602025 1
0.5847920575602025 1
0.5847920575602025 1
0.5847920575602025 1
0.5847920575602025 1
0.5847920575602025 1
0.5847920575602025 1
0.5847920575602025 1
0.5847920575602025 1
0.5847920575602025 1
0.5847920575602025 1
0.5847920575602025 1
0.5847920575602025 1
0.5847920575602025 1
0.5847920575602025 1
0.5847920575602025 1
0.5847920575602025 1
0.5847920575602025 1
0.5847920575602025 1
0.5847920575602025 1
0.5847920575602025 1
0.5847920575602025 1
0.5847920575602025 1
0.5847920575602025 1
0.5847920575602025 1
0.5847920575602025 1
0.5847920575602025 1
0.5847920575602025 1
0.5847920575602025 1
0.5847920575602025 1
0.5847920575602025 1
0.5847920575602025 1
0.5847920575602025 1
0.5847855036666545 1
0.5847855036666545 1
0.5847855036666545 1
0.5847855036666545 1
0.5847855036666545 1
0.5847855036666545 1
0.5847855036666545 1
0.5847855036666545 1
0.5847855036666545 1
0.5847855036666545 1
0.5847855036666545 1
0.5847855036666545 1
0.5847855036666545 1
0.5847855036666545 1
0.5847855036666545 1
0.5847855036666545 1
0.5847855036666545 1
0.5847855036666545 1
0.5847855036666545 1
0.5847855036666545 1
0.5847855036666545 1
0.5847855036666545 1
0.5847855036666545 1
0.5847855036666545 1
0.5847855036666545 1
0.5847855036666545 1
0.5847176872337517 1
0.5847176872337517 1
0.5845993088811943 0
0.5845993088811943 0
0.5845993088811943 0
0.5845993088811943 0
0.5845993088811943 0
0.5845993088811943 0
0.5845993088811943 0
0.5845993088811943 0
0.5845993088811943 0
0.5845993088811943 0
0.5845993088811943 0
0.5845993088811943 0
0.5845993088811943 0
0.5845993088811943 0
0.5845993088811943 0
0.5845993088811943 0
0.5845993088811943 0
0.5845993088811943 0
0.5845993088811943 0
0.5845993088811943 0
0.5845993088811943 0
0.5845993088811943 0
0.5845993088811943 0
0.5845993088811943 0
0.5845993088811943 0
0.5845993088811943 0
0.5845993088811943 0
0.5845993088811943 0
0.5845993088811943 0
0.5845993088811943 0
0.5845993088811943 0
0.5845993088811943 0
0.5845993088811943 0
0.5845993088811943 0
0.5845993088811943 0
0.5845993088811943 0
0.5845993088811943 0
0.5845993088811943 0
0.5845993088811943 0
0.5845993088811943 0
0.5845993088811943 0
0.5845993088811943 0
0.5845993088811943 0
0.5845993088811943 0
0.5845993088811943 0
0.5845993088811943 0
0.5845993088811943 0
0.5845993088811943 0
0.5845993088811943 0
0.5845993088811943 0
0.5845993088811943 0
0.5845993088811943 0
0.5845993088811943 0
0.5845993088811943 0
0.5845993088811943 0
0.5845993088811943 0
0.5845993088811943 0
0.5845993088811943 0
0.5845993088811943 1
0.5845993088811943 1
0.5845993088811943 1
0.5845993088811943 1
0.5845993088811943 1
0.5845993088811943 1
0.5845993088811943 1
0.5845993088811943 1
0.5845993088811943 1
0.5845993088811943 1
0.5845993088811943 1
0.5845993088811943 1
0.5845993088811943 1
0.5845993088811943 1
0.5845993088811943 1
0.5845993088811943 1
0.5845993088811943 1
0.5845993088811943 1
0.5845993088811943 1
0.5845993088811943 1
0.5845993088811943 1
0.5845993088811943 1
0.5845993088811943 1
0.5845993088811943 1
0.5845993088811943 1
0.5845993088811943 1
0.5845993088811943 1
0.5845993088811943 1
0.5845993088811943 1
0.5845993088811943 1
0.5845993088811943 1
0.5845993088811943 1
0.5845993088811943 1
0.5845993088811943 1
0.5845993088811943 1
0.5845993088811943 1
0.5845993088811943 1
0.5845993088811943 1
0.5845993088811943 1
0.5845993088811943 1
0.5845993088811943 1
0.5845993088811943 1
0.5845993088811943 1
0.5845993088811943 1
0.5845993088811943 1
0.5845993088811943 1
0.5845993088811943 1
0.5845993088811943 1
0.5845993088811943 1
0.5845993088811943 1
0.5845993088811943 1
0.5845993088811943 1
0.5845993088811943 1
0.5845993088811943 1
0.5845993088811943 1
0.5845993088811943 1
0.5845993088811943 1
0.5845993088811943 1
0.5845993088811943 1
0.5845993088811943 1
0.5845993088811943 1
0.5845993088811943 1
0.5845993088811943 1
0.5845993088811943 1
0.5845993088811943 1
0.5845993088811943 1
0.5845993088811943 1
0.5845993088811943 1
0.5845993088811943 1
0.5845993088811943 1
0.5845993088811943 1
0.5845993088811943 1
0.5845993088811943 1
0.5845993088811943 1
0.5845993088811943 1
0.5845993088811943 1
0.5845993088811943 1
0.5845993088811943 1
0.5845993088811943 1
0.5845993088811943 1
0.5845993088811943 1
0.5845993088811943 1
0.5845993088811943 1
0.5845993088811943 1
0.5845993088811943 1
0.5845993088811943 1
0.5845993088811943 1
0.5845993088811943 1
0.5845993088811943 1
0.5845993088811943 1
0.5845993088811943 1
0.5845993088811943 1
0.5845993088811943 1
0.5845993088811943 1
0.5845993088811943 1
0.5845993088811943 1
0.5845993088811943 1
0.5845993088811943 1
0.5845993088811943 1
0.5845993088811943 1
0.5845993088811943 1
0.5845993088811943 1
0.5845993088811943 1
0.5845993088811943 1
0.5845993088811943 1
0.5845993088811943 1
0.5845993088811943 1
0.5845993088811943 1
0.5845993088811943 1
0.5845993088811943 1
0.5845993088811943 1
0.5845993088811943 1
0.5845993088811943 1
0.5845993088811943 1
0.5845993088811943 1
0.5845993088811943 1
0.5845993088811943 1
0.5845993088811943 1
0.5845993088811943 1
0.5845993088811943 1
0.5845993088811943 1
0.5845993088811943 1
0.5845993088811943 1
0.5845993088811943 1
0.5845993088811943 1
0.5845993088811943 1
0.5845993088811943 1
0.5845993088811943 1
0.5845993088811943 1
0.5845993088811943 1
0.5845993088811943 1
0.5845993088811943 1
0.5845993088811943 1
0.5845993088811943 1
0.5845993088811943 1
0.5845993088811943 1
0.5844579212562391 0
0.5844579212562391 1
0.5844579212562391 1
0.5844579212562391 1
0.5844579212562391 1
0.5844579212562391 1
0.5844579212562391 1
0.5844579212562391 1
0.5844579212562391 1
0.5844579212562391 1
0.5844579212562391 1
0.5844579212562391 1
0.5844579212562391 1
0.583129957615672 0
0.583129957615672 0
0.583129957615672 1
0.583129957615672 1
0.583129957615672 1
0.583129957615672 1
0.583129957615672 1
0.583129957615672 1
0.583129957615672 1
0.583129957615672 1
0.583129957615672 1
0.583129957615672 1
0.583129957615672 1
0.583129957615672 1
0.583129957615672 1
0.583129957615672 1
0.583129957615672 1
0.5830827859951572 1
0.5828670291250724 0
0.5828670291250724 0
0.5828670291250724 1
0.5828670291250724 1
0.5828670291250724 1
0.5828670291250724 1
0.5828670291250724 1
0.5828670291250724 1
0.5828670291250724 1
0.5828670291250724 1
0.5826024934297395 0
0.5826024934297395 0
0.5826024934297395 0
0.5826024934297395 0
0.5826024934297395 1
0.5826024934297395 1
0.5826024934297395 1
0.5826024934297395 1
0.5826024934297395 1
0.5826024934297395 1
0.5826024934297395 1
0.5826024934297395 1
0.5826024934297395 1
0.5826024934297395 1
0.5826024934297395 1
0.5826024934297395 1
0.5826024934297395 1
0.5826024934297395 1
0.5826024934297395 1
0.5826024934297395 1
0.5826024934297395 1
0.5826024934297395 1
0.5811337184100396 1
0.5810048626730376 0
0.580742644853388 0
0.5806455138400611 0
0.5806455138400611 0
0.5806455138400611 0
0.5806455138400611 0
0.5806455138400611 1
0.5806455138400611 1
0.5806455138400611 1
0.5798027691181467 0
0.5798027691181467 1
0.5798027691181467 1
0.5790983462903958 0
0.5790983462903958 0
0.5790983462903958 0
0.5790983462903958 0
0.5790983462903958 0
0.5790983462903958 0
0.5790983462903958 0
0.5790983462903958 0
0.5790983462903958 0
0.5790983462903958 0
0.5790983462903958 0
0.5790983462903958 0
0.5790983462903958 0
0.5790983462903958 0
0.5790983462903958 0
0.5790983462903958 0
0.5790983462903958 0
0.5790983462903958 0
0.5790983462903958 1
0.5790983462903958 1
0.5790983462903958 1
0.5790983462903958 1
0.5790983462903958 1
0.5790983462903958 1
0.5790983462903958 1
0.5790983462903958 1
0.5790983462903958 1
0.5790983462903958 1
0.5790983462903958 1
0.5790983462903958 1
0.5790983462903958 1
0.5790983462903958 1
0.5790983462903958 1
0.5790983462903958 1
0.5790983462903958 1
0.5790983462903958 1
0.5790983462903958 1
0.5790983462903958 1
0.5790983462903958 1
0.5790983462903958 1
0.5790983462903958 1
0.5790983462903958 1
0.5790983462903958 1
0.5790983462903958 1
0.5790983462903958 1
0.5790983462903958 1
0.5790983462903958 1
0.5790983462903958 1
0.5790983462903958 1
0.5790983462903958 1
0.5790983462903958 1
0.5790983462903958 1
0.5790983462903958 1
0.5790983462903958 1
0.5790983462903958 1
0.5790983462903958 1
0.5790983462903958 1
0.5790983462903958 1
0.5790983462903958 1
0.5790983462903958 1
0.5790983462903958 1
0.5790983462903958 1
0.5790983462903958 1
0.5790983462903958 1
0.5790983462903958 1
0.5790983462903958 1
0.5790983462903958 1
0.5787618836337706 0
0.5787618836337706 0
0.5787618836337706 0
0.5787618836337706 1
0.5787618836337706 1
0.5787618836337706 1
0.5777777632231408 0
0.5777777632231408 1
0.5777777632231408 1
0.5777777632231408 1
0.5777777632231408 1
0.5777777632231408 1
0.5777777632231408 1
0.5777777632231408 1
0.5777777632231408 1
0.5768142108822174 0
0.5768142108822174 0
0.5768142108822174 0
0.5768142108822174 0
0.5768142108822174 0
0.5768142108822174 0
0.5768142108822174 0
0.5768142108822174 0
0.5768142108822174 0
0.5768142108822174 0
0.5768142108822174 0
0.5768142108822174 1
0.5768142108822174 1
0.5768142108822174 1
0.5768142108822174 1
0.5768142108822174 1
0.5768142108822174 1
0.5768142108822174 1
0.5768142108822174 1
0.5768142108822174 1
0.5768142108822174 1
0.5768142108822174 1
0.5768142108822174 1
0.5768142108822174 1
0.5768142108822174 1
0.576499177274281 0
0.576499177274281 0
0.576499177274281 1
0.576499177274281 1
0.5764439224473338 0
0.5764439224473338 0
0.5764439224473338 1
0.5759027595814573 0
0.5759027595814573 1
0.5759027595814573 1
0.5759027595814573 1
0.5759027595814573 1
0.5759027595814573 1
0.5759027595814573 1
0.5759027595814573 1
0.5759027595814573 1
0.5759027595814573 1
0.5759027595814573 1
0.5759027595814573 1
0.5759027595814573 1
0.5759027595814573 1
0.5759027595814573 1
0.5759027595814573 1
0.5759027595814573 1
0.5759027595814573 1
0.5759027595814573 1
0.5759027595814573 1
0.5754364757212823 0
0.5754364757212823 1
0.5754364757212823 1
0.5754364757212823 1
0.5754364757212823 1
0.5754364757212823 1
0.5754364757212823 1
0.5754364757212823 1
0.5754364757212823 1
0.5751747324651616 1
0.5744419593783688 0
0.5744419593783688 0
0.5744419593783688 0
0.5744419593783688 0
0.5744419593783688 0
0.5744419593783688 0
0.5744419593783688 0
0.5744419593783688 0
0.5744419593783688 1
0.5744419593783688 1
0.5744419593783688 1
0.574119404897057 0
0.573617982724703 0
0.573617982724703 0
0.573617982724703 0
0.573617982724703 0
0.573617982724703 0
0.573617982724703 0
0.573617982724703 0
0.573617982724703 0
0.573617982724703 0
0.573617982724703 0
0.573617982724703 0
0.573617982724703 0
0.573617982724703 0
0.573617982724703 0
0.573617982724703 0
0.573617982724703 0
0.573617982724703 0
0.573617982724703 0
0.573617982724703 0
0.573617982724703 0
0.573617982724703 0
0.573617982724703 0
0.573617982724703 0
0.573617982724703 0
0.573617982724703 0
0.573617982724703 0
0.573617982724703 0
0.573617982724703 0
0.573617982724703 0
0.573617982724703 0
0.573617982724703 0
0.573617982724703 0
0.573617982724703 0
0.573617982724703 0
0.573617982724703 0
0.573617982724703 0
0.573617982724703 0
0.573617982724703 0
0.573617982724703 0
0.573617982724703 0
0.573617982724703 0
0.573617982724703 0
0.573617982724703 0
0.573617982724703 0
0.573617982724703 0
0.573617982724703 0
0.573617982724703 0
0.573617982724703 0
0.573617982724703 0
0.573617982724703 0
0.573617982724703 0
0.573617982724703 0
0.573617982724703 0
0.573617982724703 0
0.573617982724703 0
0.573617982724703 0
0.573617982724703 0
0.573617982724703 0
0.573617982724703 0
0.573617982724703 0
0.573617982724703 0
0.573617982724703 0
0.573617982724703 0
0.573617982724703 0
0.573617982724703 0
0.573617982724703 0
0.573617982724703 0
0.573617982724703 0
0.573617982724703 0
0.573617982724703 0
0.573617982724703 0
0.573617982724703 0
0.573617982724703 0
0.573617982724703 0
0.573617982724703 0
0.573617982724703 0
0.573617982724703 0
0.573617982724703 0
0.573617982724703 0
0.573617982724703 0
0.573617982724703 0
0.573617982724703 0
0.573617982724703 0
0.573617982724703 0
0.573617982724703 0
0.573617982724703 0
0.573617982724703 0
0.573617982724703 0
0.573617982724703 0
0.573617982724703 0
0.573617982724703 0
0.573617982724703 1
0.573617982724703 1
0.573617982724703 1
0.573617982724703 1
0.573617982724703 1
0.573617982724703 1
0.573617982724703 1
0.573617982724703 1
0.573617982724703 1
0.573617982724703 1
0.573617982724703 1
0.573617982724703 1
0.573617982724703 1
0.573617982724703 1
0.573617982724703 1
0.573617982724703 1
0.573617982724703 1
0.573617982724703 1
0.573617982724703 1
0.573617982724703 1
0.573617982724703 1
0.573617982724703 1
0.573617982724703 1
0.573617982724703 1
0.573617982724703 1
0.573617982724703 1
0.573617982724703 1
0.573617982724703 1
0.573617982724703 1
0.573617982724703 1
0.573617982724703 1
0.573617982724703 1
0.573617982724703 1
0.573617982724703 1
0.573617982724703 1
0.573617982724703 1
0.573617982724703 1
0.573617982724703 1
0.573617982724703 1
0.573617982724703 1
0.573617982724703 1
0.573617982724703 1
0.573617982724703 1
0.573617982724703 1
0.573617982724703 1
0.573617982724703 1
0.573617982724703 1
0.573617982724703 1
0.573617982724703 1
0.573617982724703 1
0.573617982724703 1
0.573617982724703 1
0.573617982724703 1
0.573617982724703 1
0.573617982724703 1
0.573617982724703 1
0.573617982724703 1
0.573617982724703 1
0.573617982724703 1
0.573617982724703 1
0.573617982724703 1
0.573617982724703 1
0.573617982724703 1
0.573617982724703 1
0.573617982724703 1
0.573617982724703 1
0.573617982724703 1
0.573617982724703 1
0.573617982724703 1
0.573617982724703 1
0.573617982724703 1
0.573617982724703 1
0.5732610828599808 0
0.5732610828599808 0
0.5732610828599808 0
0.5732610828599808 0
0.5732610828599808 0
0.5732610828599808 0
0.5732610828599808 0
0.5732610828599808 0
0.5732610828599808 0
0.5732610828599808 0
0.5732610828599808 0
0.5732610828599808 0
0.5732610828599808 0
0.5732610828599808 1
0.5732610828599808 1
0.5732610828599808 1
0.5732610828599808 1
0.5732610828599808 1
0.5732610828599808 1
0.5732610828599808 1
0.5732610828599808 1
0.5732610828599808 1
0.5732610828599808 1
0.5732610828599808 1
0.5732610828599808 1
0.5732610828599808 1
0.5732610828599808 1
0.5732610828599808 1
0.5732610828599808 1
0.5732610828599808 1
0.5732610828599808 1
0.5732610828599808 1
0.5732610828599808 1
0.5732610828599808 1
0.5732610828599808 1
0.5732610828599808 1
0.5728536055036377 1
0.5728536055036377 1
0.5728536055036377 1
0.5723889756847045 1
0.5723889756847045 1
0.5723889756847045 1
0.5722924743269497 1
0.5722924743269497 1
0.5722924743269497 1
0.5722924743269497 1
0.5722924743269497 1
0.5722924743269497 1
0.5722924743269497 1
0.5722924743269497 1
0.5717441158451068 0
0.5717441158451068 0
0.5717441158451068 1
0.5717441158451068 1
0.5717441158451068 1
0.5717441158451068 1
0.5715825256505813 0
0.5715825256505813 0
0.5715825256505813 0
0.5715825256505813 0
0.5715825256505813 0
0.5715825256505813 0
0.5715825256505813 0
0.5715825256505813 0
0.5715825256505813 0
0.5715825256505813 0
0.5715825256505813 0
0.5715825256505813 1
0.5715825256505813 1
0.5715825256505813 1
0.5715825256505813 1
0.5715825256505813 1
0.5715825256505813 1
0.5715825256505813 1
0.5715825256505813 1
0.5715825256505813 1
0.5715825256505813 1
0.5715825256505813 1
0.5715825256505813 1
0.5715825256505813 1
0.5715825256505813 1
0.5715825256505813 1
0.5715825256505813 1
0.5715825256505813 1
0.5715825256505813 1
0.5715825256505813 1
0.5715825256505813 1
0.5715825256505813 1
0.5715825256505813 1
0.5715825256505813 1
0.5715825256505813 1
0.5715825256505813 1
0.5715825256505813 1
0.5715825256505813 1
0.5715825256505813 1
0.5715825256505813 1
0.5715825256505813 1
0.5715825256505813 1
0.5715825256505813 1
0.5715825256505813 1
0.5715825256505813 1
0.5715825256505813 1
0.5715825256505813 1
0.5715825256505813 1
0.5715825256505813 1
0.5715825256505813 1
0.5715825256505813 1
0.5715825256505813 1
0.5715825256505813 1
0.5715825256505813 1
0.5713859840181446 1
0.569978608358645 0
0.569978608358645 0
0.569978608358645 0
0.569978608358645 0
0.569978608358645 1
0.569978608358645 1
0.569978608358645 1
0.569978608358645 1
0.569978608358645 1
0.569978608358645 1
0.5695861732670097 1
0.5695861732670097 1
0.5695861732670097 1
0.5695861732670097 1
0.5695861732670097 1
0.5695861732670097 1
0.5695861732670097 1
0.5694123445827943 0
0.5694123445827943 0
0.5694123445827943 0
0.5694123445827943 0
0.5694123445827943 0
0.5694123445827943 0
0.5694123445827943 0
0.5694123445827943 0
0.5694123445827943 0
0.5694123445827943 0
0.5694123445827943 0
0.5694123445827943 0
0.5694123445827943 0
0.5694123445827943 0
0.5694123445827943 1
0.5694123445827943 1
0.5694123445827943 1
0.5694123445827943 1
0.5694123445827943 1
0.5694123445827943 1
0.5694123445827943 1
0.5694123445827943 1
0.5690137980211029 0
0.5690137980211029 1
0.5690137980211029 1
0.5690137980211029 1
0.5690137980211029 1
0.5690137980211029 1
0.5690137980211029 1
0.5690137980211029 1
0.5690137980211029 1
0.5690137980211029 1
0.5690137980211029 1
0.5690137980211029 1
0.5690137980211029 1
0.5680344972080499 1
0.5677080352203291 0
0.5677080352203291 0
0.5677080352203291 0
0.5674065138419256 1
0.5674065138419256 1
0.5674065138419256 1
0.5668169554003931 0
0.5668169554003931 0
0.5668169554003931 1
0.5665468229408555 0
0.5665468229408555 0
0.5665468229408555 0
0.5652740692045031 0
0.5652740692045031 0
0.5652740692045031 0
0.5652740692045031 0
0.5652740692045031 1
0.5652740692045031 1
0.5652740692045031 1
0.5652740692045031 1
0.5652740692045031 1
0.5652740692045031 1
0.5652740692045031 1
0.5652740692045031 1
0.5647429111703812 0
0.5647429111703812 1
0.5647429111703812 1
0.5647429111703812 1
0.5647429111703812 1
0.563935240483899 0
0.563935240483899 0
0.563935240483899 0
0.563935240483899 0
0.563935240483899 0
0.563935240483899 0
0.563935240483899 0
0.563935240483899 0
0.563935240483899 0
0.563935240483899 0
0.563935240483899 0
0.563935240483899 0
0.563935240483899 0
0.563935240483899 0
0.563935240483899 0
0.563935240483899 0
0.563935240483899 0
0.563935240483899 0
0.563935240483899 0
0.563935240483899 0
0.563935240483899 0
0.563935240483899 0
0.563935240483899 0
0.563935240483899 0
0.563935240483899 0
0.563935240483899 1
0.563935240483899 1
0.563935240483899 1
0.563935240483899 1
0.563935240483899 1
0.563935240483899 1
0.563935240483899 1
0.563935240483899 1
0.563935240483899 1
0.563935240483899 1
0.563935240483899 1
0.563935240483899 1
0.563935240483899 1
0.563935240483899 1
0.563935240483899 1
0.563935240483899 1
0.563935240483899 1
0.563935240483899 1
0.563935240483899 1
0.563935240483899 1
0.563935240483899 1
0.563935240483899 1
0.563935240483899 1
0.563935240483899 1
0.563935240483899 1
0.563935240483899 1
0.563935240483899 1
0.563935240483899 1
0.563935240483899 1
0.563935240483899 1
0.563935240483899 1
0.563935240483899 1
0.563935240483899 1
0.563935240483899 1
0.563935240483899 1
0.563935240483899 1
0.563935240483899 1
0.563935240483899 1
0.563935240483899 1
0.563935240483899 1
0.563935240483899 1
0.563935240483899 1
0.563935240483899 1
0.563935240483899 1
0.563935240483899 1
0.563935240483899 1
0.563935240483899 1
0.563935240483899 1
0.563935240483899 1
0.563935240483899 1
0.563935240483899 1
0.563935240483899 1
0.563935240483899 1
0.563935240483899 1
0.563935240483899 1
0.563935240483899 1
0.563935240483899 1
0.563935240483899 1
0.563935240483899 1
0.563935240483899 1
0.5637975966488474 0
0.5637975966488474 0
0.5637975966488474 0
0.5637975966488474 0
0.5637975966488474 1
0.5637975966488474 1
0.5636957014359681 1
0.5626794697859744 0
0.5626794697859744 0
0.5626794697859744 0
0.5626794697859744 0
0.5626794697859744 0
0.5626794697859744 0
0.5626794697859744 0
0.5626794697859744 0
0.5626794697859744 0
0.5626794697859744 0
0.5626794697859744 1
0.5626794697859744 1
0.5626794697859744 1
0.5626794697859744 1
0.5626794697859744 1
0.5626794697859744 1
0.5626794697859744 1
0.5626794697859744 1
0.5626794697859744 1
0.5626794697859744 1
0.5626794697859744 1
0.5626794697859744 1
0.5626794697859744 1
0.5626794697859744 1
0.5626794697859744 1
0.5626794697859744 1
0.5626794697859744 1
0.5626794697859744 1
0.5626794697859744 1
0.5626794697859744 1
0.5626794697859744 1
0.5626794697859744 1
0.5626794697859744 1
0.5626794697859744 1
0.5626794697859744 1
0.5626794697859744 1
0.5626794697859744 1
0.5626794697859744 1
0.562354333327118 0
0.562354333327118 0
0.562354333327118 0
0.562354333327118 1
0.562354333327118 1
0.562354333327118 1
0.562354333327118 1
0.562354333327118 1
0.562354333327118 1
0.562354333327118 1
0.562354333327118 1
0.5623419283036708 0
0.5623246159051979 0
0.5623246159051979 0
0.5623246159051979 0
0.5623246159051979 0
0.5623246159051979 0
0.5623246159051979 0
0.5623246159051979 0
0.5623246159051979 0
0.5623246159051979 0
0.5623246159051979 0
0.5623246159051979 0
0.5623246159051979 0
0.5623246159051979 0
0.5623246159051979 0
0.5623246159051979 0
0.5623246159051979 0
0.5623246159051979 0
0.5623246159051979 0
0.5623246159051979 0
0.5623246159051979 0
0.5623246159051979 0
0.5623246159051979 0
0.5623246159051979 0
0.5623246159051979 0
0.5623246159051979 0
0.5623246159051979 0
0.5623246159051979 0
0.5623246159051979 0
0.5623246159051979 0
0.5623246159051979 0
0.5623246159051979 0
0.5623246159051979 0
0.5623246159051979 0
0.5623246159051979 0
0.5623246159051979 0
0.5623246159051979 0
0.5623246159051979 0
0.5623246159051979 0
0.5623246159051979 0
0.5623246159051979 0
0.5623246159051979 0
0.5623246159051979 0
0.5623246159051979 0
0.5623246159051979 0
0.5623246159051979 0
0.5623246159051979 0
0.5623246159051979 0
0.5623246159051979 0
0.5623246159051979 0
0.5623246159051979 0
0.5623246159051979 1
0.5623246159051979 1
0.5623246159051979 1
0.5623246159051979 1
0.5623246159051979 1
0.5623246159051979 1
0.5623246159051979 1
0.5623246159051979 1
0.5623246159051979 1
0.5623246159051979 1
0.5623246159051979 1
0.5623246159051979 1
0.5623246159051979 1
0.5623246159051979 1
0.5623246159051979 1
0.5623246159051979 1
0.5623246159051979 1
0.5623246159051979 1
0.5623246159051979 1
0.5623246159051979 1
0.5623246159051979 1
0.5623246159051979 1
0.5623246159051979 1
0.5623246159051979 1
0.5623246159051979 1
0.5623246159051979 1
0.5623246159051979 1
0.5623246159051979 1
0.5606862222186278 0
0.5606862222186278 1
0.5602484923446441 0
0.5602484923446441 0
0.5602484923446441 0
0.5602484923446441 0
0.5602484923446441 0
0.5602484923446441 0
0.5602484923446441 0
0.5602484923446441 0
0.5602484923446441 0
0.5602484923446441 0
0.5602484923446441 1
0.5602484923446441 1
0.5602484923446441 1
0.5602484923446441 1
0.5602484923446441 1
0.5602484923446441 1
0.5602484923446441 1
0.5602484923446441 1
0.5602484923446441 1
0.5602484923446441 1
0.5602484923446441 1
0.5602484923446441 1
0.5602484923446441 1
0.5602484923446441 1
0.5602484923446441 1
0.5602484923446441 1
0.5602484923446441 1
0.5602484923446441 1
0.5602484923446441 1
0.5602484923446441 1
0.5602484923446441 1
0.5602484923446441 1
0.5602484923446441 1
0.5602484923446441 1
0.5602484923446441 1
0.5602484923446441 1
0.5602484923446441 1
0.5602484923446441 1
0.5602484923446441 1
0.5602484923446441 1
0.5602484923446441 1
0.5602484923446441 1
0.5602484923446441 1
0.5602484923446441 1
0.5602484923446441 1
0.5602484923446441 1
0.5594084985259788 0
0.5591182919883382 0
0.5591182919883382 0
0.5591182919883382 0
0.5591182919883382 1
0.5591182919883382 1
0.5591182919883382 1
0.5591182919883382 1
0.5591182919883382 1
0.5591182919883382 1
0.5575431903125906 0
0.5575431903125906 0
0.5575431903125906 0
0.5575431903125906 0
0.5575431903125906 1
0.5575431903125906 1
0.5575431903125906 1
0.557291956683796 0
0.557291956683796 0
0.557291956683796 1
0.557291956683796 1
0.5560546760691749 0
0.5560546760691749 0
0.5560546760691749 0
0.5560546760691749 0
0.5560546760691749 0
0.5560546760691749 0
0.5560546760691749 0
0.5560546760691749 1
0.5560546760691749 1
0.5560546760691749 1
0.5560546760691749 1
0.5560546760691749 1
0.5560546760691749 1
0.5557895502415053 0
0.5557895502415053 1
0.5557895502415053 1
0.5557895502415053 1
0.5557895502415053 1
0.5549641494376372 0
0.5549641494376372 0
0.554882267651352 0
0.554882267651352 1
0.554882267651352 1
0.554882267651352 1
0.5543529646123436 0
0.5543529646123436 0
0.5543529646123436 1
0.5543529646123436 1
0.5543529646123436 1
0.5543529646123436 1
0.5543529646123436 1
0.5543529646123436 1
0.5543529646123436 1
0.5539919761422128 0
0.5539919761422128 0
0.5539919761422128 0
0.5539919761422128 0
0.5539919761422128 0
0.5539919761422128 0
0.5539919761422128 0
0.5539919761422128 0
0.5539919761422128 0
0.5539919761422128 0
0.5539919761422128 0
0.5539919761422128 0
0.5539919761422128 0
0.5539919761422128 0
0.5539919761422128 0
0.5539919761422128 0
0.5539919761422128 0
0.5539919761422128 0
0.5539919761422128 0
0.5539919761422128 0
0.5539919761422128 0
0.5539919761422128 1
0.5539919761422128 1
0.5539919761422128 1
0.5539919761422128 1
0.5539919761422128 1
0.5539919761422128 1
0.5539919761422128 1
0.5539919761422128 1
0.5539919761422128 1
0.5539919761422128 1
0.5539919761422128 1
0.5539919761422128 1
0.5539919761422128 1
0.5539919761422128 1
0.5539919761422128 1
0.5539919761422128 1
0.5539919761422128 1
0.5538410155878467 1
0.5536801425975403 0
0.5536801425975403 1
0.5536801425975403 1
0.5536801425975403 1
0.5532207621464386 0
0.5532207621464386 0
0.5532207621464386 0
0.5532207621464386 0
0.5532207621464386 0
0.5532207621464386 0
0.5532207621464386 0
0.5532207621464386 0
0.5532207621464386 0
0.5532207621464386 0
0.5532207621464386 1
0.5532207621464386 1
0.5532207621464386 1
0.5532207621464386 1
0.5530401464600827 0
0.5530023736473054 0
0.5530023736473054 0
0.5530023736473054 1
0.5530023736473054 1
0.5530023736473054 1
0.5530023736473054 1
0.5530023736473054 1
0.5530023736473054 1
0.5530023736473054 1
0.5526752793335042 0
0.5520611703396038 0
0.5520611703396038 0
0.5520611703396038 0
0.5520611703396038 1
0.5520611703396038 1
0.5520611703396038 1
0.5520611703396038 1
0.5518932944422384 0
0.5518932944422384 0
0.5508031715505437 0
0.5508031715505437 0
0.5508031715505437 0
0.5508031715505437 0
0.5508031715505437 0
0.5508031715505437 0
0.5508031715505437 0
0.5508031715505437 1
0.5505827248480827 0
0.5505827248480827 1
0.5505827248480827 1
0.5505827248480827 1
0.5505755008449398 0
0.5505755008449398 0
0.5505755008449398 1
0.5505755008449398 1
0.5505755008449398 1
0.5505755008449398 1
0.5505755008449398 1
0.5505755008449398 1
0.5505755008449398 1
0.5505755008449398 1
0.5505755008449398 1
0.5504767906725657 0
0.5497864410294193 0
0.5497864410294193 0
0.5497864410294193 1
0.5495203177850213 0
0.5495203177850213 0
0.5495203177850213 0
0.5495203177850213 0
0.5495203177850213 0
0.5495203177850213 0
0.5495203177850213 0
0.5495203177850213 0
0.5495203177850213 0
0.5495203177850213 0
0.5495203177850213 0
0.5495203177850213 1
0.5495203177850213 1
0.5495203177850213 1
0.5495203177850213 1
0.5495203177850213 1
0.5495203177850213 1
0.5495203177850213 1
0.5495203177850213 1
0.5495203177850213 1
0.5495203177850213 1
0.5495203177850213 1
0.5495203177850213 1
0.5495203177850213 1
0.5495203177850213 1
0.5495203177850213 1
0.5495203177850213 1
0.5495203177850213 1
0.5495203177850213 1
0.5495203177850213 1
0.5495203177850213 1
0.5495203177850213 1
0.5495203177850213 1
0.5495203177850213 1
0.5495203177850213 1
0.5495203177850213 1
0.5495203177850213 1
0.5495203177850213 1
0.5495203177850213 1
0.5495203177850213 1
0.5495203177850213 1
0.5495203177850213 1
0.5495203177850213 1
0.5495203177850213 1
0.5495203177850213 1
0.5495203177850213 1
0.5495203177850213 1
0.5495102891940711 0
0.5495102891940711 0
0.5495102891940711 0
0.5495102891940711 0
0.5491765502541328 0
0.5491765502541328 0
0.5491765502541328 0
0.5491765502541328 0
0.5491765502541328 0
0.5491765502541328 0
0.5491765502541328 0
0.5491765502541328 0
0.5491765502541328 0
0.5491765502541328 0
0.5491765502541328 0
0.5491765502541328 0
0.5491765502541328 0
0.5491765502541328 0
0.5491765502541328 0
0.5491765502541328 0
0.5491765502541328 0
0.5491765502541328 0
0.5491765502541328 0
0.5491765502541328 0
0.5491765502541328 0
0.5491765502541328 0
0.5491765502541328 0
0.5491765502541328 0
0.5491765502541328 0
0.5491765502541328 0
0.5491765502541328 0
0.5491765502541328 0
0.5491765502541328 0
0.5491765502541328 0
0.5491765502541328 0
0.5491765502541328 0
0.5491765502541328 0
0.5491765502541328 0
0.5491765502541328 0
0.5491765502541328 0
0.5491765502541328 0
0.5491765502541328 0
0.5491765502541328 0
0.5491765502541328 0
0.5491765502541328 0
0.5491765502541328 0
0.5491765502541328 0
0.5491765502541328 0
0.5491765502541328 0
0.5491765502541328 0
0.5491765502541328 0
0.5491765502541328 0
0.5491765502541328 0
0.5491765502541328 0
0.5491765502541328 0
0.5491765502541328 1
0.5491765502541328 1
0.5491765502541328 1
0.5491765502541328 1
0.5491765502541328 1
0.5491765502541328 1
0.5491765502541328 1
0.5491765502541328 1
0.5491765502541328 1
0.5491765502541328 1
0.5491765502541328 1
0.5491765502541328 1
0.5491765502541328 1
0.5491765502541328 1
0.5491765502541328 1
0.5491765502541328 1
0.5491765502541328 1
0.5491765502541328 1
0.5491765502541328 1
0.5491765502541328 1
0.5491765502541328 1
0.5491765502541328 1
0.5491765502541328 1
0.5491765502541328 1
0.5491765502541328 1
0.5491765502541328 1
0.5491765502541328 1
0.5491765502541328 1
0.5491765502541328 1
0.5491765502541328 1
0.5491765502541328 1
0.5491765502541328 1
0.5491765502541328 1
0.5491765502541328 1
0.5491765502541328 1
0.5491765502541328 1
0.5491765502541328 1
0.5491765502541328 1
0.5491765502541328 1
0.5491765502541328 1
0.5491765502541328 1
0.5490116164201748 0
0.5490116164201748 0
0.5490116164201748 0
0.5472231041999263 0
0.5472231041999263 0
0.5472231041999263 0
0.5472231041999263 0
0.5472231041999263 0
0.5472231041999263 0
0.5472231041999263 0
0.5472231041999263 1
0.5472231041999263 1
0.5472231041999263 1
0.5472231041999263 1
0.5472231041999263 1
0.5472231041999263 1
0.5472231041999263 1
0.5472231041999263 1
0.5472231041999263 1
0.5472231041999263 1
0.5472231041999263 1
0.5472231041999263 1
0.5472231041999263 1
0.5467944917823403 0
0.5467944917823403 0
0.5467944917823403 0
0.5467944917823403 0
0.5466402909469866 1
0.5466402909469866 1
0.546504767944832 0
0.5458674384513155 0
0.5451841141317546 0
0.5451841141317546 1
0.5442847507461022 0
0.5442847507461022 0
0.5442847507461022 0
0.5442847507461022 0
0.5442847507461022 0
0.5442847507461022 1
0.5442847507461022 1
0.5442847507461022 1
0.5430854877992267 0
0.5430854877992267 1
0.5430854877992267 1
0.5430854877992267 1
0.5430854877992267 1
0.5430854877992267 1
0.5429991171413143 0
0.5429991171413143 0
0.5429991171413143 0
0.5429991171413143 0
0.5429991171413143 0
0.5429991171413143 0
0.5429991171413143 1
0.5429991171413143 1
0.5429991171413143 1
0.5426813646739148 0
0.5426813646739148 0
0.5426813646739148 0
0.5425949433687978 0
0.5425949433687978 0
0.5425949433687978 0
0.5425949433687978 0
0.5425949433687978 0
0.5425949433687978 0
0.5425949433687978 0
0.5425949433687978 0
0.5425949433687978 0
0.5425949433687978 0
0.5425949433687978 0
0.5425949433687978 0
0.5425949433687978 0
0.5425949433687978 0
0.5425949433687978 0
0.5425949433687978 1
0.5425949433687978 1
0.5425949433687978 1
0.5425949433687978 1
0.5425949433687978 1
0.5425949433687978 1
0.5424707608363944 0
0.5424707608363944 0
0.5424707608363944 1
0.5424707608363944 1
0.5424707608363944 1
0.542460716852547 1
0.542460716852547 1
0.542460716852547 1
0.542460716852547 1
0.542460716852547 1
0.542460716852547 1
0.542460716852547 1
0.542460716852547 1
0.542460716852547 1
0.542460716852547 1
0.542460716852547 1
0.542460716852547 1
0.542460716852547 1
0.542460716852547 1
0.542460716852547 1
0.5421336639390365 0
0.5421053069528736 0
0.5421053069528736 0
0.5421053069528736 0
0.5421053069528736 0
0.5421053069528736 1
0.5420200998589787 1
0.5420200998589787 1
0.5420200998589787 1
0.5420200998589787 1
0.5417868217244217 0
0.5417868217244217 0
0.5417868217244217 0
0.5417868217244217 0
0.5417868217244217 0
0.5417868217244217 0
0.5417868217244217 1
0.5417868217244217 1
0.5417868217244217 1
0.5417868217244217 1
0.5417868217244217 1
0.5417868217244217 1
0.5417868217244217 1
0.5417868217244217 1
0.5417868217244217 1
0.5417868217244217 1
0.5417868217244217 1
0.5417868217244217 1
0.5417868217244217 1
0.5417868217244217 1
0.5417868217244217 1
0.5417868217244217 1
0.5417868217244217 1
0.5417868217244217 1
0.5417823059640896 0
0.5417823059640896 1
0.5417823059640896 1
0.5417823059640896 1
0.5417823059640896 1
0.5412847742612814 0
0.5412847742612814 0
0.5412847742612814 1
0.5410776154600452 0
0.5410776154600452 0
0.5410776154600452 0
0.5410776154600452 1
0.5409473300029324 0
0.5409473300029324 0
0.5409473300029324 1
0.5409473300029324 1
0.5409473300029324 1
0.5409473300029324 1
0.5409473300029324 1
0.5409473300029324 1
0.5409473300029324 1
0.5409473300029324 1
0.5409473300029324 1
0.5409473300029324 1
0.5409473300029324 1
0.5409473300029324 1
0.5409473300029324 1
0.5409473300029324 1
0.5409473300029324 1
0.5409473300029324 1
0.5409473300029324 1
0.5409473300029324 1
0.5409473300029324 1
0.5409473300029324 1
0.5409473300029324 1
0.5409473300029324 1
0.5409473300029324 1
0.540563055267671 1
0.540563055267671 1
0.5404639814665305 0
0.5404639814665305 0
0.5404639814665305 0
0.5404639814665305 1
0.5404639814665305 1
0.5401675218898212 0
0.5401675218898212 0
0.5398749950836017 0
0.5398749950836017 0
0.5398749950836017 1
0.5398749950836017 1
0.5387697176491683 1
0.5383714911797538 0
0.5383714911797538 0
0.5383714911797538 1
0.5383714911797538 1
0.538357494632358 0
0.538357494632358 0
0.5381879914254428 0
0.5381879914254428 0
0.5381879914254428 0
0.5381879914254428 0
0.5381879914254428 0
0.5381879914254428 0
0.5381879914254428 0
0.5381879914254428 0
0.5381879914254428 0
0.5381879914254428 0
0.5381879914254428 0
0.5381879914254428 0
0.5381879914254428 0
0.5381879914254428 0
0.5381879914254428 0
0.5381879914254428 0
0.5381879914254428 0
0.5381879914254428 0
0.5381879914254428 0
0.5381879914254428 0
0.5381879914254428 0
0.5381879914254428 0
0.5381879914254428 0
0.5381879914254428 0
0.5381879914254428 0
0.5381879914254428 1
0.5381879914254428 1
0.5381879914254428 1
0.5381879914254428 1
0.5381879914254428 1
0.5381879914254428 1
0.5381879914254428 1
0.5381879914254428 1
0.5381879914254428 1
0.5381879914254428 1
0.5381879914254428 1
0.5381879914254428 1
0.5381879914254428 1
0.5381879914254428 1
0.5381879914254428 1
0.5381879914254428 1
0.5381879914254428 1
0.5381879914254428 1
0.5380386240245026 0
0.5380386240245026 0
0.5380386240245026 0
0.5379095798108613 1
0.5379095798108613 1
0.5379095798108613 1
0.5374617026439132 0
0.5374617026439132 0
0.5374617026439132 0
0.5374617026439132 0
0.5374617026439132 0
0.5374617026439132 0
0.5374617026439132 0
0.5374617026439132 0
0.5374617026439132 0
0.5374617026439132 0
0.5374617026439132 0
0.5374617026439132 0
0.5374617026439132 0
0.5374617026439132 0
0.5374617026439132 0
0.5374617026439132 0
0.5374617026439132 0
0.5374617026439132 0
0.5374617026439132 1
0.5372949994657852 0
0.5372949994657852 0
0.5372949994657852 0
0.5372949994657852 0
0.5372949994657852 1
0.5372949994657852 1
0.5372949994657852 1
0.5372949994657852 1
0.5372949994657852 1
0.5372949994657852 1
0.5372949994657852 1
0.5372949994657852 1
0.5372949994657852 1
0.5372949994657852 1
0.5372949994657852 1
0.5372949994657852 1
0.5372949994657852 1
0.5372949994657852 1
0.5372949994657852 1
0.5372949994657852 1
0.5372949994657852 1
0.5372949994657852 1
0.5372949994657852 1
0.5372949994657852 1
0.5372949994657852 1
0.5372949994657852 1
0.5372949994657852 1
0.5372949994657852 1
0.5372949994657852 1
0.5372949994657852 1
0.5372949994657852 1
0.5372949994657852 1
0.5372949994657852 1
0.5372949994657852 1
0.5372949994657852 1
0.5372949994657852 1
0.5372949994657852 1
0.5372949994657852 1
0.5372949994657852 1
0.5372949994657852 1
0.5372949994657852 1
0.5372949994657852 1
0.5372949994657852 1
0.5372949994657852 1
0.5372949994657852 1
0.5372949994657852 1
0.5372949994657852 1
0.5372949994657852 1
0.53656041986977 0
0.53656041986977 0
0.53656041986977 0
0.53656041986977 0
0.53656041986977 0
0.53656041986977 0
0.53656041986977 0
0.53656041986977 0
0.53656041986977 0
0.53656041986977 1
0.53656041986977 1
0.53656041986977 1
0.53656041986977 1
0.53656041986977 1
0.53656041986977 1
0.53656041986977 1
0.53656041986977 1
0.53656041986977 1
0.53656041986977 1
0.53656041986977 1
0.5362113726711968 0
0.5362113726711968 0
0.5360667212504058 0
0.5360667212504058 0
0.5360667212504058 0
0.5360667212504058 0
0.5360667212504058 0
0.5360667212504058 0
0.5360667212504058 0
0.5360667212504058 0
0.5360667212504058 0
0.5360667212504058 0
0.5360667212504058 0
0.5360667212504058 0
0.5360667212504058 0
0.5360667212504058 0
0.5360667212504058 0
0.5360667212504058 1
0.5360667212504058 1
0.5360667212504058 1
0.5360667212504058 1
0.5360667212504058 1
0.5360667212504058 1
0.5360667212504058 1
0.5360667212504058 1
0.5360667212504058 1
0.5360667212504058 1
0.5360667212504058 1
0.5360667212504058 1
0.5360667212504058 1
0.5360667212504058 1
0.5360667212504058 1
0.5360667212504058 1
0.5360667212504058 1
0.5360667212504058 1
0.5360667212504058 1
0.5360667212504058 1
0.5360667212504058 1
0.5360667212504058 1
0.5360667212504058 1
0.5360667212504058 1
0.5360667212504058 1
0.5360667212504058 1
0.5360667212504058 1
0.5360667212504058 1
0.5360667212504058 1
0.5360667212504058 1
0.5360667212504058 1
0.5360667212504058 1
0.5360667212504058 1
0.5360667212504058 1
0.5360667212504058 1
0.5360667212504058 1
0.5360667212504058 1
0.5360667212504058 1
0.5360667212504058 1
0.5360667212504058 1
0.5360667212504058 1
0.5360667212504058 1
0.5360667212504058 1
0.5360667212504058 1
0.5356302245963663 0
0.5356302245963663 1
0.5356302245963663 1
0.5354201469352536 0
0.5354201469352536 0
0.5354201469352536 1
0.5354201469352536 1
0.5354201469352536 1
0.5354201469352536 1
0.5346488090667559 0
0.5346488090667559 0
0.5346488090667559 0
0.5346488090667559 0
0.5346488090667559 0
0.5346488090667559 0
0.5346488090667559 0
0.5346488090667559 0
0.5346488090667559 0
0.5346488090667559 0
0.5346488090667559 0
0.5346488090667559 0
0.5346488090667559 0
0.5346488090667559 0
0.5346488090667559 0
0.5346488090667559 0
0.5346488090667559 0
0.5346488090667559 0
0.5346488090667559 0
0.5346488090667559 0
0.5346488090667559 0
0.5346488090667559 0
0.5346488090667559 0
0.5346488090667559 0
0.5346488090667559 0
0.5346488090667559 0
0.5346488090667559 0
0.5346488090667559 0
0.5346488090667559 0
0.5346488090667559 0
0.5346488090667559 0
0.5346488090667559 0
0.5346488090667559 1
0.5346488090667559 1
0.5346488090667559 1
0.5346488090667559 1
0.5346488090667559 1
0.5346488090667559 1
0.5346488090667559 1
0.5346488090667559 1
0.5346488090667559 1
0.5346488090667559 1
0.5346488090667559 1
0.5346488090667559 1
0.5346488090667559 1
0.5346488090667559 1
0.5346488090667559 1
0.5346488090667559 1
0.5346488090667559 1
0.5346488090667559 1
0.5346488090667559 1
0.5346488090667559 1
0.5346488090667559 1
0.5346488090667559 1
0.5346488090667559 1
0.5346488090667559 1
0.5346488090667559 1
0.5346488090667559 1
0.5346488090667559 1
0.5346488090667559 1
0.5346488090667559 1
0.5346488090667559 1
0.5346488090667559 1
0.5346488090667559 1
0.5346488090667559 1
0.5346488090667559 1
0.5346488090667559 1
0.5346488090667559 1
0.5346488090667559 1
0.5346488090667559 1
0.5346488090667559 1
0.5346488090667559 1
0.5346488090667559 1
0.5346488090667559 1
0.5346488090667559 1
0.5346488090667559 1
0.5346488090667559 1
0.5346488090667559 1
0.5346488090667559 1
0.5346146165026114 0
0.534576761534066 0
0.534576761534066 0
0.534576761534066 0
0.534576761534066 0
0.534576761534066 0
0.534576761534066 0
0.534576761534066 0
0.534576761534066 0
0.534576761534066 0
0.534576761534066 0
0.534576761534066 1
0.534576761534066 1
0.534576761534066 1
0.534576761534066 1
0.534576761534066 1
0.534576761534066 1
0.534576761534066 1
0.534576761534066 1
0.5330835147525127 0
0.5330835147525127 0
0.5330835147525127 0
0.5330835147525127 0
0.5330835147525127 0
0.5330835147525127 0
0.5330835147525127 0
0.5330835147525127 0
0.5330835147525127 0
0.5330835147525127 0
0.5330835147525127 0
0.5330835147525127 0
0.5330835147525127 0
0.5330835147525127 0
0.5330835147525127 0
0.5330835147525127 0
0.5330835147525127 0
0.5330835147525127 0
0.5330835147525127 0
0.5330835147525127 0
0.5330835147525127 0
0.5330835147525127 0
0.5330835147525127 0
0.5330835147525127 0
0.5330835147525127 0
0.5330835147525127 0
0.5330835147525127 0
0.5330835147525127 0
0.5330835147525127 0
0.5330835147525127 0
0.5330835147525127 0
0.5330835147525127 0
0.5330835147525127 0
0.5330835147525127 0
0.5330835147525127 0
0.5330835147525127 1
0.5330835147525127 1
0.5330835147525127 1
0.5330835147525127 1
0.5330835147525127 1
0.5330835147525127 1
0.5330835147525127 1
0.5330835147525127 1
0.5330835147525127 1
0.5330835147525127 1
0.5330835147525127 1
0.5330835147525127 1
0.5330835147525127 1
0.5330835147525127 1
0.5330835147525127 1
0.5330835147525127 1
0.5330835147525127 1
0.5330835147525127 1
0.5330835147525127 1
0.5330835147525127 1
0.5330835147525127 1
0.5330835147525127 1
0.5330835147525127 1
0.5330835147525127 1
0.5330835147525127 1
0.5330835147525127 1
0.5330835147525127 1
0.5330835147525127 1
0.5330835147525127 1
0.5330835147525127 1
0.5330835147525127 1
0.5330835147525127 1
0.5330835147525127 1
0.5330835147525127 1
0.5330835147525127 1
0.5330835147525127 1
0.5330835147525127 1
0.5330835147525127 1
0.5330835147525127 1
0.5330835147525127 1
0.5330835147525127 1
0.5330835147525127 1
0.5330835147525127 1
0.5330835147525127 1
0.5330835147525127 1
0.5330835147525127 1
0.5330835147525127 1
0.5330835147525127 1
0.5330835147525127 1
0.5330835147525127 1
0.5330835147525127 1
0.5330835147525127 1
0.5330835147525127 1
0.5330835147525127 1
0.5330835147525127 1
0.5330835147525127 1
0.5330835147525127 1
0.5330835147525127 1
0.5330835147525127 1
0.5330835147525127 1
0.5330835147525127 1
0.5330835147525127 1
0.5330835147525127 1
0.5330835147525127 1
0.5330835147525127 1
0.5330835147525127 1
0.5330835147525127 1
0.5330835147525127 1
0.5330835147525127 1
0.5329640305886421 0
0.5329640305886421 0
0.5329640305886421 0
0.5329640305886421 0
0.5329640305886421 0
0.5329640305886421 0
0.5329640305886421 0
0.5329640305886421 0
0.5329640305886421 1
0.5329640305886421 1
0.5329640305886421 1
0.5329640305886421 1
0.5329640305886421 1
0.5329640305886421 1
0.5329640305886421 1
0.5329640305886421 1
0.5329640305886421 1
0.5329640305886421 1
0.5329640305886421 1
0.5329640305886421 1
0.5329640305886421 1
0.5329640305886421 1
0.5329640305886421 1
0.5329640305886421 1
0.5329640305886421 1
0.5329640305886421 1
0.5329640305886421 1
0.5329640305886421 1
0.5329640305886421 1
0.5329640305886421 1
0.5329640305886421 1
0.5329640305886421 1
0.5329640305886421 1
0.5329640305886421 1
0.5329640305886421 1
0.5329640305886421 1
0.5329640305886421 1
0.5329640305886421 1
0.5329640305886421 1
0.5329640305886421 1
0.5329640305886421 1
0.5329640305886421 1
0.5329640305886421 1
0.5329640305886421 1
0.5329640305886421 1
0.5329640305886421 1
0.5329539466802158 0
0.5329539466802158 0
0.5329539466802158 0
0.5329539466802158 0
0.5329539466802158 0
0.5329539466802158 0
0.5329539466802158 1
0.5329539466802158 1
0.5329539466802158 1
0.5329539466802158 1
0.5329539466802158 1
0.5329539466802158 1
0.5329539466802158 1
0.5329539466802158 1
0.5329539466802158 1
0.532941136984507 0
0.532941136984507 0
0.532941136984507 0
0.532941136984507 0
0.532941136984507 0
0.532941136984507 0
0.532941136984507 0
0.532941136984507 0
0.532941136984507 1
0.532941136984507 1
0.532941136984507 1
0.532941136984507 1
0.5323086642533882 0
0.5323086642533882 1
0.5323086642533882 1
0.5323086642533882 1
0.5319928941973197 0
0.5319928941973197 0
0.5319928941973197 0
0.5319928941973197 0
0.5319928941973197 0
0.5319928941973197 0
0.5319928941973197 0
0.5319928941973197 0
0.5319928941973197 0
0.5319928941973197 1
0.5319928941973197 1
0.5319928941973197 1
0.5319595880045149 0
0.5319595880045149 0
0.5319595880045149 0
0.5319595880045149 0
0.5319595880045149 0
0.5319595880045149 0
0.5319595880045149 0
0.5319595880045149 0
0.5319595880045149 0
0.5319595880045149 0
0.5319595880045149 0
0.5319595880045149 0
0.5319595880045149 0
0.5319595880045149 0
0.5319595880045149 0
0.5319595880045149 0
0.5319595880045149 0
0.5319595880045149 0
0.5319595880045149 0
0.5319595880045149 0
0.5319595880045149 0
0.5319595880045149 0
0.5319595880045149 0
0.5319595880045149 0
0.5319595880045149 0
0.5319595880045149 0
0.5319595880045149 0
0.5319595880045149 0
0.5319595880045149 0
0.5319595880045149 0
0.5319595880045149 0
0.5319595880045149 0
0.5319595880045149 0
0.5319595880045149 0
0.5319595880045149 0
0.5319595880045149 0
0.5319595880045149 0
0.5319595880045149 0
0.5319595880045149 0
0.5319595880045149 0
0.5319595880045149 0
0.5319595880045149 0
0.5319595880045149 0
0.5319595880045149 0
0.5319595880045149 0
0.5319595880045149 0
0.5319595880045149 0
0.5319595880045149 0
0.5319595880045149 0
0.5319595880045149 0
0.5319595880045149 0
0.5319595880045149 0
0.5319595880045149 0
0.5319595880045149 0
0.5319595880045149 0
0.5319595880045149 0
0.5319595880045149 0
0.5319595880045149 0
0.5319595880045149 0
0.5319595880045149 0
0.5319595880045149 0
0.5319595880045149 0
0.5319595880045149 0
0.5319595880045149 0
0.5319595880045149 0
0.5319595880045149 0
0.5319595880045149 0
0.5319595880045149 0
0.5319595880045149 0
0.5319595880045149 0
0.5319595880045149 0
0.5319595880045149 0
0.5319595880045149 0
0.5319595880045149 1
0.5319595880045149 1
0.5319595880045149 1
0.5319595880045149 1
0.5319595880045149 1
0.5319595880045149 1
0.5319595880045149 1
0.5319595880045149 1
0.5319595880045149 1
0.5319595880045149 1
0.5319595880045149 1
0.5319595880045149 1
0.5319595880045149 1
0.5319595880045149 1
0.5319595880045149 1
0.5319595880045149 1
0.5319595880045149 1
0.5319595880045149 1
0.5319595880045149 1
0.5319595880045149 1
0.5319595880045149 1
0.5319595880045149 1
0.5319595880045149 1
0.5319595880045149 1
0.5319595880045149 1
0.5319595880045149 1
0.5319595880045149 1
0.5319595880045149 1
0.5319595880045149 1
0.5319595880045149 1
0.5319595880045149 1
0.5319595880045149 1
0.5319595880045149 1
0.5319595880045149 1
0.5319595880045149 1
0.5319595880045149 1
0.5319595880045149 1
0.5319595880045149 1
0.5319595880045149 1
0.5319595880045149 1
0.5319595880045149 1
0.5319595880045149 1
0.5319595880045149 1
0.5319595880045149 1
0.5319595880045149 1
0.5319595880045149 1
0.5319595880045149 1
0.5318350004326281 0
0.5318350004326281 1
0.5318350004326281 1
0.5318350004326281 1
0.5318350004326281 1
0.531496844007019 0
0.531496844007019 0
0.531496844007019 0
0.531496844007019 0
0.531496844007019 0
0.531496844007019 0
0.531496844007019 0
0.531496844007019 0
0.531496844007019 0
0.531496844007019 0
0.531496844007019 0
0.531496844007019 1
0.531496844007019 1
0.531496844007019 1
0.531496844007019 1
0.5312336705891186 0
0.5312336705891186 0
0.5312336705891186 0
0.5312336705891186 0
0.5312336705891186 0
0.5312336705891186 0
0.5312336705891186 0
0.5312336705891186 0
0.5312336705891186 0
0.5312336705891186 0
0.5312336705891186 0
0.5312336705891186 0
0.5312336705891186 0
0.5312336705891186 1
0.5312336705891186 1
0.5312336705891186 1
0.5312336705891186 1
0.5312336705891186 1
0.5312336705891186 1
0.5312336705891186 1
0.5312336705891186 1
0.5312336705891186 1
0.5312336705891186 1
0.5312336705891186 1
0.5312336705891186 1
0.5312336705891186 1
0.5312336705891186 1
0.5312336705891186 1
0.5312336705891186 1
0.5312336705891186 1
0.5312336705891186 1
0.5312336705891186 1
0.5312336705891186 1
0.5312336705891186 1
0.5312336705891186 1
0.5310338057592833 0
0.5305105655049562 0
0.5304154842747455 0
0.5304154842747455 0
0.5304154842747455 0
0.5304154842747455 0
0.5304154842747455 0
0.5304154842747455 0
0.5304154842747455 1
0.5304154842747455 1
0.5304154842747455 1
0.5304154842747455 1
0.5303423108755079 0
0.5303423108755079 0
0.5303423108755079 0
0.5303423108755079 0
0.5303423108755079 0
0.5303423108755079 0
0.5303423108755079 1
0.5303423108755079 1
0.5303423108755079 1
0.5299324564300608 0
0.5292041650032272 0
0.5292041650032272 0
0.5292041650032272 1
0.5292041650032272 1
0.5292041650032272 1
0.5292041650032272 1
0.5292041650032272 1
0.5292041650032272 1
0.5292041650032272 1
0.5285806114018643 0
0.5285806114018643 0
0.5285806114018643 0
0.5285806114018643 0
0.5285806114018643 0
0.5285806114018643 0
0.5285806114018643 0
0.5285806114018643 0
0.5285806114018643 0
0.5285806114018643 0
0.5285806114018643 0
0.5285806114018643 0
0.5285806114018643 0
0.5285806114018643 0
0.5285806114018643 0
0.5285806114018643 0
0.5285806114018643 0
0.5285806114018643 0
0.5285806114018643 0
0.5285806114018643 0
0.5285806114018643 0
0.5285806114018643 0
0.5285806114018643 0
0.5285806114018643 1
0.5285806114018643 1
0.5285806114018643 1
0.5285806114018643 1
0.5285806114018643 1
0.5285806114018643 1
0.5285806114018643 1
0.5285806114018643 1
0.5285806114018643 1
0.5285806114018643 1
0.5285806114018643 1
0.5285806114018643 1
0.5285806114018643 1
0.5285806114018643 1
0.5285806114018643 1
0.5285806114018643 1
0.5285806114018643 1
0.5285806114018643 1
0.5285806114018643 1
0.5285806114018643 1
0.5285806114018643 1
0.5285806114018643 1
0.5285806114018643 1
0.5285806114018643 1
0.5285806114018643 1
0.5285806114018643 1
0.5285806114018643 1
0.5285806114018643 1
0.5285806114018643 1
0.5285806114018643 1
0.5285806114018643 1
0.5285806114018643 1
0.5284303036778405 0
0.5284303036778405 0
0.5284303036778405 0
0.5284303036778405 0
0.5284303036778405 0
0.5284303036778405 0
0.5284303036778405 0
0.5284303036778405 0
0.5284303036778405 0
0.5284303036778405 0
0.5284303036778405 0
0.5284303036778405 1
0.5284303036778405 1
0.5284303036778405 1
0.5284303036778405 1
0.5284303036778405 1
0.5284303036778405 1
0.5284303036778405 1
0.5284303036778405 1
0.5284303036778405 1
0.5284303036778405 1
0.5284303036778405 1
0.5283096310285391 1
0.5269898318821206 0
0.52691459743442 1
0.52691459743442 1
0.5262066255472196 0
0.5262066255472196 0
0.5262066255472196 0
0.5262066255472196 0
0.5262066255472196 0
0.5262066255472196 0
0.5262066255472196 0
0.5262066255472196 0
0.5262066255472196 0
0.5262066255472196 0
0.5262066255472196 0
0.5262066255472196 1
0.5262066255472196 1
0.5262066255472196 1
0.5262066255472196 1
0.5262066255472196 1
0.5262066255472196 1
0.5262066255472196 1
0.5262066255472196 1
0.5261045343761214 0
0.5261045343761214 0
0.5261045343761214 0
0.5261045343761214 0
0.5261045343761214 0
0.5261045343761214 0
0.5261045343761214 1
0.5261045343761214 1
0.5260036751748575 0
0.5260036751748575 0
0.5260036751748575 0
0.5260036751748575 0
0.5260036751748575 0
0.5260036751748575 0
0.5260036751748575 0
0.5260036751748575 0
0.5260036751748575 0
0.5260036751748575 0
0.5260036751748575 0
0.5260036751748575 0
0.5260036751748575 0
0.5260036751748575 0
0.5260036751748575 0
0.5260036751748575 1
0.5260036751748575 1
0.5260036751748575 1
0.5260036751748575 1
0.5260036751748575 1
0.5260036751748575 1
0.5260036751748575 1
0.5260036751748575 1
0.5260036751748575 1
0.5260036751748575 1
0.5260036751748575 1
0.5260036751748575 1
0.5260036751748575 1
0.5260036751748575 1
0.5260036751748575 1
0.5260036751748575 1
0.5260036751748575 1
0.5260036751748575 1
0.5260036751748575 1
0.5260036751748575 1
0.5260036751748575 1
0.5260036751748575 1
0.5260036751748575 1
0.5260036751748575 1
0.5260036751748575 1
0.5260036751748575 1
0.5260036751748575 1
0.5260036751748575 1
0.5260036751748575 1
0.5260036751748575 1
0.5259053924243591 0
0.5259053924243591 0
0.5259053924243591 0
0.5259053924243591 0
0.5259053924243591 0
0.5259053924243591 0
0.5259053924243591 0
0.5259053924243591 0
0.5259053924243591 0
0.5259053924243591 0
0.5259053924243591 0
0.5259053924243591 0
0.5259053924243591 0
0.5259053924243591 0
0.5259053924243591 0
0.5259053924243591 0
0.5259053924243591 0
0.5259053924243591 0
0.5259053924243591 0
0.5259053924243591 0
0.5259053924243591 0
0.5259053924243591 0
0.5259053924243591 0
0.5259053924243591 1
0.5259053924243591 1
0.5259053924243591 1
0.5259053924243591 1
0.5259053924243591 1
0.5259053924243591 1
0.5259053924243591 1
0.5259053924243591 1
0.5259053924243591 1
0.5259053924243591 1
0.5259053924243591 1
0.5259053924243591 1
0.5259053924243591 1
0.5259053924243591 1
0.5259053924243591 1
0.5259053924243591 1
0.5259053924243591 1
0.5259053924243591 1
0.5259053924243591 1
0.5259053924243591 1
0.5259053924243591 1
0.5259053924243591 1
0.5259053924243591 1
0.5259053924243591 1
0.5259053924243591 1
0.5259053924243591 1
0.5259053924243591 1
0.5259053924243591 1
0.5259053924243591 1
0.5259053924243591 1
0.5259053924243591 1
0.5259053924243591 1
0.5259053924243591 1
0.5259053924243591 1
0.5259053924243591 1
0.5257706133769124 0
0.5255402946836877 0
0.5255402946836877 0
0.5251918914745343 0
0.5251918914745343 0
0.5251918914745343 0
0.5251918914745343 0
0.5251918914745343 0
0.5251918914745343 0
0.5251918914745343 0
0.5251918914745343 0
0.5251918914745343 0
0.5251918914745343 0
0.5251918914745343 0
0.5251918914745343 0
0.5251918914745343 0
0.5251918914745343 0
0.5251918914745343 0
0.5251918914745343 0
0.5251918914745343 0
0.5251918914745343 0
0.5251918914745343 1
0.5251918914745343 1
0.5251918914745343 1
0.5251918914745343 1
0.5251918914745343 1
0.5251918914745343 1
0.5251918914745343 1
0.5251918914745343 1
0.5251918914745343 1
0.5251918914745343 1
0.5251918914745343 1
0.5251918914745343 1
0.5251918914745343 1
0.5251918914745343 1
0.5251918914745343 1
0.5251918914745343 1
0.5251918914745343 1
0.5251918914745343 1
0.5251918914745343 1
0.5251918914745343 1
0.5251918914745343 1
0.5251918914745343 1
0.5251918914745343 1
0.5251918914745343 1
0.5245741296880747 0
0.5245741296880747 0
0.5245741296880747 0
0.5245741296880747 0
0.5245741296880747 0
0.5245741296880747 0
0.5245741296880747 0
0.5245741296880747 0
0.5245741296880747 0
0.5245741296880747 0
0.5245741296880747 0
0.5245741296880747 0
0.5245741296880747 1
0.5245741296880747 1
0.5245741296880747 1
0.5245741296880747 1
0.5245741296880747 1
0.5245741296880747 1
0.5239565021226522 0
0.5239565021226522 0
0.5239565021226522 0
0.5239565021226522 0
0.5239565021226522 0
0.5239565021226522 0
0.5239565021226522 0
0.5239565021226522 0
0.5239565021226522 0
0.5239565021226522 1
0.5239565021226522 1
0.5239565021226522 1
0.5239565021226522 1
0.5239565021226522 1
0.5234666174803531 0
0.5234666174803531 0
0.5234666174803531 0
0.5234666174803531 0
0.5234666174803531 0
0.5234666174803531 0
0.5234666174803531 0
0.5234666174803531 0
0.5234666174803531 0
0.5234666174803531 0
0.5234666174803531 0
0.5234666174803531 0
0.5234666174803531 0
0.5234666174803531 0
0.5234666174803531 0
0.5234666174803531 0
0.5234666174803531 0
0.5234666174803531 0
0.5234666174803531 0
0.5234666174803531 0
0.5234666174803531 0
0.5234666174803531 0
0.5234666174803531 0
0.5234666174803531 0
0.5234666174803531 0
0.5234666174803531 1
0.5234666174803531 1
0.5234666174803531 1
0.5234666174803531 1
0.5234666174803531 1
0.5234666174803531 1
0.5234666174803531 1
0.5234666174803531 1
0.5234666174803531 1
0.5234666174803531 1
0.5234666174803531 1
0.5234666174803531 1
0.5234666174803531 1
0.5234666174803531 1
0.5234666174803531 1
0.5234666174803531 1
0.5234666174803531 1
0.5234666174803531 1
0.5234666174803531 1
0.5234666174803531 1
0.5228803456969966 0
0.5228803456969966 0
0.5228803456969966 0
0.5228803456969966 0
0.5228803456969966 1
0.5228803456969966 1
0.5228803456969966 1
0.5228803456969966 1
0.5228803456969966 1
0.5228000707150419 0
0.5228000707150419 1
0.5228000707150419 1
0.5221930478332405 0
0.5221930478332405 0
0.5221930478332405 0
0.5221930478332405 0
0.5221930478332405 1
0.5221930478332405 1
0.5221930478332405 1
0.5221930478332405 1
0.5207642452337037 1
0.520681312339551 0
0.520681312339551 0
0.520681312339551 0
0.520681312339551 0
0.520681312339551 0
0.520681312339551 0
0.520681312339551 0
0.520681312339551 0
0.520681312339551 0
0.520681312339551 0
0.520681312339551 0
0.520681312339551 0
0.520681312339551 1
0.520681312339551 1
0.520681312339551 1
0.520681312339551 1
0.520681312339551 1
0.520681312339551 1
0.520681312339551 1
0.520681312339551 1
0.520681312339551 1
0.520681312339551 1
0.520681312339551 1
0.520681312339551 1
0.520681312339551 1
0.520681312339551 1
0.520681312339551 1
0.520681312339551 1
0.520681312339551 1
0.520681312339551 1
0.520681312339551 1
0.520681312339551 1
0.520681312339551 1
0.520681312339551 1
0.520681312339551 1
0.5204025884383855 0
0.5201207953131376 0
0.5201207953131376 0
0.5201207953131376 1
0.5201207953131376 1
0.5201207953131376 1
0.5201207953131376 1
0.519994152513347 0
0.519994152513347 0
0.519994152513347 0
0.519994152513347 0
0.519994152513347 0
0.519994152513347 0
0.519994152513347 0
0.519994152513347 0
0.519994152513347 1
0.519994152513347 1
0.5197507799696277 0
0.5197507799696277 0
0.5197507799696277 1
0.5197507799696277 1
0.5197507799696277 1
0.5197507799696277 1
0.5197507799696277 1
0.5197291092828549 0
0.5197291092828549 0
0.5197291092828549 0
0.5197291092828549 0
0.5197291092828549 0
0.5197291092828549 0
0.5197291092828549 0
0.5197291092828549 0
0.5197291092828549 0
0.5197291092828549 0
0.5197291092828549 0
0.5197291092828549 0
0.5197291092828549 0
0.5197291092828549 1
0.5197291092828549 1
0.5197291092828549 1
0.5197291092828549 1
0.5197291092828549 1
0.5197291092828549 1
0.5197291092828549 1
0.5197291092828549 1
0.5197291092828549 1
0.5197291092828549 1
0.5197291092828549 1
0.5197291092828549 1
0.5197291092828549 1
0.5197291092828549 1
0.5197291092828549 1
0.5197291092828549 1
0.5196742607609416 0
0.5196742607609416 0
0.5196742607609416 0
0.5196742607609416 0
0.5196742607609416 0
0.5196742607609416 0
0.5196742607609416 0
0.5196742607609416 0
0.5196742607609416 0
0.5196742607609416 0
0.5196742607609416 0
0.5196742607609416 0
0.5196742607609416 0
0.5196742607609416 0
0.5196742607609416 0
0.5196742607609416 0
0.5196742607609416 0
0.5196742607609416 0
0.5196742607609416 0
0.5196742607609416 0
0.5196742607609416 0
0.5196742607609416 0
0.5196742607609416 0
0.5196742607609416 0
0.5196742607609416 0
0.5196742607609416 0
0.5196742607609416 0
0.5196742607609416 0
0.5196742607609416 0
0.5196742607609416 0
0.5196742607609416 0
0.5196742607609416 0
0.5196742607609416 0
0.5196742607609416 0
0.5196742607609416 0
0.5196742607609416 0
0.5196742607609416 0
0.5196742607609416 0
0.5196742607609416 0
0.5196742607609416 0
0.5196742607609416 0
0.5196742607609416 0
0.5196742607609416 0
0.5196742607609416 0
0.5196742607609416 0
0.5196742607609416 0
0.5196742607609416 0
0.5196742607609416 0
0.5196742607609416 0
0.5196742607609416 0
0.5196742607609416 0
0.5196742607609416 0
0.5196742607609416 0
0.5196742607609416 0
0.5196742607609416 0
0.5196742607609416 1
0.5196742607609416 1
0.5196742607609416 1
0.5196742607609416 1
0.5196742607609416 1
0.5196742607609416 1
0.5196742607609416 1
0.5196742607609416 1
0.5196742607609416 1
0.5196742607609416 1
0.5196742607609416 1
0.5196742607609416 1
0.5196742607609416 1
0.5196742607609416 1
0.5196742607609416 1
0.5196742607609416 1
0.5196742607609416 1
0.5196742607609416 1
0.5196742607609416 1
0.5196742607609416 1
0.5196742607609416 1
0.5196742607609416 1
0.5196742607609416 1
0.5196742607609416 1
0.5196742607609416 1
0.5196742607609416 1
0.5196742607609416 1
0.5196742607609416 1
0.5196742607609416 1
0.5196742607609416 1
0.5196742607609416 1
0.5196742607609416 1
0.5196742607609416 1
0.5196742607609416 1
0.5196742607609416 1
0.5196742607609416 1
0.5196742607609416 1
0.5196742607609416 1
0.5196742607609416 1
0.5196742607609416 1
0.5196742607609416 1
0.5196742607609416 1
0.5196742607609416 1
0.5196742607609416 1
0.5196742607609416 1
0.5196742607609416 1
0.5195935659572593 0
0.5195935659572593 0
0.5195935659572593 0
0.5195935659572593 1
0.5191112940728606 0
0.5191112940728606 0
0.5191112940728606 0
0.5191112940728606 0
0.5191112940728606 0
0.5191112940728606 1
0.5191112940728606 1
0.5191112940728606 1
0.5191112940728606 1
0.5191112940728606 1
0.5191112940728606 1
0.5191112940728606 1
0.5191112940728606 1
0.5191112940728606 1
0.5191112940728606 1
0.5191112940728606 1
0.5191112940728606 1
0.5191112940728606 1
0.5191112940728606 1
0.5191112940728606 1
0.5191112940728606 1
0.5191112940728606 1
0.5186282153889861 1
0.518221650353876 0
0.518221650353876 0
0.518221650353876 0
0.5180253393256496 0
0.5180253393256496 0
0.5180253393256496 0
0.5180253393256496 0
0.5180253393256496 0
0.5180253393256496 0
0.5180253393256496 0
0.5180253393256496 0
0.5180253393256496 0
0.5180253393256496 0
0.5180253393256496 0
0.5180253393256496 0
0.5180253393256496 0
0.5180253393256496 0
0.5180253393256496 0
0.5180253393256496 0
0.5180253393256496 0
0.5180253393256496 0
0.5180253393256496 0
0.5180253393256496 0
0.5180253393256496 0
0.5180253393256496 0
0.5180253393256496 0
0.5180253393256496 0
0.5180253393256496 0
0.5180253393256496 0
0.5180253393256496 0
0.5180253393256496 0
0.5180253393256496 0
0.5180253393256496 0
0.5180253393256496 0
0.5180253393256496 0
0.5180253393256496 0
0.5180253393256496 0
0.5180253393256496 0
0.5180253393256496 0
0.5180253393256496 0
0.5180253393256496 0
0.5180253393256496 0
0.5180253393256496 0
0.5180253393256496 0
0.5180253393256496 0
0.5180253393256496 0
0.5180253393256496 0
0.5180253393256496 0
0.5180253393256496 0
0.5180253393256496 0
0.5180253393256496 0
0.5180253393256496 0
0.5180253393256496 0
0.5180253393256496 0
0.5180253393256496 0
0.5180253393256496 0
0.5180253393256496 0
0.5180253393256496 0
0.5180253393256496 0
0.5180253393256496 0
0.5180253393256496 0
0.5180253393256496 0
0.5180253393256496 0
0.5180253393256496 1
0.5180253393256496 1
0.5180253393256496 1
0.5180253393256496 1
0.5180253393256496 1
0.5180253393256496 1
0.5180253393256496 1
0.5180253393256496 1
0.5180253393256496 1
0.5180253393256496 1
0.5180253393256496 1
0.5180253393256496 1
0.5180253393256496 1
0.5180253393256496 1
0.5180253393256496 1
0.5180253393256496 1
0.5180253393256496 1
0.5180253393256496 1
0.5180253393256496 1
0.5180253393256496 1
0.5180253393256496 1
0.5180253393256496 1
0.5180253393256496 1
0.5180253393256496 1
0.5180253393256496 1
0.5180253393256496 1
0.5180253393256496 1
0.5180253393256496 1
0.5180253393256496 1
0.5180253393256496 1
0.5180253393256496 1
0.5180253393256496 1
0.5180253393256496 1
0.5180253393256496 1
0.5180253393256496 1
0.5180253393256496 1
0.5180253393256496 1
0.5180253393256496 1
0.5180253393256496 1
0.5180253393256496 1
0.5180253393256496 1
0.5180253393256496 1
0.5180253393256496 1
0.5180253393256496 1
0.5180253393256496 1
0.5180253393256496 1
0.5180253393256496 1
0.5180253393256496 1
0.5180253393256496 1
0.5180253393256496 1
0.5180253393256496 1
0.5180253393256496 1
0.5180253393256496 1
0.5180253393256496 1
0.5180253393256496 1
0.5180253393256496 1
0.5180253393256496 1
0.5180253393256496 1
0.5180253393256496 1
0.5180253393256496 1
0.5180253393256496 1
0.5180253393256496 1
0.5180253393256496 1
0.5180253393256496 1
0.5180253393256496 1
0.5180253393256496 1
0.5179530385762534 0
0.5179530385762534 0
0.5179530385762534 0
0.5179530385762534 0
0.5179530385762534 0
0.5179530385762534 0
0.5179530385762534 0
0.5179530385762534 0
0.5179530385762534 0
0.5179530385762534 0
0.5179530385762534 0
0.5179530385762534 0
0.5179530385762534 0
0.5179530385762534 0
0.5179530385762534 0
0.5179530385762534 0
0.5179530385762534 0
0.5179530385762534 0
0.5179530385762534 0
0.5179530385762534 0
0.5179530385762534 0
0.5179530385762534 0
0.5179530385762534 0
0.5179530385762534 0
0.5179530385762534 0
0.5179530385762534 0
0.5179530385762534 0
0.5179530385762534 0
0.5179530385762534 0
0.5179530385762534 0
0.5179530385762534 0
0.5179530385762534 0
0.5179530385762534 0
0.5179530385762534 0
0.5179530385762534 0
0.5179530385762534 0
0.5179530385762534 0
0.5179530385762534 0
0.5179530385762534 0
0.5179530385762534 0
0.5179530385762534 1
0.5179530385762534 1
0.5179530385762534 1
0.5179530385762534 1
0.5179530385762534 1
0.5179530385762534 1
0.5179530385762534 1
0.5179530385762534 1
0.5179530385762534 1
0.5179530385762534 1
0.5179530385762534 1
0.5179530385762534 1
0.5179530385762534 1
0.5179530385762534 1
0.5179530385762534 1
0.5179530385762534 1
0.5179530385762534 1
0.5179530385762534 1
0.5179530385762534 1
0.5179530057545522 0
0.5179530057545522 0
0.5179530057545522 0
0.5179530057545522 0
0.5179530057545522 0
0.5179530057545522 0
0.5179530057545522 0
0.5179530057545522 1
0.5179530057545522 1
0.5171057224235863 0
0.5168038244391222 0
0.5168038244391222 0
0.5168038244391222 0
0.5168038244391222 1
0.5168038244391222 1
0.5168038244391222 1
0.5168038244391222 1
0.5168038244391222 1
0.5168038244391222 1
0.5168038244391222 1
0.5168038244391222 1
0.5168038244391222 1
0.5168038244391222 1
0.5168038244391222 1
0.5168038244391222 1
0.5168038244391222 1
0.5168038244391222 1
0.5153494994395433 0
0.5153494994395433 0
0.5153494994395433 0
0.5151305938279112 0
0.5142810129463155 0
0.5142810129463155 0
0.5138736795071811 0
0.5138736795071811 0
0.5138736795071811 0
0.5138736795071811 0
0.5138736795071811 0
0.5138736795071811 1
0.5138736795071811 1
0.5137783169951304 0
0.5137783169951304 0
0.5137783169951304 0
0.5137783169951304 1
0.5137783169951304 1
0.5137783169951304 1
0.5137783169951304 1
0.5137783169951304 1
0.5137059772209757 0
0.5137059772209757 0
0.5137059772209757 0
0.5137049279494923 0
0.5137049279494923 0
0.5137049279494923 0
0.5137049279494923 0
0.5137049279494923 0
0.5137049279494923 0
0.5137049279494923 0
0.5137049279494923 0
0.5137049279494923 0
0.5137049279494923 0
0.5137049279494923 0
0.5137049279494923 0
0.5137049279494923 0
0.5137049279494923 0
0.5137049279494923 0
0.5137049279494923 0
0.5137049279494923 1
0.5137049279494923 1
0.5137049279494923 1
0.5137049279494923 1
0.5137049279494923 1
0.5137049279494923 1
0.5137049279494923 1
0.5137049279494923 1
0.5137049279494923 1
0.5131263558728003 0
0.5131263558728003 1
0.5131263558728003 1
0.5131136484620172 0
0.5127851194264778 1
0.5127851194264778 1
0.5127851194264778 1
0.5127851194264778 1
0.5125561666796973 0
0.5125561666796973 0
0.5125561666796973 0
0.5125561666796973 1
0.5125561666796973 1
0.5125561666796973 1
0.5125561666796973 1
0.5125561666796973 1
0.5125561666796973 1
0.5125561666796973 1
0.5121598372148524 1
0.5121598372148524 1
0.5119682540721638 0
0.5119682540721638 0
0.5119682540721638 1
0.5119682540721638 1
0.5119682540721638 1
0.5118227890331623 0
0.5104571290044378 1
0.5104571290044378 1
0.5104571290044378 1
0.5104571290044378 1
0.5104571290044378 1
0.5101743915148227 0
0.5101743915148227 0
0.5101743915148227 1
0.5101743915148227 1
0.5101129288883789 0
0.5101129288883789 0
0.5101129288883789 0
0.5101129288883789 1
0.5101129288883789 1
0.5096247045153605 0
0.5096247045153605 0
0.5095601828958489 0
0.5095601828958489 0
0.5095601828958489 0
0.5095601828958489 0
0.5095601828958489 0
0.5095601828958489 0
0.5095601828958489 0
0.5095601828958489 0
0.5095601828958489 0
0.5095601828958489 0
0.5095601828958489 0
0.5095601828958489 0
0.5095601828958489 0
0.5095601828958489 0
0.5095601828958489 0
0.5095601828958489 0
0.5095601828958489 0
0.5095601828958489 0
0.5095601828958489 0
0.5095601828958489 0
0.5095601828958489 0
0.5095601828958489 0
0.5095601828958489 0
0.5095601828958489 0
0.5095601828958489 0
0.5095601828958489 0
0.5095601828958489 0
0.5095601828958489 0
0.5095601828958489 0
0.5095601828958489 0
0.5095601828958489 0
0.5095601828958489 0
0.5095601828958489 0
0.5095601828958489 0
0.5095601828958489 0
0.5095601828958489 0
0.5095601828958489 0
0.5095601828958489 0
0.5095601828958489 0
0.5095601828958489 0
0.5095601828958489 0
0.5095601828958489 0
0.5095601828958489 0
0.5095601828958489 0
0.5095601828958489 0
0.5095601828958489 0
0.5095601828958489 0
0.5095601828958489 0
0.5095601828958489 0
0.5095601828958489 0
0.5095601828958489 0
0.5095601828958489 0
0.5095601828958489 0
0.5095601828958489 0
0.5095601828958489 0
0.5095601828958489 0
0.5095601828958489 0
0.5095601828958489 0
0.5095601828958489 0
0.5095601828958489 0
0.5095601828958489 0
0.5095601828958489 0
0.5095601828958489 0
0.5095601828958489 0
0.5095601828958489 0
0.5095601828958489 0
0.5095601828958489 0
0.5095601828958489 0
0.5095601828958489 0
0.5095601828958489 0
0.5095601828958489 0
0.5095601828958489 0
0.5095601828958489 0
0.5095601828958489 0
0.5095601828958489 0
0.5095601828958489 0
0.5095601828958489 0
0.5095601828958489 0
0.5095601828958489 0
0.5095601828958489 0
0.5095601828958489 0
0.5095601828958489 0
0.5095601828958489 0
0.5095601828958489 0
0.5095601828958489 0
0.5095601828958489 0
0.5095601828958489 0
0.5095601828958489 0
0.5095601828958489 0
0.5095601828958489 0
0.5095601828958489 0
0.5095601828958489 0
0.5095601828958489 0
0.5095601828958489 0
0.5095601828958489 1
0.5095601828958489 1
0.5095601828958489 1
0.5095601828958489 1
0.5095601828958489 1
0.5095601828958489 1
0.5095601828958489 1
0.5095601828958489 1
0.5095601828958489 1
0.5095601828958489 1
0.5095601828958489 1
0.5095601828958489 1
0.5095601828958489 1
0.5095601828958489 1
0.5095601828958489 1
0.5095601828958489 1
0.5095601828958489 1
0.5095601828958489 1
0.5095601828958489 1
0.5095601828958489 1
0.5095601828958489 1
0.5095601828958489 1
0.5095601828958489 1
0.5095601828958489 1
0.5095601828958489 1
0.5095601828958489 1
0.5095601828958489 1
0.5095601828958489 1
0.5095601828958489 1
0.5095601828958489 1
0.5095601828958489 1
0.5095601828958489 1
0.5095601828958489 1
0.5095601828958489 1
0.5095601828958489 1
0.5095601828958489 1
0.5095601828958489 1
0.5095601828958489 1
0.5095601828958489 1
0.5095601828958489 1
0.5095601828958489 1
0.5095601828958489 1
0.5095601828958489 1
0.5095601828958489 1
0.5095601828958489 1
0.5095601828958489 1
0.5095601828958489 1
0.5095601828958489 1
0.5095601828958489 1
0.5095601828958489 1
0.5095601828958489 1
0.5095601828958489 1
0.5095601828958489 1
0.5095601828958489 1
0.5095601828958489 1
0.5095601828958489 1
0.5095601828958489 1
0.5095601828958489 1
0.5095601828958489 1
0.5095601828958489 1
0.5095601828958489 1
0.5095601828958489 1
0.5095601828958489 1
0.5095601828958489 1
0.5095601828958489 1
0.5095601828958489 1
0.5095601828958489 1
0.5095601828958489 1
0.5095601828958489 1
0.5095601828958489 1
0.5095601828958489 1
0.5095601828958489 1
0.5095601828958489 1
0.5095601828958489 1
0.5095601828958489 1
0.5095601828958489 1
0.5095601828958489 1
0.5095601828958489 1
0.5095601828958489 1
0.5095601828958489 1
0.5095601828958489 1
0.5095601828958489 1
0.5095601828958489 1
0.5095601828958489 1
0.5095601828958489 1
0.5095601828958489 1
0.5095601828958489 1
0.5095601828958489 1
0.5095601828958489 1
0.5095601828958489 1
0.5095601828958489 1
0.5095601828958489 1
0.5095601828958489 1
0.5095601828958489 1
0.5094558859949485 0
0.5094558859949485 0
0.5094558859949485 0
0.508381295218046 0
0.508381295218046 0
0.508381295218046 0
0.5083654294559229 0
0.5083654294559229 0
0.5079239667872854 0
0.5079239667872854 0
0.5079239667872854 0
0.5079239667872854 0
0.5079239667872854 0
0.5079239667872854 0
0.5079239667872854 0
0.5079239667872854 0
0.5079239667872854 0
0.5079239667872854 0
0.5079239667872854 0
0.5079239667872854 0
0.5079239667872854 0
0.5079239667872854 0
0.5079239667872854 0
0.5079239667872854 0
0.5079239667872854 0
0.5079239667872854 0
0.5079239667872854 0
0.5079239667872854 0
0.5079239667872854 0
0.5079239667872854 0
0.5079239667872854 0
0.5079239667872854 0
0.5079239667872854 0
0.5079239667872854 0
0.5079239667872854 0
0.5079239667872854 0
0.5079239667872854 0
0.5079239667872854 0
0.5079239667872854 0
0.5079239667872854 0
0.5079239667872854 0
0.5079239667872854 0
0.5079239667872854 0
0.5079239667872854 0
0.5079239667872854 0
0.5079239667872854 0
0.5079239667872854 0
0.5079239667872854 0
0.5079239667872854 0
0.5079239667872854 0
0.5079239667872854 0
0.5079239667872854 0
0.5079239667872854 0
0.5079239667872854 0
0.5079239667872854 0
0.5079239667872854 0
0.5079239667872854 0
0.5079239667872854 0
0.5079239667872854 0
0.5079239667872854 0
0.5079239667872854 0
0.5079239667872854 0
0.5079239667872854 0
0.5079239667872854 0
0.5079239667872854 0
0.5079239667872854 0
0.5079239667872854 0
0.5079239667872854 0
0.5079239667872854 0
0.5079239667872854 0
0.5079239667872854 0
0.5079239667872854 0
0.5079239667872854 0
0.5079239667872854 0
0.5079239667872854 0
0.5079239667872854 0
0.5079239667872854 0
0.5079239667872854 0
0.5079239667872854 0
0.5079239667872854 0
0.5079239667872854 0
0.5079239667872854 0
0.5079239667872854 0
0.5079239667872854 0
0.5079239667872854 0
0.5079239667872854 0
0.5079239667872854 0
0.5079239667872854 0
0.5079239667872854 0
0.5079239667872854 0
0.5079239667872854 0
0.5079239667872854 0
0.5079239667872854 0
0.5079239667872854 0
0.5079239667872854 0
0.5079239667872854 0
0.5079239667872854 0
0.5079239667872854 0
0.5079239667872854 0
0.5079239667872854 0
0.5079239667872854 0
0.5079239667872854 0
0.5079239667872854 0
0.5079239667872854 0
0.5079239667872854 0
0.5079239667872854 0
0.5079239667872854 0
0.5079239667872854 0
0.5079239667872854 0
0.5079239667872854 0
0.5079239667872854 0
0.5079239667872854 0
0.5079239667872854 0
0.5079239667872854 0
0.5079239667872854 0
0.5079239667872854 0
0.5079239667872854 0
0.5079239667872854 0
0.5079239667872854 0
0.5079239667872854 0
0.5079239667872854 0
0.5079239667872854 0
0.5079239667872854 0
0.5079239667872854 0
0.5079239667872854 0
0.5079239667872854 0
0.5079239667872854 0
0.5079239667872854 0
0.5079239667872854 0
0.5079239667872854 0
0.5079239667872854 0
0.5079239667872854 0
0.5079239667872854 0
0.5079239667872854 0
0.5079239667872854 0
0.5079239667872854 0
0.5079239667872854 0
0.5079239667872854 0
0.5079239667872854 0
0.5079239667872854 0
0.5079239667872854 0
0.5079239667872854 0
0.5079239667872854 0
0.5079239667872854 1
0.5079239667872854 1
0.5079239667872854 1
0.5079239667872854 1
0.5079239667872854 1
0.5079239667872854 1
0.5079239667872854 1
0.5079239667872854 1
0.5079239667872854 1
0.5079239667872854 1
0.5079239667872854 1
0.5079239667872854 1
0.5079239667872854 1
0.5079239667872854 1
0.5079239667872854 1
0.5079239667872854 1
0.5079239667872854 1
0.5079239667872854 1
0.5079239667872854 1
0.5079239667872854 1
0.5079239667872854 1
0.5079239667872854 1
0.5079239667872854 1
0.5079239667872854 1
0.5079239667872854 1
0.5079239667872854 1
0.5079239667872854 1
0.5079239667872854 1
0.5079239667872854 1
0.5079239667872854 1
0.5079239667872854 1
0.5079239667872854 1
0.5079239667872854 1
0.5079239667872854 1
0.5079239667872854 1
0.5079239667872854 1
0.5079239667872854 1
0.5079239667872854 1
0.5079239667872854 1
0.5079239667872854 1
0.5079239667872854 1
0.5079239667872854 1
0.5079239667872854 1
0.5079239667872854 1
0.5079239667872854 1
0.5079239667872854 1
0.5079239667872854 1
0.5079239667872854 1
0.5079239667872854 1
0.5079239667872854 1
0.5079239667872854 1
0.5079239667872854 1
0.5079239667872854 1
0.5079239667872854 1
0.5079239667872854 1
0.5079239667872854 1
0.5079239667872854 1
0.5079239667872854 1
0.5079239667872854 1
0.5079239667872854 1
0.5079239667872854 1
0.5079239667872854 1
0.5079239667872854 1
0.5079239667872854 1
0.5079239667872854 1
0.5079239667872854 1
0.5079239667872854 1
0.5079239667872854 1
0.5079239667872854 1
0.5079239667872854 1
0.5079239667872854 1
0.5079239667872854 1
0.5079239667872854 1
0.5079239667872854 1
0.5079239667872854 1
0.5079239667872854 1
0.5079239667872854 1
0.5079239667872854 1
0.5079239667872854 1
0.5079239667872854 1
0.5079239667872854 1
0.5079239667872854 1
0.5079239667872854 1
0.5079239667872854 1
0.5079239667872854 1
0.5079239667872854 1
0.5079239667872854 1
0.5079239667872854 1
0.5079239667872854 1
0.5079239667872854 1
0.5079239667872854 1
0.5079239667872854 1
0.5079239667872854 1
0.5079239667872854 1
0.5079239667872854 1
0.5079239667872854 1
0.5079239667872854 1
0.5079239667872854 1
0.5079239667872854 1
0.5079239667872854 1
0.5079239667872854 1
0.5079239667872854 1
0.5079239667872854 1
0.5079239667872854 1
0.5079239667872854 1
0.5079239667872854 1
0.5079239667872854 1
0.5079239667872854 1
0.5079239667872854 1
0.5079239667872854 1
0.5079239667872854 1
0.5079239667872854 1
0.5079239667872854 1
0.5079239667872854 1
0.5079239667872854 1
0.5079239667872854 1
0.5079239667872854 1
0.5079239667872854 1
0.5079239667872854 1
0.5079239667872854 1
0.5079239667872854 1
0.5079239667872854 1
0.5079239667872854 1
0.5079239667872854 1
0.5079239667872854 1
0.5079239667872854 1
0.5079239667872854 1
0.5078268684268586 1
0.5075552962464667 0
0.5075552962464667 0
0.5075552962464667 0
0.5075552962464667 0
0.5075552962464667 0
0.5075552962464667 0
0.5075552962464667 0
0.5075433727404622 1
0.5075433727404622 1
0.5070152808422286 0
0.5070152808422286 1
0.5070152808422286 1
0.5070152808422286 1
0.5069823846878909 0
0.5069823846878909 0
0.5069823846878909 0
0.5069823846878909 0
0.5069823846878909 0
0.5069823846878909 1
0.5069823846878909 1
0.5069823846878909 1
0.5063177090070354 0
0.5063177090070354 0
0.5059851365318986 0
0.5059851365318986 0
0.5059851365318986 0
0.5059851365318986 0
0.5059851365318986 0
0.5059851365318986 0
0.5059851365318986 0
0.5059851365318986 0
0.5059851365318986 0
0.5059851365318986 0
0.5059851365318986 0
0.5059851365318986 0
0.5059851365318986 0
0.5059851365318986 0
0.5059851365318986 0
0.5059851365318986 0
0.5059851365318986 0
0.5059851365318986 0
0.5059851365318986 0
0.5059851365318986 0
0.5059851365318986 0
0.5059851365318986 0
0.5059851365318986 0
0.5059851365318986 1
0.5059851365318986 1
0.5059851365318986 1
0.5059851365318986 1
0.5059851365318986 1
0.5059851365318986 1
0.5059851365318986 1
0.5059851365318986 1
0.5059851365318986 1
0.5059851365318986 1
0.5059851365318986 1
0.5059851365318986 1
0.5059851365318986 1
0.5059851365318986 1
0.5059851365318986 1
0.5059851365318986 1
0.5059851365318986 1
0.5059127523200933 0
0.5059127523200933 0
0.5059127523200933 0
0.5059127523200933 0
0.5059127523200933 1
0.5058626914282061 0
0.505359052866564 0
0.505359052866564 0
0.5050371792262466 0
0.5050371792262466 0
0.5050371792262466 0
0.5050371792262466 0
0.5050371792262466 0
0.5050371792262466 0
0.5050371792262466 0
0.5050371792262466 0
0.5050371792262466 0
0.5050371792262466 0
0.5050371792262466 0
0.5050371792262466 0
0.5050371792262466 0
0.5050371792262466 0
0.5050371792262466 1
0.5050371792262466 1
0.5050371792262466 1
0.5050371792262466 1
0.5050371792262466 1
0.5050371792262466 1
0.5050371792262466 1
0.5050371792262466 1
0.5050371792262466 1
0.5050371792262466 1
0.5050371792262466 1
0.5050371792262466 1
0.5050371792262466 1
0.5050371792262466 1
0.5050371792262466 1
0.5050371792262466 1
0.5050371792262466 1
0.5050371792262466 1
0.5050371792262466 1
0.5050371792262466 1
0.5050371792262466 1
0.5050371792262466 1
0.5050371792262466 1
0.5050371792262466 1
0.5050371792262466 1
0.5043596898127799 1
0.5043596898127799 1
0.5043596898127799 1
0.5043596898127799 1
0.5043596898127799 1
0.504158036398248 0
0.504158036398248 0
0.5030437433825273 0
0.5030437433825273 1
0.5030437433825273 1
0.5030437433825273 1
0.501558440396052 0
0.501558440396052 1
0.501558440396052 1
0.501558440396052 1
0.501107908162625 1
0.5010067748084812 0
0.5010067748084812 0
0.5005756880476251 0
0.5005433133092311 0
0.5005433133092311 0
0.5005433133092311 1
0.5005433133092311 1
0.5005433133092311 1
0.5004655306750675 0
0.5004655306750675 0
0.5004655306750675 0
0.5004655306750675 0
0.5004655306750675 0
0.5004655306750675 0
0.5004655306750675 0
0.5004655306750675 0
0.5004655306750675 0
0.5004655306750675 0
0.5004655306750675 0
0.5004655306750675 0
0.5004655306750675 0
0.5004655306750675 0
0.5004655306750675 0
0.5004655306750675 0
0.5004655306750675 0
0.5004655306750675 0
0.5004655306750675 0
0.5004655306750675 0
0.5004655306750675 0
0.5004655306750675 0
0.5004655306750675 0
0.5004655306750675 0
0.5004655306750675 0
0.5004655306750675 0
0.5004655306750675 0
0.5004655306750675 0
0.5004655306750675 0
0.5004655306750675 0
0.5004655306750675 0
0.5004655306750675 0
0.5004655306750675 0
0.5004655306750675 0
0.5004655306750675 0
0.5004655306750675 0
0.5004655306750675 0
0.5004655306750675 0
0.5004655306750675 0
0.5004655306750675 0
0.5004655306750675 0
0.5004655306750675 0
0.5004655306750675 0
0.5004655306750675 0
0.5004655306750675 0
0.5004655306750675 0
0.5004655306750675 0
0.5004655306750675 0
0.5004655306750675 0
0.5004655306750675 0
0.5004655306750675 0
0.5004655306750675 0
0.5004655306750675 0
0.5004655306750675 0
0.5004655306750675 0
0.5004655306750675 0
0.5004655306750675 0
0.5004655306750675 0
0.5004655306750675 0
0.5004655306750675 0
0.5004655306750675 0
0.5004655306750675 0
0.5004655306750675 0
0.5004655306750675 0
0.5004655306750675 0
0.5004655306750675 0
0.5004655306750675 0
0.5004655306750675 0
0.5004655306750675 0
0.5004655306750675 0
0.5004655306750675 0
0.5004655306750675 0
0.5004655306750675 0
0.5004655306750675 0
0.5004655306750675 0
0.5004655306750675 0
0.5004655306750675 0
0.5004655306750675 0
0.5004655306750675 0
0.5004655306750675 1
0.5004655306750675 1
0.5004655306750675 1
0.5004655306750675 1
0.5004655306750675 1
0.5004655306750675 1
0.5004655306750675 1
0.5004655306750675 1
0.5004655306750675 1
0.5004655306750675 1
0.5004655306750675 1
0.5004655306750675 1
0.5004655306750675 1
0.5004655306750675 1
0.5004655306750675 1
0.5004655306750675 1
0.5004655306750675 1
0.5004655306750675 1
0.5004655306750675 1
0.5004655306750675 1
0.5004655306750675 1
0.5004655306750675 1
0.5004655306750675 1
0.5004655306750675 1
0.5004655306750675 1
0.5004655306750675 1
0.5004655306750675 1
0.5004655306750675 1
0.5004655306750675 1
0.5004655306750675 1
0.5004655306750675 1
0.5004655306750675 1
0.5004655306750675 1
0.5004655306750675 1
0.5004655306750675 1
0.5004655306750675 1
0.5004655306750675 1
0.5004655306750675 1
0.5004655306750675 1
0.5004655306750675 1
0.5004655306750675 1
0.5004655306750675 1
0.5004655306750675 1
0.5004655306750675 1
0.5004655306750675 1
0.5004655306750675 1
0.5004655306750675 1
0.5004655306750675 1
0.5004655306750675 1
0.5004655306750675 1
0.5004655306750675 1
0.5004655306750675 1
0.5004655306750675 1
0.5004655306750675 1
0.5004655306750675 1
0.5004655306750675 1
0.5004655306750675 1
0.5004655306750675 1
0.5004655306750675 1
0.5004655306750675 1
0.5004655306750675 1
0.5004655306750675 1
0.5004655306750675 1
0.5004655306750675 1
0.5004655306750675 1
0.5004655306750675 1
0.5004655306750675 1
0.5004655306750675 1
0.4994190928105552 0
0.4994190928105552 0
0.4994190928105552 0
0.4994190928105552 0
0.4994190928105552 0
0.4994190928105552 0
0.4994190928105552 0
0.4994190928105552 0
0.4994190928105552 0
0.4994190928105552 0
0.4994190928105552 0
0.4994190928105552 0
0.4994190928105552 0
0.4994190928105552 1
0.4994190928105552 1
0.4994190928105552 1
0.4994190928105552 1
0.4993897248903871 0
0.4993897248903871 1
0.4993897248903871 1
0.4993897248903871 1
0.49862745702448985 1
0.49862745702448985 1
0.49804441388967086 1
0.49779552629581003 1
0.49779552629581003 1
0.4974592337024225 0
0.4974592337024225 0
0.4974592337024225 0
0.4974592337024225 0
0.4974592337024225 0
0.4974592337024225 0
0.4974592337024225 0
0.4974592337024225 0
0.4974592337024225 1
0.4974592337024225 1
0.4974592337024225 1
0.4974592337024225 1
0.4974592337024225 1
0.4974592337024225 1
0.4974592337024225 1
0.4974592337024225 1
0.4974592337024225 1
0.4974592337024225 1
0.4974592337024225 1
0.4974592337024225 1
0.4974592337024225 1
0.4974592337024225 1
0.4974592337024225 1
0.4974592337024225 1
0.4969907720026537 0
0.49672878920863517 0
0.49672878920863517 0
0.4963676743156975 0
0.4963676743156975 0
0.4963676743156975 0
0.4963676743156975 0
0.4963676743156975 1
0.4959454977117244 0
0.4959454977117244 0
0.4959454977117244 0
0.4959454977117244 0
0.4959454977117244 0
0.4959454977117244 0
0.4959454977117244 0
0.4959454977117244 0
0.4959454977117244 0
0.4959454977117244 0
0.4959454977117244 0
0.4959454977117244 0
0.4959454977117244 0
0.4959454977117244 0
0.4959454977117244 0
0.4959454977117244 0
0.4959454977117244 0
0.4959454977117244 0
0.4959454977117244 0
0.4959454977117244 0
0.4959454977117244 0
0.4959454977117244 0
0.4959454977117244 0
0.4959454977117244 0
0.4959454977117244 0
0.4959454977117244 0
0.4959454977117244 0
0.4959454977117244 0
0.4959454977117244 0
0.4959454977117244 0
0.4959454977117244 0
0.4959454977117244 0
0.4959454977117244 0
0.4959454977117244 0
0.4959454977117244 0
0.4959454977117244 0
0.4959454977117244 0
0.4959454977117244 0
0.4959454977117244 0
0.4959454977117244 0
0.4959454977117244 0
0.4959454977117244 0
0.4959454977117244 0
0.4959454977117244 0
0.4959454977117244 0
0.4959454977117244 0
0.4959454977117244 0
0.4959454977117244 0
0.4959454977117244 0
0.4959454977117244 0
0.4959454977117244 0
0.4959454977117244 0
0.4959454977117244 0
0.4959454977117244 0
0.4959454977117244 0
0.4959454977117244 0
0.4959454977117244 0
0.4959454977117244 0
0.4959454977117244 0
0.4959454977117244 0
0.4959454977117244 0
0.4959454977117244 0
0.4959454977117244 0
0.4959454977117244 0
0.4959454977117244 0
0.4959454977117244 0
0.4959454977117244 0
0.4959454977117244 0
0.4959454977117244 1
0.4959454977117244 1
0.4959454977117244 1
0.4959454977117244 1
0.4959454977117244 1
0.4959454977117244 1
0.4959454977117244 1
0.4959454977117244 1
0.4959454977117244 1
0.4959454977117244 1
0.4959454977117244 1
0.4959454977117244 1
0.4959454977117244 1
0.4959454977117244 1
0.4959454977117244 1
0.4959454977117244 1
0.4959454977117244 1
0.4959454977117244 1
0.4959454977117244 1
0.4959454977117244 1
0.4959454977117244 1
0.4959454977117244 1
0.4959454977117244 1
0.4959454977117244 1
0.4959454977117244 1
0.4959454977117244 1
0.4959454977117244 1
0.4959454977117244 1
0.4959454977117244 1
0.4959454977117244 1
0.4959454977117244 1
0.4959454977117244 1
0.4959454977117244 1
0.4959454977117244 1
0.4959454977117244 1
0.4959454977117244 1
0.4959454977117244 1
0.4959454977117244 1
0.4959454977117244 1
0.4959454977117244 1
0.4959454977117244 1
0.4959454977117244 1
0.4959454977117244 1
0.4959454977117244 1
0.4959454977117244 1
0.4959454977117244 1
0.4959454977117244 1
0.4959454977117244 1
0.4959454977117244 1
0.4959454977117244 1
0.4959454977117244 1
0.4959454977117244 1
0.4959454977117244 1
0.4959454977117244 1
0.4959454977117244 1
0.4959454977117244 1
0.4959454977117244 1
0.4959454977117244 1
0.4959454977117244 1
0.4959454977117244 1
0.4959454977117244 1
0.4959454977117244 1
0.4959454977117244 1
0.4959454977117244 1
0.4959454977117244 1
0.4959454977117244 1
0.4959454977117244 1
0.4959454977117244 1
0.4959454977117244 1
0.4959454977117244 1
0.4959454977117244 1
0.4959454977117244 1
0.4959454977117244 1
0.4959454977117244 1
0.4959454977117244 1
0.4959454977117244 1
0.4959454977117244 1
0.4959454977117244 1
0.4959454977117244 1
0.4959454977117244 1
0.4959454977117244 1
0.4959454977117244 1
0.4959454977117244 1
0.4959454977117244 1
0.49532631346795 0
0.49532631346795 0
0.49532631346795 0
0.49532631346795 0
0.49532631346795 0
0.49532631346795 0
0.49532631346795 0
0.49532631346795 0
0.49532631346795 0
0.49532631346795 0
0.49532631346795 1
0.49532631346795 1
0.49532631346795 1
0.49532631346795 1
0.49532631346795 1
0.49532631346795 1
0.49532631346795 1
0.49532631346795 1
0.49532631346795 1
0.49532631346795 1
0.49532631346795 1
0.49532631346795 1
0.49532631346795 1
0.49532631346795 1
0.49532631346795 1
0.49532631346795 1
0.49532631346795 1
0.4950755799970174 0
0.4946642449591657 0
0.4946642449591657 0
0.4946642449591657 0
0.4946642449591657 0
0.4946642449591657 0
0.4946642449591657 0
0.4946642449591657 0
0.49414603024068027 0
0.4939014404637803 1
0.4935445226242542 0
0.4934434059412215 0
0.4934434059412215 1
0.4927532991579265 0
0.4927532991579265 0
0.4927532991579265 0
0.4927532991579265 0
0.4927532991579265 0
0.4927532991579265 0
0.4927532991579265 0
0.4927532991579265 0
0.4927532991579265 0
0.4927532991579265 0
0.4927532991579265 0
0.4927532991579265 0
0.4927532991579265 0
0.4927532991579265 0
0.4927532991579265 0
0.4927532991579265 0
0.4927532991579265 0
0.4927532991579265 0
0.4927532991579265 0
0.4927532991579265 0
0.4927532991579265 0
0.4927532991579265 0
0.4927532991579265 0
0.4927532991579265 0
0.4927532991579265 1
0.4927532991579265 1
0.4927532991579265 1
0.4927532991579265 1
0.4927532991579265 1
0.4927532991579265 1
0.4927532991579265 1
0.4927532991579265 1
0.4927532991579265 1
0.4927532991579265 1
0.4923292301250312 0
0.4905564219542972 0
0.4893157708899478 0
0.4893157708899478 0
0.4893157708899478 0
0.4893157708899478 0
0.4893157708899478 0
0.4893157708899478 0
0.4893157708899478 0
0.4893157708899478 0
0.4893157708899478 0
0.4893157708899478 0
0.4893157708899478 0
0.4893157708899478 0
0.4893157708899478 0
0.4893157708899478 0
0.4893157708899478 0
0.4893157708899478 0
0.4893157708899478 0
0.4893157708899478 0
0.4893157708899478 0
0.4893157708899478 0
0.4893157708899478 0
0.4893157708899478 0
0.4893157708899478 0
0.4893157708899478 0
0.4893157708899478 0
0.4893157708899478 0
0.4893157708899478 0
0.4893157708899478 0
0.4893157708899478 0
0.4893157708899478 0
0.4893157708899478 0
0.4893157708899478 0
0.4893157708899478 0
0.4893157708899478 0
0.4893157708899478 0
0.4893157708899478 0
0.4893157708899478 0
0.4893157708899478 0
0.4893157708899478 0
0.4893157708899478 0
0.4893157708899478 0
0.4893157708899478 0
0.4893157708899478 0
0.4893157708899478 0
0.4893157708899478 0
0.4893157708899478 0
0.4893157708899478 0
0.4893157708899478 0
0.4893157708899478 0
0.4893157708899478 0
0.4893157708899478 0
0.4893157708899478 0
0.4893157708899478 0
0.4893157708899478 0
0.4893157708899478 0
0.4893157708899478 0
0.4893157708899478 1
0.4893157708899478 1
0.4893157708899478 1
0.4893157708899478 1
0.4893157708899478 1
0.4893157708899478 1
0.4893157708899478 1
0.4893157708899478 1
0.4893157708899478 1
0.4893157708899478 1
0.4893157708899478 1
0.4893157708899478 1
0.4893157708899478 1
0.4893157708899478 1
0.4893157708899478 1
0.4893157708899478 1
0.4893157708899478 1
0.4893157708899478 1
0.4893157708899478 1
0.4893157708899478 1
0.4893157708899478 1
0.4893157708899478 1
0.4893157708899478 1
0.4893157708899478 1
0.4893157708899478 1
0.4893157708899478 1
0.4893157708899478 1
0.4893157708899478 1
0.4893157708899478 1
0.4893157708899478 1
0.48924340971036606 0
0.48924340971036606 0
0.48924340971036606 0
0.48924340971036606 0
0.48924340971036606 0
0.48924340971036606 0
0.48924340971036606 0
0.48924340971036606 0
0.48924340971036606 0
0.48924340971036606 0
0.48924340971036606 0
0.48924340971036606 0
0.48924340971036606 0
0.48924340971036606 0
0.48924340971036606 0
0.48924340971036606 0
0.48924340971036606 0
0.48924340971036606 0
0.48924340971036606 0
0.48924340971036606 0
0.48924340971036606 0
0.48924340971036606 0
0.48924340971036606 0
0.48924340971036606 0
0.48924340971036606 0
0.48924340971036606 0
0.48924340971036606 0
0.48924340971036606 0
0.48924340971036606 0
0.48924340971036606 0
0.48924340971036606 0
0.48924340971036606 0
0.48924340971036606 0
0.48924340971036606 0
0.48924340971036606 0
0.48924340971036606 0
0.48924340971036606 0
0.48924340971036606 0
0.48924340971036606 0
0.48924340971036606 0
0.48924340971036606 0
0.48924340971036606 1
0.48924340971036606 1
0.48924340971036606 1
0.48924340971036606 1
0.48924340971036606 1
0.48924340971036606 1
0.48924340971036606 1
0.48924340971036606 1
0.48924340971036606 1
0.48924340971036606 1
0.48924340971036606 1
0.48924340971036606 1
0.48924340971036606 1
0.48924340971036606 1
0.48924340971036606 1
0.48924340971036606 1
0.48924340971036606 1
0.48924340971036606 1
0.48924340971036606 1
0.48924340971036606 1
0.48924340971036606 1
0.48924340971036606 1
0.48924340971036606 1
0.48924340971036606 1
0.48924340971036606 1
0.48924340971036606 1
0.48924340971036606 1
0.48924340971036606 1
0.48924340971036606 1
0.48924340971036606 1
0.4892018930315641 0
0.4892018930315641 0
0.4892018930315641 0
0.4892018930315641 0
0.4886232112218753 1
0.4886232112218753 1
0.4886232112218753 1
0.48812278510172724 0
0.48812278510172724 0
0.48812278510172724 0
0.48812278510172724 0
0.48812278510172724 0
0.48812278510172724 0
0.48812278510172724 0
0.48812278510172724 0
0.48812278510172724 0
0.48812278510172724 0
0.48812278510172724 0
0.48812278510172724 0
0.48812278510172724 0
0.48812278510172724 0
0.48812278510172724 0
0.48812278510172724 0
0.48812278510172724 0
0.48812278510172724 0
0.48812278510172724 0
0.48812278510172724 0
0.48812278510172724 0
0.48812278510172724 0
0.48812278510172724 0
0.48812278510172724 0
0.48812278510172724 0
0.48812278510172724 0
0.48812278510172724 0
0.48812278510172724 0
0.48812278510172724 0
0.48812278510172724 1
0.48812278510172724 1
0.48812278510172724 1
0.48812278510172724 1
0.48812278510172724 1
0.48812278510172724 1
0.48812278510172724 1
0.48812278510172724 1
0.48812278510172724 1
0.48812278510172724 1
0.48812278510172724 1
0.48812278510172724 1
0.48812278510172724 1
0.48812278510172724 1
0.48812278510172724 1
0.48812278510172724 1
0.48812278510172724 1
0.48812278510172724 1
0.48812278510172724 1
0.48812278510172724 1
0.48812278510172724 1
0.48812278510172724 1
0.48812278510172724 1
0.48812278510172724 1
0.48812278510172724 1
0.48812278510172724 1
0.48812278510172724 1
0.48812278510172724 1
0.48812278510172724 1
0.48812278510172724 1
0.48812278510172724 1
0.48812278510172724 1
0.48812278510172724 1
0.48769256391269716 0
0.48769256391269716 0
0.48769256391269716 0
0.48769256391269716 0
0.48769256391269716 0
0.48769256391269716 0
0.48769256391269716 0
0.48769256391269716 0
0.48769256391269716 0
0.48769256391269716 0
0.48769256391269716 0
0.48769256391269716 0
0.48769256391269716 0
0.48769256391269716 0
0.48769256391269716 0
0.48769256391269716 0
0.48769256391269716 0
0.48769256391269716 0
0.48769256391269716 0
0.48769256391269716 1
0.48769256391269716 1
0.48769256391269716 1
0.48769256391269716 1
0.48769256391269716 1
0.48769256391269716 1
0.48769256391269716 1
0.48769256391269716 1
0.48769256391269716 1
0.48769256391269716 1
0.48769256391269716 1
0.48769256391269716 1
0.48769256391269716 1
0.48769256391269716 1
0.48769256391269716 1
0.48769256391269716 1
0.48769256391269716 1
0.48769256391269716 1
0.48769256391269716 1
0.48769256391269716 1
0.48769256391269716 1
0.48769256391269716 1
0.48769256391269716 1
0.48769256391269716 1
0.48769256391269716 1
0.48769256391269716 1
0.48769256391269716 1
0.48769256391269716 1
0.48769256391269716 1
0.48769256391269716 1
0.48769256391269716 1
0.48769256391269716 1
0.48769256391269716 1
0.48769256391269716 1
0.48769256391269716 1
0.48769256391269716 1
0.48769256391269716 1
0.48769256391269716 1
0.48769256391269716 1
0.48769256391269716 1
0.48769256391269716 1
0.48769256391269716 1
0.4874902209272071 0
0.4874902209272071 0
0.4874902209272071 0
0.4874902209272071 0
0.4874902209272071 0
0.4874902209272071 0
0.4874902209272071 0
0.4874902209272071 0
0.4874902209272071 0
0.4874902209272071 0
0.4874902209272071 0
0.4874902209272071 0
0.4874902209272071 0
0.4874902209272071 0
0.4874902209272071 0
0.4874902209272071 0
0.4874902209272071 0
0.4874902209272071 0
0.4874902209272071 0
0.4874902209272071 0
0.4874902209272071 0
0.4874902209272071 0
0.4874902209272071 0
0.4874902209272071 0
0.4874902209272071 0
0.4874902209272071 0
0.4874902209272071 0
0.4874902209272071 0
0.4874902209272071 0
0.4874902209272071 0
0.4874902209272071 0
0.4874902209272071 0
0.4874902209272071 0
0.4874902209272071 0
0.4874902209272071 0
0.4874902209272071 0
0.4874902209272071 0
0.4874902209272071 0
0.4874902209272071 0
0.4874902209272071 0
0.4874902209272071 0
0.4874902209272071 0
0.4874902209272071 0
0.4874902209272071 0
0.4874902209272071 0
0.4874902209272071 0
0.4874902209272071 0
0.4874902209272071 0
0.4874902209272071 0
0.4874902209272071 0
0.4874902209272071 1
0.4874902209272071 1
0.4874902209272071 1
0.4874902209272071 1
0.4874902209272071 1
0.4874902209272071 1
0.4874902209272071 1
0.4874902209272071 1
0.4874902209272071 1
0.4874902209272071 1
0.4874902209272071 1
0.4874902209272071 1
0.4874902209272071 1
0.4874902209272071 1
0.4874902209272071 1
0.4874902209272071 1
0.4874902209272071 1
0.4874902209272071 1
0.4874902209272071 1
0.4874902209272071 1
0.4874902209272071 1
0.4874902209272071 1
0.4874902209272071 1
0.4874902209272071 1
0.4874902209272071 1
0.4874902209272071 1
0.4874902209272071 1
0.4874902209272071 1
0.4874902209272071 1
0.4874902209272071 1
0.4874902209272071 1
0.4874902209272071 1
0.4874902209272071 1
0.4874902209272071 1
0.4874902209272071 1
0.4874902209272071 1
0.48748734130808724 1
0.4873966891818907 0
0.4873966891818907 0
0.4873966891818907 0
0.4873605746319102 0
0.4873605746319102 0
0.4873605746319102 0
0.4873605746319102 0
0.48710315760978584 0
0.48710315760978584 0
0.48710315760978584 0
0.4870952857336138 0
0.4870952857336138 0
0.4870952857336138 1
0.4861338233605997 1
0.4861338233605997 1
0.4861338233605997 1
0.4861338233605997 1
0.4854314933829581 0
0.4854314933829581 0
0.4854314933829581 0
0.4854314933829581 0
0.4854314933829581 0
0.4854314933829581 0
0.4854314933829581 0
0.4854314933829581 0
0.4854314933829581 0
0.4854314933829581 0
0.4854314933829581 0
0.4854314933829581 0
0.4854314933829581 0
0.4854314933829581 0
0.4854314933829581 0
0.4854314933829581 1
0.4854314933829581 1
0.4854314933829581 1
0.4854314933829581 1
0.4854314933829581 1
0.4854314933829581 1
0.485344575228664 0
0.485344575228664 0
0.485344575228664 0
0.485344575228664 0
0.485344575228664 0
0.485344575228664 0
0.485344575228664 0
0.485344575228664 0
0.485344575228664 0
0.485344575228664 0
0.485344575228664 0
0.485344575228664 0
0.485344575228664 0
0.485344575228664 1
0.485344575228664 1
0.485344575228664 1
0.485344575228664 1
0.485344575228664 1
0.485344575228664 1
0.485344575228664 1
0.485344575228664 1
0.485344575228664 1
0.485344575228664 1
0.485344575228664 1
0.485344575228664 1
0.485344575228664 1
0.485344575228664 1
0.485344575228664 1
0.485344575228664 1
0.485344575228664 1
0.485344575228664 1
0.485344575228664 1
0.485344575228664 1
0.485344575228664 1
0.485344575228664 1
0.48522816346138725 0
0.48522816346138725 0
0.48522816346138725 0
0.48522816346138725 0
0.48522816346138725 0
0.48522816346138725 0
0.48522816346138725 0
0.48522816346138725 0
0.48522816346138725 0
0.48522816346138725 1
0.48522816346138725 1
0.48522816346138725 1
0.48522816346138725 1
0.48522816346138725 1
0.48522816346138725 1
0.48522816346138725 1
0.48522816346138725 1
0.48522816346138725 1
0.48522816346138725 1
0.48522816346138725 1
0.48522816346138725 1
0.4850616281700861 0
0.4850616281700861 1
0.4847639669629515 0
0.4847639669629515 0
0.4844149965503372 0
0.4844149965503372 0
0.4844149965503372 0
0.4844149965503372 0
0.4844149965503372 0
0.4844149965503372 0
0.4844149965503372 0
0.4844149965503372 0
0.4844149965503372 1
0.4844149965503372 1
0.4844149965503372 1
0.4836828665882404 0
0.4836828665882404 0
0.4836828665882404 0
0.4836063066458374 0
0.4836063066458374 0
0.4836063066458374 0
0.4836063066458374 0
0.4836063066458374 0
0.4836063066458374 0
0.4836063066458374 0
0.4836063066458374 0
0.4836063066458374 0
0.4836063066458374 0
0.4836063066458374 0
0.4836063066458374 0
0.4836063066458374 1
0.4836063066458374 1
0.4836063066458374 1
0.4836063066458374 1
0.4836063066458374 1
0.4836063066458374 1
0.4836063066458374 1
0.4836063066458374 1
0.4836063066458374 1
0.4836063066458374 1
0.4836063066458374 1
0.4836063066458374 1
0.4836063066458374 1
0.4836063066458374 1
0.4836063066458374 1
0.4836063066458374 1
0.4836063066458374 1
0.4836063066458374 1
0.4836063066458374 1
0.4836063066458374 1
0.4836063066458374 1
0.4836063066458374 1
0.4836063066458374 1
0.4836063066458374 1
0.4836063066458374 1
0.4836063066458374 1
0.4836063066458374 1
0.4836063066458374 1
0.4836063066458374 1
0.4836063066458374 1
0.4836063066458374 1
0.4836063066458374 1
0.4836063066458374 1
0.4836063066458374 1
0.4836063066458374 1
0.4836063066458374 1
0.4836063066458374 1
0.4836063066458374 1
0.4836063066458374 1
0.4836063066458374 1
0.4836063066458374 1
0.4836063066458374 1
0.4836063066458374 1
0.4836063066458374 1
0.4836063066458374 1
0.4831094161979763 0
0.4831094161979763 0
0.4831094161979763 0
0.4831094161979763 1
0.4831094161979763 1
0.4831094161979763 1
0.4822036332179968 0
0.4822036332179968 0
0.4822036332179968 0
0.4822036332179968 0
0.4822036332179968 0
0.4822036332179968 0
0.4822036332179968 0
0.4822036332179968 0
0.4822036332179968 0
0.4822036332179968 0
0.4822036332179968 0
0.4822036332179968 0
0.4822036332179968 0
0.4822036332179968 1
0.4822036332179968 1
0.4822036332179968 1
0.4822036332179968 1
0.4822036332179968 1
0.4822036332179968 1
0.4822036332179968 1
0.4822036332179968 1
0.4822036332179968 1
0.4822036332179968 1
0.4822036332179968 1
0.4822036332179968 1
0.4822036332179968 1
0.4822036332179968 1
0.4822036332179968 1
0.4822036332179968 1
0.4822036332179968 1
0.4822036332179968 1
0.482135413541324 0
0.482135413541324 0
0.482135413541324 0
0.482135413541324 0
0.482135413541324 0
0.482135413541324 0
0.482135413541324 1
0.482135413541324 1
0.482135413541324 1
0.482135413541324 1
0.482135413541324 1
0.482135413541324 1
0.482135413541324 1
0.482135413541324 1
0.482135413541324 1
0.482135413541324 1
0.4821006942470474 0
0.48113319585663344 0
0.48113319585663344 0
0.48113319585663344 0
0.48113319585663344 0
0.48113319585663344 0
0.48113319585663344 0
0.48113319585663344 1
0.48088239323912724 0
0.48088239323912724 0
0.48088239323912724 0
0.48088239323912724 1
0.48088239323912724 1
0.48088239323912724 1
0.48088239323912724 1
0.48088239323912724 1
0.48088239323912724 1
0.4806473660453562 0
0.48048727880167563 0
0.48048727880167563 0
0.48048727880167563 0
0.48048727880167563 0
0.48048727880167563 0
0.48048727880167563 0
0.48048727880167563 0
0.48048727880167563 0
0.48048727880167563 0
0.48048727880167563 0
0.48048727880167563 0
0.48048727880167563 0
0.48048727880167563 0
0.48048727880167563 0
0.48048727880167563 0
0.48048727880167563 0
0.48048727880167563 0
0.48048727880167563 0
0.48048727880167563 0
0.48048727880167563 0
0.48048727880167563 0
0.48048727880167563 0
0.48048727880167563 0
0.48048727880167563 0
0.48048727880167563 0
0.48048727880167563 0
0.48048727880167563 0
0.48048727880167563 0
0.48048727880167563 1
0.48048727880167563 1
0.48048727880167563 1
0.48048727880167563 1
0.48048727880167563 1
0.48048727880167563 1
0.48048727880167563 1
0.48048727880167563 1
0.48048727880167563 1
0.48048727880167563 1
0.48048727880167563 1
0.48048727880167563 1
0.48048727880167563 1
0.48048727880167563 1
0.48048727880167563 1
0.48048727880167563 1
0.48048727880167563 1
0.48048727880167563 1
0.48048727880167563 1
0.48048727880167563 1
0.48048727880167563 1
0.48048727880167563 1
0.48048727880167563 1
0.48048727880167563 1
0.48048727880167563 1
0.48048727880167563 1
0.48048727880167563 1
0.48048727880167563 1
0.48048727880167563 1
0.48048727880167563 1
0.48048727880167563 1
0.48048727880167563 1
0.48048727880167563 1
0.48048727880167563 1
0.48048727880167563 1
0.48048727880167563 1
0.48048727880167563 1
0.48048727880167563 1
0.48048727880167563 1
0.48048727880167563 1
0.48048727880167563 1
0.48048727880167563 1
0.48048727880167563 1
0.48048727880167563 1
0.48048727880167563 1
0.48048727880167563 1
0.48048727880167563 1
0.48048727880167563 1
0.48048727880167563 1
0.48048727880167563 1
0.48048727880167563 1
0.48048727880167563 1
0.48048727880167563 1
0.48048727880167563 1
0.48048727880167563 1
0.48048727880167563 1
0.48048727880167563 1
0.48048727880167563 1
0.48048727880167563 1
0.48048727880167563 1
0.48048727880167563 1
0.48048727880167563 1
0.48048727880167563 1
0.48048727880167563 1
0.48048727880167563 1
0.48048727880167563 1
0.48048727880167563 1
0.48048727880167563 1
0.48048727880167563 1
0.48048727880167563 1
0.4804796443622229 1
0.4804796443622229 1
0.4804796443622229 1
0.4804796443622229 1
0.4804796443622229 1
0.4804796443622229 1
0.4804796443622229 1
0.479421336038504 0
0.479421336038504 0
0.479421336038504 0
0.479421336038504 0
0.479421336038504 0
0.479421336038504 0
0.479421336038504 1
0.479421336038504 1
0.479421336038504 1
0.479421336038504 1
0.47917589227782453 0
0.47917589227782453 0
0.47917589227782453 1
0.47917589227782453 1
0.47917589227782453 1
0.47917589227782453 1
0.477787616548281 0
0.477787616548281 0
0.477787616548281 0
0.477787616548281 0
0.477787616548281 1
0.477787616548281 1
0.477787616548281 1
0.477787616548281 1
0.477787616548281 1
0.477787616548281 1
0.47724558793430344 0
0.47724558793430344 0
0.47724558793430344 0
0.47724558793430344 0
0.47724558793430344 0
0.47724558793430344 0
0.47724558793430344 0
0.47724558793430344 1
0.47724558793430344 1
0.47724558793430344 1
0.47724558793430344 1
0.47724558793430344 1
0.47724558793430344 1
0.47724558793430344 1
0.47724558793430344 1
0.47724558793430344 1
0.47724558793430344 1
0.47724558793430344 1
0.47724558793430344 1
0.47724558793430344 1
0.47724558793430344 1
0.47724558793430344 1
0.47724558793430344 1
0.47724558793430344 1
0.47721130180648885 0
0.4771733438835318 0
0.4771733438835318 0
0.4771733438835318 0
0.4771733438835318 0
0.4771733438835318 0
0.4771733438835318 0
0.4771733438835318 0
0.4771733438835318 0
0.4771733438835318 0
0.4771733438835318 0
0.4771733438835318 0
0.4771733438835318 0
0.4771733438835318 0
0.4771733438835318 0
0.4771733438835318 1
0.4771733438835318 1
0.4771733438835318 1
0.4771733438835318 1
0.4771733438835318 1
0.4771733438835318 1
0.4771733438835318 1
0.4771733438835318 1
0.47716384565372166 0
0.47716384565372166 0
0.47716384565372166 0
0.47716384565372166 0
0.47716384565372166 0
0.47716384565372166 0
0.47716384565372166 0
0.47716384565372166 0
0.47716384565372166 0
0.47716384565372166 0
0.47716384565372166 0
0.47716384565372166 0
0.47716384565372166 0
0.47716384565372166 0
0.47716384565372166 0
0.47716384565372166 0
0.47716384565372166 0
0.47716384565372166 0
0.47716384565372166 0
0.47716384565372166 0
0.47716384565372166 0
0.47716384565372166 0
0.47716384565372166 0
0.47716384565372166 0
0.47716384565372166 0
0.47716384565372166 0
0.47716384565372166 0
0.47716384565372166 0
0.47716384565372166 0
0.47716384565372166 0
0.47716384565372166 0
0.47716384565372166 1
0.47716384565372166 1
0.47716384565372166 1
0.47716384565372166 1
0.47716384565372166 1
0.47716384565372166 1
0.47716384565372166 1
0.47716384565372166 1
0.47716384565372166 1
0.47716384565372166 1
0.47716384565372166 1
0.47716384565372166 1
0.47716384565372166 1
0.47704295731941354 0
0.47704295731941354 0
0.47704295731941354 0
0.47704295731941354 0
0.47704295731941354 0
0.47704295731941354 0
0.47704295731941354 0
0.47704295731941354 0
0.47704295731941354 0
0.47704295731941354 0
0.47704295731941354 0
0.47704295731941354 0
0.47704295731941354 0
0.47704295731941354 0
0.47704295731941354 0
0.47704295731941354 1
0.47686273632521486 0
0.47686273632521486 0
0.47686273632521486 0
0.47589937989368253 0
0.4756520430309949 0
0.4756520430309949 0
0.4756520430309949 0
0.4756520430309949 0
0.4756520430309949 0
0.4756520430309949 0
0.4756520430309949 0
0.4756520430309949 0
0.4756520430309949 0
0.4756520430309949 0
0.4756520430309949 0
0.4756520430309949 0
0.4756520430309949 0
0.4756520430309949 0
0.4756520430309949 0
0.4756520430309949 0
0.4756520430309949 0
0.4756520430309949 0
0.4756520430309949 0
0.4756520430309949 0
0.4756520430309949 0
0.4756520430309949 0
0.4756520430309949 0
0.4756520430309949 0
0.4756520430309949 0
0.4756520430309949 0
0.4756520430309949 0
0.4756520430309949 0
0.4756520430309949 0
0.4756520430309949 0
0.4756520430309949 0
0.4756520430309949 0
0.4756520430309949 0
0.4756520430309949 0
0.4756520430309949 0
0.4756520430309949 0
0.4756520430309949 0
0.4756520430309949 0
0.4756520430309949 0
0.4756520430309949 0
0.4756520430309949 0
0.4756520430309949 0
0.4756520430309949 0
0.4756520430309949 0
0.4756520430309949 0
0.4756520430309949 0
0.4756520430309949 0
0.4756520430309949 0
0.4756520430309949 0
0.4756520430309949 0
0.4756520430309949 0
0.4756520430309949 0
0.4756520430309949 0
0.4756520430309949 0
0.4756520430309949 0
0.4756520430309949 0
0.4756520430309949 0
0.4756520430309949 0
0.4756520430309949 0
0.4756520430309949 0
0.4756520430309949 0
0.4756520430309949 0
0.4756520430309949 0
0.4756520430309949 0
0.4756520430309949 0
0.4756520430309949 0
0.4756520430309949 0
0.4756520430309949 0
0.4756520430309949 0
0.4756520430309949 0
0.4756520430309949 0
0.4756520430309949 0
0.4756520430309949 0
0.4756520430309949 0
0.4756520430309949 0
0.4756520430309949 0
0.4756520430309949 0
0.4756520430309949 1
0.4756520430309949 1
0.4756520430309949 1
0.4756520430309949 1
0.4756520430309949 1
0.4756520430309949 1
0.4756520430309949 1
0.4756520430309949 1
0.4756520430309949 1
0.4756520430309949 1
0.4756520430309949 1
0.4756520430309949 1
0.4756520430309949 1
0.4756520430309949 1
0.4756520430309949 1
0.4756520430309949 1
0.4756520430309949 1
0.4756520430309949 1
0.4756520430309949 1
0.4756520430309949 1
0.4756520430309949 1
0.4756520430309949 1
0.4756520430309949 1
0.4756520430309949 1
0.4756520430309949 1
0.4756520430309949 1
0.4756520430309949 1
0.4756520430309949 1
0.4756520430309949 1
0.4756520430309949 1
0.4756520430309949 1
0.4756520430309949 1
0.4756520430309949 1
0.4756520430309949 1
0.4756520430309949 1
0.4756520430309949 1
0.4756520430309949 1
0.4756520430309949 1
0.4756520430309949 1
0.4756520430309949 1
0.4756520430309949 1
0.4756520430309949 1
0.4756520430309949 1
0.4756520430309949 1
0.4756520430309949 1
0.4756520430309949 1
0.4756520430309949 1
0.4756520430309949 1
0.4756520430309949 1
0.4756520430309949 1
0.4756520430309949 1
0.4756520430309949 1
0.4756520430309949 1
0.4756520430309949 1
0.4756520430309949 1
0.4756520430309949 1
0.4756520430309949 1
0.4756520430309949 1
0.4756520430309949 1
0.4756520430309949 1
0.4756520430309949 1
0.4756520430309949 1
0.4756520430309949 1
0.4756520430309949 1
0.4756520430309949 1
0.4756520430309949 1
0.4756520430309949 1
0.4756520430309949 1
0.4756520430309949 1
0.4756520430309949 1
0.4756520430309949 1
0.4756520430309949 1
0.4756520430309949 1
0.4756520430309949 1
0.4754079708440736 1
0.4754079708440736 1
0.4754079708440736 1
0.4754079708440736 1
0.4754079708440736 1
0.47517462521967285 0
0.47517462521967285 0
0.47517462521967285 0
0.47517462521967285 1
0.47517462521967285 1
0.47517462521967285 1
0.47517462521967285 1
0.47517462521967285 1
0.47517462521967285 1
0.47517462521967285 1
0.47517462521967285 1
0.47517462521967285 1
0.47517462521967285 1
0.47517462521967285 1
0.47517462521967285 1
0.47517462521967285 1
0.47517462521967285 1
0.47517462521967285 1
0.47517462521967285 1
0.47517462521967285 1
0.47517462521967285 1
0.47517462521967285 1
0.47517462521967285 1
0.47517462521967285 1
0.4746085641442437 1
0.4746085641442437 1
0.4746085641442437 1
0.4746085641442437 1
0.4746085641442437 1
0.4746085641442437 1
0.4746085641442437 1
0.4746031140541612 0
0.4746031140541612 1
0.4746031140541612 1
0.4746031140541612 1
0.4743912304131112 0
0.4743912304131112 0
0.4743912304131112 0
0.4743912304131112 0
0.4743912304131112 0
0.4743912304131112 0
0.4743912304131112 0
0.4743912304131112 0
0.4743912304131112 0
0.4743912304131112 0
0.4743912304131112 1
0.4743912304131112 1
0.4743912304131112 1
0.4743912304131112 1
0.4743912304131112 1
0.4743912304131112 1
0.47412156839063047 0
0.4739376808332112 1
0.47309994602353633 0
0.47309994602353633 0
0.47309994602353633 0
0.4729315578988325 0
0.4729315578988325 0
0.4729315578988325 0
0.4729315578988325 0
0.4729315578988325 0
0.4729315578988325 0
0.4729315578988325 0
0.4729315578988325 0
0.4729315578988325 0
0.4729315578988325 0
0.4729315578988325 0
0.4729315578988325 0
0.4729315578988325 0
0.4729315578988325 0
0.4729315578988325 0
0.4729315578988325 0
0.4729315578988325 0
0.4729315578988325 0
0.4729315578988325 1
0.4729315578988325 1
0.4729315578988325 1
0.4729315578988325 1
0.4729315578988325 1
0.4729315578988325 1
0.4729315578988325 1
0.4729315578988325 1
0.4729315578988325 1
0.4729315578988325 1
0.4729315578988325 1
0.4729315578988325 1
0.4729315578988325 1
0.4729315578988325 1
0.4729315578988325 1
0.4729315578988325 1
0.4726970714187508 0
0.4726970714187508 0
0.4726970714187508 0
0.4726970714187508 0
0.4726970714187508 0
0.4726970714187508 0
0.4726970714187508 0
0.4726970714187508 0
0.4726970714187508 0
0.4726970714187508 0
0.4726970714187508 0
0.4726970714187508 0
0.4726970714187508 0
0.4726970714187508 0
0.4726970714187508 0
0.4726970714187508 0
0.4726970714187508 0
0.4726970714187508 0
0.4726970714187508 0
0.4726970714187508 0
0.4726970714187508 0
0.4726970714187508 0
0.4726970714187508 0
0.4726970714187508 0
0.4726970714187508 0
0.4726970714187508 0
0.4726970714187508 0
0.4726970714187508 1
0.4726970714187508 1
0.4726970714187508 1
0.4726970714187508 1
0.4726970714187508 1
0.4726970714187508 1
0.4726970714187508 1
0.4726970714187508 1
0.4726970714187508 1
0.4726970714187508 1
0.4726970714187508 1
0.4726970714187508 1
0.4726970714187508 1
0.4726970714187508 1
0.4726970714187508 1
0.4726970714187508 1
0.4726970714187508 1
0.4726970714187508 1
0.4716496234613632 0
0.4716496234613632 0
0.4716496234613632 0
0.4716496234613632 0
0.4716496234613632 0
0.4716496234613632 0
0.4716496234613632 0
0.4716496234613632 0
0.4716496234613632 0
0.4716496234613632 0
0.4716496234613632 1
0.4716496234613632 1
0.4716496234613632 1
0.4716496234613632 1
0.4716496234613632 1
0.4716496234613632 1
0.4716496234613632 1
0.4716496234613632 1
0.4716496234613632 1
0.4716496234613632 1
0.47141263357832586 0
0.47141263357832586 0
0.47141263357832586 0
0.47141263357832586 0
0.47141263357832586 0
0.47141263357832586 0
0.47141263357832586 0
0.47141263357832586 0
0.47141263357832586 0
0.47141263357832586 0
0.47141263357832586 0
0.47141263357832586 0
0.47141263357832586 0
0.47141263357832586 0
0.47141263357832586 1
0.47141263357832586 1
0.47141263357832586 1
0.47141263357832586 1
0.47141263357832586 1
0.47141263357832586 1
0.47141263357832586 1
0.47141263357832586 1
0.47141263357832586 1
0.47141263357832586 1
0.47141263357832586 1
0.47141263357832586 1
0.47141263357832586 1
0.47141263357832586 1
0.47141263357832586 1
0.47141263357832586 1
0.47141263357832586 1
0.47141263357832586 1
0.47141263357832586 1
0.47141263357832586 1
0.47141263357832586 1
0.47141263357832586 1
0.47141263357832586 1
0.4706292593667224 0
0.4706292593667224 0
0.4706292593667224 0
0.4706292593667224 0
0.4706292593667224 0
0.4706292593667224 0
0.4706292593667224 0
0.4706292593667224 0
0.4706292593667224 0
0.4706292593667224 0
0.4706292593667224 0
0.4706292593667224 0
0.4706292593667224 0
0.4706292593667224 0
0.4706292593667224 0
0.4706292593667224 0
0.4706292593667224 0
0.4706292593667224 0
0.4706292593667224 0
0.4706292593667224 0
0.4706292593667224 0
0.4706292593667224 0
0.4706292593667224 0
0.4706292593667224 0
0.4706292593667224 1
0.4706292593667224 1
0.4705571153222913 0
0.4705571153222913 0
0.4705571153222913 0
0.4705571153222913 0
0.4705571153222913 0
0.4705571153222913 1
0.4703776823228444 0
0.4703776823228444 0
0.4703776823228444 0
0.4702676408992699 0
0.4702676408992699 0
0.47001847613822917 0
0.47001847613822917 0
0.47001847613822917 0
0.47001847613822917 0
0.47001847613822917 0
0.47001847613822917 0
0.47001847613822917 0
0.47001847613822917 0
0.47001847613822917 0
0.47001847613822917 0
0.47001847613822917 0
0.47001847613822917 0
0.47001847613822917 0
0.47001847613822917 0
0.47001847613822917 0
0.47001847613822917 0
0.47001847613822917 0
0.47001847613822917 0
0.47001847613822917 0
0.47001847613822917 0
0.47001847613822917 0
0.47001847613822917 0
0.47001847613822917 0
0.47001847613822917 0
0.47001847613822917 0
0.47001847613822917 1
0.47001847613822917 1
0.47001847613822917 1
0.47001847613822917 1
0.47001847613822917 1
0.47001847613822917 1
0.47001847613822917 1
0.47001847613822917 1
0.4699802143852872 0
0.4699802143852872 0
0.4699802143852872 0
0.4699802143852872 0
0.4699802143852872 0
0.4699802143852872 0
0.4699802143852872 0
0.4692869191377809 1
0.4692869191377809 1
0.4692869191377809 1
0.4692869191377809 1
0.4692869191377809 1
0.4692869191377809 1
0.4687986489854126 0
0.4687986489854126 0
0.4687986489854126 0
0.4687986489854126 0
0.4687986489854126 0
0.4687986489854126 0
0.4687986489854126 0
0.4687986489854126 0
0.4687986489854126 0
0.4687986489854126 0
0.4687986489854126 0
0.4687986489854126 0
0.4687986489854126 0
0.4687986489854126 0
0.4687986489854126 0
0.4687986489854126 0
0.4687986489854126 0
0.4687986489854126 0
0.4687986489854126 0
0.4687986489854126 0
0.4687986489854126 0
0.4687986489854126 0
0.4687986489854126 0
0.4687986489854126 0
0.4687986489854126 0
0.4687986489854126 1
0.4687986489854126 1
0.4687986489854126 1
0.4687986489854126 1
0.4687986489854126 1
0.4687986489854126 1
0.4687986489854126 1
0.4687986489854126 1
0.4687986489854126 1
0.4687986489854126 1
0.4687986489854126 1
0.4687986489854126 1
0.4687986489854126 1
0.4687986489854126 1
0.4687986489854126 1
0.4687986489854126 1
0.4687986489854126 1
0.4687986489854126 1
0.4687986489854126 1
0.4687986489854126 1
0.4687986489854126 1
0.4687986489854126 1
0.4687986489854126 1
0.4687986489854126 1
0.4687986489854126 1
0.4687986489854126 1
0.4687986489854126 1
0.4687986489854126 1
0.468479729371014 0
0.46730350551686956 0
0.46730350551686956 1
0.46730350551686956 1
0.46730350551686956 1
0.46730350551686956 1
0.467174607966617 0
0.467174607966617 0
0.467174607966617 0
0.467174607966617 0
0.467174607966617 0
0.467174607966617 0
0.4670789238307319 0
0.4670789238307319 0
0.4670789238307319 0
0.4670789238307319 0
0.4670789238307319 0
0.4670789238307319 0
0.4670789238307319 0
0.4670789238307319 0
0.4670789238307319 0
0.4670789238307319 0
0.4670789238307319 0
0.4670789238307319 0
0.4670789238307319 0
0.4670789238307319 0
0.4670789238307319 0
0.4670789238307319 0
0.4670789238307319 0
0.4670789238307319 0
0.4670789238307319 0
0.4670789238307319 0
0.4670789238307319 0
0.4670789238307319 0
0.4670789238307319 0
0.4670789238307319 0
0.4670789238307319 0
0.4670789238307319 0
0.4670789238307319 0
0.4670789238307319 0
0.4670789238307319 0
0.4670789238307319 0
0.4670789238307319 0
0.4670789238307319 0
0.4670789238307319 0
0.4670789238307319 0
0.4670789238307319 0
0.4670789238307319 0
0.4670789238307319 0
0.4670789238307319 0
0.4670789238307319 0
0.4670789238307319 0
0.4670789238307319 0
0.4670789238307319 0
0.4670789238307319 0
0.4670789238307319 0
0.4670789238307319 0
0.4670789238307319 0
0.4670789238307319 0
0.4670789238307319 0
0.4670789238307319 0
0.4670789238307319 0
0.4670789238307319 0
0.4670789238307319 0
0.4670789238307319 0
0.4670789238307319 0
0.4670789238307319 0
0.4670789238307319 0
0.4670789238307319 0
0.4670789238307319 0
0.4670789238307319 0
0.4670789238307319 0
0.4670789238307319 0
0.4670789238307319 0
0.4670789238307319 0
0.4670789238307319 0
0.4670789238307319 0
0.4670789238307319 0
0.4670789238307319 0
0.4670789238307319 0
0.4670789238307319 0
0.4670789238307319 0
0.4670789238307319 0
0.4670789238307319 0
0.4670789238307319 0
0.4670789238307319 0
0.4670789238307319 0
0.4670789238307319 0
0.4670789238307319 0
0.4670789238307319 0
0.4670789238307319 0
0.4670789238307319 0
0.4670789238307319 0
0.4670789238307319 0
0.4670789238307319 0
0.4670789238307319 0
0.4670789238307319 0
0.4670789238307319 0
0.4670789238307319 1
0.4670789238307319 1
0.4670789238307319 1
0.4670789238307319 1
0.4670789238307319 1
0.4670789238307319 1
0.4670789238307319 1
0.4670789238307319 1
0.4670789238307319 1
0.4670789238307319 1
0.4670789238307319 1
0.4670789238307319 1
0.4670789238307319 1
0.4670789238307319 1
0.4670789238307319 1
0.4670789238307319 1
0.4670789238307319 1
0.4670789238307319 1
0.4670789238307319 1
0.4670789238307319 1
0.4670789238307319 1
0.4670789238307319 1
0.4670789238307319 1
0.4670789238307319 1
0.4670789238307319 1
0.4670789238307319 1
0.4670789238307319 1
0.4670789238307319 1
0.4670789238307319 1
0.4670789238307319 1
0.4670789238307319 1
0.4670789238307319 1
0.4670789238307319 1
0.4670789238307319 1
0.4670789238307319 1
0.4670789238307319 1
0.4670789238307319 1
0.4670789238307319 1
0.4670789238307319 1
0.4670789238307319 1
0.4670789238307319 1
0.4670789238307319 1
0.4670789238307319 1
0.4670789238307319 1
0.4670789238307319 1
0.4670789238307319 1
0.4670789238307319 1
0.4670789238307319 1
0.4670789238307319 1
0.4670789238307319 1
0.4670789238307319 1
0.4670789238307319 1
0.4670789238307319 1
0.4670789238307319 1
0.4670789238307319 1
0.4670789238307319 1
0.4670789238307319 1
0.4670789238307319 1
0.4670789238307319 1
0.4670789238307319 1
0.4670789238307319 1
0.4670789238307319 1
0.4670789238307319 1
0.4670789238307319 1
0.4670789238307319 1
0.4670789238307319 1
0.4670789238307319 1
0.4670789238307319 1
0.4670789238307319 1
0.4670789238307319 1
0.4670789238307319 1
0.4670789238307319 1
0.4670789238307319 1
0.4670789238307319 1
0.4670789238307319 1
0.4670789238307319 1
0.4670789238307319 1
0.4670789238307319 1
0.4670789238307319 1
0.4670789238307319 1
0.4670789238307319 1
0.4670789238307319 1
0.4664046943780428 0
0.4664046943780428 0
0.4664046943780428 0
0.4664046943780428 0
0.4664046943780428 0
0.4664046943780428 0
0.4664046943780428 0
0.4664046943780428 0
0.4664046943780428 0
0.4664046943780428 0
0.4664046943780428 0
0.4664046943780428 0
0.4664046943780428 0
0.4664046943780428 0
0.4664046943780428 0
0.4664046943780428 0
0.4664046943780428 0
0.4664046943780428 0
0.4664046943780428 0
0.4664046943780428 0
0.4664046943780428 0
0.4664046943780428 0
0.4664046943780428 0
0.4664046943780428 0
0.4664046943780428 0
0.4664046943780428 0
0.4664046943780428 0
0.4664046943780428 0
0.4664046943780428 0
0.4664046943780428 0
0.4664046943780428 0
0.4664046943780428 0
0.4664046943780428 0
0.4664046943780428 0
0.4664046943780428 0
0.4664046943780428 0
0.4664046943780428 0
0.4664046943780428 0
0.4664046943780428 0
0.4664046943780428 1
0.4664046943780428 1
0.4664046943780428 1
0.4664046943780428 1
0.4664046943780428 1
0.4664046943780428 1
0.4664046943780428 1
0.4664046943780428 1
0.4664046943780428 1
0.4664046943780428 1
0.4664046943780428 1
0.4664046943780428 1
0.4664046943780428 1
0.4664046943780428 1
0.4664046943780428 1
0.4664046943780428 1
0.4664046943780428 1
0.4664046943780428 1
0.4664046943780428 1
0.4664046943780428 1
0.4664046943780428 1
0.4664046943780428 1
0.4664046943780428 1
0.4664046943780428 1
0.4664046943780428 1
0.4664046943780428 1
0.4664046943780428 1
0.4664046943780428 1
0.4664046943780428 1
0.4664046943780428 1
0.4664046943780428 1
0.4664046943780428 1
0.4664046943780428 1
0.4664046943780428 1
0.4664046943780428 1
0.4664046943780428 1
0.4664046943780428 1
0.4664046943780428 1
0.4664046943780428 1
0.4664046943780428 1
0.4664046943780428 1
0.4664046943780428 1
0.4664046943780428 1
0.4664046943780428 1
0.4664046943780428 1
0.4664046943780428 1
0.4664046943780428 1
0.4664046943780428 1
0.4664046943780428 1
0.4664046943780428 1
0.4664046943780428 1
0.4664046943780428 1
0.4664046943780428 1
0.4664046943780428 1
0.4664046943780428 1
0.4664046943780428 1
0.4664046943780428 1
0.4664046943780428 1
0.4664046943780428 1
0.4664046943780428 1
0.4664046943780428 1
0.4664046943780428 1
0.4664046943780428 1
0.4664046943780428 1
0.4664046943780428 1
0.4664046943780428 1
0.4664046943780428 1
0.4664046943780428 1
0.4664046943780428 1
0.4664046943780428 1
0.4664046943780428 1
0.4664046943780428 1
0.4664046943780428 1
0.4664046943780428 1
0.4664046943780428 1
0.466394797780924 0
0.466394797780924 0
0.466394797780924 0
0.466394797780924 0
0.466394797780924 0
0.466394797780924 0
0.466394797780924 0
0.466394797780924 0
0.466394797780924 1
0.466394797780924 1
0.466394797780924 1
0.466394797780924 1
0.466394797780924 1
0.466394797780924 1
0.466394797780924 1
0.46632273104569777 1
0.46616276477347823 0
0.46616276477347823 1
0.46616276477347823 1
0.46616276477347823 1
0.46616276477347823 1
0.46616276477347823 1
0.4650520411267509 0
0.4650520411267509 0
0.46478784258144795 0
0.46478784258144795 0
0.46478784258144795 0
0.46478784258144795 0
0.46478784258144795 0
0.46478784258144795 0
0.46478784258144795 0
0.46478784258144795 0
0.46478784258144795 0
0.46478784258144795 0
0.46478784258144795 0
0.46478784258144795 0
0.46478784258144795 0
0.46478784258144795 0
0.46478784258144795 0
0.46478784258144795 0
0.46478784258144795 0
0.46478784258144795 0
0.46478784258144795 0
0.46478784258144795 0
0.46478784258144795 0
0.46478784258144795 0
0.46478784258144795 0
0.46478784258144795 0
0.46478784258144795 0
0.46478784258144795 0
0.46478784258144795 0
0.46478784258144795 0
0.46478784258144795 0
0.46478784258144795 0
0.46478784258144795 0
0.46478784258144795 1
0.46478784258144795 1
0.46478784258144795 1
0.46478784258144795 1
0.46478784258144795 1
0.46478784258144795 1
0.46478784258144795 1
0.46478784258144795 1
0.46478784258144795 1
0.46478784258144795 1
0.46478784258144795 1
0.46478784258144795 1
0.46478784258144795 1
0.46478784258144795 1
0.46478784258144795 1
0.46478784258144795 1
0.46478784258144795 1
0.46478784258144795 1
0.46478784258144795 1
0.46478784258144795 1
0.46477572966043995 0
0.46477572966043995 0
0.46477572966043995 0
0.46477572966043995 0
0.46477572966043995 0
0.46477572966043995 0
0.46477572966043995 0
0.46477572966043995 0
0.46477572966043995 0
0.46477572966043995 0
0.46477572966043995 0
0.46477572966043995 0
0.46477572966043995 0
0.46477572966043995 0
0.46477572966043995 0
0.46477572966043995 0
0.46477572966043995 0
0.46477572966043995 0
0.46477572966043995 0
0.46477572966043995 0
0.46477572966043995 0
0.46477572966043995 0
0.46477572966043995 0
0.46477572966043995 0
0.46477572966043995 0
0.46477572966043995 0
0.46477572966043995 0
0.46477572966043995 0
0.46477572966043995 0
0.46477572966043995 0
0.46477572966043995 0
0.46477572966043995 0
0.46477572966043995 0
0.46477572966043995 0
0.46477572966043995 0
0.46477572966043995 0
0.46477572966043995 0
0.46477572966043995 0
0.46477572966043995 0
0.46477572966043995 0
0.46477572966043995 0
0.46477572966043995 0
0.46477572966043995 0
0.46477572966043995 1
0.46477572966043995 1
0.46477572966043995 1
0.46477572966043995 1
0.46477572966043995 1
0.46477572966043995 1
0.46477572966043995 1
0.46477572966043995 1
0.46477572966043995 1
0.46477572966043995 1
0.46477572966043995 1
0.46477572966043995 1
0.46477572966043995 1
0.46477572966043995 1
0.46477572966043995 1
0.46477572966043995 1
0.46477572966043995 1
0.46477572966043995 1
0.46477572966043995 1
0.46477572966043995 1
0.46477572966043995 1
0.46477572966043995 1
0.46477572966043995 1
0.46477572966043995 1
0.46477572966043995 1
0.46477572966043995 1
0.46477572966043995 1
0.46477572966043995 1
0.46477572966043995 1
0.46477572966043995 1
0.46477572966043995 1
0.46477572966043995 1
0.46477572966043995 1
0.46477572966043995 1
0.46477572966043995 1
0.46477572966043995 1
0.46477572966043995 1
0.46477572966043995 1
0.46477572966043995 1
0.46477572966043995 1
0.46477572966043995 1
0.46477572966043995 1
0.46477572966043995 1
0.46477572966043995 1
0.46477572966043995 1
0.46477572966043995 1
0.46477572966043995 1
0.46477572966043995 1
0.46477572966043995 1
0.46477572966043995 1
0.46477572966043995 1
0.46477572966043995 1
0.46477572966043995 1
0.46477572966043995 1
0.46477572966043995 1
0.46477572966043995 1
0.46477572966043995 1
0.46477572966043995 1
0.46477572966043995 1
0.46477572966043995 1
0.46477572966043995 1
0.46477572966043995 1
0.46477572966043995 1
0.46477572966043995 1
0.46477572966043995 1
0.46477572966043995 1
0.46477572966043995 1
0.46477572966043995 1
0.46477572966043995 1
0.46477572966043995 1
0.46477572966043995 1
0.4634203099494141 0
0.4634203099494141 0
0.4627483935782336 0
0.4627483935782336 0
0.4627483935782336 0
0.4627483935782336 0
0.4627483935782336 0
0.4627483935782336 0
0.4627483935782336 1
0.4627483935782336 1
0.46273798829306473 0
0.46273798829306473 0
0.46273798829306473 0
0.46273798829306473 0
0.46273798829306473 1
0.46273798829306473 1
0.46175928144359285 0
0.46175928144359285 1
0.46175928144359285 1
0.46175928144359285 1
0.46175928144359285 1
0.46175928144359285 1
0.46175928144359285 1
0.4615747397503332 0
0.4615590133298324 0
0.4615590133298324 0
0.4615590133298324 0
0.4615590133298324 0
0.4615590133298324 0
0.4615590133298324 0
0.4614460431766821 0
0.4614460431766821 0
0.4614460431766821 0
0.4614460431766821 0
0.4614460431766821 0
0.4614460431766821 0
0.4614460431766821 0
0.4614460431766821 0
0.4614460431766821 0
0.4614460431766821 0
0.4614460431766821 1
0.4614460431766821 1
0.4614460431766821 1
0.46138191958950253 0
0.46138191958950253 0
0.46138191958950253 0
0.46138191958950253 0
0.46138191958950253 1
0.46138191958950253 1
0.46138191958950253 1
0.46138191958950253 1
0.46138191958950253 1
0.46138191958950253 1
0.46138191958950253 1
0.46138191958950253 1
0.4613315689374051 0
0.4613315689374051 0
0.4613315689374051 0
0.4613315689374051 0
0.4613315689374051 0
0.4613315689374051 1
0.4613315689374051 1
0.4613315689374051 1
0.4613315689374051 1
0.4613315689374051 1
0.4613315689374051 1
0.4613315689374051 1
0.4613315689374051 1
0.4613315689374051 1
0.4613315689374051 1
0.4613315689374051 1
0.4613315689374051 1
0.4613315689374051 1
0.4613315689374051 1
0.4613315689374051 1
0.4609502266736154 0
0.4609502266736154 0
0.4608355439205485 0
0.4607809715987475 0
0.4607809715987475 0
0.4607809715987475 1
0.4607809715987475 1
0.4607809715987475 1
0.460708483009289 1
0.460708483009289 1
0.460708483009289 1
0.4602873069716206 0
0.4602873069716206 0
0.4602873069716206 1
0.4602873069716206 1
0.4602873069716206 1
0.4602873069716206 1
0.4602873069716206 1
0.4602873069716206 1
0.4602873069716206 1
0.4599859447927733 0
0.4599859447927733 1
0.4599859447927733 1
0.4599859447927733 1
0.4599140148168755 0
0.4599140148168755 0
0.4599140148168755 0
0.4599140148168755 0
0.4599140148168755 0
0.4599140148168755 0
0.4599140148168755 0
0.4599140148168755 0
0.4599140148168755 0
0.4599140148168755 0
0.4599140148168755 0
0.4599140148168755 0
0.4599140148168755 0
0.4599140148168755 0
0.4599140148168755 0
0.4599140148168755 1
0.4599140148168755 1
0.4599140148168755 1
0.4597495224472623 0
0.4597495224472623 0
0.4597495224472623 0
0.4597495224472623 0
0.4597495224472623 0
0.4597495224472623 0
0.4597495224472623 0
0.4597495224472623 0
0.4597495224472623 0
0.4597495224472623 0
0.4597495224472623 0
0.4597495224472623 0
0.4597495224472623 0
0.4597495224472623 0
0.4597495224472623 0
0.4597495224472623 0
0.4597495224472623 0
0.4597495224472623 0
0.4597495224472623 0
0.4597495224472623 0
0.4597495224472623 0
0.4597495224472623 1
0.4597495224472623 1
0.4597495224472623 1
0.4597495224472623 1
0.4597495224472623 1
0.4597495224472623 1
0.4595255057472202 1
0.4595255057472202 1
0.45905339826425956 0
0.45905339826425956 0
0.45905339826425956 0
0.45905339826425956 0
0.45905339826425956 0
0.45905339826425956 0
0.45905339826425956 0
0.45905339826425956 0
0.45905339826425956 0
0.45905339826425956 0
0.45905339826425956 0
0.45905339826425956 0
0.45905339826425956 0
0.45905339826425956 0
0.45905339826425956 0
0.45905339826425956 0
0.45905339826425956 0
0.45905339826425956 0
0.45905339826425956 0
0.45905339826425956 0
0.45905339826425956 0
0.45905339826425956 0
0.45905339826425956 0
0.45905339826425956 0
0.45905339826425956 0
0.45905339826425956 0
0.45905339826425956 0
0.45905339826425956 0
0.45905339826425956 0
0.45905339826425956 0
0.45905339826425956 0
0.45905339826425956 0
0.45905339826425956 0
0.45905339826425956 0
0.45905339826425956 0
0.45905339826425956 0
0.45905339826425956 0
0.45905339826425956 0
0.45905339826425956 0
0.45905339826425956 0
0.45905339826425956 0
0.45905339826425956 0
0.45905339826425956 0
0.45905339826425956 0
0.45905339826425956 0
0.45905339826425956 0
0.45905339826425956 0
0.45905339826425956 0
0.45905339826425956 0
0.45905339826425956 0
0.45905339826425956 0
0.45905339826425956 0
0.45905339826425956 0
0.45905339826425956 0
0.45905339826425956 0
0.45905339826425956 0
0.45905339826425956 0
0.45905339826425956 0
0.45905339826425956 0
0.45905339826425956 0
0.45905339826425956 0
0.45905339826425956 0
0.45905339826425956 0
0.45905339826425956 0
0.45905339826425956 0
0.45905339826425956 0
0.45905339826425956 0
0.45905339826425956 0
0.45905339826425956 0
0.45905339826425956 0
0.45905339826425956 0
0.45905339826425956 0
0.45905339826425956 0
0.45905339826425956 0
0.45905339826425956 0
0.45905339826425956 0
0.45905339826425956 0
0.45905339826425956 0
0.45905339826425956 0
0.45905339826425956 0
0.45905339826425956 0
0.45905339826425956 0
0.45905339826425956 0
0.45905339826425956 0
0.45905339826425956 0
0.45905339826425956 0
0.45905339826425956 0
0.45905339826425956 0
0.45905339826425956 0
0.45905339826425956 0
0.45905339826425956 0
0.45905339826425956 0
0.45905339826425956 0
0.45905339826425956 0
0.45905339826425956 0
0.45905339826425956 0
0.45905339826425956 0
0.45905339826425956 0
0.45905339826425956 0
0.45905339826425956 0
0.45905339826425956 0
0.45905339826425956 0
0.45905339826425956 0
0.45905339826425956 0
0.45905339826425956 0
0.45905339826425956 0
0.45905339826425956 0
0.45905339826425956 0
0.45905339826425956 1
0.45905339826425956 1
0.45905339826425956 1
0.45905339826425956 1
0.45905339826425956 1
0.45905339826425956 1
0.45905339826425956 1
0.45905339826425956 1
0.45905339826425956 1
0.45905339826425956 1
0.45905339826425956 1
0.45905339826425956 1
0.45905339826425956 1
0.45905339826425956 1
0.45905339826425956 1
0.45905339826425956 1
0.45905339826425956 1
0.45905339826425956 1
0.45905339826425956 1
0.45905339826425956 1
0.45905339826425956 1
0.45905339826425956 1
0.45905339826425956 1
0.45905339826425956 1
0.45905339826425956 1
0.45905339826425956 1
0.45905339826425956 1
0.45905339826425956 1
0.45905339826425956 1
0.45905339826425956 1
0.45905339826425956 1
0.45905339826425956 1
0.45905339826425956 1
0.45905339826425956 1
0.45905339826425956 1
0.45905339826425956 1
0.45905339826425956 1
0.45905339826425956 1
0.45905339826425956 1
0.45905339826425956 1
0.45905339826425956 1
0.45905339826425956 1
0.45905339826425956 1
0.45905339826425956 1
0.45905339826425956 1
0.45905339826425956 1
0.45905339826425956 1
0.45905339826425956 1
0.45905339826425956 1
0.45905339826425956 1
0.45905339826425956 1
0.45905339826425956 1
0.45905339826425956 1
0.45905339826425956 1
0.45905339826425956 1
0.45905339826425956 1
0.45905339826425956 1
0.45905339826425956 1
0.45905339826425956 1
0.45905339826425956 1
0.45905339826425956 1
0.45905339826425956 1
0.45905339826425956 1
0.45905339826425956 1
0.45905339826425956 1
0.45905339826425956 1
0.45905339826425956 1
0.45905339826425956 1
0.45905339826425956 1
0.45905339826425956 1
0.45905339826425956 1
0.45905339826425956 1
0.45905339826425956 1
0.45905339826425956 1
0.45905339826425956 1
0.45905339826425956 1
0.45905339826425956 1
0.45905339826425956 1
0.45905339826425956 1
0.45905339826425956 1
0.45905339826425956 1
0.45905339826425956 1
0.45905339826425956 1
0.45905339826425956 1
0.45905339826425956 1
0.45905339826425956 1
0.45905339826425956 1
0.45905339826425956 1
0.45905339826425956 1
0.45905339826425956 1
0.45905339826425956 1
0.45905339826425956 1
0.45905339826425956 1
0.45905339826425956 1
0.45905339826425956 1
0.45905339826425956 1
0.45905339826425956 1
0.45864766022640824 0
0.45864766022640824 0
0.45864766022640824 0
0.45864766022640824 0
0.45864766022640824 0
0.45864766022640824 0
0.45864766022640824 0
0.45864766022640824 1
0.45864766022640824 1
0.45864193249083623 0
0.45864193249083623 0
0.45864193249083623 0
0.45864193249083623 1
0.45864193249083623 1
0.45864193249083623 1
0.45864193249083623 1
0.45840744565097347 0
0.4570895426247064 0
0.4570895426247064 0
0.45662734100430513 0
0.45662734100430513 0
0.45662734100430513 1
0.45662734100430513 1
0.456186104006111 0
0.45557164379409404 0
0.45557164379409404 0
0.45557164379409404 0
0.45557164379409404 0
0.45557164379409404 0
0.45557164379409404 0
0.45557164379409404 0
0.45557164379409404 0
0.45557164379409404 0
0.45557164379409404 0
0.45557164379409404 0
0.45557164379409404 0
0.45557164379409404 0
0.45557164379409404 0
0.45557164379409404 0
0.45557164379409404 0
0.45557164379409404 0
0.45557164379409404 0
0.45557164379409404 0
0.45557164379409404 0
0.45557164379409404 0
0.45557164379409404 0
0.45557164379409404 0
0.45557164379409404 0
0.45557164379409404 0
0.45557164379409404 0
0.45557164379409404 0
0.45557164379409404 0
0.45557164379409404 0
0.45557164379409404 0
0.45557164379409404 0
0.45557164379409404 0
0.45557164379409404 0
0.45557164379409404 0
0.45557164379409404 0
0.45557164379409404 0
0.45557164379409404 0
0.45557164379409404 0
0.45557164379409404 0
0.45557164379409404 1
0.45557164379409404 1
0.45557164379409404 1
0.45557164379409404 1
0.45557164379409404 1
0.45557164379409404 1
0.45557164379409404 1
0.45557164379409404 1
0.45557164379409404 1
0.45557164379409404 1
0.45557164379409404 1
0.45557164379409404 1
0.45557164379409404 1
0.45557164379409404 1
0.45557164379409404 1
0.45557164379409404 1
0.45557164379409404 1
0.45557164379409404 1
0.45557164379409404 1
0.45557164379409404 1
0.45557164379409404 1
0.45557164379409404 1
0.45557164379409404 1
0.45557164379409404 1
0.45557164379409404 1
0.45557164379409404 1
0.45557164379409404 1
0.45557164379409404 1
0.45557164379409404 1
0.45557164379409404 1
0.45557164379409404 1
0.45557164379409404 1
0.4548702368221476 0
0.4548702368221476 1
0.4548336017898207 0
0.4548336017898207 0
0.4548336017898207 0
0.4548336017898207 0
0.4548336017898207 0
0.4548336017898207 0
0.4548336017898207 0
0.4543991928628823 1
0.45438405427159584 0
0.454054112305374 0
0.454054112305374 0
0.454054112305374 0
0.454054112305374 0
0.454054112305374 0
0.454054112305374 0
0.454054112305374 0
0.454054112305374 0
0.454054112305374 0
0.454054112305374 0
0.454054112305374 0
0.454054112305374 0
0.454054112305374 0
0.454054112305374 0
0.454054112305374 0
0.454054112305374 0
0.454054112305374 0
0.454054112305374 0
0.454054112305374 0
0.454054112305374 0
0.454054112305374 0
0.454054112305374 1
0.454054112305374 1
0.454054112305374 1
0.454054112305374 1
0.454054112305374 1
0.454054112305374 1
0.454054112305374 1
0.454054112305374 1
0.454054112305374 1
0.454054112305374 1
0.454054112305374 1
0.454054112305374 1
0.45398233010680067 0
0.45398233010680067 0
0.45398233010680067 0
0.45398233010680067 0
0.45398233010680067 0
0.45398233010680067 0
0.45398233010680067 0
0.45398233010680067 0
0.45398233010680067 0
0.45398233010680067 0
0.45398233010680067 0
0.45398233010680067 0
0.45398233010680067 0
0.45398233010680067 0
0.45398233010680067 0
0.45398233010680067 0
0.45398233010680067 0
0.45398233010680067 0
0.45398233010680067 0
0.45398233010680067 0
0.45398233010680067 0
0.45398233010680067 0
0.45398233010680067 0
0.45398233010680067 0
0.45398233010680067 0
0.45398233010680067 0
0.45398233010680067 0
0.45398233010680067 1
0.4532473381943406 0
0.4532473381943406 0
0.4532473381943406 0
0.4532473381943406 0
0.4532473381943406 0
0.4532473381943406 0
0.4532473381943406 1
0.4532473381943406 1
0.4532473381943406 1
0.4532473381943406 1
0.4529203106769615 0
0.4529203106769615 0
0.4529203106769615 1
0.4529203106769615 1
0.4527808675890372 0
0.4527808675890372 0
0.4527808675890372 0
0.4527808675890372 1
0.45271861757883064 1
0.45271861757883064 1
0.45271861757883064 1
0.45271861757883064 1
0.45262095233645416 0
0.45262095233645416 0
0.45262095233645416 0
0.45262095233645416 0
0.45262095233645416 0
0.45262095233645416 0
0.45262095233645416 0
0.45262095233645416 0
0.45262095233645416 0
0.45262095233645416 0
0.45262095233645416 0
0.45262095233645416 0
0.4515593188452602 0
0.4515593188452602 0
0.4515593188452602 0
0.4515593188452602 0
0.4515593188452602 0
0.4515593188452602 1
0.4515593188452602 1
0.4515593188452602 1
0.45129860953171186 0
0.45129860953171186 1
0.45129860953171186 1
0.45109093187351806 0
0.45109093187351806 0
0.45109093187351806 0
0.45109093187351806 0
0.45109093187351806 0
0.45109093187351806 0
0.45109093187351806 0
0.45109093187351806 0
0.45109093187351806 0
0.45109093187351806 0
0.45109093187351806 0
0.45109093187351806 0
0.45109093187351806 0
0.45109093187351806 0
0.45109093187351806 0
0.45109093187351806 0
0.45109093187351806 0
0.45109093187351806 0
0.45109093187351806 0
0.45109093187351806 0
0.45109093187351806 0
0.45109093187351806 0
0.45109093187351806 0
0.45109093187351806 0
0.45109093187351806 0
0.45109093187351806 0
0.45109093187351806 0
0.45109093187351806 0
0.45109093187351806 0
0.45109093187351806 0
0.45109093187351806 0
0.45109093187351806 0
0.45109093187351806 0
0.45109093187351806 0
0.45109093187351806 0
0.45109093187351806 1
0.45109093187351806 1
0.45109093187351806 1
0.45109093187351806 1
0.45109093187351806 1
0.45109093187351806 1
0.45109093187351806 1
0.45109093187351806 1
0.4506175614172112 0
0.4506175614172112 0
0.45029996767578134 0
0.45029996767578134 0
0.4502294156837158 0
0.4502294156837158 0
0.45002346731223414 0
0.45002346731223414 0
0.45002346731223414 0
0.45002346731223414 0
0.45002346731223414 0
0.45002346731223414 0
0.45002346731223414 0
0.4498420554917749 0
0.4498420554917749 1
0.4498420554917749 1
0.4498420554917749 1
0.4497703905986553 0
0.44960282574572497 0
0.4495380443150406 1
0.4495380443150406 1
0.4495101875598647 0
0.4495101875598647 0
0.4495101875598647 0
0.4495101875598647 1
0.4495101875598647 1
0.4495101875598647 1
0.4495101875598647 1
0.4484002265594788 0
0.4480725962821942 0
0.44787736583225374 0
0.44787736583225374 0
0.44787736583225374 0
0.44787736583225374 0
0.44787736583225374 0
0.44787736583225374 1
0.44787736583225374 1
0.44787736583225374 1
0.44787736583225374 1
0.44787736583225374 1
0.44787736583225374 1
0.44787736583225374 1
0.44767734443837426 0
0.44767734443837426 1
0.44767734443837426 1
0.44767734443837426 1
0.44767734443837426 1
0.44767734443837426 1
0.44767734443837426 1
0.4475113532769157 0
0.4475113532769157 0
0.4475113532769157 0
0.4475113532769157 0
0.4475113532769157 1
0.4475113532769157 1
0.44622557755273634 0
0.4458894949934674 0
0.4458082291846614 0
0.4458082291846614 0
0.4458082291846614 0
0.44523378536666847 1
0.44523378536666847 1
0.4448087299724985 0
0.4448087299724985 0
0.4448087299724985 0
0.4448087299724985 0
0.4448087299724985 0
0.4448087299724985 0
0.4448087299724985 0
0.4448087299724985 0
0.4448087299724985 0
0.4448087299724985 0
0.4448087299724985 0
0.4448087299724985 1
0.4448087299724985 1
0.4448087299724985 1
0.4448087299724985 1
0.4448087299724985 1
0.4448087299724985 1
0.4448087299724985 1
0.4448087299724985 1
0.4448087299724985 1
0.4448087299724985 1
0.4448087299724985 1
0.4448087299724985 1
0.4448087299724985 1
0.4448087299724985 1
0.4448087299724985 1
0.4448087299724985 1
0.4448087299724985 1
0.4446081581491557 0
0.4446081581491557 0
0.4446081581491557 0
0.4446081581491557 0
0.4446081581491557 0
0.4446081581491557 0
0.4446081581491557 0
0.4446081581491557 0
0.4446081581491557 0
0.4446081581491557 0
0.4446081581491557 0
0.4446081581491557 0
0.4446081581491557 0
0.4446081581491557 0
0.44446511001244327 1
0.44446511001244327 1
0.44446511001244327 1
0.44446511001244327 1
0.444191317222667 0
0.444191317222667 0
0.444191317222667 0
0.444191317222667 0
0.444191317222667 0
0.44380012621945303 0
0.44380012621945303 0
0.44380012621945303 0
0.44380012621945303 0
0.4436009607853502 0
0.44292851492944035 0
0.44292851492944035 0
0.44292851492944035 0
0.44292851492944035 0
0.44292851492944035 0
0.44292851492944035 0
0.44292851492944035 0
0.44292851492944035 1
0.44231269094090064 0
0.44231269094090064 0
0.44231269094090064 0
0.44231269094090064 0
0.44231269094090064 0
0.44231269094090064 0
0.44231269094090064 0
0.44231269094090064 0
0.44231269094090064 0
0.44231269094090064 0
0.44231269094090064 0
0.44231269094090064 0
0.44231269094090064 1
0.44231269094090064 1
0.44231269094090064 1
0.44210390896544105 0
0.44210390896544105 0
0.44210390896544105 0
0.44210390896544105 0
0.44210390896544105 0
0.44210390896544105 1
0.44210390896544105 1
0.44210390896544105 1
0.4418719001525387 0
0.4418719001525387 0
0.4418719001525387 0
0.4418719001525387 0
0.4418719001525387 1
0.4418719001525387 1
0.4418719001525387 1
0.4418719001525387 1
0.4418719001525387 1
0.44184219177907985 0
0.44184219177907985 0
0.44184219177907985 0
0.44184219177907985 0
0.44184219177907985 0
0.44184219177907985 0
0.44184219177907985 0
0.44184219177907985 0
0.44184219177907985 0
0.44184219177907985 0
0.44184219177907985 0
0.44184219177907985 0
0.44184219177907985 0
0.44184219177907985 0
0.44184219177907985 0
0.44184219177907985 1
0.44184219177907985 1
0.44184219177907985 1
0.44184219177907985 1
0.44184219177907985 1
0.44184219177907985 1
0.44184219177907985 1
0.44184219177907985 1
0.44184219177907985 1
0.44184219177907985 1
0.44184219177907985 1
0.44184219177907985 1
0.44184219177907985 1
0.44184219177907985 1
0.44184219177907985 1
0.44184219177907985 1
0.44184219177907985 1
0.44184219177907985 1
0.44184219177907985 1
0.44184219177907985 1
0.44184219177907985 1
0.4415846721212238 0
0.4415846721212238 0
0.4415846721212238 0
0.4415846721212238 0
0.4415846721212238 0
0.4415846721212238 0
0.4415846721212238 0
0.4415846721212238 0
0.4415846721212238 0
0.4415846721212238 0
0.4415846721212238 0
0.4415846721212238 0
0.4415846721212238 0
0.4415846721212238 0
0.4415846721212238 0
0.4415846721212238 0
0.4415846721212238 0
0.4415846721212238 0
0.4415846721212238 0
0.4415846721212238 0
0.4415846721212238 0
0.4415846721212238 0
0.4415846721212238 0
0.4415846721212238 0
0.4415846721212238 0
0.4415846721212238 0
0.4415846721212238 0
0.4415846721212238 0
0.4415846721212238 0
0.4415846721212238 0
0.4415846721212238 0
0.4415846721212238 0
0.4415846721212238 0
0.4415846721212238 0
0.4415846721212238 0
0.4415846721212238 0
0.4415846721212238 0
0.4415846721212238 0
0.4415846721212238 0
0.4415846721212238 0
0.4415846721212238 0
0.4415846721212238 0
0.4415846721212238 0
0.4415846721212238 0
0.4415846721212238 0
0.4415846721212238 0
0.4415846721212238 0
0.4415846721212238 0
0.4415846721212238 0
0.4415846721212238 0
0.4415846721212238 0
0.4415846721212238 0
0.4415846721212238 0
0.4415846721212238 0
0.4415846721212238 0
0.4415846721212238 0
0.4415846721212238 0
0.4415846721212238 0
0.4415846721212238 0
0.4415846721212238 0
0.4415846721212238 0
0.4415846721212238 0
0.4415846721212238 0
0.4415846721212238 0
0.4415846721212238 0
0.4415846721212238 0
0.4415846721212238 0
0.4415846721212238 0
0.4415846721212238 0
0.4415846721212238 0
0.4415846721212238 0
0.4415846721212238 0
0.4415846721212238 0
0.4415846721212238 0
0.4415846721212238 0
0.4415846721212238 0
0.4415846721212238 0
0.4415846721212238 0
0.4415846721212238 0
0.4415846721212238 0
0.4415846721212238 0
0.4415846721212238 0
0.4415846721212238 0
0.4415846721212238 0
0.4415846721212238 0
0.4415846721212238 0
0.4415846721212238 0
0.4415846721212238 0
0.4415846721212238 0
0.4415846721212238 0
0.4415846721212238 0
0.4415846721212238 0
0.4415846721212238 0
0.4415846721212238 0
0.4415846721212238 0
0.4415846721212238 0
0.4415846721212238 0
0.4415846721212238 0
0.4415846721212238 1
0.4415846721212238 1
0.4415846721212238 1
0.4415846721212238 1
0.4415846721212238 1
0.4415846721212238 1
0.4415846721212238 1
0.4415846721212238 1
0.4415846721212238 1
0.4415846721212238 1
0.4415846721212238 1
0.4415846721212238 1
0.4415846721212238 1
0.4415846721212238 1
0.4415846721212238 1
0.4415846721212238 1
0.4415846721212238 1
0.4415846721212238 1
0.4415846721212238 1
0.4415846721212238 1
0.4415846721212238 1
0.4415846721212238 1
0.4415846721212238 1
0.4415846721212238 1
0.4415846721212238 1
0.4415846721212238 1
0.4415846721212238 1
0.4415846721212238 1
0.4415846721212238 1
0.4415846721212238 1
0.4415846721212238 1
0.4415846721212238 1
0.4415846721212238 1
0.4415846721212238 1
0.4415846721212238 1
0.4415846721212238 1
0.4415846721212238 1
0.4415846721212238 1
0.4415846721212238 1
0.4415846721212238 1
0.4415846721212238 1
0.4415846721212238 1
0.4415846721212238 1
0.4415846721212238 1
0.4415846721212238 1
0.4415846721212238 1
0.4415846721212238 1
0.4415846721212238 1
0.4415846721212238 1
0.4415846721212238 1
0.4415846721212238 1
0.4415846721212238 1
0.4415846721212238 1
0.4415846721212238 1
0.4415846721212238 1
0.4415846721212238 1
0.4415846721212238 1
0.4415846721212238 1
0.4415846721212238 1
0.4415846721212238 1
0.4415846721212238 1
0.4415846721212238 1
0.4415846721212238 1
0.4415846721212238 1
0.4415846721212238 1
0.4415846721212238 1
0.4415846721212238 1
0.4415846721212238 1
0.4415846721212238 1
0.4415846721212238 1
0.4415846721212238 1
0.4415846721212238 1
0.4415846721212238 1
0.4415846721212238 1
0.4415846721212238 1
0.4415846721212238 1
0.4415846721212238 1
0.4415846721212238 1
0.4415846721212238 1
0.4415846721212238 1
0.4415846721212238 1
0.4415846721212238 1
0.4415846721212238 1
0.4415846721212238 1
0.4415846721212238 1
0.4415846721212238 1
0.4415846721212238 1
0.4415846721212238 1
0.4415846721212238 1
0.4415846721212238 1
0.4415846721212238 1
0.4415846721212238 1
0.4415846721212238 1
0.4415846721212238 1
0.4415846721212238 1
0.4415846721212238 1
0.4415846721212238 1
0.4415846721212238 1
0.4415846721212238 1
0.4415846721212238 1
0.4415846721212238 1
0.4415846721212238 1
0.4415846721212238 1
0.4415846721212238 1
0.4415846721212238 1
0.4415846721212238 1
0.4415846721212238 1
0.4415846721212238 1
0.4415846721212238 1
0.4415846721212238 1
0.4415846721212238 1
0.4415846721212238 1
0.4415846721212238 1
0.4415846721212238 1
0.4415846721212238 1
0.4415846721212238 1
0.4415846721212238 1
0.4415846721212238 1
0.4415846721212238 1
0.4415846721212238 1
0.4415846721212238 1
0.4415846721212238 1
0.4415846721212238 1
0.4415846721212238 1
0.4415846721212238 1
0.4415846721212238 1
0.4415846721212238 1
0.4415846721212238 1
0.4415846721212238 1
0.4415846721212238 1
0.4415846721212238 1
0.4415846721212238 1
0.4415846721212238 1
0.4415846721212238 1
0.4415846721212238 1
0.4415846721212238 1
0.4415846721212238 1
0.4415846721212238 1
0.4415846721212238 1
0.4415846721212238 1
0.4415846721212238 1
0.4415846721212238 1
0.4415846721212238 1
0.4415846721212238 1
0.4415846721212238 1
0.4415846721212238 1
0.4415846721212238 1
0.4415846721212238 1
0.4415846721212238 1
0.4415846721212238 1
0.4415846721212238 1
0.4415846721212238 1
0.4415846721212238 1
0.4415846721212238 1
0.4415846721212238 1
0.440707311669918 0
0.44060273682541584 0
0.43891309818693486 0
0.43891309818693486 0
0.43891309818693486 0
0.43891309818693486 0
0.43891309818693486 0
0.43891309818693486 0
0.43891309818693486 0
0.43891309818693486 0
0.43891309818693486 0
0.43891309818693486 0
0.43891309818693486 1
0.43891309818693486 1
0.4386709174227206 0
0.4384271198665998 0
0.4384271198665998 0
0.4384271198665998 0
0.4384271198665998 0
0.4384271198665998 1
0.4384271198665998 1
0.4384271198665998 1
0.4384271198665998 1
0.4384271198665998 1
0.438142698790182 0
0.438142698790182 0
0.438142698790182 0
0.438142698790182 1
0.438142698790182 1
0.438142698790182 1
0.438142698790182 1
0.438142698790182 1
0.43748157817874783 1
0.437173865162313 0
0.437173865162313 0
0.437173865162313 0
0.437173865162313 0
0.437173865162313 0
0.437173865162313 0
0.437173865162313 0
0.437173865162313 0
0.437173865162313 0
0.437173865162313 0
0.437173865162313 0
0.437173865162313 0
0.437173865162313 0
0.437173865162313 0
0.437173865162313 0
0.437173865162313 0
0.437173865162313 0
0.437173865162313 0
0.437173865162313 0
0.437173865162313 0
0.437173865162313 0
0.437173865162313 0
0.437173865162313 0
0.437173865162313 0
0.437173865162313 0
0.437173865162313 0
0.437173865162313 0
0.437173865162313 0
0.437173865162313 0
0.437173865162313 0
0.437173865162313 0
0.437173865162313 0
0.437173865162313 0
0.437173865162313 0
0.437173865162313 0
0.437173865162313 0
0.437173865162313 0
0.437173865162313 0
0.437173865162313 0
0.437173865162313 0
0.437173865162313 0
0.437173865162313 0
0.437173865162313 0
0.437173865162313 0
0.437173865162313 0
0.437173865162313 0
0.437173865162313 0
0.437173865162313 0
0.437173865162313 0
0.437173865162313 0
0.437173865162313 0
0.437173865162313 0
0.437173865162313 0
0.437173865162313 0
0.437173865162313 1
0.437173865162313 1
0.437173865162313 1
0.437173865162313 1
0.437173865162313 1
0.437173865162313 1
0.437173865162313 1
0.437173865162313 1
0.437173865162313 1
0.437173865162313 1
0.437173865162313 1
0.437173865162313 1
0.437173865162313 1
0.437173865162313 1
0.437173865162313 1
0.437173865162313 1
0.437173865162313 1
0.437173865162313 1
0.437173865162313 1
0.437173865162313 1
0.437173865162313 1
0.437173865162313 1
0.437173865162313 1
0.437173865162313 1
0.437173865162313 1
0.437173865162313 1
0.437173865162313 1
0.437173865162313 1
0.437173865162313 1
0.437173865162313 1
0.4363451827550619 0
0.4363451827550619 0
0.4363451827550619 0
0.4363451827550619 0
0.4363451827550619 0
0.4363451827550619 0
0.4363451827550619 0
0.4363451827550619 0
0.4363451827550619 0
0.4363451827550619 0
0.4363451827550619 0
0.4363451827550619 0
0.4363451827550619 0
0.4363451827550619 0
0.4363451827550619 0
0.4363451827550619 1
0.4363451827550619 1
0.4363451827550619 1
0.43586011401796954 0
0.43586011401796954 0
0.43586011401796954 0
0.4355272307674404 1
0.4355272307674404 1
0.4355272307674404 1
0.4355272307674404 1
0.4355272307674404 1
0.4355272307674404 1
0.4352897050807505 0
0.4352897050807505 1
0.4347255637352399 0
0.4347255637352399 0
0.4347255637352399 0
0.4347255637352399 0
0.4347255637352399 1
0.4347255637352399 1
0.4347255637352399 1
0.4347255637352399 1
0.4347255637352399 1
0.434664852504546 0
0.434664852504546 1
0.434664852504546 1
0.434664852504546 1
0.43397295551311155 0
0.43397295551311155 0
0.43397295551311155 0
0.43397295551311155 0
0.43397295551311155 0
0.43397295551311155 0
0.43397295551311155 0
0.43397295551311155 0
0.4339509375832954 0
0.4339213871858653 0
0.4339213871858653 1
0.43385400803831004 0
0.43385400803831004 0
0.43385400803831004 1
0.43380628164700547 0
0.43380628164700547 0
0.43380628164700547 0
0.43380628164700547 0
0.43380628164700547 0
0.43380628164700547 0
0.43380628164700547 0
0.43380628164700547 0
0.43380628164700547 0
0.43380628164700547 0
0.43380628164700547 0
0.43380628164700547 0
0.43380628164700547 0
0.43380628164700547 0
0.43380628164700547 0
0.43380628164700547 0
0.43380628164700547 0
0.43380628164700547 1
0.43380628164700547 1
0.43380628164700547 1
0.43380628164700547 1
0.43380628164700547 1
0.43380628164700547 1
0.43380628164700547 1
0.43380628164700547 1
0.43380628164700547 1
0.43380628164700547 1
0.43380628164700547 1
0.43380628164700547 1
0.43380628164700547 1
0.43380628164700547 1
0.43380628164700547 1
0.43380628164700547 1
0.43380628164700547 1
0.43380628164700547 1
0.43380628164700547 1
0.43380628164700547 1
0.43380628164700547 1
0.43380628164700547 1
0.43380628164700547 1
0.43380628164700547 1
0.43380628164700547 1
0.43380628164700547 1
0.43380628164700547 1
0.43380628164700547 1
0.433733361947801 0
0.433733361947801 0
0.433733361947801 0
0.43243131470011803 0
0.43243131470011803 0
0.43243131470011803 0
0.43243131470011803 0
0.43243131470011803 0
0.43243131470011803 0
0.43243131470011803 0
0.43243131470011803 0
0.43243131470011803 0
0.43243131470011803 0
0.43243131470011803 1
0.43228519716234337 0
0.43228519716234337 0
0.43228519716234337 0
0.43228519716234337 0
0.43228519716234337 0
0.43228519716234337 0
0.43228519716234337 0
0.43228519716234337 1
0.4321331118471986 0
0.4321331118471986 0
0.43184851674484914 0
0.43184851674484914 0
0.43184851674484914 1
0.43184851674484914 1
0.43125406058110616 0
0.43125406058110616 0
0.43125406058110616 0
0.43125406058110616 0
0.43125406058110616 0
0.43125406058110616 0
0.43125406058110616 0
0.43125406058110616 0
0.43125406058110616 0
0.43125406058110616 1
0.4311451081357513 0
0.4311451081357513 0
0.4311451081357513 0
0.4311451081357513 0
0.4311451081357513 0
0.4311451081357513 0
0.4311451081357513 0
0.4311451081357513 0
0.4311451081357513 0
0.4311451081357513 0
0.4311451081357513 1
0.4311451081357513 1
0.4311451081357513 1
0.4304751901936529 0
0.4304751901936529 0
0.4304751901936529 0
0.4304751901936529 0
0.4297473951888693 0
0.4297473951888693 0
0.4297473951888693 0
0.4297473951888693 0
0.4297473951888693 0
0.4297473951888693 0
0.4297473951888693 0
0.4297473951888693 1
0.42941203191509036 0
0.4292013623315542 0
0.4292013623315542 0
0.4292013623315542 1
0.4292013623315542 1
0.4292013623315542 1
0.4292013623315542 1
0.4292013623315542 1
0.4292013623315542 1
0.428785009505274 0
0.428785009505274 0
0.428785009505274 0
0.428785009505274 0
0.428785009505274 1
0.428785009505274 1
0.42759820907405605 0
0.42759820907405605 0
0.42759820907405605 0
0.42759820907405605 0
0.42675863291432486 0
0.42675863291432486 0
0.42675863291432486 0
0.42675863291432486 0
0.42675863291432486 0
0.42675863291432486 0
0.42675863291432486 0
0.42675863291432486 0
0.42675863291432486 0
0.42675863291432486 0
0.42675863291432486 0
0.42675863291432486 0
0.42675863291432486 0
0.42675863291432486 0
0.42675863291432486 0
0.42675863291432486 0
0.42675863291432486 0
0.42675863291432486 0
0.42675863291432486 0
0.42675863291432486 0
0.42675863291432486 0
0.42675863291432486 0
0.42675863291432486 0
0.42675863291432486 0
0.42675863291432486 0
0.42675863291432486 0
0.42675863291432486 0
0.42675863291432486 0
0.42675863291432486 0
0.42675863291432486 0
0.42675863291432486 0
0.42675863291432486 0
0.42675863291432486 0
0.42675863291432486 0
0.42675863291432486 0
0.42675863291432486 0
0.42675863291432486 0
0.42675863291432486 0
0.42675863291432486 0
0.42675863291432486 0
0.42675863291432486 0
0.42675863291432486 0
0.42675863291432486 0
0.42675863291432486 0
0.42675863291432486 0
0.42675863291432486 0
0.42675863291432486 0
0.42675863291432486 0
0.42675863291432486 0
0.42675863291432486 0
0.42675863291432486 0
0.42675863291432486 0
0.42675863291432486 0
0.42675863291432486 0
0.42675863291432486 0
0.42675863291432486 0
0.42675863291432486 0
0.42675863291432486 1
0.42675863291432486 1
0.42675863291432486 1
0.42675863291432486 1
0.42675863291432486 1
0.42675863291432486 1
0.42675863291432486 1
0.42675863291432486 1
0.42675863291432486 1
0.42675863291432486 1
0.42675863291432486 1
0.42675863291432486 1
0.42675863291432486 1
0.42675863291432486 1
0.42675863291432486 1
0.42675863291432486 1
0.42675863291432486 1
0.42675863291432486 1
0.42675863291432486 1
0.42675863291432486 1
0.42675863291432486 1
0.42675863291432486 1
0.42675863291432486 1
0.42675863291432486 1
0.42675863291432486 1
0.42675863291432486 1
0.42675863291432486 1
0.42675863291432486 1
0.42675863291432486 1
0.42675863291432486 1
0.42675863291432486 1
0.42675863291432486 1
0.42675863291432486 1
0.42675863291432486 1
0.42675863291432486 1
0.42675863291432486 1
0.42675863291432486 1
0.42675863291432486 1
0.42675863291432486 1
0.42675863291432486 1
0.42675863291432486 1
0.42675863291432486 1
0.42675863291432486 1
0.42675863291432486 1
0.42675863291432486 1
0.42675863291432486 1
0.42675863291432486 1
0.42675863291432486 1
0.42675863291432486 1
0.42675863291432486 1
0.426356767808553 1
0.426356767808553 1
0.426356767808553 1
0.426356767808553 1
0.426356767808553 1
0.426356767808553 1
0.426356767808553 1
0.426356767808553 1
0.42619957264371344 0
0.42619957264371344 0
0.42619957264371344 0
0.42619957264371344 0
0.42619957264371344 0
0.42619957264371344 0
0.42619957264371344 0
0.42619957264371344 0
0.42619957264371344 1
0.42619957264371344 1
0.42619957264371344 1
0.42619957264371344 1
0.42619957264371344 1
0.42619957264371344 1
0.4260960702450478 0
0.4260960702450478 0
0.4260960702450478 0
0.4260960702450478 0
0.4260960702450478 0
0.4260960702450478 0
0.4260960702450478 0
0.4260960702450478 0
0.4260960702450478 0
0.4260960702450478 0
0.4260960702450478 0
0.4260960702450478 0
0.4260960702450478 0
0.4260960702450478 0
0.4260960702450478 0
0.4260960702450478 0
0.4260960702450478 0
0.4260960702450478 0
0.4260960702450478 0
0.4260960702450478 0
0.4260960702450478 0
0.4260960702450478 0
0.4260960702450478 0
0.4260960702450478 0
0.4260960702450478 0
0.4260960702450478 0
0.4260960702450478 0
0.4260960702450478 0
0.4260960702450478 0
0.4260960702450478 0
0.4260960702450478 0
0.4260960702450478 0
0.4260960702450478 0
0.4260960702450478 0
0.4260960702450478 0
0.4260960702450478 0
0.4260960702450478 0
0.4260960702450478 0
0.4260960702450478 0
0.4260960702450478 0
0.4260960702450478 0
0.4260960702450478 0
0.4260960702450478 0
0.4260960702450478 0
0.4260960702450478 0
0.4260960702450478 0
0.4260960702450478 0
0.4260960702450478 0
0.4260960702450478 0
0.4260960702450478 0
0.4260960702450478 0
0.4260960702450478 0
0.4260960702450478 0
0.4260960702450478 1
0.4260960702450478 1
0.4260960702450478 1
0.4260960702450478 1
0.4260960702450478 1
0.4260960702450478 1
0.4260960702450478 1
0.4260960702450478 1
0.4260960702450478 1
0.4260960702450478 1
0.4260960702450478 1
0.4260960702450478 1
0.4260960702450478 1
0.4260960702450478 1
0.4260960702450478 1
0.4260960702450478 1
0.4260960702450478 1
0.4260960702450478 1
0.4260960702450478 1
0.4260960702450478 1
0.4260960702450478 1
0.4260960702450478 1
0.4260960702450478 1
0.4260960702450478 1
0.4260960702450478 1
0.4260960702450478 1
0.4260960702450478 1
0.4260960702450478 1
0.4260960702450478 1
0.4260960702450478 1
0.4260960702450478 1
0.4260960702450478 1
0.4260960702450478 1
0.4260960702450478 1
0.4260960702450478 1
0.4260960702450478 1
0.4260960702450478 1
0.4260960702450478 1
0.4260960702450478 1
0.4260960702450478 1
0.4260960702450478 1
0.4260960702450478 1
0.4260960702450478 1
0.4260960702450478 1
0.4260960702450478 1
0.4260960702450478 1
0.42594196571477255 0
0.42594196571477255 0
0.42594196571477255 1
0.42539505589581167 1
0.42539505589581167 1
0.42539505589581167 1
0.4248104025961335 0
0.4248104025961335 0
0.4248104025961335 0
0.4248104025961335 0
0.4248104025961335 0
0.4248104025961335 0
0.4248104025961335 0
0.4248104025961335 0
0.4248104025961335 0
0.4248104025961335 0
0.4248104025961335 0
0.4248104025961335 0
0.4248104025961335 0
0.4248104025961335 0
0.4248104025961335 0
0.4248104025961335 0
0.4248104025961335 0
0.4248104025961335 0
0.4248104025961335 0
0.4248104025961335 0
0.4248104025961335 0
0.4248104025961335 0
0.4248104025961335 0
0.4248104025961335 0
0.4248104025961335 0
0.4248104025961335 0
0.4248104025961335 0
0.4248104025961335 0
0.4248104025961335 0
0.4248104025961335 0
0.4248104025961335 0
0.4248104025961335 0
0.4248104025961335 0
0.4248104025961335 0
0.4248104025961335 0
0.4248104025961335 0
0.4248104025961335 0
0.4248104025961335 0
0.4248104025961335 0
0.4248104025961335 0
0.4248104025961335 0
0.4248104025961335 0
0.4248104025961335 0
0.4248104025961335 0
0.4248104025961335 0
0.4248104025961335 0
0.4248104025961335 0
0.4248104025961335 0
0.4248104025961335 0
0.4248104025961335 0
0.4248104025961335 0
0.4248104025961335 0
0.4248104025961335 0
0.4248104025961335 0
0.4248104025961335 0
0.4248104025961335 0
0.4248104025961335 1
0.4248104025961335 1
0.4248104025961335 1
0.4248104025961335 1
0.4248104025961335 1
0.4248104025961335 1
0.4248104025961335 1
0.4248104025961335 1
0.4248104025961335 1
0.4248104025961335 1
0.4248104025961335 1
0.4248104025961335 1
0.4248104025961335 1
0.4248104025961335 1
0.4248104025961335 1
0.4248104025961335 1
0.4248104025961335 1
0.4248104025961335 1
0.4248104025961335 1
0.4248104025961335 1
0.4248104025961335 1
0.4248104025961335 1
0.4248104025961335 1
0.4248104025961335 1
0.4248104025961335 1
0.4248104025961335 1
0.4248104025961335 1
0.4248104025961335 1
0.4248104025961335 1
0.4248104025961335 1
0.4248104025961335 1
0.4248104025961335 1
0.4241151154041299 0
0.4241151154041299 0
0.4241151154041299 0
0.4241151154041299 0
0.4241151154041299 0
0.4241151154041299 0
0.4241151154041299 0
0.4241151154041299 0
0.4241151154041299 1
0.42321149005294917 0
0.42321149005294917 0
0.42321149005294917 0
0.42321149005294917 0
0.42321149005294917 0
0.42321149005294917 0
0.42321149005294917 0
0.42321149005294917 0
0.42321149005294917 0
0.42321149005294917 0
0.42321149005294917 0
0.42321149005294917 0
0.42321149005294917 0
0.42321149005294917 0
0.42321149005294917 0
0.42321149005294917 0
0.42321149005294917 0
0.42321149005294917 0
0.42321149005294917 0
0.42306001214278915 0
0.42306001214278915 0
0.42306001214278915 0
0.42306001214278915 0
0.42306001214278915 0
0.42306001214278915 0
0.42306001214278915 0
0.42306001214278915 0
0.42306001214278915 0
0.42306001214278915 0
0.42306001214278915 0
0.42306001214278915 0
0.42306001214278915 0
0.42306001214278915 0
0.42306001214278915 0
0.42306001214278915 0
0.42306001214278915 0
0.42306001214278915 0
0.42306001214278915 0
0.42306001214278915 0
0.42306001214278915 0
0.42306001214278915 0
0.42306001214278915 0
0.42306001214278915 0
0.42306001214278915 0
0.42306001214278915 1
0.42306001214278915 1
0.42306001214278915 1
0.42306001214278915 1
0.42306001214278915 1
0.42306001214278915 1
0.42306001214278915 1
0.42306001214278915 1
0.42306001214278915 1
0.42306001214278915 1
0.42306001214278915 1
0.42306001214278915 1
0.42306001214278915 1
0.42306001214278915 1
0.42306001214278915 1
0.42306001214278915 1
0.42306001214278915 1
0.42306001214278915 1
0.42306001214278915 1
0.42306001214278915 1
0.42306001214278915 1
0.42306001214278915 1
0.42306001214278915 1
0.42306001214278915 1
0.42306001214278915 1
0.42306001214278915 1
0.42306001214278915 1
0.42306001214278915 1
0.42306001214278915 1
0.42306001214278915 1
0.42306001214278915 1
0.42306001214278915 1
0.42306001214278915 1
0.4224586652711179 0
0.4224586652711179 1
0.42065975031433295 0
0.42065975031433295 0
0.42065975031433295 0
0.42065975031433295 0
0.42065975031433295 1
0.42065975031433295 1
0.42065975031433295 1
0.42065975031433295 1
0.4197069542955701 0
0.4197069542955701 0
0.4197069542955701 1
0.4197069542955701 1
0.4197069542955701 1
0.4197069542955701 1
0.4197069542955701 1
0.4197069542955701 1
0.4195390292997044 0
0.4195390292997044 0
0.4195390292997044 0
0.41946740272736927 0
0.41946740272736927 0
0.41946740272736927 0
0.41946740272736927 0
0.41946740272736927 0
0.41946740272736927 0
0.41946740272736927 1
0.41946740272736927 1
0.41946740272736927 1
0.41946740272736927 1
0.41946740272736927 1
0.41946740272736927 1
0.41946740272736927 1
0.41946740272736927 1
0.41946740272736927 1
0.41946740272736927 1
0.41946740272736927 1
0.41946740272736927 1
0.41946740272736927 1
0.4193780389120303 0
0.41903255739672063 0
0.41903255739672063 0
0.4189741166016975 1
0.4188813591916005 0
0.4188813591916005 0
0.4188813591916005 0
0.4188813591916005 0
0.4188813591916005 0
0.4188813591916005 0
0.4188813591916005 0
0.4188813591916005 0
0.4188813591916005 0
0.4188813591916005 0
0.4188813591916005 0
0.4188813591916005 0
0.4188813591916005 0
0.4188813591916005 0
0.4188813591916005 0
0.4188813591916005 0
0.4188813591916005 0
0.4188813591916005 0
0.4188813591916005 0
0.4188813591916005 0
0.4188813591916005 0
0.4188813591916005 0
0.4188813591916005 0
0.4188813591916005 0
0.4188813591916005 0
0.4188813591916005 0
0.4188813591916005 0
0.4188813591916005 0
0.4188813591916005 0
0.4188813591916005 0
0.4188813591916005 0
0.4188813591916005 0
0.4188813591916005 0
0.4188813591916005 0
0.4188813591916005 0
0.4188813591916005 0
0.4188813591916005 0
0.4188813591916005 0
0.4188813591916005 0
0.4188813591916005 0
0.4188813591916005 0
0.4188813591916005 0
0.4188813591916005 0
0.4188813591916005 0
0.4188813591916005 0
0.4188813591916005 0
0.4188813591916005 0
0.4188813591916005 0
0.4188813591916005 0
0.4188813591916005 0
0.4188813591916005 0
0.4188813591916005 0
0.4188813591916005 0
0.4188813591916005 0
0.4188813591916005 0
0.4188813591916005 0
0.4188813591916005 0
0.4188813591916005 0
0.4188813591916005 0
0.4188813591916005 0
0.4188813591916005 0
0.4188813591916005 0
0.4188813591916005 0
0.4188813591916005 0
0.4188813591916005 0
0.4188813591916005 0
0.4188813591916005 0
0.4188813591916005 0
0.4188813591916005 0
0.4188813591916005 0
0.4188813591916005 0
0.4188813591916005 0
0.4188813591916005 0
0.4188813591916005 0
0.4188813591916005 0
0.4188813591916005 0
0.4188813591916005 0
0.4188813591916005 0
0.4188813591916005 0
0.4188813591916005 0
0.4188813591916005 0
0.4188813591916005 0
0.4188813591916005 0
0.4188813591916005 0
0.4188813591916005 0
0.4188813591916005 0
0.4188813591916005 0
0.4188813591916005 0
0.4188813591916005 0
0.4188813591916005 0
0.4188813591916005 0
0.4188813591916005 0
0.4188813591916005 0
0.4188813591916005 0
0.4188813591916005 0
0.4188813591916005 1
0.4188813591916005 1
0.4188813591916005 1
0.4188813591916005 1
0.4188813591916005 1
0.4188813591916005 1
0.4188813591916005 1
0.4188813591916005 1
0.4188813591916005 1
0.4188813591916005 1
0.4188813591916005 1
0.4188813591916005 1
0.4188813591916005 1
0.4188813591916005 1
0.4188813591916005 1
0.4188813591916005 1
0.4188813591916005 1
0.4188813591916005 1
0.4188813591916005 1
0.4188813591916005 1
0.4188813591916005 1
0.4188813591916005 1
0.4188813591916005 1
0.4188813591916005 1
0.4188813591916005 1
0.4188813591916005 1
0.4188813591916005 1
0.4188813591916005 1
0.4188813591916005 1
0.4188813591916005 1
0.4188813591916005 1
0.4188813591916005 1
0.4188813591916005 1
0.4188813591916005 1
0.4188813591916005 1
0.4188813591916005 1
0.4188813591916005 1
0.4188813591916005 1
0.4188813591916005 1
0.4188813591916005 1
0.4188813591916005 1
0.4188813591916005 1
0.4188813591916005 1
0.4188813591916005 1
0.4188813591916005 1
0.4188813591916005 1
0.4188813591916005 1
0.4188813591916005 1
0.4188813591916005 1
0.4188813591916005 1
0.4188813591916005 1
0.4188813591916005 1
0.4188813591916005 1
0.4188813591916005 1
0.4188813591916005 1
0.4188813591916005 1
0.4188813591916005 1
0.4188813591916005 1
0.4188813591916005 1
0.4188813591916005 1
0.4188813591916005 1
0.4188813591916005 1
0.4188813591916005 1
0.4188813591916005 1
0.4188813591916005 1
0.4188813591916005 1
0.4188813591916005 1
0.4188813591916005 1
0.4188813591916005 1
0.4188813591916005 1
0.4188813591916005 1
0.4188813591916005 1
0.4188813591916005 1
0.4188813591916005 1
0.4188813591916005 1
0.4188813591916005 1
0.4188813591916005 1
0.4188813591916005 1
0.4188813591916005 1
0.4188813591916005 1
0.4188813591916005 1
0.4188813591916005 1
0.4188813591916005 1
0.4188813591916005 1
0.4188813591916005 1
0.4188813591916005 1
0.4188813591916005 1
0.41851807260955853 0
0.41851807260955853 0
0.41851807260955853 0
0.41851807260955853 0
0.41851807260955853 0
0.41851807260955853 0
0.41851807260955853 0
0.41851807260955853 0
0.41851807260955853 0
0.41851807260955853 0
0.41851807260955853 0
0.41851807260955853 0
0.41851807260955853 0
0.41851807260955853 0
0.41851807260955853 0
0.41851807260955853 0
0.41851807260955853 0
0.41851807260955853 0
0.41851807260955853 0
0.41851807260955853 0
0.41851807260955853 0
0.41851807260955853 0
0.41851807260955853 0
0.41851807260955853 0
0.41851807260955853 0
0.41851807260955853 0
0.41851807260955853 0
0.41851807260955853 1
0.4174530531767622 0
0.4174530531767622 0
0.4174530531767622 0
0.4174530531767622 0
0.41626655049384076 0
0.41626655049384076 0
0.41626655049384076 0
0.41626655049384076 0
0.41626655049384076 0
0.41626655049384076 0
0.41626655049384076 0
0.41626655049384076 0
0.41626655049384076 0
0.41626655049384076 0
0.41626655049384076 0
0.41626655049384076 0
0.41626655049384076 0
0.41626655049384076 0
0.41626655049384076 0
0.41626655049384076 1
0.41626655049384076 1
0.41626655049384076 1
0.41626655049384076 1
0.41626655049384076 1
0.41626655049384076 1
0.41626655049384076 1
0.41626655049384076 1
0.41626655049384076 1
0.41626655049384076 1
0.41626655049384076 1
0.41626655049384076 1
0.41626655049384076 1
0.4158618112708674 0
0.4158618112708674 0
0.4158618112708674 0
0.4158618112708674 0
0.4158618112708674 0
0.4158618112708674 0
0.4158618112708674 1
0.41584871225643943 0
0.4154702797828523 0
0.4154702797828523 0
0.4154702797828523 0
0.4154702797828523 0
0.4154702797828523 0
0.4154702797828523 0
0.4154702797828523 0
0.4154702797828523 0
0.4154702797828523 0
0.4154702797828523 0
0.4154702797828523 0
0.4154702797828523 0
0.4154702797828523 0
0.4154702797828523 0
0.4154702797828523 0
0.4154702797828523 0
0.4154702797828523 0
0.4154702797828523 1
0.4154702797828523 1
0.4154702797828523 1
0.4154702797828523 1
0.4154702797828523 1
0.4154702797828523 1
0.4154702797828523 1
0.4154702797828523 1
0.4154702797828523 1
0.4154702797828523 1
0.4148744502675342 1
0.4148744502675342 1
0.4148744502675342 1
0.4148744502675342 1
0.4148744502675342 1
0.4148744502675342 1
0.4148744502675342 1
0.41453559149525365 0
0.41453559149525365 0
0.41453559149525365 0
0.41453559149525365 0
0.41453559149525365 0
0.41453559149525365 0
0.41453559149525365 0
0.41453559149525365 0
0.41453559149525365 0
0.41453559149525365 0
0.41453559149525365 0
0.41453559149525365 0
0.41453559149525365 0
0.41453559149525365 0
0.41453559149525365 0
0.41453559149525365 0
0.41453559149525365 0
0.41453559149525365 0
0.41453559149525365 0
0.41453559149525365 0
0.41453559149525365 0
0.41453559149525365 0
0.41453559149525365 0
0.41453559149525365 0
0.41453559149525365 0
0.41453559149525365 0
0.41453559149525365 0
0.41453559149525365 0
0.41453559149525365 0
0.41453559149525365 0
0.41453559149525365 0
0.41453559149525365 0
0.41453559149525365 0
0.41453559149525365 0
0.41453559149525365 0
0.41453559149525365 0
0.41453559149525365 1
0.41453559149525365 1
0.41453559149525365 1
0.41453559149525365 1
0.41453559149525365 1
0.41453559149525365 1
0.41453559149525365 1
0.41453559149525365 1
0.41453559149525365 1
0.41453559149525365 1
0.41453559149525365 1
0.41453559149525365 1
0.41453559149525365 1
0.41453559149525365 1
0.41453559149525365 1
0.41453559149525365 1
0.41453559149525365 1
0.41453559149525365 1
0.41453559149525365 1
0.41453559149525365 1
0.41453559149525365 1
0.41453559149525365 1
0.41453559149525365 1
0.41453559149525365 1
0.41453559149525365 1
0.41453559149525365 1
0.41453559149525365 1
0.41453559149525365 1
0.41453559149525365 1
0.41453559149525365 1
0.41453559149525365 1
0.41453559149525365 1
0.41453559149525365 1
0.41453559149525365 1
0.41453559149525365 1
0.41453559149525365 1
0.41453559149525365 1
0.41398475361750897 0
0.41398475361750897 0
0.41398475361750897 0
0.41398475361750897 0
0.41398475361750897 0
0.41398475361750897 0
0.41398475361750897 0
0.41398475361750897 0
0.41398475361750897 0
0.41398475361750897 0
0.41398475361750897 0
0.41398475361750897 0
0.41398475361750897 0
0.41398475361750897 0
0.41398475361750897 0
0.41398475361750897 0
0.41398475361750897 0
0.41398475361750897 1
0.41398475361750897 1
0.41398475361750897 1
0.41398475361750897 1
0.41398475361750897 1
0.41398475361750897 1
0.41398475361750897 1
0.41398475361750897 1
0.41398475361750897 1
0.41398475361750897 1
0.41398475361750897 1
0.41398475361750897 1
0.41398475361750897 1
0.41398475361750897 1
0.41391450338488295 0
0.41391450338488295 0
0.41391450338488295 0
0.41391450338488295 0
0.41391450338488295 0
0.41391450338488295 0
0.41391450338488295 1
0.41391450338488295 1
0.41391450338488295 1
0.41391450338488295 1
0.41391450338488295 1
0.41391450338488295 1
0.41391450338488295 1
0.41391450338488295 1
0.41391450338488295 1
0.41391450338488295 1
0.41391450338488295 1
0.4132805130546581 1
0.4131332381676242 0
0.4131332381676242 0
0.4131332381676242 0
0.4131332381676242 0
0.4131332381676242 0
0.4131332381676242 0
0.4131332381676242 0
0.4131332381676242 0
0.4131332381676242 0
0.4131332381676242 0
0.4131332381676242 0
0.4131332381676242 0
0.4131332381676242 0
0.4131332381676242 0
0.4131332381676242 0
0.4131332381676242 0
0.4131332381676242 0
0.4131332381676242 0
0.4131332381676242 0
0.4131332381676242 0
0.4131332381676242 0
0.4131332381676242 0
0.4131332381676242 0
0.4131332381676242 0
0.4131332381676242 0
0.4131332381676242 1
0.4131332381676242 1
0.4131332381676242 1
0.4131332381676242 1
0.4131332381676242 1
0.4131332381676242 1
0.4131332381676242 1
0.4131332381676242 1
0.4131332381676242 1
0.4131332381676242 1
0.4131332381676242 1
0.4131332381676242 1
0.4131332381676242 1
0.4131332381676242 1
0.4131332381676242 1
0.4131332381676242 1
0.4131332381676242 1
0.4131332381676242 1
0.4131332381676242 1
0.4131332381676242 1
0.4131332381676242 1
0.4131332381676242 1
0.4131332381676242 1
0.4131332381676242 1
0.4131332381676242 1
0.4131332381676242 1
0.4131332381676242 1
0.4131332381676242 1
0.4131332381676242 1
0.4131332381676242 1
0.4131332381676242 1
0.4131332381676242 1
0.4131332381676242 1
0.4131332381676242 1
0.4131332381676242 1
0.4131332381676242 1
0.4131332381676242 1
0.4131332381676242 1
0.4131332381676242 1
0.4131332381676242 1
0.4131332381676242 1
0.4131332381676242 1
0.4131332381676242 1
0.4131332381676242 1
0.4131332381676242 1
0.4131332381676242 1
0.4131332381676242 1
0.4129185953152078 1
0.41253060334391795 0
0.41253060334391795 0
0.41235667772855605 0
0.41235667772855605 0
0.41235667772855605 0
0.41235667772855605 0
0.41235667772855605 0
0.41235667772855605 0
0.41235667772855605 0
0.41235667772855605 0
0.41235667772855605 0
0.41235667772855605 0
0.41235667772855605 0
0.41235667772855605 0
0.41235667772855605 1
0.41235667772855605 1
0.41235667772855605 1
0.41235667772855605 1
0.4119641605754358 0
0.4119641605754358 0
0.4119641605754358 0
0.4119641605754358 0
0.4119641605754358 0
0.4119641605754358 0
0.4119641605754358 0
0.4119641605754358 0
0.4119641605754358 0
0.4119641605754358 0
0.4119641605754358 0
0.4119641605754358 0
0.4119641605754358 0
0.4119641605754358 0
0.4119641605754358 0
0.4119641605754358 0
0.4119641605754358 0
0.4119641605754358 0
0.4119641605754358 0
0.4119641605754358 0
0.4119641605754358 0
0.4119641605754358 0
0.4119641605754358 0
0.4119641605754358 0
0.4119641605754358 0
0.41024395240815037 0
0.4097457615666897 0
0.4097457615666897 0
0.4097457615666897 0
0.4097457615666897 0
0.4097457615666897 1
0.4097457615666897 1
0.4091816106358214 1
0.4091816106358214 1
0.4091816106358214 1
0.4091816106358214 1
0.4091816106358214 1
0.4091816106358214 1
0.4091816106358214 1
0.40795310602212803 1
0.40795310602212803 1
0.40759999918435513 0
0.40759999918435513 0
0.4074739413422162 0
0.4074739413422162 0
0.4074739413422162 0
0.4074739413422162 1
0.4074739413422162 1
0.4074739413422162 1
0.4074739413422162 1
0.4074739413422162 1
0.4074739413422162 1
0.4074739413422162 1
0.4074739413422162 1
0.406853754738458 0
0.406853754738458 0
0.406853754738458 0
0.406853754738458 0
0.406853754738458 0
0.406853754738458 0
0.406853754738458 1
0.406853754738458 1
0.406853754738458 1
0.406853754738458 1
0.406853754738458 1
0.406853754738458 1
0.406853754738458 1
0.406853754738458 1
0.406853754738458 1
0.406853754738458 1
0.406853754738458 1
0.4066671564781001 0
0.4066671564781001 0
0.4066671564781001 0
0.4065766169580975 0
0.4065766169580975 0
0.4065766169580975 0
0.4065766169580975 0
0.4065766169580975 0
0.4059255014289677 0
0.4059255014289677 0
0.40487113189367313 0
0.40487113189367313 0
0.40292505904848686 0
0.40292505904848686 0
0.40292505904848686 0
0.40292505904848686 0
0.40292505904848686 0
0.40292505904848686 0
0.40292505904848686 0
0.40292505904848686 0
0.40292505904848686 0
0.40292505904848686 0
0.40292505904848686 0
0.40292505904848686 0
0.40292505904848686 0
0.40292505904848686 0
0.40292505904848686 0
0.40292505904848686 0
0.40292505904848686 0
0.40292505904848686 0
0.40292505904848686 0
0.40292505904848686 0
0.40292505904848686 0
0.40292505904848686 0
0.40292505904848686 0
0.40292505904848686 0
0.40292505904848686 0
0.40292505904848686 0
0.40292505904848686 0
0.40292505904848686 0
0.40292505904848686 0
0.40292505904848686 0
0.40292505904848686 0
0.40292505904848686 0
0.40292505904848686 0
0.40292505904848686 0
0.40292505904848686 0
0.40292505904848686 0
0.40292505904848686 0
0.40292505904848686 0
0.40292505904848686 0
0.40292505904848686 0
0.40292505904848686 0
0.40292505904848686 0
0.40292505904848686 0
0.40292505904848686 0
0.40292505904848686 0
0.40292505904848686 0
0.40292505904848686 0
0.40292505904848686 0
0.40292505904848686 0
0.40292505904848686 0
0.40292505904848686 0
0.40292505904848686 0
0.40292505904848686 0
0.40292505904848686 0
0.40292505904848686 0
0.40292505904848686 0
0.40292505904848686 0
0.40292505904848686 0
0.40292505904848686 0
0.40292505904848686 0
0.40292505904848686 0
0.40292505904848686 0
0.40292505904848686 0
0.40292505904848686 0
0.40292505904848686 0
0.40292505904848686 0
0.40292505904848686 0
0.40292505904848686 0
0.40292505904848686 0
0.40292505904848686 0
0.40292505904848686 0
0.40292505904848686 0
0.40292505904848686 0
0.40292505904848686 0
0.40292505904848686 0
0.40292505904848686 0
0.40292505904848686 0
0.40292505904848686 0
0.40292505904848686 0
0.40292505904848686 0
0.40292505904848686 0
0.40292505904848686 0
0.40292505904848686 0
0.40292505904848686 0
0.40292505904848686 0
0.40292505904848686 0
0.40292505904848686 0
0.40292505904848686 0
0.40292505904848686 0
0.40292505904848686 0
0.40292505904848686 0
0.40292505904848686 0
0.40292505904848686 0
0.40292505904848686 0
0.40292505904848686 0
0.40292505904848686 0
0.40292505904848686 0
0.40292505904848686 0
0.40292505904848686 0
0.40292505904848686 0
0.40292505904848686 0
0.40292505904848686 0
0.40292505904848686 0
0.40292505904848686 0
0.40292505904848686 0
0.40292505904848686 0
0.40292505904848686 0
0.40292505904848686 0
0.40292505904848686 0
0.40292505904848686 0
0.40292505904848686 0
0.40292505904848686 0
0.40292505904848686 0
0.40292505904848686 0
0.40292505904848686 0
0.40292505904848686 0
0.40292505904848686 0
0.40292505904848686 0
0.40292505904848686 0
0.40292505904848686 0
0.40292505904848686 0
0.40292505904848686 0
0.40292505904848686 0
0.40292505904848686 0
0.40292505904848686 0
0.40292505904848686 0
0.40292505904848686 0
0.40292505904848686 0
0.40292505904848686 0
0.40292505904848686 0
0.40292505904848686 0
0.40292505904848686 0
0.40292505904848686 0
0.40292505904848686 0
0.40292505904848686 0
0.40292505904848686 0
0.40292505904848686 0
0.40292505904848686 0
0.40292505904848686 0
0.40292505904848686 0
0.40292505904848686 0
0.40292505904848686 0
0.40292505904848686 0
0.40292505904848686 0
0.40292505904848686 0
0.40292505904848686 0
0.40292505904848686 0
0.40292505904848686 0
0.40292505904848686 0
0.40292505904848686 0
0.40292505904848686 0
0.40292505904848686 0
0.40292505904848686 0
0.40292505904848686 0
0.40292505904848686 0
0.40292505904848686 0
0.40292505904848686 0
0.40292505904848686 0
0.40292505904848686 0
0.40292505904848686 0
0.40292505904848686 0
0.40292505904848686 0
0.40292505904848686 0
0.40292505904848686 0
0.40292505904848686 0
0.40292505904848686 0
0.40292505904848686 0
0.40292505904848686 0
0.40292505904848686 0
0.40292505904848686 0
0.40292505904848686 0
0.40292505904848686 0
0.40292505904848686 0
0.40292505904848686 0
0.40292505904848686 0
0.40292505904848686 1
0.40292505904848686 1
0.40292505904848686 1
0.40292505904848686 1
0.40292505904848686 1
0.40292505904848686 1
0.40292505904848686 1
0.40292505904848686 1
0.40292505904848686 1
0.40292505904848686 1
0.40292505904848686 1
0.40292505904848686 1
0.40292505904848686 1
0.40292505904848686 1
0.40292505904848686 1
0.40292505904848686 1
0.40292505904848686 1
0.40292505904848686 1
0.40292505904848686 1
0.40292505904848686 1
0.40292505904848686 1
0.40292505904848686 1
0.40292505904848686 1
0.40292505904848686 1
0.40292505904848686 1
0.40292505904848686 1
0.40292505904848686 1
0.40292505904848686 1
0.40292505904848686 1
0.40292505904848686 1
0.40292505904848686 1
0.40292505904848686 1
0.40292505904848686 1
0.40292505904848686 1
0.40292505904848686 1
0.40292505904848686 1
0.40292505904848686 1
0.40292505904848686 1
0.40292505904848686 1
0.40292505904848686 1
0.40292505904848686 1
0.40292505904848686 1
0.40292505904848686 1
0.40292505904848686 1
0.40292505904848686 1
0.40292505904848686 1
0.40292505904848686 1
0.40292505904848686 1
0.40292505904848686 1
0.40292505904848686 1
0.40292505904848686 1
0.40292505904848686 1
0.40292505904848686 1
0.40292505904848686 1
0.40292505904848686 1
0.40292505904848686 1
0.40292505904848686 1
0.40292505904848686 1
0.40292505904848686 1
0.40292505904848686 1
0.40292505904848686 1
0.40292505904848686 1
0.40292505904848686 1
0.40292505904848686 1
0.40292505904848686 1
0.40292505904848686 1
0.40292505904848686 1
0.40292505904848686 1
0.40292505904848686 1
0.40292505904848686 1
0.40292505904848686 1
0.40292505904848686 1
0.40292505904848686 1
0.40292505904848686 1
0.40292505904848686 1
0.40292505904848686 1
0.40292505904848686 1
0.40292505904848686 1
0.40292505904848686 1
0.40292505904848686 1
0.40292505904848686 1
0.40292505904848686 1
0.40292505904848686 1
0.40292505904848686 1
0.40292505904848686 1
0.40292505904848686 1
0.40292505904848686 1
0.40292505904848686 1
0.40292505904848686 1
0.40292505904848686 1
0.40292505904848686 1
0.40292505904848686 1
0.40292505904848686 1
0.40292505904848686 1
0.40292505904848686 1
0.40292505904848686 1
0.40292505904848686 1
0.40292505904848686 1
0.40292505904848686 1
0.40292505904848686 1
0.40292505904848686 1
0.40292505904848686 1
0.40292505904848686 1
0.40292505904848686 1
0.40292505904848686 1
0.40292505904848686 1
0.40292505904848686 1
0.40292505904848686 1
0.40292505904848686 1
0.40292505904848686 1
0.40292505904848686 1
0.40292505904848686 1
0.40208582516220054 1
0.40197976435435717 0
0.400705586919466 0
0.400705586919466 0
0.400705586919466 0
0.400705586919466 0
0.400705586919466 0
0.400705586919466 0
0.400705586919466 0
0.400705586919466 0
0.400705586919466 0
0.400705586919466 0
0.400705586919466 0
0.400705586919466 1
0.400705586919466 1
0.40056262373700136 0
0.39924332072870156 0
0.39924332072870156 0
0.39924332072870156 0
0.39924332072870156 0
0.39924332072870156 0
0.39924332072870156 0
0.39924332072870156 0
0.39924332072870156 0
0.3984534347135429 1
0.39808046845122536 0
0.39808046845122536 0
0.39808046845122536 0
0.39808046845122536 0
0.39808046845122536 0
0.39808046845122536 0
0.39808046845122536 1
0.39808046845122536 1
0.39808046845122536 1
0.39808046845122536 1
0.39808046845122536 1
0.39808046845122536 1
0.39808046845122536 1
0.39808046845122536 1
0.39808046845122536 1
0.39653701809555536 0
0.39653701809555536 1
0.39653701809555536 1
0.39653701809555536 1
0.3965128083941926 1
0.3965128083941926 1
0.3965128083941926 1
0.3959099108783474 0
0.3959099108783474 0
0.3959099108783474 0
0.3959099108783474 0
0.3959099108783474 0
0.3959099108783474 0
0.3959099108783474 0
0.3959099108783474 0
0.3959099108783474 0
0.3959099108783474 0
0.3959099108783474 0
0.3959099108783474 0
0.3959099108783474 0
0.3959099108783474 0
0.3959099108783474 0
0.3959099108783474 0
0.3959099108783474 0
0.3959099108783474 0
0.3959099108783474 0
0.3959099108783474 0
0.3959099108783474 0
0.3959099108783474 0
0.3959099108783474 0
0.3959099108783474 0
0.3959099108783474 0
0.3959099108783474 0
0.3959099108783474 0
0.3959099108783474 0
0.3959099108783474 0
0.3959099108783474 0
0.3959099108783474 0
0.3959099108783474 0
0.3959099108783474 0
0.3959099108783474 0
0.3959099108783474 0
0.3959099108783474 0
0.3959099108783474 0
0.3959099108783474 0
0.3959099108783474 0
0.3959099108783474 0
0.3959099108783474 0
0.3959099108783474 0
0.3959099108783474 0
0.3959099108783474 0
0.3959099108783474 0
0.3959099108783474 0
0.3959099108783474 0
0.3959099108783474 0
0.3959099108783474 0
0.3959099108783474 1
0.3959099108783474 1
0.3959099108783474 1
0.3959099108783474 1
0.3959099108783474 1
0.3959099108783474 1
0.3959099108783474 1
0.3959099108783474 1
0.3959099108783474 1
0.3959099108783474 1
0.3959099108783474 1
0.3959099108783474 1
0.3959099108783474 1
0.3959099108783474 1
0.3959099108783474 1
0.3959099108783474 1
0.3959099108783474 1
0.3945120613198166 1
0.3945120613198166 1
0.3945120613198166 1
0.3943741150961342 0
0.3943741150961342 0
0.39294927993288226 1
0.39294927993288226 1
0.39294927993288226 1
0.39233053958689545 0
0.39233053958689545 0
0.39233053958689545 1
0.39233053958689545 1
0.39233053958689545 1
0.39233053958689545 1
0.39233053958689545 1
0.39233053958689545 1
0.39233053958689545 1
0.3912969366860205 0
0.3912969366860205 0
0.3912969366860205 0
0.3912272193003483 0
0.3912272193003483 0
0.3912272193003483 0
0.3912272193003483 1
0.3912272193003483 1
0.3912272193003483 1
0.3912272193003483 1
0.3912272193003483 1
0.3912272193003483 1
0.3912272193003483 1
0.3912272193003483 1
0.38996398098171303 0
0.38996398098171303 0
0.38996398098171303 0
0.38935525424484885 0
0.38935525424484885 0
0.38935525424484885 0
0.38935525424484885 0
0.38935525424484885 0
0.38935525424484885 0
0.38935525424484885 1
0.3888590560320567 0
0.3888590560320567 1
0.38697617329272116 0
0.38697617329272116 0
0.3868465544862609 0
0.3868465544862609 0
0.3868465544862609 1
0.3868465544862609 1
0.3868465544862609 1
0.38549947765292725 0
0.38549947765292725 0
0.38549947765292725 0
0.38549947765292725 0
0.38549947765292725 0
0.38549947765292725 0
0.38549947765292725 0
0.38549947765292725 0
0.38549947765292725 0
0.38549947765292725 0
0.38549947765292725 0
0.38549947765292725 0
0.38549947765292725 0
0.38549947765292725 0
0.38549947765292725 0
0.38549947765292725 0
0.38549947765292725 0
0.38549947765292725 0
0.38549947765292725 0
0.38549947765292725 0
0.38549947765292725 0
0.38549947765292725 0
0.38549947765292725 0
0.38549947765292725 0
0.38549947765292725 0
0.38549947765292725 0
0.38549947765292725 0
0.38549947765292725 0
0.38549947765292725 0
0.38549947765292725 0
0.38549947765292725 0
0.38549947765292725 0
0.38549947765292725 0
0.38549947765292725 0
0.38549947765292725 0
0.38549947765292725 0
0.38549947765292725 1
0.38549947765292725 1
0.38549947765292725 1
0.38549947765292725 1
0.38549947765292725 1
0.38549947765292725 1
0.38549947765292725 1
0.38549947765292725 1
0.38549947765292725 1
0.38549947765292725 1
0.38549947765292725 1
0.38549947765292725 1
0.38549947765292725 1
0.38549947765292725 1
0.38549947765292725 1
0.38549947765292725 1
0.38549947765292725 1
0.38549947765292725 1
0.38549947765292725 1
0.38549947765292725 1
0.38549947765292725 1
0.38549947765292725 1
0.38549947765292725 1
0.38549947765292725 1
0.38549947765292725 1
0.38549947765292725 1
0.38549947765292725 1
0.38549947765292725 1
0.38549947765292725 1
0.38549947765292725 1
0.38549947765292725 1
0.38549947765292725 1
0.38549947765292725 1
0.38549947765292725 1
0.38440944984994835 0
0.38440944984994835 0
0.38440944984994835 0
0.38440944984994835 0
0.38440944984994835 0
0.38440944984994835 0
0.38440944984994835 0
0.38440944984994835 0
0.38440944984994835 0
0.38440944984994835 0
0.38440944984994835 0
0.38440944984994835 0
0.38440944984994835 0
0.38440944984994835 0
0.38440944984994835 0
0.38440944984994835 0
0.38440944984994835 0
0.38440944984994835 0
0.38440944984994835 0
0.38440944984994835 0
0.38440944984994835 0
0.38440944984994835 0
0.38440944984994835 0
0.38440944984994835 0
0.38440944984994835 0
0.38440944984994835 0
0.38440944984994835 0
0.38440944984994835 0
0.38440944984994835 0
0.38440944984994835 0
0.38440944984994835 0
0.38440944984994835 0
0.38440944984994835 0
0.38440944984994835 0
0.38440944984994835 0
0.38440944984994835 0
0.38440944984994835 0
0.38440944984994835 0
0.38440944984994835 0
0.38440944984994835 0
0.38440944984994835 0
0.38440944984994835 0
0.38440944984994835 0
0.38440944984994835 0
0.38440944984994835 0
0.38440944984994835 0
0.38440944984994835 1
0.38440944984994835 1
0.38440944984994835 1
0.38440944984994835 1
0.38440944984994835 1
0.38440944984994835 1
0.38440944984994835 1
0.38440944984994835 1
0.38440944984994835 1
0.38440944984994835 1
0.38440944984994835 1
0.38440944984994835 1
0.38440944984994835 1
0.38440944984994835 1
0.38440944984994835 1
0.38440944984994835 1
0.38440944984994835 1
0.38440944984994835 1
0.38440944984994835 1
0.38440944984994835 1
0.38440944984994835 1
0.38440944984994835 1
0.3840710817913075 0
0.3840710817913075 0
0.3840710817913075 0
0.3840710817913075 1
0.3840710817913075 1
0.3840710817913075 1
0.3840710817913075 1
0.3840710817913075 1
0.38367170668097694 0
0.38367170668097694 0
0.38367170668097694 0
0.38367170668097694 0
0.38367170668097694 0
0.38367170668097694 0
0.38367170668097694 0
0.38367170668097694 0
0.38367170668097694 0
0.38367170668097694 0
0.38367170668097694 0
0.38367170668097694 0
0.38367170668097694 0
0.38367170668097694 0
0.38367170668097694 0
0.38367170668097694 1
0.38367170668097694 1
0.38367170668097694 1
0.38367170668097694 1
0.38367170668097694 1
0.38367170668097694 1
0.38367170668097694 1
0.38367170668097694 1
0.382699839630064 0
0.382699839630064 0
0.382699839630064 1
0.382699839630064 1
0.382699839630064 1
0.3817502266416574 0
0.3817502266416574 0
0.3817502266416574 0
0.3817502266416574 0
0.3817502266416574 0
0.3817502266416574 0
0.3817502266416574 0
0.3817502266416574 0
0.3817502266416574 0
0.3817502266416574 0
0.3817502266416574 0
0.3817502266416574 0
0.3817502266416574 0
0.3817502266416574 0
0.3817502266416574 0
0.3817502266416574 0
0.3817502266416574 0
0.3817502266416574 0
0.3817502266416574 0
0.3817502266416574 0
0.3817502266416574 0
0.3817502266416574 0
0.3817502266416574 0
0.3817502266416574 0
0.3817502266416574 0
0.3817502266416574 0
0.3817502266416574 0
0.3817502266416574 0
0.3817502266416574 0
0.3817502266416574 0
0.3817502266416574 0
0.3817502266416574 0
0.3817502266416574 0
0.3817502266416574 0
0.3817502266416574 0
0.3817502266416574 0
0.3817502266416574 0
0.3817502266416574 0
0.3817502266416574 0
0.3817502266416574 0
0.3817502266416574 0
0.3817502266416574 0
0.3817502266416574 0
0.3817502266416574 0
0.3817502266416574 0
0.3817502266416574 0
0.3817502266416574 0
0.3817502266416574 0
0.3817502266416574 0
0.3817502266416574 0
0.3817502266416574 0
0.3817502266416574 0
0.3817502266416574 0
0.3817502266416574 0
0.3817502266416574 0
0.3817502266416574 0
0.3817502266416574 0
0.3817502266416574 0
0.3817502266416574 0
0.3817502266416574 0
0.3817502266416574 0
0.3817502266416574 0
0.3817502266416574 0
0.3817502266416574 0
0.3817502266416574 0
0.3817502266416574 0
0.3817502266416574 0
0.3817502266416574 0
0.3817502266416574 0
0.3817502266416574 0
0.3817502266416574 0
0.3817502266416574 0
0.3817502266416574 0
0.3817502266416574 0
0.3817502266416574 0
0.3817502266416574 0
0.3817502266416574 0
0.3817502266416574 0
0.3817502266416574 0
0.3817502266416574 0
0.3817502266416574 0
0.3817502266416574 0
0.3817502266416574 0
0.3817502266416574 0
0.3817502266416574 0
0.3817502266416574 0
0.3817502266416574 0
0.3817502266416574 0
0.3817502266416574 0
0.3817502266416574 0
0.3817502266416574 0
0.3817502266416574 0
0.3817502266416574 0
0.3817502266416574 1
0.3817502266416574 1
0.3817502266416574 1
0.3817502266416574 1
0.3817502266416574 1
0.3817502266416574 1
0.3817502266416574 1
0.3817502266416574 1
0.3817502266416574 1
0.3817502266416574 1
0.3817502266416574 1
0.3817502266416574 1
0.3817502266416574 1
0.3817502266416574 1
0.3817502266416574 1
0.3817502266416574 1
0.3817502266416574 1
0.3817502266416574 1
0.3817502266416574 1
0.3817502266416574 1
0.3817502266416574 1
0.3817502266416574 1
0.3817502266416574 1
0.3817502266416574 1
0.3817502266416574 1
0.3817502266416574 1
0.3817502266416574 1
0.3803923149594777 0
0.3803923149594777 0
0.3803923149594777 0
0.3803923149594777 0
0.3803923149594777 0
0.3803923149594777 0
0.3803923149594777 0
0.3803923149594777 0
0.3803923149594777 0
0.3803923149594777 0
0.3803923149594777 1
0.3803923149594777 1
0.3803923149594777 1
0.3803923149594777 1
0.3803923149594777 1
0.3803923149594777 1
0.3803923149594777 1
0.3803923149594777 1
0.3803923149594777 1
0.3803923149594777 1
0.3803923149594777 1
0.3803923149594777 1
0.38031535992307697 0
0.38031535992307697 0
0.38031535992307697 0
0.38031535992307697 0
0.38031535992307697 0
0.38031535992307697 1
0.38031535992307697 1
0.37995438464676323 1
0.37995438464676323 1
0.3790619623489842 1
0.3790619623489842 1
0.3772277342027068 0
0.3772277342027068 0
0.3772277342027068 0
0.3772277342027068 0
0.3772277342027068 0
0.3772277342027068 1
0.3772277342027068 1
0.3772277342027068 1
0.3772277342027068 1
0.3772277342027068 1
0.3772277342027068 1
0.3772277342027068 1
0.3772277342027068 1
0.3772277342027068 1
0.3772277342027068 1
0.3772277342027068 1
0.3772277342027068 1
0.3772277342027068 1
0.3770325789547667 0
0.3769425046251811 0
0.3769425046251811 1
0.3763650514607216 0
0.3763650514607216 0
0.3763650514607216 0
0.3763650514607216 0
0.3763650514607216 0
0.3763650514607216 0
0.3763650514607216 0
0.3763650514607216 0
0.3763650514607216 1
0.3763650514607216 1
0.3763650514607216 1
0.3761864776268411 0
0.3761864776268411 0
0.3761864776268411 0
0.3761864776268411 0
0.3761864776268411 0
0.3761864776268411 0
0.3761864776268411 0
0.3761864776268411 0
0.37558081859782666 0
0.37558081859782666 1
0.37558081859782666 1
0.37558081859782666 1
0.37558081859782666 1
0.37558081859782666 1
0.37558081859782666 1
0.3754501818621772 0
0.3754501818621772 0
0.3754501818621772 0
0.3754501818621772 0
0.3754501818621772 0
0.3754501818621772 0
0.3754501818621772 0
0.3754501818621772 0
0.3754501818621772 0
0.3754501818621772 0
0.3754501818621772 0
0.3754501818621772 0
0.3754501818621772 0
0.3754501818621772 0
0.3754501818621772 1
0.3746355328274962 1
0.3746355328274962 1
0.3746355328274962 1
0.3746355328274962 1
0.3746355328274962 1
0.3744791246343639 0
0.3744791246343639 0
0.3744791246343639 0
0.3744791246343639 0
0.3744791246343639 0
0.3744791246343639 1
0.3744791246343639 1
0.3744791246343639 1
0.3744791246343639 1
0.3744791246343639 1
0.3741586513666646 0
0.3741586513666646 0
0.3741586513666646 0
0.3741586513666646 0
0.3741586513666646 0
0.3732876484315099 0
0.3732876484315099 0
0.3732876484315099 0
0.3732876484315099 0
0.3732876484315099 1
0.3732876484315099 1
0.3732876484315099 1
0.3732876484315099 1
0.3732876484315099 1
0.3732876484315099 1
0.37285297547779694 0
0.3728109525601266 0
0.3728109525601266 0
0.3728109525601266 0
0.3728109525601266 0
0.3728109525601266 0
0.3728109525601266 0
0.3728109525601266 0
0.3728109525601266 0
0.3728109525601266 0
0.3728109525601266 0
0.3728109525601266 0
0.3728109525601266 0
0.3728109525601266 0
0.3728109525601266 0
0.3728109525601266 0
0.3728109525601266 0
0.3728109525601266 1
0.3728109525601266 1
0.3728109525601266 1
0.3728109525601266 1
0.3728109525601266 1
0.3728109525601266 1
0.3728109525601266 1
0.3728109525601266 1
0.3728109525601266 1
0.3728109525601266 1
0.3728109525601266 1
0.3728109525601266 1
0.3728109525601266 1
0.37235666814665974 1
0.37204454264994696 0
0.37204454264994696 0
0.37204454264994696 0
0.37204454264994696 0
0.37204454264994696 0
0.37204454264994696 0
0.37204454264994696 0
0.37204454264994696 0
0.37204454264994696 0
0.37204454264994696 0
0.37204454264994696 0
0.37204454264994696 0
0.37204454264994696 0
0.37204454264994696 0
0.37204454264994696 0
0.37204454264994696 0
0.37204454264994696 0
0.37204454264994696 0
0.37204454264994696 0
0.37204454264994696 0
0.37204454264994696 0
0.37204454264994696 0
0.37204454264994696 0
0.37204454264994696 0
0.37204454264994696 0
0.37204454264994696 0
0.37204454264994696 0
0.37204454264994696 0
0.37204454264994696 0
0.37204454264994696 0
0.37204454264994696 0
0.37204454264994696 0
0.37204454264994696 0
0.37204454264994696 0
0.37204454264994696 0
0.37204454264994696 0
0.37204454264994696 0
0.37204454264994696 0
0.37204454264994696 0
0.37204454264994696 0
0.37204454264994696 0
0.37204454264994696 0
0.37204454264994696 0
0.37204454264994696 0
0.37204454264994696 0
0.37204454264994696 0
0.37204454264994696 0
0.37204454264994696 0
0.37204454264994696 0
0.37204454264994696 0
0.37204454264994696 0
0.37204454264994696 0
0.37204454264994696 0
0.37204454264994696 0
0.37204454264994696 1
0.37204454264994696 1
0.37204454264994696 1
0.37204454264994696 1
0.37204454264994696 1
0.37204454264994696 1
0.37204454264994696 1
0.37204454264994696 1
0.37204454264994696 1
0.37204454264994696 1
0.37204454264994696 1
0.37204454264994696 1
0.37204454264994696 1
0.37204454264994696 1
0.37204454264994696 1
0.37204454264994696 1
0.37163839318816566 0
0.37163839318816566 0
0.37131815432513204 1
0.37131815432513204 1
0.37131815432513204 1
0.370190142755805 0
0.370190142755805 0
0.370190142755805 0
0.370190142755805 0
0.370190142755805 0
0.370190142755805 0
0.370190142755805 0
0.370190142755805 0
0.370190142755805 0
0.370190142755805 0
0.370190142755805 0
0.370190142755805 0
0.370190142755805 0
0.370190142755805 0
0.370190142755805 0
0.370190142755805 0
0.370190142755805 0
0.370190142755805 0
0.370190142755805 0
0.370190142755805 0
0.370190142755805 0
0.370190142755805 0
0.370190142755805 0
0.370190142755805 0
0.370190142755805 0
0.370190142755805 0
0.370190142755805 0
0.370190142755805 0
0.370190142755805 0
0.370190142755805 0
0.370190142755805 0
0.370190142755805 0
0.370190142755805 0
0.370190142755805 0
0.370190142755805 0
0.370190142755805 0
0.370190142755805 1
0.370190142755805 1
0.370190142755805 1
0.370190142755805 1
0.370190142755805 1
0.370190142755805 1
0.370190142755805 1
0.370190142755805 1
0.370190142755805 1
0.370190142755805 1
0.370190142755805 1
0.370190142755805 1
0.370190142755805 1
0.370190142755805 1
0.370190142755805 1
0.370190142755805 1
0.370190142755805 1
0.370190142755805 1
0.370190142755805 1
0.370190142755805 1
0.370190142755805 1
0.370190142755805 1
0.370190142755805 1
0.370190142755805 1
0.370190142755805 1
0.370190142755805 1
0.370190142755805 1
0.370190142755805 1
0.370190142755805 1
0.370190142755805 1
0.370190142755805 1
0.370190142755805 1
0.370190142755805 1
0.370190142755805 1
0.3694035514511959 0
0.3694035514511959 0
0.3694035514511959 0
0.3694035514511959 0
0.3694035514511959 0
0.3694035514511959 0
0.3694035514511959 0
0.3694035514511959 0
0.3694035514511959 0
0.3694035514511959 0
0.3694035514511959 0
0.3694035514511959 0
0.3694035514511959 0
0.3694035514511959 0
0.3694035514511959 0
0.3694035514511959 0
0.3694035514511959 0
0.3694035514511959 0
0.3694035514511959 0
0.3694035514511959 0
0.3694035514511959 0
0.3691135685157265 0
0.3691135685157265 0
0.3691135685157265 1
0.3691135685157265 1
0.3680391543101013 0
0.3680391543101013 0
0.3680391543101013 0
0.3680391543101013 0
0.3680391543101013 0
0.3680391543101013 0
0.3680391543101013 0
0.3680391543101013 0
0.3680391543101013 0
0.3680391543101013 0
0.3680391543101013 0
0.3680391543101013 0
0.3680391543101013 0
0.3680391543101013 0
0.3680391543101013 0
0.3680391543101013 0
0.3680391543101013 0
0.3680391543101013 0
0.3680391543101013 0
0.3680391543101013 0
0.3680391543101013 0
0.3680391543101013 0
0.3680391543101013 0
0.3680391543101013 0
0.3680391543101013 0
0.3680391543101013 0
0.3680391543101013 0
0.3680391543101013 0
0.3680391543101013 0
0.3680391543101013 0
0.3680391543101013 0
0.3680391543101013 0
0.3680391543101013 0
0.3680391543101013 0
0.3680391543101013 0
0.3680391543101013 0
0.3680391543101013 0
0.3680391543101013 0
0.3680391543101013 0
0.3680391543101013 0
0.3680391543101013 0
0.3680391543101013 0
0.3680391543101013 0
0.3680391543101013 0
0.3680391543101013 0
0.3680391543101013 0
0.3680391543101013 0
0.3680391543101013 0
0.3680391543101013 0
0.3680391543101013 0
0.3680391543101013 0
0.3680391543101013 0
0.3680391543101013 0
0.3680391543101013 0
0.3680391543101013 0
0.3680391543101013 0
0.3680391543101013 0
0.3680391543101013 0
0.3680391543101013 0
0.3680391543101013 0
0.3680391543101013 0
0.3680391543101013 0
0.3680391543101013 0
0.3680391543101013 0
0.3680391543101013 0
0.3680391543101013 0
0.3680391543101013 0
0.3680391543101013 0
0.3680391543101013 0
0.3680391543101013 0
0.3680391543101013 0
0.3680391543101013 0
0.3680391543101013 0
0.3680391543101013 0
0.3680391543101013 0
0.3680391543101013 0
0.3680391543101013 0
0.3680391543101013 0
0.3680391543101013 0
0.3680391543101013 0
0.3680391543101013 0
0.3680391543101013 0
0.3680391543101013 0
0.3680391543101013 0
0.3680391543101013 0
0.3680391543101013 0
0.3680391543101013 0
0.3680391543101013 0
0.3680391543101013 0
0.3680391543101013 0
0.3680391543101013 0
0.3680391543101013 0
0.3680391543101013 0
0.3680391543101013 0
0.3680391543101013 0
0.3680391543101013 0
0.3680391543101013 0
0.3680391543101013 0
0.3680391543101013 0
0.3680391543101013 0
0.3680391543101013 0
0.3680391543101013 0
0.3680391543101013 0
0.3680391543101013 0
0.3680391543101013 0
0.3680391543101013 0
0.3680391543101013 0
0.3680391543101013 0
0.3680391543101013 0
0.3680391543101013 0
0.3680391543101013 0
0.3680391543101013 0
0.3680391543101013 0
0.3680391543101013 0
0.3680391543101013 0
0.3680391543101013 0
0.3680391543101013 0
0.3680391543101013 0
0.3680391543101013 0
0.3680391543101013 0
0.3680391543101013 0
0.3680391543101013 0
0.3680391543101013 0
0.3680391543101013 0
0.3680391543101013 0
0.3680391543101013 0
0.3680391543101013 0
0.3680391543101013 0
0.3680391543101013 0
0.3680391543101013 0
0.3680391543101013 0
0.3680391543101013 0
0.3680391543101013 0
0.3680391543101013 0
0.3680391543101013 0
0.3680391543101013 0
0.3680391543101013 0
0.3680391543101013 0
0.3680391543101013 0
0.3680391543101013 0
0.3680391543101013 0
0.3680391543101013 0
0.3680391543101013 0
0.3680391543101013 0
0.3680391543101013 0
0.3680391543101013 0
0.3680391543101013 0
0.3680391543101013 0
0.3680391543101013 0
0.3680391543101013 0
0.3680391543101013 0
0.3680391543101013 0
0.3680391543101013 0
0.3680391543101013 0
0.3680391543101013 0
0.3680391543101013 0
0.3680391543101013 0
0.3680391543101013 0
0.3680391543101013 0
0.3680391543101013 0
0.3680391543101013 0
0.3680391543101013 0
0.3680391543101013 0
0.3680391543101013 0
0.3680391543101013 0
0.3680391543101013 0
0.3680391543101013 0
0.3680391543101013 0
0.3680391543101013 0
0.3680391543101013 0
0.3680391543101013 0
0.3680391543101013 0
0.3680391543101013 0
0.3680391543101013 0
0.3680391543101013 0
0.3680391543101013 0
0.3680391543101013 0
0.3680391543101013 0
0.3680391543101013 0
0.3680391543101013 0
0.3680391543101013 0
0.3680391543101013 0
0.3680391543101013 0
0.3680391543101013 0
0.3680391543101013 0
0.3680391543101013 0
0.3680391543101013 0
0.3680391543101013 0
0.3680391543101013 0
0.3680391543101013 0
0.3680391543101013 0
0.3680391543101013 0
0.3680391543101013 0
0.3680391543101013 0
0.3680391543101013 0
0.3680391543101013 0
0.3680391543101013 0
0.3680391543101013 0
0.3680391543101013 0
0.3680391543101013 0
0.3680391543101013 0
0.3680391543101013 0
0.3680391543101013 0
0.3680391543101013 0
0.3680391543101013 0
0.3680391543101013 0
0.3680391543101013 0
0.3680391543101013 0
0.3680391543101013 0
0.3680391543101013 0
0.3680391543101013 0
0.3680391543101013 0
0.3680391543101013 0
0.3680391543101013 0
0.3680391543101013 0
0.3680391543101013 0
0.3680391543101013 0
0.3680391543101013 0
0.3680391543101013 0
0.3680391543101013 0
0.3680391543101013 0
0.3680391543101013 0
0.3680391543101013 0
0.3680391543101013 0
0.3680391543101013 0
0.3680391543101013 0
0.3680391543101013 0
0.3680391543101013 0
0.3680391543101013 0
0.3680391543101013 0
0.3680391543101013 0
0.3680391543101013 0
0.3680391543101013 0
0.3680391543101013 0
0.3680391543101013 0
0.3680391543101013 0
0.3680391543101013 0
0.3680391543101013 0
0.3680391543101013 0
0.3680391543101013 0
0.3680391543101013 0
0.3680391543101013 0
0.3680391543101013 0
0.3680391543101013 0
0.3680391543101013 0
0.3680391543101013 0
0.3680391543101013 0
0.3680391543101013 0
0.3680391543101013 0
0.3680391543101013 0
0.3680391543101013 0
0.3680391543101013 0
0.3680391543101013 0
0.3680391543101013 0
0.3680391543101013 0
0.3680391543101013 0
0.3680391543101013 0
0.3680391543101013 0
0.3680391543101013 0
0.3680391543101013 0
0.3680391543101013 0
0.3680391543101013 0
0.3680391543101013 0
0.3680391543101013 0
0.3680391543101013 0
0.3680391543101013 0
0.3680391543101013 0
0.3680391543101013 0
0.3680391543101013 0
0.3680391543101013 0
0.3680391543101013 0
0.3680391543101013 0
0.3680391543101013 0
0.3680391543101013 0
0.3680391543101013 0
0.3680391543101013 1
0.3680391543101013 1
0.3680391543101013 1
0.3680391543101013 1
0.3680391543101013 1
0.3680391543101013 1
0.3680391543101013 1
0.3680391543101013 1
0.3680391543101013 1
0.3680391543101013 1
0.3680391543101013 1
0.3680391543101013 1
0.3680391543101013 1
0.3680391543101013 1
0.3680391543101013 1
0.3680391543101013 1
0.3680391543101013 1
0.3680391543101013 1
0.3680391543101013 1
0.3680391543101013 1
0.3680391543101013 1
0.3680391543101013 1
0.3680391543101013 1
0.3680391543101013 1
0.3680391543101013 1
0.3680391543101013 1
0.3680391543101013 1
0.3680391543101013 1
0.3680391543101013 1
0.3680391543101013 1
0.3680391543101013 1
0.3680391543101013 1
0.3680391543101013 1
0.3680391543101013 1
0.3680391543101013 1
0.3680391543101013 1
0.3680391543101013 1
0.3680391543101013 1
0.3680391543101013 1
0.3680391543101013 1
0.3680391543101013 1
0.3680391543101013 1
0.3680391543101013 1
0.3680391543101013 1
0.3680391543101013 1
0.3680391543101013 1
0.3680391543101013 1
0.3680391543101013 1
0.3680391543101013 1
0.3680391543101013 1
0.3680391543101013 1
0.3680391543101013 1
0.3680391543101013 1
0.3680391543101013 1
0.3680391543101013 1
0.3680391543101013 1
0.3680391543101013 1
0.3680391543101013 1
0.3680391543101013 1
0.3680391543101013 1
0.3680391543101013 1
0.3680391543101013 1
0.3680391543101013 1
0.3680391543101013 1
0.3680391543101013 1
0.3680391543101013 1
0.3680391543101013 1
0.3680391543101013 1
0.3680391543101013 1
0.3680391543101013 1
0.3680391543101013 1
0.3680391543101013 1
0.3680391543101013 1
0.3680391543101013 1
0.3680391543101013 1
0.3680391543101013 1
0.3680391543101013 1
0.3680391543101013 1
0.3680391543101013 1
0.3680391543101013 1
0.3680391543101013 1
0.3680391543101013 1
0.3680391543101013 1
0.3680391543101013 1
0.3680391543101013 1
0.3680391543101013 1
0.3680391543101013 1
0.3680391543101013 1
0.3680391543101013 1
0.3680391543101013 1
0.3680391543101013 1
0.3680391543101013 1
0.3680391543101013 1
0.3680391543101013 1
0.3680391543101013 1
0.3680391543101013 1
0.3680391543101013 1
0.3680391543101013 1
0.3680391543101013 1
0.3680391543101013 1
0.3680391543101013 1
0.3680391543101013 1
0.3680391543101013 1
0.3680391543101013 1
0.3680391543101013 1
0.3680391543101013 1
0.3680391543101013 1
0.3680391543101013 1
0.3680391543101013 1
0.3680391543101013 1
0.3680391543101013 1
0.3680391543101013 1
0.3680391543101013 1
0.3680391543101013 1
0.3680391543101013 1
0.3680391543101013 1
0.3680391543101013 1
0.3680391543101013 1
0.3680391543101013 1
0.3680391543101013 1
0.3680391543101013 1
0.3680391543101013 1
0.3680391543101013 1
0.3680391543101013 1
0.3680391543101013 1
0.3680391543101013 1
0.3680391543101013 1
0.3680391543101013 1
0.3680391543101013 1
0.3680391543101013 1
0.3680391543101013 1
0.3680391543101013 1
0.3680391543101013 1
0.3680391543101013 1
0.3680391543101013 1
0.3680391543101013 1
0.3680391543101013 1
0.3680391543101013 1
0.3680391543101013 1
0.3680391543101013 1
0.3680391543101013 1
0.3680391543101013 1
0.3680391543101013 1
0.3680391543101013 1
0.3680391543101013 1
0.3680391543101013 1
0.3680391543101013 1
0.3680391543101013 1
0.3680391543101013 1
0.3680391543101013 1
0.3680391543101013 1
0.3680391543101013 1
0.3680391543101013 1
0.3680391543101013 1
0.3680391543101013 1
0.3680391543101013 1
0.3680391543101013 1
0.3680391543101013 1
0.3680391543101013 1
0.3680391543101013 1
0.3680391543101013 1
0.3680391543101013 1
0.3680391543101013 1
0.3680391543101013 1
0.3680391543101013 1
0.3680391543101013 1
0.3680391543101013 1
0.3671458168889798 0
0.3671458168889798 0
0.3671458168889798 0
0.3671458168889798 0
0.3671458168889798 0
0.3671458168889798 0
0.3671458168889798 0
0.3671458168889798 0
0.3671458168889798 0
0.3671458168889798 0
0.3671458168889798 0
0.3671458168889798 0
0.3671458168889798 0
0.3671458168889798 0
0.3671458168889798 0
0.3671458168889798 0
0.3671458168889798 0
0.3671458168889798 0
0.3671458168889798 0
0.3671458168889798 0
0.3671458168889798 0
0.3671458168889798 0
0.3671458168889798 0
0.3671458168889798 0
0.3671458168889798 1
0.3671458168889798 1
0.3671458168889798 1
0.3671458168889798 1
0.3671458168889798 1
0.3671458168889798 1
0.3671458168889798 1
0.3671458168889798 1
0.3671458168889798 1
0.3671458168889798 1
0.3671458168889798 1
0.3671458168889798 1
0.3671458168889798 1
0.3671458168889798 1
0.3656771161552802 0
0.36545013663603687 0
0.36545013663603687 0
0.36545013663603687 0
0.36545013663603687 1
0.3650039425552233 0
0.3650039425552233 1
0.3650039425552233 1
0.3650039425552233 1
0.3650039425552233 1
0.3640552689207826 0
0.3640552689207826 1
0.3639569913706983 0
0.3635152678187468 0
0.3635152678187468 1
0.3635152678187468 1
0.3629687490155619 0
0.3629687490155619 0
0.3629687490155619 0
0.3629687490155619 0
0.3629687490155619 0
0.3629687490155619 0
0.3629687490155619 0
0.3629687490155619 0
0.3629687490155619 0
0.3629687490155619 0
0.3629687490155619 0
0.3629687490155619 0
0.3629687490155619 0
0.3629687490155619 0
0.3629687490155619 0
0.3629687490155619 0
0.3629687490155619 0
0.3629687490155619 0
0.3629687490155619 0
0.3629687490155619 0
0.3629687490155619 0
0.3629687490155619 0
0.3629687490155619 0
0.3629687490155619 0
0.3629687490155619 0
0.3629687490155619 0
0.3629687490155619 0
0.3629687490155619 0
0.3629687490155619 1
0.3629687490155619 1
0.3629687490155619 1
0.3629687490155619 1
0.3629687490155619 1
0.3629687490155619 1
0.3629687490155619 1
0.3629687490155619 1
0.3629687490155619 1
0.3629687490155619 1
0.3629687490155619 1
0.3629687490155619 1
0.3629687490155619 1
0.3629687490155619 1
0.3629687490155619 1
0.3629687490155619 1
0.3629687490155619 1
0.3629687490155619 1
0.3629687490155619 1
0.3629687490155619 1
0.3629687490155619 1
0.3629687490155619 1
0.3629687490155619 1
0.3629687490155619 1
0.3629687490155619 1
0.3629687490155619 1
0.3629687490155619 1
0.3629687490155619 1
0.3629687490155619 1
0.36260798438270186 0
0.36260798438270186 1
0.36260798438270186 1
0.36260798438270186 1
0.36260798438270186 1
0.36260798438270186 1
0.36213788991473866 0
0.3615346337643588 0
0.3615346337643588 0
0.3615346337643588 0
0.3615346337643588 0
0.3615346337643588 0
0.3615346337643588 0
0.3615346337643588 0
0.3615346337643588 0
0.3615346337643588 0
0.3615346337643588 0
0.3615346337643588 0
0.3615346337643588 0
0.3615346337643588 0
0.3615346337643588 0
0.3615346337643588 0
0.3615346337643588 1
0.3615346337643588 1
0.3615346337643588 1
0.3615346337643588 1
0.3615346337643588 1
0.3615346337643588 1
0.3615346337643588 1
0.3615346337643588 1
0.3615346337643588 1
0.3615346337643588 1
0.3615346337643588 1
0.3615346337643588 1
0.3615346337643588 1
0.3615346337643588 1
0.3615027461672306 0
0.36067131844281247 0
0.36067131844281247 0
0.36067131844281247 0
0.36067131844281247 0
0.36067131844281247 0
0.36067131844281247 0
0.36067131844281247 0
0.36067131844281247 0
0.36067131844281247 1
0.36067131844281247 1
0.36067131844281247 1
0.3606069378491167 0
0.3606069378491167 0
0.3606069378491167 0
0.3606038250810571 0
0.3606038250810571 0
0.3606038250810571 0
0.3606038250810571 0
0.3606038250810571 0
0.3606038250810571 0
0.3606038250810571 0
0.3606038250810571 0
0.3606038250810571 0
0.3606038250810571 0
0.3606038250810571 0
0.3606038250810571 0
0.3606038250810571 0
0.3606038250810571 0
0.3606038250810571 0
0.3606038250810571 0
0.3606038250810571 0
0.3604706766990987 1
0.3592915451622368 0
0.3592915451622368 0
0.3592915451622368 0
0.3592915451622368 0
0.3592915451622368 0
0.3592915451622368 0
0.3592915451622368 0
0.3592915451622368 0
0.3592915451622368 0
0.3592915451622368 0
0.3592915451622368 0
0.3592915451622368 0
0.3592915451622368 0
0.3592915451622368 0
0.3592915451622368 0
0.3592915451622368 0
0.3592915451622368 0
0.3592915451622368 1
0.3592915451622368 1
0.3592915451622368 1
0.3592915451622368 1
0.3592915451622368 1
0.3592915451622368 1
0.3592915451622368 1
0.3592915451622368 1
0.3592915451622368 1
0.3592915451622368 1
0.3592915451622368 1
0.3592915451622368 1
0.3592915451622368 1
0.3592915451622368 1
0.3592915451622368 1
0.35909570306976984 0
0.35909570306976984 1
0.35909570306976984 1
0.35909570306976984 1
0.35909570306976984 1
0.35909570306976984 1
0.357101934408976 0
0.357101934408976 1
0.357101934408976 1
0.357101934408976 1
0.35660255730196616 0
0.35660255730196616 0
0.35660255730196616 0
0.35660255730196616 0
0.35660255730196616 0
0.35660255730196616 0
0.35660255730196616 0
0.35660255730196616 0
0.35660255730196616 0
0.35660255730196616 0
0.35660255730196616 0
0.35660255730196616 0
0.35660255730196616 0
0.35660255730196616 0
0.35660255730196616 0
0.35660255730196616 0
0.35660255730196616 0
0.35660255730196616 0
0.35660255730196616 0
0.35660255730196616 0
0.35660255730196616 0
0.35660255730196616 0
0.35660255730196616 0
0.35660255730196616 0
0.35660255730196616 0
0.35660255730196616 0
0.35660255730196616 0
0.35660255730196616 0
0.35660255730196616 0
0.35660255730196616 0
0.35660255730196616 0
0.35660255730196616 0
0.35660255730196616 0
0.35660255730196616 0
0.35660255730196616 1
0.35660255730196616 1
0.35660255730196616 1
0.35660255730196616 1
0.35660255730196616 1
0.35660255730196616 1
0.35660255730196616 1
0.35660255730196616 1
0.35660255730196616 1
0.35660255730196616 1
0.35660255730196616 1
0.35660255730196616 1
0.35660255730196616 1
0.35636533133593706 0
0.35636533133593706 1
0.35610534463547 0
0.3555876853649417 0
0.3555876853649417 0
0.3555876853649417 0
0.3555876853649417 0
0.3555876853649417 0
0.3555876853649417 0
0.3555876853649417 0
0.3555876853649417 0
0.3555876853649417 0
0.3555876853649417 0
0.3555876853649417 0
0.3555876853649417 1
0.3555876853649417 1
0.3555876853649417 1
0.3555876853649417 1
0.3555876853649417 1
0.3553363957102632 1
0.35425545870432784 0
0.35400938630325635 0
0.35400938630325635 0
0.35400938630325635 0
0.35400938630325635 0
0.35400938630325635 0
0.35400938630325635 0
0.35400938630325635 0
0.35400938630325635 0
0.35400938630325635 0
0.35400938630325635 0
0.35400938630325635 0
0.35400938630325635 0
0.35400938630325635 0
0.35400938630325635 0
0.35400938630325635 0
0.35400938630325635 0
0.35400938630325635 0
0.35400938630325635 0
0.35400938630325635 0
0.35400938630325635 0
0.35400938630325635 0
0.35400938630325635 0
0.35400938630325635 0
0.35400938630325635 0
0.35400938630325635 0
0.35400938630325635 0
0.35400938630325635 0
0.35400938630325635 0
0.35400938630325635 0
0.35400938630325635 0
0.35400938630325635 0
0.35400938630325635 0
0.35400938630325635 0
0.35400938630325635 0
0.35400938630325635 0
0.35400938630325635 0
0.35400938630325635 0
0.35400938630325635 0
0.35400938630325635 0
0.35400938630325635 0
0.35400938630325635 0
0.35400938630325635 0
0.35400938630325635 0
0.35400938630325635 0
0.35400938630325635 0
0.35400938630325635 0
0.35400938630325635 0
0.35400938630325635 1
0.35400938630325635 1
0.35400938630325635 1
0.35400938630325635 1
0.35400938630325635 1
0.35400938630325635 1
0.35400938630325635 1
0.35400938630325635 1
0.35400938630325635 1
0.35400938630325635 1
0.35400938630325635 1
0.35400938630325635 1
0.35400938630325635 1
0.35400938630325635 1
0.3537247092135993 0
0.3537247092135993 0
0.3537247092135993 0
0.3537247092135993 0
0.3537247092135993 0
0.3537247092135993 0
0.35329650204671453 0
0.35329650204671453 0
0.35329650204671453 0
0.35329650204671453 0
0.35329650204671453 0
0.35329650204671453 0
0.35329650204671453 0
0.35329650204671453 0
0.35329650204671453 0
0.35329650204671453 0
0.35329650204671453 0
0.35329650204671453 0
0.35329650204671453 0
0.35329650204671453 0
0.35329650204671453 0
0.35329650204671453 0
0.35329650204671453 0
0.35329650204671453 0
0.35329650204671453 0
0.35329650204671453 0
0.35329650204671453 0
0.35329650204671453 0
0.35329650204671453 0
0.35329650204671453 0
0.35329650204671453 0
0.35329650204671453 0
0.35329650204671453 0
0.35329650204671453 0
0.35329650204671453 0
0.35329650204671453 0
0.35329650204671453 0
0.35329650204671453 0
0.35329650204671453 0
0.35329650204671453 0
0.35329650204671453 0
0.35329650204671453 0
0.35329650204671453 0
0.35329650204671453 1
0.35329650204671453 1
0.35329650204671453 1
0.35329650204671453 1
0.35329650204671453 1
0.35329650204671453 1
0.35191564864123037 0
0.35191564864123037 0
0.35191564864123037 0
0.35191564864123037 0
0.35191564864123037 1
0.35191564864123037 1
0.35191564864123037 1
0.35191564864123037 1
0.35191564864123037 1
0.35191564864123037 1
0.35191564864123037 1
0.35191564864123037 1
0.35191564864123037 1
0.35191564864123037 1
0.35191564864123037 1
0.35191564864123037 1
0.3510707614900673 0
0.3510707614900673 0
0.3510707614900673 0
0.3510707614900673 0
0.3510707614900673 0
0.3510707614900673 0
0.3510707614900673 0
0.3510707614900673 0
0.3510707614900673 0
0.3510707614900673 0
0.3510707614900673 0
0.3510707614900673 0
0.3510707614900673 0
0.3510707614900673 0
0.3510707614900673 0
0.3510707614900673 0
0.3510707614900673 0
0.3510707614900673 0
0.3510707614900673 0
0.3510707614900673 0
0.3510707614900673 0
0.3510707614900673 0
0.3510707614900673 0
0.3510707614900673 0
0.3510707614900673 0
0.3510707614900673 0
0.3510707614900673 0
0.3510707614900673 0
0.3510707614900673 0
0.3510707614900673 0
0.3510707614900673 0
0.3510707614900673 0
0.3510707614900673 0
0.3510707614900673 0
0.3510707614900673 0
0.3510707614900673 0
0.3510707614900673 0
0.3510707614900673 0
0.3510707614900673 0
0.3510707614900673 0
0.3510707614900673 0
0.3510707614900673 0
0.3510707614900673 0
0.3510707614900673 0
0.3510707614900673 0
0.3510707614900673 1
0.3510707614900673 1
0.3510707614900673 1
0.3510707614900673 1
0.3510707614900673 1
0.3510707614900673 1
0.3510707614900673 1
0.3510707614900673 1
0.3510707614900673 1
0.3510707614900673 1
0.3510707614900673 1
0.3510707614900673 1
0.3510707614900673 1
0.3510707614900673 1
0.3510707614900673 1
0.3510707614900673 1
0.3510707614900673 1
0.3510707614900673 1
0.3510707614900673 1
0.3510707614900673 1
0.3510707614900673 1
0.3510707614900673 1
0.3510707614900673 1
0.3510707614900673 1
0.3510707614900673 1
0.3510707614900673 1
0.3510707614900673 1
0.3510707614900673 1
0.3510707614900673 1
0.3510707614900673 1
0.3510707614900673 1
0.3510707614900673 1
0.3510707614900673 1
0.3510707614900673 1
0.3510707614900673 1
0.3510707614900673 1
0.3510707614900673 1
0.3510707614900673 1
0.3510707614900673 1
0.3510707614900673 1
0.3510707614900673 1
0.3510707614900673 1
0.3510707614900673 1
0.3510707614900673 1
0.3510707614900673 1
0.3510707614900673 1
0.3510707614900673 1
0.3510707614900673 1
0.3510707614900673 1
0.3510707614900673 1
0.3510707614900673 1
0.3510707614900673 1
0.3510707614900673 1
0.3510707614900673 1
0.3510707614900673 1
0.3510707614900673 1
0.3510707614900673 1
0.3510707614900673 1
0.3510707614900673 1
0.3510707614900673 1
0.3510707614900673 1
0.3510707614900673 1
0.3510707614900673 1
0.3510707614900673 1
0.3510707614900673 1
0.3501864166979216 0
0.3501864166979216 0
0.3501864166979216 0
0.3501864166979216 0
0.3501864166979216 0
0.3501292468582956 0
0.3501292468582956 0
0.3501292468582956 0
0.3501292468582956 0
0.3501292468582956 0
0.3501292468582956 0
0.3501292468582956 0
0.3501292468582956 1
0.3501292468582956 1
0.3501292468582956 1
0.3501292468582956 1
0.3501292468582956 1
0.3501292468582956 1
0.3501292468582956 1
0.3501292468582956 1
0.3501292468582956 1
0.3501292468582956 1
0.34969145014111713 0
0.34969145014111713 1
0.34969145014111713 1
0.34969145014111713 1
0.34969145014111713 1
0.34969145014111713 1
0.34969145014111713 1
0.3486855875382085 0
0.34838613565613524 0
0.34838613565613524 0
0.34838613565613524 0
0.34838613565613524 0
0.34826364279770833 0
0.34826364279770833 0
0.34707540458157093 1
0.34680027793893015 0
0.34680027793893015 0
0.34680027793893015 1
0.34680027793893015 1
0.3462606073494965 0
0.3462606073494965 0
0.3462606073494965 0
0.3462606073494965 0
0.3462606073494965 0
0.3462606073494965 0
0.3462606073494965 1
0.3462606073494965 1
0.3462606073494965 1
0.3462606073494965 1
0.3462606073494965 1
0.34550915102356283 0
0.34537857700699115 0
0.34537857700699115 0
0.34537857700699115 0
0.34537857700699115 0
0.34537857700699115 0
0.34537857700699115 0
0.34537857700699115 0
0.34537857700699115 0
0.34537857700699115 0
0.34537857700699115 0
0.34537857700699115 0
0.34537857700699115 0
0.34537857700699115 0
0.34537857700699115 0
0.34537857700699115 0
0.34537857700699115 0
0.34537857700699115 0
0.34537857700699115 0
0.34537857700699115 0
0.34537857700699115 0
0.34537857700699115 0
0.34537857700699115 0
0.34537857700699115 0
0.34537857700699115 0
0.34537857700699115 0
0.34537857700699115 0
0.34537857700699115 0
0.34537857700699115 1
0.34537857700699115 1
0.34537857700699115 1
0.34537857700699115 1
0.34537857700699115 1
0.34537857700699115 1
0.34537857700699115 1
0.34537857700699115 1
0.34537857700699115 1
0.34537857700699115 1
0.34537857700699115 1
0.34537857700699115 1
0.3451480083963003 0
0.3451480083963003 0
0.3451480083963003 0
0.34327665997118606 0
0.34327665997118606 0
0.34327665997118606 0
0.34327665997118606 0
0.34327665997118606 0
0.34327665997118606 0
0.34237963718880776 0
0.34237963718880776 0
0.34237963718880776 0
0.34237963718880776 0
0.34237963718880776 0
0.34237963718880776 1
0.3420801614428994 0
0.3420801614428994 0
0.3420801614428994 0
0.3420801614428994 0
0.3420801614428994 0
0.3420801614428994 0
0.3420801614428994 0
0.3420801614428994 0
0.3420801614428994 0
0.3420801614428994 0
0.3420801614428994 0
0.3420801614428994 0
0.3420801614428994 0
0.3420801614428994 0
0.3420801614428994 0
0.3420801614428994 0
0.3420801614428994 0
0.3420801614428994 1
0.3420801614428994 1
0.3420801614428994 1
0.3420801614428994 1
0.3420801614428994 1
0.3420801614428994 1
0.3420801614428994 1
0.3420801614428994 1
0.3420801614428994 1
0.3420801614428994 1
0.3420801614428994 1
0.3416877076990558 0
0.3416877076990558 0
0.341637827444948 0
0.341637827444948 0
0.341637827444948 0
0.341637827444948 0
0.341637827444948 0
0.341637827444948 0
0.341637827444948 0
0.341637827444948 0
0.341637827444948 0
0.341637827444948 0
0.341637827444948 0
0.341637827444948 0
0.341637827444948 0
0.341637827444948 0
0.341637827444948 0
0.341637827444948 0
0.341637827444948 0
0.341637827444948 0
0.341637827444948 0
0.341637827444948 0
0.341637827444948 0
0.341637827444948 0
0.341637827444948 0
0.341637827444948 0
0.341637827444948 0
0.341637827444948 0
0.341637827444948 0
0.341637827444948 0
0.341637827444948 0
0.341637827444948 0
0.341637827444948 0
0.341637827444948 0
0.341637827444948 0
0.341637827444948 0
0.341637827444948 0
0.341637827444948 0
0.341637827444948 0
0.341637827444948 0
0.341637827444948 0
0.341637827444948 0
0.341637827444948 0
0.341637827444948 0
0.341637827444948 0
0.341637827444948 0
0.341637827444948 0
0.341637827444948 0
0.341637827444948 0
0.341637827444948 0
0.341637827444948 0
0.341637827444948 0
0.341637827444948 0
0.341637827444948 0
0.341637827444948 0
0.341637827444948 0
0.341637827444948 0
0.341637827444948 0
0.341637827444948 0
0.341637827444948 0
0.341637827444948 0
0.341637827444948 0
0.341637827444948 0
0.341637827444948 0
0.341637827444948 0
0.341637827444948 0
0.341637827444948 0
0.341637827444948 0
0.341637827444948 0
0.341637827444948 0
0.341637827444948 0
0.341637827444948 0
0.341637827444948 0
0.341637827444948 0
0.341637827444948 0
0.341637827444948 0
0.341637827444948 0
0.341637827444948 0
0.341637827444948 0
0.341637827444948 0
0.341637827444948 0
0.341637827444948 0
0.341637827444948 0
0.341637827444948 0
0.341637827444948 0
0.341637827444948 0
0.341637827444948 0
0.341637827444948 0
0.341637827444948 0
0.341637827444948 1
0.341637827444948 1
0.341637827444948 1
0.341637827444948 1
0.341637827444948 1
0.341637827444948 1
0.341637827444948 1
0.341637827444948 1
0.341637827444948 1
0.341637827444948 1
0.341637827444948 1
0.341637827444948 1
0.341637827444948 1
0.341637827444948 1
0.341637827444948 1
0.341637827444948 1
0.341637827444948 1
0.341637827444948 1
0.341637827444948 1
0.341637827444948 1
0.341637827444948 1
0.341637827444948 1
0.341637827444948 1
0.341637827444948 1
0.341637827444948 1
0.341637827444948 1
0.341637827444948 1
0.341637827444948 1
0.341637827444948 1
0.341637827444948 1
0.341637827444948 1
0.341637827444948 1
0.341637827444948 1
0.341637827444948 1
0.341637827444948 1
0.341637827444948 1
0.341637827444948 1
0.341637827444948 1
0.341637827444948 1
0.341637827444948 1
0.341637827444948 1
0.341637827444948 1
0.341637827444948 1
0.341637827444948 1
0.341637827444948 1
0.341637827444948 1
0.341637827444948 1
0.341637827444948 1
0.341637827444948 1
0.341637827444948 1
0.341637827444948 1
0.341637827444948 1
0.3406972813031402 0
0.3406972813031402 0
0.3406972813031402 0
0.3406972813031402 0
0.3406972813031402 0
0.3406972813031402 0
0.3406972813031402 0
0.3406972813031402 0
0.3406972813031402 0
0.3406972813031402 0
0.3406972813031402 0
0.3406972813031402 0
0.3406972813031402 0
0.3406972813031402 0
0.3406972813031402 0
0.3406972813031402 0
0.3406972813031402 0
0.3406972813031402 0
0.3406972813031402 0
0.3406972813031402 0
0.3406972813031402 0
0.3406972813031402 0
0.3406972813031402 0
0.3406972813031402 0
0.3406972813031402 0
0.3406972813031402 0
0.3406972813031402 0
0.3406972813031402 0
0.3406972813031402 0
0.3406972813031402 0
0.3406972813031402 0
0.3406972813031402 0
0.3406972813031402 0
0.3406972813031402 0
0.3406972813031402 0
0.3406972813031402 0
0.3406972813031402 0
0.3406972813031402 0
0.3406972813031402 0
0.3406972813031402 0
0.3406972813031402 0
0.3406972813031402 0
0.3406972813031402 0
0.3406972813031402 0
0.3406972813031402 0
0.3406972813031402 0
0.3406972813031402 0
0.3406972813031402 0
0.3406972813031402 0
0.3406972813031402 0
0.3406972813031402 0
0.3406972813031402 0
0.3406972813031402 0
0.3406972813031402 0
0.3406972813031402 0
0.3406972813031402 0
0.3406972813031402 1
0.3406972813031402 1
0.3406972813031402 1
0.3406972813031402 1
0.3406972813031402 1
0.3406972813031402 1
0.3406972813031402 1
0.3406972813031402 1
0.3406972813031402 1
0.3406972813031402 1
0.3406972813031402 1
0.3406972813031402 1
0.3406972813031402 1
0.34021660258838377 0
0.34021660258838377 0
0.34021660258838377 0
0.3375418066908015 1
0.33709613529732235 0
0.33709613529732235 0
0.33709613529732235 0
0.33709613529732235 0
0.33709613529732235 0
0.33709613529732235 0
0.33709613529732235 0
0.33709613529732235 0
0.33709613529732235 0
0.33709613529732235 0
0.33709613529732235 0
0.33709613529732235 0
0.33709613529732235 0
0.33709613529732235 0
0.33709613529732235 0
0.33709613529732235 0
0.33709613529732235 0
0.33709613529732235 0
0.33709613529732235 0
0.33709613529732235 0
0.33709613529732235 0
0.33709613529732235 0
0.33709613529732235 0
0.33709613529732235 0
0.33709613529732235 0
0.33709613529732235 0
0.33709613529732235 0
0.33709613529732235 0
0.33709613529732235 1
0.33709613529732235 1
0.33709613529732235 1
0.33709613529732235 1
0.33709613529732235 1
0.33709613529732235 1
0.33709613529732235 1
0.33709613529732235 1
0.33709613529732235 1
0.33696628267317985 0
0.33696628267317985 0
0.33696628267317985 0
0.33696628267317985 0
0.33696628267317985 0
0.33696628267317985 0
0.33696628267317985 0
0.33696628267317985 1
0.33696628267317985 1
0.33696628267317985 1
0.33696628267317985 1
0.33696628267317985 1
0.33696628267317985 1
0.33696628267317985 1
0.33550514534662895 0
0.33550514534662895 0
0.33550514534662895 1
0.33334610040310214 0
0.33334610040310214 0
0.33334610040310214 0
0.33334610040310214 0
0.33334610040310214 0
0.33334610040310214 0
0.33334610040310214 0
0.33334610040310214 0
0.33334610040310214 0
0.33334610040310214 0
0.33334610040310214 0
0.33334610040310214 0
0.33334610040310214 0
0.33334610040310214 0
0.33334610040310214 0
0.33334610040310214 0
0.33334610040310214 0
0.33334610040310214 0
0.33334610040310214 0
0.33334610040310214 1
0.33334610040310214 1
0.33334610040310214 1
0.33299980900868487 1
0.33189280300781493 0
0.33189280300781493 0
0.33189280300781493 0
0.33189280300781493 0
0.33189280300781493 0
0.33133231210526615 0
0.33133231210526615 0
0.33133231210526615 0
0.33133231210526615 0
0.33133231210526615 0
0.33133231210526615 1
0.33133231210526615 1
0.33133231210526615 1
0.33133231210526615 1
0.33133231210526615 1
0.33133231210526615 1
0.3312759304379194 0
0.3312759304379194 0
0.330530599770178 0
0.330530599770178 0
0.330530599770178 0
0.330530599770178 0
0.330530599770178 0
0.330530599770178 0
0.330530599770178 0
0.330530599770178 0
0.330530599770178 0
0.330530599770178 0
0.330530599770178 0
0.330530599770178 0
0.330530599770178 0
0.330530599770178 0
0.330530599770178 0
0.330530599770178 0
0.330530599770178 0
0.330530599770178 0
0.330530599770178 0
0.330530599770178 0
0.330530599770178 0
0.330530599770178 0
0.330530599770178 0
0.330530599770178 0
0.330530599770178 0
0.330530599770178 0
0.330530599770178 0
0.330530599770178 0
0.330530599770178 0
0.330530599770178 0
0.330530599770178 0
0.330530599770178 0
0.330530599770178 0
0.330530599770178 0
0.330530599770178 0
0.330530599770178 0
0.330530599770178 0
0.330530599770178 0
0.330530599770178 0
0.330530599770178 0
0.330530599770178 0
0.330530599770178 0
0.330530599770178 0
0.330530599770178 0
0.330530599770178 0
0.330530599770178 0
0.330530599770178 0
0.330530599770178 0
0.330530599770178 0
0.330530599770178 0
0.330530599770178 0
0.330530599770178 0
0.330530599770178 0
0.330530599770178 0
0.330530599770178 0
0.330530599770178 0
0.330530599770178 0
0.330530599770178 0
0.330530599770178 0
0.330530599770178 0
0.330530599770178 0
0.330530599770178 0
0.330530599770178 0
0.330530599770178 0
0.330530599770178 0
0.330530599770178 0
0.330530599770178 0
0.330530599770178 0
0.330530599770178 0
0.330530599770178 0
0.330530599770178 0
0.330530599770178 0
0.330530599770178 0
0.330530599770178 0
0.330530599770178 0
0.330530599770178 0
0.330530599770178 0
0.330530599770178 0
0.330530599770178 0
0.330530599770178 0
0.330530599770178 0
0.330530599770178 0
0.330530599770178 0
0.330530599770178 0
0.330530599770178 0
0.330530599770178 0
0.330530599770178 0
0.330530599770178 0
0.330530599770178 0
0.330530599770178 0
0.330530599770178 0
0.330530599770178 0
0.330530599770178 0
0.330530599770178 0
0.330530599770178 0
0.330530599770178 0
0.330530599770178 0
0.330530599770178 0
0.330530599770178 0
0.330530599770178 0
0.330530599770178 0
0.330530599770178 0
0.330530599770178 0
0.330530599770178 0
0.330530599770178 0
0.330530599770178 0
0.330530599770178 0
0.330530599770178 0
0.330530599770178 0
0.330530599770178 0
0.330530599770178 0
0.330530599770178 0
0.330530599770178 0
0.330530599770178 0
0.330530599770178 0
0.330530599770178 0
0.330530599770178 0
0.330530599770178 0
0.330530599770178 0
0.330530599770178 0
0.330530599770178 0
0.330530599770178 0
0.330530599770178 0
0.330530599770178 0
0.330530599770178 0
0.330530599770178 0
0.330530599770178 0
0.330530599770178 0
0.330530599770178 0
0.330530599770178 0
0.330530599770178 0
0.330530599770178 0
0.330530599770178 0
0.330530599770178 0
0.330530599770178 0
0.330530599770178 0
0.330530599770178 0
0.330530599770178 0
0.330530599770178 0
0.330530599770178 0
0.330530599770178 0
0.330530599770178 0
0.330530599770178 0
0.330530599770178 0
0.330530599770178 0
0.330530599770178 0
0.330530599770178 0
0.330530599770178 0
0.330530599770178 0
0.330530599770178 0
0.330530599770178 0
0.330530599770178 0
0.330530599770178 0
0.330530599770178 0
0.330530599770178 0
0.330530599770178 0
0.330530599770178 0
0.330530599770178 0
0.330530599770178 0
0.330530599770178 0
0.330530599770178 0
0.330530599770178 0
0.330530599770178 0
0.330530599770178 0
0.330530599770178 0
0.330530599770178 0
0.330530599770178 0
0.330530599770178 0
0.330530599770178 0
0.330530599770178 0
0.330530599770178 0
0.330530599770178 0
0.330530599770178 0
0.330530599770178 0
0.330530599770178 0
0.330530599770178 0
0.330530599770178 0
0.330530599770178 0
0.330530599770178 0
0.330530599770178 0
0.330530599770178 0
0.330530599770178 0
0.330530599770178 0
0.330530599770178 0
0.330530599770178 0
0.330530599770178 0
0.330530599770178 0
0.330530599770178 0
0.330530599770178 0
0.330530599770178 0
0.330530599770178 1
0.330530599770178 1
0.330530599770178 1
0.330530599770178 1
0.330530599770178 1
0.330530599770178 1
0.330530599770178 1
0.330530599770178 1
0.330530599770178 1
0.330530599770178 1
0.330530599770178 1
0.330530599770178 1
0.330530599770178 1
0.330530599770178 1
0.330530599770178 1
0.330530599770178 1
0.330530599770178 1
0.330530599770178 1
0.330530599770178 1
0.330530599770178 1
0.330530599770178 1
0.330530599770178 1
0.330530599770178 1
0.330530599770178 1
0.330530599770178 1
0.330530599770178 1
0.330530599770178 1
0.330530599770178 1
0.330530599770178 1
0.330530599770178 1
0.330530599770178 1
0.330530599770178 1
0.330530599770178 1
0.330530599770178 1
0.330530599770178 1
0.330530599770178 1
0.330530599770178 1
0.330530599770178 1
0.330530599770178 1
0.330530599770178 1
0.330530599770178 1
0.330530599770178 1
0.330530599770178 1
0.330530599770178 1
0.330530599770178 1
0.330530599770178 1
0.330530599770178 1
0.33010855441173137 0
0.33010855441173137 0
0.33010855441173137 0
0.33010855441173137 0
0.33010855441173137 0
0.33010855441173137 0
0.33010855441173137 0
0.33010855441173137 0
0.33010855441173137 1
0.33010855441173137 1
0.33010855441173137 1
0.32949798103316114 0
0.32949798103316114 0
0.32949798103316114 0
0.3275227121387477 0
0.3275227121387477 0
0.3275227121387477 0
0.3275227121387477 0
0.3275227121387477 0
0.3275227121387477 0
0.32657306208290904 0
0.32631413604497295 0
0.32629941979091537 0
0.32629941979091537 0
0.32629941979091537 0
0.3257853306320367 0
0.3257853306320367 0
0.3257853306320367 0
0.3257853306320367 0
0.3257853306320367 0
0.3257853306320367 0
0.3257853306320367 0
0.3257853306320367 0
0.3257853306320367 0
0.3257853306320367 0
0.3257853306320367 0
0.3257853306320367 0
0.3257853306320367 0
0.3257853306320367 0
0.3257853306320367 0
0.3257853306320367 0
0.3257853306320367 0
0.3257853306320367 0
0.3257853306320367 0
0.3257853306320367 0
0.3257853306320367 0
0.3257853306320367 0
0.3257853306320367 0
0.3257853306320367 0
0.3257853306320367 0
0.3257853306320367 0
0.3257853306320367 0
0.3257853306320367 0
0.3257853306320367 0
0.3257853306320367 0
0.3257853306320367 0
0.3257853306320367 0
0.3257853306320367 0
0.3257853306320367 0
0.3257853306320367 0
0.3257853306320367 0
0.3257853306320367 0
0.3257853306320367 0
0.3257853306320367 0
0.3257853306320367 0
0.3257853306320367 0
0.3257853306320367 0
0.3257853306320367 0
0.3257853306320367 1
0.3257853306320367 1
0.3257853306320367 1
0.3257853306320367 1
0.3257853306320367 1
0.3257853306320367 1
0.3257853306320367 1
0.3257853306320367 1
0.3257853306320367 1
0.3257853306320367 1
0.3257853306320367 1
0.3257853306320367 1
0.3257853306320367 1
0.3257853306320367 1
0.3257853306320367 1
0.3257853306320367 1
0.3257853306320367 1
0.3257853306320367 1
0.3257853306320367 1
0.3257853306320367 1
0.3257853306320367 1
0.3257853306320367 1
0.3257853306320367 1
0.3257853306320367 1
0.3257853306320367 1
0.3257853306320367 1
0.3257853306320367 1
0.32485921716138927 0
0.32485921716138927 0
0.32485921716138927 0
0.32485921716138927 0
0.32485921716138927 0
0.32485921716138927 0
0.32485921716138927 0
0.32485921716138927 0
0.32485921716138927 0
0.32485921716138927 0
0.32485921716138927 0
0.32485921716138927 0
0.32485921716138927 0
0.32485921716138927 0
0.32485921716138927 0
0.32485921716138927 0
0.32485921716138927 1
0.32485921716138927 1
0.32485921716138927 1
0.32485921716138927 1
0.32485921716138927 1
0.32485921716138927 1
0.32485921716138927 1
0.32485921716138927 1
0.3246974353796288 0
0.3246974353796288 0
0.3246974353796288 0
0.3246974353796288 0
0.3246974353796288 0
0.3246974353796288 0
0.3246974353796288 0
0.3246974353796288 0
0.3246974353796288 0
0.3246974353796288 0
0.3246974353796288 0
0.3246974353796288 0
0.3246974353796288 0
0.3246974353796288 0
0.3246974353796288 0
0.3246974353796288 0
0.3246974353796288 0
0.3246974353796288 0
0.3246974353796288 0
0.3246974353796288 0
0.3246974353796288 0
0.3246974353796288 0
0.3246974353796288 0
0.3246974353796288 0
0.3246974353796288 1
0.3246974353796288 1
0.32273805433574404 0
0.32273805433574404 0
0.32273805433574404 0
0.32273805433574404 0
0.32273805433574404 0
0.32273805433574404 0
0.32273805433574404 0
0.32273805433574404 0
0.32273805433574404 1
0.32273805433574404 1
0.32273805433574404 1
0.3213087147713106 0
0.3208542968384112 1
0.3208542968384112 1
0.3208542968384112 1
0.3208542968384112 1
0.3205446911910574 0
0.3205446911910574 0
0.3205446911910574 0
0.3205446911910574 0
0.3205446911910574 0
0.3205446911910574 0
0.3205446911910574 0
0.3205446911910574 0
0.3205446911910574 0
0.3205446911910574 0
0.3205446911910574 1
0.3205446911910574 1
0.3205446911910574 1
0.3205446911910574 1
0.3205446911910574 1
0.3205446911910574 1
0.3205446911910574 1
0.3205446911910574 1
0.3205446911910574 1
0.3205446911910574 1
0.3205446911910574 1
0.3203604032232213 0
0.3203604032232213 0
0.3203604032232213 0
0.3203604032232213 0
0.3203604032232213 0
0.31995856587087773 0
0.3173223064965951 0
0.3173223064965951 0
0.3173223064965951 1
0.3173223064965951 1
0.3173223064965951 1
0.3173223064965951 1
0.31332378767221775 0
0.31332378767221775 0
0.31332378767221775 0
0.31332378767221775 0
0.31332378767221775 0
0.31332378767221775 0
0.31332378767221775 0
0.31332378767221775 0
0.31332378767221775 0
0.31332378767221775 0
0.31332378767221775 0
0.31332378767221775 0
0.31332378767221775 0
0.31332378767221775 0
0.31332378767221775 0
0.31332378767221775 0
0.31332378767221775 0
0.31332378767221775 0
0.31332378767221775 0
0.31332378767221775 0
0.31332378767221775 0
0.31332378767221775 0
0.31332378767221775 0
0.31332378767221775 0
0.31332378767221775 0
0.31332378767221775 0
0.31332378767221775 1
0.31332378767221775 1
0.31332378767221775 1
0.31332378767221775 1
0.31332378767221775 1
0.31332378767221775 1
0.31332378767221775 1
0.31332378767221775 1
0.31332378767221775 1
0.31332378767221775 1
0.3123263241606397 0
0.3123263241606397 0
0.3123263241606397 0
0.3123263241606397 0
0.3123263241606397 0
0.3123263241606397 0
0.3123263241606397 0
0.3123263241606397 0
0.3123263241606397 0
0.3123263241606397 0
0.3123263241606397 0
0.3123263241606397 0
0.3123263241606397 0
0.3123263241606397 0
0.3123263241606397 0
0.3123263241606397 0
0.3123263241606397 0
0.3123263241606397 0
0.3123263241606397 0
0.3123263241606397 0
0.3123263241606397 0
0.3123263241606397 0
0.3123263241606397 0
0.3123263241606397 0
0.3123263241606397 0
0.3123263241606397 0
0.3123263241606397 0
0.3123263241606397 0
0.3123263241606397 1
0.3123263241606397 1
0.3123263241606397 1
0.3123263241606397 1
0.31190837424595813 0
0.31190837424595813 0
0.31190837424595813 0
0.31190837424595813 0
0.31190837424595813 0
0.31190837424595813 0
0.31190837424595813 0
0.31190837424595813 0
0.31190837424595813 0
0.31190837424595813 0
0.31190837424595813 0
0.31190837424595813 0
0.31190837424595813 0
0.31190837424595813 0
0.31190837424595813 0
0.31190837424595813 0
0.31190837424595813 0
0.31190837424595813 0
0.31190837424595813 0
0.31190837424595813 0
0.31190837424595813 0
0.31190837424595813 0
0.31190837424595813 1
0.31190837424595813 1
0.31190837424595813 1
0.31190837424595813 1
0.30905353085348475 0
0.30905353085348475 1
0.30905353085348475 1
0.3087037896584043 0
0.3087037896584043 1
0.308562237828881 0
0.308562237828881 0
0.308562237828881 0
0.308562237828881 0
0.308562237828881 0
0.308562237828881 0
0.308562237828881 0
0.308562237828881 0
0.3070562092236086 0
0.3070562092236086 0
0.3070562092236086 0
0.3070562092236086 0
0.3070562092236086 0
0.3070562092236086 0
0.3070562092236086 0
0.3070562092236086 0
0.3070562092236086 0
0.3070562092236086 0
0.3070562092236086 0
0.3070562092236086 0
0.3070562092236086 1
0.3070562092236086 1
0.3070562092236086 1
0.3070562092236086 1
0.3070562092236086 1
0.3070562092236086 1
0.3070562092236086 1
0.3070562092236086 1
0.3070562092236086 1
0.3070562092236086 1
0.3070562092236086 1
0.3070562092236086 1
0.3070562092236086 1
0.3070562092236086 1
0.3070562092236086 1
0.3070562092236086 1
0.3070562092236086 1
0.3070562092236086 1
0.3070562092236086 1
0.3070562092236086 1
0.3070562092236086 1
0.3070562092236086 1
0.3070562092236086 1
0.3070562092236086 1
0.3070562092236086 1
0.3070562092236086 1
0.3070562092236086 1
0.3070562092236086 1
0.30446514978256595 0
0.30446514978256595 0
0.30446514978256595 0
0.30446514978256595 0
0.30446514978256595 0
0.30446514978256595 0
0.30446514978256595 0
0.30446514978256595 0
0.30446514978256595 0
0.30446514978256595 0
0.30446514978256595 0
0.30446514978256595 0
0.30446514978256595 0
0.30446514978256595 0
0.30446514978256595 0
0.30446514978256595 0
0.30446514978256595 0
0.30446514978256595 0
0.30446514978256595 0
0.30446514978256595 0
0.30446514978256595 0
0.30446514978256595 0
0.30446514978256595 0
0.30446514978256595 0
0.30446514978256595 0
0.30446514978256595 0
0.30446514978256595 0
0.30446514978256595 0
0.30446514978256595 0
0.30446514978256595 0
0.30446514978256595 0
0.30446514978256595 0
0.30446514978256595 0
0.30446514978256595 0
0.30446514978256595 0
0.30446514978256595 0
0.30446514978256595 0
0.30446514978256595 0
0.30446514978256595 0
0.30446514978256595 0
0.30446514978256595 0
0.30446514978256595 0
0.30446514978256595 0
0.30446514978256595 0
0.30446514978256595 0
0.30446514978256595 0
0.30446514978256595 0
0.30446514978256595 0
0.30446514978256595 0
0.30446514978256595 0
0.30446514978256595 0
0.30446514978256595 0
0.30446514978256595 0
0.30446514978256595 0
0.30446514978256595 0
0.30446514978256595 0
0.30446514978256595 0
0.30446514978256595 0
0.30446514978256595 0
0.30446514978256595 0
0.30446514978256595 0
0.30446514978256595 0
0.30446514978256595 0
0.30446514978256595 0
0.30446514978256595 0
0.30446514978256595 0
0.30446514978256595 0
0.30446514978256595 0
0.30446514978256595 0
0.30446514978256595 0
0.30446514978256595 0
0.30446514978256595 0
0.30446514978256595 0
0.30446514978256595 0
0.30446514978256595 0
0.30446514978256595 0
0.30446514978256595 0
0.30446514978256595 0
0.30446514978256595 0
0.30446514978256595 0
0.30446514978256595 0
0.30446514978256595 0
0.30446514978256595 0
0.30446514978256595 0
0.30446514978256595 0
0.30446514978256595 0
0.30446514978256595 0
0.30446514978256595 0
0.30446514978256595 0
0.30446514978256595 0
0.30446514978256595 0
0.30446514978256595 0
0.30446514978256595 0
0.30446514978256595 0
0.30446514978256595 0
0.30446514978256595 0
0.30446514978256595 0
0.30446514978256595 0
0.30446514978256595 0
0.30446514978256595 0
0.30446514978256595 0
0.30446514978256595 0
0.30446514978256595 0
0.30446514978256595 0
0.30446514978256595 0
0.30446514978256595 0
0.30446514978256595 0
0.30446514978256595 0
0.30446514978256595 0
0.30446514978256595 0
0.30446514978256595 0
0.30446514978256595 0
0.30446514978256595 0
0.30446514978256595 0
0.30446514978256595 0
0.30446514978256595 0
0.30446514978256595 0
0.30446514978256595 0
0.30446514978256595 0
0.30446514978256595 0
0.30446514978256595 0
0.30446514978256595 0
0.30446514978256595 0
0.30446514978256595 0
0.30446514978256595 0
0.30446514978256595 0
0.30446514978256595 0
0.30446514978256595 0
0.30446514978256595 0
0.30446514978256595 0
0.30446514978256595 0
0.30446514978256595 0
0.30446514978256595 0
0.30446514978256595 0
0.30446514978256595 0
0.30446514978256595 0
0.30446514978256595 0
0.30446514978256595 0
0.30446514978256595 0
0.30446514978256595 0
0.30446514978256595 0
0.30446514978256595 0
0.30446514978256595 0
0.30446514978256595 0
0.30446514978256595 0
0.30446514978256595 0
0.30446514978256595 0
0.30446514978256595 0
0.30446514978256595 0
0.30446514978256595 0
0.30446514978256595 0
0.30446514978256595 0
0.30446514978256595 0
0.30446514978256595 0
0.30446514978256595 0
0.30446514978256595 0
0.30446514978256595 0
0.30446514978256595 0
0.30446514978256595 0
0.30446514978256595 0
0.30446514978256595 0
0.30446514978256595 0
0.30446514978256595 0
0.30446514978256595 0
0.30446514978256595 0
0.30446514978256595 0
0.30446514978256595 0
0.30446514978256595 0
0.30446514978256595 0
0.30446514978256595 0
0.30446514978256595 0
0.30446514978256595 0
0.30446514978256595 0
0.30446514978256595 0
0.30446514978256595 0
0.30446514978256595 0
0.30446514978256595 0
0.30446514978256595 0
0.30446514978256595 0
0.30446514978256595 1
0.30446514978256595 1
0.30446514978256595 1
0.30446514978256595 1
0.30446514978256595 1
0.30446514978256595 1
0.30446514978256595 1
0.30446514978256595 1
0.30446514978256595 1
0.30446514978256595 1
0.30446514978256595 1
0.30446514978256595 1
0.30446514978256595 1
0.30446514978256595 1
0.30446514978256595 1
0.30446514978256595 1
0.30446514978256595 1
0.30446514978256595 1
0.30446514978256595 1
0.30446514978256595 1
0.30446514978256595 1
0.30446514978256595 1
0.30446514978256595 1
0.30446514978256595 1
0.30446514978256595 1
0.30446514978256595 1
0.30446514978256595 1
0.30446514978256595 1
0.30446514978256595 1
0.30446514978256595 1
0.30446514978256595 1
0.30446514978256595 1
0.30446514978256595 1
0.30446514978256595 1
0.30446514978256595 1
0.30446514978256595 1
0.30446514978256595 1
0.30446514978256595 1
0.30446514978256595 1
0.30446514978256595 1
0.30446514978256595 1
0.30446514978256595 1
0.30446514978256595 1
0.30446514978256595 1
0.30446514978256595 1
0.30446514978256595 1
0.30446514978256595 1
0.30446514978256595 1
0.30446514978256595 1
0.30446514978256595 1
0.30446514978256595 1
0.30446514978256595 1
0.30446514978256595 1
0.30446514978256595 1
0.30446514978256595 1
0.30446514978256595 1
0.30446514978256595 1
0.30446514978256595 1
0.30446514978256595 1
0.3038917998210802 0
0.3038917998210802 0
0.3038917998210802 0
0.3038917998210802 0
0.3038917998210802 0
0.3038917998210802 0
0.3038917998210802 0
0.3038917998210802 0
0.3038917998210802 0
0.3038917998210802 0
0.3038917998210802 0
0.3038917998210802 0
0.3038917998210802 0
0.3038917998210802 0
0.3038917998210802 0
0.3038917998210802 0
0.3038917998210802 0
0.3038917998210802 0
0.3038917998210802 0
0.3038917998210802 0
0.3038917998210802 0
0.3038917998210802 0
0.3038917998210802 0
0.3038917998210802 0
0.3038917998210802 0
0.3038917998210802 0
0.3038917998210802 0
0.3038917998210802 0
0.3038917998210802 0
0.3038917998210802 0
0.3038917998210802 0
0.3038917998210802 0
0.3038917998210802 0
0.3038917998210802 0
0.3038917998210802 0
0.3038917998210802 0
0.3038917998210802 0
0.3038917998210802 0
0.3038917998210802 0
0.3038917998210802 0
0.3038917998210802 0
0.3038917998210802 0
0.3038917998210802 0
0.3038917998210802 0
0.3038917998210802 0
0.3038917998210802 0
0.3038917998210802 0
0.3038917998210802 0
0.3038917998210802 0
0.3038917998210802 0
0.3038917998210802 0
0.3038917998210802 0
0.3038917998210802 0
0.3038917998210802 0
0.3038917998210802 0
0.3038917998210802 0
0.3038917998210802 0
0.3038917998210802 0
0.3038917998210802 0
0.3038917998210802 0
0.3038917998210802 0
0.3038917998210802 0
0.3038917998210802 0
0.3038917998210802 0
0.3038917998210802 0
0.3038917998210802 0
0.3038917998210802 0
0.3038917998210802 0
0.3038917998210802 0
0.3038917998210802 0
0.3038917998210802 0
0.3038917998210802 0
0.3038917998210802 0
0.3038917998210802 0
0.3038917998210802 0
0.3038917998210802 0
0.3038917998210802 0
0.3038917998210802 0
0.3038917998210802 0
0.3038917998210802 0
0.3038917998210802 0
0.3038917998210802 0
0.3038917998210802 0
0.3038917998210802 0
0.3038917998210802 0
0.3038917998210802 0
0.3038917998210802 0
0.3038917998210802 0
0.3038917998210802 0
0.3038917998210802 0
0.3038917998210802 0
0.3038917998210802 0
0.3038917998210802 0
0.3038917998210802 0
0.3038917998210802 0
0.3038917998210802 0
0.3038917998210802 0
0.3038917998210802 0
0.3038917998210802 0
0.3038917998210802 0
0.3038917998210802 0
0.3038917998210802 0
0.3038917998210802 0
0.3038917998210802 0
0.3038917998210802 0
0.3038917998210802 0
0.3038917998210802 0
0.3038917998210802 0
0.3038917998210802 0
0.3038917998210802 0
0.3038917998210802 0
0.3038917998210802 0
0.3038917998210802 0
0.3038917998210802 0
0.3038917998210802 0
0.3038917998210802 0
0.3038917998210802 0
0.3038917998210802 0
0.3038917998210802 0
0.3038917998210802 0
0.3038917998210802 0
0.3038917998210802 0
0.3038917998210802 0
0.3038917998210802 0
0.3038917998210802 0
0.3038917998210802 0
0.3038917998210802 0
0.3038917998210802 0
0.3038917998210802 0
0.3038917998210802 0
0.3038917998210802 0
0.3038917998210802 0
0.3038917998210802 0
0.3038917998210802 0
0.3038917998210802 0
0.3038917998210802 0
0.3038917998210802 0
0.3038917998210802 0
0.3038917998210802 0
0.3038917998210802 0
0.3038917998210802 0
0.3038917998210802 0
0.3038917998210802 0
0.3038917998210802 0
0.3038917998210802 0
0.3038917998210802 0
0.3038917998210802 0
0.3038917998210802 0
0.3038917998210802 0
0.3038917998210802 0
0.3038917998210802 0
0.3038917998210802 0
0.3038917998210802 0
0.3038917998210802 0
0.3038917998210802 0
0.3038917998210802 0
0.3038917998210802 0
0.3038917998210802 0
0.3038917998210802 0
0.3038917998210802 0
0.3038917998210802 0
0.3038917998210802 0
0.3038917998210802 0
0.3038917998210802 0
0.3038917998210802 0
0.3038917998210802 0
0.3038917998210802 0
0.3038917998210802 0
0.3038917998210802 0
0.3038917998210802 0
0.3038917998210802 0
0.3038917998210802 0
0.3038917998210802 0
0.3038917998210802 0
0.3038917998210802 0
0.3038917998210802 0
0.3038917998210802 0
0.3038917998210802 0
0.3038917998210802 0
0.3038917998210802 0
0.3038917998210802 0
0.3038917998210802 0
0.3038917998210802 0
0.3038917998210802 0
0.3038917998210802 0
0.3038917998210802 0
0.3038917998210802 0
0.3038917998210802 0
0.3038917998210802 0
0.3038917998210802 0
0.3038917998210802 0
0.3038917998210802 0
0.3038917998210802 0
0.3038917998210802 0
0.3038917998210802 1
0.3038917998210802 1
0.3038917998210802 1
0.3038917998210802 1
0.3038917998210802 1
0.3038917998210802 1
0.3038917998210802 1
0.3038917998210802 1
0.3038917998210802 1
0.3038917998210802 1
0.3038917998210802 1
0.3038917998210802 1
0.3038917998210802 1
0.3038917998210802 1
0.3038917998210802 1
0.3038917998210802 1
0.3038917998210802 1
0.3038917998210802 1
0.3038917998210802 1
0.3038917998210802 1
0.3038917998210802 1
0.3038917998210802 1
0.3038917998210802 1
0.3038917998210802 1
0.3038917998210802 1
0.3038917998210802 1
0.303063250991149 0
0.303063250991149 0
0.303063250991149 0
0.303063250991149 0
0.303063250991149 0
0.303063250991149 0
0.303063250991149 0
0.303063250991149 0
0.303063250991149 1
0.303063250991149 1
0.303063250991149 1
0.302801350203371 0
0.302801350203371 0
0.302801350203371 0
0.302801350203371 1
0.302801350203371 1
0.302801350203371 1
0.302801350203371 1
0.30189676335147586 0
0.2977787746649175 0
0.2977787746649175 0
0.2977787746649175 0
0.2977787746649175 0
0.2977787746649175 0
0.2977787746649175 0
0.2977787746649175 0
0.2977787746649175 0
0.2977787746649175 0
0.2977787746649175 0
0.2977787746649175 0
0.2977787746649175 0
0.2977787746649175 0
0.2977787746649175 0
0.2977787746649175 0
0.2977787746649175 0
0.2977787746649175 0
0.2977787746649175 0
0.2977787746649175 1
0.2977787746649175 1
0.2977787746649175 1
0.2977787746649175 1
0.2977787746649175 1
0.2957490954604332 0
0.29563435046789416 0
0.29563435046789416 0
0.29563435046789416 0
0.29563435046789416 0
0.29563435046789416 0
0.29563435046789416 0
0.29563435046789416 0
0.29563435046789416 0
0.29563435046789416 0
0.29563435046789416 0
0.29563435046789416 0
0.29563435046789416 0
0.29563435046789416 0
0.29563435046789416 0
0.29563435046789416 0
0.29563435046789416 0
0.29563435046789416 0
0.29563435046789416 0
0.29563435046789416 0
0.29563435046789416 0
0.29563435046789416 0
0.29563435046789416 0
0.29563435046789416 0
0.29563435046789416 0
0.29563435046789416 0
0.29563435046789416 0
0.29563435046789416 0
0.29563435046789416 0
0.29563435046789416 0
0.29563435046789416 0
0.29563435046789416 0
0.29563435046789416 0
0.29563435046789416 0
0.29563435046789416 0
0.29563435046789416 0
0.29563435046789416 0
0.29563435046789416 0
0.29563435046789416 0
0.29563435046789416 0
0.29563435046789416 0
0.29563435046789416 0
0.29563435046789416 0
0.29563435046789416 0
0.29563435046789416 0
0.29563435046789416 0
0.29563435046789416 0
0.29563435046789416 0
0.29563435046789416 1
0.29563435046789416 1
0.29563435046789416 1
0.29563435046789416 1
0.29563435046789416 1
0.29563435046789416 1
0.29563435046789416 1
0.29563435046789416 1
0.29563435046789416 1
0.29563435046789416 1
0.29563435046789416 1
0.29563435046789416 1
0.29563435046789416 1
0.29563435046789416 1
0.29563435046789416 1
0.29563435046789416 1
0.2926342934326582 0
0.2926342934326582 0
0.2926342934326582 0
0.2926342934326582 0
0.2926342934326582 0
0.2926342934326582 0
0.29177012974064126 0
0.29177012974064126 0
0.29177012974064126 0
0.29177012974064126 0
0.29177012974064126 0
0.29177012974064126 0
0.29177012974064126 0
0.29177012974064126 0
0.29177012974064126 0
0.29177012974064126 0
0.29177012974064126 0
0.29177012974064126 0
0.29177012974064126 0
0.29177012974064126 0
0.29177012974064126 0
0.29177012974064126 0
0.29177012974064126 0
0.29177012974064126 0
0.29177012974064126 0
0.29177012974064126 0
0.29177012974064126 0
0.29177012974064126 0
0.29177012974064126 0
0.29177012974064126 0
0.29177012974064126 0
0.29177012974064126 0
0.29177012974064126 0
0.29177012974064126 0
0.29177012974064126 0
0.29177012974064126 0
0.29177012974064126 0
0.29177012974064126 0
0.29177012974064126 0
0.29177012974064126 0
0.29177012974064126 0
0.29177012974064126 0
0.29177012974064126 0
0.29177012974064126 0
0.29177012974064126 0
0.29177012974064126 0
0.29177012974064126 0
0.29177012974064126 0
0.29177012974064126 0
0.29177012974064126 1
0.291416608430923 0
0.291416608430923 0
0.291416608430923 0
0.291416608430923 0
0.291416608430923 0
0.291416608430923 0
0.291416608430923 0
0.291416608430923 0
0.291416608430923 0
0.291416608430923 0
0.291416608430923 0
0.291416608430923 0
0.291416608430923 0
0.291416608430923 0
0.291416608430923 0
0.291416608430923 0
0.291416608430923 0
0.291416608430923 0
0.291416608430923 0
0.291416608430923 0
0.291416608430923 0
0.291416608430923 0
0.291416608430923 0
0.291416608430923 0
0.291416608430923 0
0.291416608430923 0
0.291416608430923 0
0.291416608430923 0
0.291416608430923 0
0.291416608430923 0
0.291416608430923 0
0.291416608430923 0
0.291416608430923 0
0.291416608430923 0
0.291416608430923 0
0.291416608430923 0
0.291416608430923 0
0.291416608430923 0
0.291416608430923 0
0.291416608430923 0
0.291416608430923 0
0.291416608430923 0
0.291416608430923 0
0.291416608430923 0
0.291416608430923 0
0.291416608430923 0
0.291416608430923 0
0.291416608430923 0
0.291416608430923 0
0.291416608430923 0
0.291416608430923 0
0.291416608430923 0
0.291416608430923 1
0.291416608430923 1
0.291416608430923 1
0.291416608430923 1
0.291416608430923 1
0.291416608430923 1
0.291416608430923 1
0.291416608430923 1
0.291416608430923 1
0.291416608430923 1
0.291416608430923 1
0.291416608430923 1
0.291416608430923 1
0.291416608430923 1
0.291416608430923 1
0.291416608430923 1
0.291416608430923 1
0.291416608430923 1
0.291416608430923 1
0.291416608430923 1
0.291416608430923 1
0.291416608430923 1
0.291416608430923 1
0.291416608430923 1
0.291416608430923 1
0.291416608430923 1
0.291416608430923 1
0.291416608430923 1
0.291416608430923 1
0.291416608430923 1
0.291416608430923 1
0.291416608430923 1
0.291416608430923 1
0.291416608430923 1
0.291416608430923 1
0.28994953418005126 0
0.287381254983451 0
0.287381254983451 0
0.287381254983451 1
0.287381254983451 1
0.287381254983451 1
0.287381254983451 1
0.28727344165878294 0
0.28727344165878294 0
0.28727344165878294 0
0.28727344165878294 0
0.28727344165878294 0
0.28727344165878294 0
0.28727344165878294 0
0.28727344165878294 0
0.28727344165878294 0
0.28727344165878294 0
0.28727344165878294 0
0.28727344165878294 0
0.28727344165878294 0
0.28727344165878294 0
0.28727344165878294 0
0.28727344165878294 0
0.28727344165878294 0
0.28727344165878294 0
0.28727344165878294 0
0.28727344165878294 0
0.28727344165878294 0
0.28727344165878294 0
0.28727344165878294 0
0.28727344165878294 0
0.28727344165878294 0
0.28727344165878294 0
0.28727344165878294 0
0.28727344165878294 0
0.28727344165878294 0
0.28727344165878294 0
0.28727344165878294 0
0.28727344165878294 0
0.28727344165878294 0
0.28727344165878294 0
0.28727344165878294 0
0.28727344165878294 0
0.28727344165878294 0
0.28727344165878294 0
0.28727344165878294 0
0.28727344165878294 0
0.28727344165878294 0
0.28727344165878294 0
0.28727344165878294 0
0.28727344165878294 0
0.28727344165878294 0
0.28727344165878294 0
0.28727344165878294 0
0.28727344165878294 0
0.28727344165878294 0
0.28727344165878294 0
0.28727344165878294 0
0.28727344165878294 0
0.28727344165878294 0
0.28727344165878294 0
0.28727344165878294 0
0.28727344165878294 0
0.28727344165878294 0
0.28727344165878294 0
0.28727344165878294 0
0.28727344165878294 0
0.28727344165878294 0
0.28727344165878294 0
0.28727344165878294 0
0.28727344165878294 0
0.28727344165878294 0
0.28727344165878294 0
0.28727344165878294 0
0.28727344165878294 0
0.28727344165878294 0
0.28727344165878294 0
0.28727344165878294 0
0.28727344165878294 1
0.28727344165878294 1
0.28727344165878294 1
0.28727344165878294 1
0.28727344165878294 1
0.28727344165878294 1
0.28727344165878294 1
0.28727344165878294 1
0.28727344165878294 1
0.28727344165878294 1
0.28727344165878294 1
0.28727344165878294 1
0.28727344165878294 1
0.28727344165878294 1
0.28727344165878294 1
0.28727344165878294 1
0.2872141549981161 0
0.2872141549981161 0
0.2872141549981161 0
0.2872141549981161 0
0.2872141549981161 0
0.2872141549981161 0
0.2872141549981161 0
0.2872141549981161 0
0.2872141549981161 0
0.2872141549981161 0
0.2872141549981161 0
0.2872141549981161 0
0.2872141549981161 0
0.2872141549981161 0
0.2872141549981161 0
0.2872141549981161 0
0.2872141549981161 0
0.2872141549981161 0
0.28681471477525833 0
0.28681471477525833 0
0.28681471477525833 0
0.28681471477525833 1
0.28535476084967093 1
0.28535476084967093 1
0.28535476084967093 1
0.28501036087002246 0
0.28501036087002246 0
0.28501036087002246 1
0.28501036087002246 1
0.28501036087002246 1
0.28501036087002246 1
0.28501036087002246 1
0.2848925892229941 0
0.2848925892229941 0
0.2848925892229941 0
0.2848925892229941 0
0.2848925892229941 0
0.2848925892229941 0
0.2848925892229941 0
0.2848925892229941 0
0.2848925892229941 0
0.2848925892229941 0
0.2848925892229941 0
0.2848925892229941 0
0.2848925892229941 0
0.2848925892229941 0
0.2848925892229941 0
0.2848925892229941 0
0.2848925892229941 0
0.2848925892229941 1
0.2848925892229941 1
0.2848925892229941 1
0.2848925892229941 1
0.2848925892229941 1
0.2805636077694373 0
0.2805636077694373 0
0.2805636077694373 0
0.2805636077694373 0
0.2805636077694373 0
0.2805636077694373 0
0.2805636077694373 0
0.2805636077694373 0
0.2805636077694373 0
0.2805636077694373 0
0.2805636077694373 0
0.2805636077694373 1
0.2805636077694373 1
0.2805636077694373 1
0.2805636077694373 1
0.2784356704326642 0
0.2778404682221925 0
0.2778404682221925 0
0.2778404682221925 0
0.2778404682221925 0
0.2778404682221925 0
0.2778404682221925 0
0.2778404682221925 0
0.2778404682221925 0
0.2778404682221925 0
0.2778404682221925 0
0.2778404682221925 0
0.2778404682221925 0
0.2778404682221925 0
0.2778404682221925 0
0.2778404682221925 0
0.2778404682221925 0
0.2778404682221925 0
0.2778404682221925 0
0.2778404682221925 0
0.2778404682221925 0
0.2778404682221925 0
0.2778404682221925 0
0.2778404682221925 0
0.2778404682221925 0
0.2778404682221925 0
0.2778404682221925 0
0.2778404682221925 0
0.2778404682221925 0
0.2778404682221925 0
0.2778404682221925 0
0.2778404682221925 0
0.2778404682221925 0
0.2778404682221925 0
0.2778404682221925 0
0.2778404682221925 0
0.2778404682221925 0
0.2778404682221925 0
0.2778404682221925 0
0.2778404682221925 0
0.2778404682221925 0
0.2778404682221925 0
0.2778404682221925 0
0.2778404682221925 0
0.2778404682221925 0
0.2778404682221925 0
0.2778404682221925 0
0.2778404682221925 0
0.2778404682221925 0
0.2778404682221925 0
0.2778404682221925 0
0.2778404682221925 0
0.2778404682221925 0
0.2778404682221925 0
0.2778404682221925 0
0.2778404682221925 0
0.2778404682221925 0
0.2778404682221925 0
0.2778404682221925 0
0.2778404682221925 0
0.2778404682221925 0
0.2778404682221925 0
0.2778404682221925 0
0.2778404682221925 0
0.2778404682221925 0
0.2778404682221925 0
0.2778404682221925 0
0.2778404682221925 0
0.2778404682221925 0
0.2778404682221925 0
0.2778404682221925 0
0.2778404682221925 0
0.2778404682221925 0
0.2778404682221925 0
0.2778404682221925 0
0.2778404682221925 0
0.2778404682221925 0
0.2778404682221925 0
0.2778404682221925 0
0.2778404682221925 0
0.2778404682221925 0
0.2778404682221925 0
0.2778404682221925 0
0.2778404682221925 0
0.2778404682221925 0
0.2778404682221925 0
0.2778404682221925 0
0.2778404682221925 0
0.2778404682221925 0
0.2778404682221925 0
0.2778404682221925 0
0.2778404682221925 0
0.2778404682221925 0
0.2778404682221925 0
0.2778404682221925 0
0.2778404682221925 0
0.2778404682221925 0
0.2778404682221925 0
0.2778404682221925 0
0.2778404682221925 0
0.2778404682221925 0
0.2778404682221925 0
0.2778404682221925 0
0.2778404682221925 0
0.2778404682221925 0
0.2778404682221925 0
0.2778404682221925 0
0.2778404682221925 0
0.2778404682221925 0
0.2778404682221925 0
0.2778404682221925 0
0.2778404682221925 0
0.2778404682221925 0
0.2778404682221925 0
0.2778404682221925 0
0.2778404682221925 0
0.2778404682221925 0
0.2778404682221925 0
0.2778404682221925 0
0.2778404682221925 0
0.2778404682221925 0
0.2778404682221925 0
0.2778404682221925 0
0.2778404682221925 0
0.2778404682221925 0
0.2778404682221925 0
0.2778404682221925 0
0.2778404682221925 0
0.2778404682221925 1
0.2778404682221925 1
0.2778404682221925 1
0.2778404682221925 1
0.2778404682221925 1
0.2778404682221925 1
0.2778404682221925 1
0.2778404682221925 1
0.2778404682221925 1
0.2778404682221925 1
0.2778404682221925 1
0.2778404682221925 1
0.2778404682221925 1
0.2778404682221925 1
0.2778404682221925 1
0.2778404682221925 1
0.2778404682221925 1
0.2778404682221925 1
0.2778404682221925 1
0.2778404682221925 1
0.2778404682221925 1
0.2778404682221925 1
0.2778404682221925 1
0.2778404682221925 1
0.2778404682221925 1
0.2778404682221925 1
0.2778404682221925 1
0.2778404682221925 1
0.2778404682221925 1
0.2778404682221925 1
0.2778404682221925 1
0.2778404682221925 1
0.2778404682221925 1
0.2778404682221925 1
0.2778404682221925 1
0.2778404682221925 1
0.2778404682221925 1
0.2778404682221925 1
0.2778404682221925 1
0.2748277327517334 0
0.2748277327517334 0
0.2748277327517334 0
0.2748277327517334 0
0.2748277327517334 0
0.2748277327517334 0
0.2748277327517334 0
0.2748277327517334 0
0.2748277327517334 0
0.2748277327517334 0
0.2748277327517334 0
0.2748277327517334 0
0.2748277327517334 0
0.2748277327517334 0
0.2748277327517334 0
0.2748277327517334 0
0.2748277327517334 0
0.2748277327517334 0
0.2748277327517334 0
0.2748277327517334 0
0.2748277327517334 0
0.2748277327517334 0
0.2748277327517334 0
0.2748277327517334 0
0.2748277327517334 0
0.2748277327517334 0
0.2748277327517334 0
0.2748277327517334 0
0.2748277327517334 0
0.2748277327517334 0
0.2748277327517334 0
0.2748277327517334 0
0.2748277327517334 0
0.2748277327517334 0
0.2748277327517334 0
0.2748277327517334 0
0.2748277327517334 0
0.2748277327517334 0
0.2748277327517334 0
0.2748277327517334 0
0.2748277327517334 0
0.2748277327517334 0
0.2748277327517334 0
0.2748277327517334 0
0.2748277327517334 0
0.2748277327517334 0
0.2748277327517334 0
0.2748277327517334 0
0.2748277327517334 0
0.2748277327517334 0
0.2748277327517334 0
0.2748277327517334 0
0.2748277327517334 0
0.2748277327517334 0
0.2748277327517334 0
0.2748277327517334 1
0.2748277327517334 1
0.2748277327517334 1
0.2748277327517334 1
0.2748277327517334 1
0.2748277327517334 1
0.2748277327517334 1
0.2748277327517334 1
0.2748277327517334 1
0.2748277327517334 1
0.2748277327517334 1
0.2748277327517334 1
0.2748277327517334 1
0.2748277327517334 1
0.2748277327517334 1
0.2748277327517334 1
0.2748277327517334 1
0.2748277327517334 1
0.2748277327517334 1
0.2748277327517334 1
0.2748277327517334 1
0.2748277327517334 1
0.2748277327517334 1
0.2748277327517334 1
0.27424456742257836 0
0.27424456742257836 0
0.27424456742257836 0
0.27424456742257836 0
0.27424456742257836 0
0.27424456742257836 0
0.27424456742257836 0
0.27424456742257836 1
0.27424456742257836 1
0.27424456742257836 1
0.27424456742257836 1
0.27424456742257836 1
0.27424456742257836 1
0.27424456742257836 1
0.27424456742257836 1
0.27381573116762276 0
0.27381573116762276 0
0.27381573116762276 0
0.27381573116762276 0
0.27381573116762276 0
0.27381573116762276 0
0.27381573116762276 0
0.27381573116762276 0
0.27381573116762276 0
0.27381573116762276 0
0.27381573116762276 0
0.27381573116762276 0
0.27381573116762276 0
0.27381573116762276 0
0.27381573116762276 0
0.27381573116762276 0
0.27381573116762276 0
0.27381573116762276 0
0.27381573116762276 0
0.27381573116762276 0
0.27381573116762276 0
0.27381573116762276 0
0.27381573116762276 0
0.27381573116762276 0
0.27381573116762276 0
0.27381573116762276 0
0.27381573116762276 0
0.27381573116762276 0
0.27381573116762276 0
0.27381573116762276 0
0.27381573116762276 0
0.27381573116762276 0
0.27381573116762276 0
0.27381573116762276 0
0.27381573116762276 0
0.27381573116762276 0
0.27381573116762276 0
0.27381573116762276 0
0.27381573116762276 0
0.27381573116762276 0
0.27381573116762276 0
0.27381573116762276 0
0.27381573116762276 0
0.27381573116762276 0
0.27381573116762276 0
0.27381573116762276 0
0.27381573116762276 0
0.27381573116762276 0
0.27381573116762276 0
0.27381573116762276 0
0.27381573116762276 0
0.27381573116762276 0
0.27381573116762276 0
0.27381573116762276 0
0.27381573116762276 0
0.27381573116762276 0
0.27381573116762276 0
0.27381573116762276 0
0.27381573116762276 0
0.27381573116762276 0
0.27381573116762276 0
0.27381573116762276 0
0.27381573116762276 0
0.27381573116762276 0
0.27381573116762276 0
0.27381573116762276 0
0.27381573116762276 0
0.27381573116762276 0
0.27381573116762276 0
0.27381573116762276 0
0.27381573116762276 0
0.27381573116762276 1
0.27381573116762276 1
0.27381573116762276 1
0.27381573116762276 1
0.27381573116762276 1
0.27381573116762276 1
0.27381573116762276 1
0.27381573116762276 1
0.27381573116762276 1
0.27381573116762276 1
0.27381573116762276 1
0.27381573116762276 1
0.27381573116762276 1
0.27381573116762276 1
0.27381573116762276 1
0.27381573116762276 1
0.27381573116762276 1
0.27381573116762276 1
0.27381573116762276 1
0.27381573116762276 1
0.27381573116762276 1
0.27381573116762276 1
0.27381573116762276 1
0.27381573116762276 1
0.27381573116762276 1
0.27381573116762276 1
0.27381573116762276 1
0.27381573116762276 1
0.27381573116762276 1
0.27381573116762276 1
0.27381573116762276 1
0.27381573116762276 1
0.27375815508546714 0
0.27375815508546714 0
0.27375815508546714 0
0.27375815508546714 0
0.27375815508546714 0
0.27375815508546714 0
0.27375815508546714 0
0.27375815508546714 0
0.27375815508546714 0
0.27375815508546714 0
0.27375815508546714 0
0.27375815508546714 0
0.27375815508546714 0
0.27375815508546714 0
0.27375815508546714 0
0.27375815508546714 0
0.27375815508546714 0
0.27375815508546714 0
0.27375815508546714 0
0.27375815508546714 0
0.27375815508546714 0
0.27375815508546714 0
0.27375815508546714 0
0.27375815508546714 0
0.27375815508546714 0
0.27375815508546714 0
0.27375815508546714 0
0.27375815508546714 0
0.27375815508546714 0
0.27375815508546714 0
0.27375815508546714 0
0.27375815508546714 0
0.27375815508546714 0
0.27375815508546714 0
0.27375815508546714 0
0.27375815508546714 0
0.27375815508546714 0
0.27375815508546714 0
0.27375815508546714 0
0.27375815508546714 0
0.27375815508546714 0
0.27375815508546714 0
0.27375815508546714 0
0.27375815508546714 0
0.27375815508546714 0
0.27375815508546714 0
0.27375815508546714 0
0.27375815508546714 0
0.27375815508546714 0
0.27375815508546714 0
0.27375815508546714 0
0.27375815508546714 0
0.27375815508546714 0
0.27375815508546714 0
0.27375815508546714 0
0.27375815508546714 0
0.27375815508546714 0
0.27375815508546714 0
0.27375815508546714 0
0.27375815508546714 0
0.27375815508546714 0
0.27375815508546714 0
0.27375815508546714 0
0.27375815508546714 1
0.27375815508546714 1
0.27375815508546714 1
0.27375815508546714 1
0.27375815508546714 1
0.27375815508546714 1
0.27375815508546714 1
0.27375815508546714 1
0.27375815508546714 1
0.27375815508546714 1
0.27375815508546714 1
0.27375815508546714 1
0.27375815508546714 1
0.27375815508546714 1
0.27375815508546714 1
0.27375815508546714 1
0.27375815508546714 1
0.27375815508546714 1
0.27375815508546714 1
0.27375815508546714 1
0.27375815508546714 1
0.27375815508546714 1
0.27241350977988577 1
0.27241350977988577 1
0.27241350977988577 1
0.27241350977988577 1
0.27241350977988577 1
0.26947139236652984 0
0.26947139236652984 0
0.26947139236652984 0
0.26947139236652984 0
0.26947139236652984 0
0.26947139236652984 0
0.26947139236652984 0
0.26947139236652984 0
0.26947139236652984 0
0.26947139236652984 0
0.26947139236652984 0
0.26947139236652984 0
0.26947139236652984 0
0.26947139236652984 0
0.26947139236652984 0
0.26947139236652984 0
0.26947139236652984 0
0.26947139236652984 0
0.26947139236652984 0
0.26947139236652984 0
0.26947139236652984 0
0.26947139236652984 0
0.26947139236652984 0
0.26947139236652984 0
0.26947139236652984 0
0.26947139236652984 0
0.26947139236652984 0
0.26947139236652984 0
0.26947139236652984 0
0.26947139236652984 0
0.26947139236652984 0
0.26947139236652984 0
0.26947139236652984 0
0.26947139236652984 0
0.26947139236652984 0
0.26947139236652984 0
0.26947139236652984 0
0.26947139236652984 0
0.26947139236652984 0
0.26947139236652984 0
0.26947139236652984 0
0.26947139236652984 0
0.26947139236652984 0
0.26947139236652984 0
0.26947139236652984 0
0.26947139236652984 0
0.26947139236652984 0
0.26947139236652984 0
0.26947139236652984 0
0.26947139236652984 0
0.26947139236652984 0
0.26947139236652984 0
0.26947139236652984 0
0.26947139236652984 0
0.26947139236652984 0
0.26947139236652984 0
0.26947139236652984 0
0.26947139236652984 0
0.26947139236652984 0
0.26947139236652984 0
0.26947139236652984 0
0.26947139236652984 0
0.26947139236652984 0
0.26947139236652984 0
0.26947139236652984 0
0.26947139236652984 0
0.26947139236652984 0
0.26947139236652984 0
0.26947139236652984 0
0.26947139236652984 0
0.26947139236652984 0
0.26947139236652984 0
0.26947139236652984 0
0.26947139236652984 0
0.26947139236652984 0
0.26947139236652984 0
0.26947139236652984 0
0.26947139236652984 0
0.26947139236652984 0
0.26947139236652984 0
0.26947139236652984 0
0.26947139236652984 0
0.26947139236652984 0
0.26947139236652984 0
0.26947139236652984 0
0.26947139236652984 0
0.26947139236652984 0
0.26947139236652984 0
0.26947139236652984 0
0.26947139236652984 0
0.26947139236652984 0
0.26947139236652984 0
0.26947139236652984 0
0.26947139236652984 0
0.26947139236652984 0
0.26947139236652984 0
0.26947139236652984 0
0.26947139236652984 0
0.26947139236652984 0
0.26947139236652984 0
0.26947139236652984 0
0.26947139236652984 0
0.26947139236652984 0
0.26947139236652984 0
0.26947139236652984 0
0.26947139236652984 0
0.26947139236652984 0
0.26947139236652984 0
0.26947139236652984 0
0.26947139236652984 0
0.26947139236652984 0
0.26947139236652984 0
0.26947139236652984 0
0.26947139236652984 0
0.26947139236652984 0
0.26947139236652984 0
0.26947139236652984 0
0.26947139236652984 0
0.26947139236652984 0
0.26947139236652984 0
0.26947139236652984 0
0.26947139236652984 0
0.26947139236652984 0
0.26947139236652984 0
0.26947139236652984 0
0.26947139236652984 0
0.26947139236652984 0
0.26947139236652984 0
0.26947139236652984 0
0.26947139236652984 0
0.26947139236652984 0
0.26947139236652984 0
0.26947139236652984 0
0.26947139236652984 0
0.26947139236652984 0
0.26947139236652984 0
0.26947139236652984 0
0.26947139236652984 0
0.26947139236652984 0
0.26947139236652984 0
0.26947139236652984 0
0.26947139236652984 0
0.26947139236652984 0
0.26947139236652984 0
0.26947139236652984 0
0.26947139236652984 0
0.26947139236652984 0
0.26947139236652984 0
0.26947139236652984 0
0.26947139236652984 0
0.26947139236652984 0
0.26947139236652984 0
0.26947139236652984 0
0.26947139236652984 0
0.26947139236652984 0
0.26947139236652984 0
0.26947139236652984 0
0.26947139236652984 0
0.26947139236652984 0
0.26947139236652984 0
0.26947139236652984 0
0.26947139236652984 0
0.26947139236652984 0
0.26947139236652984 0
0.26947139236652984 0
0.26947139236652984 0
0.26947139236652984 0
0.26947139236652984 0
0.26947139236652984 0
0.26947139236652984 0
0.26947139236652984 0
0.26947139236652984 0
0.26947139236652984 0
0.26947139236652984 0
0.26947139236652984 0
0.26947139236652984 0
0.26947139236652984 0
0.26947139236652984 0
0.26947139236652984 0
0.26947139236652984 0
0.26947139236652984 0
0.26947139236652984 0
0.26947139236652984 0
0.26947139236652984 0
0.26947139236652984 0
0.26947139236652984 0
0.26947139236652984 0
0.26947139236652984 0
0.26947139236652984 0
0.26947139236652984 0
0.26947139236652984 0
0.26947139236652984 0
0.26947139236652984 0
0.26947139236652984 0
0.26947139236652984 0
0.26947139236652984 0
0.26947139236652984 0
0.26947139236652984 0
0.26947139236652984 0
0.26947139236652984 0
0.26947139236652984 0
0.26947139236652984 0
0.26947139236652984 0
0.26947139236652984 0
0.26947139236652984 0
0.26947139236652984 0
0.26947139236652984 0
0.26947139236652984 0
0.26947139236652984 0
0.26947139236652984 0
0.26947139236652984 0
0.26947139236652984 0
0.26947139236652984 0
0.26947139236652984 0
0.26947139236652984 0
0.26947139236652984 0
0.26947139236652984 0
0.26947139236652984 0
0.26947139236652984 0
0.26947139236652984 0
0.26947139236652984 0
0.26947139236652984 0
0.26947139236652984 0
0.26947139236652984 0
0.26947139236652984 0
0.26947139236652984 0
0.26947139236652984 0
0.26947139236652984 0
0.26947139236652984 0
0.26947139236652984 0
0.26947139236652984 0
0.26947139236652984 0
0.26947139236652984 0
0.26947139236652984 0
0.26947139236652984 0
0.26947139236652984 0
0.26947139236652984 0
0.26947139236652984 0
0.26947139236652984 0
0.26947139236652984 0
0.26947139236652984 0
0.26947139236652984 0
0.26947139236652984 0
0.26947139236652984 0
0.26947139236652984 0
0.26947139236652984 0
0.26947139236652984 0
0.26947139236652984 0
0.26947139236652984 0
0.26947139236652984 0
0.26947139236652984 0
0.26947139236652984 0
0.26947139236652984 0
0.26947139236652984 0
0.26947139236652984 0
0.26947139236652984 0
0.26947139236652984 0
0.26947139236652984 0
0.26947139236652984 0
0.26947139236652984 0
0.26947139236652984 0
0.26947139236652984 0
0.26947139236652984 0
0.26947139236652984 1
0.26947139236652984 1
0.26947139236652984 1
0.26947139236652984 1
0.26947139236652984 1
0.26947139236652984 1
0.26947139236652984 1
0.26947139236652984 1
0.26947139236652984 1
0.26947139236652984 1
0.26947139236652984 1
0.26947139236652984 1
0.26947139236652984 1
0.26947139236652984 1
0.26947139236652984 1
0.26947139236652984 1
0.26947139236652984 1
0.26947139236652984 1
0.26947139236652984 1
0.26947139236652984 1
0.26947139236652984 1
0.26947139236652984 1
0.26947139236652984 1
0.26947139236652984 1
0.26947139236652984 1
0.26947139236652984 1
0.26947139236652984 1
0.26947139236652984 1
0.26947139236652984 1
0.26947139236652984 1
0.26947139236652984 1
0.26947139236652984 1
0.26947139236652984 1
0.26947139236652984 1
0.26947139236652984 1
0.26947139236652984 1
0.26947139236652984 1
0.26947139236652984 1
0.26947139236652984 1
0.26947139236652984 1
0.26947139236652984 1
0.26947139236652984 1
0.26947139236652984 1
0.26947139236652984 1
0.26947139236652984 1
0.26947139236652984 1
0.2690942071706096 0
0.2690942071706096 0
0.2652379025944079 0
0.2652379025944079 0
0.2652379025944079 0
0.2652379025944079 0
0.2652379025944079 0
0.2652379025944079 0
0.2652379025944079 0
0.2652379025944079 0
0.2652379025944079 0
0.2652379025944079 1
0.2652379025944079 1
0.2652379025944079 1
0.2652379025944079 1
0.2652379025944079 1
0.2652379025944079 1
0.2652379025944079 1
0.2652379025944079 1
0.2652379025944079 1
0.2652379025944079 1
0.2652379025944079 1
0.2652379025944079 1
0.2652379025944079 1
0.2652379025944079 1
0.2652379025944079 1
0.2652379025944079 1
0.2652379025944079 1
0.2652379025944079 1
0.2623901803061376 1
0.26055147868528034 0
0.26055147868528034 0
0.26055147868528034 0
0.26055147868528034 0
0.26055147868528034 0
0.26055147868528034 0
0.26055147868528034 0
0.26055147868528034 0
0.26055147868528034 0
0.26055147868528034 0
0.26055147868528034 0
0.26055147868528034 0
0.26055147868528034 0
0.26055147868528034 0
0.26055147868528034 0
0.26055147868528034 0
0.26055147868528034 0
0.26055147868528034 0
0.26055147868528034 0
0.26055147868528034 0
0.26055147868528034 0
0.26055147868528034 0
0.26055147868528034 0
0.26055147868528034 0
0.26055147868528034 0
0.26055147868528034 0
0.26055147868528034 1
0.26055147868528034 1
0.26024096547118025 0
0.26024096547118025 0
0.26024096547118025 0
0.2540189299819718 0
0.2540189299819718 0
0.2540189299819718 0
0.2540189299819718 0
0.2540189299819718 0
0.2540189299819718 0
0.2540189299819718 0
0.2540189299819718 0
0.2540189299819718 0
0.2540189299819718 0
0.2540189299819718 0
0.25292609248847414 0
0.25292609248847414 0
0.25292609248847414 0
0.25292609248847414 0
0.25292609248847414 0
0.25292609248847414 0
0.25292609248847414 1
0.2509525995746337 0
0.2509525995746337 0
0.2509525995746337 0
0.2509525995746337 0
0.2509525995746337 0
0.2509525995746337 0
0.2509525995746337 0
0.2509525995746337 0
0.2509525995746337 0
0.2509525995746337 0
0.2509525995746337 0
0.2509525995746337 0
0.2509525995746337 0
0.2509525995746337 0
0.2509525995746337 0
0.2509525995746337 1
0.2509525995746337 1
0.2509525995746337 1
0.2509525995746337 1
0.2509525995746337 1
0.2509525995746337 1
0.2509525995746337 1
0.2509525995746337 1
0.2509525995746337 1
0.2509525995746337 1
0.24201469259546748 0
0.24201469259546748 0
0.24201469259546748 0
0.24201469259546748 0
0.24201469259546748 0
0.24201469259546748 0
0.24201469259546748 0
0.24201469259546748 0
0.24201469259546748 0
0.24201469259546748 0
0.24201469259546748 0
0.24201469259546748 0
0.24201469259546748 0
0.24201469259546748 1
0.24201469259546748 1
0.24201469259546748 1
0.24201469259546748 1
0.24201469259546748 1
0.24201469259546748 1
0.24201469259546748 1
0.23983721710745393 0
0.23983721710745393 0
0.23983721710745393 0
0.23983721710745393 0
0.23983721710745393 0
0.23983721710745393 0
0.23983721710745393 0
0.23983721710745393 0
0.23983721710745393 0
0.23983721710745393 0
0.23983721710745393 0
0.23983721710745393 0
0.23983721710745393 0
0.23983721710745393 0
0.23983721710745393 0
0.23983721710745393 0
0.23983721710745393 0
0.23983721710745393 0
0.23983721710745393 0
0.23983721710745393 0
0.23983721710745393 0
0.23983721710745393 0
0.23983721710745393 0
0.23983721710745393 0
0.23983721710745393 0
0.23983721710745393 0
0.23983721710745393 0
0.23983721710745393 0
0.23983721710745393 0
0.23983721710745393 0
0.23983721710745393 0
0.23983721710745393 0
0.23983721710745393 0
0.23983721710745393 0
0.23983721710745393 0
0.23983721710745393 0
0.23983721710745393 1
0.23983721710745393 1
0.23983721710745393 1
0.23983721710745393 1
0.23983721710745393 1
0.23983721710745393 1
0.23983721710745393 1
0.23983721710745393 1
0.23983721710745393 1
0.23983721710745393 1
0.23983721710745393 1
0.23983721710745393 1
0.23983721710745393 1
0.23983721710745393 1
0.23983721710745393 1
0.23983721710745393 1
0.23983721710745393 1
0.23983721710745393 1
0.23983721710745393 1
0.23983721710745393 1
0.23983721710745393 1
0.23983721710745393 1
0.23983721710745393 1
0.23983721710745393 1
0.23983721710745393 1
0.23983721710745393 1
0.23830857457589213 0
0.23830857457589213 0
0.23732028279617928 0
0.23732028279617928 0
0.23732028279617928 0
0.23732028279617928 0
0.23732028279617928 0
0.23732028279617928 0
0.23732028279617928 0
0.23732028279617928 0
0.23732028279617928 0
0.23732028279617928 0
0.23732028279617928 0
0.23732028279617928 0
0.23732028279617928 0
0.23732028279617928 0
0.23732028279617928 0
0.23732028279617928 0
0.23732028279617928 0
0.23732028279617928 0
0.23732028279617928 0
0.23732028279617928 0
0.23732028279617928 0
0.23732028279617928 0
0.23732028279617928 0
0.23732028279617928 0
0.23732028279617928 0
0.23732028279617928 0
0.23732028279617928 0
0.23732028279617928 0
0.23732028279617928 0
0.23732028279617928 0
0.23732028279617928 0
0.23732028279617928 0
0.23732028279617928 0
0.23732028279617928 1
0.23732028279617928 1
0.23076595691007426 0
0.23076595691007426 0
0.22721518614115477 0
0.22721518614115477 0
0.22721518614115477 0
0.22721518614115477 1
0.22721518614115477 1
0.22721518614115477 1
0.22721518614115477 1
0.22721518614115477 1
0.22651333597456716 0
0.22651333597456716 0
0.22651333597456716 0
0.22651333597456716 0
0.22651333597456716 0
0.22651333597456716 0
0.22651333597456716 0
0.22651333597456716 0
0.22651333597456716 0
0.22651333597456716 0
0.22651333597456716 0
0.22651333597456716 0
0.22651333597456716 0
0.22651333597456716 0
0.22651333597456716 0
0.22651333597456716 1
0.22651333597456716 1
0.22651333597456716 1
0.22651333597456716 1
0.22651333597456716 1
0.22022068372993067 0
0.22022068372993067 1
0.22022068372993067 1
0.2161141706400973 0
0.2161141706400973 0
0.2161141706400973 0
0.2161141706400973 0
0.2161141706400973 0
0.2161141706400973 0
0.2161141706400973 0
0.2161141706400973 0
0.2161141706400973 0
0.2161141706400973 0
0.2161141706400973 0
0.2161141706400973 0
0.2161141706400973 0
0.2161141706400973 0
0.2161141706400973 0
0.2161141706400973 0
0.2161141706400973 0
0.2161141706400973 0
0.2161141706400973 0
0.2161141706400973 0
0.2161141706400973 0
0.2161141706400973 0
0.2161141706400973 0
0.2161141706400973 0
0.2161141706400973 0
0.2161141706400973 0
0.2161141706400973 0
0.2161141706400973 0
0.2161141706400973 0
0.2161141706400973 0
0.2161141706400973 0
0.2161141706400973 0
0.2161141706400973 0
0.2161141706400973 0
0.2161141706400973 0
0.2161141706400973 0
0.2161141706400973 0
0.2161141706400973 0
0.2161141706400973 0
0.2161141706400973 0
0.2161141706400973 0
0.2161141706400973 0
0.2100976943412111 0
0.2100976943412111 0
0.2100976943412111 0
0.2100976943412111 0
0.2100976943412111 0
0.2100976943412111 1
0.2100976943412111 1
0.2080194673593851 0
0.2080194673593851 0
0.2080194673593851 0
0.2080194673593851 0
0.2080194673593851 0
0.2080194673593851 0
0.2080194673593851 0
0.2080194673593851 0
0.2080194673593851 0
0.2080194673593851 0
0.2080194673593851 0
0.2080194673593851 0
0.2080194673593851 0
0.2080194673593851 0
0.2080194673593851 0
0.2080194673593851 0
0.2080194673593851 0
0.2080194673593851 0
0.2080194673593851 0
0.2080194673593851 0
0.2080194673593851 0
0.2080194673593851 0
0.2080194673593851 0
0.2080194673593851 0
0.2080194673593851 0
0.2080194673593851 0
0.2080194673593851 0
0.2080194673593851 0
0.2080194673593851 0
0.2080194673593851 0
0.2080194673593851 0
0.2080194673593851 0
0.2080194673593851 0
0.2080194673593851 0
0.2080194673593851 0
0.2080194673593851 0
0.2080194673593851 0
0.2080194673593851 0
0.2080194673593851 0
0.2080194673593851 0
0.2080194673593851 0
0.2080194673593851 0
0.2080194673593851 0
0.2080194673593851 0
0.2080194673593851 0
0.2080194673593851 0
0.2080194673593851 0
0.2080194673593851 0
0.2080194673593851 0
0.2080194673593851 0
0.2080194673593851 0
0.2080194673593851 0
0.2080194673593851 0
0.2080194673593851 1
0.2080194673593851 1
0.20503104437188727 0
0.20503104437188727 0
0.20503104437188727 0
0.20503104437188727 0
0.20503104437188727 0
0.20503104437188727 0
0.20503104437188727 0
0.20503104437188727 0
0.20503104437188727 0
0.20503104437188727 0
0.20503104437188727 0
0.20503104437188727 0
0.20503104437188727 0
0.20503104437188727 0
0.20503104437188727 0
0.20503104437188727 0
0.20503104437188727 0
0.20503104437188727 0
0.20503104437188727 0
0.20503104437188727 0
0.20503104437188727 0
0.20503104437188727 0
0.20503104437188727 0
0.20503104437188727 0
0.20503104437188727 0
0.20503104437188727 0
0.20503104437188727 0
0.20503104437188727 0
0.20503104437188727 0
0.20503104437188727 0
0.20503104437188727 0
0.20503104437188727 0
0.20503104437188727 0
0.20503104437188727 0
0.20503104437188727 0
0.20503104437188727 0
0.20503104437188727 0
0.20503104437188727 0
0.20503104437188727 0
0.20503104437188727 0
0.20503104437188727 0
0.20503104437188727 0
0.20503104437188727 0
0.20503104437188727 0
0.20503104437188727 0
0.20503104437188727 0
0.20503104437188727 0
0.20503104437188727 0
0.20503104437188727 0
0.20503104437188727 0
0.20503104437188727 0
0.20503104437188727 0
0.20503104437188727 0
0.20503104437188727 0
0.20503104437188727 0
0.20503104437188727 0
0.20503104437188727 0
0.20503104437188727 0
0.20503104437188727 0
0.20503104437188727 0
0.20503104437188727 1
0.20503104437188727 1
0.20503104437188727 1
0.20503104437188727 1
0.20503104437188727 1
0.20503104437188727 1
0.20503104437188727 1
0.20503104437188727 1
0.20503104437188727 1
0.20503104437188727 1
0.20503104437188727 1
0.20503104437188727 1
0.20503104437188727 1
0.20503104437188727 1
0.20503104437188727 1
0.20503104437188727 1
0.20503104437188727 1
0.20503104437188727 1
0.20503104437188727 1
0.20503104437188727 1
0.20503104437188727 1
0.20300474414032657 0
0.20300474414032657 0
0.20300474414032657 0
0.20300474414032657 0
0.20300474414032657 0
0.20300474414032657 0
0.20300474414032657 0
0.20300474414032657 0
0.20300474414032657 0
0.20300474414032657 0
0.20300474414032657 0
0.20300474414032657 0
0.20300474414032657 0
0.20300474414032657 0
0.20300474414032657 0
0.20300474414032657 0
0.20300474414032657 0
0.20300474414032657 0
0.20295789626533436 0
0.20295789626533436 0
0.20295789626533436 0
0.20295789626533436 0
0.20295789626533436 0
0.20295789626533436 0
0.20295789626533436 0
0.20295789626533436 0
0.20295789626533436 0
0.20295789626533436 0
0.20295789626533436 0
0.20295789626533436 0
0.20295789626533436 0
0.20295789626533436 0
0.20295789626533436 0
0.20295789626533436 0
0.20295789626533436 0
0.20295789626533436 0
0.20295789626533436 0
0.20295789626533436 0
0.20295789626533436 0
0.20295789626533436 0
0.20295789626533436 0
0.20295789626533436 0
0.2022220396766726 0
0.19903961669443393 0
0.19903961669443393 0
0.19903961669443393 0
0.19903961669443393 0
0.19903961669443393 0
0.19903961669443393 0
0.19903961669443393 0
0.19903961669443393 0
0.19903961669443393 0
0.19903961669443393 0
0.19903961669443393 0
0.19903961669443393 0
0.19903961669443393 0
0.19903961669443393 0
0.19903961669443393 0
0.19903961669443393 0
0.19903961669443393 0
0.19903961669443393 0
0.19903961669443393 0
0.19903961669443393 0
0.19903961669443393 0
0.19903961669443393 0
0.19903961669443393 0
0.19903961669443393 0
0.19903961669443393 0
0.19903961669443393 0
0.19903961669443393 0
0.19903961669443393 0
0.19903961669443393 0
0.19903961669443393 0
0.19903961669443393 0
0.19903961669443393 0
0.19903961669443393 0
0.19903961669443393 0
0.19903961669443393 0
0.19903961669443393 0
0.19903961669443393 0
0.19903961669443393 0
0.19903961669443393 0
0.19903961669443393 0
0.19903961669443393 0
0.19903961669443393 0
0.19903961669443393 0
0.19903961669443393 0
0.19903961669443393 0
0.19903961669443393 0
0.19903961669443393 0
0.19903961669443393 0
0.19903961669443393 0
0.19903961669443393 0
0.19903961669443393 0
0.19903961669443393 0
0.19903961669443393 0
0.19903961669443393 0
0.19903961669443393 0
0.19903961669443393 0
0.19903961669443393 0
0.19903961669443393 0
0.19903961669443393 0
0.19903961669443393 0
0.19903961669443393 0
0.19903961669443393 0
0.19903961669443393 0
0.19903961669443393 0
0.19903961669443393 0
0.19903961669443393 0
0.19903961669443393 0
0.19903961669443393 0
0.19903961669443393 0
0.19903961669443393 0
0.19903961669443393 0
0.19903961669443393 0
0.19903961669443393 0
0.19903961669443393 0
0.19903961669443393 0
0.19903961669443393 0
0.19903961669443393 0
0.19903961669443393 0
0.19903961669443393 0
0.19903961669443393 0
0.19903961669443393 0
0.19903961669443393 0
0.19903961669443393 0
0.19903961669443393 0
0.19903961669443393 0
0.19903961669443393 0
0.19903961669443393 0
0.19903961669443393 0
0.19903961669443393 0
0.19903961669443393 0
0.19903961669443393 0
0.19903961669443393 0
0.19903961669443393 0
0.19903961669443393 0
0.19903961669443393 0
0.19903961669443393 0
0.19903961669443393 0
0.19903961669443393 0
0.19903961669443393 0
0.19903961669443393 0
0.19903961669443393 0
0.19903961669443393 0
0.19903961669443393 0
0.19903961669443393 0
0.19903961669443393 0
0.19903961669443393 0
0.19903961669443393 0
0.19903961669443393 0
0.19903961669443393 0
0.19903961669443393 0
0.19903961669443393 0
0.19903961669443393 0
0.19903961669443393 0
0.19903961669443393 0
0.19903961669443393 0
0.19903961669443393 0
0.19903961669443393 0
0.19903961669443393 0
0.19903961669443393 0
0.19903961669443393 0
0.19903961669443393 0
0.19903961669443393 0
0.19903961669443393 0
0.19903961669443393 0
0.19903961669443393 0
0.19903961669443393 0
0.19903961669443393 1
0.19903961669443393 1
0.19903961669443393 1
0.19903961669443393 1
0.19903961669443393 1
0.19903961669443393 1
0.19903961669443393 1
0.19903961669443393 1
0.19903961669443393 1
0.19903961669443393 1
0.19903961669443393 1
0.19903961669443393 1
0.19903961669443393 1
0.19903961669443393 1
0.19903961669443393 1
0.19903961669443393 1
0.19903961669443393 1
0.19903961669443393 1
0.19903961669443393 1
0.19903961669443393 1
0.19903961669443393 1
0.19903961669443393 1
0.19903961669443393 1
0.19903961669443393 1
0.19903961669443393 1
0.19903961669443393 1
0.19903961669443393 1
0.19903961669443393 1
0.19903961669443393 1
0.19903961669443393 1
0.19124304175530166 0
0.19124304175530166 0
0.19124304175530166 0
0.19124304175530166 0
0.19124304175530166 0
0.19124304175530166 0
0.19124304175530166 0
0.19124304175530166 0
0.19124304175530166 0
0.19124304175530166 0
0.19124304175530166 0
0.19124304175530166 0
0.19124304175530166 0
0.19124304175530166 0
0.19124304175530166 0
0.19124304175530166 0
0.19124304175530166 0
0.19124304175530166 0
0.19124304175530166 0
0.19124304175530166 0
0.19124304175530166 0
0.19124304175530166 0
0.19124304175530166 0
0.19124304175530166 0
0.19124304175530166 0
0.19124304175530166 0
0.19124304175530166 0
0.19124304175530166 0
0.19124304175530166 0
0.19124304175530166 0
0.19124304175530166 0
0.19124304175530166 0
0.19124304175530166 0
0.19124304175530166 0
0.19124304175530166 0
0.19124304175530166 0
0.19124304175530166 0
0.19124304175530166 0
0.19124304175530166 0
0.19124304175530166 0
0.19124304175530166 0
0.19124304175530166 0
0.19124304175530166 0
0.19124304175530166 0
0.19124304175530166 0
0.19124304175530166 0
0.19124304175530166 0
0.19124304175530166 0
0.19124304175530166 0
0.19124304175530166 0
0.19124304175530166 0
0.19124304175530166 0
0.19124304175530166 0
0.19124304175530166 0
0.19124304175530166 0
0.19124304175530166 0
0.19124304175530166 0
0.19124304175530166 0
0.19124304175530166 0
0.19124304175530166 0
0.19124304175530166 0
0.19124304175530166 0
0.19124304175530166 0
0.19124304175530166 0
0.19124304175530166 0
0.19124304175530166 0
0.19124304175530166 0
0.19124304175530166 0
0.19124304175530166 0
0.19124304175530166 0
0.19124304175530166 0
0.19124304175530166 0
0.19124304175530166 0
0.19124304175530166 0
0.19124304175530166 0
0.19124304175530166 0
0.19124304175530166 0
0.19124304175530166 0
0.19124304175530166 0
0.19124304175530166 0
0.19124304175530166 0
0.19124304175530166 0
0.19124304175530166 0
0.19124304175530166 0
0.19124304175530166 0
0.19124304175530166 0
0.19124304175530166 0
0.19124304175530166 0
0.19124304175530166 0
0.19124304175530166 0
0.19124304175530166 0
0.19124304175530166 0
0.19124304175530166 0
0.19124304175530166 0
0.19124304175530166 0
0.19124304175530166 0
0.19124304175530166 0
0.19124304175530166 0
0.19124304175530166 0
0.19124304175530166 0
0.19124304175530166 0
0.19124304175530166 0
0.19124304175530166 0
0.19124304175530166 0
0.19124304175530166 0
0.19124304175530166 0
0.19124304175530166 0
0.19124304175530166 0
0.19124304175530166 0
0.19124304175530166 0
0.19124304175530166 0
0.19124304175530166 0
0.19124304175530166 0
0.19124304175530166 0
0.19124304175530166 0
0.19124304175530166 0
0.19124304175530166 0
0.19124304175530166 0
0.19124304175530166 0
0.19124304175530166 0
0.19124304175530166 0
0.19124304175530166 0
0.19124304175530166 0
0.19124304175530166 0
0.19124304175530166 0
0.19124304175530166 0
0.19124304175530166 0
0.19124304175530166 0
0.19124304175530166 0
0.19124304175530166 0
0.19124304175530166 0
0.19124304175530166 0
0.19124304175530166 0
0.19124304175530166 0
0.19124304175530166 0
0.19124304175530166 0
0.19124304175530166 0
0.19124304175530166 0
0.19124304175530166 0
0.19124304175530166 0
0.19124304175530166 0
0.19124304175530166 0
0.19124304175530166 0
0.19124304175530166 0
0.19124304175530166 0
0.19124304175530166 0
0.19124304175530166 0
0.19124304175530166 0
0.19124304175530166 0
0.19124304175530166 0
0.19124304175530166 0
0.19124304175530166 0
0.19124304175530166 0
0.19124304175530166 0
0.19124304175530166 0
0.19124304175530166 0
0.19124304175530166 0
0.19124304175530166 0
0.19124304175530166 0
0.19124304175530166 0
0.19124304175530166 0
0.19124304175530166 0
0.19124304175530166 0
0.19124304175530166 0
0.19124304175530166 0
0.19124304175530166 0
0.19124304175530166 0
0.19124304175530166 0
0.19124304175530166 0
0.19124304175530166 0
0.19124304175530166 0
0.19124304175530166 0
0.19124304175530166 0
0.19124304175530166 0
0.19124304175530166 0
0.19124304175530166 0
0.19124304175530166 0
0.19124304175530166 0
0.19124304175530166 0
0.19124304175530166 0
0.19124304175530166 0
0.19124304175530166 0
0.19124304175530166 0
0.19124304175530166 0
0.19124304175530166 0
0.19124304175530166 0
0.19124304175530166 0
0.19124304175530166 0
0.19124304175530166 0
0.19124304175530166 0
0.19124304175530166 0
0.19124304175530166 0
0.19124304175530166 0
0.19124304175530166 0
0.19124304175530166 0
0.19124304175530166 0
0.19124304175530166 0
0.19124304175530166 0
0.19124304175530166 0
0.19124304175530166 0
0.19124304175530166 0
0.19124304175530166 0
0.19124304175530166 0
0.19124304175530166 0
0.19124304175530166 0
0.19124304175530166 0
0.19124304175530166 0
0.19124304175530166 0
0.19124304175530166 0
0.19124304175530166 0
0.19124304175530166 0
0.19124304175530166 0
0.19124304175530166 0
0.19124304175530166 0
0.19124304175530166 0
0.19124304175530166 0
0.19124304175530166 0
0.19124304175530166 0
0.19124304175530166 0
0.19124304175530166 0
0.19124304175530166 0
0.19124304175530166 0
0.19124304175530166 0
0.19124304175530166 0
0.19124304175530166 0
0.19124304175530166 0
0.19124304175530166 0
0.19124304175530166 0
0.19124304175530166 0
0.19124304175530166 0
0.19124304175530166 0
0.19124304175530166 0
0.19124304175530166 0
0.19124304175530166 0
0.19124304175530166 0
0.19124304175530166 0
0.19124304175530166 0
0.19124304175530166 0
0.19124304175530166 0
0.19124304175530166 0
0.19124304175530166 0
0.19124304175530166 0
0.19124304175530166 0
0.19124304175530166 0
0.19124304175530166 0
0.19124304175530166 0
0.19124304175530166 0
0.19124304175530166 0
0.19124304175530166 0
0.19124304175530166 0
0.19124304175530166 0
0.19124304175530166 0
0.19124304175530166 0
0.19124304175530166 0
0.19124304175530166 0
0.19124304175530166 0
0.19124304175530166 0
0.19124304175530166 0
0.19124304175530166 0
0.19124304175530166 0
0.19124304175530166 0
0.19124304175530166 0
0.19124304175530166 0
0.19124304175530166 0
0.19124304175530166 0
0.19124304175530166 0
0.19124304175530166 0
0.19124304175530166 0
0.19124304175530166 0
0.19124304175530166 0
0.19124304175530166 0
0.19124304175530166 0
0.19124304175530166 0
0.19124304175530166 0
0.19124304175530166 0
0.19124304175530166 0
0.19124304175530166 0
0.19124304175530166 0
0.19124304175530166 0
0.19124304175530166 0
0.19124304175530166 0
0.19124304175530166 0
0.19124304175530166 0
0.19124304175530166 0
0.19124304175530166 0
0.19124304175530166 0
0.19124304175530166 0
0.19124304175530166 0
0.19124304175530166 0
0.19124304175530166 0
0.19124304175530166 0
0.19124304175530166 0
0.19124304175530166 0
0.19124304175530166 0
0.19124304175530166 0
0.19124304175530166 0
0.19124304175530166 0
0.19124304175530166 0
0.19124304175530166 0
0.19124304175530166 0
0.19124304175530166 0
0.19124304175530166 0
0.19124304175530166 0
0.19124304175530166 0
0.19124304175530166 0
0.19124304175530166 0
0.19124304175530166 0
0.19124304175530166 0
0.19124304175530166 0
0.19124304175530166 0
0.19124304175530166 0
0.19124304175530166 0
0.19124304175530166 0
0.19124304175530166 0
0.19124304175530166 0
0.19124304175530166 0
0.19124304175530166 0
0.19124304175530166 0
0.19124304175530166 0
0.19124304175530166 0
0.19124304175530166 0
0.19124304175530166 0
0.19124304175530166 0
0.19124304175530166 0
0.19124304175530166 0
0.19124304175530166 0
0.19124304175530166 0
0.19124304175530166 0
0.19124304175530166 0
0.19124304175530166 0
0.19124304175530166 0
0.19124304175530166 0
0.19124304175530166 0
0.19124304175530166 0
0.19124304175530166 0
0.19124304175530166 0
0.19124304175530166 0
0.19124304175530166 0
0.19124304175530166 0
0.19124304175530166 0
0.19124304175530166 0
0.19124304175530166 0
0.19124304175530166 0
0.19124304175530166 0
0.19124304175530166 0
0.19124304175530166 0
0.19124304175530166 0
0.19124304175530166 0
0.19124304175530166 0
0.19124304175530166 0
0.19124304175530166 0
0.19124304175530166 0
0.19124304175530166 0
0.19124304175530166 0
0.19124304175530166 0
0.19124304175530166 0
0.19124304175530166 0
0.19124304175530166 0
0.19124304175530166 0
0.19124304175530166 0
0.19124304175530166 0
0.19124304175530166 0
0.19124304175530166 0
0.19124304175530166 0
0.19124304175530166 0
0.19124304175530166 0
0.19124304175530166 0
0.19124304175530166 0
0.19124304175530166 0
0.19124304175530166 0
0.19124304175530166 0
0.19124304175530166 0
0.19124304175530166 0
0.19124304175530166 0
0.19124304175530166 0
0.19124304175530166 0
0.19124304175530166 1
0.19124304175530166 1
0.19124304175530166 1
0.19124304175530166 1
0.19124304175530166 1
0.19124304175530166 1
0.19124304175530166 1
0.19124304175530166 1
0.19124304175530166 1
0.19124304175530166 1
0.19124304175530166 1
0.19124304175530166 1
0.19124304175530166 1
0.19124304175530166 1
0.19124304175530166 1
0.19124304175530166 1
0.19124304175530166 1
0.19124304175530166 1
0.19124304175530166 1
0.19124304175530166 1
0.19124304175530166 1
0.19124304175530166 1
0.19124304175530166 1
0.19124304175530166 1
0.19124304175530166 1
0.19124304175530166 1
0.19124304175530166 1
0.19124304175530166 1
0.19124304175530166 1
0.19124304175530166 1
0.19124304175530166 1
0.19124304175530166 1
0.18342730262830415 0
0.18342730262830415 0
0.18342730262830415 0
0.18342730262830415 0
0.18342730262830415 0
0.18342730262830415 0
0.18342730262830415 0
0.18342730262830415 0
0.18342730262830415 0
0.18342730262830415 1
0.18342730262830415 1
0.18342730262830415 1
0.18342730262830415 1
0.18342730262830415 1
0.18342730262830415 1
0.18342730262830415 1
0.18342730262830415 1
0.16730413619706944 0
0.16730413619706944 0
0.16730413619706944 0
0.16730413619706944 0
0.16730413619706944 0
0.16730413619706944 0
0.16730413619706944 0
0.16730413619706944 0
0.16730413619706944 0
0.16730413619706944 0
0.16730413619706944 0
0.16730413619706944 0
0.16730413619706944 0
0.16730413619706944 0
0.16730413619706944 1
0.1483738410751875 0
0.1483738410751875 0
0.1483738410751875 0
0.1483738410751875 0
0.1483738410751875 0
0.1483738410751875 0
0.1483738410751875 0
0.1483738410751875 0
0.1483738410751875 0
0.1483738410751875 0
0.1483738410751875 0
0.1483738410751875 0
0.1483738410751875 0
0.1483738410751875 0
0.1483738410751875 0
0.1483738410751875 0
0.1483738410751875 0
0.1483738410751875 0
0.1483738410751875 0
0.14684199656763183 0
0.14684199656763183 0
0.14684199656763183 0
0.1450565511679559 0
0.1450565511679559 0
0.1450565511679559 0
0.1450565511679559 0
0.1450565511679559 0
0.1450565511679559 0
0.1450565511679559 0
0.1450565511679559 0
0.1450565511679559 0
0.1450565511679559 0
0.1450565511679559 0
0.1450565511679559 0
0.1450565511679559 0
0.1450565511679559 0
0.1450565511679559 0
0.1450565511679559 0
0.1450565511679559 0
0.1450565511679559 0
0.1450565511679559 0
0.1450565511679559 0
0.1450565511679559 0
0.1450565511679559 0
0.1450565511679559 0
0.1450565511679559 0
0.1450565511679559 0
0.1450565511679559 0
0.1450565511679559 0
0.1450565511679559 0
0.1450565511679559 0
0.1450565511679559 0
0.1450565511679559 0
0.1450565511679559 0
0.1450565511679559 0
0.1450565511679559 1
0.1450565511679559 1
0.1450565511679559 1
0.1450565511679559 1
0.1450565511679559 1
0.1450565511679559 1
0.1450565511679559 1
0.1450565511679559 1
0.1450565511679559 1
0.13340926700412684 0
0.13340926700412684 0
0.13340926700412684 0
0.13340926700412684 0
0.13340926700412684 0
0.13340926700412684 0
0.13340926700412684 0
0.13340926700412684 0
0.13340926700412684 1
0.13340926700412684 1
0.10642566171813896 0
0.10642566171813896 0
0.10642566171813896 0
0.10642566171813896 0
0.10642566171813896 0
0.10642566171813896 0
0.10642566171813896 0
0.10642566171813896 0
0.10642566171813896 0
0.10642566171813896 0
0.10642566171813896 0
0.10642566171813896 0
0.10642566171813896 0
0.10642566171813896 0
0.10642566171813896 0
0.10642566171813896 0
0.10642566171813896 0
0.10642566171813896 0
0.10642566171813896 0
0.10642566171813896 0
0.10642566171813896 0
0.10642566171813896 0
0.10642566171813896 0
0.10642566171813896 0
0.10642566171813896 0
0.10642566171813896 0
0.10642566171813896 0
0.10642566171813896 0
0.10642566171813896 0
0.10642566171813896 0
0.10642566171813896 0
0.10642566171813896 0
0.10642566171813896 0
0.10642566171813896 0
0.10642566171813896 0
0.10642566171813896 0
0.10642566171813896 0
0.10642566171813896 0
0.10642566171813896 0
0.10642566171813896 0
0.10642566171813896 0
0.10642566171813896 0
0.10642566171813896 0
0.10642566171813896 0
0.10642566171813896 0
0.10642566171813896 0
0.10642566171813896 0
0.10642566171813896 0
0.10642566171813896 0
0.10642566171813896 0
0.10642566171813896 0
0.10642566171813896 0
0.10642566171813896 0
0.10642566171813896 0
0.10642566171813896 0
0.10642566171813896 0
0.10642566171813896 0
0.10642566171813896 0
0.10642566171813896 0
0.10642566171813896 0
0.10642566171813896 0
0.10642566171813896 0
0.10642566171813896 0
0.10642566171813896 0
0.10642566171813896 0
0.10642566171813896 0
0.10642566171813896 0
0.10642566171813896 0
0.10642566171813896 0
0.10642566171813896 0
0.10642566171813896 0
0.10642566171813896 0
0.10642566171813896 0
0.10642566171813896 0
0.10642566171813896 0
0.10642566171813896 0
0.10642566171813896 0
0.10642566171813896 0
0.10642566171813896 0
0.10642566171813896 0
0.10642566171813896 0
0.10642566171813896 0
0.10642566171813896 0
0.10642566171813896 0
0.10642566171813896 0
0.10642566171813896 0
0.10642566171813896 0
0.10642566171813896 0
0.10642566171813896 0
0.10642566171813896 0
0.10642566171813896 0
0.10642566171813896 0
0.10642566171813896 0
0.10642566171813896 0
0.10642566171813896 0
0.10642566171813896 0
0.10642566171813896 0
0.10642566171813896 0
0.10642566171813896 0
0.10642566171813896 0
0.10642566171813896 0
0.10642566171813896 0
0.10642566171813896 0
0.10642566171813896 0
0.10642566171813896 0
0.10642566171813896 0
0.10642566171813896 0
0.10642566171813896 0
0.10642566171813896 0
0.10642566171813896 0
0.10642566171813896 0
0.10642566171813896 0
0.10642566171813896 0
0.10642566171813896 0
0.10642566171813896 0
0.10642566171813896 0
0.10642566171813896 0
0.10642566171813896 0
0.10642566171813896 0
0.10642566171813896 0
0.10642566171813896 0
0.10642566171813896 0
0.10642566171813896 0
0.10642566171813896 0
0.10642566171813896 0
0.10642566171813896 0
0.10642566171813896 0
0.10642566171813896 0
0.10642566171813896 0
0.10642566171813896 0
0.10642566171813896 0
0.10642566171813896 0
0.10642566171813896 0
0.10642566171813896 0
0.10642566171813896 0
0.10642566171813896 0
0.10642566171813896 0
0.10642566171813896 0
0.10642566171813896 0
0.10642566171813896 0
0.10642566171813896 0
0.10642566171813896 0
0.10642566171813896 0
0.10642566171813896 0
0.10642566171813896 0
0.10642566171813896 0
0.10642566171813896 0
0.10642566171813896 0
0.10642566171813896 0
0.10642566171813896 0
0.10642566171813896 0
0.10642566171813896 0
0.10642566171813896 0
0.10642566171813896 0
0.10642566171813896 0
0.10642566171813896 0
0.10642566171813896 0
0.10642566171813896 0
0.10642566171813896 0
0.10642566171813896 0
0.10642566171813896 0
0.10642566171813896 0
0.10642566171813896 0
0.10642566171813896 0
0.10642566171813896 0
0.10642566171813896 0
0.10642566171813896 0
0.10642566171813896 0
0.10642566171813896 0
0.10642566171813896 0
0.10642566171813896 0
0.10642566171813896 0
0.10642566171813896 0
0.10642566171813896 0
0.10642566171813896 0
0.10642566171813896 0
0.10642566171813896 0
0.10642566171813896 0
0.10642566171813896 0
0.10642566171813896 0
0.10642566171813896 0
0.10642566171813896 0
0.10642566171813896 0
0.10642566171813896 0
0.10642566171813896 0
0.10642566171813896 0
0.10642566171813896 0
0.10642566171813896 0
0.10642566171813896 0
0.10642566171813896 0
0.10642566171813896 0
0.10642566171813896 0
0.10642566171813896 0
0.10642566171813896 0
0.10642566171813896 0
0.10642566171813896 0
0.10642566171813896 0
0.10642566171813896 0
0.10642566171813896 0
0.10642566171813896 0
0.10642566171813896 0
0.10642566171813896 0
0.10642566171813896 0
0.10642566171813896 0
0.10642566171813896 0
0.10642566171813896 0
0.10642566171813896 0
0.10642566171813896 0
0.10642566171813896 0
0.10642566171813896 0
0.10642566171813896 0
0.10642566171813896 0
0.10642566171813896 0
0.10642566171813896 0
0.10642566171813896 0
0.10642566171813896 0
0.10642566171813896 0
0.10642566171813896 0
0.10642566171813896 0
0.10642566171813896 0
0.10642566171813896 0
0.10642566171813896 0
0.10642566171813896 0
0.10642566171813896 0
0.10642566171813896 0
0.10642566171813896 0
0.10642566171813896 0
0.10642566171813896 0
0.10642566171813896 0
0.10642566171813896 0
0.10642566171813896 0
0.10642566171813896 0
0.10642566171813896 0
0.10642566171813896 0
0.10642566171813896 0
0.10642566171813896 0
0.10642566171813896 0
0.10642566171813896 0
0.10642566171813896 0
0.10642566171813896 0
0.10642566171813896 0
0.10642566171813896 0
0.10642566171813896 0
0.10642566171813896 0
0.10642566171813896 0
0.10642566171813896 0
0.10642566171813896 0
0.10642566171813896 0
0.10642566171813896 0
0.10642566171813896 0
0.10642566171813896 0
0.10642566171813896 0
0.10642566171813896 0
0.10642566171813896 0
0.10642566171813896 0
0.10642566171813896 0
0.10642566171813896 0
0.10642566171813896 0
0.10642566171813896 0
0.10642566171813896 0
0.10642566171813896 0
0.10642566171813896 0
0.10642566171813896 0
0.10642566171813896 0
0.10642566171813896 0
0.10642566171813896 0
0.10642566171813896 0
0.10642566171813896 0
0.10642566171813896 0
0.10642566171813896 0
0.10642566171813896 0
0.10642566171813896 0
0.10642566171813896 0
0.10642566171813896 0
0.10642566171813896 0
0.10642566171813896 0
0.10642566171813896 0
0.10642566171813896 0
0.10642566171813896 0
0.10642566171813896 0
0.10642566171813896 0
0.10642566171813896 0
0.10642566171813896 0
0.10642566171813896 0
0.10642566171813896 0
0.10642566171813896 0
0.10642566171813896 0
0.10642566171813896 0
0.10642566171813896 0
0.10642566171813896 0
0.10642566171813896 0
0.10642566171813896 0
0.10642566171813896 0
0.10642566171813896 0
0.10642566171813896 0
0.10642566171813896 0
0.10642566171813896 0
0.10642566171813896 0
0.10642566171813896 0
0.10642566171813896 0
0.10642566171813896 0
0.10642566171813896 0
0.10642566171813896 0
0.10642566171813896 0
0.10642566171813896 0
0.10642566171813896 0
0.10642566171813896 0
0.10642566171813896 0
0.10642566171813896 0
0.10642566171813896 0
0.10642566171813896 0
0.10642566171813896 0
0.10642566171813896 0
0.10642566171813896 0
0.10642566171813896 0
0.10642566171813896 0
0.10642566171813896 0
0.10642566171813896 0
0.10642566171813896 0
0.10642566171813896 0
0.10642566171813896 0
0.10642566171813896 0
0.10642566171813896 0
0.10642566171813896 0
0.10642566171813896 0
0.10642566171813896 0
0.10642566171813896 0
0.10642566171813896 0
0.10642566171813896 0
0.10642566171813896 0
0.10642566171813896 0
0.10642566171813896 0
0.10642566171813896 0
0.10642566171813896 0
0.10642566171813896 0
0.10642566171813896 0
0.10642566171813896 0
0.10642566171813896 0
0.10642566171813896 0
0.10642566171813896 0
0.10642566171813896 0
0.10642566171813896 0
0.10642566171813896 0
0.10642566171813896 0
0.10642566171813896 0
0.10642566171813896 0
0.10642566171813896 0
0.10642566171813896 0
0.10642566171813896 0
0.10642566171813896 0
0.10642566171813896 0
0.10642566171813896 0
0.10642566171813896 0
0.10642566171813896 0
0.10642566171813896 0
0.10642566171813896 0
0.10642566171813896 0
0.10642566171813896 0
0.10642566171813896 0
0.10642566171813896 0
0.10642566171813896 0
0.10642566171813896 0
0.10642566171813896 0
0.10642566171813896 0
0.10642566171813896 0
0.10642566171813896 0
0.10642566171813896 0
0.10642566171813896 0
0.10642566171813896 0
0.10642566171813896 0
0.10642566171813896 0
0.10642566171813896 0
0.10642566171813896 0
0.10642566171813896 0
0.10642566171813896 0
0.10642566171813896 0
0.10642566171813896 0
0.10642566171813896 0
0.10642566171813896 0
0.10642566171813896 0
0.10642566171813896 0
0.10642566171813896 0
0.10642566171813896 0
0.10642566171813896 0
0.10642566171813896 0
0.10642566171813896 0
0.10642566171813896 0
0.10642566171813896 0
0.10642566171813896 0
0.10642566171813896 0
0.10642566171813896 0
0.10642566171813896 0
0.10642566171813896 0
0.10642566171813896 0
0.10642566171813896 0
0.10642566171813896 0
0.10642566171813896 0
0.10642566171813896 0
0.10642566171813896 0
0.10642566171813896 0
0.10642566171813896 0
0.10642566171813896 0
0.10642566171813896 0
0.10642566171813896 0
0.10642566171813896 0
0.10642566171813896 0
0.10642566171813896 0
0.10642566171813896 0
0.10642566171813896 0
0.10642566171813896 0
0.10642566171813896 0
0.10642566171813896 0
0.10642566171813896 0
0.10642566171813896 0
0.10642566171813896 0
0.10642566171813896 0
0.10642566171813896 0
0.10642566171813896 0
0.10642566171813896 0
0.10642566171813896 0
0.10642566171813896 0
0.10642566171813896 0
0.10642566171813896 0
0.10642566171813896 0
0.10642566171813896 0
0.10642566171813896 0
0.10642566171813896 0
0.10642566171813896 0
0.10642566171813896 0
0.10642566171813896 0
0.10642566171813896 0
0.10642566171813896 0
0.10642566171813896 0
0.10642566171813896 0
0.10642566171813896 0
0.10642566171813896 0
0.10642566171813896 0
0.10642566171813896 0
0.10642566171813896 0
0.10642566171813896 0
0.10642566171813896 0
0.10642566171813896 0
0.10642566171813896 0
0.10642566171813896 0
0.10642566171813896 0
0.10642566171813896 0
0.10642566171813896 0
0.10642566171813896 0
0.10642566171813896 0
0.10642566171813896 0
0.10642566171813896 0
0.10642566171813896 0
0.10642566171813896 0
0.10642566171813896 0
0.10642566171813896 0
0.10642566171813896 0
0.10642566171813896 0
0.10642566171813896 0
0.10642566171813896 0
0.10642566171813896 0
0.10642566171813896 0
0.10642566171813896 0
0.10642566171813896 0
0.10642566171813896 0
0.10642566171813896 0
0.10642566171813896 0
0.10642566171813896 0
0.10642566171813896 0
0.10642566171813896 0
0.10642566171813896 0
0.10642566171813896 0
0.10642566171813896 0
0.10642566171813896 0
0.10642566171813896 0
0.10642566171813896 0
0.10642566171813896 0
0.10642566171813896 0
0.10642566171813896 0
0.10642566171813896 0
0.10642566171813896 0
0.10642566171813896 0
0.10642566171813896 0
0.10642566171813896 0
0.10642566171813896 0
0.10642566171813896 0
0.10642566171813896 0
0.10642566171813896 0
0.10642566171813896 0
0.10642566171813896 0
0.10642566171813896 0
0.10642566171813896 0
0.10642566171813896 0
0.10642566171813896 0
0.10642566171813896 0
0.10642566171813896 0
0.10642566171813896 0
0.10642566171813896 0
0.10642566171813896 0
0.10642566171813896 0
0.10642566171813896 0
0.10642566171813896 0
0.10642566171813896 0
0.10642566171813896 0
0.10642566171813896 0
0.10642566171813896 0
0.10642566171813896 0
0.10642566171813896 0
0.10642566171813896 0
0.10642566171813896 0
0.10642566171813896 0
0.10642566171813896 0
0.10642566171813896 0
0.10642566171813896 0
0.10642566171813896 0
0.10642566171813896 0
0.10642566171813896 0
0.10642566171813896 0
0.10642566171813896 0
0.10642566171813896 0
0.10642566171813896 0
0.10642566171813896 0
0.10642566171813896 0
0.10642566171813896 0
0.10642566171813896 0
0.10642566171813896 0
0.10642566171813896 0
0.10642566171813896 0
0.10642566171813896 0
0.10642566171813896 0
0.10642566171813896 0
0.10642566171813896 0
0.10642566171813896 0
0.10642566171813896 0
0.10642566171813896 0
0.10642566171813896 0
0.10642566171813896 0
0.10642566171813896 0
0.10642566171813896 0
0.10642566171813896 0
0.10642566171813896 0
0.10642566171813896 0
0.10642566171813896 0
0.10642566171813896 0
0.10642566171813896 0
0.10642566171813896 0
0.10642566171813896 0
0.10642566171813896 0
0.10642566171813896 0
0.10642566171813896 0
0.10642566171813896 0
0.10642566171813896 0
0.10642566171813896 0
0.10642566171813896 0
0.10642566171813896 0
0.10642566171813896 0
0.10642566171813896 0
0.10642566171813896 0
0.10642566171813896 0
0.10642566171813896 0
0.10642566171813896 0
0.10642566171813896 0
0.10642566171813896 0
0.10642566171813896 0
0.10642566171813896 0
0.10642566171813896 0
0.10642566171813896 0
0.10642566171813896 0
0.10642566171813896 0
0.10642566171813896 0
0.10642566171813896 0
0.10642566171813896 0
0.10642566171813896 0
0.10642566171813896 0
0.10642566171813896 0
0.10642566171813896 0
0.10642566171813896 0
0.10642566171813896 0
0.10642566171813896 0
0.10642566171813896 0
0.10642566171813896 0
0.10642566171813896 0
0.10642566171813896 0
0.10642566171813896 0
0.10642566171813896 0
0.10642566171813896 0
0.10642566171813896 0
0.10642566171813896 0
0.10642566171813896 0
0.10642566171813896 0
0.10642566171813896 0
0.10642566171813896 0
0.10642566171813896 0
0.10642566171813896 0
0.10642566171813896 0
0.10642566171813896 0
0.10642566171813896 0
0.10642566171813896 0
0.10642566171813896 0
0.10642566171813896 0
0.10642566171813896 0
0.10642566171813896 0
0.10642566171813896 0
0.10642566171813896 0
0.10642566171813896 0
0.10642566171813896 0
0.10642566171813896 0
0.10642566171813896 0
0.10642566171813896 0
0.10642566171813896 0
0.10642566171813896 0
0.10642566171813896 0
0.10642566171813896 0
0.10642566171813896 0
0.10642566171813896 0
0.10642566171813896 0
0.10642566171813896 0
0.10642566171813896 0
0.10642566171813896 0
0.10642566171813896 0
0.10642566171813896 0
0.10642566171813896 0
0.10642566171813896 0
0.10642566171813896 0
0.10642566171813896 0
0.10642566171813896 0
0.10642566171813896 0
0.10642566171813896 0
0.10642566171813896 0
0.10642566171813896 0
0.10642566171813896 0
0.10642566171813896 0
0.10642566171813896 0
0.10642566171813896 0
0.10642566171813896 0
0.10642566171813896 0
0.10642566171813896 0
0.10642566171813896 0
0.10642566171813896 0
0.10642566171813896 0
0.10642566171813896 0
0.10642566171813896 0
0.10642566171813896 0
0.10642566171813896 0
0.10642566171813896 0
0.10642566171813896 0
0.10642566171813896 0
0.10642566171813896 0
0.10642566171813896 0
0.10642566171813896 0
0.10642566171813896 0
0.10642566171813896 0
0.10642566171813896 0
0.10642566171813896 0
0.10642566171813896 0
0.10642566171813896 0
0.10642566171813896 0
0.10642566171813896 0
0.10642566171813896 0
0.10642566171813896 0
0.10642566171813896 0
0.10642566171813896 0
0.10642566171813896 0
0.10642566171813896 0
0.10642566171813896 0
0.10642566171813896 0
0.10642566171813896 0
0.10642566171813896 0
0.10642566171813896 0
0.10642566171813896 0
0.10642566171813896 0
0.10642566171813896 0
0.10642566171813896 0
0.10642566171813896 0
0.10642566171813896 0
0.10642566171813896 0
0.10642566171813896 0
0.10642566171813896 0
0.10642566171813896 0
0.10642566171813896 0
0.10642566171813896 0
0.10642566171813896 0
0.10642566171813896 0
0.10642566171813896 0
0.10642566171813896 0
0.10642566171813896 0
0.10642566171813896 0
0.10642566171813896 0
0.10642566171813896 0
0.10642566171813896 0
0.10642566171813896 0
0.10642566171813896 0
0.10642566171813896 0
0.10642566171813896 0
0.10642566171813896 0
0.10642566171813896 0
0.10642566171813896 0
0.10642566171813896 0
0.10642566171813896 0
0.10642566171813896 0
0.10642566171813896 0
0.10642566171813896 0
0.10642566171813896 0
0.10642566171813896 0
0.10642566171813896 0
0.10642566171813896 0
0.10642566171813896 0
0.10642566171813896 0
0.10642566171813896 0
0.10642566171813896 0
0.10642566171813896 0
0.10642566171813896 0
0.10642566171813896 0
0.10642566171813896 0
0.10642566171813896 0
0.10642566171813896 0
0.10642566171813896 0
0.10642566171813896 0
0.10642566171813896 0
0.10642566171813896 0
0.10642566171813896 0
0.10642566171813896 0
0.10642566171813896 0
0.10642566171813896 0
0.10642566171813896 0
0.10642566171813896 0
0.10642566171813896 0
0.10642566171813896 0
0.10642566171813896 0
0.10642566171813896 0
0.10642566171813896 0
0.10642566171813896 0
0.10642566171813896 0
0.10642566171813896 0
0.10642566171813896 0
0.10642566171813896 0
0.10642566171813896 0
0.10642566171813896 0
0.10642566171813896 0
0.10642566171813896 0
0.10642566171813896 0
0.10642566171813896 0
0.10642566171813896 0
0.10642566171813896 0
0.10642566171813896 0
0.10642566171813896 0
0.10642566171813896 0
0.10642566171813896 0
0.10642566171813896 0
0.10642566171813896 0
0.10642566171813896 0
0.10642566171813896 0
0.10642566171813896 0
0.10642566171813896 0
0.10642566171813896 0
0.10642566171813896 0
0.10642566171813896 0
0.10642566171813896 0
0.10642566171813896 0
0.10642566171813896 0
0.10642566171813896 0
0.10642566171813896 0
0.10642566171813896 0
0.10642566171813896 0
0.10642566171813896 0
0.10642566171813896 0
0.10642566171813896 0
0.10642566171813896 0
0.10642566171813896 0
0.10642566171813896 0
0.10642566171813896 0
0.10642566171813896 0
0.10642566171813896 0
0.10642566171813896 0
0.10642566171813896 0
0.10642566171813896 0
0.10642566171813896 0
0.10642566171813896 0
0.10642566171813896 0
0.10642566171813896 0
0.10642566171813896 0
0.10642566171813896 0
0.10642566171813896 0
0.10642566171813896 0
0.10642566171813896 0
0.10642566171813896 0
0.10642566171813896 0
0.10642566171813896 0
0.10642566171813896 0
0.10642566171813896 0
0.10642566171813896 0
0.10642566171813896 0
0.10642566171813896 0
0.10642566171813896 0
0.10642566171813896 0
0.10642566171813896 0
0.10642566171813896 0
0.10642566171813896 0
0.10642566171813896 0
0.10642566171813896 0
0.10642566171813896 0
0.10642566171813896 0
0.10642566171813896 0
0.10642566171813896 0
0.10642566171813896 0
0.10642566171813896 0
0.10642566171813896 0
0.10642566171813896 0
0.10642566171813896 0
0.10642566171813896 0
0.10642566171813896 0
0.10642566171813896 0
0.10642566171813896 0
0.10642566171813896 0
0.10642566171813896 0
0.10642566171813896 0
0.10642566171813896 0
0.10642566171813896 0
0.10642566171813896 0
0.10642566171813896 0
0.10642566171813896 0
0.10642566171813896 0
0.10642566171813896 0
0.10642566171813896 0
0.10642566171813896 0
0.10642566171813896 0
0.10642566171813896 0
0.10642566171813896 0
0.10642566171813896 0
0.10642566171813896 0
0.10642566171813896 0
0.10642566171813896 0
0.10642566171813896 0
0.10642566171813896 0
0.10642566171813896 0
0.10642566171813896 0
0.10642566171813896 0
0.10642566171813896 0
0.10642566171813896 0
0.10642566171813896 0
0.10642566171813896 0
0.10642566171813896 0
0.10642566171813896 0
0.10642566171813896 0
0.10642566171813896 0
0.10642566171813896 0
0.10642566171813896 0
0.10642566171813896 0
0.10642566171813896 0
0.10642566171813896 0
0.10642566171813896 0
0.10642566171813896 0
0.10642566171813896 0
0.10642566171813896 0
0.10642566171813896 0
0.10642566171813896 0
0.10642566171813896 0
0.10642566171813896 0
0.10642566171813896 0
0.10642566171813896 0
0.10642566171813896 0
0.10642566171813896 0
0.10642566171813896 0
0.10642566171813896 0
0.10642566171813896 0
0.10642566171813896 0
0.10642566171813896 0
0.10642566171813896 0
0.10642566171813896 0
0.10642566171813896 0
0.10642566171813896 0
0.10642566171813896 0
0.10642566171813896 0
0.10642566171813896 0
0.10642566171813896 0
0.10642566171813896 0
0.10642566171813896 0
0.10642566171813896 0
0.10642566171813896 0
0.10642566171813896 0
0.10642566171813896 0
0.10642566171813896 0
0.10642566171813896 0
0.10642566171813896 0
0.10642566171813896 0
0.10642566171813896 0
0.10642566171813896 0
0.10642566171813896 0
0.10642566171813896 0
0.10642566171813896 0
0.10642566171813896 0
0.10642566171813896 0
0.10642566171813896 0
0.10642566171813896 0
0.10642566171813896 0
0.10642566171813896 0
0.10642566171813896 0
0.10642566171813896 0
0.10642566171813896 0
0.10642566171813896 0
0.10642566171813896 0
0.10642566171813896 0
0.10642566171813896 0
0.10642566171813896 0
0.10642566171813896 0
0.10642566171813896 0
0.10642566171813896 0
0.10642566171813896 0
0.10642566171813896 0
0.10642566171813896 0
0.10642566171813896 0
0.10642566171813896 0
0.10642566171813896 0
0.10642566171813896 0
0.10642566171813896 0
0.10642566171813896 0
0.10642566171813896 0
0.10642566171813896 0
0.10642566171813896 0
0.10642566171813896 1
0.10642566171813896 1
0.10642566171813896 1
0.10642566171813896 1
0.10642566171813896 1
0.0999134726486257 0
0.0999134726486257 0
0.0999134726486257 0
0.0999134726486257 0
0.0999134726486257 0
0.0999134726486257 0
0.0999134726486257 0
0.0999134726486257 0
0.0999134726486257 0
0.0999134726486257 0
0.0999134726486257 0
0.0999134726486257 0
0.0999134726486257 0
0.0999134726486257 0
0.0999134726486257 0
0.0999134726486257 0
0.0999134726486257 0
0.0999134726486257 0
0.0999134726486257 0
0.0999134726486257 0
0.0999134726486257 0
0.0999134726486257 0
0.0999134726486257 0
0.0999134726486257 0
0.0999134726486257 0
0.0999134726486257 0
0.0999134726486257 0
0.0999134726486257 0
0.0999134726486257 0
0.0999134726486257 0
0.0999134726486257 0
0.0999134726486257 0
0.0999134726486257 0
0.0999134726486257 0
0.0999134726486257 0
0.0999134726486257 0
0.0999134726486257 0
0.0999134726486257 0
0.0999134726486257 0
0.0999134726486257 0
0.0999134726486257 0
0.0999134726486257 1
0.0999134726486257 1
0.0999134726486257 1
0.0999134726486257 1
0.0999134726486257 1
0.0999134726486257 1
0.0886038181562072 0
0.0886038181562072 0
0.0886038181562072 0
0.0886038181562072 0
0.0886038181562072 0
0.0886038181562072 0
0.0886038181562072 0
0.0886038181562072 0
0.0886038181562072 0
0.0886038181562072 0
0.0886038181562072 0
0.0886038181562072 0
0.0886038181562072 0
0.0886038181562072 0
0.0886038181562072 0
0.0886038181562072 0
0.0886038181562072 0
0.0886038181562072 0
0.0886038181562072 0
0.0886038181562072 0
0.0886038181562072 0
0.0886038181562072 0
0.0886038181562072 0
0.0886038181562072 0
0.0886038181562072 0
0.0886038181562072 0
0.0886038181562072 0
0.0886038181562072 0
0.0886038181562072 0
0.0886038181562072 0
0.0886038181562072 0
0.0886038181562072 0
0.0886038181562072 0
0.0886038181562072 0
0.0886038181562072 0
0.0886038181562072 0
0.0886038181562072 0
0.0886038181562072 0
0.0886038181562072 0
0.0886038181562072 0
0.0886038181562072 0
0.0886038181562072 0
0.0886038181562072 0
0.0886038181562072 0
0.0886038181562072 0
0.0886038181562072 0
0.0886038181562072 0
0.0886038181562072 0
0.0886038181562072 0
0.0886038181562072 0
0.0886038181562072 0
0.0886038181562072 0
0.0886038181562072 0
0.0886038181562072 0
0.0886038181562072 0
0.0886038181562072 0
0.0886038181562072 0
0.0886038181562072 0
0.0886038181562072 0
0.0886038181562072 0
0.0886038181562072 0
0.0886038181562072 0
0.0886038181562072 0
0.0886038181562072 0
0.0886038181562072 0
0.0886038181562072 0
0.0886038181562072 0
0.0886038181562072 0
0.0886038181562072 0
0.0886038181562072 0
0.0886038181562072 0
0.0886038181562072 0
0.0886038181562072 0
0.0886038181562072 0
0.0886038181562072 0
0.0886038181562072 0
0.0886038181562072 0
0.0886038181562072 0
0.0886038181562072 0
0.0886038181562072 0
0.0886038181562072 0
0.0886038181562072 0
0.0886038181562072 0
0.0886038181562072 0
0.0886038181562072 0
0.0886038181562072 0
0.0886038181562072 0
0.0886038181562072 0
0.0886038181562072 0
0.0886038181562072 0
0.0886038181562072 0
0.0886038181562072 0
0.0886038181562072 0
0.0886038181562072 0
0.0886038181562072 0
0.0886038181562072 0
0.0886038181562072 0
0.0886038181562072 0
0.0886038181562072 0
0.0886038181562072 0
0.0886038181562072 0
0.0886038181562072 0
0.0886038181562072 0
0.0886038181562072 0
0.0886038181562072 0
0.0886038181562072 0
0.0886038181562072 1
0.0886038181562072 1
0.0886038181562072 1
0.0886038181562072 1
0.0886038181562072 1
0.0886038181562072 1
0.0886038181562072 1
0.0886038181562072 1
0.08362578690581927 0
0.08362578690581927 0
0.08362578690581927 0
0.08362578690581927 0
0.08362578690581927 0
0.08362578690581927 0
0.08362578690581927 0
0.08362578690581927 0
0.08362578690581927 0
0.08362578690581927 0
0.08362578690581927 0
0.08362578690581927 0
0.08362578690581927 0
0.08362578690581927 0
0.08362578690581927 0
0.08362578690581927 0
0.08362578690581927 0
0.08362578690581927 0
0.08362578690581927 0
0.08362578690581927 0
0.08362578690581927 0
0.08362578690581927 0
0.08362578690581927 0
0.08362578690581927 0
0.08362578690581927 0
0.08362578690581927 0
0.08362578690581927 0
0.08362578690581927 0
0.08362578690581927 0
0.08362578690581927 0
0.08362578690581927 0
0.08362578690581927 0
0.08362578690581927 0
0.08362578690581927 0
0.08362578690581927 0
0.08362578690581927 0
0.08362578690581927 0
0.08362578690581927 0
0.08362578690581927 0
0.08362578690581927 0
0.08362578690581927 0
0.08362578690581927 0
0.08362578690581927 0
0.08362578690581927 0
0.08362578690581927 0
0.08362578690581927 0
0.08362578690581927 0
0.08362578690581927 0
0.08362578690581927 0
0.08362578690581927 0
0.08362578690581927 0
0.08362578690581927 0
0.08362578690581927 0
0.08362578690581927 0
0.08362578690581927 0
0.08362578690581927 0
0.08362578690581927 0
0.08362578690581927 0
0.08362578690581927 0
0.08362578690581927 0
0.08362578690581927 0
0.08362578690581927 0
0.08362578690581927 0
0.08362578690581927 0
0.08362578690581927 0
0.08362578690581927 0
0.08362578690581927 0
0.08362578690581927 0
0.08362578690581927 0
0.08362578690581927 0
0.08362578690581927 0
0.08362578690581927 0
0.08362578690581927 0
0.08362578690581927 0
0.08362578690581927 0
0.08362578690581927 0
0.08362578690581927 0
0.08362578690581927 0
0.08362578690581927 0
0.08362578690581927 0
0.08362578690581927 0
0.08362578690581927 0
0.08362578690581927 0
0.08362578690581927 0
0.08362578690581927 0
0.08362578690581927 0
0.08362578690581927 0
0.08362578690581927 0
0.08362578690581927 0
0.08362578690581927 0
0.08362578690581927 0
0.08362578690581927 0
0.08362578690581927 0
0.08362578690581927 0
0.08362578690581927 0
0.08362578690581927 0
0.08362578690581927 0
0.08362578690581927 0
0.08362578690581927 0
0.08362578690581927 0
0.08362578690581927 0
0.08362578690581927 0
0.08362578690581927 0
0.08362578690581927 0
0.08362578690581927 0
0.08362578690581927 0
0.08362578690581927 0
0.08362578690581927 0
0.08362578690581927 0
0.08362578690581927 0
0.08362578690581927 0
0.08362578690581927 0
0.08362578690581927 0
0.08362578690581927 0
0.08362578690581927 0
0.08362578690581927 0
0.08362578690581927 0
0.08362578690581927 0
0.08362578690581927 0
0.08362578690581927 0
0.08362578690581927 0
0.08362578690581927 0
0.08362578690581927 0
0.08362578690581927 0
0.08362578690581927 0
0.08362578690581927 0
0.08362578690581927 0
0.08362578690581927 0
0.08362578690581927 0
0.08362578690581927 0
0.08362578690581927 0
0.08362578690581927 0
0.08362578690581927 0
0.08362578690581927 0
0.08362578690581927 0
0.08362578690581927 0
0.08362578690581927 0
0.08362578690581927 0
0.08362578690581927 0
0.08362578690581927 0
0.08362578690581927 0
0.08362578690581927 0
0.08362578690581927 0
0.08362578690581927 0
0.08362578690581927 0
0.08362578690581927 0
0.08362578690581927 0
0.08362578690581927 0
0.08362578690581927 0
0.08362578690581927 0
0.08362578690581927 0
0.08362578690581927 0
0.08362578690581927 0
0.08362578690581927 0
0.08362578690581927 0
0.08362578690581927 0
0.08362578690581927 0
0.08362578690581927 0
0.08362578690581927 0
0.08362578690581927 0
0.08362578690581927 0
0.08362578690581927 0
0.08362578690581927 0
0.08362578690581927 0
0.08362578690581927 0
0.08362578690581927 0
0.08362578690581927 0
0.08362578690581927 0
0.08362578690581927 0
0.08362578690581927 0
0.08362578690581927 0
0.08362578690581927 0
0.08362578690581927 0
0.08362578690581927 0
0.08362578690581927 0
0.08362578690581927 0
0.08362578690581927 0
0.08362578690581927 0
0.08362578690581927 0
0.08362578690581927 0
0.08362578690581927 0
0.08362578690581927 0
0.08362578690581927 0
0.08362578690581927 0
0.08362578690581927 0
0.08362578690581927 0
0.08362578690581927 0
0.08362578690581927 0
0.08362578690581927 0
0.08362578690581927 0
0.08362578690581927 0
0.08362578690581927 0
0.08362578690581927 0
0.08362578690581927 0
0.08362578690581927 0
0.08362578690581927 0
0.08362578690581927 0
0.08362578690581927 0
0.08362578690581927 0
0.08362578690581927 0
0.08362578690581927 0
0.08362578690581927 0
0.08362578690581927 0
0.08362578690581927 0
0.08362578690581927 0
0.08362578690581927 0
0.08362578690581927 0
0.08362578690581927 0
0.08362578690581927 0
0.08362578690581927 0
0.08362578690581927 0
0.08362578690581927 0
0.08362578690581927 0
0.08362578690581927 0
0.08362578690581927 0
0.08362578690581927 0
0.08362578690581927 0
0.08362578690581927 0
0.08362578690581927 0
0.08362578690581927 0
0.08362578690581927 0
0.08362578690581927 0
0.08362578690581927 0
0.08362578690581927 0
0.08362578690581927 0
0.08362578690581927 0
0.08362578690581927 0
0.08362578690581927 0
0.08362578690581927 0
0.08362578690581927 0
0.08362578690581927 0
0.08362578690581927 0
0.08362578690581927 0
0.08362578690581927 0
0.08362578690581927 0
0.08362578690581927 0
0.08362578690581927 0
0.08362578690581927 0
0.08362578690581927 0
0.08362578690581927 0
0.08362578690581927 0
0.08362578690581927 0
0.08362578690581927 0
0.08362578690581927 0
0.08362578690581927 0
0.08362578690581927 0
0.08362578690581927 0
0.08362578690581927 0
0.08362578690581927 0
0.08362578690581927 0
0.08362578690581927 0
0.08362578690581927 0
0.08362578690581927 0
0.08362578690581927 0
0.08362578690581927 0
0.08362578690581927 0
0.08362578690581927 0
0.08362578690581927 0
0.08362578690581927 0
0.08362578690581927 0
0.08362578690581927 0
0.08362578690581927 0
0.08362578690581927 0
0.08362578690581927 0
0.08362578690581927 0
0.08362578690581927 0
0.08362578690581927 0
0.08362578690581927 0
0.08362578690581927 0
0.08362578690581927 0
0.08362578690581927 0
0.08362578690581927 0
0.08362578690581927 0
0.08362578690581927 0
0.08362578690581927 0
0.08362578690581927 0
0.08362578690581927 0
0.08362578690581927 0
0.08362578690581927 0
0.08362578690581927 0
0.08362578690581927 0
0.08362578690581927 0
0.08362578690581927 0
0.08362578690581927 0
0.08362578690581927 0
0.08362578690581927 0
0.08362578690581927 0
0.08362578690581927 0
0.08362578690581927 0
0.08362578690581927 0
0.08362578690581927 0
0.08362578690581927 0
0.08362578690581927 0
0.08362578690581927 0
0.08362578690581927 0
0.08362578690581927 0
0.08362578690581927 0
0.08362578690581927 0
0.08362578690581927 0
0.08362578690581927 0
0.08362578690581927 0
0.08362578690581927 0
0.08362578690581927 0
0.08362578690581927 0
0.08362578690581927 0
0.08362578690581927 0
0.08362578690581927 0
0.08362578690581927 0
0.08362578690581927 0
0.08362578690581927 0
0.08362578690581927 0
0.08362578690581927 0
0.08362578690581927 0
0.08362578690581927 0
0.08362578690581927 0
0.08362578690581927 0
0.08362578690581927 0
0.08362578690581927 0
0.08362578690581927 0
0.08362578690581927 0
0.08362578690581927 0
0.08362578690581927 0
0.08362578690581927 0
0.08362578690581927 0
0.08362578690581927 0
0.08362578690581927 0
0.08362578690581927 0
0.08362578690581927 0
0.08362578690581927 0
0.08362578690581927 0
0.08362578690581927 0
0.08362578690581927 0
0.08362578690581927 0
0.08362578690581927 0
0.08362578690581927 0
0.08362578690581927 0
0.08362578690581927 0
0.08362578690581927 0
0.08362578690581927 0
0.08362578690581927 0
0.08362578690581927 0
0.08362578690581927 0
0.08362578690581927 0
0.08362578690581927 0
0.08362578690581927 0
0.08362578690581927 0
0.08362578690581927 0
0.08362578690581927 0
0.08362578690581927 0
0.08362578690581927 0
0.08362578690581927 0
0.08362578690581927 0
0.08362578690581927 0
0.08362578690581927 0
0.08362578690581927 0
0.08362578690581927 0
0.08362578690581927 0
0.08362578690581927 0
0.08362578690581927 0
0.08362578690581927 0
0.08362578690581927 0
0.08362578690581927 0
0.08362578690581927 0
0.08362578690581927 0
0.08362578690581927 0
0.08362578690581927 0
0.08362578690581927 0
0.08362578690581927 0
0.08362578690581927 0
0.08362578690581927 0
0.08362578690581927 0
0.08362578690581927 0
0.08362578690581927 0
0.08362578690581927 0
0.08362578690581927 0
0.08362578690581927 0
0.08362578690581927 0
0.08362578690581927 0
0.08362578690581927 0
0.08362578690581927 0
0.08362578690581927 0
0.08362578690581927 0
0.08362578690581927 0
0.08362578690581927 0
0.08362578690581927 0
0.08362578690581927 0
0.08362578690581927 0
0.08362578690581927 0
0.08362578690581927 0
0.08362578690581927 0
0.08362578690581927 0
0.08362578690581927 0
0.08362578690581927 0
0.08362578690581927 0
0.08362578690581927 0
0.08362578690581927 0
0.08362578690581927 0
0.08362578690581927 0
0.08362578690581927 0
0.08362578690581927 0
0.08362578690581927 0
0.08362578690581927 0
0.08362578690581927 0
0.08362578690581927 0
0.08362578690581927 0
0.08362578690581927 0
0.08362578690581927 0
0.08362578690581927 0
0.08362578690581927 0
0.08362578690581927 0
0.08362578690581927 0
0.08362578690581927 0
0.08362578690581927 0
0.08362578690581927 0
0.08362578690581927 0
0.08362578690581927 0
0.08362578690581927 0
0.08362578690581927 0
0.08362578690581927 0
0.08362578690581927 0
0.08362578690581927 0
0.08362578690581927 0
0.08362578690581927 0
0.08362578690581927 0
0.08362578690581927 0
0.08362578690581927 0
0.08362578690581927 0
0.08362578690581927 0
0.08362578690581927 0
0.08362578690581927 0
0.08362578690581927 0
0.08362578690581927 0
0.08362578690581927 0
0.08362578690581927 0
0.08362578690581927 0
0.08362578690581927 0
0.08362578690581927 0
0.08362578690581927 0
0.08362578690581927 0
0.08362578690581927 0
0.08362578690581927 0
0.08362578690581927 0
0.08362578690581927 0
0.08362578690581927 0
0.08362578690581927 0
0.08362578690581927 0
0.08362578690581927 0
0.08362578690581927 0
0.08362578690581927 0
0.08362578690581927 0
0.08362578690581927 0
0.08362578690581927 0
0.08362578690581927 0
0.08362578690581927 0
0.08362578690581927 0
0.08362578690581927 0
0.08362578690581927 0
0.08362578690581927 0
0.08362578690581927 0
0.08362578690581927 0
0.08362578690581927 0
0.08362578690581927 0
0.08362578690581927 0
0.08362578690581927 0
0.08362578690581927 0
0.08362578690581927 0
0.08362578690581927 0
0.08362578690581927 0
0.08362578690581927 0
0.08362578690581927 0
0.08362578690581927 0
0.08362578690581927 0
0.08362578690581927 0
0.08362578690581927 0
0.08362578690581927 0
0.08362578690581927 0
0.08362578690581927 0
0.08362578690581927 0
0.08362578690581927 0
0.08362578690581927 0
0.08362578690581927 0
0.08362578690581927 0
0.08362578690581927 0
0.08362578690581927 0
0.08362578690581927 0
0.08362578690581927 0
0.08362578690581927 0
0.08362578690581927 0
0.08362578690581927 0
0.08362578690581927 0
0.08362578690581927 0
0.08362578690581927 0
0.08362578690581927 0
0.08362578690581927 0
0.08362578690581927 0
0.08362578690581927 0
0.08362578690581927 0
0.08362578690581927 0
0.08362578690581927 0
0.08362578690581927 0
0.08362578690581927 0
0.08362578690581927 0
0.08362578690581927 0
0.08362578690581927 0
0.08362578690581927 0
0.08362578690581927 0
0.08362578690581927 0
0.08362578690581927 0
0.08362578690581927 0
0.08362578690581927 0
0.08362578690581927 0
0.08362578690581927 0
0.08362578690581927 0
0.08362578690581927 0
0.08362578690581927 0
0.08362578690581927 0
0.08362578690581927 0
0.08362578690581927 0
0.08362578690581927 0
0.08362578690581927 0
0.08362578690581927 0
0.08362578690581927 0
0.08362578690581927 0
0.08362578690581927 0
0.08362578690581927 0
0.08362578690581927 0
0.08362578690581927 0
0.08362578690581927 0
0.08362578690581927 0
0.08362578690581927 0
0.08362578690581927 0
0.08362578690581927 0
0.08362578690581927 0
0.08362578690581927 0
0.08362578690581927 0
0.08362578690581927 0
0.08362578690581927 0
0.08362578690581927 0
0.08362578690581927 0
0.08362578690581927 0
0.08362578690581927 0
0.08362578690581927 0
0.08362578690581927 0
0.08362578690581927 0
0.08362578690581927 0
0.08362578690581927 0
0.08362578690581927 0
0.08362578690581927 0
0.08362578690581927 0
0.08362578690581927 0
0.08362578690581927 0
0.08362578690581927 0
0.08362578690581927 0
0.08362578690581927 0
0.08362578690581927 0
0.08362578690581927 0
0.08362578690581927 0
0.08362578690581927 0
0.08362578690581927 0
0.08362578690581927 0
0.08362578690581927 0
0.08362578690581927 0
0.08362578690581927 0
0.08362578690581927 0
0.08362578690581927 0
0.08362578690581927 0
0.08362578690581927 0
0.08362578690581927 0
0.08362578690581927 0
0.08362578690581927 0
0.08362578690581927 0
0.08362578690581927 0
0.08362578690581927 0
0.08362578690581927 0
0.08362578690581927 0
0.08362578690581927 0
0.08362578690581927 0
0.08362578690581927 0
0.08362578690581927 0
0.08362578690581927 0
0.08362578690581927 0
0.08362578690581927 0
0.08362578690581927 0
0.08362578690581927 0
0.08362578690581927 0
0.08362578690581927 0
0.08362578690581927 0
0.08362578690581927 0
0.08362578690581927 0
0.08362578690581927 0
0.08362578690581927 0
0.08362578690581927 0
0.08362578690581927 0
0.08362578690581927 0
0.08362578690581927 0
0.08362578690581927 0
0.08362578690581927 0
0.08362578690581927 0
0.08362578690581927 0
0.08362578690581927 0
0.08362578690581927 0
0.08362578690581927 0
0.08362578690581927 0
0.08362578690581927 0
0.08362578690581927 0
0.08362578690581927 0
0.08362578690581927 0
0.08362578690581927 0
0.08362578690581927 0
0.08362578690581927 0
0.08362578690581927 0
0.08362578690581927 0
0.08362578690581927 0
0.08362578690581927 0
0.08362578690581927 0
0.08362578690581927 0
0.08362578690581927 0
0.08362578690581927 0
0.08362578690581927 0
0.08362578690581927 0
0.08362578690581927 0
0.08362578690581927 0
0.08362578690581927 0
0.08362578690581927 0
0.08362578690581927 0
0.08362578690581927 0
0.08362578690581927 0
0.08362578690581927 0
0.08362578690581927 0
0.08362578690581927 0
0.08362578690581927 0
0.08362578690581927 0
0.08362578690581927 0
0.08362578690581927 0
0.08362578690581927 0
0.08362578690581927 0
0.08362578690581927 0
0.08362578690581927 0
0.08362578690581927 0
0.08362578690581927 0
0.08362578690581927 0
0.08362578690581927 0
0.08362578690581927 0
0.08362578690581927 0
0.08362578690581927 0
0.08362578690581927 0
0.08362578690581927 0
0.08362578690581927 0
0.08362578690581927 0
0.08362578690581927 0
0.08362578690581927 0
0.08362578690581927 0
0.08362578690581927 0
0.08362578690581927 0
0.08362578690581927 0
0.08362578690581927 0
0.08362578690581927 0
0.08362578690581927 0
0.08362578690581927 0
0.08362578690581927 0
0.08362578690581927 0
0.08362578690581927 0
0.08362578690581927 0
0.08362578690581927 0
0.08362578690581927 0
0.08362578690581927 0
0.08362578690581927 0
0.08362578690581927 0
0.08362578690581927 0
0.08362578690581927 0
0.08362578690581927 0
0.08362578690581927 0
0.08362578690581927 0
0.08362578690581927 0
0.08362578690581927 0
0.08362578690581927 0
0.08362578690581927 0
0.08362578690581927 0
0.08362578690581927 0
0.08362578690581927 0
0.08362578690581927 0
0.08362578690581927 0
0.08362578690581927 0
0.08362578690581927 0
0.08362578690581927 0
0.08362578690581927 0
0.08362578690581927 0
0.08362578690581927 0
0.08362578690581927 0
0.08362578690581927 0
0.08362578690581927 0
0.08362578690581927 0
0.08362578690581927 0
0.08362578690581927 0
0.08362578690581927 0
0.08362578690581927 0
0.08362578690581927 0
0.08362578690581927 0
0.08362578690581927 0
0.08362578690581927 0
0.08362578690581927 0
0.08362578690581927 0
0.08362578690581927 0
0.08362578690581927 0
0.08362578690581927 0
0.08362578690581927 0
0.08362578690581927 0
0.08362578690581927 0
0.08362578690581927 0
0.08362578690581927 0
0.08362578690581927 0
0.08362578690581927 0
0.08362578690581927 0
0.08362578690581927 0
0.08362578690581927 0
0.08362578690581927 0
0.08362578690581927 0
0.08362578690581927 0
0.08362578690581927 0
0.08362578690581927 0
0.08362578690581927 0
0.08362578690581927 0
0.08362578690581927 0
0.08362578690581927 0
0.08362578690581927 0
0.08362578690581927 0
0.08362578690581927 0
0.08362578690581927 0
0.08362578690581927 0
0.08362578690581927 0
0.08362578690581927 0
0.08362578690581927 0
0.08362578690581927 0
0.08362578690581927 0
0.08362578690581927 0
0.08362578690581927 0
0.08362578690581927 0
0.08362578690581927 0
0.08362578690581927 0
0.08362578690581927 0
0.08362578690581927 0
0.08362578690581927 0
0.08362578690581927 0
0.08362578690581927 0
0.08362578690581927 0
0.08362578690581927 0
0.08362578690581927 0
0.08362578690581927 0
0.08362578690581927 0
0.08362578690581927 0
0.08362578690581927 0
0.08362578690581927 0
0.08362578690581927 0
0.08362578690581927 0
0.08362578690581927 0
0.08362578690581927 0
0.08362578690581927 0
0.08362578690581927 0
0.08362578690581927 0
0.08362578690581927 0
0.08362578690581927 0
0.08362578690581927 0
0.08362578690581927 0
0.08362578690581927 0
0.08362578690581927 0
0.08362578690581927 0
0.08362578690581927 0
0.08362578690581927 0
0.08362578690581927 0
0.08362578690581927 0
0.08362578690581927 0
0.08362578690581927 0
0.08362578690581927 0
0.08362578690581927 0
0.08362578690581927 0
0.08362578690581927 0
0.08362578690581927 0
0.08362578690581927 0
0.08362578690581927 0
0.08362578690581927 0
0.08362578690581927 0
0.08362578690581927 0
0.08362578690581927 0
0.08362578690581927 0
0.08362578690581927 0
0.08362578690581927 0
0.08362578690581927 0
0.08362578690581927 0
0.08362578690581927 0
0.08362578690581927 0
0.08362578690581927 0
0.08362578690581927 0
0.08362578690581927 0
0.08362578690581927 0
0.08362578690581927 0
0.08362578690581927 0
0.08362578690581927 0
0.08362578690581927 0
0.08362578690581927 0
0.08362578690581927 0
0.08362578690581927 0
0.08362578690581927 0
0.08362578690581927 0
0.08362578690581927 0
0.08362578690581927 0
0.08362578690581927 0
0.08362578690581927 0
0.08362578690581927 0
0.08269218401412977 0
0.08269218401412977 0
0.08269218401412977 0
0.08269218401412977 0
0.08269218401412977 0
0.08269218401412977 0
0.08269218401412977 0
0.08269218401412977 0
0.08269218401412977 0
0.08269218401412977 0
0.08269218401412977 0
0.08269218401412977 0
0.08269218401412977 0
0.08269218401412977 0
0.08269218401412977 0
0.08269218401412977 0
0.08269218401412977 0
0.08269218401412977 0
0.08269218401412977 0
0.08269218401412977 0
0.08269218401412977 0
0.08269218401412977 0
0.08269218401412977 0
0.08269218401412977 0
0.08269218401412977 0
0.08269218401412977 0
0.08269218401412977 0
0.08269218401412977 0
0.08269218401412977 0
0.08269218401412977 0
0.08269218401412977 0
0.08269218401412977 0
0.08269218401412977 0
0.08269218401412977 0
0.08269218401412977 0
0.08269218401412977 0
0.08269218401412977 0
0.08086420638705992 0
0.08086420638705992 0
0.08086420638705992 0
0.08086420638705992 0
0.08086420638705992 0
0.08086420638705992 0
0.08086420638705992 0
0.08086420638705992 0
0.08086420638705992 0
0.08086420638705992 0
0.08086420638705992 0
0.08086420638705992 0
0.08086420638705992 0
0.08086420638705992 0
0.08086420638705992 0
0.08086420638705992 0
0.08086420638705992 0
0.08086420638705992 0
0.08086420638705992 0
0.08086420638705992 0
0.08086420638705992 0
0.08086420638705992 0
0.08086420638705992 0
0.08086420638705992 0
0.08086420638705992 0
0.08086420638705992 0
0.08086420638705992 0
0.08086420638705992 0
0.08086420638705992 0
0.08086420638705992 0
0.08086420638705992 0
0.08086420638705992 0
0.08086420638705992 0
0.08086420638705992 0
0.08086420638705992 0
0.08086420638705992 0
0.08086420638705992 0
0.08086420638705992 0
0.08086420638705992 0
0.08086420638705992 0
0.07699433164815168 0
0.07699433164815168 0
0.07699433164815168 0
0.07699433164815168 0
0.07699433164815168 0
0.07699433164815168 0
0.07699433164815168 0
0.07699433164815168 0
0.07699433164815168 0
0.07699433164815168 0
0.07699433164815168 0
0.07699433164815168 0
0.07699433164815168 0
0.07699433164815168 0
0.07699433164815168 0
0.07699433164815168 0
0.07699433164815168 0
0.07699433164815168 0
0.07699433164815168 0
0.07699433164815168 0
0.07699433164815168 0
0.07699433164815168 0
0.07699433164815168 0
0.07699433164815168 0
0.07699433164815168 0
0.07699433164815168 0
0.07699433164815168 0
0.07699433164815168 0
0.07699433164815168 0
0.07699433164815168 0
0.07699433164815168 0
0.07699433164815168 0
0.07699433164815168 0
0.07699433164815168 0
0.07699433164815168 0
0.07699433164815168 0
0.07699433164815168 0
0.07699433164815168 0
0.07699433164815168 0
0.07699433164815168 0
0.07699433164815168 0
0.07699433164815168 0
0.07699433164815168 0
0.07699433164815168 0
0.07699433164815168 0
0.07699433164815168 0
0.07699433164815168 0
0.07699433164815168 0
0.07699433164815168 0
0.07699433164815168 0
0.07699433164815168 0
0.07699433164815168 0
0.07699433164815168 0
0.07699433164815168 0
0.07699433164815168 0
0.07699433164815168 0
0.07699433164815168 0
0.07699433164815168 0
0.07699433164815168 0
0.07699433164815168 0
0.07699433164815168 0
0.07699433164815168 0
0.07699433164815168 0
0.07699433164815168 0
0.07699433164815168 0
0.07699433164815168 0
0.07699433164815168 0
0.07699433164815168 0
0.07699433164815168 0
0.07699433164815168 0
0.07699433164815168 0
0.07699433164815168 0
0.07699433164815168 0
0.07699433164815168 0
0.07699433164815168 0
0.07699433164815168 0
0.07699433164815168 0
0.07699433164815168 0
0.07699433164815168 0
0.07699433164815168 0
0.07699433164815168 0
0.07699433164815168 0
0.07699433164815168 0
0.07699433164815168 0
0.07699433164815168 0
0.07699433164815168 0
0.07699433164815168 0
0.07699433164815168 0
0.07699433164815168 0
0.07699433164815168 0
0.07699433164815168 0
0.07699433164815168 0
0.07699433164815168 0
0.07699433164815168 0
0.07699433164815168 0
0.07699433164815168 0
0.07699433164815168 0
0.07699433164815168 0
0.07699433164815168 0
0.07699433164815168 0
0.07699433164815168 0
0.07699433164815168 0
0.07699433164815168 0
0.07699433164815168 0
0.07699433164815168 0
0.07699433164815168 0
0.07699433164815168 0
0.07699433164815168 0
0.07699433164815168 0
0.07699433164815168 0
0.07699433164815168 0
0.07699433164815168 0
0.07699433164815168 0
0.07699433164815168 0
0.07699433164815168 1
--- Writing PR file rdn_models/seaquest/all/negpos_1_trees_10_depth_3_grounding_penalty_0.01_new/up/seed_42/train_infer/AUC/aucTemp.txt.pr ---
--- Writing standardized PR file rdn_models/seaquest/all/negpos_1_trees_10_depth_3_grounding_penalty_0.01_new/up/seed_42/train_infer/AUC/aucTemp.txt.spr ---
--- Writing ROC file rdn_models/seaquest/all/negpos_1_trees_10_depth_3_grounding_penalty_0.01_new/up/seed_42/train_infer/AUC/aucTemp.txt.roc ---
Area Under the Curve for Precision - Recall is 0.7586953129048418
Area Under the Curve for ROC is 0.7801213451396372

